TimeStep [s],Np,Nbound,Nfixed,Nmoving,Nfloat,Nfluid
157,1800,0,0,0,0,1800

Pos.x [m],Pos.y [m],Pos.z [m],Idp,Vel.x [m/s],Vel.y [m/s],Vel.z [m/s],Rhop [kg/m^3],Press [Pa],Type,
  3.0164832E+02,  0.0000000E+00,  2.5068649E+02,2999,  2.2383694E-01,  0.0000000E+00, -7.8432962E-02,  1.0017428E+03,  1.0416654E+05,3,
  3.0322278E+02,  0.0000000E+00,  2.5088382E+02,2996,  6.3419782E-02,  0.0000000E+00,  1.4527585E-01,  1.0008950E+03,  5.3355473E+04,3,
  3.0450021E+02,  0.0000000E+00,  2.5070821E+02,2941,  6.7979079E-01,  0.0000000E+00,  6.2789232E-02,  1.0013345E+03,  7.9663359E+04,3,
  3.0772510E+02,  0.0000000E+00,  2.5040115E+02,3009,  6.2740523E-01,  0.0000000E+00, -3.1297699E-02,  1.0024404E+03,  1.4616961E+05,3,
  3.0603064E+02,  0.0000000E+00,  2.5104565E+02,2950,  2.7588850E-01,  0.0000000E+00, -8.0752328E-02,  1.0007227E+03,  4.3060918E+04,3,
  3.0536563E+02,  0.0000000E+00,  2.5107516E+02,2931,  4.1409341E-01,  0.0000000E+00, -3.4732947E-03,  1.0006799E+03,  4.0509895E+04,3,
  3.0271289E+02,  0.0000000E+00,  2.5088776E+02,2804,  4.9838066E-01,  0.0000000E+00, -1.3134396E-01,  1.0008389E+03,  5.0006664E+04,3,
  3.0910587E+02,  0.0000000E+00,  2.5066437E+02,2910,  3.3884808E-01,  0.0000000E+00, -9.1181241E-02,  1.0018703E+03,  1.1183012E+05,3,
  3.1040253E+02,  0.0000000E+00,  2.5075906E+02,2937,  3.8289931E-01,  0.0000000E+00,  1.0512211E-02,  1.0015349E+03,  9.1680375E+04,3,
  3.1162720E+02,  0.0000000E+00,  2.5075186E+02,2963,  5.6547612E-01,  0.0000000E+00, -6.2522050E-03,  1.0014643E+03,  8.7447336E+04,3,
  3.1277206E+02,  0.0000000E+00,  2.5070964E+02,2981,  4.9944302E-01,  0.0000000E+00, -1.5964247E-02,  1.0014882E+03,  8.8878898E+04,3,
  3.1393649E+02,  0.0000000E+00,  2.5080200E+02,2960,  4.7709531E-01,  0.0000000E+00, -1.0352644E-02,  1.0011467E+03,  6.8413477E+04,3,
  3.1493707E+02,  0.0000000E+00,  2.5095076E+02,2849,  4.0255368E-01,  0.0000000E+00,  3.0128779E-02,  1.0008414E+03,  5.0152559E+04,3,
  3.1580423E+02,  0.0000000E+00,  2.5073016E+02,2952,  5.5812538E-01,  0.0000000E+00,  2.1351421E-02,  1.0012442E+03,  7.4254375E+04,3,
  3.1687381E+02,  0.0000000E+00,  2.5086218E+02,2814,  5.9913671E-01,  0.0000000E+00, -1.8975746E-02,  1.0010661E+03,  6.3591273E+04,3,
  3.1767477E+02,  0.0000000E+00,  2.5097661E+02,2596,  5.1034981E-01,  0.0000000E+00, -1.0058500E-01,  1.0009365E+03,  5.5840449E+04,3,
  3.1921393E+02,  0.0000000E+00,  2.5041295E+02,2919,  5.4335898E-01,  0.0000000E+00, -6.5923311E-02,  1.0025144E+03,  1.5063377E+05,3,
  3.2047226E+02,  0.0000000E+00,  2.5092305E+02,2953,  5.8945018E-01,  0.0000000E+00, -5.0026096E-02,  1.0013094E+03,  7.8163617E+04,3,
  3.2163455E+02,  0.0000000E+00,  2.5071233E+02,2942,  6.1299998E-01,  0.0000000E+00, -2.5289947E-02,  1.0015660E+03,  9.3552125E+04,3,
  3.2279178E+02,  0.0000000E+00,  2.5073346E+02,2915,  6.1948478E-01,  0.0000000E+00, -1.6268177E-02,  1.0013695E+03,  8.1763375E+04,3,
  3.2398981E+02,  0.0000000E+00,  2.5097394E+02,3016,  6.7055470E-01,  0.0000000E+00, -4.6959400E-02,  1.0007362E+03,  4.3870094E+04,3,
  3.2462955E+02,  0.0000000E+00,  2.5083223E+02,2979,  6.6356194E-01,  0.0000000E+00, -4.5262843E-02,  1.0009696E+03,  5.7818656E+04,3,
  3.2545636E+02,  0.0000000E+00,  2.5098544E+02,2850,  6.3226950E-01,  0.0000000E+00, -5.3515062E-02,  1.0007490E+03,  4.4635594E+04,3,
  3.2671729E+02,  0.0000000E+00,  2.5057053E+02,2832,  6.7959327E-01,  0.0000000E+00, -4.9840841E-02,  1.0016268E+03,  9.7201391E+04,3,
  3.2761548E+02,  0.0000000E+00,  2.5093071E+02,2723,  6.9946027E-01,  0.0000000E+00, -6.7056023E-02,  1.0010229E+03,  6.1009430E+04,3,
  3.2852844E+02,  0.0000000E+00,  2.5099736E+02,2569,  7.1508229E-01,  0.0000000E+00, -8.2117721E-02,  1.0009941E+03,  5.9286141E+04,3,
  3.3003226E+02,  0.0000000E+00,  2.5041904E+02,2856,  7.0761561E-01,  0.0000000E+00, -5.8918923E-02,  1.0025138E+03,  1.5059692E+05,3,
  3.3132251E+02,  0.0000000E+00,  2.5084648E+02,2784,  7.8892815E-01,  0.0000000E+00, -5.2461766E-02,  1.0016721E+03,  9.9917227E+04,3,
  3.3260428E+02,  0.0000000E+00,  2.5059483E+02,2883,  7.7469063E-01,  0.0000000E+00, -4.8907109E-02,  1.0020086E+03,  1.2014964E+05,3,
  3.3395126E+02,  0.0000000E+00,  2.5094144E+02,2918,  8.2322782E-01,  0.0000000E+00, -7.5586088E-02,  1.0012012E+03,  7.1680742E+04,3,
  3.3488586E+02,  0.0000000E+00,  2.5064308E+02,2909,  7.8097612E-01,  0.0000000E+00, -4.9682461E-02,  1.0016170E+03,  9.6611414E+04,3,
  3.3610995E+02,  0.0000000E+00,  2.5081584E+02,2542,  8.3658594E-01,  0.0000000E+00, -5.4020502E-02,  1.0011949E+03,  7.1304258E+04,3,
  3.3711932E+02,  0.0000000E+00,  2.5093565E+02,2924,  8.1739062E-01,  0.0000000E+00, -4.1169517E-02,  1.0009591E+03,  5.7190844E+04,3,
  3.3800848E+02,  0.0000000E+00,  2.5074911E+02,2879,  8.2267576E-01,  0.0000000E+00, -3.6551759E-02,  1.0012493E+03,  7.4561500E+04,3,
  3.3911230E+02,  0.0000000E+00,  2.5080061E+02,2908,  8.4614575E-01,  0.0000000E+00, -3.9523482E-02,  1.0011796E+03,  7.0383211E+04,3,
  3.3994693E+02,  0.0000000E+00,  2.5098843E+02,2787,  8.3634150E-01,  0.0000000E+00, -5.0455224E-02,  1.0009025E+03,  5.3807906E+04,3,
  3.4085941E+02,  0.0000000E+00,  2.5113354E+02,2881,  8.6147767E-01,  0.0000000E+00, -5.0053746E-02,  1.0008840E+03,  5.2698754E+04,3,
  3.4225317E+02,  0.0000000E+00,  2.5026068E+02,2811,  8.1931579E-01,  0.0000000E+00, -4.7517166E-02,  1.0028815E+03,  1.7281441E+05,3,
  3.4351422E+02,  0.0000000E+00,  2.5113060E+02,2846,  8.3511895E-01,  0.0000000E+00, -2.9452145E-02,  1.0010113E+03,  6.0312047E+04,3,
  3.4450620E+02,  0.0000000E+00,  2.5082080E+02,2872,  8.7392181E-01,  0.0000000E+00, -4.1719954E-02,  1.0012179E+03,  7.2678680E+04,3,
  3.4560013E+02,  0.0000000E+00,  2.5120396E+02,2851,  8.3439595E-01,  0.0000000E+00, -3.6636133E-02,  1.0006609E+03,  3.9373078E+04,3,
  3.4631653E+02,  0.0000000E+00,  2.5054279E+02,2497,  8.2665735E-01,  0.0000000E+00, -3.2623634E-02,  1.0016373E+03,  9.7828055E+04,3,
  3.4754517E+02,  0.0000000E+00,  2.5086684E+02,2845,  8.2683486E-01,  0.0000000E+00, -1.6597662E-02,  1.0011442E+03,  6.8267312E+04,3,
  3.4839713E+02,  0.0000000E+00,  2.5096579E+02,2606,  8.3288628E-01,  0.0000000E+00, -3.5787749E-03,  1.0010490E+03,  6.2565031E+04,3,
  3.4959509E+02,  0.0000000E+00,  2.5083110E+02,2828,  8.1951821E-01,  0.0000000E+00, -1.5556885E-02,  1.0014621E+03,  8.7315539E+04,3,
  3.5084488E+02,  0.0000000E+00,  2.5043271E+02,2721,  8.1682032E-01,  0.0000000E+00, -3.0994106E-02,  1.0023395E+03,  1.4008061E+05,3,
  3.5219116E+02,  0.0000000E+00,  2.5095735E+02,2819,  7.9484552E-01,  0.0000000E+00, -3.0714581E-02,  1.0011724E+03,  6.9955609E+04,3,
  3.5317883E+02,  0.0000000E+00,  2.5078456E+02,2772,  7.8136742E-01,  0.0000000E+00, -1.7173560E-02,  1.0012338E+03,  7.3632844E+04,3,
  3.5418021E+02,  0.0000000E+00,  2.5112192E+02,2862,  8.2260388E-01,  0.0000000E+00,  8.6438050E-03,  1.0006910E+03,  4.1173098E+04,3,
  3.5503406E+02,  0.0000000E+00,  2.5068248E+02,2809,  7.9882824E-01,  0.0000000E+00, -2.2804231E-04,  1.0013866E+03,  8.2787930E+04,3,
  3.5612799E+02,  0.0000000E+00,  2.5094145E+02,2725,  7.6477998E-01,  0.0000000E+00, -1.2691378E-02,  1.0011171E+03,  6.6645062E+04,3,
  3.5719775E+02,  0.0000000E+00,  2.5055496E+02,2774,  7.1315050E-01,  0.0000000E+00, -2.6922621E-02,  1.0017594E+03,  1.0516405E+05,3,
  3.5850952E+02,  0.0000000E+00,  2.5081250E+02,2762,  1.2006733E+00,  0.0000000E+00, -1.6734274E-01,  1.0009502E+03,  5.6657965E+04,3,
  3.5968219E+02,  0.0000000E+00,  2.5065199E+02,2579,  5.9237391E-01,  0.0000000E+00,  1.4120618E-01,  1.0010729E+03,  6.4000340E+04,3,
  3.6027469E+02,  0.0000000E+00,  2.5117934E+02,2816,  3.0214274E-01,  0.0000000E+00,  2.6612759E-01,  1.0008041E+03,  4.7924254E+04,3,
  3.6033673E+02,  0.0000000E+00,  2.5114784E+02,2696,  3.2192543E-01,  0.0000000E+00,  2.8230527E-01,  1.0008630E+03,  5.1443812E+04,3,
  3.8981503E+02,  0.0000000E+00,  2.5100072E+02,2748,  1.0931416E+00,  0.0000000E+00, -6.4278853E-01,  1.0014172E+03,  8.4621422E+04,3,
  3.9005331E+02,  0.0000000E+00,  2.5032861E+02,2712,  3.4984562E-01,  0.0000000E+00, -1.3946112E-01,  1.0021952E+03,  1.3138422E+05,3,
  3.9165884E+02,  0.0000000E+00,  2.5084618E+02,2756,  9.7010797E-01,  0.0000000E+00,  8.9569688E-02,  1.0010911E+03,  6.5085176E+04,3,
  3.9451846E+02,  0.0000000E+00,  2.5062976E+02,2718,  9.3274730E-01,  0.0000000E+00,  2.4447262E-02,  1.0014376E+03,  8.5843930E+04,3,
  3.9632947E+02,  0.0000000E+00,  2.5095798E+02,2716,  1.0682802E+00,  0.0000000E+00, -1.1216157E-01,  1.0010109E+03,  6.0290141E+04,3,
  3.9535284E+02,  0.0000000E+00,  2.5100273E+02,2782,  9.0892744E-01,  0.0000000E+00, -5.2816216E-02,  1.0009270E+03,  5.5271148E+04,3,
  3.9321255E+02,  0.0000000E+00,  2.5096518E+02,2642,  1.1813419E+00,  0.0000000E+00,  1.5494132E-01,  1.0009324E+03,  5.5592289E+04,3,
  3.9287585E+02,  0.0000000E+00,  2.5104840E+02,2724,  9.1891837E-01,  0.0000000E+00,  2.2881933E-01,  1.0008041E+03,  4.7924254E+04,3,
  3.9741211E+02,  0.0000000E+00,  2.5059250E+02,2737,  7.4981409E-01,  0.0000000E+00, -8.3027944E-02,  1.0015911E+03,  9.5054172E+04,3,
  3.9848407E+02,  0.0000000E+00,  2.5100548E+02,2791,  7.2985619E-01,  0.0000000E+00,  8.3413944E-02,  1.0009276E+03,  5.5307641E+04,3,
  3.9934720E+02,  0.0000000E+00,  2.5061740E+02,2634,  8.6556667E-01,  0.0000000E+00,  8.2149431E-02,  1.0014771E+03,  8.8216180E+04,3,
  4.0051541E+02,  0.0000000E+00,  2.5095848E+02,2479,  9.1375911E-01,  0.0000000E+00,  6.1012726E-02,  1.0008653E+03,  5.1582434E+04,3,
  4.0124197E+02,  0.0000000E+00,  2.5097711E+02,2788,  8.9913321E-01,  0.0000000E+00,  7.2430065E-03,  1.0008102E+03,  4.8288918E+04,3,
  4.0210876E+02,  0.0000000E+00,  2.5090376E+02,2734,  7.8983998E-01,  0.0000000E+00, -6.5629497E-02,  1.0009380E+03,  5.5931688E+04,3,
  4.0299213E+02,  0.0000000E+00,  2.5100412E+02,2717,  7.5768584E-01,  0.0000000E+00, -8.2008407E-02,  1.0010203E+03,  6.0848773E+04,3,
  4.0450211E+02,  0.0000000E+00,  2.5031793E+02,2685,  7.3264223E-01,  0.0000000E+00,  9.7864307E-03,  1.0027830E+03,  1.6685692E+05,3,
  4.0577765E+02,  0.0000000E+00,  2.5078067E+02,2703,  8.2814991E-01,  0.0000000E+00,  4.5140970E-02,  1.0017511E+03,  1.0466528E+05,3,
  4.0702866E+02,  0.0000000E+00,  2.5100137E+02,2598,  7.8876734E-01,  0.0000000E+00, -4.1160616E-03,  1.0010748E+03,  6.4109914E+04,3,
  4.0787283E+02,  0.0000000E+00,  2.5082318E+02,2710,  9.0999585E-01,  0.0000000E+00, -7.0157662E-02,  1.0010901E+03,  6.5026730E+04,3,
  4.0908478E+02,  0.0000000E+00,  2.5069495E+02,2626,  1.1080699E+00,  0.0000000E+00,  7.3219292E-02,  1.0009702E+03,  5.7855156E+04,3,
  4.0989136E+02,  0.0000000E+00,  2.5080142E+02,2507,  3.0703062E-01,  0.0000000E+00,  1.2716335E-01,  1.0010204E+03,  6.0856074E+04,3,
  4.1036118E+02,  0.0000000E+00,  2.5097124E+02,2617,  2.8140092E-01,  0.0000000E+00,  2.2635785E-01,  1.0011572E+03,  6.9045648E+04,3,
  6.6062061E+02,  0.0000000E+00,  2.5055458E+02,2422,  5.3982484E-01,  0.0000000E+00, -4.9316501E-03,  1.0016178E+03,  9.6659047E+04,3,
  6.6055634E+02,  0.0000000E+00,  2.5063776E+02,2310,  9.0453523E-01,  0.0000000E+00, -2.0571698E-01,  1.0015436E+03,  9.2207797E+04,3,
  6.6272467E+02,  0.0000000E+00,  2.5090318E+02,2292,  1.5229062E+00,  0.0000000E+00,  3.2176965E-01,  1.0013755E+03,  8.2125617E+04,3,
  6.6444122E+02,  0.0000000E+00,  2.5064365E+02,2441,  9.7203553E-01,  0.0000000E+00,  1.8994957E-02,  1.0016485E+03,  9.8502406E+04,3,
  6.6580292E+02,  0.0000000E+00,  2.5067455E+02,2334,  1.0009964E+00,  0.0000000E+00, -6.8769000E-02,  1.0016997E+03,  1.0157787E+05,3,
  6.6710370E+02,  0.0000000E+00,  2.5066904E+02,2318,  8.2000446E-01,  0.0000000E+00, -2.8288009E-02,  1.0015538E+03,  9.2819500E+04,3,
  6.6825305E+02,  0.0000000E+00,  2.5118561E+02,2421,  7.7524006E-01,  0.0000000E+00,  1.5504329E-01,  1.0007726E+03,  4.6046449E+04,3,
  6.6905713E+02,  0.0000000E+00,  2.5109918E+02,2346,  8.2692349E-01,  0.0000000E+00,  8.5429698E-02,  1.0008127E+03,  4.8442082E+04,3,
  6.6980609E+02,  0.0000000E+00,  2.5075305E+02,2385,  7.8055191E-01,  0.0000000E+00,  1.7750885E-02,  1.0011682E+03,  6.9703445E+04,3,
  6.7094550E+02,  0.0000000E+00,  2.5083221E+02,2228,  7.6163137E-01,  0.0000000E+00, -2.8898243E-02,  1.0011075E+03,  6.6067844E+04,3,
  6.7203094E+02,  0.0000000E+00,  2.5086931E+02,2414,  7.6692379E-01,  0.0000000E+00, -5.3484350E-02,  1.0009137E+03,  5.4475645E+04,3,
  6.7291687E+02,  0.0000000E+00,  2.5111476E+02,2338,  7.6011419E-01,  0.0000000E+00, -5.6580216E-02,  1.0005454E+03,  3.2482076E+04,3,
  6.7339813E+02,  0.0000000E+00,  2.5109634E+02,2397,  7.6801574E-01,  0.0000000E+00, -2.7107056E-02,  1.0006145E+03,  3.6604449E+04,3,
  6.7449329E+02,  0.0000000E+00,  2.5084706E+02,2328,  7.5156951E-01,  0.0000000E+00, -2.3796458E-02,  1.0010605E+03,  6.3255266E+04,3,
  6.7563489E+02,  0.0000000E+00,  2.5070790E+02,2251,  7.6976788E-01,  0.0000000E+00,  4.4049341E-03,  1.0014335E+03,  8.5602344E+04,3,
  6.7667889E+02,  0.0000000E+00,  2.5083188E+02,2202,  8.2003874E-01,  0.0000000E+00,  1.5854849E-02,  1.0013227E+03,  7.8957359E+04,3,
  6.7781635E+02,  0.0000000E+00,  2.5114363E+02,2377,  7.6776385E-01,  0.0000000E+00,  3.2140289E-02,  1.0009811E+03,  5.8508566E+04,3,
  6.7869104E+02,  0.0000000E+00,  2.5062546E+02,2375,  8.0683738E-01,  0.0000000E+00, -1.5010914E-02,  1.0013392E+03,  7.9945039E+04,3,
  6.7989868E+02,  0.0000000E+00,  2.5122079E+02,2331,  7.4537629E-01,  0.0000000E+00, -1.3599126E-02,  1.0004953E+03,  2.9493332E+04,3,
  6.8028424E+02,  0.0000000E+00,  2.5110547E+02,2218,  7.8291196E-01,  0.0000000E+00, -2.4575280E-02,  1.0005712E+03,  3.4022305E+04,3,
  6.8115137E+02,  0.0000000E+00,  2.5099496E+02,2240,  7.6966840E-01,  0.0000000E+00, -3.3536967E-02,  1.0008394E+03,  5.0035840E+04,3,
  6.8234076E+02,  0.0000000E+00,  2.5070216E+02,2319,  7.7185273E-01,  0.0000000E+00, -1.9071087E-02,  1.0015071E+03,  9.0014039E+04,3,
  6.8359222E+02,  0.0000000E+00,  2.5059827E+02,2360,  7.9161084E-01,  0.0000000E+00, -6.4759715E-03,  1.0017444E+03,  1.0426555E+05,3,
  6.8465881E+02,  0.0000000E+00,  2.5110362E+02,2291,  7.6370978E-01,  0.0000000E+00,  1.5616054E-02,  1.0010313E+03,  6.1509680E+04,3,
  6.8576941E+02,  0.0000000E+00,  2.5109718E+02,2204,  7.7376533E-01,  0.0000000E+00,  1.6184043E-02,  1.0008881E+03,  5.2946844E+04,3,
  6.8658228E+02,  0.0000000E+00,  2.5059413E+02,2329,  7.5691211E-01,  0.0000000E+00,  8.5875439E-03,  1.0014047E+03,  8.3874812E+04,3,
  6.8831299E+02,  0.0000000E+00,  2.5116441E+02,2241,  7.7520883E-01,  0.0000000E+00,  5.4879431E-03,  1.0006937E+03,  4.1329797E+04,3,
  6.8932208E+02,  0.0000000E+00,  2.5049294E+02,2282,  7.3919386E-01,  0.0000000E+00, -2.0127587E-02,  1.0016638E+03,  9.9418719E+04,3,
  6.9046912E+02,  0.0000000E+00,  2.5105518E+02,2230,  7.2644210E-01,  0.0000000E+00, -7.8620566E-03,  1.0008468E+03,  5.0477180E+04,3,
  6.9142578E+02,  0.0000000E+00,  2.5112202E+02,2239,  6.9472802E-01,  0.0000000E+00,  1.5885355E-02,  1.0006889E+03,  4.1045555E+04,3,
  6.9216052E+02,  0.0000000E+00,  2.5082745E+02,2201,  7.2721440E-01,  0.0000000E+00, -4.4326927E-03,  1.0009712E+03,  5.7913562E+04,3,
  6.9318683E+02,  0.0000000E+00,  2.5086044E+02,2349,  7.3645890E-01,  0.0000000E+00, -1.4377781E-02,  1.0009128E+03,  5.4424559E+04,3,
  6.9408350E+02,  0.0000000E+00,  2.5095123E+02,2222,  7.4111807E-01,  0.0000000E+00, -1.7638357E-02,  1.0007484E+03,  4.4595492E+04,3,
  6.9494421E+02,  0.0000000E+00,  2.5102449E+02,2278,  6.9743973E-01,  0.0000000E+00, -2.9942440E-02,  1.0006832E+03,  4.0703020E+04,3,
  6.9572614E+02,  0.0000000E+00,  2.5130228E+02,2303,  6.7082316E-01,  0.0000000E+00, -4.0032562E-02,  1.0005720E+03,  3.4069641E+04,3,
  6.9677307E+02,  0.0000000E+00,  2.5058623E+02,2361,  6.6327757E-01,  0.0000000E+00, -2.6517609E-02,  1.0016746E+03,  1.0006752E+05,3,
  6.9808478E+02,  0.0000000E+00,  2.5059357E+02,2324,  1.0095850E+00,  0.0000000E+00, -8.7598264E-02,  1.0015047E+03,  8.9871227E+04,3,
  6.9960028E+02,  0.0000000E+00,  2.5124223E+02,2295,  6.4163953E-01,  0.0000000E+00,  1.5772657E-01,  1.0004095E+03,  2.4380695E+04,3,
  7.0004907E+02,  0.0000000E+00,  2.5134048E+02,2209,  5.3621757E-01,  0.0000000E+00,  2.6529071E-01,  1.0004786E+03,  2.8499711E+04,3,
  7.0021741E+02,  0.0000000E+00,  2.5072859E+02,2236, -2.2664085E-02,  0.0000000E+00,  1.8152535E-02,  1.0010704E+03,  6.3850590E+04,3,
  7.2037006E+02,  0.0000000E+00,  2.5040617E+02,2262,  1.3332340E-01,  0.0000000E+00,  6.5451851E-03,  1.0015703E+03,  9.3804891E+04,3,
  7.1990082E+02,  0.0000000E+00,  2.5091821E+02,2275,  5.3624219E-01,  0.0000000E+00, -2.0148759E-01,  1.0010601E+03,  6.3229703E+04,3,
  7.2154669E+02,  0.0000000E+00,  2.5135471E+02,2247,  1.0658724E+00,  0.0000000E+00,  4.5866344E-02,  1.0003202E+03,  1.9056162E+04,3,
  7.2330090E+02,  0.0000000E+00,  2.5048840E+02,2173,  5.3167725E-01,  0.0000000E+00, -7.3875830E-02,  1.0016520E+03,  9.8711320E+04,3,
  7.2441028E+02,  0.0000000E+00,  2.5114243E+02,2243,  5.6512809E-01,  0.0000000E+00, -8.0070615E-02,  1.0006716E+03,  4.0010699E+04,3,
  7.2521838E+02,  0.0000000E+00,  2.5078020E+02,2168,  7.3905200E-01,  0.0000000E+00, -2.5437772E-02,  1.0010338E+03,  6.1655742E+04,3,
  7.2626709E+02,  0.0000000E+00,  2.5101370E+02,2233,  9.1751391E-01,  0.0000000E+00, -6.5193981E-02,  1.0006719E+03,  4.0028918E+04,3,
  7.2719800E+02,  0.0000000E+00,  2.5094150E+02,2146,  7.7535129E-01,  0.0000000E+00, -8.8087991E-02,  1.0007365E+03,  4.3884676E+04,3,
  7.2781323E+02,  0.0000000E+00,  2.5126932E+02,2150,  7.0242244E-01,  0.0000000E+00, -1.7079878E-01,  1.0004682E+03,  2.7877383E+04,3,
  7.2889679E+02,  0.0000000E+00,  2.5083714E+02,2294,  7.2518355E-01,  0.0000000E+00,  1.1169541E-02,  1.0011566E+03,  6.9009102E+04,3,
  7.2998688E+02,  0.0000000E+00,  2.5051332E+02,2289,  9.5349985E-01,  0.0000000E+00,  1.0562688E-01,  1.0017513E+03,  1.0467628E+05,3,
  7.3118207E+02,  0.0000000E+00,  2.5118456E+02,2138,  1.0116824E+00,  0.0000000E+00, -3.9224137E-02,  1.0007206E+03,  4.2940641E+04,3,
  7.3214496E+02,  0.0000000E+00,  2.5106662E+02,2210,  9.9288416E-01,  0.0000000E+00, -4.0758692E-02,  1.0006297E+03,  3.7511453E+04,3,
  7.3280768E+02,  0.0000000E+00,  2.5085802E+02,2180,  9.8260909E-01,  0.0000000E+00, -5.7686907E-03,  1.0008019E+03,  4.7792980E+04,3,
  7.3357361E+02,  0.0000000E+00,  2.5113016E+02,2216,  9.6082222E-01,  0.0000000E+00,  2.1331743E-03,  1.0004467E+03,  2.6592816E+04,3,
  7.3444250E+02,  0.0000000E+00,  2.5095010E+02,2195,  1.0302176E+00,  0.0000000E+00,  8.3935060E-02,  1.0006813E+03,  4.0593703E+04,3,
  7.3489276E+02,  0.0000000E+00,  2.5112051E+02,2203,  1.0120611E+00,  0.0000000E+00,  1.0354672E-01,  1.0005652E+03,  3.3661805E+04,3,
  7.3646619E+02,  0.0000000E+00,  2.5054979E+02,2144,  9.3341905E-01,  0.0000000E+00,  3.4198042E-02,  1.0017244E+03,  1.0305912E+05,3,
  7.3737439E+02,  0.0000000E+00,  2.5099271E+02,2176,  9.3148130E-01,  0.0000000E+00, -8.8750627E-03,  1.0011107E+03,  6.6257805E+04,3,
  7.3868292E+02,  0.0000000E+00,  2.5062616E+02,2117,  1.4968944E+00,  0.0000000E+00, -6.0380157E-02,  1.0010959E+03,  6.5377406E+04,3,
  7.3988379E+02,  0.0000000E+00,  2.5101984E+02,2224,  5.8157241E-01,  0.0000000E+00,  3.1540790E-01,  1.0006392E+03,  3.8076098E+04,3,
  7.4029553E+02,  0.0000000E+00,  2.5107233E+02,2194,  3.1766808E-01,  0.0000000E+00,  3.4912905E-01,  1.0007932E+03,  4.7271539E+04,3,
  7.8273254E+02,  0.0000000E+00,  2.5087543E+02,2163,  1.3831534E+00,  0.0000000E+00,  1.8701272E-01,  1.0010738E+03,  6.4051473E+04,3,
  7.8091486E+02,  0.0000000E+00,  2.5060986E+02,2174,  6.6758060E-01,  0.0000000E+00, -1.3809254E-03,  1.0011613E+03,  6.9290484E+04,3,
  7.8037396E+02,  0.0000000E+00,  2.5074649E+02,2177,  3.3563000E-01,  0.0000000E+00, -1.2940288E-01,  1.0009318E+03,  5.5555797E+04,3,
  7.7980072E+02,  0.0000000E+00,  2.5108614E+02,2184,  5.8027190E-01,  0.0000000E+00, -3.0528811E-01,  1.0006423E+03,  3.8265531E+04,3,
  7.8386157E+02,  0.0000000E+00,  2.5087361E+02,2125,  6.4595252E-01,  0.0000000E+00,  1.5332536E-02,  1.0008929E+03,  5.3235074E+04,3,
  7.8458636E+02,  0.0000000E+00,  2.5112653E+02,2111,  7.3560661E-01,  0.0000000E+00, -1.4809960E-02,  1.0005604E+03,  3.3377781E+04,3,
  7.8550653E+02,  0.0000000E+00,  2.5120650E+02,2124,  7.9717213E-01,  0.0000000E+00,  6.2625557E-03,  1.0005298E+03,  3.1550045E+04,3,
  7.8662579E+02,  0.0000000E+00,  2.5040356E+02,2244,  9.4860262E-01,  0.0000000E+00,  1.4011794E-02,  1.0017860E+03,  1.0676320E+05,3,
  7.8940851E+02,  0.0000000E+00,  2.5058116E+02,2190,  8.3194834E-01,  0.0000000E+00, -1.5991075E-03,  1.0014061E+03,  8.3958984E+04,3,
  7.8806787E+02,  0.0000000E+00,  2.5127179E+02,2113,  8.5198629E-01,  0.0000000E+00,  1.5061512E-02,  1.0004186E+03,  2.4919127E+04,3,
  7.9073700E+02,  0.0000000E+00,  2.5070236E+02,2116,  7.9286051E-01,  0.0000000E+00, -5.0975177E-03,  1.0012201E+03,  7.2810281E+04,3,
  7.9190149E+02,  0.0000000E+00,  2.5105545E+02,2123,  7.9386967E-01,  0.0000000E+00,  9.4544571E-03,  1.0005677E+03,  3.3811098E+04,3,
  7.9274304E+02,  0.0000000E+00,  2.5094055E+02,2122,  7.8493571E-01,  0.0000000E+00,  2.3174662E-02,  1.0006567E+03,  3.9125324E+04,3,
  7.9368799E+02,  0.0000000E+00,  2.5091838E+02,2121,  7.8386426E-01,  0.0000000E+00,  2.7015310E-02,  1.0006732E+03,  4.0105434E+04,3,
  7.9448419E+02,  0.0000000E+00,  2.5099117E+02,2133,  8.2360446E-01,  0.0000000E+00,  2.6831405E-02,  1.0006074E+03,  3.6181934E+04,3,
  7.9566522E+02,  0.0000000E+00,  2.5078627E+02,2105,  8.1022751E-01,  0.0000000E+00,  3.0725650E-04,  1.0009415E+03,  5.6139711E+04,3,
  7.9635223E+02,  0.0000000E+00,  2.5114159E+02,2135,  8.0188543E-01,  0.0000000E+00, -6.1041247E-03,  1.0005319E+03,  3.1677467E+04,3,
  7.9759326E+02,  0.0000000E+00,  2.5071805E+02,2149,  7.6768363E-01,  0.0000000E+00, -3.1947885E-02,  1.0011638E+03,  6.9436664E+04,3,
  7.9868311E+02,  0.0000000E+00,  2.5091931E+02,2159,  7.4468523E-01,  0.0000000E+00, -1.4761057E-02,  1.0008398E+03,  5.0061371E+04,3,
  7.9970599E+02,  0.0000000E+00,  2.5085683E+02,2118,  7.2920048E-01,  0.0000000E+00, -1.0856326E-02,  1.0008613E+03,  5.1341676E+04,3,
  8.0073035E+02,  0.0000000E+00,  2.5083678E+02,2076,  7.2719944E-01,  0.0000000E+00, -1.5535662E-02,  1.0008272E+03,  4.9306398E+04,3,
  8.0167334E+02,  0.0000000E+00,  2.5120815E+02,2093,  6.9373488E-01,  0.0000000E+00,  3.9462361E-04,  1.0002238E+03,  1.3316573E+04,3,
  8.0264618E+02,  0.0000000E+00,  2.5081268E+02,2131,  6.9131476E-01,  0.0000000E+00, -2.0498510E-02,  1.0007731E+03,  4.6071969E+04,3,
  8.0290479E+02,  0.0000000E+00,  2.5108968E+02,2090,  6.8219578E-01,  0.0000000E+00, -1.3303922E-02,  1.0004579E+03,  2.7262371E+04,3,
  8.0423785E+02,  0.0000000E+00,  2.5091832E+02,2084,  6.5134221E-01,  0.0000000E+00, -1.4907448E-02,  1.0007819E+03,  4.6596992E+04,3,
  8.0552289E+02,  0.0000000E+00,  2.5064563E+02,2129,  6.7670703E-01,  0.0000000E+00,  1.2596802E-02,  1.0013287E+03,  7.9319500E+04,3,
  8.0650092E+02,  0.0000000E+00,  2.5112289E+02,2199,  7.0789814E-01,  0.0000000E+00,  1.1598917E-02,  1.0007113E+03,  4.2383012E+04,3,
  8.0757697E+02,  0.0000000E+00,  2.5067426E+02,2089,  7.1806914E-01,  0.0000000E+00,  4.0063630E-03,  1.0012994E+03,  7.7563781E+04,3,
  8.0890472E+02,  0.0000000E+00,  2.5102843E+02,2136,  6.8682498E-01,  0.0000000E+00,  1.4043539E-02,  1.0006943E+03,  4.1369883E+04,3,
  8.0972900E+02,  0.0000000E+00,  2.5080127E+02,2072,  6.7298895E-01,  0.0000000E+00,  2.3870852E-02,  1.0008951E+03,  5.3366418E+04,3,
  8.1089185E+02,  0.0000000E+00,  2.5100349E+02,2103,  7.4724573E-01,  0.0000000E+00, -8.9925705E-03,  1.0005545E+03,  3.3024586E+04,3,
  8.1153638E+02,  0.0000000E+00,  2.5105696E+02,2104,  7.4521363E-01,  0.0000000E+00, -4.5282312E-02,  1.0004881E+03,  2.9063842E+04,3,
  8.1233435E+02,  0.0000000E+00,  2.5103363E+02,2134,  7.6163924E-01,  0.0000000E+00, -7.9278603E-02,  1.0006011E+03,  3.5803148E+04,3,
  8.1368945E+02,  0.0000000E+00,  2.5059689E+02,2083,  7.4196774E-01,  0.0000000E+00, -6.1432712E-02,  1.0014271E+03,  8.5218016E+04,3,
  8.1487299E+02,  0.0000000E+00,  2.5089780E+02,2115,  6.0154891E-01,  0.0000000E+00,  5.2853856E-02,  1.0010485E+03,  6.2535812E+04,3,
  8.1610535E+02,  0.0000000E+00,  2.5086273E+02,2059,  5.9131277E-01,  0.0000000E+00,  8.6834803E-02,  1.0009195E+03,  5.4822301E+04,3,
  8.1698541E+02,  0.0000000E+00,  2.5119170E+02,2096,  9.3377960E-01,  0.0000000E+00, -1.4203694E-01,  1.0006288E+03,  3.7460453E+04,3,
  8.1770325E+02,  0.0000000E+00,  2.5092029E+02,2099,  9.9224806E-01,  0.0000000E+00, -2.2871384E-01,  1.0007649E+03,  4.5583434E+04,3,
  8.1935089E+02,  0.0000000E+00,  2.5043571E+02,2073,  1.1444077E+00,  0.0000000E+00,  7.7515714E-02,  1.0012012E+03,  7.1680742E+04,3,
  8.1974658E+02,  0.0000000E+00,  2.5120576E+02,2085, -2.4030547E-01,  0.0000000E+00, -1.8249738E-01,  1.0005934E+03,  3.5344250E+04,3,
  1.9269798E+02,  0.0000000E+00,  2.5606870E+02,3296, -1.3698516E+00,  0.0000000E+00, -4.5473284E-01,  1.0012588E+03,  7.5128242E+04,3,
  1.9312617E+02,  0.0000000E+00,  2.5675616E+02,3120,  1.9116936E+00,  0.0000000E+00, -3.6251816E-01,  1.0047437E+03,  2.8609725E+05,3,
  1.9166472E+02,  0.0000000E+00,  2.5764804E+02,2911,  1.6203852E+00,  0.0000000E+00, -3.4661803E+00,  9.9675000E+02, -1.9136442E+05,3,
  1.9510687E+02,  0.0000000E+00,  2.5671881E+02,3166,  4.6243548E+00,  0.0000000E+00,  6.5019047E-01,  9.9780127E+02, -1.2987281E+05,3,
  1.9601367E+02,  0.0000000E+00,  2.5643677E+02,2902,  4.4218130E+00,  0.0000000E+00,  9.6670812E-01,  9.9818707E+02, -1.0720843E+05,3,
  1.9748546E+02,  0.0000000E+00,  2.5774258E+02,3183,  2.5059431E+00,  0.0000000E+00,  4.8329929E-01,  9.9911920E+02, -5.2232277E+04,3,
  1.9619136E+02,  0.0000000E+00,  2.5725476E+02,3211,  1.9016198E+00,  0.0000000E+00,  7.2074449E-01,  1.0028655E+03,  1.7184709E+05,3,
  1.9786708E+02,  0.0000000E+00,  2.5786063E+02,3020,  3.8974168E+00,  0.0000000E+00, -8.3527833E-01,  9.9984967E+02, -8.9342578E+03,3,
  1.9932925E+02,  0.0000000E+00,  2.5681842E+02,3267,  1.3326082E+00,  0.0000000E+00, -7.3372239E-01,  1.0024908E+03,  1.4921180E+05,3,
  2.0056834E+02,  0.0000000E+00,  2.5651031E+02,3278,  1.1400948E+00,  0.0000000E+00,  4.2197779E-01,  1.0035115E+03,  2.1100111E+05,3,
  2.0175058E+02,  0.0000000E+00,  2.5668323E+02,3286,  3.5597916E+00,  0.0000000E+00, -7.0651554E-02,  9.9979309E+02, -1.2294761E+04,3,
  2.0305791E+02,  0.0000000E+00,  2.5695468E+02,3259,  1.5495919E+00,  0.0000000E+00, -5.4649127E-01,  1.0000338E+03,  2.0106837E+03,3,
  2.0558841E+02,  0.0000000E+00,  2.5719354E+02,3258,  1.6209055E+00,  0.0000000E+00, -1.1109335E+00,  9.9786957E+02, -1.2586439E+05,3,
  2.0446414E+02,  0.0000000E+00,  2.5779910E+02,3268,  9.2058146E-01,  0.0000000E+00,  2.2043340E-01,  1.0019998E+03,  1.1961708E+05,3,
  2.0591283E+02,  0.0000000E+00,  2.5700095E+02,3277,  1.6931092E+00,  0.0000000E+00,  5.8541310E-01,  1.0035576E+03,  2.1379966E+05,3,
  2.0720985E+02,  0.0000000E+00,  2.5681927E+02,3249,  2.2623549E+00,  0.0000000E+00,  3.6181789E-02,  1.0010276E+03,  6.1286938E+04,3,
  2.0858365E+02,  0.0000000E+00,  2.5782141E+02,3092,  2.4870217E+00,  0.0000000E+00,  1.3155976E-02,  1.0022772E+03,  1.3632744E+05,3,
  2.0910698E+02,  0.0000000E+00,  2.5682840E+02,3084,  1.3226634E+00,  0.0000000E+00,  1.0817783E-01,  9.9875427E+02, -7.3792164E+04,3,
  2.1132397E+02,  0.0000000E+00,  2.5706546E+02,3175,  1.4098804E+00,  0.0000000E+00, -1.1317774E-01,  9.9453436E+02, -3.1969522E+05,3,
  2.1093660E+02,  0.0000000E+00,  2.5691541E+02,3048,  2.2140100E+00,  0.0000000E+00, -2.2467969E-01,  1.0025099E+03,  1.5036483E+05,3,
  2.1308865E+02,  0.0000000E+00,  2.5690710E+02,3269,  2.7609558E+00,  0.0000000E+00,  6.9735646E-01,  1.0013792E+03,  8.2341508E+04,3,
  2.1117271E+02,  0.0000000E+00,  2.5726498E+02,3212,  1.0888947E+00,  0.0000000E+00, -4.5104641E-01,  1.0041454E+03,  2.4956259E+05,3,
  2.1481973E+02,  0.0000000E+00,  2.5707019E+02,3056,  2.2781415E+00,  0.0000000E+00,  6.6838336E-01,  1.0002980E+03,  1.7736381E+04,3,
  2.1555093E+02,  0.0000000E+00,  2.5745062E+02,3222,  1.6444089E+00,  0.0000000E+00,  8.6247838E-01,  9.9397443E+02, -3.5185656E+05,3,
  2.1681802E+02,  0.0000000E+00,  2.5673959E+02,2875,  3.0118372E+00,  0.0000000E+00, -2.4541391E-01,  1.0022220E+03,  1.3300227E+05,3,
  2.1945462E+02,  0.0000000E+00,  2.5593703E+02,3066,  1.2802832E+00,  0.0000000E+00, -1.5449704E+00,  1.0011180E+03,  6.6699867E+04,3,
  2.2012228E+02,  0.0000000E+00,  2.5455940E+02,3144,  3.7952042E-01,  0.0000000E+00, -8.9811075E-01,  1.0014836E+03,  8.8604281E+04,3,
  2.1960898E+02,  0.0000000E+00,  2.5658542E+02,3111,  1.0268729E+00,  0.0000000E+00, -3.2588953E-01,  9.9933496E+02, -3.9463051E+04,3,
  2.1626509E+02,  0.0000000E+00,  2.5797287E+02,2884,  1.6435841E+00,  0.0000000E+00,  1.0406734E+00,  1.0015192E+03,  9.0742797E+04,3,
  2.1845142E+02,  0.0000000E+00,  2.5753351E+02,3261,  2.0716972E+00,  0.0000000E+00, -4.7160524E-01,  9.9948749E+02, -3.0426109E+04,3,
  2.2128987E+02,  0.0000000E+00,  2.5654126E+02,3230,  2.4740756E+00,  0.0000000E+00, -1.1929460E+00,  1.0001305E+03,  7.7618936E+03,3,
  2.2133444E+02,  0.0000000E+00,  2.5473074E+02,3239,  7.1376830E-01,  0.0000000E+00, -1.0266109E+00,  1.0009457E+03,  5.6387883E+04,3,
  2.2256252E+02,  0.0000000E+00,  2.5758160E+02,3260,  1.8209229E+00,  0.0000000E+00, -5.7490057E-01,  9.9992432E+02, -4.4989692E+03,3,
  2.2358049E+02,  0.0000000E+00,  2.5790247E+02,2866,  1.4275577E+00,  0.0000000E+00, -6.4487189E-01,  9.9998810E+02, -7.0763458E+02,3,
  2.2292908E+02,  0.0000000E+00,  2.5447459E+02,3252,  4.6404484E-01,  0.0000000E+00, -9.0263218E-01,  1.0019589E+03,  1.1715661E+05,3,
  2.2531078E+02,  0.0000000E+00,  2.5523808E+02,3139,  1.0206914E+00,  0.0000000E+00, -1.5278558E-01,  1.0004240E+03,  2.5239289E+04,3,
  2.2425354E+02,  0.0000000E+00,  2.5484624E+02,2848,  7.7165252E-01,  0.0000000E+00, -3.4933174E-01,  1.0008871E+03,  5.2888469E+04,3,
  2.2606360E+02,  0.0000000E+00,  2.5457532E+02,3232,  1.3082780E+00,  0.0000000E+00, -9.3421331E-03,  1.0013891E+03,  8.2937969E+04,3,
  2.2694685E+02,  0.0000000E+00,  2.5718457E+02,3177,  2.0283930E+00,  0.0000000E+00, -8.8862211E-01,  9.9999780E+02, -1.3064403E+02,3,
  2.2537126E+02,  0.0000000E+00,  2.5781558E+02,3250,  1.9240068E+00,  0.0000000E+00, -7.9977208E-01,  9.9999664E+02, -1.9959436E+02,3,
  2.2783438E+02,  0.0000000E+00,  2.5469560E+02,3231,  1.8226693E+00,  0.0000000E+00, -3.7506515E-01,  1.0014621E+03,  8.7315539E+04,3,
  2.2816852E+02,  0.0000000E+00,  2.5743457E+02,3102,  1.9042460E+00,  0.0000000E+00, -7.8360128E-01,  1.0000893E+03,  5.3106860E+03,3,
  2.2921793E+02,  0.0000000E+00,  2.5487202E+02,3251,  1.4019030E+00,  0.0000000E+00, -7.7715832E-01,  1.0011598E+03,  6.9199125E+04,3,
  2.3167804E+02,  0.0000000E+00,  2.5805844E+02,3148,  2.1363819E+00,  0.0000000E+00, -1.4147794E-01,  9.9994714E+02, -3.1422373E+03,3,
  2.3019273E+02,  0.0000000E+00,  2.5537801E+02,3213,  1.5364267E+00,  0.0000000E+00, -7.0425159E-01,  1.0006010E+03,  3.5795863E+04,3,
  2.3264645E+02,  0.0000000E+00,  2.5793362E+02,3195,  1.9360718E+00,  0.0000000E+00,  2.6412962E-02,  9.9995618E+02, -2.6052974E+03,3,
  2.3133212E+02,  0.0000000E+00,  2.5446463E+02,3242,  1.2217511E+00,  0.0000000E+00, -5.2311599E-01,  1.0016455E+03,  9.8322820E+04,3,
  2.3377811E+02,  0.0000000E+00,  2.5810022E+02,3203,  1.7104890E+00,  0.0000000E+00, -3.3044364E-02,  1.0001034E+03,  6.1494756E+03,3,
  2.3258418E+02,  0.0000000E+00,  2.5517690E+02,2830,  1.3642970E+00,  0.0000000E+00, -2.2086023E-01,  1.0004799E+03,  2.8572500E+04,3,
  2.3364883E+02,  0.0000000E+00,  2.5465555E+02,3214,  1.5382982E+00,  0.0000000E+00, -2.0781936E-01,  1.0013662E+03,  8.1565797E+04,3,
  2.3049211E+02,  0.0000000E+00,  2.5786523E+02,3221,  2.2907357E+00,  0.0000000E+00, -3.6147818E-01,  9.9987909E+02, -7.1864912E+03,3,
  2.2929536E+02,  0.0000000E+00,  2.5803235E+02,3240,  2.0606594E+00,  0.0000000E+00, -6.7568094E-01,  1.0000403E+03,  2.3954458E+03,3,
  2.3504359E+02,  0.0000000E+00,  2.5561185E+02,3185,  1.4778124E+00,  0.0000000E+00, -9.8098479E-02,  1.0003949E+03,  2.3507625E+04,3,
  2.3605354E+02,  0.0000000E+00,  2.5786328E+02,3157,  1.9466701E+00,  0.0000000E+00, -2.9230824E-01,  1.0001267E+03,  7.5367202E+03,3,
  2.3568655E+02,  0.0000000E+00,  2.5462537E+02,3215,  1.2965436E+00,  0.0000000E+00, -1.4179005E-01,  1.0012592E+03,  7.5153844E+04,3,
  2.3830626E+02,  0.0000000E+00,  2.5785571E+02,3204,  1.9873465E+00,  0.0000000E+00, -3.6500004E-01,  1.0000306E+03,  1.8183082E+03,3,
  2.3717894E+02,  0.0000000E+00,  2.5485252E+02,2821,  1.3976965E+00,  0.0000000E+00, -1.3016666E-01,  1.0008861E+03,  5.2826449E+04,3,
  2.3826474E+02,  0.0000000E+00,  2.5500981E+02,3186,  1.4874867E+00,  0.0000000E+00, -1.3384490E-01,  1.0006761E+03,  4.0283977E+04,3,
  2.3912131E+02,  0.0000000E+00,  2.5503656E+02,3176,  1.5846606E+00,  0.0000000E+00, -9.0281084E-02,  1.0005471E+03,  3.2584021E+04,3,
  2.4016252E+02,  0.0000000E+00,  2.5489926E+02,2975,  1.5430938E+00,  0.0000000E+00, -2.7473448E-02,  1.0007518E+03,  4.4799637E+04,3,
  2.3708936E+02,  0.0000000E+00,  2.5818661E+02,2857,  2.0508788E+00,  0.0000000E+00, -3.6102226E-01,  1.0000899E+03,  5.3469956E+03,3,
  2.4118349E+02,  0.0000000E+00,  2.5498990E+02,3030,  1.5536609E+00,  0.0000000E+00,  1.0507497E-01,  1.0007230E+03,  4.3079145E+04,3,
  2.4155229E+02,  0.0000000E+00,  2.5811807E+02,2957,  2.5104015E+00,  0.0000000E+00,  1.2768397E-01,  1.0001204E+03,  7.1590215E+03,3,
  2.4269112E+02,  0.0000000E+00,  2.5818280E+02,3194,  2.4103453E+00,  0.0000000E+00,  6.3069940E-01,  1.0001234E+03,  7.3369741E+03,3,
  2.4362514E+02,  0.0000000E+00,  2.5804550E+02,2966,  2.2120955E+00,  0.0000000E+00,  8.8078535E-01,  1.0000758E+03,  4.5082739E+03,3,
  2.4243294E+02,  0.0000000E+00,  2.5466605E+02,3206,  1.5023350E+00,  0.0000000E+00,  9.3591698E-02,  1.0011157E+03,  6.6561031E+04,3,
  2.4476295E+02,  0.0000000E+00,  2.5787906E+02,3130,  1.9227736E+00,  0.0000000E+00,  9.0989965E-01,  1.0000477E+03,  2.8383040E+03,3,
  2.4592761E+02,  0.0000000E+00,  2.5818301E+02,3224,  1.7898866E+00,  0.0000000E+00,  8.2475716E-01,  1.0000958E+03,  5.6955762E+03,3,
  2.4727083E+02,  0.0000000E+00,  2.5789835E+02,3223,  1.6222880E+00,  0.0000000E+00,  6.7459136E-01,  1.0001271E+03,  7.5621426E+03,3,
  2.4363364E+02,  0.0000000E+00,  2.5487115E+02,2803,  1.2859285E+00,  0.0000000E+00,  1.3468096E-01,  1.0009482E+03,  5.6537523E+04,3,
  2.4467546E+02,  0.0000000E+00,  2.5508150E+02,2948,  1.2568240E+00,  0.0000000E+00,  1.3123302E-01,  1.0007245E+03,  4.3173910E+04,3,
  2.4579643E+02,  0.0000000E+00,  2.5520572E+02,3149,  1.1560901E+00,  0.0000000E+00,  5.2972522E-02,  1.0005678E+03,  3.3818383E+04,3,
  2.4686853E+02,  0.0000000E+00,  2.5500426E+02,3085,  1.0335473E+00,  0.0000000E+00, -1.4323229E-01,  1.0007641E+03,  4.5536039E+04,3,
  2.4799123E+02,  0.0000000E+00,  2.5447432E+02,3049,  7.0840657E-01,  0.0000000E+00, -3.3763707E-01,  1.0009210E+03,  5.4913527E+04,3,
  2.4862326E+02,  0.0000000E+00,  2.5721671E+02,3057,  1.1736802E+00,  0.0000000E+00,  4.5414719E-01,  1.0001509E+03,  8.9786436E+03,3,
  2.4967479E+02,  0.0000000E+00,  2.5748184E+02,3205,  9.6961987E-01,  0.0000000E+00,  3.5730857E-01,  1.0002490E+03,  1.4817487E+04,3,
  2.5058470E+02,  0.0000000E+00,  2.5693796E+02,3094,  8.7707722E-01,  0.0000000E+00,  1.0065883E-01,  1.0003101E+03,  1.8452604E+04,3,
  2.4915822E+02,  0.0000000E+00,  2.5391391E+02,3103,  4.7566691E-01,  0.0000000E+00, -3.2151705E-01,  1.0007501E+03,  4.4697562E+04,3,
  2.5156015E+02,  0.0000000E+00,  2.5687823E+02,2839,  9.3726903E-01,  0.0000000E+00,  9.9760830E-02,  1.0003493E+03,  2.0790686E+04,3,
  2.5260869E+02,  0.0000000E+00,  2.5656155E+02,3093,  9.1992337E-01,  0.0000000E+00,  1.5681782E-01,  1.0004163E+03,  2.4780879E+04,3,
  2.4988777E+02,  0.0000000E+00,  2.5292467E+02,3179,  2.4176699E-01,  0.0000000E+00, -2.1124762E-01,  1.0010854E+03,  6.4749121E+04,3,
  2.5137181E+02,  0.0000000E+00,  2.5303299E+02,2984,  5.0588101E-01,  0.0000000E+00,  8.0479927E-02,  1.0007866E+03,  4.6877746E+04,3,
  2.5283330E+02,  0.0000000E+00,  2.5322176E+02,2794,  3.5405394E-01,  0.0000000E+00,  9.8114893E-02,  1.0008358E+03,  4.9820652E+04,3,
  2.5038683E+02,  0.0000000E+00,  2.5254881E+02,3171,  1.8240657E-01,  0.0000000E+00, -1.4324655E-01,  1.0013891E+03,  8.2937969E+04,3,
  2.5365128E+02,  0.0000000E+00,  2.5252414E+02,3161,  2.7209240E-01,  0.0000000E+00, -4.5313053E-02,  1.0018750E+03,  1.1211270E+05,3,
  2.5361542E+02,  0.0000000E+00,  2.5666446E+02,3075,  8.7057894E-01,  0.0000000E+00,  3.6424533E-01,  1.0003355E+03,  1.9968840E+04,3,
  2.5460886E+02,  0.0000000E+00,  2.5645911E+02,3112,  8.1985319E-01,  0.0000000E+00,  3.9008415E-01,  1.0003654E+03,  2.1747168E+04,3,
  2.5583264E+02,  0.0000000E+00,  2.5695837E+02,2812,  6.8807143E-01,  0.0000000E+00,  3.0462518E-01,  1.0002559E+03,  1.5224555E+04,3,
  2.5668610E+02,  0.0000000E+00,  2.5603314E+02,3131,  7.3535681E-01,  0.0000000E+00,  1.1067851E-02,  1.0004042E+03,  2.4060561E+04,3,
  2.5623013E+02,  0.0000000E+00,  2.5282460E+02,3104,  5.6942356E-01,  0.0000000E+00, -2.7152229E-02,  1.0008739E+03,  5.2096801E+04,3,
  2.5766406E+02,  0.0000000E+00,  2.5712991E+02,3225,  5.6976992E-01,  0.0000000E+00,  1.5115067E-01,  1.0002756E+03,  1.6398600E+04,3,
  2.5502554E+02,  0.0000000E+00,  2.5307211E+02,2912,  9.6629493E-02,  0.0000000E+00,  3.0346923E-02,  1.0007539E+03,  4.4927227E+04,3,
  2.5867923E+02,  0.0000000E+00,  2.5665634E+02,3012,  5.7135183E-01,  0.0000000E+00,  3.1159980E-02,  1.0003500E+03,  2.0834326E+04,3,
  2.5976965E+02,  0.0000000E+00,  2.5627148E+02,3011,  5.4326916E-01,  0.0000000E+00, -8.3260193E-02,  1.0003742E+03,  2.2274545E+04,3,
  2.5609814E+02,  0.0000000E+00,  2.5326762E+02,3067,  6.3295431E-02,  0.0000000E+00, -3.3186644E-02,  1.0004076E+03,  2.4264281E+04,3,
  2.6070886E+02,  0.0000000E+00,  2.5731461E+02,3216,  4.8725060E-01,  0.0000000E+00,  3.6807410E-02,  1.0002457E+03,  1.4617595E+04,3,
  2.5862857E+02,  0.0000000E+00,  2.5255699E+02,3126,  7.1309960E-01,  0.0000000E+00,  2.3345113E-01,  1.0016840E+03,  1.0063204E+05,3,
  2.5768161E+02,  0.0000000E+00,  2.5322003E+02,3159, -5.4141289E-01,  0.0000000E+00, -3.7237093E-01,  1.0006226E+03,  3.7085262E+04,3,
  2.6008731E+02,  0.0000000E+00,  2.5282382E+02,3135,  1.8634669E-01,  0.0000000E+00, -7.2276355E-03,  1.0015302E+03,  9.1402023E+04,3,
  2.6148120E+02,  0.0000000E+00,  2.5630978E+02,3076,  5.3478879E-01,  0.0000000E+00,  1.1411686E-02,  1.0003723E+03,  2.2161793E+04,3,
  2.6125427E+02,  0.0000000E+00,  2.5270097E+02,3090,  2.1472268E-01,  0.0000000E+00, -3.4611721E-02,  1.0015859E+03,  9.4742750E+04,3,
  2.6312634E+02,  0.0000000E+00,  2.5623221E+02,3158,  5.8282810E-01,  0.0000000E+00,  1.1299328E-01,  1.0004321E+03,  2.5726828E+04,3,
  2.6319440E+02,  0.0000000E+00,  2.5736365E+02,3207,  5.3772146E-01,  0.0000000E+00,  1.3662766E-01,  1.0002306E+03,  1.3719944E+04,3,
  2.6254053E+02,  0.0000000E+00,  2.5296237E+02,3132,  2.0776035E-01,  0.0000000E+00, -1.1546789E-02,  1.0009763E+03,  5.8216535E+04,3,
  2.6470792E+02,  0.0000000E+00,  2.5703751E+02,3196,  4.9219337E-01,  0.0000000E+00,  2.1794489E-01,  1.0002579E+03,  1.5348132E+04,3,
  2.6650577E+02,  0.0000000E+00,  2.5709848E+02,3197,  4.5124453E-01,  0.0000000E+00,  1.5761286E-01,  1.0002574E+03,  1.5319055E+04,3,
  2.6361237E+02,  0.0000000E+00,  2.5315273E+02,3123,  2.4589726E-01,  0.0000000E+00,  5.5899746E-03,  1.0007169E+03,  4.2718316E+04,3,
  2.6581168E+02,  0.0000000E+00,  2.5608441E+02,3141,  3.6645561E-01,  0.0000000E+00,  1.4936318E-01,  1.0004506E+03,  2.6829338E+04,3,
  2.6433807E+02,  0.0000000E+00,  2.5264838E+02,3087,  1.6581500E-01,  0.0000000E+00,  1.5368978E-02,  1.0012625E+03,  7.5347641E+04,3,
  2.6557120E+02,  0.0000000E+00,  2.5307294E+02,3013,  1.8697622E-01,  0.0000000E+00,  4.1177422E-02,  1.0007225E+03,  4.3049984E+04,3,
  2.6639795E+02,  0.0000000E+00,  2.5290883E+02,2976,  1.6068159E-01,  0.0000000E+00,  3.1401236E-02,  1.0009391E+03,  5.5997379E+04,3,
  2.6747263E+02,  0.0000000E+00,  2.5276340E+02,3031,  2.0207480E-01,  0.0000000E+00,  1.7642828E-02,  1.0011254E+03,  6.7141938E+04,3,
  2.6799081E+02,  0.0000000E+00,  2.5734106E+02,3198,  5.4426378E-01,  0.0000000E+00,  9.1855466E-02,  1.0002662E+03,  1.5838820E+04,3,
  2.6813086E+02,  0.0000000E+00,  2.5591867E+02,2921,  1.6499208E-01,  0.0000000E+00, -2.1632055E-02,  1.0004326E+03,  2.5755938E+04,3,
  2.6960806E+02,  0.0000000E+00,  2.5709204E+02,3168,  4.8112261E-01,  0.0000000E+00,  8.1144080E-02,  1.0002458E+03,  1.4628498E+04,3,
  2.6883820E+02,  0.0000000E+00,  2.5300055E+02,2930,  2.2327976E-01,  0.0000000E+00,  4.8052922E-02,  1.0005326E+03,  3.1717514E+04,3,
  2.7065439E+02,  0.0000000E+00,  2.5702090E+02,2993,  4.1938621E-01,  0.0000000E+00,  8.6851947E-02,  1.0001751E+03,  1.0417144E+04,3,
  2.7268988E+02,  0.0000000E+00,  2.5714026E+02,3178,  5.1384288E-01,  0.0000000E+00, -2.3208439E-02,  1.0001057E+03,  6.2874648E+03,3,
  2.7123917E+02,  0.0000000E+00,  2.5643353E+02,2785,  2.7442876E-01,  0.0000000E+00,  1.0893022E-01,  1.0001991E+03,  1.1844952E+04,3,
  2.6944165E+02,  0.0000000E+00,  2.5295078E+02,2967,  9.8604180E-02,  0.0000000E+00,  3.3292346E-02,  1.0006329E+03,  3.7700879E+04,3,
  2.7416415E+02,  0.0000000E+00,  2.5723535E+02,3170,  4.6254447E-01,  0.0000000E+00, -5.9918255E-02,  1.0001111E+03,  6.6106582E+03,3,
  2.6969910E+02,  0.0000000E+00,  2.5291147E+02,2740,  1.1458269E-01,  0.0000000E+00,  5.2727323E-02,  1.0007515E+03,  4.4781410E+04,3,
  2.7128595E+02,  0.0000000E+00,  2.5331740E+02,3072,  1.6501255E-01,  0.0000000E+00,  1.8313891E-01,  1.0017997E+03,  1.0758489E+05,3,
  2.7261349E+02,  0.0000000E+00,  2.5495631E+02,3096,  3.1030104E-01,  0.0000000E+00,  2.0956151E-01,  1.0007415E+03,  4.4183578E+04,3,
  2.7445428E+02,  0.0000000E+00,  2.5473753E+02,3107,  1.7916847E-02,  0.0000000E+00,  1.3492583E-01,  1.0012260E+03,  7.3161234E+04,3,
  2.7509924E+02,  0.0000000E+00,  2.5563672E+02,3040,  9.7040439E-01,  0.0000000E+00, -2.4012761E-01,  1.0001107E+03,  6.5852383E+03,3,
  2.7612976E+02,  0.0000000E+00,  2.5733530E+02,3180,  4.4894311E-01,  0.0000000E+00, -6.9713942E-03,  1.0001163E+03,  6.9193359E+03,3,
  2.7753900E+02,  0.0000000E+00,  2.5685544E+02,2776,  5.8682823E-01,  0.0000000E+00,  3.7619408E-02,  1.0001163E+03,  6.9193359E+03,3,
  2.7959232E+02,  0.0000000E+00,  2.5720441E+02,3150,  5.0525773E-01,  0.0000000E+00, -6.9276779E-04,  1.0001051E+03,  6.2511519E+03,3,
  2.7664337E+02,  0.0000000E+00,  2.5501477E+02,3140,  3.1024677E-01,  0.0000000E+00, -3.5775177E-02,  1.0004979E+03,  2.9649846E+04,3,
  2.8112646E+02,  0.0000000E+00,  2.5726907E+02,3187,  6.2166947E-01,  0.0000000E+00, -4.8654843E-02,  1.0001166E+03,  6.9374937E+03,3,
  2.7744080E+02,  0.0000000E+00,  2.5480515E+02,3077,  2.5635779E-01,  0.0000000E+00,  3.5435822E-02,  1.0006855E+03,  4.0845133E+04,3,
  2.7873639E+02,  0.0000000E+00,  2.5483719E+02,3004,  4.9434575E-01,  0.0000000E+00,  1.1626697E-01,  1.0006887E+03,  4.1030980E+04,3,
  2.7989133E+02,  0.0000000E+00,  2.5502571E+02,3060,  4.5576081E-01,  0.0000000E+00,  1.2414063E-01,  1.0004661E+03,  2.7753648E+04,3,
  2.8093051E+02,  0.0000000E+00,  2.5499490E+02,3069,  4.6197483E-01,  0.0000000E+00,  1.0681204E-01,  1.0005256E+03,  3.1298848E+04,3,
  2.8209048E+02,  0.0000000E+00,  2.5474861E+02,2867,  4.5826745E-01,  0.0000000E+00,  7.5570345E-02,  1.0008286E+03,  4.9386637E+04,3,
  2.8297104E+02,  0.0000000E+00,  2.5736975E+02,3188,  8.6144590E-01,  0.0000000E+00, -6.9917113E-02,  1.0001394E+03,  8.2921602E+03,3,
  2.8489349E+02,  0.0000000E+00,  2.5712350E+02,3021,  9.2487520E-01,  0.0000000E+00, -1.2838170E-01,  1.0001229E+03,  7.3115522E+03,3,
  2.8593079E+02,  0.0000000E+00,  2.5684949E+02,2994,  8.3056080E-01,  0.0000000E+00, -1.9118507E-01,  1.0000825E+03,  4.9040259E+03,3,
  2.8329199E+02,  0.0000000E+00,  2.5518118E+02,2885,  4.5166954E-01,  0.0000000E+00,  8.6378932E-02,  1.0002075E+03,  1.2346369E+04,3,
  2.8639014E+02,  0.0000000E+00,  2.5641626E+02,3058,  6.1888391E-01,  0.0000000E+00, -2.8114575E-01,  1.0001569E+03,  9.3346162E+03,3,
  2.8405835E+02,  0.0000000E+00,  2.5487012E+02,2939,  4.1809288E-01,  0.0000000E+00,  5.4413922E-02,  1.0005746E+03,  3.4222586E+04,3,
  2.8510645E+02,  0.0000000E+00,  2.5490213E+02,2876,  4.5555225E-01,  0.0000000E+00,  3.1414729E-02,  1.0005655E+03,  3.3680012E+04,3,
  2.8735812E+02,  0.0000000E+00,  2.5452097E+02,2946,  7.8733623E-01,  0.0000000E+00,  7.1791321E-02,  1.0014691E+03,  8.7732898E+04,3,
  2.8827255E+02,  0.0000000E+00,  2.5732269E+02,3189,  1.0550984E+00,  0.0000000E+00, -2.1752025E-01,  9.9995148E+02, -2.8846548E+03,3,
  2.8902182E+02,  0.0000000E+00,  2.5464812E+02,3045,  6.9556057E-01,  0.0000000E+00,  6.9677331E-02,  1.0013427E+03,  8.0157227E+04,3,
  2.8974173E+02,  0.0000000E+00,  2.5731567E+02,3169,  1.0369660E+00,  0.0000000E+00, -1.2219792E-01,  9.9997266E+02, -1.6256698E+03,3,
  2.9086328E+02,  0.0000000E+00,  2.5725867E+02,3121,  1.0336186E+00,  0.0000000E+00, -1.3411710E-01,  1.0000138E+03,  8.2019354E+02,3,
  2.9212009E+02,  0.0000000E+00,  2.5724481E+02,3039,  1.1773976E+00,  0.0000000E+00, -2.0063573E-01,  1.0000707E+03,  4.2069326E+03,3,
  2.9046146E+02,  0.0000000E+00,  2.5507092E+02,2704,  7.9727495E-01,  0.0000000E+00,  9.6808404E-02,  1.0007082E+03,  4.2197141E+04,3,
  2.9173935E+02,  0.0000000E+00,  2.5518921E+02,2722,  1.0105604E+00,  0.0000000E+00,  5.8554452E-02,  1.0005923E+03,  3.5278691E+04,3,
  2.9306570E+02,  0.0000000E+00,  2.5493513E+02,2949,  9.0802461E-01,  0.0000000E+00, -4.5904536E-02,  1.0008058E+03,  4.8026359E+04,3,
  2.9418912E+02,  0.0000000E+00,  2.5413849E+02,2995,  8.5207087E-01,  0.0000000E+00, -3.4522685E-01,  1.0010161E+03,  6.0596836E+04,3,
  2.9407437E+02,  0.0000000E+00,  2.5713144E+02,3160,  1.3671809E+00,  0.0000000E+00, -1.0715204E-01,  1.0001469E+03,  8.7389141E+03,3,
  2.9530051E+02,  0.0000000E+00,  2.5687909E+02,3105,  1.2319971E+00,  0.0000000E+00,  4.3532882E-02,  1.0002001E+03,  1.1903086E+04,3,
  2.9562122E+02,  0.0000000E+00,  2.5386360E+02,2985,  9.9909663E-01,  0.0000000E+00, -6.8253195E-01,  1.0003231E+03,  1.9230691E+04,3,
  2.9643912E+02,  0.0000000E+00,  2.5711832E+02,3151,  9.4148707E-01,  0.0000000E+00,  8.5608758E-02,  1.0002441E+03,  1.4523102E+04,3,
  2.9625018E+02,  0.0000000E+00,  2.5302423E+02,2958,  8.1122673E-01,  0.0000000E+00, -2.7019858E-01,  1.0007236E+03,  4.3115590E+04,3,
  2.9749194E+02,  0.0000000E+00,  2.5693167E+02,2767,  7.9358244E-01,  0.0000000E+00,  1.4470910E-02,  1.0003150E+03,  1.8747105E+04,3,
  2.9782117E+02,  0.0000000E+00,  2.5291338E+02,2695,  7.8527749E-01,  0.0000000E+00, -3.0602189E-02,  1.0011295E+03,  6.7383078E+04,3,
  2.9863086E+02,  0.0000000E+00,  2.5659705E+02,3086,  8.2844561E-01,  0.0000000E+00, -1.4987119E-01,  1.0004362E+03,  2.5966969E+04,3,
  2.9973566E+02,  0.0000000E+00,  2.5678979E+02,3003,  1.0029138E+00,  0.0000000E+00, -2.1811841E-01,  1.0003730E+03,  2.2201801E+04,3,
  3.0081229E+02,  0.0000000E+00,  2.5701917E+02,3133,  1.1144364E+00,  0.0000000E+00, -1.6807345E-01,  1.0002604E+03,  1.5497153E+04,3,
  2.9852530E+02,  0.0000000E+00,  2.5379858E+02,2831,  9.4069058E-01,  0.0000000E+00,  2.8108034E-01,  1.0004711E+03,  2.8052066E+04,3,
  2.9977545E+02,  0.0000000E+00,  2.5271596E+02,3061,  2.2067687E-01,  0.0000000E+00, -2.2330213E-01,  1.0014397E+03,  8.5972047E+04,3,
  3.0161905E+02,  0.0000000E+00,  2.5463663E+02,2913,  6.7334586E-01,  0.0000000E+00,  4.0167784E-03,  1.0007574E+03,  4.5135020E+04,3,
  2.9592065E+02,  0.0000000E+00,  2.5267065E+02,3062, -3.0945039E-01,  0.0000000E+00,  4.4449151E-02,  1.0011524E+03,  6.8756961E+04,3,
  3.0063675E+02,  0.0000000E+00,  2.5184694E+02,3008,  5.4503655E-01,  0.0000000E+00, -4.2948997E-01,  1.0015808E+03,  9.4438672E+04,3,
  3.0219284E+02,  0.0000000E+00,  2.5666153E+02,3022,  1.0960445E+00,  0.0000000E+00, -3.7039701E-02,  1.0002786E+03,  1.6580354E+04,3,
  3.0328958E+02,  0.0000000E+00,  2.5749918E+02,3162,  1.2030663E+00,  0.0000000E+00, -1.0289114E-01,  1.0001767E+03,  1.0511598E+04,3,
  3.0317883E+02,  0.0000000E+00,  2.5454437E+02,2922,  7.5796771E-01,  0.0000000E+00,  2.4944471E-01,  1.0009427E+03,  5.6212703E+04,3,
  3.0450156E+02,  0.0000000E+00,  2.5757327E+02,3153,  1.1795540E+00,  0.0000000E+00, -1.3507441E-01,  1.0001877E+03,  1.1169170E+04,3,
  3.0548218E+02,  0.0000000E+00,  2.5697104E+02,3095,  1.2676768E+00,  0.0000000E+00, -1.2698686E-01,  1.0002800E+03,  1.6663961E+04,3,
  3.0445709E+02,  0.0000000E+00,  2.5369936E+02,2713,  2.4133234E-01,  0.0000000E+00, -2.6951185E-01,  1.0007627E+03,  4.5452188E+04,3,
  3.0564801E+02,  0.0000000E+00,  2.5468822E+02,3051,  9.2261440E-01,  0.0000000E+00, -8.6205594E-02,  1.0007754E+03,  4.6210516E+04,3,
  3.0700049E+02,  0.0000000E+00,  2.5740024E+02,3142,  1.1245663E+00,  0.0000000E+00, -3.0322617E-01,  1.0002782E+03,  1.6554906E+04,3,
  3.0803751E+02,  0.0000000E+00,  2.5750272E+02,3152,  1.2645034E+00,  0.0000000E+00, -4.1169190E-01,  1.0002799E+03,  1.6656689E+04,3,
  3.0780499E+02,  0.0000000E+00,  2.5470345E+02,3041,  7.1881157E-01,  0.0000000E+00, -1.6729349E-01,  1.0007392E+03,  4.4048707E+04,3,
  3.0681686E+02,  0.0000000E+00,  2.5304401E+02,3068,  4.5515800E-01,  0.0000000E+00, -7.5993858E-02,  1.0008773E+03,  5.2301098E+04,3,
  3.0888181E+02,  0.0000000E+00,  2.5349487E+02,2731,  6.7691046E-01,  0.0000000E+00, -1.6015427E-01,  1.0007596E+03,  4.5266262E+04,3,
  3.0931577E+02,  0.0000000E+00,  2.5734378E+02,3143,  1.4652252E+00,  0.0000000E+00, -4.2705923E-01,  1.0002944E+03,  1.7518252E+04,3,
  3.1065451E+02,  0.0000000E+00,  2.5731183E+02,3122,  1.5131193E+00,  0.0000000E+00, -3.0169499E-01,  1.0002401E+03,  1.4286872E+04,3,
  3.0988510E+02,  0.0000000E+00,  2.5455609E+02,2903,  8.7241566E-01,  0.0000000E+00, -7.0148461E-02,  1.0006141E+03,  3.6582594E+04,3,
  3.1154117E+02,  0.0000000E+00,  2.5652148E+02,2894,  1.4367605E+00,  0.0000000E+00, -2.6674569E-01,  1.0004910E+03,  2.9238549E+04,3,
  3.1116266E+02,  0.0000000E+00,  2.5345941E+02,2986,  7.1668017E-01,  0.0000000E+00, -1.1319891E-01,  1.0009048E+03,  5.3942910E+04,3,
  3.1300195E+02,  0.0000000E+00,  2.5745062E+02,3134,  1.4547758E+00,  0.0000000E+00, -9.2502013E-02,  1.0001950E+03,  1.1601520E+04,3,
  3.1391321E+02,  0.0000000E+00,  2.5720166E+02,2749,  1.4689053E+00,  0.0000000E+00, -2.2588901E-02,  1.0002527E+03,  1.5039191E+04,3,
  3.1263019E+02,  0.0000000E+00,  2.5459465E+02,3042,  9.5397103E-01,  0.0000000E+00, -1.2449948E-01,  1.0008014E+03,  4.7763809E+04,3,
  3.1506363E+02,  0.0000000E+00,  2.5752591E+02,2758,  1.3760121E+00,  0.0000000E+00, -5.3687699E-02,  1.0002159E+03,  1.2844177E+04,3,
  3.1367175E+02,  0.0000000E+00,  2.5366949E+02,2641,  1.0025676E+00,  0.0000000E+00, -8.6185619E-02,  1.0010622E+03,  6.3357527E+04,3,
  3.1521204E+02,  0.0000000E+00,  2.5409131E+02,3032,  1.0092951E+00,  0.0000000E+00,  1.4241654E-02,  1.0009451E+03,  5.6351387E+04,3,
  3.1611292E+02,  0.0000000E+00,  2.5766171E+02,3113,  1.3891402E+00,  0.0000000E+00, -1.3126306E-01,  1.0002170E+03,  1.2909584E+04,3,
  3.1646625E+02,  0.0000000E+00,  2.5495004E+02,2858,  1.1221322E+00,  0.0000000E+00,  2.0280594E-02,  1.0008849E+03,  5.2753480E+04,3,
  3.1727365E+02,  0.0000000E+00,  2.5778854E+02,3124,  1.5169853E+00,  0.0000000E+00, -2.1676084E-01,  1.0002238E+03,  1.3312939E+04,3,
  3.1853247E+02,  0.0000000E+00,  2.5770062E+02,3114,  1.5771512E+00,  0.0000000E+00, -2.4002756E-01,  1.0002396E+03,  1.4254164E+04,3,
  3.1746909E+02,  0.0000000E+00,  2.5352089E+02,2650,  9.5920360E-01,  0.0000000E+00, -2.7852806E-01,  1.0009489E+03,  5.6581320E+04,3,
  3.1979626E+02,  0.0000000E+00,  2.5768430E+02,3106,  1.6273655E+00,  0.0000000E+00, -2.1919662E-01,  1.0002570E+03,  1.5289978E+04,3,
  3.1876822E+02,  0.0000000E+00,  2.5510718E+02,3015,  1.0523129E+00,  0.0000000E+00, -3.5927724E-02,  1.0007090E+03,  4.2244520E+04,3,
  3.2112634E+02,  0.0000000E+00,  2.5776892E+02,3125,  1.6488522E+00,  0.0000000E+00, -1.9015266E-01,  1.0002668E+03,  1.5878804E+04,3,
  3.1942560E+02,  0.0000000E+00,  2.5353500E+02,2886,  9.2280984E-01,  0.0000000E+00, -1.7029952E-01,  1.0009092E+03,  5.4205625E+04,3,
  3.2092416E+02,  0.0000000E+00,  2.5525511E+02,2968,  1.1569545E+00,  0.0000000E+00, -7.4556790E-02,  1.0006477E+03,  3.8586125E+04,3,
  3.2136301E+02,  0.0000000E+00,  2.5368117E+02,2959,  9.7228771E-01,  0.0000000E+00, -1.0434970E-01,  1.0010054E+03,  5.9961547E+04,3,
  3.2245126E+02,  0.0000000E+00,  2.5787540E+02,3115,  1.6312222E+00,  0.0000000E+00, -1.8616354E-01,  1.0002563E+03,  1.5253631E+04,3,
  3.2323300E+02,  0.0000000E+00,  2.5532860E+02,3005,  1.4074248E+00,  0.0000000E+00,  2.7208544E-02,  1.0006490E+03,  3.8662633E+04,3,
  3.2381323E+02,  0.0000000E+00,  2.5772363E+02,3116,  1.6465664E+00,  0.0000000E+00, -1.9256939E-01,  1.0002675E+03,  1.5915152E+04,3,
  3.2331113E+02,  0.0000000E+00,  2.5373650E+02,3014,  8.5808235E-01,  0.0000000E+00, -8.7756656E-02,  1.0009594E+03,  5.7205441E+04,3,
  3.2509351E+02,  0.0000000E+00,  2.5763806E+02,2977,  1.7553070E+00,  0.0000000E+00, -1.8113917E-01,  1.0002928E+03,  1.7427365E+04,3,
  3.2636612E+02,  0.0000000E+00,  2.5792142E+02,3108,  1.7340524E+00,  0.0000000E+00, -1.4633866E-01,  1.0002555E+03,  1.5202747E+04,3,
  3.2583344E+02,  0.0000000E+00,  2.5520306E+02,3078,  1.2995900E+00,  0.0000000E+00, -2.5938410E-01,  1.0007335E+03,  4.3709715E+04,3,
  3.2511411E+02,  0.0000000E+00,  2.5383247E+02,2896,  9.5114613E-01,  0.0000000E+00, -1.7746900E-01,  1.0008781E+03,  5.2344875E+04,3,
  3.2776898E+02,  0.0000000E+00,  2.5782431E+02,3117,  1.6589653E+00,  0.0000000E+00, -1.4403507E-01,  1.0002365E+03,  1.4068819E+04,3,
  3.2707391E+02,  0.0000000E+00,  2.5367043E+02,2970,  1.1215975E+00,  0.0000000E+00, -1.9264552E-01,  1.0008263E+03,  4.9251695E+04,3,
  3.2861414E+02,  0.0000000E+00,  2.5702667E+02,3059,  1.5570118E+00,  0.0000000E+00, -1.8757661E-01,  1.0004299E+03,  2.5595846E+04,3,
  3.2817471E+02,  0.0000000E+00,  2.5467073E+02,3050,  1.1464069E+00,  0.0000000E+00, -9.9195838E-03,  1.0006637E+03,  3.9540676E+04,3,
  3.2926733E+02,  0.0000000E+00,  2.5351706E+02,3024,  1.0636692E+00,  0.0000000E+00, -2.4342956E-01,  1.0008029E+03,  4.7851324E+04,3,
  3.3002786E+02,  0.0000000E+00,  2.5759906E+02,3097,  1.8137964E+00,  0.0000000E+00, -1.8190381E-01,  1.0002380E+03,  1.4159674E+04,3,
  3.3035455E+02,  0.0000000E+00,  2.5479613E+02,2923,  1.1214575E+00,  0.0000000E+00,  4.8251089E-02,  1.0006929E+03,  4.1286066E+04,3,
  3.3118008E+02,  0.0000000E+00,  2.5757178E+02,3088,  1.7689569E+00,  0.0000000E+00, -1.4053987E-01,  1.0002453E+03,  1.4595789E+04,3,
  3.3232779E+02,  0.0000000E+00,  2.5739703E+02,3099,  1.8078129E+00,  0.0000000E+00, -9.7209707E-02,  1.0002640E+03,  1.5711603E+04,3,
  3.3146841E+02,  0.0000000E+00,  2.5358916E+02,2944,  9.9000454E-01,  0.0000000E+00, -1.2087508E-01,  1.0009651E+03,  5.7548547E+04,3,
  3.3363849E+02,  0.0000000E+00,  2.5763272E+02,3098,  1.7486901E+00,  0.0000000E+00, -6.3318528E-02,  1.0002324E+03,  1.3828966E+04,3,
  3.3259537E+02,  0.0000000E+00,  2.5505626E+02,2632,  1.1983635E+00,  0.0000000E+00, -1.4467928E-01,  1.0006142E+03,  3.6586234E+04,3,
  3.3483197E+02,  0.0000000E+00,  2.5760370E+02,2940,  1.7600042E+00,  0.0000000E+00, -5.2318051E-02,  1.0002316E+03,  1.3778089E+04,3,
  3.3356482E+02,  0.0000000E+00,  2.5373962E+02,2895,  1.0519533E+00,  0.0000000E+00, -1.2511942E-01,  1.0009818E+03,  5.8545070E+04,3,
  3.3507184E+02,  0.0000000E+00,  2.5515733E+02,2969,  1.2138264E+00,  0.0000000E+00, -4.5999113E-02,  1.0006165E+03,  3.6724648E+04,3,
  3.3559073E+02,  0.0000000E+00,  2.5371809E+02,2840,  1.0529116E+00,  0.0000000E+00, -1.0256782E-01,  1.0009899E+03,  5.9030594E+04,3,
  3.3609183E+02,  0.0000000E+00,  2.5743307E+02,3070,  1.7416872E+00,  0.0000000E+00, -3.5960171E-02,  1.0002388E+03,  1.4210553E+04,3,
  3.3734528E+02,  0.0000000E+00,  2.5768195E+02,3089,  1.7537196E+00,  0.0000000E+00, -1.9429602E-02,  1.0002094E+03,  1.2459010E+04,3,
  3.3723770E+02,  0.0000000E+00,  2.5403732E+02,3033,  1.0665057E+00,  0.0000000E+00, -3.2832861E-02,  1.0008824E+03,  5.2603898E+04,3,
  3.3881119E+02,  0.0000000E+00,  2.5751767E+02,3079,  1.7491713E+00,  0.0000000E+00,  7.1995198E-03,  1.0002074E+03,  1.2339102E+04,3,
  3.3816660E+02,  0.0000000E+00,  2.5560583E+02,2605,  1.2648400E+00,  0.0000000E+00, -1.8234873E-01,  1.0005952E+03,  3.5449867E+04,3,
  3.4031140E+02,  0.0000000E+00,  2.5750259E+02,3081,  1.6199034E+00,  0.0000000E+00,  3.3196267E-02,  1.0002283E+03,  1.3585485E+04,3,
  3.3904010E+02,  0.0000000E+00,  2.5374030E+02,2951,  1.0743635E+00,  0.0000000E+00, -7.6104924E-02,  1.0008947E+03,  5.3337230E+04,3,
  3.4152325E+02,  0.0000000E+00,  2.5745096E+02,3071,  1.6004119E+00,  0.0000000E+00,  2.2433516E-02,  1.0002265E+03,  1.3476466E+04,3,
  3.4035992E+02,  0.0000000E+00,  2.5486128E+02,2888,  1.1877699E+00,  0.0000000E+00, -7.4900530E-02,  1.0006472E+03,  3.8553336E+04,3,
  3.4141656E+02,  0.0000000E+00,  2.5358897E+02,2878,  1.0614220E+00,  0.0000000E+00, -5.7768147E-02,  1.0008741E+03,  5.2107746E+04,3,
  3.4252145E+02,  0.0000000E+00,  2.5500227E+02,2904,  1.1050227E+00,  0.0000000E+00, -3.5451576E-02,  1.0006019E+03,  3.5854137E+04,3,
  3.4284906E+02,  0.0000000E+00,  2.5724066E+02,3023,  1.5755728E+00,  0.0000000E+00,  1.9081016E-03,  1.0002339E+03,  1.3916185E+04,3,
  3.4420340E+02,  0.0000000E+00,  2.5749649E+02,3080,  1.6093715E+00,  0.0000000E+00, -2.1472988E-03,  1.0002241E+03,  1.3331108E+04,3,
  3.4360303E+02,  0.0000000E+00,  2.5362656E+02,2877,  1.0415424E+00,  0.0000000E+00,  1.7731246E-02,  1.0009059E+03,  5.4008586E+04,3,
  3.4463403E+02,  0.0000000E+00,  2.5492766E+02,2906,  1.1687994E+00,  0.0000000E+00, -1.0346036E-01,  1.0006263E+03,  3.7311105E+04,3,
  3.4567792E+02,  0.0000000E+00,  2.5743808E+02,3063,  1.5550752E+00,  0.0000000E+00,  2.1156751E-02,  1.0002211E+03,  1.3156683E+04,3,
  3.4709665E+02,  0.0000000E+00,  2.5718460E+02,3052,  1.5270182E+00,  0.0000000E+00,  3.0746615E-02,  1.0002246E+03,  1.3363813E+04,3,
  3.4650272E+02,  0.0000000E+00,  2.5496416E+02,2860,  1.1947232E+00,  0.0000000E+00, -3.8753960E-03,  1.0005925E+03,  3.5293262E+04,3,
  3.4843222E+02,  0.0000000E+00,  2.5716235E+02,3053,  1.5184766E+00,  0.0000000E+00,  2.4466230E-02,  1.0002245E+03,  1.3356546E+04,3,
  3.4623300E+02,  0.0000000E+00,  2.5357584E+02,2868,  1.0057606E+00,  0.0000000E+00,  2.1780416E-02,  1.0007986E+03,  4.7596070E+04,3,
  3.4833145E+02,  0.0000000E+00,  2.5468333E+02,2914,  1.0245970E+00,  0.0000000E+00, -8.3205208E-02,  1.0006089E+03,  3.6269352E+04,3,
  3.4896222E+02,  0.0000000E+00,  2.5365878E+02,2907,  1.0728058E+00,  0.0000000E+00,  6.0190417E-02,  1.0007609E+03,  4.5342820E+04,3,
  3.4970151E+02,  0.0000000E+00,  2.5711798E+02,2795,  1.4983283E+00,  0.0000000E+00,  2.6155520E-02,  1.0002184E+03,  1.2993161E+04,3,
  3.5108194E+02,  0.0000000E+00,  2.5720511E+02,2677,  1.5050765E+00,  0.0000000E+00,  2.2932446E-02,  1.0001985E+03,  1.1812252E+04,3,
  3.5079257E+02,  0.0000000E+00,  2.5502646E+02,2971,  1.1361761E+00,  0.0000000E+00,  6.4997129E-02,  1.0005564E+03,  3.3137461E+04,3,
  3.5100977E+02,  0.0000000E+00,  2.5361198E+02,2997,  9.9832207E-01,  0.0000000E+00,  2.5870794E-02,  1.0008387E+03,  4.9995719E+04,3,
  3.5231335E+02,  0.0000000E+00,  2.5702759E+02,2822,  1.4994668E+00,  0.0000000E+00,  2.6575314E-02,  1.0001885E+03,  1.1212768E+04,3,
  3.5341513E+02,  0.0000000E+00,  2.5698080E+02,2686,  1.5153227E+00,  0.0000000E+00,  2.8252056E-02,  1.0001545E+03,  9.1929521E+03,3,
  3.5520563E+02,  0.0000000E+00,  2.5715765E+02,3034,  1.5592309E+00,  0.0000000E+00, -2.0027433E-02,  1.0001346E+03,  8.0052314E+03,3,
  3.5275598E+02,  0.0000000E+00,  2.5387616E+02,2889,  9.7141820E-01,  0.0000000E+00,  1.5759474E-02,  1.0008277E+03,  4.9335578E+04,3,
  3.5404681E+02,  0.0000000E+00,  2.5536226E+02,2916,  1.1387284E+00,  0.0000000E+00, -8.9427698E-03,  1.0006430E+03,  3.8305605E+04,3,
  3.5472989E+02,  0.0000000E+00,  2.5368594E+02,2988,  9.9112988E-01,  0.0000000E+00, -1.3435362E-02,  1.0008096E+03,  4.8252449E+04,3,
  3.5641364E+02,  0.0000000E+00,  2.5541893E+02,2777,  1.1406473E+00,  0.0000000E+00,  7.7226102E-02,  1.0005344E+03,  3.1826732E+04,3,
  3.5653577E+02,  0.0000000E+00,  2.5718768E+02,2659,  1.6071575E+00,  0.0000000E+00, -6.4591937E-02,  1.0001268E+03,  7.5439839E+03,3,
  3.5666098E+02,  0.0000000E+00,  2.5348373E+02,2750,  8.6519492E-01,  0.0000000E+00,  2.0035237E-02,  1.0008068E+03,  4.8084703E+04,3,
  3.6150937E+02,  0.0000000E+00,  2.5226099E+02,2898,  1.1372564E+00,  0.0000000E+00,  1.0956416E+00,  1.0006177E+03,  3.6793855E+04,3,
  3.5819150E+02,  0.0000000E+00,  2.5723349E+02,3054,  1.7197537E+00,  0.0000000E+00, -1.3255963E-01,  1.0001401E+03,  8.3357451E+03,3,
  3.5931168E+02,  0.0000000E+00,  2.5675668E+02,2668,  1.8045173E+00,  0.0000000E+00, -1.1790054E-01,  1.0001575E+03,  9.3709414E+03,3,
  3.5822263E+02,  0.0000000E+00,  2.5469307E+02,2778,  9.4855243E-01,  0.0000000E+00,  2.3835522E-01,  1.0007004E+03,  4.1730660E+04,3,
  3.6082904E+02,  0.0000000E+00,  2.5626978E+02,3006,  1.6735568E+00,  0.0000000E+00,  1.6176306E-02,  1.0002090E+03,  1.2437208E+04,3,
  3.6115912E+02,  0.0000000E+00,  2.5705960E+02,3025,  1.7507122E+00,  0.0000000E+00, -4.6823218E-02,  1.0001616E+03,  9.6106855E+03,3,
  3.5910031E+02,  0.0000000E+00,  2.5385579E+02,2933,  8.9446467E-01,  0.0000000E+00,  1.7346515E-01,  1.0008314E+03,  4.9558051E+04,3,
  3.6280701E+02,  0.0000000E+00,  2.5683517E+02,3043,  1.7443033E+00,  0.0000000E+00,  5.3344215E-03,  1.0001788E+03,  1.0635116E+04,3,
  3.6133374E+02,  0.0000000E+00,  2.5422243E+02,2897,  1.3541123E+00,  0.0000000E+00, -4.5916956E-02,  1.0011996E+03,  7.1585703E+04,3,
  3.6350281E+02,  0.0000000E+00,  2.5533548E+02,2943,  1.8905311E+00,  0.0000000E+00,  3.3047402E-01,  1.0003448E+03,  2.0525215E+04,3,
  3.6354910E+02,  0.0000000E+00,  2.5265353E+02,2765,  9.3516344E-01,  0.0000000E+00,  2.0250602E-02,  1.0011743E+03,  7.0065250E+04,3,
  3.6376785E+02,  0.0000000E+00,  2.5312166E+02,2515,  1.3483537E+00,  0.0000000E+00, -5.5233423E-02,  1.0006595E+03,  3.9292922E+04,3,
  3.6453552E+02,  0.0000000E+00,  2.5688773E+02,2813,  1.8418617E+00,  0.0000000E+00, -5.5764817E-02,  1.0002264E+03,  1.3472832E+04,3,
  3.6569037E+02,  0.0000000E+00,  2.5638876E+02,2987,  1.8970534E+00,  0.0000000E+00, -1.5967089E-01,  1.0003184E+03,  1.8947082E+04,3,
  3.6446399E+02,  0.0000000E+00,  2.5357364E+02,2891,  1.2025658E+00,  0.0000000E+00, -3.0718079E-01,  1.0001190E+03,  7.0754941E+03,3,
  3.6667139E+02,  0.0000000E+00,  2.5703012E+02,3044,  1.7444301E+00,  0.0000000E+00, -1.2651785E-01,  1.0002816E+03,  1.6754838E+04,3,
  3.6676660E+02,  0.0000000E+00,  2.5264166E+02,2775,  1.6480752E+00,  0.0000000E+00,  8.1217932E-03,  1.0015539E+03,  9.2823164E+04,3,
  3.6790094E+02,  0.0000000E+00,  2.5696863E+02,3035,  1.8746573E+00,  0.0000000E+00, -1.0653923E-01,  1.0002850E+03,  1.6958410E+04,3,
  3.6603708E+02,  0.0000000E+00,  2.5339915E+02,2852,  4.1802713E-01,  0.0000000E+00, -3.1409729E-01,  1.0005123E+03,  3.0508895E+04,3,
  3.6810382E+02,  0.0000000E+00,  2.5529961E+02,2768,  1.7311715E+00,  0.0000000E+00,  1.5621780E-01,  1.0001508E+03,  8.9677461E+03,3,
  3.6933176E+02,  0.0000000E+00,  2.5645963E+02,2932,  1.8671826E+00,  0.0000000E+00, -3.3169568E-02,  1.0003282E+03,  1.9536125E+04,3,
  3.6813840E+02,  0.0000000E+00,  2.5254266E+02,2730,  9.5957279E-01,  0.0000000E+00, -1.6861467E-02,  1.0016707E+03,  9.9836578E+04,3,
  3.6984384E+02,  0.0000000E+00,  2.5287781E+02,2561,  7.7407050E-01,  0.0000000E+00,  1.3843004E-01,  1.0008356E+03,  4.9806062E+04,3,
  3.7013901E+02,  0.0000000E+00,  2.5322981E+02,2844,  1.4778149E+00,  0.0000000E+00, -1.2153224E-01,  1.0004667E+03,  2.7790041E+04,3,
  3.7048303E+02,  0.0000000E+00,  2.5694165E+02,3036,  1.9617201E+00,  0.0000000E+00,  9.1783712E-03,  1.0002721E+03,  1.6191405E+04,3,
  3.7196936E+02,  0.0000000E+00,  2.5670770E+02,2905,  2.0091326E+00,  0.0000000E+00,  6.4303160E-02,  1.0002505E+03,  1.4908350E+04,3,
  3.7171649E+02,  0.0000000E+00,  2.5546024E+02,2551,  1.6321100E+00,  0.0000000E+00,  7.6690830E-02,  1.0003002E+03,  1.7867260E+04,3,
  3.7139386E+02,  0.0000000E+00,  2.5300529E+02,2859,  1.0988377E+00,  0.0000000E+00, -3.8883485E-02,  1.0005969E+03,  3.5551844E+04,3,
  3.7345850E+02,  0.0000000E+00,  2.5678308E+02,2978,  1.8589817E+00,  0.0000000E+00,  9.6591003E-02,  1.0002604E+03,  1.5497153E+04,3,
  3.7219812E+02,  0.0000000E+00,  2.5280609E+02,2825,  1.0500087E+00,  0.0000000E+00, -4.1983813E-02,  1.0008756E+03,  5.2198949E+04,3,
  3.7493384E+02,  0.0000000E+00,  2.5705161E+02,3026,  1.8008878E+00,  0.0000000E+00,  6.3809901E-02,  1.0002698E+03,  1.6053277E+04,3,
  3.7458902E+02,  0.0000000E+00,  2.5573219E+02,2853,  1.7407730E+00,  0.0000000E+00,  8.2342543E-02,  1.0002101E+03,  1.2502612E+04,3,
  3.7324170E+02,  0.0000000E+00,  2.5292612E+02,2761,  1.0306386E+00,  0.0000000E+00, -1.1362321E-02,  1.0007834E+03,  4.6691789E+04,3,
  3.7430930E+02,  0.0000000E+00,  2.5279355E+02,2746,  1.0333496E+00,  0.0000000E+00,  2.2302210E-02,  1.0010095E+03,  6.0202516E+04,3,
  3.7533157E+02,  0.0000000E+00,  2.5291283E+02,2434,  1.0436209E+00,  0.0000000E+00,  4.1640680E-02,  1.0008875E+03,  5.2906711E+04,3,
  3.7634665E+02,  0.0000000E+00,  2.5297229E+02,2543,  1.0686299E+00,  0.0000000E+00,  1.7581945E-02,  1.0008491E+03,  5.0612137E+04,3,
  3.7651773E+02,  0.0000000E+00,  2.5698364E+02,3017,  1.7787106E+00,  0.0000000E+00, -3.3415933E-03,  1.0002726E+03,  1.6224120E+04,3,
  3.7685010E+02,  0.0000000E+00,  2.5575276E+02,2797,  1.7811134E+00,  0.0000000E+00,  9.7049162E-02,  1.0002006E+03,  1.1932153E+04,3,
  3.7801501E+02,  0.0000000E+00,  2.5698639E+02,3027,  1.8766479E+00,  0.0000000E+00, -3.1500865E-02,  1.0002702E+03,  1.6078722E+04,3,
  3.7743436E+02,  0.0000000E+00,  2.5283324E+02,2643,  1.0447474E+00,  0.0000000E+00, -3.7210420E-02,  1.0010817E+03,  6.4522652E+04,3,
  3.7939618E+02,  0.0000000E+00,  2.5592488E+02,2880,  1.7361270E+00,  0.0000000E+00,  3.8309231E-02,  1.0003073E+03,  1.8285359E+04,3,
  3.7972372E+02,  0.0000000E+00,  2.5681726E+02,2786,  1.9389732E+00,  0.0000000E+00, -1.5021318E-02,  1.0002615E+03,  1.5558943E+04,3,
  3.7851660E+02,  0.0000000E+00,  2.5267758E+02,2425,  9.9933726E-01,  0.0000000E+00, -3.9860759E-02,  1.0012672E+03,  7.5632859E+04,3,
  3.8126926E+02,  0.0000000E+00,  2.5691318E+02,3007,  1.8928968E+00,  0.0000000E+00,  1.2969649E-02,  1.0002692E+03,  1.6016929E+04,3,
  3.8205383E+02,  0.0000000E+00,  2.5590309E+02,2587,  1.8650295E+00,  0.0000000E+00,  7.7815980E-02,  1.0002859E+03,  1.7016574E+04,3,
  3.7978311E+02,  0.0000000E+00,  2.5314645E+02,2917,  9.7251475E-01,  0.0000000E+00, -3.2888509E-03,  1.0005288E+03,  3.1491797E+04,3,
  3.8299136E+02,  0.0000000E+00,  2.5705112E+02,3018,  1.8382802E+00,  0.0000000E+00,  4.2704858E-02,  1.0002617E+03,  1.5569848E+04,3,
  3.8032828E+02,  0.0000000E+00,  2.5297540E+02,2861,  1.0003310E+00,  0.0000000E+00, -6.7813150E-03,  1.0006829E+03,  4.0688445E+04,3,
  3.8127185E+02,  0.0000000E+00,  2.5302225E+02,2651,  1.0240597E+00,  0.0000000E+00, -3.0667773E-03,  1.0006393E+03,  3.8087027E+04,3,
  3.8218619E+02,  0.0000000E+00,  2.5286519E+02,2818,  1.0436761E+00,  0.0000000E+00, -8.3203837E-03,  1.0008540E+03,  5.0907594E+04,3,
  3.8327707E+02,  0.0000000E+00,  2.5264912E+02,2708,  9.0822178E-01,  0.0000000E+00,  1.3780273E-02,  1.0012610E+03,  7.5263539E+04,3,
  3.8449136E+02,  0.0000000E+00,  2.5696854E+02,2759,  1.8904349E+00,  0.0000000E+00,  2.5023272E-02,  1.0002480E+03,  1.4759337E+04,3,
  3.8459607E+02,  0.0000000E+00,  2.5600198E+02,2779,  1.8096203E+00,  0.0000000E+00,  7.2929628E-02,  1.0002386E+03,  1.4199650E+04,3,
  3.8423389E+02,  0.0000000E+00,  2.5316907E+02,2864,  8.5418171E-01,  0.0000000E+00,  8.4500164E-02,  1.0006123E+03,  3.6473320E+04,3,
  3.8610333E+02,  0.0000000E+00,  2.5701401E+02,2998,  1.8917576E+00,  0.0000000E+00, -6.0085367E-02,  1.0002620E+03,  1.5588021E+04,3,
  3.8505304E+02,  0.0000000E+00,  2.5313121E+02,2773,  1.0260807E+00,  0.0000000E+00,  5.5093329E-02,  1.0006832E+03,  4.0706664E+04,3,
  3.8711151E+02,  0.0000000E+00,  2.5578270E+02,2833,  1.7835205E+00,  0.0000000E+00, -3.1119254E-01,  1.0002321E+03,  1.3807162E+04,3,
  3.8775473E+02,  0.0000000E+00,  2.5691531E+02,2989,  1.7750484E+00,  0.0000000E+00, -1.0334136E-01,  1.0002753E+03,  1.6384059E+04,3,
  3.8587195E+02,  0.0000000E+00,  2.5326379E+02,2800,  1.2054707E+00,  0.0000000E+00, -3.1675191E-03,  1.0006480E+03,  3.8604340E+04,3,
  3.8905289E+02,  0.0000000E+00,  2.5674088E+02,2623,  1.6629877E+00,  0.0000000E+00, -8.8590361E-02,  1.0003164E+03,  1.8830732E+04,3,
  3.8700671E+02,  0.0000000E+00,  2.5281436E+02,2728,  8.8129067E-01,  0.0000000E+00, -3.2998043E-01,  1.0010309E+03,  6.1484117E+04,3,
  3.8977975E+02,  0.0000000E+00,  2.5510088E+02,2714,  1.5420113E+00,  0.0000000E+00, -5.1361692E-01,  1.0004240E+03,  2.5239289E+04,3,
  3.8804794E+02,  0.0000000E+00,  2.5289584E+02,2662,  9.6091300E-01,  0.0000000E+00, -5.5305350E-01,  1.0011862E+03,  7.0781586E+04,3,
  3.8897049E+02,  0.0000000E+00,  2.5205322E+02,2552,  5.9288740E-01,  0.0000000E+00, -6.4084238E-01,  1.0009626E+03,  5.7402543E+04,3,
  3.9045999E+02,  0.0000000E+00,  2.5687585E+02,2980,  1.6014656E+00,  0.0000000E+00, -6.1908243E-03,  1.0002806E+03,  1.6700312E+04,3,
  3.9167648E+02,  0.0000000E+00,  2.5672946E+02,2614,  1.5730613E+00,  0.0000000E+00,  1.0399454E-01,  1.0003028E+03,  1.8019955E+04,3,
  3.9117200E+02,  0.0000000E+00,  2.5402519E+02,2742,  6.4296329E-01,  0.0000000E+00, -5.5958301E-01,  1.0009181E+03,  5.4738371E+04,3,
  3.9317783E+02,  0.0000000E+00,  2.5706342E+02,2991,  1.4556135E+00,  0.0000000E+00,  1.8688996E-01,  1.0002189E+03,  1.3025865E+04,3,
  3.9428513E+02,  0.0000000E+00,  2.5688214E+02,2961,  1.5028605E+00,  0.0000000E+00,  2.3152600E-01,  1.0002542E+03,  1.5122786E+04,3,
  3.9278354E+02,  0.0000000E+00,  2.5382181E+02,2743,  7.5157881E-01,  0.0000000E+00,  1.4422171E-01,  1.0006791E+03,  4.0462523E+04,3,
  3.9352942E+02,  0.0000000E+00,  2.5467627E+02,2823,  1.0454178E+00,  0.0000000E+00,  9.2337849E-03,  1.0006522E+03,  3.8855723E+04,3,
  3.9574573E+02,  0.0000000E+00,  2.5739941E+02,3000,  1.2117532E+00,  0.0000000E+00,  5.8885165E-02,  1.0001905E+03,  1.1332661E+04,3,
  3.9651816E+02,  0.0000000E+00,  2.5709952E+02,2925,  1.2932125E+00,  0.0000000E+00, -4.7876708E-02,  1.0002225E+03,  1.3240262E+04,3,
  3.9605823E+02,  0.0000000E+00,  2.5451208E+02,2935,  1.0071710E+00,  0.0000000E+00, -1.1018047E-01,  1.0007279E+03,  4.3374375E+04,3,
  3.9517508E+02,  0.0000000E+00,  2.5358029E+02,2488,  8.4823936E-01,  0.0000000E+00,  2.9553196E-01,  1.0007033E+03,  4.1905590E+04,3,
  3.9765332E+02,  0.0000000E+00,  2.5454024E+02,2824,  9.6730000E-01,  0.0000000E+00, -7.7483311E-02,  1.0007034E+03,  4.1912879E+04,3,
  3.9789813E+02,  0.0000000E+00,  2.5730603E+02,2990,  1.3757663E+00,  0.0000000E+00, -1.8324244E-01,  1.0001936E+03,  1.1517955E+04,3,
  3.9842108E+02,  0.0000000E+00,  2.5354298E+02,2669,  9.7015381E-01,  0.0000000E+00,  1.9215205E-01,  1.0007626E+03,  4.5444898E+04,3,
  3.9896368E+02,  0.0000000E+00,  2.5698465E+02,2741,  1.5811546E+00,  0.0000000E+00, -1.6552751E-01,  1.0002264E+03,  1.3469198E+04,3,
  4.0050360E+02,  0.0000000E+00,  2.5704959E+02,2973,  1.5979134E+00,  0.0000000E+00,  5.2060615E-02,  1.0002172E+03,  1.2920485E+04,3,
  3.9994247E+02,  0.0000000E+00,  2.5485178E+02,2817,  1.1189773E+00,  0.0000000E+00, -9.4495708E-04,  1.0006857E+03,  4.0852422E+04,3,
  4.0174661E+02,  0.0000000E+00,  2.5687335E+02,2972,  1.4662893E+00,  0.0000000E+00,  1.7768925E-01,  1.0002274E+03,  1.3527342E+04,3,
  4.0298840E+02,  0.0000000E+00,  2.5688220E+02,2841,  1.3990588E+00,  0.0000000E+00,  1.6961716E-01,  1.0002238E+03,  1.3316573E+04,3,
  4.0080078E+02,  0.0000000E+00,  2.5368530E+02,2835,  1.0261664E+00,  0.0000000E+00,  7.3975377E-02,  1.0007128E+03,  4.2474125E+04,3,
  4.0241275E+02,  0.0000000E+00,  2.5463211E+02,2615,  1.0015045E+00,  0.0000000E+00, -4.9529569E-03,  1.0006636E+03,  3.9537031E+04,3,
  4.0316574E+02,  0.0000000E+00,  2.5342719E+02,2687,  9.9686104E-01,  0.0000000E+00,  1.0346123E-01,  1.0006942E+03,  4.1358949E+04,3,
  4.0412756E+02,  0.0000000E+00,  2.5726578E+02,2982,  1.4068915E+00,  0.0000000E+00,  1.0875259E-01,  1.0001923E+03,  1.1438024E+04,3,
  4.0462650E+02,  0.0000000E+00,  2.5469354E+02,2470,  9.6806043E-01,  0.0000000E+00,  2.1478833E-01,  1.0007087E+03,  4.2229941E+04,3,
  4.0536505E+02,  0.0000000E+00,  2.5702374E+02,2869,  1.4774654E+00,  0.0000000E+00,  8.8658631E-02,  1.0002216E+03,  1.3182119E+04,3,
  4.0657928E+02,  0.0000000E+00,  2.5735672E+02,2962,  1.4968024E+00,  0.0000000E+00,  1.0203544E-01,  1.0001801E+03,  1.0711408E+04,3,
  4.0553772E+02,  0.0000000E+00,  2.5359555E+02,2815,  8.8416553E-01,  0.0000000E+00, -1.1453566E-03,  1.0008186E+03,  4.8792176E+04,3,
  4.0751718E+02,  0.0000000E+00,  2.5691687E+02,2887,  1.4692508E+00,  0.0000000E+00,  1.3710752E-01,  1.0001907E+03,  1.1347194E+04,3,
  4.0879865E+02,  0.0000000E+00,  2.5731906E+02,2954,  1.4791609E+00,  0.0000000E+00,  1.9072013E-02,  1.0001677E+03,  9.9775801E+03,3,
  4.0688025E+02,  0.0000000E+00,  2.5410910E+02,2806,  8.1078428E-01,  0.0000000E+00, -1.1955686E-01,  1.0007529E+03,  4.4868898E+04,3,
  4.1005890E+02,  0.0000000E+00,  2.5712607E+02,2842,  1.4200401E+00,  0.0000000E+00, -1.0749735E-01,  1.0001506E+03,  8.9568496E+03,3,
  4.0822476E+02,  0.0000000E+00,  2.5464206E+02,2658,  6.9167215E-01,  0.0000000E+00,  1.6465195E-01,  1.0007976E+03,  4.7537727E+04,3,
  4.0939639E+02,  0.0000000E+00,  2.5383047E+02,2720,  9.9636430E-01,  0.0000000E+00,  2.7553234E-01,  1.0009174E+03,  5.4694582E+04,3,
  4.1062363E+02,  0.0000000E+00,  2.5537874E+02,2660,  1.0279431E+00,  0.0000000E+00,  2.3744525E-01,  1.0005481E+03,  3.2642277E+04,3,
  4.1112424E+02,  0.0000000E+00,  2.5179649E+02,2580,  1.0523427E+00,  0.0000000E+00,  1.1545223E+00,  1.0010565E+03,  6.3017879E+04,3,
  4.1169080E+02,  0.0000000E+00,  2.5725424E+02,2955,  1.7736728E+00,  0.0000000E+00, -2.9118019E-01,  1.0001650E+03,  9.8141104E+03,3,
  4.1303973E+02,  0.0000000E+00,  2.5718887E+02,2964,  1.8947368E+00,  0.0000000E+00, -3.1331629E-01,  1.0002479E+03,  1.4752067E+04,3,
  4.1216986E+02,  0.0000000E+00,  2.5503990E+02,2706,  1.4370393E+00,  0.0000000E+00,  1.7928176E-01,  1.0007331E+03,  4.3684199E+04,3,
  4.1251917E+02,  0.0000000E+00,  2.5280774E+02,2480,  7.7892148E-01,  0.0000000E+00,  3.0973944E-01,  1.0008964E+03,  5.3443039E+04,3,
  4.1422775E+02,  0.0000000E+00,  2.5705063E+02,2934,  1.8714646E+00,  0.0000000E+00, -3.0481163E-01,  1.0003539E+03,  2.1063438E+04,3,
  4.1346103E+02,  0.0000000E+00,  2.5317194E+02,2534,  1.1818105E+00,  0.0000000E+00,  7.7304140E-02,  1.0007021E+03,  4.1832703E+04,3,
  4.1539984E+02,  0.0000000E+00,  2.5685794E+02,2732,  1.7730151E+00,  0.0000000E+00, -3.4132221E-01,  1.0004543E+03,  2.7047672E+04,3,
  4.1432794E+02,  0.0000000E+00,  2.5369147E+02,2733,  1.4339126E+00,  0.0000000E+00, -4.4726476E-01,  1.0002452E+03,  1.4592154E+04,3,
  4.1509793E+02,  0.0000000E+00,  2.5259819E+02,2389,  1.1893384E+00,  0.0000000E+00, -1.9804819E-01,  1.0018005E+03,  1.0763625E+05,3,
  4.1656543E+02,  0.0000000E+00,  2.5701019E+02,2578,  1.7024536E+00,  0.0000000E+00, -4.1449493E-01,  1.0003835E+03,  2.2831049E+04,3,
  4.1617789E+02,  0.0000000E+00,  2.5385268E+02,2781,  1.1614108E+00,  0.0000000E+00, -9.0637589E-01,  1.0000300E+03,  1.7856411E+03,3,
  4.1694830E+02,  0.0000000E+00,  2.5289439E+02,2745,  1.2080414E+00,  0.0000000E+00, -8.1845239E-02,  1.0009081E+03,  5.4143594E+04,3,
  4.1768442E+02,  0.0000000E+00,  2.5662543E+02,2836,  1.6832675E+00,  0.0000000E+00, -4.7542638E-01,  1.0004268E+03,  2.5410289E+04,3,
  4.1774539E+02,  0.0000000E+00,  2.5277663E+02,2699,  1.3320668E+00,  0.0000000E+00,  6.9940694E-02,  1.0009540E+03,  5.6887902E+04,3,
  4.1878116E+02,  0.0000000E+00,  2.5725937E+02,2945,  1.8819096E+00,  0.0000000E+00, -3.2549948E-01,  1.0002480E+03,  1.4759337E+04,3,
  4.1934140E+02,  0.0000000E+00,  2.5500734E+02,2678,  1.8590775E+00,  0.0000000E+00, -2.4926839E-03,  1.0004061E+03,  2.4176973E+04,3,
  4.1873886E+02,  0.0000000E+00,  2.5295013E+02,2736,  1.4014647E+00,  0.0000000E+00,  1.7698117E-01,  1.0006646E+03,  3.9595328E+04,3,
  4.2015814E+02,  0.0000000E+00,  2.5726489E+02,2936,  1.9635197E+00,  0.0000000E+00, -1.1113659E-01,  1.0002147E+03,  1.2775137E+04,3,
  4.1966803E+02,  0.0000000E+00,  2.5295624E+02,2689,  1.6252564E+00,  0.0000000E+00,  1.5379274E-01,  1.0006846E+03,  4.0790477E+04,3,
  4.2082877E+02,  0.0000000E+00,  2.5654568E+02,2870,  1.9348693E+00,  0.0000000E+00,  3.9530806E-02,  1.0003054E+03,  1.8176287E+04,3,
  4.2091757E+02,  0.0000000E+00,  2.5271591E+02,2571,  1.4348005E+00,  0.0000000E+00,  2.9724048E-02,  1.0011873E+03,  7.0847375E+04,3,
  4.2207358E+02,  0.0000000E+00,  2.5600940E+02,2707,  1.9670104E+00,  0.0000000E+00,  1.9372088E-01,  1.0004640E+03,  2.7626279E+04,3,
  4.2286588E+02,  0.0000000E+00,  2.5705408E+02,2705,  1.9062974E+00,  0.0000000E+00,  1.7705110E-01,  1.0002347E+03,  1.3963429E+04,3,
  4.2195541E+02,  0.0000000E+00,  2.5276892E+02,2646,  1.4173653E+00,  0.0000000E+00,  2.7529601E-02,  1.0011199E+03,  6.6809469E+04,3,
  4.2296152E+02,  0.0000000E+00,  2.5309598E+02,2680,  1.4340965E+00,  0.0000000E+00,  7.5884335E-02,  1.0006253E+03,  3.7249180E+04,3,
  4.2421487E+02,  0.0000000E+00,  2.5714438E+02,2560,  1.8045484E+00,  0.0000000E+00,  1.5674865E-01,  1.0002462E+03,  1.4650305E+04,3,
  4.2423642E+02,  0.0000000E+00,  2.5267061E+02,2711,  1.1394492E+00,  0.0000000E+00,  1.2662657E-01,  1.0011122E+03,  6.6349141E+04,3,
  4.2450632E+02,  0.0000000E+00,  2.5548227E+02,2645,  2.0199928E+00,  0.0000000E+00,  1.1122964E-01,  1.0004626E+03,  2.7546217E+04,3,
  4.2455365E+02,  0.0000000E+00,  2.5325504E+02,2799,  1.7260716E+00,  0.0000000E+00,  6.6967666E-02,  1.0003121E+03,  1.8572586E+04,3,
  4.2558630E+02,  0.0000000E+00,  2.5708884E+02,2796,  1.7966394E+00,  0.0000000E+00,  1.0330050E-01,  1.0002563E+03,  1.5249997E+04,3,
  4.2578180E+02,  0.0000000E+00,  2.5315874E+02,2688,  1.4106026E+00,  0.0000000E+00,  1.3014348E-02,  1.0004102E+03,  2.4420713E+04,3,
  4.2657227E+02,  0.0000000E+00,  2.5687103E+02,2805,  1.8529726E+00,  0.0000000E+00,  5.8916952E-02,  1.0002804E+03,  1.6685771E+04,3,
  4.2655545E+02,  0.0000000E+00,  2.5272127E+02,2635,  1.3583452E+00,  0.0000000E+00,  2.1006374E-02,  1.0010920E+03,  6.5143621E+04,3,
  4.2766782E+02,  0.0000000E+00,  2.5590572E+02,2789,  1.8924677E+00,  0.0000000E+00, -5.3037249E-02,  1.0005171E+03,  3.0792834E+04,3,
  4.2838437E+02,  0.0000000E+00,  2.5703436E+02,2926,  1.8132023E+00,  0.0000000E+00,  5.4424036E-02,  1.0002560E+03,  1.5235458E+04,3,
  4.2762970E+02,  0.0000000E+00,  2.5283490E+02,2681,  1.4651417E+00,  0.0000000E+00,  1.0497853E-03,  1.0009445E+03,  5.6314891E+04,3,
  4.2857275E+02,  0.0000000E+00,  2.5315273E+02,2735,  1.4497786E+00,  0.0000000E+00, -2.5741763E-02,  1.0004697E+03,  2.7968363E+04,3,
  4.2969745E+02,  0.0000000E+00,  2.5714246E+02,2928,  1.8200909E+00,  0.0000000E+00,  7.2676137E-02,  1.0002440E+03,  1.4515833E+04,3,
  4.3035437E+02,  0.0000000E+00,  2.5607333E+02,2570,  1.8045766E+00,  0.0000000E+00,  2.1652584E-03,  1.0005219E+03,  3.1080422E+04,3,
  4.2937793E+02,  0.0000000E+00,  2.5280940E+02,2609,  1.4318421E+00,  0.0000000E+00, -6.3417009E-03,  1.0009449E+03,  5.6344090E+04,3,
  4.3039822E+02,  0.0000000E+00,  2.5312375E+02,2827,  1.4106314E+00,  0.0000000E+00,  1.0253709E-02,  1.0004713E+03,  2.8062984E+04,3,
  4.3117194E+02,  0.0000000E+00,  2.5283151E+02,2656,  1.4117372E+00,  0.0000000E+00,  2.9572573E-02,  1.0009117E+03,  5.4358879E+04,3,
  4.3141583E+02,  0.0000000E+00,  2.5693637E+02,2899,  1.7704600E+00,  0.0000000E+00,  1.0948400E-01,  1.0002661E+03,  1.5831551E+04,3,
  4.3217169E+02,  0.0000000E+00,  2.5285516E+02,2608,  1.4524176E+00,  0.0000000E+00,  3.2959104E-02,  1.0008647E+03,  5.1545953E+04,3,
  4.3298215E+02,  0.0000000E+00,  2.5608084E+02,2624,  1.8432580E+00,  0.0000000E+00, -8.6398125E-03,  1.0005913E+03,  3.5220422E+04,3,
  4.3304013E+02,  0.0000000E+00,  2.5716406E+02,2900,  1.6746807E+00,  0.0000000E+00,  1.1818516E-01,  1.0002328E+03,  1.3854405E+04,3,
  4.3325339E+02,  0.0000000E+00,  2.5289145E+02,2673,  1.4748658E+00,  0.0000000E+00,  2.9083278E-02,  1.0007496E+03,  4.4672047E+04,3,
  4.3381921E+02,  0.0000000E+00,  2.5313249E+02,2516,  1.4331224E+00,  0.0000000E+00,  3.7402663E-02,  1.0003571E+03,  2.1256188E+04,3,
  4.3458109E+02,  0.0000000E+00,  2.5691449E+02,2927,  1.6874442E+00,  0.0000000E+00,  8.7658025E-02,  1.0003351E+03,  1.9943387E+04,3,
  4.3439401E+02,  0.0000000E+00,  2.5316457E+02,2770,  1.3487191E+00,  0.0000000E+00,  1.6494405E-02,  1.0003412E+03,  2.0307025E+04,3,
  4.3559348E+02,  0.0000000E+00,  2.5660352E+02,2533,  1.6952965E+00,  0.0000000E+00, -3.0964920E-02,  1.0005255E+03,  3.1295207E+04,3,
  4.3571460E+02,  0.0000000E+00,  2.5274135E+02,2629,  1.5086929E+00,  0.0000000E+00, -2.2591963E-02,  1.0012327E+03,  7.3563375E+04,3,
  4.3674451E+02,  0.0000000E+00,  2.5680756E+02,2901,  1.6411759E+00,  0.0000000E+00, -1.7206983E-04,  1.0004240E+03,  2.5242928E+04,3,
  4.3663766E+02,  0.0000000E+00,  2.5294843E+02,2666,  1.4701231E+00,  0.0000000E+00, -2.1384753E-01,  1.0010646E+03,  6.3503617E+04,3,
  4.3765805E+02,  0.0000000E+00,  2.5273601E+02,2649,  1.4452730E+00,  0.0000000E+00, -2.5732002E-01,  1.0011875E+03,  7.0858344E+04,3,
  4.3779065E+02,  0.0000000E+00,  2.5662518E+02,2769,  1.5919561E+00,  0.0000000E+00,  2.8604593E-02,  1.0004552E+03,  2.7102256E+04,3,
  4.3881122E+02,  0.0000000E+00,  2.5648502E+02,2790,  1.6385945E+00,  0.0000000E+00,  1.7605609E-01,  1.0004173E+03,  2.4842727E+04,3,
  4.3890002E+02,  0.0000000E+00,  2.5284772E+02,2628,  1.6298943E+00,  0.0000000E+00, -3.1134611E-02,  1.0006204E+03,  3.6954129E+04,3,
  4.3985736E+02,  0.0000000E+00,  2.5737643E+02,2524,  1.7864261E+00,  0.0000000E+00,  5.6608796E-02,  1.0001978E+03,  1.1765019E+04,3,
  4.4004797E+02,  0.0000000E+00,  2.5288597E+02,2535,  8.3355790E-01,  0.0000000E+00,  5.2135015E-01,  1.0008812E+03,  5.2534582E+04,3,
  4.4085727E+02,  0.0000000E+00,  2.5665631E+02,2771,  1.9051670E+00,  0.0000000E+00,  1.0029797E-01,  1.0005769E+03,  3.4360965E+04,3,
  4.4163333E+02,  0.0000000E+00,  2.5735254E+02,2882,  2.2104850E+00,  0.0000000E+00, -3.8111027E-02,  1.0003233E+03,  1.9241600E+04,3,
  4.4061063E+02,  0.0000000E+00,  2.5298215E+02,2648,  6.2588125E-01,  0.0000000E+00,  6.1711222E-01,  1.0012103E+03,  7.2221734E+04,3,
  4.4090387E+02,  0.0000000E+00,  2.5394963E+02,2808,  1.1284943E+00,  0.0000000E+00,  1.0779282E+00,  1.0002338E+03,  1.3908917E+04,3,
  4.4330228E+02,  0.0000000E+00,  2.5706116E+02,2871,  2.1957514E+00,  0.0000000E+00, -2.1975027E-01,  1.0005253E+03,  3.1280646E+04,3,
  4.4185611E+02,  0.0000000E+00,  2.5447285E+02,2683,  2.2152011E+00,  0.0000000E+00,  1.4486952E+00,  1.0003584E+03,  2.1332561E+04,3,
  4.4310001E+02,  0.0000000E+00,  2.5527199E+02,2597,  2.1823487E+00,  0.0000000E+00,  5.2544355E-01,  9.9920959E+02, -4.6884582E+04,3,
  4.4447147E+02,  0.0000000E+00,  2.5622888E+02,2674,  2.9884210E+00,  0.0000000E+00, -2.0688465E-01,  1.0019665E+03,  1.1761561E+05,3,
  4.4528036E+02,  0.0000000E+00,  2.5526602E+02,2747,  2.2371371E+00,  0.0000000E+00, -7.5437075E-01,  9.9885468E+02, -6.7865109E+04,3,
  4.4629694E+02,  0.0000000E+00,  2.5680368E+02,2873,  3.1460941E+00,  0.0000000E+00, -1.6544594E-01,  1.0004505E+03,  2.6822061E+04,3,
  4.4603604E+02,  0.0000000E+00,  2.5468085E+02,2371,  8.4510547E-01,  0.0000000E+00, -2.3671539E-01,  1.0008560E+03,  5.1024320E+04,3,
  4.4703638E+02,  0.0000000E+00,  2.5489145E+02,2652,  2.1753488E+00,  0.0000000E+00, -2.2138809E-01,  1.0003408E+03,  2.0281570E+04,3,
  4.4845984E+02,  0.0000000E+00,  2.5515166E+02,2700,  2.0717897E+00,  0.0000000E+00, -1.8705043E-01,  9.9997644E+02, -1.4007046E+03,3,
  4.4837274E+02,  0.0000000E+00,  2.5656305E+02,2890,  2.2502041E+00,  0.0000000E+00,  3.6546499E-02,  1.0004078E+03,  2.4275195E+04,3,
  4.4941364E+02,  0.0000000E+00,  2.5471861E+02,2601,  2.0456469E+00,  0.0000000E+00, -6.7704827E-02,  1.0008265E+03,  4.9262637E+04,3,
  4.5043045E+02,  0.0000000E+00,  2.5648593E+02,2892,  2.2671969E+00,  0.0000000E+00,  8.4739640E-02,  1.0003052E+03,  1.8161746E+04,3,
  4.5040533E+02,  0.0000000E+00,  2.5495407E+02,2554,  1.9530902E+00,  0.0000000E+00, -1.9084053E-02,  1.0002146E+03,  1.2767869E+04,3,
  4.5220541E+02,  0.0000000E+00,  2.5592613E+02,2826,  2.3360615E+00,  0.0000000E+00,  1.0786501E-01,  1.0004833E+03,  2.8779953E+04,3,
  4.5215891E+02,  0.0000000E+00,  2.5474231E+02,2582,  1.5660151E+00,  0.0000000E+00,  3.4747839E-01,  1.0006712E+03,  3.9988836E+04,3,
  4.5368204E+02,  0.0000000E+00,  2.5513292E+02,2607,  2.3789947E+00,  0.0000000E+00,  3.3366096E-01,  9.9978516E+02, -1.2765938E+04,3,
  4.5421509E+02,  0.0000000E+00,  2.5642148E+02,2506,  2.2847815E+00,  0.0000000E+00,  1.4150830E-01,  1.0002751E+03,  1.6373154E+04,3,
  4.5412070E+02,  0.0000000E+00,  2.5474208E+02,2807,  1.9282429E+00,  0.0000000E+00,  3.0921096E-01,  1.0008076E+03,  4.8135758E+04,3,
  4.5561371E+02,  0.0000000E+00,  2.5497725E+02,2671,  2.2014225E+00,  0.0000000E+00,  5.0193435E-03,  1.0004196E+03,  2.4980977E+04,3,
  4.5665372E+02,  0.0000000E+00,  2.5656387E+02,2760,  2.1749060E+00,  0.0000000E+00,  2.3805466E-02,  1.0002188E+03,  1.3014964E+04,3,
  4.5672791E+02,  0.0000000E+00,  2.5514169E+02,2691,  2.1445329E+00,  0.0000000E+00, -2.6373988E-01,  1.0002985E+03,  1.7765465E+04,3,
  4.5761133E+02,  0.0000000E+00,  2.5494998E+02,2672,  2.0651019E+00,  0.0000000E+00, -1.6599153E-01,  1.0005110E+03,  3.0432451E+04,3,
  4.5846768E+02,  0.0000000E+00,  2.5498793E+02,2692,  1.9963330E+00,  0.0000000E+00, -1.0895179E-01,  1.0002249E+03,  1.3378350E+04,3,
  4.5931451E+02,  0.0000000E+00,  2.5615201E+02,2834,  2.0436289E+00,  0.0000000E+00, -7.5593464E-02,  1.0002656E+03,  1.5802473E+04,3,
  4.5967386E+02,  0.0000000E+00,  2.5487944E+02,2753,  2.1827407E+00,  0.0000000E+00, -1.1774308E-02,  1.0005462E+03,  3.2529408E+04,3,
  4.6090686E+02,  0.0000000E+00,  2.5484747E+02,2619,  2.3852372E+00,  0.0000000E+00, -1.3722685E-01,  1.0005984E+03,  3.5646535E+04,3,
  4.6148148E+02,  0.0000000E+00,  2.5619568E+02,2874,  1.8492196E+00,  0.0000000E+00, -8.8433862E-02,  1.0001779E+03,  1.0584256E+04,3,
  4.6247940E+02,  0.0000000E+00,  2.5494539E+02,2843,  1.9592468E+00,  0.0000000E+00, -2.2027723E-01,  1.0001021E+03,  6.0732188E+03,3,
  4.6280923E+02,  0.0000000E+00,  2.5525105E+02,2863,  2.1721189E+00,  0.0000000E+00, -2.9224840E-01,  1.0006287E+03,  3.7453168E+04,3,
  4.6413196E+02,  0.0000000E+00,  2.5514429E+02,2854,  2.0874853E+00,  0.0000000E+00, -1.2769535E-01,  1.0010822E+03,  6.4555527E+04,3,
  4.6540652E+02,  0.0000000E+00,  2.5549985E+02,2751,  2.2347686E+00,  0.0000000E+00,  3.9776605E-02,  9.9979102E+02, -1.2417993E+04,3,
  4.6579825E+02,  0.0000000E+00,  2.5468048E+02,2600,  1.9414222E+00,  0.0000000E+00, -1.4365800E-01,  1.0011281E+03,  6.7302703E+04,3,
  4.6731342E+02,  0.0000000E+00,  2.5634418E+02,2855,  2.1537199E+00,  0.0000000E+00,  1.9944401E-02,  1.0001376E+03,  8.1868311E+03,3,
  4.6777332E+02,  0.0000000E+00,  2.5513734E+02,2690,  1.9592195E+00,  0.0000000E+00, -1.9208232E-01,  1.0001995E+03,  1.1866752E+04,3,
  4.6787177E+02,  0.0000000E+00,  2.5520697E+02,2679,  2.0120428E+00,  0.0000000E+00, -6.7290530E-02,  1.0004017E+03,  2.3911410E+04,3,
  4.6885309E+02,  0.0000000E+00,  2.5651099E+02,2865,  2.0034497E+00,  0.0000000E+00,  2.0405686E-02,  1.0000718E+03,  4.2686523E+03,3,
  4.6966959E+02,  0.0000000E+00,  2.5449254E+02,2444,  1.9773546E+00,  0.0000000E+00,  4.0003259E-02,  1.0011643E+03,  6.9469555E+04,3,
  4.7102740E+02,  0.0000000E+00,  2.5522440E+02,2453,  2.0131106E+00,  0.0000000E+00,  1.8272446E-01,  1.0004051E+03,  2.4115129E+04,3,
  4.7121060E+02,  0.0000000E+00,  2.5606366E+02,2633,  1.9793442E+00,  0.0000000E+00,  3.1729881E-02,  1.0001465E+03,  8.7171201E+03,3,
  4.7247281E+02,  0.0000000E+00,  2.5525600E+02,2663,  2.1669223E+00,  0.0000000E+00,  1.6614474E-01,  1.0003020E+03,  1.7972691E+04,3,
  4.7276135E+02,  0.0000000E+00,  2.5492130E+02,2698,  2.0435028E+00,  0.0000000E+00,  5.0786205E-02,  1.0005988E+03,  3.5664746E+04,3,
  4.7429529E+02,  0.0000000E+00,  2.5517114E+02,2682,  1.9062080E+00,  0.0000000E+00, -2.2457384E-01,  1.0003391E+03,  2.0179750E+04,3,
  4.7472153E+02,  0.0000000E+00,  2.5500542E+02,2588,  2.1021564E+00,  0.0000000E+00,  9.3718832E-03,  1.0005687E+03,  3.3873004E+04,3,
  4.7547433E+02,  0.0000000E+00,  2.5512669E+02,2654,  2.0636861E+00,  0.0000000E+00,  6.4074151E-02,  1.0001119E+03,  6.6542358E+03,3,
  4.7562292E+02,  0.0000000E+00,  2.5632385E+02,2838,  1.8304085E+00,  0.0000000E+00,  9.5100582E-02,  1.0001296E+03,  7.7074155E+03,3,
  4.7709180E+02,  0.0000000E+00,  2.5477773E+02,2798,  2.1069639E+00,  0.0000000E+00,  1.8042673E-01,  1.0007337E+03,  4.3720648E+04,3,
  4.7819104E+02,  0.0000000E+00,  2.5530986E+02,2847,  2.0643032E+00,  0.0000000E+00,  2.8327411E-01,  1.0005250E+03,  3.1266084E+04,3,
  4.7828506E+02,  0.0000000E+00,  2.5560037E+02,2630,  1.9420596E+00,  0.0000000E+00,  2.7974081E-01,  1.0002692E+03,  1.6016929E+04,3,
  4.7977261E+02,  0.0000000E+00,  2.5468057E+02,2622,  1.9494833E+00,  0.0000000E+00,  1.3398503E-01,  1.0010551E+03,  6.2930230E+04,3,
  4.8119589E+02,  0.0000000E+00,  2.5501440E+02,2837,  2.0069339E+00,  0.0000000E+00,  2.3029645E-01,  1.0004763E+03,  2.8357771E+04,3,
  4.8146078E+02,  0.0000000E+00,  2.5584727E+02,2829,  1.8621507E+00,  0.0000000E+00,  9.9132404E-02,  1.0002562E+03,  1.5246362E+04,3,
  4.8310870E+02,  0.0000000E+00,  2.5516612E+02,2461,  2.0604460E+00,  0.0000000E+00,  1.5010442E-01,  1.0002887E+03,  1.7180162E+04,3,
  4.8314355E+02,  0.0000000E+00,  2.5481181E+02,2611,  2.0089557E+00,  0.0000000E+00,  2.0037997E-01,  1.0005361E+03,  3.1928672E+04,3,
  4.8318951E+02,  0.0000000E+00,  2.5624634E+02,2697,  2.0072846E+00,  0.0000000E+00,  1.7716622E-01,  1.0001727E+03,  1.0275464E+04,3,
  4.8502335E+02,  0.0000000E+00,  2.5488766E+02,2715,  2.1828907E+00,  0.0000000E+00,  1.2910324E-01,  1.0006417E+03,  3.8225461E+04,3,
  4.8539417E+02,  0.0000000E+00,  2.5654245E+02,2595,  1.5622362E+00,  0.0000000E+00,  2.0488791E-01,  1.0000854E+03,  5.0783066E+03,3,
  4.8619208E+02,  0.0000000E+00,  2.5502014E+02,2752,  2.0488825E+00,  0.0000000E+00, -8.1256501E-02,  1.0005016E+03,  2.9871881E+04,3,
  4.8720963E+02,  0.0000000E+00,  2.5485471E+02,2820,  1.9109864E+00,  0.0000000E+00, -1.1511134E-01,  1.0008385E+03,  4.9981133E+04,3,
  4.8868127E+02,  0.0000000E+00,  2.5520299E+02,2353,  1.8513373E+00,  0.0000000E+00,  7.5158350E-02,  1.0002413E+03,  1.4355923E+04,3,
  4.8950867E+02,  0.0000000E+00,  2.5543893E+02,2589,  1.9917501E+00,  0.0000000E+00,  2.0581760E-01,  1.0005854E+03,  3.4867164E+04,3,
  4.8966211E+02,  0.0000000E+00,  2.5484341E+02,2517,  1.8596821E+00,  0.0000000E+00,  3.1626072E-02,  1.0007321E+03,  4.3625879E+04,3,
  4.9105026E+02,  0.0000000E+00,  2.5522903E+02,2719,  1.8556380E+00,  0.0000000E+00, -3.0609870E-02,  9.9906799E+02, -5.5260508E+04,3,
  4.9104956E+02,  0.0000000E+00,  2.5647495E+02,2810,  1.8773632E+00,  0.0000000E+00,  6.2420551E-02,  1.0002573E+03,  1.5308150E+04,3,
  4.9180902E+02,  0.0000000E+00,  2.5487276E+02,2726,  1.8679137E+00,  0.0000000E+00,  2.7879251E-02,  1.0008842E+03,  5.2713348E+04,3,
  4.9291263E+02,  0.0000000E+00,  2.5492085E+02,2602,  1.8648071E+00,  0.0000000E+00,  4.3533709E-02,  1.0006262E+03,  3.7303816E+04,3,
  4.9407083E+02,  0.0000000E+00,  2.5626559E+02,2780,  1.8564323E+00,  0.0000000E+00,  5.9195150E-02,  1.0003046E+03,  1.8125389E+04,3,
  4.9418707E+02,  0.0000000E+00,  2.5491954E+02,2518,  1.9063194E+00,  0.0000000E+00,  7.1913354E-02,  1.0004707E+03,  2.8026592E+04,3,
  4.9542645E+02,  0.0000000E+00,  2.5493549E+02,2462,  1.8752048E+00,  0.0000000E+00,  5.0334178E-02,  1.0006473E+03,  3.8564266E+04,3,
  4.9632385E+02,  0.0000000E+00,  2.5523840E+02,2755,  1.8768145E+00,  0.0000000E+00,  9.1079317E-02,  9.9933862E+02, -3.9246176E+04,3,
  4.9682990E+02,  0.0000000E+00,  2.5500107E+02,2618,  1.8779275E+00,  0.0000000E+00,  3.7533250E-02,  1.0005620E+03,  3.3468812E+04,3,
  4.9674759E+02,  0.0000000E+00,  2.5656827E+02,2802,  1.8313419E+00,  0.0000000E+00,  7.0140712E-02,  1.0002757E+03,  1.6405869E+04,3,
  4.9822574E+02,  0.0000000E+00,  2.5469418E+02,2573,  1.8755126E+00,  0.0000000E+00,  6.0267583E-02,  1.0009905E+03,  5.9067098E+04,3,
  4.9947601E+02,  0.0000000E+00,  2.5642621E+02,2801,  1.8374697E+00,  0.0000000E+00,  6.2137555E-02,  1.0002875E+03,  1.7107455E+04,3,
  4.9974216E+02,  0.0000000E+00,  2.5502377E+02,2627,  1.8332995E+00,  0.0000000E+00,  6.2048219E-02,  1.0004702E+03,  2.7997479E+04,3,
  5.0046024E+02,  0.0000000E+00,  2.5519579E+02,2525,  1.8738412E+00,  0.0000000E+00,  1.2501685E-01,  9.9965588E+02, -2.0439332E+04,3,
  5.0084756E+02,  0.0000000E+00,  2.5512337E+02,2637,  1.9326179E+00,  0.0000000E+00, -1.8303486E-02,  1.0002415E+03,  1.4370460E+04,3,
  5.0234454E+02,  0.0000000E+00,  2.5470375E+02,2490,  1.8758615E+00,  0.0000000E+00, -8.2290703E-03,  1.0009340E+03,  5.5687172E+04,3,
  5.0226953E+02,  0.0000000E+00,  2.5641547E+02,2792,  1.7521743E+00,  0.0000000E+00,  3.8100667E-02,  1.0002760E+03,  1.6424045E+04,3,
  5.0368546E+02,  0.0000000E+00,  2.5508440E+02,2665,  1.8017678E+00,  0.0000000E+00,  1.3017030E-02,  1.0003390E+03,  2.0176113E+04,3,
  5.0451791E+02,  0.0000000E+00,  2.5501172E+02,2544,  1.8965735E+00,  0.0000000E+00, -3.3980932E-02,  1.0004453E+03,  2.6512764E+04,3,
  5.0531546E+02,  0.0000000E+00,  2.5514467E+02,2655,  1.8987423E+00,  0.0000000E+00, -5.4666564E-02,  9.9974274E+02, -1.5284539E+04,3,
  5.0548035E+02,  0.0000000E+00,  2.5625748E+02,2661,  1.8062506E+00,  0.0000000E+00, -3.8011163E-02,  1.0002952E+03,  1.7569148E+04,3,
  5.0642007E+02,  0.0000000E+00,  2.5487675E+02,2644,  1.7824668E+00,  0.0000000E+00, -6.8224251E-02,  1.0007059E+03,  4.2062297E+04,3,
  5.0748242E+02,  0.0000000E+00,  2.5508109E+02,2590,  1.8496113E+00,  0.0000000E+00, -6.0942084E-02,  1.0003816E+03,  2.2714654E+04,3,
  5.0777264E+02,  0.0000000E+00,  2.5509120E+02,2636,  1.8883153E+00,  0.0000000E+00, -3.8905300E-02,  1.0001940E+03,  1.1543388E+04,3,
  5.0925336E+02,  0.0000000E+00,  2.5568692E+02,2670,  1.7717648E+00,  0.0000000E+00,  1.0952161E-02,  1.0004114E+03,  2.4489834E+04,3,
  5.0956995E+02,  0.0000000E+00,  2.5483611E+02,2452,  1.8756776E+00,  0.0000000E+00, -1.3696104E-02,  1.0005668E+03,  3.3760121E+04,3,
  5.1074896E+02,  0.0000000E+00,  2.5501463E+02,2763,  1.8369520E+00,  0.0000000E+00,  1.2164345E-02,  1.0004502E+03,  2.6803867E+04,3,
  5.1198547E+02,  0.0000000E+00,  2.5541615E+02,2764,  1.7977426E+00,  0.0000000E+00,  8.9729264E-02,  1.0003706E+03,  2.2059953E+04,3,
  5.1232397E+02,  0.0000000E+00,  2.5532484E+02,2744,  1.8066611E+00,  0.0000000E+00,  1.6216387E-01,  1.0002598E+03,  1.5460807E+04,3,
  5.1244287E+02,  0.0000000E+00,  2.5522783E+02,2793,  1.8782979E+00,  0.0000000E+00, -5.3876135E-03,  1.0002404E+03,  1.4305043E+04,3,
  5.1454254E+02,  0.0000000E+00,  2.5447852E+02,2586,  1.7849087E+00,  0.0000000E+00, -1.8865316E-01,  1.0018428E+03,  1.1017877E+05,3,
  5.1618958E+02,  0.0000000E+00,  2.5551071E+02,2604,  1.7716528E+00,  0.0000000E+00,  2.9706815E-01,  1.0001709E+03,  1.0166480E+04,3,
  5.1665729E+02,  0.0000000E+00,  2.5526936E+02,2443,  1.5716994E+00,  0.0000000E+00, -1.0463265E-01,  1.0003494E+03,  2.0794322E+04,3,
  5.1754602E+02,  0.0000000E+00,  2.5523514E+02,2754,  1.6114078E+00,  0.0000000E+00, -1.0449249E-01,  1.0000897E+03,  5.3324717E+03,3,
  5.1762122E+02,  0.0000000E+00,  2.5591267E+02,2783,  1.7101144E+00,  0.0000000E+00, -2.1319345E-02,  1.0002203E+03,  1.3105809E+04,3,
  5.1913879E+02,  0.0000000E+00,  2.5448372E+02,2451,  1.7596810E+00,  0.0000000E+00, -2.9319946E-02,  1.0013889E+03,  8.2923328E+04,3,
  5.2014935E+02,  0.0000000E+00,  2.5551118E+02,2766,  1.6329916E+00,  0.0000000E+00, -2.0358948E-02,  1.0001988E+03,  1.1826785E+04,3,
  5.2103699E+02,  0.0000000E+00,  2.5537230E+02,2757,  1.6789702E+00,  0.0000000E+00, -2.6778944E-02,  1.0003433E+03,  2.0434303E+04,3,
  5.2180450E+02,  0.0000000E+00,  2.5505037E+02,2471,  1.6499027E+00,  0.0000000E+00, -1.3740154E-01,  1.0004390E+03,  2.6134344E+04,3,
  5.2273535E+02,  0.0000000E+00,  2.5505727E+02,2426,  1.6633042E+00,  0.0000000E+00, -8.9521907E-02,  1.0003719E+03,  2.2136334E+04,3,
  5.2380725E+02,  0.0000000E+00,  2.5481012E+02,2537,  1.6360496E+00,  0.0000000E+00, -8.1959873E-02,  1.0007015E+03,  4.1796258E+04,3,
  5.2409863E+02,  0.0000000E+00,  2.5606055E+02,2416,  1.7085329E+00,  0.0000000E+00, -8.6276956E-02,  1.0003278E+03,  1.9510672E+04,3,
  5.2518402E+02,  0.0000000E+00,  2.5513126E+02,2621,  1.6360683E+00,  0.0000000E+00, -8.8111952E-02,  9.9991833E+02, -4.8544458E+03,3,
  5.2578961E+02,  0.0000000E+00,  2.5493498E+02,2612,  1.7127807E+00,  0.0000000E+00, -9.0092100E-02,  1.0003534E+03,  2.1034344E+04,3,
  5.2648663E+02,  0.0000000E+00,  2.5599081E+02,2738,  1.6588013E+00,  0.0000000E+00, -5.7367887E-02,  1.0004277E+03,  2.5464865E+04,3,
  5.2738861E+02,  0.0000000E+00,  2.5477048E+02,2509,  1.6601131E+00,  0.0000000E+00, -8.1558704E-02,  1.0007495E+03,  4.4664754E+04,3,
  5.2858679E+02,  0.0000000E+00,  2.5509615E+02,2638,  1.6138465E+00,  0.0000000E+00, -8.7075479E-02,  1.0001068E+03,  6.3491978E+03,3,
  5.2899426E+02,  0.0000000E+00,  2.5615427E+02,2727,  1.6787242E+00,  0.0000000E+00, -2.8110297E-02,  1.0002954E+03,  1.7580055E+04,3,
  5.2964355E+02,  0.0000000E+00,  2.5490216E+02,2417,  1.6494135E+00,  0.0000000E+00,  2.5921037E-02,  1.0006885E+03,  4.1023691E+04,3,
  5.3055066E+02,  0.0000000E+00,  2.5518095E+02,2664,  1.6786381E+00,  0.0000000E+00,  3.6944360E-02,  9.9999792E+02, -1.2338608E+02,3,
  5.3166040E+02,  0.0000000E+00,  2.5628763E+02,2709,  1.6873076E+00,  0.0000000E+00,  3.6880985E-02,  1.0002261E+03,  1.3454662E+04,3,
  5.3180847E+02,  0.0000000E+00,  2.5466559E+02,2491,  1.6407918E+00,  0.0000000E+00,  1.3413897E-02,  1.0009786E+03,  5.8355250E+04,3,
  5.3340985E+02,  0.0000000E+00,  2.5513510E+02,2335,  1.6206725E+00,  0.0000000E+00,  6.0830571E-02,  1.0003249E+03,  1.9336139E+04,3,
  5.3356085E+02,  0.0000000E+00,  2.5521495E+02,2620,  1.6481044E+00,  0.0000000E+00,  5.6233700E-02,  1.0000449E+03,  2.6713223E+03,3,
  5.3414099E+02,  0.0000000E+00,  2.5652792E+02,2739,  1.6722839E+00,  0.0000000E+00,  4.5231011E-02,  1.0001600E+03,  9.5162402E+03,3,
  5.3490820E+02,  0.0000000E+00,  2.5480215E+02,2546,  1.6546191E+00,  0.0000000E+00,  2.8804284E-02,  1.0008414E+03,  5.0152559E+04,3,
  5.3624670E+02,  0.0000000E+00,  2.5484877E+02,2481,  1.6443040E+00,  0.0000000E+00,  2.5556142E-02,  1.0007693E+03,  4.5845926E+04,3,
  5.3689575E+02,  0.0000000E+00,  2.5649176E+02,2407,  1.6409769E+00,  0.0000000E+00,  1.0663522E-02,  1.0002346E+03,  1.3959794E+04,3,
  5.3751044E+02,  0.0000000E+00,  2.5524539E+02,2647,  1.6540722E+00,  0.0000000E+00, -4.5247085E-02,  9.9942145E+02, -3.4339879E+04,3,
  5.3785529E+02,  0.0000000E+00,  2.5490028E+02,2657,  1.6648139E+00,  0.0000000E+00, -1.0573937E-02,  1.0006257E+03,  3.7271035E+04,3,
  5.3869934E+02,  0.0000000E+00,  2.5644241E+02,2616,  1.6218116E+00,  0.0000000E+00,  2.4902059E-02,  1.0002063E+03,  1.2273698E+04,3,
  5.3902661E+02,  0.0000000E+00,  2.5494493E+02,2547,  1.6608040E+00,  0.0000000E+00, -1.7023891E-02,  1.0006982E+03,  4.1599465E+04,3,
  5.4077277E+02,  0.0000000E+00,  2.5478098E+02,2653,  1.6431308E+00,  0.0000000E+00,  1.6286680E-02,  1.0006501E+03,  3.8728207E+04,3,
  5.4084338E+02,  0.0000000E+00,  2.5539757E+02,2625,  1.6101013E+00,  0.0000000E+00,  1.1492067E-01,  1.0005415E+03,  3.2249061E+04,3,
  5.4230219E+02,  0.0000000E+00,  2.5514339E+02,2729,  1.6155413E+00,  0.0000000E+00,  5.0733153E-02,  1.0002287E+03,  1.3607289E+04,3,
  5.4294824E+02,  0.0000000E+00,  2.5493353E+02,2701,  1.5965697E+00,  0.0000000E+00,  8.4149279E-02,  1.0009716E+03,  5.7939113E+04,3,
  5.4421777E+02,  0.0000000E+00,  2.5604266E+02,2558,  1.7786551E+00,  0.0000000E+00,  7.2983973E-02,  1.0001111E+03,  6.6070269E+03,3,
  5.4441077E+02,  0.0000000E+00,  2.5485484E+02,2520,  1.5574152E+00,  0.0000000E+00,  1.0102086E-01,  1.0007454E+03,  4.4420520E+04,3,
  5.4572498E+02,  0.0000000E+00,  2.5494849E+02,2510,  1.5862340E+00,  0.0000000E+00,  6.8839870E-02,  1.0003204E+03,  1.9067070E+04,3,
  5.4664197E+02,  0.0000000E+00,  2.5502919E+02,2591,  1.6122270E+00,  0.0000000E+00,  3.4174174E-02,  1.0006206E+03,  3.6968695E+04,3,
  5.4674615E+02,  0.0000000E+00,  2.5627441E+02,2398,  1.6934242E+00,  0.0000000E+00,  5.1706847E-02,  1.0001528E+03,  9.0876133E+03,3,
  5.4819049E+02,  0.0000000E+00,  2.5496631E+02,2499,  1.6094182E+00,  0.0000000E+00,  1.3952998E-02,  1.0006039E+03,  3.5970688E+04,3,
  5.4844153E+02,  0.0000000E+00,  2.5509999E+02,2529,  1.6717060E+00,  0.0000000E+00,  4.1933160E-02,  1.0002001E+03,  1.1903086E+04,3,
  5.4857245E+02,  0.0000000E+00,  2.5510420E+02,2454,  1.6256181E+00,  0.0000000E+00,  5.0285193E-03,  1.0002970E+03,  1.7674576E+04,3,
  5.5020422E+02,  0.0000000E+00,  2.5563240E+02,2694,  1.5825466E+00,  0.0000000E+00,  4.7391225E-02,  9.9971698E+02, -1.6813508E+04,3,
  5.5106903E+02,  0.0000000E+00,  2.5475165E+02,2702,  1.6092005E+00,  0.0000000E+00, -1.0784966E-01,  1.0019021E+03,  1.1374234E+05,3,
  5.5198364E+02,  0.0000000E+00,  2.5508496E+02,2498,  1.6385683E+00,  0.0000000E+00, -3.0538555E-02,  1.0004318E+03,  2.5708637E+04,3,
  5.5356061E+02,  0.0000000E+00,  2.5504150E+02,2418,  1.6355309E+00,  0.0000000E+00,  1.0178760E-01,  9.9995172E+02, -2.8701431E+03,3,
  5.5402423E+02,  0.0000000E+00,  2.5503220E+02,2463,  1.5046349E+00,  0.0000000E+00, -5.5863228E-02,  1.0002313E+03,  1.3763553E+04,3,
  5.5405359E+02,  0.0000000E+00,  2.5631549E+02,2684,  1.5635359E+00,  0.0000000E+00, -3.6599133E-02,  1.0003315E+03,  1.9732480E+04,3,
  5.5488580E+02,  0.0000000E+00,  2.5511121E+02,2593,  1.6488316E+00,  0.0000000E+00, -5.5790830E-02,  9.9999603E+02, -2.3588380E+02,3,
  5.5564142E+02,  0.0000000E+00,  2.5505240E+02,2572,  1.6275153E+00,  0.0000000E+00,  5.0417241E-02,  1.0004122E+03,  2.4537129E+04,3,
  5.5690540E+02,  0.0000000E+00,  2.5621402E+02,2675,  1.6252873E+00,  0.0000000E+00,  4.0790822E-02,  1.0003177E+03,  1.8910723E+04,3,
  5.5707526E+02,  0.0000000E+00,  2.5471701E+02,2513,  1.6302198E+00,  0.0000000E+00,  2.7981566E-03,  1.0011203E+03,  6.6835039E+04,3,
  5.5858752E+02,  0.0000000E+00,  2.5512302E+02,2548,  1.6263722E+00,  0.0000000E+00,  2.7114941E-02,  9.9986096E+02, -8.2634717E+03,3,
  5.5876227E+02,  0.0000000E+00,  2.5513036E+02,2555,  1.5810806E+00,  0.0000000E+00,  2.6078409E-02,  1.0000207E+03,  1.2303158E+03,3,
  5.5973682E+02,  0.0000000E+00,  2.5498024E+02,2584,  1.5322956E+00,  0.0000000E+00,  4.9716879E-02,  1.0002054E+03,  1.2222829E+04,3,
  5.6030896E+02,  0.0000000E+00,  2.5641577E+02,2693,  1.5464797E+00,  0.0000000E+00,  3.1042600E-02,  1.0003359E+03,  1.9994295E+04,3,
  5.6104236E+02,  0.0000000E+00,  2.5496899E+02,2583,  1.6316936E+00,  0.0000000E+00,  2.4829492E-01,  1.0013608E+03,  8.1243820E+04,3,
  5.6172864E+02,  0.0000000E+00,  2.5504553E+02,2556,  1.6786867E+00,  0.0000000E+00,  4.9872145E-02,  9.9944409E+02, -3.2998086E+04,3,
  5.6278387E+02,  0.0000000E+00,  2.5494823E+02,2492,  1.5992701E+00,  0.0000000E+00,  4.7323450E-02,  9.9985089E+02, -8.8617432E+03,3,
  5.6349451E+02,  0.0000000E+00,  2.5512080E+02,2500,  1.5290512E+00,  0.0000000E+00,  2.1320310E-01,  1.0012246E+03,  7.3080805E+04,3,
  5.6358368E+02,  0.0000000E+00,  2.5607288E+02,2489,  1.9455380E+00,  0.0000000E+00, -1.0124929E-01,  1.0007469E+03,  4.4508004E+04,3,
  5.6524060E+02,  0.0000000E+00,  2.5469400E+02,2553,  1.6029854E+00,  0.0000000E+00, -1.3582064E-01,  9.9975787E+02, -1.4385889E+04,3,
  5.6583368E+02,  0.0000000E+00,  2.5563939E+02,2372,  1.6012326E+00,  0.0000000E+00, -8.4447002E-01,  9.9895020E+02, -6.2222988E+04,3,
  5.6662213E+02,  0.0000000E+00,  2.5531107E+02,2562,  8.7877405E-01,  0.0000000E+00, -8.9770108E-01,  1.0016055E+03,  9.5918867E+04,3,
  5.6743445E+02,  0.0000000E+00,  2.5497025E+02,2599,  2.9914627E+00,  0.0000000E+00,  6.8700269E-02,  1.0036992E+03,  2.2240395E+05,3,
  5.6855975E+02,  0.0000000E+00,  2.5544289E+02,2676,  2.6402509E+00,  0.0000000E+00,  3.4003982E-01,  9.9796283E+02, -1.2038821E+05,3,
  5.7001086E+02,  0.0000000E+00,  2.5580490E+02,2545,  2.5440340E+00,  0.0000000E+00,  7.5599551E-01,  1.0001689E+03,  1.0050233E+04,3,
  5.7151227E+02,  0.0000000E+00,  2.5675464E+02,2541,  2.1794605E+00,  0.0000000E+00,  7.9238766E-01,  1.0002618E+03,  1.5577117E+04,3,
  5.7191101E+02,  0.0000000E+00,  2.5633334E+02,2639,  2.0328691E+00,  0.0000000E+00,  8.0329633E-01,  1.0001871E+03,  1.1129206E+04,3,
  5.7074951E+02,  0.0000000E+00,  2.5285617E+02,2567,  1.9271547E-02,  0.0000000E+00, -2.3544887E-01,  1.0009579E+03,  5.7121496E+04,3,
  5.7027283E+02,  0.0000000E+00,  2.5299600E+02,2381,  2.4487868E-02,  0.0000000E+00, -4.1443679E-01,  1.0012658E+03,  7.5548758E+04,3,
  5.7147766E+02,  0.0000000E+00,  2.5299153E+02,2464,  2.5582716E-01,  0.0000000E+00, -5.5945542E-02,  1.0006583E+03,  3.9216410E+04,3,
  5.7280383E+02,  0.0000000E+00,  2.5297011E+02,2428, -1.7113827E-01,  0.0000000E+00,  2.7770491E-02,  1.0003750E+03,  2.2321828E+04,3,
  5.6962006E+02,  0.0000000E+00,  2.5285011E+02,2566, -2.8517500E-01,  0.0000000E+00, -1.4715257E-01,  1.0009254E+03,  5.5172621E+04,3,
  5.7358954E+02,  0.0000000E+00,  2.5604669E+02,2354,  1.1553218E+00,  0.0000000E+00,  4.5121136E-01,  1.0001199E+03,  7.1336001E+03,3,
  5.7434381E+02,  0.0000000E+00,  2.5576048E+02,2508,  1.0765289E+00,  0.0000000E+00,  6.7167372E-02,  1.0001877E+03,  1.1165537E+04,3,
  5.7559290E+02,  0.0000000E+00,  2.5609924E+02,2486,  1.6781745E+00,  0.0000000E+00, -3.4190425E-01,  1.0000806E+03,  4.7951016E+03,3,
  5.7653375E+02,  0.0000000E+00,  2.5552458E+02,2527,  2.0427055E+00,  0.0000000E+00, -2.9909164E-01,  1.0001237E+03,  7.3551323E+03,3,
  5.7803241E+02,  0.0000000E+00,  2.5601773E+02,2526,  2.2941425E+00,  0.0000000E+00, -1.8840066E-01,  1.0000568E+03,  3.3755679E+03,3,
  5.7875055E+02,  0.0000000E+00,  2.5556544E+02,2564,  1.9175034E+00,  0.0000000E+00, -1.3059013E-01,  1.0000182E+03,  1.0851378E+03,3,
  5.7972412E+02,  0.0000000E+00,  2.5514578E+02,2473,  1.4761742E+00,  0.0000000E+00, -6.8498594E-01,  1.0000540E+03,  3.2122075E+03,3,
  5.7390759E+02,  0.0000000E+00,  2.5289752E+02,2574, -4.3275869E-01,  0.0000000E+00,  2.0480621E-01,  1.0008938E+03,  5.3286152E+04,3,
  5.7482935E+02,  0.0000000E+00,  2.5307164E+02,2419, -2.1984169E-01,  0.0000000E+00,  4.6422845E-01,  1.0006331E+03,  3.7715449E+04,3,
  5.7567926E+02,  0.0000000E+00,  2.5291380E+02,2435, -1.2498244E-01,  0.0000000E+00,  4.2665130E-01,  1.0006489E+03,  3.8658988E+04,3,
  5.7669647E+02,  0.0000000E+00,  2.5266470E+02,2483,  6.2988006E-04,  0.0000000E+00,  2.8405201E-01,  1.0009412E+03,  5.6117812E+04,3,
  5.7810516E+02,  0.0000000E+00,  2.5278557E+02,2445, -2.0959847E-01,  0.0000000E+00, -5.9032547E-03,  1.0006426E+03,  3.8280105E+04,3,
  5.7918176E+02,  0.0000000E+00,  2.5298280E+02,2530, -2.5637910E-01,  0.0000000E+00, -2.3861398E-01,  1.0004107E+03,  2.4449816E+04,3,
  5.8002271E+02,  0.0000000E+00,  2.5288953E+02,2484,  2.4040005E-01,  0.0000000E+00, -1.8002862E-02,  1.0007093E+03,  4.2262742E+04,3,
  5.8007855E+02,  0.0000000E+00,  2.5336542E+02,2308,  3.3149567E-01,  0.0000000E+00,  4.3117080E-02,  1.0004973E+03,  2.9609807E+04,3,
  5.8120325E+02,  0.0000000E+00,  2.5591817E+02,2362,  2.1117361E+00,  0.0000000E+00, -1.3114955E+00,  1.0001337E+03,  7.9543843E+03,3,
  5.8275745E+02,  0.0000000E+00,  2.5594843E+02,2667,  2.8887975E+00,  0.0000000E+00, -7.7702069E-01,  1.0003651E+03,  2.1732619E+04,3,
  5.8401373E+02,  0.0000000E+00,  2.5587788E+02,2581,  3.0768199E+00,  0.0000000E+00,  9.6188128E-02,  1.0009195E+03,  5.4822301E+04,3,
  5.8516284E+02,  0.0000000E+00,  2.5505197E+02,2457,  1.7691383E+00,  0.0000000E+00, -9.2653775E-01,  9.9979095E+02, -1.2421618E+04,3,
  5.8608295E+02,  0.0000000E+00,  2.5639389E+02,2640,  2.0629363E+00,  0.0000000E+00,  1.7950939E-01,  1.0006672E+03,  3.9752000E+04,3,
  5.8431464E+02,  0.0000000E+00,  2.5527953E+02,2475,  2.4680097E+00,  0.0000000E+00, -3.9773417E-01,  9.9835040E+02, -9.7597602E+04,3,
  5.8685254E+02,  0.0000000E+00,  2.5492769E+02,2536,  2.3769207E+00,  0.0000000E+00, -3.0692133E-01,  1.0012014E+03,  7.1691711E+04,3,
  5.8318927E+02,  0.0000000E+00,  2.5427647E+02,2631,  1.5725213E+00,  0.0000000E+00,  4.5688811E-01,  1.0013203E+03,  7.8814695E+04,3,
  5.8771881E+02,  0.0000000E+00,  2.5513449E+02,2531,  1.5162721E+00,  0.0000000E+00,  8.3042437E-01,  9.9811609E+02, -1.1138240E+05,3,
  5.8822363E+02,  0.0000000E+00,  2.5499757E+02,2409,  2.7194195E+00,  0.0000000E+00,  5.0920612E-01,  1.0017100E+03,  1.0219748E+05,3,
  5.9012238E+02,  0.0000000E+00,  2.5480334E+02,2380,  1.7360038E+00,  0.0000000E+00, -7.4084562E-01,  1.0001946E+03,  1.1576087E+04,3,
  5.8987341E+02,  0.0000000E+00,  2.5512889E+02,2603,  2.4121485E+00,  0.0000000E+00, -1.6479972E-01,  9.9981146E+02, -1.1203720E+04,3,
  5.8984442E+02,  0.0000000E+00,  2.5521243E+02,2592,  2.1129997E+00,  0.0000000E+00,  3.6750892E-01,  1.0000640E+03,  3.8075784E+03,3,
  5.9228333E+02,  0.0000000E+00,  2.5535007E+02,2307,  1.8171185E+00,  0.0000000E+00, -5.2257007E-01,  1.0010104E+03,  6.0260930E+04,3,
  5.9431488E+02,  0.0000000E+00,  2.5468492E+02,2344,  2.0115628E+00,  0.0000000E+00,  3.6597103E-01,  1.0014230E+03,  8.4972789E+04,3,
  5.9425165E+02,  0.0000000E+00,  2.5570868E+02,2345,  1.9890192E+00,  0.0000000E+00,  2.5495626E-02,  1.0008145E+03,  4.8544191E+04,3,
  5.9486603E+02,  0.0000000E+00,  2.5506300E+02,2565,  2.5204642E+00,  0.0000000E+00,  4.6723667E-01,  1.0013900E+03,  8.2992859E+04,3,
  5.9500275E+02,  0.0000000E+00,  2.5511411E+02,2557,  2.4448965E+00,  0.0000000E+00,  3.8091630E-01,  9.9518738E+02, -2.8205022E+05,3,
  5.9688971E+02,  0.0000000E+00,  2.5488676E+02,2563,  1.8296325E+00,  0.0000000E+00, -1.5236558E-01,  1.0007119E+03,  4.2419457E+04,3,
  5.9697827E+02,  0.0000000E+00,  2.5541774E+02,2468,  1.8089706E+00,  0.0000000E+00,  1.5408349E-01,  1.0014989E+03,  8.9523352E+04,3,
  5.9893951E+02,  0.0000000E+00,  2.5489023E+02,2519,  2.9043572E+00,  0.0000000E+00, -6.6291618E-01,  9.9993005E+02, -4.1579897E+03,3,
  5.9950488E+02,  0.0000000E+00,  2.5550558E+02,2472,  1.8186510E+00,  0.0000000E+00, -3.3852661E-01,  1.0008099E+03,  4.8270684E+04,3,
  6.0071954E+02,  0.0000000E+00,  2.5506529E+02,2494,  2.1761837E+00,  0.0000000E+00, -3.6740980E-01,  9.9971393E+02, -1.6994648E+04,3,
  6.0086829E+02,  0.0000000E+00,  2.5505681E+02,2408,  2.1792889E+00,  0.0000000E+00, -5.3372428E-02,  9.9925464E+02, -4.4218676E+04,3,
  6.0173193E+02,  0.0000000E+00,  2.5464919E+02,2522,  1.8783921E+00,  0.0000000E+00, -1.0125474E-01,  1.0013606E+03,  8.1229180E+04,3,
  6.0268365E+02,  0.0000000E+00,  2.5569934E+02,2610,  2.2656696E+00,  0.0000000E+00, -1.1172046E-01,  1.0002797E+03,  1.6642150E+04,3,
  6.0402478E+02,  0.0000000E+00,  2.5510472E+02,2411,  2.2481737E+00,  0.0000000E+00,  3.1919613E-01,  1.0015098E+03,  9.0175172E+04,3,
  6.0469220E+02,  0.0000000E+00,  2.5519157E+02,2539,  2.3990414E+00,  0.0000000E+00,  8.7595195E-01,  1.0008681E+03,  5.1750238E+04,3,
  6.0509644E+02,  0.0000000E+00,  2.5522957E+02,2363,  2.2233934E+00,  0.0000000E+00,  4.4659722E-01,  9.9674805E+02, -1.9147830E+05,3,
  6.0596057E+02,  0.0000000E+00,  2.5485410E+02,2438,  2.1077366E+00,  0.0000000E+00,  7.0288563E-01,  1.0025836E+03,  1.5480873E+05,3,
  6.0683392E+02,  0.0000000E+00,  2.5585127E+02,2594,  2.3891056E+00,  0.0000000E+00,  1.4134213E-01,  1.0002825E+03,  1.6813002E+04,3,
  6.0753540E+02,  0.0000000E+00,  2.5498999E+02,2485,  1.8530072E+00,  0.0000000E+00,  1.7107940E-01,  9.9902789E+02, -5.7631191E+04,3,
  6.0832672E+02,  0.0000000E+00,  2.5489470E+02,2585,  2.0756092E+00,  0.0000000E+00, -3.0117217E-01,  1.0002382E+03,  1.4174211E+04,3,
  6.0905591E+02,  0.0000000E+00,  2.5414459E+02,2576,  2.6247108E+00,  0.0000000E+00, -8.2160836E-01,  1.0028948E+03,  1.7362305E+05,3,
  6.1004474E+02,  0.0000000E+00,  2.5321432E+02,2613,  1.8852369E+00,  0.0000000E+00, -1.5778631E+00,  9.9899774E+02, -5.9413336E+04,3,
  6.1248212E+02,  0.0000000E+00,  2.5479556E+02,2568,  3.1499379E+00,  0.0000000E+00,  1.0854258E-01,  1.0005637E+03,  3.3574410E+04,3,
  6.1083282E+02,  0.0000000E+00,  2.5245245E+02,2495,  1.3586444E-01,  0.0000000E+00, -1.6590273E-01,  1.0013442E+03,  8.0248688E+04,3,
  6.1384900E+02,  0.0000000E+00,  2.5579579E+02,2469,  2.4650848E+00,  0.0000000E+00,  6.2733275E-01,  1.0002914E+03,  1.7340117E+04,3,
  6.1120349E+02,  0.0000000E+00,  2.5268939E+02,2575,  6.6866630E-01,  0.0000000E+00,  4.1952956E-02,  1.0013339E+03,  7.9630438E+04,3,
  6.1287408E+02,  0.0000000E+00,  2.5315843E+02,2317,  2.4855983E+00,  0.0000000E+00,  4.4614965E-01,  1.0000192E+03,  1.1395793E+03,3,
  6.1421191E+02,  0.0000000E+00,  2.5282007E+02,2366,  9.3565989E-01,  0.0000000E+00,  2.0779483E-01,  1.0006365E+03,  3.7919449E+04,3,
  6.1489240E+02,  0.0000000E+00,  2.5561876E+02,2423,  2.3024750E+00,  0.0000000E+00,  7.9462558E-01,  1.0003219E+03,  1.9157971E+04,3,
  6.1626917E+02,  0.0000000E+00,  2.5563068E+02,2450,  1.9268775E+00,  0.0000000E+00,  7.2716147E-01,  1.0002888E+03,  1.7187432E+04,3,
  6.1511658E+02,  0.0000000E+00,  2.5274744E+02,2549,  5.9831250E-01,  0.0000000E+00,  2.6534444E-01,  1.0006149E+03,  3.6626301E+04,3,
  6.1756006E+02,  0.0000000E+00,  2.5547600E+02,2511,  1.8500524E+00,  0.0000000E+00,  5.7372576E-01,  1.0003472E+03,  2.0667041E+04,3,
  6.1897211E+02,  0.0000000E+00,  2.5565692E+02,2326,  1.7191973E+00,  0.0000000E+00,  4.4104972E-01,  1.0002584E+03,  1.5373574E+04,3,
  6.1617004E+02,  0.0000000E+00,  2.5285004E+02,2401,  1.3476392E+00,  0.0000000E+00,  2.3464523E-01,  1.0006404E+03,  3.8148957E+04,3,
  6.1980267E+02,  0.0000000E+00,  2.5512537E+02,2336,  1.7203183E+00,  0.0000000E+00,  2.7358818E-01,  1.0004594E+03,  2.7349707E+04,3,
  6.1664508E+02,  0.0000000E+00,  2.5292789E+02,2466,  1.7319995E+00,  0.0000000E+00,  4.3909617E-02,  1.0005000E+03,  2.9773604E+04,3,
  6.1860828E+02,  0.0000000E+00,  2.5319096E+02,2392,  3.7661904E-01,  0.0000000E+00, -1.3257328E-01,  9.9993323E+02, -3.9693582E+03,3,
  6.1898438E+02,  0.0000000E+00,  2.5258821E+02,2465,  8.9430809E-01,  0.0000000E+00,  1.9810535E-03,  1.0010699E+03,  6.3821371E+04,3,
  6.2052551E+02,  0.0000000E+00,  2.5275589E+02,2427,  6.8073899E-01,  0.0000000E+00,  1.6352037E-01,  1.0007689E+03,  4.5824051E+04,3,
  6.2138568E+02,  0.0000000E+00,  2.5559607E+02,2402,  1.1850883E+00,  0.0000000E+00,  9.7987533E-02,  1.0002366E+03,  1.4076088E+04,3,
  6.2212952E+02,  0.0000000E+00,  2.5554874E+02,2503,  1.3690177E+00,  0.0000000E+00, -2.0330576E-02,  1.0002484E+03,  1.4781144E+04,3,
  6.2180304E+02,  0.0000000E+00,  2.5277878E+02,2390,  1.0193093E+00,  0.0000000E+00,  2.1039583E-01,  1.0006918E+03,  4.1216828E+04,3,
  6.2331836E+02,  0.0000000E+00,  2.5524333E+02,2502,  1.8077106E+00,  0.0000000E+00, -7.4227944E-02,  1.0004304E+03,  2.5621314E+04,3,
  6.2326941E+02,  0.0000000E+00,  2.5287038E+02,2436,  8.6223447E-01,  0.0000000E+00,  8.9929588E-02,  1.0005095E+03,  3.0341447E+04,3,
  6.2447437E+02,  0.0000000E+00,  2.5573183E+02,2559,  1.8238763E+00,  0.0000000E+00,  2.1616982E-01,  1.0002593E+03,  1.5428094E+04,3,
  6.2439783E+02,  0.0000000E+00,  2.5265320E+02,2532,  7.1122330E-01,  0.0000000E+00,  1.5800785E-01,  1.0009800E+03,  5.8439207E+04,3,
  6.2605176E+02,  0.0000000E+00,  2.5536665E+02,2501,  1.4680164E+00,  0.0000000E+00,  4.0879032E-01,  1.0004022E+03,  2.3940514E+04,3,
  6.2710864E+02,  0.0000000E+00,  2.5573961E+02,2577,  1.5517862E+00,  0.0000000E+00,  3.9236221E-01,  1.0002812E+03,  1.6733027E+04,3,
  6.2589917E+02,  0.0000000E+00,  2.5291856E+02,2458,  9.1504210E-01,  0.0000000E+00,  2.0246044E-01,  1.0004196E+03,  2.4980977E+04,3,
  6.2680133E+02,  0.0000000E+00,  2.5284401E+02,2309,  8.6140072E-01,  0.0000000E+00,  2.4200633E-01,  1.0005718E+03,  3.4055078E+04,3,
  6.2765131E+02,  0.0000000E+00,  2.5309291E+02,2420,  8.0910534E-01,  0.0000000E+00,  2.5577584E-01,  1.0000677E+03,  4.0290364E+03,3,
  6.2851239E+02,  0.0000000E+00,  2.5546291E+02,2528,  1.4001271E+00,  0.0000000E+00,  2.9942918E-01,  1.0004029E+03,  2.3984166E+04,3,
  6.2856946E+02,  0.0000000E+00,  2.5287874E+02,2412,  8.2717425E-01,  0.0000000E+00,  2.3727480E-01,  1.0005142E+03,  3.0621742E+04,3,
  6.2975934E+02,  0.0000000E+00,  2.5597560E+02,2432,  1.3753734E+00,  0.0000000E+00,  3.0852300E-01,  1.0002832E+03,  1.6852988E+04,3,
  6.2984155E+02,  0.0000000E+00,  2.5266566E+02,2540,  9.4009501E-01,  0.0000000E+00,  1.5326944E-01,  1.0009967E+03,  5.9439473E+04,3,
  6.3095337E+02,  0.0000000E+00,  2.5564355E+02,2399,  1.3858231E+00,  0.0000000E+00,  2.9645047E-01,  1.0003588E+03,  2.1358018E+04,3,
  6.3237103E+02,  0.0000000E+00,  2.5546414E+02,2383,  1.2904875E+00,  0.0000000E+00,  2.3501857E-01,  1.0003564E+03,  2.1212545E+04,3,
  6.3142914E+02,  0.0000000E+00,  2.5310376E+02,2429,  7.6402825E-01,  0.0000000E+00,  8.3662115E-02,  1.0001234E+03,  7.3369741E+03,3,
  6.3172528E+02,  0.0000000E+00,  2.5279274E+02,2403,  6.8200070E-01,  0.0000000E+00,  1.2849551E-01,  1.0006880E+03,  4.0990895E+04,3,
  6.3357605E+02,  0.0000000E+00,  2.5557193E+02,2550,  1.2537451E+00,  0.0000000E+00,  1.4659460E-01,  1.0002706E+03,  1.6100531E+04,3,
  6.3318292E+02,  0.0000000E+00,  2.5284685E+02,2467,  6.9024819E-01,  0.0000000E+00,  2.1443792E-01,  1.0005297E+03,  3.1542764E+04,3,
  6.3382489E+02,  0.0000000E+00,  2.5298094E+02,2447,  6.7532015E-01,  0.0000000E+00,  2.5157732E-01,  1.0002542E+03,  1.5126421E+04,3,
  6.3555786E+02,  0.0000000E+00,  2.5560915E+02,2281,  1.4056513E+00,  0.0000000E+00,  3.5519220E-02,  1.0001539E+03,  9.1529961E+03,3,
  6.3536908E+02,  0.0000000E+00,  2.5477675E+02,2456,  9.8326850E-01,  0.0000000E+00, -1.4757356E-01,  1.0006141E+03,  3.6582594E+04,3,
  6.3531927E+02,  0.0000000E+00,  2.5263541E+02,2254,  9.7122777E-01,  0.0000000E+00,  3.1188643E-01,  1.0009053E+03,  5.3975746E+04,3,
  6.3725562E+02,  0.0000000E+00,  2.5514221E+02,2448,  1.4182812E+00,  0.0000000E+00,  3.7653234E-02,  1.0003082E+03,  1.8343531E+04,3,
  6.3692285E+02,  0.0000000E+00,  2.5266756E+02,2355,  8.5911834E-01,  0.0000000E+00,  2.8272617E-01,  1.0008914E+03,  5.3143859E+04,3,
  6.3825879E+02,  0.0000000E+00,  2.5560655E+02,2538,  1.3722945E+00,  0.0000000E+00,  1.0928582E-01,  1.0002134E+03,  1.2698829E+04,3,
  6.3789471E+02,  0.0000000E+00,  2.5305463E+02,2348,  9.1761142E-01,  0.0000000E+00,  2.8543067E-01,  1.0002939E+03,  1.7492803E+04,3,
  6.3934338E+02,  0.0000000E+00,  2.5565857E+02,2482,  1.3329422E+00,  0.0000000E+00,  1.5318899E-01,  1.0002452E+03,  1.4592154E+04,3,
  6.4033710E+02,  0.0000000E+00,  2.5568703E+02,2504,  1.3678396E+00,  0.0000000E+00,  1.8064252E-01,  1.0002736E+03,  1.6278645E+04,3,
  6.3943524E+02,  0.0000000E+00,  2.5246390E+02,2370,  1.2045211E+00,  0.0000000E+00,  3.3228859E-01,  1.0015838E+03,  9.4618188E+04,3,
  6.4100293E+02,  0.0000000E+00,  2.5301266E+02,2474,  1.2430438E+00,  0.0000000E+00,  1.4027731E-01,  1.0005312E+03,  3.1637420E+04,3,
  6.4164679E+02,  0.0000000E+00,  2.5580434E+02,2521,  1.3260858E+00,  0.0000000E+00,  1.6789861E-01,  1.0002862E+03,  1.7031115E+04,3,
  6.4202100E+02,  0.0000000E+00,  2.5266096E+02,2446,  1.1632290E+00,  0.0000000E+00,  9.0652026E-02,  1.0010676E+03,  6.3682582E+04,3,
  6.4289618E+02,  0.0000000E+00,  2.5558899E+02,2437,  1.3255945E+00,  0.0000000E+00,  1.0371785E-01,  1.0003737E+03,  2.2241811E+04,3,
  6.4346118E+02,  0.0000000E+00,  2.5305254E+02,2373,  1.1405735E+00,  0.0000000E+00,  3.6939196E-02,  1.0003516E+03,  2.0928879E+04,3,
  6.4409937E+02,  0.0000000E+00,  2.5593536E+02,2523,  1.2924411E+00,  0.0000000E+00,  6.1096393E-02,  1.0003069E+03,  1.8263545E+04,3,
  6.4375439E+02,  0.0000000E+00,  2.5326196E+02,2430,  1.1126975E+00,  0.0000000E+00,  2.4754640E-02,  9.9997614E+02, -1.4188472E+03,3,
  6.4535193E+02,  0.0000000E+00,  2.5578087E+02,2386,  1.3269844E+00,  0.0000000E+00,  2.8125992E-02,  1.0003565E+03,  2.1219818E+04,3,
  6.4516217E+02,  0.0000000E+00,  2.5249129E+02,2391,  1.2016269E+00,  0.0000000E+00,  3.5446130E-02,  1.0015126E+03,  9.0343625E+04,3,
  6.4670905E+02,  0.0000000E+00,  2.5598320E+02,2424,  1.2847261E+00,  0.0000000E+00,  3.0978600E-02,  1.0003251E+03,  1.9350682E+04,3,
  6.4799774E+02,  0.0000000E+00,  2.5589456E+02,2455,  1.3400936E+00,  0.0000000E+00,  4.2335812E-02,  1.0003355E+03,  1.9968840E+04,3,
  6.4650287E+02,  0.0000000E+00,  2.5287411E+02,2439,  1.1500591E+00,  0.0000000E+00,  1.7466657E-02,  1.0007084E+03,  4.2208074E+04,3,
  6.4759436E+02,  0.0000000E+00,  2.5292049E+02,2337,  1.1367657E+00,  0.0000000E+00,  5.5749413E-02,  1.0005798E+03,  3.4532125E+04,3,
  6.4819550E+02,  0.0000000E+00,  2.5324347E+02,2405,  1.0733919E+00,  0.0000000E+00,  8.3657086E-02,  1.0000007E+03,  3.9919353E+01,3,
  6.4927808E+02,  0.0000000E+00,  2.5597163E+02,2299,  1.3540698E+00,  0.0000000E+00,  9.3803026E-02,  1.0002899E+03,  1.7252869E+04,3,
  6.4931921E+02,  0.0000000E+00,  2.5268214E+02,2449,  1.1535581E+00,  0.0000000E+00,  1.5399764E-01,  1.0010936E+03,  6.5238598E+04,3,
  6.5044440E+02,  0.0000000E+00,  2.5579298E+02,2382,  1.3465207E+00,  0.0000000E+00,  1.6676447E-01,  1.0002637E+03,  1.5693429E+04,3,
  6.5069080E+02,  0.0000000E+00,  2.5272430E+02,2374,  1.1491721E+00,  0.0000000E+00,  1.9297796E-01,  1.0010222E+03,  6.0965613E+04,3,
  6.5173956E+02,  0.0000000E+00,  2.5586923E+02,2512,  1.3089925E+00,  0.0000000E+00,  2.2157308E-01,  1.0002014E+03,  1.1979388E+04,3,
  6.5177264E+02,  0.0000000E+00,  2.5310986E+02,2394,  1.1805888E+00,  0.0000000E+00,  1.8877475E-01,  1.0004022E+03,  2.3940514E+04,3,
  6.5274017E+02,  0.0000000E+00,  2.5563747E+02,2393,  1.3038393E+00,  0.0000000E+00,  2.3212971E-01,  1.0001891E+03,  1.1252731E+04,3,
  6.5392010E+02,  0.0000000E+00,  2.5588458E+02,2400,  1.2710629E+00,  0.0000000E+00,  1.5780532E-01,  1.0001828E+03,  1.0874892E+04,3,
  6.5301074E+02,  0.0000000E+00,  2.5271085E+02,2378,  1.1048783E+00,  0.0000000E+00,  1.7406687E-01,  1.0009991E+03,  5.9585504E+04,3,
  6.5403943E+02,  0.0000000E+00,  2.5302364E+02,2356,  1.0901306E+00,  0.0000000E+00,  1.2241912E-01,  1.0006415E+03,  3.8218172E+04,3,
  6.5515430E+02,  0.0000000E+00,  2.5281218E+02,2410,  1.3497678E+00,  0.0000000E+00, -1.1524733E-02,  1.0011088E+03,  6.6144555E+04,3,
  6.5524603E+02,  0.0000000E+00,  2.5602853E+02,2514,  1.2153442E+00,  0.0000000E+00,  6.2488662E-03,  1.0002110E+03,  1.2553483E+04,3,
  6.5656488E+02,  0.0000000E+00,  2.5600327E+02,2395,  1.2639992E+00,  0.0000000E+00, -1.9467559E-01,  1.0002260E+03,  1.3443761E+04,3,
  6.5709106E+02,  0.0000000E+00,  2.5273889E+02,2477,  1.4296503E+00,  0.0000000E+00, -4.5255578E-01,  1.0010861E+03,  6.4789301E+04,3,
  6.5687689E+02,  0.0000000E+00,  2.5379990E+02,2384,  9.0720755E-01,  0.0000000E+00, -2.8557393E-01,  1.0002122E+03,  1.2622522E+04,3,
  6.5787854E+02,  0.0000000E+00,  2.5607834E+02,2343,  1.2038764E+00,  0.0000000E+00, -3.9597416E-01,  1.0002325E+03,  1.3836234E+04,3,
  6.5849463E+02,  0.0000000E+00,  2.5197023E+02,2487,  8.8234740E-01,  0.0000000E+00, -8.7049592E-01,  1.0013762E+03,  8.2162211E+04,3,
  6.5904364E+02,  0.0000000E+00,  2.5565442E+02,2415,  1.0647509E+00,  0.0000000E+00, -5.3406918E-01,  1.0002773E+03,  1.6500381E+04,3,
  6.6017535E+02,  0.0000000E+00,  2.5506042E+02,2493,  1.2631924E+00,  0.0000000E+00, -6.5277165E-01,  1.0005582E+03,  3.3246699E+04,3,
  6.5974768E+02,  0.0000000E+00,  2.5140945E+02,2442,  8.8130027E-01,  0.0000000E+00, -9.1179889E-01,  1.0009669E+03,  5.7658051E+04,3,
  6.6151813E+02,  0.0000000E+00,  2.5485223E+02,2478,  1.2765836E+00,  0.0000000E+00, -4.4296965E-01,  1.0008730E+03,  5.2042082E+04,3,
  6.6270831E+02,  0.0000000E+00,  2.5497499E+02,2505,  1.2657609E+00,  0.0000000E+00, -2.9899722E-01,  1.0007227E+03,  4.3064562E+04,3,
  6.6266449E+02,  0.0000000E+00,  2.5176122E+02,2359,  9.7300905E-01,  0.0000000E+00,  2.8461099E-01,  9.9728577E+02, -1.6007458E+05,3,
  6.6323981E+02,  0.0000000E+00,  2.5155893E+02,2365,  1.0899557E+00,  0.0000000E+00,  2.4234022E-01,  1.0017646E+03,  1.0547579E+05,3,
  6.6382727E+02,  0.0000000E+00,  2.5484181E+02,2476,  1.3646473E+00,  0.0000000E+00, -2.0443727E-01,  1.0006836E+03,  4.0728527E+04,3,
  6.6551581E+02,  0.0000000E+00,  2.5533371E+02,2379,  1.7876606E+00,  0.0000000E+00,  2.8094023E-01,  1.0002078E+03,  1.2360903E+04,3,
  6.6615759E+02,  0.0000000E+00,  2.5495461E+02,2290,  1.8253679E+00,  0.0000000E+00,  4.7122976E-01,  1.0002727E+03,  1.6227755E+04,3,
  6.6800311E+02,  0.0000000E+00,  2.5519176E+02,2440,  1.1718944E+00,  0.0000000E+00,  2.3717926E-01,  1.0004353E+03,  2.5916029E+04,3,
  6.6607098E+02,  0.0000000E+00,  2.5352124E+02,2283,  1.0087583E+00,  0.0000000E+00,  5.9930927E-01,  1.0007435E+03,  4.4303871E+04,3,
  6.6875989E+02,  0.0000000E+00,  2.5533022E+02,2341,  1.3185269E+00,  0.0000000E+00, -5.5117975E-03,  1.0003945E+03,  2.3482162E+04,3,
  6.6985651E+02,  0.0000000E+00,  2.5509758E+02,2496,  1.7081611E+00,  0.0000000E+00, -2.3197518E-01,  1.0004539E+03,  2.7022199E+04,3,
  6.7103821E+02,  0.0000000E+00,  2.5376422E+02,2332,  1.4726471E+00,  0.0000000E+00, -3.0660713E-02,  1.0006433E+03,  3.8323820E+04,3,
  6.7159662E+02,  0.0000000E+00,  2.5557289E+02,2032,  1.6937000E+00,  0.0000000E+00,  2.4121253E-02,  1.0003171E+03,  1.8870727E+04,3,
  6.7295465E+02,  0.0000000E+00,  2.5522244E+02,2433,  1.4838048E+00,  0.0000000E+00,  1.2875469E-01,  1.0004269E+03,  2.5413928E+04,3,
  6.7423438E+02,  0.0000000E+00,  2.5517876E+02,2459,  1.4472605E+00,  0.0000000E+00,  9.1046751E-02,  1.0004257E+03,  2.5344799E+04,3,
  6.7428406E+02,  0.0000000E+00,  2.5354173E+02,2257,  1.2877002E+00,  0.0000000E+00, -9.0704411E-02,  1.0003481E+03,  2.0717953E+04,3,
  6.7561865E+02,  0.0000000E+00,  2.5543048E+02,2235,  1.4170980E+00,  0.0000000E+00,  8.5102737E-02,  1.0003484E+03,  2.0739773E+04,3,
  6.7675476E+02,  0.0000000E+00,  2.5511002E+02,2364,  1.3916435E+00,  0.0000000E+00,  9.3030699E-02,  1.0003643E+03,  2.1681703E+04,3,
  6.7751868E+02,  0.0000000E+00,  2.5433443E+02,2367,  1.2933640E+00,  0.0000000E+00, -2.7923400E-03,  1.0006125E+03,  3.6487891E+04,3,
  6.7889655E+02,  0.0000000E+00,  2.5544608E+02,2406,  1.3751543E+00,  0.0000000E+00,  1.2445382E-01,  1.0002401E+03,  1.4286872E+04,3,
  6.7959515E+02,  0.0000000E+00,  2.5423216E+02,2267,  1.3563620E+00,  0.0000000E+00,  8.1951089E-02,  1.0005557E+03,  3.3093770E+04,3,
  6.8068903E+02,  0.0000000E+00,  2.5561600E+02,2460,  1.3541970E+00,  0.0000000E+00,  1.1094925E-01,  1.0002470E+03,  1.4697552E+04,3,
  6.8199219E+02,  0.0000000E+00,  2.5417018E+02,2277,  1.0127990E+00,  0.0000000E+00, -2.0160310E-01,  1.0005540E+03,  3.2991816E+04,3,
  6.8210101E+02,  0.0000000E+00,  2.5523444E+02,2272,  1.3393797E+00,  0.0000000E+00,  8.4450819E-02,  1.0002420E+03,  1.4399534E+04,3,
  6.8371320E+02,  0.0000000E+00,  2.5426608E+02,2350,  1.2562671E+00,  0.0000000E+00,  2.9122885E-02,  1.0004252E+03,  2.5315693E+04,3,
  6.8771259E+02,  0.0000000E+00,  2.5145049E+02,2284,  7.6609129E-01,  0.0000000E+00,  3.5267953E-02,  1.0004917E+03,  2.9278586E+04,3,
  6.8422382E+02,  0.0000000E+00,  2.5529192E+02,2388,  1.1349727E+00,  0.0000000E+00,  8.8760436E-02,  1.0002377E+03,  1.4141503E+04,3,
  6.8602869E+02,  0.0000000E+00,  2.5419734E+02,2321,  1.2474371E+00,  0.0000000E+00,  3.6896806E-02,  1.0005355E+03,  3.1892266E+04,3,
  6.8559253E+02,  0.0000000E+00,  2.5543587E+02,2404,  1.1218497E+00,  0.0000000E+00,  8.7230310E-02,  1.0002364E+03,  1.4065185E+04,3,
  6.8726538E+02,  0.0000000E+00,  2.5511598E+02,2327,  1.1755512E+00,  0.0000000E+00,  1.1175707E-01,  1.0002950E+03,  1.7554605E+04,3,
  6.8843811E+02,  0.0000000E+00,  2.5516124E+02,2238,  1.1398382E+00,  0.0000000E+00,  1.1112663E-01,  1.0002551E+03,  1.5180939E+04,3,
  6.8899628E+02,  0.0000000E+00,  2.5451402E+02,2211,  1.0921080E+00,  0.0000000E+00,  5.8935598E-02,  1.0004192E+03,  2.4955508E+04,3,
  6.9031494E+02,  0.0000000E+00,  2.5429115E+02,2287,  1.0794792E+00,  0.0000000E+00,  7.7512390E-03,  1.0004341E+03,  2.5843260E+04,3,
  6.9114685E+02,  0.0000000E+00,  2.5542690E+02,2387,  1.1081475E+00,  0.0000000E+00,  6.4851515E-02,  1.0002126E+03,  1.2651592E+04,3,
  6.9195880E+02,  0.0000000E+00,  2.5450096E+02,2368,  1.1159620E+00,  0.0000000E+00,  4.3652777E-02,  1.0003992E+03,  2.3765900E+04,3,
  6.9304858E+02,  0.0000000E+00,  2.5483421E+02,2413,  1.0795883E+00,  0.0000000E+00,  6.9611117E-02,  1.0002930E+03,  1.7438271E+04,3,
  6.9423175E+02,  0.0000000E+00,  2.5521776E+02,2279,  1.0682858E+00,  0.0000000E+00,  3.7804674E-02,  1.0002206E+03,  1.3127612E+04,3,
  6.9458435E+02,  0.0000000E+00,  2.5394528E+02,2264,  1.0007502E+00,  0.0000000E+00, -6.8173572E-02,  1.0004055E+03,  2.4136955E+04,3,
  6.9576917E+02,  0.0000000E+00,  2.5516757E+02,2263,  1.0036582E+00,  0.0000000E+00, -8.7701073E-03,  1.0002327E+03,  1.3847137E+04,3,
  7.0079340E+02,  0.0000000E+00,  2.5190691E+02,2237,  1.0445442E+00,  0.0000000E+00,  8.7081081E-01,  1.0004896E+03,  2.9154834E+04,3,
  6.9672485E+02,  0.0000000E+00,  2.5432039E+02,2314,  1.0729090E+00,  0.0000000E+00, -8.9353621E-02,  1.0004803E+03,  2.8601615E+04,3,
  6.9762885E+02,  0.0000000E+00,  2.5486784E+02,2301,  1.0391302E+00,  0.0000000E+00,  7.1588449E-02,  1.0002814E+03,  1.6743934E+04,3,
  6.9858490E+02,  0.0000000E+00,  2.5499930E+02,2293,  9.7849071E-01,  0.0000000E+00,  1.0199495E-01,  1.0002427E+03,  1.4439512E+04,3,
  7.0027692E+02,  0.0000000E+00,  2.5545572E+02,2376,  1.2939698E+00,  0.0000000E+00,  3.2246910E-02,  1.0001958E+03,  1.1648753E+04,3,
  6.9956281E+02,  0.0000000E+00,  2.5427426E+02,2339,  9.6456444E-01,  0.0000000E+00,  3.4145233E-01,  1.0003845E+03,  2.2885609E+04,3,
  7.0145361E+02,  0.0000000E+00,  2.5524910E+02,2347,  1.1809102E+00,  0.0000000E+00, -3.5625756E-02,  1.0002026E+03,  1.2055689E+04,3,
  7.0287372E+02,  0.0000000E+00,  2.5557961E+02,2164,  1.5122104E+00,  0.0000000E+00, -1.0813061E-01,  1.0001172E+03,  6.9701777E+03,3,
  7.0278632E+02,  0.0000000E+00,  2.5248228E+02,2246,  7.6854235E-01,  0.0000000E+00,  9.3336098E-02,  1.0012246E+03,  7.3080805E+04,3,
  7.0302820E+02,  0.0000000E+00,  2.5478595E+02,2320,  1.2278597E+00,  0.0000000E+00, -6.3615233E-02,  1.0002800E+03,  1.6663961E+04,3,
  7.0418927E+02,  0.0000000E+00,  2.5321112E+02,2269,  9.8185360E-01,  0.0000000E+00, -8.1510998E-02,  1.0004731E+03,  2.8172164E+04,3,
  7.0513934E+02,  0.0000000E+00,  2.5560585E+02,2396,  1.6837392E+00,  0.0000000E+00, -5.4810371E-02,  1.0001113E+03,  6.6179209E+03,3,
  7.0619867E+02,  0.0000000E+00,  2.5512291E+02,2192,  1.6109387E+00,  0.0000000E+00,  3.8062967E-02,  1.0001199E+03,  7.1336001E+03,3,
  7.0535419E+02,  0.0000000E+00,  2.5311047E+02,2304,  8.4803176E-01,  0.0000000E+00, -1.2374868E-01,  1.0005015E+03,  2.9860961E+04,3,
  7.0808374E+02,  0.0000000E+00,  2.5577319E+02,2431,  1.4091854E+00,  0.0000000E+00, -5.8146901E-03,  1.0001346E+03,  8.0088633E+03,3,
  7.0646771E+02,  0.0000000E+00,  2.5296608E+02,2266,  8.3628762E-01,  0.0000000E+00, -1.4338827E-01,  1.0005293E+03,  3.1520920E+04,3,
  7.0726837E+02,  0.0000000E+00,  2.5303827E+02,2323,  8.2415074E-01,  0.0000000E+00, -1.3786170E-01,  1.0003726E+03,  2.2176342E+04,3,
  7.0798694E+02,  0.0000000E+00,  2.5279192E+02,2191,  9.2020875E-01,  0.0000000E+00, -9.7702406E-02,  1.0006763E+03,  4.0291266E+04,3,
  7.0938446E+02,  0.0000000E+00,  2.5560045E+02,2185,  1.3541323E+00,  0.0000000E+00, -7.0303112E-02,  1.0001200E+03,  7.1372319E+03,3,
  7.0926074E+02,  0.0000000E+00,  2.5308391E+02,2268,  5.9204805E-01,  0.0000000E+00, -1.2609315E-01,  1.0004071E+03,  2.4235180E+04,3,
  7.1008728E+02,  0.0000000E+00,  2.5294688E+02,2155,  1.2505757E+00,  0.0000000E+00,  1.0894272E-02,  1.0006297E+03,  3.7511453E+04,3,
  7.1080115E+02,  0.0000000E+00,  2.5590689E+02,2311,  1.3411040E+00,  0.0000000E+00, -1.4814407E-01,  1.0001088E+03,  6.4726641E+03,3,
  7.1111743E+02,  0.0000000E+00,  2.5540318E+02,2330,  1.2689878E+00,  0.0000000E+00, -1.1657351E-01,  1.0000438E+03,  2.6023525E+03,3,
  7.1161902E+02,  0.0000000E+00,  2.5264644E+02,2325,  7.4903750E-01,  0.0000000E+00, -1.6885504E-01,  1.0011038E+03,  6.5848648E+04,3,
  7.1269305E+02,  0.0000000E+00,  2.5592265E+02,2300,  1.3497348E+00,  0.0000000E+00, -2.4270390E-01,  1.0000878E+03,  5.2235430E+03,3,
  7.1368268E+02,  0.0000000E+00,  2.5581508E+02,2369,  1.5311790E+00,  0.0000000E+00, -2.6412961E-01,  1.0000720E+03,  4.2831748E+03,3,
  7.1292395E+02,  0.0000000E+00,  2.5267519E+02,2172,  7.5430506E-01,  0.0000000E+00, -5.6319322E-02,  1.0010809E+03,  6.4475168E+04,3,
  7.1497339E+02,  0.0000000E+00,  2.5550027E+02,2357,  1.6661909E+00,  0.0000000E+00, -2.3376065E-01,  1.0000591E+03,  3.5171492E+03,3,
  7.1425531E+02,  0.0000000E+00,  2.5319841E+02,2248,  8.8720286E-01,  0.0000000E+00,  2.3093980E-02,  1.0004321E+03,  2.5723191E+04,3,
  7.1495331E+02,  0.0000000E+00,  2.5319806E+02,2306,  1.0181733E+00,  0.0000000E+00, -1.3897450E-02,  1.0004739E+03,  2.8215836E+04,3,
  7.1611261E+02,  0.0000000E+00,  2.5300334E+02,2312,  1.0050567E+00,  0.0000000E+00, -1.5427966E-01,  1.0007226E+03,  4.3057273E+04,3,
  7.1669153E+02,  0.0000000E+00,  2.5530704E+02,2358,  1.7376745E+00,  0.0000000E+00, -1.3249865E-01,  1.0001085E+03,  6.4508760E+03,3,
  7.1819373E+02,  0.0000000E+00,  2.5525481E+02,2245,  1.5752409E+00,  0.0000000E+00,  4.4940375E-02,  1.0001370E+03,  8.1468789E+03,3,
  7.1733691E+02,  0.0000000E+00,  2.5301559E+02,2221,  8.8923967E-01,  0.0000000E+00, -3.2784450E-01,  1.0005532E+03,  3.2944484E+04,3,
  7.1953766E+02,  0.0000000E+00,  2.5515666E+02,2340,  1.2344043E+00,  0.0000000E+00,  9.4250880E-02,  1.0001782E+03,  1.0602420E+04,3,
  7.1821088E+02,  0.0000000E+00,  2.5245975E+02,2217,  8.2077181E-01,  0.0000000E+00, -4.1110384E-01,  1.0006446E+03,  3.8400324E+04,3,
  7.2056781E+02,  0.0000000E+00,  2.5514842E+02,2302,  9.9227220E-01,  0.0000000E+00,  8.0811167E-03,  1.0002233E+03,  1.3287502E+04,3,
  7.1920361E+02,  0.0000000E+00,  2.5199597E+02,2285,  8.4932309E-01,  0.0000000E+00, -4.8065084E-01,  1.0005237E+03,  3.1185994E+04,3,
  7.2150006E+02,  0.0000000E+00,  2.5464252E+02,2227,  9.0755767E-01,  0.0000000E+00, -1.4143607E-01,  1.0003375E+03,  2.0085203E+04,3,
  7.2219556E+02,  0.0000000E+00,  2.5492680E+02,2273,  1.0499840E+00,  0.0000000E+00, -1.6744667E-01,  1.0002689E+03,  1.6002390E+04,3,
  7.2226978E+02,  0.0000000E+00,  2.5155605E+02,2260,  1.0331066E+00,  0.0000000E+00, -3.0687310E-02,  1.0001906E+03,  1.1336295E+04,3,
  7.2329437E+02,  0.0000000E+00,  2.5422318E+02,2297,  1.1650509E+00,  0.0000000E+00, -2.2138904E-01,  1.0004271E+03,  2.5428480E+04,3,
  7.2440784E+02,  0.0000000E+00,  2.5430937E+02,2141,  1.0776827E+00,  0.0000000E+00, -1.1407186E-01,  1.0003683E+03,  2.1921744E+04,3,
  7.2541663E+02,  0.0000000E+00,  2.5479698E+02,2193,  1.1890118E+00,  0.0000000E+00, -8.6023867E-02,  1.0002417E+03,  1.4381363E+04,3,
  7.2639490E+02,  0.0000000E+00,  2.5428107E+02,2351,  1.1533183E+00,  0.0000000E+00, -1.8868893E-02,  1.0003801E+03,  2.2623721E+04,3,
  7.2742505E+02,  0.0000000E+00,  2.5513878E+02,2313,  9.6625102E-01,  0.0000000E+00, -2.0951682E-01,  1.0001935E+03,  1.1514321E+04,3,
  7.2815076E+02,  0.0000000E+00,  2.5441550E+02,2296,  1.1534259E+00,  0.0000000E+00, -2.5113341E-01,  1.0003842E+03,  2.2867424E+04,3,
  7.2908313E+02,  0.0000000E+00,  2.5501199E+02,2274,  1.1352648E+00,  0.0000000E+00, -3.6681563E-01,  1.0002190E+03,  1.3029499E+04,3,
  7.3001233E+02,  0.0000000E+00,  2.5469266E+02,2322,  1.2323657E+00,  0.0000000E+00, -4.0919462E-01,  1.0003286E+03,  1.9554307E+04,3,
  7.3092670E+02,  0.0000000E+00,  2.5472789E+02,2342,  1.3044056E+00,  0.0000000E+00, -3.0973563E-01,  1.0003292E+03,  1.9594305E+04,3,
  7.3201459E+02,  0.0000000E+00,  2.5455595E+02,2182,  1.3143414E+00,  0.0000000E+00, -1.4465337E-01,  1.0004518E+03,  2.6902115E+04,3,
  7.3298950E+02,  0.0000000E+00,  2.5531145E+02,2208,  1.3851194E+00,  0.0000000E+00, -6.3167647E-02,  1.0002100E+03,  1.2491712E+04,3,
  7.3383453E+02,  0.0000000E+00,  2.5469159E+02,2333,  1.2646397E+00,  0.0000000E+00,  3.4376565E-02,  1.0003487E+03,  2.0754320E+04,3,
  7.3500671E+02,  0.0000000E+00,  2.5489905E+02,2315,  1.2774677E+00,  0.0000000E+00,  1.0575428E-01,  1.0002094E+03,  1.2455376E+04,3,
  7.3558112E+02,  0.0000000E+00,  2.5410768E+02,2200,  1.2961797E+00,  0.0000000E+00, -8.4515326E-02,  1.0004958E+03,  2.9526090E+04,3,
  7.4043573E+02,  0.0000000E+00,  2.5142073E+02,2147,  6.1053532E-01,  0.0000000E+00,  6.3236064E-01,  1.0006288E+03,  3.7456812E+04,3,
  7.3681561E+02,  0.0000000E+00,  2.5445245E+02,2305,  1.3411983E+00,  0.0000000E+00,  2.6677042E-01,  1.0004050E+03,  2.4111490E+04,3,
  7.3763269E+02,  0.0000000E+00,  2.5491032E+02,2225,  1.1882684E+00,  0.0000000E+00,  3.7720051E-01,  1.0002446E+03,  1.4552177E+04,3,
  7.4186755E+02,  0.0000000E+00,  2.5227156E+02,2112,  1.4191730E+00,  0.0000000E+00,  1.0951234E+00,  1.0008426E+03,  5.0225504E+04,3,
  7.3857794E+02,  0.0000000E+00,  2.5489392E+02,2179,  1.1091723E+00,  0.0000000E+00,  3.8148347E-01,  1.0002799E+03,  1.6656689E+04,3,
  7.3951733E+02,  0.0000000E+00,  2.5488765E+02,2188,  1.1095022E+00,  0.0000000E+00,  3.0509397E-01,  1.0002964E+03,  1.7641857E+04,3,
  7.4302661E+02,  0.0000000E+00,  2.5318007E+02,2171,  1.4482822E+00,  0.0000000E+00,  4.4616574E-01,  1.0000760E+03,  4.5227969E+03,3,
  7.4046771E+02,  0.0000000E+00,  2.5501671E+02,2276,  1.2558570E+00,  0.0000000E+00,  2.0866327E-01,  1.0002729E+03,  1.6238659E+04,3,
  7.4155542E+02,  0.0000000E+00,  2.5494670E+02,2316,  1.3711476E+00,  0.0000000E+00,  1.2780601E-01,  1.0003053E+03,  1.8169018E+04,3,
  7.4302325E+02,  0.0000000E+00,  2.5500104E+02,2352,  1.2918761E+00,  0.0000000E+00,  6.4031325E-02,  1.0002764E+03,  1.6449490E+04,3,
  7.4424896E+02,  0.0000000E+00,  2.5475502E+02,2166,  1.7058867E+00,  0.0000000E+00,  9.1492794E-02,  1.0002968E+03,  1.7663670E+04,3,
  7.4576813E+02,  0.0000000E+00,  2.5491646E+02,2249,  1.8661356E+00,  0.0000000E+00,  2.2360437E-01,  1.0001566E+03,  9.3128223E+03,3,
  7.4502850E+02,  0.0000000E+00,  2.5287032E+02,2143,  1.3986298E+00,  0.0000000E+00, -7.7675663E-02,  1.0007899E+03,  4.7078285E+04,3,
  7.4488574E+02,  0.0000000E+00,  2.5309726E+02,2196,  9.9968863E-01,  0.0000000E+00, -1.1008953E-01,  1.0004513E+03,  2.6869365E+04,3,
  7.4715564E+02,  0.0000000E+00,  2.5442046E+02,2261,  1.7488294E+00,  0.0000000E+00,  4.7035572E-01,  1.0002080E+03,  1.2375438E+04,3,
  7.4729987E+02,  0.0000000E+00,  2.5261467E+02,2234,  5.4195106E-01,  0.0000000E+00, -3.9803021E-02,  1.0009901E+03,  5.9041543E+04,3,
  7.4892474E+02,  0.0000000E+00,  2.5465488E+02,2255,  1.3077933E+00,  0.0000000E+00,  2.4438433E-01,  1.0001224E+03,  7.2824985E+03,3,
  7.4965466E+02,  0.0000000E+00,  2.5436978E+02,2186,  1.2936161E+00,  0.0000000E+00,  1.7203753E-01,  1.0001935E+03,  1.1510688E+04,3,
  7.4818176E+02,  0.0000000E+00,  2.5335220E+02,2197,  6.9717962E-01,  0.0000000E+00, -2.1189155E-02,  1.0000182E+03,  1.0815084E+03,3,
  7.4979901E+02,  0.0000000E+00,  2.5236996E+02,2253,  1.0543026E+00,  0.0000000E+00,  2.3460025E-01,  1.0014910E+03,  8.9050992E+04,3,
  7.5134662E+02,  0.0000000E+00,  2.5417398E+02,2161,  1.2330391E+00,  0.0000000E+00,  1.9467108E-01,  1.0003745E+03,  2.2292730E+04,3,
  7.5200409E+02,  0.0000000E+00,  2.5302567E+02,2215,  1.0595385E+00,  0.0000000E+00,  5.7248245E-03,  1.0003727E+03,  2.2187254E+04,3,
  7.5272192E+02,  0.0000000E+00,  2.5301164E+02,2259,  9.6854621E-01,  0.0000000E+00, -2.3826003E-02,  1.0003357E+03,  1.9979750E+04,3,
  7.5316876E+02,  0.0000000E+00,  2.5427444E+02,2258,  1.1194457E+00,  0.0000000E+00,  9.1173902E-02,  1.0002001E+03,  1.1903086E+04,3,
  7.5410608E+02,  0.0000000E+00,  2.5278220E+02,2232,  8.9292580E-01,  0.0000000E+00, -8.8003930E-03,  1.0006691E+03,  3.9861309E+04,3,
  7.5497638E+02,  0.0000000E+00,  2.5314182E+02,2183,  9.9794418E-01,  0.0000000E+00,  3.8085654E-02,  1.0003460E+03,  2.0594311E+04,3,
  7.5469434E+02,  0.0000000E+00,  2.5403127E+02,2256,  1.2082224E+00,  0.0000000E+00, -3.3599470E-02,  1.0002082E+03,  1.2386338E+04,3,
  7.5658502E+02,  0.0000000E+00,  2.5259883E+02,2252,  1.0827401E+00,  0.0000000E+00,  4.4964507E-02,  1.0012143E+03,  7.2463000E+04,3,
  7.5761890E+02,  0.0000000E+00,  2.5321640E+02,2212,  1.1082556E+00,  0.0000000E+00, -3.0700324E-02,  1.0004399E+03,  2.6188922E+04,3,
  7.5801874E+02,  0.0000000E+00,  2.5399573E+02,2265,  9.8178190E-01,  0.0000000E+00, -5.7863940E-02,  1.0002111E+03,  1.2557117E+04,3,
  7.5903247E+02,  0.0000000E+00,  2.5302455E+02,2162,  1.1192243E+00,  0.0000000E+00,  3.9380850E-04,  1.0003768E+03,  2.2430945E+04,3,
  7.5954736E+02,  0.0000000E+00,  2.5440395E+02,2286,  1.0732940E+00,  0.0000000E+00, -5.4201961E-02,  1.0001746E+03,  1.0384448E+04,3,
  7.6006531E+02,  0.0000000E+00,  2.5271387E+02,2142,  1.0988086E+00,  0.0000000E+00,  8.3061326E-03,  1.0007170E+03,  4.2721961E+04,3,
  7.6109277E+02,  0.0000000E+00,  2.5486957E+02,2298,  1.0737156E+00,  0.0000000E+00, -6.9358096E-02,  1.0001283E+03,  7.6311470E+03,3,
  7.6150708E+02,  0.0000000E+00,  2.5289043E+02,2160,  1.1010647E+00,  0.0000000E+00,  4.2730216E-02,  1.0004870E+03,  2.8998328E+04,3,
  7.6258282E+02,  0.0000000E+00,  2.5292142E+02,2157,  1.0910393E+00,  0.0000000E+00,  4.0122408E-02,  1.0004349E+03,  2.5890561E+04,3,
  7.6252606E+02,  0.0000000E+00,  2.5467345E+02,2187,  1.2015380E+00,  0.0000000E+00, -6.8941534E-02,  1.0001537E+03,  9.1457314E+03,3,
  7.6363306E+02,  0.0000000E+00,  2.5296638E+02,2106,  1.1106464E+00,  0.0000000E+00,  9.7981775E-03,  1.0003979E+03,  2.3685871E+04,3,
  7.6402301E+02,  0.0000000E+00,  2.5431841E+02,2280,  1.2945454E+00,  0.0000000E+00, -5.2798457E-02,  1.0002087E+03,  1.2419040E+04,3,
  7.6481824E+02,  0.0000000E+00,  2.5296118E+02,2231,  1.1694201E+00,  0.0000000E+00, -3.3005700E-02,  1.0005145E+03,  3.0639943E+04,3,
  7.6591644E+02,  0.0000000E+00,  2.5284537E+02,2153,  1.1735882E+00,  0.0000000E+00, -1.9698534E-02,  1.0006900E+03,  4.1111148E+04,3,
  7.6743481E+02,  0.0000000E+00,  2.5275566E+02,2165,  1.4421451E+00,  0.0000000E+00,  1.5383289E-02,  1.0007005E+03,  4.1737949E+04,3,
  7.6692041E+02,  0.0000000E+00,  2.5399768E+02,2288,  8.6321360E-01,  0.0000000E+00, -1.8992963E-01,  1.0003328E+03,  1.9805207E+04,3,
  7.6906366E+02,  0.0000000E+00,  2.5289642E+02,2214,  1.3968039E+00,  0.0000000E+00,  2.7167503E-02,  1.0004238E+03,  2.5228375E+04,3,
  7.6831110E+02,  0.0000000E+00,  2.5455994E+02,2132,  1.0378045E+00,  0.0000000E+00, -2.0774411E-01,  1.0001751E+03,  1.0417144E+04,3,
  7.6961877E+02,  0.0000000E+00,  2.5464293E+02,2151,  1.1947218E+00,  0.0000000E+00, -1.6037780E-01,  1.0002079E+03,  1.2371804E+04,3,
  7.7010352E+02,  0.0000000E+00,  2.5297314E+02,2206,  1.3744378E+00,  0.0000000E+00,  3.4495264E-02,  1.0003201E+03,  1.9052525E+04,3,
  7.7105743E+02,  0.0000000E+00,  2.5291351E+02,2114,  1.3721440E+00,  0.0000000E+00,  1.9089542E-02,  1.0004159E+03,  2.4759051E+04,3,
  7.7149835E+02,  0.0000000E+00,  2.5475319E+02,2250,  1.2028846E+00,  0.0000000E+00, -8.4930025E-02,  1.0001865E+03,  1.1096508E+04,3,
  7.7222321E+02,  0.0000000E+00,  2.5286981E+02,2148,  1.4175375E+00,  0.0000000E+00,  2.7838524E-02,  1.0004578E+03,  2.7255094E+04,3,
  7.7265521E+02,  0.0000000E+00,  2.5496689E+02,2181,  1.3572986E+00,  0.0000000E+00, -7.0510097E-02,  1.0001217E+03,  7.2389185E+03,3,
  7.7356873E+02,  0.0000000E+00,  2.5278067E+02,2270,  1.3075782E+00,  0.0000000E+00,  4.3216139E-02,  1.0007208E+03,  4.2951578E+04,3,
  7.7489545E+02,  0.0000000E+00,  2.5302534E+02,2219,  1.3659366E+00,  0.0000000E+00,  1.2950344E-01,  1.0005203E+03,  3.0982131E+04,3,
  7.7442950E+02,  0.0000000E+00,  2.5410019E+02,2229,  1.4697278E+00,  0.0000000E+00, -9.6707247E-02,  1.0002873E+03,  1.7096549E+04,3,
  7.7618976E+02,  0.0000000E+00,  2.5334152E+02,2120,  1.4186147E+00,  0.0000000E+00,  2.4497357E-01,  1.0008282E+03,  4.9364754E+04,3,
  7.7733154E+02,  0.0000000E+00,  2.5376196E+02,2119,  1.6919112E+00,  0.0000000E+00,  2.7725843E-01,  1.0004011E+03,  2.3878672E+04,3,
  7.7785980E+02,  0.0000000E+00,  2.5247197E+02,2130,  1.1463726E+00,  0.0000000E+00, -5.2761459E-01,  1.0005654E+03,  3.3672727E+04,3,
  7.7877765E+02,  0.0000000E+00,  2.5431183E+02,2223,  1.5184431E+00,  0.0000000E+00,  2.0423317E-01,  1.0001809E+03,  1.0762270E+04,3,
  7.7998694E+02,  0.0000000E+00,  2.5445818E+02,2220,  1.2158707E+00,  0.0000000E+00,  1.3681915E-01,  1.0002040E+03,  1.2139259E+04,3,
  7.7921619E+02,  0.0000000E+00,  2.5191492E+02,2094,  8.8074940E-01,  0.0000000E+00, -5.8252078E-01,  1.0002410E+03,  1.4337752E+04,3,
  7.8116504E+02,  0.0000000E+00,  2.5457227E+02,2226,  1.0049702E+00,  0.0000000E+00,  4.7931291E-02,  1.0002665E+03,  1.5860630E+04,3,
  7.8197565E+02,  0.0000000E+00,  2.5476308E+02,2127,  1.0020380E+00,  0.0000000E+00, -2.0350404E-02,  1.0002797E+03,  1.6642150E+04,3,
  7.8320020E+02,  0.0000000E+00,  2.5442708E+02,2242,  9.9768394E-01,  0.0000000E+00, -1.1657110E-01,  1.0003307E+03,  1.9685209E+04,3,
  7.8421759E+02,  0.0000000E+00,  2.5440039E+02,2207,  1.2895253E+00,  0.0000000E+00, -2.4131296E-02,  1.0003044E+03,  1.8118117E+04,3,
  7.8547052E+02,  0.0000000E+00,  2.5438594E+02,2101,  1.1648101E+00,  0.0000000E+00,  9.5838852E-02,  1.0002769E+03,  1.6474936E+04,3,
  7.8669330E+02,  0.0000000E+00,  2.5462003E+02,2213,  1.1064597E+00,  0.0000000E+00,  9.9919692E-02,  1.0002425E+03,  1.4428609E+04,3,
  7.8743823E+02,  0.0000000E+00,  2.5413333E+02,2169,  1.0772026E+00,  0.0000000E+00,  9.0937920E-02,  1.0002990E+03,  1.7790914E+04,3,
  7.8892542E+02,  0.0000000E+00,  2.5486421E+02,2271,  1.0587857E+00,  0.0000000E+00,  1.4550261E-02,  1.0002189E+03,  1.3025865E+04,3,
  7.8825854E+02,  0.0000000E+00,  2.5178796E+02,2107,  6.7065811E-01,  0.0000000E+00,  3.4419887E-02,  1.0000038E+03,  2.2863121E+02,3,
  7.8925690E+02,  0.0000000E+00,  2.5375134E+02,2152,  1.0595869E+00,  0.0000000E+00, -3.2747928E-02,  1.0003217E+03,  1.9143426E+04,3,
  7.9058722E+02,  0.0000000E+00,  2.5438480E+02,2205,  1.0972481E+00,  0.0000000E+00, -1.9585099E-02,  1.0002353E+03,  1.3999770E+04,3,
  7.9158649E+02,  0.0000000E+00,  2.5455748E+02,2167,  1.0812569E+00,  0.0000000E+00,  3.8040746E-03,  1.0002153E+03,  1.2811474E+04,3,
  7.9258258E+02,  0.0000000E+00,  2.5386160E+02,2170,  1.0700659E+00,  0.0000000E+00,  4.2628646E-02,  1.0002896E+03,  1.7234691E+04,3,
  7.9350464E+02,  0.0000000E+00,  2.5452849E+02,2154,  1.0676818E+00,  0.0000000E+00,  2.2544336E-02,  1.0002369E+03,  1.4094259E+04,3,
  7.9460535E+02,  0.0000000E+00,  2.5466406E+02,2198,  1.0987433E+00,  0.0000000E+00,  2.3335585E-02,  1.0002410E+03,  1.4337752E+04,3,
  7.9567700E+02,  0.0000000E+00,  2.5401476E+02,2095,  1.0662043E+00,  0.0000000E+00,  2.3589723E-02,  1.0002896E+03,  1.7234691E+04,3,
  7.9672375E+02,  0.0000000E+00,  2.5469298E+02,2189,  1.0527390E+00,  0.0000000E+00,  6.5840915E-02,  1.0002378E+03,  1.4148771E+04,3,
  7.9778253E+02,  0.0000000E+00,  2.5436070E+02,2158,  1.0410347E+00,  0.0000000E+00,  9.1790780E-02,  1.0002527E+03,  1.5035557E+04,3,
  7.9880896E+02,  0.0000000E+00,  2.5416849E+02,2102,  1.0381396E+00,  0.0000000E+00,  1.2475451E-01,  1.0002609E+03,  1.5526230E+04,3,
  7.9984558E+02,  0.0000000E+00,  2.5447060E+02,2128,  9.9885601E-01,  0.0000000E+00,  1.4139225E-01,  1.0002355E+03,  1.4010673E+04,3,
  8.0088489E+02,  0.0000000E+00,  2.5431221E+02,2108,  9.6587598E-01,  0.0000000E+00,  1.2282710E-01,  1.0002656E+03,  1.5806107E+04,3,
  8.0188867E+02,  0.0000000E+00,  2.5448698E+02,2139,  9.3592644E-01,  0.0000000E+00,  9.6387409E-02,  1.0002408E+03,  1.4330483E+04,3,
  8.0327344E+02,  0.0000000E+00,  2.5371188E+02,2078,  9.0045303E-01,  0.0000000E+00, -6.5749220E-04,  1.0003273E+03,  1.9481584E+04,3,
  8.0364264E+02,  0.0000000E+00,  2.5473004E+02,2156,  9.0036309E-01,  0.0000000E+00,  3.6547087E-02,  1.0002247E+03,  1.3367448E+04,3,
  8.0516327E+02,  0.0000000E+00,  2.5479724E+02,2175,  8.9020401E-01,  0.0000000E+00, -9.1173174E-03,  1.0002291E+03,  1.3629094E+04,3,
  8.0585968E+02,  0.0000000E+00,  2.5416470E+02,2070,  8.8585311E-01,  0.0000000E+00, -7.2984956E-03,  1.0002558E+03,  1.5220920E+04,3,
  8.0709094E+02,  0.0000000E+00,  2.5434042E+02,2092,  8.8785338E-01,  0.0000000E+00, -3.0415874E-02,  1.0002216E+03,  1.3185754E+04,3,
  8.0806866E+02,  0.0000000E+00,  2.5434718E+02,2137,  9.0237576E-01,  0.0000000E+00, -5.1089242E-02,  1.0002355E+03,  1.4010673E+04,3,
  8.0907581E+02,  0.0000000E+00,  2.5454582E+02,2178,  9.4881880E-01,  0.0000000E+00, -7.0711792E-02,  1.0002361E+03,  1.4047014E+04,3,
  8.1019861E+02,  0.0000000E+00,  2.5445377E+02,2030,  9.4637650E-01,  0.0000000E+00, -6.6575922E-02,  1.0002354E+03,  1.4007038E+04,3,
  8.1129291E+02,  0.0000000E+00,  2.5383546E+02,2075,  9.5712548E-01,  0.0000000E+00, -3.9033704E-02,  1.0002799E+03,  1.6656689E+04,3,
  8.1224719E+02,  0.0000000E+00,  2.5460533E+02,2109,  9.6660143E-01,  0.0000000E+00, -7.0126101E-02,  1.0002194E+03,  1.3051302E+04,3,
  8.1335168E+02,  0.0000000E+00,  2.5445593E+02,2140,  9.4590116E-01,  0.0000000E+00, -6.2480912E-02,  1.0002221E+03,  1.3214824E+04,3,
  8.1428833E+02,  0.0000000E+00,  2.5429468E+02,2097,  9.4014943E-01,  0.0000000E+00, -5.9296064E-02,  1.0002102E+03,  1.2506246E+04,3,
  8.1536884E+02,  0.0000000E+00,  2.5440048E+02,2145,  9.9723232E-01,  0.0000000E+00, -3.7702266E-02,  1.0002019E+03,  1.2012088E+04,3,
  8.1650720E+02,  0.0000000E+00,  2.5428763E+02,2080,  1.0363739E+00,  0.0000000E+00,  7.1578756E-02,  1.0002272E+03,  1.3520073E+04,3,
  8.1754724E+02,  0.0000000E+00,  2.5462886E+02,2126,  9.4918674E-01,  0.0000000E+00,  7.4671529E-02,  1.0002118E+03,  1.2600721E+04,3,
  8.2173792E+02,  0.0000000E+00,  2.5175517E+02,2058,  1.6554272E+00,  0.0000000E+00,  1.1105330E+00,  1.0013093E+03,  7.8152648E+04,3,
  8.2070306E+02,  0.0000000E+00,  2.5163585E+02,2079,  1.5069303E-01,  0.0000000E+00,  3.3848569E-01,  1.0006672E+03,  3.9752000E+04,3,
  8.1861633E+02,  0.0000000E+00,  2.5468321E+02,2088,  8.7122250E-01,  0.0000000E+00, -7.1176453E-03,  1.0001852E+03,  1.1016580E+04,3,
  8.1964612E+02,  0.0000000E+00,  2.5472186E+02,2110,  8.7074333E-01,  0.0000000E+00, -1.5032609E-01,  1.0001398E+03,  8.3175850E+03,3,
  8.2381769E+02,  0.0000000E+00,  2.5356305E+02,2082,  1.3893074E+00,  0.0000000E+00,  4.9739036E-01,  1.0003463E+03,  2.0608855E+04,3,
  8.2068011E+02,  0.0000000E+00,  2.5448097E+02,2098,  1.0105600E+00,  0.0000000E+00, -2.3584950E-01,  1.0000562E+03,  3.3392654E+03,3,
  8.2190027E+02,  0.0000000E+00,  2.5438029E+02,2055,  1.4334810E+00,  0.0000000E+00, -2.2549805E-01,  1.0000773E+03,  4.5954106E+03,3,
  8.2321191E+02,  0.0000000E+00,  2.5425606E+02,2086,  1.4719225E+00,  0.0000000E+00,  2.9099861E-02,  1.0001340E+03,  7.9725439E+03,3,
  8.2503625E+02,  0.0000000E+00,  2.5327354E+02,2067,  1.0809469E+00,  0.0000000E+00, -7.0267987E-01,  9.9982867E+02, -1.0181438E+04,3,
  8.2520416E+02,  0.0000000E+00,  2.5319537E+02,2071,  9.0737909E-01,  0.0000000E+00, -3.2581502E-01,  1.0012323E+03,  7.3541445E+04,3,
  8.2663770E+02,  0.0000000E+00,  2.5381111E+02,2034,  1.3404598E+00,  0.0000000E+00, -4.5752025E-01,  1.0000018E+03,  1.0887135E+02,3,
  8.2731763E+02,  0.0000000E+00,  2.5258049E+02,2100,  1.5212879E+00,  0.0000000E+00,  3.6507539E-02,  1.0013051E+03,  7.7900273E+04,3,
  8.2860370E+02,  0.0000000E+00,  2.5308385E+02,2065,  1.5343468E+00,  0.0000000E+00, -6.5376456E-03,  1.0000750E+03,  4.4610752E+03,3,
  8.2951135E+02,  0.0000000E+00,  2.5300334E+02,2066,  1.1830888E+00,  0.0000000E+00, -2.5819850E-01,  1.0005607E+03,  3.3395988E+04,3,
  8.2987970E+02,  0.0000000E+00,  2.5421425E+02,2091,  1.6175746E+00,  0.0000000E+00,  3.3730585E-02,  1.0002750E+03,  1.6365885E+04,3,
  8.3095331E+02,  0.0000000E+00,  2.5273953E+02,2081,  1.1002721E+00,  0.0000000E+00,  5.5132225E-02,  1.0009728E+03,  5.8012117E+04,3,
  8.3223224E+02,  0.0000000E+00,  2.5310976E+02,2053,  1.4884360E+00,  0.0000000E+00,  2.9334828E-01,  9.9915710E+02, -4.9990281E+04,3,
  8.3211444E+02,  0.0000000E+00,  2.5395419E+02,2056,  1.3126184E+00,  0.0000000E+00,  1.3019707E-02,  1.0007098E+03,  4.2295543E+04,3,
  8.3359485E+02,  0.0000000E+00,  2.5275024E+02,2062,  1.5576676E+00,  0.0000000E+00, -5.0049126E-02,  1.0008049E+03,  4.7971660E+04,3,
  8.3489661E+02,  0.0000000E+00,  2.5295351E+02,2046,  1.4438342E+00,  0.0000000E+00, -1.8999656E-01,  1.0003798E+03,  2.2609172E+04,3,
  8.3427448E+02,  0.0000000E+00,  2.5399643E+02,2087,  1.1337656E+00,  0.0000000E+00, -1.2238395E-01,  1.0001354E+03,  8.0524468E+03,3,
  8.3598358E+02,  0.0000000E+00,  2.5317630E+02,2068,  1.4989903E+00,  0.0000000E+00, -5.2081448E-01,  1.0013605E+03,  8.1225523E+04,3,
  8.3720770E+02,  0.0000000E+00,  2.5288730E+02,2050,  1.2937548E+00,  0.0000000E+00, -8.5078984E-02,  9.9971637E+02, -1.6849736E+04,3,
  8.3769336E+02,  0.0000000E+00,  2.5408350E+02,2033,  1.3116486E+00,  0.0000000E+00, -1.2516600E-01,  1.0006111E+03,  3.6404117E+04,3,
  8.3907373E+02,  0.0000000E+00,  2.5308025E+02,2077,  1.5312757E+00,  0.0000000E+00,  2.3145731E-01,  9.9972095E+02, -1.6578018E+04,3,
  8.4029193E+02,  0.0000000E+00,  2.5291025E+02,2037,  1.0859298E+00,  0.0000000E+00,  5.1249784E-01,  1.0010341E+03,  6.1674000E+04,3,
  8.4055261E+02,  0.0000000E+00,  2.5458279E+02,2036,  2.8355289E+00,  0.0000000E+00,  7.3192197E-01,  1.0003038E+03,  1.8078125E+04,3,
  8.4032477E+02,  0.0000000E+00,  2.5309622E+02,2049,  4.7352678E-01,  0.0000000E+00,  5.7604587E-01,  1.0012947E+03,  7.7282172E+04,3,
  8.4306299E+02,  0.0000000E+00,  2.5503824E+02,2057,  1.8991051E+00,  0.0000000E+00, -9.2232071E-02,  9.9959479E+02, -2.4063828E+04,3,
  8.4273981E+02,  0.0000000E+00,  2.5503603E+02,2041,  8.2594502E-01,  0.0000000E+00,  8.8138479E-01,  9.9864417E+02, -8.0288000E+04,3,
  8.4295197E+02,  0.0000000E+00,  2.5492451E+02,2074,  1.6920350E+00,  0.0000000E+00,  6.6487515E-01,  9.9932031E+02, -4.0330512E+04,3,
  8.4313629E+02,  0.0000000E+00,  2.5506990E+02,2063,  2.2828417E+00,  0.0000000E+00, -9.6197158E-01,  9.9966119E+02, -2.0124254E+04,3,
  8.4851862E+02,  0.0000000E+00,  2.5504855E+02,2035,  2.3103161E+00,  0.0000000E+00,  6.6547573E-01,  1.0008792E+03,  5.2414191E+04,3,
  8.4853082E+02,  0.0000000E+00,  2.5509387E+02,2031,  2.1449676E+00,  0.0000000E+00,  3.0422682E-01,  1.0010193E+03,  6.0790352E+04,3,
  8.4928656E+02,  0.0000000E+00,  2.5498729E+02,2060,  1.9207909E+00,  0.0000000E+00,  4.0657020E-01,  9.9274384E+02, -4.2215766E+05,3,
  8.4915302E+02,  0.0000000E+00,  2.5482375E+02,2029,  2.2100217E+00,  0.0000000E+00,  8.6050099E-01,  1.0000034E+03,  2.0322748E+02,3,
  8.4978241E+02,  0.0000000E+00,  2.5580940E+02,2052,  2.6364136E+00,  0.0000000E+00,  4.1871867E-01,  1.0023119E+03,  1.3841727E+05,3,
  8.5313989E+02,  0.0000000E+00,  2.5497946E+02,2069,  2.1707366E+00,  0.0000000E+00,  2.6417747E-01,  9.9992670E+02, -4.3575005E+03,3,
  8.5332587E+02,  0.0000000E+00,  2.5500766E+02,2054,  2.2773485E+00,  0.0000000E+00,  9.8767281E-02,  1.0006771E+03,  4.0342277E+04,3,
  8.5324884E+02,  0.0000000E+00,  2.5503001E+02,2043,  1.8393416E+00,  0.0000000E+00, -1.1540033E+00,  9.9995862E+02, -2.4601733E+03,3,
  8.5466296E+02,  0.0000000E+00,  2.5500597E+02,2038,  2.3719957E+00,  0.0000000E+00,  7.0904714E-01,  9.9855475E+02, -8.5560000E+04,3,
  8.5552173E+02,  0.0000000E+00,  2.5498163E+02,2044,  2.1823475E+00,  0.0000000E+00,  5.5532438E-01,  9.9956012E+02, -2.6119893E+04,3,
  8.5555750E+02,  0.0000000E+00,  2.5503839E+02,2048,  2.0800571E+00,  0.0000000E+00,  2.0748705E-02,  1.0000298E+03,  1.7711224E+03,3,
  8.5844147E+02,  0.0000000E+00,  2.5511758E+02,2040,  2.1945045E+00,  0.0000000E+00,  2.2611257E-01,  1.0004109E+03,  2.4460730E+04,3,
  8.5848566E+02,  0.0000000E+00,  2.5507169E+02,2042,  2.2298667E+00,  0.0000000E+00,  2.6603436E-01,  1.0002124E+03,  1.2637057E+04,3,
  8.5884302E+02,  0.0000000E+00,  2.5509244E+02,2039,  2.1375117E+00,  0.0000000E+00,  2.7889807E-02,  1.0011280E+03,  6.7295391E+04,3,
  8.5943024E+02,  0.0000000E+00,  2.5497226E+02,2047,  2.0285585E+00,  0.0000000E+00,  2.8942308E-01,  9.9675354E+02, -1.9115800E+05,3,
  8.6176215E+02,  0.0000000E+00,  2.5539307E+02,2064,  2.3945980E+00,  0.0000000E+00, -1.0023030E-01,  1.0007567E+03,  4.5091273E+04,3,
  8.6178265E+02,  0.0000000E+00,  2.5495665E+02,2061,  2.1680553E+00,  0.0000000E+00,  1.5868759E-01,  1.0003477E+03,  2.0696135E+04,3,
  8.6194733E+02,  0.0000000E+00,  2.5494324E+02,2051,  2.2069211E+00,  0.0000000E+00,  4.2134205E-01,  1.0003744E+03,  2.2285457E+04,3,
  8.6206616E+02,  0.0000000E+00,  2.5495168E+02,2045,  2.1876163E+00,  0.0000000E+00,  3.1898320E-01,  1.0000799E+03,  4.7515322E+03,3,
 -3.9404330E+02,  0.0000000E+00,  2.6395108E+02,3811, -2.2682433E-01,  0.0000000E+00, -8.9658424E-04,  1.0006358E+03,  3.7875734E+04,3,
 -3.9723276E+02,  0.0000000E+00,  2.6463089E+02,3820, -1.1050736E-01,  0.0000000E+00,  1.0453228E-01,  1.0008533E+03,  5.0867469E+04,3,
 -3.9604901E+02,  0.0000000E+00,  2.6441101E+02,3815, -7.2742239E-02,  0.0000000E+00,  1.4903485E-02,  1.0005613E+03,  3.3432402E+04,3,
 -3.9201578E+02,  0.0000000E+00,  2.6439694E+02,3816, -4.2819064E-02,  0.0000000E+00, -2.1455199E-02,  1.0008637E+03,  5.1487590E+04,3,
 -3.9055243E+02,  0.0000000E+00,  2.6387897E+02,3802, -1.4713271E-01,  0.0000000E+00, -3.1384747E-02,  1.0003956E+03,  2.3551277E+04,3,
 -3.8708020E+02,  0.0000000E+00,  2.6383557E+02,3793, -1.2243950E-02,  0.0000000E+00, -2.0788489E-02,  1.0003083E+03,  1.8350803E+04,3,
 -3.8867099E+02,  0.0000000E+00,  2.6462524E+02,3803, -1.6090801E-02,  0.0000000E+00, -2.4032492E-02,  1.0011342E+03,  6.7668070E+04,3,
 -3.8540649E+02,  0.0000000E+00,  2.6439749E+02,3794,  4.1367739E-02,  0.0000000E+00, -4.1313082E-02,  1.0010123E+03,  6.0374113E+04,3,
 -3.8345706E+02,  0.0000000E+00,  2.6380826E+02,3784,  1.2201411E-01,  0.0000000E+00, -2.1169538E-02,  1.0004203E+03,  2.5020996E+04,3,
 -3.8180896E+02,  0.0000000E+00,  2.6436896E+02,3785,  1.0023744E-01,  0.0000000E+00, -7.5515192E-03,  1.0009972E+03,  5.9468676E+04,3,
 -3.7990555E+02,  0.0000000E+00,  2.6377036E+02,3775,  1.8022849E-01,  0.0000000E+00, -9.5987814E-03,  1.0004477E+03,  2.6654676E+04,3,
 -3.7811102E+02,  0.0000000E+00,  2.6446228E+02,3788,  9.4210535E-02,  0.0000000E+00, -1.2944344E-02,  1.0011188E+03,  6.6743703E+04,3,
 -3.7647263E+02,  0.0000000E+00,  2.6378076E+02,3766,  1.7803535E-01,  0.0000000E+00,  4.6465630E-03,  1.0004902E+03,  2.9187592E+04,3,
 -3.7454129E+02,  0.0000000E+00,  2.6419608E+02,3776,  1.5583123E-01,  0.0000000E+00, -1.6544046E-02,  1.0006843E+03,  4.0772254E+04,3,
 -3.7113376E+02,  0.0000000E+00,  2.6377750E+02,3757,  2.0395753E-01,  0.0000000E+00, -5.3974967E-03,  1.0004625E+03,  2.7535301E+04,3,
 -3.7294614E+02,  0.0000000E+00,  2.6423697E+02,3777,  2.2312130E-01,  0.0000000E+00, -1.6655266E-02,  1.0007903E+03,  4.7100164E+04,3,
 -3.6937564E+02,  0.0000000E+00,  2.6433612E+02,3767,  2.5787315E-01,  0.0000000E+00, -3.1302840E-02,  1.0009462E+03,  5.6420730E+04,3,
 -3.6745724E+02,  0.0000000E+00,  2.6376550E+02,3748,  2.9962209E-01,  0.0000000E+00, -1.9045934E-02,  1.0003140E+03,  1.8688932E+04,3,
 -3.6415503E+02,  0.0000000E+00,  2.6381085E+02,3739,  2.5551641E-01,  0.0000000E+00,  1.0309143E-02,  1.0004487E+03,  2.6712896E+04,3,
 -3.6584332E+02,  0.0000000E+00,  2.6456183E+02,3758,  1.9194937E-01,  0.0000000E+00,  5.8165316E-02,  1.0012324E+03,  7.3548750E+04,3,
 -3.6232629E+02,  0.0000000E+00,  2.6424878E+02,3750,  1.7483518E-01,  0.0000000E+00, -1.5867552E-02,  1.0007452E+03,  4.4409582E+04,3,
 -3.6079559E+02,  0.0000000E+00,  2.6425485E+02,3740,  2.4409653E-01,  0.0000000E+00,  5.5178497E-03,  1.0008160E+03,  4.8639008E+04,3,
 -3.5890887E+02,  0.0000000E+00,  2.6374640E+02,3730,  2.1023047E-01,  0.0000000E+00, -2.1136247E-03,  1.0005058E+03,  3.0119402E+04,3,
 -3.5701300E+02,  0.0000000E+00,  2.6430350E+02,3760,  2.9103386E-01,  0.0000000E+00, -2.8409045E-02,  1.0007504E+03,  4.4719438E+04,3,
 -3.5550906E+02,  0.0000000E+00,  2.6433228E+02,3741,  1.8946090E-01,  0.0000000E+00, -2.9551575E-03,  1.0007986E+03,  4.7596070E+04,3,
 -3.5389413E+02,  0.0000000E+00,  2.6379547E+02,3721,  3.3656585E-01,  0.0000000E+00, -2.8330258E-03,  1.0005125E+03,  3.0516176E+04,3,
 -3.5195786E+02,  0.0000000E+00,  2.6432608E+02,3731,  2.1042326E-01,  0.0000000E+00, -1.9436542E-02,  1.0008479E+03,  5.0542836E+04,3,
 -3.5021866E+02,  0.0000000E+00,  2.6369919E+02,3712,  3.3852908E-01,  0.0000000E+00,  6.7292806E-03,  1.0004307E+03,  2.5639506E+04,3,
 -3.4822504E+02,  0.0000000E+00,  2.6456961E+02,3753,  2.7787235E-01,  0.0000000E+00,  7.9594711E-03,  1.0008536E+03,  5.0885707E+04,3,
 -3.4697766E+02,  0.0000000E+00,  2.6405551E+02,3722,  2.8171012E-01,  0.0000000E+00,  1.5226253E-02,  1.0004824E+03,  2.8721721E+04,3,
 -3.4479108E+02,  0.0000000E+00,  2.6367902E+02,3703,  2.2133447E-01,  0.0000000E+00,  6.0914727E-03,  1.0005137E+03,  3.0588979E+04,3,
 -3.4259875E+02,  0.0000000E+00,  2.6428409E+02,3723,  2.9723307E-01,  0.0000000E+00, -4.8462804E-03,  1.0009257E+03,  5.5194516E+04,3,
 -3.4098822E+02,  0.0000000E+00,  2.6381793E+02,3694,  2.1139418E-01,  0.0000000E+00, -1.1522878E-03,  1.0006239E+03,  3.7165398E+04,3,
 -3.3870419E+02,  0.0000000E+00,  2.6378693E+02,3685,  2.4961071E-01,  0.0000000E+00, -1.7801366E-03,  1.0006739E+03,  4.0149160E+04,3,
 -3.3672714E+02,  0.0000000E+00,  2.6418158E+02,3713,  2.6500577E-01,  0.0000000E+00, -1.6524641E-02,  1.0008412E+03,  5.0141613E+04,3,
 -3.3504364E+02,  0.0000000E+00,  2.6408835E+02,3704,  2.5784045E-01,  0.0000000E+00,  6.2286807E-03,  1.0005508E+03,  3.2802480E+04,3,
 -3.3335684E+02,  0.0000000E+00,  2.6424142E+02,3705,  2.3340562E-01,  0.0000000E+00,  9.8708896E-03,  1.0008635E+03,  5.1472996E+04,3,
 -3.3140784E+02,  0.0000000E+00,  2.6375839E+02,3676,  2.7599746E-01,  0.0000000E+00, -1.9629274E-02,  1.0004658E+03,  2.7735453E+04,3,
 -3.2961023E+02,  0.0000000E+00,  2.6437527E+02,3686,  2.1507357E-01,  0.0000000E+00, -8.8344896E-03,  1.0010553E+03,  6.2944836E+04,3,
 -3.2785138E+02,  0.0000000E+00,  2.6379306E+02,3667,  3.7390900E-01,  0.0000000E+00, -1.4801865E-02,  1.0004449E+03,  2.6490932E+04,3,
 -3.2598877E+02,  0.0000000E+00,  2.6437695E+02,3696,  2.6609337E-01,  0.0000000E+00, -3.2033417E-02,  1.0010182E+03,  6.0724629E+04,3,
 -3.2435760E+02,  0.0000000E+00,  2.6378738E+02,3658,  3.8831970E-01,  0.0000000E+00,  1.8753501E-02,  1.0004279E+03,  2.5475779E+04,3,
 -3.2240308E+02,  0.0000000E+00,  2.6433218E+02,3677,  3.8594338E-01,  0.0000000E+00, -1.4419544E-02,  1.0009830E+03,  5.8621730E+04,3,
 -3.2069559E+02,  0.0000000E+00,  2.6373099E+02,3649,  3.0789730E-01,  0.0000000E+00,  8.9535406E-03,  1.0002880E+03,  1.7136537E+04,3,
 -3.1879715E+02,  0.0000000E+00,  2.6456454E+02,3678,  3.7976310E-01,  0.0000000E+00,  2.5238503E-02,  1.0012051E+03,  7.1911023E+04,3,
 -3.1726636E+02,  0.0000000E+00,  2.6379877E+02,3640,  2.9555497E-01,  0.0000000E+00, -2.5795314E-02,  1.0002335E+03,  1.3894380E+04,3,
 -3.1564575E+02,  0.0000000E+00,  2.6437991E+02,3668,  3.4366223E-01,  0.0000000E+00, -2.1570105E-02,  1.0010273E+03,  6.1268680E+04,3,
 -3.1364917E+02,  0.0000000E+00,  2.6375650E+02,3631,  4.6908772E-01,  0.0000000E+00, -2.1202033E-02,  1.0004451E+03,  2.6498209E+04,3,
 -3.1184906E+02,  0.0000000E+00,  2.6424042E+02,3669,  3.1643522E-01,  0.0000000E+00,  4.2865407E-03,  1.0008927E+03,  5.3220477E+04,3,
 -3.0989368E+02,  0.0000000E+00,  2.6376633E+02,3622,  4.9637237E-01,  0.0000000E+00,  1.0999766E-03,  1.0005206E+03,  3.1003973E+04,3,
 -3.0795685E+02,  0.0000000E+00,  2.6437534E+02,3641,  3.2152808E-01,  0.0000000E+00, -8.6506465E-03,  1.0010107E+03,  6.0279188E+04,3,
 -3.0640005E+02,  0.0000000E+00,  2.6377161E+02,3613,  4.2407286E-01,  0.0000000E+00,  3.1387918E-02,  1.0004089E+03,  2.4344316E+04,3,
 -3.0438730E+02,  0.0000000E+00,  2.6436035E+02,3660,  4.2261642E-01,  0.0000000E+00, -2.1570357E-02,  1.0009507E+03,  5.6687160E+04,3,
 -3.0273444E+02,  0.0000000E+00,  2.6372351E+02,3604,  3.3710447E-01,  0.0000000E+00,  6.0201748E-03,  1.0004402E+03,  2.6207115E+04,3,
 -3.0049039E+02,  0.0000000E+00,  2.6410834E+02,3642,  4.9792457E-01,  0.0000000E+00, -1.4560240E-02,  1.0006314E+03,  3.7613449E+04,3,
 -2.9879865E+02,  0.0000000E+00,  2.6410635E+02,3632,  4.0108019E-01,  0.0000000E+00, -6.4771123E-02,  1.0006254E+03,  3.7256465E+04,3,
 -2.9670013E+02,  0.0000000E+00,  2.6371036E+02,3595,  5.3801513E-01,  0.0000000E+00, -1.3039425E-03,  1.0004448E+03,  2.6480016E+04,3,
 -2.9489212E+02,  0.0000000E+00,  2.6438226E+02,3653,  5.8504981E-01,  0.0000000E+00,  2.5053937E-02,  1.0007153E+03,  4.2623555E+04,3,
 -2.9305389E+02,  0.0000000E+00,  2.6378610E+02,3586,  5.5393481E-01,  0.0000000E+00, -2.0020956E-02,  1.0005096E+03,  3.0348727E+04,3,
 -2.9092740E+02,  0.0000000E+00,  2.6387531E+02,3577,  4.2402491E-01,  0.0000000E+00,  5.0733484E-02,  1.0003910E+03,  2.3274820E+04,3,
 -2.8944534E+02,  0.0000000E+00,  2.6497458E+02,3662,  2.9686612E-01,  0.0000000E+00,  2.1764384E-01,  1.0010656E+03,  6.3562055E+04,3,
 -2.8814404E+02,  0.0000000E+00,  2.6376187E+02,3568,  1.2129369E-01,  0.0000000E+00,  5.5748764E-03,  1.0002377E+03,  1.4145137E+04,3,
 -2.8589960E+02,  0.0000000E+00,  2.6401971E+02,3624,  2.3552108E-01,  0.0000000E+00, -3.6499761E-02,  1.0005063E+03,  3.0148521E+04,3,
 -2.8428284E+02,  0.0000000E+00,  2.6413983E+02,3634,  3.7511638E-01,  0.0000000E+00, -5.9640154E-02,  1.0004237E+03,  2.5224736E+04,3,
 -2.8247043E+02,  0.0000000E+00,  2.6437360E+02,3596,  3.7141725E-01,  0.0000000E+00, -1.1697546E-01,  1.0008128E+03,  4.8445727E+04,3,
 -2.8095673E+02,  0.0000000E+00,  2.6383542E+02,3559,  5.8951902E-01,  0.0000000E+00, -1.4068700E-03,  1.0003031E+03,  1.8038133E+04,3,
 -2.7949786E+02,  0.0000000E+00,  2.6456229E+02,3605,  3.5395128E-01,  0.0000000E+00,  9.4003163E-02,  1.0009517E+03,  5.6745559E+04,3,
 -2.7755753E+02,  0.0000000E+00,  2.6370987E+02,3550,  5.1005846E-01,  0.0000000E+00, -1.7656984E-02,  1.0003316E+03,  1.9736117E+04,3,
 -2.7573734E+02,  0.0000000E+00,  2.6431042E+02,3663,  3.2212704E-01,  0.0000000E+00,  1.5678303E-02,  1.0006605E+03,  3.9347574E+04,3,
 -2.7407678E+02,  0.0000000E+00,  2.6401923E+02,3587,  5.0699586E-01,  0.0000000E+00,  2.2494519E-02,  1.0004680E+03,  2.7862826E+04,3,
 -2.7223785E+02,  0.0000000E+00,  2.6414960E+02,3606,  3.3871678E-01,  0.0000000E+00, -4.9085398E-03,  1.0006594E+03,  3.9281992E+04,3,
 -2.7034167E+02,  0.0000000E+00,  2.6373987E+02,3541,  3.8353676E-01,  0.0000000E+00,  1.2458750E-02,  1.0004598E+03,  2.7378820E+04,3,
 -2.6824161E+02,  0.0000000E+00,  2.6432144E+02,3597,  4.5546669E-01,  0.0000000E+00, -3.9703351E-02,  1.0007784E+03,  4.6392812E+04,3,
 -2.6663483E+02,  0.0000000E+00,  2.6373605E+02,3532,  3.9297745E-01,  0.0000000E+00, -2.2386946E-03,  1.0003746E+03,  2.2300006E+04,3,
 -2.6463675E+02,  0.0000000E+00,  2.6431735E+02,3569,  5.6732517E-01,  0.0000000E+00, -2.3483392E-03,  1.0007623E+03,  4.5426668E+04,3,
 -2.6280774E+02,  0.0000000E+00,  2.6370810E+02,3523,  3.8641772E-01,  0.0000000E+00, -7.7734888E-03,  1.0003978E+03,  2.3678596E+04,3,
 -2.6065945E+02,  0.0000000E+00,  2.6416394E+02,3578,  6.5297306E-01,  0.0000000E+00, -5.7245035E-02,  1.0006527E+03,  3.8884867E+04,3,
 -2.5892712E+02,  0.0000000E+00,  2.6407828E+02,3560,  4.4465932E-01,  0.0000000E+00, -1.1701164E-02,  1.0004582E+03,  2.7280566E+04,3,
 -2.5731161E+02,  0.0000000E+00,  2.6417932E+02,3551,  7.4332297E-01,  0.0000000E+00,  3.4780151E-03,  1.0006807E+03,  4.0553621E+04,3,
 -2.5526935E+02,  0.0000000E+00,  2.6381311E+02,3514,  6.0301608E-01,  0.0000000E+00, -3.6286313E-02,  1.0005626E+03,  3.3508867E+04,3,
 -2.5307527E+02,  0.0000000E+00,  2.6389523E+02,3505,  6.2080199E-01,  0.0000000E+00,  5.0262608E-02,  1.0007103E+03,  4.2324699E+04,3,
 -2.5091185E+02,  0.0000000E+00,  2.6382321E+02,3496,  5.8193934E-01,  0.0000000E+00, -2.7708629E-02,  1.0005607E+03,  3.3392348E+04,3,
 -2.4907681E+02,  0.0000000E+00,  2.6416144E+02,3542,  5.3684121E-01,  0.0000000E+00, -2.0547030E-02,  1.0006597E+03,  3.9303852E+04,3,
 -2.4726411E+02,  0.0000000E+00,  2.6413803E+02,3570,  7.5149500E-01,  0.0000000E+00,  2.5869021E-02,  1.0006249E+03,  3.7227320E+04,3,
 -2.4535832E+02,  0.0000000E+00,  2.6377466E+02,3487,  6.0798788E-01,  0.0000000E+00,  1.8978102E-02,  1.0006100E+03,  3.6334910E+04,3,
 -2.4306265E+02,  0.0000000E+00,  2.6380594E+02,3478,  5.1467460E-01,  0.0000000E+00,  2.5331805E-02,  1.0006613E+03,  3.9394938E+04,3,
 -2.4117754E+02,  0.0000000E+00,  2.6419510E+02,3533,  3.8370481E-01,  0.0000000E+00, -4.8827034E-04,  1.0007382E+03,  4.3986738E+04,3,
 -2.3962468E+02,  0.0000000E+00,  2.6416202E+02,3543,  3.5527158E-01,  0.0000000E+00,  5.1961057E-02,  1.0006002E+03,  3.5752156E+04,3,
 -2.3755861E+02,  0.0000000E+00,  2.6368481E+02,3469,  4.6359605E-01,  0.0000000E+00, -1.7780179E-02,  1.0005248E+03,  3.1255162E+04,3,
 -2.3539580E+02,  0.0000000E+00,  2.6415656E+02,3524,  3.0263740E-01,  0.0000000E+00, -6.1209340E-02,  1.0006761E+03,  4.0283977E+04,3,
 -2.3361636E+02,  0.0000000E+00,  2.6381955E+02,3460,  6.0160118E-01,  0.0000000E+00, -1.5528663E-03,  1.0003964E+03,  2.3594930E+04,3,
 -2.3187085E+02,  0.0000000E+00,  2.6463638E+02,3552,  5.1798344E-01,  0.0000000E+00, -2.1954166E-02,  1.0011288E+03,  6.7346547E+04,3,
 -2.3052779E+02,  0.0000000E+00,  2.6376120E+02,3451,  4.4125128E-01,  0.0000000E+00,  3.7818626E-02,  1.0002406E+03,  1.4315946E+04,3,
 -2.2834212E+02,  0.0000000E+00,  2.6416638E+02,3515,  5.6229353E-01,  0.0000000E+00, -1.7639542E-02,  1.0006852E+03,  4.0826914E+04,3,
 -2.2651974E+02,  0.0000000E+00,  2.6370966E+02,3442,  4.1688383E-01,  0.0000000E+00, -1.1555517E-02,  1.0004271E+03,  2.5424842E+04,3,
 -2.2441937E+02,  0.0000000E+00,  2.6426233E+02,3506,  6.9476426E-01,  0.0000000E+00, -4.3905001E-02,  1.0007365E+03,  4.3884676E+04,3,
 -2.2263263E+02,  0.0000000E+00,  2.6371298E+02,3433,  5.1770651E-01,  0.0000000E+00, -7.8930911E-03,  1.0004276E+03,  2.5457588E+04,3,
 -2.2056244E+02,  0.0000000E+00,  2.6416779E+02,3479,  7.2402406E-01,  0.0000000E+00,  2.0440070E-02,  1.0006489E+03,  3.8658988E+04,3,
 -2.1848212E+02,  0.0000000E+00,  2.6369211E+02,3424,  4.8646483E-01,  0.0000000E+00, -2.2556104E-02,  1.0004843E+03,  2.8838186E+04,3,
 -2.1642949E+02,  0.0000000E+00,  2.6423325E+02,3497,  8.3607602E-01,  0.0000000E+00, -2.5398539E-02,  1.0006304E+03,  3.7551523E+04,3,
 -2.1502313E+02,  0.0000000E+00,  2.6417624E+02,3498,  6.2165701E-01,  0.0000000E+00, -1.8634109E-02,  1.0005481E+03,  3.2642277E+04,3,
 -2.1295117E+02,  0.0000000E+00,  2.6370291E+02,3415,  6.3162875E-01,  0.0000000E+00,  3.9863568E-02,  1.0004330E+03,  2.5777768E+04,3,
 -2.1093518E+02,  0.0000000E+00,  2.6418506E+02,3470,  6.7917049E-01,  0.0000000E+00,  8.2519352E-03,  1.0006822E+03,  4.0644719E+04,3,
 -2.0893098E+02,  0.0000000E+00,  2.6366858E+02,3406,  4.8699448E-01,  0.0000000E+00,  1.3613504E-02,  1.0003720E+03,  2.2143607E+04,3,
 -2.0678297E+02,  0.0000000E+00,  2.6420670E+02,3508,  7.2314644E-01,  0.0000000E+00, -4.9760915E-02,  1.0006976E+03,  4.1566668E+04,3,
 -2.0482541E+02,  0.0000000E+00,  2.6365677E+02,3397,  5.8285290E-01,  0.0000000E+00, -1.9577852E-02,  1.0004016E+03,  2.3907773E+04,3,
 -2.0267070E+02,  0.0000000E+00,  2.6413443E+02,3461,  8.6483705E-01,  0.0000000E+00,  1.7160742E-02,  1.0005753E+03,  3.4262645E+04,3,
 -2.0060190E+02,  0.0000000E+00,  2.6378323E+02,3388,  7.3505652E-01,  0.0000000E+00, -7.8552522E-02,  1.0005237E+03,  3.1189635E+04,3,
 -1.9824574E+02,  0.0000000E+00,  2.6376508E+02,3379,  9.1996604E-01,  0.0000000E+00,  1.4725132E-02,  1.0002217E+03,  1.3189388E+04,3,
 -1.9673962E+02,  0.0000000E+00,  2.6481482E+02,3509,  7.2503716E-01,  0.0000000E+00,  1.8836454E-01,  1.0009642E+03,  5.7493793E+04,3,
 -1.9508035E+02,  0.0000000E+00,  2.6370132E+02,3370,  4.8568612E-01,  0.0000000E+00,  3.8223058E-02,  1.0002409E+03,  1.4334117E+04,3,
 -1.9301273E+02,  0.0000000E+00,  2.6407669E+02,3489,  7.1902728E-01,  0.0000000E+00, -4.6814632E-02,  1.0005591E+03,  3.3301316E+04,3,
 -1.9112543E+02,  0.0000000E+00,  2.6400897E+02,3480,  4.1439483E-01,  0.0000000E+00,  1.9347195E-02,  1.0004175E+03,  2.4857279E+04,3,
 -1.8932388E+02,  0.0000000E+00,  2.6409824E+02,3471,  7.5789523E-01,  0.0000000E+00,  2.3767486E-02,  1.0005981E+03,  3.5628324E+04,3,
 -1.8706407E+02,  0.0000000E+00,  2.6365088E+02,3361,  4.2017436E-01,  0.0000000E+00, -1.7022040E-02,  1.0003603E+03,  2.1445303E+04,3,
 -1.8515361E+02,  0.0000000E+00,  2.6416721E+02,3416,  7.2117925E-01,  0.0000000E+00,  3.3962201E-02,  1.0006343E+03,  3.7784664E+04,3,
 -1.8286154E+02,  0.0000000E+00,  2.6372159E+02,3352,  5.2965599E-01,  0.0000000E+00, -5.6065395E-02,  1.0003965E+03,  2.3602205E+04,3,
 -1.8103418E+02,  0.0000000E+00,  2.6415170E+02,3407,  6.6555607E-01,  0.0000000E+00,  5.2584004E-02,  1.0006070E+03,  3.6156441E+04,3,
 -1.7870624E+02,  0.0000000E+00,  2.6380783E+02,3343,  5.7595640E-01,  0.0000000E+00, -1.7180295E-03,  1.0005038E+03,  2.9999281E+04,3,
 -1.7624631E+02,  0.0000000E+00,  2.6382480E+02,3334,  6.6915417E-01,  0.0000000E+00, -1.2849188E-02,  1.0005620E+03,  3.3472453E+04,3,
 -1.7370787E+02,  0.0000000E+00,  2.6364948E+02,3325,  5.9933096E-01,  0.0000000E+00, -1.3782633E-02,  1.0004365E+03,  2.5985162E+04,3,
 -1.7139680E+02,  0.0000000E+00,  2.6398633E+02,3389,  6.3152564E-01,  0.0000000E+00, -3.2664908E-03,  1.0005461E+03,  3.2525768E+04,3,
 -1.6899895E+02,  0.0000000E+00,  2.6368787E+02,3316,  8.0927002E-01,  0.0000000E+00, -6.1425108E-02,  1.0002810E+03,  1.6722123E+04,3,
 -1.6729755E+02,  0.0000000E+00,  2.6447885E+02,3444,  6.5329438E-01,  0.0000000E+00,  6.0292203E-03,  1.0009789E+03,  5.8377152E+04,3,
 -1.6560600E+02,  0.0000000E+00,  2.6379086E+02,3307,  8.4977347E-01,  0.0000000E+00,  7.2563447E-02,  1.0003867E+03,  2.3016557E+04,3,
 -1.6319411E+02,  0.0000000E+00,  2.6365048E+02,3298,  4.8631787E-01,  0.0000000E+00,  2.8840613E-02,  1.0004730E+03,  2.8164885E+04,3,
 -1.6068817E+02,  0.0000000E+00,  2.6406018E+02,3417,  7.3742944E-01,  0.0000000E+00, -3.0350992E-02,  1.0006529E+03,  3.8895797E+04,3,
 -1.5868864E+02,  0.0000000E+00,  2.6369397E+02,3289,  5.2570736E-01,  0.0000000E+00, -1.7181320E-02,  1.0004990E+03,  2.9711725E+04,3,
 -1.5608865E+02,  0.0000000E+00,  2.6388733E+02,3280,  9.1907310E-01,  0.0000000E+00, -1.5735652E-02,  1.0006425E+03,  3.8276461E+04,3,
 -1.5413319E+02,  0.0000000E+00,  2.6415540E+02,3399,  7.0073205E-01,  0.0000000E+00, -1.3715139E-02,  1.0005931E+03,  3.5329680E+04,3,
 -1.5216829E+02,  0.0000000E+00,  2.6393680E+02,3371,  7.2082967E-01,  0.0000000E+00,  2.1144398E-02,  1.0004464E+03,  2.6578262E+04,3,
 -1.4976498E+02,  0.0000000E+00,  2.6365076E+02,3271,  7.7200329E-01,  0.0000000E+00, -3.1671003E-02,  1.0004639E+03,  2.7619000E+04,3,
 -1.4748122E+02,  0.0000000E+00,  2.6409232E+02,3445,  6.3812393E-01,  0.0000000E+00,  2.8975448E-02,  1.0005327E+03,  3.1724795E+04,3,
 -1.4571220E+02,  0.0000000E+00,  2.6404797E+02,3362,  7.7476168E-01,  0.0000000E+00,  2.7163763E-02,  1.0005602E+03,  3.3363219E+04,3,
 -1.4330960E+02,  0.0000000E+00,  2.6368805E+02,3262,  6.5669495E-01,  0.0000000E+00, -1.7800789E-02,  1.0004609E+03,  2.7444322E+04,3,
 -1.4118164E+02,  0.0000000E+00,  2.6410443E+02,3436,  7.2254968E-01,  0.0000000E+00,  1.7832203E-02,  1.0006033E+03,  3.5934266E+04,3,
 -1.3915062E+02,  0.0000000E+00,  2.6407068E+02,3391,  7.3660910E-01,  0.0000000E+00, -1.9710628E-02,  1.0005068E+03,  3.0177643E+04,3,
 -1.3724557E+02,  0.0000000E+00,  2.6405679E+02,3381,  7.3954278E-01,  0.0000000E+00,  5.8411397E-03,  1.0005919E+03,  3.5256840E+04,3,
 -1.3492622E+02,  0.0000000E+00,  2.6370151E+02,3253,  7.3345470E-01,  0.0000000E+00,  1.1850417E-02,  1.0004769E+03,  2.8394166E+04,3,
 -1.3206450E+02,  0.0000000E+00,  2.6362402E+02,3244,  7.3503238E-01,  0.0000000E+00, -2.6123514E-02,  1.0005666E+03,  3.3745555E+04,3,
 -1.2970937E+02,  0.0000000E+00,  2.6401740E+02,3390,  6.4487702E-01,  0.0000000E+00, -6.6775957E-04,  1.0005266E+03,  3.1360736E+04,3,
 -1.2739214E+02,  0.0000000E+00,  2.6370224E+02,3235,  8.8888747E-01,  0.0000000E+00, -2.4253787E-02,  1.0004000E+03,  2.3809555E+04,3,
 -1.2535767E+02,  0.0000000E+00,  2.6440027E+02,3335,  6.5617585E-01,  0.0000000E+00, -1.4023796E-02,  1.0007757E+03,  4.6228746E+04,3,
 -1.2366978E+02,  0.0000000E+00,  2.6376727E+02,3226,  9.4809860E-01,  0.0000000E+00,  4.4081848E-02,  1.0004310E+03,  2.5657699E+04,3,
 -1.2105256E+02,  0.0000000E+00,  2.6366498E+02,3217,  6.3116109E-01,  0.0000000E+00, -1.5619517E-02,  1.0004064E+03,  2.4191523E+04,3,
 -1.1844547E+02,  0.0000000E+00,  2.6369104E+02,3208,  9.2677325E-01,  0.0000000E+00,  3.7296240E-03,  1.0003888E+03,  2.3143869E+04,3,
 -1.1555954E+02,  0.0000000E+00,  2.6362106E+02,3199,  8.3134329E-01,  0.0000000E+00, -4.0343888E-02,  1.0004381E+03,  2.6083402E+04,3,
 -1.1322243E+02,  0.0000000E+00,  2.6410834E+02,3290,  8.6243039E-01,  0.0000000E+00,  1.9452304E-02,  1.0004280E+03,  2.5479418E+04,3,
 -1.1174297E+02,  0.0000000E+00,  2.6413412E+02,3308,  8.4579462E-01,  0.0000000E+00,  9.5241100E-02,  1.0003736E+03,  2.2238174E+04,3,
 -1.0909480E+02,  0.0000000E+00,  2.6370755E+02,3190,  7.2065413E-01,  0.0000000E+00, -1.1823689E-02,  1.0002704E+03,  1.6089627E+04,3,
 -1.0619772E+02,  0.0000000E+00,  2.6375662E+02,3181,  8.0697846E-01,  0.0000000E+00,  2.8402338E-02,  1.0003422E+03,  2.0368846E+04,3,
 -1.0360785E+02,  0.0000000E+00,  2.6398520E+02,3317,  7.2852159E-01,  0.0000000E+00, -3.7501480E-02,  1.0002240E+03,  1.3327475E+04,3,
 -1.0136748E+02,  0.0000000E+00,  2.6390936E+02,3336,  6.7224747E-01,  0.0000000E+00,  6.2506683E-02,  1.0003336E+03,  1.9856115E+04,3,
 -9.8459694E+01,  0.0000000E+00,  2.6404242E+02,3272,  6.7220032E-01,  0.0000000E+00, -5.4661121E-02,  1.0003889E+03,  2.3151145E+04,3,
 -9.6607407E+01,  0.0000000E+00,  2.6419226E+02,3354,  7.8475535E-01,  0.0000000E+00,  1.8157054E-03,  1.0004473E+03,  2.6629205E+04,3,
 -9.4176529E+01,  0.0000000E+00,  2.6366400E+02,3172,  5.3317481E-01,  0.0000000E+00,  2.7798533E-02,  1.0003492E+03,  2.0783412E+04,3,
 -9.1283279E+01,  0.0000000E+00,  2.6390216E+02,3163,  7.3195046E-01,  0.0000000E+00, -1.1174091E-02,  1.0002885E+03,  1.7165621E+04,3,
 -8.8706512E+01,  0.0000000E+00,  2.6413300E+02,3318,  8.8159490E-01,  0.0000000E+00, -6.7299053E-02,  1.0003928E+03,  2.3383947E+04,3,
 -8.6781410E+01,  0.0000000E+00,  2.6392545E+02,3281,  6.3746178E-01,  0.0000000E+00, -2.8689142E-02,  1.0001435E+03,  8.5355107E+03,3,
 -8.4001877E+01,  0.0000000E+00,  2.6382333E+02,3154,  1.0305163E+00,  0.0000000E+00,  3.4712281E-02,  1.0005219E+03,  3.1080422E+04,3,
 -8.1254288E+01,  0.0000000E+00,  2.6394751E+02,3337,  6.7520010E-01,  0.0000000E+00, -5.2585276E-03,  1.0001713E+03,  1.0191910E+04,3,
 -7.8807304E+01,  0.0000000E+00,  2.6404236E+02,3263,  7.7233970E-01,  0.0000000E+00,  6.6096678E-02,  1.0003497E+03,  2.0812506E+04,3,
 -7.6072128E+01,  0.0000000E+00,  2.6407928E+02,3145,  9.8288679E-01,  0.0000000E+00, -1.6722685E-02,  1.0004354E+03,  2.5919668E+04,3,
 -7.3408943E+01,  0.0000000E+00,  2.6405841E+02,3136,  8.7789029E-01,  0.0000000E+00,  2.2014070E-02,  1.0003243E+03,  1.9303412E+04,3,
 -7.1286301E+01,  0.0000000E+00,  2.6493887E+02,3227,  9.4634449E-01,  0.0000000E+00,  3.9796829E-02,  1.0006139E+03,  3.6568023E+04,3,
 -6.9731903E+01,  0.0000000E+00,  2.6392169E+02,3127,  8.2791823E-01,  0.0000000E+00, -6.8322547E-02,  1.0002006E+03,  1.1932153E+04,3,
 -6.6641335E+01,  0.0000000E+00,  2.6373294E+02,3118,  7.4590260E-01,  0.0000000E+00,  5.2581616E-02,  1.0005626E+03,  3.3505227E+04,3,
 -6.3964241E+01,  0.0000000E+00,  2.6433841E+02,3319,  1.0538714E+00,  0.0000000E+00,  4.5326009E-02,  1.0000520E+03,  3.0924116E+03,3,
 -6.1262733E+01,  0.0000000E+00,  2.6410196E+02,3109,  1.4143612E+00,  0.0000000E+00, -9.2442520E-03,  1.0002494E+03,  1.4839294E+04,3,
 -5.6848728E+01,  0.0000000E+00,  2.6394626E+02,3100,  1.1188775E+00,  0.0000000E+00,  4.8796769E-02,  1.0003775E+03,  2.2470955E+04,3,
 -5.3879265E+01,  0.0000000E+00,  2.6460089E+02,3191,  1.2640082E+00,  0.0000000E+00,  2.0913509E-01,  9.9990564E+02, -5.6088848E+03,3,
 -5.1405930E+01,  0.0000000E+00,  2.6396521E+02,3091,  9.6065068E-01,  0.0000000E+00, -3.8029850E-02,  1.0006242E+03,  3.7183609E+04,3,
 -4.6803654E+01,  0.0000000E+00,  2.6436282E+02,3082,  1.8636160E+00,  0.0000000E+00,  3.5959885E-01,  1.0004557E+03,  2.7135006E+04,3,
 -4.3249039E+01,  0.0000000E+00,  2.6483545E+02,3218,  1.1412481E+00,  0.0000000E+00,  3.1159213E-01,  1.0007053E+03,  4.2025852E+04,3,
 -4.2737049E+01,  0.0000000E+00,  2.6495258E+02,3310,  1.4460773E+00,  0.0000000E+00, -2.5065031E-02,  9.9930188E+02, -4.1421953E+04,3,
 -3.9150677E+01,  0.0000000E+00,  2.6495425E+02,3345,  1.4710460E+00,  0.0000000E+00, -2.3732461E-01,  9.9990479E+02, -5.6596621E+03,3,
  9.7082680E+01,  0.0000000E+00,  2.6277176E+02,3302,  7.0418005E+00,  0.0000000E+00, -1.7137952E+00,  1.0000271E+03,  1.6114181E+03,3,
  9.7145027E+01,  0.0000000E+00,  2.6318967E+02,2938,  6.9426250E+00,  0.0000000E+00, -1.7460101E+00,  1.0020981E+03,  1.2553568E+05,3,
  9.7295776E+01,  0.0000000E+00,  2.6401712E+02,3313,  5.9621902E+00,  0.0000000E+00, -1.8629501E+00,  1.0000154E+03,  9.1818585E+02,3,
  9.7337425E+01,  0.0000000E+00,  2.6321472E+02,3192,  7.2051601E+00,  0.0000000E+00, -1.2824677E+00,  9.9940466E+02, -3.5334352E+04,3,
  9.8040047E+01,  0.0000000E+00,  2.6273749E+02,3202,  7.1278925E+00,  0.0000000E+00, -1.1552703E+00,  9.9949487E+02, -2.9988336E+04,3,
  1.0071860E+02,  0.0000000E+00,  2.6341373E+02,3248,  7.4964175E+00,  0.0000000E+00, -5.4142886E-01,  1.0033682E+03,  2.0229908E+05,3,
  1.0137630E+02,  0.0000000E+00,  2.6354279E+02,3193,  6.7666378E+00,  0.0000000E+00, -4.1880235E-01,  9.9173450E+02, -4.7943006E+05,3,
  1.0137196E+02,  0.0000000E+00,  2.6346924E+02,3038,  7.1899385E+00,  0.0000000E+00,  1.2820077E+00,  1.0042518E+03,  2.5604902E+05,3,
  1.0200597E+02,  0.0000000E+00,  2.6285828E+02,3314,  6.2130461E+00,  0.0000000E+00, -1.2316086E+00,  1.0004923E+03,  2.9314982E+04,3,
  1.0212885E+02,  0.0000000E+00,  2.6338113E+02,3284,  6.7724552E+00,  0.0000000E+00,  1.1053449E+00,  9.9978448E+02, -1.2805805E+04,3,
  1.3478786E+02,  0.0000000E+00,  2.6265253E+02,3315,  5.4317346E+00,  0.0000000E+00, -1.0567908E-01,  9.9994104E+02, -3.5050181E+03,3,
  1.3549635E+02,  0.0000000E+00,  2.6274216E+02,3210,  5.4098892E+00,  0.0000000E+00,  1.7132294E-01,  1.0005320E+03,  3.1684748E+04,3,
  1.3545900E+02,  0.0000000E+00,  2.6283337E+02,3137,  5.2370615E+00,  0.0000000E+00,  6.3706750E-01,  1.0004175E+03,  2.4857279E+04,3,
  1.3613393E+02,  0.0000000E+00,  2.6429828E+02,3304,  5.1050105E+00,  0.0000000E+00,  4.2926738E-01,  1.0009240E+03,  5.5088688E+04,3,
  1.3740219E+02,  0.0000000E+00,  2.6308768E+02,3174,  5.2399282E+00,  0.0000000E+00,  3.2976323E-01,  9.9940796E+02, -3.5139082E+04,3,
  1.3741837E+02,  0.0000000E+00,  2.6309735E+02,2929,  5.2348733E+00,  0.0000000E+00,  7.5151640E-01,  9.9927393E+02, -4.3076957E+04,3,
  1.3768097E+02,  0.0000000E+00,  2.6319431E+02,3303,  5.2225580E+00,  0.0000000E+00,  7.6487345E-01,  9.9967267E+02, -1.9443359E+04,3,
  1.6477945E+02,  0.0000000E+00,  2.6159732E+02,3047,  1.0300654E+01,  0.0000000E+00,  2.1573110E+00,  1.0080375E+03,  4.8957431E+05,3,
  1.6363414E+02,  0.0000000E+00,  2.6163058E+02,2920,  4.8911805E+00,  0.0000000E+00, -4.6574521E-01,  1.0054842E+03,  3.3149291E+05,3,
  1.6356987E+02,  0.0000000E+00,  2.6109924E+02,3029,  7.6029782E+00,  0.0000000E+00, -1.4705907E+00,  1.0017576E+03,  1.0505402E+05,3,
  1.6356761E+02,  0.0000000E+00,  2.6099524E+02,3184,  7.7340879E+00,  0.0000000E+00,  7.4824772E+00,  9.9110986E+02, -5.1469859E+05,3,
  1.6496019E+02,  0.0000000E+00,  2.6112827E+02,3229,  7.8490839E+00,  0.0000000E+00,  6.4923396E+00,  9.9119489E+02, -5.0990584E+05,3,
  1.6493893E+02,  0.0000000E+00,  2.6119785E+02,3129,  7.7307029E+00,  0.0000000E+00,  4.5634866E+00,  9.9797321E+02, -1.1977876E+05,3,
  1.7549422E+02,  0.0000000E+00,  2.6114911E+02,3275,  7.6334181E+00,  0.0000000E+00,  1.6309916E+00,  9.9970398E+02, -1.7585148E+04,3,
  1.7650584E+02,  0.0000000E+00,  2.6159967E+02,3138,  6.9684582E+00,  0.0000000E+00,  6.3141294E+00,  9.9564417E+02, -2.5562911E+05,3,
  1.7598981E+02,  0.0000000E+00,  2.6134756E+02,3247,  9.6794357E+00,  0.0000000E+00,  1.7734587E+00,  9.9264319E+02, -4.2788431E+05,3,
  1.7657632E+02,  0.0000000E+00,  2.6227267E+02,3065,  7.2918801E+00,  0.0000000E+00,  3.2388508E+00,  1.0033336E+03,  2.0019970E+05,3,
  1.7548912E+02,  0.0000000E+00,  2.6231412E+02,3276,  4.2451410E+00,  0.0000000E+00, -7.8418458E-01,  1.0012769E+03,  7.6210633E+04,3,
  1.7661133E+02,  0.0000000E+00,  2.6305960E+02,3306,  6.4179502E+00,  0.0000000E+00,  2.4420176E+00,  1.0014420E+03,  8.6107484E+04,3,
  1.9170837E+02,  0.0000000E+00,  2.5904395E+02,3295,  2.8116264E+00,  0.0000000E+00, -2.2351098E+00,  1.0017227E+03,  1.0296012E+05,3,
  1.9121112E+02,  0.0000000E+00,  2.5833633E+02,3305,  7.9725730E-01,  0.0000000E+00, -5.2497721E+00,  9.9997675E+02, -1.3825620E+03,3,
  1.9244189E+02,  0.0000000E+00,  2.5893283E+02,3165,  1.6033221E+00,  0.0000000E+00, -1.9685410E+00,  1.0011745E+03,  7.0079867E+04,3,
  1.9376511E+02,  0.0000000E+00,  2.5922894E+02,3297,  3.3310611E+00,  0.0000000E+00, -2.3085797E+00,  9.9950586E+02, -2.9337066E+04,3,
  1.9949944E+02,  0.0000000E+00,  2.5979120E+02,3287,  4.3349099E+00,  0.0000000E+00,  7.8829592E-01,  9.9956921E+02, -2.5580580E+04,3,
  2.0032846E+02,  0.0000000E+00,  2.5959952E+02,3002,  3.6969559E+00,  0.0000000E+00,  7.6225746E-01,  9.9927258E+02, -4.3156449E+04,3,
  2.0108205E+02,  0.0000000E+00,  2.6054019E+02,3279,  3.4268579E+00,  0.0000000E+00,  8.2503253E-01,  9.9993243E+02, -4.0165164E+03,3,
  2.0175563E+02,  0.0000000E+00,  2.5974942E+02,3167,  3.1562157E+00,  0.0000000E+00,  1.0054065E+00,  9.9959546E+02, -2.4024006E+04,3,
  2.0240059E+02,  0.0000000E+00,  2.5942902E+02,2893,  2.9247055E+00,  0.0000000E+00,  1.1425271E+00,  9.9988245E+02, -6.9870376E+03,3,
  2.0863576E+02,  0.0000000E+00,  2.5843057E+02,3270,  2.5097866E+00,  0.0000000E+00,  3.3249488E-01,  9.9882312E+02, -6.9728289E+04,3,
  2.1461475E+02,  0.0000000E+00,  2.5844089E+02,3288,  2.1969488E+00,  0.0000000E+00,  2.3247595E-01,  1.0020262E+03,  1.2121119E+05,3,
  2.2481273E+02,  0.0000000E+00,  2.5836316E+02,3241,  1.5279123E+00,  0.0000000E+00, -7.8949815E-01,  1.0002020E+03,  1.2015722E+04,3,
  2.3475041E+02,  0.0000000E+00,  2.5852994E+02,3234,  1.7563059E+00,  0.0000000E+00, -2.0438500E-01,  1.0001942E+03,  1.1550654E+04,3,
  2.3931197E+02,  0.0000000E+00,  2.5834888E+02,3233,  1.9940888E+00,  0.0000000E+00, -4.8234501E-01,  1.0000842E+03,  5.0093198E+03,3,
  2.4074934E+02,  0.0000000E+00,  2.5864990E+02,3243,  2.3907166E+00,  0.0000000E+00, -1.8688761E-01,  1.0001868E+03,  1.1111040E+04,3,
 -3.9716162E+02,  0.0000000E+00,  2.6652670E+02,3821,  2.0860976E-01,  0.0000000E+00,  1.0028324E-01,  1.0000878E+03,  5.2199121E+03,3,
 -3.9729178E+02,  0.0000000E+00,  2.6787885E+02,3828, -1.1233433E-01,  0.0000000E+00, -4.2999059E-02,  1.0003325E+03,  1.9790662E+04,3,
 -3.9632010E+02,  0.0000000E+00,  2.6681555E+02,3822,  7.4512690E-02,  0.0000000E+00, -4.3887056E-02,  1.0002336E+03,  1.3898015E+04,3,
 -3.9475977E+02,  0.0000000E+00,  2.6677209E+02,3823,  2.1485180E-01,  0.0000000E+00, -2.9411536E-02,  1.0002215E+03,  1.3178485E+04,3,
 -3.9371460E+02,  0.0000000E+00,  2.6674753E+02,3824,  1.3888092E-01,  0.0000000E+00,  2.5211621E-02,  1.0002262E+03,  1.3458296E+04,3,
 -3.9274683E+02,  0.0000000E+00,  2.6672318E+02,3825,  7.7623114E-02,  0.0000000E+00,  4.2355899E-02,  1.0002366E+03,  1.4076088E+04,3,
 -3.9165079E+02,  0.0000000E+00,  2.6688770E+02,3827,  7.1514323E-02,  0.0000000E+00,  6.3515021E-03,  1.0002632E+03,  1.5664351E+04,3,
 -3.9058981E+02,  0.0000000E+00,  2.6751767E+02,3826,  1.5305331E-01,  0.0000000E+00, -5.6246687E-02,  1.0002490E+03,  1.4813854E+04,3,
 -3.8847800E+02,  0.0000000E+00,  2.6753107E+02,3818,  1.9380163E-01,  0.0000000E+00, -1.3948373E-01,  1.0002699E+03,  1.6060548E+04,3,
 -3.8946771E+02,  0.0000000E+00,  2.6639050E+02,3812,  1.0399352E-02,  0.0000000E+00, -9.7830631E-02,  1.0001316E+03,  7.8272671E+03,3,
 -3.8668338E+02,  0.0000000E+00,  2.6758792E+02,3814,  2.5861612E-01,  0.0000000E+00, -1.1772375E-01,  1.0002852E+03,  1.6969316E+04,3,
 -3.8668625E+02,  0.0000000E+00,  2.6628864E+02,3813,  8.8694185E-02,  0.0000000E+00, -1.1646481E-01,  1.0001510E+03,  8.9822754E+03,3,
 -3.8451770E+02,  0.0000000E+00,  2.6761084E+02,3806,  1.8808465E-01,  0.0000000E+00, -8.6859718E-02,  1.0002703E+03,  1.6082357E+04,3,
 -3.8453302E+02,  0.0000000E+00,  2.6640808E+02,3805,  1.8430318E-01,  0.0000000E+00, -7.9071432E-02,  1.0002432E+03,  1.4472221E+04,3,
 -3.8284433E+02,  0.0000000E+00,  2.6642007E+02,3804,  1.5085189E-01,  0.0000000E+00, -8.6922385E-02,  1.0002440E+03,  1.4515833E+04,3,
 -3.8194165E+02,  0.0000000E+00,  2.6769693E+02,3819,  2.1568182E-01,  0.0000000E+00, -6.4905047E-02,  1.0002755E+03,  1.6394965E+04,3,
 -3.8090607E+02,  0.0000000E+00,  2.6653528E+02,3795,  2.6521021E-01,  0.0000000E+00, -2.1542298E-02,  1.0002664E+03,  1.5853360E+04,3,
 -3.7946326E+02,  0.0000000E+00,  2.6766855E+02,3807,  2.3426606E-01,  0.0000000E+00, -9.3505988E-03,  1.0002833E+03,  1.6860260E+04,3,
 -3.7767053E+02,  0.0000000E+00,  2.6749783E+02,3796,  2.1585999E-01,  0.0000000E+00, -3.5143677E-02,  1.0002806E+03,  1.6700312E+04,3,
 -3.7930978E+02,  0.0000000E+00,  2.6616608E+02,3798,  1.6244924E-01,  0.0000000E+00,  5.5650644E-02,  1.0000810E+03,  4.8168862E+03,3,
 -3.7676898E+02,  0.0000000E+00,  2.6649484E+02,3787,  2.1943684E-01,  0.0000000E+00, -6.2800325E-02,  1.0002633E+03,  1.5667985E+04,3,
 -3.7554800E+02,  0.0000000E+00,  2.6738834E+02,3817,  2.7485096E-01,  0.0000000E+00, -4.8554406E-02,  1.0002599E+03,  1.5464440E+04,3,
 -3.7461307E+02,  0.0000000E+00,  2.6625928E+02,3799,  2.2640027E-01,  0.0000000E+00, -2.9094948E-02,  1.0002480E+03,  1.4755702E+04,3,
 -3.7360208E+02,  0.0000000E+00,  2.6731036E+02,3810,  2.2183172E-01,  0.0000000E+00, -4.6270724E-02,  1.0002617E+03,  1.5569848E+04,3,
 -3.7246155E+02,  0.0000000E+00,  2.6699069E+02,3797,  2.4949145E-01,  0.0000000E+00, -5.6251906E-02,  1.0002750E+03,  1.6362249E+04,3,
 -3.7033667E+02,  0.0000000E+00,  2.6733420E+02,3808,  2.4500339E-01,  0.0000000E+00, -3.8695246E-02,  1.0002563E+03,  1.5249997E+04,3,
 -3.7125089E+02,  0.0000000E+00,  2.6646429E+02,3786,  2.7565494E-01,  0.0000000E+00, -4.7691002E-02,  1.0003062E+03,  1.8223553E+04,3,
 -3.6905228E+02,  0.0000000E+00,  2.6640726E+02,3779,  2.5325218E-01,  0.0000000E+00,  1.4648302E-02,  1.0002795E+03,  1.6631244E+04,3,
 -3.6831149E+02,  0.0000000E+00,  2.6762994E+02,3809,  3.2659817E-01,  0.0000000E+00, -2.5786670E-02,  1.0002589E+03,  1.5402651E+04,3,
 -3.6629706E+02,  0.0000000E+00,  2.6754031E+02,3800,  3.5252118E-01,  0.0000000E+00, -5.4744679E-02,  1.0002775E+03,  1.6514922E+04,3,
 -3.6717371E+02,  0.0000000E+00,  2.6618805E+02,3778,  1.1924647E-01,  0.0000000E+00,  9.4792563E-03,  1.0001337E+03,  7.9507524E+03,3,
 -3.6389514E+02,  0.0000000E+00,  2.6631006E+02,3768,  3.7076518E-01,  0.0000000E+00, -1.9098565E-03,  1.0001864E+03,  1.1089241E+04,3,
 -3.6479950E+02,  0.0000000E+00,  2.6740283E+02,3801,  3.4659719E-01,  0.0000000E+00, -3.4646355E-02,  1.0002773E+03,  1.6500381E+04,3,
 -3.6291187E+02,  0.0000000E+00,  2.6750238E+02,3790,  3.0199134E-01,  0.0000000E+00,  2.0575093E-03,  1.0002676E+03,  1.5926057E+04,3,
 -3.6169455E+02,  0.0000000E+00,  2.6645563E+02,3749,  3.2924697E-01,  0.0000000E+00,  1.7907908E-02,  1.0002661E+03,  1.5831551E+04,3,
 -3.6071194E+02,  0.0000000E+00,  2.6762250E+02,3789,  3.5303557E-01,  0.0000000E+00, -6.4547644E-03,  1.0002723E+03,  1.6205945E+04,3,
 -3.5959991E+02,  0.0000000E+00,  2.6644931E+02,3759,  3.0562916E-01,  0.0000000E+00, -3.4091664E-03,  1.0002945E+03,  1.7525523E+04,3,
 -3.5837140E+02,  0.0000000E+00,  2.6761853E+02,3792,  3.8764304E-01,  0.0000000E+00, -2.5627784E-02,  1.0002640E+03,  1.5707968E+04,3,
 -3.5781482E+02,  0.0000000E+00,  2.6621375E+02,3769,  2.3711073E-01,  0.0000000E+00, -2.4537873E-02,  1.0002197E+03,  1.3069471E+04,3,
 -3.5655533E+02,  0.0000000E+00,  2.6716470E+02,3781,  3.8326830E-01,  0.0000000E+00, -4.5451611E-02,  1.0002761E+03,  1.6431314E+04,3,
 -3.5526904E+02,  0.0000000E+00,  2.6705920E+02,3791,  3.5220921E-01,  0.0000000E+00, -4.2810507E-02,  1.0002731E+03,  1.6249564E+04,3,
 -3.5398425E+02,  0.0000000E+00,  2.6718143E+02,3782,  3.2506919E-01,  0.0000000E+00, -4.4806700E-02,  1.0002542E+03,  1.5122786E+04,3,
 -3.5311139E+02,  0.0000000E+00,  2.6635147E+02,3761,  4.0759614E-01,  0.0000000E+00, -2.9440615E-02,  1.0002794E+03,  1.6623975E+04,3,
 -3.5189825E+02,  0.0000000E+00,  2.6742926E+02,3780,  3.3371413E-01,  0.0000000E+00, -3.3608608E-02,  1.0002557E+03,  1.5213650E+04,3,
 -3.5107474E+02,  0.0000000E+00,  2.6648526E+02,3742,  3.8842365E-01,  0.0000000E+00, -2.1790281E-02,  1.0002970E+03,  1.7674576E+04,3,
 -3.4944141E+02,  0.0000000E+00,  2.6749356E+02,3783,  4.3908486E-01,  0.0000000E+00,  1.3309353E-03,  1.0002413E+03,  1.4359558E+04,3,
 -3.4938382E+02,  0.0000000E+00,  2.6619006E+02,3752,  3.2433271E-01,  0.0000000E+00,  2.5552727E-02,  1.0002231E+03,  1.3272967E+04,3,
 -3.4763034E+02,  0.0000000E+00,  2.6725879E+02,3770,  3.5024977E-01,  0.0000000E+00,  1.6214268E-02,  1.0002694E+03,  1.6031469E+04,3,
 -3.4643622E+02,  0.0000000E+00,  2.6634720E+02,3743,  4.1332150E-01,  0.0000000E+00,  7.4926568E-03,  1.0003256E+03,  1.9376135E+04,3,
 -3.4485162E+02,  0.0000000E+00,  2.6600061E+02,3754,  4.1045153E-01,  0.0000000E+00,  2.2619128E-02,  1.0002571E+03,  1.5300881E+04,3,
 -3.4525900E+02,  0.0000000E+00,  2.6748755E+02,3772,  3.1361026E-01,  0.0000000E+00,  5.4323198E-03,  1.0002751E+03,  1.6373154E+04,3,
 -3.4331433E+02,  0.0000000E+00,  2.6740271E+02,3771,  4.3978170E-01,  0.0000000E+00, -1.5405667E-03,  1.0002963E+03,  1.7634586E+04,3,
 -3.4307999E+02,  0.0000000E+00,  2.6604993E+02,3744,  2.9850686E-01,  0.0000000E+00,  2.5396608E-02,  1.0001647E+03,  9.7995801E+03,3,
 -3.4052707E+02,  0.0000000E+00,  2.6632199E+02,3751,  4.4799849E-01,  0.0000000E+00, -2.4606571E-02,  1.0003112E+03,  1.8518049E+04,3,
 -3.4136981E+02,  0.0000000E+00,  2.6745279E+02,3774,  3.5493016E-01,  0.0000000E+00, -1.6958430E-02,  1.0002969E+03,  1.7670941E+04,3,
 -3.3901230E+02,  0.0000000E+00,  2.6611642E+02,3762,  3.9052773E-01,  0.0000000E+00,  1.7355103E-02,  1.0001841E+03,  1.0951186E+04,3,
 -3.3910483E+02,  0.0000000E+00,  2.6757559E+02,3773,  3.7277135E-01,  0.0000000E+00, -1.7918307E-02,  1.0002881E+03,  1.7147443E+04,3,
 -3.3746408E+02,  0.0000000E+00,  2.6627576E+02,3733,  3.1817231E-01,  0.0000000E+00,  8.4560262E-03,  1.0002440E+03,  1.4519467E+04,3,
 -3.3684689E+02,  0.0000000E+00,  2.6748199E+02,3763,  5.1306289E-01,  0.0000000E+00, -1.3480521E-02,  1.0002990E+03,  1.7794549E+04,3,
 -3.3497736E+02,  0.0000000E+00,  2.6751089E+02,3765,  4.4901547E-01,  0.0000000E+00,  1.7231371E-02,  1.0003118E+03,  1.8554406E+04,3,
 -3.3482388E+02,  0.0000000E+00,  2.6606827E+02,3724,  3.4492934E-01,  0.0000000E+00,  1.7965881E-02,  1.0001382E+03,  8.2231514E+03,3,
 -3.3314734E+02,  0.0000000E+00,  2.6741818E+02,3764,  3.8356966E-01,  0.0000000E+00, -6.4752060E-03,  1.0003032E+03,  1.8041770E+04,3,
 -3.3236295E+02,  0.0000000E+00,  2.6633960E+02,3732,  4.2630550E-01,  0.0000000E+00, -1.8635090E-02,  1.0002745E+03,  1.6336805E+04,3,
 -3.3087738E+02,  0.0000000E+00,  2.6753247E+02,3756,  4.3960312E-01,  0.0000000E+00, -4.0580586E-02,  1.0002883E+03,  1.7154715E+04,3,
 -3.3052695E+02,  0.0000000E+00,  2.6623270E+02,3725,  3.5558200E-01,  0.0000000E+00, -2.9284149E-02,  1.0001451E+03,  8.6299473E+03,3,
 -3.2898410E+02,  0.0000000E+00,  2.6751355E+02,3755,  4.5957473E-01,  0.0000000E+00, -6.1697125E-02,  1.0002856E+03,  1.6994762E+04,3,
 -3.2812756E+02,  0.0000000E+00,  2.6632303E+02,3715,  4.2239210E-01,  0.0000000E+00, -7.2626129E-02,  1.0001895E+03,  1.1274530E+04,3,
 -3.2691989E+02,  0.0000000E+00,  2.6744171E+02,3745,  4.2068797E-01,  0.0000000E+00, -5.7146892E-02,  1.0002705E+03,  1.6096896E+04,3,
 -3.2601868E+02,  0.0000000E+00,  2.6642746E+02,3714,  4.5850775E-01,  0.0000000E+00, -4.6394259E-02,  1.0001976E+03,  1.1754118E+04,3,
 -3.2483386E+02,  0.0000000E+00,  2.6744199E+02,3747,  4.7881216E-01,  0.0000000E+00, -2.2926815E-02,  1.0002680E+03,  1.5947866E+04,3,
 -3.2280081E+02,  0.0000000E+00,  2.6739575E+02,3734,  4.9813721E-01,  0.0000000E+00,  2.5974438E-02,  1.0002627E+03,  1.5631638E+04,3,
 -3.2375653E+02,  0.0000000E+00,  2.6628574E+02,3716,  3.8473156E-01,  0.0000000E+00,  1.1566442E-02,  1.0002386E+03,  1.4196016E+04,3,
 -3.2153046E+02,  0.0000000E+00,  2.6651648E+02,3695,  3.8664657E-01,  0.0000000E+00,  6.2977135E-02,  1.0002722E+03,  1.6198675E+04,3,
 -3.2033417E+02,  0.0000000E+00,  2.6756491E+02,3746,  5.7575226E-01,  0.0000000E+00,  1.6072853E-02,  1.0002488E+03,  1.4802950E+04,3,
 -3.1840213E+02,  0.0000000E+00,  2.6727963E+02,3735,  4.4847745E-01,  0.0000000E+00, -5.6743812E-02,  1.0002589E+03,  1.5402651E+04,3,
 -3.2006042E+02,  0.0000000E+00,  2.6618515E+02,3707,  2.5789455E-01,  0.0000000E+00,  6.5199986E-02,  1.0001087E+03,  6.4654014E+03,3,
 -3.1719315E+02,  0.0000000E+00,  2.6725104E+02,3726,  5.0484401E-01,  0.0000000E+00, -9.5148787E-02,  1.0002709E+03,  1.6118706E+04,3,
 -3.1596484E+02,  0.0000000E+00,  2.6627130E+02,3687,  3.9955524E-01,  0.0000000E+00, -1.1796663E-01,  1.0001263E+03,  7.5112979E+03,3,
 -3.1525226E+02,  0.0000000E+00,  2.6746710E+02,3738,  6.0199422E-01,  0.0000000E+00, -9.3485780E-02,  1.0002672E+03,  1.5900613E+04,3,
 -3.1389395E+02,  0.0000000E+00,  2.6634515E+02,3706,  4.7131887E-01,  0.0000000E+00, -7.3807918E-02,  1.0002833E+03,  1.6860260E+04,3,
 -3.1285736E+02,  0.0000000E+00,  2.6744821E+02,3736,  4.9721846E-01,  0.0000000E+00, -3.1096330E-02,  1.0002783E+03,  1.6558543E+04,3,
 -3.1205380E+02,  0.0000000E+00,  2.6627005E+02,3697,  5.7239234E-01,  0.0000000E+00, -6.8734335E-03,  1.0002249E+03,  1.3381983E+04,3,
 -3.1075308E+02,  0.0000000E+00,  2.6748804E+02,3737,  4.8128268E-01,  0.0000000E+00,  1.2748478E-02,  1.0002882E+03,  1.7151080E+04,3,
 -3.1004410E+02,  0.0000000E+00,  2.6608987E+02,3699,  5.2960843E-01,  0.0000000E+00,  3.6720771E-02,  1.0001453E+03,  8.6408438E+03,3,
 -3.0888010E+02,  0.0000000E+00,  2.6731000E+02,3727,  4.7354719E-01,  0.0000000E+00,  1.4327759E-02,  1.0002754E+03,  1.6387695E+04,3,
 -3.0783832E+02,  0.0000000E+00,  2.6662427E+02,3717,  5.2998281E-01,  0.0000000E+00,  6.5400596E-03,  1.0002515E+03,  1.4966501E+04,3,
 -3.0657260E+02,  0.0000000E+00,  2.6732120E+02,3729,  5.3203398E-01,  0.0000000E+00,  2.0274920E-02,  1.0002489E+03,  1.4810219E+04,3,
 -3.0569263E+02,  0.0000000E+00,  2.6626022E+02,3688,  4.9004331E-01,  0.0000000E+00,  3.0012934E-02,  1.0001838E+03,  1.0936653E+04,3,
 -3.0452209E+02,  0.0000000E+00,  2.6733597E+02,3728,  4.8773313E-01,  0.0000000E+00,  2.6947726E-02,  1.0002618E+03,  1.5580752E+04,3,
 -3.0329709E+02,  0.0000000E+00,  2.6632581E+02,3679,  4.7288024E-01,  0.0000000E+00,  9.4311507E-03,  1.0002795E+03,  1.6631244E+04,3,
 -3.0246002E+02,  0.0000000E+00,  2.6723245E+02,3718,  4.9284157E-01,  0.0000000E+00, -1.0541793E-02,  1.0002769E+03,  1.6478570E+04,3,
 -3.0129422E+02,  0.0000000E+00,  2.6598401E+02,3698,  4.4806346E-01,  0.0000000E+00, -6.5499648E-02,  1.0002614E+03,  1.5551674E+04,3,
 -3.0047040E+02,  0.0000000E+00,  2.6742401E+02,3719,  4.7370183E-01,  0.0000000E+00, -3.5707258E-02,  1.0002891E+03,  1.7201973E+04,3,
 -2.9906888E+02,  0.0000000E+00,  2.6604520E+02,3689,  4.7114730E-01,  0.0000000E+00,  1.3856729E-02,  1.0003123E+03,  1.8587129E+04,3,
 -2.9845016E+02,  0.0000000E+00,  2.6738263E+02,3720,  5.6050587E-01,  0.0000000E+00, -3.7416939E-02,  1.0002652E+03,  1.5780664E+04,3,
 -2.9601785E+02,  0.0000000E+00,  2.6722958E+02,3708,  4.4638675E-01,  0.0000000E+00, -1.4939727E-01,  1.0002407E+03,  1.4319580E+04,3,
 -2.9717813E+02,  0.0000000E+00,  2.6635785E+02,3650,  3.9381009E-01,  0.0000000E+00, -8.6451709E-02,  1.0003361E+03,  2.0001566E+04,3,
 -2.9523618E+02,  0.0000000E+00,  2.6643384E+02,3659,  4.2198652E-01,  0.0000000E+00, -2.1919954E-01,  1.0002825E+03,  1.6813002E+04,3,
 -2.9157437E+02,  0.0000000E+00,  2.6605960E+02,3623,  2.8191823E-01,  0.0000000E+00,  5.2048987E-01,  1.0003284E+03,  1.9547033E+04,3,
 -2.9300473E+02,  0.0000000E+00,  2.6735504E+02,3710,  6.5827733E-01,  0.0000000E+00,  1.4992474E-01,  1.0002462E+03,  1.4646670E+04,3,
 -2.9379446E+02,  0.0000000E+00,  2.6629663E+02,3670,  7.8424877E-01,  0.0000000E+00, -1.6675740E-02,  1.0003602E+03,  2.1438029E+04,3,
 -2.9124265E+02,  0.0000000E+00,  2.6741949E+02,3711,  4.8941126E-01,  0.0000000E+00,  2.0441057E-01,  1.0002248E+03,  1.3374716E+04,3,
 -2.8944034E+02,  0.0000000E+00,  2.6727240E+02,3709,  5.0807750E-01,  0.0000000E+00, -9.2001490E-02,  1.0002171E+03,  1.2916852E+04,3,
 -2.8817310E+02,  0.0000000E+00,  2.6720724E+02,3701,  8.6799270E-01,  0.0000000E+00, -1.9249320E-01,  1.0002219E+03,  1.3203923E+04,3,
 -2.8708496E+02,  0.0000000E+00,  2.6603558E+02,3681,  5.5818421E-01,  0.0000000E+00, -2.3049815E-01,  1.0003998E+03,  2.3802277E+04,3,
 -2.8622748E+02,  0.0000000E+00,  2.6714883E+02,3700,  8.0549830E-01,  0.0000000E+00, -1.5259175E-01,  1.0002420E+03,  1.4399534E+04,3,
 -2.8513235E+02,  0.0000000E+00,  2.6649304E+02,3651,  7.4713355E-01,  0.0000000E+00, -1.0177527E-01,  1.0003418E+03,  2.0343391E+04,3,
 -2.8360989E+02,  0.0000000E+00,  2.6635428E+02,3652,  7.5945467E-01,  0.0000000E+00, -5.4517932E-02,  1.0003608E+03,  2.1478035E+04,3,
 -2.8327939E+02,  0.0000000E+00,  2.6743576E+02,3702,  7.3368210E-01,  0.0000000E+00, -5.3450920E-02,  1.0002411E+03,  1.4345021E+04,3,
 -2.8161563E+02,  0.0000000E+00,  2.6730603E+02,3680,  7.1763146E-01,  0.0000000E+00, -3.9750643E-02,  1.0002883E+03,  1.7158350E+04,3,
 -2.8043222E+02,  0.0000000E+00,  2.6722897E+02,3692,  6.8809420E-01,  0.0000000E+00, -6.3778311E-02,  1.0002797E+03,  1.6642150E+04,3,
 -2.7914856E+02,  0.0000000E+00,  2.6705466E+02,3690,  7.2287613E-01,  0.0000000E+00, -8.3709300E-02,  1.0002507E+03,  1.4915618E+04,3,
 -2.7822772E+02,  0.0000000E+00,  2.6625348E+02,3671,  8.5563695E-01,  0.0000000E+00, -5.4815117E-02,  1.0003211E+03,  1.9110701E+04,3,
 -2.7686752E+02,  0.0000000E+00,  2.6739517E+02,3693,  7.8231055E-01,  0.0000000E+00,  1.5942511E-03,  1.0002262E+03,  1.3458296E+04,3,
 -2.7633228E+02,  0.0000000E+00,  2.6652313E+02,3643,  7.8405446E-01,  0.0000000E+00,  4.6532497E-02,  1.0003289E+03,  1.9572488E+04,3,
 -2.7476422E+02,  0.0000000E+00,  2.6642166E+02,3654,  7.8297186E-01,  0.0000000E+00,  4.5365494E-02,  1.0003242E+03,  1.9292504E+04,3,
 -2.7396048E+02,  0.0000000E+00,  2.6736749E+02,3691,  7.5675833E-01,  0.0000000E+00,  3.9882626E-02,  1.0002354E+03,  1.4007038E+04,3,
 -2.7280984E+02,  0.0000000E+00,  2.6644028E+02,3661,  7.7983141E-01,  0.0000000E+00,  2.8490778E-02,  1.0003457E+03,  2.0576127E+04,3,
 -2.7160739E+02,  0.0000000E+00,  2.6736523E+02,3683,  7.4964356E-01,  0.0000000E+00,  1.6310031E-02,  1.0002529E+03,  1.5046461E+04,3,
 -2.7079080E+02,  0.0000000E+00,  2.6603488E+02,3645,  7.2393560E-01,  0.0000000E+00, -2.1684714E-02,  1.0003416E+03,  2.0328844E+04,3,
 -2.6964981E+02,  0.0000000E+00,  2.6725208E+02,3682,  7.3040491E-01,  0.0000000E+00, -6.8863793E-03,  1.0002582E+03,  1.5366305E+04,3,
 -2.6874759E+02,  0.0000000E+00,  2.6636307E+02,3633,  7.7616042E-01,  0.0000000E+00, -8.6649472E-04,  1.0003378E+03,  2.0107021E+04,3,
 -2.6745966E+02,  0.0000000E+00,  2.6730481E+02,3684,  7.5250769E-01,  0.0000000E+00, -2.3657870E-02,  1.0002435E+03,  1.4486758E+04,3,
 -2.6644824E+02,  0.0000000E+00,  2.6626492E+02,3614,  6.4869356E-01,  0.0000000E+00, -4.4962008E-02,  1.0003467E+03,  2.0637949E+04,3,
 -2.6542990E+02,  0.0000000E+00,  2.6712027E+02,3672,  8.0453300E-01,  0.0000000E+00, -4.9462628E-02,  1.0002546E+03,  1.5148229E+04,3,
 -2.6407254E+02,  0.0000000E+00,  2.6631192E+02,3615,  7.3514390E-01,  0.0000000E+00, -3.7519943E-02,  1.0003466E+03,  2.0627039E+04,3,
 -2.6323697E+02,  0.0000000E+00,  2.6733328E+02,3674,  7.6001257E-01,  0.0000000E+00, -4.2712651E-02,  1.0002646E+03,  1.5744315E+04,3,
 -2.6211758E+02,  0.0000000E+00,  2.6590384E+02,3627,  7.1993846E-01,  0.0000000E+00, -3.6707450E-02,  1.0003413E+03,  2.0314299E+04,3,
 -2.6129239E+02,  0.0000000E+00,  2.6743088E+02,3675,  7.5015736E-01,  0.0000000E+00, -6.8885818E-02,  1.0002703E+03,  1.6082357E+04,3,
 -2.5996548E+02,  0.0000000E+00,  2.6626218E+02,3625,  8.2092571E-01,  0.0000000E+00, -7.9809017E-02,  1.0003620E+03,  2.1547135E+04,3,
 -2.5913321E+02,  0.0000000E+00,  2.6728378E+02,3673,  7.0483387E-01,  0.0000000E+00, -1.1833305E-01,  1.0002657E+03,  1.5813377E+04,3,
 -2.5757144E+02,  0.0000000E+00,  2.6736353E+02,3665,  8.0840802E-01,  0.0000000E+00, -1.1618307E-01,  1.0002611E+03,  1.5537135E+04,3,
 -2.5711887E+02,  0.0000000E+00,  2.6614233E+02,3626,  8.9108169E-01,  0.0000000E+00, -9.2842557E-02,  1.0003125E+03,  1.8598035E+04,3,
 -2.5571292E+02,  0.0000000E+00,  2.6714563E+02,3664,  8.7203121E-01,  0.0000000E+00, -2.4563046E-02,  1.0003263E+03,  1.9419768E+04,3,
 -2.5441422E+02,  0.0000000E+00,  2.6568109E+02,3635,  7.2113049E-01,  0.0000000E+00,  7.6956324E-02,  1.0002708E+03,  1.6115071E+04,3,
 -2.5422166E+02,  0.0000000E+00,  2.6740283E+02,3666,  8.4504503E-01,  0.0000000E+00,  9.5939254E-03,  1.0003068E+03,  1.8256273E+04,3,
 -2.5236188E+02,  0.0000000E+00,  2.6720065E+02,3644,  8.6483020E-01,  0.0000000E+00,  2.6336761E-02,  1.0002866E+03,  1.7056562E+04,3,
 -2.5219270E+02,  0.0000000E+00,  2.6610193E+02,3579,  8.8499826E-01,  0.0000000E+00,  3.9758720E-02,  1.0003801E+03,  2.2623721E+04,3,
 -2.5038846E+02,  0.0000000E+00,  2.6725494E+02,3656,  8.6628312E-01,  0.0000000E+00,  2.6846325E-02,  1.0002526E+03,  1.5028288E+04,3,
 -2.4851064E+02,  0.0000000E+00,  2.6712357E+02,3655,  9.0212715E-01,  0.0000000E+00, -9.5822960E-02,  1.0002505E+03,  1.4908350E+04,3,
 -2.4984383E+02,  0.0000000E+00,  2.6624939E+02,3598,  7.7650976E-01,  0.0000000E+00,  6.1167069E-02,  1.0002798E+03,  1.6653055E+04,3,
 -2.4742809E+02,  0.0000000E+00,  2.6620132E+02,3607,  6.5065658E-01,  0.0000000E+00, -2.4509944E-01,  1.0002322E+03,  1.3814430E+04,3,
 -2.4625616E+02,  0.0000000E+00,  2.6720517E+02,3657,  9.6424097E-01,  0.0000000E+00, -1.3266738E-01,  1.0002706E+03,  1.6104167E+04,3,
 -2.4305093E+02,  0.0000000E+00,  2.6604074E+02,3581,  8.3774328E-01,  0.0000000E+00,  5.7776242E-01,  1.0001395E+03,  8.2957920E+03,3,
 -2.4430598E+02,  0.0000000E+00,  2.6683072E+02,3646,  1.1153307E+00,  0.0000000E+00,  2.1158092E-01,  1.0002821E+03,  1.6787555E+04,3,
 -2.4526968E+02,  0.0000000E+00,  2.6620444E+02,3580,  9.9992949E-01,  0.0000000E+00, -6.4836457E-02,  1.0003113E+03,  1.8525320E+04,3,
 -2.4223608E+02,  0.0000000E+00,  2.6722989E+02,3647,  7.5035220E-01,  0.0000000E+00,  2.0937599E-01,  1.0002651E+03,  1.5777029E+04,3,
 -2.4099312E+02,  0.0000000E+00,  2.6713171E+02,3636,  8.4413582E-01,  0.0000000E+00, -5.0330922E-02,  1.0002751E+03,  1.6373154E+04,3,
 -2.3985301E+02,  0.0000000E+00,  2.6632291E+02,3588,  8.1719226E-01,  0.0000000E+00, -3.1913561E-01,  1.0002150E+03,  1.2793305E+04,3,
 -2.3869804E+02,  0.0000000E+00,  2.6726553E+02,3648,  1.2027038E+00,  0.0000000E+00, -1.8160851E-01,  1.0002494E+03,  1.4839294E+04,3,
 -2.3776810E+02,  0.0000000E+00,  2.6631464E+02,3616,  1.0138503E+00,  0.0000000E+00, -7.4001990E-02,  1.0002955E+03,  1.7587326E+04,3,
 -2.3669841E+02,  0.0000000E+00,  2.6625394E+02,3608,  9.9465573E-01,  0.0000000E+00,  7.3468611E-02,  1.0002555E+03,  1.5202747E+04,3,
 -2.3523175E+02,  0.0000000E+00,  2.6727612E+02,3638,  9.1506857E-01,  0.0000000E+00,  1.6125200E-02,  1.0002426E+03,  1.4432243E+04,3,
 -2.3512785E+02,  0.0000000E+00,  2.6623697E+02,3609,  1.0026428E+00,  0.0000000E+00,  2.9551394E-02,  1.0002624E+03,  1.5613464E+04,3,
 -2.3351370E+02,  0.0000000E+00,  2.6707138E+02,3637,  1.0094988E+00,  0.0000000E+00, -4.3180950E-02,  1.0002436E+03,  1.4494026E+04,3,
 -2.3233928E+02,  0.0000000E+00,  2.6700681E+02,3639,  1.0244710E+00,  0.0000000E+00, -4.1956857E-02,  1.0002137E+03,  1.2713364E+04,3,
 -2.3092950E+02,  0.0000000E+00,  2.6680258E+02,3617,  1.0757504E+00,  0.0000000E+00, -1.0952016E-02,  1.0002214E+03,  1.3171218E+04,3,
 -2.2974051E+02,  0.0000000E+00,  2.6704654E+02,3629,  1.0218937E+00,  0.0000000E+00,  3.2599526E-03,  1.0002414E+03,  1.4363191E+04,3,
 -2.2876505E+02,  0.0000000E+00,  2.6604819E+02,3600,  9.1754091E-01,  0.0000000E+00, -6.4299665E-03,  1.0002759E+03,  1.6420410E+04,3,
 -2.2788466E+02,  0.0000000E+00,  2.6705225E+02,3628,  1.0242904E+00,  0.0000000E+00, -3.3747524E-02,  1.0002544E+03,  1.5137324E+04,3,
 -2.2663828E+02,  0.0000000E+00,  2.6635474E+02,3561,  9.5546699E-01,  0.0000000E+00, -7.7014975E-02,  1.0003405E+03,  2.0263389E+04,3,
 -2.2553664E+02,  0.0000000E+00,  2.6720691E+02,3630,  1.0375099E+00,  0.0000000E+00, -6.6306934E-02,  1.0002511E+03,  1.4941060E+04,3,
 -2.2468825E+02,  0.0000000E+00,  2.6615634E+02,3590,  1.0165917E+00,  0.0000000E+00, -6.1023422E-02,  1.0002661E+03,  1.5831551E+04,3,
 -2.2336629E+02,  0.0000000E+00,  2.6722708E+02,3618,  9.9835962E-01,  0.0000000E+00, -4.8055530E-02,  1.0002575E+03,  1.5322689E+04,3,
 -2.2247963E+02,  0.0000000E+00,  2.6619586E+02,3571,  9.8249424E-01,  0.0000000E+00, -5.5765316E-02,  1.0003275E+03,  1.9488855E+04,3,
 -2.2112993E+02,  0.0000000E+00,  2.6725668E+02,3620,  1.0236117E+00,  0.0000000E+00, -2.9373534E-02,  1.0002571E+03,  1.5300881E+04,3,
 -2.2048523E+02,  0.0000000E+00,  2.6623840E+02,3599,  1.0252947E+00,  0.0000000E+00, -3.0544799E-02,  1.0003148E+03,  1.8736199E+04,3,
 -2.1891978E+02,  0.0000000E+00,  2.6589380E+02,3591,  1.1427695E+00,  0.0000000E+00,  6.6722110E-03,  1.0002537E+03,  1.5097345E+04,3,
 -2.1853645E+02,  0.0000000E+00,  2.6715485E+02,3621,  8.8044113E-01,  0.0000000E+00,  5.1786155E-03,  1.0002612E+03,  1.5544404E+04,3,
 -2.1718355E+02,  0.0000000E+00,  2.6691324E+02,3619,  1.0098977E+00,  0.0000000E+00, -7.1168798E-03,  1.0002947E+03,  1.7536430E+04,3,
 -2.1593895E+02,  0.0000000E+00,  2.6675021E+02,3589,  1.0319060E+00,  0.0000000E+00,  5.4663420E-03,  1.0003055E+03,  1.8179924E+04,3,
 -2.1464931E+02,  0.0000000E+00,  2.6702051E+02,3611,  1.0343587E+00,  0.0000000E+00,  3.0287486E-02,  1.0002518E+03,  1.4984674E+04,3,
 -2.1371947E+02,  0.0000000E+00,  2.6619501E+02,3562,  9.5418113E-01,  0.0000000E+00,  2.6904413E-02,  1.0003207E+03,  1.9088885E+04,3,
 -2.1253279E+02,  0.0000000E+00,  2.6682727E+02,3610,  9.9942333E-01,  0.0000000E+00,  5.3004321E-02,  1.0002507E+03,  1.4919253E+04,3,
 -2.1147414E+02,  0.0000000E+00,  2.6626349E+02,3544,  9.7631800E-01,  0.0000000E+00,  6.6392154E-02,  1.0003063E+03,  1.8230824E+04,3,
 -2.1038115E+02,  0.0000000E+00,  2.6710138E+02,3612,  9.6735388E-01,  0.0000000E+00,  4.8253305E-02,  1.0002485E+03,  1.4788412E+04,3,
 -2.0942886E+02,  0.0000000E+00,  2.6609534E+02,3554,  9.6341681E-01,  0.0000000E+00,  2.3176014E-02,  1.0003222E+03,  1.9176150E+04,3,
 -2.0805975E+02,  0.0000000E+00,  2.6714883E+02,3602,  9.2745614E-01,  0.0000000E+00, -2.0832099E-02,  1.0002557E+03,  1.5217285E+04,3,
 -2.0750092E+02,  0.0000000E+00,  2.6597778E+02,3563,  9.5304829E-01,  0.0000000E+00, -4.5137644E-02,  1.0002631E+03,  1.5657081E+04,3,
 -2.0612985E+02,  0.0000000E+00,  2.6702652E+02,3601,  9.9814558E-01,  0.0000000E+00, -5.3758491E-02,  1.0002557E+03,  1.5213650E+04,3,
 -2.0524193E+02,  0.0000000E+00,  2.6627515E+02,3553,  9.6643609E-01,  0.0000000E+00, -5.7321902E-02,  1.0002970E+03,  1.7674576E+04,3,
 -2.0367097E+02,  0.0000000E+00,  2.6712119E+02,3603,  9.4661152E-01,  0.0000000E+00, -1.0973429E-01,  1.0002400E+03,  1.4279604E+04,3,
 -2.0354596E+02,  0.0000000E+00,  2.6603964E+02,3573,  8.6755925E-01,  0.0000000E+00, -1.6730610E-01,  1.0003033E+03,  1.8052676E+04,3,
 -2.0150946E+02,  0.0000000E+00,  2.6595306E+02,3555,  1.1567432E+00,  0.0000000E+00, -3.2860886E-02,  1.0003399E+03,  2.0230660E+04,3,
 -2.0129799E+02,  0.0000000E+00,  2.6694922E+02,3582,  9.8917431E-01,  0.0000000E+00, -1.8945294E-02,  1.0002563E+03,  1.5253631E+04,3,
 -1.9983125E+02,  0.0000000E+00,  2.6708096E+02,3593,  1.0297325E+00,  0.0000000E+00,  4.9603980E-02,  1.0002469E+03,  1.4693917E+04,3,
 -1.9790428E+02,  0.0000000E+00,  2.6687567E+02,3592,  1.1360643E+00,  0.0000000E+00, -3.1782072E-02,  1.0002175E+03,  1.2938654E+04,3,
 -1.9881746E+02,  0.0000000E+00,  2.6587363E+02,3452,  6.2504488E-01,  0.0000000E+00,  1.3165848E-01,  1.0003756E+03,  2.2358201E+04,3,
 -1.9607455E+02,  0.0000000E+00,  2.6698352E+02,3594,  1.1242524E+00,  0.0000000E+00, -4.5189708E-02,  1.0002078E+03,  1.2364537E+04,3,
 -1.9499861E+02,  0.0000000E+00,  2.6626456E+02,3572,  1.2027839E+00,  0.0000000E+00, -1.7181093E-02,  1.0002438E+03,  1.4504930E+04,3,
 -1.9378209E+02,  0.0000000E+00,  2.6694675E+02,3584,  1.0831771E+00,  0.0000000E+00,  1.3361806E-02,  1.0002505E+03,  1.4908350E+04,3,
 -1.9296953E+02,  0.0000000E+00,  2.6618820E+02,3534,  1.1093218E+00,  0.0000000E+00,  4.0002078E-02,  1.0003283E+03,  1.9539762E+04,3,
 -1.9159032E+02,  0.0000000E+00,  2.6689789E+02,3583,  1.1670482E+00,  0.0000000E+00, -1.7033671E-03,  1.0002642E+03,  1.5722507E+04,3,
 -1.9052263E+02,  0.0000000E+00,  2.6618362E+02,3516,  1.0957114E+00,  0.0000000E+00, -3.1504452E-02,  1.0002714E+03,  1.6147786E+04,3,
 -1.8920576E+02,  0.0000000E+00,  2.6709579E+02,3585,  1.1467004E+00,  0.0000000E+00, -1.7974220E-02,  1.0002433E+03,  1.4479489E+04,3,
 -1.8845592E+02,  0.0000000E+00,  2.6622937E+02,3488,  1.1563580E+00,  0.0000000E+00, -4.9325456E-03,  1.0002888E+03,  1.7187432E+04,3,
 -1.8717314E+02,  0.0000000E+00,  2.6620428E+02,3525,  1.0621734E+00,  0.0000000E+00, -2.4952168E-02,  1.0002999E+03,  1.7849082E+04,3,
 -1.8605556E+02,  0.0000000E+00,  2.6713101E+02,3575,  1.1306485E+00,  0.0000000E+00, -7.3700167E-02,  1.0002463E+03,  1.4653938E+04,3,
 -1.8523724E+02,  0.0000000E+00,  2.6618777E+02,3507,  1.1333222E+00,  0.0000000E+00, -1.1472909E-01,  1.0002521E+03,  1.5002847E+04,3,
 -1.8371922E+02,  0.0000000E+00,  2.6602011E+02,3499,  1.2946208E+00,  0.0000000E+00, -1.4904387E-02,  1.0003060E+03,  1.8212645E+04,3,
 -1.8318108E+02,  0.0000000E+00,  2.6700992E+02,3574,  1.1778461E+00,  0.0000000E+00,  1.8911321E-02,  1.0002666E+03,  1.5864265E+04,3,
 -1.8169595E+02,  0.0000000E+00,  2.6683511E+02,3564,  1.0940970E+00,  0.0000000E+00,  5.8409810E-02,  1.0003088E+03,  1.8379889E+04,3,
 -1.8025644E+02,  0.0000000E+00,  2.6558112E+02,3510,  1.1233567E+00,  0.0000000E+00, -3.0263696E-02,  1.0001760E+03,  1.0468004E+04,3,
 -1.8006165E+02,  0.0000000E+00,  2.6694910E+02,3576,  1.1108782E+00,  0.0000000E+00,  4.2978972E-03,  1.0003068E+03,  1.8259908E+04,3,
 -1.7833878E+02,  0.0000000E+00,  2.6690857E+02,3545,  1.1658844E+00,  0.0000000E+00, -1.5823400E-02,  1.0002995E+03,  1.7823633E+04,3,
 -1.7767410E+02,  0.0000000E+00,  2.6585452E+02,3518,  1.0669082E+00,  0.0000000E+00, -2.7331661E-02,  1.0002928E+03,  1.7427365E+04,3,
 -1.7625073E+02,  0.0000000E+00,  2.6708145E+02,3566,  1.1474162E+00,  0.0000000E+00, -9.0142619E-03,  1.0002827E+03,  1.6823906E+04,3,
 -1.7571414E+02,  0.0000000E+00,  2.6575272E+02,3526,  1.0547889E+00,  0.0000000E+00,  3.7757962E-03,  1.0002130E+03,  1.2673394E+04,3,
 -1.7406497E+02,  0.0000000E+00,  2.6701675E+02,3565,  1.1761016E+00,  0.0000000E+00, -1.6232505E-02,  1.0002628E+03,  1.5638907E+04,3,
 -1.7389372E+02,  0.0000000E+00,  2.6601840E+02,3527,  1.0465451E+00,  0.0000000E+00, -6.6802939E-03,  1.0003427E+03,  2.0394301E+04,3,
 -1.7230496E+02,  0.0000000E+00,  2.6587830E+02,3519,  1.1060753E+00,  0.0000000E+00, -4.9221117E-02,  1.0002176E+03,  1.2945922E+04,3,
 -1.7120798E+02,  0.0000000E+00,  2.6698175E+02,3567,  1.1500812E+00,  0.0000000E+00, -4.1795693E-02,  1.0002689E+03,  1.5998754E+04,3,
 -1.7063812E+02,  0.0000000E+00,  2.6581094E+02,3528,  1.1058444E+00,  0.0000000E+00, -5.9006829E-02,  1.0002205E+03,  1.3116711E+04,3,
 -1.6928641E+02,  0.0000000E+00,  2.6681793E+02,3557,  1.1608486E+00,  0.0000000E+00, -1.2106497E-02,  1.0002458E+03,  1.4624863E+04,3,
 -1.6829027E+02,  0.0000000E+00,  2.6646930E+02,3535,  1.0842400E+00,  0.0000000E+00,  1.3142318E-02,  1.0001887E+03,  1.1227300E+04,3,
 -1.6683876E+02,  0.0000000E+00,  2.6661963E+02,3556,  1.2198391E+00,  0.0000000E+00,  1.7430697E-02,  1.0001863E+03,  1.1081976E+04,3,
 -1.6528789E+02,  0.0000000E+00,  2.6656543E+02,3536,  1.1079315E+00,  0.0000000E+00,  6.9031894E-02,  1.0002383E+03,  1.4177845E+04,3,
 -1.6422516E+02,  0.0000000E+00,  2.6602170E+02,3517,  1.0913061E+00,  0.0000000E+00,  9.0353906E-02,  1.0002165E+03,  1.2880515E+04,3,
 -1.6320502E+02,  0.0000000E+00,  2.6702423E+02,3558,  1.0834017E+00,  0.0000000E+00,  3.9949834E-02,  1.0002633E+03,  1.5667985E+04,3,
 -1.6263864E+02,  0.0000000E+00,  2.6600079E+02,3537,  1.0949328E+00,  0.0000000E+00,  2.0475067E-02,  1.0002238E+03,  1.3312939E+04,3,
 -1.6133083E+02,  0.0000000E+00,  2.6587634E+02,3500,  1.0218688E+00,  0.0000000E+00, -4.7160897E-02,  1.0001584E+03,  9.4217959E+03,3,
 -1.6011432E+02,  0.0000000E+00,  2.6680380E+02,3546,  1.1481034E+00,  0.0000000E+00, -5.2487217E-02,  1.0002747E+03,  1.6344074E+04,3,
 -1.5897379E+02,  0.0000000E+00,  2.6592953E+02,3434,  1.2173089E+00,  0.0000000E+00, -4.2021748E-02,  1.0001774E+03,  1.0555192E+04,3,
 -1.5796645E+02,  0.0000000E+00,  2.6688965E+02,3548,  1.0794861E+00,  0.0000000E+00, -1.7448293E-02,  1.0002960E+03,  1.7612773E+04,3,
 -1.5696341E+02,  0.0000000E+00,  2.6576324E+02,3435,  9.9534810E-01,  0.0000000E+00, -3.0009987E-02,  1.0000668E+03,  3.9745791E+03,3,
 -1.5595026E+02,  0.0000000E+00,  2.6687891E+02,3549,  1.1036277E+00,  0.0000000E+00, -4.0795360E-02,  1.0002953E+03,  1.7572783E+04,3,
 -1.5453395E+02,  0.0000000E+00,  2.6661505E+02,3547,  1.1645461E+00,  0.0000000E+00, -2.2658668E-02,  1.0002445E+03,  1.4548542E+04,3,
 -1.5335686E+02,  0.0000000E+00,  2.6623264E+02,3538,  1.1670140E+00,  0.0000000E+00,  4.7697579E-03,  1.0001803E+03,  1.0725939E+04,3,
 -1.5218011E+02,  0.0000000E+00,  2.6610095E+02,3425,  1.1234791E+00,  0.0000000E+00,  1.1692574E-03,  1.0001769E+03,  1.0526129E+04,3,
 -1.5100960E+02,  0.0000000E+00,  2.6611215E+02,3398,  1.1054369E+00,  0.0000000E+00,  4.2168060E-03,  1.0002514E+03,  1.4959232E+04,3,
 -1.5019713E+02,  0.0000000E+00,  2.6690945E+02,3539,  1.1040851E+00,  0.0000000E+00,  1.0667211E-02,  1.0002714E+03,  1.6151421E+04,3,
 -1.4907726E+02,  0.0000000E+00,  2.6590204E+02,3426,  1.0926342E+00,  0.0000000E+00,  3.3427734E-02,  1.0002175E+03,  1.2942288E+04,3,
 -1.4774744E+02,  0.0000000E+00,  2.6694403E+02,3540,  1.1416619E+00,  0.0000000E+00, -7.5594634E-03,  1.0002778E+03,  1.6533096E+04,3,
 -1.4684689E+02,  0.0000000E+00,  2.6591336E+02,3408,  1.1729375E+00,  0.0000000E+00, -1.9007346E-02,  1.0001403E+03,  8.3430088E+03,3,
 -1.4538071E+02,  0.0000000E+00,  2.6685571E+02,3530,  1.1467588E+00,  0.0000000E+00, -8.4153414E-03,  1.0002720E+03,  1.6184135E+04,3,
 -1.4447060E+02,  0.0000000E+00,  2.6591486E+02,3462,  1.1483957E+00,  0.0000000E+00,  1.0505288E-03,  1.0001943E+03,  1.1557921E+04,3,
 -1.4325064E+02,  0.0000000E+00,  2.6672818E+02,3529,  1.1298027E+00,  0.0000000E+00, -3.3513550E-03,  1.0002623E+03,  1.5609829E+04,3,
 -1.4226266E+02,  0.0000000E+00,  2.6600769E+02,3443,  1.1030217E+00,  0.0000000E+00, -4.8008785E-03,  1.0001588E+03,  9.4472227E+03,3,
 -1.4103062E+02,  0.0000000E+00,  2.6688660E+02,3531,  1.2034075E+00,  0.0000000E+00, -2.1553252E-02,  1.0002539E+03,  1.5108248E+04,3,
 -1.4006087E+02,  0.0000000E+00,  2.6599023E+02,3453,  1.1860378E+00,  0.0000000E+00, -1.0521929E-02,  1.0001563E+03,  9.2982920E+03,3,
 -1.3861317E+02,  0.0000000E+00,  2.6689291E+02,3521,  1.1557610E+00,  0.0000000E+00, -2.9733973E-02,  1.0002633E+03,  1.5667985E+04,3,
 -1.3766139E+02,  0.0000000E+00,  2.6594177E+02,3454,  1.1651642E+00,  0.0000000E+00, -5.3948663E-02,  1.0001022E+03,  6.0768501E+03,3,
 -1.3625641E+02,  0.0000000E+00,  2.6693149E+02,3520,  1.1606508E+00,  0.0000000E+00, -5.0436955E-02,  1.0002706E+03,  1.6104167E+04,3,
 -1.3552335E+02,  0.0000000E+00,  2.6603461E+02,3463,  1.2229313E+00,  0.0000000E+00, -5.7290532E-02,  1.0002329E+03,  1.3858039E+04,3,
 -1.3413747E+02,  0.0000000E+00,  2.6576984E+02,3481,  1.1574790E+00,  0.0000000E+00, -1.5636496E-02,  1.0001637E+03,  9.7378262E+03,3,
 -1.3344951E+02,  0.0000000E+00,  2.6690253E+02,3490,  1.1521339E+00,  0.0000000E+00, -5.2627632E-03,  1.0002819E+03,  1.6776650E+04,3,
 -1.3249109E+02,  0.0000000E+00,  2.6588541E+02,3482,  1.1509851E+00,  0.0000000E+00,  3.8322162E-02,  1.0001988E+03,  1.1826785E+04,3,
 -1.3097668E+02,  0.0000000E+00,  2.6573914E+02,3474,  1.1853677E+00,  0.0000000E+00,  7.9570331E-02,  1.0001418E+03,  8.4338115E+03,3,
 -1.3065472E+02,  0.0000000E+00,  2.6702527E+02,3522,  1.2679344E+00,  0.0000000E+00,  1.0789819E-02,  1.0003011E+03,  1.7918158E+04,3,
 -1.2848174E+02,  0.0000000E+00,  2.6668271E+02,3491,  1.2324115E+00,  0.0000000E+00, -5.0649744E-02,  1.0002662E+03,  1.5842456E+04,3,
 -1.2880547E+02,  0.0000000E+00,  2.6573981E+02,3437,  1.0324066E+00,  0.0000000E+00, -6.1072215E-02,  1.0001580E+03,  9.3963682E+03,3,
 -1.2691636E+02,  0.0000000E+00,  2.6662314E+02,3512,  1.2756073E+00,  0.0000000E+00, -3.9932821E-02,  1.0002262E+03,  1.3458296E+04,3,
 -1.2592992E+02,  0.0000000E+00,  2.6627008E+02,3511,  1.2446783E+00,  0.0000000E+00, -6.4574014E-03,  1.0001547E+03,  9.2002168E+03,3,
 -1.2435162E+02,  0.0000000E+00,  2.6656253E+02,3513,  1.2319055E+00,  0.0000000E+00, -6.6224597E-03,  1.0002094E+03,  1.2459010E+04,3,
 -1.2303133E+02,  0.0000000E+00,  2.6633429E+02,3501,  1.1996064E+00,  0.0000000E+00, -9.7311819E-03,  1.0002347E+03,  1.3967062E+04,3,
 -1.2193544E+02,  0.0000000E+00,  2.6580551E+02,3472,  1.2124919E+00,  0.0000000E+00,  1.3305723E-03,  1.0002242E+03,  1.3342011E+04,3,
 -1.2101722E+02,  0.0000000E+00,  2.6680640E+02,3503,  1.1392161E+00,  0.0000000E+00, -5.6239747E-02,  1.0002618E+03,  1.5577117E+04,3,
 -1.2009584E+02,  0.0000000E+00,  2.6586453E+02,3427,  1.2036915E+00,  0.0000000E+00, -1.1558370E-01,  1.0002626E+03,  1.5624368E+04,3,
 -1.1886169E+02,  0.0000000E+00,  2.6588342E+02,3380,  1.2920668E+00,  0.0000000E+00, -8.7544501E-02,  1.0002727E+03,  1.6227755E+04,3,
 -1.1762473E+02,  0.0000000E+00,  2.6680502E+02,3502,  1.2157466E+00,  0.0000000E+00, -3.1739503E-02,  1.0002686E+03,  1.5984215E+04,3,
 -1.1695614E+02,  0.0000000E+00,  2.6575784E+02,3473,  1.1459595E+00,  0.0000000E+00,  8.0122640E-03,  1.0002847E+03,  1.6943869E+04,3,
 -1.1552157E+02,  0.0000000E+00,  2.6561868E+02,3464,  1.2114252E+00,  0.0000000E+00,  6.5297335E-02,  1.0001617E+03,  9.6179512E+03,3,
 -1.1520631E+02,  0.0000000E+00,  2.6682309E+02,3504,  1.2820159E+00,  0.0000000E+00,  2.2145089E-02,  1.0002694E+03,  1.6031469E+04,3,
 -1.1354417E+02,  0.0000000E+00,  2.6655273E+02,3492,  1.2898560E+00,  0.0000000E+00,  6.4541712E-02,  1.0002933E+03,  1.7452814E+04,3,
 -1.1229155E+02,  0.0000000E+00,  2.6636038E+02,3483,  1.2126923E+00,  0.0000000E+00,  5.2432492E-02,  1.0002975E+03,  1.7703660E+04,3,
 -1.1091707E+02,  0.0000000E+00,  2.6650723E+02,3494,  1.2161731E+00,  0.0000000E+00,  5.7595922E-03,  1.0002808E+03,  1.6711217E+04,3,
 -1.0965634E+02,  0.0000000E+00,  2.6543616E+02,3446,  1.2010210E+00,  0.0000000E+00, -4.0947042E-02,  1.0003240E+03,  1.9281596E+04,3,
 -1.0897827E+02,  0.0000000E+00,  2.6656354E+02,3495,  1.3157161E+00,  0.0000000E+00, -3.6048985E-03,  1.0002551E+03,  1.5177305E+04,3,
 -1.0763398E+02,  0.0000000E+00,  2.6635355E+02,3493,  1.1837920E+00,  0.0000000E+00, -8.5171843E-03,  1.0002552E+03,  1.5184574E+04,3,
 -1.0697064E+02,  0.0000000E+00,  2.6579959E+02,3299,  1.0975741E+00,  0.0000000E+00, -4.6522856E-02,  1.0003247E+03,  1.9325229E+04,3,
 -1.0513049E+02,  0.0000000E+00,  2.6564032E+02,3401,  1.3780180E+00,  0.0000000E+00,  3.8984854E-02,  1.0003698E+03,  2.2009035E+04,3,
 -1.0489754E+02,  0.0000000E+00,  2.6671777E+02,3485,  1.2465461E+00,  0.0000000E+00,  2.1030147E-02,  1.0002487E+03,  1.4799315E+04,3,
 -1.0313738E+02,  0.0000000E+00,  2.6655911E+02,3484,  1.2332335E+00,  0.0000000E+00,  5.6622721E-02,  1.0002539E+03,  1.5108248E+04,3,
 -1.0258173E+02,  0.0000000E+00,  2.6583212E+02,3465,  1.1906136E+00,  0.0000000E+00,  5.8166392E-02,  1.0003246E+03,  1.9321594E+04,3,
 -1.0086427E+02,  0.0000000E+00,  2.6570129E+02,3447,  1.2048937E+00,  0.0000000E+00, -2.1902764E-02,  1.0002773E+03,  1.6500381E+04,3,
 -1.0014372E+02,  0.0000000E+00,  2.6686121E+02,3486,  1.2868601E+00,  0.0000000E+00,  2.7213927E-02,  1.0002640E+03,  1.5707968E+04,3,
 -9.9214111E+01,  0.0000000E+00,  2.6548807E+02,3456,  1.1944326E+00,  0.0000000E+00,  6.8651214E-02,  1.0001513E+03,  9.0004375E+03,3,
 -9.8171272E+01,  0.0000000E+00,  2.6670331E+02,3476,  1.2744634E+00,  0.0000000E+00,  7.4516632E-02,  1.0002776E+03,  1.6522191E+04,3,
 -9.6631134E+01,  0.0000000E+00,  2.6645227E+02,3475,  1.1988639E+00,  0.0000000E+00,  9.3249716E-02,  1.0002787E+03,  1.6587623E+04,3,
 -9.5345100E+01,  0.0000000E+00,  2.6600516E+02,3455,  1.1142532E+00,  0.0000000E+00,  5.8446236E-02,  1.0002532E+03,  1.5068268E+04,3,
 -9.4298241E+01,  0.0000000E+00,  2.6586099E+02,3363,  1.1057630E+00,  0.0000000E+00,  1.0752564E-02,  1.0002277E+03,  1.3549146E+04,3,
 -9.3150055E+01,  0.0000000E+00,  2.6589908E+02,3372,  1.1414851E+00,  0.0000000E+00, -2.0632321E-02,  1.0002655E+03,  1.5798838E+04,3,
 -9.2335724E+01,  0.0000000E+00,  2.6677646E+02,3477,  1.1509099E+00,  0.0000000E+00, -2.8928557E-02,  1.0002535E+03,  1.5086440E+04,3,
 -9.1094208E+01,  0.0000000E+00,  2.6560239E+02,3382,  1.0496815E+00,  0.0000000E+00, -8.5482284E-02,  1.0003517E+03,  2.0936152E+04,3,
 -9.0160614E+01,  0.0000000E+00,  2.6657062E+02,3467,  1.1534920E+00,  0.0000000E+00, -7.5395636E-02,  1.0002728E+03,  1.6231390E+04,3,
 -8.8608253E+01,  0.0000000E+00,  2.6647098E+02,3466,  1.1247030E+00,  0.0000000E+00, -4.8030831E-02,  1.0002570E+03,  1.5293612E+04,3,
 -8.7663200E+01,  0.0000000E+00,  2.6586258E+02,3353,  1.3056381E+00,  0.0000000E+00,  8.2540009E-03,  1.0002872E+03,  1.7092914E+04,3,
 -8.6190895E+01,  0.0000000E+00,  2.6581430E+02,3418,  1.0906848E+00,  0.0000000E+00, -8.4542790E-03,  1.0003377E+03,  2.0099750E+04,3,
 -8.5460823E+01,  0.0000000E+00,  2.6675745E+02,3468,  1.1391478E+00,  0.0000000E+00, -2.4916686E-03,  1.0002538E+03,  1.5104613E+04,3,
 -8.4301254E+01,  0.0000000E+00,  2.6566104E+02,3344,  1.0291922E+00,  0.0000000E+00, -4.4661090E-02,  1.0002045E+03,  1.2164693E+04,3,
 -8.2858704E+01,  0.0000000E+00,  2.6676505E+02,3458,  1.1218957E+00,  0.0000000E+00,  1.1286605E-02,  1.0002608E+03,  1.5518961E+04,3,
 -8.2186111E+01,  0.0000000E+00,  2.6583997E+02,3326,  1.2087892E+00,  0.0000000E+00,  7.3522851E-02,  1.0003109E+03,  1.8499869E+04,3,
 -8.0867744E+01,  0.0000000E+00,  2.6575476E+02,3400,  1.1191056E+00,  0.0000000E+00,  3.1475324E-02,  1.0002943E+03,  1.7514617E+04,3,
 -7.9786560E+01,  0.0000000E+00,  2.6584784E+02,3410,  1.1027379E+00,  0.0000000E+00, -3.9677657E-02,  1.0002375E+03,  1.4134234E+04,3,
 -7.8589531E+01,  0.0000000E+00,  2.6673163E+02,3457,  1.1855952E+00,  0.0000000E+00, -2.5255153E-02,  1.0002514E+03,  1.4959232E+04,3,
 -7.7672729E+01,  0.0000000E+00,  2.6553049E+02,3347,  1.2748035E+00,  0.0000000E+00, -9.6779928E-02,  1.0001967E+03,  1.1703252E+04,3,
 -7.6511765E+01,  0.0000000E+00,  2.6653271E+02,3428,  1.0223663E+00,  0.0000000E+00,  3.2200646E-02,  1.0002894E+03,  1.7223785E+04,3,
 -7.4906181E+01,  0.0000000E+00,  2.6663547E+02,3459,  1.1552689E+00,  0.0000000E+00,  2.3142438E-02,  1.0002621E+03,  1.5595290E+04,3,
 -7.4441025E+01,  0.0000000E+00,  2.6552261E+02,3300,  1.0314451E+00,  0.0000000E+00,  8.0290124E-02,  1.0002265E+03,  1.3476466E+04,3,
 -7.2959457E+01,  0.0000000E+00,  2.6634900E+02,3448,  1.1837709E+00,  0.0000000E+00, -3.2949809E-03,  1.0002191E+03,  1.3033133E+04,3,
 -7.1558693E+01,  0.0000000E+00,  2.6644971E+02,3449,  1.1654418E+00,  0.0000000E+00, -3.8326217E-03,  1.0001893E+03,  1.1263631E+04,3,
 -6.9666817E+01,  0.0000000E+00,  2.6599768E+02,3409,  1.2570921E+00,  0.0000000E+00, -2.7715582E-03,  1.0002704E+03,  1.6089627E+04,3,
 -6.8295235E+01,  0.0000000E+00,  2.6666229E+02,3450,  1.1329703E+00,  0.0000000E+00, -5.8729883E-02,  1.0002682E+03,  1.5962405E+04,3,
 -6.8040245E+01,  0.0000000E+00,  2.6547714E+02,3383,  9.9377018E-01,  0.0000000E+00, -7.2129793E-02,  1.0002091E+03,  1.2440842E+04,3,
 -6.5542641E+01,  0.0000000E+00,  2.6542648E+02,3402,  1.4288721E+00,  0.0000000E+00, -1.2749524E-01,  1.0000767E+03,  4.5591035E+03,3,
 -6.6271103E+01,  0.0000000E+00,  2.6632513E+02,3438,  1.1342843E+00,  0.0000000E+00, -1.3227102E-01,  1.0002556E+03,  1.5206382E+04,3,
 -6.3996189E+01,  0.0000000E+00,  2.6659567E+02,3440,  1.0330087E+00,  0.0000000E+00, -9.4107777E-02,  1.0002922E+03,  1.7391012E+04,3,
 -6.3427227E+01,  0.0000000E+00,  2.6589792E+02,3209,  1.2630950E+00,  0.0000000E+00, -1.1775903E-01,  1.0004890E+03,  2.9114799E+04,3,
 -6.1901783E+01,  0.0000000E+00,  2.6636526E+02,3439,  1.1742771E+00,  0.0000000E+00, -7.7562131E-02,  1.0002486E+03,  1.4792047E+04,3,
 -6.0688263E+01,  0.0000000E+00,  2.6610083E+02,3429,  1.2214571E+00,  0.0000000E+00, -4.0462073E-02,  1.0001855E+03,  1.1038379E+04,3,
 -5.9686779E+01,  0.0000000E+00,  2.6556848E+02,3419,  1.2552613E+00,  0.0000000E+00,  2.3693614E-02,  1.0003592E+03,  2.1379840E+04,3,
 -5.8836006E+01,  0.0000000E+00,  2.6546494E+02,3346,  1.1648339E+00,  0.0000000E+00,  3.4047693E-02,  1.0005875E+03,  3.4994625E+04,3,
 -5.7462715E+01,  0.0000000E+00,  2.6503595E+02,3392,  1.2548800E+00,  0.0000000E+00,  1.4222872E-02,  1.0001264E+03,  7.5185610E+03,3,
 -5.6890072E+01,  0.0000000E+00,  2.6642563E+02,3441,  1.3886385E+00,  0.0000000E+00,  5.8673624E-02,  1.0002161E+03,  1.2855078E+04,3,
 -5.5263542E+01,  0.0000000E+00,  2.6642450E+02,3431,  1.1649228E+00,  0.0000000E+00,  5.1891815E-02,  1.0003077E+03,  1.8314445E+04,3,
 -5.4241978E+01,  0.0000000E+00,  2.6628192E+02,3430,  1.1635991E+00,  0.0000000E+00,  1.8146208E-02,  1.0003547E+03,  2.1114352E+04,3,
 -5.3001335E+01,  0.0000000E+00,  2.6601862E+02,3420,  1.3330356E+00,  0.0000000E+00, -5.0731730E-03,  1.0003362E+03,  2.0012477E+04,3,
 -5.2044170E+01,  0.0000000E+00,  2.6549472E+02,3411,  1.4457910E+00,  0.0000000E+00,  9.3820438E-02,  1.0002102E+03,  1.2506246E+04,3,
 -4.9829632E+01,  0.0000000E+00,  2.6559717E+02,3356,  1.2578806E+00,  0.0000000E+00, -2.0231962E-02,  1.0000163E+03,  9.6899701E+02,3,
 -4.9287003E+01,  0.0000000E+00,  2.6652008E+02,3432,  1.4989241E+00,  0.0000000E+00, -7.1429878E-02,  1.0002907E+03,  1.7300127E+04,3,
 -4.8711811E+01,  0.0000000E+00,  2.6546619E+02,3384,  1.0963897E+00,  0.0000000E+00, -2.0855969E-01,  9.9987933E+02, -7.1719854E+03,3,
 -4.6408775E+01,  0.0000000E+00,  2.6601138E+02,3422,  1.4855552E+00,  0.0000000E+00, -2.4379882E-01,  1.0001498E+03,  8.9132617E+03,3,
 -4.8102421E+01,  0.0000000E+00,  2.6539050E+02,3365,  9.2593598E-01,  0.0000000E+00, -2.8472999E-01,  1.0001204E+03,  7.1590215E+03,3,
 -4.4687336E+01,  0.0000000E+00,  2.6568939E+02,3421,  1.2782023E+00,  0.0000000E+00, -8.7629110E-02,  1.0003375E+03,  2.0088840E+04,3,
 -4.3561069E+01,  0.0000000E+00,  2.6636612E+02,3423,  1.9810156E+00,  0.0000000E+00,  1.2239129E-01,  1.0003732E+03,  2.2212713E+04,3,
 -4.0730206E+01,  0.0000000E+00,  2.6545944E+02,3246,  1.4321792E+00,  0.0000000E+00,  2.2296218E-02,  9.9988306E+02, -6.9507729E+03,3,
 -4.0744438E+01,  0.0000000E+00,  2.6635974E+02,3413,  1.5693444E+00,  0.0000000E+00,  1.7359053E-01,  1.0004099E+03,  2.4398885E+04,3,
 -3.9467270E+01,  0.0000000E+00,  2.6604016E+02,3412,  1.3334568E+00,  0.0000000E+00,  2.6749387E-01,  1.0004125E+03,  2.4558957E+04,3,
 -3.6687782E+01,  0.0000000E+00,  2.6511636E+02,3327,  9.8878342E-01,  0.0000000E+00,  3.4432247E-01,  1.0010553E+03,  6.2944836E+04,3,
 -3.6936188E+01,  0.0000000E+00,  2.6523880E+02,3200,  1.3312824E+00,  0.0000000E+00,  3.1168275E-02,  9.9917572E+02, -4.8888953E+04,3,
 -3.6647160E+01,  0.0000000E+00,  2.6635590E+02,3393,  1.2629501E+00,  0.0000000E+00,  1.4770348E-01,  1.0003970E+03,  2.3631307E+04,3,
 -3.4497406E+01,  0.0000000E+00,  2.6600027E+02,3355,  1.5011464E+00,  0.0000000E+00,  1.4080545E-01,  1.0008932E+03,  5.3249668E+04,3,
 -3.3103462E+01,  0.0000000E+00,  2.6723099E+02,3414,  8.9574826E-01,  0.0000000E+00,  1.1653940E-01,  1.0005684E+03,  3.3851156E+04,3,
 -3.3699448E+01,  0.0000000E+00,  2.6560165E+02,3366,  1.3502095E+00,  0.0000000E+00,  9.1176100E-02,  9.9913660E+02, -5.1203406E+04,3,
 -3.3608727E+01,  0.0000000E+00,  2.6556754E+02,3375,  1.3960336E+00,  0.0000000E+00, -9.9533863E-02,  9.9942468E+02, -3.4148207E+04,3,
 -3.1544411E+01,  0.0000000E+00,  2.6547018E+02,3073,  1.1691196E+00,  0.0000000E+00,  6.5977210E-03,  1.0008125E+03,  4.8427492E+04,3,
 -3.0122053E+01,  0.0000000E+00,  2.6735779E+02,3404,  1.5233423E+00,  0.0000000E+00,  1.9093633E-01,  1.0006092E+03,  3.6287562E+04,3,
 -2.9696123E+01,  0.0000000E+00,  2.6604001E+02,3364,  1.1059463E+00,  0.0000000E+00,  2.5721073E-01,  9.9812115E+02, -1.1108457E+05,3,
 -2.9700865E+01,  0.0000000E+00,  2.6583282E+02,3254,  1.1262521E+00,  0.0000000E+00,  3.8741422E-01,  1.0010176E+03,  6.0688117E+04,3,
 -2.7742935E+01,  0.0000000E+00,  2.6706744E+02,3373,  1.5698649E+00,  0.0000000E+00,  7.1178503E-02,  1.0009506E+03,  5.6679863E+04,3,
 -2.8223219E+01,  0.0000000E+00,  2.6598312E+02,3064,  8.8509220E-01,  0.0000000E+00,  1.7899410E-01,  9.9966486E+02, -1.9906951E+04,3,
 -2.4731998E+01,  0.0000000E+00,  2.6757391E+02,3403,  1.2291222E+00,  0.0000000E+00,  3.0172648E-02,  1.0006490E+03,  3.8662633E+04,3,
 -2.5604118E+01,  0.0000000E+00,  2.6614572E+02,3274,  1.2661663E+00,  0.0000000E+00, -6.5021150E-02,  1.0000659E+03,  3.9164917E+03,3,
 -2.5609045E+01,  0.0000000E+00,  2.6615866E+02,3328,  1.2609067E+00,  0.0000000E+00, -7.2012529E-02,  9.9982666E+02, -1.0301072E+04,3,
 -2.3620380E+01,  0.0000000E+00,  2.6639914E+02,3330,  1.2772863E+00,  0.0000000E+00,  9.5991783E-02,  9.9965778E+02, -2.0327064E+04,3,
 -2.3167770E+01,  0.0000000E+00,  2.6639389E+02,3155,  1.1742840E+00,  0.0000000E+00, -1.8462759E-01,  9.9985461E+02, -8.6405684E+03,3,
 -2.3166893E+01,  0.0000000E+00,  2.6642322E+02,3182,  1.0896577E+00,  0.0000000E+00,  1.8494110E-01,  9.9986884E+02, -7.7957065E+03,3,
 -2.0888329E+01,  0.0000000E+00,  2.6616028E+02,3405,  1.3827693E+00,  0.0000000E+00, -6.9012487E-01,  1.0008710E+03,  5.1925344E+04,3,
 -1.9603815E+01,  0.0000000E+00,  2.6609171E+02,3374,  1.2351489E+00,  0.0000000E+00,  2.3256597E-01,  9.9972742E+02, -1.6193978E+04,3,
 -1.8870234E+01,  0.0000000E+00,  2.6646942E+02,3055,  1.2261832E+00,  0.0000000E+00, -9.0987757E-02,  1.0001830E+03,  1.0885791E+04,3,
 -1.7470379E+01,  0.0000000E+00,  2.6645609E+02,3237,  1.2779509E+00,  0.0000000E+00,  3.0081093E-02,  1.0003190E+03,  1.8983441E+04,3,
 -1.7464710E+01,  0.0000000E+00,  2.6647153E+02,3309,  1.2075466E+00,  0.0000000E+00,  2.0136761E-02,  9.9977856E+02, -1.3157359E+04,3,
 -1.7458616E+01,  0.0000000E+00,  2.6646878E+02,3245,  1.3084939E+00,  0.0000000E+00,  1.0146374E-01,  9.9994690E+02, -3.1567488E+03,3,
 -1.4808984E+01,  0.0000000E+00,  2.6674896E+02,3395,  1.3593650E+00,  0.0000000E+00,  7.1554676E-02,  1.0005061E+03,  3.0137602E+04,3,
 -1.4244642E+01,  0.0000000E+00,  2.6627484E+02,3394,  1.1729997E+00,  0.0000000E+00,  2.2868980E-01,  1.0000489E+03,  2.9072754E+03,3,
 -1.3542664E+01,  0.0000000E+00,  2.6634344E+02,3396,  1.2406285E+00,  0.0000000E+00,  2.1082658E-01,  9.9995258E+02, -2.8193513E+03,3,
 -1.2022491E+01,  0.0000000E+00,  2.6625772E+02,3386,  1.3241059E+00,  0.0000000E+00, -6.3502654E-02,  9.9986652E+02, -7.9335000E+03,3,
 -1.0330234E+01,  0.0000000E+00,  2.6638339E+02,3046,  1.2156490E+00,  0.0000000E+00,  2.1448843E-01,  1.0001810E+03,  1.0765902E+04,3,
 -1.0319445E+01,  0.0000000E+00,  2.6640256E+02,3037,  1.2023699E+00,  0.0000000E+00,  1.8106204E-01,  1.0001575E+03,  9.3673086E+03,3,
 -9.4216013E+00,  0.0000000E+00,  2.6658826E+02,3236,  1.3223245E+00,  0.0000000E+00,  2.0227186E-01,  1.0001162E+03,  6.9120728E+03,3,
 -7.9973140E+00,  0.0000000E+00,  2.6670370E+02,3338,  1.2028445E+00,  0.0000000E+00, -2.3477431E-02,  1.0008785E+03,  5.2370414E+04,3,
 -7.8053126E+00,  0.0000000E+00,  2.6666589E+02,3348,  1.1423796E+00,  0.0000000E+00,  3.1145692E-01,  9.9858765E+02, -8.3620664E+04,3,
 -6.1085639E+00,  0.0000000E+00,  2.6664017E+02,3173,  1.3283973E+00,  0.0000000E+00, -2.6267549E-01,  1.0002549E+03,  1.5170035E+04,3,
 -6.1032629E+00,  0.0000000E+00,  2.6662128E+02,3164,  1.2231178E+00,  0.0000000E+00, -1.3238472E-01,  1.0003009E+03,  1.7907252E+04,3,
 -5.5863786E+00,  0.0000000E+00,  2.6658301E+02,3028,  1.2440203E+00,  0.0000000E+00,  1.3447841E-01,  1.0001314E+03,  7.8163716E+03,3,
 -3.6624959E+00,  0.0000000E+00,  2.6638419E+02,3387,  1.1364045E+00,  0.0000000E+00, -9.8325916E-02,  9.9957623E+02, -2.5164311E+04,3,
 -2.4444716E+00,  0.0000000E+00,  2.6652191E+02,3385,  1.2892910E+00,  0.0000000E+00,  2.2692601E-01,  9.9965363E+02, -2.0573328E+04,3,
 -1.3666973E+00,  0.0000000E+00,  2.6667133E+02,3019,  1.2133867E+00,  0.0000000E+00, -2.3036247E-02,  1.0006083E+03,  3.6232926E+04,3,
 -1.0969005E+00,  0.0000000E+00,  2.6697363E+02,3357,  1.2426709E+00,  0.0000000E+00,  9.2080086E-02,  1.0009479E+03,  5.6522922E+04,3,
  2.5862426E-01,  0.0000000E+00,  2.6675015E+02,3119,  1.2525413E+00,  0.0000000E+00, -8.7497914E-03,  9.9803217E+02, -1.1631492E+05,3,
  1.1394544E+00,  0.0000000E+00,  2.6682016E+02,3376,  1.2313989E+00,  0.0000000E+00,  1.2441638E-01,  1.0001044E+03,  6.2075762E+03,3,
  1.5455291E+00,  0.0000000E+00,  2.6670828E+02,3377,  1.1965715E+00,  0.0000000E+00, -1.9953237E-01,  1.0001040E+03,  6.1857881E+03,3,
  1.9066429E+00,  0.0000000E+00,  2.6682568E+02,3378,  1.1434883E+00,  0.0000000E+00,  9.6098930E-02,  1.0001110E+03,  6.6033955E+03,3,
  6.5558600E+00,  0.0000000E+00,  2.6731415E+02,3010,  1.4864452E+00,  0.0000000E+00, -2.0885028E-01,  1.0000068E+03,  4.0645914E+02,3,
  5.9699049E+00,  0.0000000E+00,  2.6701672E+02,3368,  1.3500217E+00,  0.0000000E+00,  1.6708122E+00,  9.9959955E+02, -2.3781447E+04,3,
  6.8778515E+00,  0.0000000E+00,  2.6728949E+02,3282,  1.5781410E+00,  0.0000000E+00, -1.9333978E-01,  1.0001293E+03,  7.6892563E+03,3,
  6.8321056E+00,  0.0000000E+00,  2.6715952E+02,3291,  1.6055974E+00,  0.0000000E+00, -4.8950571E-01,  9.9939825E+02, -3.5714031E+04,3,
  8.6620226E+00,  0.0000000E+00,  2.6716061E+02,3320,  1.3235310E+00,  0.0000000E+00, -1.0309776E+00,  1.0010228E+03,  6.0998477E+04,3,
  9.8147697E+00,  0.0000000E+00,  2.6704797E+02,3283,  1.7706932E+00,  0.0000000E+00,  8.3557956E-02,  9.9861414E+02, -8.2058844E+04,3,
  9.8310585E+00,  0.0000000E+00,  2.6697601E+02,3255,  1.6855679E+00,  0.0000000E+00,  9.3810789E-02,  9.9973218E+02, -1.5911372E+04,3,
  1.0514647E+01,  0.0000000E+00,  2.6709952E+02,3001,  1.6642896E+00,  0.0000000E+00, -1.0934011E-01,  1.0005289E+03,  3.1495436E+04,3,
  1.2777513E+01,  0.0000000E+00,  2.6795120E+02,3367,  1.3597630E+00,  0.0000000E+00,  9.8618634E-02,  1.0011346E+03,  6.7693648E+04,3,
  1.3605362E+01,  0.0000000E+00,  2.6702780E+02,3110,  1.5740207E+00,  0.0000000E+00, -3.8849632E-03,  9.9945892E+02, -3.2119131E+04,3,
  1.3609109E+01,  0.0000000E+00,  2.6700555E+02,3101,  1.5267828E+00,  0.0000000E+00, -3.0640744E-02,  9.9855444E+02, -8.5577984E+04,3,
  1.4340236E+01,  0.0000000E+00,  2.6704532E+02,2992,  1.4472741E+00,  0.0000000E+00,  2.9464688E-03,  1.0002368E+03,  1.4090624E+04,3,
  1.4724353E+01,  0.0000000E+00,  2.6697565E+02,3358,  1.3301167E+00,  0.0000000E+00, -1.0570544E-01,  1.0001849E+03,  1.1002048E+04,3,
  1.7623358E+01,  0.0000000E+00,  2.6700745E+02,3369,  1.8639749E+00,  0.0000000E+00,  2.9055232E-02,  9.9981738E+02, -1.0852096E+04,3,
  1.8203310E+01,  0.0000000E+00,  2.6705072E+02,3339,  1.6827050E+00,  0.0000000E+00, -1.8094267E-01,  9.9990338E+02, -5.7430815E+03,3,
  1.9315182E+01,  0.0000000E+00,  2.6709995E+02,3201,  1.5545256E+00,  0.0000000E+00, -2.4860701E-01,  1.0000988E+03,  5.8771333E+03,3,
  2.0325380E+01,  0.0000000E+00,  2.6704724E+02,3329,  1.6357228E+00,  0.0000000E+00, -1.0114818E-01,  9.9981219E+02, -1.1160220E+04,3,
  2.0335772E+01,  0.0000000E+00,  2.6706946E+02,3273,  1.6601804E+00,  0.0000000E+00, -1.8154553E-01,  9.9998413E+02, -9.4350153E+02,3,
  2.0364357E+01,  0.0000000E+00,  2.6703687E+02,3146,  1.6206107E+00,  0.0000000E+00, -3.5533786E-02,  9.9989685E+02, -6.1311548E+03,3,
  2.3208229E+01,  0.0000000E+00,  2.6708145E+02,3359,  1.8914275E+00,  0.0000000E+00, -3.3570488E-03,  9.9987665E+02, -7.3315459E+03,3,
  2.4080256E+01,  0.0000000E+00,  2.6702969E+02,3349,  1.6650025E+00,  0.0000000E+00, -1.2066148E-01,  1.0001176E+03,  6.9919673E+03,3,
  2.5213619E+01,  0.0000000E+00,  2.6703384E+02,3264,  1.6036664E+00,  0.0000000E+00,  8.3898738E-02,  9.9993408E+02, -3.9185720E+03,3,
  2.5647102E+01,  0.0000000E+00,  2.6704404E+02,3266,  1.7232143E+00,  0.0000000E+00, -2.1341315E-01,  9.9969989E+02, -1.7827857E+04,3,
  2.5651901E+01,  0.0000000E+00,  2.6704373E+02,3321,  1.7266588E+00,  0.0000000E+00, -2.1541469E-01,  9.9967938E+02, -1.9044941E+04,3,
  2.7541361E+01,  0.0000000E+00,  2.6831967E+02,3360,  1.8602607E+00,  0.0000000E+00, -1.6308135E-01,  1.0008918E+03,  5.3169398E+04,3,
  2.8757421E+01,  0.0000000E+00,  2.6697672E+02,3083,  1.6634737E+00,  0.0000000E+00, -2.4600680E-01,  9.9961230E+02, -2.3024773E+04,3,
  2.8764236E+01,  0.0000000E+00,  2.6697775E+02,3128,  1.6749607E+00,  0.0000000E+00, -2.3497801E-01,  9.9962665E+02, -2.2173896E+04,3,
  2.9227427E+01,  0.0000000E+00,  2.6700656E+02,2983,  1.7617146E+00,  0.0000000E+00,  8.1950821E-02,  9.9998163E+02, -1.0922762E+03,3,
  2.9892330E+01,  0.0000000E+00,  2.6699469E+02,3350,  1.7177777E+00,  0.0000000E+00, -2.9910943E-01,  9.9999384E+02, -3.6652475E+02,3,
  3.3155899E+01,  0.0000000E+00,  2.6695474E+02,3351,  1.7646581E+00,  0.0000000E+00,  2.7402228E-01,  9.9994299E+02, -3.3889297E+03,3,
  3.3523022E+01,  0.0000000E+00,  2.6706342E+02,3340,  1.7762839E+00,  0.0000000E+00,  9.2456281E-02,  9.9994281E+02, -3.3998130E+03,3,
  3.4495117E+01,  0.0000000E+00,  2.6711850E+02,3219,  1.7421010E+00,  0.0000000E+00, -7.9536490E-02,  9.9998602E+02, -8.3101184E+02,3,
  3.5278633E+01,  0.0000000E+00,  2.6709442E+02,3257,  1.7972922E+00,  0.0000000E+00, -1.4013396E-02,  9.9990289E+02, -5.7720967E+03,3,
  3.5570232E+01,  0.0000000E+00,  2.6712872E+02,3265,  1.6970509E+00,  0.0000000E+00, -1.8540435E-02,  9.9993695E+02, -3.7480737E+03,3,
  3.6081364E+01,  0.0000000E+00,  2.6720865E+02,2974,  1.8067659E+00,  0.0000000E+00, -2.4707930E-01,  1.0000460E+03,  2.7330325E+03,3,
  3.8381607E+01,  0.0000000E+00,  2.6700082E+02,3341,  1.8349103E+00,  0.0000000E+00,  2.7362698E-01,  1.0001176E+03,  6.9919673E+03,3,
  3.9933575E+01,  0.0000000E+00,  2.6708411E+02,3156,  1.7890317E+00,  0.0000000E+00, -1.0266605E-01,  9.9979675E+02, -1.2077287E+04,3,
  3.9932583E+01,  0.0000000E+00,  2.6705585E+02,3074,  1.7905440E+00,  0.0000000E+00, -7.3591657E-02,  9.9980023E+02, -1.1870683E+04,3,
  4.0012218E+01,  0.0000000E+00,  2.6707291E+02,3238,  1.7976646E+00,  0.0000000E+00, -1.0212602E-01,  9.9974036E+02, -1.5425853E+04,3,
  4.1849899E+01,  0.0000000E+00,  2.6746533E+02,3256,  1.8409637E+00,  0.0000000E+00, -6.1218798E-02,  1.0009552E+03,  5.6957250E+04,3,
  4.2567295E+01,  0.0000000E+00,  2.6709607E+02,3292,  1.7852616E+00,  0.0000000E+00, -1.4696701E-01,  9.9956537E+02, -2.5808615E+04,3,
  4.2978275E+01,  0.0000000E+00,  2.6710223E+02,3293,  1.7807089E+00,  0.0000000E+00, -1.1636885E-01,  9.9984131E+02, -9.4309736E+03,3,
  4.4086594E+01,  0.0000000E+00,  2.6703064E+02,3331,  1.8785774E+00,  0.0000000E+00,  1.0782444E-02,  9.9966260E+02, -2.0040955E+04,3,
  4.5237743E+01,  0.0000000E+00,  2.6699963E+02,3342,  1.7400178E+00,  0.0000000E+00,  1.5575610E-01,  1.0005392E+03,  3.2110709E+04,3,
  4.6767105E+01,  0.0000000E+00,  2.6695386E+02,2965,  1.8108709E+00,  0.0000000E+00,  2.8251094E-01,  1.0000234E+03,  1.3900140E+03,3,
  4.7323547E+01,  0.0000000E+00,  2.6699002E+02,3147,  1.7636974E+00,  0.0000000E+00,  1.9954085E-01,  9.9880042E+02, -7.1068688E+04,3,
  4.8190598E+01,  0.0000000E+00,  2.6726447E+02,3301,  2.0773642E+00,  0.0000000E+00,  6.1027217E-01,  1.0007892E+03,  4.7034531E+04,3,
  4.9156677E+01,  0.0000000E+00,  2.6697980E+02,2956,  1.7358767E+00,  0.0000000E+00,  1.0554493E-01,  1.0000776E+03,  4.6135645E+03,3,
  4.9558758E+01,  0.0000000E+00,  2.6701480E+02,3322,  1.5940387E+00,  0.0000000E+00,  2.7196351E-01,  9.9994391E+02, -3.3345127E+03,3,
  4.9645187E+01,  0.0000000E+00,  2.6695654E+02,3332,  1.5606533E+00,  0.0000000E+00,  3.5960978E-01,  9.9991443E+02, -5.0865869E+03,3,
  5.4174847E+01,  0.0000000E+00,  2.6706094E+02,3333,  3.2850232E+00,  0.0000000E+00,  1.7029749E-01,  9.9991669E+02, -4.9523809E+03,3,
  5.4513252E+01,  0.0000000E+00,  2.6717712E+02,3311,  3.2294323E+00,  0.0000000E+00,  3.8746524E-01,  9.9988489E+02, -6.8419780E+03,3,
  5.4735519E+01,  0.0000000E+00,  2.6717560E+02,2947,  3.1197343E+00,  0.0000000E+00,  2.2215745E-01,  9.9987543E+02, -7.4040723E+03,3,
  5.5224327E+01,  0.0000000E+00,  2.6721680E+02,3228,  2.8898697E+00,  0.0000000E+00,  3.3925481E-02,  9.9968164E+02, -1.8910926E+04,3,
  5.6546738E+01,  0.0000000E+00,  2.6710278E+02,3294,  2.9247098E+00,  0.0000000E+00, -3.0886945E-01,  9.9980481E+02, -1.1598828E+04,3,
  5.7730862E+01,  0.0000000E+00,  2.6682849E+02,3285,  3.0407753E+00,  0.0000000E+00, -1.0507052E+00,  9.9978363E+02, -1.2856546E+04,3,
  5.8524609E+01,  0.0000000E+00,  2.6648767E+02,3220,  2.7775419E+00,  0.0000000E+00, -1.2605765E+00,  9.9962274E+02, -2.2405633E+04,3,
  5.9395329E+01,  0.0000000E+00,  2.6600427E+02,3312,  2.5727980E+00,  0.0000000E+00, -1.6826867E+00,  9.9990106E+02, -5.8809038E+03,3,
  5.9615173E+01,  0.0000000E+00,  2.6583389E+02,3323,  2.5700369E+00,  0.0000000E+00, -1.6373522E+00,  9.9993262E+02, -4.0056338E+03,3,
  5.9678314E+01,  0.0000000E+00,  2.6575800E+02,3324,  2.4801717E+00,  0.0000000E+00, -1.7985113E+00,  9.9992749E+02, -4.3103438E+03,3,
