TimeStep [s],Np,Nbound,Nfixed,Nmoving,Nfloat,Nfluid
255.001,1800,0,0,0,0,1800

Pos.x [m],Pos.y [m],Pos.z [m],Idp,Vel.x [m/s],Vel.y [m/s],Vel.z [m/s],Rhop [kg/m^3],Press [Pa],Type,
  3.0175110E+02,  0.0000000E+00,  2.5081790E+02,3179, -9.4818980E-02,  0.0000000E+00, -2.0888676E-03,  1.0012740E+03,  7.6042414E+04,3,
  3.0252554E+02,  0.0000000E+00,  2.5048650E+02,3171,  2.1259259E-01,  0.0000000E+00, -9.0629488E-02,  1.0017958E+03,  1.0735379E+05,3,
  3.0435934E+02,  0.0000000E+00,  2.5056125E+02,3161,  5.1170671E-01,  0.0000000E+00, -5.6889519E-02,  1.0021999E+03,  1.3166736E+05,3,
  3.0558618E+02,  0.0000000E+00,  2.5106407E+02,3204,  3.2534122E-01,  0.0000000E+00, -5.5447746E-02,  1.0011245E+03,  6.7083484E+04,3,
  3.0660736E+02,  0.0000000E+00,  2.5076819E+02,2912,  4.3694645E-01,  0.0000000E+00, -3.1973843E-02,  1.0011842E+03,  7.0660977E+04,3,
  3.0814383E+02,  0.0000000E+00,  2.5097305E+02,3067,  4.5717970E-01,  0.0000000E+00,  2.3447320E-02,  1.0007367E+03,  4.3899258E+04,3,
  3.0757678E+02,  0.0000000E+00,  2.5102084E+02,3130,  4.0054673E-01,  0.0000000E+00, -1.7111839E-03,  1.0006909E+03,  4.1162164E+04,3,
  3.0903549E+02,  0.0000000E+00,  2.5095975E+02,3104,  4.4241169E-01,  0.0000000E+00,  2.9702183E-02,  1.0009630E+03,  5.7420793E+04,3,
  3.1049802E+02,  0.0000000E+00,  2.5054947E+02,3090,  4.2226863E-01,  0.0000000E+00, -6.2784855E-03,  1.0021338E+03,  1.2768575E+05,3,
  3.1182578E+02,  0.0000000E+00,  2.5073938E+02,3072,  4.2271924E-01,  0.0000000E+00, -2.4203314E-02,  1.0022153E+03,  1.3259773E+05,3,
  3.1313589E+02,  0.0000000E+00,  2.5053951E+02,2946,  4.2103899E-01,  0.0000000E+00, -3.2570466E-02,  1.0022806E+03,  1.3652978E+05,3,
  3.1465475E+02,  0.0000000E+00,  2.5109474E+02,3123,  3.5102108E-01,  0.0000000E+00,  3.3680305E-02,  1.0009432E+03,  5.6238250E+04,3,
  3.1539963E+02,  0.0000000E+00,  2.5094713E+02,2976,  4.1434655E-01,  0.0000000E+00, -2.7194307E-03,  1.0009177E+03,  5.4712828E+04,3,
  3.1623077E+02,  0.0000000E+00,  2.5079846E+02,3013,  4.0708235E-01,  0.0000000E+00,  4.0576980E-03,  1.0010646E+03,  6.3503617E+04,3,
  3.1729224E+02,  0.0000000E+00,  2.5082777E+02,3031,  3.6657676E-01,  0.0000000E+00,  2.5771100E-03,  1.0011091E+03,  6.6166477E+04,3,
  3.1816458E+02,  0.0000000E+00,  2.5109581E+02,2967,  4.3785205E-01,  0.0000000E+00,  2.3713538E-02,  1.0009669E+03,  5.7654398E+04,3,
  3.1940540E+02,  0.0000000E+00,  2.5063950E+02,3107,  3.8057759E-01,  0.0000000E+00, -1.0701038E-02,  1.0018130E+03,  1.0838463E+05,3,
  3.2062402E+02,  0.0000000E+00,  2.5058984E+02,3062,  3.9011571E-01,  0.0000000E+00, -9.0476908E-03,  1.0018790E+03,  1.1235493E+05,3,
  3.2183740E+02,  0.0000000E+00,  2.5108260E+02,3077,  3.5127199E-01,  0.0000000E+00,  1.9753268E-02,  1.0008975E+03,  5.3505066E+04,3,
  3.2279504E+02,  0.0000000E+00,  2.5111656E+02,3040,  3.8564402E-01,  0.0000000E+00,  8.0311401E-03,  1.0007527E+03,  4.4854316E+04,3,
  3.2346729E+02,  0.0000000E+00,  2.5074251E+02,3004,  3.7534490E-01,  0.0000000E+00,  2.2131454E-03,  1.0011961E+03,  7.1373703E+04,3,
  3.2462369E+02,  0.0000000E+00,  2.5089273E+02,3069,  3.6915925E-01,  0.0000000E+00, -5.1534078E-03,  1.0010839E+03,  6.4657801E+04,3,
  3.2564682E+02,  0.0000000E+00,  2.5065617E+02,2867,  3.6995488E-01,  0.0000000E+00, -5.4257344E-03,  1.0013995E+03,  8.3560078E+04,3,
  3.2677066E+02,  0.0000000E+00,  2.5087106E+02,2939,  3.5937414E-01,  0.0000000E+00,  5.9299273E-03,  1.0009943E+03,  5.9297094E+04,3,
  3.2831149E+02,  0.0000000E+00,  2.5105498E+02,3058,  3.7298861E-01,  0.0000000E+00,  3.2067638E-02,  1.0007444E+03,  4.4362195E+04,3,
  3.2759430E+02,  0.0000000E+00,  2.5101889E+02,2921,  3.4319079E-01,  0.0000000E+00,  1.7280120E-02,  1.0007399E+03,  4.4088805E+04,3,
  3.2955219E+02,  0.0000000E+00,  2.5071397E+02,2704,  3.2941732E-01,  0.0000000E+00,  3.6134727E-03,  1.0015266E+03,  9.1182273E+04,3,
  3.3083755E+02,  0.0000000E+00,  2.5050732E+02,3008,  3.2708487E-01,  0.0000000E+00, -2.8520613E-03,  1.0020468E+03,  1.2244552E+05,3,
  3.3208069E+02,  0.0000000E+00,  2.5092938E+02,2995,  3.0928802E-01,  0.0000000E+00,  9.9171409E-03,  1.0011479E+03,  6.8490211E+04,3,
  3.3308990E+02,  0.0000000E+00,  2.5095134E+02,2958,  3.0376458E-01,  0.0000000E+00,  1.3035223E-02,  1.0009573E+03,  5.7081344E+04,3,
  3.3416791E+02,  0.0000000E+00,  2.5069888E+02,2695,  2.9204133E-01,  0.0000000E+00,  8.4716883E-03,  1.0012592E+03,  7.5153844E+04,3,
  3.3485681E+02,  0.0000000E+00,  2.5120303E+02,2831,  2.9882950E-01,  0.0000000E+00,  1.6711146E-02,  1.0006898E+03,  4.1100215E+04,3,
  3.3609851E+02,  0.0000000E+00,  2.5075056E+02,3061,  2.8402865E-01,  0.0000000E+00,  2.6807832E-03,  1.0015408E+03,  9.2039312E+04,3,
  3.3740042E+02,  0.0000000E+00,  2.5043620E+02,2999,  2.8436670E-01,  0.0000000E+00,  2.8359000E-05,  1.0022734E+03,  1.3609934E+05,3,
  3.3875317E+02,  0.0000000E+00,  2.5111664E+02,2804,  2.6306647E-01,  0.0000000E+00,  1.3110734E-02,  1.0008498E+03,  5.0655910E+04,3,
  3.3962207E+02,  0.0000000E+00,  2.5097803E+02,2996,  2.8083742E-01,  0.0000000E+00,  2.3086756E-03,  1.0008771E+03,  5.2290152E+04,3,
  3.4052835E+02,  0.0000000E+00,  2.5073550E+02,2941,  2.7846599E-01,  0.0000000E+00, -4.7291140E-04,  1.0011614E+03,  6.9294141E+04,3,
  3.4152750E+02,  0.0000000E+00,  2.5090817E+02,2931,  2.7027631E-01,  0.0000000E+00, -3.5803446E-03,  1.0008668E+03,  5.1673633E+04,3,
  3.4253671E+02,  0.0000000E+00,  2.5088918E+02,2922,  2.7712560E-01,  0.0000000E+00, -1.2536359E-03,  1.0009118E+03,  5.4362527E+04,3,
  3.4304495E+02,  0.0000000E+00,  2.5111455E+02,2950,  2.7127498E-01,  0.0000000E+00, -3.7229413E-03,  1.0007356E+03,  4.3833645E+04,3,
  3.4472568E+02,  0.0000000E+00,  2.5044359E+02,3009,  2.8235993E-01,  0.0000000E+00,  5.7270746E-03,  1.0023264E+03,  1.3928938E+05,3,
  3.4598163E+02,  0.0000000E+00,  2.5076102E+02,2910,  2.7850631E-01,  0.0000000E+00,  9.7445684E-04,  1.0017792E+03,  1.0635239E+05,3,
  3.4725677E+02,  0.0000000E+00,  2.5086659E+02,2937,  2.8051096E-01,  0.0000000E+00, -2.3809348E-03,  1.0014513E+03,  8.6667562E+04,3,
  3.4840878E+02,  0.0000000E+00,  2.5081830E+02,2963,  2.7971914E-01,  0.0000000E+00,  7.8394054E-04,  1.0013727E+03,  8.1957297E+04,3,
  3.4950674E+02,  0.0000000E+00,  2.5074054E+02,2981,  2.8815886E-01,  0.0000000E+00, -5.2144995E-04,  1.0013848E+03,  8.2678156E+04,3,
  3.5064847E+02,  0.0000000E+00,  2.5083055E+02,2960,  2.8641638E-01,  0.0000000E+00, -1.3912090E-03,  1.0011340E+03,  6.7657109E+04,3,
  3.5160297E+02,  0.0000000E+00,  2.5099228E+02,2849,  2.8533450E-01,  0.0000000E+00, -2.0033398E-03,  1.0008445E+03,  5.0338574E+04,3,
  3.5253253E+02,  0.0000000E+00,  2.5076610E+02,2952,  2.8435314E-01,  0.0000000E+00, -4.3021434E-04,  1.0011404E+03,  6.8040766E+04,3,
  3.5352603E+02,  0.0000000E+00,  2.5089871E+02,2814,  2.8345427E-01,  0.0000000E+00,  2.3286093E-03,  1.0009973E+03,  5.9475980E+04,3,
  3.5444391E+02,  0.0000000E+00,  2.5109767E+02,2596,  3.0921581E-01,  0.0000000E+00,  1.6976161E-02,  1.0009145E+03,  5.4523082E+04,3,
  3.5580408E+02,  0.0000000E+00,  2.5043449E+02,2919,  2.6866883E-01,  0.0000000E+00, -4.8020249E-03,  1.0022719E+03,  1.3600738E+05,3,
  3.5692157E+02,  0.0000000E+00,  2.5098627E+02,2953,  2.3870744E-01,  0.0000000E+00, -1.0764859E-04,  1.0014127E+03,  8.4350586E+04,3,
  3.5836804E+02,  0.0000000E+00,  2.5054652E+02,2942,  4.2874485E-01,  0.0000000E+00, -5.6934893E-02,  1.0015629E+03,  9.3361633E+04,3,
  3.5979861E+02,  0.0000000E+00,  2.5065123E+02,2915,  1.9423051E-01,  0.0000000E+00,  8.1372410E-02,  1.0011071E+03,  6.6042266E+04,3,
  3.5998599E+02,  0.0000000E+00,  2.5122647E+02,3016,  1.3200493E-01,  0.0000000E+00,  1.0378332E-01,  1.0005793E+03,  3.4502988E+04,3,
  3.6032065E+02,  0.0000000E+00,  2.5135098E+02,2979,  1.3328697E-01,  0.0000000E+00,  1.2611695E-01,  1.0006499E+03,  3.8717277E+04,3,
  3.8952710E+02,  0.0000000E+00,  2.5113371E+02,2845,  5.3584898E-01,  0.0000000E+00, -3.5632515E-01,  1.0009705E+03,  5.7869758E+04,3,
  3.9056396E+02,  0.0000000E+00,  2.5112086E+02,2868,  5.4645544E-01,  0.0000000E+00, -1.0212065E-01,  1.0006506E+03,  3.8757355E+04,3,
  3.9192392E+02,  0.0000000E+00,  2.5106197E+02,2606,  9.9711341E-01,  0.0000000E+00,  2.3620135E-01,  1.0008685E+03,  5.1772125E+04,3,
  3.9031430E+02,  0.0000000E+00,  2.5046634E+02,2828,  1.7571504E-01,  0.0000000E+00, -8.7693721E-02,  1.0014691E+03,  8.7732898E+04,3,
  3.9346277E+02,  0.0000000E+00,  2.5043124E+02,2721,  5.0328130E-01,  0.0000000E+00, -3.6353640E-02,  1.0022093E+03,  1.3223366E+05,3,
  3.9445755E+02,  0.0000000E+00,  2.5114893E+02,2819,  5.2759528E-01,  0.0000000E+00, -6.2809162E-02,  1.0009359E+03,  5.5803957E+04,3,
  3.9652185E+02,  0.0000000E+00,  2.5084219E+02,2772,  6.3304669E-01,  0.0000000E+00, -1.5955571E-02,  1.0010887E+03,  6.4942715E+04,3,
  3.9552466E+02,  0.0000000E+00,  2.5091183E+02,2774,  5.5733222E-01,  0.0000000E+00, -2.1226225E-02,  1.0010198E+03,  6.0819562E+04,3,
  3.9759439E+02,  0.0000000E+00,  2.5076396E+02,2809,  6.1227357E-01,  0.0000000E+00, -6.1409725E-03,  1.0011863E+03,  7.0788898E+04,3,
  3.9865894E+02,  0.0000000E+00,  2.5083308E+02,2579,  6.1397558E-01,  0.0000000E+00, -7.3598307E-03,  1.0010468E+03,  6.2437215E+04,3,
  3.9966782E+02,  0.0000000E+00,  2.5084760E+02,2762,  6.1813331E-01,  0.0000000E+00, -2.8368509E-03,  1.0009749E+03,  5.8132578E+04,3,
  4.0069238E+02,  0.0000000E+00,  2.5098926E+02,2816,  6.2152457E-01,  0.0000000E+00, -3.7718671E-03,  1.0007691E+03,  4.5834988E+04,3,
  4.0154037E+02,  0.0000000E+00,  2.5081972E+02,2696,  6.0787207E-01,  0.0000000E+00, -6.2572560E-03,  1.0010432E+03,  6.2218102E+04,3,
  4.0263379E+02,  0.0000000E+00,  2.5072585E+02,2898,  6.2277025E-01,  0.0000000E+00, -9.7389659E-03,  1.0011749E+03,  7.0105445E+04,3,
  4.0363904E+02,  0.0000000E+00,  2.5103658E+02,2897,  6.1279148E-01,  0.0000000E+00, -6.2290537E-03,  1.0006022E+03,  3.5868707E+04,3,
  4.0435562E+02,  0.0000000E+00,  2.5094807E+02,2515,  6.4504647E-01,  0.0000000E+00,  4.3751285E-03,  1.0007032E+03,  4.1898301E+04,3,
  4.0553867E+02,  0.0000000E+00,  2.5078575E+02,2852,  5.7445896E-01,  0.0000000E+00, -7.7709155E-03,  1.0010201E+03,  6.0841469E+04,3,
  4.0612030E+02,  0.0000000E+00,  2.5097699E+02,2765,  5.7940429E-01,  0.0000000E+00, -1.6821743E-03,  1.0007977E+03,  4.7545020E+04,3,
  4.0761282E+02,  0.0000000E+00,  2.5061952E+02,2775,  6.6184759E-01,  0.0000000E+00, -1.6247390E-02,  1.0016583E+03,  9.9092500E+04,3,
  4.0915454E+02,  0.0000000E+00,  2.5065199E+02,2730,  5.7144505E-01,  0.0000000E+00,  6.1924469E-02,  1.0014867E+03,  8.8791016E+04,3,
  4.1009689E+02,  0.0000000E+00,  2.5055914E+02,2712,  1.8232618E-01,  0.0000000E+00,  1.2958859E-01,  1.0017386E+03,  1.0391351E+05,3,
  6.6070734E+02,  0.0000000E+00,  2.5076611E+02,2553,  2.5515901E-03,  0.0000000E+00, -6.2981330E-02,  1.0009794E+03,  5.8402703E+04,3,
  6.6003912E+02,  0.0000000E+00,  2.5086557E+02,2694,  2.1581648E-01,  0.0000000E+00, -2.0196733E-01,  1.0008839E+03,  5.2691461E+04,3,
  6.5949597E+02,  0.0000000E+00,  2.5139699E+02,2520,  5.2275568E-01,  0.0000000E+00, -3.9140087E-01,  1.0006905E+03,  4.1140301E+04,3,
  6.6184650E+02,  0.0000000E+00,  2.5063806E+02,2599,  9.0729851E-01,  0.0000000E+00, -2.4105785E-02,  1.0014094E+03,  8.4156609E+04,3,
  6.6391400E+02,  0.0000000E+00,  2.5113368E+02,2418,  6.0513765E-01,  0.0000000E+00, -8.5515082E-02,  1.0004891E+03,  2.9122078E+04,3,
  6.6340424E+02,  0.0000000E+00,  2.5100154E+02,2567,  1.3332687E-01,  0.0000000E+00,  1.3475920E-01,  1.0007539E+03,  4.4927227E+04,3,
  6.6484705E+02,  0.0000000E+00,  2.5105513E+02,2572,  4.0169638E-01,  0.0000000E+00, -5.2322228E-03,  1.0005287E+03,  3.1488156E+04,3,
  6.6539551E+02,  0.0000000E+00,  2.5094083E+02,2555,  4.6149999E-01,  0.0000000E+00, -5.4034325E-03,  1.0006958E+03,  4.1457340E+04,3,
  6.6645996E+02,  0.0000000E+00,  2.5083710E+02,2428,  4.8859847E-01,  0.0000000E+00,  1.0231384E-03,  1.0008959E+03,  5.3413852E+04,3,
  6.6756927E+02,  0.0000000E+00,  2.5084171E+02,2574,  4.5994198E-01,  0.0000000E+00, -4.8581460E-03,  1.0009003E+03,  5.3672902E+04,3,
  6.6817090E+02,  0.0000000E+00,  2.5121570E+02,2419,  4.6427482E-01,  0.0000000E+00, -1.8485300E-02,  1.0004630E+03,  2.7564414E+04,3,
  6.6915137E+02,  0.0000000E+00,  2.5090410E+02,2500,  4.7433770E-01,  0.0000000E+00, -1.1263260E-02,  1.0008665E+03,  5.1651746E+04,3,
  6.7013513E+02,  0.0000000E+00,  2.5079242E+02,2483,  4.7362369E-01,  0.0000000E+00, -1.2792842E-02,  1.0010285E+03,  6.1341711E+04,3,
  6.7116388E+02,  0.0000000E+00,  2.5100743E+02,2445,  4.9669564E-01,  0.0000000E+00, -3.0194035E-02,  1.0007377E+03,  4.3957578E+04,3,
  6.7203955E+02,  0.0000000E+00,  2.5087053E+02,2308,  4.9822056E-01,  0.0000000E+00, -3.9140981E-02,  1.0008348E+03,  4.9762293E+04,3,
  6.7306696E+02,  0.0000000E+00,  2.5095398E+02,2530,  4.9456474E-01,  0.0000000E+00, -4.9931128E-02,  1.0006914E+03,  4.1194961E+04,3,
  6.7358405E+02,  0.0000000E+00,  2.5117064E+02,2473,  5.0199264E-01,  0.0000000E+00, -6.4850971E-02,  1.0004388E+03,  2.6127066E+04,3,
  6.7456592E+02,  0.0000000E+00,  2.5083821E+02,2508,  5.1637942E-01,  0.0000000E+00, -3.4690700E-02,  1.0009200E+03,  5.4855145E+04,3,
  6.7605902E+02,  0.0000000E+00,  2.5064977E+02,2526,  6.4461660E-01,  0.0000000E+00,  1.4221561E-02,  1.0012849E+03,  7.6689703E+04,3,
  6.7759839E+02,  0.0000000E+00,  2.5068449E+02,2592,  6.0073584E-01,  0.0000000E+00,  3.1709917E-02,  1.0013332E+03,  7.9586539E+04,3,
  6.7871100E+02,  0.0000000E+00,  2.5092592E+02,2581,  5.8683079E-01,  0.0000000E+00,  2.2140663E-02,  1.0008787E+03,  5.2381355E+04,3,
  6.7966455E+02,  0.0000000E+00,  2.5105618E+02,2457,  5.8076745E-01,  0.0000000E+00,  8.1141759E-03,  1.0005942E+03,  3.5391594E+04,3,
  6.8026093E+02,  0.0000000E+00,  2.5115620E+02,2475,  6.0423124E-01,  0.0000000E+00, -1.3532881E-03,  1.0004784E+03,  2.8485152E+04,3,
  6.8093060E+02,  0.0000000E+00,  2.5117032E+02,2531,  6.2159139E-01,  0.0000000E+00, -3.1599689E-03,  1.0005469E+03,  3.2573100E+04,3,
  6.8215851E+02,  0.0000000E+00,  2.5062895E+02,2345,  5.8994842E-01,  0.0000000E+00, -8.9299614E-03,  1.0014786E+03,  8.8304047E+04,3,
  6.8336346E+02,  0.0000000E+00,  2.5065898E+02,2576,  6.0984069E-01,  0.0000000E+00, -8.5789636E-03,  1.0014393E+03,  8.5950086E+04,3,
  6.8445361E+02,  0.0000000E+00,  2.5125391E+02,2557,  6.1044639E-01,  0.0000000E+00, -1.7777879E-02,  1.0005324E+03,  3.1706592E+04,3,
  6.8519708E+02,  0.0000000E+00,  2.5102203E+02,2565,  6.0339403E-01,  0.0000000E+00, -1.0255275E-02,  1.0006834E+03,  4.0717598E+04,3,
  6.8603381E+02,  0.0000000E+00,  2.5093034E+02,2494,  5.9233803E-01,  0.0000000E+00, -2.1382766E-03,  1.0008099E+03,  4.8270684E+04,3,
  6.8704706E+02,  0.0000000E+00,  2.5083711E+02,2522,  6.0050666E-01,  0.0000000E+00,  9.6741952E-03,  1.0010182E+03,  6.0728281E+04,3,
  6.8813165E+02,  0.0000000E+00,  2.5115034E+02,2408,  5.9589177E-01,  0.0000000E+00,  1.8439053E-02,  1.0007922E+03,  4.7213199E+04,3,
  6.8908026E+02,  0.0000000E+00,  2.5046330E+02,2613,  6.1990803E-01,  0.0000000E+00,  1.6382638E-02,  1.0017012E+03,  1.0166952E+05,3,
  6.9038672E+02,  0.0000000E+00,  2.5123587E+02,2539,  6.1819392E-01,  0.0000000E+00,  6.4677028E-03,  1.0005007E+03,  2.9813643E+04,3,
  6.9090833E+02,  0.0000000E+00,  2.5130455E+02,2363,  6.1895305E-01,  0.0000000E+00, -3.3349299E-04,  1.0004008E+03,  2.3856844E+04,3,
  6.9148810E+02,  0.0000000E+00,  2.5124176E+02,2438,  5.9610742E-01,  0.0000000E+00, -6.2930486E-03,  1.0004954E+03,  2.9500611E+04,3,
  6.9268781E+02,  0.0000000E+00,  2.5054622E+02,2575,  6.1699849E-01,  0.0000000E+00,  7.7748206E-03,  1.0015962E+03,  9.5361938E+04,3,
  6.9387988E+02,  0.0000000E+00,  2.5078352E+02,2465,  6.4219761E-01,  0.0000000E+00,  8.5216593E-03,  1.0012458E+03,  7.4353094E+04,3,
  6.9495117E+02,  0.0000000E+00,  2.5113266E+02,2317,  6.2009704E-01,  0.0000000E+00,  1.5177299E-02,  1.0007109E+03,  4.2357500E+04,3,
  6.9580243E+02,  0.0000000E+00,  2.5094505E+02,2366,  5.7674795E-01,  0.0000000E+00,  1.6463574E-02,  1.0008359E+03,  4.9827945E+04,3,
  6.9667957E+02,  0.0000000E+00,  2.5085909E+02,2549,  6.1896527E-01,  0.0000000E+00, -1.7090468E-02,  1.0009387E+03,  5.5968184E+04,3,
  6.9765070E+02,  0.0000000E+00,  2.5089771E+02,2401,  6.9115305E-01,  0.0000000E+00, -5.7837706E-02,  1.0008160E+03,  4.8639008E+04,3,
  6.9876324E+02,  0.0000000E+00,  2.5092659E+02,2466,  7.8299451E-01,  0.0000000E+00,  2.9207643E-02,  1.0005528E+03,  3.2922637E+04,3,
  6.9937213E+02,  0.0000000E+00,  2.5114305E+02,2392,  4.8864678E-01,  0.0000000E+00,  5.3345174E-02,  1.0004462E+03,  2.6563707E+04,3,
  7.0006763E+02,  0.0000000E+00,  2.5075375E+02,2427,  2.2671889E-01,  0.0000000E+00,  3.1227771E-02,  1.0010446E+03,  6.2302094E+04,3,
  7.0072540E+02,  0.0000000E+00,  2.5124738E+02,2390,  6.5341949E-01,  0.0000000E+00,  6.0018760E-01,  1.0011263E+03,  6.7196742E+04,3,
  7.2077246E+02,  0.0000000E+00,  2.5081226E+02,2446,  2.7810648E-01,  0.0000000E+00,  1.0628857E-01,  1.0008917E+03,  5.3162102E+04,3,
  7.2170825E+02,  0.0000000E+00,  2.5082779E+02,2474,  1.1452652E+00,  0.0000000E+00,  9.2509158E-02,  1.0010354E+03,  6.1754336E+04,3,
  7.2038519E+02,  0.0000000E+00,  2.5088635E+02,2391,  3.6967039E-01,  0.0000000E+00, -5.3372912E-02,  1.0008434E+03,  5.0276570E+04,3,
  7.1915277E+02,  0.0000000E+00,  2.5113573E+02,2370,  6.7599571E-01,  0.0000000E+00, -5.7499647E-01,  1.0014200E+03,  8.4789781E+04,3,
  7.2319061E+02,  0.0000000E+00,  2.5085020E+02,2439,  7.2515482E-01,  0.0000000E+00, -1.2862950E-02,  1.0010588E+03,  6.3153008E+04,3,
  7.2413477E+02,  0.0000000E+00,  2.5097586E+02,2373,  5.5756742E-01,  0.0000000E+00,  1.7233472E-02,  1.0007475E+03,  4.4544461E+04,3,
  7.2488788E+02,  0.0000000E+00,  2.5112148E+02,2430,  6.2764120E-01,  0.0000000E+00,  2.3401670E-02,  1.0005124E+03,  3.0512535E+04,3,
  7.2541858E+02,  0.0000000E+00,  2.5106264E+02,2405,  6.8018943E-01,  0.0000000E+00,  3.8734630E-02,  1.0005878E+03,  3.5009191E+04,3,
  7.2693866E+02,  0.0000000E+00,  2.5057571E+02,2449,  6.8591893E-01,  0.0000000E+00,  2.9474092E-03,  1.0013751E+03,  8.2100000E+04,3,
  7.2876978E+02,  0.0000000E+00,  2.5086263E+02,2374,  6.1501276E-01,  0.0000000E+00, -5.5239763E-02,  1.0010389E+03,  6.1962480E+04,3,
  7.2740332E+02,  0.0000000E+00,  2.5122583E+02,2337,  6.9423306E-01,  0.0000000E+00,  1.2144069E-02,  1.0006772E+03,  4.0349566E+04,3,
  7.2971539E+02,  0.0000000E+00,  2.5091429E+02,2378,  5.7075787E-01,  0.0000000E+00, -2.4466371E-02,  1.0009958E+03,  5.9388359E+04,3,
  7.3081079E+02,  0.0000000E+00,  2.5091605E+02,2410,  6.1215150E-01,  0.0000000E+00,  4.1771993E-02,  1.0010266E+03,  6.1228516E+04,3,
  7.3193054E+02,  0.0000000E+00,  2.5091185E+02,2477,  6.1308140E-01,  0.0000000E+00,  5.4377589E-02,  1.0010906E+03,  6.5059605E+04,3,
  7.3308179E+02,  0.0000000E+00,  2.5054910E+02,2487,  6.9360214E-01,  0.0000000E+00,  2.6929567E-02,  1.0016193E+03,  9.6746992E+04,3,
  7.3427667E+02,  0.0000000E+00,  2.5131319E+02,2356,  6.5394133E-01,  0.0000000E+00, -1.0502296E-02,  1.0005094E+03,  3.0334166E+04,3,
  7.3509039E+02,  0.0000000E+00,  2.5095370E+02,2442,  6.3495052E-01,  0.0000000E+00,  1.5866719E-02,  1.0008574E+03,  5.1108219E+04,3,
  7.3603705E+02,  0.0000000E+00,  2.5091228E+02,2422,  6.1780989E-01,  0.0000000E+00,  2.6334751E-02,  1.0009999E+03,  5.9632965E+04,3,
  7.3712457E+02,  0.0000000E+00,  2.5093929E+02,2310,  5.2502966E-01,  0.0000000E+00,  3.0833449E-02,  1.0011038E+03,  6.5848648E+04,3,
  7.3833081E+02,  0.0000000E+00,  2.5047025E+02,2441,  1.1035595E+00,  0.0000000E+00, -1.2148818E-01,  1.0014807E+03,  8.8428539E+04,3,
  7.3992023E+02,  0.0000000E+00,  2.5120990E+02,2365,  1.3617288E-01,  0.0000000E+00,  1.6531771E-01,  1.0003913E+03,  2.3293008E+04,3,
  7.4016669E+02,  0.0000000E+00,  2.5099901E+02,2292, -1.0715886E-01,  0.0000000E+00,  7.4398391E-02,  1.0006762E+03,  4.0287621E+04,3,
  7.7973755E+02,  0.0000000E+00,  2.5073988E+02,2324,  1.3088837E-01,  0.0000000E+00, -2.4686250E-01,  1.0010556E+03,  6.2963098E+04,3,
  7.8338177E+02,  0.0000000E+00,  2.5102788E+02,2303,  4.8150614E-01,  0.0000000E+00,  8.4349960E-02,  1.0005314E+03,  3.1648342E+04,3,
  7.8208276E+02,  0.0000000E+00,  2.5082709E+02,2278,  7.5574726E-01,  0.0000000E+00,  2.1439713E-01,  1.0007630E+03,  4.5470418E+04,3,
  7.8108344E+02,  0.0000000E+00,  2.5091324E+02,2222, -2.7758183E-02,  0.0000000E+00,  5.7785455E-02,  1.0005695E+03,  3.3916699E+04,3,
  7.8080042E+02,  0.0000000E+00,  2.5093190E+02,2349,  2.8241307E-01,  0.0000000E+00, -9.2070647E-02,  1.0005225E+03,  3.1116826E+04,3,
  7.8419464E+02,  0.0000000E+00,  2.5091193E+02,2350,  3.8439307E-01,  0.0000000E+00, -2.1412177E-02,  1.0006984E+03,  4.1614043E+04,3,
  7.8525470E+02,  0.0000000E+00,  2.5083113E+02,2236,  3.8539556E-01,  0.0000000E+00, -6.2037777E-02,  1.0008835E+03,  5.2669570E+04,3,
  7.8642871E+02,  0.0000000E+00,  2.5083679E+02,2246,  5.3330767E-01,  0.0000000E+00, -3.1240849E-02,  1.0009826E+03,  5.8596176E+04,3,
  7.8756000E+02,  0.0000000E+00,  2.5068076E+02,2172,  5.2047706E-01,  0.0000000E+00, -6.0442899E-04,  1.0012774E+03,  7.6243547E+04,3,
  7.8907593E+02,  0.0000000E+00,  2.5107967E+02,2269,  5.6113940E-01,  0.0000000E+00, -2.8127298E-02,  1.0004625E+03,  2.7535301E+04,3,
  7.8954712E+02,  0.0000000E+00,  2.5099083E+02,2237,  4.7820115E-01,  0.0000000E+00,  2.1128260E-02,  1.0005751E+03,  3.4255359E+04,3,
  7.9048865E+02,  0.0000000E+00,  2.5085883E+02,2304,  5.4686201E-01,  0.0000000E+00,  8.0172457E-03,  1.0007481E+03,  4.4580914E+04,3,
  7.9149036E+02,  0.0000000E+00,  2.5110594E+02,2323,  5.5480897E-01,  0.0000000E+00,  1.3572903E-02,  1.0002914E+03,  1.7340117E+04,3,
  7.9211890E+02,  0.0000000E+00,  2.5092064E+02,2266,  5.3035516E-01,  0.0000000E+00, -1.6910968E-03,  1.0006653E+03,  3.9639051E+04,3,
  7.9334814E+02,  0.0000000E+00,  2.5081192E+02,2295,  5.5783695E-01,  0.0000000E+00, -6.8388451E-03,  1.0008642E+03,  5.1516773E+04,3,
  7.9403955E+02,  0.0000000E+00,  2.5107097E+02,2268,  5.7133096E-01,  0.0000000E+00, -6.5871221E-03,  1.0004684E+03,  2.7888301E+04,3,
  7.9465240E+02,  0.0000000E+00,  2.5122632E+02,2314,  4.6928808E-01,  0.0000000E+00, -4.6265833E-02,  1.0003082E+03,  1.8343531E+04,3,
  7.9612622E+02,  0.0000000E+00,  2.5045592E+02,2262,  5.6171584E-01,  0.0000000E+00,  1.1339949E-02,  1.0017303E+03,  1.0341480E+05,3,
  7.9755969E+02,  0.0000000E+00,  2.5116629E+02,2248,  6.5742928E-01,  0.0000000E+00, -4.6548966E-02,  1.0003657E+03,  2.1768990E+04,3,
  7.9821509E+02,  0.0000000E+00,  2.5097682E+02,2339,  5.6008953E-01,  0.0000000E+00, -1.5874052E-02,  1.0006054E+03,  3.6061742E+04,3,
  7.9919312E+02,  0.0000000E+00,  2.5083400E+02,2312,  5.7962245E-01,  0.0000000E+00, -1.5200400E-02,  1.0007985E+03,  4.7592422E+04,3,
  8.0010016E+02,  0.0000000E+00,  2.5102682E+02,2221,  6.2667197E-01,  0.0000000E+00, -1.8416284E-02,  1.0004561E+03,  2.7156840E+04,3,
  8.0084216E+02,  0.0000000E+00,  2.5099356E+02,2217,  6.5815353E-01,  0.0000000E+00, -1.6804645E-02,  1.0005192E+03,  3.0920246E+04,3,
  8.0182788E+02,  0.0000000E+00,  2.5096643E+02,2192,  6.1048579E-01,  0.0000000E+00, -3.5738271E-02,  1.0006353E+03,  3.7842949E+04,3,
  8.0309998E+02,  0.0000000E+00,  2.5053264E+02,2289,  6.7958438E-01,  0.0000000E+00, -1.0955818E-02,  1.0015031E+03,  8.9772352E+04,3,
  8.0436084E+02,  0.0000000E+00,  2.5097455E+02,2168,  7.1622425E-01,  0.0000000E+00, -5.1307645E-02,  1.0006749E+03,  4.0211102E+04,3,
  8.0532709E+02,  0.0000000E+00,  2.5099680E+02,2233,  6.6456532E-01,  0.0000000E+00, -2.1015944E-02,  1.0005377E+03,  3.2023332E+04,3,
  8.0607288E+02,  0.0000000E+00,  2.5106339E+02,2247,  6.9334102E-01,  0.0000000E+00, -1.7228970E-02,  1.0003338E+03,  1.9867023E+04,3,
  8.0679907E+02,  0.0000000E+00,  2.5099068E+02,2227,  7.5829130E-01,  0.0000000E+00,  1.4438122E-02,  1.0005768E+03,  3.4353684E+04,3,
  8.0776685E+02,  0.0000000E+00,  2.5091174E+02,2146,  7.5020576E-01,  0.0000000E+00,  2.8189819E-02,  1.0007402E+03,  4.4107027E+04,3,
  8.0903882E+02,  0.0000000E+00,  2.5059308E+02,2294,  7.4493164E-01,  0.0000000E+00,  4.4198770E-02,  1.0013192E+03,  7.8748859E+04,3,
  8.1000293E+02,  0.0000000E+00,  2.5117435E+02,2150,  8.3620256E-01,  0.0000000E+00, -6.1386633E-03,  1.0003421E+03,  2.0361572E+04,3,
  8.1062268E+02,  0.0000000E+00,  2.5126404E+02,2351,  7.8561360E-01,  0.0000000E+00,  2.8801404E-03,  1.0003087E+03,  1.8372617E+04,3,
  8.1166217E+02,  0.0000000E+00,  2.5108203E+02,2141,  7.3564380E-01,  0.0000000E+00,  2.1087538E-02,  1.0005808E+03,  3.4594031E+04,3,
  8.1265253E+02,  0.0000000E+00,  2.5040997E+02,2144,  8.7947690E-01,  0.0000000E+00,  4.1490275E-02,  1.0018511E+03,  1.1067782E+05,3,
  8.1425342E+02,  0.0000000E+00,  2.5114178E+02,2210,  8.9736813E-01,  0.0000000E+00, -5.0078835E-02,  1.0004047E+03,  2.4093303E+04,3,
  8.1476178E+02,  0.0000000E+00,  2.5100275E+02,2180,  8.7022507E-01,  0.0000000E+00, -3.7059456E-02,  1.0005881E+03,  3.5027402E+04,3,
  8.1558112E+02,  0.0000000E+00,  2.5121303E+02,2216,  7.8235596E-01,  0.0000000E+00, -1.3966885E-02,  1.0001129E+03,  6.7159707E+03,3,
  8.1634088E+02,  0.0000000E+00,  2.5085951E+02,2203,  6.9281554E-01,  0.0000000E+00, -1.9618118E-02,  1.0008159E+03,  4.8631715E+04,3,
  8.1742969E+02,  0.0000000E+00,  2.5089546E+02,2182,  8.5618412E-01,  0.0000000E+00,  1.7214367E-02,  1.0008351E+03,  4.9776883E+04,3,
  8.1815576E+02,  0.0000000E+00,  2.5097768E+02,2333,  1.0884866E+00,  0.0000000E+00,  6.8127267E-02,  1.0006547E+03,  3.9005098E+04,3,
  8.1983197E+02,  0.0000000E+00,  2.5054510E+02,2253,  8.0356151E-01,  0.0000000E+00,  2.6531336E-01,  1.0012543E+03,  7.4861320E+04,3,
  8.2023022E+02,  0.0000000E+00,  2.5102095E+02,2117,  2.8470451E-01,  0.0000000E+00,  1.7535359E-01,  1.0009422E+03,  5.6179855E+04,3,
  1.0366229E+03,  0.0000000E+00,  2.4913963E+02,2271,  7.1783075E+00,  0.0000000E+00, -7.2353250E-01,  1.0000186E+03,  1.1069144E+03,3,
  1.0367238E+03,  0.0000000E+00,  2.4934497E+02,2154,  7.1820035E+00,  0.0000000E+00, -1.3987374E-01,  1.0000058E+03,  3.4476337E+02,3,
  1.0368119E+03,  0.0000000E+00,  2.4925719E+02,2095,  7.1218891E+00,  0.0000000E+00, -1.0666725E-01,  1.0002164E+03,  1.2873247E+04,3,
  1.0369279E+03,  0.0000000E+00,  2.4910291E+02,2170,  7.1849985E+00,  0.0000000E+00, -7.1855325E-01,  9.9997046E+02, -1.7562924E+03,3,
  1.0385117E+03,  0.0000000E+00,  2.5016708E+02,2198,  7.0642490E+00,  0.0000000E+00, -3.5519588E-01,  9.9986926E+02, -7.7703232E+03,3,
  1.0392745E+03,  0.0000000E+00,  2.4919749E+02,2084,  6.9410820E+00,  0.0000000E+00, -7.1675676E-01,  1.0003779E+03,  2.2496416E+04,3,
  1.0401001E+03,  0.0000000E+00,  2.4923772E+02,2189,  7.2470684E+00,  0.0000000E+00, -2.4699026E-01,  1.0006384E+03,  3.8032383E+04,3,
  1.0405560E+03,  0.0000000E+00,  2.4906186E+02,2129,  7.0504217E+00,  0.0000000E+00, -2.0686920E-01,  9.9952216E+02, -2.8370939E+04,3,
  1.0426781E+03,  0.0000000E+00,  2.4941696E+02,2089,  7.0514350E+00,  0.0000000E+00, -7.7177423E-01,  1.0004216E+03,  2.5097398E+04,3,
  1.0440269E+03,  0.0000000E+00,  2.4887672E+02,2136,  7.2771559E+00,  0.0000000E+00,  9.0151466E-02,  1.0003660E+03,  2.1787174E+04,3,
  1.0440239E+03,  0.0000000E+00,  2.4885089E+02,2072,  7.1746745E+00,  0.0000000E+00, -1.3624664E-01,  9.9788171E+02, -1.2515137E+05,3,
  1.0441530E+03,  0.0000000E+00,  2.4906351E+02,2108,  7.6550641E+00,  0.0000000E+00, -2.3155093E-01,  1.0021941E+03,  1.3131803E+05,3,
  1.0448335E+03,  0.0000000E+00,  2.4915097E+02,2199,  7.1450553E+00,  0.0000000E+00, -3.1294629E-01,  1.0000946E+03,  5.6265854E+03,3,
  1.0476199E+03,  0.0000000E+00,  2.4914325E+02,2128,  7.2319593E+00,  0.0000000E+00, -4.0538800E-01,  9.9995135E+02, -2.8919109E+03,3,
  1.0477803E+03,  0.0000000E+00,  2.4882101E+02,2158,  7.4775758E+00,  0.0000000E+00, -1.3580823E-01,  1.0002794E+03,  1.6623975E+04,3,
  1.0491689E+03,  0.0000000E+00,  2.4896938E+02,2103,  7.4658508E+00,  0.0000000E+00,  3.5795045E-01,  9.9934979E+02, -3.8584672E+04,3,
  1.0491866E+03,  0.0000000E+00,  2.4902881E+02,2104,  7.2525806E+00,  0.0000000E+00,  3.6897933E-01,  9.9942767E+02, -3.3970996E+04,3,
  1.0494736E+03,  0.0000000E+00,  2.5013002E+02,2083,  7.5620723E+00,  0.0000000E+00,  1.4623402E-01,  1.0008997E+03,  5.3640066E+04,3,
  1.0503436E+03,  0.0000000E+00,  2.4872591E+02,2102,  7.1304393E+00,  0.0000000E+00, -8.3806239E-02,  1.0006274E+03,  3.7373031E+04,3,
  1.0522283E+03,  0.0000000E+00,  2.4923361E+02,2139,  7.1137762E+00,  0.0000000E+00,  4.2800483E-01,  9.9931189E+02, -4.0829266E+04,3,
  1.0529355E+03,  0.0000000E+00,  2.4910866E+02,2078,  7.6226616E+00,  0.0000000E+00,  9.6824579E-02,  1.0003695E+03,  2.1994486E+04,3,
  1.0538861E+03,  0.0000000E+00,  2.4933205E+02,2134,  7.3302321E+00,  0.0000000E+00, -1.3129568E-01,  1.0007526E+03,  4.4850672E+04,3,
  1.0546302E+03,  0.0000000E+00,  2.4939157E+02,2070,  7.2178411E+00,  0.0000000E+00,  3.3700514E-01,  1.0000040E+03,  2.3588942E+02,3,
  1.0548639E+03,  0.0000000E+00,  2.4940794E+02,2092,  7.1428843E+00,  0.0000000E+00,  7.5991422E-01,  9.9987714E+02, -7.3025352E+03,3,
  1.0549359E+03,  0.0000000E+00,  2.4913702E+02,2175,  7.3485951E+00,  0.0000000E+00,  4.9825031E-01,  9.9962469E+02, -2.2289766E+04,3,
  1.0592202E+03,  0.0000000E+00,  2.4889885E+02,2178,  7.6294799E+00,  0.0000000E+00, -8.4658247E-01,  1.0000423E+03,  2.5152334E+03,3,
  1.0592010E+03,  0.0000000E+00,  2.4906924E+02,2156,  7.5126786E+00,  0.0000000E+00, -1.6171085E+00,  9.9997662E+02, -1.3898191E+03,3,
  1.0596877E+03,  0.0000000E+00,  2.4938081E+02,2030,  7.2183022E+00,  0.0000000E+00, -1.4229592E+00,  1.0006736E+03,  4.0134586E+04,3,
  1.0609072E+03,  0.0000000E+00,  2.4912068E+02,2137,  7.7520037E+00,  0.0000000E+00, -1.2933973E+00,  9.9962396E+02, -2.2333215E+04,3,
  1.0609315E+03,  0.0000000E+00,  2.4900108E+02,2059,  7.6418004E+00,  0.0000000E+00, -2.6109884E-02,  9.9970227E+02, -1.7686580E+04,3,
  1.0611627E+03,  0.0000000E+00,  2.4900317E+02,2115,  7.6605711E+00,  0.0000000E+00, -7.8707832E-01,  9.9972894E+02, -1.6103400E+04,3,
  1.0756476E+03,  0.0000000E+00,  2.4907753E+02,2109,  6.5170288E+00,  0.0000000E+00,  1.2144748E-01,  1.0000259E+03,  1.5388260E+03,3,
  1.0757906E+03,  0.0000000E+00,  2.4925604E+02,2140,  6.6401892E+00,  0.0000000E+00,  4.5577955E-01,  1.0001293E+03,  7.6892563E+03,3,
  1.0759335E+03,  0.0000000E+00,  2.4901900E+02,2099,  6.5367999E+00,  0.0000000E+00, -1.2727451E-01,  1.0001914E+03,  1.1387159E+04,3,
  1.0761324E+03,  0.0000000E+00,  2.4910422E+02,2075,  6.4668531E+00,  0.0000000E+00, -7.5541832E-02,  1.0006451E+03,  3.8433113E+04,3,
  1.0775919E+03,  0.0000000E+00,  2.4917030E+02,2096,  6.5792718E+00,  0.0000000E+00,  3.6199945E-01,  9.9915588E+02, -5.0062496E+04,3,
  1.0783816E+03,  0.0000000E+00,  2.4916391E+02,2080,  6.1858988E+00,  0.0000000E+00, -5.8271140E-01,  9.9971509E+02, -1.6925816E+04,3,
  1.0799504E+03,  0.0000000E+00,  2.4917448E+02,2097,  6.8073525E+00,  0.0000000E+00,  9.8617628E-02,  1.0009021E+03,  5.3782363E+04,3,
  1.0813824E+03,  0.0000000E+00,  2.4907889E+02,2085,  6.4734292E+00,  0.0000000E+00, -6.1868947E-02,  9.9930530E+02, -4.1219574E+04,3,
  1.0816927E+03,  0.0000000E+00,  2.4909045E+02,2145,  6.5516315E+00,  0.0000000E+00,  1.5049505E-01,  9.9980835E+02, -1.1388589E+04,3,
  1.0817612E+03,  0.0000000E+00,  2.4908211E+02,2088,  6.5462599E+00,  0.0000000E+00,  1.0819978E-01,  9.9985565E+02, -8.5789277E+03,3,
  1.0817632E+03,  0.0000000E+00,  2.4918625E+02,2126,  6.5712557E+00,  0.0000000E+00, -1.0167099E-01,  9.9990497E+02, -5.6487812E+03,3,
  1.1677689E+03,  0.0000000E+00,  2.4894344E+02,2073,  6.7678595E+00,  0.0000000E+00, -1.0133716E-01,  9.9995874E+02, -2.4529172E+03,3,
  1.1679213E+03,  0.0000000E+00,  2.4897903E+02,2058,  6.7513947E+00,  0.0000000E+00, -3.2878676E-01,  9.9994678E+02, -3.1640044E+03,3,
  1.1684984E+03,  0.0000000E+00,  2.4904333E+02,2067,  6.7966833E+00,  0.0000000E+00,  1.6722117E-01,  1.0000630E+03,  3.7494919E+03,3,
  1.1688755E+03,  0.0000000E+00,  2.4901865E+02,2079,  6.7901525E+00,  0.0000000E+00,  4.1302782E-01,  9.9975787E+02, -1.4385889E+04,3,
  1.1692682E+03,  0.0000000E+00,  2.4906261E+02,2098,  6.6847978E+00,  0.0000000E+00,  3.0652544E-01,  1.0000204E+03,  1.2121685E+03,3,
  1.1719314E+03,  0.0000000E+00,  2.4910532E+02,2110,  6.7346067E+00,  0.0000000E+00, -1.0686546E-01,  9.9978571E+02, -1.2733318E+04,3,
  1.1727605E+03,  0.0000000E+00,  2.4896910E+02,2082,  6.7604852E+00,  0.0000000E+00, -1.8081982E-01,  9.9971967E+02, -1.6654100E+04,3,
  1.1732157E+03,  0.0000000E+00,  2.4972452E+02,2055,  6.7688904E+00,  0.0000000E+00, -2.2092550E-01,  1.0009503E+03,  5.6661613E+04,3,
  1.1742123E+03,  0.0000000E+00,  2.4897276E+02,2071,  6.7577085E+00,  0.0000000E+00, -3.1441537E-01,  9.9978497E+02, -1.2776811E+04,3,
  1.1743457E+03,  0.0000000E+00,  2.4890759E+02,2086,  6.7378058E+00,  0.0000000E+00, -4.0471864E-01,  9.9983179E+02, -9.9965469E+03,3,
  1.1746327E+03,  0.0000000E+00,  2.4893048E+02,2100,  6.7755046E+00,  0.0000000E+00, -1.3220164E-01,  9.9985492E+02, -8.6224385E+03,3,
  1.2093854E+03,  0.0000000E+00,  2.4894792E+02,2034,  6.1903644E+00,  0.0000000E+00, -8.7285802E-02,  9.9992487E+02, -4.4663228E+03,3,
  1.2096433E+03,  0.0000000E+00,  2.4900037E+02,2087,  6.1746969E+00,  0.0000000E+00,  1.1595868E-01,  9.9995490E+02, -2.6814866E+03,3,
  1.2097106E+03,  0.0000000E+00,  2.4904358E+02,2065,  6.1824908E+00,  0.0000000E+00,  2.2545423E-02,  9.9998694E+02, -7.7658087E+02,3,
  1.2102699E+03,  0.0000000E+00,  2.4933617E+02,2053,  6.1777687E+00,  0.0000000E+00, -4.0639658E-02,  1.0008201E+03,  4.8883348E+04,3,
  1.2113281E+03,  0.0000000E+00,  2.4905037E+02,2081,  6.2056427E+00,  0.0000000E+00, -1.2892365E-01,  9.9929193E+02, -4.2010992E+04,3,
  1.2127415E+03,  0.0000000E+00,  2.4906667E+02,2068,  6.1861286E+00,  0.0000000E+00, -3.4435187E-02,  1.0004050E+03,  2.4107854E+04,3,
  1.2139386E+03,  0.0000000E+00,  2.4905171E+02,2066,  6.1617055E+00,  0.0000000E+00, -1.2528712E-01,  9.9914624E+02, -5.0632969E+04,3,
  1.2151953E+03,  0.0000000E+00,  2.4934509E+02,2062,  6.1982789E+00,  0.0000000E+00, -1.1404718E-01,  1.0008278E+03,  4.9342871E+04,3,
  1.2156555E+03,  0.0000000E+00,  2.4900917E+02,2046,  6.1928611E+00,  0.0000000E+00, -1.0286414E-01,  1.0000269E+03,  1.5968997E+03,3,
  1.2156738E+03,  0.0000000E+00,  2.4899052E+02,2056,  6.1949048E+00,  0.0000000E+00, -7.2887056E-02,  1.0000146E+03,  8.6737494E+02,3,
  1.2161195E+03,  0.0000000E+00,  2.4892625E+02,2091,  6.1956010E+00,  0.0000000E+00, -9.0732425E-02,  9.9991449E+02, -5.0829600E+03,3,
  1.2844148E+03,  0.0000000E+00,  2.4908693E+02,2050,  6.4411483E+00,  0.0000000E+00, -5.6531567E-02,  9.9993597E+02, -3.8061160E+03,3,
  1.2845402E+03,  0.0000000E+00,  2.4905223E+02,2057,  6.4406590E+00,  0.0000000E+00, -8.5265040E-02,  9.9987524E+02, -7.4149512E+03,3,
  1.2846229E+03,  0.0000000E+00,  2.4905977E+02,2037,  6.4481063E+00,  0.0000000E+00,  7.0717256E-03,  9.9983478E+02, -9.8189023E+03,3,
  1.2846827E+03,  0.0000000E+00,  2.4904143E+02,2077,  6.4448786E+00,  0.0000000E+00,  6.5004095E-02,  9.9979352E+02, -1.2269389E+04,3,
  1.2865251E+03,  0.0000000E+00,  2.4913982E+02,2036,  6.4532304E+00,  0.0000000E+00, -2.4181679E-02,  1.0006397E+03,  3.8108883E+04,3,
  1.2879340E+03,  0.0000000E+00,  2.4903064E+02,2049,  6.4345579E+00,  0.0000000E+00, -6.2281981E-02,  9.9891125E+02, -6.4523492E+04,3,
  1.2892161E+03,  0.0000000E+00,  2.4923227E+02,2041,  6.4417238E+00,  0.0000000E+00, -4.9345987E-03,  1.0007156E+03,  4.2638133E+04,3,
  1.2895659E+03,  0.0000000E+00,  2.4899420E+02,2074,  6.4526029E+00,  0.0000000E+00,  4.5129213E-02,  1.0001740E+03,  1.0351753E+04,3,
  1.2898287E+03,  0.0000000E+00,  2.4897400E+02,2063,  6.4472990E+00,  0.0000000E+00,  2.7367774E-02,  9.9999310E+02, -4.1007132E+02,3,
  1.2902052E+03,  0.0000000E+00,  2.4897913E+02,2033,  6.4453740E+00,  0.0000000E+00, -1.3948132E-02,  9.9992151E+02, -4.6658271E+03,3,
  1.3548511E+03,  0.0000000E+00,  2.4909279E+02,2052, -1.1654950E+00,  0.0000000E+00,  7.7857548E-01,  9.9814642E+02, -1.0959890E+05,3,
  1.3550669E+03,  0.0000000E+00,  2.4911557E+02,2035, -1.0656190E+00,  0.0000000E+00,  6.1514437E-01,  9.9942480E+02, -3.4140973E+04,3,
  1.3550826E+03,  0.0000000E+00,  2.4911725E+02,2031, -1.2597910E+00,  0.0000000E+00,  8.0374509E-01,  9.9930884E+02, -4.1009965E+04,3,
  1.3559803E+03,  0.0000000E+00,  2.4862955E+02,2029, -8.6169586E-02,  0.0000000E+00,  1.9314842E-01,  1.0064053E+03,  3.8824503E+05,3,
  1.3590780E+03,  0.0000000E+00,  2.4915883E+02,2060, -6.8965152E-02,  0.0000000E+00, -8.2700217E-01,  1.0045563E+03,  2.7463794E+05,3,
  1.3568915E+03,  0.0000000E+00,  2.4895320E+02,2069, -1.4975677E+00,  0.0000000E+00, -3.0863928E-02,  9.9579926E+02, -2.4664195E+05,3,
  1.3587767E+03,  0.0000000E+00,  2.4976651E+02,2043, -2.6393437E+00,  0.0000000E+00, -1.5133458E+00,  1.0000682E+03,  4.0544500E+03,3,
  1.3600586E+03,  0.0000000E+00,  2.4957370E+02,2040, -1.4726052E+00,  0.0000000E+00, -2.0787065E-01,  9.9894611E+02, -6.2464602E+04,3,
  1.3605618E+03,  0.0000000E+00,  2.5036562E+02,2042, -1.9868073E+00,  0.0000000E+00, -7.5764942E-01,  9.9892126E+02, -6.3932191E+04,3,
  1.3607577E+03,  0.0000000E+00,  2.5007530E+02,2038, -5.8917850E-01,  0.0000000E+00, -1.8033167E+00,  9.9999042E+02, -5.6974054E+02,3,
  1.3633663E+03,  0.0000000E+00,  2.5070798E+02,2051, -5.2884036E-01,  0.0000000E+00, -5.6625593E-01,  9.9994208E+02, -3.4433462E+03,3,
  1.3632400E+03,  0.0000000E+00,  2.5080133E+02,2064, -9.5078695E-01,  0.0000000E+00, -9.6720624E-01,  9.9792059E+02, -1.2286864E+05,3,
  1.3670637E+03,  0.0000000E+00,  2.5133620E+02,2039, -9.2663133E-01,  0.0000000E+00,  1.1818731E+00,  1.0045432E+03,  2.7383616E+05,3,
  1.3663334E+03,  0.0000000E+00,  2.5083943E+02,2047,  7.9550153E-01,  0.0000000E+00, -5.8068961E-01,  9.9672827E+02, -1.9263128E+05,3,
  1.3673036E+03,  0.0000000E+00,  2.5084247E+02,2044, -1.4940205E+00,  0.0000000E+00,  5.8651960E-01,  1.0003436E+03,  2.0452484E+04,3,
  1.3625906E+03,  0.0000000E+00,  2.5131099E+02,2045, -7.6634127E-01,  0.0000000E+00, -1.8093120E+00,  1.0038344E+03,  2.3062192E+05,3,
  1.9253862E+02,  0.0000000E+00,  2.5692209E+02,3395, -8.2568246E-01,  0.0000000E+00,  4.4499573E-01,  9.9996582E+02, -2.0320455E+03,3,
  1.9262218E+02,  0.0000000E+00,  2.5735852E+02,3394, -8.6762947E-01,  0.0000000E+00,  5.1633948E-01,  1.0001082E+03,  6.4327192E+03,3,
  1.9361351E+02,  0.0000000E+00,  2.5715244E+02,3309, -7.8836483E-01,  0.0000000E+00,  2.0004024E-01,  9.9935175E+02, -3.8468996E+04,3,
  1.9589764E+02,  0.0000000E+00,  2.5679651E+02,3237,  1.0755480E-01,  0.0000000E+00,  9.1341490E-01,  9.9982410E+02, -1.0453332E+04,3,
  1.9362524E+02,  0.0000000E+00,  2.5721484E+02,3245, -8.0016929E-01,  0.0000000E+00,  4.1455469E-01,  9.9955780E+02, -2.6257432E+04,3,
  1.9971230E+02,  0.0000000E+00,  2.5718414E+02,3396,  9.3537807E-02,  0.0000000E+00,  5.5842072E-01,  9.9947888E+02, -3.0936217E+04,3,
  1.9650336E+02,  0.0000000E+00,  2.5707132E+02,3037, -1.3514597E+00,  0.0000000E+00,  1.0528227E+00,  9.9915216E+02, -5.0282746E+04,3,
  1.9677386E+02,  0.0000000E+00,  2.5679108E+02,3374, -8.1718504E-01,  0.0000000E+00,  1.3420650E+00,  1.0002377E+03,  1.4141503E+04,3,
  1.9554315E+02,  0.0000000E+00,  2.5786224E+02,3055, -1.6404530E+00,  0.0000000E+00,  1.0258830E+00,  1.0010960E+03,  6.5381062E+04,3,
  1.9979539E+02,  0.0000000E+00,  2.5717657E+02,3386, -1.4149677E+00,  0.0000000E+00, -2.0697868E+00,  9.9871332E+02, -7.6208797E+04,3,
  2.0152879E+02,  0.0000000E+00,  2.5715057E+02,3046, -3.7197053E-01,  0.0000000E+00,  1.1139382E+00,  1.0006669E+03,  3.9733785E+04,3,
  2.0144333E+02,  0.0000000E+00,  2.5692401E+02,3028, -3.2643217E-01,  0.0000000E+00,  4.2532352E-01,  1.0013089E+03,  7.8130703E+04,3,
  2.0506735E+02,  0.0000000E+00,  2.5673193E+02,3338, -4.0477970E-01,  0.0000000E+00, -8.3269507E-02,  1.0018912E+03,  1.1308898E+05,3,
  2.0254662E+02,  0.0000000E+00,  2.5728635E+02,3173, -9.4810957E-01,  0.0000000E+00, -3.7675324E-01,  9.9758820E+02, -1.4236752E+05,3,
  2.0368297E+02,  0.0000000E+00,  2.5738666E+02,3236, -5.6866449E-01,  0.0000000E+00, -7.5780116E-02,  1.0008578E+03,  5.1133750E+04,3,
  2.0536928E+02,  0.0000000E+00,  2.5689044E+02,3348,  8.3195187E-02,  0.0000000E+00, -3.7250766E-01,  9.9642944E+02, -2.1003738E+05,3,
  2.0662193E+02,  0.0000000E+00,  2.5692816E+02,3164, -6.0116529E-01,  0.0000000E+00, -3.0199310E-01,  1.0007725E+03,  4.6035512E+04,3,
  2.0753404E+02,  0.0000000E+00,  2.5713089E+02,3119, -5.0912327E-01,  0.0000000E+00,  1.7168158E-01,  9.9982190E+02, -1.0583838E+04,3,
  2.0917329E+02,  0.0000000E+00,  2.5685144E+02,3376, -2.3638116E-01,  0.0000000E+00,  2.0729941E-01,  9.9952490E+02, -2.8208100E+04,3,
  2.1049875E+02,  0.0000000E+00,  2.5730380E+02,3385, -2.1737653E-01,  0.0000000E+00, -2.5871584E-01,  1.0007487E+03,  4.4617367E+04,3,
  2.1110092E+02,  0.0000000E+00,  2.5679565E+02,3367, -7.8617787E-01,  0.0000000E+00,  3.9041784E-01,  9.9948627E+02, -3.0498467E+04,3,
  2.1271349E+02,  0.0000000E+00,  2.5713757E+02,3378, -2.3937365E-01,  0.0000000E+00, -2.9687282E-01,  1.0005126E+03,  3.0523455E+04,3,
  2.0915962E+02,  0.0000000E+00,  2.5698386E+02,3357, -8.5458171E-01,  0.0000000E+00, -1.8725020E-01,  1.0007562E+03,  4.5062109E+04,3,
  2.1349844E+02,  0.0000000E+00,  2.5702878E+02,3368, -1.0736414E-01,  0.0000000E+00, -2.5792554E-01,  1.0006988E+03,  4.1635910E+04,3,
  2.1493105E+02,  0.0000000E+00,  2.5713019E+02,3377, -4.3172649E-01,  0.0000000E+00,  4.6848908E-01,  9.9942267E+02, -3.4267551E+04,3,
  2.1615451E+02,  0.0000000E+00,  2.5721506E+02,3010, -5.2841079E-01,  0.0000000E+00,  9.4499975E-02,  1.0001672E+03,  9.9448857E+03,3,
  2.1760063E+02,  0.0000000E+00,  2.5738089E+02,3019, -1.8958952E-01,  0.0000000E+00, -7.2099008E-02,  1.0004603E+03,  2.7407932E+04,3,
  2.1584381E+02,  0.0000000E+00,  2.5716370E+02,3358, -4.7387859E-01,  0.0000000E+00,  3.8738858E-02,  1.0004218E+03,  2.5111951E+04,3,
  2.1894548E+02,  0.0000000E+00,  2.5637473E+02,3320, -3.7018764E-01,  0.0000000E+00,  1.5805146E-01,  9.9950165E+02, -2.9586725E+04,3,
  2.1828166E+02,  0.0000000E+00,  2.5672415E+02,3110, -3.0149436E-01,  0.0000000E+00, -2.8123987E-01,  1.0002821E+03,  1.6787555E+04,3,
  2.1988396E+02,  0.0000000E+00,  2.5445703E+02,3359, -5.4405284E-01,  0.0000000E+00,  1.2628882E-01,  1.0014527E+03,  8.6751766E+04,3,
  2.2000719E+02,  0.0000000E+00,  2.5585493E+02,3255, -6.4717394E-01,  0.0000000E+00,  6.3009597E-02,  1.0004623E+03,  2.7528021E+04,3,
  2.2059647E+02,  0.0000000E+00,  2.5501324E+02,3283,  2.5358647E-01,  0.0000000E+00,  2.7537823E-02,  1.0005789E+03,  3.4477500E+04,3,
  2.2274515E+02,  0.0000000E+00,  2.5613773E+02,3291, -2.9344308E-01,  0.0000000E+00, -1.1627883E-01,  1.0001222E+03,  7.2679717E+03,3,
  2.2331628E+02,  0.0000000E+00,  2.5505211E+02,3282, -3.4426239E-01,  0.0000000E+00, -2.2948763E-01,  1.0006965E+03,  4.1501074E+04,3,
  2.2464682E+02,  0.0000000E+00,  2.5714197E+02,3339, -2.9141474E-01,  0.0000000E+00, -2.6644969E-01,  1.0000110E+03,  6.5687531E+02,3,
  2.2248985E+02,  0.0000000E+00,  2.5503284E+02,3101, -4.2332077E-01,  0.0000000E+00, -2.2125499E-01,  1.0006451E+03,  3.8429469E+04,3,
  2.2478487E+02,  0.0000000E+00,  2.5671878E+02,3146, -2.5953794E-01,  0.0000000E+00, -3.2536498E-01,  9.9984937E+02, -8.9523867E+03,3,
  2.2672281E+02,  0.0000000E+00,  2.5641589E+02,3201, -2.6481682E-01,  0.0000000E+00, -3.6037263E-01,  9.9980774E+02, -1.1424837E+04,3,
  2.2515894E+02,  0.0000000E+00,  2.5460545E+02,3360, -3.4660438E-01,  0.0000000E+00, -1.0679008E-01,  1.0013261E+03,  7.9162203E+04,3,
  2.2703554E+02,  0.0000000E+00,  2.5449467E+02,3306,  4.4495892E-02,  0.0000000E+00, -1.0753437E-01,  1.0015167E+03,  9.0592648E+04,3,
  2.2753720E+02,  0.0000000E+00,  2.5728607E+02,3369, -1.3846295E-01,  0.0000000E+00, -3.0167466E-01,  1.0000168E+03,  1.0016615E+03,3,
  2.2857845E+02,  0.0000000E+00,  2.5517421E+02,3329, -9.3601413E-02,  0.0000000E+00, -8.4642902E-02,  1.0007503E+03,  4.4712145E+04,3,
  2.3166087E+02,  0.0000000E+00,  2.5689127E+02,3273,  1.6732562E-01,  0.0000000E+00, -3.2314575E-01,  1.0000596E+03,  3.5425613E+03,3,
  2.2945000E+02,  0.0000000E+00,  2.5509575E+02,3266, -6.0246803E-02,  0.0000000E+00, -1.7661218E-01,  1.0003289E+03,  1.9576123E+04,3,
  2.3294044E+02,  0.0000000E+00,  2.5707651E+02,3001,  1.3456938E-01,  0.0000000E+00, -3.7255353E-01,  1.0000959E+03,  5.7064697E+03,3,
  2.3049579E+02,  0.0000000E+00,  2.5486861E+02,3128, -1.0515715E-01,  0.0000000E+00, -7.3154576E-02,  1.0006184E+03,  3.6837566E+04,3,
  2.3174605E+02,  0.0000000E+00,  2.5484721E+02,3264, -1.0659590E-01,  0.0000000E+00, -4.7671543E-03,  1.0007437E+03,  4.4318449E+04,3,
  2.3318361E+02,  0.0000000E+00,  2.5470866E+02,2983,  2.3610798E-01,  0.0000000E+00, -7.8929383E-03,  1.0008639E+03,  5.1498531E+04,3,
  2.3005786E+02,  0.0000000E+00,  2.5720407E+02,3351, -1.2687343E-01,  0.0000000E+00, -3.0763271E-01,  1.0000312E+03,  1.8582350E+03,3,
  2.3400558E+02,  0.0000000E+00,  2.5717758E+02,2992,  2.1841139E-01,  0.0000000E+00, -4.0267706E-01,  1.0001004E+03,  5.9715444E+03,3,
  2.3462798E+02,  0.0000000E+00,  2.5491197E+02,3265,  2.6136577E-01,  0.0000000E+00, -1.1463150E-02,  1.0005568E+03,  3.3159309E+04,3,
  2.3538408E+02,  0.0000000E+00,  2.5700629E+02,3083,  4.0429446E-01,  0.0000000E+00, -4.0113047E-01,  1.0000556E+03,  3.3065933E+03,3,
  2.3587422E+02,  0.0000000E+00,  2.5481863E+02,3219,  2.2341608E-01,  0.0000000E+00, -2.4007993E-02,  1.0008059E+03,  4.8033652E+04,3,
  2.3831204E+02,  0.0000000E+00,  2.5717450E+02,3321,  8.1229722E-01,  0.0000000E+00, -2.8370973E-01,  1.0000762E+03,  4.5336890E+03,3,
  2.3704088E+02,  0.0000000E+00,  2.5491026E+02,3257,  2.9542607E-01,  0.0000000E+00,  3.7370067E-02,  1.0004966E+03,  2.9573408E+04,3,
  2.3814618E+02,  0.0000000E+00,  2.5489029E+02,3147,  3.8522294E-01,  0.0000000E+00,  1.7461337E-01,  1.0006562E+03,  3.9092535E+04,3,
  2.3907387E+02,  0.0000000E+00,  2.5512302E+02,3256,  5.4425442E-01,  0.0000000E+00,  1.8837391E-01,  1.0004461E+03,  2.6560068E+04,3,
  2.3977170E+02,  0.0000000E+00,  2.5777444E+02,3349,  9.1584510E-01,  0.0000000E+00, -2.8238788E-01,  1.0001381E+03,  8.2158867E+03,3,
  2.3695058E+02,  0.0000000E+00,  2.5746298E+02,3340,  7.4266988E-01,  0.0000000E+00, -3.7726998E-01,  1.0000784E+03,  4.6607637E+03,3,
  2.4071654E+02,  0.0000000E+00,  2.5453877E+02,3350,  7.2188562E-01,  0.0000000E+00,  7.6272942E-02,  1.0013222E+03,  7.8928094E+04,3,
  2.4081715E+02,  0.0000000E+00,  2.5760260E+02,2974,  9.8355979E-01,  0.0000000E+00, -2.3303622E-01,  1.0000726E+03,  4.3158501E+03,3,
  2.4187090E+02,  0.0000000E+00,  2.5760486E+02,3238,  9.5900726E-01,  0.0000000E+00, -2.1706831E-01,  1.0000228E+03,  1.3537188E+03,3,
  2.4202991E+02,  0.0000000E+00,  2.5506995E+02,3311,  8.1806976E-01,  0.0000000E+00, -1.0024664E-01,  1.0005948E+03,  3.5428016E+04,3,
  2.4308473E+02,  0.0000000E+00,  2.5794952E+02,3331,  1.0985351E+00,  0.0000000E+00, -2.9819402E-01,  1.0000930E+03,  5.5285464E+03,3,
  2.4449915E+02,  0.0000000E+00,  2.5783667E+02,2956,  1.2300624E+00,  0.0000000E+00, -2.7961186E-01,  1.0000867E+03,  5.1581865E+03,3,
  2.4330177E+02,  0.0000000E+00,  2.5467018E+02,3313,  6.7381489E-01,  0.0000000E+00, -7.3146902E-02,  1.0011503E+03,  6.8632719E+04,3,
  2.4448373E+02,  0.0000000E+00,  2.5529784E+02,3228,  6.9990045E-01,  0.0000000E+00, -3.2468203E-02,  1.0004187E+03,  2.4926404E+04,3,
  2.4543622E+02,  0.0000000E+00,  2.5517761E+02,2965,  1.0749128E+00,  0.0000000E+00, -4.1192133E-02,  1.0006904E+03,  4.1136656E+04,3,
  2.4680009E+02,  0.0000000E+00,  2.5461423E+02,3323,  7.4738532E-01,  0.0000000E+00, -2.0971817E-01,  1.0012916E+03,  7.7095648E+04,3,
  2.4743283E+02,  0.0000000E+00,  2.5767142E+02,3074,  1.2442619E+00,  0.0000000E+00, -6.7789249E-02,  1.0001320E+03,  7.8490586E+03,3,
  2.4610941E+02,  0.0000000E+00,  2.5778351E+02,3292,  1.3100746E+00,  0.0000000E+00, -1.7571528E-01,  1.0001027E+03,  6.1058999E+03,3,
  2.4822150E+02,  0.0000000E+00,  2.5476558E+02,2938,  7.8458208E-01,  0.0000000E+00, -2.5563350E-01,  1.0007322E+03,  4.3633168E+04,3,
  2.4866313E+02,  0.0000000E+00,  2.5750662E+02,3293,  1.1457430E+00,  0.0000000E+00, -2.0713730E-02,  1.0002051E+03,  1.2201028E+04,3,
  2.4999409E+02,  0.0000000E+00,  2.5736804E+02,3156,  1.0296276E+00,  0.0000000E+00, -8.5242344E-03,  1.0003401E+03,  2.0241568E+04,3,
  2.4932083E+02,  0.0000000E+00,  2.5420874E+02,3220,  7.9022539E-01,  0.0000000E+00, -4.7375062E-01,  1.0005432E+03,  3.2347363E+04,3,
  2.5118181E+02,  0.0000000E+00,  2.5737146E+02,3341,  9.4167805E-01,  0.0000000E+00,  1.7903844E-02,  1.0003870E+03,  2.3034744E+04,3,
  2.5024153E+02,  0.0000000E+00,  2.5324017E+02,3202,  1.1307650E+00,  0.0000000E+00, -4.2840901E-01,  1.0005378E+03,  3.2026973E+04,3,
  2.5229840E+02,  0.0000000E+00,  2.5715332E+02,3342,  9.3547446E-01,  0.0000000E+00, -2.9844895E-03,  1.0003909E+03,  2.3267545E+04,3,
  2.5138303E+02,  0.0000000E+00,  2.5323796E+02,3285,  7.7895653E-01,  0.0000000E+00,  1.4897000E-02,  1.0004539E+03,  2.7025838E+04,3,
  2.5321577E+02,  0.0000000E+00,  2.5633536E+02,3301,  7.3609728E-01,  0.0000000E+00, -1.3766465E-01,  1.0005994E+03,  3.5701168E+04,3,
  2.5214331E+02,  0.0000000E+00,  2.5280849E+02,3174,  7.5567520E-01,  0.0000000E+00,  4.6585679E-02,  1.0011338E+03,  6.7642492E+04,3,
  2.5335106E+02,  0.0000000E+00,  2.5296472E+02,3137,  7.8688759E-01,  0.0000000E+00,  3.0510524E-02,  1.0011086E+03,  6.6137250E+04,3,
  2.4977559E+02,  0.0000000E+00,  2.5245613E+02,3144, -8.3931647E-02,  0.0000000E+00,  2.3388122E-01,  1.0017659E+03,  1.0555281E+05,3,
  2.5428838E+02,  0.0000000E+00,  2.5295580E+02,2929,  8.4502727E-01,  0.0000000E+00, -5.5310588E-02,  1.0010075E+03,  6.0085680E+04,3,
  2.5463731E+02,  0.0000000E+00,  2.5701547E+02,3333,  9.1696030E-01,  0.0000000E+00, -1.2018293E-01,  1.0003417E+03,  2.0339754E+04,3,
  2.5530313E+02,  0.0000000E+00,  2.5298158E+02,3047,  7.6968837E-01,  0.0000000E+00, -1.1015842E-01,  1.0008822E+03,  5.2592957E+04,3,
  2.5572038E+02,  0.0000000E+00,  2.5594005E+02,3294,  1.0459031E+00,  0.0000000E+00,  1.1733377E-01,  1.0004316E+03,  2.5694084E+04,3,
  2.5627435E+02,  0.0000000E+00,  2.5752698E+02,3314,  9.4196755E-01,  0.0000000E+00, -1.4588240E-01,  1.0003062E+03,  1.8223553E+04,3,
  2.5630615E+02,  0.0000000E+00,  2.5283379E+02,2911,  6.8325025E-01,  0.0000000E+00, -3.6539152E-02,  1.0010247E+03,  6.1115320E+04,3,
  2.5756433E+02,  0.0000000E+00,  2.5762775E+02,3324,  9.8357093E-01,  0.0000000E+00, -1.7191647E-01,  1.0003134E+03,  1.8652574E+04,3,
  2.5732449E+02,  0.0000000E+00,  2.5287135E+02,3229,  7.0775563E-01,  0.0000000E+00,  4.2244431E-02,  1.0009582E+03,  5.7136094E+04,3,
  2.5857080E+02,  0.0000000E+00,  2.5568517E+02,3248,  8.1526399E-01,  0.0000000E+00,  1.5806620E-01,  1.0005427E+03,  3.2321877E+04,3,
  2.5890280E+02,  0.0000000E+00,  2.5750818E+02,3322,  1.3335464E+00,  0.0000000E+00, -1.4291729E-01,  1.0002935E+03,  1.7467355E+04,3,
  2.5822397E+02,  0.0000000E+00,  2.5295821E+02,3138,  7.7187747E-01,  0.0000000E+00,  8.2782224E-02,  1.0008199E+03,  4.8872406E+04,3,
  2.6029752E+02,  0.0000000E+00,  2.5675931E+02,3312,  1.2383145E+00,  0.0000000E+00, -4.0344883E-02,  1.0004556E+03,  2.7124090E+04,3,
  2.5909149E+02,  0.0000000E+00,  2.5310921E+02,3065,  8.1161809E-01,  0.0000000E+00,  7.8661427E-02,  1.0007926E+03,  4.7238723E+04,3,
  2.6031210E+02,  0.0000000E+00,  2.5261664E+02,3269,  7.5563169E-01,  0.0000000E+00, -5.1323059E-03,  1.0015593E+03,  9.3149172E+04,3,
  2.6152347E+02,  0.0000000E+00,  2.5729416E+02,3332,  1.1211084E+00,  0.0000000E+00,  3.4786141E-03,  1.0002461E+03,  1.4643035E+04,3,
  2.6142151E+02,  0.0000000E+00,  2.5299796E+02,3193,  6.7351329E-01,  0.0000000E+00, -2.0873776E-02,  1.0011047E+03,  6.5899797E+04,3,
  2.6279352E+02,  0.0000000E+00,  2.5725946E+02,2947,  1.2555742E+00,  0.0000000E+00, -7.7878386E-03,  1.0002540E+03,  1.5115517E+04,3,
  2.6242004E+02,  0.0000000E+00,  2.5576505E+02,3038,  9.9012595E-01,  0.0000000E+00,  6.6754229E-02,  1.0006250E+03,  3.7230965E+04,3,
  2.6250006E+02,  0.0000000E+00,  2.5273340E+02,2902,  6.8322903E-01,  0.0000000E+00,  1.4523350E-02,  1.0012401E+03,  7.4005758E+04,3,
  2.6406537E+02,  0.0000000E+00,  2.5726584E+02,3192,  1.2047874E+00,  0.0000000E+00, -4.9225815E-02,  1.0003079E+03,  1.8325352E+04,3,
  2.6361874E+02,  0.0000000E+00,  2.5291759E+02,3166,  7.3300761E-01,  0.0000000E+00,  1.9089546E-02,  1.0008787E+03,  5.2385004E+04,3,
  2.6516357E+02,  0.0000000E+00,  2.5732938E+02,3302,  1.2648346E+00,  0.0000000E+00, -5.2358672E-02,  1.0003022E+03,  1.7987234E+04,3,
  2.6450482E+02,  0.0000000E+00,  2.5301584E+02,3120,  7.6094943E-01,  0.0000000E+00,  1.2415245E-02,  1.0007017E+03,  4.1807191E+04,3,
  2.6660474E+02,  0.0000000E+00,  2.5745297E+02,3284,  1.3494492E+00,  0.0000000E+00,  6.0029914E-05,  1.0002811E+03,  1.6729393E+04,3,
  2.6529761E+02,  0.0000000E+00,  2.5303516E+02,3002,  6.9745713E-01,  0.0000000E+00, -1.8341465E-02,  1.0007410E+03,  4.4158062E+04,3,
  2.6588794E+02,  0.0000000E+00,  2.5565482E+02,3210,  9.9002421E-01,  0.0000000E+00, -1.0470261E-01,  1.0005643E+03,  3.3610824E+04,3,
  2.6629031E+02,  0.0000000E+00,  2.5287427E+02,3211,  6.9245511E-01,  0.0000000E+00, -6.2108200E-02,  1.0011342E+03,  6.7664422E+04,3,
  2.6743857E+02,  0.0000000E+00,  2.5261984E+02,2893,  7.8309309E-01,  0.0000000E+00, -9.0696059E-02,  1.0015849E+03,  9.4684133E+04,3,
  2.6796414E+02,  0.0000000E+00,  2.5700024E+02,3029,  1.0981131E+00,  0.0000000E+00,  7.0892431E-02,  1.0003113E+03,  1.8525320E+04,3,
  2.6861487E+02,  0.0000000E+00,  2.5596049E+02,3184,  9.3467855E-01,  0.0000000E+00,  3.2211214E-01,  1.0005662E+03,  3.3723707E+04,3,
  2.6886505E+02,  0.0000000E+00,  2.5280260E+02,3056,  9.0331876E-01,  0.0000000E+00, -5.1182877E-02,  1.0008430E+03,  5.0247391E+04,3,
  2.6933752E+02,  0.0000000E+00,  2.5761798E+02,3315,  1.4639418E+00,  0.0000000E+00,  4.4940477E-03,  1.0002370E+03,  1.4101526E+04,3,
  2.7092010E+02,  0.0000000E+00,  2.5766391E+02,3303,  1.6064255E+00,  0.0000000E+00,  3.9602764E-02,  1.0001915E+03,  1.1390792E+04,3,
  2.6985724E+02,  0.0000000E+00,  2.5298155E+02,3092,  1.2291891E-01,  0.0000000E+00,  3.7886370E-02,  1.0007341E+03,  4.3742520E+04,3,
  2.7107077E+02,  0.0000000E+00,  2.5658102E+02,3129,  1.0919888E+00,  0.0000000E+00,  1.3305329E-01,  1.0002624E+03,  1.5613464E+04,3,
  2.7034985E+02,  0.0000000E+00,  2.5339026E+02,3084,  6.3606882E-01,  0.0000000E+00,  4.4301796E-01,  1.0007981E+03,  4.7566898E+04,3,
  2.7248337E+02,  0.0000000E+00,  2.5766687E+02,2920,  1.5869169E+00,  0.0000000E+00,  3.6434758E-02,  1.0001346E+03,  8.0052314E+03,3,
  2.7059164E+02,  0.0000000E+00,  2.5310675E+02,2875,  6.3432729E-01,  0.0000000E+00,  4.3658969E-01,  1.0011158E+03,  6.6568344E+04,3,
  2.7262708E+02,  0.0000000E+00,  2.5455426E+02,3252,  1.1085426E+00,  0.0000000E+00,  4.3023711E-01,  1.0012195E+03,  7.2773727E+04,3,
  2.7447379E+02,  0.0000000E+00,  2.5779932E+02,3276,  1.7509587E+00,  0.0000000E+00, -6.6409983E-02,  1.0000967E+03,  5.7500430E+03,3,
  2.7381998E+02,  0.0000000E+00,  2.5513417E+02,3239,  9.0916926E-01,  0.0000000E+00,  8.2679130E-02,  1.0007524E+03,  4.4839734E+04,3,
  2.7387512E+02,  0.0000000E+00,  2.5734421E+02,3167,  1.3670934E+00,  0.0000000E+00,  4.2181142E-02,  1.0000493E+03,  2.9326860E+03,3,
  2.7535016E+02,  0.0000000E+00,  2.5486017E+02,3232,  1.1162992E+00,  0.0000000E+00, -3.4712143E-02,  1.0010732E+03,  6.4018602E+04,3,
  2.7633337E+02,  0.0000000E+00,  2.5781091E+02,3304,  1.7939926E+00,  0.0000000E+00, -2.5726724E-02,  1.0000890E+03,  5.2925312E+03,3,
  2.7742029E+02,  0.0000000E+00,  2.5766095E+02,3020,  1.7299386E+00,  0.0000000E+00,  2.5950994E-02,  1.0000507E+03,  3.0161787E+03,3,
  2.7661395E+02,  0.0000000E+00,  2.5512756E+02,2848,  1.0015059E+00,  0.0000000E+00, -7.4292518E-02,  1.0005289E+03,  3.1499076E+04,3,
  2.7857642E+02,  0.0000000E+00,  2.5762842E+02,3165,  1.5846978E+00,  0.0000000E+00,  1.2905945E-03,  1.0000396E+03,  2.3555171E+03,3,
  2.7770975E+02,  0.0000000E+00,  2.5464288E+02,3231,  8.1278688E-01,  0.0000000E+00, -1.0260290E-02,  1.0010716E+03,  6.3919984E+04,3,
  2.7872125E+02,  0.0000000E+00,  2.5496687E+02,3251,  1.0429636E+00,  0.0000000E+00,  6.7934625E-02,  1.0007093E+03,  4.2262742E+04,3,
  2.8030579E+02,  0.0000000E+00,  2.5470537E+02,3242,  1.0636991E+00,  0.0000000E+00,  2.6685197E-02,  1.0011415E+03,  6.8102883E+04,3,
  2.8042108E+02,  0.0000000E+00,  2.5788782E+02,3247,  1.4943422E+00,  0.0000000E+00,  4.9572933E-02,  1.0000903E+03,  5.3687817E+03,3,
  2.8070129E+02,  0.0000000E+00,  2.5797382E+02,3295,  1.8124056E+00,  0.0000000E+00,  1.1382451E-02,  1.0001036E+03,  6.1640005E+03,3,
  2.8148825E+02,  0.0000000E+00,  2.5786383E+02,3305,  1.8620961E+00,  0.0000000E+00,  1.1614913E-01,  1.0000538E+03,  3.1976868E+03,3,
  2.8168430E+02,  0.0000000E+00,  2.5489110E+02,3214,  8.1062394E-01,  0.0000000E+00, -1.9296261E-02,  1.0009353E+03,  5.5767461E+04,3,
  2.8277197E+02,  0.0000000E+00,  2.5481450E+02,3215,  1.0980394E+00,  0.0000000E+00, -1.3897933E-02,  1.0010608E+03,  6.3273527E+04,3,
  2.8394934E+02,  0.0000000E+00,  2.5502782E+02,2821,  1.1742938E+00,  0.0000000E+00, -6.7598194E-02,  1.0007045E+03,  4.1978477E+04,3,
  2.8487061E+02,  0.0000000E+00,  2.5780890E+02,3275,  9.6874231E-01,  0.0000000E+00,  3.1002520E-03,  1.0001014E+03,  6.0296440E+03,3,
  2.8562445E+02,  0.0000000E+00,  2.5774701E+02,3183,  1.1229881E+00,  0.0000000E+00, -8.1013143E-02,  1.0000914E+03,  5.4377705E+03,3,
  2.8498502E+02,  0.0000000E+00,  2.5501361E+02,3186,  1.1679608E+00,  0.0000000E+00, -3.1342659E-02,  1.0005832E+03,  3.4736059E+04,3,
  2.8736795E+02,  0.0000000E+00,  2.5814319E+02,3296,  1.4851414E+00,  0.0000000E+00, -8.8979043E-02,  1.0001375E+03,  8.1795669E+03,3,
  2.8589844E+02,  0.0000000E+00,  2.5499904E+02,3185,  1.0809447E+00,  0.0000000E+00,  1.4012308E-02,  1.0005677E+03,  3.3814742E+04,3,
  2.8694507E+02,  0.0000000E+00,  2.5487047E+02,3176,  1.0594574E+00,  0.0000000E+00,  1.1985511E-02,  1.0007526E+03,  4.4850672E+04,3,
  2.8771017E+02,  0.0000000E+00,  2.5744931E+02,3066,  1.3053595E+00,  0.0000000E+00,  3.9854716E-03,  1.0000253E+03,  1.5025302E+03,3,
  2.8822574E+02,  0.0000000E+00,  2.5474760E+02,2975,  1.1443193E+00,  0.0000000E+00,  2.8254673E-02,  1.0009324E+03,  5.5595938E+04,3,
  2.8927451E+02,  0.0000000E+00,  2.5503218E+02,3230,  1.0988486E+00,  0.0000000E+00,  4.8951145E-02,  1.0006253E+03,  3.7249180E+04,3,
  2.9022021E+02,  0.0000000E+00,  2.5497128E+02,3222,  1.0339131E+00,  0.0000000E+00,  7.1189530E-02,  1.0007920E+03,  4.7202262E+04,3,
  2.9114557E+02,  0.0000000E+00,  2.5775781E+02,3139,  1.2438530E+00,  0.0000000E+00,  1.3820960E-01,  1.0000490E+03,  2.9145354E+03,3,
  2.9123386E+02,  0.0000000E+00,  2.5515601E+02,3213,  1.1886071E+00,  0.0000000E+00,  4.6145804E-02,  1.0006453E+03,  3.8444043E+04,3,
  2.9228543E+02,  0.0000000E+00,  2.5530055E+02,3258,  1.3237095E+00,  0.0000000E+00, -7.1713157E-02,  1.0006392E+03,  3.8076098E+04,3,
  2.9247824E+02,  0.0000000E+00,  2.5817969E+02,3278,  1.1675376E+00,  0.0000000E+00,  4.3042060E-02,  1.0001568E+03,  9.3273516E+03,3,
  2.9429123E+02,  0.0000000E+00,  2.5783990E+02,3286,  1.2314874E+00,  0.0000000E+00, -1.4607766E-01,  1.0001788E+03,  1.0635116E+04,3,
  2.9363318E+02,  0.0000000E+00,  2.5433084E+02,3206,  9.3027514E-01,  0.0000000E+00, -4.0176466E-01,  1.0012031E+03,  7.1790398E+04,3,
  2.9362683E+02,  0.0000000E+00,  2.5698315E+02,2830,  9.1393083E-01,  0.0000000E+00,  1.4949659E-01,  9.9991095E+02, -5.2933330E+03,3,
  2.9497827E+02,  0.0000000E+00,  2.5450665E+02,3030,  8.1581897E-01,  0.0000000E+00, -4.2698997E-01,  1.0012290E+03,  7.3344023E+04,3,
  2.9587308E+02,  0.0000000E+00,  2.5749438E+02,3267,  1.1844270E+00,  0.0000000E+00, -2.5305283E-01,  1.0002863E+03,  1.7038385E+04,3,
  2.9592252E+02,  0.0000000E+00,  2.5329802E+02,2803,  1.1306280E+00,  0.0000000E+00, -6.0313427E-01,  1.0006220E+03,  3.7052477E+04,3,
  2.9854086E+02,  0.0000000E+00,  2.5584566E+02,3149,  1.4770023E+00,  0.0000000E+00,  4.1781016E-02,  1.0002335E+03,  1.3894380E+04,3,
  2.9719092E+02,  0.0000000E+00,  2.5755301E+02,3287,  9.6816319E-01,  0.0000000E+00, -1.4142987E-01,  1.0003791E+03,  2.2565523E+04,3,
  2.9821884E+02,  0.0000000E+00,  2.5309200E+02,2948,  9.1825485E-01,  0.0000000E+00,  1.2238503E-01,  1.0010931E+03,  6.5209375E+04,3,
  2.9861261E+02,  0.0000000E+00,  2.5757101E+02,3279,  1.0421472E+00,  0.0000000E+00,  1.0995605E-01,  1.0003234E+03,  1.9245236E+04,3,
  3.0049033E+02,  0.0000000E+00,  2.5577682E+02,3085,  9.4494814E-01,  0.0000000E+00,  3.1293851E-01,  1.0006016E+03,  3.5835926E+04,3,
  2.9705444E+02,  0.0000000E+00,  2.5308076E+02,3049,  7.7236533E-01,  0.0000000E+00,  7.0408657E-02,  1.0007681E+03,  4.5776656E+04,3,
  3.0006610E+02,  0.0000000E+00,  2.5728229E+02,3259,  1.1521028E+00,  0.0000000E+00,  3.3741996E-01,  1.0002302E+03,  1.3698140E+04,3,
  3.0026010E+02,  0.0000000E+00,  2.5302493E+02,3157,  5.9426337E-01,  0.0000000E+00, -1.7642543E-02,  1.0009400E+03,  5.6048473E+04,3,
  3.0160779E+02,  0.0000000E+00,  2.5279225E+02,3177,  9.8240960E-01,  0.0000000E+00,  2.2615318E-01,  1.0009447E+03,  5.6329488E+04,3,
  2.9941666E+02,  0.0000000E+00,  2.5249863E+02,3103,  7.7963650E-01,  0.0000000E+00, -2.0016296E-01,  1.0011609E+03,  6.9264906E+04,3,
  2.9587509E+02,  0.0000000E+00,  2.5254106E+02,3126,  5.7573080E-02,  0.0000000E+00,  5.1286716E-02,  1.0014684E+03,  8.7692625E+04,3,
  3.0200107E+02,  0.0000000E+00,  2.5642453E+02,3268,  9.6140075E-01,  0.0000000E+00,  3.4672508E-01,  1.0003683E+03,  2.1921744E+04,3,
  3.0200723E+02,  0.0000000E+00,  2.5174130E+02,3195,  6.4459342E-01,  0.0000000E+00, -3.1992030E-01,  1.0002494E+03,  1.4839294E+04,3,
  3.0301068E+02,  0.0000000E+00,  2.5622858E+02,3277,  8.1230509E-01,  0.0000000E+00,  1.6111511E-01,  1.0004670E+03,  2.7808236E+04,3,
  3.0410797E+02,  0.0000000E+00,  2.5611981E+02,3249,  9.1939056E-01,  0.0000000E+00,  2.3202134E-02,  1.0004641E+03,  2.7633557E+04,3,
  3.0534634E+02,  0.0000000E+00,  2.5646921E+02,3270,  9.8775500E-01,  0.0000000E+00,  8.1855074E-02,  1.0002774E+03,  1.6507650E+04,3,
  3.0397794E+02,  0.0000000E+00,  2.5396785E+02,3102,  5.6059951E-01,  0.0000000E+00, -1.4003633E-01,  1.0006082E+03,  3.6229285E+04,3,
  3.0661749E+02,  0.0000000E+00,  2.5640823E+02,3212,  9.0020484E-01,  0.0000000E+00,  1.2656175E-01,  1.0003464E+03,  2.0619766E+04,3,
  3.0787561E+02,  0.0000000E+00,  2.5665948E+02,3048,  7.8623122E-01,  0.0000000E+00,  1.6923910E-01,  1.0003226E+03,  1.9197967E+04,3,
  3.0535861E+02,  0.0000000E+00,  2.5383044E+02,2984,  4.1010979E-01,  0.0000000E+00, -1.5876856E-01,  1.0007595E+03,  4.5258969E+04,3,
  3.0709991E+02,  0.0000000E+00,  2.5389467E+02,2794,  4.4098556E-01,  0.0000000E+00, -5.8516975E-02,  1.0006998E+03,  4.1697863E+04,3,
  3.0871426E+02,  0.0000000E+00,  2.5395622E+02,3221,  3.8647979E-01,  0.0000000E+00,  9.5056280E-02,  1.0006100E+03,  3.6334910E+04,3,
  3.0896912E+02,  0.0000000E+00,  2.5709305E+02,3288,  7.6364797E-01,  0.0000000E+00,  1.5560411E-01,  1.0002316E+03,  1.3781724E+04,3,
  3.1017496E+02,  0.0000000E+00,  2.5628897E+02,3175,  7.4923885E-01,  0.0000000E+00,  6.7826718E-02,  1.0004456E+03,  2.6527318E+04,3,
  3.1165454E+02,  0.0000000E+00,  2.5673984E+02,2884,  7.3929209E-01,  0.0000000E+00,  7.2018467E-02,  1.0002593E+03,  1.5431729E+04,3,
  3.1007852E+02,  0.0000000E+00,  2.5389412E+02,3057,  3.7588835E-01,  0.0000000E+00,  2.0377539E-02,  1.0006560E+03,  3.9081605E+04,3,
  3.1288879E+02,  0.0000000E+00,  2.5646115E+02,3111,  7.2057313E-01,  0.0000000E+00,  4.9809620E-02,  1.0003365E+03,  2.0030658E+04,3,
  3.1417407E+02,  0.0000000E+00,  2.5663052E+02,3261,  7.2578716E-01,  0.0000000E+00,  5.4019451E-02,  1.0002824E+03,  1.6805730E+04,3,
  3.1153201E+02,  0.0000000E+00,  2.5409877E+02,2957,  3.5769764E-01,  0.0000000E+00, -4.3095399E-02,  1.0006050E+03,  3.6036246E+04,3,
  3.1307913E+02,  0.0000000E+00,  2.5391565E+02,3159,  3.5075572E-01,  0.0000000E+00,  1.0498586E-01,  1.0007673E+03,  4.5725617E+04,3,
  3.1466251E+02,  0.0000000E+00,  2.5401073E+02,3131,  3.4066924E-01,  0.0000000E+00, -4.2537255E-03,  1.0006641E+03,  3.9562539E+04,3,
  3.1549625E+02,  0.0000000E+00,  2.5639850E+02,3260,  6.9733590E-01,  0.0000000E+00,  2.7190933E-02,  1.0003472E+03,  2.0667041E+04,3,
  3.1677441E+02,  0.0000000E+00,  2.5667136E+02,2866,  6.9772547E-01,  0.0000000E+00,  1.5447461E-02,  1.0002590E+03,  1.5413556E+04,3,
  3.1627927E+02,  0.0000000E+00,  2.5396646E+02,3087,  2.8832206E-01,  0.0000000E+00, -3.5178989E-02,  1.0006213E+03,  3.7008766E+04,3,
  3.1799890E+02,  0.0000000E+00,  2.5615964E+02,3250,  6.6860467E-01,  0.0000000E+00, -2.5857281E-02,  1.0003942E+03,  2.3467611E+04,3,
  3.1935208E+02,  0.0000000E+00,  2.5669226E+02,3241,  7.1419400E-01,  0.0000000E+00,  7.1338862E-03,  1.0002532E+03,  1.5064634E+04,3,
  3.1791684E+02,  0.0000000E+00,  2.5388849E+02,3203,  3.3082598E-01,  0.0000000E+00,  1.6737111E-02,  1.0006319E+03,  3.7642594E+04,3,
  3.2071317E+02,  0.0000000E+00,  2.5661893E+02,3240,  6.6119319E-01,  0.0000000E+00,  1.9019889E-02,  1.0002759E+03,  1.6420410E+04,3,
  3.2202841E+02,  0.0000000E+00,  2.5650876E+02,3148,  6.4666754E-01,  0.0000000E+00,  1.1780014E-02,  1.0002953E+03,  1.7572783E+04,3,
  3.1943759E+02,  0.0000000E+00,  2.5414648E+02,3132,  3.5208538E-01,  0.0000000E+00, -7.6324984E-02,  1.0005966E+03,  3.5537273E+04,3,
  3.2080304E+02,  0.0000000E+00,  2.5385246E+02,3011,  4.1045770E-01,  0.0000000E+00,  1.0271608E-01,  1.0006963E+03,  4.1486496E+04,3,
  3.2236591E+02,  0.0000000E+00,  2.5419266E+02,3094,  3.9647245E-01,  0.0000000E+00, -1.8154919E-02,  1.0006293E+03,  3.7485953E+04,3,
  3.2340741E+02,  0.0000000E+00,  2.5668896E+02,3234,  6.7204267E-01,  0.0000000E+00, -4.6178149E-03,  1.0002597E+03,  1.5453537E+04,3,
  3.2477206E+02,  0.0000000E+00,  2.5646844E+02,2857,  6.6139710E-01,  0.0000000E+00, -1.5224729E-02,  1.0003044E+03,  1.8118117E+04,3,
  3.2382767E+02,  0.0000000E+00,  2.5397548E+02,2930,  3.9470774E-01,  0.0000000E+00,  3.2760061E-03,  1.0006282E+03,  3.7424027E+04,3,
  3.2609732E+02,  0.0000000E+00,  2.5650385E+02,3233,  6.7000580E-01,  0.0000000E+00, -1.1516719E-02,  1.0002905E+03,  1.7285586E+04,3,
  3.2745255E+02,  0.0000000E+00,  2.5670261E+02,3243,  6.8612283E-01,  0.0000000E+00, -1.1984636E-03,  1.0002353E+03,  1.3999770E+04,3,
  3.2528000E+02,  0.0000000E+00,  2.5398911E+02,3093,  4.0588883E-01,  0.0000000E+00,  3.5892285E-03,  1.0006249E+03,  3.7227320E+04,3,
  3.2852209E+02,  0.0000000E+00,  2.5607092E+02,3194,  6.9220394E-01,  0.0000000E+00, -1.6279109E-03,  1.0003607E+03,  2.1470760E+04,3,
  3.2673029E+02,  0.0000000E+00,  2.5398590E+02,2740,  4.0010259E-01,  0.0000000E+00,  4.7785144E-02,  1.0006036E+03,  3.5956117E+04,3,
  3.2826569E+02,  0.0000000E+00,  2.5376640E+02,3140,  3.6440116E-01,  0.0000000E+00,  6.6257492E-02,  1.0006093E+03,  3.6291203E+04,3,
  3.2996289E+02,  0.0000000E+00,  2.5636365E+02,2966,  6.9671535E-01,  0.0000000E+00, -1.5974895E-03,  1.0002923E+03,  1.7394648E+04,3,
  3.2978192E+02,  0.0000000E+00,  2.5397014E+02,3158,  4.2190853E-01,  0.0000000E+00,  1.6965944E-02,  1.0006030E+03,  3.5919695E+04,3,
  3.3110275E+02,  0.0000000E+00,  2.5693082E+02,3224,  6.9363242E-01,  0.0000000E+00, -6.1127855E-03,  1.0002159E+03,  1.2844177E+04,3,
  3.3121448E+02,  0.0000000E+00,  2.5366199E+02,3112,  4.4090754E-01,  0.0000000E+00,  8.6125113E-02,  1.0007018E+03,  4.1814480E+04,3,
  3.3265253E+02,  0.0000000E+00,  2.5668063E+02,3135,  7.7928859E-01,  0.0000000E+00,  2.0317271E-02,  1.0002401E+03,  1.4283237E+04,3,
  3.3241833E+02,  0.0000000E+00,  2.5480525E+02,3096,  4.8813778E-01,  0.0000000E+00, -9.2804715E-02,  1.0005935E+03,  3.5351531E+04,3,
  3.3427252E+02,  0.0000000E+00,  2.5689084E+02,3223,  6.5339273E-01,  0.0000000E+00,  5.2147228E-02,  1.0002397E+03,  1.4261433E+04,3,
  3.3363760E+02,  0.0000000E+00,  2.5374466E+02,2885,  5.5439955E-01,  0.0000000E+00,  4.6131186E-02,  1.0006893E+03,  4.1067418E+04,3,
  3.3558542E+02,  0.0000000E+00,  2.5672742E+02,3205,  6.5579373E-01,  0.0000000E+00,  4.9348798E-02,  1.0002586E+03,  1.5388112E+04,3,
  3.3506833E+02,  0.0000000E+00,  2.5439639E+02,3060,  5.0694120E-01,  0.0000000E+00,  6.6311769E-02,  1.0005786E+03,  3.4462934E+04,3,
  3.3635187E+02,  0.0000000E+00,  2.5378897E+02,2876,  4.7929668E-01,  0.0000000E+00,  3.6956795E-02,  1.0006592E+03,  3.9274703E+04,3,
  3.3693124E+02,  0.0000000E+00,  2.5653375E+02,2839,  6.6769522E-01,  0.0000000E+00,  4.0128168E-02,  1.0002798E+03,  1.6653055E+04,3,
  3.3825247E+02,  0.0000000E+00,  2.5651505E+02,3075,  6.6969591E-01,  0.0000000E+00,  4.5029353E-02,  1.0002750E+03,  1.6362249E+04,3,
  3.3777545E+02,  0.0000000E+00,  2.5389354E+02,2776,  4.7242424E-01,  0.0000000E+00,  1.1853019E-02,  1.0006872E+03,  4.0943523E+04,3,
  3.3960577E+02,  0.0000000E+00,  2.5660107E+02,2812,  6.7073703E-01,  0.0000000E+00,  5.4058705E-02,  1.0002639E+03,  1.5704333E+04,3,
  3.3922443E+02,  0.0000000E+00,  2.5404027E+02,2785,  4.7151545E-01,  0.0000000E+00,  7.2902627E-02,  1.0006793E+03,  4.0469812E+04,3,
  3.4088898E+02,  0.0000000E+00,  2.5663190E+02,3225,  6.4446360E-01,  0.0000000E+00,  5.7003520E-02,  1.0002607E+03,  1.5515327E+04,3,
  3.4219196E+02,  0.0000000E+00,  2.5625659E+02,3012,  6.2323046E-01,  0.0000000E+00,  3.8636602E-02,  1.0003466E+03,  2.0627039E+04,3,
  3.4076242E+02,  0.0000000E+00,  2.5399170E+02,3021,  4.4437057E-01,  0.0000000E+00, -2.9755125E-02,  1.0006603E+03,  3.9336641E+04,3,
  3.4231699E+02,  0.0000000E+00,  2.5378784E+02,2949,  4.1935733E-01,  0.0000000E+00,  8.1132865E-03,  1.0006013E+03,  3.5817715E+04,3,
  3.4345227E+02,  0.0000000E+00,  2.5674652E+02,3216,  6.4107734E-01,  0.0000000E+00,  4.6530150E-02,  1.0002377E+03,  1.4141503E+04,3,
  3.4370145E+02,  0.0000000E+00,  2.5398070E+02,2994,  3.8176993E-01,  0.0000000E+00, -1.1718447E-02,  1.0005671E+03,  3.3778328E+04,3,
  3.4472067E+02,  0.0000000E+00,  2.5643604E+02,3076,  6.0661411E-01,  0.0000000E+00,  4.3763198E-02,  1.0002811E+03,  1.6729393E+04,3,
  3.4602023E+02,  0.0000000E+00,  2.5621494E+02,3141,  6.0652351E-01,  0.0000000E+00,  4.7542844E-02,  1.0003011E+03,  1.7921793E+04,3,
  3.4508920E+02,  0.0000000E+00,  2.5375348E+02,2722,  3.8726035E-01,  0.0000000E+00,  4.6139076E-02,  1.0006857E+03,  4.0852422E+04,3,
  3.4734576E+02,  0.0000000E+00,  2.5677124E+02,3207,  5.8351469E-01,  0.0000000E+00,  5.4931857E-02,  1.0002134E+03,  1.2698829E+04,3,
  3.4661206E+02,  0.0000000E+00,  2.5411140E+02,2913,  3.9211866E-01,  0.0000000E+00, -4.6238568E-02,  1.0006441E+03,  3.8371180E+04,3,
  3.4870013E+02,  0.0000000E+00,  2.5664941E+02,3196,  5.4872888E-01,  0.0000000E+00,  4.6790563E-02,  1.0002315E+03,  1.3774455E+04,3,
  3.4811667E+02,  0.0000000E+00,  2.5408377E+02,2985,  3.9529455E-01,  0.0000000E+00, -8.3078421E-04,  1.0007206E+03,  4.2936996E+04,3,
  3.4961728E+02,  0.0000000E+00,  2.5394270E+02,3121,  3.7276977E-01,  0.0000000E+00,  2.5115520E-02,  1.0007405E+03,  4.4128898E+04,3,
  3.5004401E+02,  0.0000000E+00,  2.5643314E+02,3197,  5.4237896E-01,  0.0000000E+00,  3.2898441E-02,  1.0002594E+03,  1.5435363E+04,3,
  3.5141785E+02,  0.0000000E+00,  2.5664136E+02,3198,  5.6277776E-01,  0.0000000E+00,  2.1866892E-02,  1.0002348E+03,  1.3970696E+04,3,
  3.5114600E+02,  0.0000000E+00,  2.5411658E+02,3105,  3.5560820E-01,  0.0000000E+00, -2.2309469E-02,  1.0006683E+03,  3.9813941E+04,3,
  3.5275696E+02,  0.0000000E+00,  2.5653961E+02,3168,  5.5261517E-01,  0.0000000E+00,  1.3435405E-02,  1.0002437E+03,  1.4501296E+04,3,
  3.5264743E+02,  0.0000000E+00,  2.5396378E+02,3051,  3.3633694E-01,  0.0000000E+00,  3.0530994E-03,  1.0006647E+03,  3.9602617E+04,3,
  3.5398352E+02,  0.0000000E+00,  2.5647678E+02,2993,  5.1415116E-01,  0.0000000E+00, -9.8316278E-03,  1.0002283E+03,  1.3585485E+04,3,
  3.5588800E+02,  0.0000000E+00,  2.5669144E+02,3178,  6.5617269E-01,  0.0000000E+00, -5.9926629E-02,  1.0001554E+03,  9.2438057E+03,3,
  3.5550714E+02,  0.0000000E+00,  2.5554608E+02,2713,  3.2810816E-01,  0.0000000E+00, -5.0583147E-02,  1.0003875E+03,  2.3063844E+04,3,
  3.5414117E+02,  0.0000000E+00,  2.5392561E+02,3068,  3.6530283E-01,  0.0000000E+00, -9.6068801E-03,  1.0006470E+03,  3.8542406E+04,3,
  3.5605405E+02,  0.0000000E+00,  2.5360194E+02,3086,  3.8961399E-01,  0.0000000E+00, -5.0084875E-03,  1.0007408E+03,  4.4147125E+04,3,
  3.6127914E+02,  0.0000000E+00,  2.5237201E+02,2850,  3.7118924E-01,  0.0000000E+00,  3.3413413E-01,  1.0005892E+03,  3.5096598E+04,3,
  3.5788110E+02,  0.0000000E+00,  2.5654752E+02,3170,  7.4574810E-01,  0.0000000E+00, -4.3947455E-02,  1.0001725E+03,  1.0260933E+04,3,
  3.5763364E+02,  0.0000000E+00,  2.5480121E+02,2731,  4.2054433E-01,  0.0000000E+00,  2.0794304E-01,  1.0005677E+03,  3.3811098E+04,3,
  3.6272263E+02,  0.0000000E+00,  2.5245462E+02,2832,  3.0350548E-01,  0.0000000E+00,  9.3394622E-02,  1.0014352E+03,  8.5701180E+04,3,
  3.5945230E+02,  0.0000000E+00,  2.5653583E+02,3180,  6.4533734E-01,  0.0000000E+00, -1.1724597E-01,  1.0002357E+03,  1.4025209E+04,3,
  3.6114944E+02,  0.0000000E+00,  2.5672064E+02,3150,  5.9522980E-01,  0.0000000E+00, -1.9451262E-01,  1.0002223E+03,  1.3225726E+04,3,
  3.6197714E+02,  0.0000000E+00,  2.5601743E+02,3041,  8.2446212E-01,  0.0000000E+00, -1.4890642E-01,  1.0002780E+03,  1.6540367E+04,3,
  3.5855887E+02,  0.0000000E+00,  2.5392589E+02,2986,  2.6548743E-01,  0.0000000E+00,  1.5779233E-02,  1.0007937E+03,  4.7304355E+04,3,
  3.6040182E+02,  0.0000000E+00,  2.5448792E+02,2641,  5.0058174E-01,  0.0000000E+00, -5.9190840E-03,  1.0004871E+03,  2.9005607E+04,3,
  3.6278790E+02,  0.0000000E+00,  2.5548538E+02,2894,  1.1589421E+00,  0.0000000E+00, -4.9344789E-02,  1.0004415E+03,  2.6287166E+04,3,
  3.6363608E+02,  0.0000000E+00,  2.5365460E+02,2650,  4.0423393E-01,  0.0000000E+00, -2.2716399E-01,  9.9992114E+02, -4.6875913E+03,3,
  3.6423517E+02,  0.0000000E+00,  2.5661673E+02,3187,  7.2745734E-01,  0.0000000E+00,  8.9779012E-02,  1.0002532E+03,  1.5064634E+04,3,
  3.6452869E+02,  0.0000000E+00,  2.5282616E+02,2723,  5.5122203E-01,  0.0000000E+00, -1.3034293E-02,  1.0012808E+03,  7.6448336E+04,3,
  3.6546622E+02,  0.0000000E+00,  2.5660223E+02,3188,  5.9402823E-01,  0.0000000E+00,  5.4547947E-02,  1.0002716E+03,  1.6162325E+04,3,
  3.6659683E+02,  0.0000000E+00,  2.5605731E+02,2903,  5.5931729E-01,  0.0000000E+00, -4.4760056E-02,  1.0002937E+03,  1.7478262E+04,3,
  3.6592145E+02,  0.0000000E+00,  2.5301405E+02,2886,  5.5443823E-01,  0.0000000E+00, -5.2220069E-02,  1.0007437E+03,  4.4318449E+04,3,
  3.6798709E+02,  0.0000000E+00,  2.5674985E+02,3045,  6.9890130E-01,  0.0000000E+00, -8.8898614E-02,  1.0002390E+03,  1.4217821E+04,3,
  3.6869806E+02,  0.0000000E+00,  2.5597226E+02,3042,  6.9982964E-01,  0.0000000E+00, -7.8453265E-02,  1.0001995E+03,  1.1870386E+04,3,
  3.6653857E+02,  0.0000000E+00,  2.5324495E+02,3022,  4.9433455E-01,  0.0000000E+00, -3.6469974E-02,  1.0003000E+03,  1.7856354E+04,3,
  3.6961234E+02,  0.0000000E+00,  2.5609161E+02,3032,  6.8222737E-01,  0.0000000E+00,  1.5880661E-02,  1.0001434E+03,  8.5282471E+03,3,
  3.6728391E+02,  0.0000000E+00,  2.5297519E+02,2858,  4.5826206E-01,  0.0000000E+00, -2.7433697E-02,  1.0005862E+03,  3.4918148E+04,3,
  3.6822586E+02,  0.0000000E+00,  2.5287224E+02,2569,  5.2368832E-01,  0.0000000E+00,  5.6038164E-03,  1.0008292E+03,  4.9426754E+04,3,
  3.6986835E+02,  0.0000000E+00,  2.5253667E+02,2856,  5.3267759E-01,  0.0000000E+00, -8.1724580E-03,  1.0017407E+03,  1.0404185E+05,3,
  3.7082721E+02,  0.0000000E+00,  2.5660144E+02,3189,  6.4373618E-01,  0.0000000E+00,  1.6281292E-02,  1.0002233E+03,  1.3283868E+04,3,
  3.7105356E+02,  0.0000000E+00,  2.5301663E+02,2784,  5.1444644E-01,  0.0000000E+00, -1.9588927E-02,  1.0011168E+03,  6.6626797E+04,3,
  3.7195380E+02,  0.0000000E+00,  2.5652032E+02,3169,  6.4454496E-01,  0.0000000E+00,  2.6236253E-02,  1.0002282E+03,  1.3578218E+04,3,
  3.7318524E+02,  0.0000000E+00,  2.5645239E+02,3039,  6.5548396E-01,  0.0000000E+00,  7.9197697E-03,  1.0002292E+03,  1.3636361E+04,3,
  3.7229645E+02,  0.0000000E+00,  2.5274814E+02,2883,  5.3120923E-01,  0.0000000E+00, -1.1138904E-02,  1.0013306E+03,  7.9432898E+04,3,
  3.7436542E+02,  0.0000000E+00,  2.5645834E+02,3160,  6.5085006E-01,  0.0000000E+00, -1.1876397E-02,  1.0002397E+03,  1.4261433E+04,3,
  3.7559476E+02,  0.0000000E+00,  2.5643835E+02,3151,  6.6621310E-01,  0.0000000E+00, -1.6919710E-02,  1.0002418E+03,  1.4384997E+04,3,
  3.7358255E+02,  0.0000000E+00,  2.5308614E+02,2918,  5.2174532E-01,  0.0000000E+00, -3.4275097E-03,  1.0008026E+03,  4.7836738E+04,3,
  3.7447723E+02,  0.0000000E+00,  2.5275670E+02,2909,  5.1876843E-01,  0.0000000E+00, -5.0195376E-03,  1.0010757E+03,  6.4168352E+04,3,
  3.7568527E+02,  0.0000000E+00,  2.5309377E+02,2896,  5.1101810E-01,  0.0000000E+00, -1.8987708E-03,  1.0006183E+03,  3.6830281E+04,3,
  3.7650378E+02,  0.0000000E+00,  2.5280325E+02,2542,  5.3798145E-01,  0.0000000E+00, -9.5880274E-03,  1.0009365E+03,  5.5840449E+04,3,
  3.7681555E+02,  0.0000000E+00,  2.5640250E+02,2767,  6.6554147E-01,  0.0000000E+00, -1.5502223E-02,  1.0002366E+03,  1.4079722E+04,3,
  3.7759833E+02,  0.0000000E+00,  2.5304663E+02,2924,  5.0301766E-01,  0.0000000E+00, -5.2895453E-03,  1.0006373E+03,  3.7963164E+04,3,
  3.7801343E+02,  0.0000000E+00,  2.5631824E+02,2959,  6.6521275E-01,  0.0000000E+00, -1.0932853E-02,  1.0002286E+03,  1.3600021E+04,3,
  3.7913651E+02,  0.0000000E+00,  2.5637604E+02,3003,  6.6326714E-01,  0.0000000E+00, -1.1541449E-02,  1.0002286E+03,  1.3600021E+04,3,
  3.7852542E+02,  0.0000000E+00,  2.5290242E+02,2879,  5.3151745E-01,  0.0000000E+00, -9.0287980E-03,  1.0008242E+03,  4.9124047E+04,3,
  3.8037015E+02,  0.0000000E+00,  2.5628464E+02,3015,  6.6791970E-01,  0.0000000E+00, -3.8529946E-03,  1.0002328E+03,  1.3854405E+04,3,
  3.8156021E+02,  0.0000000E+00,  2.5643472E+02,3133,  6.6238093E-01,  0.0000000E+00, -7.1996134E-03,  1.0002343E+03,  1.3941624E+04,3,
  3.8271024E+02,  0.0000000E+00,  2.5626645E+02,3014,  6.6052210E-01,  0.0000000E+00,  1.9281680E-03,  1.0002174E+03,  1.2935021E+04,3,
  3.7955289E+02,  0.0000000E+00,  2.5285686E+02,2908,  5.0880206E-01,  0.0000000E+00, -1.3623994E-02,  1.0008881E+03,  5.2943195E+04,3,
  3.8076849E+02,  0.0000000E+00,  2.5280551E+02,2787,  5.2878881E-01,  0.0000000E+00, -2.2463735E-02,  1.0008866E+03,  5.2855633E+04,3,
  3.8140927E+02,  0.0000000E+00,  2.5319225E+02,2840,  5.3474724E-01,  0.0000000E+00, -2.6214421E-02,  1.0003994E+03,  2.3773176E+04,3,
  3.8244717E+02,  0.0000000E+00,  2.5291524E+02,2881,  5.2870119E-01,  0.0000000E+00, -1.1234423E-02,  1.0007109E+03,  4.2361145E+04,3,
  3.8326508E+02,  0.0000000E+00,  2.5311217E+02,2846,  4.3234530E-01,  0.0000000E+00, -1.9995315E-02,  1.0006545E+03,  3.8994168E+04,3,
  3.8381885E+02,  0.0000000E+00,  2.5639117E+02,3162,  6.5626335E-01,  0.0000000E+00, -9.7983303E-03,  1.0002053E+03,  1.2211929E+04,3,
  3.8495468E+02,  0.0000000E+00,  2.5639297E+02,3153,  6.2035561E-01,  0.0000000E+00, -3.5123050E-02,  1.0001848E+03,  1.0994782E+04,3,
  3.8467273E+02,  0.0000000E+00,  2.5253798E+02,2811,  5.6983048E-01,  0.0000000E+00,  1.6639847E-02,  1.0019550E+03,  1.1692528E+05,3,
  3.8606482E+02,  0.0000000E+00,  2.5620459E+02,2968,  6.3061607E-01,  0.0000000E+00, -7.1979754E-02,  1.0001670E+03,  9.9339873E+03,3,
  3.8719424E+02,  0.0000000E+00,  2.5620471E+02,3095,  6.3789719E-01,  0.0000000E+00, -1.2074916E-01,  1.0002131E+03,  1.2680661E+04,3,
  3.8825839E+02,  0.0000000E+00,  2.5617093E+02,3142,  6.4224726E-01,  0.0000000E+00, -1.4003776E-01,  1.0002628E+03,  1.5638907E+04,3,
  3.8610712E+02,  0.0000000E+00,  2.5341626E+02,2872,  6.0761422E-01,  0.0000000E+00, -5.3439555E-03,  1.0006782E+03,  4.0404223E+04,3,
  3.8946909E+02,  0.0000000E+00,  2.5578264E+02,3024,  5.6758326E-01,  0.0000000E+00, -1.5881021E-01,  1.0003770E+03,  2.2438219E+04,3,
  3.8702536E+02,  0.0000000E+00,  2.5279593E+02,2497,  5.3816748E-01,  0.0000000E+00, -1.6216141E-01,  1.0010041E+03,  5.9881227E+04,3,
  3.8819803E+02,  0.0000000E+00,  2.5272769E+02,2851,  5.7647169E-01,  0.0000000E+00, -4.2285368E-01,  1.0006873E+03,  4.0947168E+04,3,
  3.8914511E+02,  0.0000000E+00,  2.5252304E+02,2951,  3.5713041E-01,  0.0000000E+00, -5.3065062E-01,  1.0005220E+03,  3.1087703E+04,3,
  3.9052536E+02,  0.0000000E+00,  2.5594725E+02,3152,  5.4645348E-01,  0.0000000E+00, -1.2483257E-01,  1.0003162E+03,  1.8819824E+04,3,
  3.9168542E+02,  0.0000000E+00,  2.5591093E+02,3143,  6.0734177E-01,  0.0000000E+00, -1.1055063E-01,  1.0002811E+03,  1.6725758E+04,3,
  3.9165884E+02,  0.0000000E+00,  2.5390472E+02,2877,  1.2256961E-01,  0.0000000E+00, -1.0886671E-01,  1.0006237E+03,  3.7150828E+04,3,
  3.9281549E+02,  0.0000000E+00,  2.5556909E+02,2970,  6.3837457E-01,  0.0000000E+00, -7.7114522E-02,  1.0002895E+03,  1.7227420E+04,3,
  3.9464062E+02,  0.0000000E+00,  2.5607584E+02,3122,  5.8197784E-01,  0.0000000E+00, -2.5287097E-02,  1.0001735E+03,  1.0322690E+04,3,
  3.9490305E+02,  0.0000000E+00,  2.5501868E+02,2944,  6.0064507E-01,  0.0000000E+00, -3.1412162E-02,  1.0004703E+03,  2.8004756E+04,3,
  3.9636288E+02,  0.0000000E+00,  2.5611014E+02,3134,  5.1947236E-01,  0.0000000E+00, -3.2565348E-02,  1.0002094E+03,  1.2459010E+04,3,
  3.9354459E+02,  0.0000000E+00,  2.5353075E+02,2895,  3.9321879E-01,  0.0000000E+00,  4.4896141E-02,  1.0007852E+03,  4.6797527E+04,3,
  3.9637527E+02,  0.0000000E+00,  2.5367633E+02,3078,  3.3268681E-01,  0.0000000E+00, -1.0580314E-01,  1.0007018E+03,  4.1818125E+04,3,
  3.9733176E+02,  0.0000000E+00,  2.5606363E+02,2749,  5.9789479E-01,  0.0000000E+00, -3.4078222E-02,  1.0002190E+03,  1.3029499E+04,3,
  3.9839203E+02,  0.0000000E+00,  2.5508171E+02,3005,  6.4058757E-01,  0.0000000E+00, -5.0576520E-03,  1.0004158E+03,  2.4751773E+04,3,
  3.9963623E+02,  0.0000000E+00,  2.5608975E+02,2758,  6.0451126E-01,  0.0000000E+00,  1.0337248E-02,  1.0002276E+03,  1.3541878E+04,3,
  4.0093030E+02,  0.0000000E+00,  2.5614209E+02,3113,  5.3038132E-01,  0.0000000E+00, -4.6988213E-03,  1.0002446E+03,  1.4555811E+04,3,
  3.9873141E+02,  0.0000000E+00,  2.5351570E+02,3050,  2.6842377E-01,  0.0000000E+00, -3.2200791E-02,  1.0006891E+03,  4.1060133E+04,3,
  4.0232007E+02,  0.0000000E+00,  2.5620062E+02,3124,  6.0204524E-01,  0.0000000E+00, -4.1567776E-02,  1.0002567E+03,  1.5271805E+04,3,
  4.0071185E+02,  0.0000000E+00,  2.5388898E+02,2632,  3.9364749E-01,  0.0000000E+00,  1.9690811E-03,  1.0006238E+03,  3.7161754E+04,3,
  4.0229709E+02,  0.0000000E+00,  2.5397108E+02,2862,  3.7663823E-01,  0.0000000E+00, -3.7222374E-02,  1.0005931E+03,  3.5326039E+04,3,
  4.0380219E+02,  0.0000000E+00,  2.5625781E+02,3114,  6.3576776E-01,  0.0000000E+00, -5.4854002E-02,  1.0002626E+03,  1.5628003E+04,3,
  4.0374731E+02,  0.0000000E+00,  2.5381396E+02,2725,  3.6605352E-01,  0.0000000E+00,  1.7353835E-02,  1.0005431E+03,  3.2343723E+04,3,
  4.0523447E+02,  0.0000000E+00,  2.5633218E+02,3106,  6.1887544E-01,  0.0000000E+00, -4.6621125E-02,  1.0002274E+03,  1.3530976E+04,3,
  4.0616953E+02,  0.0000000E+00,  2.5557362E+02,2923,  6.3628787E-01,  0.0000000E+00, -4.2118438E-02,  1.0003267E+03,  1.9445221E+04,3,
  4.0532794E+02,  0.0000000E+00,  2.5375047E+02,2878,  3.9195415E-01,  0.0000000E+00,  6.9830507E-02,  1.0005547E+03,  3.3039152E+04,3,
  4.0775879E+02,  0.0000000E+00,  2.5634555E+02,3125,  6.7152900E-01,  0.0000000E+00, -1.1552266E-02,  1.0002098E+03,  1.2484444E+04,3,
  4.0861383E+02,  0.0000000E+00,  2.5573987E+02,3033,  8.0518979E-01,  0.0000000E+00,  7.1154743E-02,  1.0002584E+03,  1.5377209E+04,3,
  4.1038742E+02,  0.0000000E+00,  2.5641638E+02,3115,  7.5582659E-01,  0.0000000E+00,  5.7222184E-02,  1.0001949E+03,  1.1594253E+04,3,
  4.0714227E+02,  0.0000000E+00,  2.5331331E+02,2988,  3.6454779E-01,  0.0000000E+00,  1.3574985E-01,  1.0007740E+03,  4.6126660E+04,3,
  4.0866397E+02,  0.0000000E+00,  2.5397028E+02,2750,  4.3971929E-01,  0.0000000E+00,  1.1204231E-01,  1.0006667E+03,  3.9722852E+04,3,
  4.1043631E+02,  0.0000000E+00,  2.5492551E+02,2906,  5.5113161E-01,  0.0000000E+00,  1.8153425E-01,  1.0004355E+03,  2.5926945E+04,3,
  4.1078659E+02,  0.0000000E+00,  2.5202333E+02,2891,  3.4788084E-01,  0.0000000E+00,  3.3453298E-01,  1.0004778E+03,  2.8448758E+04,3,
  4.1124216E+02,  0.0000000E+00,  2.5213696E+02,2561,  6.4857709E-01,  0.0000000E+00,  3.7415692E-01,  1.0006607E+03,  3.9362145E+04,3,
  4.1195535E+02,  0.0000000E+00,  2.5641022E+02,3116,  8.9688224E-01,  0.0000000E+00,  5.2918728E-02,  1.0001852E+03,  1.1016580E+04,3,
  4.1247687E+02,  0.0000000E+00,  2.5518289E+02,2997,  6.7618346E-01,  0.0000000E+00,  1.0762750E-01,  1.0003463E+03,  2.0608855E+04,3,
  4.1389285E+02,  0.0000000E+00,  2.5646552E+02,2977,  8.8045079E-01,  0.0000000E+00,  4.1689500E-02,  1.0001915E+03,  1.1390792E+04,3,
  4.1251028E+02,  0.0000000E+00,  2.5274898E+02,2943,  5.7802176E-01,  0.0000000E+00,  1.8554848E-01,  1.0007440E+03,  4.4333031E+04,3,
  4.1490027E+02,  0.0000000E+00,  2.5607892E+02,2969,  8.3227140E-01,  0.0000000E+00,  5.6934029E-02,  1.0001909E+03,  1.1354460E+04,3,
  4.1692807E+02,  0.0000000E+00,  2.5650797E+02,3108,  8.1242430E-01,  0.0000000E+00,  3.1961564E-02,  1.0002091E+03,  1.2440842E+04,3,
  4.1619556E+02,  0.0000000E+00,  2.5564484E+02,2904,  8.2522941E-01,  0.0000000E+00,  6.6543825E-02,  1.0002164E+03,  1.2876881E+04,3,
  4.1354388E+02,  0.0000000E+00,  2.5298686E+02,2844,  5.9412915E-01,  0.0000000E+00,  8.0475189E-02,  1.0007371E+03,  4.3921125E+04,3,
  4.1574811E+02,  0.0000000E+00,  2.5319949E+02,2889,  5.5091578E-01,  0.0000000E+00, -5.1100828E-02,  1.0004263E+03,  2.5381184E+04,3,
  4.1462125E+02,  0.0000000E+00,  2.5307544E+02,2859,  6.0882074E-01,  0.0000000E+00, -7.7522639E-03,  1.0006840E+03,  4.0754035E+04,3,
  4.1659412E+02,  0.0000000E+00,  2.5265482E+02,2825,  4.9492648E-01,  0.0000000E+00, -2.8918896E-02,  1.0011144E+03,  6.6484312E+04,3,
  4.1783301E+02,  0.0000000E+00,  2.5306152E+02,2914,  4.8059064E-01,  0.0000000E+00, -4.6045822E-03,  1.0003852E+03,  2.2929260E+04,3,
  4.1836368E+02,  0.0000000E+00,  2.5641089E+02,3117,  8.0153382E-01,  0.0000000E+00,  1.1963336E-02,  1.0002359E+03,  1.4036111E+04,3,
  4.1822733E+02,  0.0000000E+00,  2.5307848E+02,2907,  5.6083387E-01,  0.0000000E+00,  4.3935310E-03,  1.0003691E+03,  2.1969027E+04,3,
  4.1948218E+02,  0.0000000E+00,  2.5609341E+02,2605,  8.0223048E-01,  0.0000000E+00,  6.8606860E-03,  1.0002375E+03,  1.4134234E+04,3,
  4.1918332E+02,  0.0000000E+00,  2.5299901E+02,2916,  5.6694692E-01,  0.0000000E+00,  1.6580084E-02,  1.0005339E+03,  3.1797607E+04,3,
  4.2068561E+02,  0.0000000E+00,  2.5623563E+02,3059,  7.9055560E-01,  0.0000000E+00,  2.5213661E-02,  1.0002145E+03,  1.2760602E+04,3,
  4.2181113E+02,  0.0000000E+00,  2.5617722E+02,3097,  7.8281397E-01,  0.0000000E+00,  5.1384751E-02,  1.0001974E+03,  1.1746852E+04,3,
  4.2297784E+02,  0.0000000E+00,  2.5613727E+02,3088,  7.6756376E-01,  0.0000000E+00,  6.8171561E-02,  1.0002004E+03,  1.1924887E+04,3,
  4.2020493E+02,  0.0000000E+00,  2.5289197E+02,2761,  5.1534307E-01,  0.0000000E+00,  6.8490221E-03,  1.0007456E+03,  4.4431453E+04,3,
  4.2124579E+02,  0.0000000E+00,  2.5284998E+02,2746,  4.9844140E-01,  0.0000000E+00,  2.1748366E-02,  1.0008745E+03,  5.2133281E+04,3,
  4.2235989E+02,  0.0000000E+00,  2.5291405E+02,2434,  5.2682322E-01,  0.0000000E+00,  3.1482000E-02,  1.0008077E+03,  4.8143051E+04,3,
  4.2340274E+02,  0.0000000E+00,  2.5275186E+02,2543,  5.2296317E-01,  0.0000000E+00,  9.2435135E-03,  1.0010017E+03,  5.9738840E+04,3,
  4.2408276E+02,  0.0000000E+00,  2.5624646E+02,3099,  7.5385314E-01,  0.0000000E+00,  5.4821439E-02,  1.0002183E+03,  1.2985894E+04,3,
  4.2472470E+02,  0.0000000E+00,  2.5309735E+02,2777,  5.4355651E-01,  0.0000000E+00, -2.5586581E-02,  1.0004155E+03,  2.4733584E+04,3,
  4.2526013E+02,  0.0000000E+00,  2.5614218E+02,2888,  7.3997998E-01,  0.0000000E+00,  3.4325287E-02,  1.0002361E+03,  1.4047014E+04,3,
  4.2534174E+02,  0.0000000E+00,  2.5290073E+02,2933,  5.1989651E-01,  0.0000000E+00, -3.3969052E-02,  1.0006370E+03,  3.7944949E+04,3,
  4.2651309E+02,  0.0000000E+00,  2.5635422E+02,3098,  7.3211372E-01,  0.0000000E+00,  2.3901742E-02,  1.0002222E+03,  1.3222092E+04,3,
  4.2755637E+02,  0.0000000E+00,  2.5581110E+02,2860,  7.1194667E-01,  0.0000000E+00,  1.9749114E-02,  1.0002369E+03,  1.4094259E+04,3,
  4.2610883E+02,  0.0000000E+00,  2.5315497E+02,3006,  4.8869392E-01,  0.0000000E+00, -3.2819550E-02,  1.0003004E+03,  1.7878166E+04,3,
  4.2864926E+02,  0.0000000E+00,  2.5625375E+02,2940,  6.9432312E-01,  0.0000000E+00,  5.8887880E-02,  1.0002065E+03,  1.2288232E+04,3,
  4.2995239E+02,  0.0000000E+00,  2.5629788E+02,3070,  6.2393707E-01,  0.0000000E+00,  6.8156660E-02,  1.0001993E+03,  1.1855853E+04,3,
  4.2688202E+02,  0.0000000E+00,  2.5306331E+02,2987,  4.5632437E-01,  0.0000000E+00, -2.7850274E-02,  1.0004680E+03,  2.7862826E+04,3,
  4.3070160E+02,  0.0000000E+00,  2.5577664E+02,2971,  6.9971430E-01,  0.0000000E+00,  7.6946549E-02,  1.0002335E+03,  1.3890746E+04,3,
  4.2815692E+02,  0.0000000E+00,  2.5269733E+02,2643,  4.5177147E-01,  0.0000000E+00,  3.5480226E-03,  1.0011174E+03,  6.6659680E+04,3,
  4.2932898E+02,  0.0000000E+00,  2.5269514E+02,2425,  5.0836658E-01,  0.0000000E+00,  1.0042498E-02,  1.0011430E+03,  6.8194234E+04,3,
  4.3058444E+02,  0.0000000E+00,  2.5310428E+02,2917,  5.1289809E-01,  0.0000000E+00, -1.1194631E-02,  1.0004216E+03,  2.5097398E+04,3,
  4.3141150E+02,  0.0000000E+00,  2.5315115E+02,2768,  4.5808721E-01,  0.0000000E+00, -1.1992324E-02,  1.0003168E+03,  1.8852547E+04,3,
  4.3200977E+02,  0.0000000E+00,  2.5631528E+02,3089,  6.2160218E-01,  0.0000000E+00,  4.4401515E-02,  1.0002079E+03,  1.2368170E+04,3,
  4.3204913E+02,  0.0000000E+00,  2.5281059E+02,2861,  4.2997974E-01,  0.0000000E+00, -1.3775302E-02,  1.0007546E+03,  4.4970973E+04,3,
  4.3316446E+02,  0.0000000E+00,  2.5628018E+02,3079,  6.0125154E-01,  0.0000000E+00,  2.5084091E-02,  1.0002031E+03,  1.2084757E+04,3,
  4.3412131E+02,  0.0000000E+00,  2.5578995E+02,2778,  6.2887925E-01,  0.0000000E+00,  2.7648147E-02,  1.0002164E+03,  1.2873247E+04,3,
  4.3533325E+02,  0.0000000E+00,  2.5622922E+02,3081,  6.4084119E-01,  0.0000000E+00,  1.2788932E-02,  1.0002064E+03,  1.2280965E+04,3,
  4.3649695E+02,  0.0000000E+00,  2.5618973E+02,3071,  5.6958085E-01,  0.0000000E+00, -3.3026554E-02,  1.0002142E+03,  1.2746067E+04,3,
  4.3314194E+02,  0.0000000E+00,  2.5292491E+02,2651,  4.2137343E-01,  0.0000000E+00, -3.4426977E-03,  1.0006466E+03,  3.8520547E+04,3,
  4.3419724E+02,  0.0000000E+00,  2.5284691E+02,2818,  4.8398459E-01,  0.0000000E+00, -4.1825273E-03,  1.0007560E+03,  4.5054820E+04,3,
  4.3509668E+02,  0.0000000E+00,  2.5314975E+02,2864,  4.6212438E-01,  0.0000000E+00, -2.3023235E-02,  1.0004020E+03,  2.3929600E+04,3,
  4.3607419E+02,  0.0000000E+00,  2.5270149E+02,2708,  3.8859564E-01,  0.0000000E+00, -4.0804315E-03,  1.0010270E+03,  6.1250422E+04,3,
  4.3712692E+02,  0.0000000E+00,  2.5304343E+02,2773,  4.3431982E-01,  0.0000000E+00,  7.4476353E-03,  1.0005391E+03,  3.2107068E+04,3,
  4.3760791E+02,  0.0000000E+00,  2.5619424E+02,3023,  5.2225566E-01,  0.0000000E+00, -1.1764710E-01,  1.0001983E+03,  1.1797719E+04,3,
  4.3795795E+02,  0.0000000E+00,  2.5293883E+02,2800,  5.8128643E-01,  0.0000000E+00, -1.3309244E-02,  1.0005620E+03,  3.3468812E+04,3,
  4.3861578E+02,  0.0000000E+00,  2.5621255E+02,3080,  5.7555580E-01,  0.0000000E+00, -1.6926740E-01,  1.0001860E+03,  1.1063811E+04,3,
  4.3949002E+02,  0.0000000E+00,  2.5253561E+02,2728,  5.7619584E-01,  0.0000000E+00,  2.7472289E-02,  1.0009587E+03,  5.7165293E+04,3,
  4.3970959E+02,  0.0000000E+00,  2.5613782E+02,3063,  8.5231423E-01,  0.0000000E+00, -1.5977812E-01,  1.0002028E+03,  1.2062956E+04,3,
  4.4150568E+02,  0.0000000E+00,  2.5605844E+02,3052,  1.2367907E+00,  0.0000000E+00,  5.5945683E-02,  1.0003738E+03,  2.2249084E+04,3,
  4.4341190E+02,  0.0000000E+00,  2.5618512E+02,3053,  1.0293058E+00,  0.0000000E+00,  3.1027056E-02,  1.0004717E+03,  2.8088459E+04,3,
  4.3997083E+02,  0.0000000E+00,  2.5315204E+02,2880,  1.1217937E-01,  0.0000000E+00, -6.2089108E-02,  1.0004320E+03,  2.5719553E+04,3,
  4.4042932E+02,  0.0000000E+00,  2.5345171E+02,2587,  4.2705345E-01,  0.0000000E+00,  2.0252399E-02,  1.0003824E+03,  2.2765576E+04,3,
  4.4084155E+02,  0.0000000E+00,  2.5363046E+02,2779,  8.4219027E-01,  0.0000000E+00,  3.5141489E-01,  1.0005018E+03,  2.9879160E+04,3,
  4.4299994E+02,  0.0000000E+00,  2.5508044E+02,2853, -1.3765323E-01,  0.0000000E+00, -2.8520519E-01,  9.9963007E+02, -2.1971125E+04,3,
  4.4321008E+02,  0.0000000E+00,  2.5502415E+02,2833,  7.4478501E-01,  0.0000000E+00,  3.4167152E-03,  1.0002292E+03,  1.3639995E+04,3,
  4.4452206E+02,  0.0000000E+00,  2.5516159E+02,2551,  8.9165378E-01,  0.0000000E+00,  2.9240164E-01,  1.0004230E+03,  2.5181078E+04,3,
  4.4609540E+02,  0.0000000E+00,  2.5603302E+02,2795,  8.6678314E-01,  0.0000000E+00,  1.3763793E-02,  1.0005622E+03,  3.3483379E+04,3,
  4.4648618E+02,  0.0000000E+00,  2.5478265E+02,2662,  8.8963044E-01,  0.0000000E+00, -6.6723973E-02,  1.0010344E+03,  6.1692258E+04,3,
  4.4846637E+02,  0.0000000E+00,  2.5558621E+02,2677,  7.2565150E-01,  0.0000000E+00, -9.8942429E-02,  1.0005173E+03,  3.0807395E+04,3,
  4.4656781E+02,  0.0000000E+00,  2.5522404E+02,2797,  1.8683353E-01,  0.0000000E+00, -1.7597702E-01,  9.9884259E+02, -6.8578711E+04,3,
  4.4832309E+02,  0.0000000E+00,  2.5492653E+02,2822,  7.2351390E-01,  0.0000000E+00, -1.6768025E-02,  1.0006114E+03,  3.6418688E+04,3,
  4.4961359E+02,  0.0000000E+00,  2.5513222E+02,2686,  6.9206262E-01,  0.0000000E+00, -1.6911824E-01,  9.9988855E+02, -6.6243843E+03,3,
  4.5061899E+02,  0.0000000E+00,  2.5502803E+02,2552,  7.2729361E-01,  0.0000000E+00,  7.0405960E-02,  1.0004653E+03,  2.7702701E+04,3,
  4.5155319E+02,  0.0000000E+00,  2.5498148E+02,3034,  6.1711425E-01,  0.0000000E+00,  6.3567460E-02,  1.0003922E+03,  2.3343934E+04,3,
  4.5220663E+02,  0.0000000E+00,  2.5495775E+02,2659,  7.2169018E-01,  0.0000000E+00, -2.7056560E-02,  1.0001506E+03,  8.9568496E+03,3,
  4.5329657E+02,  0.0000000E+00,  2.5554683E+02,2748,  7.1607131E-01,  0.0000000E+00,  4.2531770E-02,  1.0006645E+03,  3.9588043E+04,3,
  4.5419263E+02,  0.0000000E+00,  2.5498395E+02,3054,  7.2887391E-01,  0.0000000E+00,  2.4821294E-02,  1.0000756E+03,  4.4937515E+03,3,
  4.5540002E+02,  0.0000000E+00,  2.5505939E+02,2668,  6.4997178E-01,  0.0000000E+00,  1.6438773E-01,  1.0002714E+03,  1.6151421E+04,3,
  4.5567966E+02,  0.0000000E+00,  2.5514963E+02,2756,  6.5092492E-01,  0.0000000E+00, -3.1166481E-02,  1.0005758E+03,  3.4295418E+04,3,
  4.5723618E+02,  0.0000000E+00,  2.5512061E+02,2724,  7.3142338E-01,  0.0000000E+00, -1.2121737E-02,  1.0002249E+03,  1.3378350E+04,3,
  4.5771790E+02,  0.0000000E+00,  2.5514941E+02,2742,  6.9795001E-01,  0.0000000E+00, -6.3868709E-02,  1.0003458E+03,  2.0583400E+04,3,
  4.5865771E+02,  0.0000000E+00,  2.5512845E+02,2488,  7.0357382E-01,  0.0000000E+00,  1.1613461E-01,  9.9966083E+02, -2.0145982E+04,3,
  4.5881009E+02,  0.0000000E+00,  2.5504881E+02,2743,  7.0387703E-01,  0.0000000E+00, -9.4906911E-03,  1.0004112E+03,  2.4478922E+04,3,
  4.6026193E+02,  0.0000000E+00,  2.5496400E+02,2642,  6.8073505E-01,  0.0000000E+00, -3.8007170E-02,  1.0003895E+03,  2.3183881E+04,3,
  4.6038745E+02,  0.0000000E+00,  2.5611914E+02,3025,  6.5100002E-01,  0.0000000E+00, -6.2266695E-03,  1.0003714E+03,  2.2107236E+04,3,
  4.6166074E+02,  0.0000000E+00,  2.5501918E+02,3043,  7.0552945E-01,  0.0000000E+00, -1.5219861E-02,  1.0002991E+03,  1.7798184E+04,3,
  4.6208224E+02,  0.0000000E+00,  2.5506056E+02,2813,  7.2327381E-01,  0.0000000E+00, -2.5925100E-02,  1.0001865E+03,  1.1092875E+04,3,
  4.6340997E+02,  0.0000000E+00,  2.5499229E+02,3035,  6.9093704E-01,  0.0000000E+00, -2.7737719E-01,  1.0005804E+03,  3.4572184E+04,3,
  4.6443741E+02,  0.0000000E+00,  2.5511746E+02,3044,  6.3539785E-01,  0.0000000E+00,  4.8626401E-03,  1.0003763E+03,  2.2401848E+04,3,
  4.6543100E+02,  0.0000000E+00,  2.5506004E+02,2718,  6.7971301E-01,  0.0000000E+00,  1.1074881E-01,  1.0002132E+03,  1.2684294E+04,3,
  4.6621182E+02,  0.0000000E+00,  2.5498808E+02,2932,  6.4868623E-01,  0.0000000E+00,  1.2229524E-01,  1.0003370E+03,  2.0056113E+04,3,
  4.6689658E+02,  0.0000000E+00,  2.5620367E+02,3036,  7.0420843E-01,  0.0000000E+00,  2.0654559E-02,  1.0003776E+03,  2.2474592E+04,3,
  4.6726352E+02,  0.0000000E+00,  2.5510927E+02,2714,  6.9459534E-01,  0.0000000E+00,  1.0119338E-02,  9.9977539E+02, -1.3345816E+04,3,
  4.6836304E+02,  0.0000000E+00,  2.5496387E+02,2782,  7.2659624E-01,  0.0000000E+00,  6.4623557E-02,  1.0006193E+03,  3.6892203E+04,3,
  4.6894629E+02,  0.0000000E+00,  2.5505910E+02,2716,  6.3490433E-01,  0.0000000E+00, -1.3645081E-01,  1.0000825E+03,  4.9040259E+03,3,
  4.6987833E+02,  0.0000000E+00,  2.5507401E+02,2905,  6.8519098E-01,  0.0000000E+00,  6.9363005E-02,  1.0002820E+03,  1.6780285E+04,3,
  4.7089917E+02,  0.0000000E+00,  2.5513840E+02,2978,  6.7876869E-01,  0.0000000E+00, -3.1578071E-02,  1.0003753E+03,  2.2340014E+04,3,
  4.7181219E+02,  0.0000000E+00,  2.5514877E+02,3026,  6.8527448E-01,  0.0000000E+00, -6.5307930E-02,  1.0004813E+03,  2.8656209E+04,3,
  4.7278979E+02,  0.0000000E+00,  2.5507156E+02,3027,  7.0779610E-01,  0.0000000E+00,  5.8031171E-03,  1.0003463E+03,  2.0608855E+04,3,
  4.7374118E+02,  0.0000000E+00,  2.5506491E+02,2737,  6.8808246E-01,  0.0000000E+00, -6.3509913E-03,  9.9997473E+02, -1.5023024E+03,3,
  4.7429437E+02,  0.0000000E+00,  2.5497379E+02,3017,  6.5541786E-01,  0.0000000E+00, -4.0360194E-02,  1.0004015E+03,  2.3900498E+04,3,
  4.7527686E+02,  0.0000000E+00,  2.5557246E+02,2786,  7.0122629E-01,  0.0000000E+00, -3.6242623E-02,  1.0005918E+03,  3.5249559E+04,3,
  4.7631741E+02,  0.0000000E+00,  2.5502112E+02,2634,  6.8305176E-01,  0.0000000E+00,  6.6965856E-03,  1.0001876E+03,  1.1161903E+04,3,
  4.7719580E+02,  0.0000000E+00,  2.5508264E+02,2791,  7.0859706E-01,  0.0000000E+00, -8.0369182E-02,  1.0000446E+03,  2.6531724E+03,3,
  4.7824738E+02,  0.0000000E+00,  2.5497025E+02,2823,  6.6034424E-01,  0.0000000E+00, -2.4383338E-02,  1.0007995E+03,  4.7650766E+04,3,
  4.7797324E+02,  0.0000000E+00,  2.5510318E+02,2479,  7.0975113E-01,  0.0000000E+00, -2.5247889E-02,  1.0000966E+03,  5.7464116E+03,3,
  4.8002133E+02,  0.0000000E+00,  2.5512637E+02,2835,  6.8875718E-01,  0.0000000E+00,  1.3631348E-02,  9.9968042E+02, -1.8983367E+04,3,
  4.8019946E+02,  0.0000000E+00,  2.5622916E+02,3007,  6.7802781E-01,  0.0000000E+00,  5.3373873E-03,  1.0003542E+03,  2.1081621E+04,3,
  4.8060812E+02,  0.0000000E+00,  2.5500801E+02,2669,  7.1543562E-01,  0.0000000E+00,  2.9653316E-02,  1.0003920E+03,  2.3336658E+04,3,
  4.8139777E+02,  0.0000000E+00,  2.5505455E+02,2788,  6.7726296E-01,  0.0000000E+00, -4.3891151E-03,  1.0002024E+03,  1.2041155E+04,3,
  4.8201227E+02,  0.0000000E+00,  2.5506386E+02,2935,  6.9202518E-01,  0.0000000E+00,  2.7160536E-02,  1.0001603E+03,  9.5344033E+03,3,
  4.8336353E+02,  0.0000000E+00,  2.5515030E+02,3018,  7.0130306E-01,  0.0000000E+00,  1.3003637E-01,  1.0007450E+03,  4.4395000E+04,3,
  4.8479105E+02,  0.0000000E+00,  2.5502547E+02,2734,  6.8097991E-01,  0.0000000E+00, -5.2345566E-02,  1.0003192E+03,  1.8994350E+04,3,
  4.8515671E+02,  0.0000000E+00,  2.5504095E+02,2687,  7.0750231E-01,  0.0000000E+00, -9.2681199E-02,  1.0003245E+03,  1.9310686E+04,3,
  4.8603152E+02,  0.0000000E+00,  2.5510930E+02,2824,  6.5671700E-01,  0.0000000E+00, -7.1692288E-02,  9.9948779E+02, -3.0408020E+04,3,
  4.8655820E+02,  0.0000000E+00,  2.5606158E+02,2759,  6.5347171E-01,  0.0000000E+00, -3.3133749E-02,  1.0004148E+03,  2.4693564E+04,3,
  4.8688089E+02,  0.0000000E+00,  2.5499731E+02,2817,  7.1747100E-01,  0.0000000E+00,  1.3650702E-02,  1.0003676E+03,  2.1878100E+04,3,
  4.8810153E+02,  0.0000000E+00,  2.5503647E+02,2717,  7.1982735E-01,  0.0000000E+00,  1.3286467E-02,  1.0003696E+03,  2.2001760E+04,3,
  4.8924963E+02,  0.0000000E+00,  2.5501750E+02,2998,  6.7030668E-01,  0.0000000E+00, -1.1328337E-01,  1.0006576E+03,  3.9176332E+04,3,
  4.9035583E+02,  0.0000000E+00,  2.5508528E+02,2989,  6.8973601E-01,  0.0000000E+00, -2.0020077E-02,  1.0000999E+03,  5.9424946E+03,3,
  4.9081665E+02,  0.0000000E+00,  2.5502907E+02,2623,  6.6493183E-01,  0.0000000E+00, -7.7879950E-02,  1.0000771E+03,  4.5881494E+03,3,
  4.9195081E+02,  0.0000000E+00,  2.5529758E+02,2980,  7.1949160E-01,  0.0000000E+00, -8.2166471E-02,  1.0006874E+03,  4.0954453E+04,3,
  4.9251263E+02,  0.0000000E+00,  2.5506111E+02,2614,  7.0247597E-01,  0.0000000E+00, -6.9833197E-02,  1.0000705E+03,  4.1924102E+03,3,
  4.9338522E+02,  0.0000000E+00,  2.5507578E+02,2991,  6.6664129E-01,  0.0000000E+00, -5.2654803E-02,  1.0000652E+03,  3.8801870E+03,3,
  4.9454831E+02,  0.0000000E+00,  2.5490587E+02,3000,  6.8681449E-01,  0.0000000E+00,  4.6824057E-02,  1.0008839E+03,  5.2695105E+04,3,
  4.9597745E+02,  0.0000000E+00,  2.5496057E+02,2961,  7.1352416E-01,  0.0000000E+00,  7.8365197E-03,  1.0004890E+03,  2.9118438E+04,3,
  4.9657776E+02,  0.0000000E+00,  2.5637366E+02,2685,  7.2878426E-01,  0.0000000E+00, -2.7666204E-02,  1.0004169E+03,  2.4820898E+04,3,
  4.9685876E+02,  0.0000000E+00,  2.5508707E+02,2615,  7.1927947E-01,  0.0000000E+00, -6.9918253E-02,  9.9915796E+02, -4.9939730E+04,3,
  4.9763455E+02,  0.0000000E+00,  2.5492159E+02,2598,  6.8778324E-01,  0.0000000E+00, -4.3123771E-02,  1.0006807E+03,  4.0553621E+04,3,
  4.9865344E+02,  0.0000000E+00,  2.5507576E+02,2925,  7.0337135E-01,  0.0000000E+00, -8.4380217E-02,  1.0004451E+03,  2.6498209E+04,3,
  4.9984430E+02,  0.0000000E+00,  2.5503212E+02,2703,  6.9675952E-01,  0.0000000E+00,  1.6960095E-01,  1.0005916E+03,  3.5238633E+04,3,
  5.0100104E+02,  0.0000000E+00,  2.5505307E+02,2990,  7.3596483E-01,  0.0000000E+00, -6.4483494E-03,  1.0002119E+03,  1.2604354E+04,3,
  5.0185007E+02,  0.0000000E+00,  2.5501457E+02,2741,  6.9577694E-01,  0.0000000E+00, -2.0456793E-02,  1.0002433E+03,  1.4479489E+04,3,
  5.0248010E+02,  0.0000000E+00,  2.5538245E+02,2973,  7.3688662E-01,  0.0000000E+00,  1.2605409E-02,  1.0006362E+03,  3.7901234E+04,3,
  5.0379504E+02,  0.0000000E+00,  2.5506194E+02,2710,  6.4977652E-01,  0.0000000E+00, -9.8367348E-02,  1.0004856E+03,  2.8914617E+04,3,
  5.0446442E+02,  0.0000000E+00,  2.5509526E+02,2626,  7.4002999E-01,  0.0000000E+00, -1.1600584E-02,  9.9923895E+02, -4.5147129E+04,3,
  5.0491574E+02,  0.0000000E+00,  2.5491618E+02,2815,  7.1174943E-01,  0.0000000E+00, -3.1913873E-02,  1.0007303E+03,  4.3516527E+04,3,
  5.0595514E+02,  0.0000000E+00,  2.5566432E+02,2972,  7.1968979E-01,  0.0000000E+00,  1.0948715E-02,  1.0005698E+03,  3.3934906E+04,3,
  5.0720901E+02,  0.0000000E+00,  2.5474368E+02,2507,  6.5150851E-01,  0.0000000E+00,  2.1728765E-02,  1.0009540E+03,  5.6884250E+04,3,
  5.0829276E+02,  0.0000000E+00,  2.5619272E+02,2841,  7.1677274E-01,  0.0000000E+00,  1.8442251E-02,  1.0004837E+03,  2.8801789E+04,3,
  5.0849533E+02,  0.0000000E+00,  2.5521887E+02,2806,  7.0795095E-01,  0.0000000E+00,  4.3953434E-02,  9.9852887E+02, -8.7085289E+04,3,
  5.0860046E+02,  0.0000000E+00,  2.5503410E+02,2720,  6.9606405E-01,  0.0000000E+00,  2.9402314E-02,  1.0004401E+03,  2.6199838E+04,3,
  5.1061383E+02,  0.0000000E+00,  2.5607800E+02,2982,  7.5503564E-01,  0.0000000E+00,  3.9777886E-02,  1.0004930E+03,  2.9355020E+04,3,
  5.1010657E+02,  0.0000000E+00,  2.5476343E+02,2617,  6.6852337E-01,  0.0000000E+00, -1.3128969E-02,  1.0008687E+03,  5.1783070E+04,3,
  5.1202631E+02,  0.0000000E+00,  2.5485501E+02,2580,  6.6671193E-01,  0.0000000E+00, -2.8967587E-02,  1.0008407E+03,  5.0112438E+04,3,
  5.1315430E+02,  0.0000000E+00,  2.5599702E+02,2869,  6.5948033E-01,  0.0000000E+00,  2.1794744E-02,  1.0005458E+03,  3.2503922E+04,3,
  5.1307159E+02,  0.0000000E+00,  2.5519875E+02,2470,  6.3845903E-01,  0.0000000E+00,  4.0280964E-02,  9.9840625E+02, -9.4309227E+04,3,
  5.1353320E+02,  0.0000000E+00,  2.5484807E+02,2480,  6.7123371E-01,  0.0000000E+00,  4.2196818E-02,  1.0008262E+03,  4.9244398E+04,3,
  5.1552521E+02,  0.0000000E+00,  2.5577156E+02,2962,  7.4247456E-01,  0.0000000E+00, -1.0860363E-02,  1.0005868E+03,  3.4950926E+04,3,
  5.1518817E+02,  0.0000000E+00,  2.5480980E+02,2389,  6.7499155E-01,  0.0000000E+00,  3.7641987E-02,  1.0006750E+03,  4.0214746E+04,3,
  5.1698846E+02,  0.0000000E+00,  2.5501624E+02,2887,  6.8658704E-01,  0.0000000E+00, -6.8314150E-02,  1.0002222E+03,  1.3218458E+04,3,
  5.1801385E+02,  0.0000000E+00,  2.5510510E+02,2658,  6.5045583E-01,  0.0000000E+00,  6.8997517E-03,  1.0000678E+03,  4.0326670E+03,3,
  5.1807642E+02,  0.0000000E+00,  2.5511462E+02,2534,  6.6737491E-01,  0.0000000E+00, -1.6697137E-02,  1.0000580E+03,  3.4481733E+03,3,
  5.1945221E+02,  0.0000000E+00,  2.5626205E+02,2954,  5.8753437E-01,  0.0000000E+00, -1.6700324E-02,  1.0004152E+03,  2.4719031E+04,3,
  5.1967346E+02,  0.0000000E+00,  2.5466925E+02,2745,  7.8440875E-01,  0.0000000E+00, -1.3118848E-03,  1.0010879E+03,  6.4895230E+04,3,
  5.2090656E+02,  0.0000000E+00,  2.5522202E+02,2781,  7.1509904E-01,  0.0000000E+00, -8.9348964E-03,  9.9896588E+02, -6.1296145E+04,3,
  5.2144916E+02,  0.0000000E+00,  2.5498318E+02,2733,  7.0411223E-01,  0.0000000E+00, -7.1349619E-03,  1.0004927E+03,  2.9336820E+04,3,
  5.2170514E+02,  0.0000000E+00,  2.5634219E+02,2842,  5.7654762E-01,  0.0000000E+00,  1.4532572E-02,  1.0004402E+03,  2.6210754E+04,3,
  5.2279486E+02,  0.0000000E+00,  2.5489267E+02,2699,  7.1793175E-01,  0.0000000E+00,  6.6506779E-03,  1.0005969E+03,  3.5551844E+04,3,
  5.2388770E+02,  0.0000000E+00,  2.5499692E+02,2660,  6.8000340E-01,  0.0000000E+00,  2.3824997E-02,  1.0002664E+03,  1.5853360E+04,3,
  5.2499036E+02,  0.0000000E+00,  2.5503487E+02,2736,  7.5320625E-01,  0.0000000E+00,  3.7833609E-02,  1.0000137E+03,  8.1656427E+02,3,
  5.2490405E+02,  0.0000000E+00,  2.5626956E+02,2955,  5.5918407E-01,  0.0000000E+00,  1.8038876E-02,  1.0004377E+03,  2.6061572E+04,3,
  5.2612787E+02,  0.0000000E+00,  2.5497792E+02,2706,  6.7883670E-01,  0.0000000E+00,  3.0496664E-02,  1.0002036E+03,  1.2113824E+04,3,
  5.2643903E+02,  0.0000000E+00,  2.5497658E+02,2689,  7.0949394E-01,  0.0000000E+00,  3.2393102E-02,  1.0001770E+03,  1.0529763E+04,3,
  5.2803668E+02,  0.0000000E+00,  2.5485339E+02,2571,  7.7504075E-01,  0.0000000E+00, -1.0452869E-02,  1.0003547E+03,  2.1110715E+04,3,
  5.2805402E+02,  0.0000000E+00,  2.5602786E+02,2964,  5.8912426E-01,  0.0000000E+00,  3.4485698E-02,  1.0005890E+03,  3.5082031E+04,3,
  5.2957117E+02,  0.0000000E+00,  2.5496205E+02,2646,  6.4499158E-01,  0.0000000E+00, -1.8929215E-02,  1.0000865E+03,  5.1472935E+03,3,
  5.3073633E+02,  0.0000000E+00,  2.5498921E+02,2711,  7.5331235E-01,  0.0000000E+00, -1.9148776E-02,  1.0001694E+03,  1.0075662E+04,3,
  5.3039368E+02,  0.0000000E+00,  2.5618735E+02,2934,  5.6273770E-01,  0.0000000E+00, -4.3143056E-02,  1.0004708E+03,  2.8030230E+04,3,
  5.3161304E+02,  0.0000000E+00,  2.5489769E+02,2680,  6.8680358E-01,  0.0000000E+00,  7.1052774E-03,  1.0005591E+03,  3.3301316E+04,3,
  5.3331085E+02,  0.0000000E+00,  2.5514465E+02,2799,  6.9585603E-01,  0.0000000E+00, -2.3000881E-02,  9.9941589E+02, -3.4668969E+04,3,
  5.3331866E+02,  0.0000000E+00,  2.5496201E+02,2688,  7.0879042E-01,  0.0000000E+00, -1.9210367E-02,  1.0004566E+03,  2.7185953E+04,3,
  5.3334814E+02,  0.0000000E+00,  2.5630042E+02,2732,  6.5058929E-01,  0.0000000E+00, -3.4413565E-02,  1.0004162E+03,  2.4777240E+04,3,
  5.3478009E+02,  0.0000000E+00,  2.5494279E+02,2678,  6.8991423E-01,  0.0000000E+00, -3.4243505E-02,  1.0002934E+03,  1.7460084E+04,3,
  5.3496564E+02,  0.0000000E+00,  2.5494460E+02,2635,  6.7205638E-01,  0.0000000E+00, -5.1327001E-02,  1.0002299E+03,  1.3679970E+04,3,
  5.3638538E+02,  0.0000000E+00,  2.5585985E+02,2578,  6.7667180E-01,  0.0000000E+00, -2.7871279E-02,  1.0008444E+03,  5.0334926E+04,3,
  5.3768030E+02,  0.0000000E+00,  2.5490948E+02,2836,  7.0837945E-01,  0.0000000E+00, -2.1404322E-02,  1.0000610E+03,  3.6260591E+03,3,
  5.3837299E+02,  0.0000000E+00,  2.5493884E+02,2870,  6.8970054E-01,  0.0000000E+00, -4.5761960E-03,  1.0000837E+03,  4.9766421E+03,3,
  5.3855133E+02,  0.0000000E+00,  2.5621820E+02,2945,  6.7109489E-01,  0.0000000E+00, -1.3027482E-02,  1.0004938E+03,  2.9402338E+04,3,
  5.3941510E+02,  0.0000000E+00,  2.5497377E+02,2681,  6.6753381E-01,  0.0000000E+00,  2.5910489E-02,  1.0002249E+03,  1.3378350E+04,3,
  5.4047498E+02,  0.0000000E+00,  2.5500844E+02,2707,  7.0550966E-01,  0.0000000E+00,  2.9795419E-02,  1.0003290E+03,  1.9579760E+04,3,
  5.4155566E+02,  0.0000000E+00,  2.5647647E+02,2936,  7.0554662E-01,  0.0000000E+00, -1.5889099E-02,  1.0003926E+03,  2.3369396E+04,3,
  5.4189203E+02,  0.0000000E+00,  2.5480038E+02,2735,  6.9138104E-01,  0.0000000E+00, -4.8041069E-03,  1.0007816E+03,  4.6578762E+04,3,
  5.4242444E+02,  0.0000000E+00,  2.5521581E+02,2645,  7.0939940E-01,  0.0000000E+00, -2.3232687E-02,  9.9912830E+02, -5.1694391E+04,3,
  5.4382098E+02,  0.0000000E+00,  2.5634698E+02,2705,  7.0219278E-01,  0.0000000E+00, -2.5809901E-02,  1.0004440E+03,  2.6432713E+04,3,
  5.4469000E+02,  0.0000000E+00,  2.5487646E+02,2609,  7.0117605E-01,  0.0000000E+00, -4.8860587E-02,  1.0005187E+03,  3.0891123E+04,3,
  5.4319629E+02,  0.0000000E+00,  2.5496596E+02,2827,  6.9328618E-01,  0.0000000E+00, -3.2789018E-02,  1.0004205E+03,  2.5031910E+04,3,
  5.4590881E+02,  0.0000000E+00,  2.5503395E+02,2656,  6.6466039E-01,  0.0000000E+00, -3.6418967E-02,  1.0000174E+03,  1.0343260E+03,3,
  5.4656384E+02,  0.0000000E+00,  2.5624918E+02,2560,  7.6336610E-01,  0.0000000E+00, -2.6236426E-02,  1.0004373E+03,  2.6036102E+04,3,
  5.4665210E+02,  0.0000000E+00,  2.5499451E+02,2789,  6.6444546E-01,  0.0000000E+00, -2.0839529E-02,  1.0001738E+03,  1.0340854E+04,3,
  5.4770801E+02,  0.0000000E+00,  2.5499146E+02,2608,  6.7671609E-01,  0.0000000E+00, -1.8330845E-03,  1.0002742E+03,  1.6314994E+04,3,
  5.4894617E+02,  0.0000000E+00,  2.5490907E+02,2673,  6.6268152E-01,  0.0000000E+00,  1.7305417E-02,  1.0005482E+03,  3.2645918E+04,3,
  5.4959991E+02,  0.0000000E+00,  2.5632758E+02,2796,  8.5452962E-01,  0.0000000E+00, -1.6873157E-02,  1.0003843E+03,  2.2874697E+04,3,
  5.4966187E+02,  0.0000000E+00,  2.5511070E+02,2516,  6.5282625E-01,  0.0000000E+00,  2.9300876E-02,  9.9973041E+02, -1.6016444E+04,3,
  5.5055347E+02,  0.0000000E+00,  2.5499512E+02,2770,  6.7675954E-01,  0.0000000E+00,  2.5105380E-02,  1.0003112E+03,  1.8518049E+04,3,
  5.5268115E+02,  0.0000000E+00,  2.5593138E+02,2805,  1.0259066E+00,  0.0000000E+00, -9.8175019E-02,  1.0005785E+03,  3.4455648E+04,3,
  5.5194525E+02,  0.0000000E+00,  2.5493526E+02,2570,  5.8018702E-01,  0.0000000E+00,  1.6323034E-02,  1.0003062E+03,  1.8223553E+04,3,
  5.5235107E+02,  0.0000000E+00,  2.5495387E+02,2624,  6.3443744E-01,  0.0000000E+00,  2.8311655E-02,  1.0001510E+03,  8.9822754E+03,3,
  5.5498993E+02,  0.0000000E+00,  2.5576727E+02,2926,  1.0302992E+00,  0.0000000E+00, -1.1108198E-01,  1.0008168E+03,  4.8686418E+04,3,
  5.5457233E+02,  0.0000000E+00,  2.5485165E+02,2629,  6.1931610E-01,  0.0000000E+00,  3.7625361E-02,  1.0001144E+03,  6.8031270E+03,3,
  5.5500140E+02,  0.0000000E+00,  2.5488388E+02,2666,  4.9509880E-01,  0.0000000E+00,  2.8222010E-02,  9.9990167E+02, -5.8446348E+03,3,
  5.5697388E+02,  0.0000000E+00,  2.5568568E+02,2928,  8.2321715E-01,  0.0000000E+00, -9.3147442E-02,  1.0010817E+03,  6.4526305E+04,3,
  5.5770581E+02,  0.0000000E+00,  2.5490265E+02,2899,  9.7421527E-01,  0.0000000E+00,  4.0894195E-02,  9.9973376E+02, -1.5817169E+04,3,
  5.5825311E+02,  0.0000000E+00,  2.5482039E+02,2533,  6.9933641E-01,  0.0000000E+00, -3.3627921E-03,  1.0001229E+03,  7.3079204E+03,3,
  5.5924390E+02,  0.0000000E+00,  2.5589430E+02,2900,  8.2907230E-01,  0.0000000E+00, -5.5162958E-04,  1.0007739E+03,  4.6123012E+04,3,
  5.6020337E+02,  0.0000000E+00,  2.5484444E+02,2649,  7.5773299E-01,  0.0000000E+00, -9.5582139E-03,  1.0002622E+03,  1.5602560E+04,3,
  5.6146399E+02,  0.0000000E+00,  2.5605869E+02,2927,  9.0496558E-01,  0.0000000E+00, -8.4000444E-03,  1.0005480E+03,  3.2638637E+04,3,
  5.6186438E+02,  0.0000000E+00,  2.5487210E+02,2628,  8.4261054E-01,  0.0000000E+00, -1.5350797E-02,  1.0002784E+03,  1.6569447E+04,3,
  5.6247913E+02,  0.0000000E+00,  2.5498825E+02,2535,  8.0922383E-01,  0.0000000E+00,  5.8027105E-03,  9.9997144E+02, -1.6982382E+03,3,
  5.6447992E+02,  0.0000000E+00,  2.5611447E+02,2901,  1.2485449E+00,  0.0000000E+00, -1.5313767E-02,  1.0004620E+03,  2.7509826E+04,3,
  5.6364813E+02,  0.0000000E+00,  2.5496811E+02,2648,  4.9677300E-01,  0.0000000E+00,  9.4458401E-02,  1.0004008E+03,  2.3856844E+04,3,
  5.6512903E+02,  0.0000000E+00,  2.5506035E+02,2790,  8.0918765E-01,  0.0000000E+00,  2.9351838E-02,  1.0005010E+03,  2.9835482E+04,3,
  5.6660425E+02,  0.0000000E+00,  2.5522775E+02,2771,  7.5001097E-01,  0.0000000E+00,  7.5562641E-02,  9.9995288E+02, -2.8012112E+03,3,
  5.6742859E+02,  0.0000000E+00,  2.5614008E+02,2769,  1.1318519E+00,  0.0000000E+00, -1.5039140E-01,  1.0002500E+03,  1.4875639E+04,3,
  5.6728772E+02,  0.0000000E+00,  2.5513680E+02,2808,  7.1832627E-01,  0.0000000E+00, -1.5234570E-01,  9.9997510E+02, -1.4805315E+03,3,
  5.6829108E+02,  0.0000000E+00,  2.5445410E+02,2683,  4.4356009E-01,  0.0000000E+00, -3.0201599E-01,  1.0004881E+03,  2.9063842E+04,3,
  5.6867480E+02,  0.0000000E+00,  2.5443465E+02,2597,  1.0018346E+00,  0.0000000E+00, -4.2529985E-01,  1.0005201E+03,  3.0971211E+04,3,
  5.7209723E+02,  0.0000000E+00,  2.5593687E+02,2524,  9.7961456E-01,  0.0000000E+00,  1.1743001E-01,  1.0001248E+03,  7.4205039E+03,3,
  5.7007709E+02,  0.0000000E+00,  2.5522578E+02,2371,  9.8546183E-01,  0.0000000E+00, -2.8282067E-02,  1.0001276E+03,  7.5875654E+03,3,
  5.7273541E+02,  0.0000000E+00,  2.5543448E+02,2674,  8.4400463E-01,  0.0000000E+00,  1.2371177E-01,  1.0001596E+03,  9.4944453E+03,3,
  5.7153143E+02,  0.0000000E+00,  2.5322768E+02,2747,  4.3921182E-01,  0.0000000E+00, -3.4678705E-02,  1.0003002E+03,  1.7863625E+04,3,
  5.7181610E+02,  0.0000000E+00,  2.5321825E+02,2700,  4.8228100E-01,  0.0000000E+00, -2.6252441E-02,  1.0003035E+03,  1.8059947E+04,3,
  5.7302588E+02,  0.0000000E+00,  2.5295361E+02,2652,  6.5265477E-01,  0.0000000E+00, -5.4306805E-02,  1.0005829E+03,  3.4717852E+04,3,
  5.6997272E+02,  0.0000000E+00,  2.5230814E+02,2586,  1.8850982E-01,  0.0000000E+00, -7.7875242E-02,  1.0019094E+03,  1.1418282E+05,3,
  5.7405566E+02,  0.0000000E+00,  2.5602646E+02,2882,  4.2995834E-01,  0.0000000E+00,  5.0573416E-02,  1.0001708E+03,  1.0162848E+04,3,
  5.7428796E+02,  0.0000000E+00,  2.5281451E+02,2601,  3.4819227E-01,  0.0000000E+00, -8.0245659E-02,  1.0007585E+03,  4.5204285E+04,3,
  5.7504901E+02,  0.0000000E+00,  2.5592899E+02,2871,  7.7601063E-01,  0.0000000E+00, -3.5077941E-02,  1.0001957E+03,  1.1641486E+04,3,
  5.7639105E+02,  0.0000000E+00,  2.5545976E+02,2554,  9.9567288E-01,  0.0000000E+00,  4.0392769E-03,  1.0002523E+03,  1.5010115E+04,3,
  5.7781042E+02,  0.0000000E+00,  2.5584084E+02,2873,  7.3545194E-01,  0.0000000E+00,  9.9051103E-02,  1.0001808E+03,  1.0758637E+04,3,
  5.7536554E+02,  0.0000000E+00,  2.5276472E+02,2826,  3.1612924E-01,  0.0000000E+00,  3.8909018E-03,  1.0008214E+03,  4.8959934E+04,3,
  5.7889484E+02,  0.0000000E+00,  2.5555176E+02,2582,  6.0578239E-01,  0.0000000E+00,  1.0163861E-01,  1.0001698E+03,  1.0101092E+04,3,
  5.7653625E+02,  0.0000000E+00,  2.5299974E+02,2671,  4.1967174E-01,  0.0000000E+00,  6.1723121E-02,  1.0004076E+03,  2.4264281E+04,3,
  5.7729700E+02,  0.0000000E+00,  2.5307280E+02,2691,  3.2967818E-01,  0.0000000E+00,  5.2644774E-02,  1.0002242E+03,  1.3342011E+04,3,
  5.7860992E+02,  0.0000000E+00,  2.5277379E+02,2753,  6.0110629E-01,  0.0000000E+00, -6.1255269E-02,  1.0006686E+03,  3.9832160E+04,3,
  5.7962231E+02,  0.0000000E+00,  2.5284976E+02,2619,  4.6817115E-01,  0.0000000E+00, -1.3672940E-01,  1.0006146E+03,  3.6611734E+04,3,
  5.7985095E+02,  0.0000000E+00,  2.5278291E+02,2843,  3.7135425E-01,  0.0000000E+00, -1.8624219E-01,  1.0006895E+03,  4.1078352E+04,3,
  5.8035938E+02,  0.0000000E+00,  2.5561432E+02,2890,  6.3345534E-01,  0.0000000E+00, -8.4442005E-02,  1.0001467E+03,  8.7280166E+03,3,
  5.8159753E+02,  0.0000000E+00,  2.5491762E+02,2807,  4.8806757E-01,  0.0000000E+00, -8.3117348E-01,  9.9997137E+02, -1.7018666E+03,3,
  5.8158911E+02,  0.0000000E+00,  2.5470766E+02,2607, -9.4467647E-02,  0.0000000E+00, -2.9633534E-01,  1.0006315E+03,  3.7617094E+04,3,
  5.8293665E+02,  0.0000000E+00,  2.5456310E+02,2854,  1.1389208E+00,  0.0000000E+00,  1.3838618E+00,  1.0007209E+03,  4.2958867E+04,3,
  5.8446472E+02,  0.0000000E+00,  2.5526567E+02,2892,  1.1167592E+00,  0.0000000E+00, -5.8324891E-01,  9.9984833E+02, -9.0140244E+03,3,
  5.8553009E+02,  0.0000000E+00,  2.5526059E+02,2506,  9.7505271E-01,  0.0000000E+00, -3.2932836E-01,  1.0007471E+03,  4.4522586E+04,3,
  5.8472632E+02,  0.0000000E+00,  2.5553107E+02,2444,  6.1278862E-01,  0.0000000E+00, -4.4232792E-01,  1.0003177E+03,  1.8910723E+04,3,
  5.8726434E+02,  0.0000000E+00,  2.5501443E+02,2692,  8.9667624E-01,  0.0000000E+00,  1.9301470E-01,  1.0000925E+03,  5.4994980E+03,3,
  5.8756512E+02,  0.0000000E+00,  2.5510268E+02,2690,  9.2191726E-01,  0.0000000E+00, -3.0419186E-01,  1.0006200E+03,  3.6932273E+04,3,
  5.8785950E+02,  0.0000000E+00,  2.5505542E+02,2679,  9.6502513E-01,  0.0000000E+00, -5.2366599E-02,  9.9973938E+02, -1.5483826E+04,3,
  5.8909851E+02,  0.0000000E+00,  2.5570840E+02,2672,  1.0167170E+00,  0.0000000E+00, -1.3687304E-01,  1.0005069E+03,  3.0184922E+04,3,
  5.9045361E+02,  0.0000000E+00,  2.5463960E+02,2698,  1.1711290E+00,  0.0000000E+00, -9.0692757E-04,  1.0010941E+03,  6.5264168E+04,3,
  5.9221301E+02,  0.0000000E+00,  2.5600897E+02,2760,  1.0007398E+00,  0.0000000E+00, -6.6261522E-02,  1.0003840E+03,  2.2860148E+04,3,
  5.9059973E+02,  0.0000000E+00,  2.5522816E+02,2588,  7.8099817E-01,  0.0000000E+00, -4.9047697E-02,  9.9926733E+02, -4.3467180E+04,3,
  5.9107733E+02,  0.0000000E+00,  2.5528470E+02,2654,  9.7381365E-01,  0.0000000E+00,  6.2164526E-02,  1.0002656E+03,  1.5806107E+04,3,
  5.9349646E+02,  0.0000000E+00,  2.5504726E+02,2834,  8.6780840E-01,  0.0000000E+00, -6.2382803E-03,  1.0004102E+03,  2.4420713E+04,3,
  5.9350916E+02,  0.0000000E+00,  2.5500493E+02,2863,  1.1526446E+00,  0.0000000E+00,  4.6248925E-03,  1.0001454E+03,  8.6517402E+03,3,
  5.9512921E+02,  0.0000000E+00,  2.5505516E+02,2874,  9.8737794E-01,  0.0000000E+00, -6.6220395E-02,  1.0007819E+03,  4.6596992E+04,3,
  5.9590814E+02,  0.0000000E+00,  2.5509618E+02,2600,  1.0319085E+00,  0.0000000E+00, -1.1644315E-01,  1.0001264E+03,  7.5185610E+03,3,
  5.9696448E+02,  0.0000000E+00,  2.5504836E+02,2751,  9.6121418E-01,  0.0000000E+00, -1.6575117E-01,  9.9978052E+02, -1.3041384E+04,3,
  5.9760272E+02,  0.0000000E+00,  2.5511612E+02,2855,  1.0175767E+00,  0.0000000E+00, -1.2918194E-01,  1.0008124E+03,  4.8420199E+04,3,
  5.9881268E+02,  0.0000000E+00,  2.5509102E+02,2829,  1.0574955E+00,  0.0000000E+00,  4.2001966E-02,  1.0003879E+03,  2.3089307E+04,3,
  5.9935895E+02,  0.0000000E+00,  2.5510106E+02,2847,  1.0186256E+00,  0.0000000E+00,  2.3389335E-01,  1.0001071E+03,  6.3709858E+03,3,
  6.0056702E+02,  0.0000000E+00,  2.5506311E+02,2865,  9.2461616E-01,  0.0000000E+00,  2.5390670E-01,  1.0003339E+03,  1.9874295E+04,3,
  6.0147870E+02,  0.0000000E+00,  2.5503226E+02,2633,  1.0605010E+00,  0.0000000E+00,  3.8977000E-06,  1.0007018E+03,  4.1818125E+04,3,
  6.0298236E+02,  0.0000000E+00,  2.5489160E+02,2663,  9.7745907E-01,  0.0000000E+00,  5.2934159E-02,  1.0006128E+03,  3.6502461E+04,3,
  6.0338446E+02,  0.0000000E+00,  2.5515675E+02,2682,  1.0817767E+00,  0.0000000E+00, -6.9209412E-02,  9.9900317E+02, -5.9092285E+04,3,
  6.0348773E+02,  0.0000000E+00,  2.5611725E+02,2838,  8.9031363E-01,  0.0000000E+00,  2.2103254E-02,  1.0004976E+03,  2.9628006E+04,3,
  6.0422363E+02,  0.0000000E+00,  2.5500574E+02,2453,  1.0724423E+00,  0.0000000E+00, -9.5113486E-02,  1.0003623E+03,  2.1565320E+04,3,
  6.0563544E+02,  0.0000000E+00,  2.5541660E+02,2752,  1.0594469E+00,  0.0000000E+00,  1.1364290E-01,  1.0006105E+03,  3.6367691E+04,3,
  6.0659271E+02,  0.0000000E+00,  2.5515474E+02,2630,  8.8690978E-01,  0.0000000E+00,  4.8361175E-02,  1.0003810E+03,  2.2678281E+04,3,
  6.0798767E+02,  0.0000000E+00,  2.5471333E+02,2611,  7.5926071E-01,  0.0000000E+00, -5.9201908E-01,  1.0001646E+03,  9.7923145E+03,3,
  6.0842926E+02,  0.0000000E+00,  2.5460152E+02,2517,  6.8341124E-01,  0.0000000E+00, -7.1482676E-01,  1.0001505E+03,  8.9532178E+03,3,
  6.0879785E+02,  0.0000000E+00,  2.5456657E+02,2726,  8.8328457E-01,  0.0000000E+00, -6.1327344E-01,  1.0006030E+03,  3.5919695E+04,3,
  6.1019196E+02,  0.0000000E+00,  2.5306705E+02,2461,  7.1501195E-01,  0.0000000E+00, -2.9024816E-01,  1.0004532E+03,  2.6982172E+04,3,
  6.1051251E+02,  0.0000000E+00,  2.5553377E+02,2622,  1.8197242E+00,  0.0000000E+00, -3.6912349E-01,  1.0000953E+03,  5.6701582E+03,3,
  6.1250439E+02,  0.0000000E+00,  2.5540048E+02,2798,  1.2478490E+00,  0.0000000E+00,  2.3504381E-01,  1.0001262E+03,  7.5076660E+03,3,
  6.1385822E+02,  0.0000000E+00,  2.5558293E+02,2837,  7.4367571E-01,  0.0000000E+00,  2.5770614E-01,  1.0001430E+03,  8.5064541E+03,3,
  6.1126312E+02,  0.0000000E+00,  2.5281201E+02,2518,  9.6804214E-01,  0.0000000E+00, -1.9156288E-02,  1.0006973E+03,  4.1544805E+04,3,
  6.1365466E+02,  0.0000000E+00,  2.5303165E+02,2755,  6.5757573E-01,  0.0000000E+00,  2.7550464E-03,  1.0003444E+03,  2.0496123E+04,3,
  6.1279535E+02,  0.0000000E+00,  2.5310828E+02,2719,  9.9985218E-01,  0.0000000E+00, -4.9647834E-02,  1.0004422E+03,  2.6327191E+04,3,
  6.1025336E+02,  0.0000000E+00,  2.5261966E+02,2780, -5.1769284E-03,  0.0000000E+00, -4.6607023E-03,  1.0008704E+03,  5.1888863E+04,3,
  6.1458649E+02,  0.0000000E+00,  2.5287350E+02,2462,  5.5706322E-01,  0.0000000E+00,  8.3556911E-03,  1.0006198E+03,  3.6921344E+04,3,
  6.1458459E+02,  0.0000000E+00,  2.5563217E+02,2697,  7.5052172E-01,  0.0000000E+00,  2.2902469E-01,  1.0001477E+03,  8.7861328E+03,3,
  6.1570630E+02,  0.0000000E+00,  2.5271014E+02,2573,  8.3006865E-01,  0.0000000E+00,  2.3147898E-02,  1.0008856E+03,  5.2793613E+04,3,
  6.1702972E+02,  0.0000000E+00,  2.5284756E+02,2589,  6.7423254E-01,  0.0000000E+00, -3.1621169E-02,  1.0007040E+03,  4.1945676E+04,3,
  6.1600970E+02,  0.0000000E+00,  2.5538258E+02,2715,  8.9976531E-01,  0.0000000E+00,  1.5456145E-01,  1.0001399E+03,  8.3212168E+03,3,
  6.1812476E+02,  0.0000000E+00,  2.5316803E+02,2525,  5.8618200E-01,  0.0000000E+00, -3.9504558E-02,  1.0002652E+03,  1.5780664E+04,3,
  6.1779456E+02,  0.0000000E+00,  2.5518167E+02,2353,  6.8505180E-01,  0.0000000E+00,  1.5395743E-01,  1.0001353E+03,  8.0488149E+03,3,
  6.1863745E+02,  0.0000000E+00,  2.5308958E+02,2627,  6.7322344E-01,  0.0000000E+00, -2.9545402E-02,  1.0003849E+03,  2.2911072E+04,3,
  6.1905566E+02,  0.0000000E+00,  2.5561748E+02,2595,  5.7788849E-01,  0.0000000E+00,  1.1077947E-01,  1.0001315E+03,  7.8200034E+03,3,
  6.2009369E+02,  0.0000000E+00,  2.5256541E+02,2764,  5.6920505E-01,  0.0000000E+00, -1.7417286E-02,  1.0011805E+03,  7.0438031E+04,3,
  6.2024518E+02,  0.0000000E+00,  2.5539607E+02,2820,  5.5880225E-01,  0.0000000E+00,  7.9386860E-02,  1.0001014E+03,  6.0332754E+03,3,
  6.2138422E+02,  0.0000000E+00,  2.5289732E+02,2490,  6.2950706E-01,  0.0000000E+00, -1.2228778E-02,  1.0007296E+03,  4.3476434E+04,3,
  6.2179620E+02,  0.0000000E+00,  2.5484741E+02,2602,  5.6335533E-01,  0.0000000E+00,  6.5658964E-02,  1.0000772E+03,  4.5917798E+03,3,
  6.2260419E+02,  0.0000000E+00,  2.5291225E+02,2618,  6.1888194E-01,  0.0000000E+00, -4.6318777E-02,  1.0006366E+03,  3.7923094E+04,3,
  6.2337695E+02,  0.0000000E+00,  2.5518445E+02,2810,  5.1000243E-01,  0.0000000E+00,  1.4095176E-02,  1.0000931E+03,  5.5394395E+03,3,
  6.2370331E+02,  0.0000000E+00,  2.5300270E+02,2644,  5.3951967E-01,  0.0000000E+00, -4.7945272E-02,  1.0004863E+03,  2.8958293E+04,3,
  6.2469208E+02,  0.0000000E+00,  2.5284862E+02,2637,  5.8798015E-01,  0.0000000E+00, -5.1588256E-02,  1.0006320E+03,  3.7649879E+04,3,
  6.2476312E+02,  0.0000000E+00,  2.5519966E+02,2802,  4.4673222E-01,  0.0000000E+00, -3.1340022E-02,  1.0001017E+03,  6.0514312E+03,3,
  6.2613226E+02,  0.0000000E+00,  2.5464973E+02,2544,  5.3423476E-01,  0.0000000E+00, -7.1827069E-02,  1.0001757E+03,  1.0453472E+04,3,
  6.2591211E+02,  0.0000000E+00,  2.5286092E+02,2590,  5.6556219E-01,  0.0000000E+00, -5.9189640E-02,  1.0006061E+03,  3.6105449E+04,3,
  6.2700916E+02,  0.0000000E+00,  2.5291029E+02,2665,  6.3496137E-01,  0.0000000E+00, -7.1877189E-02,  1.0005842E+03,  3.4794328E+04,3,
  6.2765265E+02,  0.0000000E+00,  2.5523384E+02,2801,  4.7079620E-01,  0.0000000E+00, -7.6521792E-02,  1.0001007E+03,  5.9897007E+03,3,
  6.2848993E+02,  0.0000000E+00,  2.5264761E+02,2670,  4.9726665E-01,  0.0000000E+00, -8.2653321E-02,  1.0009760E+03,  5.8198281E+04,3,
  6.2883929E+02,  0.0000000E+00,  2.5495802E+02,2655,  5.3471678E-01,  0.0000000E+00, -7.3702969E-02,  1.0001012E+03,  6.0187505E+03,3,
  6.2937592E+02,  0.0000000E+00,  2.5316435E+02,2636,  5.9816062E-01,  0.0000000E+00, -5.2085306E-02,  1.0003535E+03,  2.1041617E+04,3,
  6.3023230E+02,  0.0000000E+00,  2.5540323E+02,2792,  5.3340632E-01,  0.0000000E+00, -1.1941007E-01,  1.0001051E+03,  6.2511519E+03,3,
  6.3076917E+02,  0.0000000E+00,  2.5267146E+02,2754,  5.7569951E-01,  0.0000000E+00, -3.7086405E-02,  1.0010217E+03,  6.0932754E+04,3,
  6.3157379E+02,  0.0000000E+00,  2.5536661E+02,2661,  5.7054353E-01,  0.0000000E+00, -1.3912244E-01,  1.0001110E+03,  6.6033955E+03,3,
  6.3205701E+02,  0.0000000E+00,  2.5277260E+02,2471,  5.8039105E-01,  0.0000000E+00, -1.3517805E-02,  1.0008483E+03,  5.0564719E+04,3,
  6.3291119E+02,  0.0000000E+00,  2.5545047E+02,2757,  6.4712030E-01,  0.0000000E+00, -1.3589856E-01,  1.0001218E+03,  7.2461816E+03,3,
  6.3333313E+02,  0.0000000E+00,  2.5315216E+02,2621,  6.1292559E-01,  0.0000000E+00, -3.5522014E-03,  1.0003242E+03,  1.9292504E+04,3,
  6.3430469E+02,  0.0000000E+00,  2.5550262E+02,2793,  7.1280342E-01,  0.0000000E+00, -1.1200025E-01,  1.0001343E+03,  7.9907036E+03,3,
  6.3393481E+02,  0.0000000E+00,  2.5301057E+02,2612,  6.5508252E-01,  0.0000000E+00, -9.6345637E-03,  1.0004919E+03,  2.9289504E+04,3,
  6.3538855E+02,  0.0000000E+00,  2.5254410E+02,2653,  6.2498873E-01,  0.0000000E+00,  2.6773335E-03,  1.0011730E+03,  6.9988500E+04,3,
  6.3565430E+02,  0.0000000E+00,  2.5535184E+02,2537,  7.3369879E-01,  0.0000000E+00, -7.6423630E-02,  1.0001364E+03,  8.1141909E+03,3,
  6.3662842E+02,  0.0000000E+00,  2.5312218E+02,2481,  6.4935410E-01,  0.0000000E+00,  1.6168401E-02,  1.0003587E+03,  2.1350744E+04,3,
  6.3696710E+02,  0.0000000E+00,  2.5544029E+02,2452,  7.6447570E-01,  0.0000000E+00, -6.2863864E-02,  1.0001278E+03,  7.6020923E+03,3,
  6.3728021E+02,  0.0000000E+00,  2.5310789E+02,2638,  6.5335459E-01,  0.0000000E+00,  2.5341561E-02,  1.0003746E+03,  2.2296367E+04,3,
  6.3817865E+02,  0.0000000E+00,  2.5538606E+02,2509,  7.7812320E-01,  0.0000000E+00, -4.8519492E-02,  1.0001152E+03,  6.8539683E+03,3,
  6.3873724E+02,  0.0000000E+00,  2.5269678E+02,2702,  7.2346759E-01,  0.0000000E+00,  4.8477214E-02,  1.0010390E+03,  6.1969785E+04,3,
  6.3940259E+02,  0.0000000E+00,  2.5548276E+02,2763,  8.0891579E-01,  0.0000000E+00, -3.4095727E-02,  1.0001080E+03,  6.4218247E+03,3,
  6.4076324E+02,  0.0000000E+00,  2.5560880E+02,2744,  8.1462306E-01,  0.0000000E+00, -2.2201462E-02,  1.0001204E+03,  7.1626533E+03,3,
  6.4015088E+02,  0.0000000E+00,  2.5258257E+02,2495,  7.4135166E-01,  0.0000000E+00,  3.5344549E-02,  1.0012642E+03,  7.5450023E+04,3,
  6.4154517E+02,  0.0000000E+00,  2.5305070E+02,2426,  6.8411565E-01,  0.0000000E+00,  3.8907684E-02,  1.0005012E+03,  2.9846402E+04,3,
  6.4204907E+02,  0.0000000E+00,  2.5556316E+02,2491,  8.5258442E-01,  0.0000000E+00, -1.2394585E-02,  1.0001245E+03,  7.4023452E+03,3,
  6.4245850E+02,  0.0000000E+00,  2.5320827E+02,2546,  7.4949712E-01,  0.0000000E+00,  3.1941965E-02,  1.0002914E+03,  1.7343752E+04,3,
  6.4344403E+02,  0.0000000E+00,  2.5575648E+02,2604,  8.8246274E-01,  0.0000000E+00, -1.8278154E-02,  1.0001486E+03,  8.8369844E+03,3,
  6.4333569E+02,  0.0000000E+00,  2.5275116E+02,2416,  7.7861172E-01,  0.0000000E+00,  2.0952012E-02,  1.0009012E+03,  5.3727633E+04,3,
  6.4463495E+02,  0.0000000E+00,  2.5274228E+02,2738,  7.5803500E-01,  0.0000000E+00, -3.2848006E-03,  1.0009307E+03,  5.5493758E+04,3,
  6.4505457E+02,  0.0000000E+00,  2.5562968E+02,2451,  8.7215781E-01,  0.0000000E+00, -2.0515530E-04,  1.0001443E+03,  8.5863613E+03,3,
  6.4585596E+02,  0.0000000E+00,  2.5300864E+02,2664,  7.1922964E-01,  0.0000000E+00, -8.9595094E-05,  1.0004855E+03,  2.8910979E+04,3,
  6.4651605E+02,  0.0000000E+00,  2.5561522E+02,2443,  8.7369668E-01,  0.0000000E+00, -1.0091150E-02,  1.0001467E+03,  8.7280166E+03,3,
  6.4678278E+02,  0.0000000E+00,  2.5306779E+02,2591,  7.5482690E-01,  0.0000000E+00, -7.4840519E-03,  1.0003647E+03,  2.1707160E+04,3,
  6.4798846E+02,  0.0000000E+00,  2.5551469E+02,2783,  8.7612182E-01,  0.0000000E+00, -2.3562841E-02,  1.0001403E+03,  8.3466416E+03,3,
  6.4750964E+02,  0.0000000E+00,  2.5299342E+02,2657,  7.4794078E-01,  0.0000000E+00, -1.4940290E-02,  1.0004549E+03,  2.7084061E+04,3,
  6.4862085E+02,  0.0000000E+00,  2.5281931E+02,2335,  7.6957738E-01,  0.0000000E+00, -4.1905835E-02,  1.0007001E+03,  4.1712438E+04,3,
  6.4942432E+02,  0.0000000E+00,  2.5521367E+02,2417,  8.6483502E-01,  0.0000000E+00, -1.9682080E-02,  1.0001306E+03,  7.7691572E+03,3,
  6.4978027E+02,  0.0000000E+00,  2.5285399E+02,2620,  7.2335118E-01,  0.0000000E+00, -7.0173368E-02,  1.0006503E+03,  3.8739137E+04,3,
  6.5090814E+02,  0.0000000E+00,  2.5535509E+02,2766,  8.3715051E-01,  0.0000000E+00, -3.8055085E-02,  1.0001191E+03,  7.0827573E+03,3,
  6.5083313E+02,  0.0000000E+00,  2.5299774E+02,2499,  7.3341542E-01,  0.0000000E+00, -7.9523407E-02,  1.0004528E+03,  2.6956699E+04,3,
  6.5227411E+02,  0.0000000E+00,  2.5534641E+02,2566,  8.1905001E-01,  0.0000000E+00, -7.2612204E-02,  1.0001111E+03,  6.6106582E+03,3,
  6.5183826E+02,  0.0000000E+00,  2.5284888E+02,2454,  7.5738698E-01,  0.0000000E+00, -6.7501508E-02,  1.0005906E+03,  3.5176719E+04,3,
  6.5370660E+02,  0.0000000E+00,  2.5520204E+02,2709,  8.9194202E-01,  0.0000000E+00, -1.1155647E-01,  1.0000992E+03,  5.8989204E+03,3,
  6.5297266E+02,  0.0000000E+00,  2.5289157E+02,2463,  6.9520485E-01,  0.0000000E+00, -2.3589242E-02,  1.0005555E+03,  3.3086488E+04,3,
  6.5390497E+02,  0.0000000E+00,  2.5299059E+02,2584,  6.6267294E-01,  0.0000000E+00,  2.4397369E-02,  1.0005214E+03,  3.1047658E+04,3,
  6.5471191E+02,  0.0000000E+00,  2.5317111E+02,2593,  7.5958419E-01,  0.0000000E+00,  7.8487545E-02,  1.0004005E+03,  2.3838656E+04,3,
  6.5540332E+02,  0.0000000E+00,  2.5501042E+02,2727,  1.0726839E+00,  0.0000000E+00, -1.2101721E-01,  1.0001137E+03,  6.7631802E+03,3,
  6.5603510E+02,  0.0000000E+00,  2.5305809E+02,2529,  7.8682750E-01,  0.0000000E+00, -2.9104238E-02,  1.0006338E+03,  3.7755520E+04,3,
  6.5697247E+02,  0.0000000E+00,  2.5502356E+02,2739,  1.0478315E+00,  0.0000000E+00, -1.8761761E-02,  1.0001234E+03,  7.3369741E+03,3,
  6.5726239E+02,  0.0000000E+00,  2.5281776E+02,2492,  7.0510978E-01,  0.0000000E+00, -1.7868473E-01,  1.0006768E+03,  4.0320414E+04,3,
  6.5822516E+02,  0.0000000E+00,  2.5487286E+02,2513,  9.4604152E-01,  0.0000000E+00,  6.4707540E-02,  1.0001268E+03,  7.5439839E+03,3,
  6.5846021E+02,  0.0000000E+00,  2.5224557E+02,2547,  6.6604275E-01,  0.0000000E+00, -3.3427548E-01,  1.0006649E+03,  3.9613547E+04,3,
  6.5944305E+02,  0.0000000E+00,  2.5443498E+02,2647,  8.4003371E-01,  0.0000000E+00,  8.3707698E-02,  1.0001677E+03,  9.9739473E+03,3,
  6.6032129E+02,  0.0000000E+00,  2.5503535E+02,2407,  6.7680055E-01,  0.0000000E+00,  5.4047130E-02,  1.0001949E+03,  1.1597887E+04,3,
  6.6125269E+02,  0.0000000E+00,  2.5496207E+02,2616,  6.5227026E-01,  0.0000000E+00, -1.8979762E-02,  1.0002567E+03,  1.5275438E+04,3,
  6.6228546E+02,  0.0000000E+00,  2.5466444E+02,2583,  6.7093241E-01,  0.0000000E+00, -1.1420290E-01,  1.0003522E+03,  2.0965246E+04,3,
  6.6326904E+02,  0.0000000E+00,  2.5465410E+02,2625,  7.3270845E-01,  0.0000000E+00, -1.1546897E-01,  1.0003497E+03,  2.0816143E+04,3,
  6.6435352E+02,  0.0000000E+00,  2.5444865E+02,2510,  7.6174653E-01,  0.0000000E+00, -7.5985096E-02,  1.0003830E+03,  2.2798312E+04,3,
  6.6552832E+02,  0.0000000E+00,  2.5455901E+02,2729,  7.9449534E-01,  0.0000000E+00, -3.5751995E-02,  1.0003307E+03,  1.9681574E+04,3,
  6.6662738E+02,  0.0000000E+00,  2.5467386E+02,2701,  7.4333006E-01,  0.0000000E+00, -2.4502909E-02,  1.0003078E+03,  1.8318080E+04,3,
  6.6762946E+02,  0.0000000E+00,  2.5472043E+02,2398,  7.1753258E-01,  0.0000000E+00, -4.0225502E-02,  1.0003023E+03,  1.7990869E+04,3,
  6.6861426E+02,  0.0000000E+00,  2.5469324E+02,2558,  7.2618586E-01,  0.0000000E+00, -6.9113061E-02,  1.0002996E+03,  1.7830904E+04,3,
  6.6961951E+02,  0.0000000E+00,  2.5452879E+02,2498,  7.6648027E-01,  0.0000000E+00, -8.5507147E-02,  1.0003146E+03,  1.8721654E+04,3,
  6.7068805E+02,  0.0000000E+00,  2.5448697E+02,2381,  7.9708701E-01,  0.0000000E+00, -7.4547075E-02,  1.0003114E+03,  1.8532592E+04,3,
  6.7171332E+02,  0.0000000E+00,  2.5472420E+02,2684,  7.7265501E-01,  0.0000000E+00, -7.2423086E-02,  1.0002589E+03,  1.5402651E+04,3,
  6.7263214E+02,  0.0000000E+00,  2.5446144E+02,2464,  7.5854987E-01,  0.0000000E+00, -7.6933473E-02,  1.0003218E+03,  1.9154334E+04,3,
  6.7363599E+02,  0.0000000E+00,  2.5473834E+02,2675,  7.8448588E-01,  0.0000000E+00, -9.5465720E-02,  1.0002578E+03,  1.5337228E+04,3,
  6.7459454E+02,  0.0000000E+00,  2.5449190E+02,2548,  8.0246240E-01,  0.0000000E+00, -1.0716705E-01,  1.0003078E+03,  1.8318080E+04,3,
  6.7565326E+02,  0.0000000E+00,  2.5455188E+02,2556,  8.1958246E-01,  0.0000000E+00, -1.0679692E-01,  1.0002973E+03,  1.7692754E+04,3,
  6.7658392E+02,  0.0000000E+00,  2.5477856E+02,2693,  8.0522782E-01,  0.0000000E+00, -9.3592845E-02,  1.0002603E+03,  1.5486249E+04,3,
  6.7606604E+02,  0.0000000E+00,  2.5149602E+02,2527,  3.8265371E-01,  0.0000000E+00, -9.2850074E-02,  1.0004663E+03,  2.7764566E+04,3,
  6.7757178E+02,  0.0000000E+00,  2.5460614E+02,2435,  8.1247514E-01,  0.0000000E+00, -7.4836619E-02,  1.0003101E+03,  1.8452604E+04,3,
  6.7857397E+02,  0.0000000E+00,  2.5472644E+02,2489,  8.2002360E-01,  0.0000000E+00, -5.5606890E-02,  1.0002852E+03,  1.6972951E+04,3,
  6.7955420E+02,  0.0000000E+00,  2.5465276E+02,2372,  8.3491296E-01,  0.0000000E+00, -4.1722812E-02,  1.0002975E+03,  1.7703660E+04,3,
  6.8061163E+02,  0.0000000E+00,  2.5445772E+02,2562,  8.4331113E-01,  0.0000000E+00, -3.7943151E-02,  1.0003474E+03,  2.0674314E+04,3,
  6.8163995E+02,  0.0000000E+00,  2.5467809E+02,2676,  8.3592737E-01,  0.0000000E+00, -2.6148135E-02,  1.0003047E+03,  1.8136295E+04,3,
  6.8257550E+02,  0.0000000E+00,  2.5477740E+02,2545,  8.2607931E-01,  0.0000000E+00, -1.2829912E-02,  1.0002925E+03,  1.7409189E+04,3,
  6.8385773E+02,  0.0000000E+00,  2.5513382E+02,2541,  8.5004187E-01,  0.0000000E+00,  3.4646811E-03,  1.0002263E+03,  1.3465564E+04,3,
  6.8421918E+02,  0.0000000E+00,  2.5405734E+02,2484,  8.1106114E-01,  0.0000000E+00,  4.0131388E-03,  1.0004509E+03,  2.6847533E+04,3,
  6.8559137E+02,  0.0000000E+00,  2.5488414E+02,2354,  8.2835400E-01,  0.0000000E+00, -2.2460492E-03,  1.0002792E+03,  1.6613068E+04,3,
  6.8667181E+02,  0.0000000E+00,  2.5515096E+02,2639,  8.3991122E-01,  0.0000000E+00, -6.6648633E-03,  1.0002412E+03,  1.4352289E+04,3,
  6.8738336E+02,  0.0000000E+00,  2.5395276E+02,2564,  8.1884652E-01,  0.0000000E+00, -1.1344840E-03,  1.0004161E+03,  2.4773602E+04,3,
  6.8840100E+02,  0.0000000E+00,  2.5494685E+02,2486,  8.2559139E-01,  0.0000000E+00,  1.5438312E-03,  1.0002660E+03,  1.5827916E+04,3,
  6.8945673E+02,  0.0000000E+00,  2.5489288E+02,2362,  8.3958733E-01,  0.0000000E+00,  2.8552609E-03,  1.0002859E+03,  1.7016574E+04,3,
  6.9041638E+02,  0.0000000E+00,  2.5448900E+02,2631,  8.3616704E-01,  0.0000000E+00, -1.7819387E-03,  1.0003643E+03,  2.1685340E+04,3,
  6.9151666E+02,  0.0000000E+00,  2.5474768E+02,2667,  8.4143603E-01,  0.0000000E+00,  3.2434165E-03,  1.0002808E+03,  1.6711217E+04,3,
  6.9253888E+02,  0.0000000E+00,  2.5436090E+02,2536,  8.2583714E-01,  0.0000000E+00, -1.5248525E-02,  1.0003691E+03,  2.1972664E+04,3,
  6.9349072E+02,  0.0000000E+00,  2.5505089E+02,2640,  8.1280816E-01,  0.0000000E+00, -9.4793504E-03,  1.0002308E+03,  1.3730847E+04,3,
  6.9439233E+02,  0.0000000E+00,  2.5437373E+02,2409,  8.1645936E-01,  0.0000000E+00, -3.1136552E-02,  1.0003400E+03,  2.0237934E+04,3,
  6.9546301E+02,  0.0000000E+00,  2.5521138E+02,2307,  7.7958220E-01,  0.0000000E+00, -3.0975003E-02,  1.0002326E+03,  1.3839868E+04,3,
  6.9636383E+02,  0.0000000E+00,  2.5407698E+02,2603,  9.2807138E-01,  0.0000000E+00, -1.3205982E-02,  1.0004171E+03,  2.4828174E+04,3,
  7.0207703E+02,  0.0000000E+00,  2.5258281E+02,2436,  1.0135057E+00,  0.0000000E+00,  5.4873377E-01,  1.0008994E+03,  5.3618172E+04,3,
  6.9737274E+02,  0.0000000E+00,  2.5488989E+02,2380,  8.5435891E-01,  0.0000000E+00,  4.2334180E-02,  1.0002764E+03,  1.6445855E+04,3,
  6.9842285E+02,  0.0000000E+00,  2.5463585E+02,2344,  8.0110282E-01,  0.0000000E+00,  9.0250865E-02,  1.0003401E+03,  2.0241568E+04,3,
  6.9938171E+02,  0.0000000E+00,  2.5514354E+02,2468,  8.4595662E-01,  0.0000000E+00,  8.0332384E-02,  1.0002354E+03,  1.4007038E+04,3,
  7.0024988E+02,  0.0000000E+00,  2.5485266E+02,2563,  8.0134535E-01,  0.0000000E+00,  8.7751001E-02,  1.0002194E+03,  1.3051302E+04,3,
  7.0141675E+02,  0.0000000E+00,  2.5518224E+02,2519,  8.9207298E-01,  0.0000000E+00,  4.3909166E-02,  1.0001266E+03,  7.5330884E+03,3,
  7.0237885E+02,  0.0000000E+00,  2.5516327E+02,2472,  9.1875404E-01,  0.0000000E+00,  2.9964343E-02,  1.0000737E+03,  4.3812012E+03,3,
  7.0356299E+02,  0.0000000E+00,  2.5280449E+02,2532,  9.4494861E-01,  0.0000000E+00,  1.7498425E-01,  1.0010512E+03,  6.2700152E+04,3,
  7.0380054E+02,  0.0000000E+00,  2.5528651E+02,2610,  1.0434681E+00,  0.0000000E+00,  8.9192513E-04,  1.0000594E+03,  3.5353008E+03,3,
  7.0464636E+02,  0.0000000E+00,  2.5471906E+02,2411,  1.1235555E+00,  0.0000000E+00,  9.0441257E-03,  1.0000475E+03,  2.8237837E+03,3,
  7.0523462E+02,  0.0000000E+00,  2.5300365E+02,2540,  1.0243462E+00,  0.0000000E+00, -5.2429855E-02,  1.0008107E+03,  4.8318090E+04,3,
  7.0649176E+02,  0.0000000E+00,  2.5303401E+02,2458,  9.1399407E-01,  0.0000000E+00, -7.6507829E-02,  1.0005438E+03,  3.2387412E+04,3,
  7.0662250E+02,  0.0000000E+00,  2.5520087E+02,2594,  1.1518080E+00,  0.0000000E+00,  6.8143606E-02,  1.0000576E+03,  3.4263916E+03,3,
  7.0741699E+02,  0.0000000E+00,  2.5294359E+02,2309,  8.1772721E-01,  0.0000000E+00, -5.8157886E-03,  1.0005399E+03,  3.2150758E+04,3,
  7.0838519E+02,  0.0000000E+00,  2.5517825E+02,2485,  1.0635833E+00,  0.0000000E+00,  1.1620592E-01,  1.0000777E+03,  4.6208257E+03,3,
  7.0838409E+02,  0.0000000E+00,  2.5278058E+02,2412,  8.8643032E-01,  0.0000000E+00,  3.1520911E-02,  1.0007158E+03,  4.2649066E+04,3,
  7.0965594E+02,  0.0000000E+00,  2.5304413E+02,2420,  9.5227855E-01,  0.0000000E+00,  1.7849367E-02,  1.0004065E+03,  2.4198801E+04,3,
  7.0987537E+02,  0.0000000E+00,  2.5461127E+02,2585,  9.8511666E-01,  0.0000000E+00,  1.4290549E-01,  1.0001603E+03,  9.5344033E+03,3,
  7.1070282E+02,  0.0000000E+00,  2.5295097E+02,2429,  8.9005852E-01,  0.0000000E+00, -8.9418544E-03,  1.0005194E+03,  3.0931166E+04,3,
  7.1152405E+02,  0.0000000E+00,  2.5544258E+02,2469,  7.7183384E-01,  0.0000000E+00,  8.5643709E-02,  1.0000999E+03,  5.9424946E+03,3,
  7.1183978E+02,  0.0000000E+00,  2.5274849E+02,2403,  9.2797881E-01,  0.0000000E+00,  4.2826710E-03,  1.0007292E+03,  4.3454566E+04,3,
  7.1284308E+02,  0.0000000E+00,  2.5525868E+02,2568,  8.5178548E-01,  0.0000000E+00,  1.8922469E-02,  1.0000840E+03,  4.9984272E+03,3,
  7.1303296E+02,  0.0000000E+00,  2.5292400E+02,2467,  8.6849827E-01,  0.0000000E+00,  3.8649894E-02,  1.0005562E+03,  3.3126539E+04,3,
  7.1423901E+02,  0.0000000E+00,  2.5497343E+02,2423,  9.2452997E-01,  0.0000000E+00, -4.9418326E-02,  1.0000616E+03,  3.6623628E+03,3,
  7.1378058E+02,  0.0000000E+00,  2.5315788E+02,2447,  7.5255078E-01,  0.0000000E+00,  6.1591726E-02,  1.0003901E+03,  2.3220258E+04,3,
  7.1524713E+02,  0.0000000E+00,  2.5282832E+02,2254,  1.0434754E+00,  0.0000000E+00,  6.3402116E-02,  1.0010321E+03,  6.1557148E+04,3,
  7.1598199E+02,  0.0000000E+00,  2.5507214E+02,2450,  8.7392461E-01,  0.0000000E+00, -9.7023129E-02,  1.0000405E+03,  2.4063357E+03,3,
  7.1669623E+02,  0.0000000E+00,  2.5305858E+02,2348,  1.0928729E+00,  0.0000000E+00, -1.7033190E-01,  1.0007684E+03,  4.5794887E+04,3,
  7.1725958E+02,  0.0000000E+00,  2.5499174E+02,2511,  8.8040483E-01,  0.0000000E+00, -1.1623176E-01,  1.0000399E+03,  2.3736665E+03,3,
  7.1820520E+02,  0.0000000E+00,  2.5248650E+02,2355,  8.5974544E-01,  0.0000000E+00, -5.1690924E-01,  1.0009464E+03,  5.6431680E+04,3,
  7.1854108E+02,  0.0000000E+00,  2.5503084E+02,2336,  8.5916358E-01,  0.0000000E+00, -1.4257526E-01,  1.0001010E+03,  6.0042256E+03,3,
  7.1940228E+02,  0.0000000E+00,  2.5514255E+02,2326,  9.2361361E-01,  0.0000000E+00, -1.6259302E-01,  1.0001813E+03,  1.0787700E+04,3,
  7.2075140E+02,  0.0000000E+00,  2.5498097E+02,2402,  8.5082912E-01,  0.0000000E+00, -1.0414506E-01,  1.0002810E+03,  1.6722123E+04,3,
  7.2176721E+02,  0.0000000E+00,  2.5474193E+02,2503,  8.4896356E-01,  0.0000000E+00, -5.7623770E-02,  1.0003519E+03,  2.0947062E+04,3,
  7.2291931E+02,  0.0000000E+00,  2.5451843E+02,2502,  8.7609982E-01,  0.0000000E+00,  3.4627778E-04,  1.0004232E+03,  2.5195631E+04,3,
  7.2404236E+02,  0.0000000E+00,  2.5474661E+02,2559,  8.7265563E-01,  0.0000000E+00,  5.7559833E-02,  1.0003398E+03,  2.0227023E+04,3,
  7.2523309E+02,  0.0000000E+00,  2.5468306E+02,2501,  8.8468510E-01,  0.0000000E+00,  8.7407984E-02,  1.0003076E+03,  1.8307174E+04,3,
  7.2626245E+02,  0.0000000E+00,  2.5434402E+02,2528,  8.6564630E-01,  0.0000000E+00,  8.0445699E-02,  1.0003508E+03,  2.0877967E+04,3,
  7.2739594E+02,  0.0000000E+00,  2.5483876E+02,2577,  7.8293407E-01,  0.0000000E+00,  7.8946210E-02,  1.0002716E+03,  1.6162325E+04,3,
  7.2834546E+02,  0.0000000E+00,  2.5478766E+02,2432,  7.8763211E-01,  0.0000000E+00,  4.4761598E-02,  1.0002906E+03,  1.7296492E+04,3,
  7.2929041E+02,  0.0000000E+00,  2.5456926E+02,2399,  8.1918788E-01,  0.0000000E+00,  1.0557898E-02,  1.0003257E+03,  1.9387043E+04,3,
  7.3096417E+02,  0.0000000E+00,  2.5409544E+02,2383,  8.8271749E-01,  0.0000000E+00,  1.7132273E-02,  1.0004037E+03,  2.4035096E+04,3,
  7.3099609E+02,  0.0000000E+00,  2.5507721E+02,2550,  7.6551664E-01,  0.0000000E+00,  1.4272428E-02,  1.0002513E+03,  1.4951963E+04,3,
  7.3270972E+02,  0.0000000E+00,  2.5514366E+02,2281,  7.6695418E-01,  0.0000000E+00, -2.0156909E-02,  1.0002582E+03,  1.5362670E+04,3,
  7.3337610E+02,  0.0000000E+00,  2.5422064E+02,2456,  8.1257254E-01,  0.0000000E+00, -2.5168717E-02,  1.0004167E+03,  2.4809982E+04,3,
  7.3463239E+02,  0.0000000E+00,  2.5470265E+02,2448,  8.1819475E-01,  0.0000000E+00, -5.5116527E-02,  1.0003342E+03,  1.9888842E+04,3,
  7.3570923E+02,  0.0000000E+00,  2.5477773E+02,2538,  9.0363109E-01,  0.0000000E+00, -1.4126847E-02,  1.0003705E+03,  2.2056316E+04,3,
  7.4067786E+02,  0.0000000E+00,  2.5143037E+02,2382,  8.0997896E-01,  0.0000000E+00,  6.6789109E-01,  1.0006246E+03,  3.7205465E+04,3,
  7.3687604E+02,  0.0000000E+00,  2.5465038E+02,2482,  8.7465656E-01,  0.0000000E+00,  1.3661848E-01,  1.0004714E+03,  2.8070264E+04,3,
  7.4049762E+02,  0.0000000E+00,  2.5174678E+02,2359,  7.7095693E-01,  0.0000000E+00,  5.8849275E-01,  1.0002016E+03,  1.1993921E+04,3,
  7.3798749E+02,  0.0000000E+00,  2.5486084E+02,2504,  8.0018055E-01,  0.0000000E+00,  2.7549076E-01,  1.0003730E+03,  2.2205439E+04,3,
  7.3915491E+02,  0.0000000E+00,  2.5497923E+02,2521,  7.6797420E-01,  0.0000000E+00,  2.5630978E-01,  1.0002886E+03,  1.7176525E+04,3,
  7.3999078E+02,  0.0000000E+00,  2.5453821E+02,2437,  7.8503650E-01,  0.0000000E+00,  2.2122313E-01,  1.0003759E+03,  2.2376387E+04,3,
  7.4189343E+02,  0.0000000E+00,  2.5502794E+02,2523,  8.5205704E-01,  0.0000000E+00, -1.7435913E-01,  1.0002043E+03,  1.2157427E+04,3,
  7.4202722E+02,  0.0000000E+00,  2.5444872E+02,2394,  8.9536166E-01,  0.0000000E+00, -2.1954079E-01,  1.0006991E+03,  4.1654129E+04,3,
  7.4342438E+02,  0.0000000E+00,  2.5276744E+02,2334,  8.2683814E-01,  0.0000000E+00,  1.5703806E-01,  1.0007455E+03,  4.4427809E+04,3,
  7.4394855E+02,  0.0000000E+00,  2.5490887E+02,2386,  1.2849437E+00,  0.0000000E+00, -2.9160911E-01,  1.0002557E+03,  1.5217285E+04,3,
  7.4507111E+02,  0.0000000E+00,  2.5490692E+02,2424,  1.4423360E+00,  0.0000000E+00, -7.7914275E-02,  1.0002527E+03,  1.5035557E+04,3,
  7.4517426E+02,  0.0000000E+00,  2.5281630E+02,2318,  8.8782382E-01,  0.0000000E+00, -1.0974891E-01,  1.0009091E+03,  5.4201977E+04,3,
  7.4682886E+02,  0.0000000E+00,  2.5295589E+02,2421,  8.3258396E-01,  0.0000000E+00, -1.4401799E-01,  1.0004039E+03,  2.4042371E+04,3,
  7.4677960E+02,  0.0000000E+00,  2.5480936E+02,2455,  1.3418330E+00,  0.0000000E+00,  1.2002043E-01,  1.0001845E+03,  1.0976616E+04,3,
  7.4772473E+02,  0.0000000E+00,  2.5288029E+02,2385,  5.9503269E-01,  0.0000000E+00,  4.5495737E-02,  1.0003770E+03,  2.2441857E+04,3,
  7.4872272E+02,  0.0000000E+00,  2.5385095E+02,2393,  1.1339930E+00,  0.0000000E+00,  1.1272737E-01,  1.0005352E+03,  3.1874061E+04,3,
  7.4908960E+02,  0.0000000E+00,  2.5286247E+02,2346,  9.6389282E-01,  0.0000000E+00,  1.4439522E-01,  1.0005467E+03,  3.2558535E+04,3,
  7.5040869E+02,  0.0000000E+00,  2.5294209E+02,2228,  1.0439523E+00,  0.0000000E+00,  2.5665687E-02,  1.0005538E+03,  3.2980895E+04,3,
  7.5142926E+02,  0.0000000E+00,  2.5508846E+02,2299,  9.0827858E-01,  0.0000000E+00,  6.2064049E-03,  1.0001409E+03,  8.3793301E+03,3,
  7.5148431E+02,  0.0000000E+00,  2.5291252E+02,2414,  9.2306978E-01,  0.0000000E+00,  4.8242412E-03,  1.0004949E+03,  2.9467854E+04,3,
  7.5281970E+02,  0.0000000E+00,  2.5484143E+02,2400,  9.2409188E-01,  0.0000000E+00, -6.8328209E-02,  1.0001815E+03,  1.0794966E+04,3,
  7.5254266E+02,  0.0000000E+00,  2.5298833E+02,2338,  9.4094044E-01,  0.0000000E+00,  4.3168282E-03,  1.0003528E+03,  2.0997977E+04,3,
  7.5335321E+02,  0.0000000E+00,  2.5297610E+02,2397,  9.6903205E-01,  0.0000000E+00,  1.3497241E-02,  1.0003672E+03,  2.1856277E+04,3,
  7.5451685E+02,  0.0000000E+00,  2.5532426E+02,2512,  1.1602975E+00,  0.0000000E+00, -1.0257797E-01,  1.0001201E+03,  7.1444951E+03,3,
  7.5470746E+02,  0.0000000E+00,  2.5282643E+02,2328,  9.6611345E-01,  0.0000000E+00,  8.8202528E-04,  1.0006368E+03,  3.7937664E+04,3,
  7.5551166E+02,  0.0000000E+00,  2.5459166E+02,2384,  1.1109028E+00,  0.0000000E+00, -7.7385947E-02,  1.0001874E+03,  1.1147371E+04,3,
  7.5614954E+02,  0.0000000E+00,  2.5271896E+02,2251,  9.5337176E-01,  0.0000000E+00, -4.5988201E-03,  1.0008524E+03,  5.0809109E+04,3,
  7.5728284E+02,  0.0000000E+00,  2.5298030E+02,2493,  9.7456706E-01,  0.0000000E+00,  2.6941910E-02,  1.0005648E+03,  3.3636312E+04,3,
  7.5789563E+02,  0.0000000E+00,  2.5519864E+02,2514,  1.1320654E+00,  0.0000000E+00,  1.0361297E-02,  1.0000736E+03,  4.3775708E+03,3,
  7.5851562E+02,  0.0000000E+00,  2.5288034E+02,2202,  9.8366284E-01,  0.0000000E+00,  4.5272637E-02,  1.0006969E+03,  4.1522938E+04,3,
  7.5905609E+02,  0.0000000E+00,  2.5523055E+02,2395,  1.1268008E+00,  0.0000000E+00,  3.0108262E-02,  1.0000781E+03,  4.6426099E+03,3,
  7.6022583E+02,  0.0000000E+00,  2.5538336E+02,2343,  1.1678542E+00,  0.0000000E+00,  5.1979087E-02,  1.0000931E+03,  5.5394395E+03,3,
  7.5991016E+02,  0.0000000E+00,  2.5273901E+02,2319,  1.0019935E+00,  0.0000000E+00,  2.5660034E-02,  1.0008944E+03,  5.3322637E+04,3,
  7.6118878E+02,  0.0000000E+00,  2.5292467E+02,2375,  9.9468321E-01,  0.0000000E+00, -4.5185760E-03,  1.0006492E+03,  3.8673562E+04,3,
  7.6251642E+02,  0.0000000E+00,  2.5482887E+02,2283,  1.1028517E+00,  0.0000000E+00,  1.0611776E-01,  1.0001508E+03,  8.9677461E+03,3,
  7.6234918E+02,  0.0000000E+00,  2.5283490E+02,2377,  9.5897800E-01,  0.0000000E+00,  4.6466170E-03,  1.0006644E+03,  3.9584398E+04,3,
  7.6361066E+02,  0.0000000E+00,  2.5295337E+02,2218,  9.4906056E-01,  0.0000000E+00,  5.1370915E-03,  1.0004327E+03,  2.5759574E+04,3,
  7.6375842E+02,  0.0000000E+00,  2.5548036E+02,2415,  1.0599985E+00,  0.0000000E+00,  6.2520735E-02,  1.0001312E+03,  7.8054761E+03,3,
  7.6448163E+02,  0.0000000E+00,  2.5295642E+02,2331,  9.4868904E-01,  0.0000000E+00,  3.0347335E-03,  1.0004050E+03,  2.4111490E+04,3,
  7.6518622E+02,  0.0000000E+00,  2.5477892E+02,2290,  1.0512217E+00,  0.0000000E+00,  5.0301120E-02,  1.0001925E+03,  1.1452557E+04,3,
  7.6576038E+02,  0.0000000E+00,  2.5282094E+02,2240,  9.3357986E-01,  0.0000000E+00, -5.9618242E-03,  1.0006233E+03,  3.7128973E+04,3,
  7.6677887E+02,  0.0000000E+00,  2.5530098E+02,2478,  1.0186305E+00,  0.0000000E+00,  4.2303093E-02,  1.0001094E+03,  6.5089785E+03,3,
  7.6674969E+02,  0.0000000E+00,  2.5305626E+02,2332,  9.1151893E-01,  0.0000000E+00, -8.9744478E-03,  1.0004289E+03,  2.5533994E+04,3,
  7.6807581E+02,  0.0000000E+00,  2.5532498E+02,2505,  9.6678233E-01,  0.0000000E+00,  3.6671408E-02,  1.0000918E+03,  5.4595566E+03,3,
  7.6829187E+02,  0.0000000E+00,  2.5259570E+02,2360,  9.3954009E-01,  0.0000000E+00,  1.3611270E-02,  1.0012060E+03,  7.1965859E+04,3,
  7.6944318E+02,  0.0000000E+00,  2.5311447E+02,2291,  9.5758337E-01,  0.0000000E+00, -1.3398462E-02,  1.0005176E+03,  3.0825598E+04,3,
  7.7056128E+02,  0.0000000E+00,  2.5537334E+02,2476,  1.0026832E+00,  0.0000000E+00,  2.6432650E-02,  1.0000917E+03,  5.4559258E+03,3,
  7.7055957E+02,  0.0000000E+00,  2.5291141E+02,2329,  9.5216835E-01,  0.0000000E+00, -5.8698956E-02,  1.0006652E+03,  3.9631766E+04,3,
  7.7171960E+02,  0.0000000E+00,  2.5289000E+02,2282,  9.3817723E-01,  0.0000000E+00, -6.3059710E-02,  1.0005978E+03,  3.5606473E+04,3,
  7.7190363E+02,  0.0000000E+00,  2.5548479E+02,2379,  9.1039717E-01,  0.0000000E+00, -1.9223529E-03,  1.0001049E+03,  6.2402578E+03,3,
  7.7288275E+02,  0.0000000E+00,  2.5298196E+02,2257,  8.9182484E-01,  0.0000000E+00,  1.0376636E-02,  1.0005173E+03,  3.0807395E+04,3,
  7.7372302E+02,  0.0000000E+00,  2.5535921E+02,2440,  9.7627562E-01,  0.0000000E+00, -5.0212257E-02,  1.0001014E+03,  6.0332754E+03,3,
  7.7397247E+02,  0.0000000E+00,  2.5278618E+02,2361,  7.7442259E-01,  0.0000000E+00,  1.3532729E-01,  1.0009471E+03,  5.6475477E+04,3,
  7.7563770E+02,  0.0000000E+00,  2.5531958E+02,2341,  1.2022433E+00,  0.0000000E+00, -6.3804545E-02,  1.0001448E+03,  8.6154189E+03,3,
  7.7528278E+02,  0.0000000E+00,  2.5309860E+02,2204,  1.0518303E+00,  0.0000000E+00,  2.1074887E-01,  1.0005710E+03,  3.4011379E+04,3,
  7.7669122E+02,  0.0000000E+00,  2.5315184E+02,2241,  9.8690432E-01,  0.0000000E+00,  6.4627647E-02,  1.0003406E+03,  2.0274297E+04,3,
  7.7729297E+02,  0.0000000E+00,  2.5502699E+02,2496,  1.1036224E+00,  0.0000000E+00,  7.1499380E-05,  1.0001655E+03,  9.8468047E+03,3,
  7.7746545E+02,  0.0000000E+00,  2.5294456E+02,2284,  9.2581326E-01,  0.0000000E+00, -3.3938015E-01,  1.0004125E+03,  2.4555318E+04,3,
  7.7851086E+02,  0.0000000E+00,  2.5214818E+02,2230,  1.2782602E+00,  0.0000000E+00, -9.4124895E-01,  1.0005603E+03,  3.3370500E+04,3,
  7.8067694E+02,  0.0000000E+00,  2.5400658E+02,2367,  1.2915734E+00,  0.0000000E+00,  4.5778242E-01,  1.0002487E+03,  1.4795681E+04,3,
  7.7902185E+02,  0.0000000E+00,  2.5328110E+02,2239,  6.0962772E-01,  0.0000000E+00,  3.6031401E-01,  1.0005024E+03,  2.9915561E+04,3,
  7.8252673E+02,  0.0000000E+00,  2.5413232E+02,2201,  8.8937616E-01,  0.0000000E+00,  4.5544099E-02,  1.0003113E+03,  1.8528955E+04,3,
  7.8174738E+02,  0.0000000E+00,  2.5514261E+02,2032, -7.9808701E-03,  0.0000000E+00, -7.9797469E-02,  1.0001741E+03,  1.0355386E+04,3,
  7.8293182E+02,  0.0000000E+00,  2.5504469E+02,2433,  6.3484675E-01,  0.0000000E+00, -1.1619298E-01,  1.0001931E+03,  1.1488889E+04,3,
  7.8455542E+02,  0.0000000E+00,  2.5479480E+02,2459,  8.3015531E-01,  0.0000000E+00, -2.2983967E-01,  1.0001823E+03,  1.0842195E+04,3,
  7.8489490E+02,  0.0000000E+00,  2.5355141E+02,2264,  9.1146553E-01,  0.0000000E+00, -2.6540792E-01,  1.0004996E+03,  2.9751764E+04,3,
  7.8703241E+02,  0.0000000E+00,  2.5410403E+02,2267,  9.4965923E-01,  0.0000000E+00, -5.9032351E-02,  1.0003621E+03,  2.1554410E+04,3,
  7.8656683E+02,  0.0000000E+00,  2.5478571E+02,2235,  6.3339996E-01,  0.0000000E+00, -1.1414006E-01,  1.0001883E+03,  1.1201868E+04,3,
  7.8824207E+02,  0.0000000E+00,  2.5477901E+02,2364,  8.0487072E-01,  0.0000000E+00, -3.0379316E-02,  1.0002457E+03,  1.4617595E+04,3,
  7.8940460E+02,  0.0000000E+00,  2.5403685E+02,2321,  8.1385553E-01,  0.0000000E+00,  1.7873434E-02,  1.0004499E+03,  2.6785672E+04,3,
  7.9036993E+02,  0.0000000E+00,  2.5494423E+02,2406,  8.6559361E-01,  0.0000000E+00,  7.3763747E-03,  1.0002462E+03,  1.4650305E+04,3,
  7.9165930E+02,  0.0000000E+00,  2.5407571E+02,2277,  7.6509011E-01,  0.0000000E+00, -5.2296985E-03,  1.0004483E+03,  2.6691064E+04,3,
  7.9265875E+02,  0.0000000E+00,  2.5498695E+02,2460,  8.3293468E-01,  0.0000000E+00,  1.1276418E-02,  1.0002474E+03,  1.4719358E+04,3,
  7.9374731E+02,  0.0000000E+00,  2.5448122E+02,2325,  8.0025887E-01,  0.0000000E+00,  1.8415555E-03,  1.0003179E+03,  1.8917994E+04,3,
  7.9481927E+02,  0.0000000E+00,  2.5405817E+02,2211,  7.5997007E-01,  0.0000000E+00, -2.3382826E-02,  1.0003919E+03,  2.3329383E+04,3,
  7.9598566E+02,  0.0000000E+00,  2.5477040E+02,2272,  8.4208399E-01,  0.0000000E+00, -3.1998929E-02,  1.0002051E+03,  1.2204661E+04,3,
  7.9688074E+02,  0.0000000E+00,  2.5357207E+02,2209,  5.8708721E-01,  0.0000000E+00, -1.2805976E-01,  1.0005359E+03,  3.1914109E+04,3,
  7.9788104E+02,  0.0000000E+00,  2.5463864E+02,2388,  8.4892106E-01,  0.0000000E+00, -5.9254967E-02,  1.0002275E+03,  1.3534609E+04,3,
  7.9907104E+02,  0.0000000E+00,  2.5455351E+02,2404,  7.7398723E-01,  0.0000000E+00, -7.3651120E-02,  1.0002717E+03,  1.6169596E+04,3,
  8.0008093E+02,  0.0000000E+00,  2.5445889E+02,2327,  7.6120311E-01,  0.0000000E+00, -9.2202626E-02,  1.0002774E+03,  1.6507650E+04,3,
  8.0099335E+02,  0.0000000E+00,  2.5415741E+02,2287,  7.5582194E-01,  0.0000000E+00, -1.1246338E-01,  1.0003119E+03,  1.8561678E+04,3,
  8.0227679E+02,  0.0000000E+00,  2.5393016E+02,2191,  7.9654211E-01,  0.0000000E+00, -1.4181155E-01,  1.0003749E+03,  2.2318191E+04,3,
  8.0309076E+02,  0.0000000E+00,  2.5439551E+02,2238,  8.1904519E-01,  0.0000000E+00, -1.3334912E-01,  1.0002636E+03,  1.5686159E+04,3,
  8.0412189E+02,  0.0000000E+00,  2.5457785E+02,2387,  8.3500254E-01,  0.0000000E+00, -1.2670599E-01,  1.0002648E+03,  1.5758854E+04,3,
  8.0516937E+02,  0.0000000E+00,  2.5425700E+02,2368,  8.5048980E-01,  0.0000000E+00, -1.0438745E-01,  1.0003484E+03,  2.0736137E+04,3,
  8.0633667E+02,  0.0000000E+00,  2.5422710E+02,2155,  8.4561235E-01,  0.0000000E+00, -1.0940017E-01,  1.0003651E+03,  2.1732619E+04,3,
  8.0736615E+02,  0.0000000E+00,  2.5451855E+02,2413,  8.9023525E-01,  0.0000000E+00, -1.2121484E-01,  1.0003082E+03,  1.8343531E+04,3,
  8.0847754E+02,  0.0000000E+00,  2.5451056E+02,2279,  9.0755421E-01,  0.0000000E+00, -1.1035150E-01,  1.0003060E+03,  1.8212645E+04,3,
  8.0950342E+02,  0.0000000E+00,  2.5428276E+02,2301,  9.2691803E-01,  0.0000000E+00, -8.8403888E-02,  1.0003506E+03,  2.0867057E+04,3,
  8.1065820E+02,  0.0000000E+00,  2.5430132E+02,2275,  9.6002740E-01,  0.0000000E+00, -6.9466956E-02,  1.0003320E+03,  1.9757936E+04,3,
  8.1173016E+02,  0.0000000E+00,  2.5449117E+02,2263,  9.6640229E-01,  0.0000000E+00, -5.5456400E-02,  1.0002690E+03,  1.6006024E+04,3,
  8.1275995E+02,  0.0000000E+00,  2.5432739E+02,2293,  9.6468699E-01,  0.0000000E+00, -4.2071898E-02,  1.0002929E+03,  1.7431002E+04,3,
  8.1376434E+02,  0.0000000E+00,  2.5409804E+02,2306,  9.5284146E-01,  0.0000000E+00, -4.0458158E-02,  1.0003509E+03,  2.0885238E+04,3,
  8.1485583E+02,  0.0000000E+00,  2.5443074E+02,2376,  9.8065674E-01,  0.0000000E+00, -1.5571790E-02,  1.0002709E+03,  1.6118706E+04,3,
  8.1595691E+02,  0.0000000E+00,  2.5439326E+02,2347,  1.0057728E+00,  0.0000000E+00,  1.7362980E-02,  1.0003047E+03,  1.8132660E+04,3,
  8.1704785E+02,  0.0000000E+00,  2.5428551E+02,2320,  9.5624858E-01,  0.0000000E+00,  7.7062316E-02,  1.0003228E+03,  1.9212512E+04,3,
  8.1807654E+02,  0.0000000E+00,  2.5464392E+02,2164,  9.1816562E-01,  0.0000000E+00,  1.2295267E-01,  1.0001887E+03,  1.1223667E+04,3,
  8.2089343E+02,  0.0000000E+00,  2.5179301E+02,2194,  5.4047728E-01,  0.0000000E+00,  5.5379248E-01,  1.0005015E+03,  2.9864602E+04,3,
  8.1896393E+02,  0.0000000E+00,  2.5444756E+02,2285,  8.9754862E-01,  0.0000000E+00,  1.4974132E-01,  1.0001951E+03,  1.1608786E+04,3,
  8.2205096E+02,  0.0000000E+00,  2.5264294E+02,2112,  1.4284259E+00,  0.0000000E+00,  1.0309888E+00,  1.0005225E+03,  3.1113186E+04,3,
  8.1986792E+02,  0.0000000E+00,  2.5473494E+02,2396,  9.2971885E-01,  0.0000000E+00,  1.1582961E-01,  1.0001381E+03,  8.2122549E+03,3,
  8.2428644E+02,  0.0000000E+00,  2.5293657E+02,2166,  9.2708546E-01,  0.0000000E+00,  1.2377195E-01,  1.0004997E+03,  2.9755402E+04,3,
  8.2089374E+02,  0.0000000E+00,  2.5450613E+02,2185,  1.0559084E+00,  0.0000000E+00,  1.0298026E-01,  1.0001931E+03,  1.1485256E+04,3,
  8.2232178E+02,  0.0000000E+00,  2.5440561E+02,2431,  1.4299128E+00,  0.0000000E+00,  1.4790732E-01,  1.0002662E+03,  1.5838820E+04,3,
  8.2381769E+02,  0.0000000E+00,  2.5430379E+02,2173,  1.1325417E+00,  0.0000000E+00,  1.6830914E-01,  1.0002687E+03,  1.5987850E+04,3,
  8.2496204E+02,  0.0000000E+00,  2.5323746E+02,2196,  1.3430910E+00,  0.0000000E+00, -1.0964995E-01,  1.0002901E+03,  1.7263773E+04,3,
  8.2551581E+02,  0.0000000E+00,  2.5428566E+02,2330,  1.2976831E+00,  0.0000000E+00,  2.4421668E-02,  1.0006949E+03,  4.1402680E+04,3,
  8.2717603E+02,  0.0000000E+00,  2.5399875E+02,2243,  1.6560909E+00,  0.0000000E+00, -7.8412451E-02,  1.0006049E+03,  3.6028961E+04,3,
  8.2695874E+02,  0.0000000E+00,  2.5267361E+02,2143,  8.4537756E-01,  0.0000000E+00, -3.4802254E-02,  1.0006922E+03,  4.1242336E+04,3,
  8.2955408E+02,  0.0000000E+00,  2.5331493E+02,2311,  1.2090397E+00,  0.0000000E+00, -6.7630756E-01,  1.0009254E+03,  5.5176270E+04,3,
  8.2749182E+02,  0.0000000E+00,  2.5299715E+02,2215,  9.4981754E-01,  0.0000000E+00, -7.9686560E-02,  9.9947235E+02, -3.1323303E+04,3,
  8.2880023E+02,  0.0000000E+00,  2.5294206E+02,2260,  9.9070120E-01,  0.0000000E+00,  2.2762048E-01,  1.0002913E+03,  1.7336480E+04,3,
  8.3111395E+02,  0.0000000E+00,  2.5291034E+02,2300,  1.5279704E+00,  0.0000000E+00, -2.9430133E-01,  1.0004074E+03,  2.4253369E+04,3,
  8.3102441E+02,  0.0000000E+00,  2.5309558E+02,2369,  1.2909132E+00,  0.0000000E+00,  2.8629482E-01,  1.0017108E+03,  1.0224148E+05,3,
  8.3220007E+02,  0.0000000E+00,  2.5386719E+02,2252,  1.5644387E+00,  0.0000000E+00, -2.3114784E-01,  9.9981055E+02, -1.1258093E+04,3,
  8.3308887E+02,  0.0000000E+00,  2.5280888E+02,2357,  7.0186383E-01,  0.0000000E+00, -2.2314961E-01,  1.0002700E+03,  1.6064183E+04,3,
  8.3440417E+02,  0.0000000E+00,  2.5287650E+02,2232,  1.1590363E+00,  0.0000000E+00, -2.3286676E-01,  1.0012485E+03,  7.4513969E+04,3,
  8.3467999E+02,  0.0000000E+00,  2.5412086E+02,2358,  1.5020293E+00,  0.0000000E+00, -1.7760161E-01,  1.0002001E+03,  1.1906720E+04,3,
  8.3536072E+02,  0.0000000E+00,  2.5316864E+02,2259,  1.4177951E+00,  0.0000000E+00, -1.5743381E-01,  1.0003466E+03,  2.0630676E+04,3,
  8.3637305E+02,  0.0000000E+00,  2.5290350E+02,2183,  1.4669615E+00,  0.0000000E+00,  1.3611694E-02,  9.9950836E+02, -2.9188717E+04,3,
  8.3623969E+02,  0.0000000E+00,  2.5403140E+02,2245,  1.1794833E+00,  0.0000000E+00,  2.2137411E-02,  1.0005215E+03,  3.1058580E+04,3,
  8.3792743E+02,  0.0000000E+00,  2.5287692E+02,2297,  9.9993998E-01,  0.0000000E+00,  3.2314044E-01,  1.0005550E+03,  3.3053715E+04,3,
  8.3880701E+02,  0.0000000E+00,  2.5278394E+02,2302,  1.4843878E+00,  0.0000000E+00,  3.5955563E-01,  1.0017961E+03,  1.0736846E+05,3,
  8.4010272E+02,  0.0000000E+00,  2.5291725E+02,2340,  1.1990850E+00,  0.0000000E+00,  5.1855832E-01,  9.9927777E+02, -4.2849320E+04,3,
  8.4007581E+02,  0.0000000E+00,  2.5419402E+02,2153,  1.6340908E+00,  0.0000000E+00,  9.8536521E-01,  1.0024269E+03,  1.4535212E+05,3,
  8.4024414E+02,  0.0000000E+00,  2.5308698E+02,2273,  7.7234620E-01,  0.0000000E+00,  4.7451004E-01,  9.9787665E+02, -1.2544877E+05,3,
  8.4240289E+02,  0.0000000E+00,  2.5501508E+02,2142,  3.4451225E-01,  0.0000000E+00,  1.3083457E+00,  1.0024459E+03,  1.4649734E+05,3,
  8.4341718E+02,  0.0000000E+00,  2.5585391E+02,2193,  8.9418060E-01,  0.0000000E+00,  8.4346868E-02,  1.0009836E+03,  5.8658234E+04,3,
  8.4370874E+02,  0.0000000E+00,  2.5498615E+02,2160,  4.6332380E-01,  0.0000000E+00,  2.1553624E-01,  9.9347363E+02, -3.8052891E+05,3,
  8.4396613E+02,  0.0000000E+00,  2.5531734E+02,2106,  1.8035964E+00,  0.0000000E+00, -4.7282329E-01,  1.0027215E+03,  1.6314173E+05,3,
  8.4172198E+02,  0.0000000E+00,  2.5458447E+02,2231,  1.0452725E+00,  0.0000000E+00,  1.7752951E+00,  9.9980505E+02, -1.1584329E+04,3,
  8.4534662E+02,  0.0000000E+00,  2.5546608E+02,2296,  1.3961115E+00,  0.0000000E+00, -1.2407844E+00,  1.0007759E+03,  4.6243328E+04,3,
  8.4640887E+02,  0.0000000E+00,  2.5513109E+02,2138,  1.3967750E+00,  0.0000000E+00, -9.9922872E-01,  9.9953748E+02, -2.7462621E+04,3,
  8.4692664E+02,  0.0000000E+00,  2.5496680E+02,2313,  1.1764839E+00,  0.0000000E+00,  1.1560836E-01,  9.9973309E+02, -1.5857024E+04,3,
  8.4814301E+02,  0.0000000E+00,  2.5515370E+02,2322,  1.2270875E+00,  0.0000000E+00,  2.4005042E-01,  1.0003981E+03,  2.3700422E+04,3,
  8.4900763E+02,  0.0000000E+00,  2.5515948E+02,2195,  1.1990504E+00,  0.0000000E+00,  3.0234599E-01,  9.9736670E+02, -1.5533917E+05,3,
  8.4913239E+02,  0.0000000E+00,  2.5514288E+02,2200,  1.4914573E+00,  0.0000000E+00,  4.1901398E-01,  1.0009402E+03,  5.6063070E+04,3,
  8.5036346E+02,  0.0000000E+00,  2.5493147E+02,2274,  1.1303107E+00,  0.0000000E+00, -1.2908645E-01,  1.0009659E+03,  5.7595996E+04,3,
  8.5162183E+02,  0.0000000E+00,  2.5500572E+02,2214,  1.0874757E+00,  0.0000000E+00,  6.5673578E-01,  1.0008224E+03,  4.9018285E+04,3,
  8.5266467E+02,  0.0000000E+00,  2.5517380E+02,2206,  1.2394290E+00,  0.0000000E+00,  1.3110724E-01,  9.9556818E+02, -2.6002944E+05,3,
  8.5274225E+02,  0.0000000E+00,  2.5568839E+02,2148,  1.5544376E+00,  0.0000000E+00, -1.2006018E-01,  1.0004997E+03,  2.9755402E+04,3,
  8.5389423E+02,  0.0000000E+00,  2.5498439E+02,2342,  1.1607355E+00,  0.0000000E+00, -2.8274137E-01,  1.0008287E+03,  4.9397578E+04,3,
  8.5410089E+02,  0.0000000E+00,  2.5499973E+02,2270,  1.2736297E+00,  0.0000000E+00, -5.5882680E-01,  1.0007161E+03,  4.2667289E+04,3,
  8.5408069E+02,  0.0000000E+00,  2.5498711E+02,2208,  1.2766695E+00,  0.0000000E+00,  4.3926513E-01,  1.0006521E+03,  3.8848434E+04,3,
  8.5850110E+02,  0.0000000E+00,  2.5498599E+02,2219,  1.5395448E+00,  0.0000000E+00, -8.0563569E-01,  1.0000006E+03,  3.6290314E+01,3,
  8.5879553E+02,  0.0000000E+00,  2.5509135E+02,2176,  1.4099306E+00,  0.0000000E+00,  3.9346310E-01,  9.9923859E+02, -4.5168805E+04,3,
  8.5881854E+02,  0.0000000E+00,  2.5509738E+02,2315,  1.3842162E+00,  0.0000000E+00,  9.8497160E-02,  9.9958337E+02, -2.4740783E+04,3,
  8.5896149E+02,  0.0000000E+00,  2.5505769E+02,2305,  1.5562896E+00,  0.0000000E+00,  1.7694405E-01,  9.9863110E+02, -8.1058281E+04,3,
  8.6007922E+02,  0.0000000E+00,  2.5547993E+02,2225,  9.7276044E-01,  0.0000000E+00,  4.7928560E-01,  1.0018060E+03,  1.0796641E+05,3,
  8.6220990E+02,  0.0000000E+00,  2.5511920E+02,2179,  1.6344343E+00,  0.0000000E+00, -2.0292673E-01,  9.9977655E+02, -1.3276957E+04,3,
  8.6255334E+02,  0.0000000E+00,  2.5503047E+02,2224,  1.1182885E+00,  0.0000000E+00, -2.8541794E-01,  9.9873322E+02, -7.5034773E+04,3,
  8.6362451E+02,  0.0000000E+00,  2.5507281E+02,2188,  1.3716602E+00,  0.0000000E+00, -2.6272878E-01,  1.0007273E+03,  4.3337926E+04,3,
  8.6379663E+02,  0.0000000E+00,  2.5512892E+02,2130,  1.2152781E+00,  0.0000000E+00, -2.2889739E-01,  1.0002626E+03,  1.5624368E+04,3,
  8.6395831E+02,  0.0000000E+00,  2.5506175E+02,2184,  1.2521060E+00,  0.0000000E+00, -2.7213657E-01,  9.9988562E+02, -6.7984595E+03,3,
  8.6684454E+02,  0.0000000E+00,  2.5505730E+02,2276,  1.3450996E+00,  0.0000000E+00,  1.8096511E-01,  9.9968604E+02, -1.8650131E+04,3,
  8.6710559E+02,  0.0000000E+00,  2.5511975E+02,2147,  1.3611273E+00,  0.0000000E+00,  4.6741566E-01,  9.9971332E+02, -1.7030877E+04,3,
  8.6735669E+02,  0.0000000E+00,  2.5507133E+02,2171,  1.3121561E+00,  0.0000000E+00,  5.4772711E-01,  9.9956116E+02, -2.6058363E+04,3,
  8.6907019E+02,  0.0000000E+00,  2.5511308E+02,2094,  1.2078055E+00,  0.0000000E+00,  4.9391064E-01,  1.0002428E+03,  1.4446780E+04,3,
  8.6942523E+02,  0.0000000E+00,  2.5513022E+02,2197,  1.2650074E+00,  0.0000000E+00,  3.7908709E-01,  1.0001914E+03,  1.1387159E+04,3,
  8.6964001E+02,  0.0000000E+00,  2.5509850E+02,2316,  1.3149389E+00,  0.0000000E+00,  1.0734744E-01,  9.9997095E+02, -1.7272653E+03,3,
  8.6972101E+02,  0.0000000E+00,  2.5505106E+02,2352,  1.2576860E+00,  0.0000000E+00,  3.9965129E-01,  1.0004075E+03,  2.4260645E+04,3,
  8.7399860E+02,  0.0000000E+00,  2.5509825E+02,2163,  1.3093057E+00,  0.0000000E+00,  1.5308982E-01,  9.9987024E+02, -7.7123042E+03,3,
  8.7403998E+02,  0.0000000E+00,  2.5500459E+02,2174,  1.3177059E+00,  0.0000000E+00,  1.5635614E-01,  9.9987482E+02, -7.4403354E+03,3,
  8.7427466E+02,  0.0000000E+00,  2.5501762E+02,2177,  1.3415693E+00,  0.0000000E+00,  1.1926509E-01,  9.9964221E+02, -2.1250523E+04,3,
  8.7488336E+02,  0.0000000E+00,  2.5509438E+02,2234,  1.2311021E+00,  0.0000000E+00,  2.3210542E-01,  1.0004888E+03,  2.9107520E+04,3,
  8.7585388E+02,  0.0000000E+00,  2.5519376E+02,2249,  1.3513687E+00,  0.0000000E+00, -2.4913169E-01,  1.0002336E+03,  1.3898015E+04,3,
  8.7744464E+02,  0.0000000E+00,  2.5515157E+02,2255,  1.3302984E+00,  0.0000000E+00, -3.2857814E-01,  1.0000462E+03,  2.7475527E+03,3,
  8.7825653E+02,  0.0000000E+00,  2.5512614E+02,2261,  1.2736926E+00,  0.0000000E+00, -7.2347380E-02,  9.9917676E+02, -4.8827566E+04,3,
  8.7985950E+02,  0.0000000E+00,  2.5506911E+02,2256,  1.2983494E+00,  0.0000000E+00, -7.3863310E-03,  1.0003760E+03,  2.2380023E+04,3,
  8.7987726E+02,  0.0000000E+00,  2.5509712E+02,2258,  1.3348167E+00,  0.0000000E+00, -1.8019894E-01,  1.0003207E+03,  1.9088885E+04,3,
  8.7995551E+02,  0.0000000E+00,  2.5502563E+02,2161,  1.3370762E+00,  0.0000000E+00, -9.6789766E-03,  1.0002216E+03,  1.3185754E+04,3,
  8.8002283E+02,  0.0000000E+00,  2.5508820E+02,2186,  1.3280284E+00,  0.0000000E+00, -1.6584499E-02,  1.0001058E+03,  6.2910962E+03,3,
  8.8412195E+02,  0.0000000E+00,  2.5508636E+02,2125,  1.3486162E+00,  0.0000000E+00, -4.4573531E-01,  9.9999805E+02, -1.1612811E+02,3,
  8.8452881E+02,  0.0000000E+00,  2.5511713E+02,2298,  1.3301226E+00,  0.0000000E+00, -1.1997506E-01,  9.9994849E+02, -3.0624238E+03,3,
  8.8488464E+02,  0.0000000E+00,  2.5510857E+02,2212,  1.2723440E+00,  0.0000000E+00,  2.4057347E-02,  1.0000490E+03,  2.9145354E+03,3,
  8.8493738E+02,  0.0000000E+00,  2.5511261E+02,2162,  1.3856590E+00,  0.0000000E+00, -4.2791896E-02,  1.0000995E+03,  5.9170762E+03,3,
  8.8588116E+02,  0.0000000E+00,  2.5517516E+02,2111,  1.3070831E+00,  0.0000000E+00, -3.4327667E-02,  9.9991608E+02, -4.9886533E+03,3,
  8.8708514E+02,  0.0000000E+00,  2.5509612E+02,2244,  1.3783010E+00,  0.0000000E+00,  4.8354261E-02,  1.0000043E+03,  2.5403500E+02,3,
  8.8957349E+02,  0.0000000E+00,  2.5501411E+02,2265,  1.3166668E+00,  0.0000000E+00,  2.2179411E-01,  1.0002134E+03,  1.2698829E+04,3,
  8.8967438E+02,  0.0000000E+00,  2.5505428E+02,2286,  1.3256736E+00,  0.0000000E+00,  6.3179739E-02,  1.0002356E+03,  1.4017940E+04,3,
  8.9013983E+02,  0.0000000E+00,  2.5501608E+02,2157,  1.3068380E+00,  0.0000000E+00,  1.1816109E-01,  1.0003194E+03,  1.9008895E+04,3,
  8.9044122E+02,  0.0000000E+00,  2.5504005E+02,2113,  1.3785383E+00,  0.0000000E+00,  5.4000709E-02,  9.9840204E+02, -9.4557234E+04,3,
  8.9171661E+02,  0.0000000E+00,  2.5538008E+02,2124,  1.3224925E+00,  0.0000000E+00,  5.8678143E-02,  1.0010143E+03,  6.0494602E+04,3,
  8.9295618E+02,  0.0000000E+00,  2.5504594E+02,2187,  1.3444247E+00,  0.0000000E+00,  1.6328222E-01,  9.9959583E+02, -2.4002283E+04,3,
  8.9345465E+02,  0.0000000E+00,  2.5505682E+02,2280,  1.3334926E+00,  0.0000000E+00,  3.7436947E-02,  9.9998804E+02, -7.1126337E+02,3,
  8.9467804E+02,  0.0000000E+00,  2.5510080E+02,2288,  1.3316299E+00,  0.0000000E+00, -1.1697711E-01,  1.0001571E+03,  9.3455137E+03,3,
  8.9533948E+02,  0.0000000E+00,  2.5511295E+02,2165,  1.3367463E+00,  0.0000000E+00,  2.2310013E-02,  9.9982532E+02, -1.0380828E+04,3,
  8.9597833E+02,  0.0000000E+00,  2.5511296E+02,2132,  1.3239275E+00,  0.0000000E+00, -1.0048887E-01,  1.0000540E+03,  3.2085774E+03,3,
  8.9684784E+02,  0.0000000E+00,  2.5507521E+02,2116,  1.3665627E+00,  0.0000000E+00, -1.3269858E-01,  1.0000588E+03,  3.4953672E+03,3,
  8.9789581E+02,  0.0000000E+00,  2.5506868E+02,2190,  1.3518835E+00,  0.0000000E+00, -6.3584708E-02,  1.0000654E+03,  3.8874480E+03,3,
  8.9959601E+02,  0.0000000E+00,  2.5508742E+02,2151,  1.3237139E+00,  0.0000000E+00,  7.3556766E-02,  1.0000000E+03,  0.0000000E+00,3,
  8.9984393E+02,  0.0000000E+00,  2.5507182E+02,2114,  1.2995905E+00,  0.0000000E+00,  1.6625391E-02,  9.9999841E+02, -9.4354195E+01,3,
  9.0049939E+02,  0.0000000E+00,  2.5504231E+02,2123,  1.3807926E+00,  0.0000000E+00,  1.4598697E-01,  9.9948279E+02, -3.0704682E+04,3,
  9.0145721E+02,  0.0000000E+00,  2.5526520E+02,2122,  1.3153704E+00,  0.0000000E+00,  7.8270562E-02,  1.0010920E+03,  6.5143621E+04,3,
  9.0256006E+02,  0.0000000E+00,  2.5504402E+02,2133,  1.3453379E+00,  0.0000000E+00, -7.5384885E-02,  9.9859473E+02, -8.3203242E+04,3,
  9.0286664E+02,  0.0000000E+00,  2.5510075E+02,2121,  1.3251677E+00,  0.0000000E+00,  9.2264660E-02,  1.0002621E+03,  1.5595290E+04,3,
  9.0380188E+02,  0.0000000E+00,  2.5509688E+02,2135,  1.3195947E+00,  0.0000000E+00,  3.5111051E-02,  1.0005988E+03,  3.5664746E+04,3,
  9.0501477E+02,  0.0000000E+00,  2.5505647E+02,2105,  1.3481131E+00,  0.0000000E+00,  4.5709498E-02,  9.9982172E+02, -1.0594714E+04,3,
  9.0585767E+02,  0.0000000E+00,  2.5506227E+02,2250,  1.2980540E+00,  0.0000000E+00,  8.1726499E-02,  9.9983704E+02, -9.6847607E+03,3,
  9.0646686E+02,  0.0000000E+00,  2.5504707E+02,2229,  1.3300420E+00,  0.0000000E+00,  6.5116681E-02,  9.9999573E+02, -2.5402849E+02,3,
  9.0664362E+02,  0.0000000E+00,  2.5504913E+02,2181,  1.3278695E+00,  0.0000000E+00,  1.2718199E-01,  9.9996503E+02, -2.0792131E+03,3,
  9.0952252E+02,  0.0000000E+00,  2.5505571E+02,2120,  1.3590024E+00,  0.0000000E+00,  1.2458151E-01,  9.9999286E+02, -4.2458682E+02,3,
  9.0983160E+02,  0.0000000E+00,  2.5503300E+02,2226,  1.3363527E+00,  0.0000000E+00,  1.4436619E-01,  9.9985431E+02, -8.6586973E+03,3,
  9.1000598E+02,  0.0000000E+00,  2.5505409E+02,2119,  1.2651320E+00,  0.0000000E+00,  3.3768173E-02,  9.9990894E+02, -5.4130264E+03,3,
  9.1007147E+02,  0.0000000E+00,  2.5505081E+02,2220,  1.3026893E+00,  0.0000000E+00,  3.4322832E-02,  9.9999750E+02, -1.4878891E+02,3,
  9.1329321E+02,  0.0000000E+00,  2.5507712E+02,2127,  1.3521794E+00,  0.0000000E+00, -1.6691308E-01,  9.9993390E+02, -3.9294546E+03,3,
  9.1335992E+02,  0.0000000E+00,  2.5507841E+02,2223,  1.3358601E+00,  0.0000000E+00, -1.6301189E-01,  9.9992255E+02, -4.6041626E+03,3,
  9.1349823E+02,  0.0000000E+00,  2.5508279E+02,2149,  1.3357266E+00,  0.0000000E+00, -1.9169076E-01,  1.0000141E+03,  8.3834021E+02,3,
  9.1500964E+02,  0.0000000E+00,  2.5512750E+02,2159,  1.3304228E+00,  0.0000000E+00, -5.9207715E-02,  9.9980707E+02, -1.1464710E+04,3,
  9.1594598E+02,  0.0000000E+00,  2.5511497E+02,2118,  1.2982759E+00,  0.0000000E+00,  4.2070739E-02,  1.0002303E+03,  1.3701774E+04,3,
  9.1685364E+02,  0.0000000E+00,  2.5511697E+02,2107,  1.3778433E+00,  0.0000000E+00, -2.0575665E-02,  9.9969196E+02, -1.8298771E+04,3,
  9.1798572E+02,  0.0000000E+00,  2.5507611E+02,2101,  1.3241189E+00,  0.0000000E+00,  6.8619534E-02,  1.0000276E+03,  1.6404551E+03,3,
  9.1817688E+02,  0.0000000E+00,  2.5507700E+02,2207,  1.3417866E+00,  0.0000000E+00,  2.7091103E-02,  1.0000322E+03,  1.9163104E+03,3,
  9.1828998E+02,  0.0000000E+00,  2.5504175E+02,2242,  1.3274419E+00,  0.0000000E+00,  2.1790488E-01,  9.9998657E+02, -7.9835333E+02,3,
  9.2128357E+02,  0.0000000E+00,  2.5503465E+02,2213,  1.3380438E+00,  0.0000000E+00,  1.0341068E-01,  9.9999237E+02, -4.5361774E+02,3,
  9.2183990E+02,  0.0000000E+00,  2.5504869E+02,2076,  1.3382823E+00,  0.0000000E+00,  7.8827500E-02,  9.9994611E+02, -3.2039109E+03,3,
  9.2206317E+02,  0.0000000E+00,  2.5506985E+02,2131,  1.3442360E+00,  0.0000000E+00,  1.6315134E-01,  9.9990784E+02, -5.4783125E+03,3,
  9.2252631E+02,  0.0000000E+00,  2.5509778E+02,2090,  1.3521719E+00,  0.0000000E+00,  1.5269966E-01,  9.9977643E+02, -1.3284206E+04,3,
  9.2361365E+02,  0.0000000E+00,  2.5514899E+02,2093,  1.3189180E+00,  0.0000000E+00,  8.0662072E-02,  1.0002649E+03,  1.5762490E+04,3,
  9.2534460E+02,  0.0000000E+00,  2.5508324E+02,2152,  1.3361735E+00,  0.0000000E+00, -5.5504438E-02,  9.9991699E+02, -4.9342451E+03,3,
  9.2540692E+02,  0.0000000E+00,  2.5510735E+02,2169,  1.3199290E+00,  0.0000000E+00,  2.4229165E-03,  9.9994232E+02, -3.4288352E+03,3,
  9.2550110E+02,  0.0000000E+00,  2.5507596E+02,2205,  1.3452319E+00,  0.0000000E+00, -1.3726786E-01,  9.9993030E+02, -4.1434800E+03,3,
  9.2559711E+02,  0.0000000E+00,  2.5505971E+02,2167,  1.3423545E+00,  0.0000000E+00, -3.5760153E-02,  9.9993298E+02, -3.9838684E+03,3,
  1.3651975E+03,  0.0000000E+00,  2.5181310E+02,2061, -2.5499375E+00,  0.0000000E+00, -1.2147574E+00,  9.9966046E+02, -2.0167713E+04,3,
  1.3671578E+03,  0.0000000E+00,  2.5202698E+02,2048, -1.4448016E+00,  0.0000000E+00,  2.7841526E-01,  9.9937415E+02, -3.7142227E+04,3,
  1.3674332E+03,  0.0000000E+00,  2.5184058E+02,2054, -2.2613535E+00,  0.0000000E+00,  2.3839707E+00,  1.0011000E+03,  6.5618508E+04,3,
 -3.9653314E+02,  0.0000000E+00,  2.6405948E+02,3811,  1.4750585E-03,  0.0000000E+00, -2.7362970E-04,  1.0006461E+03,  3.8491402E+04,3,
 -3.9388342E+02,  0.0000000E+00,  2.6401132E+02,3816, -2.0964278E-03,  0.0000000E+00,  4.4234909E-04,  1.0002527E+03,  1.5039191E+04,3,
 -3.9101334E+02,  0.0000000E+00,  2.6357959E+02,3802, -3.8822782E-03,  0.0000000E+00,  1.0001942E-03,  1.0003325E+03,  1.9787025E+04,3,
 -3.8672842E+02,  0.0000000E+00,  2.6368903E+02,3793,  1.0271055E-03,  0.0000000E+00, -1.4822475E-04,  1.0002982E+03,  1.7743652E+04,3,
 -3.8836935E+02,  0.0000000E+00,  2.6436298E+02,3803, -8.9854980E-03,  0.0000000E+00, -4.6157455E-03,  1.0007231E+03,  4.3090078E+04,3,
 -3.8389694E+02,  0.0000000E+00,  2.6393573E+02,3794, -1.9827196E-03,  0.0000000E+00,  1.2938852E-03,  1.0003716E+03,  2.2121785E+04,3,
 -3.8137689E+02,  0.0000000E+00,  2.6364127E+02,3784, -6.1170100E-03,  0.0000000E+00,  3.3339683E-04,  1.0004448E+03,  2.6480016E+04,3,
 -3.7837317E+02,  0.0000000E+00,  2.6358041E+02,3775, -7.0094587E-03,  0.0000000E+00, -3.4138488E-05,  1.0003261E+03,  1.9408859E+04,3,
 -3.7527972E+02,  0.0000000E+00,  2.6352271E+02,3766, -1.0221927E-02,  0.0000000E+00,  9.1547123E-04,  1.0003782E+03,  2.2514602E+04,3,
 -3.7243192E+02,  0.0000000E+00,  2.6400513E+02,3776, -1.2348589E-02,  0.0000000E+00,  4.9216644E-04,  1.0002610E+03,  1.5533500E+04,3,
 -3.7096655E+02,  0.0000000E+00,  2.6432196E+02,3777, -1.9463148E-02,  0.0000000E+00, -1.8023566E-03,  1.0006099E+03,  3.6331270E+04,3,
 -3.6889813E+02,  0.0000000E+00,  2.6361392E+02,3757, -1.6182402E-02,  0.0000000E+00,  2.1057692E-03,  1.0002635E+03,  1.5678890E+04,3,
 -3.6601910E+02,  0.0000000E+00,  2.6387878E+02,3767, -2.7380835E-02,  0.0000000E+00, -9.7258238E-04,  1.0003375E+03,  2.0088840E+04,3,
 -3.6358914E+02,  0.0000000E+00,  2.6364218E+02,3748, -1.6073562E-02,  0.0000000E+00, -2.3256331E-03,  1.0003857E+03,  2.2961996E+04,3,
 -3.6048767E+02,  0.0000000E+00,  2.6357718E+02,3739, -1.4398638E-02,  0.0000000E+00,  9.8769134E-04,  1.0003924E+03,  2.3358484E+04,3,
 -3.5758307E+02,  0.0000000E+00,  2.6387640E+02,3750, -2.1035412E-02,  0.0000000E+00,  3.4631377E-03,  1.0002305E+03,  1.3712676E+04,3,
 -3.5553439E+02,  0.0000000E+00,  2.6409055E+02,3740, -2.1963162E-02,  0.0000000E+00, -7.7452324E-03,  1.0004689E+03,  2.7917414E+04,3,
 -3.5309857E+02,  0.0000000E+00,  2.6356134E+02,3730, -7.5509818E-03,  0.0000000E+00, -2.7676506E-05,  1.0002803E+03,  1.6678500E+04,3,
 -3.5009259E+02,  0.0000000E+00,  2.6392215E+02,3760, -1.6073694E-02,  0.0000000E+00,  2.8392964E-03,  1.0003896E+03,  2.3194795E+04,3,
 -3.4828467E+02,  0.0000000E+00,  2.6414786E+02,3741, -1.8299263E-02,  0.0000000E+00, -1.2676872E-03,  1.0005148E+03,  3.0654504E+04,3,
 -3.4609387E+02,  0.0000000E+00,  2.6365240E+02,3721, -1.5690567E-02,  0.0000000E+00, -1.5732959E-03,  1.0004048E+03,  2.4096939E+04,3,
 -3.4349277E+02,  0.0000000E+00,  2.6387918E+02,3731, -8.4132412E-03,  0.0000000E+00, -1.2684276E-03,  1.0003631E+03,  2.1612600E+04,3,
 -3.4072778E+02,  0.0000000E+00,  2.6353644E+02,3712, -5.5937096E-03,  0.0000000E+00,  4.9311487E-04,  1.0004045E+03,  2.4082389E+04,3,
 -3.3740912E+02,  0.0000000E+00,  2.6360098E+02,3703, -5.8814203E-03,  0.0000000E+00, -8.4684388E-04,  1.0003197E+03,  1.9027074E+04,3,
 -3.3453345E+02,  0.0000000E+00,  2.6357599E+02,3694,  6.5022561E-04,  0.0000000E+00, -5.5219652E-04,  1.0003298E+03,  1.9630666E+04,3,
 -3.3095871E+02,  0.0000000E+00,  2.6349121E+02,3685,  1.6166100E-02,  0.0000000E+00, -3.0942729E-03,  1.0003083E+03,  1.8347166E+04,3,
 -3.2793546E+02,  0.0000000E+00,  2.6383582E+02,3713,  5.2072540E-02,  0.0000000E+00, -6.0111857E-03,  1.0002899E+03,  1.7252869E+04,3,
 -3.2527005E+02,  0.0000000E+00,  2.6382443E+02,3704,  6.2420096E-02,  0.0000000E+00, -2.2143316E-03,  1.0003414E+03,  2.0321570E+04,3,
 -3.2237482E+02,  0.0000000E+00,  2.6355130E+02,3676,  5.6884460E-02,  0.0000000E+00,  1.5326366E-03,  1.0003041E+03,  1.8099939E+04,3,
 -3.1903970E+02,  0.0000000E+00,  2.6354996E+02,3667,  6.2122054E-02,  0.0000000E+00, -4.2692170E-04,  1.0000773E+03,  4.5990415E+03,3,
 -3.1688849E+02,  0.0000000E+00,  2.6459158E+02,3696, -1.3688874E-03,  0.0000000E+00,  9.2952669E-02,  1.0006524E+03,  3.8866652E+04,3,
 -3.1502100E+02,  0.0000000E+00,  2.6353268E+02,3658, -4.5456827E-02,  0.0000000E+00, -1.8586169E-03,  1.0000518E+03,  3.0815212E+03,3,
 -3.1178320E+02,  0.0000000E+00,  2.6389374E+02,3677, -3.1894077E-02,  0.0000000E+00, -1.1763148E-02,  1.0003455E+03,  2.0561580E+04,3,
 -3.0968515E+02,  0.0000000E+00,  2.6380209E+02,3649,  2.5492301E-02,  0.0000000E+00, -5.5922853E-04,  1.0004068E+03,  2.4216990E+04,3,
 -3.0704642E+02,  0.0000000E+00,  2.6359207E+02,3640,  5.0558522E-03,  0.0000000E+00,  1.9174031E-03,  1.0003611E+03,  2.1496219E+04,3,
 -3.0382724E+02,  0.0000000E+00,  2.6357004E+02,3631,  9.6247792E-03,  0.0000000E+00, -4.3421000E-04,  1.0003033E+03,  1.8049039E+04,3,
 -3.0077454E+02,  0.0000000E+00,  2.6355255E+02,3622,  9.5685096E-03,  0.0000000E+00, -6.1507471E-04,  1.0003088E+03,  1.8376252E+04,3,
 -2.9763080E+02,  0.0000000E+00,  2.6367087E+02,3613,  1.5902976E-02,  0.0000000E+00, -3.1494224E-03,  1.0003415E+03,  2.0325207E+04,3,
 -2.9584586E+02,  0.0000000E+00,  2.6410895E+02,3660,  1.5297233E-02,  0.0000000E+00,  7.6684086E-03,  1.0005149E+03,  3.0661783E+04,3,
 -2.9293381E+02,  0.0000000E+00,  2.6347592E+02,3604,  5.7449811E-03,  0.0000000E+00, -3.4867637E-04,  1.0002833E+03,  1.6856623E+04,3,
 -2.8979370E+02,  0.0000000E+00,  2.6391852E+02,3642,  1.4753537E-02,  0.0000000E+00, -5.7489369E-03,  1.0003258E+03,  1.9390680E+04,3,
 -2.8802692E+02,  0.0000000E+00,  2.6403952E+02,3632,  3.0404478E-02,  0.0000000E+00,  1.7254398E-03,  1.0003947E+03,  2.3496713E+04,3,
 -2.8533014E+02,  0.0000000E+00,  2.6360388E+02,3595,  2.7552325E-02,  0.0000000E+00, -1.4682702E-03,  1.0002745E+03,  1.6336805E+04,3,
 -2.8236313E+02,  0.0000000E+00,  2.6357953E+02,3586,  2.8845662E-02,  0.0000000E+00,  1.9258345E-03,  1.0003163E+03,  1.8827096E+04,3,
 -2.7889410E+02,  0.0000000E+00,  2.6349847E+02,3577,  1.4588855E-02,  0.0000000E+00,  4.3995696E-04,  1.0001875E+03,  1.1154638E+04,3,
 -2.7553055E+02,  0.0000000E+00,  2.6353735E+02,3568,  1.9937776E-02,  0.0000000E+00, -1.5818006E-03,  1.0002799E+03,  1.6656689E+04,3,
 -2.7269852E+02,  0.0000000E+00,  2.6388882E+02,3624,  2.6256897E-02,  0.0000000E+00, -1.0994420E-03,  1.0003021E+03,  1.7979963E+04,3,
 -2.7067340E+02,  0.0000000E+00,  2.6422040E+02,3634,  3.9313231E-02,  0.0000000E+00, -1.7986852E-03,  1.0004894E+03,  2.9143916E+04,3,
 -2.6884387E+02,  0.0000000E+00,  2.6384204E+02,3596,  2.8455826E-02,  0.0000000E+00,  1.1375060E-03,  1.0002321E+03,  1.3810796E+04,3,
 -2.6580148E+02,  0.0000000E+00,  2.6360898E+02,3559,  3.5562910E-02,  0.0000000E+00, -1.6514014E-03,  1.0004762E+03,  2.8354133E+04,3,
 -2.6321332E+02,  0.0000000E+00,  2.6378998E+02,3550,  3.3106159E-02,  0.0000000E+00, -1.4031907E-04,  1.0003466E+03,  2.0630676E+04,3,
 -2.6151035E+02,  0.0000000E+00,  2.6422266E+02,3587,  3.5735570E-02,  0.0000000E+00,  4.5174249E-03,  1.0006425E+03,  3.8272820E+04,3,
 -2.5926334E+02,  0.0000000E+00,  2.6381885E+02,3606,  2.2298383E-02,  0.0000000E+00,  1.7787726E-03,  1.0003088E+03,  1.8376252E+04,3,
 -2.5643561E+02,  0.0000000E+00,  2.6353708E+02,3541,  2.1634394E-02,  0.0000000E+00, -3.3767812E-04,  1.0003337E+03,  1.9859750E+04,3,
 -2.5323938E+02,  0.0000000E+00,  2.6362381E+02,3532,  2.1247387E-02,  0.0000000E+00, -1.3899582E-03,  1.0002861E+03,  1.7027480E+04,3,
 -2.5132410E+02,  0.0000000E+00,  2.6418140E+02,3569,  1.6879084E-02,  0.0000000E+00,  1.0008212E-02,  1.0005945E+03,  3.5409805E+04,3,
 -2.4870186E+02,  0.0000000E+00,  2.6353296E+02,3523, -1.8845642E-03,  0.0000000E+00,  7.0591143E-04,  1.0003456E+03,  2.0568854E+04,3,
 -2.4565810E+02,  0.0000000E+00,  2.6374911E+02,3578, -4.8644780E-03,  0.0000000E+00,  3.2168982E-04,  1.0001531E+03,  9.1094072E+03,3,
 -2.4283214E+02,  0.0000000E+00,  2.6382193E+02,3560,  2.9692363E-03,  0.0000000E+00, -3.1838843E-03,  1.0003320E+03,  1.9761570E+04,3,
 -2.4054031E+02,  0.0000000E+00,  2.6403290E+02,3551,  1.4968536E-02,  0.0000000E+00,  6.2356361E-05,  1.0003922E+03,  2.3343934E+04,3,
 -2.3817644E+02,  0.0000000E+00,  2.6359491E+02,3514,  3.5329196E-03,  0.0000000E+00,  2.2241098E-03,  1.0003641E+03,  2.1674428E+04,3,
 -2.3478387E+02,  0.0000000E+00,  2.6349701E+02,3505,  1.8508844E-03,  0.0000000E+00, -1.0558333E-03,  1.0001622E+03,  9.6470117E+03,3,
 -2.3117513E+02,  0.0000000E+00,  2.6355164E+02,3496,  8.9630829E-03,  0.0000000E+00, -2.6568333E-03,  1.0000754E+03,  4.4828594E+03,3,
 -2.2881221E+02,  0.0000000E+00,  2.6439764E+02,3570,  4.2895198E-02,  0.0000000E+00,  3.0384352E-03,  1.0004934E+03,  2.9380498E+04,3,
 -2.2689381E+02,  0.0000000E+00,  2.6354449E+02,3487,  1.1959777E-02,  0.0000000E+00,  6.8593019E-04,  1.0000974E+03,  5.7936167E+03,3,
 -2.2333119E+02,  0.0000000E+00,  2.6353476E+02,3478,  1.8197782E-02,  0.0000000E+00, -3.0082699E-03,  1.0003072E+03,  1.8281723E+04,3,
 -2.2082179E+02,  0.0000000E+00,  2.6417474E+02,3533,  3.3624891E-02,  0.0000000E+00,  3.8670516E-04,  1.0004702E+03,  2.7993838E+04,3,
 -2.1937729E+02,  0.0000000E+00,  2.6406506E+02,3543,  1.7346323E-02,  0.0000000E+00,  7.0872260E-03,  1.0003470E+03,  2.0656131E+04,3,
 -2.1663196E+02,  0.0000000E+00,  2.6352371E+02,3469,  6.8480228E-03,  0.0000000E+00,  1.6338356E-03,  1.0003431E+03,  2.0419756E+04,3,
 -2.1334921E+02,  0.0000000E+00,  2.6353180E+02,3460,  1.5870396E-02,  0.0000000E+00, -3.8548561E-03,  1.0002650E+03,  1.5766125E+04,3,
 -2.1028584E+02,  0.0000000E+00,  2.6361826E+02,3451,  3.3265416E-02,  0.0000000E+00, -2.5260036E-03,  1.0004710E+03,  2.8044789E+04,3,
 -2.0739185E+02,  0.0000000E+00,  2.6367874E+02,3442,  4.6741571E-02,  0.0000000E+00, -2.4065550E-03,  1.0003918E+03,  2.3325746E+04,3,
 -2.0491164E+02,  0.0000000E+00,  2.6383389E+02,3506,  4.9292829E-02,  0.0000000E+00, -6.6668727E-04,  1.0003539E+03,  2.1063438E+04,3,
 -2.0191316E+02,  0.0000000E+00,  2.6355405E+02,3433,  7.2008662E-02,  0.0000000E+00,  7.2593725E-04,  1.0005120E+03,  3.0490693E+04,3,
 -1.9870517E+02,  0.0000000E+00,  2.6356659E+02,3424,  5.6305964E-02,  0.0000000E+00,  2.5600436E-04,  1.0003132E+03,  1.8641666E+04,3,
 -1.9605975E+02,  0.0000000E+00,  2.6404001E+02,3497,  7.0285074E-02,  0.0000000E+00, -1.3477298E-04,  1.0003741E+03,  2.2270908E+04,3,
 -1.9409102E+02,  0.0000000E+00,  2.6387155E+02,3498,  3.1412173E-02,  0.0000000E+00,  8.1033772E-03,  1.0003199E+03,  1.9037982E+04,3,
 -1.9089671E+02,  0.0000000E+00,  2.6355490E+02,3415,  2.2126302E-02,  0.0000000E+00, -6.7334488E-04,  1.0002498E+03,  1.4861102E+04,3,
 -1.8737672E+02,  0.0000000E+00,  2.6350543E+02,3406,  2.5928957E-02,  0.0000000E+00, -2.1374442E-03,  1.0001722E+03,  1.0242769E+04,3,
 -1.8431784E+02,  0.0000000E+00,  2.6383762E+02,3508,  3.3825126E-02,  0.0000000E+00,  1.7933089E-04,  1.0003027E+03,  1.8012684E+04,3,
 -1.8116046E+02,  0.0000000E+00,  2.6357654E+02,3397,  4.8414275E-02,  0.0000000E+00, -4.8095114E-03,  1.0001865E+03,  1.1092875E+04,3,
 -1.7903467E+02,  0.0000000E+00,  2.6435837E+02,3461,  6.1677486E-02,  0.0000000E+00,  1.8072762E-02,  1.0005701E+03,  3.3953117E+04,3,
 -1.7675700E+02,  0.0000000E+00,  2.6371628E+02,3388,  3.8554702E-02,  0.0000000E+00, -5.3743017E-03,  1.0002441E+03,  1.4523102E+04,3,
 -1.7376964E+02,  0.0000000E+00,  2.6356754E+02,3379,  6.6990323E-02,  0.0000000E+00, -4.0245405E-03,  1.0003513E+03,  2.0907059E+04,3,
 -1.7048244E+02,  0.0000000E+00,  2.6352377E+02,3370,  7.2141305E-02,  0.0000000E+00,  7.0674838E-03,  1.0003497E+03,  2.0812506E+04,3,
 -1.6707304E+02,  0.0000000E+00,  2.6373508E+02,3489,  6.3729569E-02,  0.0000000E+00, -6.7003956E-03,  1.0001710E+03,  1.0173746E+04,3,
 -1.6420906E+02,  0.0000000E+00,  2.6379514E+02,3480,  7.3648863E-02,  0.0000000E+00,  3.3932908E-03,  1.0001841E+03,  1.0954818E+04,3,
 -1.6095065E+02,  0.0000000E+00,  2.6351459E+02,3361,  4.8583593E-02,  0.0000000E+00,  2.2245913E-03,  1.0001498E+03,  8.9132617E+03,3,
 -1.5740833E+02,  0.0000000E+00,  2.6364163E+02,3352,  7.9477571E-02,  0.0000000E+00, -8.0923336E-03,  1.0002715E+03,  1.6155056E+04,3,
 -1.5452055E+02,  0.0000000E+00,  2.6396744E+02,3407,  1.2149930E-01,  0.0000000E+00, -5.9696888E-03,  1.0002648E+03,  1.5755220E+04,3,
 -1.5175073E+02,  0.0000000E+00,  2.6362198E+02,3343,  1.5044072E-01,  0.0000000E+00,  9.5220446E-04,  1.0003129E+03,  1.8619852E+04,3,
 -1.4872710E+02,  0.0000000E+00,  2.6356357E+02,3334,  1.1273634E-01,  0.0000000E+00,  6.5075904E-03,  1.0002343E+03,  1.3941624E+04,3,
 -1.4524602E+02,  0.0000000E+00,  2.6360687E+02,3325,  7.0438832E-02,  0.0000000E+00, -4.5838158E-04,  1.0002432E+03,  1.4472221E+04,3,
 -1.4247356E+02,  0.0000000E+00,  2.6385590E+02,3389,  5.3829137E-02,  0.0000000E+00,  1.8472163E-02,  1.0001893E+03,  1.1263631E+04,3,
 -1.3932069E+02,  0.0000000E+00,  2.6361917E+02,3316,  1.5573998E-02,  0.0000000E+00, -1.9916205E-02,  1.0004483E+03,  2.6691064E+04,3,
 -1.3682872E+02,  0.0000000E+00,  2.6400961E+02,3307,  9.8205507E-02,  0.0000000E+00,  1.9321086E-02,  1.0006851E+03,  4.0815984E+04,3,
 -1.3459113E+02,  0.0000000E+00,  2.6366861E+02,3298, -5.7036471E-02,  0.0000000E+00,  2.6913613E-02,  1.0003864E+03,  2.3002008E+04,3,
 -1.3103606E+02,  0.0000000E+00,  2.6343018E+02,3289, -1.2288569E-02,  0.0000000E+00, -6.3569187E-03,  1.0003887E+03,  2.3136594E+04,3,
 -1.2731246E+02,  0.0000000E+00,  2.6366165E+02,3280,  9.5999695E-02,  0.0000000E+00, -1.9261006E-02,  1.0002444E+03,  1.4541273E+04,3,
 -1.2519232E+02,  0.0000000E+00,  2.6415314E+02,3399,  1.7874022E-01,  0.0000000E+00, -2.1345492E-02,  1.0002688E+03,  1.5995119E+04,3,
 -1.2258953E+02,  0.0000000E+00,  2.6375589E+02,3371,  9.0821117E-02,  0.0000000E+00,  8.8622905E-03,  9.9997363E+02, -1.5676147E+03,3,
 -1.1891990E+02,  0.0000000E+00,  2.6351526E+02,3271,  1.8260621E-02,  0.0000000E+00,  2.5679045E-03,  1.0000170E+03,  1.0125497E+03,3,
 -1.1502092E+02,  0.0000000E+00,  2.6344882E+02,3262,  3.2151998E-03,  0.0000000E+00,  4.1131270E-03,  1.0001569E+03,  9.3346162E+03,3,
 -1.1154137E+02,  0.0000000E+00,  2.6386545E+02,3436, -2.4672519E-02,  0.0000000E+00, -6.3751201E-04,  1.0000787E+03,  4.6825479E+03,3,
 -1.0938403E+02,  0.0000000E+00,  2.6427060E+02,3391,  2.5466083E-02,  0.0000000E+00, -2.4649143E-02,  1.0002761E+03,  1.6431314E+04,3,
 -1.0688542E+02,  0.0000000E+00,  2.6366357E+02,3253,  2.6137326E-02,  0.0000000E+00,  6.8692812E-03,  1.0001866E+03,  1.1100141E+04,3,
 -1.0317216E+02,  0.0000000E+00,  2.6362558E+02,3244,  2.2978716E-02,  0.0000000E+00, -2.1563494E-03,  1.0002498E+03,  1.4861102E+04,3,
 -9.9208427E+01,  0.0000000E+00,  2.6386237E+02,3443,  2.4221305E-02,  0.0000000E+00,  8.2683787E-03,  9.9983063E+02, -1.0065429E+04,3,
 -9.5884438E+01,  0.0000000E+00,  2.6492386E+02,3390,  1.2924723E-01,  0.0000000E+00,  8.9941673E-02,  1.0004468E+03,  2.6600094E+04,3,
 -9.4841820E+01,  0.0000000E+00,  2.6359937E+02,3235, -1.6117528E-02,  0.0000000E+00, -1.2306416E-02,  9.9994299E+02, -3.3889297E+03,3,
 -9.1237747E+01,  0.0000000E+00,  2.6403458E+02,3335,  1.4545741E-02,  0.0000000E+00,  1.1380964E-02,  9.9999603E+02, -2.3588380E+02,3,
 -8.6862053E+01,  0.0000000E+00,  2.6351407E+02,3226,  1.1799149E-02,  0.0000000E+00, -6.5697278E-03,  1.0001907E+03,  1.1343561E+04,3,
 -8.2436172E+01,  0.0000000E+00,  2.6378683E+02,3208,  4.0402468E-02,  0.0000000E+00,  6.3250307E-03,  1.0004116E+03,  2.4504387E+04,3,
 -7.9312782E+01,  0.0000000E+00,  2.6375150E+02,3199,  3.9576046E-04,  0.0000000E+00,  1.1081008E-02,  1.0001708E+03,  1.0162848E+04,3,
 -7.5327011E+01,  0.0000000E+00,  2.6426813E+02,3290,  8.2477860E-02,  0.0000000E+00, -5.6777555E-03,  1.0001342E+03,  7.9834399E+03,3,
 -7.3691559E+01,  0.0000000E+00,  2.6453159E+02,3427,  1.5932573E-01,  0.0000000E+00,  1.5424355E-02,  1.0001548E+03,  9.2111143E+03,3,
 -7.0989799E+01,  0.0000000E+00,  2.6416815E+02,3308,  1.1306438E-01,  0.0000000E+00, -1.7837771E-03,  1.0000916E+03,  5.4450327E+03,3,
 -6.6283997E+01,  0.0000000E+00,  2.6389655E+02,3190,  1.2279861E-01,  0.0000000E+00,  1.1423288E-02,  1.0001922E+03,  1.1434391E+04,3,
 -6.7744843E+01,  0.0000000E+00,  2.6490585E+02,3473,  1.0849845E-01,  0.0000000E+00, -5.5604242E-03,  1.0002089E+03,  1.2429940E+04,3,
 -6.3624825E+01,  0.0000000E+00,  2.6426144E+02,3181,  1.4898507E-01,  0.0000000E+00,  1.2356030E-02,  1.0003867E+03,  2.3016557E+04,3,
 -6.0133976E+01,  0.0000000E+00,  2.6452783E+02,3317,  1.7140783E-01,  0.0000000E+00, -8.9453923E-04,  1.0006209E+03,  3.6986910E+04,3,
 -5.7488686E+01,  0.0000000E+00,  2.6458459E+02,3336,  1.5354152E-01,  0.0000000E+00,  4.5327009E-03,  9.9987524E+02, -7.4149512E+03,3,
 -5.4622215E+01,  0.0000000E+00,  2.6494299E+02,3272,  1.9654216E-01,  0.0000000E+00,  1.4504693E-01,  1.0000339E+03,  2.0179432E+03,3,
 -5.6367142E+01,  0.0000000E+00,  2.6489944E+02,3299,  1.6103786E-01,  0.0000000E+00, -6.9682710E-02,  1.0004753E+03,  2.8299543E+04,3,
 -4.8501316E+01,  0.0000000E+00,  2.6479688E+02,3354,  3.1286833E-01,  0.0000000E+00,  9.4614051E-02,  1.0002417E+03,  1.4381363E+04,3,
 -4.2866096E+01,  0.0000000E+00,  2.6490836E+02,3318,  1.4056168E-01,  0.0000000E+00, -3.9243631E-02,  1.0002906E+03,  1.7292857E+04,3,
 -3.6106533E+01,  0.0000000E+00,  2.6495874E+02,3466, -2.6251543E-01,  0.0000000E+00, -1.1436079E-01,  1.0000875E+03,  5.2053882E+03,3,
  6.3264854E+01,  0.0000000E+00,  2.6468793E+02,3274,  5.3848438E+00,  0.0000000E+00,  6.0272825E-01,  1.0035591E+03,  2.1389233E+05,3,
  6.3248749E+01,  0.0000000E+00,  2.6469815E+02,3328,  5.3275032E+00,  0.0000000E+00,  6.5065134E-01,  1.0035891E+03,  2.1571273E+05,3,
  2.0546521E+02,  0.0000000E+00,  2.5839984E+02,3387, -9.9591196E-01,  0.0000000E+00, -1.6126384E-01,  1.0009926E+03,  5.9191223E+04,3,
  2.8977133E+02,  0.0000000E+00,  2.5823157E+02,3297,  1.2331585E+00,  0.0000000E+00,  1.0924323E-01,  1.0001356E+03,  8.0669751E+03,3,
 -3.9730716E+02,  0.0000000E+00,  2.6571744E+02,3820, -1.7602773E-03,  0.0000000E+00, -8.6758152E-04,  1.0000018E+03,  1.0524228E+02,3,
 -3.9655048E+02,  0.0000000E+00,  2.6578491E+02,3815, -1.2981771E-03,  0.0000000E+00,  1.2091246E-03,  1.0000962E+03,  5.7209941E+03,3,
 -3.9710684E+02,  0.0000000E+00,  2.6699261E+02,3828,  2.2004896E-03,  0.0000000E+00,  1.1004310E-03,  1.0003670E+03,  2.1845367E+04,3,
 -3.9475659E+02,  0.0000000E+00,  2.6592688E+02,3821, -1.2525077E-03,  0.0000000E+00,  2.6412245E-03,  1.0002462E+03,  1.4646670E+04,3,
 -3.9370941E+02,  0.0000000E+00,  2.6599164E+02,3822, -6.4435508E-04,  0.0000000E+00,  2.2498225E-03,  1.0002592E+03,  1.5420825E+04,3,
 -3.9261948E+02,  0.0000000E+00,  2.6603040E+02,3823, -1.7548046E-03,  0.0000000E+00,  1.2475285E-03,  1.0002336E+03,  1.3898015E+04,3,
 -3.9164560E+02,  0.0000000E+00,  2.6603146E+02,3824, -3.7068005E-03,  0.0000000E+00,  2.9315031E-04,  1.0001955E+03,  1.1630586E+04,3,
 -3.9050601E+02,  0.0000000E+00,  2.6594000E+02,3825, -2.5978666E-03,  0.0000000E+00,  9.8958553E-04,  1.0001519E+03,  9.0367607E+03,3,
 -3.8970047E+02,  0.0000000E+00,  2.6596967E+02,3827,  6.3867965E-03,  0.0000000E+00,  1.7100241E-03,  1.0001423E+03,  8.4665010E+03,3,
 -3.8820148E+02,  0.0000000E+00,  2.6641663E+02,3826, -5.3232587E-03,  0.0000000E+00,  7.4798954E-03,  1.0002034E+03,  1.2099291E+04,3,
 -3.8658377E+02,  0.0000000E+00,  2.6652435E+02,3818, -1.1113162E-02,  0.0000000E+00,  5.4024062E-03,  1.0002394E+03,  1.4243261E+04,3,
 -3.8537738E+02,  0.0000000E+00,  2.6564651E+02,3812, -1.5846636E-02,  0.0000000E+00, -3.3552706E-04,  1.0001535E+03,  9.1312021E+03,3,
 -3.8449307E+02,  0.0000000E+00,  2.6577890E+02,3813, -6.5087150E-03,  0.0000000E+00,  2.7028774E-04,  1.0002151E+03,  1.2796938E+04,3,
 -3.7791275E+02,  0.0000000E+00,  2.6570688E+02,3788, -1.5487328E-02,  0.0000000E+00,  1.1733307E-03,  1.0002498E+03,  1.4861102E+04,3,
 -3.8244666E+02,  0.0000000E+00,  2.6557199E+02,3805, -1.1011592E-02,  0.0000000E+00,  2.4234876E-03,  1.0001735E+03,  1.0319058E+04,3,
 -3.8007986E+02,  0.0000000E+00,  2.6564816E+02,3785, -8.1419768E-03,  0.0000000E+00,  1.5817066E-03,  1.0001844E+03,  1.0969351E+04,3,
 -3.8336108E+02,  0.0000000E+00,  2.6674451E+02,3814, -1.0893347E-02,  0.0000000E+00,  1.6522793E-03,  1.0002906E+03,  1.7296492E+04,3,
 -3.8086115E+02,  0.0000000E+00,  2.6668213E+02,3806, -1.3546315E-02,  0.0000000E+00,  1.2028508E-03,  1.0002778E+03,  1.6533096E+04,3,
 -3.7904596E+02,  0.0000000E+00,  2.6573123E+02,3804, -8.7935468E-03,  0.0000000E+00,  1.7366690E-03,  1.0002097E+03,  1.2477178E+04,3,
 -3.7678534E+02,  0.0000000E+00,  2.6683826E+02,3819, -3.6439744E-03,  0.0000000E+00,  4.2960863E-04,  1.0002888E+03,  1.7187432E+04,3,
 -3.7595135E+02,  0.0000000E+00,  2.6581174E+02,3795, -2.1751501E-02,  0.0000000E+00, -1.7461103E-03,  1.0002357E+03,  1.4025209E+04,3,
 -3.7482675E+02,  0.0000000E+00,  2.6558844E+02,3798,  1.0487483E-02,  0.0000000E+00,  2.5709921E-03,  1.0001246E+03,  7.4132402E+03,3,
 -3.7291748E+02,  0.0000000E+00,  2.6664764E+02,3807,  9.9712722E-03,  0.0000000E+00,  1.9619437E-03,  1.0002648E+03,  1.5755220E+04,3,
 -3.7114191E+02,  0.0000000E+00,  2.6634058E+02,3796, -1.1395387E-02,  0.0000000E+00,  7.4004731E-03,  1.0002448E+03,  1.4566714E+04,3,
 -3.7368256E+02,  0.0000000E+00,  2.6577383E+02,3787, -3.7676562E-02,  0.0000000E+00,  8.2916440E-03,  1.0002173E+03,  1.2927753E+04,3,
 -3.6955084E+02,  0.0000000E+00,  2.6628290E+02,3817, -1.7518260E-02,  0.0000000E+00,  3.9453045E-03,  1.0002430E+03,  1.4461317E+04,3,
 -3.6748053E+02,  0.0000000E+00,  2.6554276E+02,3799, -1.6218413E-02,  0.0000000E+00, -5.4583873E-04,  1.0001920E+03,  1.1419858E+04,3,
 -3.6815778E+02,  0.0000000E+00,  2.6638547E+02,3810, -1.6035534E-02,  0.0000000E+00,  1.5725815E-03,  1.0002399E+03,  1.4275970E+04,3,
 -3.6519275E+02,  0.0000000E+00,  2.6609964E+02,3797, -1.6906478E-02,  0.0000000E+00,  7.1579805E-03,  1.0002582E+03,  1.5366305E+04,3,
 -3.6638095E+02,  0.0000000E+00,  2.6580130E+02,3786, -6.9509964E-03,  0.0000000E+00,  3.2135763E-03,  1.0002156E+03,  1.2829643E+04,3,
 -3.6396802E+02,  0.0000000E+00,  2.6637238E+02,3808, -1.9190380E-02,  0.0000000E+00,  6.0576610E-03,  1.0002877E+03,  1.7118361E+04,3,
 -3.6202698E+02,  0.0000000E+00,  2.6668271E+02,3809,  1.8646182E-03,  0.0000000E+00,  1.1246802E-03,  1.0002996E+03,  1.7827270E+04,3,
 -3.6248499E+02,  0.0000000E+00,  2.6539108E+02,3779, -4.6498775E-02,  0.0000000E+00, -4.7283730E-04,  1.0001656E+03,  9.8504365E+03,3,
 -3.6088480E+02,  0.0000000E+00,  2.6545050E+02,3778, -3.1721979E-02,  0.0000000E+00, -3.3546619E-03,  1.0001494E+03,  8.8842041E+03,3,
 -3.5968405E+02,  0.0000000E+00,  2.6662814E+02,3800, -1.1497518E-02,  0.0000000E+00, -9.8067205E-05,  1.0002869E+03,  1.7074738E+04,3,
 -3.5879514E+02,  0.0000000E+00,  2.6561206E+02,3758, -3.5676613E-02,  0.0000000E+00, -3.8882231E-03,  1.0002565E+03,  1.5260900E+04,3,
 -3.5709991E+02,  0.0000000E+00,  2.6647717E+02,3801, -2.1514364E-02,  0.0000000E+00,  3.0809834E-03,  1.0002502E+03,  1.4886542E+04,3,
 -3.5685678E+02,  0.0000000E+00,  2.6560419E+02,3768, -8.7823803E-03,  0.0000000E+00,  1.8371207E-03,  1.0002392E+03,  1.4232358E+04,3,
 -3.5493088E+02,  0.0000000E+00,  2.6643893E+02,3790, -3.1267338E-02,  0.0000000E+00,  9.2606386E-03,  1.0002703E+03,  1.6085992E+04,3,
 -3.5349963E+02,  0.0000000E+00,  2.6554590E+02,3749, -4.8466142E-02,  0.0000000E+00,  4.1077164E-04,  1.0002076E+03,  1.2353636E+04,3,
 -3.5280457E+02,  0.0000000E+00,  2.6673804E+02,3789, -1.7743789E-02,  0.0000000E+00,  3.6951902E-03,  1.0002831E+03,  1.6845719E+04,3,
 -3.5166229E+02,  0.0000000E+00,  2.6581195E+02,3759, -4.4578079E-02,  0.0000000E+00, -8.3224988E-04,  1.0002211E+03,  1.3156683E+04,3,
 -3.5080923E+02,  0.0000000E+00,  2.6555676E+02,3769, -2.2240950E-02,  0.0000000E+00, -2.5074012E-03,  1.0001276E+03,  7.5911973E+03,3,
 -3.4942874E+02,  0.0000000E+00,  2.6661508E+02,3792, -4.4704072E-02,  0.0000000E+00,  3.8969915E-03,  1.0002562E+03,  1.5246362E+04,3,
 -3.4803946E+02,  0.0000000E+00,  2.6617426E+02,3781, -3.5937168E-02,  0.0000000E+00,  2.3262645E-03,  1.0002133E+03,  1.2691562E+04,3,
 -3.4667532E+02,  0.0000000E+00,  2.6615381E+02,3791, -4.0981110E-02,  0.0000000E+00,  2.0876440E-04,  1.0002104E+03,  1.2520780E+04,3,
 -3.4546304E+02,  0.0000000E+00,  2.6633899E+02,3782, -3.6215704E-02,  0.0000000E+00, -1.0634166E-03,  1.0002303E+03,  1.3701774E+04,3,
 -3.4437439E+02,  0.0000000E+00,  2.6571838E+02,3761, -3.9831329E-02,  0.0000000E+00, -2.2407712E-03,  1.0001836E+03,  1.0922121E+04,3,
 -3.4325983E+02,  0.0000000E+00,  2.6580511E+02,3742, -3.7441839E-02,  0.0000000E+00,  6.9938673E-05,  1.0002318E+03,  1.3788991E+04,3,
 -3.4220999E+02,  0.0000000E+00,  2.6663229E+02,3780, -3.6443453E-02,  0.0000000E+00, -4.1475898E-04,  1.0002853E+03,  1.6976586E+04,3,
 -3.3820132E+02,  0.0000000E+00,  2.6570554E+02,3722, -3.4240186E-02,  0.0000000E+00,  3.3824230E-03,  1.0002610E+03,  1.5529865E+04,3,
 -3.4124915E+02,  0.0000000E+00,  2.6548334E+02,3752, -4.4807475E-02,  0.0000000E+00, -2.7591339E-03,  1.0001241E+03,  7.3805547E+03,3,
 -3.3991220E+02,  0.0000000E+00,  2.6670721E+02,3783, -4.2656440E-02,  0.0000000E+00, -1.9127047E-03,  1.0002958E+03,  1.7601867E+04,3,
 -3.3921558E+02,  0.0000000E+00,  2.6539249E+02,3753, -2.5609281E-02,  0.0000000E+00, -1.9443999E-03,  1.0001414E+03,  8.4120186E+03,3,
 -3.3704361E+02,  0.0000000E+00,  2.6646359E+02,3770, -4.0457945E-02,  0.0000000E+00,  1.7172548E-03,  1.0002799E+03,  1.6656689E+04,3,
 -3.3597733E+02,  0.0000000E+00,  2.6548685E+02,3723, -4.6209253E-02,  0.0000000E+00, -2.2453971E-03,  1.0002303E+03,  1.3705408E+04,3,
 -3.3478864E+02,  0.0000000E+00,  2.6659961E+02,3772, -3.9191961E-02,  0.0000000E+00, -6.1219428E-03,  1.0002808E+03,  1.6711217E+04,3,
 -3.3377591E+02,  0.0000000E+00,  2.6564883E+02,3743, -4.3120004E-02,  0.0000000E+00, -1.4943147E-02,  1.0002440E+03,  1.4515833E+04,3,
 -3.3270593E+02,  0.0000000E+00,  2.6531113E+02,3754,  2.6934952E-03,  0.0000000E+00, -1.1695808E-02,  1.0001570E+03,  9.3418818E+03,3,
 -3.3192566E+02,  0.0000000E+00,  2.6661371E+02,3771, -8.8109493E-02,  0.0000000E+00, -5.1308712E-03,  1.0002805E+03,  1.6693041E+04,3,
 -3.3107507E+02,  0.0000000E+00,  2.6541132E+02,3744, -3.8596450E-03,  0.0000000E+00, -6.0111759E-03,  1.0001732E+03,  1.0300894E+04,3,
 -3.2958789E+02,  0.0000000E+00,  2.6663629E+02,3774, -6.0199320E-02,  0.0000000E+00, -6.9264448E-03,  1.0002851E+03,  1.6965680E+04,3,
 -3.2903558E+02,  0.0000000E+00,  2.6562277E+02,3751, -3.7607826E-02,  0.0000000E+00, -9.3769804E-03,  1.0002750E+03,  1.6362249E+04,3,
 -3.2741211E+02,  0.0000000E+00,  2.6538370E+02,3762, -4.3534338E-02,  0.0000000E+00, -6.6364841E-03,  1.0001893E+03,  1.1263631E+04,3,
 -3.2679086E+02,  0.0000000E+00,  2.6666653E+02,3773, -5.2257918E-02,  0.0000000E+00, -6.4090402E-03,  1.0002773E+03,  1.6504016E+04,3,
 -3.2549860E+02,  0.0000000E+00,  2.6556851E+02,3733, -5.4085784E-02,  0.0000000E+00,  1.3406613E-03,  1.0002120E+03,  1.2611621E+04,3,
 -3.2352463E+02,  0.0000000E+00,  2.6551758E+02,3724, -7.5416476E-02,  0.0000000E+00,  1.3585808E-02,  1.0002076E+03,  1.2350002E+04,3,
 -3.2425406E+02,  0.0000000E+00,  2.6662762E+02,3763, -1.0587427E-02,  0.0000000E+00,  4.0095546E-03,  1.0002689E+03,  1.5998754E+04,3,
 -3.2221844E+02,  0.0000000E+00,  2.6564664E+02,3705, -5.1447667E-02,  0.0000000E+00, -3.4233062E-03,  1.0002327E+03,  1.3843503E+04,3,
 -3.2109570E+02,  0.0000000E+00,  2.6666959E+02,3765, -4.7676638E-02,  0.0000000E+00, -8.4471609E-03,  1.0002658E+03,  1.5817012E+04,3,
 -3.2037311E+02,  0.0000000E+00,  2.6559955E+02,3686,  8.2100490E-03,  0.0000000E+00, -7.1269991E-03,  1.0002883E+03,  1.7158350E+04,3,
 -3.1818777E+02,  0.0000000E+00,  2.6635129E+02,3764,  5.4169358E-03,  0.0000000E+00, -3.2944009E-02,  1.0002311E+03,  1.3752650E+04,3,
 -3.1909183E+02,  0.0000000E+00,  2.6543015E+02,3732, -1.1282055E-01,  0.0000000E+00, -7.1551674E-04,  1.0002540E+03,  1.5111883E+04,3,
 -3.1629260E+02,  0.0000000E+00,  2.6637576E+02,3756,  4.3405134E-02,  0.0000000E+00, -2.5348883E-02,  1.0002316E+03,  1.3778089E+04,3,
 -3.1457059E+02,  0.0000000E+00,  2.6541980E+02,3725, -1.2383077E-03,  0.0000000E+00, -3.1193804E-02,  1.0002765E+03,  1.6453125E+04,3,
 -3.1425159E+02,  0.0000000E+00,  2.6656866E+02,3755,  8.8029645E-02,  0.0000000E+00, -1.7135860E-02,  1.0002507E+03,  1.4919253E+04,3,
 -3.1297937E+02,  0.0000000E+00,  2.6567767E+02,3715,  2.6069863E-02,  0.0000000E+00, -1.7283741E-02,  1.0002209E+03,  1.3145781E+04,3,
 -3.1076578E+02,  0.0000000E+00,  2.6639490E+02,3745,  3.7107874E-02,  0.0000000E+00, -3.2683292E-03,  1.0002706E+03,  1.6100531E+04,3,
 -3.1181015E+02,  0.0000000E+00,  2.6560736E+02,3714,  7.2144948E-02,  0.0000000E+00, -1.8449910E-02,  1.0001833E+03,  1.0907589E+04,3,
 -3.0931241E+02,  0.0000000E+00,  2.6638571E+02,3747,  3.0688494E-02,  0.0000000E+00,  1.2791004E-04,  1.0003070E+03,  1.8270816E+04,3,
 -3.0723257E+02,  0.0000000E+00,  2.6551199E+02,3716,  1.0237707E-02,  0.0000000E+00, -4.5999712E-03,  1.0001588E+03,  9.4472227E+03,3,
 -3.0774313E+02,  0.0000000E+00,  2.6645883E+02,3734,  5.3847972E-02,  0.0000000E+00,  3.0738928E-03,  1.0002705E+03,  1.6096896E+04,3,
 -3.0591241E+02,  0.0000000E+00,  2.6574963E+02,3695,  4.3504149E-02,  0.0000000E+00, -1.3532002E-03,  1.0002031E+03,  1.2081124E+04,3,
 -3.0481644E+02,  0.0000000E+00,  2.6559589E+02,3707,  3.9709006E-02,  0.0000000E+00,  6.0010649E-04,  1.0002334E+03,  1.3887112E+04,3,
 -3.0400162E+02,  0.0000000E+00,  2.6670230E+02,3746,  2.1662354E-02,  0.0000000E+00, -7.0662179E-04,  1.0002692E+03,  1.6016929E+04,3,
 -3.0285269E+02,  0.0000000E+00,  2.6573306E+02,3678,  3.5965230E-02,  0.0000000E+00, -4.5929127E-03,  1.0002451E+03,  1.4584886E+04,3,
 -3.0176276E+02,  0.0000000E+00,  2.6575803E+02,3668,  3.4866560E-02,  0.0000000E+00, -3.1064018E-03,  1.0002169E+03,  1.2905951E+04,3,
 -3.0063425E+02,  0.0000000E+00,  2.6575421E+02,3669,  4.6343379E-02,  0.0000000E+00,  1.2257657E-03,  1.0002251E+03,  1.3392885E+04,3,
 -2.9888528E+02,  0.0000000E+00,  2.6550909E+02,3641,  4.0653624E-02,  0.0000000E+00,  3.1839402E-03,  1.0001904E+03,  1.1329028E+04,3,
 -2.9956482E+02,  0.0000000E+00,  2.6651108E+02,3735,  1.9970119E-02,  0.0000000E+00,  2.3863225E-03,  1.0002577E+03,  1.5333593E+04,3,
 -2.9746872E+02,  0.0000000E+00,  2.6632697E+02,3726,  2.7104579E-02,  0.0000000E+00, -4.9451771E-03,  1.0002654E+03,  1.5795203E+04,3,
 -2.9595813E+02,  0.0000000E+00,  2.6654599E+02,3738,  4.6027161E-02,  0.0000000E+00, -7.0540109E-03,  1.0002579E+03,  1.5344497E+04,3,
 -2.9475757E+02,  0.0000000E+00,  2.6570706E+02,3687,  4.1610096E-02,  0.0000000E+00, -6.7073102E-03,  1.0001675E+03,  9.9666816E+03,3,
 -2.9387775E+02,  0.0000000E+00,  2.6579163E+02,3706,  4.0447868E-02,  0.0000000E+00, -4.7926996E-03,  1.0001851E+03,  1.1009314E+04,3,
 -2.9198706E+02,  0.0000000E+00,  2.6666833E+02,3736,  1.0677389E-02,  0.0000000E+00, -5.9130433E-04,  1.0002708E+03,  1.6115071E+04,3,
 -2.9248734E+02,  0.0000000E+00,  2.6567960E+02,3697,  6.5784492E-02,  0.0000000E+00, -1.9933265E-03,  1.0002312E+03,  1.3756285E+04,3,
 -2.8971396E+02,  0.0000000E+00,  2.6652319E+02,3737,  3.9879058E-02,  0.0000000E+00, -3.7564072E-03,  1.0002897E+03,  1.7241963E+04,3,
 -2.9074908E+02,  0.0000000E+00,  2.6533075E+02,3699,  5.5748552E-02,  0.0000000E+00, -9.0296310E-04,  1.0001603E+03,  9.5344033E+03,3,
 -2.8823511E+02,  0.0000000E+00,  2.6629587E+02,3727,  4.2497791E-02,  0.0000000E+00, -3.7536621E-03,  1.0002678E+03,  1.5933326E+04,3,
 -2.8682608E+02,  0.0000000E+00,  2.6565036E+02,3717,  4.2935535E-02,  0.0000000E+00, -1.9679780E-03,  1.0002368E+03,  1.4086990E+04,3,
 -2.8591580E+02,  0.0000000E+00,  2.6642737E+02,3729,  4.6290945E-02,  0.0000000E+00, -1.0174366E-03,  1.0002618E+03,  1.5580752E+04,3,
 -2.8463736E+02,  0.0000000E+00,  2.6548856E+02,3688,  3.2526366E-02,  0.0000000E+00, -1.8693918E-03,  1.0002404E+03,  1.4305043E+04,3,
 -2.8369281E+02,  0.0000000E+00,  2.6653333E+02,3728,  4.7001410E-02,  0.0000000E+00, -1.0722271E-03,  1.0002723E+03,  1.6205945E+04,3,
 -2.8266882E+02,  0.0000000E+00,  2.6556357E+02,3679,  3.9770029E-02,  0.0000000E+00, -9.3480630E-04,  1.0002357E+03,  1.4021575E+04,3,
 -2.8138071E+02,  0.0000000E+00,  2.6642999E+02,3718,  4.7391430E-02,  0.0000000E+00,  2.9330726E-03,  1.0002589E+03,  1.5406286E+04,3,
 -2.8065912E+02,  0.0000000E+00,  2.6533527E+02,3698,  4.1216254E-02,  0.0000000E+00,  9.0959035E-03,  1.0002182E+03,  1.2982260E+04,3,
 -2.7930133E+02,  0.0000000E+00,  2.6543427E+02,3689,  3.5133664E-02,  0.0000000E+00,  2.5641001E-03,  1.0002739E+03,  1.6300454E+04,3,
 -2.7870657E+02,  0.0000000E+00,  2.6665213E+02,3719,  4.7904581E-02,  0.0000000E+00, -1.3686020E-04,  1.0002675E+03,  1.5918787E+04,3,
 -2.7750296E+02,  0.0000000E+00,  2.6564713E+02,3650,  4.1104674E-02,  0.0000000E+00, -4.7952225E-03,  1.0002767E+03,  1.6467666E+04,3,
 -2.7637354E+02,  0.0000000E+00,  2.6551199E+02,3653,  4.8764873E-02,  0.0000000E+00, -2.1138517E-03,  1.0002338E+03,  1.3912551E+04,3,
 -2.7536478E+02,  0.0000000E+00,  2.6662991E+02,3720,  4.3629739E-02,  0.0000000E+00, -1.7947055E-03,  1.0002634E+03,  1.5675255E+04,3,
 -2.7433917E+02,  0.0000000E+00,  2.6574796E+02,3659,  4.1476902E-02,  0.0000000E+00, -1.6694096E-03,  1.0002347E+03,  1.3967062E+04,3,
 -2.7327512E+02,  0.0000000E+00,  2.6563980E+02,3670,  4.1507550E-02,  0.0000000E+00, -3.7359614E-03,  1.0001913E+03,  1.1383526E+04,3,
 -2.7216672E+02,  0.0000000E+00,  2.6636020E+02,3708,  5.0236102E-02,  0.0000000E+00, -4.4572563E-03,  1.0002407E+03,  1.4319580E+04,3,
 -2.7065851E+02,  0.0000000E+00,  2.6642603E+02,3710,  4.5442715E-02,  0.0000000E+00, -2.1117411E-03,  1.0002547E+03,  1.5155497E+04,3,
 -2.6894812E+02,  0.0000000E+00,  2.6563464E+02,3623,  4.5896105E-02,  0.0000000E+00, -2.5965404E-03,  1.0002363E+03,  1.4057917E+04,3,
 -2.6814050E+02,  0.0000000E+00,  2.6673450E+02,3711,  4.3457691E-02,  0.0000000E+00, -1.9572086E-03,  1.0002817E+03,  1.6765744E+04,3,
 -2.6687827E+02,  0.0000000E+00,  2.6575885E+02,3662,  5.0991140E-02,  0.0000000E+00, -1.3970918E-03,  1.0001981E+03,  1.1786818E+04,3,
 -2.6639755E+02,  0.0000000E+00,  2.6554364E+02,3681,  4.4381715E-02,  0.0000000E+00,  1.3478078E-03,  1.0000933E+03,  5.5503330E+03,3,
 -2.6491855E+02,  0.0000000E+00,  2.6648306E+02,3709,  4.5291752E-02,  0.0000000E+00,  3.6059595E-03,  1.0002711E+03,  1.6129611E+04,3,
 -2.6371426E+02,  0.0000000E+00,  2.6627524E+02,3701,  4.2507362E-02,  0.0000000E+00,  3.7465303E-03,  1.0002484E+03,  1.4777509E+04,3,
 -2.6245148E+02,  0.0000000E+00,  2.6607999E+02,3700,  4.1834764E-02,  0.0000000E+00,  8.7772700E-04,  1.0001812E+03,  1.0780435E+04,3,
 -2.6071707E+02,  0.0000000E+00,  2.6650104E+02,3702,  4.6246637E-02,  0.0000000E+00, -9.6597435E-04,  1.0002184E+03,  1.2993161E+04,3,
 -2.5945255E+02,  0.0000000E+00,  2.6578775E+02,3651,  5.0014172E-02,  0.0000000E+00,  5.1223632E-04,  1.0001472E+03,  8.7570752E+03,3,
 -2.5858417E+02,  0.0000000E+00,  2.6586877E+02,3652,  4.4220749E-02,  0.0000000E+00,  4.3456082E-04,  1.0001835E+03,  1.0918488E+04,3,
 -2.5755835E+02,  0.0000000E+00,  2.6589111E+02,3605,  4.9969703E-02,  0.0000000E+00,  2.1110892E-03,  1.0002307E+03,  1.3723578E+04,3,
 -2.5553453E+02,  0.0000000E+00,  2.6555191E+02,3663,  4.2148750E-02,  0.0000000E+00,  5.0895484E-03,  1.0002073E+03,  1.2331835E+04,3,
 -2.5617749E+02,  0.0000000E+00,  2.6665622E+02,3680,  4.9049184E-02,  0.0000000E+00,  2.6580219E-03,  1.0002756E+03,  1.6398600E+04,3,
 -2.5436809E+02,  0.0000000E+00,  2.6560251E+02,3597,  3.6473740E-02,  0.0000000E+00,  4.8546316E-04,  1.0001895E+03,  1.1270897E+04,3,
 -2.5336047E+02,  0.0000000E+00,  2.6639896E+02,3692,  5.0509576E-02,  0.0000000E+00, -4.2567118E-03,  1.0002507E+03,  1.4919253E+04,3,
 -2.5196814E+02,  0.0000000E+00,  2.6612909E+02,3690,  6.2085889E-02,  0.0000000E+00, -2.8787076E-03,  1.0002224E+03,  1.3232994E+04,3,
 -2.5040150E+02,  0.0000000E+00,  2.6648694E+02,3693,  4.0459190E-02,  0.0000000E+00, -2.5290127E-03,  1.0002426E+03,  1.4435878E+04,3,
 -2.4954790E+02,  0.0000000E+00,  2.6555133E+02,3671,  7.1658976E-02,  0.0000000E+00,  1.0030012E-03,  1.0000893E+03,  5.3106860E+03,3,
 -2.4832541E+02,  0.0000000E+00,  2.6574268E+02,3643,  6.4961150E-02,  0.0000000E+00,  5.7471567E-03,  1.0002101E+03,  1.2498979E+04,3,
 -2.4628008E+02,  0.0000000E+00,  2.6570609E+02,3654,  6.5307088E-02,  0.0000000E+00,  1.1255918E-03,  1.0002935E+03,  1.7467355E+04,3,
 -2.4748132E+02,  0.0000000E+00,  2.6659146E+02,3691,  3.6709782E-02,  0.0000000E+00,  2.0835593E-03,  1.0002637E+03,  1.5689794E+04,3,
 -2.4518982E+02,  0.0000000E+00,  2.6579727E+02,3661,  5.6987081E-02,  0.0000000E+00, -2.2271576E-03,  1.0002481E+03,  1.4762971E+04,3,
 -2.4426965E+02,  0.0000000E+00,  2.6551657E+02,3645,  4.7346216E-02,  0.0000000E+00, -3.2474874E-03,  1.0002159E+03,  1.2847811E+04,3,
 -2.4307794E+02,  0.0000000E+00,  2.6647198E+02,3683,  7.2163872E-02,  0.0000000E+00, -2.8886658E-03,  1.0002418E+03,  1.4388632E+04,3,
 -2.4169284E+02,  0.0000000E+00,  2.6555786E+02,3633,  6.0917024E-02,  0.0000000E+00,  5.6954881E-04,  1.0001813E+03,  1.0787700E+04,3,
 -2.4083478E+02,  0.0000000E+00,  2.6636346E+02,3682,  5.2364700E-02,  0.0000000E+00, -4.7764450E-04,  1.0002655E+03,  1.5798838E+04,3,
 -2.3920341E+02,  0.0000000E+00,  2.6646774E+02,3684,  5.4003559E-02,  0.0000000E+00, -4.5841429E-03,  1.0002747E+03,  1.6347709E+04,3,
 -2.3826988E+02,  0.0000000E+00,  2.6548230E+02,3614,  7.4253947E-02,  0.0000000E+00, -3.8992267E-03,  1.0001432E+03,  8.5209824E+03,3,
 -2.3707121E+02,  0.0000000E+00,  2.6634991E+02,3672,  5.6334253E-02,  0.0000000E+00,  3.9731027E-04,  1.0002547E+03,  1.5155497E+04,3,
 -2.3615907E+02,  0.0000000E+00,  2.6560178E+02,3615,  5.2304190E-02,  0.0000000E+00,  2.4682586E-03,  1.0002495E+03,  1.4846563E+04,3,
 -2.3485585E+02,  0.0000000E+00,  2.6531494E+02,3627,  5.2045695E-02,  0.0000000E+00, -1.7001359E-03,  1.0002534E+03,  1.5075537E+04,3,
 -2.3106595E+02,  0.0000000E+00,  2.6532117E+02,3542,  5.1275730E-02,  0.0000000E+00, -4.6082260E-03,  1.0002880E+03,  1.7140174E+04,3,
 -2.3294118E+02,  0.0000000E+00,  2.6531995E+02,3625,  5.7138726E-02,  0.0000000E+00, -1.4178726E-03,  1.0003044E+03,  1.8118117E+04,3,
 -2.3427051E+02,  0.0000000E+00,  2.6647327E+02,3674,  6.4744130E-02,  0.0000000E+00, -2.6867252E-03,  1.0002631E+03,  1.5657081E+04,3,
 -2.3177867E+02,  0.0000000E+00,  2.6649915E+02,3675,  6.0224604E-02,  0.0000000E+00, -3.9501041E-03,  1.0002654E+03,  1.5791568E+04,3,
 -2.2973051E+02,  0.0000000E+00,  2.6619180E+02,3673,  6.3310400E-02,  0.0000000E+00, -7.4326014E-03,  1.0002495E+03,  1.4842929E+04,3,
 -2.2805737E+02,  0.0000000E+00,  2.6626804E+02,3665,  7.2568409E-02,  0.0000000E+00, -2.1354517E-03,  1.0002592E+03,  1.5424459E+04,3,
 -2.2640485E+02,  0.0000000E+00,  2.6630331E+02,3664,  7.7439882E-02,  0.0000000E+00,  4.2379005E-03,  1.0002545E+03,  1.5140959E+04,3,
 -2.2600934E+02,  0.0000000E+00,  2.6544968E+02,3626,  4.8910692E-02,  0.0000000E+00,  3.9596986E-03,  1.0002972E+03,  1.7685482E+04,3,
 -2.2473601E+02,  0.0000000E+00,  2.6549249E+02,3635,  5.1123016E-02,  0.0000000E+00,  7.4849586E-04,  1.0001887E+03,  1.1223667E+04,3,
 -2.2317390E+02,  0.0000000E+00,  2.6553058E+02,3579,  2.5350969E-02,  0.0000000E+00,  1.0894826E-03,  1.0001486E+03,  8.8406162E+03,3,
 -2.2333836E+02,  0.0000000E+00,  2.6659811E+02,3666,  1.0599895E-01,  0.0000000E+00, -7.9373308E-03,  1.0002571E+03,  1.5300881E+04,3,
 -2.2137059E+02,  0.0000000E+00,  2.6623651E+02,3644,  7.8880593E-02,  0.0000000E+00, -9.1739977E-03,  1.0002416E+03,  1.4374095E+04,3,
 -2.1980113E+02,  0.0000000E+00,  2.6628482E+02,3656,  8.7178946E-02,  0.0000000E+00, -5.6472928E-03,  1.0002445E+03,  1.4548542E+04,3,
 -2.1826216E+02,  0.0000000E+00,  2.6629721E+02,3655,  8.7998897E-02,  0.0000000E+00, -2.8667441E-03,  1.0002426E+03,  1.4435878E+04,3,
 -2.1743318E+02,  0.0000000E+00,  2.6556244E+02,3598,  6.8099983E-02,  0.0000000E+00, -8.4122596E-03,  1.0001310E+03,  7.7945801E+03,3,
 -2.1601219E+02,  0.0000000E+00,  2.6562018E+02,3607,  1.0448618E-01,  0.0000000E+00, -4.3793484E-03,  1.0001862E+03,  1.1078343E+04,3,
 -2.1545880E+02,  0.0000000E+00,  2.6656345E+02,3657,  5.1972028E-02,  0.0000000E+00, -2.3845620E-03,  1.0002652E+03,  1.5780664E+04,3,
 -2.1415822E+02,  0.0000000E+00,  2.6568988E+02,3580,  8.4443033E-02,  0.0000000E+00, -1.6548323E-03,  1.0002328E+03,  1.3850771E+04,3,
 -2.1311302E+02,  0.0000000E+00,  2.6563751E+02,3581,  7.7934630E-02,  0.0000000E+00, -2.7070548E-03,  1.0002111E+03,  1.2557117E+04,3,
 -2.1206140E+02,  0.0000000E+00,  2.6619690E+02,3646,  7.9959556E-02,  0.0000000E+00, -4.8237438E-03,  1.0002355E+03,  1.4010673E+04,3,
 -2.1110054E+02,  0.0000000E+00,  2.6560681E+02,3524,  7.0704333E-02,  0.0000000E+00, -4.8590577E-03,  1.0001518E+03,  9.0294961E+03,3,
 -2.0980679E+02,  0.0000000E+00,  2.6645270E+02,3647,  8.7310463E-02,  0.0000000E+00, -6.7089768E-03,  1.0002755E+03,  1.6394965E+04,3,
 -2.0796666E+02,  0.0000000E+00,  2.6628241E+02,3636,  7.7304386E-02,  0.0000000E+00, -7.2529013E-03,  1.0002840E+03,  1.6900246E+04,3,
 -2.0869975E+02,  0.0000000E+00,  2.6537283E+02,3552,  7.7140965E-02,  0.0000000E+00, -6.1471076E-03,  1.0000627E+03,  3.7313398E+03,3,
 -2.0629039E+02,  0.0000000E+00,  2.6646286E+02,3648,  7.5122438E-02,  0.0000000E+00, -1.0813473E-02,  1.0002807E+03,  1.6703947E+04,3,
 -2.0535748E+02,  0.0000000E+00,  2.6567334E+02,3588,  1.0217336E-01,  0.0000000E+00, -4.4860006E-03,  1.0001914E+03,  1.1387159E+04,3,
 -2.0404428E+02,  0.0000000E+00,  2.6578088E+02,3616,  8.2421154E-02,  0.0000000E+00, -1.0460865E-02,  1.0001641E+03,  9.7596211E+03,3,
 -2.0326584E+02,  0.0000000E+00,  2.6567627E+02,3608,  6.7975484E-02,  0.0000000E+00, -1.4960405E-02,  1.0001315E+03,  7.8236353E+03,3,
 -2.0218750E+02,  0.0000000E+00,  2.6656042E+02,3638,  9.7537018E-02,  0.0000000E+00, -9.1998875E-03,  1.0002575E+03,  1.5322689E+04,3,
 -2.0093140E+02,  0.0000000E+00,  2.6557886E+02,3609,  1.1094394E-01,  0.0000000E+00,  5.2706418E-03,  1.0000808E+03,  4.8059941E+03,3,
 -2.0002684E+02,  0.0000000E+00,  2.6579691E+02,3515,  6.0749780E-02,  0.0000000E+00,  8.8250972E-03,  1.0002076E+03,  1.2350002E+04,3,
 -1.9903032E+02,  0.0000000E+00,  2.6642084E+02,3637,  1.0923930E-01,  0.0000000E+00,  3.2498250E-03,  1.0002625E+03,  1.5620733E+04,3,
 -1.9802094E+02,  0.0000000E+00,  2.6552798E+02,3479,  7.4384674E-02,  0.0000000E+00,  7.0134951E-03,  1.0001813E+03,  1.0784067E+04,3,
 -1.9673007E+02,  0.0000000E+00,  2.6622150E+02,3639,  9.6973419E-02,  0.0000000E+00,  1.7693038E-03,  1.0002424E+03,  1.4424975E+04,3,
 -1.9531558E+02,  0.0000000E+00,  2.6601840E+02,3617,  8.7597094E-02,  0.0000000E+00,  1.5173631E-03,  1.0002314E+03,  1.3770821E+04,3,
 -1.9401218E+02,  0.0000000E+00,  2.6622491E+02,3629,  9.7382501E-02,  0.0000000E+00,  3.4097654E-03,  1.0002441E+03,  1.4523102E+04,3,
 -1.9278700E+02,  0.0000000E+00,  2.6530051E+02,3600,  1.1581095E-01,  0.0000000E+00,  5.8537889E-03,  1.0001423E+03,  8.4665010E+03,3,
 -1.9199771E+02,  0.0000000E+00,  2.6625818E+02,3628,  7.3213018E-02,  0.0000000E+00,  6.8093003E-03,  1.0002439E+03,  1.4512198E+04,3,
 -1.9087051E+02,  0.0000000E+00,  2.6558600E+02,3561,  9.4932742E-02,  0.0000000E+00,  2.8771870E-03,  1.0002311E+03,  1.3752650E+04,3,
 -1.8891090E+02,  0.0000000E+00,  2.6535226E+02,3590,  9.8373882E-02,  0.0000000E+00,  6.8516273E-04,  1.0002470E+03,  1.4697552E+04,3,
 -1.8952786E+02,  0.0000000E+00,  2.6638190E+02,3630,  8.2635202E-02,  0.0000000E+00, -1.6307377E-04,  1.0002594E+03,  1.5435363E+04,3,
 -1.8754657E+02,  0.0000000E+00,  2.6553568E+02,3470,  8.5868560E-02,  0.0000000E+00, -1.3988157E-03,  1.0002462E+03,  1.4646670E+04,3,
 -1.8652641E+02,  0.0000000E+00,  2.6644714E+02,3618,  9.8641939E-02,  0.0000000E+00, -5.1390785E-03,  1.0002611E+03,  1.5537135E+04,3,
 -1.8558221E+02,  0.0000000E+00,  2.6558786E+02,3571,  7.7907257E-02,  0.0000000E+00, -1.1072357E-02,  1.0002350E+03,  1.3981600E+04,3,
 -1.8337985E+02,  0.0000000E+00,  2.6650577E+02,3620,  7.4781366E-02,  0.0000000E+00, -2.9264737E-03,  1.0002659E+03,  1.5824281E+04,3,
 -1.8229927E+02,  0.0000000E+00,  2.6540765E+02,3599,  9.4265722E-02,  0.0000000E+00,  2.9986100E-03,  1.0002057E+03,  1.2237363E+04,3,
 -1.8418297E+02,  0.0000000E+00,  2.6537531E+02,3591,  1.2615517E-01,  0.0000000E+00, -8.0656717E-03,  1.0001564E+03,  9.3019248E+03,3,
 -1.8114522E+02,  0.0000000E+00,  2.6630063E+02,3621,  1.0057643E-01,  0.0000000E+00, -5.3602918E-03,  1.0002490E+03,  1.4817487E+04,3,
 -1.8003682E+02,  0.0000000E+00,  2.6599625E+02,3619,  8.1526682E-02,  0.0000000E+00, -8.1102112E-03,  1.0002001E+03,  1.1906720E+04,3,
 -1.7819298E+02,  0.0000000E+00,  2.6584854E+02,3589,  1.3837898E-01,  0.0000000E+00, -3.8444991E-03,  1.0001716E+03,  1.0210074E+04,3,
 -1.7708783E+02,  0.0000000E+00,  2.6621097E+02,3611,  1.0102701E-01,  0.0000000E+00, -1.8141743E-03,  1.0002350E+03,  1.3985233E+04,3,
 -1.7480153E+02,  0.0000000E+00,  2.6547061E+02,3562,  8.7313078E-02,  0.0000000E+00, -1.6315185E-02,  1.0001808E+03,  1.0755004E+04,3,
 -1.7585463E+02,  0.0000000E+00,  2.6607480E+02,3610,  1.0261841E-01,  0.0000000E+00, -6.8425979E-03,  1.0002477E+03,  1.4741164E+04,3,
 -1.7370132E+02,  0.0000000E+00,  2.6640100E+02,3612,  1.2819958E-01,  0.0000000E+00, -1.1066073E-02,  1.0002616E+03,  1.5566213E+04,3,
 -1.7259547E+02,  0.0000000E+00,  2.6561880E+02,3544,  1.0480624E-01,  0.0000000E+00, -8.4611150E-03,  1.0001970E+03,  1.1721419E+04,3,
 -1.7152208E+02,  0.0000000E+00,  2.6547003E+02,3554,  8.8518523E-02,  0.0000000E+00, -1.7047489E-02,  1.0001499E+03,  8.9168945E+03,3,
 -1.7081042E+02,  0.0000000E+00,  2.6644580E+02,3602,  1.0336624E-01,  0.0000000E+00, -1.2475980E-02,  1.0002639E+03,  1.5700698E+04,3,
 -1.6915097E+02,  0.0000000E+00,  2.6527213E+02,3563,  1.7159879E-01,  0.0000000E+00, -3.9986609E-03,  1.0001638E+03,  9.7450908E+03,3,
 -1.6865672E+02,  0.0000000E+00,  2.6633710E+02,3601,  6.4631268E-02,  0.0000000E+00, -1.0137439E-03,  1.0002537E+03,  1.5097345E+04,3,
 -1.6755191E+02,  0.0000000E+00,  2.6566953E+02,3553,  1.4033115E-01,  0.0000000E+00,  1.1575256E-02,  1.0002538E+03,  1.5100979E+04,3,
 -1.6618195E+02,  0.0000000E+00,  2.6542969E+02,3573,  9.4868191E-02,  0.0000000E+00,  1.6092535E-02,  1.0002625E+03,  1.5620733E+04,3,
 -1.6533183E+02,  0.0000000E+00,  2.6638126E+02,3603,  1.1907536E-01,  0.0000000E+00,  7.7018291E-03,  1.0002513E+03,  1.4955598E+04,3,
 -1.6394749E+02,  0.0000000E+00,  2.6534238E+02,3555,  1.0441034E-01,  0.0000000E+00,  2.9324815E-03,  1.0002468E+03,  1.4683014E+04,3,
 -1.6306940E+02,  0.0000000E+00,  2.6620908E+02,3582,  1.1037931E-01,  0.0000000E+00,  2.3665926E-03,  1.0002481E+03,  1.4762971E+04,3,
 -1.6198030E+02,  0.0000000E+00,  2.6548926E+02,3452,  1.0895658E-01,  0.0000000E+00, -7.4060482E-04,  1.0002769E+03,  1.6478570E+04,3,
 -1.5993193E+02,  0.0000000E+00,  2.6535162E+02,3509,  1.1676723E-01,  0.0000000E+00, -1.1781897E-02,  1.0002573E+03,  1.5311785E+04,3,
 -1.6054791E+02,  0.0000000E+00,  2.6640201E+02,3593,  1.0193809E-01,  0.0000000E+00, -4.2886660E-03,  1.0002542E+03,  1.5122786E+04,3,
 -1.5869455E+02,  0.0000000E+00,  2.6543484E+02,3471,  1.2873845E-01,  0.0000000E+00,  3.4136956E-03,  1.0002281E+03,  1.3570949E+04,3,
 -1.5776369E+02,  0.0000000E+00,  2.6631821E+02,3592,  9.0044409E-02,  0.0000000E+00, -2.1871985E-03,  1.0002540E+03,  1.5115517E+04,3,
 -1.5625096E+02,  0.0000000E+00,  2.6541544E+02,3416,  8.2090825E-02,  0.0000000E+00, -1.4608794E-02,  1.0002273E+03,  1.3523708E+04,3,
 -1.5554562E+02,  0.0000000E+00,  2.6645929E+02,3594,  1.3177441E-01,  0.0000000E+00, -1.5466839E-02,  1.0002620E+03,  1.5588021E+04,3,
 -1.5414572E+02,  0.0000000E+00,  2.6576364E+02,3572,  9.2823423E-02,  0.0000000E+00, -2.1806680E-02,  1.0002322E+03,  1.3818064E+04,3,
 -1.5297362E+02,  0.0000000E+00,  2.6550275E+02,3534,  1.0143375E-01,  0.0000000E+00, -3.2513920E-02,  1.0002113E+03,  1.2571651E+04,3,
 -1.5204117E+02,  0.0000000E+00,  2.6625711E+02,3584,  1.0238948E-01,  0.0000000E+00, -2.5394173E-02,  1.0002527E+03,  1.5039191E+04,3,
 -1.5057010E+02,  0.0000000E+00,  2.6619864E+02,3583,  1.3551661E-01,  0.0000000E+00, -4.5931488E-03,  1.0002609E+03,  1.5526230E+04,3,
 -1.4975618E+02,  0.0000000E+00,  2.6537085E+02,3516,  1.4521323E-01,  0.0000000E+00,  2.1271897E-02,  1.0002109E+03,  1.2546216E+04,3,
 -1.4833899E+02,  0.0000000E+00,  2.6640872E+02,3585,  8.4804341E-02,  0.0000000E+00,  2.4518333E-02,  1.0002625E+03,  1.5620733E+04,3,
 -1.4761684E+02,  0.0000000E+00,  2.6548340E+02,3488,  1.3820614E-01,  0.0000000E+00,  2.9931528E-02,  1.0002496E+03,  1.4850197E+04,3,
 -1.4634512E+02,  0.0000000E+00,  2.6537564E+02,3525,  1.2400720E-01,  0.0000000E+00,  3.2654539E-02,  1.0002144E+03,  1.2753334E+04,3,
 -1.4552275E+02,  0.0000000E+00,  2.6636575E+02,3575,  1.0361803E-01,  0.0000000E+00,  1.3670757E-02,  1.0002590E+03,  1.5413556E+04,3,
 -1.4396179E+02,  0.0000000E+00,  2.6540738E+02,3507,  1.0718769E-01,  0.0000000E+00, -1.0179356E-02,  1.0002763E+03,  1.6442221E+04,3,
 -1.4310524E+02,  0.0000000E+00,  2.6645300E+02,3574,  1.4009045E-01,  0.0000000E+00, -1.9979521E-03,  1.0002797E+03,  1.6645785E+04,3,
 -1.4170609E+02,  0.0000000E+00,  2.6584369E+02,3499,  1.1875209E-01,  0.0000000E+00, -9.9802935E-05,  1.0002535E+03,  1.5082806E+04,3,
 -1.4083340E+02,  0.0000000E+00,  2.6567648E+02,3510,  1.3679373E-01,  0.0000000E+00,  1.2955636E-02,  1.0001611E+03,  9.5852578E+03,3,
 -1.4011879E+02,  0.0000000E+00,  2.6572583E+02,3518,  1.4157726E-01,  0.0000000E+00,  2.4445668E-02,  1.0000955E+03,  5.6774204E+03,3,
 -1.3868481E+02,  0.0000000E+00,  2.6619513E+02,3564,  1.3217372E-01,  0.0000000E+00,  2.4947898E-02,  1.0001652E+03,  9.8250088E+03,3,
 -1.3748076E+02,  0.0000000E+00,  2.6615421E+02,3576,  6.2876858E-02,  0.0000000E+00, -4.7572311E-03,  1.0001611E+03,  9.5816260E+03,3,
 -1.3605867E+02,  0.0000000E+00,  2.6612836E+02,3545,  7.4962892E-02,  0.0000000E+00, -7.7014767E-02,  1.0001761E+03,  1.0475270E+04,3,
 -1.3427509E+02,  0.0000000E+00,  2.6555368E+02,3444,  4.0986148E-01,  0.0000000E+00,  2.0523580E-02,  1.0000937E+03,  5.5721191E+03,3,
 -1.3264391E+02,  0.0000000E+00,  2.6564755E+02,3526,  1.9043636E-01,  0.0000000E+00, -2.9947173E-02,  1.0001417E+03,  8.4265469E+03,3,
 -1.3393295E+02,  0.0000000E+00,  2.6659595E+02,3566,  4.4265192E-02,  0.0000000E+00, -5.5683866E-02,  1.0002574E+03,  1.5319055E+04,3,
 -1.3176343E+02,  0.0000000E+00,  2.6575867E+02,3527,  1.0717395E-01,  0.0000000E+00, -5.9171177E-02,  1.0001682E+03,  1.0006642E+04,3,
 -1.3056726E+02,  0.0000000E+00,  2.6556610E+02,3519,  3.5214409E-01,  0.0000000E+00, -7.2336473E-02,  1.0001937E+03,  1.1525222E+04,3,
 -1.2895956E+02,  0.0000000E+00,  2.6500055E+02,3528,  3.0456749E-01,  0.0000000E+00, -2.4983658E-02,  9.9987555E+02, -7.3968198E+03,3,
 -1.2956067E+02,  0.0000000E+00,  2.6654791E+02,3565,  7.2604746E-02,  0.0000000E+00, -3.8078369E-03,  1.0003254E+03,  1.9368863E+04,3,
 -1.2782700E+02,  0.0000000E+00,  2.6630466E+02,3567,  1.3374011E-01,  0.0000000E+00,  3.5417985E-02,  1.0003641E+03,  2.1670791E+04,3,
 -1.2652035E+02,  0.0000000E+00,  2.6605460E+02,3557,  1.7111820E-01,  0.0000000E+00,  5.4000262E-02,  1.0003295E+03,  1.9608850E+04,3,
 -1.2497966E+02,  0.0000000E+00,  2.6581348E+02,3535,  1.3197866E-01,  0.0000000E+00,  7.4087754E-02,  1.0002654E+03,  1.5795203E+04,3,
 -1.2344077E+02,  0.0000000E+00,  2.6618588E+02,3556,  8.2227618E-02,  0.0000000E+00,  5.4636821E-02,  1.0002421E+03,  1.4406803E+04,3,
 -1.2278979E+02,  0.0000000E+00,  2.6546191E+02,3417,  6.1438181E-02,  0.0000000E+00,  4.0915545E-02,  1.0003165E+03,  1.8834367E+04,3,
 -1.2086068E+02,  0.0000000E+00,  2.6600290E+02,3536,  1.6006605E-01,  0.0000000E+00,  1.8903282E-02,  1.0002164E+03,  1.2873247E+04,3,
 -1.2101449E+02,  0.0000000E+00,  2.6509689E+02,3537,  5.3861182E-02,  0.0000000E+00,  2.3536360E-02,  1.0004116E+03,  2.4504387E+04,3,
 -1.1871741E+02,  0.0000000E+00,  2.6529660E+02,3517,  8.8388681E-02,  0.0000000E+00,  2.3579039E-02,  1.0003326E+03,  1.9797934E+04,3,
 -1.1704887E+02,  0.0000000E+00,  2.6534680E+02,3445,  5.3336825E-02,  0.0000000E+00, -1.4487276E-02,  1.0002914E+03,  1.7340117E+04,3,
 -1.1854280E+02,  0.0000000E+00,  2.6627634E+02,3558,  8.8598832E-02,  0.0000000E+00,  1.6453814E-02,  1.0002352E+03,  1.3992502E+04,3,
 -1.1594129E+02,  0.0000000E+00,  2.6630405E+02,3546,  1.3008623E-01,  0.0000000E+00, -4.3923096E-03,  1.0002352E+03,  1.3992502E+04,3,
 -1.1518228E+02,  0.0000000E+00,  2.6539169E+02,3500,  8.2699537E-02,  0.0000000E+00, -5.3743282E-03,  1.0001992E+03,  1.1848586E+04,3,
 -1.1391728E+02,  0.0000000E+00,  2.6558243E+02,3434,  1.0851251E-01,  0.0000000E+00,  9.3903635E-03,  1.0002166E+03,  1.2884148E+04,3,
 -1.1286595E+02,  0.0000000E+00,  2.6557764E+02,3435,  8.8293768E-02,  0.0000000E+00,  1.7044632E-02,  1.0002808E+03,  1.6711217E+04,3,
 -1.1178397E+02,  0.0000000E+00,  2.6634274E+02,3548,  8.6350426E-02,  0.0000000E+00,  1.1748403E-02,  1.0002611E+03,  1.5537135E+04,3,
 -1.1071476E+02,  0.0000000E+00,  2.6538962E+02,3362,  1.3522348E-01,  0.0000000E+00,  4.4745053E-03,  1.0002903E+03,  1.7274680E+04,3,
 -1.0910406E+02,  0.0000000E+00,  2.6626053E+02,3549,  7.7950276E-02,  0.0000000E+00,  1.2574736E-02,  1.0002654E+03,  1.5791568E+04,3,
 -1.0770200E+02,  0.0000000E+00,  2.6605762E+02,3547,  4.9655721E-02,  0.0000000E+00, -2.3222074E-03,  1.0002614E+03,  1.5555309E+04,3,
 -1.0653363E+02,  0.0000000E+00,  2.6569791E+02,3538,  8.0076218E-02,  0.0000000E+00, -9.6070878E-03,  1.0002410E+03,  1.4337752E+04,3,
 -1.0543879E+02,  0.0000000E+00,  2.6555377E+02,3425,  7.5768925E-02,  0.0000000E+00, -8.3247386E-03,  1.0002216E+03,  1.3182119E+04,3,
 -1.0447903E+02,  0.0000000E+00,  2.6554825E+02,3398,  7.0789017E-02,  0.0000000E+00, -1.1853519E-03,  1.0002047E+03,  1.2179228E+04,3,
 -1.0341800E+02,  0.0000000E+00,  2.6632608E+02,3539,  6.3174725E-02,  0.0000000E+00,  2.8046619E-03,  1.0002324E+03,  1.3828966E+04,3,
 -1.0235043E+02,  0.0000000E+00,  2.6533774E+02,3426,  8.7266006E-02,  0.0000000E+00,  8.5851680E-03,  1.0001665E+03,  9.9049268E+03,3,
 -1.0097043E+02,  0.0000000E+00,  2.6534259E+02,3381,  6.7524329E-02,  0.0000000E+00,  5.6958823E-03,  1.0003548E+03,  2.1117988E+04,3,
 -1.0021526E+02,  0.0000000E+00,  2.6634503E+02,3540,  5.2903440E-02,  0.0000000E+00, -1.0123370E-02,  1.0002461E+03,  1.4643035E+04,3,
 -9.9112244E+01,  0.0000000E+00,  2.6535092E+02,3408,  5.4936755E-02,  0.0000000E+00, -3.3294555E-02,  1.0003619E+03,  2.1543498E+04,3,
 -9.7890900E+01,  0.0000000E+00,  2.6512521E+02,3462,  1.2627651E-01,  0.0000000E+00, -4.3951228E-02,  1.0003931E+03,  2.3402135E+04,3,
 -9.6603050E+01,  0.0000000E+00,  2.6604456E+02,3530,  5.5022150E-02,  0.0000000E+00,  1.5970152E-02,  1.0002035E+03,  1.2106558E+04,3,
 -9.4535599E+01,  0.0000000E+00,  2.6592978E+02,3529,  4.1476049E-02,  0.0000000E+00,  1.4373997E-02,  1.0002472E+03,  1.4708455E+04,3,
 -9.3174332E+01,  0.0000000E+00,  2.6614453E+02,3531,  1.1818661E-01,  0.0000000E+00, -1.2092521E-02,  1.0002393E+03,  1.4235992E+04,3,
 -9.2612976E+01,  0.0000000E+00,  2.6518311E+02,3453,  3.2531131E-02,  0.0000000E+00, -3.6857452E-02,  1.0003967E+03,  2.3613117E+04,3,
 -9.0909149E+01,  0.0000000E+00,  2.6526083E+02,3454,  1.1811007E-01,  0.0000000E+00, -3.4287613E-02,  1.0003191E+03,  1.8990713E+04,3,
 -8.9895157E+01,  0.0000000E+00,  2.6628891E+02,3521,  9.9908508E-02,  0.0000000E+00, -7.6694740E-03,  1.0002501E+03,  1.4882908E+04,3,
 -8.8943108E+01,  0.0000000E+00,  2.6538806E+02,3463,  5.7695538E-02,  0.0000000E+00,  1.6241316E-03,  1.0002745E+03,  1.6336805E+04,3,
 -8.7943100E+01,  0.0000000E+00,  2.6507193E+02,3481,  1.0649510E-01,  0.0000000E+00,  2.4934202E-02,  1.0001285E+03,  7.6456743E+03,3,
 -8.7024910E+01,  0.0000000E+00,  2.6632611E+02,3520,  9.4915777E-02,  0.0000000E+00,  5.4967632E-03,  1.0002565E+03,  1.5264535E+04,3,
 -8.5741318E+01,  0.0000000E+00,  2.6532538E+02,3482,  6.4438865E-02,  0.0000000E+00,  9.3441904E-03,  1.0002272E+03,  1.3520073E+04,3,
 -8.4351723E+01,  0.0000000E+00,  2.6639084E+02,3490,  1.9170907E-01,  0.0000000E+00, -6.8369373E-03,  1.0002448E+03,  1.4566714E+04,3,
 -8.4038750E+01,  0.0000000E+00,  2.6535571E+02,3474,  1.0266370E-02,  0.0000000E+00,  5.4393243E-03,  1.0002240E+03,  1.3327475E+04,3,
 -8.3388298E+01,  0.0000000E+00,  2.6518964E+02,3437,  3.4932740E-02,  0.0000000E+00, -1.2693296E-02,  1.0000644E+03,  3.8293608E+03,3,
 -8.1447258E+01,  0.0000000E+00,  2.6623734E+02,3522,  1.5645604E-01,  0.0000000E+00, -2.8711254E-02,  1.0002559E+03,  1.5224555E+04,3,
 -8.0225334E+01,  0.0000000E+00,  2.6588300E+02,3491,  1.2295917E-01,  0.0000000E+00, -1.4892869E-02,  1.0002322E+03,  1.3818064E+04,3,
 -7.9282600E+01,  0.0000000E+00,  2.6550122E+02,3217,  9.8439559E-02,  0.0000000E+00, -2.2045568E-02,  1.0002019E+03,  1.2012088E+04,3,
 -7.7622948E+01,  0.0000000E+00,  2.6507779E+02,3472,  2.0926495E-01,  0.0000000E+00, -4.7258165E-02,  1.0002327E+03,  1.3843503E+04,3,
 -7.7333473E+01,  0.0000000E+00,  2.6601523E+02,3512,  5.1581737E-02,  0.0000000E+00, -2.2682665E-02,  1.0002312E+03,  1.3756285E+04,3,
 -7.5714241E+01,  0.0000000E+00,  2.6576550E+02,3511,  1.3128972E-01,  0.0000000E+00, -1.3956567E-02,  1.0002585E+03,  1.5384479E+04,3,
 -7.4206192E+01,  0.0000000E+00,  2.6609653E+02,3513,  1.0559143E-01,  0.0000000E+00, -7.2514107E-03,  1.0002706E+03,  1.6100531E+04,3,
 -7.2542755E+01,  0.0000000E+00,  2.6576599E+02,3501,  1.0880696E-01,  0.0000000E+00, -8.0088936E-03,  1.0002816E+03,  1.6758475E+04,3,
 -7.1043228E+01,  0.0000000E+00,  2.6617874E+02,3503,  1.1511033E-01,  0.0000000E+00, -1.4249357E-02,  1.0002515E+03,  1.4966501E+04,3,
 -7.0092163E+01,  0.0000000E+00,  2.6535983E+02,3380,  1.5265034E-01,  0.0000000E+00, -1.1844289E-02,  1.0002499E+03,  1.4868370E+04,3,
 -6.7371010E+01,  0.0000000E+00,  2.6604092E+02,3502,  1.3686633E-01,  0.0000000E+00, -1.9047707E-02,  1.0002036E+03,  1.2110191E+04,3,
 -6.8943901E+01,  0.0000000E+00,  2.6502194E+02,3464,  1.3897142E-01,  0.0000000E+00,  1.4236190E-03,  1.0002554E+03,  1.5199112E+04,3,
 -6.5603943E+01,  0.0000000E+00,  2.6589294E+02,3504,  1.7637713E-01,  0.0000000E+00, -2.4716752E-02,  1.0002582E+03,  1.5366305E+04,3,
 -6.3990185E+01,  0.0000000E+00,  2.6588953E+02,3492,  1.6495197E-01,  0.0000000E+00, -4.8504286E-03,  1.0003235E+03,  1.9252508E+04,3,
 -6.2444820E+01,  0.0000000E+00,  2.6610120E+02,3483,  1.5431757E-01,  0.0000000E+00, -3.4177527E-04,  1.0004124E+03,  2.4548043E+04,3,
 -6.1126904E+01,  0.0000000E+00,  2.6629590E+02,3494,  1.6292179E-01,  0.0000000E+00, -7.2858104E-04,  1.0003857E+03,  2.2961996E+04,3,
 -6.1532246E+01,  0.0000000E+00,  2.6506073E+02,3446,  1.4869194E-01,  0.0000000E+00, -3.7402471E-03,  9.9909900E+02, -5.3427078E+04,3,
 -5.9242828E+01,  0.0000000E+00,  2.6598843E+02,3495,  1.5722655E-01,  0.0000000E+00,  2.1050859E-03,  1.0002843E+03,  1.6918422E+04,3,
 -5.7758049E+01,  0.0000000E+00,  2.6566736E+02,3493,  1.4422737E-01,  0.0000000E+00, -2.8690035E-03,  1.0002651E+03,  1.5777029E+04,3,
 -5.5228355E+01,  0.0000000E+00,  2.6614456E+02,3485,  1.4183064E-01,  0.0000000E+00,  9.3951644E-03,  1.0002603E+03,  1.5486249E+04,3,
 -5.3171463E+01,  0.0000000E+00,  2.6512585E+02,3401,  1.2705219E-01,  0.0000000E+00, -3.7489541E-02,  1.0001240E+03,  7.3769229E+03,3,
 -5.2805698E+01,  0.0000000E+00,  2.6617444E+02,3484,  1.4246653E-01,  0.0000000E+00, -2.1549162E-02,  1.0002648E+03,  1.5755220E+04,3,
 -5.1742828E+01,  0.0000000E+00,  2.6548889E+02,3465,  2.0607334E-01,  0.0000000E+00, -4.4763871E-02,  1.0002141E+03,  1.2735166E+04,3,
 -5.0796207E+01,  0.0000000E+00,  2.6514792E+02,3456,  1.5693997E-01,  0.0000000E+00, -6.8593964E-02,  9.9998474E+02, -9.0721472E+02,3,
 -4.7351070E+01,  0.0000000E+00,  2.6516812E+02,3172,  1.2052189E-01,  0.0000000E+00,  7.0493380E-03,  1.0000416E+03,  2.4716741E+03,3,
 -4.9921135E+01,  0.0000000E+00,  2.6520926E+02,3447,  1.7289789E-01,  0.0000000E+00, -3.2434177E-02,  1.0001611E+03,  9.5816260E+03,3,
 -4.8809471E+01,  0.0000000E+00,  2.6640192E+02,3486,  1.0355020E-01,  0.0000000E+00,  3.4360206E-03,  1.0003126E+03,  1.8601672E+04,3,
 -4.4746620E+01,  0.0000000E+00,  2.6530991E+02,3163,  5.0616693E-01,  0.0000000E+00,  3.8362715E-02,  9.9975305E+02, -1.4672161E+04,3,
 -4.6323586E+01,  0.0000000E+00,  2.6618045E+02,3476,  1.1273255E-01,  0.0000000E+00, -9.6582033E-02,  1.0003702E+03,  2.2034494E+04,3,
 -4.4672226E+01,  0.0000000E+00,  2.6616077E+02,3475,  7.9745352E-02,  0.0000000E+00, -1.0242350E-01,  1.0003207E+03,  1.9088885E+04,3,
 -4.3115673E+01,  0.0000000E+00,  2.6575198E+02,3455,  3.5669062E-01,  0.0000000E+00,  1.4454703E-03,  1.0002571E+03,  1.5297247E+04,3,
 -4.1253567E+01,  0.0000000E+00,  2.6566690E+02,3363,  2.7424613E-01,  0.0000000E+00,  1.1150129E-02,  1.0002191E+03,  1.3033133E+04,3,
 -4.0397259E+01,  0.0000000E+00,  2.6564127E+02,3382,  2.2499566E-01,  0.0000000E+00,  2.6054733E-02,  1.0001484E+03,  8.8260879E+03,3,
 -4.0090618E+01,  0.0000000E+00,  2.6560767E+02,3372,  2.1652587E-01,  0.0000000E+00,  4.5156106E-02,  1.0001135E+03,  6.7486543E+03,3,
 -3.9106518E+01,  0.0000000E+00,  2.6537378E+02,3154,  3.6237723E-01,  0.0000000E+00,  3.8951837E-02,  1.0000063E+03,  3.7742578E+02,3,
 -3.7449978E+01,  0.0000000E+00,  2.6591675E+02,3477,  2.1429521E-01,  0.0000000E+00,  2.0168529E-01,  1.0003496E+03,  2.0808869E+04,3,
 -3.6500771E+01,  0.0000000E+00,  2.6569318E+02,3467,  3.8976786E-01,  0.0000000E+00,  1.9159396E-01,  1.0003901E+03,  2.3220258E+04,3,
 -3.3456303E+01,  0.0000000E+00,  2.6570947E+02,3281,  2.1184810E-01,  0.0000000E+00,  1.2011576E-02,  9.9999170E+02, -4.9353510E+02,3,
 -3.3321465E+01,  0.0000000E+00,  2.6571796E+02,3337,  1.7528015E-01,  0.0000000E+00, -8.9314617E-02,  1.0002374E+03,  1.4123332E+04,3,
 -3.3482277E+01,  0.0000000E+00,  2.6570981E+02,3353,  1.8285690E-01,  0.0000000E+00, -5.5808008E-02,  1.0000104E+03,  6.2058270E+02,3,
 -3.2489098E+01,  0.0000000E+00,  2.6702267E+02,3468,  2.7156435E-02,  0.0000000E+00,  1.3758856E-04,  1.0004315E+03,  2.5686807E+04,3,
 -3.0350441E+01,  0.0000000E+00,  2.6601163E+02,3418,  1.1214910E-01,  0.0000000E+00,  6.5332882E-02,  9.9993048E+02, -4.1325972E+03,3,
 -2.9957705E+01,  0.0000000E+00,  2.6603964E+02,3263,  1.7218450E-01,  0.0000000E+00,  4.5701053E-02,  1.0001073E+03,  6.3818799E+03,3,
 -2.9243879E+01,  0.0000000E+00,  2.6608789E+02,3136,  1.2253705E-01,  0.0000000E+00,  3.6880258E-02,  1.0000092E+03,  5.4799792E+02,3,
 -2.9275557E+01,  0.0000000E+00,  2.6611148E+02,3145,  9.4654575E-02,  0.0000000E+00,  7.9445221E-02,  1.0000193E+03,  1.1468383E+03,3,
 -2.7048618E+01,  0.0000000E+00,  2.6604715E+02,3458,  1.1845519E-01,  0.0000000E+00, -1.2962748E-01,  1.0004903E+03,  2.9194871E+04,3,
 -2.4918009E+01,  0.0000000E+00,  2.6636340E+02,3326,  1.2208220E-01,  0.0000000E+00, -7.4605523E-03,  9.9995996E+02, -2.3803545E+03,3,
 -2.4915344E+01,  0.0000000E+00,  2.6636356E+02,3344,  1.2272099E-01,  0.0000000E+00, -5.0964104E-03,  9.9995935E+02, -2.4166360E+03,3,
 -2.4742285E+01,  0.0000000E+00,  2.6638419E+02,3410,  1.4617255E-01,  0.0000000E+00,  5.2861258E-02,  9.9991473E+02, -5.0684512E+03,3,
 -2.3721567E+01,  0.0000000E+00,  2.6661148E+02,3400,  1.2646593E-01,  0.0000000E+00,  5.1530588E-02,  1.0001780E+03,  1.0587889E+04,3,
 -2.2370258E+01,  0.0000000E+00,  2.6651764E+02,3347,  9.5540412E-02,  0.0000000E+00,  4.8512295E-02,  9.9985510E+02, -8.6115605E+03,3,
 -2.1095634E+01,  0.0000000E+00,  2.6645187E+02,3300,  1.0272855E-01,  0.0000000E+00,  3.4483429E-03,  1.0000812E+03,  4.8277788E+03,3,
 -2.1081200E+01,  0.0000000E+00,  2.6644672E+02,3227,  1.0089216E-01,  0.0000000E+00,  1.1021651E-03,  1.0000832E+03,  4.9475957E+03,3,
 -2.0217798E+01,  0.0000000E+00,  2.6634564E+02,3127,  1.2911858E-01,  0.0000000E+00, -1.0102282E-01,  1.0000085E+03,  5.0807651E+02,3,
 -1.8583616E+01,  0.0000000E+00,  2.6629755E+02,3448,  1.3141251E-01,  0.0000000E+00,  2.5796045E-02,  1.0001541E+03,  9.1675254E+03,3,
 -1.8059290E+01,  0.0000000E+00,  2.6628754E+02,3428,  1.1750714E-01,  0.0000000E+00,  1.0661975E-01,  1.0000342E+03,  2.0324624E+03,3,
 -1.6616247E+01,  0.0000000E+00,  2.6640237E+02,3457,  6.1694466E-02,  0.0000000E+00,  1.4831596E-02,  1.0000665E+03,  3.9564268E+03,3,
 -1.5417739E+01,  0.0000000E+00,  2.6644925E+02,3459,  1.2437078E-01,  0.0000000E+00, -6.0509693E-02,  9.9997748E+02, -1.3390197E+03,3,
 -1.5073904E+01,  0.0000000E+00,  2.6647958E+02,3449,  1.2888364E-01,  0.0000000E+00, -4.9269773E-02,  1.0001323E+03,  7.8672183E+03,3,
 -1.3045734E+01,  0.0000000E+00,  2.6643826E+02,3409,  1.1889342E-01,  0.0000000E+00,  5.1342859E-03,  1.0000318E+03,  1.8909023E+03,3,
 -1.2686450E+01,  0.0000000E+00,  2.6644852E+02,3118,  1.1601064E-01,  0.0000000E+00,  3.5460377E-03,  1.0000640E+03,  3.8075784E+03,3,
 -1.1682131E+01,  0.0000000E+00,  2.6648743E+02,3383,  1.1809439E-01,  0.0000000E+00,  2.2653127E-02,  1.0001367E+03,  8.1287188E+03,3,
 -1.0657757E+01,  0.0000000E+00,  2.6644186E+02,3402,  1.1377019E-01,  0.0000000E+00, -1.2385337E-02,  9.9933392E+02, -3.9524500E+04,3,
 -1.0316875E+01,  0.0000000E+00,  2.6685034E+02,3319,  1.0349330E-01,  0.0000000E+00, -1.0243722E-02,  1.0006226E+03,  3.7088902E+04,3,
 -9.2466803E+00,  0.0000000E+00,  2.6649185E+02,3209,  1.3254313E-01,  0.0000000E+00, -4.5727730E-02,  1.0000451E+03,  2.6822124E+03,3,
 -8.1928120E+00,  0.0000000E+00,  2.6648123E+02,3109,  1.1371958E-01,  0.0000000E+00,  1.6455393E-02,  9.9997913E+02, -1.2410488E+03,3,
 -6.9838023E+00,  0.0000000E+00,  2.6650018E+02,3438,  1.2009755E-01,  0.0000000E+00,  1.3508917E-02,  1.0000247E+03,  1.4698641E+03,3,
 -6.9486365E+00,  0.0000000E+00,  2.6650082E+02,3439,  1.2202212E-01,  0.0000000E+00,  9.7533697E-03,  1.0000245E+03,  1.4589753E+03,3,
 -5.2274761E+00,  0.0000000E+00,  2.6654135E+02,3450,  9.4065189E-02,  0.0000000E+00, -1.6274275E-02,  1.0001544E+03,  9.1856875E+03,3,
 -3.8464952E+00,  0.0000000E+00,  2.6655896E+02,3441,  1.3581812E-01,  0.0000000E+00, -1.8157091E-02,  9.9997479E+02, -1.4986740E+03,3,
 -3.2405374E+00,  0.0000000E+00,  2.6658884E+02,3440,  1.2595437E-01,  0.0000000E+00, -4.5317062E-03,  9.9996631E+02, -2.0030193E+03,3,
 -2.0213854E+00,  0.0000000E+00,  2.6664880E+02,3429,  1.1503560E-01,  0.0000000E+00, -2.1697546E-03,  1.0001399E+03,  8.3212168E+03,3,
 -8.2815289E-01,  0.0000000E+00,  2.6666000E+02,3419,  1.1661695E-01,  0.0000000E+00, -1.4025013E-02,  1.0005682E+03,  3.3843871E+04,3,
 -5.4764491E-02,  0.0000000E+00,  2.6671661E+02,3392,  1.0635623E-01,  0.0000000E+00, -2.7878419E-03,  9.9778015E+02, -1.3111191E+05,3,
 -1.9388840E-01,  0.0000000E+00,  2.6702103E+02,3346,  1.2447181E-01,  0.0000000E+00, -2.2608954E-03,  1.0008907E+03,  5.3100078E+04,3,
  1.1764600E+00,  0.0000000E+00,  2.6685559E+02,3191,  1.3557443E-01,  0.0000000E+00,  3.3944275E-02,  1.0008947E+03,  5.3340879E+04,3,
  3.2551596E+00,  0.0000000E+00,  2.6688437E+02,3100,  1.2508935E-01,  0.0000000E+00, -2.2351256E-02,  9.9982037E+02, -1.0674467E+04,3,
  3.2580881E+00,  0.0000000E+00,  2.6688455E+02,3091,  1.2488373E-01,  0.0000000E+00, -2.2338254E-02,  9.9982178E+02, -1.0591089E+04,3,
  3.6113908E+00,  0.0000000E+00,  2.6689685E+02,3430,  1.0289019E-01,  0.0000000E+00, -1.0249668E-02,  9.9992804E+02, -4.2776968E+03,3,
  3.8202565E+00,  0.0000000E+00,  2.6689975E+02,3431,  9.1222100E-02,  0.0000000E+00,  3.9196759E-03,  9.9995099E+02, -2.9136785E+03,3,
  8.6117563E+00,  0.0000000E+00,  2.6706516E+02,3420,  3.5907772E-01,  0.0000000E+00, -3.6751721E-02,  9.9996021E+02, -2.3658418E+03,3,
  8.8593473E+00,  0.0000000E+00,  2.6707565E+02,3411,  3.4893855E-01,  0.0000000E+00, -3.8383175E-02,  9.9990356E+02, -5.7322007E+03,3,
  9.0826473E+00,  0.0000000E+00,  2.6707816E+02,3356,  3.3853081E-01,  0.0000000E+00, -5.1295120E-02,  9.9979846E+02, -1.1975798E+04,3,
  9.4892759E+00,  0.0000000E+00,  2.6707721E+02,3384,  3.1708312E-01,  0.0000000E+00, -2.0881537E-02,  9.9914478E+02, -5.0719617E+04,3,
  1.0268713E+01,  0.0000000E+00,  2.6726743E+02,3365,  3.2030547E-01,  0.0000000E+00,  1.4984125E-02,  1.0008658E+03,  5.1615266E+04,3,
  1.1748925E+01,  0.0000000E+00,  2.6706558E+02,3082,  3.4300104E-01,  0.0000000E+00, -3.0684846E-03,  9.9992285E+02, -4.5860259E+03,3,
  1.2751609E+01,  0.0000000E+00,  2.6705862E+02,3421,  3.3535138E-01,  0.0000000E+00,  3.0084480E-02,  9.9982074E+02, -1.0652716E+04,3,
  1.4036980E+01,  0.0000000E+00,  2.6705054E+02,3422,  3.3335999E-01,  0.0000000E+00,  2.7564574E-02,  9.9994458E+02, -3.2946067E+03,3,
  1.4249883E+01,  0.0000000E+00,  2.6705139E+02,3432,  3.3277321E-01,  0.0000000E+00,  2.3926878E-02,  9.9996802E+02, -1.9014266E+03,3,
  1.5012158E+01,  0.0000000E+00,  2.6705386E+02,3423,  3.2986036E-01,  0.0000000E+00,  6.2189945E-03,  1.0000004E+03,  2.5403208E+01,3,
  1.7928221E+01,  0.0000000E+00,  2.6710098E+02,3218,  3.3786574E-01,  0.0000000E+00, -5.6551634E-03,  1.0001984E+03,  1.1801352E+04,3,
  1.8312830E+01,  0.0000000E+00,  2.6707056E+02,3310,  3.3434644E-01,  0.0000000E+00, -4.8863655E-03,  9.9953339E+02, -2.7705088E+04,3,
  1.8527794E+01,  0.0000000E+00,  2.6707098E+02,3246,  3.3357248E-01,  0.0000000E+00,  1.7808031E-03,  9.9992969E+02, -4.1797549E+03,3,
  1.8735212E+01,  0.0000000E+00,  2.6706464E+02,3345,  3.3444995E-01,  0.0000000E+00, -3.0092332E-03,  9.9998334E+02, -9.9067426E+02,3,
  1.9055544E+01,  0.0000000E+00,  2.6703195E+02,3412,  3.3471417E-01,  0.0000000E+00, -3.3176770E-03,  9.9999890E+02, -6.5322235E+01,3,
  4.4949589E+01,  0.0000000E+00,  2.6701294E+02,3413,  1.3889056E+00,  0.0000000E+00,  8.9919055E-03,  9.9996698E+02, -1.9631080E+03,3,
  4.4950016E+01,  0.0000000E+00,  2.6701334E+02,3393,  1.3889382E+00,  0.0000000E+00,  8.5997833E-03,  9.9996710E+02, -1.9558514E+03,3,
  4.5719330E+01,  0.0000000E+00,  2.6710556E+02,3327,  1.3883612E+00,  0.0000000E+00,  1.1640836E-02,  1.0002734E+03,  1.6271374E+04,3,
  4.5726727E+01,  0.0000000E+00,  2.6710736E+02,3200,  1.3880796E+00,  0.0000000E+00,  1.0228943E-02,  1.0002822E+03,  1.6794826E+04,3,
  4.7528915E+01,  0.0000000E+00,  2.6705988E+02,3366,  1.3935746E+00,  0.0000000E+00,  3.1862620E-02,  9.9903113E+02, -5.7439969E+04,3,
  4.7682224E+01,  0.0000000E+00,  2.6704358E+02,3375,  1.3814795E+00,  0.0000000E+00, -2.4610538E-02,  9.9999890E+02, -6.5322235E+01,3,
  4.9280678E+01,  0.0000000E+00,  2.6753299E+02,3355,  1.3900609E+00,  0.0000000E+00,  4.2792619E-04,  1.0010502E+03,  6.2638066E+04,3,
  5.0708214E+01,  0.0000000E+00,  2.6702649E+02,3364,  1.3870603E+00,  0.0000000E+00,  1.6299427E-02,  9.9960364E+02, -2.3538883E+04,3,
  5.0783104E+01,  0.0000000E+00,  2.6702640E+02,3254,  1.3879519E+00,  0.0000000E+00,  2.4692390E-02,  9.9968335E+02, -1.8809506E+04,3,
  5.1039661E+01,  0.0000000E+00,  2.6702042E+02,3073,  1.3871421E+00,  0.0000000E+00, -4.8597522E-02,  9.9985040E+02, -8.8907490E+03,3,
  5.1044823E+01,  0.0000000E+00,  2.6700934E+02,3064,  1.3868326E+00,  0.0000000E+00, -3.3432066E-02,  9.9985199E+02, -8.7964785E+03,3,
  5.9622627E+01,  0.0000000E+00,  2.6523325E+02,3414,  4.5604992E+00,  0.0000000E+00, -3.7913332E+00,  1.0008833E+03,  5.2658625E+04,3,
  5.9833672E+01,  0.0000000E+00,  2.6509247E+02,3404,  4.7283759E+00,  0.0000000E+00, -4.0621948E+00,  1.0012775E+03,  7.6250859E+04,3,
  6.0283493E+01,  0.0000000E+00,  2.6552585E+02,3373,  4.0814848E+00,  0.0000000E+00, -3.6911795E+00,  9.9688495E+02, -1.8349264E+05,3,
  6.0381203E+01,  0.0000000E+00,  2.6559940E+02,3403,  4.1919646E+00,  0.0000000E+00, -3.7451420E+00,  9.9672168E+02, -1.9301558E+05,3,
  6.4596901E+01,  0.0000000E+00,  2.6555939E+02,3330,  5.7182465E+00,  0.0000000E+00, -6.4687902E-01,  9.9699335E+02, -1.7716495E+05,3,
  6.4840843E+01,  0.0000000E+00,  2.6539111E+02,3155,  5.3936543E+00,  0.0000000E+00,  8.3483124E-01,  9.9782513E+02, -1.2847238E+05,3,
  6.4844574E+01,  0.0000000E+00,  2.6539429E+02,3182,  5.3892179E+00,  0.0000000E+00,  7.9838783E-01,  9.9787085E+02, -1.2578915E+05,3,
  6.4824585E+01,  0.0000000E+00,  2.6654395E+02,3405,  4.4076815E+00,  0.0000000E+00,  5.6418103E-01,  1.0006660E+03,  3.9675488E+04,3,
