TimeStep [s],Np,Nbound,Nfixed,Nmoving,Nfloat,Nfluid
293,1800,0,0,0,0,1800

Pos.x [m],Pos.y [m],Pos.z [m],Idp,Vel.x [m/s],Vel.y [m/s],Vel.z [m/s],Rhop [kg/m^3],Press [Pa],Type,
  3.0200827E+02,  0.0000000E+00,  2.5094249E+02,2975,  1.9550933E-01,  0.0000000E+00, -7.5702548E-02,  1.0011037E+03,  6.5841344E+04,3,
  3.0381677E+02,  0.0000000E+00,  2.5099211E+02,3230,  4.5074791E-01,  0.0000000E+00,  2.0710805E-02,  1.0009097E+03,  5.4234816E+04,3,
  3.0496100E+02,  0.0000000E+00,  2.5081288E+02,3222,  2.7238372E-01,  0.0000000E+00,  2.2261981E-03,  1.0012023E+03,  7.1746539E+04,3,
  3.0226788E+02,  0.0000000E+00,  2.5047789E+02,3206,  9.3864389E-02,  0.0000000E+00, -2.3868453E-02,  1.0016243E+03,  9.7047484E+04,3,
  3.0593756E+02,  0.0000000E+00,  2.5092708E+02,3213,  2.7746665E-01,  0.0000000E+00, -1.6964138E-03,  1.0009054E+03,  5.3979398E+04,3,
  3.0770154E+02,  0.0000000E+00,  2.5081667E+02,3030,  2.6783317E-01,  0.0000000E+00, -1.0232491E-02,  1.0011636E+03,  6.9429352E+04,3,
  3.0666403E+02,  0.0000000E+00,  2.5107507E+02,3258,  3.0533740E-01,  0.0000000E+00,  6.4224913E-04,  1.0006688E+03,  3.9846734E+04,3,
  3.0896036E+02,  0.0000000E+00,  2.5058601E+02,3179,  2.9036310E-01,  0.0000000E+00,  1.8864698E-03,  1.0017106E+03,  1.0223414E+05,3,
  3.1017526E+02,  0.0000000E+00,  2.5080283E+02,2803,  2.6904568E-01,  0.0000000E+00,  7.6154205E-03,  1.0012650E+03,  7.5501219E+04,3,
  3.1128098E+02,  0.0000000E+00,  2.5084131E+02,3049,  2.6551220E-01,  0.0000000E+00,  8.4866555E-03,  1.0010657E+03,  6.3565707E+04,3,
  3.1220474E+02,  0.0000000E+00,  2.5099150E+02,2948,  2.9077357E-01,  0.0000000E+00,  4.4171615E-03,  1.0007830E+03,  4.6662621E+04,3,
  3.1297638E+02,  0.0000000E+00,  2.5105302E+02,3103,  2.7132997E-01,  0.0000000E+00, -5.3475178E-03,  1.0007795E+03,  4.6458441E+04,3,
  3.1429797E+02,  0.0000000E+00,  2.5057753E+02,3171,  2.7722344E-01,  0.0000000E+00, -8.0296155E-03,  1.0018364E+03,  1.0978984E+05,3,
  3.1556473E+02,  0.0000000E+00,  2.5061385E+02,3161,  2.6194260E-01,  0.0000000E+00, -2.9351842E-03,  1.0018046E+03,  1.0787837E+05,3,
  3.1696698E+02,  0.0000000E+00,  2.5098145E+02,3204,  2.5110441E-01,  0.0000000E+00,  1.7765652E-02,  1.0009350E+03,  5.5749215E+04,3,
  3.1780530E+02,  0.0000000E+00,  2.5076323E+02,2912,  2.8508461E-01,  0.0000000E+00,  4.1244864E-03,  1.0011239E+03,  6.7050602E+04,3,
  3.1894788E+02,  0.0000000E+00,  2.5100092E+02,3130,  2.7208763E-01,  0.0000000E+00,  9.4468234E-04,  1.0006508E+03,  3.8771926E+04,3,
  3.1948462E+02,  0.0000000E+00,  2.5096794E+02,3067,  2.6052311E-01,  0.0000000E+00, -4.7533759E-03,  1.0006998E+03,  4.1697863E+04,3,
  3.2034100E+02,  0.0000000E+00,  2.5094072E+02,3104,  2.9361641E-01,  0.0000000E+00,  6.4529362E-03,  1.0008679E+03,  5.1735648E+04,3,
  3.2190402E+02,  0.0000000E+00,  2.5058301E+02,3090,  2.8071707E-01,  0.0000000E+00, -8.0287689E-03,  1.0019780E+03,  1.1830598E+05,3,
  3.2322961E+02,  0.0000000E+00,  2.5072885E+02,3072,  2.8279009E-01,  0.0000000E+00, -7.5355549E-03,  1.0019352E+03,  1.1573202E+05,3,
  3.2455200E+02,  0.0000000E+00,  2.5054065E+02,2946,  2.8659105E-01,  0.0000000E+00,  4.1627176E-03,  1.0021370E+03,  1.2788057E+05,3,
  3.2618066E+02,  0.0000000E+00,  2.5100652E+02,3123,  3.2353556E-01,  0.0000000E+00, -1.5491360E-02,  1.0008068E+03,  4.8084703E+04,3,
  3.2684558E+02,  0.0000000E+00,  2.5092766E+02,2976,  2.8451917E-01,  0.0000000E+00,  8.4604993E-03,  1.0008571E+03,  5.1093625E+04,3,
  3.2770328E+02,  0.0000000E+00,  2.5078777E+02,3013,  3.0809537E-01,  0.0000000E+00,  1.6278218E-03,  1.0010609E+03,  6.3280832E+04,3,
  3.2884555E+02,  0.0000000E+00,  2.5082561E+02,3031,  3.4230754E-01,  0.0000000E+00, -2.8669194E-03,  1.0010670E+03,  6.3642406E+04,3,
  3.2963461E+02,  0.0000000E+00,  2.5104852E+02,2967,  2.8617159E-01,  0.0000000E+00, -3.0500742E-02,  1.0008147E+03,  4.8558777E+04,3,
  3.3095068E+02,  0.0000000E+00,  2.5063541E+02,3107,  3.4932101E-01,  0.0000000E+00,  1.8228603E-03,  1.0017275E+03,  1.0324980E+05,3,
  3.3216425E+02,  0.0000000E+00,  2.5057719E+02,3062,  3.3485326E-01,  0.0000000E+00,  3.9486727E-03,  1.0018021E+03,  1.0773162E+05,3,
  3.3343088E+02,  0.0000000E+00,  2.5102034E+02,3077,  3.7033960E-01,  0.0000000E+00, -1.4891259E-02,  1.0008168E+03,  4.8686418E+04,3,
  3.3434531E+02,  0.0000000E+00,  2.5107150E+02,3040,  3.6656037E-01,  0.0000000E+00, -1.7167214E-02,  1.0006762E+03,  4.0287621E+04,3,
  3.3505811E+02,  0.0000000E+00,  2.5072504E+02,3004,  3.5549432E-01,  0.0000000E+00, -4.4087293E-03,  1.0012141E+03,  7.2448375E+04,3,
  3.3621790E+02,  0.0000000E+00,  2.5089070E+02,3069,  3.8434640E-01,  0.0000000E+00, -7.1310136E-04,  1.0010057E+03,  5.9979801E+04,3,
  3.3726501E+02,  0.0000000E+00,  2.5066550E+02,2867,  3.7520096E-01,  0.0000000E+00,  4.2902348E-03,  1.0013811E+03,  8.2458602E+04,3,
  3.3843201E+02,  0.0000000E+00,  2.5086946E+02,2939,  4.1482815E-01,  0.0000000E+00, -8.2760183E-03,  1.0009551E+03,  5.6949949E+04,3,
  3.3923868E+02,  0.0000000E+00,  2.5101981E+02,2921,  4.1428894E-01,  0.0000000E+00, -2.0680979E-02,  1.0006963E+03,  4.1486496E+04,3,
  3.3989630E+02,  0.0000000E+00,  2.5104541E+02,3058,  4.0247756E-01,  0.0000000E+00, -2.8876342E-02,  1.0006989E+03,  4.1643199E+04,3,
  3.4118347E+02,  0.0000000E+00,  2.5072531E+02,2704,  4.3711415E-01,  0.0000000E+00, -1.2887054E-03,  1.0015148E+03,  9.0475461E+04,3,
  3.4245474E+02,  0.0000000E+00,  2.5050887E+02,3008,  4.3299988E-01,  0.0000000E+00,  6.7951679E-03,  1.0020246E+03,  1.2111201E+05,3,
  3.4366537E+02,  0.0000000E+00,  2.5093977E+02,2995,  4.7298789E-01,  0.0000000E+00, -9.3831280E-03,  1.0011224E+03,  6.6962914E+04,3,
  3.4471121E+02,  0.0000000E+00,  2.5095447E+02,2958,  4.5355859E-01,  0.0000000E+00, -1.2892311E-02,  1.0009481E+03,  5.6530223E+04,3,
  3.4573282E+02,  0.0000000E+00,  2.5070341E+02,2695,  4.7482237E-01,  0.0000000E+00, -1.0326268E-02,  1.0012650E+03,  7.5501219E+04,3,
  3.4643695E+02,  0.0000000E+00,  2.5123170E+02,2831,  4.7710487E-01,  0.0000000E+00, -2.5610840E-02,  1.0006697E+03,  3.9901391E+04,3,
  3.4766644E+02,  0.0000000E+00,  2.5075702E+02,3061,  4.7934675E-01,  0.0000000E+00,  1.6232558E-03,  1.0015491E+03,  9.2537453E+04,3,
  3.4893005E+02,  0.0000000E+00,  2.5043471E+02,2999,  4.8991778E-01,  0.0000000E+00,  1.3095967E-02,  1.0022904E+03,  1.3712211E+05,3,
  3.5029068E+02,  0.0000000E+00,  2.5110863E+02,2804,  5.6704164E-01,  0.0000000E+00, -4.5575771E-02,  1.0008378E+03,  4.9937363E+04,3,
  3.5120737E+02,  0.0000000E+00,  2.5094792E+02,2996,  5.0146943E-01,  0.0000000E+00, -1.2589792E-02,  1.0009102E+03,  5.4264004E+04,3,
  3.5207883E+02,  0.0000000E+00,  2.5072296E+02,2941,  5.3360558E-01,  0.0000000E+00, -8.3793895E-03,  1.0011798E+03,  7.0397828E+04,3,
  3.5310648E+02,  0.0000000E+00,  2.5090683E+02,2931,  5.5146432E-01,  0.0000000E+00,  2.5069728E-04,  1.0008895E+03,  5.3030758E+04,3,
  3.5406836E+02,  0.0000000E+00,  2.5090155E+02,2922,  5.5539912E-01,  0.0000000E+00,  1.4327234E-02,  1.0008924E+03,  5.3202234E+04,3,
  3.5456934E+02,  0.0000000E+00,  2.5115646E+02,2950,  5.2821600E-01,  0.0000000E+00, -1.2190385E-03,  1.0006999E+03,  4.1701508E+04,3,
  3.5621854E+02,  0.0000000E+00,  2.5045181E+02,3009,  5.2719790E-01,  0.0000000E+00, -1.5525366E-02,  1.0023505E+03,  1.4074308E+05,3,
  3.5739606E+02,  0.0000000E+00,  2.5072441E+02,2910,  6.6143477E-01,  0.0000000E+00, -8.1062302E-02,  1.0019141E+03,  1.1446548E+05,3,
  3.5911447E+02,  0.0000000E+00,  2.5060577E+02,2937,  7.1865344E-01,  0.0000000E+00,  1.0143786E-02,  1.0013784E+03,  8.2297594E+04,3,
  3.5999191E+02,  0.0000000E+00,  2.5080812E+02,2963,  2.1877337E-01,  0.0000000E+00,  1.6874850E-01,  1.0011658E+03,  6.9557258E+04,3,
  3.6036807E+02,  0.0000000E+00,  2.5113889E+02,2981,  2.9432485E-01,  0.0000000E+00,  2.8231302E-01,  1.0010820E+03,  6.4540918E+04,3,
  3.8963702E+02,  0.0000000E+00,  2.5062910E+02,2811,  2.8968029E-02,  0.0000000E+00,  5.1766066E-03,  1.0016739E+03,  1.0002719E+05,3,
  3.9114130E+02,  0.0000000E+00,  2.5080977E+02,2542, -4.0605217E-02,  0.0000000E+00,  7.1704835E-02,  1.0009508E+03,  5.6694461E+04,3,
  3.9302948E+02,  0.0000000E+00,  2.5087233E+02,2879,  2.1327996E-01,  0.0000000E+00, -1.1684427E-02,  1.0010921E+03,  6.5147273E+04,3,
  3.9390451E+02,  0.0000000E+00,  2.5085695E+02,2908,  1.7903346E-01,  0.0000000E+00, -1.3574721E-02,  1.0010275E+03,  6.1279633E+04,3,
  3.9574380E+02,  0.0000000E+00,  2.5097652E+02,2881,  2.2619036E-01,  0.0000000E+00,  1.3242026E-03,  1.0009493E+03,  5.6603219E+04,3,
  3.9480350E+02,  0.0000000E+00,  2.5096855E+02,2787,  2.0046264E-01,  0.0000000E+00, -9.3493899E-03,  1.0008694E+03,  5.1830496E+04,3,
  3.9138461E+02,  0.0000000E+00,  2.5088263E+02,2896,  4.2806998E-01,  0.0000000E+00, -4.9567983E-02,  1.0009477E+03,  5.6508324E+04,3,
  3.9690952E+02,  0.0000000E+00,  2.5061055E+02,2828,  2.2931944E-01,  0.0000000E+00,  2.7320888E-03,  1.0016355E+03,  9.7721781E+04,3,
  3.9809360E+02,  0.0000000E+00,  2.5083150E+02,2497,  2.2468933E-01,  0.0000000E+00, -1.6613927E-03,  1.0012829E+03,  7.6572672E+04,3,
  3.9919589E+02,  0.0000000E+00,  2.5078941E+02,2845,  2.1629933E-01,  0.0000000E+00,  5.7994924E-03,  1.0011821E+03,  7.0533055E+04,3,
  4.0033832E+02,  0.0000000E+00,  2.5086266E+02,2851,  2.3220241E-01,  0.0000000E+00,  7.4228900E-03,  1.0008967E+03,  5.3457633E+04,3,
  4.0103186E+02,  0.0000000E+00,  2.5118198E+02,2951,  2.2671881E-01,  0.0000000E+00,  7.1458858E-03,  1.0004807E+03,  2.8623453E+04,3,
  4.0177286E+02,  0.0000000E+00,  2.5092236E+02,2868,  2.3465288E-01,  0.0000000E+00,  9.9663772E-03,  1.0008440E+03,  5.0309395E+04,3,
  4.0284604E+02,  0.0000000E+00,  2.5091231E+02,2606,  2.3567899E-01,  0.0000000E+00,  8.7588551E-03,  1.0011202E+03,  6.6827734E+04,3,
  4.0431317E+02,  0.0000000E+00,  2.5039372E+02,2721,  2.5208548E-01,  0.0000000E+00,  9.2002340E-03,  1.0022258E+03,  1.3322661E+05,3,
  4.0527985E+02,  0.0000000E+00,  2.5119531E+02,2819,  2.2073764E-01,  0.0000000E+00,  9.5661003E-03,  1.0010034E+03,  5.9841066E+04,3,
  4.0641885E+02,  0.0000000E+00,  2.5095479E+02,2774,  2.4060193E-01,  0.0000000E+00, -6.3165859E-03,  1.0010586E+03,  6.3142051E+04,3,
  4.0728867E+02,  0.0000000E+00,  2.5086382E+02,2772,  2.2918122E-01,  0.0000000E+00, -1.1037311E-02,  1.0011590E+03,  6.9151625E+04,3,
  4.0870282E+02,  0.0000000E+00,  2.5062300E+02,2809,  3.4798792E-01,  0.0000000E+00, -1.9826079E-03,  1.0012357E+03,  7.3746180E+04,3,
  4.0974286E+02,  0.0000000E+00,  2.5079085E+02,2579,  1.1089269E-01,  0.0000000E+00,  6.9788791E-02,  1.0009382E+03,  5.5942637E+04,3,
  4.1005447E+02,  0.0000000E+00,  2.5099913E+02,2762,  8.5860685E-02,  0.0000000E+00,  8.4108099E-02,  1.0008470E+03,  5.0491770E+04,3,
  6.6138159E+02,  0.0000000E+00,  2.5086269E+02,2738,  6.9124597E-01,  0.0000000E+00,  6.3243590E-04,  1.0008978E+03,  5.3526957E+04,3,
  6.6084283E+02,  0.0000000E+00,  2.5091647E+02,2416,  1.6354796E-01,  0.0000000E+00,  4.3891527E-02,  1.0008129E+03,  4.8449375E+04,3,
  6.5998163E+02,  0.0000000E+00,  2.5070364E+02,2495,  1.9884774E-01,  0.0000000E+00, -9.6860103E-02,  1.0011925E+03,  7.1158055E+04,3,
  6.6291412E+02,  0.0000000E+00,  2.5100656E+02,2546,  5.2701503E-01,  0.0000000E+00,  7.4853078E-03,  1.0007456E+03,  4.4431453E+04,3,
  6.6372620E+02,  0.0000000E+00,  2.5096048E+02,2664,  3.9863148E-01,  0.0000000E+00,  1.6811153E-02,  1.0007112E+03,  4.2379367E+04,3,
  6.6457465E+02,  0.0000000E+00,  2.5086446E+02,2335,  4.3872461E-01,  0.0000000E+00, -2.2897695E-03,  1.0007943E+03,  4.7340820E+04,3,
  6.6551013E+02,  0.0000000E+00,  2.5101125E+02,2591,  4.2793638E-01,  0.0000000E+00, -1.7395662E-03,  1.0005849E+03,  3.4838027E+04,3,
  6.6630255E+02,  0.0000000E+00,  2.5100951E+02,2657,  4.9072930E-01,  0.0000000E+00,  1.2697437E-04,  1.0006185E+03,  3.6844852E+04,3,
  6.6726654E+02,  0.0000000E+00,  2.5081798E+02,2620,  4.4711274E-01,  0.0000000E+00, -2.2334862E-03,  1.0009122E+03,  5.4384418E+04,3,
  6.6817822E+02,  0.0000000E+00,  2.5106554E+02,2499,  4.5607573E-01,  0.0000000E+00, -6.4371508E-03,  1.0005845E+03,  3.4816176E+04,3,
  6.6900702E+02,  0.0000000E+00,  2.5089619E+02,2454,  4.4831535E-01,  0.0000000E+00, -1.6960492E-03,  1.0007893E+03,  4.7041824E+04,3,
  6.6991742E+02,  0.0000000E+00,  2.5096507E+02,2463,  4.6033278E-01,  0.0000000E+00,  3.4142674E-03,  1.0006749E+03,  4.0211102E+04,3,
  6.7077991E+02,  0.0000000E+00,  2.5101401E+02,2584,  4.6307975E-01,  0.0000000E+00,  9.0598874E-03,  1.0006110E+03,  3.6393191E+04,3,
  6.7177344E+02,  0.0000000E+00,  2.5080190E+02,2529,  4.4050461E-01,  0.0000000E+00,  1.1760809E-02,  1.0008690E+03,  5.1801312E+04,3,
  6.7245050E+02,  0.0000000E+00,  2.5112877E+02,2593,  4.8580518E-01,  0.0000000E+00,  1.6652441E-02,  1.0004564E+03,  2.7175035E+04,3,
  6.7343518E+02,  0.0000000E+00,  2.5092166E+02,2492,  4.3777987E-01,  0.0000000E+00,  2.4736705E-03,  1.0007296E+03,  4.3476434E+04,3,
  6.7425323E+02,  0.0000000E+00,  2.5095784E+02,2547,  4.7541550E-01,  0.0000000E+00,  1.0102964E-02,  1.0007261E+03,  4.3265031E+04,3,
  6.7528607E+02,  0.0000000E+00,  2.5090959E+02,2520,  4.4186619E-01,  0.0000000E+00, -5.9819808E-03,  1.0008846E+03,  5.2738887E+04,3,
  6.7637274E+02,  0.0000000E+00,  2.5080779E+02,2694,  4.6364799E-01,  0.0000000E+00, -5.9135780E-03,  1.0011093E+03,  6.6177438E+04,3,
  6.7746582E+02,  0.0000000E+00,  2.5092456E+02,2553,  4.5006454E-01,  0.0000000E+00, -1.3060507E-02,  1.0010139E+03,  6.0465395E+04,3,
  6.7849567E+02,  0.0000000E+00,  2.5069847E+02,2599,  4.6417364E-01,  0.0000000E+00, -1.8520396E-02,  1.0012571E+03,  7.5025867E+04,3,
  6.7974567E+02,  0.0000000E+00,  2.5101390E+02,2567,  4.2564026E-01,  0.0000000E+00,  2.3031407E-03,  1.0006607E+03,  3.9362145E+04,3,
  6.8055011E+02,  0.0000000E+00,  2.5101166E+02,2418,  4.4963467E-01,  0.0000000E+00,  9.5335097E-04,  1.0005862E+03,  3.4918148E+04,3,
  6.8131445E+02,  0.0000000E+00,  2.5102191E+02,2572,  4.3275934E-01,  0.0000000E+00,  8.2401605E-03,  1.0005605E+03,  3.3381422E+04,3,
  6.8209528E+02,  0.0000000E+00,  2.5093686E+02,2555,  4.6995482E-01,  0.0000000E+00,  7.2164028E-03,  1.0006872E+03,  4.0943523E+04,3,
  6.8310162E+02,  0.0000000E+00,  2.5084430E+02,2428,  4.4319829E-01,  0.0000000E+00,  3.4227180E-03,  1.0008669E+03,  5.1680926E+04,3,
  6.8419537E+02,  0.0000000E+00,  2.5083942E+02,2574,  4.1773930E-01,  0.0000000E+00,  6.3260715E-03,  1.0008670E+03,  5.1684574E+04,3,
  6.8486462E+02,  0.0000000E+00,  2.5116167E+02,2419,  4.8003092E-01,  0.0000000E+00,  1.1375501E-02,  1.0005075E+03,  3.0221324E+04,3,
  6.8587598E+02,  0.0000000E+00,  2.5089769E+02,2500,  4.5237839E-01,  0.0000000E+00, -1.5328747E-03,  1.0008443E+03,  5.0327633E+04,3,
  6.8686145E+02,  0.0000000E+00,  2.5079593E+02,2483,  4.5819423E-01,  0.0000000E+00, -7.0874337E-03,  1.0010064E+03,  6.0019961E+04,3,
  6.8787384E+02,  0.0000000E+00,  2.5100073E+02,2445,  4.4232395E-01,  0.0000000E+00, -6.5805614E-03,  1.0007128E+03,  4.2470480E+04,3,
  6.8876904E+02,  0.0000000E+00,  2.5086673E+02,2308,  4.5967239E-01,  0.0000000E+00, -5.0413124E-03,  1.0008316E+03,  4.9568992E+04,3,
  6.8978339E+02,  0.0000000E+00,  2.5092313E+02,2530,  4.2863229E-01,  0.0000000E+00,  3.6108403E-03,  1.0007032E+03,  4.1901945E+04,3,
  6.9040381E+02,  0.0000000E+00,  2.5109192E+02,2473,  4.6337903E-01,  0.0000000E+00,  9.9198129E-03,  1.0005079E+03,  3.0246805E+04,3,
  6.9172565E+02,  0.0000000E+00,  2.5081276E+02,2508,  4.0545386E-01,  0.0000000E+00, -7.1828864E-03,  1.0008911E+03,  5.3121969E+04,3,
  6.9203265E+02,  0.0000000E+00,  2.5109039E+02,2527,  4.8180741E-01,  0.0000000E+00,  1.4252906E-02,  1.0006379E+03,  3.8003238E+04,3,
  6.9349127E+02,  0.0000000E+00,  2.5075974E+02,2526,  4.3293288E-01,  0.0000000E+00, -8.3333421E-03,  1.0011827E+03,  7.0569602E+04,3,
  6.9456519E+02,  0.0000000E+00,  2.5072905E+02,2592,  4.4609347E-01,  0.0000000E+00,  3.4737049E-03,  1.0012199E+03,  7.2799312E+04,3,
  6.9567700E+02,  0.0000000E+00,  2.5096785E+02,2581,  3.7887111E-01,  0.0000000E+00,  3.0277969E-02,  1.0007952E+03,  4.7395516E+04,3,
  6.9657727E+02,  0.0000000E+00,  2.5104950E+02,2457,  3.6400357E-01,  0.0000000E+00,  2.5622046E-02,  1.0006239E+03,  3.7165398E+04,3,
  6.9733563E+02,  0.0000000E+00,  2.5102831E+02,2475,  4.1172010E-01,  0.0000000E+00, -1.7121159E-02,  1.0006132E+03,  3.6524316E+04,3,
  6.9811328E+02,  0.0000000E+00,  2.5093065E+02,2531,  6.3200182E-01,  0.0000000E+00, -2.8709987E-02,  1.0006722E+03,  4.0047137E+04,3,
  6.9958521E+02,  0.0000000E+00,  2.5057370E+02,2345,  2.9252681E-01,  0.0000000E+00,  3.9566878E-02,  1.0011293E+03,  6.7372117E+04,3,
  7.0042511E+02,  0.0000000E+00,  2.5093712E+02,2576,  2.1151222E-01,  0.0000000E+00,  1.4301768E-01,  1.0010546E+03,  6.2901012E+04,3,
  7.1967621E+02,  0.0000000E+00,  2.5045206E+02,2370, -3.4145374E-02,  0.0000000E+00,  5.2702740E-02,  1.0017521E+03,  1.0472762E+05,3,
  7.2238995E+02,  0.0000000E+00,  2.5097372E+02,2466,  7.1273035E-01,  0.0000000E+00, -2.1674341E-02,  1.0005840E+03,  3.4787043E+04,3,
  7.2162610E+02,  0.0000000E+00,  2.5098080E+02,2401,  5.0663137E-01,  0.0000000E+00, -7.5524554E-02,  1.0005323E+03,  3.1699311E+04,3,
  7.2051416E+02,  0.0000000E+00,  2.5117415E+02,2549,  1.0966852E+00,  0.0000000E+00, -4.6549395E-01,  1.0004261E+03,  2.5370268E+04,3,
  7.2304309E+02,  0.0000000E+00,  2.5111362E+02,2392,  8.2198501E-01,  0.0000000E+00,  2.9586175E-02,  1.0004911E+03,  2.9242188E+04,3,
  7.2443427E+02,  0.0000000E+00,  2.5065237E+02,2427,  6.4979231E-01,  0.0000000E+00, -3.2255743E-02,  1.0012328E+03,  7.3574344E+04,3,
  7.2511761E+02,  0.0000000E+00,  2.5106168E+02,2563,  6.5041643E-01,  0.0000000E+00, -1.3121370E-02,  1.0007554E+03,  4.5018363E+04,3,
  7.2631421E+02,  0.0000000E+00,  2.5093633E+02,2436,  7.5402445E-01,  0.0000000E+00,  2.9804789E-02,  1.0009098E+03,  5.4242113E+04,3,
  7.2740527E+02,  0.0000000E+00,  2.5073569E+02,2532,  7.0291477E-01,  0.0000000E+00,  6.9239875E-03,  1.0012098E+03,  7.2192492E+04,3,
  7.2851398E+02,  0.0000000E+00,  2.5091582E+02,2540,  7.0288783E-01,  0.0000000E+00, -5.9420633E-04,  1.0008604E+03,  5.1290605E+04,3,
  7.2955170E+02,  0.0000000E+00,  2.5102335E+02,2458,  6.8098009E-01,  0.0000000E+00,  5.8826678E-03,  1.0006273E+03,  3.7365742E+04,3,
  7.3034485E+02,  0.0000000E+00,  2.5097325E+02,2309,  7.0333642E-01,  0.0000000E+00, -1.7081059E-03,  1.0006738E+03,  4.0145516E+04,3,
  7.3132330E+02,  0.0000000E+00,  2.5077620E+02,2412,  6.8105078E-01,  0.0000000E+00, -1.7494947E-03,  1.0009268E+03,  5.5256551E+04,3,
  7.3235065E+02,  0.0000000E+00,  2.5105414E+02,2420,  6.9252592E-01,  0.0000000E+00, -3.8793895E-03,  1.0005004E+03,  2.9795441E+04,3,
  7.3311804E+02,  0.0000000E+00,  2.5095390E+02,2429,  6.8509370E-01,  0.0000000E+00, -4.7955676E-03,  1.0006425E+03,  3.8276461E+04,3,
  7.3419183E+02,  0.0000000E+00,  2.5075087E+02,2403,  7.0469338E-01,  0.0000000E+00,  3.7957418E-03,  1.0009573E+03,  5.7084996E+04,3,
  7.3532446E+02,  0.0000000E+00,  2.5099706E+02,2467,  6.3487440E-01,  0.0000000E+00,  2.0374339E-02,  1.0006387E+03,  3.8050598E+04,3,
  7.3563873E+02,  0.0000000E+00,  2.5119611E+02,2447,  6.0110486E-01,  0.0000000E+00,  2.2138841E-02,  1.0004312E+03,  2.5672252E+04,3,
  7.3707562E+02,  0.0000000E+00,  2.5069220E+02,2254,  6.8062252E-01,  0.0000000E+00, -1.7654419E-02,  1.0012535E+03,  7.4813789E+04,3,
  7.3795929E+02,  0.0000000E+00,  2.5095290E+02,2348,  8.1725913E-01,  0.0000000E+00, -7.3171854E-02,  1.0008253E+03,  4.9189695E+04,3,
  7.3941632E+02,  0.0000000E+00,  2.5074992E+02,2355,  6.6692543E-01,  0.0000000E+00,  8.7287761E-02,  1.0008627E+03,  5.1425574E+04,3,
  7.4006042E+02,  0.0000000E+00,  2.5089308E+02,2391,  2.9155549E-01,  0.0000000E+00,  1.1612439E-01,  1.0008866E+03,  5.2855633E+04,3,
  7.4052911E+02,  0.0000000E+00,  2.5127707E+02,2446,  3.8918212E-01,  0.0000000E+00,  3.1457764E-01,  1.0008268E+03,  4.9280871E+04,3,
  7.8341028E+02,  0.0000000E+00,  2.5072032E+02,2251,  2.7052587E-01,  0.0000000E+00, -2.1667045E-02,  1.0011559E+03,  6.8968906E+04,3,
  7.8027899E+02,  0.0000000E+00,  2.5064745E+02,2328,  5.6286521E-02,  0.0000000E+00,  3.4959100E-03,  1.0009295E+03,  5.5420770E+04,3,
  7.8193378E+02,  0.0000000E+00,  2.5116699E+02,2397,  4.2886522E-01,  0.0000000E+00,  5.6414723E-02,  1.0003433E+03,  2.0434303E+04,3,
  7.8122906E+02,  0.0000000E+00,  2.5100772E+02,2338,  4.5997569E-01,  0.0000000E+00,  2.3789717E-02,  1.0004673E+03,  2.7826434E+04,3,
  7.8007416E+02,  0.0000000E+00,  2.5098643E+02,2414,  2.5834215E-01,  0.0000000E+00, -9.6300930E-02,  1.0006703E+03,  3.9937824E+04,3,
  7.8426135E+02,  0.0000000E+00,  2.5095222E+02,2202,  3.1011692E-01,  0.0000000E+00, -1.7618487E-03,  1.0008566E+03,  5.1064445E+04,3,
  7.8547675E+02,  0.0000000E+00,  2.5095908E+02,2319,  2.6592723E-01,  0.0000000E+00,  1.8936748E-02,  1.0009104E+03,  5.4278602E+04,3,
  7.8658728E+02,  0.0000000E+00,  2.5058656E+02,2360,  3.5811639E-01,  0.0000000E+00,  8.5011218E-03,  1.0015067E+03,  8.9992070E+04,3,
  7.8799768E+02,  0.0000000E+00,  2.5098239E+02,2377,  3.2968968E-01,  0.0000000E+00, -2.1761706E-02,  1.0007144E+03,  4.2565242E+04,3,
  7.8896564E+02,  0.0000000E+00,  2.5108954E+02,2218,  3.1587836E-01,  0.0000000E+00, -2.9547004E-02,  1.0004473E+03,  2.6632844E+04,3,
  7.8944598E+02,  0.0000000E+00,  2.5108170E+02,2331,  2.9373434E-01,  0.0000000E+00, -2.5129534E-02,  1.0004406E+03,  2.6232586E+04,3,
  7.9056775E+02,  0.0000000E+00,  2.5077914E+02,2240,  2.9001611E-01,  0.0000000E+00, -9.1870008E-03,  1.0009012E+03,  5.3731281E+04,3,
  7.9140039E+02,  0.0000000E+00,  2.5101228E+02,2290,  2.7315274E-01,  0.0000000E+00,  8.6806063E-03,  1.0006425E+03,  3.8272820E+04,3,
  7.9263690E+02,  0.0000000E+00,  2.5079144E+02,2329,  3.2610953E-01,  0.0000000E+00,  3.4146018E-02,  1.0010492E+03,  6.2579637E+04,3,
  7.9374994E+02,  0.0000000E+00,  2.5082372E+02,2361,  3.3200401E-01,  0.0000000E+00,  1.2160311E-02,  1.0010359E+03,  6.1783547E+04,3,
  7.9486426E+02,  0.0000000E+00,  2.5102103E+02,2282,  3.0909920E-01,  0.0000000E+00, -9.5114065E-03,  1.0007829E+03,  4.6658977E+04,3,
  7.9586908E+02,  0.0000000E+00,  2.5075221E+02,2324,  3.0457306E-01,  0.0000000E+00, -8.7471893E-03,  1.0011074E+03,  6.6064188E+04,3,
  7.9702423E+02,  0.0000000E+00,  2.5087842E+02,2204,  2.9634845E-01,  0.0000000E+00,  1.3524259E-03,  1.0008676E+03,  5.1721055E+04,3,
  7.9806305E+02,  0.0000000E+00,  2.5107222E+02,2241,  3.2289115E-01,  0.0000000E+00, -8.3131092E-03,  1.0005181E+03,  3.0851078E+04,3,
  7.9882153E+02,  0.0000000E+00,  2.5105417E+02,2284,  3.1225961E-01,  0.0000000E+00, -1.6413840E-02,  1.0005501E+03,  3.2762430E+04,3,
  7.9968243E+02,  0.0000000E+00,  2.5080984E+02,2230,  3.0330533E-01,  0.0000000E+00, -2.4586106E-02,  1.0008899E+03,  5.3052648E+04,3,
  8.0077692E+02,  0.0000000E+00,  2.5094972E+02,2349,  2.9581121E-01,  0.0000000E+00, -2.6611051E-02,  1.0006917E+03,  4.1213184E+04,3,
  8.0164105E+02,  0.0000000E+00,  2.5098958E+02,2222,  2.8495300E-01,  0.0000000E+00, -1.9309459E-02,  1.0005950E+03,  3.5442582E+04,3,
  8.0257190E+02,  0.0000000E+00,  2.5091013E+02,2278,  2.9949313E-01,  0.0000000E+00, -1.0566890E-02,  1.0006901E+03,  4.1114793E+04,3,
  8.0340332E+02,  0.0000000E+00,  2.5098920E+02,2303,  2.7464956E-01,  0.0000000E+00, -8.2142279E-03,  1.0005953E+03,  3.5457148E+04,3,
  8.0436346E+02,  0.0000000E+00,  2.5092564E+02,2350,  3.0065897E-01,  0.0000000E+00,  1.7059251E-03,  1.0007265E+03,  4.3290543E+04,3,
  8.0544507E+02,  0.0000000E+00,  2.5086633E+02,2236,  2.7446640E-01,  0.0000000E+00, -6.1602746E-03,  1.0009070E+03,  5.4077914E+04,3,
  8.0661163E+02,  0.0000000E+00,  2.5085860E+02,2246,  2.8652933E-01,  0.0000000E+00, -2.0392304E-03,  1.0010250E+03,  6.1133578E+04,3,
  8.0767682E+02,  0.0000000E+00,  2.5067238E+02,2172,  2.9201862E-01,  0.0000000E+00, -1.8583473E-03,  1.0012924E+03,  7.7139531E+04,3,
  8.0910535E+02,  0.0000000E+00,  2.5111122E+02,2269,  3.0269775E-01,  0.0000000E+00, -1.3806642E-02,  1.0004863E+03,  2.8958293E+04,3,
  8.0966339E+02,  0.0000000E+00,  2.5098418E+02,2237,  2.8698334E-01,  0.0000000E+00,  2.7734186E-03,  1.0006005E+03,  3.5770367E+04,3,
  8.1063483E+02,  0.0000000E+00,  2.5085641E+02,2304,  2.9144865E-01,  0.0000000E+00,  1.5697127E-02,  1.0007427E+03,  4.4260129E+04,3,
  8.1158716E+02,  0.0000000E+00,  2.5108209E+02,2323,  2.8249732E-01,  0.0000000E+00,  1.8834459E-02,  1.0003996E+03,  2.3787727E+04,3,
  8.1229712E+02,  0.0000000E+00,  2.5091615E+02,2266,  3.1173396E-01,  0.0000000E+00,  2.1954481E-02,  1.0006397E+03,  3.8108883E+04,3,
  8.1345087E+02,  0.0000000E+00,  2.5080820E+02,2295,  3.5376287E-01,  0.0000000E+00,  1.6846331E-02,  1.0008372E+03,  4.9900891E+04,3,
  8.1423468E+02,  0.0000000E+00,  2.5106430E+02,2268,  3.8000208E-01,  0.0000000E+00,  1.3192668E-02,  1.0005028E+03,  2.9941041E+04,3,
  8.1504639E+02,  0.0000000E+00,  2.5125383E+02,2314,  2.7457044E-01,  0.0000000E+00, -1.7315656E-02,  1.0003137E+03,  1.8667117E+04,3,
  8.1629047E+02,  0.0000000E+00,  2.5042030E+02,2262,  3.0758974E-01,  0.0000000E+00,  6.0817353E-02,  1.0018213E+03,  1.0888359E+05,3,
  8.1753448E+02,  0.0000000E+00,  2.5114629E+02,2248,  4.1722512E-01,  0.0000000E+00, -9.9440310E-03,  1.0004111E+03,  2.4471645E+04,3,
  8.1864899E+02,  0.0000000E+00,  2.5082738E+02,2339,  7.0210403E-01,  0.0000000E+00, -8.6144641E-02,  1.0006437E+03,  3.8349324E+04,3,
  8.1976154E+02,  0.0000000E+00,  2.5084731E+02,2312,  3.1699118E-01,  0.0000000E+00,  6.8710767E-02,  1.0006359E+03,  3.7883023E+04,3,
  8.2000031E+02,  0.0000000E+00,  2.5110283E+02,2221,  2.2179478E-01,  0.0000000E+00,  8.6988322E-02,  1.0004790E+03,  2.8521547E+04,3,
  8.2036237E+02,  0.0000000E+00,  2.5117113E+02,2217,  2.4453864E-01,  0.0000000E+00,  1.6267158E-01,  1.0005756E+03,  3.4284492E+04,3,
  9.7011536E+02,  0.0000000E+00,  2.5079030E+02,2163,  7.0885940E+00,  0.0000000E+00,  3.2285786E-01,  9.9937152E+02, -3.7297688E+04,3,
  9.7038226E+02,  0.0000000E+00,  2.5086467E+02,2255,  6.8875175E+00,  0.0000000E+00,  3.1972918E-01,  9.9548376E+02, -2.6491516E+05,3,
  9.7057117E+02,  0.0000000E+00,  2.5082707E+02,2234,  6.8051009E+00,  0.0000000E+00,  9.3963838E-01,  9.9874786E+02, -7.4170367E+04,3,
  9.7305420E+02,  0.0000000E+00,  2.5113319E+02,2186,  6.0374265E+00,  0.0000000E+00,  4.2309985E+00,  9.8732947E+02, -7.2532438E+05,3,
  9.7012500E+02,  0.0000000E+00,  2.5077245E+02,2174,  6.9921608E+00,  0.0000000E+00, -5.5677557E-01,  9.9929010E+02, -4.2119402E+04,3,
  9.7192914E+02,  0.0000000E+00,  2.5105194E+02,2249,  8.5315475E+00,  0.0000000E+00,  1.2203957E+00,  1.0137805E+03,  8.5401975E+05,3,
  9.7536456E+02,  0.0000000E+00,  2.5140396E+02,2258,  7.9199247E+00,  0.0000000E+00,  2.8333883E+00,  1.0009572E+03,  5.7077695E+04,3,
  9.7557574E+02,  0.0000000E+00,  2.5081950E+02,2256,  5.5768261E+00,  0.0000000E+00,  3.0570009E+00,  1.0005198E+03,  3.0953008E+04,3,
  9.7561969E+02,  0.0000000E+00,  2.5067175E+02,2161,  5.3803997E+00,  0.0000000E+00,  2.3287296E+00,  9.9900574E+02, -5.8940773E+04,3,
  9.7567010E+02,  0.0000000E+00,  2.5058859E+02,2177,  4.8014016E+00,  0.0000000E+00,  2.7359490E+00,  9.9932458E+02, -4.0077508E+04,3,
  1.0639929E+03,  0.0000000E+00,  2.4910260E+02,2244,  7.1407666E+00,  0.0000000E+00,  5.7858217E-01,  9.9997729E+02, -1.3499053E+03,3,
  1.0646097E+03,  0.0000000E+00,  2.4916414E+02,2212,  7.1499224E+00,  0.0000000E+00,  3.3289045E-01,  9.9993262E+02, -4.0056338E+03,3,
  1.0646398E+03,  0.0000000E+00,  2.4912711E+02,2286,  7.0860476E+00,  0.0000000E+00,  6.4380777E-01,  9.9989441E+02, -6.2762246E+03,3,
  1.0651166E+03,  0.0000000E+00,  2.4953522E+02,2162,  7.4596057E+00,  0.0000000E+00,  2.9804173E-01,  1.0004089E+03,  2.4340678E+04,3,
  1.0659122E+03,  0.0000000E+00,  2.4915149E+02,2298,  7.1175804E+00,  0.0000000E+00,  2.2672069E-01,  9.9995502E+02, -2.6742305E+03,3,
  1.0663159E+03,  0.0000000E+00,  2.4897260E+02,2125,  6.7908182E+00,  0.0000000E+00, -8.0247444E-01,  9.9970709E+02, -1.7400395E+04,3,
  1.0697039E+03,  0.0000000E+00,  2.4909760E+02,2111,  7.2992783E+00,  0.0000000E+00, -3.7704653E-01,  1.0007740E+03,  4.6130305E+04,3,
  1.0698441E+03,  0.0000000E+00,  2.4925995E+02,2265,  7.1786356E+00,  0.0000000E+00, -7.1185291E-01,  1.0009951E+03,  5.9344551E+04,3,
  1.0702723E+03,  0.0000000E+00,  2.4908728E+02,2157,  7.4190917E+00,  0.0000000E+00, -2.7547184E-01,  1.0010125E+03,  6.0381418E+04,3,
  1.0707964E+03,  0.0000000E+00,  2.4911955E+02,2113,  7.2097664E+00,  0.0000000E+00, -4.1058913E-01,  9.9407745E+02, -3.4594709E+05,3,
  1.0714785E+03,  0.0000000E+00,  2.4933299E+02,2124,  7.0300903E+00,  0.0000000E+00,  5.5562604E-02,  1.0011878E+03,  7.0876617E+04,3,
  1.0721757E+03,  0.0000000E+00,  2.4896173E+02,2132,  7.3555422E+00,  0.0000000E+00, -3.1189093E-01,  1.0013227E+03,  7.8957359E+04,3,
  1.0746300E+03,  0.0000000E+00,  2.4906909E+02,2280,  7.2872858E+00,  0.0000000E+00,  7.4466157E-01,  1.0004108E+03,  2.4453455E+04,3,
  1.0749277E+03,  0.0000000E+00,  2.4894029E+02,2187,  7.1280541E+00,  0.0000000E+00,  6.9302356E-01,  9.9886188E+02, -6.7439812E+04,3,
  1.0756285E+03,  0.0000000E+00,  2.4899635E+02,2165,  7.4320946E+00,  0.0000000E+00, -8.7954722E-02,  1.0009850E+03,  5.8738547E+04,3,
  1.0758069E+03,  0.0000000E+00,  2.4910815E+02,2288,  7.4713016E+00,  0.0000000E+00, -1.2163892E-01,  9.9882422E+02, -6.9663422E+04,3,
  1.0760977E+03,  0.0000000E+00,  2.4930661E+02,2116,  6.5978794E+00,  0.0000000E+00,  9.4940954E-01,  1.0002240E+03,  1.3327475E+04,3,
  1.0790775E+03,  0.0000000E+00,  2.4893930E+02,2190,  7.4124618E+00,  0.0000000E+00,  3.1398527E-02,  9.9983813E+02, -9.6195020E+03,3,
  1.0799233E+03,  0.0000000E+00,  2.4895039E+02,2114,  7.2847633E+00,  0.0000000E+00,  6.4934886E-01,  1.0004677E+03,  2.7844629E+04,3,
  1.0798159E+03,  0.0000000E+00,  2.4906189E+02,2151,  6.9870343E+00,  0.0000000E+00, -8.9627850E-01,  9.9987817E+02, -7.2408867E+03,3,
  1.0811503E+03,  0.0000000E+00,  2.4909825E+02,2122,  7.2996364E+00,  0.0000000E+00, -1.9762005E-01,  9.9903241E+02, -5.7364203E+04,3,
  1.0813956E+03,  0.0000000E+00,  2.4900462E+02,2123,  7.4462633E+00,  0.0000000E+00,  5.7314795E-01,  1.0002703E+03,  1.6082357E+04,3,
  1.0820690E+03,  0.0000000E+00,  2.4931039E+02,2250,  7.2186975E+00,  0.0000000E+00, -1.4713073E-01,  1.0004505E+03,  2.6822061E+04,3,
  1.0836471E+03,  0.0000000E+00,  2.4935562E+02,2181,  7.3116612E+00,  0.0000000E+00, -2.4923676E-01,  9.9896893E+02, -6.1115812E+04,3,
  1.0851959E+03,  0.0000000E+00,  2.4918076E+02,2121,  7.1830435E+00,  0.0000000E+00, -1.7236639E-02,  1.0036273E+03,  2.1803414E+05,3,
  1.0859235E+03,  0.0000000E+00,  2.4917130E+02,2133,  7.4091125E+00,  0.0000000E+00, -6.3702935E-01,  9.9913885E+02, -5.1069824E+04,3,
  1.0860548E+03,  0.0000000E+00,  2.4898280E+02,2135,  7.5760384E+00,  0.0000000E+00,  6.5602493E-01,  9.9846014E+02, -9.1134805E+04,3,
  1.0861483E+03,  0.0000000E+00,  2.4913034E+02,2105,  7.3532524E+00,  0.0000000E+00, -3.5499701E-01,  9.9921796E+02, -4.6389746E+04,3,
  1.0864758E+03,  0.0000000E+00,  2.4906947E+02,2229,  7.3731666E+00,  0.0000000E+00, -6.0278093E-03,  9.9959485E+02, -2.4060207E+04,3,
  1.0942701E+03,  0.0000000E+00,  2.4900076E+02,2223,  6.6758137E+00,  0.0000000E+00,  6.4264923E-01,  1.0001978E+03,  1.1768652E+04,3,
  1.0942766E+03,  0.0000000E+00,  2.4899838E+02,2120,  6.6713529E+00,  0.0000000E+00,  5.0423813E-01,  1.0002195E+03,  1.3062203E+04,3,
  1.0942952E+03,  0.0000000E+00,  2.4900668E+02,2119,  6.6610870E+00,  0.0000000E+00,  6.5803033E-01,  1.0001243E+03,  7.3914497E+03,3,
  1.0947340E+03,  0.0000000E+00,  2.4969168E+02,2226,  6.5702281E+00,  0.0000000E+00,  4.2689559E-01,  1.0007052E+03,  4.2018566E+04,3,
  1.0965265E+03,  0.0000000E+00,  2.4903311E+02,2159,  6.6288128E+00,  0.0000000E+00,  1.1481584E-01,  9.9912555E+02, -5.1856844E+04,3,
  1.0970502E+03,  0.0000000E+00,  2.4902957E+02,2220,  6.6880078E+00,  0.0000000E+00,  1.3397233E-01,  9.9977570E+02, -1.3327695E+04,3,
  1.0971901E+03,  0.0000000E+00,  2.4895987E+02,2127,  6.6707082E+00,  0.0000000E+00,  8.3804421E-02,  9.9987445E+02, -7.4620933E+03,3,
  1.0998696E+03,  0.0000000E+00,  2.4904556E+02,2149,  6.5658026E+00,  0.0000000E+00,  7.2435951E-01,  1.0003607E+03,  2.1467123E+04,3,
  1.1001768E+03,  0.0000000E+00,  2.4907132E+02,2101,  6.5311446E+00,  0.0000000E+00,  3.3054194E-01,  1.0010510E+03,  6.2685543E+04,3,
  1.1016927E+03,  0.0000000E+00,  2.4897968E+02,2118,  6.5851970E+00,  0.0000000E+00,  2.0875207E-01,  9.9894958E+02, -6.2259051E+04,3,
  1.1017219E+03,  0.0000000E+00,  2.4895357E+02,2107,  6.5585499E+00,  0.0000000E+00,  5.1701242E-01,  9.9904205E+02, -5.6794121E+04,3,
  1.1020420E+03,  0.0000000E+00,  2.4899905E+02,2207,  6.5614886E+00,  0.0000000E+00,  1.2485306E-01,  9.9977094E+02, -1.3610375E+04,3,
  1.1020930E+03,  0.0000000E+00,  2.4895132E+02,2242,  6.5447803E+00,  0.0000000E+00,  1.3563044E-01,  9.9979871E+02, -1.1961299E+04,3,
  1.1148448E+03,  0.0000000E+00,  2.4894554E+02,2205,  6.0690484E+00,  0.0000000E+00,  7.9615688E-01,  9.9989954E+02, -5.9715752E+03,3,
  1.1148794E+03,  0.0000000E+00,  2.4903172E+02,2167,  6.0791483E+00,  0.0000000E+00,  1.0595269E+00,  9.9986298E+02, -8.1438125E+03,3,
  1.1149008E+03,  0.0000000E+00,  2.4906152E+02,2169,  6.0950799E+00,  0.0000000E+00,  8.9008653E-01,  9.9987408E+02, -7.4838511E+03,3,
  1.1152360E+03,  0.0000000E+00,  2.4905907E+02,2076,  6.0714235E+00,  0.0000000E+00,  6.6156787E-01,  9.9978802E+02, -1.2595592E+04,3,
  1.1168513E+03,  0.0000000E+00,  2.4973724E+02,2093,  6.2393527E+00,  0.0000000E+00, -8.1170887E-02,  1.0006761E+03,  4.0280336E+04,3,
  1.1179668E+03,  0.0000000E+00,  2.4913513E+02,2090,  6.1142025E+00,  0.0000000E+00, -8.0550200E-01,  9.9977734E+02, -1.3229843E+04,3,
  1.1180890E+03,  0.0000000E+00,  2.4913591E+02,2131,  6.1207623E+00,  0.0000000E+00, -6.4042568E-01,  9.9983557E+02, -9.7717715E+03,3,
  1.1183566E+03,  0.0000000E+00,  2.4910864E+02,2152,  6.1200924E+00,  0.0000000E+00, -6.5988034E-01,  9.9989819E+02, -6.0513652E+03,3,
  1.1183921E+03,  0.0000000E+00,  2.4909425E+02,2213,  6.0979099E+00,  0.0000000E+00, -1.0270684E+00,  9.9988422E+02, -6.8818696E+03,3,
  1.2904907E+03,  0.0000000E+00,  2.4902176E+02,2271,  1.0688907E+00,  0.0000000E+00,  4.3903092E-01,  9.9945459E+02, -3.2375953E+04,3,
  1.2905884E+03,  0.0000000E+00,  2.4906731E+02,2154,  1.1159024E+00,  0.0000000E+00,  5.6858277E-01,  9.9793713E+02, -1.2189734E+05,3,
  1.2907075E+03,  0.0000000E+00,  2.4907280E+02,2095,  1.4471997E+00,  0.0000000E+00,  5.9475845E-01,  1.0015497E+03,  9.2574078E+04,3,
  1.2907804E+03,  0.0000000E+00,  2.4905827E+02,2170,  6.0540229E-01,  0.0000000E+00,  5.1316637E-01,  9.9940564E+02, -3.5276492E+04,3,
  1.2926105E+03,  0.0000000E+00,  2.4980786E+02,2198,  1.2185198E+00,  0.0000000E+00,  2.5231367E-01,  1.0009003E+03,  5.3672902E+04,3,
  1.2929275E+03,  0.0000000E+00,  2.4891225E+02,2084,  9.5383364E-01,  0.0000000E+00,  2.7805465E-01,  9.9959436E+02, -2.4089170E+04,3,
  1.2936682E+03,  0.0000000E+00,  2.4891240E+02,2189,  6.8800104E-01,  0.0000000E+00,  5.0543016E-01,  9.9980170E+02, -1.1783689E+04,3,
  1.2957412E+03,  0.0000000E+00,  2.4908469E+02,2129,  1.6605915E+00,  0.0000000E+00, -5.9677052E-01,  9.9958887E+02, -2.4414982E+04,3,
  1.2958457E+03,  0.0000000E+00,  2.4903282E+02,2089,  1.1928444E+00,  0.0000000E+00,  5.4292712E-02,  9.9931854E+02, -4.0435324E+04,3,
  1.2977930E+03,  0.0000000E+00,  2.4914806E+02,2108,  1.3120972E+00,  0.0000000E+00, -7.9497176E-01,  9.9964423E+02, -2.1131021E+04,3,
  1.2979077E+03,  0.0000000E+00,  2.4918401E+02,2136,  8.3261520E-01,  0.0000000E+00,  1.5428163E-01,  9.9876270E+02, -7.3295078E+04,3,
  1.2980222E+03,  0.0000000E+00,  2.4907089E+02,2072,  1.0041872E+00,  0.0000000E+00, -2.5976476E-01,  9.9982098E+02, -1.0638216E+04,3,
  1.2996238E+03,  0.0000000E+00,  2.4905920E+02,2199,  9.6909791E-01,  0.0000000E+00, -5.3437030E-01,  9.9994641E+02, -3.1857717E+03,3,
  1.3007450E+03,  0.0000000E+00,  2.4902049E+02,2128,  1.2552936E+00,  0.0000000E+00, -7.4878998E-02,  1.0003431E+03,  2.0419756E+04,3,
  1.3015294E+03,  0.0000000E+00,  2.4882372E+02,2158,  1.3292533E+00,  0.0000000E+00, -4.5878565E-01,  1.0007075E+03,  4.2157055E+04,3,
  1.3031328E+03,  0.0000000E+00,  2.4925636E+02,2103,  1.3290998E+00,  0.0000000E+00,  1.7382827E-02,  9.9742889E+02, -1.5169856E+05,3,
  1.3031744E+03,  0.0000000E+00,  2.4931792E+02,2104,  1.2980022E+00,  0.0000000E+00, -3.1406131E-01,  9.9749664E+02, -1.4773128E+05,3,
  1.3028450E+03,  0.0000000E+00,  2.5034135E+02,2083,  8.2734108E-01,  0.0000000E+00, -4.8103818E-01,  1.0012599E+03,  7.5197719E+04,3,
  1.3046543E+03,  0.0000000E+00,  2.4880721E+02,2102,  9.3026042E-01,  0.0000000E+00, -3.1836024E-01,  1.0036584E+03,  2.1992577E+05,3,
  1.3063510E+03,  0.0000000E+00,  2.4966335E+02,2134,  1.8672521E+00,  0.0000000E+00,  2.9421741E-01,  9.9720764E+02, -1.6464352E+05,3,
  1.3054652E+03,  0.0000000E+00,  2.5004224E+02,2139,  1.6897701E+00,  0.0000000E+00, -6.0868341E-01,  1.0002916E+03,  1.7351023E+04,3,
  1.3073036E+03,  0.0000000E+00,  2.4869312E+02,2178,  1.1686479E+00,  0.0000000E+00, -8.5344797E-01,  1.0001571E+03,  9.3455137E+03,3,
  1.3073558E+03,  0.0000000E+00,  2.4970584E+02,2078,  8.6514169E-01,  0.0000000E+00, -2.5201073E-01,  9.9943774E+02, -3.3374242E+04,3,
  1.3087913E+03,  0.0000000E+00,  2.4892253E+02,2156,  1.0540946E+00,  0.0000000E+00,  5.5767052E-02,  1.0029658E+03,  1.7791466E+05,3,
  1.3104990E+03,  0.0000000E+00,  2.4900816E+02,2137,  8.2627410E-01,  0.0000000E+00, -4.6217930E-02,  9.9865063E+02, -7.9906430E+04,3,
  1.3116565E+03,  0.0000000E+00,  2.4902884E+02,2140,  2.3776536E+00,  0.0000000E+00,  4.1698468E-01,  1.0016931E+03,  1.0117827E+05,3,
  1.3105144E+03,  0.0000000E+00,  2.5103516E+02,2070,  2.1334779E+00,  0.0000000E+00, -1.1956942E+00,  9.9986041E+02, -8.2961055E+03,3,
  1.3095128E+03,  0.0000000E+00,  2.5085822E+02,2059,  1.2371516E+00,  0.0000000E+00, -1.1907455E+00,  9.9993317E+02, -3.9729856E+03,3,
  1.3134325E+03,  0.0000000E+00,  2.4876395E+02,2109,  1.8508289E+00,  0.0000000E+00, -4.1976738E-01,  9.9779358E+02, -1.3032406E+05,3,
  1.3139324E+03,  0.0000000E+00,  2.5132701E+02,2030,  2.7771208E+00,  0.0000000E+00,  1.9893683E-01,  1.0000879E+03,  5.2271738E+03,3,
  1.3143527E+03,  0.0000000E+00,  2.4888507E+02,2099,  2.3336322E+00,  0.0000000E+00,  4.0797636E-01,  1.0050691E+03,  3.0602012E+05,3,
  1.3154880E+03,  0.0000000E+00,  2.4882460E+02,2075,  1.7454650E+00,  0.0000000E+00, -2.0200014E+00,  9.9878339E+02, -7.2073867E+04,3,
  1.3167163E+03,  0.0000000E+00,  2.4874870E+02,2096,  1.4098787E+00,  0.0000000E+00,  1.2513798E+00,  9.9953851E+02, -2.7401098E+04,3,
  1.3181874E+03,  0.0000000E+00,  2.4881963E+02,2085,  2.0464199E+00,  0.0000000E+00, -1.6675019E+00,  1.0012147E+03,  7.2484930E+04,3,
  1.3184698E+03,  0.0000000E+00,  2.4883255E+02,2097,  1.4971601E+00,  0.0000000E+00,  5.8565211E-01,  1.0040983E+03,  2.4669098E+05,3,
  1.3169829E+03,  0.0000000E+00,  2.5124872E+02,2080,  1.6679803E+00,  0.0000000E+00,  3.4096715E-01,  9.9941602E+02, -3.4661738E+04,3,
  1.3199213E+03,  0.0000000E+00,  2.4976677E+02,2126,  1.3371270E+00,  0.0000000E+00,  5.9554332E-01,  9.9801099E+02, -1.1755932E+05,3,
  1.3210104E+03,  0.0000000E+00,  2.4984824E+02,2088,  2.0342731E+00,  0.0000000E+00,  6.3539557E-02,  9.9960718E+02, -2.3328898E+04,3,
  1.3212321E+03,  0.0000000E+00,  2.4868948E+02,2058,  1.1550572E+00,  0.0000000E+00,  2.2185032E-01,  1.0008737E+03,  5.2085859E+04,3,
  1.3227086E+03,  0.0000000E+00,  2.4885576E+02,2098,  1.2270281E+00,  0.0000000E+00,  1.1298234E-01,  9.9895544E+02, -6.1912848E+04,3,
  1.3236549E+03,  0.0000000E+00,  2.5132977E+02,2073,  1.5702146E+00,  0.0000000E+00,  3.4314814E-01,  1.0004981E+03,  2.9660766E+04,3,
  1.3239305E+03,  0.0000000E+00,  2.4887616E+02,2079,  1.0598060E+00,  0.0000000E+00, -5.2318424E-01,  9.9930341E+02, -4.1331605E+04,3,
  1.3234502E+03,  0.0000000E+00,  2.5070688E+02,2067,  1.6906468E+00,  0.0000000E+00,  2.2233880E-01,  1.0034064E+03,  2.0461741E+05,3,
  1.3252760E+03,  0.0000000E+00,  2.4875349E+02,2055,  1.6310192E+00,  0.0000000E+00,  2.0713975E-01,  9.9966516E+02, -1.9888844E+04,3,
  1.3264403E+03,  0.0000000E+00,  2.4903563E+02,2082,  1.4377525E+00,  0.0000000E+00, -1.2427324E-01,  9.9910004E+02, -5.3365719E+04,3,
  1.3276490E+03,  0.0000000E+00,  2.4881960E+02,2086,  1.4288844E+00,  0.0000000E+00, -2.9427147E-02,  1.0008463E+03,  5.0444352E+04,3,
  1.3291252E+03,  0.0000000E+00,  2.4858151E+02,2100,  1.0088505E+00,  0.0000000E+00,  4.1831160E-01,  1.0017049E+03,  1.0188950E+05,3,
  1.3283394E+03,  0.0000000E+00,  2.5125403E+02,2087,  1.2136354E+00,  0.0000000E+00, -5.7354189E-02,  1.0000681E+03,  4.0471890E+03,3,
  1.3301422E+03,  0.0000000E+00,  2.5022641E+02,2065,  1.7987432E+00,  0.0000000E+00,  8.7016302E-01,  9.9785388E+02, -1.2678515E+05,3,
  1.3317961E+03,  0.0000000E+00,  2.4906218E+02,2053,  1.1518111E+00,  0.0000000E+00, -2.2265960E-01,  1.0022889E+03,  1.3703381E+05,3,
  1.3308173E+03,  0.0000000E+00,  2.4905823E+02,2081,  1.6169991E+00,  0.0000000E+00,  1.6014574E-01,  1.0016982E+03,  1.0148622E+05,3,
  1.3322505E+03,  0.0000000E+00,  2.5009030E+02,2068,  1.2354422E+00,  0.0000000E+00,  2.2765487E-01,  9.9880383E+02, -7.0866922E+04,3,
  1.3335408E+03,  0.0000000E+00,  2.4883305E+02,2066,  6.9226593E-01,  0.0000000E+00, -2.0225815E-01,  9.9837408E+02, -9.6203320E+04,3,
  1.3339458E+03,  0.0000000E+00,  2.4933813E+02,2062,  1.0568525E+00,  0.0000000E+00, -2.6358607E-01,  1.0015475E+03,  9.2438555E+04,3,
  1.3351761E+03,  0.0000000E+00,  2.4894974E+02,2046,  1.2566257E+00,  0.0000000E+00,  2.1341194E-01,  9.9981903E+02, -1.0754219E+04,3,
  1.3362100E+03,  0.0000000E+00,  2.4909111E+02,2056,  1.1684551E+00,  0.0000000E+00,  3.0310526E-01,  1.0008111E+03,  4.8343617E+04,3,
  1.3368623E+03,  0.0000000E+00,  2.4994128E+02,2091,  1.0861266E+00,  0.0000000E+00, -2.7489680E-01,  1.0005417E+03,  3.2259982E+04,3,
  1.3376379E+03,  0.0000000E+00,  2.4873882E+02,2050,  1.3877070E+00,  0.0000000E+00,  3.1898198E-01,  1.0017884E+03,  1.0690627E+05,3,
  1.3388556E+03,  0.0000000E+00,  2.4921359E+02,2057,  1.2145518E+00,  0.0000000E+00,  4.4687942E-01,  1.0007242E+03,  4.3152039E+04,3,
  1.3399467E+03,  0.0000000E+00,  2.4909206E+02,2077,  1.2027693E+00,  0.0000000E+00, -2.3378199E-01,  1.0008372E+03,  4.9900891E+04,3,
  1.3403363E+03,  0.0000000E+00,  2.4937840E+02,2037,  1.3258477E+00,  0.0000000E+00, -1.8976808E-01,  1.0009830E+03,  5.8621730E+04,3,
  1.3415615E+03,  0.0000000E+00,  2.4883372E+02,2036,  1.2679273E+00,  0.0000000E+00,  1.0921854E-01,  1.0019935E+03,  1.1924246E+05,3,
  1.3425505E+03,  0.0000000E+00,  2.4943506E+02,2074,  9.9483627E-01,  0.0000000E+00,  3.6824894E-01,  9.9912616E+02, -5.1820742E+04,3,
  1.3436061E+03,  0.0000000E+00,  2.4908589E+02,2041,  1.5117790E+00,  0.0000000E+00, -1.3657136E-01,  1.0011293E+03,  6.7372117E+04,3,
  1.3437299E+03,  0.0000000E+00,  2.4888414E+02,2049,  9.7442520E-01,  0.0000000E+00,  3.5332534E-01,  9.9873553E+02, -7.4897914E+04,3,
  1.3455668E+03,  0.0000000E+00,  2.4922905E+02,2063,  9.7582740E-01,  0.0000000E+00,  1.0534705E-01,  1.0012862E+03,  7.6770156E+04,3,
  1.3457288E+03,  0.0000000E+00,  2.4887982E+02,2031,  1.2269692E+00,  0.0000000E+00, -1.9491182E-01,  1.0027443E+03,  1.6451770E+05,3,
  1.3472671E+03,  0.0000000E+00,  2.4973631E+02,2033,  1.0799525E+00,  0.0000000E+00,  5.0496477E-01,  9.9826331E+02, -1.0272384E+05,3,
  1.3479110E+03,  0.0000000E+00,  2.4867708E+02,2052,  1.0712411E+00,  0.0000000E+00,  6.6059209E-02,  1.0003746E+03,  2.2300006E+04,3,
  1.3490402E+03,  0.0000000E+00,  2.4935905E+02,2035,  1.0650922E+00,  0.0000000E+00,  3.8987932E-01,  1.0013551E+03,  8.0899898E+04,3,
  1.3502816E+03,  0.0000000E+00,  2.4899503E+02,2029,  8.9819145E-01,  0.0000000E+00,  1.5059334E-01,  1.0019628E+03,  1.1739529E+05,3,
  1.3507443E+03,  0.0000000E+00,  2.4918042E+02,2060,  1.1127855E+00,  0.0000000E+00,  5.9978835E-02,  1.0003679E+03,  2.1899922E+04,3,
  1.3515549E+03,  0.0000000E+00,  2.4907033E+02,2043,  8.9940912E-01,  0.0000000E+00, -8.5925423E-02,  1.0001042E+03,  6.2003135E+03,3,
  1.3528379E+03,  0.0000000E+00,  2.4873096E+02,2069,  1.2019013E+00,  0.0000000E+00, -3.5504505E-01,  1.0011624E+03,  6.9356266E+04,3,
  1.3532598E+03,  0.0000000E+00,  2.5005795E+02,2045,  1.0191040E+00,  0.0000000E+00,  4.6674660E-01,  9.9993738E+02, -3.7226802E+03,3,
  1.3553127E+03,  0.0000000E+00,  2.4904509E+02,2040,  9.0537757E-01,  0.0000000E+00, -2.2160594E-01,  9.9809119E+02, -1.1284627E+05,3,
  1.3553451E+03,  0.0000000E+00,  2.4919495E+02,2042,  9.6346021E-01,  0.0000000E+00, -2.6177579E-01,  1.0025876E+03,  1.5505569E+05,3,
  1.3545857E+03,  0.0000000E+00,  2.4917587E+02,2038,  9.2143315E-01,  0.0000000E+00, -5.2931029E-01,  1.0006177E+03,  3.6797500E+04,3,
  1.3575511E+03,  0.0000000E+00,  2.4899974E+02,2051,  9.8094702E-01,  0.0000000E+00, -5.1491994E-01,  1.0008479E+03,  5.0542836E+04,3,
  1.3569045E+03,  0.0000000E+00,  2.4928862E+02,2064,  5.6342459E-01,  0.0000000E+00,  4.0315736E-02,  9.9998700E+02, -7.7295215E+02,3,
  1.3590383E+03,  0.0000000E+00,  2.4881535E+02,2061,  1.6643217E+00,  0.0000000E+00,  3.1373903E-01,  9.9991321E+02, -5.1591299E+03,3,
  1.3598826E+03,  0.0000000E+00,  2.4922459E+02,2039,  3.1305656E-01,  0.0000000E+00,  4.6204931E-01,  1.0004522E+03,  2.6923949E+04,3,
  1.3606520E+03,  0.0000000E+00,  2.4971724E+02,2047,  1.2984850E+00,  0.0000000E+00, -3.7492144E-01,  1.0033678E+03,  2.0227686E+05,3,
  1.3612061E+03,  0.0000000E+00,  2.5014191E+02,2048,  7.8797126E-01,  0.0000000E+00,  5.2043635E-01,  9.9847852E+02, -9.0052461E+04,3,
  1.3612133E+03,  0.0000000E+00,  2.5017952E+02,2044,  9.1219318E-01,  0.0000000E+00,  4.1096374E-01,  9.9891577E+02, -6.4256688E+04,3,
  1.3611853E+03,  0.0000000E+00,  2.5030627E+02,2054,  1.0884269E+00,  0.0000000E+00,  5.4528612E-01,  9.9997626E+02, -1.4115901E+03,3,
  1.9182829E+02,  0.0000000E+00,  2.5728543E+02,3254, -1.2057268E-02,  0.0000000E+00,  2.3523776E-01,  9.9975189E+02, -1.4741011E+04,3,
  1.9183795E+02,  0.0000000E+00,  2.5717422E+02,3327, -6.6513754E-02,  0.0000000E+00, -4.1412240E-01,  1.0000545E+03,  3.2412493E+03,3,
  1.9139371E+02,  0.0000000E+00,  2.5773129E+02,3393, -5.2756529E-02,  0.0000000E+00, -1.8880235E-01,  1.0003227E+03,  1.9205238E+04,3,
  1.9222305E+02,  0.0000000E+00,  2.5726010E+02,3375, -6.0573355E-03,  0.0000000E+00, -2.1644732E-01,  9.9767889E+02, -1.3705091E+05,3,
  1.9323444E+02,  0.0000000E+00,  2.5666977E+02,3073, -1.4342257E-01,  0.0000000E+00, -5.0266534E-01,  1.0017405E+03,  1.0402719E+05,3,
  1.9810486E+02,  0.0000000E+00,  2.5685828E+02,3200, -3.2218418E-01,  0.0000000E+00, -5.2375573E-01,  1.0005627E+03,  3.3516148E+04,3,
  1.9584087E+02,  0.0000000E+00,  2.5698453E+02,3414, -3.4680277E-01,  0.0000000E+00, -1.0717031E+00,  9.9987421E+02, -7.4765981E+03,3,
  1.9776207E+02,  0.0000000E+00,  2.5708826E+02,3366,  3.0178188E-03,  0.0000000E+00, -1.0021557E+00,  9.9996051E+02, -2.3477009E+03,3,
  1.9778819E+02,  0.0000000E+00,  2.5715576E+02,3064, -6.0785886E-02,  0.0000000E+00, -7.5327432E-01,  1.0002756E+03,  1.6398600E+04,3,
  1.9406625E+02,  0.0000000E+00,  2.5748749E+02,3413, -5.9234437E-02,  0.0000000E+00, -2.5245044E-01,  1.0006759E+03,  4.0269402E+04,3,
  1.9930287E+02,  0.0000000E+00,  2.5793848E+02,3309, -1.2945849E-01,  0.0000000E+00, -6.3282925E-01,  1.0007898E+03,  4.7070992E+04,3,
  2.0007158E+02,  0.0000000E+00,  2.5697321E+02,3330, -1.6325200E-01,  0.0000000E+00, -2.4111062E-01,  9.9868536E+02, -7.7857961E+04,3,
  2.0392114E+02,  0.0000000E+00,  2.5725928E+02,3403,  1.6174835E-01,  0.0000000E+00, -1.0309000E-01,  1.0011342E+03,  6.7668070E+04,3,
  2.0143637E+02,  0.0000000E+00,  2.5711505E+02,3274,  1.5388386E-01,  0.0000000E+00, -1.0271131E+00,  1.0014604E+03,  8.7213031E+04,3,
  2.0440289E+02,  0.0000000E+00,  2.5704858E+02,3405, -2.4924274E-01,  0.0000000E+00,  1.6301051E-01,  9.9931262E+02, -4.0785895E+04,3,
  2.0166434E+02,  0.0000000E+00,  2.5702560E+02,3355, -1.9143743E-02,  0.0000000E+00,  7.7982619E-02,  9.9994849E+02, -3.0624238E+03,3,
  2.0243079E+02,  0.0000000E+00,  2.5707184E+02,3364, -1.7647435E-01,  0.0000000E+00,  5.6684858E-01,  9.9913342E+02, -5.1391137E+04,3,
  2.0589265E+02,  0.0000000E+00,  2.5684119E+02,3395,  6.9224007E-02,  0.0000000E+00,  3.6379689E-01,  1.0005532E+03,  3.2948125E+04,3,
  2.0677853E+02,  0.0000000E+00,  2.5707318E+02,3394,  1.9380561E-01,  0.0000000E+00,  5.9779406E-01,  1.0001277E+03,  7.5948286E+03,3,
  2.0879987E+02,  0.0000000E+00,  2.5695572E+02,3328, -2.1793689E-01,  0.0000000E+00, -2.5707674E-01,  9.9972931E+02, -1.6081661E+04,3,
  2.0883151E+02,  0.0000000E+00,  2.5693332E+02,3155,  1.2068511E-01,  0.0000000E+00, -7.2526759E-01,  9.9906976E+02, -5.5155855E+04,3,
  2.0958740E+02,  0.0000000E+00,  2.5689142E+02,3182, -2.0698009E-01,  0.0000000E+00,  3.4089121E-01,  1.0012518E+03,  7.4711414E+04,3,
  2.1199023E+02,  0.0000000E+00,  2.5699686E+02,3037, -2.9116713E-03,  0.0000000E+00,  7.8635931E-01,  9.9970728E+02, -1.7389527E+04,3,
  2.1126648E+02,  0.0000000E+00,  2.5689893E+02,3245,  8.8959754E-02,  0.0000000E+00,  3.6294606E-01,  9.9955310E+02, -2.6536123E+04,3,
  2.1278836E+02,  0.0000000E+00,  2.5704016E+02,3373, -6.2635526E-02,  0.0000000E+00,  2.6043093E-01,  1.0001640E+03,  9.7559893E+03,3,
  2.1511073E+02,  0.0000000E+00,  2.5722638E+02,3386, -3.1925201E-02,  0.0000000E+00,  3.1831580E-01,  1.0000125E+03,  7.4034875E+02,3,
  2.1794872E+02,  0.0000000E+00,  2.5682507E+02,3237,  5.0943445E-02,  0.0000000E+00, -2.1318834E-01,  1.0006550E+03,  3.9019668E+04,3,
  2.1828574E+02,  0.0000000E+00,  2.5689465E+02,3173, -6.7053512E-02,  0.0000000E+00,  1.0679127E-01,  9.9965851E+02, -2.0283605E+04,3,
  2.1721086E+02,  0.0000000E+00,  2.5737241E+02,3055, -1.1923039E-01,  0.0000000E+00,  3.8463637E-02,  1.0000779E+03,  4.6317178E+03,3,
  2.1688022E+02,  0.0000000E+00,  2.5722580E+02,3028,  6.8744794E-02,  0.0000000E+00,  2.8273806E-01,  1.0000601E+03,  3.5752344E+03,3,
  2.1990326E+02,  0.0000000E+00,  2.5491170E+02,3385,  3.4694412E-01,  0.0000000E+00, -1.4370216E-01,  1.0007200E+03,  4.2900551E+04,3,
  2.1405624E+02,  0.0000000E+00,  2.5710904E+02,3396, -2.1567672E-02,  0.0000000E+00,  3.3496276E-01,  1.0005787E+03,  3.4466574E+04,3,
  2.1987059E+02,  0.0000000E+00,  2.5615704E+02,3046, -4.8473585E-01,  0.0000000E+00,  5.2424289E-02,  1.0002116E+03,  1.2589819E+04,3,
  2.2078020E+02,  0.0000000E+00,  2.5480521E+02,3374, -1.0580119E-01,  0.0000000E+00, -2.1105232E-02,  1.0007044E+03,  4.1971188E+04,3,
  2.2228645E+02,  0.0000000E+00,  2.5537439E+02,3236,  3.8218531E-03,  0.0000000E+00, -5.7752062E-02,  9.9956689E+02, -2.5718125E+04,3,
  2.2366168E+02,  0.0000000E+00,  2.5579593E+02,3338, -6.2109016E-02,  0.0000000E+00, -7.4762285E-02,  1.0003643E+03,  2.1681703E+04,3,
  2.2542766E+02,  0.0000000E+00,  2.5537485E+02,3348,  3.7829611E-03,  0.0000000E+00,  9.7657852E-02,  9.9944562E+02, -3.2907664E+04,3,
  2.2259163E+02,  0.0000000E+00,  2.5542960E+02,3164, -2.6121244E-02,  0.0000000E+00, -4.3987173E-01,  1.0007918E+03,  4.7191320E+04,3,
  2.2523671E+02,  0.0000000E+00,  2.5673804E+02,3387, -2.6723412E-01,  0.0000000E+00, -6.4880643E-03,  1.0001412E+03,  8.3974902E+03,3,
  2.2467064E+02,  0.0000000E+00,  2.5449838E+02,3357,  8.3610572E-02,  0.0000000E+00, -9.4080769E-02,  1.0013059E+03,  7.7951477E+04,3,
  2.2695865E+02,  0.0000000E+00,  2.5511153E+02,3119,  1.7517929E-01,  0.0000000E+00, -1.4459518E-01,  1.0008148E+03,  4.8566070E+04,3,
  2.2708881E+02,  0.0000000E+00,  2.5574870E+02,3376, -3.2842693E-01,  0.0000000E+00,  1.2792034E-01,  1.0001814E+03,  1.0791333E+04,3,
  2.2845944E+02,  0.0000000E+00,  2.5475676E+02,3359, -1.2338363E-01,  0.0000000E+00, -9.7014382E-02,  1.0007320E+03,  4.3618590E+04,3,
  2.2948039E+02,  0.0000000E+00,  2.5490804E+02,3367, -1.3566378E-01,  0.0000000E+00, -1.2794298E-01,  1.0010201E+03,  6.0841469E+04,3,
  2.3087857E+02,  0.0000000E+00,  2.5513977E+02,3358, -6.2971279E-02,  0.0000000E+00, -1.3977900E-02,  1.0005086E+03,  3.0286846E+04,3,
  2.3174248E+02,  0.0000000E+00,  2.5503752E+02,3101, -1.9311132E-01,  0.0000000E+00,  1.8562174E-01,  1.0002510E+03,  1.4933791E+04,3,
  2.3260582E+02,  0.0000000E+00,  2.5497411E+02,3255, -3.0764052E-01,  0.0000000E+00,  1.1615467E-01,  1.0004846E+03,  2.8856383E+04,3,
  2.3212590E+02,  0.0000000E+00,  2.5694284E+02,3378,  1.3207550E-01,  0.0000000E+00,  2.2110076E-01,  1.0000964E+03,  5.7318872E+03,3,
  2.3351662E+02,  0.0000000E+00,  2.5722711E+02,3368, -1.6716638E-01,  0.0000000E+00,  1.6666092E-01,  1.0001049E+03,  6.2402578E+03,3,
  2.3387920E+02,  0.0000000E+00,  2.5480077E+02,3282, -1.8866068E-01,  0.0000000E+00,  2.2953156E-01,  1.0006815E+03,  4.0600992E+04,3,
  2.3548730E+02,  0.0000000E+00,  2.5678110E+02,3377, -2.2184153E-01,  0.0000000E+00,  2.3664163E-02,  1.0000660E+03,  3.9273831E+03,3,
  2.3516206E+02,  0.0000000E+00,  2.5490411E+02,3291, -1.2055385E-02,  0.0000000E+00,  2.2875252E-01,  1.0006683E+03,  3.9813941E+04,3,
  2.3692650E+02,  0.0000000E+00,  2.5615143E+02,3010, -1.3410163E-01,  0.0000000E+00, -2.5221670E-01,  1.0000554E+03,  3.2957024E+03,3,
  2.3637248E+02,  0.0000000E+00,  2.5491469E+02,3146, -2.0817486E-03,  0.0000000E+00,  1.4857794E-01,  1.0006426E+03,  3.8283746E+04,3,
  2.4000868E+02,  0.0000000E+00,  2.5643512E+02,3019,  1.6570061E-01,  0.0000000E+00, -4.5445916E-01,  1.0001092E+03,  6.4944526E+03,3,
  2.3885872E+02,  0.0000000E+00,  2.5577892E+02,3110,  6.2565602E-02,  0.0000000E+00, -7.7739590E-01,  9.9976373E+02, -1.4038002E+04,3,
  2.3804451E+02,  0.0000000E+00,  2.5462756E+02,3360,  3.2792255E-02,  0.0000000E+00, -7.1899988E-02,  1.0013507E+03,  8.0636484E+04,3,
  2.4021930E+02,  0.0000000E+00,  2.5450061E+02,3306,  2.9043916E-01,  0.0000000E+00, -1.3596798E-01,  1.0014971E+03,  8.9413500E+04,3,
  2.4235699E+02,  0.0000000E+00,  2.5509326E+02,3320,  4.6227801E-01,  0.0000000E+00, -3.8378600E-02,  1.0002713E+03,  1.6144150E+04,3,
  2.4118938E+02,  0.0000000E+00,  2.5702957E+02,3339, -9.8496877E-02,  0.0000000E+00, -3.8594741E-01,  1.0000877E+03,  5.2162812E+03,3,
  2.4278044E+02,  0.0000000E+00,  2.5482111E+02,3329,  4.1783851E-01,  0.0000000E+00, -9.3398251E-02,  1.0006213E+03,  3.7008766E+04,3,
  2.4322810E+02,  0.0000000E+00,  2.5624765E+02,3283,  2.2724308E-01,  0.0000000E+00, -3.1668830E-01,  1.0002129E+03,  1.2666126E+04,3,
  2.4407764E+02,  0.0000000E+00,  2.5504408E+02,3266,  4.1818458E-01,  0.0000000E+00, -2.8864495E-02,  1.0004583E+03,  2.7284205E+04,3,
  2.4548114E+02,  0.0000000E+00,  2.5580721E+02,3201,  5.7906944E-01,  0.0000000E+00, -3.5941759E-01,  1.0004761E+03,  2.8350494E+04,3,
  2.4569469E+02,  0.0000000E+00,  2.5516597E+02,3128,  2.7986047E-01,  0.0000000E+00, -3.4184698E-02,  1.0004095E+03,  2.4380695E+04,3,
  2.4700006E+02,  0.0000000E+00,  2.5518616E+02,3264,  4.0513030E-01,  0.0000000E+00,  1.5264951E-02,  1.0003578E+03,  2.1299828E+04,3,
  2.4775310E+02,  0.0000000E+00,  2.5681982E+02,3369,  8.5819644E-01,  0.0000000E+00, -1.0909238E-01,  1.0001616E+03,  9.6143184E+03,3,
  2.4801631E+02,  0.0000000E+00,  2.5426242E+02,2983,  2.6002753E-01,  0.0000000E+00, -2.1620701E-01,  1.0009535E+03,  5.6855055E+04,3,
  2.4932460E+02,  0.0000000E+00,  2.5702649E+02,3351,  6.3449723E-01,  0.0000000E+00,  3.1051727E-02,  1.0001928E+03,  1.1470723E+04,3,
  2.5057658E+02,  0.0000000E+00,  2.5651517E+02,3273,  4.4877002E-01,  0.0000000E+00,  3.3267047E-02,  1.0002249E+03,  1.3381983E+04,3,
  2.4948296E+02,  0.0000000E+00,  2.5336694E+02,3265,  2.6150137E-01,  0.0000000E+00, -2.6467097E-01,  1.0006218E+03,  3.7041547E+04,3,
  2.5161401E+02,  0.0000000E+00,  2.5650693E+02,3001,  4.0539044E-01,  0.0000000E+00, -1.8641843E-02,  1.0002462E+03,  1.4646670E+04,3,
  2.5006767E+02,  0.0000000E+00,  2.5293733E+02,3219,  1.0369974E-01,  0.0000000E+00, -1.3215281E-01,  1.0006753E+03,  4.0232965E+04,3,
  2.5050346E+02,  0.0000000E+00,  2.5292488E+02,3257,  3.6804400E-02,  0.0000000E+00, -1.0367324E-01,  1.0006196E+03,  3.6910418E+04,3,
  2.5251038E+02,  0.0000000E+00,  2.5652054E+02,2992,  4.1296205E-01,  0.0000000E+00, -7.5066306E-02,  1.0002552E+03,  1.5188209E+04,3,
  2.5366830E+02,  0.0000000E+00,  2.5619540E+02,3083,  3.6392239E-01,  0.0000000E+00, -1.4434104E-01,  1.0002927E+03,  1.7416459E+04,3,
  2.5126228E+02,  0.0000000E+00,  2.5281006E+02,3147,  3.1979841E-01,  0.0000000E+00, -8.1117183E-02,  1.0008459E+03,  5.0422469E+04,3,
  2.5358646E+02,  0.0000000E+00,  2.5324026E+02,3256,  9.7052343E-02,  0.0000000E+00, -7.8653857E-02,  1.0005299E+03,  3.1557326E+04,3,
  2.5318964E+02,  0.0000000E+00,  2.5268825E+02,2974,  1.8404761E-01,  0.0000000E+00, -9.3128264E-02,  1.0012899E+03,  7.6993242E+04,3,
  2.5467030E+02,  0.0000000E+00,  2.5668878E+02,3340,  5.3177148E-01,  0.0000000E+00, -1.5334873E-01,  1.0002483E+03,  1.4773874E+04,3,
  2.5499062E+02,  0.0000000E+00,  2.5288963E+02,3311,  1.6234016E-01,  0.0000000E+00, -3.2059703E-02,  1.0009120E+03,  5.4377121E+04,3,
  2.5599956E+02,  0.0000000E+00,  2.5581583E+02,3321,  4.3686759E-01,  0.0000000E+00, -7.7897601E-02,  1.0002671E+03,  1.5893344E+04,3,
  2.5678705E+02,  0.0000000E+00,  2.5671027E+02,3349,  5.1189262E-01,  0.0000000E+00, -4.7930174E-02,  1.0002657E+03,  1.5813377E+04,3,
  2.5583266E+02,  0.0000000E+00,  2.5297545E+02,3238,  1.8714310E-01,  0.0000000E+00, -1.9691769E-02,  1.0007883E+03,  4.6983484E+04,3,
  2.5790781E+02,  0.0000000E+00,  2.5679498E+02,3350,  5.0050092E-01,  0.0000000E+00,  4.5586880E-02,  1.0002687E+03,  1.5987850E+04,3,
  2.5924243E+02,  0.0000000E+00,  2.5580370E+02,3228,  3.5646513E-01,  0.0000000E+00,  1.9252005E-01,  1.0003265E+03,  1.9434312E+04,3,
  2.5715601E+02,  0.0000000E+00,  2.5288455E+02,3323,  2.6377434E-01,  0.0000000E+00, -5.1419906E-02,  1.0010782E+03,  6.4318105E+04,3,
  2.6000809E+02,  0.0000000E+00,  2.5655707E+02,3313,  4.7043523E-01,  0.0000000E+00,  5.8417790E-02,  1.0002805E+03,  1.6689406E+04,3,
  2.5980820E+02,  0.0000000E+00,  2.5303253E+02,2965,  4.7184903E-02,  0.0000000E+00,  2.2450335E-02,  1.0007112E+03,  4.2375723E+04,3,
  2.5834180E+02,  0.0000000E+00,  2.5257857E+02,3144,  1.6847199E-01,  0.0000000E+00, -8.3884537E-02,  1.0016011E+03,  9.5658719E+04,3,
  2.6062201E+02,  0.0000000E+00,  2.5291714E+02,2938,  1.3568608E-01,  0.0000000E+00,  1.5435755E-02,  1.0008024E+03,  4.7822152E+04,3,
  2.6126370E+02,  0.0000000E+00,  2.5684717E+02,3331,  4.7522905E-01,  0.0000000E+00, -4.2227175E-02,  1.0002983E+03,  1.7750922E+04,3,
  2.6166830E+02,  0.0000000E+00,  2.5295787E+02,3220,  1.4840509E-01,  0.0000000E+00,  1.0013734E-02,  1.0006954E+03,  4.1431832E+04,3,
  2.6248566E+02,  0.0000000E+00,  2.5641544E+02,2956,  4.5452091E-01,  0.0000000E+00, -1.1568003E-01,  1.0003541E+03,  2.1074348E+04,3,
  2.6369293E+02,  0.0000000E+00,  2.5656192E+02,3292,  4.8207173E-01,  0.0000000E+00, -1.6767657E-01,  1.0003090E+03,  1.8390795E+04,3,
  2.6263165E+02,  0.0000000E+00,  2.5283052E+02,3202,  1.4495859E-01,  0.0000000E+00,  6.0171651E-04,  1.0008610E+03,  5.1327082E+04,3,
  2.6484515E+02,  0.0000000E+00,  2.5650485E+02,3074,  5.9121269E-01,  0.0000000E+00, -1.5254578E-01,  1.0003203E+03,  1.9059797E+04,3,
  2.6342599E+02,  0.0000000E+00,  2.5313365E+02,3285,  1.1380512E-01,  0.0000000E+00, -6.2637762E-03,  1.0004847E+03,  2.8860023E+04,3,
  2.6605212E+02,  0.0000000E+00,  2.5642715E+02,3293,  6.6359770E-01,  0.0000000E+00, -3.0278839E-02,  1.0003337E+03,  1.9859750E+04,3,
  2.6450995E+02,  0.0000000E+00,  2.5282417E+02,3174,  1.7892534E-01,  0.0000000E+00,  2.6393041E-02,  1.0009596E+03,  5.7220043E+04,3,
  2.6717984E+02,  0.0000000E+00,  2.5633597E+02,3156,  5.9062374E-01,  0.0000000E+00,  1.1527278E-01,  1.0003323E+03,  1.9779752E+04,3,
  2.6555237E+02,  0.0000000E+00,  2.5293582E+02,3137,  1.2044914E-01,  0.0000000E+00,  2.7525384E-02,  1.0008290E+03,  4.9415812E+04,3,
  2.6653931E+02,  0.0000000E+00,  2.5290904E+02,2929,  2.1384162E-01,  0.0000000E+00,  2.9480050E-03,  1.0008588E+03,  5.1195762E+04,3,
  2.6747305E+02,  0.0000000E+00,  2.5291562E+02,3047,  1.9187759E-01,  0.0000000E+00, -3.0264702E-02,  1.0007900E+03,  4.7085578E+04,3,
  2.6854181E+02,  0.0000000E+00,  2.5704620E+02,3341,  5.8419973E-01,  0.0000000E+00,  5.9476659E-02,  1.0002206E+03,  1.3127612E+04,3,
  2.6897156E+02,  0.0000000E+00,  2.5623929E+02,3301,  4.6012911E-01,  0.0000000E+00,  1.4846358E-01,  1.0003085E+03,  1.8358074E+04,3,
  2.6889279E+02,  0.0000000E+00,  2.5273138E+02,2911,  2.8032315E-01,  0.0000000E+00,  1.5199483E-02,  1.0008496E+03,  5.0644965E+04,3,
  2.7060291E+02,  0.0000000E+00,  2.5726852E+02,3342,  7.1644515E-01,  0.0000000E+00, -1.6405503E-01,  1.0001792E+03,  1.0660547E+04,3,
  2.6978427E+02,  0.0000000E+00,  2.5292993E+02,3229, -1.4536366E-01,  0.0000000E+00,  5.1940056E-03,  1.0006642E+03,  3.9573469E+04,3,
  2.7126767E+02,  0.0000000E+00,  2.5634662E+02,3294,  5.9535420E-01,  0.0000000E+00, -1.9237359E-01,  1.0002872E+03,  1.7092914E+04,3,
  2.7283273E+02,  0.0000000E+00,  2.5722214E+02,3333,  9.9495292E-01,  0.0000000E+00, -3.5295177E-01,  1.0001003E+03,  5.9679131E+03,3,
  2.7012576E+02,  0.0000000E+00,  2.5310236E+02,3138, -2.8836232E-02,  0.0000000E+00,  6.3739024E-02,  1.0006486E+03,  3.8640773E+04,3,
  2.7073752E+02,  0.0000000E+00,  2.5358865E+02,3065,  4.4052473E-01,  0.0000000E+00,  5.0549006E-01,  1.0006489E+03,  3.8658988E+04,3,
  2.7360184E+02,  0.0000000E+00,  2.5642706E+02,3248,  8.5267770E-01,  0.0000000E+00, -4.1832355E-01,  1.0002135E+03,  1.2702463E+04,3,
  2.7269608E+02,  0.0000000E+00,  2.5452007E+02,3269,  2.6176283E-01,  0.0000000E+00,  4.0823959E-02,  1.0009911E+03,  5.9103605E+04,3,
  2.7437137E+02,  0.0000000E+00,  2.5508891E+02,3193,  6.9930190E-01,  0.0000000E+00,  1.4580354E-02,  1.0006250E+03,  3.7230965E+04,3,
  2.7555481E+02,  0.0000000E+00,  2.5721609E+02,3314,  1.3438675E+00,  0.0000000E+00, -2.0324101E-01,  1.0000833E+03,  4.9548574E+03,3,
  2.7576843E+02,  0.0000000E+00,  2.5486908E+02,2902,  6.5718806E-01,  0.0000000E+00, -8.1627056E-02,  1.0008596E+03,  5.1243184E+04,3,
  2.7726248E+02,  0.0000000E+00,  2.5745383E+02,3324,  1.2566966E+00,  0.0000000E+00, -1.4297982E-01,  1.0001070E+03,  6.3637231E+03,3,
  2.7880725E+02,  0.0000000E+00,  2.5773260E+02,3322,  1.3508780E+00,  0.0000000E+00, -1.8738027E-01,  1.0001304E+03,  7.7546294E+03,3,
  2.7716187E+02,  0.0000000E+00,  2.5510121E+02,3038,  6.3433188E-01,  0.0000000E+00, -4.6556424E-02,  1.0003327E+03,  1.9801570E+04,3,
  2.7775763E+02,  0.0000000E+00,  2.5480608E+02,3166,  6.0664886E-01,  0.0000000E+00,  1.3457830E-03,  1.0006919E+03,  4.1224117E+04,3,
  2.8035205E+02,  0.0000000E+00,  2.5763211E+02,3312,  1.4429312E+00,  0.0000000E+00, -1.3791987E-01,  1.0001209E+03,  7.1917065E+03,3,
  2.7893115E+02,  0.0000000E+00,  2.5493982E+02,3120,  8.1746536E-01,  0.0000000E+00,  7.7727050E-02,  1.0005316E+03,  3.1659264E+04,3,
  2.8005234E+02,  0.0000000E+00,  2.5495296E+02,3002,  7.4456251E-01,  0.0000000E+00,  6.5935075E-02,  1.0005298E+03,  3.1550045E+04,3,
  2.8132712E+02,  0.0000000E+00,  2.5478043E+02,3211,  5.7588786E-01,  0.0000000E+00,  1.5680574E-02,  1.0007813E+03,  4.6564176E+04,3,
  2.8157172E+02,  0.0000000E+00,  2.5767581E+02,3332,  1.6307008E+00,  0.0000000E+00,  1.4066976E-03,  1.0001073E+03,  6.3818799E+03,3,
  2.8215576E+02,  0.0000000E+00,  2.5738162E+02,2947,  1.5830737E+00,  0.0000000E+00,  1.2963603E-01,  1.0000823E+03,  4.8931333E+03,3,
  2.8249936E+02,  0.0000000E+00,  2.5492039E+02,3092,  7.7595687E-01,  0.0000000E+00, -3.1280391E-02,  1.0006457E+03,  3.8465902E+04,3,
  2.8352414E+02,  0.0000000E+00,  2.5527168E+02,3210,  7.5412643E-01,  0.0000000E+00, -1.7906809E-01,  1.0003730E+03,  2.2205439E+04,3,
  2.8447781E+02,  0.0000000E+00,  2.5471611E+02,2893,  9.4663870E-01,  0.0000000E+00,  5.3870752E-02,  1.0010344E+03,  6.1692258E+04,3,
  2.8545792E+02,  0.0000000E+00,  2.5730215E+02,3192,  8.6087239E-01,  0.0000000E+00,  2.0545837E-01,  1.0000515E+03,  3.0597402E+03,3,
  2.8582413E+02,  0.0000000E+00,  2.5489293E+02,3056,  8.9724267E-01,  0.0000000E+00,  6.5482758E-02,  1.0007468E+03,  4.4500715E+04,3,
  2.8617978E+02,  0.0000000E+00,  2.5753076E+02,3302,  8.1258184E-01,  0.0000000E+00,  6.7472100E-02,  1.0000819E+03,  4.8713481E+03,3,
  2.8707990E+02,  0.0000000E+00,  2.5486127E+02,3084,  9.6096992E-01,  0.0000000E+00,  4.4505233E-03,  1.0007015E+03,  4.1799902E+04,3,
  2.8773373E+02,  0.0000000E+00,  2.5762134E+02,3284,  8.7829018E-01,  0.0000000E+00, -1.1611423E-01,  1.0000891E+03,  5.2961621E+03,3,
  2.8824011E+02,  0.0000000E+00,  2.5497806E+02,3184,  9.0073812E-01,  0.0000000E+00, -2.1166118E-02,  1.0005176E+03,  3.0821957E+04,3,
  2.8902142E+02,  0.0000000E+00,  2.5509705E+02,3129,  8.3420718E-01,  0.0000000E+00,  6.9433544E-03,  1.0004664E+03,  2.7771846E+04,3,
  2.8919116E+02,  0.0000000E+00,  2.5731729E+02,3029,  9.8233211E-01,  0.0000000E+00, -2.0829079E-01,  1.0000013E+03,  7.9838867E+01,3,
  2.9018219E+02,  0.0000000E+00,  2.5491618E+02,2875,  8.0609775E-01,  0.0000000E+00,  7.7271037E-02,  1.0009138E+03,  5.4479293E+04,3,
  2.9090561E+02,  0.0000000E+00,  2.5750980E+02,3315,  1.2734298E+00,  0.0000000E+00, -1.0620326E-01,  1.0000075E+03,  4.4638013E+02,3,
  2.9180301E+02,  0.0000000E+00,  2.5482616E+02,3252,  9.2758596E-01,  0.0000000E+00,  1.7990677E-02,  1.0012805E+03,  7.6430055E+04,3,
  2.9226718E+02,  0.0000000E+00,  2.5747476E+02,3303,  1.4079922E+00,  0.0000000E+00,  3.2691118E-01,  1.0000317E+03,  1.8836429E+03,3,
  2.9347195E+02,  0.0000000E+00,  2.5660818E+02,3239,  1.3732313E+00,  0.0000000E+00,  7.9882967E-01,  9.9975879E+02, -1.4331532E+04,3,
  2.9327286E+02,  0.0000000E+00,  2.5452151E+02,3232,  5.6559038E-01,  0.0000000E+00, -1.5653208E-01,  1.0012245E+03,  7.3077148E+04,3,
  2.9471677E+02,  0.0000000E+00,  2.5434979E+02,2848,  5.0776494E-01,  0.0000000E+00, -3.1236625E-01,  1.0007604E+03,  4.5313652E+04,3,
  2.9516257E+02,  0.0000000E+00,  2.5728598E+02,2920,  3.5731944E-01,  0.0000000E+00,  4.5826134E-01,  1.0001661E+03,  9.8794980E+03,3,
  2.9607907E+02,  0.0000000E+00,  2.5699429E+02,3167,  4.2889127E-01,  0.0000000E+00,  1.0966276E-01,  1.0002084E+03,  1.2400872E+04,3,
  2.9584409E+02,  0.0000000E+00,  2.5343828E+02,3251,  4.7394684E-01,  0.0000000E+00, -2.7892518E-01,  1.0005827E+03,  3.4706926E+04,3,
  2.9700925E+02,  0.0000000E+00,  2.5700845E+02,3276,  6.1061859E-01,  0.0000000E+00, -2.2700754E-01,  1.0002476E+03,  1.4733896E+04,3,
  2.9607532E+02,  0.0000000E+00,  2.5286569E+02,3304, -2.6606897E-01,  0.0000000E+00, -6.7152391E-04,  1.0009413E+03,  5.6128762E+04,3,
  2.9828055E+02,  0.0000000E+00,  2.5658054E+02,3231,  6.6493386E-01,  0.0000000E+00, -3.9209145E-01,  1.0003148E+03,  1.8732562E+04,3,
  2.9940115E+02,  0.0000000E+00,  2.5648517E+02,3242,  6.6721576E-01,  0.0000000E+00, -2.0834206E-01,  1.0003383E+03,  2.0136113E+04,3,
  2.9864188E+02,  0.0000000E+00,  2.5281694E+02,3214,  3.8490373E-01,  0.0000000E+00, -5.6467865E-02,  1.0015024E+03,  8.9732070E+04,3,
  3.0046832E+02,  0.0000000E+00,  2.5607520E+02,3020,  6.8416393E-01,  0.0000000E+00, -6.6588297E-02,  1.0004576E+03,  2.7244176E+04,3,
  3.0175073E+02,  0.0000000E+00,  2.5592117E+02,3165,  7.2780639E-01,  0.0000000E+00, -3.5600064E-03,  1.0004927E+03,  2.9340461E+04,3,
  3.0020605E+02,  0.0000000E+00,  2.5323488E+02,3186,  3.5603148E-01,  0.0000000E+00,  9.4716936E-02,  1.0005797E+03,  3.4524840E+04,3,
  3.0144839E+02,  0.0000000E+00,  2.5174071E+02,3185,  3.7221172E-01,  0.0000000E+00, -2.3830925E-01,  1.0006151E+03,  3.6637230E+04,3,
  3.0052417E+02,  0.0000000E+00,  2.5253915E+02,3176,  3.7381092E-01,  0.0000000E+00, -1.5967421E-01,  1.0006380E+03,  3.8006879E+04,3,
  2.9689029E+02,  0.0000000E+00,  2.5263773E+02,3126,  5.9948343E-01,  0.0000000E+00, -4.6714738E-02,  1.0015316E+03,  9.1482594E+04,3,
  3.0304651E+02,  0.0000000E+00,  2.5624704E+02,3215,  6.9622517E-01,  0.0000000E+00,  5.0928574E-02,  1.0003517E+03,  2.0932516E+04,3,
  3.0423898E+02,  0.0000000E+00,  2.5648749E+02,3247,  6.9322431E-01,  0.0000000E+00,  5.5057626E-02,  1.0002967E+03,  1.7656398E+04,3,
  3.0331107E+02,  0.0000000E+00,  2.5404433E+02,2821,  3.3998549E-01,  0.0000000E+00, -1.8413372E-02,  1.0006812E+03,  4.0586414E+04,3,
  3.0551511E+02,  0.0000000E+00,  2.5658295E+02,3295,  7.3326916E-01,  0.0000000E+00,  3.6685374E-02,  1.0002833E+03,  1.6860260E+04,3,
  3.0683649E+02,  0.0000000E+00,  2.5650089E+02,3305,  7.2564316E-01,  0.0000000E+00,  1.5927071E-02,  1.0003190E+03,  1.8983441E+04,3,
  3.0807401E+02,  0.0000000E+00,  2.5663306E+02,3275,  7.1344078E-01,  0.0000000E+00,  1.5265054E-02,  1.0002787E+03,  1.6587623E+04,3,
  3.0489865E+02,  0.0000000E+00,  2.5385378E+02,3066,  2.4143600E-01,  0.0000000E+00,  4.3645453E-02,  1.0007264E+03,  4.3283254E+04,3,
  3.0650513E+02,  0.0000000E+00,  2.5382344E+02,2830,  2.6623303E-01,  0.0000000E+00,  5.6850404E-02,  1.0006902E+03,  4.1125727E+04,3,
  3.0816589E+02,  0.0000000E+00,  2.5387822E+02,3149,  2.5089729E-01,  0.0000000E+00,  1.6966628E-02,  1.0006859E+03,  4.0867000E+04,3,
  3.0930307E+02,  0.0000000E+00,  2.5616769E+02,3183,  7.3537511E-01,  0.0000000E+00, -5.1259515E-03,  1.0004076E+03,  2.4264281E+04,3,
  3.1077295E+02,  0.0000000E+00,  2.5655856E+02,3296,  7.5211394E-01,  0.0000000E+00,  2.3834590E-02,  1.0002947E+03,  1.7540064E+04,3,
  3.0975323E+02,  0.0000000E+00,  2.5363727E+02,3157,  2.1339214E-01,  0.0000000E+00,  5.6130517E-02,  1.0007088E+03,  4.2233586E+04,3,
  3.1219843E+02,  0.0000000E+00,  2.5691711E+02,3297,  6.8235213E-01,  0.0000000E+00,  2.5640652E-02,  1.0002596E+03,  1.5449902E+04,3,
  3.1126624E+02,  0.0000000E+00,  2.5427676E+02,3139,  3.3009017E-01,  0.0000000E+00, -1.5607518E-01,  1.0006844E+03,  4.0775898E+04,3,
  3.1354016E+02,  0.0000000E+00,  2.5670367E+02,3278,  6.5122038E-01,  0.0000000E+00,  1.0481423E-02,  1.0002869E+03,  1.7074738E+04,3,
  3.1499188E+02,  0.0000000E+00,  2.5649155E+02,3286,  6.6984141E-01,  0.0000000E+00, -2.2614095E-02,  1.0002973E+03,  1.7692754E+04,3,
  3.1273038E+02,  0.0000000E+00,  2.5375201E+02,3085,  3.5313791E-01,  0.0000000E+00,  2.7649852E-02,  1.0006969E+03,  4.1522938E+04,3,
  3.1417249E+02,  0.0000000E+00,  2.5430217E+02,3195,  3.1187218E-01,  0.0000000E+00,  1.4200294E-02,  1.0006127E+03,  3.6498816E+04,3,
  3.1548779E+02,  0.0000000E+00,  2.5348328E+02,3177,  3.3251840E-01,  0.0000000E+00,  9.7902771E-03,  1.0007878E+03,  4.6954316E+04,3,
  3.1637402E+02,  0.0000000E+00,  2.5648627E+02,3267,  6.5664756E-01,  0.0000000E+00, -4.8552964E-02,  1.0002908E+03,  1.7303764E+04,3,
  3.1698178E+02,  0.0000000E+00,  2.5419168E+02,3102,  3.4436241E-01,  0.0000000E+00, -2.8773492E-02,  1.0006422E+03,  3.8254605E+04,3,
  3.1775003E+02,  0.0000000E+00,  2.5661938E+02,3287,  6.9761860E-01,  0.0000000E+00, -6.0465507E-02,  1.0002740E+03,  1.6307725E+04,3,
  3.1845917E+02,  0.0000000E+00,  2.5391937E+02,2984,  3.9064643E-01,  0.0000000E+00, -3.7431724E-02,  1.0006898E+03,  4.1100215E+04,3,
  3.1909097E+02,  0.0000000E+00,  2.5662564E+02,3279,  6.7740577E-01,  0.0000000E+00, -6.2513225E-02,  1.0002818E+03,  1.6769379E+04,3,
  3.2052740E+02,  0.0000000E+00,  2.5675159E+02,3259,  6.7527896E-01,  0.0000000E+00, -6.3563041E-02,  1.0002300E+03,  1.3683604E+04,3,
  3.2143857E+02,  0.0000000E+00,  2.5605029E+02,3268,  6.6337311E-01,  0.0000000E+00, -7.8996599E-02,  1.0003419E+03,  2.0347025E+04,3,
  3.1995496E+02,  0.0000000E+00,  2.5382907E+02,2794,  4.0095061E-01,  0.0000000E+00, -2.1985520E-02,  1.0006476E+03,  3.8582480E+04,3,
  3.2145575E+02,  0.0000000E+00,  2.5373929E+02,3221,  3.7855437E-01,  0.0000000E+00, -4.4795796E-02,  1.0007230E+03,  4.3079145E+04,3,
  3.2280438E+02,  0.0000000E+00,  2.5644864E+02,3277,  6.8678164E-01,  0.0000000E+00, -6.3628063E-02,  1.0002143E+03,  1.2749700E+04,3,
  3.2313382E+02,  0.0000000E+00,  2.5374876E+02,3057,  4.3876082E-01,  0.0000000E+00, -1.1628077E-02,  1.0008505E+03,  5.0699680E+04,3,
  3.2401218E+02,  0.0000000E+00,  2.5621768E+02,3249,  6.7275620E-01,  0.0000000E+00, -6.6619880E-02,  1.0002601E+03,  1.5475345E+04,3,
  3.2502692E+02,  0.0000000E+00,  2.5680991E+02,3270,  6.9206178E-01,  0.0000000E+00, -7.6312549E-02,  1.0001954E+03,  1.1626953E+04,3,
  3.2478326E+02,  0.0000000E+00,  2.5376572E+02,2957,  4.4987044E-01,  0.0000000E+00, -9.6816443E-02,  1.0008431E+03,  5.0254684E+04,3,
  3.2634381E+02,  0.0000000E+00,  2.5656506E+02,3212,  7.0924348E-01,  0.0000000E+00, -6.6882014E-02,  1.0002382E+03,  1.4170576E+04,3,
  3.2768872E+02,  0.0000000E+00,  2.5659778E+02,3048,  7.0426303E-01,  0.0000000E+00, -4.9258616E-02,  1.0002449E+03,  1.4570348E+04,3,
  3.2628812E+02,  0.0000000E+00,  2.5402019E+02,3159,  4.9666721E-01,  0.0000000E+00, -1.4256812E-02,  1.0007446E+03,  4.4373129E+04,3,
  3.2777380E+02,  0.0000000E+00,  2.5399010E+02,3131,  5.5257636E-01,  0.0000000E+00, -4.0808253E-02,  1.0006965E+03,  4.1501074E+04,3,
  3.2897830E+02,  0.0000000E+00,  2.5694681E+02,3288,  7.1424687E-01,  0.0000000E+00, -3.3455927E-02,  1.0002087E+03,  1.2419040E+04,3,
  3.2923776E+02,  0.0000000E+00,  2.5400464E+02,3087,  5.4190040E-01,  0.0000000E+00, -8.5934339E-04,  1.0006790E+03,  4.0455238E+04,3,
  3.3011926E+02,  0.0000000E+00,  2.5612106E+02,3175,  7.0040333E-01,  0.0000000E+00, -1.2228361E-02,  1.0003018E+03,  1.7958150E+04,3,
  3.3077118E+02,  0.0000000E+00,  2.5378683E+02,3203,  4.9247891E-01,  0.0000000E+00, -1.2552291E-01,  1.0007444E+03,  4.4362195E+04,3,
  3.3146024E+02,  0.0000000E+00,  2.5682874E+02,2884,  6.8877739E-01,  0.0000000E+00, -2.3844302E-02,  1.0002091E+03,  1.2440842E+04,3,
  3.3273013E+02,  0.0000000E+00,  2.5655811E+02,3111,  6.8137842E-01,  0.0000000E+00, -3.0503759E-02,  1.0002450E+03,  1.4577617E+04,3,
  3.3405222E+02,  0.0000000E+00,  2.5676898E+02,3261,  6.7792165E-01,  0.0000000E+00, -3.4528021E-02,  1.0002184E+03,  1.2996795E+04,3,
  3.3216068E+02,  0.0000000E+00,  2.5399878E+02,3132,  5.2398443E-01,  0.0000000E+00, -2.2687187E-02,  1.0007277E+03,  4.3359797E+04,3,
  3.3530206E+02,  0.0000000E+00,  2.5646228E+02,3260,  6.8346268E-01,  0.0000000E+00, -3.1888086E-02,  1.0002532E+03,  1.5068268E+04,3,
  3.3359109E+02,  0.0000000E+00,  2.5395180E+02,3011,  5.3022349E-01,  0.0000000E+00, -6.2299144E-02,  1.0007111E+03,  4.2372078E+04,3,
  3.3503638E+02,  0.0000000E+00,  2.5410179E+02,3094,  5.4887998E-01,  0.0000000E+00, -1.2549902E-03,  1.0006427E+03,  3.8287391E+04,3,
  3.3668024E+02,  0.0000000E+00,  2.5685266E+02,2866,  6.7428792E-01,  0.0000000E+00, -2.4602203E-02,  1.0002016E+03,  1.1993921E+04,3,
  3.3645340E+02,  0.0000000E+00,  2.5375233E+02,2930,  5.0708216E-01,  0.0000000E+00, -8.9766800E-02,  1.0007078E+03,  4.2171633E+04,3,
  3.3756754E+02,  0.0000000E+00,  2.5565459E+02,3250,  6.5572518E-01,  0.0000000E+00, -3.1064011E-02,  1.0003753E+03,  2.2340014E+04,3,
  3.3883765E+02,  0.0000000E+00,  2.5681406E+02,3241,  6.2513638E-01,  0.0000000E+00, -2.2431595E-02,  1.0002092E+03,  1.2444476E+04,3,
  3.3819489E+02,  0.0000000E+00,  2.5376927E+02,3093,  5.2280986E-01,  0.0000000E+00, -9.0895586E-02,  1.0007219E+03,  4.3013539E+04,3,
  3.4005597E+02,  0.0000000E+00,  2.5662671E+02,3240,  6.5163636E-01,  0.0000000E+00, -2.2432981E-02,  1.0002335E+03,  1.3890746E+04,3,
  3.4133597E+02,  0.0000000E+00,  2.5642377E+02,3148,  6.3801485E-01,  0.0000000E+00, -1.6208572E-02,  1.0002552E+03,  1.5184574E+04,3,
  3.3971368E+02,  0.0000000E+00,  2.5410530E+02,2740,  5.6143880E-01,  0.0000000E+00,  1.8135613E-02,  1.0006224E+03,  3.7077973E+04,3,
  3.4113831E+02,  0.0000000E+00,  2.5378433E+02,3140,  5.0109506E-01,  0.0000000E+00, -1.4855728E-01,  1.0007138E+03,  4.2532438E+04,3,
  3.4251755E+02,  0.0000000E+00,  2.5405646E+02,3158,  5.1891786E-01,  0.0000000E+00,  8.6730579E-04,  1.0006882E+03,  4.1001828E+04,3,
  3.4265826E+02,  0.0000000E+00,  2.5667380E+02,3234,  6.1802679E-01,  0.0000000E+00, -1.4146929E-02,  1.0002185E+03,  1.3000429E+04,3,
  3.4394278E+02,  0.0000000E+00,  2.5645538E+02,2857,  6.0613012E-01,  0.0000000E+00, -2.0607637E-02,  1.0002441E+03,  1.4523102E+04,3,
  3.4397299E+02,  0.0000000E+00,  2.5389867E+02,3112,  5.1994473E-01,  0.0000000E+00, -5.2343689E-02,  1.0007203E+03,  4.2922418E+04,3,
  3.4525748E+02,  0.0000000E+00,  2.5663675E+02,3233,  6.0451788E-01,  0.0000000E+00, -3.2742266E-02,  1.0002289E+03,  1.3618191E+04,3,
  3.4543286E+02,  0.0000000E+00,  2.5420216E+02,3194,  5.3956234E-01,  0.0000000E+00, -7.9533160E-02,  1.0006405E+03,  3.8156242E+04,3,
  3.4663327E+02,  0.0000000E+00,  2.5689542E+02,3243,  5.6938350E-01,  0.0000000E+00, -4.2673305E-02,  1.0002133E+03,  1.2687928E+04,3,
  3.4791360E+02,  0.0000000E+00,  2.5650183E+02,2966,  6.0735935E-01,  0.0000000E+00, -3.0205756E-02,  1.0002404E+03,  1.4301409E+04,3,
  3.4684592E+02,  0.0000000E+00,  2.5399011E+02,3096,  5.4476523E-01,  0.0000000E+00, -5.1076550E-02,  1.0006816E+03,  4.0608277E+04,3,
  3.4931531E+02,  0.0000000E+00,  2.5687476E+02,3224,  6.1930847E-01,  0.0000000E+00, -2.2438555E-03,  1.0001980E+03,  1.1779552E+04,3,
  3.4823151E+02,  0.0000000E+00,  2.5422195E+02,2885,  5.5605119E-01,  0.0000000E+00,  1.0579543E-02,  1.0006734E+03,  4.0120008E+04,3,
  3.4960822E+02,  0.0000000E+00,  2.5363855E+02,2876,  4.6863487E-01,  0.0000000E+00, -9.4491005E-02,  1.0007554E+03,  4.5014719E+04,3,
  3.5050415E+02,  0.0000000E+00,  2.5529944E+02,3060,  6.0870898E-01,  0.0000000E+00,  5.2854691E-02,  1.0004342E+03,  2.5850537E+04,3,
  3.5126523E+02,  0.0000000E+00,  2.5678528E+02,3135,  5.6184816E-01,  0.0000000E+00,  1.0624680E-02,  1.0002094E+03,  1.2455376E+04,3,
  3.5162912E+02,  0.0000000E+00,  2.5383649E+02,2776,  4.3863073E-01,  0.0000000E+00, -7.0647225E-02,  1.0006933E+03,  4.1307930E+04,3,
  3.5264713E+02,  0.0000000E+00,  2.5683780E+02,3223,  5.8568484E-01,  0.0000000E+00, -1.8507496E-02,  1.0002323E+03,  1.3821698E+04,3,
  3.5397424E+02,  0.0000000E+00,  2.5666245E+02,3205,  6.1501688E-01,  0.0000000E+00, -3.2083295E-02,  1.0002414E+03,  1.4363191E+04,3,
  3.5305530E+02,  0.0000000E+00,  2.5418190E+02,2785,  4.5180905E-01,  0.0000000E+00,  2.5400041E-02,  1.0005999E+03,  3.5730305E+04,3,
  3.5533813E+02,  0.0000000E+00,  2.5656107E+02,2839,  5.8814973E-01,  0.0000000E+00, -2.4884975E-02,  1.0002272E+03,  1.3516439E+04,3,
  3.5438538E+02,  0.0000000E+00,  2.5401218E+02,3021,  4.5768023E-01,  0.0000000E+00, -5.7474822E-02,  1.0006284E+03,  3.7434957E+04,3,
  3.5575427E+02,  0.0000000E+00,  2.5410945E+02,2949,  5.2077997E-01,  0.0000000E+00, -1.9991614E-02,  1.0006540E+03,  3.8961375E+04,3,
  3.5661798E+02,  0.0000000E+00,  2.5668069E+02,3075,  5.6043166E-01,  0.0000000E+00, -1.1339508E-02,  1.0002068E+03,  1.2306400E+04,3,
  3.6133548E+02,  0.0000000E+00,  2.5212035E+02,2960,  6.8944103E-01,  0.0000000E+00,  5.5995774E-01,  1.0009638E+03,  5.7471895E+04,3,
  3.5712247E+02,  0.0000000E+00,  2.5371849E+02,2994,  4.3301454E-01,  0.0000000E+00, -8.5291319E-02,  1.0008507E+03,  5.0710621E+04,3,
  3.5801443E+02,  0.0000000E+00,  2.5678116E+02,2812,  6.4213097E-01,  0.0000000E+00,  3.2232031E-02,  1.0001869E+03,  1.1118307E+04,3,
  3.6239114E+02,  0.0000000E+00,  2.5289217E+02,2849,  6.5760016E-01,  0.0000000E+00,  2.4731167E-01,  1.0007966E+03,  4.7475738E+04,3,
  3.5884546E+02,  0.0000000E+00,  2.5576625E+02,2722,  6.1966968E-01,  0.0000000E+00,  1.4942281E-01,  1.0002722E+03,  1.6195040E+04,3,
  3.6032312E+02,  0.0000000E+00,  2.5685208E+02,3225,  6.4789850E-01,  0.0000000E+00,  7.3678784E-02,  1.0002028E+03,  1.2062956E+04,3,
  3.6181302E+02,  0.0000000E+00,  2.5665112E+02,3012,  6.4798480E-01,  0.0000000E+00,  6.7342788E-02,  1.0002189E+03,  1.3025865E+04,3,
  3.5870612E+02,  0.0000000E+00,  2.5397618E+02,2913,  3.4170443E-01,  0.0000000E+00,  8.7195538E-02,  1.0008018E+03,  4.7789332E+04,3,
  3.6046466E+02,  0.0000000E+00,  2.5491512E+02,2985,  4.4556162E-01,  0.0000000E+00,  1.2163311E-01,  1.0005421E+03,  3.2281828E+04,3,
  3.6258496E+02,  0.0000000E+00,  2.5509554E+02,3121,  5.5805206E-01,  0.0000000E+00,  2.9416350E-01,  1.0003395E+03,  2.0208842E+04,3,
  3.6332272E+02,  0.0000000E+00,  2.5687762E+02,3216,  7.7327645E-01,  0.0000000E+00,  2.2488607E-02,  1.0002365E+03,  1.4068819E+04,3,
  3.6359109E+02,  0.0000000E+00,  2.5284874E+02,2952,  6.0165465E-01,  0.0000000E+00,  8.5466743E-02,  1.0011125E+03,  6.6367406E+04,3,
  3.6459219E+02,  0.0000000E+00,  2.5663074E+02,3076,  7.4092805E-01,  0.0000000E+00,  5.0505064E-03,  1.0002654E+03,  1.5795203E+04,3,
  3.6470435E+02,  0.0000000E+00,  2.5364529E+02,3105,  6.4413399E-01,  0.0000000E+00, -7.4519888E-02,  1.0002388E+03,  1.4206919E+04,3,
  3.6575934E+02,  0.0000000E+00,  2.5647876E+02,3141,  7.2243047E-01,  0.0000000E+00, -8.2687652E-03,  1.0002783E+03,  1.6558543E+04,3,
  3.6551309E+02,  0.0000000E+00,  2.5272977E+02,2814,  5.9379202E-01,  0.0000000E+00, -4.8836187E-02,  1.0013032E+03,  7.7786891E+04,3,
  3.6706393E+02,  0.0000000E+00,  2.5674619E+02,3207,  7.0354265E-01,  0.0000000E+00, -1.6381206E-02,  1.0002513E+03,  1.4951963E+04,3,
  3.6666571E+02,  0.0000000E+00,  2.5309378E+02,3051,  5.5389816E-01,  0.0000000E+00, -4.4467133E-02,  1.0005541E+03,  3.2999102E+04,3,
  3.6906198E+02,  0.0000000E+00,  2.5659882E+02,3196,  7.0008159E-01,  0.0000000E+00, -1.0821602E-03,  1.0002556E+03,  1.5210016E+04,3,
  3.6815021E+02,  0.0000000E+00,  2.5295097E+02,2596,  6.3395840E-01,  0.0000000E+00,  3.8662158E-02,  1.0007729E+03,  4.6061031E+04,3,
  3.6784711E+02,  0.0000000E+00,  2.5597282E+02,3068,  7.3000616E-01,  0.0000000E+00, -1.1432965E-02,  1.0002703E+03,  1.6082357E+04,3,
  3.6724139E+02,  0.0000000E+00,  2.5307118E+02,3086,  5.0140411E-01,  0.0000000E+00, -3.6019228E-02,  1.0005262E+03,  3.1338895E+04,3,
  3.6970959E+02,  0.0000000E+00,  2.5251382E+02,2919,  6.0943907E-01,  0.0000000E+00,  4.1394462E-03,  1.0018073E+03,  1.0803978E+05,3,
  3.7011935E+02,  0.0000000E+00,  2.5650867E+02,3197,  7.0539016E-01,  0.0000000E+00,  1.7989449E-02,  1.0002648E+03,  1.5755220E+04,3,
  3.7080826E+02,  0.0000000E+00,  2.5310800E+02,2953,  5.5926913E-01,  0.0000000E+00,  8.1164611E-04,  1.0009635E+03,  5.7453645E+04,3,
  3.7131155E+02,  0.0000000E+00,  2.5657739E+02,3198,  7.0904666E-01,  0.0000000E+00,  2.9518474E-02,  1.0002618E+03,  1.5580752E+04,3,
  3.7244110E+02,  0.0000000E+00,  2.5651910E+02,3168,  6.9955039E-01,  0.0000000E+00,  2.9899413E-02,  1.0002629E+03,  1.5642542E+04,3,
  3.7194345E+02,  0.0000000E+00,  2.5286401E+02,2942,  5.9203196E-01,  0.0000000E+00, -3.7876829E-03,  1.0010373E+03,  6.1867535E+04,3,
  3.7360242E+02,  0.0000000E+00,  2.5652106E+02,2993,  6.9551826E-01,  0.0000000E+00,  1.9435562E-02,  1.0002524E+03,  1.5021019E+04,3,
  3.7303650E+02,  0.0000000E+00,  2.5286404E+02,2915,  5.6936628E-01,  0.0000000E+00,  7.2212103E-03,  1.0009077E+03,  5.4114402E+04,3,
  3.7467807E+02,  0.0000000E+00,  2.5616510E+02,2713,  6.8116993E-01,  0.0000000E+00,  1.5033517E-02,  1.0002632E+03,  1.5664351E+04,3,
  3.7578708E+02,  0.0000000E+00,  2.5660641E+02,3178,  6.9824350E-01,  0.0000000E+00,  3.6171309E-03,  1.0002298E+03,  1.3672702E+04,3,
  3.7413184E+02,  0.0000000E+00,  2.5301604E+02,2986,  5.8464986E-01,  0.0000000E+00,  1.6048781E-03,  1.0005906E+03,  3.5180363E+04,3,
  3.7487720E+02,  0.0000000E+00,  2.5292975E+02,3016,  5.7216454E-01,  0.0000000E+00, -6.9002761E-04,  1.0006772E+03,  4.0345922E+04,3,
  3.7588873E+02,  0.0000000E+00,  2.5291212E+02,2979,  5.5451983E-01,  0.0000000E+00, -1.5189850E-03,  1.0007024E+03,  4.1850922E+04,3,
  3.7662714E+02,  0.0000000E+00,  2.5315652E+02,2850,  5.7435584E-01,  0.0000000E+00,  6.4460309E-03,  1.0004488E+03,  2.6720174E+04,3,
  3.7684564E+02,  0.0000000E+00,  2.5601883E+02,2731,  6.9700354E-01,  0.0000000E+00,  1.1024198E-02,  1.0002603E+03,  1.5489884E+04,3,
  3.7784692E+02,  0.0000000E+00,  2.5653607E+02,3170,  6.8818432E-01,  0.0000000E+00,  1.0311488E-02,  1.0002341E+03,  1.3930722E+04,3,
  3.7779852E+02,  0.0000000E+00,  2.5270233E+02,2832,  5.5868244E-01,  0.0000000E+00,  1.3215881E-03,  1.0011724E+03,  6.9951953E+04,3,
  3.7920999E+02,  0.0000000E+00,  2.5657233E+02,3180,  6.2917924E-01,  0.0000000E+00,  1.3079965E-02,  1.0002244E+03,  1.3352912E+04,3,
  3.7978076E+02,  0.0000000E+00,  2.5592848E+02,2641,  7.3982465E-01,  0.0000000E+00,  3.5883036E-02,  1.0002689E+03,  1.5998754E+04,3,
  3.7890469E+02,  0.0000000E+00,  2.5278757E+02,2723,  5.5603361E-01,  0.0000000E+00,  1.3949954E-03,  1.0010484E+03,  6.2532164E+04,3,
  3.8011282E+02,  0.0000000E+00,  2.5315654E+02,2650,  5.6142741E-01,  0.0000000E+00, -6.2389444E-03,  1.0004324E+03,  2.5745021E+04,3,
  3.8121460E+02,  0.0000000E+00,  2.5655249E+02,3150,  6.8004686E-01,  0.0000000E+00,  1.9986615E-02,  1.0002328E+03,  1.3854405E+04,3,
  3.8219666E+02,  0.0000000E+00,  2.5609866E+02,3041,  6.4910823E-01,  0.0000000E+00,  1.6844850E-02,  1.0002559E+03,  1.5224555E+04,3,
  3.8088293E+02,  0.0000000E+00,  2.5280359E+02,2886,  5.7645708E-01,  0.0000000E+00, -1.2855833E-02,  1.0008268E+03,  4.9280871E+04,3,
  3.8174438E+02,  0.0000000E+00,  2.5307857E+02,3022,  5.4133970E-01,  0.0000000E+00, -9.4473073E-03,  1.0004240E+03,  2.5242928E+04,3,
  3.8257608E+02,  0.0000000E+00,  2.5295905E+02,2858,  5.2823788E-01,  0.0000000E+00,  6.6725370E-03,  1.0005965E+03,  3.5529992E+04,3,
  3.8346176E+02,  0.0000000E+00,  2.5656610E+02,3187,  6.6665405E-01,  0.0000000E+00,  9.0385657E-03,  1.0002184E+03,  1.2996795E+04,3,
  3.8348596E+02,  0.0000000E+00,  2.5293666E+02,2569,  5.1655191E-01,  0.0000000E+00,  2.9967096E-02,  1.0008317E+03,  4.9576285E+04,3,
  3.8411658E+02,  0.0000000E+00,  2.5607724E+02,2894,  6.6670680E-01,  0.0000000E+00,  2.9609170E-02,  1.0001939E+03,  1.1536121E+04,3,
  3.8538611E+02,  0.0000000E+00,  2.5655945E+02,3188,  6.5519619E-01,  0.0000000E+00,  3.8554240E-02,  1.0001943E+03,  1.1557921E+04,3,
  3.8631604E+02,  0.0000000E+00,  2.5648312E+02,2903,  6.6423684E-01,  0.0000000E+00,  6.8744749E-02,  1.0001693E+03,  1.0072030E+04,3,
  3.8509869E+02,  0.0000000E+00,  2.5265884E+02,2856,  6.1814600E-01,  0.0000000E+00,  4.6495806E-02,  1.0018099E+03,  1.0819753E+05,3,
  3.8744763E+02,  0.0000000E+00,  2.5655228E+02,3045,  6.4680743E-01,  0.0000000E+00,  8.4601738E-02,  1.0001736E+03,  1.0326323E+04,3,
  3.8630435E+02,  0.0000000E+00,  2.5314059E+02,2784,  5.6603402E-01,  0.0000000E+00, -3.8209551E-03,  1.0010908E+03,  6.5070562E+04,3,
  3.8859970E+02,  0.0000000E+00,  2.5637491E+02,3042,  6.4639205E-01,  0.0000000E+00,  1.0288524E-01,  1.0001678E+03,  9.9812129E+03,3,
  3.8758875E+02,  0.0000000E+00,  2.5263976E+02,2883,  5.1729137E-01,  0.0000000E+00, -1.5446121E-01,  1.0010505E+03,  6.2656328E+04,3,
  3.8990515E+02,  0.0000000E+00,  2.5620926E+02,3032,  7.2678292E-01,  0.0000000E+00,  8.7843597E-02,  1.0002394E+03,  1.4246896E+04,3,
  3.8894659E+02,  0.0000000E+00,  2.5356979E+02,2918,  5.8066875E-01,  0.0000000E+00,  4.5202789E-01,  1.0014423E+03,  8.6125789E+04,3,
  3.8956314E+02,  0.0000000E+00,  2.5146951E+02,2909,  2.8656363E-01,  0.0000000E+00, -2.8469098E-01,  1.0008934E+03,  5.3264262E+04,3,
  3.9104816E+02,  0.0000000E+00,  2.5610733E+02,3189,  7.4042034E-01,  0.0000000E+00,  7.3166333E-02,  1.0003084E+03,  1.8354438E+04,3,
  3.9246124E+02,  0.0000000E+00,  2.5599181E+02,3169,  7.7493775E-01,  0.0000000E+00,  5.4471992E-02,  1.0003105E+03,  1.8478055E+04,3,
  3.9186603E+02,  0.0000000E+00,  2.5423671E+02,2924,  3.9885977E-01,  0.0000000E+00, -7.8169584E-02,  1.0005283E+03,  3.1462672E+04,3,
  3.9405322E+02,  0.0000000E+00,  2.5598936E+02,3039,  7.1158665E-01,  0.0000000E+00,  5.2524731E-02,  1.0002901E+03,  1.7263773E+04,3,
  3.9558221E+02,  0.0000000E+00,  2.5602478E+02,3160,  6.3807517E-01,  0.0000000E+00,  5.2517869E-02,  1.0002789E+03,  1.6594893E+04,3,
  3.9324326E+02,  0.0000000E+00,  2.5381696E+02,2840,  3.4112543E-01,  0.0000000E+00, -7.2995998E-02,  1.0005827E+03,  3.4706926E+04,3,
  3.9498315E+02,  0.0000000E+00,  2.5393533E+02,2846,  3.8245273E-01,  0.0000000E+00, -2.8268885E-02,  1.0005476E+03,  3.2613150E+04,3,
  3.9680121E+02,  0.0000000E+00,  2.5393167E+02,2872,  3.5234624E-01,  0.0000000E+00, -3.3473134E-02,  1.0005545E+03,  3.3024586E+04,3,
  3.9694687E+02,  0.0000000E+00,  2.5601651E+02,3151,  5.9828991E-01,  0.0000000E+00,  4.0527537E-02,  1.0002850E+03,  1.6958410E+04,3,
  3.9842828E+02,  0.0000000E+00,  2.5596594E+02,2767,  6.0409749E-01,  0.0000000E+00,  3.1967349E-02,  1.0002841E+03,  1.6903881E+04,3,
  3.9983084E+02,  0.0000000E+00,  2.5580313E+02,2959,  5.6382275E-01,  0.0000000E+00,  3.5020612E-02,  1.0002981E+03,  1.7740016E+04,3,
  3.9840918E+02,  0.0000000E+00,  2.5385191E+02,2877,  3.3030036E-01,  0.0000000E+00, -1.2155749E-02,  1.0005800E+03,  3.4546691E+04,3,
  4.0116052E+02,  0.0000000E+00,  2.5589246E+02,3003,  5.5506825E-01,  0.0000000E+00,  4.3613128E-02,  1.0002734E+03,  1.6271374E+04,3,
  4.0243823E+02,  0.0000000E+00,  2.5565114E+02,3015,  5.4266495E-01,  0.0000000E+00,  4.8988134E-02,  1.0003085E+03,  1.8358074E+04,3,
  4.0029047E+02,  0.0000000E+00,  2.5377644E+02,3024,  3.3895078E-01,  0.0000000E+00, -5.7256836E-03,  1.0005414E+03,  3.2245420E+04,3,
  4.0225250E+02,  0.0000000E+00,  2.5370248E+02,2895,  2.9719189E-01,  0.0000000E+00, -1.1412486E-02,  1.0005464E+03,  3.2540330E+04,3,
  4.0378256E+02,  0.0000000E+00,  2.5590981E+02,3133,  5.2744204E-01,  0.0000000E+00,  6.8318978E-02,  1.0002490E+03,  1.4817487E+04,3,
  4.0408340E+02,  0.0000000E+00,  2.5386909E+02,2944,  2.7546084E-01,  0.0000000E+00,  1.2066610E-02,  1.0005745E+03,  3.4215305E+04,3,
  4.0505106E+02,  0.0000000E+00,  2.5573836E+02,3014,  4.9844617E-01,  0.0000000E+00,  7.6945081E-02,  1.0002566E+03,  1.5268170E+04,3,
  4.0646640E+02,  0.0000000E+00,  2.5599065E+02,3162,  5.1170409E-01,  0.0000000E+00,  6.1028067E-02,  1.0002269E+03,  1.3498270E+04,3,
  4.0610861E+02,  0.0000000E+00,  2.5400938E+02,3078,  2.6990977E-01,  0.0000000E+00, -7.9890741E-03,  1.0005807E+03,  3.4590391E+04,3,
  4.0809509E+02,  0.0000000E+00,  2.5604550E+02,3153,  4.8018047E-01,  0.0000000E+00,  4.2311609E-02,  1.0002341E+03,  1.3930722E+04,3,
  4.0962979E+02,  0.0000000E+00,  2.5601349E+02,2968,  4.8149785E-01,  0.0000000E+00,  3.4228843E-02,  1.0002335E+03,  1.3890746E+04,3,
  4.0768176E+02,  0.0000000E+00,  2.5400531E+02,3050,  2.5963897E-01,  0.0000000E+00,  1.2089967E-02,  1.0005891E+03,  3.5085672E+04,3,
  4.0922528E+02,  0.0000000E+00,  2.5434811E+02,3005,  2.7585223E-01,  0.0000000E+00,  7.8876801E-02,  1.0004934E+03,  2.9380498E+04,3,
  4.1064127E+02,  0.0000000E+00,  2.5159982E+02,2816,  2.5589100E-01,  0.0000000E+00,  2.3557054E-01,  1.0007156E+03,  4.2638133E+04,3,
  4.1120056E+02,  0.0000000E+00,  2.5605594E+02,3095,  6.0158396E-01,  0.0000000E+00,  5.7123743E-02,  1.0002045E+03,  1.2164693E+04,3,
  4.1128067E+02,  0.0000000E+00,  2.5498486E+02,2632,  3.1930196E-01,  0.0000000E+00,  6.8581931E-02,  1.0003842E+03,  2.2867424E+04,3,
  4.1297049E+02,  0.0000000E+00,  2.5613226E+02,3142,  5.2108896E-01,  0.0000000E+00,  6.7967378E-02,  1.0002166E+03,  1.2887782E+04,3,
  4.1184421E+02,  0.0000000E+00,  2.5230057E+02,2696,  2.8536436E-01,  0.0000000E+00,  1.7222656E-01,  1.0009560E+03,  5.7004695E+04,3,
  4.1409720E+02,  0.0000000E+00,  2.5611649E+02,3152,  4.9454519E-01,  0.0000000E+00,  7.2763450E-02,  1.0002111E+03,  1.2557117E+04,3,
  4.1541351E+02,  0.0000000E+00,  2.5621765E+02,3143,  4.6148589E-01,  0.0000000E+00,  5.6148052E-02,  1.0001951E+03,  1.1608786E+04,3,
  4.1262201E+02,  0.0000000E+00,  2.5336359E+02,2862,  2.9883778E-01,  0.0000000E+00,  6.3186243E-02,  1.0001767E+03,  1.0511598E+04,3,
  4.1653842E+02,  0.0000000E+00,  2.5594829E+02,2970,  4.5127633E-01,  0.0000000E+00,  4.1420363E-02,  1.0001910E+03,  1.1361727E+04,3,
  4.1362460E+02,  0.0000000E+00,  2.5281129E+02,2898,  3.1685832E-01,  0.0000000E+00,  5.5838205E-02,  1.0010267E+03,  6.1235816E+04,3,
  4.1570810E+02,  0.0000000E+00,  2.5321141E+02,2725,  2.8883007E-01,  0.0000000E+00, -1.6311612E-02,  1.0003779E+03,  2.2496416E+04,3,
  4.1480377E+02,  0.0000000E+00,  2.5316270E+02,2897,  3.1432423E-01,  0.0000000E+00, -5.8792857E-03,  1.0005823E+03,  3.4685074E+04,3,
  4.1661777E+02,  0.0000000E+00,  2.5284312E+02,2515,  2.6572967E-01,  0.0000000E+00, -2.3300662E-03,  1.0007657E+03,  4.5630828E+04,3,
  4.1741837E+02,  0.0000000E+00,  2.5298878E+02,2878,  2.4458222E-01,  0.0000000E+00,  8.4831342E-03,  1.0004940E+03,  2.9416896E+04,3,
  4.1778275E+02,  0.0000000E+00,  2.5625427E+02,3122,  4.3837556E-01,  0.0000000E+00,  1.2647958E-02,  1.0001986E+03,  1.1815886E+04,3,
  4.1895569E+02,  0.0000000E+00,  2.5613693E+02,3134,  4.4423923E-01,  0.0000000E+00,  4.0133845E-04,  1.0002023E+03,  1.2037522E+04,3,
  4.1836777E+02,  0.0000000E+00,  2.5288304E+02,2988,  3.0439350E-01,  0.0000000E+00,  2.4397230E-02,  1.0006470E+03,  3.8542406E+04,3,
  4.2012381E+02,  0.0000000E+00,  2.5614127E+02,2749,  4.3825647E-01,  0.0000000E+00, -9.2016102E-04,  1.0001935E+03,  1.1514321E+04,3,
  4.2127621E+02,  0.0000000E+00,  2.5620502E+02,2758,  4.3293941E-01,  0.0000000E+00,  2.4989054E-03,  1.0001776E+03,  1.0562458E+04,3,
  4.1954700E+02,  0.0000000E+00,  2.5287811E+02,2852,  2.8633782E-01,  0.0000000E+00,  1.0212342E-02,  1.0007193E+03,  4.2860457E+04,3,
  4.2237738E+02,  0.0000000E+00,  2.5615958E+02,3113,  4.3823251E-01,  0.0000000E+00,  1.6965870E-02,  1.0001510E+03,  8.9822754E+03,3,
  4.2011676E+02,  0.0000000E+00,  2.5306992E+02,2765,  2.8704417E-01,  0.0000000E+00,  2.4851216E-03,  1.0005310E+03,  3.1622857E+04,3,
  4.2358902E+02,  0.0000000E+00,  2.5618512E+02,3124,  4.4411862E-01,  0.0000000E+00,  1.5464556E-02,  1.0001664E+03,  9.8976611E+03,3,
  4.2154492E+02,  0.0000000E+00,  2.5277563E+02,2775,  2.8092235E-01,  0.0000000E+00, -3.6531948E-03,  1.0010897E+03,  6.5004812E+04,3,
  4.2278488E+02,  0.0000000E+00,  2.5291109E+02,2730,  2.6866183E-01,  0.0000000E+00,  1.1397696E-02,  1.0010662E+03,  6.3594926E+04,3,
  4.2400455E+02,  0.0000000E+00,  2.5256201E+02,2712,  2.6397929E-01,  0.0000000E+00,  4.0045965E-02,  1.0016084E+03,  9.6094750E+04,3,
  4.2470297E+02,  0.0000000E+00,  2.5623755E+02,3114,  4.3659484E-01,  0.0000000E+00, -4.6384465E-03,  1.0001975E+03,  1.1750485E+04,3,
  4.2587540E+02,  0.0000000E+00,  2.5604742E+02,2750,  4.3548831E-01,  0.0000000E+00, -1.5935568E-02,  1.0002006E+03,  1.1932153E+04,3,
  4.2715970E+02,  0.0000000E+00,  2.5619257E+02,3106,  4.7736537E-01,  0.0000000E+00, -4.2134069E-02,  1.0002065E+03,  1.2284599E+04,3,
  4.2585785E+02,  0.0000000E+00,  2.5315271E+02,2891,  3.0340892E-01,  0.0000000E+00,  1.4116595E-02,  1.0004254E+03,  2.5322971E+04,3,
  4.2841537E+02,  0.0000000E+00,  2.5594882E+02,2923,  4.5928207E-01,  0.0000000E+00, -3.7512802E-02,  1.0001935E+03,  1.1514321E+04,3,
  4.2612970E+02,  0.0000000E+00,  2.5302246E+02,2561,  3.2354325E-01,  0.0000000E+00, -4.9081207E-03,  1.0005314E+03,  3.1644701E+04,3,
  4.2965289E+02,  0.0000000E+00,  2.5612823E+02,3125,  4.7832447E-01,  0.0000000E+00, -4.2791344E-02,  1.0001872E+03,  1.1136472E+04,3,
  4.2718021E+02,  0.0000000E+00,  2.5292264E+02,2943,  3.0822217E-01,  0.0000000E+00, -2.5031606E-02,  1.0006310E+03,  3.7591594E+04,3,
  4.2816699E+02,  0.0000000E+00,  2.5288504E+02,2844,  3.0224869E-01,  0.0000000E+00, -3.2673784E-02,  1.0006821E+03,  4.0641074E+04,3,
  4.2917310E+02,  0.0000000E+00,  2.5291605E+02,2859,  2.6568660E-01,  0.0000000E+00, -1.5408493E-02,  1.0006583E+03,  3.9216410E+04,3,
  4.3022498E+02,  0.0000000E+00,  2.5312798E+02,2889,  3.1268635E-01,  0.0000000E+00,  1.1410232E-02,  1.0003977E+03,  2.3674959E+04,3,
  4.3079590E+02,  0.0000000E+00,  2.5599565E+02,3033,  4.9184397E-01,  0.0000000E+00, -2.8136360E-02,  1.0001847E+03,  1.0987516E+04,3,
  4.3107285E+02,  0.0000000E+00,  2.5265935E+02,2825,  2.8302458E-01,  0.0000000E+00,  3.5093572E-02,  1.0010193E+03,  6.0794004E+04,3,
  4.3191272E+02,  0.0000000E+00,  2.5577586E+02,2906,  4.9953929E-01,  0.0000000E+00, -1.0666786E-02,  1.0001901E+03,  1.1307229E+04,3,
  4.3312918E+02,  0.0000000E+00,  2.5619510E+02,3115,  5.3903389E-01,  0.0000000E+00, -1.0890638E-02,  1.0001770E+03,  1.0529763E+04,3,
  4.3411020E+02,  0.0000000E+00,  2.5555267E+02,2997,  5.1929390E-01,  0.0000000E+00,  1.8470455E-02,  1.0001924E+03,  1.1448924E+04,3,
  4.3235077E+02,  0.0000000E+00,  2.5306100E+02,2914,  3.2020962E-01,  0.0000000E+00,  4.8203077E-02,  1.0003929E+03,  2.3387584E+04,3,
  4.3527625E+02,  0.0000000E+00,  2.5608017E+02,3116,  5.6509250E-01,  0.0000000E+00,  2.9880838E-02,  1.0001744E+03,  1.0373550E+04,3,
  4.3300220E+02,  0.0000000E+00,  2.5304765E+02,2907,  3.0390400E-01,  0.0000000E+00,  4.9274288E-02,  1.0003865E+03,  2.3009283E+04,3,
  4.3645340E+02,  0.0000000E+00,  2.5606284E+02,2977,  5.0935209E-01,  0.0000000E+00,  5.5653963E-02,  1.0001659E+03,  9.8685996E+03,3,
  4.3752213E+02,  0.0000000E+00,  2.5600800E+02,2969,  4.5531401E-01,  0.0000000E+00,  5.9286732E-02,  1.0001414E+03,  8.4120186E+03,3,
  4.3389233E+02,  0.0000000E+00,  2.5294154E+02,2916,  3.3849731E-01,  0.0000000E+00,  5.2465998E-02,  1.0005330E+03,  3.1739357E+04,3,
  4.3502054E+02,  0.0000000E+00,  2.5286528E+02,2761,  3.2193893E-01,  0.0000000E+00,  3.6352657E-02,  1.0007145E+03,  4.2576176E+04,3,
  4.3606808E+02,  0.0000000E+00,  2.5281883E+02,2746,  3.3842114E-01,  0.0000000E+00,  1.6888296E-02,  1.0008412E+03,  5.0141613E+04,3,
  4.3710446E+02,  0.0000000E+00,  2.5286642E+02,2434,  3.0809060E-01,  0.0000000E+00,  9.9765079E-04,  1.0007988E+03,  4.7610656E+04,3,
  4.3844891E+02,  0.0000000E+00,  2.5590810E+02,2904,  4.6689236E-01,  0.0000000E+00,  6.1696988E-02,  1.0001304E+03,  7.7546294E+03,3,
  4.3861661E+02,  0.0000000E+00,  2.5261951E+02,2543,  4.6106875E-01,  0.0000000E+00,  1.5607957E-02,  1.0009189E+03,  5.4789461E+04,3,
  4.3950052E+02,  0.0000000E+00,  2.5624945E+02,3108,  5.7868671E-01,  0.0000000E+00,  3.5785563E-02,  1.0001534E+03,  9.1275693E+03,3,
  4.4094705E+02,  0.0000000E+00,  2.5605688E+02,3117,  9.7696555E-01,  0.0000000E+00,  4.0945720E-02,  1.0002786E+03,  1.6576717E+04,3,
  4.4351019E+02,  0.0000000E+00,  2.5514769E+02,2605,  7.7014703E-01,  0.0000000E+00, -3.6319345E-01,  1.0002570E+03,  1.5289978E+04,3,
  4.3994159E+02,  0.0000000E+00,  2.5307616E+02,2777,  1.5028948E-01,  0.0000000E+00,  1.4168777E-01,  1.0004316E+03,  2.5697721E+04,3,
  4.4004861E+02,  0.0000000E+00,  2.5304909E+02,2933,  1.1955026E-01,  0.0000000E+00,  1.3913311E-01,  1.0004827E+03,  2.8743557E+04,3,
  4.4028821E+02,  0.0000000E+00,  2.5332709E+02,3006,  2.5566024E-01,  0.0000000E+00,  2.2838296E-01,  1.0003712E+03,  2.2092688E+04,3,
  4.4211765E+02,  0.0000000E+00,  2.5468738E+02,2987,  4.2843100E-01,  0.0000000E+00,  7.6940876E-01,  1.0001200E+03,  7.1372319E+03,3,
  4.4213467E+02,  0.0000000E+00,  2.5495288E+02,2917,  3.8584477E-01,  0.0000000E+00,  4.7248490E-02,  1.0002475E+03,  1.4726627E+04,3,
  4.4451056E+02,  0.0000000E+00,  2.5528720E+02,3059,  5.6406456E-01,  0.0000000E+00,  4.9068201E-02,  1.0004124E+03,  2.4548043E+04,3,
  4.4533945E+02,  0.0000000E+00,  2.5514484E+02,3097,  6.1567962E-01,  0.0000000E+00,  1.1266661E-01,  9.9999188E+02, -4.8264856E+02,3,
  4.4636191E+02,  0.0000000E+00,  2.5520387E+02,2643,  5.0543487E-01,  0.0000000E+00, -3.9473981E-02,  1.0006492E+03,  3.8677203E+04,3,
  4.4730414E+02,  0.0000000E+00,  2.5515430E+02,3088,  7.3311293E-01,  0.0000000E+00,  7.7934759E-03,  1.0003330E+03,  1.9819752E+04,3,
  4.4763702E+02,  0.0000000E+00,  2.5504680E+02,3099,  4.9165732E-01,  0.0000000E+00,  3.1064758E-02,  9.9973871E+02, -1.5523683E+04,3,
  4.4999652E+02,  0.0000000E+00,  2.5499432E+02,2425,  6.1622113E-01,  0.0000000E+00, -2.0477597E-01,  9.9984406E+02, -9.2678223E+03,3,
  4.4884482E+02,  0.0000000E+00,  2.5509854E+02,3098,  6.5608448E-01,  0.0000000E+00,  1.7171422E-01,  1.0007513E+03,  4.4774117E+04,3,
  4.5087225E+02,  0.0000000E+00,  2.5499979E+02,2888,  4.8075104E-01,  0.0000000E+00,  5.6416132E-02,  1.0003718E+03,  2.2129059E+04,3,
  4.5145154E+02,  0.0000000E+00,  2.5547932E+02,2860,  6.1525458E-01,  0.0000000E+00,  2.8156959E-03,  1.0006432E+03,  3.8316535E+04,3,
  4.5270062E+02,  0.0000000E+00,  2.5480045E+02,2861,  6.1176318E-01,  0.0000000E+00, -2.5200875E-02,  1.0011638E+03,  6.9440320E+04,3,
  4.5349158E+02,  0.0000000E+00,  2.5521144E+02,2768,  5.8941931E-01,  0.0000000E+00, -7.1288154E-02,  9.9733472E+02, -1.5721075E+05,3,
  4.5405750E+02,  0.0000000E+00,  2.5488904E+02,2651,  5.7488197E-01,  0.0000000E+00, -2.5773121E-02,  1.0011142E+03,  6.6469703E+04,3,
  4.5358502E+02,  0.0000000E+00,  2.5628278E+02,2940,  6.2535095E-01,  0.0000000E+00, -1.8916350E-02,  1.0004750E+03,  2.8284984E+04,3,
  4.5520261E+02,  0.0000000E+00,  2.5514209E+02,2818,  5.1376891E-01,  0.0000000E+00,  5.9397750E-02,  1.0007059E+03,  4.2062297E+04,3,
  4.5652213E+02,  0.0000000E+00,  2.5489769E+02,2971,  6.3873357E-01,  0.0000000E+00,  2.8737200E-02,  1.0008337E+03,  4.9692996E+04,3,
  4.5772836E+02,  0.0000000E+00,  2.5519962E+02,2864,  5.7714647E-01,  0.0000000E+00, -1.2157444E-01,  9.9834937E+02, -9.7658688E+04,3,
  4.5781223E+02,  0.0000000E+00,  2.5502495E+02,2773,  6.2590438E-01,  0.0000000E+00,  1.0870518E-02,  1.0005821E+03,  3.4670508E+04,3,
  4.5756061E+02,  0.0000000E+00,  2.5617221E+02,3070,  6.2774134E-01,  0.0000000E+00, -2.6497774E-02,  1.0004747E+03,  2.8263148E+04,3,
  4.5922513E+02,  0.0000000E+00,  2.5480739E+02,2778,  5.7541424E-01,  0.0000000E+00, -1.7264238E-02,  1.0007994E+03,  4.7647121E+04,3,
  4.6017633E+02,  0.0000000E+00,  2.5576514E+02,3089,  5.9660465E-01,  0.0000000E+00, -8.8261990E-03,  1.0006038E+03,  3.5963402E+04,3,
  4.6124420E+02,  0.0000000E+00,  2.5503600E+02,2708,  6.3575822E-01,  0.0000000E+00,  2.8410271E-02,  9.9999353E+02, -3.8466916E+02,3,
  4.6149786E+02,  0.0000000E+00,  2.5504137E+02,2728,  6.1065114E-01,  0.0000000E+00,  5.9732910E-02,  1.0000974E+03,  5.7936167E+03,3,
  4.6247714E+02,  0.0000000E+00,  2.5508286E+02,3079,  5.9936810E-01,  0.0000000E+00, -6.7762822E-02,  1.0001934E+03,  1.1503422E+04,3,
  4.6351337E+02,  0.0000000E+00,  2.5510718E+02,3081,  6.0438132E-01,  0.0000000E+00,  3.2250945E-02,  1.0006111E+03,  3.6404117E+04,3,
  4.6473029E+02,  0.0000000E+00,  2.5505417E+02,3071,  6.3335949E-01,  0.0000000E+00, -6.7281082E-02,  1.0001525E+03,  9.0694521E+03,3,
  4.6509076E+02,  0.0000000E+00,  2.5501047E+02,3023,  5.8359760E-01,  0.0000000E+00,  4.8695628E-02,  1.0004120E+03,  2.4526215E+04,3,
  4.6687341E+02,  0.0000000E+00,  2.5504294E+02,2800,  6.0734510E-01,  0.0000000E+00,  3.5298403E-02,  1.0002543E+03,  1.5133689E+04,3,
  4.6707144E+02,  0.0000000E+00,  2.5612216E+02,3080,  6.2792999E-01,  0.0000000E+00, -1.4339880E-02,  1.0004012E+03,  2.3882309E+04,3,
  4.6766098E+02,  0.0000000E+00,  2.5498859E+02,2880,  6.0876518E-01,  0.0000000E+00,  1.4206433E-02,  1.0004997E+03,  2.9755402E+04,3,
  4.6821301E+02,  0.0000000E+00,  2.5514189E+02,2587,  6.2181550E-01,  0.0000000E+00, -6.1886840E-02,  9.9921399E+02, -4.6624523E+04,3,
  4.6917310E+02,  0.0000000E+00,  2.5499088E+02,2779,  6.1689883E-01,  0.0000000E+00, -3.5215378E-02,  1.0007863E+03,  4.6863160E+04,3,
  4.7021909E+02,  0.0000000E+00,  2.5507231E+02,2853,  6.2077737E-01,  0.0000000E+00, -9.3063116E-02,  1.0002131E+03,  1.2680661E+04,3,
  4.7045856E+02,  0.0000000E+00,  2.5507149E+02,2833,  6.1739159E-01,  0.0000000E+00, -8.4493563E-02,  1.0001133E+03,  6.7413911E+03,3,
  4.7186084E+02,  0.0000000E+00,  2.5598199E+02,3063,  6.0699010E-01,  0.0000000E+00, -4.7593866E-02,  1.0004755E+03,  2.8314100E+04,3,
  4.7260571E+02,  0.0000000E+00,  2.5498224E+02,2551,  5.9717804E-01,  0.0000000E+00, -3.6875553E-02,  1.0002694E+03,  1.6031469E+04,3,
  4.7274072E+02,  0.0000000E+00,  2.5501701E+02,2797,  6.3544095E-01,  0.0000000E+00, -2.6831618E-02,  1.0000965E+03,  5.7391494E+03,3,
  4.7422705E+02,  0.0000000E+00,  2.5500540E+02,2662,  6.1267781E-01,  0.0000000E+00, -2.0190682E-02,  1.0003151E+03,  1.8750742E+04,3,
  4.7463016E+02,  0.0000000E+00,  2.5501483E+02,2822,  6.4483106E-01,  0.0000000E+00, -2.5389187E-02,  1.0001790E+03,  1.0646015E+04,3,
  4.7592773E+02,  0.0000000E+00,  2.5544173E+02,3052,  5.8893430E-01,  0.0000000E+00, -2.7586546E-02,  1.0007229E+03,  4.3075500E+04,3,
  4.7682315E+02,  0.0000000E+00,  2.5501399E+02,2677,  6.5815926E-01,  0.0000000E+00,  3.0831687E-02,  9.9999866E+02, -7.9838226E+01,3,
  4.7722925E+02,  0.0000000E+00,  2.5502550E+02,2686,  5.9117496E-01,  0.0000000E+00,  1.0117841E-02,  1.0000842E+03,  5.0093198E+03,3,
  4.7845618E+02,  0.0000000E+00,  2.5521498E+02,3053,  6.4816642E-01,  0.0000000E+00, -3.5064761E-02,  1.0007889E+03,  4.7019945E+04,3,
  4.7942609E+02,  0.0000000E+00,  2.5503815E+02,2795,  6.1827523E-01,  0.0000000E+00,  4.0378636E-03,  1.0000510E+03,  3.0343293E+03,3,
  4.8010223E+02,  0.0000000E+00,  2.5504974E+02,2552,  6.3593286E-01,  0.0000000E+00, -6.6521154E-03,  1.0002910E+03,  1.7314670E+04,3,
  4.8118820E+02,  0.0000000E+00,  2.5503922E+02,3034,  6.1154509E-01,  0.0000000E+00, -3.5842636E-03,  1.0004319E+03,  2.5712275E+04,3,
  4.8192282E+02,  0.0000000E+00,  2.5497815E+02,2659,  6.3341337E-01,  0.0000000E+00, -6.6369427E-03,  1.0001841E+03,  1.0951186E+04,3,
  4.8294202E+02,  0.0000000E+00,  2.5556989E+02,2748,  6.4059925E-01,  0.0000000E+00,  1.0472591E-02,  1.0006130E+03,  3.6517031E+04,3,
  4.8380081E+02,  0.0000000E+00,  2.5496703E+02,3054,  6.1060375E-01,  0.0000000E+00,  1.6958434E-02,  1.0001888E+03,  1.1234566E+04,3,
  4.8506149E+02,  0.0000000E+00,  2.5505536E+02,2668,  6.3497347E-01,  0.0000000E+00, -2.5722347E-03,  1.0003214E+03,  1.9128883E+04,3,
  4.8531656E+02,  0.0000000E+00,  2.5509016E+02,2756,  6.3210046E-01,  0.0000000E+00,  1.4035907E-01,  1.0004325E+03,  2.5748660E+04,3,
  4.8688684E+02,  0.0000000E+00,  2.5512860E+02,2724,  6.1431074E-01,  0.0000000E+00, -8.3304206E-03,  1.0002990E+03,  1.7794549E+04,3,
  4.8736084E+02,  0.0000000E+00,  2.5511617E+02,2742,  6.2148416E-01,  0.0000000E+00,  1.1974403E-02,  1.0003766E+03,  2.2420033E+04,3,
  4.8829248E+02,  0.0000000E+00,  2.5514459E+02,2488,  6.1455131E-01,  0.0000000E+00,  1.5428786E-03,  9.9961414E+02, -2.2916154E+04,3,
  4.8845837E+02,  0.0000000E+00,  2.5504791E+02,2743,  6.5021974E-01,  0.0000000E+00, -1.4824323E-02,  1.0004436E+03,  2.6410881E+04,3,
  4.9003247E+02,  0.0000000E+00,  2.5611832E+02,3025,  6.1738294E-01,  0.0000000E+00, -1.0921820E-02,  1.0003703E+03,  2.2041768E+04,3,
  4.8990796E+02,  0.0000000E+00,  2.5496384E+02,2642,  6.2792420E-01,  0.0000000E+00, -1.7122872E-02,  1.0003996E+03,  2.3787727E+04,3,
  4.9130832E+02,  0.0000000E+00,  2.5502524E+02,3043,  6.2169135E-01,  0.0000000E+00, -2.9274520E-02,  1.0002740E+03,  1.6307725E+04,3,
  4.9172046E+02,  0.0000000E+00,  2.5504858E+02,2813,  6.1712068E-01,  0.0000000E+00, -3.6669709E-02,  1.0001976E+03,  1.1754118E+04,3,
  4.9305576E+02,  0.0000000E+00,  2.5501562E+02,3035,  6.3132226E-01,  0.0000000E+00,  3.4846151E-03,  1.0006728E+03,  4.0083574E+04,3,
  4.9408487E+02,  0.0000000E+00,  2.5508830E+02,3044,  6.2787843E-01,  0.0000000E+00, -5.7532772E-02,  1.0003126E+03,  1.8605307E+04,3,
  4.9507816E+02,  0.0000000E+00,  2.5505272E+02,2718,  6.2843865E-01,  0.0000000E+00, -2.5029194E-02,  1.0002653E+03,  1.5784299E+04,3,
  4.9585159E+02,  0.0000000E+00,  2.5498647E+02,2932,  6.0997564E-01,  0.0000000E+00, -2.8084079E-03,  1.0003963E+03,  2.3591291E+04,3,
  4.9656747E+02,  0.0000000E+00,  2.5620270E+02,3036,  6.3674986E-01,  0.0000000E+00,  1.8872266E-03,  1.0003765E+03,  2.2412760E+04,3,
  4.9688840E+02,  0.0000000E+00,  2.5509798E+02,2714,  6.2303549E-01,  0.0000000E+00,  1.8841848E-02,  9.9966602E+02, -1.9838139E+04,3,
  4.9801361E+02,  0.0000000E+00,  2.5496680E+02,2782,  6.2180090E-01,  0.0000000E+00,  9.9884877E-03,  1.0005974E+03,  3.5584621E+04,3,
  4.9859296E+02,  0.0000000E+00,  2.5507652E+02,2716,  6.2814069E-01,  0.0000000E+00,  3.6222171E-02,  1.0002696E+03,  1.6042373E+04,3,
  4.9952112E+02,  0.0000000E+00,  2.5509193E+02,2905,  6.1684787E-01,  0.0000000E+00,  7.1427142E-03,  1.0002136E+03,  1.2706097E+04,3,
  5.0054034E+02,  0.0000000E+00,  2.5509827E+02,2978,  6.3469148E-01,  0.0000000E+00, -1.8545233E-02,  1.0004088E+03,  2.4337041E+04,3,
  5.0146701E+02,  0.0000000E+00,  2.5511342E+02,3026,  6.1580652E-01,  0.0000000E+00,  2.1463843E-02,  1.0004796E+03,  2.8554303E+04,3,
  5.0243848E+02,  0.0000000E+00,  2.5505586E+02,3027,  6.3706309E-01,  0.0000000E+00,  9.4849966E-02,  1.0003568E+03,  2.1238002E+04,3,
  5.0339096E+02,  0.0000000E+00,  2.5505737E+02,2737,  6.1685121E-01,  0.0000000E+00,  1.9169429E-02,  1.0000104E+03,  6.1695343E+02,3,
  5.0392877E+02,  0.0000000E+00,  2.5497404E+02,3017,  6.1956519E-01,  0.0000000E+00,  2.8040597E-02,  1.0004415E+03,  2.6283527E+04,3,
  5.0494489E+02,  0.0000000E+00,  2.5557286E+02,2786,  6.3358235E-01,  0.0000000E+00,  3.6836110E-02,  1.0005903E+03,  3.5162152E+04,3,
  5.0595346E+02,  0.0000000E+00,  2.5502394E+02,2634,  6.1277795E-01,  0.0000000E+00,  3.6196396E-02,  1.0002147E+03,  1.2771503E+04,3,
  5.0683948E+02,  0.0000000E+00,  2.5508546E+02,2791,  6.2824070E-01,  0.0000000E+00,  1.3562474E-02,  1.0000358E+03,  2.1304666E+03,3,
  5.0761923E+02,  0.0000000E+00,  2.5511104E+02,2479,  6.0884571E-01,  0.0000000E+00,  1.8419659E-02,  1.0002728E+03,  1.6231390E+04,3,
  5.0790775E+02,  0.0000000E+00,  2.5495798E+02,2823,  6.2901944E-01,  0.0000000E+00,  7.6091010E-04,  1.0006678E+03,  3.9784793E+04,3,
  5.0970142E+02,  0.0000000E+00,  2.5511082E+02,2835,  6.1868602E-01,  0.0000000E+00, -3.9165523E-02,  9.9980688E+02, -1.1475585E+04,3,
  5.0977090E+02,  0.0000000E+00,  2.5622580E+02,3007,  6.2719268E-01,  0.0000000E+00, -1.9176781E-02,  1.0003493E+03,  2.0790686E+04,3,
  5.1026920E+02,  0.0000000E+00,  2.5500710E+02,2669,  6.3239151E-01,  0.0000000E+00, -2.5549682E-02,  1.0003173E+03,  1.8881635E+04,3,
  5.1105130E+02,  0.0000000E+00,  2.5506339E+02,2788,  6.1117327E-01,  0.0000000E+00, -3.9808251E-02,  1.0002064E+03,  1.2277332E+04,3,
  5.1166507E+02,  0.0000000E+00,  2.5507262E+02,2935,  6.2210137E-01,  0.0000000E+00, -3.2222867E-02,  1.0002092E+03,  1.2444476E+04,3,
  5.1300195E+02,  0.0000000E+00,  2.5505919E+02,3018,  6.2255526E-01,  0.0000000E+00,  9.7579565E-03,  1.0008364E+03,  4.9853477E+04,3,
  5.1442841E+02,  0.0000000E+00,  2.5505243E+02,2734,  6.2928843E-01,  0.0000000E+00, -3.4229446E-02,  1.0002446E+03,  1.4552177E+04,3,
  5.1481097E+02,  0.0000000E+00,  2.5502577E+02,2687,  6.2602031E-01,  0.0000000E+00, -4.1379903E-02,  1.0003203E+03,  1.9063434E+04,3,
  5.1571051E+02,  0.0000000E+00,  2.5508374E+02,2824,  6.0693508E-01,  0.0000000E+00, -2.4667274E-02,  9.9968158E+02, -1.8914547E+04,3,
  5.1617175E+02,  0.0000000E+00,  2.5605331E+02,2759,  6.2801033E-01,  0.0000000E+00, -1.9376235E-02,  1.0004023E+03,  2.3951428E+04,3,
  5.1652985E+02,  0.0000000E+00,  2.5497420E+02,2817,  6.3426459E-01,  0.0000000E+00, -9.9845193E-03,  1.0003657E+03,  2.1768990E+04,3,
  5.1774963E+02,  0.0000000E+00,  2.5502112E+02,2717,  6.1757976E-01,  0.0000000E+00, -3.1466156E-02,  1.0003719E+03,  2.2139971E+04,3,
  5.1889240E+02,  0.0000000E+00,  2.5503943E+02,2998,  6.2552357E-01,  0.0000000E+00,  3.8181685E-02,  1.0007273E+03,  4.3337926E+04,3,
  5.2000916E+02,  0.0000000E+00,  2.5507230E+02,2989,  6.2437129E-01,  0.0000000E+00,  2.3836935E-02,  1.0001770E+03,  1.0529763E+04,3,
  5.2046606E+02,  0.0000000E+00,  2.5506609E+02,2623,  6.2715352E-01,  0.0000000E+00,  3.5409071E-02,  1.0001591E+03,  9.4653857E+03,3,
  5.2159259E+02,  0.0000000E+00,  2.5531340E+02,2980,  6.2179935E-01,  0.0000000E+00,  8.3840722E-03,  1.0005730E+03,  3.4127906E+04,3,
  5.2215857E+02,  0.0000000E+00,  2.5505963E+02,2614,  6.2439913E-01,  0.0000000E+00, -6.7216852E-03,  1.0001606E+03,  9.5525654E+03,3,
  5.2303430E+02,  0.0000000E+00,  2.5509871E+02,2991,  6.2790561E-01,  0.0000000E+00, -9.0504135E-04,  1.0002205E+03,  1.3116711E+04,3,
  5.2419763E+02,  0.0000000E+00,  2.5490395E+02,3000,  6.2144148E-01,  0.0000000E+00, -5.7314661E-05,  1.0008808E+03,  5.2509047E+04,3,
  5.2561627E+02,  0.0000000E+00,  2.5497327E+02,2961,  6.1285061E-01,  0.0000000E+00,  1.0057519E-02,  1.0005255E+03,  3.1291568E+04,3,
  5.2623944E+02,  0.0000000E+00,  2.5639423E+02,2685,  6.2387276E-01,  0.0000000E+00,  1.9053868E-03,  1.0002930E+03,  1.7438271E+04,3,
  5.2647931E+02,  0.0000000E+00,  2.5513074E+02,2615,  6.4814043E-01,  0.0000000E+00,  1.6809804E-02,  9.9954004E+02, -2.7310623E+04,3,
  5.2728217E+02,  0.0000000E+00,  2.5494745E+02,2598,  6.1036670E-01,  0.0000000E+00, -1.8127242E-02,  1.0005755E+03,  3.4277211E+04,3,
  5.2829541E+02,  0.0000000E+00,  2.5508420E+02,2925,  6.2793273E-01,  0.0000000E+00, -9.7015249E-03,  1.0004183E+03,  2.4900936E+04,3,
  5.2949847E+02,  0.0000000E+00,  2.5498482E+02,2703,  6.0360104E-01,  0.0000000E+00,  1.6230460E-02,  1.0007577E+03,  4.5153246E+04,3,
  5.3062128E+02,  0.0000000E+00,  2.5507547E+02,2990,  6.4057899E-01,  0.0000000E+00, -2.8610781E-02,  1.0002584E+03,  1.5377209E+04,3,
  5.3148059E+02,  0.0000000E+00,  2.5501527E+02,2741,  6.2837166E-01,  0.0000000E+00, -3.8077589E-02,  1.0003124E+03,  1.8590764E+04,3,
  5.3214630E+02,  0.0000000E+00,  2.5540269E+02,2973,  6.3235992E-01,  0.0000000E+00, -2.9953644E-03,  1.0005613E+03,  3.3432402E+04,3,
  5.3340863E+02,  0.0000000E+00,  2.5502020E+02,2710,  5.9619963E-01,  0.0000000E+00,  2.2878195E-03,  1.0005127E+03,  3.0530736E+04,3,
  5.3408777E+02,  0.0000000E+00,  2.5507951E+02,2626,  6.1607069E-01,  0.0000000E+00, -4.7992878E-03,  9.9946027E+02, -3.2039551E+04,3,
  5.3460602E+02,  0.0000000E+00,  2.5492223E+02,2815,  6.4869279E-01,  0.0000000E+00,  3.7908121E-03,  1.0006512E+03,  3.8797430E+04,3,
  5.3551306E+02,  0.0000000E+00,  2.5563919E+02,2972,  6.3935137E-01,  0.0000000E+00,  4.9751140E-03,  1.0005903E+03,  3.5158512E+04,3,
  5.3689655E+02,  0.0000000E+00,  2.5475552E+02,2507,  5.7959652E-01,  0.0000000E+00,  1.9539963E-02,  1.0008551E+03,  5.0973250E+04,3,
  5.3786011E+02,  0.0000000E+00,  2.5618759E+02,2841,  6.1047006E-01,  0.0000000E+00, -1.3601751E-03,  1.0004669E+03,  2.7797320E+04,3,
  5.3819305E+02,  0.0000000E+00,  2.5519952E+02,2806,  6.4771962E-01,  0.0000000E+00, -1.4574115E-02,  9.9886755E+02, -6.7104609E+04,3,
  5.3826758E+02,  0.0000000E+00,  2.5501859E+02,2720,  6.4494699E-01,  0.0000000E+00,  1.7536898E-03,  1.0003709E+03,  2.2078139E+04,3,
  5.3983533E+02,  0.0000000E+00,  2.5475511E+02,2617,  6.3399726E-01,  0.0000000E+00, -1.6529985E-02,  1.0008085E+03,  4.8186812E+04,3,
  5.4009485E+02,  0.0000000E+00,  2.5611307E+02,2982,  6.1486900E-01,  0.0000000E+00,  2.1660976E-02,  1.0004939E+03,  2.9409617E+04,3,
  5.4168744E+02,  0.0000000E+00,  2.5485301E+02,2580,  5.7371753E-01,  0.0000000E+00,  1.7142007E-02,  1.0007220E+03,  4.3020828E+04,3,
  5.4268433E+02,  0.0000000E+00,  2.5601956E+02,2869,  6.0612547E-01,  0.0000000E+00,  1.5752042E-02,  1.0005716E+03,  3.4044152E+04,3,
  5.4275989E+02,  0.0000000E+00,  2.5517822E+02,2470,  6.2247640E-01,  0.0000000E+00,  3.1682506E-02,  9.9879974E+02, -7.1108320E+04,3,
  5.4319965E+02,  0.0000000E+00,  2.5484859E+02,2480,  6.3448846E-01,  0.0000000E+00,  3.5194334E-02,  1.0006475E+03,  3.8571551E+04,3,
  5.4485364E+02,  0.0000000E+00,  2.5588287E+02,2962,  6.1010194E-01,  0.0000000E+00,  1.1616481E-02,  1.0005977E+03,  3.5602832E+04,3,
  5.4505463E+02,  0.0000000E+00,  2.5480795E+02,2389,  6.2200522E-01,  0.0000000E+00,  6.9408244E-03,  1.0005668E+03,  3.3756480E+04,3,
  5.4653125E+02,  0.0000000E+00,  2.5502248E+02,2887,  6.1491638E-01,  0.0000000E+00, -6.9910907E-03,  1.0003354E+03,  1.9961568E+04,3,
  5.4765491E+02,  0.0000000E+00,  2.5508618E+02,2658,  6.0246325E-01,  0.0000000E+00,  2.3681886E-02,  1.0000880E+03,  5.2308047E+03,3,
  5.4773230E+02,  0.0000000E+00,  2.5508383E+02,2534,  6.0298365E-01,  0.0000000E+00,  2.3775747E-02,  1.0000795E+03,  4.7297476E+03,3,
  5.4860083E+02,  0.0000000E+00,  2.5620914E+02,2954,  6.4402026E-01,  0.0000000E+00, -3.5387855E-03,  1.0004153E+03,  2.4722670E+04,3,
  5.4965039E+02,  0.0000000E+00,  2.5467346E+02,2745,  6.0085630E-01,  0.0000000E+00, -5.1037800E-03,  1.0010652E+03,  6.3540141E+04,3,
  5.5054657E+02,  0.0000000E+00,  2.5523669E+02,2781,  6.2605208E-01,  0.0000000E+00, -4.8093151E-02,  9.9906006E+02, -5.5729641E+04,3,
  5.5092267E+02,  0.0000000E+00,  2.5637128E+02,2842,  6.3489383E-01,  0.0000000E+00, -1.2135136E-02,  1.0003969E+03,  2.3624031E+04,3,
  5.5121252E+02,  0.0000000E+00,  2.5503087E+02,2733,  6.1555129E-01,  0.0000000E+00, -1.8710217E-02,  1.0003878E+03,  2.3082031E+04,3,
  5.5243774E+02,  0.0000000E+00,  2.5491725E+02,2699,  6.1853945E-01,  0.0000000E+00, -3.0364081E-02,  1.0006530E+03,  3.8899441E+04,3,
  5.5360358E+02,  0.0000000E+00,  2.5500671E+02,2660,  5.5515206E-01,  0.0000000E+00,  3.9096881E-02,  1.0002108E+03,  1.2538948E+04,3,
  5.5413947E+02,  0.0000000E+00,  2.5623700E+02,2955,  6.6314566E-01,  0.0000000E+00,  5.8243931E-03,  1.0003950E+03,  2.3514900E+04,3,
  5.5486157E+02,  0.0000000E+00,  2.5503502E+02,2736,  6.1154294E-01,  0.0000000E+00,  5.4329406E-02,  1.0000393E+03,  2.3373677E+03,3,
  5.5573468E+02,  0.0000000E+00,  2.5500838E+02,2706,  6.3997167E-01,  0.0000000E+00,  2.8323587E-03,  1.0003127E+03,  1.8608943E+04,3,
  5.5601172E+02,  0.0000000E+00,  2.5502353E+02,2689,  6.3795394E-01,  0.0000000E+00, -1.2266936E-02,  1.0002190E+03,  1.3029499E+04,3,
  5.5801099E+02,  0.0000000E+00,  2.5581964E+02,2964,  6.4147311E-01,  0.0000000E+00,  6.4381152E-02,  1.0004711E+03,  2.8052066E+04,3,
  5.5748798E+02,  0.0000000E+00,  2.5494931E+02,2571,  5.6230879E-01,  0.0000000E+00, -3.1788122E-02,  1.0004453E+03,  2.6512764E+04,3,
  5.5916833E+02,  0.0000000E+00,  2.5510083E+02,2646,  5.7708657E-01,  0.0000000E+00,  7.0794418E-02,  1.0000214E+03,  1.2702401E+03,3,
  5.6010321E+02,  0.0000000E+00,  2.5505157E+02,2711,  6.0851175E-01,  0.0000000E+00,  1.4538339E-01,  1.0005283E+03,  3.1459031E+04,3,
  5.6068042E+02,  0.0000000E+00,  2.5493312E+02,2680,  6.1020309E-01,  0.0000000E+00,  1.2769569E-01,  1.0007736E+03,  4.6104781E+04,3,
  5.6219733E+02,  0.0000000E+00,  2.5643951E+02,2934,  4.8051909E-01,  0.0000000E+00,  1.2470357E-01,  1.0003948E+03,  2.3500350E+04,3,
  5.6223340E+02,  0.0000000E+00,  2.5494638E+02,2688,  7.1479404E-01,  0.0000000E+00,  1.2340327E-01,  1.0005057E+03,  3.0112121E+04,3,
  5.6232294E+02,  0.0000000E+00,  2.5510579E+02,2799,  6.2936258E-01,  0.0000000E+00,  1.3388923E-01,  9.9869177E+02, -7.7479906E+04,3,
  5.6529883E+02,  0.0000000E+00,  2.5535696E+02,2732,  7.7705097E-01,  0.0000000E+00, -2.9912627E-01,  1.0002227E+03,  1.3247529E+04,3,
  5.6383801E+02,  0.0000000E+00,  2.5499019E+02,2678,  5.5342442E-01,  0.0000000E+00,  2.0316857E-01,  1.0006474E+03,  3.8567910E+04,3,
  5.6412317E+02,  0.0000000E+00,  2.5518073E+02,2635,  4.8152214E-01,  0.0000000E+00,  2.5977892E-01,  1.0005981E+03,  3.5624684E+04,3,
  5.6641199E+02,  0.0000000E+00,  2.5531424E+02,2578,  7.1604854E-01,  0.0000000E+00,  1.1850882E-01,  1.0003627E+03,  2.1587143E+04,3,
  5.6739594E+02,  0.0000000E+00,  2.5547009E+02,2945,  6.7093331E-01,  0.0000000E+00,  5.4765377E-02,  1.0003209E+03,  1.9096158E+04,3,
  5.6825348E+02,  0.0000000E+00,  2.5488187E+02,2836,  4.6552956E-01,  0.0000000E+00,  2.8009053E-02,  1.0001471E+03,  8.7498105E+03,3,
  5.6888995E+02,  0.0000000E+00,  2.5462001E+02,2870,  4.8992833E-01,  0.0000000E+00, -2.4894407E-01,  1.0003283E+03,  1.9539762E+04,3,
  5.6966144E+02,  0.0000000E+00,  2.5433498E+02,2681,  6.4537507E-01,  0.0000000E+00, -6.9581032E-01,  1.0004183E+03,  2.4900936E+04,3,
  5.7138647E+02,  0.0000000E+00,  2.5319556E+02,2707,  1.1660312E+00,  0.0000000E+00, -4.4789645E-01,  1.0002070E+03,  1.2317301E+04,3,
  5.7241736E+02,  0.0000000E+00,  2.5289189E+02,2735,  1.3855165E-01,  0.0000000E+00,  2.1400735E-02,  1.0005822E+03,  3.4677793E+04,3,
  5.7156812E+02,  0.0000000E+00,  2.5577467E+02,2936,  4.5074192E-01,  0.0000000E+00, -5.0986048E-02,  1.0001158E+03,  6.8866519E+03,3,
  5.7277472E+02,  0.0000000E+00,  2.5304768E+02,2645,  6.8249625E-01,  0.0000000E+00, -2.9533075E-02,  1.0004194E+03,  2.4970061E+04,3,
  5.7245654E+02,  0.0000000E+00,  2.5591063E+02,2705,  2.6559821E-01,  0.0000000E+00, -5.8630288E-02,  1.0001338E+03,  7.9580161E+03,3,
  5.6963855E+02,  0.0000000E+00,  2.5237379E+02,2586, -4.7618762E-04,  0.0000000E+00,  5.9371695E-02,  1.0018880E+03,  1.1289445E+05,3,
  5.7336389E+02,  0.0000000E+00,  2.5556497E+02,2789,  2.7143458E-01,  0.0000000E+00, -1.4969072E-02,  1.0001414E+03,  8.4120186E+03,3,
  5.7403516E+02,  0.0000000E+00,  2.5291524E+02,2827,  7.4015760E-01,  0.0000000E+00,  8.6691901E-02,  1.0006035E+03,  3.5948832E+04,3,
  5.7518091E+02,  0.0000000E+00,  2.5275569E+02,2609,  8.6681509E-01,  0.0000000E+00,  4.1452363E-02,  1.0008423E+03,  5.0210914E+04,3,
  5.7457391E+02,  0.0000000E+00,  2.5603009E+02,2560,  2.8139189E-01,  0.0000000E+00, -7.8655317E-02,  1.0001412E+03,  8.4011230E+03,3,
  5.7620184E+02,  0.0000000E+00,  2.5286806E+02,2656,  8.2449967E-01,  0.0000000E+00, -3.3417221E-02,  1.0006633E+03,  3.9518816E+04,3,
  5.7727057E+02,  0.0000000E+00,  2.5289362E+02,2608,  7.2830164E-01,  0.0000000E+00, -2.4273217E-02,  1.0005742E+03,  3.4197098E+04,3,
  5.7563477E+02,  0.0000000E+00,  2.5546272E+02,2516,  3.5610256E-01,  0.0000000E+00, -1.0194325E-01,  1.0001151E+03,  6.8467051E+03,3,
  5.7832672E+02,  0.0000000E+00,  2.5294429E+02,2673,  7.5455874E-01,  0.0000000E+00,  5.5202514E-02,  1.0004144E+03,  2.4668098E+04,3,
  5.7956805E+02,  0.0000000E+00,  2.5296434E+02,2570,  5.2273870E-01,  0.0000000E+00,  1.0128538E-01,  1.0005111E+03,  3.0436092E+04,3,
  5.7690198E+02,  0.0000000E+00,  2.5562129E+02,2770,  2.7378368E-01,  0.0000000E+00, -2.0581050E-01,  1.0001005E+03,  5.9751758E+03,3,
  5.8001288E+02,  0.0000000E+00,  2.5314725E+02,2624,  6.6194677E-01,  0.0000000E+00,  1.5469895E-01,  1.0006142E+03,  3.6586234E+04,3,
  5.7773981E+02,  0.0000000E+00,  2.5603415E+02,2796,  3.0389711E-01,  0.0000000E+00, -2.2396995E-01,  1.0001157E+03,  6.8830205E+03,3,
  5.7890143E+02,  0.0000000E+00,  2.5596440E+02,2805,  6.5285921E-01,  0.0000000E+00, -1.0034220E-01,  1.0001099E+03,  6.5380298E+03,3,
  5.7970526E+02,  0.0000000E+00,  2.5577666E+02,2629,  1.0332005E+00,  0.0000000E+00, -8.0803121E-03,  1.0001223E+03,  7.2752349E+03,3,
  5.8066882E+02,  0.0000000E+00,  2.5300783E+02,2926,  1.2122140E+00,  0.0000000E+00,  6.4923370E-01,  1.0011317E+03,  6.7514617E+04,3,
  5.8303357E+02,  0.0000000E+00,  2.5515900E+02,2666,  4.1083321E-01,  0.0000000E+00,  7.1960911E-02,  1.0009078E+03,  5.4125348E+04,3,
  5.8209442E+02,  0.0000000E+00,  2.5495479E+02,2533,  3.6049730E-01,  0.0000000E+00,  1.0123781E+00,  9.9949615E+02, -2.9912357E+04,3,
  5.8455585E+02,  0.0000000E+00,  2.5510994E+02,2628,  1.6044383E+00,  0.0000000E+00,  3.9203176E-01,  9.9879327E+02, -7.1490227E+04,3,
  5.8358099E+02,  0.0000000E+00,  2.5555692E+02,2928,  4.2632470E-01,  0.0000000E+00, -2.0337163E-02,  1.0006899E+03,  4.1103859E+04,3,
  5.8546997E+02,  0.0000000E+00,  2.5495135E+02,2535,  6.3484108E-01,  0.0000000E+00,  7.5032443E-02,  1.0005814E+03,  3.4626809E+04,3,
  5.8612366E+02,  0.0000000E+00,  2.5611105E+02,2900,  4.2584473E-01,  0.0000000E+00,  9.3516275E-02,  1.0006664E+03,  3.9700992E+04,3,
  5.8754596E+02,  0.0000000E+00,  2.5500702E+02,2771,  7.1249044E-01,  0.0000000E+00,  5.0559361E-02,  1.0003237E+03,  1.9267053E+04,3,
  5.8790247E+02,  0.0000000E+00,  2.5495743E+02,2683,  7.7250898E-01,  0.0000000E+00, -3.1185723E-03,  1.0006560E+03,  3.9081605E+04,3,
  5.8847192E+02,  0.0000000E+00,  2.5513774E+02,2808,  8.1963342E-01,  0.0000000E+00, -2.2716595E-02,  9.9867340E+02, -7.8563633E+04,3,
  5.9023993E+02,  0.0000000E+00,  2.5617920E+02,2899,  7.4783051E-01,  0.0000000E+00, -4.6844471E-02,  1.0004927E+03,  2.9340461E+04,3,
  5.8925079E+02,  0.0000000E+00,  2.5499310E+02,2597,  7.0383221E-01,  0.0000000E+00, -5.7717904E-02,  1.0006577E+03,  3.9183621E+04,3,
  5.9110291E+02,  0.0000000E+00,  2.5494490E+02,2747,  6.9395590E-01,  0.0000000E+00, -4.3614250E-02,  1.0005721E+03,  3.4076926E+04,3,
  5.9207965E+02,  0.0000000E+00,  2.5510941E+02,2671,  7.3659587E-01,  0.0000000E+00, -1.4024654E-01,  9.9943585E+02, -3.3486359E+04,3,
  5.9221021E+02,  0.0000000E+00,  2.5505020E+02,2700,  7.6628619E-01,  0.0000000E+00, -1.5578973E-02,  1.0002598E+03,  1.5457172E+04,3,
  5.9349103E+02,  0.0000000E+00,  2.5499319E+02,2652,  6.4044583E-01,  0.0000000E+00, -1.8348565E-02,  1.0002698E+03,  1.6053277E+04,3,
  5.9420880E+02,  0.0000000E+00,  2.5600021E+02,2649,  8.8830280E-01,  0.0000000E+00, -1.2562471E-02,  1.0005781E+03,  3.4433801E+04,3,
  5.9568353E+02,  0.0000000E+00,  2.5498970E+02,2790,  6.5818101E-01,  0.0000000E+00,  9.8064095E-02,  9.9998608E+02, -8.2738312E+02,3,
  5.9488367E+02,  0.0000000E+00,  2.5495886E+02,2601,  7.1962720E-01,  0.0000000E+00,  3.1374753E-02,  1.0001693E+03,  1.0068397E+04,3,
  5.9722382E+02,  0.0000000E+00,  2.5584708E+02,2927,  9.5629960E-01,  0.0000000E+00,  1.0094078E-01,  1.0006697E+03,  3.9901391E+04,3,
  5.9732587E+02,  0.0000000E+00,  2.5493245E+02,2371,  5.8772105E-01,  0.0000000E+00,  1.8968885E-01,  1.0000369E+03,  2.1958032E+03,3,
  5.9836383E+02,  0.0000000E+00,  2.5498311E+02,2648,  7.8701997E-01,  0.0000000E+00,  2.2148757E-01,  1.0001953E+03,  1.1616053E+04,3,
  5.9922003E+02,  0.0000000E+00,  2.5501738E+02,2769,  7.1591395E-01,  0.0000000E+00,  2.2704652E-02,  1.0001822E+03,  1.0838562E+04,3,
  6.0018707E+02,  0.0000000E+00,  2.5508160E+02,2901,  7.5478917E-01,  0.0000000E+00, -1.0255536E-01,  1.0003539E+03,  2.1067074E+04,3,
  6.0110028E+02,  0.0000000E+00,  2.5504465E+02,2524,  7.6719904E-01,  0.0000000E+00,  2.5224760E-01,  1.0001352E+03,  8.0415513E+03,3,
  6.0275787E+02,  0.0000000E+00,  2.5486923E+02,2826,  6.8931943E-01,  0.0000000E+00,  1.7353910E-01,  1.0007177E+03,  4.2762051E+04,3,
  6.0275696E+02,  0.0000000E+00,  2.5557870E+02,2674,  7.5214517E-01,  0.0000000E+00,  1.7765954E-02,  1.0007451E+03,  4.4402293E+04,3,
  6.0433441E+02,  0.0000000E+00,  2.5527641E+02,2691,  8.4799635E-01,  0.0000000E+00, -3.7654404E-02,  9.9742932E+02, -1.5167355E+05,3,
  6.0441327E+02,  0.0000000E+00,  2.5471989E+02,2753,  8.7700492E-01,  0.0000000E+00,  1.6183082E-02,  1.0012860E+03,  7.6759188E+04,3,
  6.0453723E+02,  0.0000000E+00,  2.5637088E+02,2882,  7.5146133E-01,  0.0000000E+00, -8.1193903E-03,  1.0005221E+03,  3.1091344E+04,3,
  6.0601508E+02,  0.0000000E+00,  2.5548079E+02,2619,  6.0587168E-01,  0.0000000E+00,  4.2909179E-02,  1.0006010E+03,  3.5799504E+04,3,
  6.0653864E+02,  0.0000000E+00,  2.5532135E+02,2554,  8.7668979E-01,  0.0000000E+00, -3.1486467E-01,  1.0005038E+03,  2.9999281E+04,3,
  6.0792957E+02,  0.0000000E+00,  2.5509135E+02,2871,  8.3034509E-01,  0.0000000E+00, -1.3240735E-01,  1.0003146E+03,  1.8725291E+04,3,
  6.0865253E+02,  0.0000000E+00,  2.5437411E+02,2582,  6.4684987E-01,  0.0000000E+00,  5.5530846E-02,  1.0003389E+03,  2.0168840E+04,3,
  6.0933154E+02,  0.0000000E+00,  2.5372963E+02,2807,  8.7571096E-01,  0.0000000E+00, -8.0292553E-01,  1.0003124E+03,  1.8594400E+04,3,
  6.1060443E+02,  0.0000000E+00,  2.5447847E+02,2607,  7.8649181E-01,  0.0000000E+00, -2.0631619E-01,  1.0001754E+03,  1.0431675E+04,3,
  6.1236206E+02,  0.0000000E+00,  2.5536397E+02,2873,  1.0378006E+00,  0.0000000E+00,  2.6674801E-01,  1.0000511E+03,  3.0415896E+03,3,
  6.1051562E+02,  0.0000000E+00,  2.5280830E+02,2843,  3.8262448E-01,  0.0000000E+00, -1.6817239E-01,  1.0007587E+03,  4.5211578E+04,3,
  6.1354956E+02,  0.0000000E+00,  2.5555423E+02,2890,  3.8864416E-01,  0.0000000E+00,  2.4592064E-01,  1.0000842E+03,  5.0093198E+03,3,
  6.1048163E+02,  0.0000000E+00,  2.5262656E+02,2892,  5.1149197E-02,  0.0000000E+00, -1.1948393E-01,  1.0009144E+03,  5.4515781E+04,3,
  6.1265027E+02,  0.0000000E+00,  2.5284047E+02,2506,  7.5429887E-01,  0.0000000E+00,  1.2648904E-01,  1.0008202E+03,  4.8886996E+04,3,
  6.1385846E+02,  0.0000000E+00,  2.5273921E+02,2834,  6.0123646E-01,  0.0000000E+00,  5.3124081E-02,  1.0008983E+03,  5.3556148E+04,3,
  6.1426666E+02,  0.0000000E+00,  2.5579686E+02,2854,  2.4868883E-01,  0.0000000E+00,  2.0695210E-01,  1.0001226E+03,  7.2933936E+03,3,
  6.1514081E+02,  0.0000000E+00,  2.5298750E+02,2690,  5.4284477E-01,  0.0000000E+00,  1.8033516E-02,  1.0004886E+03,  2.9096600E+04,3,
  6.1550909E+02,  0.0000000E+00,  2.5576797E+02,2444,  4.8499843E-01,  0.0000000E+00,  1.5125830E-01,  1.0001495E+03,  8.8914688E+03,3,
  6.1600708E+02,  0.0000000E+00,  2.5288322E+02,2679,  4.8703864E-01,  0.0000000E+00,  3.8383909E-02,  1.0005756E+03,  3.4284492E+04,3,
  6.1703174E+02,  0.0000000E+00,  2.5522827E+02,2692,  5.4043615E-01,  0.0000000E+00,  1.5273647E-01,  1.0001569E+03,  9.3309844E+03,3,
  6.1727118E+02,  0.0000000E+00,  2.5290564E+02,2654,  4.4171777E-01,  0.0000000E+00,  8.3790362E-02,  1.0005354E+03,  3.1884984E+04,3,
  6.1779187E+02,  0.0000000E+00,  2.5306480E+02,2588,  4.3486977E-01,  0.0000000E+00,  1.0308939E-01,  1.0003638E+03,  2.1656244E+04,3,
  6.1837598E+02,  0.0000000E+00,  2.5534402E+02,2672,  3.6123091E-01,  0.0000000E+00,  1.7529865E-01,  1.0001394E+03,  8.2921602E+03,3,
  6.1932117E+02,  0.0000000E+00,  2.5527783E+02,2698,  3.2921705E-01,  0.0000000E+00,  1.6943491E-01,  1.0001359E+03,  8.0851348E+03,3,
  6.1946387E+02,  0.0000000E+00,  2.5267310E+02,2847,  5.3939235E-01,  0.0000000E+00,  1.3212006E-01,  1.0010003E+03,  5.9654871E+04,3,
  6.2080579E+02,  0.0000000E+00,  2.5280527E+02,2874,  4.7751716E-01,  0.0000000E+00,  8.0470890E-02,  1.0008619E+03,  5.1381801E+04,3,
  6.2050763E+02,  0.0000000E+00,  2.5572623E+02,2760,  3.6039603E-01,  0.0000000E+00,  8.9784026E-02,  1.0001274E+03,  7.5766699E+03,3,
  6.2186218E+02,  0.0000000E+00,  2.5558775E+02,2863,  4.3997198E-01,  0.0000000E+00,  4.7515720E-02,  1.0001312E+03,  7.8018438E+03,3,
  6.2205914E+02,  0.0000000E+00,  2.5285811E+02,2855,  4.2972636E-01,  0.0000000E+00,  5.1362775E-02,  1.0007569E+03,  4.5105855E+04,3,
  6.2321985E+02,  0.0000000E+00,  2.5566469E+02,2600,  4.1920945E-01,  0.0000000E+00,  2.5121406E-02,  1.0001602E+03,  9.5307705E+03,3,
  6.2322870E+02,  0.0000000E+00,  2.5279533E+02,2780,  4.0904075E-01,  0.0000000E+00,  5.9954051E-02,  1.0008024E+03,  4.7825797E+04,3,
  6.2450305E+02,  0.0000000E+00,  2.5561955E+02,2751,  4.2848030E-01,  0.0000000E+00,  8.4149279E-03,  1.0001788E+03,  1.0638749E+04,3,
  6.2444916E+02,  0.0000000E+00,  2.5296689E+02,2663,  4.4776013E-01,  0.0000000E+00,  6.7563072E-02,  1.0004857E+03,  2.8921896E+04,3,
  6.2530212E+02,  0.0000000E+00,  2.5301854E+02,2682,  4.3760464E-01,  0.0000000E+00,  7.0977546E-02,  1.0004016E+03,  2.3907773E+04,3,
  6.2588477E+02,  0.0000000E+00,  2.5558942E+02,2829,  4.5874208E-01,  0.0000000E+00, -1.2682724E-02,  1.0001832E+03,  1.0896690E+04,3,
  6.2635712E+02,  0.0000000E+00,  2.5280609E+02,2453,  4.9944285E-01,  0.0000000E+00,  5.1014829E-02,  1.0007269E+03,  4.3312414E+04,3,
  6.2725214E+02,  0.0000000E+00,  2.5555109E+02,2865,  4.7047234E-01,  0.0000000E+00, -3.4726948E-02,  1.0001823E+03,  1.0845828E+04,3,
  6.2759235E+02,  0.0000000E+00,  2.5280444E+02,2611,  4.8273185E-01,  0.0000000E+00,  6.0170395E-03,  1.0007327E+03,  4.3662328E+04,3,
  6.2858411E+02,  0.0000000E+00,  2.5547670E+02,2633,  4.8306364E-01,  0.0000000E+00, -5.3209014E-02,  1.0001838E+03,  1.0936653E+04,3,
  6.2874103E+02,  0.0000000E+00,  2.5293825E+02,2517,  4.9271321E-01,  0.0000000E+00, -3.4068581E-02,  1.0005115E+03,  3.0457932E+04,3,
  6.2993060E+02,  0.0000000E+00,  2.5554340E+02,2838,  5.0605595E-01,  0.0000000E+00, -6.8048537E-02,  1.0001829E+03,  1.0882158E+04,3,
  6.2969879E+02,  0.0000000E+00,  2.5299544E+02,2726,  4.7601995E-01,  0.0000000E+00, -5.5517305E-02,  1.0004162E+03,  2.4777240E+04,3,
  6.3135101E+02,  0.0000000E+00,  2.5556497E+02,2752,  5.0834358E-01,  0.0000000E+00, -7.5021721E-02,  1.0001887E+03,  1.1223667E+04,3,
  6.3070984E+02,  0.0000000E+00,  2.5286272E+02,2461,  5.0333631E-01,  0.0000000E+00, -6.7779958E-02,  1.0006314E+03,  3.7613449E+04,3,
  6.3187891E+02,  0.0000000E+00,  2.5276552E+02,2518,  4.7162181E-01,  0.0000000E+00, -6.4006045E-02,  1.0007708E+03,  4.5933426E+04,3,
  6.3278436E+02,  0.0000000E+00,  2.5554631E+02,2630,  5.1296377E-01,  0.0000000E+00, -7.7133119E-02,  1.0001898E+03,  1.1292696E+04,3,
  6.3305756E+02,  0.0000000E+00,  2.5305125E+02,2719,  4.7119394E-01,  0.0000000E+00, -4.9672216E-02,  1.0003298E+03,  1.9630666E+04,3,
  6.3370892E+02,  0.0000000E+00,  2.5303294E+02,2755,  4.8184615E-01,  0.0000000E+00, -4.4291690E-02,  1.0003522E+03,  2.0961609E+04,3,
  6.3417529E+02,  0.0000000E+00,  2.5556015E+02,2622,  5.2159148E-01,  0.0000000E+00, -7.3361546E-02,  1.0001791E+03,  1.0656914E+04,3,
  6.3476428E+02,  0.0000000E+00,  2.5292728E+02,2462,  5.3435779E-01,  0.0000000E+00, -4.3601993E-02,  1.0005394E+03,  3.2121631E+04,3,
  6.3559637E+02,  0.0000000E+00,  2.5537430E+02,2798,  5.3062379E-01,  0.0000000E+00, -5.8913011E-02,  1.0001757E+03,  1.0453472E+04,3,
  6.3596252E+02,  0.0000000E+00,  2.5274161E+02,2573,  4.9765515E-01,  0.0000000E+00, -5.2667581E-02,  1.0008198E+03,  4.8861465E+04,3,
  6.3704431E+02,  0.0000000E+00,  2.5537286E+02,2837,  5.2868509E-01,  0.0000000E+00, -5.1750522E-02,  1.0001678E+03,  9.9848447E+03,3,
  6.3724963E+02,  0.0000000E+00,  2.5283199E+02,2589,  4.6321058E-01,  0.0000000E+00, -3.4975003E-02,  1.0006652E+03,  3.9631766E+04,3,
  6.3842755E+02,  0.0000000E+00,  2.5541629E+02,2697,  5.3989220E-01,  0.0000000E+00, -5.0451651E-02,  1.0001623E+03,  9.6542764E+03,3,
  6.3828992E+02,  0.0000000E+00,  2.5313506E+02,2525,  5.0020164E-01,  0.0000000E+00, -2.4694575E-02,  1.0002384E+03,  1.4185113E+04,3,
  6.3885748E+02,  0.0000000E+00,  2.5308115E+02,2627,  5.3415340E-01,  0.0000000E+00, -2.2385981E-02,  1.0003258E+03,  1.9390680E+04,3,
  6.3970782E+02,  0.0000000E+00,  2.5534309E+02,2715,  5.3887349E-01,  0.0000000E+00, -4.0987778E-02,  1.0001575E+03,  9.3709414E+03,3,
  6.4037384E+02,  0.0000000E+00,  2.5259773E+02,2764,  5.1475275E-01,  0.0000000E+00, -3.7471950E-02,  1.0010834E+03,  6.4628582E+04,3,
  6.4104987E+02,  0.0000000E+00,  2.5525211E+02,2353,  5.4892117E-01,  0.0000000E+00, -2.1295177E-02,  1.0001456E+03,  8.6590049E+03,3,
  6.4165900E+02,  0.0000000E+00,  2.5291618E+02,2490,  4.8830223E-01,  0.0000000E+00, -3.2270584E-02,  1.0006165E+03,  3.6721008E+04,3,
  6.4253369E+02,  0.0000000E+00,  2.5549704E+02,2595,  5.5849791E-01,  0.0000000E+00, -1.7280517E-02,  1.0001405E+03,  8.3575371E+03,3,
  6.4277582E+02,  0.0000000E+00,  2.5293326E+02,2618,  4.9324271E-01,  0.0000000E+00, -9.9733360E-03,  1.0005455E+03,  3.2489357E+04,3,
  6.4380469E+02,  0.0000000E+00,  2.5304457E+02,2644,  4.8132512E-01,  0.0000000E+00,  1.3344137E-02,  1.0003649E+03,  2.1721709E+04,3,
  6.4399878E+02,  0.0000000E+00,  2.5550795E+02,2820,  5.5945319E-01,  0.0000000E+00, -1.2709479E-02,  1.0001464E+03,  8.7062236E+03,3,
  6.4467352E+02,  0.0000000E+00,  2.5289409E+02,2637,  5.2827042E-01,  0.0000000E+00,  1.7447308E-02,  1.0005631E+03,  3.3537996E+04,3,
  6.4545935E+02,  0.0000000E+00,  2.5532483E+02,2602,  5.6529480E-01,  0.0000000E+00, -3.1945873E-03,  1.0001472E+03,  8.7570752E+03,3,
  6.4579132E+02,  0.0000000E+00,  2.5289101E+02,2590,  5.0735962E-01,  0.0000000E+00,  1.6563527E-02,  1.0005685E+03,  3.3858438E+04,3,
  6.4698676E+02,  0.0000000E+00,  2.5537289E+02,2810,  5.7204562E-01,  0.0000000E+00, -1.2842527E-03,  1.0001379E+03,  8.2049912E+03,3,
  6.4694360E+02,  0.0000000E+00,  2.5288258E+02,2665,  5.1508516E-01,  0.0000000E+00,  1.5778141E-02,  1.0005906E+03,  3.5176719E+04,3,
  6.4779321E+02,  0.0000000E+00,  2.5299940E+02,2544,  5.0283939E-01,  0.0000000E+00,  1.2761528E-02,  1.0004493E+03,  2.6749285E+04,3,
  6.4838977E+02,  0.0000000E+00,  2.5539114E+02,2802,  5.8277148E-01,  0.0000000E+00, -5.3314734E-03,  1.0001292E+03,  7.6819927E+03,3,
  6.4952319E+02,  0.0000000E+00,  2.5271315E+02,2670,  6.7526698E-01,  0.0000000E+00,  2.0796420E-02,  1.0008585E+03,  5.1177523E+04,3,
  6.4985315E+02,  0.0000000E+00,  2.5544902E+02,2801,  5.8474880E-01,  0.0000000E+00, -1.7431187E-02,  1.0001177E+03,  6.9992305E+03,3,
  6.4954419E+02,  0.0000000E+00,  2.5320074E+02,2636,  3.7182471E-01,  0.0000000E+00, -3.1829417E-02,  1.0003313E+03,  1.9717936E+04,3,
  6.5137549E+02,  0.0000000E+00,  2.5536287E+02,2655,  5.7146716E-01,  0.0000000E+00, -3.0757181E-02,  1.0001155E+03,  6.8684941E+03,3,
  6.5140179E+02,  0.0000000E+00,  2.5273186E+02,2754,  5.7089806E-01,  0.0000000E+00, -1.1862855E-02,  1.0008978E+03,  5.3526957E+04,3,
  6.5273907E+02,  0.0000000E+00,  2.5546515E+02,2792,  5.9111315E-01,  0.0000000E+00, -5.9133191E-02,  1.0001208E+03,  7.1880747E+03,3,
  6.5268842E+02,  0.0000000E+00,  2.5278313E+02,2471,  4.8739788E-01,  0.0000000E+00,  9.1843419E-03,  1.0007762E+03,  4.6261559E+04,3,
  6.5432056E+02,  0.0000000E+00,  2.5535870E+02,2661,  7.2119838E-01,  0.0000000E+00, -8.8141069E-02,  1.0001304E+03,  7.7546294E+03,3,
  6.5389746E+02,  0.0000000E+00,  2.5325098E+02,2621,  5.3311872E-01,  0.0000000E+00,  4.9491581E-02,  1.0002186E+03,  1.3004062E+04,3,
  6.5415991E+02,  0.0000000E+00,  2.5314072E+02,2612,  5.4095519E-01,  0.0000000E+00,  4.7014188E-02,  1.0004129E+03,  2.4580785E+04,3,
  6.5595728E+02,  0.0000000E+00,  2.5516934E+02,2757,  7.1801418E-01,  0.0000000E+00, -1.0938745E-01,  1.0001624E+03,  9.6579092E+03,3,
  6.5588721E+02,  0.0000000E+00,  2.5269849E+02,2653,  5.7886934E-01,  0.0000000E+00, -1.9942101E-02,  1.0011760E+03,  7.0167578E+04,3,
  6.5741760E+02,  0.0000000E+00,  2.5503542E+02,2793,  6.9520348E-01,  0.0000000E+00, -1.0068830E-01,  1.0001810E+03,  1.0765902E+04,3,
  6.5742700E+02,  0.0000000E+00,  2.5318883E+02,2481,  5.9117317E-01,  0.0000000E+00, -1.3211878E-01,  1.0002465E+03,  1.4668477E+04,3,
  6.5810229E+02,  0.0000000E+00,  2.5286472E+02,2638,  6.9147718E-01,  0.0000000E+00, -2.9369453E-01,  1.0004024E+03,  2.3955064E+04,3,
  6.5888635E+02,  0.0000000E+00,  2.5490291E+02,2537,  6.5161973E-01,  0.0000000E+00, -5.4685507E-02,  1.0002132E+03,  1.2684294E+04,3,
  6.5908990E+02,  0.0000000E+00,  2.5148126E+02,2702,  4.4516882E-01,  0.0000000E+00, -3.9637196E-01,  1.0010615E+03,  6.3313703E+04,3,
  6.6015973E+02,  0.0000000E+00,  2.5493013E+02,2452,  5.7985276E-01,  0.0000000E+00, -1.3250043E-02,  1.0002930E+03,  1.7438271E+04,3,
  6.6131256E+02,  0.0000000E+00,  2.5503500E+02,2509,  5.0866723E-01,  0.0000000E+00, -3.1193135E-02,  1.0003561E+03,  2.1197998E+04,3,
  6.6242346E+02,  0.0000000E+00,  2.5499420E+02,2763,  5.3419513E-01,  0.0000000E+00, -6.4725630E-02,  1.0003694E+03,  2.1987213E+04,3,
  6.6404187E+02,  0.0000000E+00,  2.5362872E+02,2426,  3.6392501E-01,  0.0000000E+00, -2.3180111E-03,  1.0004421E+03,  2.6319914E+04,3,
  6.6386090E+02,  0.0000000E+00,  2.5501588E+02,2744,  7.3144478E-01,  0.0000000E+00, -5.3727601E-02,  1.0002935E+03,  1.7463721E+04,3,
  6.6570032E+02,  0.0000000E+00,  2.5477676E+02,2491,  6.3396960E-01,  0.0000000E+00, -4.8637819E-02,  1.0003139E+03,  1.8681660E+04,3,
  6.6676971E+02,  0.0000000E+00,  2.5477557E+02,2604,  5.8879673E-01,  0.0000000E+00, -4.6563625E-02,  1.0003120E+03,  1.8568949E+04,3,
  6.6778992E+02,  0.0000000E+00,  2.5450319E+02,2451,  5.7970518E-01,  0.0000000E+00, -4.9876828E-02,  1.0003550E+03,  2.1128898E+04,3,
  6.6894849E+02,  0.0000000E+00,  2.5455688E+02,2443,  6.2362701E-01,  0.0000000E+00, -3.3358246E-02,  1.0003193E+03,  1.9001621E+04,3,
  6.7009052E+02,  0.0000000E+00,  2.5465799E+02,2783,  6.3272744E-01,  0.0000000E+00, -6.7053032E-03,  1.0002780E+03,  1.6544002E+04,3,
  6.7106628E+02,  0.0000000E+00,  2.5435081E+02,2417,  6.2140673E-01,  0.0000000E+00,  1.1321941E-02,  1.0003157E+03,  1.8790736E+04,3,
  6.7220911E+02,  0.0000000E+00,  2.5457709E+02,2766,  5.9908813E-01,  0.0000000E+00,  1.6821386E-02,  1.0002654E+03,  1.5795203E+04,3,
  6.7318488E+02,  0.0000000E+00,  2.5452829E+02,2566,  6.0480225E-01,  0.0000000E+00,  1.4308972E-02,  1.0002656E+03,  1.5802473E+04,3,
  6.7418024E+02,  0.0000000E+00,  2.5443959E+02,2709,  6.0897666E-01,  0.0000000E+00,  1.1751853E-02,  1.0002623E+03,  1.5606194E+04,3,
  6.7523297E+02,  0.0000000E+00,  2.5436281E+02,2727,  5.9594923E-01,  0.0000000E+00,  8.9946212E-03,  1.0002614E+03,  1.5555309E+04,3,
  6.7617584E+02,  0.0000000E+00,  2.5461360E+02,2739,  5.9221393E-01,  0.0000000E+00,  3.8759824E-04,  1.0002335E+03,  1.3894380E+04,3,
  6.7718445E+02,  0.0000000E+00,  2.5448308E+02,2513,  5.9659356E-01,  0.0000000E+00, -3.8060257E-03,  1.0002569E+03,  1.5286343E+04,3,
  6.7820563E+02,  0.0000000E+00,  2.5477525E+02,2407,  5.9816509E-01,  0.0000000E+00, -9.9812737E-03,  1.0002326E+03,  1.3839868E+04,3,
  6.7911945E+02,  0.0000000E+00,  2.5419965E+02,2647,  6.1145210E-01,  0.0000000E+00,  7.0468658E-03,  1.0003033E+03,  1.8052676E+04,3,
  6.8025073E+02,  0.0000000E+00,  2.5469769E+02,2616,  5.9693831E-01,  0.0000000E+00, -8.8430466E-03,  1.0002388E+03,  1.4210553E+04,3,
  6.8116418E+02,  0.0000000E+00,  2.5434688E+02,2583,  6.1796951E-01,  0.0000000E+00, -4.2252559E-03,  1.0002777E+03,  1.6525826E+04,3,
  6.8224841E+02,  0.0000000E+00,  2.5454900E+02,2625,  6.1292183E-01,  0.0000000E+00, -1.8285970E-03,  1.0002398E+03,  1.4268701E+04,3,
  6.8323322E+02,  0.0000000E+00,  2.5431628E+02,2510,  6.0731941E-01,  0.0000000E+00,  4.3717045E-03,  1.0002612E+03,  1.5540770E+04,3,
  6.8425922E+02,  0.0000000E+00,  2.5450803E+02,2729,  6.0087770E-01,  0.0000000E+00, -9.3357638E-04,  1.0002399E+03,  1.4272335E+04,3,
  6.8524896E+02,  0.0000000E+00,  2.5453452E+02,2701,  6.0323787E-01,  0.0000000E+00, -9.2709577E-03,  1.0002438E+03,  1.4508564E+04,3,
  6.8625226E+02,  0.0000000E+00,  2.5449757E+02,2398,  6.0937333E-01,  0.0000000E+00, -1.3259202E-02,  1.0002473E+03,  1.4712089E+04,3,
  6.8729279E+02,  0.0000000E+00,  2.5453531E+02,2558,  6.0878849E-01,  0.0000000E+00, -1.3040503E-02,  1.0002397E+03,  1.4265066E+04,3,
  6.8827179E+02,  0.0000000E+00,  2.5444205E+02,2498,  6.1337906E-01,  0.0000000E+00, -3.7581050E-03,  1.0002410E+03,  1.4337752E+04,3,
  6.8928003E+02,  0.0000000E+00,  2.5441049E+02,2381,  6.1604762E-01,  0.0000000E+00,  5.3023221E-03,  1.0002392E+03,  1.4232358E+04,3,
  6.9030310E+02,  0.0000000E+00,  2.5461609E+02,2684,  6.2029970E-01,  0.0000000E+00,  9.6521694E-03,  1.0002183E+03,  1.2989527E+04,3,
  6.9122272E+02,  0.0000000E+00,  2.5415826E+02,2464,  6.1194855E-01,  0.0000000E+00,  2.3161560E-02,  1.0002372E+03,  1.4116063E+04,3,
  6.9223138E+02,  0.0000000E+00,  2.5458279E+02,2675,  6.0379297E-01,  0.0000000E+00,  2.0702513E-02,  1.0002072E+03,  1.2324567E+04,3,
  6.9318567E+02,  0.0000000E+00,  2.5433868E+02,2548,  5.8495343E-01,  0.0000000E+00,  3.3971623E-02,  1.0002134E+03,  1.2695195E+04,3,
  6.9412354E+02,  0.0000000E+00,  2.5444398E+02,2556,  5.8331293E-01,  0.0000000E+00,  3.5914376E-02,  1.0002124E+03,  1.2637057E+04,3,
  6.9505597E+02,  0.0000000E+00,  2.5462370E+02,2693,  6.1951149E-01,  0.0000000E+00,  3.9205767E-02,  1.0002213E+03,  1.3163950E+04,3,
  7.0024823E+02,  0.0000000E+00,  2.5143851E+02,2557,  1.7646949E-01,  0.0000000E+00,  1.4521731E-01,  1.0006243E+03,  3.7187254E+04,3,
  6.9614569E+02,  0.0000000E+00,  2.5430537E+02,2435,  6.2392914E-01,  0.0000000E+00,  7.2892711E-02,  1.0002539E+03,  1.5108248E+04,3,
  7.0199066E+02,  0.0000000E+00,  2.5255350E+02,2565,  9.0955532E-01,  0.0000000E+00,  5.7182932E-01,  1.0006727E+03,  4.0076285E+04,3,
  6.9719934E+02,  0.0000000E+00,  2.5453845E+02,2489,  5.7084811E-01,  0.0000000E+00,  7.3680036E-02,  1.0002377E+03,  1.4145137E+04,3,
  6.9811700E+02,  0.0000000E+00,  2.5462225E+02,2372,  5.5916876E-01,  0.0000000E+00,  5.9940122E-02,  1.0002103E+03,  1.2509880E+04,3,
  6.9907581E+02,  0.0000000E+00,  2.5446791E+02,2562,  5.1544029E-01,  0.0000000E+00,  3.7872232E-02,  1.0001575E+03,  9.3673086E+03,3,
  7.0011841E+02,  0.0000000E+00,  2.5480942E+02,2676,  6.1893910E-01,  0.0000000E+00, -4.7793109E-02,  1.0001412E+03,  8.4011230E+03,3,
  7.0101263E+02,  0.0000000E+00,  2.5468637E+02,2545,  6.4508730E-01,  0.0000000E+00, -8.8134728E-02,  1.0001130E+03,  6.7196021E+03,3,
  7.0220172E+02,  0.0000000E+00,  2.5463824E+02,2541,  6.2891454E-01,  0.0000000E+00, -1.3727498E-01,  1.0001196E+03,  7.1154419E+03,3,
  7.0384399E+02,  0.0000000E+00,  2.5349409E+02,2484,  9.5683402E-01,  0.0000000E+00, -6.8711275E-01,  9.9955054E+02, -2.6688131E+04,3,
  7.0342163E+02,  0.0000000E+00,  2.5294441E+02,2494,  7.7416009E-01,  0.0000000E+00,  1.3468367E-01,  1.0010555E+03,  6.2955793E+04,3,
  7.0514716E+02,  0.0000000E+00,  2.5407663E+02,2354,  6.3517636E-01,  0.0000000E+00, -1.7660837E-01,  1.0002754E+03,  1.6387695E+04,3,
  7.0550122E+02,  0.0000000E+00,  2.5296597E+02,2522,  9.8904347E-01,  0.0000000E+00, -7.0039377E-02,  1.0010108E+03,  6.0282836E+04,3,
  7.0695013E+02,  0.0000000E+00,  2.5365657E+02,2564,  9.0067500E-01,  0.0000000E+00, -2.0207159E-01,  1.0003803E+03,  2.2638270E+04,3,
  7.0694067E+02,  0.0000000E+00,  2.5326538E+02,2408,  8.6731666E-01,  0.0000000E+00,  1.5922633E-01,  9.9983105E+02, -1.0040051E+04,3,
  7.0805475E+02,  0.0000000E+00,  2.5250906E+02,2613,  8.9244276E-01,  0.0000000E+00,  1.6886137E-02,  1.0012330E+03,  7.3585312E+04,3,
  7.0911121E+02,  0.0000000E+00,  2.5458130E+02,2639,  1.0542930E+00,  0.0000000E+00, -1.6697001E-02,  1.0001598E+03,  9.5053428E+03,3,
  7.0988898E+02,  0.0000000E+00,  2.5311510E+02,2539,  7.9015774E-01,  0.0000000E+00,  9.8718517E-02,  1.0003134E+03,  1.8648938E+04,3,
  7.1045093E+02,  0.0000000E+00,  2.5302800E+02,2363,  1.0050118E+00,  0.0000000E+00, -1.0986656E-02,  1.0003563E+03,  2.1208908E+04,3,
  7.1084601E+02,  0.0000000E+00,  2.5487613E+02,2486,  9.5916170E-01,  0.0000000E+00, -1.7473930E-02,  1.0001498E+03,  8.9132617E+03,3,
  7.1236780E+02,  0.0000000E+00,  2.5474864E+02,2362,  1.0329903E+00,  0.0000000E+00, -5.0126329E-02,  1.0001500E+03,  8.9205264E+03,3,
  7.1171838E+02,  0.0000000E+00,  2.5282700E+02,2438,  9.5015442E-01,  0.0000000E+00, -2.9026266E-02,  1.0005247E+03,  3.1244242E+04,3,
  7.1293561E+02,  0.0000000E+00,  2.5286720E+02,2631,  8.1104445E-01,  0.0000000E+00, -1.1112528E-02,  1.0005056E+03,  3.0104842E+04,3,
  7.1386163E+02,  0.0000000E+00,  2.5440250E+02,2667,  1.1552558E+00,  0.0000000E+00, -1.6346899E-01,  1.0001666E+03,  9.9085596E+03,3,
  7.1385925E+02,  0.0000000E+00,  2.5311014E+02,2536,  7.5557870E-01,  0.0000000E+00,  5.8377873E-02,  1.0003446E+03,  2.0510670E+04,3,
  7.1550916E+02,  0.0000000E+00,  2.5282623E+02,2575,  1.0660141E+00,  0.0000000E+00,  1.1388537E-01,  1.0011657E+03,  6.9553609E+04,3,
  7.1627917E+02,  0.0000000E+00,  2.5374983E+02,2465,  1.1901965E+00,  0.0000000E+00, -2.9224936E-02,  1.0002049E+03,  1.2190128E+04,3,
  7.1727820E+02,  0.0000000E+00,  2.5358783E+02,2409,  1.0692368E+00,  0.0000000E+00,  2.1647143E-01,  1.0003542E+03,  2.1085258E+04,3,
  7.1776001E+02,  0.0000000E+00,  2.5289589E+02,2317,  1.0156329E+00,  0.0000000E+00, -6.6625053E-01,  1.0004409E+03,  2.6247141E+04,3,
  7.1888989E+02,  0.0000000E+00,  2.5464825E+02,2640,  8.8770050E-01,  0.0000000E+00,  6.8049125E-02,  1.0001603E+03,  9.5380352E+03,3,
  7.1916443E+02,  0.0000000E+00,  2.5197925E+02,2366,  8.1496525E-01,  0.0000000E+00, -6.1109173E-01,  1.0005067E+03,  3.0170363E+04,3,
  7.2004132E+02,  0.0000000E+00,  2.5492505E+02,2307,  6.4447880E-01,  0.0000000E+00, -2.0642350E-03,  1.0001887E+03,  1.1223667E+04,3,
  7.2111572E+02,  0.0000000E+00,  2.5417189E+02,2603,  6.7533576E-01,  0.0000000E+00, -5.6214929E-02,  1.0002812E+03,  1.6733027E+04,3,
  7.2187866E+02,  0.0000000E+00,  2.5475363E+02,2380,  6.1713988E-01,  0.0000000E+00, -4.7192857E-02,  1.0002310E+03,  1.3745383E+04,3,
  7.2315393E+02,  0.0000000E+00,  2.5426833E+02,2344,  6.3966203E-01,  0.0000000E+00, -6.2111899E-02,  1.0003279E+03,  1.9514309E+04,3,
  7.2402631E+02,  0.0000000E+00,  2.5468845E+02,2468,  6.7156726E-01,  0.0000000E+00, -3.1121552E-02,  1.0002649E+03,  1.5762490E+04,3,
  7.2520392E+02,  0.0000000E+00,  2.5449289E+02,2390,  6.6605800E-01,  0.0000000E+00,  7.4107107E-03,  1.0002863E+03,  1.7034750E+04,3,
  7.2631287E+02,  0.0000000E+00,  2.5441769E+02,2519,  6.5158206E-01,  0.0000000E+00,  2.8571220E-02,  1.0003004E+03,  1.7878166E+04,3,
  7.2736591E+02,  0.0000000E+00,  2.5470583E+02,2472,  6.2206155E-01,  0.0000000E+00,  1.9580968E-02,  1.0002704E+03,  1.6093262E+04,3,
  7.2845868E+02,  0.0000000E+00,  2.5473160E+02,2610,  6.5408736E-01,  0.0000000E+00,  2.4373140E-02,  1.0002560E+03,  1.5231823E+04,3,
  7.2935950E+02,  0.0000000E+00,  2.5409337E+02,2411,  6.4497727E-01,  0.0000000E+00,  2.0780351E-02,  1.0003403E+03,  2.0252479E+04,3,
  7.3053644E+02,  0.0000000E+00,  2.5470755E+02,2594,  6.4036155E-01,  0.0000000E+00,  4.5543853E-02,  1.0002510E+03,  1.4937425E+04,3,
  7.3157593E+02,  0.0000000E+00,  2.5468007E+02,2485,  6.2355989E-01,  0.0000000E+00,  5.4773003E-02,  1.0002390E+03,  1.4221456E+04,3,
  7.3256012E+02,  0.0000000E+00,  2.5376030E+02,2585,  5.9460229E-01,  0.0000000E+00,  3.2905284E-02,  1.0003547E+03,  2.1110715E+04,3,
  7.3343652E+02,  0.0000000E+00,  2.5475325E+02,2469,  5.8492607E-01,  0.0000000E+00,  4.9333103E-02,  1.0002241E+03,  1.3334742E+04,3,
  7.3448816E+02,  0.0000000E+00,  2.5450822E+02,2568,  5.7180756E-01,  0.0000000E+00,  3.6346532E-02,  1.0002612E+03,  1.5540770E+04,3,
  7.3566864E+02,  0.0000000E+00,  2.5420926E+02,2423,  6.2131149E-01,  0.0000000E+00,  1.7559182E-02,  1.0003379E+03,  2.0110658E+04,3,
  7.3667615E+02,  0.0000000E+00,  2.5460645E+02,2450,  5.6939965E-01,  0.0000000E+00,  6.5118156E-02,  1.0002916E+03,  1.7351023E+04,3,
  7.4183032E+02,  0.0000000E+00,  2.5236588E+02,2474,  1.0744486E+00,  0.0000000E+00,  6.9955856E-01,  1.0006815E+03,  4.0600992E+04,3,
  7.3776746E+02,  0.0000000E+00,  2.5459850E+02,2511,  5.4129565E-01,  0.0000000E+00,  8.4648170E-02,  1.0003073E+03,  1.8285359E+04,3,
  7.3880481E+02,  0.0000000E+00,  2.5471994E+02,2336,  5.3793675E-01,  0.0000000E+00,  7.7949911E-02,  1.0002654E+03,  1.5791568E+04,3,
  7.3987701E+02,  0.0000000E+00,  2.5480128E+02,2326,  5.4924506E-01,  0.0000000E+00,  4.7203887E-02,  1.0002217E+03,  1.3189388E+04,3,
  7.4100256E+02,  0.0000000E+00,  2.5473859E+02,2402,  5.5285585E-01,  0.0000000E+00,  9.4481818E-03,  1.0001978E+03,  1.1765019E+04,3,
  7.4238922E+02,  0.0000000E+00,  2.5454817E+02,2503,  7.2284108E-01,  0.0000000E+00, -4.2374749E-02,  1.0002428E+03,  1.4446780E+04,3,
  7.4339874E+02,  0.0000000E+00,  2.5296809E+02,2439,  8.8140422E-01,  0.0000000E+00,  2.1973160E-01,  1.0004913E+03,  2.9256746E+04,3,
  7.4409015E+02,  0.0000000E+00,  2.5430951E+02,2502,  8.0527604E-01,  0.0000000E+00, -5.6352511E-02,  1.0004045E+03,  2.4078750E+04,3,
  7.4489435E+02,  0.0000000E+00,  2.5310863E+02,2373,  1.0058306E+00,  0.0000000E+00, -2.3371834E-02,  1.0003723E+03,  2.2158156E+04,3,
  7.4605078E+02,  0.0000000E+00,  2.5307014E+02,2430,  8.8990051E-01,  0.0000000E+00, -8.2694761E-02,  1.0002593E+03,  1.5428094E+04,3,
  7.4617273E+02,  0.0000000E+00,  2.5461043E+02,2559,  9.7587866E-01,  0.0000000E+00, -4.4959512E-02,  1.0002477E+03,  1.4737530E+04,3,
  7.4686310E+02,  0.0000000E+00,  2.5295587E+02,2405,  8.1951702E-01,  0.0000000E+00, -6.6946536E-02,  1.0003884E+03,  2.3118406E+04,3,
  7.4846729E+02,  0.0000000E+00,  2.5437918E+02,2501,  9.8144120E-01,  0.0000000E+00, -1.5275791E-02,  1.0002498E+03,  1.4861102E+04,3,
  7.4796606E+02,  0.0000000E+00,  2.5283549E+02,2337,  7.7768445E-01,  0.0000000E+00, -2.0183528E-02,  1.0005513E+03,  3.2835250E+04,3,
  7.4926862E+02,  0.0000000E+00,  2.5292097E+02,2528,  1.0277784E+00,  0.0000000E+00,  3.9908394E-02,  1.0005425E+03,  3.2310955E+04,3,
  7.5070056E+02,  0.0000000E+00,  2.5284636E+02,2449,  8.8824517E-01,  0.0000000E+00, -1.4065283E-02,  1.0006490E+03,  3.8662633E+04,3,
  7.5068665E+02,  0.0000000E+00,  2.5421959E+02,2577,  7.9620337E-01,  0.0000000E+00,  5.7920486E-02,  1.0002273E+03,  1.3523708E+04,3,
  7.5210034E+02,  0.0000000E+00,  2.5282321E+02,2374,  8.8260198E-01,  0.0000000E+00,  3.3058930E-02,  1.0006198E+03,  3.6917703E+04,3,
  7.5275671E+02,  0.0000000E+00,  2.5390277E+02,2432,  8.4956771E-01,  0.0000000E+00,  1.8759072E-02,  1.0002947E+03,  1.7536430E+04,3,
  7.5343927E+02,  0.0000000E+00,  2.5290570E+02,2378,  9.5980334E-01,  0.0000000E+00,  6.6386402E-02,  1.0004586E+03,  2.7306039E+04,3,
  7.5563568E+02,  0.0000000E+00,  2.5280917E+02,2410,  8.8939708E-01,  0.0000000E+00,  1.1904621E-02,  1.0007339E+03,  4.3735227E+04,3,
  7.5469269E+02,  0.0000000E+00,  2.5334227E+02,2399,  8.6560440E-01,  0.0000000E+00, -1.3344252E-02,  1.0007559E+03,  4.5043883E+04,3,
  7.5665424E+02,  0.0000000E+00,  2.5315347E+02,2383,  9.0904582E-01,  0.0000000E+00, -3.3874575E-03,  1.0001808E+03,  1.0755004E+04,3,
  7.5724957E+02,  0.0000000E+00,  2.5423558E+02,2550,  8.7608117E-01,  0.0000000E+00,  1.0116066E-02,  1.0001534E+03,  9.1239375E+03,3,
  7.5788263E+02,  0.0000000E+00,  2.5286511E+02,2477,  9.1377878E-01,  0.0000000E+00, -8.5736364E-03,  1.0007696E+03,  4.5864156E+04,3,
  7.5942944E+02,  0.0000000E+00,  2.5269363E+02,2487,  9.0199596E-01,  0.0000000E+00, -1.3873214E-02,  1.0010459E+03,  6.2382434E+04,3,
  7.5958093E+02,  0.0000000E+00,  2.5466220E+02,2281,  8.3926475E-01,  0.0000000E+00,  7.8475121E-03,  1.0000727E+03,  4.3231113E+03,3,
  7.6084955E+02,  0.0000000E+00,  2.5302307E+02,2456,  8.8310796E-01,  0.0000000E+00, -1.2046728E-02,  1.0005499E+03,  3.2751508E+04,3,
  7.6203674E+02,  0.0000000E+00,  2.5286179E+02,2442,  9.0035701E-01,  0.0000000E+00, -7.9424866E-03,  1.0006314E+03,  3.7613449E+04,3,
  7.6317548E+02,  0.0000000E+00,  2.5303677E+02,2356,  9.2543125E-01,  0.0000000E+00, -1.7428121E-02,  1.0003917E+03,  2.3318471E+04,3,
  7.6205621E+02,  0.0000000E+00,  2.5468411E+02,2448,  8.5422772E-01,  0.0000000E+00,  2.1851782E-02,  1.0001102E+03,  6.5525552E+03,3,
  7.6401404E+02,  0.0000000E+00,  2.5478310E+02,2538,  7.1578383E-01,  0.0000000E+00,  3.0819641E-02,  1.0000786E+03,  4.6716558E+03,3,
  7.6442493E+02,  0.0000000E+00,  2.5284203E+02,2422,  9.0270126E-01,  0.0000000E+00,  9.0260357E-03,  1.0007520E+03,  4.4810570E+04,3,
  7.6557135E+02,  0.0000000E+00,  2.5313890E+02,2310,  8.7155634E-01,  0.0000000E+00,  4.8316263E-02,  1.0004437E+03,  2.6414520E+04,3,
  7.6660419E+02,  0.0000000E+00,  2.5271707E+02,2441,  8.5250103E-01,  0.0000000E+00,  2.2617212E-02,  1.0009344E+03,  5.5716367E+04,3,
  7.6733765E+02,  0.0000000E+00,  2.5443930E+02,2482,  9.2318124E-01,  0.0000000E+00,  4.3196436E-02,  1.0001928E+03,  1.1470723E+04,3,
  7.6833002E+02,  0.0000000E+00,  2.5300497E+02,2292,  8.3108246E-01,  0.0000000E+00,  5.8699087E-03,  1.0003636E+03,  2.1645332E+04,3,
  7.6922748E+02,  0.0000000E+00,  2.5295186E+02,2365,  8.3952129E-01,  0.0000000E+00, -1.2997051E-02,  1.0004020E+03,  2.3929600E+04,3,
  7.6943964E+02,  0.0000000E+00,  2.5463383E+02,2504,  8.1270611E-01,  0.0000000E+00,  5.3814981E-02,  1.0002151E+03,  1.2796938E+04,3,
  7.6999133E+02,  0.0000000E+00,  2.5306013E+02,2359,  8.8600504E-01,  0.0000000E+00, -4.0241227E-02,  1.0002007E+03,  1.1943054E+04,3,
  7.7105359E+02,  0.0000000E+00,  2.5290172E+02,2382,  9.3819654E-01,  0.0000000E+00, -5.7837237E-03,  1.0004753E+03,  2.8299543E+04,3,
  7.7149762E+02,  0.0000000E+00,  2.5446507E+02,2521,  6.5221637E-01,  0.0000000E+00,  1.0762285E-01,  1.0002339E+03,  1.3919819E+04,3,
  7.7271460E+02,  0.0000000E+00,  2.5285799E+02,2437,  7.8743792E-01,  0.0000000E+00,  1.0764868E-02,  1.0005867E+03,  3.4943641E+04,3,
  7.7306995E+02,  0.0000000E+00,  2.5301929E+02,2394,  7.8846502E-01,  0.0000000E+00,  1.6874351E-02,  1.0004008E+03,  2.3856844E+04,3,
  7.7441711E+02,  0.0000000E+00,  2.5480716E+02,2523,  5.5120087E-01,  0.0000000E+00,  1.2287706E-01,  1.0000960E+03,  5.7101006E+03,3,
  7.7473077E+02,  0.0000000E+00,  2.5293375E+02,2334,  9.4717652E-01,  0.0000000E+00,  6.3178446E-03,  1.0009695E+03,  5.7815004E+04,3,
  7.7597058E+02,  0.0000000E+00,  2.5352953E+02,2318,  8.9829266E-01,  0.0000000E+00,  4.8051831E-01,  1.0005784E+03,  3.4452008E+04,3,
  7.7746179E+02,  0.0000000E+00,  2.5309937E+02,2421,  4.3629530E-01,  0.0000000E+00, -1.9160302E-01,  1.0004869E+03,  2.8994689E+04,3,
  7.7772076E+02,  0.0000000E+00,  2.5284048E+02,2385,  4.9831301E-01,  0.0000000E+00, -3.8361815E-01,  1.0004967E+03,  2.9577049E+04,3,
  7.7889331E+02,  0.0000000E+00,  2.5499873E+02,2386,  1.0044318E+00,  0.0000000E+00,  7.3699839E-02,  1.0001391E+03,  8.2740000E+03,3,
  7.7976202E+02,  0.0000000E+00,  2.5406442E+02,2346,  9.5112360E-01,  0.0000000E+00,  9.9776231E-02,  1.0002079E+03,  1.2371804E+04,3,
  7.8106293E+02,  0.0000000E+00,  2.5508583E+02,2424,  3.8114050E-01,  0.0000000E+00,  1.4512978E-01,  1.0002352E+03,  1.3992502E+04,3,
  7.7909808E+02,  0.0000000E+00,  2.5156134E+02,2228,  3.5473189E-01,  0.0000000E+00, -2.7213356E-01,  1.0006378E+03,  3.7995953E+04,3,
  7.8205408E+02,  0.0000000E+00,  2.5492104E+02,2455,  5.1850599E-01,  0.0000000E+00,  7.9723477E-02,  1.0002825E+03,  1.6813002E+04,3,
  7.8308795E+02,  0.0000000E+00,  2.5386948E+02,2393,  4.1514945E-01,  0.0000000E+00, -3.2602996E-02,  1.0003667E+03,  2.1827182E+04,3,
  7.8414240E+02,  0.0000000E+00,  2.5453752E+02,2299,  6.6401488E-01,  0.0000000E+00, -5.0492246E-02,  1.0002549E+03,  1.5170035E+04,3,
  7.8549231E+02,  0.0000000E+00,  2.5394336E+02,2400,  5.6404102E-01,  0.0000000E+00,  5.2961409E-02,  1.0002379E+03,  1.4152405E+04,3,
  7.8622540E+02,  0.0000000E+00,  2.5485170E+02,2512,  5.4897690E-01,  0.0000000E+00,  1.9365948E-02,  1.0002462E+03,  1.4650305E+04,3,
  7.8761237E+02,  0.0000000E+00,  2.5409845E+02,2384,  4.7888944E-01,  0.0000000E+00,  3.1232351E-02,  1.0003259E+03,  1.9397951E+04,3,
  7.8851904E+02,  0.0000000E+00,  2.5493529E+02,2514,  5.8423573E-01,  0.0000000E+00,  2.6457601E-03,  1.0002712E+03,  1.6136881E+04,3,
  7.8973212E+02,  0.0000000E+00,  2.5400159E+02,2493,  5.4787648E-01,  0.0000000E+00,  8.0092216E-04,  1.0003122E+03,  1.8579857E+04,3,
  7.9101483E+02,  0.0000000E+00,  2.5473042E+02,2395,  5.3338623E-01,  0.0000000E+00,  4.9580023E-05,  1.0002520E+03,  1.4995577E+04,3,
  7.9195135E+02,  0.0000000E+00,  2.5398282E+02,2375,  5.1540673E-01,  0.0000000E+00,  7.2307531E-03,  1.0002785E+03,  1.6573082E+04,3,
  7.9313501E+02,  0.0000000E+00,  2.5470241E+02,2343,  5.0171584E-01,  0.0000000E+00, -1.7017440E-03,  1.0002479E+03,  1.4752067E+04,3,
  7.9415100E+02,  0.0000000E+00,  2.5419254E+02,2283,  5.4038680E-01,  0.0000000E+00,  1.6024446E-02,  1.0002651E+03,  1.5777029E+04,3,
  7.9536115E+02,  0.0000000E+00,  2.5450363E+02,2415,  5.3284830E-01,  0.0000000E+00,  1.1000421E-02,  1.0002689E+03,  1.6002390E+04,3,
  7.9650757E+02,  0.0000000E+00,  2.5460759E+02,2478,  5.2259004E-01,  0.0000000E+00,  1.2554116E-02,  1.0002749E+03,  1.6358614E+04,3,
  7.9770703E+02,  0.0000000E+00,  2.5416718E+02,2332,  5.1735145E-01,  0.0000000E+00,  1.7657204E-02,  1.0003155E+03,  1.8776193E+04,3,
  7.9884613E+02,  0.0000000E+00,  2.5462979E+02,2505,  5.2821100E-01,  0.0000000E+00,  1.2684456E-02,  1.0002940E+03,  1.7496439E+04,3,
  8.0015692E+02,  0.0000000E+00,  2.5463869E+02,2476,  4.9951243E-01,  0.0000000E+00,  1.7262034E-02,  1.0002921E+03,  1.7380105E+04,3,
  8.0126184E+02,  0.0000000E+00,  2.5418959E+02,2291,  4.9228498E-01,  0.0000000E+00,  1.7515164E-02,  1.0003146E+03,  1.8725291E+04,3,
  8.0254303E+02,  0.0000000E+00,  2.5469830E+02,2379,  4.8179886E-01,  0.0000000E+00,  1.3344748E-02,  1.0002617E+03,  1.5573482E+04,3,
  8.0355701E+02,  0.0000000E+00,  2.5412280E+02,2257,  4.6087116E-01,  0.0000000E+00,  6.0154247E-04,  1.0002982E+03,  1.7743652E+04,3,
  8.0484528E+02,  0.0000000E+00,  2.5467340E+02,2440,  4.5022890E-01,  0.0000000E+00, -8.5285231E-03,  1.0002450E+03,  1.4577617E+04,3,
  8.0576941E+02,  0.0000000E+00,  2.5399557E+02,2239,  4.8015079E-01,  0.0000000E+00,  7.4933805E-03,  1.0002733E+03,  1.6260470E+04,3,
  8.0690118E+02,  0.0000000E+00,  2.5458101E+02,2341,  4.6913314E-01,  0.0000000E+00, -5.8360375E-03,  1.0002604E+03,  1.5497153E+04,3,
  8.0806458E+02,  0.0000000E+00,  2.5454854E+02,2496,  4.5665827E-01,  0.0000000E+00, -1.1615354E-02,  1.0002717E+03,  1.6165960E+04,3,
  8.0916541E+02,  0.0000000E+00,  2.5417407E+02,2367,  4.5413858E-01,  0.0000000E+00, -1.5047866E-02,  1.0003066E+03,  1.8249002E+04,3,
  8.1033655E+02,  0.0000000E+00,  2.5453154E+02,2032,  4.7897044E-01,  0.0000000E+00, -4.7560763E-02,  1.0002590E+03,  1.5413556E+04,3,
  8.1140704E+02,  0.0000000E+00,  2.5418964E+02,2201,  5.0302142E-01,  0.0000000E+00, -5.0336502E-02,  1.0002913E+03,  1.7332846E+04,3,
  8.1259045E+02,  0.0000000E+00,  2.5437370E+02,2433,  5.0512606E-01,  0.0000000E+00, -6.6166282E-02,  1.0002577E+03,  1.5333593E+04,3,
  8.1366211E+02,  0.0000000E+00,  2.5432022E+02,2459,  4.8795292E-01,  0.0000000E+00, -7.4919522E-02,  1.0002528E+03,  1.5042826E+04,3,
  8.1470245E+02,  0.0000000E+00,  2.5400967E+02,2264,  5.6162775E-01,  0.0000000E+00, -8.2787864E-02,  1.0003090E+03,  1.8387160E+04,3,
  8.1583704E+02,  0.0000000E+00,  2.5438177E+02,2235,  5.8240253E-01,  0.0000000E+00, -6.0459752E-02,  1.0002654E+03,  1.5795203E+04,3,
  8.1693097E+02,  0.0000000E+00,  2.5409904E+02,2267,  5.2997398E-01,  0.0000000E+00, -1.9726841E-02,  1.0003185E+03,  1.8954354E+04,3,
  8.1788977E+02,  0.0000000E+00,  2.5445386E+02,2364,  5.7225055E-01,  0.0000000E+00, -5.2733645E-02,  1.0002343E+03,  1.3937989E+04,3,
  8.2212299E+02,  0.0000000E+00,  2.5247232E+02,2192,  7.1954656E-01,  0.0000000E+00,  8.4759873E-01,  1.0003512E+03,  2.0903422E+04,3,
  8.1883807E+02,  0.0000000E+00,  2.5411948E+02,2321,  5.0662297E-01,  0.0000000E+00, -9.4857454E-02,  1.0002571E+03,  1.5297247E+04,3,
  8.2011749E+02,  0.0000000E+00,  2.5440298E+02,2406,  4.6173456E-01,  0.0000000E+00, -2.2578169E-01,  1.0002070E+03,  1.2313667E+04,3,
  8.2138300E+02,  0.0000000E+00,  2.5387544E+02,2277,  1.0187011E+00,  0.0000000E+00, -3.5378957E-01,  1.0003806E+03,  2.2652818E+04,3,
  8.2297394E+02,  0.0000000E+00,  2.5408794E+02,2460,  1.4905630E+00,  0.0000000E+00, -6.1601739E-02,  1.0004012E+03,  2.3885947E+04,3,
  8.2336279E+02,  0.0000000E+00,  2.5289586E+02,2325,  6.9064629E-01,  0.0000000E+00,  2.7431777E-01,  1.0001616E+03,  9.6143184E+03,3,
  8.2454797E+02,  0.0000000E+00,  2.5372321E+02,2289,  1.0845045E+00,  0.0000000E+00,  4.0168780E-01,  1.0008481E+03,  5.0553777E+04,3,
  8.2612219E+02,  0.0000000E+00,  2.5298785E+02,2211,  8.3746618E-01,  0.0000000E+00, -3.8221079E-01,  1.0001672E+03,  9.9485186E+03,3,
  8.2672626E+02,  0.0000000E+00,  2.5292654E+02,2168,  8.8074696E-01,  0.0000000E+00, -2.4474189E-01,  1.0004085E+03,  2.4318852E+04,3,
  8.2658289E+02,  0.0000000E+00,  2.5411058E+02,2272,  7.4564666E-01,  0.0000000E+00, -3.4469422E-02,  1.0003925E+03,  2.3365760E+04,3,
  8.2803296E+02,  0.0000000E+00,  2.5290125E+02,2233,  7.8963399E-01,  0.0000000E+00, -9.0251103E-02,  1.0005408E+03,  3.2209012E+04,3,
  8.2887958E+02,  0.0000000E+00,  2.5318782E+02,2247,  9.0971553E-01,  0.0000000E+00, -3.4305981E-01,  9.9993665E+02, -3.7662119E+03,3,
  8.3011481E+02,  0.0000000E+00,  2.5387149E+02,2209,  7.8548402E-01,  0.0000000E+00, -5.1812887E-02,  1.0003402E+03,  2.0248842E+04,3,
  8.2944897E+02,  0.0000000E+00,  2.5292744E+02,2227,  8.7488270E-01,  0.0000000E+00, -6.0440443E-02,  1.0005538E+03,  3.2980895E+04,3,
  8.3102643E+02,  0.0000000E+00,  2.5303571E+02,2146,  7.7394187E-01,  0.0000000E+00,  2.5551474E-01,  1.0002167E+03,  1.2891416E+04,3,
  8.3206555E+02,  0.0000000E+00,  2.5296863E+02,2191,  7.9942703E-01,  0.0000000E+00,  2.4987049E-01,  1.0003236E+03,  1.9259779E+04,3,
  8.3279889E+02,  0.0000000E+00,  2.5380925E+02,2388,  1.1261246E+00,  0.0000000E+00,  7.7200972E-02,  1.0003400E+03,  2.0237934E+04,3,
  8.3304865E+02,  0.0000000E+00,  2.5300375E+02,2287,  9.0203822E-01,  0.0000000E+00,  1.3152994E-01,  1.0009003E+03,  5.3676551E+04,3,
  8.3479974E+02,  0.0000000E+00,  2.5286491E+02,2404,  7.3018003E-01,  0.0000000E+00,  9.3284864E-03,  9.9924756E+02, -4.4637758E+04,3,
  8.3523987E+02,  0.0000000E+00,  2.5303508E+02,2327,  8.7963349E-01,  0.0000000E+00,  3.2626724E-01,  1.0014083E+03,  8.4090734E+04,3,
  8.3618457E+02,  0.0000000E+00,  2.5285986E+02,2294,  8.4268039E-01,  0.0000000E+00, -6.5600418E-02,  1.0001201E+03,  7.1408633E+03,3,
  8.3760797E+02,  0.0000000E+00,  2.5288834E+02,2238,  1.4266428E+00,  0.0000000E+00, -3.9018410E-01,  1.0001840E+03,  1.0943919E+04,3,
  8.3701971E+02,  0.0000000E+00,  2.5358250E+02,2387,  5.4649305E-01,  0.0000000E+00, -2.5659315E-03,  1.0008438E+03,  5.0294805E+04,3,
  8.3952551E+02,  0.0000000E+00,  2.5307428E+02,2150,  5.4126871E-01,  0.0000000E+00, -6.9010369E-02,  1.0002814E+03,  1.6747568E+04,3,
  8.3965131E+02,  0.0000000E+00,  2.5312341E+02,2351,  4.2393702E-01,  0.0000000E+00,  8.1034154E-03,  1.0001278E+03,  7.6020923E+03,3,
  8.4001978E+02,  0.0000000E+00,  2.5467598E+02,2368,  1.1941229E+00,  0.0000000E+00,  3.8830155E-01,  1.0001225E+03,  7.2861304E+03,3,
  8.4092523E+02,  0.0000000E+00,  2.5343025E+02,2155,  7.6994073E-01,  0.0000000E+00,  6.1301792E-01,  1.0006877E+03,  4.0976320E+04,3,
  8.4103394E+02,  0.0000000E+00,  2.5462981E+02,2413,  4.6342698E-01,  0.0000000E+00,  2.4577424E-01,  9.9995471E+02, -2.6923706E+03,3,
  8.4471759E+02,  0.0000000E+00,  2.5528442E+02,2144,  1.5726728E+00,  0.0000000E+00, -8.8727570E-01,  9.9990338E+02, -5.7430815E+03,3,
  8.4116724E+02,  0.0000000E+00,  2.5447794E+02,2279,  2.4360817E-02,  0.0000000E+00,  6.7630136E-01,  9.9991455E+02, -5.0793325E+03,3,
  8.4534637E+02,  0.0000000E+00,  2.5525179E+02,2141,  1.6347722E+00,  0.0000000E+00,  6.7672157E-01,  9.9999854E+02, -8.7096214E+01,3,
  8.4582892E+02,  0.0000000E+00,  2.5535229E+02,2210,  1.3555040E+00,  0.0000000E+00,  9.8470487E-02,  1.0003161E+03,  1.8812553E+04,3,
  8.4582910E+02,  0.0000000E+00,  2.5517123E+02,2180,  1.3875608E+00,  0.0000000E+00,  3.8896000E-01,  9.9994427E+02, -3.3127458E+03,3,
  8.4673425E+02,  0.0000000E+00,  2.5508488E+02,2216,  1.2363983E+00,  0.0000000E+00,  4.6787557E-01,  9.9937750E+02, -3.6943375E+04,3,
  8.4842627E+02,  0.0000000E+00,  2.5601486E+02,2301,  1.7684553E+00,  0.0000000E+00,  7.3106900E-02,  1.0006531E+03,  3.8910371E+04,3,
  8.4858374E+02,  0.0000000E+00,  2.5495782E+02,2203,  1.3615882E+00,  0.0000000E+00,  1.5140536E-02,  1.0000450E+03,  2.6749524E+03,3,
  8.4906726E+02,  0.0000000E+00,  2.5513078E+02,2182,  1.4793813E+00,  0.0000000E+00,  5.2123642E-01,  9.9983203E+02, -9.9820449E+03,3,
  8.4935516E+02,  0.0000000E+00,  2.5504634E+02,2306,  1.1403639E+00,  0.0000000E+00, -2.7751568E-01,  9.9990643E+02, -5.5617339E+03,3,
  8.5198230E+02,  0.0000000E+00,  2.5499698E+02,2263,  1.7092154E+00,  0.0000000E+00,  2.0747313E-01,  9.9981305E+02, -1.1109471E+04,3,
  8.5251367E+02,  0.0000000E+00,  2.5497072E+02,2376,  1.3785573E+00,  0.0000000E+00, -7.3442832E-02,  1.0003666E+03,  2.1819908E+04,3,
  8.5266449E+02,  0.0000000E+00,  2.5503265E+02,2275,  1.4940065E+00,  0.0000000E+00,  5.7230592E-01,  9.9891760E+02, -6.4148523E+04,3,
  8.5319324E+02,  0.0000000E+00,  2.5514386E+02,2293,  1.3815213E+00,  0.0000000E+00,  3.3772337E-01,  1.0007535E+03,  4.4901707E+04,3,
  8.5521240E+02,  0.0000000E+00,  2.5508067E+02,2347,  1.3602967E+00,  0.0000000E+00,  4.8521519E-01,  9.9985498E+02, -8.6188125E+03,3,
  8.5553375E+02,  0.0000000E+00,  2.5508221E+02,2285,  1.5050870E+00,  0.0000000E+00,  5.1457965E-01,  9.9974811E+02, -1.4965673E+04,3,
  8.5639783E+02,  0.0000000E+00,  2.5526738E+02,2333,  1.4843873E+00,  0.0000000E+00,  3.4574911E-01,  1.0001750E+03,  1.0413511E+04,3,
  8.5778510E+02,  0.0000000E+00,  2.5505997E+02,2320,  1.3928163E+00,  0.0000000E+00, -1.2286904E-01,  1.0000389E+03,  2.3155884E+03,3,
  8.5824713E+02,  0.0000000E+00,  2.5507874E+02,2164,  1.4467409E+00,  0.0000000E+00,  2.5210702E-01,  9.9992999E+02, -4.1616177E+03,3,
  8.5845575E+02,  0.0000000E+00,  2.5510738E+02,2117,  1.4263183E+00,  0.0000000E+00,  3.8126040E-01,  9.9997430E+02, -1.5277017E+03,3,
  8.5874884E+02,  0.0000000E+00,  2.5502533E+02,2253,  1.4280742E+00,  0.0000000E+00,  7.3758429E-01,  9.9993329E+02, -3.9657305E+03,3,
  8.6589435E+02,  0.0000000E+00,  2.5508759E+02,2396,  1.2628245E+00,  0.0000000E+00,  1.9018203E-01,  1.0001665E+03,  9.9049268E+03,3,
  8.6604419E+02,  0.0000000E+00,  2.5515671E+02,2185,  1.2578360E+00,  0.0000000E+00,  1.2702197E-01,  1.0002034E+03,  1.2102924E+04,3,
  8.6615613E+02,  0.0000000E+00,  2.5509880E+02,2194,  1.2281168E+00,  0.0000000E+00, -1.1716621E-01,  1.0001222E+03,  7.2679717E+03,3,
  8.6648499E+02,  0.0000000E+00,  2.5510925E+02,2112,  1.2836943E+00,  0.0000000E+00,  2.1059702E-01,  9.9967450E+02, -1.9334701E+04,3,
  8.6650989E+02,  0.0000000E+00,  2.5508682E+02,2166,  1.2902780E+00,  0.0000000E+00,  1.9006179E-01,  9.9879236E+02, -7.1544273E+04,3,
  8.6969269E+02,  0.0000000E+00,  2.5507333E+02,2431,  1.2244202E+00,  0.0000000E+00,  4.3440867E-02,  9.9999231E+02, -4.5724658E+02,3,
  8.7027075E+02,  0.0000000E+00,  2.5558257E+02,2173,  1.0901791E+00,  0.0000000E+00, -1.3139892E-01,  1.0008846E+03,  5.2738887E+04,3,
  8.7059521E+02,  0.0000000E+00,  2.5481685E+02,2143,  1.3615513E+00,  0.0000000E+00, -9.0736046E-02,  1.0011622E+03,  6.9345305E+04,3,
  8.7148145E+02,  0.0000000E+00,  2.5506773E+02,2196,  1.2642298E+00,  0.0000000E+00, -3.2140415E-02,  9.9620807E+02, -2.2291178E+05,3,
  8.7165375E+02,  0.0000000E+00,  2.5509297E+02,2215,  1.3447580E+00,  0.0000000E+00, -1.3308805E-01,  1.0005494E+03,  3.2718738E+04,3,
  8.7321954E+02,  0.0000000E+00,  2.5531023E+02,2330,  1.1093878E+00,  0.0000000E+00,  8.9473436E-03,  1.0010619E+03,  6.3339270E+04,3,
  8.7362219E+02,  0.0000000E+00,  2.5494220E+02,2311,  1.3180639E+00,  0.0000000E+00, -3.4009706E-02,  1.0004681E+03,  2.7870104E+04,3,
  8.7569342E+02,  0.0000000E+00,  2.5506146E+02,2243,  1.2911801E+00,  0.0000000E+00, -3.8143750E-02,  9.9980115E+02, -1.1816312E+04,3,
  8.7577252E+02,  0.0000000E+00,  2.5506998E+02,2260,  1.2745193E+00,  0.0000000E+00,  4.1438285E-02,  9.9826520E+02, -1.0261250E+05,3,
  8.7642719E+02,  0.0000000E+00,  2.5506567E+02,2357,  1.2036158E+00,  0.0000000E+00, -8.6581290E-02,  1.0004650E+03,  2.7684504E+04,3,
  8.7663293E+02,  0.0000000E+00,  2.5501280E+02,2369,  1.2515458E+00,  0.0000000E+00, -1.5425961E-01,  1.0005729E+03,  3.4120625E+04,3,
  8.7880719E+02,  0.0000000E+00,  2.5502130E+02,2252,  1.2366117E+00,  0.0000000E+00, -3.4611687E-01,  1.0000583E+03,  3.4699551E+03,3,
  8.7941907E+02,  0.0000000E+00,  2.5500877E+02,2300,  1.2807279E+00,  0.0000000E+00, -4.7019556E-01,  9.9989404E+02, -6.2979849E+03,3,
  8.8084705E+02,  0.0000000E+00,  2.5507925E+02,2259,  1.3712333E+00,  0.0000000E+00, -1.9058824E-01,  9.9885022E+02, -6.8128211E+04,3,
  8.8155341E+02,  0.0000000E+00,  2.5550258E+02,2183,  1.0506034E+00,  0.0000000E+00,  2.2993742E-01,  1.0007271E+03,  4.3323348E+04,3,
  8.8181647E+02,  0.0000000E+00,  2.5500958E+02,2232,  1.2760944E+00,  0.0000000E+00,  2.0684589E-01,  1.0002404E+03,  1.4305043E+04,3,
  8.8208368E+02,  0.0000000E+00,  2.5499606E+02,2297,  1.2684090E+00,  0.0000000E+00,  3.2378486E-01,  1.0000878E+03,  5.2199121E+03,3,
  8.8217804E+02,  0.0000000E+00,  2.5500519E+02,2358,  1.2640136E+00,  0.0000000E+00,  3.6124495E-01,  1.0000577E+03,  3.4300220E+03,3,
  8.9452362E+02,  0.0000000E+00,  2.5504529E+02,2245,  1.4509187E+00,  0.0000000E+00, -7.1222357E-02,  1.0002317E+03,  1.3785357E+04,3,
  8.9454169E+02,  0.0000000E+00,  2.5504279E+02,2153,  1.4495687E+00,  0.0000000E+00, -9.3328662E-02,  1.0002462E+03,  1.4650305E+04,3,
  8.9456897E+02,  0.0000000E+00,  2.5501138E+02,2340,  1.4470711E+00,  0.0000000E+00, -8.3099967E-03,  1.0002760E+03,  1.6424045E+04,3,
  8.9473505E+02,  0.0000000E+00,  2.5519225E+02,2302,  1.4648906E+00,  0.0000000E+00, -3.7993528E-02,  1.0006941E+03,  4.1355305E+04,3,
  8.9493964E+02,  0.0000000E+00,  2.5504332E+02,2273,  1.4617276E+00,  0.0000000E+00, -4.2834297E-02,  9.9827478E+02, -1.0204863E+05,3,
  8.9867114E+02,  0.0000000E+00,  2.5511484E+02,2193,  1.4547808E+00,  0.0000000E+00,  4.6890050E-02,  1.0001862E+03,  1.1074709E+04,3,
  8.9890912E+02,  0.0000000E+00,  2.5514992E+02,2231,  1.4530109E+00,  0.0000000E+00,  3.6140464E-02,  1.0002824E+03,  1.6805730E+04,3,
  8.9912256E+02,  0.0000000E+00,  2.5520413E+02,2142,  1.4549035E+00,  0.0000000E+00,  4.1073155E-02,  1.0004092E+03,  2.4362506E+04,3,
  9.0002960E+02,  0.0000000E+00,  2.5508067E+02,2160,  1.4430913E+00,  0.0000000E+00,  3.0702237E-02,  9.9644946E+02, -2.0887227E+05,3,
  9.0019446E+02,  0.0000000E+00,  2.5480881E+02,2106,  1.4598502E+00,  0.0000000E+00,  3.7640020E-02,  1.0019597E+03,  1.1720434E+05,3,
  9.0175024E+02,  0.0000000E+00,  2.5538115E+02,2296,  1.4518358E+00,  0.0000000E+00,  2.8134143E-02,  1.0008213E+03,  4.8952641E+04,3,
  9.0268011E+02,  0.0000000E+00,  2.5508768E+02,2138,  1.4484545E+00,  0.0000000E+00, -1.0679758E-02,  9.9967303E+02, -1.9421627E+04,3,
  9.0313904E+02,  0.0000000E+00,  2.5505304E+02,2313,  1.4556539E+00,  0.0000000E+00,  7.4545801E-02,  9.9980627E+02, -1.1511833E+04,3,
  9.0460657E+02,  0.0000000E+00,  2.5508801E+02,2322,  1.4550090E+00,  0.0000000E+00, -2.0593232E-02,  1.0006063E+03,  3.6112734E+04,3,
  9.0518237E+02,  0.0000000E+00,  2.5506998E+02,2195,  1.4513805E+00,  0.0000000E+00, -2.7213596E-02,  9.9852686E+02, -8.7203992E+04,3,
  9.0546698E+02,  0.0000000E+00,  2.5511266E+02,2200,  1.4446634E+00,  0.0000000E+00,  9.4154980E-03,  1.0005411E+03,  3.2227215E+04,3,
  9.0667590E+02,  0.0000000E+00,  2.5510394E+02,2274,  1.4620564E+00,  0.0000000E+00, -5.5999443E-04,  1.0004839E+03,  2.8812709E+04,3,
  9.0792267E+02,  0.0000000E+00,  2.5509108E+02,2214,  1.4415346E+00,  0.0000000E+00, -1.9277671E-02,  1.0002727E+03,  1.6227755E+04,3,
  9.0879535E+02,  0.0000000E+00,  2.5509920E+02,2206,  1.4721984E+00,  0.0000000E+00, -8.3855763E-02,  9.9821149E+02, -1.0577244E+05,3,
  9.0945691E+02,  0.0000000E+00,  2.5561650E+02,2148,  1.4293402E+00,  0.0000000E+00, -9.9864360E-03,  1.0008154E+03,  4.8598891E+04,3,
  9.1016949E+02,  0.0000000E+00,  2.5500404E+02,2342,  1.4528553E+00,  0.0000000E+00, -2.3669166E-02,  1.0001939E+03,  1.1536121E+04,3,
  9.1031836E+02,  0.0000000E+00,  2.5499164E+02,2208,  1.4589636E+00,  0.0000000E+00,  3.2270335E-02,  1.0001273E+03,  7.5694062E+03,3,
  9.1033405E+02,  0.0000000E+00,  2.5499271E+02,2270,  1.4535912E+00,  0.0000000E+00, -1.4393231E-02,  1.0001215E+03,  7.2243916E+03,3,
  9.1884326E+02,  0.0000000E+00,  2.5500259E+02,2219,  1.6115226E+00,  0.0000000E+00,  1.1097682E-01,  9.9987561E+02, -7.3931934E+03,3,
  9.1909955E+02,  0.0000000E+00,  2.5500493E+02,2176,  1.6280985E+00,  0.0000000E+00, -7.9520732E-02,  9.9978033E+02, -1.3052257E+04,3,
  9.1911523E+02,  0.0000000E+00,  2.5500699E+02,2315,  1.6205593E+00,  0.0000000E+00, -3.1549808E-02,  9.9977008E+02, -1.3661111E+04,3,
  9.1923810E+02,  0.0000000E+00,  2.5503830E+02,2305,  1.6164126E+00,  0.0000000E+00, -1.5890498E-02,  9.9965112E+02, -2.0721809E+04,3,
  9.1990100E+02,  0.0000000E+00,  2.5552908E+02,2225,  1.6477158E+00,  0.0000000E+00, -5.3864282E-02,  1.0008779E+03,  5.2337578E+04,3,
  9.2268646E+02,  0.0000000E+00,  2.5506427E+02,2179,  1.6256338E+00,  0.0000000E+00, -1.4887775E-01,  9.9972363E+02, -1.6418607E+04,3,
  9.2296094E+02,  0.0000000E+00,  2.5509074E+02,2224,  1.6077192E+00,  0.0000000E+00, -3.1650439E-01,  9.9946191E+02, -3.1941885E+04,3,
  9.2381799E+02,  0.0000000E+00,  2.5512218E+02,2188,  1.6400050E+00,  0.0000000E+00, -1.9040123E-01,  1.0003984E+03,  2.3714973E+04,3,
  9.2397601E+02,  0.0000000E+00,  2.5510394E+02,2130,  1.6348711E+00,  0.0000000E+00, -1.8978190E-01,  1.0001860E+03,  1.1067443E+04,3,
  9.2409686E+02,  0.0000000E+00,  2.5509698E+02,2184,  1.6444364E+00,  0.0000000E+00, -2.4725963E-01,  1.0000880E+03,  5.2344360E+03,3,
  9.2731537E+02,  0.0000000E+00,  2.5509740E+02,2276,  1.6326395E+00,  0.0000000E+00, -5.3211268E-02,  9.9992950E+02, -4.1906372E+03,3,
  9.2751874E+02,  0.0000000E+00,  2.5509724E+02,2147,  1.6403726E+00,  0.0000000E+00,  3.8319416E-03,  9.9982703E+02, -1.0279321E+04,3,
  9.2771863E+02,  0.0000000E+00,  2.5508669E+02,2171,  1.6329050E+00,  0.0000000E+00, -5.2085530E-02,  9.9968207E+02, -1.8885570E+04,3,
  9.2948169E+02,  0.0000000E+00,  2.5513097E+02,2094,  1.6349727E+00,  0.0000000E+00, -1.1685189E-02,  1.0002612E+03,  1.5544404E+04,3,
  9.2973877E+02,  0.0000000E+00,  2.5508147E+02,2197,  1.6389216E+00,  0.0000000E+00, -3.8280454E-02,  1.0000948E+03,  5.6374785E+03,3,
  9.2989850E+02,  0.0000000E+00,  2.5505106E+02,2316,  1.6377647E+00,  0.0000000E+00, -5.6907874E-02,  1.0000386E+03,  2.2974390E+03,3,
  9.2996179E+02,  0.0000000E+00,  2.5505693E+02,2352,  1.6362606E+00,  0.0000000E+00,  1.1832802E-02,  1.0000240E+03,  1.4263094E+03,3,
  9.7497443E+02,  0.0000000E+00,  2.5155704E+02,2261,  4.4320607E+00,  0.0000000E+00,  4.3121738E+00,  1.0051627E+03,  3.1175641E+05,3,
  1.3127151E+03,  0.0000000E+00,  2.5163614E+02,2175,  2.6541328E+00,  0.0000000E+00, -4.8582715E-01,  1.0001010E+03,  6.0078564E+03,3,
  1.3118315E+03,  0.0000000E+00,  2.5149744E+02,2092,  2.3849704E+00,  0.0000000E+00, -9.2405140E-01,  1.0001416E+03,  8.4229150E+03,3,
  1.3164058E+03,  0.0000000E+00,  2.5159093E+02,2145,  1.8460147E+00,  0.0000000E+00,  2.7430701E-01,  9.9964526E+02, -2.1069459E+04,3,
  1.3161813E+03,  0.0000000E+00,  2.5171442E+02,2115,  1.9992471E+00,  0.0000000E+00,  2.6445705E-01,  9.9974506E+02, -1.5146849E+04,3,
  1.3259557E+03,  0.0000000E+00,  2.5174582E+02,2071,  7.5083226E-01,  0.0000000E+00, -5.4299790E-02,  1.0004314E+03,  2.5683168E+04,3,
  1.3264561E+03,  0.0000000E+00,  2.5196454E+02,2110,  1.0219679E+00,  0.0000000E+00, -5.3013250E-02,  1.0003097E+03,  1.8430789E+04,3,
  1.3275466E+03,  0.0000000E+00,  2.5186816E+02,2034,  1.4933434E+00,  0.0000000E+00, -2.5994408E-01,  1.0002678E+03,  1.5933326E+04,3,
 -3.9653110E+02,  0.0000000E+00,  2.6405621E+02,3811,  1.1045429E-03,  0.0000000E+00, -4.8022979E-04,  1.0006714E+03,  3.9999770E+04,3,
 -3.9384521E+02,  0.0000000E+00,  2.6400604E+02,3816,  3.0386432E-03,  0.0000000E+00, -2.1536024E-04,  1.0002464E+03,  1.4661207E+04,3,
 -3.9096286E+02,  0.0000000E+00,  2.6357169E+02,3802,  3.0878149E-03,  0.0000000E+00, -2.4733943E-04,  1.0003195E+03,  1.9016166E+04,3,
 -3.8673871E+02,  0.0000000E+00,  2.6368515E+02,3793, -1.4005023E-03,  0.0000000E+00, -1.5693830E-04,  1.0002498E+03,  1.4864735E+04,3,
 -3.8827780E+02,  0.0000000E+00,  2.6441449E+02,3803,  4.3657562E-03,  0.0000000E+00,  3.0706082E-03,  1.0008140E+03,  4.8515016E+04,3,
 -3.8387021E+02,  0.0000000E+00,  2.6392801E+02,3794, -2.3835937E-04,  0.0000000E+00, -4.7012727E-04,  1.0004075E+03,  2.4257006E+04,3,
 -3.8133917E+02,  0.0000000E+00,  2.6364053E+02,3784,  7.3870830E-04,  0.0000000E+00, -1.4850042E-05,  1.0004605E+03,  2.7418850E+04,3,
 -3.7832758E+02,  0.0000000E+00,  2.6357907E+02,3775,  1.2255264E-03,  0.0000000E+00,  1.3028663E-06,  1.0003831E+03,  2.2805588E+04,3,
 -3.7522772E+02,  0.0000000E+00,  2.6351672E+02,3766,  2.0896748E-03,  0.0000000E+00, -3.0902305E-04,  1.0003774E+03,  2.2463680E+04,3,
 -3.7233719E+02,  0.0000000E+00,  2.6400183E+02,3776,  4.6190373E-03,  0.0000000E+00, -6.0044571E-05,  1.0002616E+03,  1.5566213E+04,3,
 -3.7088596E+02,  0.0000000E+00,  2.6432739E+02,3777,  3.7734169E-03,  0.0000000E+00, -1.0101035E-03,  1.0006226E+03,  3.7085262E+04,3,
 -3.6880634E+02,  0.0000000E+00,  2.6361905E+02,3757,  6.3075554E-03,  0.0000000E+00, -2.8246435E-04,  1.0002713E+03,  1.6144150E+04,3,
 -3.6589252E+02,  0.0000000E+00,  2.6384677E+02,3767,  9.7214626E-03,  0.0000000E+00, -6.8644469E-04,  1.0002591E+03,  1.5417190E+04,3,
 -3.6323376E+02,  0.0000000E+00,  2.6358826E+02,3748,  1.5353961E-02,  0.0000000E+00, -1.6990326E-03,  1.0003361E+03,  2.0005203E+04,3,
 -3.6003012E+02,  0.0000000E+00,  2.6358524E+02,3739,  2.3449373E-02,  0.0000000E+00,  2.1260643E-05,  1.0004031E+03,  2.3995080E+04,3,
 -3.5714029E+02,  0.0000000E+00,  2.6387152E+02,3750,  1.8217070E-02,  0.0000000E+00,  1.1410178E-03,  1.0002191E+03,  1.3036767E+04,3,
 -3.5520261E+02,  0.0000000E+00,  2.6423203E+02,3740,  1.7043015E-02,  0.0000000E+00,  5.3854184E-03,  1.0005693E+03,  3.3909418E+04,3,
 -3.5299051E+02,  0.0000000E+00,  2.6356146E+02,3730,  4.4855634E-03,  0.0000000E+00,  2.9083295E-04,  1.0002355E+03,  1.4010673E+04,3,
 -3.4988412E+02,  0.0000000E+00,  2.6388562E+02,3760,  6.6134552E-03,  0.0000000E+00, -1.4189698E-03,  1.0003624E+03,  2.1568957E+04,3,
 -3.4803549E+02,  0.0000000E+00,  2.6415396E+02,3741,  7.3637930E-03,  0.0000000E+00,  3.3766124E-04,  1.0005359E+03,  3.1917750E+04,3,
 -3.4583737E+02,  0.0000000E+00,  2.6366031E+02,3721,  7.0630703E-03,  0.0000000E+00,  2.4763608E-04,  1.0003943E+03,  2.3471250E+04,3,
 -3.4326544E+02,  0.0000000E+00,  2.6388049E+02,3731,  4.0950337E-03,  0.0000000E+00,  1.2405507E-03,  1.0004242E+03,  2.5253842E+04,3,
 -3.4052570E+02,  0.0000000E+00,  2.6354160E+02,3712,  8.0292509E-04,  0.0000000E+00, -1.2531059E-04,  1.0004372E+03,  2.6028824E+04,3,
 -3.3715738E+02,  0.0000000E+00,  2.6357462E+02,3703,  9.8153320E-04,  0.0000000E+00, -1.5078059E-04,  1.0002934E+03,  1.7460084E+04,3,
 -3.3420511E+02,  0.0000000E+00,  2.6359439E+02,3694,  1.1363147E-03,  0.0000000E+00,  2.7802936E-04,  1.0003513E+03,  2.0907059E+04,3,
 -3.3072470E+02,  0.0000000E+00,  2.6348093E+02,3685, -7.9085288E-04,  0.0000000E+00, -1.6650015E-04,  1.0003963E+03,  2.3591291E+04,3,
 -3.2751895E+02,  0.0000000E+00,  2.6378888E+02,3713,  9.9849841E-04,  0.0000000E+00, -1.1429349E-04,  1.0001743E+03,  1.0369917E+04,3,
 -3.2469543E+02,  0.0000000E+00,  2.6378940E+02,3704,  1.5866612E-03,  0.0000000E+00,  1.7955699E-05,  1.0002526E+03,  1.5031923E+04,3,
 -3.2166687E+02,  0.0000000E+00,  2.6358282E+02,3676,  4.4950978E-03,  0.0000000E+00, -4.9529423E-04,  1.0003665E+03,  2.1812635E+04,3,
 -3.1855820E+02,  0.0000000E+00,  2.6357840E+02,3667,  3.8427939E-03,  0.0000000E+00,  3.0197538E-04,  1.0002675E+03,  1.5915152E+04,3,
 -3.1529410E+02,  0.0000000E+00,  2.6354153E+02,3658,  3.6393595E-03,  0.0000000E+00, -8.8197892E-05,  1.0002531E+03,  1.5060999E+04,3,
 -3.1231613E+02,  0.0000000E+00,  2.6389957E+02,3677,  4.6092975E-03,  0.0000000E+00, -4.1607863E-04,  1.0003316E+03,  1.9736117E+04,3,
 -3.0975751E+02,  0.0000000E+00,  2.6369827E+02,3649,  7.6220040E-03,  0.0000000E+00, -5.6834222E-04,  1.0003787E+03,  2.2540062E+04,3,
 -3.0684744E+02,  0.0000000E+00,  2.6358478E+02,3640,  7.6895058E-03,  0.0000000E+00,  1.0503088E-04,  1.0003128E+03,  1.8616215E+04,3,
 -3.0351892E+02,  0.0000000E+00,  2.6355612E+02,3631,  1.1833425E-02,  0.0000000E+00, -1.2482164E-03,  1.0003248E+03,  1.9332502E+04,3,
 -3.0041000E+02,  0.0000000E+00,  2.6355222E+02,3622,  1.4508533E-02,  0.0000000E+00,  4.1649281E-04,  1.0003574E+03,  2.1274371E+04,3,
 -2.9720673E+02,  0.0000000E+00,  2.6361362E+02,3613,  1.3760964E-02,  0.0000000E+00, -1.6151558E-03,  1.0001315E+03,  7.8200034E+03,3,
 -2.9558743E+02,  0.0000000E+00,  2.6441180E+02,3660,  6.2918449E-03,  0.0000000E+00,  1.3617625E-02,  1.0007397E+03,  4.4081512E+04,3,
 -2.9296185E+02,  0.0000000E+00,  2.6347510E+02,3604, -4.1490947E-03,  0.0000000E+00,  3.5388686E-04,  1.0001363E+03,  8.1069268E+03,3,
 -2.8965839E+02,  0.0000000E+00,  2.6380386E+02,3642, -2.9745237E-03,  0.0000000E+00, -2.4163940E-03,  1.0002719E+03,  1.6180500E+04,3,
 -2.8760410E+02,  0.0000000E+00,  2.6408746E+02,3632,  6.8126787E-03,  0.0000000E+00,  2.0101151E-04,  1.0004453E+03,  2.6512764E+04,3,
 -2.8513544E+02,  0.0000000E+00,  2.6360834E+02,3595, -6.5858517E-04,  0.0000000E+00,  9.5758558E-04,  1.0002940E+03,  1.7496439E+04,3,
 -2.8211035E+02,  0.0000000E+00,  2.6358765E+02,3586, -1.4127343E-03,  0.0000000E+00,  7.1660303E-05,  1.0003391E+03,  2.0179750E+04,3,
 -2.7877246E+02,  0.0000000E+00,  2.6349966E+02,3577, -1.6255585E-03,  0.0000000E+00,  3.0853214E-05,  1.0003122E+03,  1.8579857E+04,3,
 -2.7529214E+02,  0.0000000E+00,  2.6351630E+02,3568,  1.4352987E-03,  0.0000000E+00, -1.2564550E-04,  1.0001658E+03,  9.8613350E+03,3,
 -2.7228073E+02,  0.0000000E+00,  2.6384668E+02,3624, -8.8209484E-04,  0.0000000E+00, -6.4441859E-04,  1.0003018E+03,  1.7961785E+04,3,
 -2.7004507E+02,  0.0000000E+00,  2.6411261E+02,3634,  7.7379104E-03,  0.0000000E+00, -1.9678443E-03,  1.0003809E+03,  2.2671006E+04,3,
 -2.6805383E+02,  0.0000000E+00,  2.6384381E+02,3596,  4.5911665E-03,  0.0000000E+00,  6.8683253E-04,  1.0002762E+03,  1.6434949E+04,3,
 -2.6480597E+02,  0.0000000E+00,  2.6358084E+02,3559,  4.3696486E-03,  0.0000000E+00, -4.9670885E-04,  1.0003256E+03,  1.9379771E+04,3,
 -2.6209262E+02,  0.0000000E+00,  2.6375180E+02,3550,  6.0973372E-03,  0.0000000E+00, -5.1118725E-05,  1.0003486E+03,  2.0750684E+04,3,
 -2.5974619E+02,  0.0000000E+00,  2.6391620E+02,3606,  2.8915345E-03,  0.0000000E+00,  1.5328617E-03,  1.0003445E+03,  2.0503396E+04,3,
 -2.5675629E+02,  0.0000000E+00,  2.6346741E+02,3541,  5.0223705E-05,  0.0000000E+00,  3.2841548E-04,  1.0002273E+03,  1.3523708E+04,3,
 -2.5325519E+02,  0.0000000E+00,  2.6354248E+02,3532, -5.8977999E-04,  0.0000000E+00, -7.3766115E-04,  1.0001506E+03,  8.9604814E+03,3,
 -2.5115860E+02,  0.0000000E+00,  2.6432657E+02,3569,  9.0173967E-03,  0.0000000E+00, -2.5776506E-03,  1.0005781E+03,  3.4430156E+04,3,
 -2.4895009E+02,  0.0000000E+00,  2.6358405E+02,3523,  4.7342652E-03,  0.0000000E+00,  6.1273086E-04,  1.0002131E+03,  1.2680661E+04,3,
 -2.4587537E+02,  0.0000000E+00,  2.6379019E+02,3578,  7.0895744E-03,  0.0000000E+00,  2.8087754E-05,  1.0001935E+03,  1.1514321E+04,3,
 -2.4314882E+02,  0.0000000E+00,  2.6374664E+02,3560,  6.3441270E-03,  0.0000000E+00, -2.2877086E-04,  1.0002754E+03,  1.6387695E+04,3,
 -2.4026392E+02,  0.0000000E+00,  2.6386691E+02,3551,  9.0152230E-03,  0.0000000E+00, -7.1825675E-04,  1.0002932E+03,  1.7449178E+04,3,
 -2.3776732E+02,  0.0000000E+00,  2.6365524E+02,3514,  1.0886593E-02,  0.0000000E+00,  1.5138809E-03,  1.0003000E+03,  1.7852717E+04,3,
 -2.3463303E+02,  0.0000000E+00,  2.6351886E+02,3505,  3.8278787E-04,  0.0000000E+00, -7.2532857E-04,  1.0002495E+03,  1.4846563E+04,3,
 -2.3093263E+02,  0.0000000E+00,  2.6347726E+02,3496,  3.1643800E-02,  0.0000000E+00,  4.0679875E-05,  1.0000085E+03,  5.0444730E+02,3,
 -2.2834291E+02,  0.0000000E+00,  2.6488803E+02,3570,  4.7060069E-02,  0.0000000E+00,  1.6204505E-01,  1.0005313E+03,  3.1641061E+04,3,
 -2.2705299E+02,  0.0000000E+00,  2.6354227E+02,3487, -6.6827871E-02,  0.0000000E+00, -8.9681735E-03,  9.9994275E+02, -3.4034407E+03,3,
 -2.2329396E+02,  0.0000000E+00,  2.6351703E+02,3478, -2.0993602E-02,  0.0000000E+00,  1.5880055E-03,  1.0002639E+03,  1.5704333E+04,3,
 -2.2030646E+02,  0.0000000E+00,  2.6396417E+02,3533,  3.4372541E-04,  0.0000000E+00, -7.1753464E-03,  1.0002271E+03,  1.3509172E+04,3,
 -2.1858054E+02,  0.0000000E+00,  2.6420099E+02,3543,  2.8346756E-03,  0.0000000E+00,  2.0480677E-04,  1.0004102E+03,  2.4417076E+04,3,
 -2.1632512E+02,  0.0000000E+00,  2.6360733E+02,3469,  7.5724404E-03,  0.0000000E+00,  3.0284052E-04,  1.0002076E+03,  1.2353636E+04,3,
 -2.1288884E+02,  0.0000000E+00,  2.6346030E+02,3460,  3.8671100E-03,  0.0000000E+00,  8.6068042E-04,  1.0001597E+03,  9.4980781E+03,3,
 -2.0928297E+02,  0.0000000E+00,  2.6350818E+02,3451,  9.2032691E-03,  0.0000000E+00, -1.4141488E-03,  1.0000702E+03,  4.1742573E+03,3,
 -2.0606798E+02,  0.0000000E+00,  2.6368613E+02,3442,  1.8372489E-02,  0.0000000E+00, -4.2999242E-04,  1.0003195E+03,  1.9016166E+04,3,
 -2.0385229E+02,  0.0000000E+00,  2.6389847E+02,3506,  6.0200687E-03,  0.0000000E+00,  2.8834825E-03,  1.0002524E+03,  1.5017385E+04,3,
 -2.0068582E+02,  0.0000000E+00,  2.6351056E+02,3433, -1.1996126E-03,  0.0000000E+00,  6.9177593E-05,  1.0003361E+03,  2.0005203E+04,3,
 -1.9719557E+02,  0.0000000E+00,  2.6352728E+02,3424, -1.1802484E-04,  0.0000000E+00,  3.0987780E-04,  1.0001185E+03,  7.0464414E+03,3,
 -1.9435101E+02,  0.0000000E+00,  2.6398935E+02,3497,  3.9248820E-03,  0.0000000E+00, -3.6391155E-03,  1.0002889E+03,  1.7194703E+04,3,
 -1.9233507E+02,  0.0000000E+00,  2.6385992E+02,3498,  8.9697735E-03,  0.0000000E+00, -7.2678679E-04,  1.0001943E+03,  1.1561554E+04,3,
 -1.8884865E+02,  0.0000000E+00,  2.6350620E+02,3415,  1.1640487E-02,  0.0000000E+00, -9.3298854E-04,  1.0001499E+03,  8.9168945E+03,3,
 -1.8546231E+02,  0.0000000E+00,  2.6354376E+02,3406,  4.3490227E-02,  0.0000000E+00, -7.8675468E-03,  1.0001334E+03,  7.9325928E+03,3,
 -1.8229741E+02,  0.0000000E+00,  2.6382474E+02,3508,  9.8655827E-02,  0.0000000E+00,  2.2713263E-03,  1.0002111E+03,  1.2560750E+04,3,
 -1.7919260E+02,  0.0000000E+00,  2.6361957E+02,3397,  1.1138576E-01,  0.0000000E+00, -1.7374878E-04,  1.0000878E+03,  5.2199121E+03,3,
 -1.7722546E+02,  0.0000000E+00,  2.6484579E+02,3461,  5.1797412E-02,  0.0000000E+00,  1.7976831E-01,  1.0005360E+03,  3.1921391E+04,3,
 -1.7536136E+02,  0.0000000E+00,  2.6366202E+02,3388, -8.8347629E-02,  0.0000000E+00,  7.2207246E-03,  1.0001049E+03,  6.2366265E+03,3,
 -1.7250810E+02,  0.0000000E+00,  2.6356482E+02,3379, -8.1245668E-02,  0.0000000E+00, -7.6923952E-03,  1.0002338E+03,  1.3912551E+04,3,
 -1.6900313E+02,  0.0000000E+00,  2.6349945E+02,3370, -2.1183949E-02,  0.0000000E+00, -5.7878783E-03,  1.0001837E+03,  1.0929387E+04,3,
 -1.6543330E+02,  0.0000000E+00,  2.6370398E+02,3489,  3.0194591E-03,  0.0000000E+00, -1.8344998E-03,  1.0000345E+03,  2.0542410E+03,3,
 -1.6238425E+02,  0.0000000E+00,  2.6379785E+02,3480,  1.9150903E-02,  0.0000000E+00, -1.4284704E-03,  1.0001390E+03,  8.2703682E+03,3,
 -1.5911882E+02,  0.0000000E+00,  2.6352362E+02,3361,  2.4259141E-02,  0.0000000E+00, -8.9377322E-04,  1.0000942E+03,  5.6011680E+03,3,
 -1.5548485E+02,  0.0000000E+00,  2.6366971E+02,3352,  4.4444785E-02,  0.0000000E+00, -2.6519296E-03,  1.0003420E+03,  2.0357936E+04,3,
 -1.5273383E+02,  0.0000000E+00,  2.6393002E+02,3407,  3.3952486E-02,  0.0000000E+00,  4.8079016E-04,  1.0003232E+03,  1.9237963E+04,3,
 -1.5008682E+02,  0.0000000E+00,  2.6361816E+02,3343,  3.9848667E-02,  0.0000000E+00,  5.6539878E-04,  1.0003195E+03,  1.9012529E+04,3,
 -1.4701085E+02,  0.0000000E+00,  2.6352594E+02,3334,  2.9157989E-02,  0.0000000E+00, -1.5248337E-03,  1.0002269E+03,  1.3501903E+04,3,
 -1.4358316E+02,  0.0000000E+00,  2.6371295E+02,3325,  7.3113814E-02,  0.0000000E+00, -1.3134452E-02,  1.0003073E+03,  1.8285359E+04,3,
 -1.4206955E+02,  0.0000000E+00,  2.6423492E+02,3389, -7.7609797E-03,  0.0000000E+00,  4.6504196E-02,  1.0005555E+03,  3.3086488E+04,3,
 -1.3904213E+02,  0.0000000E+00,  2.6350729E+02,3316, -2.2055667E-02,  0.0000000E+00, -6.3919381E-04,  1.0003742E+03,  2.2274545E+04,3,
 -1.3569624E+02,  0.0000000E+00,  2.6378281E+02,3307,  2.3013458E-02,  0.0000000E+00, -1.9784993E-02,  1.0002586E+03,  1.5388112E+04,3,
 -1.3378082E+02,  0.0000000E+00,  2.6392322E+02,3298,  7.2584935E-02,  0.0000000E+00,  8.5128061E-03,  1.0004279E+03,  2.5472141E+04,3,
 -1.3078485E+02,  0.0000000E+00,  2.6348831E+02,3289, -7.4639352E-04,  0.0000000E+00,  1.0314869E-02,  1.0001307E+03,  7.7764209E+03,3,
 -1.2698299E+02,  0.0000000E+00,  2.6347369E+02,3280, -1.8819064E-02,  0.0000000E+00, -1.1462137E-03,  1.0003575E+03,  2.1278008E+04,3,
 -1.2366578E+02,  0.0000000E+00,  2.6402991E+02,3399,  3.8289368E-02,  0.0000000E+00, -2.0315472E-02,  1.0003008E+03,  1.7903615E+04,3,
 -1.2224290E+02,  0.0000000E+00,  2.6393027E+02,3371,  4.8551917E-02,  0.0000000E+00,  1.0618778E-02,  1.0002339E+03,  1.3919819E+04,3,
 -1.1890871E+02,  0.0000000E+00,  2.6349374E+02,3271,  1.1006454E-02,  0.0000000E+00,  1.0922665E-03,  1.0002196E+03,  1.3065837E+04,3,
 -1.1506924E+02,  0.0000000E+00,  2.6349701E+02,3262,  5.1379702E-03,  0.0000000E+00,  1.6658740E-03,  9.9994891E+02, -3.0370283E+03,3,
 -1.1151019E+02,  0.0000000E+00,  2.6378745E+02,3436, -2.2776771E-02,  0.0000000E+00,  5.7365783E-03,  1.0001010E+03,  6.0078564E+03,3,
 -1.0849984E+02,  0.0000000E+00,  2.6405252E+02,3391, -5.0151538E-02,  0.0000000E+00, -1.5902266E-02,  1.0002751E+03,  1.6369520E+04,3,
 -1.0608668E+02,  0.0000000E+00,  2.6381613E+02,3253,  6.1734833E-02,  0.0000000E+00, -7.1415943E-03,  1.0002658E+03,  1.5817012E+04,3,
 -1.0296473E+02,  0.0000000E+00,  2.6366357E+02,3244,  2.5066482E-02,  0.0000000E+00,  5.8820788E-03,  1.0003561E+03,  2.1194361E+04,3,
 -9.9076591E+01,  0.0000000E+00,  2.6382809E+02,3443, -3.5433068E-03,  0.0000000E+00, -2.7690609E-03,  9.9993115E+02, -4.0926946E+03,3,
 -9.4938934E+01,  0.0000000E+00,  2.6359723E+02,3235,  6.2223924E-03,  0.0000000E+00, -1.5329045E-03,  9.9996387E+02, -2.1481499E+03,3,
 -9.1338806E+01,  0.0000000E+00,  2.6404916E+02,3335,  5.0166962E-03,  0.0000000E+00,  3.2231291E-03,  9.9978235E+02, -1.2932656E+04,3,
 -8.7022041E+01,  0.0000000E+00,  2.6355756E+02,3226,  5.8602374E-03,  0.0000000E+00, -3.4286575E-03,  1.0002402E+03,  1.4290506E+04,3,
 -8.4435860E+01,  0.0000000E+00,  2.6433676E+02,3481,  6.9102824E-02,  0.0000000E+00, -1.0180797E-02,  1.0002700E+03,  1.6064183E+04,3,
 -8.0641098E+01,  0.0000000E+00,  2.6370197E+02,3208,  3.6690399E-02,  0.0000000E+00, -4.4458848E-04,  1.0002240E+03,  1.3327475E+04,3,
 -7.7967201E+01,  0.0000000E+00,  2.6404208E+02,3199,  5.0441962E-02,  0.0000000E+00,  1.6813485E-03,  1.0003666E+03,  2.1823545E+04,3,
 -7.3054588E+01,  0.0000000E+00,  2.6436865E+02,3290,  3.5401043E-02,  0.0000000E+00,  6.7126856E-04,  1.0002491E+03,  1.4821122E+04,3,
 -7.5156174E+01,  0.0000000E+00,  2.6438220E+02,3472,  3.7601493E-02,  0.0000000E+00,  1.6916060E-03,  1.0002394E+03,  1.4246896E+04,3,
 -7.1104561E+01,  0.0000000E+00,  2.6453430E+02,3427,  3.9261580E-02,  0.0000000E+00, -3.6865561E-03,  1.0002897E+03,  1.7238326E+04,3,
 -6.8696045E+01,  0.0000000E+00,  2.6396884E+02,3308,  3.0143060E-02,  0.0000000E+00, -9.7876717E-04,  1.0002260E+03,  1.3443761E+04,3,
 -6.4841209E+01,  0.0000000E+00,  2.6397452E+02,3190,  2.3010485E-02,  0.0000000E+00,  2.3257895E-03,  1.0002231E+03,  1.3276601E+04,3,
 -6.1953213E+01,  0.0000000E+00,  2.6436899E+02,3181,  3.4786083E-02,  0.0000000E+00, -1.0136166E-03,  1.0003958E+03,  2.3562189E+04,3,
 -5.8533604E+01,  0.0000000E+00,  2.6445258E+02,3317,  3.5041854E-02,  0.0000000E+00,  4.7106671E-04,  1.0005620E+03,  3.3468812E+04,3,
 -5.6374252E+01,  0.0000000E+00,  2.6458521E+02,3336,  2.4261868E-02,  0.0000000E+00, -4.2030381E-04,  1.0001144E+03,  6.8031270E+03,3,
 -5.4920399E+01,  0.0000000E+00,  2.6496823E+02,3299,  2.6724271E-02,  0.0000000E+00,  8.6053489E-03,  1.0002881E+03,  1.7143809E+04,3,
 -4.9713242E+01,  0.0000000E+00,  2.6484103E+02,3456,  7.2194114E-03,  0.0000000E+00, -2.6593646E-03,  1.0002496E+03,  1.4853832E+04,3,
 -4.3016155E+01,  0.0000000E+00,  2.6486435E+02,3163,  1.1889171E-02,  0.0000000E+00, -5.9232856E-03,  1.0001381E+03,  8.2122549E+03,3,
 -3.5483913E+01,  0.0000000E+00,  2.6496893E+02,3466,  1.6359419E-02,  0.0000000E+00,  3.5956879E-03,  1.0002251E+03,  1.3392885E+04,3,
  2.0997095E+02,  0.0000000E+00,  2.5826831E+02,3404, -3.6485534E-02,  0.0000000E+00,  1.0402942E-01,  1.0007996E+03,  4.7654414E+04,3,
 -3.9729681E+02,  0.0000000E+00,  2.6571863E+02,3820, -1.3151512E-07,  0.0000000E+00, -6.5995194E-04,  9.9998450E+02, -9.2172943E+02,3,
 -3.9654605E+02,  0.0000000E+00,  2.6577200E+02,3815,  1.3120426E-04,  0.0000000E+00, -5.2109599E-04,  1.0000721E+03,  4.2904360E+03,3,
 -3.9712177E+02,  0.0000000E+00,  2.6698260E+02,3828, -6.8208406E-04,  0.0000000E+00, -3.7706198E-04,  1.0003749E+03,  2.2314555E+04,3,
 -3.9475653E+02,  0.0000000E+00,  2.6590518E+02,3821, -9.8588469E-04,  0.0000000E+00, -7.5112982E-04,  1.0002412E+03,  1.4352289E+04,3,
 -3.9371164E+02,  0.0000000E+00,  2.6597354E+02,3822, -8.7444240E-04,  0.0000000E+00, -7.0158107E-04,  1.0002599E+03,  1.5464440E+04,3,
 -3.9260989E+02,  0.0000000E+00,  2.6602100E+02,3823, -5.4859214E-05,  0.0000000E+00, -2.5873529E-04,  1.0002344E+03,  1.3948892E+04,3,
 -3.9161829E+02,  0.0000000E+00,  2.6603000E+02,3824,  8.2813739E-04,  0.0000000E+00,  1.4720825E-04,  1.0001931E+03,  1.1488889E+04,3,
 -3.9049435E+02,  0.0000000E+00,  2.6593130E+02,3825,  3.5595350E-04,  0.0000000E+00, -1.9948940E-04,  1.0001406E+03,  8.3648018E+03,3,
 -3.8976569E+02,  0.0000000E+00,  2.6595404E+02,3827, -4.4328235E-03,  0.0000000E+00, -2.4376874E-04,  1.0001241E+03,  7.3805547E+03,3,
 -3.8815771E+02,  0.0000000E+00,  2.6635132E+02,3826,  2.1988158E-03,  0.0000000E+00, -2.9175896E-03,  1.0001733E+03,  1.0311792E+04,3,
 -3.8647546E+02,  0.0000000E+00,  2.6648663E+02,3818,  4.7711558E-03,  0.0000000E+00, -1.3949908E-03,  1.0002275E+03,  1.3538243E+04,3,
 -3.8526782E+02,  0.0000000E+00,  2.6564920E+02,3812,  4.7954232E-03,  0.0000000E+00,  5.1104667E-04,  1.0001361E+03,  8.0960308E+03,3,
 -3.8443521E+02,  0.0000000E+00,  2.6577481E+02,3813,  2.4239032E-03,  0.0000000E+00,  1.4963097E-04,  1.0001934E+03,  1.1503422E+04,3,
 -3.7784335E+02,  0.0000000E+00,  2.6569714E+02,3788,  5.7243560E-03,  0.0000000E+00, -9.5111330E-04,  1.0002090E+03,  1.2433574E+04,3,
 -3.8234674E+02,  0.0000000E+00,  2.6554782E+02,3805,  3.3959802E-03,  0.0000000E+00, -7.7125261E-04,  1.0001349E+03,  8.0270229E+03,3,
 -3.7998438E+02,  0.0000000E+00,  2.6565576E+02,3785,  2.9243596E-03,  0.0000000E+00, -5.7787786E-04,  1.0001649E+03,  9.8068457E+03,3,
 -3.8327496E+02,  0.0000000E+00,  2.6673050E+02,3814,  4.6227244E-03,  0.0000000E+00, -5.0445739E-04,  1.0002951E+03,  1.7561877E+04,3,
 -3.8076199E+02,  0.0000000E+00,  2.6667877E+02,3806,  5.1729754E-03,  0.0000000E+00, -3.1145816E-04,  1.0002857E+03,  1.7002033E+04,3,
 -3.7896616E+02,  0.0000000E+00,  2.6573596E+02,3804,  2.8443821E-03,  0.0000000E+00, -7.7942043E-04,  1.0001817E+03,  1.0809498E+04,3,
 -3.7667847E+02,  0.0000000E+00,  2.6682330E+02,3819,  4.7329758E-04,  0.0000000E+00, -6.5210828E-04,  1.0002953E+03,  1.7576418E+04,3,
 -3.7587903E+02,  0.0000000E+00,  2.6579123E+02,3795,  7.4925632E-03,  0.0000000E+00, -1.1572576E-04,  1.0002238E+03,  1.3316573E+04,3,
 -3.7463022E+02,  0.0000000E+00,  2.6558899E+02,3798,  2.9164567E-03,  0.0000000E+00, -8.0946236E-05,  1.0001160E+03,  6.8975464E+03,3,
 -3.7270706E+02,  0.0000000E+00,  2.6659177E+02,3807,  5.6160567E-03,  0.0000000E+00, -1.4639945E-03,  1.0002631E+03,  1.5653446E+04,3,
 -3.7100156E+02,  0.0000000E+00,  2.6628793E+02,3796,  5.0537009E-03,  0.0000000E+00, -1.0238590E-03,  1.0002285E+03,  1.3596388E+04,3,
 -3.7375906E+02,  0.0000000E+00,  2.6577979E+02,3787,  2.3963787E-03,  0.0000000E+00, -8.9491549E-04,  1.0001941E+03,  1.1547021E+04,3,
 -3.6937708E+02,  0.0000000E+00,  2.6621921E+02,3817,  4.2658034E-03,  0.0000000E+00, -1.7660969E-03,  1.0002240E+03,  1.3327475E+04,3,
 -3.6716385E+02,  0.0000000E+00,  2.6549335E+02,3799,  8.4990058E-03,  0.0000000E+00, -2.4233668E-03,  1.0002005E+03,  1.1928520E+04,3,
 -3.6807486E+02,  0.0000000E+00,  2.6630118E+02,3810,  2.6609004E-03,  0.0000000E+00, -2.9580297E-03,  1.0002335E+03,  1.3894380E+04,3,
 -3.6502774E+02,  0.0000000E+00,  2.6607681E+02,3797,  4.8899869E-03,  0.0000000E+00, -1.4278293E-03,  1.0002714E+03,  1.6151421E+04,3,
 -3.6619766E+02,  0.0000000E+00,  2.6576614E+02,3786,  4.6548168E-03,  0.0000000E+00, -1.7440551E-03,  1.0002345E+03,  1.3952526E+04,3,
 -3.6373859E+02,  0.0000000E+00,  2.6634955E+02,3808,  5.4187384E-03,  0.0000000E+00, -1.8438365E-03,  1.0002853E+03,  1.6980221E+04,3,
 -3.6156006E+02,  0.0000000E+00,  2.6664539E+02,3809,  9.6674534E-03,  0.0000000E+00, -2.3271427E-03,  1.0002996E+03,  1.7830904E+04,3,
 -3.6255194E+02,  0.0000000E+00,  2.6538559E+02,3779,  2.1214213E-03,  0.0000000E+00, -2.1194802E-03,  1.0001796E+03,  1.0685978E+04,3,
 -3.6101202E+02,  0.0000000E+00,  2.6538129E+02,3778,  9.3813409E-04,  0.0000000E+00, -4.5234766E-03,  1.0001433E+03,  8.5246152E+03,3,
 -3.5930109E+02,  0.0000000E+00,  2.6660794E+02,3800,  3.8126861E-03,  0.0000000E+00, -3.8907523E-04,  1.0002787E+03,  1.6587623E+04,3,
 -3.5865945E+02,  0.0000000E+00,  2.6564874E+02,3758,  7.6809316E-03,  0.0000000E+00,  7.9126644E-04,  1.0002332E+03,  1.3872575E+04,3,
 -3.5736481E+02,  0.0000000E+00,  2.6560294E+02,3768,  1.9395653E-03,  0.0000000E+00,  7.1670604E-04,  1.0001967E+03,  1.1699619E+04,3,
 -3.5634470E+02,  0.0000000E+00,  2.6635736E+02,3801,  3.1469122E-03,  0.0000000E+00, -7.6486770E-04,  1.0002396E+03,  1.4254164E+04,3,
 -3.5468805E+02,  0.0000000E+00,  2.6636057E+02,3790,  4.9078446E-03,  0.0000000E+00, -3.0830989E-03,  1.0002509E+03,  1.4926521E+04,3,
 -3.5301251E+02,  0.0000000E+00,  2.6553946E+02,3749,  2.5270052E-02,  0.0000000E+00,  3.3114003E-03,  1.0002018E+03,  1.2004821E+04,3,
 -3.5252542E+02,  0.0000000E+00,  2.6670404E+02,3789, -7.2343735E-04,  0.0000000E+00, -1.3537036E-03,  1.0002772E+03,  1.6493111E+04,3,
 -3.5125586E+02,  0.0000000E+00,  2.6580731E+02,3759,  1.7670933E-02,  0.0000000E+00,  1.4172409E-03,  1.0002127E+03,  1.2655225E+04,3,
 -3.5044788E+02,  0.0000000E+00,  2.6555978E+02,3769,  1.1327876E-02,  0.0000000E+00,  2.6615921E-03,  1.0001262E+03,  7.5040342E+03,3,
 -3.4905750E+02,  0.0000000E+00,  2.6658328E+02,3792,  1.1717722E-02,  0.0000000E+00,  2.6815140E-04,  1.0002522E+03,  1.5006480E+04,3,
 -3.4762772E+02,  0.0000000E+00,  2.6613434E+02,3781,  1.3374249E-02,  0.0000000E+00, -3.2723608E-04,  1.0002026E+03,  1.2055689E+04,3,
 -3.4626764E+02,  0.0000000E+00,  2.6613361E+02,3791,  1.3033289E-02,  0.0000000E+00,  3.7033221E-04,  1.0002050E+03,  1.2193761E+04,3,
 -3.4505649E+02,  0.0000000E+00,  2.6633701E+02,3782,  1.2906714E-02,  0.0000000E+00,  6.6618918E-04,  1.0002288E+03,  1.3614558E+04,3,
 -3.4399826E+02,  0.0000000E+00,  2.6572125E+02,3761,  1.1161956E-02,  0.0000000E+00, -7.5886666E-05,  1.0001542E+03,  9.1711582E+03,3,
 -3.4284393E+02,  0.0000000E+00,  2.6579626E+02,3742,  1.5891597E-02,  0.0000000E+00, -8.9905679E-04,  1.0002042E+03,  1.2150159E+04,3,
 -3.4183301E+02,  0.0000000E+00,  2.6662857E+02,3780,  5.2564815E-03,  0.0000000E+00,  8.5111074E-05,  1.0002872E+03,  1.7089279E+04,3,
 -3.3781171E+02,  0.0000000E+00,  2.6569693E+02,3722,  1.4765764E-02,  0.0000000E+00, -6.0252607E-04,  1.0002567E+03,  1.5271805E+04,3,
 -3.4078638E+02,  0.0000000E+00,  2.6547394E+02,3752,  2.5452366E-02,  0.0000000E+00,  7.4446754E-04,  1.0000734E+03,  4.3630483E+03,3,
 -3.3958426E+02,  0.0000000E+00,  2.6670184E+02,3783,  7.7474504E-03,  0.0000000E+00,  1.3444151E-03,  1.0003013E+03,  1.7929064E+04,3,
 -3.3878946E+02,  0.0000000E+00,  2.6539267E+02,3753,  9.8794978E-03,  0.0000000E+00,  2.7170442E-03,  1.0001486E+03,  8.8406162E+03,3,
 -3.3662314E+02,  0.0000000E+00,  2.6643356E+02,3770,  1.1266103E-02,  0.0000000E+00, -7.2490156E-04,  1.0002808E+03,  1.6707582E+04,3,
 -3.3563531E+02,  0.0000000E+00,  2.6542868E+02,3723,  1.5973302E-02,  0.0000000E+00, -7.2965591E-04,  1.0002167E+03,  1.2891416E+04,3,
 -3.3437625E+02,  0.0000000E+00,  2.6657224E+02,3772,  1.3439811E-02,  0.0000000E+00,  7.7060569E-04,  1.0002892E+03,  1.7212879E+04,3,
 -3.3331131E+02,  0.0000000E+00,  2.6564911E+02,3743,  1.5068522E-02,  0.0000000E+00,  2.6811920E-03,  1.0002516E+03,  1.4973771E+04,3,
 -3.3232468E+02,  0.0000000E+00,  2.6533688E+02,3754,  4.7644088E-03,  0.0000000E+00, -5.8204011E-04,  1.0001065E+03,  6.3346724E+03,3,
 -3.3156931E+02,  0.0000000E+00,  2.6662033E+02,3771,  1.4429363E-02,  0.0000000E+00,  2.3766521E-04,  1.0002910E+03,  1.7314670E+04,3,
 -3.3056976E+02,  0.0000000E+00,  2.6540329E+02,3744,  1.7935913E-02,  0.0000000E+00, -1.1455207E-03,  1.0000925E+03,  5.4994980E+03,3,
 -3.2925687E+02,  0.0000000E+00,  2.6661920E+02,3774,  9.2759058E-03,  0.0000000E+00,  8.7518932E-04,  1.0002898E+03,  1.7245598E+04,3,
 -3.2855383E+02,  0.0000000E+00,  2.6562036E+02,3751,  1.1993415E-02,  0.0000000E+00,  1.3355293E-03,  1.0002916E+03,  1.7354658E+04,3,
 -3.2722809E+02,  0.0000000E+00,  2.6534018E+02,3762,  9.7415391E-03,  0.0000000E+00, -1.0487671E-03,  1.0002577E+03,  1.5333593E+04,3,
 -3.2615033E+02,  0.0000000E+00,  2.6658929E+02,3773,  1.5501205E-02,  0.0000000E+00, -8.6601079E-04,  1.0002681E+03,  1.5955136E+04,3,
 -3.2528864E+02,  0.0000000E+00,  2.6551971E+02,3733,  1.2575197E-02,  0.0000000E+00, -1.0050578E-03,  1.0002386E+03,  1.4196016E+04,3,
 -3.2364642E+02,  0.0000000E+00,  2.6549823E+02,3724,  1.2240639E-02,  0.0000000E+00, -1.3861776E-03,  1.0002314E+03,  1.3770821E+04,3,
 -3.2320908E+02,  0.0000000E+00,  2.6658209E+02,3763,  1.0756025E-02,  0.0000000E+00, -5.2352971E-04,  1.0002696E+03,  1.6042373E+04,3,
 -3.1661819E+02,  0.0000000E+00,  2.6544479E+02,3696,  1.2842122E-02,  0.0000000E+00,  4.5176258E-04,  1.0002464E+03,  1.4661207E+04,3,
 -3.2194632E+02,  0.0000000E+00,  2.6552460E+02,3705,  1.3242965E-02,  0.0000000E+00,  7.4914198E-05,  1.0001837E+03,  1.0929387E+04,3,
 -3.2062103E+02,  0.0000000E+00,  2.6661038E+02,3765,  1.3610411E-02,  0.0000000E+00,  3.5325135E-04,  1.0002775E+03,  1.6514922E+04,3,
 -3.1986688E+02,  0.0000000E+00,  2.6551202E+02,3686,  8.0504855E-03,  0.0000000E+00,  3.6847437E-04,  1.0002178E+03,  1.2956823E+04,3,
 -3.1763983E+02,  0.0000000E+00,  2.6650464E+02,3764,  1.0815319E-02,  0.0000000E+00, -1.2016929E-04,  1.0002779E+03,  1.6536732E+04,3,
 -3.1856131E+02,  0.0000000E+00,  2.6553741E+02,3732,  1.3184434E-02,  0.0000000E+00, -6.1267329E-04,  1.0002415E+03,  1.4370460E+04,3,
 -3.1517883E+02,  0.0000000E+00,  2.6657208E+02,3756,  1.0882750E-02,  0.0000000E+00, -2.1155323E-04,  1.0002710E+03,  1.6125976E+04,3,
 -3.1463705E+02,  0.0000000E+00,  2.6547647E+02,3725,  1.0883380E-02,  0.0000000E+00, -4.3622326E-04,  1.0002174E+03,  1.2935021E+04,3,
 -3.1222531E+02,  0.0000000E+00,  2.6651660E+02,3755,  1.2822977E-02,  0.0000000E+00, -3.3768162E-04,  1.0002697E+03,  1.6049643E+04,3,
 -3.1329611E+02,  0.0000000E+00,  2.6556659E+02,3715,  1.3322975E-02,  0.0000000E+00, -3.5494450E-04,  1.0002145E+03,  1.2764235E+04,3,
 -3.1007602E+02,  0.0000000E+00,  2.6636176E+02,3745,  1.2537213E-02,  0.0000000E+00, -4.2006232E-05,  1.0002928E+03,  1.7423730E+04,3,
 -3.1099319E+02,  0.0000000E+00,  2.6537067E+02,3714,  9.7897705E-03,  0.0000000E+00, -2.2876823E-04,  1.0001769E+03,  1.0522496E+04,3,
 -3.0849249E+02,  0.0000000E+00,  2.6641876E+02,3747,  1.2938133E-02,  0.0000000E+00,  2.6865469E-04,  1.0003087E+03,  1.8368980E+04,3,
 -3.0762961E+02,  0.0000000E+00,  2.6526807E+02,3716,  7.7237650E-03,  0.0000000E+00, -7.7402242E-04,  1.0001312E+03,  7.8054761E+03,3,
 -3.0651550E+02,  0.0000000E+00,  2.6646957E+02,3734,  1.0872204E-02,  0.0000000E+00, -1.7127719E-03,  1.0002855E+03,  1.6991127E+04,3,
 -3.0553687E+02,  0.0000000E+00,  2.6561963E+02,3695,  9.3679735E-03,  0.0000000E+00, -3.8130409E-03,  1.0002436E+03,  1.4494026E+04,3,
 -3.0438370E+02,  0.0000000E+00,  2.6544345E+02,3707,  1.5990809E-02,  0.0000000E+00, -1.5565833E-03,  1.0001729E+03,  1.0286362E+04,3,
 -3.0339139E+02,  0.0000000E+00,  2.6665039E+02,3746,  1.0071345E-02,  0.0000000E+00, -4.4801235E-04,  1.0002733E+03,  1.6264104E+04,3,
 -3.0240005E+02,  0.0000000E+00,  2.6571387E+02,3678,  8.3198696E-03,  0.0000000E+00, -4.9899067E-05,  1.0002261E+03,  1.3451028E+04,3,
 -3.0130188E+02,  0.0000000E+00,  2.6574646E+02,3668,  9.7674485E-03,  0.0000000E+00, -1.3221339E-03,  1.0001953E+03,  1.1619687E+04,3,
 -3.0018137E+02,  0.0000000E+00,  2.6573508E+02,3669,  1.2844024E-02,  0.0000000E+00, -1.0121748E-03,  1.0002006E+03,  1.1932153E+04,3,
 -2.9831845E+02,  0.0000000E+00,  2.6551126E+02,3641,  1.7540600E-02,  0.0000000E+00,  4.2979798E-04,  1.0002083E+03,  1.2393605E+04,3,
 -2.9908218E+02,  0.0000000E+00,  2.6649469E+02,3735,  6.8150330E-03,  0.0000000E+00,  1.0736888E-04,  1.0002559E+03,  1.5224555E+04,3,
 -2.9706323E+02,  0.0000000E+00,  2.6624551E+02,3726,  4.0882807E-03,  0.0000000E+00, -1.0393778E-03,  1.0002268E+03,  1.3494636E+04,3,
 -2.9542349E+02,  0.0000000E+00,  2.6634033E+02,3738,  1.8274041E-02,  0.0000000E+00, -6.0158744E-03,  1.0001984E+03,  1.1804985E+04,3,
 -2.9374280E+02,  0.0000000E+00,  2.6556534E+02,3687,  2.6819006E-02,  0.0000000E+00, -2.7104723E-03,  1.0001693E+03,  1.0072030E+04,3,
 -2.9295624E+02,  0.0000000E+00,  2.6573392E+02,3706,  2.4263758E-02,  0.0000000E+00, -8.4561901E-04,  1.0002409E+03,  1.4334117E+04,3,
 -2.9205139E+02,  0.0000000E+00,  2.6663153E+02,3736,  1.9211687E-02,  0.0000000E+00, -3.5522220E-04,  1.0002606E+03,  1.5508058E+04,3,
 -2.9100775E+02,  0.0000000E+00,  2.6563126E+02,3697,  2.1091631E-02,  0.0000000E+00,  1.4615578E-03,  1.0002510E+03,  1.4933791E+04,3,
 -2.8884131E+02,  0.0000000E+00,  2.6647421E+02,3737,  2.4768515E-02,  0.0000000E+00,  4.7434663E-04,  1.0002598E+03,  1.5457172E+04,3,
 -2.8994168E+02,  0.0000000E+00,  2.6544150E+02,3699,  2.4479968E-02,  0.0000000E+00,  7.8370294E-04,  1.0001742E+03,  1.0362651E+04,3,
 -2.8740451E+02,  0.0000000E+00,  2.6626434E+02,3727,  2.3590738E-02,  0.0000000E+00,  1.3740980E-03,  1.0002532E+03,  1.5068268E+04,3,
 -2.8595123E+02,  0.0000000E+00,  2.6563321E+02,3717,  1.6936924E-02,  0.0000000E+00,  2.4051743E-04,  1.0002103E+03,  1.2509880E+04,3,
 -2.8512689E+02,  0.0000000E+00,  2.6641553E+02,3729,  2.4419839E-02,  0.0000000E+00,  7.5848697E-04,  1.0002621E+03,  1.5595290E+04,3,
 -2.8377951E+02,  0.0000000E+00,  2.6545700E+02,3688,  1.8575154E-02,  0.0000000E+00,  3.0466204E-04,  1.0001982E+03,  1.1794085E+04,3,
 -2.8293475E+02,  0.0000000E+00,  2.6651447E+02,3728,  2.2931419E-02,  0.0000000E+00,  6.4560911E-04,  1.0002758E+03,  1.6413141E+04,3,
 -2.8180466E+02,  0.0000000E+00,  2.6558746E+02,3679,  2.0126022E-02,  0.0000000E+00,  1.2422220E-03,  1.0002236E+03,  1.3305671E+04,3,
 -2.8032153E+02,  0.0000000E+00,  2.6647446E+02,3718,  2.5810260E-02,  0.0000000E+00, -7.6139922E-04,  1.0002684E+03,  1.5969676E+04,3,
 -2.8013348E+02,  0.0000000E+00,  2.6542194E+02,3698,  8.5671991E-03,  0.0000000E+00, -3.9178403E-03,  1.0001916E+03,  1.1398059E+04,3,
 -2.7848444E+02,  0.0000000E+00,  2.6539099E+02,3689,  3.1693894E-02,  0.0000000E+00, -3.6618039E-03,  1.0001517E+03,  9.0258633E+03,3,
 -2.7785367E+02,  0.0000000E+00,  2.6663528E+02,3719,  1.2634713E-02,  0.0000000E+00,  7.3833758E-04,  1.0002788E+03,  1.6591258E+04,3,
 -2.7670782E+02,  0.0000000E+00,  2.6559912E+02,3650,  1.8551195E-02,  0.0000000E+00,  2.5555831E-03,  1.0002725E+03,  1.6216850E+04,3,
 -2.7555652E+02,  0.0000000E+00,  2.6547766E+02,3653,  1.8284887E-02,  0.0000000E+00,  1.4384758E-03,  1.0002745E+03,  1.6336805E+04,3,
 -2.7446539E+02,  0.0000000E+00,  2.6656290E+02,3720,  1.9506298E-02,  0.0000000E+00, -2.9090361E-04,  1.0002631E+03,  1.5653446E+04,3,
 -2.7369312E+02,  0.0000000E+00,  2.6563690E+02,3659,  1.7090920E-02,  0.0000000E+00, -1.3577048E-03,  1.0002552E+03,  1.5184574E+04,3,
 -2.7219858E+02,  0.0000000E+00,  2.6553790E+02,3670,  3.0253878E-02,  0.0000000E+00,  6.3963147E-04,  1.0001792E+03,  1.0660547E+04,3,
 -2.7137082E+02,  0.0000000E+00,  2.6635077E+02,3708,  1.3876001E-02,  0.0000000E+00,  2.0517330E-03,  1.0002505E+03,  1.4908350E+04,3,
 -2.6982254E+02,  0.0000000E+00,  2.6644162E+02,3710,  2.0234192E-02,  0.0000000E+00,  1.3984853E-03,  1.0002727E+03,  1.6227755E+04,3,
 -2.6841064E+02,  0.0000000E+00,  2.6553607E+02,3623,  1.4071415E-02,  0.0000000E+00,  3.3116253E-04,  1.0002145E+03,  1.2764235E+04,3,
 -2.6732956E+02,  0.0000000E+00,  2.6662912E+02,3711,  2.3001313E-02,  0.0000000E+00,  1.1073897E-03,  1.0002789E+03,  1.6594893E+04,3,
 -2.6632068E+02,  0.0000000E+00,  2.6557489E+02,3662,  1.3096445E-02,  0.0000000E+00,  7.0734561E-04,  1.0002322E+03,  1.3814430E+04,3,
 -2.6527304E+02,  0.0000000E+00,  2.6528519E+02,3681,  1.0440915E-02,  0.0000000E+00, -2.0111370E-04,  1.0001066E+03,  6.3383037E+03,3,
 -2.6445859E+02,  0.0000000E+00,  2.6644797E+02,3709,  2.1219067E-02,  0.0000000E+00, -5.0292246E-04,  1.0002943E+03,  1.7514617E+04,3,
 -2.6303360E+02,  0.0000000E+00,  2.6624487E+02,3701,  1.6727429E-02,  0.0000000E+00,  1.2577340E-03,  1.0003073E+03,  1.8288994E+04,3,
 -2.6171545E+02,  0.0000000E+00,  2.6613226E+02,3700,  1.7486749E-02,  0.0000000E+00,  1.7894522E-03,  1.0002722E+03,  1.6195040E+04,3,
 -2.6053555E+02,  0.0000000E+00,  2.6544733E+02,3587,  1.0221431E-02,  0.0000000E+00, -2.6382066E-04,  1.0001800E+03,  1.0707775E+04,3,
 -2.5938992E+02,  0.0000000E+00,  2.6656622E+02,3702,  2.1368612E-02,  0.0000000E+00, -8.5506050E-05,  1.0002587E+03,  1.5395382E+04,3,
 -2.5827393E+02,  0.0000000E+00,  2.6573096E+02,3651,  1.4962003E-02,  0.0000000E+00, -9.8509889E-04,  1.0002261E+03,  1.3454662E+04,3,
 -2.5722577E+02,  0.0000000E+00,  2.6575702E+02,3652,  1.7472824E-02,  0.0000000E+00, -3.3878921E-05,  1.0002106E+03,  1.2528048E+04,3,
 -2.5619275E+02,  0.0000000E+00,  2.6579913E+02,3605,  1.6818577E-02,  0.0000000E+00,  3.2229035E-04,  1.0002182E+03,  1.2982260E+04,3,
 -2.5510919E+02,  0.0000000E+00,  2.6556024E+02,3663,  1.4085895E-02,  0.0000000E+00,  3.2279309E-04,  1.0002542E+03,  1.5126421E+04,3,
 -2.5408185E+02,  0.0000000E+00,  2.6652676E+02,3680,  1.5167069E-02,  0.0000000E+00,  1.3609992E-04,  1.0002541E+03,  1.5119151E+04,3,
 -2.5333250E+02,  0.0000000E+00,  2.6551526E+02,3597,  1.9235445E-02,  0.0000000E+00, -1.4836395E-05,  1.0002302E+03,  1.3694506E+04,3,
 -2.5183008E+02,  0.0000000E+00,  2.6624203E+02,3692,  1.7674353E-02,  0.0000000E+00,  1.5083301E-03,  1.0002262E+03,  1.3458296E+04,3,
 -2.5019859E+02,  0.0000000E+00,  2.6603717E+02,3690,  9.8213796E-03,  0.0000000E+00,  1.5055471E-04,  1.0002161E+03,  1.2855078E+04,3,
 -2.4905940E+02,  0.0000000E+00,  2.6639365E+02,3693,  1.7453272E-02,  0.0000000E+00, -2.2072399E-04,  1.0002419E+03,  1.4395900E+04,3,
 -2.4793881E+02,  0.0000000E+00,  2.6547708E+02,3671,  1.2063948E-02,  0.0000000E+00, -1.1946522E-03,  1.0002147E+03,  1.2775137E+04,3,
 -2.4689026E+02,  0.0000000E+00,  2.6566891E+02,3643,  1.4290948E-02,  0.0000000E+00, -1.1419991E-03,  1.0002667E+03,  1.5871534E+04,3,
 -2.4484499E+02,  0.0000000E+00,  2.6560641E+02,3654,  1.3067194E-02,  0.0000000E+00, -1.6909729E-03,  1.0002669E+03,  1.5882438E+04,3,
 -2.4577292E+02,  0.0000000E+00,  2.6650671E+02,3691,  1.3295787E-02,  0.0000000E+00, -1.1514471E-03,  1.0002607E+03,  1.5515327E+04,3,
 -2.4357176E+02,  0.0000000E+00,  2.6567731E+02,3661,  1.8681506E-02,  0.0000000E+00,  2.9775483E-04,  1.0002167E+03,  1.2895050E+04,3,
 -2.4162744E+02,  0.0000000E+00,  2.6546048E+02,3645,  1.5540578E-02,  0.0000000E+00,  1.7106299E-03,  1.0002006E+03,  1.1935787E+04,3,
 -2.4226553E+02,  0.0000000E+00,  2.6651239E+02,3683,  1.2045353E-02,  0.0000000E+00,  5.9507880E-04,  1.0002460E+03,  1.4635767E+04,3,
 -2.4022662E+02,  0.0000000E+00,  2.6561542E+02,3633,  1.0361366E-02,  0.0000000E+00, -1.5837617E-03,  1.0002272E+03,  1.3520073E+04,3,
 -2.3929623E+02,  0.0000000E+00,  2.6632706E+02,3682,  1.1800206E-02,  0.0000000E+00, -3.5328427E-03,  1.0002731E+03,  1.6249564E+04,3,
 -2.3772449E+02,  0.0000000E+00,  2.6640884E+02,3684,  3.0927166E-02,  0.0000000E+00,  9.3257002E-04,  1.0002849E+03,  1.6954775E+04,3,
 -2.3685490E+02,  0.0000000E+00,  2.6537119E+02,3614, -7.2537822E-04,  0.0000000E+00,  5.9102229E-03,  1.0002317E+03,  1.3785357E+04,3,
 -2.3564105E+02,  0.0000000E+00,  2.6629828E+02,3672,  3.2016095E-02,  0.0000000E+00,  7.0360960E-03,  1.0002529E+03,  1.5046461E+04,3,
 -2.3480704E+02,  0.0000000E+00,  2.6555252E+02,3615,  8.1867405E-04,  0.0000000E+00,  3.1304220E-03,  1.0002145E+03,  1.2760602E+04,3,
 -2.3325706E+02,  0.0000000E+00,  2.6533380E+02,3627,  5.0469898E-02,  0.0000000E+00, -2.2326931E-02,  1.0002566E+03,  1.5268170E+04,3,
 -2.3048276E+02,  0.0000000E+00,  2.6540225E+02,3542,  7.4119866E-02,  0.0000000E+00, -2.0872539E-02,  1.0003033E+03,  1.8049039E+04,3,
 -2.3160757E+02,  0.0000000E+00,  2.6552377E+02,3625,  1.2441596E-02,  0.0000000E+00, -4.2019825E-02,  1.0002854E+03,  1.6983857E+04,3,
 -2.3277103E+02,  0.0000000E+00,  2.6648557E+02,3674, -4.7719404E-02,  0.0000000E+00, -2.0997502E-02,  1.0002437E+03,  1.4497661E+04,3,
 -2.2951181E+02,  0.0000000E+00,  2.6635129E+02,3675,  8.5765123E-03,  0.0000000E+00,  1.6660610E-02,  1.0002346E+03,  1.3959794E+04,3,
 -2.2729968E+02,  0.0000000E+00,  2.6614578E+02,3673,  4.6660550E-02,  0.0000000E+00,  2.0023927E-02,  1.0002544E+03,  1.5137324E+04,3,
 -2.2570987E+02,  0.0000000E+00,  2.6633435E+02,3665,  1.3088126E-01,  0.0000000E+00, -1.3211317E-02,  1.0002632E+03,  1.5660716E+04,3,
 -2.2369534E+02,  0.0000000E+00,  2.6627902E+02,3664,  5.2764177E-02,  0.0000000E+00, -1.0180347E-02,  1.0002609E+03,  1.5526230E+04,3,
 -2.2568765E+02,  0.0000000E+00,  2.6503015E+02,3626, -8.9472868E-02,  0.0000000E+00, -8.3224364E-02,  1.0003561E+03,  2.1197998E+04,3,
 -2.2352412E+02,  0.0000000E+00,  2.6528436E+02,3635,  6.2691860E-02,  0.0000000E+00, -2.5307788E-02,  1.0001387E+03,  8.2522080E+03,3,
 -2.2124837E+02,  0.0000000E+00,  2.6541815E+02,3579,  4.7584418E-02,  0.0000000E+00,  1.0473732E-02,  1.0002519E+03,  1.4988309E+04,3,
 -2.2169145E+02,  0.0000000E+00,  2.6653741E+02,3666,  1.1985990E-03,  0.0000000E+00,  6.9764415E-03,  1.0002762E+03,  1.6438584E+04,3,
 -2.1959578E+02,  0.0000000E+00,  2.6622772E+02,3644,  3.6736846E-02,  0.0000000E+00,  7.0979440E-04,  1.0002646E+03,  1.5747950E+04,3,
 -2.1805846E+02,  0.0000000E+00,  2.6623306E+02,3656,  3.6561120E-02,  0.0000000E+00,  1.7175646E-03,  1.0002628E+03,  1.5638907E+04,3,
 -2.1666144E+02,  0.0000000E+00,  2.6616855E+02,3655,  3.0715177E-02,  0.0000000E+00,  3.4382329E-03,  1.0002605E+03,  1.5500788E+04,3,
 -2.1552325E+02,  0.0000000E+00,  2.6536069E+02,3598,  6.2655834E-03,  0.0000000E+00, -3.7548298E-03,  1.0002494E+03,  1.4839294E+04,3,
 -2.1448186E+02,  0.0000000E+00,  2.6644717E+02,3657,  4.3716531E-02,  0.0000000E+00, -4.7152565E-04,  1.0002522E+03,  1.5006480E+04,3,
 -2.1366943E+02,  0.0000000E+00,  2.6554745E+02,3607,  1.4334960E-02,  0.0000000E+00, -2.7267933E-03,  1.0002595E+03,  1.5442633E+04,3,
 -2.1246300E+02,  0.0000000E+00,  2.6561655E+02,3580,  2.5809666E-02,  0.0000000E+00, -3.2863463E-03,  1.0002207E+03,  1.3131246E+04,3,
 -2.1130566E+02,  0.0000000E+00,  2.6554266E+02,3581,  2.8377911E-02,  0.0000000E+00, -1.4901494E-03,  1.0002752E+03,  1.6376789E+04,3,
 -2.1048549E+02,  0.0000000E+00,  2.6610730E+02,3646,  2.3771362E-02,  0.0000000E+00, -9.5241057E-04,  1.0002420E+03,  1.4399534E+04,3,
 -2.0932143E+02,  0.0000000E+00,  2.6554825E+02,3524,  2.1457639E-02,  0.0000000E+00, -2.0420384E-03,  1.0003151E+03,  1.8750742E+04,3,
 -2.0789383E+02,  0.0000000E+00,  2.6633514E+02,3647,  3.2543436E-02,  0.0000000E+00, -2.1961990E-03,  1.0002464E+03,  1.4661207E+04,3,
 -2.0760025E+02,  0.0000000E+00,  2.6529501E+02,3552,  1.7851086E-02,  0.0000000E+00, -1.9020082E-03,  1.0002964E+03,  1.7638223E+04,3,
 -2.0590643E+02,  0.0000000E+00,  2.6612573E+02,3636,  2.9952118E-02,  0.0000000E+00,  4.6351561E-03,  1.0002709E+03,  1.6122341E+04,3,
 -2.0449185E+02,  0.0000000E+00,  2.6643018E+02,3648,  2.4143634E-02,  0.0000000E+00,  7.6675150E-03,  1.0002712E+03,  1.6136881E+04,3,
 -2.0351930E+02,  0.0000000E+00,  2.6569049E+02,3588,  2.0050297E-02,  0.0000000E+00,  6.7276210E-03,  1.0002575E+03,  1.5322689E+04,3,
 -2.0231233E+02,  0.0000000E+00,  2.6572391E+02,3616,  1.7738573E-02,  0.0000000E+00,  2.9294482E-03,  1.0002015E+03,  1.1990288E+04,3,
 -2.0145122E+02,  0.0000000E+00,  2.6558783E+02,3608,  2.6675295E-02,  0.0000000E+00,  1.6454507E-03,  1.0001561E+03,  9.2837627E+03,3,
 -2.0033858E+02,  0.0000000E+00,  2.6646127E+02,3638,  1.9300735E-02,  0.0000000E+00,  1.1613229E-03,  1.0002410E+03,  1.4341386E+04,3,
 -1.9915990E+02,  0.0000000E+00,  2.6544244E+02,3609,  1.8138224E-02,  0.0000000E+00, -2.0813865E-03,  1.0002040E+03,  1.2139259E+04,3,
 -1.9829160E+02,  0.0000000E+00,  2.6566440E+02,3515,  2.3514193E-02,  0.0000000E+00, -2.4356532E-03,  1.0002726E+03,  1.6224120E+04,3,
 -1.9718227E+02,  0.0000000E+00,  2.6630032E+02,3637,  1.3929379E-02,  0.0000000E+00, -1.2152733E-03,  1.0002604E+03,  1.5493519E+04,3,
 -1.9617154E+02,  0.0000000E+00,  2.6543091E+02,3479,  3.0622248E-02,  0.0000000E+00, -9.3070470E-04,  1.0003002E+03,  1.7867260E+04,3,
 -1.9490282E+02,  0.0000000E+00,  2.6619675E+02,3639,  2.4975087E-02,  0.0000000E+00,  6.8036970E-03,  1.0002566E+03,  1.5268170E+04,3,
 -1.9353403E+02,  0.0000000E+00,  2.6602994E+02,3617,  1.1612057E-02,  0.0000000E+00,  8.2080550E-03,  1.0002672E+03,  1.5900613E+04,3,
 -1.9221005E+02,  0.0000000E+00,  2.6622089E+02,3629,  1.7424807E-02,  0.0000000E+00,  4.4776793E-03,  1.0002542E+03,  1.5122786E+04,3,
 -1.9116788E+02,  0.0000000E+00,  2.6523401E+02,3600, -3.1190710E-03,  0.0000000E+00,  6.4711965E-04,  1.0002784E+03,  1.6569447E+04,3,
 -1.9013911E+02,  0.0000000E+00,  2.6620920E+02,3628,  2.5294384E-02,  0.0000000E+00, -3.7834679E-03,  1.0002356E+03,  1.4017940E+04,3,
 -1.8921635E+02,  0.0000000E+00,  2.6557297E+02,3561,  1.0915798E-03,  0.0000000E+00, -8.7386454E-03,  1.0002472E+03,  1.4708455E+04,3,
 -1.8769548E+02,  0.0000000E+00,  2.6540167E+02,3590,  2.6306612E-02,  0.0000000E+00, -1.7285997E-02,  1.0002985E+03,  1.7761830E+04,3,
 -1.8723169E+02,  0.0000000E+00,  2.6636722E+02,3630, -3.6218413E-03,  0.0000000E+00, -1.2718041E-02,  1.0002463E+03,  1.4657573E+04,3,
 -1.8585498E+02,  0.0000000E+00,  2.6546802E+02,3470,  1.9052172E-02,  0.0000000E+00, -8.0487998E-03,  1.0003080E+03,  1.8332623E+04,3,
 -1.8468040E+02,  0.0000000E+00,  2.6642285E+02,3618,  3.8708352E-02,  0.0000000E+00, -5.9202327E-03,  1.0002554E+03,  1.5199112E+04,3,
 -1.8382681E+02,  0.0000000E+00,  2.6553839E+02,3571, -2.9291496E-02,  0.0000000E+00, -1.4811163E-02,  1.0002768E+03,  1.6471301E+04,3,
 -1.8161205E+02,  0.0000000E+00,  2.6646976E+02,3620, -5.9741531E-02,  0.0000000E+00, -2.9804761E-02,  1.0002493E+03,  1.4832025E+04,3,
 -1.8048059E+02,  0.0000000E+00,  2.6537967E+02,3599,  9.8981448E-02,  0.0000000E+00, -4.6136532E-02,  1.0003033E+03,  1.8052676E+04,3,
 -1.8249442E+02,  0.0000000E+00,  2.6533304E+02,3591,  2.4602447E-02,  0.0000000E+00, -3.9346572E-02,  1.0002174E+03,  1.2935021E+04,3,
 -1.7932600E+02,  0.0000000E+00,  2.6627713E+02,3621, -2.4755416E-02,  0.0000000E+00,  1.3227385E-03,  1.0002490E+03,  1.4813854E+04,3,
 -1.7830446E+02,  0.0000000E+00,  2.6596854E+02,3619,  3.2240417E-02,  0.0000000E+00,  1.8553825E-02,  1.0002345E+03,  1.3952526E+04,3,
 -1.7593803E+02,  0.0000000E+00,  2.6584399E+02,3589,  6.7156143E-02,  0.0000000E+00,  5.2806786E-03,  1.0002495E+03,  1.4846563E+04,3,
 -1.7503026E+02,  0.0000000E+00,  2.6620792E+02,3611,  9.4396137E-02,  0.0000000E+00, -1.9552113E-02,  1.0002598E+03,  1.5460807E+04,3,
 -1.7376901E+02,  0.0000000E+00,  2.6606192E+02,3610,  9.8819725E-02,  0.0000000E+00, -4.0338509E-02,  1.0002681E+03,  1.5955136E+04,3,
 -1.7272781E+02,  0.0000000E+00,  2.6545404E+02,3562,  1.2675643E-01,  0.0000000E+00, -4.2278979E-02,  1.0002551E+03,  1.5177305E+04,3,
 -1.7148003E+02,  0.0000000E+00,  2.6635907E+02,3612,  1.4026530E-01,  0.0000000E+00, -2.1816418E-02,  1.0002513E+03,  1.4955598E+04,3,
 -1.7061530E+02,  0.0000000E+00,  2.6554364E+02,3544,  6.4785644E-02,  0.0000000E+00, -1.3562344E-02,  1.0002625E+03,  1.5620733E+04,3,
 -1.6944810E+02,  0.0000000E+00,  2.6538565E+02,3554,  1.0121409E-01,  0.0000000E+00, -1.6917694E-02,  1.0002091E+03,  1.2440842E+04,3,
 -1.6866487E+02,  0.0000000E+00,  2.6635956E+02,3602,  1.2853804E-01,  0.0000000E+00, -1.7313333E-02,  1.0002436E+03,  1.4494026E+04,3,
 -1.6710701E+02,  0.0000000E+00,  2.6514957E+02,3563,  8.8229813E-02,  0.0000000E+00, -1.6167706E-02,  1.0003380E+03,  2.0114295E+04,3,
 -1.6655241E+02,  0.0000000E+00,  2.6625610E+02,3601,  1.1774833E-01,  0.0000000E+00, -9.2370464E-03,  1.0002400E+03,  1.4279604E+04,3,
 -1.6536200E+02,  0.0000000E+00,  2.6562302E+02,3553,  1.2028876E-01,  0.0000000E+00, -2.9588083E-03,  1.0002805E+03,  1.6693041E+04,3,
 -1.6413309E+02,  0.0000000E+00,  2.6540002E+02,3573,  1.0368370E-01,  0.0000000E+00, -1.2206923E-03,  1.0003045E+03,  1.8121754E+04,3,
 -1.6316364E+02,  0.0000000E+00,  2.6635489E+02,3603,  1.1500869E-01,  0.0000000E+00, -1.0079943E-03,  1.0002429E+03,  1.4450415E+04,3,
 -1.6188495E+02,  0.0000000E+00,  2.6530914E+02,3555,  1.1428408E-01,  0.0000000E+00, -4.5977887E-03,  1.0002851E+03,  1.6965680E+04,3,
 -1.6097894E+02,  0.0000000E+00,  2.6619110E+02,3582,  9.8653443E-02,  0.0000000E+00,  1.3948048E-05,  1.0002469E+03,  1.4690282E+04,3,
 -1.5987912E+02,  0.0000000E+00,  2.6548944E+02,3452,  1.0852830E-01,  0.0000000E+00,  2.5306160E-03,  1.0003058E+03,  1.8198102E+04,3,
 -1.5830962E+02,  0.0000000E+00,  2.6641684E+02,3593,  1.2580176E-01,  0.0000000E+00, -5.7369337E-04,  1.0002493E+03,  1.4832025E+04,3,
 -1.5799251E+02,  0.0000000E+00,  2.6535892E+02,3509,  7.7437662E-02,  0.0000000E+00, -4.7310223E-03,  1.0003088E+03,  1.8376252E+04,3,
 -1.5664235E+02,  0.0000000E+00,  2.6542981E+02,3471,  1.0007676E-01,  0.0000000E+00, -2.6113242E-03,  1.0001892E+03,  1.1256365E+04,3,
 -1.5563440E+02,  0.0000000E+00,  2.6634735E+02,3592,  1.1162850E-01,  0.0000000E+00,  8.6467538E-04,  1.0002504E+03,  1.4897446E+04,3,
 -1.5418513E+02,  0.0000000E+00,  2.6549005E+02,3416,  9.1319881E-02,  0.0000000E+00,  7.0387372E-03,  1.0001882E+03,  1.1194602E+04,3,
 -1.5343486E+02,  0.0000000E+00,  2.6650970E+02,3594,  1.2165427E-01,  0.0000000E+00,  5.3493013E-03,  1.0002620E+03,  1.5591656E+04,3,
 -1.5208585E+02,  0.0000000E+00,  2.6579324E+02,3572,  1.0262046E-01,  0.0000000E+00,  3.2602085E-03,  1.0002241E+03,  1.3334742E+04,3,
 -1.5086676E+02,  0.0000000E+00,  2.6551117E+02,3534,  9.0549283E-02,  0.0000000E+00, -4.5085046E-03,  1.0001843E+03,  1.0962085E+04,3,
 -1.5000430E+02,  0.0000000E+00,  2.6628201E+02,3584,  1.0654143E-01,  0.0000000E+00, -3.5379732E-03,  1.0002546E+03,  1.5151862E+04,3,
 -1.4844228E+02,  0.0000000E+00,  2.6627023E+02,3583,  9.4082288E-02,  0.0000000E+00, -3.3523627E-03,  1.0002633E+03,  1.5667985E+04,3,
 -1.4768816E+02,  0.0000000E+00,  2.6559167E+02,3516,  1.2690258E-01,  0.0000000E+00,  5.5480790E-03,  1.0002416E+03,  1.4374095E+04,3,
 -1.4645439E+02,  0.0000000E+00,  2.6564182E+02,3488,  9.7169630E-02,  0.0000000E+00,  8.1014627E-04,  1.0001976E+03,  1.1754118E+04,3,
 -1.4472021E+02,  0.0000000E+00,  2.6636075E+02,3585,  1.8855873E-01,  0.0000000E+00, -2.0471657E-02,  1.0002429E+03,  1.4450415E+04,3,
 -1.4538506E+02,  0.0000000E+00,  2.6549030E+02,3525,  2.4548698E-02,  0.0000000E+00,  4.2854915E-03,  1.0001769E+03,  1.0526129E+04,3,
 -1.4309134E+02,  0.0000000E+00,  2.6628018E+02,3575,  1.1410482E-01,  0.0000000E+00, -2.5174923E-03,  1.0002369E+03,  1.4094259E+04,3,
 -1.4093489E+02,  0.0000000E+00,  2.6562585E+02,3507,  1.8398981E-01,  0.0000000E+00, -1.3316746E-03,  1.0001339E+03,  7.9652798E+03,3,
 -1.4084062E+02,  0.0000000E+00,  2.6650253E+02,3574,  1.1256715E-01,  0.0000000E+00, -1.2406964E-02,  1.0002349E+03,  1.3977965E+04,3,
 -1.3926210E+02,  0.0000000E+00,  2.6586621E+02,3499,  1.3520353E-01,  0.0000000E+00, -1.2431948E-02,  1.0001457E+03,  8.6662695E+03,3,
 -1.3844803E+02,  0.0000000E+00,  2.6565353E+02,3510,  1.3882864E-01,  0.0000000E+00, -1.5197602E-02,  1.0001006E+03,  5.9824380E+03,3,
 -1.3722450E+02,  0.0000000E+00,  2.6564780E+02,3518,  1.6489916E-01,  0.0000000E+00, -1.1075934E-02,  1.0002264E+03,  1.3469198E+04,3,
 -1.3659111E+02,  0.0000000E+00,  2.6633249E+02,3564,  1.1321072E-01,  0.0000000E+00, -1.4037668E-03,  1.0002664E+03,  1.5853360E+04,3,
 -1.3505840E+02,  0.0000000E+00,  2.6616214E+02,3576,  1.5490232E-01,  0.0000000E+00, -5.6793513E-03,  1.0002847E+03,  1.6940234E+04,3,
 -1.3359024E+02,  0.0000000E+00,  2.6605740E+02,3545,  1.3385801E-01,  0.0000000E+00,  5.2013579E-03,  1.0002615E+03,  1.5558943E+04,3,
 -1.3202475E+02,  0.0000000E+00,  2.6638492E+02,3566,  1.4486776E-01,  0.0000000E+00,  9.9299662E-03,  1.0002553E+03,  1.5191843E+04,3,
 -1.3135614E+02,  0.0000000E+00,  2.6547311E+02,3444,  1.0909254E-01,  0.0000000E+00,  4.2040627E-03,  1.0002497E+03,  1.4857467E+04,3,
 -1.2613998E+02,  0.0000000E+00,  2.6528677E+02,3528,  2.1234243E-01,  0.0000000E+00, -4.3314209E-04,  1.0000316E+03,  1.8763835E+03,3,
 -1.3012476E+02,  0.0000000E+00,  2.6547275E+02,3526,  1.4716327E-01,  0.0000000E+00, -1.9186444E-03,  1.0002244E+03,  1.3352912E+04,3,
 -1.2918790E+02,  0.0000000E+00,  2.6559595E+02,3527,  1.3184807E-01,  0.0000000E+00, -5.7373573E-03,  1.0002375E+03,  1.4134234E+04,3,
 -1.2724864E+02,  0.0000000E+00,  2.6551645E+02,3519,  1.5940630E-01,  0.0000000E+00, -1.2789292E-02,  1.0001495E+03,  8.8951006E+03,3,
 -1.2801588E+02,  0.0000000E+00,  2.6655780E+02,3565,  8.4380202E-02,  0.0000000E+00, -5.6852284E-03,  1.0002706E+03,  1.6100531E+04,3,
 -1.2537550E+02,  0.0000000E+00,  2.6640170E+02,3567,  6.9664434E-02,  0.0000000E+00,  2.5279338E-02,  1.0002938E+03,  1.7481896E+04,3,
 -1.2397318E+02,  0.0000000E+00,  2.6618179E+02,3557,  1.1828840E-01,  0.0000000E+00,  1.7152511E-02,  1.0002983E+03,  1.7754559E+04,3,
 -1.2249315E+02,  0.0000000E+00,  2.6592780E+02,3535,  1.2048604E-01,  0.0000000E+00,  9.6161757E-03,  1.0002771E+03,  1.6489477E+04,3,
 -1.2088390E+02,  0.0000000E+00,  2.6630328E+02,3556,  1.2761475E-01,  0.0000000E+00,  1.1196624E-02,  1.0002501E+03,  1.4882908E+04,3,
 -1.2024377E+02,  0.0000000E+00,  2.6557440E+02,3417,  6.9357961E-02,  0.0000000E+00,  4.5324289E-03,  1.0002411E+03,  1.4345021E+04,3,
 -1.1895689E+02,  0.0000000E+00,  2.6533710E+02,3537,  1.1793084E-01,  0.0000000E+00,  9.3437871E-04,  1.0001442E+03,  8.5754648E+03,3,
 -1.1822237E+02,  0.0000000E+00,  2.6613470E+02,3536,  9.2969194E-02,  0.0000000E+00,  5.0456687E-03,  1.0002302E+03,  1.3698140E+04,3,
 -1.1662880E+02,  0.0000000E+00,  2.6525775E+02,3517,  8.9559235E-02,  0.0000000E+00,  4.3632179E-03,  1.0003599E+03,  2.1423480E+04,3,
 -1.1485711E+02,  0.0000000E+00,  2.6528308E+02,3445,  9.1579735E-02,  0.0000000E+00,  7.3942519E-04,  1.0003555E+03,  2.1161631E+04,3,
 -1.1609395E+02,  0.0000000E+00,  2.6628110E+02,3558,  1.0840688E-01,  0.0000000E+00, -1.2046346E-04,  1.0002452E+03,  1.4592154E+04,3,
 -1.1334505E+02,  0.0000000E+00,  2.6623520E+02,3546,  1.4898844E-01,  0.0000000E+00,  1.1118067E-02,  1.0002273E+03,  1.3523708E+04,3,
 -1.1294731E+02,  0.0000000E+00,  2.6530484E+02,3500,  6.1892845E-02,  0.0000000E+00,  1.3296788E-02,  1.0003272E+03,  1.9474311E+04,3,
 -1.1137332E+02,  0.0000000E+00,  2.6559875E+02,3434,  1.1708910E-01,  0.0000000E+00,  7.3152785E-03,  1.0002285E+03,  1.3592753E+04,3,
 -1.1045782E+02,  0.0000000E+00,  2.6559845E+02,3435,  1.1319538E-01,  0.0000000E+00,  1.0420332E-03,  1.0002391E+03,  1.4225090E+04,3,
 -1.0916154E+02,  0.0000000E+00,  2.6634747E+02,3548,  4.2829409E-02,  0.0000000E+00,  4.7880126E-04,  1.0002438E+03,  1.4508564E+04,3,
 -1.0822875E+02,  0.0000000E+00,  2.6536026E+02,3362,  2.3329514E-01,  0.0000000E+00, -3.1988937E-02,  1.0001908E+03,  1.1350827E+04,3,
 -1.0673096E+02,  0.0000000E+00,  2.6630191E+02,3549,  3.3903439E-02,  0.0000000E+00,  2.1924451E-02,  1.0002885E+03,  1.7169256E+04,3,
 -1.0534909E+02,  0.0000000E+00,  2.6612378E+02,3547,  5.8803808E-02,  0.0000000E+00,  1.1048566E-02,  1.0002812E+03,  1.6736662E+04,3,
 -1.0427260E+02,  0.0000000E+00,  2.6571753E+02,3538,  4.7579128E-02,  0.0000000E+00,  3.6919114E-04,  1.0002139E+03,  1.2724265E+04,3,
 -1.0345857E+02,  0.0000000E+00,  2.6545236E+02,3425,  1.0803623E-01,  0.0000000E+00, -5.7402776E-05,  1.0001068E+03,  6.3491978E+03,3,
 -1.0104219E+02,  0.0000000E+00,  2.6546545E+02,3398,  1.2543087E-01,  0.0000000E+00,  1.7252341E-02,  1.0002352E+03,  1.3996136E+04,3,
 -1.0198291E+02,  0.0000000E+00,  2.6630789E+02,3539,  7.7458401E-03,  0.0000000E+00,  5.9148660E-03,  1.0002294E+03,  1.3650897E+04,3,
 -9.9958618E+01,  0.0000000E+00,  2.6551749E+02,3426,  3.7994526E-02,  0.0000000E+00,  1.4643450E-02,  1.0002649E+03,  1.5762490E+04,3,
 -9.9035240E+01,  0.0000000E+00,  2.6544791E+02,3381,  7.2670110E-02,  0.0000000E+00,  2.6724732E-03,  1.0002933E+03,  1.7452814E+04,3,
 -9.5187683E+01,  0.0000000E+00,  2.6501642E+02,3462,  4.7443844E-02,  0.0000000E+00,  2.9206024E-03,  1.0003629E+03,  2.1601689E+04,3,
 -9.7057602E+01,  0.0000000E+00,  2.6622849E+02,3540,  7.1229890E-02,  0.0000000E+00, -6.4924662E-04,  1.0002234E+03,  1.3291136E+04,3,
 -9.7366264E+01,  0.0000000E+00,  2.6514285E+02,3408,  5.9380315E-02,  0.0000000E+00, -4.2783320E-03,  1.0004404E+03,  2.6218031E+04,3,
 -9.2167908E+01,  0.0000000E+00,  2.6509494E+02,3390,  5.4185648E-02,  0.0000000E+00,  4.3997089E-03,  1.0005638E+03,  3.3581695E+04,3,
 -9.4750885E+01,  0.0000000E+00,  2.6610443E+02,3530,  7.3675007E-02,  0.0000000E+00,  3.9407137E-04,  1.0002307E+03,  1.3727212E+04,3,
 -9.3188171E+01,  0.0000000E+00,  2.6590793E+02,3529,  6.9206774E-02,  0.0000000E+00,  1.8176103E-03,  1.0002615E+03,  1.5562578E+04,3,
 -9.0604645E+01,  0.0000000E+00,  2.6618060E+02,3531,  1.0406681E-01,  0.0000000E+00, -1.0648435E-03,  1.0002505E+03,  1.4904715E+04,3,
 -8.9968628E+01,  0.0000000E+00,  2.6534573E+02,3453,  2.8031668E-02,  0.0000000E+00, -1.1756733E-02,  1.0003804E+03,  2.2645545E+04,3,
 -8.8745827E+01,  0.0000000E+00,  2.6528137E+02,3454,  5.1609054E-02,  0.0000000E+00, -1.8918250E-02,  1.0002017E+03,  1.2001188E+04,3,
 -8.6919930E+01,  0.0000000E+00,  2.6630594E+02,3521,  2.3814065E-02,  0.0000000E+00,  9.4977217E-03,  1.0002483E+03,  1.4773874E+04,3,
 -8.7460533E+01,  0.0000000E+00,  2.6531952E+02,3463,  1.2368678E-01,  0.0000000E+00,  5.2145850E-03,  1.0001284E+03,  7.6347788E+03,3,
 -8.5236061E+01,  0.0000000E+00,  2.6630930E+02,3520,  5.8703098E-02,  0.0000000E+00,  1.2448572E-02,  1.0002610E+03,  1.5529865E+04,3,
 -8.4008476E+01,  0.0000000E+00,  2.6541980E+02,3482,  8.3615100E-03,  0.0000000E+00,  5.0772806E-03,  1.0001790E+03,  1.0649648E+04,3,
 -8.1479950E+01,  0.0000000E+00,  2.6629028E+02,3490,  3.2673415E-02,  0.0000000E+00,  3.3415589E-03,  1.0002512E+03,  1.4944694E+04,3,
 -8.2965065E+01,  0.0000000E+00,  2.6533408E+02,3474,  5.1982183E-02,  0.0000000E+00,  6.7197764E-04,  1.0001931E+03,  1.1485256E+04,3,
 -8.1553612E+01,  0.0000000E+00,  2.6516458E+02,3437,  5.0823208E-02,  0.0000000E+00,  3.8663635E-05,  1.0001687E+03,  1.0035703E+04,3,
 -7.9585770E+01,  0.0000000E+00,  2.6628751E+02,3522,  3.9473489E-02,  0.0000000E+00,  4.5465999E-03,  1.0002781E+03,  1.6547637E+04,3,
 -7.8393517E+01,  0.0000000E+00,  2.6585516E+02,3491,  3.4984555E-02,  0.0000000E+00,  5.5252458E-03,  1.0002277E+03,  1.3549146E+04,3,
 -7.6800934E+01,  0.0000000E+00,  2.6553293E+02,3217,  2.9932281E-02,  0.0000000E+00,  3.6763472E-03,  1.0001893E+03,  1.1263631E+04,3,
 -7.5884125E+01,  0.0000000E+00,  2.6608362E+02,3512,  3.6649585E-02,  0.0000000E+00,  2.7367389E-03,  1.0002211E+03,  1.3156683E+04,3,
 -7.4341362E+01,  0.0000000E+00,  2.6585074E+02,3511,  3.8632743E-02,  0.0000000E+00,  2.5271748E-03,  1.0002193E+03,  1.3047668E+04,3,
 -7.2828476E+01,  0.0000000E+00,  2.6614676E+02,3513,  3.3152178E-02,  0.0000000E+00,  2.8060542E-03,  1.0002341E+03,  1.3930722E+04,3,
 -6.5789909E+01,  0.0000000E+00,  2.6506821E+02,3473,  3.0832013E-02,  0.0000000E+00,  3.3357402E-04,  1.0002009E+03,  1.1953954E+04,3,
 -7.1172333E+01,  0.0000000E+00,  2.6586093E+02,3501,  3.1712919E-02,  0.0000000E+00,  2.0756258E-03,  1.0002194E+03,  1.3051302E+04,3,
 -6.9685738E+01,  0.0000000E+00,  2.6626627E+02,3503,  3.0225996E-02,  0.0000000E+00,  2.0423194E-03,  1.0002392E+03,  1.4232358E+04,3,
 -6.8487167E+01,  0.0000000E+00,  2.6552106E+02,3380,  3.7981804E-02,  0.0000000E+00,  4.4274684E-03,  1.0001844E+03,  1.0972983E+04,3,
 -6.6236885E+01,  0.0000000E+00,  2.6629434E+02,3502,  3.3036549E-02,  0.0000000E+00,  1.7607859E-03,  1.0002345E+03,  1.3952526E+04,3,
 -6.7223557E+01,  0.0000000E+00,  2.6534607E+02,3464,  2.8502038E-02,  0.0000000E+00,  4.9993936E-03,  1.0002124E+03,  1.2637057E+04,3,
 -6.4020035E+01,  0.0000000E+00,  2.6601135E+02,3504,  3.5711184E-02,  0.0000000E+00, -3.3450857E-04,  1.0002805E+03,  1.6693041E+04,3,
 -6.2519173E+01,  0.0000000E+00,  2.6596439E+02,3492,  3.2844361E-02,  0.0000000E+00,  1.6573367E-03,  1.0003310E+03,  1.9699756E+04,3,
 -6.0947487E+01,  0.0000000E+00,  2.6616354E+02,3483,  2.9666055E-02,  0.0000000E+00,  1.0856829E-03,  1.0003880E+03,  2.3096582E+04,3,
 -5.9592083E+01,  0.0000000E+00,  2.6634525E+02,3494,  3.2213610E-02,  0.0000000E+00, -2.3043778E-04,  1.0003605E+03,  2.1459850E+04,3,
 -6.0096123E+01,  0.0000000E+00,  2.6510165E+02,3446,  2.4891792E-02,  0.0000000E+00, -1.7524551E-03,  9.9930927E+02, -4.0984668E+04,3,
 -5.7758713E+01,  0.0000000E+00,  2.6609146E+02,3495,  3.1668521E-02,  0.0000000E+00,  7.0718396E-04,  1.0002731E+03,  1.6253199E+04,3,
 -5.3156216E+01,  0.0000000E+00,  2.6512473E+02,3272,  2.3108453E-02,  0.0000000E+00,  1.1690252E-03,  1.0000447E+03,  2.6604324E+03,3,
 -5.6112259E+01,  0.0000000E+00,  2.6581760E+02,3493,  3.4598194E-02,  0.0000000E+00,  2.9254179E-03,  1.0002473E+03,  1.4712089E+04,3,
 -5.3936386E+01,  0.0000000E+00,  2.6627649E+02,3485,  3.7775878E-02,  0.0000000E+00,  3.2223430E-03,  1.0002539E+03,  1.5108248E+04,3,
 -5.1638241E+01,  0.0000000E+00,  2.6504013E+02,3401,  2.8407827E-02,  0.0000000E+00, -7.8864731E-03,  1.0002894E+03,  1.7220150E+04,3,
 -5.1864670E+01,  0.0000000E+00,  2.6612271E+02,3484,  2.9258106E-02,  0.0000000E+00,  2.1512578E-04,  1.0002290E+03,  1.3625459E+04,3,
 -4.9983044E+01,  0.0000000E+00,  2.6549258E+02,3465,  4.9499650E-02,  0.0000000E+00,  8.0152601E-03,  1.0001857E+03,  1.1045645E+04,3,
 -4.7039860E+01,  0.0000000E+00,  2.6533511E+02,3354,  2.3602840E-02,  0.0000000E+00,  3.1795369E-03,  1.0000730E+03,  4.3412642E+03,3,
 -4.6101295E+01,  0.0000000E+00,  2.6530728E+02,3172,  2.5475083E-02,  0.0000000E+00, -4.1486483E-04,  1.0000572E+03,  3.4009797E+03,3,
 -4.8436649E+01,  0.0000000E+00,  2.6527692E+02,3447,  2.5051620E-02,  0.0000000E+00,  5.3722607E-03,  1.0001251E+03,  7.4422939E+03,3,
 -4.7700844E+01,  0.0000000E+00,  2.6655328E+02,3486,  3.0679315E-02,  0.0000000E+00,  3.8746092E-03,  1.0002950E+03,  1.7558242E+04,3,
 -4.4941463E+01,  0.0000000E+00,  2.6611874E+02,3476,  2.5153581E-02,  0.0000000E+00,  3.7446737E-03,  1.0003610E+03,  2.1488945E+04,3,
 -4.3618515E+01,  0.0000000E+00,  2.6594046E+02,3475,  3.6959372E-02,  0.0000000E+00,  8.3066924E-03,  1.0003512E+03,  2.0903422E+04,3,
 -4.1870872E+01,  0.0000000E+00,  2.6513620E+02,3318,  1.4487806E-02,  0.0000000E+00,  4.7825437E-04,  1.0000771E+03,  4.5845186E+03,3,
 -4.1218575E+01,  0.0000000E+00,  2.6582376E+02,3455,  2.2610497E-02,  0.0000000E+00,  1.4627840E-03,  1.0002544E+03,  1.5137324E+04,3,
 -4.0006733E+01,  0.0000000E+00,  2.6573660E+02,3363,  2.3596620E-02,  0.0000000E+00,  4.5060203E-04,  1.0001852E+03,  1.1020213E+04,3,
 -3.9067390E+01,  0.0000000E+00,  2.6571860E+02,3382,  2.1557242E-02,  0.0000000E+00,  4.8963731E-04,  1.0001285E+03,  7.6456743E+03,3,
 -3.8576569E+01,  0.0000000E+00,  2.6563980E+02,3372,  1.8223509E-02,  0.0000000E+00,  1.5661313E-03,  1.0000754E+03,  4.4864902E+03,3,
 -3.7655807E+01,  0.0000000E+00,  2.6555093E+02,3154,  1.9324588E-02,  0.0000000E+00,  4.1581207E-04,  1.0000797E+03,  4.7406401E+03,3,
 -3.6066616E+01,  0.0000000E+00,  2.6604126E+02,3477,  2.6424134E-02,  0.0000000E+00, -1.8503913E-03,  1.0003265E+03,  1.9434312E+04,3,
 -3.4596970E+01,  0.0000000E+00,  2.6574777E+02,3467,  2.1087034E-02,  0.0000000E+00, -5.5768765E-03,  1.0003661E+03,  2.1794449E+04,3,
 -3.2135170E+01,  0.0000000E+00,  2.6578339E+02,3281,  2.5936000E-02,  0.0000000E+00,  1.7535624E-03,  1.0000205E+03,  1.2194274E+03,3,
 -3.2015800E+01,  0.0000000E+00,  2.6579691E+02,3337,  2.5170531E-02,  0.0000000E+00,  1.6469307E-03,  1.0000583E+03,  3.4663250E+03,3,
 -3.2161732E+01,  0.0000000E+00,  2.6578049E+02,3353,  2.6066020E-02,  0.0000000E+00,  1.7550172E-03,  1.0000150E+03,  8.9278033E+02,3,
 -3.1188503E+01,  0.0000000E+00,  2.6715332E+02,3468,  1.4501961E-02,  0.0000000E+00,  1.4558093E-03,  1.0004753E+03,  2.8299543E+04,3,
 -2.9106323E+01,  0.0000000E+00,  2.6615796E+02,3418,  2.6297268E-02,  0.0000000E+00,  3.0560566E-03,  1.0000801E+03,  4.7624248E+03,3,
 -2.8690903E+01,  0.0000000E+00,  2.6616544E+02,3263,  2.1403858E-02,  0.0000000E+00,  3.1677075E-03,  9.9999359E+02, -3.8104028E+02,3,
 -2.7959929E+01,  0.0000000E+00,  2.6617905E+02,3136,  2.2226268E-02,  0.0000000E+00,  2.5907231E-03,  1.0000055E+03,  3.2661761E+02,3,
 -2.7977406E+01,  0.0000000E+00,  2.6617929E+02,3145,  2.2083187E-02,  0.0000000E+00,  2.7852808E-03,  1.0000056E+03,  3.3024677E+02,3,
 -2.5824362E+01,  0.0000000E+00,  2.6618433E+02,3458,  2.2237768E-02,  0.0000000E+00, -8.3279266E-04,  1.0005355E+03,  3.1892266E+04,3,
 -2.3660883E+01,  0.0000000E+00,  2.6640027E+02,3326,  2.2997877E-02,  0.0000000E+00, -9.1870752E-04,  9.9995496E+02, -2.6778584E+03,3,
 -2.3658146E+01,  0.0000000E+00,  2.6640057E+02,3344,  2.2979571E-02,  0.0000000E+00, -9.2677033E-04,  9.9995404E+02, -2.7322791E+03,3,
 -2.3484865E+01,  0.0000000E+00,  2.6641797E+02,3410,  2.3015924E-02,  0.0000000E+00, -7.4938603E-04,  9.9991528E+02, -5.0358066E+03,3,
 -2.2461573E+01,  0.0000000E+00,  2.6662454E+02,3400,  2.1864867E-02,  0.0000000E+00, -1.0214647E-03,  1.0002133E+03,  1.2687928E+04,3,
 -2.1131231E+01,  0.0000000E+00,  2.6648242E+02,3347,  2.3637226E-02,  0.0000000E+00, -5.7798985E-04,  9.9994104E+02, -3.5050181E+03,3,
 -1.9833786E+01,  0.0000000E+00,  2.6639505E+02,3300,  2.2905165E-02,  0.0000000E+00,  8.4157975E-04,  1.0000812E+03,  4.8314097E+03,3,
 -1.9824203E+01,  0.0000000E+00,  2.6639365E+02,3227,  2.2937633E-02,  0.0000000E+00,  8.3335914E-04,  1.0000784E+03,  4.6643945E+03,3,
 -1.8966658E+01,  0.0000000E+00,  2.6633765E+02,3127,  2.3189332E-02,  0.0000000E+00,  1.5826384E-03,  1.0000610E+03,  3.6296895E+03,3,
 -1.7303007E+01,  0.0000000E+00,  2.6640842E+02,3448,  2.2624740E-02,  0.0000000E+00,  2.1787789E-03,  1.0002146E+03,  1.2767869E+04,3,
 -1.6696251E+01,  0.0000000E+00,  2.6639554E+02,3428,  2.2861380E-02,  0.0000000E+00,  1.5480621E-03,  1.0000182E+03,  1.0851378E+03,3,
 -1.5620492E+01,  0.0000000E+00,  2.6642731E+02,3457,  2.2507839E-02,  0.0000000E+00,  2.5269299E-04,  1.0000164E+03,  9.7625580E+02,3,
 -1.3956738E+01,  0.0000000E+00,  2.6642447E+02,3459,  2.2709282E-02,  0.0000000E+00, -2.6098413E-03,  1.0000847E+03,  5.0347358E+03,3,
 -1.3821063E+01,  0.0000000E+00,  2.6643839E+02,3449,  2.2846213E-02,  0.0000000E+00, -2.5907655E-03,  1.0001516E+03,  9.0185986E+03,3,
 -1.1850203E+01,  0.0000000E+00,  2.6643005E+02,3409,  2.3482980E-02,  0.0000000E+00, -2.0054788E-03,  1.0000396E+03,  2.3555171E+03,3,
 -1.1464422E+01,  0.0000000E+00,  2.6644534E+02,3118,  2.3417702E-02,  0.0000000E+00, -1.3026659E-03,  1.0000654E+03,  3.8910784E+03,3,
 -1.0404196E+01,  0.0000000E+00,  2.6648563E+02,3383,  2.3211723E-02,  0.0000000E+00,  1.6805055E-04,  1.0002798E+03,  1.6653055E+04,3,
 -9.3637428E+00,  0.0000000E+00,  2.6645764E+02,3402,  2.3042090E-02,  0.0000000E+00,  1.4065452E-03,  9.9909515E+02, -5.3654473E+04,3,
 -9.1055202E+00,  0.0000000E+00,  2.6686810E+02,3319,  2.2756644E-02,  0.0000000E+00,  1.3926949E-03,  1.0006489E+03,  3.8658988E+04,3,
 -7.9825478E+00,  0.0000000E+00,  2.6650522E+02,3209,  2.3493707E-02,  0.0000000E+00,  3.3196048E-03,  1.0001823E+03,  1.0845828E+04,3,
 -6.9167686E+00,  0.0000000E+00,  2.6653238E+02,3109,  2.3166835E-02,  0.0000000E+00,  2.6196870E-03,  1.0000268E+03,  1.5932700E+03,3,
 -5.7793727E+00,  0.0000000E+00,  2.6654758E+02,3438,  2.2364756E-02,  0.0000000E+00,  1.9437028E-03,  1.0000087E+03,  5.1533496E+02,3,
 -5.7464223E+00,  0.0000000E+00,  2.6654797E+02,3439,  2.2345509E-02,  0.0000000E+00,  1.9003596E-03,  1.0000091E+03,  5.4073944E+02,3,
 -3.8469849E+00,  0.0000000E+00,  2.6656354E+02,3450,  2.3969835E-02,  0.0000000E+00, -6.5152830E-04,  1.0001843E+03,  1.0965718E+04,3,
 -2.6857581E+00,  0.0000000E+00,  2.6658109E+02,3441,  2.2324476E-02,  0.0000000E+00, -1.6394339E-03,  1.0000090E+03,  5.3348102E+02,3,
 -2.0114651E+00,  0.0000000E+00,  2.6661542E+02,3440,  2.2867126E-02,  0.0000000E+00, -1.8288684E-03,  9.9994611E+02, -3.2039109E+03,3,
 -7.4655515E-01,  0.0000000E+00,  2.6670874E+02,3429,  2.3341985E-02,  0.0000000E+00, -1.9669167E-03,  1.0001494E+03,  8.8842041E+03,3,
  4.3983626E-01,  0.0000000E+00,  2.6667130E+02,3419,  2.3230683E-02,  0.0000000E+00, -1.8956535E-03,  1.0007195E+03,  4.2871391E+04,3,
  1.1871082E+00,  0.0000000E+00,  2.6677029E+02,3392,  2.3350183E-02,  0.0000000E+00, -2.9242239E-03,  9.9735681E+02, -1.5591783E+05,3,
  9.9338526E-01,  0.0000000E+00,  2.6706418E+02,3346,  2.2996465E-02,  0.0000000E+00, -2.2195764E-03,  1.0009804E+03,  5.8464762E+04,3,
  2.4531820E+00,  0.0000000E+00,  2.6697827E+02,3191,  2.3658108E-02,  0.0000000E+00, -3.8686086E-04,  1.0012319E+03,  7.3519508E+04,3,
  4.4981565E+00,  0.0000000E+00,  2.6695459E+02,3100,  2.2873752E-02,  0.0000000E+00,  3.0426867E-03,  9.9974902E+02, -1.4911319E+04,3,
  4.5006599E+00,  0.0000000E+00,  2.6695474E+02,3091,  2.2753514E-02,  0.0000000E+00,  3.1518317E-03,  9.9975092E+02, -1.4798988E+04,3,
  4.8136444E+00,  0.0000000E+00,  2.6696631E+02,3430,  2.3309721E-02,  0.0000000E+00, -5.2032917E-04,  9.9990173E+02, -5.8410078E+03,3,
  5.0003452E+00,  0.0000000E+00,  2.6697031E+02,3431,  2.3214567E-02,  0.0000000E+00, -1.5540193E-04,  9.9994318E+02, -3.3780464E+03,3,
  2.6878250E+01,  0.0000000E+00,  2.6703067E+02,3420,  5.3829706E-01,  0.0000000E+00,  1.1283071E-02,  9.9994055E+02, -3.5340400E+03,3,
  2.7102865E+01,  0.0000000E+00,  2.6704520E+02,3411,  5.3823209E-01,  0.0000000E+00,  4.7136722E-03,  9.9987769E+02, -7.2698979E+03,3,
  2.7306566E+01,  0.0000000E+00,  2.6705484E+02,3356,  5.3824246E-01,  0.0000000E+00,  8.4561082E-03,  9.9976898E+02, -1.3726343E+04,3,
  2.7666420E+01,  0.0000000E+00,  2.6706271E+02,3384,  5.3935730E-01,  0.0000000E+00,  9.0149771E-03,  9.9920282E+02, -4.7285488E+04,3,
  2.8473373E+01,  0.0000000E+00,  2.6729700E+02,3365,  5.3599703E-01,  0.0000000E+00,  7.6139173E-03,  1.0008929E+03,  5.3231426E+04,3,
  2.9973804E+01,  0.0000000E+00,  2.6705884E+02,3082,  5.3709763E-01,  0.0000000E+00,  1.2189080E-03,  9.9989594E+02, -6.1855562E+03,3,
  3.0970039E+01,  0.0000000E+00,  2.6704956E+02,3421,  5.3929996E-01,  0.0000000E+00, -1.0430234E-03,  9.9982092E+02, -1.0641841E+04,3,
  3.2252167E+01,  0.0000000E+00,  2.6704117E+02,3422,  5.4282975E-01,  0.0000000E+00,  7.4403360E-04,  9.9994226E+02, -3.4324629E+03,3,
  3.2465645E+01,  0.0000000E+00,  2.6704208E+02,3432,  5.3956968E-01,  0.0000000E+00,  1.7237162E-03,  9.9996771E+02, -1.9195682E+03,3,
  3.3234104E+01,  0.0000000E+00,  2.6704379E+02,3423,  5.2661049E-01,  0.0000000E+00, -1.5618951E-03,  1.0000034E+03,  1.9959837E+02,3,
  3.6143684E+01,  0.0000000E+00,  2.6710437E+02,3218,  5.5225599E-01,  0.0000000E+00,  2.2838956E-03,  1.0001225E+03,  7.2861304E+03,3,
  3.6528862E+01,  0.0000000E+00,  2.6706882E+02,3310,  5.3584039E-01,  0.0000000E+00, -6.1525255E-03,  9.9965057E+02, -2.0754400E+04,3,
  3.6744854E+01,  0.0000000E+00,  2.6707581E+02,3246,  5.3979826E-01,  0.0000000E+00, -5.6999745E-03,  9.9995062E+02, -2.9354463E+03,3,
  3.6953209E+01,  0.0000000E+00,  2.6706509E+02,3345,  5.4092681E-01,  0.0000000E+00, -5.2967626E-03,  9.9998553E+02, -8.6004156E+02,3,
  3.7273315E+01,  0.0000000E+00,  2.6704013E+02,3412,  5.4146200E-01,  0.0000000E+00, -4.3092477E-03,  9.9999591E+02, -2.4314169E+02,3,
