TimeStep [s],Np,Nbound,Nfixed,Nmoving,Nfloat,Nfluid
266.001,1800,0,0,0,0,1800

Pos.x [m],Pos.y [m],Pos.z [m],Idp,Vel.x [m/s],Vel.y [m/s],Vel.z [m/s],Rhop [kg/m^3],Press [Pa],Type,
  3.0177838E+02,  0.0000000E+00,  2.5116963E+02,3030,  3.1257147E-01,  0.0000000E+00, -2.2802514E-01,  1.0008784E+03,  5.2363117E+04,3,
  3.0212973E+02,  0.0000000E+00,  2.5066084E+02,3206, -1.7235670E-02,  0.0000000E+00, -3.9016459E-02,  1.0013013E+03,  7.7677164E+04,3,
  3.0479929E+02,  0.0000000E+00,  2.5087115E+02,2803,  4.7252935E-01,  0.0000000E+00, -1.5276883E-02,  1.0012918E+03,  7.7106617E+04,3,
  3.0582812E+02,  0.0000000E+00,  2.5087646E+02,3049,  3.8009143E-01,  0.0000000E+00, -8.3774216E-03,  1.0010557E+03,  6.2970402E+04,3,
  3.0669089E+02,  0.0000000E+00,  2.5099854E+02,2948,  4.9197534E-01,  0.0000000E+00, -7.0260190E-03,  1.0007855E+03,  4.6815758E+04,3,
  3.0746976E+02,  0.0000000E+00,  2.5103142E+02,3103,  4.2897648E-01,  0.0000000E+00, -8.2900822E-03,  1.0007861E+03,  4.6852223E+04,3,
  3.0320688E+02,  0.0000000E+00,  2.5063556E+02,3179,  7.2561818E-01,  0.0000000E+00,  3.6344644E-02,  1.0015581E+03,  9.3075914E+04,3,
  3.0881253E+02,  0.0000000E+00,  2.5056305E+02,3171,  4.7367823E-01,  0.0000000E+00,  1.2116316E-02,  1.0018224E+03,  1.0894962E+05,3,
  3.1012912E+02,  0.0000000E+00,  2.5059929E+02,3161,  4.4101018E-01,  0.0000000E+00,  5.5798283E-03,  1.0017877E+03,  1.0686591E+05,3,
  3.1147260E+02,  0.0000000E+00,  2.5098047E+02,3204,  4.1761491E-01,  0.0000000E+00,  1.1454528E-02,  1.0009503E+03,  5.6665262E+04,3,
  3.1240140E+02,  0.0000000E+00,  2.5074963E+02,2912,  4.5150846E-01,  0.0000000E+00, -4.0463735E-03,  1.0011362E+03,  6.7784992E+04,3,
  3.1353000E+02,  0.0000000E+00,  2.5097829E+02,3130,  4.3559518E-01,  0.0000000E+00, -3.9424752E-03,  1.0006691E+03,  3.9861309E+04,3,
  3.1411890E+02,  0.0000000E+00,  2.5095900E+02,3067,  4.4585136E-01,  0.0000000E+00,  4.5734116E-05,  1.0006862E+03,  4.0881574E+04,3,
  3.1496234E+02,  0.0000000E+00,  2.5092990E+02,3104,  4.3748647E-01,  0.0000000E+00,  1.5646284E-03,  1.0008582E+03,  5.1159285E+04,3,
  3.1651349E+02,  0.0000000E+00,  2.5057256E+02,3090,  4.3524650E-01,  0.0000000E+00,  8.1564728E-03,  1.0019604E+03,  1.1725208E+05,3,
  3.1783710E+02,  0.0000000E+00,  2.5073300E+02,3072,  4.2738077E-01,  0.0000000E+00,  1.1388093E-02,  1.0019150E+03,  1.1451687E+05,3,
  3.1916394E+02,  0.0000000E+00,  2.5056052E+02,2946,  4.2780536E-01,  0.0000000E+00,  4.9218601E-03,  1.0021279E+03,  1.2732921E+05,3,
  3.2081921E+02,  0.0000000E+00,  2.5102011E+02,3123,  4.1655782E-01,  0.0000000E+00,  5.3760447E-03,  1.0007987E+03,  4.7603363E+04,3,
  3.2146017E+02,  0.0000000E+00,  2.5095442E+02,2976,  4.1250914E-01,  0.0000000E+00,  4.5374520E-03,  1.0008328E+03,  4.9638289E+04,3,
  3.2233093E+02,  0.0000000E+00,  2.5080177E+02,3013,  4.3397644E-01,  0.0000000E+00, -2.3805401E-03,  1.0010609E+03,  6.3277180E+04,3,
  3.2347174E+02,  0.0000000E+00,  2.5082417E+02,3031,  4.1162020E-01,  0.0000000E+00, -5.3223493E-03,  1.0010582E+03,  6.3120137E+04,3,
  3.2424942E+02,  0.0000000E+00,  2.5103568E+02,2967,  4.2063057E-01,  0.0000000E+00,  6.0381216E-04,  1.0008011E+03,  4.7749223E+04,3,
  3.2557477E+02,  0.0000000E+00,  2.5062718E+02,3107,  4.1232020E-01,  0.0000000E+00,  2.1355953E-03,  1.0017004E+03,  1.0162187E+05,3,
  3.2679739E+02,  0.0000000E+00,  2.5057713E+02,3062,  4.0706921E-01,  0.0000000E+00,  8.3134454E-03,  1.0017927E+03,  1.0716670E+05,3,
  3.2812000E+02,  0.0000000E+00,  2.5100439E+02,3077,  4.1746384E-01,  0.0000000E+00,  7.0895911E-03,  1.0007944E+03,  4.7344469E+04,3,
  3.2900586E+02,  0.0000000E+00,  2.5107181E+02,3040,  4.0430394E-01,  0.0000000E+00,  6.8835183E-03,  1.0006548E+03,  3.9012383E+04,3,
  3.2972656E+02,  0.0000000E+00,  2.5072650E+02,3004,  3.9491865E-01,  0.0000000E+00,  2.5773488E-03,  1.0012063E+03,  7.1984133E+04,3,
  3.3091687E+02,  0.0000000E+00,  2.5089806E+02,3069,  4.0227452E-01,  0.0000000E+00,  1.0554129E-03,  1.0010051E+03,  5.9939641E+04,3,
  3.3193399E+02,  0.0000000E+00,  2.5066550E+02,2867,  4.0067989E-01,  0.0000000E+00, -1.1591481E-03,  1.0013583E+03,  8.1090148E+04,3,
  3.3307797E+02,  0.0000000E+00,  2.5086206E+02,2939,  3.9099172E-01,  0.0000000E+00,  1.3594232E-03,  1.0009545E+03,  5.6917102E+04,3,
  3.3390402E+02,  0.0000000E+00,  2.5099673E+02,2921,  3.9017785E-01,  0.0000000E+00,  1.9422070E-03,  1.0006884E+03,  4.1016402E+04,3,
  3.3460333E+02,  0.0000000E+00,  2.5102322E+02,3058,  4.0019777E-01,  0.0000000E+00,  5.3309337E-03,  1.0007048E+03,  4.1996699E+04,3,
  3.3585992E+02,  0.0000000E+00,  2.5070544E+02,2704,  3.7756386E-01,  0.0000000E+00, -5.5601249E-05,  1.0014894E+03,  8.8955789E+04,3,
  3.3716077E+02,  0.0000000E+00,  2.5051569E+02,3008,  3.9535645E-01,  0.0000000E+00,  3.8245821E-03,  1.0020169E+03,  1.2064918E+05,3,
  3.3843118E+02,  0.0000000E+00,  2.5092322E+02,2995,  3.8197541E-01,  0.0000000E+00,  2.8301466E-03,  1.0010865E+03,  6.4811215E+04,3,
  3.3944101E+02,  0.0000000E+00,  2.5094318E+02,2958,  3.7960920E-01,  0.0000000E+00,  6.1108632E-04,  1.0009255E+03,  5.5183566E+04,3,
  3.4054501E+02,  0.0000000E+00,  2.5069154E+02,2695,  4.0531567E-01,  0.0000000E+00, -1.3496479E-03,  1.0013073E+03,  7.8031945E+04,3,
  3.4121481E+02,  0.0000000E+00,  2.5117599E+02,2831,  3.6308581E-01,  0.0000000E+00, -5.4377681E-03,  1.0006328E+03,  3.7697234E+04,3,
  3.4248691E+02,  0.0000000E+00,  2.5073843E+02,3061,  3.9128789E-01,  0.0000000E+00,  4.0833661E-03,  1.0015122E+03,  9.0321648E+04,3,
  3.4381506E+02,  0.0000000E+00,  2.5042894E+02,2999,  3.7212619E-01,  0.0000000E+00,  5.3532310E-03,  1.0022322E+03,  1.3361645E+05,3,
  3.4526086E+02,  0.0000000E+00,  2.5104329E+02,2804,  4.0169048E-01,  0.0000000E+00, -2.2104545E-03,  1.0008150E+03,  4.8577012E+04,3,
  3.4608234E+02,  0.0000000E+00,  2.5094922E+02,2996,  4.1947800E-01,  0.0000000E+00, -9.0098558E-03,  1.0008698E+03,  5.1848734E+04,3,
  3.4699423E+02,  0.0000000E+00,  2.5072327E+02,2941,  3.9633906E-01,  0.0000000E+00, -8.1510184E-04,  1.0011984E+03,  7.1512602E+04,3,
  3.4803494E+02,  0.0000000E+00,  2.5090143E+02,2931,  4.0657738E-01,  0.0000000E+00, -5.3238650E-03,  1.0008625E+03,  5.1414633E+04,3,
  3.4904367E+02,  0.0000000E+00,  2.5088470E+02,2922,  4.5863688E-01,  0.0000000E+00,  1.3370845E-03,  1.0009167E+03,  5.4654445E+04,3,
  3.4949646E+02,  0.0000000E+00,  2.5107365E+02,2950,  4.0100592E-01,  0.0000000E+00, -3.6254615E-02,  1.0007291E+03,  4.3443629E+04,3,
  3.5125519E+02,  0.0000000E+00,  2.5044794E+02,3009,  4.3492717E-01,  0.0000000E+00,  6.8065301E-03,  1.0023264E+03,  1.3928938E+05,3,
  3.5248700E+02,  0.0000000E+00,  2.5074698E+02,2910,  4.6969721E-01,  0.0000000E+00,  8.8624628E-03,  1.0017786E+03,  1.0631938E+05,3,
  3.5380603E+02,  0.0000000E+00,  2.5083925E+02,2937,  5.0307262E-01,  0.0000000E+00, -4.4600833E-03,  1.0014261E+03,  8.5155797E+04,3,
  3.5496613E+02,  0.0000000E+00,  2.5079869E+02,2963,  4.7548220E-01,  0.0000000E+00,  1.8292972E-03,  1.0013788E+03,  8.2323211E+04,3,
  3.5603616E+02,  0.0000000E+00,  2.5072762E+02,2981,  4.5658204E-01,  0.0000000E+00,  1.1592343E-02,  1.0013940E+03,  8.3230719E+04,3,
  3.5717102E+02,  0.0000000E+00,  2.5077985E+02,2960,  4.8021677E-01,  0.0000000E+00, -5.9482269E-03,  1.0012050E+03,  7.1903711E+04,3,
  3.5825183E+02,  0.0000000E+00,  2.5083234E+02,2849,  7.4778163E-01,  0.0000000E+00, -8.6133078E-02,  1.0008671E+03,  5.1691871E+04,3,
  3.5952289E+02,  0.0000000E+00,  2.5074466E+02,2952,  2.6140878E-01,  0.0000000E+00,  3.3129614E-02,  1.0009400E+03,  5.6048473E+04,3,
  3.5994003E+02,  0.0000000E+00,  2.5092345E+02,2814,  2.9040346E-01,  0.0000000E+00,  8.6391926E-02,  1.0009537E+03,  5.6869652E+04,3,
  3.6028302E+02,  0.0000000E+00,  2.5108095E+02,2596,  5.3946054E-01,  0.0000000E+00,  4.1460264E-01,  1.0010160E+03,  6.0593184E+04,3,
  3.8981927E+02,  0.0000000E+00,  2.5046158E+02,2811,  2.1188428E-01,  0.0000000E+00, -1.1197650E-01,  1.0019081E+03,  1.1410206E+05,3,
  3.9212021E+02,  0.0000000E+00,  2.5084747E+02,2497,  8.5284591E-01,  0.0000000E+00, -7.4248444E-03,  1.0012819E+03,  7.6514164E+04,3,
  3.9081631E+02,  0.0000000E+00,  2.5075098E+02,2828,  5.0353885E-01,  0.0000000E+00, -5.6796752E-02,  1.0013222E+03,  7.8928094E+04,3,
  3.9331583E+02,  0.0000000E+00,  2.5075873E+02,2845,  6.3038456E-01,  0.0000000E+00,  5.9259175E-03,  1.0013239E+03,  7.9026859E+04,3,
  3.9445398E+02,  0.0000000E+00,  2.5082747E+02,2851,  5.9963399E-01,  0.0000000E+00,  6.2860409E-03,  1.0010031E+03,  5.9819160E+04,3,
  3.9583047E+02,  0.0000000E+00,  2.5090704E+02,2868,  6.7030525E-01,  0.0000000E+00,  8.8683413E-03,  1.0008915E+03,  5.3151156E+04,3,
  3.9500372E+02,  0.0000000E+00,  2.5117950E+02,2951,  6.9814640E-01,  0.0000000E+00, -1.2673583E-02,  1.0004875E+03,  2.9027445E+04,3,
  3.9691898E+02,  0.0000000E+00,  2.5089261E+02,2606,  7.5796658E-01,  0.0000000E+00,  4.3854378E-02,  1.0011821E+03,  7.0536711E+04,3,
  3.9834543E+02,  0.0000000E+00,  2.5036029E+02,2721,  6.3041562E-01,  0.0000000E+00, -6.4645638E-03,  1.0023645E+03,  1.4158962E+05,3,
  3.9945825E+02,  0.0000000E+00,  2.5109796E+02,2819,  5.7211906E-01,  0.0000000E+00,  3.8961109E-02,  1.0010716E+03,  6.3919984E+04,3,
  4.0056091E+02,  0.0000000E+00,  2.5088548E+02,2774,  6.6087615E-01,  0.0000000E+00,  1.8141039E-02,  1.0011375E+03,  6.7861727E+04,3,
  4.0157993E+02,  0.0000000E+00,  2.5081842E+02,2772,  6.1773247E-01,  0.0000000E+00,  4.9762833E-03,  1.0011893E+03,  7.0964336E+04,3,
  4.0263135E+02,  0.0000000E+00,  2.5075150E+02,2809,  6.1160737E-01,  0.0000000E+00, -6.1585766E-04,  1.0012839E+03,  7.6631188E+04,3,
  4.0370233E+02,  0.0000000E+00,  2.5082875E+02,2579,  6.0759681E-01,  0.0000000E+00,  1.0304922E-02,  1.0011268E+03,  6.7225977E+04,3,
  4.0476840E+02,  0.0000000E+00,  2.5083937E+02,2762,  6.0450816E-01,  0.0000000E+00,  2.3466028E-02,  1.0010698E+03,  6.3810414E+04,3,
  4.0575308E+02,  0.0000000E+00,  2.5096872E+02,2816,  5.7614189E-01,  0.0000000E+00,  2.3588417E-02,  1.0008707E+03,  5.1903453E+04,3,
  4.0660776E+02,  0.0000000E+00,  2.5078810E+02,2696,  6.1725271E-01,  0.0000000E+00, -1.6212996E-02,  1.0011559E+03,  6.8968906E+04,3,
  4.0768961E+02,  0.0000000E+00,  2.5066283E+02,2898,  7.1070719E-01,  0.0000000E+00, -6.9347404E-02,  1.0012637E+03,  7.5424430E+04,3,
  4.0898361E+02,  0.0000000E+00,  2.5091309E+02,2897,  7.1268916E-01,  0.0000000E+00,  7.7599394E-03,  1.0005630E+03,  3.3534355E+04,3,
  4.0963629E+02,  0.0000000E+00,  2.5095532E+02,2515,  1.2578769E-01,  0.0000000E+00, -4.5511734E-02,  1.0006360E+03,  3.7890309E+04,3,
  4.1035696E+02,  0.0000000E+00,  2.5102190E+02,2852,  4.1075033E-01,  0.0000000E+00,  2.0719796E-01,  1.0010598E+03,  6.3211441E+04,3,
  4.1052115E+02,  0.0000000E+00,  2.5116231E+02,2765,  6.8633038E-01,  0.0000000E+00,  5.8149344E-01,  1.0010481E+03,  6.2513902E+04,3,
  6.6099469E+02,  0.0000000E+00,  2.5068794E+02,2529,  4.2401728E-01,  0.0000000E+00, -4.4235565E-02,  1.0009103E+03,  5.4271305E+04,3,
  6.6111627E+02,  0.0000000E+00,  2.5091531E+02,2593,  7.1086133E-01,  0.0000000E+00,  4.4714469E-03,  1.0006974E+03,  4.1555734E+04,3,
  6.6030969E+02,  0.0000000E+00,  2.5097200E+02,2584,  4.7300171E-02,  0.0000000E+00, -3.7886070E-03,  1.0005739E+03,  3.4182531E+04,3,
  6.5977625E+02,  0.0000000E+00,  2.5119603E+02,2463,  3.2337445E-01,  0.0000000E+00, -2.2622804E-01,  1.0005450E+03,  3.2460230E+04,3,
  6.6296631E+02,  0.0000000E+00,  2.5109131E+02,2492,  5.8487922E-01,  0.0000000E+00, -2.7699873E-03,  1.0005995E+03,  3.5708453E+04,3,
  6.6357965E+02,  0.0000000E+00,  2.5103011E+02,2547,  3.2649747E-01,  0.0000000E+00, -9.0494744E-02,  1.0006492E+03,  3.8677203E+04,3,
  6.6446771E+02,  0.0000000E+00,  2.5088205E+02,2520,  5.0199580E-01,  0.0000000E+00, -1.9057168E-02,  1.0008945E+03,  5.3326285E+04,3,
  6.6554932E+02,  0.0000000E+00,  2.5077332E+02,2694,  4.3496531E-01,  0.0000000E+00, -1.0443597E-02,  1.0011254E+03,  6.7138289E+04,3,
  6.6667499E+02,  0.0000000E+00,  2.5090767E+02,2553,  5.2936715E-01,  0.0000000E+00,  7.8645404E-03,  1.0010121E+03,  6.0359512E+04,3,
  6.6777441E+02,  0.0000000E+00,  2.5068283E+02,2599,  5.1392013E-01,  0.0000000E+00, -7.1266498E-03,  1.0012827E+03,  7.6558047E+04,3,
  6.6899329E+02,  0.0000000E+00,  2.5101556E+02,2567,  4.9714345E-01,  0.0000000E+00, -2.2614835E-02,  1.0006671E+03,  3.9741070E+04,3,
  6.6976099E+02,  0.0000000E+00,  2.5103229E+02,2418,  5.0055534E-01,  0.0000000E+00, -1.8650765E-02,  1.0005630E+03,  3.3530715E+04,3,
  6.7050653E+02,  0.0000000E+00,  2.5105252E+02,2572,  5.4292846E-01,  0.0000000E+00, -2.0302964E-02,  1.0005261E+03,  3.1331613E+04,3,
  6.7129126E+02,  0.0000000E+00,  2.5095721E+02,2555,  5.1060802E-01,  0.0000000E+00, -9.7675584E-03,  1.0006899E+03,  4.1107504E+04,3,
  6.7223969E+02,  0.0000000E+00,  2.5084888E+02,2428,  5.4491425E-01,  0.0000000E+00, -3.4608506E-03,  1.0008821E+03,  5.2585660E+04,3,
  6.7334296E+02,  0.0000000E+00,  2.5084914E+02,2574,  5.6052953E-01,  0.0000000E+00, -1.6649984E-02,  1.0008881E+03,  5.2943195E+04,3,
  6.7394025E+02,  0.0000000E+00,  2.5121767E+02,2419,  5.3485817E-01,  0.0000000E+00, -4.2766172E-02,  1.0004430E+03,  2.6374494E+04,3,
  6.7497681E+02,  0.0000000E+00,  2.5091321E+02,2500,  5.5812675E-01,  0.0000000E+00, -2.7060932E-02,  1.0008551E+03,  5.0973250E+04,3,
  6.7592126E+02,  0.0000000E+00,  2.5079602E+02,2483,  5.3943062E-01,  0.0000000E+00, -1.3857862E-02,  1.0010118E+03,  6.0344906E+04,3,
  6.7694788E+02,  0.0000000E+00,  2.5100742E+02,2445,  5.5787534E-01,  0.0000000E+00, -2.6164856E-03,  1.0007026E+03,  4.1865500E+04,3,
  6.7781061E+02,  0.0000000E+00,  2.5086539E+02,2308,  5.5655259E-01,  0.0000000E+00,  1.0120143E-02,  1.0008322E+03,  4.9601816E+04,3,
  6.7882617E+02,  0.0000000E+00,  2.5092632E+02,2530,  5.9747517E-01,  0.0000000E+00,  5.8993930E-03,  1.0007120E+03,  4.2423102E+04,3,
  6.7944269E+02,  0.0000000E+00,  2.5111201E+02,2473,  5.5933088E-01,  0.0000000E+00, -4.2212885E-03,  1.0004723E+03,  2.8121213E+04,3,
  6.8064197E+02,  0.0000000E+00,  2.5080589E+02,2508,  6.0973340E-01,  0.0000000E+00,  5.6390814E-03,  1.0009109E+03,  5.4307793E+04,3,
  6.8108722E+02,  0.0000000E+00,  2.5115956E+02,2527,  5.7872415E-01,  0.0000000E+00, -1.7117498E-02,  1.0005469E+03,  3.2569459E+04,3,
  6.8242639E+02,  0.0000000E+00,  2.5076109E+02,2526,  5.9944326E-01,  0.0000000E+00, -8.8896923E-04,  1.0011964E+03,  7.1388328E+04,3,
  6.8347778E+02,  0.0000000E+00,  2.5072252E+02,2592,  6.0048240E-01,  0.0000000E+00, -2.7969992E-03,  1.0012557E+03,  7.4945422E+04,3,
  6.8462915E+02,  0.0000000E+00,  2.5093619E+02,2581,  6.1682886E-01,  0.0000000E+00, -1.3815547E-02,  1.0008096E+03,  4.8256098E+04,3,
  6.8558508E+02,  0.0000000E+00,  2.5103255E+02,2457,  5.9370869E-01,  0.0000000E+00, -1.0901433E-02,  1.0005748E+03,  3.4237152E+04,3,
  6.8620068E+02,  0.0000000E+00,  2.5111568E+02,2475,  6.2313372E-01,  0.0000000E+00, -1.1058269E-02,  1.0004675E+03,  2.7837352E+04,3,
  6.8687183E+02,  0.0000000E+00,  2.5112715E+02,2531,  6.2931603E-01,  0.0000000E+00, -6.7313220E-03,  1.0005267E+03,  3.1368018E+04,3,
  6.8814441E+02,  0.0000000E+00,  2.5063982E+02,2345,  6.0455632E-01,  0.0000000E+00,  2.8075008E-03,  1.0014266E+03,  8.5188734E+04,3,
  6.8932050E+02,  0.0000000E+00,  2.5067458E+02,2576,  6.1463284E-01,  0.0000000E+00,  1.6884357E-02,  1.0013981E+03,  8.3475906E+04,3,
  6.9046643E+02,  0.0000000E+00,  2.5122197E+02,2557,  6.6014278E-01,  0.0000000E+00, -7.0800916E-03,  1.0004811E+03,  2.8648930E+04,3,
  6.9119153E+02,  0.0000000E+00,  2.5100212E+02,2565,  6.2609392E-01,  0.0000000E+00, -5.0836224E-03,  1.0006680E+03,  3.9799367E+04,3,
  6.9204663E+02,  0.0000000E+00,  2.5091364E+02,2494,  6.3645649E-01,  0.0000000E+00, -4.9004084E-03,  1.0007996E+03,  4.7654414E+04,3,
  6.9308325E+02,  0.0000000E+00,  2.5082823E+02,2522,  6.3173199E-01,  0.0000000E+00,  6.1344299E-03,  1.0009886E+03,  5.8957578E+04,3,
  6.9413342E+02,  0.0000000E+00,  2.5114142E+02,2408,  6.6911298E-01,  0.0000000E+00,  3.8072038E-02,  1.0006631E+03,  3.9507883E+04,3,
  6.9517480E+02,  0.0000000E+00,  2.5048207E+02,2613,  5.7158697E-01,  0.0000000E+00,  2.0585919E-02,  1.0016763E+03,  1.0017015E+05,3,
  6.9651062E+02,  0.0000000E+00,  2.5118324E+02,2539,  6.8723023E-01,  0.0000000E+00, -4.4030983E-02,  1.0004988E+03,  2.9704443E+04,3,
  6.9697571E+02,  0.0000000E+00,  2.5120062E+02,2363,  7.2997677E-01,  0.0000000E+00, -9.6109577E-02,  1.0004362E+03,  2.5970607E+04,3,
  6.9754016E+02,  0.0000000E+00,  2.5106769E+02,2438,  6.7936939E-01,  0.0000000E+00, -1.1880744E-01,  1.0005562E+03,  3.3122898E+04,3,
  6.9917645E+02,  0.0000000E+00,  2.5047047E+02,2575,  7.6524168E-01,  0.0000000E+00,  8.9589462E-02,  1.0013340E+03,  7.9634094E+04,3,
  7.0011115E+02,  0.0000000E+00,  2.5086284E+02,2465,  2.0953143E-01,  0.0000000E+00,  1.4338231E-01,  1.0009885E+03,  5.8950277E+04,3,
  7.0033978E+02,  0.0000000E+00,  2.5135663E+02,2317,  2.5407952E-01,  0.0000000E+00,  2.5264487E-01,  1.0006702E+03,  3.9926895E+04,3,
  7.1985999E+02,  0.0000000E+00,  2.5034448E+02,2370, -1.1210191E-01,  0.0000000E+00,  2.2360811E-02,  1.0019107E+03,  1.1425991E+05,3,
  7.2203754E+02,  0.0000000E+00,  2.5105777E+02,2467,  6.7428911E-01,  0.0000000E+00, -1.5486650E-01,  1.0005314E+03,  3.1648342E+04,3,
  7.2258051E+02,  0.0000000E+00,  2.5122783E+02,2447,  6.1376208E-01,  0.0000000E+00, -1.1522049E-01,  1.0003788E+03,  2.2550975E+04,3,
  7.2076343E+02,  0.0000000E+00,  2.5109320E+02,2403,  1.0893546E+00,  0.0000000E+00, -3.3822757E-01,  1.0005491E+03,  3.2704174E+04,3,
  7.2374335E+02,  0.0000000E+00,  2.5064107E+02,2254,  6.5149713E-01,  0.0000000E+00, -1.7153481E-02,  1.0012675E+03,  7.5647484E+04,3,
  7.2456647E+02,  0.0000000E+00,  2.5098596E+02,2348,  7.9308224E-01,  0.0000000E+00,  6.2099684E-02,  1.0008566E+03,  5.1064445E+04,3,
  7.2579547E+02,  0.0000000E+00,  2.5085359E+02,2355,  7.0823944E-01,  0.0000000E+00,  5.3374995E-03,  1.0010520E+03,  6.2747629E+04,3,
  7.2690033E+02,  0.0000000E+00,  2.5085266E+02,2391,  7.2087103E-01,  0.0000000E+00, -5.6192381E-03,  1.0010871E+03,  6.4847742E+04,3,
  7.2796838E+02,  0.0000000E+00,  2.5089848E+02,2446,  6.6951358E-01,  0.0000000E+00, -8.2618569E-04,  1.0010120E+03,  6.0355859E+04,3,
  7.2900385E+02,  0.0000000E+00,  2.5089990E+02,2474,  6.9509196E-01,  0.0000000E+00,  8.4230676E-03,  1.0009863E+03,  5.8815207E+04,3,
  7.3001971E+02,  0.0000000E+00,  2.5087880E+02,2439,  7.3720294E-01,  0.0000000E+00, -1.6930725E-02,  1.0009161E+03,  5.4621602E+04,3,
  7.3108661E+02,  0.0000000E+00,  2.5094756E+02,2373,  7.0203948E-01,  0.0000000E+00, -2.1859592E-02,  1.0007229E+03,  4.3075500E+04,3,
  7.3190686E+02,  0.0000000E+00,  2.5105128E+02,2430,  6.8640333E-01,  0.0000000E+00, -2.2642722E-02,  1.0005315E+03,  3.1651982E+04,3,
  7.3259064E+02,  0.0000000E+00,  2.5099751E+02,2405,  7.1902716E-01,  0.0000000E+00, -1.4533734E-02,  1.0006104E+03,  3.6360410E+04,3,
  7.3352252E+02,  0.0000000E+00,  2.5090918E+02,2337,  7.1351880E-01,  0.0000000E+00, -5.2067372E-03,  1.0008010E+03,  4.7741930E+04,3,
  7.3472058E+02,  0.0000000E+00,  2.5077342E+02,2449,  7.2852832E-01,  0.0000000E+00,  8.3369249E-04,  1.0011087E+03,  6.6140906E+04,3,
  7.3577423E+02,  0.0000000E+00,  2.5091371E+02,2374,  6.6617483E-01,  0.0000000E+00, -2.4527030E-02,  1.0009866E+03,  5.8837109E+04,3,
  7.3679681E+02,  0.0000000E+00,  2.5093964E+02,2378,  7.1795982E-01,  0.0000000E+00, -5.1373985E-02,  1.0009932E+03,  5.9227727E+04,3,
  7.3782330E+02,  0.0000000E+00,  2.5082614E+02,2410,  8.0665135E-01,  0.0000000E+00, -7.8708485E-02,  1.0010811E+03,  6.4489781E+04,3,
  7.3924182E+02,  0.0000000E+00,  2.5077097E+02,2477,  8.2222635E-01,  0.0000000E+00,  1.1184821E-01,  1.0009207E+03,  5.4891633E+04,3,
  7.3998053E+02,  0.0000000E+00,  2.5069019E+02,2487,  1.3310383E-01,  0.0000000E+00,  1.0784762E-01,  1.0011200E+03,  6.6816773E+04,3,
  7.8186646E+02,  0.0000000E+00,  2.5068481E+02,2324,  8.5928214E-01,  0.0000000E+00,  6.1142959E-02,  1.0013051E+03,  7.7903930E+04,3,
  7.8322620E+02,  0.0000000E+00,  2.5093097E+02,2204,  4.9573067E-01,  0.0000000E+00,  2.4555767E-02,  1.0009839E+03,  5.8672836E+04,3,
  7.8046844E+02,  0.0000000E+00,  2.5073166E+02,2361,  7.3476531E-02,  0.0000000E+00, -5.2501880E-02,  1.0008959E+03,  5.3410203E+04,3,
  7.8035083E+02,  0.0000000E+00,  2.5094601E+02,2282,  3.0927065E-01,  0.0000000E+00, -1.6287024E-01,  1.0007360E+03,  4.3855516E+04,3,
  7.8416010E+02,  0.0000000E+00,  2.5114551E+02,2241,  5.2351457E-01,  0.0000000E+00,  4.7986656E-03,  1.0005352E+03,  3.1870420E+04,3,
  7.8486182E+02,  0.0000000E+00,  2.5105644E+02,2284,  5.6249321E-01,  0.0000000E+00, -1.2735441E-02,  1.0005811E+03,  3.4608598E+04,3,
  7.8570844E+02,  0.0000000E+00,  2.5077681E+02,2230,  5.3330034E-01,  0.0000000E+00, -1.3959791E-02,  1.0009186E+03,  5.4771215E+04,3,
  7.8686749E+02,  0.0000000E+00,  2.5090662E+02,2349,  5.1068902E-01,  0.0000000E+00, -5.6310967E-03,  1.0007466E+03,  4.4493426E+04,3,
  7.8780334E+02,  0.0000000E+00,  2.5096742E+02,2222,  4.7223929E-01,  0.0000000E+00,  1.4129196E-03,  1.0006542E+03,  3.8975949E+04,3,
  7.8871649E+02,  0.0000000E+00,  2.5091223E+02,2278,  5.0909650E-01,  0.0000000E+00,  5.7661724E-03,  1.0007305E+03,  4.3527465E+04,3,
  7.8952350E+02,  0.0000000E+00,  2.5099379E+02,2303,  4.9561888E-01,  0.0000000E+00,  5.7301968E-03,  1.0006403E+03,  3.8141672E+04,3,
  7.9049805E+02,  0.0000000E+00,  2.5092340E+02,2350,  5.2364218E-01,  0.0000000E+00,  1.2869624E-02,  1.0007764E+03,  4.6272496E+04,3,
  7.9158911E+02,  0.0000000E+00,  2.5084891E+02,2236,  4.8052806E-01,  0.0000000E+00,  5.6024017E-03,  1.0009598E+03,  5.7230992E+04,3,
  7.9275842E+02,  0.0000000E+00,  2.5083203E+02,2246,  4.7795480E-01,  0.0000000E+00,  1.5552932E-02,  1.0010903E+03,  6.5041340E+04,3,
  7.9386987E+02,  0.0000000E+00,  2.5065985E+02,2172,  5.0528932E-01,  0.0000000E+00,  1.6916545E-02,  1.0013276E+03,  7.9253648E+04,3,
  7.9528284E+02,  0.0000000E+00,  2.5110350E+02,2269,  5.2649891E-01,  0.0000000E+00, -1.2920347E-02,  1.0005347E+03,  3.1844936E+04,3,
  7.9587885E+02,  0.0000000E+00,  2.5097588E+02,2237,  5.2450615E-01,  0.0000000E+00, -2.7852645E-03,  1.0006479E+03,  3.8597055E+04,3,
  7.9682758E+02,  0.0000000E+00,  2.5086127E+02,2304,  5.2949280E-01,  0.0000000E+00,  1.0842330E-02,  1.0007731E+03,  4.6075617E+04,3,
  7.9776935E+02,  0.0000000E+00,  2.5110338E+02,2323,  5.1534235E-01,  0.0000000E+00,  1.8967267E-02,  1.0003896E+03,  2.3191156E+04,3,
  7.9845166E+02,  0.0000000E+00,  2.5092793E+02,2266,  5.5360776E-01,  0.0000000E+00,  3.4395322E-02,  1.0006642E+03,  3.9573469E+04,3,
  7.9962616E+02,  0.0000000E+00,  2.5081810E+02,2295,  5.7968998E-01,  0.0000000E+00,  3.2847174E-02,  1.0008529E+03,  5.0841938E+04,3,
  8.0036591E+02,  0.0000000E+00,  2.5108698E+02,2268,  6.1122555E-01,  0.0000000E+00,  1.6109431E-02,  1.0005361E+03,  3.1928672E+04,3,
  8.0106165E+02,  0.0000000E+00,  2.5127138E+02,2314,  5.4334885E-01,  0.0000000E+00, -4.3317445E-02,  1.0003391E+03,  2.0183387E+04,3,
  8.0239893E+02,  0.0000000E+00,  2.5042291E+02,2262,  6.2510747E-01,  0.0000000E+00,  4.9150893E-03,  1.0018281E+03,  1.0929451E+05,3,
  8.0368927E+02,  0.0000000E+00,  2.5123125E+02,2248,  6.2766361E-01,  0.0000000E+00, -2.8532213E-02,  1.0004460E+03,  2.6552791E+04,3,
  8.0444690E+02,  0.0000000E+00,  2.5099638E+02,2339,  5.7393175E-01,  0.0000000E+00,  1.7604990E-02,  1.0006248E+03,  3.7220035E+04,3,
  8.0541827E+02,  0.0000000E+00,  2.5084705E+02,2312,  5.7369816E-01,  0.0000000E+00,  3.5290007E-02,  1.0007589E+03,  4.5226160E+04,3,
  8.0628918E+02,  0.0000000E+00,  2.5104541E+02,2221,  6.8308330E-01,  0.0000000E+00,  2.3076890E-02,  1.0004780E+03,  2.8459676E+04,3,
  8.0705328E+02,  0.0000000E+00,  2.5102164E+02,2217,  6.8149865E-01,  0.0000000E+00,  6.0647535E-03,  1.0005615E+03,  3.3439684E+04,3,
  8.0801685E+02,  0.0000000E+00,  2.5099498E+02,2192,  6.5796202E-01,  0.0000000E+00, -2.6469646E-02,  1.0007095E+03,  4.2273676E+04,3,
  8.0925201E+02,  0.0000000E+00,  2.5055141E+02,2289,  6.2569386E-01,  0.0000000E+00,  4.6617799E-03,  1.0015231E+03,  9.0977188E+04,3,
  8.1053833E+02,  0.0000000E+00,  2.5097342E+02,2168,  6.8062496E-01,  0.0000000E+00, -5.8796662E-03,  1.0006832E+03,  4.0706664E+04,3,
  8.1151788E+02,  0.0000000E+00,  2.5097955E+02,2233,  6.9804704E-01,  0.0000000E+00, -2.7777940E-02,  1.0005930E+03,  3.5318754E+04,3,
  8.1226404E+02,  0.0000000E+00,  2.5104192E+02,2247,  7.3697919E-01,  0.0000000E+00, -3.9532255E-02,  1.0004954E+03,  2.9496973E+04,3,
  8.1304199E+02,  0.0000000E+00,  2.5098344E+02,2227,  7.1292382E-01,  0.0000000E+00, -1.2572763E-02,  1.0005901E+03,  3.5151227E+04,3,
  8.1399829E+02,  0.0000000E+00,  2.5092508E+02,2146,  6.9733465E-01,  0.0000000E+00,  4.6490610E-02,  1.0007726E+03,  4.6042805E+04,3,
  8.1536591E+02,  0.0000000E+00,  2.5059982E+02,2294,  6.0206330E-01,  0.0000000E+00,  4.4987381E-02,  1.0012541E+03,  7.4846695E+04,3,
  8.1636664E+02,  0.0000000E+00,  2.5109801E+02,2150,  9.1295969E-01,  0.0000000E+00, -1.1198938E-01,  1.0005639E+03,  3.3585336E+04,3,
  8.1696234E+02,  0.0000000E+00,  2.5112627E+02,2351,  1.0083611E+00,  0.0000000E+00, -2.5677764E-01,  1.0005024E+03,  2.9915561E+04,3,
  8.1778491E+02,  0.0000000E+00,  2.5090581E+02,2141,  9.4183373E-01,  0.0000000E+00, -3.5491985E-01,  1.0007066E+03,  4.2102387E+04,3,
  8.1955389E+02,  0.0000000E+00,  2.5042599E+02,2144,  5.5794245E-01,  0.0000000E+00,  1.0456631E-01,  1.0012777E+03,  7.6261828E+04,3,
  8.2022388E+02,  0.0000000E+00,  2.5138605E+02,2210,  8.1849374E-02,  0.0000000E+00,  3.2401130E-01,  1.0005055E+03,  3.0101201E+04,3,
  9.5378192E+02,  0.0000000E+00,  2.5086859E+02,2169,  2.1348455E+00,  0.0000000E+00,  1.9192019E+00,  1.0005307E+03,  3.1604654E+04,3,
  9.5443555E+02,  0.0000000E+00,  2.5105307E+02,2152,  4.1775398E+00,  0.0000000E+00,  7.9214156E-01,  9.9812915E+02, -1.1061449E+05,3,
  1.1161843E+03,  0.0000000E+00,  2.4883626E+02,2271,  7.2601776E+00,  0.0000000E+00,  4.4403470E-01,  9.9976117E+02, -1.4190204E+04,3,
  1.1162833E+03,  0.0000000E+00,  2.4891815E+02,2154,  7.2377377E+00,  0.0000000E+00,  5.6328106E-01,  9.9967462E+02, -1.9327457E+04,3,
  1.1163783E+03,  0.0000000E+00,  2.4891113E+02,2095,  7.2354078E+00,  0.0000000E+00,  5.6247729E-01,  9.9958374E+02, -2.4719064E+04,3,
  1.1164622E+03,  0.0000000E+00,  2.4896098E+02,2170,  7.2346787E+00,  0.0000000E+00,  4.9638733E-01,  9.9946490E+02, -3.1764633E+04,3,
  1.1181543E+03,  0.0000000E+00,  2.4985475E+02,2198,  7.1638217E+00,  0.0000000E+00,  6.0976774E-01,  1.0012725E+03,  7.5947336E+04,3,
  1.1188773E+03,  0.0000000E+00,  2.4891631E+02,2084,  7.2148142E+00,  0.0000000E+00,  5.2081442E-01,  1.0000356E+03,  2.1159473E+03,3,
  1.1196639E+03,  0.0000000E+00,  2.4894019E+02,2189,  7.1140361E+00,  0.0000000E+00,  4.6874106E-01,  9.9957361E+02, -2.5319961E+04,3,
  1.1200959E+03,  0.0000000E+00,  2.4893629E+02,2129,  7.1326642E+00,  0.0000000E+00,  6.6727507E-01,  9.9937347E+02, -3.7181996E+04,3,
  1.1223251E+03,  0.0000000E+00,  2.4907869E+02,2089,  7.2719016E+00,  0.0000000E+00,  3.6259693E-01,  1.0022305E+03,  1.3351348E+05,3,
  1.1237455E+03,  0.0000000E+00,  2.4919016E+02,2108,  7.1809011E+00,  0.0000000E+00, -2.4747811E-01,  9.9799567E+02, -1.1845934E+05,3,
  1.1237389E+03,  0.0000000E+00,  2.4908937E+02,2136,  7.1156054E+00,  0.0000000E+00,  2.4977563E-01,  9.9876971E+02, -7.2880820E+04,3,
  1.1237479E+03,  0.0000000E+00,  2.4911215E+02,2072,  7.2305918E+00,  0.0000000E+00, -4.9701259E-01,  9.9726874E+02, -1.6107064E+05,3,
  1.1245013E+03,  0.0000000E+00,  2.4915504E+02,2199,  7.3249130E+00,  0.0000000E+00,  3.6184866E-02,  1.0019313E+03,  1.1550073E+05,3,
  1.1273102E+03,  0.0000000E+00,  2.4900833E+02,2128,  7.2736259E+00,  0.0000000E+00, -3.3276549E-01,  1.0005915E+03,  3.5231348E+04,3,
  1.1274325E+03,  0.0000000E+00,  2.4896434E+02,2158,  7.0750246E+00,  0.0000000E+00,  2.8355914E-01,  1.0008976E+03,  5.3512363E+04,3,
  1.1288588E+03,  0.0000000E+00,  2.4909198E+02,2103,  7.1653175E+00,  0.0000000E+00,  1.5731610E-01,  9.9829834E+02, -1.0066217E+05,3,
  1.1288678E+03,  0.0000000E+00,  2.4910841E+02,2104,  7.1863008E+00,  0.0000000E+00,  1.7440395E-01,  9.9687347E+02, -1.8416222E+05,3,
  1.1291057E+03,  0.0000000E+00,  2.5016422E+02,2083,  7.3106313E+00,  0.0000000E+00,  1.3850246E-01,  1.0011954E+03,  7.1333500E+04,3,
  1.1300966E+03,  0.0000000E+00,  2.4882545E+02,2102,  7.1255841E+00,  0.0000000E+00,  2.2340035E-01,  1.0016207E+03,  9.6834938E+04,3,
  1.1319170E+03,  0.0000000E+00,  2.4905800E+02,2139,  7.2590871E+00,  0.0000000E+00,  2.3516074E-01,  9.9975525E+02, -1.4541709E+04,3,
  1.1325699E+03,  0.0000000E+00,  2.4902933E+02,2078,  7.1888657E+00,  0.0000000E+00,  4.6061030E-01,  9.9965497E+02, -2.0493654E+04,3,
  1.1337089E+03,  0.0000000E+00,  2.4905356E+02,2134,  7.2151117E+00,  0.0000000E+00,  5.2543652E-01,  9.9992291E+02, -4.5823984E+03,3,
  1.1343301E+03,  0.0000000E+00,  2.4901295E+02,2070,  7.1895432E+00,  0.0000000E+00,  3.0058226E-01,  9.9994470E+02, -3.2873511E+03,3,
  1.1345383E+03,  0.0000000E+00,  2.4904074E+02,2092,  7.1627545E+00,  0.0000000E+00,  6.2298375E-01,  9.9997675E+02, -1.3825620E+03,3,
  1.1345951E+03,  0.0000000E+00,  2.4894446E+02,2175,  7.1829710E+00,  0.0000000E+00,  6.4297056E-01,  9.9994611E+02, -3.2039109E+03,3,
  1.1394319E+03,  0.0000000E+00,  2.4920047E+02,2156,  7.1226974E+00,  0.0000000E+00,  1.0630758E-03,  9.9995532E+02, -2.6560901E+03,3,
  1.1394329E+03,  0.0000000E+00,  2.4924831E+02,2178,  7.1476755E+00,  0.0000000E+00,  3.2856274E-01,  9.9995691E+02, -2.5617605E+03,3,
  1.1397382E+03,  0.0000000E+00,  2.4932756E+02,2030,  7.1134415E+00,  0.0000000E+00, -8.6391188E-02,  1.0000522E+03,  3.1033020E+03,3,
  1.1410513E+03,  0.0000000E+00,  2.4900980E+02,2137,  7.0885954E+00,  0.0000000E+00, -1.1606782E-01,  1.0000255E+03,  1.5134189E+03,3,
  1.1410507E+03,  0.0000000E+00,  2.4937556E+02,2059,  7.1082587E+00,  0.0000000E+00,  1.2725627E-01,  1.0000322E+03,  1.9126807E+03,3,
  1.1413231E+03,  0.0000000E+00,  2.4911626E+02,2115,  7.1440110E+00,  0.0000000E+00,  1.0227211E-01,  9.9998145E+02, -1.1031621E+03,3,
  1.1469382E+03,  0.0000000E+00,  2.4914156E+02,2109,  6.4465208E+00,  0.0000000E+00,  2.8227264E-01,  1.0000420E+03,  2.4970837E+03,3,
  1.1470518E+03,  0.0000000E+00,  2.4910396E+02,2140,  6.4304366E+00,  0.0000000E+00,  5.4530804E-03,  1.0000538E+03,  3.1976868E+03,3,
  1.1472212E+03,  0.0000000E+00,  2.4909012E+02,2099,  6.4404502E+00,  0.0000000E+00,  4.7813125E-02,  1.0001335E+03,  7.9398564E+03,3,
  1.1474430E+03,  0.0000000E+00,  2.4916974E+02,2075,  6.4605360E+00,  0.0000000E+00,  1.5276040E-01,  1.0003000E+03,  1.7852717E+04,3,
  1.1488755E+03,  0.0000000E+00,  2.4912315E+02,2096,  6.4289804E+00,  0.0000000E+00,  2.3466428E-01,  9.9954425E+02, -2.7060908E+04,3,
  1.1497018E+03,  0.0000000E+00,  2.4906630E+02,2080,  6.4113197E+00,  0.0000000E+00, -3.2532528E-02,  9.9970892E+02, -1.7291715E+04,3,
  1.1512184E+03,  0.0000000E+00,  2.4911842E+02,2097,  6.4503069E+00,  0.0000000E+00, -9.5522702E-02,  1.0007954E+03,  4.7406457E+04,3,
  1.1526700E+03,  0.0000000E+00,  2.4909415E+02,2085,  6.4606013E+00,  0.0000000E+00, -1.4375593E-02,  9.9935150E+02, -3.8483457E+04,3,
  1.1529896E+03,  0.0000000E+00,  2.4903767E+02,2145,  6.4359436E+00,  0.0000000E+00,  5.2258756E-02,  9.9982648E+02, -1.0311948E+04,3,
  1.1530579E+03,  0.0000000E+00,  2.4906003E+02,2088,  6.4389639E+00,  0.0000000E+00, -4.2081691E-02,  9.9986932E+02, -7.7666968E+03,3,
  1.1530673E+03,  0.0000000E+00,  2.4910855E+02,2126,  6.4127636E+00,  0.0000000E+00,  1.8435760E-01,  9.9989117E+02, -6.4684395E+03,3,
  1.2414707E+03,  0.0000000E+00,  2.4902351E+02,2073,  6.5946803E+00,  0.0000000E+00,  3.2315593E-02,  9.9995612E+02, -2.6089253E+03,3,
  1.2416238E+03,  0.0000000E+00,  2.4905954E+02,2058,  6.5927277E+00,  0.0000000E+00, -2.1347880E-01,  9.9997784E+02, -1.3172485E+03,3,
  1.2421993E+03,  0.0000000E+00,  2.4910004E+02,2067,  6.6368680E+00,  0.0000000E+00, -3.2729512E-01,  1.0000999E+03,  5.9424946E+03,3,
  1.2425502E+03,  0.0000000E+00,  2.4904591E+02,2079,  6.5991569E+00,  0.0000000E+00, -1.6173430E-01,  1.0000546E+03,  3.2485095E+03,3,
  1.2429651E+03,  0.0000000E+00,  2.4910136E+02,2098,  6.5501099E+00,  0.0000000E+00, -3.4916306E-01,  9.9980530E+02, -1.1569830E+04,3,
  1.2456453E+03,  0.0000000E+00,  2.4895160E+02,2110,  6.7500777E+00,  0.0000000E+00,  1.9731985E-01,  9.9976099E+02, -1.4201075E+04,3,
  1.2464546E+03,  0.0000000E+00,  2.4898318E+02,2082,  6.6826692E+00,  0.0000000E+00,  1.6279648E-01,  9.9983057E+02, -1.0069054E+04,3,
  1.2468828E+03,  0.0000000E+00,  2.4972787E+02,2055,  6.6220622E+00,  0.0000000E+00,  3.3826333E-02,  1.0009008E+03,  5.3702094E+04,3,
  1.2479109E+03,  0.0000000E+00,  2.4898128E+02,2071,  6.6861191E+00,  0.0000000E+00,  5.1000413E-02,  9.9974182E+02, -1.5338891E+04,3,
  1.2480547E+03,  0.0000000E+00,  2.4899113E+02,2086,  6.6761222E+00,  0.0000000E+00, -1.5697112E-02,  9.9979279E+02, -1.2312883E+04,3,
  1.2483370E+03,  0.0000000E+00,  2.4899821E+02,2100,  6.6725307E+00,  0.0000000E+00, -1.2168293E-01,  9.9985724E+02, -8.4846543E+03,3,
  1.2768696E+03,  0.0000000E+00,  2.4897076E+02,2034,  6.0705547E+00,  0.0000000E+00,  4.6897691E-02,  9.9992194E+02, -4.6404360E+03,3,
  1.2771290E+03,  0.0000000E+00,  2.4900291E+02,2087,  6.0765901E+00,  0.0000000E+00, -7.7349566E-02,  9.9996747E+02, -1.9340815E+03,3,
  1.2771967E+03,  0.0000000E+00,  2.4899855E+02,2065,  6.0791206E+00,  0.0000000E+00, -1.3864443E-01,  9.9998724E+02, -7.5843719E+02,3,
  1.2777461E+03,  0.0000000E+00,  2.4932516E+02,2053,  6.0837641E+00,  0.0000000E+00, -8.4416881E-02,  1.0007964E+03,  4.7468445E+04,3,
  1.2788159E+03,  0.0000000E+00,  2.4904333E+02,2081,  6.0896659E+00,  0.0000000E+00, -1.2422205E-01,  9.9929840E+02, -4.1627941E+04,3,
  1.2802213E+03,  0.0000000E+00,  2.4903752E+02,2068,  6.0827975E+00,  0.0000000E+00, -9.2454828E-02,  1.0003588E+03,  2.1354381E+04,3,
  1.2814316E+03,  0.0000000E+00,  2.4904266E+02,2066,  6.0866995E+00,  0.0000000E+00, -5.7257786E-02,  9.9922064E+02, -4.6230816E+04,3,
  1.2826654E+03,  0.0000000E+00,  2.4935979E+02,2062,  6.0736990E+00,  0.0000000E+00, -9.6906032E-03,  1.0007875E+03,  4.6932438E+04,3,
  1.2831421E+03,  0.0000000E+00,  2.4900999E+02,2046,  6.0885105E+00,  0.0000000E+00, -5.5952901E-03,  1.0000165E+03,  9.8351453E+02,3,
  1.2831608E+03,  0.0000000E+00,  2.4900046E+02,2056,  6.0881662E+00,  0.0000000E+00, -7.6924320E-03,  1.0000078E+03,  4.6452606E+02,3,
  1.2836100E+03,  0.0000000E+00,  2.4897087E+02,2091,  6.0915637E+00,  0.0000000E+00,  7.7664219E-02,  9.9991211E+02, -5.2244180E+03,3,
  1.3214999E+03,  0.0000000E+00,  2.4902626E+02,2050, -2.5790048E-01,  0.0000000E+00,  3.5464004E-01,  9.9906232E+02, -5.5596121E+04,3,
  1.3216466E+03,  0.0000000E+00,  2.4921123E+02,2057,  4.4237081E-02,  0.0000000E+00, -1.4556834E+00,  9.9671198E+02, -1.9358131E+05,3,
  1.3217097E+03,  0.0000000E+00,  2.4893153E+02,2037, -3.7783033E-01,  0.0000000E+00, -4.3104267E-01,  9.9959332E+02, -2.4150713E+04,3,
  1.3217565E+03,  0.0000000E+00,  2.4906609E+02,2077, -7.5492346E-01,  0.0000000E+00,  1.1406446E-01,  9.9935785E+02, -3.8107496E+04,3,
  1.3236987E+03,  0.0000000E+00,  2.4897308E+02,2036, -4.6197116E-01,  0.0000000E+00,  1.3432881E+00,  1.0039079E+03,  2.3509745E+05,3,
  1.3254535E+03,  0.0000000E+00,  2.4947269E+02,2074, -3.8821420E-01,  0.0000000E+00,  5.6771052E-01,  1.0033029E+03,  1.9834136E+05,3,
  1.3255753E+03,  0.0000000E+00,  2.4918289E+02,2041, -2.1006912E-01,  0.0000000E+00, -6.4178818E-01,  9.9754407E+02, -1.4495322E+05,3,
  1.3258586E+03,  0.0000000E+00,  2.4939909E+02,2049,  1.9558285E-01,  0.0000000E+00, -3.2386386E-01,  9.9405219E+02, -3.4739678E+05,3,
  1.3279169E+03,  0.0000000E+00,  2.4916385E+02,2063,  1.1413343E-01,  0.0000000E+00, -3.5950008E-01,  1.0030065E+03,  1.8037891E+05,3,
  1.3290417E+03,  0.0000000E+00,  2.4926871E+02,2052, -1.5731430E-01,  0.0000000E+00,  1.4649142E+00,  9.9780188E+02, -1.2983700E+05,3,
  1.3317950E+03,  0.0000000E+00,  2.4891338E+02,2035,  1.5390417E-01,  0.0000000E+00, -4.8317066E-01,  9.9806036E+02, -1.1465788E+05,3,
  1.3281995E+03,  0.0000000E+00,  2.4900247E+02,2031, -1.0764574E+00,  0.0000000E+00,  1.1089184E+00,  1.0003528E+03,  2.0997977E+04,3,
  1.3304932E+03,  0.0000000E+00,  2.4888321E+02,2033, -3.9665714E-02,  0.0000000E+00, -4.4343194E-01,  9.9938477E+02, -3.6513125E+04,3,
  1.3328014E+03,  0.0000000E+00,  2.4939096E+02,2029, -1.1003629E+00,  0.0000000E+00,  1.5087377E-01,  1.0023030E+03,  1.3788005E+05,3,
  1.3330807E+03,  0.0000000E+00,  2.4935420E+02,2060, -1.5637670E+00,  0.0000000E+00,  8.6290759E-01,  9.9948077E+02, -3.0824068E+04,3,
  1.3341161E+03,  0.0000000E+00,  2.4927663E+02,2043,  8.9950003E-02,  0.0000000E+00,  8.1554361E-02,  1.0023133E+03,  1.3850189E+05,3,
  1.3347914E+03,  0.0000000E+00,  2.4891902E+02,2069, -1.0024804E+00,  0.0000000E+00,  3.1114265E-01,  9.9973267E+02, -1.5882387E+04,3,
  1.3376819E+03,  0.0000000E+00,  2.4886414E+02,2040, -1.3895296E+00,  0.0000000E+00,  4.3416861E-01,  1.0008586E+03,  5.1181172E+04,3,
  1.3375089E+03,  0.0000000E+00,  2.4874335E+02,2042, -5.3489161E-01,  0.0000000E+00, -2.4840681E-01,  9.9884149E+02, -6.8643578E+04,3,
  1.3375070E+03,  0.0000000E+00,  2.4901871E+02,2038, -5.3127384E-01,  0.0000000E+00,  3.5198265E-01,  1.0021641E+03,  1.2950908E+05,3,
  1.3362340E+03,  0.0000000E+00,  2.4996573E+02,2045, -9.8273003E-01,  0.0000000E+00,  3.5847458E-01,  1.0011799E+03,  7.0401484E+04,3,
  1.3393105E+03,  0.0000000E+00,  2.4920221E+02,2051, -4.8832864E-01,  0.0000000E+00, -7.3793846E-01,  9.9978900E+02, -1.2537601E+04,3,
  1.3404821E+03,  0.0000000E+00,  2.4917935E+02,2064, -4.5587757E-01,  0.0000000E+00, -6.2515825E-01,  1.0029385E+03,  1.7626353E+05,3,
  1.3411041E+03,  0.0000000E+00,  2.4932117E+02,2061, -9.6345544E-01,  0.0000000E+00, -5.5071104E-01,  9.9827539E+02, -1.0201272E+05,3,
  1.3424948E+03,  0.0000000E+00,  2.4906657E+02,2047, -1.0142987E+00,  0.0000000E+00, -6.4363873E-01,  9.9859833E+02, -8.2990930E+04,3,
  1.3433608E+03,  0.0000000E+00,  2.4929355E+02,2039, -4.8439214E-01,  0.0000000E+00, -4.6278197E-01,  9.9917725E+02, -4.8798676E+04,3,
  1.3439528E+03,  0.0000000E+00,  2.4903603E+02,2048, -7.9264724E-01,  0.0000000E+00, -8.3418036E-01,  1.0017737E+03,  1.0602595E+05,3,
  1.3439637E+03,  0.0000000E+00,  2.4894853E+02,2044, -8.2807165E-01,  0.0000000E+00, -8.0476832E-01,  1.0023833E+03,  1.4272339E+05,3,
  1.3440344E+03,  0.0000000E+00,  2.4920715E+02,2054, -8.9030409E-01,  0.0000000E+00, -1.2635593E+00,  1.0011716E+03,  6.9904445E+04,3,
  1.9316870E+02,  0.0000000E+00,  2.5707217E+02,3309,  8.7769851E-02,  0.0000000E+00, -2.9598333E-02,  9.9977881E+02, -1.3142862E+04,3,
  1.9315070E+02,  0.0000000E+00,  2.5717645E+02,3245,  4.7551692E-02,  0.0000000E+00, -1.2933847E-01,  9.9971527E+02, -1.6914947E+04,3,
  1.9204955E+02,  0.0000000E+00,  2.5705435E+02,3394,  1.0822000E-01,  0.0000000E+00, -1.4905943E-01,  1.0000768E+03,  4.5663652E+03,3,
  1.9197562E+02,  0.0000000E+00,  2.5718839E+02,3395,  1.2518159E-01,  0.0000000E+00,  4.9976265E-01,  1.0000685E+03,  4.0726025E+03,3,
  1.9456866E+02,  0.0000000E+00,  2.5796616E+02,3055,  2.3146829E-02,  0.0000000E+00,  9.3845703E-02,  1.0007739E+03,  4.6119367E+04,3,
  1.9542595E+02,  0.0000000E+00,  2.5704178E+02,3237,  8.9643866E-02,  0.0000000E+00,  2.0807870E-01,  1.0000322E+03,  1.9126807E+03,3,
  1.9827390E+02,  0.0000000E+00,  2.5696991E+02,3396,  8.7206021E-02,  0.0000000E+00,  3.5792789E-01,  1.0005403E+03,  3.2176244E+04,3,
  1.9617586E+02,  0.0000000E+00,  2.5707742E+02,3037,  1.2785015E-01,  0.0000000E+00,  4.8569342E-01,  9.9981281E+02, -1.1123971E+04,3,
  1.9672102E+02,  0.0000000E+00,  2.5709549E+02,3374,  6.4358622E-02,  0.0000000E+00, -3.8436377E-01,  9.9983710E+02, -9.6811348E+03,3,
  1.9922812E+02,  0.0000000E+00,  2.5706586E+02,3386,  8.8028312E-02,  0.0000000E+00,  1.0157525E-01,  9.9994238E+02, -3.4252075E+03,3,
  2.0103210E+02,  0.0000000E+00,  2.5719836E+02,3028,  1.3650589E-01,  0.0000000E+00,  1.8400954E-01,  1.0001749E+03,  1.0406245E+04,3,
  2.0114912E+02,  0.0000000E+00,  2.5710184E+02,3046,  1.0548124E-01,  0.0000000E+00,  1.9226889E-01,  1.0000381E+03,  2.2647703E+03,3,
  2.0446445E+02,  0.0000000E+00,  2.5686093E+02,3338,  1.0667250E-01,  0.0000000E+00, -7.0257552E-02,  1.0008381E+03,  4.9955602E+04,3,
  2.0183604E+02,  0.0000000E+00,  2.5711783E+02,3173,  2.7139915E-02,  0.0000000E+00,  5.2566085E-02,  9.9970477E+02, -1.7538055E+04,3,
  2.0281844E+02,  0.0000000E+00,  2.5718588E+02,3236,  1.0389759E-01,  0.0000000E+00, -8.7073758E-02,  1.0005223E+03,  3.1102264E+04,3,
  2.0485370E+02,  0.0000000E+00,  2.5715771E+02,3348,  1.1553929E-01,  0.0000000E+00, -1.7486997E-01,  9.9836969E+02, -9.6462070E+04,3,
  2.0597232E+02,  0.0000000E+00,  2.5698505E+02,3164,  1.1541338E-01,  0.0000000E+00, -1.1007608E-01,  1.0005578E+03,  3.3221211E+04,3,
  2.0705455E+02,  0.0000000E+00,  2.5706900E+02,3119,  3.5681102E-02,  0.0000000E+00, -1.4790264E-01,  1.0000892E+03,  5.3034238E+03,3,
  2.0850320E+02,  0.0000000E+00,  2.5703192E+02,3376,  1.7214294E-01,  0.0000000E+00, -1.2454860E-01,  9.9990582E+02, -5.5980034E+03,3,
  2.1011705E+02,  0.0000000E+00,  2.5711581E+02,3385,  2.3222378E-02,  0.0000000E+00, -2.3102820E-02,  1.0001976E+03,  1.1757752E+04,3,
  2.1054022E+02,  0.0000000E+00,  2.5708310E+02,3367,  1.2654634E-01,  0.0000000E+00, -1.7236523E-01,  1.0000271E+03,  1.6114181E+03,3,
  2.1202179E+02,  0.0000000E+00,  2.5699213E+02,3378,  1.6293763E-01,  0.0000000E+00,  2.3704448E-01,  1.0002800E+03,  1.6660324E+04,3,
  2.0845122E+02,  0.0000000E+00,  2.5710123E+02,3357,  1.5863289E-01,  0.0000000E+00, -1.4744340E-01,  1.0002996E+03,  1.7827270E+04,3,
  2.1304413E+02,  0.0000000E+00,  2.5704230E+02,3368,  1.3743454E-01,  0.0000000E+00,  1.2880941E-01,  1.0002896E+03,  1.7231057E+04,3,
  2.1440344E+02,  0.0000000E+00,  2.5716608E+02,3377,  1.3028757E-01,  0.0000000E+00,  1.1940616E-01,  1.0001622E+03,  9.6470117E+03,3,
  2.1558311E+02,  0.0000000E+00,  2.5713724E+02,3010,  8.3739042E-02,  0.0000000E+00, -1.9174721E-02,  9.9973407E+02, -1.5799053E+04,3,
  2.1680336E+02,  0.0000000E+00,  2.5737149E+02,3019,  9.4715230E-02,  0.0000000E+00, -4.0946215E-02,  1.0004957E+03,  2.9515172E+04,3,
  2.1533913E+02,  0.0000000E+00,  2.5716092E+02,3358,  1.2208182E-01,  0.0000000E+00, -1.2892052E-02,  1.0000994E+03,  5.9134453E+03,3,
  2.1847992E+02,  0.0000000E+00,  2.5642117E+02,3320,  2.4850933E-01,  0.0000000E+00,  9.5897555E-02,  1.0000645E+03,  3.8366218E+03,3,
  2.1804375E+02,  0.0000000E+00,  2.5665576E+02,3110,  2.0635445E-01,  0.0000000E+00, -6.0391657E-02,  9.9998584E+02, -8.4189801E+02,3,
  2.2027484E+02,  0.0000000E+00,  2.5440326E+02,3359, -9.2730060E-02,  0.0000000E+00, -3.6899357E-03,  1.0013512E+03,  8.0665750E+04,3,
  2.1997296E+02,  0.0000000E+00,  2.5561032E+02,3255,  4.3376508E-01,  0.0000000E+00, -8.0813721E-02,  1.0000157E+03,  9.3270331E+02,3,
  2.1949783E+02,  0.0000000E+00,  2.5650336E+02,3283, -1.4302248E-01,  0.0000000E+00,  6.5225109E-02,  1.0004081E+03,  2.4293385E+04,3,
  2.2282988E+02,  0.0000000E+00,  2.5564075E+02,3291,  1.2702291E-01,  0.0000000E+00, -2.6136485E-01,  1.0008804E+03,  5.2483508E+04,3,
  2.2282671E+02,  0.0000000E+00,  2.5522208E+02,3282, -2.9323302E-02,  0.0000000E+00,  4.5037866E-02,  9.9959863E+02, -2.3835752E+04,3,
  2.2593982E+02,  0.0000000E+00,  2.5697598E+02,3339,  3.8414562E-01,  0.0000000E+00, -4.9570747E-02,  1.0001838E+03,  1.0933021E+04,3,
  2.2145462E+02,  0.0000000E+00,  2.5510512E+02,3101,  2.2769864E-01,  0.0000000E+00, -1.0052256E-01,  1.0003915E+03,  2.3307559E+04,3,
  2.2420020E+02,  0.0000000E+00,  2.5588132E+02,3146,  1.2604286E-01,  0.0000000E+00, -3.7037924E-01,  1.0005291E+03,  3.1509998E+04,3,
  2.2607625E+02,  0.0000000E+00,  2.5548218E+02,3201,  2.7494597E-01,  0.0000000E+00,  1.3596508E-01,  9.9966541E+02, -1.9874355E+04,3,
  2.2488307E+02,  0.0000000E+00,  2.5454596E+02,3360,  3.3176816E-01,  0.0000000E+00,  3.7411470E-02,  1.0012414E+03,  7.4086195E+04,3,
  2.2732558E+02,  0.0000000E+00,  2.5448788E+02,3306,  2.2011545E-01,  0.0000000E+00, -8.3399871E-03,  1.0014485E+03,  8.6499172E+04,3,
  2.2762483E+02,  0.0000000E+00,  2.5735214E+02,3369,  1.1931875E-01,  0.0000000E+00, -2.7470680E-02,  1.0001932E+03,  1.1492522E+04,3,
  2.2901382E+02,  0.0000000E+00,  2.5505962E+02,3329,  2.8503272E-01,  0.0000000E+00, -2.2809800E-02,  1.0003589E+03,  2.1365291E+04,3,
  2.3078888E+02,  0.0000000E+00,  2.5631812E+02,3273,  3.2899380E-01,  0.0000000E+00, -3.1715024E-02,  1.0003754E+03,  2.2343652E+04,3,
  2.2982204E+02,  0.0000000E+00,  2.5498871E+02,3266,  2.9260525E-01,  0.0000000E+00, -2.9209789E-02,  1.0003338E+03,  1.9867023E+04,3,
  2.3269089E+02,  0.0000000E+00,  2.5607059E+02,3001,  2.8615075E-01,  0.0000000E+00,  2.1427536E-02,  1.0004604E+03,  2.7415211E+04,3,
  2.3116252E+02,  0.0000000E+00,  2.5479947E+02,3128,  2.2278096E-01,  0.0000000E+00, -4.2935513E-02,  1.0005614E+03,  3.3436043E+04,3,
  2.3248737E+02,  0.0000000E+00,  2.5486047E+02,3264,  2.0703988E-01,  0.0000000E+00, -2.2350298E-02,  1.0003865E+03,  2.3005645E+04,3,
  2.2909641E+02,  0.0000000E+00,  2.5723169E+02,3351,  2.5312358E-01,  0.0000000E+00, -4.6477105E-02,  1.0001803E+03,  1.0725939E+04,3,
  2.3411511E+02,  0.0000000E+00,  2.5469250E+02,2983,  2.5122860E-01,  0.0000000E+00,  3.6429681E-02,  1.0007308E+03,  4.3549332E+04,3,
  2.3444794E+02,  0.0000000E+00,  2.5610199E+02,2992,  2.5620908E-01,  0.0000000E+00,  4.1462250E-02,  1.0004213E+03,  2.5079207E+04,3,
  2.3563731E+02,  0.0000000E+00,  2.5493146E+02,3265,  2.7921104E-01,  0.0000000E+00,  4.0965866E-02,  1.0002818E+03,  1.6769379E+04,3,
  2.3617207E+02,  0.0000000E+00,  2.5610678E+02,3083,  2.2849686E-01,  0.0000000E+00,  5.8216851E-02,  1.0004793E+03,  2.8539744E+04,3,
  2.3701373E+02,  0.0000000E+00,  2.5481357E+02,3219,  2.4109884E-01,  0.0000000E+00,  4.1844878E-02,  1.0005899E+03,  3.5136660E+04,3,
  2.3964317E+02,  0.0000000E+00,  2.5681070E+02,3321,  1.6797790E-01,  0.0000000E+00,  7.3607974E-02,  1.0002022E+03,  1.2030256E+04,3,
  2.3825677E+02,  0.0000000E+00,  2.5489719E+02,3257,  2.3841596E-01,  0.0000000E+00,  4.1190196E-02,  1.0004901E+03,  2.9183953E+04,3,
  2.3953244E+02,  0.0000000E+00,  2.5477998E+02,3147,  2.3730382E-01,  0.0000000E+00,  4.1898280E-02,  1.0006595E+03,  3.9292922E+04,3,
  2.4065938E+02,  0.0000000E+00,  2.5495273E+02,3256,  2.5474131E-01,  0.0000000E+00,  3.5688467E-02,  1.0004434E+03,  2.6399965E+04,3,
  2.3796788E+02,  0.0000000E+00,  2.5688812E+02,3340,  2.6352370E-01,  0.0000000E+00,  8.2235344E-02,  1.0001721E+03,  1.0235503E+04,3,
  2.4094316E+02,  0.0000000E+00,  2.5714597E+02,3349,  2.7071714E-01,  0.0000000E+00,  5.9843726E-02,  1.0001126E+03,  6.6978135E+03,3,
  2.4275252E+02,  0.0000000E+00,  2.5450905E+02,3350,  3.8424352E-01,  0.0000000E+00,  7.9563305E-02,  1.0012901E+03,  7.7004219E+04,3,
  2.4175333E+02,  0.0000000E+00,  2.5663892E+02,2974,  1.5715161E-01,  0.0000000E+00,  6.5211371E-02,  1.0001398E+03,  8.3139521E+03,3,
  2.4559290E+02,  0.0000000E+00,  2.5582895E+02,3238,  4.4456744E-01,  0.0000000E+00, -2.3859417E-01,  1.0003170E+03,  1.8867092E+04,3,
  2.4306084E+02,  0.0000000E+00,  2.5559010E+02,3311, -1.5623458E-02,  0.0000000E+00, -8.5845090E-02,  1.0002015E+03,  1.1986654E+04,3,
  2.4666356E+02,  0.0000000E+00,  2.5682642E+02,3331,  3.5726842E-01,  0.0000000E+00, -6.5958120E-02,  1.0001259E+03,  7.4858755E+03,3,
  2.4459140E+02,  0.0000000E+00,  2.5491322E+02,3313,  2.5190404E-01,  0.0000000E+00,  1.7061582E-01,  1.0010948E+03,  6.5308000E+04,3,
  2.4669548E+02,  0.0000000E+00,  2.5520917E+02,3228,  3.2316995E-01,  0.0000000E+00, -4.9542073E-02,  1.0003923E+03,  2.3354846E+04,3,
  2.4783997E+02,  0.0000000E+00,  2.5466675E+02,2965,  3.4327993E-01,  0.0000000E+00, -1.8413100E-01,  1.0006994E+03,  4.1672352E+04,3,
  2.4824083E+02,  0.0000000E+00,  2.5702136E+02,2956,  2.9915068E-01,  0.0000000E+00, -1.9291360E-02,  1.0001796E+03,  1.0685978E+04,3,
  2.4969826E+02,  0.0000000E+00,  2.5699234E+02,3292,  2.5775909E-01,  0.0000000E+00,  8.2970979E-03,  1.0002386E+03,  1.4196016E+04,3,
  2.4904094E+02,  0.0000000E+00,  2.5354482E+02,3323,  2.6487353E-01,  0.0000000E+00, -2.3133609E-01,  1.0010527E+03,  6.2791453E+04,3,
  2.5089203E+02,  0.0000000E+00,  2.5683804E+02,3074,  2.4106404E-01,  0.0000000E+00,  9.3463752E-03,  1.0002903E+03,  1.7274680E+04,3,
  2.5085507E+02,  0.0000000E+00,  2.5297906E+02,2938,  1.7144720E-01,  0.0000000E+00,  2.8586978E-02,  1.0006359E+03,  3.7883023E+04,3,
  2.5198907E+02,  0.0000000E+00,  2.5662802E+02,3293,  2.4415949E-01,  0.0000000E+00,  8.5871825E-03,  1.0003383E+03,  2.0132477E+04,3,
  2.5318350E+02,  0.0000000E+00,  2.5645847E+02,3156,  2.4481604E-01,  0.0000000E+00,  1.5795244E-02,  1.0003760E+03,  2.2383660E+04,3,
  2.5157951E+02,  0.0000000E+00,  2.5304781E+02,3220,  3.3082581E-01,  0.0000000E+00,  2.7848072E-02,  1.0005745E+03,  3.4215305E+04,3,
  2.5280461E+02,  0.0000000E+00,  2.5289445E+02,3202,  2.7352291E-01,  0.0000000E+00,  3.2948818E-02,  1.0009021E+03,  5.3782363E+04,3,
  2.5359488E+02,  0.0000000E+00,  2.5321629E+02,3285,  2.3479022E-01,  0.0000000E+00,  2.1811159E-02,  1.0004803E+03,  2.8597977E+04,3,
  2.4987825E+02,  0.0000000E+00,  2.5262149E+02,3144,  1.3994727E-01,  0.0000000E+00, -4.2696200E-02,  1.0013738E+03,  8.2019500E+04,3,
  2.5441190E+02,  0.0000000E+00,  2.5664807E+02,3341,  2.3833035E-01,  0.0000000E+00,  3.0616159E-02,  1.0003349E+03,  1.9932477E+04,3,
  2.5458603E+02,  0.0000000E+00,  2.5284090E+02,3174,  2.4266340E-01,  0.0000000E+00,  4.1512591E-03,  1.0010202E+03,  6.0845121E+04,3,
  2.5571715E+02,  0.0000000E+00,  2.5677905E+02,3342,  2.2837171E-01,  0.0000000E+00,  3.8220353E-02,  1.0002880E+03,  1.7140174E+04,3,
  2.5669513E+02,  0.0000000E+00,  2.5620609E+02,3301,  2.2092950E-01,  0.0000000E+00,  3.3304315E-02,  1.0003506E+03,  2.0867057E+04,3,
  2.5558438E+02,  0.0000000E+00,  2.5293767E+02,3137,  2.5591803E-01,  0.0000000E+00, -7.0171356E-03,  1.0008629E+03,  5.1440168E+04,3,
  2.5667111E+02,  0.0000000E+00,  2.5291644E+02,2929,  2.4551409E-01,  0.0000000E+00, -1.2882011E-02,  1.0008368E+03,  4.9879008E+04,3,
  2.5786182E+02,  0.0000000E+00,  2.5676208E+02,3333,  2.2031148E-01,  0.0000000E+00,  4.1433714E-02,  1.0002674E+03,  1.5911518E+04,3,
  2.5765417E+02,  0.0000000E+00,  2.5294574E+02,3047,  2.3121800E-01,  0.0000000E+00, -1.1503927E-02,  1.0007520E+03,  4.4810570E+04,3,
  2.5914911E+02,  0.0000000E+00,  2.5590015E+02,3294,  1.6208085E-01,  0.0000000E+00,  1.6397759E-02,  1.0003712E+03,  2.2096324E+04,3,
  2.5986298E+02,  0.0000000E+00,  2.5690829E+02,3314,  2.1630238E-01,  0.0000000E+00,  3.1969462E-02,  1.0002719E+03,  1.6176865E+04,3,
  2.5866696E+02,  0.0000000E+00,  2.5284016E+02,2911,  2.2772288E-01,  0.0000000E+00, -9.8659964E-03,  1.0008842E+03,  5.2713348E+04,3,
  2.5970645E+02,  0.0000000E+00,  2.5288698E+02,3229,  2.3417014E-01,  0.0000000E+00, -6.1028586E-03,  1.0007896E+03,  4.7056410E+04,3,
  2.6069177E+02,  0.0000000E+00,  2.5296292E+02,3138,  2.2963470E-01,  0.0000000E+00, -2.2577627E-03,  1.0006920E+03,  4.1231402E+04,3,
  2.6143448E+02,  0.0000000E+00,  2.5686569E+02,3324,  1.6314550E-01,  0.0000000E+00,  3.4635182E-02,  1.0002726E+03,  1.6220484E+04,3,
  2.6150046E+02,  0.0000000E+00,  2.5305223E+02,3065,  2.1095303E-01,  0.0000000E+00,  3.0892406E-04,  1.0006226E+03,  3.7085262E+04,3,
  2.6208704E+02,  0.0000000E+00,  2.5583749E+02,3248,  1.9916904E-01,  0.0000000E+00,  3.0887924E-02,  1.0003809E+03,  2.2674643E+04,3,
  2.6341803E+02,  0.0000000E+00,  2.5684174E+02,3322,  1.4348717E-01,  0.0000000E+00,  2.7634721E-02,  1.0002592E+03,  1.5420825E+04,3,
  2.6277081E+02,  0.0000000E+00,  2.5264064E+02,3269,  1.9465584E-01,  0.0000000E+00,  2.9502185E-03,  1.0013667E+03,  8.1595062E+04,3,
  2.6435226E+02,  0.0000000E+00,  2.5634631E+02,3312,  1.7702977E-01,  0.0000000E+00,  1.8958537E-02,  1.0003212E+03,  1.9117975E+04,3,
  2.6575653E+02,  0.0000000E+00,  2.5683621E+02,3332,  1.6764590E-01,  0.0000000E+00,  2.5998121E-02,  1.0002468E+03,  1.4686648E+04,3,
  2.6393359E+02,  0.0000000E+00,  2.5299452E+02,3193,  2.3038398E-01,  0.0000000E+00,  1.1109017E-02,  1.0008408E+03,  5.0116082E+04,3,
  2.6767694E+02,  0.0000000E+00,  2.5676605E+02,2947,  2.0263101E-01,  0.0000000E+00,  6.6084735E-02,  1.0002238E+03,  1.3316573E+04,3,
  2.6646207E+02,  0.0000000E+00,  2.5597922E+02,3038,  1.3166732E-01,  0.0000000E+00, -1.6832290E-03,  1.0003641E+03,  2.1670791E+04,3,
  2.6499625E+02,  0.0000000E+00,  2.5279631E+02,2902,  2.1356502E-01,  0.0000000E+00, -6.0366113E-03,  1.0010507E+03,  6.2667285E+04,3,
  2.6608795E+02,  0.0000000E+00,  2.5297041E+02,3166,  2.1158904E-01,  0.0000000E+00, -1.6138904E-02,  1.0007076E+03,  4.2160699E+04,3,
  2.6696036E+02,  0.0000000E+00,  2.5298080E+02,3120,  1.7051660E-01,  0.0000000E+00, -1.4227974E-02,  1.0006521E+03,  3.8848434E+04,3,
  2.6798209E+02,  0.0000000E+00,  2.5286497E+02,3002,  2.5945291E-01,  0.0000000E+00, -3.2974780E-02,  1.0007507E+03,  4.4734020E+04,3,
  2.6944507E+02,  0.0000000E+00,  2.5672281E+02,3192,  1.7834072E-01,  0.0000000E+00,  7.1920350E-02,  1.0001934E+03,  1.1503422E+04,3,
  2.7079529E+02,  0.0000000E+00,  2.5667532E+02,3302,  1.5358848E-02,  0.0000000E+00,  5.0319359E-02,  1.0002017E+03,  1.2001188E+04,3,
  2.6936133E+02,  0.0000000E+00,  2.5275931E+02,3211,  2.3676240E-01,  0.0000000E+00, -1.3083826E-03,  1.0008186E+03,  4.8792176E+04,3,
  2.6867038E+02,  0.0000000E+00,  2.5612411E+02,3210,  4.1020848E-02,  0.0000000E+00,  8.0788426E-02,  1.0002661E+03,  1.5835186E+04,3,
  2.7212988E+02,  0.0000000E+00,  2.5670447E+02,3284,  1.2170051E-01,  0.0000000E+00, -1.4302962E-02,  1.0002140E+03,  1.2731532E+04,3,
  2.7057480E+02,  0.0000000E+00,  2.5314343E+02,2893,  1.8406455E-01,  0.0000000E+00,  7.6303512E-02,  1.0009445E+03,  5.6318543E+04,3,
  2.7392120E+02,  0.0000000E+00,  2.5641873E+02,3029,  1.7350972E-01,  0.0000000E+00, -2.5654480E-02,  1.0003096E+03,  1.8427152E+04,3,
  2.7180582E+02,  0.0000000E+00,  2.5435526E+02,3056,  1.2748291E-01,  0.0000000E+00,  9.8829538E-02,  1.0006727E+03,  4.0076285E+04,3,
  2.6977933E+02,  0.0000000E+00,  2.5297269E+02,3092,  2.5105299E-02,  0.0000000E+00, -6.0545623E-02,  1.0006797E+03,  4.0495320E+04,3,
  2.7313272E+02,  0.0000000E+00,  2.5493431E+02,3084,  1.9348538E-01,  0.0000000E+00,  1.0563235E-01,  1.0005418E+03,  3.2267264E+04,3,
  2.7525500E+02,  0.0000000E+00,  2.5518317E+02,3129,  2.1813664E-01,  0.0000000E+00, -4.9715884E-02,  1.0001855E+03,  1.1034745E+04,3,
  2.7495978E+02,  0.0000000E+00,  2.5515529E+02,3184,  8.2849666E-02,  0.0000000E+00,  9.6178211E-02,  1.0003934E+03,  2.3420322E+04,3,
  2.7683121E+02,  0.0000000E+00,  2.5490546E+02,2875,  9.1276564E-02,  0.0000000E+00, -6.0592309E-02,  1.0006733E+03,  4.0116367E+04,3,
  2.7606116E+02,  0.0000000E+00,  2.5655731E+02,3315,  3.3258247E-01,  0.0000000E+00, -2.3685850E-02,  1.0002084E+03,  1.2400872E+04,3,
  2.7891174E+02,  0.0000000E+00,  2.5616046E+02,3303, -5.3063609E-02,  0.0000000E+00, -2.9062953E-02,  1.0002509E+03,  1.4926521E+04,3,
  2.7812024E+02,  0.0000000E+00,  2.5467796E+02,3252,  2.5190511E-01,  0.0000000E+00, -1.7056121E-02,  1.0009545E+03,  5.6917102E+04,3,
  2.8073923E+02,  0.0000000E+00,  2.5613852E+02,2920,  9.9735171E-02,  0.0000000E+00, -1.1814266E-01,  1.0002782E+03,  1.6554906E+04,3,
  2.7963501E+02,  0.0000000E+00,  2.5509445E+02,3239,  3.1486952E-01,  0.0000000E+00,  2.1400896E-03,  1.0002462E+03,  1.4650305E+04,3,
  2.8116879E+02,  0.0000000E+00,  2.5461267E+02,3232,  2.1635528E-01,  0.0000000E+00, -2.7609097E-03,  1.0010097E+03,  6.0217117E+04,3,
  2.8259378E+02,  0.0000000E+00,  2.5591283E+02,3167,  2.6464421E-01,  0.0000000E+00, -1.6940750E-01,  1.0004484E+03,  2.6698342E+04,3,
  2.8281290E+02,  0.0000000E+00,  2.5515477E+02,2848,  1.9452515E-01,  0.0000000E+00,  9.3958221E-02,  1.0000424E+03,  2.5224934E+03,3,
  2.8452872E+02,  0.0000000E+00,  2.5630045E+02,3276,  3.9178333E-01,  0.0000000E+00, -1.5736681E-01,  1.0002172E+03,  1.2920485E+04,3,
  2.8426917E+02,  0.0000000E+00,  2.5461801E+02,3231,  2.1956307E-01,  0.0000000E+00, -4.0333010E-02,  1.0010331E+03,  6.1619227E+04,3,
  2.8634418E+02,  0.0000000E+00,  2.5646451E+02,3304,  3.1761944E-01,  0.0000000E+00, -2.4363643E-01,  1.0001509E+03,  8.9786436E+03,3,
  2.8579037E+02,  0.0000000E+00,  2.5501682E+02,3251,  2.7365026E-01,  0.0000000E+00, -4.8249427E-02,  1.0004848E+03,  2.8867303E+04,3,
  2.8783652E+02,  0.0000000E+00,  2.5622672E+02,3020,  2.7050266E-01,  0.0000000E+00, -4.1449904E-01,  1.0001629E+03,  9.6906025E+03,3,
  2.8761475E+02,  0.0000000E+00,  2.5456323E+02,3242,  4.2272064E-01,  0.0000000E+00, -6.3710853E-02,  1.0010724E+03,  6.3967469E+04,3,
  2.8907867E+02,  0.0000000E+00,  2.5589667E+02,3165,  5.6089509E-01,  0.0000000E+00, -6.1922878E-01,  1.0002736E+03,  1.6282279E+04,3,
  2.8957993E+02,  0.0000000E+00,  2.5488809E+02,3214,  5.7647723E-01,  0.0000000E+00,  1.1444254E-01,  1.0006645E+03,  3.9588043E+04,3,
  2.9148380E+02,  0.0000000E+00,  2.5597688E+02,3247,  1.1232497E+00,  0.0000000E+00, -1.8711291E-01,  1.0002493E+03,  1.4835660E+04,3,
  2.9122110E+02,  0.0000000E+00,  2.5493205E+02,3215,  4.2887622E-01,  0.0000000E+00,  1.4693397E-01,  1.0009022E+03,  5.3789660E+04,3,
  2.9462213E+02,  0.0000000E+00,  2.5656110E+02,3295,  1.1752973E+00,  0.0000000E+00,  6.5513007E-02,  1.0001523E+03,  9.0585547E+03,3,
  2.9285437E+02,  0.0000000E+00,  2.5554723E+02,2821,  7.7949333E-01,  0.0000000E+00,  1.0732242E-01,  1.0004385E+03,  2.6105234E+04,3,
  2.9362750E+02,  0.0000000E+00,  2.5488535E+02,3186,  3.9687714E-01,  0.0000000E+00, -2.4113667E-01,  1.0004280E+03,  2.5479418E+04,3,
  2.9464044E+02,  0.0000000E+00,  2.5437314E+02,3185,  4.3145183E-01,  0.0000000E+00, -3.1639504E-01,  1.0004324E+03,  2.5741383E+04,3,
  2.9590536E+02,  0.0000000E+00,  2.5347902E+02,3176,  7.0519793E-01,  0.0000000E+00, -3.2298481E-01,  1.0004080E+03,  2.4289748E+04,3,
  2.9622055E+02,  0.0000000E+00,  2.5682477E+02,3305,  5.5360270E-01,  0.0000000E+00,  5.0153408E-02,  1.0002096E+03,  1.2469910E+04,3,
  2.9700046E+02,  0.0000000E+00,  2.5298470E+02,2975,  2.9338259E-01,  0.0000000E+00, -3.1248815E-03,  1.0007756E+03,  4.6221453E+04,3,
  2.9730426E+02,  0.0000000E+00,  2.5687552E+02,3275,  4.5612884E-01,  0.0000000E+00, -1.3762610E-02,  1.0002574E+03,  1.5315420E+04,3,
  2.9847302E+02,  0.0000000E+00,  2.5644629E+02,3183,  6.4261562E-01,  0.0000000E+00, -1.1173818E-01,  1.0003074E+03,  1.8292631E+04,3,
  2.9811127E+02,  0.0000000E+00,  2.5327925E+02,3230,  6.1784101E-01,  0.0000000E+00,  6.1619509E-02,  1.0006128E+03,  3.6502461E+04,3,
  3.0100818E+02,  0.0000000E+00,  2.5541196E+02,3066,  5.7161504E-01,  0.0000000E+00, -1.7511524E-01,  1.0005504E+03,  3.2776996E+04,3,
  2.9966800E+02,  0.0000000E+00,  2.5636777E+02,3296,  6.1143082E-01,  0.0000000E+00, -9.4202556E-02,  1.0003099E+03,  1.8445332E+04,3,
  2.9925705E+02,  0.0000000E+00,  2.5282547E+02,3222,  3.6080733E-01,  0.0000000E+00, -1.3466494E-01,  1.0009950E+03,  5.9337250E+04,3,
  3.0021198E+02,  0.0000000E+00,  2.5256529E+02,3213,  3.4578961E-01,  0.0000000E+00, -3.1475750E-01,  1.0008264E+03,  4.9255340E+04,3,
  3.0107581E+02,  0.0000000E+00,  2.5213922E+02,3258,  3.1713775E-01,  0.0000000E+00, -4.3990821E-01,  1.0005134E+03,  3.0574418E+04,3,
  2.9566455E+02,  0.0000000E+00,  2.5257292E+02,3126, -1.5090960E-01,  0.0000000E+00,  5.6590833E-02,  1.0014911E+03,  8.9058312E+04,3,
  3.0185834E+02,  0.0000000E+00,  2.5662302E+02,3297,  4.5324478E-01,  0.0000000E+00, -6.0098898E-02,  1.0002185E+03,  1.3000429E+04,3,
  3.0293933E+02,  0.0000000E+00,  2.5583421E+02,3139,  5.4728049E-01,  0.0000000E+00, -4.5776449E-02,  1.0003661E+03,  2.1794449E+04,3,
  3.0441968E+02,  0.0000000E+00,  2.5647464E+02,3278,  6.2638307E-01,  0.0000000E+00, -4.1204248E-02,  1.0002422E+03,  1.4410438E+04,3,
  3.0341071E+02,  0.0000000E+00,  2.5408229E+02,2830,  1.6836557E-01,  0.0000000E+00, -7.7749863E-02,  1.0007796E+03,  4.6462090E+04,3,
  3.0583334E+02,  0.0000000E+00,  2.5646585E+02,3286,  5.9258395E-01,  0.0000000E+00, -1.3135507E-02,  1.0002621E+03,  1.5595290E+04,3,
  3.0721030E+02,  0.0000000E+00,  2.5656201E+02,3267,  5.4076278E-01,  0.0000000E+00, -1.5031485E-02,  1.0002814E+03,  1.6747568E+04,3,
  3.0858472E+02,  0.0000000E+00,  2.5670297E+02,3287,  5.3811651E-01,  0.0000000E+00, -3.9568122E-02,  1.0002820E+03,  1.6780285E+04,3,
  3.0498273E+02,  0.0000000E+00,  2.5391338E+02,3149,  1.1862876E-01,  0.0000000E+00, -1.1881012E-01,  1.0007285E+03,  4.3407180E+04,3,
  3.0652457E+02,  0.0000000E+00,  2.5385751E+02,3157,  2.0065394E-01,  0.0000000E+00,  6.5427132E-02,  1.0006364E+03,  3.7908523E+04,3,
  3.0806683E+02,  0.0000000E+00,  2.5429276E+02,3085,  2.5244394E-01,  0.0000000E+00, -7.6506831E-02,  1.0005777E+03,  3.4408309E+04,3,
  3.1020169E+02,  0.0000000E+00,  2.5673947E+02,3279,  5.6289393E-01,  0.0000000E+00, -4.9868602E-02,  1.0002766E+03,  1.6456760E+04,3,
  3.1031461E+02,  0.0000000E+00,  2.5455856E+02,3177,  4.7046959E-01,  0.0000000E+00, -6.5121502E-02,  1.0004992E+03,  2.9726283E+04,3,
  3.0945139E+02,  0.0000000E+00,  2.5337383E+02,3195,  1.9185977E-01,  0.0000000E+00,  1.0916054E-01,  1.0007034E+03,  4.1912879E+04,3,
  3.1179312E+02,  0.0000000E+00,  2.5673322E+02,3259,  5.3013474E-01,  0.0000000E+00, -3.5896055E-02,  1.0002639E+03,  1.5704333E+04,3,
  3.1297037E+02,  0.0000000E+00,  2.5629587E+02,3268,  4.9971724E-01,  0.0000000E+00, -3.1253520E-02,  1.0003198E+03,  1.9034346E+04,3,
  3.1173605E+02,  0.0000000E+00,  2.5384212E+02,3102,  3.2490140E-01,  0.0000000E+00, -9.9025488E-02,  1.0006079E+03,  3.6211074E+04,3,
  3.1417984E+02,  0.0000000E+00,  2.5616003E+02,3277,  5.2564007E-01,  0.0000000E+00, -1.9111784E-02,  1.0003102E+03,  1.8463512E+04,3,
  3.1322958E+02,  0.0000000E+00,  2.5367032E+02,2984,  3.5023317E-01,  0.0000000E+00,  4.1464590E-02,  1.0006042E+03,  3.5988898E+04,3,
  3.1493167E+02,  0.0000000E+00,  2.5370657E+02,2794,  3.2786533E-01,  0.0000000E+00, -5.4596022E-02,  1.0006851E+03,  4.0815984E+04,3,
  3.1544611E+02,  0.0000000E+00,  2.5596603E+02,3249,  5.2775139E-01,  0.0000000E+00, -1.0008428E-02,  1.0003392E+03,  2.0187023E+04,3,
  3.1663855E+02,  0.0000000E+00,  2.5644443E+02,3270,  4.8494095E-01,  0.0000000E+00,  5.1422026E-03,  1.0002173E+03,  1.2927753E+04,3,
  3.1666284E+02,  0.0000000E+00,  2.5355615E+02,3221,  4.0653667E-01,  0.0000000E+00,  5.0042558E-02,  1.0007944E+03,  4.7344469E+04,3,
  3.1777917E+02,  0.0000000E+00,  2.5630865E+02,3212,  4.9694672E-01,  0.0000000E+00, -3.8116439E-03,  1.0002346E+03,  1.3956160E+04,3,
  3.1821567E+02,  0.0000000E+00,  2.5424887E+02,3057,  4.1719675E-01,  0.0000000E+00, -2.9093174E-02,  1.0006934E+03,  4.1311574E+04,3,
  3.1916281E+02,  0.0000000E+00,  2.5652713E+02,3048,  5.0497109E-01,  0.0000000E+00, -4.3666210E-02,  1.0002322E+03,  1.3818064E+04,3,
  3.2036038E+02,  0.0000000E+00,  2.5696252E+02,3288,  5.1349545E-01,  0.0000000E+00, -7.8321420E-02,  1.0002053E+03,  1.2215562E+04,3,
  3.1965338E+02,  0.0000000E+00,  2.5355904E+02,2957,  4.5340258E-01,  0.0000000E+00,  3.5828423E-02,  1.0009000E+03,  5.3658309E+04,3,
  3.2157294E+02,  0.0000000E+00,  2.5611612E+02,3175,  5.8095908E-01,  0.0000000E+00, -6.2985621E-02,  1.0003028E+03,  1.8019955E+04,3,
  3.2128091E+02,  0.0000000E+00,  2.5402838E+02,3159,  4.4801566E-01,  0.0000000E+00,  1.1198182E-03,  1.0007651E+03,  4.5594371E+04,3,
  3.2291791E+02,  0.0000000E+00,  2.5681601E+02,2884,  5.7269955E-01,  0.0000000E+00, -8.3704636E-02,  1.0002178E+03,  1.2960457E+04,3,
  3.2292944E+02,  0.0000000E+00,  2.5410539E+02,3131,  4.6454793E-01,  0.0000000E+00, -5.0588451E-02,  1.0007025E+03,  4.1854566E+04,3,
  3.2412094E+02,  0.0000000E+00,  2.5652664E+02,3111,  5.6778163E-01,  0.0000000E+00, -7.9109162E-02,  1.0002604E+03,  1.5497153E+04,3,
  3.2440881E+02,  0.0000000E+00,  2.5364700E+02,3087,  5.3080636E-01,  0.0000000E+00, -1.7533939E-02,  1.0007244E+03,  4.3166617E+04,3,
  3.2551266E+02,  0.0000000E+00,  2.5674362E+02,3261,  6.2539780E-01,  0.0000000E+00, -6.6027634E-02,  1.0002136E+03,  1.2706097E+04,3,
  3.2685635E+02,  0.0000000E+00,  2.5649097E+02,3260,  6.3969159E-01,  0.0000000E+00, -4.3173712E-02,  1.0002558E+03,  1.5220920E+04,3,
  3.2578693E+02,  0.0000000E+00,  2.5443108E+02,3203,  5.0019127E-01,  0.0000000E+00,  2.4159653E-02,  1.0006566E+03,  3.9118039E+04,3,
  3.2802652E+02,  0.0000000E+00,  2.5683856E+02,2866,  6.2808698E-01,  0.0000000E+00, -4.2256098E-02,  1.0002064E+03,  1.2277332E+04,3,
  3.2700644E+02,  0.0000000E+00,  2.5349464E+02,3132,  5.4600775E-01,  0.0000000E+00,  2.8533507E-02,  1.0008188E+03,  4.8803117E+04,3,
  3.2866342E+02,  0.0000000E+00,  2.5399969E+02,3011,  5.3760433E-01,  0.0000000E+00,  5.0284818E-02,  1.0007289E+03,  4.3432695E+04,3,
  3.2927631E+02,  0.0000000E+00,  2.5602722E+02,3250,  6.7930299E-01,  0.0000000E+00, -2.2953020E-02,  1.0003626E+03,  2.1583504E+04,3,
  3.3043423E+02,  0.0000000E+00,  2.5685300E+02,3241,  6.5414941E-01,  0.0000000E+00, -5.3232949E-02,  1.0002220E+03,  1.3207557E+04,3,
  3.3029276E+02,  0.0000000E+00,  2.5377197E+02,3094,  5.5120170E-01,  0.0000000E+00, -2.9047335E-02,  1.0007292E+03,  4.3450918E+04,3,
  3.3170728E+02,  0.0000000E+00,  2.5672571E+02,3240,  7.0223165E-01,  0.0000000E+00, -6.3456178E-02,  1.0002598E+03,  1.5460807E+04,3,
  3.3169888E+02,  0.0000000E+00,  2.5408415E+02,2930,  5.6951797E-01,  0.0000000E+00,  4.3353982E-02,  1.0006635E+03,  3.9529746E+04,3,
  3.3307483E+02,  0.0000000E+00,  2.5658118E+02,3148,  7.3126930E-01,  0.0000000E+00, -5.4490257E-02,  1.0002892E+03,  1.7209244E+04,3,
  3.3311090E+02,  0.0000000E+00,  2.5393227E+02,3093,  5.8061880E-01,  0.0000000E+00, -1.3091404E-02,  1.0006833E+03,  4.0710309E+04,3,
  3.3435544E+02,  0.0000000E+00,  2.5685236E+02,3234,  7.3600715E-01,  0.0000000E+00, -4.2740028E-02,  1.0002458E+03,  1.4628498E+04,3,
  3.3559222E+02,  0.0000000E+00,  2.5658478E+02,2857,  7.3684537E-01,  0.0000000E+00, -2.9173689E-02,  1.0002877E+03,  1.7121996E+04,3,
  3.3449069E+02,  0.0000000E+00,  2.5394778E+02,2740,  5.9610283E-01,  0.0000000E+00, -9.5896060E-03,  1.0006304E+03,  3.7551523E+04,3,
  3.3584332E+02,  0.0000000E+00,  2.5388672E+02,3140,  5.8501595E-01,  0.0000000E+00,  6.3643744E-04,  1.0006282E+03,  3.7424027E+04,3,
  3.3681573E+02,  0.0000000E+00,  2.5663300E+02,3233,  7.2440755E-01,  0.0000000E+00, -1.1315905E-02,  1.0002527E+03,  1.5039191E+04,3,
  3.3716742E+02,  0.0000000E+00,  2.5373250E+02,3158,  6.0187972E-01,  0.0000000E+00,  3.5100587E-02,  1.0007240E+03,  4.3141105E+04,3,
  3.3814850E+02,  0.0000000E+00,  2.5688101E+02,3243,  8.0000740E-01,  0.0000000E+00,  1.0974559E-02,  1.0001783E+03,  1.0609686E+04,3,
  3.3871780E+02,  0.0000000E+00,  2.5550677E+02,3194,  6.7677206E-01,  0.0000000E+00, -3.9767995E-03,  1.0005416E+03,  3.2252701E+04,3,
  3.3902325E+02,  0.0000000E+00,  2.5359705E+02,3112,  6.0560805E-01,  0.0000000E+00, -1.4441473E-03,  1.0008264E+03,  4.9258988E+04,3,
  3.4041254E+02,  0.0000000E+00,  2.5652582E+02,2966,  7.0758152E-01,  0.0000000E+00,  9.1027925E-03,  1.0002712E+03,  1.6140516E+04,3,
  3.4077301E+02,  0.0000000E+00,  2.5412860E+02,3096,  6.2489730E-01,  0.0000000E+00,  1.0379424E-02,  1.0006812E+03,  4.0582773E+04,3,
  3.4120370E+02,  0.0000000E+00,  2.5713919E+02,3224,  7.5375229E-01,  0.0000000E+00, -2.0681350E-02,  1.0002106E+03,  1.2528048E+04,3,
  3.4212091E+02,  0.0000000E+00,  2.5375169E+02,2885,  6.0957563E-01,  0.0000000E+00, -2.8558071E-03,  1.0007006E+03,  4.1741594E+04,3,
  3.4264655E+02,  0.0000000E+00,  2.5687009E+02,3135,  7.5186318E-01,  0.0000000E+00, -4.3207593E-02,  1.0002357E+03,  1.4025209E+04,3,
  3.4340485E+02,  0.0000000E+00,  2.5496097E+02,3060,  6.6285902E-01,  0.0000000E+00,  3.8312308E-02,  1.0005482E+03,  3.2645918E+04,3,
  3.4423456E+02,  0.0000000E+00,  2.5704492E+02,3223,  8.1380939E-01,  0.0000000E+00, -6.2735096E-02,  1.0002134E+03,  1.2695195E+04,3,
  3.4414133E+02,  0.0000000E+00,  2.5328555E+02,2876,  5.5123043E-01,  0.0000000E+00, -6.3885845E-02,  1.0008652E+03,  5.1578785E+04,3,
  3.4560547E+02,  0.0000000E+00,  2.5686404E+02,3205,  8.5539216E-01,  0.0000000E+00, -4.9135480E-02,  1.0002309E+03,  1.3738114E+04,3,
  3.4557388E+02,  0.0000000E+00,  2.5440773E+02,2776,  6.0318804E-01,  0.0000000E+00,  9.8350920E-02,  1.0006616E+03,  3.9413156E+04,3,
  3.4692282E+02,  0.0000000E+00,  2.5669177E+02,2839,  8.6192137E-01,  0.0000000E+00, -3.6405437E-02,  1.0002712E+03,  1.6140516E+04,3,
  3.4692871E+02,  0.0000000E+00,  2.5397856E+02,2785,  5.5156821E-01,  0.0000000E+00, -1.0075556E-01,  1.0007295E+03,  4.3469145E+04,3,
  3.4823080E+02,  0.0000000E+00,  2.5672083E+02,3075,  8.1953168E-01,  0.0000000E+00, -4.0952925E-02,  1.0002787E+03,  1.6583988E+04,3,
  3.4838855E+02,  0.0000000E+00,  2.5382129E+02,3021,  5.9587836E-01,  0.0000000E+00, -6.7066364E-02,  1.0006841E+03,  4.0761324E+04,3,
  3.4946658E+02,  0.0000000E+00,  2.5683368E+02,2812,  8.5931301E-01,  0.0000000E+00, -5.6688849E-02,  1.0002542E+03,  1.5122786E+04,3,
  3.4974228E+02,  0.0000000E+00,  2.5424561E+02,2949,  5.9193653E-01,  0.0000000E+00,  1.0511369E-01,  1.0005907E+03,  3.5184004E+04,3,
  3.5078745E+02,  0.0000000E+00,  2.5688843E+02,3225,  8.6893070E-01,  0.0000000E+00, -8.0340259E-02,  1.0002318E+03,  1.3792625E+04,3,
  3.5090262E+02,  0.0000000E+00,  2.5362700E+02,2994,  5.3573495E-01,  0.0000000E+00, -1.8049662E-01,  1.0006962E+03,  4.1479207E+04,3,
  3.5190527E+02,  0.0000000E+00,  2.5634549E+02,3012,  8.4077394E-01,  0.0000000E+00, -1.1077185E-01,  1.0003230E+03,  1.9223420E+04,3,
  3.5322595E+02,  0.0000000E+00,  2.5701413E+02,3216,  8.8299990E-01,  0.0000000E+00, -1.1966825E-01,  1.0002007E+03,  1.1943054E+04,3,
  3.5236444E+02,  0.0000000E+00,  2.5394629E+02,2722,  5.8222532E-01,  0.0000000E+00, -4.3732263E-02,  1.0007675E+03,  4.5736555E+04,3,
  3.5435715E+02,  0.0000000E+00,  2.5674033E+02,3076,  9.0360880E-01,  0.0000000E+00, -1.1696204E-01,  1.0002292E+03,  1.3639995E+04,3,
  3.5380267E+02,  0.0000000E+00,  2.5410751E+02,2913,  6.2441182E-01,  0.0000000E+00, -1.5668754E-02,  1.0008011E+03,  4.7745574E+04,3,
  3.5569955E+02,  0.0000000E+00,  2.5658075E+02,3141,  8.7219715E-01,  0.0000000E+00, -1.2149569E-01,  1.0002583E+03,  1.5369939E+04,3,
  3.5532544E+02,  0.0000000E+00,  2.5387151E+02,2985,  6.8685555E-01,  0.0000000E+00, -1.3219003E-01,  1.0008046E+03,  4.7953426E+04,3,
  3.5679263E+02,  0.0000000E+00,  2.5711734E+02,3207,  8.9643234E-01,  0.0000000E+00, -1.6046153E-01,  1.0002060E+03,  1.2255530E+04,3,
  3.5674548E+02,  0.0000000E+00,  2.5401421E+02,3121,  7.1085674E-01,  0.0000000E+00, -1.0796327E-01,  1.0007943E+03,  4.7337176E+04,3,
  3.6228632E+02,  0.0000000E+00,  2.5211835E+02,2919,  7.0501113E-01,  0.0000000E+00,  4.4242707E-01,  1.0019966E+03,  1.1942977E+05,3,
  3.5808820E+02,  0.0000000E+00,  2.5694479E+02,3196,  9.4395530E-01,  0.0000000E+00, -1.8248628E-01,  1.0002385E+03,  1.4188748E+04,3,
  3.5805182E+02,  0.0000000E+00,  2.5412988E+02,3105,  7.1242404E-01,  0.0000000E+00,  8.6982004E-02,  1.0007025E+03,  4.1854566E+04,3,
  3.5944247E+02,  0.0000000E+00,  2.5669482E+02,3197,  1.0001066E+00,  0.0000000E+00, -1.4891949E-01,  1.0002620E+03,  1.5588021E+04,3,
  3.5945215E+02,  0.0000000E+00,  2.5396497E+02,3051,  9.1336781E-01,  0.0000000E+00,  2.6270702E-02,  1.0006944E+03,  4.1373527E+04,3,
  3.6101871E+02,  0.0000000E+00,  2.5691730E+02,3198,  1.1677084E+00,  0.0000000E+00, -7.4595436E-02,  1.0002316E+03,  1.3778089E+04,3,
  3.6233301E+02,  0.0000000E+00,  2.5686838E+02,3168,  1.1826609E+00,  0.0000000E+00, -4.1394830E-02,  1.0002610E+03,  1.5533500E+04,3,
  3.6078448E+02,  0.0000000E+00,  2.5490251E+02,3068,  9.4713145E-01,  0.0000000E+00,  2.3114580E-01,  1.0006063E+03,  3.6112734E+04,3,
  3.6219824E+02,  0.0000000E+00,  2.5427771E+02,3086,  9.4010818E-01,  0.0000000E+00,  8.7806545E-02,  1.0003231E+03,  1.9230691E+04,3,
  3.6378909E+02,  0.0000000E+00,  2.5693939E+02,2993,  1.1337343E+00,  0.0000000E+00, -5.6951683E-02,  1.0002520E+03,  1.4995577E+04,3,
  3.6379889E+02,  0.0000000E+00,  2.5294266E+02,2953,  9.2591327E-01,  0.0000000E+00,  7.3424131E-02,  1.0011907E+03,  7.1052055E+04,3,
  3.6436923E+02,  0.0000000E+00,  2.5609363E+02,2713,  1.1543063E+00,  0.0000000E+00, -4.8347101E-02,  1.0003151E+03,  1.8750742E+04,3,
  3.6483075E+02,  0.0000000E+00,  2.5408641E+02,2986,  1.2383332E+00,  0.0000000E+00, -2.9945427E-01,  1.0001907E+03,  1.1343561E+04,3,
  3.6585919E+02,  0.0000000E+00,  2.5709726E+02,3178,  1.0780878E+00,  0.0000000E+00, -6.6776067E-02,  1.0002582E+03,  1.5366305E+04,3,
  3.6563553E+02,  0.0000000E+00,  2.5276207E+02,2942,  8.6119908E-01,  0.0000000E+00, -1.3199148E-01,  1.0013724E+03,  8.1939008E+04,3,
  3.6671625E+02,  0.0000000E+00,  2.5596480E+02,2731,  1.1297958E+00,  0.0000000E+00, -3.3101093E-02,  1.0003569E+03,  2.1245275E+04,3,
  3.6691663E+02,  0.0000000E+00,  2.5276665E+02,2915,  8.6396348E-01,  0.0000000E+00, -6.8382524E-02,  1.0010731E+03,  6.4011297E+04,3,
  3.6770822E+02,  0.0000000E+00,  2.5700174E+02,3170,  1.1414729E+00,  0.0000000E+00, -4.5481380E-02,  1.0002694E+03,  1.6031469E+04,3,
  3.6801456E+02,  0.0000000E+00,  2.5304140E+02,3016,  8.1946349E-01,  0.0000000E+00,  4.8088014E-02,  1.0005006E+03,  2.9810002E+04,3,
  3.6935052E+02,  0.0000000E+00,  2.5540854E+02,2641,  1.2785777E+00,  0.0000000E+00,  2.1675782E-02,  1.0003890E+03,  2.3154781E+04,3,
  3.6926019E+02,  0.0000000E+00,  2.5695859E+02,3180,  1.0494999E+00,  0.0000000E+00, -1.4649843E-02,  1.0002687E+03,  1.5987850E+04,3,
  3.6862445E+02,  0.0000000E+00,  2.5294460E+02,2979,  9.5227695E-01,  0.0000000E+00,  5.1706534E-02,  1.0006445E+03,  3.8396684E+04,3,
  3.6960794E+02,  0.0000000E+00,  2.5311034E+02,2850,  1.0727063E+00,  0.0000000E+00,  3.9417390E-02,  1.0005094E+03,  3.0334166E+04,3,
  3.7086740E+02,  0.0000000E+00,  2.5700790E+02,3150,  1.1309662E+00,  0.0000000E+00,  2.2351768E-02,  1.0002595E+03,  1.5438998E+04,3,
  3.7074814E+02,  0.0000000E+00,  2.5261699E+02,2832,  8.3627540E-01,  0.0000000E+00, -1.6923400E-02,  1.0013448E+03,  8.0281609E+04,3,
  3.7161060E+02,  0.0000000E+00,  2.5624866E+02,3041,  1.1593565E+00,  0.0000000E+00,  4.4566128E-02,  1.0003610E+03,  2.1488945E+04,3,
  3.7190018E+02,  0.0000000E+00,  2.5339041E+02,2650,  9.0962869E-01,  0.0000000E+00, -1.5793078E-02,  1.0002794E+03,  1.6623975E+04,3,
  3.7252707E+02,  0.0000000E+00,  2.5265439E+02,2723,  9.2542440E-01,  0.0000000E+00,  5.2908796E-04,  1.0012579E+03,  7.5077055E+04,3,
  3.7312823E+02,  0.0000000E+00,  2.5700952E+02,3187,  1.1100259E+00,  0.0000000E+00,  8.9369886E-02,  1.0002374E+03,  1.4126966E+04,3,
  3.7355252E+02,  0.0000000E+00,  2.5584464E+02,2894,  1.1721698E+00,  0.0000000E+00,  5.6863699E-02,  1.0004142E+03,  2.4660822E+04,3,
  3.7399899E+02,  0.0000000E+00,  2.5287878E+02,2886,  9.2059976E-01,  0.0000000E+00,  1.6064076E-02,  1.0007856E+03,  4.6819406E+04,3,
  3.7448630E+02,  0.0000000E+00,  2.5317555E+02,3022,  9.1581279E-01,  0.0000000E+00,  2.8246604E-02,  1.0003837E+03,  2.2838324E+04,3,
  3.7496600E+02,  0.0000000E+00,  2.5693488E+02,3188,  1.0597875E+00,  0.0000000E+00,  1.2138437E-01,  1.0002498E+03,  1.4861102E+04,3,
  3.7536035E+02,  0.0000000E+00,  2.5301376E+02,2858,  8.9170241E-01,  0.0000000E+00,  1.1625121E-02,  1.0006174E+03,  3.6775645E+04,3,
  3.7587415E+02,  0.0000000E+00,  2.5622766E+02,2903,  1.0757653E+00,  0.0000000E+00,  7.4095443E-02,  1.0003798E+03,  2.2609172E+04,3,
  3.7627374E+02,  0.0000000E+00,  2.5294791E+02,2569,  8.8072401E-01,  0.0000000E+00,  4.8794621E-03,  1.0008523E+03,  5.0805461E+04,3,
  3.7705386E+02,  0.0000000E+00,  2.5693277E+02,3045,  9.9478269E-01,  0.0000000E+00,  1.2752447E-01,  1.0002305E+03,  1.3712676E+04,3,
  3.7773911E+02,  0.0000000E+00,  2.5621991E+02,3042,  1.0501087E+00,  0.0000000E+00,  8.6045049E-02,  1.0003273E+03,  1.9477947E+04,3,
  3.7780530E+02,  0.0000000E+00,  2.5252736E+02,2856,  8.8566899E-01,  0.0000000E+00, -5.6058560E-03,  1.0018789E+03,  1.1234759E+05,3,
  3.7900018E+02,  0.0000000E+00,  2.5657819E+02,3032,  1.0012584E+00,  0.0000000E+00,  1.2704597E-01,  1.0002881E+03,  1.7143809E+04,3,
  3.7897751E+02,  0.0000000E+00,  2.5304953E+02,2784,  8.4415257E-01,  0.0000000E+00,  1.6143795E-02,  1.0012144E+03,  7.2470312E+04,3,
  3.7993713E+02,  0.0000000E+00,  2.5688519E+02,3189,  1.0002245E+00,  0.0000000E+00,  1.1851045E-01,  1.0003005E+03,  1.7885438E+04,3,
  3.8016400E+02,  0.0000000E+00,  2.5273706E+02,2883,  8.4073472E-01,  0.0000000E+00, -5.5576041E-03,  1.0014416E+03,  8.6085523E+04,3,
  3.8112601E+02,  0.0000000E+00,  2.5679218E+02,3169,  9.9491358E-01,  0.0000000E+00,  1.0916311E-01,  1.0003707E+03,  2.2067229E+04,3,
  3.8144113E+02,  0.0000000E+00,  2.5311711E+02,2918,  8.1231058E-01,  0.0000000E+00,  2.2177437E-02,  1.0008961E+03,  5.3424797E+04,3,
  3.8228711E+02,  0.0000000E+00,  2.5674710E+02,3039,  9.8007149E-01,  0.0000000E+00,  1.1088719E-01,  1.0003840E+03,  2.2856512E+04,3,
  3.8231808E+02,  0.0000000E+00,  2.5271773E+02,2909,  8.5532987E-01,  0.0000000E+00, -3.7952864E-03,  1.0011196E+03,  6.6791203E+04,3,
  3.8347784E+02,  0.0000000E+00,  2.5675531E+02,3160,  9.6092480E-01,  0.0000000E+00,  9.6441157E-02,  1.0003517E+03,  2.0936152E+04,3,
  3.8350601E+02,  0.0000000E+00,  2.5311214E+02,2896,  7.5989431E-01,  0.0000000E+00,  6.1541546E-02,  1.0006478E+03,  3.8589770E+04,3,
  3.8409839E+02,  0.0000000E+00,  2.5287682E+02,2542,  7.4075246E-01,  0.0000000E+00,  6.9268435E-02,  1.0009949E+03,  5.9329949E+04,3,
  3.8465320E+02,  0.0000000E+00,  2.5673657E+02,3151,  9.3979973E-01,  0.0000000E+00,  5.9064064E-02,  1.0003225E+03,  1.9194330E+04,3,
  3.8521347E+02,  0.0000000E+00,  2.5329141E+02,2924,  8.4732157E-01,  0.0000000E+00,  1.2404891E-01,  1.0006529E+03,  3.8895797E+04,3,
  3.8579419E+02,  0.0000000E+00,  2.5670715E+02,2767,  9.4567978E-01,  0.0000000E+00,  1.6804622E-02,  1.0003217E+03,  1.9143426E+04,3,
  3.8622220E+02,  0.0000000E+00,  2.5307193E+02,2879,  8.0318874E-01,  0.0000000E+00,  1.5423794E-02,  1.0010106E+03,  6.0268234E+04,3,
  3.8692450E+02,  0.0000000E+00,  2.5660822E+02,2959,  9.8566127E-01,  0.0000000E+00, -6.8115643E-03,  1.0003775E+03,  2.2470955E+04,3,
  3.8730515E+02,  0.0000000E+00,  2.5279834E+02,2908,  7.8850746E-01,  0.0000000E+00, -1.6171013E-01,  1.0011767E+03,  7.0211438E+04,3,
  3.8808597E+02,  0.0000000E+00,  2.5658521E+02,3003,  9.8421979E-01,  0.0000000E+00, -3.2743260E-03,  1.0004052E+03,  2.4118768E+04,3,
  3.8844452E+02,  0.0000000E+00,  2.5237930E+02,2787,  6.5781498E-01,  0.0000000E+00, -3.8511011E-01,  1.0010884E+03,  6.4924453E+04,3,
  3.8924301E+02,  0.0000000E+00,  2.5631027E+02,3015,  9.8708266E-01,  0.0000000E+00, -3.6106095E-02,  1.0005118E+03,  3.0476133E+04,3,
  3.8880945E+02,  0.0000000E+00,  2.5402795E+02,2840,  8.8093001E-01,  0.0000000E+00,  4.6560571E-01,  9.9966211E+02, -2.0069928E+04,3,
  3.8952469E+02,  0.0000000E+00,  2.5171635E+02,2881,  3.4104466E-01,  0.0000000E+00, -4.4173115E-01,  1.0008298E+03,  4.9459578E+04,3,
  3.9036993E+02,  0.0000000E+00,  2.5625909E+02,3133,  1.0143511E+00,  0.0000000E+00, -9.2766851E-02,  1.0004354E+03,  2.5923307E+04,3,
  3.9142154E+02,  0.0000000E+00,  2.5592886E+02,3014,  1.0529399E+00,  0.0000000E+00, -2.0704120E-01,  1.0004894E+03,  2.9140275E+04,3,
  3.9166562E+02,  0.0000000E+00,  2.5392632E+02,2846, -1.1362745E-01,  0.0000000E+00, -5.7019323E-01,  1.0010514E+03,  6.2711109E+04,3,
  3.9298907E+02,  0.0000000E+00,  2.5620566E+02,3162,  1.2395991E+00,  0.0000000E+00, -4.9127933E-02,  1.0003544E+03,  2.1096168E+04,3,
  3.9425861E+02,  0.0000000E+00,  2.5651041E+02,3153,  9.8841000E-01,  0.0000000E+00,  8.9796349E-02,  1.0002786E+03,  1.6580354E+04,3,
  3.9329813E+02,  0.0000000E+00,  2.5368423E+02,2872,  4.2594829E-01,  0.0000000E+00, -1.5914011E-01,  1.0006569E+03,  3.9136254E+04,3,
  3.9540564E+02,  0.0000000E+00,  2.5657608E+02,2968,  8.2116383E-01,  0.0000000E+00,  7.1679346E-02,  1.0002925E+03,  1.7409189E+04,3,
  3.9651407E+02,  0.0000000E+00,  2.5663217E+02,3095,  8.5763806E-01,  0.0000000E+00,  8.5075675E-03,  1.0002858E+03,  1.7009303E+04,3,
  3.9674130E+02,  0.0000000E+00,  2.5413658E+02,3024,  1.9492775E-01,  0.0000000E+00, -2.8872883E-01,  1.0006814E+03,  4.0597348E+04,3,
  3.9505301E+02,  0.0000000E+00,  2.5387646E+02,2877,  3.8108540E-01,  0.0000000E+00,  9.1595381E-02,  1.0007186E+03,  4.2816723E+04,3,
  3.9770123E+02,  0.0000000E+00,  2.5674176E+02,3142,  1.0042146E+00,  0.0000000E+00, -2.4094271E-02,  1.0002571E+03,  1.5300881E+04,3,
  3.9792041E+02,  0.0000000E+00,  2.5356061E+02,2895,  6.3005489E-01,  0.0000000E+00,  2.5929779E-01,  1.0007231E+03,  4.3090078E+04,3,
  3.9909802E+02,  0.0000000E+00,  2.5660983E+02,3152,  8.5624981E-01,  0.0000000E+00,  8.6475033E-03,  1.0002787E+03,  1.6587623E+04,3,
  4.0014474E+02,  0.0000000E+00,  2.5661099E+02,3143,  9.5218086E-01,  0.0000000E+00,  3.9689239E-02,  1.0002556E+03,  1.5206382E+04,3,
  4.0146121E+02,  0.0000000E+00,  2.5622083E+02,2970,  9.2884463E-01,  0.0000000E+00,  6.0448267E-02,  1.0003516E+03,  2.0925242E+04,3,
  3.9949097E+02,  0.0000000E+00,  2.5410022E+02,2944,  4.5879743E-01,  0.0000000E+00,  7.9010494E-02,  1.0006768E+03,  4.0320414E+04,3,
  4.0263339E+02,  0.0000000E+00,  2.5670667E+02,3122,  9.2253405E-01,  0.0000000E+00,  7.8294538E-02,  1.0002430E+03,  1.4457684E+04,3,
  4.0102008E+02,  0.0000000E+00,  2.5390742E+02,3078,  4.2166293E-01,  0.0000000E+00,  5.3378545E-02,  1.0006683E+03,  3.9817586E+04,3,
  4.0256384E+02,  0.0000000E+00,  2.5371245E+02,3050,  4.5966354E-01,  0.0000000E+00,  2.7257776E-02,  1.0007125E+03,  4.2452258E+04,3,
  4.0387720E+02,  0.0000000E+00,  2.5659726E+02,3134,  9.2858183E-01,  0.0000000E+00,  8.7159887E-02,  1.0002692E+03,  1.6016929E+04,3,
  4.0403021E+02,  0.0000000E+00,  2.5428943E+02,3005,  3.9077532E-01,  0.0000000E+00, -1.1405199E-01,  1.0006136E+03,  3.6549812E+04,3,
  4.0520126E+02,  0.0000000E+00,  2.5660999E+02,2749,  8.5895514E-01,  0.0000000E+00,  8.9971915E-02,  1.0002666E+03,  1.5864265E+04,3,
  4.0531467E+02,  0.0000000E+00,  2.5359576E+02,2632,  5.2459300E-01,  0.0000000E+00,  8.6548194E-02,  1.0006682E+03,  3.9806656E+04,3,
  4.0648669E+02,  0.0000000E+00,  2.5670447E+02,2758,  7.9014009E-01,  0.0000000E+00,  6.1300404E-02,  1.0002485E+03,  1.4788412E+04,3,
  4.0773456E+02,  0.0000000E+00,  2.5663055E+02,3113,  9.8833412E-01,  0.0000000E+00,  4.1273102E-02,  1.0002679E+03,  1.5940597E+04,3,
  4.0674533E+02,  0.0000000E+00,  2.5426927E+02,2862,  3.8350043E-01,  0.0000000E+00,  1.1679614E-01,  1.0005864E+03,  3.4925430E+04,3,
  4.0922253E+02,  0.0000000E+00,  2.5661151E+02,3124,  9.3352669E-01,  0.0000000E+00,  8.5234001E-02,  1.0002728E+03,  1.6231390E+04,3,
  4.0794470E+02,  0.0000000E+00,  2.5376561E+02,2725,  3.4063140E-01,  0.0000000E+00,  4.1583866E-02,  1.0006473E+03,  3.8560621E+04,3,
  4.0929358E+02,  0.0000000E+00,  2.5424312E+02,2878,  4.1064614E-01,  0.0000000E+00,  1.5181229E-01,  1.0005311E+03,  3.1630139E+04,3,
  4.1060349E+02,  0.0000000E+00,  2.5670245E+02,3114,  8.6165833E-01,  0.0000000E+00,  1.0267768E-01,  1.0002473E+03,  1.4712089E+04,3,
  4.1061371E+02,  0.0000000E+00,  2.5432056E+02,2988,  4.5263365E-01,  0.0000000E+00, -5.9436426E-02,  1.0005914E+03,  3.5224062E+04,3,
  4.1240930E+02,  0.0000000E+00,  2.5256601E+02,2775,  7.9637533E-01,  0.0000000E+00,  4.7009081E-01,  1.0012393E+03,  7.3961883E+04,3,
  4.1200363E+02,  0.0000000E+00,  2.5688535E+02,3106,  8.3007169E-01,  0.0000000E+00,  1.0570055E-01,  1.0001979E+03,  1.1772285E+04,3,
  4.1289093E+02,  0.0000000E+00,  2.5634683E+02,2923,  8.3196008E-01,  0.0000000E+00,  1.3368063E-01,  1.0001241E+03,  7.3805547E+03,3,
  4.1385880E+02,  0.0000000E+00,  2.5300789E+02,2730,  8.3415598E-01,  0.0000000E+00,  1.2017972E-01,  1.0010795E+03,  6.4391160E+04,3,
  4.1445071E+02,  0.0000000E+00,  2.5687286E+02,3125,  8.2768619E-01,  0.0000000E+00,  7.4460849E-02,  1.0001890E+03,  1.1241832E+04,3,
  4.1296143E+02,  0.0000000E+00,  2.5472342E+02,2750,  4.3835503E-01,  0.0000000E+00,  5.6445509E-02,  1.0006101E+03,  3.6342195E+04,3,
  4.1518951E+02,  0.0000000E+00,  2.5265475E+02,2712,  6.6710746E-01,  0.0000000E+00, -1.8495362E-02,  1.0018062E+03,  1.0797741E+05,3,
  4.1549945E+02,  0.0000000E+00,  2.5645276E+02,3033,  7.5847059E-01,  0.0000000E+00,  7.2046541E-02,  1.0001959E+03,  1.1656020E+04,3,
  4.1709033E+02,  0.0000000E+00,  2.5683957E+02,3115,  7.1759653E-01,  0.0000000E+00,  5.5963002E-02,  1.0002216E+03,  1.3182119E+04,3,
  4.1645541E+02,  0.0000000E+00,  2.5580594E+02,2906,  8.3948010E-01,  0.0000000E+00,  9.1371998E-02,  1.0002715E+03,  1.6158690E+04,3,
  4.1708017E+02,  0.0000000E+00,  2.5308682E+02,2891,  6.7230302E-01,  0.0000000E+00, -4.3832082E-02,  1.0004648E+03,  2.7677227E+04,3,
  4.1737378E+02,  0.0000000E+00,  2.5295471E+02,2561,  5.5975872E-01,  0.0000000E+00,  1.2870755E-02,  1.0005879E+03,  3.5016477E+04,3,
  4.1829541E+02,  0.0000000E+00,  2.5289671E+02,2943,  6.0548168E-01,  0.0000000E+00,  7.3381588E-03,  1.0006587E+03,  3.9241914E+04,3,
  4.1868045E+02,  0.0000000E+00,  2.5577264E+02,2997,  7.7396882E-01,  0.0000000E+00,  2.4175402E-02,  1.0003304E+03,  1.9663393E+04,3,
  4.1910065E+02,  0.0000000E+00,  2.5671829E+02,3116,  7.6817703E-01,  0.0000000E+00,  5.3195458E-02,  1.0002294E+03,  1.3650897E+04,3,
  4.1937820E+02,  0.0000000E+00,  2.5288225E+02,2844,  6.5633816E-01,  0.0000000E+00,  8.3912974E-03,  1.0007526E+03,  4.4850672E+04,3,
  4.2036670E+02,  0.0000000E+00,  2.5292186E+02,2859,  6.0599333E-01,  0.0000000E+00,  6.2299389E-03,  1.0007219E+03,  4.3013539E+04,3,
  4.2059476E+02,  0.0000000E+00,  2.5666464E+02,2977,  7.2889072E-01,  0.0000000E+00,  7.0932083E-02,  1.0002356E+03,  1.4017940E+04,3,
  4.2141913E+02,  0.0000000E+00,  2.5628818E+02,2969,  7.1480823E-01,  0.0000000E+00,  7.4632786E-02,  1.0002590E+03,  1.5409921E+04,3,
  4.2137677E+02,  0.0000000E+00,  2.5314540E+02,2889,  5.9653562E-01,  0.0000000E+00,  1.8321607E-02,  1.0004337E+03,  2.5821430E+04,3,
  4.2215509E+02,  0.0000000E+00,  2.5263612E+02,2825,  6.0635841E-01,  0.0000000E+00,  1.5813250E-02,  1.0011462E+03,  6.8384242E+04,3,
  4.2270532E+02,  0.0000000E+00,  2.5578992E+02,2904,  6.9770920E-01,  0.0000000E+00,  5.3028222E-02,  1.0003250E+03,  1.9339773E+04,3,
  4.2351959E+02,  0.0000000E+00,  2.5661026E+02,3108,  7.1255744E-01,  0.0000000E+00,  6.1011102E-02,  1.0002317E+03,  1.3785357E+04,3,
  4.2348007E+02,  0.0000000E+00,  2.5309341E+02,2914,  5.9205735E-01,  0.0000000E+00,  2.6404686E-02,  1.0004081E+03,  2.4293385E+04,3,
  4.2396201E+02,  0.0000000E+00,  2.5310329E+02,2907,  5.8816755E-01,  0.0000000E+00,  2.6064964E-02,  1.0003786E+03,  2.2536426E+04,3,
  4.2475729E+02,  0.0000000E+00,  2.5651492E+02,3117,  6.7493749E-01,  0.0000000E+00,  4.9758963E-02,  1.0002559E+03,  1.5228189E+04,3,
  4.2480231E+02,  0.0000000E+00,  2.5299132E+02,2916,  6.0790265E-01,  0.0000000E+00,  2.2518428E-02,  1.0005686E+03,  3.3865723E+04,3,
  4.2581638E+02,  0.0000000E+00,  2.5625293E+02,2605,  6.7314517E-01,  0.0000000E+00,  3.8505856E-02,  1.0002820E+03,  1.6780285E+04,3,
  4.2582455E+02,  0.0000000E+00,  2.5289191E+02,2761,  5.7669944E-01,  0.0000000E+00,  1.2791809E-04,  1.0007831E+03,  4.6673559E+04,3,
  4.2686154E+02,  0.0000000E+00,  2.5285417E+02,2746,  5.9270477E-01,  0.0000000E+00, -1.0920036E-02,  1.0009234E+03,  5.5055848E+04,3,
  4.2693158E+02,  0.0000000E+00,  2.5645264E+02,3059,  6.6206747E-01,  0.0000000E+00,  4.4338334E-02,  1.0002507E+03,  1.4919253E+04,3,
  4.2803445E+02,  0.0000000E+00,  2.5643481E+02,3097,  6.5175092E-01,  0.0000000E+00,  4.6688568E-02,  1.0002517E+03,  1.4977404E+04,3,
  4.2792599E+02,  0.0000000E+00,  2.5291840E+02,2434,  5.7449299E-01,  0.0000000E+00, -2.5424927E-02,  1.0008574E+03,  5.1111863E+04,3,
  4.2912033E+02,  0.0000000E+00,  2.5636703E+02,3088,  6.4091617E-01,  0.0000000E+00,  4.4914450E-02,  1.0002636E+03,  1.5686159E+04,3,
  4.2892163E+02,  0.0000000E+00,  2.5275096E+02,2543,  5.5623609E-01,  0.0000000E+00, -2.0386003E-02,  1.0010584E+03,  6.3131094E+04,3,
  4.3023444E+02,  0.0000000E+00,  2.5640436E+02,3099,  6.3883609E-01,  0.0000000E+00,  4.1935913E-02,  1.0002590E+03,  1.5413556E+04,3,
  4.3026044E+02,  0.0000000E+00,  2.5310663E+02,2777,  5.4780859E-01,  0.0000000E+00,  1.0239593E-02,  1.0004343E+03,  2.5857814E+04,3,
  4.3085037E+02,  0.0000000E+00,  2.5289754E+02,2933,  5.3828973E-01,  0.0000000E+00,  1.6071867E-02,  1.0006703E+03,  3.9937824E+04,3,
  4.3132938E+02,  0.0000000E+00,  2.5626019E+02,2888,  6.3286763E-01,  0.0000000E+00,  3.7407801E-02,  1.0002708E+03,  1.6115071E+04,3,
  4.3159189E+02,  0.0000000E+00,  2.5316541E+02,3006,  5.2554548E-01,  0.0000000E+00,  2.7529908E-02,  1.0003237E+03,  1.9267053E+04,3,
  4.3229440E+02,  0.0000000E+00,  2.5305072E+02,2987,  5.5520439E-01,  0.0000000E+00,  2.6978491E-02,  1.0005173E+03,  3.0803756E+04,3,
  4.3246762E+02,  0.0000000E+00,  2.5648071E+02,3098,  6.1762255E-01,  0.0000000E+00,  4.9835205E-02,  1.0002355E+03,  1.4014307E+04,3,
  4.3348798E+02,  0.0000000E+00,  2.5601285E+02,2860,  6.0378706E-01,  0.0000000E+00,  6.1902735E-02,  1.0002712E+03,  1.6140516E+04,3,
  4.3361426E+02,  0.0000000E+00,  2.5268840E+02,2643,  5.5577213E-01,  0.0000000E+00, -5.8590677E-03,  1.0012044E+03,  7.1870820E+04,3,
  4.3456168E+02,  0.0000000E+00,  2.5646539E+02,2940,  5.9628540E-01,  0.0000000E+00,  7.4292809E-02,  1.0002290E+03,  1.3625459E+04,3,
  4.3472537E+02,  0.0000000E+00,  2.5269672E+02,2425,  5.1998287E-01,  0.0000000E+00, -1.9986760E-02,  1.0012086E+03,  7.2119383E+04,3,
  4.3560178E+02,  0.0000000E+00,  2.5647021E+02,3070,  6.0673177E-01,  0.0000000E+00,  7.4757166E-02,  1.0002335E+03,  1.3890746E+04,3,
  4.3595911E+02,  0.0000000E+00,  2.5315851E+02,2917,  4.5046198E-01,  0.0000000E+00,  1.0106797E-02,  1.0004489E+03,  2.6723812E+04,3,
  4.3668201E+02,  0.0000000E+00,  2.5601233E+02,2971,  5.5230540E-01,  0.0000000E+00,  6.2680773E-02,  1.0002628E+03,  1.5635272E+04,3,
  4.3677911E+02,  0.0000000E+00,  2.5316914E+02,2768,  4.9112830E-01,  0.0000000E+00, -2.0111662E-03,  1.0004055E+03,  2.4136955E+04,3,
  4.3721613E+02,  0.0000000E+00,  2.5279669E+02,2861,  4.5745379E-01,  0.0000000E+00, -1.2988546E-03,  1.0008286E+03,  4.9386637E+04,3,
  4.3773923E+02,  0.0000000E+00,  2.5651636E+02,3089,  5.3815287E-01,  0.0000000E+00,  4.8277412E-02,  1.0002200E+03,  1.3087640E+04,3,
  4.3867160E+02,  0.0000000E+00,  2.5280264E+02,2651,  7.9997265E-01,  0.0000000E+00,  3.7090452E-03,  1.0006568E+03,  3.9128969E+04,3,
  4.3877756E+02,  0.0000000E+00,  2.5652206E+02,3079,  5.1425117E-01,  0.0000000E+00,  5.0583370E-02,  1.0001964E+03,  1.1685086E+04,3,
  4.3967438E+02,  0.0000000E+00,  2.5280392E+02,2818,  3.3790097E-01,  0.0000000E+00,  7.7810489E-02,  1.0006691E+03,  3.9861309E+04,3,
  4.3963022E+02,  0.0000000E+00,  2.5616684E+02,2778,  5.6969070E-01,  0.0000000E+00,  7.3454149E-02,  1.0001918E+03,  1.1412592E+04,3,
  4.3990768E+02,  0.0000000E+00,  2.5305353E+02,2864,  5.2718788E-02,  0.0000000E+00,  1.0563718E-02,  1.0005312E+03,  3.1637420E+04,3,
  4.4082562E+02,  0.0000000E+00,  2.5634174E+02,3081,  7.4918818E-01,  0.0000000E+00,  9.1130994E-02,  1.0001863E+03,  1.1081976E+04,3,
  4.4097839E+02,  0.0000000E+00,  2.5331184E+02,2708,  3.1526312E-01,  0.0000000E+00,  2.6827243E-01,  1.0009205E+03,  5.4880688E+04,3,
  4.4284985E+02,  0.0000000E+00,  2.5595967E+02,3071,  8.1826347E-01,  0.0000000E+00,  2.9626278E-02,  1.0005004E+03,  2.9795441E+04,3,
  4.4162570E+02,  0.0000000E+00,  2.5447491E+02,2773,  8.6345601E-01,  0.0000000E+00,  8.5940272E-01,  1.0002342E+03,  1.3934355E+04,3,
  4.4402200E+02,  0.0000000E+00,  2.5579846E+02,3023,  8.2537186E-01,  0.0000000E+00, -2.0464925E-01,  1.0008954E+03,  5.3381016E+04,3,
  4.4311768E+02,  0.0000000E+00,  2.5499248E+02,2728,  2.3388633E-01,  0.0000000E+00, -4.0784132E-02,  9.9989435E+02, -6.2798516E+03,3,
  4.4597534E+02,  0.0000000E+00,  2.5506329E+02,2800,  9.1055596E-01,  0.0000000E+00, -5.8029953E-02,  1.0001566E+03,  9.3128223E+03,3,
  4.4577423E+02,  0.0000000E+00,  2.5621994E+02,3080,  7.5307643E-01,  0.0000000E+00, -1.1964570E-01,  1.0004686E+03,  2.7899217E+04,3,
  4.4663062E+02,  0.0000000E+00,  2.5506146E+02,2880,  8.2469827E-01,  0.0000000E+00, -7.0153698E-02,  1.0001508E+03,  8.9713789E+03,3,
  4.4711777E+02,  0.0000000E+00,  2.5509973E+02,2587,  7.1701175E-01,  0.0000000E+00, -7.8939833E-02,  9.9994342E+02, -3.3635352E+03,3,
  4.4786975E+02,  0.0000000E+00,  2.5489967E+02,2779,  6.9376433E-01,  0.0000000E+00, -7.1473755E-02,  1.0006132E+03,  3.6527957E+04,3,
  4.4939444E+02,  0.0000000E+00,  2.5624460E+02,3063,  7.9859942E-01,  0.0000000E+00, -2.7843362E-02,  1.0003008E+03,  1.7899980E+04,3,
  4.4935941E+02,  0.0000000E+00,  2.5497444E+02,2853,  8.3751124E-01,  0.0000000E+00,  1.4307934E-02,  1.0004543E+03,  2.7051311E+04,3,
  4.4995706E+02,  0.0000000E+00,  2.5509097E+02,2833,  7.7988720E-01,  0.0000000E+00,  1.5484775E-02,  1.0000867E+03,  5.1581865E+03,3,
  4.5137778E+02,  0.0000000E+00,  2.5489845E+02,2551,  7.0861757E-01,  0.0000000E+00,  3.0057505E-02,  1.0005359E+03,  3.1917750E+04,3,
  4.5219537E+02,  0.0000000E+00,  2.5598534E+02,3052,  8.5903800E-01,  0.0000000E+00, -1.0574832E-02,  1.0003901E+03,  2.3223895E+04,3,
  4.5228745E+02,  0.0000000E+00,  2.5501711E+02,2797,  8.2085156E-01,  0.0000000E+00,  5.5658918E-02,  1.0001568E+03,  9.3273516E+03,3,
  4.5363995E+02,  0.0000000E+00,  2.5488171E+02,2662,  8.0261427E-01,  0.0000000E+00,  2.6073125E-03,  1.0004337E+03,  2.5817791E+04,3,
  4.5500046E+02,  0.0000000E+00,  2.5564720E+02,3053,  9.4221044E-01,  0.0000000E+00, -5.9943594E-02,  1.0006713E+03,  3.9996125E+04,3,
  4.5433221E+02,  0.0000000E+00,  2.5495132E+02,2822,  6.5756685E-01,  0.0000000E+00, -1.7401863E-02,  1.0000930E+03,  5.5321777E+03,3,
  4.5662329E+02,  0.0000000E+00,  2.5555081E+02,2795,  9.6243757E-01,  0.0000000E+00, -8.8991681E-03,  1.0006483E+03,  3.8618914E+04,3,
  4.5670709E+02,  0.0000000E+00,  2.5491261E+02,2677,  6.2793422E-01,  0.0000000E+00, -2.9259197E-02,  1.0002023E+03,  1.2033889E+04,3,
  4.5760538E+02,  0.0000000E+00,  2.5499870E+02,2686,  7.9912704E-01,  0.0000000E+00, -3.9632000E-02,  1.0000639E+03,  3.8003176E+03,3,
  4.5873993E+02,  0.0000000E+00,  2.5503026E+02,2552,  8.2083678E-01,  0.0000000E+00, -5.5442870E-02,  1.0006857E+03,  4.0852422E+04,3,
  4.5961258E+02,  0.0000000E+00,  2.5506137E+02,3034,  7.8653002E-01,  0.0000000E+00, -1.0546564E-02,  1.0003272E+03,  1.9474311E+04,3,
  4.6055212E+02,  0.0000000E+00,  2.5499088E+02,2659,  8.0698401E-01,  0.0000000E+00,  7.5374390E-03,  1.0003788E+03,  2.2547338E+04,3,
  4.6142810E+02,  0.0000000E+00,  2.5561285E+02,2748,  8.0022079E-01,  0.0000000E+00, -2.1250758E-03,  1.0004681E+03,  2.7873742E+04,3,
  4.6218039E+02,  0.0000000E+00,  2.5493340E+02,3054,  8.1343353E-01,  0.0000000E+00, -7.4302871E-03,  1.0004131E+03,  2.4591699E+04,3,
  4.6356006E+02,  0.0000000E+00,  2.5502716E+02,2668,  7.9911417E-01,  0.0000000E+00, -2.6569441E-02,  1.0003328E+03,  1.9805207E+04,3,
  4.6383853E+02,  0.0000000E+00,  2.5517007E+02,2756,  7.9180014E-01,  0.0000000E+00,  3.6014091E-02,  1.0006141E+03,  3.6578949E+04,3,
  4.6534610E+02,  0.0000000E+00,  2.5511662E+02,2724,  7.9993999E-01,  0.0000000E+00,  7.7877894E-02,  1.0002753E+03,  1.6384059E+04,3,
  4.6582004E+02,  0.0000000E+00,  2.5509047E+02,2742,  8.0065769E-01,  0.0000000E+00,  6.4427160E-02,  1.0003207E+03,  1.9085250E+04,3,
  4.6666348E+02,  0.0000000E+00,  2.5507536E+02,2488,  7.7800995E-01,  0.0000000E+00,  3.2495953E-02,  9.9993042E+02, -4.1362251E+03,3,
  4.6714734E+02,  0.0000000E+00,  2.5503371E+02,2743,  8.3587646E-01,  0.0000000E+00,  5.4159421E-02,  1.0004531E+03,  2.6974895E+04,3,
  4.6823621E+02,  0.0000000E+00,  2.5618195E+02,3025,  7.3818260E-01,  0.0000000E+00,  5.3706743E-02,  1.0003090E+03,  1.8390795E+04,3,
  4.6847885E+02,  0.0000000E+00,  2.5497206E+02,2642,  8.1549639E-01,  0.0000000E+00,  4.5217339E-02,  1.0003511E+03,  2.0899785E+04,3,
  4.6978055E+02,  0.0000000E+00,  2.5503119E+02,3043,  7.9042166E-01,  0.0000000E+00,  5.7862494E-03,  1.0003558E+03,  2.1176178E+04,3,
  4.7018436E+02,  0.0000000E+00,  2.5506888E+02,2813,  8.0117363E-01,  0.0000000E+00,  2.9956846E-02,  1.0002745E+03,  1.6336805E+04,3,
  4.7150793E+02,  0.0000000E+00,  2.5504913E+02,3035,  7.7322119E-01,  0.0000000E+00, -2.7752718E-02,  1.0007869E+03,  4.6899621E+04,3,
  4.7254141E+02,  0.0000000E+00,  2.5508221E+02,3044,  7.9189628E-01,  0.0000000E+00,  4.7329325E-02,  1.0003809E+03,  2.2674643E+04,3,
  4.7352676E+02,  0.0000000E+00,  2.5505618E+02,2718,  7.8214377E-01,  0.0000000E+00,  1.3278496E-02,  1.0003073E+03,  1.8288994E+04,3,
  4.7429407E+02,  0.0000000E+00,  2.5499136E+02,2932,  8.0059338E-01,  0.0000000E+00, -3.3118941E-02,  1.0003985E+03,  2.3722248E+04,3,
  4.7509271E+02,  0.0000000E+00,  2.5621616E+02,3036,  7.9316390E-01,  0.0000000E+00, -1.9848252E-02,  1.0002856E+03,  1.6994762E+04,3,
  4.7529999E+02,  0.0000000E+00,  2.5510231E+02,2714,  7.8500682E-01,  0.0000000E+00, -5.1203556E-02,  9.9994672E+02, -3.1676323E+03,3,
  4.7645248E+02,  0.0000000E+00,  2.5496884E+02,2782,  7.7628529E-01,  0.0000000E+00, -3.6801290E-02,  1.0005283E+03,  3.1459031E+04,3,
  4.7704810E+02,  0.0000000E+00,  2.5511374E+02,2716,  7.9041302E-01,  0.0000000E+00, -2.1099759E-02,  1.0002879E+03,  1.7132902E+04,3,
  4.7797562E+02,  0.0000000E+00,  2.5506499E+02,2905,  7.9669648E-01,  0.0000000E+00, -1.6702233E-02,  1.0002994E+03,  1.7816361E+04,3,
  4.7899939E+02,  0.0000000E+00,  2.5512779E+02,2978,  7.7585775E-01,  0.0000000E+00, -3.2232314E-02,  1.0005341E+03,  3.1808529E+04,3,
  4.7991138E+02,  0.0000000E+00,  2.5515295E+02,3026,  7.8119320E-01,  0.0000000E+00, -2.1632418E-02,  1.0004825E+03,  2.8732639E+04,3,
  4.8087878E+02,  0.0000000E+00,  2.5508043E+02,3027,  8.1550103E-01,  0.0000000E+00,  7.5525013E-03,  1.0004086E+03,  2.4322488E+04,3,
  4.8181302E+02,  0.0000000E+00,  2.5506877E+02,2737,  7.8288054E-01,  0.0000000E+00,  2.1828858E-02,  1.0000338E+03,  2.0106837E+03,3,
  4.8240570E+02,  0.0000000E+00,  2.5494101E+02,3017,  7.6588213E-01,  0.0000000E+00,  3.3358507E-02,  1.0006034E+03,  3.5941547E+04,3,
  4.8347000E+02,  0.0000000E+00,  2.5562994E+02,2786,  7.9420584E-01,  0.0000000E+00,  1.7672013E-02,  1.0004712E+03,  2.8055707E+04,3,
  4.8427292E+02,  0.0000000E+00,  2.5502409E+02,2634,  8.0845529E-01,  0.0000000E+00,  3.4668911E-02,  1.0003428E+03,  2.0401574E+04,3,
  4.8527039E+02,  0.0000000E+00,  2.5509311E+02,2791,  7.8256553E-01,  0.0000000E+00,  3.7106503E-02,  1.0001050E+03,  6.2438892E+03,3,
  4.8604950E+02,  0.0000000E+00,  2.5512740E+02,2479,  7.8337795E-01,  0.0000000E+00, -7.4880611E-04,  1.0002465E+03,  1.4668477E+04,3,
  4.8639676E+02,  0.0000000E+00,  2.5492686E+02,2823,  7.9630500E-01,  0.0000000E+00,  1.4934610E-02,  1.0006987E+03,  4.1632266E+04,3,
  4.8807477E+02,  0.0000000E+00,  2.5509758E+02,2835,  7.8847146E-01,  0.0000000E+00,  2.0936035E-02,  9.9991858E+02, -4.8399370E+03,3,
  4.8818781E+02,  0.0000000E+00,  2.5622711E+02,3007,  7.9300821E-01,  0.0000000E+00,  2.7563043E-02,  1.0003184E+03,  1.8947082E+04,3,
  4.8872015E+02,  0.0000000E+00,  2.5502084E+02,2669,  7.7953500E-01,  0.0000000E+00,  1.6641350E-02,  1.0003216E+03,  1.9139789E+04,3,
  4.8948007E+02,  0.0000000E+00,  2.5506253E+02,2788,  7.9193014E-01,  0.0000000E+00,  3.6015768E-02,  1.0002318E+03,  1.3788991E+04,3,
  4.9010275E+02,  0.0000000E+00,  2.5508492E+02,2935,  7.8287923E-01,  0.0000000E+00,  2.4838772E-02,  1.0002086E+03,  1.2408140E+04,3,
  4.9141745E+02,  0.0000000E+00,  2.5500116E+02,3018,  7.8549397E-01,  0.0000000E+00,  8.5857436E-02,  1.0009028E+03,  5.3822500E+04,3,
  4.9284702E+02,  0.0000000E+00,  2.5507234E+02,2734,  7.9503590E-01,  0.0000000E+00,  1.3294608E-02,  1.0002692E+03,  1.6016929E+04,3,
  4.9323163E+02,  0.0000000E+00,  2.5504172E+02,2687,  7.8198934E-01,  0.0000000E+00,  4.1655034E-02,  1.0003600E+03,  2.1427117E+04,3,
  4.9417032E+02,  0.0000000E+00,  2.5509393E+02,2824,  7.9369766E-01,  0.0000000E+00,  4.7568202E-02,  9.9976282E+02, -1.4092360E+04,3,
  4.9453394E+02,  0.0000000E+00,  2.5606888E+02,2759,  7.8684169E-01,  0.0000000E+00,  4.0852346E-02,  1.0003589E+03,  2.1365291E+04,3,
  4.9496890E+02,  0.0000000E+00,  2.5499535E+02,2817,  7.8424120E-01,  0.0000000E+00,  2.4336904E-02,  1.0003304E+03,  1.9667029E+04,3,
  4.9618399E+02,  0.0000000E+00,  2.5502832E+02,2717,  7.7684212E-01,  0.0000000E+00,  1.7022096E-02,  1.0004288E+03,  2.5530355E+04,3,
  4.9729114E+02,  0.0000000E+00,  2.5500754E+02,2998,  7.7564871E-01,  0.0000000E+00,  6.5423265E-02,  1.0007851E+03,  4.6790238E+04,3,
  4.9843964E+02,  0.0000000E+00,  2.5507904E+02,2989,  7.9570889E-01,  0.0000000E+00,  5.1551510E-04,  1.0002057E+03,  1.2240997E+04,3,
  4.9888931E+02,  0.0000000E+00,  2.5507954E+02,2623,  7.8704000E-01,  0.0000000E+00,  5.0869267E-02,  1.0001791E+03,  1.0653281E+04,3,
  4.9999930E+02,  0.0000000E+00,  2.5532445E+02,2980,  7.8056729E-01,  0.0000000E+00,  2.0697381E-02,  1.0005308E+03,  3.1611936E+04,3,
  5.0057635E+02,  0.0000000E+00,  2.5507066E+02,2614,  7.8225362E-01,  0.0000000E+00, -2.6508613E-02,  1.0002054E+03,  1.2222829E+04,3,
  5.0146890E+02,  0.0000000E+00,  2.5511911E+02,2991,  7.6825446E-01,  0.0000000E+00,  3.0704197E-03,  1.0002694E+03,  1.6031469E+04,3,
  5.0260916E+02,  0.0000000E+00,  2.5488310E+02,3000,  7.9171407E-01,  0.0000000E+00,  3.2311366E-03,  1.0009210E+03,  5.4913527E+04,3,
  5.0400815E+02,  0.0000000E+00,  2.5498767E+02,2961,  7.8621912E-01,  0.0000000E+00, -2.5465915E-02,  1.0004984E+03,  2.9675324E+04,3,
  5.0466736E+02,  0.0000000E+00,  2.5639673E+02,2685,  7.8483862E-01,  0.0000000E+00, -1.9746218E-02,  1.0002722E+03,  1.6195040E+04,3,
  5.0490479E+02,  0.0000000E+00,  2.5513124E+02,2615,  7.9246581E-01,  0.0000000E+00, -3.5913818E-02,  9.9959821E+02, -2.3861094E+04,3,
  5.0570053E+02,  0.0000000E+00,  2.5494572E+02,2598,  7.6852626E-01,  0.0000000E+00, -4.3414272E-02,  1.0005947E+03,  3.5424371E+04,3,
  5.0670529E+02,  0.0000000E+00,  2.5506392E+02,2925,  7.8757316E-01,  0.0000000E+00, -2.5302233E-02,  1.0004446E+03,  2.6469100E+04,3,
  5.0789697E+02,  0.0000000E+00,  2.5501994E+02,2703,  7.7730203E-01,  0.0000000E+00,  6.0016889E-02,  1.0007680E+03,  4.5769367E+04,3,
  5.0904114E+02,  0.0000000E+00,  2.5505093E+02,2990,  7.9457235E-01,  0.0000000E+00,  1.5148065E-02,  1.0002772E+03,  1.6493111E+04,3,
  5.0988510E+02,  0.0000000E+00,  2.5498894E+02,2741,  7.8228784E-01,  0.0000000E+00, -6.1351457E-03,  1.0003643E+03,  2.1681703E+04,3,
  5.1064236E+02,  0.0000000E+00,  2.5547050E+02,2973,  7.8263801E-01,  0.0000000E+00,  1.3415693E-02,  1.0005250E+03,  3.1262443E+04,3,
  5.1172198E+02,  0.0000000E+00,  2.5501149E+02,2710,  7.7552563E-01,  0.0000000E+00, -2.7203937E-03,  1.0005515E+03,  3.2842535E+04,3,
  5.1245282E+02,  0.0000000E+00,  2.5511165E+02,2626,  7.9051703E-01,  0.0000000E+00, -2.6477755E-03,  9.9943103E+02, -3.3772082E+04,3,
  5.1301105E+02,  0.0000000E+00,  2.5492801E+02,2815,  7.8411776E-01,  0.0000000E+00,  2.7695494E-03,  1.0007511E+03,  4.4759535E+04,3,
  5.1407489E+02,  0.0000000E+00,  2.5572026E+02,2972,  7.6207888E-01,  0.0000000E+00, -3.0216575E-02,  1.0005049E+03,  3.0064801E+04,3,
  5.1514819E+02,  0.0000000E+00,  2.5473663E+02,2507,  7.9380506E-01,  0.0000000E+00, -8.6490875E-03,  1.0009418E+03,  5.6154309E+04,3,
  5.1635071E+02,  0.0000000E+00,  2.5620898E+02,2841,  7.8195173E-01,  0.0000000E+00, -3.1467956E-02,  1.0004303E+03,  2.5617676E+04,3,
  5.1647858E+02,  0.0000000E+00,  2.5522424E+02,2806,  8.1705326E-01,  0.0000000E+00, -3.9633039E-02,  9.9882147E+02, -6.9825578E+04,3,
  5.1659521E+02,  0.0000000E+00,  2.5503795E+02,2720,  8.0619454E-01,  0.0000000E+00, -3.7689000E-02,  1.0004423E+03,  2.6330830E+04,3,
  5.1812457E+02,  0.0000000E+00,  2.5474388E+02,2617,  7.7119535E-01,  0.0000000E+00, -3.7482951E-02,  1.0009050E+03,  5.3953855E+04,3,
  5.1869843E+02,  0.0000000E+00,  2.5611615E+02,2982,  7.6684898E-01,  0.0000000E+00, -3.2050893E-02,  1.0004270E+03,  2.5421205E+04,3,
  5.2000684E+02,  0.0000000E+00,  2.5479907E+02,2580,  8.1122196E-01,  0.0000000E+00, -2.1057930E-02,  1.0008608E+03,  5.1312492E+04,3,
  5.2095038E+02,  0.0000000E+00,  2.5519986E+02,2470,  8.0876690E-01,  0.0000000E+00, -1.3519190E-03,  9.9884900E+02, -6.8200297E+04,3,
  5.2107849E+02,  0.0000000E+00,  2.5601993E+02,2869,  8.0018437E-01,  0.0000000E+00, -2.0760726E-02,  1.0004928E+03,  2.9344102E+04,3,
  5.2159644E+02,  0.0000000E+00,  2.5491287E+02,2480,  7.8822023E-01,  0.0000000E+00, -3.7754595E-02,  1.0006371E+03,  3.7952238E+04,3,
  5.2321503E+02,  0.0000000E+00,  2.5482043E+02,2389,  7.7887720E-01,  0.0000000E+00, -1.7048307E-02,  1.0006371E+03,  3.7955879E+04,3,
  5.2353571E+02,  0.0000000E+00,  2.5580559E+02,2962,  7.7188849E-01,  0.0000000E+00, -1.8849891E-02,  1.0005635E+03,  3.3559848E+04,3,
  5.2489423E+02,  0.0000000E+00,  2.5500043E+02,2887,  8.2275176E-01,  0.0000000E+00,  1.1314677E-02,  1.0002506E+03,  1.4911983E+04,3,
  5.2602509E+02,  0.0000000E+00,  2.5506310E+02,2658,  8.0125946E-01,  0.0000000E+00, -8.8245852E-04,  1.0001381E+03,  8.2122549E+03,3,
  5.2610797E+02,  0.0000000E+00,  2.5506133E+02,2534,  7.9885918E-01,  0.0000000E+00, -5.4639075E-03,  1.0001713E+03,  1.0191910E+04,3,
  5.2699548E+02,  0.0000000E+00,  2.5620175E+02,2954,  7.7825761E-01,  0.0000000E+00, -1.5132209E-02,  1.0004041E+03,  2.4053285E+04,3,
  5.2797113E+02,  0.0000000E+00,  2.5469536E+02,2745,  8.1436145E-01,  0.0000000E+00, -1.7399743E-02,  1.0010111E+03,  6.0301094E+04,3,
  5.2902863E+02,  0.0000000E+00,  2.5523172E+02,2781,  8.0799228E-01,  0.0000000E+00, -2.1404110E-02,  9.9902106E+02, -5.8035270E+04,3,
  5.2930219E+02,  0.0000000E+00,  2.5638922E+02,2842,  7.8470802E-01,  0.0000000E+00, -2.3451617E-02,  1.0003968E+03,  2.3620393E+04,3,
  5.2957703E+02,  0.0000000E+00,  2.5498317E+02,2733,  7.9045379E-01,  0.0000000E+00, -2.4727480E-02,  1.0005246E+03,  3.1240602E+04,3,
  5.3082043E+02,  0.0000000E+00,  2.5487265E+02,2699,  8.2325828E-01,  0.0000000E+00, -2.6092067E-02,  1.0006337E+03,  3.7748234E+04,3,
  5.3216754E+02,  0.0000000E+00,  2.5496512E+02,2660,  8.0407202E-01,  0.0000000E+00, -4.4440422E-02,  1.0003583E+03,  2.1328924E+04,3,
  5.3211664E+02,  0.0000000E+00,  2.5626514E+02,2955,  7.8852063E-01,  0.0000000E+00, -2.6573045E-02,  1.0003907E+03,  2.3260270E+04,3,
  5.3325232E+02,  0.0000000E+00,  2.5507889E+02,2736,  7.9362178E-01,  0.0000000E+00, -3.7852962E-02,  9.9997284E+02, -1.6147845E+03,3,
  5.3408862E+02,  0.0000000E+00,  2.5495874E+02,2706,  7.9129583E-01,  0.0000000E+00, -2.4196895E-02,  1.0003685E+03,  2.1936293E+04,3,
  5.3459686E+02,  0.0000000E+00,  2.5501195E+02,2689,  8.0229747E-01,  0.0000000E+00,  7.7453856E-03,  1.0002144E+03,  1.2753334E+04,3,
  5.3551556E+02,  0.0000000E+00,  2.5610291E+02,2964,  8.1902879E-01,  0.0000000E+00,  1.1696126E-02,  1.0004340E+03,  2.5839621E+04,3,
  5.3641937E+02,  0.0000000E+00,  2.5485266E+02,2571,  7.9583263E-01,  0.0000000E+00,  2.8253444E-02,  1.0005321E+03,  3.1688389E+04,3,
  5.3739423E+02,  0.0000000E+00,  2.5499950E+02,2646,  7.6914924E-01,  0.0000000E+00,  8.4786229E-02,  1.0001287E+03,  7.6529380E+03,3,
  5.3809778E+02,  0.0000000E+00,  2.5606107E+02,2934,  7.8672636E-01,  0.0000000E+00,  2.7378537E-02,  1.0004277E+03,  2.5464865E+04,3,
  5.3897498E+02,  0.0000000E+00,  2.5500664E+02,2711,  8.3083612E-01,  0.0000000E+00,  6.8315379E-02,  1.0003160E+03,  1.8805281E+04,3,
  5.3964050E+02,  0.0000000E+00,  2.5494438E+02,2680,  8.3089435E-01,  0.0000000E+00,  1.3095192E-02,  1.0005442E+03,  3.2409258E+04,3,
  5.4106702E+02,  0.0000000E+00,  2.5497273E+02,2688,  8.2541597E-01,  0.0000000E+00, -2.3489764E-02,  1.0005298E+03,  3.1553686E+04,3,
  5.4131213E+02,  0.0000000E+00,  2.5514711E+02,2799,  7.7683926E-01,  0.0000000E+00,  6.9749802E-02,  9.9949261E+02, -3.0122203E+04,3,
  5.4168060E+02,  0.0000000E+00,  2.5624396E+02,2732,  7.8648323E-01,  0.0000000E+00,  2.2181591E-02,  1.0003304E+03,  1.9667029E+04,3,
  5.4279041E+02,  0.0000000E+00,  2.5501692E+02,2678,  7.8588802E-01,  0.0000000E+00, -6.3960366E-02,  1.0003589E+03,  2.1365291E+04,3,
  5.4296320E+02,  0.0000000E+00,  2.5505173E+02,2635,  8.2284296E-01,  0.0000000E+00,  1.5828540E-03,  1.0003257E+03,  1.9387043E+04,3,
  5.4451746E+02,  0.0000000E+00,  2.5512749E+02,2578,  7.9308677E-01,  0.0000000E+00,  1.1924709E-01,  1.0004626E+03,  2.7542578E+04,3,
  5.4538611E+02,  0.0000000E+00,  2.5498688E+02,2945,  7.8378189E-01,  0.0000000E+00, -3.8826328E-02,  1.0008083E+03,  4.8175871E+04,3,
  5.4682648E+02,  0.0000000E+00,  2.5513179E+02,2836,  7.8790462E-01,  0.0000000E+00,  7.1102105E-02,  1.0001813E+03,  1.0787700E+04,3,
  5.4729193E+02,  0.0000000E+00,  2.5511517E+02,2870,  7.8858739E-01,  0.0000000E+00,  7.4709719E-03,  1.0001947E+03,  1.1583354E+04,3,
  5.4789661E+02,  0.0000000E+00,  2.5513033E+02,2681,  7.8845316E-01,  0.0000000E+00,  9.7353667E-02,  1.0002494E+03,  1.4839294E+04,3,
  5.4882684E+02,  0.0000000E+00,  2.5500235E+02,2707,  8.0505818E-01,  0.0000000E+00,  4.1917339E-02,  1.0005323E+03,  3.1702951E+04,3,
  5.4976440E+02,  0.0000000E+00,  2.5642523E+02,2936,  7.1614897E-01,  0.0000000E+00,  7.2331969E-03,  1.0002718E+03,  1.6173230E+04,3,
  5.5055695E+02,  0.0000000E+00,  2.5477220E+02,2735,  8.4364474E-01,  0.0000000E+00,  9.3841646E-03,  1.0007831E+03,  4.6669914E+04,3,
  5.5083289E+02,  0.0000000E+00,  2.5523573E+02,2645,  7.8537691E-01,  0.0000000E+00, -8.6133434E-03,  9.9941962E+02, -3.4448371E+04,3,
  5.5172382E+02,  0.0000000E+00,  2.5501833E+02,2827,  8.1676811E-01,  0.0000000E+00, -2.0856258E-02,  1.0003555E+03,  2.1157994E+04,3,
  5.5211304E+02,  0.0000000E+00,  2.5631564E+02,2705,  7.9369283E-01,  0.0000000E+00,  3.3734785E-04,  1.0003174E+03,  1.8892543E+04,3,
  5.5322925E+02,  0.0000000E+00,  2.5493141E+02,2609,  7.5902146E-01,  0.0000000E+00, -3.6302913E-02,  1.0005806E+03,  3.4583105E+04,3,
  5.5437720E+02,  0.0000000E+00,  2.5508447E+02,2656,  7.6266426E-01,  0.0000000E+00,  7.5234298E-04,  1.0002060E+03,  1.2255530E+04,3,
  5.5485809E+02,  0.0000000E+00,  2.5506834E+02,2789,  7.8436834E-01,  0.0000000E+00,  3.9788105E-02,  1.0001824E+03,  1.0849461E+04,3,
  5.5555981E+02,  0.0000000E+00,  2.5623105E+02,2560,  7.9710591E-01,  0.0000000E+00,  3.3785723E-02,  1.0003199E+03,  1.9041617E+04,3,
  5.5607843E+02,  0.0000000E+00,  2.5499449E+02,2608,  8.0210233E-01,  0.0000000E+00,  4.5832459E-02,  1.0003440E+03,  2.0474305E+04,3,
  5.5729095E+02,  0.0000000E+00,  2.5493112E+02,2673,  7.7415001E-01,  0.0000000E+00,  7.0096880E-02,  1.0005483E+03,  3.2653201E+04,3,
  5.5788177E+02,  0.0000000E+00,  2.5515260E+02,2516,  7.6968300E-01,  0.0000000E+00,  4.1637164E-02,  9.9981097E+02, -1.1232719E+04,3,
  5.5888123E+02,  0.0000000E+00,  2.5625980E+02,2796,  7.7246696E-01,  0.0000000E+00,  7.7378869E-02,  1.0003205E+03,  1.9074342E+04,3,
  5.5901740E+02,  0.0000000E+00,  2.5494521E+02,2770,  7.8887379E-01,  0.0000000E+00,  1.0530309E-01,  1.0004668E+03,  2.7793680E+04,3,
  5.6018683E+02,  0.0000000E+00,  2.5500626E+02,2570,  7.8644460E-01,  0.0000000E+00,  8.6932622E-02,  1.0002158E+03,  1.2836910E+04,3,
  5.6041571E+02,  0.0000000E+00,  2.5500455E+02,2624,  7.9300201E-01,  0.0000000E+00,  9.1700077E-02,  1.0001866E+03,  1.1100141E+04,3,
  5.6204352E+02,  0.0000000E+00,  2.5550790E+02,2805,  8.6003882E-01,  0.0000000E+00,  1.6110411E-01,  1.0007850E+03,  4.6782945E+04,3,
  5.6287848E+02,  0.0000000E+00,  2.5499689E+02,2629,  6.5753460E-01,  0.0000000E+00,  4.4691436E-02,  1.0002098E+03,  1.2480811E+04,3,
  5.6326843E+02,  0.0000000E+00,  2.5503835E+02,2666,  7.4405426E-01,  0.0000000E+00,  1.2779961E-02,  1.0001301E+03,  7.7401021E+03,3,
  5.6443781E+02,  0.0000000E+00,  2.5510350E+02,2926,  8.0950963E-01,  0.0000000E+00,  5.4844254E-01,  1.0005084E+03,  3.0275926E+04,3,
  5.6530261E+02,  0.0000000E+00,  2.5530788E+02,2928,  7.9943442E-01,  0.0000000E+00,  4.9451269E-02,  1.0003524E+03,  2.0976156E+04,3,
  5.6641254E+02,  0.0000000E+00,  2.5548100E+02,2900,  6.9481778E-01,  0.0000000E+00, -6.2404130E-02,  1.0004252E+03,  2.5315693E+04,3,
  5.6760754E+02,  0.0000000E+00,  2.5498697E+02,2533,  8.1213963E-01,  0.0000000E+00, -3.7341890E-01,  1.0005750E+03,  3.4248078E+04,3,
  5.6806793E+02,  0.0000000E+00,  2.5520850E+02,2899,  7.4879152E-01,  0.0000000E+00,  2.5393190E-02,  1.0002568E+03,  1.5282708E+04,3,
  5.6927338E+02,  0.0000000E+00,  2.5541071E+02,2649,  9.8384666E-01,  0.0000000E+00,  1.2014116E-01,  1.0001802E+03,  1.0722307E+04,3,
  5.6996942E+02,  0.0000000E+00,  2.5351857E+02,2628,  8.6668944E-01,  0.0000000E+00, -5.5145079E-01,  1.0004088E+03,  2.4333402E+04,3,
  5.7139545E+02,  0.0000000E+00,  2.5289659E+02,2535,  2.6075733E-01,  0.0000000E+00, -2.4187936E-02,  1.0006685E+03,  3.9824875E+04,3,
  5.7116437E+02,  0.0000000E+00,  2.5598608E+02,2927,  7.0222425E-01,  0.0000000E+00,  1.8394360E-01,  1.0001049E+03,  6.2402578E+03,3,
  5.7220032E+02,  0.0000000E+00,  2.5587285E+02,2648,  4.4683430E-01,  0.0000000E+00,  1.1103085E-01,  1.0001416E+03,  8.4229150E+03,3,
  5.7319910E+02,  0.0000000E+00,  2.5582004E+02,2790,  4.1086090E-01,  0.0000000E+00,  5.9247907E-02,  1.0001671E+03,  9.9412529E+03,3,
  5.7251593E+02,  0.0000000E+00,  2.5304570E+02,2771,  5.7370764E-01,  0.0000000E+00, -5.9262224E-02,  1.0004982E+03,  2.9664406E+04,3,
  5.6967682E+02,  0.0000000E+00,  2.5242195E+02,2586, -1.7212243E-01,  0.0000000E+00,  1.0151224E-01,  1.0017824E+03,  1.0654679E+05,3,
  5.7344586E+02,  0.0000000E+00,  2.5305191E+02,2808,  4.5474136E-01,  0.0000000E+00, -4.3971270E-02,  1.0004826E+03,  2.8736277E+04,3,
  5.7429633E+02,  0.0000000E+00,  2.5615561E+02,2901,  6.2985915E-01,  0.0000000E+00,  2.0404346E-02,  1.0001794E+03,  1.0671445E+04,3,
  5.7439978E+02,  0.0000000E+00,  2.5291104E+02,2683,  3.0278149E-01,  0.0000000E+00, -5.7111569E-03,  1.0006588E+03,  3.9249199E+04,3,
  5.7583026E+02,  0.0000000E+00,  2.5594041E+02,2769,  5.7769281E-01,  0.0000000E+00,  3.3829462E-02,  1.0001464E+03,  8.7062236E+03,3,
  5.7535168E+02,  0.0000000E+00,  2.5291322E+02,2597,  2.7045113E-01,  0.0000000E+00,  6.2096301E-02,  1.0006609E+03,  3.9373078E+04,3,
  5.7631439E+02,  0.0000000E+00,  2.5284940E+02,2747,  3.8696676E-01,  0.0000000E+00,  9.8783523E-02,  1.0007474E+03,  4.4537168E+04,3,
  5.7698944E+02,  0.0000000E+00,  2.5580278E+02,2371,  4.2393106E-01,  0.0000000E+00,  9.3933828E-03,  1.0001282E+03,  7.6238833E+03,3,
  5.7727814E+02,  0.0000000E+00,  2.5294678E+02,2700,  4.6864283E-01,  0.0000000E+00,  6.0219061E-02,  1.0006179E+03,  3.6808426E+04,3,
  5.7807568E+02,  0.0000000E+00,  2.5616873E+02,2524,  3.9995182E-01,  0.0000000E+00, -2.3472792E-02,  1.0001544E+03,  9.1856875E+03,3,
  5.7895404E+02,  0.0000000E+00,  2.5579295E+02,2674,  6.3121849E-01,  0.0000000E+00,  4.5106288E-02,  1.0001278E+03,  7.6020923E+03,3,
  5.7844934E+02,  0.0000000E+00,  2.5280025E+02,2652,  7.5953108E-01,  0.0000000E+00, -2.5371704E-02,  1.0006722E+03,  4.0050777E+04,3,
  5.7959332E+02,  0.0000000E+00,  2.5275481E+02,2601, -1.1451589E-03,  0.0000000E+00, -1.8024329E-02,  1.0007172E+03,  4.2736539E+04,3,
  5.8049414E+02,  0.0000000E+00,  2.5612570E+02,2882,  1.0814649E+00,  0.0000000E+00,  2.6946566E-01,  1.0002063E+03,  1.2273698E+04,3,
  5.8031403E+02,  0.0000000E+00,  2.5330965E+02,2671,  1.4892593E-01,  0.0000000E+00,  1.3276644E-01,  1.0006289E+03,  3.7464098E+04,3,
  5.8081781E+02,  0.0000000E+00,  2.5321329E+02,2826,  3.5767010E-01,  0.0000000E+00,  3.1351000E-01,  1.0009944E+03,  5.9304395E+04,3,
  5.8251538E+02,  0.0000000E+00,  2.5621854E+02,2871,  4.0441731E-01,  0.0000000E+00,  3.1755382E-01,  1.0002937E+03,  1.7478262E+04,3,
  5.8435797E+02,  0.0000000E+00,  2.5584467E+02,2554,  1.0442961E+00,  0.0000000E+00, -1.0070562E-01,  1.0002815E+03,  1.6751203E+04,3,
  5.8186542E+02,  0.0000000E+00,  2.5488689E+02,2691,  3.5503596E-01,  0.0000000E+00,  5.1093364E-01,  9.9947784E+02, -3.0997717E+04,3,
  5.8286890E+02,  0.0000000E+00,  2.5485005E+02,2753,  4.4721243E-01,  0.0000000E+00,  4.5783809E-01,  1.0006708E+03,  3.9963332E+04,3,
  5.8601721E+02,  0.0000000E+00,  2.5614096E+02,2873,  1.3526126E+00,  0.0000000E+00, -6.6966221E-02,  1.0003708E+03,  2.2070865E+04,3,
  5.8434052E+02,  0.0000000E+00,  2.5522704E+02,2619, -1.4952032E-01,  0.0000000E+00,  5.2110243E-01,  1.0001751E+03,  1.0417144E+04,3,
  5.8649835E+02,  0.0000000E+00,  2.5484647E+02,2582,  5.6780785E-01,  0.0000000E+00, -2.1261625E-01,  1.0007473E+03,  4.4533523E+04,3,
  5.8892255E+02,  0.0000000E+00,  2.5545135E+02,2843,  8.9669597E-01,  0.0000000E+00, -6.5266860E-01,  1.0004473E+03,  2.6632844E+04,3,
  5.8771844E+02,  0.0000000E+00,  2.5495830E+02,2807,  5.9464213E-02,  0.0000000E+00, -1.4529164E-01,  1.0008164E+03,  4.8660887E+04,3,
  5.8761353E+02,  0.0000000E+00,  2.5509637E+02,2607,  2.1133521E-01,  0.0000000E+00, -4.0495706E-01,  9.9905432E+02, -5.6068844E+04,3,
  5.8989630E+02,  0.0000000E+00,  2.5491913E+02,2890,  7.7718121E-01,  0.0000000E+00,  2.3658147E-01,  1.0007104E+03,  4.2331988E+04,3,
  5.9153925E+02,  0.0000000E+00,  2.5513445E+02,2854,  7.0605814E-01,  0.0000000E+00, -3.5284616E-02,  1.0007612E+03,  4.5364691E+04,3,
  5.9091150E+02,  0.0000000E+00,  2.5515918E+02,2892,  6.3183308E-01,  0.0000000E+00, -3.9005575E-01,  9.9982227E+02, -1.0562088E+04,3,
  5.9266400E+02,  0.0000000E+00,  2.5515652E+02,2444,  5.4224908E-01,  0.0000000E+00, -9.7910643E-02,  1.0006589E+03,  3.9252844E+04,3,
  5.9374792E+02,  0.0000000E+00,  2.5517818E+02,2506,  6.9249350E-01,  0.0000000E+00,  9.9157006E-02,  9.9995380E+02, -2.7467910E+03,3,
  5.9499811E+02,  0.0000000E+00,  2.5517525E+02,2692,  6.3622159E-01,  0.0000000E+00, -2.0264097E-02,  1.0003424E+03,  2.0379754E+04,3,
  5.9531708E+02,  0.0000000E+00,  2.5511476E+02,2690,  7.5166637E-01,  0.0000000E+00, -1.8506198E-01,  1.0005867E+03,  3.4943641E+04,3,
  5.9562854E+02,  0.0000000E+00,  2.5505522E+02,2679,  6.8053204E-01,  0.0000000E+00,  4.1361570E-02,  1.0004312E+03,  2.5668613E+04,3,
  5.9752521E+02,  0.0000000E+00,  2.5576199E+02,2672,  5.4658973E-01,  0.0000000E+00,  1.5730236E-01,  1.0004640E+03,  2.7626279E+04,3,
  5.9775751E+02,  0.0000000E+00,  2.5505295E+02,2588,  5.8931744E-01,  0.0000000E+00,  3.3500627E-01,  9.9928021E+02, -4.2704785E+04,3,
  5.9828528E+02,  0.0000000E+00,  2.5498431E+02,2654,  7.2041678E-01,  0.0000000E+00,  1.2778376E-01,  1.0006320E+03,  3.7646234E+04,3,
  5.9893011E+02,  0.0000000E+00,  2.5493330E+02,2698,  7.3412377E-01,  0.0000000E+00,  3.3908138E-01,  1.0004878E+03,  2.9045645E+04,3,
  6.0060449E+02,  0.0000000E+00,  2.5573006E+02,2760,  7.0495933E-01,  0.0000000E+00,  1.8080772E-01,  1.0005298E+03,  3.1553686E+04,3,
  6.0127728E+02,  0.0000000E+00,  2.5495827E+02,2834,  6.2542683E-01,  0.0000000E+00,  9.4072200E-02,  1.0004984E+03,  2.9678965E+04,3,
  6.0141449E+02,  0.0000000E+00,  2.5499551E+02,2863,  5.8794910E-01,  0.0000000E+00, -5.6638606E-02,  9.9984222E+02, -9.3765898E+03,3,
  6.0306189E+02,  0.0000000E+00,  2.5509264E+02,2874,  5.9149498E-01,  0.0000000E+00,  3.2265067E-02,  1.0007694E+03,  4.5853219E+04,3,
  6.0384387E+02,  0.0000000E+00,  2.5508406E+02,2600,  6.5693158E-01,  0.0000000E+00,  1.8611667E-01,  1.0004402E+03,  2.6207115E+04,3,
  6.0499121E+02,  0.0000000E+00,  2.5515407E+02,2751,  6.9789380E-01,  0.0000000E+00, -7.9659626E-02,  9.9966638E+02, -1.9816408E+04,3,
  6.0559705E+02,  0.0000000E+00,  2.5517661E+02,2855,  6.2382561E-01,  0.0000000E+00, -1.1601331E-01,  1.0006939E+03,  4.1344371E+04,3,
  6.0652094E+02,  0.0000000E+00,  2.5509828E+02,2829,  5.6351691E-01,  0.0000000E+00, -1.6771401E-01,  1.0002312E+03,  1.3756285E+04,3,
  6.0745959E+02,  0.0000000E+00,  2.5489244E+02,2847,  5.7549661E-01,  0.0000000E+00, -4.6593413E-01,  1.0002661E+03,  1.5835186E+04,3,
  6.0845447E+02,  0.0000000E+00,  2.5476074E+02,2865,  6.7013383E-01,  0.0000000E+00, -5.0071591E-01,  1.0005389E+03,  3.2092506E+04,3,
  6.0957886E+02,  0.0000000E+00,  2.5455815E+02,2633,  8.1495416E-01,  0.0000000E+00, -2.6667580E-01,  1.0010356E+03,  6.1768941E+04,3,
  6.1197290E+02,  0.0000000E+00,  2.5471298E+02,2838,  1.7133037E+00,  0.0000000E+00,  6.5380968E-02,  1.0003686E+03,  2.1939930E+04,3,
  6.1045404E+02,  0.0000000E+00,  2.5298943E+02,2663,  8.7014234E-01,  0.0000000E+00, -2.7528253E-01,  9.9990979E+02, -5.3622476E+03,3,
  6.1098615E+02,  0.0000000E+00,  2.5299438E+02,2682,  5.0432628E-01,  0.0000000E+00, -2.7797899E-01,  1.0001299E+03,  7.7292065E+03,3,
  6.1274762E+02,  0.0000000E+00,  2.5277675E+02,2453,  1.5621315E-01,  0.0000000E+00, -2.3998757E-01,  1.0008545E+03,  5.0936773E+04,3,
  6.1377740E+02,  0.0000000E+00,  2.5276878E+02,2611,  3.8222393E-01,  0.0000000E+00, -6.9372118E-02,  1.0006736E+03,  4.0134586E+04,3,
  6.1007751E+02,  0.0000000E+00,  2.5279797E+02,2780,  9.8564336E-03,  0.0000000E+00,  1.1455771E-01,  1.0004571E+03,  2.7215064E+04,3,
  6.1408276E+02,  0.0000000E+00,  2.5510098E+02,2752,  2.3073214E-01,  0.0000000E+00,  1.1535177E-01,  1.0002159E+03,  1.2844177E+04,3,
  6.1499896E+02,  0.0000000E+00,  2.5293831E+02,2517,  7.4164051E-01,  0.0000000E+00, -2.4899211E-02,  1.0004282E+03,  2.5493971E+04,3,
  6.1491345E+02,  0.0000000E+00,  2.5524155E+02,2630,  3.1037241E-01,  0.0000000E+00,  1.6418055E-02,  1.0002215E+03,  1.3178485E+04,3,
  6.1607294E+02,  0.0000000E+00,  2.5302110E+02,2726,  6.1317259E-01,  0.0000000E+00, -6.3706331E-02,  1.0002795E+03,  1.6631244E+04,3,
  6.1715015E+02,  0.0000000E+00,  2.5286969E+02,2461,  4.0362063E-01,  0.0000000E+00, -9.3081340E-02,  1.0006204E+03,  3.6954129E+04,3,
  6.1661029E+02,  0.0000000E+00,  2.5531378E+02,2622,  5.7282454E-01,  0.0000000E+00, -1.2440495E-01,  1.0002161E+03,  1.2858712E+04,3,
  6.1824493E+02,  0.0000000E+00,  2.5274921E+02,2518,  3.8460386E-01,  0.0000000E+00, -5.0659016E-02,  1.0007682E+03,  4.5783949E+04,3,
  6.1852930E+02,  0.0000000E+00,  2.5505380E+02,2798,  5.1880109E-01,  0.0000000E+00, -1.3265629E-01,  1.0002015E+03,  1.1986654E+04,3,
  6.1944019E+02,  0.0000000E+00,  2.5302715E+02,2719,  5.5278206E-01,  0.0000000E+00, -6.0693271E-02,  1.0003014E+03,  1.7936336E+04,3,
  6.2020770E+02,  0.0000000E+00,  2.5301134E+02,2755,  6.1474329E-01,  0.0000000E+00, -6.4825840E-02,  1.0003475E+03,  2.0681588E+04,3,
  6.2001709E+02,  0.0000000E+00,  2.5508661E+02,2837,  5.1158297E-01,  0.0000000E+00, -1.4559244E-01,  1.0001747E+03,  1.0395347E+04,3,
  6.2137775E+02,  0.0000000E+00,  2.5292950E+02,2462,  5.4770911E-01,  0.0000000E+00, -1.3528644E-01,  1.0005522E+03,  3.2889867E+04,3,
  6.2151367E+02,  0.0000000E+00,  2.5512616E+02,2697,  5.6536591E-01,  0.0000000E+00, -1.6786435E-01,  1.0001547E+03,  9.2002168E+03,3,
  6.2258276E+02,  0.0000000E+00,  2.5274248E+02,2573,  5.0245404E-01,  0.0000000E+00, -1.6764401E-01,  1.0007958E+03,  4.7428332E+04,3,
  6.2312048E+02,  0.0000000E+00,  2.5510176E+02,2715,  6.0395610E-01,  0.0000000E+00, -1.8225813E-01,  1.0001432E+03,  8.5209824E+03,3,
  6.2389417E+02,  0.0000000E+00,  2.5283289E+02,2589,  5.4094410E-01,  0.0000000E+00, -1.7175277E-01,  1.0006554E+03,  3.9045172E+04,3,
  6.2465771E+02,  0.0000000E+00,  2.5508344E+02,2353,  6.0492271E-01,  0.0000000E+00, -1.8608996E-01,  1.0001426E+03,  8.4810293E+03,3,
  6.2498059E+02,  0.0000000E+00,  2.5315512E+02,2525,  5.6980211E-01,  0.0000000E+00, -1.6480011E-01,  1.0002507E+03,  1.4915618E+04,3,
  6.2554797E+02,  0.0000000E+00,  2.5310710E+02,2627,  5.1747578E-01,  0.0000000E+00, -1.6868211E-01,  1.0003154E+03,  1.8772557E+04,3,
  6.2607379E+02,  0.0000000E+00,  2.5541878E+02,2595,  6.4134997E-01,  0.0000000E+00, -1.7619887E-01,  1.0001329E+03,  7.9071689E+03,3,
  6.2704352E+02,  0.0000000E+00,  2.5260982E+02,2764,  5.3251249E-01,  0.0000000E+00, -1.3462591E-01,  1.0010656E+03,  6.3558402E+04,3,
  6.2746368E+02,  0.0000000E+00,  2.5533313E+02,2820,  6.5440780E-01,  0.0000000E+00, -1.2597002E-01,  1.0001177E+03,  7.0028623E+03,3,
  6.2828516E+02,  0.0000000E+00,  2.5293217E+02,2490,  5.4373312E-01,  0.0000000E+00, -7.9302803E-02,  1.0006050E+03,  3.6039887E+04,3,
  6.2914032E+02,  0.0000000E+00,  2.5510129E+02,2602,  6.3861305E-01,  0.0000000E+00, -6.6562109E-02,  1.0001154E+03,  6.8648628E+03,3,
  6.2946478E+02,  0.0000000E+00,  2.5291451E+02,2618,  5.2338517E-01,  0.0000000E+00, -3.0904040E-02,  1.0005524E+03,  3.2897148E+04,3,
  6.3053735E+02,  0.0000000E+00,  2.5300049E+02,2644,  5.6366903E-01,  0.0000000E+00, -1.1962719E-02,  1.0004102E+03,  2.4417076E+04,3,
  6.3048163E+02,  0.0000000E+00,  2.5529465E+02,2810,  6.8104863E-01,  0.0000000E+00, -5.3832617E-02,  1.0001187E+03,  7.0573359E+03,3,
  6.3151654E+02,  0.0000000E+00,  2.5286362E+02,2637,  5.5147272E-01,  0.0000000E+00, -1.2539573E-02,  1.0005681E+03,  3.3836590E+04,3,
  6.3186023E+02,  0.0000000E+00,  2.5522917E+02,2802,  6.7759645E-01,  0.0000000E+00, -3.9628711E-02,  1.0001202E+03,  7.1481270E+03,3,
  6.3269385E+02,  0.0000000E+00,  2.5289032E+02,2590,  5.8948290E-01,  0.0000000E+00, -2.1567950E-02,  1.0005352E+03,  3.1874061E+04,3,
  6.3337024E+02,  0.0000000E+00,  2.5462108E+02,2544,  6.6425294E-01,  0.0000000E+00, -3.4306400E-02,  1.0002099E+03,  1.2488078E+04,3,
  6.3381152E+02,  0.0000000E+00,  2.5294440E+02,2665,  5.5624396E-01,  0.0000000E+00, -4.0218599E-02,  1.0004940E+03,  2.9413256E+04,3,
  6.3487445E+02,  0.0000000E+00,  2.5523384E+02,2801,  6.7419958E-01,  0.0000000E+00, -1.5921982E-02,  1.0000988E+03,  5.8735020E+03,3,
  6.3525940E+02,  0.0000000E+00,  2.5268005E+02,2670,  5.6719321E-01,  0.0000000E+00, -4.4925261E-02,  1.0008968E+03,  5.3464930E+04,3,
  6.3604053E+02,  0.0000000E+00,  2.5507462E+02,2655,  6.6872245E-01,  0.0000000E+00,  1.6008033E-03,  1.0000949E+03,  5.6447407E+03,3,
  6.3620361E+02,  0.0000000E+00,  2.5322345E+02,2636,  5.4070097E-01,  0.0000000E+00, -4.8133101E-02,  1.0002777E+03,  1.6525826E+04,3,
  6.3761108E+02,  0.0000000E+00,  2.5532802E+02,2792,  6.4519322E-01,  0.0000000E+00,  1.3910953E-02,  1.0001021E+03,  6.0695874E+03,3,
  6.3752887E+02,  0.0000000E+00,  2.5268950E+02,2754,  5.4558700E-01,  0.0000000E+00, -3.0673705E-02,  1.0009583E+03,  5.7143395E+04,3,
  6.3901965E+02,  0.0000000E+00,  2.5528746E+02,2661,  6.3559353E-01,  0.0000000E+00,  3.2550186E-02,  1.0001136E+03,  6.7559170E+03,3,
  6.3886969E+02,  0.0000000E+00,  2.5278024E+02,2471,  5.4177701E-01,  0.0000000E+00, -1.6654389E-02,  1.0008171E+03,  4.8704652E+04,3,
  6.4052588E+02,  0.0000000E+00,  2.5528763E+02,2757,  6.0742837E-01,  0.0000000E+00,  3.6926992E-02,  1.0001235E+03,  7.3442373E+03,3,
  6.4006696E+02,  0.0000000E+00,  2.5319421E+02,2621,  5.5353099E-01,  0.0000000E+00, -1.6512239E-02,  1.0002496E+03,  1.4850197E+04,3,
  6.4076581E+02,  0.0000000E+00,  2.5303523E+02,2612,  5.2402610E-01,  0.0000000E+00, -7.2053303E-03,  1.0004523E+03,  2.6927588E+04,3,
  6.4211304E+02,  0.0000000E+00,  2.5528516E+02,2793,  5.7271296E-01,  0.0000000E+00,  2.6595285E-02,  1.0001288E+03,  7.6638335E+03,3,
  6.4215948E+02,  0.0000000E+00,  2.5254756E+02,2653,  5.1675814E-01,  0.0000000E+00,  6.7806351E-03,  1.0011232E+03,  6.7010414E+04,3,
  6.4359998E+02,  0.0000000E+00,  2.5519310E+02,2537,  5.5558830E-01,  0.0000000E+00,  6.2888488E-03,  1.0001224E+03,  7.2824985E+03,3,
  6.4337830E+02,  0.0000000E+00,  2.5314076E+02,2481,  5.6001866E-01,  0.0000000E+00,  1.1852877E-02,  1.0003329E+03,  1.9816115E+04,3,
  6.4411951E+02,  0.0000000E+00,  2.5312604E+02,2638,  5.4023188E-01,  0.0000000E+00,  2.3207734E-03,  1.0003412E+03,  2.0310662E+04,3,
  6.4494147E+02,  0.0000000E+00,  2.5522490E+02,2452,  5.5731076E-01,  0.0000000E+00, -1.3223609E-02,  1.0001048E+03,  6.2329951E+03,3,
  6.4607849E+02,  0.0000000E+00,  2.5521227E+02,2509,  5.8135533E-01,  0.0000000E+00, -1.8755343E-02,  1.0000858E+03,  5.1037227E+03,3,
  6.4560040E+02,  0.0000000E+00,  2.5270499E+02,2702,  5.4960430E-01,  0.0000000E+00, -2.7548552E-02,  1.0009694E+03,  5.7804055E+04,3,
  6.4767822E+02,  0.0000000E+00,  2.5531544E+02,2763,  6.2541789E-01,  0.0000000E+00, -9.9490872E-03,  1.0000897E+03,  5.3324717E+03,3,
  6.4707440E+02,  0.0000000E+00,  2.5259874E+02,2495,  4.9753925E-01,  0.0000000E+00, -4.7291350E-02,  1.0011878E+03,  7.0876617E+04,3,
  6.4848895E+02,  0.0000000E+00,  2.5307291E+02,2426,  5.1585251E-01,  0.0000000E+00, -4.1820254E-02,  1.0004761E+03,  2.8346854E+04,3,
  6.4910077E+02,  0.0000000E+00,  2.5539436E+02,2744,  6.0248804E-01,  0.0000000E+00, -2.1112773E-03,  1.0001047E+03,  6.2293638E+03,3,
  6.4946289E+02,  0.0000000E+00,  2.5322160E+02,2546,  4.6655819E-01,  0.0000000E+00, -2.4875199E-02,  1.0002796E+03,  1.6638514E+04,3,
  6.5066302E+02,  0.0000000E+00,  2.5532225E+02,2491,  6.0087425E-01,  0.0000000E+00,  1.1885175E-02,  1.0001060E+03,  6.3056216E+03,3,
  6.5034216E+02,  0.0000000E+00,  2.5274818E+02,2416,  4.8228803E-01,  0.0000000E+00, -1.0991821E-02,  1.0008659E+03,  5.1618914E+04,3,
  6.5240955E+02,  0.0000000E+00,  2.5546631E+02,2604,  5.4575980E-01,  0.0000000E+00, -1.0636209E-02,  1.0001213E+03,  7.2171284E+03,3,
  6.5172736E+02,  0.0000000E+00,  2.5272194E+02,2738,  5.5355150E-01,  0.0000000E+00, -1.1868400E-02,  1.0008778E+03,  5.2330281E+04,3,
  6.5411346E+02,  0.0000000E+00,  2.5538541E+02,2451,  6.2601888E-01,  0.0000000E+00, -5.4071553E-02,  1.0001277E+03,  7.5984604E+03,3,
  6.5300250E+02,  0.0000000E+00,  2.5298430E+02,2664,  4.9063984E-01,  0.0000000E+00,  7.8399545E-03,  1.0004809E+03,  2.8634371E+04,3,
  6.5382312E+02,  0.0000000E+00,  2.5314952E+02,2591,  4.5618644E-01,  0.0000000E+00,  4.6018403E-02,  1.0003029E+03,  1.8023590E+04,3,
  6.5440570E+02,  0.0000000E+00,  2.5316754E+02,2657,  4.8847637E-01,  0.0000000E+00,  6.1464075E-02,  1.0003683E+03,  2.1921744E+04,3,
  6.5568640E+02,  0.0000000E+00,  2.5305325E+02,2335,  5.5551112E-01,  0.0000000E+00, -1.1292492E-02,  1.0006564E+03,  3.9103465E+04,3,
  6.5608936E+02,  0.0000000E+00,  2.5519279E+02,2443,  7.7447468E-01,  0.0000000E+00, -6.2504150E-02,  1.0001492E+03,  8.8733066E+03,3,
  6.5785712E+02,  0.0000000E+00,  2.5511699E+02,2783,  5.9098458E-01,  0.0000000E+00, -2.2865053E-02,  1.0001683E+03,  1.0010274E+04,3,
  6.5686243E+02,  0.0000000E+00,  2.5295372E+02,2620,  5.0201595E-01,  0.0000000E+00, -1.6854115E-01,  1.0006198E+03,  3.6921344E+04,3,
  6.5800159E+02,  0.0000000E+00,  2.5270511E+02,2499,  4.6838343E-01,  0.0000000E+00, -3.3903638E-01,  1.0004400E+03,  2.6196199E+04,3,
  6.5927795E+02,  0.0000000E+00,  2.5496936E+02,2417,  3.7960622E-01,  0.0000000E+00, -7.7381395E-02,  1.0002165E+03,  1.2880515E+04,3,
  6.5876776E+02,  0.0000000E+00,  2.5193340E+02,2454,  5.0746626E-01,  0.0000000E+00, -4.6968943E-01,  1.0006268E+03,  3.7336602E+04,3,
  6.6020770E+02,  0.0000000E+00,  2.5502641E+02,2766,  3.6095870E-01,  0.0000000E+00, -1.2303928E-01,  1.0002436E+03,  1.4494026E+04,3,
  6.6127222E+02,  0.0000000E+00,  2.5486375E+02,2566,  4.6747935E-01,  0.0000000E+00, -1.5463491E-01,  1.0002903E+03,  1.7274680E+04,3,
  6.6236975E+02,  0.0000000E+00,  2.5461557E+02,2709,  4.4440892E-01,  0.0000000E+00, -1.2322889E-01,  1.0003388E+03,  2.0165205E+04,3,
  6.6337555E+02,  0.0000000E+00,  2.5444972E+02,2727,  4.1180891E-01,  0.0000000E+00, -8.8223092E-02,  1.0003627E+03,  2.1590779E+04,3,
  6.6440619E+02,  0.0000000E+00,  2.5460379E+02,2739,  4.4859150E-01,  0.0000000E+00, -6.0217861E-02,  1.0002827E+03,  1.6823906E+04,3,
  6.6533185E+02,  0.0000000E+00,  2.5445335E+02,2513,  4.7313315E-01,  0.0000000E+00, -4.2226873E-02,  1.0002906E+03,  1.7292857E+04,3,
  6.6738800E+02,  0.0000000E+00,  2.5409244E+02,2647,  4.9078065E-01,  0.0000000E+00, -6.9827706E-02,  1.0003981E+03,  2.3696785E+04,3,
  6.6641602E+02,  0.0000000E+00,  2.5480237E+02,2407,  4.1794845E-01,  0.0000000E+00, -5.9427574E-02,  1.0002098E+03,  1.2484444E+04,3,
  6.6813385E+02,  0.0000000E+00,  2.5481479E+02,2616,  4.3268216E-01,  0.0000000E+00, -7.6690853E-02,  1.0002348E+03,  1.3970696E+04,3,
  6.6925458E+02,  0.0000000E+00,  2.5459383E+02,2583,  5.0239688E-01,  0.0000000E+00, -8.2722567E-02,  1.0003196E+03,  1.9019801E+04,3,
  6.7026416E+02,  0.0000000E+00,  2.5471033E+02,2625,  4.9208832E-01,  0.0000000E+00, -6.8579488E-02,  1.0002953E+03,  1.7572783E+04,3,
  6.7132050E+02,  0.0000000E+00,  2.5450397E+02,2510,  4.8645449E-01,  0.0000000E+00, -5.9369925E-02,  1.0003467E+03,  2.0634312E+04,3,
  6.7237170E+02,  0.0000000E+00,  2.5460474E+02,2729,  4.9067736E-01,  0.0000000E+00, -5.5767622E-02,  1.0003201E+03,  1.9048889E+04,3,
  6.7341010E+02,  0.0000000E+00,  2.5465817E+02,2701,  4.9924847E-01,  0.0000000E+00, -5.6569573E-02,  1.0003132E+03,  1.8641666E+04,3,
  6.7444702E+02,  0.0000000E+00,  2.5465410E+02,2398,  5.0914043E-01,  0.0000000E+00, -5.4634724E-02,  1.0003141E+03,  1.8692568E+04,3,
  6.7547742E+02,  0.0000000E+00,  2.5464963E+02,2558,  5.0471348E-01,  0.0000000E+00, -4.9668334E-02,  1.0003002E+03,  1.7867260E+04,3,
  6.7646838E+02,  0.0000000E+00,  2.5451825E+02,2498,  5.0549603E-01,  0.0000000E+00, -4.8347536E-02,  1.0003158E+03,  1.8794373E+04,3,
  6.7748956E+02,  0.0000000E+00,  2.5449823E+02,2381,  5.1613152E-01,  0.0000000E+00, -4.8421409E-02,  1.0003096E+03,  1.8423518E+04,3,
  6.7849988E+02,  0.0000000E+00,  2.5473674E+02,2684,  5.2413923E-01,  0.0000000E+00, -4.7669936E-02,  1.0002518E+03,  1.4984674E+04,3,
  6.7941943E+02,  0.0000000E+00,  2.5437042E+02,2464,  5.2918470E-01,  0.0000000E+00, -4.7949284E-02,  1.0003340E+03,  1.9881568E+04,3,
  6.8043982E+02,  0.0000000E+00,  2.5470154E+02,2675,  5.2651834E-01,  0.0000000E+00, -4.3770012E-02,  1.0002473E+03,  1.4712089E+04,3,
  6.8139673E+02,  0.0000000E+00,  2.5440149E+02,2548,  5.4425621E-01,  0.0000000E+00, -4.0598709E-02,  1.0003122E+03,  1.8579857E+04,3,
  6.8241370E+02,  0.0000000E+00,  2.5448517E+02,2556,  5.4879183E-01,  0.0000000E+00, -3.9104540E-02,  1.0003001E+03,  1.7859988E+04,3,
  6.8330011E+02,  0.0000000E+00,  2.5474484E+02,2693,  5.5299765E-01,  0.0000000E+00, -3.7891470E-02,  1.0002527E+03,  1.5039191E+04,3,
  6.8429602E+02,  0.0000000E+00,  2.5450172E+02,2435,  5.5157208E-01,  0.0000000E+00, -4.2332776E-02,  1.0003244E+03,  1.9307049E+04,3,
  6.8531964E+02,  0.0000000E+00,  2.5465782E+02,2489,  5.5285448E-01,  0.0000000E+00, -3.3189218E-02,  1.0002827E+03,  1.6823906E+04,3,
  6.8628040E+02,  0.0000000E+00,  2.5458771E+02,2372,  5.5130184E-01,  0.0000000E+00, -2.5370838E-02,  1.0002878E+03,  1.7129268E+04,3,
  6.8736066E+02,  0.0000000E+00,  2.5428369E+02,2562,  5.6331366E-01,  0.0000000E+00, -2.7194090E-02,  1.0003704E+03,  2.2045406E+04,3,
  6.8833331E+02,  0.0000000E+00,  2.5461763E+02,2676,  5.6026608E-01,  0.0000000E+00, -1.4767651E-02,  1.0002925E+03,  1.7405555E+04,3,
  6.8926984E+02,  0.0000000E+00,  2.5471228E+02,2545,  5.6579202E-01,  0.0000000E+00, -1.5581573E-02,  1.0002933E+03,  1.7456449E+04,3,
  6.9042950E+02,  0.0000000E+00,  2.5506195E+02,2541,  5.5672872E-01,  0.0000000E+00, -1.1554175E-02,  1.0002327E+03,  1.3843503E+04,3,
  6.9109375E+02,  0.0000000E+00,  2.5396474E+02,2484,  5.5713296E-01,  0.0000000E+00, -1.8824719E-02,  1.0004365E+03,  2.5985162E+04,3,
  6.9228748E+02,  0.0000000E+00,  2.5480103E+02,2354,  5.6432068E-01,  0.0000000E+00,  1.9180384E-03,  1.0002674E+03,  1.5911518E+04,3,
  6.9333875E+02,  0.0000000E+00,  2.5504060E+02,2639,  5.5201823E-01,  0.0000000E+00,  4.8456998E-03,  1.0002327E+03,  1.3847137E+04,3,
  6.9412811E+02,  0.0000000E+00,  2.5386089E+02,2564,  5.5395478E-01,  0.0000000E+00, -3.8190350E-02,  1.0004280E+03,  2.5479418E+04,3,
  6.9509802E+02,  0.0000000E+00,  2.5485112E+02,2486,  5.5514032E-01,  0.0000000E+00,  1.3705514E-02,  1.0002621E+03,  1.5595290E+04,3,
  7.0112488E+02,  0.0000000E+00,  2.5197176E+02,2366,  9.6101224E-01,  0.0000000E+00,  8.0426449E-01,  1.0005788E+03,  3.4473855E+04,3,
  6.9619165E+02,  0.0000000E+00,  2.5477289E+02,2362,  5.6244999E-01,  0.0000000E+00,  3.0317608E-02,  1.0002924E+03,  1.7401918E+04,3,
  6.9721033E+02,  0.0000000E+00,  2.5427196E+02,2631,  4.6753514E-01,  0.0000000E+00,  2.8082907E-02,  1.0004084E+03,  2.4315213E+04,3,
  6.9820813E+02,  0.0000000E+00,  2.5484755E+02,2667,  5.2026910E-01,  0.0000000E+00,  8.4762722E-02,  1.0002398E+03,  1.4268701E+04,3,
  6.9906799E+02,  0.0000000E+00,  2.5444685E+02,2536,  4.4907105E-01,  0.0000000E+00,  1.1465891E-01,  1.0002858E+03,  1.7009303E+04,3,
  7.0022406E+02,  0.0000000E+00,  2.5519897E+02,2640,  5.5250704E-01,  0.0000000E+00,  4.1028235E-02,  1.0001917E+03,  1.1405325E+04,3,
  7.0106982E+02,  0.0000000E+00,  2.5468451E+02,2409,  5.7873309E-01,  0.0000000E+00,  1.8223854E-02,  1.0002418E+03,  1.4384997E+04,3,
  7.0238788E+02,  0.0000000E+00,  2.5518083E+02,2307,  5.2630031E-01,  0.0000000E+00, -7.2257914E-02,  1.0001764E+03,  1.0493434E+04,3,
  7.0267126E+02,  0.0000000E+00,  2.5280508E+02,2549,  9.3777186E-01,  0.0000000E+00,  3.0848414E-01,  1.0005514E+03,  3.2838891E+04,3,
  7.0385870E+02,  0.0000000E+00,  2.5441858E+02,2603,  9.1727847E-01,  0.0000000E+00, -9.2920713E-02,  1.0003794E+03,  2.2583711E+04,3,
  7.0386847E+02,  0.0000000E+00,  2.5307445E+02,2401,  8.6823261E-01,  0.0000000E+00,  8.9931972E-02,  1.0004031E+03,  2.3995080E+04,3,
  7.0522949E+02,  0.0000000E+00,  2.5303879E+02,2466,  8.8172680E-01,  0.0000000E+00, -5.3951342E-02,  1.0004571E+03,  2.7215064E+04,3,
  7.0554755E+02,  0.0000000E+00,  2.5491451E+02,2380,  9.4179732E-01,  0.0000000E+00, -3.7461068E-02,  1.0001615E+03,  9.6070537E+03,3,
  7.0612079E+02,  0.0000000E+00,  2.5304730E+02,2392,  8.2939059E-01,  0.0000000E+00, -8.0347329E-02,  1.0003522E+03,  2.0965246E+04,3,
  7.0701709E+02,  0.0000000E+00,  2.5451312E+02,2344,  8.8401711E-01,  0.0000000E+00,  2.5277610E-03,  1.0001866E+03,  1.1100141E+04,3,
  7.0819421E+02,  0.0000000E+00,  2.5449533E+02,2468,  8.8872790E-01,  0.0000000E+00,  1.1552832E-02,  1.0001016E+03,  6.0441689E+03,3,
  7.0779956E+02,  0.0000000E+00,  2.5258841E+02,2427,  6.3598436E-01,  0.0000000E+00, -2.2228891E-02,  1.0009478E+03,  5.6515625E+04,3,
  7.0880151E+02,  0.0000000E+00,  2.5312315E+02,2563,  1.0497173E+00,  0.0000000E+00,  1.5346108E-01,  1.0004841E+03,  2.8827268E+04,3,
  7.1013586E+02,  0.0000000E+00,  2.5297775E+02,2390,  8.0164039E-01,  0.0000000E+00, -6.7483567E-02,  1.0007722E+03,  4.6017281E+04,3,
  7.1102588E+02,  0.0000000E+00,  2.5303354E+02,2436,  8.0757517E-01,  0.0000000E+00, -3.7161753E-02,  1.0006486E+03,  3.8637129E+04,3,
  7.1228845E+02,  0.0000000E+00,  2.5472806E+02,2519,  8.8447732E-01,  0.0000000E+00, -9.0595372E-03,  1.0000510E+03,  3.0306992E+03,3,
  7.1245148E+02,  0.0000000E+00,  2.5265837E+02,2532,  8.6506432E-01,  0.0000000E+00,  2.1296909E-02,  1.0009026E+03,  5.3811555E+04,3,
  7.1284808E+02,  0.0000000E+00,  2.5504909E+02,2472,  8.1268513E-01,  0.0000000E+00, -3.7295252E-02,  1.0000552E+03,  3.2848118E+03,3,
  7.1405670E+02,  0.0000000E+00,  2.5513452E+02,2610,  9.1122270E-01,  0.0000000E+00, -9.2866547E-02,  1.0000883E+03,  5.2525903E+03,3,
  7.1389081E+02,  0.0000000E+00,  2.5285188E+02,2540,  7.6211143E-01,  0.0000000E+00,  9.7268671E-02,  1.0007320E+03,  4.3618590E+04,3,
  7.1511774E+02,  0.0000000E+00,  2.5316953E+02,2458,  9.4979078E-01,  0.0000000E+00,  1.2465432E-01,  1.0004825E+03,  2.8732639E+04,3,
  7.1637500E+02,  0.0000000E+00,  2.5457195E+02,2411,  1.2021086E+00,  0.0000000E+00, -9.1453038E-02,  1.0002332E+03,  1.3876210E+04,3,
  7.1631030E+02,  0.0000000E+00,  2.5315594E+02,2309,  9.3878144E-01,  0.0000000E+00, -1.0611331E-01,  1.0004254E+03,  2.5322971E+04,3,
  7.1738599E+02,  0.0000000E+00,  2.5271788E+02,2412,  8.6056536E-01,  0.0000000E+00, -3.0808109E-01,  1.0007061E+03,  4.2069586E+04,3,
  7.1809283E+02,  0.0000000E+00,  2.5503027E+02,2594,  8.9049602E-01,  0.0000000E+00, -2.9058332E-02,  1.0001831E+03,  1.0893057E+04,3,
  7.1869067E+02,  0.0000000E+00,  2.5250360E+02,2420,  7.6833677E-01,  0.0000000E+00, -4.1601679E-01,  1.0003035E+03,  1.8059947E+04,3,
  7.1940009E+02,  0.0000000E+00,  2.5501794E+02,2485,  7.0206594E-01,  0.0000000E+00, -5.6681827E-02,  1.0002106E+03,  1.2528048E+04,3,
  7.1954108E+02,  0.0000000E+00,  2.5188632E+02,2429,  9.1636544E-01,  0.0000000E+00, -5.1440018E-01,  1.0003544E+03,  2.1092531E+04,3,
  7.2075446E+02,  0.0000000E+00,  2.5415633E+02,2585,  8.1894326E-01,  0.0000000E+00, -1.3922501E-01,  1.0003621E+03,  2.1554410E+04,3,
  7.2141638E+02,  0.0000000E+00,  2.5510286E+02,2469,  5.3731698E-01,  0.0000000E+00, -3.8481787E-02,  1.0002470E+03,  1.4697552E+04,3,
  7.2262201E+02,  0.0000000E+00,  2.5474480E+02,2568,  6.3112468E-01,  0.0000000E+00, -2.7694698E-02,  1.0003165E+03,  1.8834367E+04,3,
  7.2368555E+02,  0.0000000E+00,  2.5434767E+02,2423,  6.0194105E-01,  0.0000000E+00, -1.4925563E-02,  1.0004024E+03,  2.3955064E+04,3,
  7.2471167E+02,  0.0000000E+00,  2.5463446E+02,2450,  6.2473357E-01,  0.0000000E+00,  3.3534858E-02,  1.0002836E+03,  1.6874799E+04,3,
  7.2578546E+02,  0.0000000E+00,  2.5450002E+02,2511,  6.0205334E-01,  0.0000000E+00,  4.7843214E-02,  1.0003079E+03,  1.8321717E+04,3,
  7.2686365E+02,  0.0000000E+00,  2.5454135E+02,2336,  5.7170832E-01,  0.0000000E+00,  2.3560645E-02,  1.0003287E+03,  1.9565215E+04,3,
  7.2786163E+02,  0.0000000E+00,  2.5473517E+02,2326,  5.7715642E-01,  0.0000000E+00, -1.5329567E-02,  1.0003224E+03,  1.9187059E+04,3,
  7.2895337E+02,  0.0000000E+00,  2.5478166E+02,2402,  6.3954782E-01,  0.0000000E+00, -3.3213362E-02,  1.0003398E+03,  2.0223387E+04,3,
  7.3009924E+02,  0.0000000E+00,  2.5466426E+02,2503,  6.1706239E-01,  0.0000000E+00, -1.7767977E-02,  1.0003679E+03,  2.1899922E+04,3,
  7.3124689E+02,  0.0000000E+00,  2.5448735E+02,2502,  5.9548545E-01,  0.0000000E+00, -1.6954312E-02,  1.0004115E+03,  2.4497111E+04,3,
  7.3238879E+02,  0.0000000E+00,  2.5482855E+02,2559,  5.8477122E-01,  0.0000000E+00, -2.6761841E-03,  1.0003004E+03,  1.7878166E+04,3,
  7.3342310E+02,  0.0000000E+00,  2.5474240E+02,2501,  5.8061761E-01,  0.0000000E+00, -2.2440525E-03,  1.0002830E+03,  1.6838447E+04,3,
  7.3441040E+02,  0.0000000E+00,  2.5410826E+02,2528,  6.0296988E-01,  0.0000000E+00, -4.5759160E-02,  1.0004301E+03,  2.5603123E+04,3,
  7.3546228E+02,  0.0000000E+00,  2.5482605E+02,2577,  5.9408659E-01,  0.0000000E+00,  1.3808231E-02,  1.0002651E+03,  1.5773395E+04,3,
  7.3651636E+02,  0.0000000E+00,  2.5470963E+02,2432,  5.9985983E-01,  0.0000000E+00,  3.1240841E-02,  1.0003269E+03,  1.9456131E+04,3,
  7.4085437E+02,  0.0000000E+00,  2.5160883E+02,2442,  3.6211869E-01,  0.0000000E+00,  3.4935948E-01,  1.0007451E+03,  4.4402293E+04,3,
  7.4124731E+02,  0.0000000E+00,  2.5212688E+02,2356,  1.1603904E+00,  0.0000000E+00,  8.0187297E-01,  1.0006057E+03,  3.6079953E+04,3,
  7.3761285E+02,  0.0000000E+00,  2.5449600E+02,2399,  5.3042859E-01,  0.0000000E+00,  4.5123614E-02,  1.0004035E+03,  2.4020545E+04,3,
  7.3871362E+02,  0.0000000E+00,  2.5520227E+02,2550,  5.9537727E-01,  0.0000000E+00,  7.0517689E-02,  1.0002407E+03,  1.4319580E+04,3,
  7.3945587E+02,  0.0000000E+00,  2.5446109E+02,2383,  5.1694804E-01,  0.0000000E+00,  1.2814136E-01,  1.0003086E+03,  1.8365346E+04,3,
  7.4092072E+02,  0.0000000E+00,  2.5531523E+02,2281,  6.5230209E-01,  0.0000000E+00,  5.3767841E-02,  1.0002005E+03,  1.1928520E+04,3,
  7.4187286E+02,  0.0000000E+00,  2.5471414E+02,2456,  6.9703591E-01,  0.0000000E+00,  7.4703455E-02,  1.0002488E+03,  1.4802950E+04,3,
  7.4315808E+02,  0.0000000E+00,  2.5490424E+02,2448,  7.6743132E-01,  0.0000000E+00,  2.5559138E-03,  1.0001891E+03,  1.1249099E+04,3,
  7.4327484E+02,  0.0000000E+00,  2.5287865E+02,2422,  8.4435999E-01,  0.0000000E+00,  9.7183309E-02,  1.0007448E+03,  4.4380422E+04,3,
  7.4465265E+02,  0.0000000E+00,  2.5311900E+02,2310,  8.8764358E-01,  0.0000000E+00, -4.8841432E-02,  1.0005871E+03,  3.4969133E+04,3,
  7.4490839E+02,  0.0000000E+00,  2.5481473E+02,2538,  8.7497711E-01,  0.0000000E+00, -5.3984104E-03,  1.0001701E+03,  1.0119255E+04,3,
  7.4600983E+02,  0.0000000E+00,  2.5275272E+02,2441,  7.8009725E-01,  0.0000000E+00, -1.0220378E-01,  1.0009902E+03,  5.9048844E+04,3,
  7.4685400E+02,  0.0000000E+00,  2.5489810E+02,2482,  9.3479669E-01,  0.0000000E+00,  6.0747094E-02,  1.0001771E+03,  1.0537028E+04,3,
  7.4850409E+02,  0.0000000E+00,  2.5515952E+02,2504,  8.3888417E-01,  0.0000000E+00,  1.8613169E-02,  1.0001800E+03,  1.0707775E+04,3,
  7.4759723E+02,  0.0000000E+00,  2.5294370E+02,2292,  6.2914324E-01,  0.0000000E+00,  1.2623287E-03,  1.0004035E+03,  2.4020545E+04,3,
  7.4845160E+02,  0.0000000E+00,  2.5293976E+02,2365,  7.2037983E-01,  0.0000000E+00,  5.1204283E-03,  1.0003892E+03,  2.3169332E+04,3,
  7.4928876E+02,  0.0000000E+00,  2.5301981E+02,2359,  8.2631356E-01,  0.0000000E+00,  1.6120844E-02,  1.0002795E+03,  1.6631244E+04,3,
  7.5016504E+02,  0.0000000E+00,  2.5510060E+02,2521,  7.8656971E-01,  0.0000000E+00, -3.0531162E-02,  1.0001783E+03,  1.0606053E+04,3,
  7.5034766E+02,  0.0000000E+00,  2.5292061E+02,2382,  7.3438030E-01,  0.0000000E+00, -1.2371747E-03,  1.0004362E+03,  2.5970607E+04,3,
  7.5166748E+02,  0.0000000E+00,  2.5449503E+02,2437,  8.2976025E-01,  0.0000000E+00, -9.7197391E-02,  1.0002670E+03,  1.5886073E+04,3,
  7.5165204E+02,  0.0000000E+00,  2.5282614E+02,2394,  7.5148082E-01,  0.0000000E+00,  5.2673183E-04,  1.0006353E+03,  3.7842949E+04,3,
  7.5328809E+02,  0.0000000E+00,  2.5491457E+02,2523,  9.5230252E-01,  0.0000000E+00, -3.9937541E-02,  1.0000909E+03,  5.4087227E+03,3,
  7.5330170E+02,  0.0000000E+00,  2.5269249E+02,2334,  7.5061202E-01,  0.0000000E+00,  3.4322327E-03,  1.0010140E+03,  6.0476348E+04,3,
  7.5477301E+02,  0.0000000E+00,  2.5272426E+02,2318,  7.7129227E-01,  0.0000000E+00,  1.5317445E-02,  1.0009720E+03,  5.7964664E+04,3,
  7.5502045E+02,  0.0000000E+00,  2.5510999E+02,2386,  9.1358501E-01,  0.0000000E+00,  1.2868110E-02,  1.0001024E+03,  6.0913750E+03,3,
  7.5631024E+02,  0.0000000E+00,  2.5299503E+02,2421,  7.8601992E-01,  0.0000000E+00,  1.1733912E-02,  1.0004647E+03,  2.7666309E+04,3,
  7.5644904E+02,  0.0000000E+00,  2.5528270E+02,2424,  8.9111853E-01,  0.0000000E+00, -4.5739338E-03,  1.0001306E+03,  7.7655254E+03,3,
  7.5726605E+02,  0.0000000E+00,  2.5291080E+02,2385,  7.8667474E-01,  0.0000000E+00,  5.4460866E-03,  1.0005382E+03,  3.2052457E+04,3,
  7.5799664E+02,  0.0000000E+00,  2.5528279E+02,2455,  9.6931279E-01,  0.0000000E+00, -1.3937001E-02,  1.0001379E+03,  8.2013594E+03,3,
  7.5841937E+02,  0.0000000E+00,  2.5284982E+02,2346,  7.7966130E-01,  0.0000000E+00, -3.1266150E-03,  1.0005988E+03,  3.5668387E+04,3,
  7.5969794E+02,  0.0000000E+00,  2.5454976E+02,2393,  9.9385577E-01,  0.0000000E+00,  2.1376703E-02,  1.0002767E+03,  1.6464029E+04,3,
  7.5973517E+02,  0.0000000E+00,  2.5286279E+02,2228,  7.2015929E-01,  0.0000000E+00, -4.5816967E-04,  1.0005543E+03,  3.3013664E+04,3,
  7.6151855E+02,  0.0000000E+00,  2.5527948E+02,2299,  9.6979868E-01,  0.0000000E+00,  6.5360270E-03,  1.0001531E+03,  9.1094072E+03,3,
  7.6096558E+02,  0.0000000E+00,  2.5288136E+02,2414,  7.6241142E-01,  0.0000000E+00,  3.5939087E-05,  1.0005175E+03,  3.0818316E+04,3,
  7.6204810E+02,  0.0000000E+00,  2.5299519E+02,2338,  7.5193995E-01,  0.0000000E+00,  3.2899750E-03,  1.0003237E+03,  1.9263416E+04,3,
  7.6302545E+02,  0.0000000E+00,  2.5473872E+02,2400,  9.4747335E-01,  0.0000000E+00, -2.3129053E-02,  1.0002227E+03,  1.3247529E+04,3,
  7.6280450E+02,  0.0000000E+00,  2.5298228E+02,2397,  7.6807892E-01,  0.0000000E+00,  1.5521583E-03,  1.0003434E+03,  2.0437939E+04,3,
  7.6411700E+02,  0.0000000E+00,  2.5282106E+02,2328,  7.6232994E-01,  0.0000000E+00, -8.9885518E-03,  1.0006161E+03,  3.6702793E+04,3,
  7.6454089E+02,  0.0000000E+00,  2.5507651E+02,2512,  9.3490338E-01,  0.0000000E+00, -2.3832509E-02,  1.0001207E+03,  7.1808115E+03,3,
  7.6563965E+02,  0.0000000E+00,  2.5270062E+02,2251,  7.3160475E-01,  0.0000000E+00, -1.8569835E-02,  1.0008323E+03,  4.9612758E+04,3,
  7.6604620E+02,  0.0000000E+00,  2.5406430E+02,2384,  9.6262246E-01,  0.0000000E+00, -4.7482271E-02,  1.0003597E+03,  2.1412570E+04,3,
  7.6706549E+02,  0.0000000E+00,  2.5301219E+02,2493,  8.1329721E-01,  0.0000000E+00, -2.8120879E-02,  1.0004641E+03,  2.7633557E+04,3,
  7.6840784E+02,  0.0000000E+00,  2.5506935E+02,2514,  9.3788260E-01,  0.0000000E+00, -3.7851033E-03,  1.0000645E+03,  3.8366218E+03,3,
  7.6812347E+02,  0.0000000E+00,  2.5289749E+02,2202,  7.8783262E-01,  0.0000000E+00, -1.5988162E-02,  1.0006674E+03,  3.9759289E+04,3,
  7.6967267E+02,  0.0000000E+00,  2.5513251E+02,2395,  9.6587789E-01,  0.0000000E+00,  7.4437965E-04,  1.0000815E+03,  4.8459326E+03,3,
  7.6949780E+02,  0.0000000E+00,  2.5274429E+02,2319,  7.2542447E-01,  0.0000000E+00,  1.2978422E-02,  1.0009059E+03,  5.4008586E+04,3,
  7.7088489E+02,  0.0000000E+00,  2.5290509E+02,2375,  8.0615705E-01,  0.0000000E+00,  1.0654991E-02,  1.0006541E+03,  3.8968664E+04,3,
  7.7146149E+02,  0.0000000E+00,  2.5531705E+02,2343,  9.5604509E-01,  0.0000000E+00, -9.0927714E-03,  1.0001085E+03,  6.4508760E+03,3,
  7.7207190E+02,  0.0000000E+00,  2.5280710E+02,2377,  9.0355980E-01,  0.0000000E+00, -4.0642243E-02,  1.0006536E+03,  3.8935875E+04,3,
  7.7323761E+02,  0.0000000E+00,  2.5479771E+02,2283,  9.8770565E-01,  0.0000000E+00, -3.0097885E-02,  1.0001407E+03,  8.3684336E+03,3,
  7.7326556E+02,  0.0000000E+00,  2.5301152E+02,2218,  7.5024712E-01,  0.0000000E+00,  1.3296720E-02,  1.0003830E+03,  2.2798312E+04,3,
  7.7517798E+02,  0.0000000E+00,  2.5503282E+02,2415,  1.2472327E+00,  0.0000000E+00, -6.6959642E-02,  1.0001024E+03,  6.0913750E+03,3,
  7.7387897E+02,  0.0000000E+00,  2.5310603E+02,2331,  6.1800110E-01,  0.0000000E+00,  5.3413372E-02,  1.0003405E+03,  2.0267023E+04,3,
  7.7522705E+02,  0.0000000E+00,  2.5300363E+02,2240,  7.6837009E-01,  0.0000000E+00,  9.3932360E-02,  1.0007221E+03,  4.3028117E+04,3,
  7.7661047E+02,  0.0000000E+00,  2.5360741E+02,2290,  1.0514768E+00,  0.0000000E+00, -1.4446673E-01,  1.0004902E+03,  2.9191232E+04,3,
  7.7689014E+02,  0.0000000E+00,  2.5376552E+02,2332,  8.8596684E-01,  0.0000000E+00,  1.1039411E-01,  1.0001463E+03,  8.7025918E+03,3,
  7.7863171E+02,  0.0000000E+00,  2.5491577E+02,2478,  9.0762764E-01,  0.0000000E+00,  3.2908984E-02,  1.0001266E+03,  7.5330884E+03,3,
  7.7795709E+02,  0.0000000E+00,  2.5202611E+02,2360,  6.9863749E-01,  0.0000000E+00, -3.7877482E-01,  1.0014188E+03,  8.4716578E+04,3,
  7.8058099E+02,  0.0000000E+00,  2.5399602E+02,2291,  1.2355968E+00,  0.0000000E+00, -1.8544529E-01,  1.0001310E+03,  7.7909482E+03,3,
  7.7998132E+02,  0.0000000E+00,  2.5521819E+02,2505,  5.0586277E-01,  0.0000000E+00, -1.0987128E-01,  1.0002427E+03,  1.4439512E+04,3,
  7.7950079E+02,  0.0000000E+00,  2.5144109E+02,2329,  5.0584477E-01,  0.0000000E+00, -4.9440864E-01,  1.0007326E+03,  4.3655039E+04,3,
  7.8182782E+02,  0.0000000E+00,  2.5507727E+02,2476,  6.5879345E-01,  0.0000000E+00, -1.3021477E-01,  1.0003948E+03,  2.3503988E+04,3,
  7.8317114E+02,  0.0000000E+00,  2.5494330E+02,2379,  7.7756995E-01,  0.0000000E+00, -9.9119447E-02,  1.0004182E+03,  2.4893660E+04,3,
  7.8481830E+02,  0.0000000E+00,  2.5495651E+02,2440,  1.0827324E+00,  0.0000000E+00,  2.1538381E-02,  1.0002887E+03,  1.7180162E+04,3,
  7.8489026E+02,  0.0000000E+00,  2.5393124E+02,2257,  5.9086305E-01,  0.0000000E+00,  1.2864186E-02,  1.0003732E+03,  2.2216350E+04,3,
  7.8715948E+02,  0.0000000E+00,  2.5499422E+02,2341,  7.5120109E-01,  0.0000000E+00,  1.0110179E-01,  1.0002703E+03,  1.6082357E+04,3,
  7.8857776E+02,  0.0000000E+00,  2.5496185E+02,2496,  7.1593976E-01,  0.0000000E+00,  1.0035247E-01,  1.0002812E+03,  1.6733027E+04,3,
  7.8729480E+02,  0.0000000E+00,  2.5367305E+02,2239,  8.9260525E-01,  0.0000000E+00,  9.8087028E-02,  1.0003188E+03,  1.8972533E+04,3,
  7.9035406E+02,  0.0000000E+00,  2.5491266E+02,2032,  8.6472571E-01,  0.0000000E+00,  3.0412219E-02,  1.0002350E+03,  1.3985233E+04,3,
  7.9022681E+02,  0.0000000E+00,  2.5408331E+02,2367,  5.1932919E-01,  0.0000000E+00,  7.8296820E-03,  1.0003433E+03,  2.0430666E+04,3,
  7.9206201E+02,  0.0000000E+00,  2.5388748E+02,2201,  7.3368472E-01,  0.0000000E+00,  7.7557387E-03,  1.0002658E+03,  1.5817012E+04,3,
  7.9267957E+02,  0.0000000E+00,  2.5468495E+02,2433,  7.0293283E-01,  0.0000000E+00, -3.8491778E-02,  1.0002168E+03,  1.2898684E+04,3,
  7.9377338E+02,  0.0000000E+00,  2.5463115E+02,2459,  6.9103545E-01,  0.0000000E+00, -6.9332063E-02,  1.0002336E+03,  1.3901648E+04,3,
  7.9483594E+02,  0.0000000E+00,  2.5409422E+02,2264,  7.7489519E-01,  0.0000000E+00, -4.8801344E-02,  1.0003126E+03,  1.8601672E+04,3,
  7.9581702E+02,  0.0000000E+00,  2.5473845E+02,2235,  7.8006750E-01,  0.0000000E+00, -8.6542584E-02,  1.0002439E+03,  1.4512198E+04,3,
  7.9695526E+02,  0.0000000E+00,  2.5428366E+02,2267,  7.8598732E-01,  0.0000000E+00, -6.0234547E-02,  1.0003085E+03,  1.8358074E+04,3,
  7.9804810E+02,  0.0000000E+00,  2.5470973E+02,2364,  8.1364739E-01,  0.0000000E+00, -8.0163524E-02,  1.0002499E+03,  1.4872005E+04,3,
  7.9914282E+02,  0.0000000E+00,  2.5412247E+02,2321,  8.3022004E-01,  0.0000000E+00, -6.0620934E-02,  1.0003259E+03,  1.9394316E+04,3,
  8.0023737E+02,  0.0000000E+00,  2.5480748E+02,2406,  8.2777923E-01,  0.0000000E+00, -9.2272744E-02,  1.0002444E+03,  1.4541273E+04,3,
  8.0138568E+02,  0.0000000E+00,  2.5394495E+02,2277,  8.7160265E-01,  0.0000000E+00, -7.7805899E-02,  1.0003600E+03,  2.1430756E+04,3,
  8.0241998E+02,  0.0000000E+00,  2.5478851E+02,2460,  8.6761039E-01,  0.0000000E+00, -8.3899304E-02,  1.0002444E+03,  1.4541273E+04,3,
  8.0344366E+02,  0.0000000E+00,  2.5435533E+02,2325,  8.6183208E-01,  0.0000000E+00, -5.2127089E-02,  1.0002766E+03,  1.6460395E+04,3,
  8.0454529E+02,  0.0000000E+00,  2.5415063E+02,2211,  8.9984435E-01,  0.0000000E+00, -3.0107485E-02,  1.0002771E+03,  1.6489477E+04,3,
  8.0575214E+02,  0.0000000E+00,  2.5471631E+02,2272,  8.9827651E-01,  0.0000000E+00, -7.8326769E-02,  1.0002198E+03,  1.3080372E+04,3,
  8.0670795E+02,  0.0000000E+00,  2.5394676E+02,2209,  9.0619737E-01,  0.0000000E+00, -5.9338868E-02,  1.0002803E+03,  1.6682137E+04,3,
  8.0785480E+02,  0.0000000E+00,  2.5451512E+02,2388,  9.4828850E-01,  0.0000000E+00, -1.0999125E-01,  1.0002290E+03,  1.3625459E+04,3,
  8.0886877E+02,  0.0000000E+00,  2.5433253E+02,2404,  9.3848526E-01,  0.0000000E+00, -1.1213763E-01,  1.0002460E+03,  1.4635767E+04,3,
  8.0986566E+02,  0.0000000E+00,  2.5428304E+02,2327,  9.3977702E-01,  0.0000000E+00, -1.0581633E-01,  1.0002263E+03,  1.3465564E+04,3,
  8.1091779E+02,  0.0000000E+00,  2.5417444E+02,2287,  1.0238700E+00,  0.0000000E+00, -7.5771295E-02,  1.0002091E+03,  1.2440842E+04,3,
  8.1206372E+02,  0.0000000E+00,  2.5414340E+02,2191,  1.0030853E+00,  0.0000000E+00, -6.9159053E-02,  1.0002139E+03,  1.2727898E+04,3,
  8.1303558E+02,  0.0000000E+00,  2.5437054E+02,2238,  1.0198705E+00,  0.0000000E+00, -1.0081845E-01,  1.0002142E+03,  1.2742434E+04,3,
  8.1409058E+02,  0.0000000E+00,  2.5442316E+02,2387,  1.0098684E+00,  0.0000000E+00, -1.2319173E-01,  1.0002189E+03,  1.3022231E+04,3,
  8.1512524E+02,  0.0000000E+00,  2.5412729E+02,2368,  1.0717083E+00,  0.0000000E+00, -1.4049515E-01,  1.0002253E+03,  1.3407421E+04,3,
  8.1631982E+02,  0.0000000E+00,  2.5412029E+02,2155,  1.0837110E+00,  0.0000000E+00, -8.4879100E-02,  1.0002269E+03,  1.3498270E+04,3,
  8.1736127E+02,  0.0000000E+00,  2.5439809E+02,2413,  9.8132223E-01,  0.0000000E+00, -5.4607738E-02,  1.0002313E+03,  1.3763553E+04,3,
  8.2045233E+02,  0.0000000E+00,  2.5147028E+02,2180,  2.4176048E-01,  0.0000000E+00,  4.2211947E-01,  1.0005084E+03,  3.0275926E+04,3,
  8.2133636E+02,  0.0000000E+00,  2.5182159E+02,2203,  1.3074565E+00,  0.0000000E+00,  1.0652059E+00,  1.0007430E+03,  4.4278352E+04,3,
  8.1840460E+02,  0.0000000E+00,  2.5445100E+02,2279,  9.4031072E-01,  0.0000000E+00, -3.7984006E-02,  1.0002418E+03,  1.4384997E+04,3,
  8.1944891E+02,  0.0000000E+00,  2.5436618E+02,2301,  1.0849797E+00,  0.0000000E+00,  8.9076376E-03,  1.0002385E+03,  1.4192382E+04,3,
  8.2222314E+02,  0.0000000E+00,  2.5314732E+02,2216,  9.3403667E-01,  0.0000000E+00,  3.9724916E-01,  9.9963416E+02, -2.1728516E+04,3,
  8.2072198E+02,  0.0000000E+00,  2.5442093E+02,2275,  1.5266916E+00,  0.0000000E+00,  1.1663637E-01,  1.0002549E+03,  1.5166401E+04,3,
  8.2408093E+02,  0.0000000E+00,  2.5306229E+02,2182,  4.4417641E-01,  0.0000000E+00,  1.8119149E-02,  1.0005259E+03,  3.1317051E+04,3,
  8.2223608E+02,  0.0000000E+00,  2.5449875E+02,2263,  1.7337313E+00,  0.0000000E+00,  2.3918284E-01,  1.0002114E+03,  1.2575285E+04,3,
  8.2391321E+02,  0.0000000E+00,  2.5421387E+02,2293,  1.6022447E+00,  0.0000000E+00,  1.2104647E-01,  1.0003771E+03,  2.2445494E+04,3,
  8.2459283E+02,  0.0000000E+00,  2.5296324E+02,2306,  1.2372899E+00,  0.0000000E+00,  4.0398136E-01,  1.0002753E+03,  1.6380425E+04,3,
  8.2574298E+02,  0.0000000E+00,  2.5378796E+02,2376,  1.5472946E+00,  0.0000000E+00, -3.2336655E-01,  1.0008625E+03,  5.1418277E+04,3,
  8.2730963E+02,  0.0000000E+00,  2.5308099E+02,2333,  1.5101334E+00,  0.0000000E+00, -3.0997875E-01,  9.9897485E+02, -6.0765965E+04,3,
  8.2727838E+02,  0.0000000E+00,  2.5369511E+02,2347,  1.1508418E+00,  0.0000000E+00, -2.7173026E-02,  1.0009533E+03,  5.6844102E+04,3,
  8.2853986E+02,  0.0000000E+00,  2.5284924E+02,2320,  1.0849071E+00,  0.0000000E+00, -1.7400211E-01,  1.0005723E+03,  3.4084207E+04,3,
  8.2870575E+02,  0.0000000E+00,  2.5282924E+02,2285,  1.1525078E+00,  0.0000000E+00, -2.1736069E-01,  1.0010543E+03,  6.2886402E+04,3,
  8.2952393E+02,  0.0000000E+00,  2.5300388E+02,2164,  1.7353051E+00,  0.0000000E+00,  2.4646190E-01,  1.0001772E+03,  1.0544294E+04,3,
  8.3102570E+02,  0.0000000E+00,  2.5361403E+02,2253,  1.1231600E+00,  0.0000000E+00,  7.7527463E-01,  1.0006422E+03,  3.8258246E+04,3,
  8.3222400E+02,  0.0000000E+00,  2.5290936E+02,2117,  4.9801943E-01,  0.0000000E+00, -2.7036521E-01,  1.0002148E+03,  1.2778771E+04,3,
  8.3280389E+02,  0.0000000E+00,  2.5301071E+02,2396,  8.0471301E-01,  0.0000000E+00,  3.4940866E-01,  1.0012617E+03,  7.5303758E+04,3,
  8.3346307E+02,  0.0000000E+00,  2.5316377E+02,2185,  1.5516555E+00,  0.0000000E+00,  3.7403220E-01,  9.9971259E+02, -1.7074350E+04,3,
  8.3472687E+02,  0.0000000E+00,  2.5290913E+02,2194,  8.5713255E-01,  0.0000000E+00,  3.3815551E-01,  1.0013852E+03,  8.2703766E+04,3,
  8.3499298E+02,  0.0000000E+00,  2.5371382E+02,2431,  7.7532965E-01,  0.0000000E+00,  1.5813215E-01,  1.0000711E+03,  4.2287158E+03,3,
  8.3640637E+02,  0.0000000E+00,  2.5283998E+02,2112,  8.6018139E-01,  0.0000000E+00, -5.4126638E-01,  1.0004577E+03,  2.7251453E+04,3,
  8.3699939E+02,  0.0000000E+00,  2.5274974E+02,2166,  1.0878505E+00,  0.0000000E+00, -8.6902134E-02,  9.9910742E+02, -5.2928961E+04,3,
  8.3763104E+02,  0.0000000E+00,  2.5402493E+02,2173,  7.4783289E-01,  0.0000000E+00,  3.5303418E-02,  1.0004136E+03,  2.4620803E+04,3,
  8.3848053E+02,  0.0000000E+00,  2.5338695E+02,2196,  1.3191125E+00,  0.0000000E+00, -2.6466823E-01,  1.0030937E+03,  1.8566042E+05,3,
  8.3936053E+02,  0.0000000E+00,  2.5289618E+02,2143,  6.8429404E-01,  0.0000000E+00,  1.1902168E-01,  9.9999152E+02, -5.0442163E+02,3,
  8.4033221E+02,  0.0000000E+00,  2.5368530E+02,2215,  1.6722183E-01,  0.0000000E+00,  1.5520302E+00,  9.9786499E+02, -1.2613310E+05,3,
  8.4115479E+02,  0.0000000E+00,  2.5468402E+02,2330,  2.6001441E+00,  0.0000000E+00,  1.8505926E-01,  1.0008255E+03,  4.9204281E+04,3,
  8.4226373E+02,  0.0000000E+00,  2.5482831E+02,2260,  1.4957427E+00,  0.0000000E+00, -1.9178307E-01,  1.0002293E+03,  1.3643630E+04,3,
  8.4342627E+02,  0.0000000E+00,  2.5511441E+02,2243,  1.0261685E+00,  0.0000000E+00,  4.0867004E-01,  9.9792596E+02, -1.2255324E+05,3,
  8.4056195E+02,  0.0000000E+00,  2.5306810E+02,2311, -3.3300644E-01,  0.0000000E+00,  2.1697523E-01,  1.0006800E+03,  4.0513539E+04,3,
  8.4327661E+02,  0.0000000E+00,  2.5523705E+02,2357,  7.3875678E-01,  0.0000000E+00,  5.8198088E-01,  1.0020984E+03,  1.2555773E+05,3,
  8.4495380E+02,  0.0000000E+00,  2.5504749E+02,2369,  1.5077387E+00,  0.0000000E+00, -1.1363104E-01,  9.9741315E+02, -1.5262045E+05,3,
  8.4514929E+02,  0.0000000E+00,  2.5524226E+02,2300,  1.3307461E+00,  0.0000000E+00,  1.8170130E-01,  1.0021481E+03,  1.2854959E+05,3,
  8.4634613E+02,  0.0000000E+00,  2.5589592E+02,2252,  7.5604379E-01,  0.0000000E+00,  3.2244411E-01,  1.0012408E+03,  7.4049633E+04,3,
  8.4857440E+02,  0.0000000E+00,  2.5477000E+02,2232,  1.0214213E+00,  0.0000000E+00,  2.6105651E-01,  9.9996466E+02, -2.1009827E+03,3,
  8.4867816E+02,  0.0000000E+00,  2.5548567E+02,2183,  1.5871172E+00,  0.0000000E+00,  1.3534121E-01,  1.0002990E+03,  1.7790914E+04,3,
  8.4818353E+02,  0.0000000E+00,  2.5517288E+02,2259,  1.1660490E+00,  0.0000000E+00,  5.7618648E-01,  9.9811731E+02, -1.1131063E+05,3,
  8.4910602E+02,  0.0000000E+00,  2.5528845E+02,2297,  8.4979761E-01,  0.0000000E+00,  8.2360858E-01,  1.0004310E+03,  2.5657699E+04,3,
  8.4920099E+02,  0.0000000E+00,  2.5491185E+02,2358,  8.9626122E-01,  0.0000000E+00,  2.8883108E-01,  1.0003640E+03,  2.1663518E+04,3,
  8.5407257E+02,  0.0000000E+00,  2.5497682E+02,2245,  1.8247477E+00,  0.0000000E+00, -2.1832085E-01,  1.0002081E+03,  1.2379071E+04,3,
  8.5419830E+02,  0.0000000E+00,  2.5498676E+02,2302,  1.8775198E+00,  0.0000000E+00, -5.8592331E-01,  1.0002501E+03,  1.4882908E+04,3,
  8.5410419E+02,  0.0000000E+00,  2.5510886E+02,2340,  1.7870244E+00,  0.0000000E+00,  3.0826873E-01,  9.9984039E+02, -9.4853574E+03,3,
  8.5436041E+02,  0.0000000E+00,  2.5510310E+02,2273,  1.3882582E+00,  0.0000000E+00,  4.2082104E-01,  9.9886011E+02, -6.7544336E+04,3,
  8.5462714E+02,  0.0000000E+00,  2.5537761E+02,2153,  9.7394973E-01,  0.0000000E+00,  1.0363378E-01,  1.0003006E+03,  1.7889074E+04,3,
  8.5822748E+02,  0.0000000E+00,  2.5514511E+02,2193,  1.6301453E+00,  0.0000000E+00, -3.4837145E-01,  1.0001767E+03,  1.0511598E+04,3,
  8.5845508E+02,  0.0000000E+00,  2.5505804E+02,2231,  1.6896281E+00,  0.0000000E+00,  5.0421160E-01,  1.0001530E+03,  9.1021426E+03,3,
  8.5867688E+02,  0.0000000E+00,  2.5516527E+02,2142,  1.5762670E+00,  0.0000000E+00, -1.0579646E-01,  1.0004350E+03,  2.5897838E+04,3,
  8.5962360E+02,  0.0000000E+00,  2.5506558E+02,2160,  1.7231225E+00,  0.0000000E+00,  7.4783012E-02,  9.9704999E+02, -1.7385695E+05,3,
  8.5986023E+02,  0.0000000E+00,  2.5479024E+02,2106,  1.5367752E+00,  0.0000000E+00, -3.2814134E-02,  1.0013920E+03,  8.3113617E+04,3,
  8.6122778E+02,  0.0000000E+00,  2.5544415E+02,2296,  1.5588233E+00,  0.0000000E+00,  2.1056044E-01,  1.0010515E+03,  6.2714758E+04,3,
  8.6224139E+02,  0.0000000E+00,  2.5506093E+02,2138,  1.5692394E+00,  0.0000000E+00, -1.5489286E-01,  9.9975977E+02, -1.4273552E+04,3,
  8.6275470E+02,  0.0000000E+00,  2.5511607E+02,2313,  1.5750515E+00,  0.0000000E+00,  1.7050059E-01,  9.9942065E+02, -3.4386891E+04,3,
  8.6418488E+02,  0.0000000E+00,  2.5514932E+02,2322,  1.5519936E+00,  0.0000000E+00,  8.8833012E-02,  1.0012931E+03,  7.7183422E+04,3,
  8.6472614E+02,  0.0000000E+00,  2.5508978E+02,2195,  1.6274116E+00,  0.0000000E+00,  1.1676499E-01,  9.9837866E+02, -9.5933781E+04,3,
  8.6497815E+02,  0.0000000E+00,  2.5513719E+02,2200,  1.5538435E+00,  0.0000000E+00,  2.3908870E-02,  1.0001364E+03,  8.1141909E+03,3,
  8.6628644E+02,  0.0000000E+00,  2.5512779E+02,2274,  1.4960084E+00,  0.0000000E+00, -1.2490144E-01,  1.0005088E+03,  3.0297766E+04,3,
  8.6752173E+02,  0.0000000E+00,  2.5499118E+02,2214,  1.5769088E+00,  0.0000000E+00, -6.5975091E-03,  1.0008495E+03,  5.0641316E+04,3,
  8.6847864E+02,  0.0000000E+00,  2.5513193E+02,2206,  1.5273414E+00,  0.0000000E+00, -1.2416849E-01,  9.9710901E+02, -1.7040873E+05,3,
  8.6866699E+02,  0.0000000E+00,  2.5569800E+02,2148,  1.6178340E+00,  0.0000000E+00, -7.2857007E-02,  1.0009736E+03,  5.8055922E+04,3,
  8.6977277E+02,  0.0000000E+00,  2.5501305E+02,2342,  1.6131846E+00,  0.0000000E+00,  1.3692611E-01,  1.0003228E+03,  1.9208875E+04,3,
  8.6995935E+02,  0.0000000E+00,  2.5506129E+02,2208,  1.5679502E+00,  0.0000000E+00, -2.6785746E-02,  1.0001512E+03,  8.9968047E+03,3,
  8.6996936E+02,  0.0000000E+00,  2.5497472E+02,2270,  1.5649326E+00,  0.0000000E+00, -4.0831879E-02,  1.0001735E+03,  1.0322690E+04,3,
  8.7440076E+02,  0.0000000E+00,  2.5507030E+02,2219,  1.5341942E+00,  0.0000000E+00, -5.0858194E-01,  9.9984888E+02, -8.9813926E+03,3,
  8.7471674E+02,  0.0000000E+00,  2.5504141E+02,2176,  1.5453732E+00,  0.0000000E+00,  3.0512592E-01,  9.9961633E+02, -2.2785811E+04,3,
  8.7473566E+02,  0.0000000E+00,  2.5505945E+02,2315,  1.5667032E+00,  0.0000000E+00,  2.5922552E-01,  9.9957202E+02, -2.5414074E+04,3,
  8.7490210E+02,  0.0000000E+00,  2.5507826E+02,2305,  1.5531068E+00,  0.0000000E+00,  1.1893262E-01,  9.9911041E+02, -5.2752090E+04,3,
  8.7580420E+02,  0.0000000E+00,  2.5539122E+02,2225,  1.5604639E+00,  0.0000000E+00,  7.5685963E-02,  1.0012800E+03,  7.6397141E+04,3,
  8.7834412E+02,  0.0000000E+00,  2.5502548E+02,2179,  1.5829365E+00,  0.0000000E+00,  5.0466871E-01,  9.9968457E+02, -1.8737062E+04,3,
  8.7861078E+02,  0.0000000E+00,  2.5502702E+02,2224,  1.5868871E+00,  0.0000000E+00,  5.1833683E-01,  9.9919806E+02, -4.7567199E+04,3,
  8.7952173E+02,  0.0000000E+00,  2.5510866E+02,2188,  1.5708259E+00,  0.0000000E+00,  2.8492972E-01,  1.0004899E+03,  2.9173033E+04,3,
  8.7968451E+02,  0.0000000E+00,  2.5508975E+02,2130,  1.5408472E+00,  0.0000000E+00,  2.6949671E-01,  1.0001603E+03,  9.5380352E+03,3,
  8.7980255E+02,  0.0000000E+00,  2.5510114E+02,2184,  1.5220541E+00,  0.0000000E+00,  3.7770373E-01,  1.0001063E+03,  6.3237783E+03,3,
  8.8297699E+02,  0.0000000E+00,  2.5507767E+02,2276,  1.5961456E+00,  0.0000000E+00,  1.5832271E-02,  9.9988416E+02, -6.8854961E+03,3,
  8.8318781E+02,  0.0000000E+00,  2.5510571E+02,2147,  1.6012237E+00,  0.0000000E+00,  1.0151388E-01,  9.9976715E+02, -1.3835062E+04,3,
  8.8339423E+02,  0.0000000E+00,  2.5509752E+02,2171,  1.5568252E+00,  0.0000000E+00, -7.4185364E-02,  9.9958881E+02, -2.4418602E+04,3,
  8.8514569E+02,  0.0000000E+00,  2.5515488E+02,2094,  1.5741162E+00,  0.0000000E+00,  1.2774026E-02,  1.0003568E+03,  2.1238002E+04,3,
  8.8542218E+02,  0.0000000E+00,  2.5510408E+02,2197,  1.5636671E+00,  0.0000000E+00, -4.0183468E-03,  1.0001135E+03,  6.7486543E+03,3,
  8.8558734E+02,  0.0000000E+00,  2.5515689E+02,2316,  1.5806646E+00,  0.0000000E+00, -2.5408305E-02,  1.0001126E+03,  6.6978135E+03,3,
  8.8566089E+02,  0.0000000E+00,  2.5508293E+02,2352,  1.5701549E+00,  0.0000000E+00,  6.1174881E-02,  1.0000479E+03,  2.8491941E+03,3,
  8.9078125E+02,  0.0000000E+00,  2.5503860E+02,2163,  1.7060540E+00,  0.0000000E+00, -2.9665148E-01,  9.9997797E+02, -1.3099915E+03,3,
  8.9082129E+02,  0.0000000E+00,  2.5507521E+02,2174,  1.7095835E+00,  0.0000000E+00, -5.3393405E-02,  9.9997577E+02, -1.4406182E+03,3,
  8.9101904E+02,  0.0000000E+00,  2.5508525E+02,2177,  1.7020925E+00,  0.0000000E+00, -1.0838248E-01,  9.9989661E+02, -6.1456616E+03,3,
  8.9142682E+02,  0.0000000E+00,  2.5507933E+02,2234,  1.7635434E+00,  0.0000000E+00, -8.4671758E-02,  9.9933789E+02, -3.9289551E+04,3,
  8.9229041E+02,  0.0000000E+00,  2.5519060E+02,2249,  1.5356607E+00,  0.0000000E+00, -9.8568864E-02,  1.0004680E+03,  2.7866465E+04,3,
  8.9439575E+02,  0.0000000E+00,  2.5512117E+02,2255,  1.8433408E+00,  0.0000000E+00, -9.4172247E-02,  9.9993921E+02, -3.6138496E+03,3,
  8.9497668E+02,  0.0000000E+00,  2.5511365E+02,2261,  1.7979403E+00,  0.0000000E+00,  1.5275544E-01,  9.9984094E+02, -9.4527275E+03,3,
  8.9655023E+02,  0.0000000E+00,  2.5510007E+02,2256,  1.7127554E+00,  0.0000000E+00,  1.3683215E-01,  1.0000022E+03,  1.3064575E+02,3,
  8.9657184E+02,  0.0000000E+00,  2.5507076E+02,2258,  1.7094271E+00,  0.0000000E+00,  2.1005535E-01,  9.9998535E+02, -8.7092767E+02,3,
  8.9663409E+02,  0.0000000E+00,  2.5508830E+02,2161,  1.7104377E+00,  0.0000000E+00,  4.6155918E-02,  9.9996106E+02, -2.3150474E+03,3,
  8.9669507E+02,  0.0000000E+00,  2.5508655E+02,2186,  1.6951904E+00,  0.0000000E+00,  1.5551631E-01,  9.9997565E+02, -1.4478751E+03,3,
  9.0114813E+02,  0.0000000E+00,  2.5502458E+02,2125,  2.0392959E+00,  0.0000000E+00, -4.1540153E-02,  9.9998962E+02, -6.1691504E+02,3,
  9.0151685E+02,  0.0000000E+00,  2.5508707E+02,2298,  1.9747804E+00,  0.0000000E+00, -3.5459882E-01,  9.9996088E+02, -2.3259319E+03,3,
  9.0181055E+02,  0.0000000E+00,  2.5506653E+02,2212,  1.9712391E+00,  0.0000000E+00,  1.6854433E-03,  9.9962787E+02, -2.2101479E+04,3,
  9.0184650E+02,  0.0000000E+00,  2.5506816E+02,2162,  1.9553097E+00,  0.0000000E+00, -1.3243482E-01,  9.9968097E+02, -1.8950768E+04,3,
  9.0286493E+02,  0.0000000E+00,  2.5512106E+02,2111,  2.0203099E+00,  0.0000000E+00, -2.0332406E-01,  1.0002093E+03,  1.2451742E+04,3,
  9.0389868E+02,  0.0000000E+00,  2.5507671E+02,2244,  1.8909082E+00,  0.0000000E+00,  7.4906737E-02,  9.9987952E+02, -7.1611064E+03,3,
  9.0665594E+02,  0.0000000E+00,  2.5504594E+02,2265,  2.0595043E+00,  0.0000000E+00,  3.9681397E-02,  1.0000984E+03,  5.8517153E+03,3,
  9.0674762E+02,  0.0000000E+00,  2.5508061E+02,2286,  2.0601666E+00,  0.0000000E+00, -1.5274845E-02,  1.0000998E+03,  5.9352324E+03,3,
  9.0715576E+02,  0.0000000E+00,  2.5506590E+02,2157,  2.0408077E+00,  0.0000000E+00, -3.3215199E-02,  9.9971875E+02, -1.6708443E+04,3,
  9.0739539E+02,  0.0000000E+00,  2.5507236E+02,2113,  2.0124609E+00,  0.0000000E+00, -9.2879578E-02,  9.9852136E+02, -8.7527727E+04,3,
  9.0865137E+02,  0.0000000E+00,  2.5545653E+02,2124,  1.9585098E+00,  0.0000000E+00,  4.6044681E-02,  1.0011795E+03,  7.0379555E+04,3,
  9.0999933E+02,  0.0000000E+00,  2.5507916E+02,2187,  2.0500596E+00,  0.0000000E+00,  7.1781516E-02,  9.9940283E+02, -3.5442832E+04,3,
  9.1042548E+02,  0.0000000E+00,  2.5504683E+02,2280,  2.0041668E+00,  0.0000000E+00,  1.4141350E-02,  9.9971582E+02, -1.6882342E+04,3,
  9.1171600E+02,  0.0000000E+00,  2.5507626E+02,2288,  2.0107744E+00,  0.0000000E+00, -4.9115662E-02,  1.0000164E+03,  9.7625580E+02,3,
  9.1235651E+02,  0.0000000E+00,  2.5507845E+02,2165,  2.0464065E+00,  0.0000000E+00,  5.0859604E-02,  9.9984888E+02, -8.9813926E+03,3,
  9.1295258E+02,  0.0000000E+00,  2.5507414E+02,2132,  2.0350978E+00,  0.0000000E+00, -4.1258026E-02,  9.9985474E+02, -8.6333164E+03,3,
  9.1372168E+02,  0.0000000E+00,  2.5506036E+02,2116,  1.9356939E+00,  0.0000000E+00, -3.0666288E-02,  9.9984277E+02, -9.3439600E+03,3,
  9.1510724E+02,  0.0000000E+00,  2.5503587E+02,2190,  2.1099098E+00,  0.0000000E+00, -6.9678210E-02,  9.9953931E+02, -2.7354051E+04,3,
  9.1652936E+02,  0.0000000E+00,  2.5504137E+02,2151,  1.9910113E+00,  0.0000000E+00,  1.4581296E-01,  9.9990375E+02, -5.7213198E+03,3,
  9.1679553E+02,  0.0000000E+00,  2.5503989E+02,2114,  2.0122705E+00,  0.0000000E+00, -8.5592683E-04,  9.9991565E+02, -5.0140435E+03,3,
  9.1751532E+02,  0.0000000E+00,  2.5507529E+02,2123,  2.0458910E+00,  0.0000000E+00,  1.2927169E-01,  9.9911786E+02, -5.2311695E+04,3,
  9.1851819E+02,  0.0000000E+00,  2.5524191E+02,2122,  2.0286512E+00,  0.0000000E+00, -2.8254890E-03,  1.0014144E+03,  8.4453062E+04,3,
  9.1957843E+02,  0.0000000E+00,  2.5503844E+02,2133,  2.0527153E+00,  0.0000000E+00, -3.7012771E-02,  9.9796045E+02, -1.2052802E+05,3,
  9.1984027E+02,  0.0000000E+00,  2.5508865E+02,2121,  2.0108447E+00,  0.0000000E+00,  1.2079392E-01,  9.9998798E+02, -7.1489209E+02,3,
  9.2074609E+02,  0.0000000E+00,  2.5509865E+02,2135,  1.9655998E+00,  0.0000000E+00,  4.8735149E-02,  1.0004590E+03,  2.7331512E+04,3,
  9.2218097E+02,  0.0000000E+00,  2.5509433E+02,2105,  2.1753309E+00,  0.0000000E+00,  1.3853277E-01,  9.9965674E+02, -2.0388631E+04,3,
  9.2292255E+02,  0.0000000E+00,  2.5507579E+02,2250,  2.0633576E+00,  0.0000000E+00,  1.2501958E-01,  9.9969452E+02, -1.8146633E+04,3,
  9.2338129E+02,  0.0000000E+00,  2.5506627E+02,2229,  1.9484254E+00,  0.0000000E+00,  1.3535717E-01,  9.9978766E+02, -1.2617338E+04,3,
  9.2352051E+02,  0.0000000E+00,  2.5505630E+02,2181,  1.9228544E+00,  0.0000000E+00,  1.1483274E-01,  9.9981879E+02, -1.0768719E+04,3,
  9.2673352E+02,  0.0000000E+00,  2.5505518E+02,2120,  2.2231636E+00,  0.0000000E+00, -2.1735388E-01,  9.9920624E+02, -4.7083230E+04,3,
  9.2682336E+02,  0.0000000E+00,  2.5500447E+02,2119,  2.1885662E+00,  0.0000000E+00, -3.0339098E-01,  9.9892163E+02, -6.3910559E+04,3,
  9.2689191E+02,  0.0000000E+00,  2.5504044E+02,2226,  2.0415337E+00,  0.0000000E+00, -2.5958967E-01,  9.9920325E+02, -4.7260207E+04,3,
  9.2753888E+02,  0.0000000E+00,  2.5509521E+02,2220,  1.9336635E+00,  0.0000000E+00, -9.2767552E-02,  1.0012725E+03,  7.5947336E+04,3,
  9.3007996E+02,  0.0000000E+00,  2.5512610E+02,2127,  2.2547703E+00,  0.0000000E+00,  2.1470244E-01,  9.9986041E+02, -8.2961055E+03,3,
  9.3020593E+02,  0.0000000E+00,  2.5512181E+02,2223,  2.1932950E+00,  0.0000000E+00,  2.7442124E-01,  9.9956360E+02, -2.5913582E+04,3,
  9.3050018E+02,  0.0000000E+00,  2.5507471E+02,2149,  1.9129047E+00,  0.0000000E+00,  3.7229955E-02,  9.9899219E+02, -5.9741590E+04,3,
  9.3213147E+02,  0.0000000E+00,  2.5501707E+02,2159,  2.0247626E+00,  0.0000000E+00, -8.9826267E-03,  9.9944598E+02, -3.2885961E+04,3,
  9.3310718E+02,  0.0000000E+00,  2.5515047E+02,2118,  2.1903510E+00,  0.0000000E+00, -5.4880333E-01,  1.0004105E+03,  2.4438902E+04,3,
  9.3437506E+02,  0.0000000E+00,  2.5445845E+02,2107,  1.9611727E+00,  0.0000000E+00, -6.7053771E-01,  9.9960217E+02, -2.3625771E+04,3,
  9.3459070E+02,  0.0000000E+00,  2.5431851E+02,2101,  1.8762696E+00,  0.0000000E+00, -9.2630762E-01,  9.9969501E+02, -1.8117654E+04,3,
  9.3466266E+02,  0.0000000E+00,  2.5430365E+02,2207,  1.8432897E+00,  0.0000000E+00, -1.0127075E+00,  9.9970300E+02, -1.7643109E+04,3,
  9.3471069E+02,  0.0000000E+00,  2.5430513E+02,2242,  1.9005952E+00,  0.0000000E+00, -8.4659529E-01,  9.9975897E+02, -1.4320661E+04,3,
  9.5224530E+02,  0.0000000E+00,  2.5265794E+02,2205,  5.5044036E+00,  0.0000000E+00,  3.7194095E+00,  1.0016251E+03,  9.7098781E+04,3,
  9.5272882E+02,  0.0000000E+00,  2.5209946E+02,2090,  5.6965985E+00,  0.0000000E+00,  1.1079247E+00,  1.0080688E+03,  4.9152400E+05,3,
  9.5305811E+02,  0.0000000E+00,  2.5405002E+02,2213,  6.5958920E+00,  0.0000000E+00,  2.0873921E+00,  9.9986060E+02, -8.2852275E+03,3,
  9.5341016E+02,  0.0000000E+00,  2.5377170E+02,2076,  5.7145729E+00,  0.0000000E+00,  1.4521557E+00,  1.0004531E+03,  2.6974895E+04,3,
  9.5383392E+02,  0.0000000E+00,  2.5403259E+02,2167,  6.8417501E+00,  0.0000000E+00,  1.0594652E+00,  9.9997839E+02, -1.2845916E+03,3,
  9.5463989E+02,  0.0000000E+00,  2.5155949E+02,2131,  5.0596652E+00,  0.0000000E+00,  9.9388927E-01,  9.9463605E+02, -3.1384306E+05,3,
  9.5458093E+02,  0.0000000E+00,  2.5192796E+02,2093,  5.1174965E+00,  0.0000000E+00, -1.0452908E-01,  9.9356726E+02, -3.7517494E+05,3,
 -3.9653876E+02,  0.0000000E+00,  2.6406119E+02,3811,  8.0482749E-04,  0.0000000E+00, -6.4579793E-04,  1.0006727E+03,  4.0076285E+04,3,
 -3.9388324E+02,  0.0000000E+00,  2.6401059E+02,3816,  6.2863831E-03,  0.0000000E+00, -8.4331160E-04,  1.0002528E+03,  1.5042826E+04,3,
 -3.9100656E+02,  0.0000000E+00,  2.6357684E+02,3802,  8.1260838E-03,  0.0000000E+00, -1.1451753E-03,  1.0003353E+03,  1.9957932E+04,3,
 -3.8672403E+02,  0.0000000E+00,  2.6368817E+02,3793, -1.3169603E-03,  0.0000000E+00, -3.1994918E-04,  1.0002922E+03,  1.7391012E+04,3,
 -3.8834860E+02,  0.0000000E+00,  2.6437070E+02,3803,  1.3474696E-02,  0.0000000E+00,  7.1993498E-03,  1.0007476E+03,  4.4551750E+04,3,
 -3.8388229E+02,  0.0000000E+00,  2.6393588E+02,3794,  3.2996589E-03,  0.0000000E+00, -1.2691251E-03,  1.0004000E+03,  2.3809555E+04,3,
 -3.8136896E+02,  0.0000000E+00,  2.6364209E+02,3784,  5.2612540E-03,  0.0000000E+00, -1.2465031E-04,  1.0004580E+03,  2.7269648E+04,3,
 -3.7836765E+02,  0.0000000E+00,  2.6357843E+02,3775,  6.2666726E-03,  0.0000000E+00, -4.9244252E-05,  1.0003568E+03,  2.1234365E+04,3,
 -3.7527872E+02,  0.0000000E+00,  2.6352420E+02,3766,  7.2117522E-03,  0.0000000E+00, -7.4703625E-04,  1.0003887E+03,  2.3136594E+04,3,
 -3.7243854E+02,  0.0000000E+00,  2.6400211E+02,3776,  1.0012825E-02,  0.0000000E+00, -6.0877454E-04,  1.0002446E+03,  1.4555811E+04,3,
 -3.7095306E+02,  0.0000000E+00,  2.6435593E+02,3777,  1.1493183E-02,  0.0000000E+00,  3.0232421E-03,  1.0006620E+03,  3.9438660E+04,3,
 -3.6894861E+02,  0.0000000E+00,  2.6362079E+02,3757,  7.2176591E-03,  0.0000000E+00,  2.2372580E-04,  1.0002494E+03,  1.4839294E+04,3,
 -3.6607986E+02,  0.0000000E+00,  2.6386896E+02,3767,  1.0343166E-02,  0.0000000E+00, -1.9145088E-03,  1.0003664E+03,  2.1808996E+04,3,
 -3.6361346E+02,  0.0000000E+00,  2.6363907E+02,3748,  2.1517830E-02,  0.0000000E+00, -2.3910415E-03,  1.0003932E+03,  2.3409410E+04,3,
 -3.6051895E+02,  0.0000000E+00,  2.6358145E+02,3739,  2.5363358E-02,  0.0000000E+00,  1.0803831E-03,  1.0004346E+03,  2.5872367E+04,3,
 -3.5766312E+02,  0.0000000E+00,  2.6388910E+02,3750,  2.5314001E-02,  0.0000000E+00, -2.0696544E-03,  1.0002639E+03,  1.5704333E+04,3,
 -3.5552997E+02,  0.0000000E+00,  2.6404800E+02,3740,  3.1144081E-02,  0.0000000E+00,  4.3452806E-03,  1.0004758E+03,  2.8328656E+04,3,
 -3.5302780E+02,  0.0000000E+00,  2.6355502E+02,3730,  2.0797716E-02,  0.0000000E+00, -3.8399667E-04,  1.0002914E+03,  1.7340117E+04,3,
 -3.4999457E+02,  0.0000000E+00,  2.6392719E+02,3760,  3.3425286E-02,  0.0000000E+00, -2.1725874E-03,  1.0003881E+03,  2.3100219E+04,3,
 -3.4820456E+02,  0.0000000E+00,  2.6414749E+02,3741,  2.9592352E-02,  0.0000000E+00, -9.2425867E-04,  1.0005254E+03,  3.1287928E+04,3,
 -3.4598926E+02,  0.0000000E+00,  2.6364935E+02,3721,  3.6168788E-02,  0.0000000E+00,  7.0317317E-04,  1.0003973E+03,  2.3649494E+04,3,
 -3.4335153E+02,  0.0000000E+00,  2.6386145E+02,3731,  3.0889843E-02,  0.0000000E+00,  2.7072732E-04,  1.0003879E+03,  2.3092945E+04,3,
 -3.4056873E+02,  0.0000000E+00,  2.6354712E+02,3712,  2.4604699E-02,  0.0000000E+00,  1.7692413E-03,  1.0004257E+03,  2.5341162E+04,3,
 -3.3720560E+02,  0.0000000E+00,  2.6357852E+02,3703,  2.0182362E-02,  0.0000000E+00, -8.9949952E-04,  1.0002938E+03,  1.7481896E+04,3,
 -3.3426523E+02,  0.0000000E+00,  2.6358926E+02,3694,  2.2246443E-02,  0.0000000E+00,  1.6478711E-03,  1.0003555E+03,  2.1157994E+04,3,
 -3.3071298E+02,  0.0000000E+00,  2.6347650E+02,3685,  8.8276407E-03,  0.0000000E+00,  5.9099979E-04,  1.0003060E+03,  1.8209010E+04,3,
 -3.2744623E+02,  0.0000000E+00,  2.6378598E+02,3713,  7.1040881E-03,  0.0000000E+00,  3.0313304E-04,  1.0001682E+03,  1.0006642E+04,3,
 -3.2464020E+02,  0.0000000E+00,  2.6379700E+02,3704,  4.1010673E-03,  0.0000000E+00,  5.9888250E-04,  1.0001709E+03,  1.0166480E+04,3,
 -3.2158951E+02,  0.0000000E+00,  2.6357117E+02,3676,  7.9637505E-03,  0.0000000E+00, -8.0532499E-04,  1.0003638E+03,  2.1656244E+04,3,
 -3.1846542E+02,  0.0000000E+00,  2.6357895E+02,3667,  5.5809510E-03,  0.0000000E+00,  9.3740545E-04,  1.0002332E+03,  1.3872575E+04,3,
 -3.1518030E+02,  0.0000000E+00,  2.6354788E+02,3658, -4.0926058E-03,  0.0000000E+00,  7.1087998E-04,  1.0002676E+03,  1.5926057E+04,3,
 -3.1226727E+02,  0.0000000E+00,  2.6393121E+02,3677, -3.5329429E-03,  0.0000000E+00, -1.6374226E-03,  1.0003006E+03,  1.7889074E+04,3,
 -3.0976645E+02,  0.0000000E+00,  2.6370898E+02,3649,  4.9404129E-03,  0.0000000E+00, -3.8284960E-03,  1.0003929E+03,  2.3387584E+04,3,
 -3.0697412E+02,  0.0000000E+00,  2.6358691E+02,3640,  2.7934875E-02,  0.0000000E+00, -2.4414614E-03,  1.0002938E+03,  1.7485533E+04,3,
 -3.0371506E+02,  0.0000000E+00,  2.6356802E+02,3631,  3.2522518E-02,  0.0000000E+00, -4.7288401E-04,  1.0003657E+03,  2.1768990E+04,3,
 -3.0065411E+02,  0.0000000E+00,  2.6354678E+02,3622,  3.1789780E-02,  0.0000000E+00,  2.5578784E-03,  1.0003264E+03,  1.9423404E+04,3,
 -2.9745734E+02,  0.0000000E+00,  2.6364679E+02,3613,  2.4532771E-02,  0.0000000E+00, -2.1642796E-03,  1.0002567E+03,  1.5275438E+04,3,
 -2.9576025E+02,  0.0000000E+00,  2.6422455E+02,3660,  1.6764596E-02,  0.0000000E+00,  1.2419881E-02,  1.0005941E+03,  3.5387953E+04,3,
 -2.9294632E+02,  0.0000000E+00,  2.6347409E+02,3604,  3.8409780E-03,  0.0000000E+00,  7.5294159E-04,  1.0002134E+03,  1.2698829E+04,3,
 -2.8969806E+02,  0.0000000E+00,  2.6385269E+02,3642,  8.3746007E-03,  0.0000000E+00, -5.5096783E-03,  1.0002955E+03,  1.7587326E+04,3,
 -2.8777032E+02,  0.0000000E+00,  2.6406241E+02,3632,  2.2610422E-02,  0.0000000E+00,  3.2465725E-04,  1.0004283E+03,  2.5501248E+04,3,
 -2.8517874E+02,  0.0000000E+00,  2.6360318E+02,3595,  1.1452434E-02,  0.0000000E+00,  8.6621649E-04,  1.0002916E+03,  1.7351023E+04,3,
 -2.8218524E+02,  0.0000000E+00,  2.6358612E+02,3586,  1.1888496E-02,  0.0000000E+00,  5.0737261E-04,  1.0003397E+03,  2.0216113E+04,3,
 -2.7880869E+02,  0.0000000E+00,  2.6350128E+02,3577,  4.3189488E-03,  0.0000000E+00,  5.4427533E-04,  1.0002679E+03,  1.5944231E+04,3,
 -2.7541238E+02,  0.0000000E+00,  2.6352887E+02,3568,  4.2493274E-03,  0.0000000E+00, -1.1905304E-05,  1.0002327E+03,  1.3843503E+04,3,
 -2.7251413E+02,  0.0000000E+00,  2.6386539E+02,3624,  6.1489018E-03,  0.0000000E+00, -1.1412363E-03,  1.0002944E+03,  1.7518252E+04,3,
 -2.7034686E+02,  0.0000000E+00,  2.6421078E+02,3634,  1.3105884E-02,  0.0000000E+00, -4.5383167E-03,  1.0004852E+03,  2.8889141E+04,3,
 -2.6863416E+02,  0.0000000E+00,  2.6386050E+02,3596,  1.5750246E-02,  0.0000000E+00,  1.0816569E-03,  1.0002218E+03,  1.3196655E+04,3,
 -2.6553287E+02,  0.0000000E+00,  2.6357886E+02,3559,  2.0404346E-02,  0.0000000E+00, -2.7329051E-03,  1.0004593E+03,  2.7346068E+04,3,
 -2.6287546E+02,  0.0000000E+00,  2.6376007E+02,3550,  3.5642829E-02,  0.0000000E+00, -6.6298670E-03,  1.0002585E+03,  1.5384479E+04,3,
 -2.6119107E+02,  0.0000000E+00,  2.6437054E+02,3587,  1.9030362E-02,  0.0000000E+00,  3.4937851E-02,  1.0008344E+03,  4.9736766E+04,3,
 -2.5917078E+02,  0.0000000E+00,  2.6384717E+02,3606, -1.5584360E-02,  0.0000000E+00,  3.7763645E-03,  1.0002273E+03,  1.3523708E+04,3,
 -2.5632159E+02,  0.0000000E+00,  2.6352759E+02,3541, -9.8431185E-03,  0.0000000E+00, -2.5117456E-03,  1.0003500E+03,  2.0830689E+04,3,
 -2.5310942E+02,  0.0000000E+00,  2.6358923E+02,3532, -3.9386819E-03,  0.0000000E+00, -3.2578509E-03,  1.0002373E+03,  1.4119697E+04,3,
 -2.5115285E+02,  0.0000000E+00,  2.6429605E+02,3569,  1.0314650E-02,  0.0000000E+00,  4.1589290E-03,  1.0007002E+03,  4.1719727E+04,3,
 -2.4877708E+02,  0.0000000E+00,  2.6355408E+02,3523, -1.3323145E-02,  0.0000000E+00,  3.8853507E-03,  1.0003287E+03,  1.9565215E+04,3,
 -2.4573721E+02,  0.0000000E+00,  2.6375830E+02,3578, -1.3900538E-02,  0.0000000E+00,  1.3807993E-03,  1.0000782E+03,  4.6535020E+03,3,
 -2.4288829E+02,  0.0000000E+00,  2.6375882E+02,3560, -1.5745509E-02,  0.0000000E+00, -5.9749843E-03,  1.0003346E+03,  1.9914295E+04,3,
 -2.4028873E+02,  0.0000000E+00,  2.6403873E+02,3551,  1.1285655E-02,  0.0000000E+00, -2.9160858E-03,  1.0003953E+03,  2.3533090E+04,3,
 -2.3821370E+02,  0.0000000E+00,  2.6365149E+02,3514, -4.9134986E-03,  0.0000000E+00,  3.8779224E-03,  1.0003366E+03,  2.0034295E+04,3,
 -2.3484987E+02,  0.0000000E+00,  2.6348401E+02,3505, -6.9364989E-03,  0.0000000E+00, -1.1287823E-03,  1.0001320E+03,  7.8526904E+03,3,
 -2.3119899E+02,  0.0000000E+00,  2.6352377E+02,3496,  3.2565678E-03,  0.0000000E+00, -2.3354869E-03,  1.0001263E+03,  7.5112979E+03,3,
 -2.2870872E+02,  0.0000000E+00,  2.6434573E+02,3570, -5.6599947E-03,  0.0000000E+00,  4.4333437E-03,  1.0005320E+03,  3.1681107E+04,3,
 -2.2679158E+02,  0.0000000E+00,  2.6355606E+02,3487, -7.3905508E-03,  0.0000000E+00,  7.3017634E-04,  1.0001420E+03,  8.4447080E+03,3,
 -2.2317680E+02,  0.0000000E+00,  2.6351434E+02,3478, -2.5546644E-03,  0.0000000E+00, -7.1460824E-04,  1.0002454E+03,  1.4603058E+04,3,
 -2.2050339E+02,  0.0000000E+00,  2.6414529E+02,3533,  2.3934914E-02,  0.0000000E+00, -9.9755442E-03,  1.0003318E+03,  1.9747025E+04,3,
 -2.1914105E+02,  0.0000000E+00,  2.6411404E+02,3543,  2.3148479E-02,  0.0000000E+00,  6.6238586E-03,  1.0003015E+03,  1.7939971E+04,3,
 -2.1649814E+02,  0.0000000E+00,  2.6355106E+02,3469,  4.2301030E-03,  0.0000000E+00,  2.1952214E-03,  1.0002386E+03,  1.4199650E+04,3,
 -2.1300072E+02,  0.0000000E+00,  2.6346851E+02,3460,  1.1422574E-02,  0.0000000E+00, -2.1894525E-03,  1.0001519E+03,  9.0367607E+03,3,
 -2.0962267E+02,  0.0000000E+00,  2.6358151E+02,3451,  2.9443081E-02,  0.0000000E+00, -4.6057799E-03,  1.0002759E+03,  1.6420410E+04,3,
 -2.0667110E+02,  0.0000000E+00,  2.6365359E+02,3442,  3.8250897E-02,  0.0000000E+00,  1.2606615E-03,  1.0003409E+03,  2.0288844E+04,3,
 -2.0405064E+02,  0.0000000E+00,  2.6381845E+02,3506,  3.0205062E-02,  0.0000000E+00,  2.3876952E-03,  1.0002478E+03,  1.4744799E+04,3,
 -2.0085364E+02,  0.0000000E+00,  2.6351709E+02,3433,  2.5178038E-02,  0.0000000E+00, -7.8574673E-04,  1.0002928E+03,  1.7423730E+04,3,
 -1.9751254E+02,  0.0000000E+00,  2.6357230E+02,3424,  3.7508938E-02,  0.0000000E+00, -2.1833752E-03,  1.0002723E+03,  1.6205945E+04,3,
 -1.9506985E+02,  0.0000000E+00,  2.6408887E+02,3497,  2.7180707E-02,  0.0000000E+00,  1.6648976E-04,  1.0004767E+03,  2.8386887E+04,3,
 -1.9308076E+02,  0.0000000E+00,  2.6387564E+02,3498,  8.1905693E-02,  0.0000000E+00, -1.6319856E-02,  1.0002922E+03,  1.7387377E+04,3,
 -1.9013428E+02,  0.0000000E+00,  2.6361526E+02,3415,  1.2175188E-01,  0.0000000E+00,  6.6212351E-03,  1.0005210E+03,  3.1025816E+04,3,
 -1.8695253E+02,  0.0000000E+00,  2.6351190E+02,3406,  7.7266566E-02,  0.0000000E+00,  2.4501386E-03,  1.0001961E+03,  1.1666919E+04,3,
 -1.8398674E+02,  0.0000000E+00,  2.6387549E+02,3508,  6.6077493E-02,  0.0000000E+00,  2.5659807E-03,  1.0002085E+03,  1.2404506E+04,3,
 -1.8080998E+02,  0.0000000E+00,  2.6355817E+02,3397,  3.6197744E-02,  0.0000000E+00,  2.7753012E-03,  1.0002411E+03,  1.4345021E+04,3,
 -1.7837390E+02,  0.0000000E+00,  2.6428052E+02,3461,  4.0800903E-02,  0.0000000E+00, -1.7014178E-03,  1.0003901E+03,  2.3223895E+04,3,
 -1.7623161E+02,  0.0000000E+00,  2.6371426E+02,3388,  3.5200063E-02,  0.0000000E+00,  1.4108601E-03,  1.0002550E+03,  1.5173670E+04,3,
 -1.7309839E+02,  0.0000000E+00,  2.6351404E+02,3379,  2.3452176E-02,  0.0000000E+00, -1.6700150E-04,  1.0001088E+03,  6.4726641E+03,3,
 -1.6950937E+02,  0.0000000E+00,  2.6353006E+02,3370,  3.8293347E-02,  0.0000000E+00, -3.1659824E-03,  1.0002845E+03,  1.6929328E+04,3,
 -1.6627956E+02,  0.0000000E+00,  2.6374707E+02,3489,  4.7529425E-02,  0.0000000E+00,  5.9206510E-04,  1.0002580E+03,  1.5351767E+04,3,
 -1.6349776E+02,  0.0000000E+00,  2.6382062E+02,3480,  4.4368360E-02,  0.0000000E+00,  6.4640382E-04,  1.0003117E+03,  1.8550770E+04,3,
 -1.6052853E+02,  0.0000000E+00,  2.6355008E+02,3361,  3.4923803E-02,  0.0000000E+00,  2.2085665E-03,  1.0002567E+03,  1.5275438E+04,3,
 -1.5705164E+02,  0.0000000E+00,  2.6363412E+02,3352,  3.0525740E-02,  0.0000000E+00, -4.3999800E-04,  1.0002561E+03,  1.5239093E+04,3,
 -1.5411841E+02,  0.0000000E+00,  2.6396341E+02,3407,  3.8755532E-02,  0.0000000E+00, -3.0438689E-04,  1.0001519E+03,  9.0367607E+03,3,
 -1.5129976E+02,  0.0000000E+00,  2.6360550E+02,3343,  3.6790781E-02,  0.0000000E+00, -1.9921886E-03,  1.0002828E+03,  1.6831178E+04,3,
 -1.4831860E+02,  0.0000000E+00,  2.6358578E+02,3334,  4.0819753E-02,  0.0000000E+00,  1.2606644E-03,  1.0002847E+03,  1.6943869E+04,3,
 -1.4489659E+02,  0.0000000E+00,  2.6359998E+02,3325,  3.0248748E-02,  0.0000000E+00,  1.8802519E-03,  1.0002686E+03,  1.5980580E+04,3,
 -1.4208786E+02,  0.0000000E+00,  2.6388266E+02,3389,  2.1544695E-02,  0.0000000E+00,  3.1204538E-03,  1.0000724E+03,  4.3049585E+03,3,
 -1.3893697E+02,  0.0000000E+00,  2.6358023E+02,3316,  1.3030848E-02,  0.0000000E+00, -1.6955427E-03,  1.0005083E+03,  3.0268645E+04,3,
 -1.3611603E+02,  0.0000000E+00,  2.6395877E+02,3307,  2.5091080E-02,  0.0000000E+00, -3.5546715E-03,  1.0005028E+03,  2.9941041E+04,3,
 -1.3426852E+02,  0.0000000E+00,  2.6381149E+02,3298,  1.2867226E-02,  0.0000000E+00,  4.8677688E-03,  1.0004887E+03,  2.9100238E+04,3,
 -1.3085301E+02,  0.0000000E+00,  2.6342172E+02,3289,  3.6520411E-03,  0.0000000E+00,  2.6358181E-04,  1.0002014E+03,  1.1979388E+04,3,
 -1.2694028E+02,  0.0000000E+00,  2.6356619E+02,3280, -6.3488516E-04,  0.0000000E+00, -2.3935537E-03,  1.0002697E+03,  1.6049643E+04,3,
 -1.2424030E+02,  0.0000000E+00,  2.6413568E+02,3399,  8.0774715E-03,  0.0000000E+00,  1.0742732E-04,  1.0003658E+03,  2.1772627E+04,3,
 -1.2231696E+02,  0.0000000E+00,  2.6382751E+02,3371, -5.9836074E-03,  0.0000000E+00,  1.8004389E-03,  1.0002076E+03,  1.2353636E+04,3,
 -1.1887856E+02,  0.0000000E+00,  2.6350125E+02,3271, -2.9163833E-03,  0.0000000E+00,  3.1632895E-04,  1.0002197E+03,  1.3069471E+04,3,
 -1.1506156E+02,  0.0000000E+00,  2.6347729E+02,3262,  2.6206127E-03,  0.0000000E+00, -1.4457172E-04,  1.0001087E+03,  6.4654014E+03,3,
 -1.1139807E+02,  0.0000000E+00,  2.6380072E+02,3436,  1.7287642E-02,  0.0000000E+00, -3.7026438E-03,  1.0000564E+03,  3.3537864E+03,3,
 -1.0868336E+02,  0.0000000E+00,  2.6429578E+02,3391,  4.1645966E-02,  0.0000000E+00,  9.6759517E-03,  1.0002816E+03,  1.6758475E+04,3,
 -1.0661230E+02,  0.0000000E+00,  2.6372556E+02,3253,  7.6530869E-03,  0.0000000E+00,  2.9288086E-03,  1.0001934E+03,  1.1503422E+04,3,
 -1.0304750E+02,  0.0000000E+00,  2.6363235E+02,3244, -1.9775978E-03,  0.0000000E+00, -8.6298131E-04,  1.0003673E+03,  2.1863553E+04,3,
 -9.9152824E+01,  0.0000000E+00,  2.6386984E+02,3443, -3.1682518E-03,  0.0000000E+00,  1.0611054E-04,  9.9989252E+02, -6.3886523E+03,3,
 -9.4867668E+01,  0.0000000E+00,  2.6359860E+02,3235, -1.6230179E-02,  0.0000000E+00,  4.5243381E-03,  1.0001074E+03,  6.3891426E+03,3,
 -9.6680855E+01,  0.0000000E+00,  2.6496527E+02,3462,  6.2873229E-02,  0.0000000E+00,  4.2000664E-03,  1.0002775E+03,  1.6514922E+04,3,
 -9.1413597E+01,  0.0000000E+00,  2.6402005E+02,3335, -1.0883421E-02,  0.0000000E+00,  1.9217733E-03,  1.0000612E+03,  3.6369502E+03,3,
 -8.6886330E+01,  0.0000000E+00,  2.6350351E+02,3226, -2.8775246E-03,  0.0000000E+00,  6.0992334E-03,  1.0001340E+03,  7.9725439E+03,3,
 -8.1635727E+01,  0.0000000E+00,  2.6381528E+02,3208,  1.3379863E-01,  0.0000000E+00, -3.7499829E-03,  1.0003765E+03,  2.2412760E+04,3,
 -7.9050980E+01,  0.0000000E+00,  2.6389246E+02,3199,  1.0873811E-01,  0.0000000E+00,  1.6679522E-02,  1.0002597E+03,  1.5453537E+04,3,
 -7.4074577E+01,  0.0000000E+00,  2.6430734E+02,3290,  1.8368281E-01,  0.0000000E+00,  1.3230577E-02,  1.0002450E+03,  1.4577617E+04,3,
 -7.2229782E+01,  0.0000000E+00,  2.6454883E+02,3427,  1.6944002E-01,  0.0000000E+00,  5.6350534E-03,  1.0000670E+03,  3.9818401E+03,3,
 -7.6353867E+01,  0.0000000E+00,  2.6451825E+02,3472,  1.9831595E-01,  0.0000000E+00, -3.4969207E-02,  1.0002109E+03,  1.2549850E+04,3,
 -6.9611275E+01,  0.0000000E+00,  2.6406302E+02,3308,  1.8163252E-01,  0.0000000E+00, -2.5871010E-02,  1.0001919E+03,  1.1416225E+04,3,
 -6.5232811E+01,  0.0000000E+00,  2.6397681E+02,3190,  7.2733790E-02,  0.0000000E+00, -1.0927327E-04,  1.0001320E+03,  7.8526904E+03,3,
 -6.6575806E+01,  0.0000000E+00,  2.6497482E+02,3473,  1.3402598E-01,  0.0000000E+00,  2.7278453E-02,  1.0002921E+03,  1.7383742E+04,3,
 -6.2526413E+01,  0.0000000E+00,  2.6435397E+02,3181,  7.4608587E-02,  0.0000000E+00,  9.6395016E-03,  1.0004147E+03,  2.4689926E+04,3,
 -5.9048080E+01,  0.0000000E+00,  2.6448050E+02,3317,  6.9336474E-02,  0.0000000E+00, -4.7728689E-03,  1.0006249E+03,  3.7227320E+04,3,
 -5.6856091E+01,  0.0000000E+00,  2.6461456E+02,3336,  6.4323425E-02,  0.0000000E+00, -3.4359745E-03,  1.0000745E+03,  4.4320303E+03,3,
 -5.5341801E+01,  0.0000000E+00,  2.6480106E+02,3299,  5.7833720E-02,  0.0000000E+00,  1.5235518E-02,  1.0003003E+03,  1.7870896E+04,3,
 -4.9787529E+01,  0.0000000E+00,  2.6495963E+02,3456,  7.9590812E-02,  0.0000000E+00, -1.3349752E-02,  1.0003000E+03,  1.7852717E+04,3,
 -4.3054001E+01,  0.0000000E+00,  2.6491858E+02,3163,  5.0300762E-02,  0.0000000E+00, -2.9573202E-02,  1.0001099E+03,  6.5343979E+03,3,
 -3.5611099E+01,  0.0000000E+00,  2.6496973E+02,3466,  4.0418852E-02,  0.0000000E+00,  1.1873199E-02,  1.0001437E+03,  8.5500400E+03,3,
  8.4092117E+01,  0.0000000E+00,  2.6312253E+02,3413,  5.9312158E+00,  0.0000000E+00, -1.3763715E+00,  1.0045630E+03,  2.7505191E+05,3,
  8.4085861E+01,  0.0000000E+00,  2.6308615E+02,3393,  6.0659580E+00,  0.0000000E+00, -1.1693107E+00,  1.0044550E+03,  2.6845278E+05,3,
  8.4798271E+01,  0.0000000E+00,  2.6283926E+02,3327,  7.0965772E+00,  0.0000000E+00, -2.9193380E+00,  1.0012961E+03,  7.7366289E+04,3,
  8.5092072E+01,  0.0000000E+00,  2.6329843E+02,3254,  7.1713929E+00,  0.0000000E+00,  8.0377072E-01,  1.0043810E+03,  2.6393650E+05,3,
  8.6088821E+01,  0.0000000E+00,  2.6259958E+02,3375,  5.9557652E+00,  0.0000000E+00, -5.7380998E-01,  9.8716565E+02, -7.3434275E+05,3,
  8.6918907E+01,  0.0000000E+00,  2.6288165E+02,3200,  4.2340922E+00,  0.0000000E+00,  4.7944336E+00,  9.9844135E+02, -9.2242188E+04,3,
  8.8978989E+01,  0.0000000E+00,  2.6259491E+02,3366,  4.6130977E+00,  0.0000000E+00, -8.9544523E-01,  1.0006713E+03,  3.9996125E+04,3,
  8.9565170E+01,  0.0000000E+00,  2.6331088E+02,3364,  5.5091233E+00,  0.0000000E+00, -3.7829385E+00,  1.0036295E+03,  2.1816766E+05,3,
  8.9875565E+01,  0.0000000E+00,  2.6271649E+02,3355,  7.9199066E+00,  0.0000000E+00, -1.4051874E+00,  9.9996698E+02, -1.9631080E+03,3,
  9.0139587E+01,  0.0000000E+00,  2.6321399E+02,3064,  6.5187345E+00,  0.0000000E+00, -3.9307890E+00,  1.0004302E+03,  2.5610400E+04,3,
  9.0219307E+01,  0.0000000E+00,  2.6294342E+02,3073,  5.9159808E+00,  0.0000000E+00, -3.0566118E+00,  9.9822394E+02, -1.0504000E+05,3,
  1.3028693E+02,  0.0000000E+00,  2.6297528E+02,3414,  6.5015502E+00,  0.0000000E+00, -1.3600049E+00,  9.9976251E+02, -1.4110479E+04,3,
  1.3043477E+02,  0.0000000E+00,  2.6304193E+02,3404,  6.5254564E+00,  0.0000000E+00, -7.8188723E-01,  9.9968658E+02, -1.8617531E+04,3,
  1.3069711E+02,  0.0000000E+00,  2.6297394E+02,3403,  6.4956207E+00,  0.0000000E+00, -6.6478860E-01,  9.9929718E+02, -4.1700215E+04,3,
  1.3234930E+02,  0.0000000E+00,  2.6342929E+02,3274,  6.5770192E+00,  0.0000000E+00, -7.5461018E-01,  9.9950037E+02, -2.9662707E+04,3,
  1.3276503E+02,  0.0000000E+00,  2.6330579E+02,3330,  6.6096363E+00,  0.0000000E+00, -7.8799337E-01,  1.0000292E+03,  1.7384554E+03,3,
  1.3353503E+02,  0.0000000E+00,  2.6247302E+02,3328,  6.5551329E+00,  0.0000000E+00, -5.7648635E-01,  1.0028268E+03,  1.6951042E+05,3,
  1.3523605E+02,  0.0000000E+00,  2.6317499E+02,3182,  6.8335342E+00,  0.0000000E+00, -6.8664056E-01,  9.9833075E+02, -9.8754562E+04,3,
  1.3521466E+02,  0.0000000E+00,  2.6321756E+02,3155,  6.3522677E+00,  0.0000000E+00,  5.5406258E-02,  9.9847614E+02, -9.0192703E+04,3,
  1.3600674E+02,  0.0000000E+00,  2.6318271E+02,3373,  6.6054683E+00,  0.0000000E+00, -7.2238219E-01,  1.0000569E+03,  3.3828284E+03,3,
  1.3615190E+02,  0.0000000E+00,  2.6326648E+02,3405,  6.5689969E+00,  0.0000000E+00, -3.8352844E-01,  1.0001493E+03,  8.8805713E+03,3,
  2.0497072E+02,  0.0000000E+00,  2.5843793E+02,3387,  1.2477708E-01,  0.0000000E+00, -1.0463345E-01,  1.0005742E+03,  3.4200738E+04,3,
 -3.9730130E+02,  0.0000000E+00,  2.6572208E+02,3820,  1.2060388E-03,  0.0000000E+00, -1.3664443E-04,  9.9998590E+02, -8.3826929E+02,3,
 -3.9654871E+02,  0.0000000E+00,  2.6578131E+02,3815,  4.8928522E-04,  0.0000000E+00, -1.8459177E-03,  1.0000794E+03,  4.7224863E+03,3,
 -3.9711087E+02,  0.0000000E+00,  2.6699005E+02,3828, -2.0670502E-03,  0.0000000E+00, -1.3768880E-03,  1.0003746E+03,  2.2296367E+04,3,
 -3.9475113E+02,  0.0000000E+00,  2.6591995E+02,3821, -2.0216239E-04,  0.0000000E+00, -2.9851478E-03,  1.0002424E+03,  1.4424975E+04,3,
 -3.9370590E+02,  0.0000000E+00,  2.6598596E+02,3822, -1.1277935E-03,  0.0000000E+00, -2.7398530E-03,  1.0002574E+03,  1.5315420E+04,3,
 -3.9261053E+02,  0.0000000E+00,  2.6602814E+02,3823,  7.9525256E-05,  0.0000000E+00, -1.7653250E-03,  1.0002310E+03,  1.3741749E+04,3,
 -3.9163385E+02,  0.0000000E+00,  2.6603159E+02,3824,  5.0675916E-03,  0.0000000E+00, -4.8064993E-04,  1.0001916E+03,  1.1398059E+04,3,
 -3.9051807E+02,  0.0000000E+00,  2.6593793E+02,3825,  2.0602813E-03,  0.0000000E+00, -7.3747337E-04,  1.0001447E+03,  8.6045225E+03,3,
 -3.8969205E+02,  0.0000000E+00,  2.6595724E+02,3827, -1.1385846E-02,  0.0000000E+00, -1.5529210E-03,  1.0001313E+03,  7.8127397E+03,3,
 -3.8819922E+02,  0.0000000E+00,  2.6640012E+02,3826,  7.1894033E-03,  0.0000000E+00, -8.9612696E-03,  1.0001950E+03,  1.1601520E+04,3,
 -3.8655005E+02,  0.0000000E+00,  2.6651340E+02,3818,  1.2616251E-02,  0.0000000E+00, -5.5381893E-03,  1.0002363E+03,  1.4057917E+04,3,
 -3.8535785E+02,  0.0000000E+00,  2.6564236E+02,3812,  1.7608596E-02,  0.0000000E+00,  9.7627932E-04,  1.0001381E+03,  8.2158867E+03,3,
 -3.8446402E+02,  0.0000000E+00,  2.6577753E+02,3813,  7.0299436E-03,  0.0000000E+00, -1.9645323E-04,  1.0002023E+03,  1.2033889E+04,3,
 -3.7793713E+02,  0.0000000E+00,  2.6571329E+02,3788,  1.0390482E-02,  0.0000000E+00, -1.1905911E-03,  1.0002242E+03,  1.3342011E+04,3,
 -3.8240332E+02,  0.0000000E+00,  2.6556448E+02,3805,  1.3502135E-02,  0.0000000E+00, -2.9947262E-03,  1.0001478E+03,  8.7897646E+03,3,
 -3.8004053E+02,  0.0000000E+00,  2.6566479E+02,3785,  1.2094939E-02,  0.0000000E+00,  3.6145357E-04,  1.0001740E+03,  1.0348120E+04,3,
 -3.8336081E+02,  0.0000000E+00,  2.6674271E+02,3814,  1.2088379E-02,  0.0000000E+00, -1.8612068E-03,  1.0002929E+03,  1.7431002E+04,3,
 -3.8084930E+02,  0.0000000E+00,  2.6668610E+02,3806,  1.4065579E-02,  0.0000000E+00, -5.4992840E-04,  1.0002822E+03,  1.6794826E+04,3,
 -3.7901785E+02,  0.0000000E+00,  2.6574884E+02,3804,  1.1408552E-02,  0.0000000E+00,  2.9209806E-04,  1.0001946E+03,  1.1576087E+04,3,
 -3.7667645E+02,  0.0000000E+00,  2.6683621E+02,3819,  1.3271480E-02,  0.0000000E+00, -1.4145555E-03,  1.0002917E+03,  1.7358293E+04,3,
 -3.7602490E+02,  0.0000000E+00,  2.6579422E+02,3795,  1.3366493E-02,  0.0000000E+00, -1.1621052E-03,  1.0002344E+03,  1.3945258E+04,3,
 -3.7469714E+02,  0.0000000E+00,  2.6558636E+02,3798,  1.6865036E-02,  0.0000000E+00,  4.6612223E-04,  1.0001155E+03,  6.8684941E+03,3,
 -3.7282440E+02,  0.0000000E+00,  2.6662305E+02,3807,  2.1823023E-02,  0.0000000E+00, -5.4151686E-03,  1.0002623E+03,  1.5609829E+04,3,
 -3.7110632E+02,  0.0000000E+00,  2.6630841E+02,3796,  1.5835496E-02,  0.0000000E+00, -5.9629595E-03,  1.0002288E+03,  1.3610924E+04,3,
 -3.7376447E+02,  0.0000000E+00,  2.6579123E+02,3787,  1.7750238E-03,  0.0000000E+00, -4.5609626E-04,  1.0002045E+03,  1.2164693E+04,3,
 -3.6943039E+02,  0.0000000E+00,  2.6626999E+02,3817,  2.4714069E-02,  0.0000000E+00, -4.5375889E-03,  1.0002351E+03,  1.3988867E+04,3,
 -3.6743863E+02,  0.0000000E+00,  2.6555383E+02,3799,  2.2643687E-02,  0.0000000E+00, -2.2561881E-03,  1.0001758E+03,  1.0460737E+04,3,
 -3.6805023E+02,  0.0000000E+00,  2.6639413E+02,3810,  2.0994287E-02,  0.0000000E+00, -3.4714153E-03,  1.0002385E+03,  1.4192382E+04,3,
 -3.6509659E+02,  0.0000000E+00,  2.6609042E+02,3797,  2.4086542E-02,  0.0000000E+00, -3.4472721E-03,  1.0002516E+03,  1.4970136E+04,3,
 -3.6630457E+02,  0.0000000E+00,  2.6579642E+02,3786,  2.0526862E-02,  0.0000000E+00, -3.4264864E-03,  1.0001991E+03,  1.1844952E+04,3,
 -3.6385822E+02,  0.0000000E+00,  2.6637634E+02,3808,  2.4699595E-02,  0.0000000E+00, -1.6723874E-03,  1.0002867E+03,  1.7063832E+04,3,
 -3.6185974E+02,  0.0000000E+00,  2.6668942E+02,3809,  3.5962749E-02,  0.0000000E+00, -1.7371896E-03,  1.0003062E+03,  1.8223553E+04,3,
 -3.6249698E+02,  0.0000000E+00,  2.6540982E+02,3779,  1.0274146E-02,  0.0000000E+00,  2.7611485E-04,  1.0001461E+03,  8.6916953E+03,3,
 -3.6090143E+02,  0.0000000E+00,  2.6544354E+02,3778,  7.9542678E-03,  0.0000000E+00, -4.7634915E-03,  1.0001053E+03,  6.2620454E+03,3,
 -3.5954285E+02,  0.0000000E+00,  2.6661713E+02,3800,  2.3792639E-02,  0.0000000E+00, -3.8021577E-03,  1.0002932E+03,  1.7449178E+04,3,
 -3.5872382E+02,  0.0000000E+00,  2.6559003E+02,3758,  2.9645531E-02,  0.0000000E+00, -3.4121401E-03,  1.0002386E+03,  1.4199650E+04,3,
 -3.5712552E+02,  0.0000000E+00,  2.6646387E+02,3801,  2.4730660E-02,  0.0000000E+00, -2.3659272E-03,  1.0002554E+03,  1.5195478E+04,3,
 -3.5660800E+02,  0.0000000E+00,  2.6556268E+02,3768,  1.1549830E-02,  0.0000000E+00, -1.8296730E-03,  1.0001954E+03,  1.1626953E+04,3,
 -3.5487332E+02,  0.0000000E+00,  2.6644046E+02,3790,  2.7944103E-02,  0.0000000E+00, -5.7434216E-03,  1.0002678E+03,  1.5936962E+04,3,
 -3.5349948E+02,  0.0000000E+00,  2.6553342E+02,3749,  3.8833622E-02,  0.0000000E+00, -1.9703149E-03,  1.0001870E+03,  1.1121939E+04,3,
 -3.5269791E+02,  0.0000000E+00,  2.6673035E+02,3789,  1.7399741E-02,  0.0000000E+00, -4.0853666E-03,  1.0002870E+03,  1.7082008E+04,3,
 -3.5162085E+02,  0.0000000E+00,  2.6579642E+02,3759,  3.3903778E-02,  0.0000000E+00, -2.9171626E-03,  1.0002185E+03,  1.3000429E+04,3,
 -3.5079208E+02,  0.0000000E+00,  2.6552963E+02,3769,  3.2689098E-02,  0.0000000E+00, -1.3788954E-03,  1.0001151E+03,  6.8430737E+03,3,
 -3.4936569E+02,  0.0000000E+00,  2.6658002E+02,3792,  2.5541324E-02,  0.0000000E+00, -1.0408089E-03,  1.0002532E+03,  1.5064634E+04,3,
 -3.4795996E+02,  0.0000000E+00,  2.6614215E+02,3781,  2.7961571E-02,  0.0000000E+00, -1.7238760E-03,  1.0002032E+03,  1.2088391E+04,3,
 -3.4658731E+02,  0.0000000E+00,  2.6613464E+02,3791,  3.2043051E-02,  0.0000000E+00, -3.2011009E-04,  1.0002040E+03,  1.2135625E+04,3,
 -3.4538348E+02,  0.0000000E+00,  2.6633060E+02,3782,  2.8771309E-02,  0.0000000E+00,  1.5489563E-03,  1.0002280E+03,  1.3567315E+04,3,
 -3.4428778E+02,  0.0000000E+00,  2.6572281E+02,3761,  2.8025623E-02,  0.0000000E+00,  2.8755164E-03,  1.0001707E+03,  1.0155583E+04,3,
 -3.4321872E+02,  0.0000000E+00,  2.6580685E+02,3742,  2.8259913E-02,  0.0000000E+00,  2.9972487E-03,  1.0002148E+03,  1.2782404E+04,3,
 -3.4205215E+02,  0.0000000E+00,  2.6662195E+02,3780,  3.0108001E-02,  0.0000000E+00,  3.0132446E-03,  1.0002877E+03,  1.7118361E+04,3,
 -3.3813614E+02,  0.0000000E+00,  2.6570969E+02,3722,  2.8059270E-02,  0.0000000E+00,  2.2209275E-03,  1.0002628E+03,  1.5638907E+04,3,
 -3.4127167E+02,  0.0000000E+00,  2.6545447E+02,3752,  2.9010411E-02,  0.0000000E+00,  2.7294881E-03,  1.0001016E+03,  6.0405376E+03,3,
 -3.3985898E+02,  0.0000000E+00,  2.6667639E+02,3783,  2.3682620E-02,  0.0000000E+00,  2.2583718E-03,  1.0003006E+03,  1.7889074E+04,3,
 -3.3903055E+02,  0.0000000E+00,  2.6535202E+02,3753,  3.3092488E-02,  0.0000000E+00,  2.7096311E-03,  1.0001193E+03,  7.0936523E+03,3,
 -3.3693555E+02,  0.0000000E+00,  2.6645267E+02,3770,  2.9915262E-02,  0.0000000E+00,  2.7740453E-04,  1.0002815E+03,  1.6751203E+04,3,
 -3.3598187E+02,  0.0000000E+00,  2.6545114E+02,3723,  2.2042857E-02,  0.0000000E+00, -9.6308044E-04,  1.0002263E+03,  1.3461930E+04,3,
 -3.3471167E+02,  0.0000000E+00,  2.6655536E+02,3772,  3.5145536E-02,  0.0000000E+00,  9.2170842E-04,  1.0002831E+03,  1.6849354E+04,3,
 -3.3366599E+02,  0.0000000E+00,  2.6557660E+02,3743,  2.8892390E-02,  0.0000000E+00,  3.2318872E-03,  1.0002269E+03,  1.3498270E+04,3,
 -3.3240427E+02,  0.0000000E+00,  2.6531158E+02,3754,  1.8171564E-02,  0.0000000E+00,  2.5824881E-03,  1.0001549E+03,  9.2147471E+03,3,
 -3.3205557E+02,  0.0000000E+00,  2.6660330E+02,3771,  3.4329634E-02,  0.0000000E+00,  3.3517776E-03,  1.0002800E+03,  1.6660324E+04,3,
 -3.3085379E+02,  0.0000000E+00,  2.6540842E+02,3744,  3.2967389E-02,  0.0000000E+00,  3.6899666E-03,  1.0001655E+03,  9.8468047E+03,3,
 -3.2959253E+02,  0.0000000E+00,  2.6659909E+02,3774,  2.6305771E-02,  0.0000000E+00,  4.3101525E-03,  1.0002798E+03,  1.6649420E+04,3,
 -3.2887387E+02,  0.0000000E+00,  2.6557224E+02,3751,  3.0270185E-02,  0.0000000E+00,  6.4916937E-03,  1.0002889E+03,  1.7194703E+04,3,
 -3.2740790E+02,  0.0000000E+00,  2.6531366E+02,3762,  1.0333508E-02,  0.0000000E+00, -7.5037353E-04,  1.0002695E+03,  1.6035104E+04,3,
 -3.2672205E+02,  0.0000000E+00,  2.6657492E+02,3773,  4.2888243E-02,  0.0000000E+00, -1.2092816E-03,  1.0002663E+03,  1.5846091E+04,3,
 -3.2548956E+02,  0.0000000E+00,  2.6547202E+02,3733,  2.9291237E-02,  0.0000000E+00, -2.3440965E-03,  1.0002824E+03,  1.6805730E+04,3,
 -3.2364301E+02,  0.0000000E+00,  2.6551498E+02,3724,  2.7001670E-02,  0.0000000E+00, -1.3722107E-03,  1.0002903E+03,  1.7278316E+04,3,
 -3.2388324E+02,  0.0000000E+00,  2.6657864E+02,3763,  3.0697782E-02,  0.0000000E+00, -4.8447179E-04,  1.0002626E+03,  1.5624368E+04,3,
 -3.1684766E+02,  0.0000000E+00,  2.6542444E+02,3696,  1.6462436E-02,  0.0000000E+00,  6.0550249E-03,  1.0002686E+03,  1.5984215E+04,3,
 -3.2219940E+02,  0.0000000E+00,  2.6553998E+02,3705,  2.5339987E-02,  0.0000000E+00,  6.8346004E-04,  1.0001909E+03,  1.1354460E+04,3,
 -3.2104352E+02,  0.0000000E+00,  2.6660065E+02,3765,  3.8787808E-02,  0.0000000E+00,  1.3602293E-03,  1.0002638E+03,  1.5697063E+04,3,
 -3.2007272E+02,  0.0000000E+00,  2.6552014E+02,3686,  2.0172497E-02,  0.0000000E+00,  3.1897777E-03,  1.0002130E+03,  1.2669760E+04,3,
 -3.1803268E+02,  0.0000000E+00,  2.6651596E+02,3764,  4.6873622E-02,  0.0000000E+00,  2.1248085E-03,  1.0002769E+03,  1.6478570E+04,3,
 -3.1885254E+02,  0.0000000E+00,  2.6556711E+02,3732,  1.7249592E-02,  0.0000000E+00,  7.1515772E-04,  1.0002747E+03,  1.6347709E+04,3,
 -3.1561221E+02,  0.0000000E+00,  2.6655359E+02,3756,  3.2314666E-02,  0.0000000E+00,  2.4850841E-03,  1.0002785E+03,  1.6573082E+04,3,
 -3.1493848E+02,  0.0000000E+00,  2.6537015E+02,3725,  2.4639890E-02,  0.0000000E+00,  3.5641901E-03,  1.0001801E+03,  1.0715041E+04,3,
 -3.1310074E+02,  0.0000000E+00,  2.6656500E+02,3755,  5.0826173E-02,  0.0000000E+00, -1.5265697E-03,  1.0002679E+03,  1.5944231E+04,3,
 -3.1316241E+02,  0.0000000E+00,  2.6555823E+02,3715,  1.0938267E-02,  0.0000000E+00,  7.5270090E-04,  1.0002731E+03,  1.6253199E+04,3,
 -3.1080521E+02,  0.0000000E+00,  2.6640747E+02,3745,  5.1677883E-02,  0.0000000E+00, -3.2265724E-03,  1.0002692E+03,  1.6020563E+04,3,
 -3.1078607E+02,  0.0000000E+00,  2.6536502E+02,3714,  2.0636569E-03,  0.0000000E+00,  1.2338455E-04,  1.0001833E+03,  1.0907589E+04,3,
 -3.0901648E+02,  0.0000000E+00,  2.6638525E+02,3747,  4.2885769E-02,  0.0000000E+00,  3.0024997E-03,  1.0002947E+03,  1.7536430E+04,3,
 -3.0729538E+02,  0.0000000E+00,  2.6543719E+02,3716, -5.7279173E-02,  0.0000000E+00, -1.7215831E-02,  1.0002132E+03,  1.2684294E+04,3,
 -3.0726764E+02,  0.0000000E+00,  2.6646741E+02,3734,  8.2046255E-02,  0.0000000E+00,  6.3794046E-03,  1.0002698E+03,  1.6056913E+04,3,
 -3.0563199E+02,  0.0000000E+00,  2.6570108E+02,3695,  1.1177370E-02,  0.0000000E+00, -6.3180500E-03,  1.0002153E+03,  1.2811474E+04,3,
 -3.0469128E+02,  0.0000000E+00,  2.6553735E+02,3707,  1.7883219E-02,  0.0000000E+00, -7.2459229E-03,  1.0001758E+03,  1.0457104E+04,3,
 -3.0370840E+02,  0.0000000E+00,  2.6667508E+02,3746,  2.5593668E-02,  0.0000000E+00, -1.0978992E-03,  1.0002700E+03,  1.6067817E+04,3,
 -3.0258240E+02,  0.0000000E+00,  2.6573517E+02,3678,  3.5907237E-03,  0.0000000E+00, -1.8397878E-03,  1.0002157E+03,  1.2833276E+04,3,
 -3.0156165E+02,  0.0000000E+00,  2.6577570E+02,3668,  1.3289430E-02,  0.0000000E+00, -4.6236198E-03,  1.0002039E+03,  1.2131992E+04,3,
 -3.0045758E+02,  0.0000000E+00,  2.6575345E+02,3669,  2.4104962E-02,  0.0000000E+00, -1.7973556E-03,  1.0002112E+03,  1.2564384E+04,3,
 -2.9870358E+02,  0.0000000E+00,  2.6550647E+02,3641,  3.2893654E-02,  0.0000000E+00,  7.3161875E-03,  1.0001978E+03,  1.1768652E+04,3,
 -2.9925995E+02,  0.0000000E+00,  2.6649002E+02,3735,  6.2006535E-03,  0.0000000E+00,  5.7878010E-03,  1.0002565E+03,  1.5260900E+04,3,
 -2.9721619E+02,  0.0000000E+00,  2.6626434E+02,3726,  1.5598260E-03,  0.0000000E+00,  5.1160944E-03,  1.0002467E+03,  1.4679380E+04,3,
 -2.9571884E+02,  0.0000000E+00,  2.6644370E+02,3738,  2.8803493E-03,  0.0000000E+00, -7.9924734E-03,  1.0002372E+03,  1.4112430E+04,3,
 -2.9425223E+02,  0.0000000E+00,  2.6562860E+02,3687,  3.3940468E-02,  0.0000000E+00, -1.0594205E-02,  1.0001595E+03,  9.4871807E+03,3,
 -2.9350464E+02,  0.0000000E+00,  2.6572992E+02,3706,  5.1417291E-02,  0.0000000E+00, -8.5290871E-04,  1.0002080E+03,  1.2375438E+04,3,
 -2.9219244E+02,  0.0000000E+00,  2.6663995E+02,3736, -5.2820306E-02,  0.0000000E+00, -3.0092259E-03,  1.0002616E+03,  1.5566213E+04,3,
 -2.9160229E+02,  0.0000000E+00,  2.6562137E+02,3697,  8.4344946E-02,  0.0000000E+00, -6.6520046E-03,  1.0002512E+03,  1.4944694E+04,3,
 -2.8931638E+02,  0.0000000E+00,  2.6649246E+02,3737,  1.8027531E-02,  0.0000000E+00,  4.4072522E-03,  1.0002677E+03,  1.5929691E+04,3,
 -2.9031332E+02,  0.0000000E+00,  2.6538892E+02,3699,  2.9647633E-02,  0.0000000E+00,  1.4187836E-02,  1.0001694E+03,  1.0079295E+04,3,
 -2.8786737E+02,  0.0000000E+00,  2.6627658E+02,3727,  1.8694542E-02,  0.0000000E+00,  3.2684379E-03,  1.0002567E+03,  1.5275438E+04,3,
 -2.8639114E+02,  0.0000000E+00,  2.6564224E+02,3717,  2.1878565E-02,  0.0000000E+00,  9.0444501E-04,  1.0002178E+03,  1.2956823E+04,3,
 -2.8556897E+02,  0.0000000E+00,  2.6641971E+02,3729,  1.9803256E-02,  0.0000000E+00,  4.0154584E-04,  1.0002621E+03,  1.5595290E+04,3,
 -2.8421072E+02,  0.0000000E+00,  2.6547180E+02,3688,  2.5658270E-02,  0.0000000E+00,  3.9193226E-04,  1.0002084E+03,  1.2397238E+04,3,
 -2.8336356E+02,  0.0000000E+00,  2.6652295E+02,3728,  1.6941262E-02,  0.0000000E+00,  1.2178140E-03,  1.0002751E+03,  1.6373154E+04,3,
 -2.8224197E+02,  0.0000000E+00,  2.6557361E+02,3679,  2.2723731E-02,  0.0000000E+00,  2.6774353E-03,  1.0002225E+03,  1.3240262E+04,3,
 -2.8091846E+02,  0.0000000E+00,  2.6645996E+02,3718,  2.6323186E-02,  0.0000000E+00,  2.9405300E-03,  1.0002650E+03,  1.5769760E+04,3,
 -2.8034824E+02,  0.0000000E+00,  2.6541336E+02,3698,  1.3303590E-02,  0.0000000E+00,  3.8010017E-03,  1.0002017E+03,  1.2001188E+04,3,
 -2.7897574E+02,  0.0000000E+00,  2.6543658E+02,3689,  2.1993442E-02,  0.0000000E+00,  3.2138202E-04,  1.0001993E+03,  1.1855853E+04,3,
 -2.7824313E+02,  0.0000000E+00,  2.6664566E+02,3719,  2.0786673E-02,  0.0000000E+00,  9.8330143E-04,  1.0002753E+03,  1.6380425E+04,3,
 -2.7713611E+02,  0.0000000E+00,  2.6561160E+02,3650,  2.0243144E-02,  0.0000000E+00,  1.2129615E-04,  1.0002656E+03,  1.5802473E+04,3,
 -2.7594754E+02,  0.0000000E+00,  2.6549878E+02,3653,  2.0844541E-02,  0.0000000E+00,  2.5189691E-04,  1.0002465E+03,  1.4664842E+04,3,
 -2.7496884E+02,  0.0000000E+00,  2.6661130E+02,3720,  2.0834602E-02,  0.0000000E+00, -7.7355484E-04,  1.0002677E+03,  1.5929691E+04,3,
 -2.7396112E+02,  0.0000000E+00,  2.6572339E+02,3659,  1.7731475E-02,  0.0000000E+00, -2.2309660E-03,  1.0002422E+03,  1.4410438E+04,3,
 -2.7285098E+02,  0.0000000E+00,  2.6560233E+02,3670,  2.7705379E-02,  0.0000000E+00, -1.3771247E-03,  1.0001793E+03,  1.0667812E+04,3,
 -2.7174612E+02,  0.0000000E+00,  2.6632379E+02,3708,  2.0624505E-02,  0.0000000E+00,  2.5886819E-03,  1.0002363E+03,  1.4061551E+04,3,
 -2.7023669E+02,  0.0000000E+00,  2.6639603E+02,3710,  1.8417927E-02,  0.0000000E+00,  3.5275349E-03,  1.0002562E+03,  1.5242728E+04,3,
 -2.6847610E+02,  0.0000000E+00,  2.6559970E+02,3623,  1.4460184E-02,  0.0000000E+00, -4.1106758E-03,  1.0002375E+03,  1.4134234E+04,3,
 -2.6777457E+02,  0.0000000E+00,  2.6670087E+02,3711,  3.7286575E-03,  0.0000000E+00, -6.1408216E-03,  1.0002819E+03,  1.6776650E+04,3,
 -2.6639221E+02,  0.0000000E+00,  2.6574033E+02,3662,  1.3340035E-02,  0.0000000E+00, -7.3411558E-03,  1.0001861E+03,  1.1071076E+04,3,
 -2.6595975E+02,  0.0000000E+00,  2.6555518E+02,3681,  3.8840789E-02,  0.0000000E+00, -6.5267971E-03,  1.0000975E+03,  5.8008789E+03,3,
 -2.6448914E+02,  0.0000000E+00,  2.6651346E+02,3709,  9.6708052E-03,  0.0000000E+00,  7.5188330E-03,  1.0002767E+03,  1.6467666E+04,3,
 -2.6331851E+02,  0.0000000E+00,  2.6628769E+02,3701,  1.0040939E-02,  0.0000000E+00,  4.8410660E-03,  1.0002386E+03,  1.4196016E+04,3,
 -2.6215942E+02,  0.0000000E+00,  2.6601337E+02,3700, -2.1450277E-02,  0.0000000E+00, -8.4023252E-03,  1.0001374E+03,  8.1723027E+03,3,
 -2.6007516E+02,  0.0000000E+00,  2.6642783E+02,3702,  6.0114317E-02,  0.0000000E+00, -1.1269601E-02,  1.0001902E+03,  1.1318129E+04,3,
 -2.5880347E+02,  0.0000000E+00,  2.6578415E+02,3651,  4.6744656E-02,  0.0000000E+00, -2.7143320E-03,  1.0001544E+03,  9.1820547E+03,3,
 -2.5808017E+02,  0.0000000E+00,  2.6585934E+02,3652,  3.4113765E-02,  0.0000000E+00, -2.5818821E-03,  1.0001837E+03,  1.0929387E+04,3,
 -2.5700604E+02,  0.0000000E+00,  2.6588519E+02,3605,  4.3239210E-02,  0.0000000E+00, -2.1247484E-03,  1.0002252E+03,  1.3396520E+04,3,
 -2.5502678E+02,  0.0000000E+00,  2.6557721E+02,3663,  3.1716112E-02,  0.0000000E+00, -1.8681646E-03,  1.0002166E+03,  1.2887782E+04,3,
 -2.5551408E+02,  0.0000000E+00,  2.6665485E+02,3680,  5.1539332E-02,  0.0000000E+00, -2.4415839E-03,  1.0002742E+03,  1.6318629E+04,3,
 -2.5391060E+02,  0.0000000E+00,  2.6562396E+02,3597,  3.8126886E-02,  0.0000000E+00, -8.4813370E-04,  1.0001708E+03,  1.0159216E+04,3,
 -2.5269397E+02,  0.0000000E+00,  2.6636224E+02,3692,  5.0702654E-02,  0.0000000E+00, -1.6222288E-03,  1.0002280E+03,  1.3567315E+04,3,
 -2.5126793E+02,  0.0000000E+00,  2.6608408E+02,3690,  5.0650459E-02,  0.0000000E+00, -1.7023218E-03,  1.0001699E+03,  1.0108357E+04,3,
 -2.4991103E+02,  0.0000000E+00,  2.6638922E+02,3693,  2.5672851E-02,  0.0000000E+00, -9.2275376E-03,  1.0002108E+03,  1.2542582E+04,3,
 -2.4860764E+02,  0.0000000E+00,  2.6551050E+02,3671,  7.6827295E-02,  0.0000000E+00, -2.7181595E-03,  1.0000876E+03,  5.2090190E+03,3,
 -2.4758118E+02,  0.0000000E+00,  2.6577142E+02,3643,  4.5653511E-02,  0.0000000E+00, -1.7822128E-04,  1.0002824E+03,  1.6805730E+04,3,
 -2.4557692E+02,  0.0000000E+00,  2.6572641E+02,3654,  4.6642412E-02,  0.0000000E+00,  1.9303833E-04,  1.0003469E+03,  2.0645223E+04,3,
 -2.4686266E+02,  0.0000000E+00,  2.6659912E+02,3691,  5.2367240E-02,  0.0000000E+00, -1.0454747E-03,  1.0002727E+03,  1.6227755E+04,3,
 -2.4441934E+02,  0.0000000E+00,  2.6578275E+02,3661,  5.2825760E-02,  0.0000000E+00, -5.8186473E-04,  1.0002413E+03,  1.4355923E+04,3,
 -2.4361087E+02,  0.0000000E+00,  2.6551859E+02,3645,  6.7981943E-02,  0.0000000E+00,  2.1511954E-03,  1.0001685E+03,  1.0021172E+04,3,
 -2.4217249E+02,  0.0000000E+00,  2.6646097E+02,3683,  5.0557453E-02,  0.0000000E+00,  4.4584926E-03,  1.0002378E+03,  1.4148771E+04,3,
 -2.4114488E+02,  0.0000000E+00,  2.6554544E+02,3633,  3.0683756E-02,  0.0000000E+00,  3.4940469E-03,  1.0001729E+03,  1.0286362E+04,3,
 -2.4007423E+02,  0.0000000E+00,  2.6629944E+02,3682,  6.0405206E-02,  0.0000000E+00, -2.5042156E-03,  1.0002605E+03,  1.5500788E+04,3,
 -2.3853935E+02,  0.0000000E+00,  2.6635620E+02,3684,  4.5601886E-02,  0.0000000E+00, -3.3274975E-03,  1.0002671E+03,  1.5893344E+04,3,
 -2.3715491E+02,  0.0000000E+00,  2.6542053E+02,3614,  5.5490252E-02,  0.0000000E+00, -6.5199626E-03,  1.0002049E+03,  1.2190128E+04,3,
 -2.3645636E+02,  0.0000000E+00,  2.6631436E+02,3672,  3.8023293E-02,  0.0000000E+00, -5.2737328E-03,  1.0002487E+03,  1.4795681E+04,3,
 -2.3541884E+02,  0.0000000E+00,  2.6559906E+02,3615,  5.3505547E-02,  0.0000000E+00, -3.3645576E-03,  1.0002666E+03,  1.5864265E+04,3,
 -2.3401176E+02,  0.0000000E+00,  2.6531537E+02,3627,  4.4841625E-02,  0.0000000E+00,  2.8852033E-03,  1.0002876E+03,  1.7114727E+04,3,
 -2.3063341E+02,  0.0000000E+00,  2.6540271E+02,3542, -1.1084974E-02,  0.0000000E+00,  8.8511091E-03,  1.0002362E+03,  1.4054282E+04,3,
 -2.3228880E+02,  0.0000000E+00,  2.6545331E+02,3625,  3.2845877E-02,  0.0000000E+00,  1.1427701E-02,  1.0002667E+03,  1.5871534E+04,3,
 -2.3339655E+02,  0.0000000E+00,  2.6648041E+02,3674,  6.5453775E-02,  0.0000000E+00,  1.1997331E-04,  1.0002546E+03,  1.5151862E+04,3,
 -2.3067021E+02,  0.0000000E+00,  2.6650851E+02,3675,  1.1353494E-01,  0.0000000E+00, -4.0055579E-03,  1.0002480E+03,  1.4755702E+04,3,
 -2.2860252E+02,  0.0000000E+00,  2.6619748E+02,3673,  8.6959079E-02,  0.0000000E+00,  3.5565442E-03,  1.0002386E+03,  1.4196016E+04,3,
 -2.2713638E+02,  0.0000000E+00,  2.6633774E+02,3665,  7.1873561E-02,  0.0000000E+00,  9.3519129E-03,  1.0002590E+03,  1.5409921E+04,3,
 -2.2504582E+02,  0.0000000E+00,  2.6635776E+02,3664,  9.7363137E-02,  0.0000000E+00, -2.8836532E-03,  1.0002515E+03,  1.4966501E+04,3,
 -2.2594821E+02,  0.0000000E+00,  2.6533527E+02,3626, -4.6570724E-04,  0.0000000E+00, -1.3356151E-02,  1.0002404E+03,  1.4301409E+04,3,
 -2.2423976E+02,  0.0000000E+00,  2.6547476E+02,3635,  8.6721163E-03,  0.0000000E+00, -1.0487848E-02,  1.0002182E+03,  1.2982260E+04,3,
 -2.2286043E+02,  0.0000000E+00,  2.6548651E+02,3579,  7.0363879E-02,  0.0000000E+00, -1.3036530E-02,  1.0002031E+03,  1.2084757E+04,3,
 -2.2216826E+02,  0.0000000E+00,  2.6650211E+02,3666,  4.7564860E-02,  0.0000000E+00,  1.5063960E-03,  1.0002747E+03,  1.6347709E+04,3,
 -2.2051700E+02,  0.0000000E+00,  2.6621741E+02,3644,  3.9746601E-02,  0.0000000E+00,  5.7909959E-03,  1.0002849E+03,  1.6954775E+04,3,
 -2.1898201E+02,  0.0000000E+00,  2.6626682E+02,3656,  3.7058234E-02,  0.0000000E+00, -1.3988694E-03,  1.0002812E+03,  1.6733027E+04,3,
 -2.1746753E+02,  0.0000000E+00,  2.6622427E+02,3655,  2.5748657E-02,  0.0000000E+00, -8.2084825E-03,  1.0002640E+03,  1.5707968E+04,3,
 -2.1665300E+02,  0.0000000E+00,  2.6538098E+02,3598,  8.3995126E-02,  0.0000000E+00, -4.5851776E-03,  1.0001985E+03,  1.1808619E+04,3,
 -2.1462846E+02,  0.0000000E+00,  2.6550714E+02,3607,  7.1061216E-02,  0.0000000E+00,  4.6120710E-03,  1.0002762E+03,  1.6438584E+04,3,
 -2.1524614E+02,  0.0000000E+00,  2.6644614E+02,3657,  8.7606395E-03,  0.0000000E+00, -2.2385519E-03,  1.0002532E+03,  1.5068268E+04,3,
 -2.1334204E+02,  0.0000000E+00,  2.6563879E+02,3580,  3.1665798E-02,  0.0000000E+00, -2.2001241E-03,  1.0002341E+03,  1.3927087E+04,3,
 -2.1227405E+02,  0.0000000E+00,  2.6558356E+02,3581,  5.9277955E-02,  0.0000000E+00, -5.4034228E-03,  1.0002466E+03,  1.4672110E+04,3,
 -2.1136772E+02,  0.0000000E+00,  2.6613586E+02,3646,  3.2280978E-02,  0.0000000E+00, -3.2971280E-03,  1.0002390E+03,  1.4217821E+04,3,
 -2.1018703E+02,  0.0000000E+00,  2.6555524E+02,3524,  5.6119051E-02,  0.0000000E+00, -4.8080223E-04,  1.0002443E+03,  1.4534005E+04,3,
 -2.0905699E+02,  0.0000000E+00,  2.6640927E+02,3647,  4.5837004E-02,  0.0000000E+00, -1.2032015E-03,  1.0002651E+03,  1.5777029E+04,3,
 -2.0806624E+02,  0.0000000E+00,  2.6534491E+02,3552,  1.9886427E-02,  0.0000000E+00, -5.3930486E-04,  1.0001886E+03,  1.1220033E+04,3,
 -2.0704457E+02,  0.0000000E+00,  2.6622357E+02,3636,  5.9294093E-02,  0.0000000E+00, -5.5725980E-03,  1.0002733E+03,  1.6264104E+04,3,
 -2.0542126E+02,  0.0000000E+00,  2.6643463E+02,3648,  5.1848564E-02,  0.0000000E+00, -8.2239119E-04,  1.0002660E+03,  1.5827916E+04,3,
 -2.0472079E+02,  0.0000000E+00,  2.6559683E+02,3588,  3.3671685E-02,  0.0000000E+00, -3.3449905E-03,  1.0002448E+03,  1.4566714E+04,3,
 -2.0334578E+02,  0.0000000E+00,  2.6566452E+02,3616,  5.5312689E-02,  0.0000000E+00,  6.0713757E-04,  1.0002066E+03,  1.2291866E+04,3,
 -2.0232693E+02,  0.0000000E+00,  2.6557211E+02,3608,  5.3748753E-02,  0.0000000E+00,  5.4085008E-03,  1.0002097E+03,  1.2477178E+04,3,
 -2.0140744E+02,  0.0000000E+00,  2.6650159E+02,3638,  3.9789692E-02,  0.0000000E+00,  2.5922151E-03,  1.0002516E+03,  1.4973771E+04,3,
 -2.0025005E+02,  0.0000000E+00,  2.6554965E+02,3609,  3.8199119E-02,  0.0000000E+00, -6.2190165E-04,  1.0001835E+03,  1.0914855E+04,3,
 -1.9929457E+02,  0.0000000E+00,  2.6573291E+02,3515,  5.2535702E-02,  0.0000000E+00, -2.0882150E-03,  1.0002285E+03,  1.3596388E+04,3,
 -1.9803786E+02,  0.0000000E+00,  2.6638330E+02,3637,  5.4558747E-02,  0.0000000E+00, -3.9039874E-03,  1.0002507E+03,  1.4915618E+04,3,
 -1.9738159E+02,  0.0000000E+00,  2.6555676E+02,3479,  3.1311009E-02,  0.0000000E+00, -2.6806677E-03,  1.0001984E+03,  1.1804985E+04,3,
 -1.9599500E+02,  0.0000000E+00,  2.6621164E+02,3639,  4.4833116E-02,  0.0000000E+00, -9.7717373E-03,  1.0002270E+03,  1.3505538E+04,3,
 -1.9445132E+02,  0.0000000E+00,  2.6604498E+02,3617,  7.3936224E-02,  0.0000000E+00, -2.7428393E-03,  1.0002213E+03,  1.3163950E+04,3,
 -1.9314076E+02,  0.0000000E+00,  2.6632657E+02,3629,  5.8661751E-02,  0.0000000E+00, -7.5524882E-03,  1.0002507E+03,  1.4915618E+04,3,
 -1.9207091E+02,  0.0000000E+00,  2.6544263E+02,3600, -5.7046480E-02,  0.0000000E+00, -3.7376612E-02,  1.0001100E+03,  6.5416611E+03,3,
 -1.9125623E+02,  0.0000000E+00,  2.6636163E+02,3628,  9.3582094E-02,  0.0000000E+00, -3.0916104E-02,  1.0002432E+03,  1.4472221E+04,3,
 -1.8994847E+02,  0.0000000E+00,  2.6565714E+02,3561,  6.9308102E-02,  0.0000000E+00, -1.8241514E-02,  1.0001157E+03,  6.8793887E+03,3,
 -1.8794321E+02,  0.0000000E+00,  2.6551685E+02,3590,  6.6450380E-02,  0.0000000E+00,  2.5137044E-02,  1.0002067E+03,  1.2299133E+04,3,
 -1.8885130E+02,  0.0000000E+00,  2.6648816E+02,3630,  3.3454143E-02,  0.0000000E+00,  6.4709219E-03,  1.0002590E+03,  1.5413556E+04,3,
 -1.8683241E+02,  0.0000000E+00,  2.6563101E+02,3470,  3.9792273E-02,  0.0000000E+00,  1.9582264E-02,  1.0002606E+03,  1.5504423E+04,3,
 -1.8571852E+02,  0.0000000E+00,  2.6646475E+02,3618,  4.1913759E-02,  0.0000000E+00,  1.0937596E-02,  1.0002653E+03,  1.5784299E+04,3,
 -1.8474802E+02,  0.0000000E+00,  2.6554495E+02,3571,  6.3271299E-02,  0.0000000E+00,  7.9655899E-03,  1.0002675E+03,  1.5918787E+04,3,
 -1.8272452E+02,  0.0000000E+00,  2.6650073E+02,3620,  5.3812500E-02,  0.0000000E+00,  8.8872276E-03,  1.0002581E+03,  1.5359035E+04,3,
 -1.8145528E+02,  0.0000000E+00,  2.6541876E+02,3599,  4.8390996E-02,  0.0000000E+00,  4.7315978E-03,  1.0001966E+03,  1.1695985E+04,3,
 -1.8309395E+02,  0.0000000E+00,  2.6534143E+02,3591,  3.4441847E-02,  0.0000000E+00,  1.4881731E-02,  1.0002496E+03,  1.4850197E+04,3,
 -1.8030121E+02,  0.0000000E+00,  2.6631870E+02,3621,  4.6818454E-02,  0.0000000E+00,  4.1094623E-03,  1.0002555E+03,  1.5202747E+04,3,
 -1.7908012E+02,  0.0000000E+00,  2.6606909E+02,3619,  6.4963557E-02,  0.0000000E+00,  5.3716889E-03,  1.0002464E+03,  1.4661207E+04,3,
 -1.7760022E+02,  0.0000000E+00,  2.6590100E+02,3589,  2.8963232E-02,  0.0000000E+00,  3.1807199E-03,  1.0002332E+03,  1.3872575E+04,3,
 -1.7634877E+02,  0.0000000E+00,  2.6617111E+02,3611,  5.3216040E-02,  0.0000000E+00, -2.1044884E-03,  1.0002476E+03,  1.4733896E+04,3,
 -1.7397929E+02,  0.0000000E+00,  2.6538293E+02,3562,  5.6617465E-02,  0.0000000E+00,  4.5077386E-03,  1.0003024E+03,  1.7994506E+04,3,
 -1.7511307E+02,  0.0000000E+00,  2.6597849E+02,3610,  4.8779301E-02,  0.0000000E+00, -1.3552797E-03,  1.0002556E+03,  1.5206382E+04,3,
 -1.7291766E+02,  0.0000000E+00,  2.6633047E+02,3612,  4.7591522E-02,  0.0000000E+00,  9.4159803E-04,  1.0002563E+03,  1.5249997E+04,3,
 -1.7194466E+02,  0.0000000E+00,  2.6553403E+02,3544,  3.8783763E-02,  0.0000000E+00, -2.4837707E-03,  1.0002797E+03,  1.6642150E+04,3,
 -1.7082251E+02,  0.0000000E+00,  2.6532010E+02,3554,  5.4825924E-02,  0.0000000E+00, -4.3697823E-03,  1.0002023E+03,  1.2037522E+04,3,
 -1.6997653E+02,  0.0000000E+00,  2.6638800E+02,3602,  5.0827086E-02,  0.0000000E+00, -2.1142408E-03,  1.0002596E+03,  1.5446268E+04,3,
 -1.6832726E+02,  0.0000000E+00,  2.6532523E+02,3563,  2.8281577E-02,  0.0000000E+00, -3.6720810E-03,  1.0001816E+03,  1.0805865E+04,3,
 -1.6804721E+02,  0.0000000E+00,  2.6636557E+02,3601,  6.0428355E-02,  0.0000000E+00, -1.0771105E-03,  1.0002523E+03,  1.5013750E+04,3,
 -1.6671500E+02,  0.0000000E+00,  2.6573160E+02,3553,  4.7090903E-02,  0.0000000E+00, -6.8541645E-04,  1.0002247E+03,  1.3371082E+04,3,
 -1.6543153E+02,  0.0000000E+00,  2.6553558E+02,3573,  3.6735442E-02,  0.0000000E+00, -8.7183435E-04,  1.0002178E+03,  1.2960457E+04,3,
 -1.6458598E+02,  0.0000000E+00,  2.6647455E+02,3603,  5.8543257E-02,  0.0000000E+00,  2.1871446E-04,  1.0002532E+03,  1.5064634E+04,3,
 -1.6329346E+02,  0.0000000E+00,  2.6544095E+02,3555,  3.7917458E-02,  0.0000000E+00,  2.0944055E-03,  1.0001819E+03,  1.0824030E+04,3,
 -1.6231052E+02,  0.0000000E+00,  2.6628580E+02,3582,  4.9884107E-02,  0.0000000E+00,  2.3072052E-03,  1.0002503E+03,  1.4893812E+04,3,
 -1.6122145E+02,  0.0000000E+00,  2.6556839E+02,3452,  4.9581371E-02,  0.0000000E+00,  3.2783116E-03,  1.0002308E+03,  1.3730847E+04,3,
 -1.5983369E+02,  0.0000000E+00,  2.6646616E+02,3593,  4.1101303E-02,  0.0000000E+00,  3.0346618E-03,  1.0002606E+03,  1.5504423E+04,3,
 -1.5919707E+02,  0.0000000E+00,  2.6540564E+02,3509,  4.8705459E-02,  0.0000000E+00,  2.4081022E-03,  1.0002305E+03,  1.3716311E+04,3,
 -1.5798433E+02,  0.0000000E+00,  2.6549023E+02,3471,  4.7196433E-02,  0.0000000E+00,  2.2078487E-03,  1.0002195E+03,  1.3058569E+04,3,
 -1.5703900E+02,  0.0000000E+00,  2.6633160E+02,3592,  4.4246156E-02,  0.0000000E+00, -4.3622433E-04,  1.0002545E+03,  1.5140959E+04,3,
 -1.5557159E+02,  0.0000000E+00,  2.6539676E+02,3416,  4.5780253E-02,  0.0000000E+00, -3.8552030E-03,  1.0002884E+03,  1.7161984E+04,3,
 -1.5468672E+02,  0.0000000E+00,  2.6644836E+02,3594,  5.0262060E-02,  0.0000000E+00, -2.4097878E-03,  1.0002669E+03,  1.5882438E+04,3,
 -1.5345155E+02,  0.0000000E+00,  2.6574246E+02,3572,  4.2313617E-02,  0.0000000E+00, -2.2298158E-03,  1.0002736E+03,  1.6278645E+04,3,
 -1.5231003E+02,  0.0000000E+00,  2.6544510E+02,3534,  4.9396683E-02,  0.0000000E+00, -1.6813623E-03,  1.0002382E+03,  1.4170576E+04,3,
 -1.5119670E+02,  0.0000000E+00,  2.6622278E+02,3584,  5.1677030E-02,  0.0000000E+00,  1.4662941E-03,  1.0002559E+03,  1.5224555E+04,3,
 -1.4989067E+02,  0.0000000E+00,  2.6619141E+02,3583,  4.1060463E-02,  0.0000000E+00,  2.3617973E-03,  1.0002627E+03,  1.5631638E+04,3,
 -1.4898280E+02,  0.0000000E+00,  2.6538171E+02,3516,  4.0440220E-02,  0.0000000E+00,  1.3924349E-03,  1.0002093E+03,  1.2451742E+04,3,
 -1.4761143E+02,  0.0000000E+00,  2.6642923E+02,3585,  5.6590542E-02,  0.0000000E+00,  3.6589904E-03,  1.0002638E+03,  1.5697063E+04,3,
 -1.4684099E+02,  0.0000000E+00,  2.6551678E+02,3488,  3.7607830E-02,  0.0000000E+00,  5.8238511E-03,  1.0002438E+03,  1.4508564E+04,3,
 -1.4563995E+02,  0.0000000E+00,  2.6541132E+02,3525,  3.6999073E-02,  0.0000000E+00,  1.0976219E-03,  1.0001859E+03,  1.1056544E+04,3,
 -1.4481592E+02,  0.0000000E+00,  2.6635001E+02,3575,  4.8593536E-02,  0.0000000E+00, -7.7742169E-04,  1.0002542E+03,  1.5122786E+04,3,
 -1.4315372E+02,  0.0000000E+00,  2.6538281E+02,3507,  5.1384777E-02,  0.0000000E+00,  2.2212362E-03,  1.0003616E+03,  2.1525314E+04,3,
 -1.4223622E+02,  0.0000000E+00,  2.6646210E+02,3574,  5.4448962E-02,  0.0000000E+00,  5.5518611E-03,  1.0002909E+03,  1.7311033E+04,3,
 -1.4099689E+02,  0.0000000E+00,  2.6584451E+02,3499,  4.2514727E-02,  0.0000000E+00,  5.6342692E-03,  1.0002799E+03,  1.6656689E+04,3,
 -1.4012097E+02,  0.0000000E+00,  2.6565039E+02,3510,  4.1371334E-02,  0.0000000E+00,  3.7878503E-03,  1.0001399E+03,  8.3212168E+03,3,
 -1.3935007E+02,  0.0000000E+00,  2.6567468E+02,3518,  4.8638918E-02,  0.0000000E+00,  4.5592370E-04,  1.0000427E+03,  2.5406431E+03,3,
 -1.3782516E+02,  0.0000000E+00,  2.6617859E+02,3564,  4.9968354E-02,  0.0000000E+00,  3.6926756E-03,  1.0001858E+03,  1.1052911E+04,3,
 -1.3680215E+02,  0.0000000E+00,  2.6617010E+02,3576,  4.3153971E-02,  0.0000000E+00,  6.1686249E-03,  1.0002035E+03,  1.2106558E+04,3,
 -1.3537584E+02,  0.0000000E+00,  2.6603183E+02,3545,  3.9177090E-02,  0.0000000E+00,  4.0507093E-03,  1.0001754E+03,  1.0435308E+04,3,
 -1.3377802E+02,  0.0000000E+00,  2.6630807E+02,3566,  4.3518204E-02,  0.0000000E+00,  1.9482133E-04,  1.0002214E+03,  1.3174852E+04,3,
 -1.3243599E+02,  0.0000000E+00,  2.6561209E+02,3444,  4.7810275E-02,  0.0000000E+00,  7.5799343E-04,  1.0001349E+03,  8.0233911E+03,3,
 -1.2788492E+02,  0.0000000E+00,  2.6516147E+02,3528,  2.8012898E-02,  0.0000000E+00,  8.0335950E-03,  1.0000662E+03,  3.9382744E+03,3,
 -1.3179016E+02,  0.0000000E+00,  2.6557089E+02,3526,  3.0178750E-02,  0.0000000E+00, -3.5689578E-03,  1.0001586E+03,  9.4363252E+03,3,
 -1.3084804E+02,  0.0000000E+00,  2.6567767E+02,3527,  5.1132318E-02,  0.0000000E+00, -9.9193898E-04,  1.0002264E+03,  1.3469198E+04,3,
 -1.2870691E+02,  0.0000000E+00,  2.6539148E+02,3519,  4.3170743E-02,  0.0000000E+00,  5.6561623E-03,  1.0002262E+03,  1.3458296E+04,3,
 -1.2946321E+02,  0.0000000E+00,  2.6650626E+02,3565,  4.3445002E-02,  0.0000000E+00,  2.0214659E-03,  1.0002811E+03,  1.6729393E+04,3,
 -1.2673002E+02,  0.0000000E+00,  2.6623212E+02,3567,  5.4889213E-02,  0.0000000E+00, -2.0187406E-03,  1.0002695E+03,  1.6038738E+04,3,
 -1.2547006E+02,  0.0000000E+00,  2.6604819E+02,3557,  4.7726128E-02,  0.0000000E+00,  1.1735085E-03,  1.0002532E+03,  1.5064634E+04,3,
 -1.2398785E+02,  0.0000000E+00,  2.6583725E+02,3535,  5.3875577E-02,  0.0000000E+00,  4.6311971E-03,  1.0002146E+03,  1.2767869E+04,3,
 -1.2253633E+02,  0.0000000E+00,  2.6621613E+02,3556,  5.0900210E-02,  0.0000000E+00,  3.0574058E-03,  1.0002420E+03,  1.4399534E+04,3,
 -1.2149126E+02,  0.0000000E+00,  2.6553436E+02,3417,  4.3430857E-02,  0.0000000E+00, -1.4174705E-04,  1.0002134E+03,  1.2698829E+04,3,
 -1.1984138E+02,  0.0000000E+00,  2.6617575E+02,3536,  6.8315990E-02,  0.0000000E+00, -5.5022133E-03,  1.0002277E+03,  1.3549146E+04,3,
 -1.1993070E+02,  0.0000000E+00,  2.6536719E+02,3537,  9.8053254E-03,  0.0000000E+00, -7.2436747E-03,  1.0001838E+03,  1.0936653E+04,3,
 -1.1801920E+02,  0.0000000E+00,  2.6537344E+02,3517,  6.4911932E-02,  0.0000000E+00, -9.6326880E-03,  1.0002050E+03,  1.2193761E+04,3,
 -1.1621161E+02,  0.0000000E+00,  2.6528531E+02,3445,  5.0129049E-02,  0.0000000E+00,  5.6297268E-04,  1.0002541E+03,  1.5119151E+04,3,
 -1.1727740E+02,  0.0000000E+00,  2.6632809E+02,3558,  2.3123963E-02,  0.0000000E+00, -2.3079845E-03,  1.0002614E+03,  1.5551674E+04,3,
 -1.1490900E+02,  0.0000000E+00,  2.6623199E+02,3546,  4.0110227E-02,  0.0000000E+00, -4.3501677E-03,  1.0002460E+03,  1.4639401E+04,3,
 -1.1411750E+02,  0.0000000E+00,  2.6528094E+02,3500,  4.9936544E-02,  0.0000000E+00, -4.4295471E-03,  1.0002396E+03,  1.4257798E+04,3,
 -1.1289503E+02,  0.0000000E+00,  2.6552161E+02,3434,  4.8093185E-02,  0.0000000E+00, -1.3324838E-03,  1.0002437E+03,  1.4497661E+04,3,
 -1.1181013E+02,  0.0000000E+00,  2.6554733E+02,3435,  4.0654685E-02,  0.0000000E+00, -1.2602874E-03,  1.0002692E+03,  1.6020563E+04,3,
 -1.1062036E+02,  0.0000000E+00,  2.6628909E+02,3548,  5.6912109E-02,  0.0000000E+00, -4.5790109E-03,  1.0002486E+03,  1.4792047E+04,3,
 -1.0973927E+02,  0.0000000E+00,  2.6532370E+02,3362,  2.9168382E-02,  0.0000000E+00, -4.5436337E-03,  1.0002567E+03,  1.5271805E+04,3,
 -1.0799120E+02,  0.0000000E+00,  2.6619785E+02,3549,  6.1432488E-02,  0.0000000E+00, -6.1111976E-03,  1.0002620E+03,  1.5591656E+04,3,
 -1.0655012E+02,  0.0000000E+00,  2.6605920E+02,3547,  6.2358856E-02,  0.0000000E+00,  1.7673617E-03,  1.0002747E+03,  1.6344074E+04,3,
 -1.0536338E+02,  0.0000000E+00,  2.6575552E+02,3538,  5.9895258E-02,  0.0000000E+00,  6.2812995E-03,  1.0002437E+03,  1.4501296E+04,3,
 -1.0438141E+02,  0.0000000E+00,  2.6560242E+02,3425,  5.4559942E-02,  0.0000000E+00,  5.4039648E-03,  1.0001636E+03,  9.7341934E+03,3,
 -1.0352792E+02,  0.0000000E+00,  2.6553159E+02,3398,  4.2370476E-02,  0.0000000E+00,  2.4815561E-04,  1.0000951E+03,  5.6556338E+03,3,
 -1.0229774E+02,  0.0000000E+00,  2.6623441E+02,3539,  6.6384889E-02,  0.0000000E+00, -7.6378477E-03,  1.0002189E+03,  1.3025865E+04,3,
 -1.0097730E+02,  0.0000000E+00,  2.6526059E+02,3426,  6.7651808E-02,  0.0000000E+00, -3.4836535E-03,  1.0002333E+03,  1.3879844E+04,3,
 -1.0001286E+02,  0.0000000E+00,  2.6539276E+02,3381,  4.1483536E-02,  0.0000000E+00, -4.9005095E-03,  1.0003398E+03,  2.0227023E+04,3,
 -9.8900047E+01,  0.0000000E+00,  2.6631506E+02,3540,  8.4942497E-02,  0.0000000E+00, -4.7927396E-03,  1.0002600E+03,  1.5471710E+04,3,
 -9.7942436E+01,  0.0000000E+00,  2.6525015E+02,3408,  6.0460906E-02,  0.0000000E+00, -4.1044978E-03,  1.0003605E+03,  2.1456213E+04,3,
 -9.4060844E+01,  0.0000000E+00,  2.6518195E+02,3390,  1.4688233E-01,  0.0000000E+00, -4.1125929E-03,  1.0002740E+03,  1.6304089E+04,3,
 -9.5753571E+01,  0.0000000E+00,  2.6606607E+02,3530,  4.5698278E-02,  0.0000000E+00, -1.6752729E-03,  1.0002231E+03,  1.3272967E+04,3,
 -9.3823662E+01,  0.0000000E+00,  2.6602917E+02,3529,  8.8325487E-03,  0.0000000E+00, -1.0488587E-02,  1.0002397E+03,  1.4265066E+04,3,
 -9.1944939E+01,  0.0000000E+00,  2.6621896E+02,3531,  4.3706235E-02,  0.0000000E+00, -1.5795501E-02,  1.0002538E+03,  1.5104613E+04,3,
 -9.1259071E+01,  0.0000000E+00,  2.6537094E+02,3453,  1.2881365E-01,  0.0000000E+00, -1.4303559E-02,  1.0002922E+03,  1.7391012E+04,3,
 -8.9792953E+01,  0.0000000E+00,  2.6521619E+02,3454,  8.9580290E-02,  0.0000000E+00,  7.2540739E-03,  1.0002521E+03,  1.4999212E+04,3,
 -8.8238098E+01,  0.0000000E+00,  2.6620901E+02,3521,  7.0702478E-02,  0.0000000E+00, -1.0264904E-02,  1.0002333E+03,  1.3879844E+04,3,
 -8.8745605E+01,  0.0000000E+00,  2.6516336E+02,3463,  4.4053115E-02,  0.0000000E+00,  4.0433151E-03,  1.0002358E+03,  1.4032478E+04,3,
 -8.6281151E+01,  0.0000000E+00,  2.6510092E+02,3481,  1.5608932E-01,  0.0000000E+00, -2.6246494E-02,  1.0001974E+03,  1.1743219E+04,3,
 -8.5967033E+01,  0.0000000E+00,  2.6630960E+02,3520,  3.6132757E-02,  0.0000000E+00, -2.8931292E-02,  1.0002421E+03,  1.4406803E+04,3,
 -8.4541084E+01,  0.0000000E+00,  2.6543307E+02,3482,  9.8931119E-02,  0.0000000E+00, -2.9638637E-02,  1.0002476E+03,  1.4733896E+04,3,
 -8.1553535E+01,  0.0000000E+00,  2.6597379E+02,3490,  9.9198684E-02,  0.0000000E+00, -1.7199580E-02,  1.0001946E+03,  1.1576087E+04,3,
 -8.3784416E+01,  0.0000000E+00,  2.6526132E+02,3474,  9.6206762E-02,  0.0000000E+00, -2.5626102E-02,  1.0002261E+03,  1.3451028E+04,3,
 -8.3227936E+01,  0.0000000E+00,  2.6510376E+02,3437,  6.7060530E-02,  0.0000000E+00, -1.1859499E-02,  1.0001771E+03,  1.0533396E+04,3,
 -8.0169945E+01,  0.0000000E+00,  2.6618521E+02,3522,  7.7970639E-02,  0.0000000E+00, -1.6060298E-02,  1.0002390E+03,  1.4221456E+04,3,
 -7.8836472E+01,  0.0000000E+00,  2.6586816E+02,3491,  1.0116326E-01,  0.0000000E+00, -1.2127845E-02,  1.0002219E+03,  1.3203923E+04,3,
 -7.7703186E+01,  0.0000000E+00,  2.6547171E+02,3217,  1.3682009E-01,  0.0000000E+00,  8.9033361E-04,  1.0001934E+03,  1.1503422E+04,3,
 -7.6148018E+01,  0.0000000E+00,  2.6596918E+02,3512,  2.6980290E-02,  0.0000000E+00,  1.0414111E-02,  1.0002172E+03,  1.2924119E+04,3,
 -7.4729836E+01,  0.0000000E+00,  2.6573773E+02,3511,  3.5153460E-02,  0.0000000E+00, -3.4970841E-03,  1.0002310E+03,  1.3741749E+04,3,
 -7.3056946E+01,  0.0000000E+00,  2.6610565E+02,3513,  6.6548087E-02,  0.0000000E+00, -7.1910056E-03,  1.0002668E+03,  1.5875169E+04,3,
 -7.1548096E+01,  0.0000000E+00,  2.6581644E+02,3501,  7.8465104E-02,  0.0000000E+00,  6.1669890E-03,  1.0002789E+03,  1.6598527E+04,3,
 -7.0107880E+01,  0.0000000E+00,  2.6616794E+02,3503,  7.1123004E-02,  0.0000000E+00,  1.4634454E-02,  1.0002492E+03,  1.4828391E+04,3,
 -6.8885712E+01,  0.0000000E+00,  2.6536221E+02,3380,  6.3730791E-02,  0.0000000E+00,  2.4005570E-02,  1.0001993E+03,  1.1855853E+04,3,
 -6.6304077E+01,  0.0000000E+00,  2.6607892E+02,3502,  3.2400828E-02,  0.0000000E+00,  3.3253081E-02,  1.0002065E+03,  1.2288232E+04,3,
 -6.7796577E+01,  0.0000000E+00,  2.6510748E+02,3464,  9.4420150E-02,  0.0000000E+00,  3.6425650E-02,  1.0002466E+03,  1.4672110E+04,3,
 -6.4343582E+01,  0.0000000E+00,  2.6592471E+02,3504,  6.8409219E-02,  0.0000000E+00,  1.0174994E-02,  1.0002782E+03,  1.6554906E+04,3,
 -6.2815674E+01,  0.0000000E+00,  2.6597525E+02,3492,  7.7928327E-02,  0.0000000E+00,  1.3734647E-03,  1.0003398E+03,  2.0227023E+04,3,
 -6.1252941E+01,  0.0000000E+00,  2.6617691E+02,3483,  8.0973729E-02,  0.0000000E+00,  4.6167060E-04,  1.0004098E+03,  2.4395248E+04,3,
 -5.9920784E+01,  0.0000000E+00,  2.6632111E+02,3494,  7.8565568E-02,  0.0000000E+00,  6.8155619E-05,  1.0003690E+03,  2.1961752E+04,3,
 -6.0538731E+01,  0.0000000E+00,  2.6509674E+02,3446,  7.0895396E-02,  0.0000000E+00, -7.1613578E-04,  9.9915527E+02, -5.0098602E+04,3,
 -5.8039139E+01,  0.0000000E+00,  2.6602612E+02,3495,  8.5893914E-02,  0.0000000E+00,  2.6867990E-03,  1.0002732E+03,  1.6256834E+04,3,
 -5.3476990E+01,  0.0000000E+00,  2.6516016E+02,3272,  7.4748226E-02,  0.0000000E+00, -2.0852468E-03,  1.0000416E+03,  2.4753040E+03,3,
 -5.6288433E+01,  0.0000000E+00,  2.6577371E+02,3493,  8.0691189E-02,  0.0000000E+00,  7.4868789E-03,  1.0002413E+03,  1.4355923E+04,3,
 -5.4295132E+01,  0.0000000E+00,  2.6624512E+02,3485,  8.0690004E-02,  0.0000000E+00,  5.8831321E-03,  1.0002549E+03,  1.5170035E+04,3,
 -5.2136463E+01,  0.0000000E+00,  2.6506567E+02,3401,  8.1999511E-02,  0.0000000E+00, -1.1159443E-02,  1.0002083E+03,  1.2389972E+04,3,
 -5.1994850E+01,  0.0000000E+00,  2.6612775E+02,3484,  4.6490010E-02,  0.0000000E+00, -2.2518178E-03,  1.0002346E+03,  1.3956160E+04,3,
 -5.0566391E+01,  0.0000000E+00,  2.6539273E+02,3465,  7.4361041E-02,  0.0000000E+00, -4.0033422E-03,  1.0002178E+03,  1.2956823E+04,3,
 -4.7399403E+01,  0.0000000E+00,  2.6529675E+02,3354,  7.1966119E-02,  0.0000000E+00,  1.5986690E-02,  1.0001083E+03,  6.4436133E+03,3,
 -4.6501247E+01,  0.0000000E+00,  2.6525433E+02,3172,  7.1323104E-02,  0.0000000E+00,  1.0130238E-02,  1.0000374E+03,  2.2248420E+03,3,
 -4.8927822E+01,  0.0000000E+00,  2.6518872E+02,3447,  7.4095584E-02,  0.0000000E+00,  2.0803470E-02,  1.0000834E+03,  4.9584883E+03,3,
 -4.7689606E+01,  0.0000000E+00,  2.6646249E+02,3486,  4.7487598E-02,  0.0000000E+00,  1.3060027E-02,  1.0002827E+03,  1.6823906E+04,3,
 -4.5102684E+01,  0.0000000E+00,  2.6598730E+02,3476,  5.0303858E-02,  0.0000000E+00,  7.2434549E-03,  1.0003512E+03,  2.0903422E+04,3,
 -4.3986755E+01,  0.0000000E+00,  2.6579022E+02,3475,  8.4459580E-02,  0.0000000E+00,  1.0472314E-02,  1.0003524E+03,  2.0976156E+04,3,
 -4.2000069E+01,  0.0000000E+00,  2.6517316E+02,3318,  4.3422028E-02,  0.0000000E+00,  1.6090263E-02,  1.0001072E+03,  6.3782485E+03,3,
 -4.1436630E+01,  0.0000000E+00,  2.6580389E+02,3455,  6.1549250E-02,  0.0000000E+00,  9.8370053E-03,  1.0002394E+03,  1.4243261E+04,3,
 -4.0170658E+01,  0.0000000E+00,  2.6573700E+02,3363,  5.6963738E-02,  0.0000000E+00,  7.7936891E-03,  1.0001839E+03,  1.0940286E+04,3,
 -3.9247143E+01,  0.0000000E+00,  2.6571326E+02,3382,  5.4746207E-02,  0.0000000E+00,  5.6455801E-03,  1.0001279E+03,  7.6093560E+03,3,
 -3.8720833E+01,  0.0000000E+00,  2.6561816E+02,3372,  4.2823516E-02,  0.0000000E+00,  4.1712793E-03,  1.0000634E+03,  3.7712742E+03,3,
 -3.7841656E+01,  0.0000000E+00,  2.6554327E+02,3154,  5.1266026E-02,  0.0000000E+00, -1.0098921E-02,  1.0000714E+03,  4.2432383E+03,3,
 -3.6233715E+01,  0.0000000E+00,  2.6602487E+02,3477,  7.4138984E-02,  0.0000000E+00, -6.1123897E-03,  1.0003447E+03,  2.0514305E+04,3,
 -3.4764050E+01,  0.0000000E+00,  2.6575156E+02,3467,  5.4388285E-02,  0.0000000E+00, -9.8963883E-03,  1.0004104E+03,  2.4431627E+04,3,
 -3.2301208E+01,  0.0000000E+00,  2.6576785E+02,3281,  6.5596648E-02,  0.0000000E+00,  3.9922362E-03,  1.0000120E+03,  7.1494366E+02,3,
 -3.2179081E+01,  0.0000000E+00,  2.6578241E+02,3337,  6.5347344E-02,  0.0000000E+00,  1.5761397E-03,  1.0000332E+03,  1.9743862E+03,3,
 -3.2328491E+01,  0.0000000E+00,  2.6576376E+02,3353,  6.6413961E-02,  0.0000000E+00,  1.0072143E-03,  1.0000054E+03,  3.2298849E+02,3,
 -3.1320133E+01,  0.0000000E+00,  2.6713855E+02,3468,  4.3714002E-02,  0.0000000E+00,  5.2705780E-03,  1.0004822E+03,  2.8714441E+04,3,
 -2.9270323E+01,  0.0000000E+00,  2.6614471E+02,3418,  6.3067667E-02,  0.0000000E+00,  1.4505206E-02,  1.0000707E+03,  4.2069326E+03,3,
 -2.8843306E+01,  0.0000000E+00,  2.6615216E+02,3263,  5.4875184E-02,  0.0000000E+00,  1.1348929E-02,  9.9998804E+02, -7.1126337E+02,3,
 -2.8113920E+01,  0.0000000E+00,  2.6616861E+02,3136,  5.4532729E-02,  0.0000000E+00,  8.1881760E-03,  1.0000046E+03,  2.7580972E+02,3,
 -2.8129465E+01,  0.0000000E+00,  2.6616473E+02,3145,  5.7047352E-02,  0.0000000E+00,  3.2714808E-03,  1.0000022E+03,  1.3064575E+02,3,
 -2.5977373E+01,  0.0000000E+00,  2.6617581E+02,3458,  5.9017532E-02,  0.0000000E+00, -6.0543497E-03,  1.0005187E+03,  3.0887482E+04,3,
 -2.3815039E+01,  0.0000000E+00,  2.6639511E+02,3326,  5.7656337E-02,  0.0000000E+00,  3.2327869E-03,  9.9994897E+02, -3.0334004E+03,3,
 -2.3812243E+01,  0.0000000E+00,  2.6639563E+02,3344,  5.7588417E-02,  0.0000000E+00,  3.0665142E-03,  9.9994849E+02, -3.0624238E+03,3,
 -2.3637987E+01,  0.0000000E+00,  2.6641617E+02,3410,  5.7320617E-02,  0.0000000E+00,  2.0109054E-03,  9.9990717E+02, -5.5182100E+03,3,
 -2.2611580E+01,  0.0000000E+00,  2.6662674E+02,3400,  5.4563239E-02,  0.0000000E+00,  1.0521797E-03,  1.0002110E+03,  1.2553483E+04,3,
 -2.1287977E+01,  0.0000000E+00,  2.6649359E+02,3347,  6.0288478E-02,  0.0000000E+00, -1.3017361E-03,  9.9994171E+02, -3.4651128E+03,3,
 -1.9987761E+01,  0.0000000E+00,  2.6639941E+02,3300,  5.6640334E-02,  0.0000000E+00,  2.1085776E-04,  1.0000672E+03,  3.9963621E+03,3,
 -1.9978350E+01,  0.0000000E+00,  2.6639801E+02,3227,  5.6272671E-02,  0.0000000E+00, -2.4677132E-05,  1.0000656E+03,  3.8983394E+03,3,
 -1.9120611E+01,  0.0000000E+00,  2.6633096E+02,3127,  5.6350596E-02,  0.0000000E+00,  2.1635820E-03,  1.0000607E+03,  3.6115376E+03,3,
 -1.7459633E+01,  0.0000000E+00,  2.6639175E+02,3448,  5.9584882E-02,  0.0000000E+00,  5.0316881E-03,  1.0002145E+03,  1.2764235E+04,3,
 -1.6869423E+01,  0.0000000E+00,  2.6638760E+02,3428,  6.3174665E-02,  0.0000000E+00,  4.5460975E-03,  1.0000302E+03,  1.7929005E+03,3,
 -1.5730140E+01,  0.0000000E+00,  2.6642435E+02,3457,  4.2838786E-02,  0.0000000E+00,  3.6883969E-03,  9.9998987E+02, -6.0239984E+02,3,
 -1.4146690E+01,  0.0000000E+00,  2.6642685E+02,3459,  6.9545716E-02,  0.0000000E+00, -1.9543308E-03,  1.0000568E+03,  3.3791982E+03,3,
 -1.3977711E+01,  0.0000000E+00,  2.6644775E+02,3449,  5.5480782E-02,  0.0000000E+00, -4.0464005E-03,  1.0001637E+03,  9.7378262E+03,3,
 -1.1991361E+01,  0.0000000E+00,  2.6642953E+02,3409,  5.5231724E-02,  0.0000000E+00,  2.4970117E-05,  1.0000403E+03,  2.3990759E+03,3,
 -1.1612430E+01,  0.0000000E+00,  2.6644196E+02,3118,  5.3838052E-02,  0.0000000E+00, -9.6685151E-03,  1.0000637E+03,  3.7857959E+03,3,
 -1.0562916E+01,  0.0000000E+00,  2.6648724E+02,3383,  5.9223365E-02,  0.0000000E+00, -9.2665823E-03,  1.0002673E+03,  1.5904248E+04,3,
 -9.5295086E+00,  0.0000000E+00,  2.6645639E+02,3402,  5.8354981E-02,  0.0000000E+00,  1.0229819E-02,  9.9911908E+02, -5.2239496E+04,3,
 -9.2486792E+00,  0.0000000E+00,  2.6686514E+02,3319,  5.8986161E-02,  0.0000000E+00, -4.9022218E-04,  1.0006415E+03,  3.8214531E+04,3,
 -8.1382389E+00,  0.0000000E+00,  2.6650067E+02,3209,  5.5956900E-02,  0.0000000E+00,  1.6990260E-03,  1.0001581E+03,  9.4072656E+03,3,
 -7.0763493E+00,  0.0000000E+00,  2.6652698E+02,3109,  6.1408494E-02,  0.0000000E+00, -2.4260874E-03,  1.0000274E+03,  1.6295662E+03,3,
 -5.9235725E+00,  0.0000000E+00,  2.6654294E+02,3438,  5.4916464E-02,  0.0000000E+00,  2.3401624E-03,  1.0000103E+03,  6.0969495E+02,3,
 -5.8901896E+00,  0.0000000E+00,  2.6654340E+02,3439,  5.4390080E-02,  0.0000000E+00,  3.1490612E-03,  1.0000101E+03,  5.9880719E+02,3,
 -4.0289960E+00,  0.0000000E+00,  2.6656155E+02,3450,  6.7396224E-02,  0.0000000E+00,  4.1142055E-03,  1.0001650E+03,  9.8177432E+03,3,
 -2.8210075E+00,  0.0000000E+00,  2.6658127E+02,3441,  5.0805446E-02,  0.0000000E+00, -4.4355206E-03,  1.0000157E+03,  9.3633264E+02,3,
 -2.1637352E+00,  0.0000000E+00,  2.6660397E+02,3440,  5.7164069E-02,  0.0000000E+00, -4.2157727E-03,  9.9994226E+02, -3.4324629E+03,3,
 -9.0367937E-01,  0.0000000E+00,  2.6669720E+02,3429,  5.8747794E-02,  0.0000000E+00, -1.0084647E-02,  1.0001453E+03,  8.6444766E+03,3,
  2.8359827E-01,  0.0000000E+00,  2.6667133E+02,3419,  5.9407726E-02,  0.0000000E+00, -1.7046316E-02,  1.0007196E+03,  4.2878684E+04,3,
  1.0310931E+00,  0.0000000E+00,  2.6676315E+02,3392,  5.3825948E-02,  0.0000000E+00, -1.9014591E-03,  9.9735730E+02, -1.5588925E+05,3,
  8.4740359E-01,  0.0000000E+00,  2.6705783E+02,3346,  6.5320328E-02,  0.0000000E+00,  4.8841308E-03,  1.0009847E+03,  5.8720293E+04,3,
  2.3006794E+00,  0.0000000E+00,  2.6696674E+02,3191,  5.0756272E-02,  0.0000000E+00,  2.8158041E-02,  1.0012133E+03,  7.2404508E+04,3,
  4.3464413E+00,  0.0000000E+00,  2.6694522E+02,3100,  5.5432070E-02,  0.0000000E+00,  2.8030875E-03,  9.9975470E+02, -1.4574322E+04,3,
  4.3489528E+00,  0.0000000E+00,  2.6694540E+02,3091,  5.5529956E-02,  0.0000000E+00,  2.4993077E-03,  9.9975714E+02, -1.4429374E+04,3,
  4.6621838E+00,  0.0000000E+00,  2.6695731E+02,3430,  5.3127334E-02,  0.0000000E+00,  1.8742183E-02,  9.9990240E+02, -5.8011123E+03,3,
  4.8493309E+00,  0.0000000E+00,  2.6695752E+02,3431,  5.5541351E-02,  0.0000000E+00, -4.2699622E-03,  9.9994232E+02, -3.4288352E+03,3,
  1.3892350E+01,  0.0000000E+00,  2.6702026E+02,3420,  4.7220388E-01,  0.0000000E+00, -6.0122637E-03,  9.9994067E+02, -3.5267844E+03,3,
  1.4117088E+01,  0.0000000E+00,  2.6703714E+02,3411,  4.7217029E-01,  0.0000000E+00, -5.9703891E-03,  9.9988245E+02, -6.9870376E+03,3,
  1.4321171E+01,  0.0000000E+00,  2.6705121E+02,3356,  4.7206509E-01,  0.0000000E+00, -4.5165080E-03,  9.9978107E+02, -1.3008766E+04,3,
  1.4681877E+01,  0.0000000E+00,  2.6705298E+02,3384,  4.7420159E-01,  0.0000000E+00,  1.4465705E-02,  9.9922626E+02, -4.5898496E+04,3,
  1.5489556E+01,  0.0000000E+00,  2.6729492E+02,3365,  4.6818596E-01,  0.0000000E+00,  1.0356186E-02,  1.0008575E+03,  5.1119160E+04,3,
  1.6986950E+01,  0.0000000E+00,  2.6707816E+02,3082,  4.7389689E-01,  0.0000000E+00,  6.1260536E-03,  9.9989929E+02, -5.9860825E+03,3,
  1.7987713E+01,  0.0000000E+00,  2.6706229E+02,3421,  4.7086391E-01,  0.0000000E+00,  2.5025930E-02,  9.9980292E+02, -1.1711195E+04,3,
  1.9264856E+01,  0.0000000E+00,  2.6705188E+02,3422,  4.6691278E-01,  0.0000000E+00,  1.6915785E-02,  9.9997083E+02, -1.7345221E+03,3,
  1.9478704E+01,  0.0000000E+00,  2.6704965E+02,3432,  4.7033158E-01,  0.0000000E+00,  1.1287295E-02,  9.9999530E+02, -2.7943097E+02,3,
  2.0248886E+01,  0.0000000E+00,  2.6704034E+02,3423,  4.7598404E-01,  0.0000000E+00,  9.8129231E-03,  9.9998077E+02, -1.1430769E+03,3,
  2.3159674E+01,  0.0000000E+00,  2.6710959E+02,3218,  4.6023920E-01,  0.0000000E+00, -3.4812998E-02,  1.0001533E+03,  9.1203047E+03,3,
  2.3543430E+01,  0.0000000E+00,  2.6707098E+02,3310,  4.7186920E-01,  0.0000000E+00,  3.4886671E-03,  9.9964331E+02, -2.1185342E+04,3,
  2.3758986E+01,  0.0000000E+00,  2.6707950E+02,3246,  4.7236067E-01,  0.0000000E+00, -2.0646125E-02,  9.9994525E+02, -3.2547007E+03,3,
  2.3967180E+01,  0.0000000E+00,  2.6706906E+02,3345,  4.7165301E-01,  0.0000000E+00, -2.9356670E-02,  9.9998053E+02, -1.1575913E+03,3,
  2.4286871E+01,  0.0000000E+00,  2.6704999E+02,3412,  4.7039407E-01,  0.0000000E+00, -2.0163776E-02,  9.9999084E+02, -5.4433881E+02,3,
