TimeStep [s],Np,Nbound,Nfixed,Nmoving,Nfloat,Nfluid
225.001,1800,0,0,0,0,1800

Pos.x [m],Pos.y [m],Pos.z [m],Idp,Vel.x [m/s],Vel.y [m/s],Vel.z [m/s],Rhop [kg/m^3],Press [Pa],Type,
  3.0152002E+02,  0.0000000E+00,  2.5134264E+02,3204,  8.8982284E-02,  0.0000000E+00, -7.4030876E-02,  1.0008909E+03,  5.3111023E+04,3,
  3.0210388E+02,  0.0000000E+00,  2.5087062E+02,2912,  5.4322600E-02,  0.0000000E+00, -1.3434622E-02,  1.0010050E+03,  5.9935988E+04,3,
  3.0406482E+02,  0.0000000E+00,  2.5117432E+02,3067,  9.2124432E-02,  0.0000000E+00,  1.8438715E-02,  1.0004663E+03,  2.7764566E+04,3,
  3.0374149E+02,  0.0000000E+00,  2.5111665E+02,3130,  1.1347843E-01,  0.0000000E+00,  2.7579639E-02,  1.0005001E+03,  2.9777242E+04,3,
  3.0254248E+02,  0.0000000E+00,  2.5060178E+02,3104,  6.0397409E-02,  0.0000000E+00, -8.4054880E-03,  1.0012509E+03,  7.4652906E+04,3,
  3.0590067E+02,  0.0000000E+00,  2.5058180E+02,3090,  6.2262814E-02,  0.0000000E+00, -1.4173235E-02,  1.0020498E+03,  1.2262921E+05,3,
  3.0714630E+02,  0.0000000E+00,  2.5070886E+02,3072,  5.7091575E-02,  0.0000000E+00, -7.2695324E-03,  1.0019591E+03,  1.1717130E+05,3,
  3.0850571E+02,  0.0000000E+00,  2.5053635E+02,2946,  5.4684866E-02,  0.0000000E+00,  1.1132440E-03,  1.0021259E+03,  1.2720791E+05,3,
  3.1015192E+02,  0.0000000E+00,  2.5097685E+02,3123,  4.8923481E-02,  0.0000000E+00,  1.1839830E-02,  1.0008094E+03,  4.8241512E+04,3,
  3.1083871E+02,  0.0000000E+00,  2.5089990E+02,2976,  2.8143002E-02,  0.0000000E+00,  8.7241903E-03,  1.0008591E+03,  5.1210355E+04,3,
  3.1175397E+02,  0.0000000E+00,  2.5077144E+02,3013,  2.8004520E-02,  0.0000000E+00, -6.0832039E-03,  1.0010671E+03,  6.3649711E+04,3,
  3.1291827E+02,  0.0000000E+00,  2.5082140E+02,3031,  2.8780650E-02,  0.0000000E+00, -1.5238279E-02,  1.0010605E+03,  6.3255266E+04,3,
  3.1368860E+02,  0.0000000E+00,  2.5104393E+02,2967,  2.7305242E-02,  0.0000000E+00, -1.8615162E-02,  1.0007878E+03,  4.6950668E+04,3,
  3.1501813E+02,  0.0000000E+00,  2.5063425E+02,3107,  2.7096145E-02,  0.0000000E+00, -1.2463469E-02,  1.0017134E+03,  1.0239913E+05,3,
  3.1623828E+02,  0.0000000E+00,  2.5057889E+02,3062,  1.8222272E-02,  0.0000000E+00, -7.4353507E-03,  1.0017772E+03,  1.0623502E+05,3,
  3.1754953E+02,  0.0000000E+00,  2.5100856E+02,3077,  2.6144542E-02,  0.0000000E+00, -5.0868993E-03,  1.0007930E+03,  4.7260602E+04,3,
  3.1844681E+02,  0.0000000E+00,  2.5107089E+02,3040,  2.4873482E-02,  0.0000000E+00, -4.3478878E-03,  1.0006530E+03,  3.8903086E+04,3,
  3.1915787E+02,  0.0000000E+00,  2.5073119E+02,3004,  1.8048061E-02,  0.0000000E+00, -7.8910412E-03,  1.0012186E+03,  7.2722547E+04,3,
  3.2034146E+02,  0.0000000E+00,  2.5090016E+02,3069,  1.7520597E-02,  0.0000000E+00, -1.0008646E-02,  1.0009772E+03,  5.8274941E+04,3,
  3.2140448E+02,  0.0000000E+00,  2.5067679E+02,2867,  1.2562824E-02,  0.0000000E+00, -1.2958109E-02,  1.0013536E+03,  8.0812094E+04,3,
  3.2249503E+02,  0.0000000E+00,  2.5088113E+02,2939,  2.0606222E-02,  0.0000000E+00, -1.7357504E-02,  1.0009109E+03,  5.4307793E+04,3,
  3.2380493E+02,  0.0000000E+00,  2.5091714E+02,3058,  1.7351869E-01,  0.0000000E+00,  2.0385042E-02,  1.0008002E+03,  4.7694523E+04,3,
  3.2536731E+02,  0.0000000E+00,  2.5071291E+02,2704,  5.6535512E-02,  0.0000000E+00, -1.2239526E-02,  1.0014612E+03,  8.7264281E+04,3,
  3.2664780E+02,  0.0000000E+00,  2.5050597E+02,3008,  6.9069944E-02,  0.0000000E+00, -1.3283892E-02,  1.0019636E+03,  1.1744302E+05,3,
  3.2797168E+02,  0.0000000E+00,  2.5089978E+02,2995,  1.0432087E-01,  0.0000000E+00, -3.0939104E-02,  1.0010800E+03,  6.4424031E+04,3,
  3.2895340E+02,  0.0000000E+00,  2.5092873E+02,2958,  9.0230905E-02,  0.0000000E+00, -2.2112165E-02,  1.0009436E+03,  5.6263797E+04,3,
  3.2369443E+02,  0.0000000E+00,  2.5105759E+02,2921, -1.0262185E-01,  0.0000000E+00, -6.2513404E-02,  1.0006160E+03,  3.6691867E+04,3,
  3.3007217E+02,  0.0000000E+00,  2.5068433E+02,2695,  1.1530804E-01,  0.0000000E+00, -1.0653810E-02,  1.0012996E+03,  7.7574758E+04,3,
  3.3076047E+02,  0.0000000E+00,  2.5117734E+02,2831,  1.0121506E-01,  0.0000000E+00, -5.6192912E-03,  1.0006224E+03,  3.7074332E+04,3,
  3.3202844E+02,  0.0000000E+00,  2.5074629E+02,3061,  1.0786965E-01,  0.0000000E+00, -1.0697579E-03,  1.0014957E+03,  8.9332938E+04,3,
  3.3333887E+02,  0.0000000E+00,  2.5043027E+02,2999,  9.7300597E-02,  0.0000000E+00, -7.5506093E-03,  1.0022380E+03,  1.3396586E+05,3,
  3.3478763E+02,  0.0000000E+00,  2.5103177E+02,2804,  9.8478243E-02,  0.0000000E+00, -4.7097681E-03,  1.0008042E+03,  4.7931547E+04,3,
  3.3560486E+02,  0.0000000E+00,  2.5093790E+02,2996,  1.0249662E-01,  0.0000000E+00, -9.0074912E-03,  1.0008494E+03,  5.0630375E+04,3,
  3.3656360E+02,  0.0000000E+00,  2.5071620E+02,2941,  1.0342215E-01,  0.0000000E+00, -1.2218742E-02,  1.0011862E+03,  7.0777930E+04,3,
  3.3761258E+02,  0.0000000E+00,  2.5089905E+02,2931,  8.7673396E-02,  0.0000000E+00, -1.9508103E-02,  1.0008669E+03,  5.1677281E+04,3,
  3.3863461E+02,  0.0000000E+00,  2.5088080E+02,2922,  1.6359423E-01,  0.0000000E+00, -1.0666572E-02,  1.0009100E+03,  5.4253059E+04,3,
  3.3906909E+02,  0.0000000E+00,  2.5104938E+02,2950,  1.0607518E-01,  0.0000000E+00, -5.2816689E-02,  1.0007214E+03,  4.2988023E+04,3,
  3.4086493E+02,  0.0000000E+00,  2.5045061E+02,3009,  1.7925632E-01,  0.0000000E+00, -6.6763074E-03,  1.0023187E+03,  1.3882572E+05,3,
  3.4213040E+02,  0.0000000E+00,  2.5074091E+02,2910,  2.0534256E-01,  0.0000000E+00, -2.0756038E-02,  1.0017230E+03,  1.0297479E+05,3,
  3.4345059E+02,  0.0000000E+00,  2.5081479E+02,2937,  2.1611929E-01,  0.0000000E+00, -3.1577844E-02,  1.0014089E+03,  8.4123672E+04,3,
  3.4461288E+02,  0.0000000E+00,  2.5077461E+02,2963,  2.1698064E-01,  0.0000000E+00, -2.0562589E-02,  1.0013749E+03,  8.2085367E+04,3,
  3.4576093E+02,  0.0000000E+00,  2.5071001E+02,2981,  2.4740003E-01,  0.0000000E+00, -1.1652506E-02,  1.0014000E+03,  8.3593016E+04,3,
  3.4691943E+02,  0.0000000E+00,  2.5080472E+02,2960,  2.4436319E-01,  0.0000000E+00, -4.4368976E-03,  1.0011398E+03,  6.8000570E+04,3,
  3.4790222E+02,  0.0000000E+00,  2.5095447E+02,2849,  2.7983594E-01,  0.0000000E+00, -1.7371004E-02,  1.0008250E+03,  4.9171457E+04,3,
  3.4887070E+02,  0.0000000E+00,  2.5074767E+02,2952,  2.6531190E-01,  0.0000000E+00, -2.0484911E-02,  1.0011901E+03,  7.1011852E+04,3,
  3.4989471E+02,  0.0000000E+00,  2.5087686E+02,2814,  2.9563344E-01,  0.0000000E+00, -2.7006917E-02,  1.0010042E+03,  5.9884875E+04,3,
  3.5073141E+02,  0.0000000E+00,  2.5101405E+02,2596,  2.9500932E-01,  0.0000000E+00, -3.8173385E-02,  1.0009112E+03,  5.4326035E+04,3,
  3.5221735E+02,  0.0000000E+00,  2.5042021E+02,2919,  3.0988136E-01,  0.0000000E+00, -1.2871136E-02,  1.0023630E+03,  1.4149761E+05,3,
  3.5344925E+02,  0.0000000E+00,  2.5094846E+02,2953,  3.5076115E-01,  0.0000000E+00, -2.3713222E-02,  1.0012924E+03,  7.7143188E+04,3,
  3.5466199E+02,  0.0000000E+00,  2.5071434E+02,2942,  3.2113701E-01,  0.0000000E+00, -1.0027001E-02,  1.0014893E+03,  8.8948469E+04,3,
  3.5579538E+02,  0.0000000E+00,  2.5073433E+02,2915,  3.5488236E-01,  0.0000000E+00, -2.5727710E-02,  1.0012883E+03,  7.6894500E+04,3,
  3.5692270E+02,  0.0000000E+00,  2.5096623E+02,3016,  3.6436656E-01,  0.0000000E+00, -4.4298951E-02,  1.0007827E+03,  4.6644391E+04,3,
  3.5763379E+02,  0.0000000E+00,  2.5077545E+02,2979,  3.8643798E-01,  0.0000000E+00, -3.6318012E-02,  1.0010012E+03,  5.9705980E+04,3,
  3.5893121E+02,  0.0000000E+00,  2.5087109E+02,2850,  4.7263059E-01,  0.0000000E+00,  2.5469232E-02,  1.0007133E+03,  4.2503281E+04,3,
  3.5991330E+02,  0.0000000E+00,  2.5067133E+02,2832,  2.1017559E-01,  0.0000000E+00,  2.5596760E-02,  1.0011987E+03,  7.1530875E+04,3,
  3.6005258E+02,  0.0000000E+00,  2.5087910E+02,2723,  2.1319997E-01,  0.0000000E+00,  3.6660247E-02,  1.0010556E+03,  6.2963098E+04,3,
  3.9003217E+02,  0.0000000E+00,  2.5102893E+02,2772,  2.4547079E-01,  0.0000000E+00, -1.2382980E-01,  1.0008028E+03,  4.7847676E+04,3,
  3.9068900E+02,  0.0000000E+00,  2.5074199E+02,2809,  4.6649870E-01,  0.0000000E+00, -8.0082931E-02,  1.0010569E+03,  6.3043441E+04,3,
  3.9035046E+02,  0.0000000E+00,  2.5070345E+02,2774, -9.4749965E-02,  0.0000000E+00,  1.0404015E-01,  1.0010527E+03,  6.2791453E+04,3,
  3.9238171E+02,  0.0000000E+00,  2.5081354E+02,2579,  3.2241100E-01,  0.0000000E+00, -6.6831689E-03,  1.0012150E+03,  7.2506867E+04,3,
  3.9340411E+02,  0.0000000E+00,  2.5085376E+02,2762,  2.2917460E-01,  0.0000000E+00, -1.1798870E-02,  1.0010779E+03,  6.4296191E+04,3,
  3.9437497E+02,  0.0000000E+00,  2.5098367E+02,2816,  2.7757868E-01,  0.0000000E+00, -1.7409548E-02,  1.0007697E+03,  4.5867801E+04,3,
  3.9522372E+02,  0.0000000E+00,  2.5080183E+02,2696,  2.6789358E-01,  0.0000000E+00, -4.5752730E-03,  1.0010565E+03,  6.3017879E+04,3,
  3.9631284E+02,  0.0000000E+00,  2.5070123E+02,2898,  2.8815117E-01,  0.0000000E+00,  4.0336349E-03,  1.0011992E+03,  7.1560117E+04,3,
  3.9736542E+02,  0.0000000E+00,  2.5101064E+02,2897,  2.9553780E-01,  0.0000000E+00, -1.4074134E-03,  1.0006177E+03,  3.6797500E+04,3,
  3.9805060E+02,  0.0000000E+00,  2.5091862E+02,2515,  2.9957080E-01,  0.0000000E+00, -5.0853379E-03,  1.0007461E+03,  4.4460617E+04,3,
  3.9923212E+02,  0.0000000E+00,  2.5074419E+02,2852,  3.1847781E-01,  0.0000000E+00, -1.1167557E-02,  1.0011130E+03,  6.6400289E+04,3,
  3.9983157E+02,  0.0000000E+00,  2.5095326E+02,2765,  3.2257837E-01,  0.0000000E+00, -2.0578207E-02,  1.0008500E+03,  5.0666852E+04,3,
  4.0131726E+02,  0.0000000E+00,  2.5068791E+02,2775,  3.1865832E-01,  0.0000000E+00, -1.7083108E-02,  1.0015707E+03,  9.3834195E+04,3,
  4.0254709E+02,  0.0000000E+00,  2.5083746E+02,2730,  3.2657239E-01,  0.0000000E+00, -5.2067661E-03,  1.0015941E+03,  9.5237367E+04,3,
  4.0377917E+02,  0.0000000E+00,  2.5042886E+02,2712,  3.6107251E-01,  0.0000000E+00, -6.7434856E-04,  1.0023505E+03,  1.4074675E+05,3,
  4.0557532E+02,  0.0000000E+00,  2.5107558E+02,2561,  3.1737071E-01,  0.0000000E+00,  1.2033797E-02,  1.0006237E+03,  3.7154469E+04,3,
  4.0604126E+02,  0.0000000E+00,  2.5101344E+02,2943,  3.3458984E-01,  0.0000000E+00, -2.6772215E-03,  1.0006779E+03,  4.0389648E+04,3,
  4.0678937E+02,  0.0000000E+00,  2.5081738E+02,2844,  3.1653851E-01,  0.0000000E+00, -6.6534979E-03,  1.0009814E+03,  5.8526816E+04,3,
  4.0794940E+02,  0.0000000E+00,  2.5078252E+02,2859,  4.9360815E-01,  0.0000000E+00, -4.1321799E-02,  1.0009985E+03,  5.9548996E+04,3,
  4.0927060E+02,  0.0000000E+00,  2.5072362E+02,2825,  3.3365923E-01,  0.0000000E+00,  3.3241443E-02,  1.0009323E+03,  5.5588641E+04,3,
  4.0978442E+02,  0.0000000E+00,  2.5092784E+02,2761,  1.1469458E-01,  0.0000000E+00,  1.4480327E-02,  1.0008252E+03,  4.9186047E+04,3,
  4.1027811E+02,  0.0000000E+00,  2.5097656E+02,2746,  1.9868325E-01,  0.0000000E+00,  1.2542340E-01,  1.0010347E+03,  6.1710516E+04,3,
  6.6042706E+02,  0.0000000E+00,  2.5065367E+02,2345,  6.1452072E-02,  0.0000000E+00, -8.6491935E-02,  1.0011490E+03,  6.8552328E+04,3,
  6.5989874E+02,  0.0000000E+00,  2.5090784E+02,2592,  2.6489407E-01,  0.0000000E+00, -2.5807831E-01,  1.0009162E+03,  5.4625254E+04,3,
  6.6163959E+02,  0.0000000E+00,  2.5058711E+02,2576,  1.1719679E+00,  0.0000000E+00,  6.9623493E-02,  1.0014862E+03,  8.8761727E+04,3,
  6.6308209E+02,  0.0000000E+00,  2.5132631E+02,2557,  7.3013145E-01,  0.0000000E+00, -4.9855214E-02,  1.0006500E+03,  3.8724566E+04,3,
  6.6371973E+02,  0.0000000E+00,  2.5107449E+02,2565,  5.5714542E-01,  0.0000000E+00, -2.4800384E-02,  1.0006935E+03,  4.1318863E+04,3,
  6.6442957E+02,  0.0000000E+00,  2.5095694E+02,2494,  5.6174713E-01,  0.0000000E+00,  3.8066024E-03,  1.0008168E+03,  4.8682770E+04,3,
  6.6534979E+02,  0.0000000E+00,  2.5083307E+02,2522,  7.9128963E-01,  0.0000000E+00,  4.2062651E-02,  1.0010255E+03,  6.1162789E+04,3,
  6.6645648E+02,  0.0000000E+00,  2.5118874E+02,2408,  7.4426800E-01,  0.0000000E+00,  2.0969391E-03,  1.0008340E+03,  4.9714879E+04,3,
  6.6746283E+02,  0.0000000E+00,  2.5044089E+02,2613,  7.3793525E-01,  0.0000000E+00, -1.3715205E-03,  1.0017211E+03,  1.0286479E+05,3,
  6.6869617E+02,  0.0000000E+00,  2.5125122E+02,2539,  6.3588166E-01,  0.0000000E+00,  6.9802417E-04,  1.0005140E+03,  3.0607180E+04,3,
  6.6917401E+02,  0.0000000E+00,  2.5133896E+02,2363,  7.0128167E-01,  0.0000000E+00, -1.4171371E-03,  1.0003892E+03,  2.3169332E+04,3,
  6.6975720E+02,  0.0000000E+00,  2.5127399E+02,2438,  7.2906542E-01,  0.0000000E+00,  1.7254442E-02,  1.0004893E+03,  2.9132996E+04,3,
  6.7098602E+02,  0.0000000E+00,  2.5054802E+02,2575,  7.2304344E-01,  0.0000000E+00,  4.1253339E-03,  1.0016044E+03,  9.5856578E+04,3,
  6.7212579E+02,  0.0000000E+00,  2.5079315E+02,2465,  7.0462412E-01,  0.0000000E+00, -4.1419938E-03,  1.0012703E+03,  7.5815695E+04,3,
  6.7316101E+02,  0.0000000E+00,  2.5119920E+02,2317,  6.5667075E-01,  0.0000000E+00,  2.4281077E-02,  1.0007346E+03,  4.3775324E+04,3,
  6.7400458E+02,  0.0000000E+00,  2.5096593E+02,2366,  6.9927245E-01,  0.0000000E+00,  1.9267848E-02,  1.0008350E+03,  4.9769590E+04,3,
  6.7490698E+02,  0.0000000E+00,  2.5086224E+02,2549,  7.1129853E-01,  0.0000000E+00,  1.0188534E-02,  1.0009252E+03,  5.5165320E+04,3,
  6.7586041E+02,  0.0000000E+00,  2.5093997E+02,2401,  6.9759482E-01,  0.0000000E+00,  2.6327811E-04,  1.0007686E+03,  4.5802180E+04,3,
  6.7673560E+02,  0.0000000E+00,  2.5104114E+02,2466,  6.8692851E-01,  0.0000000E+00, -1.1206636E-02,  1.0006301E+03,  3.7533309E+04,3,
  6.7715833E+02,  0.0000000E+00,  2.5120625E+02,2392,  7.1875870E-01,  0.0000000E+00, -7.1431259E-03,  1.0005142E+03,  3.0618102E+04,3,
  6.7844745E+02,  0.0000000E+00,  2.5070581E+02,2427,  6.9323677E-01,  0.0000000E+00, -1.8337487E-03,  1.0012838E+03,  7.6623875E+04,3,
  6.7950677E+02,  0.0000000E+00,  2.5081615E+02,2390,  7.1306384E-01,  0.0000000E+00,  7.5392900E-03,  1.0012238E+03,  7.3029625E+04,3,
  6.8057751E+02,  0.0000000E+00,  2.5103789E+02,2436,  7.3107499E-01,  0.0000000E+00, -4.4680564E-04,  1.0010051E+03,  5.9943293E+04,3,
  6.8159613E+02,  0.0000000E+00,  2.5073358E+02,2532,  7.1261239E-01,  0.0000000E+00, -3.7383458E-03,  1.0012961E+03,  7.7362633E+04,3,
  6.8270691E+02,  0.0000000E+00,  2.5089397E+02,2540,  7.0928621E-01,  0.0000000E+00,  3.2212110E-03,  1.0010146E+03,  6.0512859E+04,3,
  6.8371826E+02,  0.0000000E+00,  2.5100471E+02,2458,  6.8842930E-01,  0.0000000E+00,  2.5481122E-02,  1.0007672E+03,  4.5721973E+04,3,
  6.8449139E+02,  0.0000000E+00,  2.5094167E+02,2309,  7.3108470E-01,  0.0000000E+00,  1.2129297E-02,  1.0007864E+03,  4.6870453E+04,3,
  6.8545471E+02,  0.0000000E+00,  2.5124561E+02,2420,  6.9417709E-01,  0.0000000E+00,  2.1780308E-02,  1.0004886E+03,  2.9096600E+04,3,
  6.8613763E+02,  0.0000000E+00,  2.5072273E+02,2412,  7.0936507E-01,  0.0000000E+00, -4.3090782E-03,  1.0010834E+03,  6.4628582E+04,3,
  6.8713354E+02,  0.0000000E+00,  2.5109502E+02,2429,  7.0539886E-01,  0.0000000E+00, -1.9738428E-02,  1.0006936E+03,  4.1326152E+04,3,
  6.8807080E+02,  0.0000000E+00,  2.5077498E+02,2403,  6.9659895E-01,  0.0000000E+00, -2.0476069E-02,  1.0010327E+03,  6.1590012E+04,3,
  6.8912567E+02,  0.0000000E+00,  2.5097180E+02,2467,  6.7100769E-01,  0.0000000E+00, -2.9319015E-03,  1.0007526E+03,  4.4847027E+04,3,
  6.8956464E+02,  0.0000000E+00,  2.5119652E+02,2447,  6.5655386E-01,  0.0000000E+00,  7.8874398E-03,  1.0005260E+03,  3.1324332E+04,3,
  6.9094269E+02,  0.0000000E+00,  2.5067720E+02,2254,  7.0799571E-01,  0.0000000E+00,  3.2169320E-02,  1.0012568E+03,  7.5007578E+04,3,
  6.9166547E+02,  0.0000000E+00,  2.5106215E+02,2348,  6.9605798E-01,  0.0000000E+00,  2.3676520E-02,  1.0008646E+03,  5.1538660E+04,3,
  6.9276611E+02,  0.0000000E+00,  2.5103917E+02,2355,  7.1690178E-01,  0.0000000E+00,  7.4099465E-03,  1.0009939E+03,  5.9271535E+04,3,
  6.9403406E+02,  0.0000000E+00,  2.5047513E+02,2370,  6.7774349E-01,  0.0000000E+00,  1.3212278E-02,  1.0019072E+03,  1.1404700E+05,3,
  6.9598792E+02,  0.0000000E+00,  2.5085991E+02,2391,  6.3850397E-01,  0.0000000E+00,  3.3061087E-02,  1.0011147E+03,  6.6498930E+04,3,
  6.9698602E+02,  0.0000000E+00,  2.5067596E+02,2446,  6.8925077E-01,  0.0000000E+00, -4.9196254E-03,  1.0013740E+03,  8.2034141E+04,3,
  6.9837372E+02,  0.0000000E+00,  2.5094322E+02,2373,  8.4025776E-01,  0.0000000E+00, -9.1535196E-02,  1.0006683E+03,  3.9813941E+04,3,
  6.9921771E+02,  0.0000000E+00,  2.5096986E+02,2430,  7.7910465E-01,  0.0000000E+00,  8.9741573E-02,  1.0004670E+03,  2.7808236E+04,3,
  7.0016290E+02,  0.0000000E+00,  2.5079089E+02,2439,  2.1862987E-01,  0.0000000E+00,  1.3235672E-01,  1.0009785E+03,  5.8347949E+04,3,
  7.0009698E+02,  0.0000000E+00,  2.5116919E+02,2405,  2.5488964E-01,  0.0000000E+00,  1.5821265E-01,  1.0006412E+03,  3.8196316E+04,3,
  7.2232880E+02,  0.0000000E+00,  2.5122115E+02,2421,  1.1414561E+00,  0.0000000E+00,  1.4983536E-01,  1.0006152E+03,  3.6648156E+04,3,
  7.2080688E+02,  0.0000000E+00,  2.5059598E+02,2318,  5.8804178E-01,  0.0000000E+00, -1.0953804E-02,  1.0013620E+03,  8.1313336E+04,3,
  7.2023328E+02,  0.0000000E+00,  2.5067735E+02,2334,  2.6919454E-01,  0.0000000E+00, -1.1695746E-01,  1.0012355E+03,  7.3735211E+04,3,
  7.1941357E+02,  0.0000000E+00,  2.5130304E+02,2441,  5.6447875E-01,  0.0000000E+00, -5.2027011E-01,  1.0008826E+03,  5.2618492E+04,3,
  7.2327277E+02,  0.0000000E+00,  2.5104625E+02,2385,  8.4092456E-01,  0.0000000E+00, -9.2208922E-02,  1.0007041E+03,  4.1952965E+04,3,
  7.2409845E+02,  0.0000000E+00,  2.5085358E+02,2346,  5.4918581E-01,  0.0000000E+00, -7.2453350E-02,  1.0009054E+03,  5.3979398E+04,3,
  7.2499066E+02,  0.0000000E+00,  2.5084641E+02,2228,  7.6206094E-01,  0.0000000E+00, -1.2422451E-01,  1.0009103E+03,  5.4271305E+04,3,
  7.2614514E+02,  0.0000000E+00,  2.5086389E+02,2414,  7.1012568E-01,  0.0000000E+00, -5.6631710E-02,  1.0007898E+03,  4.7070992E+04,3,
  7.2856000E+02,  0.0000000E+00,  2.5085211E+02,2328,  7.3772478E-01,  0.0000000E+00,  1.3450344E-02,  1.0008962E+03,  5.3432094E+04,3,
  7.2706903E+02,  0.0000000E+00,  2.5110278E+02,2338,  7.6678234E-01,  0.0000000E+00, -1.5181493E-03,  1.0003762E+03,  2.2394572E+04,3,
  7.2750891E+02,  0.0000000E+00,  2.5109070E+02,2397,  7.0537549E-01,  0.0000000E+00, -3.3096790E-03,  1.0004175E+03,  2.4853641E+04,3,
  7.2975555E+02,  0.0000000E+00,  2.5076186E+02,2251,  7.4353659E-01,  0.0000000E+00,  7.5287879E-03,  1.0011426E+03,  6.8172305E+04,3,
  7.3073956E+02,  0.0000000E+00,  2.5097519E+02,2202,  7.5805962E-01,  0.0000000E+00,  5.5571506E-03,  1.0008516E+03,  5.0765336E+04,3,
  7.3187335E+02,  0.0000000E+00,  2.5077095E+02,2319,  7.7423441E-01,  0.0000000E+00, -2.6434084E-02,  1.0011487E+03,  6.8537711E+04,3,
  7.3304181E+02,  0.0000000E+00,  2.5089709E+02,2375,  7.5425863E-01,  0.0000000E+00, -4.1903924E-02,  1.0009120E+03,  5.4377121E+04,3,
  7.3408392E+02,  0.0000000E+00,  2.5078520E+02,2377,  7.7850455E-01,  0.0000000E+00, -3.4049504E-02,  1.0009647E+03,  5.7526645E+04,3,
  7.3524200E+02,  0.0000000E+00,  2.5108234E+02,2218,  7.3658043E-01,  0.0000000E+00,  1.4614269E-02,  1.0004534E+03,  2.6996727E+04,3,
  7.3555255E+02,  0.0000000E+00,  2.5121970E+02,2331,  6.5034670E-01,  0.0000000E+00,  2.0066520E-02,  1.0002524E+03,  1.5021019E+04,3,
  7.3641339E+02,  0.0000000E+00,  2.5103477E+02,2240,  6.2742615E-01,  0.0000000E+00, -8.9204684E-03,  1.0006779E+03,  4.0386004E+04,3,
  7.3792651E+02,  0.0000000E+00,  2.5042848E+02,2360,  9.2112100E-01,  0.0000000E+00, -3.1113859E-02,  1.0018423E+03,  1.1014942E+05,3,
  7.3931207E+02,  0.0000000E+00,  2.5090633E+02,2291,  8.9915502E-01,  0.0000000E+00,  3.6462717E-02,  1.0006470E+03,  3.8542406E+04,3,
  7.3992401E+02,  0.0000000E+00,  2.5097720E+02,2329,  2.1957120E-01,  0.0000000E+00,  6.1345097E-02,  1.0006415E+03,  3.8214531E+04,3,
  7.4053735E+02,  0.0000000E+00,  2.5133888E+02,2282,  8.9859746E-02,  0.0000000E+00,  1.4251845E-01,  1.0006558E+03,  3.9070676E+04,3,
  7.7988239E+02,  0.0000000E+00,  2.5051857E+02,2262,  2.8746113E-02,  0.0000000E+00,  8.0285352E-03,  1.0013597E+03,  8.1177961E+04,3,
  7.8287189E+02,  0.0000000E+00,  2.5108682E+02,2217,  3.7468082E-01,  0.0000000E+00,  3.1382650E-02,  1.0005607E+03,  3.3395988E+04,3,
  7.8192798E+02,  0.0000000E+00,  2.5106146E+02,2221,  3.3993816E-01,  0.0000000E+00,  1.9784547E-02,  1.0004937E+03,  2.9395057E+04,3,
  7.8114911E+02,  0.0000000E+00,  2.5087692E+02,2312,  2.3804457E-01,  0.0000000E+00, -3.7999429E-02,  1.0006385E+03,  3.8039668E+04,3,
  7.7992706E+02,  0.0000000E+00,  2.5136937E+02,2339,  6.0326302E-01,  0.0000000E+00, -3.1997851E-01,  1.0005174E+03,  3.0811035E+04,3,
  7.8383362E+02,  0.0000000E+00,  2.5100697E+02,2192,  2.4459417E-01,  0.0000000E+00, -5.0034013E-02,  1.0007626E+03,  4.5444898E+04,3,
  7.8499487E+02,  0.0000000E+00,  2.5050047E+02,2289,  1.6124533E-01,  0.0000000E+00, -3.8860958E-02,  1.0016357E+03,  9.7736438E+04,3,
  7.8618018E+02,  0.0000000E+00,  2.5097334E+02,2168,  2.9288325E-01,  0.0000000E+00, -1.2924151E-02,  1.0007672E+03,  4.5718324E+04,3,
  7.8732635E+02,  0.0000000E+00,  2.5117271E+02,2247,  2.8154835E-01,  0.0000000E+00, -1.1013696E-02,  1.0004031E+03,  2.3995080E+04,3,
  7.8778320E+02,  0.0000000E+00,  2.5090277E+02,2233,  2.8031552E-01,  0.0000000E+00, -6.6899289E-03,  1.0007065E+03,  4.2098742E+04,3,
  7.8882941E+02,  0.0000000E+00,  2.5101717E+02,2227,  2.5886360E-01,  0.0000000E+00, -8.4463451E-03,  1.0006195E+03,  3.6903133E+04,3,
  7.8969489E+02,  0.0000000E+00,  2.5090289E+02,2146,  2.5088486E-01,  0.0000000E+00, -8.8313380E-03,  1.0008339E+03,  4.9707586E+04,3,
  7.9098297E+02,  0.0000000E+00,  2.5058270E+02,2294,  3.3809826E-01,  0.0000000E+00, -5.7983832E-03,  1.0013522E+03,  8.0724289E+04,3,
  7.9174384E+02,  0.0000000E+00,  2.5120963E+02,2150,  3.2350162E-01,  0.0000000E+00, -4.3772552E-02,  1.0004888E+03,  2.9103879E+04,3,
  7.9256152E+02,  0.0000000E+00,  2.5134030E+02,2351,  3.4967098E-01,  0.0000000E+00, -5.3824186E-02,  1.0003389E+03,  2.0172477E+04,3,
  7.9355072E+02,  0.0000000E+00,  2.5110234E+02,2141,  3.1723595E-01,  0.0000000E+00, -3.4246765E-02,  1.0007319E+03,  4.3611297E+04,3,
  7.9447089E+02,  0.0000000E+00,  2.5039674E+02,2144,  3.2857636E-01,  0.0000000E+00, -4.0175240E-03,  1.0018367E+03,  1.0980818E+05,3,
  7.9596649E+02,  0.0000000E+00,  2.5118330E+02,2210,  4.2459279E-01,  0.0000000E+00, -4.8147045E-02,  1.0004960E+03,  2.9537010E+04,3,
  7.9663525E+02,  0.0000000E+00,  2.5097397E+02,2180,  3.8199073E-01,  0.0000000E+00, -1.8894129E-02,  1.0006524E+03,  3.8866652E+04,3,
  7.9741418E+02,  0.0000000E+00,  2.5117288E+02,2216,  3.5464591E-01,  0.0000000E+00, -3.6613096E-02,  1.0003757E+03,  2.2361838E+04,3,
  7.9818024E+02,  0.0000000E+00,  2.5083784E+02,2203,  4.3847907E-01,  0.0000000E+00,  1.2168946E-02,  1.0007816E+03,  4.6582406E+04,3,
  7.9914728E+02,  0.0000000E+00,  2.5095428E+02,2182,  4.7086933E-01,  0.0000000E+00,  3.0249977E-02,  1.0007281E+03,  4.3388957E+04,3,
  7.9982159E+02,  0.0000000E+00,  2.5118210E+02,2333,  4.1129869E-01,  0.0000000E+00, -6.3154148E-03,  1.0005957E+03,  3.5482645E+04,3,
  8.0125641E+02,  0.0000000E+00,  2.5051692E+02,2253,  5.2139777E-01,  0.0000000E+00,  5.1904123E-02,  1.0017612E+03,  1.0527407E+05,3,
  8.0236621E+02,  0.0000000E+00,  2.5087697E+02,2117,  4.6512443E-01,  0.0000000E+00,  1.9935060E-02,  1.0011420E+03,  6.8132117E+04,3,
  8.0354834E+02,  0.0000000E+00,  2.5100063E+02,2194,  4.6088779E-01,  0.0000000E+00,  1.4997039E-02,  1.0007662E+03,  4.5659992E+04,3,
  8.0442322E+02,  0.0000000E+00,  2.5089427E+02,2112,  4.7503653E-01,  0.0000000E+00,  2.9288614E-02,  1.0007715E+03,  4.5980824E+04,3,
  8.0529193E+02,  0.0000000E+00,  2.5115297E+02,2196,  4.5807818E-01,  0.0000000E+00,  4.3374695E-02,  1.0005320E+03,  3.1681107E+04,3,
  8.0605872E+02,  0.0000000E+00,  2.5089667E+02,2143,  5.0170940E-01,  0.0000000E+00,  4.2002071E-02,  1.0008221E+03,  4.9000051E+04,3,
  8.0710712E+02,  0.0000000E+00,  2.5101662E+02,2166,  4.9858159E-01,  0.0000000E+00,  4.8777848E-02,  1.0008625E+03,  5.1418277E+04,3,
  8.0824225E+02,  0.0000000E+00,  2.5049544E+02,2252,  4.8348066E-01,  0.0000000E+00,  3.4633826E-02,  1.0016460E+03,  9.8352141E+04,3,
  8.0943817E+02,  0.0000000E+00,  2.5114491E+02,2215,  5.2284682E-01,  0.0000000E+00,  1.0889057E-02,  1.0005648E+03,  3.3639953E+04,3,
  8.1022565E+02,  0.0000000E+00,  2.5119041E+02,2259,  5.0587308E-01,  0.0000000E+00,  1.4535396E-02,  1.0005172E+03,  3.0796475E+04,3,
  8.1096106E+02,  0.0000000E+00,  2.5091437E+02,2232,  4.8860267E-01,  0.0000000E+00,  3.4173522E-02,  1.0007159E+03,  4.2656355E+04,3,
  8.1196606E+02,  0.0000000E+00,  2.5095181E+02,2183,  5.4026580E-01,  0.0000000E+00,  4.8079796E-02,  1.0008696E+03,  5.1841438E+04,3,
  8.1304266E+02,  0.0000000E+00,  2.5063138E+02,2153,  5.9475869E-01,  0.0000000E+00,  2.6002206E-02,  1.0013476E+03,  8.0449898E+04,3,
  8.1425970E+02,  0.0000000E+00,  2.5093135E+02,2142,  6.0133201E-01,  0.0000000E+00, -4.4681682E-04,  1.0007206E+03,  4.2936996E+04,3,
  8.1513708E+02,  0.0000000E+00,  2.5109351E+02,2106,  6.2415868E-01,  0.0000000E+00, -3.1714175E-02,  1.0005549E+03,  3.3046434E+04,3,
  8.1581250E+02,  0.0000000E+00,  2.5126456E+02,2160,  5.5807644E-01,  0.0000000E+00, -3.5593111E-02,  1.0007292E+03,  4.3450918E+04,3,
  8.1662714E+02,  0.0000000E+00,  2.5084694E+02,2231,  6.2017721E-01,  0.0000000E+00, -1.5421534E-02,  1.0008481E+03,  5.0557426E+04,3,
  8.1787677E+02,  0.0000000E+00,  2.5057983E+02,2270,  7.7377617E-01,  0.0000000E+00, -1.4297249E-02,  1.0012677E+03,  7.5662109E+04,3,
  8.1921552E+02,  0.0000000E+00,  2.5102489E+02,2214,  5.0458014E-01,  0.0000000E+00,  7.0682451E-02,  1.0004805E+03,  2.8608895E+04,3,
  8.2000665E+02,  0.0000000E+00,  2.5106371E+02,2148,  2.7071747E-01,  0.0000000E+00,  1.6626976E-02,  1.0006895E+03,  4.1078352E+04,3,
  8.2066553E+02,  0.0000000E+00,  2.5089262E+02,2219,  6.8120652E-01,  0.0000000E+00,  1.9077420E-01,  1.0011820E+03,  7.0529398E+04,3,
  9.6250067E+02,  0.0000000E+00,  2.5050572E+02,2073,  5.6694093E+00,  0.0000000E+00, -1.9508435E+00,  1.0030414E+03,  1.8249266E+05,3,
  9.6227252E+02,  0.0000000E+00,  2.5106538E+02,2098,  6.8080969E+00,  0.0000000E+00, -2.1484566E+00,  9.9035175E+02, -5.5732519E+05,3,
  9.6731470E+02,  0.0000000E+00,  2.5100386E+02,2082,  7.1194091E+00,  0.0000000E+00, -9.5345449E-01,  9.9656348E+02, -2.0223411E+05,3,
  9.6727673E+02,  0.0000000E+00,  2.5065553E+02,2071,  6.4428616E+00,  0.0000000E+00, -1.0435339E+00,  1.0050770E+03,  3.0650644E+05,3,
  9.6772491E+02,  0.0000000E+00,  2.5093069E+02,2055,  8.0767345E+00,  0.0000000E+00, -1.5596176E+00,  9.9713544E+02, -1.6886431E+05,3,
  9.6815674E+02,  0.0000000E+00,  2.5111360E+02,2100,  6.4249287E+00,  0.0000000E+00, -2.2600811E+00,  1.0003347E+03,  1.9917932E+04,3,
  1.0199156E+03,  0.0000000E+00,  2.5010542E+02,2034,  6.7587409E+00,  0.0000000E+00, -4.7868741E-01,  9.9950421E+02, -2.9434760E+04,3,
  1.0197123E+03,  0.0000000E+00,  2.4946516E+02,2065,  6.4403906E+00,  0.0000000E+00, -1.6230785E+00,  9.9871765E+02, -7.5953117E+04,3,
  1.0196536E+03,  0.0000000E+00,  2.4915582E+02,2087,  6.4771791E+00,  0.0000000E+00, -1.8474547E+00,  9.9723645E+02, -1.6295897E+05,3,
  1.0200134E+03,  0.0000000E+00,  2.4913432E+02,2053,  5.7231202E+00,  0.0000000E+00, -1.0209235E+00,  1.0021394E+03,  1.2802392E+05,3,
  1.0212672E+03,  0.0000000E+00,  2.4897006E+02,2081,  5.6636562E+00,  0.0000000E+00,  4.1747740E-01,  1.0047302E+03,  2.8526844E+05,3,
  1.0224062E+03,  0.0000000E+00,  2.4899928E+02,2068,  6.4789281E+00,  0.0000000E+00,  1.3418740E+00,  9.9671722E+02, -1.9327533E+05,3,
  1.0241470E+03,  0.0000000E+00,  2.4916057E+02,2066,  7.5233297E+00,  0.0000000E+00,  1.3597037E+00,  9.9766638E+02, -1.3778453E+05,3,
  1.0252506E+03,  0.0000000E+00,  2.4929149E+02,2062,  6.4130378E+00,  0.0000000E+00,  1.4952041E-01,  1.0031008E+03,  1.8609297E+05,3,
  1.0255590E+03,  0.0000000E+00,  2.4885048E+02,2046,  6.7137308E+00,  0.0000000E+00,  6.4774227E-01,  9.9998383E+02, -9.6164496E+02,3,
  1.0255533E+03,  0.0000000E+00,  2.4929495E+02,2056,  5.9718876E+00,  0.0000000E+00,  8.6427337E-01,  1.0005022E+03,  2.9904641E+04,3,
  1.0260684E+03,  0.0000000E+00,  2.4892004E+02,2091,  7.1550994E+00,  0.0000000E+00,  9.4762033E-01,  9.9999603E+02, -2.3588380E+02,3,
  1.0864572E+03,  0.0000000E+00,  2.4902827E+02,2050,  6.7704487E+00,  0.0000000E+00,  4.3381479E-01,  9.9994879E+02, -3.0442842E+03,3,
  1.0865890E+03,  0.0000000E+00,  2.4907954E+02,2057,  6.7667074E+00,  0.0000000E+00, -1.3889715E-01,  1.0000583E+03,  3.4699551E+03,3,
  1.0866741E+03,  0.0000000E+00,  2.4908836E+02,2037,  6.8099489E+00,  0.0000000E+00,  2.3773058E-01,  1.0001038E+03,  6.1712632E+03,3,
  1.0867529E+03,  0.0000000E+00,  2.4914302E+02,2077,  6.7251978E+00,  0.0000000E+00, -1.5369870E-01,  1.0003573E+03,  2.1267098E+04,3,
  1.0885701E+03,  0.0000000E+00,  2.4911850E+02,2036,  6.7302146E+00,  0.0000000E+00,  4.9068645E-01,  9.9994965E+02, -2.9934934E+03,3,
  1.0900039E+03,  0.0000000E+00,  2.4907384E+02,2049,  6.9778838E+00,  0.0000000E+00, -6.0399365E-01,  9.9884021E+02, -6.8719258E+04,3,
  1.0912961E+03,  0.0000000E+00,  2.4921754E+02,2041,  6.5140429E+00,  0.0000000E+00,  3.8483873E-01,  1.0011838E+03,  7.0639047E+04,3,
  1.0916127E+03,  0.0000000E+00,  2.4906232E+02,2074,  6.8609309E+00,  0.0000000E+00, -1.7516723E-01,  1.0001791E+03,  1.0656914E+04,3,
  1.0918690E+03,  0.0000000E+00,  2.4889352E+02,2063,  6.6701026E+00,  0.0000000E+00, -5.4543340E-01,  9.9996649E+02, -1.9921344E+03,3,
  1.0922495E+03,  0.0000000E+00,  2.4895364E+02,2033,  6.7309213E+00,  0.0000000E+00, -8.9753963E-02,  9.9985376E+02, -8.6913301E+03,3,
  1.1693938E+03,  0.0000000E+00,  2.4903221E+02,2052,  7.1175265E+00,  0.0000000E+00,  5.2860594E-01,  9.9997174E+02, -1.6800961E+03,3,
  1.1696106E+03,  0.0000000E+00,  2.4898793E+02,2035,  7.1089540E+00,  0.0000000E+00,  2.1906231E-01,  9.9996344E+02, -2.1735476E+03,3,
  1.1696360E+03,  0.0000000E+00,  2.4908536E+02,2031,  7.0966887E+00,  0.0000000E+00,  3.6979035E-01,  9.9999921E+02, -4.7177212E+01,3,
  1.1702057E+03,  0.0000000E+00,  2.4906157E+02,2029,  7.1261635E+00,  0.0000000E+00,  3.1640005E-01,  9.9997949E+02, -1.2192773E+03,3,
  1.1723115E+03,  0.0000000E+00,  2.4903690E+02,2060,  7.0408869E+00,  0.0000000E+00,  5.9216875E-01,  1.0000795E+03,  4.7297476E+03,3,
  1.1724626E+03,  0.0000000E+00,  2.4902992E+02,2069,  7.0406413E+00,  0.0000000E+00,  2.9974711E-01,  9.9940839E+02, -3.5113770E+04,3,
  1.1738677E+03,  0.0000000E+00,  2.4949806E+02,2043,  7.1684227E+00,  0.0000000E+00,  1.8584872E-02,  1.0010135E+03,  6.0443488E+04,3,
  1.1752015E+03,  0.0000000E+00,  2.4905823E+02,2038,  7.0133529E+00,  0.0000000E+00, -7.1053430E-02,  9.9880853E+02, -7.0589477E+04,3,
  1.1753229E+03,  0.0000000E+00,  2.4912175E+02,2040,  7.1751623E+00,  0.0000000E+00, -4.4548547E-01,  1.0002531E+03,  1.5057364E+04,3,
  1.1754299E+03,  0.0000000E+00,  2.4912349E+02,2042,  7.1860485E+00,  0.0000000E+00, -3.3158803E-01,  9.9970709E+02, -1.7400395E+04,3,
  1.1766194E+03,  0.0000000E+00,  2.4916226E+02,2045,  7.0303645E+00,  0.0000000E+00,  2.4039304E-01,  1.0002386E+03,  1.4199650E+04,3,
  1.1792990E+03,  0.0000000E+00,  2.4908586E+02,2051,  7.1334128E+00,  0.0000000E+00,  5.8039505E-02,  1.0000065E+03,  3.8468411E+02,3,
  1.1795210E+03,  0.0000000E+00,  2.4910332E+02,2054,  7.1730094E+00,  0.0000000E+00,  4.2592698E-01,  9.9998364E+02, -9.7253094E+02,3,
  1.1796667E+03,  0.0000000E+00,  2.4912399E+02,2044,  7.0968356E+00,  0.0000000E+00,  1.9797157E-01,  1.0001596E+03,  9.4944453E+03,3,
  1.1809781E+03,  0.0000000E+00,  2.4903021E+02,2047,  7.1238542E+00,  0.0000000E+00,  3.6737025E-01,  9.9936115E+02, -3.7912281E+04,3,
  1.1824506E+03,  0.0000000E+00,  2.4913161E+02,2039,  7.0488563E+00,  0.0000000E+00,  2.4752146E-01,  1.0002602E+03,  1.5482614E+04,3,
  1.1828890E+03,  0.0000000E+00,  2.4901878E+02,2048,  7.1167293E+00,  0.0000000E+00, -2.2930650E-01,  1.0000269E+03,  1.5968997E+03,3,
  1.1829386E+03,  0.0000000E+00,  2.4900865E+02,2061,  7.1078944E+00,  0.0000000E+00, -1.4913215E-01,  1.0000281E+03,  1.6694921E+03,3,
  1.1830325E+03,  0.0000000E+00,  2.4899844E+02,2064,  7.1031437E+00,  0.0000000E+00,  2.1005315E-01,  1.0000168E+03,  1.0016615E+03,3,
  1.9154434E+02,  0.0000000E+00,  2.5745880E+02,3367,  6.7741446E-02,  0.0000000E+00, -2.9557443E-01,  1.0004296E+03,  2.5577654E+04,3,
  1.9153728E+02,  0.0000000E+00,  2.5779434E+02,3368,  1.2357286E-02,  0.0000000E+00, -2.9162353E-01,  1.0003995E+03,  2.3780451E+04,3,
  1.9266747E+02,  0.0000000E+00,  2.5714655E+02,3320,  9.2095934E-02,  0.0000000E+00,  2.0506260E-01,  9.9838800E+02, -9.5383906E+04,3,
  1.9184077E+02,  0.0000000E+00,  2.5696826E+02,3010,  2.4459325E-01,  0.0000000E+00, -4.1009450E-01,  1.0007007E+03,  4.1752527E+04,3,
  1.9330350E+02,  0.0000000E+00,  2.5703717E+02,3110,  2.4756880E-01,  0.0000000E+00,  5.0958231E-02,  1.0004297E+03,  2.5584932E+04,3,
  1.9446300E+02,  0.0000000E+00,  2.5720844E+02,3339, -9.2598215E-02,  0.0000000E+00,  4.9889377E-01,  9.9983069E+02, -1.0061803E+04,3,
  1.9831871E+02,  0.0000000E+00,  2.5706284E+02,3291, -6.2040377E-02,  0.0000000E+00,  4.3585035E-01,  9.9999231E+02, -4.5724658E+02,3,
  1.9881926E+02,  0.0000000E+00,  2.5718399E+02,3282,  3.6749288E-02,  0.0000000E+00, -1.6731744E-01,  1.0027455E+03,  1.6459519E+05,3,
  1.9814333E+02,  0.0000000E+00,  2.5710648E+02,3283, -4.2305037E-02,  0.0000000E+00,  2.0196270E-02,  9.9836530E+02, -9.6720812E+04,3,
  1.9758893E+02,  0.0000000E+00,  2.5702643E+02,3358, -7.0278145E-02,  0.0000000E+00, -1.6109475E+00,  9.9919965E+02, -4.7473297E+04,3,
  1.9559729E+02,  0.0000000E+00,  2.5693384E+02,3369,  3.3286437E-01,  0.0000000E+00, -1.1760602E+00,  1.0007983E+03,  4.7577836E+04,3,
  2.0114354E+02,  0.0000000E+00,  2.5709595E+02,3255,  1.1694967E-01,  0.0000000E+00, -7.7587098E-01,  9.9716241E+02, -1.6728752E+05,3,
  2.0199771E+02,  0.0000000E+00,  2.5701764E+02,3101, -3.2658432E-02,  0.0000000E+00, -1.9263998E-01,  1.0002671E+03,  1.5893344E+04,3,
  2.0204587E+02,  0.0000000E+00,  2.5698648E+02,3201,  6.6645414E-02,  0.0000000E+00, -3.6762107E-02,  1.0000620E+03,  3.6877754E+03,3,
  2.0143855E+02,  0.0000000E+00,  2.5753513E+02,3146, -4.3274157E-02,  0.0000000E+00, -4.6550414E-01,  1.0014386E+03,  8.5906156E+04,3,
  2.0530795E+02,  0.0000000E+00,  2.5694061E+02,3359, -2.8815733E-02,  0.0000000E+00,  3.2643369E-01,  9.9988342E+02, -6.9290137E+03,3,
  2.0404384E+02,  0.0000000E+00,  2.5730737E+02,3351,  1.8446288E-01,  0.0000000E+00, -4.1561806E-01,  1.0003705E+03,  2.2052680E+04,3,
  2.0594783E+02,  0.0000000E+00,  2.5703192E+02,3360,  4.3145928E-01,  0.0000000E+00,  1.7940076E-01,  9.9975525E+02, -1.4541709E+04,3,
  2.0735773E+02,  0.0000000E+00,  2.5707474E+02,2992,  3.6550738E-02,  0.0000000E+00, -2.5032517E-01,  1.0002255E+03,  1.3418323E+04,3,
  2.0784641E+02,  0.0000000E+00,  2.5708777E+02,3001,  9.1027603E-02,  0.0000000E+00, -3.1920794E-01,  9.9990283E+02, -5.7757236E+03,3,
  2.0870210E+02,  0.0000000E+00,  2.5707492E+02,3329,  2.2342110E-01,  0.0000000E+00, -2.6659569E-01,  1.0001947E+03,  1.1583354E+04,3,
  2.0950441E+02,  0.0000000E+00,  2.5703534E+02,3273,  2.5587505E-01,  0.0000000E+00,  3.7662812E-02,  9.9984784E+02, -9.0430303E+03,3,
  2.1106799E+02,  0.0000000E+00,  2.5705026E+02,3266,  1.8473922E-01,  0.0000000E+00,  3.7988433E-01,  1.0000926E+03,  5.5067603E+03,3,
  2.1105437E+02,  0.0000000E+00,  2.5704276E+02,3083,  1.7899267E-01,  0.0000000E+00,  1.2030814E-01,  9.9993689E+02, -3.7517014E+03,3,
  2.1217165E+02,  0.0000000E+00,  2.5707138E+02,3321,  8.1600308E-02,  0.0000000E+00, -2.8127474E-01,  9.9985565E+02, -8.5789277E+03,3,
  2.1358566E+02,  0.0000000E+00,  2.5710007E+02,3128,  2.3980628E-01,  0.0000000E+00, -1.0393441E-01,  1.0008041E+03,  4.7924254E+04,3,
  2.1378133E+02,  0.0000000E+00,  2.5706949E+02,3264,  2.1736884E-01,  0.0000000E+00, -4.9956139E-02,  9.9998724E+02, -7.5843719E+02,3,
  2.1451410E+02,  0.0000000E+00,  2.5712195E+02,2983,  1.6455743E-01,  0.0000000E+00,  2.2170959E-02,  9.9926868E+02, -4.3387691E+04,3,
  2.1593449E+02,  0.0000000E+00,  2.5714011E+02,3340,  2.1705562E-01,  0.0000000E+00,  1.7792197E-03,  1.0002260E+03,  1.3443761E+04,3,
  2.1694202E+02,  0.0000000E+00,  2.5718799E+02,3349,  1.3163133E-01,  0.0000000E+00, -4.2983960E-02,  1.0003787E+03,  2.2543699E+04,3,
  2.1822205E+02,  0.0000000E+00,  2.5667422E+02,2974,  1.8278925E-01,  0.0000000E+00,  3.0668611E-02,  9.9971393E+02, -1.6994648E+04,3,
  2.1884909E+02,  0.0000000E+00,  2.5642191E+02,3219,  1.8346493E-01,  0.0000000E+00, -3.0590873E-02,  1.0000948E+03,  5.6374785E+03,3,
  2.1896756E+02,  0.0000000E+00,  2.5636661E+02,3265,  2.4828409E-01,  0.0000000E+00, -1.0352225E-02,  1.0002201E+03,  1.3094907E+04,3,
  2.2009308E+02,  0.0000000E+00,  2.5452916E+02,3306,  2.0152631E-01,  0.0000000E+00, -1.4056418E-02,  1.0011899E+03,  7.1000883E+04,3,
  2.2087440E+02,  0.0000000E+00,  2.5518822E+02,3257,  2.3295727E-01,  0.0000000E+00, -3.0768801E-02,  1.0003340E+03,  1.9877932E+04,3,
  2.2219931E+02,  0.0000000E+00,  2.5493704E+02,3147,  2.9422635E-01,  0.0000000E+00, -3.7468795E-02,  1.0004850E+03,  2.8881861E+04,3,
  2.2330852E+02,  0.0000000E+00,  2.5515280E+02,3256,  2.0175175E-01,  0.0000000E+00, -5.8931429E-02,  1.0002513E+03,  1.4955598E+04,3,
  2.2320396E+02,  0.0000000E+00,  2.5724179E+02,3331,  1.8573953E-01,  0.0000000E+00, -3.8412750E-02,  1.0001381E+03,  8.2122549E+03,3,
  2.2498222E+02,  0.0000000E+00,  2.5452460E+02,3350,  2.1932292E-01,  0.0000000E+00, -5.6386400E-02,  1.0013447E+03,  8.0277953E+04,3,
  2.2449562E+02,  0.0000000E+00,  2.5709842E+02,2956,  1.2941131E-01,  0.0000000E+00, -2.8221790E-02,  1.0001351E+03,  8.0342871E+03,3,
  2.2612823E+02,  0.0000000E+00,  2.5695367E+02,3292,  1.0493036E-01,  0.0000000E+00, -5.5135470E-03,  1.0000933E+03,  5.5503330E+03,3,
  2.2195085E+02,  0.0000000E+00,  2.5653842E+02,3238, -1.5561285E-02,  0.0000000E+00, -1.2686040E-02,  1.0002134E+03,  1.2695195E+04,3,
  2.2638589E+02,  0.0000000E+00,  2.5504713E+02,3311,  2.1813166E-01,  0.0000000E+00, -6.5304764E-02,  1.0005284E+03,  3.1469953E+04,3,
  2.2767523E+02,  0.0000000E+00,  2.5696753E+02,3074,  1.1652668E-01,  0.0000000E+00, -1.7722769E-02,  1.0001135E+03,  6.7522856E+03,3,
  2.2785818E+02,  0.0000000E+00,  2.5454973E+02,3313,  1.5054807E-01,  0.0000000E+00, -4.4689979E-02,  1.0011663E+03,  6.9586500E+04,3,
  2.2878462E+02,  0.0000000E+00,  2.5701526E+02,3293,  1.5747622E-01,  0.0000000E+00, -2.3376640E-02,  1.0001417E+03,  8.4265469E+03,3,
  2.2942372E+02,  0.0000000E+00,  2.5499825E+02,3228,  1.6141647E-01,  0.0000000E+00, -3.5034451E-03,  1.0004467E+03,  2.6592816E+04,3,
  2.3024904E+02,  0.0000000E+00,  2.5703052E+02,3156,  1.6714522E-01,  0.0000000E+00, -1.5239042E-02,  1.0001629E+03,  9.6906025E+03,3,
  2.3050017E+02,  0.0000000E+00,  2.5491089E+02,2965,  1.5111360E-01,  0.0000000E+00,  1.0281541E-02,  1.0005754E+03,  3.4269926E+04,3,
  2.3193123E+02,  0.0000000E+00,  2.5461192E+02,3323,  1.7774822E-01,  0.0000000E+00,  1.5619569E-02,  1.0011235E+03,  6.7025023E+04,3,
  2.3337117E+02,  0.0000000E+00,  2.5497911E+02,2938,  1.8957053E-01,  0.0000000E+00,  2.9554218E-03,  1.0005319E+03,  3.1673826E+04,3,
  2.3344890E+02,  0.0000000E+00,  2.5732443E+02,3342,  1.6631070E-01,  0.0000000E+00, -2.4663258E-02,  1.0001525E+03,  9.0694521E+03,3,
  2.3184947E+02,  0.0000000E+00,  2.5727136E+02,3341,  1.6047540E-01,  0.0000000E+00, -1.2793603E-02,  1.0001508E+03,  8.9677461E+03,3,
  2.3448833E+02,  0.0000000E+00,  2.5498259E+02,3220,  2.0340404E-01,  0.0000000E+00, -2.2987222E-02,  1.0004641E+03,  2.7633557E+04,3,
  2.3509900E+02,  0.0000000E+00,  2.5703955E+02,3301,  1.6332267E-01,  0.0000000E+00, -3.9692387E-02,  1.0001762E+03,  1.0482535E+04,3,
  2.3558044E+02,  0.0000000E+00,  2.5483560E+02,3202,  1.8907098E-01,  0.0000000E+00, -4.2007841E-02,  1.0006483E+03,  3.8618914E+04,3,
  2.3669881E+02,  0.0000000E+00,  2.5735092E+02,3333,  1.7397808E-01,  0.0000000E+00, -5.2247655E-02,  1.0001567E+03,  9.3237188E+03,3,
  2.3667809E+02,  0.0000000E+00,  2.5503836E+02,3285,  1.9781074E-01,  0.0000000E+00, -5.9768688E-02,  1.0003699E+03,  2.2016309E+04,3,
  2.3824808E+02,  0.0000000E+00,  2.5731815E+02,3314,  1.9528346E-01,  0.0000000E+00, -3.3916682E-02,  1.0001469E+03,  8.7352812E+03,3,
  2.3986118E+02,  0.0000000E+00,  2.5695273E+02,3294,  1.4771962E-01,  0.0000000E+00,  3.3979102E-03,  1.0001681E+03,  9.9993760E+03,3,
  2.3783228E+02,  0.0000000E+00,  2.5480005E+02,3174,  1.9023609E-01,  0.0000000E+00, -8.0749087E-02,  1.0007299E+03,  4.3491016E+04,3,
  2.3908420E+02,  0.0000000E+00,  2.5487506E+02,3137,  1.6968109E-01,  0.0000000E+00, -9.2308566E-02,  1.0006316E+03,  3.7624379E+04,3,
  2.4031879E+02,  0.0000000E+00,  2.5485948E+02,2929,  1.5098260E-01,  0.0000000E+00, -8.1884705E-02,  1.0006312E+03,  3.7598879E+04,3,
  2.4124046E+02,  0.0000000E+00,  2.5748666E+02,3324,  1.2767600E-01,  0.0000000E+00,  2.8512012E-02,  1.0001342E+03,  7.9834399E+03,3,
  2.4155069E+02,  0.0000000E+00,  2.5489531E+02,3047,  1.3953198E-01,  0.0000000E+00, -6.2378511E-02,  1.0005465E+03,  3.2547613E+04,3,
  2.4261317E+02,  0.0000000E+00,  2.5735538E+02,3322,  1.1666068E-01,  0.0000000E+00,  7.6615237E-02,  1.0001294E+03,  7.6965200E+03,3,
  2.4275691E+02,  0.0000000E+00,  2.5483746E+02,2911,  8.5909501E-02,  0.0000000E+00, -2.3231534E-02,  1.0006428E+03,  3.8291035E+04,3,
  2.4438420E+02,  0.0000000E+00,  2.5695306E+02,3248, -5.5132727E-03,  0.0000000E+00,  1.1213780E-01,  1.0001725E+03,  1.0264565E+04,3,
  2.4597318E+02,  0.0000000E+00,  2.5717642E+02,3312, -7.5585052E-02,  0.0000000E+00,  8.2390293E-02,  1.0001730E+03,  1.0293628E+04,3,
  2.4377251E+02,  0.0000000E+00,  2.5492410E+02,3229,  1.0444111E-01,  0.0000000E+00,  9.5297275E-03,  1.0006235E+03,  3.7139898E+04,3,
  2.4509796E+02,  0.0000000E+00,  2.5508031E+02,3138,  1.3721430E-01,  0.0000000E+00,  3.4790747E-02,  1.0005361E+03,  3.1928672E+04,3,
  2.4616418E+02,  0.0000000E+00,  2.5523514E+02,3065,  1.1675427E-01,  0.0000000E+00,  3.2821257E-02,  1.0003673E+03,  2.1863553E+04,3,
  2.4725908E+02,  0.0000000E+00,  2.5728537E+02,3332, -9.6801796E-04,  0.0000000E+00,  3.1722613E-02,  1.0001898E+03,  1.1289063E+04,3,
  2.4777151E+02,  0.0000000E+00,  2.5418272E+02,3144,  7.8935511E-02,  0.0000000E+00,  9.8626837E-03,  1.0014243E+03,  8.5049648E+04,3,
  2.4855916E+02,  0.0000000E+00,  2.5699783E+02,2947,  2.4022118E-03,  0.0000000E+00, -1.3574740E-03,  1.0002308E+03,  1.3730847E+04,3,
  2.4976146E+02,  0.0000000E+00,  2.5684033E+02,3192,  7.8036021E-03,  0.0000000E+00, -2.6534375E-02,  1.0002762E+03,  1.6438584E+04,3,
  2.4956197E+02,  0.0000000E+00,  2.5362201E+02,3193,  1.0696804E-01,  0.0000000E+00, -7.4702732E-02,  1.0006169E+03,  3.6746504E+04,3,
  2.5077209E+02,  0.0000000E+00,  2.5696246E+02,3302,  1.5357142E-02,  0.0000000E+00, -2.7367253E-02,  1.0002883E+03,  1.7154715E+04,3,
  2.5057455E+02,  0.0000000E+00,  2.5274438E+02,2902,  7.3259724E-03,  0.0000000E+00,  2.9161848E-02,  1.0009226E+03,  5.5008406E+04,3,
  2.5265845E+02,  0.0000000E+00,  2.5630133E+02,3038,  1.3433264E-02,  0.0000000E+00, -2.3271556E-03,  1.0004551E+03,  2.7098617E+04,3,
  2.5168610E+02,  0.0000000E+00,  2.5287819E+02,3166,  1.4820397E-01,  0.0000000E+00,  1.2303608E-02,  1.0008148E+03,  4.8562426E+04,3,
  2.5396704E+02,  0.0000000E+00,  2.5641531E+02,3210,  3.0399382E-02,  0.0000000E+00,  7.5059213E-02,  1.0003264E+03,  1.9423404E+04,3,
  2.5293556E+02,  0.0000000E+00,  2.5304529E+02,3120,  9.1455400E-02,  0.0000000E+00,  9.4888173E-03,  1.0006428E+03,  3.8291035E+04,3,
  2.5361630E+02,  0.0000000E+00,  2.5307219E+02,3002,  7.3116563E-02,  0.0000000E+00,  1.1967999E-02,  1.0006191E+03,  3.6881277E+04,3,
  2.4990219E+02,  0.0000000E+00,  2.5286830E+02,3269,  6.0010541E-02,  0.0000000E+00, -7.2728312E-03,  1.0009809E+03,  5.8493965E+04,3,
  2.5205472E+02,  0.0000000E+00,  2.5713571E+02,3284,  4.6862800E-02,  0.0000000E+00,  7.8465352E-03,  1.0002548E+03,  1.5162767E+04,3,
  2.5463968E+02,  0.0000000E+00,  2.5292351E+02,3211,  6.7864448E-02,  0.0000000E+00,  2.5858428E-02,  1.0009110E+03,  5.4315090E+04,3,
  2.5596431E+02,  0.0000000E+00,  2.5710818E+02,3315,  3.9303221E-02,  0.0000000E+00,  5.9828632E-02,  1.0002039E+03,  1.2131992E+04,3,
  2.5507138E+02,  0.0000000E+00,  2.5631815E+02,3029, -3.0251965E-02,  0.0000000E+00,  7.5480886E-02,  1.0003367E+03,  2.0041566E+04,3,
  2.5579251E+02,  0.0000000E+00,  2.5268839E+02,2893,  9.5150948E-02,  0.0000000E+00,  3.6486153E-02,  1.0013101E+03,  7.8200195E+04,3,
  2.5702744E+02,  0.0000000E+00,  2.5593127E+02,3184, -3.8969409E-02,  0.0000000E+00,  2.2302827E-02,  1.0004302E+03,  2.5610400E+04,3,
  2.5778500E+02,  0.0000000E+00,  2.5703171E+02,3303, -2.5815968E-03,  0.0000000E+00,  2.5036449E-02,  1.0002190E+03,  1.3029499E+04,3,
  2.5702396E+02,  0.0000000E+00,  2.5292534E+02,3056,  8.0968261E-02,  0.0000000E+00,  3.7194479E-02,  1.0008436E+03,  5.0283863E+04,3,
  2.5904361E+02,  0.0000000E+00,  2.5617377E+02,3129, -9.0950420E-03,  0.0000000E+00, -4.5025442E-03,  1.0003853E+03,  2.2932896E+04,3,
  2.5805020E+02,  0.0000000E+00,  2.5293930E+02,3092,  7.9691142E-02,  0.0000000E+00,  3.6911394E-02,  1.0007346E+03,  4.3771680E+04,3,
  2.5986652E+02,  0.0000000E+00,  2.5681485E+02,2920, -9.3098020E-04,  0.0000000E+00, -8.5659809E-03,  1.0002515E+03,  1.4966501E+04,3,
  2.5880579E+02,  0.0000000E+00,  2.5308014E+02,3084,  7.9540096E-02,  0.0000000E+00,  3.4795940E-02,  1.0005709E+03,  3.4000453E+04,3,
  2.5985989E+02,  0.0000000E+00,  2.5282315E+02,2875,  9.0733752E-02,  0.0000000E+00,  3.8426485E-02,  1.0010226E+03,  6.0991176E+04,3,
  2.6101443E+02,  0.0000000E+00,  2.5692813E+02,3276,  2.5634119E-02,  0.0000000E+00, -1.7097218E-02,  1.0002424E+03,  1.4421341E+04,3,
  2.6116547E+02,  0.0000000E+00,  2.5264171E+02,3252,  9.6253268E-02,  0.0000000E+00,  2.9497167E-02,  1.0014058E+03,  8.3940688E+04,3,
  2.6190350E+02,  0.0000000E+00,  2.5548917E+02,3167,  1.6592940E-02,  0.0000000E+00,  8.5543916E-02,  1.0004493E+03,  2.6749285E+04,3,
  2.6232001E+02,  0.0000000E+00,  2.5302293E+02,3239,  9.4505943E-02,  0.0000000E+00,  1.4139490E-02,  1.0007724E+03,  4.6031867E+04,3,
  2.6262817E+02,  0.0000000E+00,  2.5704150E+02,3304,  3.7218899E-02,  0.0000000E+00, -1.6192215E-02,  1.0002401E+03,  1.4286872E+04,3,
  2.6380438E+02,  0.0000000E+00,  2.5651471E+02,3020,  9.9958532E-02,  0.0000000E+00, -2.6134045E-03,  1.0003230E+03,  1.9223420E+04,3,
  2.6346945E+02,  0.0000000E+00,  2.5267807E+02,3232,  7.5752325E-02,  0.0000000E+00,  2.2338029E-02,  1.0012673E+03,  7.5636516E+04,3,
  2.6573886E+02,  0.0000000E+00,  2.5577916E+02,3165,  8.9978188E-02,  0.0000000E+00,  1.3019785E-01,  1.0003408E+03,  2.0281570E+04,3,
  2.6489139E+02,  0.0000000E+00,  2.5708194E+02,3295,  3.4745239E-02,  0.0000000E+00,  8.7189274E-03,  1.0002541E+03,  1.5119151E+04,3,
  2.6449805E+02,  0.0000000E+00,  2.5319630E+02,2848,  6.3122429E-02,  0.0000000E+00,  4.4228874E-02,  1.0005696E+03,  3.3927625E+04,3,
  2.6678580E+02,  0.0000000E+00,  2.5712054E+02,3305,  1.1219388E-01,  0.0000000E+00,  1.3974247E-02,  1.0002626E+03,  1.5624368E+04,3,
  2.6769699E+02,  0.0000000E+00,  2.5614453E+02,3247,  7.0281543E-02,  0.0000000E+00,  9.0225346E-02,  1.0003458E+03,  2.0579764E+04,3,
  2.6559424E+02,  0.0000000E+00,  2.5268488E+02,3231,  2.2642769E-02,  0.0000000E+00,  5.8384642E-02,  1.0012975E+03,  7.7446750E+04,3,
  2.6661224E+02,  0.0000000E+00,  2.5314595E+02,3251,  6.7289568E-02,  0.0000000E+00,  5.8056269E-02,  1.0007760E+03,  4.6246973E+04,3,
  2.6786948E+02,  0.0000000E+00,  2.5263246E+02,3242,  1.3484189E-01,  0.0000000E+00,  1.8609205E-02,  1.0015179E+03,  9.0662227E+04,3,
  2.6880319E+02,  0.0000000E+00,  2.5715897E+02,3275,  1.5530965E-01,  0.0000000E+00,  1.0323886E-02,  1.0002390E+03,  1.4221456E+04,3,
  2.6940323E+02,  0.0000000E+00,  2.5274287E+02,3214,  1.3266888E-02,  0.0000000E+00,  7.2333626E-02,  1.0010569E+03,  6.3039793E+04,3,
  2.6954535E+02,  0.0000000E+00,  2.5652106E+02,3183,  1.1996348E-01,  0.0000000E+00,  3.8834222E-02,  1.0002547E+03,  1.5155497E+04,3,
  2.7089487E+02,  0.0000000E+00,  2.5720920E+02,3296,  1.5556569E-01,  0.0000000E+00, -1.8404981E-02,  1.0001907E+03,  1.1343561E+04,3,
  2.7005569E+02,  0.0000000E+00,  2.5287682E+02,3215, -8.8513143E-02,  0.0000000E+00,  1.0272031E-01,  1.0009833E+03,  5.8639980E+04,3,
  2.7204593E+02,  0.0000000E+00,  2.5641678E+02,3066,  2.0012541E-01,  0.0000000E+00, -1.5640384E-02,  1.0002375E+03,  1.4130601E+04,3,
  2.7351801E+02,  0.0000000E+00,  2.5698499E+02,3297,  2.3875649E-01,  0.0000000E+00, -1.5324835E-02,  1.0001357E+03,  8.0706069E+03,3,
  2.7066977E+02,  0.0000000E+00,  2.5353575E+02,2821, -1.2757351E-02,  0.0000000E+00,  1.6878480E-01,  1.0006708E+03,  3.9963332E+04,3,
  2.7180560E+02,  0.0000000E+00,  2.5433141E+02,3186,  1.9389991E-01,  0.0000000E+00,  1.8161121E-01,  1.0006389E+03,  3.8061523E+04,3,
  2.7304327E+02,  0.0000000E+00,  2.5492479E+02,3185,  2.9791176E-01,  0.0000000E+00,  4.1114386E-02,  1.0005360E+03,  3.1921391E+04,3,
  2.7438428E+02,  0.0000000E+00,  2.5516165E+02,3176,  1.1977530E-01,  0.0000000E+00, -1.4840461E-01,  1.0004790E+03,  2.8521547E+04,3,
  2.7524915E+02,  0.0000000E+00,  2.5611859E+02,3139,  2.5560296E-01,  0.0000000E+00, -2.0645997E-02,  1.0002891E+03,  1.7201973E+04,3,
  2.7596271E+02,  0.0000000E+00,  2.5490463E+02,2975,  3.7197758E-02,  0.0000000E+00, -3.0834824E-02,  1.0007953E+03,  4.7402809E+04,3,
  2.7702127E+02,  0.0000000E+00,  2.5521875E+02,3230,  2.6455411E-01,  0.0000000E+00, -1.2872022E-01,  1.0004227E+03,  2.5166523E+04,3,
  2.7913031E+02,  0.0000000E+00,  2.5701947E+02,3278, -3.5636876E-02,  0.0000000E+00, -3.5900332E-02,  1.0000733E+03,  4.3594175E+03,3,
  2.7768420E+02,  0.0000000E+00,  2.5488817E+02,3222,  2.2206157E-01,  0.0000000E+00, -2.6079081E-02,  1.0005843E+03,  3.4801609E+04,3,
  2.8037262E+02,  0.0000000E+00,  2.5704886E+02,3286,  9.9934131E-02,  0.0000000E+00, -2.5680432E-02,  1.0000877E+03,  5.2162812E+03,3,
  2.7886798E+02,  0.0000000E+00,  2.5498738E+02,3213,  2.5473592E-01,  0.0000000E+00, -2.7446155E-02,  1.0004910E+03,  2.9238549E+04,3,
  2.7981274E+02,  0.0000000E+00,  2.5509526E+02,3258,  2.2682175E-01,  0.0000000E+00,  7.1285847E-03,  1.0004044E+03,  2.4071475E+04,3,
  2.8136188E+02,  0.0000000E+00,  2.5451169E+02,3206,  2.4395365E-01,  0.0000000E+00,  6.0695130E-02,  1.0012515E+03,  7.4693133E+04,3,
  2.8200742E+02,  0.0000000E+00,  2.5692252E+02,3267,  1.1676218E-01,  0.0000000E+00, -2.0512857E-02,  1.0000738E+03,  4.3884624E+03,3,
  2.8257953E+02,  0.0000000E+00,  2.5530995E+02,2830,  2.6926124E-01,  0.0000000E+00,  1.2949820E-01,  1.0002819E+03,  1.6776650E+04,3,
  2.8388235E+02,  0.0000000E+00,  2.5705609E+02,3287,  2.0001617E-01,  0.0000000E+00, -1.3478744E-02,  1.0000708E+03,  4.2105630E+03,3,
  2.8365298E+02,  0.0000000E+00,  2.5492616E+02,3030,  2.9693344E-01,  0.0000000E+00,  3.8743801E-02,  1.0006733E+03,  4.0112723E+04,3,
  2.8564871E+02,  0.0000000E+00,  2.5714017E+02,3279,  2.5993982E-01,  0.0000000E+00, -2.4028771E-02,  1.0000834E+03,  4.9621191E+03,3,
  2.8767886E+02,  0.0000000E+00,  2.5711746E+02,3259,  3.3857900E-01,  0.0000000E+00, -4.2281184E-02,  1.0000892E+03,  5.3034238E+03,3,
  2.8497021E+02,  0.0000000E+00,  2.5476572E+02,2803,  2.4410863E-01,  0.0000000E+00, -1.5324326E-02,  1.0008742E+03,  5.2115043E+04,3,
  2.8621490E+02,  0.0000000E+00,  2.5497632E+02,2948,  2.2040235E-01,  0.0000000E+00, -1.4901157E-02,  1.0005709E+03,  3.4000453E+04,3,
  2.8721558E+02,  0.0000000E+00,  2.5508858E+02,3149,  1.9684583E-01,  0.0000000E+00,  2.7041376E-02,  1.0003936E+03,  2.3431236E+04,3,
  2.8831708E+02,  0.0000000E+00,  2.5492673E+02,3085,  2.2013442E-01,  0.0000000E+00,  5.1200930E-02,  1.0005997E+03,  3.5719379E+04,3,
  2.8957126E+02,  0.0000000E+00,  2.5699268E+02,3268,  4.4247478E-01,  0.0000000E+00, -2.9818956E-02,  1.0001205E+03,  7.1662852E+03,3,
  2.8947375E+02,  0.0000000E+00,  2.5474123E+02,3049,  2.1024872E-01,  0.0000000E+00,  4.4009596E-02,  1.0009565E+03,  5.7037547E+04,3,
  2.9142004E+02,  0.0000000E+00,  2.5717072E+02,3277,  4.7306076E-01,  0.0000000E+00, -4.3109674E-02,  1.0001591E+03,  9.4653857E+03,3,
  2.9320261E+02,  0.0000000E+00,  2.5702737E+02,3249,  4.3681821E-01,  0.0000000E+00, -7.2946087E-02,  1.0001901E+03,  1.1307229E+04,3,
  2.9099823E+02,  0.0000000E+00,  2.5520206E+02,3157,  2.1277297E-01,  0.0000000E+00,  1.9315299E-02,  1.0004227E+03,  2.5166523E+04,3,
  2.9463824E+02,  0.0000000E+00,  2.5710052E+02,3270,  4.3394336E-01,  0.0000000E+00, -8.8640451E-02,  1.0001921E+03,  1.1427124E+04,3,
  2.9139398E+02,  0.0000000E+00,  2.5544084E+02,3177,  3.0856320E-01,  0.0000000E+00,  1.4374587E-02,  1.0000294E+03,  1.7457147E+03,3,
  2.9280804E+02,  0.0000000E+00,  2.5463309E+02,3103,  2.1886440E-01,  0.0000000E+00, -7.8992605E-02,  1.0010347E+03,  6.1710516E+04,3,
  2.9425580E+02,  0.0000000E+00,  2.5450980E+02,3102,  1.7611770E-01,  0.0000000E+00, -9.3455918E-02,  1.0005505E+03,  3.2787918E+04,3,
  2.9533893E+02,  0.0000000E+00,  2.5417572E+02,3195,  2.6403496E-01,  0.0000000E+00, -1.3612348E-01,  1.0002441E+03,  1.4526736E+04,3,
  2.9588852E+02,  0.0000000E+00,  2.5683652E+02,3212,  4.3095613E-01,  0.0000000E+00, -8.0501102E-02,  1.0002137E+03,  1.2713364E+04,3,
  2.9688354E+02,  0.0000000E+00,  2.5668695E+02,3048,  3.8173792E-01,  0.0000000E+00, -5.0260458E-02,  1.0002505E+03,  1.4908350E+04,3,
  2.9591302E+02,  0.0000000E+00,  2.5299402E+02,3179,  1.2580806E-01,  0.0000000E+00, -6.8551034E-02,  1.0009874E+03,  5.8880918E+04,3,
  2.9841629E+02,  0.0000000E+00,  2.5635840E+02,3175,  4.5522121E-01,  0.0000000E+00, -4.1300878E-02,  1.0004315E+03,  2.5690445E+04,3,
  2.9770090E+02,  0.0000000E+00,  2.5346446E+02,2984,  3.1441864E-01,  0.0000000E+00,  6.2843241E-02,  1.0004713E+03,  2.8062984E+04,3,
  2.9890494E+02,  0.0000000E+00,  2.5708075E+02,3288,  2.9656771E-01,  0.0000000E+00,  3.3879135E-02,  1.0002589E+03,  1.5402651E+04,3,
  2.9892911E+02,  0.0000000E+00,  2.5283873E+02,3171,  1.2681668E-01,  0.0000000E+00, -4.3476488E-02,  1.0013708E+03,  8.1843875E+04,3,
  3.0037427E+02,  0.0000000E+00,  2.5661755E+02,2884,  3.7443805E-01,  0.0000000E+00,  4.9834471E-02,  1.0003420E+03,  2.0357936E+04,3,
  3.0175586E+02,  0.0000000E+00,  2.5651129E+02,3111,  4.3028289E-01,  0.0000000E+00,  4.4965833E-02,  1.0003331E+03,  1.9827023E+04,3,
  2.9997208E+02,  0.0000000E+00,  2.5233279E+02,3161,  1.2860547E-01,  0.0000000E+00, -8.4321655E-02,  1.0014354E+03,  8.5712156E+04,3,
  3.0113647E+02,  0.0000000E+00,  2.5440700E+02,2794,  1.8231013E-01,  0.0000000E+00,  1.1201811E-01,  1.0007105E+03,  4.2335633E+04,3,
  2.9615973E+02,  0.0000000E+00,  2.5255539E+02,3126,  4.4176588E-04,  0.0000000E+00, -3.0209325E-02,  1.0015052E+03,  8.9904180E+04,3,
  3.0301486E+02,  0.0000000E+00,  2.5666055E+02,3261,  3.7288833E-01,  0.0000000E+00,  8.9461394E-03,  1.0002827E+03,  1.6823906E+04,3,
  3.0410980E+02,  0.0000000E+00,  2.5643298E+02,3260,  4.5800146E-01,  0.0000000E+00, -1.8378688E-02,  1.0003350E+03,  1.9936113E+04,3,
  3.0544385E+02,  0.0000000E+00,  2.5659781E+02,2866,  4.8042634E-01,  0.0000000E+00, -2.3962412E-02,  1.0002541E+03,  1.5119151E+04,3,
  3.0666516E+02,  0.0000000E+00,  2.5626797E+02,3250,  4.3615028E-01,  0.0000000E+00, -6.3218810E-02,  1.0003781E+03,  2.2503689E+04,3,
  3.0321350E+02,  0.0000000E+00,  2.5410229E+02,3221,  5.2789655E-02,  0.0000000E+00,  1.0955232E-02,  1.0006838E+03,  4.0743105E+04,3,
  3.0780429E+02,  0.0000000E+00,  2.5698685E+02,3241,  4.1037425E-01,  0.0000000E+00, -1.0012839E-01,  1.0002175E+03,  1.2938654E+04,3,
  3.0476965E+02,  0.0000000E+00,  2.5372467E+02,3057,  1.4421590E-02,  0.0000000E+00,  8.8861413E-02,  1.0008100E+03,  4.8277977E+04,3,
  3.0625635E+02,  0.0000000E+00,  2.5363600E+02,2957,  7.0701249E-02,  0.0000000E+00, -6.3781038E-02,  1.0008040E+03,  4.7920609E+04,3,
  3.0788132E+02,  0.0000000E+00,  2.5399187E+02,3159,  1.1776312E-01,  0.0000000E+00,  1.1681879E-02,  1.0007890E+03,  4.7023594E+04,3,
  3.0893423E+02,  0.0000000E+00,  2.5700299E+02,3240,  5.3222418E-01,  0.0000000E+00, -1.1167226E-01,  1.0002228E+03,  1.3254797E+04,3,
  3.0998087E+02,  0.0000000E+00,  2.5670587E+02,3148,  5.7265902E-01,  0.0000000E+00, -7.0965640E-02,  1.0002346E+03,  1.3956160E+04,3,
  3.1113416E+02,  0.0000000E+00,  2.5557491E+02,3203,  4.9929333E-01,  0.0000000E+00, -1.2448329E-01,  1.0006548E+03,  3.9008738E+04,3,
  3.0923727E+02,  0.0000000E+00,  2.5369783E+02,3131,  1.2250584E-01,  0.0000000E+00,  7.0325024E-02,  1.0007708E+03,  4.5933426E+04,3,
  3.1233701E+02,  0.0000000E+00,  2.5682407E+02,3234,  4.8475316E-01,  0.0000000E+00,  2.1113422E-02,  1.0002089E+03,  1.2426308E+04,3,
  3.1342188E+02,  0.0000000E+00,  2.5666232E+02,2857,  4.7582608E-01,  0.0000000E+00,  2.8854180E-02,  1.0002811E+03,  1.6725758E+04,3,
  3.1094885E+02,  0.0000000E+00,  2.5355017E+02,3087,  1.7177124E-01,  0.0000000E+00, -4.2323158E-03,  1.0007592E+03,  4.5240742E+04,3,
  3.1461890E+02,  0.0000000E+00,  2.5675125E+02,3233,  4.8664442E-01,  0.0000000E+00,  2.8702745E-02,  1.0002667E+03,  1.5871534E+04,3,
  3.1282275E+02,  0.0000000E+00,  2.5378333E+02,3132,  2.7291486E-01,  0.0000000E+00, -2.0328328E-02,  1.0007260E+03,  4.3261387E+04,3,
  3.1431226E+02,  0.0000000E+00,  2.5399623E+02,3011,  2.2380888E-01,  0.0000000E+00, -2.3671126E-03,  1.0007228E+03,  4.3071855E+04,3,
  3.1584283E+02,  0.0000000E+00,  2.5681296E+02,3243,  4.8700172E-01,  0.0000000E+00,  3.2501124E-02,  1.0002352E+03,  1.3992502E+04,3,
  3.1571066E+02,  0.0000000E+00,  2.5368036E+02,3094,  2.0290810E-01,  0.0000000E+00,  3.3452097E-02,  1.0007994E+03,  4.7647121E+04,3,
  3.1690958E+02,  0.0000000E+00,  2.5615991E+02,3194,  4.6369252E-01,  0.0000000E+00,  2.2071490E-02,  1.0004045E+03,  2.4082389E+04,3,
  3.1850479E+02,  0.0000000E+00,  2.5639764E+02,2966,  4.4886690E-01,  0.0000000E+00, -1.2316550E-02,  1.0003444E+03,  2.0499760E+04,3,
  3.1731882E+02,  0.0000000E+00,  2.5373412E+02,2930,  1.8927458E-01,  0.0000000E+00,  1.4389875E-02,  1.0007764E+03,  4.6268852E+04,3,
  3.1936694E+02,  0.0000000E+00,  2.5716965E+02,3224,  4.9400851E-01,  0.0000000E+00, -4.1651566E-02,  1.0002240E+03,  1.3327475E+04,3,
  3.2086615E+02,  0.0000000E+00,  2.5690045E+02,3135,  4.9743158E-01,  0.0000000E+00, -7.9683006E-02,  1.0002822E+03,  1.6791191E+04,3,
  3.1895651E+02,  0.0000000E+00,  2.5417567E+02,3093,  2.0516090E-01,  0.0000000E+00, -6.6420779E-02,  1.0006894E+03,  4.1074707E+04,3,
  3.2029880E+02,  0.0000000E+00,  2.5361075E+02,2740,  2.6687074E-01,  0.0000000E+00,  3.6245937E-04,  1.0007197E+03,  4.2882328E+04,3,
  3.2160156E+02,  0.0000000E+00,  2.5487560E+02,3158,  2.6450464E-01,  0.0000000E+00, -1.0604674E-02,  1.0005473E+03,  3.2594945E+04,3,
  3.2243671E+02,  0.0000000E+00,  2.5717920E+02,3223,  5.6342614E-01,  0.0000000E+00, -1.0365579E-01,  1.0002565E+03,  1.5260900E+04,3,
  3.2249872E+02,  0.0000000E+00,  2.5364383E+02,3140,  2.6174453E-01,  0.0000000E+00, -6.3663602E-02,  1.0007752E+03,  4.6199578E+04,3,
  3.2381497E+02,  0.0000000E+00,  2.5689499E+02,3205,  5.3663504E-01,  0.0000000E+00, -9.4211452E-02,  1.0002817E+03,  1.6762109E+04,3,
  3.2508804E+02,  0.0000000E+00,  2.5666315E+02,2839,  5.3957111E-01,  0.0000000E+00, -8.3893873E-02,  1.0003040E+03,  1.8089031E+04,3,
  3.2397321E+02,  0.0000000E+00,  2.5410216E+02,3112,  2.8012875E-01,  0.0000000E+00, -8.7478951E-02,  1.0006487E+03,  3.8648059E+04,3,
  3.2644101E+02,  0.0000000E+00,  2.5669046E+02,3075,  5.2431619E-01,  0.0000000E+00, -6.6566758E-02,  1.0002932E+03,  1.7445543E+04,3,
  3.2766403E+02,  0.0000000E+00,  2.5682123E+02,2812,  5.2697545E-01,  0.0000000E+00, -4.5444321E-02,  1.0002646E+03,  1.5747950E+04,3,
  3.2533377E+02,  0.0000000E+00,  2.5415627E+02,3096,  2.7756578E-01,  0.0000000E+00, -6.8034634E-02,  1.0006084E+03,  3.6240211E+04,3,
  3.2657031E+02,  0.0000000E+00,  2.5330519E+02,2885,  2.1936038E-01,  0.0000000E+00, -1.2860169E-01,  1.0008196E+03,  4.8854172E+04,3,
  3.2781818E+02,  0.0000000E+00,  2.5438565E+02,3060,  3.2745627E-01,  0.0000000E+00, -5.9089363E-02,  1.0006088E+03,  3.6265707E+04,3,
  3.2903424E+02,  0.0000000E+00,  2.5677325E+02,3225,  4.8583296E-01,  0.0000000E+00, -3.0285930E-02,  1.0002675E+03,  1.5918787E+04,3,
  3.2923666E+02,  0.0000000E+00,  2.5376469E+02,2876,  2.9510808E-01,  0.0000000E+00, -7.1775414E-02,  1.0007552E+03,  4.5007426E+04,3,
  3.3026929E+02,  0.0000000E+00,  2.5633853E+02,3012,  4.7482756E-01,  0.0000000E+00, -4.0418088E-02,  1.0003857E+03,  2.2961996E+04,3,
  3.3150040E+02,  0.0000000E+00,  2.5691693E+02,3216,  4.9146494E-01,  0.0000000E+00, -1.6848315E-02,  1.0002316E+03,  1.3781724E+04,3,
  3.3078354E+02,  0.0000000E+00,  2.5385344E+02,2776,  2.8638014E-01,  0.0000000E+00,  8.1658224E-03,  1.0006725E+03,  4.0068996E+04,3,
  3.3264835E+02,  0.0000000E+00,  2.5656393E+02,3076,  5.3116506E-01,  0.0000000E+00, -6.0919253E-03,  1.0003049E+03,  1.8143566E+04,3,
  3.3399915E+02,  0.0000000E+00,  2.5646161E+02,3141,  4.8979852E-01,  0.0000000E+00, -7.4144644E-03,  1.0003291E+03,  1.9587031E+04,3,
  3.3227988E+02,  0.0000000E+00,  2.5406857E+02,2785,  3.1469101E-01,  0.0000000E+00,  6.3823789E-02,  1.0006918E+03,  4.1220473E+04,3,
  3.3354666E+02,  0.0000000E+00,  2.5339102E+02,3021,  2.6675591E-01,  0.0000000E+00, -4.8761752E-02,  1.0008250E+03,  4.9171457E+04,3,
  3.3522433E+02,  0.0000000E+00,  2.5716217E+02,3207,  5.4052323E-01,  0.0000000E+00, -3.3810705E-02,  1.0002234E+03,  1.3294770E+04,3,
  3.3516202E+02,  0.0000000E+00,  2.5467366E+02,2949,  2.5011754E-01,  0.0000000E+00, -5.5416949E-02,  1.0005974E+03,  3.5580980E+04,3,
  3.3593527E+02,  0.0000000E+00,  2.5360895E+02,2994,  4.0177229E-01,  0.0000000E+00, -9.0164114E-03,  1.0007820E+03,  4.6607930E+04,3,
  3.3666757E+02,  0.0000000E+00,  2.5700012E+02,3196,  5.0650358E-01,  0.0000000E+00, -5.7318714E-02,  1.0002689E+03,  1.5998754E+04,3,
  3.3761008E+02,  0.0000000E+00,  2.5403905E+02,2722,  3.3509687E-01,  0.0000000E+00, -8.1203401E-02,  1.0006665E+03,  3.9708277E+04,3,
  3.3786630E+02,  0.0000000E+00,  2.5661865E+02,3197,  4.8374856E-01,  0.0000000E+00, -7.9332262E-02,  1.0003518E+03,  2.0939789E+04,3,
  3.3893143E+02,  0.0000000E+00,  2.5404539E+02,2913,  3.7688148E-01,  0.0000000E+00, -2.9267166E-02,  1.0006127E+03,  3.6498816E+04,3,
  3.3921045E+02,  0.0000000E+00,  2.5684711E+02,3198,  5.0030929E-01,  0.0000000E+00, -6.6677041E-02,  1.0002722E+03,  1.6198675E+04,3,
  3.4033728E+02,  0.0000000E+00,  2.5669714E+02,3168,  4.8793745E-01,  0.0000000E+00, -6.6031538E-02,  1.0002944E+03,  1.7521887E+04,3,
  3.4022070E+02,  0.0000000E+00,  2.5341733E+02,2985,  3.1223619E-01,  0.0000000E+00, -2.4403764E-01,  1.0007424E+03,  4.4238258E+04,3,
  3.4167117E+02,  0.0000000E+00,  2.5665292E+02,2993,  4.9940592E-01,  0.0000000E+00, -6.1603140E-02,  1.0002856E+03,  1.6998398E+04,3,
  3.4147272E+02,  0.0000000E+00,  2.5429089E+02,3121,  3.0082676E-01,  0.0000000E+00,  2.7789729E-02,  1.0007071E+03,  4.2131543E+04,3,
  3.4283514E+02,  0.0000000E+00,  2.5705286E+02,3178,  4.8440626E-01,  0.0000000E+00, -6.1272193E-02,  1.0002163E+03,  1.2869613E+04,3,
  3.4292551E+02,  0.0000000E+00,  2.5358887E+02,3105,  3.0934614E-01,  0.0000000E+00, -8.3022788E-02,  1.0009102E+03,  5.4267656E+04,3,
  3.4417917E+02,  0.0000000E+00,  2.5702545E+02,3170,  5.3142804E-01,  0.0000000E+00, -5.8147989E-02,  1.0002214E+03,  1.3174852E+04,3,
  3.4424637E+02,  0.0000000E+00,  2.5494461E+02,2713,  3.8650131E-01,  0.0000000E+00, -1.2109023E-02,  1.0005952E+03,  3.5449867E+04,3,
  3.4517636E+02,  0.0000000E+00,  2.5365021E+02,3051,  2.5966904E-01,  0.0000000E+00, -1.2394136E-01,  1.0008719E+03,  5.1976414E+04,3,
  3.4555023E+02,  0.0000000E+00,  2.5711230E+02,3180,  5.2475554E-01,  0.0000000E+00, -5.3544901E-02,  1.0002285E+03,  1.3592753E+04,3,
  3.4691425E+02,  0.0000000E+00,  2.5716946E+02,3150,  4.8793477E-01,  0.0000000E+00, -4.5529958E-02,  1.0002152E+03,  1.2804206E+04,3,
  3.4873404E+02,  0.0000000E+00,  2.5720386E+02,3187,  4.4074908E-01,  0.0000000E+00, -3.9449003E-02,  1.0002257E+03,  1.3429225E+04,3,
  3.4677829E+02,  0.0000000E+00,  2.5387930E+02,3068,  2.9979450E-01,  0.0000000E+00, -5.1268164E-02,  1.0007546E+03,  4.4970973E+04,3,
  3.4753503E+02,  0.0000000E+00,  2.5549338E+02,3086,  4.4220188E-01,  0.0000000E+00, -1.5914008E-01,  1.0005074E+03,  3.0214043E+04,3,
  3.4860449E+02,  0.0000000E+00,  2.5363773E+02,2731,  3.7423268E-01,  0.0000000E+00, -1.2949002E-01,  1.0008206E+03,  4.8908875E+04,3,
  3.4984018E+02,  0.0000000E+00,  2.5452380E+02,3041,  3.9095512E-01,  0.0000000E+00, -1.1449461E-02,  1.0006248E+03,  3.7216395E+04,3,
  3.4999060E+02,  0.0000000E+00,  2.5719299E+02,3188,  4.2832747E-01,  0.0000000E+00, -3.1193590E-02,  1.0002284E+03,  1.3589119E+04,3,
  3.5133926E+02,  0.0000000E+00,  2.5349309E+02,2986,  3.5720029E-01,  0.0000000E+00, -1.1936583E-01,  1.0009025E+03,  5.3807906E+04,3,
  3.5159479E+02,  0.0000000E+00,  2.5728931E+02,3045,  4.3806872E-01,  0.0000000E+00, -1.9157045E-02,  1.0002007E+03,  1.1943054E+04,3,
  3.5164304E+02,  0.0000000E+00,  2.5549974E+02,2903,  3.8998452E-01,  0.0000000E+00, -4.1003596E-02,  1.0004694E+03,  2.7946527E+04,3,
  3.5322974E+02,  0.0000000E+00,  2.5727771E+02,3189,  3.8989860E-01,  0.0000000E+00, -1.1712503E-02,  1.0002012E+03,  1.1972121E+04,3,
  3.5503799E+02,  0.0000000E+00,  2.5724582E+02,3169,  3.3617148E-01,  0.0000000E+00,  3.4199182E-03,  1.0002183E+03,  1.2985894E+04,3,
  3.5415826E+02,  0.0000000E+00,  2.5555450E+02,3042,  4.5309207E-01,  0.0000000E+00, -9.6530572E-02,  1.0004875E+03,  2.9031086E+04,3,
  3.5307559E+02,  0.0000000E+00,  2.5383913E+02,2641,  3.0577952E-01,  0.0000000E+00, -1.2616402E-02,  1.0008590E+03,  5.1206707E+04,3,
  3.5496103E+02,  0.0000000E+00,  2.5352773E+02,2894,  2.9429665E-01,  0.0000000E+00, -8.3947800E-02,  1.0007894E+03,  4.7045469E+04,3,
  3.5615317E+02,  0.0000000E+00,  2.5442690E+02,3032,  4.7161025E-01,  0.0000000E+00, -1.1437601E-02,  1.0006499E+03,  3.8717277E+04,3,
  3.6103641E+02,  0.0000000E+00,  2.5186812E+02,2569,  4.5976901E-01,  0.0000000E+00,  4.8993844E-01,  1.0008854E+03,  5.2786316E+04,3,
  3.5641254E+02,  0.0000000E+00,  2.5712466E+02,3039,  3.4394288E-01,  0.0000000E+00,  2.7980890E-02,  1.0002507E+03,  1.4919253E+04,3,
  3.6287204E+02,  0.0000000E+00,  2.5250330E+02,2856,  3.9213777E-01,  0.0000000E+00,  1.0877699E-01,  1.0018649E+03,  1.1150349E+05,3,
  3.5773175E+02,  0.0000000E+00,  2.5716681E+02,3160,  3.2797259E-01,  0.0000000E+00,  5.0466981E-02,  1.0002474E+03,  1.4719358E+04,3,
  3.5791226E+02,  0.0000000E+00,  2.5481944E+02,3022,  4.5171106E-01,  0.0000000E+00, -1.3580649E-02,  1.0004931E+03,  2.9362299E+04,3,
  3.5764545E+02,  0.0000000E+00,  2.5348138E+02,2650,  1.1514357E-01,  0.0000000E+00, -4.1258842E-02,  1.0007260E+03,  4.3261387E+04,3,
  3.5913568E+02,  0.0000000E+00,  2.5706683E+02,3151,  2.6425222E-01,  0.0000000E+00,  4.7305800E-02,  1.0002547E+03,  1.5155497E+04,3,
  3.6063306E+02,  0.0000000E+00,  2.5696097E+02,2767,  1.8772307E-01,  0.0000000E+00,  1.0580549E-03,  1.0002131E+03,  1.2677027E+04,3,
  3.6045380E+02,  0.0000000E+00,  2.5500403E+02,2858,  2.9843614E-01,  0.0000000E+00,  1.3170034E-01,  1.0006182E+03,  3.6822996E+04,3,
  3.6251007E+02,  0.0000000E+00,  2.5721814E+02,3003,  2.5307563E-01,  0.0000000E+00, -6.3696593E-02,  1.0002062E+03,  1.2270064E+04,3,
  3.6009070E+02,  0.0000000E+00,  2.5383737E+02,2886,  4.7462642E-01,  0.0000000E+00, -1.6031000E-01,  1.0007630E+03,  4.5470418E+04,3,
  3.6200809E+02,  0.0000000E+00,  2.5593576E+02,2959,  4.6102232E-01,  0.0000000E+00, -2.9816914E-03,  1.0003688E+03,  2.1954479E+04,3,
  3.6381644E+02,  0.0000000E+00,  2.5321764E+02,2784,  6.2900120E-01,  0.0000000E+00,  8.1923828E-02,  1.0013169E+03,  7.8609859E+04,3,
  3.6442313E+02,  0.0000000E+00,  2.5738126E+02,3133,  4.5630428E-01,  0.0000000E+00, -3.9069429E-02,  1.0002531E+03,  1.5057364E+04,3,
  3.6399963E+02,  0.0000000E+00,  2.5661685E+02,3015,  2.3155080E-01,  0.0000000E+00, -8.9246161E-02,  1.0002703E+03,  1.6082357E+04,3,
  3.6525519E+02,  0.0000000E+00,  2.5285884E+02,2883,  3.8781029E-01,  0.0000000E+00, -1.6853727E-02,  1.0015023E+03,  8.9728414E+04,3,
  3.6640991E+02,  0.0000000E+00,  2.5717282E+02,3162,  6.2858140E-01,  0.0000000E+00,  3.3102993E-02,  1.0003063E+03,  1.8230824E+04,3,
  3.6559567E+02,  0.0000000E+00,  2.5581487E+02,3014,  5.7906020E-01,  0.0000000E+00,  8.7827379E-01,  1.0001484E+03,  8.8260879E+03,3,
  3.6765533E+02,  0.0000000E+00,  2.5711786E+02,3153,  5.4450375E-01,  0.0000000E+00, -2.5234411E-02,  1.0002963E+03,  1.7630951E+04,3,
  3.6851608E+02,  0.0000000E+00,  2.5619196E+02,2968,  5.0782531E-01,  0.0000000E+00, -1.2666579E-01,  1.0004022E+03,  2.3940514E+04,3,
  3.6964969E+02,  0.0000000E+00,  2.5665274E+02,3095,  6.3783425E-01,  0.0000000E+00, -1.1102845E-01,  1.0002899E+03,  1.7252869E+04,3,
  3.6803946E+02,  0.0000000E+00,  2.5321396E+02,2896,  6.1485928E-01,  0.0000000E+00, -6.2305000E-02,  1.0006566E+03,  3.9118039E+04,3,
  3.6654782E+02,  0.0000000E+00,  2.5305423E+02,2918,  2.0322564E-01,  0.0000000E+00,  8.8647336E-02,  1.0008774E+03,  5.2304746E+04,3,
  3.6781781E+02,  0.0000000E+00,  2.5261105E+02,2909, -4.0775355E-02,  0.0000000E+00,  5.9196983E-02,  1.0012392E+03,  7.3954570E+04,3,
  3.6962003E+02,  0.0000000E+00,  2.5283609E+02,2542,  2.2974068E-01,  0.0000000E+00, -4.9097877E-02,  1.0009839E+03,  5.8676488E+04,3,
  3.7066196E+02,  0.0000000E+00,  2.5698303E+02,3142,  7.3096055E-01,  0.0000000E+00, -6.1563119E-02,  1.0002446E+03,  1.4552177E+04,3,
  3.7054535E+02,  0.0000000E+00,  2.5306412E+02,2924,  2.3856646E-01,  0.0000000E+00, -4.2087253E-02,  1.0006691E+03,  3.9864953E+04,3,
  3.7257599E+02,  0.0000000E+00,  2.5697806E+02,3152,  6.8977010E-01,  0.0000000E+00,  3.6696758E-02,  1.0002540E+03,  1.5111883E+04,3,
  3.7174741E+02,  0.0000000E+00,  2.5593871E+02,3024,  5.6343013E-01,  0.0000000E+00,  3.6985464E-02,  1.0004266E+03,  2.5395736E+04,3,
  3.7140143E+02,  0.0000000E+00,  2.5288768E+02,2879,  2.3723152E-01,  0.0000000E+00, -1.3182404E-02,  1.0008844E+03,  5.2724293E+04,3,
  3.7393857E+02,  0.0000000E+00,  2.5699612E+02,3143,  6.1131847E-01,  0.0000000E+00,  3.3094142E-02,  1.0002578E+03,  1.5340862E+04,3,
  3.7463657E+02,  0.0000000E+00,  2.5602078E+02,2970,  5.3532493E-01,  0.0000000E+00, -1.0686638E-02,  1.0003865E+03,  2.3005645E+04,3,
  3.7582526E+02,  0.0000000E+00,  2.5701080E+02,3122,  6.3660896E-01,  0.0000000E+00, -3.1535164E-02,  1.0002522E+03,  1.5006480E+04,3,
  3.7245551E+02,  0.0000000E+00,  2.5283722E+02,2908,  2.8052250E-01,  0.0000000E+00, -9.6968470E-05,  1.0009614E+03,  5.7329543E+04,3,
  3.7363776E+02,  0.0000000E+00,  2.5279724E+02,2787,  2.5930443E-01,  0.0000000E+00,  1.5259620E-03,  1.0009496E+03,  5.6621465E+04,3,
  3.7426608E+02,  0.0000000E+00,  2.5320531E+02,2840,  2.6448721E-01,  0.0000000E+00,  4.9008019E-03,  1.0004252E+03,  2.5315693E+04,3,
  3.7530750E+02,  0.0000000E+00,  2.5291396E+02,2881,  2.4659088E-01,  0.0000000E+00, -1.1407548E-02,  1.0008248E+03,  4.9164164E+04,3,
  3.7617114E+02,  0.0000000E+00,  2.5310384E+02,2846,  2.3636013E-01,  0.0000000E+00, -1.3610077E-02,  1.0007432E+03,  4.4289289E+04,3,
  3.7684509E+02,  0.0000000E+00,  2.5581908E+02,2944,  6.0289729E-01,  0.0000000E+00, -3.7416149E-02,  1.0003323E+03,  1.9776115E+04,3,
  3.7752826E+02,  0.0000000E+00,  2.5696774E+02,3134,  6.0949814E-01,  0.0000000E+00, -3.4660351E-02,  1.0002542E+03,  1.5126421E+04,3,
  3.7761557E+02,  0.0000000E+00,  2.5241216E+02,2811,  2.4816060E-01,  0.0000000E+00,  1.7753148E-03,  1.0021066E+03,  1.2604651E+05,3,
  3.7879050E+02,  0.0000000E+00,  2.5682230E+02,2749,  5.9103018E-01,  0.0000000E+00, -2.0145267E-02,  1.0002658E+03,  1.5817012E+04,3,
  3.7970227E+02,  0.0000000E+00,  2.5613269E+02,3005,  6.2553531E-01,  0.0000000E+00,  3.3836715E-02,  1.0003561E+03,  2.1194361E+04,3,
  3.8073389E+02,  0.0000000E+00,  2.5693826E+02,2758,  6.6362715E-01,  0.0000000E+00, -1.8000215E-02,  1.0002512E+03,  1.4948329E+04,3,
  3.8196866E+02,  0.0000000E+00,  2.5607007E+02,2895,  5.5539316E-01,  0.0000000E+00,  1.7150427E-03,  1.0003527E+03,  2.0990703E+04,3,
  3.8261139E+02,  0.0000000E+00,  2.5699661E+02,3113,  7.0191127E-01,  0.0000000E+00, -3.2816444E-02,  1.0002461E+03,  1.4643035E+04,3,
  3.7892776E+02,  0.0000000E+00,  2.5322838E+02,2872,  2.8436834E-01,  0.0000000E+00, -9.4491458E-03,  1.0007174E+03,  4.2747473E+04,3,
  3.7974847E+02,  0.0000000E+00,  2.5283160E+02,2497,  2.5877100E-01,  0.0000000E+00,  1.8989334E-04,  1.0010171E+03,  6.0658906E+04,3,
  3.8092209E+02,  0.0000000E+00,  2.5302673E+02,2851,  2.6474273E-01,  0.0000000E+00, -3.8827492E-03,  1.0006459E+03,  3.8480473E+04,3,
  3.8167801E+02,  0.0000000E+00,  2.5320236E+02,2951,  2.7606326E-01,  0.0000000E+00, -1.1279779E-02,  1.0004161E+03,  2.4769965E+04,3,
  3.8267822E+02,  0.0000000E+00,  2.5253889E+02,2845,  2.5777441E-01,  0.0000000E+00,  5.9782672E-03,  1.0013491E+03,  8.0537703E+04,3,
  3.8350092E+02,  0.0000000E+00,  2.5319307E+02,2877,  2.4781917E-01,  0.0000000E+00,  7.5094141E-03,  1.0004817E+03,  2.8681686E+04,3,
  3.8416901E+02,  0.0000000E+00,  2.5700110E+02,3124,  6.4977163E-01,  0.0000000E+00, -5.0322160E-02,  1.0002422E+03,  1.4410438E+04,3,
  3.8459705E+02,  0.0000000E+00,  2.5606195E+02,3078,  6.2301469E-01,  0.0000000E+00, -4.7483750E-02,  1.0003167E+03,  1.8845275E+04,3,
  3.8435458E+02,  0.0000000E+00,  2.5311888E+02,2868,  3.0435777E-01,  0.0000000E+00,  2.5046095E-02,  1.0006787E+03,  4.0437016E+04,3,
  3.8617313E+02,  0.0000000E+00,  2.5699332E+02,3114,  6.3809806E-01,  0.0000000E+00, -8.7937906E-02,  1.0002326E+03,  1.3839868E+04,3,
  3.8664172E+02,  0.0000000E+00,  2.5598758E+02,3050,  6.8432915E-01,  0.0000000E+00, -9.1769122E-02,  1.0002977E+03,  1.7718203E+04,3,
  3.8794672E+02,  0.0000000E+00,  2.5696793E+02,3106,  6.3549411E-01,  0.0000000E+00, -9.4040416E-02,  1.0002232E+03,  1.3280234E+04,3,
  3.8541541E+02,  0.0000000E+00,  2.5309448E+02,2606,  2.9771736E-01,  0.0000000E+00, -9.6105803E-03,  1.0008820E+03,  5.2578363E+04,3,
  3.8876697E+02,  0.0000000E+00,  2.5591017E+02,2923,  6.5762782E-01,  0.0000000E+00, -7.0663467E-02,  1.0003986E+03,  2.3725887E+04,3,
  3.8993509E+02,  0.0000000E+00,  2.5691583E+02,3125,  6.7349970E-01,  0.0000000E+00, -8.9869522E-02,  1.0002084E+03,  1.2400872E+04,3,
  3.8661981E+02,  0.0000000E+00,  2.5299178E+02,2828,  2.2948824E-01,  0.0000000E+00, -7.0236057E-02,  1.0011746E+03,  7.0083523E+04,3,
  3.8793817E+02,  0.0000000E+00,  2.5197783E+02,2721,  4.8064590E-01,  0.0000000E+00, -3.2018775E-01,  1.0016020E+03,  9.5710016E+04,3,
  3.8876108E+02,  0.0000000E+00,  2.5287358E+02,2819,  2.1086298E-02,  0.0000000E+00,  5.0215397E-02,  1.0013032E+03,  7.7790547E+04,3,
  3.9077954E+02,  0.0000000E+00,  2.5601810E+02,3033,  7.8343278E-01,  0.0000000E+00, -4.2884957E-02,  1.0003199E+03,  1.9037982E+04,3,
  3.9093686E+02,  0.0000000E+00,  2.5437048E+02,2632,  2.7998689E-01,  0.0000000E+00, -1.1617234E-01,  1.0006495E+03,  3.8691777E+04,3,
  3.9233450E+02,  0.0000000E+00,  2.5680890E+02,3115,  7.4484253E-01,  0.0000000E+00, -7.3056638E-02,  1.0002198E+03,  1.3080372E+04,3,
  3.9366077E+02,  0.0000000E+00,  2.5682385E+02,3116,  6.9561809E-01,  0.0000000E+00, -6.5998688E-02,  1.0002274E+03,  1.3530976E+04,3,
  3.9495734E+02,  0.0000000E+00,  2.5687488E+02,2977,  6.6237944E-01,  0.0000000E+00, -7.1416818E-02,  1.0002067E+03,  1.2299133E+04,3,
  3.9229538E+02,  0.0000000E+00,  2.5399660E+02,2862,  2.8286585E-01,  0.0000000E+00, -2.3387425E-01,  1.0007171E+03,  4.2729250E+04,3,
  3.9586649E+02,  0.0000000E+00,  2.5606403E+02,2969,  6.6635203E-01,  0.0000000E+00, -7.3373184E-02,  1.0003053E+03,  1.8169018E+04,3,
  3.9358017E+02,  0.0000000E+00,  2.5396382E+02,2725,  3.6884966E-01,  0.0000000E+00,  1.9290011E-02,  1.0006912E+03,  4.1184031E+04,3,
  3.9505127E+02,  0.0000000E+00,  2.5366707E+02,2878,  3.5230166E-01,  0.0000000E+00, -4.7729824E-02,  1.0007569E+03,  4.5105855E+04,3,
  3.9665994E+02,  0.0000000E+00,  2.5436182E+02,2988,  3.8263178E-01,  0.0000000E+00, -6.1666351E-02,  1.0006203E+03,  3.6950484E+04,3,
  3.9729984E+02,  0.0000000E+00,  2.5679623E+02,3108,  7.3322999E-01,  0.0000000E+00, -9.1796301E-02,  1.0002168E+03,  1.2898684E+04,3,
  3.9864893E+02,  0.0000000E+00,  2.5676343E+02,3117,  7.1848750E-01,  0.0000000E+00, -6.6465452E-02,  1.0002170E+03,  1.2909584E+04,3,
  3.9967755E+02,  0.0000000E+00,  2.5612338E+02,2605,  7.1018690E-01,  0.0000000E+00, -4.4448383E-02,  1.0003062E+03,  1.8219916E+04,3,
  3.9786829E+02,  0.0000000E+00,  2.5354018E+02,2750,  3.6765465E-01,  0.0000000E+00, -6.8135917E-02,  1.0007396E+03,  4.4074223E+04,3,
  4.0100049E+02,  0.0000000E+00,  2.5658185E+02,3059,  6.6549921E-01,  0.0000000E+00, -2.7448826E-02,  1.0002109E+03,  1.2546216E+04,3,
  4.0228848E+02,  0.0000000E+00,  2.5662109E+02,3097,  7.1018118E-01,  0.0000000E+00, -4.0068891E-02,  1.0002024E+03,  1.2041155E+04,3,
  3.9931616E+02,  0.0000000E+00,  2.5410672E+02,2906,  4.1536373E-01,  0.0000000E+00, -6.2223837E-02,  1.0005984E+03,  3.5646535E+04,3,
  4.0199173E+02,  0.0000000E+00,  2.5448593E+02,2904,  4.3665996E-01,  0.0000000E+00,  1.3499178E-03,  1.0005868E+03,  3.4950926E+04,3,
  4.0093738E+02,  0.0000000E+00,  2.5338100E+02,2997,  3.8218427E-01,  0.0000000E+00, -8.0022208E-02,  1.0007609E+03,  4.5346465E+04,3,
  4.0348602E+02,  0.0000000E+00,  2.5400867E+02,2891,  3.8204449E-01,  0.0000000E+00, -7.3286228E-02,  1.0006919E+03,  4.1224117E+04,3,
  4.0369226E+02,  0.0000000E+00,  2.5646582E+02,3088,  7.2924715E-01,  0.0000000E+00, -4.2910822E-02,  1.0002193E+03,  1.3047668E+04,3,
  4.0495813E+02,  0.0000000E+00,  2.5651999E+02,3099,  6.5199542E-01,  0.0000000E+00, -4.0315855E-02,  1.0002075E+03,  1.2346369E+04,3,
  4.0479099E+02,  0.0000000E+00,  2.5343181E+02,2889,  4.7897184E-01,  0.0000000E+00,  3.5451494E-02,  1.0009213E+03,  5.4928125E+04,3,
  4.0584219E+02,  0.0000000E+00,  2.5604507E+02,2888,  6.3926131E-01,  0.0000000E+00, -4.7931816E-02,  1.0002922E+03,  1.7391012E+04,3,
  4.0732419E+02,  0.0000000E+00,  2.5668414E+02,3098,  7.2637904E-01,  0.0000000E+00, -4.1968979E-02,  1.0001884E+03,  1.1209134E+04,3,
  4.0894925E+02,  0.0000000E+00,  2.5665204E+02,2940,  7.5081444E-01,  0.0000000E+00,  1.1942551E-02,  1.0002133E+03,  1.2691562E+04,3,
  4.0743576E+02,  0.0000000E+00,  2.5492339E+02,2907,  7.2145641E-01,  0.0000000E+00, -2.9210296E-02,  1.0005349E+03,  3.1855857E+04,3,
  4.0694714E+02,  0.0000000E+00,  2.5350111E+02,2914,  2.6143938E-01,  0.0000000E+00,  1.6814226E-02,  1.0006973E+03,  4.1548445E+04,3,
  4.1005304E+02,  0.0000000E+00,  2.5498991E+02,2860,  5.4876339E-01,  0.0000000E+00,  1.1560520E-01,  1.0004866E+03,  2.8972852E+04,3,
  4.0916467E+02,  0.0000000E+00,  2.5378954E+02,2916,  4.2758372E-01,  0.0000000E+00,  7.6729856E-02,  1.0006542E+03,  3.8975949E+04,3,
  4.1053561E+02,  0.0000000E+00,  2.5669077E+02,3070,  8.5702896E-01,  0.0000000E+00,  8.3434723E-02,  1.0001963E+03,  1.1677819E+04,3,
  4.1137439E+02,  0.0000000E+00,  2.5195325E+02,2434,  4.3115509E-01,  0.0000000E+00,  3.9127716E-01,  1.0010914E+03,  6.5107094E+04,3,
  4.1188849E+02,  0.0000000E+00,  2.5506703E+02,2971,  5.6010479E-01,  0.0000000E+00,  9.6596815E-02,  1.0005008E+03,  2.9820922E+04,3,
  4.1231729E+02,  0.0000000E+00,  2.5679221E+02,3089,  7.8299230E-01,  0.0000000E+00,  1.2589402E-01,  1.0002043E+03,  1.2153793E+04,3,
  4.1370038E+02,  0.0000000E+00,  2.5675647E+02,3079,  7.6677310E-01,  0.0000000E+00,  1.4275327E-01,  1.0002112E+03,  1.2564384E+04,3,
  4.1257870E+02,  0.0000000E+00,  2.5340651E+02,2777,  5.7100832E-01,  0.0000000E+00,  1.0034256E-01,  1.0001825E+03,  1.0856727E+04,3,
  4.1556564E+02,  0.0000000E+00,  2.5669827E+02,3081,  6.4173555E-01,  0.0000000E+00,  1.0247335E-01,  1.0002429E+03,  1.4454049E+04,3,
  4.1452658E+02,  0.0000000E+00,  2.5533344E+02,2778,  7.0856267E-01,  0.0000000E+00,  1.4379101E-01,  1.0003807E+03,  2.2663730E+04,3,
  4.1676010E+02,  0.0000000E+00,  2.5658566E+02,3071,  6.2278074E-01,  0.0000000E+00,  3.3614557E-02,  1.0002861E+03,  1.7023844E+04,3,
  4.1443738E+02,  0.0000000E+00,  2.5336000E+02,2933,  4.3576413E-01,  0.0000000E+00, -2.8930381E-02,  1.0004091E+03,  2.4355230E+04,3,
  4.1311780E+02,  0.0000000E+00,  2.5259673E+02,2543,  3.6719364E-01,  0.0000000E+00,  7.9379566E-02,  1.0012459E+03,  7.4356750E+04,3,
  4.1607257E+02,  0.0000000E+00,  2.5363554E+02,3006,  2.9890391E-01,  0.0000000E+00, -6.0068730E-02,  1.0000165E+03,  9.8351453E+02,3,
  4.1587344E+02,  0.0000000E+00,  2.5261754E+02,2643,  4.5186061E-01,  0.0000000E+00, -3.4238335E-02,  1.0014774E+03,  8.8234484E+04,3,
  4.1727509E+02,  0.0000000E+00,  2.5328860E+02,2987,  4.0762982E-01,  0.0000000E+00,  1.2319685E-02,  1.0004041E+03,  2.4053285E+04,3,
  4.1792139E+02,  0.0000000E+00,  2.5644119E+02,3023,  6.4960045E-01,  0.0000000E+00, -1.4060264E-02,  1.0003177E+03,  1.8907086E+04,3,
  4.1809085E+02,  0.0000000E+00,  2.5253299E+02,2425,  3.7096387E-01,  0.0000000E+00,  4.0931636E-03,  1.0014168E+03,  8.4599461E+04,3,
  4.1918237E+02,  0.0000000E+00,  2.5642825E+02,3080,  6.3174713E-01,  0.0000000E+00, -1.1816214E-02,  1.0003116E+03,  1.8547135E+04,3,
  4.1959848E+02,  0.0000000E+00,  2.5337936E+02,2768,  5.3308928E-01,  0.0000000E+00, -3.0740688E-02,  1.0001743E+03,  1.0369917E+04,3,
  4.2035559E+02,  0.0000000E+00,  2.5639206E+02,3063,  6.1957538E-01,  0.0000000E+00, -3.5376567E-03,  1.0002968E+03,  1.7660035E+04,3,
  4.2152802E+02,  0.0000000E+00,  2.5635858E+02,3052,  6.1726308E-01,  0.0000000E+00, -3.8150526E-03,  1.0002740E+03,  1.6307725E+04,3,
  4.1977805E+02,  0.0000000E+00,  2.5297765E+02,2917,  3.2448116E-01,  0.0000000E+00,  8.9298831E-03,  1.0006574E+03,  3.9165402E+04,3,
  4.2264182E+02,  0.0000000E+00,  2.5643246E+02,3053,  6.0089111E-01,  0.0000000E+00, -1.1473206E-02,  1.0002426E+03,  1.4435878E+04,3,
  4.2091620E+02,  0.0000000E+00,  2.5287941E+02,2861,  3.8993895E-01,  0.0000000E+00,  4.2297267E-03,  1.0007787E+03,  4.6407398E+04,3,
  4.2178766E+02,  0.0000000E+00,  2.5298283E+02,2651,  3.8610357E-01,  0.0000000E+00,  1.8088121E-02,  1.0006193E+03,  3.6888562E+04,3,
  4.2285028E+02,  0.0000000E+00,  2.5283324E+02,2818,  4.2851967E-01,  0.0000000E+00,  2.3081606E-02,  1.0008033E+03,  4.7876848E+04,3,
  4.2364880E+02,  0.0000000E+00,  2.5308481E+02,2864,  3.9961076E-01,  0.0000000E+00,  1.5614104E-02,  1.0004531E+03,  2.6974895E+04,3,
  4.2416263E+02,  0.0000000E+00,  2.5654727E+02,2795,  6.9107008E-01,  0.0000000E+00,  4.5045991E-03,  1.0002065E+03,  1.2288232E+04,3,
  4.2425922E+02,  0.0000000E+00,  2.5530330E+02,2551,  5.7935554E-01,  0.0000000E+00,  2.6894988E-02,  1.0003109E+03,  1.8499869E+04,3,
  4.2484521E+02,  0.0000000E+00,  2.5269049E+02,2708,  3.9718372E-01,  0.0000000E+00, -3.7185962E-03,  1.0010640E+03,  6.3467098E+04,3,
  4.2572971E+02,  0.0000000E+00,  2.5657266E+02,2677,  6.3048452E-01,  0.0000000E+00,  6.2558330E-03,  1.0002307E+03,  1.3723578E+04,3,
  4.2672577E+02,  0.0000000E+00,  2.5649960E+02,2822,  6.0682273E-01,  0.0000000E+00,  2.2376352E-03,  1.0002410E+03,  1.4341386E+04,3,
  4.2581464E+02,  0.0000000E+00,  2.5312465E+02,2773,  3.8593042E-01,  0.0000000E+00, -1.2155561E-02,  1.0004697E+03,  2.7968363E+04,3,
  4.2800537E+02,  0.0000000E+00,  2.5663095E+02,2686,  6.0452610E-01,  0.0000000E+00,  2.3036937E-03,  1.0002154E+03,  1.2815107E+04,3,
  4.2851706E+02,  0.0000000E+00,  2.5567172E+02,2853,  6.3459796E-01,  0.0000000E+00,  2.8460415E-02,  1.0003125E+03,  1.8598035E+04,3,
  4.2674649E+02,  0.0000000E+00,  2.5310460E+02,2800,  4.1580909E-01,  0.0000000E+00, -1.9622957E-02,  1.0005425E+03,  3.2310955E+04,3,
  4.2976520E+02,  0.0000000E+00,  2.5671283E+02,3034,  6.3573521E-01,  0.0000000E+00,  9.4535444E-03,  1.0002271E+03,  1.3509172E+04,3,
  4.2759308E+02,  0.0000000E+00,  2.5260803E+02,2728,  4.0292424E-01,  0.0000000E+00, -2.6577920E-02,  1.0012401E+03,  7.4005758E+04,3,
  4.2896234E+02,  0.0000000E+00,  2.5305121E+02,2880,  3.7440324E-01,  0.0000000E+00, -1.8324118E-02,  1.0004926E+03,  2.9329541E+04,3,
  4.2959579E+02,  0.0000000E+00,  2.5305098E+02,2587,  3.6213744E-01,  0.0000000E+00, -4.8380892E-04,  1.0004538E+03,  2.7018561E+04,3,
  4.3038855E+02,  0.0000000E+00,  2.5295012E+02,2779,  3.7951928E-01,  0.0000000E+00,  3.0394236E-02,  1.0005705E+03,  3.3978605E+04,3,
  4.3099265E+02,  0.0000000E+00,  2.5670184E+02,2659,  6.2290585E-01,  0.0000000E+00,  2.0677479E-02,  1.0002197E+03,  1.3069471E+04,3,
  4.3124600E+02,  0.0000000E+00,  2.5296416E+02,2833,  3.2403228E-01,  0.0000000E+00,  5.3352382E-02,  1.0005881E+03,  3.5027402E+04,3,
  4.3162119E+02,  0.0000000E+00,  2.5546184E+02,2797,  6.2176734E-01,  0.0000000E+00, -9.1865752E-03,  1.0003132E+03,  1.8641666E+04,3,
  4.3266931E+02,  0.0000000E+00,  2.5669714E+02,3054,  5.8786911E-01,  0.0000000E+00,  3.4617212E-02,  1.0002099E+03,  1.2488078E+04,3,
  4.3234943E+02,  0.0000000E+00,  2.5287021E+02,2662,  3.6478654E-01,  0.0000000E+00,  8.4011801E-02,  1.0008277E+03,  4.9335578E+04,3,
  4.3372113E+02,  0.0000000E+00,  2.5627957E+02,2668,  5.9089255E-01,  0.0000000E+00,  5.3725507E-02,  1.0002405E+03,  1.4308678E+04,3,
  4.3465955E+02,  0.0000000E+00,  2.5660883E+02,3025,  5.7230908E-01,  0.0000000E+00,  4.2619288E-02,  1.0002327E+03,  1.3843503E+04,3,
  4.3344601E+02,  0.0000000E+00,  2.5286906E+02,2552,  4.8464316E-01,  0.0000000E+00,  5.0704852E-02,  1.0009675E+03,  5.7690898E+04,3,
  4.3579816E+02,  0.0000000E+00,  2.5622623E+02,3043,  5.9893912E-01,  0.0000000E+00,  4.6830110E-02,  1.0002914E+03,  1.7340117E+04,3,
  4.3686816E+02,  0.0000000E+00,  2.5653281E+02,2813,  5.7262081E-01,  0.0000000E+00,  3.6156036E-02,  1.0002670E+03,  1.5889708E+04,3,
  4.3462906E+02,  0.0000000E+00,  2.5261017E+02,2748,  5.4060334E-01,  0.0000000E+00, -1.1733185E-01,  1.0014284E+03,  8.5294883E+04,3,
  4.3570639E+02,  0.0000000E+00,  2.5294098E+02,2756,  3.0954087E-01,  0.0000000E+00, -1.5679181E-01,  1.0008850E+03,  5.2760777E+04,3,
  4.3691867E+02,  0.0000000E+00,  2.5320187E+02,2742,  1.8470696E-01,  0.0000000E+00,  2.5999049E-02,  1.0004230E+03,  2.5181078E+04,3,
  4.3751978E+02,  0.0000000E+00,  2.5312619E+02,2743,  1.3094020E-01,  0.0000000E+00,  9.8347470E-02,  1.0004366E+03,  2.5996078E+04,3,
  4.3789636E+02,  0.0000000E+00,  2.5667749E+02,3044,  5.8454388E-01,  0.0000000E+00,  5.5153504E-02,  1.0002485E+03,  1.4784777E+04,3,
  4.3838693E+02,  0.0000000E+00,  2.5267168E+02,2724,  7.3161525E-01,  0.0000000E+00,  3.0483555E-02,  1.0008923E+03,  5.3194938E+04,3,
  4.3905234E+02,  0.0000000E+00,  2.5683179E+02,3035,  6.4043069E-01,  0.0000000E+00,  8.5632652E-02,  1.0002004E+03,  1.1924887E+04,3,
  4.3969537E+02,  0.0000000E+00,  2.5611008E+02,2932,  6.0217381E-01,  0.0000000E+00,  1.0681780E-01,  1.0002381E+03,  1.4166942E+04,3,
  4.3967642E+02,  0.0000000E+00,  2.5283775E+02,2642,  3.0136284E-01,  0.0000000E+00,  8.3643124E-02,  1.0006689E+03,  3.9854023E+04,3,
  4.4106985E+02,  0.0000000E+00,  2.5668094E+02,3036,  5.0353485E-01,  0.0000000E+00,  2.3742555E-02,  1.0001763E+03,  1.0489801E+04,3,
  4.4247110E+02,  0.0000000E+00,  2.5635873E+02,2905,  5.6064004E-01,  0.0000000E+00, -1.2816247E-01,  1.0002067E+03,  1.2299133E+04,3,
  4.3994272E+02,  0.0000000E+00,  2.5329649E+02,2488,  1.1030543E-01,  0.0000000E+00,  6.3458823E-02,  1.0004124E+03,  2.4551682E+04,3,
  4.4041776E+02,  0.0000000E+00,  2.5299414E+02,2718,  1.4298902E-01,  0.0000000E+00,  1.0783049E-01,  1.0008801E+03,  5.2468914E+04,3,
  4.4411447E+02,  0.0000000E+00,  2.5614890E+02,2978,  1.0472026E+00,  0.0000000E+00, -5.4154021E-01,  1.0003214E+03,  1.9125246E+04,3,
  4.4303458E+02,  0.0000000E+00,  2.5497246E+02,2714,  5.6949294E-01,  0.0000000E+00,  3.1959283E-01,  1.0001979E+03,  1.1772285E+04,3,
  4.4218130E+02,  0.0000000E+00,  2.5440411E+02,2782,  5.6175643E-01,  0.0000000E+00,  3.8662502E-01,  1.0006561E+03,  3.9085250E+04,3,
  4.4389813E+02,  0.0000000E+00,  2.5509947E+02,2716,  5.9502685E-01,  0.0000000E+00,  2.0266782E-01,  1.0001835E+03,  1.0918488E+04,3,
  4.4577750E+02,  0.0000000E+00,  2.5554164E+02,3026,  9.0385240E-01,  0.0000000E+00, -1.1218530E+00,  1.0010011E+03,  5.9702332E+04,3,
  4.4718903E+02,  0.0000000E+00,  2.5484586E+02,2737,  1.3373518E+00,  0.0000000E+00, -2.7744117E-01,  1.0007750E+03,  4.6188641E+04,3,
  4.4687109E+02,  0.0000000E+00,  2.5531271E+02,3017,  5.7193094E-01,  0.0000000E+00, -1.3878533E+00,  9.9955408E+02, -2.6478213E+04,3,
  4.4916592E+02,  0.0000000E+00,  2.5497423E+02,2791,  1.3714855E+00,  0.0000000E+00,  2.4661952E-01,  1.0001371E+03,  8.1541426E+03,3,
  4.4970953E+02,  0.0000000E+00,  2.5621625E+02,3027,  1.2228721E+00,  0.0000000E+00, -1.2952802E-01,  1.0004025E+03,  2.3962340E+04,3,
  4.5052191E+02,  0.0000000E+00,  2.5498621E+02,2823,  1.1170074E+00,  0.0000000E+00,  3.0911965E-02,  1.0001836E+03,  1.0922121E+04,3,
  4.4817319E+02,  0.0000000E+00,  2.5485297E+02,2634,  6.7498356E-01,  0.0000000E+00,  3.0897179E-01,  1.0006008E+03,  3.5784938E+04,3,
  4.5147757E+02,  0.0000000E+00,  2.5483083E+02,2479,  1.1365151E+00,  0.0000000E+00, -2.4812542E-02,  1.0005179E+03,  3.0840158E+04,3,
  4.5158652E+02,  0.0000000E+00,  2.5652225E+02,2786,  1.0276093E+00,  0.0000000E+00, -5.2282899E-03,  1.0003280E+03,  1.9521580E+04,3,
  4.5296844E+02,  0.0000000E+00,  2.5494005E+02,2669,  1.1219883E+00,  0.0000000E+00, -8.6383196E-03,  1.0002985E+03,  1.7765465E+04,3,
  4.5350497E+02,  0.0000000E+00,  2.5656885E+02,3007,  1.1451292E+00,  0.0000000E+00, -2.6296796E-02,  1.0003181E+03,  1.8932539E+04,3,
  4.5352884E+02,  0.0000000E+00,  2.5504965E+02,2835,  1.1009039E+00,  0.0000000E+00,  1.3452752E-02,  1.0000590E+03,  3.5062583E+03,3,
  4.5463440E+02,  0.0000000E+00,  2.5490295E+02,2788,  1.1445107E+00,  0.0000000E+00,  6.0917724E-02,  1.0003613E+03,  2.1503492E+04,3,
  4.5549426E+02,  0.0000000E+00,  2.5635138E+02,3018,  1.2893275E+00,  0.0000000E+00, -3.9055262E-02,  1.0003720E+03,  2.2143607E+04,3,
  4.5599310E+02,  0.0000000E+00,  2.5483446E+02,2935,  1.0674688E+00,  0.0000000E+00,  7.8211047E-02,  1.0004769E+03,  2.8394166E+04,3,
  4.5741077E+02,  0.0000000E+00,  2.5632025E+02,2759,  1.2942889E+00,  0.0000000E+00, -1.7304206E-02,  1.0003602E+03,  2.1438029E+04,3,
  4.5727100E+02,  0.0000000E+00,  2.5487518E+02,2734,  1.0669392E+00,  0.0000000E+00,  1.3799754E-01,  1.0004213E+03,  2.5079207E+04,3,
  4.5861990E+02,  0.0000000E+00,  2.5487077E+02,2687,  1.2176294E+00,  0.0000000E+00,  8.6879469E-02,  1.0004633E+03,  2.7586248E+04,3,
  4.5942676E+02,  0.0000000E+00,  2.5642590E+02,2998,  1.4012226E+00,  0.0000000E+00, -2.1212935E-02,  1.0003217E+03,  1.9147062E+04,3,
  4.5966089E+02,  0.0000000E+00,  2.5503793E+02,2824,  1.1936228E+00,  0.0000000E+00,  3.1202044E-02,  1.0000867E+03,  5.1581865E+03,3,
  4.6050314E+02,  0.0000000E+00,  2.5492557E+02,2817,  1.1146667E+00,  0.0000000E+00, -1.8679868E-02,  1.0002753E+03,  1.6384059E+04,3,
  4.6132080E+02,  0.0000000E+00,  2.5613907E+02,2989,  1.4508021E+00,  0.0000000E+00, -8.7517992E-02,  1.0003942E+03,  2.3463975E+04,3,
  4.6308563E+02,  0.0000000E+00,  2.5570192E+02,2623,  1.4100274E+00,  0.0000000E+00, -1.2849653E-01,  1.0005575E+03,  3.3203004E+04,3,
  4.6200104E+02,  0.0000000E+00,  2.5472049E+02,2717,  9.8820424E-01,  0.0000000E+00, -4.9395161E-03,  1.0005820E+03,  3.4663223E+04,3,
  4.6443259E+02,  0.0000000E+00,  2.5518082E+02,2980,  1.2613585E+00,  0.0000000E+00, -1.6556840E-01,  1.0002271E+03,  1.3512806E+04,3,
  4.6438336E+02,  0.0000000E+00,  2.5496466E+02,2614,  1.3506136E+00,  0.0000000E+00,  7.0103019E-02,  1.0005017E+03,  2.9875521E+04,3,
  4.6484186E+02,  0.0000000E+00,  2.5529718E+02,2991,  1.2453240E+00,  0.0000000E+00, -3.0336391E-02,  1.0001223E+03,  7.2752349E+03,3,
  4.6670068E+02,  0.0000000E+00,  2.5459166E+02,2685,  1.2721034E+00,  0.0000000E+00,  1.1581105E-01,  1.0016579E+03,  9.9066844E+04,3,
  4.6871280E+02,  0.0000000E+00,  2.5509834E+02,2961,  1.5389540E+00,  0.0000000E+00, -1.8040922E-02,  1.0003065E+03,  1.8238096E+04,3,
  4.6826019E+02,  0.0000000E+00,  2.5557227E+02,3000,  1.2558968E+00,  0.0000000E+00, -3.1074947E-01,  1.0002502E+03,  1.4890177E+04,3,
  4.6953137E+02,  0.0000000E+00,  2.5506189E+02,2615,  1.4279048E+00,  0.0000000E+00,  3.3728722E-02,  1.0002518E+03,  1.4981039E+04,3,
  4.6987125E+02,  0.0000000E+00,  2.5597673E+02,2925,  1.3738909E+00,  0.0000000E+00, -6.4324595E-02,  1.0002162E+03,  1.2862346E+04,3,
  4.7075262E+02,  0.0000000E+00,  2.5512285E+02,2598,  1.4286344E+00,  0.0000000E+00,  3.6327843E-02,  1.0004994E+03,  2.9737203E+04,3,
  4.7215424E+02,  0.0000000E+00,  2.5454605E+02,2703,  1.4367071E+00,  0.0000000E+00, -2.4907680E-02,  1.0012296E+03,  7.3376922E+04,3,
  4.7291672E+02,  0.0000000E+00,  2.5590578E+02,2990,  1.3780837E+00,  0.0000000E+00, -6.8636149E-02,  1.0002710E+03,  1.6125976E+04,3,
  4.7399380E+02,  0.0000000E+00,  2.5512424E+02,2710,  1.4931931E+00,  0.0000000E+00, -7.0833042E-02,  1.0001871E+03,  1.1132839E+04,3,
  4.7478177E+02,  0.0000000E+00,  2.5498543E+02,2626,  1.4470696E+00,  0.0000000E+00, -3.4014180E-02,  1.0004082E+03,  2.4300662E+04,3,
  4.7480701E+02,  0.0000000E+00,  2.5607925E+02,2741,  1.3857808E+00,  0.0000000E+00, -5.6981839E-02,  1.0002683E+03,  1.5966040E+04,3,
  4.7606470E+02,  0.0000000E+00,  2.5485590E+02,2815,  1.4495667E+00,  0.0000000E+00, -1.9041166E-02,  1.0006337E+03,  3.7748234E+04,3,
  4.7745773E+02,  0.0000000E+00,  2.5473238E+02,2507,  1.4757755E+00,  0.0000000E+00, -1.2470313E-02,  1.0007739E+03,  4.6119367E+04,3,
  4.7734363E+02,  0.0000000E+00,  2.5619885E+02,2973,  1.4061143E+00,  0.0000000E+00, -5.0354663E-02,  1.0002784E+03,  1.6569447E+04,3,
  4.7896161E+02,  0.0000000E+00,  2.5511296E+02,2806,  1.4926405E+00,  0.0000000E+00,  1.4353200E-03,  1.0000638E+03,  3.7966873E+03,3,
  4.7920352E+02,  0.0000000E+00,  2.5629474E+02,2972,  1.4531045E+00,  0.0000000E+00, -3.0183597E-02,  1.0002789E+03,  1.6594893E+04,3,
  4.7945087E+02,  0.0000000E+00,  2.5501843E+02,2720,  1.4282632E+00,  0.0000000E+00,  5.6225993E-04,  1.0002778E+03,  1.6533096E+04,3,
  4.8104904E+02,  0.0000000E+00,  2.5471634E+02,2617,  1.4599710E+00,  0.0000000E+00,  1.4852783E-02,  1.0008221E+03,  4.9000051E+04,3,
  4.8113812E+02,  0.0000000E+00,  2.5622345E+02,2841,  1.4794997E+00,  0.0000000E+00, -2.1794181E-02,  1.0002839E+03,  1.6892977E+04,3,
  4.8254617E+02,  0.0000000E+00,  2.5482562E+02,2580,  1.4873058E+00,  0.0000000E+00,  1.2372517E-02,  1.0006888E+03,  4.1038266E+04,3,
  4.8334372E+02,  0.0000000E+00,  2.5634265E+02,2982,  1.4837095E+00,  0.0000000E+00, -2.7658297E-03,  1.0002319E+03,  1.3799894E+04,3,
  4.8369843E+02,  0.0000000E+00,  2.5516544E+02,2470,  1.4803199E+00,  0.0000000E+00,  4.5627952E-03,  1.0000307E+03,  1.8255676E+03,3,
  4.8456622E+02,  0.0000000E+00,  2.5491731E+02,2480,  1.4625200E+00,  0.0000000E+00,  3.9657536E-03,  1.0005156E+03,  3.0705467E+04,3,
  4.8531476E+02,  0.0000000E+00,  2.5612262E+02,2869,  1.4807601E+00,  0.0000000E+00, -9.5584793E-03,  1.0003093E+03,  1.8408975E+04,3,
  4.8619141E+02,  0.0000000E+00,  2.5465411E+02,2389,  1.4895734E+00,  0.0000000E+00, -2.0944925E-04,  1.0009313E+03,  5.5530250E+04,3,
  4.8733835E+02,  0.0000000E+00,  2.5630698E+02,2962,  1.4835569E+00,  0.0000000E+00, -1.2057387E-02,  1.0002399E+03,  1.4272335E+04,3,
  4.8779730E+02,  0.0000000E+00,  2.5511897E+02,2658,  1.5046319E+00,  0.0000000E+00, -2.9510107E-02,  1.0001759E+03,  1.0464371E+04,3,
  4.8841626E+02,  0.0000000E+00,  2.5496294E+02,2534,  1.4676719E+00,  0.0000000E+00, -1.7547132E-02,  1.0004706E+03,  2.8019312E+04,3,
  4.8972134E+02,  0.0000000E+00,  2.5629395E+02,2887,  1.4680433E+00,  0.0000000E+00, -1.1247829E-02,  1.0002791E+03,  1.6609434E+04,3,
  4.8978659E+02,  0.0000000E+00,  2.5475577E+02,2745,  1.4843359E+00,  0.0000000E+00, -1.1189224E-02,  1.0007260E+03,  4.3261387E+04,3,
  4.9108939E+02,  0.0000000E+00,  2.5513072E+02,2781,  1.4985379E+00,  0.0000000E+00,  1.7698022E-03,  1.0000408E+03,  2.4244851E+03,3,
  4.9158640E+02,  0.0000000E+00,  2.5649814E+02,2954,  1.4923670E+00,  0.0000000E+00, -8.1700934E-03,  1.0002301E+03,  1.3690872E+04,3,
  4.9178650E+02,  0.0000000E+00,  2.5495511E+02,2733,  1.4677304E+00,  0.0000000E+00, -1.9190724E-03,  1.0004071E+03,  2.4235180E+04,3,
  4.9310883E+02,  0.0000000E+00,  2.5481392E+02,2699,  1.4851178E+00,  0.0000000E+00,  7.4433568E-03,  1.0006639E+03,  3.9551605E+04,3,
  4.9369360E+02,  0.0000000E+00,  2.5641830E+02,2842,  1.4913354E+00,  0.0000000E+00, -2.4944728E-03,  1.0002296E+03,  1.3661800E+04,3,
  4.9436819E+02,  0.0000000E+00,  2.5491779E+02,2660,  1.4893234E+00,  0.0000000E+00,  6.5831807E-03,  1.0005193E+03,  3.0927525E+04,3,
  4.9539285E+02,  0.0000000E+00,  2.5502602E+02,2736,  1.4819468E+00,  0.0000000E+00,  3.8233437E-03,  1.0003494E+03,  2.0794322E+04,3,
  4.9602759E+02,  0.0000000E+00,  2.5648785E+02,2955,  1.5030715E+00,  0.0000000E+00, -1.7635712E-03,  1.0001843E+03,  1.0965718E+04,3,
  4.9666830E+02,  0.0000000E+00,  2.5485667E+02,2689,  1.4889957E+00,  0.0000000E+00,  1.4538569E-03,  1.0005859E+03,  3.4896297E+04,3,
  4.9737744E+02,  0.0000000E+00,  2.5510097E+02,2706,  1.4738681E+00,  0.0000000E+00, -8.4848393E-04,  1.0002378E+03,  1.4148771E+04,3,
  4.9807220E+02,  0.0000000E+00,  2.5630383E+02,2964,  1.5046220E+00,  0.0000000E+00, -9.8282658E-03,  1.0002014E+03,  1.1983021E+04,3,
  4.9890244E+02,  0.0000000E+00,  2.5481708E+02,2571,  1.4938508E+00,  0.0000000E+00,  3.1773245E-03,  1.0007635E+03,  4.5503227E+04,3,
  4.9997064E+02,  0.0000000E+00,  2.5494324E+02,2646,  1.4767178E+00,  0.0000000E+00, -9.9228916E-04,  1.0006055E+03,  3.6065383E+04,3,
  5.0096082E+02,  0.0000000E+00,  2.5631680E+02,2934,  1.5511341E+00,  0.0000000E+00,  8.0861580E-03,  1.0002025E+03,  1.2048423E+04,3,
  5.0129895E+02,  0.0000000E+00,  2.5498131E+02,2711,  1.4684845E+00,  0.0000000E+00, -1.0260182E-02,  1.0004496E+03,  2.6771117E+04,3,
  5.0230829E+02,  0.0000000E+00,  2.5483984E+02,2680,  1.4736998E+00,  0.0000000E+00, -1.3847244E-02,  1.0005931E+03,  3.5329680E+04,3,
  5.0311246E+02,  0.0000000E+00,  2.5652567E+02,2732,  1.5223981E+00,  0.0000000E+00,  6.6867942E-04,  1.0002077E+03,  1.2357270E+04,3,
  5.0371677E+02,  0.0000000E+00,  2.5507912E+02,2799,  1.4532562E+00,  0.0000000E+00, -1.2445641E-02,  1.0001641E+03,  9.7596211E+03,3,
  5.0417093E+02,  0.0000000E+00,  2.5498346E+02,2688,  1.4801462E+00,  0.0000000E+00, -9.5134061E-03,  1.0003398E+03,  2.0223387E+04,3,
  5.0489957E+02,  0.0000000E+00,  2.5656491E+02,2578,  1.5196539E+00,  0.0000000E+00, -8.2813874E-03,  1.0001911E+03,  1.1368993E+04,3,
  5.0560248E+02,  0.0000000E+00,  2.5485402E+02,2678,  1.4793775E+00,  0.0000000E+00, -9.3060248E-03,  1.0006008E+03,  3.5788578E+04,3,
  5.0651584E+02,  0.0000000E+00,  2.5499231E+02,2635,  1.4752421E+00,  0.0000000E+00, -6.9856779E-03,  1.0004230E+03,  2.5181078E+04,3,
  5.0740073E+02,  0.0000000E+00,  2.5591148E+02,2836,  1.5077585E+00,  0.0000000E+00, -8.1690177E-03,  1.0003531E+03,  2.1016160E+04,3,
  5.0797430E+02,  0.0000000E+00,  2.5488972E+02,2870,  1.4665285E+00,  0.0000000E+00,  1.7838465E-03,  1.0005707E+03,  3.3989531E+04,3,
  5.0910452E+02,  0.0000000E+00,  2.5497461E+02,2681,  1.4864112E+00,  0.0000000E+00, -6.2427588E-04,  1.0004771E+03,  2.8405084E+04,3,
  5.1003943E+02,  0.0000000E+00,  2.5663821E+02,2945,  1.5168104E+00,  0.0000000E+00,  6.3912281E-05,  1.0001674E+03,  9.9594160E+03,3,
  5.1010892E+02,  0.0000000E+00,  2.5490964E+02,2707,  1.4903731E+00,  0.0000000E+00, -1.1733117E-02,  1.0005235E+03,  3.1175072E+04,3,
  5.1133069E+02,  0.0000000E+00,  2.5521411E+02,2645,  1.4511110E+00,  0.0000000E+00, -1.5160405E-02,  9.9997473E+02, -1.5023024E+03,3,
  5.1184500E+02,  0.0000000E+00,  2.5485960E+02,2735,  1.5009404E+00,  0.0000000E+00, -1.1147966E-02,  1.0005975E+03,  3.5591906E+04,3,
  5.1183432E+02,  0.0000000E+00,  2.5673837E+02,2936,  1.4914447E+00,  0.0000000E+00, -5.8262465E-03,  1.0001797E+03,  1.0693243E+04,3,
  5.1341461E+02,  0.0000000E+00,  2.5474004E+02,2609,  1.4694651E+00,  0.0000000E+00, -1.3873822E-02,  1.0007949E+03,  4.7373637E+04,3,
  5.1379291E+02,  0.0000000E+00,  2.5653961E+02,2705,  1.5055537E+00,  0.0000000E+00, -7.9385089E-03,  1.0002084E+03,  1.2397238E+04,3,
  5.1440436E+02,  0.0000000E+00,  2.5517551E+02,2827,  1.4790119E+00,  0.0000000E+00, -1.4125212E-02,  1.0001104E+03,  6.5634497E+03,3,
  5.1536316E+02,  0.0000000E+00,  2.5491908E+02,2656,  1.4693047E+00,  0.0000000E+00, -5.3167650E-03,  1.0005311E+03,  3.1630139E+04,3,
  5.1607111E+02,  0.0000000E+00,  2.5643430E+02,2560,  1.4957567E+00,  0.0000000E+00,  7.8845420E-04,  1.0002115E+03,  1.2582552E+04,3,
  5.1654144E+02,  0.0000000E+00,  2.5495839E+02,2789,  1.4770787E+00,  0.0000000E+00,  2.3436667E-03,  1.0004630E+03,  2.7568053E+04,3,
  5.1755170E+02,  0.0000000E+00,  2.5495041E+02,2608,  1.4840639E+00,  0.0000000E+00,  8.8313705E-04,  1.0004706E+03,  2.8022953E+04,3,
  5.1850427E+02,  0.0000000E+00,  2.5652234E+02,2796,  1.4612819E+00,  0.0000000E+00,  7.3846644E-03,  1.0001961E+03,  1.1666919E+04,3,
  5.1869244E+02,  0.0000000E+00,  2.5492761E+02,2673,  1.4949278E+00,  0.0000000E+00, -4.0215319E-03,  1.0004803E+03,  2.8597977E+04,3,
  5.1962830E+02,  0.0000000E+00,  2.5505797E+02,2516,  1.4905139E+00,  0.0000000E+00, -1.6009159E-02,  1.0002483E+03,  1.4773874E+04,3,
  5.2059998E+02,  0.0000000E+00,  2.5493419E+02,2770,  1.4988942E+00,  0.0000000E+00, -1.8462459E-02,  1.0004652E+03,  2.7699061E+04,3,
  5.2062329E+02,  0.0000000E+00,  2.5647205E+02,2805,  1.4297436E+00,  0.0000000E+00,  2.8379887E-02,  1.0002076E+03,  1.2353636E+04,3,
  5.2187750E+02,  0.0000000E+00,  2.5486986E+02,2570,  1.4838554E+00,  0.0000000E+00, -2.5468152E-02,  1.0005659E+03,  3.3701859E+04,3,
  5.2278967E+02,  0.0000000E+00,  2.5501376E+02,2624,  1.5198619E+00,  0.0000000E+00, -2.4199566E-02,  1.0003804E+03,  2.2645545E+04,3,
  5.2280988E+02,  0.0000000E+00,  2.5637119E+02,2926,  1.3462107E+00,  0.0000000E+00,  6.1250191E-02,  1.0001885E+03,  1.1212768E+04,3,
  5.2426697E+02,  0.0000000E+00,  2.5476405E+02,2629,  1.5174471E+00,  0.0000000E+00,  2.2262370E-03,  1.0007498E+03,  4.4679336E+04,3,
  5.2554230E+02,  0.0000000E+00,  2.5500851E+02,2666,  1.4926808E+00,  0.0000000E+00,  4.8308723E-02,  1.0005571E+03,  3.3181156E+04,3,
  5.2479926E+02,  0.0000000E+00,  2.5613913E+02,2928,  1.2492048E+00,  0.0000000E+00,  5.9134897E-02,  1.0001825E+03,  1.0856727E+04,3,
  5.2673547E+02,  0.0000000E+00,  2.5489398E+02,2899,  1.4543890E+00,  0.0000000E+00,  2.4099328E-02,  1.0007254E+03,  4.3224938E+04,3,
  5.2751813E+02,  0.0000000E+00,  2.5587282E+02,2900,  1.3861389E+00,  0.0000000E+00,  1.6583089E-03,  1.0001547E+03,  9.2002168E+03,3,
  5.2819086E+02,  0.0000000E+00,  2.5494452E+02,2533,  1.4560580E+00,  0.0000000E+00,  2.0495825E-02,  1.0007315E+03,  4.3589430E+04,3,
  5.2937671E+02,  0.0000000E+00,  2.5485637E+02,2649,  1.4048929E+00,  0.0000000E+00,  8.8766851E-03,  1.0007907E+03,  4.7125688E+04,3,
  5.3057257E+02,  0.0000000E+00,  2.5609207E+02,2927,  1.5508078E+00,  0.0000000E+00,  2.6600016E-02,  1.0001339E+03,  7.9652798E+03,3,
  5.3072443E+02,  0.0000000E+00,  2.5498674E+02,2628,  1.3695422E+00,  0.0000000E+00,  2.2027202E-02,  1.0005169E+03,  3.0781914E+04,3,
  5.3185992E+02,  0.0000000E+00,  2.5498712E+02,2535,  1.3588442E+00,  0.0000000E+00,  1.4176983E-02,  1.0005250E+03,  3.1262443E+04,3,
  5.3271680E+02,  0.0000000E+00,  2.5621317E+02,2901,  1.5310388E+00,  0.0000000E+00,  2.4902983E-02,  1.0001394E+03,  8.2921602E+03,3,
  5.3318713E+02,  0.0000000E+00,  2.5482391E+02,2648,  1.3865424E+00,  0.0000000E+00,  1.3310043E-02,  1.0007811E+03,  4.6549594E+04,3,
  5.3441022E+02,  0.0000000E+00,  2.5485321E+02,2790,  1.4070756E+00,  0.0000000E+00,  1.0476495E-02,  1.0007213E+03,  4.2980734E+04,3,
  5.3543793E+02,  0.0000000E+00,  2.5640012E+02,2769,  1.5033417E+00,  0.0000000E+00,  5.1485758E-02,  1.0001705E+03,  1.0141052E+04,3,
  5.3579205E+02,  0.0000000E+00,  2.5502097E+02,2771,  1.3660113E+00,  0.0000000E+00,  2.5414465E-02,  1.0003733E+03,  2.2219988E+04,3,
  5.3661328E+02,  0.0000000E+00,  2.5502946E+02,2808,  1.3880681E+00,  0.0000000E+00,  8.8698640E-03,  1.0003476E+03,  2.0688861E+04,3,
  5.3736798E+02,  0.0000000E+00,  2.5673383E+02,2524,  1.4733745E+00,  0.0000000E+00,  2.9624205E-02,  1.0001330E+03,  7.9108008E+03,3,
  5.3776184E+02,  0.0000000E+00,  2.5490201E+02,2683,  1.3774426E+00,  0.0000000E+00,  3.1920082E-03,  1.0005237E+03,  3.1189635E+04,3,
  5.3852496E+02,  0.0000000E+00,  2.5509436E+02,2597,  1.4191136E+00,  0.0000000E+00,  1.4556027E-03,  1.0003110E+03,  1.8510775E+04,3,
  5.3959869E+02,  0.0000000E+00,  2.5637735E+02,2882,  1.3932377E+00,  0.0000000E+00,  1.7819405E-02,  1.0001826E+03,  1.0863993E+04,3,
  5.4001282E+02,  0.0000000E+00,  2.5471941E+02,2371,  1.3972601E+00,  0.0000000E+00,  9.7280863E-04,  1.0008723E+03,  5.1998305E+04,3,
  5.4112152E+02,  0.0000000E+00,  2.5506702E+02,2674,  1.3920228E+00,  0.0000000E+00, -1.2434965E-04,  1.0004420E+03,  2.6316275E+04,3,
  5.4209576E+02,  0.0000000E+00,  2.5508464E+02,2747,  1.3850592E+00,  0.0000000E+00, -6.1232350E-03,  1.0003317E+03,  1.9743391E+04,3,
  5.4251416E+02,  0.0000000E+00,  2.5645941E+02,2871,  1.4466314E+00,  0.0000000E+00, -3.8087030E-03,  1.0001603E+03,  9.5380352E+03,3,
  5.4323322E+02,  0.0000000E+00,  2.5480742E+02,2652,  1.3883054E+00,  0.0000000E+00, -2.3356045E-02,  1.0006779E+03,  4.0386004E+04,3,
  5.4417065E+02,  0.0000000E+00,  2.5513928E+02,2700,  1.4159769E+00,  0.0000000E+00, -5.4063637E-02,  1.0002474E+03,  1.4719358E+04,3,
  5.4452460E+02,  0.0000000E+00,  2.5650546E+02,2873,  1.3683027E+00,  0.0000000E+00,  4.1587185E-03,  1.0001434E+03,  8.5318789E+03,3,
  5.4552142E+02,  0.0000000E+00,  2.5478371E+02,2601,  1.3814093E+00,  0.0000000E+00, -2.8722383E-02,  1.0007476E+03,  4.4551750E+04,3,
  5.4637360E+02,  0.0000000E+00,  2.5513487E+02,2554,  1.3907737E+00,  0.0000000E+00, -1.8635506E-02,  1.0004082E+03,  2.4300662E+04,3,
  5.4728424E+02,  0.0000000E+00,  2.5606165E+02,2890,  1.3726008E+00,  0.0000000E+00,  8.6768530E-03,  1.0001918E+03,  1.1412592E+04,3,
  5.4773718E+02,  0.0000000E+00,  2.5493672E+02,2582,  1.3791982E+00,  0.0000000E+00,  6.2142581E-02,  1.0006138E+03,  3.6560738E+04,3,
  5.4882550E+02,  0.0000000E+00,  2.5493922E+02,2826,  1.3931407E+00,  0.0000000E+00,  9.1548018E-02,  1.0006578E+03,  3.9187262E+04,3,
  5.4983783E+02,  0.0000000E+00,  2.5502649E+02,2807,  1.3926319E+00,  0.0000000E+00,  6.1094917E-02,  1.0004548E+03,  2.7080422E+04,3,
  5.5080170E+02,  0.0000000E+00,  2.5644644E+02,2892,  1.5036451E+00,  0.0000000E+00,  2.9541770E-02,  1.0001595E+03,  9.4871807E+03,3,
  5.5091339E+02,  0.0000000E+00,  2.5505388E+02,2607,  1.3825148E+00,  0.0000000E+00, -3.0625474E-02,  1.0003269E+03,  1.9456131E+04,3,
  5.5176215E+02,  0.0000000E+00,  2.5486072E+02,2671,  1.3829699E+00,  0.0000000E+00, -5.2704986E-02,  1.0006023E+03,  3.5875988E+04,3,
  5.5293152E+02,  0.0000000E+00,  2.5501959E+02,2691,  1.3601518E+00,  0.0000000E+00, -8.3913088E-02,  1.0003660E+03,  2.1783537E+04,3,
  5.5317450E+02,  0.0000000E+00,  2.5652185E+02,2506,  1.3773423E+00,  0.0000000E+00,  1.4472552E-02,  1.0001758E+03,  1.0457104E+04,3,
  5.5403955E+02,  0.0000000E+00,  2.5490274E+02,2672,  1.3380258E+00,  0.0000000E+00, -1.3953895E-02,  1.0005480E+03,  3.2634996E+04,3,
  5.5500446E+02,  0.0000000E+00,  2.5501422E+02,2692,  1.4515193E+00,  0.0000000E+00,  1.1038993E-02,  1.0003838E+03,  2.2845600E+04,3,
  5.5544159E+02,  0.0000000E+00,  2.5639499E+02,2760,  1.2305925E+00,  0.0000000E+00,  1.0477674E-02,  1.0001534E+03,  9.1275693E+03,3,
  5.5603174E+02,  0.0000000E+00,  2.5498906E+02,2753,  1.4422530E+00,  0.0000000E+00,  1.5009466E-02,  1.0004666E+03,  2.7779123E+04,3,
  5.5703394E+02,  0.0000000E+00,  2.5502513E+02,2619,  1.3783579E+00,  0.0000000E+00, -7.5997293E-02,  1.0004782E+03,  2.8474234E+04,3,
  5.5799780E+02,  0.0000000E+00,  2.5496181E+02,2834,  1.3237242E+00,  0.0000000E+00, -7.6149441E-02,  1.0005997E+03,  3.5723020E+04,3,
  5.5900513E+02,  0.0000000E+00,  2.5515053E+02,2843,  1.3266354E+00,  0.0000000E+00,  1.0317745E-02,  1.0007379E+03,  4.3968512E+04,3,
  5.5980566E+02,  0.0000000E+00,  2.5522539E+02,2863,  1.3809063E+00,  0.0000000E+00,  5.1045269E-02,  1.0003176E+03,  1.8899814E+04,3,
  5.6050031E+02,  0.0000000E+00,  2.5593390E+02,2874,  1.4654884E+00,  0.0000000E+00,  9.1998689E-03,  1.0001500E+03,  8.9241592E+03,3,
  5.6125775E+02,  0.0000000E+00,  2.5475208E+02,2854,  1.2897139E+00,  0.0000000E+00, -2.2032261E-03,  1.0008798E+03,  5.2447023E+04,3,
  5.6285632E+02,  0.0000000E+00,  2.5625043E+02,2751,  1.4762677E+00,  0.0000000E+00, -2.1865053E-02,  1.0001614E+03,  9.5997881E+03,3,
  5.6286438E+02,  0.0000000E+00,  2.5460455E+02,2600,  1.1752803E+00,  0.0000000E+00,  1.3493225E-01,  1.0010617E+03,  6.3328312E+04,3,
  5.6434564E+02,  0.0000000E+00,  2.5668021E+02,2855,  1.4658891E+00,  0.0000000E+00, -6.4620659E-02,  1.0001436E+03,  8.5391436E+03,3,
  5.6470142E+02,  0.0000000E+00,  2.5526282E+02,2679,  1.3797922E+00,  0.0000000E+00,  2.0162395E-01,  1.0001614E+03,  9.6034209E+03,3,
  5.6474152E+02,  0.0000000E+00,  2.5520973E+02,2690,  1.3957736E+00,  0.0000000E+00,  1.9939665E-01,  1.0003581E+03,  2.1314375E+04,3,
  5.6570374E+02,  0.0000000E+00,  2.5671588E+02,2865,  1.8997341E+00,  0.0000000E+00, -1.2960432E-01,  1.0001755E+03,  1.0438940E+04,3,
  5.6683093E+02,  0.0000000E+00,  2.5451846E+02,2444,  1.1810125E+00,  0.0000000E+00, -1.7046133E-01,  1.0012460E+03,  7.4364062E+04,3,
  5.6784351E+02,  0.0000000E+00,  2.5630469E+02,2633,  1.8496845E+00,  0.0000000E+00,  2.3850265E-01,  1.0001367E+03,  8.1323506E+03,3,
  5.6882416E+02,  0.0000000E+00,  2.5611621E+02,2453,  1.7733233E+00,  0.0000000E+00,  3.6513481E-01,  1.0001306E+03,  7.7691572E+03,3,
  5.6853363E+02,  0.0000000E+00,  2.5438287E+02,2698,  8.8961107E-01,  0.0000000E+00, -2.7271730E-01,  1.0005930E+03,  3.5318754E+04,3,
  5.7026508E+02,  0.0000000E+00,  2.5617886E+02,2663,  1.4487387E+00,  0.0000000E+00,  3.2043082E-01,  1.0001450E+03,  8.6226836E+03,3,
  5.7199121E+02,  0.0000000E+00,  2.5672424E+02,2838,  1.0285438E+00,  0.0000000E+00,  1.7825623E-01,  1.0002388E+03,  1.4210553E+04,3,
  5.7155493E+02,  0.0000000E+00,  2.5596906E+02,2682,  1.2147267E+00,  0.0000000E+00,  1.4575401E-01,  1.0002559E+03,  1.5224555E+04,3,
  5.6991626E+02,  0.0000000E+00,  2.5383873E+02,2588,  8.9676791E-01,  0.0000000E+00, -2.9998720E-01,  1.0002136E+03,  1.2706097E+04,3,
  5.7090454E+02,  0.0000000E+00,  2.5354114E+02,2654,  7.8623021E-01,  0.0000000E+00, -1.5616018E-01,  1.0001666E+03,  9.9121914E+03,3,
  5.7325848E+02,  0.0000000E+00,  2.5648297E+02,2630,  1.2332093E+00,  0.0000000E+00,  4.1492302E-02,  1.0003016E+03,  1.7950879E+04,3,
  5.7237128E+02,  0.0000000E+00,  2.5279028E+02,2847,  2.5799197E-01,  0.0000000E+00, -6.8396805E-03,  1.0010580E+03,  6.3105527E+04,3,
  5.6995404E+02,  0.0000000E+00,  2.5226344E+02,2586, -6.1728489E-02,  0.0000000E+00,  1.2035700E-02,  1.0021815E+03,  1.3056059E+05,3,
  5.7353082E+02,  0.0000000E+00,  2.5276424E+02,2829,  5.5333382E-01,  0.0000000E+00,  6.0320649E-02,  1.0011226E+03,  6.6970219E+04,3,
  5.7428125E+02,  0.0000000E+00,  2.5598917E+02,2798,  1.2774665E+00,  0.0000000E+00,  3.8599805E-03,  1.0003860E+03,  2.2980184E+04,3,
  5.7581671E+02,  0.0000000E+00,  2.5634961E+02,2622,  1.1113708E+00,  0.0000000E+00,  1.4815129E-01,  1.0003535E+03,  2.1037980E+04,3,
  5.7695154E+02,  0.0000000E+00,  2.5608060E+02,2837,  9.7646958E-01,  0.0000000E+00,  1.2765636E-01,  1.0003984E+03,  2.3714973E+04,3,
  5.7445386E+02,  0.0000000E+00,  2.5329047E+02,2611,  7.2737300E-01,  0.0000000E+00,  8.2740132E-03,  1.0002429E+03,  1.4450415E+04,3,
  5.7805182E+02,  0.0000000E+00,  2.5630908E+02,2697,  8.3526266E-01,  0.0000000E+00,  1.2086008E-03,  1.0003288E+03,  1.9568852E+04,3,
  5.7654987E+02,  0.0000000E+00,  2.5320822E+02,2461,  8.0991316E-01,  0.0000000E+00, -4.2828351E-01,  1.0002464E+03,  1.4661207E+04,3,
  5.7927087E+02,  0.0000000E+00,  2.5694910E+02,2595,  9.9049115E-01,  0.0000000E+00, -1.6225691E-01,  1.0002149E+03,  1.2786038E+04,3,
  5.7540460E+02,  0.0000000E+00,  2.5256465E+02,2752,  3.4109136E-01,  0.0000000E+00, -1.3046141E-01,  1.0014644E+03,  8.7454656E+04,3,
  5.8000153E+02,  0.0000000E+00,  2.5631931E+02,2715,  1.1243166E+00,  0.0000000E+00, -2.0395412E-01,  1.0002657E+03,  1.5809742E+04,3,
  5.7748895E+02,  0.0000000E+00,  2.5289815E+02,2517,  1.3015041E-01,  0.0000000E+00, -1.5620822E-01,  1.0007234E+03,  4.3104656E+04,3,
  5.7849731E+02,  0.0000000E+00,  2.5278653E+02,2726,  5.7313603E-01,  0.0000000E+00, -8.0154307E-02,  1.0007511E+03,  4.4759535E+04,3,
  5.7960669E+02,  0.0000000E+00,  2.5298692E+02,2719,  3.6714756E-01,  0.0000000E+00,  1.3003469E-01,  1.0004902E+03,  2.9191232E+04,3,
  5.8016260E+02,  0.0000000E+00,  2.5284204E+02,2518,  1.0925071E-01,  0.0000000E+00,  1.0256239E-01,  1.0008479E+03,  5.0542836E+04,3,
  5.8151355E+02,  0.0000000E+00,  2.5626437E+02,2820,  1.5192785E+00,  0.0000000E+00, -4.0202880E-01,  1.0002828E+03,  1.6831178E+04,3,
  5.8070227E+02,  0.0000000E+00,  2.5332570E+02,2462,  5.9500337E-01,  0.0000000E+00,  4.7922191E-01,  1.0006896E+03,  4.1089285E+04,3,
  5.8281006E+02,  0.0000000E+00,  2.5551187E+02,2353,  1.9612533E+00,  0.0000000E+00, -6.6809183E-01,  1.0010013E+03,  5.9716934E+04,3,
  5.8460425E+02,  0.0000000E+00,  2.5560016E+02,2589,  1.1580606E+00,  0.0000000E+00, -5.7746315E-01,  1.0013737E+03,  8.2015844E+04,3,
  5.8119403E+02,  0.0000000E+00,  2.5422147E+02,2755,  4.2093173E-01,  0.0000000E+00,  5.2858633E-01,  9.9978162E+02, -1.2976147E+04,3,
  5.8615765E+02,  0.0000000E+00,  2.5639627E+02,2810,  2.0240562E+00,  0.0000000E+00, -6.9260955E-02,  1.0005024E+03,  2.9919201E+04,3,
  5.8391394E+02,  0.0000000E+00,  2.5506728E+02,2573,  9.9631405E-01,  0.0000000E+00,  8.1516594E-01,  9.9952124E+02, -2.8425219E+04,3,
  5.8618292E+02,  0.0000000E+00,  2.5498550E+02,2627,  1.2880344E+00,  0.0000000E+00,  6.7310348E-02,  1.0009939E+03,  5.9271535E+04,3,
  5.8574445E+02,  0.0000000E+00,  2.5523213E+02,2525,  1.6318545E+00,  0.0000000E+00,  1.0134690E-01,  9.9800256E+02, -1.1805416E+05,3,
  5.8721533E+02,  0.0000000E+00,  2.5487697E+02,2602,  1.2014930E+00,  0.0000000E+00,  1.9745392E-01,  1.0005530E+03,  3.2933559E+04,3,
  5.8863428E+02,  0.0000000E+00,  2.5473344E+02,2780,  1.7885549E+00,  0.0000000E+00,  3.4960186E-01,  1.0003953E+03,  2.3533090E+04,3,
  5.8893268E+02,  0.0000000E+00,  2.5577943E+02,2802,  1.5236000E+00,  0.0000000E+00, -6.4109385E-02,  1.0006787E+03,  4.0437016E+04,3,
  5.9039331E+02,  0.0000000E+00,  2.5522148E+02,2490,  1.6559901E+00,  0.0000000E+00,  7.8142315E-02,  9.9991602E+02, -4.9922803E+03,3,
  5.9094836E+02,  0.0000000E+00,  2.5512309E+02,2618,  1.5822965E+00,  0.0000000E+00, -2.9329327E-01,  1.0003634E+03,  2.1630785E+04,3,
  5.9205615E+02,  0.0000000E+00,  2.5500291E+02,2644,  1.6787933E+00,  0.0000000E+00, -3.1324360E-01,  9.9978564E+02, -1.2736942E+04,3,
  5.9230792E+02,  0.0000000E+00,  2.5501620E+02,2544,  1.6452441E+00,  0.0000000E+00, -6.6393197E-02,  1.0005332E+03,  3.1753920E+04,3,
  5.9334485E+02,  0.0000000E+00,  2.5613168E+02,2801,  1.5134561E+00,  0.0000000E+00, -7.7138200E-02,  1.0004780E+03,  2.8459676E+04,3,
  5.9374078E+02,  0.0000000E+00,  2.5488271E+02,2637,  1.5107193E+00,  0.0000000E+00, -8.8102490E-02,  1.0005009E+03,  2.9824562E+04,3,
  5.9507306E+02,  0.0000000E+00,  2.5495676E+02,2590,  1.6948174E+00,  0.0000000E+00,  1.7683795E-02,  1.0006884E+03,  4.1016402E+04,3,
  5.9544598E+02,  0.0000000E+00,  2.5510532E+02,2655,  1.6192923E+00,  0.0000000E+00,  1.5089776E-01,  9.9910345E+02, -5.3163586E+04,3,
  5.9738562E+02,  0.0000000E+00,  2.5602563E+02,2792,  1.6757756E+00,  0.0000000E+00, -1.5957963E-01,  1.0003651E+03,  2.1732619E+04,3,
  5.9693011E+02,  0.0000000E+00,  2.5494849E+02,2665,  1.5614111E+00,  0.0000000E+00, -1.9825137E-01,  1.0004922E+03,  2.9311344E+04,3,
  5.9720898E+02,  0.0000000E+00,  2.5506122E+02,2636,  1.6367159E+00,  0.0000000E+00, -1.9551259E-01,  1.0005016E+03,  2.9868240E+04,3,
  5.9908759E+02,  0.0000000E+00,  2.5508107E+02,2661,  1.6217721E+00,  0.0000000E+00, -3.0793324E-01,  1.0009614E+03,  5.7329543E+04,3,
  5.9957520E+02,  0.0000000E+00,  2.5503036E+02,2670,  1.5206672E+00,  0.0000000E+00, -4.8153606E-01,  9.9940936E+02, -3.5055910E+04,3,
  6.0079211E+02,  0.0000000E+00,  2.5497150E+02,2764,  1.5960022E+00,  0.0000000E+00, -6.8359524E-02,  1.0004448E+03,  2.6483654E+04,3,
  6.0143597E+02,  0.0000000E+00,  2.5500574E+02,2757,  1.6979489E+00,  0.0000000E+00, -5.9677284E-02,  1.0001467E+03,  8.7280166E+03,3,
  6.0234448E+02,  0.0000000E+00,  2.5556847E+02,2793,  1.5982453E+00,  0.0000000E+00, -3.6957536E-02,  1.0007392E+03,  4.4048707E+04,3,
  6.0346521E+02,  0.0000000E+00,  2.5501628E+02,2471,  1.5159832E+00,  0.0000000E+00,  2.0603152E-02,  1.0002071E+03,  1.2320935E+04,3,
  6.0444238E+02,  0.0000000E+00,  2.5534235E+02,2537,  1.7642144E+00,  0.0000000E+00,  6.6583015E-02,  1.0004670E+03,  2.7804598E+04,3,
  6.0511841E+02,  0.0000000E+00,  2.5498274E+02,2612,  1.4930638E+00,  0.0000000E+00,  2.7417183E-01,  1.0007148E+03,  4.2594398E+04,3,
  6.0594513E+02,  0.0000000E+00,  2.5520042E+02,2621,  1.5514218E+00,  0.0000000E+00, -2.9203483E-01,  9.9879089E+02, -7.1630734E+04,3,
  6.0660602E+02,  0.0000000E+00,  2.5585800E+02,2452,  1.7135575E+00,  0.0000000E+00, -7.7450007E-02,  1.0004832E+03,  2.8772674E+04,3,
  6.0705371E+02,  0.0000000E+00,  2.5535234E+02,2509,  1.5481949E+00,  0.0000000E+00,  1.0412367E-01,  1.0003851E+03,  2.2921984E+04,3,
  6.0806842E+02,  0.0000000E+00,  2.5491772E+02,2763,  1.8491040E+00,  0.0000000E+00,  4.3337414E-01,  1.0007682E+03,  4.5780305E+04,3,
  6.0914453E+02,  0.0000000E+00,  2.5347966E+02,2653,  1.3581601E+00,  0.0000000E+00, -1.6088850E+00,  1.0005490E+03,  3.2696893E+04,3,
  6.1062866E+02,  0.0000000E+00,  2.5514774E+02,2744,  1.4898568E+00,  0.0000000E+00,  8.8074422E-03,  1.0002139E+03,  1.2727898E+04,3,
  6.1355347E+02,  0.0000000E+00,  2.5612906E+02,2604,  5.8256507E-01,  0.0000000E+00, -7.7181235E-02,  1.0001703E+03,  1.0130153E+04,3,
  6.1182880E+02,  0.0000000E+00,  2.5483229E+02,2491,  1.7779075E+00,  0.0000000E+00, -1.3171582E-01,  1.0003181E+03,  1.8928902E+04,3,
  6.1099414E+02,  0.0000000E+00,  2.5305013E+02,2481, -2.7807638E-01,  0.0000000E+00, -1.2795284E-01,  1.0002518E+03,  1.4981039E+04,3,
  6.1117120E+02,  0.0000000E+00,  2.5292809E+02,2638,  2.8026101E-01,  0.0000000E+00, -1.1565737E-01,  1.0002644E+03,  1.5733411E+04,3,
  6.1018311E+02,  0.0000000E+00,  2.5264922E+02,2754,  3.9771897E-01,  0.0000000E+00, -4.9969208E-01,  1.0007962E+03,  4.7453859E+04,3,
  6.1318396E+02,  0.0000000E+00,  2.5278485E+02,2702,  1.6294067E+00,  0.0000000E+00,  2.9301926E-01,  1.0009503E+03,  5.6661613E+04,3,
  6.1429425E+02,  0.0000000E+00,  2.5583189E+02,2451,  6.1183864E-01,  0.0000000E+00, -1.3396481E-01,  1.0001977E+03,  1.1761385E+04,3,
  6.1458990E+02,  0.0000000E+00,  2.5267000E+02,2495,  5.2374947E-01,  0.0000000E+00, -9.3646534E-02,  1.0010650E+03,  6.3525531E+04,3,
  6.1530945E+02,  0.0000000E+00,  2.5593794E+02,2443,  1.3569071E+00,  0.0000000E+00, -2.4062340E-01,  1.0001675E+03,  9.9666816E+03,3,
  6.1588306E+02,  0.0000000E+00,  2.5307530E+02,2426,  7.8084737E-01,  0.0000000E+00, -5.2459087E-02,  1.0003873E+03,  2.3056570E+04,3,
  6.1674274E+02,  0.0000000E+00,  2.5316924E+02,2546,  8.0343843E-01,  0.0000000E+00,  5.7628218E-02,  1.0002790E+03,  1.6602164E+04,3,
  6.1695892E+02,  0.0000000E+00,  2.5572722E+02,2783,  1.3772737E+00,  0.0000000E+00, -1.1645345E-01,  1.0001471E+03,  8.7498105E+03,3,
  6.1757062E+02,  0.0000000E+00,  2.5273141E+02,2416,  8.3938968E-01,  0.0000000E+00,  1.1905532E-01,  1.0008863E+03,  5.2837395E+04,3,
  6.1837274E+02,  0.0000000E+00,  2.5503807E+02,2417,  1.1866223E+00,  0.0000000E+00,  8.0874436E-02,  1.0001862E+03,  1.1074709E+04,3,
  6.1906873E+02,  0.0000000E+00,  2.5274921E+02,2738,  8.9101177E-01,  0.0000000E+00,  1.1917698E-01,  1.0008774E+03,  5.2304746E+04,3,
  6.1961414E+02,  0.0000000E+00,  2.5558798E+02,2766,  1.1663162E+00,  0.0000000E+00,  1.2933809E-01,  1.0001595E+03,  9.4908125E+03,3,
  6.2039288E+02,  0.0000000E+00,  2.5298412E+02,2664,  9.4723916E-01,  0.0000000E+00,  2.4006644E-02,  1.0004799E+03,  2.8576139E+04,3,
  6.2086884E+02,  0.0000000E+00,  2.5574951E+02,2566,  1.0971293E+00,  0.0000000E+00,  8.9874417E-02,  1.0001658E+03,  9.8613350E+03,3,
  6.2135101E+02,  0.0000000E+00,  2.5304192E+02,2591,  8.9613646E-01,  0.0000000E+00,  4.5698844E-03,  1.0003565E+03,  2.1219818E+04,3,
  6.2212744E+02,  0.0000000E+00,  2.5566035E+02,2709,  1.1300521E+00,  0.0000000E+00,  6.0031254E-02,  1.0001647E+03,  9.7959473E+03,3,
  6.2209784E+02,  0.0000000E+00,  2.5298351E+02,2657,  8.6752045E-01,  0.0000000E+00, -4.7046780E-03,  1.0004380E+03,  2.6079764E+04,3,
  6.2335370E+02,  0.0000000E+00,  2.5556375E+02,2727,  1.1774770E+00,  0.0000000E+00,  7.0370346E-02,  1.0001567E+03,  9.3237188E+03,3,
  6.2320874E+02,  0.0000000E+00,  2.5281927E+02,2335,  8.1720692E-01,  0.0000000E+00,  4.0327534E-02,  1.0006639E+03,  3.9555250E+04,3,
  6.2435889E+02,  0.0000000E+00,  2.5283485E+02,2620,  7.8461725E-01,  0.0000000E+00,  1.2502882E-01,  1.0006400E+03,  3.8127098E+04,3,
  6.2469897E+02,  0.0000000E+00,  2.5571870E+02,2739,  1.1633568E+00,  0.0000000E+00,  1.0144038E-01,  1.0001400E+03,  8.3284805E+03,3,
  6.2574329E+02,  0.0000000E+00,  2.5529823E+02,2513,  1.1239747E+00,  0.0000000E+00,  1.2031113E-01,  1.0001499E+03,  8.9168945E+03,3,
  6.2540094E+02,  0.0000000E+00,  2.5296088E+02,2499,  8.1437343E-01,  0.0000000E+00,  1.8487391E-01,  1.0004323E+03,  2.5734105E+04,3,
  6.2712177E+02,  0.0000000E+00,  2.5477382E+02,2647,  1.0763201E+00,  0.0000000E+00,  7.6186933E-02,  1.0002821E+03,  1.6787555E+04,3,
  6.2641455E+02,  0.0000000E+00,  2.5284070E+02,2454,  8.8290370E-01,  0.0000000E+00,  1.7819926E-01,  1.0005814E+03,  3.4626809E+04,3,
  6.2763312E+02,  0.0000000E+00,  2.5288252E+02,2463,  9.3309540E-01,  0.0000000E+00,  9.9474803E-02,  1.0005336E+03,  3.1775764E+04,3,
  6.2839990E+02,  0.0000000E+00,  2.5549416E+02,2407,  1.1415042E+00,  0.0000000E+00,  7.0794538E-02,  1.0001474E+03,  8.7679717E+03,3,
  6.2872552E+02,  0.0000000E+00,  2.5291757E+02,2584,  9.4682419E-01,  0.0000000E+00,  1.7121964E-03,  1.0004947E+03,  2.9456934E+04,3,
  6.2964233E+02,  0.0000000E+00,  2.5551794E+02,2616,  1.1218871E+00,  0.0000000E+00,  5.8781471E-02,  1.0001483E+03,  8.8188232E+03,3,
  6.2967084E+02,  0.0000000E+00,  2.5297116E+02,2593,  8.5986274E-01,  0.0000000E+00, -4.9690746E-02,  1.0004048E+03,  2.4096939E+04,3,
  6.3084155E+02,  0.0000000E+00,  2.5506709E+02,2583,  1.0876170E+00,  0.0000000E+00,  5.5008419E-02,  1.0001760E+03,  1.0471637E+04,3,
  6.3078137E+02,  0.0000000E+00,  2.5282520E+02,2529,  7.8185213E-01,  0.0000000E+00, -3.9067950E-02,  1.0006213E+03,  3.7012406E+04,3,
  6.3218134E+02,  0.0000000E+00,  2.5540179E+02,2625,  1.0926377E+00,  0.0000000E+00,  4.0538989E-02,  1.0001217E+03,  7.2389185E+03,3,
  6.3188434E+02,  0.0000000E+00,  2.5286005E+02,2492,  7.5947130E-01,  0.0000000E+00,  8.8315615E-03,  1.0005861E+03,  3.4910863E+04,3,
  6.3330157E+02,  0.0000000E+00,  2.5527924E+02,2510,  1.0699279E+00,  0.0000000E+00,  4.7931090E-02,  1.0001020E+03,  6.0659565E+03,3,
  6.3292291E+02,  0.0000000E+00,  2.5289928E+02,2547,  8.3198440E-01,  0.0000000E+00,  6.3960396E-02,  1.0005825E+03,  3.4692359E+04,3,
  6.3411584E+02,  0.0000000E+00,  2.5286868E+02,2520,  8.5741752E-01,  0.0000000E+00,  7.3249228E-02,  1.0007061E+03,  4.2073230E+04,3,
  6.3454620E+02,  0.0000000E+00,  2.5547546E+02,2729,  1.0612001E+00,  0.0000000E+00,  6.0228996E-02,  1.0000866E+03,  5.1509243E+03,3,
  6.3540582E+02,  0.0000000E+00,  2.5275043E+02,2694,  8.5392630E-01,  0.0000000E+00,  5.3079449E-02,  1.0009682E+03,  5.7734703E+04,3,
  6.3593280E+02,  0.0000000E+00,  2.5555540E+02,2701,  1.0519347E+00,  0.0000000E+00,  6.4640053E-02,  1.0000855E+03,  5.0855684E+03,3,
  6.3661688E+02,  0.0000000E+00,  2.5272087E+02,2553,  8.5221702E-01,  0.0000000E+00,  3.2314375E-02,  1.0009850E+03,  5.8738547E+04,3,
  6.3725623E+02,  0.0000000E+00,  2.5559244E+02,2398,  1.0595464E+00,  0.0000000E+00,  4.4425722E-02,  1.0000970E+03,  5.7681987E+03,3,
  6.3807336E+02,  0.0000000E+00,  2.5313565E+02,2418,  8.0541277E-01,  0.0000000E+00,  3.2385200E-02,  1.0003752E+03,  2.2332740E+04,3,
  6.3857794E+02,  0.0000000E+00,  2.5555061E+02,2558,  1.0916574E+00,  0.0000000E+00,  2.0182285E-02,  1.0001011E+03,  6.0151191E+03,3,
  6.3865094E+02,  0.0000000E+00,  2.5314145E+02,2572,  8.6679769E-01,  0.0000000E+00,  5.0661271E-03,  1.0003599E+03,  2.1423480E+04,3,
  6.3993835E+02,  0.0000000E+00,  2.5538002E+02,2498,  1.0773228E+00,  0.0000000E+00,  1.0464624E-02,  1.0000905E+03,  5.3796748E+03,3,
  6.3965692E+02,  0.0000000E+00,  2.5271997E+02,2567,  8.3529013E-01,  0.0000000E+00, -2.3686519E-02,  1.0008220E+03,  4.8996402E+04,3,
  6.4087512E+02,  0.0000000E+00,  2.5300237E+02,2555,  8.0141497E-01,  0.0000000E+00, -4.7387298E-02,  1.0005085E+03,  3.0279564E+04,3,
  6.4123828E+02,  0.0000000E+00,  2.5525255E+02,2381,  1.0522003E+00,  0.0000000E+00,  1.4953307E-02,  1.0000792E+03,  4.7115942E+03,3,
  6.4188202E+02,  0.0000000E+00,  2.5286647E+02,2428,  7.7501494E-01,  0.0000000E+00, -4.2898729E-02,  1.0006503E+03,  3.8739137E+04,3,
  6.4265747E+02,  0.0000000E+00,  2.5539505E+02,2684,  1.0686864E+00,  0.0000000E+00,  1.9590707E-02,  1.0000804E+03,  4.7805786E+03,3,
  6.4305505E+02,  0.0000000E+00,  2.5280299E+02,2574,  7.6564938E-01,  0.0000000E+00, -2.3579126E-02,  1.0007280E+03,  4.3378020E+04,3,
  6.4387292E+02,  0.0000000E+00,  2.5523956E+02,2464,  1.0500000E+00,  0.0000000E+00,  3.8606711E-02,  1.0000664E+03,  3.9491658E+03,3,
  6.4405963E+02,  0.0000000E+00,  2.5301039E+02,2419,  7.5617021E-01,  0.0000000E+00, -6.2490813E-03,  1.0004849E+03,  2.8870941E+04,3,
  6.4515698E+02,  0.0000000E+00,  2.5544572E+02,2675,  1.0379382E+00,  0.0000000E+00,  4.4567272E-02,  1.0000701E+03,  4.1669966E+03,3,
  6.4515228E+02,  0.0000000E+00,  2.5286444E+02,2500,  7.4438643E-01,  0.0000000E+00, -3.7556842E-03,  1.0006794E+03,  4.0480742E+04,3,
  6.4626819E+02,  0.0000000E+00,  2.5529260E+02,2548,  1.0029395E+00,  0.0000000E+00,  6.9723569E-02,  1.0000366E+03,  2.1776541E+03,3,
  6.4631201E+02,  0.0000000E+00,  2.5291266E+02,2483,  7.4132949E-01,  0.0000000E+00, -4.8324890E-03,  1.0006940E+03,  4.1351660E+04,3,
  6.4748114E+02,  0.0000000E+00,  2.5536620E+02,2556,  9.6915478E-01,  0.0000000E+00,  5.9554163E-02,  1.0000325E+03,  1.9344591E+03,3,
  6.4763312E+02,  0.0000000E+00,  2.5257631E+02,2599,  7.4770790E-01,  0.0000000E+00, -4.1682818E-03,  1.0011757E+03,  7.0149305E+04,3,
  6.4864484E+02,  0.0000000E+00,  2.5553583E+02,2693,  9.6060532E-01,  0.0000000E+00,  1.3005111E-02,  1.0000536E+03,  3.1867961E+03,3,
  6.4899585E+02,  0.0000000E+00,  2.5310036E+02,2445,  6.9103718E-01,  0.0000000E+00,  1.4343599E-02,  1.0005110E+03,  3.0432451E+04,3,
  6.5000867E+02,  0.0000000E+00,  2.5545863E+02,2435,  1.0400323E+00,  0.0000000E+00, -5.3208121E-03,  1.0000446E+03,  2.6495422E+03,3,
  6.4985999E+02,  0.0000000E+00,  2.5295222E+02,2308,  7.1929473E-01,  0.0000000E+00,  1.6835948E-02,  1.0006045E+03,  3.6007109E+04,3,
  6.5086676E+02,  0.0000000E+00,  2.5299026E+02,2530,  7.5033408E-01,  0.0000000E+00,  9.4583929E-03,  1.0005574E+03,  3.3195723E+04,3,
  6.5144507E+02,  0.0000000E+00,  2.5554892E+02,2489,  1.0869749E+00,  0.0000000E+00,  6.9206161E-03,  1.0000590E+03,  3.5062583E+03,3,
  6.5203552E+02,  0.0000000E+00,  2.5270279E+02,2508,  7.3965526E-01,  0.0000000E+00,  1.5206841E-02,  1.0008160E+03,  4.8635359E+04,3,
  6.5278339E+02,  0.0000000E+00,  2.5554662E+02,2372,  1.0970502E+00,  0.0000000E+00,  1.6532032E-02,  1.0000463E+03,  2.7511826E+03,3,
  6.5291736E+02,  0.0000000E+00,  2.5315833E+02,2473,  6.6586500E-01,  0.0000000E+00,  2.9393146E-02,  1.0003783E+03,  2.2518238E+04,3,
  6.5405072E+02,  0.0000000E+00,  2.5545567E+02,2562,  1.0550834E+00,  0.0000000E+00, -8.0941701E-03,  1.0000165E+03,  9.7988519E+02,3,
  6.5382965E+02,  0.0000000E+00,  2.5307581E+02,2527,  5.9297514E-01,  0.0000000E+00,  6.9390915E-02,  1.0005679E+03,  3.3825664E+04,3,
  6.5514362E+02,  0.0000000E+00,  2.5276038E+02,2526,  8.9367187E-01,  0.0000000E+00,  1.0083596E-01,  1.0011511E+03,  6.8676570E+04,3,
  6.5519904E+02,  0.0000000E+00,  2.5536812E+02,2676,  9.8884970E-01,  0.0000000E+00, -4.1593429E-02,  9.9999579E+02, -2.5039955E+02,3,
  6.5651752E+02,  0.0000000E+00,  2.5304956E+02,2581,  8.4054363E-01,  0.0000000E+00, -5.4380361E-02,  1.0008162E+03,  4.8649949E+04,3,
  6.5690039E+02,  0.0000000E+00,  2.5527632E+02,2545,  1.1440991E+00,  0.0000000E+00, -6.3666046E-02,  1.0000271E+03,  1.6114181E+03,3,
  6.5767737E+02,  0.0000000E+00,  2.5291457E+02,2457,  8.2303071E-01,  0.0000000E+00, -3.0347759E-01,  1.0006572E+03,  3.9154473E+04,3,
  6.5835095E+02,  0.0000000E+00,  2.5535712E+02,2541,  1.0085701E+00,  0.0000000E+00, -3.3233747E-02,  1.0001114E+03,  6.6251841E+03,3,
  6.5860529E+02,  0.0000000E+00,  2.5223254E+02,2531,  7.3826307E-01,  0.0000000E+00, -5.2877861E-01,  1.0006255E+03,  3.7260105E+04,3,
  6.5958862E+02,  0.0000000E+00,  2.5192502E+02,2475,  6.8056697E-01,  0.0000000E+00, -5.8457315E-01,  1.0004068E+03,  2.4216990E+04,3,
  6.5955481E+02,  0.0000000E+00,  2.5515355E+02,2484,  8.3673126E-01,  0.0000000E+00, -4.8427846E-02,  1.0001700E+03,  1.0111990E+04,3,
  6.6057007E+02,  0.0000000E+00,  2.5502202E+02,2354,  7.1538329E-01,  0.0000000E+00, -8.0498099E-02,  1.0002367E+03,  1.4083355E+04,3,
  6.6163348E+02,  0.0000000E+00,  2.5479568E+02,2564,  6.9318920E-01,  0.0000000E+00, -1.4978239E-01,  1.0003486E+03,  2.0747047E+04,3,
  6.6247839E+02,  0.0000000E+00,  2.5499530E+02,2639,  6.6977096E-01,  0.0000000E+00, -1.4075273E-01,  1.0003324E+03,  1.9783389E+04,3,
  6.6359326E+02,  0.0000000E+00,  2.5485544E+02,2486,  7.8550524E-01,  0.0000000E+00, -1.4224063E-01,  1.0003871E+03,  2.3042020E+04,3,
  6.6476068E+02,  0.0000000E+00,  2.5476079E+02,2362,  7.9583752E-01,  0.0000000E+00, -6.1689734E-02,  1.0003743E+03,  2.2278182E+04,3,
  6.6585962E+02,  0.0000000E+00,  2.5465009E+02,2631,  7.8689170E-01,  0.0000000E+00, -1.8483116E-03,  1.0003609E+03,  2.1481672E+04,3,
  6.6695502E+02,  0.0000000E+00,  2.5471867E+02,2667,  7.4624491E-01,  0.0000000E+00,  6.1659869E-03,  1.0003399E+03,  2.0230660E+04,3,
  6.6795593E+02,  0.0000000E+00,  2.5474130E+02,2536,  7.1568120E-01,  0.0000000E+00, -2.1259272E-02,  1.0003520E+03,  2.0950699E+04,3,
  6.6898041E+02,  0.0000000E+00,  2.5488676E+02,2640,  7.9187822E-01,  0.0000000E+00, -1.7890669E-02,  1.0003060E+03,  1.8212645E+04,3,
  6.6999829E+02,  0.0000000E+00,  2.5458881E+02,2409,  8.1872225E-01,  0.0000000E+00, -4.4682771E-03,  1.0003697E+03,  2.2005396E+04,3,
  6.7119086E+02,  0.0000000E+00,  2.5450769E+02,2603,  7.7875197E-01,  0.0000000E+00,  4.1197393E-02,  1.0004081E+03,  2.4297023E+04,3,
  6.7211371E+02,  0.0000000E+00,  2.5494148E+02,2307,  7.3230451E-01,  0.0000000E+00,  7.0113681E-02,  1.0002845E+03,  1.6932963E+04,3,
  6.7314825E+02,  0.0000000E+00,  2.5477501E+02,2380,  7.2695500E-01,  0.0000000E+00,  3.9509609E-02,  1.0003586E+03,  2.1347107E+04,3,
  6.7417511E+02,  0.0000000E+00,  2.5478946E+02,2344,  7.4496776E-01,  0.0000000E+00, -1.2259156E-03,  1.0003721E+03,  2.2147244E+04,3,
  6.7528644E+02,  0.0000000E+00,  2.5489612E+02,2468,  7.5245672E-01,  0.0000000E+00, -2.3756644E-02,  1.0003389E+03,  2.0168840E+04,3,
  6.7632074E+02,  0.0000000E+00,  2.5476495E+02,2563,  7.4632972E-01,  0.0000000E+00, -4.0939603E-02,  1.0003618E+03,  2.1536225E+04,3,
  6.7735870E+02,  0.0000000E+00,  2.5470345E+02,2519,  7.4995655E-01,  0.0000000E+00, -4.4329017E-02,  1.0003492E+03,  2.0783412E+04,3,
  6.7837054E+02,  0.0000000E+00,  2.5462488E+02,2472,  7.6112700E-01,  0.0000000E+00, -4.3065261E-02,  1.0003477E+03,  2.0696135E+04,3,
  6.7930750E+02,  0.0000000E+00,  2.5471608E+02,2610,  7.6836962E-01,  0.0000000E+00, -2.0007411E-02,  1.0002936E+03,  1.7474627E+04,3,
  6.8049585E+02,  0.0000000E+00,  2.5441621E+02,2411,  7.7740771E-01,  0.0000000E+00, -2.4737246E-02,  1.0004125E+03,  2.4555318E+04,3,
  6.8120020E+02,  0.0000000E+00,  2.5506387E+02,2594,  7.5516307E-01,  0.0000000E+00,  2.2762123E-02,  1.0002479E+03,  1.4748434E+04,3,
  6.8227734E+02,  0.0000000E+00,  2.5490974E+02,2485,  7.8210086E-01,  0.0000000E+00,  5.2563347E-02,  1.0002997E+03,  1.7838176E+04,3,
  6.8344293E+02,  0.0000000E+00,  2.5427864E+02,2585,  7.5352156E-01,  0.0000000E+00,  1.4983656E-02,  1.0005247E+03,  3.1244242E+04,3,
  6.8434314E+02,  0.0000000E+00,  2.5519205E+02,2469,  7.3017836E-01,  0.0000000E+00,  7.6571703E-02,  1.0002682E+03,  1.5958771E+04,3,
  6.8545703E+02,  0.0000000E+00,  2.5483916E+02,2568,  7.1536374E-01,  0.0000000E+00,  5.8072146E-02,  1.0003582E+03,  2.1321650E+04,3,
  6.8648804E+02,  0.0000000E+00,  2.5465289E+02,2423,  7.1210456E-01,  0.0000000E+00,  3.5787310E-02,  1.0003948E+03,  2.3500350E+04,3,
  6.8760040E+02,  0.0000000E+00,  2.5476480E+02,2450,  7.0185411E-01,  0.0000000E+00,  3.8769204E-02,  1.0003307E+03,  1.9681574E+04,3,
  6.8855054E+02,  0.0000000E+00,  2.5461475E+02,2511,  6.8831629E-01,  0.0000000E+00,  1.5865427E-02,  1.0003668E+03,  2.1830818E+04,3,
  6.8959888E+02,  0.0000000E+00,  2.5495500E+02,2326,  6.8394184E-01,  0.0000000E+00,  2.5739608E-02,  1.0002548E+03,  1.5162767E+04,3,
  6.9056860E+02,  0.0000000E+00,  2.5430704E+02,2336,  6.9324625E-01,  0.0000000E+00, -3.0081978E-02,  1.0004482E+03,  2.6683785E+04,3,
  6.9157654E+02,  0.0000000E+00,  2.5487778E+02,2402,  6.8734384E-01,  0.0000000E+00,  2.5878040E-02,  1.0002744E+03,  1.6329534E+04,3,
  6.9249072E+02,  0.0000000E+00,  2.5492691E+02,2503,  6.8600410E-01,  0.0000000E+00,  3.2602642E-02,  1.0002731E+03,  1.6249564E+04,3,
  6.9360284E+02,  0.0000000E+00,  2.5438315E+02,2502,  6.6438127E-01,  0.0000000E+00,  5.0897244E-03,  1.0004422E+03,  2.6327191E+04,3,
  6.9439215E+02,  0.0000000E+00,  2.5518228E+02,2559,  6.6922259E-01,  0.0000000E+00,  5.1810395E-02,  1.0002364E+03,  1.4065185E+04,3,
  6.9517169E+02,  0.0000000E+00,  2.5165561E+02,2474,  6.7699170E-01,  0.0000000E+00,  5.4889105E-02,  1.0007534E+03,  4.4894418E+04,3,
  6.9555017E+02,  0.0000000E+00,  2.5478804E+02,2501,  7.1097237E-01,  0.0000000E+00,  7.4849688E-02,  1.0003353E+03,  1.9954295E+04,3,
  7.0102820E+02,  0.0000000E+00,  2.5183115E+02,2337,  9.7293365E-01,  0.0000000E+00,  1.0614755E+00,  1.0007076E+03,  4.2164344E+04,3,
  6.9662103E+02,  0.0000000E+00,  2.5520226E+02,2577,  7.4717325E-01,  0.0000000E+00,  1.1470995E-01,  1.0002529E+03,  1.5050095E+04,3,
  6.9748700E+02,  0.0000000E+00,  2.5403049E+02,2528,  5.0261706E-01,  0.0000000E+00,  3.7067778E-02,  1.0005824E+03,  3.4688715E+04,3,
  6.9855084E+02,  0.0000000E+00,  2.5529695E+02,2432,  6.4228648E-01,  0.0000000E+00,  1.0394161E-01,  1.0002498E+03,  1.4864735E+04,3,
  6.9954266E+02,  0.0000000E+00,  2.5508682E+02,2399,  6.4688319E-01,  0.0000000E+00,  9.9542126E-02,  1.0002532E+03,  1.5064634E+04,3,
  7.0029150E+02,  0.0000000E+00,  2.5465237E+02,2383,  6.5310347E-01,  0.0000000E+00,  1.1636127E-01,  1.0003379E+03,  2.0110658E+04,3,
  7.0187061E+02,  0.0000000E+00,  2.5546674E+02,2550,  7.8969127E-01,  0.0000000E+00, -3.4383014E-02,  1.0001462E+03,  8.6953271E+03,3,
  7.0224078E+02,  0.0000000E+00,  2.5477621E+02,2456,  7.1878052E-01,  0.0000000E+00, -2.3899646E-02,  1.0002610E+03,  1.5529865E+04,3,
  7.0279773E+02,  0.0000000E+00,  2.5273853E+02,2449,  9.0030074E-01,  0.0000000E+00,  2.3562191E-01,  1.0008201E+03,  4.8883348E+04,3,
  7.0406641E+02,  0.0000000E+00,  2.5550894E+02,2281,  9.7265208E-01,  0.0000000E+00, -7.7696815E-02,  1.0001071E+03,  6.3709858E+03,3,
  7.0412775E+02,  0.0000000E+00,  2.5298343E+02,2374,  9.9990660E-01,  0.0000000E+00,  5.0350882E-02,  1.0007797E+03,  4.6465734E+04,3,
  7.0480310E+02,  0.0000000E+00,  2.5510645E+02,2448,  1.0056087E+00,  0.0000000E+00, -1.3756841E-02,  1.0001017E+03,  6.0478003E+03,3,
  7.0565381E+02,  0.0000000E+00,  2.5296545E+02,2378,  9.4386792E-01,  0.0000000E+00, -8.8215098E-02,  1.0007783E+03,  4.6381875E+04,3,
  7.0669354E+02,  0.0000000E+00,  2.5550215E+02,2538,  9.3727040E-01,  0.0000000E+00, -3.4889322E-02,  1.0000759E+03,  4.5155356E+03,3,
  7.0695508E+02,  0.0000000E+00,  2.5279889E+02,2410,  7.7328169E-01,  0.0000000E+00, -2.8705094E-02,  1.0008452E+03,  5.0382344E+04,3,
  7.0770404E+02,  0.0000000E+00,  2.5542299E+02,2482,  9.8533261E-01,  0.0000000E+00, -4.9357042E-02,  1.0000672E+03,  3.9963621E+03,3,
  7.0821643E+02,  0.0000000E+00,  2.5272287E+02,2477,  8.5341614E-01,  0.0000000E+00,  3.4624718E-02,  1.0008903E+03,  5.3078188E+04,3,
  7.0906201E+02,  0.0000000E+00,  2.5551624E+02,2504,  1.0173658E+00,  0.0000000E+00, -7.5707912E-02,  1.0000892E+03,  5.3034238E+03,3,
  7.0934564E+02,  0.0000000E+00,  2.5313681E+02,2356,  1.0903445E+00,  0.0000000E+00,  3.2869238E-02,  1.0004467E+03,  2.6592816E+04,3,
  7.1049353E+02,  0.0000000E+00,  2.5556975E+02,2521,  1.0014969E+00,  0.0000000E+00, -8.3310075E-02,  1.0001003E+03,  5.9642822E+03,3,
  7.1072107E+02,  0.0000000E+00,  2.5261185E+02,2487,  8.9913869E-01,  0.0000000E+00, -2.1947781E-02,  1.0011707E+03,  6.9849625E+04,3,
  7.1160565E+02,  0.0000000E+00,  2.5536552E+02,2437,  1.1139334E+00,  0.0000000E+00, -7.5181276E-02,  1.0000536E+03,  3.1904263E+03,3,
  7.1217395E+02,  0.0000000E+00,  2.5300429E+02,2442,  9.1195369E-01,  0.0000000E+00,  6.2305243E-03,  1.0006090E+03,  3.6276637E+04,3,
  7.1299518E+02,  0.0000000E+00,  2.5540691E+02,2523,  1.1208410E+00,  0.0000000E+00, -9.1638073E-02,  1.0000289E+03,  1.7203071E+03,3,
  7.1337274E+02,  0.0000000E+00,  2.5285231E+02,2422,  8.9081717E-01,  0.0000000E+00,  8.7209329E-02,  1.0008169E+03,  4.8690062E+04,3,
  7.1479681E+02,  0.0000000E+00,  2.5506828E+02,2394,  1.2896916E+00,  0.0000000E+00, -9.8586172E-02,  1.0000357E+03,  2.1232070E+03,3,
  7.1444720E+02,  0.0000000E+00,  2.5280624E+02,2310,  1.0642365E+00,  0.0000000E+00,  9.0292618E-02,  1.0009899E+03,  5.9034242E+04,3,
  7.1598120E+02,  0.0000000E+00,  2.5510710E+02,2386,  1.2717159E+00,  0.0000000E+00, -1.0156256E-01,  1.0001013E+03,  6.0260127E+03,3,
  7.1620740E+02,  0.0000000E+00,  2.5299387E+02,2292,  9.3354917E-01,  0.0000000E+00,  3.4310009E-02,  1.0006229E+03,  3.7103473E+04,3,
  7.1754639E+02,  0.0000000E+00,  2.5300240E+02,2359,  1.2189983E+00,  0.0000000E+00, -4.0687117E-01,  1.0003591E+03,  2.1372564E+04,3,
  7.1746722E+02,  0.0000000E+00,  2.5441592E+02,2382,  1.0496571E+00,  0.0000000E+00, -7.2493136E-02,  1.0002097E+03,  1.2477178E+04,3,
  7.1796643E+02,  0.0000000E+00,  2.5274294E+02,2365,  1.2442387E+00,  0.0000000E+00, -5.3397650E-01,  1.0003884E+03,  2.3122045E+04,3,
  7.1930530E+02,  0.0000000E+00,  2.5406804E+02,2393,  1.1584864E+00,  0.0000000E+00,  1.6437672E-01,  1.0003270E+03,  1.9463402E+04,3,
  7.2065753E+02,  0.0000000E+00,  2.5468633E+02,2424,  7.0755160E-01,  0.0000000E+00,  6.5501474E-02,  1.0003419E+03,  2.0347025E+04,3,
  7.2131665E+02,  0.0000000E+00,  2.5504083E+02,2455,  7.2289503E-01,  0.0000000E+00, -1.3885508E-01,  1.0003503E+03,  2.0848873E+04,3,
  7.2268420E+02,  0.0000000E+00,  2.5532724E+02,2299,  7.5517559E-01,  0.0000000E+00, -3.8248381E-01,  1.0003426E+03,  2.0390664E+04,3,
  7.2362500E+02,  0.0000000E+00,  2.5512265E+02,2512,  1.3725712E+00,  0.0000000E+00, -3.5905895E-01,  1.0003242E+03,  1.9292504E+04,3,
  7.2456818E+02,  0.0000000E+00,  2.5436794E+02,2400,  1.0493362E+00,  0.0000000E+00, -8.0684289E-02,  1.0005479E+03,  3.2627713E+04,3,
  7.2603778E+02,  0.0000000E+00,  2.5422266E+02,2384,  1.1354889E+00,  0.0000000E+00,  5.7955325E-02,  1.0004799E+03,  2.8576139E+04,3,
  7.2714819E+02,  0.0000000E+00,  2.5483154E+02,2514,  1.0565903E+00,  0.0000000E+00,  3.6282938E-02,  1.0002881E+03,  1.7147443E+04,3,
  7.2810675E+02,  0.0000000E+00,  2.5480580E+02,2395,  1.0042572E+00,  0.0000000E+00, -1.0638772E-02,  1.0002980E+03,  1.7732744E+04,3,
  7.2911011E+02,  0.0000000E+00,  2.5427049E+02,2493,  1.0571444E+00,  0.0000000E+00, -1.1939441E-01,  1.0004759E+03,  2.8335936E+04,3,
  7.3014032E+02,  0.0000000E+00,  2.5501614E+02,2343,  1.1006199E+00,  0.0000000E+00, -2.8323168E-02,  1.0002266E+03,  1.3483734E+04,3,
  7.3143463E+02,  0.0000000E+00,  2.5392790E+02,2283,  1.0054629E+00,  0.0000000E+00, -8.2198970E-02,  1.0005287E+03,  3.1488156E+04,3,
  7.3194739E+02,  0.0000000E+00,  2.5505557E+02,2415,  1.1046246E+00,  0.0000000E+00,  8.1297912E-02,  1.0002258E+03,  1.3432858E+04,3,
  7.3327533E+02,  0.0000000E+00,  2.5496074E+02,2478,  1.0144901E+00,  0.0000000E+00,  1.8417013E-01,  1.0002552E+03,  1.5188209E+04,3,
  7.3436682E+02,  0.0000000E+00,  2.5390489E+02,2290,  9.5299643E-01,  0.0000000E+00,  6.0956955E-02,  1.0005446E+03,  3.2431104E+04,3,
  7.3507892E+02,  0.0000000E+00,  2.5516096E+02,2505,  9.2713523E-01,  0.0000000E+00,  2.2088650E-01,  1.0002471E+03,  1.4701186E+04,3,
  7.3651270E+02,  0.0000000E+00,  2.5493823E+02,2476,  8.5705680E-01,  0.0000000E+00,  2.1126363E-01,  1.0002849E+03,  1.6954775E+04,3,
  7.4146564E+02,  0.0000000E+00,  2.5186653E+02,2361,  1.2199570E+00,  0.0000000E+00,  9.7664326E-01,  1.0009017E+03,  5.3756824E+04,3,
  7.3735364E+02,  0.0000000E+00,  2.5382106E+02,2332,  7.5354105E-01,  0.0000000E+00,  6.0459752E-02,  1.0006017E+03,  3.5843211E+04,3,
  7.3838733E+02,  0.0000000E+00,  2.5508401E+02,2379,  8.3398640E-01,  0.0000000E+00,  1.5869883E-01,  1.0002314E+03,  1.3770821E+04,3,
  7.3931769E+02,  0.0000000E+00,  2.5468930E+02,2440,  7.4434304E-01,  0.0000000E+00,  1.0844764E-01,  1.0002678E+03,  1.5933326E+04,3,
  7.4050165E+02,  0.0000000E+00,  2.5485497E+02,2341,  6.6078800E-01,  0.0000000E+00, -1.7768715E-02,  1.0002045E+03,  1.2168327E+04,3,
  7.4190637E+02,  0.0000000E+00,  2.5420319E+02,2257,  1.1630378E+00,  0.0000000E+00, -1.0728182E-01,  1.0005025E+03,  2.9922840E+04,3,
  7.4301727E+02,  0.0000000E+00,  2.5489922E+02,2496,  9.9821514E-01,  0.0000000E+00, -6.5125898E-02,  1.0002322E+03,  1.3814430E+04,3,
  7.4359521E+02,  0.0000000E+00,  2.5299800E+02,2204,  1.0782202E+00,  0.0000000E+00,  9.6475380E-03,  1.0003983E+03,  2.3711336E+04,3,
  7.4498993E+02,  0.0000000E+00,  2.5316072E+02,2241,  1.2325486E+00,  0.0000000E+00, -1.8065292E-01,  1.0001479E+03,  8.7970293E+03,3,
  7.4466107E+02,  0.0000000E+00,  2.5420732E+02,2367,  7.7236229E-01,  0.0000000E+00, -1.3307776E-01,  1.0006205E+03,  3.6965055E+04,3,
  7.4592944E+02,  0.0000000E+00,  2.5310486E+02,2284,  1.0847502E+00,  0.0000000E+00, -1.4711685E-01,  1.0002607E+03,  1.5511692E+04,3,
  7.4721094E+02,  0.0000000E+00,  2.5510402E+02,2032,  1.1964312E+00,  0.0000000E+00, -9.8659150E-02,  1.0001890E+03,  1.1241832E+04,3,
  7.4692346E+02,  0.0000000E+00,  2.5282736E+02,2230,  9.9942940E-01,  0.0000000E+00, -1.0295443E-01,  1.0006703E+03,  3.9934184E+04,3,
  7.4801581E+02,  0.0000000E+00,  2.5300500E+02,2239,  9.4413412E-01,  0.0000000E+00, -1.4874141E-02,  1.0002860E+03,  1.7020209E+04,3,
  7.4919391E+02,  0.0000000E+00,  2.5492902E+02,2433,  1.0669639E+00,  0.0000000E+00, -3.9480019E-02,  1.0002290E+03,  1.3625459E+04,3,
  7.4893109E+02,  0.0000000E+00,  2.5285674E+02,2201,  1.0908247E+00,  0.0000000E+00,  2.0037379E-02,  1.0005574E+03,  3.3199363E+04,3,
  7.5020447E+02,  0.0000000E+00,  2.5295361E+02,2349,  1.1631824E+00,  0.0000000E+00,  8.0951573E-03,  1.0003768E+03,  2.2430945E+04,3,
  7.5096466E+02,  0.0000000E+00,  2.5500830E+02,2459,  9.9477756E-01,  0.0000000E+00, -7.2782584E-02,  1.0002277E+03,  1.3549146E+04,3,
  7.5125183E+02,  0.0000000E+00,  2.5293910E+02,2222,  1.0982479E+00,  0.0000000E+00,  1.4864656E-03,  1.0003829E+03,  2.2791039E+04,3,
  7.5261987E+02,  0.0000000E+00,  2.5476103E+02,2267,  1.1229203E+00,  0.0000000E+00, -1.3018681E-01,  1.0002929E+03,  1.7431002E+04,3,
  7.5247021E+02,  0.0000000E+00,  2.5279935E+02,2278,  1.0833297E+00,  0.0000000E+00,  1.2825524E-02,  1.0005900E+03,  3.5140301E+04,3,
  7.5348682E+02,  0.0000000E+00,  2.5302963E+02,2264,  1.1363034E+00,  0.0000000E+00,  3.3155195E-02,  1.0002047E+03,  1.2175594E+04,3,
  7.5440594E+02,  0.0000000E+00,  2.5506296E+02,2235,  1.2804555E+00,  0.0000000E+00, -1.2985887E-01,  1.0002294E+03,  1.3650897E+04,3,
  7.5428052E+02,  0.0000000E+00,  2.5299788E+02,2303,  1.1177604E+00,  0.0000000E+00,  2.2615317E-02,  1.0002753E+03,  1.6380425E+04,3,
  7.5576477E+02,  0.0000000E+00,  2.5490993E+02,2364,  1.3244743E+00,  0.0000000E+00, -8.5210189E-02,  1.0002425E+03,  1.4428609E+04,3,
  7.5594812E+02,  0.0000000E+00,  2.5258040E+02,2324,  1.1224482E+00,  0.0000000E+00, -2.7547816E-03,  1.0010021E+03,  5.9764395E+04,3,
  7.5740887E+02,  0.0000000E+00,  2.5435608E+02,2277,  1.3436974E+00,  0.0000000E+00, -2.0711500E-02,  1.0004547E+03,  2.7069506E+04,3,
  7.5749237E+02,  0.0000000E+00,  2.5295451E+02,2350,  1.1297125E+00,  0.0000000E+00, -3.3576391E-03,  1.0003097E+03,  1.8430789E+04,3,
  7.5838849E+02,  0.0000000E+00,  2.5300211E+02,2321,  1.1394573E+00,  0.0000000E+00,  1.3070248E-02,  1.0002478E+03,  1.4744799E+04,3,
  7.5937268E+02,  0.0000000E+00,  2.5510814E+02,2406,  1.3357455E+00,  0.0000000E+00, -3.7473839E-02,  1.0001791E+03,  1.0653281E+04,3,
  7.5963104E+02,  0.0000000E+00,  2.5279903E+02,2236,  1.1399249E+00,  0.0000000E+00,  2.9372592E-02,  1.0006755E+03,  4.0243898E+04,3,
  7.6060608E+02,  0.0000000E+00,  2.5511983E+02,2460,  1.4202875E+00,  0.0000000E+00, -1.1270679E-02,  1.0001660E+03,  9.8722324E+03,3,
  7.6100000E+02,  0.0000000E+00,  2.5285677E+02,2246,  1.2063692E+00,  0.0000000E+00,  1.9694379E-02,  1.0006682E+03,  3.9810297E+04,3,
  7.6248804E+02,  0.0000000E+00,  2.5508484E+02,2272,  1.3691252E+00,  0.0000000E+00,  7.3675707E-02,  1.0001608E+03,  9.5634629E+03,3,
  7.6235199E+02,  0.0000000E+00,  2.5270930E+02,2325,  1.1683198E+00,  0.0000000E+00, -1.3438830E-02,  1.0008969E+03,  5.3472230E+04,3,
  7.6381262E+02,  0.0000000E+00,  2.5294804E+02,2211,  1.1406219E+00,  0.0000000E+00, -1.4281193E-02,  1.0004709E+03,  2.8037510E+04,3,
  7.6403754E+02,  0.0000000E+00,  2.5510339E+02,2388,  1.3248997E+00,  0.0000000E+00,  7.2330214E-02,  1.0001759E+03,  1.0464371E+04,3,
  7.6490344E+02,  0.0000000E+00,  2.5297731E+02,2269,  1.1282029E+00,  0.0000000E+00, -3.1768160E-03,  1.0003868E+03,  2.3027471E+04,3,
  7.6557501E+02,  0.0000000E+00,  2.5510345E+02,2404,  1.3096899E+00,  0.0000000E+00,  4.8420198E-02,  1.0001785E+03,  1.0620585E+04,3,
  7.6586481E+02,  0.0000000E+00,  2.5292339E+02,2237,  1.1200402E+00,  0.0000000E+00, -1.6863272E-03,  1.0004438E+03,  2.6425436E+04,3,
  7.6698248E+02,  0.0000000E+00,  2.5290474E+02,2209,  1.1594900E+00,  0.0000000E+00, -1.5275926E-02,  1.0004752E+03,  2.8295902E+04,3,
  7.6737354E+02,  0.0000000E+00,  2.5489677E+02,2327,  1.2436832E+00,  0.0000000E+00,  3.9884951E-02,  1.0001990E+03,  1.1837686E+04,3,
  7.6811176E+02,  0.0000000E+00,  2.5287163E+02,2304,  1.1381068E+00,  0.0000000E+00, -2.9293431E-02,  1.0005013E+03,  2.9853682E+04,3,
  7.6915015E+02,  0.0000000E+00,  2.5454257E+02,2287,  1.1806439E+00,  0.0000000E+00,  3.3416152E-02,  1.0003003E+03,  1.7870896E+04,3,
  7.6943280E+02,  0.0000000E+00,  2.5291394E+02,2266,  1.1033682E+00,  0.0000000E+00, -3.6649078E-02,  1.0004237E+03,  2.5224736E+04,3,
  7.7015991E+02,  0.0000000E+00,  2.5308620E+02,2323,  1.1259558E+00,  0.0000000E+00, -5.1197633E-02,  1.0001299E+03,  7.7255747E+03,3,
  7.7084296E+02,  0.0000000E+00,  2.5487769E+02,2238,  1.1342622E+00,  0.0000000E+00,  4.3199779E-03,  1.0002000E+03,  1.1899453E+04,3,
  7.7132538E+02,  0.0000000E+00,  2.5281171E+02,2191,  1.1825873E+00,  0.0000000E+00, -1.7983945E-02,  1.0005779E+03,  3.4419234E+04,3,
  7.7263904E+02,  0.0000000E+00,  2.5282413E+02,2295,  1.1414680E+00,  0.0000000E+00,  3.9064839E-02,  1.0005488E+03,  3.2682328E+04,3,
  7.7253900E+02,  0.0000000E+00,  2.5466713E+02,2368,  1.1026140E+00,  0.0000000E+00, -4.7814593E-02,  1.0002302E+03,  1.3698140E+04,3,
  7.7376251E+02,  0.0000000E+00,  2.5301581E+02,2268,  9.9921501E-01,  0.0000000E+00,  1.3591462E-01,  1.0003971E+03,  2.3638582E+04,3,
  7.7439917E+02,  0.0000000E+00,  2.5499280E+02,2387,  1.3018125E+00,  0.0000000E+00, -1.6547151E-01,  1.0001361E+03,  8.0960308E+03,3,
  7.7455109E+02,  0.0000000E+00,  2.5313559E+02,2314,  1.0645068E+00,  0.0000000E+00,  2.2164784E-01,  1.0003536E+03,  2.1045254E+04,3,
  7.7572321E+02,  0.0000000E+00,  2.5324174E+02,2155,  1.3921473E+00,  0.0000000E+00,  2.4600181E-01,  1.0004230E+03,  2.5181078E+04,3,
  7.7619861E+02,  0.0000000E+00,  2.5462042E+02,2413,  1.8422418E+00,  0.0000000E+00, -2.6656440E-01,  1.0001573E+03,  9.3600439E+03,3,
  7.7729114E+02,  0.0000000E+00,  2.5247215E+02,2172,  7.6547045E-01,  0.0000000E+00, -3.4377825E-01,  1.0012588E+03,  7.5128242E+04,3,
  7.7825409E+02,  0.0000000E+00,  2.5454771E+02,2279,  1.8257636E+00,  0.0000000E+00,  2.7938470E-01,  1.0001427E+03,  8.4882930E+03,3,
  7.7955316E+02,  0.0000000E+00,  2.5436603E+02,2301,  1.6614907E+00,  0.0000000E+00,  4.9561331E-01,  1.0001268E+03,  7.5439839E+03,3,
  7.8064404E+02,  0.0000000E+00,  2.5454628E+02,2275,  1.3546022E+00,  0.0000000E+00,  5.1589632E-01,  1.0001816E+03,  1.0802232E+04,3,
  7.7899390E+02,  0.0000000E+00,  2.5236124E+02,2248,  5.5402595E-01,  0.0000000E+00, -1.9270089E-01,  1.0004030E+03,  2.3991443E+04,3,
  7.8186951E+02,  0.0000000E+00,  2.5500145E+02,2263,  7.6402098E-01,  0.0000000E+00,  3.8162088E-01,  1.0002357E+03,  1.4025209E+04,3,
  7.8257654E+02,  0.0000000E+00,  2.5466119E+02,2293,  8.3076060E-01,  0.0000000E+00,  2.0088652E-01,  1.0002840E+03,  1.6900246E+04,3,
  7.8391620E+02,  0.0000000E+00,  2.5368857E+02,2306,  9.2162502E-01,  0.0000000E+00, -1.6049382E-01,  1.0002911E+03,  1.7325576E+04,3,
  7.8439655E+02,  0.0000000E+00,  2.5461797E+02,2376,  1.0693643E+00,  0.0000000E+00,  3.1440463E-02,  1.0002516E+03,  1.4970136E+04,3,
  7.8596271E+02,  0.0000000E+00,  2.5452710E+02,2347,  8.2614893E-01,  0.0000000E+00,  8.8485502E-02,  1.0002361E+03,  1.4047014E+04,3,
  7.8670068E+02,  0.0000000E+00,  2.5420416E+02,2320,  8.4620988E-01,  0.0000000E+00,  8.8133007E-02,  1.0002552E+03,  1.5188209E+04,3,
  7.8787189E+02,  0.0000000E+00,  2.5471205E+02,2164,  7.5808668E-01,  0.0000000E+00, -5.3452548E-02,  1.0002200E+03,  1.3091273E+04,3,
  7.8872900E+02,  0.0000000E+00,  2.5405399E+02,2285,  8.3675045E-01,  0.0000000E+00, -1.1695201E-01,  1.0002714E+03,  1.6151421E+04,3,
  7.8973303E+02,  0.0000000E+00,  2.5464430E+02,2396,  9.7552145E-01,  0.0000000E+00, -1.4102039E-01,  1.0002449E+03,  1.4573982E+04,3,
  7.9093304E+02,  0.0000000E+00,  2.5428624E+02,2185,  9.8875690E-01,  0.0000000E+00, -5.6094669E-02,  1.0003041E+03,  1.8099939E+04,3,
  7.9203564E+02,  0.0000000E+00,  2.5465268E+02,2431,  8.9077294E-01,  0.0000000E+00, -5.1644865E-02,  1.0002712E+03,  1.6140516E+04,3,
  7.9313782E+02,  0.0000000E+00,  2.5456589E+02,2173,  8.5421699E-01,  0.0000000E+00, -1.0021070E-01,  1.0002600E+03,  1.5471710E+04,3,
  7.9411017E+02,  0.0000000E+00,  2.5435638E+02,2330,  8.9081216E-01,  0.0000000E+00, -1.4625511E-01,  1.0002599E+03,  1.5468075E+04,3,
  7.9519019E+02,  0.0000000E+00,  2.5423947E+02,2243,  9.1362745E-01,  0.0000000E+00, -1.5998782E-01,  1.0002720E+03,  1.6184135E+04,3,
  7.9601849E+02,  0.0000000E+00,  2.5474033E+02,2311,  9.7472268E-01,  0.0000000E+00, -1.7338522E-01,  1.0002198E+03,  1.3076738E+04,3,
  7.9715741E+02,  0.0000000E+00,  2.5415891E+02,2260,  1.0235629E+00,  0.0000000E+00, -1.0419978E-01,  1.0003033E+03,  1.8052676E+04,3,
  7.9802020E+02,  0.0000000E+00,  2.5473541E+02,2300,  1.0805796E+00,  0.0000000E+00, -1.1060680E-01,  1.0002383E+03,  1.4177845E+04,3,
  7.9920508E+02,  0.0000000E+00,  2.5459314E+02,2369,  1.0292524E+00,  0.0000000E+00, -6.5730594E-02,  1.0002429E+03,  1.4454049E+04,3,
  8.0018896E+02,  0.0000000E+00,  2.5439955E+02,2357,  1.0043881E+00,  0.0000000E+00, -4.3277636E-02,  1.0002533E+03,  1.5071902E+04,3,
  8.0118402E+02,  0.0000000E+00,  2.5449071E+02,2358,  9.7461194E-01,  0.0000000E+00, -3.2860950E-02,  1.0002336E+03,  1.3898015E+04,3,
  8.0218555E+02,  0.0000000E+00,  2.5460199E+02,2245,  9.7148979E-01,  0.0000000E+00, -3.7808973E-02,  1.0002170E+03,  1.2909584E+04,3,
  8.0304956E+02,  0.0000000E+00,  2.5430792E+02,2297,  1.0709630E+00,  0.0000000E+00,  1.3216103E-02,  1.0002356E+03,  1.4017940E+04,3,
  8.0407617E+02,  0.0000000E+00,  2.5460895E+02,2340,  1.1046413E+00,  0.0000000E+00,  1.9929658E-03,  1.0002147E+03,  1.2775137E+04,3,
  8.0512677E+02,  0.0000000E+00,  2.5455615E+02,2302,  1.0710212E+00,  0.0000000E+00,  1.5167795E-02,  1.0002084E+03,  1.2397238E+04,3,
  8.0614661E+02,  0.0000000E+00,  2.5447095E+02,2273,  1.0457128E+00,  0.0000000E+00,  6.3680536E-03,  1.0001967E+03,  1.1703252E+04,3,
  8.0717316E+02,  0.0000000E+00,  2.5451158E+02,2193,  1.0368992E+00,  0.0000000E+00, -2.1003935E-02,  1.0001824E+03,  1.0853094E+04,3,
  8.0809467E+02,  0.0000000E+00,  2.5433655E+02,2138,  1.0434726E+00,  0.0000000E+00, -2.5976460E-02,  1.0001871E+03,  1.1132839E+04,3,
  8.0910248E+02,  0.0000000E+00,  2.5433548E+02,2296,  1.0845511E+00,  0.0000000E+00, -3.9039109E-02,  1.0001878E+03,  1.1172803E+04,3,
  8.1005835E+02,  0.0000000E+00,  2.5454892E+02,2313,  1.1546929E+00,  0.0000000E+00, -7.7574000E-02,  1.0001945E+03,  1.1568820E+04,3,
  8.1111823E+02,  0.0000000E+00,  2.5443803E+02,2274,  1.1375066E+00,  0.0000000E+00, -7.9283863E-02,  1.0001746E+03,  1.0388081E+04,3,
  8.1212109E+02,  0.0000000E+00,  2.5436595E+02,2322,  1.1180980E+00,  0.0000000E+00, -8.5478038E-02,  1.0001494E+03,  8.8878359E+03,3,
  8.1307977E+02,  0.0000000E+00,  2.5428061E+02,2195,  1.1137176E+00,  0.0000000E+00, -9.0465516E-02,  1.0001271E+03,  7.5585107E+03,3,
  8.1405408E+02,  0.0000000E+00,  2.5430528E+02,2200,  1.1487582E+00,  0.0000000E+00, -1.1649860E-01,  1.0001208E+03,  7.1880747E+03,3,
  8.1506409E+02,  0.0000000E+00,  2.5433533E+02,2342,  1.2308675E+00,  0.0000000E+00, -1.3755342E-01,  1.0001324E+03,  7.8744819E+03,3,
  8.1615070E+02,  0.0000000E+00,  2.5448097E+02,2208,  1.3059772E+00,  0.0000000E+00, -1.2188569E-01,  1.0001671E+03,  9.9412529E+03,3,
  8.1727356E+02,  0.0000000E+00,  2.5438948E+02,2176,  1.2606534E+00,  0.0000000E+00, -1.4876694E-02,  1.0001375E+03,  8.1759351E+03,3,
  8.1831195E+02,  0.0000000E+00,  2.5449036E+02,2315,  1.2168069E+00,  0.0000000E+00, -3.1592127E-02,  1.0001249E+03,  7.4277671E+03,3,
  8.2036688E+02,  0.0000000E+00,  2.5170488E+02,2206,  1.1391897E+00,  0.0000000E+00,  5.2529001E-01,  1.0007031E+03,  4.1894656E+04,3,
  8.1926611E+02,  0.0000000E+00,  2.5445659E+02,2305,  1.2048209E+00,  0.0000000E+00, -1.3317235E-01,  1.0000911E+03,  5.4159844E+03,3,
  8.2343915E+02,  0.0000000E+00,  2.5283530E+02,2130,  1.7356775E+00,  0.0000000E+00,  3.3155799E-01,  1.0012012E+03,  7.1677086E+04,3,
  8.2033282E+02,  0.0000000E+00,  2.5446211E+02,2225,  1.3233415E+00,  0.0000000E+00, -3.6784714E-01,  1.0000928E+03,  5.5176533E+03,3,
  8.2141077E+02,  0.0000000E+00,  2.5423705E+02,2179,  1.4979489E+00,  0.0000000E+00, -6.3649559E-01,  9.9997089E+02, -1.7308937E+03,3,
  8.2249969E+02,  0.0000000E+00,  2.5396329E+02,2224,  1.5890610E+00,  0.0000000E+00, -8.2545429E-01,  1.0000493E+03,  2.9290559E+03,3,
  8.2406702E+02,  0.0000000E+00,  2.5380759E+02,2188,  2.0756586E+00,  0.0000000E+00, -3.6062440E-01,  1.0000055E+03,  3.2661761E+02,3,
  8.2468182E+02,  0.0000000E+00,  2.5336815E+02,2147,  1.4809722E+00,  0.0000000E+00, -9.9349327E-02,  9.9892108E+02, -6.3943008E+04,3,
  8.2542017E+02,  0.0000000E+00,  2.5352750E+02,2276,  1.8356841E+00,  0.0000000E+00,  1.4875935E-01,  1.0014620E+03,  8.7308219E+04,3,
  8.2647827E+02,  0.0000000E+00,  2.5297424E+02,2184,  1.8470659E+00,  0.0000000E+00, -2.5376236E-01,  1.0009962E+03,  5.9406613E+04,3,
  8.2801398E+02,  0.0000000E+00,  2.5296382E+02,2171,  1.9062558E+00,  0.0000000E+00,  1.0794255E-01,  1.0003412E+03,  2.0310662E+04,3,
  8.2859601E+02,  0.0000000E+00,  2.5308115E+02,2094,  1.4678571E+00,  0.0000000E+00,  3.9185944E-01,  9.9864758E+02, -8.0086414E+04,3,
  8.2825378E+02,  0.0000000E+00,  2.5378572E+02,2316,  1.4348315E+00,  0.0000000E+00,  1.0761838E-01,  1.0002228E+03,  1.3254797E+04,3,
  8.2940381E+02,  0.0000000E+00,  2.5284142E+02,2197,  1.9538088E+00,  0.0000000E+00,  6.8128087E-02,  1.0013454E+03,  8.0318195E+04,3,
  8.3100940E+02,  0.0000000E+00,  2.5333200E+02,2352,  2.2770898E+00,  0.0000000E+00,  2.1811838E-01,  1.0014504E+03,  8.6612656E+04,3,
  8.3114966E+02,  0.0000000E+00,  2.5317560E+02,2234,  1.3456932E+00,  0.0000000E+00,  2.4375211E-02,  9.9974939E+02, -1.4889578E+04,3,
  8.3230103E+02,  0.0000000E+00,  2.5330670E+02,2177,  1.5645324E+00,  0.0000000E+00, -7.2512078E-01,  9.9927063E+02, -4.3272070E+04,3,
  8.3317847E+02,  0.0000000E+00,  2.5278044E+02,2174,  1.5217392E+00,  0.0000000E+00, -1.4724220E-01,  1.0012853E+03,  7.6715305E+04,3,
  8.3446747E+02,  0.0000000E+00,  2.5363040E+02,2249,  2.0460324E+00,  0.0000000E+00, -2.5256142E-01,  1.0003145E+03,  1.8718020E+04,3,
  8.3522693E+02,  0.0000000E+00,  2.5379832E+02,2255,  2.0050495E+00,  0.0000000E+00, -4.8537603E-01,  1.0000127E+03,  7.5486591E+02,3,
  8.3536096E+02,  0.0000000E+00,  2.5337161E+02,2261,  1.6712086E+00,  0.0000000E+00, -2.8805780E-01,  9.9978009E+02, -1.3066754E+04,3,
  8.3656702E+02,  0.0000000E+00,  2.5241600E+02,2163,  1.7718681E+00,  0.0000000E+00, -5.1761228E-01,  1.0017884E+03,  1.0690627E+05,3,
  8.3735480E+02,  0.0000000E+00,  2.5326361E+02,2186,  1.7875487E+00,  0.0000000E+00, -1.1955599E+00,  9.9950006E+02, -2.9680797E+04,3,
  8.3851135E+02,  0.0000000E+00,  2.5328398E+02,2161,  1.6043609E+00,  0.0000000E+00,  1.0290080E+00,  1.0005541E+03,  3.3002742E+04,3,
  8.3912988E+02,  0.0000000E+00,  2.5345154E+02,2256,  1.8267717E+00,  0.0000000E+00, -5.5406070E-01,  9.9903033E+02, -5.7486875E+04,3,
  8.3974274E+02,  0.0000000E+00,  2.5346233E+02,2258,  2.0515544E+00,  0.0000000E+00, -5.9712112E-01,  9.9985754E+02, -8.4665254E+03,3,
  8.4075464E+02,  0.0000000E+00,  2.5310994E+02,2125,  1.4658134E+00,  0.0000000E+00, -2.4818027E-01,  1.0016082E+03,  9.6083758E+04,3,
  8.4192102E+02,  0.0000000E+00,  2.5456305E+02,2162,  2.1464777E+00,  0.0000000E+00,  3.7985459E-01,  1.0029215E+03,  1.7523680E+05,3,
  8.4237897E+02,  0.0000000E+00,  2.5474126E+02,2212,  7.1848333E-01,  0.0000000E+00, -4.6413857E-01,  9.9834650E+02, -9.7827570E+04,3,
  8.4283112E+02,  0.0000000E+00,  2.5493282E+02,2111,  2.7241054E+00,  0.0000000E+00, -4.6857962E-01,  9.9876099E+02, -7.3395938E+04,3,
  8.4273145E+02,  0.0000000E+00,  2.5495236E+02,2298,  2.4874065E+00,  0.0000000E+00, -4.3909065E-02,  9.9735834E+02, -1.5582853E+05,3,
  8.4507770E+02,  0.0000000E+00,  2.5535976E+02,2244,  8.1774420E-01,  0.0000000E+00,  8.7847471E-01,  1.0014009E+03,  8.3647906E+04,3,
  8.4650720E+02,  0.0000000E+00,  2.5533374E+02,2265,  1.5306871E+00,  0.0000000E+00, -2.5298196E-01,  9.9902063E+02, -5.8060523E+04,3,
  8.4666003E+02,  0.0000000E+00,  2.5532718E+02,2286,  1.6083407E+00,  0.0000000E+00, -6.7684335E-01,  1.0004785E+03,  2.8492432E+04,3,
  8.4754883E+02,  0.0000000E+00,  2.5520061E+02,2113,  1.9728761E+00,  0.0000000E+00,  4.4604641E-01,  9.9452661E+02, -3.2014119E+05,3,
  8.4779108E+02,  0.0000000E+00,  2.5517311E+02,2157,  1.6138816E+00,  0.0000000E+00,  5.1242352E-01,  1.0041453E+03,  2.4955516E+05,3,
  8.4894922E+02,  0.0000000E+00,  2.5499272E+02,2124,  1.5057055E+00,  0.0000000E+00,  3.7766096E-01,  1.0006877E+03,  4.0976320E+04,3,
  8.5044800E+02,  0.0000000E+00,  2.5505920E+02,2280,  1.7033708E+00,  0.0000000E+00, -1.0666589E-01,  1.0004987E+03,  2.9693525E+04,3,
  8.5068555E+02,  0.0000000E+00,  2.5504019E+02,2187,  1.2419901E+00,  0.0000000E+00, -7.7793613E-02,  9.9886804E+02, -6.7075773E+04,3,
  8.5172375E+02,  0.0000000E+00,  2.5519702E+02,2288,  1.8343098E+00,  0.0000000E+00,  1.4988779E-01,  1.0008760E+03,  5.2224484E+04,3,
  8.5276343E+02,  0.0000000E+00,  2.5513635E+02,2165,  1.8575106E+00,  0.0000000E+00,  6.4538516E-02,  9.9791956E+02, -1.2292957E+05,3,
  8.5326276E+02,  0.0000000E+00,  2.5516342E+02,2132,  1.5092901E+00,  0.0000000E+00, -9.3260527E-02,  1.0008450E+03,  5.0371402E+04,3,
  8.5414160E+02,  0.0000000E+00,  2.5509389E+02,2116,  1.4835268E+00,  0.0000000E+00,  3.3027172E-01,  1.0016052E+03,  9.5900547E+04,3,
  8.5506311E+02,  0.0000000E+00,  2.5509166E+02,2190,  1.4839847E+00,  0.0000000E+00, -1.5945339E-01,  9.9954504E+02, -2.7013859E+04,3,
  8.5693597E+02,  0.0000000E+00,  2.5495296E+02,2151,  1.8092115E+00,  0.0000000E+00,  3.4511286E-01,  1.0000863E+03,  5.1327700E+03,3,
  8.5715289E+02,  0.0000000E+00,  2.5509294E+02,2114,  1.7691917E+00,  0.0000000E+00,  4.2905098E-01,  9.9971106E+02, -1.7164920E+04,3,
  8.5778082E+02,  0.0000000E+00,  2.5513567E+02,2123,  1.6794463E+00,  0.0000000E+00,  2.4627784E-01,  9.9981537E+02, -1.0971722E+04,3,
  8.5860608E+02,  0.0000000E+00,  2.5523634E+02,2122,  1.4834358E+00,  0.0000000E+00,  7.3161370E-01,  1.0017418E+03,  1.0410786E+05,3,
  8.5990649E+02,  0.0000000E+00,  2.5500890E+02,2133,  1.7143456E+00,  0.0000000E+00,  3.8884079E-01,  9.9833069E+02, -9.8758156E+04,3,
  8.6019647E+02,  0.0000000E+00,  2.5511208E+02,2121,  1.4855607E+00,  0.0000000E+00,  3.8205954E-01,  9.9997058E+02, -1.7490356E+03,3,
  8.6113934E+02,  0.0000000E+00,  2.5507280E+02,2135,  1.5599294E+00,  0.0000000E+00,  4.8597729E-01,  1.0012892E+03,  7.6953016E+04,3,
  8.6214545E+02,  0.0000000E+00,  2.5501991E+02,2105,  1.6026754E+00,  0.0000000E+00,  3.4469786E-01,  9.9988171E+02, -7.0305552E+03,3,
  8.6278461E+02,  0.0000000E+00,  2.5505750E+02,2250,  1.6430863E+00,  0.0000000E+00,  3.5093611E-01,  1.0000850E+03,  5.0565215E+03,3,
  8.6389392E+02,  0.0000000E+00,  2.5505682E+02,2229,  1.6395190E+00,  0.0000000E+00,  4.5453930E-01,  1.0001713E+03,  1.0191910E+04,3,
  8.6458173E+02,  0.0000000E+00,  2.5504955E+02,2181,  1.4343324E+00,  0.0000000E+00,  4.1223875E-01,  9.9989465E+02, -6.2617178E+03,3,
  8.6590131E+02,  0.0000000E+00,  2.5505493E+02,2120,  1.4653300E+00,  0.0000000E+00,  2.7168688E-01,  1.0005170E+03,  3.0785553E+04,3,
  8.6653387E+02,  0.0000000E+00,  2.5507362E+02,2226,  1.5141995E+00,  0.0000000E+00, -2.6547483E-01,  9.9981799E+02, -1.0815845E+04,3,
  8.6771802E+02,  0.0000000E+00,  2.5510229E+02,2119,  1.6446567E+00,  0.0000000E+00,  9.2914626E-02,  1.0001301E+03,  7.7364702E+03,3,
  8.6786365E+02,  0.0000000E+00,  2.5508826E+02,2220,  1.3756012E+00,  0.0000000E+00, -1.5455081E-01,  1.0000300E+03,  1.7820115E+03,3,
  8.6973187E+02,  0.0000000E+00,  2.5505688E+02,2127,  1.6964451E+00,  0.0000000E+00, -1.2945202E-01,  1.0000747E+03,  4.4429224E+03,3,
  8.7009473E+02,  0.0000000E+00,  2.5507471E+02,2223,  1.4558253E+00,  0.0000000E+00, -2.7788603E-01,  1.0004050E+03,  2.4111490E+04,3,
  8.7093146E+02,  0.0000000E+00,  2.5506990E+02,2149,  1.2860914E+00,  0.0000000E+00, -2.5762725E-01,  1.0003983E+03,  2.3711336E+04,3,
  8.7230139E+02,  0.0000000E+00,  2.5509764E+02,2159,  1.4699697E+00,  0.0000000E+00, -3.1659451E-01,  9.9938617E+02, -3.6429965E+04,3,
  8.7301648E+02,  0.0000000E+00,  2.5509462E+02,2118,  1.4881461E+00,  0.0000000E+00, -3.1759125E-01,  1.0000829E+03,  4.9294414E+03,3,
  8.7367310E+02,  0.0000000E+00,  2.5513564E+02,2107,  1.6726539E+00,  0.0000000E+00, -3.3494610E-02,  1.0003664E+03,  2.1808996E+04,3,
  8.7506256E+02,  0.0000000E+00,  2.5507758E+02,2101,  1.3900290E+00,  0.0000000E+00,  1.5361033E-01,  1.0001152E+03,  6.8539683E+03,3,
  8.7526947E+02,  0.0000000E+00,  2.5506961E+02,2207,  1.4992822E+00,  0.0000000E+00,  1.1442626E-01,  1.0002628E+03,  1.5638907E+04,3,
  8.7538147E+02,  0.0000000E+00,  2.5510875E+02,2242,  1.4165074E+00,  0.0000000E+00, -3.9304796E-01,  1.0001070E+03,  6.3637231E+03,3,
  8.7826129E+02,  0.0000000E+00,  2.5502835E+02,2213,  1.5908819E+00,  0.0000000E+00,  4.5671991E-01,  1.0001771E+03,  1.0533396E+04,3,
  8.7884192E+02,  0.0000000E+00,  2.5505577E+02,2076,  1.4694227E+00,  0.0000000E+00,  3.0443004E-01,  1.0001663E+03,  9.8940283E+03,3,
  8.7906909E+02,  0.0000000E+00,  2.5506207E+02,2131,  1.5497024E+00,  0.0000000E+00,  4.6079659E-01,  9.9977942E+02, -1.3106620E+04,3,
  8.7956348E+02,  0.0000000E+00,  2.5506305E+02,2090,  1.4170884E+00,  0.0000000E+00,  2.3482649E-01,  1.0004811E+03,  2.8648930E+04,3,
  8.8066272E+02,  0.0000000E+00,  2.5517613E+02,2093,  1.4668906E+00,  0.0000000E+00,  1.8806583E-01,  9.9935120E+02, -3.8501531E+04,3,
  8.8235376E+02,  0.0000000E+00,  2.5519809E+02,2152,  1.5343195E+00,  0.0000000E+00, -2.2910267E-01,  1.0000008E+03,  4.7177437E+01,3,
  8.8241663E+02,  0.0000000E+00,  2.5520996E+02,2169,  1.5645487E+00,  0.0000000E+00, -4.3523377E-01,  9.9999670E+02, -1.9596541E+02,3,
  8.8251312E+02,  0.0000000E+00,  2.5510014E+02,2205,  1.4454752E+00,  0.0000000E+00, -2.6445106E-01,  1.0002170E+03,  1.2909584E+04,3,
  8.8260760E+02,  0.0000000E+00,  2.5516312E+02,2167,  1.5210049E+00,  0.0000000E+00, -3.0508047E-01,  1.0002516E+03,  1.4973771E+04,3,
  8.9059625E+02,  0.0000000E+00,  2.5505304E+02,2271,  1.6862903E+00,  0.0000000E+00,  3.0693030E-02,  9.9987982E+02, -7.1429741E+03,3,
  8.9083209E+02,  0.0000000E+00,  2.5501208E+02,2095,  1.6819245E+00,  0.0000000E+00,  9.3577370E-02,  9.9978180E+02, -1.2965274E+04,3,
  8.9083289E+02,  0.0000000E+00,  2.5502739E+02,2084,  1.6882823E+00,  0.0000000E+00,  5.0330225E-02,  9.9977448E+02, -1.3400178E+04,3,
  8.9105878E+02,  0.0000000E+00,  2.5505748E+02,2170,  1.6724906E+00,  0.0000000E+00,  1.6054317E-01,  9.9954047E+02, -2.7285289E+04,3,
  8.9202069E+02,  0.0000000E+00,  2.5582593E+02,2154,  1.6858487E+00,  0.0000000E+00,  7.4115418E-02,  1.0008760E+03,  5.2224484E+04,3,
  8.9371240E+02,  0.0000000E+00,  2.5502750E+02,2198,  1.6839976E+00,  0.0000000E+00,  6.1584938E-02,  9.9979968E+02, -1.1903305E+04,3,
  8.9433875E+02,  0.0000000E+00,  2.5500328E+02,2189,  1.6607465E+00,  0.0000000E+00,  5.0136019E-02,  9.9987451E+02, -7.4584668E+03,3,
  8.9493909E+02,  0.0000000E+00,  2.5501740E+02,2129,  1.6726496E+00,  0.0000000E+00, -7.5951263E-02,  9.9992090E+02, -4.7021001E+03,3,
  8.9639911E+02,  0.0000000E+00,  2.5503697E+02,2089,  1.6938869E+00,  0.0000000E+00, -1.1134025E-01,  1.0000087E+03,  5.1896417E+02,3,
  8.9767078E+02,  0.0000000E+00,  2.5505858E+02,2199,  1.6660652E+00,  0.0000000E+00, -3.6945499E-02,  9.9991541E+02, -5.0285522E+03,3,
  8.9815808E+02,  0.0000000E+00,  2.5506174E+02,2128,  1.6544776E+00,  0.0000000E+00,  1.0904943E-01,  1.0000210E+03,  1.2484633E+03,3,
  8.9844324E+02,  0.0000000E+00,  2.5505464E+02,2158,  1.7062522E+00,  0.0000000E+00, -7.3305018E-02,  9.9993658E+02, -3.7698396E+03,3,
  9.0037335E+02,  0.0000000E+00,  2.5506192E+02,2102,  1.6749532E+00,  0.0000000E+00,  2.3643628E-01,  9.9974323E+02, -1.5255552E+04,3,
  9.0074451E+02,  0.0000000E+00,  2.5507932E+02,2136,  1.7123371E+00,  0.0000000E+00,  2.2490661E-01,  9.9889343E+02, -6.5576203E+04,3,
  9.0134088E+02,  0.0000000E+00,  2.5491028E+02,2072,  1.6210036E+00,  0.0000000E+00,  2.0595758E-01,  1.0016277E+03,  9.7256359E+04,3,
  9.0308514E+02,  0.0000000E+00,  2.5571271E+02,2108,  1.6439717E+00,  0.0000000E+00,  2.8936079E-01,  1.0010178E+03,  6.0699070E+04,3,
  9.0344995E+02,  0.0000000E+00,  2.5510248E+02,2103,  1.6947135E+00,  0.0000000E+00,  3.6905771E-01,  9.9916095E+02, -4.9762805E+04,3,
  9.0348071E+02,  0.0000000E+00,  2.5511079E+02,2104,  1.6521847E+00,  0.0000000E+00,  3.4147164E-01,  9.9798627E+02, -1.1901152E+05,3,
  9.0501050E+02,  0.0000000E+00,  2.5485100E+02,2134,  1.6324457E+00,  0.0000000E+00,  1.9474041E-01,  1.0017233E+03,  1.0299679E+05,3,
  9.0592859E+02,  0.0000000E+00,  2.5513287E+02,2078,  1.6385127E+00,  0.0000000E+00,  1.7098427E-01,  9.9951935E+02, -2.8537395E+04,3,
  9.0667548E+02,  0.0000000E+00,  2.5512558E+02,2139,  1.6396555E+00,  0.0000000E+00,  9.2398480E-02,  9.9972931E+02, -1.6081661E+04,3,
  9.0694818E+02,  0.0000000E+00,  2.5511662E+02,2070,  1.6325758E+00,  0.0000000E+00,  7.5373843E-02,  9.9983746E+02, -9.6593818E+03,3,
  9.0860669E+02,  0.0000000E+00,  2.5509074E+02,2083,  1.6596141E+00,  0.0000000E+00,  1.4583598E-02,  9.9998566E+02, -8.5278418E+02,3,
  9.0981268E+02,  0.0000000E+00,  2.5508548E+02,2175,  1.6190264E+00,  0.0000000E+00,  3.2071896E-02,  9.9999506E+02, -2.9394666E+02,3,
  9.1051837E+02,  0.0000000E+00,  2.5507434E+02,2156,  1.6890314E+00,  0.0000000E+00, -9.5267795E-02,  1.0000772E+03,  4.5917798E+03,3,
  9.1108441E+02,  0.0000000E+00,  2.5507333E+02,2092,  1.5951262E+00,  0.0000000E+00,  5.5021208E-02,  9.9989630E+02, -6.1637954E+03,3,
  9.1198938E+02,  0.0000000E+00,  2.5506958E+02,2178,  1.6458154E+00,  0.0000000E+00, -1.8996313E-02,  9.9969092E+02, -1.8360350E+04,3,
  9.1370007E+02,  0.0000000E+00,  2.5511583E+02,2030,  1.6552137E+00,  0.0000000E+00, -3.7549865E-01,  1.0007457E+03,  4.4438746E+04,3,
  9.1413593E+02,  0.0000000E+00,  2.5498117E+02,2137,  1.6026983E+00,  0.0000000E+00, -3.4216708E-01,  9.9931879E+02, -4.0420867E+04,3,
  9.1480646E+02,  0.0000000E+00,  2.5501193E+02,2059,  1.6770637E+00,  0.0000000E+00, -4.3718481E-01,  9.9985791E+02, -8.4447695E+03,3,
  9.1514178E+02,  0.0000000E+00,  2.5501920E+02,2115,  1.6492318E+00,  0.0000000E+00, -4.6836933E-01,  9.9981897E+02, -1.0757844E+04,3,
  9.1745245E+02,  0.0000000E+00,  2.5494989E+02,2109,  1.6855705E+00,  0.0000000E+00, -2.0941891E-01,  1.0010406E+03,  6.2068379E+04,3,
  9.1860944E+02,  0.0000000E+00,  2.5551080E+02,2099,  1.6815333E+00,  0.0000000E+00, -1.3288692E-01,  1.0012170E+03,  7.2627500E+04,3,
  9.1871808E+02,  0.0000000E+00,  2.5498329E+02,2096,  1.6387019E+00,  0.0000000E+00, -1.6096587E-01,  1.0007698E+03,  4.5878738E+04,3,
  9.1876929E+02,  0.0000000E+00,  2.5506985E+02,2075,  1.6368684E+00,  0.0000000E+00, -1.5967758E-01,  9.9516846E+02, -2.8314306E+05,3,
  9.2004962E+02,  0.0000000E+00,  2.5504977E+02,2097,  1.6884564E+00,  0.0000000E+00,  8.6509645E-02,  1.0015401E+03,  9.1995359E+04,3,
  9.2181860E+02,  0.0000000E+00,  2.5512325E+02,2140,  1.6607327E+00,  0.0000000E+00,  2.1398321E-01,  9.9980054E+02, -1.1852559E+04,3,
  9.2212408E+02,  0.0000000E+00,  2.5512238E+02,2080,  1.6601326E+00,  0.0000000E+00,  2.0176801E-01,  9.9969794E+02, -1.7943777E+04,3,
  9.2408215E+02,  0.0000000E+00,  2.5510268E+02,2085,  1.6525544E+00,  0.0000000E+00,  1.4044860E-01,  1.0000119E+03,  7.0768512E+02,3,
  9.2436761E+02,  0.0000000E+00,  2.5506406E+02,2145,  1.6531870E+00,  0.0000000E+00,  3.8716123E-02,  9.9998297E+02, -1.0124462E+03,3,
  9.2443719E+02,  0.0000000E+00,  2.5506041E+02,2088,  1.6473058E+00,  0.0000000E+00,  1.8452635E-01,  9.9998346E+02, -9.8341693E+02,3,
  9.2444586E+02,  0.0000000E+00,  2.5509142E+02,2126,  1.6510274E+00,  0.0000000E+00,  1.1309530E-01,  9.9999146E+02, -5.0805048E+02,3,
  9.6229749E+02,  0.0000000E+00,  2.5232278E+02,2110,  7.2160645E+00,  0.0000000E+00, -5.3933775E-01,  1.0011475E+03,  6.8464633E+04,3,
  9.6265619E+02,  0.0000000E+00,  2.5219208E+02,2067,  5.9600334E+00,  0.0000000E+00, -2.1488292E+00,  1.0023815E+03,  1.4261662E+05,3,
  9.6225061E+02,  0.0000000E+00,  2.5177367E+02,2079,  4.9040036E+00,  0.0000000E+00, -3.7217283E+00,  1.0017049E+03,  1.0188950E+05,3,
  9.6456256E+02,  0.0000000E+00,  2.5179439E+02,2058,  5.6944408E+00,  0.0000000E+00, -2.6143947E+00,  1.0031128E+03,  1.8681761E+05,3,
  9.6675055E+02,  0.0000000E+00,  2.5171552E+02,2086,  6.6655130E+00,  0.0000000E+00, -1.9174581E+00,  9.9783582E+02, -1.2784552E+05,3,
 -3.9657178E+02,  0.0000000E+00,  2.6409024E+02,3811, -4.4430671E-03,  0.0000000E+00,  7.5052632E-04,  1.0006824E+03,  4.0659293E+04,3,
 -3.9413315E+02,  0.0000000E+00,  2.6405090E+02,3816, -9.8409236E-04,  0.0000000E+00,  1.1947326E-04,  1.0002794E+03,  1.6623975E+04,3,
 -3.9135269E+02,  0.0000000E+00,  2.6362314E+02,3802,  3.7420359E-03,  0.0000000E+00, -1.2710792E-03,  1.0004523E+03,  2.6927588E+04,3,
 -3.8670419E+02,  0.0000000E+00,  2.6366937E+02,3793, -9.5661860E-03,  0.0000000E+00, -7.1813219E-04,  1.0004694E+03,  2.7950168E+04,3,
 -3.8889798E+02,  0.0000000E+00,  2.6416153E+02,3803,  5.1358766E-03,  0.0000000E+00,  4.8531890E-03,  1.0006110E+03,  3.6393191E+04,3,
 -3.8411673E+02,  0.0000000E+00,  2.6404086E+02,3794,  2.9039900E-03,  0.0000000E+00, -2.0443525E-03,  1.0004794E+03,  2.8547023E+04,3,
 -3.8187277E+02,  0.0000000E+00,  2.6369336E+02,3784, -4.6109935E-04,  0.0000000E+00,  1.3252523E-03,  1.0005106E+03,  3.0406971E+04,3,
 -3.7897049E+02,  0.0000000E+00,  2.6361520E+02,3775,  8.4207989E-03,  0.0000000E+00, -3.9161048E-03,  1.0003664E+03,  2.1808996E+04,3,
 -3.7614291E+02,  0.0000000E+00,  2.6361575E+02,3766,  1.8927393E-02,  0.0000000E+00, -1.8673338E-03,  1.0004073E+03,  2.4246092E+04,3,
 -3.7332571E+02,  0.0000000E+00,  2.6388571E+02,3776,  1.8264160E-02,  0.0000000E+00,  1.8698323E-03,  1.0003915E+03,  2.3303920E+04,3,
 -3.7133084E+02,  0.0000000E+00,  2.6402649E+02,3777,  7.8785978E-03,  0.0000000E+00,  6.9225547E-03,  1.0005344E+03,  3.1826732E+04,3,
 -3.6877112E+02,  0.0000000E+00,  2.6355865E+02,3757,  5.4295021E-03,  0.0000000E+00, -3.6635157E-03,  1.0003776E+03,  2.2474592E+04,3,
 -3.6608804E+02,  0.0000000E+00,  2.6411835E+02,3767,  2.2366164E-02,  0.0000000E+00, -1.1231488E-03,  1.0005274E+03,  3.1408064E+04,3,
 -3.6430954E+02,  0.0000000E+00,  2.6366962E+02,3748,  1.3102622E-02,  0.0000000E+00,  3.8865795E-03,  1.0003869E+03,  2.3031107E+04,3,
 -3.6111243E+02,  0.0000000E+00,  2.6355310E+02,3739,  6.7809108E-03,  0.0000000E+00, -3.6123469E-03,  1.0002986E+03,  1.7772736E+04,3,
 -3.5844144E+02,  0.0000000E+00,  2.6398834E+02,3750,  2.5260417E-02,  0.0000000E+00,  1.9323518E-03,  1.0004424E+03,  2.6338107E+04,3,
 -3.5639859E+02,  0.0000000E+00,  2.6392975E+02,3740,  1.7544109E-02,  0.0000000E+00, -6.2014540E-03,  1.0003513E+03,  2.0910695E+04,3,
 -3.5369064E+02,  0.0000000E+00,  2.6358173E+02,3730,  6.0323693E-02,  0.0000000E+00, -6.1066519E-03,  1.0003923E+03,  2.3354846E+04,3,
 -3.5087393E+02,  0.0000000E+00,  2.6394339E+02,3760,  7.2993524E-02,  0.0000000E+00,  5.6385091E-03,  1.0003558E+03,  2.1179814E+04,3,
 -3.4900394E+02,  0.0000000E+00,  2.6413647E+02,3741,  8.5355043E-02,  0.0000000E+00, -2.5657683E-03,  1.0004905E+03,  2.9209430E+04,3,
 -3.4676776E+02,  0.0000000E+00,  2.6360629E+02,3721,  6.5630943E-02,  0.0000000E+00, -4.1787708E-03,  1.0003087E+03,  1.8368980E+04,3,
 -3.4394318E+02,  0.0000000E+00,  2.6383694E+02,3731,  1.1144825E-01,  0.0000000E+00,  3.1789327E-03,  1.0001962E+03,  1.1670553E+04,3,
 -3.4102097E+02,  0.0000000E+00,  2.6355023E+02,3712,  5.3256329E-02,  0.0000000E+00,  1.5636032E-02,  1.0003782E+03,  2.2514602E+04,3,
 -3.3781433E+02,  0.0000000E+00,  2.6365744E+02,3703,  3.5540953E-02,  0.0000000E+00, -8.3340462E-03,  1.0002924E+03,  1.7401918E+04,3,
 -3.3509732E+02,  0.0000000E+00,  2.6360660E+02,3694,  1.8782821E-03,  0.0000000E+00,  6.1422768E-03,  1.0003500E+03,  2.0830689E+04,3,
 -3.3187039E+02,  0.0000000E+00,  2.6353702E+02,3685, -3.4473587E-02,  0.0000000E+00,  8.6140083E-03,  1.0005378E+03,  3.2026973E+04,3,
 -3.2901523E+02,  0.0000000E+00,  2.6383340E+02,3713, -6.1963044E-02,  0.0000000E+00,  5.7747271E-03,  1.0004174E+03,  2.4846365E+04,3,
 -3.2662988E+02,  0.0000000E+00,  2.6388620E+02,3704, -5.0227292E-02,  0.0000000E+00, -5.6131268E-03,  1.0004380E+03,  2.6079764E+04,3,
 -3.2393704E+02,  0.0000000E+00,  2.6361743E+02,3676, -3.9784323E-02,  0.0000000E+00, -4.3798303E-03,  1.0005468E+03,  3.2562176E+04,3,
 -3.2104160E+02,  0.0000000E+00,  2.6364038E+02,3667, -1.3034974E-03,  0.0000000E+00, -4.0078936E-03,  1.0004294E+03,  2.5563100E+04,3,
 -3.1866580E+02,  0.0000000E+00,  2.6402356E+02,3696, -4.7000763E-03,  0.0000000E+00, -1.7707507E-03,  1.0005254E+03,  3.1287928E+04,3,
 -3.1612039E+02,  0.0000000E+00,  2.6357352E+02,3658,  2.8666170E-02,  0.0000000E+00, -3.1543400E-03,  1.0005028E+03,  2.9941041E+04,3,
 -3.1337546E+02,  0.0000000E+00,  2.6402051E+02,3677,  4.0350016E-02,  0.0000000E+00, -1.5154468E-03,  1.0004329E+03,  2.5770490E+04,3,
 -3.1130441E+02,  0.0000000E+00,  2.6371265E+02,3649,  5.3664397E-02,  0.0000000E+00, -2.4847412E-03,  1.0004849E+03,  2.8874582E+04,3,
 -3.0847733E+02,  0.0000000E+00,  2.6362625E+02,3640,  4.9204886E-02,  0.0000000E+00,  3.9452659E-03,  1.0004844E+03,  2.8845465E+04,3,
 -3.0548108E+02,  0.0000000E+00,  2.6357764E+02,3631,  5.8412369E-02,  0.0000000E+00, -5.3455308E-03,  1.0002607E+03,  1.5515327E+04,3,
 -3.0250195E+02,  0.0000000E+00,  2.6359128E+02,3622,  6.9154486E-02,  0.0000000E+00, -9.1518572E-04,  1.0002751E+03,  1.6369520E+04,3,
 -3.0031110E+02,  0.0000000E+00,  2.6452356E+02,3641,  6.2763512E-02,  0.0000000E+00,  4.0548652E-02,  1.0009789E+03,  5.8377152E+04,3,
 -2.9872736E+02,  0.0000000E+00,  2.6364401E+02,3613,  2.3070123E-02,  0.0000000E+00,  9.7604824E-04,  1.0001537E+03,  9.1457314E+03,3,
 -2.9596881E+02,  0.0000000E+00,  2.6382315E+02,3660,  1.9630522E-02,  0.0000000E+00, -2.4576972E-03,  1.0002101E+03,  1.2502612E+04,3,
 -2.9302682E+02,  0.0000000E+00,  2.6356586E+02,3604,  3.7095327E-02,  0.0000000E+00, -5.4039839E-03,  1.0004241E+03,  2.5246566E+04,3,
 -2.9066226E+02,  0.0000000E+00,  2.6413483E+02,3642,  4.6105392E-02,  0.0000000E+00,  1.4622655E-02,  1.0005746E+03,  3.4226227E+04,3,
 -2.8877750E+02,  0.0000000E+00,  2.6395648E+02,3632,  2.5696933E-02,  0.0000000E+00, -7.3562427E-03,  1.0004188E+03,  2.4930041E+04,3,
 -2.8620303E+02,  0.0000000E+00,  2.6360590E+02,3595,  5.1470559E-02,  0.0000000E+00, -8.6322433E-04,  1.0004103E+03,  2.4427990E+04,3,
 -2.8309354E+02,  0.0000000E+00,  2.6353323E+02,3586,  7.3956616E-02,  0.0000000E+00, -9.1476254E-03,  1.0004230E+03,  2.5184715E+04,3,
 -2.7992230E+02,  0.0000000E+00,  2.6359848E+02,3577,  1.4760673E-01,  0.0000000E+00, -6.7289164E-03,  1.0004504E+03,  2.6814783E+04,3,
 -2.7689850E+02,  0.0000000E+00,  2.6354562E+02,3568,  1.2872884E-01,  0.0000000E+00,  2.1167700E-03,  1.0003928E+03,  2.3383947E+04,3,
 -2.7404266E+02,  0.0000000E+00,  2.6399768E+02,3624,  1.4088258E-01,  0.0000000E+00, -1.8040657E-03,  1.0004465E+03,  2.6581900E+04,3,
 -2.7239987E+02,  0.0000000E+00,  2.6408786E+02,3634,  6.5499231E-02,  0.0000000E+00,  1.3712614E-02,  1.0004539E+03,  2.7025838E+04,3,
 -2.6996426E+02,  0.0000000E+00,  2.6381549E+02,3596,  6.2349316E-02,  0.0000000E+00,  4.2313542E-03,  1.0004164E+03,  2.4788154E+04,3,
 -2.6711185E+02,  0.0000000E+00,  2.6369052E+02,3559,  6.6280022E-02,  0.0000000E+00, -1.2089714E-02,  1.0003973E+03,  2.3649494E+04,3,
 -2.6484290E+02,  0.0000000E+00,  2.6385120E+02,3550,  1.0654402E-01,  0.0000000E+00,  4.7770715E-03,  1.0004834E+03,  2.8783592E+04,3,
 -2.6260388E+02,  0.0000000E+00,  2.6386935E+02,3587,  6.1074842E-02,  0.0000000E+00,  1.4552448E-02,  1.0003355E+03,  1.9968840E+04,3,
 -2.5985718E+02,  0.0000000E+00,  2.6378635E+02,3606,  5.6828067E-02,  0.0000000E+00, -4.5906450E-03,  1.0003602E+03,  2.1438029E+04,3,
 -2.5707852E+02,  0.0000000E+00,  2.6364740E+02,3541,  8.1934936E-02,  0.0000000E+00, -1.2721902E-02,  1.0004103E+03,  2.4424352E+04,3,
 -2.5434401E+02,  0.0000000E+00,  2.6368005E+02,3532,  9.6437313E-02,  0.0000000E+00,  7.0044780E-03,  1.0004315E+03,  2.5686807E+04,3,
 -2.5175717E+02,  0.0000000E+00,  2.6383374E+02,3569,  6.1684497E-02,  0.0000000E+00,  5.6101562E-04,  1.0003839E+03,  2.2852873E+04,3,
 -2.4882237E+02,  0.0000000E+00,  2.6353458E+02,3523,  9.6851446E-02,  0.0000000E+00, -7.8285215E-03,  1.0003365E+03,  2.0030658E+04,3,
 -2.4583917E+02,  0.0000000E+00,  2.6382520E+02,3578,  1.8781778E-01,  0.0000000E+00, -1.2215559E-02,  1.0003632E+03,  2.1619875E+04,3,
 -2.4344862E+02,  0.0000000E+00,  2.6400787E+02,3560,  1.7440227E-01,  0.0000000E+00,  3.9397241E-03,  1.0004324E+03,  2.5745021E+04,3,
 -2.4174271E+02,  0.0000000E+00,  2.6404443E+02,3551,  1.8527184E-01,  0.0000000E+00,  1.9390935E-02,  1.0004583E+03,  2.7287844E+04,3,
 -2.3900032E+02,  0.0000000E+00,  2.6349905E+02,3514,  9.9597663E-02,  0.0000000E+00,  3.4730502E-03,  1.0003375E+03,  2.0088840E+04,3,
 -2.3576108E+02,  0.0000000E+00,  2.6368802E+02,3505,  1.0107120E-01,  0.0000000E+00, -7.5529888E-03,  1.0003608E+03,  2.1474398E+04,3,
 -2.3361397E+02,  0.0000000E+00,  2.6388477E+02,3496,  1.1019146E-01,  0.0000000E+00,  3.6284790E-04,  1.0004131E+03,  2.4591699E+04,3,
 -2.3159731E+02,  0.0000000E+00,  2.6426556E+02,3542,  1.1804948E-01,  0.0000000E+00,  4.3135285E-03,  1.0005528E+03,  3.2922637E+04,3,
 -2.2998627E+02,  0.0000000E+00,  2.6388580E+02,3570,  6.7942739E-02,  0.0000000E+00,  1.6947372E-02,  1.0002411E+03,  1.4348654E+04,3,
 -2.2692003E+02,  0.0000000E+00,  2.6353412E+02,3487,  4.3430623E-02,  0.0000000E+00, -1.0288770E-02,  1.0004127E+03,  2.4566232E+04,3,
 -2.2422420E+02,  0.0000000E+00,  2.6381329E+02,3478,  1.1111069E-01,  0.0000000E+00, -1.1758663E-02,  1.0003227E+03,  1.9205238E+04,3,
 -2.2257430E+02,  0.0000000E+00,  2.6426349E+02,3533,  6.8576686E-02,  0.0000000E+00,  2.0401159E-02,  1.0006275E+03,  3.7380316E+04,3,
 -2.2046817E+02,  0.0000000E+00,  2.6385333E+02,3543,  4.9575295E-02,  0.0000000E+00,  1.1354553E-02,  1.0002247E+03,  1.3371082E+04,3,
 -2.1759685E+02,  0.0000000E+00,  2.6354221E+02,3469,  5.1002394E-02,  0.0000000E+00, -1.0920129E-03,  1.0003964E+03,  2.3594930E+04,3,
 -2.1454424E+02,  0.0000000E+00,  2.6359122E+02,3460,  5.2968964E-02,  0.0000000E+00, -3.2589380E-03,  1.0004084E+03,  2.4311574E+04,3,
 -2.1166156E+02,  0.0000000E+00,  2.6368823E+02,3451,  9.4984807E-02,  0.0000000E+00, -8.7446468E-03,  1.0003200E+03,  1.9045254E+04,3,
 -2.0885742E+02,  0.0000000E+00,  2.6358374E+02,3442,  8.4639519E-02,  0.0000000E+00,  7.0041940E-03,  1.0003503E+03,  2.0852510E+04,3,
 -2.0585457E+02,  0.0000000E+00,  2.6378049E+02,3506,  8.4570020E-02,  0.0000000E+00, -5.0371350E-03,  1.0002986E+03,  1.7772736E+04,3,
 -2.0295613E+02,  0.0000000E+00,  2.6354141E+02,3433,  1.0210507E-01,  0.0000000E+00, -2.6536076E-03,  1.0002924E+03,  1.7398283E+04,3,
 -1.9979904E+02,  0.0000000E+00,  2.6367685E+02,3424,  1.4603424E-01,  0.0000000E+00, -1.1762708E-02,  1.0003620E+03,  2.1547135E+04,3,
 -1.9761896E+02,  0.0000000E+00,  2.6408762E+02,3497,  1.3572086E-01,  0.0000000E+00,  6.8929903E-03,  1.0004560E+03,  2.7149562E+04,3,
 -1.9567030E+02,  0.0000000E+00,  2.6390198E+02,3498,  1.3791186E-01,  0.0000000E+00,  1.1013655E-02,  1.0003620E+03,  2.1547135E+04,3,
 -1.9271811E+02,  0.0000000E+00,  2.6351379E+02,3415,  7.7517666E-02,  0.0000000E+00,  2.1187977E-03,  1.0003154E+03,  1.8768922E+04,3,
 -1.8953029E+02,  0.0000000E+00,  2.6371069E+02,3406,  1.1065758E-01,  0.0000000E+00, -1.1445711E-02,  1.0003795E+03,  2.2587348E+04,3,
 -1.8729146E+02,  0.0000000E+00,  2.6391974E+02,3508,  7.0136614E-02,  0.0000000E+00,  1.1193503E-02,  1.0003849E+03,  2.2911072E+04,3,
 -1.8436209E+02,  0.0000000E+00,  2.6358176E+02,3397,  7.4188218E-02,  0.0000000E+00, -3.1413233E-03,  1.0004865E+03,  2.8969211E+04,3,
 -1.8196062E+02,  0.0000000E+00,  2.6415338E+02,3461,  9.1423005E-02,  0.0000000E+00, -1.3797656E-03,  1.0004162E+03,  2.4777240E+04,3,
 -1.8002293E+02,  0.0000000E+00,  2.6370120E+02,3388,  7.4463397E-02,  0.0000000E+00,  1.1828872E-02,  1.0004270E+03,  2.5421205E+04,3,
 -1.7673482E+02,  0.0000000E+00,  2.6362234E+02,3379,  4.8299637E-02,  0.0000000E+00,  4.6269200E-03,  1.0001473E+03,  8.7643389E+03,3,
 -1.7323582E+02,  0.0000000E+00,  2.6350201E+02,3370, -3.2889154E-03,  0.0000000E+00, -1.3995137E-04,  1.0002675E+03,  1.5918787E+04,3,
 -1.7004358E+02,  0.0000000E+00,  2.6377759E+02,3489, -6.2850997E-02,  0.0000000E+00,  6.7848791E-03,  1.0002878E+03,  1.7125633E+04,3,
 -1.6726668E+02,  0.0000000E+00,  2.6382672E+02,3480, -8.6636178E-04,  0.0000000E+00, -1.8884571E-02,  1.0003660E+03,  2.1787174E+04,3,
 -1.6445117E+02,  0.0000000E+00,  2.6352597E+02,3361,  5.3994950E-02,  0.0000000E+00,  2.6889762E-03,  1.0004198E+03,  2.4991891E+04,3,
 -1.6093501E+02,  0.0000000E+00,  2.6356757E+02,3352,  1.0305299E-01,  0.0000000E+00, -1.5584885E-02,  1.0001142E+03,  6.7922324E+03,3,
 -1.5800822E+02,  0.0000000E+00,  2.6397134E+02,3407,  1.7078097E-01,  0.0000000E+00, -1.1716096E-02,  9.9996753E+02, -1.9304532E+03,3,
 -1.5489522E+02,  0.0000000E+00,  2.6364633E+02,3343,  2.3517309E-01,  0.0000000E+00, -7.2762957E-03,  1.0002809E+03,  1.6718486E+04,3,
 -1.5165216E+02,  0.0000000E+00,  2.6356235E+02,3334,  3.7452352E-01,  0.0000000E+00, -2.7266413E-02,  1.0001818E+03,  1.0813131E+04,3,
 -1.4829779E+02,  0.0000000E+00,  2.6357678E+02,3325,  3.6894828E-01,  0.0000000E+00,  2.8813276E-02,  1.0003716E+03,  2.2121785E+04,3,
 -1.4514511E+02,  0.0000000E+00,  2.6372864E+02,3389,  1.6911882E-01,  0.0000000E+00,  1.4275017E-02,  1.0000168E+03,  1.0016615E+03,3,
 -1.4149396E+02,  0.0000000E+00,  2.6368408E+02,3316,  2.1715654E-01,  0.0000000E+00, -3.0827601E-02,  1.0003513E+03,  2.0907059E+04,3,
 -1.3892502E+02,  0.0000000E+00,  2.6372311E+02,3307,  2.9579034E-01,  0.0000000E+00,  8.3945133E-03,  1.0003408E+03,  2.0281570E+04,3,
 -1.3540533E+02,  0.0000000E+00,  2.6352902E+02,3298,  4.4805682E-01,  0.0000000E+00, -2.8611382E-02,  1.0004204E+03,  2.5028271E+04,3,
 -1.3176628E+02,  0.0000000E+00,  2.6363544E+02,3289,  4.0372157E-01,  0.0000000E+00,  2.2045312E-02,  1.0004089E+03,  2.4340678E+04,3,
 -1.2931870E+02,  0.0000000E+00,  2.6374884E+02,3280,  2.0667575E-01,  0.0000000E+00,  2.5240691E-02,  1.0003647E+03,  2.1707160E+04,3,
 -1.2693979E+02,  0.0000000E+00,  2.6412915E+02,3399,  2.9166800E-01,  0.0000000E+00, -2.2589253E-02,  1.0005479E+03,  3.2631355E+04,3,
 -1.2462618E+02,  0.0000000E+00,  2.6379541E+02,3371,  1.5233046E-01,  0.0000000E+00,  1.4448398E-02,  1.0002726E+03,  1.6224120E+04,3,
 -1.2110660E+02,  0.0000000E+00,  2.6353683E+02,3271,  1.1136489E-01,  0.0000000E+00, -1.6897812E-02,  1.0002018E+03,  1.2004821E+04,3,
 -1.1836328E+02,  0.0000000E+00,  2.6390118E+02,3445,  1.2895213E-01,  0.0000000E+00,  1.7346218E-02,  1.0002794E+03,  1.6623975E+04,3,
 -1.1490369E+02,  0.0000000E+00,  2.6352795E+02,3262,  5.4047421E-02,  0.0000000E+00,  8.9712691E-04,  1.0001301E+03,  7.7401021E+03,3,
 -1.1208309E+02,  0.0000000E+00,  2.6406989E+02,3436,  6.9612294E-02,  0.0000000E+00, -3.3846572E-02,  1.0001702E+03,  1.0126521E+04,3,
 -1.0989931E+02,  0.0000000E+00,  2.6394785E+02,3391,  2.8437901E-02,  0.0000000E+00,  4.2638198E-02,  1.0002916E+03,  1.7354658E+04,3,
 -1.0664152E+02,  0.0000000E+00,  2.6362332E+02,3253,  2.1671761E-02,  0.0000000E+00, -1.5899261E-02,  1.0002771E+03,  1.6489477E+04,3,
 -1.0301471E+02,  0.0000000E+00,  2.6368143E+02,3244, -8.4357671E-02,  0.0000000E+00,  9.1455625E-03,  1.0002011E+03,  1.1964854E+04,3,
 -9.9517212E+01,  0.0000000E+00,  2.6406076E+02,3443,  1.5206748E-02,  0.0000000E+00, -2.3221830E-02,  1.0001345E+03,  7.9979673E+03,3,
 -9.7588097E+01,  0.0000000E+00,  2.6408731E+02,3390,  8.8755615E-02,  0.0000000E+00,  4.5320235E-02,  1.0002881E+03,  1.7143809E+04,3,
 -9.4279739E+01,  0.0000000E+00,  2.6357614E+02,3235, -4.3429017E-02,  0.0000000E+00, -1.9239157E-02,  1.0004531E+03,  2.6974895E+04,3,
 -9.1120628E+01,  0.0000000E+00,  2.6414975E+02,3335,  6.0823038E-02,  0.0000000E+00, -1.4238942E-02,  1.0001904E+03,  1.1325396E+04,3,
 -9.0542305E+01,  0.0000000E+00,  2.6466702E+02,3481,  8.0000972E-03,  0.0000000E+00, -5.4812180E-03,  1.0000105E+03,  6.2421191E+02,3,
 -8.6679504E+01,  0.0000000E+00,  2.6352902E+02,3226,  8.8131917E-04,  0.0000000E+00, -2.6931849E-03,  1.0003582E+03,  2.1321650E+04,3,
 -8.3211159E+01,  0.0000000E+00,  2.6383459E+02,3208,  1.2903221E-02,  0.0000000E+00, -1.0596943E-03,  1.0000385E+03,  2.2865496E+03,3,
 -7.9357010E+01,  0.0000000E+00,  2.6373282E+02,3199,  2.1474320E-03,  0.0000000E+00,  4.1349381E-03,  1.0002039E+03,  1.2131992E+04,3,
 -7.6408577E+01,  0.0000000E+00,  2.6431747E+02,3290,  3.4210156E-03,  0.0000000E+00, -2.3656900E-03,  1.0002028E+03,  1.2062956E+04,3,
 -7.3016335E+01,  0.0000000E+00,  2.6416180E+02,3308,  1.1812389E-02,  0.0000000E+00,  1.3296786E-03,  1.0003251E+03,  1.9347047E+04,3,
 -6.8752777E+01,  0.0000000E+00,  2.6393176E+02,3190,  3.7086252E-02,  0.0000000E+00, -1.2488357E-03,  1.0003080E+03,  1.8332623E+04,3,
 -6.6157295E+01,  0.0000000E+00,  2.6391199E+02,3181,  4.6098992E-02,  0.0000000E+00,  2.1522893E-03,  1.0004193E+03,  2.4962785E+04,3,
 -6.2521572E+01,  0.0000000E+00,  2.6441943E+02,3317,  4.6184342E-02,  0.0000000E+00,  1.9122196E-02,  1.0004521E+03,  2.6920311E+04,3,
 -5.8207211E+01,  0.0000000E+00,  2.6486240E+02,3401,  9.1197006E-02,  0.0000000E+00,  8.4118648E-03,  1.0001625E+03,  9.6688066E+03,3,
 -5.6695019E+01,  0.0000000E+00,  2.6435867E+02,3272,  4.8743047E-02,  0.0000000E+00,  1.1082353E-02,  1.0002775E+03,  1.6514922E+04,3,
 -5.0196262E+01,  0.0000000E+00,  2.6456216E+02,3172,  8.0679595E-02,  0.0000000E+00, -1.7678140E-02,  1.0002380E+03,  1.4159674E+04,3,
 -4.8647778E+01,  0.0000000E+00,  2.6474030E+02,3163,  5.2836943E-02,  0.0000000E+00,  2.8916338E-02,  1.0001749E+03,  1.0402612E+04,3,
 -4.1247002E+01,  0.0000000E+00,  2.6428659E+02,3477,  7.7071875E-02,  0.0000000E+00,  9.9945273E-03,  1.0009897E+03,  5.9023289E+04,3,
  7.0739380E+01,  0.0000000E+00,  2.6234644E+02,3173,  3.5629585E+00,  0.0000000E+00, -4.8510587E-01,  9.9752148E+02, -1.4627620E+05,3,
  6.9507355E+01,  0.0000000E+00,  2.6389694E+02,3338,  5.4695745E+00,  0.0000000E+00, -1.3032755E+00,  9.9727087E+02, -1.6094569E+05,3,
  7.0651382E+01,  0.0000000E+00,  2.6375079E+02,3348,  6.4686937E+00,  0.0000000E+00, -2.3129334E+00,  1.0080645E+03,  4.9125741E+05,3,
  6.8794594E+01,  0.0000000E+00,  2.6475479E+02,3236,  4.4761825E+00,  0.0000000E+00, -2.5248723E+00,  1.0033928E+03,  2.0379519E+05,3,
  7.1441025E+01,  0.0000000E+00,  2.6260229E+02,3164,  6.7648473E+00,  0.0000000E+00,  2.0536347E-01,  9.9844977E+02, -9.1746039E+04,3,
  7.1888885E+01,  0.0000000E+00,  2.6188245E+02,3387,  1.0144456E+01,  0.0000000E+00,  3.5200121E+00,  1.0013380E+03,  7.9871875E+04,3,
  7.1625847E+01,  0.0000000E+00,  2.6338828E+02,3028,  6.9687243E+00,  0.0000000E+00, -1.0266690E+00,  1.0016826E+03,  1.0055139E+05,3,
  1.1150111E+02,  0.0000000E+00,  2.6273877E+02,3376,  7.8071771E+00,  0.0000000E+00, -7.9095286E-01,  9.9994788E+02, -3.0987026E+03,3,
  1.1137833E+02,  0.0000000E+00,  2.6327396E+02,3019,  7.5522957E+00,  0.0000000E+00,  1.2894651E-01,  9.9984650E+02, -9.1227959E+03,3,
  1.1138471E+02,  0.0000000E+00,  2.6340143E+02,3357,  7.5983238E+00,  0.0000000E+00,  1.9858675E-01,  9.9999506E+02, -2.9394666E+02,3,
  1.1215443E+02,  0.0000000E+00,  2.6453799E+02,3385,  6.5378814E+00,  0.0000000E+00, -6.7797345E-01,  9.9969336E+02, -1.8215457E+04,3,
  1.1314474E+02,  0.0000000E+00,  2.6302631E+02,3119,  7.7854748E+00,  0.0000000E+00, -8.0005366E-01,  1.0009596E+03,  5.7220043E+04,3,
  1.1388377E+02,  0.0000000E+00,  2.6338022E+02,3377,  7.4950395E+00,  0.0000000E+00, -6.5564525E-01,  1.0000887E+03,  5.2743765E+03,3,
  1.1413215E+02,  0.0000000E+00,  2.6350824E+02,3378,  7.5046577E+00,  0.0000000E+00, -9.3176734E-01,  9.9999359E+02, -3.8104028E+02,3,
 -3.9733817E+02,  0.0000000E+00,  2.6574734E+02,3820,  2.0120007E-03,  0.0000000E+00,  5.0193928E-03,  9.9999597E+02, -2.3951276E+02,3,
 -3.9659201E+02,  0.0000000E+00,  2.6584518E+02,3815, -3.4146305E-04,  0.0000000E+00, -6.1437284E-04,  1.0001230E+03,  7.3151836E+03,3,
 -3.9702060E+02,  0.0000000E+00,  2.6705127E+02,3828,  1.7726303E-03,  0.0000000E+00, -4.4635651E-04,  1.0003687E+03,  2.1943566E+04,3,
 -3.9471039E+02,  0.0000000E+00,  2.6603458E+02,3821, -3.4014040E-03,  0.0000000E+00, -8.2496181E-03,  1.0002582E+03,  1.5362670E+04,3,
 -3.9369321E+02,  0.0000000E+00,  2.6609335E+02,3822,  7.8334985E-03,  0.0000000E+00, -7.4851909E-03,  1.0002517E+03,  1.4977404E+04,3,
 -3.9265292E+02,  0.0000000E+00,  2.6610764E+02,3823,  7.8601884E-03,  0.0000000E+00, -3.4715820E-03,  1.0002132E+03,  1.2684294E+04,3,
 -3.9169882E+02,  0.0000000E+00,  2.6608490E+02,3824,  5.5168322E-03,  0.0000000E+00, -8.9033972E-05,  1.0001716E+03,  1.0206441E+04,3,
 -3.9055151E+02,  0.0000000E+00,  2.6601654E+02,3825,  1.0546653E-03,  0.0000000E+00,  6.5541081E-04,  1.0001489E+03,  8.8587783E+03,3,
 -3.8948709E+02,  0.0000000E+00,  2.6611438E+02,3827,  4.9820123E-03,  0.0000000E+00, -2.0141476E-03,  1.0001876E+03,  1.1161903E+04,3,
 -3.8830219E+02,  0.0000000E+00,  2.6670215E+02,3826, -6.4884047E-03,  0.0000000E+00, -2.2193936E-03,  1.0002631E+03,  1.5657081E+04,3,
 -3.8603894E+02,  0.0000000E+00,  2.6679654E+02,3818, -1.2004250E-02,  0.0000000E+00,  1.8590284E-03,  1.0002836E+03,  1.6874799E+04,3,
 -3.8695963E+02,  0.0000000E+00,  2.6571323E+02,3812,  4.2522252E-02,  0.0000000E+00,  2.4830776E-03,  1.0000882E+03,  5.2453286E+03,3,
 -3.8498453E+02,  0.0000000E+00,  2.6575726E+02,3813,  5.2267811E-03,  0.0000000E+00,  2.3217169E-03,  1.0001732E+03,  1.0300894E+04,3,
 -3.7806061E+02,  0.0000000E+00,  2.6571365E+02,3788, -8.6624008E-03,  0.0000000E+00,  5.4438808E-04,  1.0002661E+03,  1.5831551E+04,3,
 -3.8318726E+02,  0.0000000E+00,  2.6566891E+02,3805,  9.5817372E-03,  0.0000000E+00, -8.5917190E-03,  1.0001663E+03,  9.8903955E+03,3,
 -3.8059457E+02,  0.0000000E+00,  2.6567719E+02,3785,  4.3920748E-02,  0.0000000E+00, -3.1502200E-03,  1.0001806E+03,  1.0744104E+04,3,
 -3.8339023E+02,  0.0000000E+00,  2.6680551E+02,3814,  8.2165478E-03,  0.0000000E+00, -5.7311580E-03,  1.0002897E+03,  1.7241963E+04,3,
 -3.8110446E+02,  0.0000000E+00,  2.6677209E+02,3806, -1.1087809E-02,  0.0000000E+00, -9.6294321E-03,  1.0002832E+03,  1.6852988E+04,3,
 -3.7945657E+02,  0.0000000E+00,  2.6575684E+02,3804,  6.4570424E-03,  0.0000000E+00,  1.9283006E-04,  1.0002098E+03,  1.2480811E+04,3,
 -3.7764185E+02,  0.0000000E+00,  2.6687457E+02,3819,  4.4105571E-02,  0.0000000E+00, -2.3765170E-03,  1.0002894E+03,  1.7220150E+04,3,
 -3.7615329E+02,  0.0000000E+00,  2.6573203E+02,3795,  3.2073704E-03,  0.0000000E+00,  5.7401261E-03,  1.0002177E+03,  1.2953189E+04,3,
 -3.7461749E+02,  0.0000000E+00,  2.6556750E+02,3798, -2.2478689E-02,  0.0000000E+00,  3.3900647E-05,  1.0001694E+03,  1.0079295E+04,3,
 -3.7477887E+02,  0.0000000E+00,  2.6681689E+02,3807,  4.7421981E-02,  0.0000000E+00, -3.9957819E-04,  1.0002776E+03,  1.6522191E+04,3,
 -3.7194168E+02,  0.0000000E+00,  2.6662491E+02,3796,  2.3778992E-02,  0.0000000E+00, -1.1823839E-02,  1.0002795E+03,  1.6634879E+04,3,
 -3.7299506E+02,  0.0000000E+00,  2.6578455E+02,3787,  5.7393052E-03,  0.0000000E+00, -1.2450349E-02,  1.0001947E+03,  1.1583354E+04,3,
 -3.7023080E+02,  0.0000000E+00,  2.6659543E+02,3817,  2.4107080E-02,  0.0000000E+00, -5.7468074E-03,  1.0002844E+03,  1.6922057E+04,3,
 -3.6980481E+02,  0.0000000E+00,  2.6550284E+02,3799,  3.9507393E-02,  0.0000000E+00, -6.8285321E-05,  1.0000680E+03,  4.0435583E+03,3,
 -3.6827670E+02,  0.0000000E+00,  2.6654025E+02,3810,  1.9014087E-02,  0.0000000E+00, -4.2890207E-04,  1.0002549E+03,  1.5166401E+04,3,
 -3.6623593E+02,  0.0000000E+00,  2.6607019E+02,3797,  1.3200589E-02,  0.0000000E+00, -1.1671944E-02,  1.0002107E+03,  1.2535315E+04,3,
 -3.6772220E+02,  0.0000000E+00,  2.6578555E+02,3786,  2.6188314E-02,  0.0000000E+00,  8.0560532E-04,  1.0001985E+03,  1.1808619E+04,3,
 -3.6496692E+02,  0.0000000E+00,  2.6635049E+02,3808,  3.8409904E-02,  0.0000000E+00, -1.7781761E-02,  1.0002587E+03,  1.5395382E+04,3,
 -3.6346680E+02,  0.0000000E+00,  2.6666736E+02,3809,  3.3128232E-02,  0.0000000E+00, -9.0496000E-03,  1.0002846E+03,  1.6936598E+04,3,
 -3.6274670E+02,  0.0000000E+00,  2.6547855E+02,3779,  5.7658393E-02,  0.0000000E+00,  6.5915077E-03,  1.0001693E+03,  1.0068397E+04,3,
 -3.6160428E+02,  0.0000000E+00,  2.6562665E+02,3778,  3.3512406E-02,  0.0000000E+00,  9.2678973E-03,  1.0002262E+03,  1.3458296E+04,3,
 -3.6065088E+02,  0.0000000E+00,  2.6670337E+02,3800,  4.8211124E-02,  0.0000000E+00, -3.6867545E-03,  1.0002789E+03,  1.6598527E+04,3,
 -3.5977740E+02,  0.0000000E+00,  2.6564838E+02,3758,  2.2516469E-02,  0.0000000E+00, -8.3166817E-03,  1.0002175E+03,  1.2938654E+04,3,
 -3.5828952E+02,  0.0000000E+00,  2.6648184E+02,3801,  5.4173414E-02,  0.0000000E+00, -1.6630055E-02,  1.0002582E+03,  1.5362670E+04,3,
 -3.5700638E+02,  0.0000000E+00,  2.6563528E+02,3768,  6.1580062E-02,  0.0000000E+00, -1.4127419E-02,  1.0001978E+03,  1.1768652E+04,3,
 -3.5603595E+02,  0.0000000E+00,  2.6659769E+02,3790,  5.0233383E-02,  0.0000000E+00, -1.2935429E-02,  1.0002755E+03,  1.6394965E+04,3,
 -3.5483768E+02,  0.0000000E+00,  2.6560861E+02,3749,  4.7560863E-02,  0.0000000E+00, -1.4593812E-02,  1.0002041E+03,  1.2142893E+04,3,
 -3.5359305E+02,  0.0000000E+00,  2.6675647E+02,3789,  4.9091600E-02,  0.0000000E+00, -1.6901141E-02,  1.0002861E+03,  1.7027480E+04,3,
 -3.5278766E+02,  0.0000000E+00,  2.6574875E+02,3759,  6.0634065E-02,  0.0000000E+00, -1.5934199E-02,  1.0002183E+03,  1.2985894E+04,3,
 -3.5069980E+02,  0.0000000E+00,  2.6667651E+02,3792,  7.7489682E-02,  0.0000000E+00, -1.5102031E-02,  1.0002733E+03,  1.6264104E+04,3,
 -3.5157626E+02,  0.0000000E+00,  2.6550903E+02,3769,  2.8688466E-02,  0.0000000E+00, -1.9894110E-02,  1.0001409E+03,  8.3793301E+03,3,
 -3.4907388E+02,  0.0000000E+00,  2.6620554E+02,3781,  5.6499850E-02,  0.0000000E+00,  3.5820459E-03,  1.0002451E+03,  1.4581251E+04,3,
 -3.4779819E+02,  0.0000000E+00,  2.6615033E+02,3791,  6.7546330E-02,  0.0000000E+00,  1.4783061E-02,  1.0002369E+03,  1.4097893E+04,3,
 -3.4656815E+02,  0.0000000E+00,  2.6629385E+02,3782,  4.3338865E-02,  0.0000000E+00,  7.8417733E-03,  1.0002400E+03,  1.4279604E+04,3,
 -3.4547784E+02,  0.0000000E+00,  2.6564334E+02,3761,  3.7856471E-02,  0.0000000E+00, -8.0526164E-03,  1.0002466E+03,  1.4672110E+04,3,
 -3.4317252E+02,  0.0000000E+00,  2.6657874E+02,3780,  6.2060397E-02,  0.0000000E+00, -5.5439631E-03,  1.0002699E+03,  1.6060548E+04,3,
 -3.4434464E+02,  0.0000000E+00,  2.6575754E+02,3742,  3.7127100E-02,  0.0000000E+00, -1.6120352E-02,  1.0002823E+03,  1.6798461E+04,3,
 -3.3659814E+02,  0.0000000E+00,  2.6553522E+02,3723, -2.1552816E-02,  0.0000000E+00,  8.4896125E-02,  1.0002819E+03,  1.6773014E+04,3,
 -3.3902133E+02,  0.0000000E+00,  2.6571906E+02,3722,  8.8826373E-02,  0.0000000E+00,  5.8867600E-02,  1.0003154E+03,  1.8772557E+04,3,
 -3.4261002E+02,  0.0000000E+00,  2.6541913E+02,3752,  7.5224906E-02,  0.0000000E+00, -1.7703841E-02,  1.0002794E+03,  1.6627609E+04,3,
 -3.4098605E+02,  0.0000000E+00,  2.6663800E+02,3783, -4.3730505E-02,  0.0000000E+00, -1.5236398E-03,  1.0002857E+03,  1.7002033E+04,3,
 -3.4013455E+02,  0.0000000E+00,  2.6526187E+02,3753,  1.8003926E-01,  0.0000000E+00,  1.4542072E-04,  1.0001029E+03,  6.1204253E+03,3,
 -3.3848276E+02,  0.0000000E+00,  2.6653860E+02,3770,  1.3332682E-02,  0.0000000E+00,  4.9741626E-02,  1.0002740E+03,  1.6307725E+04,3,
 -3.3631418E+02,  0.0000000E+00,  2.6664429E+02,3772,  1.0537916E-01,  0.0000000E+00,  4.8735637E-02,  1.0002769E+03,  1.6478570E+04,3,
 -3.3458377E+02,  0.0000000E+00,  2.6570718E+02,3743, -6.9146156E-02,  0.0000000E+00,  1.2054382E-02,  1.0002802E+03,  1.6671230E+04,3,
 -3.3328375E+02,  0.0000000E+00,  2.6542831E+02,3754, -8.7142684E-02,  0.0000000E+00,  2.8972002E-02,  1.0000554E+03,  3.2920723E+03,3,
 -3.3364346E+02,  0.0000000E+00,  2.6673630E+02,3771,  2.2246902E-01,  0.0000000E+00,  2.7819600E-02,  1.0002878E+03,  1.7125633E+04,3,
 -3.3159369E+02,  0.0000000E+00,  2.6565134E+02,3744, -8.0219701E-02,  0.0000000E+00, -2.8329812E-02,  1.0001304E+03,  7.7582612E+03,3,
 -3.3114786E+02,  0.0000000E+00,  2.6684824E+02,3774,  1.0811628E-01,  0.0000000E+00, -9.8020965E-03,  1.0002922E+03,  1.7391012E+04,3,
 -3.2987958E+02,  0.0000000E+00,  2.6589801E+02,3751,  3.5264619E-02,  0.0000000E+00, -2.6601113E-02,  1.0002198E+03,  1.3080372E+04,3,
 -3.2878662E+02,  0.0000000E+00,  2.6559390E+02,3762,  7.1063519E-02,  0.0000000E+00, -8.8928146E-03,  1.0001487E+03,  8.8478809E+03,3,
 -3.2776169E+02,  0.0000000E+00,  2.6678687E+02,3773,  3.5444319E-02,  0.0000000E+00,  6.9844113E-03,  1.0002930E+03,  1.7438271E+04,3,
 -3.2661411E+02,  0.0000000E+00,  2.6565823E+02,3733,  3.9013460E-02,  0.0000000E+00,  1.8485589E-02,  1.0001687E+03,  1.0035703E+04,3,
 -3.2479501E+02,  0.0000000E+00,  2.6562021E+02,3724,  3.3580467E-02,  0.0000000E+00, -9.7521916E-03,  1.0001128E+03,  6.7087075E+03,3,
 -3.2527335E+02,  0.0000000E+00,  2.6676321E+02,3763,  1.7342798E-02,  0.0000000E+00, -5.1276595E-03,  1.0002938E+03,  1.7481896E+04,3,
 -3.2314261E+02,  0.0000000E+00,  2.6571045E+02,3705,  9.6123461E-03,  0.0000000E+00, -2.4721393E-02,  1.0001623E+03,  9.6542764E+03,3,
 -3.2254901E+02,  0.0000000E+00,  2.6680783E+02,3765,  7.8797951E-02,  0.0000000E+00, -2.1537140E-02,  1.0003034E+03,  1.8056311E+04,3,
 -3.2136670E+02,  0.0000000E+00,  2.6561130E+02,3686,  9.1081476E-03,  0.0000000E+00, -1.1334176E-02,  1.0001401E+03,  8.3357451E+03,3,
 -3.2021262E+02,  0.0000000E+00,  2.6664737E+02,3764,  5.0233476E-02,  0.0000000E+00, -1.3228361E-02,  1.0002980E+03,  1.7736381E+04,3,
 -3.1908139E+02,  0.0000000E+00,  2.6566656E+02,3732,  4.7934968E-02,  0.0000000E+00, -8.4988968E-03,  1.0001524E+03,  9.0658193E+03,3,
 -3.1773062E+02,  0.0000000E+00,  2.6674152E+02,3756,  4.0265057E-02,  0.0000000E+00, -1.7165871E-02,  1.0002966E+03,  1.7649129E+04,3,
 -3.1708517E+02,  0.0000000E+00,  2.6556686E+02,3725,  3.7229460E-02,  0.0000000E+00, -2.1159554E-02,  1.0000631E+03,  3.7531223E+03,3,
 -3.1556134E+02,  0.0000000E+00,  2.6672510E+02,3755,  6.1882809E-02,  0.0000000E+00, -1.7677303E-02,  1.0002839E+03,  1.6892977E+04,3,
 -3.1486896E+02,  0.0000000E+00,  2.6571268E+02,3715,  4.1669574E-02,  0.0000000E+00, -1.3210212E-02,  1.0001670E+03,  9.9339873E+03,3,
 -3.1266766E+02,  0.0000000E+00,  2.6652643E+02,3745,  7.1379758E-02,  0.0000000E+00, -8.7804794E-03,  1.0002823E+03,  1.6802096E+04,3,
 -3.1352985E+02,  0.0000000E+00,  2.6567050E+02,3714,  3.3709504E-02,  0.0000000E+00, -1.0240179E-02,  1.0001664E+03,  9.9012939E+03,3,
 -3.1097290E+02,  0.0000000E+00,  2.6655899E+02,3747,  5.0838366E-02,  0.0000000E+00,  2.9051357E-03,  1.0003023E+03,  1.7990869E+04,3,
 -3.0987634E+02,  0.0000000E+00,  2.6549960E+02,3716,  4.2293325E-02,  0.0000000E+00,  5.8858902E-03,  1.0000800E+03,  4.7551631E+03,3,
 -3.0911224E+02,  0.0000000E+00,  2.6660855E+02,3734,  4.7580928E-02,  0.0000000E+00, -4.9220598E-03,  1.0002810E+03,  1.6722123E+04,3,
 -3.0814331E+02,  0.0000000E+00,  2.6568372E+02,3695,  3.7211530E-02,  0.0000000E+00, -2.2911217E-02,  1.0001685E+03,  1.0021172E+04,3,
 -3.0649805E+02,  0.0000000E+00,  2.6553226E+02,3707,  1.0565346E-01,  0.0000000E+00, -1.1199596E-02,  1.0002769E+03,  1.6478570E+04,3,
 -3.0611130E+02,  0.0000000E+00,  2.6677176E+02,3746,  1.0651083E-02,  0.0000000E+00, -8.3988970E-03,  1.0002832E+03,  1.6852988E+04,3,
 -3.0474289E+02,  0.0000000E+00,  2.6591183E+02,3678,  6.8945952E-02,  0.0000000E+00,  8.0249486E-03,  1.0002808E+03,  1.6711217E+04,3,
 -3.0288751E+02,  0.0000000E+00,  2.6578262E+02,3669,  2.9328827E-02,  0.0000000E+00,  4.2167930E-03,  1.0001394E+03,  8.2921602E+03,3,
 -3.0375635E+02,  0.0000000E+00,  2.6591586E+02,3668,  5.8499083E-02,  0.0000000E+00,  8.8079488E-03,  1.0002092E+03,  1.2444476E+04,3,
 -3.0171518E+02,  0.0000000E+00,  2.6640372E+02,3735,  4.0482488E-02,  0.0000000E+00, -2.4091363E-02,  1.0001744E+03,  1.0377183E+04,3,
 -3.0008014E+02,  0.0000000E+00,  2.6622440E+02,3726,  1.0582702E-01,  0.0000000E+00, -3.8451739E-02,  1.0001157E+03,  6.8793887E+03,3,
 -2.9852783E+02,  0.0000000E+00,  2.6645395E+02,3738,  1.1853711E-01,  0.0000000E+00, -2.2962740E-02,  1.0002062E+03,  1.2266432E+04,3,
 -2.9728574E+02,  0.0000000E+00,  2.6563565E+02,3687,  1.2554429E-01,  0.0000000E+00,  1.9056982E-03,  1.0002263E+03,  1.3465564E+04,3,
 -2.9635953E+02,  0.0000000E+00,  2.6583432E+02,3706,  1.0035880E-01,  0.0000000E+00, -1.8955909E-03,  1.0002921E+03,  1.7380105E+04,3,
 -2.9506277E+02,  0.0000000E+00,  2.6674524E+02,3736,  1.4599299E-01,  0.0000000E+00, -3.2300546E-03,  1.0002825E+03,  1.6809367E+04,3,
 -2.9428275E+02,  0.0000000E+00,  2.6576550E+02,3697,  1.1627498E-01,  0.0000000E+00, -2.9653588E-03,  1.0002426E+03,  1.4435878E+04,3,
 -2.9196237E+02,  0.0000000E+00,  2.6645380E+02,3737,  1.4963144E-01,  0.0000000E+00, -3.0531814E-02,  1.0002338E+03,  1.3912551E+04,3,
 -2.9367697E+02,  0.0000000E+00,  2.6551669E+02,3699,  6.6819251E-02,  0.0000000E+00,  3.9201323E-03,  1.0000828E+03,  4.9221797E+03,3,
 -2.9076923E+02,  0.0000000E+00,  2.6630356E+02,3727,  1.3683407E-01,  0.0000000E+00, -2.5313165E-02,  1.0002111E+03,  1.2557117E+04,3,
 -2.8941968E+02,  0.0000000E+00,  2.6572598E+02,3717,  1.9285674E-01,  0.0000000E+00, -1.2419554E-02,  1.0001061E+03,  6.3128843E+03,3,
 -2.8829184E+02,  0.0000000E+00,  2.6645685E+02,3729,  1.3658006E-01,  0.0000000E+00, -1.1430130E-02,  1.0002483E+03,  1.4773874E+04,3,
 -2.8665387E+02,  0.0000000E+00,  2.6557678E+02,3688,  1.8231298E-01,  0.0000000E+00, -1.5354946E-02,  1.0001273E+03,  7.5730381E+03,3,
 -2.8626849E+02,  0.0000000E+00,  2.6658603E+02,3728,  1.2090837E-01,  0.0000000E+00, -1.6208079E-02,  1.0002777E+03,  1.6525826E+04,3,
 -2.8489130E+02,  0.0000000E+00,  2.6565253E+02,3679,  1.5685613E-01,  0.0000000E+00, -2.3013145E-02,  1.0001865E+03,  1.1096508E+04,3,
 -2.8362314E+02,  0.0000000E+00,  2.6655585E+02,3718,  1.0701087E-01,  0.0000000E+00, -2.7912527E-02,  1.0002834E+03,  1.6867529E+04,3,
 -2.8308167E+02,  0.0000000E+00,  2.6555783E+02,3698,  2.0557827E-01,  0.0000000E+00, -2.4063574E-02,  1.0001249E+03,  7.4277671E+03,3,
 -2.8169708E+02,  0.0000000E+00,  2.6550104E+02,3689,  1.4019254E-01,  0.0000000E+00, -2.0569796E-02,  1.0001082E+03,  6.4363506E+03,3,
 -2.8095212E+02,  0.0000000E+00,  2.6673788E+02,3719,  1.5859379E-01,  0.0000000E+00, -1.8704697E-02,  1.0003018E+03,  1.7961785E+04,3,
 -2.7987671E+02,  0.0000000E+00,  2.6572287E+02,3650,  1.5950656E-01,  0.0000000E+00, -7.2994614E-03,  1.0002012E+03,  1.1972121E+04,3,
 -2.7857858E+02,  0.0000000E+00,  2.6557910E+02,3653,  1.3412417E-01,  0.0000000E+00,  1.9645039E-03,  1.0001506E+03,  8.9604814E+03,3,
 -2.7771060E+02,  0.0000000E+00,  2.6668967E+02,3720,  1.8563418E-01,  0.0000000E+00,  6.1701876E-03,  1.0002849E+03,  1.6954775E+04,3,
 -2.7676968E+02,  0.0000000E+00,  2.6574405E+02,3659,  1.6338657E-01,  0.0000000E+00,  2.3048094E-02,  1.0001781E+03,  1.0595154E+04,3,
 -2.7536694E+02,  0.0000000E+00,  2.6556693E+02,3670,  4.3858498E-02,  0.0000000E+00,  3.0649381E-02,  1.0001157E+03,  6.8830205E+03,3,
 -2.7482648E+02,  0.0000000E+00,  2.6640805E+02,3708,  2.6472712E-01,  0.0000000E+00,  8.2321391E-03,  1.0002430E+03,  1.4457684E+04,3,
 -2.7301154E+02,  0.0000000E+00,  2.6644171E+02,3710,  1.1397693E-01,  0.0000000E+00,  1.7259624E-02,  1.0002505E+03,  1.4908350E+04,3,
 -2.7143335E+02,  0.0000000E+00,  2.6561484E+02,3623,  1.9223019E-01,  0.0000000E+00,  9.2977304E-03,  1.0001166E+03,  6.9338623E+03,3,
 -2.7076624E+02,  0.0000000E+00,  2.6669995E+02,3711,  1.5575714E-01,  0.0000000E+00,  8.3920816E-03,  1.0002654E+03,  1.5795203E+04,3,
 -2.6932974E+02,  0.0000000E+00,  2.6574164E+02,3662,  1.5514734E-01,  0.0000000E+00,  7.3818886E-03,  1.0001572E+03,  9.3527783E+03,3,
 -2.6829953E+02,  0.0000000E+00,  2.6550436E+02,3681,  1.3312493E-01,  0.0000000E+00,  1.4875588E-03,  1.0001046E+03,  6.2184697E+03,3,
 -2.6768777E+02,  0.0000000E+00,  2.6657538E+02,3709,  1.5418506E-01,  0.0000000E+00, -1.0645796E-02,  1.0002766E+03,  1.6460395E+04,3,
 -2.6614941E+02,  0.0000000E+00,  2.6626050E+02,3701,  1.6449568E-01,  0.0000000E+00, -2.6160313E-02,  1.0002699E+03,  1.6060548E+04,3,
 -2.6484753E+02,  0.0000000E+00,  2.6605997E+02,3700,  1.7731972E-01,  0.0000000E+00, -2.4380494E-02,  1.0002381E+03,  1.4166942E+04,3,
 -2.6258133E+02,  0.0000000E+00,  2.6569879E+02,3651,  2.7367932E-01,  0.0000000E+00, -4.0761349E-03,  1.0001871E+03,  1.1132839E+04,3,
 -2.6313092E+02,  0.0000000E+00,  2.6656577E+02,3702,  1.0619394E-01,  0.0000000E+00, -3.3415131E-02,  1.0002504E+03,  1.4897446E+04,3,
 -2.6113245E+02,  0.0000000E+00,  2.6582663E+02,3652,  1.9221961E-01,  0.0000000E+00, -9.1727925E-03,  1.0001829E+03,  1.0882158E+04,3,
 -2.5595174E+02,  0.0000000E+00,  2.6541446E+02,3597,  1.0360156E-01,  0.0000000E+00,  2.1893803E-03,  1.0000901E+03,  5.3615195E+03,3,
 -2.6023077E+02,  0.0000000E+00,  2.6586343E+02,3605,  1.8782061E-01,  0.0000000E+00, -2.1792767E-03,  1.0001876E+03,  1.1161903E+04,3,
 -2.5879922E+02,  0.0000000E+00,  2.6552689E+02,3663,  2.5165096E-01,  0.0000000E+00,  1.5968407E-02,  1.0001701E+03,  1.0119255E+04,3,
 -2.5836166E+02,  0.0000000E+00,  2.6657291E+02,3680,  1.6729490E-01,  0.0000000E+00,  2.6448116E-02,  1.0002778E+03,  1.6529461E+04,3,
 -2.5649997E+02,  0.0000000E+00,  2.6643921E+02,3692,  1.6343771E-01,  0.0000000E+00,  1.4808045E-02,  1.0002870E+03,  1.7078373E+04,3,
 -2.5474564E+02,  0.0000000E+00,  2.6618796E+02,3690,  2.1937872E-01,  0.0000000E+00, -4.5449710E-03,  1.0002675E+03,  1.5918787E+04,3,
 -2.5323167E+02,  0.0000000E+00,  2.6651028E+02,3693,  1.7713629E-01,  0.0000000E+00,  6.9339210E-03,  1.0002635E+03,  1.5682524E+04,3,
 -2.5238748E+02,  0.0000000E+00,  2.6563196E+02,3671,  1.4421123E-01,  0.0000000E+00,  4.3433164E-03,  1.0001601E+03,  9.5235049E+03,3,
 -2.5119792E+02,  0.0000000E+00,  2.6579596E+02,3643,  1.6724733E-01,  0.0000000E+00, -1.0164073E-02,  1.0001776E+03,  1.0566091E+04,3,
 -2.5014035E+02,  0.0000000E+00,  2.6569055E+02,3654,  1.8765150E-01,  0.0000000E+00, -1.8934503E-02,  1.0001954E+03,  1.1623319E+04,3,
 -2.4916159E+02,  0.0000000E+00,  2.6658475E+02,3691,  1.5550289E-01,  0.0000000E+00, -2.5020523E-02,  1.0002662E+03,  1.5838820E+04,3,
 -2.4798077E+02,  0.0000000E+00,  2.6576660E+02,3661,  1.7664859E-01,  0.0000000E+00, -3.6362596E-02,  1.0002116E+03,  1.2589819E+04,3,
 -2.4697005E+02,  0.0000000E+00,  2.6556714E+02,3645,  1.3397983E-01,  0.0000000E+00, -4.7284629E-02,  1.0001559E+03,  9.2764980E+03,3,
 -2.4586716E+02,  0.0000000E+00,  2.6659039E+02,3683,  2.0698151E-01,  0.0000000E+00, -3.1522810E-02,  1.0002539E+03,  1.5108248E+04,3,
 -2.4355167E+02,  0.0000000E+00,  2.6628360E+02,3682,  1.6229327E-01,  0.0000000E+00, -3.9573587E-03,  1.0002294E+03,  1.3647264E+04,3,
 -2.4505504E+02,  0.0000000E+00,  2.6565720E+02,3633,  1.7964014E-01,  0.0000000E+00, -1.6910199E-02,  1.0001558E+03,  9.2656006E+03,3,
 -2.4201648E+02,  0.0000000E+00,  2.6642175E+02,3684,  1.7433017E-01,  0.0000000E+00,  5.0753639E-03,  1.0002418E+03,  1.4388632E+04,3,
 -2.4069740E+02,  0.0000000E+00,  2.6561237E+02,3614,  2.3279087E-01,  0.0000000E+00,  3.9680123E-02,  1.0001325E+03,  7.8817456E+03,3,
 -2.3979770E+02,  0.0000000E+00,  2.6647485E+02,3672,  1.6095142E-01,  0.0000000E+00,  2.9256620E-02,  1.0002455E+03,  1.4610326E+04,3,
 -2.3862479E+02,  0.0000000E+00,  2.6587427E+02,3615,  1.8914562E-01,  0.0000000E+00,  2.9416861E-02,  1.0001954E+03,  1.1626953E+04,3,
 -2.3764925E+02,  0.0000000E+00,  2.6564041E+02,3627,  1.5655859E-01,  0.0000000E+00,  1.7225569E-02,  1.0001610E+03,  9.5779932E+03,3,
 -2.3572821E+02,  0.0000000E+00,  2.6647308E+02,3674,  1.8637635E-01,  0.0000000E+00,  2.5791661E-03,  1.0002787E+03,  1.6587623E+04,3,
 -2.3671786E+02,  0.0000000E+00,  2.6565036E+02,3625,  1.8636785E-01,  0.0000000E+00,  5.6256680E-04,  1.0001934E+03,  1.1503422E+04,3,
 -2.3419441E+02,  0.0000000E+00,  2.6638849E+02,3675,  1.8146551E-01,  0.0000000E+00,  4.3183365E-03,  1.0002689E+03,  1.6002390E+04,3,
 -2.3288875E+02,  0.0000000E+00,  2.6609549E+02,3673,  1.8181220E-01,  0.0000000E+00,  7.1183504E-03,  1.0002062E+03,  1.2270064E+04,3,
 -2.3121603E+02,  0.0000000E+00,  2.6629349E+02,3665,  2.0165803E-01,  0.0000000E+00,  1.5283770E-02,  1.0002252E+03,  1.3396520E+04,3,
 -2.2870767E+02,  0.0000000E+00,  2.6573218E+02,3626,  1.8299043E-01,  0.0000000E+00,  7.5473581E-03,  1.0001906E+03,  1.1336295E+04,3,
 -2.2963892E+02,  0.0000000E+00,  2.6638916E+02,3664,  1.7868103E-01,  0.0000000E+00,  1.1559754E-02,  1.0002467E+03,  1.4679380E+04,3,
 -2.2772255E+02,  0.0000000E+00,  2.6575192E+02,3635,  1.6148520E-01,  0.0000000E+00,  4.7574462E-03,  1.0001469E+03,  8.7389141E+03,3,
 -2.2674586E+02,  0.0000000E+00,  2.6571747E+02,3579,  1.7722988E-01,  0.0000000E+00, -2.4774859E-03,  1.0001412E+03,  8.4011230E+03,3,
 -2.2568608E+02,  0.0000000E+00,  2.6657211E+02,3666,  1.9174452E-01,  0.0000000E+00, -1.2654881E-03,  1.0002788E+03,  1.6591258E+04,3,
 -2.2436389E+02,  0.0000000E+00,  2.6619379E+02,3644,  1.3842107E-01,  0.0000000E+00, -1.1838899E-03,  1.0002458E+03,  1.4628498E+04,3,
 -2.2277370E+02,  0.0000000E+00,  2.6621246E+02,3656,  2.1789101E-01,  0.0000000E+00, -7.4643004E-03,  1.0001942E+03,  1.1550654E+04,3,
 -2.2113922E+02,  0.0000000E+00,  2.6627869E+02,3655,  2.1316712E-01,  0.0000000E+00,  1.7065873E-03,  1.0002134E+03,  1.2698829E+04,3,
 -2.2005016E+02,  0.0000000E+00,  2.6569046E+02,3598,  1.8435602E-01,  0.0000000E+00, -4.8275441E-03,  1.0001817E+03,  1.0809498E+04,3,
 -2.1903143E+02,  0.0000000E+00,  2.6570544E+02,3607,  1.6531295E-01,  0.0000000E+00, -1.3504174E-02,  1.0002028E+03,  1.2066590E+04,3,
 -2.1804443E+02,  0.0000000E+00,  2.6660764E+02,3657,  2.0722705E-01,  0.0000000E+00, -1.0394550E-02,  1.0002643E+03,  1.5726142E+04,3,
 -2.1685051E+02,  0.0000000E+00,  2.6575366E+02,3580,  2.0451057E-01,  0.0000000E+00, -9.2913229E-03,  1.0001866E+03,  1.1100141E+04,3,
 -2.1582153E+02,  0.0000000E+00,  2.6567859E+02,3581,  1.7954360E-01,  0.0000000E+00, -5.2912622E-03,  1.0001620E+03,  9.6397461E+03,3,
 -2.1496002E+02,  0.0000000E+00,  2.6622708E+02,3646,  1.7484930E-01,  0.0000000E+00, -7.9936357E-03,  1.0002323E+03,  1.3821698E+04,3,
 -2.1356839E+02,  0.0000000E+00,  2.6552380E+02,3524,  2.5301573E-01,  0.0000000E+00, -1.7638117E-02,  1.0001755E+03,  1.0438940E+04,3,
 -2.1282565E+02,  0.0000000E+00,  2.6645471E+02,3647,  1.4563808E-01,  0.0000000E+00, -2.7266990E-03,  1.0002802E+03,  1.6674865E+04,3,
 -2.1106555E+02,  0.0000000E+00,  2.6631540E+02,3636,  2.1064334E-01,  0.0000000E+00, -2.6644606E-03,  1.0002795E+03,  1.6634879E+04,3,
 -2.1077850E+02,  0.0000000E+00,  2.6538797E+02,3552,  1.7036279E-01,  0.0000000E+00,  4.3457770E-03,  1.0002025E+03,  1.2044789E+04,3,
 -2.0909242E+02,  0.0000000E+00,  2.6649057E+02,3648,  1.9468418E-01,  0.0000000E+00,  1.6755625E-03,  1.0002639E+03,  1.5704333E+04,3,
 -2.0814606E+02,  0.0000000E+00,  2.6568567E+02,3588,  1.9326325E-01,  0.0000000E+00,  1.9443370E-03,  1.0001988E+03,  1.1826785E+04,3,
 -2.0701295E+02,  0.0000000E+00,  2.6575409E+02,3616,  1.6111678E-01,  0.0000000E+00, -7.0635085E-03,  1.0002023E+03,  1.2037522E+04,3,
 -2.0609930E+02,  0.0000000E+00,  2.6568146E+02,3608,  2.1697365E-01,  0.0000000E+00, -8.0153886E-03,  1.0002131E+03,  1.2680661E+04,3,
 -2.0484216E+02,  0.0000000E+00,  2.6654074E+02,3638,  1.8379769E-01,  0.0000000E+00, -5.3775967E-03,  1.0002555E+03,  1.5202747E+04,3,
 -2.0402197E+02,  0.0000000E+00,  2.6557034E+02,3609,  2.0053929E-01,  0.0000000E+00, -3.7810549E-03,  1.0002120E+03,  1.2615255E+04,3,
 -2.0269962E+02,  0.0000000E+00,  2.6572388E+02,3515,  1.6299462E-01,  0.0000000E+00, -1.1124383E-02,  1.0002201E+03,  1.3094907E+04,3,
 -2.0163069E+02,  0.0000000E+00,  2.6641483E+02,3637,  2.0655793E-01,  0.0000000E+00, -1.0640205E-02,  1.0002515E+03,  1.4966501E+04,3,
 -2.0093306E+02,  0.0000000E+00,  2.6556555E+02,3479,  1.8553917E-01,  0.0000000E+00, -8.1418743E-03,  1.0001994E+03,  1.1863119E+04,3,
 -1.9953629E+02,  0.0000000E+00,  2.6628461E+02,3639,  1.8519779E-01,  0.0000000E+00, -4.5816409E-03,  1.0002409E+03,  1.4334117E+04,3,
 -1.9829875E+02,  0.0000000E+00,  2.6604178E+02,3617,  1.7962599E-01,  0.0000000E+00, -7.1972772E-03,  1.0002090E+03,  1.2437208E+04,3,
 -1.9690425E+02,  0.0000000E+00,  2.6624460E+02,3629,  2.1324797E-01,  0.0000000E+00, -1.4892879E-03,  1.0002251E+03,  1.3392885E+04,3,
 -1.9551999E+02,  0.0000000E+00,  2.6633194E+02,3628,  2.0666367E-01,  0.0000000E+00,  1.2636257E-02,  1.0002324E+03,  1.3828966E+04,3,
 -1.9440851E+02,  0.0000000E+00,  2.6562494E+02,3600,  1.8763514E-01,  0.0000000E+00,  1.7895861E-02,  1.0001602E+03,  9.5271377E+03,3,
 -1.9356529E+02,  0.0000000E+00,  2.6592560E+02,3561,  1.7869259E-01,  0.0000000E+00,  1.1590289E-02,  1.0001954E+03,  1.1623319E+04,3,
 -1.9246333E+02,  0.0000000E+00,  2.6575006E+02,3590,  2.0844205E-01,  0.0000000E+00,  2.7323340E-04,  1.0002097E+03,  1.2477178E+04,3,
 -1.9121008E+02,  0.0000000E+00,  2.6652667E+02,3630,  1.7675887E-01,  0.0000000E+00,  8.3819386E-03,  1.0002694E+03,  1.6031469E+04,3,
 -1.9065970E+02,  0.0000000E+00,  2.6551041E+02,3470,  1.9889189E-01,  0.0000000E+00,  9.3878731E-03,  1.0001976E+03,  1.1757752E+04,3,
 -1.8918654E+02,  0.0000000E+00,  2.6646149E+02,3618,  1.9657069E-01,  0.0000000E+00,  1.3811947E-02,  1.0002803E+03,  1.6678500E+04,3,
 -1.8786098E+02,  0.0000000E+00,  2.6558066E+02,3571,  1.6280280E-01,  0.0000000E+00,  1.5924787E-02,  1.0001975E+03,  1.1750485E+04,3,
 -1.8670599E+02,  0.0000000E+00,  2.6668066E+02,3620,  2.3634815E-01,  0.0000000E+00,  1.4268992E-02,  1.0002753E+03,  1.6380425E+04,3,
 -1.8561758E+02,  0.0000000E+00,  2.6583246E+02,3599,  1.7684920E-01,  0.0000000E+00,  5.6701517E-03,  1.0001777E+03,  1.0573356E+04,3,
 -1.8525888E+02,  0.0000000E+00,  2.6556778E+02,3591,  1.3694322E-01,  0.0000000E+00,  6.4522591E-03,  1.0000756E+03,  4.4937515E+03,3,
 -1.8359447E+02,  0.0000000E+00,  2.6642444E+02,3621,  2.0429242E-01,  0.0000000E+00, -1.4503639E-02,  1.0002451E+03,  1.4581251E+04,3,
 -1.8234030E+02,  0.0000000E+00,  2.6617905E+02,3619,  2.0329419E-01,  0.0000000E+00, -1.3569342E-02,  1.0002226E+03,  1.3243896E+04,3,
 -1.8115782E+02,  0.0000000E+00,  2.6598993E+02,3589,  2.0772709E-01,  0.0000000E+00, -1.6372925E-02,  1.0001902E+03,  1.1318129E+04,3,
 -1.7992160E+02,  0.0000000E+00,  2.6617932E+02,3611,  1.9154114E-01,  0.0000000E+00, -2.2278434E-02,  1.0002086E+03,  1.2408140E+04,3,
 -1.7804895E+02,  0.0000000E+00,  2.6538431E+02,3562,  3.7798470E-01,  0.0000000E+00, -5.8616311E-03,  1.0002585E+03,  1.5384479E+04,3,
 -1.7796910E+02,  0.0000000E+00,  2.6608487E+02,3610,  5.6837272E-02,  0.0000000E+00, -4.5756169E-02,  1.0002295E+03,  1.3654531E+04,3,
 -1.7556004E+02,  0.0000000E+00,  2.6554630E+02,3544,  2.7122751E-01,  0.0000000E+00, -6.8097543E-03,  1.0003149E+03,  1.8739834E+04,3,
 -1.7632199E+02,  0.0000000E+00,  2.6639050E+02,3612,  2.1336807E-01,  0.0000000E+00, -2.2495171E-02,  1.0002740E+03,  1.6304089E+04,3,
 -1.7436328E+02,  0.0000000E+00,  2.6530515E+02,3554,  2.8037560E-01,  0.0000000E+00,  8.2587421E-02,  1.0001718E+03,  1.0217340E+04,3,
 -1.7331381E+02,  0.0000000E+00,  2.6640512E+02,3602,  2.0930888E-01,  0.0000000E+00,  3.8958102E-02,  1.0002639E+03,  1.5700698E+04,3,
 -1.7210616E+02,  0.0000000E+00,  2.6533322E+02,3563,  2.0148341E-01,  0.0000000E+00,  3.8445398E-02,  1.0001644E+03,  9.7777842E+03,3,
 -1.7137378E+02,  0.0000000E+00,  2.6639969E+02,3601,  2.4154684E-01,  0.0000000E+00,  7.7380342E-03,  1.0002621E+03,  1.5598925E+04,3,
 -1.7022850E+02,  0.0000000E+00,  2.6576526E+02,3553,  2.5590193E-01,  0.0000000E+00, -1.3258974E-02,  1.0002151E+03,  1.2796938E+04,3,
 -1.6908524E+02,  0.0000000E+00,  2.6554556E+02,3573,  2.8319860E-01,  0.0000000E+00, -1.9523527E-02,  1.0001732E+03,  1.0304526E+04,3,
 -1.6780609E+02,  0.0000000E+00,  2.6651389E+02,3603,  2.1810730E-01,  0.0000000E+00, -1.6562177E-02,  1.0002609E+03,  1.5522596E+04,3,
 -1.6707858E+02,  0.0000000E+00,  2.6552261E+02,3555,  2.7239564E-01,  0.0000000E+00, -2.4958853E-02,  1.0001529E+03,  9.0948779E+03,3,
 -1.6563568E+02,  0.0000000E+00,  2.6634985E+02,3582,  2.3275678E-01,  0.0000000E+00, -3.3348098E-02,  1.0002433E+03,  1.4479489E+04,3,
 -1.6486267E+02,  0.0000000E+00,  2.6568341E+02,3452,  2.1933649E-01,  0.0000000E+00, -5.1884983E-02,  1.0001429E+03,  8.5028223E+03,3,
 -1.6335541E+02,  0.0000000E+00,  2.6544571E+02,3509,  3.5356259E-01,  0.0000000E+00, -5.3787790E-02,  1.0001349E+03,  8.0233911E+03,3,
 -1.6278125E+02,  0.0000000E+00,  2.6646088E+02,3593,  1.4048804E-01,  0.0000000E+00, -1.7760340E-02,  1.0002592E+03,  1.5420825E+04,3,
 -1.6162839E+02,  0.0000000E+00,  2.6538388E+02,3471,  2.6767877E-01,  0.0000000E+00,  4.6248022E-03,  1.0002902E+03,  1.7271045E+04,3,
 -1.6053233E+02,  0.0000000E+00,  2.6621426E+02,3592,  2.5623232E-01,  0.0000000E+00, -5.0280932E-03,  1.0002713E+03,  1.6144150E+04,3,
 -1.5917003E+02,  0.0000000E+00,  2.6521744E+02,3416,  2.2460735E-01,  0.0000000E+00,  1.1118036E-02,  1.0004191E+03,  2.4948232E+04,3,
 -1.5798123E+02,  0.0000000E+00,  2.6632928E+02,3594,  2.4925436E-01,  0.0000000E+00, -2.4016846E-03,  1.0002715E+03,  1.6158690E+04,3,
 -1.5707553E+02,  0.0000000E+00,  2.6561478E+02,3572,  2.3963769E-01,  0.0000000E+00,  2.2504285E-03,  1.0003356E+03,  1.9976113E+04,3,
 -1.5499075E+02,  0.0000000E+00,  2.6617862E+02,3584,  3.5551253E-01,  0.0000000E+00, -6.7103595E-02,  1.0002261E+03,  1.3454662E+04,3,
 -1.5541818E+02,  0.0000000E+00,  2.6534857E+02,3534,  6.8952031E-02,  0.0000000E+00, -5.2997161E-02,  1.0002075E+03,  1.2342735E+04,3,
 -1.5332838E+02,  0.0000000E+00,  2.6612088E+02,3583,  2.2682700E-01,  0.0000000E+00, -8.1061423E-02,  1.0002560E+03,  1.5231823E+04,3,
 -1.5237520E+02,  0.0000000E+00,  2.6533835E+02,3516,  2.3985687E-01,  0.0000000E+00, -9.8689787E-02,  1.0002719E+03,  1.6176865E+04,3,
 -1.5118205E+02,  0.0000000E+00,  2.6640573E+02,3585,  3.1167299E-01,  0.0000000E+00, -2.0625183E-02,  1.0002643E+03,  1.5729776E+04,3,
 -1.5032863E+02,  0.0000000E+00,  2.6550952E+02,3488,  2.4743141E-01,  0.0000000E+00,  2.2139678E-02,  1.0002371E+03,  1.4105161E+04,3,
 -1.4901440E+02,  0.0000000E+00,  2.6541711E+02,3525,  1.8313120E-01,  0.0000000E+00,  2.7849130E-02,  1.0001107E+03,  6.5816069E+03,3,
 -1.4833974E+02,  0.0000000E+00,  2.6635229E+02,3575,  2.6292497E-01,  0.0000000E+00,  2.8313406E-02,  1.0002419E+03,  1.4395900E+04,3,
 -1.4669777E+02,  0.0000000E+00,  2.6533057E+02,3507,  3.3654392E-01,  0.0000000E+00,  9.3223445E-02,  1.0003001E+03,  1.7859988E+04,3,
 -1.4581589E+02,  0.0000000E+00,  2.6634308E+02,3574,  2.1912217E-01,  0.0000000E+00,  3.9911479E-02,  1.0002695E+03,  1.6035104E+04,3,
 -1.4460423E+02,  0.0000000E+00,  2.6564795E+02,3499,  2.0744573E-01,  0.0000000E+00,  7.3205968E-03,  1.0002943E+03,  1.7514617E+04,3,
 -1.4361934E+02,  0.0000000E+00,  2.6538998E+02,3510,  2.8331694E-01,  0.0000000E+00, -1.2273498E-02,  1.0002319E+03,  1.3796260E+04,3,
 -1.4144055E+02,  0.0000000E+00,  2.6599942E+02,3564,  2.2125788E-01,  0.0000000E+00,  8.4123556E-03,  1.0002043E+03,  1.2157427E+04,3,
 -1.4286375E+02,  0.0000000E+00,  2.6540631E+02,3518,  3.0932191E-01,  0.0000000E+00, -2.4207766E-04,  1.0001474E+03,  8.7679717E+03,3,
 -1.4016966E+02,  0.0000000E+00,  2.6610461E+02,3576,  1.6510119E-01,  0.0000000E+00, -5.9072100E-02,  1.0002558E+03,  1.5220920E+04,3,
 -1.3871440E+02,  0.0000000E+00,  2.6622791E+02,3545,  2.5145659E-01,  0.0000000E+00, -1.0078111E-01,  1.0002647E+03,  1.5751585E+04,3,
 -1.3757759E+02,  0.0000000E+00,  2.6555621E+02,3444,  3.2765725E-01,  0.0000000E+00, -8.4577665E-02,  1.0001748E+03,  1.0398979E+04,3,
 -1.3714282E+02,  0.0000000E+00,  2.6529156E+02,3526,  3.2558900E-01,  0.0000000E+00, -6.8611547E-02,  1.0000529E+03,  3.1432339E+03,3,
 -1.3564708E+02,  0.0000000E+00,  2.6653836E+02,3566,  1.9990005E-01,  0.0000000E+00, -1.2015275E-02,  1.0002849E+03,  1.6951139E+04,3,
 -1.3437631E+02,  0.0000000E+00,  2.6570731E+02,3527,  2.7838978E-01,  0.0000000E+00,  2.4879243E-02,  1.0001544E+03,  9.1820547E+03,3,
 -1.3361432E+02,  0.0000000E+00,  2.6559164E+02,3519,  3.0328628E-01,  0.0000000E+00,  3.6839224E-02,  1.0001171E+03,  6.9665464E+03,3,
 -1.3304810E+02,  0.0000000E+00,  2.6542603E+02,3528,  2.3612720E-01,  0.0000000E+00,  6.0835287E-02,  1.0000524E+03,  3.1178228E+03,3,
 -1.3167874E+02,  0.0000000E+00,  2.6629684E+02,3565,  2.5849518E-01,  0.0000000E+00,  5.1455367E-02,  1.0002670E+03,  1.5889708E+04,3,
 -1.3019386E+02,  0.0000000E+00,  2.6608929E+02,3567,  2.2380963E-01,  0.0000000E+00,  4.4003762E-02,  1.0002258E+03,  1.3432858E+04,3,
 -1.2895016E+02,  0.0000000E+00,  2.6598901E+02,3557,  2.7967525E-01,  0.0000000E+00,  3.5266891E-02,  1.0001744E+03,  1.0377183E+04,3,
 -1.2781446E+02,  0.0000000E+00,  2.6574518E+02,3535,  2.6460239E-01,  0.0000000E+00,  5.1999159E-02,  1.0001106E+03,  6.5779751E+03,3,
 -1.2611460E+02,  0.0000000E+00,  2.6611227E+02,3556,  2.0456438E-01,  0.0000000E+00,  6.9860153E-02,  1.0001883E+03,  1.1201868E+04,3,
 -1.2483244E+02,  0.0000000E+00,  2.6550412E+02,3417,  2.1511635E-01,  0.0000000E+00,  5.7307493E-02,  1.0001227E+03,  7.3006567E+03,3,
 -1.2385194E+02,  0.0000000E+00,  2.6617068E+02,3536,  1.4086843E-01,  0.0000000E+00,  2.5211712E-02,  1.0002221E+03,  1.3214824E+04,3,
 -1.2253401E+02,  0.0000000E+00,  2.6556183E+02,3517,  2.1601906E-01,  0.0000000E+00,  7.9344576E-03,  1.0001953E+03,  1.1616053E+04,3,
 -1.2201247E+02,  0.0000000E+00,  2.6528384E+02,3537,  2.9646409E-01,  0.0000000E+00,  1.1866963E-02,  1.0001703E+03,  1.0130153E+04,3,
 -1.2063450E+02,  0.0000000E+00,  2.6625565E+02,3558,  1.3996670E-01,  0.0000000E+00,  5.4884031E-02,  1.0002851E+03,  1.6965680E+04,3,
 -1.1924501E+02,  0.0000000E+00,  2.6620264E+02,3546,  1.5458558E-01,  0.0000000E+00,  3.4094416E-02,  1.0002697E+03,  1.6046008E+04,3,
 -1.1804542E+02,  0.0000000E+00,  2.6536169E+02,3500,  1.7174898E-01,  0.0000000E+00,  1.7612912E-02,  1.0001566E+03,  9.3164541E+03,3,
 -1.1701958E+02,  0.0000000E+00,  2.6559930E+02,3434,  1.4379536E-01,  0.0000000E+00,  6.4761923E-03,  1.0001985E+03,  1.1808619E+04,3,
 -1.1613454E+02,  0.0000000E+00,  2.6552255E+02,3435,  1.9891603E-01,  0.0000000E+00,  3.0577690E-03,  1.0002318E+03,  1.3792625E+04,3,
 -1.1497038E+02,  0.0000000E+00,  2.6627252E+02,3548,  1.3663946E-01,  0.0000000E+00,  1.4790268E-02,  1.0002622E+03,  1.5602560E+04,3,
 -1.1337043E+02,  0.0000000E+00,  2.6521722E+02,3362,  1.2259132E-01,  0.0000000E+00,  6.0581014E-02,  1.0003344E+03,  1.9899750E+04,3,
 -1.1293050E+02,  0.0000000E+00,  2.6630066E+02,3549,  2.9588136E-01,  0.0000000E+00,  4.9712796E-02,  1.0002616E+03,  1.5566213E+04,3,
 -1.1110286E+02,  0.0000000E+00,  2.6609625E+02,3547,  3.6044396E-02,  0.0000000E+00,  1.2519618E-02,  1.0002571E+03,  1.5300881E+04,3,
 -1.0977840E+02,  0.0000000E+00,  2.6580103E+02,3538,  1.0817788E-01,  0.0000000E+00, -5.6106020E-02,  1.0002073E+03,  1.2331835E+04,3,
 -1.0870980E+02,  0.0000000E+00,  2.6567001E+02,3425,  2.3230200E-01,  0.0000000E+00, -4.4738639E-02,  1.0001953E+03,  1.1619687E+04,3,
 -1.0773419E+02,  0.0000000E+00,  2.6564410E+02,3398,  2.2735797E-01,  0.0000000E+00,  2.8673476E-02,  1.0002015E+03,  1.1990288E+04,3,
 -1.0661300E+02,  0.0000000E+00,  2.6641327E+02,3539,  1.1800262E-01,  0.0000000E+00,  6.3615598E-02,  1.0002400E+03,  1.4279604E+04,3,
 -1.0538059E+02,  0.0000000E+00,  2.6548477E+02,3426,  5.4367859E-02,  0.0000000E+00,  7.2492577E-02,  1.0002107E+03,  1.2535315E+04,3,
 -1.0020971E+02,  0.0000000E+00,  2.6533658E+02,3462,  1.5171658E-01,  0.0000000E+00, -1.9157013E-02,  1.0002722E+03,  1.6198675E+04,3,
 -1.0457479E+02,  0.0000000E+00,  2.6542267E+02,3381,  1.5950018E-01,  0.0000000E+00,  2.0725146E-02,  1.0002298E+03,  1.3672702E+04,3,
 -1.0325954E+02,  0.0000000E+00,  2.6642459E+02,3540,  2.4868593E-02,  0.0000000E+00, -6.8843779E-03,  1.0002657E+03,  1.5813377E+04,3,
 -1.0238138E+02,  0.0000000E+00,  2.6528348E+02,3408,  3.0947769E-01,  0.0000000E+00, -5.1756274E-02,  1.0002393E+03,  1.4239627E+04,3,
 -1.0096230E+02,  0.0000000E+00,  2.6631290E+02,3530,  1.2987639E-02,  0.0000000E+00, -3.0026084E-02,  1.0002523E+03,  1.5013750E+04,3,
 -9.8831635E+01,  0.0000000E+00,  2.6609094E+02,3529,  1.6529585E-01,  0.0000000E+00, -6.2723376E-02,  1.0002659E+03,  1.5824281E+04,3,
 -9.7043747E+01,  0.0000000E+00,  2.6633420E+02,3531,  2.2261342E-01,  0.0000000E+00, -2.1028731E-02,  1.0002701E+03,  1.6071452E+04,3,
 -9.6125847E+01,  0.0000000E+00,  2.6559796E+02,3453,  1.3098086E-01,  0.0000000E+00, -1.0225694E-02,  1.0002439E+03,  1.4512198E+04,3,
 -9.5026451E+01,  0.0000000E+00,  2.6560403E+02,3454,  1.7130980E-01,  0.0000000E+00,  2.7182499E-02,  1.0001312E+03,  7.8018438E+03,3,
 -9.4245041E+01,  0.0000000E+00,  2.6548926E+02,3463,  2.7942684E-01,  0.0000000E+00,  3.7995487E-02,  1.0000650E+03,  3.8656653E+03,3,
 -9.2892250E+01,  0.0000000E+00,  2.6633578E+02,3521,  8.5327275E-02,  0.0000000E+00,  7.1243338E-02,  1.0003002E+03,  1.7867260E+04,3,
 -9.1551064E+01,  0.0000000E+00,  2.6632385E+02,3520,  1.5256120E-01,  0.0000000E+00,  4.6617106E-02,  1.0003610E+03,  2.1488945E+04,3,
 -8.9447166E+01,  0.0000000E+00,  2.6638754E+02,3490,  1.9492866E-01,  0.0000000E+00,  2.0796705E-02,  1.0003024E+03,  1.7998141E+04,3,
 -8.8722130E+01,  0.0000000E+00,  2.6548990E+02,3482, -1.8158490E-02,  0.0000000E+00, -1.3775497E-02,  1.0002964E+03,  1.7638223E+04,3,
 -8.7324196E+01,  0.0000000E+00,  2.6542462E+02,3474,  1.0363808E-01,  0.0000000E+00, -1.6571478E-03,  1.0000887E+03,  5.2780073E+03,3,
 -8.6887787E+01,  0.0000000E+00,  2.6537201E+02,3437,  1.4344029E-01,  0.0000000E+00, -7.4223184E-04,  1.0000628E+03,  3.7349702E+03,3,
 -8.5528755E+01,  0.0000000E+00,  2.6635052E+02,3522,  3.8552921E-02,  0.0000000E+00,  4.0502924E-02,  1.0002812E+03,  1.6736662E+04,3,
 -8.4169395E+01,  0.0000000E+00,  2.6586096E+02,3491,  7.8724302E-02,  0.0000000E+00,  3.8708955E-02,  1.0002994E+03,  1.7816361E+04,3,
 -8.3096115E+01,  0.0000000E+00,  2.6541135E+02,3217,  2.0374196E-02,  0.0000000E+00,  2.5168771E-02,  1.0003323E+03,  1.9776115E+04,3,
 -8.1602798E+01,  0.0000000E+00,  2.6594620E+02,3512,  1.0821903E-01,  0.0000000E+00,  3.8340962E-03,  1.0002344E+03,  1.3948892E+04,3,
 -8.0992371E+01,  0.0000000E+00,  2.6503232E+02,3472, -4.3258276E-02,  0.0000000E+00, -2.2758590E-02,  1.0002106E+03,  1.2531682E+04,3,
 -7.9589424E+01,  0.0000000E+00,  2.6570636E+02,3511,  9.0828285E-02,  0.0000000E+00, -4.0965145E-03,  1.0002026E+03,  1.2055689E+04,3,
 -7.8431015E+01,  0.0000000E+00,  2.6605707E+02,3513,  5.2234430E-02,  0.0000000E+00,  1.1892861E-02,  1.0002418E+03,  1.4384997E+04,3,
 -7.7178299E+01,  0.0000000E+00,  2.6576315E+02,3501,  3.8618911E-02,  0.0000000E+00,  1.4389258E-02,  1.0002338E+03,  1.3908917E+04,3,
 -7.5475769E+01,  0.0000000E+00,  2.6518387E+02,3427,  1.6396450E-02,  0.0000000E+00, -1.6539497E-02,  1.0002155E+03,  1.2822375E+04,3,
 -7.4808640E+01,  0.0000000E+00,  2.6621182E+02,3503,  5.0677273E-02,  0.0000000E+00, -7.0717689E-03,  1.0002401E+03,  1.4286872E+04,3,
 -7.3605003E+01,  0.0000000E+00,  2.6531540E+02,3380,  6.1625656E-02,  0.0000000E+00, -6.2364885E-03,  1.0001404E+03,  8.3502734E+03,3,
 -7.1962440E+01,  0.0000000E+00,  2.6627597E+02,3502,  1.5241163E-02,  0.0000000E+00, -4.4638827E-03,  1.0002477E+03,  1.4741164E+04,3,
 -7.0989357E+01,  0.0000000E+00,  2.6519119E+02,3464,  5.3390227E-02,  0.0000000E+00, -5.6315213E-03,  1.0001047E+03,  6.2257324E+03,3,
 -7.0476349E+01,  0.0000000E+00,  2.6522513E+02,3473,  4.5018613E-02,  0.0000000E+00, -4.4855503E-03,  1.0001133E+03,  6.7413911E+03,3,
 -6.9276642E+01,  0.0000000E+00,  2.6614902E+02,3504,  2.0970348E-02,  0.0000000E+00, -8.0823787E-03,  1.0002441E+03,  1.4526736E+04,3,
 -6.7728813E+01,  0.0000000E+00,  2.6581097E+02,3492,  4.4715796E-02,  0.0000000E+00, -1.7001852E-02,  1.0002320E+03,  1.3803527E+04,3,
 -6.6119011E+01,  0.0000000E+00,  2.6583188E+02,3483,  6.4591303E-02,  0.0000000E+00, -1.1337106E-03,  1.0002700E+03,  1.6067817E+04,3,
 -6.4781273E+01,  0.0000000E+00,  2.6620471E+02,3494,  2.5831340E-02,  0.0000000E+00, -5.5592726E-03,  1.0003304E+03,  1.9667029E+04,3,
 -6.4256226E+01,  0.0000000E+00,  2.6498996E+02,3446,  6.7145206E-02,  0.0000000E+00,  8.8185375E-04,  9.9955566E+02, -2.6384109E+04,3,
 -6.0539875E+01,  0.0000000E+00,  2.6513260E+02,3336,  7.3676415E-02,  0.0000000E+00, -1.5646424E-02,  1.0001804E+03,  1.0733206E+04,3,
 -6.3288300E+01,  0.0000000E+00,  2.6615744E+02,3495,  3.3531267E-02,  0.0000000E+00, -1.3127976E-02,  1.0002991E+03,  1.7798184E+04,3,
 -6.1434891E+01,  0.0000000E+00,  2.6577386E+02,3493,  8.4662788E-02,  0.0000000E+00, -2.2778805E-02,  1.0002047E+03,  1.2175594E+04,3,
 -5.9590626E+01,  0.0000000E+00,  2.6520001E+02,3299,  5.3458076E-02,  0.0000000E+00, -7.5094835E-03,  1.0001870E+03,  1.1125572E+04,3,
 -5.8275608E+01,  0.0000000E+00,  2.6618985E+02,3485,  5.7965461E-02,  0.0000000E+00, -8.1462907E-03,  1.0002366E+03,  1.4079722E+04,3,
 -5.6115860E+01,  0.0000000E+00,  2.6610138E+02,3484,  8.6959884E-02,  0.0000000E+00, -1.1387981E-02,  1.0002523E+03,  1.5010115E+04,3,
 -5.2025196E+01,  0.0000000E+00,  2.6515051E+02,3354,  1.0816142E-01,  0.0000000E+00,  9.5404508E-03,  1.0000885E+03,  5.2634834E+03,3,
 -5.5002007E+01,  0.0000000E+00,  2.6551410E+02,3465,  8.4954046E-02,  0.0000000E+00, -1.4981489E-02,  1.0001943E+03,  1.1561554E+04,3,
 -5.4137486E+01,  0.0000000E+00,  2.6531454E+02,3456,  9.2966884E-02,  0.0000000E+00, -9.1794655E-03,  1.0000355E+03,  2.1086877E+03,3,
 -5.3504387E+01,  0.0000000E+00,  2.6536008E+02,3447,  8.0931731E-02,  0.0000000E+00,  5.1615122E-03,  1.0000936E+03,  5.5648569E+03,3,
 -5.2221539E+01,  0.0000000E+00,  2.6644037E+02,3486,  4.1594163E-02,  0.0000000E+00,  1.1213616E-02,  1.0003060E+03,  1.8209010E+04,3,
 -5.0070240E+01,  0.0000000E+00,  2.6609570E+02,3476,  7.4942790E-02,  0.0000000E+00,  3.9049299E-03,  1.0003129E+03,  1.8623486E+04,3,
 -4.6431805E+01,  0.0000000E+00,  2.6535129E+02,3318,  1.4490236E-01,  0.0000000E+00,  1.9031668E-02,  9.9998535E+02, -8.7092767E+02,3,
 -4.7948635E+01,  0.0000000E+00,  2.6603162E+02,3475,  7.5981908E-02,  0.0000000E+00, -9.1441385E-03,  1.0003101E+03,  1.8452604E+04,3,
 -4.6388474E+01,  0.0000000E+00,  2.6585281E+02,3455,  3.9681174E-02,  0.0000000E+00, -2.3576485E-02,  1.0002554E+03,  1.5195478E+04,3,
 -4.4839130E+01,  0.0000000E+00,  2.6587689E+02,3363,  7.7514872E-02,  0.0000000E+00, -1.0260491E-02,  1.0001969E+03,  1.1714152E+04,3,
 -4.3632484E+01,  0.0000000E+00,  2.6572729E+02,3382,  9.2568800E-02,  0.0000000E+00, -6.8214843E-03,  1.0000811E+03,  4.8205171E+03,3,
 -4.3533005E+01,  0.0000000E+00,  2.6572647E+02,3372,  9.6721210E-02,  0.0000000E+00, -1.0109969E-02,  1.0000746E+03,  4.4392915E+03,3,
 -4.3079376E+01,  0.0000000E+00,  2.6576834E+02,3154,  8.4163673E-02,  0.0000000E+00, -3.0256133E-04,  1.0000652E+03,  3.8801870E+03,3,
 -3.7886154E+01,  0.0000000E+00,  2.6564984E+02,3281,  7.9044104E-02,  0.0000000E+00, -9.3435291E-03,  1.0001216E+03,  7.2352866E+03,3,
 -3.7723862E+01,  0.0000000E+00,  2.6566061E+02,3337,  8.7303191E-02,  0.0000000E+00, -6.2103462E-03,  1.0001623E+03,  9.6542764E+03,3,
 -3.9636398E+01,  0.0000000E+00,  2.6594818E+02,3467,  1.1277586E-01,  0.0000000E+00,  6.8464926E-03,  1.0000616E+03,  3.6623628E+03,3,
 -3.9346455E+01,  0.0000000E+00,  2.6593716E+02,3466,  9.9774219E-02,  0.0000000E+00,  1.5844933E-03,  1.0000829E+03,  4.9330723E+03,3,
 -3.6373455E+01,  0.0000000E+00,  2.6581226E+02,3353,  1.2640296E-01,  0.0000000E+00, -6.3726248E-04,  1.0003530E+03,  2.1012523E+04,3,
 -3.5151455E+01,  0.0000000E+00,  2.6538373E+02,3418,  8.4540829E-02,  0.0000000E+00,  7.9508848E-04,  1.0000055E+03,  3.2661761E+02,3,
 -3.4992233E+01,  0.0000000E+00,  2.6539264E+02,3263,  8.3026305E-02,  0.0000000E+00,  1.3361787E-02,  1.0000000E+03,  0.0000000E+00,3,
 -3.3959873E+01,  0.0000000E+00,  2.6670660E+02,3468,  1.0013401E-01,  0.0000000E+00,  2.9165165E-03,  1.0005099E+03,  3.0363287E+04,3,
 -3.2091412E+01,  0.0000000E+00,  2.6560321E+02,3145,  1.0341483E-01,  0.0000000E+00,  9.8993788E-03,  9.9983093E+02, -1.0047302E+04,3,
 -3.2161617E+01,  0.0000000E+00,  2.6557123E+02,3136,  1.1213347E-01,  0.0000000E+00,  8.6261127E-03,  9.9998743E+02, -7.4755090E+02,3,
 -3.1348183E+01,  0.0000000E+00,  2.6702319E+02,3458,  8.5066207E-02,  0.0000000E+00,  9.5067369E-03,  1.0005916E+03,  3.5234988E+04,3,
 -2.9552546E+01,  0.0000000E+00,  2.6605911E+02,3326,  9.0151809E-02,  0.0000000E+00,  7.2086686E-03,  9.9998572E+02, -8.4915546E+02,3,
 -2.9543388E+01,  0.0000000E+00,  2.6606061E+02,3344,  9.0454936E-02,  0.0000000E+00,  6.8802689E-03,  9.9998444E+02, -9.2535815E+02,3,
 -2.8083277E+01,  0.0000000E+00,  2.6639526E+02,3410,  1.1287789E-01,  0.0000000E+00,  4.1599148E-03,  1.0005002E+03,  2.9784521E+04,3,
 -2.7478579E+01,  0.0000000E+00,  2.6618320E+02,3400,  8.9757845E-02,  0.0000000E+00, -5.9825927E-03,  9.9944348E+02, -3.3034254E+04,3,
 -2.6993795E+01,  0.0000000E+00,  2.6617688E+02,3347,  8.4515959E-02,  0.0000000E+00,  1.4443605E-02,  1.0001172E+03,  6.9701777E+03,3,
 -2.5403732E+01,  0.0000000E+00,  2.6753928E+02,3457,  1.0957640E-01,  0.0000000E+00,  6.2054973E-03,  1.0006317E+03,  3.7628023E+04,3,
 -2.4510489E+01,  0.0000000E+00,  2.6628238E+02,3300,  9.2365384E-02,  0.0000000E+00,  7.1338690E-03,  9.9990918E+02, -5.3985181E+03,3,
 -2.4494583E+01,  0.0000000E+00,  2.6628317E+02,3227,  9.2629924E-02,  0.0000000E+00,  7.4174255E-03,  9.9991943E+02, -4.7891553E+03,3,
 -2.3515348E+01,  0.0000000E+00,  2.6638260E+02,3127,  9.4996363E-02,  0.0000000E+00,  3.8862887E-03,  9.9999780E+02, -1.3064403E+02,3,
 -2.1931717E+01,  0.0000000E+00,  2.6642807E+02,3448,  9.3535058E-02,  0.0000000E+00, -3.3740825E-03,  1.0000566E+03,  3.3683074E+03,3,
 -2.1329515E+01,  0.0000000E+00,  2.6638156E+02,3428,  9.4251595E-02,  0.0000000E+00, -3.9634602E-03,  1.0000538E+03,  3.2013169E+03,3,
 -1.9994995E+01,  0.0000000E+00,  2.6622876E+02,3459,  1.0571858E-01,  0.0000000E+00, -1.0673694E-04,  1.0000519E+03,  3.0887815E+03,3,
 -1.9274500E+01,  0.0000000E+00,  2.6622772E+02,3449,  8.6531214E-02,  0.0000000E+00,  3.1837372E-03,  1.0002975E+03,  1.7703660E+04,3,
 -1.7455410E+01,  0.0000000E+00,  2.6638821E+02,3409,  9.6765220E-02,  0.0000000E+00,  9.6427454E-03,  1.0000277E+03,  1.6477142E+03,3,
 -1.7090620E+01,  0.0000000E+00,  2.6644492E+02,3118,  9.6141301E-02,  0.0000000E+00,  7.6705739E-03,  1.0000614E+03,  3.6514717E+03,3,
 -1.6073933E+01,  0.0000000E+00,  2.6655603E+02,3383,  9.1693655E-02,  0.0000000E+00,  2.8597866E-03,  1.0001798E+03,  1.0696876E+04,3,
 -1.5175138E+01,  0.0000000E+00,  2.6650241E+02,3402,  9.3469791E-02,  0.0000000E+00,  1.1306853E-03,  9.9934210E+02, -3.9040137E+04,3,
 -1.4638785E+01,  0.0000000E+00,  2.6685712E+02,3319,  9.7325549E-02,  0.0000000E+00,  6.5153805E-03,  1.0005355E+03,  3.1892266E+04,3,
 -1.3648099E+01,  0.0000000E+00,  2.6651178E+02,3209,  9.3194194E-02,  0.0000000E+00,  6.6974652E-03,  1.0000498E+03,  2.9617268E+03,3,
 -1.2590927E+01,  0.0000000E+00,  2.6646307E+02,3109,  9.2385195E-02,  0.0000000E+00,  6.8619954E-03,  1.0000130E+03,  7.7301245E+02,3,
 -1.1435258E+01,  0.0000000E+00,  2.6640799E+02,3438,  9.3020126E-02,  0.0000000E+00,  4.2782016E-03,  1.0000425E+03,  2.5297532E+03,3,
 -1.1401462E+01,  0.0000000E+00,  2.6640622E+02,3439,  9.2847176E-02,  0.0000000E+00,  4.8269094E-03,  1.0000403E+03,  2.3954458E+03,3,
 -9.5073090E+00,  0.0000000E+00,  2.6637198E+02,3450,  9.4249129E-02,  0.0000000E+00, -2.7853022E-03,  1.0002183E+03,  1.2985894E+04,3,
 -8.3068123E+00,  0.0000000E+00,  2.6640579E+02,3441,  8.9122489E-02,  0.0000000E+00,  3.4339486E-03,  1.0000592E+03,  3.5207795E+03,3,
 -7.6396456E+00,  0.0000000E+00,  2.6646564E+02,3440,  9.4236471E-02,  0.0000000E+00,  4.5666192E-03,  1.0000530E+03,  3.1541245E+03,3,
 -6.4023938E+00,  0.0000000E+00,  2.6657056E+02,3429,  9.2063516E-02,  0.0000000E+00,  3.5168501E-03,  1.0000865E+03,  5.1436626E+03,3,
 -5.2518768E+00,  0.0000000E+00,  2.6660944E+02,3419,  9.1553822E-02,  0.0000000E+00, -2.4312134E-03,  1.0000168E+03,  1.0016615E+03,3,
 -4.5701427E+00,  0.0000000E+00,  2.6659866E+02,3392,  8.6727634E-02,  0.0000000E+00,  6.6183819E-03,  9.9939905E+02, -3.5667023E+04,3,
 -4.2401748E+00,  0.0000000E+00,  2.6692001E+02,3346,  9.6073292E-02,  0.0000000E+00,  4.9856602E-04,  1.0006278E+03,  3.7398527E+04,3,
 -3.4283056E+00,  0.0000000E+00,  2.6664697E+02,3191,  9.4049603E-02,  0.0000000E+00, -1.7326811E-02,  1.0000195E+03,  1.1613560E+03,3,
 -1.2128544E+00,  0.0000000E+00,  2.6670343E+02,3100,  8.6626545E-02,  0.0000000E+00,  1.0629423E-02,  1.0000090E+03,  5.3711023E+02,3,
 -1.2049541E+00,  0.0000000E+00,  2.6670325E+02,3091,  8.6643644E-02,  0.0000000E+00,  1.0503824E-02,  1.0000088E+03,  5.2259338E+02,3,
 -5.3664333E-01,  0.0000000E+00,  2.6666788E+02,3430,  9.5177688E-02,  0.0000000E+00,  2.7795298E-02,  9.9999518E+02, -2.8668881E+02,3,
 -1.9978641E-01,  0.0000000E+00,  2.6664633E+02,3431,  1.0098735E-01,  0.0000000E+00,  2.9856680E-02,  9.9998956E+02, -6.2054382E+02,3,
  3.1098337E+00,  0.0000000E+00,  2.6680887E+02,3420,  6.8721756E-02,  0.0000000E+00,  8.6135948E-03,  1.0001729E+03,  1.0282729E+04,3,
  3.4616213E+00,  0.0000000E+00,  2.6686380E+02,3411,  7.8716129E-02,  0.0000000E+00, -4.3479532E-02,  1.0003482E+03,  2.0725227E+04,3,
  3.8386900E+00,  0.0000000E+00,  2.6706369E+02,3356,  8.2033440E-02,  0.0000000E+00, -1.1657463E-02,  1.0007238E+03,  4.3130172E+04,3,
  4.6745505E+00,  0.0000000E+00,  2.6697821E+02,3384,  7.5148471E-02,  0.0000000E+00,  9.3827443E-03,  9.9782013E+02, -1.2876609E+05,3,
  4.9991903E+00,  0.0000000E+00,  2.6708221E+02,3365,  7.9602785E-02,  0.0000000E+00, -1.0349777E-02,  1.0003454E+03,  2.0557943E+04,3,
  6.4657755E+00,  0.0000000E+00,  2.6718051E+02,3082,  9.8106086E-02,  0.0000000E+00,  2.0713327E-02,  1.0005861E+03,  3.4907223E+04,3,
  7.5203123E+00,  0.0000000E+00,  2.6710226E+02,3421,  6.9480628E-02,  0.0000000E+00,  1.0360392E-01,  1.0000430E+03,  2.5551628E+03,3,
  8.8062143E+00,  0.0000000E+00,  2.6707278E+02,3422,  5.1746141E-02,  0.0000000E+00,  1.0185251E-01,  9.9969928E+02, -1.7864082E+04,3,
  9.0228739E+00,  0.0000000E+00,  2.6706406E+02,3432,  7.0848390E-02,  0.0000000E+00,  5.9595317E-02,  9.9981909E+02, -1.0750594E+04,3,
  9.8302383E+00,  0.0000000E+00,  2.6705368E+02,3423,  9.8076731E-02,  0.0000000E+00,  6.8964050E-03,  1.0001183E+03,  7.0391782E+03,3,
  1.2647665E+01,  0.0000000E+00,  2.6706299E+02,3218,  5.8881830E-02,  0.0000000E+00,  5.7531480E-02,  1.0004869E+03,  2.8991049E+04,3,
  1.3302222E+01,  0.0000000E+00,  2.6706079E+02,3246,  6.8543650E-02,  0.0000000E+00,  1.2307388E-01,  9.9967645E+02, -1.9218799E+04,3,
  1.3082198E+01,  0.0000000E+00,  2.6710269E+02,3310,  6.3417569E-02,  0.0000000E+00, -4.3301452E-02,  9.9960419E+02, -2.3506299E+04,3,
  1.3501303E+01,  0.0000000E+00,  2.6705032E+02,3345,  7.2560459E-02,  0.0000000E+00,  1.1155817E-02,  9.9989191E+02, -6.4249194E+03,3,
  1.3817520E+01,  0.0000000E+00,  2.6702844E+02,3412,  6.7219131E-02,  0.0000000E+00,  4.9574785E-02,  9.9996454E+02, -2.1082393E+03,3,
  2.3084713E+01,  0.0000000E+00,  2.6701309E+02,3413,  6.1127692E-01,  0.0000000E+00, -1.3213429E-02,  9.9996130E+02, -2.3005347E+03,3,
  2.3085125E+01,  0.0000000E+00,  2.6701334E+02,3393,  6.1130863E-01,  0.0000000E+00, -1.1088411E-02,  9.9996112E+02, -2.3114192E+03,3,
  2.3843018E+01,  0.0000000E+00,  2.6711298E+02,3327,  6.1318374E-01,  0.0000000E+00, -2.9858867E-02,  1.0002408E+03,  1.4330483E+04,3,
  2.3850365E+01,  0.0000000E+00,  2.6711526E+02,3200,  6.1283958E-01,  0.0000000E+00, -3.1421788E-02,  1.0002490E+03,  1.4817487E+04,3,
  2.5769720E+01,  0.0000000E+00,  2.6708820E+02,3366,  6.0246843E-01,  0.0000000E+00, -5.1437255E-02,  9.9916486E+02, -4.9531711E+04,3,
  2.5890289E+01,  0.0000000E+00,  2.6710104E+02,3375,  6.2242860E-01,  0.0000000E+00, -3.1574786E-02,  9.9991583E+02, -5.0031621E+03,3,
  2.7051317E+01,  0.0000000E+00,  2.6718741E+02,3355,  6.2159216E-01,  0.0000000E+00, -3.1639684E-02,  1.0006783E+03,  4.0411512E+04,3,
  2.8789293E+01,  0.0000000E+00,  2.6706616E+02,3364,  6.3094586E-01,  0.0000000E+00,  1.2260082E-02,  9.9965649E+02, -2.0403117E+04,3,
  2.9014572E+01,  0.0000000E+00,  2.6706677E+02,3254,  6.1055112E-01,  0.0000000E+00, -1.1570365E-02,  9.9987476E+02, -7.4439619E+03,3,
  2.9499567E+01,  0.0000000E+00,  2.6705264E+02,3073,  6.0108274E-01,  0.0000000E+00, -2.5314018E-02,  9.9999963E+02, -2.1774126E+01,3,
  2.9506151E+01,  0.0000000E+00,  2.6707587E+02,3064,  6.0322022E-01,  0.0000000E+00, -3.6354054E-02,  1.0000095E+03,  5.6614404E+02,3,
  3.2827972E+01,  0.0000000E+00,  2.6702850E+02,3414,  6.6384470E-01,  0.0000000E+00,  7.0448816E-02,  1.0000002E+03,  1.4516110E+01,3,
  3.3258919E+01,  0.0000000E+00,  2.6702777E+02,3404,  6.4316601E-01,  0.0000000E+00,  1.0834009E-01,  9.9999158E+02, -5.0079279E+02,3,
  3.4348537E+01,  0.0000000E+00,  2.6704053E+02,3373,  6.1195111E-01,  0.0000000E+00,  6.2182613E-02,  9.9989557E+02, -6.2073164E+03,3,
  3.4395061E+01,  0.0000000E+00,  2.6703946E+02,3403,  6.2258983E-01,  0.0000000E+00,  4.2728636E-02,  9.9983057E+02, -1.0069054E+04,3,
  3.6911186E+01,  0.0000000E+00,  2.6711462E+02,3274,  6.3745242E-01,  0.0000000E+00,  1.5831897E-02,  1.0000757E+03,  4.5046436E+03,3,
  3.6918713E+01,  0.0000000E+00,  2.6711621E+02,3328,  6.3464206E-01,  0.0000000E+00,  7.2476906E-03,  1.0000805E+03,  4.7878398E+03,3,
  3.8471432E+01,  0.0000000E+00,  2.6708292E+02,3330,  6.3407791E-01,  0.0000000E+00, -1.0003006E-01,  9.9978198E+02, -1.2954401E+04,3,
  3.8788090E+01,  0.0000000E+00,  2.6708936E+02,3155,  6.3346201E-01,  0.0000000E+00, -4.2639937E-02,  9.9992487E+02, -4.4663228E+03,3,
  3.8793068E+01,  0.0000000E+00,  2.6708838E+02,3182,  6.2945837E-01,  0.0000000E+00, -1.1821691E-02,  9.9992456E+02, -4.4844600E+03,3,
  3.9571182E+01,  0.0000000E+00,  2.6699866E+02,3405,  6.3568866E-01,  0.0000000E+00, -2.8814360E-02,  9.9997357E+02, -1.5712432E+03,3,
  4.8553692E+01,  0.0000000E+00,  2.6700305E+02,3374,  1.3877863E+00,  0.0000000E+00, -3.5255916E-02,  1.0001211E+03,  7.2026016E+03,3,
  4.8778687E+01,  0.0000000E+00,  2.6702365E+02,3055,  1.3879519E+00,  0.0000000E+00,  2.4629664E-02,  1.0002418E+03,  1.4388632E+04,3,
  4.9105846E+01,  0.0000000E+00,  2.6724966E+02,3237,  1.3783882E+00,  0.0000000E+00, -4.7712065E-02,  1.0006611E+03,  3.9387648E+04,3,
  5.0124748E+01,  0.0000000E+00,  2.6705078E+02,3309,  1.3923131E+00,  0.0000000E+00, -2.7106822E-02,  9.9944409E+02, -3.2998086E+04,3,
  5.0126995E+01,  0.0000000E+00,  2.6704959E+02,3245,  1.3928983E+00,  0.0000000E+00, -3.6103364E-02,  9.9944727E+02, -3.2810004E+04,3,
  5.0898251E+01,  0.0000000E+00,  2.6701971E+02,3394,  1.3899715E+00,  0.0000000E+00, -3.9545663E-02,  9.9988831E+02, -6.6388906E+03,3,
  6.5671074E+01,  0.0000000E+00,  2.6565338E+02,3395,  5.5556145E+00,  0.0000000E+00,  5.2063400E-01,  9.9993805E+02, -3.6827759E+03,3,
  6.5726746E+01,  0.0000000E+00,  2.6570392E+02,3396,  5.4516582E+00,  0.0000000E+00,  3.7248406E-01,  1.0007999E+03,  4.7672645E+04,3,
  6.5831749E+01,  0.0000000E+00,  2.6575812E+02,3386,  5.4250913E+00,  0.0000000E+00,  1.4735089E-01,  9.9986426E+02, -8.0676655E+03,3,
  6.7779495E+01,  0.0000000E+00,  2.6574292E+02,3037,  5.5308528E+00,  0.0000000E+00, -2.1518638E+00,  1.0021771E+03,  1.3029219E+05,3,
  6.7861252E+01,  0.0000000E+00,  2.6575824E+02,3046,  5.3924799E+00,  0.0000000E+00, -1.1476653E+00,  9.9730029E+02, -1.5922480E+05,3,
