TimeStep [s],Np,Nbound,Nfixed,Nmoving,Nfloat,Nfluid
136,1800,0,0,0,0,1800

Pos.x [m],Pos.y [m],Pos.z [m],Idp,Vel.x [m/s],Vel.y [m/s],Vel.z [m/s],Rhop [kg/m^3],Press [Pa],Type,
  3.0195102E+02,  0.0000000E+00,  2.5041306E+02,2910,  7.7466801E-02,  0.0000000E+00, -2.1111320E-01,  1.0019642E+03,  1.1747607E+05,3,
  3.0400012E+02,  0.0000000E+00,  2.5104059E+02,2596,  8.8962668E-01,  0.0000000E+00,  1.1179576E-01,  1.0008661E+03,  5.1633504E+04,3,
  3.0678958E+02,  0.0000000E+00,  2.5096121E+02,2953,  4.2846447E-01,  0.0000000E+00, -1.0929352E-01,  1.0012207E+03,  7.2846836E+04,3,
  3.0801483E+02,  0.0000000E+00,  2.5072075E+02,2942,  5.0918967E-01,  0.0000000E+00, -9.9195369E-02,  1.0013968E+03,  8.3399055E+04,3,
  3.0568802E+02,  0.0000000E+00,  2.5047266E+02,2919,  3.4468514E-01,  0.0000000E+00, -1.4569603E-01,  1.0023091E+03,  1.3824800E+05,3,
  3.0324048E+02,  0.0000000E+00,  2.5101663E+02,2814,  1.7436078E-01,  0.0000000E+00, -1.2754253E-01,  1.0007515E+03,  4.4785055E+04,3,
  3.0192059E+02,  0.0000000E+00,  2.5137375E+02,2952,  5.4231405E-01,  0.0000000E+00, -5.0673401E-01,  1.0005917E+03,  3.5242273E+04,3,
  3.0919989E+02,  0.0000000E+00,  2.5072458E+02,2915,  3.8678578E-01,  0.0000000E+00, -3.2318760E-02,  1.0012672E+03,  7.5632859E+04,3,
  3.1039130E+02,  0.0000000E+00,  2.5099199E+02,3016,  4.2132097E-01,  0.0000000E+00, -1.8608179E-02,  1.0006769E+03,  4.0331348E+04,3,
  3.1102988E+02,  0.0000000E+00,  2.5085532E+02,2979,  4.2195255E-01,  0.0000000E+00, -2.7792210E-02,  1.0009109E+03,  5.4311441E+04,3,
  3.1176218E+02,  0.0000000E+00,  2.5104214E+02,2850,  4.5604405E-01,  0.0000000E+00, -3.6352161E-02,  1.0006476E+03,  3.8578840E+04,3,
  3.1310580E+02,  0.0000000E+00,  2.5060921E+02,2832,  4.8876345E-01,  0.0000000E+00, -5.9748810E-02,  1.0015133E+03,  9.0387570E+04,3,
  3.1391672E+02,  0.0000000E+00,  2.5098035E+02,2723,  4.2622793E-01,  0.0000000E+00, -8.9354038E-02,  1.0009295E+03,  5.5420770E+04,3,
  3.1480673E+02,  0.0000000E+00,  2.5104677E+02,2569,  4.4662136E-01,  0.0000000E+00, -6.4955771E-02,  1.0008788E+03,  5.2388652E+04,3,
  3.1631323E+02,  0.0000000E+00,  2.5043443E+02,2856,  4.2241207E-01,  0.0000000E+00, -7.7724621E-02,  1.0023584E+03,  1.4122155E+05,3,
  3.1761362E+02,  0.0000000E+00,  2.5086537E+02,2784,  3.8284138E-01,  0.0000000E+00, -3.2618850E-02,  1.0015241E+03,  9.1035781E+04,3,
  3.1890414E+02,  0.0000000E+00,  2.5061372E+02,2883,  3.4309676E-01,  0.0000000E+00, -2.8642822E-02,  1.0018911E+03,  1.1307797E+05,3,
  3.2031216E+02,  0.0000000E+00,  2.5094022E+02,2918,  3.6697271E-01,  0.0000000E+00, -1.8731138E-02,  1.0010836E+03,  6.4639539E+04,3,
  3.2123254E+02,  0.0000000E+00,  2.5066316E+02,2909,  3.5154358E-01,  0.0000000E+00, -2.9947428E-02,  1.0015120E+03,  9.0310664E+04,3,
  3.2253702E+02,  0.0000000E+00,  2.5081931E+02,2542,  3.6200988E-01,  0.0000000E+00, -3.7132215E-02,  1.0011005E+03,  6.5647727E+04,3,
  3.2355936E+02,  0.0000000E+00,  2.5093851E+02,2924,  3.3546034E-01,  0.0000000E+00, -2.2343744E-02,  1.0008560E+03,  5.1024320E+04,3,
  3.2443628E+02,  0.0000000E+00,  2.5075272E+02,2879,  3.5793284E-01,  0.0000000E+00, -1.5384249E-02,  1.0011830E+03,  7.0587875E+04,3,
  3.2552426E+02,  0.0000000E+00,  2.5079942E+02,2908,  4.3059865E-01,  0.0000000E+00, -9.3181711E-03,  1.0010981E+03,  6.5505262E+04,3,
  3.2635132E+02,  0.0000000E+00,  2.5095935E+02,2787,  3.8914394E-01,  0.0000000E+00, -6.1695259E-03,  1.0008532E+03,  5.0860176E+04,3,
  3.2737573E+02,  0.0000000E+00,  2.5105054E+02,2881,  3.1315243E-01,  0.0000000E+00,  1.1757661E-03,  1.0008834E+03,  5.2662273E+04,3,
  3.2880554E+02,  0.0000000E+00,  2.5022433E+02,2811,  3.0229437E-01,  0.0000000E+00,  2.6190825E-02,  1.0029410E+03,  1.7641866E+05,3,
  3.3083255E+02,  0.0000000E+00,  2.5082854E+02,2846,  4.7607353E-01,  0.0000000E+00, -6.4564466E-02,  1.0011653E+03,  6.9531680E+04,3,
  3.3195316E+02,  0.0000000E+00,  2.5072682E+02,2872,  4.7523174E-01,  0.0000000E+00, -1.8810289E-02,  1.0013193E+03,  7.8752516E+04,3,
  3.3315677E+02,  0.0000000E+00,  2.5063734E+02,2497,  6.2501216E-01,  0.0000000E+00,  3.5226524E-02,  1.0014924E+03,  8.9135211E+04,3,
  3.3424133E+02,  0.0000000E+00,  2.5089015E+02,2845,  5.8213264E-01,  0.0000000E+00,  4.9847253E-02,  1.0009520E+03,  5.6767457E+04,3,
  3.3512161E+02,  0.0000000E+00,  2.5093124E+02,2606,  6.0838616E-01,  0.0000000E+00,  5.7996891E-02,  1.0009337E+03,  5.5672574E+04,3,
  3.3627731E+02,  0.0000000E+00,  2.5077884E+02,2828,  5.6060106E-01,  0.0000000E+00,  5.7825033E-02,  1.0014114E+03,  8.4273727E+04,3,
  3.3762756E+02,  0.0000000E+00,  2.5042583E+02,2721,  5.8336306E-01,  0.0000000E+00,  5.2349743E-02,  1.0023516E+03,  1.4081300E+05,3,
  3.3900024E+02,  0.0000000E+00,  2.5093631E+02,2819,  5.3094012E-01,  0.0000000E+00,  5.8398519E-02,  1.0011122E+03,  6.6352797E+04,3,
  3.3997076E+02,  0.0000000E+00,  2.5077548E+02,2772,  5.4985076E-01,  0.0000000E+00,  2.9955009E-02,  1.0012242E+03,  7.3055211E+04,3,
  3.4104306E+02,  0.0000000E+00,  2.5107501E+02,2862,  5.2059656E-01,  0.0000000E+00,  1.1229122E-02,  1.0006716E+03,  4.0010699E+04,3,
  3.4185275E+02,  0.0000000E+00,  2.5065080E+02,2809,  4.7628599E-01,  0.0000000E+00,  1.5110082E-02,  1.0014277E+03,  8.5250961E+04,3,
  3.4301132E+02,  0.0000000E+00,  2.5091360E+02,2725,  5.1595777E-01,  0.0000000E+00,  2.6155695E-02,  1.0010674E+03,  6.3667973E+04,3,
  3.4410400E+02,  0.0000000E+00,  2.5058823E+02,2774,  5.2681553E-01,  0.0000000E+00,  3.8856197E-02,  1.0017011E+03,  1.0166220E+05,3,
  3.4529373E+02,  0.0000000E+00,  2.5097372E+02,2762,  5.3201288E-01,  0.0000000E+00,  4.2673800E-02,  1.0009642E+03,  5.7493793E+04,3,
  3.4619809E+02,  0.0000000E+00,  2.5066783E+02,2579,  5.6839514E-01,  0.0000000E+00,  1.5942957E-02,  1.0014056E+03,  8.3926047E+04,3,
  3.4731830E+02,  0.0000000E+00,  2.5091716E+02,2816,  4.7411811E-01,  0.0000000E+00,  9.8943757E-03,  1.0008589E+03,  5.1199410E+04,3,
  3.4809613E+02,  0.0000000E+00,  2.5091003E+02,2696,  4.8652512E-01,  0.0000000E+00,  7.7560088E-03,  1.0008229E+03,  4.9047461E+04,3,
  3.4888956E+02,  0.0000000E+00,  2.5091858E+02,2765,  5.2115476E-01,  0.0000000E+00,  1.1369873E-02,  1.0008774E+03,  5.2304746E+04,3,
  3.5040500E+02,  0.0000000E+00,  2.5053078E+02,2775,  6.0874802E-01,  0.0000000E+00,  9.4836140E-03,  1.0019916E+03,  1.1912861E+05,3,
  3.5174353E+02,  0.0000000E+00,  2.5047545E+02,2730,  6.5787661E-01,  0.0000000E+00, -3.2186214E-02,  1.0022401E+03,  1.3408723E+05,3,
  3.5341348E+02,  0.0000000E+00,  2.5104869E+02,2852,  6.0699129E-01,  0.0000000E+00, -2.7340591E-02,  1.0007557E+03,  4.5032945E+04,3,
  3.5380121E+02,  0.0000000E+00,  2.5077295E+02,2561,  5.3574258E-01,  0.0000000E+00,  2.3742571E-02,  1.0011465E+03,  6.8406164E+04,3,
  3.5508984E+02,  0.0000000E+00,  2.5085167E+02,2825,  7.0029777E-01,  0.0000000E+00,  2.7724674E-02,  1.0009745E+03,  5.8114324E+04,3,
  3.5593863E+02,  0.0000000E+00,  2.5086205E+02,2761,  6.1469948E-01,  0.0000000E+00,  4.7104564E-03,  1.0009661E+03,  5.7606949E+04,3,
  3.5694556E+02,  0.0000000E+00,  2.5064943E+02,2746,  7.1043259E-01,  0.0000000E+00, -3.0318940E-02,  1.0014391E+03,  8.5935445E+04,3,
  3.5815240E+02,  0.0000000E+00,  2.5069035E+02,2434,  9.6043140E-01,  0.0000000E+00, -9.6670888E-02,  1.0012012E+03,  7.1677086E+04,3,
  3.5945969E+02,  0.0000000E+00,  2.5073911E+02,2543,  5.7600850E-01,  0.0000000E+00,  6.6434100E-02,  1.0010303E+03,  6.1447602E+04,3,
  3.6013284E+02,  0.0000000E+00,  2.5082492E+02,2643,  7.9345092E-02,  0.0000000E+00,  5.1270120E-02,  1.0012896E+03,  7.6971305E+04,3,
  3.6075638E+02,  0.0000000E+00,  2.5115977E+02,2425,  7.8121293E-01,  0.0000000E+00,  5.6148118E-01,  1.0014666E+03,  8.7582789E+04,3,
  3.8964642E+02,  0.0000000E+00,  2.5047942E+02,2685, -2.7541795E-01,  0.0000000E+00,  3.8249776E-01,  1.0018425E+03,  1.1016043E+05,3,
  3.9028140E+02,  0.0000000E+00,  2.5105489E+02,2598,  1.7472235E+00,  0.0000000E+00, -9.1447282E-01,  1.0004811E+03,  2.8648930E+04,3,
  3.9135104E+02,  0.0000000E+00,  2.5092479E+02,2626,  1.0865095E+00,  0.0000000E+00, -2.3763436E-01,  1.0008179E+03,  4.8748414E+04,3,
  3.9221768E+02,  0.0000000E+00,  2.5079448E+02,2507,  8.6832380E-01,  0.0000000E+00, -5.0363697E-02,  1.0012984E+03,  7.7501609E+04,3,
  3.9340060E+02,  0.0000000E+00,  2.5073488E+02,2617,  1.2316147E+00,  0.0000000E+00,  7.4442372E-02,  1.0014823E+03,  8.8527391E+04,3,
  3.9447516E+02,  0.0000000E+00,  2.5081801E+02,2580,  1.0544754E+00,  0.0000000E+00,  5.8003511E-02,  1.0012726E+03,  7.5958312E+04,3,
  3.9533585E+02,  0.0000000E+00,  2.5093222E+02,2480,  1.0402193E+00,  0.0000000E+00,  5.1050577E-02,  1.0010684E+03,  6.3730062E+04,3,
  3.9640134E+02,  0.0000000E+00,  2.5121396E+02,2534,  1.2266452E+00,  0.0000000E+00, -2.3956262E-02,  1.0009725E+03,  5.7990215E+04,3,
  3.9726328E+02,  0.0000000E+00,  2.5046828E+02,2389,  1.0892742E+00,  0.0000000E+00, -2.0908799E-02,  1.0017925E+03,  1.0715203E+05,3,
  3.9842014E+02,  0.0000000E+00,  2.5095607E+02,2745,  1.0964088E+00,  0.0000000E+00, -3.9784383E-02,  1.0010491E+03,  6.2575984E+04,3,
  3.9926114E+02,  0.0000000E+00,  2.5102214E+02,2736,  1.1008682E+00,  0.0000000E+00, -1.0789480E-02,  1.0008995E+03,  5.3625473E+04,3,
  4.0012051E+02,  0.0000000E+00,  2.5084889E+02,2699,  1.1029295E+00,  0.0000000E+00,  4.0214285E-03,  1.0010723E+03,  6.3960164E+04,3,
  4.0106079E+02,  0.0000000E+00,  2.5101019E+02,2689,  1.1523091E+00,  0.0000000E+00,  4.0562238E-04,  1.0010530E+03,  6.2806059E+04,3,
  4.0207001E+02,  0.0000000E+00,  2.5062584E+02,2571,  1.1085513E+00,  0.0000000E+00, -2.3880361E-02,  1.0016051E+03,  9.5896883E+04,3,
  4.0321860E+02,  0.0000000E+00,  2.5069543E+02,2646,  1.0699587E+00,  0.0000000E+00, -8.1044445E-03,  1.0014828E+03,  8.8560344E+04,3,
  4.0418335E+02,  0.0000000E+00,  2.5122548E+02,2680,  1.0645523E+00,  0.0000000E+00,  5.5070817E-02,  1.0008968E+03,  5.3464930E+04,3,
  4.0504443E+02,  0.0000000E+00,  2.5083728E+02,2711,  1.1147753E+00,  0.0000000E+00,  2.3075400E-02,  1.0011484E+03,  6.8519445E+04,3,
  4.0599106E+02,  0.0000000E+00,  2.5083536E+02,2635,  1.0580683E+00,  0.0000000E+00, -2.4826212E-02,  1.0011769E+03,  7.0222398E+04,3,
  4.0688434E+02,  0.0000000E+00,  2.5082738E+02,2681,  1.1382461E+00,  0.0000000E+00, -1.2453992E-01,  1.0012276E+03,  7.3259938E+04,3,
  4.0784924E+02,  0.0000000E+00,  2.5072531E+02,2609,  1.1864655E+00,  0.0000000E+00, -1.6088720E-01,  1.0012227E+03,  7.2967477E+04,3,
  4.0915503E+02,  0.0000000E+00,  2.5079744E+02,2656,  1.1470336E+00,  0.0000000E+00,  5.7428643E-02,  1.0008014E+03,  4.7763809E+04,3,
  4.0990878E+02,  0.0000000E+00,  2.5109006E+02,2608,  6.7511886E-01,  0.0000000E+00,  1.9036329E-01,  1.0008373E+03,  4.9911832E+04,3,
  4.1055002E+02,  0.0000000E+00,  2.5078072E+02,2629,  6.4582360E-01,  0.0000000E+00,  2.7136576E-01,  1.0015565E+03,  9.2977008E+04,3,
  6.6065106E+02,  0.0000000E+00,  2.5046071E+02,2319,  4.1748196E-01,  0.0000000E+00, -3.2962058E-02,  1.0012642E+03,  7.5453680E+04,3,
  6.6021326E+02,  0.0000000E+00,  2.5099841E+02,2240,  4.2157885E-01,  0.0000000E+00, -7.2241373E-02,  1.0005985E+03,  3.5650180E+04,3,
  6.6160071E+02,  0.0000000E+00,  2.5109712E+02,2321,  1.9707767E+00,  0.0000000E+00,  3.7840956E-01,  1.0004183E+03,  2.4904574E+04,3,
  6.6374274E+02,  0.0000000E+00,  2.5063724E+02,2360,  7.5548959E-01,  0.0000000E+00, -1.7758945E-01,  1.0013905E+03,  8.3022133E+04,3,
  6.6452222E+02,  0.0000000E+00,  2.5096884E+02,2291,  7.9201305E-01,  0.0000000E+00, -8.4979430E-02,  1.0007986E+03,  4.7599715E+04,3,
  6.6524652E+02,  0.0000000E+00,  2.5110556E+02,2204,  1.1613299E+00,  0.0000000E+00, -2.8109094E-02,  1.0005368E+03,  3.1968721E+04,3,
  6.6671936E+02,  0.0000000E+00,  2.5061418E+02,2329,  8.0752307E-01,  0.0000000E+00,  8.6756282E-02,  1.0012862E+03,  7.6770156E+04,3,
  6.6725354E+02,  0.0000000E+00,  2.5139548E+02,2284,  1.5075446E+00,  0.0000000E+00,  9.3278037E-03,  1.0001282E+03,  7.6238833E+03,3,
  6.6864935E+02,  0.0000000E+00,  2.5115103E+02,2241,  8.9198554E-01,  0.0000000E+00, -5.9234004E-02,  1.0004469E+03,  2.6607371E+04,3,
  6.6928961E+02,  0.0000000E+00,  2.5054631E+02,2282,  9.5325273E-01,  0.0000000E+00, -3.5100695E-02,  1.0014217E+03,  8.4892266E+04,3,
  6.7064813E+02,  0.0000000E+00,  2.5100464E+02,2230,  1.0626045E+00,  0.0000000E+00, -1.3279223E-02,  1.0006060E+03,  3.6098164E+04,3,
  6.7154987E+02,  0.0000000E+00,  2.5107442E+02,2239,  9.9429971E-01,  0.0000000E+00,  6.3137822E-03,  1.0004614E+03,  2.7473436E+04,3,
  6.7231903E+02,  0.0000000E+00,  2.5083002E+02,2201,  9.3397856E-01,  0.0000000E+00,  3.6526460E-02,  1.0008301E+03,  4.9481461E+04,3,
  6.7341199E+02,  0.0000000E+00,  2.5089560E+02,2349,  9.0027535E-01,  0.0000000E+00,  7.6000296E-02,  1.0007443E+03,  4.4351258E+04,3,
  6.7425507E+02,  0.0000000E+00,  2.5100829E+02,2222,  9.8927641E-01,  0.0000000E+00,  8.9654893E-02,  1.0005878E+03,  3.5009191E+04,3,
  6.7511658E+02,  0.0000000E+00,  2.5105975E+02,2278,  1.0748789E+00,  0.0000000E+00,  7.1136147E-02,  1.0005747E+03,  3.4229871E+04,3,
  6.7584888E+02,  0.0000000E+00,  2.5125383E+02,2303,  1.0389173E+00,  0.0000000E+00,  1.9632397E-02,  1.0004429E+03,  2.6370855E+04,3,
  6.7702203E+02,  0.0000000E+00,  2.5054953E+02,2361,  9.1906989E-01,  0.0000000E+00,  9.3558937E-02,  1.0016111E+03,  9.6255969E+04,3,
  6.7879663E+02,  0.0000000E+00,  2.5053621E+02,2324,  9.6758866E-01,  0.0000000E+00,  1.5258490E-01,  1.0015234E+03,  9.0995492E+04,3,
  6.8055646E+02,  0.0000000E+00,  2.5135835E+02,2237,  1.1360360E+00,  0.0000000E+00,  9.1121733E-02,  1.0003759E+03,  2.2376387E+04,3,
  6.8161176E+02,  0.0000000E+00,  2.5074532E+02,2236,  1.1205040E+00,  0.0000000E+00,  1.2849081E-01,  1.0011833E+03,  7.0609805E+04,3,
  6.8279840E+02,  0.0000000E+00,  2.5059879E+02,2246,  1.1707060E+00,  0.0000000E+00,  9.9425144E-02,  1.0014637E+03,  8.7414383E+04,3,
  6.8406360E+02,  0.0000000E+00,  2.5103807E+02,2269,  1.1772432E+00,  0.0000000E+00,  3.8889162E-02,  1.0006525E+03,  3.8873938E+04,3,
  6.8502942E+02,  0.0000000E+00,  2.5112402E+02,2266,  1.1812027E+00,  0.0000000E+00,  8.9987961E-04,  1.0004703E+03,  2.8004756E+04,3,
  6.8570288E+02,  0.0000000E+00,  2.5081100E+02,2304,  1.1512293E+00,  0.0000000E+00, -4.5319004E-03,  1.0008318E+03,  4.9579934E+04,3,
  6.8640033E+02,  0.0000000E+00,  2.5121935E+02,2323,  1.1221845E+00,  0.0000000E+00,  1.0175101E-02,  1.0003377E+03,  2.0099750E+04,3,
  6.8719623E+02,  0.0000000E+00,  2.5103511E+02,2191,  1.0839233E+00,  0.0000000E+00,  3.0689234E-02,  1.0006218E+03,  3.7041547E+04,3,
  6.8826813E+02,  0.0000000E+00,  2.5098759E+02,2155,  1.0363811E+00,  0.0000000E+00,  1.1507253E-01,  1.0008563E+03,  5.1046207E+04,3,
  6.8942889E+02,  0.0000000E+00,  2.5043857E+02,2325,  1.1263498E+00,  0.0000000E+00,  1.7646471E-01,  1.0018525E+03,  1.1076222E+05,3,
  6.9084717E+02,  0.0000000E+00,  2.5118976E+02,2306,  1.2202182E+00,  0.0000000E+00,  1.1308647E-01,  1.0004899E+03,  2.9169393E+04,3,
  6.9153967E+02,  0.0000000E+00,  2.5094788E+02,2312,  1.1853466E+00,  0.0000000E+00,  5.0166581E-02,  1.0006988E+03,  4.1635910E+04,3,
  6.9228290E+02,  0.0000000E+00,  2.5115712E+02,2221,  1.2207040E+00,  0.0000000E+00, -3.1730916E-02,  1.0004386E+03,  2.6112512E+04,3,
  6.9288495E+02,  0.0000000E+00,  2.5111908E+02,2217,  1.2185694E+00,  0.0000000E+00, -6.8819068E-02,  1.0005290E+03,  3.1502717E+04,3,
  6.9431024E+02,  0.0000000E+00,  2.5047301E+02,2172,  1.0728556E+00,  0.0000000E+00,  8.8064751E-04,  1.0017471E+03,  1.0442324E+05,3,
  6.9543585E+02,  0.0000000E+00,  2.5137473E+02,2141,  1.3298695E+00,  0.0000000E+00,  9.3040420E-03,  1.0005793E+03,  3.4506633E+04,3,
  6.9625244E+02,  0.0000000E+00,  2.5063971E+02,2275,  1.0332636E+00,  0.0000000E+00,  1.4859574E-01,  1.0013882E+03,  8.2886734E+04,3,
  6.9759546E+02,  0.0000000E+00,  2.5111479E+02,2247,  1.2677437E+00,  0.0000000E+00,  4.0390797E-02,  1.0005027E+03,  2.9937400E+04,3,
  6.9799658E+02,  0.0000000E+00,  2.5114217E+02,2260,  1.4262652E+00,  0.0000000E+00, -4.3470662E-02,  1.0003210E+03,  1.9103430E+04,3,
  6.9878351E+02,  0.0000000E+00,  2.5079674E+02,2243,  1.6785188E+00,  0.0000000E+00,  1.8105197E-01,  1.0006840E+03,  4.0750391E+04,3,
  7.0018066E+02,  0.0000000E+00,  2.5063324E+02,2173,  7.2071093E-01,  0.0000000E+00,  4.0633386E-01,  1.0013264E+03,  7.9180492E+04,3,
  7.0050153E+02,  0.0000000E+00,  2.5122948E+02,2168,  5.4232204E-01,  0.0000000E+00,  5.2056742E-01,  1.0009285E+03,  5.5362383E+04,3,
  7.2254144E+02,  0.0000000E+00,  2.5050621E+02,2144,  1.4043543E+00,  0.0000000E+00, -6.8715617E-02,  1.0015344E+03,  9.1651070E+04,3,
  7.1999823E+02,  0.0000000E+00,  2.5056517E+02,2262,  1.0297250E-01,  0.0000000E+00,  1.8028952E-01,  1.0010551E+03,  6.2930230E+04,3,
  7.2107941E+02,  0.0000000E+00,  2.5127617E+02,2195,  1.1085888E+00,  0.0000000E+00, -1.7892128E-01,  1.0003867E+03,  2.3016557E+04,3,
  7.2049481E+02,  0.0000000E+00,  2.5130212E+02,2203,  1.8139145E+00,  0.0000000E+00, -2.8134930E-01,  9.9996301E+02, -2.1989451E+03,3,
  7.2408264E+02,  0.0000000E+00,  2.5085884E+02,2176,  4.5155010E-01,  0.0000000E+00,  2.0420197E-01,  1.0010003E+03,  5.9654871E+04,3,
  7.2457788E+02,  0.0000000E+00,  2.5074820E+02,2117,  9.1081160E-01,  0.0000000E+00,  3.3456010E-01,  1.0011137E+03,  6.6440477E+04,3,
  7.2614319E+02,  0.0000000E+00,  2.5108635E+02,2224,  1.2595681E+00,  0.0000000E+00,  4.2144102E-01,  1.0008109E+03,  4.8329031E+04,3,
  7.2703992E+02,  0.0000000E+00,  2.5084367E+02,2194,  1.3037316E+00,  0.0000000E+00,  2.2169405E-01,  1.0008290E+03,  4.9412164E+04,3,
  7.2817743E+02,  0.0000000E+00,  2.5089264E+02,2147,  7.9957515E-01,  0.0000000E+00,  1.8467543E-01,  1.0006240E+03,  3.7172684E+04,3,
  7.2910431E+02,  0.0000000E+00,  2.5074002E+02,2112,  8.6894494E-01,  0.0000000E+00,  2.6938307E-01,  1.0009849E+03,  5.8731246E+04,3,
  7.2992078E+02,  0.0000000E+00,  2.5128003E+02,2171,  1.0204360E+00,  0.0000000E+00,  3.3739060E-01,  1.0005467E+03,  3.2558535E+04,3,
  7.3085284E+02,  0.0000000E+00,  2.5111771E+02,2143,  1.2319064E+00,  0.0000000E+00,  4.2566931E-01,  1.0006398E+03,  3.8116168E+04,3,
  7.3205450E+02,  0.0000000E+00,  2.5096130E+02,2234,  1.0912362E+00,  0.0000000E+00,  2.6880360E-01,  1.0009450E+03,  5.6347738E+04,3,
  7.3319171E+02,  0.0000000E+00,  2.5062479E+02,2253,  9.2542470E-01,  0.0000000E+00,  1.2392085E-01,  1.0012925E+03,  7.7150508E+04,3,
  7.3469293E+02,  0.0000000E+00,  2.5076755E+02,2252,  7.1432227E-01,  0.0000000E+00, -1.6806196E-02,  1.0008854E+03,  5.2786316E+04,3,
  7.3622668E+02,  0.0000000E+00,  2.5094226E+02,2212,  1.0143396E+00,  0.0000000E+00, -3.1305265E-01,  1.0007207E+03,  4.2944285E+04,3,
  7.3692023E+02,  0.0000000E+00,  2.5094943E+02,2142,  9.1746813E-01,  0.0000000E+00, -3.2854313E-01,  1.0007066E+03,  4.2102387E+04,3,
  7.3801459E+02,  0.0000000E+00,  2.5096878E+02,2160,  6.2734365E-01,  0.0000000E+00, -1.6338667E-01,  1.0005480E+03,  3.2638637E+04,3,
  7.3928217E+02,  0.0000000E+00,  2.5082179E+02,2157,  6.7478949E-01,  0.0000000E+00, -6.0347617E-02,  1.0005750E+03,  3.4244438E+04,3,
  7.4017468E+02,  0.0000000E+00,  2.5094746E+02,2106,  5.9089440E-01,  0.0000000E+00, -8.9988306E-02,  1.0008669E+03,  5.1677281E+04,3,
  7.4036121E+02,  0.0000000E+00,  2.5123360E+02,2206,  9.4020712E-01,  0.0000000E+00,  1.2723023E-01,  1.0008485E+03,  5.0579309E+04,3,
  7.4052393E+02,  0.0000000E+00,  2.5130667E+02,2114,  1.1906753E+00,  0.0000000E+00,  3.9092964E-01,  1.0008364E+03,  4.9853477E+04,3,
  7.8234351E+02,  0.0000000E+00,  2.5092198E+02,2108,  1.8615990E+00,  0.0000000E+00,  1.6995226E-01,  9.9990991E+02, -5.3549932E+03,3,
  7.8128693E+02,  0.0000000E+00,  2.5065909E+02,2149,  1.3761584E+00,  0.0000000E+00,  1.8532769E-01,  1.0001374E+03,  8.1723027E+03,3,
  7.8132538E+02,  0.0000000E+00,  2.5069365E+02,2128,  1.4368511E+00,  0.0000000E+00, -5.2589911E-01,  1.0010830E+03,  6.4603012E+04,3,
  7.8629572E+02,  0.0000000E+00,  2.5072235E+02,2118,  1.3984116E+00,  0.0000000E+00, -6.3118488E-02,  1.0016337E+03,  9.7615500E+04,3,
  7.8811743E+02,  0.0000000E+00,  2.5069983E+02,2131,  1.6608514E+00,  0.0000000E+00,  7.1380556E-02,  1.0011873E+03,  7.0847375E+04,3,
  7.9044556E+02,  0.0000000E+00,  2.5081416E+02,2084,  1.7669564E+00,  0.0000000E+00, -9.7464167E-02,  1.0002249E+03,  1.3381983E+04,3,
  7.8644598E+02,  0.0000000E+00,  2.5086583E+02,2076,  1.6396309E+00,  0.0000000E+00, -5.9715424E-02,  1.0002897E+03,  1.7241963E+04,3,
  7.8891473E+02,  0.0000000E+00,  2.5117380E+02,2093,  1.5134093E+00,  0.0000000E+00, -6.3880587E-01,  9.9832416E+02, -9.9142578E+04,3,
  7.9229510E+02,  0.0000000E+00,  2.5063321E+02,2129,  1.4688561E+00,  0.0000000E+00,  2.8279859E-01,  1.0012167E+03,  7.2605562E+04,3,
  7.9317194E+02,  0.0000000E+00,  2.5127768E+02,2199,  1.5234860E+00,  0.0000000E+00,  4.3735477E-01,  1.0008478E+03,  5.0539188E+04,3,
  7.9478094E+02,  0.0000000E+00,  2.5058650E+02,2089,  1.7359612E+00,  0.0000000E+00,  3.6126122E-01,  1.0009155E+03,  5.4585113E+04,3,
  7.9669305E+02,  0.0000000E+00,  2.5088219E+02,2136,  1.2098390E+00,  0.0000000E+00,  1.1023381E-01,  1.0008441E+03,  5.0316691E+04,3,
  7.9767175E+02,  0.0000000E+00,  2.5077455E+02,2072,  1.3062665E+00,  0.0000000E+00, -1.0360433E-01,  1.0006479E+03,  3.8597055E+04,3,
  7.9905450E+02,  0.0000000E+00,  2.5101746E+02,2103,  1.0903068E+00,  0.0000000E+00,  6.6545032E-02,  1.0003107E+03,  1.8492598E+04,3,
  7.9983289E+02,  0.0000000E+00,  2.5108063E+02,2104,  9.6737206E-01,  0.0000000E+00, -8.8042140E-02,  1.0006179E+03,  3.6808426E+04,3,
  8.0077649E+02,  0.0000000E+00,  2.5106741E+02,2134,  8.2358009E-01,  0.0000000E+00, -1.6861799E-01,  1.0005369E+03,  3.1972361E+04,3,
  8.0219861E+02,  0.0000000E+00,  2.5062535E+02,2083,  4.4914547E-01,  0.0000000E+00, -4.8174644E-01,  1.0011013E+03,  6.5698875E+04,3,
  8.0344977E+02,  0.0000000E+00,  2.5082892E+02,2115,  1.6023591E-01,  0.0000000E+00, -4.1032332E-01,  1.0008123E+03,  4.8412906E+04,3,
  8.0468689E+02,  0.0000000E+00,  2.5083682E+02,2059, -1.2976269E-01,  0.0000000E+00, -2.6255232E-01,  1.0010031E+03,  5.9819160E+04,3,
  8.0560718E+02,  0.0000000E+00,  2.5121516E+02,2096, -2.3662044E-01,  0.0000000E+00, -4.0705044E-02,  1.0003512E+03,  2.0903422E+04,3,
  8.0636957E+02,  0.0000000E+00,  2.5106076E+02,2099, -2.0724495E-01,  0.0000000E+00, -9.1655172E-02,  1.0005397E+03,  3.2143477E+04,3,
  8.0768756E+02,  0.0000000E+00,  2.5048721E+02,2073, -1.0633068E-01,  0.0000000E+00, -1.2306162E-01,  1.0015393E+03,  9.1947742E+04,3,
  8.0884802E+02,  0.0000000E+00,  2.5125264E+02,2085, -8.3905399E-02,  0.0000000E+00, -2.7035066E-01,  1.0009666E+03,  5.7636148E+04,3,
  8.0974414E+02,  0.0000000E+00,  2.5116652E+02,2079, -1.3917465E-02,  0.0000000E+00, -2.3142256E-01,  1.0005312E+03,  3.1633779E+04,3,
  8.1110291E+02,  0.0000000E+00,  2.5059731E+02,2058,  1.4190181E-01,  0.0000000E+00, -1.4443373E-02,  1.0013136E+03,  7.8412344E+04,3,
  8.1198529E+02,  0.0000000E+00,  2.5126740E+02,2082,  3.5182142E-01,  0.0000000E+00, -2.4012338E-01,  1.0004915E+03,  2.9264025E+04,3,
  8.1294391E+02,  0.0000000E+00,  2.5110156E+02,2071,  6.0930532E-01,  0.0000000E+00, -1.6303007E-02,  1.0007982E+03,  4.7574191E+04,3,
  8.1415289E+02,  0.0000000E+00,  2.5055516E+02,2100,  4.7364956E-01,  0.0000000E+00,  8.4710568E-02,  1.0014711E+03,  8.7853719E+04,3,
  8.1547205E+02,  0.0000000E+00,  2.5097144E+02,2066,  3.8417557E-01,  0.0000000E+00,  2.1703897E-01,  1.0008335E+03,  4.9682055E+04,3,
  8.1705096E+02,  0.0000000E+00,  2.5074547E+02,2081,  7.1151745E-01,  0.0000000E+00, -1.8258892E-01,  1.0008340E+03,  4.9711234E+04,3,
  8.1637720E+02,  0.0000000E+00,  2.5112012E+02,2053,  7.1219260E-01,  0.0000000E+00, -1.7968826E-02,  1.0006382E+03,  3.8017809E+04,3,
  8.1981122E+02,  0.0000000E+00,  2.5066434E+02,2050,  3.1141520E-01,  0.0000000E+00, -8.1356671E-03,  1.0008920E+03,  5.3180344E+04,3,
  8.1874658E+02,  0.0000000E+00,  2.5081599E+02,2062, -1.4167544E-01,  0.0000000E+00, -1.6321662E-01,  1.0007716E+03,  4.5984469E+04,3,
  8.2016321E+02,  0.0000000E+00,  2.5120195E+02,2046, -2.0338918E-01,  0.0000000E+00, -2.5283504E-01,  1.0007482E+03,  4.4584559E+04,3,
  1.9298676E+02,  0.0000000E+00,  2.5691946E+02,2848,  1.4876255E+00,  0.0000000E+00, -3.3429334E-01,  1.0028755E+03,  1.7245628E+05,3,
  1.9123083E+02,  0.0000000E+00,  2.5746237E+02,3148,  7.4632168E+00,  0.0000000E+00, -4.6048394E-01,  9.9313928E+02, -3.9962356E+05,3,
  1.8972475E+02,  0.0000000E+00,  2.5795676E+02,3177,  3.4116063E+00,  0.0000000E+00, -1.9836211E+00,  1.0043830E+03,  2.6405572E+05,3,
  1.9181297E+02,  0.0000000E+00,  2.5810086E+02,3157,  6.7769136E+00,  0.0000000E+00,  1.2704084E+00,  1.0106938E+03,  6.5660019E+05,3,
  1.9396764E+02,  0.0000000E+00,  2.5703845E+02,3221,  2.6796288E+00,  0.0000000E+00,  1.6367583E+00,  1.0042832E+03,  2.5796633E+05,3,
  1.9460089E+02,  0.0000000E+00,  2.5704523E+02,3213,  4.0436854E+00,  0.0000000E+00,  2.6874831E+00,  9.9852020E+02, -8.7596070E+04,3,
  1.9977942E+02,  0.0000000E+00,  2.5655609E+02,3243,  4.8825178E+00,  0.0000000E+00,  1.1087451E+00,  9.8786755E+02, -6.9563888E+05,3,
  1.9837828E+02,  0.0000000E+00,  2.5672220E+02,3242,  4.0355573E+00,  0.0000000E+00, -8.6630225E-01,  9.9566040E+02, -2.5468870E+05,3,
  1.9741139E+02,  0.0000000E+00,  2.5679501E+02,3231,  3.1460798E+00,  0.0000000E+00,  1.8718774E+00,  9.9778992E+02, -1.3053893E+05,3,
  2.0129903E+02,  0.0000000E+00,  2.5794882E+02,3233,  3.5025403E+00,  0.0000000E+00,  1.3092754E+00,  1.0061817E+03,  3.7443822E+05,3,
  2.0147313E+02,  0.0000000E+00,  2.5718637E+02,2957,  3.2800977E+00,  0.0000000E+00,  1.1341354E-01,  9.9966504E+02, -1.9896086E+04,3,
  2.0248848E+02,  0.0000000E+00,  2.5670364E+02,3194,  3.4225941E+00,  0.0000000E+00, -2.8141394E-01,  9.9920007E+02, -4.7448016E+04,3,
  2.0275964E+02,  0.0000000E+00,  2.5796445E+02,2966,  2.9279275E+00,  0.0000000E+00,  5.2643085E-01,  9.9769153E+02, -1.3631006E+05,3,
  2.0377441E+02,  0.0000000E+00,  2.5743628E+02,3185,  3.8840201E+00,  0.0000000E+00,  6.7623392E-02,  1.0049031E+03,  2.9585391E+05,3,
  2.0479381E+02,  0.0000000E+00,  2.5754208E+02,3130,  2.8270731E+00,  0.0000000E+00,  1.1306096E+00,  1.0000483E+03,  2.8709746E+03,3,
  2.0543690E+02,  0.0000000E+00,  2.5741272E+02,2830,  3.8064125E+00,  0.0000000E+00,  4.7449598E-01,  9.9923376E+02, -4.5454188E+04,3,
  2.0727525E+02,  0.0000000E+00,  2.5677695E+02,3214,  3.3158572E+00,  0.0000000E+00,  3.1807089E-01,  9.9856854E+02, -8.4746891E+04,3,
  2.0838826E+02,  0.0000000E+00,  2.5763535E+02,3057,  3.3932209E+00,  0.0000000E+00,  3.9576980E-01,  1.0012393E+03,  7.3958227E+04,3,
  2.0960989E+02,  0.0000000E+00,  2.5670599E+02,3215,  3.1296484E+00,  0.0000000E+00,  1.8761225E-01,  9.9867999E+02, -7.8174805E+04,3,
  2.1173842E+02,  0.0000000E+00,  2.5707419E+02,3186,  3.0446262E+00,  0.0000000E+00, -8.7900341E-01,  9.9805878E+02, -1.1475113E+05,3,
  2.1313478E+02,  0.0000000E+00,  2.5699265E+02,3176,  3.1100147E+00,  0.0000000E+00, -4.9214658E-01,  9.9898853E+02, -5.9958016E+04,3,
  2.1409271E+02,  0.0000000E+00,  2.5686691E+02,3093,  3.1612008E+00,  0.0000000E+00, -5.8882546E-01,  1.0014699E+03,  8.7784156E+04,3,
  2.1536121E+02,  0.0000000E+00,  2.5699002E+02,2975,  2.7909181E+00,  0.0000000E+00, -2.4766767E-01,  1.0007863E+03,  4.6859512E+04,3,
  2.1532454E+02,  0.0000000E+00,  2.5781293E+02,3075,  2.7453642E+00,  0.0000000E+00, -3.0616128E-01,  1.0001476E+03,  8.7788682E+03,3,
  2.1675233E+02,  0.0000000E+00,  2.5701413E+02,2821,  3.0188971E+00,  0.0000000E+00, -4.9387053E-01,  9.9892841E+02, -6.3510328E+04,3,
  2.1827802E+02,  0.0000000E+00,  2.5743509E+02,3112,  3.0206170E+00,  0.0000000E+00, -1.7777838E-01,  1.0035499E+03,  2.1333256E+05,3,
  2.1929701E+02,  0.0000000E+00,  2.5575562E+02,3030,  2.7172084E+00,  0.0000000E+00, -1.5856160E+00,  1.0002448E+03,  1.4566714E+04,3,
  2.2019331E+02,  0.0000000E+00,  2.5481152E+02,3206,  1.5438336E+00,  0.0000000E+00, -2.6557329E-01,  1.0000860E+03,  5.1146157E+03,3,
  2.1782500E+02,  0.0000000E+00,  2.5806873E+02,2812,  3.4464860E+00,  0.0000000E+00, -7.5815398E-01,  1.0004365E+03,  2.5985162E+04,3,
  2.2114102E+02,  0.0000000E+00,  2.5787085E+02,3012,  2.8553040E+00,  0.0000000E+00,  7.3805207E-01,  9.9993304E+02, -3.9802407E+03,3,
  2.2037007E+02,  0.0000000E+00,  2.5441138E+02,3144,  3.1110125E-02,  0.0000000E+00,  1.6205029E-01,  1.0009882E+03,  5.8928375E+04,3,
  2.2275624E+02,  0.0000000E+00,  2.5669370E+02,3011,  3.4184456E+00,  0.0000000E+00,  1.0445465E+00,  1.0024308E+03,  1.4558778E+05,3,
  2.2506738E+02,  0.0000000E+00,  2.5735629E+02,3076,  1.5179228E+00,  0.0000000E+00,  1.2140404E+00,  1.0004641E+03,  2.7633557E+04,3,
  2.2393736E+02,  0.0000000E+00,  2.5528157E+02,2948,  2.0565267E+00,  0.0000000E+00, -6.1945659E-01,  9.9958954E+02, -2.4375160E+04,3,
  2.2159172E+02,  0.0000000E+00,  2.5504277E+02,2803,  1.9787295E+00,  0.0000000E+00,  6.8805850E-01,  1.0001474E+03,  8.7679717E+03,3,
  2.2566455E+02,  0.0000000E+00,  2.5487204E+02,3085,  1.1109300E+00,  0.0000000E+00, -1.4913565E-01,  1.0015692E+03,  9.3742617E+04,3,
  2.2467998E+02,  0.0000000E+00,  2.5516533E+02,3149,  1.5584713E+00,  0.0000000E+00, -5.7574576E-01,  9.9986279E+02, -8.1546909E+03,3,
  2.2661629E+02,  0.0000000E+00,  2.5475011E+02,3049,  1.3477161E+00,  0.0000000E+00,  9.6415937E-02,  1.0004612E+03,  2.7462518E+04,3,
  2.2740207E+02,  0.0000000E+00,  2.5503299E+02,3103,  1.4780035E+00,  0.0000000E+00,  1.9176634E-01,  9.9986963E+02, -7.7485659E+03,3,
  2.2877423E+02,  0.0000000E+00,  2.5486388E+02,3179,  1.8558856E+00,  0.0000000E+00,  2.0635216E-01,  1.0012896E+03,  7.6974961E+04,3,
  2.2941745E+02,  0.0000000E+00,  2.5761591E+02,3158,  2.1114206E+00,  0.0000000E+00, -2.6468587E-01,  1.0004907E+03,  2.9220350E+04,3,
  2.3011618E+02,  0.0000000E+00,  2.5499365E+02,2984,  1.3575248E+00,  0.0000000E+00, -2.8385794E-01,  1.0006794E+03,  4.0480742E+04,3,
  2.3112762E+02,  0.0000000E+00,  2.5516226E+02,3131,  1.4453611E+00,  0.0000000E+00, -3.6797321E-01,  1.0002986E+03,  1.7772736E+04,3,
  2.3206894E+02,  0.0000000E+00,  2.5479158E+02,2794,  1.2782605E+00,  0.0000000E+00, -3.3112890E-01,  1.0007977E+03,  4.7545020E+04,3,
  2.3298813E+02,  0.0000000E+00,  2.5517155E+02,3067,  1.2535982E+00,  0.0000000E+00, -3.2333291E-01,  1.0003215E+03,  1.9136154E+04,3,
  2.3206168E+02,  0.0000000E+00,  2.5793350E+02,2993,  2.8399637E+00,  0.0000000E+00,  3.7019062E-01,  1.0001968E+03,  1.1710519E+04,3,
  2.3060030E+02,  0.0000000E+00,  2.5810873E+02,3168,  3.0369012E+00,  0.0000000E+00,  7.2373435E-02,  1.0001665E+03,  9.9049268E+03,3,
  2.3426059E+02,  0.0000000E+00,  2.5448347E+02,3171,  1.0270392E+00,  0.0000000E+00, -1.6059613E-01,  1.0016953E+03,  1.0131391E+05,3,
  2.3610738E+02,  0.0000000E+00,  2.5802219E+02,2921,  2.3601465E+00,  0.0000000E+00, -3.2190710E-01,  1.0002744E+03,  1.6329534E+04,3,
  2.3550394E+02,  0.0000000E+00,  2.5529112E+02,2912,  1.2260766E+00,  0.0000000E+00,  1.3913003E-01,  1.0002120E+03,  1.2611621E+04,3,
  2.3607219E+02,  0.0000000E+00,  2.5520184E+02,3104,  1.1114491E+00,  0.0000000E+00,  5.1650506E-02,  1.0003564E+03,  2.1212545E+04,3,
  2.3742110E+02,  0.0000000E+00,  2.5464575E+02,3161,  1.4243922E+00,  0.0000000E+00,  5.2602045E-02,  1.0011358E+03,  6.7763070E+04,3,
  2.3826578E+02,  0.0000000E+00,  2.5520609E+02,3141,  1.3459932E+00,  0.0000000E+00, -6.9487415E-02,  1.0005979E+03,  3.5613758E+04,3,
  2.3968205E+02,  0.0000000E+00,  2.5470418E+02,3126,  1.2697755E+00,  0.0000000E+00, -7.2553724E-02,  1.0012543E+03,  7.4857664E+04,3,
  2.3856535E+02,  0.0000000E+00,  2.5814120E+02,2776,  2.4737930E+00,  0.0000000E+00, -2.9017743E-01,  1.0001183E+03,  7.0355464E+03,3,
  2.4124686E+02,  0.0000000E+00,  2.5558269E+02,2785,  1.5848053E+00,  0.0000000E+00, -1.0006493E-01,  1.0002319E+03,  1.3796260E+04,3,
  2.4201424E+02,  0.0000000E+00,  2.5804941E+02,3021,  2.6522841E+00,  0.0000000E+00,  1.6128018E-01,  1.0001130E+03,  6.7196021E+03,3,
  2.4154027E+02,  0.0000000E+00,  2.5453851E+02,3135,  1.2360694E+00,  0.0000000E+00, -9.0949126E-02,  1.0014661E+03,  8.7557164E+04,3,
  2.4325482E+02,  0.0000000E+00,  2.5483183E+02,3132,  1.3909107E+00,  0.0000000E+00, -1.2964028E-01,  1.0009457E+03,  5.6391535E+04,3,
  2.4421181E+02,  0.0000000E+00,  2.5510040E+02,3123,  1.2882972E+00,  0.0000000E+00, -9.1660097E-02,  1.0006298E+03,  3.7515098E+04,3,
  2.4509355E+02,  0.0000000E+00,  2.5534413E+02,3040,  1.2128205E+00,  0.0000000E+00, -9.3181260E-02,  1.0004197E+03,  2.4984613E+04,3,
  2.4611261E+02,  0.0000000E+00,  2.5472406E+02,3087,  1.4275734E+00,  0.0000000E+00, -4.6236572E-01,  1.0012587E+03,  7.5120930E+04,3,
  2.4756354E+02,  0.0000000E+00,  2.5507822E+02,3013,  1.2167757E+00,  0.0000000E+00, -8.5987049E-01,  1.0008973E+03,  5.3497770E+04,3,
  2.4778381E+02,  0.0000000E+00,  2.5798160E+02,3140,  2.0668521E+00,  0.0000000E+00, -5.5173671E-01,  1.0002023E+03,  1.2037522E+04,3,
  2.4851361E+02,  0.0000000E+00,  2.5446587E+02,2976,  9.5578235E-01,  0.0000000E+00, -8.0186236E-01,  1.0008737E+03,  5.2085859E+04,3,
  2.4927950E+02,  0.0000000E+00,  2.5375620E+02,3031,  1.0809885E+00,  0.0000000E+00, -5.9174752E-01,  1.0006450E+03,  3.8422184E+04,3,
  2.5110834E+02,  0.0000000E+00,  2.5777466E+02,3105,  2.2809043E+00,  0.0000000E+00, -7.9576755E-01,  1.0005378E+03,  3.2026973E+04,3,
  2.5143320E+02,  0.0000000E+00,  2.5549950E+02,3058,  2.4477198E+00,  0.0000000E+00,  4.4543087E-01,  1.0006004E+03,  3.5763082E+04,3,
  2.5006482E+02,  0.0000000E+00,  2.5303017E+02,2740,  9.3469435E-01,  0.0000000E+00, -1.3202932E-01,  1.0011296E+03,  6.7394039E+04,3,
  2.5303209E+02,  0.0000000E+00,  2.5783167E+02,2767,  2.1872616E+00,  0.0000000E+00, -4.0621150E-01,  1.0002366E+03,  1.4076088E+04,3,
  2.5371768E+02,  0.0000000E+00,  2.5699707E+02,3086,  2.3612177E+00,  0.0000000E+00, -6.9179612E-01,  1.0009645E+03,  5.7512043E+04,3,
  2.5175612E+02,  0.0000000E+00,  2.5353230E+02,2930,  1.3694382E+00,  0.0000000E+00,  4.0894985E-01,  1.0001398E+03,  8.3139521E+03,3,
  2.5266887E+02,  0.0000000E+00,  2.5351984E+02,2967,  1.5085796E+00,  0.0000000E+00, -9.7610906E-02,  1.0007205E+03,  4.2929707E+04,3,
  2.5043149E+02,  0.0000000E+00,  2.5222034E+02,3090,  4.6158656E-01,  0.0000000E+00,  2.1587208E-02,  1.0022498E+03,  1.3467208E+05,3,
  2.5412364E+02,  0.0000000E+00,  2.5236519E+02,3072,  3.4008309E-01,  0.0000000E+00, -3.9403516E-01,  1.0024354E+03,  1.4586764E+05,3,
  2.4885968E+02,  0.0000000E+00,  2.5788367E+02,2994,  2.0258408E+00,  0.0000000E+00, -7.9694790E-01,  1.0003443E+03,  2.0492486E+04,3,
  2.5431198E+02,  0.0000000E+00,  2.5346004E+02,3096,  1.2476193E+00,  0.0000000E+00, -7.0333612E-01,  1.0009581E+03,  5.7128793E+04,3,
  2.5519145E+02,  0.0000000E+00,  2.5688400E+02,3003,  2.6141198E+00,  0.0000000E+00, -4.2533666E-01,  1.0004344E+03,  2.5861453E+04,3,
  2.5657632E+02,  0.0000000E+00,  2.5769894E+02,3133,  2.7768383E+00,  0.0000000E+00,  1.7953423E-01,  1.0000669E+03,  3.9782095E+03,3,
  2.5623013E+02,  0.0000000E+00,  2.5581682E+02,2885,  2.0533402E+00,  0.0000000E+00, -3.1671596E-01,  1.0008769E+03,  5.2275559E+04,3,
  2.5608780E+02,  0.0000000E+00,  2.5279305E+02,3107,  1.0659919E+00,  0.0000000E+00, -1.2972604E-01,  1.0013399E+03,  7.9988945E+04,3,
  2.5835263E+02,  0.0000000E+00,  2.5670642E+02,2939,  2.0780222E+00,  0.0000000E+00,  8.4090583E-02,  1.0010584E+03,  6.3131094E+04,3,
  2.6039124E+02,  0.0000000E+00,  2.5764609E+02,3095,  2.2429292E+00,  0.0000000E+00,  4.2250434E-01,  1.0003256E+03,  1.9376135E+04,3,
  2.5730127E+02,  0.0000000E+00,  2.5304306E+02,3077,  1.0869815E+00,  0.0000000E+00, -5.2065369E-02,  1.0007845E+03,  4.6757422E+04,3,
  2.6059750E+02,  0.0000000E+00,  2.5565828E+02,2876,  1.5431312E+00,  0.0000000E+00, -1.3949816E-01,  1.0003636E+03,  2.1645332E+04,3,
  2.5796109E+02,  0.0000000E+00,  2.5279880E+02,3004,  1.1106224E+00,  0.0000000E+00, -3.8483083E-02,  1.0009830E+03,  5.8621730E+04,3,
  2.5960648E+02,  0.0000000E+00,  2.5309789E+02,3060,  1.0403764E+00,  0.0000000E+00, -1.1342860E-01,  1.0006529E+03,  3.8895797E+04,3,
  2.5893323E+02,  0.0000000E+00,  2.5292374E+02,3069,  1.1669399E+00,  0.0000000E+00, -5.4885387E-02,  1.0007968E+03,  4.7490324E+04,3,
  2.6043341E+02,  0.0000000E+00,  2.5341809E+02,2867,  1.2945729E+00,  0.0000000E+00,  3.3956613E-02,  1.0007349E+03,  4.3789902E+04,3,
  2.6170032E+02,  0.0000000E+00,  2.5794699E+02,3142,  1.9318373E+00,  0.0000000E+00,  3.4500086E-01,  1.0002800E+03,  1.6663961E+04,3,
  2.6188815E+02,  0.0000000E+00,  2.5242683E+02,2946,  9.7493881E-01,  0.0000000E+00, -2.0620516E-01,  1.0023168E+03,  1.3871533E+05,3,
  2.6232047E+02,  0.0000000E+00,  2.5605551E+02,3022,  1.3089839E+00,  0.0000000E+00, -5.0943702E-01,  1.0004338E+03,  2.5828705E+04,3,
  2.6323044E+02,  0.0000000E+00,  2.5793115E+02,3152,  1.7145118E+00,  0.0000000E+00,  2.4842656E-01,  1.0002835E+03,  1.6871164E+04,3,
  2.6410474E+02,  0.0000000E+00,  2.5648734E+02,3051,  1.3801934E+00,  0.0000000E+00, -1.8531108E-01,  1.0005714E+03,  3.4029586E+04,3,
  2.6322891E+02,  0.0000000E+00,  2.5257364E+02,3045,  1.2320181E+00,  0.0000000E+00, -1.3450325E-01,  1.0019999E+03,  1.1962809E+05,3,
  2.6514664E+02,  0.0000000E+00,  2.5769562E+02,3143,  1.5262195E+00,  0.0000000E+00,  2.5171915E-01,  1.0002868E+03,  1.7067467E+04,3,
  2.6679370E+02,  0.0000000E+00,  2.5772900E+02,3122,  1.3339278E+00,  0.0000000E+00,  3.6276931E-01,  1.0002581E+03,  1.5359035E+04,3,
  2.6780969E+02,  0.0000000E+00,  2.5713290E+02,2894,  1.2316895E+00,  0.0000000E+00,  4.2299870E-01,  1.0003495E+03,  2.0805232E+04,3,
  2.6434467E+02,  0.0000000E+00,  2.5329839E+02,2704,  1.0707386E+00,  0.0000000E+00,  2.0981722E-02,  1.0010276E+03,  6.1286938E+04,3,
  2.6603638E+02,  0.0000000E+00,  2.5610339E+02,2985,  1.4627411E+00,  0.0000000E+00, -9.6960507E-02,  1.0003351E+03,  1.9947021E+04,3,
  2.6550101E+02,  0.0000000E+00,  2.5320749E+02,2722,  1.2081497E+00,  0.0000000E+00, -1.1719682E-02,  1.0008041E+03,  4.7924254E+04,3,
  2.6615448E+02,  0.0000000E+00,  2.5296582E+02,2949,  1.1139408E+00,  0.0000000E+00, -5.8136884E-02,  1.0009794E+03,  5.8406355E+04,3,
  2.6713467E+02,  0.0000000E+00,  2.5266360E+02,2995,  1.1161666E+00,  0.0000000E+00, -1.4059153E-01,  1.0014058E+03,  8.3937023E+04,3,
  2.6823798E+02,  0.0000000E+00,  2.5286809E+02,2958,  1.3907717E+00,  0.0000000E+00, -1.8263602E-01,  1.0010290E+03,  6.1370922E+04,3,
  2.6856305E+02,  0.0000000E+00,  2.5641595E+02,3068,  1.0042471E+00,  0.0000000E+00,  2.4523380E-01,  1.0005040E+03,  3.0010201E+04,3,
  2.6977481E+02,  0.0000000E+00,  2.5774002E+02,3134,  1.3756955E+00,  0.0000000E+00,  4.3303126E-01,  1.0002044E+03,  1.2161060E+04,3,
  2.6958115E+02,  0.0000000E+00,  2.5278595E+02,2695,  9.4853550E-01,  0.0000000E+00,  2.0293635E-01,  1.0008883E+03,  5.2957789E+04,3,
  2.7028238E+02,  0.0000000E+00,  2.5684637E+02,2903,  1.1324697E+00,  0.0000000E+00,  4.4059026E-01,  1.0002471E+03,  1.4704820E+04,3,
  2.7160779E+02,  0.0000000E+00,  2.5747372E+02,2749,  1.2377294E+00,  0.0000000E+00,  4.6463391E-01,  1.0001622E+03,  9.6506445E+03,3,
  2.7289087E+02,  0.0000000E+00,  2.5738361E+02,2758,  1.1809036E+00,  0.0000000E+00,  4.8450708E-01,  1.0001005E+03,  5.9788066E+03,3,
  2.7063507E+02,  0.0000000E+00,  2.5300433E+02,3061,  6.0287452E-01,  0.0000000E+00,  4.5704016E-01,  1.0013152E+03,  7.8507438E+04,3,
  2.7344611E+02,  0.0000000E+00,  2.5646481E+02,3042,  1.4253515E+00,  0.0000000E+00,  5.5762130E-01,  1.0002920E+03,  1.7376471E+04,3,
  2.7165625E+02,  0.0000000E+00,  2.5438396E+02,2913,  1.3223739E+00,  0.0000000E+00,  1.1765257E+00,  1.0007897E+03,  4.7063703E+04,3,
  2.7008603E+02,  0.0000000E+00,  2.5333502E+02,2831,  6.3638127E-01,  0.0000000E+00,  4.5519814E-01,  1.0007377E+03,  4.3961223E+04,3,
  2.7304752E+02,  0.0000000E+00,  2.5508885E+02,2922,  1.3426182E+00,  0.0000000E+00,  3.9743745E-01,  1.0006339E+03,  3.7762809E+04,3,
  2.7483145E+02,  0.0000000E+00,  2.5468385E+02,3062,  9.3995237E-01,  0.0000000E+00, -9.9889591E-02,  1.0013280E+03,  7.9275602E+04,3,
  2.7531750E+02,  0.0000000E+00,  2.5709338E+02,3113,  1.3246484E+00,  0.0000000E+00,  3.6003584E-01,  1.0000513E+03,  3.0488499E+03,3,
  2.7681073E+02,  0.0000000E+00,  2.5722873E+02,3124,  1.2870914E+00,  0.0000000E+00,  1.3181472E-01,  1.0000511E+03,  3.0379595E+03,3,
  2.7646817E+02,  0.0000000E+00,  2.5523926E+02,3041,  7.1187776E-01,  0.0000000E+00, -1.8740523E-01,  1.0003937E+03,  2.3434873E+04,3,
  2.7838129E+02,  0.0000000E+00,  2.5695419E+02,3114,  1.1140788E+00,  0.0000000E+00,  2.2113476E-02,  1.0000415E+03,  2.4680442E+03,3,
  2.7711230E+02,  0.0000000E+00,  2.5508942E+02,2713,  6.9909132E-01,  0.0000000E+00, -1.1153536E-01,  1.0004459E+03,  2.6549152E+04,3,
  2.8046228E+02,  0.0000000E+00,  2.5681757E+02,2858,  1.0592647E+00,  0.0000000E+00,  7.8266184E-04,  1.0000624E+03,  3.7095576E+03,3,
  2.7819284E+02,  0.0000000E+00,  2.5469891E+02,2804,  7.1282142E-01,  0.0000000E+00, -5.2542884E-02,  1.0008676E+03,  5.1717406E+04,3,
  2.7953836E+02,  0.0000000E+00,  2.5491498E+02,2996,  8.2113117E-01,  0.0000000E+00, -5.8371391E-02,  1.0007164E+03,  4.2689156E+04,3,
  2.8070926E+02,  0.0000000E+00,  2.5484685E+02,2941,  7.7735323E-01,  0.0000000E+00, -1.2583235E-01,  1.0007566E+03,  4.5087629E+04,3,
  2.8233578E+02,  0.0000000E+00,  2.5693079E+02,3106,  1.0460615E+00,  0.0000000E+00, -1.7877964E-02,  1.0000918E+03,  5.4595566E+03,3,
  2.8189996E+02,  0.0000000E+00,  2.5497437E+02,2931,  6.8906212E-01,  0.0000000E+00, -1.5344419E-01,  1.0005688E+03,  3.3876645E+04,3,
  2.8268475E+02,  0.0000000E+00,  2.5527649E+02,2731,  6.8736625E-01,  0.0000000E+00, -2.4238935E-01,  1.0001533E+03,  9.1203047E+03,3,
  2.8373776E+02,  0.0000000E+00,  2.5480556E+02,2950,  8.3559853E-01,  0.0000000E+00, -1.1636590E-01,  1.0008336E+03,  4.9689352E+04,3,
  2.8466037E+02,  0.0000000E+00,  2.5703317E+02,3125,  6.7545730E-01,  0.0000000E+00, -4.8096843E-02,  1.0000771E+03,  4.5845186E+03,3,
  2.8629291E+02,  0.0000000E+00,  2.5669647E+02,3032,  7.6960266E-01,  0.0000000E+00, -1.2649943E-01,  1.0000413E+03,  2.4571545E+03,3,
  2.8522235E+02,  0.0000000E+00,  2.5467111E+02,2641,  8.1629777E-01,  0.0000000E+00, -9.1601282E-02,  1.0010015E+03,  5.9724234E+04,3,
  2.8598407E+02,  0.0000000E+00,  2.5534384E+02,2986,  7.5667048E-01,  0.0000000E+00, -3.3358764E-02,  1.0002560E+03,  1.5231823E+04,3,
  2.8724237E+02,  0.0000000E+00,  2.5492618E+02,2650,  7.7660036E-01,  0.0000000E+00, -4.8599392E-02,  1.0007155E+03,  4.2630844E+04,3,
  2.8840155E+02,  0.0000000E+00,  2.5720190E+02,3115,  8.7238657E-01,  0.0000000E+00, -1.4336008E-01,  1.0000064E+03,  3.8105493E+02,3,
  2.8859991E+02,  0.0000000E+00,  2.5475270E+02,3008,  7.9987502E-01,  0.0000000E+00, -7.6908402E-02,  1.0010201E+03,  6.0841469E+04,3,
  2.8993945E+02,  0.0000000E+00,  2.5734561E+02,3116,  8.7537062E-01,  0.0000000E+00, -1.8794262E-01,  9.9998041E+02, -1.1648485E+03,3,
  2.9061511E+02,  0.0000000E+00,  2.5725272E+02,2977,  8.2870203E-01,  0.0000000E+00, -2.1164420E-01,  9.9995300E+02, -2.7939553E+03,3,
  2.9005450E+02,  0.0000000E+00,  2.5485658E+02,2999,  8.7250739E-01,  0.0000000E+00, -1.1039284E-01,  1.0010791E+03,  6.4369242E+04,3,
  2.9206821E+02,  0.0000000E+00,  2.5716595E+02,3108,  9.5121795E-01,  0.0000000E+00, -2.8389290E-01,  1.0000212E+03,  1.2629812E+03,3,
  2.9183636E+02,  0.0000000E+00,  2.5462537E+02,3009,  8.5663843E-01,  0.0000000E+00, -2.4522625E-01,  1.0015358E+03,  9.1735312E+04,3,
  2.9451129E+02,  0.0000000E+00,  2.5700507E+02,3117,  1.2301856E+00,  0.0000000E+00, -7.6529384E-02,  1.0001375E+03,  8.1795669E+03,3,
  2.9390997E+02,  0.0000000E+00,  2.5572563E+02,2968,  9.9312907E-01,  0.0000000E+00,  9.0299845E-02,  1.0002027E+03,  1.2059323E+04,3,
  2.9389441E+02,  0.0000000E+00,  2.5489601E+02,2849,  7.5748694E-01,  0.0000000E+00, -4.8704743E-01,  1.0004601E+03,  2.7393377E+04,3,
  2.9503229E+02,  0.0000000E+00,  2.5392308E+02,3015,  6.0005087E-01,  0.0000000E+00, -5.7798243E-01,  1.0005077E+03,  3.0232244E+04,3,
  2.9631467E+02,  0.0000000E+00,  2.5673322E+02,3078,  6.6097003E-01,  0.0000000E+00, -1.5736297E-01,  1.0001849E+03,  1.0998415E+04,3,
  2.9713419E+02,  0.0000000E+00,  2.5671637E+02,3059,  5.8265448E-01,  0.0000000E+00, -3.1921294E-01,  1.0002132E+03,  1.2684294E+04,3,
  2.9631595E+02,  0.0000000E+00,  2.5328787E+02,3005,  6.0142976E-01,  0.0000000E+00, -3.3874935E-01,  1.0005226E+03,  3.1124107E+04,3,
  2.9810321E+02,  0.0000000E+00,  2.5641367E+02,2959,  7.6035893E-01,  0.0000000E+00, -5.2269804E-01,  1.0002714E+03,  1.6151421E+04,3,
  2.9572314E+02,  0.0000000E+00,  2.5277179E+02,2937,  2.8738167E-02,  0.0000000E+00, -2.3068723E-01,  1.0011317E+03,  6.7518266E+04,3,
  2.9897284E+02,  0.0000000E+00,  2.5673410E+02,3097,  8.7390089E-01,  0.0000000E+00, -5.3981650E-01,  1.0002595E+03,  1.5438998E+04,3,
  3.0029849E+02,  0.0000000E+00,  2.5648300E+02,3088,  9.8345482E-01,  0.0000000E+00, -3.9597747E-01,  1.0002853E+03,  1.6976586E+04,3,
  3.0128879E+02,  0.0000000E+00,  2.5618036E+02,3099,  1.0144674E+00,  0.0000000E+00, -1.8173304E-01,  1.0002421E+03,  1.4406803E+04,3,
  2.9921570E+02,  0.0000000E+00,  2.5347241E+02,2886,  8.3981568E-01,  0.0000000E+00, -1.3885944E-01,  1.0005205E+03,  3.0996693E+04,3,
  2.9952481E+02,  0.0000000E+00,  2.5252318E+02,2981,  4.6049136E-01,  0.0000000E+00, -2.1119745E-01,  1.0012188E+03,  7.2729859E+04,3,
  3.0074023E+02,  0.0000000E+00,  2.5224408E+02,2960,  6.4465535E-01,  0.0000000E+00, -6.5922594E-01,  1.0008597E+03,  5.1250480E+04,3,
  2.9735870E+02,  0.0000000E+00,  2.5272890E+02,2963,  4.9215055E-01,  0.0000000E+00, -1.6725314E-01,  1.0013772E+03,  8.2224414E+04,3,
  3.0190955E+02,  0.0000000E+00,  2.5495306E+02,3014,  5.5870497E-01,  0.0000000E+00, -3.3152518E-01,  1.0009086E+03,  5.4172785E+04,3,
  3.0346112E+02,  0.0000000E+00,  2.5641144E+02,3098,  9.4971663E-01,  0.0000000E+00, -1.2582107E-02,  1.0002184E+03,  1.2996795E+04,3,
  3.0455130E+02,  0.0000000E+00,  2.5663068E+02,2940,  8.4771323E-01,  0.0000000E+00,  1.7972194E-03,  1.0002014E+03,  1.1983021E+04,3,
  3.0597736E+02,  0.0000000E+00,  2.5674750E+02,3070,  7.2992676E-01,  0.0000000E+00, -4.3294258E-02,  1.0002099E+03,  1.2488078E+04,3,
  3.0481882E+02,  0.0000000E+00,  2.5448610E+02,3050,  6.8528181E-01,  0.0000000E+00, -3.8985503E-01,  1.0006923E+03,  4.1249625E+04,3,
  3.0357330E+02,  0.0000000E+00,  2.5356842E+02,2896,  4.8996371E-01,  0.0000000E+00,  1.0856000E-01,  1.0007079E+03,  4.2182562E+04,3,
  3.0721674E+02,  0.0000000E+00,  2.5706061E+02,3089,  6.5017062E-01,  0.0000000E+00, -1.3777612E-01,  1.0002049E+03,  1.2190128E+04,3,
  3.0619208E+02,  0.0000000E+00,  2.5351762E+02,2970,  4.9322498E-01,  0.0000000E+00, -2.4700202E-01,  1.0008610E+03,  5.1323438E+04,3,
  3.0754657E+02,  0.0000000E+00,  2.5495831E+02,3024,  5.3644115E-01,  0.0000000E+00, -2.7050367E-02,  1.0004963E+03,  2.9555209E+04,3,
  3.0845428E+02,  0.0000000E+00,  2.5349974E+02,2923,  7.8253698E-01,  0.0000000E+00,  5.5181712E-02,  1.0008288E+03,  4.9401223E+04,3,
  3.0866629E+02,  0.0000000E+00,  2.5691187E+02,3079,  8.6680144E-01,  0.0000000E+00, -2.1894789E-01,  1.0002369E+03,  1.4094259E+04,3,
  3.1007242E+02,  0.0000000E+00,  2.5691003E+02,3081,  8.8807684E-01,  0.0000000E+00, -1.8123932E-01,  1.0002354E+03,  1.4007038E+04,3,
  3.0994711E+02,  0.0000000E+00,  2.5418236E+02,2632,  6.0459727E-01,  0.0000000E+00,  9.6750492E-03,  1.0007905E+03,  4.7114750E+04,3,
  3.1150000E+02,  0.0000000E+00,  2.5687460E+02,3071,  8.6035734E-01,  0.0000000E+00, -1.3155057E-01,  1.0002148E+03,  1.2778771E+04,3,
  3.1135309E+02,  0.0000000E+00,  2.5409149E+02,2944,  6.9543785E-01,  0.0000000E+00, -1.0990338E-01,  1.0008447E+03,  5.0349516E+04,3,
  3.1245306E+02,  0.0000000E+00,  2.5661392E+02,3023,  9.2213631E-01,  0.0000000E+00, -8.7643199E-02,  1.0002257E+03,  1.3429225E+04,3,
  3.1297424E+02,  0.0000000E+00,  2.5390355E+02,2969,  7.1546507E-01,  0.0000000E+00, -8.6327739E-02,  1.0008403E+03,  5.0086902E+04,3,
  3.1443283E+02,  0.0000000E+00,  2.5709152E+02,3080,  9.7962224E-01,  0.0000000E+00, -9.9120736E-02,  1.0001660E+03,  9.8758652E+03,3,
  3.1415967E+02,  0.0000000E+00,  2.5595421E+02,2605,  8.1067038E-01,  0.0000000E+00, -2.7342986E-03,  1.0003647E+03,  2.1707160E+04,3,
  3.1470819E+02,  0.0000000E+00,  2.5369449E+02,2895,  5.4067063E-01,  0.0000000E+00, -4.0085372E-02,  1.0007822E+03,  4.6615223E+04,3,
  3.1624478E+02,  0.0000000E+00,  2.5710147E+02,3063,  1.0512338E+00,  0.0000000E+00, -1.3442059E-01,  1.0001802E+03,  1.0722307E+04,3,
  3.1624817E+02,  0.0000000E+00,  2.5489822E+02,3033,  7.4956405E-01,  0.0000000E+00,  1.0031591E-01,  1.0006585E+03,  3.9230984E+04,3,
  3.1770374E+02,  0.0000000E+00,  2.5680627E+02,3052,  1.1318341E+00,  0.0000000E+00, -1.4800890E-01,  1.0001871E+03,  1.1132839E+04,3,
  3.1683417E+02,  0.0000000E+00,  2.5341776E+02,2840,  5.6574327E-01,  0.0000000E+00,  9.4498031E-02,  1.0008409E+03,  5.0123379E+04,3,
  3.1916110E+02,  0.0000000E+00,  2.5687024E+02,3053,  1.2264125E+00,  0.0000000E+00, -1.7930283E-01,  1.0001860E+03,  1.1063811E+04,3,
  3.1859161E+02,  0.0000000E+00,  2.5486870E+02,2888,  6.3256514E-01,  0.0000000E+00, -3.0439537E-02,  1.0005994E+03,  3.5704809E+04,3,
  3.2037479E+02,  0.0000000E+00,  2.5690027E+02,2795,  1.2278773E+00,  0.0000000E+00, -1.9038281E-01,  1.0001843E+03,  1.0965718E+04,3,
  3.1924692E+02,  0.0000000E+00,  2.5340909E+02,2951,  6.5358931E-01,  0.0000000E+00, -1.7693294E-02,  1.0008936E+03,  5.3275207E+04,3,
  3.2174048E+02,  0.0000000E+00,  2.5703836E+02,2677,  1.2045912E+00,  0.0000000E+00, -2.2479407E-01,  1.0001817E+03,  1.0809498E+04,3,
  3.2091257E+02,  0.0000000E+00,  2.5467245E+02,2904,  8.4875554E-01,  0.0000000E+00, -7.2013132E-02,  1.0007151E+03,  4.2612621E+04,3,
  3.2193008E+02,  0.0000000E+00,  2.5328955E+02,2878,  6.7142612E-01,  0.0000000E+00, -3.6639761E-02,  1.0010274E+03,  6.1275984E+04,3,
  3.2284665E+02,  0.0000000E+00,  2.5689230E+02,2822,  1.2336787E+00,  0.0000000E+00, -2.4899198E-01,  1.0001804E+03,  1.0729572E+04,3,
  3.2340048E+02,  0.0000000E+00,  2.5455510E+02,2906,  9.7269893E-01,  0.0000000E+00, -1.1551046E-01,  1.0007627E+03,  4.5452188E+04,3,
  3.2408737E+02,  0.0000000E+00,  2.5687097E+02,2686,  1.2942907E+00,  0.0000000E+00, -2.8347015E-01,  1.0001987E+03,  1.1823152E+04,3,
  3.2527811E+02,  0.0000000E+00,  2.5710803E+02,3034,  1.2653317E+00,  0.0000000E+00, -3.0515251E-01,  1.0002083E+03,  1.2393605E+04,3,
  3.2470569E+02,  0.0000000E+00,  2.5396487E+02,2877,  9.2029428E-01,  0.0000000E+00, -2.8446984E-01,  1.0008835E+03,  5.2669570E+04,3,
  3.2651593E+02,  0.0000000E+00,  2.5714386E+02,2659,  1.3106072E+00,  0.0000000E+00, -2.9254100E-01,  1.0002040E+03,  1.2139259E+04,3,
  3.2625430E+02,  0.0000000E+00,  2.5377745E+02,2860,  1.1159453E+00,  0.0000000E+00, -2.0096991E-02,  1.0008369E+03,  4.9882652E+04,3,
  3.2718460E+02,  0.0000000E+00,  2.5528302E+02,2914,  1.2335325E+00,  0.0000000E+00, -1.3985991E-01,  1.0005611E+03,  3.3417836E+04,3,
  3.2815143E+02,  0.0000000E+00,  2.5723557E+02,3054,  1.4645705E+00,  0.0000000E+00, -2.2360176E-01,  1.0002133E+03,  1.2691562E+04,3,
  3.2822159E+02,  0.0000000E+00,  2.5327011E+02,2868,  9.7692651E-01,  0.0000000E+00, -1.3972360E-01,  1.0008559E+03,  5.1020672E+04,3,
  3.2931659E+02,  0.0000000E+00,  2.5440338E+02,2907,  1.2322212E+00,  0.0000000E+00, -1.0635882E-01,  1.0006843E+03,  4.0768613E+04,3,
  3.2940680E+02,  0.0000000E+00,  2.5681885E+02,2668,  1.3978002E+00,  0.0000000E+00, -1.4800186E-01,  1.0002823E+03,  1.6798461E+04,3,
  3.3060641E+02,  0.0000000E+00,  2.5707474E+02,3025,  1.3830651E+00,  0.0000000E+00, -7.5110719E-02,  1.0002230E+03,  1.3269332E+04,3,
  3.3067368E+02,  0.0000000E+00,  2.5347731E+02,2971,  9.6815896E-01,  0.0000000E+00, -3.6241052E-01,  1.0009585E+03,  5.7154344E+04,3,
  3.3160849E+02,  0.0000000E+00,  2.5659888E+02,3006,  1.4215436E+00,  0.0000000E+00, -2.2951009E-02,  1.0003417E+03,  2.0339754E+04,3,
  3.3009369E+02,  0.0000000E+00,  2.5158246E+02,2851,  7.7149147E-01,  0.0000000E+00, -1.8869814E-01,  1.0000947E+03,  5.6302163E+03,3,
  3.3280319E+02,  0.0000000E+00,  2.5701862E+02,3043,  1.4071406E+00,  0.0000000E+00,  4.2288490E-02,  1.0002325E+03,  1.3836234E+04,3,
  3.3222638E+02,  0.0000000E+00,  2.5434351E+02,2997,  9.7483069E-01,  0.0000000E+00,  6.2611096E-02,  1.0007004E+03,  4.1730660E+04,3,
  3.3385712E+02,  0.0000000E+00,  2.5713074E+02,2813,  1.3898990E+00,  0.0000000E+00,  4.2823140E-02,  1.0002056E+03,  1.2230096E+04,3,
  3.3318192E+02,  0.0000000E+00,  2.5337296E+02,2916,  1.1311349E+00,  0.0000000E+00,  3.5439841E-02,  1.0009186E+03,  5.4771215E+04,3,
  3.3500891E+02,  0.0000000E+00,  2.5666830E+02,2987,  1.3392429E+00,  0.0000000E+00,  1.3071257E-02,  1.0002646E+03,  1.5747950E+04,3,
  3.3504840E+02,  0.0000000E+00,  2.5473961E+02,2889,  8.2995498E-01,  0.0000000E+00, -1.1410300E-01,  1.0007223E+03,  4.3039051E+04,3,
  3.3554776E+02,  0.0000000E+00,  2.5350153E+02,2988,  1.0884925E+00,  0.0000000E+00,  7.2569273E-02,  1.0008585E+03,  5.1177523E+04,3,
  3.3618744E+02,  0.0000000E+00,  2.5730554E+02,3044,  1.4323435E+00,  0.0000000E+00, -4.7341041E-02,  1.0002042E+03,  1.2150159E+04,3,
  3.3749353E+02,  0.0000000E+00,  2.5732065E+02,3035,  1.4396701E+00,  0.0000000E+00, -3.1841714E-02,  1.0002057E+03,  1.2240997E+04,3,
  3.3739621E+02,  0.0000000E+00,  2.5476105E+02,2750,  1.1134744E+00,  0.0000000E+00,  9.6892659E-03,  1.0005952E+03,  3.5453508E+04,3,
  3.3774973E+02,  0.0000000E+00,  2.5333498E+02,2777,  1.1062654E+00,  0.0000000E+00,  1.6977590E-01,  1.0009568E+03,  5.7055797E+04,3,
  3.3855560E+02,  0.0000000E+00,  2.5673807E+02,2932,  1.3816493E+00,  0.0000000E+00,  1.1075421E-02,  1.0002560E+03,  1.5231823E+04,3,
  3.3981415E+02,  0.0000000E+00,  2.5743918E+02,3036,  1.4737127E+00,  0.0000000E+00,  5.9617367E-02,  1.0001807E+03,  1.0747737E+04,3,
  3.3986087E+02,  0.0000000E+00,  2.5488115E+02,2933,  1.1851742E+00,  0.0000000E+00,  8.5778818E-02,  1.0007799E+03,  4.6480316E+04,3,
  3.4101447E+02,  0.0000000E+00,  2.5706094E+02,2905,  1.4718851E+00,  0.0000000E+00,  1.3985652E-01,  1.0001979E+03,  1.1772285E+04,3,
  3.4233582E+02,  0.0000000E+00,  2.5719186E+02,2978,  1.3966087E+00,  0.0000000E+00,  1.5965839E-01,  1.0001997E+03,  1.1881286E+04,3,
  3.4011945E+02,  0.0000000E+00,  2.5350584E+02,2778,  1.1354748E+00,  0.0000000E+00,  2.5535232E-01,  1.0010005E+03,  5.9665824E+04,3,
  3.4218936E+02,  0.0000000E+00,  2.5490144E+02,2943,  1.3202370E+00,  0.0000000E+00,  2.5814194E-02,  1.0006800E+03,  4.0513539E+04,3,
  3.4258990E+02,  0.0000000E+00,  2.5349083E+02,2897,  9.7385144E-01,  0.0000000E+00, -1.1166870E-01,  1.0008605E+03,  5.1294254E+04,3,
  3.4342056E+02,  0.0000000E+00,  2.5754276E+02,3026,  1.3789220E+00,  0.0000000E+00,  1.0969169E-01,  1.0001883E+03,  1.1201868E+04,3,
  3.4432684E+02,  0.0000000E+00,  2.5381120E+02,2891,  1.0660939E+00,  0.0000000E+00,  2.3724807E-02,  1.0008306E+03,  4.9510637E+04,3,
  3.4460324E+02,  0.0000000E+00,  2.5738239E+02,3017,  1.3937740E+00,  0.0000000E+00,  4.3502387E-02,  1.0001844E+03,  1.0972983E+04,3,
  3.4489273E+02,  0.0000000E+00,  2.5547571E+02,2768,  1.0503817E+00,  0.0000000E+00, -1.0938754E-02,  1.0006024E+03,  3.5879633E+04,3,
  3.4624249E+02,  0.0000000E+00,  2.5750537E+02,3027,  1.3596140E+00,  0.0000000E+00, -8.4384941E-02,  1.0001870E+03,  1.1121939E+04,3,
  3.4597009E+02,  0.0000000E+00,  2.5380696E+02,2515,  1.1717592E+00,  0.0000000E+00,  1.4506924E-01,  1.0009142E+03,  5.4504836E+04,3,
  3.4740933E+02,  0.0000000E+00,  2.5721835E+02,2786,  1.4470205E+00,  0.0000000E+00, -1.0908386E-01,  1.0002092E+03,  1.2448108E+04,3,
  3.4758408E+02,  0.0000000E+00,  2.5521594E+02,2551,  1.2715095E+00,  0.0000000E+00, -6.4954184E-02,  1.0006782E+03,  4.0404223E+04,3,
  3.4874954E+02,  0.0000000E+00,  2.5746057E+02,3007,  1.4468393E+00,  0.0000000E+00, -1.0318542E-01,  1.0002326E+03,  1.3839868E+04,3,
  3.4794058E+02,  0.0000000E+00,  2.5355412E+02,2844,  1.0504569E+00,  0.0000000E+00,  4.5697462E-02,  1.0008933E+03,  5.3256965E+04,3,
  3.4954486E+02,  0.0000000E+00,  2.5460466E+02,2859,  1.3705237E+00,  0.0000000E+00, -6.5347119E-03,  1.0006434E+03,  3.8327465E+04,3,
  3.4987769E+02,  0.0000000E+00,  2.5771240E+02,3018,  1.4582448E+00,  0.0000000E+00, -9.3597740E-02,  1.0002275E+03,  1.3534609E+04,3,
  3.5105173E+02,  0.0000000E+00,  2.5515628E+02,2880,  1.3321165E+00,  0.0000000E+00,  4.7132917E-02,  1.0006142E+03,  3.6586234E+04,3,
  3.5118954E+02,  0.0000000E+00,  2.5739401E+02,2759,  1.4611717E+00,  0.0000000E+00, -6.7052081E-02,  1.0002253E+03,  1.3407421E+04,3,
  3.5027112E+02,  0.0000000E+00,  2.5288896E+02,2898,  6.7416030E-01,  0.0000000E+00, -2.8232926E-01,  1.0009042E+03,  5.3910070E+04,3,
  3.5243677E+02,  0.0000000E+00,  2.5767868E+02,2998,  1.4888119E+00,  0.0000000E+00, -8.0012411E-02,  1.0001946E+03,  1.1576087E+04,3,
  3.5213379E+02,  0.0000000E+00,  2.5354155E+02,2853,  9.4634348E-01,  0.0000000E+00, -9.1006853E-02,  1.0008625E+03,  5.1418277E+04,3,
  3.5375290E+02,  0.0000000E+00,  2.5766605E+02,2989,  1.6124254E+00,  0.0000000E+00, -4.0814649E-02,  1.0001879E+03,  1.1176437E+04,3,
  3.5321851E+02,  0.0000000E+00,  2.5540932E+02,2587,  1.2751006E+00,  0.0000000E+00, -6.1437998E-02,  1.0006849E+03,  4.0805051E+04,3,
  3.5502982E+02,  0.0000000E+00,  2.5768497E+02,2623,  1.5715743E+00,  0.0000000E+00, -1.2239666E-02,  1.0001896E+03,  1.1281797E+04,3,
  3.5383148E+02,  0.0000000E+00,  2.5361928E+02,2797,  1.0993190E+00,  0.0000000E+00, -6.0350265E-02,  1.0009757E+03,  5.8183680E+04,3,
  3.5529813E+02,  0.0000000E+00,  2.5517393E+02,2833,  1.1038061E+00,  0.0000000E+00,  1.2001490E-01,  1.0006711E+03,  3.9985191E+04,3,
  3.5586935E+02,  0.0000000E+00,  2.5330417E+02,2779,  9.8064339E-01,  0.0000000E+00, -1.9693285E-01,  1.0008342E+03,  4.9725820E+04,3,
  3.5621335E+02,  0.0000000E+00,  2.5795255E+02,2980,  1.5303930E+00,  0.0000000E+00, -9.1290511E-02,  1.0001815E+03,  1.0798599E+04,3,
  3.5717725E+02,  0.0000000E+00,  2.5576718E+02,2714,  1.3653493E+00,  0.0000000E+00,  2.6154792E-01,  1.0005874E+03,  3.4987344E+04,3,
  3.5772418E+02,  0.0000000E+00,  2.5784821E+02,2614,  1.7636570E+00,  0.0000000E+00, -1.8266818E-01,  1.0001594E+03,  9.4799150E+03,3,
  3.5758264E+02,  0.0000000E+00,  2.5429329E+02,2917,  8.0980480E-01,  0.0000000E+00, -5.3728330E-03,  1.0007242E+03,  4.3155684E+04,3,
  3.6122021E+02,  0.0000000E+00,  2.5244759E+02,2818,  9.6926200E-01,  0.0000000E+00,  7.3750645E-01,  9.9994562E+02, -3.2329336E+03,3,
  3.6013678E+02,  0.0000000E+00,  2.5778180E+02,2961,  2.0357242E+00,  0.0000000E+00, -3.5698035E-01,  1.0001731E+03,  1.0297261E+04,3,
  3.5851233E+02,  0.0000000E+00,  2.5347717E+02,2861,  9.5782375E-01,  0.0000000E+00, -9.6222982E-02,  1.0010778E+03,  6.4288887E+04,3,
  3.5966092E+02,  0.0000000E+00,  2.5576823E+02,2742,  1.1089120E+00,  0.0000000E+00,  1.7697249E-01,  1.0005746E+03,  3.4222586E+04,3,
  3.6258752E+02,  0.0000000E+00,  2.5747916E+02,2925,  2.3141236E+00,  0.0000000E+00, -4.3219084E-01,  1.0002175E+03,  1.2938654E+04,3,
  3.6051230E+02,  0.0000000E+00,  2.5437405E+02,2651,  1.1610947E+00,  0.0000000E+00,  1.3128342E-01,  1.0009424E+03,  5.6190805E+04,3,
  3.6236414E+02,  0.0000000E+00,  2.5611975E+02,2823,  1.7722902E+00,  0.0000000E+00,  3.3244064E-01,  9.9993707E+02, -3.7408184E+03,3,
  3.6272974E+02,  0.0000000E+00,  2.5430272E+02,2864,  1.1371572E+00,  0.0000000E+00, -7.2220594E-01,  1.0021489E+03,  1.2859738E+05,3,
  3.6160376E+02,  0.0000000E+00,  2.5811719E+02,3000,  2.0831130E+00,  0.0000000E+00, -4.2146063E-01,  1.0002190E+03,  1.3029499E+04,3,
  3.6308212E+02,  0.0000000E+00,  2.5269148E+02,2708,  9.9288571E-01,  0.0000000E+00,  2.1137504E-01,  1.0008026E+03,  4.7833090E+04,3,
  3.6417761E+02,  0.0000000E+00,  2.5786670E+02,2990,  2.2195103E+00,  0.0000000E+00, -3.9176202E-01,  1.0003113E+03,  1.8528955E+04,3,
  3.6426758E+02,  0.0000000E+00,  2.5319585E+02,2773,  1.3047817E+00,  0.0000000E+00,  8.0129378E-02,  1.0000864E+03,  5.1400317E+03,3,
  3.6550595E+02,  0.0000000E+00,  2.5763110E+02,2741,  2.2070644E+00,  0.0000000E+00, -2.9441491E-01,  1.0003130E+03,  1.8627123E+04,3,
  3.6542365E+02,  0.0000000E+00,  2.5568813E+02,2935,  2.4684896E+00,  0.0000000E+00, -1.8521210E-03,  1.0003832E+03,  2.2809225E+04,3,
  3.6492081E+02,  0.0000000E+00,  2.5318864E+02,2800,  9.6048456E-01,  0.0000000E+00,  9.4219791E-03,  1.0004802E+03,  2.8590697E+04,3,
  3.6679156E+02,  0.0000000E+00,  2.5789639E+02,2973,  2.3207130E+00,  0.0000000E+00, -2.8224000E-01,  1.0002401E+03,  1.4286872E+04,3,
  3.6720456E+02,  0.0000000E+00,  2.5567961E+02,2824,  2.0399842E+00,  0.0000000E+00, -3.4845330E-02,  1.0005484E+03,  3.2660482E+04,3,
  3.6811331E+02,  0.0000000E+00,  2.5756223E+02,2972,  2.4373715E+00,  0.0000000E+00, -2.9700446E-01,  1.0002393E+03,  1.4239627E+04,3,
  3.6585641E+02,  0.0000000E+00,  2.5277905E+02,2728,  1.3432040E+00,  0.0000000E+00, -5.3825911E-02,  1.0012480E+03,  7.4484719E+04,3,
  3.6952072E+02,  0.0000000E+00,  2.5742990E+02,2841,  2.5409913E+00,  0.0000000E+00, -2.8125030E-01,  1.0002614E+03,  1.5551674E+04,3,
  3.6904745E+02,  0.0000000E+00,  2.5562207E+02,2669,  2.1617332E+00,  0.0000000E+00, -2.0373125E-01,  1.0004609E+03,  2.7440684E+04,3,
  3.6695129E+02,  0.0000000E+00,  2.5299396E+02,2662,  9.4865286E-01,  0.0000000E+00, -1.6538318E-01,  1.0007341E+03,  4.3742520E+04,3,
  3.6797943E+02,  0.0000000E+00,  2.5285033E+02,2552,  8.3694082E-01,  0.0000000E+00, -1.8107211E-02,  1.0010239E+03,  6.1064203E+04,3,
  3.6912973E+02,  0.0000000E+00,  2.5256529E+02,2748,  1.3060334E+00,  0.0000000E+00,  7.9274721E-02,  1.0016696E+03,  9.9770602E+04,3,
  3.7086603E+02,  0.0000000E+00,  2.5778885E+02,2982,  2.5019474E+00,  0.0000000E+00, -1.5748504E-01,  1.0002098E+03,  1.2480811E+04,3,
  3.7078592E+02,  0.0000000E+00,  2.5357915E+02,2743,  1.7664458E+00,  0.0000000E+00, -4.9992883E-01,  1.0002820E+03,  1.6780285E+04,3,
  3.7119559E+02,  0.0000000E+00,  2.5600647E+02,2835,  2.2763486E+00,  0.0000000E+00, -2.6725066E-01,  1.0006801E+03,  4.0520824E+04,3,
  3.7234760E+02,  0.0000000E+00,  2.5745129E+02,2869,  2.3913231E+00,  0.0000000E+00, -5.0312199E-02,  1.0002434E+03,  1.4483124E+04,3,
  3.7086826E+02,  0.0000000E+00,  2.5271147E+02,2756,  9.9471939E-01,  0.0000000E+00, -4.6109583E-02,  1.0011401E+03,  6.8018844E+04,3,
  3.7218063E+02,  0.0000000E+00,  2.5296852E+02,2724,  1.4149637E+00,  0.0000000E+00, -1.7575774E-01,  1.0006921E+03,  4.1235047E+04,3,
  3.7356503E+02,  0.0000000E+00,  2.5575160E+02,2615,  2.2217171E+00,  0.0000000E+00, -1.4761074E-01,  1.0005658E+03,  3.3698215E+04,3,
  3.7361722E+02,  0.0000000E+00,  2.5774905E+02,2962,  2.3099809E+00,  0.0000000E+00, -2.5806557E-02,  1.0002043E+03,  1.2157427E+04,3,
  3.7300177E+02,  0.0000000E+00,  2.5288292E+02,2642,  1.2123072E+00,  0.0000000E+00, -7.7607431E-02,  1.0008401E+03,  5.0075961E+04,3,
  3.7481274E+02,  0.0000000E+00,  2.5721341E+02,2887,  2.2806880E+00,  0.0000000E+00, -1.6462306E-02,  1.0002983E+03,  1.7754559E+04,3,
  3.7379541E+02,  0.0000000E+00,  2.5306342E+02,2488,  1.3581626E+00,  0.0000000E+00,  1.5001629E-02,  1.0006183E+03,  3.6833922E+04,3,
  3.7600018E+02,  0.0000000E+00,  2.5763791E+02,2954,  2.3742759E+00,  0.0000000E+00,  1.1966779E-02,  1.0002217E+03,  1.3193021E+04,3,
  3.7622928E+02,  0.0000000E+00,  2.5576144E+02,2687,  2.1713932E+00,  0.0000000E+00, -4.6913546E-02,  1.0006432E+03,  3.8316535E+04,3,
  3.7487704E+02,  0.0000000E+00,  2.5268166E+02,2718,  1.5038073E+00,  0.0000000E+00,  5.2790578E-02,  1.0012441E+03,  7.4247062E+04,3,
  3.7587775E+02,  0.0000000E+00,  2.5304655E+02,2782,  1.4325296E+00,  0.0000000E+00,  1.3450106E-02,  1.0007215E+03,  4.2991668E+04,3,
  3.7682748E+02,  0.0000000E+00,  2.5288846E+02,2716,  1.4242224E+00,  0.0000000E+00, -7.7526569E-03,  1.0008884E+03,  5.2961438E+04,3,
  3.7743396E+02,  0.0000000E+00,  2.5738843E+02,2842,  2.3280647E+00,  0.0000000E+00,  5.6688651E-02,  1.0002684E+03,  1.5973311E+04,3,
  3.7759308E+02,  0.0000000E+00,  2.5331310E+02,2817,  1.4481210E+00,  0.0000000E+00, -3.2916024E-02,  1.0003961E+03,  2.3576740E+04,3,
  3.7871616E+02,  0.0000000E+00,  2.5759506E+02,2955,  2.2777488E+00,  0.0000000E+00,  7.1550675E-02,  1.0002357E+03,  1.4025209E+04,3,
  3.7876199E+02,  0.0000000E+00,  2.5590781E+02,2470,  2.1165390E+00,  0.0000000E+00, -1.1035352E-01,  1.0005334E+03,  3.1768482E+04,3,
  3.7852289E+02,  0.0000000E+00,  2.5261848E+02,2737,  1.4036086E+00,  0.0000000E+00,  2.0783626E-02,  1.0013997E+03,  8.3571055E+04,3,
  3.8018408E+02,  0.0000000E+00,  2.5751599E+02,2964,  2.1532636E+00,  0.0000000E+00,  8.7075189E-02,  1.0002327E+03,  1.3843503E+04,3,
  3.7964853E+02,  0.0000000E+00,  2.5314288E+02,2791,  1.4903643E+00,  0.0000000E+00,  2.7561061E-02,  1.0007343E+03,  4.3753453E+04,3,
  3.8104553E+02,  0.0000000E+00,  2.5612283E+02,2815,  2.1702619E+00,  0.0000000E+00, -3.7623014E-02,  1.0006571E+03,  3.9147188E+04,3,
  3.8058759E+02,  0.0000000E+00,  2.5268492E+02,2634,  1.4971412E+00,  0.0000000E+00, -2.4047129E-02,  1.0012504E+03,  7.4627312E+04,3,
  3.8182886E+02,  0.0000000E+00,  2.5743829E+02,2934,  2.1816242E+00,  0.0000000E+00,  1.0389286E-01,  1.0002442E+03,  1.4530370E+04,3,
  3.8296164E+02,  0.0000000E+00,  2.5722900E+02,2732,  2.1821575E+00,  0.0000000E+00,  1.0020121E-01,  1.0003060E+03,  1.8209010E+04,3,
  3.8166019E+02,  0.0000000E+00,  2.5305524E+02,2479,  1.5321615E+00,  0.0000000E+00, -9.6527375E-02,  1.0006085E+03,  3.6247496E+04,3,
  3.8227487E+02,  0.0000000E+00,  2.5307841E+02,2788,  1.5150182E+00,  0.0000000E+00, -8.9908689E-02,  1.0005171E+03,  3.0792834E+04,3,
  3.8301407E+02,  0.0000000E+00,  2.5299162E+02,2734,  1.4429671E+00,  0.0000000E+00, -4.3383494E-02,  1.0006855E+03,  4.0841492E+04,3,
  3.8375708E+02,  0.0000000E+00,  2.5313721E+02,2717,  1.3702670E+00,  0.0000000E+00,  1.8035760E-02,  1.0007798E+03,  4.6476672E+04,3,
  3.8422672E+02,  0.0000000E+00,  2.5733533E+02,2578,  2.1539502E+00,  0.0000000E+00,  3.3711396E-02,  1.0002492E+03,  1.4828391E+04,3,
  3.8427667E+02,  0.0000000E+00,  2.5595190E+02,2806,  1.6856970E+00,  0.0000000E+00, -3.5368460E-01,  1.0004778E+03,  2.8452396E+04,3,
  3.8581143E+02,  0.0000000E+00,  2.5638019E+02,2836,  2.0053351E+00,  0.0000000E+00, -1.1886214E-01,  1.0002945E+03,  1.7525523E+04,3,
  3.8538168E+02,  0.0000000E+00,  2.5261751E+02,2712,  1.7394637E+00,  0.0000000E+00,  2.0825702E-01,  1.0021454E+03,  1.2838416E+05,3,
  3.8624365E+02,  0.0000000E+00,  2.5749579E+02,2945,  1.9007123E+00,  0.0000000E+00, -2.9728718E-02,  1.0002274E+03,  1.3530976E+04,3,
  3.8658212E+02,  0.0000000E+00,  2.5293860E+02,2658,  1.7466148E+00,  0.0000000E+00, -4.3973066E-02,  1.0016691E+03,  9.9737609E+04,3,
  3.8773993E+02,  0.0000000E+00,  2.5745264E+02,2936,  1.9900537E+00,  0.0000000E+00,  1.2583713E-02,  1.0002023E+03,  1.2033889E+04,3,
  3.8798965E+02,  0.0000000E+00,  2.5663675E+02,2870,  2.0054557E+00,  0.0000000E+00,  1.1963588E-02,  1.0005729E+03,  3.4124266E+04,3,
  3.8783908E+02,  0.0000000E+00,  2.5271828E+02,2703,  1.7537494E+00,  0.0000000E+00, -7.5090200E-01,  1.0012263E+03,  7.3183164E+04,3,
  3.8939542E+02,  0.0000000E+00,  2.5692603E+02,2705,  2.1644101E+00,  0.0000000E+00,  7.2476394E-02,  1.0003224E+03,  1.9190695E+04,3,
  3.8879321E+02,  0.0000000E+00,  2.5404756E+02,2720,  1.8818889E+00,  0.0000000E+00,  1.3469601E+00,  1.0002596E+03,  1.5446268E+04,3,
  3.8959927E+02,  0.0000000E+00,  2.5255083E+02,2710,  8.3348304E-01,  0.0000000E+00, -8.8974535E-01,  1.0015699E+03,  9.3786578E+04,3,
  3.9037180E+02,  0.0000000E+00,  2.5697153E+02,2560,  2.1461439E+00,  0.0000000E+00,  6.2386103E-02,  1.0002364E+03,  1.4065185E+04,3,
  3.9121985E+02,  0.0000000E+00,  2.5546021E+02,2660,  1.6800603E+00,  0.0000000E+00, -8.0033678E-01,  1.0009042E+03,  5.3906422E+04,3,
  3.9226663E+02,  0.0000000E+00,  2.5687598E+02,2796,  2.0749357E+00,  0.0000000E+00,  9.8701149E-02,  1.0001740E+03,  1.0348120E+04,3,
  3.9334003E+02,  0.0000000E+00,  2.5670343E+02,2805,  2.0993838E+00,  0.0000000E+00,  2.1578045E-01,  1.0002497E+03,  1.4857467E+04,3,
  3.9228345E+02,  0.0000000E+00,  2.5400934E+02,2706,  9.5912319E-01,  0.0000000E+00, -4.6545136E-01,  1.0006120E+03,  3.6455109E+04,3,
  3.9467059E+02,  0.0000000E+00,  2.5712531E+02,2926,  1.7724947E+00,  0.0000000E+00,  2.7673477E-01,  1.0002250E+03,  1.3389251E+04,3,
  3.9345612E+02,  0.0000000E+00,  2.5396565E+02,2733,  1.2824730E+00,  0.0000000E+00,  2.3451748E-01,  1.0007128E+03,  4.2470480E+04,3,
  3.9579321E+02,  0.0000000E+00,  2.5732727E+02,2928,  1.6705829E+00,  0.0000000E+00,  2.3395234E-01,  1.0002324E+03,  1.3828966E+04,3,
  3.9484103E+02,  0.0000000E+00,  2.5411453E+02,2781,  1.2074177E+00,  0.0000000E+00,  1.0080096E-01,  1.0007003E+03,  4.1723371E+04,3,
  3.9612891E+02,  0.0000000E+00,  2.5460898E+02,2707,  1.2542548E+00,  0.0000000E+00, -3.1279799E-01,  1.0005234E+03,  3.1171432E+04,3,
  3.9709894E+02,  0.0000000E+00,  2.5697321E+02,2899,  1.6051515E+00,  0.0000000E+00,  1.3385646E-01,  1.0002813E+03,  1.6740299E+04,3,
  3.9727374E+02,  0.0000000E+00,  2.5400752E+02,2678,  1.3140424E+00,  0.0000000E+00, -4.7616329E-02,  1.0007260E+03,  4.3257738E+04,3,
  3.9851416E+02,  0.0000000E+00,  2.5724146E+02,2900,  1.6312282E+00,  0.0000000E+00,  1.0082591E-01,  1.0002250E+03,  1.3389251E+04,3,
  3.9863712E+02,  0.0000000E+00,  2.5486734E+02,2789,  1.1348515E+00,  0.0000000E+00, -1.7347593E-02,  1.0005400E+03,  3.2158039E+04,3,
  3.9998621E+02,  0.0000000E+00,  2.5708362E+02,2927,  1.5699768E+00,  0.0000000E+00,  1.0969733E-01,  1.0002156E+03,  1.2829643E+04,3,
  3.9947256E+02,  0.0000000E+00,  2.5395456E+02,2645,  1.2402171E+00,  0.0000000E+00,  1.1072601E-01,  1.0006839E+03,  4.0746746E+04,3,
  4.0164551E+02,  0.0000000E+00,  2.5693030E+02,2533,  1.5110185E+00,  0.0000000E+00,  9.3822166E-02,  1.0002017E+03,  1.2001188E+04,3,
  4.0128610E+02,  0.0000000E+00,  2.5530994E+02,2570,  1.2240613E+00,  0.0000000E+00, -1.3111961E-02,  1.0004992E+03,  2.9726283E+04,3,
  4.0141220E+02,  0.0000000E+00,  2.5390099E+02,2799,  1.1723207E+00,  0.0000000E+00,  1.9623037E-02,  1.0006934E+03,  4.1315219E+04,3,
  4.0319739E+02,  0.0000000E+00,  2.5699911E+02,2901,  1.4724313E+00,  0.0000000E+00,  9.3586624E-02,  1.0002051E+03,  1.2201028E+04,3,
  4.0314719E+02,  0.0000000E+00,  2.5394536E+02,2688,  1.1045651E+00,  0.0000000E+00,  9.0541221E-02,  1.0007208E+03,  4.2947934E+04,3,
  4.1029196E+02,  0.0000000E+00,  2.5155899E+02,2673,  8.8423073E-01,  0.0000000E+00,  7.4761218E-01,  1.0006512E+03,  3.8793785E+04,3,
  4.0443069E+02,  0.0000000E+00,  2.5660526E+02,2769,  1.4532064E+00,  0.0000000E+00,  1.1930722E-01,  1.0002303E+03,  1.3701774E+04,3,
  4.0429108E+02,  0.0000000E+00,  2.5477055E+02,2624,  1.1915771E+00,  0.0000000E+00, -1.6967751E-01,  1.0005704E+03,  3.3971324E+04,3,
  4.0558136E+02,  0.0000000E+00,  2.5404678E+02,2735,  1.2265625E+00,  0.0000000E+00,  2.4828499E-02,  1.0006765E+03,  4.0302195E+04,3,
  4.0594580E+02,  0.0000000E+00,  2.5693796E+02,2524,  1.2617389E+00,  0.0000000E+00,  1.3001223E-01,  1.0001949E+03,  1.1594253E+04,3,
  4.0765225E+02,  0.0000000E+00,  2.5697491E+02,2882,  1.3060170E+00,  0.0000000E+00,  9.6938692E-02,  1.0001713E+03,  1.0191910E+04,3,
  4.0746088E+02,  0.0000000E+00,  2.5563068E+02,2790,  1.2037851E+00,  0.0000000E+00,  8.8503018E-02,  1.0004047E+03,  2.4089664E+04,3,
  4.0719022E+02,  0.0000000E+00,  2.5389809E+02,2827,  1.0092942E+00,  0.0000000E+00,  3.5699056E-03,  1.0007623E+03,  4.5426668E+04,3,
  4.0935648E+02,  0.0000000E+00,  2.5690640E+02,2871,  1.4634757E+00,  0.0000000E+00,  1.7301679E-01,  1.0001965E+03,  1.1688719E+04,3,
  4.1041373E+02,  0.0000000E+00,  2.5587984E+02,2674,  1.3466202E+00,  0.0000000E+00,  3.2393333E-01,  1.0003851E+03,  2.2921984E+04,3,
  4.0881119E+02,  0.0000000E+00,  2.5417616E+02,2771,  1.0773000E+00,  0.0000000E+00,  3.3883953E-01,  1.0007552E+03,  4.5007426E+04,3,
  4.1064423E+02,  0.0000000E+00,  2.5424640E+02,2516,  1.0106659E+00,  0.0000000E+00,  1.6325146E-01,  1.0005923E+03,  3.5278691E+04,3,
  4.1151138E+02,  0.0000000E+00,  2.5700320E+02,2873,  1.4351770E+00,  0.0000000E+00,  3.0738747E-01,  1.0002217E+03,  1.3189388E+04,3,
  4.1249072E+02,  0.0000000E+00,  2.5249910E+02,2666,  1.5927869E+00,  0.0000000E+00,  8.4777343E-01,  1.0013939E+03,  8.3223398E+04,3,
  4.1302936E+02,  0.0000000E+00,  2.5691089E+02,2890,  1.3174369E+00,  0.0000000E+00,  2.5741357E-01,  1.0002228E+03,  1.3254797E+04,3,
  4.1296588E+02,  0.0000000E+00,  2.5533893E+02,2652,  1.2379792E+00,  0.0000000E+00,  4.1238070E-01,  1.0004536E+03,  2.7004006E+04,3,
  4.1277048E+02,  0.0000000E+00,  2.5379097E+02,2770,  9.7968680E-01,  0.0000000E+00,  2.8527287E-01,  1.0001498E+03,  8.9096299E+03,3,
  4.1431198E+02,  0.0000000E+00,  2.5273338E+02,2649,  1.3510687E+00,  0.0000000E+00,  1.1693458E-01,  1.0015410E+03,  9.2046641E+04,3,
  4.1515744E+02,  0.0000000E+00,  2.5712701E+02,2892,  1.3338505E+00,  0.0000000E+00, -1.8112166E-03,  1.0002598E+03,  1.5457172E+04,3,
  4.1501254E+02,  0.0000000E+00,  2.5642471E+02,2826,  1.3904347E+00,  0.0000000E+00,  3.8715769E-03,  1.0003417E+03,  2.0339754E+04,3,
  4.1519974E+02,  0.0000000E+00,  2.5401620E+02,2808,  1.1510180E+00,  0.0000000E+00, -1.5730323E-01,  1.0000863E+03,  5.1327700E+03,3,
  4.1684811E+02,  0.0000000E+00,  2.5684338E+02,2506,  1.3398054E+00,  0.0000000E+00, -1.5512784E-01,  1.0003265E+03,  1.9434312E+04,3,
  4.1597458E+02,  0.0000000E+00,  2.5284634E+02,2628,  1.2793902E+00,  0.0000000E+00, -1.3536991E-01,  1.0011879E+03,  7.0883930E+04,3,
  4.1745959E+02,  0.0000000E+00,  2.5270901E+02,2535,  1.1138192E+00,  0.0000000E+00, -9.0262063E-02,  1.0011021E+03,  6.5746359E+04,3,
  4.1749194E+02,  0.0000000E+00,  2.5337166E+02,2683,  1.1821901E+00,  0.0000000E+00, -1.0271285E-01,  1.0003190E+03,  1.8983441E+04,3,
  4.1798929E+02,  0.0000000E+00,  2.5682437E+02,2760,  1.4438207E+00,  0.0000000E+00, -1.7586261E-01,  1.0002973E+03,  1.7692754E+04,3,
  4.1874921E+02,  0.0000000E+00,  2.5522092E+02,2807,  1.2104959E+00,  0.0000000E+00, -9.3240522E-02,  1.0003444E+03,  2.0496123E+04,3,
  4.1901874E+02,  0.0000000E+00,  2.5258553E+02,2648,  1.2534813E+00,  0.0000000E+00,  5.0525105E-04,  1.0013497E+03,  8.0577945E+04,3,
  4.1967627E+02,  0.0000000E+00,  2.5639874E+02,2834,  1.4462214E+00,  0.0000000E+00, -1.4327593E-01,  1.0003026E+03,  1.8005412E+04,3,
  4.2025519E+02,  0.0000000E+00,  2.5317180E+02,2597,  1.3142412E+00,  0.0000000E+00,  2.1569477E-02,  1.0004656E+03,  2.7724535E+04,3,
  4.2083023E+02,  0.0000000E+00,  2.5693588E+02,2874,  1.4980912E+00,  0.0000000E+00, -6.6083409E-02,  1.0002777E+03,  1.6525826E+04,3,
  4.2190448E+02,  0.0000000E+00,  2.5653128E+02,2863,  1.4622726E+00,  0.0000000E+00,  2.1140857E-02,  1.0002770E+03,  1.6482205E+04,3,
  4.2092529E+02,  0.0000000E+00,  2.5301332E+02,2747,  1.2393249E+00,  0.0000000E+00,  1.2344697E-02,  1.0006678E+03,  3.9784793E+04,3,
  4.2205026E+02,  0.0000000E+00,  2.5262575E+02,2371,  1.2423077E+00,  0.0000000E+00, -9.7051552E-03,  1.0012446E+03,  7.4276312E+04,3,
  4.2285696E+02,  0.0000000E+00,  2.5544443E+02,2753,  1.3776309E+00,  0.0000000E+00,  1.3008627E-01,  1.0002901E+03,  1.7263773E+04,3,
  4.2356039E+02,  0.0000000E+00,  2.5684833E+02,2854,  1.4450984E+00,  0.0000000E+00,  5.2408509E-02,  1.0002466E+03,  1.4672110E+04,3,
  4.2289346E+02,  0.0000000E+00,  2.5317021E+02,2700,  1.2557657E+00,  0.0000000E+00, -1.2254328E-02,  1.0004908E+03,  2.9223988E+04,3,
  4.2401077E+02,  0.0000000E+00,  2.5283508E+02,2601,  1.2245922E+00,  0.0000000E+00, -4.8866462E-02,  1.0009537E+03,  5.6869652E+04,3,
  4.2478067E+02,  0.0000000E+00,  2.5657892E+02,2843,  1.4103807E+00,  0.0000000E+00,  3.9784964E-02,  1.0002743E+03,  1.6322265E+04,3,
  4.2501538E+02,  0.0000000E+00,  2.5296878E+02,2554,  1.2019376E+00,  0.0000000E+00, -5.3052302E-02,  1.0008432E+03,  5.0261980E+04,3,
  4.2572147E+02,  0.0000000E+00,  2.5677594E+02,2751,  1.4267900E+00,  0.0000000E+00,  1.3953906E-02,  1.0002501E+03,  1.4879273E+04,3,
  4.2598044E+02,  0.0000000E+00,  2.5272949E+02,2582,  1.1937113E+00,  0.0000000E+00, -4.5121204E-02,  1.0011454E+03,  6.8336742E+04,3,
  4.2683133E+02,  0.0000000E+00,  2.5569501E+02,2679,  1.3240782E+00,  0.0000000E+00,  3.7672895E-03,  1.0003379E+03,  2.0110658E+04,3,
  4.2747162E+02,  0.0000000E+00,  2.5685403E+02,2855,  1.4292378E+00,  0.0000000E+00, -5.1280413E-02,  1.0002524E+03,  1.5021019E+04,3,
  4.2716440E+02,  0.0000000E+00,  2.5301680E+02,2607,  1.1848502E+00,  0.0000000E+00, -1.5017667E-02,  1.0006387E+03,  3.8046953E+04,3,
  4.2902878E+02,  0.0000000E+00,  2.5694205E+02,2865,  1.5131363E+00,  0.0000000E+00, -9.0957209E-02,  1.0002594E+03,  1.5435363E+04,3,
  4.2795966E+02,  0.0000000E+00,  2.5284784E+02,2671,  1.1909494E+00,  0.0000000E+00, -9.6744075E-03,  1.0007874E+03,  4.6925145E+04,3,
  4.2926053E+02,  0.0000000E+00,  2.5566740E+02,2690,  1.3216879E+00,  0.0000000E+00, -7.9819657E-02,  1.0003185E+03,  1.8954354E+04,3,
  4.3073679E+02,  0.0000000E+00,  2.5655795E+02,2633,  1.4437791E+00,  0.0000000E+00, -8.6020678E-02,  1.0002702E+03,  1.6078722E+04,3,
  4.2900815E+02,  0.0000000E+00,  2.5296770E+02,2691,  1.1571782E+00,  0.0000000E+00, -1.8095061E-02,  1.0005793E+03,  3.4506633E+04,3,
  4.2963403E+02,  0.0000000E+00,  2.5297545E+02,2672,  1.2196031E+00,  0.0000000E+00, -3.9483387E-02,  1.0005670E+03,  3.3771043E+04,3,
  4.3069223E+02,  0.0000000E+00,  2.5277969E+02,2619,  1.3173435E+00,  0.0000000E+00, -1.0198998E-01,  1.0009424E+03,  5.6190805E+04,3,
  4.3196960E+02,  0.0000000E+00,  2.5676498E+02,2838,  1.3936012E+00,  0.0000000E+00, -4.5783646E-02,  1.0002704E+03,  1.6093262E+04,3,
  4.3187433E+02,  0.0000000E+00,  2.5419139E+02,2692,  1.1972145E+00,  0.0000000E+00, -4.2286712E-01,  1.0004478E+03,  2.6658314E+04,3,
  4.3215939E+02,  0.0000000E+00,  2.5261369E+02,2600,  1.3315027E+00,  0.0000000E+00, -1.6888860E-01,  1.0014019E+03,  8.3702805E+04,3,
  4.3314471E+02,  0.0000000E+00,  2.5668527E+02,2847,  1.3527883E+00,  0.0000000E+00, -1.5797898E-02,  1.0002668E+03,  1.5878804E+04,3,
  4.3357648E+02,  0.0000000E+00,  2.5266858E+02,2444,  1.1268137E+00,  0.0000000E+00, -3.5368834E-02,  1.0013694E+03,  8.1756055E+04,3,
  4.3422290E+02,  0.0000000E+00,  2.5539487E+02,2698,  1.2785703E+00,  0.0000000E+00, -7.4939676E-02,  1.0003334E+03,  1.9845205E+04,3,
  4.3477536E+02,  0.0000000E+00,  2.5654367E+02,2798,  1.1758251E+00,  0.0000000E+00, -4.9159825E-02,  1.0002646E+03,  1.5744315E+04,3,
  4.3497446E+02,  0.0000000E+00,  2.5284013E+02,2453,  1.1794604E+00,  0.0000000E+00,  1.0770169E-01,  1.0008672E+03,  5.1695520E+04,3,
  4.3631299E+02,  0.0000000E+00,  2.5661121E+02,2829,  1.0987494E+00,  0.0000000E+00, -1.1574139E-01,  1.0002839E+03,  1.6892977E+04,3,
  4.3608817E+02,  0.0000000E+00,  2.5300417E+02,2682,  1.4343603E+00,  0.0000000E+00, -3.5631582E-02,  1.0004884E+03,  2.9082041E+04,3,
  4.3689508E+02,  0.0000000E+00,  2.5516881E+02,2588,  1.6099818E+00,  0.0000000E+00, -1.5876305E-01,  1.0006137E+03,  3.6557098E+04,3,
  4.3661572E+02,  0.0000000E+00,  2.5272749E+02,2663,  1.6823459E+00,  0.0000000E+00, -9.1059312E-02,  1.0009163E+03,  5.4628902E+04,3,
  4.3745840E+02,  0.0000000E+00,  2.5308253E+02,2654,  7.6468205E-01,  0.0000000E+00, -4.5159188E-01,  1.0003165E+03,  1.8838004E+04,3,
  4.3810440E+02,  0.0000000E+00,  2.5665521E+02,2837,  1.1254218E+00,  0.0000000E+00, -5.1193640E-02,  1.0002643E+03,  1.5726142E+04,3,
  4.3871219E+02,  0.0000000E+00,  2.5257396E+02,2630,  1.8947532E+00,  0.0000000E+00,  2.8877789E-01,  1.0012260E+03,  7.3164891E+04,3,
  4.3923486E+02,  0.0000000E+00,  2.5687500E+02,2697,  1.1632710E+00,  0.0000000E+00,  2.2912160E-02,  1.0002227E+03,  1.3251163E+04,3,
  4.4026718E+02,  0.0000000E+00,  2.5289029E+02,2622,  7.0142835E-01,  0.0000000E+00,  5.6763351E-01,  1.0015380E+03,  9.1867164E+04,3,
  4.4028928E+02,  0.0000000E+00,  2.5682361E+02,2715,  1.5784796E+00,  0.0000000E+00,  8.9602247E-02,  1.0002551E+03,  1.5180939E+04,3,
  4.4084946E+02,  0.0000000E+00,  2.5281866E+02,2595,  9.6995109E-01,  0.0000000E+00,  1.0021172E+00,  1.0021434E+03,  1.2826286E+05,3,
  4.4294254E+02,  0.0000000E+00,  2.5661331E+02,2752,  2.0967736E+00,  0.0000000E+00, -2.5141263E-02,  1.0009952E+03,  5.9351852E+04,3,
  4.4027069E+02,  0.0000000E+00,  2.5600610E+02,2461,  1.2858208E+00,  0.0000000E+00,  1.7210637E-01,  1.0003687E+03,  2.1943566E+04,3,
  4.4408524E+02,  0.0000000E+00,  2.5683231E+02,2820,  2.1351578E+00,  0.0000000E+00, -2.5392982E-01,  1.0007817E+03,  4.6586055E+04,3,
  4.4273199E+02,  0.0000000E+00,  2.5506194E+02,2353,  2.3764377E+00,  0.0000000E+00,  1.7317822E+00,  9.9972430E+02, -1.6378754E+04,3,
  4.4154584E+02,  0.0000000E+00,  2.5468303E+02,2611,  1.7147945E+00,  0.0000000E+00,  1.8428710E+00,  9.9980078E+02, -1.1838061E+04,3,
  4.4495032E+02,  0.0000000E+00,  2.5511266E+02,2517,  2.9284875E+00,  0.0000000E+00, -4.2255136E-01,  9.9949646E+02, -2.9894266E+04,3,
  4.4590259E+02,  0.0000000E+00,  2.5517059E+02,2719,  2.6130288E+00,  0.0000000E+00, -5.6541800E-01,  9.9926544E+02, -4.3579188E+04,3,
  4.4594028E+02,  0.0000000E+00,  2.5627414E+02,2589,  1.9190341E+00,  0.0000000E+00, -3.6237141E-01,  1.0012194E+03,  7.2766414E+04,3,
  4.4674216E+02,  0.0000000E+00,  2.5470699E+02,2602,  1.8454502E+00,  0.0000000E+00, -4.3537942E-01,  1.0007266E+03,  4.3294188E+04,3,
  4.4769885E+02,  0.0000000E+00,  2.5677390E+02,2810,  2.7270727E+00,  0.0000000E+00, -6.3396496E-01,  1.0003947E+03,  2.3496713E+04,3,
  4.4789560E+02,  0.0000000E+00,  2.5500134E+02,2726,  2.0859900E+00,  0.0000000E+00, -2.0984754E-01,  1.0000637E+03,  3.7894263E+03,3,
  4.5019623E+02,  0.0000000E+00,  2.5671542E+02,2780,  3.2474692E+00,  0.0000000E+00, -4.3962815E-01,  1.0000558E+03,  3.3174839E+03,3,
  4.4899323E+02,  0.0000000E+00,  2.5501022E+02,2518,  2.4213176E+00,  0.0000000E+00, -7.0954628E-02,  1.0002165E+03,  1.2880515E+04,3,
  4.5054666E+02,  0.0000000E+00,  2.5560327E+02,2755,  2.4306676E+00,  0.0000000E+00, -4.8640449E-02,  1.0007687E+03,  4.5809469E+04,3,
  4.5126971E+02,  0.0000000E+00,  2.5499205E+02,2462,  2.2203095E+00,  0.0000000E+00, -6.1007327E-01,  1.0004193E+03,  2.4962785E+04,3,
  4.5187933E+02,  0.0000000E+00,  2.5510771E+02,2618,  2.1862130E+00,  0.0000000E+00, -8.3496666E-01,  9.9987158E+02, -7.6325273E+03,3,
  4.5241467E+02,  0.0000000E+00,  2.5684671E+02,2802,  3.1261361E+00,  0.0000000E+00, -3.4496084E-01,  1.0000686E+03,  4.0798635E+03,3,
  4.5439236E+02,  0.0000000E+00,  2.5660660E+02,2801,  2.7283857E+00,  0.0000000E+00, -8.5522875E-02,  1.0000718E+03,  4.2722832E+03,3,
  4.5323083E+02,  0.0000000E+00,  2.5483510E+02,2573,  1.9584070E+00,  0.0000000E+00, -8.6943322E-01,  1.0007194E+03,  4.2867746E+04,3,
  4.5510147E+02,  0.0000000E+00,  2.5502951E+02,2627,  1.7754339E+00,  0.0000000E+00, -5.5112159E-01,  1.0003065E+03,  1.8238096E+04,3,
  4.5575836E+02,  0.0000000E+00,  2.5513547E+02,2525,  2.0807903E+00,  0.0000000E+00, -2.3957442E-01,  1.0014902E+03,  8.9003391E+04,3,
  4.5578897E+02,  0.0000000E+00,  2.5500198E+02,2637,  2.1129758E+00,  0.0000000E+00, -1.5561405E-01,  9.9936096E+02, -3.7923125E+04,3,
  4.5696799E+02,  0.0000000E+00,  2.5669202E+02,2792,  2.2319324E+00,  0.0000000E+00, -1.6668047E-01,  1.0000032E+03,  1.9234018E+02,3,
  4.5766693E+02,  0.0000000E+00,  2.5467958E+02,2490,  2.1227772E+00,  0.0000000E+00,  5.6188840E-02,  1.0009899E+03,  5.9034242E+04,3,
  4.5879694E+02,  0.0000000E+00,  2.5644708E+02,2661,  2.1927340E+00,  0.0000000E+00, -6.2977366E-02,  1.0001833E+03,  1.0907589E+04,3,
  4.5944437E+02,  0.0000000E+00,  2.5532951E+02,2655,  2.6704285E+00,  0.0000000E+00, -3.6568899E-02,  9.9928595E+02, -4.2365125E+04,3,
  4.5939130E+02,  0.0000000E+00,  2.5482104E+02,2665,  2.0498602E+00,  0.0000000E+00,  3.0491252E-03,  1.0009588E+03,  5.7172594E+04,3,
  4.6092352E+02,  0.0000000E+00,  2.5497389E+02,2544,  2.0298460E+00,  0.0000000E+00,  1.3481632E-01,  1.0006471E+03,  3.8549695E+04,3,
  4.6121680E+02,  0.0000000E+00,  2.5627960E+02,2670,  2.2524869E+00,  0.0000000E+00,  1.5854959E-01,  1.0002148E+03,  1.2778771E+04,3,
  4.6210571E+02,  0.0000000E+00,  2.5507323E+02,2644,  2.2255759E+00,  0.0000000E+00, -2.4541140E-01,  1.0004697E+03,  2.7964725E+04,3,
  4.6296716E+02,  0.0000000E+00,  2.5505067E+02,2590,  1.9457929E+00,  0.0000000E+00,  7.0914125E-01,  1.0006396E+03,  3.8105242E+04,3,
  4.6343649E+02,  0.0000000E+00,  2.5510008E+02,2636,  2.4085228E+00,  0.0000000E+00,  2.3250969E-01,  9.9984058E+02, -9.4744805E+03,3,
  4.6479535E+02,  0.0000000E+00,  2.5478873E+02,2452,  2.3552399E+00,  0.0000000E+00,  7.3714167E-02,  1.0008607E+03,  5.1308844E+04,3,
  4.6560345E+02,  0.0000000E+00,  2.5617316E+02,2744,  2.1269004E+00,  0.0000000E+00,  1.6526852E-02,  1.0001606E+03,  9.5561982E+03,3,
  4.6583728E+02,  0.0000000E+00,  2.5505688E+02,2763,  2.3081875E+00,  0.0000000E+00, -1.9284709E-01,  1.0005648E+03,  3.3639953E+04,3,
  4.6711069E+02,  0.0000000E+00,  2.5610043E+02,2793,  2.3492908E+00,  0.0000000E+00, -2.6592806E-01,  1.0000688E+03,  4.0943857E+03,3,
  4.6735245E+02,  0.0000000E+00,  2.5567563E+02,2764,  1.9431074E+00,  0.0000000E+00, -3.1025386E-01,  1.0001068E+03,  6.3491978E+03,3,
  4.6877740E+02,  0.0000000E+00,  2.5423170E+02,2586,  2.2750466E+00,  0.0000000E+00,  4.6096998E-03,  1.0022606E+03,  1.3532683E+05,3,
  4.7013699E+02,  0.0000000E+00,  2.5656592E+02,2783,  2.4722755E+00,  0.0000000E+00, -3.4437180E-01,  9.9993188E+02, -4.0491643E+03,3,
  4.7039209E+02,  0.0000000E+00,  2.5625470E+02,2754,  2.5043952E+00,  0.0000000E+00, -4.0159497E-01,  9.9958118E+02, -2.4871102E+04,3,
  4.7107623E+02,  0.0000000E+00,  2.5499445E+02,2443,  2.7681456E+00,  0.0000000E+00,  4.1592352E-02,  1.0009708E+03,  5.7891660E+04,3,
  4.7126746E+02,  0.0000000E+00,  2.5671707E+02,2604,  2.1902316E+00,  0.0000000E+00, -2.2132851E-01,  9.9995508E+02, -2.6706023E+03,3,
  4.7264734E+02,  0.0000000E+00,  2.5460677E+02,2451,  2.7465103E+00,  0.0000000E+00,  1.1060615E-01,  1.0012358E+03,  7.3749836E+04,3,
  4.7377847E+02,  0.0000000E+00,  2.5605652E+02,2766,  2.6285081E+00,  0.0000000E+00, -1.1172860E-01,  1.0000066E+03,  3.9194244E+02,3,
  4.7424414E+02,  0.0000000E+00,  2.5510243E+02,2471,  2.8066208E+00,  0.0000000E+00,  2.4075770E-01,  1.0005175E+03,  3.0814676E+04,3,
  4.7524527E+02,  0.0000000E+00,  2.5507582E+02,2426,  2.7712665E+00,  0.0000000E+00,  1.2261009E-01,  1.0004109E+03,  2.4460730E+04,3,
  4.7625800E+02,  0.0000000E+00,  2.5487613E+02,2537,  2.7544012E+00,  0.0000000E+00,  5.3487487E-02,  1.0005515E+03,  3.2846176E+04,3,
  4.7647910E+02,  0.0000000E+00,  2.5624652E+02,2757,  2.7197595E+00,  0.0000000E+00,  2.5628952E-02,  1.0002374E+03,  1.4123332E+04,3,
  4.7764966E+02,  0.0000000E+00,  2.5489140E+02,2612,  2.7676950E+00,  0.0000000E+00,  1.4068008E-02,  1.0004743E+03,  2.8241312E+04,3,
  4.7850870E+02,  0.0000000E+00,  2.5630087E+02,2416,  2.7834430E+00,  0.0000000E+00, -5.8836224E-03,  1.0002635E+03,  1.5682524E+04,3,
  4.7856189E+02,  0.0000000E+00,  2.5506702E+02,2621,  2.7422340E+00,  0.0000000E+00,  3.6390163E-03,  1.0001708E+03,  1.0162848E+04,3,
  4.7991098E+02,  0.0000000E+00,  2.5470934E+02,2509,  2.7317801E+00,  0.0000000E+00, -1.7390635E-02,  1.0007891E+03,  4.7030887E+04,3,
  4.8048007E+02,  0.0000000E+00,  2.5612631E+02,2738,  2.8001533E+00,  0.0000000E+00, -4.5892615E-02,  1.0003167E+03,  1.8845275E+04,3,
  4.8128317E+02,  0.0000000E+00,  2.5502975E+02,2638,  2.7452984E+00,  0.0000000E+00, -7.3066116E-03,  1.0003239E+03,  1.9274324E+04,3,
  4.8228275E+02,  0.0000000E+00,  2.5491493E+02,2417,  2.7677269E+00,  0.0000000E+00, -4.9497657E-02,  1.0004509E+03,  2.6843895E+04,3,
  4.8283865E+02,  0.0000000E+00,  2.5630927E+02,2727,  2.7877576E+00,  0.0000000E+00, -8.8560671E-02,  1.0002563E+03,  1.5253631E+04,3,
  4.8342029E+02,  0.0000000E+00,  2.5510341E+02,2664,  2.7995887E+00,  0.0000000E+00, -1.5624487E-01,  1.0002659E+03,  1.5820646E+04,3,
  4.8464349E+02,  0.0000000E+00,  2.5466646E+02,2491,  2.8014762E+00,  0.0000000E+00, -1.5389974E-01,  1.0008857E+03,  5.2800910E+04,3,
  4.8493246E+02,  0.0000000E+00,  2.5647852E+02,2709,  2.7610860E+00,  0.0000000E+00, -7.5167865E-02,  1.0002832E+03,  1.6852988E+04,3,
  4.8605402E+02,  0.0000000E+00,  2.5506534E+02,2335,  2.7368853E+00,  0.0000000E+00, -1.8921304E-01,  1.0002346E+03,  1.3956160E+04,3,
  4.8680060E+02,  0.0000000E+00,  2.5506168E+02,2620,  2.7249093E+00,  0.0000000E+00, -1.2777688E-01,  1.0001915E+03,  1.1390792E+04,3,
  4.8686707E+02,  0.0000000E+00,  2.5671814E+02,2739,  2.7150364E+00,  0.0000000E+00, -1.8467424E-02,  1.0002352E+03,  1.3996136E+04,3,
  4.8791757E+02,  0.0000000E+00,  2.5472302E+02,2546,  2.6823771E+00,  0.0000000E+00,  4.8546761E-02,  1.0007715E+03,  4.5977176E+04,3,
  4.8898679E+02,  0.0000000E+00,  2.5660132E+02,2407,  2.6964984E+00,  0.0000000E+00,  7.8095473E-02,  1.0003014E+03,  1.7936336E+04,3,
  4.8926248E+02,  0.0000000E+00,  2.5479083E+02,2481,  2.7537651E+00,  0.0000000E+00,  2.0564690E-01,  1.0006550E+03,  3.9019668E+04,3,
  4.9049396E+02,  0.0000000E+00,  2.5511992E+02,2647,  2.7858620E+00,  0.0000000E+00,  3.0756775E-01,  9.9999280E+02, -4.2821570E+02,3,
  4.9077322E+02,  0.0000000E+00,  2.5679010E+02,2616,  2.7266982E+00,  0.0000000E+00,  1.5641437E-01,  1.0002347E+03,  1.3967062E+04,3,
  4.9109875E+02,  0.0000000E+00,  2.5487552E+02,2657,  2.7847123E+00,  0.0000000E+00,  2.9467660E-01,  1.0004424E+03,  2.6341746E+04,3,
  4.9231445E+02,  0.0000000E+00,  2.5489603E+02,2547,  2.7864184E+00,  0.0000000E+00,  2.8245938E-01,  1.0004323E+03,  2.5737744E+04,3,
  4.9238602E+02,  0.0000000E+00,  2.5633179E+02,2625,  2.8216782E+00,  0.0000000E+00,  1.6374947E-01,  1.0002757E+03,  1.6405869E+04,3,
  4.9398309E+02,  0.0000000E+00,  2.5489154E+02,2653,  2.7856567E+00,  0.0000000E+00,  2.1939497E-01,  1.0005906E+03,  3.5180363E+04,3,
  4.9407800E+02,  0.0000000E+00,  2.5553958E+02,2729,  2.8741844E+00,  0.0000000E+00,  6.3590974E-02,  1.0004648E+03,  2.7673588E+04,3,
  4.9547992E+02,  0.0000000E+00,  2.5474197E+02,2558,  2.8274999E+00,  0.0000000E+00,  1.0027432E-01,  1.0010239E+03,  6.1067852E+04,3,
  4.9669315E+02,  0.0000000E+00,  2.5520166E+02,2520,  2.8081222E+00,  0.0000000E+00,  4.0127072E-02,  1.0004288E+03,  2.5530355E+04,3,
  4.9797961E+02,  0.0000000E+00,  2.5631763E+02,2701,  2.9416873E+00,  0.0000000E+00,  5.9025902E-02,  1.0001681E+03,  9.9993760E+03,3,
  4.9761765E+02,  0.0000000E+00,  2.5503027E+02,2510,  2.7706804E+00,  0.0000000E+00,  5.7740826E-02,  1.0004014E+03,  2.3893223E+04,3,
  4.9855923E+02,  0.0000000E+00,  2.5496021E+02,2591,  2.7632256E+00,  0.0000000E+00,  2.1392608E-02,  1.0004373E+03,  2.6036102E+04,3,
  4.9970309E+02,  0.0000000E+00,  2.5487410E+02,2499,  2.7902291E+00,  0.0000000E+00, -3.4098107E-02,  1.0005659E+03,  3.3705500E+04,3,
  4.9998694E+02,  0.0000000E+00,  2.5657733E+02,2398,  2.8669214E+00,  0.0000000E+00, -3.6539342E-02,  1.0001342E+03,  7.9798076E+03,3,
  5.0092349E+02,  0.0000000E+00,  2.5509924E+02,2529,  2.7987547E+00,  0.0000000E+00, -1.1108016E-01,  1.0003467E+03,  2.0634312E+04,3,
  5.0118158E+02,  0.0000000E+00,  2.5517172E+02,2454,  2.8431714E+00,  0.0000000E+00, -9.4645686E-02,  1.0002857E+03,  1.7002033E+04,3,
  5.0221127E+02,  0.0000000E+00,  2.5637076E+02,2694,  2.8425779E+00,  0.0000000E+00, -5.8030315E-02,  1.0001686E+03,  1.0028438E+04,3,
  5.0308087E+02,  0.0000000E+00,  2.5444775E+02,2702,  2.7326877E+00,  0.0000000E+00, -1.8682675E-01,  1.0014089E+03,  8.4123672E+04,3,
  5.0410913E+02,  0.0000000E+00,  2.5624158E+02,2498,  2.8271761E+00,  0.0000000E+00, -5.9451710E-02,  1.0002857E+03,  1.7002033E+04,3,
  5.0482211E+02,  0.0000000E+00,  2.5508838E+02,2418,  2.6919656E+00,  0.0000000E+00, -1.7006731E-01,  1.0003029E+03,  1.8023590E+04,3,
  5.0553247E+02,  0.0000000E+00,  2.5501624E+02,2463,  2.7278800E+00,  0.0000000E+00, -1.5141651E-01,  1.0003066E+03,  1.8249002E+04,3,
  5.0639020E+02,  0.0000000E+00,  2.5507417E+02,2593,  2.7211924E+00,  0.0000000E+00, -1.0549343E-01,  1.0002515E+03,  1.4966501E+04,3,
  5.0646140E+02,  0.0000000E+00,  2.5652103E+02,2684,  2.8094673E+00,  0.0000000E+00, -1.0721877E-01,  1.0002418E+03,  1.4388632E+04,3,
  5.0724042E+02,  0.0000000E+00,  2.5497127E+02,2572,  2.7228963E+00,  0.0000000E+00, -9.1922849E-02,  1.0004120E+03,  2.4526215E+04,3,
  5.0855634E+02,  0.0000000E+00,  2.5464120E+02,2513,  2.7412176E+00,  0.0000000E+00, -6.8609536E-02,  1.0009989E+03,  5.9570898E+04,3,
  5.0880515E+02,  0.0000000E+00,  2.5631720E+02,2675,  2.7812905E+00,  0.0000000E+00, -7.6326609E-02,  1.0002524E+03,  1.5017385E+04,3,
  5.0996152E+02,  0.0000000E+00,  2.5513922E+02,2548,  2.7157278E+00,  0.0000000E+00, -5.1661339E-02,  1.0001622E+03,  9.6506445E+03,3,
  5.1040488E+02,  0.0000000E+00,  2.5507162E+02,2555,  2.7728877E+00,  0.0000000E+00, -2.4584467E-02,  1.0003720E+03,  2.2143607E+04,3,
  5.1138315E+02,  0.0000000E+00,  2.5500192E+02,2584,  2.7621121E+00,  0.0000000E+00, -6.5277472E-02,  1.0005386E+03,  3.2074301E+04,3,
  5.1193445E+02,  0.0000000E+00,  2.5646213E+02,2693,  2.7263260E+00,  0.0000000E+00, -7.7034846E-02,  1.0001765E+03,  1.0500699E+04,3,
  5.1250043E+02,  0.0000000E+00,  2.5491684E+02,2583,  2.7574446E+00,  0.0000000E+00, -1.0630129E-01,  1.0005353E+03,  3.1881344E+04,3,
  5.1347791E+02,  0.0000000E+00,  2.5497823E+02,2556,  2.8163869E+00,  0.0000000E+00, -1.5370570E-01,  1.0004660E+03,  2.7746371E+04,3,
  5.1464709E+02,  0.0000000E+00,  2.5502495E+02,2492,  2.8068433E+00,  0.0000000E+00, -1.3693498E-01,  1.0003862E+03,  2.2991096E+04,3,
  5.1459955E+02,  0.0000000E+00,  2.5617624E+02,2489,  2.5657532E+00,  0.0000000E+00, -7.9163380E-02,  1.0001947E+03,  1.1583354E+04,3,
  5.1502722E+02,  0.0000000E+00,  2.5510965E+02,2500,  2.7820032E+00,  0.0000000E+00, -1.3599092E-01,  1.0002863E+03,  1.7034750E+04,3,
  5.1659576E+02,  0.0000000E+00,  2.5487506E+02,2553,  2.7252345E+00,  0.0000000E+00, -1.7269722E-01,  1.0009158E+03,  5.4599711E+04,3,
  5.1751117E+02,  0.0000000E+00,  2.5488994E+02,2372,  2.7121642E+00,  0.0000000E+00, -1.4837539E-01,  1.0008181E+03,  4.8763000E+04,3,
  5.1882526E+02,  0.0000000E+00,  2.5575157E+02,2599,  2.7674387E+00,  0.0000000E+00, -1.4024602E-01,  1.0002103E+03,  1.2513514E+04,3,
  5.1908856E+02,  0.0000000E+00,  2.5482414E+02,2562,  2.7925410E+00,  0.0000000E+00, -1.4388078E-01,  1.0007398E+03,  4.4085156E+04,3,
  5.2008575E+02,  0.0000000E+00,  2.5578044E+02,2545,  2.7050858E+00,  0.0000000E+00, -1.2895229E-01,  1.0001349E+03,  8.0270229E+03,3,
  5.2016327E+02,  0.0000000E+00,  2.5567087E+02,2676,  2.6939416E+00,  0.0000000E+00, -1.2078805E-01,  1.0001298E+03,  7.7219429E+03,3,
  5.2175909E+02,  0.0000000E+00,  2.5436327E+02,2541,  2.7712383E+00,  0.0000000E+00, -4.5259867E-02,  1.0019412E+03,  1.1609549E+05,3,
  5.2394281E+02,  0.0000000E+00,  2.5626108E+02,2639,  3.0752707E+00,  0.0000000E+00,  4.7447372E-02,  1.0001319E+03,  7.8454268E+03,3,
  5.2361243E+02,  0.0000000E+00,  2.5496701E+02,2486,  2.6386998E+00,  0.0000000E+00,  1.0353719E-01,  1.0005811E+03,  3.4612242E+04,3,
  5.2380121E+02,  0.0000000E+00,  2.5563522E+02,2354,  2.7596862E+00,  0.0000000E+00, -1.5268804E-01,  1.0003632E+03,  2.1616236E+04,3,
  5.2537708E+02,  0.0000000E+00,  2.5488161E+02,2508,  2.6866097E+00,  0.0000000E+00, -1.2049801E-02,  1.0004935E+03,  2.9387777E+04,3,
  5.2613428E+02,  0.0000000E+00,  2.5644897E+02,2526,  2.9027791E+00,  0.0000000E+00,  8.9004578E-04,  1.0001999E+03,  1.1892187E+04,3,
  5.2638342E+02,  0.0000000E+00,  2.5483856E+02,2567,  2.6972332E+00,  0.0000000E+00, -1.2567462E-02,  1.0005709E+03,  3.4004098E+04,3,
  5.2747107E+02,  0.0000000E+00,  2.5499571E+02,2527,  2.7342098E+00,  0.0000000E+00, -7.8542512E-03,  1.0004288E+03,  2.5526717E+04,3,
  5.2819775E+02,  0.0000000E+00,  2.5689587E+02,2362,  3.0087600E+00,  0.0000000E+00,  1.8432682E-02,  1.0001425E+03,  8.4737646E+03,3,
  5.2856580E+02,  0.0000000E+00,  2.5510133E+02,2564,  2.7069497E+00,  0.0000000E+00, -2.1719912E-02,  1.0003817E+03,  2.2721928E+04,3,
  5.2952161E+02,  0.0000000E+00,  2.5468285E+02,2381,  2.7359123E+00,  0.0000000E+00, -1.3691314E-02,  1.0009294E+03,  5.5413473E+04,3,
  5.3045996E+02,  0.0000000E+00,  2.5688123E+02,2667,  2.8235714E+00,  0.0000000E+00,  2.1514036E-02,  1.0001673E+03,  9.9521514E+03,3,
  5.3107782E+02,  0.0000000E+00,  2.5528302E+02,2473,  2.7256196E+00,  0.0000000E+00, -1.5722822E-02,  9.9982074E+02, -1.0652716E+04,3,
  5.3143109E+02,  0.0000000E+00,  2.5485031E+02,2464,  2.6737621E+00,  0.0000000E+00,  6.1139227E-03,  1.0006055E+03,  3.6065383E+04,3,
  5.3186017E+02,  0.0000000E+00,  2.5631192E+02,2581,  2.8954940E+00,  0.0000000E+00,  6.0468530E-03,  1.0002747E+03,  1.6344074E+04,3,
  5.3285040E+02,  0.0000000E+00,  2.5493167E+02,2428,  2.7251260E+00,  0.0000000E+00,  3.6365382E-02,  1.0005526E+03,  3.2908074E+04,3,
  5.3389032E+02,  0.0000000E+00,  2.5487698E+02,2574,  2.7340496E+00,  0.0000000E+00,  5.4367729E-02,  1.0006315E+03,  3.7617094E+04,3,
  5.3458032E+02,  0.0000000E+00,  2.5665207E+02,2640,  2.8605225E+00,  0.0000000E+00,  4.7930289E-02,  1.0001541E+03,  9.1638936E+03,3,
  5.3502850E+02,  0.0000000E+00,  2.5501933E+02,2457,  2.7476387E+00,  0.0000000E+00,  4.8900563E-02,  1.0004175E+03,  2.4853641E+04,3,
  5.3603656E+02,  0.0000000E+00,  2.5493257E+02,2419,  2.7487476E+00,  0.0000000E+00,  3.5980050E-02,  1.0005336E+03,  3.1779404E+04,3,
  5.3677905E+02,  0.0000000E+00,  2.5512859E+02,2475,  2.7563174E+00,  0.0000000E+00,  1.4337913E-02,  1.0001498E+03,  8.9132617E+03,3,
  5.3707507E+02,  0.0000000E+00,  2.5656946E+02,2380,  2.7847588E+00,  0.0000000E+00,  4.2616457E-02,  1.0001611E+03,  9.5816260E+03,3,
  5.3794397E+02,  0.0000000E+00,  2.5494174E+02,2435,  2.7448950E+00,  0.0000000E+00,  1.6013736E-02,  1.0005388E+03,  3.2088865E+04,3,
  5.3868890E+02,  0.0000000E+00,  2.5512230E+02,2536,  2.7622998E+00,  0.0000000E+00,  3.0381102E-02,  1.0003949E+03,  2.3507625E+04,3,
  5.3985602E+02,  0.0000000E+00,  2.5480040E+02,2483,  2.7781940E+00,  0.0000000E+00,  3.7995260E-03,  1.0007415E+03,  4.4183578E+04,3,
  5.4030743E+02,  0.0000000E+00,  2.5624838E+02,2592,  2.7070982E+00,  0.0000000E+00, -2.6649296E-02,  1.0001962E+03,  1.1674186E+04,3,
  5.4123730E+02,  0.0000000E+00,  2.5494388E+02,2445,  2.7761834E+00,  0.0000000E+00, -2.3546536E-02,  1.0005135E+03,  3.0581699E+04,3,
  5.4229694E+02,  0.0000000E+00,  2.5510190E+02,2531,  2.7908919E+00,  0.0000000E+00, -7.4018113E-02,  1.0002016E+03,  1.1993921E+04,3,
  5.4251288E+02,  0.0000000E+00,  2.5648801E+02,2603,  2.7231731E+00,  0.0000000E+00, -5.5925563E-02,  1.0001776E+03,  1.0566091E+04,3,
  5.4280774E+02,  0.0000000E+00,  2.5507422E+02,2530,  2.8268633E+00,  0.0000000E+00, -8.9606039E-02,  1.0002940E+03,  1.7496439E+04,3,
  5.4448279E+02,  0.0000000E+00,  2.5464558E+02,2484,  2.7714593E+00,  0.0000000E+00, -1.3077433E-01,  1.0009620E+03,  5.7366043E+04,3,
  5.4440240E+02,  0.0000000E+00,  2.5621756E+02,2344,  2.6815014E+00,  0.0000000E+00, -6.2872492E-02,  1.0002104E+03,  1.2520780E+04,3,
  5.4568958E+02,  0.0000000E+00,  2.5508209E+02,2565,  2.7323668E+00,  0.0000000E+00, -1.3562456E-01,  1.0004392E+03,  2.6148898E+04,3,
  5.4667468E+02,  0.0000000E+00,  2.5513168E+02,2557,  2.7578053E+00,  0.0000000E+00, -9.0745799E-02,  1.0002722E+03,  1.6198675E+04,3,
  5.4740179E+02,  0.0000000E+00,  2.5642245E+02,2563,  2.7262855E+00,  0.0000000E+00, -7.2635368E-02,  1.0001812E+03,  1.0780435E+04,3,
  5.4768335E+02,  0.0000000E+00,  2.5477692E+02,2409,  2.7450635E+00,  0.0000000E+00, -7.5063825E-02,  1.0007222E+03,  4.3035406E+04,3,
  5.4887115E+02,  0.0000000E+00,  2.5509006E+02,2308,  2.7473271E+00,  0.0000000E+00, -4.2209283E-02,  1.0002536E+03,  1.5090075E+04,3,
  5.4941028E+02,  0.0000000E+00,  2.5642047E+02,2468,  2.6815360E+00,  0.0000000E+00, -3.3356458E-02,  1.0001925E+03,  1.1452557E+04,3,
  5.4956274E+02,  0.0000000E+00,  2.5509242E+02,2408,  2.7683592E+00,  0.0000000E+00, -1.6314231E-02,  1.0002966E+03,  1.7649129E+04,3,
  5.5111121E+02,  0.0000000E+00,  2.5468004E+02,2631,  2.7720945E+00,  0.0000000E+00, -5.0280619E-02,  1.0010040E+03,  5.9877574E+04,3,
  5.5195984E+02,  0.0000000E+00,  2.5617438E+02,2472,  2.6778054E+00,  0.0000000E+00, -1.8942354E-02,  1.0002330E+03,  1.3861673E+04,3,
  5.5262604E+02,  0.0000000E+00,  2.5473738E+02,2610,  2.7719321E+00,  0.0000000E+00, -8.7726429E-02,  1.0008763E+03,  5.2239078E+04,3,
  5.5375507E+02,  0.0000000E+00,  2.5649023E+02,2594,  2.6771851E+00,  0.0000000E+00,  8.9413906E-03,  1.0002114E+03,  1.2575285E+04,3,
  5.5431311E+02,  0.0000000E+00,  2.5522610E+02,2539,  2.7234664E+00,  0.0000000E+00, -9.4546124E-02,  9.9996045E+02, -2.3513291E+03,3,
  5.5477698E+02,  0.0000000E+00,  2.5482840E+02,2494,  2.7576795E+00,  0.0000000E+00, -6.4464599E-02,  1.0005463E+03,  3.2533049E+04,3,
  5.5509552E+02,  0.0000000E+00,  2.5639005E+02,2585,  2.6301138E+00,  0.0000000E+00,  4.4758357E-02,  1.0002066E+03,  1.2291866E+04,3,
  5.5669409E+02,  0.0000000E+00,  2.5475919E+02,2566,  2.7176092E+00,  0.0000000E+00,  2.6600743E-02,  1.0008126E+03,  4.8431141E+04,3,
  5.5684430E+02,  0.0000000E+00,  2.5565669E+02,2576,  2.5245557E+00,  0.0000000E+00,  1.4442210E-01,  1.0004339E+03,  2.5832344E+04,3,
  5.5828619E+02,  0.0000000E+00,  2.5487767E+02,2568,  2.6957667E+00,  0.0000000E+00,  1.4236160E-01,  1.0009242E+03,  5.5103285E+04,3,
  5.5933093E+02,  0.0000000E+00,  2.5503642E+02,2613,  2.7005262E+00,  0.0000000E+00,  7.9229269E-03,  1.0006140E+03,  3.6575309E+04,3,
  5.6048975E+02,  0.0000000E+00,  2.5652661E+02,2495,  2.7900856E+00,  0.0000000E+00,  8.6989529E-02,  1.0000421E+03,  2.5043435E+03,3,
  5.6060840E+02,  0.0000000E+00,  2.5473566E+02,2345,  2.6471758E+00,  0.0000000E+00, -5.3053245E-02,  1.0007508E+03,  4.4741309E+04,3,
  5.6152875E+02,  0.0000000E+00,  2.5705420E+02,2469,  2.7430072E+00,  0.0000000E+00,  8.9012153E-02,  1.0000075E+03,  4.4638013E+02,3,
  5.6182928E+02,  0.0000000E+00,  2.5502904E+02,2522,  2.5448914E+00,  0.0000000E+00, -1.0309444E-01,  1.0007208E+03,  4.2947934E+04,3,
  5.6316394E+02,  0.0000000E+00,  2.5470598E+02,2450,  2.4676685E+00,  0.0000000E+00,  1.1066205E-02,  1.0010146E+03,  6.0509207E+04,3,
  5.6337964E+02,  0.0000000E+00,  2.5620642E+02,2575,  2.5747445E+00,  0.0000000E+00,  7.3518947E-02,  9.9950830E+02, -2.9192334E+04,3,
  5.6462854E+02,  0.0000000E+00,  2.5488750E+02,2519,  2.5074978E+00,  0.0000000E+00,  1.0703007E-01,  1.0015257E+03,  9.1131000E+04,3,
  5.6558374E+02,  0.0000000E+00,  2.5581696E+02,2326,  2.8787961E+00,  0.0000000E+00,  1.7070353E-01,  1.0001932E+03,  1.1492522E+04,3,
  5.6629059E+02,  0.0000000E+00,  2.5549123E+02,2402,  2.6486263E+00,  0.0000000E+00,  1.0154577E+00,  1.0002639E+03,  1.5704333E+04,3,
  5.6751971E+02,  0.0000000E+00,  2.5502682E+02,2411,  2.0710959E+00,  0.0000000E+00,  3.5178199E-02,  1.0002907E+03,  1.7300127E+04,3,
  5.6786725E+02,  0.0000000E+00,  2.5594200E+02,2503,  2.8405890E+00,  0.0000000E+00,  1.8514025E-01,  1.0002869E+03,  1.7071104E+04,3,
  5.6888599E+02,  0.0000000E+00,  2.5536580E+02,2401,  2.8222358E+00,  0.0000000E+00,  8.2433718E-01,  9.9987787E+02, -7.2590186E+03,3,
  5.6969812E+02,  0.0000000E+00,  2.5524727E+02,2466,  2.8329515E+00,  0.0000000E+00, -7.1583968E-01,  1.0002257E+03,  1.3429225E+04,3,
  5.7101971E+02,  0.0000000E+00,  2.5596638E+02,2559,  4.0223842E+00,  0.0000000E+00, -3.4555385E-01,  9.9978876E+02, -1.2552099E+04,3,
  5.7030920E+02,  0.0000000E+00,  2.5349472E+02,2363,  1.0497831E+00,  0.0000000E+00, -1.3476845E+00,  1.0007659E+03,  4.5641766E+04,3,
  5.7123297E+02,  0.0000000E+00,  2.5323181E+02,2438,  6.0240602E-01,  0.0000000E+00, -3.4625381E-01,  1.0007136E+03,  4.2517859E+04,3,
  5.7166046E+02,  0.0000000E+00,  2.5291359E+02,2485,  2.7879608E-01,  0.0000000E+00,  2.7365239E-02,  1.0003859E+03,  2.2969271E+04,3,
  5.7291846E+02,  0.0000000E+00,  2.5261076E+02,2423,  1.8823195E+00,  0.0000000E+00,  7.6313573E-01,  1.0014534E+03,  8.6795695E+04,3,
  5.6932001E+02,  0.0000000E+00,  2.5253078E+02,2307,  6.0823500E-02,  0.0000000E+00,  1.3303010E-01,  1.0017021E+03,  1.0172452E+05,3,
  5.7357843E+02,  0.0000000E+00,  2.5563744E+02,2502,  2.7997968E+00,  0.0000000E+00,  8.3959639E-01,  9.9989832E+02, -6.0441113E+03,3,
  5.7408405E+02,  0.0000000E+00,  2.5681580E+02,2577,  2.0726466E+00,  0.0000000E+00,  1.5405222E-03,  1.0000714E+03,  4.2468687E+03,3,
  5.7451978E+02,  0.0000000E+00,  2.5650385E+02,2501,  2.5163321E+00,  0.0000000E+00,  2.5897512E-01,  9.9988892E+02, -6.6026245E+03,3,
  5.7548242E+02,  0.0000000E+00,  2.5708472E+02,2390,  2.4881477E+00,  0.0000000E+00, -1.8529354E-01,  1.0001343E+03,  7.9907036E+03,3,
  5.7451721E+02,  0.0000000E+00,  2.5303853E+02,2511,  1.4953511E+00,  0.0000000E+00,  1.5298508E-01,  1.0011301E+03,  6.7423273E+04,3,
  5.7664404E+02,  0.0000000E+00,  2.5668680E+02,2528,  2.7712662E+00,  0.0000000E+00, -2.4391542E-01,  1.0000125E+03,  7.4034875E+02,3,
  5.7541528E+02,  0.0000000E+00,  2.5320625E+02,2366,  1.4137943E+00,  0.0000000E+00, -1.5960370E-01,  1.0010739E+03,  6.4058777E+04,3,
  5.7760016E+02,  0.0000000E+00,  2.5701410E+02,2432,  3.3630004E+00,  0.0000000E+00, -2.7866808E-01,  1.0001845E+03,  1.0976616E+04,3,
  5.7827985E+02,  0.0000000E+00,  2.5596533E+02,2436,  2.8986473E+00,  0.0000000E+00,  5.1364261E-01,  1.0000215E+03,  1.2774991E+03,3,
  5.7629895E+02,  0.0000000E+00,  2.5305634E+02,2549,  1.2574208E+00,  0.0000000E+00, -3.5219675E-01,  1.0006848E+03,  4.0797762E+04,3,
  5.8003998E+02,  0.0000000E+00,  2.5565836E+02,2399,  2.4635739E+00,  0.0000000E+00,  4.5952246E-01,  9.9999951E+02, -2.9032156E+01,3,
  5.7732617E+02,  0.0000000E+00,  2.5278130E+02,2336,  8.5552979E-01,  0.0000000E+00, -7.1260788E-02,  1.0006860E+03,  4.0874285E+04,3,
  5.7917645E+02,  0.0000000E+00,  2.5283052E+02,2317,  1.5051183E+00,  0.0000000E+00,  5.4852432E-01,  1.0007131E+03,  4.2488703E+04,3,
  5.7811981E+02,  0.0000000E+00,  2.5297336E+02,2392,  1.2316809E+00,  0.0000000E+00,  7.2382212E-02,  1.0004594E+03,  2.7353348E+04,3,
  5.7989624E+02,  0.0000000E+00,  2.5280321E+02,2427,  1.0203435E+00,  0.0000000E+00,  6.0465187E-01,  1.0009709E+03,  5.7895309E+04,3,
  5.8147607E+02,  0.0000000E+00,  2.5554575E+02,2383,  2.8414004E+00,  0.0000000E+00, -5.7706703E-03,  1.0001287E+03,  7.6529380E+03,3,
  5.8393512E+02,  0.0000000E+00,  2.5628745E+02,2458,  3.2477267E+00,  0.0000000E+00,  2.0728387E-01,  1.0010467E+03,  6.2429910E+04,3,
  5.8382458E+02,  0.0000000E+00,  2.5670789E+02,2550,  2.7147245E+00,  0.0000000E+00,  3.1561697E-01,  1.0005463E+03,  3.2536689E+04,3,
  5.8063171E+02,  0.0000000E+00,  2.5317566E+02,2532,  4.7774753E-01,  0.0000000E+00,  6.2884814E-01,  1.0012427E+03,  7.4162969E+04,3,
  5.8340576E+02,  0.0000000E+00,  2.5550594E+02,2420,  2.1648510E+00,  0.0000000E+00,  1.5827873E+00,  9.9800305E+02, -1.1802548E+05,3,
  5.8305219E+02,  0.0000000E+00,  2.5440614E+02,2465,  3.2243340E+00,  0.0000000E+00,  1.2528927E+00,  1.0015007E+03,  8.9633203E+04,3,
  5.8608264E+02,  0.0000000E+00,  2.5601733E+02,2281,  3.7953246E+00,  0.0000000E+00, -1.0887117E+00,  1.0006739E+03,  4.0149160E+04,3,
  5.8432867E+02,  0.0000000E+00,  2.5531500E+02,2309,  1.5867984E+00,  0.0000000E+00,  1.9729102E-01,  9.9967975E+02, -1.9023209E+04,3,
  5.8765027E+02,  0.0000000E+00,  2.5594228E+02,2538,  3.1782506E+00,  0.0000000E+00,  3.9357316E-02,  9.9984906E+02, -8.9705156E+03,3,
  5.8815887E+02,  0.0000000E+00,  2.5493037E+02,2412,  2.9336164E+00,  0.0000000E+00, -2.6947126E-01,  1.0006038E+03,  3.5967043E+04,3,
  5.8889594E+02,  0.0000000E+00,  2.5511728E+02,2456,  3.4260106E+00,  0.0000000E+00,  2.0166829E-01,  1.0002780E+03,  1.6540367E+04,3,
  5.8889697E+02,  0.0000000E+00,  2.5500232E+02,2429,  2.3596008E+00,  0.0000000E+00, -5.4168481E-01,  1.0013090E+03,  7.8134359E+04,3,
  5.8958447E+02,  0.0000000E+00,  2.5538713E+02,2448,  2.6459494E+00,  0.0000000E+00,  7.1467829E-01,  9.9911737E+02, -5.2340574E+04,3,
  5.9079956E+02,  0.0000000E+00,  2.5480132E+02,2482,  3.3574548E+00,  0.0000000E+00, -3.4437287E-01,  1.0002661E+03,  1.5831551E+04,3,
  5.9347156E+02,  0.0000000E+00,  2.5597414E+02,2504,  3.0992293E+00,  0.0000000E+00, -2.7869028E-01,  1.0002584E+03,  1.5377209E+04,3,
  5.9305872E+02,  0.0000000E+00,  2.5505058E+02,2467,  3.0798028E+00,  0.0000000E+00, -3.3932170E-01,  1.0008685E+03,  5.1775773E+04,3,
  5.9354889E+02,  0.0000000E+00,  2.5518369E+02,2447,  2.5128632E+00,  0.0000000E+00, -6.5954679E-01,  9.9774561E+02, -1.3313852E+05,3,
  5.9285614E+02,  0.0000000E+00,  2.5497032E+02,2403,  2.2336855E+00,  0.0000000E+00, -8.3474046E-01,  1.0022954E+03,  1.3742381E+05,3,
  5.9518311E+02,  0.0000000E+00,  2.5538408E+02,2540,  2.7506497E+00,  0.0000000E+00,  7.4386192E-03,  1.0002123E+03,  1.2633423E+04,3,
  5.9624207E+02,  0.0000000E+00,  2.5478821E+02,2521,  2.8203499E+00,  0.0000000E+00,  2.1865705E-01,  1.0011897E+03,  7.0989922E+04,3,
  5.9666034E+02,  0.0000000E+00,  2.5483922E+02,2355,  2.8885098E+00,  0.0000000E+00,  7.4504751E-01,  9.9971252E+02, -1.7077973E+04,3,
  5.9796204E+02,  0.0000000E+00,  2.5513638E+02,2523,  2.9959292E+00,  0.0000000E+00,  5.4031742E-01,  1.0013211E+03,  7.8862250E+04,3,
  5.9972858E+02,  0.0000000E+00,  2.5619394E+02,2424,  3.0891109E+00,  0.0000000E+00,  2.5860465E-01,  1.0005770E+03,  3.4368250E+04,3,
  5.9932812E+02,  0.0000000E+00,  2.5496896E+02,2386,  2.5069849E+00,  0.0000000E+00,  1.7940730E-01,  9.9970709E+02, -1.7400395E+04,3,
  6.0046790E+02,  0.0000000E+00,  2.5514618E+02,2348,  2.7448320E+00,  0.0000000E+00,  1.9666749E-01,  9.9958551E+02, -2.4614084E+04,3,
  6.0117615E+02,  0.0000000E+00,  2.5500333E+02,2254,  2.9541628E+00,  0.0000000E+00,  2.0840435E-01,  1.0003818E+03,  2.2725566E+04,3,
  6.0226489E+02,  0.0000000E+00,  2.5499718E+02,2455,  2.7484577E+00,  0.0000000E+00, -1.3722153E-01,  1.0008968E+03,  5.3464930E+04,3,
  6.0335352E+02,  0.0000000E+00,  2.5501874E+02,2299,  2.7045810E+00,  0.0000000E+00,  5.5791233E-02,  1.0010195E+03,  6.0804957E+04,3,
  6.0450775E+02,  0.0000000E+00,  2.5524139E+02,2382,  3.0003572E+00,  0.0000000E+00, -3.1883353E-01,  1.0001851E+03,  1.1012947E+04,3,
  6.0554706E+02,  0.0000000E+00,  2.5532324E+02,2373,  2.6525378E+00,  0.0000000E+00, -2.0703065E-01,  9.9938788E+02, -3.6328723E+04,3,
  6.0590405E+02,  0.0000000E+00,  2.5509247E+02,2430,  2.6115003E+00,  0.0000000E+00, -5.7387674E-01,  1.0004888E+03,  2.9107520E+04,3,
  6.0655554E+02,  0.0000000E+00,  2.5491203E+02,2437,  3.0497255E+00,  0.0000000E+00, -1.1370851E+00,  1.0003864E+03,  2.2998371E+04,3,
  6.0751801E+02,  0.0000000E+00,  2.5569139E+02,2474,  2.7843277E+00,  0.0000000E+00,  1.7110185E-01,  1.0002095E+03,  1.2466276E+04,3,
  6.0813879E+02,  0.0000000E+00,  2.5550899E+02,2446,  2.6882875E+00,  0.0000000E+00, -6.5332836E-01,  1.0004218E+03,  2.5108312E+04,3,
  6.0951965E+02,  0.0000000E+00,  2.5481310E+02,2391,  2.5653565E+00,  0.0000000E+00, -8.2545751E-01,  1.0014599E+03,  8.7183742E+04,3,
  6.1132806E+02,  0.0000000E+00,  2.5480014E+02,2400,  4.0634832E+00,  0.0000000E+00, -1.0570676E+00,  1.0000332E+03,  1.9743862E+03,3,
  6.1256628E+02,  0.0000000E+00,  2.5510777E+02,2514,  4.7968645E+00,  0.0000000E+00, -7.1457595E-01,  1.0000391E+03,  2.3264780E+03,3,
  6.1134900E+02,  0.0000000E+00,  2.5324077E+02,2439,  3.5132577E+00,  0.0000000E+00, -8.2982743E-01,  9.9913544E+02, -5.1272000E+04,3,
  6.1225104E+02,  0.0000000E+00,  2.5265463E+02,2512,  1.3125715E+00,  0.0000000E+00, -8.1208187E-01,  1.0010047E+03,  5.9917734E+04,3,
  6.1007086E+02,  0.0000000E+00,  2.5309976E+02,2370, -2.3210749E-01,  0.0000000E+00,  1.2868783E+00,  1.0002122E+03,  1.2622522E+04,3,
  6.1397626E+02,  0.0000000E+00,  2.5299396E+02,2393,  1.1932936E+00,  0.0000000E+00, -1.1567529E+00,  1.0005940E+03,  3.5380668E+04,3,
  6.1432953E+02,  0.0000000E+00,  2.5474107E+02,2395,  3.5154819E+00,  0.0000000E+00, -3.7205747E-01,  9.9972778E+02, -1.6172239E+04,3,
  6.1466968E+02,  0.0000000E+00,  2.5309796E+02,2405,  1.8082680E+00,  0.0000000E+00, -1.6999438E+00,  1.0012545E+03,  7.4868633E+04,3,
  6.1558435E+02,  0.0000000E+00,  2.5302303E+02,2337,  1.8497128E+00,  0.0000000E+00, -1.8041170E-01,  1.0000478E+03,  2.8419338E+03,3,
  6.1711530E+02,  0.0000000E+00,  2.5519836E+02,2343,  3.5122647E+00,  0.0000000E+00, -2.3450363E-02,  1.0001044E+03,  6.2075762E+03,3,
  6.1863806E+02,  0.0000000E+00,  2.5535666E+02,2415,  3.0591424E+00,  0.0000000E+00,  4.5794022E-01,  1.0001876E+03,  1.1158271E+04,3,
  6.1666394E+02,  0.0000000E+00,  2.5286914E+02,2449,  1.6958969E+00,  0.0000000E+00,  5.2761602E-01,  1.0006451E+03,  3.8429469E+04,3,
  6.1983398E+02,  0.0000000E+00,  2.5511375E+02,2493,  2.5600886E+00,  0.0000000E+00,  5.7269824E-01,  1.0002917E+03,  1.7361930E+04,3,
  6.1823267E+02,  0.0000000E+00,  2.5287630E+02,2374,  2.7917187E+00,  0.0000000E+00,  3.6374784E-01,  1.0005701E+03,  3.3953117E+04,3,
  6.1956451E+02,  0.0000000E+00,  2.5313023E+02,2394,  2.3740659E+00,  0.0000000E+00, -1.4560242E-01,  1.0004205E+03,  2.5035549E+04,3,
  6.2073523E+02,  0.0000000E+00,  2.5268637E+02,2378,  1.6958042E+00,  0.0000000E+00, -3.4272066E-01,  1.0003167E+03,  1.8848912E+04,3,
  6.2104004E+02,  0.0000000E+00,  2.5498712E+02,2478,  2.1829050E+00,  0.0000000E+00,  5.2948654E-01,  1.0002604E+03,  1.5497153E+04,3,
  6.2203149E+02,  0.0000000E+00,  2.5316289E+02,2356,  1.9545286E+00,  0.0000000E+00, -3.8224408E-01,  1.0008579E+03,  5.1141047E+04,3,
  6.2294867E+02,  0.0000000E+00,  2.5274228E+02,2410,  1.8142943E+00,  0.0000000E+00, -2.1202622E-02,  1.0006767E+03,  4.0316773E+04,3,
  6.2424744E+02,  0.0000000E+00,  2.5519653E+02,2505,  2.2087965E+00,  0.0000000E+00,  2.3291712E-01,  1.0002501E+03,  1.4879273E+04,3,
  6.2436877E+02,  0.0000000E+00,  2.5267274E+02,2477,  1.7822515E+00,  0.0000000E+00,  1.7966108E-01,  1.0010833E+03,  6.4621273E+04,3,
  6.2541620E+02,  0.0000000E+00,  2.5534848E+02,2476,  1.8625740E+00,  0.0000000E+00,  5.3945407E-02,  1.0002963E+03,  1.7630951E+04,3,
  6.2537103E+02,  0.0000000E+00,  2.5334950E+02,2384,  1.8880997E+00,  0.0000000E+00,  3.0064049E-01,  9.9959058E+02, -2.4313619E+04,3,
  6.2655334E+02,  0.0000000E+00,  2.5569777E+02,2379,  1.9494923E+00,  0.0000000E+00, -3.6012802E-02,  1.0002393E+03,  1.4235992E+04,3,
  6.2666180E+02,  0.0000000E+00,  2.5257478E+02,2487,  2.0420027E+00,  0.0000000E+00,  1.4764495E-01,  1.0012047E+03,  7.1889094E+04,3,
  6.2786151E+02,  0.0000000E+00,  2.5506438E+02,2290,  2.1118422E+00,  0.0000000E+00, -1.6055916E-01,  1.0002952E+03,  1.7569148E+04,3,
  6.2820483E+02,  0.0000000E+00,  2.5300974E+02,2442,  2.0487301E+00,  0.0000000E+00, -1.8200126E-01,  1.0004521E+03,  2.6916672E+04,3,
  6.2939966E+02,  0.0000000E+00,  2.5273323E+02,2310,  1.9874265E+00,  0.0000000E+00, -3.3339977E-01,  1.0009450E+03,  5.6347738E+04,3,
  6.2980615E+02,  0.0000000E+00,  2.5528070E+02,2440,  2.2018821E+00,  0.0000000E+00,  5.0956551E-03,  1.0002388E+03,  1.4206919E+04,3,
  6.3114600E+02,  0.0000000E+00,  2.5547311E+02,2341,  2.0712101E+00,  0.0000000E+00,  1.4477770E-02,  1.0002548E+03,  1.5159132E+04,3,
  6.3096741E+02,  0.0000000E+00,  2.5282501E+02,2292,  1.6281748E+00,  0.0000000E+00, -1.3799700E-01,  1.0005433E+03,  3.2358285E+04,3,
  6.3174023E+02,  0.0000000E+00,  2.5318094E+02,2359,  1.7586397E+00,  0.0000000E+00, -9.7008735E-02,  9.9996271E+02, -2.2170862E+03,3,
  6.3254828E+02,  0.0000000E+00,  2.5527168E+02,2496,  1.9446080E+00,  0.0000000E+00, -8.0739688E-03,  1.0002769E+03,  1.6478570E+04,3,
  6.3203595E+02,  0.0000000E+00,  2.5307967E+02,2365,  1.7714076E+00,  0.0000000E+00, -2.6586967E-02,  1.0001927E+03,  1.1467090E+04,3,
  6.3437152E+02,  0.0000000E+00,  2.5569841E+02,2032,  1.7275389E+00,  0.0000000E+00, -4.0705401E-02,  1.0002078E+03,  1.2364537E+04,3,
  6.3369354E+02,  0.0000000E+00,  2.5268304E+02,2422,  2.0611086E+00,  0.0000000E+00,  7.6567553E-02,  1.0010734E+03,  6.4025906E+04,3,
  6.3496558E+02,  0.0000000E+00,  2.5275478E+02,2441,  1.9644659E+00,  0.0000000E+00, -1.0088906E-01,  1.0010040E+03,  5.9873922E+04,3,
  6.3636151E+02,  0.0000000E+00,  2.5541632E+02,2433,  2.0133009E+00,  0.0000000E+00,  6.9990970E-02,  1.0001469E+03,  8.7352812E+03,3,
  6.3621320E+02,  0.0000000E+00,  2.5300664E+02,2283,  1.8282830E+00,  0.0000000E+00, -1.3825221E-01,  1.0004641E+03,  2.7633557E+04,3,
  6.3724042E+02,  0.0000000E+00,  2.5524165E+02,2459,  2.1445765E+00,  0.0000000E+00,  1.9235568E-01,  1.0001414E+03,  8.4083867E+03,3,
  6.3723010E+02,  0.0000000E+00,  2.5332077E+02,2332,  1.4499128E+00,  0.0000000E+00, -5.9662376E-02,  1.0000958E+03,  5.6955762E+03,3,
  6.3857471E+02,  0.0000000E+00,  2.5582051E+02,2235,  1.8229750E+00,  0.0000000E+00,  2.9891741E-01,  1.0001236E+03,  7.3515010E+03,3,
  6.3839038E+02,  0.0000000E+00,  2.5257202E+02,2334,  1.7751484E+00,  0.0000000E+00,  1.7239071E-01,  1.0012341E+03,  7.3647461E+04,3,
  6.3996698E+02,  0.0000000E+00,  2.5262448E+02,2318,  1.7742591E+00,  0.0000000E+00,  4.1297084E-01,  1.0011697E+03,  6.9791148E+04,3,
  6.4114246E+02,  0.0000000E+00,  2.5517621E+02,2367,  1.8254651E+00,  0.0000000E+00,  2.0948511E-01,  1.0000661E+03,  3.9310134E+03,3,
  6.4012781E+02,  0.0000000E+00,  2.5546068E+02,2364,  1.4463415E+00,  0.0000000E+00,  2.8025031E-01,  1.0000903E+03,  5.3687817E+03,3,
  6.4150000E+02,  0.0000000E+00,  2.5314284E+02,2257,  1.8919892E+00,  0.0000000E+00,  5.0584751E-01,  1.0003571E+03,  2.1252551E+04,3,
  6.4223322E+02,  0.0000000E+00,  2.5301517E+02,2346,  1.7703229E+00,  0.0000000E+00,  4.9931887E-01,  1.0004929E+03,  2.9351381E+04,3,
  6.4267566E+02,  0.0000000E+00,  2.5530804E+02,2406,  2.2103164E+00,  0.0000000E+00,  2.2392508E-01,  1.0000974E+03,  5.7936167E+03,3,
  6.4343927E+02,  0.0000000E+00,  2.5284030E+02,2421,  1.9067694E+00,  0.0000000E+00,  3.9489561E-01,  1.0007656E+03,  4.5627180E+04,3,
  6.4471393E+02,  0.0000000E+00,  2.5285202E+02,2385,  1.9698427E+00,  0.0000000E+00,  2.3169510E-01,  1.0007560E+03,  4.5051172E+04,3,
  6.4474121E+02,  0.0000000E+00,  2.5539828E+02,2460,  1.8625239E+00,  0.0000000E+00,  3.0146691E-01,  1.0001126E+03,  6.6978135E+03,3,
  6.4599982E+02,  0.0000000E+00,  2.5299109E+02,2414,  1.9121480E+00,  0.0000000E+00,  1.6645762E-01,  1.0004319E+03,  2.5715914E+04,3,
  6.4628998E+02,  0.0000000E+00,  2.5508401E+02,2267,  1.8077238E+00,  0.0000000E+00,  1.4979635E-01,  1.0001370E+03,  8.1468789E+03,3,
  6.4694678E+02,  0.0000000E+00,  2.5302274E+02,2338,  1.8499037E+00,  0.0000000E+00,  2.3240606E-01,  1.0003364E+03,  2.0019748E+04,3,
  6.4774664E+02,  0.0000000E+00,  2.5295461E+02,2397,  1.8041568E+00,  0.0000000E+00,  2.6453650E-01,  1.0004338E+03,  2.5828705E+04,3,
  6.4778931E+02,  0.0000000E+00,  2.5533087E+02,2272,  2.0682552E+00,  0.0000000E+00, -8.5794553E-03,  1.0001246E+03,  7.4096084E+03,3,
  6.4903223E+02,  0.0000000E+00,  2.5279802E+02,2228,  1.9444227E+00,  0.0000000E+00,  2.6622590E-01,  1.0006943E+03,  4.1369883E+04,3,
  6.4925409E+02,  0.0000000E+00,  2.5496481E+02,2277,  2.1830008E+00,  0.0000000E+00, -9.8136470E-02,  1.0001271E+03,  7.5585107E+03,3,
  6.5024060E+02,  0.0000000E+00,  2.5292284E+02,2328,  2.0353193E+00,  0.0000000E+00,  1.5934210E-01,  1.0005933E+03,  3.5336965E+04,3,
  6.5063599E+02,  0.0000000E+00,  2.5506334E+02,2388,  2.2831278E+00,  0.0000000E+00, -6.6540763E-02,  1.0000997E+03,  5.9316011E+03,3,
  6.5159161E+02,  0.0000000E+00,  2.5266797E+02,2251,  2.0790639E+00,  0.0000000E+00, -3.5643518E-02,  1.0009670E+03,  5.7661699E+04,3,
  6.5214276E+02,  0.0000000E+00,  2.5533635E+02,2404,  2.3726075E+00,  0.0000000E+00, -3.0462528E-03,  1.0000985E+03,  5.8589775E+03,3,
  6.5289191E+02,  0.0000000E+00,  2.5302829E+02,2350,  1.9644889E+00,  0.0000000E+00, -1.1996707E-01,  1.0004686E+03,  2.7902857E+04,3,
  6.5351178E+02,  0.0000000E+00,  2.5535585E+02,2327,  2.3597043E+00,  0.0000000E+00, -4.0917527E-02,  1.0000973E+03,  5.7863545E+03,3,
  6.5394202E+02,  0.0000000E+00,  2.5278874E+02,2377,  1.8220905E+00,  0.0000000E+00, -8.4439978E-02,  1.0008124E+03,  4.8420199E+04,3,
  6.5489557E+02,  0.0000000E+00,  2.5325342E+02,2331,  1.9263469E+00,  0.0000000E+00, -2.7249789E-02,  1.0002256E+03,  1.3425591E+04,3,
  6.5536572E+02,  0.0000000E+00,  2.5543977E+02,2238,  2.2448075E+00,  0.0000000E+00, -2.5100729E-01,  1.0000938E+03,  5.5757500E+03,3,
  6.5566541E+02,  0.0000000E+00,  2.5500771E+02,2211,  2.1409340E+00,  0.0000000E+00, -2.9016879E-01,  1.0000693E+03,  4.1234297E+03,3,
  6.5649719E+02,  0.0000000E+00,  2.5265808E+02,2202,  2.5809693E+00,  0.0000000E+00, -7.0150787E-01,  1.0010963E+03,  6.5395672E+04,3,
  6.5710339E+02,  0.0000000E+00,  2.5509904E+02,2387,  2.1275105E+00,  0.0000000E+00, -2.5041729E-01,  1.0000667E+03,  3.9636877E+03,3,
  6.5779565E+02,  0.0000000E+00,  2.5249710E+02,2375,  1.7479244E+00,  0.0000000E+00, -1.5634172E+00,  1.0008262E+03,  4.9248047E+04,3,
  6.5984784E+02,  0.0000000E+00,  2.5379358E+02,2368,  2.5147963E+00,  0.0000000E+00,  2.5256687E-01,  1.0001200E+03,  7.1372319E+03,3,
  6.5894348E+02,  0.0000000E+00,  2.5340877E+02,2287,  1.4549670E+00,  0.0000000E+00,  1.9500716E-01,  1.0004178E+03,  2.4871832E+04,3,
  6.5994037E+02,  0.0000000E+00,  2.5141464E+02,2218,  1.0386882E+00,  0.0000000E+00, -5.1396984E-01,  1.0003228E+03,  1.9208875E+04,3,
  6.6200037E+02,  0.0000000E+00,  2.5368539E+02,2264,  2.2222459E+00,  0.0000000E+00,  5.0337717E-02,  1.0006091E+03,  3.6283918E+04,3,
  6.6188995E+02,  0.0000000E+00,  2.5464114E+02,2413,  1.4989312E+00,  0.0000000E+00,  6.5976039E-02,  1.0001241E+03,  7.3841865E+03,3,
  6.6251746E+02,  0.0000000E+00,  2.5515785E+02,2279,  1.3564667E+00,  0.0000000E+00, -5.4120809E-02,  1.0001376E+03,  8.1868311E+03,3,
  6.6350726E+02,  0.0000000E+00,  2.5515942E+02,2263,  1.7419605E+00,  0.0000000E+00, -1.8603705E-01,  1.0001748E+03,  1.0398979E+04,3,
  6.6455933E+02,  0.0000000E+00,  2.5440221E+02,2314,  1.7607067E+00,  0.0000000E+00, -3.2826391E-01,  1.0003340E+03,  1.9881568E+04,3,
  6.6565039E+02,  0.0000000E+00,  2.5443523E+02,2301,  1.9708225E+00,  0.0000000E+00, -3.2340673E-01,  1.0003304E+03,  1.9663393E+04,3,
  6.6666052E+02,  0.0000000E+00,  2.5441138E+02,2293,  2.1355453E+00,  0.0000000E+00, -9.4590366E-02,  1.0003383E+03,  2.0136113E+04,3,
  6.6795233E+02,  0.0000000E+00,  2.5482318E+02,2376,  1.8724369E+00,  0.0000000E+00,  1.6618025E-01,  1.0002018E+03,  1.2008455E+04,3,
  6.6862280E+02,  0.0000000E+00,  2.5369806E+02,2339,  1.8608612E+00,  0.0000000E+00,  1.6626227E-01,  1.0005330E+03,  3.1742998E+04,3,
  6.6968091E+02,  0.0000000E+00,  2.5465146E+02,2347,  1.8052648E+00,  0.0000000E+00,  2.6641557E-01,  1.0002299E+03,  1.3676336E+04,3,
  6.7069067E+02,  0.0000000E+00,  2.5497319E+02,2164,  1.7159684E+00,  0.0000000E+00,  2.3431616E-01,  1.0002075E+03,  1.2346369E+04,3,
  6.7157812E+02,  0.0000000E+00,  2.5405771E+02,2320,  1.7835630E+00,  0.0000000E+00,  1.0686282E-01,  1.0004623E+03,  2.7528021E+04,3,
  6.7263586E+02,  0.0000000E+00,  2.5484814E+02,2396,  1.6332915E+00,  0.0000000E+00,  1.4039738E-01,  1.0002515E+03,  1.4962867E+04,3,
  6.7391974E+02,  0.0000000E+00,  2.5414052E+02,2192,  1.7421358E+00,  0.0000000E+00,  1.9340478E-02,  1.0004977E+03,  2.9638926E+04,3,
  6.7481213E+02,  0.0000000E+00,  2.5501430E+02,2431,  1.6721668E+00,  0.0000000E+00,  5.7910336E-03,  1.0002589E+03,  1.5406286E+04,3,
  6.8007977E+02,  0.0000000E+00,  2.5140784E+02,2209,  1.1896515E+00,  0.0000000E+00,  8.9745514E-02,  1.0003443E+03,  2.0492486E+04,3,
  6.7594934E+02,  0.0000000E+00,  2.5463371E+02,2185,  1.7285744E+00,  0.0000000E+00, -5.6022033E-02,  1.0003948E+03,  2.3500350E+04,3,
  6.7698547E+02,  0.0000000E+00,  2.5483490E+02,2311,  1.7022125E+00,  0.0000000E+00, -8.3120324E-02,  1.0003090E+03,  1.8390795E+04,3,
  6.7817426E+02,  0.0000000E+00,  2.5500870E+02,2300,  1.7775393E+00,  0.0000000E+00, -7.9627208E-02,  1.0002310E+03,  1.3745383E+04,3,
  6.7887573E+02,  0.0000000E+00,  2.5405507E+02,2330,  1.7384307E+00,  0.0000000E+00, -6.4617358E-02,  1.0005574E+03,  3.3195723E+04,3,
  6.7835272E+02,  0.0000000E+00,  2.5171478E+02,2295,  1.1537998E+00,  0.0000000E+00,  9.9814627E-03,  1.0001177E+03,  6.9992305E+03,3,
  6.8001447E+02,  0.0000000E+00,  2.5527689E+02,2369,  1.8945767E+00,  0.0000000E+00, -2.6447162E-02,  1.0002151E+03,  1.2800572E+04,3,
  6.8100562E+02,  0.0000000E+00,  2.5500043E+02,2357,  1.8698772E+00,  0.0000000E+00,  5.0098769E-02,  1.0002481E+03,  1.4762971E+04,3,
  6.8191272E+02,  0.0000000E+00,  2.5487904E+02,2358,  1.8588583E+00,  0.0000000E+00,  1.2639144E-01,  1.0002140E+03,  1.2731532E+04,3,
  6.8291956E+02,  0.0000000E+00,  2.5377699E+02,2268,  1.4277254E+00,  0.0000000E+00, -5.1952206E-02,  1.0005798E+03,  3.4532125E+04,3,
  6.8354321E+02,  0.0000000E+00,  2.5494432E+02,2245,  1.8944433E+00,  0.0000000E+00,  1.6781485E-01,  1.0001754E+03,  1.0431675E+04,3,
  6.8493933E+02,  0.0000000E+00,  2.5443274E+02,2248,  1.7373613E+00,  0.0000000E+00,  1.5226138E-01,  1.0003541E+03,  2.1077984E+04,3,
  6.8562164E+02,  0.0000000E+00,  2.5498141E+02,2340,  1.7102704E+00,  0.0000000E+00,  1.7728694E-01,  1.0002361E+03,  1.4047014E+04,3,
  6.8671039E+02,  0.0000000E+00,  2.5497023E+02,2302,  1.6913915E+00,  0.0000000E+00,  1.5732120E-01,  1.0002395E+03,  1.4250529E+04,3,
  6.8753436E+02,  0.0000000E+00,  2.5441531E+02,2227,  1.6082405E+00,  0.0000000E+00,  8.9015670E-02,  1.0003610E+03,  2.1485309E+04,3,
  6.8865106E+02,  0.0000000E+00,  2.5473344E+02,2273,  1.6140867E+00,  0.0000000E+00,  1.0026979E-01,  1.0002200E+03,  1.3087640E+04,3,
  6.8934363E+02,  0.0000000E+00,  2.5409682E+02,2285,  1.5298496E+00,  0.0000000E+00,  1.1358053E-02,  1.0003981E+03,  2.3696785E+04,3,
  6.9062360E+02,  0.0000000E+00,  2.5432878E+02,2297,  1.6440270E+00,  0.0000000E+00,  2.9655000E-02,  1.0003324E+03,  1.9783389E+04,3,
  6.9127631E+02,  0.0000000E+00,  2.5495120E+02,2193,  1.6470727E+00,  0.0000000E+00,  1.7729800E-02,  1.0002167E+03,  1.2895050E+04,3,
  6.9241284E+02,  0.0000000E+00,  2.5429926E+02,2351,  1.6735394E+00,  0.0000000E+00, -8.0683557E-03,  1.0003776E+03,  2.2478229E+04,3,
  6.9325305E+02,  0.0000000E+00,  2.5504843E+02,2313,  1.5918679E+00,  0.0000000E+00, -2.9228603E-02,  1.0002126E+03,  1.2647958E+04,3,
  6.9435846E+02,  0.0000000E+00,  2.5390685E+02,2296,  1.6120039E+00,  0.0000000E+00, -1.1412684E-01,  1.0004655E+03,  2.7713617E+04,3,
  6.9517340E+02,  0.0000000E+00,  2.5471352E+02,2274,  1.5474515E+00,  0.0000000E+00, -1.2342813E-01,  1.0002545E+03,  1.5144594E+04,3,
  6.9619611E+02,  0.0000000E+00,  2.5522729E+02,2208,  1.5965520E+00,  0.0000000E+00, -1.1689085E-01,  1.0002252E+03,  1.3396520E+04,3,
  6.9701562E+02,  0.0000000E+00,  2.5440460E+02,2322,  1.8503581E+00,  0.0000000E+00, -6.4202309E-02,  1.0005635E+03,  3.3563488E+04,3,
  7.0106787E+02,  0.0000000E+00,  2.5205710E+02,2200,  1.0728788E+00,  0.0000000E+00,  1.2450279E+00,  1.0004155E+03,  2.4737221E+04,3,
  7.0199341E+02,  0.0000000E+00,  2.5267511E+02,2233,  2.4211447E+00,  0.0000000E+00,  1.5399820E+00,  1.0004110E+03,  2.4468008E+04,3,
  6.9821295E+02,  0.0000000E+00,  2.5471953E+02,2182,  1.7462559E+00,  0.0000000E+00,  2.1453245E-01,  1.0003480E+03,  2.0710680E+04,3,
  6.9917474E+02,  0.0000000E+00,  2.5482104E+02,2342,  1.6888819E+00,  0.0000000E+00,  3.0392423E-01,  1.0002737E+03,  1.6285914E+04,3,
  7.0015790E+02,  0.0000000E+00,  2.5497128E+02,2333,  1.6800157E+00,  0.0000000E+00,  2.4850859E-01,  1.0002217E+03,  1.3189388E+04,3,
  7.0111072E+02,  0.0000000E+00,  2.5521167E+02,2315,  1.8008728E+00,  0.0000000E+00,  1.0558362E-01,  1.0001920E+03,  1.1419858E+04,3,
  7.0221399E+02,  0.0000000E+00,  2.5491766E+02,2305,  2.1580977E+00,  0.0000000E+00, -4.7762882E-02,  1.0003317E+03,  1.9743391E+04,3,
  7.0334686E+02,  0.0000000E+00,  2.5511842E+02,2225,  2.3156986E+00,  0.0000000E+00, -1.7113166E-01,  1.0003265E+03,  1.9434312E+04,3,
  7.0427301E+02,  0.0000000E+00,  2.5306224E+02,2150,  2.3338294E+00,  0.0000000E+00, -7.0797317E-02,  1.0004520E+03,  2.6913033E+04,3,
  7.0471191E+02,  0.0000000E+00,  2.5482550E+02,2179,  2.4178560E+00,  0.0000000E+00, -2.7284861E-01,  1.0003965E+03,  2.3602205E+04,3,
  7.0530347E+02,  0.0000000E+00,  2.5321767E+02,2210,  1.9408568E+00,  0.0000000E+00, -3.3259732E-01,  9.9976404E+02, -1.4019883E+04,3,
  7.0645667E+02,  0.0000000E+00,  2.5415004E+02,2188,  2.5936570E+00,  0.0000000E+00, -5.0329340E-01,  1.0006256E+03,  3.7267391E+04,3,
  7.0542883E+02,  0.0000000E+00,  2.5293166E+02,2146,  1.7353208E+00,  0.0000000E+00, -3.4212908E-01,  1.0002878E+03,  1.7129268E+04,3,
  7.0775867E+02,  0.0000000E+00,  2.5357613E+02,2294,  2.2033453E+00,  0.0000000E+00, -3.5768974E-01,  1.0007187E+03,  4.2824012E+04,3,
  7.0870709E+02,  0.0000000E+00,  2.5279782E+02,2276,  1.5045085E+00,  0.0000000E+00,  1.8805248E-01,  1.0011951E+03,  7.1315219E+04,3,
  7.0929449E+02,  0.0000000E+00,  2.5263449E+02,2352,  2.7717028E+00,  0.0000000E+00,  1.7509691E-01,  1.0015520E+03,  9.2709609E+04,3,
  7.0945551E+02,  0.0000000E+00,  2.5324352E+02,2316,  2.7087750E+00,  0.0000000E+00, -7.8239888E-01,  9.9867822E+02, -7.8279211E+04,3,
  7.1147516E+02,  0.0000000E+00,  2.5279376E+02,2289,  2.4114001E+00,  0.0000000E+00, -1.7964442E-01,  1.0012417E+03,  7.4104469E+04,3,
  7.1212549E+02,  0.0000000E+00,  2.5363960E+02,2249,  2.3214824E+00,  0.0000000E+00, -4.0166672E-02,  1.0000979E+03,  5.8226660E+03,3,
  7.1283289E+02,  0.0000000E+00,  2.5341364E+02,2166,  2.2424672E+00,  0.0000000E+00, -6.6431277E-02,  1.0005935E+03,  3.5351531E+04,3,
  7.1365454E+02,  0.0000000E+00,  2.5334778E+02,2261,  2.4970033E+00,  0.0000000E+00,  2.2521693E-01,  1.0003536E+03,  2.1045254E+04,3,
  7.1460974E+02,  0.0000000E+00,  2.5300676E+02,2196,  2.2764165E+00,  0.0000000E+00,  9.4766267E-02,  1.0008752E+03,  5.2173414E+04,3,
  7.1593994E+02,  0.0000000E+00,  2.5275218E+02,2180,  2.4637256E+00,  0.0000000E+00, -6.1316364E-03,  1.0011122E+03,  6.6352797E+04,3,
  7.1597803E+02,  0.0000000E+00,  2.5328432E+02,2216,  2.3325148E+00,  0.0000000E+00, -4.1229615E-01,  9.9843225E+02, -9.2777867E+04,3,
  7.1616626E+02,  0.0000000E+00,  2.5446649E+02,2255,  2.6642702E+00,  0.0000000E+00,  3.4849901E-02,  1.0002855E+03,  1.6987492E+04,3,
  7.1771466E+02,  0.0000000E+00,  2.5290048E+02,2197,  3.1446619E+00,  0.0000000E+00,  6.1074370E-01,  1.0006414E+03,  3.8210887E+04,3,
  7.1724658E+02,  0.0000000E+00,  2.5397932E+02,2186,  1.2742643E+00,  0.0000000E+00,  3.6691692E-01,  1.0003320E+03,  1.9761570E+04,3,
  7.1894537E+02,  0.0000000E+00,  2.5203641E+02,2138,  2.3293574E+00,  0.0000000E+00, -1.0034564E+00,  1.0008878E+03,  5.2924953E+04,3,
  7.2034180E+02,  0.0000000E+00,  2.5367844E+02,2161,  2.9273739E+00,  0.0000000E+00,  1.8000154E-01,  1.0001487E+03,  8.8478809E+03,3,
  7.2120947E+02,  0.0000000E+00,  2.5373033E+02,2215,  2.8639476E+00,  0.0000000E+00,  4.8325175E-01,  1.0001064E+03,  6.3310410E+03,3,
  7.2217523E+02,  0.0000000E+00,  2.5428107E+02,2258,  2.3361351E+00,  0.0000000E+00,  8.0648816E-01,  1.0000754E+03,  4.4864902E+03,3,
  7.2327026E+02,  0.0000000E+00,  2.5407901E+02,2259,  1.8711809E+00,  0.0000000E+00,  9.7158837E-01,  9.9996649E+02, -1.9921344E+03,3,
  7.2385645E+02,  0.0000000E+00,  2.5429854E+02,2183,  1.7283096E+00,  0.0000000E+00,  7.5133342E-01,  1.0000513E+03,  3.0524800E+03,3,
  7.2512494E+02,  0.0000000E+00,  2.5416701E+02,2232,  1.5847059E+00,  0.0000000E+00,  1.6408098E-01,  1.0001089E+03,  6.4799272E+03,3,
  7.2561707E+02,  0.0000000E+00,  2.5439340E+02,2256,  1.8459544E+00,  0.0000000E+00, -9.0631388E-02,  1.0001310E+03,  7.7945801E+03,3,
  7.2671893E+02,  0.0000000E+00,  2.5409258E+02,2265,  2.3165612E+00,  0.0000000E+00, -4.1882917E-01,  1.0000807E+03,  4.8023633E+03,3,
  7.2814209E+02,  0.0000000E+00,  2.5372833E+02,2286,  2.5717645E+00,  0.0000000E+00,  2.7363772E-02,  9.9997095E+02, -1.7272653E+03,3,
  7.2926227E+02,  0.0000000E+00,  2.5406264E+02,2298,  2.6613200E+00,  0.0000000E+00,  3.2315245E-01,  1.0000390E+03,  2.3192183E+03,3,
  7.3058051E+02,  0.0000000E+00,  2.5400171E+02,2187,  2.3208065E+00,  0.0000000E+00,  5.8090931E-01,  9.9997467E+02, -1.5059309E+03,3,
  7.3150330E+02,  0.0000000E+00,  2.5422409E+02,2280,  2.2431824E+00,  0.0000000E+00,  6.4431053E-01,  1.0000215E+03,  1.2774991E+03,3,
  7.3290802E+02,  0.0000000E+00,  2.5469147E+02,2288,  2.0109446E+00,  0.0000000E+00,  4.6121734E-01,  1.0001149E+03,  6.8321787E+03,3,
  7.3370569E+02,  0.0000000E+00,  2.5444388E+02,2231,  2.0405927E+00,  0.0000000E+00,  4.2135057E-01,  9.9994470E+02, -3.2873511E+03,3,
  7.3432190E+02,  0.0000000E+00,  2.5470483E+02,2132,  2.2503610E+00,  0.0000000E+00,  2.7721855E-01,  1.0000424E+03,  2.5224934E+03,3,
  7.3459369E+02,  0.0000000E+00,  2.5447948E+02,2153,  2.0545862E+00,  0.0000000E+00,  3.3560264E-01,  9.9993616E+02, -3.7952332E+03,3,
  7.3518481E+02,  0.0000000E+00,  2.5197221E+02,2162,  1.3432798E+00,  0.0000000E+00, -1.1056653E-01,  1.0009185E+03,  5.4763914E+04,3,
  7.3783057E+02,  0.0000000E+00,  2.5447285E+02,2165,  1.7235764E+00,  0.0000000E+00, -1.5198816E-01,  1.0000327E+03,  1.9417185E+03,3,
  7.3824902E+02,  0.0000000E+00,  2.5421925E+02,2214,  1.9392741E+00,  0.0000000E+00, -1.9272491E-02,  9.9992346E+02, -4.5497524E+03,3,
  7.3859814E+02,  0.0000000E+00,  2.5466399E+02,2151,  1.7690077E+00,  0.0000000E+00, -2.8812161E-01,  1.0000934E+03,  5.5575947E+03,3,
  7.3967645E+02,  0.0000000E+00,  2.5441771E+02,2148,  2.0009789E+00,  0.0000000E+00, -4.4972694E-01,  1.0000188E+03,  1.1178027E+03,3,
  7.4087781E+02,  0.0000000E+00,  2.5445886E+02,2270,  2.4160624E+00,  0.0000000E+00, -8.1243509E-01,  1.0000547E+03,  3.2557700E+03,3,
  7.4205121E+02,  0.0000000E+00,  2.5386423E+02,2250,  2.0018404E+00,  0.0000000E+00, -1.0988773E+00,  9.9979742E+02, -1.2037416E+04,3,
  7.4303448E+02,  0.0000000E+00,  2.5373093E+02,2219,  1.6013024E+00,  0.0000000E+00, -1.0736377E+00,  9.9914331E+02, -5.0806270E+04,3,
  7.4375372E+02,  0.0000000E+00,  2.5266722E+02,2181,  3.5632112E+00,  0.0000000E+00,  8.6380637E-01,  1.0021552E+03,  1.2897602E+05,3,
  7.4471295E+02,  0.0000000E+00,  2.5349686E+02,2229,  2.7489791E+00,  0.0000000E+00, -1.2373192E-02,  9.9978705E+02, -1.2653582E+04,3,
  7.4565979E+02,  0.0000000E+00,  2.5376810E+02,2120,  2.3217800E+00,  0.0000000E+00,  1.5321206E-01,  9.9999872E+02, -7.6209229E+01,3,
  7.4716284E+02,  0.0000000E+00,  2.5286853E+02,2119,  2.5595648E+00,  0.0000000E+00, -7.8240268E-02,  1.0006584E+03,  3.9223695E+04,3,
  7.4658374E+02,  0.0000000E+00,  2.5396680E+02,2223,  2.1697531E+00,  0.0000000E+00, -8.3704107E-02,  1.0002795E+03,  1.6634879E+04,3,
  7.4859918E+02,  0.0000000E+00,  2.5283963E+02,2130,  2.7427289E+00,  0.0000000E+00, -1.1257029E-01,  1.0008479E+03,  5.0542836E+04,3,
  7.4902563E+02,  0.0000000E+00,  2.5441521E+02,2220,  2.7800417E+00,  0.0000000E+00,  3.2708164E-02,  1.0002140E+03,  1.2731532E+04,3,
  7.4902545E+02,  0.0000000E+00,  2.5352748E+02,2094,  2.4894912E+00,  0.0000000E+00, -3.2852200E-01,  9.9923132E+02, -4.5598680E+04,3,
  7.5090271E+02,  0.0000000E+00,  2.5253783E+02,2174,  2.8273256E+00,  0.0000000E+00,  8.5322997E-03,  1.0011090E+03,  6.6159172E+04,3,
  7.5058337E+02,  0.0000000E+00,  2.5436626E+02,2226,  1.7004211E+00,  0.0000000E+00,  1.9716740E-01,  1.0002956E+03,  1.7590961E+04,3,
  7.5167468E+02,  0.0000000E+00,  2.5325893E+02,2184,  2.4887249E+00,  0.0000000E+00,  2.9221198E-01,  9.9931317E+02, -4.0753367E+04,3,
  7.5279346E+02,  0.0000000E+00,  2.5338071E+02,2177,  2.5610816E+00,  0.0000000E+00, -2.8266525E-02,  1.0011072E+03,  6.6053227E+04,3,
  7.5376031E+02,  0.0000000E+00,  2.5382968E+02,2127,  2.7505457E+00,  0.0000000E+00, -2.0825793E-01,  1.0004913E+03,  2.9256746E+04,3,
  7.5525012E+02,  0.0000000E+00,  2.5287309E+02,2207,  2.2910793E+00,  0.0000000E+00, -3.0535316E-01,  1.0013934E+03,  8.3194125E+04,3,
  7.5453351E+02,  0.0000000E+00,  2.5289667E+02,2242,  2.2097881E+00,  0.0000000E+00, -7.1836215E-01,  9.9944360E+02, -3.3027023E+04,3,
  7.5659314E+02,  0.0000000E+00,  2.5311264E+02,2101,  2.2160769E+00,  0.0000000E+00, -3.8169611E-01,  9.9890924E+02, -6.4642469E+04,3,
  7.5696448E+02,  0.0000000E+00,  2.5287483E+02,2163,  2.5521626E+00,  0.0000000E+00,  1.4223829E-01,  1.0013120E+03,  7.8317242E+04,3,
  7.5819775E+02,  0.0000000E+00,  2.5357426E+02,2213,  2.5811517E+00,  0.0000000E+00, -2.2772683E-01,  1.0005623E+03,  3.3487020E+04,3,
  7.5945337E+02,  0.0000000E+00,  2.5290759E+02,2111,  2.5876887E+00,  0.0000000E+00,  8.0463044E-02,  1.0004755E+03,  2.8310461E+04,3,
  7.6023285E+02,  0.0000000E+00,  2.5300539E+02,2124,  2.2752986E+00,  0.0000000E+00, -4.7986680E-01,  9.9962762E+02, -2.2115963E+04,3,
  7.6037708E+02,  0.0000000E+00,  2.5296439E+02,2169,  2.2610648E+00,  0.0000000E+00, -1.8441668E-01,  9.9990375E+02, -5.7213198E+03,3,
  7.6117523E+02,  0.0000000E+00,  2.5412428E+02,2271,  2.8237004E+00,  0.0000000E+00, -2.3160219E-01,  1.0006940E+03,  4.1351660E+04,3,
  7.6217621E+02,  0.0000000E+00,  2.5276697E+02,2125,  2.5445831E+00,  0.0000000E+00,  5.2810486E-02,  1.0004489E+03,  2.6727451E+04,3,
  7.6392841E+02,  0.0000000E+00,  2.5303993E+02,2152,  2.5489497E+00,  0.0000000E+00,  1.5136376E-01,  1.0005005E+03,  2.9806361E+04,3,
  7.6423163E+02,  0.0000000E+00,  2.5414516E+02,2205,  2.4184520E+00,  0.0000000E+00,  2.1358475E-02,  1.0004636E+03,  2.7600805E+04,3,
  7.6494562E+02,  0.0000000E+00,  2.5266841E+02,2113,  2.5140131E+00,  0.0000000E+00, -2.6514789E-02,  1.0004595E+03,  2.7356986E+04,3,
  7.6521429E+02,  0.0000000E+00,  2.5329263E+02,2107,  2.6196287E+00,  0.0000000E+00,  2.3550533E-01,  9.9915411E+02, -5.0167207E+04,3,
  7.6601208E+02,  0.0000000E+00,  2.5433321E+02,2167,  2.6599047E+00,  0.0000000E+00,  2.1657921E-02,  1.0005223E+03,  3.1105904E+04,3,
  7.6681616E+02,  0.0000000E+00,  2.5295166E+02,2170,  2.3875844E+00,  0.0000000E+00,  2.0798002E-01,  1.0001405E+03,  8.3575371E+03,3,
  7.6765332E+02,  0.0000000E+00,  2.5305132E+02,2154,  2.4733326E+00,  0.0000000E+00, -8.3888590E-02,  1.0001899E+03,  1.1299963E+04,3,
  7.6859576E+02,  0.0000000E+00,  2.5310823E+02,2244,  2.6935213E+00,  0.0000000E+00, -1.0313980E-01,  1.0003876E+03,  2.3074758E+04,3,
  7.7031317E+02,  0.0000000E+00,  2.5274001E+02,2198,  2.5342839E+00,  0.0000000E+00, -2.5044179E-01,  1.0004288E+03,  2.5530355E+04,3,
  7.7053912E+02,  0.0000000E+00,  2.5343475E+02,2190,  2.5939503E+00,  0.0000000E+00,  4.0367195E-01,  1.0001171E+03,  6.9629146E+03,3,
  7.7242822E+02,  0.0000000E+00,  2.5296062E+02,2123,  2.4164469E+00,  0.0000000E+00,  4.7729846E-02,  9.9964587E+02, -2.1033246E+04,3,
  7.7239240E+02,  0.0000000E+00,  2.5401366E+02,2095,  2.2427828E+00,  0.0000000E+00,  1.2394731E-01,  1.0009324E+03,  5.5592289E+04,3,
  7.7257098E+02,  0.0000000E+00,  2.5314624E+02,2122,  2.2316163E+00,  0.0000000E+00, -3.9844923E-02,  9.9951044E+02, -2.9065693E+04,3,
  7.7408179E+02,  0.0000000E+00,  2.5273700E+02,2116,  2.4856832E+00,  0.0000000E+00, -7.7476159E-02,  1.0006881E+03,  4.0998184E+04,3,
  7.7424823E+02,  0.0000000E+00,  2.5346248E+02,2158,  2.3611372E+00,  0.0000000E+00, -2.0252950E-02,  1.0000912E+03,  5.4268774E+03,3,
  7.7605542E+02,  0.0000000E+00,  2.5341649E+02,2189,  2.6867030E+00,  0.0000000E+00,  6.7982584E-01,  1.0003953E+03,  2.3529451E+04,3,
  7.7756177E+02,  0.0000000E+00,  2.5320889E+02,2102,  2.0195513E+00,  0.0000000E+00, -4.8264033E-01,  9.9979590E+02, -1.2128031E+04,3,
  7.8367120E+02,  0.0000000E+00,  2.5155978E+02,2159,  3.2667305E+00,  0.0000000E+00, -4.0204525E-01,  1.0025787E+03,  1.5451758E+05,3,
  7.7751276E+02,  0.0000000E+00,  2.5287309E+02,2105,  1.6583848E+00,  0.0000000E+00, -1.0988287E+00,  9.9964618E+02, -2.1015141E+04,3,
  7.7853229E+02,  0.0000000E+00,  2.5247908E+02,2121,  2.4462676E+00,  0.0000000E+00, -6.4711565E-01,  1.0005898E+03,  3.5133016E+04,3,
  7.7903021E+02,  0.0000000E+00,  2.5243034E+02,2133,  1.3076147E+00,  0.0000000E+00, -1.2142644E+00,  1.0016914E+03,  1.0107928E+05,3,
  7.7955688E+02,  0.0000000E+00,  2.5266336E+02,2135,  1.8288547E+00,  0.0000000E+00, -1.5238758E+00,  9.9982849E+02, -1.0192314E+04,3,
  7.8184882E+02,  0.0000000E+00,  2.5239499E+02,2139,  4.6265807E+00,  0.0000000E+00, -1.5713713E+00,  9.9969818E+02, -1.7929287E+04,3,
  7.8462213E+02,  0.0000000E+00,  2.5287119E+02,2156,  3.3543999E+00,  0.0000000E+00,  7.0917416E-01,  9.9960687E+02, -2.3347000E+04,3,
  7.8530878E+02,  0.0000000E+00,  2.5224498E+02,2078,  2.2447016E+00,  0.0000000E+00,  1.0772772E+00,  9.9890997E+02, -6.4599203E+04,3,
  7.8716949E+02,  0.0000000E+00,  2.5332178E+02,2175,  3.5439067E+00,  0.0000000E+00,  5.6511563E-01,  1.0001249E+03,  7.4313989E+03,3,
  7.8828351E+02,  0.0000000E+00,  2.5243863E+02,2090,  2.1156390E+00,  0.0000000E+00,  5.0186074E-01,  1.0005748E+03,  3.4233512E+04,3,
  7.8975732E+02,  0.0000000E+00,  2.5224046E+02,2070,  1.7935514E+00,  0.0000000E+00,  3.4560600E-01,  1.0012317E+03,  7.3504883E+04,3,
  7.9134387E+02,  0.0000000E+00,  2.5154257E+02,2092,  1.6506853E+00,  0.0000000E+00,  4.0656757E-01,  1.0001282E+03,  7.6238833E+03,3,
  7.9445819E+02,  0.0000000E+00,  2.5220929E+02,2137,  1.6139110E+00,  0.0000000E+00,  3.2726002E-01,  1.0000996E+03,  5.9243389E+03,3,
  7.9527100E+02,  0.0000000E+00,  2.5282494E+02,2178,  1.8486844E+00,  0.0000000E+00,  6.6677856E-01,  1.0000442E+03,  2.6277625E+03,3,
  7.9633679E+02,  0.0000000E+00,  2.5297507E+02,2030,  1.6999688E+00,  0.0000000E+00,  8.5658169E-01,  1.0000645E+03,  3.8329915E+03,3,
  7.9801117E+02,  0.0000000E+00,  2.5292967E+02,2075,  1.0948637E+00,  0.0000000E+00,  9.3697482E-01,  1.0001315E+03,  7.8200034E+03,3,
  7.9956232E+02,  0.0000000E+00,  2.5375354E+02,2109,  5.7208508E-01,  0.0000000E+00,  8.2855076E-01,  1.0001661E+03,  9.8831309E+03,3,
  8.0066180E+02,  0.0000000E+00,  2.5382150E+02,2140,  4.5238304E-01,  0.0000000E+00,  8.6187720E-01,  1.0001288E+03,  7.6602017E+03,3,
  8.0163361E+02,  0.0000000E+00,  2.5370943E+02,2097,  2.7423427E-01,  0.0000000E+00,  9.4544291E-01,  1.0000839E+03,  4.9875347E+03,3,
  8.0310199E+02,  0.0000000E+00,  2.5386926E+02,2145, -1.8012224E-01,  0.0000000E+00,  8.7275219E-01,  1.0000608E+03,  3.6151680E+03,3,
  8.0427545E+02,  0.0000000E+00,  2.5410085E+02,2080, -3.7095806E-01,  0.0000000E+00,  4.5494971E-01,  1.0001320E+03,  7.8526904E+03,3,
  8.0472589E+02,  0.0000000E+00,  2.5451877E+02,2126, -3.7490988E-01,  0.0000000E+00,  3.2655293E-01,  1.0001848E+03,  1.0991148E+04,3,
  8.0607489E+02,  0.0000000E+00,  2.5458331E+02,2088, -3.2691628E-01,  0.0000000E+00, -1.1166065E-01,  1.0002131E+03,  1.2680661E+04,3,
  8.0746771E+02,  0.0000000E+00,  2.5451343E+02,2110, -3.4973419E-01,  0.0000000E+00, -4.4423419E-01,  1.0001714E+03,  1.0199176E+04,3,
  8.0828906E+02,  0.0000000E+00,  2.5415965E+02,2098, -1.6840735E-01,  0.0000000E+00, -4.7892725E-01,  1.0000123E+03,  7.3309015E+02,3,
  8.0925867E+02,  0.0000000E+00,  2.5425494E+02,2055, -7.7595674E-02,  0.0000000E+00, -6.4814830E-01,  1.0000532E+03,  3.1613848E+03,3,
  8.1063013E+02,  0.0000000E+00,  2.5441385E+02,2086, -3.9232281E-01,  0.0000000E+00, -1.0327736E+00,  1.0001395E+03,  8.2957920E+03,3,
  8.1372467E+02,  0.0000000E+00,  2.5432254E+02,2065,  6.9617945E-01,  0.0000000E+00, -5.0969130E-01,  1.0001030E+03,  6.1240566E+03,3,
  8.1193024E+02,  0.0000000E+00,  2.5419623E+02,2067,  1.6958806E-01,  0.0000000E+00, -1.0039710E+00,  1.0000055E+03,  3.2661761E+02,3,
  8.1228290E+02,  0.0000000E+00,  2.5471616E+02,2034,  4.4463485E-01,  0.0000000E+00, -1.0850172E+00,  1.0001997E+03,  1.1881286E+04,3,
  8.1495599E+02,  0.0000000E+00,  2.5471852E+02,2091,  6.8892741E-01,  0.0000000E+00,  2.3213707E-01,  1.0001895E+03,  1.1270897E+04,3,
  8.1594336E+02,  0.0000000E+00,  2.5417014E+02,2056,  6.3707358E-01,  0.0000000E+00,  8.1341696E-01,  1.0001685E+03,  1.0021172E+04,3,
  8.1732098E+02,  0.0000000E+00,  2.5418924E+02,2087,  2.0606501E-01,  0.0000000E+00,  8.8960475E-01,  1.0001306E+03,  7.7691572E+03,3,
  8.1858643E+02,  0.0000000E+00,  2.5400598E+02,2033, -1.8849222E-01,  0.0000000E+00,  6.5780538E-01,  1.0000623E+03,  3.7022969E+03,3,
  8.2149390E+02,  0.0000000E+00,  2.5204869E+02,2037, -2.6168153E-01,  0.0000000E+00,  2.5115704E-02,  1.0009943E+03,  5.9297094E+04,3,
  8.1872418E+02,  0.0000000E+00,  2.5357846E+02,2068, -4.4946384E-01,  0.0000000E+00,  6.4072323E-01,  1.0000231E+03,  1.3754958E+03,3,
  8.2283179E+02,  0.0000000E+00,  2.5338190E+02,2036, -3.4452483E-01,  0.0000000E+00,  1.2548424E-01,  9.9958350E+02, -2.4733543E+04,3,
  8.2228900E+02,  0.0000000E+00,  2.5323567E+02,2077, -2.8141129E-01,  0.0000000E+00,  3.5340142E-01,  1.0003810E+03,  2.2678281E+04,3,
  8.2349231E+02,  0.0000000E+00,  2.5366277E+02,2057, -5.2203488E-01,  0.0000000E+00,  3.7087809E-02,  1.0008256E+03,  4.9207930E+04,3,
  8.2472150E+02,  0.0000000E+00,  2.5320671E+02,2049, -4.0761194E-01,  0.0000000E+00, -1.2280258E-01,  9.9994739E+02, -3.1277258E+03,3,
  8.2636823E+02,  0.0000000E+00,  2.5393791E+02,2035, -2.5329113E-01,  0.0000000E+00, -2.3282377E-01,  1.0007161E+03,  4.2667289E+04,3,
  8.2812585E+02,  0.0000000E+00,  2.5281438E+02,2063, -5.6099665E-01,  0.0000000E+00, -3.5776123E-01,  1.0003929E+03,  2.3391223E+04,3,
  8.2597736E+02,  0.0000000E+00,  2.5301265E+02,2041, -1.9137536E-01,  0.0000000E+00, -2.4975221E-01,  1.0005588E+03,  3.3279469E+04,3,
  8.2711517E+02,  0.0000000E+00,  2.5295090E+02,2074, -3.2859099E-01,  0.0000000E+00, -3.3978859E-01,  9.9959705E+02, -2.3929879E+04,3,
  8.2944885E+02,  0.0000000E+00,  2.5357182E+02,2052, -3.0751449E-01,  0.0000000E+00, -3.6548201E-02,  1.0008116E+03,  4.8376438E+04,3,
  8.2988928E+02,  0.0000000E+00,  2.5292691E+02,2031, -3.5929003E-01,  0.0000000E+00,  2.5425971E-01,  1.0003041E+03,  1.8099939E+04,3,
  8.3155762E+02,  0.0000000E+00,  2.5315126E+02,2029, -3.5793588E-01,  0.0000000E+00,  2.0150757E-01,  9.9979474E+02, -1.2196898E+04,3,
  8.3199664E+02,  0.0000000E+00,  2.5322043E+02,2060, -2.9391253E-01,  0.0000000E+00,  2.7090245E-01,  1.0001575E+03,  9.3673086E+03,3,
  8.3276379E+02,  0.0000000E+00,  2.5275488E+02,2069, -3.2673082E-01,  0.0000000E+00,  3.3622519E-03,  1.0011038E+03,  6.5848648E+04,3,
  8.3398376E+02,  0.0000000E+00,  2.5373744E+02,2043, -4.1109544E-01,  0.0000000E+00, -3.5591010E-02,  1.0004490E+03,  2.6734729E+04,3,
  8.3469806E+02,  0.0000000E+00,  2.5314381E+02,2038, -3.2404381E-01,  0.0000000E+00, -1.7173304E-01,  9.9940247E+02, -3.5464531E+04,3,
  8.3529663E+02,  0.0000000E+00,  2.5365654E+02,2044, -3.5709563E-01,  0.0000000E+00, -1.3236122E-01,  1.0002083E+03,  1.2389972E+04,3,
  8.3706879E+02,  0.0000000E+00,  2.5319682E+02,2048, -2.8556606E-01,  0.0000000E+00, -6.2578195E-01,  1.0001927E+03,  1.1463456E+04,3,
  8.3606677E+02,  0.0000000E+00,  2.5279759E+02,2054, -4.5842141E-01,  0.0000000E+00, -1.5537880E-01,  1.0009374E+03,  5.5891543E+04,3,
  8.3828149E+02,  0.0000000E+00,  2.5317210E+02,2040, -3.6962411E-01,  0.0000000E+00,  4.8821518E-01,  1.0003354E+03,  1.9961568E+04,3,
  8.3925555E+02,  0.0000000E+00,  2.5280608E+02,2042, -1.8999521E-01,  0.0000000E+00, -2.2807252E-01,  1.0005266E+03,  3.1357096E+04,3,
  8.3978162E+02,  0.0000000E+00,  2.5303378E+02,2039, -3.6071399E-01,  0.0000000E+00, -2.2872403E-01,  1.0006150E+03,  3.6633586E+04,3,
  8.3987842E+02,  0.0000000E+00,  2.5336230E+02,2047, -4.1681418E-01,  0.0000000E+00, -4.6442068E-01,  9.9942407E+02, -3.4184371E+04,3,
  8.4207294E+02,  0.0000000E+00,  2.5471736E+02,2051, -3.4478059E-01,  0.0000000E+00, -2.4089105E-01,  1.0004553E+03,  2.7109533E+04,3,
  8.4194202E+02,  0.0000000E+00,  2.5459164E+02,2061, -2.4630380E-01,  0.0000000E+00, -4.2845640E-01,  1.0001490E+03,  8.8624102E+03,3,
  8.4200781E+02,  0.0000000E+00,  2.5474130E+02,2064, -2.7536699E-01,  0.0000000E+00, -2.1462411E-01,  1.0001027E+03,  6.1058999E+03,3,
  8.4215656E+02,  0.0000000E+00,  2.5481299E+02,2045,  1.1987659E-02,  0.0000000E+00, -7.1747905E-01,  1.0001057E+03,  6.2838335E+03,3,
 -3.9327240E+02,  0.0000000E+00,  2.6412485E+02,3811, -8.5439205E-02,  0.0000000E+00,  4.5232726E-03,  1.0004006E+03,  2.3849568E+04,3,
 -3.9662161E+02,  0.0000000E+00,  2.6434644E+02,3820, -6.9576792E-02,  0.0000000E+00,  2.5206974E-02,  1.0004653E+03,  2.7702701E+04,3,
 -3.9469543E+02,  0.0000000E+00,  2.6462936E+02,3815, -1.8823002E-01,  0.0000000E+00, -5.4845713E-02,  1.0008356E+03,  4.9809707E+04,3,
 -3.9697040E+02,  0.0000000E+00,  2.6495016E+02,3821, -1.1418059E-01,  0.0000000E+00,  9.1457769E-02,  1.0005945E+03,  3.5413445E+04,3,
 -3.9082962E+02,  0.0000000E+00,  2.6404092E+02,3802, -4.3719765E-02,  0.0000000E+00, -3.5100677E-03,  1.0001690E+03,  1.0053866E+04,3,
 -3.8806146E+02,  0.0000000E+00,  2.6397278E+02,3793, -1.1879642E-02,  0.0000000E+00, -1.8780171E-04,  1.0003076E+03,  1.8307174E+04,3,
 -3.8511676E+02,  0.0000000E+00,  2.6387531E+02,3784,  1.0580924E-02,  0.0000000E+00, -5.9514325E-03,  1.0002727E+03,  1.6227755E+04,3,
 -3.8936609E+02,  0.0000000E+00,  2.6491031E+02,3803, -4.4626053E-02,  0.0000000E+00, -1.6181910E-02,  1.0010508E+03,  6.2674590E+04,3,
 -3.8654630E+02,  0.0000000E+00,  2.6486078E+02,3794, -1.1498289E-02,  0.0000000E+00, -1.8166980E-02,  1.0011121E+03,  6.6345484E+04,3,
 -3.8385468E+02,  0.0000000E+00,  2.6465298E+02,3785, -7.6221218E-03,  0.0000000E+00, -7.5236098E-03,  1.0009568E+03,  5.7055797E+04,3,
 -3.8187088E+02,  0.0000000E+00,  2.6383896E+02,3775,  5.8528688E-02,  0.0000000E+00, -9.5917135E-03,  1.0001205E+03,  7.1662852E+03,3,
 -3.7868973E+02,  0.0000000E+00,  2.6380527E+02,3766,  5.9057657E-02,  0.0000000E+00,  6.2770233E-03,  1.0002527E+03,  1.5039191E+04,3,
 -3.7994397E+02,  0.0000000E+00,  2.6476453E+02,3788,  8.1638627E-02,  0.0000000E+00,  9.5232215E-04,  1.0009616E+03,  5.7340492E+04,3,
 -3.7681729E+02,  0.0000000E+00,  2.6445468E+02,3776,  1.2530425E-01,  0.0000000E+00, -3.6016595E-02,  1.0006230E+03,  3.7110758E+04,3,
 -3.7397672E+02,  0.0000000E+00,  2.6381540E+02,3757,  1.7350225E-01,  0.0000000E+00,  8.8450704E-03,  1.0001859E+03,  1.1056544E+04,3,
 -3.7045694E+02,  0.0000000E+00,  2.6378693E+02,3748,  1.0093576E-01,  0.0000000E+00,  1.4901198E-02,  1.0003378E+03,  2.0107021E+04,3,
 -3.7541238E+02,  0.0000000E+00,  2.6446509E+02,3777,  6.0528930E-02,  0.0000000E+00, -2.7022410E-02,  1.0008113E+03,  4.8354559E+04,3,
 -3.7152658E+02,  0.0000000E+00,  2.6457635E+02,3767,  1.5535995E-01,  0.0000000E+00, -1.1801830E-03,  1.0007767E+03,  4.6290727E+04,3,
 -3.6729221E+02,  0.0000000E+00,  2.6384140E+02,3739,  4.8804797E-02,  0.0000000E+00,  3.1507683E-05,  1.0001345E+03,  8.0015996E+03,3,
 -3.6446884E+02,  0.0000000E+00,  2.6447787E+02,3740,  1.6459269E-02,  0.0000000E+00,  2.1785457E-02,  1.0006098E+03,  3.6323984E+04,3,
 -3.6595721E+02,  0.0000000E+00,  2.6449109E+02,3750,  3.2154400E-02,  0.0000000E+00,  1.1881323E-02,  1.0005212E+03,  3.1036736E+04,3,
 -3.6907370E+02,  0.0000000E+00,  2.6495453E+02,3758,  2.2118512E-01,  0.0000000E+00,  2.9296458E-02,  1.0008262E+03,  4.9244398E+04,3,
 -3.6267117E+02,  0.0000000E+00,  2.6376178E+02,3730, -1.1334435E-02,  0.0000000E+00, -2.1898521E-03,  1.0000742E+03,  4.4138770E+03,3,
 -3.5841394E+02,  0.0000000E+00,  2.6380328E+02,3721,  1.3252810E-01,  0.0000000E+00,  1.1375065E-02,  1.0003799E+03,  2.2612809E+04,3,
 -3.5951370E+02,  0.0000000E+00,  2.6453061E+02,3741,  6.0174853E-02,  0.0000000E+00, -2.6693961E-02,  1.0010046E+03,  5.9910434E+04,3,
 -3.6101630E+02,  0.0000000E+00,  2.6470416E+02,3760,  1.2700030E-01,  0.0000000E+00, -5.9067793E-02,  1.0006519E+03,  3.8837504E+04,3,
 -3.5657907E+02,  0.0000000E+00,  2.6459702E+02,3731,  1.3405290E-01,  0.0000000E+00,  7.4734190E-03,  1.0008187E+03,  4.8799469E+04,3,
 -3.5484726E+02,  0.0000000E+00,  2.6374814E+02,3712,  7.8302525E-02,  0.0000000E+00, -4.4040233E-03,  1.0001337E+03,  7.9543843E+03,3,
 -3.5266159E+02,  0.0000000E+00,  2.6434464E+02,3722,  2.6745725E-01,  0.0000000E+00, -4.7480576E-02,  1.0006244E+03,  3.7194539E+04,3,
 -3.5068204E+02,  0.0000000E+00,  2.6369302E+02,3703,  2.1057788E-01,  0.0000000E+00,  5.1978347E-03,  1.0002363E+03,  1.4057917E+04,3,
 -3.4795502E+02,  0.0000000E+00,  2.6435300E+02,3723,  2.3995785E-01,  0.0000000E+00, -1.3180180E-02,  1.0007120E+03,  4.2426746E+04,3,
 -3.4654108E+02,  0.0000000E+00,  2.6376025E+02,3694,  1.9861194E-01,  0.0000000E+00, -6.3827769E-03,  1.0004086E+03,  2.4322488E+04,3,
 -3.4340353E+02,  0.0000000E+00,  2.6380090E+02,3685,  3.4037882E-01,  0.0000000E+00, -3.8256977E-02,  1.0003134E+03,  1.8652574E+04,3,
 -3.4200607E+02,  0.0000000E+00,  2.6443054E+02,3713,  2.8908950E-01,  0.0000000E+00,  1.7046478E-02,  1.0009444E+03,  5.6311242E+04,3,
 -3.4034866E+02,  0.0000000E+00,  2.6428018E+02,3704,  3.8689485E-01,  0.0000000E+00,  2.7266633E-02,  1.0004460E+03,  2.6552791E+04,3,
 -3.3728143E+02,  0.0000000E+00,  2.6386542E+02,3676,  2.6487982E-01,  0.0000000E+00,  5.1011234E-03,  1.0002824E+03,  1.6805730E+04,3,
 -3.3899039E+02,  0.0000000E+00,  2.6441107E+02,3705,  2.9600450E-01,  0.0000000E+00, -1.1190567E-02,  1.0006427E+03,  3.8287391E+04,3,
 -3.3550766E+02,  0.0000000E+00,  2.6483099E+02,3686,  2.1488798E-01,  0.0000000E+00,  3.6638413E-02,  1.0010258E+03,  6.1181047E+04,3,
 -3.3437039E+02,  0.0000000E+00,  2.6384702E+02,3667,  2.2374746E-01,  0.0000000E+00,  7.8114346E-03,  1.0002151E+03,  1.2796938E+04,3,
 -3.3133691E+02,  0.0000000E+00,  2.6386349E+02,3658,  2.5739691E-01,  0.0000000E+00, -1.5284572E-02,  1.0001650E+03,  9.8177432E+03,3,
 -3.3016516E+02,  0.0000000E+00,  2.6483704E+02,3677,  2.7229977E-01,  0.0000000E+00, -1.5460147E-02,  1.0011718E+03,  6.9919062E+04,3,
 -3.3278778E+02,  0.0000000E+00,  2.6485107E+02,3696,  2.2864433E-01,  0.0000000E+00, -4.8868425E-02,  1.0010468E+03,  6.2437215E+04,3,
 -3.2839520E+02,  0.0000000E+00,  2.6381476E+02,3649,  2.6274860E-01,  0.0000000E+00,  1.7353021E-02,  1.0001057E+03,  6.2838335E+03,3,
 -3.2587192E+02,  0.0000000E+00,  2.6445746E+02,3678,  3.1959638E-01,  0.0000000E+00, -2.4364993E-02,  1.0007441E+03,  4.4343969E+04,3,
 -3.2456085E+02,  0.0000000E+00,  2.6377161E+02,3640,  1.7438415E-01,  0.0000000E+00,  1.6237758E-02,  1.0002198E+03,  1.3076738E+04,3,
 -3.2206064E+02,  0.0000000E+00,  2.6443759E+02,3668,  2.6999953E-01,  0.0000000E+00, -1.9910807E-02,  1.0006202E+03,  3.6946844E+04,3,
 -3.2059079E+02,  0.0000000E+00,  2.6374612E+02,3631,  9.3423761E-02,  0.0000000E+00,  9.7343968E-03,  1.0002303E+03,  1.3705408E+04,3,
 -3.1792886E+02,  0.0000000E+00,  2.6457556E+02,3669,  2.3224235E-01,  0.0000000E+00, -5.0366916E-02,  1.0009749E+03,  5.8136227E+04,3,
 -3.1701074E+02,  0.0000000E+00,  2.6378964E+02,3622,  1.3848616E-01,  0.0000000E+00, -1.3926950E-03,  1.0002399E+03,  1.4275970E+04,3,
 -3.1514203E+02,  0.0000000E+00,  2.6449451E+02,3641,  1.9575821E-01,  0.0000000E+00,  3.0387649E-02,  1.0007713E+03,  4.5966238E+04,3,
 -3.1337369E+02,  0.0000000E+00,  2.6378589E+02,3613,  1.7302191E-01,  0.0000000E+00, -2.5028596E-02,  1.0002881E+03,  1.7147443E+04,3,
 -3.1002423E+02,  0.0000000E+00,  2.6383524E+02,3604,  3.1450981E-01,  0.0000000E+00, -3.6111544E-03,  1.0003542E+03,  2.1081621E+04,3,
 -3.1181903E+02,  0.0000000E+00,  2.6459192E+02,3660,  1.0265776E-01,  0.0000000E+00, -5.2446995E-02,  1.0009000E+03,  5.3654660E+04,3,
 -3.0880859E+02,  0.0000000E+00,  2.6456195E+02,3642,  3.1215686E-01,  0.0000000E+00, -1.2742841E-01,  1.0010271E+03,  6.1257727E+04,3,
 -3.0714862E+02,  0.0000000E+00,  2.6452353E+02,3632,  2.3293388E-01,  0.0000000E+00, -2.3163361E-02,  1.0008491E+03,  5.0612137E+04,3,
 -3.0578564E+02,  0.0000000E+00,  2.6378461E+02,3595,  5.6029320E-01,  0.0000000E+00, -9.1367858E-03,  1.0001417E+03,  8.4265469E+03,3,
 -3.0299118E+02,  0.0000000E+00,  2.6444046E+02,3623,  3.6198622E-01,  0.0000000E+00,  8.8073537E-02,  1.0006178E+03,  3.6801141E+04,3,
 -3.0181226E+02,  0.0000000E+00,  2.6378302E+02,3586,  4.6914008E-01,  0.0000000E+00,  2.9667845E-02,  1.0004351E+03,  2.5901477E+04,3,
 -2.9871677E+02,  0.0000000E+00,  2.6375464E+02,3577,  1.6049381E-01,  0.0000000E+00,  2.3543593E-02,  9.9995575E+02, -2.6306938E+03,3,
 -2.9612543E+02,  0.0000000E+00,  2.6452673E+02,3624,  3.7247694E-01,  0.0000000E+00, -6.9715284E-02,  1.0007838E+03,  4.6713668E+04,3,
 -2.9799515E+02,  0.0000000E+00,  2.6487653E+02,3662,  8.2171381E-01,  0.0000000E+00,  1.0217466E-01,  1.0011111E+03,  6.6283383E+04,3,
 -2.9475287E+02,  0.0000000E+00,  2.6373706E+02,3568,  2.3875062E-01,  0.0000000E+00,  3.0450413E-02,  1.0003426E+03,  2.0390664E+04,3,
 -2.9304303E+02,  0.0000000E+00,  2.6445547E+02,3634,  5.5240834E-01,  0.0000000E+00, -8.0856541E-03,  1.0007574E+03,  4.5138664E+04,3,
 -2.9139389E+02,  0.0000000E+00,  2.6424573E+02,3596,  1.5739270E-01,  0.0000000E+00, -2.1280419E-02,  1.0006035E+03,  3.5948832E+04,3,
 -2.8993524E+02,  0.0000000E+00,  2.6382437E+02,3559,  4.2417645E-01,  0.0000000E+00,  5.0120723E-02,  1.0006014E+03,  3.5821355E+04,3,
 -2.8786032E+02,  0.0000000E+00,  2.6449677E+02,3605,  2.6047572E-01,  0.0000000E+00, -3.6477298E-02,  1.0009037E+03,  5.3880879E+04,3,
 -2.8652454E+02,  0.0000000E+00,  2.6375992E+02,3550,  2.0021217E-01,  0.0000000E+00,  2.8950449E-02,  1.0001859E+03,  1.1060177E+04,3,
 -2.8362482E+02,  0.0000000E+00,  2.6421310E+02,3587,  3.4884495E-01,  0.0000000E+00, -9.5451333E-02,  1.0001964E+03,  1.1685086E+04,3,
 -2.8236072E+02,  0.0000000E+00,  2.6433713E+02,3606,  3.8460004E-01,  0.0000000E+00, -2.4911338E-02,  1.0009014E+03,  5.3742227E+04,3,
 -2.8491711E+02,  0.0000000E+00,  2.6491162E+02,3663,  5.4883283E-01,  0.0000000E+00, -7.7738807E-02,  1.0012963E+03,  7.7377258E+04,3,
 -2.8050845E+02,  0.0000000E+00,  2.6384500E+02,3541,  5.6049365E-01,  0.0000000E+00,  5.2200132E-03,  1.0003575E+03,  2.1281645E+04,3,
 -2.7909460E+02,  0.0000000E+00,  2.6466055E+02,3597,  4.7703314E-01,  0.0000000E+00, -7.7073149E-02,  1.0011958E+03,  7.1355430E+04,3,
 -2.7723413E+02,  0.0000000E+00,  2.6374881E+02,3532,  6.1705607E-01,  0.0000000E+00, -1.9409327E-02,  1.0000999E+03,  5.9388638E+03,3,
 -2.7626294E+02,  0.0000000E+00,  2.6481015E+02,3627,  4.4283855E-01,  0.0000000E+00,  1.2820464E-02,  1.0011562E+03,  6.8983523E+04,3,
 -2.7456583E+02,  0.0000000E+00,  2.6431030E+02,3569,  6.5875167E-01,  0.0000000E+00,  1.3699989E-02,  1.0007023E+03,  4.1847277E+04,3,
 -2.7286432E+02,  0.0000000E+00,  2.6376392E+02,3523,  5.4465771E-01,  0.0000000E+00, -2.5342297E-02,  1.0000865E+03,  5.1436626E+03,3,
 -2.6998380E+02,  0.0000000E+00,  2.6443100E+02,3560,  6.4591205E-01,  0.0000000E+00,  1.0652105E-02,  1.0003622E+03,  2.1561684E+04,3,
 -2.6903201E+02,  0.0000000E+00,  2.6441177E+02,3551,  6.2952250E-01,  0.0000000E+00,  2.8502172E-02,  1.0008422E+03,  5.0203621E+04,3,
 -2.7154413E+02,  0.0000000E+00,  2.6477209E+02,3578,  6.5770054E-01,  0.0000000E+00, -2.5234345E-02,  1.0015479E+03,  9.2460531E+04,3,
 -2.6729276E+02,  0.0000000E+00,  2.6385629E+02,3514,  5.4394013E-01,  0.0000000E+00,  2.4387227E-02,  1.0005938E+03,  3.5366102E+04,3,
 -2.6540518E+02,  0.0000000E+00,  2.6448669E+02,3579,  5.8216667E-01,  0.0000000E+00,  5.6282818E-02,  1.0009797E+03,  5.8420957E+04,3,
 -2.6415579E+02,  0.0000000E+00,  2.6385596E+02,3505,  4.1521582E-01,  0.0000000E+00,  1.6564077E-02,  1.0000209E+03,  1.2412042E+03,3,
 -2.6135226E+02,  0.0000000E+00,  2.6382562E+02,3496,  3.6458704E-01,  0.0000000E+00, -1.1716961E-02,  1.0000430E+03,  2.5587930E+03,3,
 -2.6013834E+02,  0.0000000E+00,  2.6437488E+02,3542,  3.5376117E-01,  0.0000000E+00,  2.3419373E-02,  1.0008104E+03,  4.8303504E+04,3,
 -2.5817587E+02,  0.0000000E+00,  2.6429678E+02,3570,  4.3288431E-01,  0.0000000E+00, -1.4443385E-02,  1.0008533E+03,  5.0863820E+04,3,
 -2.5671625E+02,  0.0000000E+00,  2.6373090E+02,3487,  3.7470803E-01,  0.0000000E+00, -1.5418335E-02,  1.0003278E+03,  1.9507037E+04,3,
 -2.5500635E+02,  0.0000000E+00,  2.6471939E+02,3581,  4.4745526E-01,  0.0000000E+00, -1.2751731E-01,  1.0011102E+03,  6.6228586E+04,3,
 -2.5322308E+02,  0.0000000E+00,  2.6377927E+02,3478,  7.0220137E-01,  0.0000000E+00, -4.4388704E-02,  9.9991272E+02, -5.1881470E+03,3,
 -2.5244139E+02,  0.0000000E+00,  2.6465295E+02,3533,  3.0119348E-01,  0.0000000E+00, -3.0166024E-02,  1.0012443E+03,  7.4258031E+04,3,
 -2.5059357E+02,  0.0000000E+00,  2.6476010E+02,3543,  6.7125970E-01,  0.0000000E+00,  8.5331127E-02,  1.0011998E+03,  7.1596672E+04,3,
 -2.4937297E+02,  0.0000000E+00,  2.6374066E+02,3469,  6.7427999E-01,  0.0000000E+00, -5.3035088E-02,  9.9991864E+02, -4.8363096E+03,3,
 -2.4795982E+02,  0.0000000E+00,  2.6483063E+02,3600,  2.8475428E-01,  0.0000000E+00,  1.2253349E-02,  1.0010953E+03,  6.5340879E+04,3,
 -2.4653348E+02,  0.0000000E+00,  2.6423022E+02,3524,  6.7186642E-01,  0.0000000E+00,  6.8976745E-02,  1.0006384E+03,  3.8028738E+04,3,
 -2.4477760E+02,  0.0000000E+00,  2.6378970E+02,3460,  5.0721192E-01,  0.0000000E+00, -2.6368545E-02,  1.0004838E+03,  2.8809068E+04,3,
 -2.4309164E+02,  0.0000000E+00,  2.6440182E+02,3552,  5.4948461E-01,  0.0000000E+00, -8.3456440E-03,  1.0010251E+03,  6.1137230E+04,3,
 -2.4128612E+02,  0.0000000E+00,  2.6377136E+02,3451,  6.4061522E-01,  0.0000000E+00, -3.3566218E-02,  1.0003388E+03,  2.0165205E+04,3,
 -2.3942162E+02,  0.0000000E+00,  2.6447162E+02,3515,  4.4647932E-01,  0.0000000E+00, -3.7607793E-02,  1.0011085E+03,  6.6129945E+04,3,
 -2.3805421E+02,  0.0000000E+00,  2.6388339E+02,3442,  7.7457213E-01,  0.0000000E+00,  4.4746026E-02,  1.0004048E+03,  2.4096939E+04,3,
 -2.3626135E+02,  0.0000000E+00,  2.6448267E+02,3506,  5.4431897E-01,  0.0000000E+00,  3.5845325E-03,  1.0010892E+03,  6.4975590E+04,3,
 -2.3471516E+02,  0.0000000E+00,  2.6377222E+02,3433,  5.0086737E-01,  0.0000000E+00,  3.2687202E-02,  1.0002692E+03,  1.6020563E+04,3,
 -2.3302946E+02,  0.0000000E+00,  2.6446246E+02,3479,  7.8471947E-01,  0.0000000E+00, -2.4663966E-02,  1.0011101E+03,  6.6224930E+04,3,
 -2.3118674E+02,  0.0000000E+00,  2.6374799E+02,3424,  4.6321028E-01,  0.0000000E+00, -1.5955860E-02,  1.0004097E+03,  2.4391609E+04,3,
 -2.2947107E+02,  0.0000000E+00,  2.6421329E+02,3497,  7.1736485E-01,  0.0000000E+00, -1.0254223E-02,  1.0008029E+03,  4.7854969E+04,3,
 -2.2759444E+02,  0.0000000E+00,  2.6433755E+02,3498,  7.3723692E-01,  0.0000000E+00, -3.4376841E-02,  1.0009963E+03,  5.9413914E+04,3,
 -2.2618936E+02,  0.0000000E+00,  2.6378116E+02,3415,  5.1615328E-01,  0.0000000E+00,  3.6937360E-02,  1.0004758E+03,  2.8328656E+04,3,
 -2.2413300E+02,  0.0000000E+00,  2.6431088E+02,3470,  8.8543141E-01,  0.0000000E+00, -3.4510892E-02,  1.0009708E+03,  5.7891660E+04,3,
 -2.2244112E+02,  0.0000000E+00,  2.6374207E+02,3406,  4.8287758E-01,  0.0000000E+00, -2.1892220E-02,  1.0003128E+03,  1.8616215E+04,3,
 -2.2067862E+02,  0.0000000E+00,  2.6467413E+02,3508,  8.4383434E-01,  0.0000000E+00,  1.0990107E-01,  1.0013105E+03,  7.8229453E+04,3,
 -2.1915929E+02,  0.0000000E+00,  2.6381674E+02,3397,  6.9194961E-01,  0.0000000E+00, -9.3459450E-02,  1.0001234E+03,  7.3369741E+03,3,
 -2.1760757E+02,  0.0000000E+00,  2.6448923E+02,3461,  3.4686607E-01,  0.0000000E+00,  6.3345112E-02,  1.0011682E+03,  6.9703445E+04,3,
 -2.1593343E+02,  0.0000000E+00,  2.6384723E+02,3388,  7.8310275E-01,  0.0000000E+00,  4.7264133E-02,  1.0004297E+03,  2.5584932E+04,3,
 -2.1408136E+02,  0.0000000E+00,  2.6436737E+02,3452,  4.8343790E-01,  0.0000000E+00, -6.9398649E-02,  1.0010175E+03,  6.0680812E+04,3,
 -2.1254504E+02,  0.0000000E+00,  2.6374615E+02,3379,  5.2300203E-01,  0.0000000E+00,  4.9290784E-02,  1.0002855E+03,  1.6987492E+04,3,
 -2.1063779E+02,  0.0000000E+00,  2.6465646E+02,3509,  9.8861325E-01,  0.0000000E+00, -7.1915604E-02,  1.0012593E+03,  7.5157500E+04,3,
 -2.0917206E+02,  0.0000000E+00,  2.6374768E+02,3370,  5.1461953E-01,  0.0000000E+00, -4.4364471E-02,  1.0002681E+03,  1.5951501E+04,3,
 -2.0734354E+02,  0.0000000E+00,  2.6421799E+02,3489,  8.4146577E-01,  0.0000000E+00,  2.6465295E-02,  1.0008547E+03,  5.0951367E+04,3,
 -2.0556645E+02,  0.0000000E+00,  2.6414307E+02,3480,  7.9607183E-01,  0.0000000E+00, -9.5621422E-02,  1.0004866E+03,  2.8976490E+04,3,
 -2.0403703E+02,  0.0000000E+00,  2.6432224E+02,3471,  6.6359007E-01,  0.0000000E+00,  2.2892440E-02,  1.0008987E+03,  5.3581688E+04,3,
 -2.0238985E+02,  0.0000000E+00,  2.6380096E+02,3361,  8.2010627E-01,  0.0000000E+00,  8.7030269E-02,  1.0005126E+03,  3.0527096E+04,3,
 -2.0030666E+02,  0.0000000E+00,  2.6430304E+02,3416,  7.1695280E-01,  0.0000000E+00, -4.6921145E-02,  1.0008404E+03,  5.0094199E+04,3,
 -1.9848822E+02,  0.0000000E+00,  2.6367465E+02,3352,  5.5353862E-01,  0.0000000E+00,  5.2885380E-02,  1.0004241E+03,  2.5246566E+04,3,
 -1.9660419E+02,  0.0000000E+00,  2.6442294E+02,3510,  9.2630339E-01,  0.0000000E+00, -2.0708799E-02,  1.0006611E+03,  3.9387648E+04,3,
 -1.9493610E+02,  0.0000000E+00,  2.6401050E+02,3407,  5.0167984E-01,  0.0000000E+00, -9.4039232E-02,  1.0004424E+03,  2.6338107E+04,3,
 -1.9287505E+02,  0.0000000E+00,  2.6384305E+02,3343,  8.8427562E-01,  0.0000000E+00,  2.5406234E-02,  1.0005989E+03,  3.5672031E+04,3,
 -1.9100294E+02,  0.0000000E+00,  2.6401556E+02,3334,  7.8885424E-01,  0.0000000E+00, -2.5342336E-02,  1.0007720E+03,  4.6006344E+04,3,
 -1.8895001E+02,  0.0000000E+00,  2.6381522E+02,3325,  7.6954508E-01,  0.0000000E+00,  9.5653161E-03,  1.0004672E+03,  2.7819154E+04,3,
 -1.8694905E+02,  0.0000000E+00,  2.6415335E+02,3389,  8.7086314E-01,  0.0000000E+00, -3.4876924E-02,  1.0006844E+03,  4.0779543E+04,3,
 -1.8506137E+02,  0.0000000E+00,  2.6370697E+02,3316,  8.8506907E-01,  0.0000000E+00, -5.3588927E-02,  1.0002736E+03,  1.6278645E+04,3,
 -1.8302573E+02,  0.0000000E+00,  2.6461624E+02,3444,  9.4205308E-01,  0.0000000E+00,  2.8854404E-03,  1.0012089E+03,  7.2137656E+04,3,
 -1.8173625E+02,  0.0000000E+00,  2.6382938E+02,3307,  1.1104127E+00,  0.0000000E+00, -1.7101811E-02,  1.0002334E+03,  1.3887112E+04,3,
 -1.8001735E+02,  0.0000000E+00,  2.6434534E+02,3435,  8.8851565E-01,  0.0000000E+00,  7.0543103E-02,  1.0007560E+03,  4.5051172E+04,3,
 -1.7812115E+02,  0.0000000E+00,  2.6375906E+02,3298,  9.2953122E-01,  0.0000000E+00,  5.6718055E-02,  1.0004224E+03,  2.5148334E+04,3,
 -1.7583804E+02,  0.0000000E+00,  2.6437949E+02,3417,  1.1071147E+00,  0.0000000E+00, -1.0108450E-01,  1.0008590E+03,  5.1206707E+04,3,
 -1.7443425E+02,  0.0000000E+00,  2.6388821E+02,3289,  7.8581452E-01,  0.0000000E+00, -3.9774910E-02,  1.0005854E+03,  3.4870805E+04,3,
 -1.7237912E+02,  0.0000000E+00,  2.6387668E+02,3280,  1.0932046E+00,  0.0000000E+00,  5.3341981E-02,  1.0006851E+03,  4.0815984E+04,3,
 -1.7035605E+02,  0.0000000E+00,  2.6412674E+02,3399,  9.0338737E-01,  0.0000000E+00, -1.7939931E-02,  1.0006016E+03,  3.5835926E+04,3,
 -1.6869511E+02,  0.0000000E+00,  2.6408691E+02,3371,  8.8563347E-01,  0.0000000E+00,  4.2677563E-02,  1.0005072E+03,  3.0203123E+04,3,
 -1.6648393E+02,  0.0000000E+00,  2.6369238E+02,3271,  1.0095768E+00,  0.0000000E+00, -3.2103993E-02,  1.0005192E+03,  3.0916605E+04,3,
 -1.6448317E+02,  0.0000000E+00,  2.6415247E+02,3445,  7.9167169E-01,  0.0000000E+00,  4.1319203E-02,  1.0005290E+03,  3.1502717E+04,3,
 -1.6278476E+02,  0.0000000E+00,  2.6409015E+02,3362,  1.0667830E+00,  0.0000000E+00,  6.2354844E-02,  1.0005684E+03,  3.3854797E+04,3,
 -1.6047342E+02,  0.0000000E+00,  2.6366266E+02,3262,  7.1829742E-01,  0.0000000E+00, -1.6636437E-02,  1.0004904E+03,  2.9198512E+04,3,
 -1.5827719E+02,  0.0000000E+00,  2.6408917E+02,3436,  9.1332531E-01,  0.0000000E+00,  1.4683587E-02,  1.0005264E+03,  3.1346176E+04,3,
 -1.5643382E+02,  0.0000000E+00,  2.6409277E+02,3391,  8.1985652E-01,  0.0000000E+00, -1.7011954E-02,  1.0005040E+03,  3.0010201E+04,3,
 -1.5450824E+02,  0.0000000E+00,  2.6435324E+02,3381,  9.8556703E-01,  0.0000000E+00, -9.6059442E-03,  1.0006971E+03,  4.1537516E+04,3,
 -1.5288203E+02,  0.0000000E+00,  2.6390167E+02,3253,  9.9971569E-01,  0.0000000E+00, -7.4389517E-02,  1.0005682E+03,  3.3840230E+04,3,
 -1.5081055E+02,  0.0000000E+00,  2.6375110E+02,3244,  8.5600305E-01,  0.0000000E+00,  4.5451786E-02,  1.0004792E+03,  2.8532465E+04,3,
 -1.4881508E+02,  0.0000000E+00,  2.6433777E+02,3437,  1.1222266E+00,  0.0000000E+00, -2.0543223E-02,  1.0006539E+03,  3.8954090E+04,3,
 -1.4714767E+02,  0.0000000E+00,  2.6398935E+02,3390,  9.3683845E-01,  0.0000000E+00, -5.5898566E-02,  1.0004243E+03,  2.5257480E+04,3,
 -1.4493584E+02,  0.0000000E+00,  2.6365912E+02,3235,  1.0519243E+00,  0.0000000E+00,  2.0113736E-02,  1.0003924E+03,  2.3358484E+04,3,
 -1.4238667E+02,  0.0000000E+00,  2.6415271E+02,3335,  1.2178385E+00,  0.0000000E+00, -7.4243039E-02,  1.0005828E+03,  3.4714207E+04,3,
 -1.4069135E+02,  0.0000000E+00,  2.6383029E+02,3226,  1.2041922E+00,  0.0000000E+00,  2.5206698E-02,  1.0005376E+03,  3.2016049E+04,3,
 -1.3809377E+02,  0.0000000E+00,  2.6383112E+02,3217,  1.1517889E+00,  0.0000000E+00,  1.7324286E-02,  1.0007845E+03,  4.6757422E+04,3,
 -1.3592587E+02,  0.0000000E+00,  2.6390298E+02,3208,  9.1647929E-01,  0.0000000E+00,  6.8369091E-02,  1.0006397E+03,  3.8108883E+04,3,
 -1.3365901E+02,  0.0000000E+00,  2.6378268E+02,3199,  9.0198213E-01,  0.0000000E+00, -2.0380149E-02,  1.0006107E+03,  3.6378621E+04,3,
 -1.3146959E+02,  0.0000000E+00,  2.6405008E+02,3290,  8.4489453E-01,  0.0000000E+00, -3.1611256E-02,  1.0005152E+03,  3.0679986E+04,3,
 -1.2972955E+02,  0.0000000E+00,  2.6395761E+02,3308,  8.0185461E-01,  0.0000000E+00,  1.1496067E-01,  1.0004501E+03,  2.6796590E+04,3,
 -1.2696583E+02,  0.0000000E+00,  2.6366959E+02,3190,  6.6212326E-01,  0.0000000E+00, -7.4414447E-02,  1.0004662E+03,  2.7760928E+04,3,
 -1.2456209E+02,  0.0000000E+00,  2.6382254E+02,3181,  1.1128794E+00,  0.0000000E+00, -5.4166676E-03,  1.0005765E+03,  3.4339117E+04,3,
 -1.2240392E+02,  0.0000000E+00,  2.6396579E+02,3317,  8.0613637E-01,  0.0000000E+00, -1.8253794E-02,  1.0004387E+03,  2.6119789E+04,3,
 -1.2031683E+02,  0.0000000E+00,  2.6396317E+02,3336,  9.9400342E-01,  0.0000000E+00, -3.0322041E-04,  1.0004423E+03,  2.6330830E+04,3,
 -1.1836847E+02,  0.0000000E+00,  2.6408618E+02,3272,  1.1181829E+00,  0.0000000E+00, -1.6606146E-02,  1.0005675E+03,  3.3800176E+04,3,
 -1.1658430E+02,  0.0000000E+00,  2.6403268E+02,3354,  9.3242747E-01,  0.0000000E+00,  3.1474885E-02,  1.0004207E+03,  2.5042824E+04,3,
 -1.1421086E+02,  0.0000000E+00,  2.6370746E+02,3172,  9.0351295E-01,  0.0000000E+00, -2.5091360E-03,  1.0004673E+03,  2.7822793E+04,3,
 -1.1185722E+02,  0.0000000E+00,  2.6377972E+02,3163,  9.8019105E-01,  0.0000000E+00,  4.3401748E-02,  1.0003968E+03,  2.3620393E+04,3,
 -1.0945694E+02,  0.0000000E+00,  2.6396707E+02,3318,  8.3728492E-01,  0.0000000E+00,  7.3173414E-03,  1.0003983E+03,  2.3711336E+04,3,
 -1.0740400E+02,  0.0000000E+00,  2.6433554E+02,3281,  1.0222359E+00,  0.0000000E+00, -8.7760307E-02,  1.0006857E+03,  4.0856066E+04,3,
 -1.0565720E+02,  0.0000000E+00,  2.6393182E+02,3154,  1.2121882E+00,  0.0000000E+00, -5.0753798E-02,  1.0005207E+03,  3.1007613E+04,3,
 -1.0379488E+02,  0.0000000E+00,  2.6436914E+02,3347,  9.9409854E-01,  0.0000000E+00,  6.1374474E-02,  1.0006146E+03,  3.6608090E+04,3,
 -1.0215719E+02,  0.0000000E+00,  2.6405371E+02,3337,  9.1109991E-01,  0.0000000E+00,  4.0659018E-02,  1.0003312E+03,  1.9710664E+04,3,
 -1.0014894E+02,  0.0000000E+00,  2.6440137E+02,3263,  1.2885678E+00,  0.0000000E+00, -5.7987361E-03,  1.0009554E+03,  5.6968199E+04,3,
 -9.8477417E+01,  0.0000000E+00,  2.6389215E+02,3145,  8.8047683E-01,  0.0000000E+00,  1.2379372E-02,  1.0004813E+03,  2.8659848E+04,3,
 -9.5760178E+01,  0.0000000E+00,  2.6374640E+02,3136,  1.2337077E+00,  0.0000000E+00, -1.2780894E-01,  1.0003840E+03,  2.2860148E+04,3,
 -9.3697693E+01,  0.0000000E+00,  2.6444022E+02,3227,  8.6730355E-01,  0.0000000E+00, -2.3894174E-02,  1.0008361E+03,  4.9838887E+04,3,
 -9.2245041E+01,  0.0000000E+00,  2.6388019E+02,3127,  1.3862307E+00,  0.0000000E+00,  1.8115565E-01,  1.0004371E+03,  2.6021547E+04,3,
 -8.9413994E+01,  0.0000000E+00,  2.6406161E+02,3209,  1.3312548E+00,  0.0000000E+00, -1.8521264E-01,  1.0004108E+03,  2.4453455E+04,3,
 -8.7085663E+01,  0.0000000E+00,  2.6369797E+02,3118,  1.1566396E+00,  0.0000000E+00,  2.2037251E-02,  1.0003331E+03,  1.9827023E+04,3,
 -8.5329979E+01,  0.0000000E+00,  2.6454984E+02,3319,  1.8062459E+00,  0.0000000E+00,  1.7545328E-01,  1.0007531E+03,  4.4879836E+04,3,
 -8.3281731E+01,  0.0000000E+00,  2.6381216E+02,3109,  1.2662514E+00,  0.0000000E+00, -8.4200010E-02,  1.0002203E+03,  1.3105809E+04,3,
 -8.0239723E+01,  0.0000000E+00,  2.6370901E+02,3100,  1.2423139E+00,  0.0000000E+00,  1.6514530E-02,  1.0005206E+03,  3.1000334E+04,3,
 -7.8307487E+01,  0.0000000E+00,  2.6424014E+02,3191,  1.6621265E+00,  0.0000000E+00, -8.4264539E-03,  1.0003932E+03,  2.3405773E+04,3,
 -7.5291481E+01,  0.0000000E+00,  2.6377249E+02,3091,  1.6938460E+00,  0.0000000E+00, -3.7947305E-02,  1.0006465E+03,  3.8513262E+04,3,
 -7.2605385E+01,  0.0000000E+00,  2.6387305E+02,3082,  1.2306135E+00,  0.0000000E+00,  1.3718253E-01,  1.0007897E+03,  4.7063703E+04,3,
 -6.9661583E+01,  0.0000000E+00,  2.6412802E+02,3218,  1.3210080E+00,  0.0000000E+00, -5.1334854E-02,  1.0005320E+03,  3.1681107E+04,3,
 -6.7379272E+01,  0.0000000E+00,  2.6386627E+02,3246,  8.1425822E-01,  0.0000000E+00, -2.9069927E-02,  1.0002388E+03,  1.4206919E+04,3,
 -6.4985107E+01,  0.0000000E+00,  2.6400693E+02,3200,  1.1221101E+00,  0.0000000E+00,  1.3329270E-01,  1.0001788E+03,  1.0635116E+04,3,
 -6.1485085E+01,  0.0000000E+00,  2.6411145E+02,3073,  1.4174305E+00,  0.0000000E+00, -6.3460439E-02,  1.0002813E+03,  1.6740299E+04,3,
 -5.8659264E+01,  0.0000000E+00,  2.6400067E+02,3064,  1.2246962E+00,  0.0000000E+00, -5.4220617E-02,  1.0003745E+03,  2.2289094E+04,3,
 -5.6316696E+01,  0.0000000E+00,  2.6440173E+02,3274,  1.5186154E+00,  0.0000000E+00,  1.6002154E-01,  1.0001394E+03,  8.2921602E+03,3,
 -5.3509632E+01,  0.0000000E+00,  2.6421774E+02,3155,  1.7066077E+00,  0.0000000E+00, -2.4560496E-01,  9.9968195E+02, -1.8892814E+04,3,
 -5.0337635E+01,  0.0000000E+00,  2.6388397E+02,3055,  1.1310793E+00,  0.0000000E+00,  2.0778844E-01,  1.0006667E+03,  3.9719211E+04,3,
 -4.6040482E+01,  0.0000000E+00,  2.6440988E+02,3046,  1.5888174E+00,  0.0000000E+00,  4.2927623E-02,  1.0000909E+03,  5.4087227E+03,3,
 -4.4106472E+01,  0.0000000E+00,  2.6440335E+02,3037,  1.5546706E+00,  0.0000000E+00,  2.1642572E-01,  1.0008572E+03,  5.1097273E+04,3,
 -3.8197426E+01,  0.0000000E+00,  2.6496747E+02,3173,  1.5902412E+00,  0.0000000E+00, -4.4905925E-01,  9.9952222E+02, -2.8367320E+04,3,
 -3.7505421E+01,  0.0000000E+00,  2.6459250E+02,3028,  1.8415879E+00,  0.0000000E+00,  2.0401908E-01,  1.0007056E+03,  4.2044074E+04,3,
 -3.4218887E+01,  0.0000000E+00,  2.6488849E+02,3019,  2.6508558E+00,  0.0000000E+00,  2.7424449E-01,  1.0010023E+03,  5.9775348E+04,3,
  6.5826859E+01,  0.0000000E+00,  2.6490143E+02,3295,  6.8481760E+00,  0.0000000E+00,  2.0990656E-01,  9.9758282E+02, -1.4268227E+05,3,
  8.0211609E+01,  0.0000000E+00,  2.6265125E+02,3296,  6.7210903E+00,  0.0000000E+00,  4.4504213E+00,  9.9964856E+02, -2.0873908E+04,3,
  8.0606644E+01,  0.0000000E+00,  2.6272650E+02,2902,  5.9161873E+00,  0.0000000E+00,  2.4240098E+00,  9.9677325E+02, -1.9000841E+05,3,
  8.1160530E+01,  0.0000000E+00,  2.6294647E+02,3020,  7.6581039E+00,  0.0000000E+00,  5.3608961E+00,  1.0016188E+03,  9.6721344E+04,3,
  8.1116714E+01,  0.0000000E+00,  2.6292612E+02,3183,  7.8286233E+00,  0.0000000E+00,  4.9657745E+00,  1.0006658E+03,  3.9664555E+04,3,
  8.2191048E+01,  0.0000000E+00,  2.6273355E+02,3211,  4.2848577E+00,  0.0000000E+00,  8.2177478E-01,  9.9566150E+02, -2.5462506E+05,3,
  8.4506248E+01,  0.0000000E+00,  2.6318640E+02,3267,  6.3219571E+00,  0.0000000E+00,  1.0302994E+00,  1.0006718E+03,  4.0025273E+04,3,
  8.4073372E+01,  0.0000000E+00,  2.6256412E+02,3287,  7.1431046E+00,  0.0000000E+00,  9.7214013E-01,  1.0035753E+03,  2.1487480E+05,3,
  8.5432449E+01,  0.0000000E+00,  2.6415842E+02,3286,  4.9800496E+00,  0.0000000E+00, -7.1394093E-02,  9.8959601E+02, -5.9962356E+05,3,
  8.6291061E+01,  0.0000000E+00,  2.6334073E+02,3002,  7.9355221E+00,  0.0000000E+00, -4.5127063E+00,  1.0037897E+03,  2.2790784E+05,3,
  8.7336502E+01,  0.0000000E+00,  2.6276114E+02,2893,  6.8954701E+00,  0.0000000E+00,  4.0091130E-01,  1.0002053E+03,  1.2215562E+04,3,
  8.7798576E+01,  0.0000000E+00,  2.6401544E+02,3167,  5.3371897E+00,  0.0000000E+00, -1.0007341E+00,  1.0068380E+03,  4.1500659E+05,3,
  8.9170677E+01,  0.0000000E+00,  2.6379419E+02,3277,  6.9555478E+00,  0.0000000E+00, -1.7174243E+00,  9.9703204E+02, -1.7490509E+05,3,
  8.9131859E+01,  0.0000000E+00,  2.6394141E+02,3258,  6.4271054E+00,  0.0000000E+00, -1.4415271E+00,  9.9836774E+02, -9.6577062E+04,3,
  8.9359940E+01,  0.0000000E+00,  2.6397003E+02,3288,  6.0726829E+00,  0.0000000E+00, -8.3842582E-01,  9.9922534E+02, -4.5952680E+04,3,
  1.3549886E+02,  0.0000000E+00,  2.6291904E+02,3279,  6.6432238E+00,  0.0000000E+00,  2.0310746E-01,  1.0000194E+03,  1.1540972E+03,3,
  1.3570731E+02,  0.0000000E+00,  2.6294870E+02,3278,  6.6594577E+00,  0.0000000E+00, -5.0391841E-01,  1.0001831E+03,  1.0893057E+04,3,
  1.3576494E+02,  0.0000000E+00,  2.6300360E+02,3268,  6.6234498E+00,  0.0000000E+00, -3.1919637E-01,  1.0001461E+03,  8.6916953E+03,3,
  1.3622743E+02,  0.0000000E+00,  2.6297211E+02,3249,  6.6306057E+00,  0.0000000E+00, -2.2251855E-03,  1.0002005E+03,  1.1928520E+04,3,
  1.3854208E+02,  0.0000000E+00,  2.6309198E+02,3084,  6.7555714E+00,  0.0000000E+00, -9.6683420E-02,  9.9827625E+02, -1.0196244E+05,3,
  1.3976155E+02,  0.0000000E+00,  2.6306622E+02,3212,  6.5152197E+00,  0.0000000E+00,  6.6938055E-01,  1.0015571E+03,  9.3013641E+04,3,
  1.3996121E+02,  0.0000000E+00,  2.6306989E+02,3175,  6.7048731E+00,  0.0000000E+00,  7.5691748E-01,  1.0006957E+03,  4.1450055E+04,3,
  1.3999132E+02,  0.0000000E+00,  2.6322357E+02,3092,  6.7515130E+00,  0.0000000E+00,  3.6508870E-01,  1.0003845E+03,  2.2889248E+04,3,
  1.4037337E+02,  0.0000000E+00,  2.6318381E+02,2884,  6.5315604E+00,  0.0000000E+00,  8.4466606E-01,  9.9963867E+02, -2.1460553E+04,3,
  1.4378020E+02,  0.0000000E+00,  2.6299814E+02,3270,  6.6166267E+00,  0.0000000E+00, -5.7923645E-01,  1.0006639E+03,  3.9555250E+04,3,
  1.4493428E+02,  0.0000000E+00,  2.6301376E+02,3056,  6.4037542E+00,  0.0000000E+00, -1.9922233E-01,  9.9838342E+02, -9.5653461E+04,3,
  1.4493613E+02,  0.0000000E+00,  2.6299872E+02,3048,  6.8007884E+00,  0.0000000E+00,  9.6695341E-02,  9.9846143E+02, -9.1059289E+04,3,
  1.4496091E+02,  0.0000000E+00,  2.6294318E+02,3111,  6.7931094E+00,  0.0000000E+00,  3.8220143E-01,  1.0000764E+03,  4.5445811E+03,3,
  1.4639967E+02,  0.0000000E+00,  2.6303845E+02,2875,  6.5879369E+00,  0.0000000E+00,  4.8328054E-01,  1.0015774E+03,  9.4233516E+04,3,
  1.4712169E+02,  0.0000000E+00,  2.6299542E+02,3259,  6.6482286E+00,  0.0000000E+00, -7.6221839E-02,  9.9995135E+02, -2.8919109E+03,3,
  1.4976521E+02,  0.0000000E+00,  2.6315634E+02,3066,  6.9212418E+00,  0.0000000E+00,  1.1312015E+00,  9.9919904E+02, -4.7509410E+04,3,
  1.5006145E+02,  0.0000000E+00,  2.6317560E+02,3222,  6.2794242E+00,  0.0000000E+00, -2.6175889E-01,  1.0001665E+03,  9.9049268E+03,3,
  1.5014400E+02,  0.0000000E+00,  2.6309778E+02,3230,  6.6555958E+00,  0.0000000E+00, -1.1823230E-02,  1.0000712E+03,  4.2359771E+03,3,
  1.5166345E+02,  0.0000000E+00,  2.6318964E+02,2866,  6.6483941E+00,  0.0000000E+00, -3.6424598E-01,  1.0001639E+03,  9.7487236E+03,3,
  1.5178790E+02,  0.0000000E+00,  2.6306580E+02,3239,  6.6300521E+00,  0.0000000E+00, -8.6941087E-01,  9.9999481E+02, -3.0846231E+02,3,
  1.5200156E+02,  0.0000000E+00,  2.6296289E+02,3269,  6.6417685E+00,  0.0000000E+00, -1.3083068E-01,  1.0000114E+03,  6.7502161E+02,3,
  1.8329378E+02,  0.0000000E+00,  2.6163904E+02,3261,  5.5004368E+00,  0.0000000E+00, -1.2761173E+00,  1.0004829E+03,  2.8754477E+04,3,
  1.8306566E+02,  0.0000000E+00,  2.6098474E+02,3252,  5.2164249E+00,  0.0000000E+00, -1.1886075E+00,  9.9662915E+02, -1.9840834E+05,3,
  1.8329089E+02,  0.0000000E+00,  2.6077518E+02,3260,  5.2151375E+00,  0.0000000E+00, -1.1759351E+00,  9.9292627E+02, -4.1176853E+05,3,
  1.8491759E+02,  0.0000000E+00,  2.6099286E+02,3102,  4.9396210E+00,  0.0000000E+00, -7.7080083E-01,  1.0053171E+03,  3.2123403E+05,3,
  1.8447525E+02,  0.0000000E+00,  2.6123734E+02,3139,  4.2003388E+00,  0.0000000E+00, -1.6698942E+00,  1.0024880E+03,  1.4903867E+05,3,
  1.8582314E+02,  0.0000000E+00,  2.5993533E+02,3250,  5.1418123E+00,  0.0000000E+00, -4.0460753E+00,  1.0064908E+03,  3.9352541E+05,3,
  1.8709860E+02,  0.0000000E+00,  2.6086774E+02,3241,  6.3880501E+00,  0.0000000E+00, -1.7489659E+00,  9.9382574E+02, -3.6037822E+05,3,
  1.8777753E+02,  0.0000000E+00,  2.5888861E+02,3240,  2.1416333E+00,  0.0000000E+00, -3.1101775E+00,  1.0032441E+03,  1.9477370E+05,3,
  1.8844662E+02,  0.0000000E+00,  2.5875641E+02,3203,  2.1945446E+00,  0.0000000E+00, -9.2551649E-01,  9.9930804E+02, -4.1056949E+04,3,
  1.8891838E+02,  0.0000000E+00,  2.5997983E+02,3232,  4.3163881E+00,  0.0000000E+00, -2.4931738E+00,  9.9937256E+02, -3.7236227E+04,3,
  1.9029974E+02,  0.0000000E+00,  2.5836865E+02,3195,  2.7091420E+00,  0.0000000E+00, -6.4923453E+00,  9.9701630E+02, -1.7582478E+05,3,
  1.9761011E+02,  0.0000000E+00,  2.5846542E+02,3234,  2.0785689E+00,  0.0000000E+00,  4.1730433E+00,  1.0105777E+03,  6.4924156E+05,3,
  1.9506078E+02,  0.0000000E+00,  2.5908765E+02,2857,  9.6230564E+00,  0.0000000E+00,  2.1156597E+00,  9.9891119E+02, -6.4527098E+04,3,
  1.9530414E+02,  0.0000000E+00,  2.5876294E+02,3204,  5.1060338E+00,  0.0000000E+00,  1.6084892E+00,  9.9568506E+02, -2.5326023E+05,3,
  1.9627448E+02,  0.0000000E+00,  2.5905460E+02,3251,  5.6523147E+00,  0.0000000E+00,  2.5737681E+00,  9.9928168E+02, -4.2618066E+04,3,
  2.0669559E+02,  0.0000000E+00,  2.5848276E+02,3224,  3.8072040E+00,  0.0000000E+00,  1.0784497E+00,  1.0018225E+03,  1.0895696E+05,3,
  2.1271883E+02,  0.0000000E+00,  2.5835251E+02,2839,  3.4841888E+00,  0.0000000E+00,  4.4463974E-01,  1.0006227E+03,  3.7092547E+04,3,
  2.0864003E+02,  0.0000000E+00,  2.5881696E+02,3223,  3.9148369E+00,  0.0000000E+00,  4.5130482E-01,  1.0005018E+03,  2.9882801E+04,3,
  2.1068088E+02,  0.0000000E+00,  2.5899463E+02,3205,  3.6271408E+00,  0.0000000E+00,  1.7020327E-01,  1.0010581E+03,  6.3112832E+04,3,
  2.1101503E+02,  0.0000000E+00,  2.5845071E+02,3094,  3.5008535E+00,  0.0000000E+00, -3.9215836E-01,  1.0042584E+03,  2.5645478E+05,3,
  2.2046344E+02,  0.0000000E+00,  2.5872589E+02,3225,  3.4386153E+00,  0.0000000E+00,  1.5539064E-01,  9.9940686E+02, -3.5204172E+04,3,
  2.2092259E+02,  0.0000000E+00,  2.5887177E+02,3216,  4.0840387E+00,  0.0000000E+00,  1.9015686E-01,  9.9959241E+02, -2.4205016E+04,3,
  2.2632555E+02,  0.0000000E+00,  2.5824878E+02,3159,  1.5821975E+00,  0.0000000E+00, -2.1747081E-03,  1.0001200E+03,  7.1372319E+03,3,
  2.2571237E+02,  0.0000000E+00,  2.5948718E+02,3207,  1.7963141E+00,  0.0000000E+00, -1.2308413E-01,  1.0001224E+03,  7.2788667E+03,3,
  2.2691879E+02,  0.0000000E+00,  2.5970395E+02,3196,  2.4696522E+00,  0.0000000E+00, -5.6600261E-01,  1.0001329E+03,  7.9035371E+03,3,
  2.3324588E+02,  0.0000000E+00,  2.5829416E+02,3178,  2.3217676E+00,  0.0000000E+00,  3.8268042E-01,  1.0002435E+03,  1.4490393E+04,3,
  2.2773322E+02,  0.0000000E+00,  2.5967676E+02,3197,  2.9978433E+00,  0.0000000E+00, -8.1760508E-01,  1.0001424E+03,  8.4701328E+03,3,
  2.2887723E+02,  0.0000000E+00,  2.5940823E+02,3198,  2.9541125E+00,  0.0000000E+00, -6.3515860E-01,  1.0001498E+03,  8.9132617E+03,3,
  2.3416878E+02,  0.0000000E+00,  2.5869131E+02,3170,  2.0573769E+00,  0.0000000E+00,  1.8134144E-01,  1.0002508E+03,  1.4922888E+04,3,
  2.3546318E+02,  0.0000000E+00,  2.5893839E+02,3180,  2.1760979E+00,  0.0000000E+00, -1.4658865E-01,  1.0002075E+03,  1.2342735E+04,3,
  2.3754478E+02,  0.0000000E+00,  2.5850482E+02,3150,  2.5083861E+00,  0.0000000E+00, -3.8774315E-01,  1.0001229E+03,  7.3115522E+03,3,
  2.3968721E+02,  0.0000000E+00,  2.5840131E+02,3187,  2.4942250E+00,  0.0000000E+00, -1.8411444E-01,  1.0001369E+03,  8.1432466E+03,3,
  2.4101724E+02,  0.0000000E+00,  2.5843188E+02,3188,  2.4611993E+00,  0.0000000E+00, -2.2460058E-02,  1.0001560E+03,  9.2801299E+03,3,
  2.4572823E+02,  0.0000000E+00,  2.5824774E+02,3121,  2.1606650E+00,  0.0000000E+00, -2.9731192E-02,  1.0001770E+03,  1.0529763E+04,3,
  2.4330013E+02,  0.0000000E+00,  2.5863568E+02,3189,  2.5189929E+00,  0.0000000E+00,  2.5777709E-01,  1.0002209E+03,  1.3142147E+04,3,
  2.4460706E+02,  0.0000000E+00,  2.5837326E+02,3169,  2.2525628E+00,  0.0000000E+00,  1.9135177E-01,  1.0002098E+03,  1.2484444E+04,3,
  2.4676158E+02,  0.0000000E+00,  2.5823627E+02,3039,  2.0773044E+00,  0.0000000E+00, -2.7176386E-01,  1.0001634E+03,  9.7196631E+03,3,
  2.5000250E+02,  0.0000000E+00,  2.5841000E+02,3160,  1.6694689E+00,  0.0000000E+00, -8.1968212E-01,  1.0002203E+03,  1.3105809E+04,3,
  2.5199950E+02,  0.0000000E+00,  2.5835709E+02,3151,  2.3888056E+00,  0.0000000E+00, -6.5344602E-01,  1.0001744E+03,  1.0377183E+04,3,
  2.5764346E+02,  0.0000000E+00,  2.5820584E+02,3162,  2.2347140E+00,  0.0000000E+00,  3.3377397E-01,  1.0000120E+03,  7.1494366E+02,3,
  2.5933594E+02,  0.0000000E+00,  2.5834586E+02,3153,  2.1042941E+00,  0.0000000E+00,  4.5121083E-01,  1.0000999E+03,  5.9424946E+03,3,
  3.5905670E+02,  0.0000000E+00,  2.5822379E+02,2991,  1.8831886E+00,  0.0000000E+00, -3.2229960E-01,  1.0001874E+03,  1.1151004E+04,3,
 -3.9747989E+02,  0.0000000E+00,  2.6665820E+02,3822,  5.9465762E-02,  0.0000000E+00,  2.2905891E-01,  1.0006400E+03,  3.8127098E+04,3,
 -3.9723547E+02,  0.0000000E+00,  2.6857306E+02,3828,  3.1950720E-02,  0.0000000E+00, -3.9154697E-02,  1.0001261E+03,  7.5004023E+03,3,
 -3.9630704E+02,  0.0000000E+00,  2.6758734E+02,3823,  6.3472293E-02,  0.0000000E+00, -4.3917734E-02,  1.0002620E+03,  1.5588021E+04,3,
 -3.9535507E+02,  0.0000000E+00,  2.6763947E+02,3824,  1.8642645E-01,  0.0000000E+00, -8.0890663E-02,  1.0002935E+03,  1.7463721E+04,3,
 -3.9203168E+02,  0.0000000E+00,  2.6520612E+02,3816, -2.4856770E-02,  0.0000000E+00, -7.7003188E-02,  1.0013571E+03,  8.1016977E+04,3,
 -3.9418320E+02,  0.0000000E+00,  2.6749094E+02,3825,  1.6636626E-01,  0.0000000E+00, -8.1204243E-02,  1.0003710E+03,  2.2085414E+04,3,
 -3.9227490E+02,  0.0000000E+00,  2.6834442E+02,3826,  1.2008129E-01,  0.0000000E+00, -3.7091780E-02,  1.0001766E+03,  1.0504332E+04,3,
 -3.9068488E+02,  0.0000000E+00,  2.6847128E+02,3818,  1.5965955E-01,  0.0000000E+00, -2.8749771E-02,  1.0001699E+03,  1.0104725E+04,3,
 -3.9296106E+02,  0.0000000E+00,  2.6757666E+02,3827,  1.5081018E-01,  0.0000000E+00, -4.3527756E-02,  1.0003395E+03,  2.0205205E+04,3,
 -3.9011957E+02,  0.0000000E+00,  2.6702951E+02,3812,  9.5073462E-02,  0.0000000E+00,  1.0009340E-02,  1.0004952E+03,  2.9486053E+04,3,
 -3.8889090E+02,  0.0000000E+00,  2.6847638E+02,3814,  1.5789193E-01,  0.0000000E+00, -4.4604793E-02,  1.0001604E+03,  9.5416680E+03,3,
 -3.8792972E+02,  0.0000000E+00,  2.6692700E+02,3813,  5.3026676E-02,  0.0000000E+00, -4.4132210E-02,  1.0005628E+03,  3.3519793E+04,3,
 -3.8709647E+02,  0.0000000E+00,  2.6840396E+02,3806,  2.4181122E-01,  0.0000000E+00, -4.3817479E-02,  1.0001530E+03,  9.0985107E+03,3,
 -3.8480078E+02,  0.0000000E+00,  2.6849545E+02,3819,  1.6829129E-01,  0.0000000E+00, -2.4687687E-02,  1.0001494E+03,  8.8878359E+03,3,
 -3.8580194E+02,  0.0000000E+00,  2.6701913E+02,3805,  8.6706005E-02,  0.0000000E+00, -3.9708920E-02,  1.0005230E+03,  3.1145949E+04,3,
 -3.8420779E+02,  0.0000000E+00,  2.6724323E+02,3804,  1.3499910E-01,  0.0000000E+00, -3.0412324E-02,  1.0004260E+03,  2.5362992E+04,3,
 -3.8267618E+02,  0.0000000E+00,  2.6731723E+02,3795,  1.5645212E-01,  0.0000000E+00, -2.2084627E-02,  1.0003254E+03,  1.9365227E+04,3,
 -3.8206625E+02,  0.0000000E+00,  2.6853192E+02,3807,  1.4445037E-01,  0.0000000E+00, -2.5029365E-02,  1.0001693E+03,  1.0068397E+04,3,
 -3.8059161E+02,  0.0000000E+00,  2.6840634E+02,3796,  1.7520244E-01,  0.0000000E+00, -2.6529524E-02,  1.0001736E+03,  1.0326323E+04,3,
 -3.7975961E+02,  0.0000000E+00,  2.6725629E+02,3787,  6.9229573E-02,  0.0000000E+00, -3.3117000E-02,  1.0003934E+03,  2.3420322E+04,3,
 -3.7861728E+02,  0.0000000E+00,  2.6826990E+02,3817,  1.5224256E-01,  0.0000000E+00, -4.3413661E-02,  1.0001723E+03,  1.0250034E+04,3,
 -3.7718301E+02,  0.0000000E+00,  2.6822510E+02,3810,  1.5977108E-01,  0.0000000E+00, -4.2534180E-02,  1.0001843E+03,  1.0965718E+04,3,
 -3.8175314E+02,  0.0000000E+00,  2.6545010E+02,3798,  2.4301780E-02,  0.0000000E+00, -7.3209189E-02,  1.0011040E+03,  6.5859609E+04,3,
 -3.7771564E+02,  0.0000000E+00,  2.6601199E+02,3799,  1.0743742E-01,  0.0000000E+00, -2.4858909E-02,  1.0010392E+03,  6.1980738E+04,3,
 -3.7608047E+02,  0.0000000E+00,  2.6794449E+02,3797,  1.3523115E-01,  0.0000000E+00, -3.8178492E-02,  1.0002366E+03,  1.4076088E+04,3,
 -3.7457620E+02,  0.0000000E+00,  2.6822934E+02,3808,  2.6150510E-01,  0.0000000E+00, -4.2908736E-02,  1.0001464E+03,  8.7098564E+03,3,
 -3.7271207E+02,  0.0000000E+00,  2.6836118E+02,3809,  1.7869216E-01,  0.0000000E+00, -2.4412984E-02,  1.0001543E+03,  9.1784229E+03,3,
 -3.7463641E+02,  0.0000000E+00,  2.6727252E+02,3786,  4.2743940E-02,  0.0000000E+00,  7.0926116E-04,  1.0004196E+03,  2.4980977E+04,3,
 -3.7095200E+02,  0.0000000E+00,  2.6844821E+02,3800,  1.9102304E-01,  0.0000000E+00, -2.4668630E-02,  1.0001460E+03,  8.6844307E+03,3,
 -3.7136765E+02,  0.0000000E+00,  2.6686349E+02,3778,  1.0402980E-01,  0.0000000E+00, -4.5465305E-02,  1.0005407E+03,  3.2201729E+04,3,
 -3.7327173E+02,  0.0000000E+00,  2.6556076E+02,3779,  8.5435994E-02,  0.0000000E+00, -2.4291907E-02,  1.0012330E+03,  7.3585312E+04,3,
 -3.6961536E+02,  0.0000000E+00,  2.6727817E+02,3768,  1.2561673E-01,  0.0000000E+00, -2.0240646E-02,  1.0004103E+03,  2.4427990E+04,3,
 -3.6903183E+02,  0.0000000E+00,  2.6832269E+02,3801,  1.7256017E-01,  0.0000000E+00, -3.7714351E-02,  1.0001312E+03,  7.8054761E+03,3,
 -3.6750134E+02,  0.0000000E+00,  2.6825250E+02,3790,  1.7263490E-01,  0.0000000E+00, -4.9992725E-02,  1.0000841E+03,  5.0020581E+03,3,
 -3.6587573E+02,  0.0000000E+00,  2.6841104E+02,3789,  3.1757498E-01,  0.0000000E+00, -4.1091222E-02,  1.0001101E+03,  6.5489238E+03,3,
 -3.6716351E+02,  0.0000000E+00,  2.6616211E+02,3749,  2.4890646E-01,  0.0000000E+00,  2.0353402E-01,  1.0014241E+03,  8.5035008E+04,3,
 -3.6426227E+02,  0.0000000E+00,  2.6852161E+02,3792,  3.0154744E-01,  0.0000000E+00, -1.6245512E-02,  1.0001447E+03,  8.6081543E+03,3,
 -3.6469360E+02,  0.0000000E+00,  2.6688211E+02,3759,  2.9266977E-01,  0.0000000E+00,  3.1023020E-02,  1.0005614E+03,  3.3436043E+04,3,
 -3.6293155E+02,  0.0000000E+00,  2.6811697E+02,3781,  3.3728594E-01,  0.0000000E+00, -4.4398196E-03,  1.0001659E+03,  9.8685996E+03,3,
 -3.6261316E+02,  0.0000000E+00,  2.6569016E+02,3769,  1.6629153E-01,  0.0000000E+00, -7.2425507E-02,  1.0012902E+03,  7.7011531E+04,3,
 -3.6151355E+02,  0.0000000E+00,  2.6805350E+02,3791,  2.8612253E-01,  0.0000000E+00, -8.2244659E-03,  1.0001928E+03,  1.1470723E+04,3,
 -3.6054761E+02,  0.0000000E+00,  2.6812076E+02,3782,  3.1023815E-01,  0.0000000E+00, -2.3936480E-02,  1.0001818E+03,  1.0813131E+04,3,
 -3.5849609E+02,  0.0000000E+00,  2.6818103E+02,3780,  3.9639786E-01,  0.0000000E+00, -5.8060620E-02,  1.0001501E+03,  8.9314238E+03,3,
 -3.5941858E+02,  0.0000000E+00,  2.6712482E+02,3761,  1.3925721E-01,  0.0000000E+00, -5.6315921E-02,  1.0005423E+03,  3.2296391E+04,3,
 -3.5763394E+02,  0.0000000E+00,  2.6705124E+02,3742,  2.0006369E-01,  0.0000000E+00, -6.7205057E-02,  1.0004594E+03,  2.7353348E+04,3,
 -3.5616806E+02,  0.0000000E+00,  2.6665521E+02,3752,  3.1465068E-01,  0.0000000E+00, -6.2837072E-02,  1.0005715E+03,  3.4040512E+04,3,
 -3.5587534E+02,  0.0000000E+00,  2.6826419E+02,3783,  2.6416734E-01,  0.0000000E+00, -3.3274565E-02,  1.0001553E+03,  9.2401738E+03,3,
 -3.5439624E+02,  0.0000000E+00,  2.6818170E+02,3770,  1.9698808E-01,  0.0000000E+00, -4.7163188E-02,  1.0001958E+03,  1.1648753E+04,3,
 -3.5306473E+02,  0.0000000E+00,  2.6835477E+02,3772,  2.8536674E-01,  0.0000000E+00, -5.4930996E-02,  1.0001829E+03,  1.0878525E+04,3,
 -3.5252853E+02,  0.0000000E+00,  2.6709732E+02,3743,  2.1998084E-01,  0.0000000E+00, -4.5684870E-02,  1.0004503E+03,  2.6811145E+04,3,
 -3.5097742E+02,  0.0000000E+00,  2.6818445E+02,3771,  2.8913224E-01,  0.0000000E+00, -3.7023738E-02,  1.0002152E+03,  1.2804206E+04,3,
 -3.5440033E+02,  0.0000000E+00,  2.6532901E+02,3753,  3.0460200E-01,  0.0000000E+00, -9.6748814E-02,  1.0010674E+03,  6.3667973E+04,3,
 -3.5144208E+02,  0.0000000E+00,  2.6577493E+02,3754,  2.0585100E-01,  0.0000000E+00, -4.4926852E-02,  1.0006326E+03,  3.7682664E+04,3,
 -3.4956970E+02,  0.0000000E+00,  2.6515637E+02,3744,  3.1571189E-01,  0.0000000E+00,  5.8717262E-02,  1.0009626E+03,  5.7402543E+04,3,
 -3.4956775E+02,  0.0000000E+00,  2.6828094E+02,3774,  2.2075561E-01,  0.0000000E+00, -2.5051303E-02,  1.0002037E+03,  1.2121092E+04,3,
 -3.4873331E+02,  0.0000000E+00,  2.6702771E+02,3751,  3.0274546E-01,  0.0000000E+00, -4.0546905E-02,  1.0004205E+03,  2.5031910E+04,3,
 -3.4754587E+02,  0.0000000E+00,  2.6830679E+02,3773,  1.9756325E-01,  0.0000000E+00, -3.4271620E-02,  1.0002108E+03,  1.2542582E+04,3,
 -3.4675613E+02,  0.0000000E+00,  2.6619208E+02,3762,  4.1783115E-01,  0.0000000E+00, -1.0652574E-01,  1.0005719E+03,  3.4062359E+04,3,
 -3.4603452E+02,  0.0000000E+00,  2.6823917E+02,3763,  1.9647621E-01,  0.0000000E+00, -4.5662776E-02,  1.0002197E+03,  1.3069471E+04,3,
 -3.4433838E+02,  0.0000000E+00,  2.6826926E+02,3765,  1.9042265E-01,  0.0000000E+00, -5.0296728E-02,  1.0001796E+03,  1.0682345E+04,3,
 -3.4444070E+02,  0.0000000E+00,  2.6669882E+02,3724,  2.9949498E-01,  0.0000000E+00, -6.6979052E-03,  1.0005176E+03,  3.0825598E+04,3,
 -3.4486203E+02,  0.0000000E+00,  2.6503018E+02,3733,  3.9729854E-01,  0.0000000E+00, -6.0304627E-02,  1.0008939E+03,  5.3289801E+04,3,
 -3.4248630E+02,  0.0000000E+00,  2.6687360E+02,3732,  2.7237478E-01,  0.0000000E+00, -1.8569164E-02,  1.0005643E+03,  3.3610824E+04,3,
 -3.4221701E+02,  0.0000000E+00,  2.6815356E+02,3764,  2.9459402E-01,  0.0000000E+00, -3.8764037E-02,  1.0001669E+03,  9.9267227E+03,3,
 -3.4051361E+02,  0.0000000E+00,  2.6826273E+02,3756,  2.3684491E-01,  0.0000000E+00, -3.0194454E-02,  1.0001743E+03,  1.0369917E+04,3,
 -3.4018845E+02,  0.0000000E+00,  2.6646671E+02,3725,  3.6322549E-01,  0.0000000E+00,  4.2384900E-02,  1.0007374E+03,  4.3939352E+04,3,
 -3.3901312E+02,  0.0000000E+00,  2.6825653E+02,3755,  2.8384051E-01,  0.0000000E+00, -4.1185547E-02,  1.0001755E+03,  1.0442573E+04,3,
 -3.3763718E+02,  0.0000000E+00,  2.6814572E+02,3745,  3.5887209E-01,  0.0000000E+00, -5.3617917E-02,  1.0001661E+03,  9.8831309E+03,3,
 -3.3752893E+02,  0.0000000E+00,  2.6607639E+02,3715,  3.6245483E-01,  0.0000000E+00,  1.7465740E-01,  1.0010111E+03,  6.0301094E+04,3,
 -3.3628195E+02,  0.0000000E+00,  2.6817026E+02,3747,  3.9067891E-01,  0.0000000E+00, -6.6264659E-02,  1.0001694E+03,  1.0079295E+04,3,
 -3.3487228E+02,  0.0000000E+00,  2.6678659E+02,3714,  5.6750023E-01,  0.0000000E+00, -1.6093135E-02,  1.0005366E+03,  3.1957797E+04,3,
 -3.3445877E+02,  0.0000000E+00,  2.6817694E+02,3734,  3.7377101E-01,  0.0000000E+00, -5.7783484E-02,  1.0001730E+03,  1.0293628E+04,3,
 -3.3296225E+02,  0.0000000E+00,  2.6835657E+02,3746,  4.2531437E-01,  0.0000000E+00, -5.0342709E-02,  1.0001829E+03,  1.0882158E+04,3,
 -3.3234866E+02,  0.0000000E+00,  2.6678357E+02,3716,  5.8150661E-01,  0.0000000E+00,  7.5830071E-04,  1.0005223E+03,  3.1102264E+04,3,
 -3.3118445E+02,  0.0000000E+00,  2.6815543E+02,3735,  3.9697570E-01,  0.0000000E+00, -4.5001473E-02,  1.0001941E+03,  1.1547021E+04,3,
 -3.2977496E+02,  0.0000000E+00,  2.6811917E+02,3726,  5.2900696E-01,  0.0000000E+00, -4.1834999E-02,  1.0001728E+03,  1.0279097E+04,3,
 -3.2950677E+02,  0.0000000E+00,  2.6695007E+02,3695,  4.7157651E-01,  0.0000000E+00, -8.7067904E-03,  1.0005142E+03,  3.0621742E+04,3,
 -3.2781281E+02,  0.0000000E+00,  2.6826270E+02,3738,  5.0116521E-01,  0.0000000E+00, -1.0629490E-02,  1.0001771E+03,  1.0537028E+04,3,
 -3.2696985E+02,  0.0000000E+00,  2.6707285E+02,3687,  5.0102931E-01,  0.0000000E+00,  2.2922933E-02,  1.0004073E+03,  2.4249730E+04,3,
 -3.2591446E+02,  0.0000000E+00,  2.6819031E+02,3736,  5.1338315E-01,  0.0000000E+00, -1.3269215E-02,  1.0001768E+03,  1.0515230E+04,3,
 -3.2756323E+02,  0.0000000E+00,  2.6505429E+02,3707,  3.0858663E-01,  0.0000000E+00,  9.2787575E-03,  1.0010515E+03,  6.2714758E+04,3,
 -3.2386429E+02,  0.0000000E+00,  2.6818588E+02,3737,  5.3689700E-01,  0.0000000E+00, -4.1634388E-02,  1.0001815E+03,  1.0794966E+04,3,
 -3.2485718E+02,  0.0000000E+00,  2.6695215E+02,3706,  4.0727216E-01,  0.0000000E+00, -3.3476479E-02,  1.0004664E+03,  2.7768205E+04,3,
 -3.2340179E+02,  0.0000000E+00,  2.6537180E+02,3697,  4.5038196E-01,  0.0000000E+00,  1.0209907E-01,  1.0010872E+03,  6.4855051E+04,3,
 -3.2246387E+02,  0.0000000E+00,  2.6802496E+02,3727,  5.6020337E-01,  0.0000000E+00, -1.4786917E-02,  1.0002005E+03,  1.1928520E+04,3,
 -3.2161978E+02,  0.0000000E+00,  2.6730426E+02,3717,  5.8464527E-01,  0.0000000E+00,  2.1308305E-02,  1.0003668E+03,  2.1830818E+04,3,
 -3.2027829E+02,  0.0000000E+00,  2.6805533E+02,3729,  5.2705508E-01,  0.0000000E+00,  2.3823841E-02,  1.0001880E+03,  1.1183702E+04,3,
 -3.1914258E+02,  0.0000000E+00,  2.6701099E+02,3688,  6.3492817E-01,  0.0000000E+00,  3.8049400E-02,  1.0004127E+03,  2.4566232E+04,3,
 -3.1820975E+02,  0.0000000E+00,  2.6809537E+02,3728,  4.9230844E-01,  0.0000000E+00, -6.6629023E-04,  1.0001867E+03,  1.1107407E+04,3,
 -3.1996268E+02,  0.0000000E+00,  2.6531567E+02,3699,  3.8054439E-01,  0.0000000E+00,  8.4119409E-02,  1.0008924E+03,  5.3202234E+04,3,
 -3.1670050E+02,  0.0000000E+00,  2.6793661E+02,3718,  6.6635150E-01,  0.0000000E+00, -3.6343116E-02,  1.0001745E+03,  1.0380815E+04,3,
 -3.1654968E+02,  0.0000000E+00,  2.6691183E+02,3679,  4.7589910E-01,  0.0000000E+00, -1.6375486E-02,  1.0005652E+03,  3.3661805E+04,3,
 -3.1476254E+02,  0.0000000E+00,  2.6629156E+02,3698,  5.6431693E-01,  0.0000000E+00,  3.4309658E-03,  1.0005958E+03,  3.5486285E+04,3,
 -3.1442120E+02,  0.0000000E+00,  2.6809271E+02,3719,  5.6745648E-01,  0.0000000E+00, -6.2478833E-02,  1.0001745E+03,  1.0380815E+04,3,
 -3.1292422E+02,  0.0000000E+00,  2.6809039E+02,3720,  6.7275190E-01,  0.0000000E+00, -8.8790379E-02,  1.0001859E+03,  1.1056544E+04,3,
 -3.1266855E+02,  0.0000000E+00,  2.6620374E+02,3689,  5.2682930E-01,  0.0000000E+00,  4.4300862E-02,  1.0006672E+03,  3.9752000E+04,3,
 -3.1136871E+02,  0.0000000E+00,  2.6791455E+02,3708,  7.1337581E-01,  0.0000000E+00, -1.1633721E-01,  1.0002150E+03,  1.2793305E+04,3,
 -3.1014920E+02,  0.0000000E+00,  2.6677426E+02,3650,  6.3095200E-01,  0.0000000E+00, -1.3432528E-01,  1.0004866E+03,  2.8976490E+04,3,
 -3.0957965E+02,  0.0000000E+00,  2.6809424E+02,3710,  6.7817277E-01,  0.0000000E+00, -1.2978025E-01,  1.0002007E+03,  1.1939420E+04,3,
 -3.0799728E+02,  0.0000000E+00,  2.6691766E+02,3659,  6.8423593E-01,  0.0000000E+00, -8.5539445E-02,  1.0004036E+03,  2.4024184E+04,3,
 -3.0758560E+02,  0.0000000E+00,  2.6824442E+02,3711,  7.3054790E-01,  0.0000000E+00, -1.1537774E-01,  1.0002084E+03,  1.2400872E+04,3,
 -3.0443921E+02,  0.0000000E+00,  2.6501953E+02,3653,  3.1757924E-01,  0.0000000E+00, -8.9306176E-02,  1.0013179E+03,  7.8668383E+04,3,
 -3.0577087E+02,  0.0000000E+00,  2.6812430E+02,3709,  8.6603612E-01,  0.0000000E+00, -7.6439254E-02,  1.0002010E+03,  1.1961221E+04,3,
 -3.0580463E+02,  0.0000000E+00,  2.6680258E+02,3670,  5.4479200E-01,  0.0000000E+00, -1.8956110E-02,  1.0003400E+03,  2.0234297E+04,3,
 -3.0409329E+02,  0.0000000E+00,  2.6794977E+02,3701,  7.6410013E-01,  0.0000000E+00, -3.3029459E-02,  1.0002130E+03,  1.2673394E+04,3,
 -3.0287033E+02,  0.0000000E+00,  2.6778693E+02,3700,  7.6061541E-01,  0.0000000E+00, -1.8025368E-02,  1.0002100E+03,  1.2491712E+04,3,
 -3.0215933E+02,  0.0000000E+00,  2.6687686E+02,3651,  6.9017547E-01,  0.0000000E+00, -3.9770044E-02,  1.0004231E+03,  2.5188354E+04,3,
 -3.0042929E+02,  0.0000000E+00,  2.6806546E+02,3702,  6.2021178E-01,  0.0000000E+00, -2.9537136E-02,  1.0001973E+03,  1.1739585E+04,3,
 -3.0025937E+02,  0.0000000E+00,  2.6687604E+02,3652,  8.2437795E-01,  0.0000000E+00, -5.0605308E-02,  1.0003429E+03,  2.0408846E+04,3,
 -3.0006741E+02,  0.0000000E+00,  2.6517609E+02,3681,  4.8520586E-01,  0.0000000E+00, -8.1552185E-02,  1.0009290E+03,  5.5391574E+04,3,
 -2.9859082E+02,  0.0000000E+00,  2.6796857E+02,3680,  6.9058537E-01,  0.0000000E+00, -2.3813285E-02,  1.0002266E+03,  1.3480100E+04,3,
 -2.9738556E+02,  0.0000000E+00,  2.6785693E+02,3692,  7.2567475E-01,  0.0000000E+00,  1.1264068E-02,  1.0002305E+03,  1.3716311E+04,3,
 -2.9621170E+02,  0.0000000E+00,  2.6757999E+02,3690,  7.6380605E-01,  0.0000000E+00,  5.6288432E-02,  1.0002302E+03,  1.3694506E+04,3,
 -2.9552240E+02,  0.0000000E+00,  2.6661130E+02,3671,  7.1732587E-01,  0.0000000E+00,  9.5364682E-02,  1.0004998E+03,  2.9759043E+04,3,
 -2.9388156E+02,  0.0000000E+00,  2.6775916E+02,3693,  7.0570189E-01,  0.0000000E+00,  5.4876730E-02,  1.0001924E+03,  1.1448924E+04,3,
 -2.9358057E+02,  0.0000000E+00,  2.6680685E+02,3643,  6.8625522E-01,  0.0000000E+00,  4.9236253E-02,  1.0004351E+03,  2.5901477E+04,3,
 -2.9198541E+02,  0.0000000E+00,  2.6669696E+02,3654,  6.4417493E-01,  0.0000000E+00, -2.9227225E-02,  1.0004315E+03,  2.5690445E+04,3,
 -2.9111090E+02,  0.0000000E+00,  2.6773557E+02,3691,  6.9180846E-01,  0.0000000E+00,  2.9423439E-03,  1.0001984E+03,  1.1801352E+04,3,
 -2.9022461E+02,  0.0000000E+00,  2.6676572E+02,3661,  7.7964854E-01,  0.0000000E+00,  2.3146870E-03,  1.0004388E+03,  2.6127066E+04,3,
 -2.8872964E+02,  0.0000000E+00,  2.6782645E+02,3683,  7.0265800E-01,  0.0000000E+00,  5.4594386E-02,  1.0002031E+03,  1.2081124E+04,3,
 -2.8839737E+02,  0.0000000E+00,  2.6636163E+02,3645,  7.0491213E-01,  0.0000000E+00,  2.2349960E-01,  1.0004761E+03,  2.8346854E+04,3,
 -2.8713681E+02,  0.0000000E+00,  2.6775516E+02,3682,  6.6861510E-01,  0.0000000E+00, -2.6452627E-02,  1.0002230E+03,  1.3269332E+04,3,
 -2.8539801E+02,  0.0000000E+00,  2.6780035E+02,3684,  9.3753856E-01,  0.0000000E+00, -1.4958464E-01,  1.0001993E+03,  1.1859485E+04,3,
 -2.8580630E+02,  0.0000000E+00,  2.6673572E+02,3633,  5.4569769E-01,  0.0000000E+00, -1.1151652E-01,  1.0002872E+03,  1.7092914E+04,3,
 -2.8356076E+02,  0.0000000E+00,  2.6752673E+02,3672,  8.0642730E-01,  0.0000000E+00, -1.1723743E-01,  1.0002793E+03,  1.6620338E+04,3,
 -2.8239313E+02,  0.0000000E+00,  2.6778574E+02,3674,  7.8959829E-01,  0.0000000E+00, -1.1019118E-01,  1.0002415E+03,  1.4366826E+04,3,
 -2.8172333E+02,  0.0000000E+00,  2.6656339E+02,3614,  6.8385649E-01,  0.0000000E+00, -1.2698463E-01,  1.0004230E+03,  2.5181078E+04,3,
 -2.8026868E+02,  0.0000000E+00,  2.6795010E+02,3675,  8.9132863E-01,  0.0000000E+00, -8.7388135E-02,  1.0002311E+03,  1.3749017E+04,3,
 -2.7971231E+02,  0.0000000E+00,  2.6670248E+02,3615,  7.2362643E-01,  0.0000000E+00, -7.5714946E-02,  1.0003250E+03,  1.9339773E+04,3,
 -2.7821890E+02,  0.0000000E+00,  2.6780621E+02,3673,  8.2700926E-01,  0.0000000E+00, -3.2666106E-02,  1.0002084E+03,  1.2400872E+04,3,
 -2.7747885E+02,  0.0000000E+00,  2.6679562E+02,3625,  7.6787096E-01,  0.0000000E+00,  1.6633060E-02,  1.0002395E+03,  1.4250529E+04,3,
 -2.7637946E+02,  0.0000000E+00,  2.6789548E+02,3665,  8.4758353E-01,  0.0000000E+00, -2.8245201E-02,  1.0002106E+03,  1.2531682E+04,3,
 -2.7485309E+02,  0.0000000E+00,  2.6687860E+02,3626,  6.9485348E-01,  0.0000000E+00, -6.4868890E-02,  1.0003203E+03,  1.9059797E+04,3,
 -2.7428619E+02,  0.0000000E+00,  2.6778763E+02,3664,  9.0873885E-01,  0.0000000E+00, -7.2801389E-02,  1.0002117E+03,  1.2597087E+04,3,
 -2.7331201E+02,  0.0000000E+00,  2.6653198E+02,3635,  6.9695115E-01,  0.0000000E+00, -5.7598930E-02,  1.0002857E+03,  1.7002033E+04,3,
 -2.7225851E+02,  0.0000000E+00,  2.6789410E+02,3666,  8.7580538E-01,  0.0000000E+00, -6.7217834E-02,  1.0002267E+03,  1.3491002E+04,3,
 -2.7094547E+02,  0.0000000E+00,  2.6759183E+02,3644,  8.8642401E-01,  0.0000000E+00, -1.3048477E-02,  1.0002484E+03,  1.4781144E+04,3,
 -2.6957446E+02,  0.0000000E+00,  2.6768063E+02,3656,  8.0582440E-01,  0.0000000E+00,  3.2025289E-02,  1.0002582E+03,  1.5362670E+04,3,
 -2.6840158E+02,  0.0000000E+00,  2.6763367E+02,3655,  8.5054159E-01,  0.0000000E+00,  5.5103891E-02,  1.0002543E+03,  1.5130056E+04,3,
 -2.6753952E+02,  0.0000000E+00,  2.6663287E+02,3598,  7.3936969E-01,  0.0000000E+00,  5.6180876E-02,  1.0004257E+03,  2.5344799E+04,3,
 -2.6631140E+02,  0.0000000E+00,  2.6783142E+02,3657,  9.9102563E-01,  0.0000000E+00,  1.1122680E-01,  1.0002070E+03,  1.2317301E+04,3,
 -2.6272180E+02,  0.0000000E+00,  2.6534439E+02,3580,  6.1177039E-01,  0.0000000E+00,  1.1387043E-01,  1.0016746E+03,  1.0007118E+05,3,
 -2.6449313E+02,  0.0000000E+00,  2.6734860E+02,3646,  8.2527024E-01,  0.0000000E+00,  8.7465197E-02,  1.0001536E+03,  9.1348340E+03,3,
 -2.6559113E+02,  0.0000000E+00,  2.6671127E+02,3607,  6.5941769E-01,  0.0000000E+00,  1.5412536E-01,  1.0003162E+03,  1.8819824E+04,3,
 -2.6317706E+02,  0.0000000E+00,  2.6759937E+02,3647,  7.3033708E-01,  0.0000000E+00,  9.3952715E-03,  1.0000923E+03,  5.4886050E+03,3,
 -2.6181451E+02,  0.0000000E+00,  2.6742639E+02,3636,  9.6002519E-01,  0.0000000E+00, -5.5408847E-02,  1.0001145E+03,  6.8103896E+03,3,
 -2.6006583E+02,  0.0000000E+00,  2.6676077E+02,3588,  9.8741215E-01,  0.0000000E+00, -3.5439163E-02,  1.0003006E+03,  1.7889074E+04,3,
 -2.5995352E+02,  0.0000000E+00,  2.6775909E+02,3648,  7.5305843E-01,  0.0000000E+00, -7.8657635E-02,  1.0001985E+03,  1.1812252E+04,3,
 -2.5855704E+02,  0.0000000E+00,  2.6682401E+02,3616,  9.2387372E-01,  0.0000000E+00, -8.5417159E-02,  1.0003169E+03,  1.8859820E+04,3,
 -2.5713589E+02,  0.0000000E+00,  2.6775531E+02,3638,  9.6431035E-01,  0.0000000E+00, -5.1186662E-02,  1.0002165E+03,  1.2880515E+04,3,
 -2.5677542E+02,  0.0000000E+00,  2.6676535E+02,3608,  8.9746296E-01,  0.0000000E+00, -3.2720838E-02,  1.0003361E+03,  2.0005203E+04,3,
 -2.5551096E+02,  0.0000000E+00,  2.6660672E+02,3609,  9.0928340E-01,  0.0000000E+00,  1.4017415E-02,  1.0001984E+03,  1.1804985E+04,3,
 -2.5439987E+02,  0.0000000E+00,  2.6757642E+02,3637,  9.5423460E-01,  0.0000000E+00,  9.2617869E-03,  1.0002200E+03,  1.3091273E+04,3,
 -2.5320378E+02,  0.0000000E+00,  2.6758374E+02,3639,  8.7375730E-01,  0.0000000E+00, -1.4189648E-02,  1.0002079E+03,  1.2371804E+04,3,
 -2.5205135E+02,  0.0000000E+00,  2.6734583E+02,3617,  8.4056884E-01,  0.0000000E+00, -7.8981556E-02,  1.0001644E+03,  9.7777842E+03,3,
 -2.5087750E+02,  0.0000000E+00,  2.6752466E+02,3629,  9.5511031E-01,  0.0000000E+00, -1.0569397E-01,  1.0001678E+03,  9.9848447E+03,3,
 -2.4970650E+02,  0.0000000E+00,  2.6750400E+02,3628,  9.4174832E-01,  0.0000000E+00, -8.6636230E-02,  1.0001921E+03,  1.1427124E+04,3,
 -2.4802800E+02,  0.0000000E+00,  2.6773724E+02,3630,  1.0284323E+00,  0.0000000E+00, -6.3989244E-02,  1.0002076E+03,  1.2350002E+04,3,
 -2.4800874E+02,  0.0000000E+00,  2.6684085E+02,3561,  9.8384601E-01,  0.0000000E+00, -3.6598515E-02,  1.0001727E+03,  1.0271831E+04,3,
 -2.4580812E+02,  0.0000000E+00,  2.6658011E+02,3590,  1.1045384E+00,  0.0000000E+00, -6.1110541E-02,  1.0002901E+03,  1.7263773E+04,3,
 -2.4569379E+02,  0.0000000E+00,  2.6768253E+02,3618,  9.1971856E-01,  0.0000000E+00, -4.3596011E-02,  1.0002346E+03,  1.3959794E+04,3,
 -2.4407913E+02,  0.0000000E+00,  2.6663251E+02,3571,  8.7072337E-01,  0.0000000E+00, -2.7693922E-02,  1.0003174E+03,  1.8888906E+04,3,
 -2.4328946E+02,  0.0000000E+00,  2.6765894E+02,3620,  1.0600542E+00,  0.0000000E+00, -5.6281775E-02,  1.0002368E+03,  1.4090624E+04,3,
 -2.4221478E+02,  0.0000000E+00,  2.6661859E+02,3599,  1.0056520E+00,  0.0000000E+00, -4.0351823E-02,  1.0003019E+03,  1.7969057E+04,3,
 -2.4064241E+02,  0.0000000E+00,  2.6756027E+02,3621,  1.1401206E+00,  0.0000000E+00, -3.0308409E-02,  1.0002332E+03,  1.3872575E+04,3,
 -2.4069423E+02,  0.0000000E+00,  2.6629697E+02,3591,  8.4416914E-01,  0.0000000E+00,  3.4344015E-03,  1.0002236E+03,  1.3305671E+04,3,
 -2.3911894E+02,  0.0000000E+00,  2.6729196E+02,3619,  1.0534002E+00,  0.0000000E+00, -8.1765354E-03,  1.0002529E+03,  1.5050095E+04,3,
 -2.3792889E+02,  0.0000000E+00,  2.6712350E+02,3589,  1.0128893E+00,  0.0000000E+00,  1.6446946E-02,  1.0002733E+03,  1.6264104E+04,3,
 -2.3657011E+02,  0.0000000E+00,  2.6747754E+02,3611,  1.0013866E+00,  0.0000000E+00,  2.1306936E-02,  1.0002266E+03,  1.3483734E+04,3,
 -2.3590846E+02,  0.0000000E+00,  2.6666226E+02,3562,  1.0359793E+00,  0.0000000E+00,  2.2719510E-02,  1.0002109E+03,  1.2546216E+04,3,
 -2.3465192E+02,  0.0000000E+00,  2.6726193E+02,3610,  9.8963737E-01,  0.0000000E+00, -1.6430113E-02,  1.0002264E+03,  1.3472832E+04,3,
 -2.3364311E+02,  0.0000000E+00,  2.6658200E+02,3544,  9.4714034E-01,  0.0000000E+00, -5.7979938E-02,  1.0002412E+03,  1.4352289E+04,3,
 -2.3253174E+02,  0.0000000E+00,  2.6745758E+02,3612,  1.0408868E+00,  0.0000000E+00, -5.7879422E-02,  1.0002586E+03,  1.5388112E+04,3,
 -2.3125722E+02,  0.0000000E+00,  2.6642432E+02,3554,  1.0164676E+00,  0.0000000E+00, -3.0595571E-02,  1.0002827E+03,  1.6820271E+04,3,
 -2.3053339E+02,  0.0000000E+00,  2.6753720E+02,3602,  1.0290754E+00,  0.0000000E+00, -5.5971123E-02,  1.0002605E+03,  1.5500788E+04,3,
 -2.2946413E+02,  0.0000000E+00,  2.6626129E+02,3563,  9.5189971E-01,  0.0000000E+00, -5.7209916E-02,  1.0001518E+03,  9.0294961E+03,3,
 -2.2857899E+02,  0.0000000E+00,  2.6736581E+02,3601,  1.0835351E+00,  0.0000000E+00, -5.8594637E-02,  1.0002805E+03,  1.6693041E+04,3,
 -2.2700722E+02,  0.0000000E+00,  2.6748438E+02,3603,  1.0410073E+00,  0.0000000E+00, -8.1730327E-03,  1.0002593E+03,  1.5431729E+04,3,
 -2.2646631E+02,  0.0000000E+00,  2.6646548E+02,3553,  1.1131023E+00,  0.0000000E+00,  1.3164873E-03,  1.0002123E+03,  1.2629789E+04,3,
 -2.2497647E+02,  0.0000000E+00,  2.6737271E+02,3582,  9.5705271E-01,  0.0000000E+00,  3.2052997E-02,  1.0002668E+03,  1.5875169E+04,3,
 -2.2425488E+02,  0.0000000E+00,  2.6640820E+02,3573,  1.0379601E+00,  0.0000000E+00,  8.9078009E-02,  1.0002520E+03,  1.4995577E+04,3,
 -2.2301552E+02,  0.0000000E+00,  2.6759262E+02,3593,  1.1301348E+00,  0.0000000E+00, -2.5326239E-02,  1.0002615E+03,  1.5558943E+04,3,
 -2.2232202E+02,  0.0000000E+00,  2.6621530E+02,3555,  7.5281990E-01,  0.0000000E+00, -3.2895487E-03,  1.0001276E+03,  7.5911973E+03,3,
 -2.2122459E+02,  0.0000000E+00,  2.6743054E+02,3592,  1.1917347E+00,  0.0000000E+00, -8.7506838E-02,  1.0002341E+03,  1.3930722E+04,3,
 -2.1943094E+02,  0.0000000E+00,  2.6665753E+02,3572,  1.1645442E+00,  0.0000000E+00,  1.8044543E-02,  1.0001651E+03,  9.8213760E+03,3,
 -2.1916891E+02,  0.0000000E+00,  2.6757080E+02,3594,  1.1531461E+00,  0.0000000E+00,  1.0213156E-02,  1.0002305E+03,  1.3712676E+04,3,
 -2.1740291E+02,  0.0000000E+00,  2.6742386E+02,3584,  1.0949942E+00,  0.0000000E+00,  2.4594784E-02,  1.0002329E+03,  1.3858039E+04,3,
 -2.1667609E+02,  0.0000000E+00,  2.6655386E+02,3534,  1.1674991E+00,  0.0000000E+00,  5.6173261E-03,  1.0001645E+03,  9.7850498E+03,3,
 -2.1543732E+02,  0.0000000E+00,  2.6738269E+02,3583,  1.1435088E+00,  0.0000000E+00,  1.8045131E-02,  1.0002535E+03,  1.5086440E+04,3,
 -2.1450017E+02,  0.0000000E+00,  2.6657962E+02,3516,  1.0871925E+00,  0.0000000E+00,  3.5427488E-02,  1.0002464E+03,  1.4661207E+04,3,
 -2.1317184E+02,  0.0000000E+00,  2.6753476E+02,3585,  1.1720693E+00,  0.0000000E+00, -4.3782964E-02,  1.0002388E+03,  1.4206919E+04,3,
 -2.1244817E+02,  0.0000000E+00,  2.6661545E+02,3488,  1.0388898E+00,  0.0000000E+00, -9.1124959E-02,  1.0002153E+03,  1.2807840E+04,3,
 -2.1113852E+02,  0.0000000E+00,  2.6653723E+02,3525,  1.0106579E+00,  0.0000000E+00, -1.4955252E-01,  1.0001016E+03,  6.0441689E+03,3,
 -2.1023500E+02,  0.0000000E+00,  2.6748441E+02,3575,  1.2196172E+00,  0.0000000E+00, -1.1208023E-01,  1.0002387E+03,  1.4203284E+04,3,
 -2.0850684E+02,  0.0000000E+00,  2.6640884E+02,3507,  1.1819055E+00,  0.0000000E+00, -5.2217752E-02,  1.0001779E+03,  1.0580623E+04,3,
 -2.0833482E+02,  0.0000000E+00,  2.6740356E+02,3574,  1.0529864E+00,  0.0000000E+00, -5.3291202E-02,  1.0002592E+03,  1.5420825E+04,3,
 -2.0647975E+02,  0.0000000E+00,  2.6718781E+02,3564,  1.1646171E+00,  0.0000000E+00, -1.4498745E-02,  1.0002610E+03,  1.5529865E+04,3,
 -2.0599780E+02,  0.0000000E+00,  2.6627914E+02,3499,  1.1670682E+00,  0.0000000E+00,  1.6706547E-02,  1.0002556E+03,  1.5206382E+04,3,
 -2.0450143E+02,  0.0000000E+00,  2.6719925E+02,3576,  1.1425552E+00,  0.0000000E+00,  1.6486270E-02,  1.0002759E+03,  1.6416775E+04,3,
 -2.0320631E+02,  0.0000000E+00,  2.6724359E+02,3545,  1.1188579E+00,  0.0000000E+00,  1.6753383E-02,  1.0002683E+03,  1.5966040E+04,3,
 -2.0206383E+02,  0.0000000E+00,  2.6628033E+02,3518,  1.1624327E+00,  0.0000000E+00,  3.2582942E-02,  1.0002214E+03,  1.3171218E+04,3,
 -2.0131345E+02,  0.0000000E+00,  2.6751770E+02,3566,  1.1435981E+00,  0.0000000E+00,  5.7641100E-02,  1.0002584E+03,  1.5373574E+04,3,
 -2.0028159E+02,  0.0000000E+00,  2.6627509E+02,3526,  1.0952419E+00,  0.0000000E+00,  9.7366497E-02,  1.0002556E+03,  1.5206382E+04,3,
 -1.9901630E+02,  0.0000000E+00,  2.6737354E+02,3565,  1.1442010E+00,  0.0000000E+00,  3.4351535E-02,  1.0002498E+03,  1.4861102E+04,3,
 -1.9835426E+02,  0.0000000E+00,  2.6631592E+02,3527,  1.0133252E+00,  0.0000000E+00, -1.8228751E-02,  1.0003159E+03,  1.8801645E+04,3,
 -1.9656073E+02,  0.0000000E+00,  2.6732913E+02,3567,  1.0888954E+00,  0.0000000E+00, -2.5969585E-03,  1.0002407E+03,  1.4319580E+04,3,
 -1.9642654E+02,  0.0000000E+00,  2.6626654E+02,3519,  1.1838655E+00,  0.0000000E+00, -6.2673972E-03,  1.0003154E+03,  1.8768922E+04,3,
 -1.9469450E+02,  0.0000000E+00,  2.6723660E+02,3557,  1.0771871E+00,  0.0000000E+00, -8.7446421E-03,  1.0002546E+03,  1.5148229E+04,3,
 -1.9398129E+02,  0.0000000E+00,  2.6592252E+02,3528,  1.0510705E+00,  0.0000000E+00, -7.1050636E-02,  1.0003415E+03,  2.0325207E+04,3,
 -1.9296974E+02,  0.0000000E+00,  2.6692947E+02,3535,  1.0347152E+00,  0.0000000E+00, -4.8842266E-02,  1.0003061E+03,  1.8216281E+04,3,
 -1.9177806E+02,  0.0000000E+00,  2.6714902E+02,3556,  1.0668199E+00,  0.0000000E+00, -5.6812432E-02,  1.0003036E+03,  1.8067219E+04,3,
 -1.9051639E+02,  0.0000000E+00,  2.6696967E+02,3536,  1.1024381E+00,  0.0000000E+00, -3.9468635E-02,  1.0002817E+03,  1.6762109E+04,3,
 -1.8974716E+02,  0.0000000E+00,  2.6607364E+02,3517,  1.0754284E+00,  0.0000000E+00,  8.2851751E-03,  1.0003991E+03,  2.3758625E+04,3,
 -1.8834929E+02,  0.0000000E+00,  2.6730466E+02,3558,  1.1060591E+00,  0.0000000E+00, -3.8583547E-02,  1.0002435E+03,  1.4486758E+04,3,
 -1.8770030E+02,  0.0000000E+00,  2.6618445E+02,3537,  1.0631808E+00,  0.0000000E+00, -1.8398659E-02,  1.0003392E+03,  2.0187023E+04,3,
 -1.8623148E+02,  0.0000000E+00,  2.6731863E+02,3546,  1.1625780E+00,  0.0000000E+00, -8.2345992E-02,  1.0002297E+03,  1.3669067E+04,3,
 -1.8569312E+02,  0.0000000E+00,  2.6634937E+02,3500,  1.0611660E+00,  0.0000000E+00, -6.5321602E-02,  1.0003297E+03,  1.9619758E+04,3,
 -1.8357635E+02,  0.0000000E+00,  2.6715945E+02,3548,  1.3420284E+00,  0.0000000E+00, -2.0633137E-01,  1.0001998E+03,  1.1884919E+04,3,
 -1.8433789E+02,  0.0000000E+00,  2.6629984E+02,3434,  9.3109179E-01,  0.0000000E+00, -1.1911222E-01,  1.0001906E+03,  1.1339928E+04,3,
 -1.8186353E+02,  0.0000000E+00,  2.6712927E+02,3549,  1.2096496E+00,  0.0000000E+00, -1.3213731E-01,  1.0002416E+03,  1.4377729E+04,3,
 -1.8054471E+02,  0.0000000E+00,  2.6701047E+02,3547,  1.2960447E+00,  0.0000000E+00, -4.1130528E-02,  1.0002488E+03,  1.4802950E+04,3,
 -1.7950999E+02,  0.0000000E+00,  2.6669153E+02,3538,  1.3180196E+00,  0.0000000E+00,  2.0579746E-02,  1.0002429E+03,  1.4450415E+04,3,
 -1.7844005E+02,  0.0000000E+00,  2.6654865E+02,3425,  1.2754784E+00,  0.0000000E+00,  4.0875230E-02,  1.0002469E+03,  1.4693917E+04,3,
 -1.7754147E+02,  0.0000000E+00,  2.6649786E+02,3398,  1.2388345E+00,  0.0000000E+00,  4.1294612E-02,  1.0002467E+03,  1.4679380E+04,3,
 -1.7632643E+02,  0.0000000E+00,  2.6628891E+02,3426,  1.2562935E+00,  0.0000000E+00,  1.5995622E-02,  1.0002338E+03,  1.3908917E+04,3,
 -1.7532008E+02,  0.0000000E+00,  2.6716992E+02,3539,  1.2068892E+00,  0.0000000E+00, -2.0362891E-02,  1.0002753E+03,  1.6384059E+04,3,
 -1.7383650E+02,  0.0000000E+00,  2.6735452E+02,3540,  1.3304286E+00,  0.0000000E+00, -2.3173284E-02,  1.0003054E+03,  1.8176287E+04,3,
 -1.7282306E+02,  0.0000000E+00,  2.6606586E+02,3408,  1.2518107E+00,  0.0000000E+00,  3.0227890E-02,  1.0001465E+03,  8.7171201E+03,3,
 -1.7209828E+02,  0.0000000E+00,  2.6732892E+02,3530,  1.2393430E+00,  0.0000000E+00, -9.6378376E-04,  1.0002964E+03,  1.7638223E+04,3,
 -1.7069902E+02,  0.0000000E+00,  2.6706610E+02,3529,  1.3209332E+00,  0.0000000E+00, -1.3681401E-02,  1.0002646E+03,  1.5747950E+04,3,
 -1.7012372E+02,  0.0000000E+00,  2.6622974E+02,3462,  1.1903954E+00,  0.0000000E+00, -4.6763569E-03,  1.0003223E+03,  1.9179787E+04,3,
 -1.6832841E+02,  0.0000000E+00,  2.6613568E+02,3443,  1.4228517E+00,  0.0000000E+00, -6.0040396E-02,  1.0003246E+03,  1.9321594E+04,3,
 -1.6755881E+02,  0.0000000E+00,  2.6708261E+02,3531,  1.2608774E+00,  0.0000000E+00, -1.9266868E-02,  1.0002556E+03,  1.5206382E+04,3,
 -1.6644107E+02,  0.0000000E+00,  2.6622479E+02,3453,  1.2879398E+00,  0.0000000E+00,  4.0631607E-02,  1.0003083E+03,  1.8347166E+04,3,
 -1.6527754E+02,  0.0000000E+00,  2.6721176E+02,3521,  1.2586074E+00,  0.0000000E+00, -2.1112161E-02,  1.0002457E+03,  1.4617595E+04,3,
 -1.6454901E+02,  0.0000000E+00,  2.6622568E+02,3454,  1.3518131E+00,  0.0000000E+00, -2.4920026E-02,  1.0002927E+03,  1.7416459E+04,3,
 -1.6287149E+02,  0.0000000E+00,  2.6714191E+02,3520,  1.3658024E+00,  0.0000000E+00, -4.0135704E-02,  1.0002640E+03,  1.5707968E+04,3,
 -1.6229916E+02,  0.0000000E+00,  2.6618192E+02,3463,  1.3724637E+00,  0.0000000E+00, -3.2898452E-02,  1.0003058E+03,  1.8201738E+04,3,
 -1.6064412E+02,  0.0000000E+00,  2.6583829E+02,3481,  1.3781309E+00,  0.0000000E+00,  8.4509484E-02,  1.0002229E+03,  1.3262064E+04,3,
 -1.6040182E+02,  0.0000000E+00,  2.6708340E+02,3490,  1.3328894E+00,  0.0000000E+00,  1.0834819E-02,  1.0002695E+03,  1.6038738E+04,3,
 -1.5873523E+02,  0.0000000E+00,  2.6608035E+02,3482,  1.3140991E+00,  0.0000000E+00,  6.0064495E-02,  1.0003586E+03,  2.1343471E+04,3,
 -1.5817490E+02,  0.0000000E+00,  2.6728918E+02,3522,  1.5286672E+00,  0.0000000E+00,  6.6862227E-03,  1.0002760E+03,  1.6424045E+04,3,
 -1.5608554E+02,  0.0000000E+00,  2.6693289E+02,3491,  1.4851170E+00,  0.0000000E+00, -5.8281019E-02,  1.0002321E+03,  1.3810796E+04,3,
 -1.5648573E+02,  0.0000000E+00,  2.6600943E+02,3474,  1.2330984E+00,  0.0000000E+00, -2.1727223E-02,  1.0001556E+03,  9.2547031E+03,3,
 -1.5449599E+02,  0.0000000E+00,  2.6686050E+02,3512,  1.4224602E+00,  0.0000000E+00, -1.1673897E-01,  1.0002492E+03,  1.4828391E+04,3,
 -1.5321950E+02,  0.0000000E+00,  2.6655896E+02,3511,  1.4800035E+00,  0.0000000E+00, -1.1471043E-01,  1.0002956E+03,  1.7590961E+04,3,
 -1.5203680E+02,  0.0000000E+00,  2.6699976E+02,3513,  1.4487170E+00,  0.0000000E+00, -5.2347213E-02,  1.0002690E+03,  1.6009659E+04,3,
 -1.5087381E+02,  0.0000000E+00,  2.6673849E+02,3501,  1.4672278E+00,  0.0000000E+00, -1.0458300E-02,  1.0002522E+03,  1.5006480E+04,3,
 -1.5016394E+02,  0.0000000E+00,  2.6609787E+02,3472,  1.4097598E+00,  0.0000000E+00,  7.5421613E-03,  1.0002455E+03,  1.4610326E+04,3,
 -1.4845801E+02,  0.0000000E+00,  2.6707144E+02,3503,  1.4172840E+00,  0.0000000E+00, -6.2794082E-02,  1.0002440E+03,  1.4515833E+04,3,
 -1.4784425E+02,  0.0000000E+00,  2.6619476E+02,3427,  1.5286458E+00,  0.0000000E+00, -7.7945277E-02,  1.0002515E+03,  1.4962867E+04,3,
 -1.4610196E+02,  0.0000000E+00,  2.6625677E+02,3380,  1.3951306E+00,  0.0000000E+00, -7.3573828E-02,  1.0002991E+03,  1.7798184E+04,3,
 -1.4560728E+02,  0.0000000E+00,  2.6707703E+02,3502,  1.5918688E+00,  0.0000000E+00, -5.5209778E-02,  1.0002413E+03,  1.4359558E+04,3,
 -1.4448268E+02,  0.0000000E+00,  2.6597073E+02,3473,  1.4098843E+00,  0.0000000E+00, -2.8324207E-02,  1.0003394E+03,  2.0201568E+04,3,
 -1.4286105E+02,  0.0000000E+00,  2.6571774E+02,3464,  1.4809852E+00,  0.0000000E+00, -1.2784272E-01,  1.0002470E+03,  1.4697552E+04,3,
 -1.4286591E+02,  0.0000000E+00,  2.6696735E+02,3504,  1.3324046E+00,  0.0000000E+00, -8.9755192E-02,  1.0002637E+03,  1.5689794E+04,3,
 -1.4104021E+02,  0.0000000E+00,  2.6676352E+02,3492,  1.5078614E+00,  0.0000000E+00, -1.1621425E-01,  1.0003271E+03,  1.9467039E+04,3,
 -1.3982645E+02,  0.0000000E+00,  2.6668030E+02,3483,  1.5978824E+00,  0.0000000E+00,  2.5693837E-03,  1.0003751E+03,  2.2325465E+04,3,
 -1.3844711E+02,  0.0000000E+00,  2.6545944E+02,3446,  1.5197121E+00,  0.0000000E+00,  2.8091201E-01,  9.9979932E+02, -1.1925053E+04,3,
 -1.3842557E+02,  0.0000000E+00,  2.6689026E+02,3494,  1.5210091E+00,  0.0000000E+00,  8.4035777E-02,  1.0003593E+03,  2.1383477E+04,3,
 -1.3701335E+02,  0.0000000E+00,  2.6682178E+02,3495,  1.4592662E+00,  0.0000000E+00,  2.9643951E-02,  1.0003644E+03,  2.1692613E+04,3,
 -1.3353780E+02,  0.0000000E+00,  2.6608270E+02,3401,  1.6296712E+00,  0.0000000E+00,  2.0201343E-01,  1.0001420E+03,  8.4447080E+03,3,
 -1.3531287E+02,  0.0000000E+00,  2.6670395E+02,3493,  1.6441835E+00,  0.0000000E+00,  3.4349859E-03,  1.0002620E+03,  1.5591656E+04,3,
 -1.3492627E+02,  0.0000000E+00,  2.6623114E+02,3299,  1.6922669E+00,  0.0000000E+00,  1.6696112E-02,  1.0002427E+03,  1.4443146E+04,3,
 -1.3272491E+02,  0.0000000E+00,  2.6710748E+02,3485,  1.5801617E+00,  0.0000000E+00,  1.1443856E-01,  1.0002524E+03,  1.5021019E+04,3,
 -1.3150844E+02,  0.0000000E+00,  2.6678485E+02,3484,  1.5855690E+00,  0.0000000E+00,  4.9356375E-02,  1.0002872E+03,  1.7092914E+04,3,
 -1.3042610E+02,  0.0000000E+00,  2.6583258E+02,3465,  1.3879734E+00,  0.0000000E+00, -1.0147250E-01,  1.0002827E+03,  1.6820271E+04,3,
 -1.2910703E+02,  0.0000000E+00,  2.6697076E+02,3486,  1.7610847E+00,  0.0000000E+00, -5.5426799E-02,  1.0002921E+03,  1.7383742E+04,3,
 -1.2809691E+02,  0.0000000E+00,  2.6580759E+02,3447,  1.6034184E+00,  0.0000000E+00, -7.9793580E-02,  1.0002776E+03,  1.6522191E+04,3,
 -1.2720635E+02,  0.0000000E+00,  2.6563266E+02,3456,  1.6564726E+00,  0.0000000E+00, -2.1854931E-02,  1.0001284E+03,  7.6347788E+03,3,
 -1.2649475E+02,  0.0000000E+00,  2.6694778E+02,3476,  1.3760203E+00,  0.0000000E+00, -2.8197032E-03,  1.0003024E+03,  1.7998141E+04,3,
 -1.2509724E+02,  0.0000000E+00,  2.6674460E+02,3475,  1.5435523E+00,  0.0000000E+00, -5.1612478E-02,  1.0003079E+03,  1.8325352E+04,3,
 -1.2406709E+02,  0.0000000E+00,  2.6623627E+02,3455,  1.5969269E+00,  0.0000000E+00, -2.9944252E-02,  1.0002925E+03,  1.7405555E+04,3,
 -1.2281541E+02,  0.0000000E+00,  2.6613370E+02,3363,  1.6186270E+00,  0.0000000E+00,  1.4996215E-02,  1.0002366E+03,  1.4079722E+04,3,
 -1.2178441E+02,  0.0000000E+00,  2.6622934E+02,3372,  1.5904003E+00,  0.0000000E+00,  4.8369193E-03,  1.0002404E+03,  1.4301409E+04,3,
 -1.2070236E+02,  0.0000000E+00,  2.6706134E+02,3477,  1.5758584E+00,  0.0000000E+00, -2.5769981E-02,  1.0002471E+03,  1.4704820E+04,3,
 -1.1978781E+02,  0.0000000E+00,  2.6604868E+02,3382,  1.5801013E+00,  0.0000000E+00, -5.0954189E-02,  1.0002285E+03,  1.3596388E+04,3,
 -1.1847749E+02,  0.0000000E+00,  2.6683264E+02,3467,  1.6344055E+00,  0.0000000E+00, -3.0005468E-02,  1.0002770E+03,  1.6485840E+04,3,
 -1.1701524E+02,  0.0000000E+00,  2.6671878E+02,3466,  1.6194330E+00,  0.0000000E+00,  2.7576210E-03,  1.0002682E+03,  1.5958771E+04,3,
 -1.1619860E+02,  0.0000000E+00,  2.6604581E+02,3353,  1.6204098E+00,  0.0000000E+00,  5.4325741E-03,  1.0002584E+03,  1.5373574E+04,3,
 -1.1481614E+02,  0.0000000E+00,  2.6594922E+02,3418,  1.6260978E+00,  0.0000000E+00,  3.0639950E-02,  1.0002488E+03,  1.4802950E+04,3,
 -1.1406321E+02,  0.0000000E+00,  2.6696936E+02,3468,  1.5431616E+00,  0.0000000E+00,  4.3263491E-02,  1.0002549E+03,  1.5170035E+04,3,
 -1.1292152E+02,  0.0000000E+00,  2.6585388E+02,3344,  1.5412716E+00,  0.0000000E+00,  4.0209074E-02,  1.0003556E+03,  2.1165268E+04,3,
 -1.1152856E+02,  0.0000000E+00,  2.6708908E+02,3458,  1.5547842E+00,  0.0000000E+00, -3.2282150E-03,  1.0002757E+03,  1.6405869E+04,3,
 -1.1089387E+02,  0.0000000E+00,  2.6619507E+02,3326,  1.5660602E+00,  0.0000000E+00, -5.3589544E-03,  1.0003481E+03,  2.0717953E+04,3,
 -1.0951675E+02,  0.0000000E+00,  2.6609662E+02,3400,  1.6606867E+00,  0.0000000E+00, -1.7080836E-02,  1.0001830E+03,  1.0889424E+04,3,
 -1.0885552E+02,  0.0000000E+00,  2.6610031E+02,3410,  1.5956768E+00,  0.0000000E+00, -1.4334855E-02,  1.0001247E+03,  7.4168721E+03,3,
 -1.0747261E+02,  0.0000000E+00,  2.6682385E+02,3457,  1.6785827E+00,  0.0000000E+00,  1.7837331E-02,  1.0002278E+03,  1.3556413E+04,3,
 -1.0602614E+02,  0.0000000E+00,  2.6654312E+02,3428,  1.5590918E+00,  0.0000000E+00,  9.3963549E-02,  1.0002368E+03,  1.4086990E+04,3,
 -1.0458034E+02,  0.0000000E+00,  2.6678497E+02,3459,  1.4494689E+00,  0.0000000E+00,  5.8542423E-02,  1.0002393E+03,  1.4239627E+04,3,
 -1.0320514E+02,  0.0000000E+00,  2.6676172E+02,3448,  1.5329547E+00,  0.0000000E+00, -1.1622766E-02,  1.0002160E+03,  1.2851444E+04,3,
 -1.0234667E+02,  0.0000000E+00,  2.6605310E+02,3300,  1.5818605E+00,  0.0000000E+00, -6.6755861E-02,  1.0000670E+03,  3.9818401E+03,3,
 -1.0108367E+02,  0.0000000E+00,  2.6681165E+02,3449,  1.5135885E+00,  0.0000000E+00, -3.6175303E-02,  1.0002079E+03,  1.2371804E+04,3,
 -9.9530029E+01,  0.0000000E+00,  2.6628525E+02,3409,  1.6099640E+00,  0.0000000E+00, -5.8084331E-03,  1.0001018E+03,  6.0550625E+03,3,
 -9.8235863E+01,  0.0000000E+00,  2.6702960E+02,3450,  1.4636146E+00,  0.0000000E+00, -3.6448486E-02,  1.0002418E+03,  1.4388632E+04,3,
 -9.7131004E+01,  0.0000000E+00,  2.6613806E+02,3383,  1.5223714E+00,  0.0000000E+00, -6.2136550E-02,  1.0001495E+03,  8.8951006E+03,3,
 -9.6361977E+01,  0.0000000E+00,  2.6591690E+02,3402,  1.4610133E+00,  0.0000000E+00, -3.5807230E-02,  1.0001912E+03,  1.1376260E+04,3,
 -9.5514908E+01,  0.0000000E+00,  2.6664511E+02,3438,  1.5970297E+00,  0.0000000E+00, -5.8762860E-02,  1.0002372E+03,  1.4116063E+04,3,
 -9.4091972E+01,  0.0000000E+00,  2.6653915E+02,3440,  1.5397785E+00,  0.0000000E+00, -5.1507514E-02,  1.0001815E+03,  1.0798599E+04,3,
 -9.2338867E+01,  0.0000000E+00,  2.6641693E+02,3439,  1.6623833E+00,  0.0000000E+00, -8.9053817E-02,  1.0001328E+03,  7.8962734E+03,3,
 -9.1134705E+01,  0.0000000E+00,  2.6644922E+02,3429,  1.5282056E+00,  0.0000000E+00, -1.0654236E-01,  1.0002162E+03,  1.2865979E+04,3,
 -9.0318115E+01,  0.0000000E+00,  2.6617493E+02,3419,  1.5299914E+00,  0.0000000E+00, -1.1208920E-01,  1.0002704E+03,  1.6089627E+04,3,
 -8.9207649E+01,  0.0000000E+00,  2.6616452E+02,3346,  1.5134281E+00,  0.0000000E+00, -1.2810072E-01,  1.0002561E+03,  1.5239093E+04,3,
 -8.8246048E+01,  0.0000000E+00,  2.6585211E+02,3392,  1.7150196E+00,  0.0000000E+00, -1.6148150E-01,  1.0001551E+03,  9.2256436E+03,3,
 -8.7011414E+01,  0.0000000E+00,  2.6672754E+02,3441,  1.5387468E+00,  0.0000000E+00, -8.6834885E-02,  1.0002108E+03,  1.2542582E+04,3,
 -8.5672112E+01,  0.0000000E+00,  2.6651669E+02,3431,  1.5817955E+00,  0.0000000E+00, -2.9966449E-02,  1.0001681E+03,  9.9993760E+03,3,
 -8.4246010E+01,  0.0000000E+00,  2.6632690E+02,3430,  1.6592008E+00,  0.0000000E+00,  4.1761264E-02,  1.0002272E+03,  1.3516439E+04,3,
 -8.2999252E+01,  0.0000000E+00,  2.6621924E+02,3420,  1.6125485E+00,  0.0000000E+00,  2.8213143E-02,  1.0002880E+03,  1.7136537E+04,3,
 -8.2037758E+01,  0.0000000E+00,  2.6591611E+02,3411,  1.5481385E+00,  0.0000000E+00, -2.3793533E-02,  1.0003196E+03,  1.9023438E+04,3,
 -8.0814095E+01,  0.0000000E+00,  2.6554776E+02,3356,  1.7178521E+00,  0.0000000E+00, -7.8480624E-02,  1.0000428E+03,  2.5442729E+03,3,
 -8.0113396E+01,  0.0000000E+00,  2.6658456E+02,3432,  1.6427284E+00,  0.0000000E+00, -4.4664580E-02,  1.0002837E+03,  1.6882070E+04,3,
 -7.8514145E+01,  0.0000000E+00,  2.6666324E+02,3422,  1.5793576E+00,  0.0000000E+00, -6.5135024E-02,  1.0002942E+03,  1.7507346E+04,3,
 -7.7066345E+01,  0.0000000E+00,  2.6661789E+02,3421,  1.7401667E+00,  0.0000000E+00, -9.7323902E-02,  1.0002379E+03,  1.4152405E+04,3,
 -7.6406830E+01,  0.0000000E+00,  2.6578955E+02,3365,  1.5231571E+00,  0.0000000E+00, -1.1675793E-01,  1.0001329E+03,  7.9035371E+03,3,
 -7.2680000E+01,  0.0000000E+00,  2.6543274E+02,3310,  1.7072738E+00,  0.0000000E+00,  3.5639790E-01,  9.9956049E+02, -2.6098176E+04,3,
 -7.6117409E+01,  0.0000000E+00,  2.6553564E+02,3384,  1.4270260E+00,  0.0000000E+00, -9.3782626E-02,  1.0002053E+03,  1.2215562E+04,3,
 -7.4329651E+01,  0.0000000E+00,  2.6661829E+02,3423,  1.9532381E+00,  0.0000000E+00,  7.7643273E-03,  1.0002802E+03,  1.6674865E+04,3,
 -7.2584106E+01,  0.0000000E+00,  2.6641025E+02,3413,  1.7469118E+00,  0.0000000E+00,  2.5388217E-01,  1.0003376E+03,  2.0096113E+04,3,
 -7.0908539E+01,  0.0000000E+00,  2.6620908E+02,3412,  1.4684737E+00,  0.0000000E+00,  1.0947118E-01,  1.0002860E+03,  1.7020209E+04,3,
 -6.9930374E+01,  0.0000000E+00,  2.6592365E+02,3345,  1.6082896E+00,  0.0000000E+00, -4.2363718E-02,  1.0002087E+03,  1.2419040E+04,3,
 -6.8499664E+01,  0.0000000E+00,  2.6587964E+02,3327,  1.8933603E+00,  0.0000000E+00, -4.6493486E-02,  1.0001730E+03,  1.0293628E+04,3,
 -6.7454536E+01,  0.0000000E+00,  2.6659180E+02,3393,  1.7794397E+00,  0.0000000E+00, -2.1581629E-02,  1.0002430E+03,  1.4461317E+04,3,
 -6.6448769E+01,  0.0000000E+00,  2.6599365E+02,3355,  1.7690178E+00,  0.0000000E+00,  2.6175217E-03,  1.0002457E+03,  1.4617595E+04,3,
 -6.5266808E+01,  0.0000000E+00,  2.6576871E+02,3375,  1.7155725E+00,  0.0000000E+00, -1.1561237E-02,  1.0002455E+03,  1.4606691E+04,3,
 -6.3795441E+01,  0.0000000E+00,  2.6698151E+02,3414,  1.7226267E+00,  0.0000000E+00,  8.2243048E-03,  1.0002047E+03,  1.2179228E+04,3,
 -6.3633781E+01,  0.0000000E+00,  2.6551022E+02,3366,  1.7286556E+00,  0.0000000E+00, -1.2047438E-01,  1.0004620E+03,  2.7506188E+04,3,
 -6.2260475E+01,  0.0000000E+00,  2.6559070E+02,3364,  1.6258430E+00,  0.0000000E+00,  4.2284064E-02,  1.0003685E+03,  2.1936293E+04,3,
 -6.1169624E+01,  0.0000000E+00,  2.6674988E+02,3404,  1.5540069E+00,  0.0000000E+00, -7.1014464E-02,  1.0002421E+03,  1.4403169E+04,3,
 -5.9269497E+01,  0.0000000E+00,  2.6648224E+02,3373,  2.0353315E+00,  0.0000000E+00, -6.5566137E-02,  1.0002665E+03,  1.5856995E+04,3,
 -5.9634460E+01,  0.0000000E+00,  2.6553073E+02,3254,  1.5863998E+00,  0.0000000E+00,  3.8340038E-03,  1.0002585E+03,  1.5384479E+04,3,
 -5.7545208E+01,  0.0000000E+00,  2.6642096E+02,3403,  1.7343620E+00,  0.0000000E+00, -2.2411823E-02,  1.0002819E+03,  1.6773014E+04,3,
 -5.6295811E+01,  0.0000000E+00,  2.6560318E+02,3328,  1.5374093E+00,  0.0000000E+00, -2.1217783E-01,  1.0003395E+03,  2.0205205E+04,3,
 -5.5220459E+01,  0.0000000E+00,  2.6658337E+02,3405,  1.6906737E+00,  0.0000000E+00, -1.3406725E-01,  1.0002549E+03,  1.5166401E+04,3,
 -5.4110413E+01,  0.0000000E+00,  2.6559845E+02,3182,  2.0199516E+00,  0.0000000E+00, -7.3705591E-02,  1.0007156E+03,  4.2641777E+04,3,
 -5.2620140E+01,  0.0000000E+00,  2.6620132E+02,3374,  1.9204316E+00,  0.0000000E+00,  1.1015537E-01,  1.0002728E+03,  1.6235024E+04,3,
 -5.1845329E+01,  0.0000000E+00,  2.6516727E+02,3330,  1.0947245E+00,  0.0000000E+00,  3.6170173E-01,  1.0005416E+03,  3.2256342E+04,3,
 -5.0475422E+01,  0.0000000E+00,  2.6672702E+02,3395,  2.1058240E+00,  0.0000000E+00,  1.2627161E-01,  1.0001873E+03,  1.1140105E+04,3,
 -4.9761486E+01,  0.0000000E+00,  2.6577243E+02,3245,  1.9910436E+00,  0.0000000E+00,  6.3962527E-02,  9.9983820E+02, -9.6158760E+03,3,
 -4.8545929E+01,  0.0000000E+00,  2.6566248E+02,3309,  1.6430833E+00,  0.0000000E+00,  1.2931281E-01,  1.0000108E+03,  6.4235822E+02,3,
 -4.7214592E+01,  0.0000000E+00,  2.6659268E+02,3394,  1.3668597E+00,  0.0000000E+00, -1.0103167E-01,  1.0000831E+03,  4.9439648E+03,3,
 -4.7220341E+01,  0.0000000E+00,  2.6527765E+02,3237,  1.7567672E+00,  0.0000000E+00, -4.6054393E-01,  1.0012762E+03,  7.6170406E+04,3,
 -4.5143597E+01,  0.0000000E+00,  2.6654498E+02,3396,  2.0281315E+00,  0.0000000E+00, -2.3692591E-01,  9.9999457E+02, -3.2297797E+02,3,
 -4.3531231E+01,  0.0000000E+00,  2.6658755E+02,3386,  2.1832776E+00,  0.0000000E+00,  4.4272475E-02,  1.0000357E+03,  2.1232070E+03,3,
 -4.2525490E+01,  0.0000000E+00,  2.6581207E+02,3236,  1.8868372E+00,  0.0000000E+00,  1.8090162E-01,  9.9985211E+02, -8.7892275E+03,3,
 -4.1597759E+01,  0.0000000E+00,  2.6523584E+02,3348,  1.6996266E+00,  0.0000000E+00,  1.9697530E-02,  1.0009326E+03,  5.5606887E+04,3,
 -4.1268101E+01,  0.0000000E+00,  2.6548804E+02,3338,  1.7824453E+00,  0.0000000E+00,  5.7959702E-02,  1.0000574E+03,  3.4155010E+03,3,
 -3.9772354E+01,  0.0000000E+00,  2.6571445E+02,3164,  1.8192515E+00,  0.0000000E+00, -5.1868372E-02,  1.0003613E+03,  2.1503492E+04,3,
 -3.8996002E+01,  0.0000000E+00,  2.6640921E+02,3385,  2.1257985E+00,  0.0000000E+00, -9.1961056E-02,  1.0003316E+03,  1.9736117E+04,3,
 -3.6834900E+01,  0.0000000E+00,  2.6653445E+02,3387,  1.8726543E+00,  0.0000000E+00, -9.6481018E-02,  1.0004045E+03,  2.4082389E+04,3,
 -3.5067696E+01,  0.0000000E+00,  2.6653973E+02,3377,  1.6289849E+00,  0.0000000E+00, -5.5645771E-02,  1.0002751E+03,  1.6369520E+04,3,
 -3.4199940E+01,  0.0000000E+00,  2.6569302E+02,3119,  1.9610858E+00,  0.0000000E+00,  1.9378529E-01,  9.9928479E+02, -4.2433781E+04,3,
 -3.3542282E+01,  0.0000000E+00,  2.6638486E+02,3376,  1.7836620E+00,  0.0000000E+00,  1.5373443E-01,  1.0002267E+03,  1.3491002E+04,3,
 -3.1977566E+01,  0.0000000E+00,  2.6620160E+02,3357,  1.7013576E+00,  0.0000000E+00, -5.5170055E-02,  1.0005808E+03,  3.4594031E+04,3,
 -3.0451241E+01,  0.0000000E+00,  2.6511874E+02,3010,  1.6419361E+00,  0.0000000E+00,  2.5330651E-01,  1.0008179E+03,  4.8748414E+04,3,
 -3.0098780E+01,  0.0000000E+00,  2.6597928E+02,3320,  2.4841833E+00,  0.0000000E+00,  1.9384435E-01,  9.9897198E+02, -6.0935480E+04,3,
 -3.0014467E+01,  0.0000000E+00,  2.6662469E+02,3282,  2.1974189E+00,  0.0000000E+00,  3.0628526E-01,  1.0005345E+03,  3.1830373E+04,3,
 -2.9376902E+01,  0.0000000E+00,  2.6759848E+02,3378,  1.6924452E+00,  0.0000000E+00,  2.2795594E-01,  1.0004390E+03,  2.6134344E+04,3,
 -2.7909140E+01,  0.0000000E+00,  2.6598788E+02,3291,  1.5541390E+00,  0.0000000E+00,  2.5097942E-01,  1.0001392E+03,  8.2812637E+03,3,
 -2.6738750E+01,  0.0000000E+00,  2.6737418E+02,3368,  2.1849873E+00,  0.0000000E+00,  1.3914482E-01,  1.0006003E+03,  3.5759441E+04,3,
 -2.6211128E+01,  0.0000000E+00,  2.6603177E+02,3283,  1.7643607E+00,  0.0000000E+00,  9.6504286E-02,  9.9953723E+02, -2.7477096E+04,3,
 -2.6000864E+01,  0.0000000E+00,  2.6605270E+02,3255,  2.0198720E+00,  0.0000000E+00,  4.4963141E-03,  1.0004559E+03,  2.7142285E+04,3,
 -2.4801033E+01,  0.0000000E+00,  2.6589368E+02,3001,  1.9014887E+00,  0.0000000E+00, -6.4215466E-02,  9.9999866E+02, -7.9838226E+01,3,
 -2.3528311E+01,  0.0000000E+00,  2.6705994E+02,3367,  1.6731029E+00,  0.0000000E+00,  1.6844665E-01,  1.0005571E+03,  3.3177516E+04,3,
 -2.2050512E+01,  0.0000000E+00,  2.6629245E+02,3101,  1.8433568E+00,  0.0000000E+00,  2.3284774E-01,  1.0005723E+03,  3.4084207E+04,3,
 -2.2179140E+01,  0.0000000E+00,  2.6634698E+02,3110,  1.7396357E+00,  0.0000000E+00,  1.6707083E-02,  9.9998956E+02, -6.2054382E+02,3,
 -2.1343641E+01,  0.0000000E+00,  2.6650558E+02,2992,  1.8499519E+00,  0.0000000E+00,  7.3015325E-02,  9.9990094E+02, -5.8881572E+03,3,
 -2.0607515E+01,  0.0000000E+00,  2.6602850E+02,3358,  1.8627774E+00,  0.0000000E+00,  4.0385169E-01,  9.9990881E+02, -5.4202803E+03,3,
 -1.8844332E+01,  0.0000000E+00,  2.6592947E+02,3369,  1.7165248E+00,  0.0000000E+00, -2.3014836E-01,  1.0009949E+03,  5.9333598E+04,3,
 -1.7570511E+01,  0.0000000E+00,  2.6624197E+02,3339,  1.6852120E+00,  0.0000000E+00, -5.9716386E-01,  1.0000425E+03,  2.5261233E+03,3,
 -1.6184711E+01,  0.0000000E+00,  2.6642899E+02,3201,  1.8629006E+00,  0.0000000E+00, -2.1027137E-01,  9.9996808E+02, -1.8977982E+03,3,
 -1.6121695E+01,  0.0000000E+00,  2.6645261E+02,3273,  1.8956249E+00,  0.0000000E+00, -1.6816457E-01,  1.0000058E+03,  3.4476337E+02,3,
 -1.5161631E+01,  0.0000000E+00,  2.6606186E+02,3329,  1.9220660E+00,  0.0000000E+00,  2.2822142E-01,  9.9972516E+02, -1.6328031E+04,3,
 -1.5119099E+01,  0.0000000E+00,  2.6615344E+02,3146,  1.9292409E+00,  0.0000000E+00,  3.2543010E-01,  1.0004882E+03,  2.9067482E+04,3,
 -1.2954430E+01,  0.0000000E+00,  2.6688766E+02,3359,  1.5472767E+00,  0.0000000E+00,  3.8501836E-02,  1.0011168E+03,  6.6626797E+04,3,
 -1.2138734E+01,  0.0000000E+00,  2.6602814E+02,3349,  2.1159322E+00,  0.0000000E+00,  7.3937416E-02,  9.9952594E+02, -2.8146582E+04,3,
 -1.0710966E+01,  0.0000000E+00,  2.6636160E+02,3264,  1.7727835E+00,  0.0000000E+00,  5.2277874E-03,  9.9977344E+02, -1.3461788E+04,3,
 -1.0237208E+01,  0.0000000E+00,  2.6635681E+02,3266,  1.8888988E+00,  0.0000000E+00,  3.3115599E-01,  1.0000473E+03,  2.8128936E+03,3,
 -1.0218747E+01,  0.0000000E+00,  2.6637747E+02,3321,  1.9559731E+00,  0.0000000E+00,  1.8270183E-01,  1.0003674E+03,  2.1870826E+04,3,
 -8.6491117E+00,  0.0000000E+00,  2.6767636E+02,3360,  1.8295810E+00,  0.0000000E+00,  9.8698154E-02,  1.0006711E+03,  3.9981551E+04,3,
 -7.2933092E+00,  0.0000000E+00,  2.6646918E+02,3128,  1.7742937E+00,  0.0000000E+00, -3.3946369E-02,  9.9946252E+02, -3.1905711E+04,3,
 -7.2940249E+00,  0.0000000E+00,  2.6649472E+02,3083,  1.8782393E+00,  0.0000000E+00,  1.2754932E-01,  9.9931793E+02, -4.0471465E+04,3,
 -6.6551528E+00,  0.0000000E+00,  2.6645517E+02,2983,  1.8240370E+00,  0.0000000E+00, -3.5283227E-02,  1.0003629E+03,  2.1601689E+04,3,
 -5.4795561E+00,  0.0000000E+00,  2.6662122E+02,3350,  1.9529881E+00,  0.0000000E+00, -2.8065267E-01,  1.0007322E+03,  4.3629523E+04,3,
 -3.6188052E+00,  0.0000000E+00,  2.6660599E+02,3340,  1.8190742E+00,  0.0000000E+00,  2.0213506E-01,  9.9993817E+02, -3.6755205E+03,3,
 -2.4645731E+00,  0.0000000E+00,  2.6673734E+02,3219,  1.8119426E+00,  0.0000000E+00,  2.2120050E-01,  9.9965155E+02, -2.0696459E+04,3,
 -1.9575837E+00,  0.0000000E+00,  2.6637265E+02,3265,  1.9624304E+00,  0.0000000E+00,  2.4115160E-01,  1.0005365E+03,  3.1950516E+04,3,
 -1.7357248E+00,  0.0000000E+00,  2.6803653E+02,3351,  1.6898090E+00,  0.0000000E+00,  2.1052141E-01,  1.0004613E+03,  2.7466158E+04,3,
 -1.1213750E+00,  0.0000000E+00,  2.6670819E+02,3257,  1.8685319E+00,  0.0000000E+00,  2.7840418E-01,  9.9995886E+02, -2.4456609E+03,3,
 -1.7022163E-01,  0.0000000E+00,  2.6667609E+02,2974,  1.7625364E+00,  0.0000000E+00,  2.1962878E-01,  9.9960492E+02, -2.3462854E+04,3,
  1.4934210E+00,  0.0000000E+00,  2.6763626E+02,3341,  1.9008465E+00,  0.0000000E+00,  2.3249528E-01,  1.0011096E+03,  6.6195703E+04,3,
  2.9526086E+00,  0.0000000E+00,  2.6671451E+02,3074,  1.6606362E+00,  0.0000000E+00,  4.2571172E-01,  9.9976245E+02, -1.4114104E+04,3,
  3.0063806E+00,  0.0000000E+00,  2.6678049E+02,3238,  1.8564000E+00,  0.0000000E+00,  6.1154312E-01,  9.9883844E+02, -6.8823773E+04,3,
  2.9142675E+00,  0.0000000E+00,  2.6675876E+02,3156,  1.9965868E+00,  0.0000000E+00,  2.7836714E-02,  1.0000289E+03,  1.7166775E+03,3,
  5.3149610E+00,  0.0000000E+00,  2.6718637E+02,3256,  1.7923430E+00,  0.0000000E+00, -1.4078346E-02,  1.0009822E+03,  5.8570625E+04,3,
  5.4253650E+00,  0.0000000E+00,  2.6717612E+02,3292,  1.9591610E+00,  0.0000000E+00, -6.1520841E-02,  1.0003384E+03,  2.0143387E+04,3,
  6.1200695E+00,  0.0000000E+00,  2.6701898E+02,3293,  1.8831434E+00,  0.0000000E+00,  2.9955217E-01,  9.9961206E+02, -2.3039256E+04,3,
  7.3463621E+00,  0.0000000E+00,  2.6703580E+02,3331,  1.9310724E+00,  0.0000000E+00,  4.6983394E-01,  9.9909882E+02, -5.3437906E+04,3,
  8.0032673E+00,  0.0000000E+00,  2.6697952E+02,3342,  1.9458048E+00,  0.0000000E+00,  2.2923440E-01,  1.0006323E+03,  3.7668094E+04,3,
  1.0057330E+01,  0.0000000E+00,  2.6726459E+02,2965,  1.7595387E+00,  0.0000000E+00, -2.4127188E-01,  9.9964508E+02, -2.1080324E+04,3,
  1.0547761E+01,  0.0000000E+00,  2.6717957E+02,3147,  1.8532891E+00,  0.0000000E+00, -3.7877753E-02,  9.9979614E+02, -1.2113533E+04,3,
  1.1183526E+01,  0.0000000E+00,  2.6742191E+02,3301,  2.0938301E+00,  0.0000000E+00,  5.4276630E-02,  1.0009662E+03,  5.7614246E+04,3,
  1.2257453E+01,  0.0000000E+00,  2.6723312E+02,2956,  1.7793753E+00,  0.0000000E+00,  5.0168639E-01,  9.9976898E+02, -1.3726343E+04,3,
  1.2650161E+01,  0.0000000E+00,  2.6686050E+02,3322,  2.0644112E+00,  0.0000000E+00,  6.9806862E-01,  9.9989465E+02, -6.2617178E+03,3,
  1.2774028E+01,  0.0000000E+00,  2.6704248E+02,3332,  1.8815799E+00,  0.0000000E+00, -1.5217702E-01,  9.9979749E+02, -1.2033792E+04,3,
  1.7144526E+01,  0.0000000E+00,  2.6705347E+02,3333,  2.1069911E+00,  0.0000000E+00,  4.7290224E-01,  9.9998212E+02, -1.0632472E+03,3,
  1.7468555E+01,  0.0000000E+00,  2.6706085E+02,3311,  2.0630043E+00,  0.0000000E+00, -2.0347497E-01,  9.9996344E+02, -2.1735476E+03,3,
  1.7677784E+01,  0.0000000E+00,  2.6703299E+02,2947,  2.0653713E+00,  0.0000000E+00, -4.6139173E-02,  9.9990350E+02, -5.7358276E+03,3,
  1.8304726E+01,  0.0000000E+00,  2.6702179E+02,3294,  2.0531409E+00,  0.0000000E+00, -2.4149394E-01,  9.9910364E+02, -5.3152758E+04,3,
  1.9863850E+01,  0.0000000E+00,  2.6759967E+02,3228,  2.0665600E+00,  0.0000000E+00, -2.9119650E-02,  1.0010374E+03,  6.1871188E+04,3,
  2.0623882E+01,  0.0000000E+00,  2.6700351E+02,3285,  2.0739002E+00,  0.0000000E+00,  8.2195094E-03,  1.0000029E+03,  1.7419473E+02,3,
  2.0853945E+01,  0.0000000E+00,  2.6702853E+02,3220,  2.0252559E+00,  0.0000000E+00, -1.3967057E-01,  9.9956567E+02, -2.5790518E+04,3,
  2.2179583E+01,  0.0000000E+00,  2.6703543E+02,3312,  2.0986612E+00,  0.0000000E+00,  1.5715178E-02,  9.9964972E+02, -2.0805102E+04,3,
  2.3184557E+01,  0.0000000E+00,  2.6706659E+02,3323,  2.0853996E+00,  0.0000000E+00,  2.2851393E-01,  1.0002944E+03,  1.7521887E+04,3,
  2.4099072E+01,  0.0000000E+00,  2.6701859E+02,3324,  1.9919113E+00,  0.0000000E+00, -1.2510175E-01,  9.9968195E+02, -1.8892814E+04,3,
  2.5609217E+01,  0.0000000E+00,  2.6712698E+02,3313,  2.0791645E+00,  0.0000000E+00,  3.0084702E-01,  9.9988068E+02, -7.0922046E+03,3,
  2.6441319E+01,  0.0000000E+00,  2.6712338E+02,3302,  2.0670772E+00,  0.0000000E+00,  3.2638344E-01,  1.0001255E+03,  7.4640845E+03,3,
  2.7070848E+01,  0.0000000E+00,  2.6709702E+02,2938,  2.0428336E+00,  0.0000000E+00,  3.2081571E-01,  1.0001927E+03,  1.1463456E+04,3,
  2.8333946E+01,  0.0000000E+00,  2.6703781E+02,3192,  1.9033543E+00,  0.0000000E+00, -9.4063636E-03,  1.0001780E+03,  1.0587889E+04,3,
  2.8580326E+01,  0.0000000E+00,  2.6705969E+02,3202,  2.1270626E+00,  0.0000000E+00,  2.9362220E-01,  9.9882904E+02, -6.9378742E+04,3,
  2.9978144E+01,  0.0000000E+00,  2.6730942E+02,3248,  2.0401556E+00,  0.0000000E+00,  1.3015695E-01,  1.0011432E+03,  6.8208852E+04,3,
  3.1307251E+01,  0.0000000E+00,  2.6705301E+02,3193,  2.0311093E+00,  0.0000000E+00, -2.5343755E-01,  9.9948016E+02, -3.0860244E+04,3,
  3.1384167E+01,  0.0000000E+00,  2.6701837E+02,3038,  1.9962043E+00,  0.0000000E+00, -1.1381374E-01,  9.9964685E+02, -2.0975305E+04,3,
  3.2096371E+01,  0.0000000E+00,  2.6710733E+02,3284,  2.0115752E+00,  0.0000000E+00, -2.5584195E-02,  9.9996936E+02, -1.8216030E+03,3,
  3.2327026E+01,  0.0000000E+00,  2.6699515E+02,3314,  2.0097458E+00,  0.0000000E+00,  7.9900809E-02,  9.9996252E+02, -2.2279707E+03,3,
  3.7186108E+01,  0.0000000E+00,  2.6703909E+02,3315,  2.3144572E+00,  0.0000000E+00,  1.4490389E-02,  1.0000156E+03,  9.2544458E+02,3,
  3.7846775E+01,  0.0000000E+00,  2.6700861E+02,2929,  2.2659881E+00,  0.0000000E+00, -4.2978725E-01,  1.0000165E+03,  9.7988519E+02,3,
  3.8444622E+01,  0.0000000E+00,  2.6702802E+02,3210,  2.2800293E+00,  0.0000000E+00, -6.1973143E-02,  9.9940137E+02, -3.5529617E+04,3,
  3.8448788E+01,  0.0000000E+00,  2.6702090E+02,3137,  2.2839994E+00,  0.0000000E+00, -9.6990354E-02,  9.9984998E+02, -8.9161299E+03,3,
  3.8469776E+01,  0.0000000E+00,  2.6701547E+02,3174,  2.2748868E+00,  0.0000000E+00, -2.0449668E-01,  1.0001954E+03,  1.1623319E+04,3,
  4.1416466E+01,  0.0000000E+00,  2.6707751E+02,3304,  2.3556976E+00,  0.0000000E+00,  4.6651804E-01,  1.0003345E+03,  1.9910658E+04,3,
  4.2819118E+01,  0.0000000E+00,  2.6708362E+02,3029,  2.2930322E+00,  0.0000000E+00,  3.7505656E-01,  9.9962048E+02, -2.2539602E+04,3,
  4.2836067E+01,  0.0000000E+00,  2.6709860E+02,3047,  2.2457650E+00,  0.0000000E+00,  1.8840756E-01,  9.9969299E+02, -1.8237191E+04,3,
  4.2893379E+01,  0.0000000E+00,  2.6704453E+02,3229,  2.2382784E+00,  0.0000000E+00,  2.0811871E-01,  9.9958038E+02, -2.4918160E+04,3,
  4.5262630E+01,  0.0000000E+00,  2.6729001E+02,3184,  2.3512139E+00,  0.0000000E+00, -1.3490042E-01,  1.0005974E+03,  3.5584621E+04,3,
  4.5457809E+01,  0.0000000E+00,  2.6704337E+02,3129,  2.2673430E+00,  0.0000000E+00, -1.0303208E-01,  1.0001697E+03,  1.0093826E+04,3,
  4.5800278E+01,  0.0000000E+00,  2.6702997E+02,2920,  2.2572875E+00,  0.0000000E+00, -1.3773252E-01,  9.9995795E+02, -2.5000828E+03,3,
  4.6222042E+01,  0.0000000E+00,  2.6699445E+02,3303,  2.2306020E+00,  0.0000000E+00, -3.4225622E-01,  9.9985364E+02, -8.6985811E+03,3,
  4.9718246E+01,  0.0000000E+00,  2.6704370E+02,3306,  2.4234860E+00,  0.0000000E+00, -1.5909703E-02,  9.9979803E+02, -1.2001170E+04,3,
  5.0180927E+01,  0.0000000E+00,  2.6705484E+02,3275,  2.3873608E+00,  0.0000000E+00,  8.6334549E-02,  9.9962927E+02, -2.2018197E+04,3,
  5.1748013E+01,  0.0000000E+00,  2.6716937E+02,3247,  2.3351932E+00,  0.0000000E+00,  1.7628443E-01,  1.0003441E+03,  2.0481576E+04,3,
  5.1812313E+01,  0.0000000E+00,  2.6709869E+02,3138,  2.3769462E+00,  0.0000000E+00, -1.0523488E-01,  1.0002454E+03,  1.4599423E+04,3,
  5.1809925E+01,  0.0000000E+00,  2.6716617E+02,3065,  2.3934398E+00,  0.0000000E+00, -1.7677547E-01,  1.0001702E+03,  1.0122888E+04,3,
  5.2094959E+01,  0.0000000E+00,  2.6709604E+02,3276,  2.3898041E+00,  0.0000000E+00, -9.8581851E-02,  1.0000151E+03,  9.0003906E+02,3,
  6.4492966E+01,  0.0000000E+00,  2.6587189E+02,3297,  4.9932547E+00,  0.0000000E+00,  1.9072731E+00,  9.9866528E+02, -7.9042453E+04,3,
  6.5011612E+01,  0.0000000E+00,  2.6513858E+02,3305,  4.5486474E+00,  0.0000000E+00,  9.9219817E-01,  9.9755957E+02, -1.4404491E+05,3,
  6.6281319E+01,  0.0000000E+00,  2.6707126E+02,3120,  5.1552067E+00,  0.0000000E+00, -8.9250423E-02,  1.0006951E+03,  4.1417254E+04,3,
  6.6722122E+01,  0.0000000E+00,  2.6672177E+02,3165,  5.3866906E+00,  0.0000000E+00, -6.2747139E-01,  1.0057726E+03,  3.4923109E+05,3,
  6.6122803E+01,  0.0000000E+00,  2.6706750E+02,3166,  4.7874856E+00,  0.0000000E+00, -9.9362042E-03,  1.0006967E+03,  4.1508359E+04,3,
  6.7021584E+01,  0.0000000E+00,  2.6628253E+02,2911,  5.6427031E+00,  0.0000000E+00, -1.4518881E+00,  9.9995190E+02, -2.8592590E+03,3,
