TimeStep [s],Np,Nbound,Nfixed,Nmoving,Nfloat,Nfluid
168.001,1800,0,0,0,0,1800

Pos.x [m],Pos.y [m],Pos.z [m],Idp,Vel.x [m/s],Vel.y [m/s],Vel.z [m/s],Rhop [kg/m^3],Press [Pa],Type,
  3.0150391E+02,  0.0000000E+00,  2.5139587E+02,2995,  1.0575024E+00,  0.0000000E+00, -6.7629951E-01,  1.0010723E+03,  6.3960164E+04,3,
  3.0275644E+02,  0.0000000E+00,  2.5092087E+02,2958,  1.0032485E+00,  0.0000000E+00, -6.5984264E-02,  1.0009371E+03,  5.5873297E+04,3,
  3.0210703E+02,  0.0000000E+00,  2.5048128E+02,3008,  1.8474923E-02,  0.0000000E+00,  1.2296762E-01,  1.0016674E+03,  9.9634977E+04,3,
  3.0414209E+02,  0.0000000E+00,  2.5073001E+02,2695,  8.4708959E-01,  0.0000000E+00,  9.7025134E-02,  1.0014631E+03,  8.7374109E+04,3,
  3.0607571E+02,  0.0000000E+00,  2.5081796E+02,3061,  6.0111874E-01,  0.0000000E+00, -1.2055241E-01,  1.0016616E+03,  9.9286766E+04,3,
  3.0721631E+02,  0.0000000E+00,  2.5040625E+02,2999,  7.7845907E-01,  0.0000000E+00, -9.7962663E-02,  1.0024558E+03,  1.4709764E+05,3,
  3.0476874E+02,  0.0000000E+00,  2.5140370E+02,2831,  8.5112482E-01,  0.0000000E+00,  1.3453186E-01,  1.0007105E+03,  4.2335633E+04,3,
  3.0865646E+02,  0.0000000E+00,  2.5099805E+02,2804,  6.4179462E-01,  0.0000000E+00, -3.0283367E-02,  1.0009946E+03,  5.9311695E+04,3,
  3.0948904E+02,  0.0000000E+00,  2.5087984E+02,2996,  6.3389891E-01,  0.0000000E+00,  3.7350900E-02,  1.0010154E+03,  6.0556672E+04,3,
  3.1054172E+02,  0.0000000E+00,  2.5070866E+02,2941,  7.2777760E-01,  0.0000000E+00,  3.4249730E-02,  1.0011951E+03,  7.1311570E+04,3,
  3.1122968E+02,  0.0000000E+00,  2.5107152E+02,2931,  7.0136416E-01,  0.0000000E+00,  1.7897265E-02,  1.0007167E+03,  4.2703738E+04,3,
  3.1189996E+02,  0.0000000E+00,  2.5110097E+02,2950,  6.7334390E-01,  0.0000000E+00, -3.2804377E-02,  1.0007853E+03,  4.6801176E+04,3,
  3.1354242E+02,  0.0000000E+00,  2.5041815E+02,3009,  7.4339235E-01,  0.0000000E+00, -2.2650970E-02,  1.0025457E+03,  1.5252022E+05,3,
  3.1474814E+02,  0.0000000E+00,  2.5074387E+02,2910,  7.1482718E-01,  0.0000000E+00, -5.4207213E-02,  1.0019734E+03,  1.1803423E+05,3,
  3.1605307E+02,  0.0000000E+00,  2.5084157E+02,2937,  7.3406965E-01,  0.0000000E+00, -2.9006539E-02,  1.0015439E+03,  9.2226109E+04,3,
  3.1720331E+02,  0.0000000E+00,  2.5078905E+02,2963,  7.0541471E-01,  0.0000000E+00,  7.6025124E-03,  1.0015118E+03,  9.0296016E+04,3,
  3.1828647E+02,  0.0000000E+00,  2.5072415E+02,2981,  7.3615021E-01,  0.0000000E+00,  1.5976956E-02,  1.0015157E+03,  9.0534055E+04,3,
  3.1939554E+02,  0.0000000E+00,  2.5083469E+02,2960,  7.1164775E-01,  0.0000000E+00,  2.1157740E-02,  1.0012357E+03,  7.3742523E+04,3,
  3.2036652E+02,  0.0000000E+00,  2.5099117E+02,2849,  7.2692025E-01,  0.0000000E+00,  9.2634773E-03,  1.0009244E+03,  5.5114234E+04,3,
  3.2132770E+02,  0.0000000E+00,  2.5076311E+02,2952,  6.9867879E-01,  0.0000000E+00, -7.0682950E-03,  1.0012353E+03,  7.3720586E+04,3,
  3.2230267E+02,  0.0000000E+00,  2.5087874E+02,2814,  7.0888895E-01,  0.0000000E+00, -8.4228069E-03,  1.0010820E+03,  6.4540918E+04,3,
  3.2319312E+02,  0.0000000E+00,  2.5103362E+02,2596,  6.8241322E-01,  0.0000000E+00, -1.1739211E-02,  1.0010096E+03,  6.0213469E+04,3,
  3.2462430E+02,  0.0000000E+00,  2.5039998E+02,2919,  6.8148333E-01,  0.0000000E+00,  3.8967044E-03,  1.0024641E+03,  1.4759852E+05,3,
  3.2583038E+02,  0.0000000E+00,  2.5095694E+02,2953,  6.9898772E-01,  0.0000000E+00,  4.4681919E-03,  1.0014076E+03,  8.4046820E+04,3,
  3.2702487E+02,  0.0000000E+00,  2.5071927E+02,2942,  6.7678708E-01,  0.0000000E+00,  9.0958299E-03,  1.0015596E+03,  9.3167492E+04,3,
  3.2814124E+02,  0.0000000E+00,  2.5074355E+02,2915,  7.0945084E-01,  0.0000000E+00, -1.8224950E-05,  1.0013360E+03,  7.9754812E+04,3,
  3.2930118E+02,  0.0000000E+00,  2.5100288E+02,3016,  6.8462479E-01,  0.0000000E+00,  8.4935687E-03,  1.0007687E+03,  4.5809469E+04,3,
  3.2998904E+02,  0.0000000E+00,  2.5084459E+02,2979,  6.9965225E-01,  0.0000000E+00,  8.2994029E-03,  1.0009570E+03,  5.7063094E+04,3,
  3.3082562E+02,  0.0000000E+00,  2.5100433E+02,2850,  7.1357489E-01,  0.0000000E+00,  6.8864594E-03,  1.0007776E+03,  4.6345414E+04,3,
  3.3207959E+02,  0.0000000E+00,  2.5058090E+02,2832,  6.8142098E-01,  0.0000000E+00,  4.8877876E-03,  1.0015467E+03,  9.2390938E+04,3,
  3.3291702E+02,  0.0000000E+00,  2.5094989E+02,2723,  7.1472830E-01,  0.0000000E+00,  1.3493024E-02,  1.0010331E+03,  6.1615574E+04,3,
  3.3385031E+02,  0.0000000E+00,  2.5105272E+02,2569,  6.8721586E-01,  0.0000000E+00,  4.3916845E-04,  1.0009876E+03,  5.8895520E+04,3,
  3.3532019E+02,  0.0000000E+00,  2.5043669E+02,2856,  7.0946217E-01,  0.0000000E+00,  1.5462569E-02,  1.0024302E+03,  1.4555464E+05,3,
  3.3655969E+02,  0.0000000E+00,  2.5089844E+02,2784,  6.9074678E-01,  0.0000000E+00,  1.6865117E-02,  1.0016967E+03,  1.0139823E+05,3,
  3.3782816E+02,  0.0000000E+00,  2.5062402E+02,2883,  7.0056516E-01,  0.0000000E+00,  1.4634007E-02,  1.0019280E+03,  1.1529880E+05,3,
  3.3914145E+02,  0.0000000E+00,  2.5099849E+02,2918,  6.8777800E-01,  0.0000000E+00,  1.6163211E-02,  1.0012264E+03,  7.3190477E+04,3,
  3.4008612E+02,  0.0000000E+00,  2.5066745E+02,2909,  7.0760363E-01,  0.0000000E+00,  4.6857754E-03,  1.0015488E+03,  9.2515477E+04,3,
  3.4129221E+02,  0.0000000E+00,  2.5083672E+02,2542,  6.7881960E-01,  0.0000000E+00,  8.9874202E-03,  1.0011934E+03,  7.1209227E+04,3,
  3.4229446E+02,  0.0000000E+00,  2.5095404E+02,2924,  6.9728398E-01,  0.0000000E+00,  6.4944965E-03,  1.0009569E+03,  5.7059445E+04,3,
  3.4319208E+02,  0.0000000E+00,  2.5075516E+02,2879,  6.8226707E-01,  0.0000000E+00,  9.9294009E-03,  1.0012220E+03,  7.2927266E+04,3,
  3.4428201E+02,  0.0000000E+00,  2.5079861E+02,2908,  6.7478436E-01,  0.0000000E+00,  1.6455527E-02,  1.0011288E+03,  6.7346547E+04,3,
  3.4514203E+02,  0.0000000E+00,  2.5099216E+02,2787,  6.6629750E-01,  0.0000000E+00,  2.3454018E-02,  1.0008931E+03,  5.3242371E+04,3,
  3.4603336E+02,  0.0000000E+00,  2.5113307E+02,2881,  6.7916024E-01,  0.0000000E+00,  3.5654288E-02,  1.0008749E+03,  5.2158820E+04,3,
  3.4745648E+02,  0.0000000E+00,  2.5026781E+02,2811,  6.6508758E-01,  0.0000000E+00,  1.4030387E-02,  1.0027765E+03,  1.6646578E+05,3,
  3.4868295E+02,  0.0000000E+00,  2.5116899E+02,2846,  5.9580040E-01,  0.0000000E+00,  5.0017361E-02,  1.0010118E+03,  6.0344906E+04,3,
  3.4966562E+02,  0.0000000E+00,  2.5085132E+02,2872,  6.3970107E-01,  0.0000000E+00,  2.1229498E-02,  1.0011662E+03,  6.9582844E+04,3,
  3.5077505E+02,  0.0000000E+00,  2.5126144E+02,2851,  6.3904440E-01,  0.0000000E+00,  2.3134198E-02,  1.0006635E+03,  3.9529746E+04,3,
  3.5145749E+02,  0.0000000E+00,  2.5056149E+02,2497,  5.8442736E-01,  0.0000000E+00,  8.6402269E-03,  1.0015604E+03,  9.3215109E+04,3,
  3.5265009E+02,  0.0000000E+00,  2.5087747E+02,2845,  5.6006324E-01,  0.0000000E+00,  1.9455401E-02,  1.0011151E+03,  6.6524500E+04,3,
  3.5353958E+02,  0.0000000E+00,  2.5098761E+02,2606,  5.6460053E-01,  0.0000000E+00,  3.7730552E-02,  1.0010244E+03,  6.1093414E+04,3,
  3.5473187E+02,  0.0000000E+00,  2.5086050E+02,2828,  6.1739874E-01,  0.0000000E+00,  3.6891971E-02,  1.0014376E+03,  8.5843930E+04,3,
  3.5591428E+02,  0.0000000E+00,  2.5044081E+02,2721,  5.3370458E-01,  0.0000000E+00, -9.0748565E-03,  1.0022360E+03,  1.3384081E+05,3,
  3.5714395E+02,  0.0000000E+00,  2.5101279E+02,2819,  4.4584095E-01,  0.0000000E+00,  2.6339589E-02,  1.0012125E+03,  7.2353328E+04,3,
  3.5841595E+02,  0.0000000E+00,  2.5066054E+02,2772,  7.5357050E-01,  0.0000000E+00, -5.9666101E-02,  1.0012175E+03,  7.2656742E+04,3,
  3.5955441E+02,  0.0000000E+00,  2.5097905E+02,2862,  3.9011189E-01,  0.0000000E+00,  1.2395082E-01,  1.0007202E+03,  4.2915129E+04,3,
  3.5998068E+02,  0.0000000E+00,  2.5076691E+02,2809,  1.8105780E-01,  0.0000000E+00,  8.7609597E-02,  1.0010544E+03,  6.2890055E+04,3,
  3.6036206E+02,  0.0000000E+00,  2.5119569E+02,2725,  4.3743068E-01,  0.0000000E+00,  3.4881398E-01,  1.0009492E+03,  5.6595918E+04,3,
  3.8963718E+02,  0.0000000E+00,  2.5034831E+02,2712, -6.1917398E-03,  0.0000000E+00,  8.2828663E-03,  1.0023599E+03,  1.4130989E+05,3,
  3.9184756E+02,  0.0000000E+00,  2.5065450E+02,2708,  3.9659950E-01,  0.0000000E+00, -4.0238079E-02,  1.0013370E+03,  7.9817000E+04,3,
  3.9581284E+02,  0.0000000E+00,  2.5069305E+02,2728,  5.4220551E-01,  0.0000000E+00, -9.9808928E-03,  1.0012621E+03,  7.5329359E+04,3,
  3.9669864E+02,  0.0000000E+00,  2.5094670E+02,2662,  5.3467548E-01,  0.0000000E+00, -1.5578080E-02,  1.0009447E+03,  5.6329488E+04,3,
  3.9467993E+02,  0.0000000E+00,  2.5097484E+02,2800,  4.9808967E-01,  0.0000000E+00, -1.3526141E-02,  1.0007723E+03,  4.6028219E+04,3,
  3.9391742E+02,  0.0000000E+00,  2.5090082E+02,2773,  5.4027420E-01,  0.0000000E+00,  5.5314186E-03,  1.0008692E+03,  5.1815902E+04,3,
  3.9321805E+02,  0.0000000E+00,  2.5101845E+02,2864,  5.1552373E-01,  0.0000000E+00,  1.1592706E-02,  1.0007612E+03,  4.5361047E+04,3,
  3.9113483E+02,  0.0000000E+00,  2.5105234E+02,2818,  4.7900257E-01,  0.0000000E+00, -1.4758761E-01,  1.0007468E+03,  4.4504359E+04,3,
  3.9783875E+02,  0.0000000E+00,  2.5084230E+02,2552,  4.7280714E-01,  0.0000000E+00, -1.2806454E-04,  1.0012073E+03,  7.2046273E+04,3,
  3.9899335E+02,  0.0000000E+00,  2.5052092E+02,2748,  5.3789151E-01,  0.0000000E+00,  2.8793832E-02,  1.0018779E+03,  1.1228520E+05,3,
  4.0027090E+02,  0.0000000E+00,  2.5083299E+02,2756,  5.6157976E-01,  0.0000000E+00,  1.3063366E-02,  1.0011556E+03,  6.8946984E+04,3,
  4.0141980E+02,  0.0000000E+00,  2.5108067E+02,2724,  5.3097963E-01,  0.0000000E+00,  2.4588676E-03,  1.0006313E+03,  3.7609809E+04,3,
  4.0195355E+02,  0.0000000E+00,  2.5094760E+02,2642,  5.3399855E-01,  0.0000000E+00, -7.9209069E-03,  1.0008165E+03,  4.8668184E+04,3,
  4.0308353E+02,  0.0000000E+00,  2.5061287E+02,2718,  5.6237286E-01,  0.0000000E+00, -2.5173906E-02,  1.0014072E+03,  8.4024859E+04,3,
  4.0404193E+02,  0.0000000E+00,  2.5098755E+02,2782,  5.4830545E-01,  0.0000000E+00, -2.7247414E-02,  1.0007865E+03,  4.6874098E+04,3,
  4.0503485E+02,  0.0000000E+00,  2.5095322E+02,2716,  5.2808362E-01,  0.0000000E+00, -2.7507311E-02,  1.0009234E+03,  5.5055848E+04,3,
  4.0599219E+02,  0.0000000E+00,  2.5061949E+02,2737,  4.9251512E-01,  0.0000000E+00, -7.5989971E-03,  1.0015223E+03,  9.0925914E+04,3,
  4.0713318E+02,  0.0000000E+00,  2.5102777E+02,2791,  3.7840614E-01,  0.0000000E+00,  7.1272396E-02,  1.0008603E+03,  5.1283309E+04,3,
  4.0826492E+02,  0.0000000E+00,  2.5055269E+02,2634,  9.0038824E-01,  0.0000000E+00, -2.0000851E-02,  1.0013765E+03,  8.2180500E+04,3,
  4.0947726E+02,  0.0000000E+00,  2.5090121E+02,2479,  5.5131668E-01,  0.0000000E+00,  1.4832756E-01,  1.0006670E+03,  3.9737426E+04,3,
  4.0976596E+02,  0.0000000E+00,  2.5097252E+02,2788,  1.1271431E-01,  0.0000000E+00,  6.2093981E-02,  1.0006650E+03,  3.9617191E+04,3,
  4.1034778E+02,  0.0000000E+00,  2.5104358E+02,2734,  5.0374847E-03,  0.0000000E+00,  4.5193484E-04,  1.0009232E+03,  5.5044898E+04,3,
  6.6030182E+02,  0.0000000E+00,  2.5070097E+02,2378,  7.0630975E-02,  0.0000000E+00, -1.8525463E-01,  1.0010275E+03,  6.1279633E+04,3,
  6.6079944E+02,  0.0000000E+00,  2.5117230E+02,2394,  4.4582999E-01,  0.0000000E+00, -1.8400110E-01,  1.0005998E+03,  3.5726660E+04,3,
  6.5963885E+02,  0.0000000E+00,  2.5108351E+02,2374,  5.2497333E-01,  0.0000000E+00, -5.1714212E-01,  1.0009428E+03,  5.6216352E+04,3,
  6.6203796E+02,  0.0000000E+00,  2.5058894E+02,2410,  9.1653901E-01,  0.0000000E+00,  2.1356482E-02,  1.0015297E+03,  9.1369062E+04,3,
  6.6328088E+02,  0.0000000E+00,  2.5128391E+02,2356,  2.9096547E-01,  0.0000000E+00,  4.2775664E-03,  1.0008129E+03,  4.8453020E+04,3,
  6.6415057E+02,  0.0000000E+00,  2.5073232E+02,2477,  6.4143020E-01,  0.0000000E+00, -1.0781504E-02,  1.0012260E+03,  7.3164891E+04,3,
  6.6621332E+02,  0.0000000E+00,  2.5062062E+02,2487,  5.2233458E-01,  0.0000000E+00, -5.2319068E-02,  1.0015711E+03,  9.3856180E+04,3,
  6.6746344E+02,  0.0000000E+00,  2.5097374E+02,2422,  5.1935250E-01,  0.0000000E+00, -1.8970853E-02,  1.0012304E+03,  7.3428109E+04,3,
  6.6516980E+02,  0.0000000E+00,  2.5121832E+02,2442,  5.1767248E-01,  0.0000000E+00, -3.5409436E-02,  1.0008301E+03,  4.9481461E+04,3,
  6.6848401E+02,  0.0000000E+00,  2.5066824E+02,2310,  4.9425787E-01,  0.0000000E+00, -3.9322115E-02,  1.0013600E+03,  8.1192594E+04,3,
  6.7020728E+02,  0.0000000E+00,  2.5087473E+02,2292,  5.2285862E-01,  0.0000000E+00, -6.9868237E-02,  1.0007728E+03,  4.6057387E+04,3,
  6.7042047E+02,  0.0000000E+00,  2.5125066E+02,2365,  5.9961361E-01,  0.0000000E+00, -4.9826164E-02,  1.0004340E+03,  2.5835982E+04,3,
  6.7209448E+02,  0.0000000E+00,  2.5070409E+02,2441,  4.8969969E-01,  0.0000000E+00, -8.1281133E-02,  1.0014402E+03,  8.6001336E+04,3,
  6.7329535E+02,  0.0000000E+00,  2.5069426E+02,2334,  5.0705761E-01,  0.0000000E+00, -3.5252340E-02,  1.0016678E+03,  9.9660633E+04,3,
  6.7453552E+02,  0.0000000E+00,  2.5071414E+02,2318,  5.0117052E-01,  0.0000000E+00, -2.2681798E-03,  1.0014807E+03,  8.8428539E+04,3,
  6.7569312E+02,  0.0000000E+00,  2.5121965E+02,2421,  5.6029171E-01,  0.0000000E+00, -4.5001984E-02,  1.0007072E+03,  4.2135188E+04,3,
  6.7660260E+02,  0.0000000E+00,  2.5109596E+02,2346,  5.4469436E-01,  0.0000000E+00, -3.1704664E-02,  1.0007819E+03,  4.6596992E+04,3,
  6.7732373E+02,  0.0000000E+00,  2.5077802E+02,2385,  5.4664546E-01,  0.0000000E+00, -1.7060146E-02,  1.0011110E+03,  6.6276078E+04,3,
  6.7844781E+02,  0.0000000E+00,  2.5084914E+02,2228,  5.7131410E-01,  0.0000000E+00, -2.3032110E-02,  1.0010496E+03,  6.2605199E+04,3,
  6.7948730E+02,  0.0000000E+00,  2.5089043E+02,2414,  5.5936021E-01,  0.0000000E+00, -2.7325990E-02,  1.0008799E+03,  5.2457969E+04,3,
  6.8032385E+02,  0.0000000E+00,  2.5115054E+02,2338,  5.8382547E-01,  0.0000000E+00, -3.9106302E-02,  1.0004938E+03,  2.9405977E+04,3,
  6.8082245E+02,  0.0000000E+00,  2.5113051E+02,2397,  5.7664120E-01,  0.0000000E+00, -3.8681321E-02,  1.0005085E+03,  3.0283205E+04,3,
  6.8187073E+02,  0.0000000E+00,  2.5085535E+02,2328,  5.4896951E-01,  0.0000000E+00, -3.8390692E-02,  1.0009727E+03,  5.8004816E+04,3,
  6.8303540E+02,  0.0000000E+00,  2.5072353E+02,2251,  5.9254843E-01,  0.0000000E+00, -1.8804366E-02,  1.0013538E+03,  8.0819414E+04,3,
  6.8411768E+02,  0.0000000E+00,  2.5083257E+02,2202,  5.7607716E-01,  0.0000000E+00, -2.6434746E-02,  1.0012194E+03,  7.2766414E+04,3,
  6.8527197E+02,  0.0000000E+00,  2.5109525E+02,2377,  5.6169671E-01,  0.0000000E+00, -2.3100169E-02,  1.0008871E+03,  5.2888469E+04,3,
  6.8615039E+02,  0.0000000E+00,  2.5063264E+02,2375,  5.7291299E-01,  0.0000000E+00, -2.0216361E-02,  1.0013055E+03,  7.7929531E+04,3,
  6.8736365E+02,  0.0000000E+00,  2.5119127E+02,2331,  5.5263340E-01,  0.0000000E+00, -6.1888145E-03,  1.0004780E+03,  2.8459676E+04,3,
  6.8780475E+02,  0.0000000E+00,  2.5109683E+02,2218,  5.5246651E-01,  0.0000000E+00, -2.0460968E-03,  1.0005522E+03,  3.2889867E+04,3,
  6.8866284E+02,  0.0000000E+00,  2.5099733E+02,2240,  5.9659916E-01,  0.0000000E+00,  1.8491585E-02,  1.0007855E+03,  4.6812113E+04,3,
  6.8990826E+02,  0.0000000E+00,  2.5072966E+02,2319,  5.5156595E-01,  0.0000000E+00, -4.6695932E-03,  1.0014118E+03,  8.4299344E+04,3,
  6.9116370E+02,  0.0000000E+00,  2.5061348E+02,2360,  5.9394646E-01,  0.0000000E+00, -1.3598890E-02,  1.0016579E+03,  9.9066844E+04,3,
  6.9218329E+02,  0.0000000E+00,  2.5112236E+02,2291,  5.8020961E-01,  0.0000000E+00, -4.4750508E-02,  1.0009624E+03,  5.7387941E+04,3,
  6.9332916E+02,  0.0000000E+00,  2.5110112E+02,2204,  5.3580856E-01,  0.0000000E+00, -1.6680500E-04,  1.0008309E+03,  4.9525227E+04,3,
  6.9413635E+02,  0.0000000E+00,  2.5061404E+02,2329,  5.8288747E-01,  0.0000000E+00,  2.6653495E-02,  1.0013309E+03,  7.9447531E+04,3,
  6.9593866E+02,  0.0000000E+00,  2.5118440E+02,2241,  5.7264137E-01,  0.0000000E+00,  3.5339449E-02,  1.0006983E+03,  4.1606754E+04,3,
  6.9682269E+02,  0.0000000E+00,  2.5049863E+02,2282,  5.4154164E-01,  0.0000000E+00,  3.7056089E-03,  1.0016651E+03,  9.9499352E+04,3,
  6.9818811E+02,  0.0000000E+00,  2.5090950E+02,2230,  7.4158388E-01,  0.0000000E+00, -1.0845795E-01,  1.0008859E+03,  5.2811855E+04,3,
  6.9937109E+02,  0.0000000E+00,  2.5090826E+02,2239,  6.1797047E-01,  0.0000000E+00,  1.0609143E-01,  1.0005897E+03,  3.5125734E+04,3,
  6.9997504E+02,  0.0000000E+00,  2.5089980E+02,2201,  1.4001541E-01,  0.0000000E+00,  1.4023025E-01,  1.0007277E+03,  4.3363441E+04,3,
  7.0030060E+02,  0.0000000E+00,  2.5116479E+02,2349,  2.1458368E-01,  0.0000000E+00,  2.2207737E-01,  1.0007069E+03,  4.2120609E+04,3,
  7.2136713E+02,  0.0000000E+00,  2.5059850E+02,2172,  1.2436557E+00,  0.0000000E+00,  9.1426603E-02,  1.0014487E+03,  8.6510156E+04,3,
  7.2019598E+02,  0.0000000E+00,  2.5057663E+02,2325,  4.5675609E-02,  0.0000000E+00, -8.4754191E-02,  1.0012104E+03,  7.2232703E+04,3,
  7.2012585E+02,  0.0000000E+00,  2.5124893E+02,2155,  6.7417544E-01,  0.0000000E+00, -3.0658156E-01,  1.0006178E+03,  3.6801141E+04,3,
  7.2293414E+02,  0.0000000E+00,  2.5089531E+02,2275,  8.8234800E-01,  0.0000000E+00, -9.9908356E-03,  1.0011319E+03,  6.7529227E+04,3,
  7.2396185E+02,  0.0000000E+00,  2.5113860E+02,2248,  7.2393984E-01,  0.0000000E+00,  9.3571153E-03,  1.0006259E+03,  3.7281961E+04,3,
  7.2460199E+02,  0.0000000E+00,  2.5099831E+02,2306,  8.0280298E-01,  0.0000000E+00, -3.0123502E-02,  1.0006857E+03,  4.0856066E+04,3,
  7.2544995E+02,  0.0000000E+00,  2.5076413E+02,2312,  8.4344929E-01,  0.0000000E+00, -1.1382954E-02,  1.0009218E+03,  5.4957320E+04,3,
  7.2648846E+02,  0.0000000E+00,  2.5100594E+02,2221,  8.1624621E-01,  0.0000000E+00,  2.1817159E-02,  1.0006145E+03,  3.6604449E+04,3,
  7.2740118E+02,  0.0000000E+00,  2.5108592E+02,2217,  8.3514136E-01,  0.0000000E+00,  5.4110039E-02,  1.0005822E+03,  3.4677793E+04,3,
  7.2922668E+02,  0.0000000E+00,  2.5050571E+02,2262,  7.9972172E-01,  0.0000000E+00,  2.4448542E-02,  1.0018135E+03,  1.0841398E+05,3,
  7.2767664E+02,  0.0000000E+00,  2.5131122E+02,2285,  7.8735191E-01,  0.0000000E+00,  3.5631161E-02,  1.0004454E+03,  2.6516402E+04,3,
  7.3026392E+02,  0.0000000E+00,  2.5080388E+02,2173,  8.1073064E-01,  0.0000000E+00,  1.5976986E-02,  1.0012968E+03,  7.7406516E+04,3,
  7.3252960E+02,  0.0000000E+00,  2.5118198E+02,2260,  9.9498087E-01,  0.0000000E+00, -2.4089629E-02,  1.0004702E+03,  2.7997479E+04,3,
  7.3238257E+02,  0.0000000E+00,  2.5085719E+02,2243,  6.3837266E-01,  0.0000000E+00,  3.5723858E-02,  1.0007761E+03,  4.6254266E+04,3,
  7.3405304E+02,  0.0000000E+00,  2.5064439E+02,2168,  7.7255309E-01,  0.0000000E+00,  1.6142873E-02,  1.0011907E+03,  7.1052055E+04,3,
  7.3501630E+02,  0.0000000E+00,  2.5098080E+02,2233,  7.3486650E-01,  0.0000000E+00,  3.5684727E-02,  1.0007490E+03,  4.4631949E+04,3,
  7.3609442E+02,  0.0000000E+00,  2.5097188E+02,2146,  7.9327536E-01,  0.0000000E+00, -4.2653242E-03,  1.0007365E+03,  4.3888320E+04,3,
  7.3175085E+02,  0.0000000E+00,  2.5134917E+02,2247,  7.6307201E-01,  0.0000000E+00,  3.7884984E-02,  1.0003357E+03,  1.9979750E+04,3,
  7.3645483E+02,  0.0000000E+00,  2.5121112E+02,2150,  9.1223532E-01,  0.0000000E+00, -3.1930860E-02,  1.0005395E+03,  3.2128914E+04,3,
  7.3761914E+02,  0.0000000E+00,  2.5074892E+02,2294,  8.0742866E-01,  0.0000000E+00, -9.5978588E-02,  1.0011758E+03,  7.0160266E+04,3,
  7.3928436E+02,  0.0000000E+00,  2.5041747E+02,2289,  1.1178085E+00,  0.0000000E+00,  1.0864825E-01,  1.0013932E+03,  8.3183148E+04,3,
  7.4004578E+02,  0.0000000E+00,  2.5109880E+02,2138,  1.9491564E-01,  0.0000000E+00,  1.9840918E-01,  1.0006817E+03,  4.0615566E+04,3,
  7.8064716E+02,  0.0000000E+00,  2.5057802E+02,2270,  4.5851025E-01,  0.0000000E+00, -6.3972414E-02,  1.0010001E+03,  5.9640266E+04,3,
  7.8328845E+02,  0.0000000E+00,  2.5130780E+02,2206,  1.0149108E+00,  0.0000000E+00,  4.2299971E-02,  1.0001145E+03,  6.8103896E+03,3,
  7.8268097E+02,  0.0000000E+00,  2.5098862E+02,2214,  1.4695820E+00,  0.0000000E+00,  1.5489450E-01,  1.0005809E+03,  3.4597672E+04,3,
  7.8044159E+02,  0.0000000E+00,  2.5068504E+02,2153,  3.0272403E-01,  0.0000000E+00, -4.1572355E-02,  1.0008087E+03,  4.8201398E+04,3,
  7.8028674E+02,  0.0000000E+00,  2.5102788E+02,2231,  1.0682814E+00,  0.0000000E+00, -4.8204085E-01,  1.0003785E+03,  2.2532789E+04,3,
  7.8408307E+02,  0.0000000E+00,  2.5098961E+02,2148,  6.5135211E-01,  0.0000000E+00, -1.5194587E-01,  1.0006432E+03,  3.8316535E+04,3,
  7.8512463E+02,  0.0000000E+00,  2.5052892E+02,2219,  8.1490254E-01,  0.0000000E+00, -1.1297895E-01,  1.0014662E+03,  8.7564484E+04,3,
  7.8660370E+02,  0.0000000E+00,  2.5084319E+02,2130,  9.9984336E-01,  0.0000000E+00, -1.2670328E-01,  1.0008388E+03,  4.9999367E+04,3,
  7.8820898E+02,  0.0000000E+00,  2.5087599E+02,2184,  8.6719191E-01,  0.0000000E+00, -9.7206883E-02,  1.0008323E+03,  4.9612758E+04,3,
  7.8922198E+02,  0.0000000E+00,  2.5082877E+02,2177,  8.7997454E-01,  0.0000000E+00, -2.9245775E-02,  1.0009948E+03,  5.9322648E+04,3,
  7.9034082E+02,  0.0000000E+00,  2.5082301E+02,2174,  9.7210455E-01,  0.0000000E+00,  2.3926295E-02,  1.0010523E+03,  6.2765887E+04,3,
  7.8731830E+02,  0.0000000E+00,  2.5131107E+02,2094,  9.1334486E-01,  0.0000000E+00, -1.3974592E-01,  1.0001357E+03,  8.0742388E+03,3,
  7.9152039E+02,  0.0000000E+00,  2.5081909E+02,2163,  9.6960354E-01,  0.0000000E+00, -1.0021121E-02,  1.0010330E+03,  6.1611922E+04,3,
  7.9264935E+02,  0.0000000E+00,  2.5083878E+02,2125,  9.7705644E-01,  0.0000000E+00, -5.5480693E-02,  1.0009575E+03,  5.7092293E+04,3,
  7.9356134E+02,  0.0000000E+00,  2.5111020E+02,2111,  9.7758269E-01,  0.0000000E+00, -7.9941377E-02,  1.0006322E+03,  3.7660809E+04,3,
  7.9446411E+02,  0.0000000E+00,  2.5126843E+02,2124,  9.2848331E-01,  0.0000000E+00, -5.7041038E-02,  1.0005381E+03,  3.2048816E+04,3,
  7.9548706E+02,  0.0000000E+00,  2.5046544E+02,2244,  1.0086352E+00,  0.0000000E+00, -3.0020546E-02,  1.0017333E+03,  1.0359815E+05,3,
  7.9765717E+02,  0.0000000E+00,  2.5063641E+02,2190,  7.5544035E-01,  0.0000000E+00,  1.5680740E-02,  1.0013006E+03,  7.7633273E+04,3,
  7.9899774E+02,  0.0000000E+00,  2.5070564E+02,2116,  7.9803807E-01,  0.0000000E+00, -5.6825769E-03,  1.0012706E+03,  7.5837633E+04,3,
  8.0013879E+02,  0.0000000E+00,  2.5105736E+02,2123,  8.0819398E-01,  0.0000000E+00, -3.1054752E-02,  1.0006606E+03,  3.9358504E+04,3,
  8.0097595E+02,  0.0000000E+00,  2.5095110E+02,2122,  7.8049481E-01,  0.0000000E+00, -3.2548577E-02,  1.0007056E+03,  4.2044074E+04,3,
  8.0191650E+02,  0.0000000E+00,  2.5092976E+02,2121,  7.4358994E-01,  0.0000000E+00, -2.3433359E-02,  1.0006909E+03,  4.1165809E+04,3,
  8.0274109E+02,  0.0000000E+00,  2.5099352E+02,2133,  7.7334750E-01,  0.0000000E+00, -6.1634434E-03,  1.0006514E+03,  3.8808359E+04,3,
  8.0384760E+02,  0.0000000E+00,  2.5077127E+02,2105,  7.5765896E-01,  0.0000000E+00,  5.8708191E-03,  1.0009973E+03,  5.9472328E+04,3,
  8.0466437E+02,  0.0000000E+00,  2.5112392E+02,2135,  7.8165263E-01,  0.0000000E+00,  3.8320161E-02,  1.0006584E+03,  3.9227340E+04,3,
  8.0583905E+02,  0.0000000E+00,  2.5069455E+02,2149,  7.5117165E-01,  0.0000000E+00,  2.1131985E-02,  1.0012808E+03,  7.6448336E+04,3,
  8.0692462E+02,  0.0000000E+00,  2.5090860E+02,2159,  7.5743389E-01,  0.0000000E+00,  9.0276580E-03,  1.0009517E+03,  5.6745559E+04,3,
  8.0795947E+02,  0.0000000E+00,  2.5085852E+02,2118,  7.4244577E-01,  0.0000000E+00, -7.4810567E-03,  1.0008939E+03,  5.3293449E+04,3,
  8.0898212E+02,  0.0000000E+00,  2.5084673E+02,2076,  7.3956805E-01,  0.0000000E+00, -2.1674769E-02,  1.0008495E+03,  5.0637672E+04,3,
  8.0991089E+02,  0.0000000E+00,  2.5126973E+02,2093,  7.1977776E-01,  0.0000000E+00,  1.0132255E-02,  1.0003347E+03,  1.9921568E+04,3,
  8.1070630E+02,  0.0000000E+00,  2.5083319E+02,2131,  7.1481317E-01,  0.0000000E+00, -5.2222531E-02,  1.0008336E+03,  4.9689352E+04,3,
  8.1117694E+02,  0.0000000E+00,  2.5118599E+02,2090,  7.0536292E-01,  0.0000000E+00, -3.8312025E-02,  1.0005370E+03,  3.1983283E+04,3,
  8.1233966E+02,  0.0000000E+00,  2.5091187E+02,2084,  6.2932158E-01,  0.0000000E+00, -8.0212951E-02,  1.0008962E+03,  5.3428445E+04,3,
  8.1360760E+02,  0.0000000E+00,  2.5064703E+02,2129,  4.7694707E-01,  0.0000000E+00,  6.2919636E-03,  1.0013563E+03,  8.0969414E+04,3,
  8.1472662E+02,  0.0000000E+00,  2.5109813E+02,2199,  6.0053980E-01,  0.0000000E+00,  2.0855267E-01,  1.0010175E+03,  6.0680812E+04,3,
  8.1581592E+02,  0.0000000E+00,  2.5062578E+02,2089,  5.9816515E-01,  0.0000000E+00,  1.6577700E-01,  1.0015438E+03,  9.2215125E+04,3,
  8.1698694E+02,  0.0000000E+00,  2.5100693E+02,2136,  7.0767939E-01,  0.0000000E+00, -3.5476026E-03,  1.0009474E+03,  5.6493727E+04,3,
  8.1789331E+02,  0.0000000E+00,  2.5074190E+02,2072,  8.8247830E-01,  0.0000000E+00, -1.1745373E-01,  1.0008740E+03,  5.2104098E+04,3,
  8.1911658E+02,  0.0000000E+00,  2.5096083E+02,2103,  5.6243312E-01,  0.0000000E+00,  6.0234587E-03,  1.0003953E+03,  2.3529451E+04,3,
  8.1966925E+02,  0.0000000E+00,  2.5108713E+02,2104, -4.7085125E-02,  0.0000000E+00, -9.3979299E-02,  1.0004744E+03,  2.8244951E+04,3,
  8.2040717E+02,  0.0000000E+00,  2.5130400E+02,2134,  5.0768632E-01,  0.0000000E+00,  2.4489738E-01,  1.0010148E+03,  6.0520160E+04,3,
  8.2106244E+02,  0.0000000E+00,  2.5110202E+02,2083,  1.1503682E+00,  0.0000000E+00,  8.4341919E-01,  1.0014927E+03,  8.9149852E+04,3,
  1.9265717E+02,  0.0000000E+00,  2.5719513E+02,3137,  2.0775778E+00,  0.0000000E+00, -2.5921905E+00,  1.0026288E+03,  1.5754386E+05,3,
  1.9029329E+02,  0.0000000E+00,  2.5796906E+02,2929,  5.3936762E-01,  0.0000000E+00, -3.1777143E-01,  9.9395728E+02, -3.5283994E+05,3,
  1.9426314E+02,  0.0000000E+00,  2.5714578E+02,3184, -5.5288184E-01,  0.0000000E+00, -1.8183581E+00,  9.9331970E+02, -3.8932462E+05,3,
  1.9326387E+02,  0.0000000E+00,  2.5719540E+02,3029, -1.2316037E+00,  0.0000000E+00, -4.4154944E+00,  9.9475348E+02, -3.0708016E+05,3,
  1.9858429E+02,  0.0000000E+00,  2.5607169E+02,3304,  1.0162574E+00,  0.0000000E+00,  1.4922320E+00,  9.9899908E+02, -5.9333977E+04,3,
  1.9502945E+02,  0.0000000E+00,  2.5740448E+02,3047,  1.7384596E-01,  0.0000000E+00,  7.1214044E-01,  9.9255627E+02, -4.3282681E+05,3,
  1.9751349E+02,  0.0000000E+00,  2.5689841E+02,3129, -3.9501584E-01,  0.0000000E+00,  1.3929696E+00,  1.0071044E+03,  4.3152150E+05,3,
  1.9728635E+02,  0.0000000E+00,  2.5768829E+02,2920, -3.4253401E-01,  0.0000000E+00, -1.5592001E-01,  9.9931628E+02, -4.0569047E+04,3,
  1.9594359E+02,  0.0000000E+00,  2.5724896E+02,3229,  1.3844494E+00,  0.0000000E+00, -1.7542149E+00,  9.9783221E+02, -1.2805687E+05,3,
  1.9888303E+02,  0.0000000E+00,  2.5753156E+02,3276,  5.6344187E-01,  0.0000000E+00, -6.8100184E-01,  1.0000682E+03,  4.0544500E+03,3,
  2.0017865E+02,  0.0000000E+00,  2.5747058E+02,3295,  1.3526632E+00,  0.0000000E+00, -1.0172179E-01,  1.0004289E+03,  2.5533994E+04,3,
  2.0099292E+02,  0.0000000E+00,  2.5669089E+02,3275,  1.7373302E+00,  0.0000000E+00,  1.3126159E+00,  9.9834406E+02, -9.7971297E+04,3,
  2.0574171E+02,  0.0000000E+00,  2.5635190E+02,3306,  1.3740724E+00,  0.0000000E+00,  4.6367428E-01,  9.9917609E+02, -4.8867289E+04,3,
  2.0333884E+02,  0.0000000E+00,  2.5685284E+02,3065,  1.1303356E+00,  0.0000000E+00,  6.5857910E-02,  1.0026026E+03,  1.5595872E+05,3,
  2.0362988E+02,  0.0000000E+00,  2.5694864E+02,2911,  1.3121583E+00,  0.0000000E+00,  3.8813192E-01,  1.0018989E+03,  1.1355146E+05,3,
  2.0360315E+02,  0.0000000E+00,  2.5714539E+02,3138,  2.5048406E+00,  0.0000000E+00,  5.6080066E-02,  9.9678271E+02, -1.8945669E+05,3,
  2.0276097E+02,  0.0000000E+00,  2.5781815E+02,3305,  1.5586219E+00,  0.0000000E+00, -2.8690916E-01,  1.0022656E+03,  1.3562480E+05,3,
  2.0703003E+02,  0.0000000E+00,  2.5764612E+02,3165,  4.4873303E-01,  0.0000000E+00,  4.0533233E-01,  9.9747369E+02, -1.4907533E+05,3,
  2.0757216E+02,  0.0000000E+00,  2.5719510E+02,3247,  2.0395877E+00,  0.0000000E+00, -5.8097529E-01,  1.0017613E+03,  1.0527774E+05,3,
  2.0896121E+02,  0.0000000E+00,  2.5766263E+02,3120,  2.0395107E+00,  0.0000000E+00, -4.6361274E-01,  1.0017097E+03,  1.0217914E+05,3,
  2.0883768E+02,  0.0000000E+00,  2.5639890E+02,2902,  6.7719847E-01,  0.0000000E+00,  3.0691558E-01,  9.9985394E+02, -8.6804521E+03,3,
  2.1189589E+02,  0.0000000E+00,  2.5732660E+02,3166,  2.6706131E+00,  0.0000000E+00,  7.3177236E-01,  1.0036906E+03,  2.2188081E+05,3,
  2.1059642E+02,  0.0000000E+00,  2.5700360E+02,3183,  1.6185875E+00,  0.0000000E+00,  4.0544510E-01,  9.9672931E+02, -1.9257078E+05,3,
  2.1198010E+02,  0.0000000E+00,  2.5739526E+02,3020,  9.7025937E-01,  0.0000000E+00, -9.1390657E-01,  9.9959161E+02, -2.4252076E+04,3,
  2.1278856E+02,  0.0000000E+00,  2.5713556E+02,3211,  1.4141928E+00,  0.0000000E+00, -4.0068734E-01,  9.9771057E+02, -1.3519334E+05,3,
  2.1413551E+02,  0.0000000E+00,  2.5800739E+02,3297,  1.0140723E+00,  0.0000000E+00, -4.2530853E-02,  9.9909967E+02, -5.3387375E+04,3,
  2.1464590E+02,  0.0000000E+00,  2.5670398E+02,3278,  1.9285965E+00,  0.0000000E+00, -5.9196748E-02,  1.0012719E+03,  7.5910773E+04,3,
  2.1709103E+02,  0.0000000E+00,  2.5728967E+02,3267,  1.5282795E+00,  0.0000000E+00, -3.2436135E-01,  1.0028990E+03,  1.7387414E+05,3,
  2.1587738E+02,  0.0000000E+00,  2.5733914E+02,3286,  2.1337004E+00,  0.0000000E+00,  4.1173667E-01,  1.0010406E+03,  6.2064727E+04,3,
  2.1901912E+02,  0.0000000E+00,  2.5673215E+02,3002,  1.6587894E+00,  0.0000000E+00, -9.3484551E-01,  9.9752429E+02, -1.4611173E+05,3,
  2.1803490E+02,  0.0000000E+00,  2.5649023E+02,3167,  1.2230808E+00,  0.0000000E+00, -1.7298429E-01,  1.0022939E+03,  1.3733183E+05,3,
  2.1974854E+02,  0.0000000E+00,  2.5485443E+02,3144,  4.2266986E-01,  0.0000000E+00, -1.8793036E-01,  1.0016255E+03,  9.7120773E+04,3,
  2.1844449E+02,  0.0000000E+00,  2.5777637E+02,3287,  1.5530856E+00,  0.0000000E+00,  7.5541653E-02,  9.9695300E+02, -1.7952052E+05,3,
  2.2132372E+02,  0.0000000E+00,  2.5773584E+02,3279,  2.3476689E+00,  0.0000000E+00, -3.7745550E-02,  1.0008951E+03,  5.3366418E+04,3,
  2.2200044E+02,  0.0000000E+00,  2.5761914E+02,3259,  2.4540629E+00,  0.0000000E+00,  4.1286683E-01,  1.0007208E+03,  4.2947934E+04,3,
  2.2153961E+02,  0.0000000E+00,  2.5492172E+02,2893,  1.0744129E+00,  0.0000000E+00,  1.6887236E-01,  1.0017561E+03,  1.0496601E+05,3,
  2.2350801E+02,  0.0000000E+00,  2.5510480E+02,3092,  7.1109694E-01,  0.0000000E+00,  8.1829786E-02,  9.9983319E+02, -9.9131631E+03,3,
  2.2436658E+02,  0.0000000E+00,  2.5503357E+02,3084,  3.8253233E-01,  0.0000000E+00, -3.4053189E-01,  9.9985480E+02, -8.6296904E+03,3,
  2.2100076E+02,  0.0000000E+00,  2.5481160E+02,3269,  1.4952847E-01,  0.0000000E+00,  2.8634444E-01,  1.0008312E+03,  4.9543461E+04,3,
  2.2538202E+02,  0.0000000E+00,  2.5488106E+02,3056,  4.5645982E-01,  0.0000000E+00,  5.9669322E-01,  1.0005573E+03,  3.3188438E+04,3,
  2.2680043E+02,  0.0000000E+00,  2.5476176E+02,2875,  4.5034280E-01,  0.0000000E+00,  4.8750496E-01,  1.0010763E+03,  6.4201227E+04,3,
  2.2424373E+02,  0.0000000E+00,  2.5788400E+02,3268,  1.4594125E+00,  0.0000000E+00,  9.5299375E-01,  9.9974658E+02, -1.5056261E+04,3,
  2.2471950E+02,  0.0000000E+00,  2.5770471E+02,3258,  1.4347575E+00,  0.0000000E+00,  9.0169019E-01,  9.9987341E+02, -7.5237397E+03,3,
  2.2606592E+02,  0.0000000E+00,  2.5729095E+02,3277,  1.1652278E+00,  0.0000000E+00,  7.9003620E-01,  1.0003762E+03,  2.2394572E+04,3,
  2.2805856E+02,  0.0000000E+00,  2.5656601E+02,3249,  5.7245642E-01,  0.0000000E+00,  7.0141494E-01,  1.0004133E+03,  2.4602613E+04,3,
  2.2805467E+02,  0.0000000E+00,  2.5522850E+02,3066,  2.1862866E-01,  0.0000000E+00,  3.3731669E-01,  1.0014440E+03,  8.6231945E+04,3,
  2.3201857E+02,  0.0000000E+00,  2.5715161E+02,3212,  6.0646182E-01,  0.0000000E+00,  2.6518175E-01,  1.0000295E+03,  1.7566038E+03,3,
  2.3331499E+02,  0.0000000E+00,  2.5716907E+02,3048,  5.8509225E-01,  0.0000000E+00,  1.7167944E-01,  1.0001252E+03,  7.4459258E+03,3,
  2.2915350E+02,  0.0000000E+00,  2.5484396E+02,3239,  2.2689267E-01,  0.0000000E+00,  1.7273137E-01,  9.9975732E+02, -1.4418503E+04,3,
  2.3028680E+02,  0.0000000E+00,  2.5601523E+02,3230,  3.3747277E-01,  0.0000000E+00,  4.7734681E-01,  1.0002013E+03,  1.1975754E+04,3,
  2.3117635E+02,  0.0000000E+00,  2.5453777E+02,3252,  4.1403359E-01,  0.0000000E+00,  3.9303184E-01,  1.0015714E+03,  9.3874492E+04,3,
  2.3385014E+02,  0.0000000E+00,  2.5482562E+02,2848,  1.7788273E-01,  0.0000000E+00,  6.9885194E-02,  1.0003555E+03,  2.1161631E+04,3,
  2.3275212E+02,  0.0000000E+00,  2.5509282E+02,3139,  2.7841288E-01,  0.0000000E+00,  1.9148880E-01,  1.0005325E+03,  3.1710232E+04,3,
  2.3089127E+02,  0.0000000E+00,  2.5742264E+02,3270,  4.6966693E-01,  0.0000000E+00,  2.8210559E-01,  9.9999469E+02, -3.1572012E+02,3,
  2.3431189E+02,  0.0000000E+00,  2.5701627E+02,3175,  5.5103558E-01,  0.0000000E+00,  1.1015803E-01,  1.0000886E+03,  5.2671143E+03,3,
  2.3591153E+02,  0.0000000E+00,  2.5652371E+02,3222,  3.0746937E-01,  0.0000000E+00, -1.1915252E-01,  1.0000542E+03,  3.2230981E+03,3,
  2.3546861E+02,  0.0000000E+00,  2.5468147E+02,3232,  1.6602984E-01,  0.0000000E+00,  2.0461324E-01,  1.0011073E+03,  6.6056883E+04,3,
  2.3874867E+02,  0.0000000E+00,  2.5725525E+02,2884,  6.8921703E-01,  0.0000000E+00,  2.6264274E-02,  1.0000771E+03,  4.5845186E+03,3,
  2.3980402E+02,  0.0000000E+00,  2.5713553E+02,3111,  6.9146830E-01,  0.0000000E+00,  5.2047208E-02,  1.0000762E+03,  4.5336890E+03,3,
  2.3712440E+02,  0.0000000E+00,  2.5471086E+02,3231,  4.5746309E-01,  0.0000000E+00,  2.6918051E-01,  1.0011642E+03,  6.9462242E+04,3,
  2.3862402E+02,  0.0000000E+00,  2.5484007E+02,3251,  5.3959030E-01,  0.0000000E+00,  1.2218518E-01,  1.0007273E+03,  4.3337926E+04,3,
  2.3962627E+02,  0.0000000E+00,  2.5530484E+02,3213,  4.4000781E-01,  0.0000000E+00,  4.4671394E-02,  1.0002306E+03,  1.3719944E+04,3,
  2.3686064E+02,  0.0000000E+00,  2.5737100E+02,3288,  8.1997466E-01,  0.0000000E+00, -6.4060815E-02,  1.0000580E+03,  3.4481733E+03,3,
  2.4107437E+02,  0.0000000E+00,  2.5765396E+02,3261,  7.4456453E-01,  0.0000000E+00, -2.3169940E-02,  1.0000914E+03,  5.4377705E+03,3,
  2.4109732E+02,  0.0000000E+00,  2.5446553E+02,3242,  5.0176185E-01,  0.0000000E+00,  4.1993000E-02,  1.0015183E+03,  9.0687867E+04,3,
  2.4252260E+02,  0.0000000E+00,  2.5747479E+02,3260,  7.9656416E-01,  0.0000000E+00, -6.4602830E-02,  1.0000537E+03,  3.1940566E+03,3,
  2.4375406E+02,  0.0000000E+00,  2.5737869E+02,2866,  8.3316934E-01,  0.0000000E+00, -1.4862053E-01,  1.0000582E+03,  3.4590642E+03,3,
  2.4231474E+02,  0.0000000E+00,  2.5520082E+02,2830,  4.6020597E-01,  0.0000000E+00,  3.8319215E-02,  1.0002878E+03,  1.7125633E+04,3,
  2.4661018E+02,  0.0000000E+00,  2.5707404E+02,3250,  1.0623356E+00,  0.0000000E+00, -3.4046775E-01,  1.0001949E+03,  1.1594253E+04,3,
  2.4349057E+02,  0.0000000E+00,  2.5475188E+02,3214,  4.2680827E-01,  0.0000000E+00,  1.4158614E-01,  1.0009814E+03,  5.8526816E+04,3,
  2.4486461E+02,  0.0000000E+00,  2.5487160E+02,3215,  7.5708354E-01,  0.0000000E+00,  2.4991383E-01,  1.0009954E+03,  5.9359156E+04,3,
  2.4656738E+02,  0.0000000E+00,  2.5493092E+02,2821,  8.0386442E-01,  0.0000000E+00,  1.1735246E-01,  1.0007560E+03,  4.5051172E+04,3,
  2.4519337E+02,  0.0000000E+00,  2.5743259E+02,3241,  8.3049500E-01,  0.0000000E+00, -2.9277882E-01,  1.0001330E+03,  7.9108008E+03,3,
  2.4779576E+02,  0.0000000E+00,  2.5695407E+02,3177,  1.2361242E+00,  0.0000000E+00, -2.2959536E-01,  1.0002377E+03,  1.4145137E+04,3,
  2.4803302E+02,  0.0000000E+00,  2.5465326E+02,3185,  8.9065510E-01,  0.0000000E+00, -2.4568948E-01,  1.0005511E+03,  3.2820688E+04,3,
  2.4897614E+02,  0.0000000E+00,  2.5697781E+02,3102,  1.2343309E+00,  0.0000000E+00, -7.7254459E-02,  1.0002279E+03,  1.3560048E+04,3,
  2.4891464E+02,  0.0000000E+00,  2.5380061E+02,3186,  8.1688273E-01,  0.0000000E+00, -4.9085543E-01,  1.0006920E+03,  4.1231402E+04,3,
  2.5020755E+02,  0.0000000E+00,  2.5713788E+02,3240,  1.0133495E+00,  0.0000000E+00,  4.5495395E-02,  1.0002228E+03,  1.3258431E+04,3,
  2.5130733E+02,  0.0000000E+00,  2.5677844E+02,3221,  8.4542316E-01,  0.0000000E+00,  1.5801487E-02,  1.0003459E+03,  2.0587037E+04,3,
  2.4983513E+02,  0.0000000E+00,  2.5331056E+02,3176,  6.2661421E-01,  0.0000000E+00, -3.7514004E-01,  1.0005480E+03,  3.2638637E+04,3,
  2.5222310E+02,  0.0000000E+00,  2.5678839E+02,3148,  7.9365939E-01,  0.0000000E+00, -5.6282416E-02,  1.0003470E+03,  2.0652494E+04,3,
  2.5316698E+02,  0.0000000E+00,  2.5654773E+02,3195,  8.3422983E-01,  0.0000000E+00, -1.7199573E-01,  1.0004626E+03,  2.7542578E+04,3,
  2.5026469E+02,  0.0000000E+00,  2.5294081E+02,2975,  2.7004090E-01,  0.0000000E+00, -1.8241385E-01,  1.0007488E+03,  4.4621012E+04,3,
  2.5414561E+02,  0.0000000E+00,  2.5677396E+02,3203,  9.2682260E-01,  0.0000000E+00, -1.1546981E-01,  1.0003111E+03,  1.8514412E+04,3,
  2.5238481E+02,  0.0000000E+00,  2.5311943E+02,3030,  1.6345361E+00,  0.0000000E+00,  1.1726087E-01,  1.0008795E+03,  5.2428785E+04,3,
  2.5096288E+02,  0.0000000E+00,  2.5249643E+02,3206,  4.0728737E-02,  0.0000000E+00, -4.6924055E-02,  1.0014612E+03,  8.7264281E+04,3,
  2.5366086E+02,  0.0000000E+00,  2.5279874E+02,2803,  2.4190900E-01,  0.0000000E+00, -1.5331604E-01,  1.0011616E+03,  6.9308758E+04,3,
  2.5450653E+02,  0.0000000E+00,  2.5296173E+02,2948,  4.1113311E-01,  0.0000000E+00, -8.7621309E-02,  1.0008069E+03,  4.8092000E+04,3,
  2.5518987E+02,  0.0000000E+00,  2.5723627E+02,3234,  1.0547047E+00,  0.0000000E+00, -6.6979229E-02,  1.0001666E+03,  9.9085596E+03,3,
  2.5610950E+02,  0.0000000E+00,  2.5569417E+02,3157,  1.0041288E+00,  0.0000000E+00,  1.0232663E-02,  1.0008710E+03,  5.1921695E+04,3,
  2.5537430E+02,  0.0000000E+00,  2.5303099E+02,3149,  5.7250005E-01,  0.0000000E+00,  1.6214153E-02,  1.0005614E+03,  3.3436043E+04,3,
  2.5706793E+02,  0.0000000E+00,  2.5717010E+02,2857,  8.8138241E-01,  0.0000000E+00, -3.8995739E-02,  1.0001880E+03,  1.1183702E+04,3,
  2.5633893E+02,  0.0000000E+00,  2.5289920E+02,3085,  7.1412539E-01,  0.0000000E+00,  6.5717071E-02,  1.0007940E+03,  4.7322590E+04,3,
  2.5800128E+02,  0.0000000E+00,  2.5665698E+02,3204,  9.3240696E-01,  0.0000000E+00, -8.9591943E-02,  1.0004090E+03,  2.4347955E+04,3,
  2.5885696E+02,  0.0000000E+00,  2.5745453E+02,3233,  9.3716687E-01,  0.0000000E+00, -3.0884343E-01,  1.0002675E+03,  1.5918787E+04,3,
  2.5974170E+02,  0.0000000E+00,  2.5499672E+02,2957,  6.8174422E-01,  0.0000000E+00, -1.5935503E-01,  1.0007281E+03,  4.3388957E+04,3,
  2.5753610E+02,  0.0000000E+00,  2.5278487E+02,3049,  6.2754846E-01,  0.0000000E+00,  5.1500175E-02,  1.0010236E+03,  6.1049598E+04,3,
  2.5832883E+02,  0.0000000E+00,  2.5295129E+02,3103,  6.1101156E-01,  0.0000000E+00,  5.0494028E-03,  1.0007671E+03,  4.5714680E+04,3,
  2.5976166E+02,  0.0000000E+00,  2.5265224E+02,3179,  7.3632866E-01,  0.0000000E+00, -4.0028255E-02,  1.0013187E+03,  7.8719594E+04,3,
  2.6054276E+02,  0.0000000E+00,  2.5310675E+02,2984,  7.4863702E-01,  0.0000000E+00, -7.9630084E-02,  1.0006328E+03,  3.7693594E+04,3,
  2.6032452E+02,  0.0000000E+00,  2.5773990E+02,3243,  1.2445329E+00,  0.0000000E+00, -3.3779898E-01,  1.0002609E+03,  1.5522596E+04,3,
  2.6138553E+02,  0.0000000E+00,  2.5725293E+02,3194,  1.2591871E+00,  0.0000000E+00, -2.0659102E-01,  1.0002646E+03,  1.5747950E+04,3,
  2.6222144E+02,  0.0000000E+00,  2.5698392E+02,2966,  1.3213860E+00,  0.0000000E+00,  3.8938344E-02,  1.0002159E+03,  1.2847811E+04,3,
  2.6193082E+02,  0.0000000E+00,  2.5271539E+02,3171,  6.3602203E-01,  0.0000000E+00, -6.9721952E-02,  1.0013793E+03,  8.2352484E+04,3,
  2.6262408E+02,  0.0000000E+00,  2.5565720E+02,3130,  1.0200151E+00,  0.0000000E+00, -1.5650430E-01,  1.0006487E+03,  3.8644414E+04,3,
  2.6312506E+02,  0.0000000E+00,  2.5266438E+02,3161,  6.3537043E-01,  0.0000000E+00,  1.1858105E-02,  1.0014533E+03,  8.6788367E+04,3,
  2.6401318E+02,  0.0000000E+00,  2.5780722E+02,3224,  9.9314618E-01,  0.0000000E+00,  1.7060964E-01,  1.0001874E+03,  1.1147371E+04,3,
  2.6481415E+02,  0.0000000E+00,  2.5565834E+02,3057,  1.1976098E+00,  0.0000000E+00,  4.9241796E-01,  1.0007697E+03,  4.5867801E+04,3,
  2.6444803E+02,  0.0000000E+00,  2.5288457E+02,2794,  7.3055422E-01,  0.0000000E+00,  4.2046793E-02,  1.0009123E+03,  5.4391719E+04,3,
  2.6674829E+02,  0.0000000E+00,  2.5591360E+02,3094,  9.2158198E-01,  0.0000000E+00,  7.4501492E-02,  1.0004448E+03,  2.6480016E+04,3,
  2.6546280E+02,  0.0000000E+00,  2.5289505E+02,2912,  6.1219579E-01,  0.0000000E+00,  6.0808230E-02,  1.0008256E+03,  4.9211578E+04,3,
  2.6622113E+02,  0.0000000E+00,  2.5316022E+02,3067,  5.7109290E-01,  0.0000000E+00,  6.0162198E-02,  1.0004121E+03,  2.4533490E+04,3,
  2.6717416E+02,  0.0000000E+00,  2.5275446E+02,3104,  5.1100641E-01,  0.0000000E+00,  6.9247046E-03,  1.0010824E+03,  6.4566484E+04,3,
  2.6659308E+02,  0.0000000E+00,  2.5787335E+02,3205,  1.2230495E+00,  0.0000000E+00, -5.4998297E-02,  1.0002331E+03,  1.3868941E+04,3,
  2.6518112E+02,  0.0000000E+00,  2.5788086E+02,3223,  1.0022997E+00,  0.0000000E+00,  8.1256159E-02,  1.0002086E+03,  1.2408140E+04,3,
  2.6814532E+02,  0.0000000E+00,  2.5772668E+02,2839,  1.4163277E+00,  0.0000000E+00, -1.1516971E-02,  1.0002068E+03,  1.2302767E+04,3,
  2.6817004E+02,  0.0000000E+00,  2.5290695E+02,3159,  7.9351735E-01,  0.0000000E+00,  8.5060559E-02,  1.0007243E+03,  4.3159328E+04,3,
  2.6912311E+02,  0.0000000E+00,  2.5733829E+02,3093,  1.3850201E+00,  0.0000000E+00,  1.6769201E-01,  1.0001442E+03,  8.5790967E+03,3,
  2.6886588E+02,  0.0000000E+00,  2.5525854E+02,3131,  9.7328311E-01,  0.0000000E+00,  4.5226780E-01,  1.0008827E+03,  5.2622141E+04,3,
  2.7027109E+02,  0.0000000E+00,  2.5791074E+02,3075,  1.3811245E+00,  0.0000000E+00, -5.1300976E-02,  1.0001285E+03,  7.6456743E+03,3,
  2.6972830E+02,  0.0000000E+00,  2.5263516E+02,3126,  2.4424396E-01,  0.0000000E+00,  9.0204909E-02,  1.0013051E+03,  7.7903930E+04,3,
  2.7093954E+02,  0.0000000E+00,  2.5758606E+02,3112,  1.1923971E+00,  0.0000000E+00, -7.4766941E-02,  1.0000806E+03,  4.7951016E+03,3,
  2.7023569E+02,  0.0000000E+00,  2.5290526E+02,3135,  7.6750807E-02,  0.0000000E+00,  1.1502956E-01,  1.0012438E+03,  7.4228781E+04,3,
  2.7213580E+02,  0.0000000E+00,  2.5615518E+02,3011,  1.3480508E+00,  0.0000000E+00, -3.1370193E-01,  1.0005845E+03,  3.4812535E+04,3,
  2.7145795E+02,  0.0000000E+00,  2.5390454E+02,3090,  9.7383243E-01,  0.0000000E+00,  7.0480961E-01,  1.0012137E+03,  7.2430102E+04,3,
  2.7337485E+02,  0.0000000E+00,  2.5491505E+02,3132,  1.1038983E+00,  0.0000000E+00,  9.4313003E-02,  1.0008448E+03,  5.0360461E+04,3,
  2.7448508E+02,  0.0000000E+00,  2.5496510E+02,3087,  1.0488808E+00,  0.0000000E+00,  9.2016533E-02,  1.0009122E+03,  5.4384418E+04,3,
  2.7252277E+02,  0.0000000E+00,  2.5792706E+02,2812,  1.6000735E+00,  0.0000000E+00, -3.7319705E-01,  1.0000597E+03,  3.5498220E+03,3,
  2.7422366E+02,  0.0000000E+00,  2.5813535E+02,3225,  1.8463668E+00,  0.0000000E+00, -2.2512758E-01,  1.0001052E+03,  6.2547827E+03,3,
  2.7531284E+02,  0.0000000E+00,  2.5803323E+02,3012,  1.8424178E+00,  0.0000000E+00, -1.3290700E-02,  1.0000936E+03,  5.5684883E+03,3,
  2.7618140E+02,  0.0000000E+00,  2.5752551E+02,3158,  1.8597287E+00,  0.0000000E+00,  2.2378136E-01,  1.0000174E+03,  1.0343260E+03,3,
  2.7582242E+02,  0.0000000E+00,  2.5498451E+02,3123,  1.3614185E+00,  0.0000000E+00, -3.7285373E-02,  1.0007641E+03,  4.5536039E+04,3,
  2.7698190E+02,  0.0000000E+00,  2.5498979E+02,3013,  1.1509119E+00,  0.0000000E+00, -4.6398647E-02,  1.0005807E+03,  3.4590391E+04,3,
  2.7864630E+02,  0.0000000E+00,  2.5794916E+02,3076,  1.6239033E+00,  0.0000000E+00, -4.1578639E-02,  1.0001345E+03,  8.0015996E+03,3,
  2.7787723E+02,  0.0000000E+00,  2.5485909E+02,2976,  1.0047822E+00,  0.0000000E+00,  2.4464268E-02,  1.0006989E+03,  4.1643199E+04,3,
  2.8048938E+02,  0.0000000E+00,  2.5754877E+02,3141,  1.8580003E+00,  0.0000000E+00, -1.9750275E-01,  1.0000974E+03,  5.7936167E+03,3,
  2.7896817E+02,  0.0000000E+00,  2.5479492E+02,3031,  1.2063031E+00,  0.0000000E+00,  6.3867852E-02,  1.0008338E+03,  4.9700293E+04,3,
  2.8005017E+02,  0.0000000E+00,  2.5505400E+02,2930,  1.3402163E+00,  0.0000000E+00,  3.3704292E-02,  1.0004794E+03,  2.8543385E+04,3,
  2.8105734E+02,  0.0000000E+00,  2.5498526E+02,2967,  1.2443303E+00,  0.0000000E+00, -2.1871340E-02,  1.0005898E+03,  3.5129375E+04,3,
  2.8189676E+02,  0.0000000E+00,  2.5505428E+02,2740,  1.1777421E+00,  0.0000000E+00, -3.4601852E-02,  1.0005954E+03,  3.5464434E+04,3,
  2.8389749E+02,  0.0000000E+00,  2.5745837E+02,2921,  1.8918674E+00,  0.0000000E+00,  7.6225400E-02,  1.0000051E+03,  3.0484277E+02,3,
  2.8343268E+02,  0.0000000E+00,  2.5448488E+02,3072,  1.2537060E+00,  0.0000000E+00,  1.2506992E-01,  1.0016949E+03,  1.0129191E+05,3,
  2.8689032E+02,  0.0000000E+00,  2.5796417E+02,3168,  2.1106527E+00,  0.0000000E+00,  4.6265751E-02,  1.0001191E+03,  7.0863892E+03,3,
  2.8501816E+02,  0.0000000E+00,  2.5514183E+02,3096,  1.3472122E+00,  0.0000000E+00,  1.7283508E-01,  1.0006827E+03,  4.0677512E+04,3,
  2.8803925E+02,  0.0000000E+00,  2.5786569E+02,2785,  2.1119223E+00,  0.0000000E+00, -1.5361093E-02,  1.0000998E+03,  5.9352324E+03,3,
  2.8593207E+02,  0.0000000E+00,  2.5471970E+02,3107,  1.3727952E+00,  0.0000000E+00,  2.0944615E-01,  1.0010831E+03,  6.4606664E+04,3,
  2.8754095E+02,  0.0000000E+00,  2.5512538E+02,3040,  1.4550751E+00,  0.0000000E+00,  1.1480748E-01,  1.0004295E+03,  2.5570377E+04,3,
  2.8788400E+02,  0.0000000E+00,  2.5494234E+02,3140,  1.5435616E+00,  0.0000000E+00,  9.6173257E-02,  1.0006030E+03,  3.5916055E+04,3,
  2.8561301E+02,  0.0000000E+00,  2.5811014E+02,3198,  2.1287770E+00,  0.0000000E+00,  2.0160329E-02,  1.0001415E+03,  8.4156514E+03,3,
  2.8375681E+02,  0.0000000E+00,  2.5813260E+02,3197,  2.1464996E+00,  0.0000000E+00, -1.2538846E-01,  1.0001283E+03,  7.6311470E+03,3,
  2.8918320E+02,  0.0000000E+00,  2.5792346E+02,2993,  2.1903245E+00,  0.0000000E+00, -1.2541908E-01,  1.0000937E+03,  5.5721191E+03,3,
  2.8920111E+02,  0.0000000E+00,  2.5481993E+02,3077,  1.4306082E+00,  0.0000000E+00,  7.8524679E-02,  1.0008394E+03,  5.0035840E+04,3,
  2.9029260E+02,  0.0000000E+00,  2.5491774E+02,3004,  1.3735621E+00,  0.0000000E+00,  1.0020842E-01,  1.0008167E+03,  4.8679121E+04,3,
  2.9132809E+02,  0.0000000E+00,  2.5515594E+02,3060,  1.6297103E+00,  0.0000000E+00,  1.0514750E-01,  1.0005946E+03,  3.5417090E+04,3,
  2.9454816E+02,  0.0000000E+00,  2.5727533E+02,2776,  2.4131157E+00,  0.0000000E+00, -2.4070792E-01,  1.0000779E+03,  4.6317178E+03,3,
  2.9235013E+02,  0.0000000E+00,  2.5513895E+02,3069,  1.8249046E+00,  0.0000000E+00, -1.0404427E-01,  1.0006873E+03,  4.0950812E+04,3,
  2.9344943E+02,  0.0000000E+00,  2.5466000E+02,2867,  1.3942186E+00,  0.0000000E+00, -2.8583524E-01,  1.0007702E+03,  4.5900613E+04,3,
  2.9325082E+02,  0.0000000E+00,  2.5776413E+02,3180,  2.4655957E+00,  0.0000000E+00, -2.7077949E-01,  1.0001051E+03,  6.2511519E+03,3,
  2.9190610E+02,  0.0000000E+00,  2.5792206E+02,3170,  2.4484522E+00,  0.0000000E+00, -2.8182191E-01,  1.0000904E+03,  5.3760435E+03,3,
  2.9054895E+02,  0.0000000E+00,  2.5802011E+02,3178,  2.2992618E+00,  0.0000000E+00, -2.3774734E-01,  1.0001019E+03,  6.0623252E+03,3,
  2.9505908E+02,  0.0000000E+00,  2.5493724E+02,2885,  1.6049799E+00,  0.0000000E+00, -4.4638023E-01,  1.0011624E+03,  6.9356266E+04,3,
  2.9533350E+02,  0.0000000E+00,  2.5385941E+02,2939,  1.6404474E+00,  0.0000000E+00, -6.8540919E-01,  1.0003547E+03,  2.1110715E+04,3,
  2.9607013E+02,  0.0000000E+00,  2.5743286E+02,3150,  2.2530260E+00,  0.0000000E+00, -2.0386943E-01,  1.0002228E+03,  1.3258431E+04,3,
  2.9632825E+02,  0.0000000E+00,  2.5345961E+02,3058,  1.8553967E+00,  0.0000000E+00, -3.5417238E-01,  1.0002004E+03,  1.1921253E+04,3,
  2.9727460E+02,  0.0000000E+00,  2.5741119E+02,3187,  2.1110628E+00,  0.0000000E+00, -1.4152387E-01,  1.0003196E+03,  1.9023438E+04,3,
  2.9833563E+02,  0.0000000E+00,  2.5726880E+02,3188,  2.0944340E+00,  0.0000000E+00, -5.2464783E-02,  1.0003405E+03,  2.0267023E+04,3,
  2.9724527E+02,  0.0000000E+00,  2.5343344E+02,2876,  1.6110548E+00,  0.0000000E+00, -3.1807996E-02,  1.0005204E+03,  3.0989412E+04,3,
  2.9925839E+02,  0.0000000E+00,  2.5652509E+02,3021,  1.9147778E+00,  0.0000000E+00, -2.7580068E-01,  1.0005981E+03,  3.5624684E+04,3,
  3.0095151E+02,  0.0000000E+00,  2.5534492E+02,2994,  2.1731563E+00,  0.0000000E+00, -4.1066763E-01,  1.0005660E+03,  3.3712781E+04,3,
  2.9590338E+02,  0.0000000E+00,  2.5231960E+02,2946, -2.8162459E-01,  0.0000000E+00,  1.1852270E-01,  1.0021100E+03,  1.2625599E+05,3,
  2.9873163E+02,  0.0000000E+00,  2.5298834E+02,2704,  1.6240326E+00,  0.0000000E+00, -4.4666192E-01,  1.0016171E+03,  9.6615078E+04,3,
  3.0025110E+02,  0.0000000E+00,  2.5355974E+02,2949,  1.1281552E+00,  0.0000000E+00,  1.9981720E-01,  1.0005611E+03,  3.3417836E+04,3,
  3.0007837E+02,  0.0000000E+00,  2.5208743E+02,3062,  7.7762711E-01,  0.0000000E+00, -3.9677957E-01,  1.0016283E+03,  9.7289344E+04,3,
  3.0049991E+02,  0.0000000E+00,  2.5765424E+02,3045,  1.9769443E+00,  0.0000000E+00,  2.5700328E-01,  1.0002015E+03,  1.1990288E+04,3,
  3.0191293E+02,  0.0000000E+00,  2.5774756E+02,3189,  1.8093334E+00,  0.0000000E+00,  4.8271066E-01,  1.0001543E+03,  9.1784229E+03,3,
  3.0283728E+02,  0.0000000E+00,  2.5432536E+02,2722,  1.6119003E+00,  0.0000000E+00,  6.2727106E-01,  1.0008464E+03,  5.0451648E+04,3,
  3.0295947E+02,  0.0000000E+00,  2.5734039E+02,3169,  1.5881976E+00,  0.0000000E+00,  6.2937105E-01,  1.0001133E+03,  6.7377598E+03,3,
  3.0382712E+02,  0.0000000E+00,  2.5580638E+02,3121,  1.3910075E+00,  0.0000000E+00,  4.6555316E-01,  1.0010381E+03,  6.1918660E+04,3,
  3.0541980E+02,  0.0000000E+00,  2.5698593E+02,3039,  1.9881322E+00,  0.0000000E+00,  5.3500694E-01,  1.0001084E+03,  6.4472446E+03,3,
  3.0637723E+02,  0.0000000E+00,  2.5730789E+02,3160,  1.8018892E+00,  0.0000000E+00,  5.2338934E-01,  1.0001270E+03,  7.5548789E+03,3,
  3.0456808E+02,  0.0000000E+00,  2.5377644E+02,2985,  6.5986878E-01,  0.0000000E+00,  2.1712318E-01,  1.0008923E+03,  5.3194938E+04,3,
  3.0670834E+02,  0.0000000E+00,  2.5548611E+02,3105,  1.1720145E+00,  0.0000000E+00, -2.5428912E-01,  1.0006280E+03,  3.7409457E+04,3,
  3.0819922E+02,  0.0000000E+00,  2.5738498E+02,3151,  1.2825418E+00,  0.0000000E+00,  4.0181318E-01,  1.0001813E+03,  1.0784067E+04,3,
  3.0672714E+02,  0.0000000E+00,  2.5362537E+02,2913,  7.1953380E-01,  0.0000000E+00, -7.6421626E-02,  1.0009795E+03,  5.8410004E+04,3,
  3.0831134E+02,  0.0000000E+00,  2.5407350E+02,2922,  7.5163704E-01,  0.0000000E+00,  1.7003575E-02,  1.0009301E+03,  5.5453613E+04,3,
  3.0899936E+02,  0.0000000E+00,  2.5717212E+02,2767,  1.2365581E+00,  0.0000000E+00,  2.7822641E-01,  1.0002038E+03,  1.2124725E+04,3,
  3.1012970E+02,  0.0000000E+00,  2.5623428E+02,3086,  1.2003812E+00,  0.0000000E+00, -1.1456443E-02,  1.0004445E+03,  2.6465461E+04,3,
  3.0987445E+02,  0.0000000E+00,  2.5385284E+02,2713,  5.9093362E-01,  0.0000000E+00,  1.7344145E-01,  1.0007180E+03,  4.2780273E+04,3,
  3.1126260E+02,  0.0000000E+00,  2.5725586E+02,3003,  1.2081650E+00,  0.0000000E+00, -1.0960224E-01,  1.0002172E+03,  1.2924119E+04,3,
  3.1225455E+02,  0.0000000E+00,  2.5734061E+02,3133,  1.4109490E+00,  0.0000000E+00, -1.8616655E-01,  1.0002171E+03,  1.2916852E+04,3,
  3.1359225E+02,  0.0000000E+00,  2.5657242E+02,3022,  1.3310947E+00,  0.0000000E+00, -2.2735240E-01,  1.0003464E+03,  2.0619766E+04,3,
  3.1472491E+02,  0.0000000E+00,  2.5735974E+02,3162,  1.3384646E+00,  0.0000000E+00, -1.1513756E-01,  1.0002231E+03,  1.3276601E+04,3,
  3.1131863E+02,  0.0000000E+00,  2.5402190E+02,3051,  7.5935137E-01,  0.0000000E+00, -7.0192829E-02,  1.0008198E+03,  4.8861465E+04,3,
  3.1276379E+02,  0.0000000E+00,  2.5401599E+02,3068,  6.4660013E-01,  0.0000000E+00, -2.3809159E-01,  1.0008389E+03,  5.0003016E+04,3,
  3.1402289E+02,  0.0000000E+00,  2.5429709E+02,3041,  7.9007703E-01,  0.0000000E+00, -1.5485121E-01,  1.0006758E+03,  4.0262117E+04,3,
  3.1521069E+02,  0.0000000E+00,  2.5385988E+02,2731,  8.2615286E-01,  0.0000000E+00, -3.9438449E-02,  1.0008624E+03,  5.1407336E+04,3,
  3.1591885E+02,  0.0000000E+00,  2.5736200E+02,3153,  1.3374425E+00,  0.0000000E+00, -2.5669012E-02,  1.0002164E+03,  1.2876881E+04,3,
  3.1701840E+02,  0.0000000E+00,  2.5658499E+02,3095,  1.3239074E+00,  0.0000000E+00,  6.7641497E-02,  1.0003403E+03,  2.0252479E+04,3,
  3.1676239E+02,  0.0000000E+00,  2.5410115E+02,2903,  8.1772226E-01,  0.0000000E+00,  6.1147097E-02,  1.0008672E+03,  5.1699168E+04,3,
  3.1831537E+02,  0.0000000E+00,  2.5730408E+02,3142,  1.2897186E+00,  0.0000000E+00,  4.7483988E-02,  1.0002097E+03,  1.2473544E+04,3,
  3.1948175E+02,  0.0000000E+00,  2.5741159E+02,3152,  1.3349352E+00,  0.0000000E+00,  4.5678735E-02,  1.0002206E+03,  1.3127612E+04,3,
  3.1811932E+02,  0.0000000E+00,  2.5428979E+02,2986,  8.0591488E-01,  0.0000000E+00, -5.9238579E-02,  1.0007739E+03,  4.6123012E+04,3,
  3.2067041E+02,  0.0000000E+00,  2.5729779E+02,3143,  1.3850338E+00,  0.0000000E+00,  8.8364601E-02,  1.0002239E+03,  1.3323841E+04,3,
  3.2202399E+02,  0.0000000E+00,  2.5732468E+02,3122,  1.3774595E+00,  0.0000000E+00,  1.5599546E-01,  1.0001947E+03,  1.1583354E+04,3,
  3.1938171E+02,  0.0000000E+00,  2.5426901E+02,3042,  8.5739374E-01,  0.0000000E+00,  1.7768100E-01,  1.0007859E+03,  4.6837637E+04,3,
  3.2197629E+02,  0.0000000E+00,  2.5540828E+02,2894,  9.8638195E-01,  0.0000000E+00, -1.6541952E-01,  1.0006416E+03,  3.8221816E+04,3,
  3.2074307E+02,  0.0000000E+00,  2.5386473E+02,2641,  7.3627716E-01,  0.0000000E+00,  6.1403323E-02,  1.0007725E+03,  4.6035512E+04,3,
  3.2262549E+02,  0.0000000E+00,  2.5386339E+02,3032,  7.9286993E-01,  0.0000000E+00, -3.1829469E-02,  1.0008011E+03,  4.7745574E+04,3,
  3.2377542E+02,  0.0000000E+00,  2.5732663E+02,3134,  1.1106842E+00,  0.0000000E+00,  1.4881489E-01,  1.0002044E+03,  1.2161060E+04,3,
  3.2463702E+02,  0.0000000E+00,  2.5700372E+02,2749,  1.1162024E+00,  0.0000000E+00,  1.0562873E-01,  1.0002441E+03,  1.4526736E+04,3,
  3.2599411E+02,  0.0000000E+00,  2.5716547E+02,2758,  1.1944489E+00,  0.0000000E+00,  6.2010873E-02,  1.0002153E+03,  1.2807840E+04,3,
  3.2427945E+02,  0.0000000E+00,  2.5368227E+02,2650,  7.3447937E-01,  0.0000000E+00,  1.3691767E-01,  1.0008626E+03,  5.1421926E+04,3,
  3.2523007E+02,  0.0000000E+00,  2.5483369E+02,2858,  9.3108398E-01,  0.0000000E+00,  6.5947317E-02,  1.0006335E+03,  3.7737309E+04,3,
  3.2722705E+02,  0.0000000E+00,  2.5717368E+02,3113,  1.1686696E+00,  0.0000000E+00,  5.9704289E-02,  1.0002249E+03,  1.3378350E+04,3,
  3.2856000E+02,  0.0000000E+00,  2.5724249E+02,3124,  1.1950004E+00,  0.0000000E+00,  5.9710149E-02,  1.0002249E+03,  1.3381983E+04,3,
  3.2794565E+02,  0.0000000E+00,  2.5479379E+02,3015,  7.3741639E-01,  0.0000000E+00,  5.5495948E-02,  1.0007076E+03,  4.2160699E+04,3,
  3.2651773E+02,  0.0000000E+00,  2.5371837E+02,2886,  6.9250852E-01,  0.0000000E+00, -8.8163555E-02,  1.0008905E+03,  5.3089133E+04,3,
  3.2883618E+02,  0.0000000E+00,  2.5377640E+02,2959,  7.0661318E-01,  0.0000000E+00,  1.3296402E-02,  1.0008301E+03,  4.9481461E+04,3,
  3.2985938E+02,  0.0000000E+00,  2.5722836E+02,3114,  1.1247053E+00,  0.0000000E+00,  5.6697000E-02,  1.0002200E+03,  1.3091273E+04,3,
  3.3127820E+02,  0.0000000E+00,  2.5724371E+02,3106,  1.1983254E+00,  0.0000000E+00,  4.2922374E-02,  1.0002014E+03,  1.1979388E+04,3,
  3.3103397E+02,  0.0000000E+00,  2.5540881E+02,2968,  7.7122885E-01,  0.0000000E+00, -1.3715106E-01,  1.0005858E+03,  3.4889012E+04,3,
  3.3057001E+02,  0.0000000E+00,  2.5380353E+02,3014,  6.7000186E-01,  0.0000000E+00,  3.9377329E-03,  1.0007526E+03,  4.4847027E+04,3,
  3.3297223E+02,  0.0000000E+00,  2.5729736E+02,3125,  1.0441192E+00,  0.0000000E+00,  4.7192167E-02,  1.0002176E+03,  1.2945922E+04,3,
  3.3446277E+02,  0.0000000E+00,  2.5739044E+02,3115,  9.7522670E-01,  0.0000000E+00,  1.8831553E-02,  1.0002219E+03,  1.3203923E+04,3,
  3.3341541E+02,  0.0000000E+00,  2.5514851E+02,3005,  7.9885447E-01,  0.0000000E+00, -1.3196488E-01,  1.0005510E+03,  3.2817047E+04,3,
  3.3244989E+02,  0.0000000E+00,  2.5373065E+02,2896,  7.5387669E-01,  0.0000000E+00,  7.4621785E-05,  1.0007551E+03,  4.5000137E+04,3,
  3.3542612E+02,  0.0000000E+00,  2.5462418E+02,3078,  8.3122265E-01,  0.0000000E+00, -5.8107735E-03,  1.0005923E+03,  3.5282336E+04,3,
  3.3457443E+02,  0.0000000E+00,  2.5360515E+02,2970,  7.9636306E-01,  0.0000000E+00,  7.0584118E-03,  1.0007967E+03,  4.7483031E+04,3,
  3.3580746E+02,  0.0000000E+00,  2.5728790E+02,3116,  9.2766976E-01,  0.0000000E+00, -8.4773144E-03,  1.0002166E+03,  1.2887782E+04,3,
  3.3729489E+02,  0.0000000E+00,  2.5718903E+02,2977,  1.0429747E+00,  0.0000000E+00, -1.2210383E-02,  1.0001927E+03,  1.1467090E+04,3,
  3.3732568E+02,  0.0000000E+00,  2.5362592E+02,3024,  8.7543511E-01,  0.0000000E+00,  3.4482058E-02,  1.0008985E+03,  5.3567094E+04,3,
  3.3716901E+02,  0.0000000E+00,  2.5516512E+02,3050,  7.5507796E-01,  0.0000000E+00,  4.9581896E-03,  1.0005419E+03,  3.2274547E+04,3,
  3.3892859E+02,  0.0000000E+00,  2.5731451E+02,3108,  9.9483180E-01,  0.0000000E+00,  6.8027186E-03,  1.0001878E+03,  1.1172803E+04,3,
  3.4039664E+02,  0.0000000E+00,  2.5725470E+02,3117,  1.0131181E+00,  0.0000000E+00,  5.5870069E-03,  1.0001912E+03,  1.1372626E+04,3,
  3.3920868E+02,  0.0000000E+00,  2.5500706E+02,2923,  8.9722484E-01,  0.0000000E+00,  1.3774966E-01,  1.0006411E+03,  3.8192672E+04,3,
  3.4143713E+02,  0.0000000E+00,  2.5670682E+02,3059,  1.0123746E+00,  0.0000000E+00,  1.6224379E-02,  1.0002346E+03,  1.3959794E+04,3,
  3.3985367E+02,  0.0000000E+00,  2.5374200E+02,2944,  7.5409561E-01,  0.0000000E+00,  1.2064524E-02,  1.0008436E+03,  5.0283863E+04,3,
  3.4151181E+02,  0.0000000E+00,  2.5393291E+02,2895,  7.4381357E-01,  0.0000000E+00,  4.2168062E-02,  1.0007733E+03,  4.6082906E+04,3,
  3.4279135E+02,  0.0000000E+00,  2.5497643E+02,2632,  8.3284801E-01,  0.0000000E+00, -4.2125981E-02,  1.0006261E+03,  3.7296531E+04,3,
  3.4292581E+02,  0.0000000E+00,  2.5707275E+02,3097,  1.0993216E+00,  0.0000000E+00, -1.8984777E-03,  1.0001890E+03,  1.1241832E+04,3,
  3.4373474E+02,  0.0000000E+00,  2.5373994E+02,2840,  7.7946478E-01,  0.0000000E+00,  3.9773636E-02,  1.0007925E+03,  4.7231430E+04,3,
  3.4434677E+02,  0.0000000E+00,  2.5700226E+02,3088,  9.9217272E-01,  0.0000000E+00,  2.7475341E-03,  1.0001981E+03,  1.1786818E+04,3,
  3.4558923E+02,  0.0000000E+00,  2.5688217E+02,3099,  1.0912064E+00,  0.0000000E+00,  8.2995966E-03,  1.0001830E+03,  1.0885791E+04,3,
  3.4582660E+02,  0.0000000E+00,  2.5507021E+02,2969,  8.3314812E-01,  0.0000000E+00,  1.5157373E-02,  1.0005939E+03,  3.5377027E+04,3,
  3.4714502E+02,  0.0000000E+00,  2.5700507E+02,3098,  1.0721880E+00,  0.0000000E+00,  4.4269962E-03,  1.0001838E+03,  1.0936653E+04,3,
  3.4577463E+02,  0.0000000E+00,  2.5368381E+02,3033,  7.7037007E-01,  0.0000000E+00,  6.1004736E-02,  1.0007642E+03,  4.5539684E+04,3,
  3.4845255E+02,  0.0000000E+00,  2.5695416E+02,2940,  1.0834662E+00,  0.0000000E+00,  1.2595563E-02,  1.0001807E+03,  1.0747737E+04,3,
  3.4860999E+02,  0.0000000E+00,  2.5500352E+02,2605,  9.0446484E-01,  0.0000000E+00,  4.7367201E-03,  1.0005945E+03,  3.5413445E+04,3,
  3.4776074E+02,  0.0000000E+00,  2.5363959E+02,2951,  7.7349865E-01,  0.0000000E+00,  1.2985736E-01,  1.0007932E+03,  4.7275188E+04,3,
  3.5003537E+02,  0.0000000E+00,  2.5684012E+02,3070,  1.0947902E+00,  0.0000000E+00,  2.9586013E-02,  1.0001826E+03,  1.0863993E+04,3,
  3.5000531E+02,  0.0000000E+00,  2.5377977E+02,2878,  8.4029299E-01,  0.0000000E+00,  8.3770439E-02,  1.0007451E+03,  4.4398648E+04,3,
  3.5145734E+02,  0.0000000E+00,  2.5700235E+02,3089,  1.1444733E+00,  0.0000000E+00,  4.2420898E-02,  1.0001798E+03,  1.0696876E+04,3,
  3.5121906E+02,  0.0000000E+00,  2.5503946E+02,2888,  8.7686980E-01,  0.0000000E+00,  1.7571000E-02,  1.0005930E+03,  3.5318754E+04,3,
  3.5318152E+02,  0.0000000E+00,  2.5692383E+02,3079,  1.1362251E+00,  0.0000000E+00,  7.0111126E-02,  1.0001877E+03,  1.1165537E+04,3,
  3.5480362E+02,  0.0000000E+00,  2.5693933E+02,3081,  1.0882206E+00,  0.0000000E+00,  7.5965375E-02,  1.0001906E+03,  1.1336295E+04,3,
  3.5345541E+02,  0.0000000E+00,  2.5502614E+02,2904,  8.5450214E-01,  0.0000000E+00,  2.0089278E-02,  1.0005457E+03,  3.2500281E+04,3,
  3.5238156E+02,  0.0000000E+00,  2.5371394E+02,2877,  8.6292905E-01,  0.0000000E+00,  9.5449962E-02,  1.0006649E+03,  3.9609902E+04,3,
  3.5570602E+02,  0.0000000E+00,  2.5487289E+02,2906,  1.0394903E+00,  0.0000000E+00,  6.7186773E-02,  1.0005225E+03,  3.1116826E+04,3,
  3.5465445E+02,  0.0000000E+00,  2.5369930E+02,2868,  8.0569673E-01,  0.0000000E+00,  1.4311130E-01,  1.0006876E+03,  4.0965387E+04,3,
  3.5626508E+02,  0.0000000E+00,  2.5689264E+02,3071,  1.0541773E+00,  0.0000000E+00,  7.7892758E-02,  1.0001877E+03,  1.1165537E+04,3,
  3.5699161E+02,  0.0000000E+00,  2.5357831E+02,2907,  5.9518528E-01,  0.0000000E+00,  1.2334675E-01,  1.0007519E+03,  4.4806926E+04,3,
  3.5784772E+02,  0.0000000E+00,  2.5675537E+02,3023,  1.1026281E+00,  0.0000000E+00,  8.6049803E-02,  1.0001967E+03,  1.1699619E+04,3,
  3.5803424E+02,  0.0000000E+00,  2.5511786E+02,2860,  1.0952886E+00,  0.0000000E+00,  1.2623213E-01,  1.0005174E+03,  3.0811035E+04,3,
  3.6189993E+02,  0.0000000E+00,  2.5214621E+02,2774,  5.6094587E-01,  0.0000000E+00,  4.2792454E-01,  1.0013712E+03,  8.1862164E+04,3,
  3.5967029E+02,  0.0000000E+00,  2.5696173E+02,3080,  1.2137547E+00,  0.0000000E+00,  1.3297123E-01,  1.0002125E+03,  1.2644324E+04,3,
  3.6045541E+02,  0.0000000E+00,  2.5550937E+02,2914,  9.9398702E-01,  0.0000000E+00,  3.1686777E-01,  1.0003075E+03,  1.8299902E+04,3,
  3.6147147E+02,  0.0000000E+00,  2.5701508E+02,3063,  1.2845498E+00,  0.0000000E+00,  1.8748865E-01,  1.0002249E+03,  1.3378350E+04,3,
  3.5904782E+02,  0.0000000E+00,  2.5398755E+02,2997,  7.7621436E-01,  0.0000000E+00,  2.2898673E-01,  1.0007117E+03,  4.2408523E+04,3,
  3.6153568E+02,  0.0000000E+00,  2.5427803E+02,2889,  8.4235823E-01,  0.0000000E+00,  2.2507495E-01,  1.0006528E+03,  3.8888512E+04,3,
  3.6296384E+02,  0.0000000E+00,  2.5689642E+02,3052,  1.2316566E+00,  0.0000000E+00,  2.1275504E-01,  1.0002206E+03,  1.3123979E+04,3,
  3.6311380E+02,  0.0000000E+00,  2.5287511E+02,2579,  6.7818278E-01,  0.0000000E+00,  1.7622629E-01,  1.0009700E+03,  5.7840559E+04,3,
  3.6354849E+02,  0.0000000E+00,  2.5570842E+02,2971,  1.1877956E+00,  0.0000000E+00,  3.1079957E-01,  1.0002485E+03,  1.4788412E+04,3,
  3.6479254E+02,  0.0000000E+00,  2.5687729E+02,3053,  1.1756150E+00,  0.0000000E+00,  1.5354782E-01,  1.0002489E+03,  1.4810219E+04,3,
  3.6417654E+02,  0.0000000E+00,  2.5335304E+02,2988,  6.8730831E-01,  0.0000000E+00,  1.0464772E-02,  1.0004493E+03,  2.6749285E+04,3,
  3.6591452E+02,  0.0000000E+00,  2.5681406E+02,2795,  1.2167790E+00,  0.0000000E+00,  1.1605540E-01,  1.0002518E+03,  1.4984674E+04,3,
  3.6676419E+02,  0.0000000E+00,  2.5568344E+02,2916,  1.0996189E+00,  0.0000000E+00,  5.6966629E-02,  1.0002337E+03,  1.3905282E+04,3,
  3.6776309E+02,  0.0000000E+00,  2.5679251E+02,2677,  1.1723278E+00,  0.0000000E+00,  1.1265400E-01,  1.0002568E+03,  1.5282708E+04,3,
  3.6518002E+02,  0.0000000E+00,  2.5325337E+02,2750,  3.8566819E-01,  0.0000000E+00,  3.3979055E-02,  1.0005278E+03,  3.1433547E+04,3,
  3.6892715E+02,  0.0000000E+00,  2.5660645E+02,2822,  1.0775982E+00,  0.0000000E+00,  1.2255234E-01,  1.0002788E+03,  1.6591258E+04,3,
  3.6591953E+02,  0.0000000E+00,  2.5279752E+02,2762,  7.4654317E-01,  0.0000000E+00, -1.4414351E-02,  1.0010798E+03,  6.4413074E+04,3,
  3.6714682E+02,  0.0000000E+00,  2.5295575E+02,2816,  4.5601904E-01,  0.0000000E+00, -6.3764802E-03,  1.0007017E+03,  4.1807191E+04,3,
  3.6788177E+02,  0.0000000E+00,  2.5288747E+02,2696,  5.0560546E-01,  0.0000000E+00,  1.3140493E-02,  1.0007744E+03,  4.6148535E+04,3,
  3.6894788E+02,  0.0000000E+00,  2.5289223E+02,2898,  5.9278882E-01,  0.0000000E+00,  1.8154398E-02,  1.0008351E+03,  4.9776883E+04,3,
  3.7014758E+02,  0.0000000E+00,  2.5670023E+02,2686,  1.0471548E+00,  0.0000000E+00,  1.2570032E-01,  1.0002495E+03,  1.4846563E+04,3,
  3.6997784E+02,  0.0000000E+00,  2.5322308E+02,2897,  5.3822774E-01,  0.0000000E+00,  2.7674071E-02,  1.0004330E+03,  2.5781406E+04,3,
  3.7077359E+02,  0.0000000E+00,  2.5582130E+02,2777,  1.0600247E+00,  0.0000000E+00,  1.1721098E-01,  1.0003050E+03,  1.8150838E+04,3,
  3.7213623E+02,  0.0000000E+00,  2.5692203E+02,3034,  1.1124285E+00,  0.0000000E+00,  1.2603220E-01,  1.0002499E+03,  1.4868370E+04,3,
  3.7081964E+02,  0.0000000E+00,  2.5258435E+02,2765,  4.8511380E-01,  0.0000000E+00, -2.2269681E-03,  1.0012659E+03,  7.5552414E+04,3,
  3.7307697E+02,  0.0000000E+00,  2.5609259E+02,2778,  1.0493690E+00,  0.0000000E+00,  1.0979891E-01,  1.0002795E+03,  1.6634879E+04,3,
  3.7433441E+02,  0.0000000E+00,  2.5695355E+02,2659,  1.1048113E+00,  0.0000000E+00,  8.4598437E-02,  1.0002643E+03,  1.5729776E+04,3,
  3.7430695E+02,  0.0000000E+00,  2.5508116E+02,2933,  7.4139047E-01,  0.0000000E+00,  2.6049337E-01,  1.0001536E+03,  9.1384668E+03,3,
  3.7190787E+02,  0.0000000E+00,  2.5316972E+02,2891,  4.5518351E-01,  0.0000000E+00,  2.9799547E-02,  1.0004055E+03,  2.4136955E+04,3,
  3.7569000E+02,  0.0000000E+00,  2.5693762E+02,3054,  1.0423778E+00,  0.0000000E+00,  1.2815188E-02,  1.0002750E+03,  1.6365885E+04,3,
  3.7256625E+02,  0.0000000E+00,  2.5307069E+02,2515,  4.5400003E-01,  0.0000000E+00,  4.0411752E-02,  1.0005140E+03,  3.0610820E+04,3,
  3.7349521E+02,  0.0000000E+00,  2.5297678E+02,2852,  3.8022608E-01,  0.0000000E+00,  3.5913687E-02,  1.0007106E+03,  4.2339277E+04,3,
  3.7494208E+02,  0.0000000E+00,  2.5262727E+02,2775,  4.2678577E-01,  0.0000000E+00,  5.4468405E-02,  1.0015342E+03,  9.1640086E+04,3,
  3.7627545E+02,  0.0000000E+00,  2.5255775E+02,2730,  2.7462092E-01,  0.0000000E+00,  4.4406228E-02,  1.0016875E+03,  1.0084466E+05,3,
  3.7674628E+02,  0.0000000E+00,  2.5653409E+02,2668,  9.6992099E-01,  0.0000000E+00, -5.1466670E-02,  1.0002775E+03,  1.6514922E+04,3,
  3.7752985E+02,  0.0000000E+00,  2.5372383E+02,2943,  8.7757659E-01,  0.0000000E+00, -3.4162402E-01,  1.0003255E+03,  1.9372498E+04,3,
  3.7782941E+02,  0.0000000E+00,  2.5616879E+02,3006,  1.0541402E+00,  0.0000000E+00, -5.7522677E-02,  1.0002849E+03,  1.6951139E+04,3,
  3.7881903E+02,  0.0000000E+00,  2.5686411E+02,3025,  1.0053790E+00,  0.0000000E+00, -3.7930191E-02,  1.0002560E+03,  1.5231823E+04,3,
  3.7991791E+02,  0.0000000E+00,  2.5666806E+02,3043,  1.0185193E+00,  0.0000000E+00, -5.1010670E-03,  1.0002921E+03,  1.7380105E+04,3,
  3.7818835E+02,  0.0000000E+00,  2.5284479E+02,2561,  2.8354076E-01,  0.0000000E+00, -2.4705311E-02,  1.0008384E+03,  4.9977484E+04,3,
  3.8115417E+02,  0.0000000E+00,  2.5679117E+02,2813,  9.8041397E-01,  0.0000000E+00,  4.6399720E-02,  1.0002504E+03,  1.4897446E+04,3,
  3.7921277E+02,  0.0000000E+00,  2.5301038E+02,2844,  4.2676055E-01,  0.0000000E+00, -4.1735880E-02,  1.0006339E+03,  3.7762809E+04,3,
  3.8191989E+02,  0.0000000E+00,  2.5616306E+02,2987,  9.4770646E-01,  0.0000000E+00,  6.8889074E-02,  1.0003023E+03,  1.7990869E+04,3,
  3.7990472E+02,  0.0000000E+00,  2.5300481E+02,2859,  5.0990933E-01,  0.0000000E+00, -1.0560574E-02,  1.0006571E+03,  3.9147188E+04,3,
  3.8322781E+02,  0.0000000E+00,  2.5699005E+02,3044,  9.6561533E-01,  0.0000000E+00,  3.7810333E-02,  1.0002247E+03,  1.3367448E+04,3,
  3.8092648E+02,  0.0000000E+00,  2.5284236E+02,2825,  5.6963468E-01,  0.0000000E+00,  1.7940862E-02,  1.0008867E+03,  5.2859281E+04,3,
  3.8186282E+02,  0.0000000E+00,  2.5296474E+02,2761,  5.1154220E-01,  0.0000000E+00,  1.6628427E-02,  1.0006987E+03,  4.1632266E+04,3,
  3.8290961E+02,  0.0000000E+00,  2.5280853E+02,2746,  4.5034990E-01,  0.0000000E+00,  2.3936421E-02,  1.0009386E+03,  5.5964531E+04,3,
  3.8386273E+02,  0.0000000E+00,  2.5607224E+02,2768,  9.3187672E-01,  0.0000000E+00,  7.0478737E-02,  1.0002410E+03,  1.4341386E+04,3,
  3.8380289E+02,  0.0000000E+00,  2.5295877E+02,2434,  4.2023706E-01,  0.0000000E+00,  3.8254078E-02,  1.0008459E+03,  5.0426113E+04,3,
  3.8500116E+02,  0.0000000E+00,  2.5692850E+02,3035,  9.9687475E-01,  0.0000000E+00, -3.6999390E-02,  1.0002165E+03,  1.2880515E+04,3,
  3.8587146E+02,  0.0000000E+00,  2.5645154E+02,2932,  9.3478662E-01,  0.0000000E+00, -7.0556961E-02,  1.0002310E+03,  1.3741749E+04,3,
  3.8481531E+02,  0.0000000E+00,  2.5312761E+02,2543,  5.7377279E-01,  0.0000000E+00,  5.9017818E-02,  1.0008030E+03,  4.7862262E+04,3,
  3.8762201E+02,  0.0000000E+00,  2.5572255E+02,2551,  1.1458697E+00,  0.0000000E+00, -1.7321084E-01,  1.0004307E+03,  2.5639506E+04,3,
  3.8743884E+02,  0.0000000E+00,  2.5684943E+02,3036,  8.5383230E-01,  0.0000000E+00, -9.1557965E-02,  1.0001908E+03,  1.1350827E+04,3,
  3.8596042E+02,  0.0000000E+00,  2.5302087E+02,2643,  4.9366099E-01,  0.0000000E+00, -4.2270347E-03,  1.0010529E+03,  6.2802406E+04,3,
  3.8896579E+02,  0.0000000E+00,  2.5653552E+02,2905,  1.0239500E+00,  0.0000000E+00, -3.7351049E-02,  1.0002508E+03,  1.4922888E+04,3,
  3.8989203E+02,  0.0000000E+00,  2.5652606E+02,2978,  1.0130014E+00,  0.0000000E+00,  1.3799318E-03,  1.0002518E+03,  1.4984674E+04,3,
  3.8705463E+02,  0.0000000E+00,  2.5268857E+02,2425,  4.7830489E-01,  0.0000000E+00, -7.4703522E-02,  1.0012184E+03,  7.2711578E+04,3,
  3.8839566E+02,  0.0000000E+00,  2.5308264E+02,2917,  4.4655430E-01,  0.0000000E+00, -5.0393030E-02,  1.0005457E+03,  3.2496641E+04,3,
  3.8895160E+02,  0.0000000E+00,  2.5236748E+02,2861,  5.0117683E-01,  0.0000000E+00, -2.4091457E-01,  1.0005457E+03,  3.2500281E+04,3,
  3.8991241E+02,  0.0000000E+00,  2.5181157E+02,2651,  6.6602284E-01,  0.0000000E+00, -4.4399923E-01,  1.0004015E+03,  2.3900498E+04,3,
  3.9064844E+02,  0.0000000E+00,  2.5465359E+02,2853,  4.7017929E-01,  0.0000000E+00, -3.4817949E-01,  1.0007579E+03,  4.5167832E+04,3,
  3.9150558E+02,  0.0000000E+00,  2.5663397E+02,3026,  8.5376316E-01,  0.0000000E+00, -1.3312195E-02,  1.0002312E+03,  1.3756285E+04,3,
  3.9274927E+02,  0.0000000E+00,  2.5661179E+02,3017,  8.4353787E-01,  0.0000000E+00, -6.7214496E-02,  1.0002572E+03,  1.5304516E+04,3,
  3.9204611E+02,  0.0000000E+00,  2.5388483E+02,2797,  5.2672577E-01,  0.0000000E+00, -1.1431117E-01,  1.0007309E+03,  4.3552977E+04,3,
  3.9401093E+02,  0.0000000E+00,  2.5674255E+02,3027,  8.3240795E-01,  0.0000000E+00, -9.8276861E-02,  1.0002476E+03,  1.4730261E+04,3,
  3.9349796E+02,  0.0000000E+00,  2.5402348E+02,2880,  4.4258410E-01,  0.0000000E+00, -7.7888303E-02,  1.0006352E+03,  3.7839309E+04,3,
  3.9519205E+02,  0.0000000E+00,  2.5660532E+02,2786,  8.5488296E-01,  0.0000000E+00, -9.6343711E-02,  1.0002744E+03,  1.6329534E+04,3,
  3.9645612E+02,  0.0000000E+00,  2.5669678E+02,3007,  8.6041850E-01,  0.0000000E+00, -6.7013517E-02,  1.0002491E+03,  1.4821122E+04,3,
  3.9489404E+02,  0.0000000E+00,  2.5380121E+02,2587,  5.6253248E-01,  0.0000000E+00, -1.4204133E-01,  1.0006942E+03,  4.1358949E+04,3,
  3.9635114E+02,  0.0000000E+00,  2.5429358E+02,2779,  5.2808601E-01,  0.0000000E+00,  3.0053256E-02,  1.0005998E+03,  3.5726660E+04,3,
  3.9772720E+02,  0.0000000E+00,  2.5677686E+02,3018,  8.4365106E-01,  0.0000000E+00, -5.6449525E-02,  1.0002159E+03,  1.2844177E+04,3,
  3.9756924E+02,  0.0000000E+00,  2.5358182E+02,2833,  5.7717931E-01,  0.0000000E+00, -7.9104314E-03,  1.0007304E+03,  4.3523820E+04,3,
  3.9905087E+02,  0.0000000E+00,  2.5665216E+02,2759,  9.2182350E-01,  0.0000000E+00, -5.5091266E-02,  1.0002023E+03,  1.2037522E+04,3,
  3.9908212E+02,  0.0000000E+00,  2.5479111E+02,2714,  6.4377379E-01,  0.0000000E+00,  5.0477486E-02,  1.0006174E+03,  3.6775645E+04,3,
  4.0043253E+02,  0.0000000E+00,  2.5677405E+02,2998,  9.0011042E-01,  0.0000000E+00, -9.5660038E-02,  1.0002115E+03,  1.2586186E+04,3,
  4.0158997E+02,  0.0000000E+00,  2.5675946E+02,2989,  8.8935620E-01,  0.0000000E+00, -1.1854996E-01,  1.0002199E+03,  1.3084006E+04,3,
  3.9982965E+02,  0.0000000E+00,  2.5339713E+02,2742,  5.2739620E-01,  0.0000000E+00, -1.2305546E-02,  1.0008112E+03,  4.8350914E+04,3,
  4.0288153E+02,  0.0000000E+00,  2.5665140E+02,2623,  1.0573421E+00,  0.0000000E+00, -1.0567842E-01,  1.0002240E+03,  1.3327475E+04,3,
  4.0144366E+02,  0.0000000E+00,  2.5400682E+02,2743,  5.8148926E-01,  0.0000000E+00, -6.2012278E-02,  1.0006774E+03,  4.0356855E+04,3,
  4.0300085E+02,  0.0000000E+00,  2.5473019E+02,2823,  7.0476401E-01,  0.0000000E+00, -1.9157942E-02,  1.0005739E+03,  3.4178887E+04,3,
  4.0364542E+02,  0.0000000E+00,  2.5348495E+02,2488,  5.6814235E-01,  0.0000000E+00,  9.2613613E-03,  1.0007336E+03,  4.3717004E+04,3,
  4.0434210E+02,  0.0000000E+00,  2.5677011E+02,2980,  9.9854738E-01,  0.0000000E+00, -7.2283156E-02,  1.0002275E+03,  1.3538243E+04,3,
  4.0553561E+02,  0.0000000E+00,  2.5666470E+02,2614,  9.4472116E-01,  0.0000000E+00, -6.8197265E-02,  1.0002242E+03,  1.3342011E+04,3,
  4.0533624E+02,  0.0000000E+00,  2.5399290E+02,2935,  6.5575987E-01,  0.0000000E+00, -3.2826681E-02,  1.0006387E+03,  3.8050598E+04,3,
  4.0693997E+02,  0.0000000E+00,  2.5684085E+02,2991,  1.0058829E+00,  0.0000000E+00, -1.0373546E-01,  1.0001914E+03,  1.1387159E+04,3,
  4.0826654E+02,  0.0000000E+00,  2.5654337E+02,2961,  1.1399676E+00,  0.0000000E+00, -1.0443027E-01,  1.0002388E+03,  1.4210553E+04,3,
  4.0680569E+02,  0.0000000E+00,  2.5470200E+02,2824,  8.4589845E-01,  0.0000000E+00,  3.2911781E-02,  1.0005785E+03,  3.4455648E+04,3,
  4.0963632E+02,  0.0000000E+00,  2.5681839E+02,3000,  1.1958331E+00,  0.0000000E+00, -4.6861660E-02,  1.0002333E+03,  1.3879844E+04,3,
  4.0731555E+02,  0.0000000E+00,  2.5333429E+02,2669,  5.7024223E-01,  0.0000000E+00,  6.7571066E-02,  1.0008054E+03,  4.8004480E+04,3,
  4.0891306E+02,  0.0000000E+00,  2.5458423E+02,2817,  6.7425275E-01,  0.0000000E+00,  9.1441043E-02,  1.0005164E+03,  3.0752791E+04,3,
  4.1052600E+02,  0.0000000E+00,  2.5384560E+02,2835,  1.0365163E+00,  0.0000000E+00,  1.3411906E-01,  1.0008179E+03,  4.8748414E+04,3,
  4.1145432E+02,  0.0000000E+00,  2.5187871E+02,2717,  1.2768146E+00,  0.0000000E+00,  1.0528610E+00,  1.0011135E+03,  6.6429516E+04,3,
  4.1093564E+02,  0.0000000E+00,  2.5659412E+02,2925,  1.1050755E+00,  0.0000000E+00,  1.9642593E-02,  1.0002376E+03,  1.4137868E+04,3,
  4.1196960E+02,  0.0000000E+00,  2.5509146E+02,2615,  1.0527920E+00,  0.0000000E+00,  9.5636196E-02,  1.0005164E+03,  3.0749150E+04,3,
  4.1247760E+02,  0.0000000E+00,  2.5692624E+02,2990,  1.0810391E+00,  0.0000000E+00, -4.5267548E-02,  1.0001970E+03,  1.1717785E+04,3,
  4.1398151E+02,  0.0000000E+00,  2.5252168E+02,2685,  1.0018057E+00,  0.0000000E+00,  2.8508587E-02,  1.0020443E+03,  1.2229489E+05,3,
  4.1205801E+02,  0.0000000E+00,  2.5335201E+02,2687,  4.6265811E-01,  0.0000000E+00, -7.3280567E-01,  1.0000767E+03,  4.5627344E+03,3,
  4.1376727E+02,  0.0000000E+00,  2.5679797E+02,2741,  1.0788932E+00,  0.0000000E+00, -1.3300499E-01,  1.0001860E+03,  1.1063811E+04,3,
  4.1502383E+02,  0.0000000E+00,  2.5689313E+02,2973,  1.1553824E+00,  0.0000000E+00, -1.8279403E-01,  1.0002041E+03,  1.2142893E+04,3,
  4.1428571E+02,  0.0000000E+00,  2.5483174E+02,2815,  7.4020410E-01,  0.0000000E+00, -7.7046834E-02,  1.0004940E+03,  2.9413256E+04,3,
  4.1545999E+02,  0.0000000E+00,  2.5292035E+02,2703,  1.0362601E+00,  0.0000000E+00, -7.2642423E-02,  1.0012092E+03,  7.2155938E+04,3,
  4.1606241E+02,  0.0000000E+00,  2.5668686E+02,2972,  1.1842636E+00,  0.0000000E+00, -1.4630406E-01,  1.0002222E+03,  1.3222092E+04,3,
  4.1679205E+02,  0.0000000E+00,  2.5299570E+02,2598,  9.6651328E-01,  0.0000000E+00, -5.2499287E-02,  1.0007010E+03,  4.1767105E+04,3,
  4.1761847E+02,  0.0000000E+00,  2.5576955E+02,2470,  1.2050890E+00,  0.0000000E+00, -4.5672473E-03,  1.0003419E+03,  2.0347025E+04,3,
  4.1753854E+02,  0.0000000E+00,  2.5288658E+02,2710,  7.8766352E-01,  0.0000000E+00,  3.1575564E-02,  1.0007622E+03,  4.5423023E+04,3,
  4.1773294E+02,  0.0000000E+00,  2.5666861E+02,2841,  1.0416737E+00,  0.0000000E+00, -7.3526755E-02,  1.0002333E+03,  1.3879844E+04,3,
  4.1886722E+02,  0.0000000E+00,  2.5317894E+02,2806,  1.0731529E+00,  0.0000000E+00, -2.3740612E-02,  1.0004604E+03,  2.7415211E+04,3,
  4.1917023E+02,  0.0000000E+00,  2.5681976E+02,2982,  1.1861473E+00,  0.0000000E+00, -6.8160169E-02,  1.0002704E+03,  1.6089627E+04,3,
  4.1905029E+02,  0.0000000E+00,  2.5273184E+02,2626,  1.0003545E+00,  0.0000000E+00, -1.5867488E-02,  1.0010003E+03,  5.9654871E+04,3,
  4.2019589E+02,  0.0000000E+00,  2.5655725E+02,2869,  1.1487354E+00,  0.0000000E+00, -3.7367530E-02,  1.0002914E+03,  1.7340117E+04,3,
  4.2067334E+02,  0.0000000E+00,  2.5273871E+02,2507,  9.0740126E-01,  0.0000000E+00, -1.3094999E-02,  1.0010602E+03,  6.3237008E+04,3,
  4.2157312E+02,  0.0000000E+00,  2.5682745E+02,2962,  1.2631830E+00,  0.0000000E+00, -5.8992002E-03,  1.0002312E+03,  1.3756285E+04,3,
  4.2181000E+02,  0.0000000E+00,  2.5550243E+02,2658,  1.0863054E+00,  0.0000000E+00,  7.5125471E-02,  1.0003345E+03,  1.9910658E+04,3,
  4.2133862E+02,  0.0000000E+00,  2.5320984E+02,2720,  9.1905183E-01,  0.0000000E+00,  9.5521826E-03,  1.0004232E+03,  2.5195631E+04,3,
  4.2322433E+02,  0.0000000E+00,  2.5649045E+02,2887,  1.2141507E+00,  0.0000000E+00,  1.4487195E-02,  1.0002897E+03,  1.7241963E+04,3,
  4.2245825E+02,  0.0000000E+00,  2.5275981E+02,2617,  9.6692473E-01,  0.0000000E+00,  4.1303027E-02,  1.0010652E+03,  6.3540141E+04,3,
  4.2357040E+02,  0.0000000E+00,  2.5287599E+02,2580,  9.8139966E-01,  0.0000000E+00,  3.9116688E-02,  1.0009182E+03,  5.4745672E+04,3,
  4.2415002E+02,  0.0000000E+00,  2.5686404E+02,2954,  1.1724700E+00,  0.0000000E+00,  1.8094627E-02,  1.0002670E+03,  1.5889708E+04,3,
  4.2449728E+02,  0.0000000E+00,  2.5300008E+02,2480,  9.6665698E-01,  0.0000000E+00,  2.7915502E-02,  1.0007446E+03,  4.4373129E+04,3,
  4.2537387E+02,  0.0000000E+00,  2.5683783E+02,2842,  1.1567501E+00,  0.0000000E+00,  2.7250724E-02,  1.0002609E+03,  1.5522596E+04,3,
  4.2609030E+02,  0.0000000E+00,  2.5571881E+02,2660,  1.2798191E+00,  0.0000000E+00,  7.1115360E-02,  1.0003569E+03,  2.1245275E+04,3,
  4.2561487E+02,  0.0000000E+00,  2.5321393E+02,2534,  9.2288077E-01,  0.0000000E+00,  2.2424117E-02,  1.0005219E+03,  3.1080422E+04,3,
  4.2628638E+02,  0.0000000E+00,  2.5255920E+02,2389,  9.4190341E-01,  0.0000000E+00,  5.9778737E-03,  1.0014230E+03,  8.4972789E+04,3,
  4.2708163E+02,  0.0000000E+00,  2.5700266E+02,2955,  1.1757212E+00,  0.0000000E+00,  4.4368710E-02,  1.0002602E+03,  1.5482614E+04,3,
  4.2828513E+02,  0.0000000E+00,  2.5699823E+02,2964,  1.1827494E+00,  0.0000000E+00,  4.3149814E-02,  1.0002603E+03,  1.5486249E+04,3,
  4.2779761E+02,  0.0000000E+00,  2.5316765E+02,2733,  9.0070498E-01,  0.0000000E+00,  1.1708554E-02,  1.0004795E+03,  2.8550662E+04,3,
  4.2910553E+02,  0.0000000E+00,  2.5563927E+02,2706,  1.1847521E+00,  0.0000000E+00,  4.7025573E-02,  1.0003779E+03,  2.2492777E+04,3,
  4.2831393E+02,  0.0000000E+00,  2.5279897E+02,2745,  9.4516456E-01,  0.0000000E+00, -8.4365886E-03,  1.0009108E+03,  5.4300496E+04,3,
  4.3002567E+02,  0.0000000E+00,  2.5690805E+02,2934,  1.1342098E+00,  0.0000000E+00,  1.2707995E-02,  1.0002691E+03,  1.6013294E+04,3,
  4.2937589E+02,  0.0000000E+00,  2.5318503E+02,2781,  9.2452168E-01,  0.0000000E+00, -2.3633378E-02,  1.0004045E+03,  2.4082389E+04,3,
  4.3024701E+02,  0.0000000E+00,  2.5275037E+02,2699,  9.3337590E-01,  0.0000000E+00, -1.4881164E-02,  1.0009955E+03,  5.9370105E+04,3,
  4.3113406E+02,  0.0000000E+00,  2.5669043E+02,2732,  1.1803001E+00,  0.0000000E+00, -2.0392753E-02,  1.0003229E+03,  1.9216146E+04,3,
  4.3116974E+02,  0.0000000E+00,  2.5304355E+02,2736,  9.0774626E-01,  0.0000000E+00,  4.9051712E-04,  1.0006624E+03,  3.9464164E+04,3,
  4.3201251E+02,  0.0000000E+00,  2.5306671E+02,2689,  8.9467293E-01,  0.0000000E+00,  3.5618868E-02,  1.0006506E+03,  3.8760996E+04,3,
  4.3230630E+02,  0.0000000E+00,  2.5693140E+02,2578,  1.1853795E+00,  0.0000000E+00, -1.0423023E-02,  1.0002646E+03,  1.5744315E+04,3,
  4.3307187E+02,  0.0000000E+00,  2.5647443E+02,2836,  1.1733220E+00,  0.0000000E+00, -4.4276514E-03,  1.0003028E+03,  1.8019955E+04,3,
  4.3309656E+02,  0.0000000E+00,  2.5274049E+02,2571,  8.7951767E-01,  0.0000000E+00,  4.9847323E-02,  1.0011273E+03,  6.7255203E+04,3,
  4.3427222E+02,  0.0000000E+00,  2.5557986E+02,2678,  1.2560428E+00,  0.0000000E+00,  1.1016606E-01,  1.0003014E+03,  1.7936336E+04,3,
  4.3477603E+02,  0.0000000E+00,  2.5703519E+02,2945,  1.1017092E+00,  0.0000000E+00, -2.5095373E-02,  1.0002408E+03,  1.4330483E+04,3,
  4.3416391E+02,  0.0000000E+00,  2.5279027E+02,2646,  9.6208537E-01,  0.0000000E+00,  3.4217268E-02,  1.0010480E+03,  6.2510250E+04,3,
  4.3616296E+02,  0.0000000E+00,  2.5706601E+02,2936,  1.2275367E+00,  0.0000000E+00, -5.7504158E-02,  1.0002506E+03,  1.4911983E+04,3,
  4.3541901E+02,  0.0000000E+00,  2.5307715E+02,2680,  9.3101972E-01,  0.0000000E+00, -3.8416605E-02,  1.0006707E+03,  3.9959688E+04,3,
  4.3677283E+02,  0.0000000E+00,  2.5643423E+02,2870,  1.2791709E+00,  0.0000000E+00, -1.6785258E-02,  1.0003463E+03,  2.0612492E+04,3,
  4.3605106E+02,  0.0000000E+00,  2.5276210E+02,2711,  8.9179242E-01,  0.0000000E+00, -6.1778225E-02,  1.0010076E+03,  6.0089332E+04,3,
  4.3731003E+02,  0.0000000E+00,  2.5314897E+02,2799,  8.3746308E-01,  0.0000000E+00, -1.2349991E-01,  1.0004122E+03,  2.4540768E+04,3,
  4.3766354E+02,  0.0000000E+00,  2.5300226E+02,2688,  8.9349121E-01,  0.0000000E+00, -9.9534974E-02,  1.0005469E+03,  3.2569459E+04,3,
  4.3796854E+02,  0.0000000E+00,  2.5613068E+02,2707,  1.1719609E+00,  0.0000000E+00,  1.0494547E-01,  1.0002958E+03,  1.7605502E+04,3,
  4.3888519E+02,  0.0000000E+00,  2.5707782E+02,2705,  1.2115111E+00,  0.0000000E+00, -1.0860072E-01,  1.0001783E+03,  1.0609686E+04,3,
  4.3902603E+02,  0.0000000E+00,  2.5262415E+02,2635,  1.2789974E+00,  0.0000000E+00,  1.4438771E-01,  1.0008261E+03,  4.9240754E+04,3,
  4.4039371E+02,  0.0000000E+00,  2.5712360E+02,2560,  1.4647760E+00,  0.0000000E+00, -1.8851520E-01,  1.0002115E+03,  1.2586186E+04,3,
  4.3996368E+02,  0.0000000E+00,  2.5289539E+02,2681,  4.0951207E-01,  0.0000000E+00,  1.9217053E-01,  1.0007514E+03,  4.4777762E+04,3,
  4.4010242E+02,  0.0000000E+00,  2.5601849E+02,2645,  1.2722549E+00,  0.0000000E+00, -1.1385880E-01,  1.0003344E+03,  1.9899750E+04,3,
  4.4198526E+02,  0.0000000E+00,  2.5692175E+02,2796,  1.8571798E+00,  0.0000000E+00, -1.7175651E-01,  1.0003517E+03,  2.0936152E+04,3,
  4.4042593E+02,  0.0000000E+00,  2.5335577E+02,2735,  4.9410164E-01,  0.0000000E+00,  3.7914872E-01,  1.0006503E+03,  3.8739137E+04,3,
  4.4318658E+02,  0.0000000E+00,  2.5663715E+02,2805,  2.3389421E+00,  0.0000000E+00, -1.4726996E-02,  1.0005514E+03,  3.2838891E+04,3,
  4.4087424E+02,  0.0000000E+00,  2.5346257E+02,2609,  9.1432434E-01,  0.0000000E+00,  8.2876909E-01,  1.0008121E+03,  4.8405613E+04,3,
  4.4215714E+02,  0.0000000E+00,  2.5496388E+02,2827,  1.5898267E+00,  0.0000000E+00,  1.4417360E+00,  9.9971991E+02, -1.6639607E+04,3,
  4.4383630E+02,  0.0000000E+00,  2.5514526E+02,2656,  1.9111097E+00,  0.0000000E+00, -2.1146950E-01,  1.0002526E+03,  1.5031923E+04,3,
  4.4479202E+02,  0.0000000E+00,  2.5503583E+02,2789,  1.5218025E+00,  0.0000000E+00, -3.2416210E-01,  1.0004023E+03,  2.3951428E+04,3,
  4.4554224E+02,  0.0000000E+00,  2.5494904E+02,2608,  1.4035555E+00,  0.0000000E+00, -3.0779389E-01,  1.0003163E+03,  1.8827096E+04,3,
  4.4581738E+02,  0.0000000E+00,  2.5671826E+02,2926,  1.5334613E+00,  0.0000000E+00, -5.8291674E-02,  1.0003276E+03,  1.9496127E+04,3,
  4.4814359E+02,  0.0000000E+00,  2.5672623E+02,2928,  2.1611795E+00,  0.0000000E+00, -2.9776412E-01,  1.0002741E+03,  1.6311359E+04,3,
  4.4665021E+02,  0.0000000E+00,  2.5492076E+02,2673,  1.6116768E+00,  0.0000000E+00, -1.2477043E-01,  1.0005320E+03,  3.1681107E+04,3,
  4.4763028E+02,  0.0000000E+00,  2.5505972E+02,2516,  1.5606502E+00,  0.0000000E+00,  1.3407283E-01,  1.0001362E+03,  8.1032949E+03,3,
  4.4971289E+02,  0.0000000E+00,  2.5580782E+02,2570,  2.2602580E+00,  0.0000000E+00, -5.0964850E-01,  1.0006946E+03,  4.1388102E+04,3,
  4.4870184E+02,  0.0000000E+00,  2.5494687E+02,2770,  1.3206387E+00,  0.0000000E+00,  4.7974702E-02,  1.0001917E+03,  1.1405325E+04,3,
  4.4995212E+02,  0.0000000E+00,  2.5484535E+02,2624,  1.4991324E+00,  0.0000000E+00, -6.8672411E-02,  1.0001965E+03,  1.1688719E+04,3,
  4.5148407E+02,  0.0000000E+00,  2.5470969E+02,2629,  1.6919210E+00,  0.0000000E+00, -1.1331275E-01,  1.0006671E+03,  3.9741070E+04,3,
  4.5156232E+02,  0.0000000E+00,  2.5608630E+02,2899,  2.0670061E+00,  0.0000000E+00, -2.2535360E-01,  1.0004214E+03,  2.5086484E+04,3,
  4.5282391E+02,  0.0000000E+00,  2.5493893E+02,2666,  1.7514095E+00,  0.0000000E+00, -1.2222539E-01,  1.0004200E+03,  2.5002805E+04,3,
  4.5374252E+02,  0.0000000E+00,  2.5620190E+02,2900,  2.0398591E+00,  0.0000000E+00, -1.2040672E-01,  1.0002912E+03,  1.7329211E+04,3,
  4.5417148E+02,  0.0000000E+00,  2.5474968E+02,2533,  1.7304896E+00,  0.0000000E+00, -1.0199861E-01,  1.0007579E+03,  4.5164184E+04,3,
  4.5562546E+02,  0.0000000E+00,  2.5626022E+02,2927,  2.0566199E+00,  0.0000000E+00, -4.2862393E-02,  1.0002042E+03,  1.2146525E+04,3,
  4.5576572E+02,  0.0000000E+00,  2.5473717E+02,2649,  1.7162669E+00,  0.0000000E+00, -4.3736394E-02,  1.0008170E+03,  4.8693711E+04,3,
  4.5738773E+02,  0.0000000E+00,  2.5633392E+02,2901,  1.9906579E+00,  0.0000000E+00,  1.7601018E-03,  1.0000875E+03,  5.2017573E+03,3,
  4.5722531E+02,  0.0000000E+00,  2.5492397E+02,2628,  1.7398446E+00,  0.0000000E+00, -9.7380737E-03,  1.0006505E+03,  3.8753711E+04,3,
  4.5845013E+02,  0.0000000E+00,  2.5497897E+02,2535,  1.8246280E+00,  0.0000000E+00,  7.2560511E-03,  1.0006256E+03,  3.7267391E+04,3,
  4.5952661E+02,  0.0000000E+00,  2.5605493E+02,2769,  1.9825866E+00,  0.0000000E+00,  2.8791154E-02,  1.0000646E+03,  3.8402522E+03,3,
  4.5979294E+02,  0.0000000E+00,  2.5480849E+02,2648,  1.7616591E+00,  0.0000000E+00,  2.7586792E-02,  1.0008040E+03,  4.7920609E+04,3,
  4.6107059E+02,  0.0000000E+00,  2.5483067E+02,2790,  1.7551861E+00,  0.0000000E+00,  6.1232734E-02,  1.0008170E+03,  4.8693711E+04,3,
  4.6194229E+02,  0.0000000E+00,  2.5652167E+02,2524,  2.1123989E+00,  0.0000000E+00,  1.2314745E-01,  1.0000882E+03,  5.2453286E+03,3,
  4.6247849E+02,  0.0000000E+00,  2.5502632E+02,2771,  1.7218601E+00,  0.0000000E+00,  9.6749082E-02,  1.0004640E+03,  2.7626279E+04,3,
  4.6323666E+02,  0.0000000E+00,  2.5507112E+02,2808,  1.8210056E+00,  0.0000000E+00,  4.5532610E-02,  1.0003749E+03,  2.2314555E+04,3,
  4.6415286E+02,  0.0000000E+00,  2.5657281E+02,2882,  1.7510432E+00,  0.0000000E+00,  6.0951147E-02,  1.0000802E+03,  4.7696860E+03,3,
  4.6441464E+02,  0.0000000E+00,  2.5492009E+02,2683,  1.8192743E+00,  0.0000000E+00, -2.6250158E-02,  1.0005353E+03,  3.1877703E+04,3,
  4.6505710E+02,  0.0000000E+00,  2.5509688E+02,2597,  1.9542994E+00,  0.0000000E+00, -7.5159118E-02,  1.0004052E+03,  2.4118768E+04,3,
  4.6652405E+02,  0.0000000E+00,  2.5472301E+02,2371,  1.8195943E+00,  0.0000000E+00, -1.3440722E-01,  1.0008707E+03,  5.1903453E+04,3,
  4.6668225E+02,  0.0000000E+00,  2.5634796E+02,2871,  1.6599358E+00,  0.0000000E+00, -4.8464660E-02,  1.0000806E+03,  4.7914707E+03,3,
  4.6778717E+02,  0.0000000E+00,  2.5504472E+02,2674,  1.7248197E+00,  0.0000000E+00, -9.0492330E-02,  1.0005832E+03,  3.4736059E+04,3,
  4.6875510E+02,  0.0000000E+00,  2.5509872E+02,2747,  1.8535118E+00,  0.0000000E+00, -1.2503596E-01,  1.0004928E+03,  2.9344102E+04,3,
  4.6909576E+02,  0.0000000E+00,  2.5657288E+02,2873,  1.7768810E+00,  0.0000000E+00, -1.0426214E-01,  1.0000919E+03,  5.4631880E+03,3,
  4.6997583E+02,  0.0000000E+00,  2.5482896E+02,2652,  1.8013847E+00,  0.0000000E+00, -1.1787544E-01,  1.0006774E+03,  4.0360496E+04,3,
  4.7080890E+02,  0.0000000E+00,  2.5512505E+02,2700,  1.8582413E+00,  0.0000000E+00, -1.4674306E-01,  1.0002158E+03,  1.2836910E+04,3,
  4.7120859E+02,  0.0000000E+00,  2.5644931E+02,2890,  1.6622217E+00,  0.0000000E+00, -4.1461412E-02,  1.0001343E+03,  7.9907036E+03,3,
  4.7219769E+02,  0.0000000E+00,  2.5475781E+02,2601,  1.7394353E+00,  0.0000000E+00, -7.0616134E-02,  1.0008268E+03,  4.9284516E+04,3,
  4.7323935E+02,  0.0000000E+00,  2.5498825E+02,2554,  1.8439590E+00,  0.0000000E+00,  3.6190931E-02,  1.0005507E+03,  3.2798840E+04,3,
  4.7349896E+02,  0.0000000E+00,  2.5632193E+02,2892,  1.6198512E+00,  0.0000000E+00, -3.9836802E-02,  1.0001074E+03,  6.3891426E+03,3,
  4.7448325E+02,  0.0000000E+00,  2.5479039E+02,2582,  1.8748875E+00,  0.0000000E+00,  5.6860294E-02,  1.0007358E+03,  4.3848227E+04,3,
  4.7561548E+02,  0.0000000E+00,  2.5581084E+02,2826,  1.7559326E+00,  0.0000000E+00, -7.2709575E-02,  1.0002639E+03,  1.5704333E+04,3,
  4.7596603E+02,  0.0000000E+00,  2.5495244E+02,2807,  1.8320996E+00,  0.0000000E+00,  4.6435639E-02,  1.0005278E+03,  3.1433547E+04,3,
  4.7712869E+02,  0.0000000E+00,  2.5507391E+02,2607,  1.8186777E+00,  0.0000000E+00,  4.0807072E-02,  1.0004593E+03,  2.7346068E+04,3,
  4.7793188E+02,  0.0000000E+00,  2.5488474E+02,2671,  1.8742709E+00,  0.0000000E+00, -3.3902302E-02,  1.0005597E+03,  3.3334086E+04,3,
  4.7812531E+02,  0.0000000E+00,  2.5648987E+02,2506,  1.7850708E+00,  0.0000000E+00, -5.0920311E-02,  1.0001193E+03,  7.0972837E+03,3,
  4.7920929E+02,  0.0000000E+00,  2.5503059E+02,2691,  1.8475512E+00,  0.0000000E+00, -9.1142625E-02,  1.0004227E+03,  2.5166523E+04,3,
  4.8022260E+02,  0.0000000E+00,  2.5492781E+02,2672,  1.8548335E+00,  0.0000000E+00, -1.1121718E-01,  1.0004845E+03,  2.8849105E+04,3,
  4.8020007E+02,  0.0000000E+00,  2.5662625E+02,2760,  1.7661268E+00,  0.0000000E+00, -7.7890001E-02,  1.0001215E+03,  7.2243916E+03,3,
  4.8114978E+02,  0.0000000E+00,  2.5501546E+02,2692,  1.8345407E+00,  0.0000000E+00, -1.3096882E-01,  1.0004135E+03,  2.4617166E+04,3,
  4.8250436E+02,  0.0000000E+00,  2.5616943E+02,2834,  1.8182328E+00,  0.0000000E+00, -6.0243111E-02,  1.0002253E+03,  1.3407421E+04,3,
  4.8231335E+02,  0.0000000E+00,  2.5489661E+02,2753,  1.7995996E+00,  0.0000000E+00, -1.1224452E-01,  1.0005257E+03,  3.1306129E+04,3,
  4.8441388E+02,  0.0000000E+00,  2.5620010E+02,2874,  1.8211454E+00,  0.0000000E+00,  3.6482904E-03,  1.0001635E+03,  9.7232959E+03,3,
  4.8362003E+02,  0.0000000E+00,  2.5484268E+02,2619,  1.7893542E+00,  0.0000000E+00, -5.1324401E-02,  1.0006454E+03,  3.8451328E+04,3,
  4.8522940E+02,  0.0000000E+00,  2.5492554E+02,2843,  1.7844667E+00,  0.0000000E+00,  2.5179954E-02,  1.0006136E+03,  3.6549812E+04,3,
  4.8559006E+02,  0.0000000E+00,  2.5515602E+02,2863,  1.8253237E+00,  0.0000000E+00,  1.1470560E-01,  1.0003130E+03,  1.8630758E+04,3,
  4.8698422E+02,  0.0000000E+00,  2.5502190E+02,2854,  1.8059042E+00,  0.0000000E+00,  1.0763974E-01,  1.0007952E+03,  4.7395516E+04,3,
  4.8823553E+02,  0.0000000E+00,  2.5468646E+02,2600,  1.8778554E+00,  0.0000000E+00,  4.3651022E-02,  1.0008606E+03,  5.1301551E+04,3,
  4.8861172E+02,  0.0000000E+00,  2.5592702E+02,2751,  1.7319769E+00,  0.0000000E+00,  4.2421199E-02,  1.0003596E+03,  2.1405297E+04,3,
  4.9030038E+02,  0.0000000E+00,  2.5508295E+02,2690,  1.8781108E+00,  0.0000000E+00,  1.3382072E-02,  1.0001977E+03,  1.1761385E+04,3,
  4.9034943E+02,  0.0000000E+00,  2.5514174E+02,2679,  1.8573004E+00,  0.0000000E+00,  2.1420863E-02,  1.0001217E+03,  7.2389185E+03,3,
  4.9022055E+02,  0.0000000E+00,  2.5647549E+02,2855,  1.7191677E+00,  0.0000000E+00,  4.3330159E-02,  1.0002139E+03,  1.2727898E+04,3,
  4.9179861E+02,  0.0000000E+00,  2.5654919E+02,2865,  1.7327101E+00,  0.0000000E+00,  5.1439565E-02,  1.0001861E+03,  1.1071076E+04,3,
  4.9222873E+02,  0.0000000E+00,  2.5450056E+02,2444,  1.7879581E+00,  0.0000000E+00,  2.7851870E-02,  1.0012287E+03,  7.3325742E+04,3,
  4.9367468E+02,  0.0000000E+00,  2.5508264E+02,2453,  1.8222358E+00,  0.0000000E+00,  6.9737025E-02,  1.0003536E+03,  2.1048891E+04,3,
  4.9394275E+02,  0.0000000E+00,  2.5626379E+02,2633,  1.7590479E+00,  0.0000000E+00,  2.1535821E-02,  1.0002502E+03,  1.4890177E+04,3,
  4.9487814E+02,  0.0000000E+00,  2.5506999E+02,2663,  1.8201215E+00,  0.0000000E+00,  7.5743832E-02,  1.0003172E+03,  1.8878000E+04,3,
  4.9572192E+02,  0.0000000E+00,  2.5480930E+02,2698,  1.7900120E+00,  0.0000000E+00,  5.8965888E-02,  1.0006683E+03,  3.9817586E+04,3,
  4.9623914E+02,  0.0000000E+00,  2.5668600E+02,2838,  1.8350346E+00,  0.0000000E+00, -4.1664736E-03,  1.0001633E+03,  9.7123975E+03,3,
  4.9706787E+02,  0.0000000E+00,  2.5496768E+02,2682,  1.8096393E+00,  0.0000000E+00,  4.9527716E-02,  1.0004221E+03,  2.5126504E+04,3,
  4.9825464E+02,  0.0000000E+00,  2.5674008E+02,2630,  1.9463403E+00,  0.0000000E+00, -3.7283275E-02,  1.0001371E+03,  8.1577749E+03,3,
  4.9820300E+02,  0.0000000E+00,  2.5493449E+02,2588,  1.7622727E+00,  0.0000000E+00,  3.2471597E-02,  1.0004081E+03,  2.4293385E+04,3,
  4.9882211E+02,  0.0000000E+00,  2.5503542E+02,2654,  1.7683585E+00,  0.0000000E+00,  1.8334243E-02,  1.0002735E+03,  1.6275010E+04,3,
  4.9987308E+02,  0.0000000E+00,  2.5616849E+02,2847,  2.0329680E+00,  0.0000000E+00, -1.0019685E-01,  1.0002092E+03,  1.2448108E+04,3,
  5.0035901E+02,  0.0000000E+00,  2.5505006E+02,2798,  1.7816695E+00,  0.0000000E+00, -2.6965789E-02,  1.0004980E+03,  2.9653486E+04,3,
  5.0170547E+02,  0.0000000E+00,  2.5467972E+02,2622,  1.8628383E+00,  0.0000000E+00,  7.8969650E-02,  1.0011685E+03,  6.9718062E+04,3,
  5.0324631E+02,  0.0000000E+00,  2.5500804E+02,2837,  1.9696249E+00,  0.0000000E+00,  6.0421009E-02,  1.0005136E+03,  3.0585340E+04,3,
  5.0327560E+02,  0.0000000E+00,  2.5585059E+02,2829,  1.8110191E+00,  0.0000000E+00, -6.2473208E-02,  1.0002654E+03,  1.5795203E+04,3,
  5.0477295E+02,  0.0000000E+00,  2.5486874E+02,2611,  1.9356201E+00,  0.0000000E+00,  1.0960855E-01,  1.0005004E+03,  2.9799082E+04,3,
  5.0499680E+02,  0.0000000E+00,  2.5647604E+02,2697,  1.9163413E+00,  0.0000000E+00,  1.4090468E-02,  1.0001528E+03,  9.0912461E+03,3,
  5.0558334E+02,  0.0000000E+00,  2.5509914E+02,2461,  1.8970239E+00,  0.0000000E+00,  1.5488787E-01,  1.0002038E+03,  1.2124725E+04,3,
  5.0644272E+02,  0.0000000E+00,  2.5706000E+02,2595,  2.0283568E+00,  0.0000000E+00,  1.3177780E-02,  1.0000889E+03,  5.2888999E+03,3,
  5.0696594E+02,  0.0000000E+00,  2.5479222E+02,2715,  1.8951151E+00,  0.0000000E+00,  1.5046716E-01,  1.0007357E+03,  4.3837289E+04,3,
  5.0802121E+02,  0.0000000E+00,  2.5590504E+02,2752,  2.0975914E+00,  0.0000000E+00, -4.2128429E-02,  1.0002266E+03,  1.3483734E+04,3,
  5.0866562E+02,  0.0000000E+00,  2.5467778E+02,2820,  1.9852172E+00,  0.0000000E+00,  1.3757125E-01,  1.0010510E+03,  6.2685543E+04,3,
  5.1006085E+02,  0.0000000E+00,  2.5516597E+02,2353,  2.0415790E+00,  0.0000000E+00,  4.5389507E-02,  1.0003347E+03,  1.9917932E+04,3,
  5.1104688E+02,  0.0000000E+00,  2.5489973E+02,2517,  2.0096943E+00,  0.0000000E+00,  4.0353294E-02,  1.0005447E+03,  3.2438385E+04,3,
  5.1125183E+02,  0.0000000E+00,  2.5565646E+02,2589,  2.0088177E+00,  0.0000000E+00,  3.4503475E-02,  1.0004675E+03,  2.7833711E+04,3,
  5.1236066E+02,  0.0000000E+00,  2.5517470E+02,2719,  2.0270870E+00,  0.0000000E+00,  2.1568893E-02,  9.9973889E+02, -1.5512812E+04,3,
  5.1283569E+02,  0.0000000E+00,  2.5646341E+02,2810,  2.0344355E+00,  0.0000000E+00,  9.7334916E-03,  1.0001849E+03,  1.0998415E+04,3,
  5.1318414E+02,  0.0000000E+00,  2.5486395E+02,2726,  2.0324421E+00,  0.0000000E+00,  7.1888436E-03,  1.0006661E+03,  3.9682773E+04,3,
  5.1437726E+02,  0.0000000E+00,  2.5495499E+02,2602,  2.0171311E+00,  0.0000000E+00, -2.5574753E-02,  1.0006458E+03,  3.8473188E+04,3,
  5.1538611E+02,  0.0000000E+00,  2.5495656E+02,2518,  2.0052922E+00,  0.0000000E+00, -3.5140619E-02,  1.0005850E+03,  3.4845312E+04,3,
  5.1641119E+02,  0.0000000E+00,  2.5640662E+02,2780,  2.0627363E+00,  0.0000000E+00, -3.2050271E-02,  1.0001722E+03,  1.0242769E+04,3,
  5.1657281E+02,  0.0000000E+00,  2.5496225E+02,2462,  1.9994593E+00,  0.0000000E+00, -3.3361614E-02,  1.0004879E+03,  2.9049283E+04,3,
  5.1755096E+02,  0.0000000E+00,  2.5518721E+02,2755,  2.0067537E+00,  0.0000000E+00, -4.0042728E-02,  1.0000729E+03,  4.3340034E+03,3,
  5.1828046E+02,  0.0000000E+00,  2.5500932E+02,2618,  2.0152564E+00,  0.0000000E+00, -5.0964851E-02,  1.0004714E+03,  2.8066625E+04,3,
  5.1855798E+02,  0.0000000E+00,  2.5668018E+02,2802,  2.0622623E+00,  0.0000000E+00, -3.9050605E-02,  1.0001369E+03,  8.1432466E+03,3,
  5.1962115E+02,  0.0000000E+00,  2.5468660E+02,2573,  2.0133541E+00,  0.0000000E+00, -5.7860803E-02,  1.0009001E+03,  5.3665605E+04,3,
  5.2093604E+02,  0.0000000E+00,  2.5505937E+02,2627,  1.9872489E+00,  0.0000000E+00, -4.8584025E-02,  1.0004102E+03,  2.4420713E+04,3,
  5.2099408E+02,  0.0000000E+00,  2.5656708E+02,2801,  2.0420032E+00,  0.0000000E+00, -2.8458582E-02,  1.0001444E+03,  8.5899932E+03,3,
  5.2185406E+02,  0.0000000E+00,  2.5516281E+02,2525,  1.9966749E+00,  0.0000000E+00, -4.6703137E-02,  1.0002105E+03,  1.2524414E+04,3,
  5.2241638E+02,  0.0000000E+00,  2.5512674E+02,2637,  2.0254402E+00,  0.0000000E+00, -2.3702681E-02,  1.0002939E+03,  1.7492803E+04,3,
  5.2328784E+02,  0.0000000E+00,  2.5656244E+02,2792,  2.0051358E+00,  0.0000000E+00, -1.4396447E-02,  1.0001295E+03,  7.7037837E+03,3,
  5.2384332E+02,  0.0000000E+00,  2.5469878E+02,2490,  2.0152304E+00,  0.0000000E+00, -2.4372555E-02,  1.0009078E+03,  5.4125348E+04,3,
  5.2496008E+02,  0.0000000E+00,  2.5510071E+02,2665,  2.0174568E+00,  0.0000000E+00, -4.3870397E-02,  1.0004457E+03,  2.6538234E+04,3,
  5.2596240E+02,  0.0000000E+00,  2.5502831E+02,2544,  2.0406437E+00,  0.0000000E+00, -3.3719543E-02,  1.0003982E+03,  2.3704061E+04,3,
  5.2635223E+02,  0.0000000E+00,  2.5639615E+02,2661,  1.8665003E+00,  0.0000000E+00,  8.6483816E-03,  1.0001807E+03,  1.0751370E+04,3,
  5.2689191E+02,  0.0000000E+00,  2.5510645E+02,2655,  2.0687881E+00,  0.0000000E+00, -3.0186573E-02,  1.0001971E+03,  1.1725052E+04,3,
  5.2781049E+02,  0.0000000E+00,  2.5487888E+02,2644,  2.1003702E+00,  0.0000000E+00, -3.6444466E-03,  1.0005523E+03,  3.2893508E+04,3,
  5.2911108E+02,  0.0000000E+00,  2.5489061E+02,2590,  2.0971994E+00,  0.0000000E+00,  8.5127521E-03,  1.0005350E+03,  3.1859498E+04,3,
  5.2849799E+02,  0.0000000E+00,  2.5640326E+02,2670,  1.7328084E+00,  0.0000000E+00,  4.5365550E-02,  1.0001887E+03,  1.1223667E+04,3,
  5.3013947E+02,  0.0000000E+00,  2.5494279E+02,2636,  2.0698483E+00,  0.0000000E+00,  8.4221102E-03,  1.0004590E+03,  2.7331512E+04,3,
  5.3160498E+02,  0.0000000E+00,  2.5477771E+02,2452,  2.0929492E+00,  0.0000000E+00,  4.2771928E-02,  1.0007041E+03,  4.1952965E+04,3,
  5.3063861E+02,  0.0000000E+00,  2.5643558E+02,2764,  1.7804335E+00,  0.0000000E+00,  6.0791675E-02,  1.0001683E+03,  1.0013906E+04,3,
  5.3251459E+02,  0.0000000E+00,  2.5513371E+02,2763,  2.0399127E+00,  0.0000000E+00,  4.4084694E-02,  1.0004000E+03,  2.3809555E+04,3,
  5.3245074E+02,  0.0000000E+00,  2.5635736E+02,2793,  1.7783356E+00,  0.0000000E+00,  1.0234628E-01,  1.0001258E+03,  7.4822437E+03,3,
  5.3352802E+02,  0.0000000E+00,  2.5583070E+02,2744,  1.9112338E+00,  0.0000000E+00,  1.4750472E-01,  1.0002236E+03,  1.3305671E+04,3,
  5.3490869E+02,  0.0000000E+00,  2.5432031E+02,2586,  1.9253519E+00,  0.0000000E+00, -1.0870570E-02,  1.0019407E+03,  1.1606245E+05,3,
  5.3629895E+02,  0.0000000E+00,  2.5672879E+02,2443,  1.9730488E+00,  0.0000000E+00,  2.3931451E-02,  1.0000502E+03,  2.9871377E+03,3,
  5.3644519E+02,  0.0000000E+00,  2.5712903E+02,2604,  1.8156663E+00,  0.0000000E+00, -1.2411676E-02,  1.0000518E+03,  3.0778911E+03,3,
  5.3676068E+02,  0.0000000E+00,  2.5527229E+02,2754,  1.8902633E+00,  0.0000000E+00, -1.9444700E-02,  1.0003734E+03,  2.2227262E+04,3,
  5.3765643E+02,  0.0000000E+00,  2.5697375E+02,2783,  1.9570866E+00,  0.0000000E+00, -1.9151011E-02,  1.0000551E+03,  3.2739211E+03,3,
  5.3808289E+02,  0.0000000E+00,  2.5457800E+02,2451,  1.8899795E+00,  0.0000000E+00, -5.8797676E-02,  1.0011049E+03,  6.5914406E+04,3,
  5.3952106E+02,  0.0000000E+00,  2.5619476E+02,2766,  1.9314998E+00,  0.0000000E+00, -2.6344620E-02,  1.0000878E+03,  5.2199121E+03,3,
  5.3978363E+02,  0.0000000E+00,  2.5491617E+02,2757,  1.8220645E+00,  0.0000000E+00, -8.8611744E-02,  1.0007205E+03,  4.2929707E+04,3,
  5.4085748E+02,  0.0000000E+00,  2.5505066E+02,2471,  1.8635443E+00,  0.0000000E+00, -8.1409782E-02,  1.0005852E+03,  3.4856238E+04,3,
  5.4187067E+02,  0.0000000E+00,  2.5513596E+02,2426,  1.8643037E+00,  0.0000000E+00, -3.3059616E-02,  1.0004635E+03,  2.7597166E+04,3,
  5.4270172E+02,  0.0000000E+00,  2.5489154E+02,2537,  1.8617022E+00,  0.0000000E+00, -2.7116954E-02,  1.0006158E+03,  3.6680938E+04,3,
  5.4346173E+02,  0.0000000E+00,  2.5613980E+02,2416,  1.9038165E+00,  0.0000000E+00, -1.8683948E-02,  1.0001458E+03,  8.6699014E+03,3,
  5.4400433E+02,  0.0000000E+00,  2.5509438E+02,2621,  1.8346642E+00,  0.0000000E+00, -3.9936783E-04,  1.0002625E+03,  1.5620733E+04,3,
  5.4487439E+02,  0.0000000E+00,  2.5493617E+02,2612,  1.8813812E+00,  0.0000000E+00,  1.3181063E-02,  1.0005640E+03,  3.3588977E+04,3,
  5.4556665E+02,  0.0000000E+00,  2.5604944E+02,2738,  1.8735250E+00,  0.0000000E+00,  1.1145960E-03,  1.0002388E+03,  1.4210553E+04,3,
  5.4639856E+02,  0.0000000E+00,  2.5474791E+02,2509,  1.8765752E+00,  0.0000000E+00,  1.7009696E-02,  1.0007961E+03,  4.7446566E+04,3,
  5.4750616E+02,  0.0000000E+00,  2.5510384E+02,2638,  1.8713350E+00,  0.0000000E+00,  5.5378187E-02,  1.0003061E+03,  1.8216281E+04,3,
  5.4806647E+02,  0.0000000E+00,  2.5618643E+02,2727,  1.8778161E+00,  0.0000000E+00, -1.0161343E-02,  1.0002086E+03,  1.2411772E+04,3,
  5.4862512E+02,  0.0000000E+00,  2.5491635E+02,2417,  1.8754308E+00,  0.0000000E+00,  1.9425048E-02,  1.0005751E+03,  3.4255359E+04,3,
  5.4963806E+02,  0.0000000E+00,  2.5511369E+02,2664,  1.8843102E+00,  0.0000000E+00, -2.2832979E-02,  1.0002802E+03,  1.6674865E+04,3,
  5.5056311E+02,  0.0000000E+00,  2.5636411E+02,2709,  1.9130216E+00,  0.0000000E+00, -3.8315408E-02,  1.0001768E+03,  1.0515230E+04,3,
  5.5084271E+02,  0.0000000E+00,  2.5465021E+02,2491,  1.9207492E+00,  0.0000000E+00, -8.9214861E-02,  1.0010062E+03,  6.0009008E+04,3,
  5.5222131E+02,  0.0000000E+00,  2.5514131E+02,2335,  1.8159127E+00,  0.0000000E+00, -1.1795115E-01,  1.0002082E+03,  1.2386338E+04,3,
  5.5270630E+02,  0.0000000E+00,  2.5661166E+02,2739,  1.8869601E+00,  0.0000000E+00, -3.9204694E-02,  1.0001862E+03,  1.1078343E+04,3,
  5.5288696E+02,  0.0000000E+00,  2.5519279E+02,2620,  1.8881363E+00,  0.0000000E+00, -1.2220208E-01,  1.0001868E+03,  1.1111040E+04,3,
  5.5399127E+02,  0.0000000E+00,  2.5479698E+02,2546,  1.8238778E+00,  0.0000000E+00, -3.8369440E-02,  1.0007367E+03,  4.3899258E+04,3,
  5.5530328E+02,  0.0000000E+00,  2.5653467E+02,2407,  1.8603024E+00,  0.0000000E+00,  2.3824479E-02,  1.0001733E+03,  1.0308159E+04,3,
  5.5533771E+02,  0.0000000E+00,  2.5483698E+02,2481,  1.8382192E+00,  0.0000000E+00,  3.9707433E-02,  1.0007710E+03,  4.5948012E+04,3,
  5.5657983E+02,  0.0000000E+00,  2.5518011E+02,2647,  1.8919371E+00,  0.0000000E+00,  5.9899449E-02,  9.9997028E+02, -1.7671775E+03,3,
  5.5712866E+02,  0.0000000E+00,  2.5490010E+02,2657,  1.9213535E+00,  0.0000000E+00,  5.9256662E-02,  1.0005103E+03,  3.0388770E+04,3,
  5.5699701E+02,  0.0000000E+00,  2.5668649E+02,2616,  1.7993581E+00,  0.0000000E+00,  7.5519688E-02,  1.0001539E+03,  9.1529961E+03,3,
  5.5833569E+02,  0.0000000E+00,  2.5489977E+02,2547,  1.9404508E+00,  0.0000000E+00,  4.6029255E-02,  1.0004351E+03,  2.5901477E+04,3,
  5.5887854E+02,  0.0000000E+00,  2.5606146E+02,2625,  1.6521587E+00,  0.0000000E+00,  1.1714245E-01,  1.0002729E+03,  1.6242295E+04,3,
  5.5994373E+02,  0.0000000E+00,  2.5476781E+02,2653,  1.9288907E+00,  0.0000000E+00,  1.8179538E-02,  1.0008555E+03,  5.0995137E+04,3,
  5.6073016E+02,  0.0000000E+00,  2.5529257E+02,2729,  1.7749172E+00,  0.0000000E+00, -8.7763341E-03,  1.0003175E+03,  1.8896180E+04,3,
  5.6169952E+02,  0.0000000E+00,  2.5505479E+02,2701,  1.8376719E+00,  0.0000000E+00, -9.9883594E-02,  1.0007486E+03,  4.4610074E+04,3,
  5.6275012E+02,  0.0000000E+00,  2.5493680E+02,2520,  1.9189363E+00,  0.0000000E+00, -1.1871533E-01,  1.0005596E+03,  3.3330445E+04,3,
  5.6383356E+02,  0.0000000E+00,  2.5501888E+02,2510,  1.7025123E+00,  0.0000000E+00,  5.2640360E-02,  1.0005718E+03,  3.4058719E+04,3,
  5.6445825E+02,  0.0000000E+00,  2.5656393E+02,2558,  2.0478556E+00,  0.0000000E+00, -2.5146322E-02,  1.0001373E+03,  8.1650386E+03,3,
  5.6463702E+02,  0.0000000E+00,  2.5518758E+02,2591,  1.7653379E+00,  0.0000000E+00,  1.7674771E-01,  1.0002803E+03,  1.6682137E+04,3,
  5.6536127E+02,  0.0000000E+00,  2.5519128E+02,2499,  1.7223731E+00,  0.0000000E+00,  1.7588772E-01,  1.0002797E+03,  1.6642150E+04,3,
  5.6681860E+02,  0.0000000E+00,  2.5529308E+02,2529,  1.4266087E+00,  0.0000000E+00, -3.0027875E-01,  9.9960638E+02, -2.3375963E+04,3,
  5.6730066E+02,  0.0000000E+00,  2.5549431E+02,2454,  2.3689125E+00,  0.0000000E+00, -4.6213612E-01,  1.0014105E+03,  8.4222492E+04,3,
  5.6734924E+02,  0.0000000E+00,  2.5648145E+02,2398,  2.2037842E+00,  0.0000000E+00, -1.2495420E-01,  1.0001208E+03,  7.1844434E+03,3,
  5.6899530E+02,  0.0000000E+00,  2.5641791E+02,2694,  2.2340117E+00,  0.0000000E+00,  6.0791314E-01,  1.0000704E+03,  4.1851494E+03,3,
  5.6871637E+02,  0.0000000E+00,  2.5358516E+02,2702,  1.1465899E+00,  0.0000000E+00, -8.1511056E-01,  1.0009807E+03,  5.8483012E+04,3,
  5.7132874E+02,  0.0000000E+00,  2.5665320E+02,2498,  1.3955704E+00,  0.0000000E+00,  5.9620696E-01,  1.0001694E+03,  1.0079295E+04,3,
  5.7043463E+02,  0.0000000E+00,  2.5572980E+02,2418,  1.4531621E+00,  0.0000000E+00,  8.9215761E-01,  1.0002101E+03,  1.2498979E+04,3,
  5.7089832E+02,  0.0000000E+00,  2.5318503E+02,2463,  1.4277222E+00,  0.0000000E+00, -4.7111890E-01,  1.0002831E+03,  1.6845719E+04,3,
  5.7237177E+02,  0.0000000E+00,  2.5680838E+02,2684,  8.8856578E-01,  0.0000000E+00,  1.3528505E-01,  1.0002224E+03,  1.3229359E+04,3,
  5.7248608E+02,  0.0000000E+00,  2.5303879E+02,2593,  8.5218364E-01,  0.0000000E+00, -1.8880159E-01,  1.0005028E+03,  2.9941041E+04,3,
  5.7313440E+02,  0.0000000E+00,  2.5604834E+02,2572,  8.9996368E-01,  0.0000000E+00, -2.3893569E-01,  1.0002818E+03,  1.6769379E+04,3,
  5.7095081E+02,  0.0000000E+00,  2.5278224E+02,2513,  1.0859582E-01,  0.0000000E+00,  1.1922115E-02,  1.0007179E+03,  4.2776629E+04,3,
  5.6993726E+02,  0.0000000E+00,  2.5271498E+02,2566,  1.5532316E-01,  0.0000000E+00,  1.6565125E-02,  1.0010610E+03,  6.3284484E+04,3,
  5.7339856E+02,  0.0000000E+00,  2.5300677E+02,2583,  5.3395659E-01,  0.0000000E+00, -1.7728755E-01,  1.0005194E+03,  3.0931166E+04,3,
  5.7395856E+02,  0.0000000E+00,  2.5665204E+02,2675,  1.3995178E+00,  0.0000000E+00, -3.5281217E-01,  1.0002106E+03,  1.2531682E+04,3,
  5.7393365E+02,  0.0000000E+00,  2.5312473E+02,2584,  4.1727340E-01,  0.0000000E+00, -1.2337621E-01,  1.0004013E+03,  2.3889584E+04,3,
  5.7493048E+02,  0.0000000E+00,  2.5566331E+02,2555,  1.3753536E+00,  0.0000000E+00, -4.9942362E-01,  1.0002274E+03,  1.3527342E+04,3,
  5.7619531E+02,  0.0000000E+00,  2.5548697E+02,2548,  1.5174106E+00,  0.0000000E+00, -9.8151617E-02,  1.0002495E+03,  1.4842929E+04,3,
  5.7533905E+02,  0.0000000E+00,  2.5249637E+02,2553,  1.9376665E-01,  0.0000000E+00,  2.2170024E-01,  1.0014720E+03,  8.7908633E+04,3,
  5.7633551E+02,  0.0000000E+00,  2.5316673E+02,2492,  7.2885174E-01,  0.0000000E+00,  4.2023584E-01,  1.0004532E+03,  2.6985811E+04,3,
  5.7706226E+02,  0.0000000E+00,  2.5643164E+02,2693,  1.5672020E+00,  0.0000000E+00,  2.1001802E-01,  1.0002064E+03,  1.2277332E+04,3,
  5.7836316E+02,  0.0000000E+00,  2.5583331E+02,2556,  1.1598740E+00,  0.0000000E+00,  5.1067317E-01,  1.0001339E+03,  7.9652798E+03,3,
  5.7747516E+02,  0.0000000E+00,  2.5277176E+02,2381,  1.1527562E+00,  0.0000000E+00,  1.0092258E-01,  1.0009559E+03,  5.6997398E+04,3,
  5.7883057E+02,  0.0000000E+00,  2.5653284E+02,2489,  1.0887175E+00,  0.0000000E+00,  3.3559307E-01,  1.0001473E+03,  8.7643389E+03,3,
  5.7862183E+02,  0.0000000E+00,  2.5271376E+02,2567,  1.4026073E+00,  0.0000000E+00, -1.4895344E-01,  1.0007385E+03,  4.4004965E+04,3,
  5.7957245E+02,  0.0000000E+00,  2.5296294E+02,2464,  6.1769843E-01,  0.0000000E+00, -6.1440710E-02,  1.0004609E+03,  2.7444322E+04,3,
  5.7998639E+02,  0.0000000E+00,  2.5301193E+02,2428, -1.2682599E-01,  0.0000000E+00, -1.7039795E-01,  1.0005489E+03,  3.2689611E+04,3,
  5.8026562E+02,  0.0000000E+00,  2.5634018E+02,2500,  1.0913919E+00,  0.0000000E+00,  1.1799467E-01,  1.0001137E+03,  6.7631802E+03,3,
  5.8125873E+02,  0.0000000E+00,  2.5673468E+02,2372,  1.3253268E+00,  0.0000000E+00, -3.1572204E-02,  1.0001328E+03,  7.8962734E+03,3,
  5.8086481E+02,  0.0000000E+00,  2.5341096E+02,2574,  8.7558299E-02,  0.0000000E+00,  2.0401485E-01,  1.0007285E+03,  4.3410824E+04,3,
  5.8254742E+02,  0.0000000E+00,  2.5656320E+02,2562,  1.7667488E+00,  0.0000000E+00, -2.4311264E-01,  1.0001334E+03,  7.9325928E+03,3,
  5.8169830E+02,  0.0000000E+00,  2.5422620E+02,2419,  1.6161325E+00,  0.0000000E+00,  1.2930996E+00,  1.0006225E+03,  3.7081617E+04,3,
  5.8467297E+02,  0.0000000E+00,  2.5573096E+02,2599,  1.9613631E+00,  0.0000000E+00, -1.0832648E+00,  1.0003465E+03,  2.0623402E+04,3,
  5.8643359E+02,  0.0000000E+00,  2.5490184E+02,2676,  1.9483093E+00,  0.0000000E+00, -5.1370364E-01,  1.0006428E+03,  3.8291035E+04,3,
  5.8313794E+02,  0.0000000E+00,  2.5520628E+02,2435,  1.0133034E+00,  0.0000000E+00,  8.7722711E-02,  1.0001078E+03,  6.4109307E+03,3,
  5.8374255E+02,  0.0000000E+00,  2.5540549E+02,2483,  9.6943754E-01,  0.0000000E+00, -2.2962676E-01,  1.0001413E+03,  8.4047549E+03,3,
  5.8618713E+02,  0.0000000E+00,  2.5547197E+02,2545,  9.8314947E-01,  0.0000000E+00, -6.6529024E-01,  1.0007748E+03,  4.6174055E+04,3,
  5.8857172E+02,  0.0000000E+00,  2.5491255E+02,2445,  1.6502790E+00,  0.0000000E+00, -5.5106398E-02,  1.0008380E+03,  4.9948305E+04,3,
  5.8866992E+02,  0.0000000E+00,  2.5487172E+02,2308,  1.3865144E+00,  0.0000000E+00,  5.5275489E-02,  1.0016978E+03,  1.0146422E+05,3,
  5.8879749E+02,  0.0000000E+00,  2.5516965E+02,2530,  1.4094535E+00,  0.0000000E+00,  1.5974465E-01,  9.9694977E+02, -1.7970936E+05,3,
  5.8894794E+02,  0.0000000E+00,  2.5653732E+02,2541,  1.4234434E+00,  0.0000000E+00, -1.0456996E-01,  1.0003937E+03,  2.3434873E+04,3,
  5.9062323E+02,  0.0000000E+00,  2.5486069E+02,2484,  1.8676158E+00,  0.0000000E+00,  2.4032040E-01,  1.0011303E+03,  6.7434234E+04,3,
  5.9225543E+02,  0.0000000E+00,  2.5600781E+02,2639,  1.6942664E+00,  0.0000000E+00, -1.2625511E-02,  1.0003924E+03,  2.3358484E+04,3,
  5.9165234E+02,  0.0000000E+00,  2.5518510E+02,2354,  1.4418148E+00,  0.0000000E+00, -1.7911728E-01,  1.0001448E+03,  8.6117871E+03,3,
  5.9332788E+02,  0.0000000E+00,  2.5504218E+02,2508,  1.5274241E+00,  0.0000000E+00, -7.3902883E-02,  1.0005270E+03,  3.1382580E+04,3,
  5.9443402E+02,  0.0000000E+00,  2.5474223E+02,2564,  1.3545270E+00,  0.0000000E+00,  1.0430529E-01,  1.0010411E+03,  6.2093941E+04,3,
  5.9486493E+02,  0.0000000E+00,  2.5520651E+02,2473,  1.6627444E+00,  0.0000000E+00,  2.3111072E-03,  9.9844781E+02, -9.1861094E+04,3,
  5.9519556E+02,  0.0000000E+00,  2.5620212E+02,2486,  1.7166649E+00,  0.0000000E+00,  4.7679421E-02,  1.0004598E+03,  2.7378820E+04,3,
  5.9570844E+02,  0.0000000E+00,  2.5500542E+02,2527,  1.7238364E+00,  0.0000000E+00,  3.5872674E-01,  1.0004106E+03,  2.4446180E+04,3,
  5.9683746E+02,  0.0000000E+00,  2.5494510E+02,2526,  1.5034540E+00,  0.0000000E+00, -1.3285267E-01,  1.0004220E+03,  2.5122865E+04,3,
  5.9803296E+02,  0.0000000E+00,  2.5523407E+02,2362,  1.5519049E+00,  0.0000000E+00,  9.7703584E-02,  1.0008880E+03,  5.2939547E+04,3,
  5.9932385E+02,  0.0000000E+00,  2.5483813E+02,2631,  1.5466630E+00,  0.0000000E+00,  5.1728898E-01,  1.0003160E+03,  1.8805281E+04,3,
  5.9969800E+02,  0.0000000E+00,  2.5523167E+02,2667,  1.6505131E+00,  0.0000000E+00, -2.8858784E-01,  1.0001423E+03,  8.4665010E+03,3,
  6.0108813E+02,  0.0000000E+00,  2.5489893E+02,2581,  1.7026125E+00,  0.0000000E+00,  3.6865836E-01,  1.0002571E+03,  1.5297247E+04,3,
  6.0182928E+02,  0.0000000E+00,  2.5499817E+02,2457,  1.8084180E+00,  0.0000000E+00,  4.4692960E-02,  1.0001166E+03,  6.9374937E+03,3,
  6.0250159E+02,  0.0000000E+00,  2.5502684E+02,2475,  1.8399671E+00,  0.0000000E+00,  8.1260338E-02,  1.0005057E+03,  3.0115762E+04,3,
  6.0234039E+02,  0.0000000E+00,  2.5629257E+02,2640,  1.5137987E+00,  0.0000000E+00,  1.2984829E-01,  1.0003682E+03,  2.1914471E+04,3,
  6.0405945E+02,  0.0000000E+00,  2.5497446E+02,2531,  1.6198769E+00,  0.0000000E+00, -6.7503519E-02,  1.0002709E+03,  1.6122341E+04,3,
  6.0486499E+02,  0.0000000E+00,  2.5516954E+02,2536,  1.8237537E+00,  0.0000000E+00,  2.9796240E-01,  1.0003111E+03,  1.8514412E+04,3,
  6.0500281E+02,  0.0000000E+00,  2.5525439E+02,2409,  1.4451492E+00,  0.0000000E+00,  4.1086537E-01,  1.0000439E+03,  2.6096125E+03,3,
  6.0666431E+02,  0.0000000E+00,  2.5534628E+02,2603,  1.6019468E+00,  0.0000000E+00, -1.5220982E-01,  1.0000414E+03,  2.4607844E+03,3,
  6.0674231E+02,  0.0000000E+00,  2.5530139E+02,2592,  1.7123780E+00,  0.0000000E+00, -7.6182127E-02,  1.0004250E+03,  2.5304779E+04,3,
  6.0806940E+02,  0.0000000E+00,  2.5498349E+02,2380,  1.7025781E+00,  0.0000000E+00, -1.2458842E-01,  1.0009176E+03,  5.4709180E+04,3,
  6.0985242E+02,  0.0000000E+00,  2.5570847E+02,2307,  2.0695627E+00,  0.0000000E+00,  9.0178005E-02,  1.0001721E+03,  1.0239136E+04,3,
  6.0921539E+02,  0.0000000E+00,  2.5366071E+02,2345,  1.3931665E+00,  0.0000000E+00, -7.9093021E-01,  1.0003089E+03,  1.8383523E+04,3,
  6.1132312E+02,  0.0000000E+00,  2.5500925E+02,2344,  1.8354890E+00,  0.0000000E+00,  4.5975071E-01,  1.0002080E+03,  1.2375438E+04,3,
  6.1317456E+02,  0.0000000E+00,  2.5553180E+02,2468,  1.2928789E+00,  0.0000000E+00,  6.2805319E-01,  1.0001491E+03,  8.8696748E+03,3,
  6.1125848E+02,  0.0000000E+00,  2.5300026E+02,2557,  8.7981176E-01,  0.0000000E+00, -2.2025037E-01,  1.0001833E+03,  1.0903956E+04,3,
  6.1176453E+02,  0.0000000E+00,  2.5286363E+02,2565,  6.2192208E-01,  0.0000000E+00, -3.2389790E-02,  1.0009005E+03,  5.3687500E+04,3,
  6.1316754E+02,  0.0000000E+00,  2.5287250E+02,2494,  9.0646464E-01,  0.0000000E+00,  4.6460941E-02,  1.0005247E+03,  3.1244242E+04,3,
  6.0993262E+02,  0.0000000E+00,  2.5274681E+02,2495,  5.9155023E-01,  0.0000000E+00, -1.4098470E-01,  1.0007927E+03,  4.7246016E+04,3,
  6.1421057E+02,  0.0000000E+00,  2.5283833E+02,2522,  1.0607657E+00,  0.0000000E+00, -8.9779355E-02,  1.0007196E+03,  4.2878684E+04,3,
  6.1449799E+02,  0.0000000E+00,  2.5580942E+02,2563,  4.3755388E-01,  0.0000000E+00,  6.3847110E-02,  1.0001978E+03,  1.1765019E+04,3,
  6.1514386E+02,  0.0000000E+00,  2.5595160E+02,2519,  5.4520547E-01,  0.0000000E+00, -2.0113750E-01,  1.0002099E+03,  1.2488078E+04,3,
  6.1530109E+02,  0.0000000E+00,  2.5309146E+02,2408,  9.3895090E-01,  0.0000000E+00, -2.5093991E-01,  1.0004609E+03,  2.7440684E+04,3,
  6.1641705E+02,  0.0000000E+00,  2.5589624E+02,2472,  1.1494217E+00,  0.0000000E+00, -5.3136826E-01,  1.0002176E+03,  1.2945922E+04,3,
  6.1651501E+02,  0.0000000E+00,  2.5255293E+02,2576,  7.9542321E-01,  0.0000000E+00, -2.5468996E-01,  1.0012347E+03,  7.3687680E+04,3,
  6.1793671E+02,  0.0000000E+00,  2.5302338E+02,2539,  6.4602482E-01,  0.0000000E+00, -6.2542923E-02,  1.0003429E+03,  2.0408846E+04,3,
  6.1785956E+02,  0.0000000E+00,  2.5579634E+02,2610,  1.5312963E+00,  0.0000000E+00, -3.4712681E-01,  1.0002310E+03,  1.3745383E+04,3,
  6.1899554E+02,  0.0000000E+00,  2.5548056E+02,2411,  1.4747726E+00,  0.0000000E+00, -1.0945700E-01,  1.0002535E+03,  1.5082806E+04,3,
  6.1853662E+02,  0.0000000E+00,  2.5304198E+02,2363,  6.2985420E-01,  0.0000000E+00,  3.7136994E-02,  1.0003171E+03,  1.8874363E+04,3,
  6.1917474E+02,  0.0000000E+00,  2.5301643E+02,2438,  6.4247173E-01,  0.0000000E+00,  1.0036437E-01,  1.0003985E+03,  2.3722248E+04,3,
  6.2021930E+02,  0.0000000E+00,  2.5591373E+02,2594,  1.2720379E+00,  0.0000000E+00,  8.9611433E-02,  1.0001730E+03,  1.0293628E+04,3,
  6.2067352E+02,  0.0000000E+00,  2.5261089E+02,2613,  1.1305195E+00,  0.0000000E+00,  2.2283906E-01,  1.0011883E+03,  7.0905859E+04,3,
  6.2112616E+02,  0.0000000E+00,  2.5561502E+02,2485,  1.1662178E+00,  0.0000000E+00,  1.7282218E-01,  1.0001646E+03,  9.7886826E+03,3,
  6.2204736E+02,  0.0000000E+00,  2.5272612E+02,2575,  1.0195005E+00,  0.0000000E+00, -3.0455682E-02,  1.0010266E+03,  6.1224863E+04,3,
  6.2226135E+02,  0.0000000E+00,  2.5579555E+02,2585,  1.1197294E+00,  0.0000000E+00,  1.3902959E-01,  1.0001583E+03,  9.4145303E+03,3,
  6.2352167E+02,  0.0000000E+00,  2.5614523E+02,2469,  1.1249485E+00,  0.0000000E+00,  3.9497245E-02,  1.0002077E+03,  1.2357270E+04,3,
  6.2329102E+02,  0.0000000E+00,  2.5309419E+02,2317,  8.7115169E-01,  0.0000000E+00, -1.7979012E-01,  1.0004850E+03,  2.8878221E+04,3,
  6.2408801E+02,  0.0000000E+00,  2.5294489E+02,2366,  8.5066158E-01,  0.0000000E+00, -1.9371822E-01,  1.0006316E+03,  3.7624379E+04,3,
  6.2505017E+02,  0.0000000E+00,  2.5576390E+02,2568,  1.1274459E+00,  0.0000000E+00, -8.3125643E-03,  1.0001939E+03,  1.1536121E+04,3,
  6.2512341E+02,  0.0000000E+00,  2.5285484E+02,2549,  8.0783927E-01,  0.0000000E+00, -1.6713847E-01,  1.0007031E+03,  4.1891012E+04,3,
  6.2647711E+02,  0.0000000E+00,  2.5563492E+02,2423,  1.0733774E+00,  0.0000000E+00,  3.2527700E-02,  1.0001820E+03,  1.0827663E+04,3,
  6.2614899E+02,  0.0000000E+00,  2.5291164E+02,2401,  7.9558873E-01,  0.0000000E+00, -1.2818570E-01,  1.0005965E+03,  3.5529992E+04,3,
  6.2715289E+02,  0.0000000E+00,  2.5294647E+02,2466,  7.8472042E-01,  0.0000000E+00, -8.8778667E-02,  1.0005312E+03,  3.1633779E+04,3,
  6.2789362E+02,  0.0000000E+00,  2.5558929E+02,2450,  9.5971519E-01,  0.0000000E+00,  8.5175030E-02,  1.0001679E+03,  9.9884775E+03,3,
  6.2786389E+02,  0.0000000E+00,  2.5305945E+02,2392,  7.7696025E-01,  0.0000000E+00, -7.1122438E-02,  1.0004069E+03,  2.4224266E+04,3,
  6.2903949E+02,  0.0000000E+00,  2.5552463E+02,2511,  8.8345611E-01,  0.0000000E+00,  1.2122626E-01,  1.0001487E+03,  8.8442490E+03,3,
  6.2923425E+02,  0.0000000E+00,  2.5267021E+02,2465,  7.0669270E-01,  0.0000000E+00, -6.4754225E-02,  1.0010449E+03,  6.2324004E+04,3,
  6.3036719E+02,  0.0000000E+00,  2.5566986E+02,2326,  8.3178580E-01,  0.0000000E+00,  1.3715892E-01,  1.0001288E+03,  7.6638335E+03,3,
  6.3043170E+02,  0.0000000E+00,  2.5280746E+02,2427,  6.9436699E-01,  0.0000000E+00, -3.1000523E-02,  1.0008718E+03,  5.1969121E+04,3,
  6.3132703E+02,  0.0000000E+00,  2.5545793E+02,2336,  7.9865015E-01,  0.0000000E+00,  1.4739496E-01,  1.0000910E+03,  5.4123535E+03,3,
  6.3170239E+02,  0.0000000E+00,  2.5279211E+02,2390,  6.7244166E-01,  0.0000000E+00, -2.8152239E-02,  1.0009053E+03,  5.3975746E+04,3,
  6.3259454E+02,  0.0000000E+00,  2.5564265E+02,2402,  7.5140345E-01,  0.0000000E+00,  1.1706594E-01,  1.0001082E+03,  6.4327192E+03,3,
  6.3369476E+02,  0.0000000E+00,  2.5562299E+02,2503,  7.3861283E-01,  0.0000000E+00,  8.5120700E-02,  1.0001103E+03,  6.5598184E+03,3,
  6.3295782E+02,  0.0000000E+00,  2.5285843E+02,2436,  6.3446945E-01,  0.0000000E+00, -4.5556508E-02,  1.0008483E+03,  5.0564719E+04,3,
  6.3420050E+02,  0.0000000E+00,  2.5262471E+02,2532,  5.5677837E-01,  0.0000000E+00, -3.5443302E-02,  1.0011710E+03,  6.9871555E+04,3,
  6.3499835E+02,  0.0000000E+00,  2.5553865E+02,2502,  7.2165102E-01,  0.0000000E+00,  3.3059034E-02,  1.0001144E+03,  6.8067583E+03,3,
  6.3555219E+02,  0.0000000E+00,  2.5295518E+02,2458,  5.2992773E-01,  0.0000000E+00, -9.4055476E-06,  1.0006055E+03,  3.6069027E+04,3,
  6.3619788E+02,  0.0000000E+00,  2.5578923E+02,2559,  7.2018629E-01,  0.0000000E+00, -3.6209222E-02,  1.0001459E+03,  8.6771660E+03,3,
  6.3647931E+02,  0.0000000E+00,  2.5289769E+02,2309,  6.0404485E-01,  0.0000000E+00, -2.8608255E-02,  1.0006263E+03,  3.7311105E+04,3,
  6.3760773E+02,  0.0000000E+00,  2.5551498E+02,2501,  7.2460955E-01,  0.0000000E+00, -8.0014013E-02,  1.0001268E+03,  7.5439839E+03,3,
  6.3737341E+02,  0.0000000E+00,  2.5314308E+02,2420,  5.8832550E-01,  0.0000000E+00, -6.3799821E-02,  1.0003546E+03,  2.1107078E+04,3,
  6.3888379E+02,  0.0000000E+00,  2.5568958E+02,2577,  7.1318901E-01,  0.0000000E+00, -1.1554364E-01,  1.0001317E+03,  7.8308989E+03,3,
  6.3829297E+02,  0.0000000E+00,  2.5289081E+02,2412,  6.3558185E-01,  0.0000000E+00, -1.3280353E-01,  1.0006984E+03,  4.1614043E+04,3,
  6.4011066E+02,  0.0000000E+00,  2.5553947E+02,2528,  7.2208422E-01,  0.0000000E+00, -1.2928988E-01,  1.0001086E+03,  6.4617700E+03,3,
  6.3962402E+02,  0.0000000E+00,  2.5264099E+02,2540,  5.5564189E-01,  0.0000000E+00, -2.1973799E-01,  1.0010840E+03,  6.4665105E+04,3,
  6.4083740E+02,  0.0000000E+00,  2.5318939E+02,2429,  5.1581913E-01,  0.0000000E+00, -2.3158738E-01,  1.0003760E+03,  2.2383660E+04,3,
  6.4147675E+02,  0.0000000E+00,  2.5589635E+02,2432,  7.0726502E-01,  0.0000000E+00, -1.7371367E-01,  1.0001422E+03,  8.4556045E+03,3,
  6.4162726E+02,  0.0000000E+00,  2.5283972E+02,2403,  5.0561494E-01,  0.0000000E+00, -2.0533520E-01,  1.0007279E+03,  4.3374375E+04,3,
  6.4289954E+02,  0.0000000E+00,  2.5572461E+02,2399,  6.9703001E-01,  0.0000000E+00, -1.8794897E-01,  1.0001215E+03,  7.2280234E+03,3,
  6.4276996E+02,  0.0000000E+00,  2.5293320E+02,2467,  5.6528944E-01,  0.0000000E+00, -1.7495635E-01,  1.0005967E+03,  3.5540918E+04,3,
  6.4345691E+02,  0.0000000E+00,  2.5309901E+02,2447,  5.4401803E-01,  0.0000000E+00, -1.6427614E-01,  1.0004210E+03,  2.5064654E+04,3,
  6.4414178E+02,  0.0000000E+00,  2.5563783E+02,2383,  6.8711913E-01,  0.0000000E+00, -1.9015944E-01,  1.0001059E+03,  6.2983589E+03,3,
  6.4555487E+02,  0.0000000E+00,  2.5580389E+02,2550,  7.1403170E-01,  0.0000000E+00, -1.8700920E-01,  1.0001085E+03,  6.4508760E+03,3,
  6.4475824E+02,  0.0000000E+00,  2.5269731E+02,2254,  5.4511106E-01,  0.0000000E+00, -1.5535499E-01,  1.0010161E+03,  6.0600488E+04,3,
  6.4622028E+02,  0.0000000E+00,  2.5548517E+02,2456,  7.2326791E-01,  0.0000000E+00, -1.4255723E-01,  1.0000204E+03,  1.2157980E+03,3,
  6.4611145E+02,  0.0000000E+00,  2.5274026E+02,2355,  5.1931244E-01,  0.0000000E+00, -1.2558471E-01,  1.0009929E+03,  5.9209477E+04,3,
  6.4772223E+02,  0.0000000E+00,  2.5583121E+02,2281,  7.2857261E-01,  0.0000000E+00, -1.8200672E-01,  1.0000869E+03,  5.1654482E+03,3,
  6.4712805E+02,  0.0000000E+00,  2.5317484E+02,2348,  5.8361268E-01,  0.0000000E+00, -9.1875367E-02,  1.0005635E+03,  3.3563488E+04,3,
  6.4863892E+02,  0.0000000E+00,  2.5562872E+02,2448,  7.2128284E-01,  0.0000000E+00, -1.5388414E-01,  1.0000245E+03,  1.4553458E+03,3,
  6.4857056E+02,  0.0000000E+00,  2.5248726E+02,2370,  6.2140971E-01,  0.0000000E+00, -8.4891178E-02,  1.0015835E+03,  9.4599867E+04,3,
  6.4977820E+02,  0.0000000E+00,  2.5572346E+02,2538,  8.0098331E-01,  0.0000000E+00, -1.6425270E-01,  1.0000593E+03,  3.5244097E+03,3,
  6.5006628E+02,  0.0000000E+00,  2.5304605E+02,2474,  6.2873983E-01,  0.0000000E+00, -9.6383974E-02,  1.0007100E+03,  4.2306477E+04,3,
  6.5109216E+02,  0.0000000E+00,  2.5574776E+02,2482,  7.9227650E-01,  0.0000000E+00, -1.6279420E-01,  1.0000774E+03,  4.6026719E+03,3,
  6.5110626E+02,  0.0000000E+00,  2.5269844E+02,2446,  6.7299581E-01,  0.0000000E+00, -1.0926979E-01,  1.0010064E+03,  6.0019961E+04,3,
  6.5234595E+02,  0.0000000E+00,  2.5575710E+02,2504,  7.7676809E-01,  0.0000000E+00, -1.8420584E-01,  1.0000815E+03,  4.8459326E+03,3,
  6.5368726E+02,  0.0000000E+00,  2.5573177E+02,2521,  8.8749510E-01,  0.0000000E+00, -1.9853736E-01,  1.0000762E+03,  4.5336890E+03,3,
  6.5244232E+02,  0.0000000E+00,  2.5308954E+02,2373,  6.6665250E-01,  0.0000000E+00, -1.0421959E-01,  1.0004442E+03,  2.6443629E+04,3,
  6.5308185E+02,  0.0000000E+00,  2.5327789E+02,2430,  6.3262963E-01,  0.0000000E+00, -9.4186887E-02,  1.0003199E+03,  1.9037982E+04,3,
  6.5417993E+02,  0.0000000E+00,  2.5260014E+02,2391,  7.2888994E-01,  0.0000000E+00, -1.0179876E-01,  1.0013503E+03,  8.0610875E+04,3,
  6.5483411E+02,  0.0000000E+00,  2.5552490E+02,2437,  9.0036440E-01,  0.0000000E+00, -1.6997819E-01,  1.0000389E+03,  2.3155884E+03,3,
  6.5572388E+02,  0.0000000E+00,  2.5310226E+02,2439,  7.4000841E-01,  0.0000000E+00, -1.4324820E-01,  1.0007753E+03,  4.6203223E+04,3,
  6.5617584E+02,  0.0000000E+00,  2.5559401E+02,2523,  8.7357241E-01,  0.0000000E+00, -1.5576378E-01,  1.0000569E+03,  3.3864587E+03,3,
  6.5681775E+02,  0.0000000E+00,  2.5314366E+02,2337,  6.8228185E-01,  0.0000000E+00, -1.8913637E-01,  1.0005826E+03,  3.4699641E+04,3,
  6.5764783E+02,  0.0000000E+00,  2.5544522E+02,2386,  7.9698604E-01,  0.0000000E+00, -1.4833798E-01,  1.0000425E+03,  2.5297532E+03,3,
  6.5838959E+02,  0.0000000E+00,  2.5337636E+02,2405,  9.6875298E-01,  0.0000000E+00, -3.5561952E-01,  1.0007591E+03,  4.5237098E+04,3,
  6.5922443E+02,  0.0000000E+00,  2.5544832E+02,2424,  7.1924937E-01,  0.0000000E+00, -1.6983630E-01,  1.0001282E+03,  7.6238833E+03,3,
  6.5847040E+02,  0.0000000E+00,  2.5198343E+02,2449,  5.5952692E-01,  0.0000000E+00, -4.8521560E-01,  1.0009634E+03,  5.7449992E+04,3,
  6.6040308E+02,  0.0000000E+00,  2.5526683E+02,2455,  7.0008326E-01,  0.0000000E+00, -2.0256145E-01,  1.0002361E+03,  1.4050648E+04,3,
  6.6142102E+02,  0.0000000E+00,  2.5517346E+02,2299,  6.7407554E-01,  0.0000000E+00, -2.2433142E-01,  1.0003146E+03,  1.8721654E+04,3,
  6.6240179E+02,  0.0000000E+00,  2.5485464E+02,2382,  7.0198035E-01,  0.0000000E+00, -2.1724373E-01,  1.0003899E+03,  2.3209344E+04,3,
  6.6339624E+02,  0.0000000E+00,  2.5474509E+02,2512,  8.2752514E-01,  0.0000000E+00, -1.0601085E-01,  1.0003466E+03,  2.0630676E+04,3,
  6.6443317E+02,  0.0000000E+00,  2.5433325E+02,2393,  8.1846321E-01,  0.0000000E+00,  4.0701054E-02,  1.0003792E+03,  2.2569160E+04,3,
  6.6567358E+02,  0.0000000E+00,  2.5465584E+02,2400,  7.8212047E-01,  0.0000000E+00,  9.6121103E-02,  1.0003064E+03,  1.8234459E+04,3,
  6.6663123E+02,  0.0000000E+00,  2.5486880E+02,2514,  6.9031841E-01,  0.0000000E+00,  7.1838863E-02,  1.0003154E+03,  1.8772557E+04,3,
  6.6761304E+02,  0.0000000E+00,  2.5485791E+02,2395,  6.5189230E-01,  0.0000000E+00,  7.2108530E-03,  1.0003750E+03,  2.2321828E+04,3,
  6.6901141E+02,  0.0000000E+00,  2.5530038E+02,2343,  8.1730175E-01,  0.0000000E+00, -1.8117733E-02,  1.0003066E+03,  1.8249002E+04,3,
  6.6946112E+02,  0.0000000E+00,  2.5381895E+02,2384,  7.1737903E-01,  0.0000000E+00, -1.6097059E-02,  1.0004869E+03,  2.8991049E+04,3,
  6.7091113E+02,  0.0000000E+00,  2.5518138E+02,2415,  7.2280133E-01,  0.0000000E+00, -6.4428777E-02,  1.0003217E+03,  1.9147062E+04,3,
  6.7022064E+02,  0.0000000E+00,  2.5154762E+02,2359,  4.1272160E-01,  0.0000000E+00, -8.7948762E-02,  1.0001229E+03,  7.3079204E+03,3,
  6.7191046E+02,  0.0000000E+00,  2.5467824E+02,2493,  6.0970604E-01,  0.0000000E+00, -1.4311118E-01,  1.0004242E+03,  2.5253842E+04,3,
  6.7291052E+02,  0.0000000E+00,  2.5469685E+02,2478,  7.0681369E-01,  0.0000000E+00, -1.6742678E-01,  1.0003383E+03,  2.0132477E+04,3,
  6.7457977E+02,  0.0000000E+00,  2.5516463E+02,2505,  7.8203684E-01,  0.0000000E+00, -8.2281999E-02,  1.0002426E+03,  1.4435878E+04,3,
  6.7430823E+02,  0.0000000E+00,  2.5398807E+02,2283,  7.9688758E-01,  0.0000000E+00, -2.7770691E-02,  1.0004840E+03,  2.8819988E+04,3,
  6.7606293E+02,  0.0000000E+00,  2.5493678E+02,2476,  7.4193728E-01,  0.0000000E+00, -4.0322755E-02,  1.0003617E+03,  2.1528951E+04,3,
  6.7709167E+02,  0.0000000E+00,  2.5534828E+02,2379,  7.3739594E-01,  0.0000000E+00, -6.3333966E-02,  1.0002702E+03,  1.6078722E+04,3,
  6.7799835E+02,  0.0000000E+00,  2.5436357E+02,2290,  7.2361863E-01,  0.0000000E+00, -9.7828016E-02,  1.0005483E+03,  3.2653201E+04,3,
  6.7927820E+02,  0.0000000E+00,  2.5489902E+02,2440,  7.9358512E-01,  0.0000000E+00, -9.0255260E-02,  1.0003699E+03,  2.2016309E+04,3,
  6.8026337E+02,  0.0000000E+00,  2.5515053E+02,2341,  7.9012495E-01,  0.0000000E+00, -7.7346779E-02,  1.0003157E+03,  1.8790736E+04,3,
  6.8176367E+02,  0.0000000E+00,  2.5515265E+02,2496,  8.4107631E-01,  0.0000000E+00, -4.7463685E-02,  1.0002987E+03,  1.7776371E+04,3,
  6.8175568E+02,  0.0000000E+00,  2.5380075E+02,2332,  6.8674821E-01,  0.0000000E+00, -2.7768366E-02,  1.0004937E+03,  2.9398697E+04,3,
  6.8325793E+02,  0.0000000E+00,  2.5556346E+02,2032,  8.1733340E-01,  0.0000000E+00, -2.8278042E-02,  1.0002727E+03,  1.6227755E+04,3,
  6.8481683E+02,  0.0000000E+00,  2.5517084E+02,2433,  8.6291432E-01,  0.0000000E+00, -9.8270958E-04,  1.0002939E+03,  1.7489168E+04,3,
  6.8434491E+02,  0.0000000E+00,  2.5394342E+02,2257,  6.6753519E-01,  0.0000000E+00,  2.9573787E-02,  1.0004707E+03,  2.8026592E+04,3,
  6.8613446E+02,  0.0000000E+00,  2.5509152E+02,2459,  7.8281444E-01,  0.0000000E+00, -1.0575795E-02,  1.0003156E+03,  1.8783465E+04,3,
  6.8772815E+02,  0.0000000E+00,  2.5547018E+02,2235,  8.6164856E-01,  0.0000000E+00, -4.2551596E-02,  1.0002658E+03,  1.5817012E+04,3,
  6.8738580E+02,  0.0000000E+00,  2.5401277E+02,2367,  6.9669420E-01,  0.0000000E+00, -5.1671118E-02,  1.0005072E+03,  3.0203123E+04,3,
  6.8932111E+02,  0.0000000E+00,  2.5531020E+02,2364,  8.1415313E-01,  0.0000000E+00, -6.2859870E-02,  1.0002943E+03,  1.7510980E+04,3,
  6.8975793E+02,  0.0000000E+00,  2.5388525E+02,2267,  7.4881643E-01,  0.0000000E+00,  5.7911775E-03,  1.0004153E+03,  2.4726307E+04,3,
  6.9533832E+02,  0.0000000E+00,  2.5146019E+02,2284,  5.5632615E-01,  0.0000000E+00,  7.3809661E-02,  1.0004131E+03,  2.4595338E+04,3,
  6.9087329E+02,  0.0000000E+00,  2.5549057E+02,2406,  8.4096760E-01,  0.0000000E+00, -8.2344912E-02,  1.0002770E+03,  1.6485840E+04,3,
  6.9189001E+02,  0.0000000E+00,  2.5416034E+02,2277,  7.8644252E-01,  0.0000000E+00,  3.0191397E-02,  1.0004325E+03,  2.5748660E+04,3,
  6.9263855E+02,  0.0000000E+00,  2.5550023E+02,2460,  9.0593350E-01,  0.0000000E+00, -7.4895218E-02,  1.0002642E+03,  1.5718872E+04,3,
  6.9418909E+02,  0.0000000E+00,  2.5522435E+02,2272,  9.8262751E-01,  0.0000000E+00, -4.5159847E-02,  1.0002547E+03,  1.5155497E+04,3,
  6.9425391E+02,  0.0000000E+00,  2.5414323E+02,2350,  7.5441402E-01,  0.0000000E+00, -1.8182140E-02,  1.0004585E+03,  2.7298762E+04,3,
  6.9579816E+02,  0.0000000E+00,  2.5526482E+02,2388,  9.1184425E-01,  0.0000000E+00, -7.9804331E-02,  1.0002742E+03,  1.6318629E+04,3,
  7.0088751E+02,  0.0000000E+00,  2.5175117E+02,2222,  7.0234352E-01,  0.0000000E+00,  7.5394964E-01,  1.0006634E+03,  3.9522457E+04,3,
  6.9688629E+02,  0.0000000E+00,  2.5388309E+02,2321,  8.7564677E-01,  0.0000000E+00,  6.4223826E-02,  1.0004461E+03,  2.6560068E+04,3,
  6.9730457E+02,  0.0000000E+00,  2.5541844E+02,2404,  9.7054923E-01,  0.0000000E+00, -4.8275996E-02,  1.0002574E+03,  1.5319055E+04,3,
  6.9882220E+02,  0.0000000E+00,  2.5527376E+02,2327,  1.1899016E+00,  0.0000000E+00,  6.0172714E-02,  1.0002160E+03,  1.2851444E+04,3,
  6.9895630E+02,  0.0000000E+00,  2.5435739E+02,2211,  7.6707119E-01,  0.0000000E+00,  1.8838619E-01,  1.0003847E+03,  2.2900160E+04,3,
  7.0064471E+02,  0.0000000E+00,  2.5550111E+02,2238,  1.1570574E+00,  0.0000000E+00,  3.2165438E-02,  1.0001754E+03,  1.0435308E+04,3,
  7.0113831E+02,  0.0000000E+00,  2.5480757E+02,2287,  1.0213265E+00,  0.0000000E+00,  8.8227756E-02,  1.0002100E+03,  1.2495346E+04,3,
  7.0238153E+02,  0.0000000E+00,  2.5270978E+02,2278,  9.8027927E-01,  0.0000000E+00,  3.3602631E-01,  1.0007126E+03,  4.2463191E+04,3,
  7.0290747E+02,  0.0000000E+00,  2.5504634E+02,2368,  1.0923438E+00,  0.0000000E+00,  4.4494163E-02,  1.0001111E+03,  6.6106582E+03,3,
  7.0336304E+02,  0.0000000E+00,  2.5574037E+02,2387,  1.6925734E+00,  0.0000000E+00, -6.7659356E-02,  1.0001065E+03,  6.3346724E+03,3,
  7.0347333E+02,  0.0000000E+00,  2.5302127E+02,2303,  8.1342268E-01,  0.0000000E+00,  1.1919407E-02,  1.0006406E+03,  3.8159887E+04,3,
  7.0507233E+02,  0.0000000E+00,  2.5503406E+02,2413,  1.1715468E+00,  0.0000000E+00, -4.4424616E-02,  9.9998303E+02, -1.0088176E+03,3,
  7.0469421E+02,  0.0000000E+00,  2.5379817E+02,2264,  6.9012856E-01,  0.0000000E+00, -3.9594817E-01,  1.0001949E+03,  1.1597887E+04,3,
  7.0565894E+02,  0.0000000E+00,  2.5276790E+02,2361,  1.1651444E+00,  0.0000000E+00, -1.1197360E-02,  1.0011828E+03,  7.0576914E+04,3,
  7.0737799E+02,  0.0000000E+00,  2.5535791E+02,2279,  1.4285834E+00,  0.0000000E+00,  5.2261222E-02,  9.9995593E+02, -2.6198096E+03,3,
  7.0707404E+02,  0.0000000E+00,  2.5280307E+02,2324,  8.8436353E-01,  0.0000000E+00,  1.7272718E-02,  1.0009895E+03,  5.9008688E+04,3,
  7.0839551E+02,  0.0000000E+00,  2.5563927E+02,2263,  1.2304385E+00,  0.0000000E+00,  3.1340763E-02,  1.0000426E+03,  2.5333831E+03,3,
  7.0825073E+02,  0.0000000E+00,  2.5274251E+02,2236,  8.7580723E-01,  0.0000000E+00,  6.5000288E-02,  1.0009005E+03,  5.3687500E+04,3,
  7.0947961E+02,  0.0000000E+00,  2.5547145E+02,2314,  1.2509452E+00,  0.0000000E+00,  6.6198602E-02,  1.0000482E+03,  2.8673445E+03,3,
  7.0964478E+02,  0.0000000E+00,  2.5306964E+02,2295,  9.7353983E-01,  0.0000000E+00,  3.6549151E-02,  1.0004625E+03,  2.7535301E+04,3,
  7.1061279E+02,  0.0000000E+00,  2.5566927E+02,2301,  1.2733623E+00,  0.0000000E+00,  3.8026568E-02,  1.0000884E+03,  5.2562217E+03,3,
  7.1045306E+02,  0.0000000E+00,  2.5299658E+02,2209,  9.8705775E-01,  0.0000000E+00,  8.7058293E-03,  1.0005182E+03,  3.0862000E+04,3,
  7.1199585E+02,  0.0000000E+00,  2.5555165E+02,2293,  1.3307389E+00,  0.0000000E+00,  1.7905084E-02,  1.0000490E+03,  2.9145354E+03,3,
  7.1147412E+02,  0.0000000E+00,  2.5300432E+02,2237,  9.2248005E-01,  0.0000000E+00, -9.7308541E-03,  1.0005476E+03,  3.2613150E+04,3,
  7.1273407E+02,  0.0000000E+00,  2.5512979E+02,2339,  1.1959785E+00,  0.0000000E+00,  6.3461773E-02,  9.9997156E+02, -1.6909813E+03,3,
  7.1286530E+02,  0.0000000E+00,  2.5251086E+02,2246,  8.3741194E-01,  0.0000000E+00,  5.3108942E-02,  1.0012727E+03,  7.5961969E+04,3,
  7.1435614E+02,  0.0000000E+00,  2.5542595E+02,2376,  1.2804880E+00,  0.0000000E+00, -7.6428168E-02,  1.0000131E+03,  7.8027106E+02,3,
  7.1587512E+02,  0.0000000E+00,  2.5520161E+02,2347,  1.5313096E+00,  0.0000000E+00, -1.1064184E-01,  1.0000315E+03,  1.8727538E+03,3,
  7.1414008E+02,  0.0000000E+00,  2.5306468E+02,2269,  8.4263957E-01,  0.0000000E+00,  1.5762481E-01,  1.0006454E+03,  3.8447688E+04,3,
  7.1516443E+02,  0.0000000E+00,  2.5317949E+02,2304,  1.0628986E+00,  0.0000000E+00,  1.3818595E-01,  1.0005687E+03,  3.3869363E+04,3,
  7.1632642E+02,  0.0000000E+00,  2.5311781E+02,2266,  1.0311357E+00,  0.0000000E+00, -7.6010615E-02,  1.0005933E+03,  3.5340605E+04,3,
  7.1740961E+02,  0.0000000E+00,  2.5488063E+02,2320,  1.5252062E+00,  0.0000000E+00, -3.1688195E-02,  1.0000732E+03,  4.3521562E+03,3,
  7.1748615E+02,  0.0000000E+00,  2.5299567E+02,2323,  9.5118326E-01,  0.0000000E+00, -3.9852333E-01,  1.0005685E+03,  3.3858438E+04,3,
  7.1889325E+02,  0.0000000E+00,  2.5517055E+02,2164,  1.2058114E+00,  0.0000000E+00,  8.6423092E-02,  1.0001364E+03,  8.1105586E+03,3,
  7.1833685E+02,  0.0000000E+00,  2.5223901E+02,2191,  8.2326519E-01,  0.0000000E+00, -5.2730668E-01,  1.0006976E+03,  4.1563023E+04,3,
  7.2021515E+02,  0.0000000E+00,  2.5519913E+02,2396,  8.3201748E-01,  0.0000000E+00,  4.0917303E-02,  1.0002003E+03,  1.1913986E+04,3,
  7.1929364E+02,  0.0000000E+00,  2.5194612E+02,2268,  7.2252357E-01,  0.0000000E+00, -5.7862055E-01,  1.0004728E+03,  2.8150328E+04,3,
  7.2119952E+02,  0.0000000E+00,  2.5467563E+02,2192,  8.5116100E-01,  0.0000000E+00, -1.3205552E-01,  1.0002980E+03,  1.7732744E+04,3,
  7.2199066E+02,  0.0000000E+00,  2.5516602E+02,2431,  7.5060999E-01,  0.0000000E+00, -1.3270152E-01,  1.0002623E+03,  1.5609829E+04,3,
  7.2303021E+02,  0.0000000E+00,  2.5466632E+02,2185,  9.3590170E-01,  0.0000000E+00, -2.1203768E-01,  1.0003658E+03,  2.1776264E+04,3,
  7.2404169E+02,  0.0000000E+00,  2.5467342E+02,2311,  9.8002380E-01,  0.0000000E+00, -6.3550115E-02,  1.0003104E+03,  1.8474418E+04,3,
  7.2519397E+02,  0.0000000E+00,  2.5421892E+02,2330,  9.6772605E-01,  0.0000000E+00,  7.1712561E-02,  1.0003660E+03,  2.1787174E+04,3,
  7.2631458E+02,  0.0000000E+00,  2.5477052E+02,2300,  9.0815157E-01,  0.0000000E+00,  9.0820968E-02,  1.0002722E+03,  1.6198675E+04,3,
  7.2735291E+02,  0.0000000E+00,  2.5476184E+02,2369,  8.5069150E-01,  0.0000000E+00,  9.1651455E-02,  1.0002939E+03,  1.7492803E+04,3,
  7.2836401E+02,  0.0000000E+00,  2.5452232E+02,2357,  8.5530132E-01,  0.0000000E+00,  5.9777707E-02,  1.0003597E+03,  2.1412570E+04,3,
  7.2941095E+02,  0.0000000E+00,  2.5461668E+02,2358,  8.8042384E-01,  0.0000000E+00,  5.5772815E-02,  1.0003363E+03,  2.0016113E+04,3,
  7.3047638E+02,  0.0000000E+00,  2.5478981E+02,2245,  8.7994397E-01,  0.0000000E+00,  6.7123756E-02,  1.0002845E+03,  1.6932963E+04,3,
  7.3159473E+02,  0.0000000E+00,  2.5475992E+02,2340,  8.8764656E-01,  0.0000000E+00,  6.4949259E-02,  1.0002496E+03,  1.4850197E+04,3,
  7.3232672E+02,  0.0000000E+00,  2.5396478E+02,2227,  7.8795552E-01,  0.0000000E+00,  2.8532699E-02,  1.0003766E+03,  2.2420033E+04,3,
  7.3341193E+02,  0.0000000E+00,  2.5490692E+02,2302,  8.1883407E-01,  0.0000000E+00, -2.5483301E-02,  1.0002230E+03,  1.3269332E+04,3,
  7.3447693E+02,  0.0000000E+00,  2.5484641E+02,2273,  8.0356729E-01,  0.0000000E+00, -6.9116451E-02,  1.0002148E+03,  1.2782404E+04,3,
  7.3508746E+02,  0.0000000E+00,  2.5419908E+02,2297,  8.9398766E-01,  0.0000000E+00, -1.2296890E-01,  1.0003209E+03,  1.9096158E+04,3,
  7.3631555E+02,  0.0000000E+00,  2.5445833E+02,2141,  9.8387873E-01,  0.0000000E+00, -1.2892449E-02,  1.0003040E+03,  1.8092668E+04,3,
  7.4048022E+02,  0.0000000E+00,  2.5149977E+02,2210,  3.4478107E-01,  0.0000000E+00,  3.4910649E-01,  1.0005525E+03,  3.2904430E+04,3,
  7.4072314E+02,  0.0000000E+00,  2.5163940E+02,2180,  6.0603362E-01,  0.0000000E+00,  5.3283530E-01,  1.0005498E+03,  3.2744225E+04,3,
  7.3722369E+02,  0.0000000E+00,  2.5491350E+02,2193,  8.7423521E-01,  0.0000000E+00,  7.4198395E-02,  1.0002289E+03,  1.3618191E+04,3,
  7.3815149E+02,  0.0000000E+00,  2.5415289E+02,2351,  7.6362973E-01,  0.0000000E+00,  2.6650897E-01,  1.0003157E+03,  1.8787102E+04,3,
  7.4198187E+02,  0.0000000E+00,  2.5277870E+02,2216,  1.2442948E+00,  0.0000000E+00,  8.6162066E-01,  1.0002846E+03,  1.6936598E+04,3,
  7.3910352E+02,  0.0000000E+00,  2.5513866E+02,2313,  9.0582049E-01,  0.0000000E+00,  8.8176727E-02,  1.0002012E+03,  1.1968487E+04,3,
  7.3999182E+02,  0.0000000E+00,  2.5455630E+02,2296,  9.1274256E-01,  0.0000000E+00,  1.0979144E-01,  1.0002062E+03,  1.2270064E+04,3,
  7.4095496E+02,  0.0000000E+00,  2.5506105E+02,2274,  1.0686898E+00,  0.0000000E+00,  3.2729868E-02,  1.0001793E+03,  1.0664180E+04,3,
  7.4223981E+02,  0.0000000E+00,  2.5473610E+02,2322,  1.2149953E+00,  0.0000000E+00,  1.2888848E-02,  1.0002065E+03,  1.2288232E+04,3,
  7.4359424E+02,  0.0000000E+00,  2.5465651E+02,2342,  1.3834597E+00,  0.0000000E+00, -3.1456813E-02,  1.0002071E+03,  1.2320935E+04,3,
  7.4367322E+02,  0.0000000E+00,  2.5294882E+02,2195,  8.4794080E-01,  0.0000000E+00,  1.2458817E-01,  1.0005722E+03,  3.4080566E+04,3,
  7.4528424E+02,  0.0000000E+00,  2.5429764E+02,2182,  1.4868696E+00,  0.0000000E+00, -2.0715463E-01,  1.0002331E+03,  1.3868941E+04,3,
  7.4445587E+02,  0.0000000E+00,  2.5301991E+02,2203,  1.1705745E+00,  0.0000000E+00,  2.5263546E-02,  1.0005696E+03,  3.3927625E+04,3,
  7.4708160E+02,  0.0000000E+00,  2.5475310E+02,2208,  1.8056452E+00,  0.0000000E+00, -3.4846044E-01,  1.0000497E+03,  2.9544666E+03,3,
  7.4763403E+02,  0.0000000E+00,  2.5398106E+02,2333,  1.3875616E+00,  0.0000000E+00, -5.0323975E-01,  1.0000529E+03,  3.1468640E+03,3,
  7.4748792E+02,  0.0000000E+00,  2.5244498E+02,2144,  9.2359525E-01,  0.0000000E+00, -1.2185315E-02,  1.0013652E+03,  8.1507250E+04,3,
  7.4584076E+02,  0.0000000E+00,  2.5321880E+02,2200,  5.8230388E-01,  0.0000000E+00, -1.3342783E-01,  1.0002605E+03,  1.5500788E+04,3,
  7.4943787E+02,  0.0000000E+00,  2.5416788E+02,2315,  1.6353954E+00,  0.0000000E+00, -1.5864046E-01,  9.9998505E+02, -8.8907123E+02,3,
  7.4929553E+02,  0.0000000E+00,  2.5278975E+02,2176,  1.2134000E+00,  0.0000000E+00,  8.3974518E-02,  1.0010647E+03,  6.3507270E+04,3,
  7.5062488E+02,  0.0000000E+00,  2.5376399E+02,2305,  1.4848566E+00,  0.0000000E+00,  6.3815024E-03,  9.9995428E+02, -2.7177668E+03,3,
  7.5127887E+02,  0.0000000E+00,  2.5259172E+02,2117,  1.5023814E+00,  0.0000000E+00, -2.4601476E-02,  1.0012242E+03,  7.3058867E+04,3,
  7.5225470E+02,  0.0000000E+00,  2.5430212E+02,2225,  1.3181134E+00,  0.0000000E+00, -2.0145396E-04,  1.0000619E+03,  3.6805146E+03,3,
  7.5364856E+02,  0.0000000E+00,  2.5430980E+02,2179,  1.3896074E+00,  0.0000000E+00, -6.3894883E-02,  1.0001104E+03,  6.5670811E+03,3,
  7.5277209E+02,  0.0000000E+00,  2.5294290E+02,2224,  1.3366216E+00,  0.0000000E+00, -2.8776277E-02,  1.0007081E+03,  4.2189852E+04,3,
  7.5424750E+02,  0.0000000E+00,  2.5277055E+02,2194,  1.5393037E+00,  0.0000000E+00, -3.6875341E-02,  1.0007437E+03,  4.4314805E+04,3,
  7.5526483E+02,  0.0000000E+00,  2.5438040E+02,2188,  1.4131193E+00,  0.0000000E+00, -8.6175963E-02,  1.0001619E+03,  9.6288486E+03,3,
  7.5560925E+02,  0.0000000E+00,  2.5292026E+02,2147,  1.4249204E+00,  0.0000000E+00, -6.9420159E-02,  1.0005610E+03,  3.3410555E+04,3,
  7.5688806E+02,  0.0000000E+00,  2.5271413E+02,2112,  1.4557625E+00,  0.0000000E+00, -8.3605178E-02,  1.0007900E+03,  4.7081934E+04,3,
  7.5689551E+02,  0.0000000E+00,  2.5468234E+02,2276,  1.4022740E+00,  0.0000000E+00, -8.8280618E-02,  1.0001370E+03,  8.1505107E+03,3,
  7.5827777E+02,  0.0000000E+00,  2.5480544E+02,2316,  1.4204844E+00,  0.0000000E+00, -7.8582935E-02,  1.0001343E+03,  7.9907036E+03,3,
  7.5819214E+02,  0.0000000E+00,  2.5302759E+02,2171,  1.4116206E+00,  0.0000000E+00, -8.1571363E-02,  1.0003679E+03,  2.1899922E+04,3,
  7.5915216E+02,  0.0000000E+00,  2.5291086E+02,2196,  1.4770778E+00,  0.0000000E+00, -7.7662662E-02,  1.0005231E+03,  3.1149590E+04,3,
  7.5994092E+02,  0.0000000E+00,  2.5490399E+02,2352,  1.4737113E+00,  0.0000000E+00, -6.4063258E-02,  1.0001163E+03,  6.9157046E+03,3,
  7.6033832E+02,  0.0000000E+00,  2.5279236E+02,2143,  1.4103971E+00,  0.0000000E+00, -6.9108769E-02,  1.0007069E+03,  4.2120609E+04,3,
  7.6122626E+02,  0.0000000E+00,  2.5455486E+02,2166,  1.3753113E+00,  0.0000000E+00, -6.9947578E-02,  1.0001508E+03,  8.9677461E+03,3,
  7.6216943E+02,  0.0000000E+00,  2.5259549E+02,2234,  1.4839778E+00,  0.0000000E+00, -2.9109225E-02,  1.0010558E+03,  6.2977707E+04,3,
  7.6282947E+02,  0.0000000E+00,  2.5482986E+02,2249,  1.4942867E+00,  0.0000000E+00, -6.8599388E-02,  1.0000583E+03,  3.4699551E+03,3,
  7.6251080E+02,  0.0000000E+00,  2.5345003E+02,2197,  1.3850403E+00,  0.0000000E+00,  1.7194815E-02,  1.0001770E+03,  1.0529763E+04,3,
  7.6432794E+02,  0.0000000E+00,  2.5398405E+02,2261,  1.5369290E+00,  0.0000000E+00, -1.4025080E-01,  1.0003160E+03,  1.8805281E+04,3,
  7.6470923E+02,  0.0000000E+00,  2.5242563E+02,2253,  1.4111794E+00,  0.0000000E+00, -1.5619462E-02,  1.0014075E+03,  8.4043156E+04,3,
  7.6559283E+02,  0.0000000E+00,  2.5478951E+02,2255,  1.5186772E+00,  0.0000000E+00,  1.7054994E-02,  1.0000892E+03,  5.3034238E+03,3,
  7.6656683E+02,  0.0000000E+00,  2.5302888E+02,2215,  1.4447211E+00,  0.0000000E+00,  3.9747586E-03,  1.0004278E+03,  2.5468502E+04,3,
  7.6690784E+02,  0.0000000E+00,  2.5470898E+02,2186,  1.4476569E+00,  0.0000000E+00,  2.8374044E-02,  1.0001318E+03,  7.8417949E+03,3,
  7.6744073E+02,  0.0000000E+00,  2.5297916E+02,2259,  1.5142405E+00,  0.0000000E+00, -9.9456394E-03,  1.0004164E+03,  2.4791793E+04,3,
  7.6836945E+02,  0.0000000E+00,  2.5450877E+02,2161,  1.4127785E+00,  0.0000000E+00,  4.9419861E-02,  1.0001857E+03,  1.1045645E+04,3,
  7.6873114E+02,  0.0000000E+00,  2.5274983E+02,2232,  1.5107363E+00,  0.0000000E+00, -3.8479625E-03,  1.0006726E+03,  4.0072641E+04,3,
  7.7005658E+02,  0.0000000E+00,  2.5401799E+02,2258,  1.4478233E+00,  0.0000000E+00,  9.8916940E-02,  1.0002880E+03,  1.7136537E+04,3,
  7.6988226E+02,  0.0000000E+00,  2.5294826E+02,2183,  1.3711481E+00,  0.0000000E+00, -5.6725826E-02,  1.0004318E+03,  2.5708637E+04,3,
  7.7132013E+02,  0.0000000E+00,  2.5359056E+02,2256,  1.4712596E+00,  0.0000000E+00,  2.1225190E-01,  1.0004551E+03,  2.7094979E+04,3,
  7.7197980E+02,  0.0000000E+00,  2.5255830E+02,2252,  1.4101708E+00,  0.0000000E+00, -1.8235659E-03,  1.0010916E+03,  6.5114398E+04,3,
  7.7335907E+02,  0.0000000E+00,  2.5380327E+02,2265,  1.4543679E+00,  0.0000000E+00,  1.2105497E-01,  1.0002355E+03,  1.4010673E+04,3,
  7.7354224E+02,  0.0000000E+00,  2.5302080E+02,2212,  1.1860523E+00,  0.0000000E+00,  1.0360141E-01,  1.0005557E+03,  3.3093770E+04,3,
  7.7473187E+02,  0.0000000E+00,  2.5309602E+02,2162,  1.0955189E+00,  0.0000000E+00,  2.0065765E-01,  1.0006013E+03,  3.5817715E+04,3,
  7.7526794E+02,  0.0000000E+00,  2.5427686E+02,2286,  1.7283297E+00,  0.0000000E+00,  4.6003982E-02,  1.0001210E+03,  7.1953384E+03,3,
  7.7606445E+02,  0.0000000E+00,  2.5266017E+02,2142,  1.5194334E+00,  0.0000000E+00, -2.5447059E-01,  1.0008729E+03,  5.2038434E+04,3,
  7.7673364E+02,  0.0000000E+00,  2.5464575E+02,2298,  1.4384110E+00,  0.0000000E+00, -1.1641435E-01,  1.0000427E+03,  2.5370132E+03,3,
  7.7751373E+02,  0.0000000E+00,  2.5280766E+02,2160,  1.1626719E+00,  0.0000000E+00, -5.8971661E-01,  1.0004735E+03,  2.8194000E+04,3,
  7.7802875E+02,  0.0000000E+00,  2.5418764E+02,2187,  1.0332755E+00,  0.0000000E+00, -2.0172369E-01,  9.9999445E+02, -3.3023575E+02,3,
  7.7812006E+02,  0.0000000E+00,  2.5331070E+02,2157,  1.4557605E+00,  0.0000000E+00, -1.2772441E-01,  1.0003643E+03,  2.1685340E+04,3,
  7.7964410E+02,  0.0000000E+00,  2.5254332E+02,2106,  9.3462020E-01,  0.0000000E+00, -9.7805363E-01,  1.0016844E+03,  1.0065770E+05,3,
  7.8149945E+02,  0.0000000E+00,  2.5409303E+02,2280,  2.4685335E+00,  0.0000000E+00,  3.4255144E-01,  1.0001332E+03,  7.9253286E+03,3,
  7.8234583E+02,  0.0000000E+00,  2.5461232E+02,2288,  1.2574631E+00,  0.0000000E+00,  5.9511926E-02,  1.0001321E+03,  7.8563223E+03,3,
  7.8290967E+02,  0.0000000E+00,  2.5478354E+02,2165,  9.5158368E-01,  0.0000000E+00,  2.7291035E-02,  1.0001937E+03,  1.1525222E+04,3,
  7.8362598E+02,  0.0000000E+00,  2.5491658E+02,2132,  1.1599880E+00,  0.0000000E+00,  4.5700092E-02,  1.0002384E+03,  1.4185113E+04,3,
  7.8461938E+02,  0.0000000E+00,  2.5448540E+02,2151,  1.6205819E+00,  0.0000000E+00, -1.1455961E-01,  1.0002698E+03,  1.6056913E+04,3,
  7.8564166E+02,  0.0000000E+00,  2.5335828E+02,2114,  1.2886249E+00,  0.0000000E+00, -1.2429510E-01,  1.0005648E+03,  3.3636312E+04,3,
  7.8707233E+02,  0.0000000E+00,  2.5422600E+02,2250,  1.3989922E+00,  0.0000000E+00, -4.1986711E-02,  1.0002733E+03,  1.6264104E+04,3,
  7.8756830E+02,  0.0000000E+00,  2.5482639E+02,2181,  1.3203877E+00,  0.0000000E+00, -3.7126683E-02,  1.0002148E+03,  1.2778771E+04,3,
  7.8885150E+02,  0.0000000E+00,  2.5450557E+02,2229,  1.2221671E+00,  0.0000000E+00, -5.9893437E-02,  1.0002991E+03,  1.7798184E+04,3,
  7.8980280E+02,  0.0000000E+00,  2.5443353E+02,2120,  1.2588558E+00,  0.0000000E+00, -1.0874269E-01,  1.0002934E+03,  1.7460084E+04,3,
  7.9086249E+02,  0.0000000E+00,  2.5429166E+02,2119,  1.3575915E+00,  0.0000000E+00, -1.1218122E-01,  1.0002847E+03,  1.6943869E+04,3,
  7.9194733E+02,  0.0000000E+00,  2.5446425E+02,2223,  1.3309220E+00,  0.0000000E+00, -5.9532009E-02,  1.0002589E+03,  1.5402651E+04,3,
  7.9664203E+02,  0.0000000E+00,  2.5156502E+02,2113,  8.4447062E-01,  0.0000000E+00,  8.1512786E-02,  1.0001246E+03,  7.4096084E+03,3,
  7.9296960E+02,  0.0000000E+00,  2.5443837E+02,2220,  1.3172567E+00,  0.0000000E+00, -2.6597342E-02,  1.0002825E+03,  1.6813002E+04,3,
  7.9409058E+02,  0.0000000E+00,  2.5455606E+02,2226,  1.3120921E+00,  0.0000000E+00, -2.5523061E-02,  1.0003058E+03,  1.8201738E+04,3,
  7.9516309E+02,  0.0000000E+00,  2.5480109E+02,2127,  1.3296486E+00,  0.0000000E+00, -3.1163977E-02,  1.0002894E+03,  1.7220150E+04,3,
  7.9634357E+02,  0.0000000E+00,  2.5465384E+02,2242,  1.3510489E+00,  0.0000000E+00, -1.5502458E-02,  1.0002520E+03,  1.4995577E+04,3,
  7.9731012E+02,  0.0000000E+00,  2.5277943E+02,2107,  1.2159220E+00,  0.0000000E+00,  4.2992055E-01,  1.0003852E+03,  2.2929260E+04,3,
  7.9767212E+02,  0.0000000E+00,  2.5469789E+02,2207,  1.4896708E+00,  0.0000000E+00, -1.7478475E-02,  1.0002114E+03,  1.2578919E+04,3,
  7.9874725E+02,  0.0000000E+00,  2.5459052E+02,2101,  1.4948647E+00,  0.0000000E+00, -2.3821283E-02,  1.0002217E+03,  1.3193021E+04,3,
  8.0010492E+02,  0.0000000E+00,  2.5471062E+02,2213,  1.5219505E+00,  0.0000000E+00, -1.6604029E-02,  1.0002145E+03,  1.2764235E+04,3,
  8.0042059E+02,  0.0000000E+00,  2.5416167E+02,2169,  1.5126036E+00,  0.0000000E+00,  1.5775703E-02,  1.0002467E+03,  1.4679380E+04,3,
  8.0211957E+02,  0.0000000E+00,  2.5400063E+02,2152,  1.4804622E+00,  0.0000000E+00,  1.6530320E-02,  1.0002155E+03,  1.2822375E+04,3,
  8.0246387E+02,  0.0000000E+00,  2.5482011E+02,2271,  1.5274982E+00,  0.0000000E+00, -2.0652654E-02,  1.0002297E+03,  1.3665434E+04,3,
  8.0378638E+02,  0.0000000E+00,  2.5443243E+02,2205,  1.5253911E+00,  0.0000000E+00, -9.2143565E-03,  1.0002245E+03,  1.3356546E+04,3,
  8.0480585E+02,  0.0000000E+00,  2.5458249E+02,2167,  1.5173517E+00,  0.0000000E+00,  1.9351177E-02,  1.0002183E+03,  1.2989527E+04,3,
  8.0565161E+02,  0.0000000E+00,  2.5403423E+02,2170,  1.4723532E+00,  0.0000000E+00,  7.3617071E-02,  1.0001673E+03,  9.9521514E+03,3,
  8.0666827E+02,  0.0000000E+00,  2.5448929E+02,2154,  1.4842895E+00,  0.0000000E+00,  6.5066822E-02,  1.0002136E+03,  1.2709730E+04,3,
  8.0769427E+02,  0.0000000E+00,  2.5459157E+02,2198,  1.4860640E+00,  0.0000000E+00,  8.9262187E-02,  1.0002163E+03,  1.2869613E+04,3,
  8.0879608E+02,  0.0000000E+00,  2.5420264E+02,2095,  1.4805542E+00,  0.0000000E+00,  1.3997370E-01,  1.0001832E+03,  1.0900323E+04,3,
  8.0982056E+02,  0.0000000E+00,  2.5463713E+02,2189,  1.5118388E+00,  0.0000000E+00,  1.3176827E-01,  1.0002170E+03,  1.2909584E+04,3,
  8.1101245E+02,  0.0000000E+00,  2.5439606E+02,2158,  1.4430138E+00,  0.0000000E+00,  1.3979284E-01,  1.0001976E+03,  1.1757752E+04,3,
  8.1208575E+02,  0.0000000E+00,  2.5424393E+02,2102,  1.3546344E+00,  0.0000000E+00,  1.3043915E-01,  1.0001561E+03,  9.2837627E+03,3,
  8.1316571E+02,  0.0000000E+00,  2.5444510E+02,2128,  1.2905890E+00,  0.0000000E+00,  9.7431041E-02,  1.0001572E+03,  9.3527783E+03,3,
  8.1406055E+02,  0.0000000E+00,  2.5429170E+02,2108,  1.2541299E+00,  0.0000000E+00,  6.3081831E-02,  1.0000928E+03,  5.5176533E+03,3,
  8.1508667E+02,  0.0000000E+00,  2.5446046E+02,2139,  1.2989568E+00,  0.0000000E+00,  2.1896712E-02,  1.0001379E+03,  8.2049912E+03,3,
  8.1597961E+02,  0.0000000E+00,  2.5413484E+02,2078,  1.3678941E+00,  0.0000000E+00,  1.2234458E-01,  1.0000616E+03,  3.6623628E+03,3,
  8.1695197E+02,  0.0000000E+00,  2.5455896E+02,2156,  1.4607449E+00,  0.0000000E+00,  1.6351052E-01,  1.0002039E+03,  1.2131992E+04,3,
  8.1822650E+02,  0.0000000E+00,  2.5463455E+02,2175,  1.3340352E+00,  0.0000000E+00,  2.5518727E-01,  1.0001862E+03,  1.1074709E+04,3,
  8.1924957E+02,  0.0000000E+00,  2.5438631E+02,2070,  1.2005330E+00,  0.0000000E+00,  2.1719800E-01,  1.0000955E+03,  5.6774204E+03,3,
  8.2382178E+02,  0.0000000E+00,  2.5283035E+02,2115,  1.3377731E+00,  0.0000000E+00,  1.1557616E-01,  1.0013932E+03,  8.3186805E+04,3,
  8.2033862E+02,  0.0000000E+00,  2.5438914E+02,2092,  1.1789777E+00,  0.0000000E+00, -1.1806784E-02,  1.0000746E+03,  4.4356606E+03,3,
  8.2139270E+02,  0.0000000E+00,  2.5420810E+02,2137,  1.2872765E+00,  0.0000000E+00, -3.3283636E-01,  1.0000027E+03,  1.5967838E+02,3,
  8.2264484E+02,  0.0000000E+00,  2.5420728E+02,2178,  1.3435354E+00,  0.0000000E+00, -4.5083076E-01,  1.0000279E+03,  1.6586031E+03,3,
  8.2407159E+02,  0.0000000E+00,  2.5425218E+02,2030,  1.6882914E+00,  0.0000000E+00, -1.5509245E-01,  1.0003254E+03,  1.9368863E+04,3,
  8.2476038E+02,  0.0000000E+00,  2.5368283E+02,2075,  1.5903847E+00,  0.0000000E+00, -1.9596942E-01,  9.9927533E+02, -4.2993852E+04,3,
  8.2583960E+02,  0.0000000E+00,  2.5430634E+02,2109,  1.1024139E+00,  0.0000000E+00, -4.7072400E-03,  1.0002684E+03,  1.5969676E+04,3,
  8.2684253E+02,  0.0000000E+00,  2.5269577E+02,2059,  1.6708697E+00,  0.0000000E+00,  2.6694048E-02,  1.0010379E+03,  6.1904055E+04,3,
  8.2718341E+02,  0.0000000E+00,  2.5323904E+02,2096,  1.5120248E+00,  0.0000000E+00,  2.2064967E-02,  1.0001837E+03,  1.0929387E+04,3,
  8.2838855E+02,  0.0000000E+00,  2.5386900E+02,2140,  1.4361432E+00,  0.0000000E+00,  9.2163086E-02,  1.0001375E+03,  8.1795669E+03,3,
  8.2884216E+02,  0.0000000E+00,  2.5299179E+02,2099,  1.6990056E+00,  0.0000000E+00, -1.1050727E-01,  1.0001004E+03,  5.9715444E+03,3,
  8.3004962E+02,  0.0000000E+00,  2.5289272E+02,2097,  1.4001698E+00,  0.0000000E+00, -5.1172595E-02,  1.0012207E+03,  7.2846836E+04,3,
  8.3105176E+02,  0.0000000E+00,  2.5370160E+02,2145,  1.1812676E+00,  0.0000000E+00, -2.4938574E-03,  1.0002971E+03,  1.7678213E+04,3,
  8.3161682E+02,  0.0000000E+00,  2.5328641E+02,2085,  1.4819276E+00,  0.0000000E+00, -1.8045214E-01,  9.9960046E+02, -2.3727143E+04,3,
  8.3242487E+02,  0.0000000E+00,  2.5293864E+02,2080,  1.4472334E+00,  0.0000000E+00,  5.1310885E-01,  1.0003486E+03,  2.0750684E+04,3,
  8.3376172E+02,  0.0000000E+00,  2.5271788E+02,2126,  2.0326116E+00,  0.0000000E+00,  1.5479216E-01,  1.0009589E+03,  5.7179895E+04,3,
  8.3423291E+02,  0.0000000E+00,  2.5413350E+02,2073,  1.4655578E+00,  0.0000000E+00,  3.5461284E-02,  1.0001923E+03,  1.1438024E+04,3,
  8.3505780E+02,  0.0000000E+00,  2.5277516E+02,2088,  1.2669687E+00,  0.0000000E+00, -2.2606879E-01,  1.0003459E+03,  2.0587037E+04,3,
  8.3630975E+02,  0.0000000E+00,  2.5386285E+02,2110,  1.3338012E+00,  0.0000000E+00,  3.0644061E-02,  1.0012607E+03,  7.5241602E+04,3,
  8.3680280E+02,  0.0000000E+00,  2.5324089E+02,2079,  1.5880136E+00,  0.0000000E+00,  1.8056516E-02,  9.9934326E+02, -3.8971457E+04,3,
  8.3761938E+02,  0.0000000E+00,  2.5304018E+02,2098,  1.6387652E+00,  0.0000000E+00, -3.8102216E-01,  9.9981696E+02, -1.0877471E+04,3,
  8.3939337E+02,  0.0000000E+00,  2.5259428E+02,2058,  1.4906311E+00,  0.0000000E+00,  2.9498440E-01,  1.0008680E+03,  5.1742941E+04,3,
  8.3891766E+02,  0.0000000E+00,  2.5419478E+02,2086,  1.5285603E+00,  0.0000000E+00,  5.1460123E-01,  1.0001442E+03,  8.5754648E+03,3,
  8.4201105E+02,  0.0000000E+00,  2.5455101E+02,2055,  1.7643867E+00,  0.0000000E+00, -8.5229635E-01,  9.9865680E+02, -7.9542852E+04,3,
  8.4174103E+02,  0.0000000E+00,  2.5432381E+02,2082,  1.1829723E+00,  0.0000000E+00,  3.1574144E+00,  9.9948163E+02, -3.0773420E+04,3,
  8.4032361E+02,  0.0000000E+00,  2.5316383E+02,2067,  3.6328876E-01,  0.0000000E+00,  5.8407438E-01,  1.0014212E+03,  8.4862984E+04,3,
  8.4146606E+02,  0.0000000E+00,  2.5488089E+02,2071,  1.4335223E+00,  0.0000000E+00,  6.7110592E-01,  9.9998920E+02, -6.4231659E+02,3,
  8.4235675E+02,  0.0000000E+00,  2.5486205E+02,2100,  1.1606470E+00,  0.0000000E+00,  6.5915358E-01,  9.9954248E+02, -2.7165861E+04,3,
  8.4659607E+02,  0.0000000E+00,  2.5501712E+02,2034,  2.2618268E+00,  0.0000000E+00, -2.1235475E-01,  1.0000327E+03,  1.9453483E+03,3,
  8.4693011E+02,  0.0000000E+00,  2.5506233E+02,2065,  2.1306956E+00,  0.0000000E+00, -1.0867703E-01,  1.0001591E+03,  9.4653857E+03,3,
  8.4712408E+02,  0.0000000E+00,  2.5484840E+02,2081,  1.9935538E+00,  0.0000000E+00, -5.7347262E-01,  9.9994598E+02, -3.2111667E+03,3,
  8.4916626E+02,  0.0000000E+00,  2.5475208E+02,2066,  1.9172727E+00,  0.0000000E+00, -2.7250053E-02,  1.0001180E+03,  7.0173887E+03,3,
  8.4771960E+02,  0.0000000E+00,  2.5501364E+02,2053,  2.5317254E+00,  0.0000000E+00, -5.9627420E-01,  9.9755096E+02, -1.4454914E+05,3,
  8.4933392E+02,  0.0000000E+00,  2.5600607E+02,2091,  1.3711755E+00,  0.0000000E+00, -9.5146008E-02,  1.0017969E+03,  1.0741615E+05,3,
  8.5122791E+02,  0.0000000E+00,  2.5495357E+02,2056,  2.8677158E+00,  0.0000000E+00,  4.6376830E-01,  9.9741724E+02, -1.5238105E+05,3,
  8.5192511E+02,  0.0000000E+00,  2.5502892E+02,2062,  1.9740708E+00,  0.0000000E+00,  5.6445491E-01,  1.0010894E+03,  6.4982898E+04,3,
  8.5278534E+02,  0.0000000E+00,  2.5532288E+02,2046,  2.4936538E+00,  0.0000000E+00, -7.2722524E-01,  1.0009503E+03,  5.6661613E+04,3,
  8.5339368E+02,  0.0000000E+00,  2.5502763E+02,2068,  2.2115350E+00,  0.0000000E+00,  7.6498017E-02,  1.0001030E+03,  6.1240566E+03,3,
  8.5352142E+02,  0.0000000E+00,  2.5525467E+02,2087,  2.1207266E+00,  0.0000000E+00,  7.3569906E-01,  9.9877618E+02, -7.2498969E+04,3,
  8.5656464E+02,  0.0000000E+00,  2.5490593E+02,2050,  2.2752650E+00,  0.0000000E+00, -1.0388821E-01,  1.0000564E+03,  3.3537864E+03,3,
  8.5708551E+02,  0.0000000E+00,  2.5507063E+02,2037,  2.1580462E+00,  0.0000000E+00, -1.5873799E-01,  1.0000676E+03,  4.0217754E+03,3,
  8.5725311E+02,  0.0000000E+00,  2.5501630E+02,2077,  2.5965035E+00,  0.0000000E+00,  4.4330123E-01,  1.0006153E+03,  3.6651801E+04,3,
  8.5828638E+02,  0.0000000E+00,  2.5495534E+02,2049,  2.1028531E+00,  0.0000000E+00, -1.5393340E-02,  9.9839801E+02, -9.4794461E+04,3,
  8.5915295E+02,  0.0000000E+00,  2.5497763E+02,2036,  2.2381499E+00,  0.0000000E+00,  6.6362053E-01,  9.9963611E+02, -2.1612641E+04,3,
  8.6054333E+02,  0.0000000E+00,  2.5609525E+02,2033,  2.4109068E+00,  0.0000000E+00, -3.0135838E-02,  1.0015825E+03,  9.4537586E+04,3,
  8.6212219E+02,  0.0000000E+00,  2.5496808E+02,2041,  2.2413471E+00,  0.0000000E+00, -7.0972151E-01,  9.9881158E+02, -7.0409320E+04,3,
  8.6225989E+02,  0.0000000E+00,  2.5499992E+02,2074,  2.3111506E+00,  0.0000000E+00, -2.0408578E-01,  1.0000677E+03,  4.0254060E+03,3,
  8.6242535E+02,  0.0000000E+00,  2.5492888E+02,2057,  2.3546300E+00,  0.0000000E+00,  2.4489471E-01,  9.9936542E+02, -3.7659219E+04,3,
  8.6250757E+02,  0.0000000E+00,  2.5491713E+02,2063,  2.2814012E+00,  0.0000000E+00, -2.1570648E-01,  9.9964020E+02, -2.1370023E+04,3,
  8.7263177E+02,  0.0000000E+00,  2.5497917E+02,2035,  2.1750560E+00,  0.0000000E+00, -3.2634297E-01,  1.0004676E+03,  2.7840990E+04,3,
  8.7264758E+02,  0.0000000E+00,  2.5492397E+02,2031,  2.1638131E+00,  0.0000000E+00, -2.0804492E-01,  1.0004876E+03,  2.9034725E+04,3,
  8.7314490E+02,  0.0000000E+00,  2.5487140E+02,2029,  2.1269548E+00,  0.0000000E+00, -1.8158023E-01,  1.0010502E+03,  6.2638066E+04,3,
  8.7340906E+02,  0.0000000E+00,  2.5504625E+02,2060,  2.2700222E+00,  0.0000000E+00, -2.7071938E-01,  9.9536072E+02, -2.7203259E+05,3,
  8.7393622E+02,  0.0000000E+00,  2.5581114E+02,2052,  2.1297419E+00,  0.0000000E+00, -1.7751044E-01,  1.0013655E+03,  8.1525547E+04,3,
  8.7719446E+02,  0.0000000E+00,  2.5507755E+02,2069,  2.1790822E+00,  0.0000000E+00, -5.4810800E-02,  1.0002522E+03,  1.5006480E+04,3,
  8.7730780E+02,  0.0000000E+00,  2.5511481E+02,2043,  2.1978674E+00,  0.0000000E+00,  3.2461292E-01,  1.0004608E+03,  2.7437045E+04,3,
  8.7738361E+02,  0.0000000E+00,  2.5511623E+02,2054,  2.2080300E+00,  0.0000000E+00,  4.3455300E-01,  1.0005466E+03,  3.2554895E+04,3,
  8.7878052E+02,  0.0000000E+00,  2.5507335E+02,2038,  2.1047122E+00,  0.0000000E+00,  9.1204032E-02,  9.9772699E+02, -1.3423042E+05,3,
  8.7955078E+02,  0.0000000E+00,  2.5519998E+02,2044,  2.1719232E+00,  0.0000000E+00,  1.5980867E-01,  1.0005154E+03,  3.0694547E+04,3,
  8.7964508E+02,  0.0000000E+00,  2.5508376E+02,2048,  2.2263680E+00,  0.0000000E+00, -1.9188514E-02,  1.0003948E+03,  2.3500350E+04,3,
  8.8247772E+02,  0.0000000E+00,  2.5508705E+02,2040,  2.1365454E+00,  0.0000000E+00, -4.8800230E-02,  1.0003783E+03,  2.2518238E+04,3,
  8.8254138E+02,  0.0000000E+00,  2.5510956E+02,2042,  2.1494308E+00,  0.0000000E+00, -1.9728474E-03,  1.0004245E+03,  2.5272033E+04,3,
  8.8289777E+02,  0.0000000E+00,  2.5514362E+02,2039,  2.1849227E+00,  0.0000000E+00, -3.6811464E-02,  1.0006646E+03,  3.9591684E+04,3,
  8.8352411E+02,  0.0000000E+00,  2.5508459E+02,2047,  2.1129131E+00,  0.0000000E+00, -1.3043886E-01,  9.9743188E+02, -1.5152345E+05,3,
  8.8580145E+02,  0.0000000E+00,  2.5543527E+02,2064,  2.2084005E+00,  0.0000000E+00, -2.5398690E-01,  1.0006113E+03,  3.6411402E+04,3,
  8.8583838E+02,  0.0000000E+00,  2.5496202E+02,2061,  2.1688848E+00,  0.0000000E+00, -1.6313051E-01,  1.0005246E+03,  3.1240602E+04,3,
  8.8600305E+02,  0.0000000E+00,  2.5494603E+02,2051,  2.1637719E+00,  0.0000000E+00, -2.3376422E-01,  1.0002952E+03,  1.7565512E+04,3,
  8.8611890E+02,  0.0000000E+00,  2.5493877E+02,2045,  2.1697261E+00,  0.0000000E+00, -2.2189681E-01,  1.0001841E+03,  1.0954818E+04,3,
 -3.9740329E+02,  0.0000000E+00,  2.6495844E+02,3820, -1.7414218E-02,  0.0000000E+00,  5.7070915E-02,  1.0009385E+03,  5.5957234E+04,3,
 -3.9445792E+02,  0.0000000E+00,  2.6386752E+02,3811, -7.4796252E-02,  0.0000000E+00, -1.1358525E-02,  1.0005816E+03,  3.4641375E+04,3,
 -3.9637500E+02,  0.0000000E+00,  2.6447067E+02,3815, -5.7859778E-02,  0.0000000E+00,  2.3784274E-02,  1.0003473E+03,  2.0670678E+04,3,
 -3.9214371E+02,  0.0000000E+00,  2.6430609E+02,3816, -4.4237040E-02,  0.0000000E+00, -1.6310552E-02,  1.0007227E+03,  4.3060918E+04,3,
 -3.9060202E+02,  0.0000000E+00,  2.6381689E+02,3802, -1.4263700E-02,  0.0000000E+00, -3.3287792E-03,  1.0004357E+03,  2.5941500E+04,3,
 -3.8673215E+02,  0.0000000E+00,  2.6378000E+02,3793,  1.7233886E-02,  0.0000000E+00, -8.7638432E-04,  1.0003596E+03,  2.1401660E+04,3,
 -3.8844681E+02,  0.0000000E+00,  2.6440985E+02,3803,  7.5455802E-03,  0.0000000E+00, -2.9564518E-02,  1.0009135E+03,  5.4461047E+04,3,
 -3.8482764E+02,  0.0000000E+00,  2.6440149E+02,3794,  5.8207698E-02,  0.0000000E+00,  1.3635317E-02,  1.0009853E+03,  5.8756797E+04,3,
 -3.8294003E+02,  0.0000000E+00,  2.6373026E+02,3784, -8.9961179E-03,  0.0000000E+00, -8.1069930E-04,  1.0003428E+03,  2.0401574E+04,3,
 -3.8091360E+02,  0.0000000E+00,  2.6419910E+02,3785,  4.1485652E-02,  0.0000000E+00, -8.1681210E-04,  1.0008169E+03,  4.8690062E+04,3,
 -3.7884061E+02,  0.0000000E+00,  2.6368039E+02,3775, -4.6432205E-03,  0.0000000E+00, -3.0703298E-03,  1.0003635E+03,  2.1634422E+04,3,
 -3.7689075E+02,  0.0000000E+00,  2.6440558E+02,3788,  2.5976801E-02,  0.0000000E+00,  7.6692007E-03,  1.0009709E+03,  5.7895309E+04,3,
 -3.7511917E+02,  0.0000000E+00,  2.6370380E+02,3766, -3.2329364E-03,  0.0000000E+00, -1.2281050E-03,  1.0003749E+03,  2.2318191E+04,3,
 -3.7291064E+02,  0.0000000E+00,  2.6407407E+02,3776,  7.6664803E-03,  0.0000000E+00, -1.3130308E-02,  1.0006172E+03,  3.6768359E+04,3,
 -3.7128091E+02,  0.0000000E+00,  2.6412970E+02,3777,  4.8313893E-02,  0.0000000E+00, -2.3485744E-02,  1.0006549E+03,  3.9016027E+04,3,
 -3.6917004E+02,  0.0000000E+00,  2.6368777E+02,3757,  8.7917089E-02,  0.0000000E+00, -1.3997214E-02,  1.0004623E+03,  2.7528021E+04,3,
 -3.6709177E+02,  0.0000000E+00,  2.6416501E+02,3767,  1.6187988E-01,  0.0000000E+00, -7.4383072E-03,  1.0007623E+03,  4.5426668E+04,3,
 -3.6508963E+02,  0.0000000E+00,  2.6376749E+02,3748,  1.6875771E-01,  0.0000000E+00, -1.7028343E-02,  1.0005673E+03,  3.3789250E+04,3,
 -3.6276941E+02,  0.0000000E+00,  2.6378000E+02,3739,  1.4444990E-01,  0.0000000E+00,  5.7978379E-03,  1.0006004E+03,  3.5763082E+04,3,
 -3.6074115E+02,  0.0000000E+00,  2.6415469E+02,3750,  1.8648557E-01,  0.0000000E+00, -1.0131290E-02,  1.0006546E+03,  3.8997809E+04,3,
 -3.5909579E+02,  0.0000000E+00,  2.6411029E+02,3740,  1.6125025E-01,  0.0000000E+00, -2.6944879E-02,  1.0006235E+03,  3.7143543E+04,3,
 -3.5692404E+02,  0.0000000E+00,  2.6367798E+02,3730,  2.9293078E-01,  0.0000000E+00, -1.9458763E-02,  1.0005355E+03,  3.1888625E+04,3,
 -3.5470810E+02,  0.0000000E+00,  2.6416611E+02,3760,  2.5133273E-01,  0.0000000E+00,  2.1096164E-02,  1.0006221E+03,  3.7059762E+04,3,
 -3.5323172E+02,  0.0000000E+00,  2.6421518E+02,3741,  3.0822009E-01,  0.0000000E+00,  2.3054693E-02,  1.0007628E+03,  4.5459480E+04,3,
 -3.5123877E+02,  0.0000000E+00,  2.6372119E+02,3721,  1.7930932E-01,  0.0000000E+00,  8.8806655E-03,  1.0004780E+03,  2.8463316E+04,3,
 -3.4928073E+02,  0.0000000E+00,  2.6419196E+02,3731,  1.8925180E-01,  0.0000000E+00,  1.0525214E-02,  1.0009012E+03,  5.3727633E+04,3,
 -3.4721866E+02,  0.0000000E+00,  2.6366864E+02,3712,  1.5273951E-01,  0.0000000E+00, -1.9488063E-02,  1.0004622E+03,  2.7520744E+04,3,
 -3.4511176E+02,  0.0000000E+00,  2.6423544E+02,3722,  3.3417395E-01,  0.0000000E+00, -4.2637098E-03,  1.0010953E+03,  6.5337227E+04,3,
 -3.4321597E+02,  0.0000000E+00,  2.6372418E+02,3703,  2.5893843E-01,  0.0000000E+00, -6.6553866E-03,  1.0005892E+03,  3.5092957E+04,3,
 -3.4107855E+02,  0.0000000E+00,  2.6407874E+02,3723,  2.3639713E-01,  0.0000000E+00,  2.9509053E-02,  1.0009692E+03,  5.7793105E+04,3,
 -3.3889734E+02,  0.0000000E+00,  2.6372995E+02,3694,  1.3686654E-01,  0.0000000E+00,  1.2318476E-02,  1.0006802E+03,  4.0528113E+04,3,
 -3.3652454E+02,  0.0000000E+00,  2.6372794E+02,3685,  1.0941395E-01,  0.0000000E+00,  7.8412239E-03,  1.0007149E+03,  4.2598043E+04,3,
 -3.3424847E+02,  0.0000000E+00,  2.6400754E+02,3713,  1.2134094E-01,  0.0000000E+00, -1.6733715E-02,  1.0007222E+03,  4.3035406E+04,3,
 -3.3229523E+02,  0.0000000E+00,  2.6399896E+02,3704,  1.3997445E-01,  0.0000000E+00, -3.9180052E-03,  1.0005574E+03,  3.3199363E+04,3,
 -3.3043979E+02,  0.0000000E+00,  2.6426181E+02,3705,  1.0619657E-01,  0.0000000E+00,  4.4976249E-02,  1.0009468E+03,  5.6457230E+04,3,
 -3.2858377E+02,  0.0000000E+00,  2.6370111E+02,3676,  5.4399721E-02,  0.0000000E+00, -8.8556465E-03,  1.0004476E+03,  2.6651037E+04,3,
 -3.2635205E+02,  0.0000000E+00,  2.6420477E+02,3686,  1.2065762E-01,  0.0000000E+00, -3.2027416E-02,  1.0009335E+03,  5.5661629E+04,3,
 -3.2450031E+02,  0.0000000E+00,  2.6372028E+02,3667,  1.6273759E-01,  0.0000000E+00, -1.0792772E-02,  1.0005045E+03,  3.0039320E+04,3,
 -3.2241138E+02,  0.0000000E+00,  2.6426547E+02,3696,  1.8384831E-01,  0.0000000E+00,  6.1896890E-03,  1.0009186E+03,  5.4771215E+04,3,
 -3.2052982E+02,  0.0000000E+00,  2.6367673E+02,3658,  1.6574876E-01,  0.0000000E+00,  1.4745278E-02,  1.0004156E+03,  2.4744498E+04,3,
 -3.1833890E+02,  0.0000000E+00,  2.6420865E+02,3677,  1.1834729E-01,  0.0000000E+00,  6.0291826E-03,  1.0008199E+03,  4.8868762E+04,3,
 -3.1648544E+02,  0.0000000E+00,  2.6370340E+02,3649,  9.5325232E-02,  0.0000000E+00, -2.5001466E-02,  1.0005768E+03,  3.4357324E+04,3,
 -3.1405328E+02,  0.0000000E+00,  2.6380276E+02,3640,  2.2410242E-01,  0.0000000E+00, -3.4163076E-02,  1.0002333E+03,  1.3879844E+04,3,
 -3.1261838E+02,  0.0000000E+00,  2.6463797E+02,3668,  2.5262848E-01,  0.0000000E+00,  5.7550389E-02,  1.0013419E+03,  8.0109664E+04,3,
 -3.1089520E+02,  0.0000000E+00,  2.6373117E+02,3631,  1.6546854E-01,  0.0000000E+00,  1.0278602E-02,  1.0002171E+03,  1.2916852E+04,3,
 -3.0874518E+02,  0.0000000E+00,  2.6412637E+02,3669,  1.0553458E-01,  0.0000000E+00, -1.4371556E-03,  1.0007394E+03,  4.4063285E+04,3,
 -3.0672104E+02,  0.0000000E+00,  2.6366086E+02,3622,  1.0329179E-01,  0.0000000E+00, -2.2465759E-03,  1.0004540E+03,  2.7033117E+04,3,
 -3.0438895E+02,  0.0000000E+00,  2.6416757E+02,3641,  1.8264435E-01,  0.0000000E+00, -4.1841406E-02,  1.0007947E+03,  4.7362699E+04,3,
 -3.0258398E+02,  0.0000000E+00,  2.6373105E+02,3613,  2.0851479E-01,  0.0000000E+00,  1.5131336E-03,  1.0004473E+03,  2.6629205E+04,3,
 -3.0048032E+02,  0.0000000E+00,  2.6425266E+02,3660,  2.2852403E-01,  0.0000000E+00,  6.9601736E-03,  1.0008152E+03,  4.8587953E+04,3,
 -2.9862354E+02,  0.0000000E+00,  2.6369009E+02,3604,  1.8604992E-01,  0.0000000E+00, -3.5746617E-03,  1.0004634E+03,  2.7589887E+04,3,
 -2.9639511E+02,  0.0000000E+00,  2.6407968E+02,3642,  2.3036629E-01,  0.0000000E+00,  1.0408801E-02,  1.0006407E+03,  3.8170812E+04,3,
 -2.9455487E+02,  0.0000000E+00,  2.6399857E+02,3632,  1.3380991E-01,  0.0000000E+00, -1.3479164E-02,  1.0006111E+03,  3.6400473E+04,3,
 -2.9231497E+02,  0.0000000E+00,  2.6370312E+02,3595,  2.2240591E-01,  0.0000000E+00, -1.5355770E-02,  1.0004033E+03,  2.4009631E+04,3,
 -2.9044034E+02,  0.0000000E+00,  2.6453879E+02,3653,  2.2418530E-01,  0.0000000E+00,  5.0029565E-02,  1.0009980E+03,  5.9519789E+04,3,
 -2.8885605E+02,  0.0000000E+00,  2.6371942E+02,3586,  1.7395553E-01,  0.0000000E+00, -1.1540981E-02,  1.0003624E+03,  2.1572594E+04,3,
 -2.8643210E+02,  0.0000000E+00,  2.6382077E+02,3577,  2.5838968E-01,  0.0000000E+00, -4.0916592E-02,  1.0006675E+03,  3.9770219E+04,3,
 -2.8431033E+02,  0.0000000E+00,  2.6376477E+02,3568,  3.3338031E-01,  0.0000000E+00, -1.5907293E-02,  1.0006234E+03,  3.7136258E+04,3,
 -2.8202121E+02,  0.0000000E+00,  2.6402496E+02,3624,  4.0401232E-01,  0.0000000E+00, -4.0467516E-02,  1.0005808E+03,  3.4594031E+04,3,
 -2.8035382E+02,  0.0000000E+00,  2.6416956E+02,3634,  4.1197434E-01,  0.0000000E+00,  1.7483279E-02,  1.0006063E+03,  3.6112734E+04,3,
 -2.7857233E+02,  0.0000000E+00,  2.6412149E+02,3596,  4.4547132E-01,  0.0000000E+00,  1.1878705E-02,  1.0006484E+03,  3.8626199E+04,3,
 -2.7658322E+02,  0.0000000E+00,  2.6375626E+02,3559,  3.7082979E-01,  0.0000000E+00, -1.2783590E-02,  1.0005907E+03,  3.5184004E+04,3,
 -2.7422229E+02,  0.0000000E+00,  2.6376294E+02,3550,  4.3149030E-01,  0.0000000E+00, -8.0875831E-04,  1.0004307E+03,  2.5643145E+04,3,
 -2.7260629E+02,  0.0000000E+00,  2.6456888E+02,3663,  4.0861520E-01,  0.0000000E+00,  8.9291623E-03,  1.0009068E+03,  5.4063320E+04,3,
 -2.7104367E+02,  0.0000000E+00,  2.6396677E+02,3587,  3.4855857E-01,  0.0000000E+00,  2.8623343E-02,  1.0002736E+03,  1.6278645E+04,3,
 -2.6905743E+02,  0.0000000E+00,  2.6400763E+02,3606,  3.4492227E-01,  0.0000000E+00,  1.4931141E-02,  1.0005572E+03,  3.3184797E+04,3,
 -2.6681967E+02,  0.0000000E+00,  2.6366602E+02,3541,  2.9143998E-01,  0.0000000E+00, -9.1199385E-04,  1.0004211E+03,  2.5071930E+04,3,
 -2.6467554E+02,  0.0000000E+00,  2.6413422E+02,3597,  3.2213411E-01,  0.0000000E+00,  1.1400622E-02,  1.0006537E+03,  3.8946805E+04,3,
 -2.6261206E+02,  0.0000000E+00,  2.6366489E+02,3532,  2.5407657E-01,  0.0000000E+00, -9.5263040E-03,  1.0003961E+03,  2.3580379E+04,3,
 -2.6040088E+02,  0.0000000E+00,  2.6425375E+02,3569,  4.2500725E-01,  0.0000000E+00, -2.8125316E-02,  1.0007343E+03,  4.3753453E+04,3,
 -2.5866428E+02,  0.0000000E+00,  2.6371185E+02,3523,  3.0849597E-01,  0.0000000E+00,  1.5174948E-03,  1.0004238E+03,  2.5232014E+04,3,
 -2.5633844E+02,  0.0000000E+00,  2.6404266E+02,3578,  4.6054164E-01,  0.0000000E+00, -1.2491136E-02,  1.0005612E+03,  3.3425117E+04,3,
 -2.5452432E+02,  0.0000000E+00,  2.6390085E+02,3560,  3.2541341E-01,  0.0000000E+00, -8.4683662E-03,  1.0004054E+03,  2.4133318E+04,3,
 -2.5234119E+02,  0.0000000E+00,  2.6421429E+02,3551,  4.7051221E-01,  0.0000000E+00, -1.8012436E-02,  1.0006818E+03,  4.0619211E+04,3,
 -2.5074106E+02,  0.0000000E+00,  2.6392038E+02,3514,  4.0959594E-01,  0.0000000E+00, -4.1717621E-03,  1.0006119E+03,  3.6447824E+04,3,
 -2.4877477E+02,  0.0000000E+00,  2.6388513E+02,3505,  4.1710529E-01,  0.0000000E+00,  4.4371527E-02,  1.0006580E+03,  3.9198191E+04,3,
 -2.4630115E+02,  0.0000000E+00,  2.6368698E+02,3496,  3.1593800E-01,  0.0000000E+00, -4.6661329E-03,  1.0005282E+03,  3.1455391E+04,3,
 -2.4419588E+02,  0.0000000E+00,  2.6413568E+02,3542,  4.4637060E-01,  0.0000000E+00, -2.5749307E-02,  1.0005976E+03,  3.5595547E+04,3,
 -2.4257146E+02,  0.0000000E+00,  2.6416486E+02,3570,  3.1895649E-01,  0.0000000E+00,  1.9512201E-02,  1.0006463E+03,  3.8502332E+04,3,
 -2.4055719E+02,  0.0000000E+00,  2.6377850E+02,3487,  3.7819025E-01,  0.0000000E+00, -8.0283424E-03,  1.0005660E+03,  3.3712781E+04,3,
 -2.3818982E+02,  0.0000000E+00,  2.6374231E+02,3478,  3.9043757E-01,  0.0000000E+00,  1.1086743E-02,  1.0005622E+03,  3.3483379E+04,3,
 -2.3604941E+02,  0.0000000E+00,  2.6398926E+02,3533,  3.3149356E-01,  0.0000000E+00,  1.6066916E-02,  1.0004869E+03,  2.8994689E+04,3,
 -2.3406169E+02,  0.0000000E+00,  2.6416177E+02,3543,  3.4315935E-01,  0.0000000E+00, -3.7708208E-02,  1.0006815E+03,  4.0600992E+04,3,
 -2.3231810E+02,  0.0000000E+00,  2.6380765E+02,3469,  3.7339124E-01,  0.0000000E+00,  1.3850426E-02,  1.0005117E+03,  3.0472492E+04,3,
 -2.3041139E+02,  0.0000000E+00,  2.6423611E+02,3524,  3.3250427E-01,  0.0000000E+00,  5.2880254E-02,  1.0007291E+03,  4.3443629E+04,3,
 -2.2840791E+02,  0.0000000E+00,  2.6361066E+02,3460,  2.2689679E-01,  0.0000000E+00,  1.4619011E-02,  1.0004011E+03,  2.3875033E+04,3,
 -2.2590819E+02,  0.0000000E+00,  2.6409790E+02,3552,  3.4693617E-01,  0.0000000E+00, -8.3546847E-02,  1.0006487E+03,  3.8644414E+04,3,
 -2.2428030E+02,  0.0000000E+00,  2.6375839E+02,3451,  2.9345125E-01,  0.0000000E+00,  6.9106854E-03,  1.0002529E+03,  1.5046461E+04,3,
 -2.2242284E+02,  0.0000000E+00,  2.6476389E+02,3515,  7.3774964E-01,  0.0000000E+00,  7.3903479E-02,  1.0014118E+03,  8.4299344E+04,3,
 -2.2100285E+02,  0.0000000E+00,  2.6370007E+02,3442,  1.7719162E-01,  0.0000000E+00, -1.2175108E-02,  9.9998297E+02, -1.0124462E+03,3,
 -2.1887904E+02,  0.0000000E+00,  2.6407330E+02,3506,  5.1755577E-01,  0.0000000E+00, -2.8910408E-02,  1.0007000E+03,  4.1705152E+04,3,
 -2.1673796E+02,  0.0000000E+00,  2.6366467E+02,3433,  3.0151942E-01,  0.0000000E+00, -1.3009110E-02,  1.0004041E+03,  2.4056924E+04,3,
 -2.1458566E+02,  0.0000000E+00,  2.6422525E+02,3479,  6.0856909E-01,  0.0000000E+00, -1.4888108E-02,  1.0008305E+03,  4.9503344E+04,3,
 -2.1267302E+02,  0.0000000E+00,  2.6368515E+02,3424,  3.4211019E-01,  0.0000000E+00,  1.2899342E-02,  1.0004854E+03,  2.8900059E+04,3,
 -2.1035727E+02,  0.0000000E+00,  2.6395523E+02,3497,  5.1967210E-01,  0.0000000E+00, -1.7414425E-03,  1.0005455E+03,  3.2489357E+04,3,
 -2.0833325E+02,  0.0000000E+00,  2.6411725E+02,3498,  3.0902359E-01,  0.0000000E+00, -5.4338731E-02,  1.0007347E+03,  4.3778969E+04,3,
 -2.0646899E+02,  0.0000000E+00,  2.6376990E+02,3415,  5.5601960E-01,  0.0000000E+00,  3.1278688E-02,  1.0004977E+03,  2.9638926E+04,3,
 -2.0453290E+02,  0.0000000E+00,  2.6422183E+02,3470,  3.2354257E-01,  0.0000000E+00,  4.6560206E-02,  1.0007968E+03,  4.7486676E+04,3,
 -2.0255519E+02,  0.0000000E+00,  2.6366785E+02,3406,  3.4926581E-01,  0.0000000E+00,  1.7424414E-02,  1.0004457E+03,  2.6534596E+04,3,
 -2.0036374E+02,  0.0000000E+00,  2.6424423E+02,3508,  3.1617922E-01,  0.0000000E+00,  9.8846648E-03,  1.0007696E+03,  4.5864156E+04,3,
 -1.9838034E+02,  0.0000000E+00,  2.6362769E+02,3397,  2.6048636E-01,  0.0000000E+00,  2.7408784E-03,  1.0005355E+03,  3.1892266E+04,3,
 -1.9598157E+02,  0.0000000E+00,  2.6410269E+02,3461,  3.4994984E-01,  0.0000000E+00, -4.7186863E-02,  1.0006101E+03,  3.6342195E+04,3,
 -1.9399620E+02,  0.0000000E+00,  2.6367651E+02,3388,  3.8997832E-01,  0.0000000E+00,  6.8028769E-03,  1.0006414E+03,  3.8210887E+04,3,
 -1.9134703E+02,  0.0000000E+00,  2.6372125E+02,3379,  4.2835456E-01,  0.0000000E+00, -3.0624041E-02,  1.0004940E+03,  2.9413256E+04,3,
 -1.8887599E+02,  0.0000000E+00,  2.6370880E+02,3370,  5.3568619E-01,  0.0000000E+00, -2.1920605E-02,  1.0005624E+03,  3.3497945E+04,3,
 -1.8656075E+02,  0.0000000E+00,  2.6404480E+02,3489,  5.4298156E-01,  0.0000000E+00, -2.7598795E-02,  1.0005892E+03,  3.5096598E+04,3,
 -1.8487846E+02,  0.0000000E+00,  2.6406885E+02,3480,  6.2506396E-01,  0.0000000E+00,  2.3751698E-02,  1.0005281E+03,  3.1451750E+04,3,
 -1.8292374E+02,  0.0000000E+00,  2.6412054E+02,3471,  6.1616474E-01,  0.0000000E+00, -1.7530264E-03,  1.0006633E+03,  3.9518816E+04,3,
 -1.8082562E+02,  0.0000000E+00,  2.6365158E+02,3361,  5.1857084E-01,  0.0000000E+00,  1.6432934E-02,  1.0003897E+03,  2.3198432E+04,3,
 -1.7870392E+02,  0.0000000E+00,  2.6424847E+02,3416,  6.0428625E-01,  0.0000000E+00,  4.7894608E-02,  1.0007379E+03,  4.3968512E+04,3,
 -1.7650803E+02,  0.0000000E+00,  2.6371542E+02,3352,  4.7087553E-01,  0.0000000E+00, -1.6538249E-02,  1.0004739E+03,  2.8215836E+04,3,
 -1.7421909E+02,  0.0000000E+00,  2.6411816E+02,3407,  5.1808411E-01,  0.0000000E+00, -1.4771522E-02,  1.0006095E+03,  3.6305773E+04,3,
 -1.7225803E+02,  0.0000000E+00,  2.6370837E+02,3343,  4.7356129E-01,  0.0000000E+00,  4.7079665E-03,  1.0005606E+03,  3.3388707E+04,3,
 -1.6965460E+02,  0.0000000E+00,  2.6372653E+02,3334,  5.6801403E-01,  0.0000000E+00, -1.1176420E-02,  1.0005207E+03,  3.1007613E+04,3,
 -1.6707408E+02,  0.0000000E+00,  2.6365649E+02,3325,  4.9048457E-01,  0.0000000E+00,  6.9332323E-03,  1.0005304E+03,  3.1586451E+04,3,
 -1.6481844E+02,  0.0000000E+00,  2.6406903E+02,3389,  5.4605901E-01,  0.0000000E+00,  2.6433472E-02,  1.0006823E+03,  4.0652004E+04,3,
 -1.6258142E+02,  0.0000000E+00,  2.6360474E+02,3316,  3.8343433E-01,  0.0000000E+00,  1.4213418E-02,  1.0005014E+03,  2.9857320E+04,3,
 -1.5980093E+02,  0.0000000E+00,  2.6405869E+02,3444,  5.0389844E-01,  0.0000000E+00, -7.1245186E-02,  1.0005663E+03,  3.3727348E+04,3,
 -1.5822031E+02,  0.0000000E+00,  2.6382974E+02,3307,  4.6733072E-01,  0.0000000E+00,  1.5710285E-02,  1.0005514E+03,  3.2838891E+04,3,
 -1.5576515E+02,  0.0000000E+00,  2.6393774E+02,3298,  7.5253975E-01,  0.0000000E+00, -3.7746686E-02,  1.0005582E+03,  3.3246699E+04,3,
 -1.5399648E+02,  0.0000000E+00,  2.6416727E+02,3417,  4.8134077E-01,  0.0000000E+00, -1.2536212E-03,  1.0005639E+03,  3.3585336E+04,3,
 -1.5167299E+02,  0.0000000E+00,  2.6364563E+02,3289,  6.4234543E-01,  0.0000000E+00,  1.1459007E-02,  1.0004753E+03,  2.8303182E+04,3,
 -1.4895021E+02,  0.0000000E+00,  2.6362967E+02,3280,  4.7595745E-01,  0.0000000E+00,  2.4358449E-03,  1.0004213E+03,  2.5082846E+04,3,
 -1.4656386E+02,  0.0000000E+00,  2.6401285E+02,3399,  5.7946831E-01,  0.0000000E+00, -1.3508335E-02,  1.0003608E+03,  2.1474398E+04,3,
 -1.4462273E+02,  0.0000000E+00,  2.6425607E+02,3371,  5.9916002E-01,  0.0000000E+00, -2.0943610E-02,  1.0006938E+03,  4.1337082E+04,3,
 -1.4282591E+02,  0.0000000E+00,  2.6369687E+02,3271,  5.4563612E-01,  0.0000000E+00,  3.9982520E-02,  1.0003602E+03,  2.1441666E+04,3,
 -1.4031943E+02,  0.0000000E+00,  2.6399963E+02,3445,  5.9785295E-01,  0.0000000E+00, -2.2350997E-02,  1.0004688E+03,  2.7910135E+04,3,
 -1.3835696E+02,  0.0000000E+00,  2.6405347E+02,3362,  5.7927340E-01,  0.0000000E+00, -1.5854536E-02,  1.0004954E+03,  2.9496973E+04,3,
 -1.3605521E+02,  0.0000000E+00,  2.6372629E+02,3262,  6.2887532E-01,  0.0000000E+00,  1.0619366E-02,  1.0004724E+03,  2.8128492E+04,3,
 -1.3361737E+02,  0.0000000E+00,  2.6407336E+02,3436,  6.1388183E-01,  0.0000000E+00, -3.2490514E-02,  1.0004363E+03,  2.5977885E+04,3,
 -1.3166502E+02,  0.0000000E+00,  2.6395715E+02,3391,  6.2166578E-01,  0.0000000E+00, -6.8837451E-03,  1.0003895E+03,  2.3183881E+04,3,
 -1.2956538E+02,  0.0000000E+00,  2.6400208E+02,3381,  6.6366154E-01,  0.0000000E+00,  1.4346621E-02,  1.0004264E+03,  2.5384820E+04,3,
 -1.2725925E+02,  0.0000000E+00,  2.6370975E+02,3253,  6.4689422E-01,  0.0000000E+00, -8.4486278E-03,  1.0004235E+03,  2.5213822E+04,3,
 -1.2445775E+02,  0.0000000E+00,  2.6367221E+02,3244,  6.4764792E-01,  0.0000000E+00,  1.3828032E-04,  1.0005509E+03,  3.2809766E+04,3,
 -1.2200613E+02,  0.0000000E+00,  2.6391620E+02,3390,  6.9106364E-01,  0.0000000E+00, -2.1434212E-02,  1.0002781E+03,  1.6547637E+04,3,
 -1.1936578E+02,  0.0000000E+00,  2.6356256E+02,3235,  7.5258988E-01,  0.0000000E+00, -5.5360561E-03,  1.0004996E+03,  2.9751764E+04,3,
 -1.1687969E+02,  0.0000000E+00,  2.6427728E+02,3335,  7.9678375E-01,  0.0000000E+00, -1.0983785E-02,  1.0007540E+03,  4.4934516E+04,3,
 -1.1520618E+02,  0.0000000E+00,  2.6376837E+02,3226,  7.7413684E-01,  0.0000000E+00, -2.1150289E-02,  1.0003597E+03,  2.1408934E+04,3,
 -1.1287247E+02,  0.0000000E+00,  2.6381097E+02,3217,  7.5278836E-01,  0.0000000E+00,  4.2346645E-02,  1.0004660E+03,  2.7746371E+04,3,
 -1.1041513E+02,  0.0000000E+00,  2.6376785E+02,3208,  7.6692289E-01,  0.0000000E+00,  7.5062667E-03,  1.0004565E+03,  2.7178674E+04,3,
 -1.0755166E+02,  0.0000000E+00,  2.6372342E+02,3199,  8.2876927E-01,  0.0000000E+00, -4.2082900E-03,  1.0003929E+03,  2.3391223E+04,3,
 -1.0481357E+02,  0.0000000E+00,  2.6392563E+02,3290,  7.7354014E-01,  0.0000000E+00, -1.0871986E-02,  1.0003214E+03,  1.9125246E+04,3,
 -1.0242107E+02,  0.0000000E+00,  2.6421426E+02,3308,  9.4527847E-01,  0.0000000E+00, -2.8960486E-03,  1.0004780E+03,  2.8463316E+04,3,
 -1.0077776E+02,  0.0000000E+00,  2.6389444E+02,3190,  8.3043361E-01,  0.0000000E+00,  2.2851460E-02,  1.0003408E+03,  2.0285207E+04,3,
 -9.7902054E+01,  0.0000000E+00,  2.6377032E+02,3181,  8.1536269E-01,  0.0000000E+00,  1.8885998E-02,  1.0005781E+03,  3.4433801E+04,3,
 -9.5162285E+01,  0.0000000E+00,  2.6394974E+02,3317,  6.0908914E-01,  0.0000000E+00, -3.4382515E-02,  1.0002728E+03,  1.6235024E+04,3,
 -9.2996620E+01,  0.0000000E+00,  2.6401797E+02,3336,  7.6909649E-01,  0.0000000E+00,  7.1269497E-02,  1.0003463E+03,  2.0608855E+04,3,
 -9.0429665E+01,  0.0000000E+00,  2.6401215E+02,3272,  8.3960849E-01,  0.0000000E+00, -5.6004990E-03,  1.0003802E+03,  2.2630996E+04,3,
 -8.7276505E+01,  0.0000000E+00,  2.6393167E+02,3354,  5.9809130E-01,  0.0000000E+00, -8.9523874E-02,  1.0002913E+03,  1.7332846E+04,3,
 -8.5387459E+01,  0.0000000E+00,  2.6393878E+02,3172,  8.4332114E-01,  0.0000000E+00,  9.9811085E-02,  1.0004639E+03,  2.7619000E+04,3,
 -8.2402802E+01,  0.0000000E+00,  2.6372083E+02,3163,  7.3072928E-01,  0.0000000E+00, -3.7603870E-02,  1.0004727E+03,  2.8146689E+04,3,
 -7.9634605E+01,  0.0000000E+00,  2.6399496E+02,3318,  7.5691104E-01,  0.0000000E+00,  4.0213899E-03,  1.0002059E+03,  1.2248264E+04,3,
 -7.7700050E+01,  0.0000000E+00,  2.6440042E+02,3281,  1.0075442E+00,  0.0000000E+00,  1.6140963E-01,  1.0004766E+03,  2.8379609E+04,3,
 -7.5138878E+01,  0.0000000E+00,  2.6392328E+02,3154,  7.9220712E-01,  0.0000000E+00, -3.5478134E-02,  1.0004000E+03,  2.3813191E+04,3,
 -7.2257332E+01,  0.0000000E+00,  2.6433713E+02,3337,  1.0738510E+00,  0.0000000E+00, -4.3801204E-03,  1.0006248E+03,  3.7216395E+04,3,
 -7.0142601E+01,  0.0000000E+00,  2.6421857E+02,3263,  1.1747576E+00,  0.0000000E+00, -8.8333890E-02,  1.0003315E+03,  1.9728846E+04,3,
 -6.7039268E+01,  0.0000000E+00,  2.6366241E+02,3145,  1.0377007E+00,  0.0000000E+00,  8.3546946E-03,  1.0004131E+03,  2.4591699E+04,3,
 -6.3712795E+01,  0.0000000E+00,  2.6399011E+02,3136,  1.3242906E+00,  0.0000000E+00,  9.9608928E-02,  1.0003586E+03,  2.1343471E+04,3,
 -6.0325451E+01,  0.0000000E+00,  2.6430951E+02,3127,  1.0433877E+00,  0.0000000E+00,  9.5187284E-02,  1.0004211E+03,  2.5068293E+04,3,
 -5.9047604E+01,  0.0000000E+00,  2.6491837E+02,3227,  1.5262040E+00,  0.0000000E+00, -1.1879838E-01,  1.0000239E+03,  1.4226799E+03,3,
 -5.6649055E+01,  0.0000000E+00,  2.6403464E+02,3118,  7.7515507E-01,  0.0000000E+00,  4.3932624E-02,  1.0003714E+03,  2.2107236E+04,3,
 -5.2722069E+01,  0.0000000E+00,  2.6456189E+02,3319,  1.1114064E+00,  0.0000000E+00, -2.5077835E-01,  1.0005874E+03,  3.4987344E+04,3,
 -4.9795628E+01,  0.0000000E+00,  2.6410934E+02,3109,  8.8006192E-01,  0.0000000E+00,  1.1940771E-01,  1.0005181E+03,  3.0854719E+04,3,
 -4.3281807E+01,  0.0000000E+00,  2.6450153E+02,3100,  1.3949736E+00,  0.0000000E+00,  1.4164041E-01,  1.0009156E+03,  5.4592410E+04,3,
 -3.9733948E+01,  0.0000000E+00,  2.6495761E+02,3091,  1.2500173E+00,  0.0000000E+00,  2.4791610E-01,  1.0006187E+03,  3.6855777E+04,3,
  7.0779564E+01,  0.0000000E+00,  2.6355148E+02,3351,  6.4078112E+00,  0.0000000E+00, -4.6781454E+00,  9.9972565E+02, -1.6299047E+04,3,
  7.1410324E+01,  0.0000000E+00,  2.6249921E+02,3340,  5.6466341E+00,  0.0000000E+00, -7.0379729E+00,  9.9835950E+02, -9.7062195E+04,3,
  7.1558128E+01,  0.0000000E+00,  2.6347812E+02,3219,  5.5171971E+00,  0.0000000E+00, -6.0839081E+00,  1.0051975E+03,  3.1389381E+05,3,
  7.2084312E+01,  0.0000000E+00,  2.6427423E+02,2974,  7.0051098E+00,  0.0000000E+00, -4.6975150E+00,  1.0014876E+03,  8.8845945E+04,3,
  7.2422058E+01,  0.0000000E+00,  2.6269870E+02,3265,  4.4295177E+00,  0.0000000E+00, -3.9877565E+00,  9.9706470E+02, -1.7299769E+05,3,
  7.5733780E+01,  0.0000000E+00,  2.6283386E+02,3257,  7.7813482E+00,  0.0000000E+00, -8.1650001E-01,  9.9544910E+02, -2.6692100E+05,3,
  7.5163383E+01,  0.0000000E+00,  2.6278284E+02,3156,  3.8761582E+00,  0.0000000E+00, -1.5206728E+00,  9.9509967E+02, -2.8711500E+05,3,
  7.6257553E+01,  0.0000000E+00,  2.6281046E+02,3074,  7.3356180E+00,  0.0000000E+00,  3.4074266E+00,  1.0010054E+03,  5.9961547E+04,3,
  7.7556427E+01,  0.0000000E+00,  2.6472638E+02,3256,  6.2702775E+00,  0.0000000E+00, -4.0318901E-03,  9.9390155E+02, -3.5603438E+05,3,
  7.6059387E+01,  0.0000000E+00,  2.6426990E+02,3292,  4.8606563E+00,  0.0000000E+00, -2.4900851E+00,  1.0007370E+03,  4.3917480E+04,3,
  7.3205559E+01,  0.0000000E+00,  2.6469067E+02,3341,  7.0069857E+00,  0.0000000E+00, -4.0932922E+00,  1.0003498E+03,  2.0819779E+04,3,
  7.8429596E+01,  0.0000000E+00,  2.6349542E+02,3238,  9.6186657E+00,  0.0000000E+00,  1.8567332E+00,  1.0071030E+03,  4.3143819E+05,3,
  7.8511871E+01,  0.0000000E+00,  2.6491058E+02,3293,  6.7648520E+00,  0.0000000E+00,  1.1362408E+00,  9.9940973E+02, -3.5034211E+04,3,
  8.0946404E+01,  0.0000000E+00,  2.6315814E+02,3301,  5.8498554E+00,  0.0000000E+00,  1.8210732E+00,  9.8837067E+02, -6.6779488E+05,3,
  8.1082207E+01,  0.0000000E+00,  2.6316888E+02,3147,  4.7909923E+00,  0.0000000E+00, -3.2646594E+00,  1.0050258E+03,  3.0336450E+05,3,
  8.2963707E+01,  0.0000000E+00,  2.6298318E+02,2965,  6.9716148E+00,  0.0000000E+00,  1.0363972E+00,  1.0052975E+03,  3.2002778E+05,3,
  8.3582138E+01,  0.0000000E+00,  2.6376419E+02,2956,  5.9249687E+00,  0.0000000E+00, -2.2319894E-01,  1.0045419E+03,  2.7375784E+05,3,
  8.4015152E+01,  0.0000000E+00,  2.6369144E+02,3332,  6.0509620E+00,  0.0000000E+00,  1.0340389E+00,  9.9599847E+02, -2.3508531E+05,3,
  8.3849838E+01,  0.0000000E+00,  2.6408221E+02,3322,  6.2104216E+00,  0.0000000E+00,  1.5361519E+00,  9.9890167E+02, -6.5089520E+04,3,
  1.2687150E+02,  0.0000000E+00,  2.6329193E+02,3333,  7.1116204E+00,  0.0000000E+00, -4.4793287E-01,  1.0002645E+03,  1.5740681E+04,3,
  1.2712652E+02,  0.0000000E+00,  2.6304468E+02,3311,  7.0963922E+00,  0.0000000E+00, -2.3479097E-01,  1.0001204E+03,  7.1590215E+03,3,
  1.2731868E+02,  0.0000000E+00,  2.6311438E+02,2947,  7.1022406E+00,  0.0000000E+00, -9.0163004E-01,  1.0003372E+03,  2.0070658E+04,3,
  1.2769810E+02,  0.0000000E+00,  2.6317621E+02,3228,  7.2021556E+00,  0.0000000E+00,  6.9146031E-01,  9.9821667E+02, -1.0546726E+05,3,
  1.2899580E+02,  0.0000000E+00,  2.6310156E+02,3294,  7.0997863E+00,  0.0000000E+00, -1.1546381E+00,  9.9956189E+02, -2.6014928E+04,3,
  1.3065012E+02,  0.0000000E+00,  2.6309302E+02,3285,  6.9371085E+00,  0.0000000E+00, -9.7287047E-01,  1.0020115E+03,  1.2032595E+05,3,
  1.3096007E+02,  0.0000000E+00,  2.6329477E+02,3220,  7.2184334E+00,  0.0000000E+00, -8.1416893E-01,  9.9979083E+02, -1.2428867E+04,3,
  1.3218852E+02,  0.0000000E+00,  2.6302853E+02,3312,  7.1158209E+00,  0.0000000E+00, -5.9635464E-02,  9.9905621E+02, -5.5956977E+04,3,
  1.3245647E+02,  0.0000000E+00,  2.6299548E+02,3323,  7.3144722E+00,  0.0000000E+00, -5.9552372E-01,  9.9983099E+02, -1.0043677E+04,3,
  1.3253484E+02,  0.0000000E+00,  2.6280569E+02,3324,  7.4530659E+00,  0.0000000E+00,  7.4038357E-01,  9.9943750E+02, -3.3388707E+04,3,
  1.7341614E+02,  0.0000000E+00,  2.6066882E+02,3313,  7.6722236E+00,  0.0000000E+00, -2.2990491E+00,  9.9914288E+02, -5.0831543E+04,3,
  1.7368596E+02,  0.0000000E+00,  2.6046707E+02,3302,  6.9465742E+00,  0.0000000E+00,  2.4323916E+00,  1.0007990E+03,  4.7621594E+04,3,
  1.7391673E+02,  0.0000000E+00,  2.6042667E+02,2938,  7.0788040E+00,  0.0000000E+00,  2.6704776E-01,  1.0004473E+03,  2.6629205E+04,3,
  1.7436465E+02,  0.0000000E+00,  2.6092444E+02,3202,  1.0141043E+01,  0.0000000E+00,  1.5498809E+00,  9.9819312E+02, -1.0685305E+05,3,
  1.7498505E+02,  0.0000000E+00,  2.6076080E+02,3192,  7.2888055E+00,  0.0000000E+00, -3.3365662E+00,  9.9680621E+02, -1.8808617E+05,3,
  1.7763190E+02,  0.0000000E+00,  2.6197510E+02,3248,  9.5107384E+00,  0.0000000E+00,  2.6149821E+00,  1.0046210E+03,  2.7859184E+05,3,
  1.7840045E+02,  0.0000000E+00,  2.6121988E+02,3314,  4.6593533E+00,  0.0000000E+00, -1.5692918E+00,  9.9896448E+02, -6.1379094E+04,3,
  1.7793550E+02,  0.0000000E+00,  2.6209998E+02,3038,  7.1333323E+00,  0.0000000E+00,  1.2534322E+00,  1.0064875E+03,  3.9332169E+05,3,
  1.7812843E+02,  0.0000000E+00,  2.6180804E+02,3193,  6.2202911E+00,  0.0000000E+00,  1.6053313E+00,  9.9423761E+02, -3.3675350E+05,3,
  1.7839917E+02,  0.0000000E+00,  2.6254492E+02,3284,  7.4132237E+00,  0.0000000E+00,  9.4701350E-01,  9.9898425E+02, -6.0210508E+04,3,
  1.9176215E+02,  0.0000000E+00,  2.5839691E+02,3210,  1.0668718E+00,  0.0000000E+00, -2.3383989E+00,  1.0145901E+03,  9.0640412E+05,3,
  1.8960258E+02,  0.0000000E+00,  2.5888577E+02,3315,  2.2804008E+00,  0.0000000E+00,  6.7368293E-01,  1.0006469E+03,  3.8538766E+04,3,
  1.9006781E+02,  0.0000000E+00,  2.5835037E+02,3174,  5.0874001E-01,  0.0000000E+00, -1.3610803E-01,  9.8716309E+02, -7.3448381E+05,3,
  1.9016464E+02,  0.0000000E+00,  2.5902826E+02,3303,  1.2827932E+00,  0.0000000E+00, -1.1064057E+00,  1.0010121E+03,  6.0363160E+04,3,
  2.0824612E+02,  0.0000000E+00,  2.5862042E+02,3296,  1.6878569E+00,  0.0000000E+00, -1.6344433E-01,  1.0019514E+03,  1.1670865E+05,3,
  2.7742560E+02,  0.0000000E+00,  2.5845316E+02,3216,  1.6542724E+00,  0.0000000E+00,  6.0015649E-02,  1.0001729E+03,  1.0286362E+04,3,
  2.8041296E+02,  0.0000000E+00,  2.5848526E+02,3207,  1.7793336E+00,  0.0000000E+00, -2.6430351E-01,  1.0001961E+03,  1.1666919E+04,3,
  2.8236185E+02,  0.0000000E+00,  2.5820422E+02,3196,  1.9558740E+00,  0.0000000E+00, -2.8062564E-01,  1.0001775E+03,  1.0558825E+04,3,
 -3.9748315E+02,  0.0000000E+00,  2.6748618E+02,3828,  6.7027897E-02,  0.0000000E+00, -5.0471801E-02,  1.0002036E+03,  1.2110191E+04,3,
 -3.9635654E+02,  0.0000000E+00,  2.6656363E+02,3821,  1.0316921E-01,  0.0000000E+00,  3.3079897E-04,  1.0001221E+03,  7.2607085E+03,3,
 -3.9558633E+02,  0.0000000E+00,  2.6673230E+02,3822,  9.4653852E-02,  0.0000000E+00, -1.3555120E-02,  1.0001874E+03,  1.1151004E+04,3,
 -3.9424478E+02,  0.0000000E+00,  2.6673688E+02,3823,  8.5485950E-02,  0.0000000E+00, -2.2929126E-02,  1.0002245E+03,  1.3360180E+04,3,
 -3.9329187E+02,  0.0000000E+00,  2.6666614E+02,3824,  9.1386579E-02,  0.0000000E+00, -2.9890239E-02,  1.0002365E+03,  1.4072453E+04,3,
 -3.9234915E+02,  0.0000000E+00,  2.6654187E+02,3825,  9.0559885E-02,  0.0000000E+00, -3.4302559E-02,  1.0002422E+03,  1.4414072E+04,3,
 -3.9112766E+02,  0.0000000E+00,  2.6658914E+02,3827,  1.1071461E-01,  0.0000000E+00, -3.5260603E-02,  1.0002545E+03,  1.5144594E+04,3,
 -3.8986093E+02,  0.0000000E+00,  2.6722162E+02,3826,  8.7584503E-02,  0.0000000E+00, -2.1744795E-02,  1.0002575E+03,  1.5322689E+04,3,
 -3.8774005E+02,  0.0000000E+00,  2.6727072E+02,3818,  1.0408837E-01,  0.0000000E+00, -1.0170433E-02,  1.0002907E+03,  1.7300127E+04,3,
 -3.8902301E+02,  0.0000000E+00,  2.6620016E+02,3812,  1.1742465E-01,  0.0000000E+00, -8.0940351E-03,  1.0001757E+03,  1.0449839E+04,3,
 -3.8582721E+02,  0.0000000E+00,  2.6728207E+02,3814,  1.1061959E-01,  0.0000000E+00, -2.1088263E-02,  1.0002993E+03,  1.7809092E+04,3,
 -3.8651340E+02,  0.0000000E+00,  2.6598846E+02,3813,  4.1028652E-02,  0.0000000E+00, -2.0296585E-02,  1.0000959E+03,  5.7064697E+03,3,
 -3.8401239E+02,  0.0000000E+00,  2.6728958E+02,3806,  8.5320406E-02,  0.0000000E+00, -1.4654581E-02,  1.0002817E+03,  1.6765744E+04,3,
 -3.8355850E+02,  0.0000000E+00,  2.6609354E+02,3805,  1.4012237E-01,  0.0000000E+00, -1.3735615E-02,  1.0001745E+03,  1.0380815E+04,3,
 -3.8210098E+02,  0.0000000E+00,  2.6619901E+02,3804,  1.0935713E-01,  0.0000000E+00,  9.6736327E-03,  1.0002520E+03,  1.4995577E+04,3,
 -3.8124109E+02,  0.0000000E+00,  2.6739877E+02,3819,  8.5404731E-02,  0.0000000E+00,  7.4833836E-03,  1.0002809E+03,  1.6718486E+04,3,
 -3.8006717E+02,  0.0000000E+00,  2.6628976E+02,3795,  1.2610804E-01,  0.0000000E+00,  1.6073147E-02,  1.0002711E+03,  1.6129611E+04,3,
 -3.7857965E+02,  0.0000000E+00,  2.6732318E+02,3807,  9.9874757E-02,  0.0000000E+00,  4.2020916E-03,  1.0002842E+03,  1.6911152E+04,3,
 -3.7868665E+02,  0.0000000E+00,  2.6587946E+02,3798,  8.0896601E-02,  0.0000000E+00,  1.3384202E-02,  1.0001142E+03,  6.7922324E+03,3,
 -3.7680652E+02,  0.0000000E+00,  2.6713785E+02,3796,  1.1000884E-01,  0.0000000E+00, -8.5194996E-03,  1.0002758E+03,  1.6409504E+04,3,
 -3.7569882E+02,  0.0000000E+00,  2.6621930E+02,3787,  1.2980506E-01,  0.0000000E+00, -4.9132779E-03,  1.0002167E+03,  1.2895050E+04,3,
 -3.7458505E+02,  0.0000000E+00,  2.6710794E+02,3817,  1.1144704E-01,  0.0000000E+00, -6.0364166E-03,  1.0002585E+03,  1.5384479E+04,3,
 -3.7373672E+02,  0.0000000E+00,  2.6602948E+02,3799,  8.8472903E-02,  0.0000000E+00,  3.2260153E-03,  1.0002177E+03,  1.2953189E+04,3,
 -3.7262823E+02,  0.0000000E+00,  2.6701465E+02,3810,  1.3132966E-01,  0.0000000E+00, -2.3022788E-02,  1.0002601E+03,  1.5475345E+04,3,
 -3.7140594E+02,  0.0000000E+00,  2.6669843E+02,3797,  1.1094336E-01,  0.0000000E+00, -4.2589024E-02,  1.0002614E+03,  1.5555309E+04,3,
 -3.7020383E+02,  0.0000000E+00,  2.6623856E+02,3786,  1.0356991E-01,  0.0000000E+00, -8.2230687E-02,  1.0002523E+03,  1.5013750E+04,3,
 -3.6415396E+02,  0.0000000E+00,  2.6601834E+02,3758,  1.5661862E-01,  0.0000000E+00,  9.9909186E-02,  1.0002747E+03,  1.6347709E+04,3,
 -3.6913858E+02,  0.0000000E+00,  2.6703290E+02,3808,  6.6785090E-02,  0.0000000E+00, -1.0155339E-01,  1.0002562E+03,  1.5246362E+04,3,
 -3.6830740E+02,  0.0000000E+00,  2.6610455E+02,3779,  1.8856443E-01,  0.0000000E+00, -1.3993424E-01,  1.0002180E+03,  1.2967725E+04,3,
 -3.6698615E+02,  0.0000000E+00,  2.6723849E+02,3809,  8.6578332E-02,  0.0000000E+00, -5.8168571E-02,  1.0002878E+03,  1.7125633E+04,3,
 -3.6477072E+02,  0.0000000E+00,  2.6717365E+02,3800,  8.8026136E-02,  0.0000000E+00,  3.6336064E-02,  1.0002972E+03,  1.7685482E+04,3,
 -3.6619772E+02,  0.0000000E+00,  2.6594269E+02,3778,  2.7382654E-01,  0.0000000E+00, -1.4421090E-02,  1.0001652E+03,  9.8286406E+03,3,
 -3.6270572E+02,  0.0000000E+00,  2.6703671E+02,3801,  1.4197454E-01,  0.0000000E+00,  1.6612999E-02,  1.0002866E+03,  1.7052926E+04,3,
 -3.6202432E+02,  0.0000000E+00,  2.6601129E+02,3768,  7.6181158E-02,  0.0000000E+00, -5.0519104E-03,  1.0001964E+03,  1.1681452E+04,3,
 -3.6073581E+02,  0.0000000E+00,  2.6706369E+02,3790,  1.3928066E-01,  0.0000000E+00, -5.8546886E-02,  1.0002770E+03,  1.6482205E+04,3,
 -3.5923495E+02,  0.0000000E+00,  2.6610333E+02,3749,  1.3336511E-01,  0.0000000E+00, -1.0087649E-01,  1.0001951E+03,  1.1608786E+04,3,
 -3.5855063E+02,  0.0000000E+00,  2.6725143E+02,3789,  1.6146556E-01,  0.0000000E+00, -8.9729942E-02,  1.0002881E+03,  1.7147443E+04,3,
 -3.5734125E+02,  0.0000000E+00,  2.6616397E+02,3759,  2.1108241E-01,  0.0000000E+00, -7.2614677E-02,  1.0002602E+03,  1.5482614E+04,3,
 -3.5599765E+02,  0.0000000E+00,  2.6726236E+02,3792,  1.9204149E-01,  0.0000000E+00, -4.0318977E-02,  1.0002884E+03,  1.7161984E+04,3,
 -3.5566061E+02,  0.0000000E+00,  2.6592377E+02,3769,  1.4205517E-01,  0.0000000E+00, -2.7493743E-02,  1.0001241E+03,  7.3841865E+03,3,
 -3.5410165E+02,  0.0000000E+00,  2.6681772E+02,3781,  1.8030491E-01,  0.0000000E+00,  2.5382224E-03,  1.0002559E+03,  1.5228189E+04,3,
 -3.5282782E+02,  0.0000000E+00,  2.6677954E+02,3791,  2.0687303E-01,  0.0000000E+00,  5.3655058E-02,  1.0002379E+03,  1.4152405E+04,3,
 -3.5153244E+02,  0.0000000E+00,  2.6693497E+02,3782,  1.9935437E-01,  0.0000000E+00,  9.4260871E-02,  1.0002371E+03,  1.4108795E+04,3,
 -3.5081363E+02,  0.0000000E+00,  2.6616946E+02,3761,  1.5488885E-01,  0.0000000E+00,  1.1866384E-01,  1.0001144E+03,  6.8067583E+03,3,
 -3.4576074E+02,  0.0000000E+00,  2.6599841E+02,3753,  1.2285098E-01,  0.0000000E+00, -1.8503723E-01,  9.9989758E+02, -6.0876333E+03,3,
 -3.4889731E+02,  0.0000000E+00,  2.6721729E+02,3780,  1.2477964E-01,  0.0000000E+00,  1.7440069E-02,  1.0002721E+03,  1.6191405E+04,3,
 -3.4914127E+02,  0.0000000E+00,  2.6632071E+02,3742,  1.2669927E-01,  0.0000000E+00,  3.7339948E-02,  1.0002074E+03,  1.2339102E+04,3,
 -3.4629733E+02,  0.0000000E+00,  2.6734784E+02,3783,  7.2122708E-02,  0.0000000E+00, -1.1594266E-01,  1.0003152E+03,  1.8758014E+04,3,
 -3.4719507E+02,  0.0000000E+00,  2.6614536E+02,3752,  2.1111813E-01,  0.0000000E+00, -9.9925421E-02,  1.0001652E+03,  9.8286406E+03,3,
 -3.4432468E+02,  0.0000000E+00,  2.6710077E+02,3770,  2.9929453E-01,  0.0000000E+00, -6.7080237E-02,  1.0003251E+03,  1.9350682E+04,3,
 -3.4302930E+02,  0.0000000E+00,  2.6607013E+02,3743,  2.7875888E-01,  0.0000000E+00,  8.6626656E-02,  1.0000370E+03,  2.2030630E+03,3,
 -3.4228778E+02,  0.0000000E+00,  2.6731573E+02,3772,  9.6194088E-02,  0.0000000E+00,  7.1249425E-02,  1.0003399E+03,  2.0230660E+04,3,
 -3.4103912E+02,  0.0000000E+00,  2.6591721E+02,3754,  2.1356215E-01,  0.0000000E+00,  1.1925441E-01,  9.9989551E+02, -6.2109434E+03,3,
 -3.4037509E+02,  0.0000000E+00,  2.6725998E+02,3771,  1.7003748E-01,  0.0000000E+00,  7.9243332E-02,  1.0003536E+03,  2.1048891E+04,3,
 -3.3934286E+02,  0.0000000E+00,  2.6593158E+02,3744,  1.9030870E-01,  0.0000000E+00,  6.5434881E-02,  1.0000994E+03,  5.9098140E+03,3,
 -3.3737811E+02,  0.0000000E+00,  2.6616629E+02,3751,  1.7378074E-01,  0.0000000E+00,  1.8879713E-02,  1.0002745E+03,  1.6336805E+04,3,
 -3.3807666E+02,  0.0000000E+00,  2.6724304E+02,3774,  1.6867784E-01,  0.0000000E+00,  3.7145723E-02,  1.0003364E+03,  2.0019748E+04,3,
 -3.3598395E+02,  0.0000000E+00,  2.6587207E+02,3762,  1.8792839E-01,  0.0000000E+00,  8.5979486E-03,  1.0000169E+03,  1.0052909E+03,3,
 -3.3545798E+02,  0.0000000E+00,  2.6726907E+02,3773,  1.8486285E-01,  0.0000000E+00,  2.6881543E-03,  1.0003266E+03,  1.9437949E+04,3,
 -3.3417337E+02,  0.0000000E+00,  2.6609903E+02,3733,  1.2604105E-01,  0.0000000E+00,  2.0015169E-02,  1.0002021E+03,  1.2022988E+04,3,
 -3.3311380E+02,  0.0000000E+00,  2.6718103E+02,3763,  3.1429711E-01,  0.0000000E+00, -3.6768301E-03,  1.0003023E+03,  1.7990869E+04,3,
 -3.3110898E+02,  0.0000000E+00,  2.6715018E+02,3765,  2.4522805E-01,  0.0000000E+00, -3.3308338E-02,  1.0003052E+03,  1.8165381E+04,3,
 -3.3207635E+02,  0.0000000E+00,  2.6585016E+02,3724,  1.4687025E-02,  0.0000000E+00,  2.2384290E-02,  9.9999188E+02, -4.8264856E+02,3,
 -3.2932016E+02,  0.0000000E+00,  2.6708984E+02,3764,  1.7987806E-01,  0.0000000E+00, -5.5185407E-02,  1.0002960E+03,  1.7612773E+04,3,
 -3.2884409E+02,  0.0000000E+00,  2.6602072E+02,3732,  3.4079248E-01,  0.0000000E+00, -3.9645139E-02,  1.0000945E+03,  5.6193232E+03,3,
 -3.2709302E+02,  0.0000000E+00,  2.6724268E+02,3756,  2.2319381E-01,  0.0000000E+00, -4.7748026E-02,  1.0003095E+03,  1.8419881E+04,3,
 -3.2705582E+02,  0.0000000E+00,  2.6602423E+02,3725,  2.1846862E-01,  0.0000000E+00, -2.3977321E-02,  1.0000928E+03,  5.5212842E+03,3,
 -3.2508878E+02,  0.0000000E+00,  2.6716666E+02,3755,  3.0248961E-01,  0.0000000E+00, -5.1005095E-02,  1.0003149E+03,  1.8743471E+04,3,
 -3.2462057E+02,  0.0000000E+00,  2.6593726E+02,3715,  2.4785328E-01,  0.0000000E+00, -4.6062928E-02,  1.0000167E+03,  9.9077332E+02,3,
 -3.2323248E+02,  0.0000000E+00,  2.6704294E+02,3745,  2.4867113E-01,  0.0000000E+00, -2.9989276E-02,  1.0002990E+03,  1.7794549E+04,3,
 -3.2193628E+02,  0.0000000E+00,  2.6611301E+02,3714,  2.3574230E-01,  0.0000000E+00, -2.6086668E-02,  1.0001140E+03,  6.7777061E+03,3,
 -3.2105414E+02,  0.0000000E+00,  2.6711896E+02,3747,  3.3140382E-01,  0.0000000E+00,  1.6159313E-02,  1.0002759E+03,  1.6416775E+04,3,
 -3.2005109E+02,  0.0000000E+00,  2.6603979E+02,3716,  2.9439959E-01,  0.0000000E+00,  5.7059053E-02,  1.0001664E+03,  9.9012939E+03,3,
 -3.1877390E+02,  0.0000000E+00,  2.6704538E+02,3734,  1.7969880E-01,  0.0000000E+00,  6.1426010E-02,  1.0002665E+03,  1.5860630E+04,3,
 -3.1779816E+02,  0.0000000E+00,  2.6619858E+02,3695,  3.2512307E-01,  0.0000000E+00,  8.1521250E-02,  1.0001851E+03,  1.1012947E+04,3,
 -3.1631491E+02,  0.0000000E+00,  2.6618341E+02,3707,  2.7345559E-01,  0.0000000E+00,  1.9305263E-02,  1.0002205E+03,  1.3120345E+04,3,
 -3.1574002E+02,  0.0000000E+00,  2.6736194E+02,3746,  1.4680636E-01,  0.0000000E+00, -1.0177823E-01,  1.0002538E+03,  1.5100979E+04,3,
 -3.1482471E+02,  0.0000000E+00,  2.6625024E+02,3678,  1.6590196E-01,  0.0000000E+00, -2.0420189E-01,  1.0001663E+03,  9.8903955E+03,3,
 -3.1370590E+02,  0.0000000E+00,  2.6696332E+02,3735,  3.3657670E-01,  0.0000000E+00, -2.6996100E-01,  1.0001893E+03,  1.1259998E+04,3,
 -3.1216147E+02,  0.0000000E+00,  2.6673846E+02,3726,  6.2933451E-01,  0.0000000E+00, -1.3969335E-01,  1.0001456E+03,  8.6626377E+03,3,
 -3.1026535E+02,  0.0000000E+00,  2.6600375E+02,3687,  5.7366747E-01,  0.0000000E+00,  1.6926906E-01,  1.0001428E+03,  8.4955576E+03,3,
 -3.1010028E+02,  0.0000000E+00,  2.6713254E+02,3738,  2.9267874E-01,  0.0000000E+00,  4.2507593E-02,  1.0002357E+03,  1.4021575E+04,3,
 -3.0866418E+02,  0.0000000E+00,  2.6624863E+02,3706,  4.4927990E-01,  0.0000000E+00,  5.1407851E-02,  1.0002432E+03,  1.4468587E+04,3,
 -3.0762692E+02,  0.0000000E+00,  2.6719049E+02,3736,  4.3566877E-01,  0.0000000E+00, -1.7478775E-02,  1.0002834E+03,  1.6867529E+04,3,
 -3.0669519E+02,  0.0000000E+00,  2.6603522E+02,3697,  4.5512125E-01,  0.0000000E+00, -5.6834050E-02,  1.0002368E+03,  1.4086990E+04,3,
 -3.0516666E+02,  0.0000000E+00,  2.6716544E+02,3737,  5.7616830E-01,  0.0000000E+00, -4.9565107E-02,  1.0002857E+03,  1.7002033E+04,3,
 -3.0505737E+02,  0.0000000E+00,  2.6588495E+02,3699,  3.4593073E-01,  0.0000000E+00, -2.6912086E-02,  1.0000936E+03,  5.5648569E+03,3,
 -3.0335129E+02,  0.0000000E+00,  2.6693811E+02,3727,  4.7887355E-01,  0.0000000E+00, -4.4436522E-02,  1.0002766E+03,  1.6460395E+04,3,
 -3.0240961E+02,  0.0000000E+00,  2.6622806E+02,3717,  4.5365372E-01,  0.0000000E+00, -6.0873348E-02,  1.0002343E+03,  1.3941624E+04,3,
 -3.0107880E+02,  0.0000000E+00,  2.6700513E+02,3729,  4.6944967E-01,  0.0000000E+00, -2.6785435E-02,  1.0002637E+03,  1.5693429E+04,3,
 -3.0007721E+02,  0.0000000E+00,  2.6606012E+02,3688,  5.7722569E-01,  0.0000000E+00,  9.8868855E-04,  1.0001353E+03,  8.0488149E+03,3,
 -2.9897488E+02,  0.0000000E+00,  2.6709930E+02,3728,  4.3441215E-01,  0.0000000E+00,  1.6395967E-02,  1.0002754E+03,  1.6387695E+04,3,
 -2.9789825E+02,  0.0000000E+00,  2.6609637E+02,3679,  4.5411009E-01,  0.0000000E+00,  2.8662296E-02,  1.0002408E+03,  1.4330483E+04,3,
 -2.9685471E+02,  0.0000000E+00,  2.6702069E+02,3718,  5.0011814E-01,  0.0000000E+00,  2.1144181E-02,  1.0002804E+03,  1.6685771E+04,3,
 -2.9564856E+02,  0.0000000E+00,  2.6599286E+02,3698,  4.8280931E-01,  0.0000000E+00,  3.9587904E-02,  1.0001828E+03,  1.0874892E+04,3,
 -2.9467987E+02,  0.0000000E+00,  2.6731381E+02,3719,  4.9125004E-01,  0.0000000E+00,  1.2103993E-02,  1.0002877E+03,  1.7121996E+04,3,
 -2.9377084E+02,  0.0000000E+00,  2.6603897E+02,3689,  4.3791172E-01,  0.0000000E+00,  1.1715915E-02,  1.0002076E+03,  1.2353636E+04,3,
 -2.9233398E+02,  0.0000000E+00,  2.6722726E+02,3720,  5.4549724E-01,  0.0000000E+00, -5.0495833E-02,  1.0002532E+03,  1.5064634E+04,3,
 -2.9207986E+02,  0.0000000E+00,  2.6616687E+02,3650,  3.8578549E-01,  0.0000000E+00, -3.8863514E-02,  1.0001990E+03,  1.1841319E+04,3,
 -2.9030087E+02,  0.0000000E+00,  2.6693906E+02,3708,  5.1044130E-01,  0.0000000E+00, -1.1661833E-01,  1.0002202E+03,  1.3102175E+04,3,
 -2.8892535E+02,  0.0000000E+00,  2.6612210E+02,3659,  7.2241974E-01,  0.0000000E+00, -9.5539652E-02,  1.0001597E+03,  9.4980781E+03,3,
 -2.8811685E+02,  0.0000000E+00,  2.6717996E+02,3710,  4.8456138E-01,  0.0000000E+00, -7.7817157E-02,  1.0002543E+03,  1.5130056E+04,3,
 -2.8722925E+02,  0.0000000E+00,  2.6613428E+02,3670,  5.7059729E-01,  0.0000000E+00, -3.5545781E-02,  1.0002498E+03,  1.4861102E+04,3,
 -2.8575400E+02,  0.0000000E+00,  2.6619492E+02,3623,  5.2812356E-01,  0.0000000E+00, -6.2950328E-02,  1.0002955E+03,  1.7583689E+04,3,
 -2.8524969E+02,  0.0000000E+00,  2.6728934E+02,3711,  5.9353048E-01,  0.0000000E+00, -7.7877350E-02,  1.0002820E+03,  1.6780285E+04,3,
 -2.8393430E+02,  0.0000000E+00,  2.6604889E+02,3662,  5.9669340E-01,  0.0000000E+00, -5.9054900E-02,  1.0002285E+03,  1.3596388E+04,3,
 -2.8283096E+02,  0.0000000E+00,  2.6718542E+02,3709,  6.1133265E-01,  0.0000000E+00, -7.4974000E-02,  1.0002833E+03,  1.6860260E+04,3,
 -2.8203052E+02,  0.0000000E+00,  2.6596536E+02,3681,  5.4349029E-01,  0.0000000E+00, -5.4549206E-02,  1.0001456E+03,  8.6626377E+03,3,
 -2.8087729E+02,  0.0000000E+00,  2.6703223E+02,3701,  6.4933145E-01,  0.0000000E+00, -8.0202974E-02,  1.0002762E+03,  1.6434949E+04,3,
 -2.7947488E+02,  0.0000000E+00,  2.6686160E+02,3700,  6.2507910E-01,  0.0000000E+00, -5.2571110E-02,  1.0002639E+03,  1.5700698E+04,3,
 -2.7837643E+02,  0.0000000E+00,  2.6609412E+02,3651,  7.8828931E-01,  0.0000000E+00,  2.8797840E-03,  1.0001915E+03,  1.1390792E+04,3,
 -2.7635638E+02,  0.0000000E+00,  2.6615067E+02,3652,  6.2406015E-01,  0.0000000E+00,  5.5371717E-02,  1.0002554E+03,  1.5195478E+04,3,
 -2.7716229E+02,  0.0000000E+00,  2.6721893E+02,3702,  5.7482886E-01,  0.0000000E+00,  2.3083249E-02,  1.0002738E+03,  1.6293185E+04,3,
 -2.7480240E+02,  0.0000000E+00,  2.6716098E+02,3680,  7.3617661E-01,  0.0000000E+00,  3.7482351E-03,  1.0002466E+03,  1.4672110E+04,3,
 -2.7473740E+02,  0.0000000E+00,  2.6613660E+02,3605,  5.3022265E-01,  0.0000000E+00,  3.6738783E-02,  1.0002383E+03,  1.4181479E+04,3,
 -2.7296017E+02,  0.0000000E+00,  2.6691675E+02,3692,  6.9581306E-01,  0.0000000E+00,  7.8578311E-04,  1.0002244E+03,  1.3352912E+04,3,
 -2.7154367E+02,  0.0000000E+00,  2.6671890E+02,3690,  6.8187892E-01,  0.0000000E+00,  4.2563179E-03,  1.0002250E+03,  1.3389251E+04,3,
 -2.7025262E+02,  0.0000000E+00,  2.6609677E+02,3671,  6.6780299E-01,  0.0000000E+00, -9.7467164E-03,  1.0002654E+03,  1.5791568E+04,3,
 -2.6942953E+02,  0.0000000E+00,  2.6708215E+02,3693,  6.5394664E-01,  0.0000000E+00,  1.0083462E-02,  1.0002513E+03,  1.4951963E+04,3,
 -2.6833713E+02,  0.0000000E+00,  2.6620929E+02,3643,  6.9222158E-01,  0.0000000E+00,  1.7191898E-02,  1.0002841E+03,  1.6907518E+04,3,
 -2.6704126E+02,  0.0000000E+00,  2.6607950E+02,3654,  6.4031214E-01,  0.0000000E+00,  3.9226487E-02,  1.0003018E+03,  1.7961785E+04,3,
 -2.6629016E+02,  0.0000000E+00,  2.6706662E+02,3691,  6.3906026E-01,  0.0000000E+00,  2.3870531E-02,  1.0002524E+03,  1.5017385E+04,3,
 -2.6518121E+02,  0.0000000E+00,  2.6616058E+02,3661,  6.6566527E-01,  0.0000000E+00,  1.3399165E-02,  1.0002745E+03,  1.6333169E+04,3,
 -2.6374579E+02,  0.0000000E+00,  2.6712277E+02,3683,  6.2617612E-01,  0.0000000E+00, -1.0466949E-02,  1.0002658E+03,  1.5817012E+04,3,
 -2.6321564E+02,  0.0000000E+00,  2.6590677E+02,3645,  7.0272273E-01,  0.0000000E+00, -2.3044100E-02,  1.0002244E+03,  1.3352912E+04,3,
 -2.6174918E+02,  0.0000000E+00,  2.6700366E+02,3682,  6.5329158E-01,  0.0000000E+00, -2.5257008E-02,  1.0002599E+03,  1.5468075E+04,3,
 -2.6119080E+02,  0.0000000E+00,  2.6611548E+02,3633,  6.3325340E-01,  0.0000000E+00, -2.4061980E-02,  1.0002636E+03,  1.5686159E+04,3,
 -2.5954797E+02,  0.0000000E+00,  2.6701801E+02,3684,  6.5983653E-01,  0.0000000E+00, -4.3798529E-02,  1.0002661E+03,  1.5831551E+04,3,
 -2.5854071E+02,  0.0000000E+00,  2.6602167E+02,3614,  7.1047580E-01,  0.0000000E+00, -4.3663181E-02,  1.0002653E+03,  1.5784299E+04,3,
 -2.5752676E+02,  0.0000000E+00,  2.6692044E+02,3672,  6.5401757E-01,  0.0000000E+00, -1.4982349E-02,  1.0002629E+03,  1.5642542E+04,3,
 -2.5646545E+02,  0.0000000E+00,  2.6621060E+02,3615,  6.5490860E-01,  0.0000000E+00,  1.5875397E-02,  1.0002938E+03,  1.7481896E+04,3,
 -2.5500865E+02,  0.0000000E+00,  2.6716302E+02,3674,  7.2679245E-01,  0.0000000E+00,  1.3558839E-02,  1.0002504E+03,  1.4897446E+04,3,
 -2.5455420E+02,  0.0000000E+00,  2.6608746E+02,3627,  6.3392735E-01,  0.0000000E+00,  3.0243678E-02,  1.0002726E+03,  1.6224120E+04,3,
 -2.5229901E+02,  0.0000000E+00,  2.6710229E+02,3675,  7.3995650E-01,  0.0000000E+00, -2.7212061E-02,  1.0002610E+03,  1.5529865E+04,3,
 -2.5303497E+02,  0.0000000E+00,  2.6604214E+02,3625,  5.7146376E-01,  0.0000000E+00, -2.8144058E-03,  1.0001815E+03,  1.0798599E+04,3,
 -2.5071297E+02,  0.0000000E+00,  2.6677814E+02,3673,  6.5202862E-01,  0.0000000E+00, -2.8700100E-02,  1.0003036E+03,  1.8070854E+04,3,
 -2.4948363E+02,  0.0000000E+00,  2.6692773E+02,3665,  7.0266449E-01,  0.0000000E+00, -1.1471152E-02,  1.0003006E+03,  1.7889074E+04,3,
 -2.4812611E+02,  0.0000000E+00,  2.6588840E+02,3626,  6.6463453E-01,  0.0000000E+00,  8.2894238E-03,  1.0001778E+03,  1.0576990E+04,3,
 -2.4756744E+02,  0.0000000E+00,  2.6698108E+02,3664,  7.0712966E-01,  0.0000000E+00,  1.3366331E-02,  1.0002712E+03,  1.6136881E+04,3,
 -2.4657892E+02,  0.0000000E+00,  2.6609381E+02,3635,  6.5621519E-01,  0.0000000E+00,  3.3307359E-02,  1.0002423E+03,  1.4417706E+04,3,
 -2.4486816E+02,  0.0000000E+00,  2.6719458E+02,3666,  7.5143868E-01,  0.0000000E+00,  4.9534957E-03,  1.0002606E+03,  1.5504423E+04,3,
 -2.4492288E+02,  0.0000000E+00,  2.6613000E+02,3579,  6.4648104E-01,  0.0000000E+00,  1.9620975E-02,  1.0002350E+03,  1.3985233E+04,3,
 -2.4297533E+02,  0.0000000E+00,  2.6691553E+02,3644,  6.8767089E-01,  0.0000000E+00, -4.1553662E-03,  1.0002800E+03,  1.6663961E+04,3,
 -2.4156853E+02,  0.0000000E+00,  2.6590002E+02,3598,  7.6117748E-01,  0.0000000E+00, -2.4310738E-02,  1.0001487E+03,  8.8478809E+03,3,
 -2.4109799E+02,  0.0000000E+00,  2.6701544E+02,3656,  6.7949921E-01,  0.0000000E+00,  7.8413570E-03,  1.0002869E+03,  1.7071104E+04,3,
 -2.3958197E+02,  0.0000000E+00,  2.6688766E+02,3655,  6.9984114E-01,  0.0000000E+00,  2.0399308E-02,  1.0003041E+03,  1.8096303E+04,3,
 -2.3874611E+02,  0.0000000E+00,  2.6585007E+02,3607,  5.2201599E-01,  0.0000000E+00,  1.5449840E-04,  1.0002570E+03,  1.5289978E+04,3,
 -2.3748552E+02,  0.0000000E+00,  2.6705475E+02,3657,  7.6672429E-01,  0.0000000E+00,  1.6183509E-02,  1.0002621E+03,  1.5595290E+04,3,
 -2.3680539E+02,  0.0000000E+00,  2.6617538E+02,3580,  6.6706991E-01,  0.0000000E+00,  2.8606452E-02,  1.0002646E+03,  1.5747950E+04,3,
 -2.3483379E+02,  0.0000000E+00,  2.6670667E+02,3646,  7.6158118E-01,  0.0000000E+00,  3.1806462E-02,  1.0002189E+03,  1.3022231E+04,3,
 -2.3502156E+02,  0.0000000E+00,  2.6612000E+02,3581,  5.9439033E-01,  0.0000000E+00,  4.4921827E-02,  1.0001945E+03,  1.1572454E+04,3,
 -2.3310339E+02,  0.0000000E+00,  2.6688596E+02,3647,  6.4842945E-01,  0.0000000E+00,  3.1302128E-02,  1.0002577E+03,  1.5333593E+04,3,
 -2.3195312E+02,  0.0000000E+00,  2.6673453E+02,3636,  6.3038760E-01,  0.0000000E+00,  8.2994103E-03,  1.0002669E+03,  1.5882438E+04,3,
 -2.3019731E+02,  0.0000000E+00,  2.6611307E+02,3588,  6.7542940E-01,  0.0000000E+00, -4.3498171E-03,  1.0001908E+03,  1.1350827E+04,3,
 -2.3000906E+02,  0.0000000E+00,  2.6706757E+02,3648,  6.8758202E-01,  0.0000000E+00, -4.1082720E-03,  1.0002479E+03,  1.4752067E+04,3,
 -2.2839748E+02,  0.0000000E+00,  2.6627084E+02,3616,  6.4482564E-01,  0.0000000E+00, -1.4405831E-02,  1.0002379E+03,  1.4152405E+04,3,
 -2.2737132E+02,  0.0000000E+00,  2.6625372E+02,3608,  6.3550085E-01,  0.0000000E+00, -2.5132452E-03,  1.0002307E+03,  1.3727212E+04,3,
 -2.2660913E+02,  0.0000000E+00,  2.6621313E+02,3609,  7.4762475E-01,  0.0000000E+00,  3.8854042E-03,  1.0002225E+03,  1.3240262E+04,3,
 -2.2545113E+02,  0.0000000E+00,  2.6700592E+02,3638,  6.5029067E-01,  0.0000000E+00, -3.5836638E-03,  1.0002393E+03,  1.4235992E+04,3,
 -2.2429742E+02,  0.0000000E+00,  2.6673083E+02,3637,  5.6759179E-01,  0.0000000E+00, -5.6294143E-02,  1.0002009E+03,  1.1950320E+04,3,
 -2.2293350E+02,  0.0000000E+00,  2.6656424E+02,3639,  6.0496372E-01,  0.0000000E+00, -1.5851261E-01,  1.0000680E+03,  4.0435583E+03,3,
 -2.2105736E+02,  0.0000000E+00,  2.6654211E+02,3617,  8.8242298E-01,  0.0000000E+00, -8.7381400E-02,  1.0001535E+03,  9.1312021E+03,3,
 -2.2022585E+02,  0.0000000E+00,  2.6684265E+02,3629,  7.4134254E-01,  0.0000000E+00, -7.5558446E-02,  1.0002144E+03,  1.2756968E+04,3,
 -2.1892390E+02,  0.0000000E+00,  2.6602179E+02,3600,  7.6805061E-01,  0.0000000E+00, -1.6278194E-02,  1.0001787E+03,  1.0631483E+04,3,
 -2.1827777E+02,  0.0000000E+00,  2.6692334E+02,3628,  8.1700015E-01,  0.0000000E+00, -2.7812053E-02,  1.0002546E+03,  1.5151862E+04,3,
 -2.1699657E+02,  0.0000000E+00,  2.6621664E+02,3561,  7.7576840E-01,  0.0000000E+00, -5.0554150E-03,  1.0002652E+03,  1.5780664E+04,3,
 -2.1569185E+02,  0.0000000E+00,  2.6698856E+02,3630,  8.3405745E-01,  0.0000000E+00, -2.8082648E-02,  1.0002605E+03,  1.5500788E+04,3,
 -2.1515802E+02,  0.0000000E+00,  2.6591888E+02,3590,  6.8839866E-01,  0.0000000E+00, -3.3499807E-02,  1.0001035E+03,  6.1531064E+03,3,
 -2.1361496E+02,  0.0000000E+00,  2.6697379E+02,3618,  8.2702011E-01,  0.0000000E+00, -2.8276119E-02,  1.0002833E+03,  1.6860260E+04,3,
 -2.1249852E+02,  0.0000000E+00,  2.6600040E+02,3571,  8.0950743E-01,  0.0000000E+00, -1.3864348E-02,  1.0001717E+03,  1.0213707E+04,3,
 -2.1136478E+02,  0.0000000E+00,  2.6712592E+02,3620,  8.0875051E-01,  0.0000000E+00,  3.0300939E-02,  1.0002762E+03,  1.6434949E+04,3,
 -2.1062241E+02,  0.0000000E+00,  2.6622833E+02,3599,  8.2013631E-01,  0.0000000E+00,  6.0008690E-02,  1.0002373E+03,  1.4119697E+04,3,
 -2.0948500E+02,  0.0000000E+00,  2.6593027E+02,3591,  7.2006088E-01,  0.0000000E+00,  6.1014518E-02,  1.0000789E+03,  4.6898096E+03,3,
 -2.0841548E+02,  0.0000000E+00,  2.6691086E+02,3621,  8.3653003E-01,  0.0000000E+00,  9.4193900E-03,  1.0002515E+03,  1.4966501E+04,3,
 -2.0709212E+02,  0.0000000E+00,  2.6662186E+02,3619,  7.8800493E-01,  0.0000000E+00, -4.4612857E-03,  1.0002198E+03,  1.3076738E+04,3,
 -2.0593303E+02,  0.0000000E+00,  2.6648495E+02,3589,  8.0800456E-01,  0.0000000E+00,  1.2321126E-02,  1.0002044E+03,  1.2161060E+04,3,
 -2.0465472E+02,  0.0000000E+00,  2.6684476E+02,3611,  7.9157925E-01,  0.0000000E+00,  2.9692546E-02,  1.0002352E+03,  1.3996136E+04,3,
 -2.0356491E+02,  0.0000000E+00,  2.6612308E+02,3562,  8.4889942E-01,  0.0000000E+00,  3.9110195E-02,  1.0001073E+03,  6.3818799E+03,3,
 -2.0253116E+02,  0.0000000E+00,  2.6672449E+02,3610,  7.8791422E-01,  0.0000000E+00,  4.5683831E-02,  1.0002299E+03,  1.3679970E+04,3,
 -2.0144322E+02,  0.0000000E+00,  2.6612891E+02,3544,  7.8773856E-01,  0.0000000E+00,  5.1376350E-02,  1.0001631E+03,  9.7051328E+03,3,
 -2.0035855E+02,  0.0000000E+00,  2.6695071E+02,3612,  7.9983109E-01,  0.0000000E+00,  2.0206342E-02,  1.0002673E+03,  1.5907883E+04,3,
 -1.9905568E+02,  0.0000000E+00,  2.6601105E+02,3554,  8.1592149E-01,  0.0000000E+00, -2.0810457E-02,  1.0000989E+03,  5.8807646E+03,3,
 -1.9805209E+02,  0.0000000E+00,  2.6703732E+02,3602,  7.3118198E-01,  0.0000000E+00, -3.1085299E-02,  1.0002768E+03,  1.6471301E+04,3,
 -1.9732845E+02,  0.0000000E+00,  2.6589017E+02,3563,  8.2877517E-01,  0.0000000E+00, -3.9133072E-02,  1.0001222E+03,  7.2679717E+03,3,
 -1.9602138E+02,  0.0000000E+00,  2.6685800E+02,3601,  8.2099140E-01,  0.0000000E+00, -6.0220025E-02,  1.0002822E+03,  1.6794826E+04,3,
 -1.9509282E+02,  0.0000000E+00,  2.6604480E+02,3553,  7.5233871E-01,  0.0000000E+00, -8.9977570E-02,  1.0001898E+03,  1.1289063E+04,3,
 -1.9368193E+02,  0.0000000E+00,  2.6692471E+02,3603,  7.4084824E-01,  0.0000000E+00, -8.1175074E-02,  1.0002845E+03,  1.6932963E+04,3,
 -1.9294957E+02,  0.0000000E+00,  2.6574780E+02,3573,  9.5794153E-01,  0.0000000E+00, -7.4642964E-02,  1.0001152E+03,  6.8539683E+03,3,
 -1.9174438E+02,  0.0000000E+00,  2.6678781E+02,3582,  7.5636637E-01,  0.0000000E+00, -3.8141757E-02,  1.0002982E+03,  1.7747287E+04,3,
 -1.9103830E+02,  0.0000000E+00,  2.6576559E+02,3555,  7.6463372E-01,  0.0000000E+00,  3.6306558E-03,  1.0002316E+03,  1.3778089E+04,3,
 -1.8956526E+02,  0.0000000E+00,  2.6698087E+02,3593,  8.3694899E-01,  0.0000000E+00, -4.6095774E-02,  1.0002799E+03,  1.6656689E+04,3,
 -1.8904407E+02,  0.0000000E+00,  2.6605414E+02,3452,  8.1281847E-01,  0.0000000E+00, -3.6298968E-02,  1.0002568E+03,  1.5282708E+04,3,
 -1.8741731E+02,  0.0000000E+00,  2.6586197E+02,3509,  8.1071061E-01,  0.0000000E+00, -4.1020241E-02,  1.0001166E+03,  6.9338623E+03,3,
 -1.8693159E+02,  0.0000000E+00,  2.6690005E+02,3592,  8.0445379E-01,  0.0000000E+00, -6.4024299E-02,  1.0002709E+03,  1.6118706E+04,3,
 -1.8533398E+02,  0.0000000E+00,  2.6693884E+02,3594,  9.1521132E-01,  0.0000000E+00, -5.6253869E-02,  1.0002615E+03,  1.5558943E+04,3,
 -1.8427887E+02,  0.0000000E+00,  2.6612238E+02,3572,  8.9441574E-01,  0.0000000E+00, -2.3762699E-02,  1.0001729E+03,  1.0286362E+04,3,
 -1.8285478E+02,  0.0000000E+00,  2.6678409E+02,3584,  8.2505572E-01,  0.0000000E+00,  4.0871017E-03,  1.0002462E+03,  1.4646670E+04,3,
 -1.8180232E+02,  0.0000000E+00,  2.6607047E+02,3534,  9.0249050E-01,  0.0000000E+00,  2.7925627E-02,  1.0001772E+03,  1.0544294E+04,3,
 -1.8077695E+02,  0.0000000E+00,  2.6681726E+02,3583,  8.9068556E-01,  0.0000000E+00,  3.5878956E-02,  1.0002474E+03,  1.4719358E+04,3,
 -1.7981686E+02,  0.0000000E+00,  2.6604431E+02,3516,  8.2837182E-01,  0.0000000E+00,  4.2377464E-02,  1.0001700E+03,  1.0115622E+04,3,
 -1.7832910E+02,  0.0000000E+00,  2.6695624E+02,3585,  8.3120286E-01,  0.0000000E+00,  1.0718802E-02,  1.0002565E+03,  1.5260900E+04,3,
 -1.7747929E+02,  0.0000000E+00,  2.6609280E+02,3488,  9.0319395E-01,  0.0000000E+00, -3.0985859E-04,  1.0001575E+03,  9.3673086E+03,3,
 -1.7628690E+02,  0.0000000E+00,  2.6609061E+02,3525,  8.9918303E-01,  0.0000000E+00,  1.6477814E-02,  1.0001920E+03,  1.1419858E+04,3,
 -1.7522440E+02,  0.0000000E+00,  2.6699011E+02,3575,  8.4447241E-01,  0.0000000E+00,  4.7183470E-03,  1.0002670E+03,  1.5886073E+04,3,
 -1.7427637E+02,  0.0000000E+00,  2.6598178E+02,3507,  8.8139820E-01,  0.0000000E+00, -1.5613341E-02,  1.0001888E+03,  1.1234566E+04,3,
 -1.7281633E+02,  0.0000000E+00,  2.6684851E+02,3574,  7.8892571E-01,  0.0000000E+00, -2.5106095E-02,  1.0002765E+03,  1.6453125E+04,3,
 -1.7198309E+02,  0.0000000E+00,  2.6579346E+02,3499,  1.0296184E+00,  0.0000000E+00, -3.7266720E-02,  1.0001595E+03,  9.4908125E+03,3,
 -1.7085976E+02,  0.0000000E+00,  2.6673148E+02,3564,  8.0208200E-01,  0.0000000E+00, -3.3543941E-03,  1.0003018E+03,  1.7958150E+04,3,
 -1.6913625E+02,  0.0000000E+00,  2.6689902E+02,3576,  8.9465976E-01,  0.0000000E+00, -9.2722978E-03,  1.0002988E+03,  1.7780006E+04,3,
 -1.6934091E+02,  0.0000000E+00,  2.6565347E+02,3510,  7.5072712E-01,  0.0000000E+00,  1.6466358E-03,  1.0001707E+03,  1.0155583E+04,3,
 -1.6665601E+02,  0.0000000E+00,  2.6683646E+02,3545,  9.1377467E-01,  0.0000000E+00,  2.9497610E-02,  1.0002787E+03,  1.6587623E+04,3,
 -1.6787263E+02,  0.0000000E+00,  2.6595563E+02,3518,  8.8099653E-01,  0.0000000E+00, -4.9916892E-03,  1.0002211E+03,  1.3153049E+04,3,
 -1.6565475E+02,  0.0000000E+00,  2.6577252E+02,3526,  8.0392110E-01,  0.0000000E+00,  6.7331225E-02,  1.0001017E+03,  6.0478003E+03,3,
 -1.6457928E+02,  0.0000000E+00,  2.6702692E+02,3566,  8.8367003E-01,  0.0000000E+00,  5.0696183E-02,  1.0002938E+03,  1.7481896E+04,3,
 -1.6365224E+02,  0.0000000E+00,  2.6596664E+02,3527,  8.6040759E-01,  0.0000000E+00,  5.0420139E-02,  1.0001649E+03,  9.8104775E+03,3,
 -1.6189384E+02,  0.0000000E+00,  2.6701074E+02,3565,  8.9235616E-01,  0.0000000E+00,  6.3903267E-03,  1.0002711E+03,  1.6129611E+04,3,
 -1.6191747E+02,  0.0000000E+00,  2.6593906E+02,3519,  7.9757017E-01,  0.0000000E+00,  1.6275644E-02,  1.0002018E+03,  1.2008455E+04,3,
 -1.6068663E+02,  0.0000000E+00,  2.6573071E+02,3528,  7.7050942E-01,  0.0000000E+00, -1.0980567E-02,  1.0001168E+03,  6.9447568E+03,3,
 -1.5946837E+02,  0.0000000E+00,  2.6675415E+02,3567,  9.4042635E-01,  0.0000000E+00, -5.7363518E-02,  1.0002817E+03,  1.6765744E+04,3,
 -1.5811465E+02,  0.0000000E+00,  2.6655475E+02,3557,  8.8462663E-01,  0.0000000E+00, -5.3559661E-02,  1.0002569E+03,  1.5286343E+04,3,
 -1.5692914E+02,  0.0000000E+00,  2.6626190E+02,3535,  8.3717835E-01,  0.0000000E+00, -5.8807820E-02,  1.0002247E+03,  1.3371082E+04,3,
 -1.5577309E+02,  0.0000000E+00,  2.6665012E+02,3556,  8.4999138E-01,  0.0000000E+00, -5.4178052E-02,  1.0002502E+03,  1.4890177E+04,3,
 -1.5435208E+02,  0.0000000E+00,  2.6660861E+02,3536,  8.8188303E-01,  0.0000000E+00, -5.0251670E-02,  1.0002385E+03,  1.4188748E+04,3,
 -1.5340524E+02,  0.0000000E+00,  2.6597079E+02,3517,  9.7487801E-01,  0.0000000E+00, -4.2552985E-02,  1.0001616E+03,  9.6106855E+03,3,
 -1.5207643E+02,  0.0000000E+00,  2.6691266E+02,3558,  8.5651398E-01,  0.0000000E+00,  9.3411963E-04,  1.0002612E+03,  1.5544404E+04,3,
 -1.5137099E+02,  0.0000000E+00,  2.6581262E+02,3537,  9.1024590E-01,  0.0000000E+00,  2.2792939E-02,  1.0001950E+03,  1.1601520E+04,3,
 -1.4998105E+02,  0.0000000E+00,  2.6585385E+02,3500,  8.4394622E-01,  0.0000000E+00,  7.2632112E-02,  1.0002657E+03,  1.5813377E+04,3,
 -1.4936180E+02,  0.0000000E+00,  2.6681143E+02,3546,  9.0561950E-01,  0.0000000E+00,  3.7222970E-02,  1.0002678E+03,  1.5933326E+04,3,
 -1.4822060E+02,  0.0000000E+00,  2.6592068E+02,3434,  8.6145777E-01,  0.0000000E+00,  3.7531093E-02,  1.0002609E+03,  1.5526230E+04,3,
 -1.4668175E+02,  0.0000000E+00,  2.6673834E+02,3548,  9.7201622E-01,  0.0000000E+00, -9.1483146E-03,  1.0002456E+03,  1.4613961E+04,3,
 -1.4623364E+02,  0.0000000E+00,  2.6577628E+02,3435,  7.8789502E-01,  0.0000000E+00, -1.6323659E-03,  1.0002108E+03,  1.2542582E+04,3,
 -1.4448262E+02,  0.0000000E+00,  2.6668158E+02,3549,  9.3115544E-01,  0.0000000E+00, -5.9892107E-02,  1.0002522E+03,  1.5006480E+04,3,
 -1.4307495E+02,  0.0000000E+00,  2.6654071E+02,3547,  9.6337163E-01,  0.0000000E+00, -4.7686726E-02,  1.0002397E+03,  1.4265066E+04,3,
 -1.4198013E+02,  0.0000000E+00,  2.6623248E+02,3538,  9.4776446E-01,  0.0000000E+00, -2.1038922E-02,  1.0002137E+03,  1.2713364E+04,3,
 -1.4101460E+02,  0.0000000E+00,  2.6612149E+02,3425,  9.1284311E-01,  0.0000000E+00, -5.7404698E-03,  1.0001957E+03,  1.1641486E+04,3,
 -1.3992607E+02,  0.0000000E+00,  2.6611334E+02,3398,  9.3169099E-01,  0.0000000E+00, -8.5327197E-03,  1.0002219E+03,  1.3203923E+04,3,
 -1.3873854E+02,  0.0000000E+00,  2.6684521E+02,3539,  9.9685180E-01,  0.0000000E+00, -4.7159018E-03,  1.0002617E+03,  1.5569848E+04,3,
 -1.3752571E+02,  0.0000000E+00,  2.6586203E+02,3426,  9.3502241E-01,  0.0000000E+00, -9.4507914E-03,  1.0001929E+03,  1.1474356E+04,3,
 -1.3637451E+02,  0.0000000E+00,  2.6691409E+02,3540,  8.9848351E-01,  0.0000000E+00,  9.6652871E-03,  1.0002780E+03,  1.6544002E+04,3,
 -1.3550974E+02,  0.0000000E+00,  2.6581900E+02,3408,  9.0643507E-01,  0.0000000E+00,  8.1325117E-03,  1.0002212E+03,  1.3160316E+04,3,
 -1.3409047E+02,  0.0000000E+00,  2.6680502E+02,3530,  9.2524999E-01,  0.0000000E+00, -8.4127756E-03,  1.0002678E+03,  1.5933326E+04,3,
 -1.3336900E+02,  0.0000000E+00,  2.6589050E+02,3462,  9.2731768E-01,  0.0000000E+00, -6.0542938E-03,  1.0002494E+03,  1.4839294E+04,3,
 -1.3179619E+02,  0.0000000E+00,  2.6658194E+02,3529,  9.3787229E-01,  0.0000000E+00, -3.1553946E-02,  1.0002581E+03,  1.5355401E+04,3,
 -1.3074213E+02,  0.0000000E+00,  2.6588324E+02,3443,  9.1844374E-01,  0.0000000E+00, -5.0318867E-02,  1.0002304E+03,  1.3709042E+04,3,
 -1.2960564E+02,  0.0000000E+00,  2.6672845E+02,3531,  9.3409932E-01,  0.0000000E+00, -2.8836539E-02,  1.0002618E+03,  1.5580752E+04,3,
 -1.2837698E+02,  0.0000000E+00,  2.6580783E+02,3453,  9.5500731E-01,  0.0000000E+00, -8.9331158E-03,  1.0002527E+03,  1.5039191E+04,3,
 -1.2726474E+02,  0.0000000E+00,  2.6679367E+02,3521,  9.7616184E-01,  0.0000000E+00,  2.5067899E-02,  1.0002811E+03,  1.6729393E+04,3,
 -1.2635989E+02,  0.0000000E+00,  2.6572705E+02,3454,  8.6033523E-01,  0.0000000E+00,  4.5780919E-02,  1.0002231E+03,  1.3272967E+04,3,
 -1.2493288E+02,  0.0000000E+00,  2.6678372E+02,3520,  8.5487103E-01,  0.0000000E+00, -2.4093039E-02,  1.0002610E+03,  1.5529865E+04,3,
 -1.2459161E+02,  0.0000000E+00,  2.6580161E+02,3463,  9.1442567E-01,  0.0000000E+00, -5.7268608E-02,  1.0001893E+03,  1.1263631E+04,3,
 -1.2276543E+02,  0.0000000E+00,  2.6570450E+02,3481,  9.7071290E-01,  0.0000000E+00, -6.6173129E-02,  1.0002810E+03,  1.6722123E+04,3,
 -1.2209637E+02,  0.0000000E+00,  2.6684103E+02,3490,  9.3491739E-01,  0.0000000E+00, -5.1276863E-02,  1.0002745E+03,  1.6336805E+04,3,
 -1.2103765E+02,  0.0000000E+00,  2.6603506E+02,3482,  9.4315118E-01,  0.0000000E+00, -2.6887618E-02,  1.0002803E+03,  1.6682137E+04,3,
 -1.2003443E+02,  0.0000000E+00,  2.6590640E+02,3474,  9.1324550E-01,  0.0000000E+00, -1.0874944E-02,  1.0001868E+03,  1.1111040E+04,3,
 -1.1858897E+02,  0.0000000E+00,  2.6574310E+02,3437,  8.0327123E-01,  0.0000000E+00,  2.1588247E-02,  1.0000222E+03,  1.3210531E+03,3,
 -1.1836730E+02,  0.0000000E+00,  2.6695621E+02,3522,  1.0840197E+00,  0.0000000E+00, -1.2519747E-02,  1.0002606E+03,  1.5504423E+04,3,
 -1.1672755E+02,  0.0000000E+00,  2.6640186E+02,3491,  9.3411702E-01,  0.0000000E+00,  2.3416681E-02,  1.0002241E+03,  1.3334742E+04,3,
 -1.1534587E+02,  0.0000000E+00,  2.6633228E+02,3512,  9.4613385E-01,  0.0000000E+00,  1.7661897E-02,  1.0002265E+03,  1.3476466E+04,3,
 -1.1394507E+02,  0.0000000E+00,  2.6609613E+02,3511,  8.8217473E-01,  0.0000000E+00, -2.7903771E-02,  1.0002509E+03,  1.4930156E+04,3,
 -1.1293927E+02,  0.0000000E+00,  2.6657278E+02,3513,  8.7321812E-01,  0.0000000E+00, -6.1205953E-02,  1.0002664E+03,  1.5853360E+04,3,
 -1.1157436E+02,  0.0000000E+00,  2.6634201E+02,3501,  1.0166044E+00,  0.0000000E+00, -4.0862832E-02,  1.0002565E+03,  1.5260900E+04,3,
 -1.1090877E+02,  0.0000000E+00,  2.6566351E+02,3472,  1.0208461E+00,  0.0000000E+00,  1.6074823E-03,  1.0001957E+03,  1.1641486E+04,3,
 -1.0935335E+02,  0.0000000E+00,  2.6668442E+02,3503,  9.4447923E-01,  0.0000000E+00,  1.8352715E-02,  1.0002637E+03,  1.5689794E+04,3,
 -1.0856213E+02,  0.0000000E+00,  2.6575415E+02,3427,  8.9207989E-01,  0.0000000E+00,  2.3461942E-02,  1.0002502E+03,  1.4890177E+04,3,
 -1.0746146E+02,  0.0000000E+00,  2.6590839E+02,3380,  9.1959321E-01,  0.0000000E+00, -2.8180545E-02,  1.0002379E+03,  1.4152405E+04,3,
 -1.0612289E+02,  0.0000000E+00,  2.6677463E+02,3502,  9.7957462E-01,  0.0000000E+00, -4.2071022E-02,  1.0002537E+03,  1.5093710E+04,3,
 -1.0555202E+02,  0.0000000E+00,  2.6582767E+02,3473,  9.8288304E-01,  0.0000000E+00, -4.5556597E-02,  1.0002495E+03,  1.4842929E+04,3,
 -1.0420821E+02,  0.0000000E+00,  2.6560059E+02,3464,  9.6702504E-01,  0.0000000E+00, -4.0561024E-02,  1.0002001E+03,  1.1903086E+04,3,
 -1.0319711E+02,  0.0000000E+00,  2.6661063E+02,3504,  9.4662559E-01,  0.0000000E+00, -1.6543655E-02,  1.0002557E+03,  1.5217285E+04,3,
 -1.0171652E+02,  0.0000000E+00,  2.6636353E+02,3492,  1.0172931E+00,  0.0000000E+00,  1.5525144E-02,  1.0002731E+03,  1.6253199E+04,3,
 -1.0032583E+02,  0.0000000E+00,  2.6622205E+02,3483,  9.2800945E-01,  0.0000000E+00,  2.7343007E-02,  1.0003109E+03,  1.8499869E+04,3,
 -9.9092300E+01,  0.0000000E+00,  2.6649515E+02,3494,  9.3317497E-01,  0.0000000E+00,  3.3045825E-02,  1.0002990E+03,  1.7794549E+04,3,
 -9.8003723E+01,  0.0000000E+00,  2.6540384E+02,3446,  1.0298557E+00,  0.0000000E+00,  1.2081794E-01,  9.9998267E+02, -1.0305895E+03,3,
 -9.7361763E+01,  0.0000000E+00,  2.6656720E+02,3495,  9.7093797E-01,  0.0000000E+00,  6.1401993E-02,  1.0002855E+03,  1.6991127E+04,3,
 -9.5961151E+01,  0.0000000E+00,  2.6634048E+02,3493,  9.7869784E-01,  0.0000000E+00,  4.5758627E-02,  1.0002819E+03,  1.6773014E+04,3,
 -9.5019981E+01,  0.0000000E+00,  2.6585608E+02,3299,  9.3173176E-01,  0.0000000E+00,  7.8682033E-03,  1.0002769E+03,  1.6474936E+04,3,
 -9.3491684E+01,  0.0000000E+00,  2.6567014E+02,3401,  9.0042400E-01,  0.0000000E+00, -1.2431476E-01,  1.0002344E+03,  1.3945258E+04,3,
 -9.2812408E+01,  0.0000000E+00,  2.6663470E+02,3485,  1.0800676E+00,  0.0000000E+00, -1.0063278E-01,  1.0002527E+03,  1.5035557E+04,3,
 -9.1154182E+01,  0.0000000E+00,  2.6645377E+02,3484,  1.0572764E+00,  0.0000000E+00, -6.2049706E-02,  1.0002465E+03,  1.4664842E+04,3,
 -9.0368340E+01,  0.0000000E+00,  2.6577551E+02,3465,  1.0285677E+00,  0.0000000E+00, -2.9820310E-02,  1.0002103E+03,  1.2513514E+04,3,
 -8.9142342E+01,  0.0000000E+00,  2.6566547E+02,3447,  9.9866664E-01,  0.0000000E+00,  2.0392217E-02,  1.0002114E+03,  1.2578919E+04,3,
 -8.7641129E+01,  0.0000000E+00,  2.6666422E+02,3486,  1.1827717E+00,  0.0000000E+00,  9.5317811E-03,  1.0002615E+03,  1.5562578E+04,3,
 -8.7870171E+01,  0.0000000E+00,  2.6542111E+02,3456,  1.0326734E+00,  0.0000000E+00,  7.1124382E-02,  1.0001774E+03,  1.0555192E+04,3,
 -8.5730354E+01,  0.0000000E+00,  2.6643073E+02,3476,  1.0171927E+00,  0.0000000E+00,  7.1504470E-03,  1.0002955E+03,  1.7583689E+04,3,
 -8.4379364E+01,  0.0000000E+00,  2.6631836E+02,3475,  1.0158657E+00,  0.0000000E+00, -4.6824064E-02,  1.0002704E+03,  1.6093262E+04,3,
 -8.3400528E+01,  0.0000000E+00,  2.6588611E+02,3455,  1.0561675E+00,  0.0000000E+00, -6.0009472E-02,  1.0001856E+03,  1.1042012E+04,3,
 -8.2341408E+01,  0.0000000E+00,  2.6578076E+02,3363,  1.0808599E+00,  0.0000000E+00, -4.2432569E-02,  1.0001444E+03,  8.5899932E+03,3,
 -8.1029388E+01,  0.0000000E+00,  2.6589127E+02,3372,  1.0533706E+00,  0.0000000E+00, -3.2471698E-02,  1.0002322E+03,  1.3814430E+04,3,
 -8.0290215E+01,  0.0000000E+00,  2.6669458E+02,3477,  1.1857243E+00,  0.0000000E+00, -6.0009263E-02,  1.0002579E+03,  1.5344497E+04,3,
 -7.9086761E+01,  0.0000000E+00,  2.6564771E+02,3382,  1.0154525E+00,  0.0000000E+00, -7.9191647E-02,  1.0002438E+03,  1.4504930E+04,3,
 -7.7597908E+01,  0.0000000E+00,  2.6643988E+02,3467,  1.1368568E+00,  0.0000000E+00, -1.2783803E-01,  1.0002207E+03,  1.3131246E+04,3,
 -7.5828453E+01,  0.0000000E+00,  2.6648636E+02,3466,  1.2884234E+00,  0.0000000E+00, -7.9998136E-02,  1.0002241E+03,  1.3334742E+04,3,
 -7.5568306E+01,  0.0000000E+00,  2.6580695E+02,3353,  1.3132756E+00,  0.0000000E+00, -4.3148812E-02,  1.0001557E+03,  9.2619678E+03,3,
 -7.3906776E+01,  0.0000000E+00,  2.6579446E+02,3418,  1.1013681E+00,  0.0000000E+00, -7.3616579E-02,  1.0001271E+03,  7.5585107E+03,3,
 -7.3089790E+01,  0.0000000E+00,  2.6672775E+02,3468,  1.3030573E+00,  0.0000000E+00, -1.0486507E-01,  1.0002454E+03,  1.4603058E+04,3,
 -7.2002861E+01,  0.0000000E+00,  2.6563586E+02,3344,  1.2427438E+00,  0.0000000E+00, -1.5330474E-01,  1.0000024E+03,  1.4153299E+02,3,
 -7.0224358E+01,  0.0000000E+00,  2.6657019E+02,3458,  1.2987312E+00,  0.0000000E+00, -6.1275207E-02,  1.0002709E+03,  1.6122341E+04,3,
 -6.9248978E+01,  0.0000000E+00,  2.6566443E+02,3326,  1.2895589E+00,  0.0000000E+00, -3.1138042E-03,  1.0002461E+03,  1.4643035E+04,3,
 -6.8046227E+01,  0.0000000E+00,  2.6556693E+02,3400,  1.1434033E+00,  0.0000000E+00, -1.7228238E-02,  1.0001780E+03,  1.0587889E+04,3,
 -6.7034798E+01,  0.0000000E+00,  2.6573993E+02,3410,  1.2627614E+00,  0.0000000E+00, -4.3459985E-02,  1.0001417E+03,  8.4301797E+03,3,
 -6.6141914E+01,  0.0000000E+00,  2.6669336E+02,3457,  1.3806143E+00,  0.0000000E+00,  5.0856275E-03,  1.0002562E+03,  1.5246362E+04,3,
 -6.5031609E+01,  0.0000000E+00,  2.6557458E+02,3347,  1.2168876E+00,  0.0000000E+00,  3.8858589E-02,  1.0001171E+03,  6.9629146E+03,3,
 -6.3755695E+01,  0.0000000E+00,  2.6648596E+02,3428,  1.1928322E+00,  0.0000000E+00,  3.0168653E-02,  1.0002569E+03,  1.5286343E+04,3,
 -6.3097046E+01,  0.0000000E+00,  2.6536792E+02,3300,  1.1228164E+00,  0.0000000E+00,  6.3428313E-02,  1.0002264E+03,  1.3469198E+04,3,
 -6.1917774E+01,  0.0000000E+00,  2.6634100E+02,3459,  1.4138323E+00,  0.0000000E+00, -6.1852071E-02,  1.0002658E+03,  1.5817012E+04,3,
 -6.0228489E+01,  0.0000000E+00,  2.6608484E+02,3448,  1.2915508E+00,  0.0000000E+00, -5.4365017E-02,  1.0002460E+03,  1.4639401E+04,3,
 -5.8486584E+01,  0.0000000E+00,  2.6631311E+02,3449,  1.3039173E+00,  0.0000000E+00,  2.1574123E-02,  1.0003075E+03,  1.8299902E+04,3,
 -5.7220516E+01,  0.0000000E+00,  2.6584009E+02,3409,  1.4372474E+00,  0.0000000E+00,  1.2083948E-01,  1.0003262E+03,  1.9412496E+04,3,
 -5.4185822E+01,  0.0000000E+00,  2.6519577E+02,3402,  1.0819362E+00,  0.0000000E+00,  9.5064938E-02,  9.9972131E+02, -1.6556281E+04,3,
 -5.5343987E+01,  0.0000000E+00,  2.6548376E+02,3383,  1.4693277E+00,  0.0000000E+00,  1.3095911E-01,  1.0001317E+03,  7.8345308E+03,3,
 -5.4828182E+01,  0.0000000E+00,  2.6662231E+02,3450,  1.2867602E+00,  0.0000000E+00,  1.0123952E-01,  1.0002953E+03,  1.7572783E+04,3,
 -5.2864704E+01,  0.0000000E+00,  2.6615646E+02,3438,  1.3623556E+00,  0.0000000E+00,  7.9552196E-02,  1.0002972E+03,  1.7689119E+04,3,
 -5.0818970E+01,  0.0000000E+00,  2.6614850E+02,3440,  1.4456120E+00,  0.0000000E+00,  7.6271437E-02,  1.0001998E+03,  1.1884919E+04,3,
 -5.0672859E+01,  0.0000000E+00,  2.6525336E+02,3209,  7.4295795E-01,  0.0000000E+00,  1.1929343E-01,  9.9984937E+02, -8.9523867E+03,3,
 -4.8926929E+01,  0.0000000E+00,  2.6586530E+02,3439,  1.2986706E+00,  0.0000000E+00, -2.5324884E-03,  1.0001818E+03,  1.0813131E+04,3,
 -4.7574974E+01,  0.0000000E+00,  2.6574011E+02,3429,  1.2700976E+00,  0.0000000E+00,  8.3363354E-02,  1.0003353E+03,  1.9957932E+04,3,
 -4.6561852E+01,  0.0000000E+00,  2.6540457E+02,3419,  1.1223880E+00,  0.0000000E+00,  7.7775449E-02,  1.0004722E+03,  2.8113936E+04,3,
 -4.5451363E+01,  0.0000000E+00,  2.6547833E+02,3346,  1.0583394E+00,  0.0000000E+00, -1.5943812E-01,  1.0000922E+03,  5.4813428E+03,3,
 -4.5713173E+01,  0.0000000E+00,  2.6518637E+02,3392,  9.7448552E-01,  0.0000000E+00, -2.1723208E-01,  9.9972058E+02, -1.6599756E+04,3,
 -4.3883823E+01,  0.0000000E+00,  2.6640302E+02,3441,  1.1517594E+00,  0.0000000E+00, -1.5319367E-01,  1.0002021E+03,  1.2022988E+04,3,
 -4.1818867E+01,  0.0000000E+00,  2.6643622E+02,3431,  1.2545841E+00,  0.0000000E+00, -3.3718769E-02,  1.0003314E+03,  1.9721572E+04,3,
 -4.1717537E+01,  0.0000000E+00,  2.6544443E+02,3191,  1.3230402E+00,  0.0000000E+00, -5.1417477E-02,  9.9920917E+02, -4.6909863E+04,3,
 -4.0790398E+01,  0.0000000E+00,  2.6614258E+02,3430,  1.1018347E+00,  0.0000000E+00,  6.3727051E-03,  1.0002826E+03,  1.6816637E+04,3,
 -3.8727924E+01,  0.0000000E+00,  2.6543066E+02,3420,  1.3430444E+00,  0.0000000E+00, -3.1337100E-01,  1.0000669E+03,  3.9782095E+03,3,
 -3.7278549E+01,  0.0000000E+00,  2.6515051E+02,3411,  1.4912835E+00,  0.0000000E+00, -1.7215665E-02,  9.9987292E+02, -7.5527500E+03,3,
 -3.6443481E+01,  0.0000000E+00,  2.6555664E+02,3356,  1.3041909E+00,  0.0000000E+00,  2.3581902E-02,  1.0008281E+03,  4.9361105E+04,3,
 -3.6319859E+01,  0.0000000E+00,  2.6664117E+02,3432,  1.2193013E+00,  0.0000000E+00,  3.6461804E-02,  1.0004567E+03,  2.7189592E+04,3,
 -3.2631638E+01,  0.0000000E+00,  2.6538715E+02,3082,  1.3241611E+00,  0.0000000E+00,  1.7953476E-01,  9.9953320E+02, -2.7715945E+04,3,
 -3.4685326E+01,  0.0000000E+00,  2.6549173E+02,3384,  1.3451271E+00,  0.0000000E+00,  1.8376864E-01,  9.9868103E+02, -7.8113594E+04,3,
 -3.4219826E+01,  0.0000000E+00,  2.6549850E+02,3365,  1.3390846E+00,  0.0000000E+00,  1.9718169E-01,  1.0001455E+03,  8.6553730E+03,3,
 -3.3886215E+01,  0.0000000E+00,  2.6680200E+02,3422,  1.2258542E+00,  0.0000000E+00,  1.6754818E-01,  1.0006892E+03,  4.1063777E+04,3,
 -3.1600697E+01,  0.0000000E+00,  2.6639417E+02,3421,  1.1976576E+00,  0.0000000E+00,  9.5627777E-02,  1.0014112E+03,  8.4262750E+04,3,
 -3.0009186E+01,  0.0000000E+00,  2.6583325E+02,3218,  1.4042537E+00,  0.0000000E+00,  2.9731765E-03,  9.9952917E+02, -2.7954787E+04,3,
 -2.9762848E+01,  0.0000000E+00,  2.6592618E+02,3310,  1.3218410E+00,  0.0000000E+00,  4.9289528E-02,  9.9871100E+02, -7.6345641E+04,3,
 -2.9428570E+01,  0.0000000E+00,  2.6732932E+02,3423,  1.1089550E+00,  0.0000000E+00,  6.6668026E-02,  1.0007586E+03,  4.5207930E+04,3,
 -2.8015568E+01,  0.0000000E+00,  2.6619412E+02,3246,  1.2871274E+00,  0.0000000E+00,  1.0549756E-01,  1.0008553E+03,  5.0987844E+04,3,
 -2.7437489E+01,  0.0000000E+00,  2.6620181E+02,3345,  1.2978374E+00,  0.0000000E+00,  1.1984789E-01,  9.9966791E+02, -1.9725863E+04,3,
 -2.5112709E+01,  0.0000000E+00,  2.6634698E+02,3413,  1.2551944E+00,  0.0000000E+00,  2.2215469E-02,  9.9999365E+02, -3.7741141E+02,3,
 -2.6458258E+01,  0.0000000E+00,  2.6621216E+02,3412,  1.2053685E+00,  0.0000000E+00,  2.2646068E-01,  9.9969763E+02, -1.7961889E+04,3,
 -2.4608040E+01,  0.0000000E+00,  2.6637415E+02,3393,  1.2676569E+00,  0.0000000E+00, -3.1684149E-02,  1.0004924E+03,  2.9322262E+04,3,
 -2.2468714E+01,  0.0000000E+00,  2.6645197E+02,3200,  1.2949957E+00,  0.0000000E+00,  1.1819182E-01,  9.9980646E+02, -1.1500958E+04,3,
 -2.2486973E+01,  0.0000000E+00,  2.6643759E+02,3327,  1.2803152E+00,  0.0000000E+00,  1.0934979E-01,  9.9980347E+02, -1.1678572E+04,3,
 -2.1150291E+01,  0.0000000E+00,  2.6645706E+02,3366,  1.1680526E+00,  0.0000000E+00, -4.7362936E-03,  9.9987311E+02, -7.5418711E+03,3,
 -2.1037632E+01,  0.0000000E+00,  2.6645135E+02,3375,  1.2528019E+00,  0.0000000E+00, -4.5663957E-02,  1.0002126E+03,  1.2651592E+04,3,
 -2.0448017E+01,  0.0000000E+00,  2.6633505E+02,3355,  1.2823143E+00,  0.0000000E+00, -3.0154619E-01,  9.9992194E+02, -4.6404360E+03,3,
 -1.8400665E+01,  0.0000000E+00,  2.6649280E+02,3073,  1.3522178E+00,  0.0000000E+00,  2.5411308E-01,  1.0013956E+03,  8.3325867E+04,3,
 -1.7173635E+01,  0.0000000E+00,  2.6623569E+02,3254,  1.1735755E+00,  0.0000000E+00,  1.2604919E-01,  1.0007187E+03,  4.2824012E+04,3,
 -1.7148802E+01,  0.0000000E+00,  2.6640002E+02,3364,  1.1075362E+00,  0.0000000E+00,  8.7393105E-02,  9.9636041E+02, -2.1405381E+05,3,
 -1.6338661E+01,  0.0000000E+00,  2.6772314E+02,3414,  1.4674610E+00,  0.0000000E+00,  9.9760778E-03,  1.0008520E+03,  5.0787223E+04,3,
 -1.6127064E+01,  0.0000000E+00,  2.6632605E+02,3064,  1.2338076E+00,  0.0000000E+00,  1.1039287E-01,  1.0008306E+03,  4.9510637E+04,3,
 -1.4328267E+01,  0.0000000E+00,  2.6636624E+02,3404,  1.2428782E+00,  0.0000000E+00, -3.7583813E-01,  9.9989410E+02, -6.2943584E+03,3,
 -1.2513678E+01,  0.0000000E+00,  2.6633112E+02,3373,  1.2450672E+00,  0.0000000E+00,  5.9900317E-02,  9.9986786E+02, -7.8537251E+03,3,
 -1.2491153E+01,  0.0000000E+00,  2.6634518E+02,3403,  1.2622572E+00,  0.0000000E+00,  1.6485877E-01,  1.0001633E+03,  9.7123975E+03,3,
 -1.0781080E+01,  0.0000000E+00,  2.6647339E+02,3274,  1.3470547E+00,  0.0000000E+00,  1.7054997E-02,  9.9979626E+02, -1.2106283E+04,3,
 -1.0364645E+01,  0.0000000E+00,  2.6684268E+02,3328,  1.1331844E+00,  0.0000000E+00, -4.5769576E-02,  1.0003975E+03,  2.3660408E+04,3,
 -9.1307478E+00,  0.0000000E+00,  2.6650757E+02,3330,  1.3647794E+00,  0.0000000E+00,  4.5250215E-02,  9.9972235E+02, -1.6494689E+04,3,
 -8.6758165E+00,  0.0000000E+00,  2.6659790E+02,3155,  1.2400194E+00,  0.0000000E+00,  1.1099023E-02,  9.9999719E+02, -1.6693375E+02,3,
 -8.6434727E+00,  0.0000000E+00,  2.6653860E+02,3182,  1.2074199E+00,  0.0000000E+00,  9.1786444E-02,  9.9993317E+02, -3.9729856E+03,3,
 -6.6840920E+00,  0.0000000E+00,  2.6631598E+02,3405,  1.3325400E+00,  0.0000000E+00, -1.4678696E-01,  1.0004055E+03,  2.4140594E+04,3,
 -5.0257864E+00,  0.0000000E+00,  2.6661658E+02,3374,  1.1981746E+00,  0.0000000E+00,  3.2528587E-02,  9.9992236E+02, -4.6150444E+03,3,
 -4.4759016E+00,  0.0000000E+00,  2.6656775E+02,3055,  1.2361224E+00,  0.0000000E+00,  4.5511521E-02,  9.9959930E+02, -2.3795928E+04,3,
 -3.1900928E+00,  0.0000000E+00,  2.6681494E+02,3237,  1.1837283E+00,  0.0000000E+00, -1.5489063E-02,  1.0004269E+03,  2.5413928E+04,3,
 -2.9478121E+00,  0.0000000E+00,  2.6668234E+02,3309,  1.2756394E+00,  0.0000000E+00, -3.6033571E-02,  9.9999585E+02, -2.4677061E+02,3,
 -2.9396341E+00,  0.0000000E+00,  2.6667679E+02,3245,  1.2818086E+00,  0.0000000E+00, -4.8352793E-02,  1.0000302E+03,  1.7965302E+03,3,
 -7.6049471E-01,  0.0000000E+00,  2.6667831E+02,3394,  1.2533236E+00,  0.0000000E+00, -8.9986928E-02,  9.9978186E+02, -1.2961650E+04,3,
  2.9883599E-01,  0.0000000E+00,  2.6666119E+02,3395,  1.2215693E+00,  0.0000000E+00,  8.8622279E-02,  1.0002623E+03,  1.5606194E+04,3,
  1.2617414E+00,  0.0000000E+00,  2.6672037E+02,3396,  1.2201339E+00,  0.0000000E+00,  2.7584058E-01,  1.0001810E+03,  1.0769535E+04,3,
  2.0843375E+00,  0.0000000E+00,  2.6680692E+02,3386,  1.2584620E+00,  0.0000000E+00,  5.0587770E-02,  9.9948676E+02, -3.0469523E+04,3,
  4.0420065E+00,  0.0000000E+00,  2.6690738E+02,3046,  1.2203215E+00,  0.0000000E+00,  2.3095974E-01,  9.9999469E+02, -3.1572012E+02,3,
  4.0494485E+00,  0.0000000E+00,  2.6691418E+02,3037,  1.2239684E+00,  0.0000000E+00,  2.5407910E-01,  9.9998022E+02, -1.1757344E+03,3,
  4.9796820E+00,  0.0000000E+00,  2.6712433E+02,3236,  1.2091888E+00,  0.0000000E+00,  6.2009774E-02,  1.0010181E+03,  6.0717328E+04,3,
  6.3102727E+00,  0.0000000E+00,  2.6713196E+02,3338,  1.1886263E+00,  0.0000000E+00,  4.4347581E-02,  1.0008589E+03,  5.1203059E+04,3,
  6.4257054E+00,  0.0000000E+00,  2.6705902E+02,3348,  1.2841507E+00,  0.0000000E+00,  1.6135582E-01,  9.9716553E+02, -1.6710556E+05,3,
  8.2714233E+00,  0.0000000E+00,  2.6714557E+02,3164,  1.2361792E+00,  0.0000000E+00, -2.7484396E-01,  1.0007091E+03,  4.2251809E+04,3,
  8.2749748E+00,  0.0000000E+00,  2.6714911E+02,3173,  1.2251776E+00,  0.0000000E+00, -2.4426784E-01,  1.0007177E+03,  4.2762051E+04,3,
  8.8268023E+00,  0.0000000E+00,  2.6711594E+02,3028,  1.2588625E+00,  0.0000000E+00, -3.0450600E-01,  9.9990771E+02, -5.4855669E+03,3,
  1.0232077E+01,  0.0000000E+00,  2.6697943E+02,3387,  1.2566124E+00,  0.0000000E+00, -5.5917136E-02,  9.9942889E+02, -3.3898664E+04,3,
  1.2142233E+01,  0.0000000E+00,  2.6704129E+02,3385,  1.2663132E+00,  0.0000000E+00, -6.6029035E-02,  1.0000416E+03,  2.4716741E+03,3,
  1.3043718E+01,  0.0000000E+00,  2.6711035E+02,3019,  1.2552330E+00,  0.0000000E+00,  9.3771201E-03,  1.0000571E+03,  3.3973496E+03,3,
  1.3046828E+01,  0.0000000E+00,  2.6708823E+02,3357,  1.2720813E+00,  0.0000000E+00,  7.8821048E-02,  9.9998651E+02, -8.0198206E+02,3,
  1.4681101E+01,  0.0000000E+00,  2.6708917E+02,3119,  1.2445782E+00,  0.0000000E+00, -1.5790932E-02,  9.9983380E+02, -9.8769092E+03,3,
  1.5478820E+01,  0.0000000E+00,  2.6704935E+02,3376,  1.2463533E+00,  0.0000000E+00,  4.4792676E-03,  9.9993262E+02, -4.0056338E+03,3,
  1.5807718E+01,  0.0000000E+00,  2.6694925E+02,3377,  1.2553202E+00,  0.0000000E+00, -1.2517606E-01,  9.9994556E+02, -3.2365615E+03,3,
  1.6108467E+01,  0.0000000E+00,  2.6698056E+02,3378,  1.2603077E+00,  0.0000000E+00, -2.3206848E-01,  9.9995691E+02, -2.5617605E+03,3,
  2.4816221E+01,  0.0000000E+00,  2.6708563E+02,3368,  1.7288951E+00,  0.0000000E+00, -1.6316345E-01,  9.9998138E+02, -1.1067908E+03,3,
  2.5297171E+01,  0.0000000E+00,  2.6710440E+02,3010,  1.7697963E+00,  0.0000000E+00,  3.9194292E-01,  9.9993317E+02, -3.9729856E+03,3,
  2.5575201E+01,  0.0000000E+00,  2.6707315E+02,3282,  1.7135800E+00,  0.0000000E+00, -1.3453448E-01,  9.9987457E+02, -7.4548408E+03,3,
  2.5574690E+01,  0.0000000E+00,  2.6709555E+02,3291,  1.7207866E+00,  0.0000000E+00,  3.2843582E-02,  9.9989496E+02, -6.2435840E+03,3,
  2.7337265E+01,  0.0000000E+00,  2.6716666E+02,3320,  1.8343598E+00,  0.0000000E+00,  2.9009378E-01,  1.0001503E+03,  8.9386885E+03,3,
  2.8513992E+01,  0.0000000E+00,  2.6697479E+02,3283,  1.6206242E+00,  0.0000000E+00, -1.0439268E-01,  1.0000050E+03,  2.9758450E+02,3,
  2.8613047E+01,  0.0000000E+00,  2.6711954E+02,3255,  1.6241372E+00,  0.0000000E+00,  1.7900161E-01,  9.9992078E+02, -4.7093550E+03,3,
  2.9447868E+01,  0.0000000E+00,  2.6698569E+02,3001,  1.7849183E+00,  0.0000000E+00, -4.4719711E-02,  9.9970044E+02, -1.7795256E+04,3,
  3.1231495E+01,  0.0000000E+00,  2.6790326E+02,3367,  1.7398061E+00,  0.0000000E+00,  5.3880032E-02,  1.0011641E+03,  6.9458594E+04,3,
  3.2359756E+01,  0.0000000E+00,  2.6698749E+02,3101,  1.6754764E+00,  0.0000000E+00,  7.9345286E-02,  9.9901215E+02, -5.8561988E+04,3,
  3.2365334E+01,  0.0000000E+00,  2.6698621E+02,3110,  1.6673908E+00,  0.0000000E+00,  7.4077763E-02,  9.9915021E+02, -5.0398285E+04,3,
  3.3084442E+01,  0.0000000E+00,  2.6698459E+02,2992,  1.7000887E+00,  0.0000000E+00, -5.7886392E-02,  1.0003135E+03,  1.8659846E+04,3,
  3.3496010E+01,  0.0000000E+00,  2.6697235E+02,3358,  1.6940633E+00,  0.0000000E+00, -3.8446609E-02,  1.0002691E+03,  1.6013294E+04,3,
  3.6214050E+01,  0.0000000E+00,  2.6707037E+02,3369,  1.6998004E+00,  0.0000000E+00,  3.3479128E-02,  9.9987366E+02, -7.5092349E+03,3,
  3.6851227E+01,  0.0000000E+00,  2.6706122E+02,3339,  1.6969138E+00,  0.0000000E+00,  8.5454628E-02,  9.9994885E+02, -3.0406562E+03,3,
  3.8030037E+01,  0.0000000E+00,  2.6710117E+02,3201,  1.6836936E+00,  0.0000000E+00, -1.1593555E-01,  1.0005214E+03,  3.1051299E+04,3,
  3.8989704E+01,  0.0000000E+00,  2.6706531E+02,3329,  1.6882627E+00,  0.0000000E+00, -1.2171075E-01,  9.9971570E+02, -1.6889588E+04,3,
  3.9007458E+01,  0.0000000E+00,  2.6706680E+02,3273,  1.7062641E+00,  0.0000000E+00, -1.9611274E-01,  9.9974390E+02, -1.5215694E+04,3,
  3.9030731E+01,  0.0000000E+00,  2.6706015E+02,3146,  1.6820393E+00,  0.0000000E+00, -8.7500654E-02,  9.9977100E+02, -1.3606751E+04,3,
  4.1835785E+01,  0.0000000E+00,  2.6704379E+02,3359,  1.7272934E+00,  0.0000000E+00, -2.2282173E-01,  1.0000608E+03,  3.6151680E+03,3,
  4.2755451E+01,  0.0000000E+00,  2.6703647E+02,3349,  1.7102559E+00,  0.0000000E+00, -7.1733812E-04,  1.0001459E+03,  8.6807979E+03,3,
  4.3886505E+01,  0.0000000E+00,  2.6705341E+02,3264,  1.7134634E+00,  0.0000000E+00, -1.2700808E-01,  1.0000792E+03,  4.7115942E+03,3,
  4.4282978E+01,  0.0000000E+00,  2.6707166E+02,3266,  1.7068303E+00,  0.0000000E+00, -5.5398401E-02,  9.9958765E+02, -2.4487383E+04,3,
  4.4286743E+01,  0.0000000E+00,  2.6707193E+02,3321,  1.7072369E+00,  0.0000000E+00, -5.5920012E-02,  9.9957349E+02, -2.5327201E+04,3,
  4.6320374E+01,  0.0000000E+00,  2.6837732E+02,3360,  1.7147223E+00,  0.0000000E+00, -7.4675933E-02,  1.0007820E+03,  4.6604285E+04,3,
  4.7457970E+01,  0.0000000E+00,  2.6699664E+02,3083,  1.7214311E+00,  0.0000000E+00, -6.1353520E-02,  9.9986322E+02, -8.1293086E+03,3,
  4.7461765E+01,  0.0000000E+00,  2.6699707E+02,3128,  1.7215428E+00,  0.0000000E+00, -5.9944235E-02,  9.9986316E+02, -8.1329346E+03,3,
  4.7766014E+01,  0.0000000E+00,  2.6698483E+02,2983,  1.7261916E+00,  0.0000000E+00, -3.9026521E-02,  9.9990295E+02, -5.7684697E+03,3,
  4.8228786E+01,  0.0000000E+00,  2.6693616E+02,3350,  1.7190593E+00,  0.0000000E+00, -9.4066292E-02,  9.9992340E+02, -4.5533799E+03,3,
  8.1483215E+01,  0.0000000E+00,  2.6509164E+02,3331,  7.0855041E+00,  0.0000000E+00, -9.9027241E-03,  9.9949438E+02, -3.0017279E+04,3,
  7.9690636E+01,  0.0000000E+00,  2.6536246E+02,3342,  5.0222821E+00,  0.0000000E+00,  8.0268323E-01,  9.9895343E+02, -6.2031855E+04,3,
