TimeStep [s],Np,Nbound,Nfixed,Nmoving,Nfloat,Nfluid
240.001,1800,0,0,0,0,1800

Pos.x [m],Pos.y [m],Pos.z [m],Idp,Vel.x [m/s],Vel.y [m/s],Vel.z [m/s],Rhop [kg/m^3],Press [Pa],Type,
  3.0152454E+02,  0.0000000E+00,  2.5088478E+02,3161,  1.3188320E-01,  0.0000000E+00, -9.3607925E-02,  1.0014222E+03,  8.4921547E+04,3,
  3.0245178E+02,  0.0000000E+00,  2.5091898E+02,3204,  8.5987210E-02,  0.0000000E+00, -1.1547077E-02,  1.0008611E+03,  5.1330730E+04,3,
  3.0274805E+02,  0.0000000E+00,  2.5089589E+02,2912,  1.1996069E-01,  0.0000000E+00, -1.3989351E-02,  1.0008589E+03,  5.1199410E+04,3,
  3.0543008E+02,  0.0000000E+00,  2.5125639E+02,3067,  1.5347807E-01,  0.0000000E+00,  6.4497273E-03,  1.0004731E+03,  2.8172164E+04,3,
  3.0518204E+02,  0.0000000E+00,  2.5126297E+02,3130,  1.1944967E-01,  0.0000000E+00, -1.2595624E-02,  1.0004822E+03,  2.8714441E+04,3,
  3.0437357E+02,  0.0000000E+00,  2.5059230E+02,3104,  2.4954382E-01,  0.0000000E+00,  1.0397254E-02,  1.0015331E+03,  9.1577820E+04,3,
  3.0720432E+02,  0.0000000E+00,  2.5056322E+02,3090,  1.5819067E-01,  0.0000000E+00,  2.0271305E-03,  1.0020187E+03,  1.2075570E+05,3,
  3.0848486E+02,  0.0000000E+00,  2.5069353E+02,3072,  1.6183531E-01,  0.0000000E+00, -2.5672058E-05,  1.0019831E+03,  1.1861445E+05,3,
  3.0984155E+02,  0.0000000E+00,  2.5053667E+02,2946,  1.5663780E-01,  0.0000000E+00, -4.5821207E-04,  1.0021457E+03,  1.2840255E+05,3,
  3.1141916E+02,  0.0000000E+00,  2.5103468E+02,3123,  1.5638019E-01,  0.0000000E+00,  3.6633766E-04,  1.0008090E+03,  4.8219633E+04,3,
  3.1213776E+02,  0.0000000E+00,  2.5092946E+02,2976,  1.6743775E-01,  0.0000000E+00, -3.3022172E-03,  1.0008553E+03,  5.0984195E+04,3,
  3.1300464E+02,  0.0000000E+00,  2.5079134E+02,3013,  1.6051552E-01,  0.0000000E+00, -4.1056189E-04,  1.0010754E+03,  6.4146438E+04,3,
  3.1412744E+02,  0.0000000E+00,  2.5081735E+02,3031,  1.6575010E-01,  0.0000000E+00, -4.1077851E-04,  1.0010569E+03,  6.3043441E+04,3,
  3.1494977E+02,  0.0000000E+00,  2.5103932E+02,2967,  1.6157083E-01,  0.0000000E+00, -3.0421205E-03,  1.0008126E+03,  4.8434789E+04,3,
  3.1624423E+02,  0.0000000E+00,  2.5062881E+02,3107,  1.6867511E-01,  0.0000000E+00,  1.9245156E-03,  1.0016899E+03,  1.0098763E+05,3,
  3.1748828E+02,  0.0000000E+00,  2.5058171E+02,3062,  1.7233349E-01,  0.0000000E+00,  1.9786393E-03,  1.0017834E+03,  1.0660915E+05,3,
  3.1881296E+02,  0.0000000E+00,  2.5100749E+02,3077,  1.6931476E-01,  0.0000000E+00,  2.2896663E-03,  1.0008320E+03,  4.9590875E+04,3,
  3.1966324E+02,  0.0000000E+00,  2.5109088E+02,3040,  1.7708105E-01,  0.0000000E+00,  5.1752990E-04,  1.0006563E+03,  3.9099824E+04,3,
  3.2044867E+02,  0.0000000E+00,  2.5074300E+02,3004,  1.7645144E-01,  0.0000000E+00,  1.7328733E-03,  1.0012016E+03,  7.1702672E+04,3,
  3.2159738E+02,  0.0000000E+00,  2.5090665E+02,3069,  1.7732695E-01,  0.0000000E+00,  3.0405432E-04,  1.0009854E+03,  5.8764098E+04,3,
  3.2264462E+02,  0.0000000E+00,  2.5067374E+02,2867,  1.7655744E-01,  0.0000000E+00,  7.9641980E-04,  1.0013575E+03,  8.1046250E+04,3,
  3.2380453E+02,  0.0000000E+00,  2.5085861E+02,2939,  1.7858914E-01,  0.0000000E+00,  1.1104707E-03,  1.0009272E+03,  5.5282098E+04,3,
  3.2532504E+02,  0.0000000E+00,  2.5101074E+02,3058,  1.7569789E-01,  0.0000000E+00,  2.1786683E-03,  1.0006967E+03,  4.1508359E+04,3,
  3.2660864E+02,  0.0000000E+00,  2.5070970E+02,2704,  1.8473509E-01,  0.0000000E+00,  6.5553524E-03,  1.0014607E+03,  8.7231336E+04,3,
  3.2791925E+02,  0.0000000E+00,  2.5051266E+02,3008,  1.7946695E-01,  0.0000000E+00,  4.2204103E-03,  1.0019518E+03,  1.1673435E+05,3,
  3.2467422E+02,  0.0000000E+00,  2.5099277E+02,2921,  1.7979275E-01,  0.0000000E+00,  2.1590271E-03,  1.0006746E+03,  4.0189242E+04,3,
  3.2919519E+02,  0.0000000E+00,  2.5092079E+02,2995,  1.7332648E-01,  0.0000000E+00,  6.3268761E-03,  1.0010893E+03,  6.4979242E+04,3,
  3.3018207E+02,  0.0000000E+00,  2.5095358E+02,2958,  1.7981942E-01,  0.0000000E+00,  3.9484859E-03,  1.0009183E+03,  5.4749320E+04,3,
  3.3131189E+02,  0.0000000E+00,  2.5070079E+02,2695,  1.6651367E-01,  0.0000000E+00,  3.3845699E-03,  1.0012652E+03,  7.5512188E+04,3,
  3.3190295E+02,  0.0000000E+00,  2.5118903E+02,2831,  1.7738715E-01,  0.0000000E+00,  8.7224906E-03,  1.0006378E+03,  3.7995953E+04,3,
  3.3323868E+02,  0.0000000E+00,  2.5076591E+02,3061,  1.6536477E-01,  0.0000000E+00,  3.9345818E-03,  1.0014821E+03,  8.8512750E+04,3,
  3.3449323E+02,  0.0000000E+00,  2.5043785E+02,2999,  1.6007149E-01,  0.0000000E+00,  5.0219386E-03,  1.0021978E+03,  1.3153866E+05,3,
  3.3591568E+02,  0.0000000E+00,  2.5107541E+02,2804,  1.6017643E-01,  0.0000000E+00,  9.7136404E-03,  1.0007930E+03,  4.7264246E+04,3,
  3.3676746E+02,  0.0000000E+00,  2.5095761E+02,2996,  1.5331601E-01,  0.0000000E+00,  8.0399821E-03,  1.0008675E+03,  5.1713758E+04,3,
  3.3767377E+02,  0.0000000E+00,  2.5073212E+02,2941,  1.4925605E-01,  0.0000000E+00,  4.6779965E-03,  1.0011550E+03,  6.8910438E+04,3,
  3.3872842E+02,  0.0000000E+00,  2.5091554E+02,2931,  1.4425299E-01,  0.0000000E+00,  2.9125058E-03,  1.0008511E+03,  5.0736156E+04,3,
  3.3971194E+02,  0.0000000E+00,  2.5090816E+02,2922,  1.3671452E-01,  0.0000000E+00, -7.2768144E-04,  1.0008784E+03,  5.2366766E+04,3,
  3.4017044E+02,  0.0000000E+00,  2.5112080E+02,2950,  1.5760103E-01,  0.0000000E+00,  1.1384149E-02,  1.0007037E+03,  4.1927453E+04,3,
  3.4188416E+02,  0.0000000E+00,  2.5045787E+02,3009,  1.4156578E-01,  0.0000000E+00,  2.2067453E-03,  1.0022719E+03,  1.3600738E+05,3,
  3.4310638E+02,  0.0000000E+00,  2.5077504E+02,2910,  1.3811830E-01,  0.0000000E+00,  4.5847869E-03,  1.0017456E+03,  1.0433523E+05,3,
  3.4441003E+02,  0.0000000E+00,  2.5086650E+02,2937,  1.3548842E-01,  0.0000000E+00,  3.1876101E-03,  1.0014032E+03,  8.3783320E+04,3,
  3.4553561E+02,  0.0000000E+00,  2.5081717E+02,2963,  1.3542816E-01,  0.0000000E+00,  1.3096466E-03,  1.0013463E+03,  8.0369414E+04,3,
  3.4665665E+02,  0.0000000E+00,  2.5073346E+02,2981,  1.2945876E-01,  0.0000000E+00,  2.2810323E-03,  1.0013751E+03,  8.2096344E+04,3,
  3.4776501E+02,  0.0000000E+00,  2.5083774E+02,2960,  1.3965124E-01,  0.0000000E+00, -9.3816845E-05,  1.0010934E+03,  6.5223984E+04,3,
  3.4875583E+02,  0.0000000E+00,  2.5098697E+02,2849,  1.2019314E-01,  0.0000000E+00,  4.1284026E-03,  1.0008252E+03,  4.9186047E+04,3,
  3.4969263E+02,  0.0000000E+00,  2.5076961E+02,2952,  1.2412291E-01,  0.0000000E+00,  3.1011575E-03,  1.0011251E+03,  6.7123672E+04,3,
  3.5070599E+02,  0.0000000E+00,  2.5091238E+02,2814,  1.3806383E-01,  0.0000000E+00,  4.7739968E-03,  1.0009867E+03,  5.8840762E+04,3,
  3.5153870E+02,  0.0000000E+00,  2.5106483E+02,2596,  1.3286364E-01,  0.0000000E+00,  1.5355039E-03,  1.0009359E+03,  5.5803957E+04,3,
  3.5297400E+02,  0.0000000E+00,  2.5043135E+02,2919,  1.4300472E-01,  0.0000000E+00,  4.1980529E-03,  1.0022932E+03,  1.3728767E+05,3,
  3.5421924E+02,  0.0000000E+00,  2.5098375E+02,2953,  1.4702457E-01,  0.0000000E+00, -5.0225984E-03,  1.0013004E+03,  7.7622305E+04,3,
  3.5536450E+02,  0.0000000E+00,  2.5074249E+02,2942,  1.3393791E-01,  0.0000000E+00,  4.2154631E-04,  1.0014388E+03,  8.5917141E+04,3,
  3.5645932E+02,  0.0000000E+00,  2.5076195E+02,2915,  1.3517778E-01,  0.0000000E+00, -2.3690771E-04,  1.0012453E+03,  7.4320188E+04,3,
  3.5753641E+02,  0.0000000E+00,  2.5103551E+02,3016,  1.3225543E-01,  0.0000000E+00, -3.4411694E-03,  1.0006763E+03,  4.0294910E+04,3,
  3.5851907E+02,  0.0000000E+00,  2.5077747E+02,2979,  2.2448391E-01,  0.0000000E+00, -7.2028837E-03,  1.0008759E+03,  5.2217191E+04,3,
  3.5940143E+02,  0.0000000E+00,  2.5097476E+02,2850,  1.0291645E-01,  0.0000000E+00,  2.2811644E-02,  1.0006919E+03,  4.1224117E+04,3,
  3.5994577E+02,  0.0000000E+00,  2.5063808E+02,2832,  6.6622794E-02,  0.0000000E+00,  2.6580386E-02,  1.0012425E+03,  7.4152000E+04,3,
  3.6084470E+02,  0.0000000E+00,  2.5133476E+02,2723,  1.0913908E-01,  0.0000000E+00,  1.0901547E-01,  1.0012061E+03,  7.1969508E+04,3,
  3.8986728E+02,  0.0000000E+00,  2.5099591E+02,2828,  8.7577738E-02,  0.0000000E+00, -5.6689527E-02,  1.0012043E+03,  7.1867164E+04,3,
  3.9023962E+02,  0.0000000E+00,  2.5044211E+02,2721,  4.1790776E-02,  0.0000000E+00, -1.8631594E-02,  1.0017434E+03,  1.0420321E+05,3,
  3.9159760E+02,  0.0000000E+00,  2.5094759E+02,2819,  1.8392619E-01,  0.0000000E+00,  1.2911784E-02,  1.0010193E+03,  6.0790352E+04,3,
  3.9381580E+02,  0.0000000E+00,  2.5086024E+02,2772,  1.2546897E-01,  0.0000000E+00,  2.6961840E-03,  1.0011691E+03,  6.9754602E+04,3,
  3.9483456E+02,  0.0000000E+00,  2.5079413E+02,2809,  1.1341430E-01,  0.0000000E+00,  1.4913841E-03,  1.0012100E+03,  7.2207109E+04,3,
  3.9282016E+02,  0.0000000E+00,  2.5086020E+02,2774,  1.1508751E-01,  0.0000000E+00,  9.2192143E-03,  1.0012217E+03,  7.2908984E+04,3,
  3.9587506E+02,  0.0000000E+00,  2.5085072E+02,2579,  1.1581699E-01,  0.0000000E+00,  1.0402895E-03,  1.0010527E+03,  6.2787801E+04,3,
  3.9690118E+02,  0.0000000E+00,  2.5084109E+02,2762,  1.0492687E-01,  0.0000000E+00,  4.2838142E-03,  1.0010337E+03,  6.1652090E+04,3,
  3.9787311E+02,  0.0000000E+00,  2.5097731E+02,2816,  9.9280812E-02,  0.0000000E+00,  8.8154534E-03,  1.0008297E+03,  4.9455930E+04,3,
  3.9875507E+02,  0.0000000E+00,  2.5080434E+02,2696,  9.7994477E-02,  0.0000000E+00,  7.8087719E-03,  1.0010891E+03,  6.4964633E+04,3,
  3.9984607E+02,  0.0000000E+00,  2.5071735E+02,2898,  1.0019086E-01,  0.0000000E+00,  6.4786999E-03,  1.0011851E+03,  7.0712148E+04,3,
  4.0084396E+02,  0.0000000E+00,  2.5104637E+02,2897,  8.2332708E-02,  0.0000000E+00,  5.7414980E-03,  1.0006641E+03,  3.9566180E+04,3,
  4.0154651E+02,  0.0000000E+00,  2.5095757E+02,2515,  1.0142865E-01,  0.0000000E+00,  2.1256059E-03,  1.0007664E+03,  4.5670930E+04,3,
  4.0266324E+02,  0.0000000E+00,  2.5077788E+02,2852,  7.9236411E-02,  0.0000000E+00, -2.9411800E-03,  1.0010764E+03,  6.4204879E+04,3,
  4.0331891E+02,  0.0000000E+00,  2.5102754E+02,2765,  8.9443378E-02,  0.0000000E+00,  1.1111591E-02,  1.0008892E+03,  5.3012516E+04,3,
  4.0472272E+02,  0.0000000E+00,  2.5071103E+02,2775,  4.0134650E-02,  0.0000000E+00,  2.9403962E-02,  1.0016208E+03,  9.6838602E+04,3,
  4.0583069E+02,  0.0000000E+00,  2.5083583E+02,2730,  2.5336372E-02,  0.0000000E+00,  7.0203073E-02,  1.0016620E+03,  9.9316086E+04,3,
  4.0735818E+02,  0.0000000E+00,  2.5032774E+02,2712,  1.8958455E-01,  0.0000000E+00, -2.9797666E-02,  1.0024210E+03,  1.4499864E+05,3,
  4.0966608E+02,  0.0000000E+00,  2.5084540E+02,2561,  2.5272426E-01,  0.0000000E+00,  4.8339800E-03,  1.0006658E+03,  3.9668199E+04,3,
  4.0980087E+02,  0.0000000E+00,  2.5100740E+02,2943,  9.9111229E-02,  0.0000000E+00,  1.8982001E-02,  1.0005591E+03,  3.3301316E+04,3,
  4.0998038E+02,  0.0000000E+00,  2.5107744E+02,2844, -6.7331903E-02,  0.0000000E+00,  1.1132638E-03,  1.0005820E+03,  3.4666867E+04,3,
  6.6124084E+02,  0.0000000E+00,  2.5091377E+02,2308,  7.6840711E-01,  0.0000000E+00,  1.9700836E-02,  1.0007576E+03,  4.5145957E+04,3,
  6.6096021E+02,  0.0000000E+00,  2.5096088E+02,2445,  5.0376201E-01,  0.0000000E+00, -1.2732831E-02,  1.0007074E+03,  4.2149766E+04,3,
  6.6003845E+02,  0.0000000E+00,  2.5058498E+02,2599,  2.7289850E-01,  0.0000000E+00, -1.2112951E-01,  1.0012318E+03,  7.3512195E+04,3,
  6.6243683E+02,  0.0000000E+00,  2.5127969E+02,2530,  1.2510408E+00,  0.0000000E+00,  1.6648249E-01,  1.0005422E+03,  3.2289109E+04,3,
  6.6363605E+02,  0.0000000E+00,  2.5095169E+02,2508,  5.3262168E-01,  0.0000000E+00, -1.4033401E-01,  1.0008719E+03,  5.1976414E+04,3,
  6.6428369E+02,  0.0000000E+00,  2.5055115E+02,2526,  6.8865812E-01,  0.0000000E+00, -5.9582375E-02,  1.0013982E+03,  8.3483227E+04,3,
  6.6595233E+02,  0.0000000E+00,  2.5126402E+02,2527,  7.9648632E-01,  0.0000000E+00,  8.8908516E-02,  1.0004503E+03,  2.6811145E+04,3,
  6.6669598E+02,  0.0000000E+00,  2.5054982E+02,2592,  9.4479787E-01,  0.0000000E+00,  1.7782044E-02,  1.0014655E+03,  8.7520555E+04,3,
  6.6807245E+02,  0.0000000E+00,  2.5083746E+02,2581,  7.1690422E-01,  0.0000000E+00, -4.7284268E-02,  1.0010202E+03,  6.0845121E+04,3,
  6.6895929E+02,  0.0000000E+00,  2.5105673E+02,2457,  6.9603962E-01,  0.0000000E+00, -6.6648774E-02,  1.0006677E+03,  3.9781148E+04,3,
  6.6953735E+02,  0.0000000E+00,  2.5120329E+02,2475,  7.2100300E-01,  0.0000000E+00, -7.1549572E-02,  1.0004993E+03,  2.9733564E+04,3,
  6.7022095E+02,  0.0000000E+00,  2.5124478E+02,2531,  8.1106055E-01,  0.0000000E+00, -1.8780092E-02,  1.0005318E+03,  3.1670186E+04,3,
  6.7142114E+02,  0.0000000E+00,  2.5062369E+02,2345,  7.2105992E-01,  0.0000000E+00, -5.1621958E-03,  1.0015279E+03,  9.1262852E+04,3,
  6.7258783E+02,  0.0000000E+00,  2.5064188E+02,2576,  7.7341443E-01,  0.0000000E+00,  3.3592097E-02,  1.0014913E+03,  8.9069297E+04,3,
  6.7366406E+02,  0.0000000E+00,  2.5127010E+02,2557,  7.1032375E-01,  0.0000000E+00,  7.1917638E-02,  1.0005834E+03,  3.4746984E+04,3,
  6.7439459E+02,  0.0000000E+00,  2.5104286E+02,2565,  8.1103641E-01,  0.0000000E+00,  1.6738974E-02,  1.0006881E+03,  4.0998184E+04,3,
  6.7529102E+02,  0.0000000E+00,  2.5095683E+02,2494,  7.5004363E-01,  0.0000000E+00, -1.7378749E-02,  1.0008157E+03,  4.8617125E+04,3,
  6.7623999E+02,  0.0000000E+00,  2.5085446E+02,2522,  7.2524655E-01,  0.0000000E+00, -3.1372990E-02,  1.0010117E+03,  6.0333953E+04,3,
  6.7734363E+02,  0.0000000E+00,  2.5119730E+02,2408,  7.0771402E-01,  0.0000000E+00, -1.2245839E-02,  1.0008635E+03,  5.1472996E+04,3,
  6.7819800E+02,  0.0000000E+00,  2.5045253E+02,2613,  7.5938261E-01,  0.0000000E+00, -7.1609109E-03,  1.0017303E+03,  1.0341480E+05,3,
  6.7955902E+02,  0.0000000E+00,  2.5124977E+02,2539,  6.8333477E-01,  0.0000000E+00,  3.3846069E-02,  1.0004925E+03,  2.9325902E+04,3,
  6.8000787E+02,  0.0000000E+00,  2.5133174E+02,2363,  7.2002393E-01,  0.0000000E+00,  2.2883393E-02,  1.0003922E+03,  2.3347570E+04,3,
  6.8054456E+02,  0.0000000E+00,  2.5124030E+02,2438,  7.9642600E-01,  0.0000000E+00,  1.9607762E-02,  1.0005026E+03,  2.9930121E+04,3,
  6.8182489E+02,  0.0000000E+00,  2.5054057E+02,2575,  6.5680701E-01,  0.0000000E+00, -4.3209538E-02,  1.0015973E+03,  9.5427883E+04,3,
  6.8292139E+02,  0.0000000E+00,  2.5078447E+02,2465,  6.8523920E-01,  0.0000000E+00, -2.3770897E-02,  1.0012890E+03,  7.6938391E+04,3,
  6.8401056E+02,  0.0000000E+00,  2.5115431E+02,2317,  6.4635968E-01,  0.0000000E+00,  2.6768425E-02,  1.0007297E+03,  4.3480078E+04,3,
  6.8488660E+02,  0.0000000E+00,  2.5094345E+02,2366,  7.0692062E-01,  0.0000000E+00,  1.0417123E-02,  1.0008537E+03,  5.0889355E+04,3,
  6.8580420E+02,  0.0000000E+00,  2.5084468E+02,2549,  6.8383753E-01,  0.0000000E+00,  2.4395797E-03,  1.0009199E+03,  5.4847844E+04,3,
  6.8678223E+02,  0.0000000E+00,  2.5092163E+02,2401,  6.8625796E-01,  0.0000000E+00, -1.5535698E-02,  1.0007816E+03,  4.6578762E+04,3,
  6.8765051E+02,  0.0000000E+00,  2.5103696E+02,2466,  6.6844159E-01,  0.0000000E+00, -3.4620941E-02,  1.0006249E+03,  3.7223680E+04,3,
  6.8801550E+02,  0.0000000E+00,  2.5118694E+02,2392,  7.0338488E-01,  0.0000000E+00, -2.3711579E-02,  1.0005235E+03,  3.1175072E+04,3,
  6.8936890E+02,  0.0000000E+00,  2.5072891E+02,2427,  6.6187888E-01,  0.0000000E+00, -3.3874009E-02,  1.0012735E+03,  7.6009508E+04,3,
  6.9040741E+02,  0.0000000E+00,  2.5082651E+02,2390,  6.3833934E-01,  0.0000000E+00, -3.5747667E-03,  1.0012272E+03,  7.3234344E+04,3,
  6.9148627E+02,  0.0000000E+00,  2.5102580E+02,2436,  6.4481783E-01,  0.0000000E+00,  2.8639942E-02,  1.0010087E+03,  6.0158699E+04,3,
  6.9250098E+02,  0.0000000E+00,  2.5071925E+02,2532,  7.1194518E-01,  0.0000000E+00, -8.9389402E-03,  1.0012986E+03,  7.7516242E+04,3,
  6.9363434E+02,  0.0000000E+00,  2.5087115E+02,2540,  7.0526457E-01,  0.0000000E+00, -3.7803862E-02,  1.0009999E+03,  5.9629312E+04,3,
  6.9467090E+02,  0.0000000E+00,  2.5099860E+02,2458,  6.7265439E-01,  0.0000000E+00, -1.4065181E-02,  1.0007482E+03,  4.4588203E+04,3,
  6.9545062E+02,  0.0000000E+00,  2.5095534E+02,2309,  5.6125540E-01,  0.0000000E+00,  3.6260027E-02,  1.0007700E+03,  4.5886031E+04,3,
  6.9645575E+02,  0.0000000E+00,  2.5118756E+02,2420,  6.0922921E-01,  0.0000000E+00,  3.3794235E-02,  1.0005419E+03,  3.2270904E+04,3,
  6.9717224E+02,  0.0000000E+00,  2.5067111E+02,2412,  6.9457865E-01,  0.0000000E+00, -1.6636010E-02,  1.0012001E+03,  7.1611289E+04,3,
  6.9831055E+02,  0.0000000E+00,  2.5089195E+02,2429,  1.0307336E+00,  0.0000000E+00, -1.2593363E-01,  1.0007200E+03,  4.2900551E+04,3,
  6.9954773E+02,  0.0000000E+00,  2.5076196E+02,2403,  6.3777202E-01,  0.0000000E+00,  1.1682592E-01,  1.0007161E+03,  4.2670934E+04,3,
  6.9995135E+02,  0.0000000E+00,  2.5104672E+02,2467,  2.0039493E-01,  0.0000000E+00,  2.6449582E-02,  1.0006081E+03,  3.6222000E+04,3,
  7.0012585E+02,  0.0000000E+00,  2.5128340E+02,2447,  2.1885036E-01,  0.0000000E+00,  8.6152166E-02,  1.0005298E+03,  3.1550045E+04,3,
  7.2129608E+02,  0.0000000E+00,  2.5046355E+02,2487,  1.1270622E+00,  0.0000000E+00,  6.1886966E-02,  1.0016345E+03,  9.7663141E+04,3,
  7.2076398E+02,  0.0000000E+00,  2.5076907E+02,2477,  3.1267065E-01,  0.0000000E+00,  2.7014071E-02,  1.0011495E+03,  6.8585219E+04,3,
  7.1998828E+02,  0.0000000E+00,  2.5109622E+02,2410,  4.2032069E-01,  0.0000000E+00, -2.3690708E-01,  1.0007537E+03,  4.4916289E+04,3,
  7.2379291E+02,  0.0000000E+00,  2.5097604E+02,2442,  6.0638398E-01,  0.0000000E+00,  1.4979051E-02,  1.0007700E+03,  4.5889676E+04,3,
  7.2463092E+02,  0.0000000E+00,  2.5086700E+02,2422,  6.8968427E-01,  0.0000000E+00, -1.7575314E-02,  1.0010074E+03,  6.0078379E+04,3,
  7.2581281E+02,  0.0000000E+00,  2.5089485E+02,2310,  8.0201060E-01,  0.0000000E+00, -6.0287351E-03,  1.0011843E+03,  7.0664633E+04,3,
  7.2697327E+02,  0.0000000E+00,  2.5051201E+02,2441,  7.4625129E-01,  0.0000000E+00,  1.5512925E-02,  1.0016843E+03,  1.0065037E+05,3,
  7.2903448E+02,  0.0000000E+00,  2.5103952E+02,2292,  7.6576811E-01,  0.0000000E+00, -2.5181802E-02,  1.0006291E+03,  3.7475027E+04,3,
  7.2845587E+02,  0.0000000E+00,  2.5132065E+02,2365,  7.9365408E-01,  0.0000000E+00, -5.1978230E-03,  1.0003363E+03,  2.0016113E+04,3,
  7.3070795E+02,  0.0000000E+00,  2.5049789E+02,2334,  7.2565413E-01,  0.0000000E+00, -2.3277229E-02,  1.0018060E+03,  1.0796641E+05,3,
  7.3206787E+02,  0.0000000E+00,  2.5066240E+02,2318,  7.7654731E-01,  0.0000000E+00,  2.0055309E-02,  1.0015563E+03,  9.2966016E+04,3,
  7.3323486E+02,  0.0000000E+00,  2.5119185E+02,2421,  8.3100504E-01,  0.0000000E+00,  2.4887710E-03,  1.0006347E+03,  3.7810164E+04,3,
  7.3411023E+02,  0.0000000E+00,  2.5100809E+02,2385,  8.4232938E-01,  0.0000000E+00, -9.2059618E-04,  1.0007312E+03,  4.3571203E+04,3,
  7.3499695E+02,  0.0000000E+00,  2.5085245E+02,2346,  8.3194113E-01,  0.0000000E+00, -1.0169678E-02,  1.0009632E+03,  5.7435395E+04,3,
  7.3601678E+02,  0.0000000E+00,  2.5085457E+02,2228,  7.6313829E-01,  0.0000000E+00, -6.0459352E-03,  1.0009798E+03,  5.8428258E+04,3,
  7.3700677E+02,  0.0000000E+00,  2.5090001E+02,2414,  7.6783782E-01,  0.0000000E+00, -1.4734388E-02,  1.0008591E+03,  5.1214004E+04,3,
  7.3796204E+02,  0.0000000E+00,  2.5103807E+02,2338,  8.8906163E-01,  0.0000000E+00, -6.2747553E-02,  1.0005091E+03,  3.0315967E+04,3,
  7.3868286E+02,  0.0000000E+00,  2.5098804E+02,2397,  1.0449821E+00,  0.0000000E+00,  2.1525960E-02,  1.0004120E+03,  2.4529854E+04,3,
  7.3971295E+02,  0.0000000E+00,  2.5085646E+02,2328,  5.0988656E-01,  0.0000000E+00,  5.8579393E-02,  1.0007595E+03,  4.5262617E+04,3,
  7.4030676E+02,  0.0000000E+00,  2.5087653E+02,2251,  4.2597136E-01,  0.0000000E+00,  1.3124782E-01,  1.0010677E+03,  6.3689887E+04,3,
  7.7969061E+02,  0.0000000E+00,  2.5063451E+02,2172, -3.2197893E-01,  0.0000000E+00,  3.0885127E-01,  1.0010500E+03,  6.2630766E+04,3,
  7.8328082E+02,  0.0000000E+00,  2.5094940E+02,2266,  7.2160923E-01,  0.0000000E+00, -1.3711161E-02,  1.0006539E+03,  3.8957734E+04,3,
  7.8249695E+02,  0.0000000E+00,  2.5108261E+02,2323,  6.7814201E-01,  0.0000000E+00, -1.2445807E-02,  1.0004476E+03,  2.6647398E+04,3,
  7.8145618E+02,  0.0000000E+00,  2.5079964E+02,2304,  4.7401178E-01,  0.0000000E+00, -1.0724074E-01,  1.0007554E+03,  4.5018363E+04,3,
  7.8045648E+02,  0.0000000E+00,  2.5096596E+02,2237,  9.3677080E-01,  0.0000000E+00, -4.1893402E-01,  1.0004747E+03,  2.8263148E+04,3,
  7.8438843E+02,  0.0000000E+00,  2.5082536E+02,2295,  5.3914934E-01,  0.0000000E+00, -1.3184292E-02,  1.0008224E+03,  4.9021934E+04,3,
  7.8512738E+02,  0.0000000E+00,  2.5105557E+02,2268,  5.6734866E-01,  0.0000000E+00,  2.6271697E-02,  1.0005497E+03,  3.2736943E+04,3,
  7.8587622E+02,  0.0000000E+00,  2.5120627E+02,2314,  6.3011992E-01,  0.0000000E+00,  7.5775050E-02,  1.0004373E+03,  2.6036102E+04,3,
  7.8727771E+02,  0.0000000E+00,  2.5042470E+02,2262,  6.5125692E-01,  0.0000000E+00,  4.5904048E-02,  1.0017856E+03,  1.0673753E+05,3,
  7.8856378E+02,  0.0000000E+00,  2.5116962E+02,2248,  6.2252200E-01,  0.0000000E+00,  1.9720376E-02,  1.0005348E+03,  3.1848576E+04,3,
  7.8936926E+02,  0.0000000E+00,  2.5097823E+02,2339,  5.9991872E-01,  0.0000000E+00,  1.5776634E-02,  1.0006698E+03,  3.9905031E+04,3,
  7.9034644E+02,  0.0000000E+00,  2.5085713E+02,2312,  6.2273788E-01,  0.0000000E+00,  6.4017996E-03,  1.0007766E+03,  4.6279789E+04,3,
  7.9121204E+02,  0.0000000E+00,  2.5107455E+02,2221,  6.0861242E-01,  0.0000000E+00,  6.7615542E-03,  1.0004879E+03,  2.9052924E+04,3,
  7.9192053E+02,  0.0000000E+00,  2.5103670E+02,2217,  5.9445554E-01,  0.0000000E+00,  7.2116554E-03,  1.0005555E+03,  3.3086488E+04,3,
  7.9294769E+02,  0.0000000E+00,  2.5100803E+02,2192,  6.2379503E-01,  0.0000000E+00,  2.2728652E-02,  1.0007481E+03,  4.4580914E+04,3,
  7.9413611E+02,  0.0000000E+00,  2.5051231E+02,2289,  6.0795105E-01,  0.0000000E+00,  3.4296080E-02,  1.0015984E+03,  9.5493836E+04,3,
  7.9528754E+02,  0.0000000E+00,  2.5102818E+02,2168,  6.0291845E-01,  0.0000000E+00,  4.7458846E-02,  1.0007374E+03,  4.3942996E+04,3,
  7.9648529E+02,  0.0000000E+00,  2.5121353E+02,2247,  6.4333224E-01,  0.0000000E+00,  3.3848047E-02,  1.0003848E+03,  2.2907436E+04,3,
  7.9678687E+02,  0.0000000E+00,  2.5093144E+02,2233,  6.1218941E-01,  0.0000000E+00,  3.5700954E-02,  1.0006846E+03,  4.0790477E+04,3,
  7.9784552E+02,  0.0000000E+00,  2.5102965E+02,2227,  6.0489094E-01,  0.0000000E+00,  2.2281509E-02,  1.0005952E+03,  3.5453508E+04,3,
  7.9871387E+02,  0.0000000E+00,  2.5090234E+02,2146,  6.1707562E-01,  0.0000000E+00,  2.0580208E-02,  1.0008324E+03,  4.9616406E+04,3,
  7.9996289E+02,  0.0000000E+00,  2.5057974E+02,2294,  6.0365212E-01,  0.0000000E+00,  1.4860206E-02,  1.0013132E+03,  7.8390391E+04,3,
  8.0091241E+02,  0.0000000E+00,  2.5117223E+02,2150,  5.7444048E-01,  0.0000000E+00,  2.9788200E-02,  1.0005146E+03,  3.0643582E+04,3,
  8.0157080E+02,  0.0000000E+00,  2.5127998E+02,2351,  5.6379575E-01,  0.0000000E+00,  4.1630834E-02,  1.0003923E+03,  2.3351209E+04,3,
  8.0260730E+02,  0.0000000E+00,  2.5110635E+02,2141,  6.1489779E-01,  0.0000000E+00,  4.0323071E-02,  1.0007148E+03,  4.2590754E+04,3,
  8.0359906E+02,  0.0000000E+00,  2.5041006E+02,2144,  5.5866045E-01,  0.0000000E+00,  1.3255551E-02,  1.0017814E+03,  1.0648444E+05,3,
  8.0512488E+02,  0.0000000E+00,  2.5116354E+02,2210,  5.3782314E-01,  0.0000000E+00,  4.3086436E-02,  1.0005165E+03,  3.0760072E+04,3,
  8.0566650E+02,  0.0000000E+00,  2.5099313E+02,2180,  5.3951532E-01,  0.0000000E+00,  4.0196583E-02,  1.0006481E+03,  3.8611625E+04,3,
  8.0648352E+02,  0.0000000E+00,  2.5119083E+02,2216,  5.5839258E-01,  0.0000000E+00,  4.5699317E-02,  1.0003539E+03,  2.1067074E+04,3,
  8.0727435E+02,  0.0000000E+00,  2.5084627E+02,2203,  5.2679694E-01,  0.0000000E+00,  3.7238486E-02,  1.0007563E+03,  4.5069402E+04,3,
  8.0826361E+02,  0.0000000E+00,  2.5095361E+02,2182,  5.3103650E-01,  0.0000000E+00,  2.0331686E-02,  1.0006892E+03,  4.1063777E+04,3,
  8.0890558E+02,  0.0000000E+00,  2.5114096E+02,2333,  5.4226524E-01,  0.0000000E+00,  4.2584620E-02,  1.0006288E+03,  3.7460453E+04,3,
  8.1038013E+02,  0.0000000E+00,  2.5053383E+02,2253,  4.9827230E-01,  0.0000000E+00,  3.1203736E-02,  1.0017259E+03,  1.0315079E+05,3,
  8.1151971E+02,  0.0000000E+00,  2.5087970E+02,2117,  4.9428478E-01,  0.0000000E+00,  9.0236224E-02,  1.0011079E+03,  6.6093414E+04,3,
  8.1273419E+02,  0.0000000E+00,  2.5097482E+02,2194,  5.1332873E-01,  0.0000000E+00,  8.3021283E-02,  1.0007369E+03,  4.3910191E+04,3,
  8.1362927E+02,  0.0000000E+00,  2.5086621E+02,2112,  5.4254985E-01,  0.0000000E+00,  2.5879251E-02,  1.0007562E+03,  4.5062109E+04,3,
  8.1449365E+02,  0.0000000E+00,  2.5113321E+02,2196,  5.9329313E-01,  0.0000000E+00, -6.5412461E-03,  1.0004911E+03,  2.9242188E+04,3,
  8.1529926E+02,  0.0000000E+00,  2.5092439E+02,2143,  5.5121070E-01,  0.0000000E+00, -5.6665588E-02,  1.0007527E+03,  4.4854316E+04,3,
  8.1630914E+02,  0.0000000E+00,  2.5107869E+02,2166,  5.0524938E-01,  0.0000000E+00, -6.3560836E-02,  1.0008773E+03,  5.2301098E+04,3,
  8.1733386E+02,  0.0000000E+00,  2.5053247E+02,2252,  4.6100190E-01,  0.0000000E+00,  2.5515966E-02,  1.0016262E+03,  9.7164750E+04,3,
  8.1899365E+02,  0.0000000E+00,  2.5095067E+02,2215,  7.1645951E-01,  0.0000000E+00,  6.0059324E-02,  1.0004916E+03,  2.9274945E+04,3,
  8.1976196E+02,  0.0000000E+00,  2.5106937E+02,2259,  4.5116365E-01,  0.0000000E+00,  1.5167305E-01,  1.0005265E+03,  3.1353455E+04,3,
  8.2007495E+02,  0.0000000E+00,  2.5096399E+02,2232,  3.4161133E-01,  0.0000000E+00,  1.3289320E-01,  1.0006752E+03,  4.0229320E+04,3,
  8.2045642E+02,  0.0000000E+00,  2.5116490E+02,2183,  5.1960468E-01,  0.0000000E+00,  2.7601546E-01,  1.0007007E+03,  4.1748883E+04,3,
  9.4538025E+02,  0.0000000E+00,  2.5027400E+02,2134,  5.7919035E+00,  0.0000000E+00,  3.5270694E-01,  1.0070630E+03,  4.2895838E+05,3,
  9.4515417E+02,  0.0000000E+00,  2.5016989E+02,2078,  3.7610393E+00,  0.0000000E+00, -9.2169183E-01,  1.0079842E+03,  4.8624700E+05,3,
  9.4624744E+02,  0.0000000E+00,  2.5031668E+02,2139,  6.3534074E+00,  0.0000000E+00, -3.6877325E-01,  9.9449554E+02, -3.2192838E+05,3,
  9.4269287E+02,  0.0000000E+00,  2.5120549E+02,2108,  3.1663263E+00,  0.0000000E+00, -2.4354565E+00,  9.9112219E+02, -5.1400375E+05,3,
  9.4968634E+02,  0.0000000E+00,  2.5109186E+02,2175,  5.2415652E+00,  0.0000000E+00, -2.1885636E+00,  9.9525067E+02, -2.7839359E+05,3,
  9.5255261E+02,  0.0000000E+00,  2.5108371E+02,2030,  3.5632782E+00,  0.0000000E+00,  2.4973513E-01,  1.0004832E+03,  2.8769033E+04,3,
  9.5265887E+02,  0.0000000E+00,  2.5113617E+02,2059,  5.4837747E+00,  0.0000000E+00, -6.4679062E-01,  1.0031700E+03,  1.9028261E+05,3,
  9.5243188E+02,  0.0000000E+00,  2.5076039E+02,2115,  4.2774792E+00,  0.0000000E+00,  8.1445712E-01,  9.9753351E+02, -1.4557183E+05,3,
  9.7677789E+02,  0.0000000E+00,  2.5116379E+02,2099,  7.4890227E+00,  0.0000000E+00, -1.6494440E-01,  9.9635504E+02, -2.1436625E+05,3,
  9.7745917E+02,  0.0000000E+00,  2.5034088E+02,2140,  7.2588983E+00,  0.0000000E+00, -1.2804078E+00,  1.0033820E+03,  2.0313969E+05,3,
  9.7841980E+02,  0.0000000E+00,  2.5087639E+02,2097,  9.2268963E+00,  0.0000000E+00, -2.1008375E+00,  1.0039858E+03,  2.3983884E+05,3,
  9.8216559E+02,  0.0000000E+00,  2.4891331E+02,2145,  2.8628809E+00,  0.0000000E+00,  3.1112367E-01,  1.0035414E+03,  2.1281730E+05,3,
  9.8180841E+02,  0.0000000E+00,  2.4874078E+02,2080,  5.0483289E+00,  0.0000000E+00, -2.4860103E+00,  9.9497803E+02, -2.9413500E+05,3,
  9.8195636E+02,  0.0000000E+00,  2.4861012E+02,2085,  4.7377944E+00,  0.0000000E+00, -3.2555602E+00,  9.9086884E+02, -5.2827206E+05,3,
  9.8232452E+02,  0.0000000E+00,  2.4815561E+02,2088,  4.7861409E+00,  0.0000000E+00, -3.0818570E+00,  1.0057047E+03,  3.4505091E+05,3,
  9.8257623E+02,  0.0000000E+00,  2.4849675E+02,2126,  5.6395063E+00,  0.0000000E+00,  3.5053375E-01,  9.9868860E+02, -7.7667133E+04,3,
  1.0652319E+03,  0.0000000E+00,  2.4904382E+02,2073,  6.9701815E+00,  0.0000000E+00, -1.7503212E-01,  1.0000022E+03,  1.3064575E+02,3,
  1.0653822E+03,  0.0000000E+00,  2.4898451E+02,2058,  6.9972482E+00,  0.0000000E+00,  2.4910609E-01,  9.9999774E+02, -1.3427301E+02,3,
  1.0660872E+03,  0.0000000E+00,  2.4920433E+02,2067,  6.9090786E+00,  0.0000000E+00,  3.4811932E-01,  1.0012682E+03,  7.5695023E+04,3,
  1.0661965E+03,  0.0000000E+00,  2.4892099E+02,2079,  7.4123883E+00,  0.0000000E+00, -1.2666635E-01,  9.9943542E+02, -3.3511680E+04,3,
  1.0667502E+03,  0.0000000E+00,  2.4910269E+02,2098,  6.6579037E+00,  0.0000000E+00,  1.0673236E+00,  9.9908582E+02, -5.4206688E+04,3,
  1.0694178E+03,  0.0000000E+00,  2.4878351E+02,2110,  6.9391870E+00,  0.0000000E+00, -5.5973195E-02,  1.0003936E+03,  2.3431236E+04,3,
  1.0701384E+03,  0.0000000E+00,  2.4898830E+02,2082,  6.8386106E+00,  0.0000000E+00, -2.9307991E-01,  9.9948718E+02, -3.0444199E+04,3,
  1.0706848E+03,  0.0000000E+00,  2.4978424E+02,2055,  6.9203372E+00,  0.0000000E+00,  2.2713089E-01,  1.0007665E+03,  4.5678223E+04,3,
  1.0716241E+03,  0.0000000E+00,  2.4899586E+02,2071,  6.9000950E+00,  0.0000000E+00,  5.6649220E-01,  9.9971405E+02, -1.6987404E+04,3,
  1.0717765E+03,  0.0000000E+00,  2.4906636E+02,2086,  6.7858634E+00,  0.0000000E+00, -1.6998652E-01,  9.9981696E+02, -1.0877471E+04,3,
  1.0720443E+03,  0.0000000E+00,  2.4925412E+02,2100,  6.7612882E+00,  0.0000000E+00,  6.7774510E-01,  9.9993793E+02, -3.6900310E+03,3,
  1.1154882E+03,  0.0000000E+00,  2.4889339E+02,2034,  6.3596377E+00,  0.0000000E+00, -2.8195667E-01,  9.9995148E+02, -2.8846548E+03,3,
  1.1157439E+03,  0.0000000E+00,  2.4896529E+02,2087,  6.2855721E+00,  0.0000000E+00,  3.5130528E-01,  9.9995502E+02, -2.6742305E+03,3,
  1.1158126E+03,  0.0000000E+00,  2.4905128E+02,2065,  6.3002210E+00,  0.0000000E+00, -2.5147218E-01,  1.0000627E+03,  3.7313398E+03,3,
  1.1163754E+03,  0.0000000E+00,  2.4932335E+02,2053,  6.3255520E+00,  0.0000000E+00, -1.2361729E-01,  1.0007085E+03,  4.2215363E+04,3,
  1.1174366E+03,  0.0000000E+00,  2.4904898E+02,2081,  6.3948331E+00,  0.0000000E+00,  1.1067453E-01,  9.9920416E+02, -4.7206031E+04,3,
  1.1188473E+03,  0.0000000E+00,  2.4913934E+02,2068,  6.3339148E+00,  0.0000000E+00, -2.9252555E-02,  1.0006076E+03,  3.6192863E+04,3,
  1.1200187E+03,  0.0000000E+00,  2.4903677E+02,2066,  6.2639179E+00,  0.0000000E+00, -2.2976840E-01,  9.9899738E+02, -5.9434980E+04,3,
  1.1213206E+03,  0.0000000E+00,  2.4934380E+02,2062,  6.3618245E+00,  0.0000000E+00, -1.4932008E-01,  1.0009257E+03,  5.5190867E+04,3,
  1.1217488E+03,  0.0000000E+00,  2.4899008E+02,2046,  6.3555241E+00,  0.0000000E+00,  7.7660508E-02,  9.9997925E+02, -1.2337916E+03,3,
  1.1217695E+03,  0.0000000E+00,  2.4902408E+02,2056,  6.3368206E+00,  0.0000000E+00, -1.9768085E-01,  1.0000049E+03,  2.9032623E+02,3,
  1.1222150E+03,  0.0000000E+00,  2.4896365E+02,2091,  6.3454170E+00,  0.0000000E+00, -4.4026427E-02,  9.9992072E+02, -4.7129824E+03,3,
  1.1866001E+03,  0.0000000E+00,  2.4903717E+02,2050,  6.6010189E+00,  0.0000000E+00, -1.1045462E-01,  9.9990631E+02, -5.5689878E+03,3,
  1.1867338E+03,  0.0000000E+00,  2.4908493E+02,2057,  6.6088495E+00,  0.0000000E+00,  1.1910239E-01,  9.9987537E+02, -7.4076987E+03,3,
  1.1868149E+03,  0.0000000E+00,  2.4907491E+02,2037,  6.6329246E+00,  0.0000000E+00,  2.9431522E-01,  9.9978424E+02, -1.2820303E+04,3,
  1.1868738E+03,  0.0000000E+00,  2.4904756E+02,2077,  6.5945420E+00,  0.0000000E+00,  5.7586595E-02,  9.9974554E+02, -1.5117860E+04,3,
  1.1887402E+03,  0.0000000E+00,  2.4914076E+02,2036,  6.5636983E+00,  0.0000000E+00,  1.0029592E-01,  1.0006722E+03,  4.0050777E+04,3,
  1.1900973E+03,  0.0000000E+00,  2.4900327E+02,2049,  6.6122441E+00,  0.0000000E+00, -6.3002063E-03,  9.9903857E+02, -5.6999785E+04,3,
  1.1914324E+03,  0.0000000E+00,  2.4921422E+02,2041,  6.5892010E+00,  0.0000000E+00, -4.5697045E-02,  1.0005898E+03,  3.5133016E+04,3,
  1.1917552E+03,  0.0000000E+00,  2.4899582E+02,2074,  6.6033344E+00,  0.0000000E+00, -5.8344528E-02,  1.0001022E+03,  6.0768501E+03,3,
  1.1920153E+03,  0.0000000E+00,  2.4902411E+02,2063,  6.5899682E+00,  0.0000000E+00, -1.5277740E-03,  9.9998981E+02, -6.0602863E+02,3,
  1.1923895E+03,  0.0000000E+00,  2.4893440E+02,2033,  6.5862913E+00,  0.0000000E+00, -2.2221266E-01,  9.9992450E+02, -4.4880869E+03,3,
  1.2747811E+03,  0.0000000E+00,  2.4896928E+02,2052,  6.9373732E+00,  0.0000000E+00,  2.8004104E-01,  9.9995764E+02, -2.5182231E+03,3,
  1.2749998E+03,  0.0000000E+00,  2.4901825E+02,2035,  6.9206567E+00,  0.0000000E+00,  8.5842445E-02,  9.9998267E+02, -1.0305895E+03,3,
  1.2750183E+03,  0.0000000E+00,  2.4902795E+02,2031,  6.9464140E+00,  0.0000000E+00,  3.2644707E-01,  9.9998999E+02, -5.9514221E+02,3,
  1.2755884E+03,  0.0000000E+00,  2.4904845E+02,2029,  6.9215541E+00,  0.0000000E+00,  2.1794358E-01,  9.9997455E+02, -1.5131879E+03,3,
  1.2776801E+03,  0.0000000E+00,  2.4898221E+02,2060,  6.9305449E+00,  0.0000000E+00,  3.7270403E-01,  9.9968597E+02, -1.8653752E+04,3,
  1.2778607E+03,  0.0000000E+00,  2.4905797E+02,2069,  6.8756900E+00,  0.0000000E+00,  1.3364126E-01,  9.9971387E+02, -1.6998271E+04,3,
  1.2792522E+03,  0.0000000E+00,  2.4945291E+02,2043,  6.9692125E+00,  0.0000000E+00, -1.1247918E-01,  1.0012009E+03,  7.1658812E+04,3,
  1.2805955E+03,  0.0000000E+00,  2.4904744E+02,2038,  6.9682512E+00,  0.0000000E+00, -7.7967331E-02,  9.9878503E+02, -7.1976594E+04,3,
  1.2807122E+03,  0.0000000E+00,  2.4907288E+02,2040,  7.0080562E+00,  0.0000000E+00, -3.9178279E-01,  9.9989252E+02, -6.3886523E+03,3,
  1.2808115E+03,  0.0000000E+00,  2.4907231E+02,2042,  6.9053864E+00,  0.0000000E+00, -2.5905192E-01,  9.9976257E+02, -1.4106855E+04,3,
  1.2820134E+03,  0.0000000E+00,  2.4904218E+02,2045,  6.9533234E+00,  0.0000000E+00, -1.5134391E-02,  1.0003011E+03,  1.7918158E+04,3,
  1.2847007E+03,  0.0000000E+00,  2.4910954E+02,2051,  6.9593287E+00,  0.0000000E+00, -4.0434103E-02,  1.0000225E+03,  1.3392007E+03,3,
  1.2849141E+03,  0.0000000E+00,  2.4906398E+02,2054,  6.9607329E+00,  0.0000000E+00, -4.3934662E-02,  1.0000358E+03,  2.1304666E+03,3,
  1.2850535E+03,  0.0000000E+00,  2.4905980E+02,2044,  6.9656706E+00,  0.0000000E+00,  2.1871407E-02,  1.0001829E+03,  1.0882158E+04,3,
  1.2863738E+03,  0.0000000E+00,  2.4910199E+02,2047,  6.9695210E+00,  0.0000000E+00,  1.9039869E-01,  9.9901208E+02, -5.8565594E+04,3,
  1.2878351E+03,  0.0000000E+00,  2.4920001E+02,2039,  6.9621415E+00,  0.0000000E+00,  1.7780900E-01,  1.0004822E+03,  2.8710801E+04,3,
  1.2882834E+03,  0.0000000E+00,  2.4904515E+02,2048,  6.9513879E+00,  0.0000000E+00,  2.6746437E-01,  1.0001270E+03,  7.5548789E+03,3,
  1.2883302E+03,  0.0000000E+00,  2.4911745E+02,2061,  6.9463124E+00,  0.0000000E+00,  2.2702506E-01,  1.0001099E+03,  6.5343979E+03,3,
  1.2884274E+03,  0.0000000E+00,  2.4904346E+02,2064,  6.9484410E+00,  0.0000000E+00,  1.5580735E-01,  1.0000624E+03,  3.7131880E+03,3,
  1.9297881E+02,  0.0000000E+00,  2.5754651E+02,3119,  9.8476535E-01,  0.0000000E+00, -8.0285388E-01,  1.0009238E+03,  5.5077742E+04,3,
  1.9269489E+02,  0.0000000E+00,  2.5774768E+02,3376,  4.1668424E-01,  0.0000000E+00, -6.4802927E-01,  9.9983014E+02, -1.0094432E+04,3,
  1.9241548E+02,  0.0000000E+00,  2.5701614E+02,3385,  3.4762469E-01,  0.0000000E+00, -4.6665436E-01,  1.0003621E+03,  2.1550773E+04,3,
  1.9274033E+02,  0.0000000E+00,  2.5736914E+02,3357,  3.5881203E-02,  0.0000000E+00,  3.0154377E-01,  9.9912280E+02, -5.2019293E+04,3,
  1.9724493E+02,  0.0000000E+00,  2.5785968E+02,3378,  8.3901113E-01,  0.0000000E+00, -2.3312004E-01,  9.9995874E+02, -2.4529172E+03,3,
  1.9551170E+02,  0.0000000E+00,  2.5686871E+02,3367, -1.3829899E-01,  0.0000000E+00, -1.2194635E+00,  1.0011442E+03,  6.8267312E+04,3,
  1.9916141E+02,  0.0000000E+00,  2.5728363E+02,3010,  4.7501928E-01,  0.0000000E+00,  2.1444727E-01,  1.0009574E+03,  5.7088645E+04,3,
  1.9593286E+02,  0.0000000E+00,  2.5699179E+02,3377, -1.8719903E+00,  0.0000000E+00, -2.5384629E+00,  9.9914740E+02, -5.0564367E+04,3,
  1.9898396E+02,  0.0000000E+00,  2.5697379E+02,3019,  7.5996768E-01,  0.0000000E+00,  1.4471782E+00,  1.0010924E+03,  6.5165539E+04,3,
  2.0056369E+02,  0.0000000E+00,  2.5730652E+02,3320, -1.5650317E-01,  0.0000000E+00,  9.3693936E-01,  9.9613324E+02, -2.2725972E+05,3,
  2.0138994E+02,  0.0000000E+00,  2.5648135E+02,3358,  7.0312279E-01,  0.0000000E+00,  2.0685844E-01,  1.0011000E+03,  6.5622156E+04,3,
  2.0441444E+02,  0.0000000E+00,  2.5682086E+02,3291,  1.7161632E-01,  0.0000000E+00, -8.5147029E-01,  1.0017623E+03,  1.0534009E+05,3,
  2.0510143E+02,  0.0000000E+00,  2.5710443E+02,3255,  5.6233966E-01,  0.0000000E+00,  1.4077994E-01,  9.9513208E+02, -2.8524378E+05,3,
  2.0571164E+02,  0.0000000E+00,  2.5672537E+02,3101, -7.7825469E-01,  0.0000000E+00, -3.9083925E-01,  1.0007173E+03,  4.2740184E+04,3,
  2.0350371E+02,  0.0000000E+00,  2.5744000E+02,3283,  1.0765872E+00,  0.0000000E+00, -2.9174507E-01,  1.0026638E+03,  1.5965653E+05,3,
  2.0072371E+02,  0.0000000E+00,  2.5764246E+02,3110,  3.8039869E-01,  0.0000000E+00,  2.3620383E-01,  1.0014244E+03,  8.5056969E+04,3,
  2.0280345E+02,  0.0000000E+00,  2.5814581E+02,3339, -1.9784743E-01,  0.0000000E+00,  1.7318645E-01,  1.0003144E+03,  1.8710748E+04,3,
  2.0757840E+02,  0.0000000E+00,  2.5722394E+02,3282,  9.8032606E-01,  0.0000000E+00, -1.8004374E-01,  1.0068801E+03,  4.1761922E+05,3,
  2.0765289E+02,  0.0000000E+00,  2.5751047E+02,3146,  2.1782222E-01,  0.0000000E+00,  1.9899899E-01,  9.9835956E+02, -9.7058602E+04,3,
  2.0774783E+02,  0.0000000E+00,  2.5741251E+02,3201, -2.6130730E-01,  0.0000000E+00, -4.6418336E-01,  1.0007131E+03,  4.2488703E+04,3,
  2.1181972E+02,  0.0000000E+00,  2.5679010E+02,3351, -5.4740345E-01,  0.0000000E+00,  2.1171927E+00,  1.0034453E+03,  2.0698073E+05,3,
  2.0966432E+02,  0.0000000E+00,  2.5751172E+02,3359,  8.0441438E-02,  0.0000000E+00, -3.8413730E-02,  9.9676123E+02, -1.9070956E+05,3,
  2.1259390E+02,  0.0000000E+00,  2.5739096E+02,3360,  1.3635380E+00,  0.0000000E+00,  1.4185326E+00,  9.9953290E+02, -2.7734039E+04,3,
  2.1022629E+02,  0.0000000E+00,  2.5670303E+02,3369,  3.9606488E-01,  0.0000000E+00,  2.1087661E-02,  1.0023223E+03,  1.3904650E+05,3,
  2.1384274E+02,  0.0000000E+00,  2.5735693E+02,2992,  3.1992054E-01,  0.0000000E+00,  9.2854297E-01,  9.9942322E+02, -3.4235000E+04,3,
  2.1424904E+02,  0.0000000E+00,  2.5712881E+02,3001,  3.4662157E-02,  0.0000000E+00, -2.3671517E-01,  1.0006646E+03,  3.9595328E+04,3,
  2.1501440E+02,  0.0000000E+00,  2.5714365E+02,3329,  2.3663409E-02,  0.0000000E+00, -7.1097121E-02,  9.9939117E+02, -3.6133473E+04,3,
  2.1638322E+02,  0.0000000E+00,  2.5731396E+02,3273,  3.8749936E-01,  0.0000000E+00, -5.3232509E-01,  1.0007502E+03,  4.4704855E+04,3,
  2.1724435E+02,  0.0000000E+00,  2.5708722E+02,3266,  5.0540900E-01,  0.0000000E+00, -3.8789535E-01,  1.0023947E+03,  1.4340811E+05,3,
  2.1768140E+02,  0.0000000E+00,  2.5698795E+02,3083,  3.7989500E-01,  0.0000000E+00, -5.4659349E-01,  9.9960840E+02, -2.3256488E+04,3,
  2.1835249E+02,  0.0000000E+00,  2.5654816E+02,3321,  5.5572486E-01,  0.0000000E+00, -7.0477431E-03,  9.9926929E+02, -4.3351562E+04,3,
  2.1945094E+02,  0.0000000E+00,  2.5614270E+02,3128, -6.2095779E-01,  0.0000000E+00, -1.6104546E+00,  9.9999652E+02, -2.0685226E+02,3,
  2.1995053E+02,  0.0000000E+00,  2.5462074E+02,3306,  1.3102986E-01,  0.0000000E+00, -8.5625988E-01,  1.0011059E+03,  6.5972859E+04,3,
  2.2211847E+02,  0.0000000E+00,  2.5695264E+02,3340,  9.6131164E-01,  0.0000000E+00, -8.8705182E-01,  1.0002778E+03,  1.6529461E+04,3,
  2.2112691E+02,  0.0000000E+00,  2.5512575E+02,3264,  1.2520987E-02,  0.0000000E+00,  3.1669773E-02,  1.0003113E+03,  1.8528955E+04,3,
  2.2330124E+02,  0.0000000E+00,  2.5721924E+02,3349,  1.0810279E+00,  0.0000000E+00, -4.7732648E-01,  1.0002106E+03,  1.2528048E+04,3,
  2.2146080E+02,  0.0000000E+00,  2.5486853E+02,2983,  2.3824304E-01,  0.0000000E+00, -1.5943444E-01,  1.0013863E+03,  8.2769633E+04,3,
  2.2443393E+02,  0.0000000E+00,  2.5699896E+02,2974,  9.9385345E-01,  0.0000000E+00, -7.0535228E-02,  1.0000834E+03,  4.9621191E+03,3,
  2.2473137E+02,  0.0000000E+00,  2.5483516E+02,3219,  2.8270826E-01,  0.0000000E+00, -6.0478973E-01,  1.0024347E+03,  1.4582345E+05,3,
  2.2676085E+02,  0.0000000E+00,  2.5711392E+02,3238,  1.9461909E-01,  0.0000000E+00, -3.2763296E-01,  1.0002712E+03,  1.6140516E+04,3,
  2.2379887E+02,  0.0000000E+00,  2.5501369E+02,3265,  2.8730206E-02,  0.0000000E+00, -7.0469713E-01,  9.9891479E+02, -6.4314375E+04,3,
  2.2600737E+02,  0.0000000E+00,  2.5481012E+02,3257, -8.8248201E-02,  0.0000000E+00, -5.3360492E-01,  9.9966931E+02, -1.9642562E+04,3,
  2.2704398E+02,  0.0000000E+00,  2.5477983E+02,3147,  1.3445877E-01,  0.0000000E+00, -1.6665889E-01,  1.0007453E+03,  4.4413227E+04,3,
  2.2704991E+02,  0.0000000E+00,  2.5767709E+02,3331,  3.6191928E-01,  0.0000000E+00, -4.0538767E-01,  1.0001789E+03,  1.0642382E+04,3,
  2.2793256E+02,  0.0000000E+00,  2.5507724E+02,3256,  8.9865334E-02,  0.0000000E+00,  1.0593636E-01,  1.0002624E+03,  1.5613464E+04,3,
  2.2875488E+02,  0.0000000E+00,  2.5734207E+02,2956,  1.0987395E+00,  0.0000000E+00, -7.3488486E-01,  1.0002578E+03,  1.5340862E+04,3,
  2.2964679E+02,  0.0000000E+00,  2.5461584E+02,3350,  6.6452533E-01,  0.0000000E+00,  2.5424196E-03,  1.0011290E+03,  6.7357508E+04,3,
  2.3094061E+02,  0.0000000E+00,  2.5523260E+02,3311,  6.5021372E-01,  0.0000000E+00, -3.7560135E-01,  1.0003710E+03,  2.2081775E+04,3,
  2.3205963E+02,  0.0000000E+00,  2.5748294E+02,3074,  7.4016899E-01,  0.0000000E+00, -2.5510463E-01,  1.0001205E+03,  7.1699165E+03,3,
  2.3222710E+02,  0.0000000E+00,  2.5464378E+02,3313,  3.9519164E-01,  0.0000000E+00, -3.2127222E-01,  1.0010638E+03,  6.3452488E+04,3,
  2.3329596E+02,  0.0000000E+00,  2.5752960E+02,3293,  7.6502848E-01,  0.0000000E+00, -3.4279749E-01,  1.0001309E+03,  7.7836846E+03,3,
  2.3364012E+02,  0.0000000E+00,  2.5509599E+02,3228,  5.4437160E-01,  0.0000000E+00, -2.7399808E-01,  1.0003481E+03,  2.0721590E+04,3,
  2.3051755E+02,  0.0000000E+00,  2.5730139E+02,3292,  8.9664549E-01,  0.0000000E+00, -3.3225700E-01,  1.0001603E+03,  9.5344033E+03,3,
  2.3467447E+02,  0.0000000E+00,  2.5757370E+02,3156,  9.7486132E-01,  0.0000000E+00, -4.3118751E-01,  1.0001343E+03,  7.9870718E+03,3,
  2.3452438E+02,  0.0000000E+00,  2.5496298E+02,2965,  5.6751561E-01,  0.0000000E+00, -1.3063285E-01,  1.0006200E+03,  3.6932273E+04,3,
  2.3609921E+02,  0.0000000E+00,  2.5785458E+02,3341,  1.0563734E+00,  0.0000000E+00, -4.4444200E-01,  1.0001602E+03,  9.5271377E+03,3,
  2.3584843E+02,  0.0000000E+00,  2.5463499E+02,3323,  6.1188394E-01,  0.0000000E+00,  1.4876758E-02,  1.0011005E+03,  6.5647727E+04,3,
  2.3759943E+02,  0.0000000E+00,  2.5797733E+02,3342,  1.1537489E+00,  0.0000000E+00, -4.1575691E-01,  1.0001750E+03,  1.0413511E+04,3,
  2.3724757E+02,  0.0000000E+00,  2.5501852E+02,2938,  8.2595778E-01,  0.0000000E+00,  4.9962651E-02,  1.0005411E+03,  3.2223574E+04,3,
  2.3823650E+02,  0.0000000E+00,  2.5504503E+02,3220,  8.7591809E-01,  0.0000000E+00, -1.2659533E-02,  1.0004258E+03,  2.5348438E+04,3,
  2.3899489E+02,  0.0000000E+00,  2.5773502E+02,3301,  1.3630999E+00,  0.0000000E+00, -3.2925272E-01,  1.0001632E+03,  9.7087656E+03,3,
  2.3920078E+02,  0.0000000E+00,  2.5488947E+02,3202,  9.0867573E-01,  0.0000000E+00, -6.4685889E-02,  1.0006639E+03,  3.9551605E+04,3,
  2.4028835E+02,  0.0000000E+00,  2.5802719E+02,3333,  1.5144042E+00,  0.0000000E+00, -2.4676396E-01,  1.0001678E+03,  9.9812129E+03,3,
  2.4019244E+02,  0.0000000E+00,  2.5506812E+02,3285,  9.0305120E-01,  0.0000000E+00, -9.9458508E-02,  1.0004307E+03,  2.5643145E+04,3,
  2.4126968E+02,  0.0000000E+00,  2.5479314E+02,3174,  8.8629138E-01,  0.0000000E+00, -9.3338668E-02,  1.0007557E+03,  4.5032945E+04,3,
  2.4171860E+02,  0.0000000E+00,  2.5810889E+02,3314,  1.5522493E+00,  0.0000000E+00, -1.2326911E-02,  1.0001569E+03,  9.3346162E+03,3,
  2.4248795E+02,  0.0000000E+00,  2.5486246E+02,3137,  8.2004589E-01,  0.0000000E+00, -1.2028191E-02,  1.0006173E+03,  3.6772000E+04,3,
  2.4274237E+02,  0.0000000E+00,  2.5762421E+02,3294,  1.5064746E+00,  0.0000000E+00,  1.9473998E-01,  1.0001417E+03,  8.4265469E+03,3,
  2.4357487E+02,  0.0000000E+00,  2.5490630E+02,2929,  6.9920266E-01,  0.0000000E+00,  5.6029029E-02,  1.0006688E+03,  3.9843090E+04,3,
  2.4383890E+02,  0.0000000E+00,  2.5792258E+02,3324,  1.5114887E+00,  0.0000000E+00,  3.8094848E-01,  1.0001528E+03,  9.0876133E+03,3,
  2.4453893E+02,  0.0000000E+00,  2.5506863E+02,3047,  8.3407891E-01,  0.0000000E+00,  8.7199353E-02,  1.0005723E+03,  3.4084207E+04,3,
  2.4577818E+02,  0.0000000E+00,  2.5746826E+02,3322,  9.5867449E-01,  0.0000000E+00,  6.3638967E-01,  1.0001534E+03,  9.1275693E+03,3,
  2.4574034E+02,  0.0000000E+00,  2.5506262E+02,2911,  8.9686018E-01,  0.0000000E+00, -2.1011427E-02,  1.0007167E+03,  4.2703738E+04,3,
  2.4696176E+02,  0.0000000E+00,  2.5491942E+02,3229,  8.3549130E-01,  0.0000000E+00, -1.9044721E-01,  1.0006430E+03,  3.8305605E+04,3,
  2.4759181E+02,  0.0000000E+00,  2.5692282E+02,3248,  4.6121442E-01,  0.0000000E+00,  3.9958045E-01,  1.0002233E+03,  1.3287502E+04,3,
  2.4825935E+02,  0.0000000E+00,  2.5449976E+02,3138,  6.6100001E-01,  0.0000000E+00, -2.8401837E-01,  1.0006007E+03,  3.5781293E+04,3,
  2.4929744E+02,  0.0000000E+00,  2.5400967E+02,3065,  4.7454855E-01,  0.0000000E+00, -3.4227556E-01,  1.0005279E+03,  3.1437188E+04,3,
  2.4867879E+02,  0.0000000E+00,  2.5732159E+02,3312,  3.4871352E-01,  0.0000000E+00,  2.5494346E-01,  1.0002160E+03,  1.2851444E+04,3,
  2.4969830E+02,  0.0000000E+00,  2.5741687E+02,3332,  3.8125187E-01,  0.0000000E+00,  1.3555327E-01,  1.0002617E+03,  1.5569848E+04,3,
  2.4978143E+02,  0.0000000E+00,  2.5266475E+02,3144,  2.0845433E-01,  0.0000000E+00, -1.5166184E-01,  1.0014413E+03,  8.6067219E+04,3,
  2.5097795E+02,  0.0000000E+00,  2.5709030E+02,2947,  3.6466381E-01,  0.0000000E+00,  3.3826165E-02,  1.0003391E+03,  2.0179750E+04,3,
  2.5199309E+02,  0.0000000E+00,  2.5681589E+02,3192,  3.1295860E-01,  0.0000000E+00,  7.3097018E-03,  1.0003794E+03,  2.2583711E+04,3,
  2.5165251E+02,  0.0000000E+00,  2.5300891E+02,3193,  6.5180790E-01,  0.0000000E+00,  3.8374726E-02,  1.0008593E+03,  5.1221297E+04,3,
  2.5315387E+02,  0.0000000E+00,  2.5690173E+02,3302,  3.3766767E-01,  0.0000000E+00,  4.1471984E-02,  1.0002834E+03,  1.6863895E+04,3,
  2.5296031E+02,  0.0000000E+00,  2.5278775E+02,2902,  4.5587888E-01,  0.0000000E+00,  1.0005604E-02,  1.0012254E+03,  7.3128328E+04,3,
  2.5380156E+02,  0.0000000E+00,  2.5576936E+02,3038,  2.4890119E-01,  0.0000000E+00, -5.3485647E-02,  1.0004474E+03,  2.6636482E+04,3,
  2.5406187E+02,  0.0000000E+00,  2.5296672E+02,3166,  4.4758677E-01,  0.0000000E+00, -1.6381625E-02,  1.0008088E+03,  4.8205043E+04,3,
  2.5059354E+02,  0.0000000E+00,  2.5278645E+02,3269,  2.1770526E-01,  0.0000000E+00, -4.5377348E-02,  1.0010723E+03,  6.3960164E+04,3,
  2.5495982E+02,  0.0000000E+00,  2.5303844E+02,3120,  4.5009440E-01,  0.0000000E+00, -2.2698253E-02,  1.0006528E+03,  3.8892152E+04,3,
  2.5496632E+02,  0.0000000E+00,  2.5709595E+02,3284,  3.1552586E-01,  0.0000000E+00,  5.4716874E-02,  1.0002445E+03,  1.4548542E+04,3,
  2.5573787E+02,  0.0000000E+00,  2.5304034E+02,3002,  4.3510753E-01,  0.0000000E+00, -1.6061021E-02,  1.0006727E+03,  4.0079930E+04,3,
  2.5597832E+02,  0.0000000E+00,  2.5655927E+02,3210,  2.8401640E-01,  0.0000000E+00,  6.2238414E-02,  1.0003269E+03,  1.9456131E+04,3,
  2.5679620E+02,  0.0000000E+00,  2.5289362E+02,3211,  4.4245142E-01,  0.0000000E+00, -1.1856247E-03,  1.0009817E+03,  5.8541418E+04,3,
  2.5819659E+02,  0.0000000E+00,  2.5714392E+02,3315,  2.3379424E-01,  0.0000000E+00,  6.2410895E-02,  1.0002372E+03,  1.4112430E+04,3,
  2.5704108E+02,  0.0000000E+00,  2.5648007E+02,3029,  2.5591195E-01,  0.0000000E+00,  6.6948541E-02,  1.0003376E+03,  2.0092477E+04,3,
  2.5796152E+02,  0.0000000E+00,  2.5265590E+02,2893,  4.3062994E-01,  0.0000000E+00, -8.7213889E-03,  1.0013685E+03,  8.1704828E+04,3,
  2.5877420E+02,  0.0000000E+00,  2.5586598E+02,3184,  2.4748319E-01,  0.0000000E+00,  2.8022423E-02,  1.0003586E+03,  2.1347107E+04,3,
  2.5990103E+02,  0.0000000E+00,  2.5703516E+02,3303,  2.3112322E-01,  0.0000000E+00,  4.5353007E-02,  1.0002488E+03,  1.4806584E+04,3,
  2.5911026E+02,  0.0000000E+00,  2.5291133E+02,3056,  4.3375179E-01,  0.0000000E+00, -2.3579255E-03,  1.0009165E+03,  5.4643496E+04,3,
  2.6103348E+02,  0.0000000E+00,  2.5603757E+02,3129,  2.2200410E-01,  0.0000000E+00,  2.9494831E-02,  1.0003691E+03,  2.1972664E+04,3,
  2.6014487E+02,  0.0000000E+00,  2.5293813E+02,3092,  4.3847567E-01,  0.0000000E+00, -7.3043453E-03,  1.0007736E+03,  4.6104781E+04,3,
  2.6097922E+02,  0.0000000E+00,  2.5309317E+02,3084,  4.0867889E-01,  0.0000000E+00, -6.0445499E-03,  1.0006252E+03,  3.7241895E+04,3,
  2.6199603E+02,  0.0000000E+00,  2.5281876E+02,2875,  3.8819081E-01,  0.0000000E+00, -1.1882885E-02,  1.0010739E+03,  6.4055125E+04,3,
  2.6179010E+02,  0.0000000E+00,  2.5687238E+02,2920,  2.2164534E-01,  0.0000000E+00,  4.6763200E-02,  1.0002676E+03,  1.5926057E+04,3,
  2.6302274E+02,  0.0000000E+00,  2.5695450E+02,3276,  2.1345086E-01,  0.0000000E+00,  4.4933535E-02,  1.0002615E+03,  1.5558943E+04,3,
  2.6325742E+02,  0.0000000E+00,  2.5263605E+02,3252,  4.0273464E-01,  0.0000000E+00, -5.9503373E-03,  1.0014650E+03,  8.7491266E+04,3,
  2.6385373E+02,  0.0000000E+00,  2.5599619E+02,3167,  1.8613300E-01,  0.0000000E+00,  7.3935136E-02,  1.0003141E+03,  1.8696203E+04,3,
  2.6434174E+02,  0.0000000E+00,  2.5308501E+02,3239,  4.0283957E-01,  0.0000000E+00,  2.1232510E-02,  1.0008551E+03,  5.0973250E+04,3,
  2.6476059E+02,  0.0000000E+00,  2.5701773E+02,3304,  2.2482155E-01,  0.0000000E+00,  3.3807658E-02,  1.0002554E+03,  1.5199112E+04,3,
  2.6590585E+02,  0.0000000E+00,  2.5647104E+02,3020,  2.0665962E-01,  0.0000000E+00,  2.0309038E-02,  1.0003237E+03,  1.9267053E+04,3,
  2.6547989E+02,  0.0000000E+00,  2.5273386E+02,3232,  3.4993818E-01,  0.0000000E+00, -6.9441349E-04,  1.0012542E+03,  7.4850352E+04,3,
  2.6754456E+02,  0.0000000E+00,  2.5605438E+02,3165,  1.8736927E-01,  0.0000000E+00,  7.6229677E-02,  1.0003091E+03,  1.8398066E+04,3,
  2.6735004E+02,  0.0000000E+00,  2.5708716E+02,3295,  2.0712581E-01,  0.0000000E+00,  3.8677745E-02,  1.0002717E+03,  1.6165960E+04,3,
  2.6647110E+02,  0.0000000E+00,  2.5329202E+02,2848,  3.7289312E-01,  0.0000000E+00,  2.5297459E-03,  1.0006674E+03,  3.9762934E+04,3,
  2.6748322E+02,  0.0000000E+00,  2.5263205E+02,3231,  3.8863975E-01,  0.0000000E+00, -3.4767356E-02,  1.0014394E+03,  8.5953742E+04,3,
  2.6886917E+02,  0.0000000E+00,  2.5298134E+02,3251,  4.1400176E-01,  0.0000000E+00,  4.1806903E-03,  1.0007641E+03,  4.5536039E+04,3,
  2.6910806E+02,  0.0000000E+00,  2.5717917E+02,3305,  2.0714305E-01,  0.0000000E+00,  6.1823510E-02,  1.0002502E+03,  1.4886542E+04,3,
  2.6972513E+02,  0.0000000E+00,  2.5667401E+02,3247,  1.8643388E-01,  0.0000000E+00,  9.5687158E-02,  1.0002275E+03,  1.3538243E+04,3,
  2.6985684E+02,  0.0000000E+00,  2.5269994E+02,3242,  1.6112199E-01,  0.0000000E+00,  3.3563737E-02,  1.0011646E+03,  6.9484172E+04,3,
  2.7101874E+02,  0.0000000E+00,  2.5712921E+02,3275,  2.4706578E-01,  0.0000000E+00,  9.5396250E-02,  1.0001563E+03,  9.2982920E+03,3,
  2.7032031E+02,  0.0000000E+00,  2.5312456E+02,3214,  2.3532693E-01,  0.0000000E+00,  1.3874090E-01,  1.0009914E+03,  5.9121859E+04,3,
  2.7220642E+02,  0.0000000E+00,  2.5657559E+02,3183,  1.3031235E-01,  0.0000000E+00,  1.1373071E-01,  1.0001022E+03,  6.0804814E+03,3,
  2.7352466E+02,  0.0000000E+00,  2.5695688E+02,3296,  1.0770589E-01,  0.0000000E+00,  2.9067539E-02,  1.0000911E+03,  5.4159844E+03,3,
  2.7156833E+02,  0.0000000E+00,  2.5399225E+02,3215,  4.0928119E-01,  0.0000000E+00,  2.7273595E-01,  1.0010781E+03,  6.4307148E+04,3,
  2.7308160E+02,  0.0000000E+00,  2.5486356E+02,2821,  4.6772012E-01,  0.0000000E+00,  1.2636781E-01,  1.0008584E+03,  5.1170230E+04,3,
  2.7452942E+02,  0.0000000E+00,  2.5518100E+02,3186,  4.3008485E-01,  0.0000000E+00,  3.4058390E-03,  1.0005373E+03,  3.1997846E+04,3,
  2.7561249E+02,  0.0000000E+00,  2.5603738E+02,3066,  2.3506419E-01,  0.0000000E+00, -4.7676090E-02,  1.0003305E+03,  1.9670664E+04,3,
  2.7582828E+02,  0.0000000E+00,  2.5516351E+02,3185,  3.9688253E-01,  0.0000000E+00, -4.9093097E-02,  1.0003464E+03,  2.0616129E+04,3,
  2.7807935E+02,  0.0000000E+00,  2.5691702E+02,3297,  2.8085652E-01,  0.0000000E+00,  2.3255972E-03,  1.0000750E+03,  4.4574448E+03,3,
  2.7683636E+02,  0.0000000E+00,  2.5495096E+02,3176,  2.9474816E-01,  0.0000000E+00, -3.7952565E-02,  1.0005393E+03,  3.2117990E+04,3,
  2.7990466E+02,  0.0000000E+00,  2.5648343E+02,3139,  2.5890407E-01,  0.0000000E+00,  1.0169344E-02,  1.0001657E+03,  9.8577021E+03,3,
  2.7791061E+02,  0.0000000E+00,  2.5472298E+02,2975,  3.3648634E-01,  0.0000000E+00, -1.3352290E-02,  1.0008256E+03,  4.9207930E+04,3,
  2.7926126E+02,  0.0000000E+00,  2.5498988E+02,3230,  3.7790021E-01,  0.0000000E+00,  2.5286777E-03,  1.0005196E+03,  3.0942088E+04,3,
  2.8052682E+02,  0.0000000E+00,  2.5483861E+02,3222,  3.5713822E-01,  0.0000000E+00,  1.8818311E-03,  1.0006750E+03,  4.0218391E+04,3,
  2.8176193E+02,  0.0000000E+00,  2.5499011E+02,3213,  3.1778535E-01,  0.0000000E+00, -7.0565002E-04,  1.0004879E+03,  2.9049283E+04,3,
  2.8175470E+02,  0.0000000E+00,  2.5715134E+02,3278,  2.0035110E-01,  0.0000000E+00,  2.1658104E-02,  1.0001151E+03,  6.8430737E+03,3,
  2.8245853E+02,  0.0000000E+00,  2.5514252E+02,3258,  3.9580631E-01,  0.0000000E+00,  5.8441130E-03,  1.0003302E+03,  1.9652484E+04,3,
  2.8358405E+02,  0.0000000E+00,  2.5703760E+02,3286,  2.2976246E-01,  0.0000000E+00,  2.8148741E-02,  1.0001266E+03,  7.5294565E+03,3,
  2.8408228E+02,  0.0000000E+00,  2.5453995E+02,3206,  3.4339884E-01,  0.0000000E+00, -3.3072655E-03,  1.0012233E+03,  7.3004031E+04,3,
  2.8525195E+02,  0.0000000E+00,  2.5699893E+02,3267,  2.1412174E-01,  0.0000000E+00,  2.1150356E-02,  1.0001216E+03,  7.2352866E+03,3,
  2.8525751E+02,  0.0000000E+00,  2.5534781E+02,2830,  2.8593975E-01,  0.0000000E+00,  1.0367485E-02,  1.0001177E+03,  6.9992305E+03,3,
  2.8713397E+02,  0.0000000E+00,  2.5712524E+02,3287,  2.1288526E-01,  0.0000000E+00,  5.4832553E-03,  1.0001133E+03,  6.7413911E+03,3,
  2.8622266E+02,  0.0000000E+00,  2.5492195E+02,3030,  3.6626601E-01,  0.0000000E+00,  6.4305896E-03,  1.0006722E+03,  4.0047137E+04,3,
  2.8761279E+02,  0.0000000E+00,  2.5476283E+02,2803,  3.4774300E-01,  0.0000000E+00, -1.4603851E-02,  1.0008552E+03,  5.0980547E+04,3,
  2.8895688E+02,  0.0000000E+00,  2.5496500E+02,2948,  2.9484251E-01,  0.0000000E+00,  2.3100495E-03,  1.0005458E+03,  3.2503922E+04,3,
  2.8906927E+02,  0.0000000E+00,  2.5713361E+02,3279,  2.3437430E-01,  0.0000000E+00, -2.3275368E-02,  1.0001097E+03,  6.5235039E+03,3,
  2.8969791E+02,  0.0000000E+00,  2.5518947E+02,3149,  2.6917547E-01,  0.0000000E+00,  4.0318638E-02,  1.0002477E+03,  1.4737530E+04,3,
  2.9186475E+02,  0.0000000E+00,  2.5702927E+02,3259,  4.3572932E-01,  0.0000000E+00, -3.2329008E-02,  1.0001595E+03,  9.4908125E+03,3,
  2.9063135E+02,  0.0000000E+00,  2.5516089E+02,3085,  3.3560106E-01,  0.0000000E+00,  5.2199874E-02,  1.0005139E+03,  3.0603541E+04,3,
  2.9373993E+02,  0.0000000E+00,  2.5678992E+02,3268,  3.5620272E-01,  0.0000000E+00, -1.6204132E-02,  1.0002099E+03,  1.2488078E+04,3,
  2.9191531E+02,  0.0000000E+00,  2.5490103E+02,3049,  2.7083215E-01,  0.0000000E+00, -2.7988609E-02,  1.0009153E+03,  5.4574168E+04,3,
  2.9351013E+02,  0.0000000E+00,  2.5499677E+02,3157,  2.5338110E-01,  0.0000000E+00, -8.1438176E-02,  1.0003251E+03,  1.9347047E+04,3,
  2.9414960E+02,  0.0000000E+00,  2.5485196E+02,3177,  2.9571381E-01,  0.0000000E+00, -1.3916625E-01,  1.0002476E+03,  1.4730261E+04,3,
  2.9525513E+02,  0.0000000E+00,  2.5684918E+02,3277,  2.9439172E-01,  0.0000000E+00, -6.4937859E-03,  1.0002242E+03,  1.3342011E+04,3,
  2.9533981E+02,  0.0000000E+00,  2.5343309E+02,3103,  3.1648117E-01,  0.0000000E+00, -1.6791376E-01,  1.0008461E+03,  5.0437059E+04,3,
  2.9727179E+02,  0.0000000E+00,  2.5338835E+02,3102,  2.9961005E-01,  0.0000000E+00, -1.6885784E-02,  1.0003636E+03,  2.1645332E+04,3,
  2.9653278E+02,  0.0000000E+00,  2.5676761E+02,3249,  2.4732751E-01,  0.0000000E+00, -5.1106780E-04,  1.0002610E+03,  1.5529865E+04,3,
  2.9764151E+02,  0.0000000E+00,  2.5677588E+02,3270,  2.2800320E-01,  0.0000000E+00, -5.2061020E-03,  1.0002719E+03,  1.6180500E+04,3,
  2.9683759E+02,  0.0000000E+00,  2.5345253E+02,3195,  2.6859057E-01,  0.0000000E+00, -4.0262222E-02,  1.0002952E+03,  1.7565512E+04,3,
  2.9865930E+02,  0.0000000E+00,  2.5648505E+02,3212,  2.2599308E-01,  0.0000000E+00, -1.2195677E-02,  1.0002955E+03,  1.7583689E+04,3,
  2.9975589E+02,  0.0000000E+00,  2.5632431E+02,3048,  2.2855087E-01,  0.0000000E+00, -1.7325340E-02,  1.0002853E+03,  1.6976586E+04,3,
  2.9878186E+02,  0.0000000E+00,  2.5284351E+02,3179,  2.0471446E-01,  0.0000000E+00, -7.2496608E-02,  1.0011526E+03,  6.8771578E+04,3,
  3.0051584E+02,  0.0000000E+00,  2.5369106E+02,2984,  7.4114084E-02,  0.0000000E+00,  6.1219793E-02,  1.0011896E+03,  7.0982609E+04,3,
  3.0099963E+02,  0.0000000E+00,  2.5688312E+02,3288,  2.8650191E-01,  0.0000000E+00, -3.0481678E-02,  1.0002175E+03,  1.2938654E+04,3,
  3.0026874E+02,  0.0000000E+00,  2.5210271E+02,3171,  2.4542841E-01,  0.0000000E+00, -1.8102525E-01,  1.0012799E+03,  7.6393484E+04,3,
  2.9584677E+02,  0.0000000E+00,  2.5248241E+02,3126, -3.9452549E-02,  0.0000000E+00,  3.6708333E-03,  1.0017244E+03,  1.0305912E+05,3,
  3.0217068E+02,  0.0000000E+00,  2.5616446E+02,3175,  2.8885463E-01,  0.0000000E+00, -5.4517579E-03,  1.0003401E+03,  2.0241568E+04,3,
  3.0296204E+02,  0.0000000E+00,  2.5438434E+02,2794,  1.4680131E-01,  0.0000000E+00, -6.7470379E-02,  1.0006372E+03,  3.7959523E+04,3,
  3.0346640E+02,  0.0000000E+00,  2.5670477E+02,2884,  2.5958648E-01,  0.0000000E+00, -7.1537048E-03,  1.0002548E+03,  1.5159132E+04,3,
  3.0485251E+02,  0.0000000E+00,  2.5653561E+02,3111,  2.5689775E-01,  0.0000000E+00, -1.7295340E-02,  1.0002897E+03,  1.7238326E+04,3,
  3.0618875E+02,  0.0000000E+00,  2.5665393E+02,3261,  2.5777578E-01,  0.0000000E+00, -2.3219168E-02,  1.0002454E+03,  1.4603058E+04,3,
  3.0741888E+02,  0.0000000E+00,  2.5642795E+02,3260,  2.5717694E-01,  0.0000000E+00, -3.0273978E-02,  1.0002737E+03,  1.6285914E+04,3,
  3.0434882E+02,  0.0000000E+00,  2.5400073E+02,3221,  1.0416396E-01,  0.0000000E+00, -4.9790662E-02,  1.0006730E+03,  4.0094504E+04,3,
  3.0580469E+02,  0.0000000E+00,  2.5371394E+02,3057,  1.3850218E-01,  0.0000000E+00,  3.7707753E-02,  1.0006943E+03,  4.1366238E+04,3,
  3.0731223E+02,  0.0000000E+00,  2.5402217E+02,2957,  1.5069868E-01,  0.0000000E+00,  1.4157430E-02,  1.0007307E+03,  4.3538398E+04,3,
  3.0862079E+02,  0.0000000E+00,  2.5665323E+02,2866,  2.7284127E-01,  0.0000000E+00, -3.0496813E-02,  1.0002222E+03,  1.3222092E+04,3,
  3.0888730E+02,  0.0000000E+00,  2.5363318E+02,3159,  1.3880688E-01,  0.0000000E+00, -1.3958386E-02,  1.0008470E+03,  5.0488121E+04,3,
  3.0987955E+02,  0.0000000E+00,  2.5621066E+02,3250,  2.9678854E-01,  0.0000000E+00, -1.9847229E-02,  1.0002899E+03,  1.7252869E+04,3,
  3.1118362E+02,  0.0000000E+00,  2.5676324E+02,3241,  2.8374204E-01,  0.0000000E+00, -2.4259560E-02,  1.0002240E+03,  1.3327475E+04,3,
  3.1245547E+02,  0.0000000E+00,  2.5672861E+02,3240,  2.8763816E-01,  0.0000000E+00, -2.3568623E-02,  1.0002437E+03,  1.4501296E+04,3,
  3.1387070E+02,  0.0000000E+00,  2.5660016E+02,3148,  2.8691790E-01,  0.0000000E+00, -2.1840796E-02,  1.0002563E+03,  1.5253631E+04,3,
  3.1330292E+02,  0.0000000E+00,  2.5442683E+02,3203,  1.7737810E-01,  0.0000000E+00, -3.4307953E-02,  1.0006119E+03,  3.6447824E+04,3,
  3.1041901E+02,  0.0000000E+00,  2.5411208E+02,3131,  1.5355568E-01,  0.0000000E+00, -3.0339319E-02,  1.0007222E+03,  4.3031762E+04,3,
  3.1521768E+02,  0.0000000E+00,  2.5674939E+02,3234,  2.8349185E-01,  0.0000000E+00, -2.2158414E-02,  1.0002277E+03,  1.3545512E+04,3,
  3.1190286E+02,  0.0000000E+00,  2.5369226E+02,3087,  1.6831617E-01,  0.0000000E+00, -2.0813588E-03,  1.0007520E+03,  4.4814219E+04,3,
  3.1470996E+02,  0.0000000E+00,  2.5363168E+02,3132,  1.9395769E-01,  0.0000000E+00, -8.0355117E-03,  1.0007306E+03,  4.3534754E+04,3,
  3.1607877E+02,  0.0000000E+00,  2.5455290E+02,3011,  1.9264926E-01,  0.0000000E+00,  1.0115691E-02,  1.0005982E+03,  3.5631969E+04,3,
  3.1668256E+02,  0.0000000E+00,  2.5652036E+02,2857,  3.0489716E-01,  0.0000000E+00, -1.8765828E-02,  1.0002466E+03,  1.4675745E+04,3,
  3.1803021E+02,  0.0000000E+00,  2.5656226E+02,3233,  2.9187000E-01,  0.0000000E+00, -2.2371568E-02,  1.0002532E+03,  1.5068268E+04,3,
  3.1929947E+02,  0.0000000E+00,  2.5671252E+02,3243,  3.0337551E-01,  0.0000000E+00, -2.4224147E-02,  1.0002260E+03,  1.3447395E+04,3,
  3.1723761E+02,  0.0000000E+00,  2.5341922E+02,3094,  1.7399658E-01,  0.0000000E+00, -2.0752700E-02,  1.0007994E+03,  4.7643473E+04,3,
  3.2051831E+02,  0.0000000E+00,  2.5613730E+02,3194,  3.0696866E-01,  0.0000000E+00, -2.4697706E-02,  1.0003220E+03,  1.9161605E+04,3,
  3.2181363E+02,  0.0000000E+00,  2.5630389E+02,2966,  2.9087529E-01,  0.0000000E+00, -2.0739973E-02,  1.0002866E+03,  1.7056562E+04,3,
  3.1877170E+02,  0.0000000E+00,  2.5417363E+02,2930,  1.8827550E-01,  0.0000000E+00, -2.7839059E-03,  1.0006417E+03,  3.8229102E+04,3,
  3.2027258E+02,  0.0000000E+00,  2.5378284E+02,3093,  1.8424399E-01,  0.0000000E+00, -9.1908863E-03,  1.0006815E+03,  4.0600992E+04,3,
  3.2186734E+02,  0.0000000E+00,  2.5372545E+02,2740,  1.8756172E-01,  0.0000000E+00, -6.7354753E-03,  1.0006720E+03,  4.0036203E+04,3,
  3.2317816E+02,  0.0000000E+00,  2.5693985E+02,3224,  3.3330438E-01,  0.0000000E+00, -2.6786603E-02,  1.0002148E+03,  1.2782404E+04,3,
  3.2483469E+02,  0.0000000E+00,  2.5666217E+02,3135,  3.1381676E-01,  0.0000000E+00, -2.4631292E-02,  1.0002595E+03,  1.5442633E+04,3,
  3.2347678E+02,  0.0000000E+00,  2.5488138E+02,3158,  2.5435615E-01,  0.0000000E+00, -3.2317196E-03,  1.0005239E+03,  3.1200557E+04,3,
  3.2621109E+02,  0.0000000E+00,  2.5688345E+02,3223,  3.2923537E-01,  0.0000000E+00, -3.1743925E-02,  1.0002287E+03,  1.3607289E+04,3,
  3.2405423E+02,  0.0000000E+00,  2.5351820E+02,3140,  1.8629619E-01,  0.0000000E+00, -1.3971408E-02,  1.0006996E+03,  4.1683285E+04,3,
  3.2785065E+02,  0.0000000E+00,  2.5666653E+02,3205,  4.0055433E-01,  0.0000000E+00, -3.0009758E-02,  1.0002316E+03,  1.3781724E+04,3,
  3.2573346E+02,  0.0000000E+00,  2.5388959E+02,3112,  2.2997096E-01,  0.0000000E+00, -1.3597202E-02,  1.0006536E+03,  3.8935875E+04,3,
  3.2698074E+02,  0.0000000E+00,  2.5483563E+02,3096,  2.2505566E-01,  0.0000000E+00,  7.0401698E-02,  1.0004968E+03,  2.9584328E+04,3,
  3.2785266E+02,  0.0000000E+00,  2.5335524E+02,2885,  1.7360371E-01,  0.0000000E+00,  1.9371694E-02,  1.0007895E+03,  4.7052762E+04,3,
  3.2921356E+02,  0.0000000E+00,  2.5646365E+02,2839,  3.8188365E-01,  0.0000000E+00, -2.5737964E-02,  1.0002519E+03,  1.4988309E+04,3,
  3.2938977E+02,  0.0000000E+00,  2.5417194E+02,3060,  1.9658428E-01,  0.0000000E+00,  7.2721690E-03,  1.0006477E+03,  3.8586125E+04,3,
  3.3061063E+02,  0.0000000E+00,  2.5647983E+02,3075,  3.9814851E-01,  0.0000000E+00, -3.1856436E-02,  1.0002503E+03,  1.4893812E+04,3,
  3.3188116E+02,  0.0000000E+00,  2.5658575E+02,2812,  3.8975018E-01,  0.0000000E+00, -3.8668640E-02,  1.0002412E+03,  1.4352289E+04,3,
  3.3317245E+02,  0.0000000E+00,  2.5656833E+02,3225,  4.2605042E-01,  0.0000000E+00, -3.8674083E-02,  1.0002300E+03,  1.3683604E+04,3,
  3.3088748E+02,  0.0000000E+00,  2.5398013E+02,2876,  2.0639813E-01,  0.0000000E+00, -1.7183701E-02,  1.0006624E+03,  3.9464164E+04,3,
  3.3459296E+02,  0.0000000E+00,  2.5615662E+02,3012,  4.3556377E-01,  0.0000000E+00, -2.7737407E-02,  1.0002753E+03,  1.6384059E+04,3,
  3.3239276E+02,  0.0000000E+00,  2.5381561E+02,2776,  2.2878894E-01,  0.0000000E+00,  3.0386403E-02,  1.0006898E+03,  4.1096574E+04,3,
  3.3387671E+02,  0.0000000E+00,  2.5418378E+02,2785,  2.1659966E-01,  0.0000000E+00, -1.6111884E-02,  1.0006342E+03,  3.7781020E+04,3,
  3.3523984E+02,  0.0000000E+00,  2.5346574E+02,3021,  2.4776490E-01,  0.0000000E+00,  4.8241556E-02,  1.0007677E+03,  4.5751137E+04,3,
  3.3582214E+02,  0.0000000E+00,  2.5669562E+02,3216,  4.1981956E-01,  0.0000000E+00, -3.5814889E-02,  1.0002138E+03,  1.2720631E+04,3,
  3.3712186E+02,  0.0000000E+00,  2.5635916E+02,3076,  4.7173399E-01,  0.0000000E+00, -2.6664389E-02,  1.0002554E+03,  1.5199112E+04,3,
  3.3674359E+02,  0.0000000E+00,  2.5426654E+02,2949,  2.7810302E-01,  0.0000000E+00, -1.3064110E-03,  1.0006107E+03,  3.6378621E+04,3,
  3.3857559E+02,  0.0000000E+00,  2.5616394E+02,3141,  4.3599987E-01,  0.0000000E+00, -1.9216575E-02,  1.0003051E+03,  1.8154475E+04,3,
  3.3972552E+02,  0.0000000E+00,  2.5674234E+02,3207,  4.6749112E-01,  0.0000000E+00, -2.7458677E-02,  1.0002338E+03,  1.3912551E+04,3,
  3.3827924E+02,  0.0000000E+00,  2.5374399E+02,2994,  2.8804132E-01,  0.0000000E+00,  1.9811610E-02,  1.0006472E+03,  3.8556980E+04,3,
  3.4123203E+02,  0.0000000E+00,  2.5656696E+02,3196,  4.7132418E-01,  0.0000000E+00, -2.6102822E-02,  1.0002422E+03,  1.4410438E+04,3,
  3.3984662E+02,  0.0000000E+00,  2.5394473E+02,2722,  3.0937567E-01,  0.0000000E+00, -1.0687658E-02,  1.0005981E+03,  3.5624684E+04,3,
  3.4251630E+02,  0.0000000E+00,  2.5623285E+02,3197,  4.5739031E-01,  0.0000000E+00, -2.1134190E-02,  1.0002609E+03,  1.5522596E+04,3,
  3.4114377E+02,  0.0000000E+00,  2.5411768E+02,2913,  2.9122931E-01,  0.0000000E+00, -2.5162607E-02,  1.0005858E+03,  3.4892656E+04,3,
  3.4263385E+02,  0.0000000E+00,  2.5368210E+02,2985,  3.1722170E-01,  0.0000000E+00,  7.0018448E-02,  1.0007697E+03,  4.5867801E+04,3,
  3.4391165E+02,  0.0000000E+00,  2.5647961E+02,3198,  4.9040511E-01,  0.0000000E+00, -2.0250907E-02,  1.0002090E+03,  1.2433574E+04,3,
  3.4414566E+02,  0.0000000E+00,  2.5432906E+02,3121,  3.5290542E-01,  0.0000000E+00, -2.6242107E-02,  1.0006235E+03,  3.7139898E+04,3,
  3.4531781E+02,  0.0000000E+00,  2.5636758E+02,3168,  4.7557130E-01,  0.0000000E+00, -1.7780073E-02,  1.0002211E+03,  1.3156683E+04,3,
  3.4656390E+02,  0.0000000E+00,  2.5630643E+02,2993,  4.7208560E-01,  0.0000000E+00, -1.8431069E-02,  1.0002383E+03,  1.4177845E+04,3,
  3.4790607E+02,  0.0000000E+00,  2.5657758E+02,3178,  5.0307351E-01,  0.0000000E+00, -1.7151695E-02,  1.0002010E+03,  1.1961221E+04,3,
  3.4572403E+02,  0.0000000E+00,  2.5385393E+02,3105,  3.5858741E-01,  0.0000000E+00, -3.7368482E-03,  1.0007720E+03,  4.6006344E+04,3,
  3.4886172E+02,  0.0000000E+00,  2.5530281E+02,2713,  4.7299248E-01,  0.0000000E+00,  1.4745068E-02,  1.0004205E+03,  2.5031910E+04,3,
  3.4737424E+02,  0.0000000E+00,  2.5386861E+02,3051,  3.5257936E-01,  0.0000000E+00,  2.3631521E-02,  1.0007441E+03,  4.4343969E+04,3,
  3.4953473E+02,  0.0000000E+00,  2.5367931E+02,3068,  3.3762491E-01,  0.0000000E+00,  7.4380455E-03,  1.0007167E+03,  4.2703738E+04,3,
  3.4999640E+02,  0.0000000E+00,  2.5652713E+02,3170,  5.2398396E-01,  0.0000000E+00, -5.9367954E-03,  1.0002176E+03,  1.2945922E+04,3,
  3.5142480E+02,  0.0000000E+00,  2.5659055E+02,3180,  5.0192243E-01,  0.0000000E+00, -1.5243388E-03,  1.0002347E+03,  1.3967062E+04,3,
  3.5115353E+02,  0.0000000E+00,  2.5424118E+02,3086,  3.7321648E-01,  0.0000000E+00, -8.1480347E-02,  1.0005786E+03,  3.4462934E+04,3,
  3.5291852E+02,  0.0000000E+00,  2.5666040E+02,3150,  5.2216905E-01,  0.0000000E+00,  1.1229687E-02,  1.0002088E+03,  1.2422674E+04,3,
  3.5253464E+02,  0.0000000E+00,  2.5375905E+02,2731,  3.6128682E-01,  0.0000000E+00,  3.8163501E-03,  1.0006703E+03,  3.9937824E+04,3,
  3.5499896E+02,  0.0000000E+00,  2.5660107E+02,3187,  5.4542315E-01,  0.0000000E+00, -7.4038617E-03,  1.0002094E+03,  1.2459010E+04,3,
  3.5366776E+02,  0.0000000E+00,  2.5530577E+02,3041,  3.9927068E-01,  0.0000000E+00,  8.3177343E-02,  1.0003546E+03,  2.1103441E+04,3,
  3.5452164E+02,  0.0000000E+00,  2.5389861E+02,2986,  3.4502181E-01,  0.0000000E+00, -7.2439259E-04,  1.0007526E+03,  4.4847027E+04,3,
  3.5621570E+02,  0.0000000E+00,  2.5383102E+02,2641,  2.8694850E-01,  0.0000000E+00,  5.4754723E-02,  1.0007387E+03,  4.4019547E+04,3,
  3.5639822E+02,  0.0000000E+00,  2.5659216E+02,3188,  4.7667718E-01,  0.0000000E+00, -1.6676677E-02,  1.0002074E+03,  1.2339102E+04,3,
  3.5751474E+02,  0.0000000E+00,  2.5567110E+02,2903,  6.4961356E-01,  0.0000000E+00,  5.8547244E-03,  1.0003354E+03,  1.9965203E+04,3,
  3.5886948E+02,  0.0000000E+00,  2.5666791E+02,3045,  5.8816576E-01,  0.0000000E+00,  3.9236378E-02,  1.0002231E+03,  1.3272967E+04,3,
  3.6101709E+02,  0.0000000E+00,  2.5669318E+02,3189,  5.2076977E-01,  0.0000000E+00,  6.5002389E-02,  1.0002424E+03,  1.4424975E+04,3,
  3.5995328E+02,  0.0000000E+00,  2.5546568E+02,3042,  4.8407236E-01,  0.0000000E+00,  8.7576233E-02,  1.0003667E+03,  2.1827182E+04,3,
  3.5782568E+02,  0.0000000E+00,  2.5387987E+02,2894,  2.0832404E-01,  0.0000000E+00, -3.0891297E-02,  1.0006340E+03,  3.7766449E+04,3,
  3.6226431E+02,  0.0000000E+00,  2.5502789E+02,3032,  5.2075273E-01,  0.0000000E+00,  8.5199155E-02,  1.0004142E+03,  2.4660822E+04,3,
  3.6251953E+02,  0.0000000E+00,  2.5309311E+02,3022,  1.1242319E-01,  0.0000000E+00, -5.2279080E-03,  1.0003972E+03,  2.3642219E+04,3,
  3.5968665E+02,  0.0000000E+00,  2.5400348E+02,2650,  2.6440358E-01,  0.0000000E+00,  3.5099510E-02,  1.0005531E+03,  3.2940844E+04,3,
  3.6196277E+02,  0.0000000E+00,  2.5248474E+02,2886,  2.8818867E-01,  0.0000000E+00,  1.5586412E-01,  1.0008071E+03,  4.8102938E+04,3,
  3.6292371E+02,  0.0000000E+00,  2.5666626E+02,3169,  5.2220821E-01,  0.0000000E+00,  4.7454119E-02,  1.0002461E+03,  1.4643035E+04,3,
  3.6364706E+02,  0.0000000E+00,  2.5323746E+02,2858,  2.9958254E-01,  0.0000000E+00,  5.2444447E-02,  1.0005453E+03,  3.2478436E+04,3,
  3.6430695E+02,  0.0000000E+00,  2.5648328E+02,3039,  5.3800309E-01,  0.0000000E+00,  3.9203886E-02,  1.0002539E+03,  1.5108248E+04,3,
  3.6460175E+02,  0.0000000E+00,  2.5320461E+02,2569,  1.7507634E-01,  0.0000000E+00, -5.2921023E-02,  1.0007309E+03,  4.3552977E+04,3,
  3.6545593E+02,  0.0000000E+00,  2.5649371E+02,3160,  5.1225686E-01,  0.0000000E+00,  6.1791629E-02,  1.0002326E+03,  1.3839868E+04,3,
  3.6659894E+02,  0.0000000E+00,  2.5647827E+02,3151,  4.8789951E-01,  0.0000000E+00,  8.5214168E-02,  1.0002100E+03,  1.2491712E+04,3,
  3.6772397E+02,  0.0000000E+00,  2.5646893E+02,2767,  4.6115917E-01,  0.0000000E+00,  6.6770218E-02,  1.0002078E+03,  1.2364537E+04,3,
  3.6885898E+02,  0.0000000E+00,  2.5629239E+02,2959,  4.3034321E-01,  0.0000000E+00,  2.5632530E-02,  1.0002117E+03,  1.2593453E+04,3,
  3.6612259E+02,  0.0000000E+00,  2.5262405E+02,2856,  2.2147395E-01,  0.0000000E+00, -5.1232004E-03,  1.0017742E+03,  1.0605162E+05,3,
  3.6717346E+02,  0.0000000E+00,  2.5299361E+02,2784,  1.8355837E-01,  0.0000000E+00,  1.7508348E-02,  1.0010317E+03,  6.1535238E+04,3,
  3.6845193E+02,  0.0000000E+00,  2.5271530E+02,2883,  1.9749224E-01,  0.0000000E+00,  1.2079176E-02,  1.0013002E+03,  7.7607672E+04,3,
  3.6986252E+02,  0.0000000E+00,  2.5654474E+02,3003,  4.8584810E-01,  0.0000000E+00, -3.5526861E-02,  1.0002401E+03,  1.4283237E+04,3,
  3.6981003E+02,  0.0000000E+00,  2.5302913E+02,2918,  1.9154406E-01,  0.0000000E+00,  4.1999109E-03,  1.0008160E+03,  4.8639008E+04,3,
  3.7103860E+02,  0.0000000E+00,  2.5625845E+02,3015,  5.0356632E-01,  0.0000000E+00, -3.3929411E-02,  1.0002404E+03,  1.4301409E+04,3,
  3.7069373E+02,  0.0000000E+00,  2.5275598E+02,2909,  1.8093280E-01,  0.0000000E+00, -1.4834446E-05,  1.0010961E+03,  6.5384715E+04,3,
  3.7218903E+02,  0.0000000E+00,  2.5655325E+02,3133,  5.1170784E-01,  0.0000000E+00, -5.3538371E-02,  1.0002404E+03,  1.4305043E+04,3,
  3.7333398E+02,  0.0000000E+00,  2.5616232E+02,3014,  5.1980388E-01,  0.0000000E+00, -2.5689799E-02,  1.0002449E+03,  1.4573982E+04,3,
  3.7445117E+02,  0.0000000E+00,  2.5651181E+02,3162,  5.2414393E-01,  0.0000000E+00, -4.4856478E-02,  1.0002474E+03,  1.4722992E+04,3,
  3.7195004E+02,  0.0000000E+00,  2.5307420E+02,2896,  1.9366424E-01,  0.0000000E+00, -6.4725033E-03,  1.0006141E+03,  3.6578949E+04,3,
  3.7562036E+02,  0.0000000E+00,  2.5656512E+02,3153,  5.2899510E-01,  0.0000000E+00, -3.5292055E-02,  1.0002387E+03,  1.4203284E+04,3,
  3.7277240E+02,  0.0000000E+00,  2.5280334E+02,2542,  1.8347417E-01,  0.0000000E+00,  3.1032946E-03,  1.0009423E+03,  5.6183504E+04,3,
  3.7387961E+02,  0.0000000E+00,  2.5303117E+02,2924,  2.0957460E-01,  0.0000000E+00,  1.1506940E-03,  1.0006315E+03,  3.7617094E+04,3,
  3.7480695E+02,  0.0000000E+00,  2.5289044E+02,2879,  2.0975974E-01,  0.0000000E+00, -4.1872144E-04,  1.0008275E+03,  4.9320988E+04,3,
  3.7582364E+02,  0.0000000E+00,  2.5284885E+02,2908,  2.1515071E-01,  0.0000000E+00, -3.4872000E-03,  1.0008737E+03,  5.2082211E+04,3,
  3.7666159E+02,  0.0000000E+00,  2.5613486E+02,2968,  5.5518067E-01,  0.0000000E+00, -7.8121776E-04,  1.0002418E+03,  1.4388632E+04,3,
  3.7703946E+02,  0.0000000E+00,  2.5280995E+02,2787,  2.0562792E-01,  0.0000000E+00, -4.3467217E-04,  1.0008809E+03,  5.2512695E+04,3,
  3.7784952E+02,  0.0000000E+00,  2.5636481E+02,3095,  5.5590069E-01,  0.0000000E+00, -1.2583823E-02,  1.0002381E+03,  1.4166942E+04,3,
  3.7766626E+02,  0.0000000E+00,  2.5318867E+02,2840,  1.9781893E-01,  0.0000000E+00,  1.4775041E-03,  1.0004008E+03,  2.3856844E+04,3,
  3.7901068E+02,  0.0000000E+00,  2.5656729E+02,3142,  5.5516183E-01,  0.0000000E+00, -1.0925021E-02,  1.0002347E+03,  1.3967062E+04,3,
  3.8001740E+02,  0.0000000E+00,  2.5594243E+02,3024,  5.3630257E-01,  0.0000000E+00,  2.6711250E-02,  1.0002228E+03,  1.3254797E+04,3,
  3.8104767E+02,  0.0000000E+00,  2.5651447E+02,3152,  5.3575253E-01,  0.0000000E+00,  2.3946112E-02,  1.0002326E+03,  1.3839868E+04,3,
  3.7875180E+02,  0.0000000E+00,  2.5293118E+02,2881,  2.1122220E-01,  0.0000000E+00,  8.9263562E-03,  1.0007640E+03,  4.5532395E+04,3,
  3.8221790E+02,  0.0000000E+00,  2.5654086E+02,3143,  5.2058309E-01,  0.0000000E+00,  3.4654059E-02,  1.0002316E+03,  1.3781724E+04,3,
  3.8324463E+02,  0.0000000E+00,  2.5614026E+02,2970,  5.4966486E-01,  0.0000000E+00,  6.6501655E-02,  1.0002159E+03,  1.2844177E+04,3,
  3.7960226E+02,  0.0000000E+00,  2.5310954E+02,2846,  2.0362361E-01,  0.0000000E+00,  4.6862438E-03,  1.0006873E+03,  4.0950812E+04,3,
  3.8103720E+02,  0.0000000E+00,  2.5243451E+02,2811,  2.1992809E-01,  0.0000000E+00, -3.8524754E-03,  1.0019409E+03,  1.1607346E+05,3,
  3.8249423E+02,  0.0000000E+00,  2.5311986E+02,2872,  2.0246804E-01,  0.0000000E+00,  3.1329819E-03,  1.0006674E+03,  3.9759289E+04,3,
  3.8320288E+02,  0.0000000E+00,  2.5282880E+02,2497,  1.5599114E-01,  0.0000000E+00,  2.1297343E-02,  1.0009472E+03,  5.6479125E+04,3,
  3.8439844E+02,  0.0000000E+00,  2.5658875E+02,3122,  5.5155152E-01,  0.0000000E+00,  1.4403543E-02,  1.0002199E+03,  1.3084006E+04,3,
  3.8549664E+02,  0.0000000E+00,  2.5614047E+02,2944,  5.4594052E-01,  0.0000000E+00,  6.6035353E-03,  1.0002284E+03,  1.3589119E+04,3,
  3.8433731E+02,  0.0000000E+00,  2.5312338E+02,2851,  2.0030148E-01,  0.0000000E+00,  2.0599417E-02,  1.0005994E+03,  3.5704809E+04,3,
  3.8666003E+02,  0.0000000E+00,  2.5645825E+02,3134,  5.4044282E-01,  0.0000000E+00, -1.5006266E-02,  1.0002221E+03,  1.3214824E+04,3,
  3.8778271E+02,  0.0000000E+00,  2.5629001E+02,2749,  5.2304780E-01,  0.0000000E+00, -2.8410917E-02,  1.0002366E+03,  1.4079722E+04,3,
  3.8515298E+02,  0.0000000E+00,  2.5338394E+02,2951,  2.0158258E-01,  0.0000000E+00,  1.8375697E-02,  1.0003700E+03,  2.2023582E+04,3,
  3.8885049E+02,  0.0000000E+00,  2.5572583E+02,3005,  4.9574915E-01,  0.0000000E+00, -5.9369635E-02,  1.0003253E+03,  1.9361590E+04,3,
  3.8987961E+02,  0.0000000E+00,  2.5623352E+02,2758,  5.0871485E-01,  0.0000000E+00, -3.7637401E-02,  1.0002161E+03,  1.2855078E+04,3,
  3.8616293E+02,  0.0000000E+00,  2.5266765E+02,2845,  1.7090476E-01,  0.0000000E+00, -2.3215102E-02,  1.0012650E+03,  7.5497562E+04,3,
  3.8726950E+02,  0.0000000E+00,  2.5329633E+02,2877,  1.9509982E-01,  0.0000000E+00, -2.2099566E-02,  1.0005100E+03,  3.0370568E+04,3,
  3.8816904E+02,  0.0000000E+00,  2.5272908E+02,2868,  1.5507796E-01,  0.0000000E+00, -7.1909972E-02,  1.0007537E+03,  4.4912645E+04,3,
  3.8899045E+02,  0.0000000E+00,  2.5188872E+02,2606,  1.3530557E-01,  0.0000000E+00, -1.0905866E-01,  1.0009117E+03,  5.4358879E+04,3,
  3.9060645E+02,  0.0000000E+00,  2.5496376E+02,2895,  3.1721333E-01,  0.0000000E+00, -1.6832533E-01,  1.0005366E+03,  3.1954156E+04,3,
  3.9181308E+02,  0.0000000E+00,  2.5618710E+02,3113,  5.0139850E-01,  0.0000000E+00, -3.1321649E-02,  1.0002145E+03,  1.2764235E+04,3,
  3.9180737E+02,  0.0000000E+00,  2.5389816E+02,3078,  3.1598237E-01,  0.0000000E+00, -2.5347935E-02,  1.0006641E+03,  3.9562539E+04,3,
  3.9322552E+02,  0.0000000E+00,  2.5625864E+02,3124,  4.8339495E-01,  0.0000000E+00, -8.9957267E-03,  1.0002171E+03,  1.2916852E+04,3,
  3.9470743E+02,  0.0000000E+00,  2.5638406E+02,3114,  4.5996755E-01,  0.0000000E+00, -1.4594121E-02,  1.0002189E+03,  1.3025865E+04,3,
  3.9336893E+02,  0.0000000E+00,  2.5403201E+02,3050,  3.1268755E-01,  0.0000000E+00, -1.5487040E-02,  1.0006650E+03,  3.9620832E+04,3,
  3.9603531E+02,  0.0000000E+00,  2.5648065E+02,3106,  4.4793549E-01,  0.0000000E+00, -4.1754030E-02,  1.0002138E+03,  1.2720631E+04,3,
  3.9491742E+02,  0.0000000E+00,  2.5398050E+02,2632,  3.7550235E-01,  0.0000000E+00,  6.6126123E-02,  1.0006614E+03,  3.9405867E+04,3,
  3.9660379E+02,  0.0000000E+00,  2.5390007E+02,2862,  3.4942850E-01,  0.0000000E+00,  1.8578174E-02,  1.0006312E+03,  3.7598879E+04,3,
  3.9720596E+02,  0.0000000E+00,  2.5565456E+02,2923,  4.9229658E-01,  0.0000000E+00, -5.1734280E-02,  1.0003130E+03,  1.8630758E+04,3,
  3.9853482E+02,  0.0000000E+00,  2.5641788E+02,3125,  5.5790722E-01,  0.0000000E+00, -6.9080167E-02,  1.0002139E+03,  1.2727898E+04,3,
  3.9833896E+02,  0.0000000E+00,  2.5380389E+02,2725,  3.6286926E-01,  0.0000000E+00,  2.7392102E-02,  1.0006024E+03,  3.5879633E+04,3,
  3.9978162E+02,  0.0000000E+00,  2.5564987E+02,3033,  5.3978449E-01,  0.0000000E+00, -4.1545700E-02,  1.0003339E+03,  1.9874295E+04,3,
  4.0104474E+02,  0.0000000E+00,  2.5633273E+02,3115,  5.5649930E-01,  0.0000000E+00, -3.1301361E-02,  1.0002439E+03,  1.4512198E+04,3,
  4.0248703E+02,  0.0000000E+00,  2.5627393E+02,3116,  6.0708559E-01,  0.0000000E+00, -1.1531738E-02,  1.0002635E+03,  1.5682524E+04,3,
  4.0011887E+02,  0.0000000E+00,  2.5376559E+02,2878,  3.9342338E-01,  0.0000000E+00,  1.6810790E-02,  1.0005961E+03,  3.5504496E+04,3,
  4.0176953E+02,  0.0000000E+00,  2.5408041E+02,2988,  4.5651603E-01,  0.0000000E+00, -1.3658092E-02,  1.0005350E+03,  3.1859498E+04,3,
  4.0311826E+02,  0.0000000E+00,  2.5385233E+02,2750,  4.2458072E-01,  0.0000000E+00,  9.8073103E-02,  1.0004744E+03,  2.8248590E+04,3,
  4.0403793E+02,  0.0000000E+00,  2.5633374E+02,2977,  5.5858892E-01,  0.0000000E+00, -1.0149714E-02,  1.0002316E+03,  1.3781724E+04,3,
  4.0503055E+02,  0.0000000E+00,  2.5556932E+02,2969,  6.0323393E-01,  0.0000000E+00, -7.7153923E-04,  1.0003015E+03,  1.7939971E+04,3,
  4.0472089E+02,  0.0000000E+00,  2.5391789E+02,2906,  3.7702942E-01,  0.0000000E+00,  7.4028425E-02,  1.0005294E+03,  3.1528201E+04,3,
  4.0650458E+02,  0.0000000E+00,  2.5622369E+02,3108,  7.1381712E-01,  0.0000000E+00, -3.9217602E-02,  1.0002043E+03,  1.2157427E+04,3,
  4.0656906E+02,  0.0000000E+00,  2.5421585E+02,2997,  5.2376318E-01,  0.0000000E+00,  1.3090277E-01,  1.0006608E+03,  3.9369434E+04,3,
  4.0802615E+02,  0.0000000E+00,  2.5616031E+02,3117,  6.1378390E-01,  0.0000000E+00, -1.0752212E-01,  1.0002276E+03,  1.3541878E+04,3,
  4.0950159E+02,  0.0000000E+00,  2.5573595E+02,2605,  5.5853540E-01,  0.0000000E+00, -1.4403611E-01,  1.0002538E+03,  1.5100979E+04,3,
  4.0836697E+02,  0.0000000E+00,  2.5443141E+02,2904,  4.6542218E-01,  0.0000000E+00, -1.2830028E-01,  1.0004341E+03,  2.5843260E+04,3,
  4.0781610E+02,  0.0000000E+00,  2.5214195E+02,2891,  9.8965041E-02,  0.0000000E+00, -1.5606433E-01,  1.0008394E+03,  5.0032195E+04,3,
  4.1054327E+02,  0.0000000E+00,  2.5436079E+02,2889,  9.5976937E-01,  0.0000000E+00, -1.1477795E-01,  1.0007857E+03,  4.6826699E+04,3,
  4.1099298E+02,  0.0000000E+00,  2.5613547E+02,3059,  7.3139077E-01,  0.0000000E+00,  3.9736755E-02,  1.0002217E+03,  1.3193021E+04,3,
  4.1102396E+02,  0.0000000E+00,  2.5176456E+02,2859, -8.5275486E-02,  0.0000000E+00,  1.3803531E-01,  1.0008424E+03,  5.0214562E+04,3,
  4.1264609E+02,  0.0000000E+00,  2.5323055E+02,2914,  6.5803987E-01,  0.0000000E+00,  1.2019868E-01,  1.0000703E+03,  4.1778882E+03,3,
  4.1223929E+02,  0.0000000E+00,  2.5621005E+02,3097,  6.3568538E-01,  0.0000000E+00,  1.4440306E-01,  1.0002736E+03,  1.6278645E+04,3,
  4.1350403E+02,  0.0000000E+00,  2.5615564E+02,3088,  4.6008274E-01,  0.0000000E+00,  7.9977870E-02,  1.0003151E+03,  1.8754379E+04,3,
  4.1275745E+02,  0.0000000E+00,  2.5240681E+02,2825,  2.5808623E-01,  0.0000000E+00,  2.0216079E-01,  1.0013187E+03,  7.8719594E+04,3,
  4.1477945E+02,  0.0000000E+00,  2.5624527E+02,3099,  5.8002859E-01,  0.0000000E+00, -3.8474903E-02,  1.0002828E+03,  1.6831178E+04,3,
  4.1399805E+02,  0.0000000E+00,  2.5340694E+02,2907,  3.1764278E-01,  0.0000000E+00, -6.7479588E-02,  1.0001054E+03,  6.2693081E+03,3,
  4.1592151E+02,  0.0000000E+00,  2.5597057E+02,2888,  6.3037956E-01,  0.0000000E+00, -9.1476694E-02,  1.0002803E+03,  1.6678500E+04,3,
  4.1588757E+02,  0.0000000E+00,  2.5300745E+02,2761,  4.4026428E-01,  0.0000000E+00, -8.2883313E-02,  1.0007186E+03,  4.2816723E+04,3,
  4.1718649E+02,  0.0000000E+00,  2.5643802E+02,3098,  6.5900087E-01,  0.0000000E+00, -4.5151386E-02,  1.0001973E+03,  1.1739585E+04,3,
  4.1467456E+02,  0.0000000E+00,  2.5319232E+02,2916,  5.5102086E-01,  0.0000000E+00, -6.0016150E-03,  1.0005331E+03,  3.1746639E+04,3,
  4.1693134E+02,  0.0000000E+00,  2.5283701E+02,2746,  3.2025850E-01,  0.0000000E+00, -6.3630149E-02,  1.0008259E+03,  4.9226164E+04,3,
  4.1790057E+02,  0.0000000E+00,  2.5284030E+02,2434,  3.1628948E-01,  0.0000000E+00,  1.1218782E-02,  1.0007554E+03,  4.5014719E+04,3,
  4.1821985E+02,  0.0000000E+00,  2.5553839E+02,2860,  6.5312392E-01,  0.0000000E+00,  4.1077822E-02,  1.0002495E+03,  1.4846563E+04,3,
  4.1913040E+02,  0.0000000E+00,  2.5649097E+02,2940,  5.8332741E-01,  0.0000000E+00,  2.1334771E-02,  1.0002086E+03,  1.2408140E+04,3,
  4.1904633E+02,  0.0000000E+00,  2.5271092E+02,2543,  4.0109450E-01,  0.0000000E+00,  5.4132763E-02,  1.0010001E+03,  5.9640266E+04,3,
  4.2039087E+02,  0.0000000E+00,  2.5646835E+02,3070,  6.2650675E-01,  0.0000000E+00,  2.1225384E-02,  1.0002207E+03,  1.3131246E+04,3,
  4.2127792E+02,  0.0000000E+00,  2.5539977E+02,2971,  5.4477638E-01,  0.0000000E+00,  9.8373871E-03,  1.0003298E+03,  1.9630666E+04,3,
  4.2037631E+02,  0.0000000E+00,  2.5306940E+02,2777,  4.9417302E-01,  0.0000000E+00,  8.7052239E-03,  1.0003875E+03,  2.3067482E+04,3,
  4.2248666E+02,  0.0000000E+00,  2.5638190E+02,3089,  6.4734113E-01,  0.0000000E+00,  1.4447015E-02,  1.0002087E+03,  1.2419040E+04,3,
  4.2107593E+02,  0.0000000E+00,  2.5287749E+02,2933,  4.0340918E-01,  0.0000000E+00,  2.0233737E-03,  1.0006332E+03,  3.7719094E+04,3,
  4.2192712E+02,  0.0000000E+00,  2.5311063E+02,3006,  3.9195761E-01,  0.0000000E+00, -1.7968344E-02,  1.0003052E+03,  1.8165381E+04,3,
  4.2362650E+02,  0.0000000E+00,  2.5630020E+02,3079,  6.0173470E-01,  0.0000000E+00,  4.2857029E-02,  1.0001901E+03,  1.1307229E+04,3,
  4.2266080E+02,  0.0000000E+00,  2.5301596E+02,2987,  4.0409011E-01,  0.0000000E+00, -1.3305681E-02,  1.0004827E+03,  2.8739918E+04,3,
  4.2400073E+02,  0.0000000E+00,  2.5268399E+02,2643,  3.3221471E-01,  0.0000000E+00,  7.0751859E-03,  1.0010840E+03,  6.4665105E+04,3,
  4.2466714E+02,  0.0000000E+00,  2.5505582E+02,2778,  5.5230713E-01,  0.0000000E+00,  7.5353444E-02,  1.0003421E+03,  2.0361572E+04,3,
  4.2548520E+02,  0.0000000E+00,  2.5632492E+02,3081,  5.5842221E-01,  0.0000000E+00,  4.9301822E-02,  1.0001884E+03,  1.1205501E+04,3,
  4.2527563E+02,  0.0000000E+00,  2.5268307E+02,2425,  4.0555963E-01,  0.0000000E+00,  3.3789005E-02,  1.0011119E+03,  6.6330875E+04,3,
  4.2667432E+02,  0.0000000E+00,  2.5628030E+02,3071,  5.6529158E-01,  0.0000000E+00,  1.5535575E-02,  1.0002213E+03,  1.3163950E+04,3,
  4.2660721E+02,  0.0000000E+00,  2.5307556E+02,2917,  3.8809955E-01,  0.0000000E+00,  2.5940072E-02,  1.0004388E+03,  2.6127066E+04,3,
  4.2783954E+02,  0.0000000E+00,  2.5621985E+02,3023,  5.8406109E-01,  0.0000000E+00, -1.7682074E-02,  1.0002369E+03,  1.4094259E+04,3,
  4.2739014E+02,  0.0000000E+00,  2.5316341E+02,2768,  3.7688965E-01,  0.0000000E+00,  2.7678533E-02,  1.0002975E+03,  1.7707297E+04,3,
  4.2796097E+02,  0.0000000E+00,  2.5282195E+02,2861,  4.0789792E-01,  0.0000000E+00,  2.1954104E-02,  1.0007709E+03,  4.5940719E+04,3,
  4.2900031E+02,  0.0000000E+00,  2.5623755E+02,3080,  6.0161877E-01,  0.0000000E+00, -2.9356375E-02,  1.0002315E+03,  1.3774455E+04,3,
  4.3018045E+02,  0.0000000E+00,  2.5621457E+02,3063,  6.1529720E-01,  0.0000000E+00, -1.3144167E-02,  1.0002209E+03,  1.3145781E+04,3,
  4.2909714E+02,  0.0000000E+00,  2.5296164E+02,2651,  4.0043527E-01,  0.0000000E+00,  1.2887597E-02,  1.0006190E+03,  3.6870348E+04,3,
  4.3008072E+02,  0.0000000E+00,  2.5285539E+02,2818,  3.9686331E-01,  0.0000000E+00,  1.5663279E-02,  1.0007578E+03,  4.5160539E+04,3,
  4.3091110E+02,  0.0000000E+00,  2.5313631E+02,2864,  4.2314461E-01,  0.0000000E+00,  1.8984487E-02,  1.0004432E+03,  2.6385410E+04,3,
  4.3133432E+02,  0.0000000E+00,  2.5621838E+02,3052,  6.1575913E-01,  0.0000000E+00,  9.6737929E-03,  1.0002083E+03,  1.2389972E+04,3,
  4.3199472E+02,  0.0000000E+00,  2.5269737E+02,2708,  3.6568695E-01,  0.0000000E+00,  2.2887867E-02,  1.0010018E+03,  5.9742492E+04,3,
  4.3245718E+02,  0.0000000E+00,  2.5631165E+02,3053,  6.0986722E-01,  0.0000000E+00,  1.9034270E-02,  1.0001906E+03,  1.1336295E+04,3,
  4.3300336E+02,  0.0000000E+00,  2.5308781E+02,2773,  3.8899845E-01,  0.0000000E+00,  2.7591703E-02,  1.0004864E+03,  2.8961932E+04,3,
  4.3347183E+02,  0.0000000E+00,  2.5557094E+02,2551,  5.9970880E-01,  0.0000000E+00,  6.0701307E-02,  1.0001913E+03,  1.1379893E+04,3,
  4.3444403E+02,  0.0000000E+00,  2.5634555E+02,2795,  5.9240174E-01,  0.0000000E+00,  1.3007827E-03,  1.0001965E+03,  1.1688719E+04,3,
  4.3395923E+02,  0.0000000E+00,  2.5306625E+02,2800,  4.2483962E-01,  0.0000000E+00,  2.3054028E-02,  1.0005115E+03,  3.0457932E+04,3,
  4.3562363E+02,  0.0000000E+00,  2.5628085E+02,2677,  6.3070464E-01,  0.0000000E+00, -4.4209310E-03,  1.0002206E+03,  1.3123979E+04,3,
  4.3493179E+02,  0.0000000E+00,  2.5261423E+02,2728,  3.9648443E-01,  0.0000000E+00,  1.6718289E-02,  1.0011735E+03,  7.0017734E+04,3,
  4.3675101E+02,  0.0000000E+00,  2.5625067E+02,2822,  6.3539845E-01,  0.0000000E+00,  7.2054886E-03,  1.0002162E+03,  1.2862346E+04,3,
  4.3617285E+02,  0.0000000E+00,  2.5308682E+02,2880,  3.6522788E-01,  0.0000000E+00,  4.9718306E-03,  1.0004457E+03,  2.6534596E+04,3,
  4.3680594E+02,  0.0000000E+00,  2.5306534E+02,2587,  3.8678002E-01,  0.0000000E+00, -3.1920304E-03,  1.0004435E+03,  2.6403604E+04,3,
  4.3762985E+02,  0.0000000E+00,  2.5290509E+02,2779,  4.1085356E-01,  0.0000000E+00, -1.8088358E-03,  1.0005999E+03,  3.5730305E+04,3,
  4.3803943E+02,  0.0000000E+00,  2.5639325E+02,2686,  6.9091731E-01,  0.0000000E+00, -1.5389686E-02,  1.0001694E+03,  1.0075662E+04,3,
  4.3846683E+02,  0.0000000E+00,  2.5575453E+02,2853,  5.2220452E-01,  0.0000000E+00,  1.6504949E-02,  1.0001651E+03,  9.8213760E+03,3,
  4.3887698E+02,  0.0000000E+00,  2.5289822E+02,2833,  6.0288370E-01,  0.0000000E+00,  7.6440126E-02,  1.0005292E+03,  3.1513639E+04,3,
  4.3971417E+02,  0.0000000E+00,  2.5283028E+02,2662,  2.5507170E-01,  0.0000000E+00,  4.1541107E-02,  1.0006979E+03,  4.1581246E+04,3,
  4.3976691E+02,  0.0000000E+00,  2.5625055E+02,3034,  5.6070012E-01,  0.0000000E+00, -1.1295570E-01,  1.0001136E+03,  6.7559170E+03,3,
  4.4075357E+02,  0.0000000E+00,  2.5547865E+02,2797,  6.0884899E-01,  0.0000000E+00, -3.3797356E-01,  1.0000836E+03,  4.9693809E+03,3,
  4.4016104E+02,  0.0000000E+00,  2.5285599E+02,2552,  1.5208460E-01,  0.0000000E+00,  2.6944699E-02,  1.0008444E+03,  5.0331281E+04,3,
  4.4223990E+02,  0.0000000E+00,  2.5582855E+02,2659,  8.5871631E-01,  0.0000000E+00, -2.0336582E-01,  1.0001960E+03,  1.1659652E+04,3,
  4.4367102E+02,  0.0000000E+00,  2.5594576E+02,3054,  5.9542578E-01,  0.0000000E+00, -6.5285653E-02,  1.0003733E+03,  2.2219988E+04,3,
  4.4200241E+02,  0.0000000E+00,  2.5396370E+02,2748,  1.1329895E+00,  0.0000000E+00,  6.8117750E-01,  1.0011671E+03,  6.9634008E+04,3,
  4.4367447E+02,  0.0000000E+00,  2.5527666E+02,2756,  1.1113211E+00,  0.0000000E+00,  2.7886316E-01,  1.0001344E+03,  7.9943354E+03,3,
  4.4559775E+02,  0.0000000E+00,  2.5513638E+02,2724,  9.4594067E-01,  0.0000000E+00,  2.5162444E-02,  1.0003137E+03,  1.8670752E+04,3,
  4.4590527E+02,  0.0000000E+00,  2.5619406E+02,2668,  8.5944289E-01,  0.0000000E+00, -4.7962084E-02,  1.0003607E+03,  2.1467123E+04,3,
  4.4632086E+02,  0.0000000E+00,  2.5497797E+02,2742,  1.0836233E+00,  0.0000000E+00, -8.2194768E-02,  1.0005013E+03,  2.9853682E+04,3,
  4.4764499E+02,  0.0000000E+00,  2.5509052E+02,2743,  8.6380756E-01,  0.0000000E+00, -4.1188117E-02,  1.0001404E+03,  8.3539053E+03,3,
  4.4970709E+02,  0.0000000E+00,  2.5598581E+02,3025,  9.2087746E-01,  0.0000000E+00, -5.5847750E-03,  1.0003094E+03,  1.8412609E+04,3,
  4.4755942E+02,  0.0000000E+00,  2.5511838E+02,2488,  9.0290457E-01,  0.0000000E+00, -7.6450251E-02,  9.9998181E+02, -1.0813904E+03,3,
  4.5039099E+02,  0.0000000E+00,  2.5496771E+02,3043,  9.2489386E-01,  0.0000000E+00, -6.5873340E-02,  1.0004066E+03,  2.4206076E+04,3,
  4.4877206E+02,  0.0000000E+00,  2.5497607E+02,2642,  1.0126897E+00,  0.0000000E+00,  1.4153414E-02,  1.0004913E+03,  2.9253107E+04,3,
  4.5118597E+02,  0.0000000E+00,  2.5500409E+02,2813,  9.1317928E-01,  0.0000000E+00,  2.6437491E-02,  1.0004202E+03,  2.5017357E+04,3,
  4.5244775E+02,  0.0000000E+00,  2.5491144E+02,3044,  9.3835521E-01,  0.0000000E+00,  4.4530373E-02,  1.0005858E+03,  3.4892656E+04,3,
  4.5289636E+02,  0.0000000E+00,  2.5579588E+02,3035,  9.3794423E-01,  0.0000000E+00, -2.5101062E-02,  1.0003380E+03,  2.0117932E+04,3,
  4.5415094E+02,  0.0000000E+00,  2.5498227E+02,2718,  9.3439305E-01,  0.0000000E+00,  3.8670875E-02,  1.0004066E+03,  2.4206076E+04,3,
  4.5497537E+02,  0.0000000E+00,  2.5500146E+02,2932,  9.8386037E-01,  0.0000000E+00, -8.5286824E-03,  1.0003798E+03,  2.2605533E+04,3,
  4.5585995E+02,  0.0000000E+00,  2.5515877E+02,2714,  9.6520674E-01,  0.0000000E+00, -8.1038594E-02,  1.0001068E+03,  6.3528291E+03,3,
  4.5589514E+02,  0.0000000E+00,  2.5627063E+02,3036,  9.3544811E-01,  0.0000000E+00, -5.4230843E-02,  1.0002074E+03,  1.2339102E+04,3,
  4.5704358E+02,  0.0000000E+00,  2.5497704E+02,2782,  9.4125712E-01,  0.0000000E+00, -9.0163991E-02,  1.0004368E+03,  2.6006994E+04,3,
  4.5768198E+02,  0.0000000E+00,  2.5511014E+02,2716,  9.5726073E-01,  0.0000000E+00, -1.3607356E-01,  1.0002798E+03,  1.6653055E+04,3,
  4.5861362E+02,  0.0000000E+00,  2.5516415E+02,2905,  9.9054587E-01,  0.0000000E+00, -1.0918383E-02,  1.0003927E+03,  2.3376672E+04,3,
  4.5962543E+02,  0.0000000E+00,  2.5511893E+02,2978,  8.8985682E-01,  0.0000000E+00, -1.9193310E-01,  1.0005779E+03,  3.4422875E+04,3,
  4.6045090E+02,  0.0000000E+00,  2.5505814E+02,3026,  9.4882971E-01,  0.0000000E+00,  6.9812156E-02,  1.0004429E+03,  2.6370855E+04,3,
  4.6179800E+02,  0.0000000E+00,  2.5505269E+02,2737,  9.7776157E-01,  0.0000000E+00, -1.4522509E-01,  1.0002383E+03,  1.4181479E+04,3,
  4.6246014E+02,  0.0000000E+00,  2.5483473E+02,3017,  1.0681037E+00,  0.0000000E+00, -1.9586276E-01,  1.0004576E+03,  2.7244176E+04,3,
  4.6260233E+02,  0.0000000E+00,  2.5564226E+02,3027,  8.7959552E-01,  0.0000000E+00, -1.0180745E-01,  1.0004824E+03,  2.8721721E+04,3,
  4.6436523E+02,  0.0000000E+00,  2.5491896E+02,2634,  9.4235307E-01,  0.0000000E+00, -2.1384406E-01,  1.0002805E+03,  1.6693041E+04,3,
  4.6475116E+02,  0.0000000E+00,  2.5591167E+02,2786,  8.5382795E-01,  0.0000000E+00, -1.1783288E-01,  1.0004175E+03,  2.4857279E+04,3,
  4.6547491E+02,  0.0000000E+00,  2.5501927E+02,2791,  9.4408810E-01,  0.0000000E+00, -1.0340581E-01,  1.0002518E+03,  1.4984674E+04,3,
  4.6655026E+02,  0.0000000E+00,  2.5512352E+02,2823,  9.6514773E-01,  0.0000000E+00,  4.1227895E-03,  1.0001727E+03,  1.0271831E+04,3,
  4.6698529E+02,  0.0000000E+00,  2.5487354E+02,2479,  9.3798691E-01,  0.0000000E+00, -7.5041264E-02,  1.0007917E+03,  4.7187676E+04,3,
  4.6852112E+02,  0.0000000E+00,  2.5623938E+02,3007,  9.3475127E-01,  0.0000000E+00, -5.9062041E-02,  1.0003409E+03,  2.0292479E+04,3,
  4.6862766E+02,  0.0000000E+00,  2.5513602E+02,2835,  9.3698877E-01,  0.0000000E+00, -1.3914043E-01,  9.9954358E+02, -2.7100717E+04,3,
  4.6903265E+02,  0.0000000E+00,  2.5500670E+02,2669,  9.3160230E-01,  0.0000000E+00, -3.4476381E-02,  1.0004835E+03,  2.8790871E+04,3,
  4.6993109E+02,  0.0000000E+00,  2.5498607E+02,2788,  9.1699058E-01,  0.0000000E+00, -2.1739230E-03,  1.0003940E+03,  2.3453061E+04,3,
  4.7086829E+02,  0.0000000E+00,  2.5495605E+02,2935,  9.7618788E-01,  0.0000000E+00,  3.7465084E-02,  1.0003757E+03,  2.2365475E+04,3,
  4.7184268E+02,  0.0000000E+00,  2.5577681E+02,3018,  9.4703662E-01,  0.0000000E+00, -6.9027818E-03,  1.0005195E+03,  3.0934807E+04,3,
  4.7272818E+02,  0.0000000E+00,  2.5501637E+02,2734,  9.4021243E-01,  0.0000000E+00,  4.2030402E-03,  1.0003386E+03,  2.0150658E+04,3,
  4.7367688E+02,  0.0000000E+00,  2.5485376E+02,2687,  9.4647187E-01,  0.0000000E+00,  1.5154249E-02,  1.0007663E+03,  4.5667285E+04,3,
  4.7446628E+02,  0.0000000E+00,  2.5514372E+02,2824,  9.5291668E-01,  0.0000000E+00,  3.5850119E-02,  9.9937506E+02, -3.7087996E+04,3,
  4.7497205E+02,  0.0000000E+00,  2.5606015E+02,2759,  9.5141339E-01,  0.0000000E+00,  2.3383357E-02,  1.0003522E+03,  2.0961609E+04,3,
  4.7519705E+02,  0.0000000E+00,  2.5499100E+02,2817,  9.5355451E-01,  0.0000000E+00,  9.9379327E-03,  1.0004242E+03,  2.5253842E+04,3,
  4.7648395E+02,  0.0000000E+00,  2.5508607E+02,2717,  9.0736866E-01,  0.0000000E+00, -2.2255575E-02,  1.0004561E+03,  2.7153201E+04,3,
  4.7756284E+02,  0.0000000E+00,  2.5495940E+02,2998,  9.5165855E-01,  0.0000000E+00,  1.3583630E-01,  1.0008478E+03,  5.0535539E+04,3,
  4.7871570E+02,  0.0000000E+00,  2.5510651E+02,2989,  1.0060987E+00,  0.0000000E+00,  2.0904865E-03,  1.0000356E+03,  2.1159473E+03,3,
  4.7920966E+02,  0.0000000E+00,  2.5508635E+02,2623,  9.2617846E-01,  0.0000000E+00, -2.1789003E-02,  1.0004026E+03,  2.3969615E+04,3,
  4.8028983E+02,  0.0000000E+00,  2.5532724E+02,2980,  9.4919342E-01,  0.0000000E+00,  2.6353123E-02,  1.0004800E+03,  2.8583418E+04,3,
  4.8086343E+02,  0.0000000E+00,  2.5504974E+02,2614,  9.5741320E-01,  0.0000000E+00, -5.0114386E-02,  1.0002106E+03,  1.2531682E+04,3,
  4.8175793E+02,  0.0000000E+00,  2.5512335E+02,2991,  9.3362743E-01,  0.0000000E+00,  7.4112289E-02,  1.0002889E+03,  1.7194703E+04,3,
  4.8290353E+02,  0.0000000E+00,  2.5489204E+02,3000,  9.5929825E-01,  0.0000000E+00, -7.4970010E-03,  1.0009567E+03,  5.7044848E+04,3,
  4.8430411E+02,  0.0000000E+00,  2.5499435E+02,2961,  9.3963951E-01,  0.0000000E+00, -1.6853113E-02,  1.0005277E+03,  3.1426266E+04,3,
  4.8492102E+02,  0.0000000E+00,  2.5639426E+02,2685,  1.0130348E+00,  0.0000000E+00,  1.9149356E-04,  1.0002541E+03,  1.5119151E+04,3,
  4.8521490E+02,  0.0000000E+00,  2.5511656E+02,2615,  9.1513520E-01,  0.0000000E+00, -8.5752243E-03,  9.9961688E+02, -2.2753225E+04,3,
  4.8601788E+02,  0.0000000E+00,  2.5494629E+02,2598,  9.1937733E-01,  0.0000000E+00, -4.9546387E-02,  1.0005877E+03,  3.5005551E+04,3,
  4.8699155E+02,  0.0000000E+00,  2.5501521E+02,2925,  9.6401846E-01,  0.0000000E+00, -3.0271528E-02,  1.0004798E+03,  2.8568859E+04,3,
  4.8817868E+02,  0.0000000E+00,  2.5515010E+02,2703,  9.4407785E-01,  0.0000000E+00,  1.5469122E-01,  1.0007406E+03,  4.4132547E+04,3,
  4.8930945E+02,  0.0000000E+00,  2.5500417E+02,2990,  9.0735841E-01,  0.0000000E+00,  5.7297073E-02,  1.0004505E+03,  2.6822061E+04,3,
  4.9009784E+02,  0.0000000E+00,  2.5500671E+02,2741,  9.6293092E-01,  0.0000000E+00,  2.1299620E-03,  1.0003640E+03,  2.1667154E+04,3,
  4.9153403E+02,  0.0000000E+00,  2.5496245E+02,2710,  1.0379714E+00,  0.0000000E+00,  2.5426781E-02,  1.0003117E+03,  1.8550770E+04,3,
  4.9150876E+02,  0.0000000E+00,  2.5574763E+02,2973,  7.3845363E-01,  0.0000000E+00, -4.4445796E-03,  1.0004221E+03,  2.5126504E+04,3,
  4.9242505E+02,  0.0000000E+00,  2.5506502E+02,2626,  1.0655916E+00,  0.0000000E+00,  9.9533811E-02,  1.0000687E+03,  4.0834941E+03,3,
  4.9337762E+02,  0.0000000E+00,  2.5501357E+02,2815,  8.8897997E-01,  0.0000000E+00,  2.5763959E-02,  1.0004461E+03,  2.6560068E+04,3,
  4.9493558E+02,  0.0000000E+00,  2.5474713E+02,2507,  1.0538708E+00,  0.0000000E+00,  1.9150181E-02,  1.0007827E+03,  4.6644391E+04,3,
  4.9478189E+02,  0.0000000E+00,  2.5590906E+02,2972,  8.0947536E-01,  0.0000000E+00, -1.8114662E-02,  1.0004717E+03,  2.8088459E+04,3,
  4.9655026E+02,  0.0000000E+00,  2.5516849E+02,2806,  1.0140449E+00,  0.0000000E+00,  2.6504807E-02,  9.9934546E+02, -3.8841328E+04,3,
  4.9664868E+02,  0.0000000E+00,  2.5501256E+02,2720,  1.0002570E+00,  0.0000000E+00,  7.2936462E-03,  1.0002659E+03,  1.5820646E+04,3,
  4.9684109E+02,  0.0000000E+00,  2.5623010E+02,2841,  8.4480298E-01,  0.0000000E+00,  1.9478003E-02,  1.0004227E+03,  2.5162887E+04,3,
  4.9817410E+02,  0.0000000E+00,  2.5474396E+02,2617,  9.7521329E-01,  0.0000000E+00,  1.5506780E-03,  1.0008043E+03,  4.7938840E+04,3,
  4.9920462E+02,  0.0000000E+00,  2.5611893E+02,2982,  8.4474766E-01,  0.0000000E+00,  7.9715839E-03,  1.0004537E+03,  2.7014922E+04,3,
  4.9995575E+02,  0.0000000E+00,  2.5484067E+02,2580,  1.0020387E+00,  0.0000000E+00,  5.5852635E-03,  1.0006343E+03,  3.7784664E+04,3,
  5.0114288E+02,  0.0000000E+00,  2.5514973E+02,2470,  9.9251944E-01,  0.0000000E+00,  7.1919798E-03,  9.9929773E+02, -4.1667691E+04,3,
  5.0161227E+02,  0.0000000E+00,  2.5485437E+02,2480,  9.8964781E-01,  0.0000000E+00,  4.7573969E-03,  1.0005363E+03,  3.1935953E+04,3,
  5.0151129E+02,  0.0000000E+00,  2.5605664E+02,2869,  8.4694332E-01,  0.0000000E+00,  1.7641779E-02,  1.0005143E+03,  3.0629021E+04,3,
  5.0336148E+02,  0.0000000E+00,  2.5474841E+02,2389,  9.7565460E-01,  0.0000000E+00, -1.3904258E-04,  1.0006764E+03,  4.0298555E+04,3,
  5.0365283E+02,  0.0000000E+00,  2.5600922E+02,2962,  8.8362086E-01,  0.0000000E+00,  1.5853448E-02,  1.0005475E+03,  3.2609510E+04,3,
  5.0544232E+02,  0.0000000E+00,  2.5503548E+02,2658,  9.6205920E-01,  0.0000000E+00,  1.8661493E-02,  1.0000694E+03,  4.1270605E+03,3,
  5.0551297E+02,  0.0000000E+00,  2.5503560E+02,2534,  9.5762920E-01,  0.0000000E+00,  2.1623444E-02,  1.0000708E+03,  4.2105630E+03,3,
  5.0608499E+02,  0.0000000E+00,  2.5606024E+02,2887,  8.7570500E-01,  0.0000000E+00,  2.4869752E-03,  1.0004462E+03,  2.6567346E+04,3,
  5.0707480E+02,  0.0000000E+00,  2.5472121E+02,2745,  9.7161651E-01,  0.0000000E+00,  3.0928673E-02,  1.0008858E+03,  5.2808207E+04,3,
  5.0845203E+02,  0.0000000E+00,  2.5521117E+02,2781,  9.5186675E-01,  0.0000000E+00,  4.2598166E-02,  9.9940057E+02, -3.5576625E+04,3,
  5.0846405E+02,  0.0000000E+00,  2.5637375E+02,2954,  9.1247481E-01,  0.0000000E+00,  1.7104724E-02,  1.0003599E+03,  2.1423480E+04,3,
  5.0886258E+02,  0.0000000E+00,  2.5495653E+02,2733,  9.7313374E-01,  0.0000000E+00,  2.3773612E-02,  1.0004811E+03,  2.8645289E+04,3,
  5.1022659E+02,  0.0000000E+00,  2.5485425E+02,2699,  9.5596004E-01,  0.0000000E+00,  3.5453814E-03,  1.0005919E+03,  3.5256840E+04,3,
  5.1076443E+02,  0.0000000E+00,  2.5627609E+02,2842,  9.1804129E-01,  0.0000000E+00,  7.0142024E-03,  1.0003762E+03,  2.2394572E+04,3,
  5.1164371E+02,  0.0000000E+00,  2.5495898E+02,2660,  9.4282460E-01,  0.0000000E+00,  1.7699336E-03,  1.0003686E+03,  2.1939930E+04,3,
  5.1252875E+02,  0.0000000E+00,  2.5504556E+02,2736,  9.4103092E-01,  0.0000000E+00,  9.2337057E-03,  1.0001188E+03,  7.0682310E+03,3,
  5.1352789E+02,  0.0000000E+00,  2.5632803E+02,2955,  9.8185408E-01,  0.0000000E+00, -1.2957997E-02,  1.0003420E+03,  2.0354299E+04,3,
  5.1373724E+02,  0.0000000E+00,  2.5493422E+02,2706,  9.3313074E-01,  0.0000000E+00, -1.2750209E-03,  1.0003687E+03,  2.1947205E+04,3,
  5.1428674E+02,  0.0000000E+00,  2.5500145E+02,2689,  9.3971103E-01,  0.0000000E+00,  9.1770460E-04,  1.0001821E+03,  1.0834929E+04,3,
  5.1606262E+02,  0.0000000E+00,  2.5606625E+02,2964,  1.0024867E+00,  0.0000000E+00, -2.7032297E-02,  1.0004662E+03,  2.7757289E+04,3,
  5.1590643E+02,  0.0000000E+00,  2.5484296E+02,2571,  9.0845978E-01,  0.0000000E+00, -4.0395171E-03,  1.0005015E+03,  2.9864602E+04,3,
  5.1720050E+02,  0.0000000E+00,  2.5494958E+02,2646,  9.4400328E-01,  0.0000000E+00, -1.9557425E-03,  1.0002887E+03,  1.7180162E+04,3,
  5.1870160E+02,  0.0000000E+00,  2.5632410E+02,2934,  1.1122952E+00,  0.0000000E+00,  2.5468642E-02,  1.0003472E+03,  2.0663404E+04,3,
  5.1842059E+02,  0.0000000E+00,  2.5498849E+02,2711,  9.0280408E-01,  0.0000000E+00, -1.0435883E-02,  1.0002714E+03,  1.6151421E+04,3,
  5.1938666E+02,  0.0000000E+00,  2.5484135E+02,2680,  8.8384074E-01,  0.0000000E+00, -1.9223714E-02,  1.0006428E+03,  3.8291035E+04,3,
  5.2096539E+02,  0.0000000E+00,  2.5499393E+02,2688,  9.2903709E-01,  0.0000000E+00, -2.4294212E-02,  1.0003729E+03,  2.2198164E+04,3,
  5.2094879E+02,  0.0000000E+00,  2.5516534E+02,2799,  8.9934462E-01,  0.0000000E+00, -1.4282946E-02,  9.9954132E+02, -2.7234623E+04,3,
  5.2122400E+02,  0.0000000E+00,  2.5635385E+02,2732,  9.9843597E-01,  0.0000000E+00, -1.6666297E-02,  1.0003670E+03,  2.1845367E+04,3,
  5.2256891E+02,  0.0000000E+00,  2.5486932E+02,2678,  9.4576210E-01,  0.0000000E+00, -9.3831634E-03,  1.0005904E+03,  3.5165793E+04,3,
  5.2409711E+02,  0.0000000E+00,  2.5606281E+02,2578,  1.0309969E+00,  0.0000000E+00, -5.6603748E-02,  1.0004668E+03,  2.7793680E+04,3,
  5.2310352E+02,  0.0000000E+00,  2.5499313E+02,2635,  9.0971768E-01,  0.0000000E+00, -3.5965230E-02,  1.0002782E+03,  1.6554906E+04,3,
  5.2487506E+02,  0.0000000E+00,  2.5488542E+02,2836,  9.2241681E-01,  0.0000000E+00, -7.8859583E-02,  1.0004119E+03,  2.4518939E+04,3,
  5.2600250E+02,  0.0000000E+00,  2.5498058E+02,2870,  9.1948378E-01,  0.0000000E+00, -7.7260293E-02,  1.0002296E+03,  1.3661800E+04,3,
  5.2670642E+02,  0.0000000E+00,  2.5637219E+02,2945,  9.5581460E-01,  0.0000000E+00, -4.7688358E-02,  1.0003474E+03,  2.0674314E+04,3,
  5.2698389E+02,  0.0000000E+00,  2.5496765E+02,2681,  9.6099359E-01,  0.0000000E+00, -7.8272387E-02,  1.0003492E+03,  2.0787049E+04,3,
  5.2820355E+02,  0.0000000E+00,  2.5487592E+02,2707,  8.9945835E-01,  0.0000000E+00, -4.4636976E-02,  1.0006330E+03,  3.7708164E+04,3,
  5.2916589E+02,  0.0000000E+00,  2.5660867E+02,2936,  9.4458932E-01,  0.0000000E+00, -3.4953859E-02,  1.0003182E+03,  1.8936174E+04,3,
  5.2934387E+02,  0.0000000E+00,  2.5529103E+02,2645,  9.8157775E-01,  0.0000000E+00, -3.3862904E-02,  9.9924664E+02, -4.4691945E+04,3,
  5.2964636E+02,  0.0000000E+00,  2.5485327E+02,2735,  9.1990769E-01,  0.0000000E+00, -3.9186496E-02,  1.0007161E+03,  4.2667289E+04,3,
  5.3134869E+02,  0.0000000E+00,  2.5475468E+02,2609,  9.6039289E-01,  0.0000000E+00, -3.0131688E-02,  1.0008571E+03,  5.1089977E+04,3,
  5.3115082E+02,  0.0000000E+00,  2.5646301E+02,2705,  9.0532273E-01,  0.0000000E+00, -1.5140831E-02,  1.0003317E+03,  1.9743391E+04,3,
  5.3246582E+02,  0.0000000E+00,  2.5522552E+02,2827,  9.2084384E-01,  0.0000000E+00, -2.6758054E-02,  9.9963110E+02, -2.1909568E+04,3,
  5.3311261E+02,  0.0000000E+00,  2.5489473E+02,2656,  9.5626837E-01,  0.0000000E+00, -1.2826329E-02,  1.0005840E+03,  3.4787043E+04,3,
  5.3363831E+02,  0.0000000E+00,  2.5634918E+02,2560,  9.1041648E-01,  0.0000000E+00, -1.0632065E-03,  1.0003331E+03,  1.9827023E+04,3,
  5.3444073E+02,  0.0000000E+00,  2.5500279E+02,2789,  9.4301707E-01,  0.0000000E+00,  1.3409325E-02,  1.0003250E+03,  1.9343410E+04,3,
  5.3535388E+02,  0.0000000E+00,  2.5499963E+02,2608,  9.1906941E-01,  0.0000000E+00,  3.7037816E-02,  1.0003263E+03,  1.9419768E+04,3,
  5.3655255E+02,  0.0000000E+00,  2.5492766E+02,2673,  9.5524275E-01,  0.0000000E+00,  3.2843079E-02,  1.0004583E+03,  2.7287844E+04,3,
  5.3647681E+02,  0.0000000E+00,  2.5639120E+02,2796,  9.3267334E-01,  0.0000000E+00,  2.1186808E-02,  1.0003190E+03,  1.8987078E+04,3,
  5.3735364E+02,  0.0000000E+00,  2.5510384E+02,2516,  9.3881702E-01,  0.0000000E+00,  3.3032037E-02,  9.9991058E+02, -5.3150957E+03,3,
  5.3823987E+02,  0.0000000E+00,  2.5493826E+02,2770,  9.4346946E-01,  0.0000000E+00,  2.0396627E-02,  1.0004194E+03,  2.4966424E+04,3,
  5.3913251E+02,  0.0000000E+00,  2.5621201E+02,2805,  9.1032743E-01,  0.0000000E+00,  3.0459370E-02,  1.0003785E+03,  2.2529150E+04,3,
  5.3975000E+02,  0.0000000E+00,  2.5493803E+02,2570,  9.3408269E-01,  0.0000000E+00,  1.1995170E-02,  1.0003380E+03,  2.0114295E+04,3,
  5.4012878E+02,  0.0000000E+00,  2.5497963E+02,2624,  9.6365005E-01,  0.0000000E+00,  2.1189218E-02,  1.0002091E+03,  1.2440842E+04,3,
  5.4171625E+02,  0.0000000E+00,  2.5593694E+02,2926,  9.1515326E-01,  0.0000000E+00,  2.3829605E-02,  1.0005377E+03,  3.2019689E+04,3,
  5.4201923E+02,  0.0000000E+00,  2.5483585E+02,2629,  9.1244441E-01,  0.0000000E+00,  4.5899120E-03,  1.0004493E+03,  2.6749285E+04,3,
  5.4301190E+02,  0.0000000E+00,  2.5495837E+02,2666,  9.4361466E-01,  0.0000000E+00,  1.9251153E-02,  1.0001357E+03,  8.0742388E+03,3,
  5.4406824E+02,  0.0000000E+00,  2.5586484E+02,2928,  9.3355739E-01,  0.0000000E+00,  9.0881251E-03,  1.0006331E+03,  3.7715449E+04,3,
  5.4461151E+02,  0.0000000E+00,  2.5484706E+02,2899,  9.1506636E-01,  0.0000000E+00,  2.3562716E-02,  1.0003265E+03,  1.9434312E+04,3,
  5.4597546E+02,  0.0000000E+00,  2.5485274E+02,2533,  9.2997241E-01,  0.0000000E+00,  2.3916034E-02,  1.0002831E+03,  1.6845719E+04,3,
  5.4629016E+02,  0.0000000E+00,  2.5596400E+02,2900,  9.4427013E-01,  0.0000000E+00,  1.1757640E-02,  1.0005677E+03,  3.3811098E+04,3,
  5.4749353E+02,  0.0000000E+00,  2.5481097E+02,2649,  9.3028349E-01,  0.0000000E+00,  1.8499038E-03,  1.0004581E+03,  2.7273289E+04,3,
  5.4847058E+02,  0.0000000E+00,  2.5609409E+02,2927,  9.4092458E-01,  0.0000000E+00,  1.5518382E-02,  1.0004979E+03,  2.9649846E+04,3,
  5.4906921E+02,  0.0000000E+00,  2.5492078E+02,2628,  9.2327923E-01,  0.0000000E+00, -1.9902993E-02,  1.0002745E+03,  1.6333169E+04,3,
  5.4990906E+02,  0.0000000E+00,  2.5497389E+02,2535,  9.2095560E-01,  0.0000000E+00, -7.3195905E-03,  1.0001621E+03,  9.6433789E+03,3,
  5.5091510E+02,  0.0000000E+00,  2.5618085E+02,2901,  9.2320329E-01,  0.0000000E+00,  1.4493578E-02,  1.0004464E+03,  2.6574623E+04,3,
  5.5130292E+02,  0.0000000E+00,  2.5485103E+02,2648,  9.0283394E-01,  0.0000000E+00,  3.7706364E-02,  1.0004675E+03,  2.7833711E+04,3,
  5.5266022E+02,  0.0000000E+00,  2.5484721E+02,2790,  9.0273702E-01,  0.0000000E+00,  8.0959179E-02,  1.0004800E+03,  2.8583418E+04,3,
  5.5323987E+02,  0.0000000E+00,  2.5620346E+02,2769,  9.8852128E-01,  0.0000000E+00,  3.3102121E-02,  1.0004338E+03,  2.5828705E+04,3,
  5.5416290E+02,  0.0000000E+00,  2.5497615E+02,2771,  9.2475277E-01,  0.0000000E+00,  4.4107419E-02,  1.0002651E+03,  1.5777029E+04,3,
  5.5480542E+02,  0.0000000E+00,  2.5506032E+02,2808,  9.5695066E-01,  0.0000000E+00,  4.1720225E-03,  1.0000385E+03,  2.2865496E+03,3,
  5.5583405E+02,  0.0000000E+00,  2.5655942E+02,2524,  8.8340795E-01,  0.0000000E+00,  6.2776301E-03,  1.0002875E+03,  1.7107455E+04,3,
  5.5607416E+02,  0.0000000E+00,  2.5492630E+02,2683,  9.3012226E-01,  0.0000000E+00, -2.8348606E-02,  1.0004384E+03,  2.6101596E+04,3,
  5.5635468E+02,  0.0000000E+00,  2.5502089E+02,2597,  9.6504092E-01,  0.0000000E+00, -2.1112125E-02,  1.0002169E+03,  1.2905951E+04,3,
  5.5813300E+02,  0.0000000E+00,  2.5479175E+02,2371,  9.1511536E-01,  0.0000000E+00, -5.0577685E-02,  1.0006393E+03,  3.8087027E+04,3,
  5.5843024E+02,  0.0000000E+00,  2.5624283E+02,2882,  9.3179858E-01,  0.0000000E+00, -2.2071397E-02,  1.0003728E+03,  2.2190891E+04,3,
  5.5950427E+02,  0.0000000E+00,  2.5501480E+02,2674,  9.0132213E-01,  0.0000000E+00, -4.5500670E-02,  1.0002924E+03,  1.7398283E+04,3,
  5.6020728E+02,  0.0000000E+00,  2.5508803E+02,2747,  9.4288146E-01,  0.0000000E+00, -4.0352728E-02,  1.0001581E+03,  9.4072656E+03,3,
  5.6097736E+02,  0.0000000E+00,  2.5643304E+02,2871,  9.1263598E-01,  0.0000000E+00, -1.2162977E-03,  1.0002930E+03,  1.7438271E+04,3,
  5.6157928E+02,  0.0000000E+00,  2.5479199E+02,2652,  9.0461212E-01,  0.0000000E+00,  1.8101305E-02,  1.0006405E+03,  3.8156242E+04,3,
  5.6221198E+02,  0.0000000E+00,  2.5512228E+02,2700,  9.1270018E-01,  0.0000000E+00,  4.7195990E-02,  9.9997241E+02, -1.6401835E+03,3,
  5.6340369E+02,  0.0000000E+00,  2.5641309E+02,2873,  9.7421950E-01,  0.0000000E+00,  2.1301620E-02,  1.0002794E+03,  1.6627609E+04,3,
  5.6388013E+02,  0.0000000E+00,  2.5482762E+02,2601,  8.1914937E-01,  0.0000000E+00,  8.2401216E-02,  1.0007800E+03,  4.6483965E+04,3,
  5.6447235E+02,  0.0000000E+00,  2.5517928E+02,2554,  9.9516463E-01,  0.0000000E+00,  2.0806958E-01,  1.0001415E+03,  8.4156514E+03,3,
  5.6549084E+02,  0.0000000E+00,  2.5526538E+02,2582,  9.6445477E-01,  0.0000000E+00,  9.4153352E-02,  1.0002910E+03,  1.7318305E+04,3,
  5.6670880E+02,  0.0000000E+00,  2.5591843E+02,2890,  1.1486083E+00,  0.0000000E+00, -6.2200516E-02,  1.0003484E+03,  2.0736137E+04,3,
  5.6706097E+02,  0.0000000E+00,  2.5506401E+02,2826,  6.9735956E-01,  0.0000000E+00, -3.7531641E-01,  1.0004812E+03,  2.8652568E+04,3,
  5.6838062E+02,  0.0000000E+00,  2.5528043E+02,2807,  9.8543656E-01,  0.0000000E+00,  4.1487388E-02,  1.0003220E+03,  1.9161605E+04,3,
  5.6931042E+02,  0.0000000E+00,  2.5517668E+02,2607,  1.1808895E+00,  0.0000000E+00,  1.1924892E-01,  1.0001645E+03,  9.7850498E+03,3,
  5.7127478E+02,  0.0000000E+00,  2.5628827E+02,2892,  1.0680015E+00,  0.0000000E+00,  1.5265395E-01,  1.0001381E+03,  8.2158867E+03,3,
  5.6910004E+02,  0.0000000E+00,  2.5417679E+02,2671,  6.4853311E-01,  0.0000000E+00, -2.9248345E-01,  1.0003640E+03,  2.1667154E+04,3,
  5.7053412E+02,  0.0000000E+00,  2.5368846E+02,2691,  9.0730202E-01,  0.0000000E+00, -4.3130559E-01,  1.0001712E+03,  1.0184645E+04,3,
  5.7281885E+02,  0.0000000E+00,  2.5646219E+02,2506,  4.4844985E-01,  0.0000000E+00, -1.0158241E-01,  1.0001716E+03,  1.0206441E+04,3,
  5.7278778E+02,  0.0000000E+00,  2.5585605E+02,2692,  5.6281078E-01,  0.0000000E+00, -4.2970452E-02,  1.0001506E+03,  8.9568496E+03,3,
  5.7183063E+02,  0.0000000E+00,  2.5311911E+02,2753,  3.9454097E-01,  0.0000000E+00, -1.8129678E-01,  1.0004834E+03,  2.8783592E+04,3,
  5.7264459E+02,  0.0000000E+00,  2.5291698E+02,2619,  5.2153575E-01,  0.0000000E+00, -1.2046056E-01,  1.0007351E+03,  4.3804484E+04,3,
  5.6974133E+02,  0.0000000E+00,  2.5226358E+02,2586, -1.4243269E-01,  0.0000000E+00,  3.2032669E-02,  1.0022017E+03,  1.3177767E+05,3,
  5.7381946E+02,  0.0000000E+00,  2.5572699E+02,2672,  7.7506852E-01,  0.0000000E+00, -2.3149395E-01,  1.0000908E+03,  5.3978296E+03,3,
  5.7375336E+02,  0.0000000E+00,  2.5286293E+02,2843,  5.2615160E-01,  0.0000000E+00, -4.7255978E-02,  1.0008593E+03,  5.1224945E+04,3,
  5.7517578E+02,  0.0000000E+00,  2.5637979E+02,2760,  9.1351438E-01,  0.0000000E+00, -2.9223818E-01,  1.0001880E+03,  1.1183702E+04,3,
  5.7631860E+02,  0.0000000E+00,  2.5607001E+02,2834,  9.6091288E-01,  0.0000000E+00, -1.0373859E-01,  1.0002056E+03,  1.2230096E+04,3,
  5.7496039E+02,  0.0000000E+00,  2.5275497E+02,2854,  5.5714369E-01,  0.0000000E+00,  3.4816403E-02,  1.0011422E+03,  6.8143078E+04,3,
  5.7741846E+02,  0.0000000E+00,  2.5624405E+02,2863,  7.9808813E-01,  0.0000000E+00, -3.1716160E-02,  1.0002145E+03,  1.2760602E+04,3,
  5.7849664E+02,  0.0000000E+00,  2.5655023E+02,2874,  7.1687609E-01,  0.0000000E+00, -8.0909625E-02,  1.0002031E+03,  1.2084757E+04,3,
  5.7611090E+02,  0.0000000E+00,  2.5270056E+02,2444,  4.9108803E-01,  0.0000000E+00,  9.4641529E-02,  1.0012268E+03,  7.3212414E+04,3,
  5.7954559E+02,  0.0000000E+00,  2.5648141E+02,2600,  9.0461826E-01,  0.0000000E+00, -7.2171748E-02,  1.0001677E+03,  9.9775801E+03,3,
  5.7758276E+02,  0.0000000E+00,  2.5308714E+02,2679,  7.0734930E-01,  0.0000000E+00, -5.9173036E-02,  1.0004982E+03,  2.9664406E+04,3,
  5.7803253E+02,  0.0000000E+00,  2.5287096E+02,2690,  9.2288989E-01,  0.0000000E+00, -1.1795363E-01,  1.0006813E+03,  4.0590059E+04,3,
  5.7959253E+02,  0.0000000E+00,  2.5274611E+02,2698,  9.0180892E-01,  0.0000000E+00,  1.9674703E-01,  1.0006553E+03,  3.9041527E+04,3,
  5.7984003E+02,  0.0000000E+00,  2.5309016E+02,2588,  3.3825868E-01,  0.0000000E+00,  6.9966145E-02,  1.0004555E+03,  2.7120451E+04,3,
  5.8008179E+02,  0.0000000E+00,  2.5315837E+02,2654,  2.2145998E-01,  0.0000000E+00,  3.8671345E-02,  1.0004791E+03,  2.8525188E+04,3,
  5.8048755E+02,  0.0000000E+00,  2.5625504E+02,2751,  1.1118858E+00,  0.0000000E+00, -3.8941022E-02,  1.0001327E+03,  7.8926416E+03,3,
  5.8210376E+02,  0.0000000E+00,  2.5582817E+02,2855,  1.3492807E+00,  0.0000000E+00,  1.3236088E-01,  1.0001318E+03,  7.8417949E+03,3,
  5.8188831E+02,  0.0000000E+00,  2.5393967E+02,2847,  1.0953144E+00,  0.0000000E+00,  9.7396213E-01,  1.0010795E+03,  6.4391160E+04,3,
  5.8391675E+02,  0.0000000E+00,  2.5544382E+02,2865,  1.0977317E+00,  0.0000000E+00,  6.2799001E-01,  1.0005585E+03,  3.3264902E+04,3,
  5.8518927E+02,  0.0000000E+00,  2.5514114E+02,2633,  1.0704536E+00,  0.0000000E+00, -1.6584475E-01,  1.0005901E+03,  3.5151227E+04,3,
  5.8318683E+02,  0.0000000E+00,  2.5559648E+02,2829,  8.5167128E-01,  0.0000000E+00,  4.7353837E-01,  1.0001090E+03,  6.4835586E+03,3,
  5.8643695E+02,  0.0000000E+00,  2.5493056E+02,2453,  1.1336464E+00,  0.0000000E+00, -1.1177200E-01,  1.0009877E+03,  5.8899172E+04,3,
  5.8690863E+02,  0.0000000E+00,  2.5563104E+02,2663,  1.2543467E+00,  0.0000000E+00,  1.4915055E-01,  1.0006647E+03,  3.9602617E+04,3,
  5.8712628E+02,  0.0000000E+00,  2.5527151E+02,2682,  5.4981834E-01,  0.0000000E+00, -7.6863185E-02,  9.9817859E+02, -1.0770739E+05,3,
  5.8830035E+02,  0.0000000E+00,  2.5614117E+02,2838,  6.5181655E-01,  0.0000000E+00,  5.6212198E-02,  1.0003808E+03,  2.2667369E+04,3,
  5.8873804E+02,  0.0000000E+00,  2.5450772E+02,2752,  1.3555075E+00,  0.0000000E+00,  2.3119456E-01,  1.0014441E+03,  8.6235609E+04,3,
  5.9030377E+02,  0.0000000E+00,  2.5530742E+02,2611,  1.3431152E+00,  0.0000000E+00,  1.3563561E-01,  1.0001021E+03,  6.0732188E+03,3,
  5.9125415E+02,  0.0000000E+00,  2.5626608E+02,2630,  6.6507816E-01,  0.0000000E+00,  5.9322819E-02,  1.0003072E+03,  1.8281723E+04,3,
  5.9168390E+02,  0.0000000E+00,  2.5518236E+02,2726,  1.0435650E+00,  0.0000000E+00, -1.5866055E-01,  9.9975464E+02, -1.4577946E+04,3,
  5.9241986E+02,  0.0000000E+00,  2.5503842E+02,2517,  1.0835832E+00,  0.0000000E+00,  2.1987574E-01,  1.0004158E+03,  2.4751773E+04,3,
  5.9231342E+02,  0.0000000E+00,  2.5497696E+02,2461,  1.1577249E+00,  0.0000000E+00,  1.8413910E-01,  1.0004468E+03,  2.6603732E+04,3,
  5.9408417E+02,  0.0000000E+00,  2.5497281E+02,2798,  1.0960466E+00,  0.0000000E+00,  2.5820962E-01,  1.0004724E+03,  2.8128492E+04,3,
  5.9534949E+02,  0.0000000E+00,  2.5488252E+02,2837,  1.1055609E+00,  0.0000000E+00,  8.7762624E-02,  1.0005238E+03,  3.1193275E+04,3,
  5.9554248E+02,  0.0000000E+00,  2.5601352E+02,2622,  1.0640877E+00,  0.0000000E+00,  6.4100102E-02,  1.0004091E+03,  2.4351592E+04,3,
  5.9694385E+02,  0.0000000E+00,  2.5497206E+02,2518,  1.1449832E+00,  0.0000000E+00, -1.4433600E-01,  1.0003708E+03,  2.2074502E+04,3,
  5.9812091E+02,  0.0000000E+00,  2.5505095E+02,2719,  1.0289992E+00,  0.0000000E+00, -2.1935496E-02,  1.0001652E+03,  9.8286406E+03,3,
  5.9798401E+02,  0.0000000E+00,  2.5502971E+02,2755,  1.0439014E+00,  0.0000000E+00, -7.4828163E-02,  9.9996631E+02, -2.0030193E+03,3,
  5.9921484E+02,  0.0000000E+00,  2.5502565E+02,2462,  9.9235553E-01,  0.0000000E+00,  1.5857495E-02,  1.0001072E+03,  6.3782485E+03,3,
  5.9876489E+02,  0.0000000E+00,  2.5622519E+02,2697,  1.1167504E+00,  0.0000000E+00,  8.5439347E-03,  1.0003934E+03,  2.3416686E+04,3,
  6.0066437E+02,  0.0000000E+00,  2.5482022E+02,2715,  1.0870676E+00,  0.0000000E+00,  2.4683997E-01,  1.0008323E+03,  4.9612758E+04,3,
  6.0203796E+02,  0.0000000E+00,  2.5634549E+02,2595,  1.2916727E+00,  0.0000000E+00,  1.7340189E-01,  1.0002305E+03,  1.3712676E+04,3,
  6.0183423E+02,  0.0000000E+00,  2.5512965E+02,2353,  1.0237685E+00,  0.0000000E+00,  4.4006160E-01,  9.9983185E+02, -9.9929219E+03,3,
  6.0291003E+02,  0.0000000E+00,  2.5506448E+02,2573,  1.0846426E+00,  0.0000000E+00,  1.4704855E-01,  1.0009042E+03,  5.3910070E+04,3,
  6.0401385E+02,  0.0000000E+00,  2.5485564E+02,2589,  1.0655489E+00,  0.0000000E+00,  2.8869514E-03,  1.0012922E+03,  7.7132219E+04,3,
  6.0535809E+02,  0.0000000E+00,  2.5637610E+02,2820,  1.1510614E+00,  0.0000000E+00, -7.2561197E-02,  1.0003212E+03,  1.9117975E+04,3,
  6.0513440E+02,  0.0000000E+00,  2.5528459E+02,2525,  1.0845973E+00,  0.0000000E+00, -2.1484576E-02,  9.9710626E+02, -1.7056923E+05,3,
  6.0564044E+02,  0.0000000E+00,  2.5505583E+02,2627,  1.2245032E+00,  0.0000000E+00,  8.5488304E-02,  1.0016874E+03,  1.0083733E+05,3,
  6.0654095E+02,  0.0000000E+00,  2.5511281E+02,2602,  7.8473133E-01,  0.0000000E+00,  6.9944486E-02,  1.0002209E+03,  1.3142147E+04,3,
  6.0802271E+02,  0.0000000E+00,  2.5464081E+02,2780,  1.1725656E+00,  0.0000000E+00, -1.0474416E+00,  1.0015873E+03,  9.4830680E+04,3,
  6.0828522E+02,  0.0000000E+00,  2.5494708E+02,2810,  1.2176605E+00,  0.0000000E+00, -6.8272901E-01,  9.9992206E+02, -4.6331812E+03,3,
  6.1053864E+02,  0.0000000E+00,  2.5457658E+02,2802,  2.1244113E+00,  0.0000000E+00, -6.0977864E-01,  1.0000698E+03,  4.1524741E+03,3,
  6.0988678E+02,  0.0000000E+00,  2.5367255E+02,2490,  3.8896853E-01,  0.0000000E+00, -1.8615574E+00,  1.0001190E+03,  7.0791260E+03,3,
  6.1145337E+02,  0.0000000E+00,  2.5281325E+02,2618,  7.2067195E-01,  0.0000000E+00,  9.3704492E-02,  1.0001907E+03,  1.1343561E+04,3,
  6.1205304E+02,  0.0000000E+00,  2.5326939E+02,2644,  1.6870619E+00,  0.0000000E+00, -3.2549021E-01,  1.0019941E+03,  1.1927919E+05,3,
  6.1301294E+02,  0.0000000E+00,  2.5298000E+02,2637,  1.1545547E+00,  0.0000000E+00, -2.0538943E-01,  9.9959406E+02, -2.4107270E+04,3,
  6.1029742E+02,  0.0000000E+00,  2.5275803E+02,2764, -8.7450922E-01,  0.0000000E+00,  3.2261869E-01,  1.0003613E+03,  2.1507129E+04,3,
  6.1416772E+02,  0.0000000E+00,  2.5289040E+02,2590,  9.1326988E-01,  0.0000000E+00, -1.5525977E-01,  1.0006869E+03,  4.0925301E+04,3,
  6.1474591E+02,  0.0000000E+00,  2.5422258E+02,2544,  7.2171539E-01,  0.0000000E+00,  2.1064043E-01,  1.0003411E+03,  2.0299752E+04,3,
  6.1594843E+02,  0.0000000E+00,  2.5555528E+02,2801,  8.5408556E-01,  0.0000000E+00,  1.9294733E-01,  1.0000753E+03,  4.4792285E+03,3,
  6.1606409E+02,  0.0000000E+00,  2.5503297E+02,2655,  8.8910162E-01,  0.0000000E+00,  2.2387993E-01,  1.0001399E+03,  8.3212168E+03,3,
  6.1524658E+02,  0.0000000E+00,  2.5281677E+02,2665,  6.9126093E-01,  0.0000000E+00, -2.0552387E-02,  1.0006284E+03,  3.7431312E+04,3,
  6.1677344E+02,  0.0000000E+00,  2.5260013E+02,2670,  9.1799134E-01,  0.0000000E+00,  1.8769392E-01,  1.0010216E+03,  6.0929102E+04,3,
  6.1775775E+02,  0.0000000E+00,  2.5313805E+02,2636,  9.8941457E-01,  0.0000000E+00,  2.4081065E-01,  1.0003362E+03,  2.0008840E+04,3,
  6.1767621E+02,  0.0000000E+00,  2.5588849E+02,2792,  4.1834581E-01,  0.0000000E+00, -2.7952025E-02,  1.0001170E+03,  6.9592832E+03,3,
  6.1912115E+02,  0.0000000E+00,  2.5270581E+02,2754,  1.0888100E+00,  0.0000000E+00,  1.0451658E-01,  1.0009963E+03,  5.9417566E+04,3,
  6.1871814E+02,  0.0000000E+00,  2.5562941E+02,2661,  7.7992642E-01,  0.0000000E+00, -1.7567833E-01,  1.0001270E+03,  7.5512471E+03,3,
  6.1974115E+02,  0.0000000E+00,  2.5556783E+02,2757,  1.1591363E+00,  0.0000000E+00, -2.5464556E-01,  1.0001446E+03,  8.6008906E+03,3,
  6.2033716E+02,  0.0000000E+00,  2.5278493E+02,2471,  9.5243102E-01,  0.0000000E+00,  8.5146632E-04,  1.0008584E+03,  5.1170230E+04,3,
  6.2146692E+02,  0.0000000E+00,  2.5559447E+02,2793,  1.0509448E+00,  0.0000000E+00, -1.1862607E-01,  1.0001514E+03,  9.0040693E+03,3,
  6.2146722E+02,  0.0000000E+00,  2.5316087E+02,2621,  1.0004424E+00,  0.0000000E+00, -3.3738848E-02,  1.0002986E+03,  1.7769100E+04,3,
  6.2218298E+02,  0.0000000E+00,  2.5300519E+02,2612,  1.0028201E+00,  0.0000000E+00, -1.8168332E-02,  1.0005051E+03,  3.0079361E+04,3,
  6.2270239E+02,  0.0000000E+00,  2.5537538E+02,2537,  1.0516748E+00,  0.0000000E+00, -4.5130227E-02,  1.0001653E+03,  9.8322734E+03,3,
  6.2360815E+02,  0.0000000E+00,  2.5255379E+02,2653,  1.1054803E+00,  0.0000000E+00, -3.4802619E-03,  1.0011653E+03,  6.9528023E+04,3,
  6.2383289E+02,  0.0000000E+00,  2.5558580E+02,2452,  1.0629977E+00,  0.0000000E+00, -1.3305964E-02,  1.0001580E+03,  9.3963682E+03,3,
  6.2484589E+02,  0.0000000E+00,  2.5312785E+02,2481,  1.0430604E+00,  0.0000000E+00, -3.4074904E-03,  1.0003599E+03,  2.1423480E+04,3,
  6.2502789E+02,  0.0000000E+00,  2.5548140E+02,2509,  1.0891593E+00,  0.0000000E+00,  2.9313410E-02,  1.0001453E+03,  8.6444766E+03,3,
  6.2556421E+02,  0.0000000E+00,  2.5311952E+02,2638,  1.0006926E+00,  0.0000000E+00, -1.7841022E-03,  1.0003858E+03,  2.2965633E+04,3,
  6.2635278E+02,  0.0000000E+00,  2.5555226E+02,2763,  1.0407037E+00,  0.0000000E+00,  7.2285786E-02,  1.0001188E+03,  7.0682310E+03,3,
  6.2689301E+02,  0.0000000E+00,  2.5266447E+02,2702,  1.0087471E+00,  0.0000000E+00,  4.1089483E-02,  1.0011151E+03,  6.6524500E+04,3,
  6.2760602E+02,  0.0000000E+00,  2.5565471E+02,2744,  1.0175343E+00,  0.0000000E+00,  8.3611757E-02,  1.0001150E+03,  6.8394419E+03,3,
  6.2830530E+02,  0.0000000E+00,  2.5256458E+02,2495,  1.0782436E+00,  0.0000000E+00,  6.3641988E-02,  1.0013329E+03,  7.9571906E+04,3,
  6.2856512E+02,  0.0000000E+00,  2.5535437E+02,2491,  1.0339888E+00,  0.0000000E+00,  1.0316271E-01,  1.0000834E+03,  4.9621191E+03,3,
  6.2970099E+02,  0.0000000E+00,  2.5307547E+02,2426,  9.7818267E-01,  0.0000000E+00,  7.0737295E-02,  1.0005347E+03,  3.1841295E+04,3,
  6.3007019E+02,  0.0000000E+00,  2.5591658E+02,2604,  9.9813515E-01,  0.0000000E+00,  2.5042435E-02,  1.0001609E+03,  9.5707285E+03,3,
  6.3066089E+02,  0.0000000E+00,  2.5323541E+02,2546,  1.0210308E+00,  0.0000000E+00,  5.3323459E-02,  1.0003348E+03,  1.9928840E+04,3,
  6.3152283E+02,  0.0000000E+00,  2.5565942E+02,2451,  1.0374298E+00,  0.0000000E+00, -9.2071127E-03,  1.0001291E+03,  7.6783608E+03,3,
  6.3144025E+02,  0.0000000E+00,  2.5275243E+02,2416,  1.0901736E+00,  0.0000000E+00,  1.6256090E-02,  1.0009236E+03,  5.5070441E+04,3,
  6.3295160E+02,  0.0000000E+00,  2.5569026E+02,2443,  1.0570208E+00,  0.0000000E+00, -5.4401595E-02,  1.0001334E+03,  7.9362246E+03,3,
  6.3275757E+02,  0.0000000E+00,  2.5272429E+02,2738,  1.0399927E+00,  0.0000000E+00, -2.6526630E-02,  1.0009705E+03,  5.7873410E+04,3,
  6.3434778E+02,  0.0000000E+00,  2.5570332E+02,2783,  1.0780563E+00,  0.0000000E+00, -9.2074454E-02,  1.0001359E+03,  8.0815029E+03,3,
  6.3398999E+02,  0.0000000E+00,  2.5297595E+02,2664,  9.7426265E-01,  0.0000000E+00, -7.6906672E-03,  1.0005411E+03,  3.2223574E+04,3,
  6.3492230E+02,  0.0000000E+00,  2.5303889E+02,2591,  1.0247717E+00,  0.0000000E+00, -2.5293529E-03,  1.0004209E+03,  2.5057377E+04,3,
  6.3568292E+02,  0.0000000E+00,  2.5534149E+02,2417,  1.1501631E+00,  0.0000000E+00, -8.9718357E-02,  1.0001221E+03,  7.2607085E+03,3,
  6.3572443E+02,  0.0000000E+00,  2.5297391E+02,2657,  1.0396962E+00,  0.0000000E+00, -5.1021823E-03,  1.0004966E+03,  2.9573408E+04,3,
  6.3699261E+02,  0.0000000E+00,  2.5560776E+02,2766,  1.1775595E+00,  0.0000000E+00, -1.0222867E-01,  1.0001295E+03,  7.7037837E+03,3,
  6.3681897E+02,  0.0000000E+00,  2.5281915E+02,2335,  1.0992061E+00,  0.0000000E+00, -2.9939307E-02,  1.0007258E+03,  4.3250449E+04,3,
  6.3797394E+02,  0.0000000E+00,  2.5285913E+02,2620,  1.0533017E+00,  0.0000000E+00, -5.9737943E-02,  1.0006727E+03,  4.0076285E+04,3,
  6.3831512E+02,  0.0000000E+00,  2.5563646E+02,2566,  1.1819330E+00,  0.0000000E+00, -9.7580135E-02,  1.0001245E+03,  7.4023452E+03,3,
  6.3899359E+02,  0.0000000E+00,  2.5300978E+02,2499,  1.0607278E+00,  0.0000000E+00, -6.2716745E-02,  1.0004788E+03,  2.8510629E+04,3,
  6.3961493E+02,  0.0000000E+00,  2.5558028E+02,2709,  1.1950604E+00,  0.0000000E+00, -9.8105237E-02,  1.0001177E+03,  7.0028623E+03,3,
  6.3993121E+02,  0.0000000E+00,  2.5287585E+02,2454,  1.0508027E+00,  0.0000000E+00, -4.3073922E-02,  1.0006236E+03,  3.7147184E+04,3,
  6.4085663E+02,  0.0000000E+00,  2.5557401E+02,2727,  1.2371163E+00,  0.0000000E+00, -9.5333621E-02,  1.0001190E+03,  7.0754941E+03,3,
  6.4099109E+02,  0.0000000E+00,  2.5290414E+02,2463,  1.0792799E+00,  0.0000000E+00, -2.2257481E-02,  1.0005880E+03,  3.5020117E+04,3,
  6.4199579E+02,  0.0000000E+00,  2.5292172E+02,2584,  1.0815929E+00,  0.0000000E+00, -1.3007958E-02,  1.0005436E+03,  3.2372850E+04,3,
  6.4214581E+02,  0.0000000E+00,  2.5575870E+02,2739,  1.2735020E+00,  0.0000000E+00, -8.1061915E-02,  1.0001274E+03,  7.5766699E+03,3,
  6.4293268E+02,  0.0000000E+00,  2.5296829E+02,2593,  1.0983207E+00,  0.0000000E+00, -1.6889285E-02,  1.0004850E+03,  2.8878221E+04,3,
  6.4336627E+02,  0.0000000E+00,  2.5553970E+02,2513,  1.2955065E+00,  0.0000000E+00, -4.2380642E-02,  1.0001073E+03,  6.3818799E+03,3,
  6.4402313E+02,  0.0000000E+00,  2.5283130E+02,2529,  1.0804420E+00,  0.0000000E+00, -2.6579419E-02,  1.0006499E+03,  3.8717277E+04,3,
  6.4434259E+02,  0.0000000E+00,  2.5497057E+02,2647,  1.2634753E+00,  0.0000000E+00,  3.3514712E-03,  1.0001064E+03,  6.3274097E+03,3,
  6.4514142E+02,  0.0000000E+00,  2.5288467E+02,2492,  1.0826895E+00,  0.0000000E+00, -2.9045168E-02,  1.0006215E+03,  3.7019691E+04,3,
  6.4569434E+02,  0.0000000E+00,  2.5567387E+02,2407,  1.2707510E+00,  0.0000000E+00, -3.9404534E-02,  1.0001019E+03,  6.0623252E+03,3,
  6.4616956E+02,  0.0000000E+00,  2.5292166E+02,2547,  1.0773149E+00,  0.0000000E+00, -1.8403230E-02,  1.0006159E+03,  3.6688223E+04,3,
  6.4692987E+02,  0.0000000E+00,  2.5566464E+02,2616,  1.2804158E+00,  0.0000000E+00, -4.8196346E-02,  1.0000864E+03,  5.1364009E+03,3,
  6.4768420E+02,  0.0000000E+00,  2.5537877E+02,2583,  1.2608035E+00,  0.0000000E+00, -2.7177962E-02,  1.0000346E+03,  2.0578708E+03,3,
  6.4736493E+02,  0.0000000E+00,  2.5286549E+02,2520,  1.0991799E+00,  0.0000000E+00,  2.6635127E-03,  1.0007586E+03,  4.5207930E+04,3,
  6.4867877E+02,  0.0000000E+00,  2.5273056E+02,2694,  1.1041267E+00,  0.0000000E+00,  5.4144249E-03,  1.0010175E+03,  6.0684465E+04,3,
  6.4904272E+02,  0.0000000E+00,  2.5557243E+02,2625,  1.3397205E+00,  0.0000000E+00, -1.0260206E-02,  1.0000639E+03,  3.8003176E+03,3,
  6.5025616E+02,  0.0000000E+00,  2.5556802E+02,2510,  1.3336713E+00,  0.0000000E+00,  5.4295953E-02,  1.0000849E+03,  5.0492598E+03,3,
  6.4995264E+02,  0.0000000E+00,  2.5268054E+02,2553,  1.0985543E+00,  0.0000000E+00, -4.6214149E-03,  1.0010483E+03,  6.2524859E+04,3,
  6.5144104E+02,  0.0000000E+00,  2.5568141E+02,2729,  1.3021364E+00,  0.0000000E+00,  7.6609254E-02,  1.0001104E+03,  6.5670811E+03,3,
  6.5130157E+02,  0.0000000E+00,  2.5312375E+02,2418,  1.1169231E+00,  0.0000000E+00, -3.3899780E-02,  1.0003820E+03,  2.2736479E+04,3,
  6.5200403E+02,  0.0000000E+00,  2.5311771E+02,2572,  1.1135107E+00,  0.0000000E+00, -2.5494656E-02,  1.0003335E+03,  1.9848842E+04,3,
  6.5293494E+02,  0.0000000E+00,  2.5560144E+02,2701,  1.2417120E+00,  0.0000000E+00,  6.1727040E-02,  1.0000995E+03,  5.9170762E+03,3,
  6.5295514E+02,  0.0000000E+00,  2.5272133E+02,2567,  1.0619388E+00,  0.0000000E+00,  3.3897258E-02,  1.0008270E+03,  4.9291812E+04,3,
  6.5429395E+02,  0.0000000E+00,  2.5538435E+02,2398,  1.2094314E+00,  0.0000000E+00,  5.6605670E-03,  1.0000779E+03,  4.6317178E+03,3,
  6.5398492E+02,  0.0000000E+00,  2.5310501E+02,2555,  9.8715347E-01,  0.0000000E+00,  1.0476762E-01,  1.0004756E+03,  2.8321379E+04,3,
  6.5489288E+02,  0.0000000E+00,  2.5306245E+02,2428,  1.1283432E+00,  0.0000000E+00,  1.4812364E-01,  1.0006536E+03,  3.8935875E+04,3,
  6.5605133E+02,  0.0000000E+00,  2.5514207E+02,2558,  1.3085967E+00,  0.0000000E+00, -5.2291516E-02,  1.0000928E+03,  5.5176533E+03,3,
  6.5620898E+02,  0.0000000E+00,  2.5301056E+02,2574,  1.2804420E+00,  0.0000000E+00, -5.5404592E-02,  1.0007529E+03,  4.4865254E+04,3,
  6.5742230E+02,  0.0000000E+00,  2.5302933E+02,2419,  1.1936307E+00,  0.0000000E+00, -3.7231246E-01,  1.0005212E+03,  3.1040377E+04,3,
  6.5759479E+02,  0.0000000E+00,  2.5504977E+02,2498,  1.2309982E+00,  0.0000000E+00, -2.8508950E-03,  1.0001230E+03,  7.3151836E+03,3,
  6.5873297E+02,  0.0000000E+00,  2.5501669E+02,2381,  1.1115745E+00,  0.0000000E+00,  5.0230134E-02,  1.0001528E+03,  9.0876133E+03,3,
  6.5839398E+02,  0.0000000E+00,  2.5223933E+02,2500,  9.0531236E-01,  0.0000000E+00, -5.7319331E-01,  1.0007579E+03,  4.5167832E+04,3,
  6.5984991E+02,  0.0000000E+00,  2.5508913E+02,2684,  9.5394450E-01,  0.0000000E+00,  7.8308895E-02,  1.0002032E+03,  1.2092024E+04,3,
  6.5933081E+02,  0.0000000E+00,  2.5151300E+02,2483,  8.1334686E-01,  0.0000000E+00, -6.6449559E-01,  1.0007532E+03,  4.4883480E+04,3,
  6.6086792E+02,  0.0000000E+00,  2.5489156E+02,2464,  9.0027708E-01,  0.0000000E+00,  5.6143586E-02,  1.0002816E+03,  1.6754838E+04,3,
  6.6175977E+02,  0.0000000E+00,  2.5495857E+02,2675,  8.6296201E-01,  0.0000000E+00,  5.3440701E-02,  1.0002963E+03,  1.7630951E+04,3,
  6.6274152E+02,  0.0000000E+00,  2.5474190E+02,2548,  8.5234469E-01,  0.0000000E+00,  3.1072708E-02,  1.0003543E+03,  2.1088895E+04,3,
  6.6372021E+02,  0.0000000E+00,  2.5476234E+02,2556,  8.5716140E-01,  0.0000000E+00,  2.1428496E-02,  1.0003202E+03,  1.9056162E+04,3,
  6.6479272E+02,  0.0000000E+00,  2.5491655E+02,2693,  9.4495028E-01,  0.0000000E+00, -1.8603390E-02,  1.0002628E+03,  1.5638907E+04,3,
  6.6584772E+02,  0.0000000E+00,  2.5479311E+02,2435,  9.2893010E-01,  0.0000000E+00, -5.4432388E-02,  1.0002762E+03,  1.6438584E+04,3,
  6.6526038E+02,  0.0000000E+00,  2.5208331E+02,2473,  3.1722102E-01,  0.0000000E+00, -1.2265156E-01,  1.0006027E+03,  3.5901484E+04,3,
  6.6692487E+02,  0.0000000E+00,  2.5482954E+02,2489,  8.6319280E-01,  0.0000000E+00, -9.0908393E-02,  1.0002883E+03,  1.7154715E+04,3,
  6.6786432E+02,  0.0000000E+00,  2.5475139E+02,2372,  8.3829230E-01,  0.0000000E+00, -1.1944862E-01,  1.0003217E+03,  1.9147062E+04,3,
  6.6886340E+02,  0.0000000E+00,  2.5462065E+02,2562,  8.8157165E-01,  0.0000000E+00, -1.3316645E-01,  1.0003651E+03,  2.1732619E+04,3,
  6.6995270E+02,  0.0000000E+00,  2.5471227E+02,2676,  9.7432059E-01,  0.0000000E+00, -8.4009781E-02,  1.0003560E+03,  2.1187088E+04,3,
  6.7102252E+02,  0.0000000E+00,  2.5477019E+02,2545,  9.2513382E-01,  0.0000000E+00,  5.8907056E-03,  1.0003522E+03,  2.0965246E+04,3,
  6.7218530E+02,  0.0000000E+00,  2.5497845E+02,2541,  8.7389052E-01,  0.0000000E+00,  6.7657240E-02,  1.0002690E+03,  1.6009659E+04,3,
  6.7288538E+02,  0.0000000E+00,  2.5443529E+02,2484,  8.3077514E-01,  0.0000000E+00,  5.8858294E-02,  1.0004032E+03,  2.4002355E+04,3,
  6.7402362E+02,  0.0000000E+00,  2.5472736E+02,2354,  8.5612726E-01,  0.0000000E+00,  4.6776351E-02,  1.0002800E+03,  1.6663961E+04,3,
  6.7533240E+02,  0.0000000E+00,  2.5423457E+02,2564,  9.1956592E-01,  0.0000000E+00, -2.4079219E-02,  1.0004246E+03,  2.5279311E+04,3,
  6.7584344E+02,  0.0000000E+00,  2.5506308E+02,2639,  8.4399581E-01,  0.0000000E+00,  3.6441632E-02,  1.0002494E+03,  1.4839294E+04,3,
  6.7709521E+02,  0.0000000E+00,  2.5487454E+02,2486,  8.5890299E-01,  0.0000000E+00,  4.9798377E-02,  1.0003264E+03,  1.9427041E+04,3,
  6.7810236E+02,  0.0000000E+00,  2.5487360E+02,2362,  8.4238839E-01,  0.0000000E+00,  6.2029816E-02,  1.0003352E+03,  1.9950658E+04,3,
  6.7914893E+02,  0.0000000E+00,  2.5466429E+02,2631,  8.3085221E-01,  0.0000000E+00,  4.5074124E-02,  1.0003918E+03,  2.3322107E+04,3,
  6.8026385E+02,  0.0000000E+00,  2.5475272E+02,2667,  8.1813222E-01,  0.0000000E+00,  4.2807020E-02,  1.0003367E+03,  2.0041566E+04,3,
  6.8127045E+02,  0.0000000E+00,  2.5458418E+02,2536,  8.0872411E-01,  0.0000000E+00,  1.8534647E-02,  1.0003768E+03,  2.2427309E+04,3,
  6.8234637E+02,  0.0000000E+00,  2.5496861E+02,2640,  8.1345379E-01,  0.0000000E+00,  4.2759161E-02,  1.0002485E+03,  1.4784777E+04,3,
  6.8309613E+02,  0.0000000E+00,  2.5443402E+02,2409,  8.1137598E-01,  0.0000000E+00,  2.4933221E-02,  1.0003718E+03,  2.2129059E+04,3,
  6.8465985E+02,  0.0000000E+00,  2.5430165E+02,2603,  8.4641206E-01,  0.0000000E+00, -3.1880068E-03,  1.0004388E+03,  2.6123428E+04,3,
  6.8480609E+02,  0.0000000E+00,  2.5521486E+02,2307,  7.4418283E-01,  0.0000000E+00,  3.1246211E-02,  1.0002207E+03,  1.3131246E+04,3,
  6.8626550E+02,  0.0000000E+00,  2.5482980E+02,2380,  8.0426246E-01,  0.0000000E+00,  1.5200236E-02,  1.0003224E+03,  1.9190695E+04,3,
  6.8726843E+02,  0.0000000E+00,  2.5467265E+02,2344,  7.8984636E-01,  0.0000000E+00,  4.6835789E-03,  1.0003756E+03,  2.2358201E+04,3,
  6.8832178E+02,  0.0000000E+00,  2.5487238E+02,2468,  7.8112757E-01,  0.0000000E+00,  2.5220551E-02,  1.0002993E+03,  1.7809092E+04,3,
  6.8925049E+02,  0.0000000E+00,  2.5456699E+02,2563,  7.6800007E-01,  0.0000000E+00,  9.0948101E-03,  1.0003781E+03,  2.2507328E+04,3,
  6.9030658E+02,  0.0000000E+00,  2.5463960E+02,2519,  7.5393569E-01,  0.0000000E+00,  1.6939124E-02,  1.0003215E+03,  1.9132518E+04,3,
  6.9134253E+02,  0.0000000E+00,  2.5468506E+02,2472,  7.4937707E-01,  0.0000000E+00, -5.9897793E-03,  1.0003160E+03,  1.8808916E+04,3,
  6.9219086E+02,  0.0000000E+00,  2.5503719E+02,2610,  7.7995533E-01,  0.0000000E+00, -1.8024387E-02,  1.0002528E+03,  1.5042826E+04,3,
  6.9345996E+02,  0.0000000E+00,  2.5394008E+02,2411,  7.7695352E-01,  0.0000000E+00, -2.5301859E-02,  1.0004649E+03,  2.7680865E+04,3,
  6.9379724E+02,  0.0000000E+00,  2.5527171E+02,2594,  7.6677060E-01,  0.0000000E+00, -4.2942010E-02,  1.0002518E+03,  1.4981039E+04,3,
  6.9510645E+02,  0.0000000E+00,  2.5508466E+02,2485,  7.6492345E-01,  0.0000000E+00, -6.3704416E-02,  1.0003064E+03,  1.8234459E+04,3,
  7.0139508E+02,  0.0000000E+00,  2.5177766E+02,2254,  1.1553897E+00,  0.0000000E+00,  1.1224685E+00,  1.0011265E+03,  6.7204055E+04,3,
  6.9643042E+02,  0.0000000E+00,  2.5375308E+02,2585,  9.3110836E-01,  0.0000000E+00,  8.3013568E-03,  1.0004889E+03,  2.9111158E+04,3,
  6.9673474E+02,  0.0000000E+00,  2.5532169E+02,2469,  7.5736070E-01,  0.0000000E+00, -2.3236349E-02,  1.0002726E+03,  1.6224120E+04,3,
  6.9804376E+02,  0.0000000E+00,  2.5496133E+02,2568,  8.3462560E-01,  0.0000000E+00,  5.2968502E-02,  1.0003055E+03,  1.8183559E+04,3,
  6.9888660E+02,  0.0000000E+00,  2.5458522E+02,2423,  7.7294052E-01,  0.0000000E+00,  9.7905748E-02,  1.0003821E+03,  2.2747391E+04,3,
  7.0011536E+02,  0.0000000E+00,  2.5512427E+02,2450,  8.3872426E-01,  0.0000000E+00,  3.6875509E-02,  1.0002311E+03,  1.3749017E+04,3,
  7.0092236E+02,  0.0000000E+00,  2.5492567E+02,2511,  8.5145777E-01,  0.0000000E+00,  2.5862357E-02,  1.0002438E+03,  1.4508564E+04,3,
  7.0233685E+02,  0.0000000E+00,  2.5549138E+02,2326,  1.0242845E+00,  0.0000000E+00, -5.1225346E-02,  1.0001343E+03,  7.9870718E+03,3,
  7.0290448E+02,  0.0000000E+00,  2.5296918E+02,2348,  9.8998857E-01,  0.0000000E+00,  1.0501941E-01,  1.0006477E+03,  3.8586125E+04,3,
  7.0282556E+02,  0.0000000E+00,  2.5485840E+02,2336,  9.1285139E-01,  0.0000000E+00, -3.2920884E-03,  1.0001650E+03,  9.8177432E+03,3,
  7.0417310E+02,  0.0000000E+00,  2.5303981E+02,2355,  1.0026124E+00,  0.0000000E+00, -3.2453053E-02,  1.0007961E+03,  4.7446566E+04,3,
  7.0452924E+02,  0.0000000E+00,  2.5541257E+02,2402,  1.1300395E+00,  0.0000000E+00, -1.0371812E-01,  1.0000662E+03,  3.9382744E+03,3,
  7.0589740E+02,  0.0000000E+00,  2.5555345E+02,2503,  1.1632789E+00,  0.0000000E+00, -6.5736428E-02,  1.0000534E+03,  3.1759055E+03,3,
  7.0588892E+02,  0.0000000E+00,  2.5262236E+02,2370,  1.0031558E+00,  0.0000000E+00, -1.2835704E-01,  1.0014434E+03,  8.6195344E+04,3,
  7.0656079E+02,  0.0000000E+00,  2.5540118E+02,2502,  1.1648003E+00,  0.0000000E+00, -1.2552520E-02,  1.0000124E+03,  7.3671942E+02,3,
  7.0737524E+02,  0.0000000E+00,  2.5290724E+02,2391,  7.7969527E-01,  0.0000000E+00, -3.1219358E-02,  1.0007262E+03,  4.3272320E+04,3,
  7.0810345E+02,  0.0000000E+00,  2.5569826E+02,2559,  1.1291217E+00,  0.0000000E+00, -5.6515954E-02,  1.0000895E+03,  5.3215786E+03,3,
  7.0848694E+02,  0.0000000E+00,  2.5296597E+02,2474,  8.6465555E-01,  0.0000000E+00,  5.3577978E-02,  1.0006384E+03,  3.8032383E+04,3,
  7.0937048E+02,  0.0000000E+00,  2.5551413E+02,2501,  1.2270602E+00,  0.0000000E+00, -6.1603248E-02,  1.0000876E+03,  5.2090190E+03,3,
  7.0966992E+02,  0.0000000E+00,  2.5266266E+02,2446,  1.0587373E+00,  0.0000000E+00,  3.3038482E-02,  1.0010356E+03,  6.1768941E+04,3,
  7.1071967E+02,  0.0000000E+00,  2.5524394E+02,2528,  1.2041090E+00,  0.0000000E+00, -3.3293329E-02,  1.0000896E+03,  5.3288408E+03,3,
  7.1115063E+02,  0.0000000E+00,  2.5301141E+02,2373,  9.4745326E-01,  0.0000000E+00, -8.2982918E-03,  1.0004984E+03,  2.9675324E+04,3,
  7.1205469E+02,  0.0000000E+00,  2.5560315E+02,2577,  1.2870022E+00,  0.0000000E+00, -7.9794906E-02,  1.0001125E+03,  6.6905503E+03,3,
  7.1191443E+02,  0.0000000E+00,  2.5310381E+02,2430,  9.7998422E-01,  0.0000000E+00, -2.0427378E-02,  1.0003639E+03,  2.1659881E+04,3,
  7.1361432E+02,  0.0000000E+00,  2.5553053E+02,2432,  1.3205886E+00,  0.0000000E+00, -1.2122040E-01,  1.0000986E+03,  5.8662397E+03,3,
  7.1305505E+02,  0.0000000E+00,  2.5269096E+02,2439,  9.6243560E-01,  0.0000000E+00,  1.9267553E-02,  1.0009233E+03,  5.5048547E+04,3,
  7.1407062E+02,  0.0000000E+00,  2.5315022E+02,2405,  8.8002509E-01,  0.0000000E+00,  8.6835250E-02,  1.0004406E+03,  2.6228947E+04,3,
  7.1519080E+02,  0.0000000E+00,  2.5538589E+02,2399,  1.4464133E+00,  0.0000000E+00, -1.3467292E-01,  1.0000894E+03,  5.3179478E+03,3,
  7.1506305E+02,  0.0000000E+00,  2.5303278E+02,2337,  1.1052959E+00,  0.0000000E+00,  8.7424502E-02,  1.0006725E+03,  4.0068996E+04,3,
  7.1640625E+02,  0.0000000E+00,  2.5510416E+02,2383,  1.4239432E+00,  0.0000000E+00, -8.8550761E-02,  1.0000883E+03,  5.2525903E+03,3,
  7.1677679E+02,  0.0000000E+00,  2.5272971E+02,2449,  1.0244505E+00,  0.0000000E+00, -2.0429347E-01,  1.0009999E+03,  5.9629312E+04,3,
  7.1724280E+02,  0.0000000E+00,  2.5509622E+02,2456,  1.4171549E+00,  0.0000000E+00, -1.5664216E-02,  1.0000916E+03,  5.4450327E+03,3,
  7.1852264E+02,  0.0000000E+00,  2.5548116E+02,2550,  1.2871715E+00,  0.0000000E+00,  1.1828835E-01,  1.0001721E+03,  1.0235503E+04,3,
  7.1811816E+02,  0.0000000E+00,  2.5237018E+02,2374,  8.8111448E-01,  0.0000000E+00, -5.0079721E-01,  1.0009901E+03,  5.9041543E+04,3,
  7.1910028E+02,  0.0000000E+00,  2.5178044E+02,2378,  7.5596052E-01,  0.0000000E+00, -6.5255547E-01,  1.0007947E+03,  4.7366344E+04,3,
  7.2007019E+02,  0.0000000E+00,  2.5536934E+02,2281,  9.3724608E-01,  0.0000000E+00,  1.1811942E-01,  1.0002537E+03,  1.5093710E+04,3,
  7.2099622E+02,  0.0000000E+00,  2.5494473E+02,2448,  9.2798656E-01,  0.0000000E+00, -4.0987402E-02,  1.0003322E+03,  1.9768844E+04,3,
  7.2200360E+02,  0.0000000E+00,  2.5484772E+02,2538,  9.6659601E-01,  0.0000000E+00, -8.5661598E-02,  1.0003682E+03,  2.1914471E+04,3,
  7.2323376E+02,  0.0000000E+00,  2.5147955E+02,2356,  1.0962805E+00,  0.0000000E+00,  9.6235372E-02,  1.0007078E+03,  4.2171633E+04,3,
  7.2317902E+02,  0.0000000E+00,  2.5466168E+02,2482,  9.4308877E-01,  0.0000000E+00, -2.8386939E-02,  1.0004100E+03,  2.4406162E+04,3,
  7.2435150E+02,  0.0000000E+00,  2.5469403E+02,2504,  9.8462176E-01,  0.0000000E+00,  6.3033365E-02,  1.0003843E+03,  2.2878336E+04,3,
  7.2555157E+02,  0.0000000E+00,  2.5473459E+02,2521,  9.7142857E-01,  0.0000000E+00,  9.3289405E-02,  1.0003708E+03,  2.2074502E+04,3,
  7.2669434E+02,  0.0000000E+00,  2.5466299E+02,2437,  9.1085869E-01,  0.0000000E+00,  2.5624000E-02,  1.0004344E+03,  2.5861453E+04,3,
  7.2788489E+02,  0.0000000E+00,  2.5508063E+02,2523,  8.7614572E-01,  0.0000000E+00, -4.3612264E-02,  1.0003181E+03,  1.8932539E+04,3,
  7.2875305E+02,  0.0000000E+00,  2.5465921E+02,2394,  9.5310545E-01,  0.0000000E+00, -9.2891775E-02,  1.0004066E+03,  2.4202438E+04,3,
  7.2853455E+02,  0.0000000E+00,  2.5158334E+02,2359,  7.8875953E-01,  0.0000000E+00, -4.8279227E-03,  9.9999554E+02, -2.6491528E+02,3,
  7.3034906E+02,  0.0000000E+00,  2.5489056E+02,2386,  9.9889249E-01,  0.0000000E+00, -4.8717741E-02,  1.0002751E+03,  1.6369520E+04,3,
  7.3036444E+02,  0.0000000E+00,  2.5328186E+02,2382,  9.5712191E-01,  0.0000000E+00, -9.0172559E-02,  1.0005172E+03,  3.0796475E+04,3,
  7.3175055E+02,  0.0000000E+00,  2.5492229E+02,2424,  9.2989486E-01,  0.0000000E+00,  5.8272770E-03,  1.0002977E+03,  1.7714566E+04,3,
  7.3275208E+02,  0.0000000E+00,  2.5506755E+02,2455,  9.0097004E-01,  0.0000000E+00,  3.6336456E-03,  1.0002850E+03,  1.6958410E+04,3,
  7.3393121E+02,  0.0000000E+00,  2.5396655E+02,2393,  8.6786968E-01,  0.0000000E+00, -2.6545482E-02,  1.0005006E+03,  2.9810002E+04,3,
  7.3455719E+02,  0.0000000E+00,  2.5516174E+02,2299,  9.3839496E-01,  0.0000000E+00, -3.9888542E-02,  1.0002750E+03,  1.6365885E+04,3,
  7.3603131E+02,  0.0000000E+00,  2.5511336E+02,2512,  9.8615986E-01,  0.0000000E+00, -2.5929829E-02,  1.0002878E+03,  1.7125633E+04,3,
  7.4091046E+02,  0.0000000E+00,  2.5156432E+02,2202,  9.6267599E-01,  0.0000000E+00,  9.0785444E-01,  1.0009177E+03,  5.4716477E+04,3,
  7.3679901E+02,  0.0000000E+00,  2.5436052E+02,2400,  9.5361239E-01,  0.0000000E+00, -8.4463730E-03,  1.0004776E+03,  2.8437840E+04,3,
  7.4268335E+02,  0.0000000E+00,  2.5270889E+02,2319,  1.4422513E+00,  0.0000000E+00,  4.7413558E-01,  1.0008552E+03,  5.0980547E+04,3,
  7.3815479E+02,  0.0000000E+00,  2.5437909E+02,2384,  8.9415008E-01,  0.0000000E+00,  8.2431555E-02,  1.0004144E+03,  2.4668098E+04,3,
  7.3900952E+02,  0.0000000E+00,  2.5508281E+02,2514,  9.2238259E-01,  0.0000000E+00,  3.4386329E-02,  1.0002545E+03,  1.5140959E+04,3,
  7.4020447E+02,  0.0000000E+00,  2.5511394E+02,2395,  9.8176813E-01,  0.0000000E+00, -3.5677291E-03,  1.0002250E+03,  1.3389251E+04,3,
  7.4097009E+02,  0.0000000E+00,  2.5468178E+02,2493,  1.0209008E+00,  0.0000000E+00, -2.7839556E-02,  1.0002846E+03,  1.6936598E+04,3,
  7.4231561E+02,  0.0000000E+00,  2.5530705E+02,2343,  1.0571584E+00,  0.0000000E+00, -1.2715083E-01,  1.0001457E+03,  8.6662695E+03,3,
  7.4343494E+02,  0.0000000E+00,  2.5465254E+02,2283,  1.1252228E+00,  0.0000000E+00, -1.8690985E-01,  1.0002177E+03,  1.2949556E+04,3,
  7.4424878E+02,  0.0000000E+00,  2.5307465E+02,2375,  1.3885978E+00,  0.0000000E+00,  9.3101896E-02,  1.0006176E+03,  3.6790215E+04,3,
  7.4502826E+02,  0.0000000E+00,  2.5509984E+02,2415,  1.4969115E+00,  0.0000000E+00, -8.0357946E-02,  1.0001167E+03,  6.9411255E+03,3,
  7.4558191E+02,  0.0000000E+00,  2.5294864E+02,2377,  1.3896748E+00,  0.0000000E+00, -9.1984130E-02,  1.0006774E+03,  4.0360496E+04,3,
  7.4709265E+02,  0.0000000E+00,  2.5296692E+02,2218,  1.2374454E+00,  0.0000000E+00, -7.5655930E-02,  1.0003662E+03,  2.1798086E+04,3,
  7.4667682E+02,  0.0000000E+00,  2.5430975E+02,2290,  1.4638612E+00,  0.0000000E+00,  9.4826013E-02,  1.0003069E+03,  1.8263545E+04,3,
  7.4774402E+02,  0.0000000E+00,  2.5300124E+02,2331,  1.1093138E+00,  0.0000000E+00, -2.6367281E-02,  1.0003286E+03,  1.9554307E+04,3,
  7.4897705E+02,  0.0000000E+00,  2.5496986E+02,2478,  1.3219726E+00,  0.0000000E+00,  1.5217465E-01,  1.0001143E+03,  6.7994951E+03,3,
  7.4884204E+02,  0.0000000E+00,  2.5281758E+02,2240,  1.3416457E+00,  0.0000000E+00,  7.1986809E-02,  1.0006718E+03,  4.0021629E+04,3,
  7.4990070E+02,  0.0000000E+00,  2.5309604E+02,2332,  1.4630575E+00,  0.0000000E+00,  6.1775718E-02,  1.0004418E+03,  2.6305359E+04,3,
  7.5053503E+02,  0.0000000E+00,  2.5516287E+02,2505,  1.0836148E+00,  0.0000000E+00,  1.8312801E-01,  1.0000934E+03,  5.5539639E+03,3,
  7.5151086E+02,  0.0000000E+00,  2.5259679E+02,2360,  1.2005700E+00,  0.0000000E+00, -4.0035248E-02,  1.0011470E+03,  6.8435398E+04,3,
  7.5212598E+02,  0.0000000E+00,  2.5518364E+02,2476,  1.0308496E+00,  0.0000000E+00,  9.9316277E-02,  1.0000748E+03,  4.4501836E+03,3,
  7.5278687E+02,  0.0000000E+00,  2.5300496E+02,2291,  1.2221483E+00,  0.0000000E+00, -1.1625299E-02,  1.0005698E+03,  3.3938551E+04,3,
  7.5398352E+02,  0.0000000E+00,  2.5286375E+02,2329,  1.2031889E+00,  0.0000000E+00,  1.6798129E-02,  1.0006802E+03,  4.0528113E+04,3,
  7.5372241E+02,  0.0000000E+00,  2.5531702E+02,2379,  1.1343750E+00,  0.0000000E+00,  1.8575219E-02,  1.0000870E+03,  5.1727100E+03,3,
  7.5522784E+02,  0.0000000E+00,  2.5505119E+02,2440,  1.1377876E+00,  0.0000000E+00,  2.7505675E-02,  1.0000743E+03,  4.4211382E+03,3,
  7.5525934E+02,  0.0000000E+00,  2.5288222E+02,2282,  1.1883709E+00,  0.0000000E+00,  2.4592074E-02,  1.0006701E+03,  3.9923250E+04,3,
  7.5642554E+02,  0.0000000E+00,  2.5297850E+02,2257,  1.1918486E+00,  0.0000000E+00,  1.9900400E-02,  1.0005920E+03,  3.5260484E+04,3,
  7.5715295E+02,  0.0000000E+00,  2.5508411E+02,2341,  1.0911682E+00,  0.0000000E+00,  2.1761481E-02,  1.0000734E+03,  4.3666787E+03,3,
  7.5766705E+02,  0.0000000E+00,  2.5271933E+02,2361,  1.2099000E+00,  0.0000000E+00,  4.1042389E-03,  1.0009321E+03,  5.5574043E+04,3,
  7.5906439E+02,  0.0000000E+00,  2.5289192E+02,2204,  1.1888015E+00,  0.0000000E+00, -7.7833096E-03,  1.0006451E+03,  3.8429469E+04,3,
  7.5891675E+02,  0.0000000E+00,  2.5510214E+02,2496,  1.1398745E+00,  0.0000000E+00, -1.3408333E-02,  1.0000968E+03,  5.7573052E+03,3,
  7.6025653E+02,  0.0000000E+00,  2.5300328E+02,2241,  1.1786557E+00,  0.0000000E+00, -9.8929815E-03,  1.0003889E+03,  2.3147506E+04,3,
  7.6076434E+02,  0.0000000E+00,  2.5441916E+02,2367,  1.1822391E+00,  0.0000000E+00, -2.2262368E-02,  1.0002294E+03,  1.3650897E+04,3,
  7.6122894E+02,  0.0000000E+00,  2.5297661E+02,2284,  1.1737349E+00,  0.0000000E+00, -8.2318271E-03,  1.0004203E+03,  2.5024635E+04,3,
  7.6240131E+02,  0.0000000E+00,  2.5281291E+02,2230,  1.1881185E+00,  0.0000000E+00, -4.8878761E-03,  1.0006644E+03,  3.9580754E+04,3,
  7.6267712E+02,  0.0000000E+00,  2.5510992E+02,2032,  1.1477928E+00,  0.0000000E+00, -1.9698497E-02,  1.0001245E+03,  7.4023452E+03,3,
  7.6351691E+02,  0.0000000E+00,  2.5303603E+02,2239,  1.1891928E+00,  0.0000000E+00, -3.9160992E-03,  1.0003834E+03,  2.2820137E+04,3,
  7.6454736E+02,  0.0000000E+00,  2.5483405E+02,2433,  1.2075076E+00,  0.0000000E+00, -7.2913137E-03,  1.0001431E+03,  8.5100859E+03,3,
  7.6457172E+02,  0.0000000E+00,  2.5286960E+02,2201,  1.1854920E+00,  0.0000000E+00, -9.4258869E-03,  1.0006031E+03,  3.5923336E+04,3,
  7.6573016E+02,  0.0000000E+00,  2.5294778E+02,2349,  1.1669054E+00,  0.0000000E+00, -5.7991990E-03,  1.0004814E+03,  2.8663486E+04,3,
  7.6651215E+02,  0.0000000E+00,  2.5477866E+02,2459,  1.1995637E+00,  0.0000000E+00,  1.1788761E-02,  1.0001511E+03,  8.9859082E+03,3,
  7.6674292E+02,  0.0000000E+00,  2.5295882E+02,2222,  1.1807171E+00,  0.0000000E+00,  3.2212606E-03,  1.0004648E+03,  2.7677227E+04,3,
  7.6798798E+02,  0.0000000E+00,  2.5282086E+02,2278,  1.1462799E+00,  0.0000000E+00,  1.8435160E-02,  1.0006202E+03,  3.6946844E+04,3,
  7.6849384E+02,  0.0000000E+00,  2.5452528E+02,2267,  1.2004862E+00,  0.0000000E+00,  2.6156215E-02,  1.0001906E+03,  1.1339928E+04,3,
  7.6904535E+02,  0.0000000E+00,  2.5307655E+02,2264,  1.1729823E+00,  0.0000000E+00,  1.2233631E-02,  1.0003155E+03,  1.8776193E+04,3,
  7.6987799E+02,  0.0000000E+00,  2.5303337E+02,2303,  1.2062391E+00,  0.0000000E+00, -4.1758320E-03,  1.0004190E+03,  2.4944594E+04,3,
  7.7031091E+02,  0.0000000E+00,  2.5477371E+02,2235,  1.1561600E+00,  0.0000000E+00,  5.1227607E-02,  1.0001325E+03,  7.8817456E+03,3,
  7.7154126E+02,  0.0000000E+00,  2.5255217E+02,2324,  1.2149565E+00,  0.0000000E+00, -4.3133538E-02,  1.0011405E+03,  6.8044422E+04,3,
  7.7191479E+02,  0.0000000E+00,  2.5467081E+02,2364,  1.0673574E+00,  0.0000000E+00,  4.7747478E-02,  1.0001056E+03,  6.2802021E+03,3,
  7.7295062E+02,  0.0000000E+00,  2.5298836E+02,2350,  1.1293361E+00,  0.0000000E+00, -2.8473383E-02,  1.0005014E+03,  2.9857320E+04,3,
  7.7403210E+02,  0.0000000E+00,  2.5397701E+02,2277,  1.1178552E+00,  0.0000000E+00, -5.0492130E-02,  1.0003240E+03,  1.9281596E+04,3,
  7.7387238E+02,  0.0000000E+00,  2.5303876E+02,2321,  1.0399919E+00,  0.0000000E+00,  5.3378019E-02,  1.0003776E+03,  2.2474592E+04,3,
  7.7536761E+02,  0.0000000E+00,  2.5292776E+02,2236,  1.2633586E+00,  0.0000000E+00,  7.6680563E-02,  1.0005858E+03,  3.4889012E+04,3,
  7.7603558E+02,  0.0000000E+00,  2.5451662E+02,2406,  1.0119708E+00,  0.0000000E+00, -3.2967452E-02,  1.0000709E+03,  4.2141938E+03,3,
  7.7657019E+02,  0.0000000E+00,  2.5335011E+02,2246,  1.2815230E+00,  0.0000000E+00, -2.1316242E-01,  1.0006980E+03,  4.1588535E+04,3,
  7.7777075E+02,  0.0000000E+00,  2.5324498E+02,2325,  1.2662309E+00,  0.0000000E+00,  3.4692916E-01,  1.0010940E+03,  6.5260516E+04,3,
  7.8076477E+02,  0.0000000E+00,  2.5473801E+02,2460,  1.5959519E+00,  0.0000000E+00,  2.4584472E-01,  1.0001694E+03,  1.0075662E+04,3,
  7.7936896E+02,  0.0000000E+00,  2.5302516E+02,2211,  1.0850931E+00,  0.0000000E+00, -1.0751559E-01,  1.0005804E+03,  3.4568539E+04,3,
  7.7957782E+02,  0.0000000E+00,  2.5168463E+02,2269,  9.6908456E-01,  0.0000000E+00, -1.0845968E+00,  1.0002154E+03,  1.2815107E+04,3,
  7.8176245E+02,  0.0000000E+00,  2.5490257E+02,2272,  8.2044166E-01,  0.0000000E+00,  7.9432487E-02,  1.0002246E+03,  1.3363813E+04,3,
  7.8268890E+02,  0.0000000E+00,  2.5476166E+02,2388,  7.5718117E-01,  0.0000000E+00,  5.7361078E-02,  1.0002654E+03,  1.5795203E+04,3,
  7.8376105E+02,  0.0000000E+00,  2.5365857E+02,2209,  8.1090450E-01,  0.0000000E+00, -5.5024374E-02,  1.0003229E+03,  1.9219783E+04,3,
  7.8471924E+02,  0.0000000E+00,  2.5459380E+02,2404,  1.0723637E+00,  0.0000000E+00, -1.2664062E-03,  1.0002465E+03,  1.4664842E+04,3,
  7.8610455E+02,  0.0000000E+00,  2.5444254E+02,2327,  9.3350083E-01,  0.0000000E+00,  4.3566626E-02,  1.0002278E+03,  1.3556413E+04,3,
  7.8693903E+02,  0.0000000E+00,  2.5406752E+02,2287,  8.6689746E-01,  0.0000000E+00,  6.8416066E-02,  1.0002313E+03,  1.3759919E+04,3,
  7.8809985E+02,  0.0000000E+00,  2.5391898E+02,2191,  8.4884721E-01,  0.0000000E+00,  6.8301417E-02,  1.0002403E+03,  1.4297774E+04,3,
  7.8875287E+02,  0.0000000E+00,  2.5453006E+02,2238,  8.6133534E-01,  0.0000000E+00,  1.3496242E-02,  1.0002175E+03,  1.2942288E+04,3,
  7.9000928E+02,  0.0000000E+00,  2.5470738E+02,2387,  9.7208089E-01,  0.0000000E+00, -1.8264979E-02,  1.0002416E+03,  1.4374095E+04,3,
  7.9111749E+02,  0.0000000E+00,  2.5423265E+02,2368,  9.6280956E-01,  0.0000000E+00,  7.9619922E-03,  1.0002576E+03,  1.5326324E+04,3,
  7.9229871E+02,  0.0000000E+00,  2.5409135E+02,2155,  9.2345709E-01,  0.0000000E+00,  3.9203037E-02,  1.0002609E+03,  1.5522596E+04,3,
  7.9325909E+02,  0.0000000E+00,  2.5456369E+02,2413,  8.7056708E-01,  0.0000000E+00,  3.9550573E-02,  1.0002409E+03,  1.4334117E+04,3,
  7.9437622E+02,  0.0000000E+00,  2.5461436E+02,2279,  8.5330158E-01,  0.0000000E+00,  2.4103284E-02,  1.0002495E+03,  1.4842929E+04,3,
  7.9536639E+02,  0.0000000E+00,  2.5432278E+02,2301,  9.4297254E-01,  0.0000000E+00,  3.3020101E-02,  1.0002711E+03,  1.6129611E+04,3,
  7.9656586E+02,  0.0000000E+00,  2.5437569E+02,2275,  9.2575055E-01,  0.0000000E+00,  3.8628742E-02,  1.0002704E+03,  1.6093262E+04,3,
  7.9763873E+02,  0.0000000E+00,  2.5465746E+02,2263,  9.0658909E-01,  0.0000000E+00,  4.3031432E-02,  1.0002474E+03,  1.4719358E+04,3,
  7.9868799E+02,  0.0000000E+00,  2.5446716E+02,2293,  8.9583224E-01,  0.0000000E+00,  5.8162987E-02,  1.0002464E+03,  1.4661207E+04,3,
  7.9973743E+02,  0.0000000E+00,  2.5415349E+02,2306,  8.9185399E-01,  0.0000000E+00,  7.1722187E-02,  1.0002569E+03,  1.5286343E+04,3,
  8.0075183E+02,  0.0000000E+00,  2.5460397E+02,2376,  8.8569546E-01,  0.0000000E+00,  6.1998241E-02,  1.0002253E+03,  1.3407421E+04,3,
  8.0180042E+02,  0.0000000E+00,  2.5451561E+02,2347,  8.7994128E-01,  0.0000000E+00,  5.7063557E-02,  1.0002277E+03,  1.3549146E+04,3,
  8.0282990E+02,  0.0000000E+00,  2.5426727E+02,2320,  8.8208640E-01,  0.0000000E+00,  6.3556060E-02,  1.0002443E+03,  1.4537639E+04,3,
  8.0386670E+02,  0.0000000E+00,  2.5454787E+02,2164,  8.6753064E-01,  0.0000000E+00,  8.1573524E-02,  1.0002247E+03,  1.3367448E+04,3,
  8.0489240E+02,  0.0000000E+00,  2.5420119E+02,2285,  8.5462242E-01,  0.0000000E+00,  9.9829040E-02,  1.0002700E+03,  1.6067817E+04,3,
  8.0587640E+02,  0.0000000E+00,  2.5457913E+02,2396,  8.7821305E-01,  0.0000000E+00,  9.1259114E-02,  1.0002390E+03,  1.4221456E+04,3,
  8.0701703E+02,  0.0000000E+00,  2.5437775E+02,2185,  8.5061526E-01,  0.0000000E+00,  7.9085328E-02,  1.0002506E+03,  1.4911983E+04,3,
  8.0811792E+02,  0.0000000E+00,  2.5454684E+02,2431,  8.3077186E-01,  0.0000000E+00,  6.7431971E-02,  1.0002225E+03,  1.3236628E+04,3,
  8.0919775E+02,  0.0000000E+00,  2.5443570E+02,2173,  8.0157661E-01,  0.0000000E+00,  6.0784250E-02,  1.0002026E+03,  1.2055689E+04,3,
  8.1015137E+02,  0.0000000E+00,  2.5430000E+02,2330,  7.8066432E-01,  0.0000000E+00,  5.9117179E-02,  1.0001919E+03,  1.1416225E+04,3,
  8.1109790E+02,  0.0000000E+00,  2.5425053E+02,2243,  8.1669825E-01,  0.0000000E+00,  5.6963660E-02,  1.0001879E+03,  1.1180069E+04,3,
  8.1204175E+02,  0.0000000E+00,  2.5453711E+02,2311,  8.2916152E-01,  0.0000000E+00,  9.1443229E-03,  1.0002123E+03,  1.2629789E+04,3,
  8.1307697E+02,  0.0000000E+00,  2.5428416E+02,2260,  8.1682730E-01,  0.0000000E+00,  6.5760808E-03,  1.0001828E+03,  1.0874892E+04,3,
  8.1405927E+02,  0.0000000E+00,  2.5449713E+02,2300,  8.2495236E-01,  0.0000000E+00, -3.8968045E-02,  1.0001874E+03,  1.1151004E+04,3,
  8.1511700E+02,  0.0000000E+00,  2.5439043E+02,2369,  8.6663336E-01,  0.0000000E+00, -4.0219244E-02,  1.0001745E+03,  1.0380815E+04,3,
  8.1625659E+02,  0.0000000E+00,  2.5430490E+02,2357,  8.8986391E-01,  0.0000000E+00,  2.9737948E-02,  1.0001799E+03,  1.0700509E+04,3,
  8.1730981E+02,  0.0000000E+00,  2.5440297E+02,2358,  8.3012557E-01,  0.0000000E+00,  8.4182210E-02,  1.0001933E+03,  1.1499789E+04,3,
  8.1828735E+02,  0.0000000E+00,  2.5450392E+02,2245,  8.1948972E-01,  0.0000000E+00,  5.1743343E-02,  1.0001806E+03,  1.0744104E+04,3,
  8.2243640E+02,  0.0000000E+00,  2.5243930E+02,2153,  1.4417988E+00,  0.0000000E+00,  9.1669869E-01,  1.0011193E+03,  6.6772938E+04,3,
  8.1922144E+02,  0.0000000E+00,  2.5439587E+02,2297,  8.0840784E-01,  0.0000000E+00, -2.8457694E-02,  1.0001248E+03,  7.4241353E+03,3,
  8.2018744E+02,  0.0000000E+00,  2.5434702E+02,2340,  7.7500033E-01,  0.0000000E+00, -1.9141965E-01,  1.0000933E+03,  5.5503330E+03,3,
  8.2125165E+02,  0.0000000E+00,  2.5403824E+02,2302,  7.9690075E-01,  0.0000000E+00, -4.3739268E-01,  1.0001689E+03,  1.0046601E+04,3,
  8.2289020E+02,  0.0000000E+00,  2.5358563E+02,2273,  1.5154388E+00,  0.0000000E+00, -9.5427686E-01,  9.9977496E+02, -1.3371186E+04,3,
  8.2418341E+02,  0.0000000E+00,  2.5385704E+02,2193,  1.0699199E+00,  0.0000000E+00, -3.7476194E-01,  1.0003340E+03,  1.9877932E+04,3,
  8.2466754E+02,  0.0000000E+00,  2.5316331E+02,2142,  1.6886556E+00,  0.0000000E+00,  1.9255550E-01,  1.0006968E+03,  4.1519293E+04,3,
  8.2577368E+02,  0.0000000E+00,  2.5403264E+02,2138,  1.4672474E+00,  0.0000000E+00,  6.6764615E-02,  1.0006330E+03,  3.7708164E+04,3,
  8.2643256E+02,  0.0000000E+00,  2.5294194E+02,2106,  1.6693277E+00,  0.0000000E+00,  2.5608838E-01,  1.0005244E+03,  3.1226039E+04,3,
  8.2648322E+02,  0.0000000E+00,  2.5319000E+02,2160,  1.3255999E+00,  0.0000000E+00,  4.1103017E-01,  9.9909772E+02, -5.3502875E+04,3,
  8.2831604E+02,  0.0000000E+00,  2.5348491E+02,2296,  1.8786384E+00,  0.0000000E+00, -3.3191770E-01,  1.0007408E+03,  4.4143480E+04,3,
  8.2785718E+02,  0.0000000E+00,  2.5275787E+02,2231,  1.1865065E+00,  0.0000000E+00,  1.3528152E-01,  1.0004491E+03,  2.6738367E+04,3,
  8.2976929E+02,  0.0000000E+00,  2.5340259E+02,2313,  1.6216385E+00,  0.0000000E+00,  7.7762075E-02,  1.0008827E+03,  5.2622141E+04,3,
  8.3025958E+02,  0.0000000E+00,  2.5305788E+02,2195,  1.5223284E+00,  0.0000000E+00,  1.6177632E-01,  9.9988403E+02, -6.8927490E+03,3,
  8.3132739E+02,  0.0000000E+00,  2.5294406E+02,2274,  1.6202307E+00,  0.0000000E+00, -1.8463865E-01,  1.0009716E+03,  5.7939113E+04,3,
  8.3160699E+02,  0.0000000E+00,  2.5308859E+02,2322,  1.6739054E+00,  0.0000000E+00,  3.2831016E-01,  1.0005422E+03,  3.2292750E+04,3,
  8.3277155E+02,  0.0000000E+00,  2.5350140E+02,2270,  1.5603150E+00,  0.0000000E+00,  1.4733925E-01,  9.9984912E+02, -8.9668896E+03,3,
  8.3439099E+02,  0.0000000E+00,  2.5292046E+02,2200,  1.3887637E+00,  0.0000000E+00, -1.9813089E-01,  1.0008058E+03,  4.8026359E+04,3,
  8.3393408E+02,  0.0000000E+00,  2.5299394E+02,2342,  1.4361103E+00,  0.0000000E+00,  8.1891209E-02,  1.0007031E+03,  4.1894656E+04,3,
  8.3582452E+02,  0.0000000E+00,  2.5290683E+02,2214,  1.7205870E+00,  0.0000000E+00,  1.2545692E-02,  1.0011533E+03,  6.8811773E+04,3,
  8.3625470E+02,  0.0000000E+00,  2.5428981E+02,2208,  1.5272154E+00,  0.0000000E+00,  2.0750666E-01,  9.9927130E+02, -4.3232328E+04,3,
  8.3661389E+02,  0.0000000E+00,  2.5330238E+02,2206,  1.7476960E+00,  0.0000000E+00,  1.1807373E-01,  1.0008506E+03,  5.0703328E+04,3,
  8.3749957E+02,  0.0000000E+00,  2.5286621E+02,2148,  1.4856726E+00,  0.0000000E+00,  3.0929348E-01,  1.0013990E+03,  8.3530805E+04,3,
  8.3772192E+02,  0.0000000E+00,  2.5413733E+02,2305,  1.0129561E+00,  0.0000000E+00,  3.5162184E-01,  9.9952954E+02, -2.7933074E+04,3,
  8.3965820E+02,  0.0000000E+00,  2.5307974E+02,2176,  1.1927326E+00,  0.0000000E+00,  1.1448369E+00,  1.0022934E+03,  1.3730239E+05,3,
  8.3981439E+02,  0.0000000E+00,  2.5310358E+02,2315,  1.7293826E+00,  0.0000000E+00,  3.2631788E-01,  9.9803119E+02, -1.1637230E+05,3,
  8.4076923E+02,  0.0000000E+00,  2.5320296E+02,2219,  1.6476736E+00,  0.0000000E+00,  7.6115018E-01,  1.0018132E+03,  1.0839564E+05,3,
  8.4121515E+02,  0.0000000E+00,  2.5436420E+02,2225,  2.2883611E+00,  0.0000000E+00,  4.2158839E-01,  9.9981171E+02, -1.1189220E+04,3,
  8.4244385E+02,  0.0000000E+00,  2.5510652E+02,2179,  1.2106211E+00,  0.0000000E+00,  9.8399246E-01,  1.0003456E+03,  2.0568854E+04,3,
  8.4282751E+02,  0.0000000E+00,  2.5522289E+02,2224,  1.1562580E+00,  0.0000000E+00,  6.1055845E-01,  9.9908691E+02, -5.4141723E+04,3,
  8.4397003E+02,  0.0000000E+00,  2.5543875E+02,2130,  2.0691893E+00,  0.0000000E+00,  9.3727535E-01,  1.0007034E+03,  4.1912879E+04,3,
  8.4432898E+02,  0.0000000E+00,  2.5512823E+02,2188,  5.8560687E-01,  0.0000000E+00, -5.3738213E-01,  9.9975281E+02, -1.4686656E+04,3,
  8.4459180E+02,  0.0000000E+00,  2.5501653E+02,2184,  2.2399113E+00,  0.0000000E+00,  1.4186541E+00,  9.9929297E+02, -4.1949562E+04,3,
  8.4718915E+02,  0.0000000E+00,  2.5504744E+02,2276,  1.1565622E+00,  0.0000000E+00,  8.8153481E-01,  1.0017478E+03,  1.0446725E+05,3,
  8.4743848E+02,  0.0000000E+00,  2.5509732E+02,2147,  1.6527140E+00,  0.0000000E+00,  5.4950917E-01,  9.9912628E+02, -5.1813523E+04,3,
  8.4774982E+02,  0.0000000E+00,  2.5509097E+02,2171,  1.3756454E+00,  0.0000000E+00, -4.8458019E-01,  9.9904016E+02, -5.6905973E+04,3,
  8.4940851E+02,  0.0000000E+00,  2.5509029E+02,2094,  1.5305424E+00,  0.0000000E+00, -6.5166819E-01,  9.9959637E+02, -2.3969701E+04,3,
  8.5002148E+02,  0.0000000E+00,  2.5547670E+02,2316,  1.6102090E+00,  0.0000000E+00, -1.1816486E-01,  1.0009080E+03,  5.4132648E+04,3,
  8.4988373E+02,  0.0000000E+00,  2.5527968E+02,2197,  1.4736896E+00,  0.0000000E+00,  2.4097961E-01,  9.9888947E+02, -6.5810531E+04,3,
  8.5020917E+02,  0.0000000E+00,  2.5527275E+02,2352,  1.2289793E+00,  0.0000000E+00,  2.3752409E-01,  1.0005231E+03,  3.1149590E+04,3,
  8.5395813E+02,  0.0000000E+00,  2.5485632E+02,2163,  1.4988872E+00,  0.0000000E+00,  4.7564921E-03,  1.0000827E+03,  4.9185488E+03,3,
  8.5400507E+02,  0.0000000E+00,  2.5509534E+02,2174,  1.7231464E+00,  0.0000000E+00,  4.9724549E-01,  9.9941711E+02, -3.4596645E+04,3,
  8.5428363E+02,  0.0000000E+00,  2.5496240E+02,2177,  1.2050499E+00,  0.0000000E+00, -3.8797393E-02,  1.0000475E+03,  2.8274136E+03,3,
  8.5513391E+02,  0.0000000E+00,  2.5508821E+02,2234,  1.4399569E+00,  0.0000000E+00, -4.0651649E-01,  9.9801611E+02, -1.1725809E+05,3,
  8.5609772E+02,  0.0000000E+00,  2.5510112E+02,2249,  1.4946355E+00,  0.0000000E+00,  7.7106014E-02,  1.0034829E+03,  2.0926308E+05,3,
  8.5724048E+02,  0.0000000E+00,  2.5516704E+02,2255,  1.6793954E+00,  0.0000000E+00,  7.8688323E-01,  9.9819427E+02, -1.0678484E+05,3,
  8.5839252E+02,  0.0000000E+00,  2.5505338E+02,2261,  1.2240411E+00,  0.0000000E+00,  4.2319548E-01,  9.9952777E+02, -2.8038020E+04,3,
  8.5996069E+02,  0.0000000E+00,  2.5509721E+02,2258,  1.5323441E+00,  0.0000000E+00,  1.0293854E-01,  1.0001656E+03,  9.8540693E+03,3,
  8.5993097E+02,  0.0000000E+00,  2.5511128E+02,2256,  1.4187729E+00,  0.0000000E+00, -3.5554412E-01,  1.0006287E+03,  3.7453168E+04,3,
  8.5999359E+02,  0.0000000E+00,  2.5523534E+02,2161,  1.4245845E+00,  0.0000000E+00,  2.7099210E-03,  1.0005359E+03,  3.1914109E+04,3,
  8.6011011E+02,  0.0000000E+00,  2.5509610E+02,2186,  1.5020522E+00,  0.0000000E+00, -4.3133891E-01,  1.0001631E+03,  9.7051328E+03,3,
  8.6403741E+02,  0.0000000E+00,  2.5510658E+02,2125,  1.3865418E+00,  0.0000000E+00, -7.8820795E-01,  9.9997192E+02, -1.6692108E+03,3,
  8.6446576E+02,  0.0000000E+00,  2.5502399E+02,2298,  1.3653626E+00,  0.0000000E+00,  1.1469875E-01,  9.9988995E+02, -6.5409722E+03,3,
  8.6486639E+02,  0.0000000E+00,  2.5509549E+02,2212,  1.4581156E+00,  0.0000000E+00,  3.7328262E-02,  1.0002951E+03,  1.7561877E+04,3,
  8.6491357E+02,  0.0000000E+00,  2.5510460E+02,2162,  1.5170869E+00,  0.0000000E+00, -4.9843147E-02,  9.9972064E+02, -1.6596133E+04,3,
  8.6581891E+02,  0.0000000E+00,  2.5515839E+02,2111,  1.4729388E+00,  0.0000000E+00,  2.0913357E-02,  1.0003755E+03,  2.2354562E+04,3,
  8.6712781E+02,  0.0000000E+00,  2.5518301E+02,2244,  1.4456278E+00,  0.0000000E+00,  5.4430969E-02,  1.0000541E+03,  3.2158376E+03,3,
  8.6945715E+02,  0.0000000E+00,  2.5510133E+02,2265,  1.3904485E+00,  0.0000000E+00, -1.5390085E-01,  1.0002914E+03,  1.7340117E+04,3,
  8.6956329E+02,  0.0000000E+00,  2.5503120E+02,2286,  1.4398010E+00,  0.0000000E+00,  5.1778469E-02,  1.0005648E+03,  3.3639953E+04,3,
  8.7006464E+02,  0.0000000E+00,  2.5502586E+02,2157,  1.5083132E+00,  0.0000000E+00,  1.3954683E-01,  1.0006225E+03,  3.7081617E+04,3,
  8.7040405E+02,  0.0000000E+00,  2.5509636E+02,2113,  1.5212953E+00,  0.0000000E+00,  2.4548696E-01,  9.9815265E+02, -1.0923283E+05,3,
  8.7169446E+02,  0.0000000E+00,  2.5538766E+02,2124,  1.4226741E+00,  0.0000000E+00,  6.8196394E-02,  1.0007776E+03,  4.6341770E+04,3,
  8.7284662E+02,  0.0000000E+00,  2.5507628E+02,2187,  1.4590887E+00,  0.0000000E+00, -3.3505774E-01,  1.0001656E+03,  9.8504365E+03,3,
  8.7338141E+02,  0.0000000E+00,  2.5505931E+02,2280,  1.4387459E+00,  0.0000000E+00,  1.1430246E-01,  9.9965887E+02, -2.0261875E+04,3,
  8.7460687E+02,  0.0000000E+00,  2.5508714E+02,2288,  1.5013907E+00,  0.0000000E+00,  1.3251431E-01,  9.9991528E+02, -5.0358066E+03,3,
  8.7526898E+02,  0.0000000E+00,  2.5509454E+02,2165,  1.4572817E+00,  0.0000000E+00, -1.1408322E-01,  1.0000914E+03,  5.4341396E+03,3,
  8.7592889E+02,  0.0000000E+00,  2.5512395E+02,2132,  1.3996960E+00,  0.0000000E+00,  8.5197754E-02,  1.0000995E+03,  5.9170762E+03,3,
  8.7681854E+02,  0.0000000E+00,  2.5511316E+02,2116,  1.5057222E+00,  0.0000000E+00,  1.8718572E-01,  1.0000007E+03,  3.9919353E+01,3,
  8.7772137E+02,  0.0000000E+00,  2.5507806E+02,2190,  1.4413259E+00,  0.0000000E+00,  1.0056581E-01,  1.0000305E+03,  1.8146786E+03,3,
  8.7957837E+02,  0.0000000E+00,  2.5505753E+02,2151,  1.3904268E+00,  0.0000000E+00,  7.8130543E-02,  9.9988275E+02, -6.9689053E+03,3,
  8.7981573E+02,  0.0000000E+00,  2.5503679E+02,2114,  1.4432899E+00,  0.0000000E+00,  3.2147530E-01,  9.9997449E+02, -1.5168163E+03,3,
  8.8042358E+02,  0.0000000E+00,  2.5500635E+02,2123,  1.5622106E+00,  0.0000000E+00,  4.2158157E-01,  9.9938794E+02, -3.6325109E+04,3,
  8.8131342E+02,  0.0000000E+00,  2.5521677E+02,2122,  1.3400550E+00,  0.0000000E+00,  3.9322051E-01,  1.0014504E+03,  8.6616312E+04,3,
  8.8252350E+02,  0.0000000E+00,  2.5499937E+02,2133,  1.4567342E+00,  0.0000000E+00,  2.4713749E-01,  9.9824829E+02, -1.0360727E+05,3,
  8.8285956E+02,  0.0000000E+00,  2.5507219E+02,2121,  1.4168115E+00,  0.0000000E+00,  4.0141335E-01,  1.0000890E+03,  5.2925312E+03,3,
  8.8379437E+02,  0.0000000E+00,  2.5509882E+02,2135,  1.3872432E+00,  0.0000000E+00,  2.0728113E-01,  1.0007078E+03,  4.2171633E+04,3,
  8.8480450E+02,  0.0000000E+00,  2.5510770E+02,2105,  1.4080062E+00,  0.0000000E+00,  4.5045689E-02,  9.9989777E+02, -6.0767529E+03,3,
  8.8556335E+02,  0.0000000E+00,  2.5509166E+02,2250,  1.4238461E+00,  0.0000000E+00, -2.1195237E-02,  9.9991010E+02, -5.3441123E+03,3,
  8.8658582E+02,  0.0000000E+00,  2.5506963E+02,2229,  1.4219898E+00,  0.0000000E+00, -8.6168185E-02,  9.9986438E+02, -8.0604131E+03,3,
  8.8693005E+02,  0.0000000E+00,  2.5505997E+02,2181,  1.3611509E+00,  0.0000000E+00, -8.4313713E-02,  9.9983405E+02, -9.8624072E+03,3,
  8.8890710E+02,  0.0000000E+00,  2.5504953E+02,2120,  1.4714202E+00,  0.0000000E+00, -7.8321107E-02,  9.9990161E+02, -5.8482617E+03,3,
  8.8920929E+02,  0.0000000E+00,  2.5503281E+02,2226,  1.4196080E+00,  0.0000000E+00, -1.0831998E-01,  1.0000773E+03,  4.5990415E+03,3,
  8.9030914E+02,  0.0000000E+00,  2.5505051E+02,2119,  1.3915411E+00,  0.0000000E+00, -1.8934527E-01,  9.9968689E+02, -1.8599420E+04,3,
  8.9038184E+02,  0.0000000E+00,  2.5504517E+02,2220,  1.3887535E+00,  0.0000000E+00, -1.9704515E-01,  9.9975574E+02, -1.4512720E+04,3,
  8.9266522E+02,  0.0000000E+00,  2.5506567E+02,2127,  1.4271587E+00,  0.0000000E+00, -2.1932006E-01,  1.0000009E+03,  5.0806480E+01,3,
  8.9283130E+02,  0.0000000E+00,  2.5505521E+02,2223,  1.4376440E+00,  0.0000000E+00, -2.6344699E-01,  1.0001932E+03,  1.1492522E+04,3,
  8.9344934E+02,  0.0000000E+00,  2.5510870E+02,2149,  1.3736284E+00,  0.0000000E+00, -1.3015392E-01,  9.9985162E+02, -8.8182334E+03,3,
  8.9504303E+02,  0.0000000E+00,  2.5512947E+02,2159,  1.4680388E+00,  0.0000000E+00, -5.3417433E-02,  9.9964771E+02, -2.0924607E+04,3,
  8.9571344E+02,  0.0000000E+00,  2.5512106E+02,2118,  1.4182811E+00,  0.0000000E+00,  2.0135371E-02,  9.9975867E+02, -1.4338780E+04,3,
  8.9638513E+02,  0.0000000E+00,  2.5513907E+02,2107,  1.4594104E+00,  0.0000000E+00,  3.9609950E-02,  1.0003821E+03,  2.2743752E+04,3,
  8.9776215E+02,  0.0000000E+00,  2.5505112E+02,2101,  1.4098473E+00,  0.0000000E+00,  2.5098652E-01,  9.9983759E+02, -9.6521309E+03,3,
  8.9796759E+02,  0.0000000E+00,  2.5505179E+02,2207,  1.4060838E+00,  0.0000000E+00,  2.8332651E-01,  9.9990057E+02, -5.9099185E+03,3,
  8.9808398E+02,  0.0000000E+00,  2.5498093E+02,2242,  1.4110144E+00,  0.0000000E+00,  1.1179520E-01,  1.0000181E+03,  1.0742496E+03,3,
  9.0097247E+02,  0.0000000E+00,  2.5502135E+02,2213,  1.4218619E+00,  0.0000000E+00,  2.3430577E-01,  1.0000023E+03,  1.3790390E+02,3,
  9.0155029E+02,  0.0000000E+00,  2.5507596E+02,2076,  1.4192839E+00,  0.0000000E+00,  4.7131527E-02,  9.9997107E+02, -1.7200085E+03,3,
  9.0178088E+02,  0.0000000E+00,  2.5507854E+02,2131,  1.4224579E+00,  0.0000000E+00,  1.0696029E-01,  1.0000889E+03,  5.2852690E+03,3,
  9.0227173E+02,  0.0000000E+00,  2.5512077E+02,2090,  1.4165305E+00,  0.0000000E+00,  1.5922964E-02,  1.0000668E+03,  3.9745791E+03,3,
  9.0335046E+02,  0.0000000E+00,  2.5513782E+02,2093,  1.3788205E+00,  0.0000000E+00, -3.5639405E-02,  9.9965930E+02, -2.0236523E+04,3,
  9.0506793E+02,  0.0000000E+00,  2.5508893E+02,2152,  1.4285836E+00,  0.0000000E+00, -2.6152179E-01,  1.0000955E+03,  5.6774204E+03,3,
  9.0513055E+02,  0.0000000E+00,  2.5512282E+02,2169,  1.4142624E+00,  0.0000000E+00, -1.7529491E-01,  1.0000059E+03,  3.5202167E+02,3,
  9.0522479E+02,  0.0000000E+00,  2.5509982E+02,2205,  1.4331812E+00,  0.0000000E+00, -4.1318497E-01,  9.9991400E+02, -5.1119771E+03,3,
  9.0532050E+02,  0.0000000E+00,  2.5508562E+02,2167,  1.4185585E+00,  0.0000000E+00, -2.8684223E-01,  1.0000086E+03,  5.1170572E+02,3,
  9.2887830E+02,  0.0000000E+00,  2.5504716E+02,2271,  4.6416092E+00,  0.0000000E+00, -3.3231784E-02,  9.9973834E+02, -1.5545423E+04,3,
  9.2908185E+02,  0.0000000E+00,  2.5504752E+02,2095,  4.6088657E+00,  0.0000000E+00, -9.4183303E-02,  9.9988678E+02, -6.7295552E+03,3,
  9.2908447E+02,  0.0000000E+00,  2.5504034E+02,2084,  4.6059403E+00,  0.0000000E+00, -9.6672714E-02,  9.9988306E+02, -6.9507729E+03,3,
  9.2925952E+02,  0.0000000E+00,  2.5504895E+02,2170,  4.5117798E+00,  0.0000000E+00,  6.2372517E-02,  9.9961188E+02, -2.3050117E+04,3,
  9.3128442E+02,  0.0000000E+00,  2.5577774E+02,2154,  4.5561395E+00,  0.0000000E+00, -3.7804502E-01,  1.0005991E+03,  3.5686598E+04,3,
  9.3194843E+02,  0.0000000E+00,  2.5491956E+02,2198,  4.7924910E+00,  0.0000000E+00, -1.8172640E-01,  9.9917725E+02, -4.8798676E+04,3,
  9.3207031E+02,  0.0000000E+00,  2.5491934E+02,2189,  4.7120132E+00,  0.0000000E+00, -2.0083262E-01,  1.0000627E+03,  3.7277095E+03,3,
  9.3217322E+02,  0.0000000E+00,  2.5491957E+02,2129,  4.5492840E+00,  0.0000000E+00, -2.8337836E-01,  1.0002173E+03,  1.2931387E+04,3,
  9.3823505E+02,  0.0000000E+00,  2.5309943E+02,2089,  7.2350960E+00,  0.0000000E+00, -2.3456182E+00,  9.9984143E+02, -9.4237227E+03,3,
  9.3852301E+02,  0.0000000E+00,  2.5313672E+02,2199,  8.3518677E+00,  0.0000000E+00, -2.5026445E+00,  9.9734515E+02, -1.5660003E+05,3,
  9.3857971E+02,  0.0000000E+00,  2.5311098E+02,2128,  8.5065422E+00,  0.0000000E+00, -3.8507843E+00,  9.9402246E+02, -3.4910184E+05,3,
  9.3869556E+02,  0.0000000E+00,  2.5329187E+02,2158,  4.3760848E+00,  0.0000000E+00, -6.7698841E+00,  9.9462506E+02, -3.1447553E+05,3,
  9.4058673E+02,  0.0000000E+00,  2.5282307E+02,2072,  5.4957194E+00,  0.0000000E+00,  1.4688083E+00,  1.0036251E+03,  2.1789691E+05,3,
  9.4121600E+02,  0.0000000E+00,  2.5209673E+02,2136,  1.0694789E+01,  0.0000000E+00, -4.3341589E+00,  1.0033829E+03,  2.0319153E+05,3,
  9.4194757E+02,  0.0000000E+00,  2.5244205E+02,2102,  9.4906111E+00,  0.0000000E+00, -2.8785920E+00,  9.9797205E+02, -1.1984688E+05,3,
  9.4402551E+02,  0.0000000E+00,  2.5167183E+02,2103,  5.9185414E+00,  0.0000000E+00, -4.3501529E-01,  1.0023445E+03,  1.4038239E+05,3,
  9.4403845E+02,  0.0000000E+00,  2.5165517E+02,2104,  5.9417877E+00,  0.0000000E+00, -1.9983927E+00,  1.0025595E+03,  1.5335670E+05,3,
  9.4679236E+02,  0.0000000E+00,  2.5140720E+02,2070,  1.0527998E+01,  0.0000000E+00, -1.4254897E+00,  9.9780188E+02, -1.2983700E+05,3,
  9.4843823E+02,  0.0000000E+00,  2.5265878E+02,2083,  4.6134710E+00,  0.0000000E+00,  9.5797765E-01,  1.0007748E+03,  4.6177703E+04,3,
  9.5236749E+02,  0.0000000E+00,  2.5228821E+02,2137,  5.6533465E+00,  0.0000000E+00, -3.5847601E-01,  1.0020532E+03,  1.2283495E+05,3,
  9.4911511E+02,  0.0000000E+00,  2.5271115E+02,2092,  5.0041094E+00,  0.0000000E+00,  1.6809027E-01,  9.9687433E+02, -1.8411236E+05,3,
  9.4951166E+02,  0.0000000E+00,  2.5286790E+02,2156,  5.3651648E+00,  0.0000000E+00,  2.9143823E-02,  9.9841724E+02, -9.3662195E+04,3,
  9.5188770E+02,  0.0000000E+00,  2.5271707E+02,2178,  5.2895536E+00,  0.0000000E+00, -1.1884536E+00,  1.0066569E+03,  4.0379594E+05,3,
  9.7718298E+02,  0.0000000E+00,  2.5158051E+02,2075,  7.8403368E+00,  0.0000000E+00, -1.8535500E+00,  9.9504370E+02, -2.9034562E+05,3,
  9.7701819E+02,  0.0000000E+00,  2.5144386E+02,2096,  8.4399948E+00,  0.0000000E+00, -1.9281374E+00,  9.9771960E+02, -1.3466356E+05,3,
  9.7814789E+02,  0.0000000E+00,  2.5178822E+02,2109,  8.4837313E+00,  0.0000000E+00, -1.9196138E+00,  1.0013259E+03,  7.9147570E+04,3,
 -3.9654187E+02,  0.0000000E+00,  2.6406354E+02,3811,  5.8332214E-05,  0.0000000E+00, -6.9835107E-04,  1.0006684E+03,  3.9821230E+04,3,
 -3.9390680E+02,  0.0000000E+00,  2.6401630E+02,3816,  9.3009342E-03,  0.0000000E+00, -1.8925985E-03,  1.0002540E+03,  1.5111883E+04,3,
 -3.9104651E+02,  0.0000000E+00,  2.6357870E+02,3802,  1.5393254E-02,  0.0000000E+00, -1.6706523E-03,  1.0003387E+03,  2.0157932E+04,3,
 -3.8676926E+02,  0.0000000E+00,  2.6369748E+02,3793,  7.9457369E-03,  0.0000000E+00, -2.1763572E-03,  1.0003057E+03,  1.8190830E+04,3,
 -3.8840530E+02,  0.0000000E+00,  2.6436432E+02,3803,  2.3721626E-02,  0.0000000E+00,  8.0018472E-03,  1.0007551E+03,  4.5000137E+04,3,
 -3.8398868E+02,  0.0000000E+00,  2.6394196E+02,3794,  2.3914674E-02,  0.0000000E+00, -2.7622033E-03,  1.0004272E+03,  2.5435758E+04,3,
 -3.8148874E+02,  0.0000000E+00,  2.6365192E+02,3784,  3.3976421E-02,  0.0000000E+00, -2.9987008E-03,  1.0004825E+03,  2.8728998E+04,3,
 -3.7853464E+02,  0.0000000E+00,  2.6358701E+02,3775,  4.6072342E-02,  0.0000000E+00, -2.2460436E-03,  1.0003877E+03,  2.3078395E+04,3,
 -3.7549777E+02,  0.0000000E+00,  2.6355334E+02,3766,  6.8612136E-02,  0.0000000E+00, -7.2982237E-03,  1.0004034E+03,  2.4013270E+04,3,
 -3.7265912E+02,  0.0000000E+00,  2.6392950E+02,3776,  6.9649696E-02,  0.0000000E+00,  9.9677006E-03,  1.0002712E+03,  1.6140516E+04,3,
 -3.7092630E+02,  0.0000000E+00,  2.6431140E+02,3777,  4.9916781E-02,  0.0000000E+00,  1.8564265E-02,  1.0007023E+03,  4.1843633E+04,3,
 -3.6885980E+02,  0.0000000E+00,  2.6357144E+02,3757,  9.5529370E-03,  0.0000000E+00,  5.3981408E-03,  1.0002630E+03,  1.5649812E+04,3,
 -3.6590164E+02,  0.0000000E+00,  2.6393863E+02,3767,  1.3147042E-02,  0.0000000E+00, -1.2391184E-02,  1.0004123E+03,  2.4544404E+04,3,
 -3.6384985E+02,  0.0000000E+00,  2.6370981E+02,3748,  5.3729411E-02,  0.0000000E+00, -7.0305506E-04,  1.0004360E+03,  2.5956053E+04,3,
 -3.6082620E+02,  0.0000000E+00,  2.6355917E+02,3739,  3.8624808E-02,  0.0000000E+00,  2.4050090E-03,  1.0004282E+03,  2.5490332E+04,3,
 -3.5799377E+02,  0.0000000E+00,  2.6391699E+02,3750,  4.4067640E-02,  0.0000000E+00, -7.0659718E-03,  1.0003190E+03,  1.8983441E+04,3,
 -3.5588693E+02,  0.0000000E+00,  2.6397363E+02,3740,  6.0507622E-02,  0.0000000E+00,  7.9317372E-03,  1.0004595E+03,  2.7356986E+04,3,
 -3.5322791E+02,  0.0000000E+00,  2.6356265E+02,3730,  3.7829421E-02,  0.0000000E+00, -4.8286698E-04,  1.0002834E+03,  1.6863895E+04,3,
 -3.5032126E+02,  0.0000000E+00,  2.6393188E+02,3760,  5.5590142E-02,  0.0000000E+00, -2.3302645E-03,  1.0004092E+03,  2.4358867E+04,3,
 -3.4841223E+02,  0.0000000E+00,  2.6416089E+02,3741,  4.8073776E-02,  0.0000000E+00, -3.6270729E-05,  1.0005284E+03,  3.1469953E+04,3,
 -3.4629480E+02,  0.0000000E+00,  2.6363824E+02,3721,  5.3711634E-02,  0.0000000E+00,  3.1690977E-03,  1.0003798E+03,  2.2609172E+04,3,
 -3.4359213E+02,  0.0000000E+00,  2.6385721E+02,3731,  3.7843928E-02,  0.0000000E+00,  2.3002115E-03,  1.0003068E+03,  1.8256273E+04,3,
 -3.4076236E+02,  0.0000000E+00,  2.6353827E+02,3712,  2.5519177E-02,  0.0000000E+00,  1.6009111E-04,  1.0003885E+03,  2.3125682E+04,3,
 -3.3744235E+02,  0.0000000E+00,  2.6360751E+02,3703,  2.4665352E-02,  0.0000000E+00, -4.7163566E-04,  1.0003533E+03,  2.1027070E+04,3,
 -3.3457663E+02,  0.0000000E+00,  2.6357425E+02,3694,  1.9515127E-02,  0.0000000E+00,  3.6829200E-03,  1.0003342E+03,  1.9888842E+04,3,
 -3.3106741E+02,  0.0000000E+00,  2.6350839E+02,3685,  8.9871744E-03,  0.0000000E+00, -2.1021843E-03,  1.0003743E+03,  2.2278182E+04,3,
 -3.2823877E+02,  0.0000000E+00,  2.6387747E+02,3713,  2.1792101E-02,  0.0000000E+00, -2.3810957E-03,  1.0004160E+03,  2.4762688E+04,3,
 -3.2567636E+02,  0.0000000E+00,  2.6383572E+02,3704,  1.2632643E-02,  0.0000000E+00,  4.1823708E-03,  1.0004590E+03,  2.7331512E+04,3,
 -3.2280246E+02,  0.0000000E+00,  2.6356366E+02,3676,  1.7208916E-03,  0.0000000E+00, -8.1373274E-04,  1.0003501E+03,  2.0837963E+04,3,
 -3.1972363E+02,  0.0000000E+00,  2.6364008E+02,3667,  5.9285457E-03,  0.0000000E+00, -1.6685646E-03,  1.0004250E+03,  2.5304779E+04,3,
 -3.1732999E+02,  0.0000000E+00,  2.6402078E+02,3696,  1.3055674E-03,  0.0000000E+00,  7.3020388E-03,  1.0005668E+03,  3.3760121E+04,3,
 -3.1470367E+02,  0.0000000E+00,  2.6353296E+02,3658, -2.6205434E-03,  0.0000000E+00, -7.9833280E-04,  1.0003625E+03,  2.1576230E+04,3,
 -3.1176822E+02,  0.0000000E+00,  2.6409271E+02,3677,  1.7450200E-02,  0.0000000E+00, -1.4889047E-02,  1.0004857E+03,  2.8921896E+04,3,
 -3.1006671E+02,  0.0000000E+00,  2.6373120E+02,3649,  3.2071888E-02,  0.0000000E+00,  9.3634641E-03,  1.0004134E+03,  2.4609889E+04,3,
 -3.0702112E+02,  0.0000000E+00,  2.6355188E+02,3640, -4.0601408E-03,  0.0000000E+00,  3.0000613E-03,  1.0003543E+03,  2.1088895E+04,3,
 -3.0391479E+02,  0.0000000E+00,  2.6358646E+02,3631,  7.9972675E-04,  0.0000000E+00, -1.7982713E-04,  1.0003395E+03,  2.0208842E+04,3,
 -3.0084305E+02,  0.0000000E+00,  2.6357053E+02,3622,  1.1360412E-03,  0.0000000E+00, -5.4852469E-03,  1.0003527E+03,  2.0990703E+04,3,
 -2.9789261E+02,  0.0000000E+00,  2.6373041E+02,3613,  3.6330067E-02,  0.0000000E+00, -4.3841153E-03,  1.0004430E+03,  2.6374494E+04,3,
 -2.9596701E+02,  0.0000000E+00,  2.6398358E+02,3660, -1.5086588E-02,  0.0000000E+00,  1.9951230E-02,  1.0004299E+03,  2.5595846E+04,3,
 -2.9290704E+02,  0.0000000E+00,  2.6347739E+02,3604, -1.3900276E-02,  0.0000000E+00, -4.6244892E-03,  1.0003837E+03,  2.2841961E+04,3,
 -2.9002078E+02,  0.0000000E+00,  2.6405002E+02,3642,  2.7431909E-02,  0.0000000E+00, -1.3706523E-02,  1.0004324E+03,  2.5741383E+04,3,
 -2.8842236E+02,  0.0000000E+00,  2.6402219E+02,3632,  1.9359522E-02,  0.0000000E+00,  6.1556729E-03,  1.0003650E+03,  2.1725346E+04,3,
 -2.8575729E+02,  0.0000000E+00,  2.6363287E+02,3595,  2.7021576E-02,  0.0000000E+00, -9.2159671E-04,  1.0002858E+03,  1.7009303E+04,3,
 -2.8274725E+02,  0.0000000E+00,  2.6353897E+02,3586,  2.1506499E-02,  0.0000000E+00,  1.8432941E-03,  1.0002779E+03,  1.6536732E+04,3,
 -2.7921152E+02,  0.0000000E+00,  2.6351212E+02,3577,  5.1704660E-02,  0.0000000E+00, -8.0897370E-03,  1.0002126E+03,  1.2647958E+04,3,
 -2.7603305E+02,  0.0000000E+00,  2.6356967E+02,3568,  9.4392419E-02,  0.0000000E+00, -3.0290580E-03,  1.0004257E+03,  2.5344799E+04,3,
 -2.7317694E+02,  0.0000000E+00,  2.6387241E+02,3624,  7.7272214E-02,  0.0000000E+00,  1.1427135E-03,  1.0002553E+03,  1.5191843E+04,3,
 -2.7126672E+02,  0.0000000E+00,  2.6424756E+02,3634,  1.0178376E-01,  0.0000000E+00,  6.9285631E-03,  1.0005161E+03,  3.0734590E+04,3,
 -2.6938174E+02,  0.0000000E+00,  2.6386050E+02,3596,  6.8900198E-02,  0.0000000E+00, -3.1995567E-04,  1.0002473E+03,  1.4712089E+04,3,
 -2.6639185E+02,  0.0000000E+00,  2.6358862E+02,3559,  6.8989292E-02,  0.0000000E+00, -4.6370749E-04,  1.0004581E+03,  2.7273289E+04,3,
 -2.6367874E+02,  0.0000000E+00,  2.6379095E+02,3550,  7.5023912E-02,  0.0000000E+00, -4.1439035E-03,  1.0003184E+03,  1.8947082E+04,3,
 -2.6201334E+02,  0.0000000E+00,  2.6415332E+02,3587,  6.0017284E-02,  0.0000000E+00,  1.5437868E-02,  1.0005192E+03,  3.0920246E+04,3,
 -2.5957413E+02,  0.0000000E+00,  2.6380017E+02,3606,  3.5914805E-02,  0.0000000E+00,  5.0701550E-03,  1.0002822E+03,  1.6794826E+04,3,
 -2.5666342E+02,  0.0000000E+00,  2.6352673E+02,3541,  1.8090418E-02,  0.0000000E+00, -1.2377389E-04,  1.0002907E+03,  1.7300127E+04,3,
 -2.5343108E+02,  0.0000000E+00,  2.6365286E+02,3532,  2.0648601E-02,  0.0000000E+00, -4.4996296E-03,  1.0003210E+03,  1.9103430E+04,3,
 -2.5149072E+02,  0.0000000E+00,  2.6405145E+02,3569,  5.9119496E-03,  0.0000000E+00,  1.6102903E-02,  1.0004730E+03,  2.8161246E+04,3,
 -2.4863333E+02,  0.0000000E+00,  2.6350427E+02,3523, -2.0397283E-02,  0.0000000E+00,  2.9078429E-03,  1.0003805E+03,  2.2649182E+04,3,
 -2.4553848E+02,  0.0000000E+00,  2.6376602E+02,3578, -2.2138838E-02,  0.0000000E+00, -2.9925423E-04,  1.0001008E+03,  5.9933315E+03,3,
 -2.4280756E+02,  0.0000000E+00,  2.6384427E+02,3560, -1.8253738E-02,  0.0000000E+00, -8.4783388E-03,  1.0002169E+03,  1.2902317E+04,3,
 -2.4064706E+02,  0.0000000E+00,  2.6421329E+02,3551,  2.7491346E-02,  0.0000000E+00, -1.5542312E-02,  1.0004943E+03,  2.9431455E+04,3,
 -2.3861882E+02,  0.0000000E+00,  2.6358115E+02,3514,  1.3700910E-02,  0.0000000E+00,  6.3587427E-03,  1.0001901E+03,  1.1307229E+04,3,
 -2.3523598E+02,  0.0000000E+00,  2.6350531E+02,3505,  1.1126314E-02,  0.0000000E+00, -4.8442571E-03,  1.0003340E+03,  1.9877932E+04,3,
 -2.3232402E+02,  0.0000000E+00,  2.6375336E+02,3496,  6.7262590E-02,  0.0000000E+00, -1.2113262E-02,  1.0002675E+03,  1.5915152E+04,3,
 -2.3077750E+02,  0.0000000E+00,  2.6443948E+02,3542,  1.3862550E-02,  0.0000000E+00,  2.8798878E-02,  1.0007235E+03,  4.3111945E+04,3,
 -2.2914026E+02,  0.0000000E+00,  2.6416565E+02,3570,  3.1903505E-02,  0.0000000E+00,  5.9820391E-04,  1.0002685E+03,  1.5976945E+04,3,
 -2.2682405E+02,  0.0000000E+00,  2.6352597E+02,3487,  2.3723745E-03,  0.0000000E+00,  4.8751868E-03,  1.0003057E+03,  1.8194467E+04,3,
 -2.2342270E+02,  0.0000000E+00,  2.6359372E+02,3478,  6.3542468E-03,  0.0000000E+00, -4.6264539E-03,  1.0002238E+03,  1.3312939E+04,3,
 -2.2128447E+02,  0.0000000E+00,  2.6422610E+02,3533,  5.3864062E-02,  0.0000000E+00, -1.7056052E-02,  1.0005131E+03,  3.0552578E+04,3,
 -2.1959816E+02,  0.0000000E+00,  2.6399854E+02,3543,  3.6079068E-02,  0.0000000E+00,  4.3802052E-03,  1.0002819E+03,  1.6773014E+04,3,
 -2.1683214E+02,  0.0000000E+00,  2.6352203E+02,3469,  2.8109929E-02,  0.0000000E+00,  1.7968578E-03,  1.0002913E+03,  1.7336480E+04,3,
 -2.1367772E+02,  0.0000000E+00,  2.6357620E+02,3460,  2.5247926E-02,  0.0000000E+00, -1.6670318E-03,  1.0003475E+03,  2.0685225E+04,3,
 -2.1074864E+02,  0.0000000E+00,  2.6363239E+02,3451,  2.6698261E-02,  0.0000000E+00,  5.4416631E-04,  1.0003710E+03,  2.2081775E+04,3,
 -2.0794196E+02,  0.0000000E+00,  2.6367673E+02,3442,  2.1185298E-02,  0.0000000E+00,  2.5084906E-03,  1.0003790E+03,  2.2558250E+04,3,
 -2.0538451E+02,  0.0000000E+00,  2.6382788E+02,3506, -1.3017693E-03,  0.0000000E+00,  5.4468941E-03,  1.0003625E+03,  2.1576230E+04,3,
 -2.0247162E+02,  0.0000000E+00,  2.6353412E+02,3433, -6.1939158E-03,  0.0000000E+00, -9.6345815E-04,  1.0003529E+03,  2.1005250E+04,3,
 -1.9916695E+02,  0.0000000E+00,  2.6358905E+02,3424,  4.5624320E-04,  0.0000000E+00, -6.5244868E-04,  1.0001905E+03,  1.1332661E+04,3,
 -1.9675169E+02,  0.0000000E+00,  2.6405472E+02,3497,  2.0293957E-02,  0.0000000E+00, -1.0356880E-02,  1.0003917E+03,  2.3314834E+04,3,
 -1.9461017E+02,  0.0000000E+00,  2.6385196E+02,3498,  3.7392929E-02,  0.0000000E+00, -3.7237175E-03,  1.0002115E+03,  1.2586186E+04,3,
 -1.9165717E+02,  0.0000000E+00,  2.6360172E+02,3415,  5.6833878E-02,  0.0000000E+00, -8.8648911E-04,  1.0003187E+03,  1.8965262E+04,3,
 -1.8844670E+02,  0.0000000E+00,  2.6355862E+02,3406,  6.0252447E-02,  0.0000000E+00, -1.1025359E-03,  1.0003011E+03,  1.7921793E+04,3,
 -1.8562157E+02,  0.0000000E+00,  2.6383994E+02,3508,  8.4335834E-02,  0.0000000E+00, -5.0012395E-03,  1.0001880E+03,  1.1187336E+04,3,
 -1.8255861E+02,  0.0000000E+00,  2.6360217E+02,3397,  7.5365260E-02,  0.0000000E+00,  7.6743518E-03,  1.0003317E+03,  1.9743391E+04,3,
 -1.8023953E+02,  0.0000000E+00,  2.6417026E+02,3461,  3.9977513E-02,  0.0000000E+00,  1.7037017E-03,  1.0003223E+03,  1.9183422E+04,3,
 -1.7817482E+02,  0.0000000E+00,  2.6375967E+02,3388,  5.2009620E-02,  0.0000000E+00,  3.7329884E-03,  1.0003319E+03,  1.9754299E+04,3,
 -1.7484715E+02,  0.0000000E+00,  2.6351974E+02,3379,  2.5282335E-02,  0.0000000E+00,  1.1616668E-03,  9.9995312E+02, -2.7866992E+03,3,
 -1.7115155E+02,  0.0000000E+00,  2.6349646E+02,3370,  2.2878123E-02,  0.0000000E+00, -2.6195184E-03,  1.0002185E+03,  1.3000429E+04,3,
 -1.6798112E+02,  0.0000000E+00,  2.6381543E+02,3489,  4.5390770E-02,  0.0000000E+00, -9.7302906E-04,  1.0002792E+03,  1.6616703E+04,3,
 -1.6529630E+02,  0.0000000E+00,  2.6378552E+02,3480,  4.3723445E-02,  0.0000000E+00, -4.8538353E-04,  1.0002387E+03,  1.4203284E+04,3,
 -1.6238779E+02,  0.0000000E+00,  2.6357495E+02,3361,  4.9585737E-02,  0.0000000E+00,  2.0744272E-03,  1.0003302E+03,  1.9652484E+04,3,
 -1.5895758E+02,  0.0000000E+00,  2.6356610E+02,3352,  3.1703219E-02,  0.0000000E+00,  5.8987137E-04,  1.0001215E+03,  7.2280234E+03,3,
 -1.5599672E+02,  0.0000000E+00,  2.6400256E+02,3407,  4.7595244E-02,  0.0000000E+00, -9.6168712E-04,  9.9999579E+02, -2.5039955E+02,3,
 -1.5301431E+02,  0.0000000E+00,  2.6360779E+02,3343,  4.4457465E-02,  0.0000000E+00, -3.9124358E-03,  1.0001300E+03,  7.7328384E+03,3,
 -1.4992317E+02,  0.0000000E+00,  2.6359125E+02,3334,  7.1423203E-02,  0.0000000E+00, -2.5989100E-05,  1.0002279E+03,  1.3560048E+04,3,
 -1.4656917E+02,  0.0000000E+00,  2.6356839E+02,3325,  5.0266270E-02,  0.0000000E+00,  4.9653291E-03,  1.0001487E+03,  8.8478809E+03,3,
 -1.4344626E+02,  0.0000000E+00,  2.6377087E+02,3389,  2.4666641E-02,  0.0000000E+00,  7.8401063E-04,  9.9997931E+02, -1.2301631E+03,3,
 -1.4007034E+02,  0.0000000E+00,  2.6368430E+02,3316,  8.5750232E-03,  0.0000000E+00,  1.6713238E-03,  1.0004222E+03,  2.5137418E+04,3,
 -1.3761333E+02,  0.0000000E+00,  2.6381360E+02,3307,  4.7284672E-03,  0.0000000E+00,  1.1283329E-03,  1.0003650E+03,  2.1725346E+04,3,
 -1.3457201E+02,  0.0000000E+00,  2.6355450E+02,3298, -1.7322834E-03,  0.0000000E+00,  4.9782876E-04,  1.0004587E+03,  2.7313316E+04,3,
 -1.3078937E+02,  0.0000000E+00,  2.6348639E+02,3289, -6.8659289E-04,  0.0000000E+00, -1.8556665E-03,  1.0003108E+03,  1.8496232E+04,3,
 -1.2770779E+02,  0.0000000E+00,  2.6374826E+02,3280,  1.0133456E-02,  0.0000000E+00, -1.9598403E-03,  1.0000529E+03,  3.1468640E+03,3,
 -1.2561679E+02,  0.0000000E+00,  2.6413882E+02,3399,  9.4494969E-03,  0.0000000E+00,  3.8226170E-03,  1.0002582E+03,  1.5366305E+04,3,
 -1.2302496E+02,  0.0000000E+00,  2.6374088E+02,3371,  1.2779527E-02,  0.0000000E+00, -2.8289631E-03,  1.0000204E+03,  1.2157980E+03,3,
 -1.1967860E+02,  0.0000000E+00,  2.6363458E+02,3271,  2.6503662E-02,  0.0000000E+00,  1.4101317E-03,  1.0004037E+03,  2.4031459E+04,3,
 -1.1752442E+02,  0.0000000E+00,  2.6408856E+02,3445, -4.0137514E-02,  0.0000000E+00,  3.0842850E-02,  1.0004951E+03,  2.9478773E+04,3,
 -1.1456140E+02,  0.0000000E+00,  2.6348193E+02,3262, -4.5830175E-02,  0.0000000E+00, -8.7151928E-03,  1.0003925E+03,  2.3362121E+04,3,
 -1.1146564E+02,  0.0000000E+00,  2.6403662E+02,3436, -6.5391255E-03,  0.0000000E+00, -7.8399973E-03,  1.0002873E+03,  1.7096549E+04,3,
 -1.0999159E+02,  0.0000000E+00,  2.6419305E+02,3391, -3.6402095E-02,  0.0000000E+00,  1.1280090E-02,  1.0004468E+03,  2.6600094E+04,3,
 -1.0690518E+02,  0.0000000E+00,  2.6359494E+02,3253, -3.2670818E-02,  0.0000000E+00, -9.6537953E-04,  1.0003495E+03,  2.0801596E+04,3,
 -1.0332958E+02,  0.0000000E+00,  2.6365610E+02,3244, -8.6834440E-03,  0.0000000E+00, -3.9881533E-03,  1.0002513E+03,  1.4951963E+04,3,
 -9.9725639E+01,  0.0000000E+00,  2.6395404E+02,3443,  2.7414542E-02,  0.0000000E+00, -8.0529097E-03,  1.0001737E+03,  1.0333589E+04,3,
 -9.7359795E+01,  0.0000000E+00,  2.6431009E+02,3390,  3.6660526E-02,  0.0000000E+00,  2.4376508E-02,  1.0004655E+03,  2.7713617E+04,3,
 -9.4829895E+01,  0.0000000E+00,  2.6360632E+02,3235, -1.1212341E-02,  0.0000000E+00,  5.1211193E-03,  1.0002609E+03,  1.5522596E+04,3,
 -9.1377510E+01,  0.0000000E+00,  2.6400064E+02,3335,  1.9222328E-03,  0.0000000E+00, -8.8120025E-04,  1.0002058E+03,  1.2244630E+04,3,
 -8.7062233E+01,  0.0000000E+00,  2.6355029E+02,3226,  7.7504716E-03,  0.0000000E+00, -1.0729574E-03,  1.0003466E+03,  2.0627039E+04,3,
 -8.2838112E+01,  0.0000000E+00,  2.6377090E+02,3208,  3.2320689E-02,  0.0000000E+00, -1.4941502E-04,  1.0002911E+03,  1.7325576E+04,3,
 -7.9294785E+01,  0.0000000E+00,  2.6371442E+02,3199,  3.0220687E-02,  0.0000000E+00, -4.7208188E-04,  1.0002625E+03,  1.5620733E+04,3,
 -7.6399948E+01,  0.0000000E+00,  2.6439792E+02,3290,  5.2635890E-02,  0.0000000E+00,  1.0530978E-02,  1.0001811E+03,  1.0773168E+04,3,
 -7.2556969E+01,  0.0000000E+00,  2.6420438E+02,3308,  1.1671595E-01,  0.0000000E+00,  8.8366652E-03,  1.0002775E+03,  1.6514922E+04,3,
 -7.4766823E+01,  0.0000000E+00,  2.6465457E+02,3427,  5.8940131E-02,  0.0000000E+00, -4.2680610E-02,  1.0003950E+03,  2.3511264E+04,3,
 -6.8236603E+01,  0.0000000E+00,  2.6388422E+02,3190,  9.5843315E-02,  0.0000000E+00,  2.1878460E-03,  1.0003022E+03,  1.7987234E+04,3,
 -6.5543274E+01,  0.0000000E+00,  2.6395547E+02,3181,  7.2956800E-02,  0.0000000E+00,  1.1987643E-02,  1.0004155E+03,  2.4733584E+04,3,
 -6.2038326E+01,  0.0000000E+00,  2.6455746E+02,3317,  7.9535536E-02,  0.0000000E+00,  8.9333961E-03,  1.0004442E+03,  2.6447268E+04,3,
 -5.9748402E+01,  0.0000000E+00,  2.6464313E+02,3336,  7.5776435E-02,  0.0000000E+00,  7.9679815E-04,  1.0001210E+03,  7.1953384E+03,3,
 -5.6289490E+01,  0.0000000E+00,  2.6432129E+02,3272,  7.3647492E-02,  0.0000000E+00,  5.6488351E-03,  1.0004763E+03,  2.8361412E+04,3,
 -4.9280056E+01,  0.0000000E+00,  2.6450623E+02,3172,  1.0045075E-01,  0.0000000E+00,  1.8419735E-03,  1.0003227E+03,  1.9205238E+04,3,
 -4.0052280E+01,  0.0000000E+00,  2.6467447E+02,3477,  1.9462344E-01,  0.0000000E+00,  7.2961055E-02,  1.0008506E+03,  5.0706973E+04,3,
  1.2158014E+02,  0.0000000E+00,  2.6322369E+02,3394,  7.8009524E+00,  0.0000000E+00,  2.1716406E+00,  9.9842133E+02, -9.3421352E+04,3,
  1.2192091E+02,  0.0000000E+00,  2.6297443E+02,3374,  7.8607583E+00,  0.0000000E+00, -2.3529341E+00,  9.9803198E+02, -1.1632568E+05,3,
  1.2316099E+02,  0.0000000E+00,  2.6357132E+02,3245,  7.1714139E+00,  0.0000000E+00, -5.5383074E-01,  1.0027179E+03,  1.6292411E+05,3,
  1.2338708E+02,  0.0000000E+00,  2.6341769E+02,3309,  7.9024482E+00,  0.0000000E+00, -1.4960630E-01,  1.0005099E+03,  3.0366928E+04,3,
  1.2344652E+02,  0.0000000E+00,  2.6300223E+02,3237,  7.0647674E+00,  0.0000000E+00, -8.1056917E-01,  1.0008589E+03,  5.1199410E+04,3,
  1.2365313E+02,  0.0000000E+00,  2.6287589E+02,3055,  7.0728254E+00,  0.0000000E+00, -1.6298721E+00,  1.0007280E+03,  4.3378020E+04,3,
  1.5939873E+02,  0.0000000E+00,  2.6202466E+02,3395,  7.2889299E+00,  0.0000000E+00, -4.0083961E+00,  9.9974054E+02, -1.5414982E+04,3,
  1.5952037E+02,  0.0000000E+00,  2.6223804E+02,3396,  7.7508368E+00,  0.0000000E+00, -3.2916489E+00,  9.9981519E+02, -1.0982597E+04,3,
  1.6049918E+02,  0.0000000E+00,  2.6176776E+02,3046,  7.5020432E+00,  0.0000000E+00, -4.2400103E+00,  1.0016675E+03,  9.9645977E+04,3,
  1.6045671E+02,  0.0000000E+00,  2.6189471E+02,3037,  7.5541930E+00,  0.0000000E+00, -5.5122342E+00,  9.9766266E+02, -1.3800281E+05,3,
  1.6231058E+02,  0.0000000E+00,  2.6141565E+02,3387,  7.9072394E+00,  0.0000000E+00, -5.0622482E+00,  9.9719775E+02, -1.6522162E+05,3,
  1.6169601E+02,  0.0000000E+00,  2.6096475E+02,3386,  6.3281789E+00,  0.0000000E+00, -5.1253633E+00,  1.0022329E+03,  1.3365692E+05,3,
  1.6597690E+02,  0.0000000E+00,  2.6116595E+02,3236,  9.5244770E+00,  0.0000000E+00,  1.2094164E+00,  9.9923566E+02, -4.5342203E+04,3,
  1.6582410E+02,  0.0000000E+00,  2.6277704E+02,3173,  3.4842832E+00,  0.0000000E+00, -2.1161386E-01,  9.9808771E+02, -1.1305077E+05,3,
  1.6504222E+02,  0.0000000E+00,  2.6280557E+02,3028,  3.0721731E+00,  0.0000000E+00, -1.5970684E+00,  9.9675696E+02, -1.9095870E+05,3,
  1.6606555E+02,  0.0000000E+00,  2.6147858E+02,3348,  8.7044134E+00,  0.0000000E+00,  8.9215738E-01,  1.0028808E+03,  1.7277380E+05,3,
  1.6613397E+02,  0.0000000E+00,  2.6147629E+02,3338,  8.9263258E+00,  0.0000000E+00,  1.1560197E+00,  1.0025384E+03,  1.5208173E+05,3,
  1.6640518E+02,  0.0000000E+00,  2.6242215E+02,3164,  4.7131009E+00,  0.0000000E+00,  2.3010027E+00,  1.0006883E+03,  4.1009113E+04,3,
  1.9471762E+02,  0.0000000E+00,  2.5837070E+02,3368,  2.5917480E+00,  0.0000000E+00, -9.9349946E-01,  1.0000830E+03,  4.9367031E+03,3,
 -3.9730508E+02,  0.0000000E+00,  2.6572375E+02,3820,  2.1735961E-03,  0.0000000E+00,  2.2382084E-04,  9.9999005E+02, -5.9151343E+02,3,
 -3.9654953E+02,  0.0000000E+00,  2.6578729E+02,3815,  1.4071984E-03,  0.0000000E+00, -2.3854140E-03,  1.0000854E+03,  5.0783066E+03,3,
 -3.9710535E+02,  0.0000000E+00,  2.6699518E+02,3828, -3.1587929E-03,  0.0000000E+00, -2.2161342E-03,  1.0003729E+03,  2.2198164E+04,3,
 -3.9474817E+02,  0.0000000E+00,  2.6592892E+02,3821, -1.3199858E-03,  0.0000000E+00, -5.3628120E-03,  1.0002452E+03,  1.4588520E+04,3,
 -3.9370734E+02,  0.0000000E+00,  2.6599490E+02,3822,  1.1407295E-03,  0.0000000E+00, -5.1381378E-03,  1.0002582E+03,  1.5366305E+04,3,
 -3.9261276E+02,  0.0000000E+00,  2.6603824E+02,3823,  5.3192140E-04,  0.0000000E+00, -4.5103678E-03,  1.0002321E+03,  1.3807162E+04,3,
 -3.9161740E+02,  0.0000000E+00,  2.6604547E+02,3824,  1.5705276E-03,  0.0000000E+00, -3.7267769E-03,  1.0001911E+03,  1.1368993E+04,3,
 -3.9053979E+02,  0.0000000E+00,  2.6595480E+02,3825,  1.1081699E-02,  0.0000000E+00, -4.6110102E-03,  1.0001447E+03,  8.6081543E+03,3,
 -3.8968961E+02,  0.0000000E+00,  2.6596573E+02,3827, -1.5363061E-02,  0.0000000E+00, -1.8903558E-03,  1.0001271E+03,  7.5621426E+03,3,
 -3.8818640E+02,  0.0000000E+00,  2.6641290E+02,3826,  8.7356390E-03,  0.0000000E+00, -1.2189358E-02,  1.0001951E+03,  1.1605153E+04,3,
 -3.8655176E+02,  0.0000000E+00,  2.6653836E+02,3818,  1.0206799E-02,  0.0000000E+00, -1.1726426E-02,  1.0002389E+03,  1.4214188E+04,3,
 -3.8538345E+02,  0.0000000E+00,  2.6566751E+02,3812,  2.7634069E-02,  0.0000000E+00, -4.8349206E-03,  1.0001305E+03,  7.7618936E+03,3,
 -3.8448291E+02,  0.0000000E+00,  2.6579904E+02,3813,  9.2364009E-03,  0.0000000E+00, -6.1132894E-03,  1.0001929E+03,  1.1477989E+04,3,
 -3.7784360E+02,  0.0000000E+00,  2.6570337E+02,3788,  1.4194428E-02,  0.0000000E+00, -4.5343819E-03,  1.0002212E+03,  1.3160316E+04,3,
 -3.8240869E+02,  0.0000000E+00,  2.6558606E+02,3805,  1.9294363E-02,  0.0000000E+00, -9.2011122E-03,  1.0001340E+03,  7.9689121E+03,3,
 -3.8010834E+02,  0.0000000E+00,  2.6567877E+02,3785,  2.7215417E-02,  0.0000000E+00, -5.7198447E-03,  1.0001682E+03,  1.0006642E+04,3,
 -3.8336530E+02,  0.0000000E+00,  2.6676416E+02,3814,  1.4970409E-02,  0.0000000E+00, -7.6057143E-03,  1.0002947E+03,  1.7540064E+04,3,
 -3.8085797E+02,  0.0000000E+00,  2.6671509E+02,3806,  1.2520066E-02,  0.0000000E+00, -8.4324498E-03,  1.0002867E+03,  1.7060197E+04,3,
 -3.7905521E+02,  0.0000000E+00,  2.6574951E+02,3804,  1.6101640E-02,  0.0000000E+00, -5.1635122E-03,  1.0001848E+03,  1.0991148E+04,3,
 -3.7695789E+02,  0.0000000E+00,  2.6683548E+02,3819,  3.3350773E-02,  0.0000000E+00, -5.6924629E-03,  1.0002973E+03,  1.7692754E+04,3,
 -3.7589087E+02,  0.0000000E+00,  2.6577036E+02,3795,  1.3336747E-02,  0.0000000E+00, -2.1807044E-03,  1.0002123E+03,  1.2629789E+04,3,
 -3.7473212E+02,  0.0000000E+00,  2.6557068E+02,3798, -3.7663798E-03,  0.0000000E+00, -5.7481802E-03,  1.0001284E+03,  7.6384106E+03,3,
 -3.7363342E+02,  0.0000000E+00,  2.6674103E+02,3807,  7.3837683E-02,  0.0000000E+00, -1.1203147E-02,  1.0002654E+03,  1.5791568E+04,3,
 -3.7124225E+02,  0.0000000E+00,  2.6635217E+02,3796,  2.8479010E-02,  0.0000000E+00, -1.9995052E-02,  1.0002114E+03,  1.2578919E+04,3,
 -3.7306747E+02,  0.0000000E+00,  2.6571057E+02,3787, -2.5201324E-02,  0.0000000E+00,  9.3179563E-04,  1.0001967E+03,  1.1703252E+04,3,
 -3.6969916E+02,  0.0000000E+00,  2.6631604E+02,3817,  6.4108640E-02,  0.0000000E+00, -1.6788082E-02,  1.0002195E+03,  1.3062203E+04,3,
 -3.6797220E+02,  0.0000000E+00,  2.6556860E+02,3799,  1.4300020E-01,  0.0000000E+00,  1.0433289E-02,  1.0001444E+03,  8.5899932E+03,3,
 -3.6799945E+02,  0.0000000E+00,  2.6648151E+02,3810, -1.1809383E-02,  0.0000000E+00, -1.4335462E-02,  1.0002339E+03,  1.3916185E+04,3,
 -3.6538269E+02,  0.0000000E+00,  2.6606613E+02,3797,  6.4805686E-02,  0.0000000E+00, -6.0097146E-04,  1.0002316E+03,  1.3778089E+04,3,
 -3.6659521E+02,  0.0000000E+00,  2.6581287E+02,3786,  7.6891840E-02,  0.0000000E+00, -2.1936023E-03,  1.0001920E+03,  1.1419858E+04,3,
 -3.6405075E+02,  0.0000000E+00,  2.6632654E+02,3808,  6.4313948E-02,  0.0000000E+00,  2.9871603E-03,  1.0002881E+03,  1.7143809E+04,3,
 -3.6249515E+02,  0.0000000E+00,  2.6667813E+02,3809,  8.0450967E-02,  0.0000000E+00,  5.9646228E-03,  1.0003025E+03,  1.8001777E+04,3,
 -3.6207294E+02,  0.0000000E+00,  2.6546194E+02,3779,  2.5899021E-02,  0.0000000E+00, -1.2265099E-03,  1.0001039E+03,  6.1785254E+03,3,
 -3.6082800E+02,  0.0000000E+00,  2.6557773E+02,3778,  5.8185525E-02,  0.0000000E+00, -5.9224507E-03,  1.0001382E+03,  8.2231514E+03,3,
 -3.5982028E+02,  0.0000000E+00,  2.6667804E+02,3800,  4.7868714E-02,  0.0000000E+00, -1.5811641E-03,  1.0002903E+03,  1.7274680E+04,3,
 -3.5877621E+02,  0.0000000E+00,  2.6565466E+02,3758,  7.6149449E-02,  0.0000000E+00,  1.3176283E-03,  1.0002351E+03,  1.3988867E+04,3,
 -3.5741687E+02,  0.0000000E+00,  2.6648996E+02,3801,  6.4579546E-02,  0.0000000E+00,  1.1633656E-04,  1.0002637E+03,  1.5689794E+04,3,
 -3.5642300E+02,  0.0000000E+00,  2.6557175E+02,3768,  8.7271389E-03,  0.0000000E+00, -4.8317951E-03,  1.0001622E+03,  9.6506445E+03,3,
 -3.5512106E+02,  0.0000000E+00,  2.6650903E+02,3790,  7.7483311E-02,  0.0000000E+00, -1.2622638E-02,  1.0002710E+03,  1.6125976E+04,3,
 -3.5381967E+02,  0.0000000E+00,  2.6555792E+02,3749,  8.1034034E-02,  0.0000000E+00, -3.9443444E-03,  1.0002138E+03,  1.2720631E+04,3,
 -3.5277740E+02,  0.0000000E+00,  2.6675397E+02,3789,  5.4769743E-02,  0.0000000E+00, -8.9953752E-04,  1.0002891E+03,  1.7201973E+04,3,
 -3.5193344E+02,  0.0000000E+00,  2.6579776E+02,3759,  6.4235434E-02,  0.0000000E+00,  2.4029424E-03,  1.0002358E+03,  1.4028843E+04,3,
 -3.5096222E+02,  0.0000000E+00,  2.6550977E+02,3769,  5.4771524E-02,  0.0000000E+00,  5.5844849E-04,  1.0000975E+03,  5.7972476E+03,3,
 -3.4956635E+02,  0.0000000E+00,  2.6659326E+02,3792,  7.6094016E-02,  0.0000000E+00, -5.8071604E-03,  1.0002537E+03,  1.5097345E+04,3,
 -3.4818808E+02,  0.0000000E+00,  2.6616153E+02,3781,  6.2836163E-02,  0.0000000E+00, -5.8888770E-03,  1.0002080E+03,  1.2375438E+04,3,
 -3.4684250E+02,  0.0000000E+00,  2.6613724E+02,3791,  7.5295813E-02,  0.0000000E+00, -3.3266125E-03,  1.0002071E+03,  1.2320935E+04,3,
 -3.4558707E+02,  0.0000000E+00,  2.6632043E+02,3782,  6.9562338E-02,  0.0000000E+00,  1.4273024E-03,  1.0002316E+03,  1.3781724E+04,3,
 -3.4452713E+02,  0.0000000E+00,  2.6569891E+02,3761,  7.6263472E-02,  0.0000000E+00,  6.6301310E-03,  1.0002054E+03,  1.2222829E+04,3,
 -3.4345520E+02,  0.0000000E+00,  2.6577838E+02,3742,  6.9020860E-02,  0.0000000E+00,  6.1247945E-03,  1.0002412E+03,  1.4352289E+04,3,
 -3.4222723E+02,  0.0000000E+00,  2.6659866E+02,3780,  6.4029694E-02,  0.0000000E+00,  5.9923376E-03,  1.0002828E+03,  1.6827543E+04,3,
 -3.3837946E+02,  0.0000000E+00,  2.6570032E+02,3722,  6.1823338E-02,  0.0000000E+00, -1.1771107E-03,  1.0002503E+03,  1.4893812E+04,3,
 -3.4157489E+02,  0.0000000E+00,  2.6545139E+02,3752,  8.2106657E-02,  0.0000000E+00,  7.9559367E-03,  1.0001577E+03,  9.3818389E+03,3,
 -3.3997272E+02,  0.0000000E+00,  2.6667819E+02,3783,  7.7593721E-02,  0.0000000E+00,  6.0464609E-03,  1.0002969E+03,  1.7670941E+04,3,
 -3.3932001E+02,  0.0000000E+00,  2.6535223E+02,3753,  5.2148979E-02,  0.0000000E+00,  7.1475352E-03,  1.0001122E+03,  6.6760244E+03,3,
 -3.3720023E+02,  0.0000000E+00,  2.6645673E+02,3770,  7.7208541E-02,  0.0000000E+00, -3.3864623E-03,  1.0002814E+03,  1.6743934E+04,3,
 -3.3606683E+02,  0.0000000E+00,  2.6548056E+02,3723,  7.0602931E-02,  0.0000000E+00, -4.2388607E-03,  1.0002111E+03,  1.2560750E+04,3,
 -3.3494287E+02,  0.0000000E+00,  2.6660828E+02,3772,  7.1373083E-02,  0.0000000E+00,  5.8077596E-04,  1.0002865E+03,  1.7049291E+04,3,
 -3.3391714E+02,  0.0000000E+00,  2.6567230E+02,3743,  7.3992945E-02,  0.0000000E+00,  3.0511625E-03,  1.0002472E+03,  1.4708455E+04,3,
 -3.3281927E+02,  0.0000000E+00,  2.6538297E+02,3754,  6.1446711E-02,  0.0000000E+00,  2.8105406E-03,  1.0001376E+03,  8.1868311E+03,3,
 -3.3198080E+02,  0.0000000E+00,  2.6665070E+02,3771,  7.2980464E-02,  0.0000000E+00,  1.8984259E-03,  1.0002880E+03,  1.7136537E+04,3,
 -3.3131729E+02,  0.0000000E+00,  2.6548145E+02,3744,  7.1547359E-02,  0.0000000E+00,  1.3618908E-03,  1.0001281E+03,  7.6202515E+03,3,
 -3.2956644E+02,  0.0000000E+00,  2.6667020E+02,3774,  7.1328066E-02,  0.0000000E+00,  4.9742707E-03,  1.0002922E+03,  1.7391012E+04,3,
 -3.2926727E+02,  0.0000000E+00,  2.6564349E+02,3751,  7.9994701E-02,  0.0000000E+00,  1.3093247E-02,  1.0002239E+03,  1.3323841E+04,3,
 -3.2736310E+02,  0.0000000E+00,  2.6543103E+02,3762,  2.4162641E-02,  0.0000000E+00, -1.0078527E-03,  1.0000964E+03,  5.7355186E+03,3,
 -3.2697656E+02,  0.0000000E+00,  2.6671753E+02,3773,  1.0622620E-01,  0.0000000E+00,  1.9487860E-03,  1.0002888E+03,  1.7187432E+04,3,
 -3.2558298E+02,  0.0000000E+00,  2.6561993E+02,3733,  6.8927296E-02,  0.0000000E+00, -4.2901016E-03,  1.0001422E+03,  8.4556045E+03,3,
 -3.2362173E+02,  0.0000000E+00,  2.6556833E+02,3724,  7.4845873E-02,  0.0000000E+00,  4.1171331E-03,  1.0001660E+03,  9.8758652E+03,3,
 -3.2436722E+02,  0.0000000E+00,  2.6667761E+02,3763,  6.6233307E-02,  0.0000000E+00,  3.6900823E-03,  1.0002848E+03,  1.6947504E+04,3,
 -3.2230536E+02,  0.0000000E+00,  2.6567822E+02,3705,  5.9730742E-02,  0.0000000E+00,  6.9410801E-03,  1.0002188E+03,  1.3014964E+04,3,
 -3.2128256E+02,  0.0000000E+00,  2.6671643E+02,3765,  7.7996269E-02,  0.0000000E+00,  2.7674607E-03,  1.0002989E+03,  1.7787277E+04,3,
 -3.2058228E+02,  0.0000000E+00,  2.6551456E+02,3686,  4.9181730E-02,  0.0000000E+00,  7.1752812E-03,  1.0001476E+03,  8.7825010E+03,3,
 -3.1904324E+02,  0.0000000E+00,  2.6655084E+02,3764,  8.4561385E-02,  0.0000000E+00, -3.7811182E-03,  1.0002902E+03,  1.7271045E+04,3,
 -3.1810788E+02,  0.0000000E+00,  2.6553311E+02,3732,  5.6454748E-02,  0.0000000E+00, -9.1441236E-03,  1.0000851E+03,  5.0637832E+03,3,
 -3.1679788E+02,  0.0000000E+00,  2.6666193E+02,3756,  7.6598659E-02,  0.0000000E+00, -8.7825432E-03,  1.0002946E+03,  1.7532793E+04,3,
 -3.1584329E+02,  0.0000000E+00,  2.6553415E+02,3725,  9.7348005E-02,  0.0000000E+00, -1.0878191E-02,  1.0000834E+03,  4.9621191E+03,3,
 -3.1440555E+02,  0.0000000E+00,  2.6671002E+02,3755,  5.1633041E-02,  0.0000000E+00, -3.7562086E-03,  1.0002778E+03,  1.6533096E+04,3,
 -3.1390659E+02,  0.0000000E+00,  2.6574323E+02,3715,  8.8202871E-02,  0.0000000E+00, -2.9381521E-03,  1.0001989E+03,  1.1830419E+04,3,
 -3.1143262E+02,  0.0000000E+00,  2.6638501E+02,3745,  7.8043044E-02,  0.0000000E+00, -2.5870011E-03,  1.0002543E+03,  1.5130056E+04,3,
 -3.1267871E+02,  0.0000000E+00,  2.6560934E+02,3714,  7.7339679E-02,  0.0000000E+00,  1.9630269E-04,  1.0001332E+03,  7.9216968E+03,3,
 -3.0993924E+02,  0.0000000E+00,  2.6638437E+02,3747,  7.6808713E-02,  0.0000000E+00, -3.0417123E-04,  1.0002797E+03,  1.6642150E+04,3,
 -3.0819653E+02,  0.0000000E+00,  2.6547833E+02,3716,  9.5410757E-02,  0.0000000E+00,  6.5910900E-03,  1.0001371E+03,  8.1577749E+03,3,
 -3.0811801E+02,  0.0000000E+00,  2.6652075E+02,3734,  4.4893786E-02,  0.0000000E+00, -1.8072419E-03,  1.0002692E+03,  1.6016929E+04,3,
 -3.0668237E+02,  0.0000000E+00,  2.6576752E+02,3695,  8.9702815E-02,  0.0000000E+00,  2.3297649E-03,  1.0002056E+03,  1.2230096E+04,3,
 -3.0557715E+02,  0.0000000E+00,  2.6556671E+02,3707,  8.1604131E-02,  0.0000000E+00,  6.8864748E-03,  1.0001935E+03,  1.1514321E+04,3,
 -3.0459296E+02,  0.0000000E+00,  2.6670282E+02,3746,  6.6557921E-02,  0.0000000E+00,  6.6206505E-04,  1.0002756E+03,  1.6402234E+04,3,
 -3.0360440E+02,  0.0000000E+00,  2.6574283E+02,3678,  7.4489087E-02,  0.0000000E+00, -3.0852682E-03,  1.0002283E+03,  1.3585485E+04,3,
 -3.0244525E+02,  0.0000000E+00,  2.6577075E+02,3668,  8.1771128E-02,  0.0000000E+00, -2.8712086E-03,  1.0002060E+03,  1.2255530E+04,3,
 -3.0140768E+02,  0.0000000E+00,  2.6576538E+02,3669,  8.0782227E-02,  0.0000000E+00,  1.1903860E-03,  1.0002076E+03,  1.2350002E+04,3,
 -2.9954553E+02,  0.0000000E+00,  2.6548462E+02,3641,  4.6226885E-02,  0.0000000E+00,  5.9791333E-03,  1.0001379E+03,  8.2013594E+03,3,
 -3.0022156E+02,  0.0000000E+00,  2.6651096E+02,3735,  9.2408329E-02,  0.0000000E+00, -1.9524075E-03,  1.0002631E+03,  1.5657081E+04,3,
 -2.9824347E+02,  0.0000000E+00,  2.6632166E+02,3726,  8.5068814E-02,  0.0000000E+00, -1.3236238E-02,  1.0002744E+03,  1.6329534E+04,3,
 -2.9668427E+02,  0.0000000E+00,  2.6653726E+02,3738,  8.8909440E-02,  0.0000000E+00, -1.4095279E-02,  1.0002677E+03,  1.5929691E+04,3,
 -2.9556018E+02,  0.0000000E+00,  2.6571396E+02,3687,  1.2611955E-01,  0.0000000E+00, -1.7287781E-03,  1.0001675E+03,  9.9666816E+03,3,
 -2.9451010E+02,  0.0000000E+00,  2.6585486E+02,3706,  9.9869296E-02,  0.0000000E+00, -1.1430769E-03,  1.0001840E+03,  1.0947553E+04,3,
 -2.9243887E+02,  0.0000000E+00,  2.6669891E+02,3736,  1.1102083E-01,  0.0000000E+00, -6.6469400E-03,  1.0002886E+03,  1.7172891E+04,3,
 -2.9342172E+02,  0.0000000E+00,  2.6576022E+02,3697,  8.0078028E-02,  0.0000000E+00, -2.1781102E-03,  1.0001844E+03,  1.0972983E+04,3,
 -2.9039746E+02,  0.0000000E+00,  2.6651044E+02,3737,  1.0104517E-01,  0.0000000E+00, -6.0184719E-03,  1.0003021E+03,  1.7976328E+04,3,
 -2.9173370E+02,  0.0000000E+00,  2.6538403E+02,3699,  9.9430509E-02,  0.0000000E+00, -6.5395394E-03,  1.0000324E+03,  1.9271996E+03,3,
 -2.8897516E+02,  0.0000000E+00,  2.6625296E+02,3727,  1.1773618E-01,  0.0000000E+00, -4.3699201E-03,  1.0002599E+03,  1.5468075E+04,3,
 -2.8738400E+02,  0.0000000E+00,  2.6559851E+02,3717,  1.0541622E-01,  0.0000000E+00, -2.7599474E-03,  1.0002094E+03,  1.2459010E+04,3,
 -2.8666006E+02,  0.0000000E+00,  2.6638467E+02,3729,  9.8880962E-02,  0.0000000E+00,  2.4300044E-04,  1.0002584E+03,  1.5373574E+04,3,
 -2.8473477E+02,  0.0000000E+00,  2.6551010E+02,3688,  6.7412265E-02,  0.0000000E+00, -4.0749023E-03,  1.0002670E+03,  1.5889708E+04,3,
 -2.8475433E+02,  0.0000000E+00,  2.6651758E+02,3728,  1.1575986E-01,  0.0000000E+00, -1.3946798E-03,  1.0002649E+03,  1.5762490E+04,3,
 -2.8310016E+02,  0.0000000E+00,  2.6559149E+02,3679,  1.0305282E-01,  0.0000000E+00, -1.1026637E-02,  1.0002223E+03,  1.3225726E+04,3,
 -2.8203351E+02,  0.0000000E+00,  2.6642825E+02,3718,  8.0820926E-02,  0.0000000E+00, -1.2961899E-02,  1.0002535E+03,  1.5086440E+04,3,
 -2.8121356E+02,  0.0000000E+00,  2.6537573E+02,3698,  1.0734845E-01,  0.0000000E+00, -2.1441652E-02,  1.0002066E+03,  1.2291866E+04,3,
 -2.7995346E+02,  0.0000000E+00,  2.6545361E+02,3689,  1.0652816E-01,  0.0000000E+00, -7.2673033E-03,  1.0002679E+03,  1.5944231E+04,3,
 -2.7919864E+02,  0.0000000E+00,  2.6668298E+02,3719,  8.4968463E-02,  0.0000000E+00, -1.0855876E-02,  1.0002780E+03,  1.6544002E+04,3,
 -2.7805933E+02,  0.0000000E+00,  2.6572406E+02,3650,  9.9660948E-02,  0.0000000E+00, -1.0984429E-02,  1.0002611E+03,  1.5537135E+04,3,
 -2.7709607E+02,  0.0000000E+00,  2.6553207E+02,3653,  9.0523832E-02,  0.0000000E+00, -8.8945758E-03,  1.0001669E+03,  9.9267227E+03,3,
 -2.7590692E+02,  0.0000000E+00,  2.6662466E+02,3720,  1.0368816E-01,  0.0000000E+00, -3.0557504E-03,  1.0002647E+03,  1.5751585E+04,3,
 -2.7485907E+02,  0.0000000E+00,  2.6572412E+02,3659,  9.7237222E-02,  0.0000000E+00,  4.6138139E-03,  1.0001994E+03,  1.1863119E+04,3,
 -2.7378278E+02,  0.0000000E+00,  2.6565668E+02,3670,  8.2981102E-02,  0.0000000E+00,  1.0221852E-03,  1.0001993E+03,  1.1855853E+04,3,
 -2.7283609E+02,  0.0000000E+00,  2.6639078E+02,3708,  9.9416770E-02,  0.0000000E+00, -6.9136205E-03,  1.0002452E+03,  1.4588520E+04,3,
 -2.7122656E+02,  0.0000000E+00,  2.6641217E+02,3710,  1.1161777E-01,  0.0000000E+00, -6.0030106E-03,  1.0002507E+03,  1.4919253E+04,3,
 -2.6939389E+02,  0.0000000E+00,  2.6564325E+02,3623,  1.0099595E-01,  0.0000000E+00,  1.6288066E-03,  1.0002312E+03,  1.3756285E+04,3,
 -2.6877325E+02,  0.0000000E+00,  2.6672305E+02,3711,  1.1735136E-01,  0.0000000E+00,  4.8873127E-03,  1.0002759E+03,  1.6416775E+04,3,
 -2.6747742E+02,  0.0000000E+00,  2.6575562E+02,3662,  1.0549644E-01,  0.0000000E+00,  6.6591734E-03,  1.0001998E+03,  1.1884919E+04,3,
 -2.6680728E+02,  0.0000000E+00,  2.6550522E+02,3681,  9.4812065E-02,  0.0000000E+00,  7.8127235E-03,  1.0000802E+03,  4.7696860E+03,3,
 -2.6555090E+02,  0.0000000E+00,  2.6648184E+02,3709,  1.0980677E-01,  0.0000000E+00,  3.6241235E-03,  1.0002822E+03,  1.6791191E+04,3,
 -2.6425931E+02,  0.0000000E+00,  2.6625433E+02,3701,  1.0258870E-01,  0.0000000E+00,  2.1669560E-03,  1.0002795E+03,  1.6634879E+04,3,
 -2.6300070E+02,  0.0000000E+00,  2.6607654E+02,3700,  1.0187586E-01,  0.0000000E+00, -2.1054922E-03,  1.0002306E+03,  1.3719944E+04,3,
 -2.6130347E+02,  0.0000000E+00,  2.6649478E+02,3702,  1.2364668E-01,  0.0000000E+00, -7.5430999E-04,  1.0002377E+03,  1.4141503E+04,3,
 -2.6016666E+02,  0.0000000E+00,  2.6572363E+02,3651,  1.2640157E-01,  0.0000000E+00,  6.0114861E-03,  1.0001732E+03,  1.0304526E+04,3,
 -2.5915454E+02,  0.0000000E+00,  2.6581216E+02,3652,  1.0934527E-01,  0.0000000E+00,  5.4447521E-03,  1.0001983E+03,  1.1797719E+04,3,
 -2.5812421E+02,  0.0000000E+00,  2.6584338E+02,3605,  1.1273128E-01,  0.0000000E+00,  5.5874237E-03,  1.0002413E+03,  1.4355923E+04,3,
 -2.5614395E+02,  0.0000000E+00,  2.6549261E+02,3663,  1.2659870E-01,  0.0000000E+00,  1.1515023E-02,  1.0002057E+03,  1.2237363E+04,3,
 -2.5684930E+02,  0.0000000E+00,  2.6661923E+02,3680,  1.2088156E-01,  0.0000000E+00,  6.9187153E-03,  1.0002711E+03,  1.6133246E+04,3,
 -2.5475562E+02,  0.0000000E+00,  2.6552969E+02,3597,  5.1930360E-02,  0.0000000E+00,  1.7171578E-02,  1.0002138E+03,  1.2720631E+04,3,
 -2.5416553E+02,  0.0000000E+00,  2.6640625E+02,3692,  1.5812513E-01,  0.0000000E+00,  7.1031676E-04,  1.0002587E+03,  1.5391747E+04,3,
 -2.5260666E+02,  0.0000000E+00,  2.6613794E+02,3690,  1.2882380E-01,  0.0000000E+00,  9.3348278E-03,  1.0002546E+03,  1.5148229E+04,3,
 -2.5104730E+02,  0.0000000E+00,  2.6654355E+02,3693,  1.4880811E-01,  0.0000000E+00,  8.6795678E-03,  1.0002533E+03,  1.5071902E+04,3,
 -2.5024692E+02,  0.0000000E+00,  2.6568539E+02,3671,  9.0751305E-02,  0.0000000E+00, -6.6688810E-03,  1.0001618E+03,  9.6252158E+03,3,
 -2.4927356E+02,  0.0000000E+00,  2.6579025E+02,3643,  9.0382591E-02,  0.0000000E+00, -1.6444631E-02,  1.0001491E+03,  8.8696748E+03,3,
 -2.4787665E+02,  0.0000000E+00,  2.6567999E+02,3654,  1.9304530E-01,  0.0000000E+00, -8.0279782E-03,  1.0002085E+03,  1.2404506E+04,3,
 -2.4717239E+02,  0.0000000E+00,  2.6657272E+02,3691,  7.6089397E-02,  0.0000000E+00,  3.4919423E-03,  1.0002559E+03,  1.5224555E+04,3,
 -2.4598027E+02,  0.0000000E+00,  2.6573257E+02,3661,  1.1859462E-01,  0.0000000E+00,  9.2664231E-03,  1.0002959E+03,  1.7609139E+04,3,
 -2.4498547E+02,  0.0000000E+00,  2.6547510E+02,3645,  1.2145375E-01,  0.0000000E+00,  1.5791947E-03,  1.0003052E+03,  1.8161746E+04,3,
 -2.4354613E+02,  0.0000000E+00,  2.6646939E+02,3683,  1.2032014E-01,  0.0000000E+00,  5.2581565E-03,  1.0002454E+03,  1.4603058E+04,3,
 -2.4135550E+02,  0.0000000E+00,  2.6623550E+02,3682,  1.0443394E-01,  0.0000000E+00,  2.1468185E-02,  1.0002426E+03,  1.4435878E+04,3,
 -2.4289566E+02,  0.0000000E+00,  2.6557172E+02,3633,  1.4689970E-01,  0.0000000E+00,  5.4156431E-03,  1.0002313E+03,  1.3759919E+04,3,
 -2.3991953E+02,  0.0000000E+00,  2.6634979E+02,3684,  1.1133776E-01,  0.0000000E+00,  2.0061228E-02,  1.0002598E+03,  1.5457172E+04,3,
 -2.3834810E+02,  0.0000000E+00,  2.6552689E+02,3614,  5.9807509E-02,  0.0000000E+00, -5.4003601E-03,  1.0002436E+03,  1.4494026E+04,3,
 -2.3773024E+02,  0.0000000E+00,  2.6640717E+02,3672,  8.9700066E-02,  0.0000000E+00, -1.9231199E-03,  1.0002547E+03,  1.5155497E+04,3,
 -2.3643927E+02,  0.0000000E+00,  2.6583945E+02,3615,  7.0584930E-02,  0.0000000E+00, -1.5981473E-02,  1.0002349E+03,  1.3977965E+04,3,
 -2.3553967E+02,  0.0000000E+00,  2.6564713E+02,3627,  8.9706659E-02,  0.0000000E+00, -1.4485961E-02,  1.0001741E+03,  1.0359019E+04,3,
 -2.3450797E+02,  0.0000000E+00,  2.6564978E+02,3625,  1.1922184E-01,  0.0000000E+00, -9.8672770E-03,  1.0001744E+03,  1.0373550E+04,3,
 -2.3357681E+02,  0.0000000E+00,  2.6648486E+02,3674,  5.1293399E-02,  0.0000000E+00,  8.9997994E-03,  1.0002595E+03,  1.5438998E+04,3,
 -2.3225769E+02,  0.0000000E+00,  2.6639532E+02,3675,  6.0837086E-02,  0.0000000E+00,  3.3885005E-03,  1.0002416E+03,  1.4377729E+04,3,
 -2.3032718E+02,  0.0000000E+00,  2.6614047E+02,3673,  1.4224863E-01,  0.0000000E+00,  1.7809261E-02,  1.0001752E+03,  1.0424409E+04,3,
 -2.2874699E+02,  0.0000000E+00,  2.6637225E+02,3665,  5.6930043E-02,  0.0000000E+00,  1.6543228E-02,  1.0002416E+03,  1.4374095E+04,3,
 -2.2754198E+02,  0.0000000E+00,  2.6634555E+02,3664,  8.6575374E-02,  0.0000000E+00,  1.0987351E-02,  1.0002519E+03,  1.4988309E+04,3,
 -2.2636276E+02,  0.0000000E+00,  2.6558762E+02,3626,  5.4174576E-02,  0.0000000E+00, -9.2774723E-03,  1.0001759E+03,  1.0464371E+04,3,
 -2.2545825E+02,  0.0000000E+00,  2.6561850E+02,3635,  7.4423127E-02,  0.0000000E+00, -1.5899576E-02,  1.0002245E+03,  1.3356546E+04,3,
 -2.2380614E+02,  0.0000000E+00,  2.6553534E+02,3579,  1.0106064E-01,  0.0000000E+00, -6.1195572E-03,  1.0002478E+03,  1.4744799E+04,3,
 -2.2428517E+02,  0.0000000E+00,  2.6666989E+02,3666,  4.8237327E-02,  0.0000000E+00,  4.4973881E-04,  1.0002729E+03,  1.6238659E+04,3,
 -2.2214302E+02,  0.0000000E+00,  2.6626001E+02,3644,  7.2460443E-02,  0.0000000E+00,  2.4241649E-02,  1.0002515E+03,  1.4966501E+04,3,
 -2.2056659E+02,  0.0000000E+00,  2.6633130E+02,3656,  1.4129140E-02,  0.0000000E+00,  1.7391218E-02,  1.0002496E+03,  1.4853832E+04,3,
 -2.1913156E+02,  0.0000000E+00,  2.6634366E+02,3655,  3.4791239E-02,  0.0000000E+00,  5.4333275E-03,  1.0002484E+03,  1.4781144E+04,3,
 -2.1820370E+02,  0.0000000E+00,  2.6563046E+02,3598,  4.9206700E-02,  0.0000000E+00,  2.2338338E-03,  1.0002094E+03,  1.2455376E+04,3,
 -2.1691808E+02,  0.0000000E+00,  2.6566248E+02,3607,  4.7159374E-02,  0.0000000E+00,  6.7713060E-03,  1.0002184E+03,  1.2993161E+04,3,
 -2.1603406E+02,  0.0000000E+00,  2.6660391E+02,3657,  1.6184883E-02,  0.0000000E+00,  3.7271674E-03,  1.0002601E+03,  1.5478979E+04,3,
 -2.1501276E+02,  0.0000000E+00,  2.6573892E+02,3580,  3.7995428E-02,  0.0000000E+00,  2.3759261E-05,  1.0002394E+03,  1.4243261E+04,3,
 -2.1391685E+02,  0.0000000E+00,  2.6565414E+02,3581,  4.8233669E-02,  0.0000000E+00,  4.3649869E-03,  1.0001966E+03,  1.1695985E+04,3,
 -2.1289633E+02,  0.0000000E+00,  2.6622391E+02,3646,  4.1152865E-02,  0.0000000E+00,  6.6045825E-03,  1.0002396E+03,  1.4254164E+04,3,
 -2.1165443E+02,  0.0000000E+00,  2.6562549E+02,3524,  1.6352334E-03,  0.0000000E+00,  8.8875741E-03,  1.0002183E+03,  1.2985894E+04,3,
 -2.1079771E+02,  0.0000000E+00,  2.6651160E+02,3647,  6.8207763E-02,  0.0000000E+00,  2.1634707E-03,  1.0002687E+03,  1.5991484E+04,3,
 -2.0872290E+02,  0.0000000E+00,  2.6634454E+02,3636,  5.6438804E-02,  0.0000000E+00,  2.6546854E-03,  1.0002795E+03,  1.6634879E+04,3,
 -2.0942209E+02,  0.0000000E+00,  2.6543555E+02,3552, -1.8613264E-03,  0.0000000E+00,  1.2009186E-03,  1.0001726E+03,  1.0268198E+04,3,
 -2.0703162E+02,  0.0000000E+00,  2.6654584E+02,3648,  4.3580126E-02,  0.0000000E+00,  8.1638219E-03,  1.0002673E+03,  1.5904248E+04,3,
 -2.0637427E+02,  0.0000000E+00,  2.6569302E+02,3588,  1.7659899E-02,  0.0000000E+00,  4.5299255E-03,  1.0002233E+03,  1.3283868E+04,3,
 -2.0498273E+02,  0.0000000E+00,  2.6578442E+02,3616,  4.4779584E-02,  0.0000000E+00,  3.6001394E-03,  1.0001885E+03,  1.1216400E+04,3,
 -2.0392409E+02,  0.0000000E+00,  2.6571658E+02,3608,  3.4129247E-02,  0.0000000E+00,  2.2139032E-03,  1.0001993E+03,  1.1855853E+04,3,
 -2.0305064E+02,  0.0000000E+00,  2.6659982E+02,3638,  2.2875393E-02,  0.0000000E+00,  5.9813866E-04,  1.0002492E+03,  1.4828391E+04,3,
 -2.0200255E+02,  0.0000000E+00,  2.6559122E+02,3609,  4.8001580E-02,  0.0000000E+00, -5.6872596E-03,  1.0001758E+03,  1.0457104E+04,3,
 -2.0083403E+02,  0.0000000E+00,  2.6572119E+02,3515,  3.0585323E-02,  0.0000000E+00, -3.7247394E-03,  1.0002604E+03,  1.5493519E+04,3,
 -1.9982510E+02,  0.0000000E+00,  2.6639825E+02,3637,  8.7049054E-03,  0.0000000E+00, -4.9422192E-03,  1.0002594E+03,  1.5435363E+04,3,
 -1.9888791E+02,  0.0000000E+00,  2.6554428E+02,3479,  6.5112628E-02,  0.0000000E+00, -9.0651372E-03,  1.0002851E+03,  1.6965680E+04,3,
 -1.9766165E+02,  0.0000000E+00,  2.6626703E+02,3639,  3.6737658E-02,  0.0000000E+00,  6.6276430E-03,  1.0002544E+03,  1.5137324E+04,3,
 -1.9614575E+02,  0.0000000E+00,  2.6609338E+02,3617,  8.9406166E-03,  0.0000000E+00,  5.5925529E-03,  1.0002587E+03,  1.5391747E+04,3,
 -1.9491637E+02,  0.0000000E+00,  2.6631226E+02,3629,  3.1961866E-02,  0.0000000E+00, -5.7512912E-04,  1.0002556E+03,  1.5206382E+04,3,
 -1.9387434E+02,  0.0000000E+00,  2.6537485E+02,3600, -1.2721471E-02,  0.0000000E+00, -8.1159230E-03,  1.0002474E+03,  1.4722992E+04,3,
 -1.9288464E+02,  0.0000000E+00,  2.6630933E+02,3628,  5.0856318E-02,  0.0000000E+00, -8.9609744E-03,  1.0002484E+03,  1.4781144E+04,3,
 -1.9166649E+02,  0.0000000E+00,  2.6564847E+02,3561, -6.1791604E-03,  0.0000000E+00, -1.0467391E-02,  1.0002410E+03,  1.4341386E+04,3,
 -1.8981682E+02,  0.0000000E+00,  2.6552835E+02,3590,  2.3455976E-02,  0.0000000E+00, -1.2839644E-02,  1.0002351E+03,  1.3988867E+04,3,
 -1.9045753E+02,  0.0000000E+00,  2.6650745E+02,3630,  3.1192211E-02,  0.0000000E+00, -9.7238114E-03,  1.0002554E+03,  1.5199112E+04,3,
 -1.8845699E+02,  0.0000000E+00,  2.6565643E+02,3470,  2.6229670E-02,  0.0000000E+00, -3.9942116E-03,  1.0002357E+03,  1.4025209E+04,3,
 -1.8750174E+02,  0.0000000E+00,  2.6653662E+02,3618,  1.7987562E-02,  0.0000000E+00, -9.3664078E-04,  1.0002575E+03,  1.5322689E+04,3,
 -1.8636285E+02,  0.0000000E+00,  2.6568564E+02,3571,  2.1948595E-02,  0.0000000E+00,  2.8528136E-03,  1.0002753E+03,  1.6380425E+04,3,
 -1.8421873E+02,  0.0000000E+00,  2.6656213E+02,3620,  4.7547463E-02,  0.0000000E+00, -2.3395182E-03,  1.0002585E+03,  1.5384479E+04,3,
 -1.8336014E+02,  0.0000000E+00,  2.6543524E+02,3599, -5.1749502E-03,  0.0000000E+00, -1.8907592E-03,  1.0001962E+03,  1.1674186E+04,3,
 -1.8511658E+02,  0.0000000E+00,  2.6546613E+02,3591, -6.0455306E-03,  0.0000000E+00,  4.2444640E-03,  1.0002775E+03,  1.6511285E+04,3,
 -1.8198854E+02,  0.0000000E+00,  2.6635645E+02,3621,  3.3180639E-02,  0.0000000E+00,  1.1911715E-03,  1.0002676E+03,  1.5922422E+04,3,
 -1.8073155E+02,  0.0000000E+00,  2.6614844E+02,3619,  2.8277775E-02,  0.0000000E+00,  8.7067708E-03,  1.0002703E+03,  1.6085992E+04,3,
 -1.7945166E+02,  0.0000000E+00,  2.6598572E+02,3589,  1.4232747E-02,  0.0000000E+00,  1.2481492E-02,  1.0002521E+03,  1.5002847E+04,3,
 -1.7816548E+02,  0.0000000E+00,  2.6619363E+02,3611,  1.8100109E-02,  0.0000000E+00,  1.0399206E-02,  1.0002371E+03,  1.4105161E+04,3,
 -1.7574124E+02,  0.0000000E+00,  2.6533920E+02,3562,  2.1204019E-02,  0.0000000E+00,  7.9370951E-03,  1.0004193E+03,  2.4959146E+04,3,
 -1.7692349E+02,  0.0000000E+00,  2.6595227E+02,3610,  1.7781198E-02,  0.0000000E+00,  8.3252173E-03,  1.0002449E+03,  1.4570348E+04,3,
 -1.7383673E+02,  0.0000000E+00,  2.6550247E+02,3544,  1.2574424E-02,  0.0000000E+00,  4.7348980E-03,  1.0003490E+03,  2.0772504E+04,3,
 -1.7473431E+02,  0.0000000E+00,  2.6630588E+02,3612,  2.4338592E-02,  0.0000000E+00,  5.7869647E-03,  1.0002480E+03,  1.4755702E+04,3,
 -1.7263020E+02,  0.0000000E+00,  2.6527600E+02,3554,  2.6020635E-02,  0.0000000E+00,  3.3946249E-03,  1.0002681E+03,  1.5951501E+04,3,
 -1.7168298E+02,  0.0000000E+00,  2.6638553E+02,3602,  1.6985562E-02,  0.0000000E+00, -1.1244771E-03,  1.0002448E+03,  1.4563079E+04,3,
 -1.7033250E+02,  0.0000000E+00,  2.6533533E+02,3563,  2.2316941E-03,  0.0000000E+00, -9.2452113E-03,  1.0002114E+03,  1.2578919E+04,3,
 -1.6976622E+02,  0.0000000E+00,  2.6638434E+02,3601,  3.7839931E-02,  0.0000000E+00, -5.7199169E-03,  1.0002491E+03,  1.4824757E+04,3,
 -1.6865659E+02,  0.0000000E+00,  2.6569971E+02,3553,  1.1772124E-02,  0.0000000E+00, -7.4755494E-03,  1.0002386E+03,  1.4199650E+04,3,
 -1.6694562E+02,  0.0000000E+00,  2.6554333E+02,3573,  1.2890662E-02,  0.0000000E+00, -1.1835212E-02,  1.0002548E+03,  1.5159132E+04,3,
 -1.6665375E+02,  0.0000000E+00,  2.6651105E+02,3603,  1.4163113E-02,  0.0000000E+00, -8.0426373E-03,  1.0002456E+03,  1.4613961E+04,3,
 -1.6506216E+02,  0.0000000E+00,  2.6552310E+02,3555,  4.1617263E-02,  0.0000000E+00, -4.0857242E-03,  1.0002424E+03,  1.4421341E+04,3,
 -1.6410452E+02,  0.0000000E+00,  2.6634250E+02,3582,  9.2751225E-03,  0.0000000E+00,  1.5146127E-03,  1.0002458E+03,  1.4628498E+04,3,
 -1.6312491E+02,  0.0000000E+00,  2.6561801E+02,3452,  2.3568328E-02,  0.0000000E+00,  3.1193185E-03,  1.0002218E+03,  1.3196655E+04,3,
 -1.6093694E+02,  0.0000000E+00,  2.6537234E+02,3509,  3.7849981E-02,  0.0000000E+00,  5.1241266E-03,  1.0002347E+03,  1.3963429E+04,3,
 -1.6174875E+02,  0.0000000E+00,  2.6646872E+02,3593,  4.5705121E-03,  0.0000000E+00,  3.5639764E-03,  1.0002501E+03,  1.4882908E+04,3,
 -1.5974670E+02,  0.0000000E+00,  2.6552374E+02,3471,  3.3361081E-02,  0.0000000E+00,  8.0478825E-03,  1.0002979E+03,  1.7725475E+04,3,
 -1.5896216E+02,  0.0000000E+00,  2.6634442E+02,3592,  4.2406583E-04,  0.0000000E+00,  4.4199820E-03,  1.0002524E+03,  1.5021019E+04,3,
 -1.5747168E+02,  0.0000000E+00,  2.6537646E+02,3416,  2.4600605E-02,  0.0000000E+00, -5.7769143E-03,  1.0004102E+03,  2.4417076E+04,3,
 -1.5644412E+02,  0.0000000E+00,  2.6641022E+02,3594,  2.0158021E-02,  0.0000000E+00, -2.9859003E-03,  1.0002633E+03,  1.5667985E+04,3,
 -1.5536452E+02,  0.0000000E+00,  2.6568384E+02,3572,  1.0751273E-02,  0.0000000E+00, -1.4973661E-03,  1.0003366E+03,  2.0034295E+04,3,
 -1.5300941E+02,  0.0000000E+00,  2.6621524E+02,3584,  2.0690635E-02,  0.0000000E+00, -2.3032825E-03,  1.0002631E+03,  1.5657081E+04,3,
 -1.5410205E+02,  0.0000000E+00,  2.6537509E+02,3534,  2.5332781E-02,  0.0000000E+00, -4.1297945E-04,  1.0003645E+03,  2.1696250E+04,3,
 -1.5165955E+02,  0.0000000E+00,  2.6620389E+02,3583,  1.9599147E-02,  0.0000000E+00, -6.2553189E-03,  1.0002589E+03,  1.5402651E+04,3,
 -1.5101930E+02,  0.0000000E+00,  2.6535037E+02,3516,  3.5277789E-03,  0.0000000E+00, -1.4565459E-02,  1.0003172E+03,  1.8878000E+04,3,
 -1.4947256E+02,  0.0000000E+00,  2.6637891E+02,3585,  3.2929882E-02,  0.0000000E+00, -1.6271478E-03,  1.0002497E+03,  1.4857467E+04,3,
 -1.4867326E+02,  0.0000000E+00,  2.6542114E+02,3488,  1.6615573E-02,  0.0000000E+00,  3.8396902E-03,  1.0002784E+03,  1.6569447E+04,3,
 -1.4719592E+02,  0.0000000E+00,  2.6541742E+02,3525,  2.9333055E-02,  0.0000000E+00,  7.8600952E-03,  1.0002905E+03,  1.7285586E+04,3,
 -1.4687163E+02,  0.0000000E+00,  2.6639236E+02,3575,  6.0062017E-03,  0.0000000E+00,  9.8484010E-03,  1.0002392E+03,  1.4232358E+04,3,
 -1.4511835E+02,  0.0000000E+00,  2.6538504E+02,3507,  2.7234765E-02,  0.0000000E+00,  1.7314922E-02,  1.0004051E+03,  2.4115129E+04,3,
 -1.4411739E+02,  0.0000000E+00,  2.6641861E+02,3574,  1.8008865E-02,  0.0000000E+00,  1.2982861E-02,  1.0002665E+03,  1.5856995E+04,3,
 -1.4302272E+02,  0.0000000E+00,  2.6574133E+02,3499,  1.4679795E-02,  0.0000000E+00,  1.1659587E-02,  1.0003282E+03,  1.9532490E+04,3,
 -1.4206311E+02,  0.0000000E+00,  2.6549472E+02,3510,  1.1964981E-02,  0.0000000E+00,  7.8354515E-03,  1.0002728E+03,  1.6231390E+04,3,
 -1.3977698E+02,  0.0000000E+00,  2.6611121E+02,3564,  2.4411943E-02,  0.0000000E+00,  3.1063871E-03,  1.0002092E+03,  1.2448108E+04,3,
 -1.4124522E+02,  0.0000000E+00,  2.6550104E+02,3518,  1.2652531E-02,  0.0000000E+00,  3.7960873E-03,  1.0001534E+03,  9.1275693E+03,3,
 -1.3859341E+02,  0.0000000E+00,  2.6623322E+02,3576,  1.8148851E-02,  0.0000000E+00,  5.7148715E-03,  1.0002717E+03,  1.6165960E+04,3,
 -1.3712033E+02,  0.0000000E+00,  2.6635538E+02,3545,  1.4472495E-02,  0.0000000E+00,  2.8581971E-03,  1.0002823E+03,  1.6802096E+04,3,
 -1.3632103E+02,  0.0000000E+00,  2.6559055E+02,3444, -2.5166005E-03,  0.0000000E+00, -6.9333795E-03,  1.0001878E+03,  1.1172803E+04,3,
 -1.3510483E+02,  0.0000000E+00,  2.6545660E+02,3526,  4.5821086E-02,  0.0000000E+00,  1.4567914E-03,  1.0000290E+03,  1.7239368E+03,3,
 -1.3421727E+02,  0.0000000E+00,  2.6662985E+02,3566, -2.2706366E-03,  0.0000000E+00,  2.1180382E-03,  1.0002775E+03,  1.6514922E+04,3,
 -1.3298842E+02,  0.0000000E+00,  2.6568384E+02,3527,  1.1900323E-02,  0.0000000E+00,  2.4187956E-03,  1.0002057E+03,  1.2240997E+04,3,
 -1.3220198E+02,  0.0000000E+00,  2.6553055E+02,3519,  1.2635538E-02,  0.0000000E+00,  1.2902830E-03,  1.0001987E+03,  1.1823152E+04,3,
 -1.3084238E+02,  0.0000000E+00,  2.6516397E+02,3528,  2.1385919E-02,  0.0000000E+00, -2.1476157E-03,  1.0000638E+03,  3.7930566E+03,3,
 -1.3073695E+02,  0.0000000E+00,  2.6644608E+02,3565,  8.8391835E-03,  0.0000000E+00,  1.9905805E-03,  1.0002882E+03,  1.7151080E+04,3,
 -1.2892122E+02,  0.0000000E+00,  2.6614285E+02,3567,  6.3080066E-03,  0.0000000E+00,  1.7130927E-03,  1.0003459E+03,  2.0590674E+04,3,
 -1.2769369E+02,  0.0000000E+00,  2.6600037E+02,3557,  9.2146499E-03,  0.0000000E+00, -2.1663506E-03,  1.0003385E+03,  2.0147021E+04,3,
 -1.2656184E+02,  0.0000000E+00,  2.6573120E+02,3535,  6.0533299E-03,  0.0000000E+00, -6.2324256E-03,  1.0003035E+03,  1.8063582E+04,3,
 -1.2485195E+02,  0.0000000E+00,  2.6610175E+02,3556,  1.6335297E-02,  0.0000000E+00, -5.6765745E-03,  1.0002554E+03,  1.5195478E+04,3,
 -1.2361904E+02,  0.0000000E+00,  2.6551062E+02,3417,  1.3189582E-02,  0.0000000E+00, -2.7392320E-03,  1.0003429E+03,  2.0408846E+04,3,
 -1.2236904E+02,  0.0000000E+00,  2.6624203E+02,3536,  2.9812973E-02,  0.0000000E+00,  7.5084856E-05,  1.0002588E+03,  1.5399017E+04,3,
 -1.2136876E+02,  0.0000000E+00,  2.6563647E+02,3517,  2.3232562E-02,  0.0000000E+00, -3.6590779E-03,  1.0002089E+03,  1.2426308E+04,3,
 -1.2109354E+02,  0.0000000E+00,  2.6537540E+02,3537, -2.5526948E-02,  0.0000000E+00,  1.0013700E-02,  1.0001689E+03,  1.0050233E+04,3,
 -1.1907903E+02,  0.0000000E+00,  2.6618616E+02,3558,  4.8739962E-02,  0.0000000E+00, -1.6972186E-02,  1.0002000E+03,  1.1895819E+04,3,
 -1.1771422E+02,  0.0000000E+00,  2.6629504E+02,3546,  2.1573536E-02,  0.0000000E+00, -1.6643479E-02,  1.0002220E+03,  1.3207557E+04,3,
 -1.1650861E+02,  0.0000000E+00,  2.6558646E+02,3500,  1.0814878E-01,  0.0000000E+00,  7.2059087E-03,  1.0000780E+03,  4.6389795E+03,3,
 -1.1563480E+02,  0.0000000E+00,  2.6583203E+02,3434,  2.2849854E-02,  0.0000000E+00,  3.1507125E-03,  1.0001371E+03,  8.1577749E+03,3,
 -1.1463143E+02,  0.0000000E+00,  2.6575558E+02,3435,  7.1721472E-02,  0.0000000E+00,  2.4936961E-03,  1.0001240E+03,  7.3769229E+03,3,
 -1.1336626E+02,  0.0000000E+00,  2.6643460E+02,3548,  5.2346379E-02,  0.0000000E+00, -3.6910764E-04,  1.0002598E+03,  1.5460807E+04,3,
 -1.1245622E+02,  0.0000000E+00,  2.6539349E+02,3362,  1.5643131E-02,  0.0000000E+00,  2.4941897E-03,  1.0001081E+03,  6.4290874E+03,3,
 -1.1112819E+02,  0.0000000E+00,  2.6629819E+02,3549,  9.7756185E-02,  0.0000000E+00, -1.5000236E-02,  1.0002508E+03,  1.4922888E+04,3,
 -1.0931256E+02,  0.0000000E+00,  2.6608185E+02,3547,  8.5919671E-02,  0.0000000E+00, -5.5264300E-03,  1.0002062E+03,  1.2266432E+04,3,
 -1.0805079E+02,  0.0000000E+00,  2.6579694E+02,3538,  5.4146115E-02,  0.0000000E+00, -9.0105888E-03,  1.0001481E+03,  8.8115586E+03,3,
 -1.0721644E+02,  0.0000000E+00,  2.6566815E+02,3425,  5.8264364E-02,  0.0000000E+00, -1.1390016E-02,  1.0001163E+03,  6.9193359E+03,3,
 -1.0608408E+02,  0.0000000E+00,  2.6565787E+02,3398,  7.5711474E-02,  0.0000000E+00, -1.4425080E-02,  1.0001712E+03,  1.0184645E+04,3,
 -1.0498052E+02,  0.0000000E+00,  2.6643146E+02,3539,  6.0214907E-02,  0.0000000E+00, -9.7003905E-03,  1.0002695E+03,  1.6035104E+04,3,
 -1.0409419E+02,  0.0000000E+00,  2.6546484E+02,3426,  5.9297606E-02,  0.0000000E+00, -8.4965052E-03,  1.0002016E+03,  1.1993921E+04,3,
 -9.8810295E+01,  0.0000000E+00,  2.6537421E+02,3462,  7.1950122E-03,  0.0000000E+00, -3.3802087E-03,  1.0001849E+03,  1.1002048E+04,3,
 -1.0274297E+02,  0.0000000E+00,  2.6537112E+02,3381,  7.7291958E-02,  0.0000000E+00, -9.0849753E-03,  1.0001810E+03,  1.0765902E+04,3,
 -1.0178171E+02,  0.0000000E+00,  2.6641602E+02,3540,  6.4553261E-02,  0.0000000E+00, -5.9771044E-03,  1.0002687E+03,  1.5991484E+04,3,
 -1.0082620E+02,  0.0000000E+00,  2.6537698E+02,3408,  5.3249285E-02,  0.0000000E+00,  1.8140792E-03,  1.0002209E+03,  1.3142147E+04,3,
 -9.9113052E+01,  0.0000000E+00,  2.6628940E+02,3530,  1.1785747E-01,  0.0000000E+00, -1.2894166E-02,  1.0002291E+03,  1.3632728E+04,3,
 -9.6672081E+01,  0.0000000E+00,  2.6597849E+02,3529,  1.1274769E-01,  0.0000000E+00, -2.2743586E-02,  1.0001931E+03,  1.1488889E+04,3,
 -9.5412560E+01,  0.0000000E+00,  2.6622064E+02,3531,  7.5927071E-02,  0.0000000E+00, -2.1000665E-02,  1.0002272E+03,  1.3516439E+04,3,
 -9.4374657E+01,  0.0000000E+00,  2.6539471E+02,3453,  1.2874363E-01,  0.0000000E+00, -1.4608270E-02,  1.0001127E+03,  6.7014448E+03,3,
 -9.3125549E+01,  0.0000000E+00,  2.6545834E+02,3454,  9.9952675E-02,  0.0000000E+00, -6.5406221E-03,  1.0002282E+03,  1.3578218E+04,3,
 -9.2398849E+01,  0.0000000E+00,  2.6639072E+02,3521,  9.9379227E-02,  0.0000000E+00, -8.4684920E-03,  1.0002659E+03,  1.5824281E+04,3,
 -9.0998550E+01,  0.0000000E+00,  2.6546045E+02,3463,  1.3840294E-01,  0.0000000E+00, -4.2387717E-03,  1.0002432E+03,  1.4468587E+04,3,
 -8.9633995E+01,  0.0000000E+00,  2.6506232E+02,3481,  6.9347203E-02,  0.0000000E+00, -6.2234368E-04,  1.0001354E+03,  8.0560791E+03,3,
 -8.9231972E+01,  0.0000000E+00,  2.6637747E+02,3520,  1.1619700E-01,  0.0000000E+00, -2.2429621E-03,  1.0002800E+03,  1.6660324E+04,3,
 -8.6994644E+01,  0.0000000E+00,  2.6634555E+02,3490,  1.1123136E-01,  0.0000000E+00, -3.3422627E-03,  1.0002979E+03,  1.7729109E+04,3,
 -8.7995033E+01,  0.0000000E+00,  2.6527017E+02,3482,  1.0365256E-01,  0.0000000E+00,  2.3507262E-03,  1.0000988E+03,  5.8735020E+03,3,
 -8.5637138E+01,  0.0000000E+00,  2.6516379E+02,3474,  1.1313634E-01,  0.0000000E+00, -9.5141958E-03,  1.0000590E+03,  3.5098884E+03,3,
 -8.4516403E+01,  0.0000000E+00,  2.6508218E+02,3437,  6.4148709E-02,  0.0000000E+00,  2.6088199E-03,  1.0001126E+03,  6.6978135E+03,3,
 -8.0290123E+01,  0.0000000E+00,  2.6525995E+02,3472,  5.4181419E-02,  0.0000000E+00,  5.6417701E-03,  1.0001454E+03,  8.6481084E+03,3,
 -8.4633804E+01,  0.0000000E+00,  2.6651239E+02,3522,  1.2056259E-01,  0.0000000E+00, -7.7586798E-03,  1.0003106E+03,  1.8485326E+04,3,
 -8.2741394E+01,  0.0000000E+00,  2.6603967E+02,3491,  1.3008644E-01,  0.0000000E+00, -5.9462734E-03,  1.0002723E+03,  1.6205945E+04,3,
 -8.1607796E+01,  0.0000000E+00,  2.6562122E+02,3217,  1.2787993E-01,  0.0000000E+00,  6.9690524E-03,  1.0002278E+03,  1.3552779E+04,3,
 -7.9720634E+01,  0.0000000E+00,  2.6609607E+02,3512,  1.5429899E-01,  0.0000000E+00, -3.7969679E-03,  1.0002242E+03,  1.3338376E+04,3,
 -7.8197289E+01,  0.0000000E+00,  2.6578372E+02,3511,  1.0652182E-01,  0.0000000E+00, -1.0774354E-02,  1.0002301E+03,  1.3690872E+04,3,
 -7.6896172E+01,  0.0000000E+00,  2.6612439E+02,3513,  1.2649079E-01,  0.0000000E+00, -1.1001849E-02,  1.0002369E+03,  1.4094259E+04,3,
 -7.5413025E+01,  0.0000000E+00,  2.6578445E+02,3501,  1.7728440E-01,  0.0000000E+00, -7.3776147E-03,  1.0001846E+03,  1.0983883E+04,3,
 -7.3432426E+01,  0.0000000E+00,  2.6612079E+02,3503,  6.7372136E-02,  0.0000000E+00, -1.3485126E-02,  1.0001989E+03,  1.1834052E+04,3,
 -7.2017105E+01,  0.0000000E+00,  2.6541135E+02,3380,  1.4081706E-01,  0.0000000E+00, -5.6360736E-03,  1.0001379E+03,  8.2049912E+03,3,
 -7.0428215E+01,  0.0000000E+00,  2.6635083E+02,3502,  1.3729666E-01,  0.0000000E+00, -6.5387916E-03,  1.0002321E+03,  1.3807162E+04,3,
 -7.0488174E+01,  0.0000000E+00,  2.6532980E+02,3464,  8.8343590E-02,  0.0000000E+00,  8.3688116E-03,  1.0002452E+03,  1.4588520E+04,3,
 -6.9436195E+01,  0.0000000E+00,  2.6507169E+02,3473,  8.3965726E-02,  0.0000000E+00,  1.9941861E-03,  1.0001256E+03,  7.4713481E+03,3,
 -6.7791809E+01,  0.0000000E+00,  2.6599902E+02,3504,  1.4458789E-01,  0.0000000E+00, -2.7335212E-02,  1.0002382E+03,  1.4170576E+04,3,
 -6.6321915E+01,  0.0000000E+00,  2.6589676E+02,3492,  1.5841068E-01,  0.0000000E+00, -7.1078548E-03,  1.0002853E+03,  1.6976586E+04,3,
 -6.4863289E+01,  0.0000000E+00,  2.6603665E+02,3483,  1.6195357E-01,  0.0000000E+00,  8.4131854E-03,  1.0003617E+03,  2.1528951E+04,3,
 -6.3487133E+01,  0.0000000E+00,  2.6627090E+02,3494,  1.4327104E-01,  0.0000000E+00, -2.4722468E-03,  1.0003726E+03,  2.2179979E+04,3,
 -6.3724560E+01,  0.0000000E+00,  2.6500043E+02,3446,  1.1038559E-01,  0.0000000E+00,  7.4164397E-03,  9.9936023E+02, -3.7966508E+04,3,
 -6.1710964E+01,  0.0000000E+00,  2.6605768E+02,3495,  1.7977805E-01,  0.0000000E+00, -2.1503255E-02,  1.0002941E+03,  1.7503711E+04,3,
 -6.0066833E+01,  0.0000000E+00,  2.6574548E+02,3493,  2.1768315E-01,  0.0000000E+00, -5.1218243E-03,  1.0002438E+03,  1.4508564E+04,3,
 -5.8547791E+01,  0.0000000E+00,  2.6521884E+02,3299,  1.0163387E-01,  0.0000000E+00, -2.2450456E-02,  1.0001877E+03,  1.1169170E+04,3,
 -5.7541290E+01,  0.0000000E+00,  2.6625961E+02,3485,  2.1400343E-01,  0.0000000E+00,  5.6197401E-04,  1.0002424E+03,  1.4424975E+04,3,
 -5.6601864E+01,  0.0000000E+00,  2.6523212E+02,3401,  1.6771470E-01,  0.0000000E+00,  6.4180647E-03,  9.9994299E+02, -3.3889297E+03,3,
 -5.5034920E+01,  0.0000000E+00,  2.6616431E+02,3484,  1.5302803E-01,  0.0000000E+00,  4.8418837E-03,  1.0002515E+03,  1.4962867E+04,3,
 -5.3961514E+01,  0.0000000E+00,  2.6551901E+02,3465,  1.5901034E-01,  0.0000000E+00,  7.2259986E-04,  1.0001506E+03,  8.9568496E+03,3,
 -5.3151836E+01,  0.0000000E+00,  2.6528583E+02,3456,  1.4201860E-01,  0.0000000E+00, -6.4889099E-03,  9.9995270E+02, -2.8120952E+03,3,
 -5.2525093E+01,  0.0000000E+00,  2.6535632E+02,3447,  1.3666250E-01,  0.0000000E+00, -7.3423693E-03,  1.0001545E+03,  9.1929521E+03,3,
 -5.1445610E+01,  0.0000000E+00,  2.6645288E+02,3486,  1.5242253E-01,  0.0000000E+00, -9.6253045E-03,  1.0003216E+03,  1.9139789E+04,3,
 -5.0922184E+01,  0.0000000E+00,  2.6500568E+02,3354,  1.4787602E-01,  0.0000000E+00, -2.5914612E-03,  1.0000858E+03,  5.1037227E+03,3,
 -4.7836643E+01,  0.0000000E+00,  2.6511362E+02,3163,  1.1716320E-01,  0.0000000E+00,  3.7259072E-02,  9.9997015E+02, -1.7744343E+03,3,
 -4.9029911E+01,  0.0000000E+00,  2.6613422E+02,3476,  2.2448443E-01,  0.0000000E+00,  1.0008777E-02,  1.0003165E+03,  1.8834367E+04,3,
 -4.4786301E+01,  0.0000000E+00,  2.6561325E+02,3318,  1.5876140E-01,  0.0000000E+00, -9.4569121E-03,  1.0000989E+03,  5.8843955E+03,3,
 -4.6889832E+01,  0.0000000E+00,  2.6606567E+02,3475,  1.4599253E-01,  0.0000000E+00,  1.0050650E-02,  1.0003013E+03,  1.7932701E+04,3,
 -4.5889977E+01,  0.0000000E+00,  2.6554407E+02,3455,  1.5117705E-01,  0.0000000E+00, -9.3393065E-03,  1.0001542E+03,  9.1747900E+03,3,
 -4.4039200E+01,  0.0000000E+00,  2.6578125E+02,3363,  1.4258444E-01,  0.0000000E+00, -1.7321469E-02,  1.0001579E+03,  9.3927354E+03,3,
 -4.2702545E+01,  0.0000000E+00,  2.6558896E+02,3382,  1.4538941E-01,  0.0000000E+00, -2.1009026E-02,  1.0001110E+03,  6.6033955E+03,3,
 -4.2437309E+01,  0.0000000E+00,  2.6547043E+02,3372,  1.4484984E-01,  0.0000000E+00, -1.8988602E-02,  1.0000815E+03,  4.8495635E+03,3,
 -4.1977299E+01,  0.0000000E+00,  2.6547375E+02,3154,  1.6759646E-01,  0.0000000E+00, -4.2573549E-02,  1.0000933E+03,  5.5503330E+03,3,
 -3.8359272E+01,  0.0000000E+00,  2.6573975E+02,3467,  1.3996504E-01,  0.0000000E+00, -5.7217494E-02,  1.0001206E+03,  7.1735483E+03,3,
 -3.8010086E+01,  0.0000000E+00,  2.6579007E+02,3466,  1.8439850E-01,  0.0000000E+00, -2.9699463E-02,  1.0001470E+03,  8.7461777E+03,3,
 -3.6563702E+01,  0.0000000E+00,  2.6555768E+02,3281,  2.3764789E-01,  0.0000000E+00,  1.3269290E-02,  1.0000789E+03,  4.6898096E+03,3,
 -3.6331024E+01,  0.0000000E+00,  2.6562140E+02,3337,  1.9939841E-01,  0.0000000E+00, -5.3517525E-03,  1.0001322E+03,  7.8635859E+03,3,
 -3.5070801E+01,  0.0000000E+00,  2.6584033E+02,3353,  1.3708207E-01,  0.0000000E+00,  6.1958050E-03,  1.0003014E+03,  1.7936336E+04,3,
 -3.3781742E+01,  0.0000000E+00,  2.6556439E+02,3418,  2.1153341E-01,  0.0000000E+00,  2.6509466E-02,  9.9999011E+02, -5.8788458E+02,3,
 -3.3595703E+01,  0.0000000E+00,  2.6556189E+02,3263,  2.2763944E-01,  0.0000000E+00,  2.4544785E-02,  9.9995349E+02, -2.7649312E+03,3,
 -3.2714310E+01,  0.0000000E+00,  2.6687476E+02,3468,  1.5010613E-01,  0.0000000E+00,  3.1033445E-02,  1.0005632E+03,  3.3541641E+04,3,
 -3.0830854E+01,  0.0000000E+00,  2.6570813E+02,3145,  1.6230334E-01,  0.0000000E+00,  2.1039726E-02,  9.9971991E+02, -1.6639607E+04,3,
 -3.0859457E+01,  0.0000000E+00,  2.6567435E+02,3136,  1.6933978E-01,  0.0000000E+00,  2.0057831E-02,  9.9991364E+02, -5.1337397E+03,3,
 -3.0090044E+01,  0.0000000E+00,  2.6714142E+02,3458,  1.9385050E-01,  0.0000000E+00,  1.4370786E-02,  1.0006758E+03,  4.0265758E+04,3,
 -2.8268034E+01,  0.0000000E+00,  2.6615125E+02,3326,  1.8321456E-01,  0.0000000E+00,  6.9074994E-03,  9.9994556E+02, -3.2365615E+03,3,
 -2.8259514E+01,  0.0000000E+00,  2.6615250E+02,3344,  1.8269405E-01,  0.0000000E+00,  6.9659851E-03,  9.9994489E+02, -3.2764678E+03,3,
 -2.6723480E+01,  0.0000000E+00,  2.6651953E+02,3410,  2.0026647E-01,  0.0000000E+00,  1.7373905E-02,  1.0005314E+03,  3.1644701E+04,3,
 -2.6269001E+01,  0.0000000E+00,  2.6626822E+02,3400,  1.6261105E-01,  0.0000000E+00,  9.8073622E-03,  9.9951733E+02, -2.8656807E+04,3,
 -2.5890646E+01,  0.0000000E+00,  2.6627582E+02,3347,  1.4228614E-01,  0.0000000E+00,  1.3542361E-02,  9.9998657E+02, -7.9835333E+02,3,
 -2.3783323E+01,  0.0000000E+00,  2.6756931E+02,3457,  2.7985221E-01,  0.0000000E+00,  4.8242370E-04,  1.0006351E+03,  3.7835664E+04,3,
 -2.3324526E+01,  0.0000000E+00,  2.6630093E+02,3300,  1.5193368E-01,  0.0000000E+00,  3.4408858E-03,  9.9992639E+02, -4.3756377E+03,3,
 -2.3297688E+01,  0.0000000E+00,  2.6630252E+02,3227,  1.5632941E-01,  0.0000000E+00,  3.1686400E-03,  9.9992615E+02, -4.3901475E+03,3,
 -2.2278254E+01,  0.0000000E+00,  2.6635925E+02,3127,  1.7398196E-01,  0.0000000E+00, -5.6343903E-03,  9.9989868E+02, -6.0223506E+03,3,
 -2.0647020E+01,  0.0000000E+00,  2.6634821E+02,3448,  1.8868364E-01,  0.0000000E+00, -1.8352235E-02,  9.9999353E+02, -3.8466916E+02,3,
 -1.9979084E+01,  0.0000000E+00,  2.6631113E+02,3428,  1.8618517E-01,  0.0000000E+00, -6.5485300E-03,  1.0000795E+03,  4.7261172E+03,3,
 -1.8759068E+01,  0.0000000E+00,  2.6628595E+02,3459,  1.8465796E-01,  0.0000000E+00,  8.1844460E-03,  1.0002750E+03,  1.6365885E+04,3,
 -1.7986313E+01,  0.0000000E+00,  2.6627252E+02,3449,  1.7806338E-01,  0.0000000E+00,  5.8655594E-03,  1.0000161E+03,  9.5810889E+02,3,
 -1.6162886E+01,  0.0000000E+00,  2.6647156E+02,3409,  1.8393442E-01,  0.0000000E+00,  9.5391674E-03,  1.0000228E+03,  1.3537188E+03,3,
 -1.5807179E+01,  0.0000000E+00,  2.6650418E+02,3118,  1.8323466E-01,  0.0000000E+00,  8.7766936E-03,  1.0000494E+03,  2.9363162E+03,3,
 -1.4816184E+01,  0.0000000E+00,  2.6656082E+02,3383,  1.8072586E-01,  0.0000000E+00,  4.5589646E-03,  1.0001642E+03,  9.7668867E+03,3,
 -1.3890924E+01,  0.0000000E+00,  2.6647495E+02,3402,  1.8349853E-01,  0.0000000E+00,  2.8235915E-03,  9.9931189E+02, -4.0829266E+04,3,
 -1.3364197E+01,  0.0000000E+00,  2.6684698E+02,3319,  1.7879951E-01,  0.0000000E+00,  7.1969978E-04,  1.0006047E+03,  3.6018035E+04,3,
 -1.2358900E+01,  0.0000000E+00,  2.6646762E+02,3209,  1.8324026E-01,  0.0000000E+00, -7.6299636E-03,  1.0000341E+03,  2.0252028E+03,3,
 -1.1301420E+01,  0.0000000E+00,  2.6645029E+02,3109,  1.8575683E-01,  0.0000000E+00, -9.1737071E-03,  1.0000067E+03,  3.9557159E+02,3,
 -1.0165134E+01,  0.0000000E+00,  2.6641696E+02,3438,  1.7783435E-01,  0.0000000E+00, -5.0382884E-03,  1.0000129E+03,  7.6938312E+02,3,
 -1.0132149E+01,  0.0000000E+00,  2.6641592E+02,3439,  1.7763121E-01,  0.0000000E+00, -4.6580797E-03,  1.0000134E+03,  7.9478833E+02,3,
 -8.1882067E+00,  0.0000000E+00,  2.6640259E+02,3450,  1.9831972E-01,  0.0000000E+00,  9.4875582E-03,  1.0002061E+03,  1.2262798E+04,3,
 -7.0478654E+00,  0.0000000E+00,  2.6645120E+02,3441,  1.7441855E-01,  0.0000000E+00,  1.6681854E-02,  1.0000363E+03,  2.1558752E+03,3,
 -6.3671827E+00,  0.0000000E+00,  2.6651224E+02,3440,  1.7840192E-01,  0.0000000E+00,  1.3601676E-02,  1.0000115E+03,  6.8590942E+02,3,
 -5.1204610E+00,  0.0000000E+00,  2.6661600E+02,3429,  1.8299784E-01,  0.0000000E+00,  7.2057960E-03,  1.0000240E+03,  1.4263094E+03,3,
 -3.9746406E+00,  0.0000000E+00,  2.6662936E+02,3419,  1.8220516E-01,  0.0000000E+00, -2.9804024E-03,  1.0000426E+03,  2.5333831E+03,3,
 -3.2840419E+00,  0.0000000E+00,  2.6662039E+02,3392,  1.8952496E-01,  0.0000000E+00, -4.3902625E-03,  9.9929150E+02, -4.2036289E+04,3,
 -2.9855535E+00,  0.0000000E+00,  2.6695047E+02,3346,  1.7023250E-01,  0.0000000E+00,  5.9580896E-04,  1.0006996E+03,  4.1683285E+04,3,
 -2.1480432E+00,  0.0000000E+00,  2.6666714E+02,3191,  1.8560392E-01,  0.0000000E+00, -8.6714874E-04,  1.0000316E+03,  1.8800132E+03,3,
  8.0308825E-02,  0.0000000E+00,  2.6674170E+02,3100,  1.8836224E-01,  0.0000000E+00,  4.7026966E-03,  9.9994373E+02, -3.3453962E+03,3,
  8.7317772E-02,  0.0000000E+00,  2.6674185E+02,3091,  1.8809552E-01,  0.0000000E+00,  4.7207139E-03,  9.9994574E+02, -3.2256780E+03,3,
  7.1081132E-01,  0.0000000E+00,  2.6673264E+02,3430,  1.7324464E-01,  0.0000000E+00,  6.0025626E-03,  9.9999463E+02, -3.1934906E+02,3,
  1.0321009E+00,  0.0000000E+00,  2.6671698E+02,3431,  1.6665561E-01,  0.0000000E+00,  9.9748019E-03,  9.9999609E+02, -2.3225487E+02,3,
  4.4476509E+00,  0.0000000E+00,  2.6692343E+02,3420,  2.0705773E-01,  0.0000000E+00,  6.0604490E-02,  1.0001243E+03,  7.3914497E+03,3,
  4.7897549E+00,  0.0000000E+00,  2.6698245E+02,3411,  2.0291153E-01,  0.0000000E+00,  3.7514847E-02,  1.0002667E+03,  1.5867899E+04,3,
  5.1277766E+00,  0.0000000E+00,  2.6707980E+02,3356,  1.9312577E-01,  0.0000000E+00,  2.3257935E-02,  1.0005236E+03,  3.1182354E+04,3,
  5.9668393E+00,  0.0000000E+00,  2.6704230E+02,3384,  1.8681058E-01,  0.0000000E+00,  3.0201534E-02,  9.9813232E+02, -1.1042789E+05,3,
  6.3038316E+00,  0.0000000E+00,  2.6714023E+02,3365,  1.9377473E-01,  0.0000000E+00,  3.3199128E-02,  1.0003873E+03,  2.3052932E+04,3,
  7.7925024E+00,  0.0000000E+00,  2.6716437E+02,3082,  1.9752014E-01,  0.0000000E+00, -1.3156275E-02,  1.0004703E+03,  2.8001117E+04,3,
  8.8303003E+00,  0.0000000E+00,  2.6707938E+02,3421,  1.9298610E-01,  0.0000000E+00, -4.5126799E-02,  9.9994397E+02, -3.3308850E+03,3,
  1.0109269E+01,  0.0000000E+00,  2.6704169E+02,3422,  2.0755883E-01,  0.0000000E+00, -6.0733154E-02,  9.9977930E+02, -1.3113869E+04,3,
  1.0325988E+01,  0.0000000E+00,  2.6704486E+02,3432,  2.0203103E-01,  0.0000000E+00, -5.1798176E-02,  9.9989807E+02, -6.0586187E+03,3,
  1.1170000E+01,  0.0000000E+00,  2.6704425E+02,3423,  1.8073197E-01,  0.0000000E+00, -3.4421057E-02,  1.0000569E+03,  3.3828284E+03,3,
  1.3933560E+01,  0.0000000E+00,  2.6709351E+02,3218,  2.1505255E-01,  0.0000000E+00, -2.4796506E-02,  9.9979498E+02, -1.2182399E+04,3,
  1.4607183E+01,  0.0000000E+00,  2.6708148E+02,3246,  2.0014299E-01,  0.0000000E+00, -9.1535849E-03,  1.0000148E+03,  8.8189227E+02,3,
  1.4404355E+01,  0.0000000E+00,  2.6709421E+02,3310,  1.9919956E-01,  0.0000000E+00, -2.3694590E-02,  1.0001993E+03,  1.1855853E+04,3,
  1.4807355E+01,  0.0000000E+00,  2.6707764E+02,3345,  2.0388883E-01,  0.0000000E+00, -2.7057122E-02,  9.9998315E+02, -1.0015602E+03,3,
  1.5124037E+01,  0.0000000E+00,  2.6704428E+02,3412,  2.0435484E-01,  0.0000000E+00, -3.0608198E-02,  9.9995978E+02, -2.3912388E+03,3,
  3.2986725E+01,  0.0000000E+00,  2.6701440E+02,3413,  6.6868460E-01,  0.0000000E+00, -4.6046395E-02,  9.9996252E+02, -2.2279707E+03,3,
  3.2987144E+01,  0.0000000E+00,  2.6701407E+02,3393,  6.6868007E-01,  0.0000000E+00, -4.6807751E-02,  9.9996252E+02, -2.2279707E+03,3,
  3.3744572E+01,  0.0000000E+00,  2.6710693E+02,3327,  6.6922706E-01,  0.0000000E+00, -3.4260765E-02,  1.0002783E+03,  1.6558543E+04,3,
  3.3751850E+01,  0.0000000E+00,  2.6710901E+02,3200,  6.6911644E-01,  0.0000000E+00, -3.4271382E-02,  1.0002871E+03,  1.7085645E+04,3,
  3.5670902E+01,  0.0000000E+00,  2.6707571E+02,3366,  6.7128783E-01,  0.0000000E+00, -1.9572338E-03,  9.9914886E+02, -5.0477715E+04,3,
  3.5794342E+01,  0.0000000E+00,  2.6709067E+02,3375,  6.6990817E-01,  0.0000000E+00,  2.3387410E-03,  9.9982819E+02, -1.0210441E+04,3,
  3.6951759E+01,  0.0000000E+00,  2.6716989E+02,3355,  6.7314267E-01,  0.0000000E+00,  3.7227143E-02,  1.0007731E+03,  4.6075617E+04,3,
  3.8690548E+01,  0.0000000E+00,  2.6706989E+02,3364,  6.6897774E-01,  0.0000000E+00,  3.4555193E-02,  9.9958984E+02, -2.4357061E+04,3,
  3.8915997E+01,  0.0000000E+00,  2.6707718E+02,3254,  6.7054361E-01,  0.0000000E+00,  2.1321157E-02,  9.9990570E+02, -5.6052573E+03,3,
  3.9406788E+01,  0.0000000E+00,  2.6706046E+02,3073,  6.5746146E-01,  0.0000000E+00,  6.7700475E-02,  1.0000032E+03,  1.9234018E+02,3,
  3.9414528E+01,  0.0000000E+00,  2.6707236E+02,3064,  6.6246337E-01,  0.0000000E+00,  1.4894915E-02,  1.0000111E+03,  6.6050452E+02,3,
  4.2716835E+01,  0.0000000E+00,  2.6702313E+02,3414,  6.8955004E-01,  0.0000000E+00, -1.3114435E-02,  1.0000258E+03,  1.5315669E+03,3,
  4.3155609E+01,  0.0000000E+00,  2.6702701E+02,3404,  6.7278379E-01,  0.0000000E+00, -6.5339752E-02,  1.0000664E+03,  3.9491658E+03,3,
  4.4250080E+01,  0.0000000E+00,  2.6704178E+02,3373,  6.7349058E-01,  0.0000000E+00, -1.0992223E-02,  9.9981958E+02, -1.0721593E+04,3,
  4.4296295E+01,  0.0000000E+00,  2.6704245E+02,3403,  6.6826540E-01,  0.0000000E+00,  4.3812031E-03,  9.9973480E+02, -1.5755574E+04,3,
  4.6806774E+01,  0.0000000E+00,  2.6710242E+02,3274,  6.8003881E-01,  0.0000000E+00, -2.5293628E-02,  1.0001866E+03,  1.1100141E+04,3,
  4.6814178E+01,  0.0000000E+00,  2.6710358E+02,3328,  6.7969269E-01,  0.0000000E+00, -2.6547112E-02,  1.0001926E+03,  1.1459823E+04,3,
  4.8368805E+01,  0.0000000E+00,  2.6708649E+02,3330,  6.7404979E-01,  0.0000000E+00,  5.0020061E-02,  9.9961798E+02, -2.2688053E+04,3,
  4.8686424E+01,  0.0000000E+00,  2.6708179E+02,3155,  6.7751670E-01,  0.0000000E+00,  2.0769862E-02,  9.9987360E+02, -7.5128613E+03,3,
  4.8691761E+01,  0.0000000E+00,  2.6707773E+02,3182,  6.7904752E-01,  0.0000000E+00,  8.7937759E-03,  9.9987408E+02, -7.4838511E+03,3,
  4.9469505E+01,  0.0000000E+00,  2.6699622E+02,3405,  6.7719662E-01,  0.0000000E+00,  4.5903176E-02,  9.9998535E+02, -8.7092767E+02,3,
