TimeStep [s],Np,Nbound,Nfixed,Nmoving,Nfloat,Nfluid
114.001,1800,0,0,0,0,1800

Pos.x [m],Pos.y [m],Pos.z [m],Idp,Vel.x [m/s],Vel.y [m/s],Vel.z [m/s],Rhop [kg/m^3],Press [Pa],Type,
  3.0107431E+02,  0.0000000E+00,  2.5139778E+02,2918,  1.1448330E+00,  0.0000000E+00, -6.0935313E-01,  1.0012554E+03,  7.4927141E+04,3,
  3.0306244E+02,  0.0000000E+00,  2.5064230E+02,2909,  1.4047235E+00,  0.0000000E+00,  7.1519919E-02,  1.0016451E+03,  9.8300828E+04,3,
  3.0202127E+02,  0.0000000E+00,  2.5042413E+02,2883, -7.7490164E-03,  0.0000000E+00,  1.8068169E-01,  1.0021097E+03,  1.2623762E+05,3,
  3.0655295E+02,  0.0000000E+00,  2.5079466E+02,2908,  6.6570121E-01,  0.0000000E+00,  7.5900413E-02,  1.0011708E+03,  6.9860586E+04,3,
  3.0819879E+02,  0.0000000E+00,  2.5101556E+02,2881,  9.7779447E-01,  0.0000000E+00,  1.2369872E-01,  1.0009392E+03,  5.6001027E+04,3,
  3.0736902E+02,  0.0000000E+00,  2.5090771E+02,2787,  8.9514011E-01,  0.0000000E+00,  9.9122450E-02,  1.0010080E+03,  6.0114891E+04,3,
  3.0558008E+02,  0.0000000E+00,  2.5088623E+02,2879,  8.6343551E-01,  0.0000000E+00,  3.2848746E-02,  1.0010834E+03,  6.4628582E+04,3,
  3.0453525E+02,  0.0000000E+00,  2.5085762E+02,2542,  1.0134943E+00,  0.0000000E+00,  7.1547180E-02,  1.0013129E+03,  7.8368445E+04,3,
  3.0980051E+02,  0.0000000E+00,  2.5024118E+02,2811,  8.7988454E-01,  0.0000000E+00,  8.9688614E-02,  1.0030554E+03,  1.8333902E+05,3,
  3.1086499E+02,  0.0000000E+00,  2.5121149E+02,2846,  1.0752606E+00,  0.0000000E+00, -3.7220754E-02,  1.0008840E+03,  5.2702402E+04,3,
  3.1195779E+02,  0.0000000E+00,  2.5089743E+02,2872,  9.4109339E-01,  0.0000000E+00, -4.0919674E-03,  1.0011806E+03,  7.0445344E+04,3,
  3.1295325E+02,  0.0000000E+00,  2.5067154E+02,2497,  1.1001766E+00,  0.0000000E+00, -7.0990451E-02,  1.0015405E+03,  9.2021000E+04,3,
  3.1401517E+02,  0.0000000E+00,  2.5090018E+02,2845,  1.0665393E+00,  0.0000000E+00, -1.1377301E-01,  1.0010688E+03,  6.3755629E+04,3,
  3.1484299E+02,  0.0000000E+00,  2.5093863E+02,2606,  9.9939775E-01,  0.0000000E+00, -1.0262930E-01,  1.0010537E+03,  6.2849883E+04,3,
  3.1595932E+02,  0.0000000E+00,  2.5077231E+02,2828,  9.6694845E-01,  0.0000000E+00,  2.5659187E-02,  1.0015933E+03,  9.5189734E+04,3,
  3.1723419E+02,  0.0000000E+00,  2.5040036E+02,2721,  1.1561594E+00,  0.0000000E+00,  1.3687967E-01,  1.0026079E+03,  1.5627942E+05,3,
  3.1852521E+02,  0.0000000E+00,  2.5098541E+02,2819,  1.3170009E+00,  0.0000000E+00,  4.2181341E-03,  1.0012534E+03,  7.4806477E+04,3,
  3.1957227E+02,  0.0000000E+00,  2.5078699E+02,2772,  1.1679695E+00,  0.0000000E+00, -1.4900623E-02,  1.0013170E+03,  7.8613516E+04,3,
  3.2055838E+02,  0.0000000E+00,  2.5111682E+02,2862,  1.2386168E+00,  0.0000000E+00, -7.4254692E-02,  1.0008410E+03,  5.0130672E+04,3,
  3.2132855E+02,  0.0000000E+00,  2.5066206E+02,2809,  1.2561183E+00,  0.0000000E+00, -6.0654666E-02,  1.0015499E+03,  9.2585070E+04,3,
  3.2246332E+02,  0.0000000E+00,  2.5093384E+02,2725,  1.2594296E+00,  0.0000000E+00, -7.1586587E-02,  1.0012583E+03,  7.5098992E+04,3,
  3.2351974E+02,  0.0000000E+00,  2.5057603E+02,2774,  1.2473626E+00,  0.0000000E+00, -6.5730914E-02,  1.0018571E+03,  1.1103744E+05,3,
  3.2468942E+02,  0.0000000E+00,  2.5096516E+02,2762,  1.2553052E+00,  0.0000000E+00, -5.4079279E-02,  1.0011576E+03,  6.9067570E+04,3,
  3.2562149E+02,  0.0000000E+00,  2.5063954E+02,2579,  1.2562160E+00,  0.0000000E+00, -4.0156033E-02,  1.0015034E+03,  8.9790664E+04,3,
  3.2665079E+02,  0.0000000E+00,  2.5093794E+02,2816,  1.2618134E+00,  0.0000000E+00, -2.6731726E-02,  1.0009659E+03,  5.7595996E+04,3,
  3.2820648E+02,  0.0000000E+00,  2.5103600E+02,2765,  1.2689359E+00,  0.0000000E+00, -3.3922326E-02,  1.0010204E+03,  6.0859727E+04,3,
  3.2737982E+02,  0.0000000E+00,  2.5096918E+02,2696,  1.2678928E+00,  0.0000000E+00, -2.7919974E-02,  1.0009276E+03,  5.5307641E+04,3,
  3.2953360E+02,  0.0000000E+00,  2.5053326E+02,2775,  1.2772454E+00,  0.0000000E+00, -8.4925294E-02,  1.0022948E+03,  1.3738702E+05,3,
  3.3080762E+02,  0.0000000E+00,  2.5045345E+02,2730,  1.2157807E+00,  0.0000000E+00, -1.0564853E-01,  1.0025283E+03,  1.5147009E+05,3,
  3.3219366E+02,  0.0000000E+00,  2.5127361E+02,2852,  1.1639296E+00,  0.0000000E+00, -2.0897375E-02,  1.0009178E+03,  5.4720129E+04,3,
  3.3281796E+02,  0.0000000E+00,  2.5079739E+02,2561,  1.2393036E+00,  0.0000000E+00, -8.1156209E-02,  1.0012321E+03,  7.3526820E+04,3,
  3.3386560E+02,  0.0000000E+00,  2.5088387E+02,2825,  1.1876957E+00,  0.0000000E+00, -6.7424707E-02,  1.0010578E+03,  6.3094574E+04,3,
  3.3467679E+02,  0.0000000E+00,  2.5087817E+02,2761,  1.1863577E+00,  0.0000000E+00, -6.6161335E-02,  1.0011302E+03,  6.7430578E+04,3,
  3.3572794E+02,  0.0000000E+00,  2.5067720E+02,2746,  1.1776714E+00,  0.0000000E+00, -7.3912114E-02,  1.0015088E+03,  9.0116578E+04,3,
  3.3677200E+02,  0.0000000E+00,  2.5081638E+02,2434,  1.1705599E+00,  0.0000000E+00, -6.8222895E-02,  1.0013889E+03,  8.2923328E+04,3,
  3.3778101E+02,  0.0000000E+00,  2.5090392E+02,2543,  1.1687802E+00,  0.0000000E+00, -6.9482021E-02,  1.0013091E+03,  7.8145328E+04,3,
  3.3880615E+02,  0.0000000E+00,  2.5077449E+02,2643,  1.1719327E+00,  0.0000000E+00, -8.9775383E-02,  1.0015370E+03,  9.1812227E+04,3,
  3.3987476E+02,  0.0000000E+00,  2.5065085E+02,2425,  1.1587224E+00,  0.0000000E+00, -1.0796627E-01,  1.0016696E+03,  9.9770602E+04,3,
  3.4107932E+02,  0.0000000E+00,  2.5112520E+02,2818,  1.1159084E+00,  0.0000000E+00, -7.7522837E-02,  1.0009362E+03,  5.5822203E+04,3,
  3.4175259E+02,  0.0000000E+00,  2.5062114E+02,2708,  1.1295536E+00,  0.0000000E+00, -8.6203955E-02,  1.0015050E+03,  8.9889531E+04,3,
  3.4289420E+02,  0.0000000E+00,  2.5102016E+02,2773,  1.1211287E+00,  0.0000000E+00, -5.6352627E-02,  1.0008539E+03,  5.0903945E+04,3,
  3.4350931E+02,  0.0000000E+00,  2.5106516E+02,2800,  1.1199429E+00,  0.0000000E+00, -4.6567474E-02,  1.0008245E+03,  4.9142281E+04,3,
  3.4449628E+02,  0.0000000E+00,  2.5069029E+02,2728,  1.1109644E+00,  0.0000000E+00, -6.0799439E-02,  1.0014728E+03,  8.7956227E+04,3,
  3.4575003E+02,  0.0000000E+00,  2.5059059E+02,2552,  1.1192657E+00,  0.0000000E+00, -7.6645494E-02,  1.0017279E+03,  1.0327180E+05,3,
  3.4653601E+02,  0.0000000E+00,  2.5108687E+02,2662,  1.1128814E+00,  0.0000000E+00, -7.8321762E-02,  1.0010627E+03,  6.3390398E+04,3,
  3.4768433E+02,  0.0000000E+00,  2.5097266E+02,2756,  1.0968177E+00,  0.0000000E+00, -9.7295448E-02,  1.0012640E+03,  7.5439055E+04,3,
  3.4872119E+02,  0.0000000E+00,  2.5041071E+02,2748,  1.0672897E+00,  0.0000000E+00, -8.5526258E-02,  1.0022570E+03,  1.3510980E+05,3,
  3.4991959E+02,  0.0000000E+00,  2.5097690E+02,2718,  1.0740869E+00,  0.0000000E+00, -4.4076163E-02,  1.0011124E+03,  6.6360102E+04,3,
  3.5087836E+02,  0.0000000E+00,  2.5115283E+02,2782,  1.0931705E+00,  0.0000000E+00, -3.7533659E-02,  1.0007584E+03,  4.5196996E+04,3,
  3.5155908E+02,  0.0000000E+00,  2.5087897E+02,2716,  1.0877267E+00,  0.0000000E+00, -5.3637672E-02,  1.0011194E+03,  6.6783891E+04,3,
  3.5264331E+02,  0.0000000E+00,  2.5050438E+02,2737,  1.0717992E+00,  0.0000000E+00, -6.2943622E-02,  1.0018179E+03,  1.0868180E+05,3,
  3.5413986E+02,  0.0000000E+00,  2.5082130E+02,2634,  1.1990178E+00,  0.0000000E+00, -5.2486085E-03,  1.0011130E+03,  6.6396633E+04,3,
  3.5538138E+02,  0.0000000E+00,  2.5121065E+02,2717,  1.0922740E+00,  0.0000000E+00,  9.5079998E-03,  1.0008967E+03,  5.3457633E+04,3,
  3.5414365E+02,  0.0000000E+00,  2.5111398E+02,2791,  9.5383066E-01,  0.0000000E+00, -7.4304022E-02,  1.0008718E+03,  5.1969121E+04,3,
  3.5672644E+02,  0.0000000E+00,  2.5036076E+02,2712,  9.4952762E-01,  0.0000000E+00, -6.8601243E-02,  1.0028449E+03,  1.7060302E+05,3,
  3.5808701E+02,  0.0000000E+00,  2.5055054E+02,2658,  1.6062928E+00,  0.0000000E+00, -2.6657489E-01,  1.0021756E+03,  1.3020395E+05,3,
  3.5977948E+02,  0.0000000E+00,  2.5057838E+02,2703,  1.0704339E+00,  0.0000000E+00,  2.1205370E-01,  1.0013458E+03,  8.0343805E+04,3,
  3.6009515E+02,  0.0000000E+00,  2.5107700E+02,2720,  9.9742472E-02,  0.0000000E+00,  2.6415068E-01,  1.0009127E+03,  5.4417262E+04,3,
  3.9001614E+02,  0.0000000E+00,  2.5089458E+02,2629,  4.6273071E-01,  0.0000000E+00, -2.6770362E-01,  1.0009586E+03,  5.7157992E+04,3,
  3.9070248E+02,  0.0000000E+00,  2.5069250E+02,2666,  4.7059804E-01,  0.0000000E+00, -8.1183717E-02,  1.0013032E+03,  7.7790547E+04,3,
  3.9124634E+02,  0.0000000E+00,  2.5051331E+02,2649,  1.3582956E+00,  0.0000000E+00,  6.7143612E-02,  1.0016974E+03,  1.0143855E+05,3,
  3.9319421E+02,  0.0000000E+00,  2.5092325E+02,2628,  1.1687430E+00,  0.0000000E+00,  3.4077886E-02,  1.0010818E+03,  6.4533609E+04,3,
  3.9410754E+02,  0.0000000E+00,  2.5086671E+02,2535,  6.5431184E-01,  0.0000000E+00,  5.2010011E-02,  1.0010707E+03,  6.3868852E+04,3,
  3.9490640E+02,  0.0000000E+00,  2.5069211E+02,2648,  9.3994808E-01,  0.0000000E+00,  3.9179727E-02,  1.0013896E+03,  8.2967242E+04,3,
  3.9616394E+02,  0.0000000E+00,  2.5079158E+02,2371,  1.0403696E+00,  0.0000000E+00,  3.0948257E-03,  1.0011849E+03,  7.0704836E+04,3,
  3.9720236E+02,  0.0000000E+00,  2.5080824E+02,2601,  9.2427617E-01,  0.0000000E+00,  3.4784121E-03,  1.0011442E+03,  6.8263656E+04,3,
  3.9813211E+02,  0.0000000E+00,  2.5086000E+02,2554,  9.8842859E-01,  0.0000000E+00, -9.3566403E-03,  1.0010463E+03,  6.2404348E+04,3,
  3.9932700E+02,  0.0000000E+00,  2.5069542E+02,2582,  1.0444905E+00,  0.0000000E+00, -2.9946834E-02,  1.0013486E+03,  8.0512094E+04,3,
  3.9978815E+02,  0.0000000E+00,  2.5136758E+02,2671,  1.0719615E+00,  0.0000000E+00, -9.8677315E-02,  1.0003876E+03,  2.3071119E+04,3,
  4.0118338E+02,  0.0000000E+00,  2.5040300E+02,2600,  1.0214106E+00,  0.0000000E+00, -2.9797243E-02,  1.0021439E+03,  1.2829227E+05,3,
  4.0230484E+02,  0.0000000E+00,  2.5100230E+02,2619,  1.0172305E+00,  0.0000000E+00, -1.9259539E-02,  1.0009550E+03,  5.6946301E+04,3,
  4.0309537E+02,  0.0000000E+00,  2.5107152E+02,2453,  1.0405911E+00,  0.0000000E+00, -5.1553696E-03,  1.0007668E+03,  4.5696449E+04,3,
  4.0420401E+02,  0.0000000E+00,  2.5066292E+02,2444,  1.1705188E+00,  0.0000000E+00,  3.8327307E-02,  1.0015002E+03,  8.9600250E+04,3,
  4.0523474E+02,  0.0000000E+00,  2.5084711E+02,2630,  1.1397238E+00,  0.0000000E+00, -2.2006885E-03,  1.0013577E+03,  8.1057219E+04,3,
  4.0644888E+02,  0.0000000E+00,  2.5079907E+02,2622,  8.4174031E-01,  0.0000000E+00, -3.2329053E-02,  1.0016173E+03,  9.6629734E+04,3,
  4.0798428E+02,  0.0000000E+00,  2.5021066E+02,2595,  1.5235499E+00,  0.0000000E+00, -9.6536875E-02,  1.0028183E+03,  1.6899369E+05,3,
  4.0996808E+02,  0.0000000E+00,  2.5092746E+02,2353,  1.0459459E+00,  0.0000000E+00,  3.4583846E-01,  1.0007562E+03,  4.5065754E+04,3,
  4.1022696E+02,  0.0000000E+00,  2.5106386E+02,2611,  4.9061808E-01,  0.0000000E+00,  3.6362258E-01,  1.0008055E+03,  4.8008125E+04,3,
  4.1028253E+02,  0.0000000E+00,  2.5126993E+02,2602,  5.5314505E-01,  0.0000000E+00,  4.2008990E-01,  1.0006237E+03,  3.7150828E+04,3,
  6.6021106E+02,  0.0000000E+00,  2.5082079E+02,2246, -2.7594644E-01,  0.0000000E+00,  3.0694447E-02,  1.0007878E+03,  4.6950668E+04,3,
  6.6047284E+02,  0.0000000E+00,  2.5056612E+02,2325,  5.8167988E-01,  0.0000000E+00, -1.6707669E-01,  1.0011273E+03,  6.7255203E+04,3,
  6.6210211E+02,  0.0000000E+00,  2.5101418E+02,2306,  1.2350916E+00,  0.0000000E+00,  3.4766409E-01,  1.0004363E+03,  2.5977885E+04,3,
  6.6259943E+02,  0.0000000E+00,  2.5097963E+02,2312,  1.6045977E+00,  0.0000000E+00,  3.1418365E-01,  1.0007078E+03,  4.2171633E+04,3,
  6.6311621E+02,  0.0000000E+00,  2.5117740E+02,2217,  1.4965326E+00,  0.0000000E+00,  1.3293220E-01,  1.0002439E+03,  1.4512198E+04,3,
  6.6494226E+02,  0.0000000E+00,  2.5058359E+02,2172,  7.9621339E-01,  0.0000000E+00, -3.9955014E-01,  1.0013795E+03,  8.2363461E+04,3,
  6.6668158E+02,  0.0000000E+00,  2.5061980E+02,2275,  8.9255697E-01,  0.0000000E+00, -2.9034770E-01,  1.0013032E+03,  7.7786891E+04,3,
  6.6603687E+02,  0.0000000E+00,  2.5129019E+02,2141,  1.4280603E+00,  0.0000000E+00, -6.1815095E-01,  1.0003138E+03,  1.8678025E+04,3,
  6.6806195E+02,  0.0000000E+00,  2.5114240E+02,2247,  1.6636332E+00,  0.0000000E+00, -3.0321217E-01,  1.0001918E+03,  1.1408958E+04,3,
  6.6889020E+02,  0.0000000E+00,  2.5086147E+02,2243,  1.2079734E+00,  0.0000000E+00, -9.5070712E-02,  1.0006918E+03,  4.1216828E+04,3,
  6.6900208E+02,  0.0000000E+00,  2.5123488E+02,2260,  9.7656101E-01,  0.0000000E+00, -1.0509828E-01,  9.9999268E+02, -4.3547342E+02,3,
  6.7054584E+02,  0.0000000E+00,  2.5052661E+02,2173,  1.2828320E+00,  0.0000000E+00,  2.3267294E-01,  1.0014797E+03,  8.8369953E+04,3,
  6.7171619E+02,  0.0000000E+00,  2.5096512E+02,2168,  1.2381382E+00,  0.0000000E+00,  4.0512067E-01,  1.0007290E+03,  4.3439984E+04,3,
  6.7283905E+02,  0.0000000E+00,  2.5108180E+02,2200,  1.3808959E+00,  0.0000000E+00,  3.1627029E-01,  1.0004734E+03,  2.8186723E+04,3,
  6.7359955E+02,  0.0000000E+00,  2.5093423E+02,2233,  1.4111091E+00,  0.0000000E+00,  2.0257787E-01,  1.0005940E+03,  3.5380668E+04,3,
  6.7478723E+02,  0.0000000E+00,  2.5089305E+02,2150,  1.4811592E+00,  0.0000000E+00, -2.8536236E-02,  1.0006775E+03,  4.0364141E+04,3,
  6.7559943E+02,  0.0000000E+00,  2.5108434E+02,2210,  1.4190235E+00,  0.0000000E+00, -1.6140196E-01,  1.0004036E+03,  2.4027820E+04,3,
  6.7645697E+02,  0.0000000E+00,  2.5103389E+02,2146,  1.2872974E+00,  0.0000000E+00, -2.2485366E-01,  1.0004725E+03,  2.8132131E+04,3,
  6.7771014E+02,  0.0000000E+00,  2.5080537E+02,2276,  1.0871104E+00,  0.0000000E+00, -2.0242283E-02,  1.0009141E+03,  5.4497539E+04,3,
  6.7875006E+02,  0.0000000E+00,  2.5068977E+02,2249,  1.1209589E+00,  0.0000000E+00,  3.3804196E-01,  1.0011510E+03,  6.8672914E+04,3,
  6.8012164E+02,  0.0000000E+00,  2.5102794E+02,2261,  1.4197123E+00,  0.0000000E+00,  4.9755776E-01,  1.0005140E+03,  3.0610820E+04,3,
  6.8104919E+02,  0.0000000E+00,  2.5106201E+02,2180,  1.4456329E+00,  0.0000000E+00,  3.9158177E-01,  1.0004377E+03,  2.6057934E+04,3,
  6.8170190E+02,  0.0000000E+00,  2.5080774E+02,2196,  1.4511228E+00,  0.0000000E+00,  2.8429735E-01,  1.0007639E+03,  4.5521457E+04,3,
  6.8258795E+02,  0.0000000E+00,  2.5118291E+02,2216,  1.3323262E+00,  0.0000000E+00,  1.6630971E-01,  1.0002197E+03,  1.3073104E+04,3,
  6.8352704E+02,  0.0000000E+00,  2.5094856E+02,2197,  1.2567123E+00,  0.0000000E+00,  8.2829751E-02,  1.0005600E+03,  3.3352293E+04,3,
  6.8410596E+02,  0.0000000E+00,  2.5105524E+02,2183,  1.2263497E+00,  0.0000000E+00,  5.5062272E-02,  1.0004913E+03,  2.9256746E+04,3,
  6.8578235E+02,  0.0000000E+00,  2.5054497E+02,2262,  1.1034583E+00,  0.0000000E+00,  1.0411421E-01,  1.0014656E+03,  8.7524211E+04,3,
  6.8694995E+02,  0.0000000E+00,  2.5091953E+02,2176,  1.1066538E+00,  0.0000000E+00,  2.1487059E-01,  1.0007291E+03,  4.3447273E+04,3,
  6.8803400E+02,  0.0000000E+00,  2.5092210E+02,2187,  1.0899081E+00,  0.0000000E+00,  2.9085466E-01,  1.0006548E+03,  3.9012383E+04,3,
  6.8898480E+02,  0.0000000E+00,  2.5104639E+02,2194,  1.0875736E+00,  0.0000000E+00,  3.3857799E-01,  1.0004890E+03,  2.9118438E+04,3,
  6.8997473E+02,  0.0000000E+00,  2.5062694E+02,2117,  1.1014313E+00,  0.0000000E+00,  3.5026589E-01,  1.0012562E+03,  7.4971016E+04,3,
  6.9120679E+02,  0.0000000E+00,  2.5091418E+02,2153,  1.2155002E+00,  0.0000000E+00,  2.3304309E-01,  1.0007647E+03,  4.5572496E+04,3,
  6.9222180E+02,  0.0000000E+00,  2.5094267E+02,2162,  1.1876215E+00,  0.0000000E+00,  7.7205934E-02,  1.0006337E+03,  3.7751879E+04,3,
  6.9315991E+02,  0.0000000E+00,  2.5097655E+02,2214,  1.1931247E+00,  0.0000000E+00, -5.2682638E-02,  1.0005382E+03,  3.2052457E+04,3,
  6.9409918E+02,  0.0000000E+00,  2.5088472E+02,2148,  1.1786541E+00,  0.0000000E+00, -9.4509251E-02,  1.0006532E+03,  3.8914016E+04,3,
  6.9470111E+02,  0.0000000E+00,  2.5107578E+02,2171,  1.1229584E+00,  0.0000000E+00, -1.0540523E-01,  1.0003551E+03,  2.1136172E+04,3,
  6.9578265E+02,  0.0000000E+00,  2.5088278E+02,2112,  1.0117714E+00,  0.0000000E+00, -1.0881275E-01,  1.0007714E+03,  4.5969887E+04,3,
  6.9688263E+02,  0.0000000E+00,  2.5076727E+02,2119,  1.1417620E+00,  0.0000000E+00, -1.6820574E-01,  1.0010975E+03,  6.5468730E+04,3,
  6.9790204E+02,  0.0000000E+00,  2.5083160E+02,2234,  1.5846823E+00,  0.0000000E+00, -2.7858672E-01,  1.0008659E+03,  5.1618914E+04,3,
  6.9935626E+02,  0.0000000E+00,  2.5068997E+02,2226,  1.4158990E+00,  0.0000000E+00,  7.1054228E-02,  1.0007840E+03,  4.6724605E+04,3,
  6.9995984E+02,  0.0000000E+00,  2.5094188E+02,2207, -4.6382081E-02,  0.0000000E+00,  1.2108889E-01,  1.0008401E+03,  5.0079609E+04,3,
  7.2047839E+02,  0.0000000E+00,  2.5089627E+02,2181,  6.3283867E-01,  0.0000000E+00,  1.5652305E-02,  9.9936450E+02, -3.7713445E+04,3,
  7.2267334E+02,  0.0000000E+00,  2.5066315E+02,2111,  8.8615274E-01,  0.0000000E+00,  7.5078154E-01,  9.9964337E+02, -2.1181719E+04,3,
  7.2296808E+02,  0.0000000E+00,  2.5092026E+02,2152,  3.2186520E+00,  0.0000000E+00,  4.8459488E-01,  9.9955920E+02, -2.6174186E+04,3,
  7.2567279E+02,  0.0000000E+00,  2.5064348E+02,2170,  1.6534516E+00,  0.0000000E+00, -3.9015710E-01,  1.0004990E+03,  2.9711725E+04,3,
  7.2789075E+02,  0.0000000E+00,  2.5114462E+02,2122,  1.7773454E+00,  0.0000000E+00, -5.6774741E-01,  9.9993134E+02, -4.0818120E+03,3,
  7.2701514E+02,  0.0000000E+00,  2.5093098E+02,2113,  1.8923819E+00,  0.0000000E+00, -6.3660002E-01,  1.0010067E+03,  6.0038219E+04,3,
  7.2921484E+02,  0.0000000E+00,  2.5098563E+02,2102,  1.9833804E+00,  0.0000000E+00, -3.6588812E-01,  1.0008191E+03,  4.8821352E+04,3,
  7.3055658E+02,  0.0000000E+00,  2.5032062E+02,2189,  1.8272222E+00,  0.0000000E+00, -9.5256440E-02,  1.0018187E+03,  1.0872949E+05,3,
  7.3234326E+02,  0.0000000E+00,  2.5098796E+02,2135,  2.2566884E+00,  0.0000000E+00, -2.5002280E-01,  9.9890344E+02, -6.4984969E+04,3,
  7.3344342E+02,  0.0000000E+00,  2.5087393E+02,2121,  2.4419112E+00,  0.0000000E+00, -1.9577585E-01,  1.0000032E+03,  1.8871109E+02,3,
  7.3476392E+02,  0.0000000E+00,  2.5072496E+02,2105,  2.4008527E+00,  0.0000000E+00, -2.4036516E-02,  1.0001854E+03,  1.1031112E+04,3,
  7.3651514E+02,  0.0000000E+00,  2.5060005E+02,2149,  3.2745757E+00,  0.0000000E+00, -4.7739020E-01,  1.0006930E+03,  4.1289711E+04,3,
  7.3770428E+02,  0.0000000E+00,  2.5069479E+02,2128,  3.1732857E+00,  0.0000000E+00, -9.4535935E-01,  1.0004050E+03,  2.4111490E+04,3,
  7.3873358E+02,  0.0000000E+00,  2.5096899E+02,2159,  2.5704770E+00,  0.0000000E+00, -1.0523734E+00,  9.9958630E+02, -2.4567023E+04,3,
  7.8147424E+02,  0.0000000E+00,  2.5024136E+02,2091, -1.1735812E+00,  0.0000000E+00,  5.1440752E-01,  1.0024995E+03,  1.4973120E+05,3,
  7.7997491E+02,  0.0000000E+00,  2.5083490E+02,2034,  1.5103332E+00,  0.0000000E+00,  1.6638151E+00,  1.0009500E+03,  5.6643363E+04,3,
  7.8046460E+02,  0.0000000E+00,  2.5056126E+02,2058,  9.0064263E-01,  0.0000000E+00,  1.4969656E+00,  1.0012930E+03,  7.7179766E+04,3,
  7.8355609E+02,  0.0000000E+00,  2.5136389E+02,2081, -1.9840786E+00,  0.0000000E+00,  6.2203068E-01,  1.0078245E+03,  4.7629044E+05,3,
  7.8707544E+02,  0.0000000E+00,  2.5077129E+02,2050, -7.0182472E-01,  0.0000000E+00, -1.8579262E+00,  9.9909229E+02, -5.3824109E+04,3,
  7.8885083E+02,  0.0000000E+00,  2.5103633E+02,2037, -9.2073601E-01,  0.0000000E+00,  3.0457901E-02,  1.0022408E+03,  1.3413506E+05,3,
  7.8911731E+02,  0.0000000E+00,  2.5098209E+02,2077, -1.6332121E-01,  0.0000000E+00, -2.2436813E-01,  1.0014557E+03,  8.6934805E+04,3,
  7.9013574E+02,  0.0000000E+00,  2.5124344E+02,2046, -2.8658381E-01,  0.0000000E+00,  7.0253336E-01,  9.9813165E+02, -1.1046736E+05,3,
  7.9049445E+02,  0.0000000E+00,  2.5118033E+02,2036, -2.9497054E-01,  0.0000000E+00,  1.1468519E-01,  9.9861530E+02, -8.1990461E+04,3,
  7.9207373E+02,  0.0000000E+00,  2.5098982E+02,2057, -8.0391413E-01,  0.0000000E+00,  7.1636178E-03,  1.0042434E+03,  2.5553903E+05,3,
  7.9327386E+02,  0.0000000E+00,  2.5109212E+02,2049, -2.3248293E-01,  0.0000000E+00,  3.8049421E-01,  9.9942340E+02, -3.4224152E+04,3,
  7.9367969E+02,  0.0000000E+00,  2.5114272E+02,2041, -7.7188545E-01,  0.0000000E+00, -7.3936403E-02,  9.9964844E+02, -2.0881150E+04,3,
  7.9479364E+02,  0.0000000E+00,  2.5102388E+02,2074, -8.5825622E-01,  0.0000000E+00,  1.0024067E-01,  9.9966699E+02, -1.9780189E+04,3,
  7.9552118E+02,  0.0000000E+00,  2.5103552E+02,2063, -1.4971304E-01,  0.0000000E+00,  1.2782876E-01,  1.0008110E+03,  4.8339973E+04,3,
  7.9601562E+02,  0.0000000E+00,  2.5098080E+02,2052,  5.1942730E-01,  0.0000000E+00, -1.6336757E-01,  1.0009043E+03,  5.3913719E+04,3,
  7.9856909E+02,  0.0000000E+00,  2.5109673E+02,2035, -1.7640810E+00,  0.0000000E+00, -1.3110165E-01,  1.0011623E+03,  6.9348961E+04,3,
  7.9861438E+02,  0.0000000E+00,  2.5123390E+02,2031, -1.4590962E+00,  0.0000000E+00,  2.7123350E-01,  1.0008195E+03,  4.8846879E+04,3,
  7.9971216E+02,  0.0000000E+00,  2.5086293E+02,2060, -1.5034761E-01,  0.0000000E+00, -8.4167713E-01,  1.0011908E+03,  7.1055711E+04,3,
  8.0097998E+02,  0.0000000E+00,  2.5120865E+02,2038, -6.9050908E-01,  0.0000000E+00, -4.3222255E-01,  9.9718848E+02, -1.6576400E+05,3,
  8.0230865E+02,  0.0000000E+00,  2.5122006E+02,2043, -6.7813319E-01,  0.0000000E+00,  6.8150781E-02,  1.0020566E+03,  1.2303702E+05,3,
  8.0226465E+02,  0.0000000E+00,  2.5077068E+02,2069, -1.3799684E+00,  0.0000000E+00, -7.1647847E-01,  1.0005877E+03,  3.5005551E+04,3,
  8.0493268E+02,  0.0000000E+00,  2.5095534E+02,2054, -1.2107800E+00,  0.0000000E+00, -4.6684775E-01,  1.0001029E+03,  6.1204253E+03,3,
  8.0499927E+02,  0.0000000E+00,  2.5102928E+02,2048, -1.0021943E+00,  0.0000000E+00, -3.4636533E-01,  1.0007349E+03,  4.3793551E+04,3,
  8.0522760E+02,  0.0000000E+00,  2.5118904E+02,2044, -1.0258522E+00,  0.0000000E+00, -3.7443023E-02,  9.9982025E+02, -1.0681717E+04,3,
  8.0696802E+02,  0.0000000E+00,  2.5115428E+02,2040, -7.0434773E-01,  0.0000000E+00, -4.6054977E-01,  1.0001208E+03,  7.1844434E+03,3,
  8.0722748E+02,  0.0000000E+00,  2.5115346E+02,2042, -1.0570468E+00,  0.0000000E+00, -7.7558137E-02,  1.0003099E+03,  1.8441695E+04,3,
  8.0844800E+02,  0.0000000E+00,  2.5099240E+02,2039, -1.1019021E+00,  0.0000000E+00, -1.3392908E-02,  1.0014994E+03,  8.9552641E+04,3,
  8.0929681E+02,  0.0000000E+00,  2.5104932E+02,2047, -1.0696425E+00,  0.0000000E+00, -6.3859570E-01,  9.9747125E+02, -1.4921830E+05,3,
  8.1114368E+02,  0.0000000E+00,  2.5089850E+02,2051, -1.0844291E+00,  0.0000000E+00, -3.8669428E-01,  1.0002900E+03,  1.7260139E+04,3,
  8.1112207E+02,  0.0000000E+00,  2.5096596E+02,2064, -8.9657891E-01,  0.0000000E+00,  2.7579448E-01,  1.0002803E+03,  1.6678500E+04,3,
  8.1127869E+02,  0.0000000E+00,  2.5107080E+02,2045, -1.0205953E+00,  0.0000000E+00,  5.3842664E-02,  1.0002496E+03,  1.4853832E+04,3,
  2.0790810E+02,  0.0000000E+00,  2.5663715E+02,3170,  1.2486809E+00,  0.0000000E+00, -7.1358621E-01,  9.9920471E+02, -4.7173527E+04,3,
  2.0844484E+02,  0.0000000E+00,  2.5740720E+02,2994,  5.9150387E-02,  0.0000000E+00, -7.3902361E-02,  1.0006059E+03,  3.6090879E+04,3,
  2.0818257E+02,  0.0000000E+00,  2.5738910E+02,2776,  8.8579929E-01,  0.0000000E+00,  1.4158536E+00,  1.0006118E+03,  3.6440539E+04,3,
  2.0851659E+02,  0.0000000E+00,  2.5734888E+02,3039,  1.2912813E-02,  0.0000000E+00, -5.2839363E-01,  1.0025007E+03,  1.4980488E+05,3,
  2.0921349E+02,  0.0000000E+00,  2.5784482E+02,2785, -1.3839406E-02,  0.0000000E+00, -5.0657314E-01,  9.9975012E+02, -1.4846095E+04,3,
  2.1344151E+02,  0.0000000E+00,  2.5748013E+02,3151,  2.1579166E-01,  0.0000000E+00, -8.6144134E-03,  1.0021133E+03,  1.2645445E+05,3,
  2.1171808E+02,  0.0000000E+00,  2.5692786E+02,3161,  4.8926413E-01,  0.0000000E+00,  1.1890010E-01,  9.9818683E+02, -1.0722279E+05,3,
  2.1174370E+02,  0.0000000E+00,  2.5717279E+02,3160,  2.0398834E+00,  0.0000000E+00,  6.4226009E-02,  1.0010399E+03,  6.2024559E+04,3,
  2.1371979E+02,  0.0000000E+00,  2.5680621E+02,3141,  4.7261101E-01,  0.0000000E+00, -5.5330777E-01,  9.9737250E+02, -1.5499981E+05,3,
  2.1466263E+02,  0.0000000E+00,  2.5671729E+02,2767, -5.4457895E-02,  0.0000000E+00,  1.0298147E+00,  1.0049187E+03,  2.9680691E+05,3,
  2.1712302E+02,  0.0000000E+00,  2.5727991E+02,3003,  6.6166997E-01,  0.0000000E+00, -3.3143827E-01,  1.0008589E+03,  5.1203059E+04,3,
  2.1577989E+02,  0.0000000E+00,  2.5708533E+02,3086,  1.9436404E+00,  0.0000000E+00, -5.1771230E-01,  9.9466187E+02, -3.1235662E+05,3,
  2.1740750E+02,  0.0000000E+00,  2.5661444E+02,3105,  8.5628760E-01,  0.0000000E+00,  1.0317906E+00,  1.0041266E+03,  2.4841683E+05,3,
  2.1818585E+02,  0.0000000E+00,  2.5665985E+02,2885,  6.1938810E-01,  0.0000000E+00, -4.9744156E-01,  9.9874731E+02, -7.4202781E+04,3,
  2.1965105E+02,  0.0000000E+00,  2.5489729E+02,3144,  1.8066295E+00,  0.0000000E+00, -1.5699254E+00,  1.0029612E+03,  1.7763761E+05,3,
  2.1843651E+02,  0.0000000E+00,  2.5657156E+02,3058,  9.4646055E-01,  0.0000000E+00, -4.7490314E-01,  9.9826862E+02, -1.0241138E+05,3,
  2.2057462E+02,  0.0000000E+00,  2.5469502E+02,3126, -1.0312024E+00,  0.0000000E+00, -1.4082849E+00,  1.0006411E+03,  3.8192672E+04,3,
  2.2189810E+02,  0.0000000E+00,  2.5512712E+02,3133, -1.8033242E-01,  0.0000000E+00,  4.1683573E-01,  1.0005143E+03,  3.0625381E+04,3,
  2.2273734E+02,  0.0000000E+00,  2.5755688E+02,3162,  1.4612193E+00,  0.0000000E+00,  5.5130444E-02,  1.0003434E+03,  2.0441574E+04,3,
  2.2306891E+02,  0.0000000E+00,  2.5777151E+02,3153,  1.2928929E+00,  0.0000000E+00,  1.0315324E-01,  1.0003598E+03,  2.1416207E+04,3,
  2.2445226E+02,  0.0000000E+00,  2.5789648E+02,2939,  1.2927531E+00,  0.0000000E+00,  5.5276924E-01,  1.0003480E+03,  2.0710680E+04,3,
  2.2450365E+02,  0.0000000E+00,  2.5468076E+02,3132, -1.5844710E-01,  0.0000000E+00,  1.0687284E+00,  1.0015144E+03,  9.0453484E+04,3,
  2.2704120E+02,  0.0000000E+00,  2.5752563E+02,3095,  1.2981832E+00,  0.0000000E+00,  6.5683693E-01,  1.0004891E+03,  2.9122078E+04,3,
  2.2245010E+02,  0.0000000E+00,  2.5440056E+02,3135, -3.5440186E-01,  0.0000000E+00,  3.3970350E-01,  1.0019194E+03,  1.1478485E+05,3,
  2.2643448E+02,  0.0000000E+00,  2.5504274E+02,3040,  4.5177653E-01,  0.0000000E+00,  2.0991383E-01,  1.0005838E+03,  3.4772477E+04,3,
  2.2537558E+02,  0.0000000E+00,  2.5488931E+02,3123,  6.6349697E-01,  0.0000000E+00,  5.4883403E-01,  1.0004926E+03,  2.9329541E+04,3,
  2.2764107E+02,  0.0000000E+00,  2.5448779E+02,3087, -4.2232388E-01,  0.0000000E+00,  5.0124574E-01,  1.0012693E+03,  7.5760844E+04,3,
  2.2839856E+02,  0.0000000E+00,  2.5494987E+02,3013,  4.7994369E-01,  0.0000000E+00,  8.1670386E-01,  1.0009780E+03,  5.8322395E+04,3,
  2.3114799E+02,  0.0000000E+00,  2.5734241E+02,2930,  2.1912367E+00,  0.0000000E+00,  3.7944788E-01,  9.9991553E+02, -5.0212979E+03,3,
  2.2993161E+02,  0.0000000E+00,  2.5492113E+02,2976, -1.1134627E-01,  0.0000000E+00,  7.0579296E-01,  1.0010842E+03,  6.4676066E+04,3,
  2.3062997E+02,  0.0000000E+00,  2.5490199E+02,3031,  1.9229516E-01,  0.0000000E+00,  1.1322845E+00,  1.0003342E+03,  1.9888842E+04,3,
  2.3189653E+02,  0.0000000E+00,  2.5484796E+02,2740,  1.1461420E+00,  0.0000000E+00,  2.1835105E-01,  1.0013686E+03,  8.1708492E+04,3,
  2.3373082E+02,  0.0000000E+00,  2.5536026E+02,2967,  1.5802090E-01,  0.0000000E+00, -3.6316910E-01,  1.0006188E+03,  3.6863062E+04,3,
  2.3323775E+02,  0.0000000E+00,  2.5481505E+02,3096,  8.3011514E-01,  0.0000000E+00,  2.2213008E-01,  1.0009157E+03,  5.4596059E+04,3,
  2.2911137E+02,  0.0000000E+00,  2.5775052E+02,2876,  1.1643014E+00,  0.0000000E+00,  7.0140399E-02,  1.0003688E+03,  2.1954479E+04,3,
  2.3499135E+02,  0.0000000E+00,  2.5722205E+02,2867,  2.9027200E+00,  0.0000000E+00, -1.9572331E-01,  1.0006943E+03,  4.1366238E+04,3,
  2.3541708E+02,  0.0000000E+00,  2.5439339E+02,3090,  1.6731749E-01,  0.0000000E+00,  7.0194405E-01,  1.0021906E+03,  1.3110844E+05,3,
  2.3751335E+02,  0.0000000E+00,  2.5540262E+02,3022,  2.1189227E+00,  0.0000000E+00, -5.7987142E-01,  1.0000081E+03,  4.8267206E+02,3,
  2.3882137E+02,  0.0000000E+00,  2.5481410E+02,3077,  1.3379797E+00,  0.0000000E+00,  1.3261840E-01,  1.0011266E+03,  6.7211359E+04,3,
  2.3664198E+02,  0.0000000E+00,  2.5469312E+02,3107,  1.6649593E+00,  0.0000000E+00,  5.3344071E-01,  1.0014159E+03,  8.4544562E+04,3,
  2.3931732E+02,  0.0000000E+00,  2.5473070E+02,3004,  1.4767407E+00,  0.0000000E+00,  3.4034479E-02,  1.0012249E+03,  7.3099086E+04,3,
  2.4057542E+02,  0.0000000E+00,  2.5480438E+02,3060,  1.8811600E+00,  0.0000000E+00,  1.0555102E-02,  1.0008304E+03,  4.9499695E+04,3,
  2.3852921E+02,  0.0000000E+00,  2.5790906E+02,2985,  3.2365718E+00,  0.0000000E+00, -3.4210560E-01,  1.0013863E+03,  8.2769633E+04,3,
  2.4136749E+02,  0.0000000E+00,  2.5487566E+02,3069,  1.9428091E+00,  0.0000000E+00, -1.2572959E-01,  1.0007805E+03,  4.6513133E+04,3,
  2.4255289E+02,  0.0000000E+00,  2.5597314E+02,3051,  2.1430202E+00,  0.0000000E+00, -4.3837735E-01,  1.0011561E+03,  6.8979867E+04,3,
  2.4229533E+02,  0.0000000E+00,  2.5475516E+02,3068,  1.8433676E+00,  0.0000000E+00, -1.0768256E-01,  1.0006527E+03,  3.8884867E+04,3,
  2.4413490E+02,  0.0000000E+00,  2.5459494E+02,3072,  1.3971722E+00,  0.0000000E+00,  2.0536055E-01,  1.0019418E+03,  1.1613220E+05,3,
  2.4541498E+02,  0.0000000E+00,  2.5723654E+02,2722,  3.2126138E+00,  0.0000000E+00, -2.6924571E-01,  1.0009875E+03,  5.8888219E+04,3,
  2.4559486E+02,  0.0000000E+00,  2.5477686E+02,2946,  2.6013510E+00,  0.0000000E+00,  4.5219338E-01,  1.0017768E+03,  1.0620934E+05,3,
  2.4753258E+02,  0.0000000E+00,  2.5591504E+02,2713,  3.1040833E+00,  0.0000000E+00,  2.0128451E-01,  1.0008527E+03,  5.0830992E+04,3,
  2.4789670E+02,  0.0000000E+00,  2.5514980E+02,2949,  2.4206281E+00,  0.0000000E+00, -6.9767147E-02,  1.0011251E+03,  6.7123672E+04,3,
  2.4819864E+02,  0.0000000E+00,  2.5801770E+02,3032,  4.0456562E+00,  0.0000000E+00, -9.0722287E-01,  1.0003757E+03,  2.2365475E+04,3,
  2.4849338E+02,  0.0000000E+00,  2.5391487E+02,2704,  1.4808695E+00,  0.0000000E+00, -1.1100019E+00,  1.0016384E+03,  9.7897688E+04,3,
  2.5013945E+02,  0.0000000E+00,  2.5721869E+02,2977,  3.8808331E+00,  0.0000000E+00,  4.6584673E-02,  1.0007784E+03,  4.6389168E+04,3,
  2.4930090E+02,  0.0000000E+00,  2.5349313E+02,2995,  1.4301499E+00,  0.0000000E+00, -1.8314738E+00,  1.0017646E+03,  1.0547946E+05,3,
  2.5049562E+02,  0.0000000E+00,  2.5338884E+02,2958,  1.1892624E+00,  0.0000000E+00, -1.7054031E+00,  9.9922607E+02, -4.5909336E+04,3,
  2.5393130E+02,  0.0000000E+00,  2.5618036E+02,3059,  2.4034970E+00,  0.0000000E+00,  2.0312874E+00,  1.0020793E+03,  1.2440753E+05,3,
  2.5365718E+02,  0.0000000E+00,  2.5577090E+02,2931,  2.2669985E+00,  0.0000000E+00,  1.1816517E+00,  1.0018310E+03,  1.0946695E+05,3,
  2.5215152E+02,  0.0000000E+00,  2.5294682E+02,2695,  1.5756953E+00,  0.0000000E+00,  1.3130608E+00,  1.0016171E+03,  9.6618742E+04,3,
  2.5269679E+02,  0.0000000E+00,  2.5253217E+02,3061,  1.8182503E+00,  0.0000000E+00,  9.8387253E-01,  1.0023259E+03,  1.3926362E+05,3,
  2.5024559E+02,  0.0000000E+00,  2.5222127E+02,3045, -3.1685418E-01,  0.0000000E+00, -5.1843274E-01,  1.0028138E+03,  1.6872427E+05,3,
  2.5190636E+02,  0.0000000E+00,  2.5688632E+02,2731,  3.0302858E+00,  0.0000000E+00, -2.7611225E+00,  1.0011655E+03,  6.9542641E+04,3,
  2.5433641E+02,  0.0000000E+00,  2.5289148E+02,2913,  1.5731854E+00,  0.0000000E+00,  4.8359156E-01,  1.0008945E+03,  5.3329934E+04,3,
  2.5564110E+02,  0.0000000E+00,  2.5533411E+02,2986,  3.9063103E+00,  0.0000000E+00,  3.5220206E-01,  1.0003058E+03,  1.8198102E+04,3,
  2.5519229E+02,  0.0000000E+00,  2.5292943E+02,2831,  9.9084902E-01,  0.0000000E+00,  2.0554100E-01,  1.0006010E+03,  3.5799504E+04,3,
  2.5762601E+02,  0.0000000E+00,  2.5808673E+02,3070,  3.4121904E+00,  0.0000000E+00,  5.5410987E-01,  1.0007895E+03,  4.7052762E+04,3,
  2.5891861E+02,  0.0000000E+00,  2.5752774E+02,2849,  3.4608083E+00,  0.0000000E+00, -2.2060779E-01,  1.0007847E+03,  4.6768359E+04,3,
  2.5622626E+02,  0.0000000E+00,  2.5294846E+02,2922,  6.8125272E-01,  0.0000000E+00, -4.9313162E-02,  1.0011304E+03,  6.7441539E+04,3,
  2.5801401E+02,  0.0000000E+00,  2.5522258E+02,2959,  1.0682883E+00,  0.0000000E+00,  7.6856747E-02,  1.0014453E+03,  8.6305156E+04,3,
  2.5710236E+02,  0.0000000E+00,  2.5232419E+02,3062,  1.1363968E+00,  0.0000000E+00,  2.3316671E-01,  1.0026260E+03,  1.5737059E+05,3,
  2.5963599E+02,  0.0000000E+00,  2.5530644E+02,3014,  1.8107722E+00,  0.0000000E+00, -6.3873269E-02,  1.0010305E+03,  6.1462211E+04,3,
  2.5859848E+02,  0.0000000E+00,  2.5289777E+02,2804,  1.5746298E+00,  0.0000000E+00,  1.5764669E-01,  1.0010755E+03,  6.4153742E+04,3,
  2.5972791E+02,  0.0000000E+00,  2.5288959E+02,2996,  1.4455354E+00,  0.0000000E+00,  4.8965536E-02,  1.0008360E+03,  4.9831594E+04,3,
  2.6062430E+02,  0.0000000E+00,  2.5276752E+02,2941,  1.2127302E+00,  0.0000000E+00,  7.8310288E-02,  1.0010252E+03,  6.1144531E+04,3,
  2.6154892E+02,  0.0000000E+00,  2.5556140E+02,2968,  1.8560520E+00,  0.0000000E+00, -2.7324811E-01,  1.0008275E+03,  4.9324637E+04,3,
  2.6199786E+02,  0.0000000E+00,  2.5770642E+02,3050,  2.6693068E+00,  0.0000000E+00,  6.7678422E-02,  1.0009207E+03,  5.4891633E+04,3,
  2.6158011E+02,  0.0000000E+00,  2.5275522E+02,2950,  1.2197164E+00,  0.0000000E+00,  6.1785489E-02,  1.0011587E+03,  6.9133352E+04,3,
  2.6266953E+02,  0.0000000E+00,  2.5268887E+02,2641,  1.5797368E+00,  0.0000000E+00,  1.1040462E-01,  1.0013733E+03,  8.1990234E+04,3,
  2.6314108E+02,  0.0000000E+00,  2.5570576E+02,3015,  1.6570984E+00,  0.0000000E+00, -9.3584105E-02,  1.0008760E+03,  5.2224484E+04,3,
  2.6366864E+02,  0.0000000E+00,  2.5291075E+02,2650,  1.6264485E+00,  0.0000000E+00, -9.5789433E-03,  1.0011658E+03,  6.9560914E+04,3,
  2.6597211E+02,  0.0000000E+00,  2.5704611E+02,3024,  2.0238483E+00,  0.0000000E+00, -1.8935554E-01,  1.0004614E+03,  2.7473436E+04,3,
  2.6488202E+02,  0.0000000E+00,  2.5270895E+02,3008,  1.5439198E+00,  0.0000000E+00, -7.0446573E-02,  1.0016717E+03,  9.9895227E+04,3,
  2.6499954E+02,  0.0000000E+00,  2.5565009E+02,3005,  1.1188111E+00,  0.0000000E+00,  1.3847630E-01,  1.0008754E+03,  5.2188004E+04,3,
  2.6606943E+02,  0.0000000E+00,  2.5282631E+02,2999,  1.4141067E+00,  0.0000000E+00, -1.1769611E-01,  1.0018179E+03,  1.0868180E+05,3,
  2.6735266E+02,  0.0000000E+00,  2.5594763E+02,2886,  1.2333666E+00,  0.0000000E+00,  8.2093753E-02,  1.0009265E+03,  5.5238305E+04,3,
  2.6729135E+02,  0.0000000E+00,  2.5257442E+02,3009,  1.3437552E+00,  0.0000000E+00,  2.0683004E-02,  1.0023098E+03,  1.3829216E+05,3,
  2.6909021E+02,  0.0000000E+00,  2.5808145E+02,3033,  2.5674982E+00,  0.0000000E+00,  4.0980956E-01,  1.0002529E+03,  1.5046461E+04,3,
  2.6890720E+02,  0.0000000E+00,  2.5253981E+02,2937,  2.0686791E+00,  0.0000000E+00,  3.5517637E-02,  1.0015208E+03,  9.0838016E+04,3,
  2.6871759E+02,  0.0000000E+00,  2.5569167E+02,2632,  1.2609712E+00,  0.0000000E+00,  4.7530836E-01,  1.0010742E+03,  6.4077039E+04,3,
  2.7024438E+02,  0.0000000E+00,  2.5283264E+02,2981,  1.1129736E+00,  0.0000000E+00,  6.4362794E-01,  1.0012047E+03,  7.1885438E+04,3,
  2.7031967E+02,  0.0000000E+00,  2.5320836E+02,2960,  6.4409405E-01,  0.0000000E+00,  6.4185596E-01,  1.0009597E+03,  5.7227344E+04,3,
  2.7066797E+02,  0.0000000E+00,  2.5705728E+02,2969,  1.5205195E+00,  0.0000000E+00,  6.0709906E-01,  1.0006624E+03,  3.9460520E+04,3,
  2.7094595E+02,  0.0000000E+00,  2.5370052E+02,2952,  8.3589453E-01,  0.0000000E+00,  1.0974513E+00,  1.0009263E+03,  5.5231008E+04,3,
  2.7391818E+02,  0.0000000E+00,  2.5614160E+02,2970,  2.1850603E+00,  0.0000000E+00, -3.8194719E-01,  1.0018613E+03,  1.1128698E+05,3,
  2.7237411E+02,  0.0000000E+00,  2.5456595E+02,2814,  2.1014307E+00,  0.0000000E+00,  1.1897436E+00,  1.0010740E+03,  6.4066082E+04,3,
  2.7307166E+02,  0.0000000E+00,  2.5521974E+02,2896,  1.8399433E+00,  0.0000000E+00,  4.0747288E-01,  1.0001154E+03,  6.8612310E+03,3,
  2.7319669E+02,  0.0000000E+00,  2.5795212E+02,2795,  2.1878190E+00,  0.0000000E+00,  1.7998359E-01,  9.9991205E+02, -5.2280454E+03,3,
  2.7513770E+02,  0.0000000E+00,  2.5490253E+02,2596,  1.7786360E+00,  0.0000000E+00, -4.7612721E-03,  1.0007661E+03,  4.5656348E+04,3,
  2.7716681E+02,  0.0000000E+00,  2.5747849E+02,2895,  2.6161194E+00,  0.0000000E+00,  5.7061410E-01,  9.9996899E+02, -1.8433732E+03,3,
  2.7631030E+02,  0.0000000E+00,  2.5539566E+02,2923,  1.4782003E+00,  0.0000000E+00,  1.8231098E-01,  1.0001177E+03,  6.9992305E+03,3,
  2.7692303E+02,  0.0000000E+00,  2.5448781E+02,2963,  1.5110854E+00,  0.0000000E+00,  1.3997909E-01,  1.0015579E+03,  9.3064922E+04,3,
  2.8059183E+02,  0.0000000E+00,  2.5741718E+02,2840,  2.3505468E+00,  0.0000000E+00,  3.9689198E-01,  1.0000412E+03,  2.4498945E+03,3,
  2.7829672E+02,  0.0000000E+00,  2.5485226E+02,2605,  1.4056804E+00,  0.0000000E+00,  3.0188954E-01,  1.0009683E+03,  5.7742004E+04,3,
  2.7947067E+02,  0.0000000E+00,  2.5492361E+02,2944,  1.6965667E+00,  0.0000000E+00,  3.5656753E-01,  1.0009570E+03,  5.7066746E+04,3,
  2.8080347E+02,  0.0000000E+00,  2.5477382E+02,2953,  1.3940711E+00,  0.0000000E+00,  2.2958165E-01,  1.0011564E+03,  6.8998141E+04,3,
  2.8052209E+02,  0.0000000E+00,  2.5795953E+02,2904,  2.4106853E+00,  0.0000000E+00,  3.4678963E-01,  1.0001307E+03,  7.7764209E+03,3,
  2.8285257E+02,  0.0000000E+00,  2.5807776E+02,2659,  2.3881545E+00,  0.0000000E+00,  2.6218155E-01,  1.0001584E+03,  9.4217959E+03,3,
  2.8306125E+02,  0.0000000E+00,  2.5536800E+02,3016,  2.0482445E+00,  0.0000000E+00, -1.1629038E-01,  1.0003987E+03,  2.3733162E+04,3,
  2.8230338E+02,  0.0000000E+00,  2.5459761E+02,2942,  1.0394441E+00,  0.0000000E+00,  2.2143340E-01,  1.0012637E+03,  7.5420773E+04,3,
  2.8523666E+02,  0.0000000E+00,  2.5797836E+02,2668,  2.1786816E+00,  0.0000000E+00,  2.8014323E-01,  1.0001184E+03,  7.0428096E+03,3,
  2.8416544E+02,  0.0000000E+00,  2.5511847E+02,2979,  1.3532044E+00,  0.0000000E+00,  7.0592453E-04,  1.0004495E+03,  2.6760201E+04,3,
  2.8495236E+02,  0.0000000E+00,  2.5522372E+02,2850,  1.1731111E+00,  0.0000000E+00,  4.5046829E-02,  1.0004177E+03,  2.4868193E+04,3,
  2.8588260E+02,  0.0000000E+00,  2.5463391E+02,2915,  1.5247407E+00,  0.0000000E+00,  1.2062972E-01,  1.0012012E+03,  7.1677086E+04,3,
  2.8718900E+02,  0.0000000E+00,  2.5477190E+02,2832,  1.2994562E+00,  0.0000000E+00,  1.7021517E-01,  1.0010173E+03,  6.0669859E+04,3,
  2.8820383E+02,  0.0000000E+00,  2.5505850E+02,2951,  1.3396664E+00,  0.0000000E+00,  2.4049550E-01,  1.0006019E+03,  3.5850496E+04,3,
  2.8787396E+02,  0.0000000E+00,  2.5796884E+02,3006,  2.0253289E+00,  0.0000000E+00,  2.4878578E-01,  1.0000759E+03,  4.5155356E+03,3,
  2.8664267E+02,  0.0000000E+00,  2.5800684E+02,3025,  2.0929668E+00,  0.0000000E+00,  2.9353344E-01,  1.0001008E+03,  5.9933315E+03,3,
  2.8895663E+02,  0.0000000E+00,  2.5802591E+02,3043,  2.0179930E+00,  0.0000000E+00,  1.1502683E-01,  1.0000744E+03,  4.4247690E+03,3,
  2.8922876E+02,  0.0000000E+00,  2.5510638E+02,2888,  1.3472947E+00,  0.0000000E+00,  2.7237597E-01,  1.0005995E+03,  3.5712094E+04,3,
  2.9028732E+02,  0.0000000E+00,  2.5472664E+02,2569,  1.2620311E+00,  0.0000000E+00,  2.8696913E-01,  1.0011757E+03,  7.0149305E+04,3,
  2.9105283E+02,  0.0000000E+00,  2.5777319E+02,2987,  2.1043193E+00,  0.0000000E+00, -2.0518363E-01,  9.9997961E+02, -1.2120201E+03,3,
  2.9318658E+02,  0.0000000E+00,  2.5737711E+02,2914,  2.4305668E+00,  0.0000000E+00, -4.3009603E-01,  9.9993658E+02, -3.7698396E+03,3,
  2.9146997E+02,  0.0000000E+00,  2.5496458E+02,2723,  1.7712116E+00,  0.0000000E+00,  1.6410740E-01,  1.0009396E+03,  5.6026574E+04,3,
  2.9280081E+02,  0.0000000E+00,  2.5499284E+02,2906,  1.4997084E+00,  0.0000000E+00, -9.2782140E-02,  1.0007243E+03,  4.3159328E+04,3,
  2.9375897E+02,  0.0000000E+00,  2.5518762E+02,2877,  1.6590416E+00,  0.0000000E+00, -2.9842803E-01,  1.0006516E+03,  3.8819289E+04,3,
  2.9007141E+02,  0.0000000E+00,  2.5802869E+02,2813,  2.0538917E+00,  0.0000000E+00, -6.4843155E-02,  1.0000612E+03,  3.6369502E+03,3,
  2.9490677E+02,  0.0000000E+00,  2.5779022E+02,3035,  2.3978703E+00,  0.0000000E+00, -4.7406742E-01,  1.0001546E+03,  9.1965850E+03,3,
  2.9272849E+02,  0.0000000E+00,  2.5804269E+02,3044,  2.1675568E+00,  0.0000000E+00, -4.3902856E-01,  1.0001039E+03,  6.1785254E+03,3,
  2.9507755E+02,  0.0000000E+00,  2.5478932E+02,2878,  2.0965259E+00,  0.0000000E+00, -5.5077153E-01,  1.0008116E+03,  4.8372793E+04,3,
  2.9523621E+02,  0.0000000E+00,  2.5315790E+02,2910,  1.0181845E+00,  0.0000000E+00, -4.7942531E-01,  1.0011116E+03,  6.6316258E+04,3,
  2.9599799E+02,  0.0000000E+00,  2.5731958E+02,2932,  2.3673208E+00,  0.0000000E+00, -3.9258474E-01,  1.0001234E+03,  7.3406055E+03,3,
  2.9695255E+02,  0.0000000E+00,  2.5704370E+02,2997,  2.2727578E+00,  0.0000000E+00, -3.3933225E-01,  1.0001701E+03,  1.0119255E+04,3,
  2.9627466E+02,  0.0000000E+00,  2.5281982E+02,2919,  7.2101170E-01,  0.0000000E+00, -2.3833922E-01,  1.0013841E+03,  8.2637898E+04,3,
  2.9781833E+02,  0.0000000E+00,  2.5669604E+02,2868,  2.1372907E+00,  0.0000000E+00, -4.0581149E-01,  1.0002737E+03,  1.6289549E+04,3,
  2.9678317E+02,  0.0000000E+00,  2.5266423E+02,2856,  1.0346754E+00,  0.0000000E+00, -6.9190532E-02,  1.0018411E+03,  1.1007604E+05,3,
  2.9956281E+02,  0.0000000E+00,  2.5544757E+02,2907,  2.3261313E+00,  0.0000000E+00, -1.2602800E-01,  1.0005275E+03,  3.1411703E+04,3,
  3.0112485E+02,  0.0000000E+00,  2.5246565E+02,2924,  1.0661454E+00,  0.0000000E+00, -4.7447267E-01,  1.0005978E+03,  3.5610117E+04,3,
  3.0043793E+02,  0.0000000E+00,  2.5318140E+02,2860,  1.1030076E+00,  0.0000000E+00, -6.2743746E-02,  1.0008012E+03,  4.7752867E+04,3,
  2.9879099E+02,  0.0000000E+00,  2.5282590E+02,2784,  1.9414233E+00,  0.0000000E+00, -4.0474463E-01,  1.0019562E+03,  1.1699872E+05,3,
  3.0133670E+02,  0.0000000E+00,  2.5684543E+02,2978,  2.5831623E+00,  0.0000000E+00, -7.7601606E-03,  1.0003627E+03,  2.1587143E+04,3,
  3.0001694E+02,  0.0000000E+00,  2.5693634E+02,2905,  2.3314469E+00,  0.0000000E+00, -3.1313580E-01,  1.0003511E+03,  2.0896148E+04,3,
  2.9885587E+02,  0.0000000E+00,  2.5753134E+02,3036,  2.0045040E+00,  0.0000000E+00, -3.1914279E-01,  1.0002753E+03,  1.6380425E+04,3,
  3.0241141E+02,  0.0000000E+00,  2.5483746E+02,2916,  1.8109571E+00,  0.0000000E+00,  3.2016009E-01,  1.0008303E+03,  4.9488754E+04,3,
  3.0268036E+02,  0.0000000E+00,  2.5695062E+02,2943,  2.4911895E+00,  0.0000000E+00,  4.0581140E-01,  1.0003102E+03,  1.8459875E+04,3,
  3.0349820E+02,  0.0000000E+00,  2.5768759E+02,3026,  2.3372474E+00,  0.0000000E+00,  4.7823226E-01,  1.0001212E+03,  7.2062334E+03,3,
  3.0443152E+02,  0.0000000E+00,  2.5772214E+02,3017,  2.2499402E+00,  0.0000000E+00,  5.7978201E-01,  1.0000842E+03,  5.0056890E+03,3,
  3.0361227E+02,  0.0000000E+00,  2.5344881E+02,2971,  1.3537792E+00,  0.0000000E+00,  6.7514294E-01,  1.0007535E+03,  4.4905352E+04,3,
  3.0525031E+02,  0.0000000E+00,  2.5592647E+02,2988,  2.2379913E+00,  0.0000000E+00, -3.5717636E-01,  1.0008441E+03,  5.0316691E+04,3,
  3.0717264E+02,  0.0000000E+00,  2.5796011E+02,2786,  1.8044508E+00,  0.0000000E+00,  1.7586546E-01,  1.0001784E+03,  1.0613319E+04,3,
  3.0502719E+02,  0.0000000E+00,  2.5417218E+02,2851,  7.6875985E-01,  0.0000000E+00, -2.0847876E-01,  1.0011981E+03,  7.1494328E+04,3,
  3.0657657E+02,  0.0000000E+00,  2.5360323E+02,2889,  1.8098016E+00,  0.0000000E+00, -3.0953061E-02,  1.0008699E+03,  5.1859680E+04,3,
  3.0817050E+02,  0.0000000E+00,  2.5814758E+02,3007,  1.8625088E+00,  0.0000000E+00, -9.4893046E-02,  1.0002057E+03,  1.2237363E+04,3,
  3.0783261E+02,  0.0000000E+00,  2.5517964E+02,2933,  1.5032562E+00,  0.0000000E+00,  4.1509390E-01,  1.0007785E+03,  4.6396461E+04,3,
  3.0862457E+02,  0.0000000E+00,  2.5375610E+02,2750,  1.4700547E+00,  0.0000000E+00, -8.8325828E-02,  1.0009553E+03,  5.6964547E+04,3,
  3.1034021E+02,  0.0000000E+00,  2.5737555E+02,2759,  2.2878439E+00,  0.0000000E+00, -3.3609900E-01,  1.0003139E+03,  1.8681660E+04,3,
  3.0996204E+02,  0.0000000E+00,  2.5533875E+02,2897,  1.5641204E+00,  0.0000000E+00,  1.1523847E-02,  1.0007298E+03,  4.3487367E+04,3,
  3.1039365E+02,  0.0000000E+00,  2.5368230E+02,2777,  1.2612425E+00,  0.0000000E+00, -1.6346893E-01,  1.0011486E+03,  6.8530406E+04,3,
  3.1395044E+02,  0.0000000E+00,  2.5780240E+02,2623,  2.1210144E+00,  0.0000000E+00, -1.3492294E-01,  1.0002450E+03,  1.4577617E+04,3,
  3.1285626E+02,  0.0000000E+00,  2.5533539E+02,2768,  1.7854488E+00,  0.0000000E+00, -1.6179579E-01,  1.0007390E+03,  4.4037770E+04,3,
  3.1223477E+02,  0.0000000E+00,  2.5375456E+02,2778,  1.4188868E+00,  0.0000000E+00, -1.0496832E-01,  1.0009769E+03,  5.8253039E+04,3,
  3.1412509E+02,  0.0000000E+00,  2.5403569E+02,2891,  1.4871095E+00,  0.0000000E+00, -1.7130081E-01,  1.0010196E+03,  6.0808609E+04,3,
  3.1289212E+02,  0.0000000E+00,  2.5767474E+02,2989,  2.1302960E+00,  0.0000000E+00, -8.4975496E-02,  1.0002661E+03,  1.5835186E+04,3,
  3.1165543E+02,  0.0000000E+00,  2.5763004E+02,2998,  2.2550611E+00,  0.0000000E+00, -1.4901547E-01,  1.0002843E+03,  1.6918422E+04,3,
  3.1540186E+02,  0.0000000E+00,  2.5427385E+02,2551,  1.5861386E+00,  0.0000000E+00, -2.1720330E-01,  1.0009305E+03,  5.5479160E+04,3,
  3.1607034E+02,  0.0000000E+00,  2.5798163E+02,2614,  2.2971735E+00,  0.0000000E+00, -2.5835806E-01,  1.0002131E+03,  1.2680661E+04,3,
  3.1627188E+02,  0.0000000E+00,  2.5609949E+02,2859,  1.7506174E+00,  0.0000000E+00, -5.3398800E-01,  1.0005715E+03,  3.4036867E+04,3,
  3.1682999E+02,  0.0000000E+00,  2.5371431E+02,2515,  1.6818191E+00,  0.0000000E+00, -2.9193422E-01,  1.0009872E+03,  5.8873617E+04,3,
  3.1822977E+02,  0.0000000E+00,  2.5515184E+02,2880,  1.8192606E+00,  0.0000000E+00,  1.2766184E-01,  1.0007661E+03,  4.5652703E+04,3,
  3.1892902E+02,  0.0000000E+00,  2.5770743E+02,2961,  2.0739105E+00,  0.0000000E+00, -1.6412528E-01,  1.0002776E+03,  1.6522191E+04,3,
  3.1880933E+02,  0.0000000E+00,  2.5368921E+02,2844,  1.6885741E+00,  0.0000000E+00, -1.3680536E-01,  1.0010864E+03,  6.4807562E+04,3,
  3.2106668E+02,  0.0000000E+00,  2.5744977E+02,2925,  2.2014489E+00,  0.0000000E+00, -1.0287988E-01,  1.0003221E+03,  1.9168879E+04,3,
  3.2024670E+02,  0.0000000E+00,  2.5501688E+02,2587,  1.7759084E+00,  0.0000000E+00, -2.1689951E-02,  1.0007351E+03,  4.3804484E+04,3,
  3.2115247E+02,  0.0000000E+00,  2.5385364E+02,2898,  1.7560868E+00,  0.0000000E+00, -1.6359822E-01,  1.0009064E+03,  5.4041426E+04,3,
  3.1998502E+02,  0.0000000E+00,  2.5818005E+02,3000,  2.1726961E+00,  0.0000000E+00, -1.6340393E-01,  1.0002158E+03,  1.2840543E+04,3,
  3.2224045E+02,  0.0000000E+00,  2.5813840E+02,2990,  2.2419136E+00,  0.0000000E+00, -9.2109971E-02,  1.0002214E+03,  1.3171218E+04,3,
  3.2249234E+02,  0.0000000E+00,  2.5516963E+02,2833,  1.7447701E+00,  0.0000000E+00, -3.8773544E-02,  1.0007471E+03,  4.4522586E+04,3,
  3.2342374E+02,  0.0000000E+00,  2.5774969E+02,2741,  2.2064617E+00,  0.0000000E+00, -4.7100380E-02,  1.0002686E+03,  1.5984215E+04,3,
  3.2318707E+02,  0.0000000E+00,  2.5375739E+02,2853,  1.7127861E+00,  0.0000000E+00, -9.0312324E-02,  1.0009145E+03,  5.4523082E+04,3,
  3.2464557E+02,  0.0000000E+00,  2.5815033E+02,2973,  2.1968243E+00,  0.0000000E+00, -4.2337522E-02,  1.0002244E+03,  1.3349278E+04,3,
  3.2447269E+02,  0.0000000E+00,  2.5499190E+02,2714,  1.7236114E+00,  0.0000000E+00,  4.4633262E-02,  1.0007392E+03,  4.4048707E+04,3,
  3.2558981E+02,  0.0000000E+00,  2.5760413E+02,2972,  2.2242527E+00,  0.0000000E+00, -2.9083004E-02,  1.0002892E+03,  1.7212879E+04,3,
  3.2532138E+02,  0.0000000E+00,  2.5383438E+02,2797,  1.6870241E+00,  0.0000000E+00, -4.8579797E-02,  1.0009831E+03,  5.8625379E+04,3,
  3.2688330E+02,  0.0000000E+00,  2.5746777E+02,2841,  2.2643445E+00,  0.0000000E+00,  1.8761277E-02,  1.0003232E+03,  1.9237963E+04,3,
  3.2797818E+02,  0.0000000E+00,  2.5803470E+02,2982,  2.2148619E+00,  0.0000000E+00,  6.8529435E-02,  1.0002344E+03,  1.3945258E+04,3,
  3.2673441E+02,  0.0000000E+00,  2.5493159E+02,2917,  1.6737460E+00,  0.0000000E+00, -6.8046041E-02,  1.0007308E+03,  4.3545688E+04,3,
  3.2759128E+02,  0.0000000E+00,  2.5384477E+02,2779,  1.7075938E+00,  0.0000000E+00, -5.7084493E-02,  1.0008243E+03,  4.9134988E+04,3,
  3.2889462E+02,  0.0000000E+00,  2.5484711E+02,2742,  1.5755022E+00,  0.0000000E+00, -4.2026667E-03,  1.0006935E+03,  4.1318863E+04,3,
  3.2911041E+02,  0.0000000E+00,  2.5752130E+02,2869,  2.1603193E+00,  0.0000000E+00,  8.4938526E-02,  1.0003177E+03,  1.8910723E+04,3,
  3.2973199E+02,  0.0000000E+00,  2.5368503E+02,2861,  1.6423563E+00,  0.0000000E+00,  3.9667733E-02,  1.0008513E+03,  5.0743449E+04,3,
  3.3032004E+02,  0.0000000E+00,  2.5789749E+02,2962,  2.1409752E+00,  0.0000000E+00,  6.6746280E-02,  1.0002272E+03,  1.3516439E+04,3,
  3.3135434E+02,  0.0000000E+00,  2.5728879E+02,2887,  2.1431367E+00,  0.0000000E+00,  1.6579574E-02,  1.0003420E+03,  2.0354299E+04,3,
  3.3089563E+02,  0.0000000E+00,  2.5477158E+02,2823,  1.5894190E+00,  0.0000000E+00,  2.9174475E-02,  1.0007367E+03,  4.3899258E+04,3,
  3.3249640E+02,  0.0000000E+00,  2.5781201E+02,2954,  2.1351199E+00,  0.0000000E+00,  3.0576413E-02,  1.0002350E+03,  1.3985233E+04,3,
  3.3199289E+02,  0.0000000E+00,  2.5385712E+02,2651,  1.5927033E+00,  0.0000000E+00,  4.9453210E-02,  1.0009609E+03,  5.7296691E+04,3,
  3.3368054E+02,  0.0000000E+00,  2.5758481E+02,2842,  2.1328497E+00,  0.0000000E+00,  2.6711004E-02,  1.0002881E+03,  1.7147443E+04,3,
  3.3329770E+02,  0.0000000E+00,  2.5497314E+02,2935,  1.6196955E+00,  0.0000000E+00, -1.4892530E-01,  1.0007352E+03,  4.3808129E+04,3,
  3.3486197E+02,  0.0000000E+00,  2.5796466E+02,2955,  2.1217678E+00,  0.0000000E+00,  3.2245301E-02,  1.0002505E+03,  1.4904715E+04,3,
  3.3427780E+02,  0.0000000E+00,  2.5389511E+02,2864,  1.6172140E+00,  0.0000000E+00, -3.7928831E-02,  1.0008310E+03,  4.9532520E+04,3,
  3.3550333E+02,  0.0000000E+00,  2.5523595E+02,2835,  1.6274796E+00,  0.0000000E+00, -1.0805430E-02,  1.0006790E+03,  4.0451594E+04,3,
  3.3617947E+02,  0.0000000E+00,  2.5792230E+02,2964,  2.1022251E+00,  0.0000000E+00,  2.9195225E-02,  1.0002637E+03,  1.5689794E+04,3,
  3.3620920E+02,  0.0000000E+00,  2.5381480E+02,2824,  1.5570345E+00,  0.0000000E+00,  1.9881200E-02,  1.0007848E+03,  4.6772004E+04,3,
  3.3743967E+02,  0.0000000E+00,  2.5776126E+02,2934,  2.0814736E+00,  0.0000000E+00,  2.6440646E-02,  1.0002655E+03,  1.5798838E+04,3,
  3.3742062E+02,  0.0000000E+00,  2.5489961E+02,2615,  1.5573063E+00,  0.0000000E+00, -4.8473194E-02,  1.0006873E+03,  4.0947168E+04,3,
  3.3859686E+02,  0.0000000E+00,  2.5755353E+02,2732,  2.0629644E+00,  0.0000000E+00,  2.8153310E-02,  1.0002775E+03,  1.6511285E+04,3,
  3.3839752E+02,  0.0000000E+00,  2.5385097E+02,2669,  1.5477812E+00,  0.0000000E+00,  2.2052994E-03,  1.0008373E+03,  4.9911832E+04,3,
  3.3982159E+02,  0.0000000E+00,  2.5758917E+02,2578,  2.0703781E+00,  0.0000000E+00,  4.1548003E-02,  1.0002632E+03,  1.5664351E+04,3,
  3.4101865E+02,  0.0000000E+00,  2.5781961E+02,2945,  2.0490143E+00,  0.0000000E+00,  6.2303185E-02,  1.0002490E+03,  1.4817487E+04,3,
  3.3968567E+02,  0.0000000E+00,  2.5505786E+02,2687,  1.4905443E+00,  0.0000000E+00, -7.2505914E-02,  1.0006875E+03,  4.0961742E+04,3,
  3.4048157E+02,  0.0000000E+00,  2.5383328E+02,2743,  1.5379779E+00,  0.0000000E+00,  2.7388360E-02,  1.0009203E+03,  5.4873391E+04,3,
  3.4232016E+02,  0.0000000E+00,  2.5782687E+02,2936,  1.9928851E+00,  0.0000000E+00,  7.0142165E-02,  1.0002455E+03,  1.4606691E+04,3,
  3.4186462E+02,  0.0000000E+00,  2.5500627E+02,2470,  1.5167409E+00,  0.0000000E+00, -4.1075621E-02,  1.0007121E+03,  4.2430391E+04,3,
  3.4273648E+02,  0.0000000E+00,  2.5389957E+02,2724,  1.4894878E+00,  0.0000000E+00, -9.2583513E-03,  1.0008529E+03,  5.0841938E+04,3,
  3.4343109E+02,  0.0000000E+00,  2.5743378E+02,2705,  1.9701648E+00,  0.0000000E+00,  5.6670096E-02,  1.0002982E+03,  1.7747287E+04,3,
  3.4410443E+02,  0.0000000E+00,  2.5485150E+02,2815,  1.4483417E+00,  0.0000000E+00,  1.1390440E-02,  1.0007153E+03,  4.2619910E+04,3,
  3.4468362E+02,  0.0000000E+00,  2.5765472E+02,2560,  1.9599479E+00,  0.0000000E+00,  3.9360274E-02,  1.0002452E+03,  1.4592154E+04,3,
  3.4572824E+02,  0.0000000E+00,  2.5758542E+02,2796,  1.9763511E+00,  0.0000000E+00,  2.5536612E-02,  1.0002454E+03,  1.4599423E+04,3,
  3.4495346E+02,  0.0000000E+00,  2.5378642E+02,2642,  1.3583664E+00,  0.0000000E+00,  3.4012396E-02,  1.0008008E+03,  4.7727344E+04,3,
  3.4697659E+02,  0.0000000E+00,  2.5737991E+02,2805,  1.9903680E+00,  0.0000000E+00,  2.2981502E-02,  1.0002765E+03,  1.6453125E+04,3,
  3.4808859E+02,  0.0000000E+00,  2.5777188E+02,2926,  1.9622544E+00,  0.0000000E+00,  2.7586162E-02,  1.0002396E+03,  1.4257798E+04,3,
  3.4650674E+02,  0.0000000E+00,  2.5505597E+02,2806,  1.3966879E+00,  0.0000000E+00, -8.0205798E-02,  1.0006814E+03,  4.0597348E+04,3,
  3.4691690E+02,  0.0000000E+00,  2.5387462E+02,2488,  1.3589495E+00,  0.0000000E+00, -2.5078639E-02,  1.0008328E+03,  4.9638289E+04,3,
  3.4912982E+02,  0.0000000E+00,  2.5520461E+02,2870,  1.3846235E+00,  0.0000000E+00,  4.6147294E-03,  1.0006679E+03,  3.9792082E+04,3,
  3.4870239E+02,  0.0000000E+00,  2.5385783E+02,2817,  1.3483889E+00,  0.0000000E+00, -8.7776437E-02,  1.0008580E+03,  5.1148344E+04,3,
  3.4946649E+02,  0.0000000E+00,  2.5803717E+02,2928,  1.8912646E+00,  0.0000000E+00,  4.5812558E-03,  1.0002317E+03,  1.3785357E+04,3,
  3.5046732E+02,  0.0000000E+00,  2.5738376E+02,2899,  2.0178003E+00,  0.0000000E+00,  5.0533302E-03,  1.0002767E+03,  1.6464029E+04,3,
  3.5048898E+02,  0.0000000E+00,  2.5395697E+02,2836,  1.2732130E+00,  0.0000000E+00,  9.5465496E-02,  1.0008197E+03,  4.8857820E+04,3,
  3.5191248E+02,  0.0000000E+00,  2.5799692E+02,2900,  1.9204177E+00,  0.0000000E+00, -4.4137063E-03,  1.0002324E+03,  1.3825332E+04,3,
  3.5160464E+02,  0.0000000E+00,  2.5532584E+02,2660,  1.5128857E+00,  0.0000000E+00,  1.0111095E-02,  1.0006426E+03,  3.8283746E+04,3,
  3.5325870E+02,  0.0000000E+00,  2.5790961E+02,2927,  2.0236902E+00,  0.0000000E+00,  1.6239772E-02,  1.0002350E+03,  1.3981600E+04,3,
  3.5235275E+02,  0.0000000E+00,  2.5375517E+02,2479,  1.1443421E+00,  0.0000000E+00,  1.1272823E-02,  1.0008903E+03,  5.3078188E+04,3,
  3.5372690E+02,  0.0000000E+00,  2.5591170E+02,2706,  1.7606596E+00,  0.0000000E+00,  1.2220129E-01,  1.0005216E+03,  3.1062221E+04,3,
  3.5485211E+02,  0.0000000E+00,  2.5777478E+02,2533,  1.9995446E+00,  0.0000000E+00,  6.2328480E-02,  1.0002543E+03,  1.5133689E+04,3,
  3.5397922E+02,  0.0000000E+00,  2.5403893E+02,2788,  1.0797701E+00,  0.0000000E+00, -2.0379293E-01,  1.0008149E+03,  4.8573363E+04,3,
  3.5535205E+02,  0.0000000E+00,  2.5461588E+02,2733,  1.2696770E+00,  0.0000000E+00,  3.6086833E-01,  1.0006395E+03,  3.8094312E+04,3,
  3.5635083E+02,  0.0000000E+00,  2.5805045E+02,2901,  2.0490499E+00,  0.0000000E+00,  9.7149543E-02,  1.0002155E+03,  1.2822375E+04,3,
  3.5628995E+02,  0.0000000E+00,  2.5372740E+02,2734,  9.1730499E-01,  0.0000000E+00, -2.1065368E-01,  1.0008033E+03,  4.7880496E+04,3,
  3.6066260E+02,  0.0000000E+00,  2.5152328E+02,2710,  3.7710986E-01,  0.0000000E+00,  4.9976331E-01,  1.0008013E+03,  4.7760160E+04,3,
  3.5681720E+02,  0.0000000E+00,  2.5731247E+02,2769,  1.9802997E+00,  0.0000000E+00,  1.3369524E-01,  1.0002647E+03,  1.5751585E+04,3,
  3.6158093E+02,  0.0000000E+00,  2.5199765E+02,2598,  1.6347696E+00,  0.0000000E+00,  1.2381880E+00,  1.0013196E+03,  7.8770805E+04,3,
  3.5781726E+02,  0.0000000E+00,  2.5599146E+02,2678,  1.6277211E+00,  0.0000000E+00, -7.1926288E-02,  1.0004741E+03,  2.8230395E+04,3,
  3.5877240E+02,  0.0000000E+00,  2.5793265E+02,2524,  2.0231087E+00,  0.0000000E+00,  9.0410210E-02,  1.0002001E+03,  1.1906720E+04,3,
  3.5763480E+02,  0.0000000E+00,  2.5395306E+02,2707,  8.4225929E-01,  0.0000000E+00,  4.6168264E-02,  1.0009341E+03,  5.5694473E+04,3,
  3.6026965E+02,  0.0000000E+00,  2.5797296E+02,2882,  2.0496452E+00,  0.0000000E+00,  5.1732257E-02,  1.0002025E+03,  1.2044789E+04,3,
  3.6020923E+02,  0.0000000E+00,  2.5628613E+02,2624,  1.7508955E+00,  0.0000000E+00,  4.4015419E-01,  1.0002877E+03,  1.7118361E+04,3,
  3.6173856E+02,  0.0000000E+00,  2.5791541E+02,2871,  2.2337613E+00,  0.0000000E+00, -1.5145381E-02,  1.0002177E+03,  1.2949556E+04,3,
  3.5900076E+02,  0.0000000E+00,  2.5394513E+02,2789,  1.0568166E+00,  0.0000000E+00,  3.4869832E-01,  1.0010605E+03,  6.3255266E+04,3,
  3.6078824E+02,  0.0000000E+00,  2.5467746E+02,2570,  1.2441034E+00,  0.0000000E+00,  2.7305561E-01,  1.0008560E+03,  5.1024320E+04,3,
  3.6238617E+02,  0.0000000E+00,  2.5507933E+02,2799,  1.4648995E+00,  0.0000000E+00,  3.0560234E-01,  1.0007307E+03,  4.3538398E+04,3,
  3.6303424E+02,  0.0000000E+00,  2.5308574E+02,2626,  1.1462188E+00,  0.0000000E+00, -9.0441503E-02,  1.0007881E+03,  4.6972547E+04,3,
  3.6335837E+02,  0.0000000E+00,  2.5683429E+02,2790,  2.0776861E+00,  0.0000000E+00,  5.6696478E-03,  1.0002355E+03,  1.4014307E+04,3,
  3.6354074E+02,  0.0000000E+00,  2.5795642E+02,2873,  2.3682368E+00,  0.0000000E+00, -1.0643947E-01,  1.0002154E+03,  1.2815107E+04,3,
  3.6490057E+02,  0.0000000E+00,  2.5558145E+02,2735,  2.0156929E+00,  0.0000000E+00,  2.7845848E-01,  1.0004178E+03,  2.4875469E+04,3,
  3.6534500E+02,  0.0000000E+00,  2.5753064E+02,2890,  2.0749323E+00,  0.0000000E+00, -3.0718687E-01,  1.0002462E+03,  1.4650305E+04,3,
  3.6396973E+02,  0.0000000E+00,  2.5308139E+02,2507,  8.8966727E-01,  0.0000000E+00, -9.7259603E-02,  1.0009590E+03,  5.7187191E+04,3,
  3.6639328E+02,  0.0000000E+00,  2.5646863E+02,2827,  2.1735179E+00,  0.0000000E+00, -5.0410461E-01,  1.0003479E+03,  2.0707043E+04,3,
  3.6758932E+02,  0.0000000E+00,  2.5755295E+02,2892,  2.2227967E+00,  0.0000000E+00, -4.6947941E-01,  1.0002590E+03,  1.5413556E+04,3,
  3.6513828E+02,  0.0000000E+00,  2.5291295E+02,2617,  9.5015645E-01,  0.0000000E+00, -1.3168393E-02,  1.0012278E+03,  7.3274562E+04,3,
  3.6789273E+02,  0.0000000E+00,  2.5610699E+02,2826,  2.8456044E+00,  0.0000000E+00, -6.5922457E-01,  1.0005488E+03,  3.2685969E+04,3,
  3.6934314E+02,  0.0000000E+00,  2.5706573E+02,2506,  2.4480371E+00,  0.0000000E+00, -1.2313835E-01,  1.0003779E+03,  2.2492777E+04,3,
  3.6638882E+02,  0.0000000E+00,  2.5276659E+02,2580,  1.1075779E+00,  0.0000000E+00,  1.6863491E-02,  1.0011791E+03,  7.0353969E+04,3,
  3.6722757E+02,  0.0000000E+00,  2.5325711E+02,2781,  1.0189186E+00,  0.0000000E+00, -4.4502873E-02,  1.0002155E+03,  1.2818741E+04,3,
  3.6768082E+02,  0.0000000E+00,  2.5280058E+02,2480,  9.3626189E-01,  0.0000000E+00,  8.6513489E-02,  1.0009672E+03,  5.7672648E+04,3,
  3.6933517E+02,  0.0000000E+00,  2.5338742E+02,2534,  1.4630011E+00,  0.0000000E+00, -1.3299042E-01,  1.0007201E+03,  4.2907840E+04,3,
  3.6950858E+02,  0.0000000E+00,  2.5256870E+02,2389,  1.4839283E+00,  0.0000000E+00,  2.1929029E-02,  1.0015276E+03,  9.1244539E+04,3,
  3.7050992E+02,  0.0000000E+00,  2.5711786E+02,2760,  2.3838251E+00,  0.0000000E+00,  1.3982023E-01,  1.0003015E+03,  1.7939971E+04,3,
  3.7122375E+02,  0.0000000E+00,  2.5647610E+02,2834,  2.1872072E+00,  0.0000000E+00,  2.2126867E-01,  1.0005471E+03,  3.2580381E+04,3,
  3.7101950E+02,  0.0000000E+00,  2.5299971E+02,2645,  1.2508459E+00,  0.0000000E+00, -9.7979628E-02,  1.0008253E+03,  4.9189695E+04,3,
  3.7295789E+02,  0.0000000E+00,  2.5747678E+02,2874,  2.4884293E+00,  0.0000000E+00,  2.4378760E-01,  1.0002141E+03,  1.2738800E+04,3,
  3.7297375E+02,  0.0000000E+00,  2.5608319E+02,2652,  2.2425847E+00,  0.0000000E+00,  1.3375308E-01,  1.0004647E+03,  2.7669947E+04,3,
  3.7183295E+02,  0.0000000E+00,  2.5299628E+02,2736,  1.1674589E+00,  0.0000000E+00,  5.5748492E-02,  1.0007218E+03,  4.3009895E+04,3,
  3.7443304E+02,  0.0000000E+00,  2.5705042E+02,2863,  2.2573779E+00,  0.0000000E+00,  2.1493833E-01,  1.0002645E+03,  1.5737046E+04,3,
  3.7272867E+02,  0.0000000E+00,  2.5273033E+02,2745,  1.1743897E+00,  0.0000000E+00,  1.0543571E-01,  1.0010442E+03,  6.2280184E+04,3,
  3.7547046E+02,  0.0000000E+00,  2.5592743E+02,2771,  2.1634359E+00,  0.0000000E+00, -1.2963392E-01,  1.0004413E+03,  2.6272611E+04,3,
  3.7590387E+02,  0.0000000E+00,  2.5734415E+02,2854,  2.1191440E+00,  0.0000000E+00,  1.1803120E-01,  1.0002231E+03,  1.3272967E+04,3,
  3.7350931E+02,  0.0000000E+00,  2.5308171E+02,2688,  1.3154033E+00,  0.0000000E+00,  1.6502570E-01,  1.0005611E+03,  3.3417836E+04,3,
  3.7447296E+02,  0.0000000E+00,  2.5300661E+02,2699,  1.3005660E+00,  0.0000000E+00,  9.0162612E-02,  1.0007023E+03,  4.1847277E+04,3,
  3.7497858E+02,  0.0000000E+00,  2.5335127E+02,2689,  1.2322450E+00,  0.0000000E+00, -1.3298042E-02,  1.0005229E+03,  3.1138668E+04,3,
  3.7662543E+02,  0.0000000E+00,  2.5232097E+02,2685,  1.2517066E+00,  0.0000000E+00,  5.7729799E-03,  1.0024048E+03,  1.4401927E+05,3,
  3.7701126E+02,  0.0000000E+00,  2.5697006E+02,2843,  2.0560315E+00,  0.0000000E+00,  3.1586774E-02,  1.0002634E+03,  1.5671620E+04,3,
  3.7850949E+02,  0.0000000E+00,  2.5699802E+02,2751,  2.2715416E+00,  0.0000000E+00, -4.6892159E-02,  1.0002246E+03,  1.3363813E+04,3,
  3.7836053E+02,  0.0000000E+00,  2.5604385E+02,2808,  2.0505457E+00,  0.0000000E+00,  4.4079963E-02,  1.0004496E+03,  2.6771117E+04,3,
  3.7762399E+02,  0.0000000E+00,  2.5317618E+02,2674,  1.1790954E+00,  0.0000000E+00,  2.2506403E-02,  1.0010026E+03,  5.9793602E+04,3,
  3.8003244E+02,  0.0000000E+00,  2.5704068E+02,2855,  2.2412570E+00,  0.0000000E+00, -4.7744688E-02,  1.0002568E+03,  1.5279073E+04,3,
  3.7885358E+02,  0.0000000E+00,  2.5300816E+02,2646,  1.2850462E+00,  0.0000000E+00,  4.2143304E-02,  1.0008103E+03,  4.8296211E+04,3,
  3.8080789E+02,  0.0000000E+00,  2.5642297E+02,2807,  2.1982269E+00,  0.0000000E+00, -1.5983365E-02,  1.0003669E+03,  2.1841730E+04,3,
  3.8238647E+02,  0.0000000E+00,  2.5727960E+02,2865,  2.2483754E+00,  0.0000000E+00,  2.1989768E-02,  1.0002397E+03,  1.4261433E+04,3,
  3.8247565E+02,  0.0000000E+00,  2.5608795E+02,2770,  2.2148669E+00,  0.0000000E+00,  9.2189901E-02,  1.0003915E+03,  2.3303920E+04,3,
  3.7989014E+02,  0.0000000E+00,  2.5312598E+02,2680,  1.2764616E+00,  0.0000000E+00,  3.8706422E-02,  1.0006017E+03,  3.5843211E+04,3,
  3.8038611E+02,  0.0000000E+00,  2.5279341E+02,2711,  1.2449102E+00,  0.0000000E+00,  5.8130838E-02,  1.0009481E+03,  5.6533871E+04,3,
  3.8148151E+02,  0.0000000E+00,  2.5299394E+02,2516,  1.2970876E+00,  0.0000000E+00,  5.3662837E-02,  1.0006902E+03,  4.1122082E+04,3,
  3.8234390E+02,  0.0000000E+00,  2.5281268E+02,2635,  1.2945511E+00,  0.0000000E+00,  8.3171546E-02,  1.0009006E+03,  5.3694797E+04,3,
  3.8337354E+02,  0.0000000E+00,  2.5292944E+02,2681,  1.1879913E+00,  0.0000000E+00,  1.4637235E-01,  1.0008715E+03,  5.1954527E+04,3,
  3.8388773E+02,  0.0000000E+00,  2.5678400E+02,2633,  2.2436488E+00,  0.0000000E+00,  6.7225263E-02,  1.0002676E+03,  1.5922422E+04,3,
  3.8419229E+02,  0.0000000E+00,  2.5293573E+02,2609,  1.1817124E+00,  0.0000000E+00,  1.9331694E-01,  1.0009573E+03,  5.7081344E+04,3,
  3.8506332E+02,  0.0000000E+00,  2.5622766E+02,2597,  2.2269709E+00,  0.0000000E+00,  5.9247769E-02,  1.0003002E+03,  1.7863625E+04,3,
  3.8565616E+02,  0.0000000E+00,  2.5721387E+02,2838,  2.3177936E+00,  0.0000000E+00,  1.3660787E-02,  1.0002502E+03,  1.4886542E+04,3,
  3.8737042E+02,  0.0000000E+00,  2.5709198E+02,2847,  2.2238963E+00,  0.0000000E+00, -1.9245367E-02,  1.0002451E+03,  1.4584886E+04,3,
  3.8739145E+02,  0.0000000E+00,  2.5604791E+02,2753,  2.1398482E+00,  0.0000000E+00, -2.4602723E-01,  1.0003463E+03,  2.0608855E+04,3,
  3.8602832E+02,  0.0000000E+00,  2.5337888E+02,2683,  1.7322046E+00,  0.0000000E+00,  4.0219728E-02,  1.0005438E+03,  3.2387412E+04,3,
  3.8535391E+02,  0.0000000E+00,  2.5300862E+02,2656,  1.2448099E+00,  0.0000000E+00,  1.3045973E-01,  1.0008625E+03,  5.1418277E+04,3,
  3.8892987E+02,  0.0000000E+00,  2.5676035E+02,2798,  2.1322827E+00,  0.0000000E+00,  1.8849561E-02,  1.0002880E+03,  1.7136537E+04,3,
  3.8999030E+02,  0.0000000E+00,  2.5544519E+02,2679,  1.7528088E+00,  0.0000000E+00, -3.7599286E-01,  1.0004784E+03,  2.8485152E+04,3,
  3.8706393E+02,  0.0000000E+00,  2.5288638E+02,2608,  1.2661020E+00,  0.0000000E+00, -4.2487535E-01,  1.0007704E+03,  4.5911551E+04,3,
  3.8772278E+02,  0.0000000E+00,  2.5292630E+02,2673,  1.0945581E+00,  0.0000000E+00, -6.1218697E-01,  1.0006453E+03,  3.8440398E+04,3,
  3.8923843E+02,  0.0000000E+00,  2.5307730E+02,2747,  1.4738477E+00,  0.0000000E+00, -3.0911130E-01,  1.0011323E+03,  6.7551148E+04,3,
  3.8899442E+02,  0.0000000E+00,  2.5144505E+02,2571,  8.8328117E-01,  0.0000000E+00, -7.1149814E-01,  1.0009586E+03,  5.7157992E+04,3,
  3.9051251E+02,  0.0000000E+00,  2.5697650E+02,2829,  2.0355358E+00,  0.0000000E+00,  1.7148167E-01,  1.0002379E+03,  1.4152405E+04,3,
  3.9195135E+02,  0.0000000E+00,  2.5691440E+02,2837,  1.9461308E+00,  0.0000000E+00,  3.1454095E-01,  1.0002300E+03,  1.3683604E+04,3,
  3.9151791E+02,  0.0000000E+00,  2.5453368E+02,2690,  1.3520199E+00,  0.0000000E+00, -3.9179631E-02,  1.0006821E+03,  4.0641074E+04,3,
  3.9330426E+02,  0.0000000E+00,  2.5712329E+02,2697,  1.8332872E+00,  0.0000000E+00,  3.2728308E-01,  1.0001794E+03,  1.0671445E+04,3,
  3.9238159E+02,  0.0000000E+00,  2.5362071E+02,2700,  1.2762420E+00,  0.0000000E+00,  1.5225637E-01,  1.0007568E+03,  4.5102211E+04,3,
  3.9447018E+02,  0.0000000E+00,  2.5704068E+02,2715,  1.8027976E+00,  0.0000000E+00,  2.7772301E-01,  1.0001729E+03,  1.0282729E+04,3,
  3.9588104E+02,  0.0000000E+00,  2.5714395E+02,2752,  1.5950280E+00,  0.0000000E+00,  1.0259375E-01,  1.0002069E+03,  1.2310033E+04,3,
  3.9421710E+02,  0.0000000E+00,  2.5505399E+02,2692,  1.1227951E+00,  0.0000000E+00, -8.4308796E-02,  1.0006125E+03,  3.6487891E+04,3,
  3.9603998E+02,  0.0000000E+00,  2.5437236E+02,2698,  1.3666321E+00,  0.0000000E+00, -6.0497403E-02,  1.0005898E+03,  3.5129375E+04,3,
  3.9418213E+02,  0.0000000E+00,  2.5344405E+02,2607,  1.2631094E+00,  0.0000000E+00,  8.8542029E-02,  1.0009891E+03,  5.8986785E+04,3,
  3.9700989E+02,  0.0000000E+00,  2.5739905E+02,2820,  1.4472797E+00,  0.0000000E+00, -8.1331648E-02,  1.0002001E+03,  1.1903086E+04,3,
  3.9715118E+02,  0.0000000E+00,  2.5363661E+02,2691,  1.2139699E+00,  0.0000000E+00, -2.5599566E-01,  1.0008948E+03,  5.3348176E+04,3,
  3.9791168E+02,  0.0000000E+00,  2.5635324E+02,2461,  1.3944020E+00,  0.0000000E+00, -2.7633113E-01,  1.0003066E+03,  1.8245365E+04,3,
  3.9857278E+02,  0.0000000E+00,  2.5444171E+02,2588,  1.2929730E+00,  0.0000000E+00, -9.2562728E-02,  1.0006301E+03,  3.7533309E+04,3,
  3.9904980E+02,  0.0000000E+00,  2.5716052E+02,2810,  1.8065615E+00,  0.0000000E+00, -2.3143348E-01,  1.0002007E+03,  1.1943054E+04,3,
  4.0054141E+02,  0.0000000E+00,  2.5689279E+02,2780,  1.7253518E+00,  0.0000000E+00, -4.5575462E-02,  1.0002060E+03,  1.2255530E+04,3,
  3.9971719E+02,  0.0000000E+00,  2.5366336E+02,2672,  1.2833140E+00,  0.0000000E+00, -1.1087359E-01,  1.0008345E+03,  4.9744059E+04,3,
  4.0208539E+02,  0.0000000E+00,  2.5708682E+02,2802,  1.6309608E+00,  0.0000000E+00,  3.2527886E-02,  1.0001927E+03,  1.1467090E+04,3,
  4.0109702E+02,  0.0000000E+00,  2.5517090E+02,2589,  1.3580282E+00,  0.0000000E+00,  6.6524155E-02,  1.0004999E+03,  2.9766322E+04,3,
  4.0341550E+02,  0.0000000E+00,  2.5692960E+02,2801,  1.6568338E+00,  0.0000000E+00,  3.4019191E-02,  1.0001783E+03,  1.0606053E+04,3,
  4.0167746E+02,  0.0000000E+00,  2.5372211E+02,2654,  1.2238295E+00,  0.0000000E+00, -3.6473759E-02,  1.0008067E+03,  4.8081059E+04,3,
  4.0341022E+02,  0.0000000E+00,  2.5378081E+02,2682,  1.1477555E+00,  0.0000000E+00, -4.7997590E-02,  1.0008510E+03,  5.0725211E+04,3,
  4.0373297E+02,  0.0000000E+00,  2.5566982E+02,2726,  1.4609218E+00,  0.0000000E+00,  1.1159389E-01,  1.0003673E+03,  2.1863553E+04,3,
  4.0523740E+02,  0.0000000E+00,  2.5715192E+02,2792,  1.7410609E+00,  0.0000000E+00, -3.5657082E-02,  1.0001718E+03,  1.0217340E+04,3,
  4.0507492E+02,  0.0000000E+00,  2.5370352E+02,2663,  1.0254341E+00,  0.0000000E+00, -3.9215263E-02,  1.0008627E+03,  5.1425574E+04,3,
  4.0669846E+02,  0.0000000E+00,  2.5697302E+02,2661,  1.8626534E+00,  0.0000000E+00, -6.5294556E-02,  1.0001668E+03,  9.9230898E+03,3,
  4.0609259E+02,  0.0000000E+00,  2.5533224E+02,2627,  1.3877608E+00,  0.0000000E+00,  3.3521008E-01,  1.0003582E+03,  2.1318012E+04,3,
  4.0792468E+02,  0.0000000E+00,  2.5686188E+02,2670,  1.9315163E+00,  0.0000000E+00, -1.0238642E-01,  1.0002009E+03,  1.1950320E+04,3,
  4.0950583E+02,  0.0000000E+00,  2.5690164E+02,2744,  2.0185206E+00,  0.0000000E+00, -7.5091794E-02,  1.0001662E+03,  9.8867637E+03,3,
  4.0712296E+02,  0.0000000E+00,  2.5386621E+02,2618,  8.4089994E-01,  0.0000000E+00,  1.9498096E-01,  1.0010503E+03,  6.2645371E+04,3,
  4.0900754E+02,  0.0000000E+00,  2.5579089E+02,2590,  1.6641814E+00,  0.0000000E+00, -5.5606101E-02,  1.0002554E+03,  1.5195478E+04,3,
  4.0993051E+02,  0.0000000E+00,  2.5449776E+02,2719,  1.5894219E+00,  0.0000000E+00,  1.8102397E-01,  1.0006071E+03,  3.6163723E+04,3,
  4.0834198E+02,  0.0000000E+00,  2.5290897E+02,2517,  7.5879961E-01,  0.0000000E+00,  1.7239106E-01,  1.0011634E+03,  6.9414734E+04,3,
  4.1105423E+02,  0.0000000E+00,  2.5681995E+02,2793,  1.7954352E+00,  0.0000000E+00,  7.6832712E-02,  1.0000558E+03,  3.3211143E+03,3,
  4.1214038E+02,  0.0000000E+00,  2.5646796E+02,2452,  1.9351531E+00,  0.0000000E+00,  2.5058353E-01,  9.9986572E+02, -7.9806392E+03,3,
  4.1145203E+02,  0.0000000E+00,  2.5205444E+02,2518,  7.9100585E-01,  0.0000000E+00,  8.9727092E-01,  1.0007664E+03,  4.5670930E+04,3,
  4.1241785E+02,  0.0000000E+00,  2.5446620E+02,2755,  1.9969954E+00,  0.0000000E+00, -6.6188410E-02,  1.0025540E+03,  1.5302505E+05,3,
  4.1285928E+02,  0.0000000E+00,  2.5291710E+02,2462,  1.9443194E+00,  0.0000000E+00,  4.2174715E-01,  9.9985968E+02, -8.3396172E+03,3,
  4.1352057E+02,  0.0000000E+00,  2.5670920E+02,2764,  1.9903547E+00,  0.0000000E+00,  3.8003340E-01,  1.0000440E+03,  2.6168723E+03,3,
  4.1417786E+02,  0.0000000E+00,  2.5335756E+02,2525,  1.7052567E+00,  0.0000000E+00, -3.3063713E-01,  9.9985870E+02, -8.3976318E+03,3,
  4.1479016E+02,  0.0000000E+00,  2.5664227E+02,2763,  1.6665148E+00,  0.0000000E+00,  3.5020828E-01,  1.0002540E+03,  1.5111883E+04,3,
  4.1545255E+02,  0.0000000E+00,  2.5327643E+02,2637,  1.5462809E+00,  0.0000000E+00, -3.1754267E-01,  1.0004374E+03,  2.6043379E+04,3,
  4.1569971E+02,  0.0000000E+00,  2.5689001E+02,2783,  1.4989609E+00,  0.0000000E+00,  1.7674606E-01,  1.0002769E+03,  1.6478570E+04,3,
  4.1450339E+02,  0.0000000E+00,  2.5271284E+02,2573,  8.3677113E-01,  0.0000000E+00, -2.5607345E-01,  1.0012759E+03,  7.6152125E+04,3,
  4.1699210E+02,  0.0000000E+00,  2.5673215E+02,2754,  1.3563352E+00,  0.0000000E+00, -1.6442062E-01,  1.0002926E+03,  1.7412824E+04,3,
  4.1673560E+02,  0.0000000E+00,  2.5264728E+02,2490,  1.2603726E+00,  0.0000000E+00, -1.5861285E-01,  1.0013873E+03,  8.2828188E+04,3,
  4.1753772E+02,  0.0000000E+00,  2.5532973E+02,2644,  1.5133934E+00,  0.0000000E+00, -4.4862488E-01,  1.0004456E+03,  2.6530957E+04,3,
  4.1844229E+02,  0.0000000E+00,  2.5285249E+02,2665,  1.7573605E+00,  0.0000000E+00, -7.5290620E-02,  1.0007103E+03,  4.2324699E+04,3,
  4.1805640E+02,  0.0000000E+00,  2.5307675E+02,2655,  9.6397769E-01,  0.0000000E+00, -1.2879762E-01,  1.0004173E+03,  2.4842727E+04,3,
  4.1851593E+02,  0.0000000E+00,  2.5699292E+02,2443,  1.3911616E+00,  0.0000000E+00, -3.9740211E-01,  1.0002947E+03,  1.7536430E+04,3,
  4.1910822E+02,  0.0000000E+00,  2.5304323E+02,2636,  1.8795557E+00,  0.0000000E+00, -6.9772609E-02,  1.0005242E+03,  3.1218758E+04,3,
  4.1974289E+02,  0.0000000E+00,  2.5697977E+02,2766,  1.6210567E+00,  0.0000000E+00, -4.4556063E-01,  1.0003510E+03,  2.0888875E+04,3,
  4.2143393E+02,  0.0000000E+00,  2.5224884E+02,2586,  1.5459203E+00,  0.0000000E+00, -3.6379430E-01,  1.0029077E+03,  1.7439850E+05,3,
  4.2096326E+02,  0.0000000E+00,  2.5674060E+02,2757,  1.5558933E+00,  0.0000000E+00, -3.5103551E-01,  1.0003817E+03,  2.2721928E+04,3,
  4.1978290E+02,  0.0000000E+00,  2.5416835E+02,2544,  1.5041637E+00,  0.0000000E+00, -8.4562075E-01,  1.0002269E+03,  1.3501903E+04,3,
  4.2237955E+02,  0.0000000E+00,  2.5675473E+02,2416,  1.5989567E+00,  0.0000000E+00, -2.3151276E-01,  1.0002646E+03,  1.5744315E+04,3,
  4.2226437E+02,  0.0000000E+00,  2.5567245E+02,2471,  1.3469394E+00,  0.0000000E+00,  1.6526911E-01,  1.0001938E+03,  1.1528854E+04,3,
  4.2273538E+02,  0.0000000E+00,  2.5315230E+02,2604,  1.3979504E+00,  0.0000000E+00, -1.2202750E-01,  1.0009904E+03,  5.9063449E+04,3,
  4.2361539E+02,  0.0000000E+00,  2.5683569E+02,2738,  1.6230861E+00,  0.0000000E+00, -2.2210076E-01,  1.0002573E+03,  1.5308150E+04,3,
  4.2377563E+02,  0.0000000E+00,  2.5268541E+02,2451,  1.5054408E+00,  0.0000000E+00, -7.6995946E-02,  1.0014213E+03,  8.4866641E+04,3,
  4.2495090E+02,  0.0000000E+00,  2.5697250E+02,2727,  1.6995581E+00,  0.0000000E+00, -1.6603008E-01,  1.0002555E+03,  1.5202747E+04,3,
  4.2498813E+02,  0.0000000E+00,  2.5531052E+02,2638,  1.7327132E+00,  0.0000000E+00,  5.3300884E-02,  1.0004132E+03,  2.4598975E+04,3,
  4.2529388E+02,  0.0000000E+00,  2.5298897E+02,2426,  1.5008268E+00,  0.0000000E+00, -5.3712625E-02,  1.0006838E+03,  4.0743105E+04,3,
  4.2635867E+02,  0.0000000E+00,  2.5690164E+02,2709,  1.7036681E+00,  0.0000000E+00, -1.2549457E-01,  1.0002840E+03,  1.6900246E+04,3,
  4.2605972E+02,  0.0000000E+00,  2.5301108E+02,2612,  1.4528347E+00,  0.0000000E+00, -6.2283903E-02,  1.0006166E+03,  3.6731934E+04,3,
  4.2686307E+02,  0.0000000E+00,  2.5276082E+02,2537,  1.4518878E+00,  0.0000000E+00, -7.2963580E-02,  1.0009751E+03,  5.8147180E+04,3,
  4.2780893E+02,  0.0000000E+00,  2.5712933E+02,2739,  1.7690947E+00,  0.0000000E+00, -1.4851949E-01,  1.0002675E+03,  1.5918787E+04,3,
  4.2780582E+02,  0.0000000E+00,  2.5545502E+02,2664,  1.5815974E+00,  0.0000000E+00, -6.2309172E-02,  1.0004257E+03,  2.5341162E+04,3,
  4.2796805E+02,  0.0000000E+00,  2.5302769E+02,2621,  1.4462086E+00,  0.0000000E+00, -6.3046217E-02,  1.0006273E+03,  3.7365742E+04,3,
  4.2919077E+02,  0.0000000E+00,  2.5679126E+02,2407,  1.7637657E+00,  0.0000000E+00, -1.7296359E-01,  1.0002824E+03,  1.6805730E+04,3,
  4.2895407E+02,  0.0000000E+00,  2.5270937E+02,2509,  1.5325640E+00,  0.0000000E+00, -1.0583584E-01,  1.0011391E+03,  6.7960383E+04,3,
  4.3053995E+02,  0.0000000E+00,  2.5700815E+02,2616,  1.8181261E+00,  0.0000000E+00, -1.6994804E-01,  1.0002612E+03,  1.5544404E+04,3,
  4.3051624E+02,  0.0000000E+00,  2.5535524E+02,2620,  1.7155426E+00,  0.0000000E+00, -4.6806753E-02,  1.0004023E+03,  2.3947789E+04,3,
  4.3005441E+02,  0.0000000E+00,  2.5288574E+02,2417,  1.4947027E+00,  0.0000000E+00, -1.7107040E-01,  1.0008091E+03,  4.8223277E+04,3,
  4.3104031E+02,  0.0000000E+00,  2.5311732E+02,2335,  1.4540356E+00,  0.0000000E+00, -2.2586355E-01,  1.0004733E+03,  2.8183082E+04,3,
  4.3188147E+02,  0.0000000E+00,  2.5690512E+02,2625,  1.7816988E+00,  0.0000000E+00, -1.7548347E-01,  1.0002657E+03,  1.5809742E+04,3,
  4.3192535E+02,  0.0000000E+00,  2.5265936E+02,2491,  1.4228644E+00,  0.0000000E+00, -1.9977769E-01,  1.0011896E+03,  7.0986266E+04,3,
  4.3313873E+02,  0.0000000E+00,  2.5705246E+02,2653,  1.8439032E+00,  0.0000000E+00, -2.2586000E-01,  1.0002322E+03,  1.3814430E+04,3,
  4.3337891E+02,  0.0000000E+00,  2.5545633E+02,2657,  1.6322906E+00,  0.0000000E+00, -5.8707003E-03,  1.0004175E+03,  2.4857279E+04,3,
  4.3312759E+02,  0.0000000E+00,  2.5283017E+02,2546,  1.3881000E+00,  0.0000000E+00, -1.0818727E-01,  1.0009253E+03,  5.5168973E+04,3,
  4.3456866E+02,  0.0000000E+00,  2.5706506E+02,2729,  1.9592392E+00,  0.0000000E+00, -2.8360966E-01,  1.0002365E+03,  1.4072453E+04,3,
  4.3426587E+02,  0.0000000E+00,  2.5302779E+02,2547,  1.3901014E+00,  0.0000000E+00,  4.0580992E-02,  1.0006068E+03,  3.6141871E+04,3,
  4.3448248E+02,  0.0000000E+00,  2.5316591E+02,2481,  1.3910331E+00,  0.0000000E+00,  8.0810979E-02,  1.0004530E+03,  2.6971254E+04,3,
  4.3574860E+02,  0.0000000E+00,  2.5706339E+02,2701,  2.0000684E+00,  0.0000000E+00, -2.6886901E-01,  1.0002482E+03,  1.4770240E+04,3,
  4.3600403E+02,  0.0000000E+00,  2.5479947E+02,2647,  1.8824075E+00,  0.0000000E+00, -2.5662079E-01,  1.0005264E+03,  3.1346176E+04,3,
  4.3691257E+02,  0.0000000E+00,  2.5686313E+02,2398,  2.0174282E+00,  0.0000000E+00, -1.8505940E-01,  1.0002586E+03,  1.5388112E+04,3,
  4.3626419E+02,  0.0000000E+00,  2.5248898E+02,2558,  1.3523747E+00,  0.0000000E+00,  6.5024018E-02,  1.0016909E+03,  1.0104629E+05,3,
  4.3750159E+02,  0.0000000E+00,  2.5275354E+02,2520,  1.7337370E+00,  0.0000000E+00, -2.2505903E-01,  1.0010444E+03,  6.2294789E+04,3,
  4.3817703E+02,  0.0000000E+00,  2.5711960E+02,2694,  2.0056691E+00,  0.0000000E+00, -2.7968588E-01,  1.0002058E+03,  1.2244630E+04,3,
  4.3843518E+02,  0.0000000E+00,  2.5566466E+02,2591,  1.8484305E+00,  0.0000000E+00,  4.6192968E-01,  1.0004420E+03,  2.6312637E+04,3,
  4.3868060E+02,  0.0000000E+00,  2.5281210E+02,2510,  2.0801260E+00,  0.0000000E+00, -4.0270394E-01,  1.0005451E+03,  3.2463871E+04,3,
  4.3968985E+02,  0.0000000E+00,  2.5706903E+02,2702,  2.1871507E+00,  0.0000000E+00, -5.9838831E-01,  1.0001989E+03,  1.1834052E+04,3,
  4.3967029E+02,  0.0000000E+00,  2.5303473E+02,2499,  1.3305012E+00,  0.0000000E+00,  8.7498546E-02,  1.0003545E+03,  2.1099805E+04,3,
  4.4152988E+02,  0.0000000E+00,  2.5708264E+02,2498,  2.7999585E+00,  0.0000000E+00, -5.6878072E-01,  1.0002532E+03,  1.5068268E+04,3,
  4.4010687E+02,  0.0000000E+00,  2.5312526E+02,2529,  7.1382874E-01,  0.0000000E+00,  1.7334060E-01,  1.0005587E+03,  3.3272188E+04,3,
  4.4149356E+02,  0.0000000E+00,  2.5605103E+02,2572,  3.4746065E+00,  0.0000000E+00, -9.1046095E-01,  1.0003136E+03,  1.8663480E+04,3,
  4.4062164E+02,  0.0000000E+00,  2.5337575E+02,2454,  6.2013376E-01,  0.0000000E+00,  4.6563727E-01,  1.0007858E+03,  4.6830344E+04,3,
  4.4318576E+02,  0.0000000E+00,  2.5727765E+02,2684,  3.1558397E+00,  0.0000000E+00, -4.0059712E-02,  1.0003970E+03,  2.3631307E+04,3,
  4.4141302E+02,  0.0000000E+00,  2.5401117E+02,2418,  1.5080746E+00,  0.0000000E+00,  1.9239324E+00,  1.0005455E+03,  3.2489357E+04,3,
  4.4313272E+02,  0.0000000E+00,  2.5523888E+02,2463,  3.9133210E+00,  0.0000000E+00,  1.5310048E+00,  9.9991998E+02, -4.7565098E+03,3,
  4.4451648E+02,  0.0000000E+00,  2.5722238E+02,2675,  2.9701681E+00,  0.0000000E+00,  1.3334666E-01,  1.0004238E+03,  2.5228375E+04,3,
  4.4478796E+02,  0.0000000E+00,  2.5515141E+02,2593,  3.2806373E+00,  0.0000000E+00, -3.5834238E-01,  9.9966278E+02, -2.0030090E+04,3,
  4.4515601E+02,  0.0000000E+00,  2.5460553E+02,2513,  2.8634269E+00,  0.0000000E+00, -2.0611857E-01,  1.0011797E+03,  7.0394172E+04,3,
  4.4586884E+02,  0.0000000E+00,  2.5705515E+02,2693,  3.2316515E+00,  0.0000000E+00,  1.6177149E-02,  1.0003725E+03,  2.2172705E+04,3,
  4.4625671E+02,  0.0000000E+00,  2.5494243E+02,2555,  2.6390002E+00,  0.0000000E+00, -4.7239250E-01,  1.0003815E+03,  2.2707379E+04,3,
  4.4735153E+02,  0.0000000E+00,  2.5495433E+02,2548,  2.4710922E+00,  0.0000000E+00, -4.8726771E-02,  1.0000242E+03,  1.4408276E+03,3,
  4.4805875E+02,  0.0000000E+00,  2.5657724E+02,2489,  3.5869994E+00,  0.0000000E+00, -1.4498985E-01,  1.0003603E+03,  2.1445303E+04,3,
  4.4832178E+02,  0.0000000E+00,  2.5514966E+02,2584,  2.4277065E+00,  0.0000000E+00,  5.9035826E-01,  1.0002007E+03,  1.1939420E+04,3,
  4.4977182E+02,  0.0000000E+00,  2.5543694E+02,2583,  3.5669141E+00,  0.0000000E+00, -5.2341700E-01,  1.0011953E+03,  7.1322531E+04,3,
  4.5050473E+02,  0.0000000E+00,  2.5478757E+02,2492,  3.9523175E+00,  0.0000000E+00,  2.6907399E-01,  1.0007694E+03,  4.5853219E+04,3,
  4.5034653E+02,  0.0000000E+00,  2.5530330E+02,2556,  2.0021503E+00,  0.0000000E+00,  1.3290809E-01,  9.9867365E+02, -7.8549234E+04,3,
  4.5129651E+02,  0.0000000E+00,  2.5508379E+02,2500,  2.9870532E+00,  0.0000000E+00, -1.3293240E-03,  1.0004720E+03,  2.8103018E+04,3,
  4.5281500E+02,  0.0000000E+00,  2.5565015E+02,2553,  3.2557547E+00,  0.0000000E+00, -7.8796917E-01,  1.0001726E+03,  1.0268198E+04,3,
  4.5437216E+02,  0.0000000E+00,  2.5553004E+02,2562,  3.9389224E+00,  0.0000000E+00, -1.0576746E+00,  1.0003291E+03,  1.9587031E+04,3,
  4.5326065E+02,  0.0000000E+00,  2.5476408E+02,2372,  2.5250561E+00,  0.0000000E+00, -1.0280818E-01,  1.0007097E+03,  4.2284609E+04,3,
  4.5587967E+02,  0.0000000E+00,  2.5550287E+02,2676,  4.2274423E+00,  0.0000000E+00, -8.2275397E-01,  1.0000647E+03,  3.8475132E+03,3,
  4.5571323E+02,  0.0000000E+00,  2.5504689E+02,2599,  2.7754443E+00,  0.0000000E+00, -4.5778951E-01,  1.0009994E+03,  5.9600105E+04,3,
  4.5619501E+02,  0.0000000E+00,  2.5528120E+02,2545,  3.2340591E+00,  0.0000000E+00,  7.1495813E-01,  9.9914722E+02, -5.0575199E+04,3,
  4.5810242E+02,  0.0000000E+00,  2.5464847E+02,2541,  2.9848330E+00,  0.0000000E+00,  1.9258358E-01,  1.0015858E+03,  9.4739086E+04,3,
  4.5950146E+02,  0.0000000E+00,  2.5570047E+02,2639,  3.8701303E+00,  0.0000000E+00, -6.9152278E-01,  1.0000383E+03,  2.2792898E+03,3,
  4.6018649E+02,  0.0000000E+00,  2.5534227E+02,2354,  4.1110582E+00,  0.0000000E+00, -6.6336334E-01,  1.0000751E+03,  4.4647061E+03,3,
  4.6098627E+02,  0.0000000E+00,  2.5627133E+02,2526,  3.4447136E+00,  0.0000000E+00, -4.2987871E-01,  1.0000310E+03,  1.8437162E+03,3,
  4.6122253E+02,  0.0000000E+00,  2.5520012E+02,2508,  3.6383789E+00,  0.0000000E+00, -2.4523596E-01,  1.0003390E+03,  2.0176113E+04,3,
  4.6228339E+02,  0.0000000E+00,  2.5455560E+02,2486,  3.8189187E+00,  0.0000000E+00, -1.5144137E-01,  1.0009657E+03,  5.7585047E+04,3,
  4.6282184E+02,  0.0000000E+00,  2.5679404E+02,2362,  3.6740315E+00,  0.0000000E+00, -1.4772579E-01,  1.0000399E+03,  2.3700366E+03,3,
  4.6378577E+02,  0.0000000E+00,  2.5523323E+02,2567,  3.8573065E+00,  0.0000000E+00,  1.3997120E-01,  1.0002173E+03,  1.2927753E+04,3,
  4.6478540E+02,  0.0000000E+00,  2.5538971E+02,2564,  3.9891438E+00,  0.0000000E+00,  2.2756468E-01,  1.0003173E+03,  1.8881635E+04,3,
  4.6504037E+02,  0.0000000E+00,  2.5587535E+02,2527,  3.5496478E+00,  0.0000000E+00,  5.4577246E-02,  1.0003040E+03,  1.8092668E+04,3,
  4.6612170E+02,  0.0000000E+00,  2.5471376E+02,2381,  3.8438075E+00,  0.0000000E+00,  1.0642281E-01,  1.0007100E+03,  4.2302832E+04,3,
  4.6681055E+02,  0.0000000E+00,  2.5695093E+02,2667,  3.6813712E+00,  0.0000000E+00,  5.3128056E-02,  1.0001264E+03,  7.5185610E+03,3,
  4.6756244E+02,  0.0000000E+00,  2.5520688E+02,2473,  3.9681842E+00,  0.0000000E+00,  9.0629198E-02,  9.9984210E+02, -9.3838418E+03,3,
  4.6801041E+02,  0.0000000E+00,  2.5480638E+02,2464,  3.8237696E+00,  0.0000000E+00,  4.5942709E-02,  1.0005952E+03,  3.5453508E+04,3,
  4.6850677E+02,  0.0000000E+00,  2.5630670E+02,2581,  3.6433153E+00,  0.0000000E+00,  4.0477954E-02,  1.0002267E+03,  1.3491002E+04,3,
  4.6920325E+02,  0.0000000E+00,  2.5485938E+02,2428,  3.9157035E+00,  0.0000000E+00,  1.4928547E-03,  1.0004980E+03,  2.9653486E+04,3,
  4.7033664E+02,  0.0000000E+00,  2.5593723E+02,2574,  3.7879841E+00,  0.0000000E+00, -6.9416732E-02,  1.0003908E+03,  2.3263908E+04,3,
  4.7115323E+02,  0.0000000E+00,  2.5493414E+02,2457,  3.6484830E+00,  0.0000000E+00,  1.0074213E-02,  1.0004409E+03,  2.6250779E+04,3,
  4.7193863E+02,  0.0000000E+00,  2.5490936E+02,2419,  3.9766257E+00,  0.0000000E+00, -9.2071602E-03,  1.0005084E+03,  3.0272285E+04,3,
  4.7237924E+02,  0.0000000E+00,  2.5669778E+02,2640,  3.9963727E+00,  0.0000000E+00, -1.9608308E-01,  1.0001200E+03,  7.1372319E+03,3,
  4.7271115E+02,  0.0000000E+00,  2.5517401E+02,2475,  3.7690175E+00,  0.0000000E+00,  1.0060069E-01,  1.0000222E+03,  1.3174236E+03,3,
  4.7389587E+02,  0.0000000E+00,  2.5497952E+02,2536,  3.5714531E+00,  0.0000000E+00, -1.2649091E-01,  1.0004845E+03,  2.8849105E+04,3,
  4.7443405E+02,  0.0000000E+00,  2.5548128E+02,2435,  4.1860647E+00,  0.0000000E+00, -8.4325379E-01,  1.0004885E+03,  2.9085680E+04,3,
  4.7568411E+02,  0.0000000E+00,  2.5480614E+02,2483,  4.0650582E+00,  0.0000000E+00, -3.9747635E-01,  1.0006348E+03,  3.7813809E+04,3,
  4.7617416E+02,  0.0000000E+00,  2.5671729E+02,2380,  4.0623803E+00,  0.0000000E+00, -2.3230228E-01,  1.0001465E+03,  8.7134883E+03,3,
  4.7687717E+02,  0.0000000E+00,  2.5490256E+02,2445,  3.7610276E+00,  0.0000000E+00, -3.8209012E-01,  1.0004384E+03,  2.6097957E+04,3,
  4.7777713E+02,  0.0000000E+00,  2.5678177E+02,2592,  4.0847626E+00,  0.0000000E+00, -1.0715739E-01,  1.0001778E+03,  1.0576990E+04,3,
  4.7804736E+02,  0.0000000E+00,  2.5499710E+02,2531,  3.5832078E+00,  0.0000000E+00, -1.4846778E-01,  1.0002784E+03,  1.6569447E+04,3,
  4.7859512E+02,  0.0000000E+00,  2.5499051E+02,2530,  3.7587106E+00,  0.0000000E+00,  2.9629666E-02,  1.0003112E+03,  1.8518049E+04,3,
  4.7943558E+02,  0.0000000E+00,  2.5679285E+02,2603,  4.0069313E+00,  0.0000000E+00, -1.6622726E-02,  1.0001658E+03,  9.8649678E+03,3,
  4.8024554E+02,  0.0000000E+00,  2.5465596E+02,2484,  3.7648921E+00,  0.0000000E+00,  4.3756816E-01,  1.0009221E+03,  5.4975562E+04,3,
  4.8096558E+02,  0.0000000E+00,  2.5663339E+02,2344,  4.1114492E+00,  0.0000000E+00,  1.3012731E-01,  1.0001451E+03,  8.6335801E+03,3,
  4.8160110E+02,  0.0000000E+00,  2.5493721E+02,2565,  4.1062326E+00,  0.0000000E+00,  5.7172745E-01,  1.0005168E+03,  3.0778273E+04,3,
  4.8260760E+02,  0.0000000E+00,  2.5500522E+02,2557,  4.1477208E+00,  0.0000000E+00,  4.4472265E-01,  1.0003807E+03,  2.2660094E+04,3,
  4.8295258E+02,  0.0000000E+00,  2.5680359E+02,2563,  4.1054959E+00,  0.0000000E+00,  3.2344213E-01,  1.0001368E+03,  8.1359829E+03,3,
  4.8377277E+02,  0.0000000E+00,  2.5483226E+02,2409,  4.0918336E+00,  0.0000000E+00,  3.3415908E-01,  1.0005957E+03,  3.5482645E+04,3,
  4.8460956E+02,  0.0000000E+00,  2.5690793E+02,2631,  4.1183715E+00,  0.0000000E+00,  2.5332573E-01,  1.0001490E+03,  8.8624102E+03,3,
  4.8484473E+02,  0.0000000E+00,  2.5507997E+02,2308,  4.0155244E+00,  0.0000000E+00,  2.8412631E-01,  1.0003315E+03,  1.9732480E+04,3,
  4.8571817E+02,  0.0000000E+00,  2.5507538E+02,2408,  3.9895761E+00,  0.0000000E+00,  2.8825611E-01,  1.0003344E+03,  1.9899750E+04,3,
  4.8636783E+02,  0.0000000E+00,  2.5666086E+02,2610,  4.2361860E+00,  0.0000000E+00,  6.4159274E-02,  1.0002260E+03,  1.3447395E+04,3,
  4.8739532E+02,  0.0000000E+00,  2.5458696E+02,2468,  4.2278118E+00,  0.0000000E+00,  1.0278662E-01,  1.0010805E+03,  6.4453254E+04,3,
  4.8798474E+02,  0.0000000E+00,  2.5692017E+02,2472,  4.2354836E+00,  0.0000000E+00, -2.7522702E-02,  1.0002314E+03,  1.3770821E+04,3,
  4.8905823E+02,  0.0000000E+00,  2.5491006E+02,2494,  4.1218944E+00,  0.0000000E+00, -1.6585651E-01,  1.0004736E+03,  2.8201279E+04,3,
  4.8959995E+02,  0.0000000E+00,  2.5696661E+02,2594,  4.2160535E+00,  0.0000000E+00, -8.4720828E-02,  1.0002228E+03,  1.3254797E+04,3,
  4.8949420E+02,  0.0000000E+00,  2.5519453E+02,2539,  4.1951532E+00,  0.0000000E+00, -2.4279581E-01,  9.9995416E+02, -2.7250229E+03,3,
  4.9080801E+02,  0.0000000E+00,  2.5670703E+02,2585,  4.1428905E+00,  0.0000000E+00, -1.0503286E-01,  1.0002111E+03,  1.2560750E+04,3,
  4.9131018E+02,  0.0000000E+00,  2.5452853E+02,2566,  3.9393470E+00,  0.0000000E+00, -2.9510367E-01,  1.0010938E+03,  6.5249555E+04,3,
  4.9206680E+02,  0.0000000E+00,  2.5619333E+02,2613,  4.0912113E+00,  0.0000000E+00, -1.3662727E-01,  1.0002727E+03,  1.6227755E+04,3,
  4.9266428E+02,  0.0000000E+00,  2.5498967E+02,2576,  4.0577745E+00,  0.0000000E+00, -2.4567340E-01,  1.0005159E+03,  3.0720029E+04,3,
  4.9395679E+02,  0.0000000E+00,  2.5493532E+02,2495,  4.0564504E+00,  0.0000000E+00, -1.8594493E-01,  1.0008323E+03,  4.9609113E+04,3,
  4.9490649E+02,  0.0000000E+00,  2.5487714E+02,2568,  4.0538936E+00,  0.0000000E+00, -1.6322593E-01,  1.0010142E+03,  6.0487301E+04,3,
  4.9621368E+02,  0.0000000E+00,  2.5484219E+02,2345,  3.9730687E+00,  0.0000000E+00, -9.9803127E-02,  1.0006099E+03,  3.6331270E+04,3,
  4.9668289E+02,  0.0000000E+00,  2.5689148E+02,2469,  4.2572293E+00,  0.0000000E+00,  2.6180567E-02,  1.0001063E+03,  6.3237783E+03,3,
  4.9750397E+02,  0.0000000E+00,  2.5662106E+02,2575,  4.1221843E+00,  0.0000000E+00,  1.9519277E-02,  1.0001603E+03,  9.5380352E+03,3,
  4.9740839E+02,  0.0000000E+00,  2.5495540E+02,2522,  3.8346407E+00,  0.0000000E+00, -4.4451121E-02,  1.0003820E+03,  2.2740115E+04,3,
  4.9872623E+02,  0.0000000E+00,  2.5634967E+02,2519,  4.1556649E+00,  0.0000000E+00,  8.5400745E-02,  1.0002009E+03,  1.1950320E+04,3,
  4.9903635E+02,  0.0000000E+00,  2.5463481E+02,2450,  3.7920616E+00,  0.0000000E+00,  3.6512082E-03,  1.0009841E+03,  5.8687438E+04,3,
  5.0030035E+02,  0.0000000E+00,  2.5488187E+02,2326,  3.9890399E+00,  0.0000000E+00,  1.0312221E-01,  1.0008711E+03,  5.1928992E+04,3,
  5.0154285E+02,  0.0000000E+00,  2.5502641E+02,2402,  3.9245765E+00,  0.0000000E+00,  1.7476380E-01,  1.0007130E+03,  4.2481414E+04,3,
  5.0196143E+02,  0.0000000E+00,  2.5559476E+02,2503,  4.0806184E+00,  0.0000000E+00,  2.7612564E-01,  1.0001644E+03,  9.7777842E+03,3,
  5.0290579E+02,  0.0000000E+00,  2.5498207E+02,2411,  3.8773618E+00,  0.0000000E+00,  1.5418153E-01,  1.0004956E+03,  2.9511531E+04,3,
  5.0381970E+02,  0.0000000E+00,  2.5508096E+02,2401,  3.9118867E+00,  0.0000000E+00,  2.0956361E-01,  1.0005005E+03,  2.9802723E+04,3,
  5.0458362E+02,  0.0000000E+00,  2.5656793E+02,2559,  4.0044003E+00,  0.0000000E+00,  1.7582165E-01,  1.0000474E+03,  2.8201536E+03,3,
  5.0474191E+02,  0.0000000E+00,  2.5492065E+02,2466,  3.9152417E+00,  0.0000000E+00,  1.3211259E-01,  1.0006631E+03,  3.9507883E+04,3,
  5.0586353E+02,  0.0000000E+00,  2.5502109E+02,2363,  3.9466717E+00,  0.0000000E+00,  1.0303157E-01,  1.0005103E+03,  3.0385129E+04,3,
  5.0666003E+02,  0.0000000E+00,  2.5500462E+02,2438,  3.9060116E+00,  0.0000000E+00,  9.1683887E-02,  1.0003862E+03,  2.2987459E+04,3,
  5.0718423E+02,  0.0000000E+00,  2.5577020E+02,2502,  3.9538517E+00,  0.0000000E+00,  1.7420620E-01,  1.0002932E+03,  1.7449178E+04,3,
  5.0822116E+02,  0.0000000E+00,  2.5486319E+02,2485,  3.8658421E+00,  0.0000000E+00,  1.0476404E-01,  1.0006105E+03,  3.6364051E+04,3,
  5.0904538E+02,  0.0000000E+00,  2.5507736E+02,2501,  3.9031956E+00,  0.0000000E+00, -3.0124940E-02,  1.0007490E+03,  4.4635594E+04,3,
  5.0994257E+02,  0.0000000E+00,  2.5613025E+02,2577,  3.7556119E+00,  0.0000000E+00,  9.6904151E-02,  1.0000527E+03,  3.1359736E+03,3,
  5.1042535E+02,  0.0000000E+00,  2.5485139E+02,2528,  3.9850359E+00,  0.0000000E+00,  9.8176971E-02,  1.0008067E+03,  4.8081059E+04,3,
  5.1163168E+02,  0.0000000E+00,  2.5482878E+02,2511,  4.0671325E+00,  0.0000000E+00, -5.4062005E-02,  1.0007304E+03,  4.3523820E+04,3,
  5.1254218E+02,  0.0000000E+00,  2.5603711E+02,2390,  3.5665324E+00,  0.0000000E+00,  1.0279605E-01,  1.0001342E+03,  7.9834399E+03,3,
  5.1307855E+02,  0.0000000E+00,  2.5483304E+02,2436,  4.1441755E+00,  0.0000000E+00, -3.3112060E-02,  1.0006856E+03,  4.0848777E+04,3,
  5.1357245E+02,  0.0000000E+00,  2.5642313E+02,2432,  3.5136268E+00,  0.0000000E+00,  5.6868296E-02,  1.0000726E+03,  4.3194810E+03,3,
  5.1463580E+02,  0.0000000E+00,  2.5478905E+02,2423,  3.9007499E+00,  0.0000000E+00, -1.1740986E-01,  1.0008741E+03,  5.2111395E+04,3,
  5.1569592E+02,  0.0000000E+00,  2.5520331E+02,2550,  3.7776759E+00,  0.0000000E+00,  7.0373021E-02,  1.0006644E+03,  3.9584398E+04,3,
  5.1667969E+02,  0.0000000E+00,  2.5486757E+02,2399,  3.7720258E+00,  0.0000000E+00, -1.7785628E-01,  1.0007141E+03,  4.2547020E+04,3,
  5.1780377E+02,  0.0000000E+00,  2.5576013E+02,2281,  3.8906059E+00,  0.0000000E+00, -1.1508622E-01,  1.0003397E+03,  2.0219750E+04,3,
  5.1819989E+02,  0.0000000E+00,  2.5486861E+02,2383,  3.7277687E+00,  0.0000000E+00, -2.8548783E-01,  1.0003818E+03,  2.2729203E+04,3,
  5.1926245E+02,  0.0000000E+00,  2.5567360E+02,2538,  3.8585439E+00,  0.0000000E+00, -9.8724641E-02,  1.0003716E+03,  2.2121785E+04,3,
  5.1995093E+02,  0.0000000E+00,  2.5500853E+02,2458,  3.6016836E+00,  0.0000000E+00, -3.6840177E-01,  1.0007300E+03,  4.3501949E+04,3,
  5.2075488E+02,  0.0000000E+00,  2.5497697E+02,2366,  3.7738338E+00,  0.0000000E+00, -2.4858525E-01,  1.0002379E+03,  1.4152405E+04,3,
  5.2175745E+02,  0.0000000E+00,  2.5494707E+02,2549,  3.7057345E+00,  0.0000000E+00, -1.9669020E-01,  1.0007274E+03,  4.3345219E+04,3,
  5.2297406E+02,  0.0000000E+00,  2.5510258E+02,2420,  3.7211070E+00,  0.0000000E+00, -1.1144557E-01,  1.0003725E+03,  2.2172705E+04,3,
  5.2328784E+02,  0.0000000E+00,  2.5609579E+02,2482,  3.8189685E+00,  0.0000000E+00, -1.2629804E-01,  1.0002213E+03,  1.3163950E+04,3,
  5.2355463E+02,  0.0000000E+00,  2.5510736E+02,2429,  3.7389851E+00,  0.0000000E+00, -1.3311495E-01,  1.0000967E+03,  5.7500430E+03,3,
  5.2463593E+02,  0.0000000E+00,  2.5494891E+02,2448,  3.7153814E+00,  0.0000000E+00, -4.0361673E-02,  1.0005025E+03,  2.9922840E+04,3,
  5.2585394E+02,  0.0000000E+00,  2.5473605E+02,2336,  3.7554734E+00,  0.0000000E+00, -2.6612366E-03,  1.0008782E+03,  5.2352172E+04,3,
  5.2620026E+02,  0.0000000E+00,  2.5609586E+02,2504,  3.7098851E+00,  0.0000000E+00, -2.2779556E-02,  1.0003121E+03,  1.8576221E+04,3,
  5.2730914E+02,  0.0000000E+00,  2.5502863E+02,2392,  3.7507362E+00,  0.0000000E+00,  4.7422934E-02,  1.0001359E+03,  8.0851348E+03,3,
  5.2784863E+02,  0.0000000E+00,  2.5505179E+02,2467,  3.8348527E+00,  0.0000000E+00, -3.8244710E-03,  1.0001796E+03,  1.0685978E+04,3,
  5.2854602E+02,  0.0000000E+00,  2.5590488E+02,2540,  3.6767945E+00,  0.0000000E+00,  4.1238584E-02,  1.0003885E+03,  2.3129318E+04,3,
  5.2912878E+02,  0.0000000E+00,  2.5504836E+02,2317,  3.7822552E+00,  0.0000000E+00,  1.6960425E-02,  1.0004125E+03,  2.4558957E+04,3,
  5.3038824E+02,  0.0000000E+00,  2.5479439E+02,2427,  3.7071793E+00,  0.0000000E+00,  2.0369219E-02,  1.0009379E+03,  5.5920738E+04,3,
  5.3134888E+02,  0.0000000E+00,  2.5508311E+02,2521,  3.6892202E+00,  0.0000000E+00,  1.3742975E-03,  1.0004486E+03,  2.6709258E+04,3,
  5.3209222E+02,  0.0000000E+00,  2.5554834E+02,2355,  3.8413122E+00,  0.0000000E+00,  1.9649670E-01,  1.0003372E+03,  2.0070658E+04,3,
  5.3316687E+02,  0.0000000E+00,  2.5574789E+02,2523,  3.8204403E+00,  0.0000000E+00,  1.6936654E-01,  9.9989502E+02, -6.2399575E+03,3,
  5.3352875E+02,  0.0000000E+00,  2.5461868E+02,2532,  3.5076175E+00,  0.0000000E+00,  2.3279000E-02,  1.0012161E+03,  7.2572664E+04,3,
  5.3518524E+02,  0.0000000E+00,  2.5622711E+02,2424,  3.7623398E+00,  0.0000000E+00,  1.0432976E-01,  9.9996582E+02, -2.0320455E+03,3,
  5.3504529E+02,  0.0000000E+00,  2.5498187E+02,2465,  3.6175113E+00,  0.0000000E+00,  1.8926093E-02,  1.0007466E+03,  4.4489777E+04,3,
  5.3627576E+02,  0.0000000E+00,  2.5499260E+02,2254,  3.6359351E+00,  0.0000000E+00,  4.8726466E-02,  1.0007608E+03,  4.5339172E+04,3,
  5.3724176E+02,  0.0000000E+00,  2.5499358E+02,2348,  3.6075790E+00,  0.0000000E+00,  5.0726485E-02,  1.0006144E+03,  3.6597164E+04,3,
  5.3883740E+02,  0.0000000E+00,  2.5632690E+02,2455,  3.9015739E+00,  0.0000000E+00,  1.1530556E-01,  1.0001556E+03,  9.2547031E+03,3,
  5.3847040E+02,  0.0000000E+00,  2.5510938E+02,2373,  3.5635409E+00,  0.0000000E+00,  9.6122557E-03,  1.0002331E+03,  1.3868941E+04,3,
  5.3932751E+02,  0.0000000E+00,  2.5481306E+02,2309,  3.5627420E+00,  0.0000000E+00,  1.0088781E-02,  1.0007072E+03,  4.2138832E+04,3,
  5.4060120E+02,  0.0000000E+00,  2.5505573E+02,2456,  3.5513706E+00,  0.0000000E+00,  8.5342834E-03,  1.0002322E+03,  1.3818064E+04,3,
  5.4089087E+02,  0.0000000E+00,  2.5615366E+02,2382,  3.6432180E+00,  0.0000000E+00,  8.5074835E-02,  1.0002433E+03,  1.4479489E+04,3,
  5.4162317E+02,  0.0000000E+00,  2.5493335E+02,2447,  3.5312366E+00,  0.0000000E+00,  1.5606295E-02,  1.0005225E+03,  3.1113186E+04,3,
  5.4288574E+02,  0.0000000E+00,  2.5502243E+02,2412,  3.5323989E+00,  0.0000000E+00,  8.6252121E-03,  1.0005889E+03,  3.5074746E+04,3,
  5.4313568E+02,  0.0000000E+00,  2.5514725E+02,2403,  3.7143633E+00,  0.0000000E+00,  6.7145273E-02,  1.0004095E+03,  2.4380695E+04,3,
  5.4429877E+02,  0.0000000E+00,  2.5582651E+02,2474,  3.6003096E+00,  0.0000000E+00,  2.2454125E-01,  1.0001783E+03,  1.0606053E+04,3,
  5.4507324E+02,  0.0000000E+00,  2.5456903E+02,2386,  3.5741026E+00,  0.0000000E+00, -2.0292485E-02,  1.0011229E+03,  6.6988492E+04,3,
  5.4610419E+02,  0.0000000E+00,  2.5631390E+02,2446,  3.5891540E+00,  0.0000000E+00,  2.7885672E-01,  1.0000056E+03,  3.3024677E+02,3,
  5.4660608E+02,  0.0000000E+00,  2.5504259E+02,2437,  3.3115575E+00,  0.0000000E+00,  8.2379440E-03,  1.0005685E+03,  3.3862078E+04,3,
  5.4753607E+02,  0.0000000E+00,  2.5512650E+02,2430,  3.4053011E+00,  0.0000000E+00,  9.6498184E-02,  1.0005159E+03,  3.0723668E+04,3,
  5.4787115E+02,  0.0000000E+00,  2.5645193E+02,2400,  3.4339283E+00,  0.0000000E+00,  2.9337150E-01,  1.0000379E+03,  2.2538806E+03,3,
  5.4883649E+02,  0.0000000E+00,  2.5490822E+02,2439,  3.3929515E+00,  0.0000000E+00,  1.3781911E-01,  1.0006417E+03,  3.8225461E+04,3,
  5.4950867E+02,  0.0000000E+00,  2.5685834E+02,2514,  3.1342235E+00,  0.0000000E+00,  3.6850539E-01,  9.9995532E+02, -2.6560901E+03,3,
  5.5032880E+02,  0.0000000E+00,  2.5466457E+02,2299,  3.6397483E+00,  0.0000000E+00,  1.2667473E-02,  1.0010532E+03,  6.2817016E+04,3,
  5.5150555E+02,  0.0000000E+00,  2.5476796E+02,2391,  3.5345244E+00,  0.0000000E+00, -1.9396821E-01,  1.0008168E+03,  4.8686418E+04,3,
  5.5144281E+02,  0.0000000E+00,  2.5737790E+02,2370,  2.9810543E+00,  0.0000000E+00,  2.2107236E-01,  1.0000060E+03,  3.5927997E+02,3,
  5.5269940E+02,  0.0000000E+00,  2.5517567E+02,2512,  2.9138923E+00,  0.0000000E+00, -3.2599536E-01,  1.0005239E+03,  3.1196916E+04,3,
  5.5204547E+02,  0.0000000E+00,  2.5736139E+02,2343,  2.8022170E+00,  0.0000000E+00,  1.8883236E-01,  1.0000015E+03,  8.7096977E+01,3,
  5.5424200E+02,  0.0000000E+00,  2.5544571E+02,2493,  3.4393330E+00,  0.0000000E+00,  2.5811473E-01,  1.0007452E+03,  4.4409582E+04,3,
  5.5459729E+02,  0.0000000E+00,  2.5640024E+02,2478,  2.6479321E+00,  0.0000000E+00,  2.1963876E-02,  9.9985120E+02, -8.8436143E+03,3,
  5.5531610E+02,  0.0000000E+00,  2.5438571E+02,2307,  3.0496972E+00,  0.0000000E+00, -2.2707801E-02,  1.0015788E+03,  9.4317773E+04,3,
  5.5760425E+02,  0.0000000E+00,  2.5705704E+02,2505,  3.4752398E+00,  0.0000000E+00,  2.8354621E-01,  1.0000944E+03,  5.6156919E+03,3,
  5.5648834E+02,  0.0000000E+00,  2.5525272E+02,2395,  3.0122204E+00,  0.0000000E+00,  5.5533737E-02,  1.0006353E+03,  3.7846594E+04,3,
  5.5811353E+02,  0.0000000E+00,  2.5500140E+02,2394,  3.0937457E+00,  0.0000000E+00, -3.2878947E-01,  1.0003976E+03,  2.3667684E+04,3,
  5.5900323E+02,  0.0000000E+00,  2.5772256E+02,2379,  2.4383266E+00,  0.0000000E+00, -4.4081088E-02,  1.0001598E+03,  9.5053428E+03,3,
  5.5885211E+02,  0.0000000E+00,  2.5493150E+02,2393,  2.9630427E+00,  0.0000000E+00, -2.7968001E-01,  1.0004111E+03,  2.4475283E+04,3,
  5.5967743E+02,  0.0000000E+00,  2.5487779E+02,2405,  2.8467810E+00,  0.0000000E+00, -2.4737778E-01,  1.0005122E+03,  3.0501615E+04,3,
  5.6038129E+02,  0.0000000E+00,  2.5748892E+02,2476,  3.0131083E+00,  0.0000000E+00,  5.6859806E-02,  1.0001736E+03,  1.0326323E+04,3,
  5.6085986E+02,  0.0000000E+00,  2.5478186E+02,2337,  2.6448231E+00,  0.0000000E+00, -6.8457916E-02,  1.0006441E+03,  3.8371180E+04,3,
  5.6145959E+02,  0.0000000E+00,  2.5708047E+02,2410,  2.9793253E+00,  0.0000000E+00,  1.8472032E-01,  1.0001522E+03,  9.0512900E+03,3,
  5.6235901E+02,  0.0000000E+00,  2.5495175E+02,2384,  2.6947596E+00,  0.0000000E+00,  3.8077837E-01,  1.0003900E+03,  2.3216619E+04,3,
  5.6292847E+02,  0.0000000E+00,  2.5633005E+02,2290,  2.7469077E+00,  0.0000000E+00,  3.5306695E-01,  1.0002290E+03,  1.3625459E+04,3,
  5.6372235E+02,  0.0000000E+00,  2.5500543E+02,2449,  2.7886062E+00,  0.0000000E+00,  8.2431346E-01,  1.0005426E+03,  3.2314596E+04,3,
  5.6476825E+02,  0.0000000E+00,  2.5505084E+02,2440,  2.9264169E+00,  0.0000000E+00,  7.0367682E-01,  1.0008788E+03,  5.2388652E+04,3,
  5.6565131E+02,  0.0000000E+00,  2.5505148E+02,2374,  3.2061274E+00,  0.0000000E+00, -1.7271258E-02,  1.0008962E+03,  5.3432094E+04,3,
  5.6664795E+02,  0.0000000E+00,  2.5601959E+02,2459,  3.2877610E+00,  0.0000000E+00,  1.2077428E+00,  9.9965717E+02, -2.0363279E+04,3,
  5.6774243E+02,  0.0000000E+00,  2.5696927E+02,2487,  2.7097313E+00,  0.0000000E+00,  4.0934154E-01,  1.0000171E+03,  1.0161791E+03,3,
  5.6823096E+02,  0.0000000E+00,  2.5476529E+02,2356,  2.2120328E+00,  0.0000000E+00, -1.0669035E+00,  1.0012400E+03,  7.4002102E+04,3,
  5.6895758E+02,  0.0000000E+00,  2.5748398E+02,2032,  3.4726040E+00,  0.0000000E+00, -2.4292094E-01,  1.0002372E+03,  1.4112430E+04,3,
  5.6842841E+02,  0.0000000E+00,  2.5654111E+02,2496,  1.7390651E+00,  0.0000000E+00,  7.7669394E-01,  9.9984076E+02, -9.4636045E+03,3,
  5.6892413E+02,  0.0000000E+00,  2.5334715E+02,2415,  1.3229300E+00,  0.0000000E+00, -1.3262954E+00,  1.0013290E+03,  7.9337789E+04,3,
  5.6990924E+02,  0.0000000E+00,  2.5308884E+02,2477,  1.0804079E+00,  0.0000000E+00, -1.0608613E+00,  1.0009719E+03,  5.7953715E+04,3,
  5.7283899E+02,  0.0000000E+00,  2.5618256E+02,2235,  2.1675298E+00,  0.0000000E+00,  1.6199023E-01,  1.0001762E+03,  1.0482535E+04,3,
  5.7310797E+02,  0.0000000E+00,  2.5597221E+02,2318,  2.1408319E+00,  0.0000000E+00,  1.8007098E-01,  1.0000955E+03,  5.6774204E+03,3,
  5.7152789E+02,  0.0000000E+00,  2.5318491E+02,2283,  1.3050497E+00,  0.0000000E+00,  7.7280027E-01,  1.0000073E+03,  4.3549255E+02,3,
  5.7253418E+02,  0.0000000E+00,  2.5282631E+02,2378,  2.5153260E+00,  0.0000000E+00,  1.5255946E-01,  1.0013759E+03,  8.2143914E+04,3,
  5.7069000E+02,  0.0000000E+00,  2.5259503E+02,2341, -2.0971347E-01,  0.0000000E+00,  1.2334397E-01,  1.0011783E+03,  7.0306461E+04,3,
  5.7388013E+02,  0.0000000E+00,  2.5594232E+02,2364,  2.0279465E+00,  0.0000000E+00,  1.5389232E-01,  9.9999640E+02, -2.1411015E+02,3,
  5.7541864E+02,  0.0000000E+00,  2.5582162E+02,2441,  2.4040971E+00,  0.0000000E+00, -7.9049028E-02,  9.9976904E+02, -1.3722719E+04,3,
  5.7424933E+02,  0.0000000E+00,  2.5262555E+02,2433, -2.0227432E-01,  0.0000000E+00,  6.3073605E-02,  1.0014408E+03,  8.6037938E+04,3,
  5.7670563E+02,  0.0000000E+00,  2.5632535E+02,2460,  2.6401381E+00,  0.0000000E+00, -4.3784863E-01,  1.0000911E+03,  5.4159844E+03,3,
  5.7497003E+02,  0.0000000E+00,  2.5279712E+02,2310,  3.8144216E-01,  0.0000000E+00,  4.4804814E-01,  1.0012197E+03,  7.2788344E+04,3,
  5.7841974E+02,  0.0000000E+00,  2.5637463E+02,2334,  3.1783645E+00,  0.0000000E+00, -6.6877976E-02,  1.0000509E+03,  3.0270691E+03,3,
  5.7786731E+02,  0.0000000E+00,  2.5336932E+02,2359,  1.8651669E+00,  0.0000000E+00, -1.3336302E-01,  1.0009317E+03,  5.5552145E+04,3,
  5.7677679E+02,  0.0000000E+00,  2.5345526E+02,2365,  1.3945348E+00,  0.0000000E+00,  5.4712009E-01,  1.0006671E+03,  3.9741070E+04,3,
  5.7988239E+02,  0.0000000E+00,  2.5671396E+02,2272,  3.4557552E+00,  0.0000000E+00,  4.5504808E-01,  1.0001030E+03,  6.1240566E+03,3,
  5.7700940E+02,  0.0000000E+00,  2.5280063E+02,2332,  1.3579338E+00,  0.0000000E+00,  5.1456338E-01,  1.0007139E+03,  4.2536082E+04,3,
  5.7932391E+02,  0.0000000E+00,  2.5246785E+02,2442,  1.1715727E+00,  0.0000000E+00,  4.1359046E-01,  1.0008790E+03,  5.2403246E+04,3,
  5.7964716E+02,  0.0000000E+00,  2.5316046E+02,2292,  2.2220629E-01,  0.0000000E+00, -7.7465162E-02,  1.0000137E+03,  8.1656427E+02,3,
  5.8024084E+02,  0.0000000E+00,  2.5646436E+02,2267,  3.5648973E+00,  0.0000000E+00,  5.9200627E-01,  9.9992657E+02, -4.3647554E+03,3,
  5.8196271E+02,  0.0000000E+00,  2.5711853E+02,2367,  3.0044327E+00,  0.0000000E+00,  6.8315983E-01,  1.0000664E+03,  3.9491658E+03,3,
  5.8079767E+02,  0.0000000E+00,  2.5332735E+02,2422,  8.1242687E-01,  0.0000000E+00,  1.0477669E+00,  1.0011447E+03,  6.8292891E+04,3,
  5.8262164E+02,  0.0000000E+00,  2.5708475E+02,2346,  2.9181750E+00,  0.0000000E+00,  6.9487417E-01,  9.9996124E+02, -2.3041628E+03,3,
  5.8370306E+02,  0.0000000E+00,  2.5704193E+02,2277,  3.2246268E+00,  0.0000000E+00,  8.5514838E-01,  9.9982727E+02, -1.0264820E+04,3,
  5.8122516E+02,  0.0000000E+00,  2.5356242E+02,2406,  1.6351393E+00,  0.0000000E+00,  2.2861781E+00,  1.0011597E+03,  6.9191820E+04,3,
  5.8466223E+02,  0.0000000E+00,  2.5712967E+02,2388,  3.5083351E+00,  0.0000000E+00,  7.3314571E-01,  9.9986957E+02, -7.7521924E+03,3,
  5.8612262E+02,  0.0000000E+00,  2.5510162E+02,2414,  3.1503994E+00,  0.0000000E+00,  2.8855756E-01,  1.0004401E+03,  2.6199838E+04,3,
  5.8605200E+02,  0.0000000E+00,  2.5701443E+02,2404,  2.6427062E+00,  0.0000000E+00,  4.7548696E-01,  1.0000094E+03,  5.5888562E+02,3,
  5.8354327E+02,  0.0000000E+00,  2.5533826E+02,2421,  3.8905303E+00,  0.0000000E+00,  1.1661944E+00,  1.0007957E+03,  4.7424688E+04,3,
  5.8634436E+02,  0.0000000E+00,  2.5462302E+02,2385,  2.6524541E+00,  0.0000000E+00,  3.2484266E-01,  1.0012534E+03,  7.4806477E+04,3,
  5.8727576E+02,  0.0000000E+00,  2.5517941E+02,2338,  2.9271672E+00,  0.0000000E+00,  5.0620639E-01,  1.0002120E+03,  1.2611621E+04,3,
  5.8798608E+02,  0.0000000E+00,  2.5545601E+02,2397,  3.0505779E+00,  0.0000000E+00, -1.2503641E+00,  9.9910449E+02, -5.3102223E+04,3,
  5.8942200E+02,  0.0000000E+00,  2.5621188E+02,2327,  3.5468688E+00,  0.0000000E+00, -2.5298223E-01,  1.0009546E+03,  5.6920750E+04,3,
  5.8931622E+02,  0.0000000E+00,  2.5476350E+02,2257,  3.3628376E+00,  0.0000000E+00, -1.1524124E-01,  1.0005981E+03,  3.5628324E+04,3,
  5.9157367E+02,  0.0000000E+00,  2.5607880E+02,2238,  3.3605497E+00,  0.0000000E+00,  5.4362144E-02,  1.0010825E+03,  6.4573789E+04,3,
  5.9086096E+02,  0.0000000E+00,  2.5506033E+02,2228,  2.5843313E+00,  0.0000000E+00,  5.6768948E-01,  9.9980853E+02, -1.1377714E+04,3,
  5.9161401E+02,  0.0000000E+00,  2.5504039E+02,2328,  2.6877711E+00,  0.0000000E+00, -3.1333855E-01,  9.9834961E+02, -9.7644312E+04,3,
  5.9314130E+02,  0.0000000E+00,  2.5566602E+02,2251,  3.8308349E+00,  0.0000000E+00,  2.5138223E-01,  1.0024487E+03,  1.4666675E+05,3,
  5.9359753E+02,  0.0000000E+00,  2.5460379E+02,2387,  2.9516644E+00,  0.0000000E+00,  2.7763629E-01,  9.9941724E+02, -3.4589410E+04,3,
  5.9549200E+02,  0.0000000E+00,  2.5549113E+02,2368,  2.8462713E+00,  0.0000000E+00,  1.3327862E-01,  1.0015009E+03,  8.9644188E+04,3,
  5.9542474E+02,  0.0000000E+00,  2.5493025E+02,2350,  3.1528628E+00,  0.0000000E+00, -1.2363181E-02,  9.9875391E+02, -7.3813773E+04,3,
  5.9685889E+02,  0.0000000E+00,  2.5498019E+02,2331,  3.1671014E+00,  0.0000000E+00,  3.8282490E-01,  9.9964386E+02, -2.1152750E+04,3,
  5.9675281E+02,  0.0000000E+00,  2.5585698E+02,2413,  2.7461772E+00,  0.0000000E+00, -3.0257317E-01,  1.0006889E+03,  4.1045555E+04,3,
  5.9770892E+02,  0.0000000E+00,  2.5500461E+02,2211,  3.3650651E+00,  0.0000000E+00, -1.0114696E+00,  1.0002735E+03,  1.6275010E+04,3,
  5.9863776E+02,  0.0000000E+00,  2.5505507E+02,2377,  3.3683171E+00,  0.0000000E+00, -7.1832681E-01,  1.0006663E+03,  3.9697348E+04,3,
  6.0011865E+02,  0.0000000E+00,  2.5523367E+02,2263,  2.9262195E+00,  0.0000000E+00, -2.3769866E-01,  1.0014942E+03,  8.9241398E+04,3,
  6.0047369E+02,  0.0000000E+00,  2.5488188E+02,2279,  2.8824649E+00,  0.0000000E+00,  1.0108273E-02,  9.9882489E+02, -6.9623781E+04,3,
  6.0158752E+02,  0.0000000E+00,  2.5477702E+02,2202,  3.3771031E+00,  0.0000000E+00,  6.3300097E-01,  1.0010795E+03,  6.4391160E+04,3,
  6.0237408E+02,  0.0000000E+00,  2.5506779E+02,2375,  3.2406077E+00,  0.0000000E+00,  5.4511940E-01,  1.0005164E+03,  3.0749150E+04,3,
  6.0386395E+02,  0.0000000E+00,  2.5519353E+02,2314,  2.8357074E+00,  0.0000000E+00,  1.3652012E-01,  1.0005717E+03,  3.4051434E+04,3,
  6.0417963E+02,  0.0000000E+00,  2.5489569E+02,2218,  2.9479074E+00,  0.0000000E+00,  9.2903443E-02,  9.9999768E+02, -1.3790199E+02,3,
  6.0488019E+02,  0.0000000E+00,  2.5602908E+02,2301,  3.5888300E+00,  0.0000000E+00,  1.4328650E-01,  1.0004512E+03,  2.6865727E+04,3,
  6.0557391E+02,  0.0000000E+00,  2.5546147E+02,2264,  3.4523900E+00,  0.0000000E+00,  2.1806454E-02,  1.0007045E+03,  4.1974832E+04,3,
  6.0660040E+02,  0.0000000E+00,  2.5590938E+02,2321,  3.1897550E+00,  0.0000000E+00, -1.5963894E-01,  1.0000240E+03,  1.4263094E+03,3,
  6.0715674E+02,  0.0000000E+00,  2.5448734E+02,2287,  3.3164046E+00,  0.0000000E+00,  2.3292945E-01,  1.0001194E+03,  7.1045474E+03,3,
  6.0789465E+02,  0.0000000E+00,  2.5500487E+02,2293,  2.6850960E+00,  0.0000000E+00, -5.1241803E-01,  1.0014408E+03,  8.6037938E+04,3,
  6.0816626E+02,  0.0000000E+00,  2.5492119E+02,2240,  2.3010201E+00,  0.0000000E+00, -5.2340412E-01,  9.9913666E+02, -5.1199797E+04,3,
  6.0970605E+02,  0.0000000E+00,  2.5426987E+02,2376,  4.8462157E+00,  0.0000000E+00, -6.3843256E-01,  1.0034301E+03,  2.0605459E+05,3,
  6.1049359E+02,  0.0000000E+00,  2.5291537E+02,2319,  4.7309103E+00,  0.0000000E+00, -1.5427922E+00,  9.9970569E+02, -1.7483715E+04,3,
  6.1184052E+02,  0.0000000E+00,  2.5463622E+02,2164,  4.1085873E+00,  0.0000000E+00,  3.4778863E-01,  9.9978760E+02, -1.2620962E+04,3,
  6.1268286E+02,  0.0000000E+00,  2.5236215E+02,2291,  3.0687041E+00,  0.0000000E+00,  4.6065021E-01,  1.0017991E+03,  1.0755188E+05,3,
  6.1353711E+02,  0.0000000E+00,  2.5337083E+02,2320,  3.9320958E+00,  0.0000000E+00,  1.5760019E+00,  9.9983759E+02, -9.6521309E+03,3,
  6.1315411E+02,  0.0000000E+00,  2.5339323E+02,2339,  2.8833792E+00,  0.0000000E+00,  1.6725008E-01,  9.9951080E+02, -2.9043982E+04,3,
  6.1125665E+02,  0.0000000E+00,  2.5307024E+02,2347,  3.5495663E-01,  0.0000000E+00,  9.2705292E-01,  9.9961151E+02, -2.3071840E+04,3,
  6.1488623E+02,  0.0000000E+00,  2.5416414E+02,2396,  3.3647435E+00,  0.0000000E+00,  6.0269040E-01,  1.0021458E+03,  1.2840990E+05,3,
  6.1623456E+02,  0.0000000E+00,  2.5455359E+02,2431,  3.2832565E+00,  0.0000000E+00,  4.4013244E-01,  1.0006189E+03,  3.6866707E+04,3,
  6.1629913E+02,  0.0000000E+00,  2.5278825E+02,2204,  2.7008138E+00,  0.0000000E+00, -7.4350661E-01,  9.9920764E+02, -4.7000160E+04,3,
  6.1813806E+02,  0.0000000E+00,  2.5438338E+02,2185,  3.1534364E+00,  0.0000000E+00, -2.7991512E-01,  9.9985809E+02, -8.4338916E+03,3,
  6.1727563E+02,  0.0000000E+00,  2.5310277E+02,2284,  2.5306587E+00,  0.0000000E+00, -6.5075874E-01,  1.0003892E+03,  2.3169332E+04,3,
  6.1797949E+02,  0.0000000E+00,  2.5294519E+02,2241,  1.9397581E+00,  0.0000000E+00, -4.2849535E-01,  1.0006271E+03,  3.7354816E+04,3,
  6.1980145E+02,  0.0000000E+00,  2.5416779E+02,2311,  2.7200458E+00,  0.0000000E+00, -4.4905388E-01,  1.0005009E+03,  2.9828201E+04,3,
  6.1994403E+02,  0.0000000E+00,  2.5251006E+02,2329,  2.2081809E+00,  0.0000000E+00, -6.3831858E-02,  1.0005647E+03,  3.3632672E+04,3,
  6.2104407E+02,  0.0000000E+00,  2.5389677E+02,2300,  3.4566352E+00,  0.0000000E+00, -7.8556031E-02,  1.0025570E+03,  1.5320561E+05,3,
  6.2157611E+02,  0.0000000E+00,  2.5278075E+02,2192,  3.0868185E+00,  0.0000000E+00, -4.3561703E-01,  9.9902460E+02, -5.7826016E+04,3,
  6.2281366E+02,  0.0000000E+00,  2.5284415E+02,2230,  2.5476975E+00,  0.0000000E+00,  1.7650440E-01,  9.9828308E+02, -1.0156016E+05,3,
  6.2386432E+02,  0.0000000E+00,  2.5446938E+02,2369,  2.8536122E+00,  0.0000000E+00,  1.8786831E-01,  1.0013947E+03,  8.3270977E+04,3,
  6.2390259E+02,  0.0000000E+00,  2.5278862E+02,2239,  1.7090293E+00,  0.0000000E+00,  1.9087271E-01,  1.0005657E+03,  3.3690934E+04,3,
  6.2506671E+02,  0.0000000E+00,  2.5428801E+02,2357,  3.1345553E+00,  0.0000000E+00,  8.0922991E-02,  1.0012880E+03,  7.6879875E+04,3,
  6.2502075E+02,  0.0000000E+00,  2.5277417E+02,2330,  2.7014062E+00,  0.0000000E+00,  7.3215699E-01,  1.0000001E+03,  3.6290255E+00,3,
  6.2589990E+02,  0.0000000E+00,  2.5297789E+02,2201,  3.0700839E+00,  0.0000000E+00,  8.3182728E-01,  9.9907330E+02, -5.4946539E+04,3,
  6.2725214E+02,  0.0000000E+00,  2.5377943E+02,2358,  3.0430753E+00,  0.0000000E+00,  5.4527241E-01,  1.0005796E+03,  3.4521199E+04,3,
  6.2789539E+02,  0.0000000E+00,  2.5263416E+02,2282,  2.9870489E+00,  0.0000000E+00,  2.1104355E-01,  1.0010502E+03,  6.2638066E+04,3,
  6.2886584E+02,  0.0000000E+00,  2.5397948E+02,2245,  2.6491218E+00,  0.0000000E+00,  1.5983023E-01,  9.9960492E+02, -2.3462854E+04,3,
  6.2990808E+02,  0.0000000E+00,  2.5340666E+02,2349,  2.4231350E+00,  0.0000000E+00, -5.9589982E-01,  1.0017747E+03,  1.0608097E+05,3,
  6.3024176E+02,  0.0000000E+00,  2.5309282E+02,2222,  2.8067739E+00,  0.0000000E+00, -4.9034664E-01,  9.9976837E+02, -1.3762583E+04,3,
  6.3077643E+02,  0.0000000E+00,  2.5312932E+02,2268,  3.0696168E+00,  0.0000000E+00, -7.4775159E-01,  9.9999420E+02, -3.4475137E+02,3,
  6.3219128E+02,  0.0000000E+00,  2.5299432E+02,2278,  2.6021144E+00,  0.0000000E+00, -3.8678393E-01,  1.0007451E+03,  4.4402293E+04,3,
  6.3282214E+02,  0.0000000E+00,  2.5336281E+02,2248,  2.7369976E+00,  0.0000000E+00, -4.6544805E-01,  9.9981451E+02, -1.1022472E+04,3,
  6.3349542E+02,  0.0000000E+00,  2.5339581E+02,2303,  2.9667630E+00,  0.0000000E+00, -3.8494658E-01,  1.0007519E+03,  4.4806926E+04,3,
  6.3415833E+02,  0.0000000E+00,  2.5407315E+02,2340,  2.7623458E+00,  0.0000000E+00, -2.7674860E-01,  1.0003033E+03,  1.8049039E+04,3,
  6.3539752E+02,  0.0000000E+00,  2.5383806E+02,2302,  2.6321049E+00,  0.0000000E+00, -1.1665923E-02,  1.0003361E+03,  2.0005203E+04,3,
  6.3558484E+02,  0.0000000E+00,  2.5233881E+02,2360,  2.6612830E+00,  0.0000000E+00, -4.8573434E-01,  1.0012521E+03,  7.4726039E+04,3,
  6.3717676E+02,  0.0000000E+00,  2.5373830E+02,2273,  2.5891871E+00,  0.0000000E+00, -8.1419628E-03,  1.0000439E+03,  2.6132424E+03,3,
  6.3770569E+02,  0.0000000E+00,  2.5314676E+02,2227,  2.3776767E+00,  0.0000000E+00, -4.3146297E-01,  1.0009625E+03,  5.7395242E+04,3,
  6.3854468E+02,  0.0000000E+00,  2.5304167E+02,2295,  2.6736412E+00,  0.0000000E+00, -2.9743683E-01,  1.0000809E+03,  4.8096245E+03,3,
  6.3931671E+02,  0.0000000E+00,  2.5300864E+02,2285,  2.6489000E+00,  0.0000000E+00, -3.5208127E-01,  1.0003725E+03,  2.2172705E+04,3,
  6.3985071E+02,  0.0000000E+00,  2.5355086E+02,2297,  2.6344268E+00,  0.0000000E+00, -1.2223807E-02,  1.0007798E+03,  4.6473027E+04,3,
  6.4080328E+02,  0.0000000E+00,  2.5289354E+02,2209,  2.3136930E+00,  0.0000000E+00, -9.9844508E-02,  1.0003140E+03,  1.8688932E+04,3,
  6.4195905E+02,  0.0000000E+00,  2.5303755E+02,2237,  2.3222306E+00,  0.0000000E+00,  2.9635510E-01,  9.9978754E+02, -1.2624587E+04,3,
  6.4232550E+02,  0.0000000E+00,  2.5303905E+02,2351,  2.6185486E+00,  0.0000000E+00,  5.2086818E-01,  1.0000092E+03,  5.4799792E+02,3,
  6.4281616E+02,  0.0000000E+00,  2.5418933E+02,2193,  2.6516309E+00,  0.0000000E+00,  7.8791365E-02,  1.0006441E+03,  3.8371180E+04,3,
  6.4416602E+02,  0.0000000E+00,  2.5249539E+02,2361,  2.7553906E+00,  0.0000000E+00,  4.7676790E-01,  1.0014810E+03,  8.8446844E+04,3,
  6.4457532E+02,  0.0000000E+00,  2.5441499E+02,2313,  2.7179635E+00,  0.0000000E+00,  2.8679711E-01,  1.0000803E+03,  4.7733169E+03,3,
  6.4584845E+02,  0.0000000E+00,  2.5322501E+02,2296,  2.4399474E+00,  0.0000000E+00,  4.9850163E-01,  1.0000966E+03,  5.7427808E+03,3,
  6.4677936E+02,  0.0000000E+00,  2.5278661E+02,2269,  2.8808179E+00,  0.0000000E+00,  2.8863016E-01,  1.0004957E+03,  2.9518811E+04,3,
  6.4684430E+02,  0.0000000E+00,  2.5453062E+02,2274,  2.6271904E+00,  0.0000000E+00,  3.1555927E-01,  1.0002112E+03,  1.2568018E+04,3,
  6.4735736E+02,  0.0000000E+00,  2.5338881E+02,2266,  2.5601077E+00,  0.0000000E+00,  1.7755868E-01,  1.0000775E+03,  4.6099336E+03,3,
  6.4834161E+02,  0.0000000E+00,  2.5480347E+02,2208,  2.5368247E+00,  0.0000000E+00,  2.1185704E-01,  1.0000593E+03,  3.5244097E+03,3,
  6.4882318E+02,  0.0000000E+00,  2.5293417E+02,2322,  2.6576600E+00,  0.0000000E+00, -2.4422766E-03,  1.0006875E+03,  4.0961742E+04,3,
  6.4993121E+02,  0.0000000E+00,  2.5277760E+02,2236,  2.7042699E+00,  0.0000000E+00, -1.9176349E-01,  1.0008004E+03,  4.7701816E+04,3,
  6.5119049E+02,  0.0000000E+00,  2.5360278E+02,2182,  2.4565201E+00,  0.0000000E+00,  3.8122034E-01,  9.9999756E+02, -1.4515993E+02,3,
  6.5147375E+02,  0.0000000E+00,  2.5290778E+02,2342,  2.3861861E+00,  0.0000000E+00, -2.8780991E-01,  1.0007842E+03,  4.6739191E+04,3,
  6.5295203E+02,  0.0000000E+00,  2.5291360E+02,2304,  2.2419875E+00,  0.0000000E+00,  9.5716722E-02,  1.0002648E+03,  1.5755220E+04,3,
  6.5321552E+02,  0.0000000E+00,  2.5435414E+02,2333,  2.4814777E+00,  0.0000000E+00,  2.2491428E-01,  1.0003210E+03,  1.9103430E+04,3,
  6.5382184E+02,  0.0000000E+00,  2.5323744E+02,2323,  2.2405732E+00,  0.0000000E+00,  1.8558204E-02,  9.9997943E+02, -1.2229059E+03,3,
  6.5478680E+02,  0.0000000E+00,  2.5447217E+02,2315,  2.5662076E+00,  0.0000000E+00,  1.3001101E-01,  1.0001190E+03,  7.0754941E+03,3,
  6.5472607E+02,  0.0000000E+00,  2.5295544E+02,2191,  2.4794276E+00,  0.0000000E+00,  1.7913082E-01,  1.0008741E+03,  5.2111395E+04,3,
  6.5593768E+02,  0.0000000E+00,  2.5332907E+02,2305,  2.1753995E+00,  0.0000000E+00,  1.1533819E+00,  9.9990088E+02, -5.8917842E+03,3,
  6.5764111E+02,  0.0000000E+00,  2.5227411E+02,2324,  2.4438252E+00,  0.0000000E+00, -8.7972474E-01,  1.0010779E+03,  6.4296191E+04,3,
  6.5725586E+02,  0.0000000E+00,  2.5368845E+02,2225,  1.8656393E+00,  0.0000000E+00, -6.8711507E-01,  1.0002017E+03,  1.2001188E+04,3,
  6.5882513E+02,  0.0000000E+00,  2.5240689E+02,2155,  2.2458136E+00,  0.0000000E+00, -2.0433276E+00,  1.0008717E+03,  5.1965473E+04,3,
  6.5936353E+02,  0.0000000E+00,  2.5391347E+02,2179,  2.8878253E+00,  0.0000000E+00, -2.3128997E-01,  1.0000457E+03,  2.7185125E+03,3,
  6.6038257E+02,  0.0000000E+00,  2.5407521E+02,2188,  3.0832031E+00,  0.0000000E+00,  5.7470191E-01,  1.0000944E+03,  5.6120610E+03,3,
  6.6162817E+02,  0.0000000E+00,  2.5444112E+02,2294,  2.2981927E+00,  0.0000000E+00,  9.4963497E-01,  1.0000902E+03,  5.3651504E+03,3,
  6.6240344E+02,  0.0000000E+00,  2.5475011E+02,2316,  1.0685000E+00,  0.0000000E+00,  5.8886820E-01,  1.0001258E+03,  7.4822437E+03,3,
  6.6405200E+02,  0.0000000E+00,  2.5336368E+02,2221,  1.7903469E+00,  0.0000000E+00, -6.3686574E-01,  1.0007312E+03,  4.3571203E+04,3,
  6.6380469E+02,  0.0000000E+00,  2.5496147E+02,2352,  1.2036510E+00,  0.0000000E+00, -2.0333645E-01,  1.0001917E+03,  1.1405325E+04,3,
  6.6512219E+02,  0.0000000E+00,  2.5499507E+02,2289,  1.9817986E+00,  0.0000000E+00, -8.2705706E-01,  1.0001513E+03,  9.0004375E+03,3,
  6.6635657E+02,  0.0000000E+00,  2.5437099E+02,2166,  2.2289250E+00,  0.0000000E+00, -8.4533864E-01,  1.0003775E+03,  2.2470955E+04,3,
  6.6735242E+02,  0.0000000E+00,  2.5486409E+02,2255,  2.1211560E+00,  0.0000000E+00, -4.1856274E-01,  1.0002342E+03,  1.3934355E+04,3,
  6.6815955E+02,  0.0000000E+00,  2.5425131E+02,2186,  2.1813014E+00,  0.0000000E+00, -1.2064724E-01,  1.0004694E+03,  2.7946527E+04,3,
  6.6941492E+02,  0.0000000E+00,  2.5412447E+02,2161,  2.0249231E+00,  0.0000000E+00,  1.1518811E-01,  1.0004564E+03,  2.7171396E+04,3,
  6.7060883E+02,  0.0000000E+00,  2.5450722E+02,2258,  1.9503679E+00,  0.0000000E+00,  2.1334434E-01,  1.0002264E+03,  1.3472832E+04,3,
  6.7141174E+02,  0.0000000E+00,  2.5418785E+02,2138,  1.8815868E+00,  0.0000000E+00,  2.0598969E-01,  1.0002664E+03,  1.5853360E+04,3,
  6.7238989E+02,  0.0000000E+00,  2.5421324E+02,2215,  1.9583625E+00,  0.0000000E+00,  1.9232893E-01,  1.0001944E+03,  1.1565188E+04,3,
  6.7332227E+02,  0.0000000E+00,  2.5419022E+02,2203,  1.9721184E+00,  0.0000000E+00,  1.4211804E-01,  1.0001813E+03,  1.0784067E+04,3,
  6.7420203E+02,  0.0000000E+00,  2.5411314E+02,2195,  1.9593437E+00,  0.0000000E+00,  7.3936827E-02,  1.0001910E+03,  1.1361727E+04,3,
  6.7524762E+02,  0.0000000E+00,  2.5405806E+02,2259,  1.9031444E+00,  0.0000000E+00, -9.9144597E-03,  1.0002012E+03,  1.1968487E+04,3,
  6.7619879E+02,  0.0000000E+00,  2.5413101E+02,2232,  1.9894781E+00,  0.0000000E+00, -5.8063727E-02,  1.0002015E+03,  1.1986654E+04,3,
  6.7708679E+02,  0.0000000E+00,  2.5444223E+02,2256,  1.9519082E+00,  0.0000000E+00,  5.3404500E-03,  1.0001924E+03,  1.1448924E+04,3,
  6.7812878E+02,  0.0000000E+00,  2.5425531E+02,2265,  1.9947711E+00,  0.0000000E+00,  1.1608740E-01,  1.0002152E+03,  1.2804206E+04,3,
  6.7928265E+02,  0.0000000E+00,  2.5388895E+02,2286,  1.9863472E+00,  0.0000000E+00,  3.2321239E-01,  1.0003069E+03,  1.8263545E+04,3,
  6.8042578E+02,  0.0000000E+00,  2.5447520E+02,2298,  1.9486803E+00,  0.0000000E+00,  4.3409586E-01,  1.0002413E+03,  1.4355923E+04,3,
  6.8144299E+02,  0.0000000E+00,  2.5440242E+02,2280,  1.9229201E+00,  0.0000000E+00,  4.6418881E-01,  1.0002591E+03,  1.5417190E+04,3,
  6.8263507E+02,  0.0000000E+00,  2.5452748E+02,2288,  1.8551017E+00,  0.0000000E+00,  4.1737089E-01,  1.0002200E+03,  1.3087640E+04,3,
  6.8354669E+02,  0.0000000E+00,  2.5417981E+02,2224,  1.7747501E+00,  0.0000000E+00,  3.4458184E-01,  1.0002377E+03,  1.4141503E+04,3,
  6.8460254E+02,  0.0000000E+00,  2.5385330E+02,2231,  1.7143974E+00,  0.0000000E+00,  2.5471988E-01,  1.0002927E+03,  1.7416459E+04,3,
  6.8565576E+02,  0.0000000E+00,  2.5446965E+02,2132,  1.7130611E+00,  0.0000000E+00,  3.2717139E-01,  1.0001693E+03,  1.0072030E+04,3,
  6.8645117E+02,  0.0000000E+00,  2.5377718E+02,2147,  1.6653017E+00,  0.0000000E+00,  2.9317874E-01,  1.0003391E+03,  2.0179750E+04,3,
  6.8756445E+02,  0.0000000E+00,  2.5415308E+02,2165,  1.6845248E+00,  0.0000000E+00,  3.4059551E-01,  1.0002288E+03,  1.3610924E+04,3,
  6.8862238E+02,  0.0000000E+00,  2.5416216E+02,2151,  1.6747397E+00,  0.0000000E+00,  3.2145390E-01,  1.0002802E+03,  1.6671230E+04,3,
  6.8947363E+02,  0.0000000E+00,  2.5450064E+02,2270,  1.6826769E+00,  0.0000000E+00,  3.0030763E-01,  1.0002398E+03,  1.4268701E+04,3,
  6.9060193E+02,  0.0000000E+00,  2.5438252E+02,2219,  1.6537725E+00,  0.0000000E+00,  2.6312813E-01,  1.0002687E+03,  1.5991484E+04,3,
  6.9163092E+02,  0.0000000E+00,  2.5407233E+02,2250,  1.6239597E+00,  0.0000000E+00,  1.9403215E-01,  1.0003487E+03,  2.0754320E+04,3,
  6.9270343E+02,  0.0000000E+00,  2.5443219E+02,2229,  1.6169484E+00,  0.0000000E+00,  7.7289350E-02,  1.0002578E+03,  1.5337228E+04,3,
  6.9392969E+02,  0.0000000E+00,  2.5398386E+02,2212,  1.5702840E+00,  0.0000000E+00, -1.0079633E-01,  1.0003582E+03,  2.1318012E+04,3,
  6.9488409E+02,  0.0000000E+00,  2.5452005E+02,2223,  1.5971171E+00,  0.0000000E+00, -2.2297159E-01,  1.0002642E+03,  1.5722507E+04,3,
  7.0111328E+02,  0.0000000E+00,  2.5162294E+02,2177, -3.3491749E-01,  0.0000000E+00,  1.0753052E+00,  1.0008766E+03,  5.2260969E+04,3,
  6.9598975E+02,  0.0000000E+00,  2.5455063E+02,2220,  1.7414192E+00,  0.0000000E+00, -2.9779083E-01,  1.0002969E+03,  1.7670941E+04,3,
  6.9697974E+02,  0.0000000E+00,  2.5459926E+02,2144,  1.8073790E+00,  0.0000000E+00, -2.2990251E-01,  1.0002888E+03,  1.7183797E+04,3,
  7.0226074E+02,  0.0000000E+00,  2.5241090E+02,2142,  2.8374245E+00,  0.0000000E+00,  1.6218413E+00,  1.0010681E+03,  6.3708148E+04,3,
  6.9829504E+02,  0.0000000E+00,  2.5473462E+02,2127,  1.9003932E+00,  0.0000000E+00, -1.8808259E-01,  1.0001921E+03,  1.1430758E+04,3,
  6.9851019E+02,  0.0000000E+00,  2.5328893E+02,2143,  1.4574453E+00,  0.0000000E+00,  5.4479444E-01,  1.0002844E+03,  1.6922057E+04,3,
  7.0015637E+02,  0.0000000E+00,  2.5475078E+02,2253,  2.2355518E+00,  0.0000000E+00, -2.4943732E-01,  1.0002304E+03,  1.3709042E+04,3,
  7.0135461E+02,  0.0000000E+00,  2.5475856E+02,2101,  2.7710037E+00,  0.0000000E+00, -2.1038258E-02,  1.0004072E+03,  2.4242455E+04,3,
  7.0288800E+02,  0.0000000E+00,  2.5473317E+02,2242,  3.4004683E+00,  0.0000000E+00,  1.7281218E-01,  1.0006968E+03,  4.1515648E+04,3,
  7.0309021E+02,  0.0000000E+00,  2.5331335E+02,2157,  2.2404776E+00,  0.0000000E+00,  2.6152548E-01,  9.9934198E+02, -3.9047367E+04,3,
  7.0315887E+02,  0.0000000E+00,  2.5324767E+02,2160,  1.7423948E+00,  0.0000000E+00, -1.0999102E-01,  9.9883313E+02, -6.9137297E+04,3,
  7.0542792E+02,  0.0000000E+00,  2.5425330E+02,2213,  2.9586835E+00,  0.0000000E+00,  1.0301847E+00,  1.0007128E+03,  4.2474125E+04,3,
  7.0533563E+02,  0.0000000E+00,  2.5269601E+02,2252,  1.6189921E+00,  0.0000000E+00,  1.2577899E-01,  1.0012074E+03,  7.2049930E+04,3,
  7.0715424E+02,  0.0000000E+00,  2.5280219E+02,2124,  1.9673516E+00,  0.0000000E+00, -2.5123756E-02,  9.9995270E+02, -2.8120952E+03,3,
  7.0703711E+02,  0.0000000E+00,  2.5445262E+02,2271,  1.5080327E+00,  0.0000000E+00,  3.6704677E-01,  1.0003542E+03,  2.1085258E+04,3,
  7.0790637E+02,  0.0000000E+00,  2.5295444E+02,2094,  2.0785179E+00,  0.0000000E+00, -1.2113870E-01,  1.0001916E+03,  1.1398059E+04,3,
  7.0864679E+02,  0.0000000E+00,  2.5316646E+02,2206,  1.9460245E+00,  0.0000000E+00, -4.3157133E-01,  1.0006467E+03,  3.8524191E+04,3,
  7.0951068E+02,  0.0000000E+00,  2.5318318E+02,2114,  1.7159886E+00,  0.0000000E+00,  1.0024142E-01,  9.9972491E+02, -1.6342523E+04,3,
  7.0995850E+02,  0.0000000E+00,  2.5325023E+02,2106,  1.4035954E+00,  0.0000000E+00,  1.1471587E-01,  1.0005764E+03,  3.4328191E+04,3,
  7.1108069E+02,  0.0000000E+00,  2.5400255E+02,2125,  2.5401552E+00,  0.0000000E+00, -4.3420172E-01,  1.0005975E+03,  3.5588262E+04,3,
  7.1305048E+02,  0.0000000E+00,  2.5394118E+02,2167,  2.6981282E+00,  0.0000000E+00, -2.4009308E-01,  1.0008302E+03,  4.9485109E+04,3,
  7.1194373E+02,  0.0000000E+00,  2.5279716E+02,2184,  1.5948770E+00,  0.0000000E+00,  4.3111479E-01,  9.9906335E+02, -5.5534773E+04,3,
  7.1315411E+02,  0.0000000E+00,  2.5295998E+02,2130,  2.0611577E+00,  0.0000000E+00, -3.7040201E-01,  1.0017737E+03,  1.0602595E+05,3,
  7.1401239E+02,  0.0000000E+00,  2.5296765E+02,2205,  1.6606104E+00,  0.0000000E+00,  1.4081773E-01,  1.0003978E+03,  2.3682234E+04,3,
  7.1540607E+02,  0.0000000E+00,  2.5294347E+02,2154,  1.9899367E+00,  0.0000000E+00, -3.2031202E-01,  9.9764056E+02, -1.3929811E+05,3,
  7.1610510E+02,  0.0000000E+00,  2.5371599E+02,2244,  2.7360346E+00,  0.0000000E+00, -5.5951977E-01,  1.0004482E+03,  2.6683785E+04,3,
  7.1693933E+02,  0.0000000E+00,  2.5292554E+02,2120,  1.6809082E+00,  0.0000000E+00, -1.1165653E+00,  1.0005428E+03,  3.2325518E+04,3,
  7.1760449E+02,  0.0000000E+00,  2.5267390E+02,2174,  1.9101614E+00,  0.0000000E+00, -1.4826897E+00,  1.0030643E+03,  1.8387866E+05,3,
  7.1942981E+02,  0.0000000E+00,  2.5169379E+02,2163,  3.1128755E+00,  0.0000000E+00, -1.8068621E+00,  9.9868787E+02, -7.7710344E+04,3,
  7.1889880E+02,  0.0000000E+00,  2.5296652E+02,2198,  1.2339753E+00,  0.0000000E+00, -7.6365983E-01,  9.9980060E+02, -1.1848935E+04,3,
  7.2143872E+02,  0.0000000E+00,  2.5225534E+02,2169,  2.0241017E+00,  0.0000000E+00, -1.0490987E-01,  1.0034257E+03,  2.0579159E+05,3,
  7.2134912E+02,  0.0000000E+00,  2.5281915E+02,2190,  2.6465485E+00,  0.0000000E+00, -3.5835296E-01,  1.0005894E+03,  3.5107523E+04,3,
  7.2417633E+02,  0.0000000E+00,  2.5147551E+02,2107,  3.0527744E+00,  0.0000000E+00,  5.6726795E-01,  9.9977173E+02, -1.3563262E+04,3,
  7.2450024E+02,  0.0000000E+00,  2.5216548E+02,2123,  2.1710126E+00,  0.0000000E+00,  3.0898443E-01,  1.0010672E+03,  6.3657016E+04,3,
  7.2603790E+02,  0.0000000E+00,  2.5281908E+02,2095,  2.2841187E+00,  0.0000000E+00,  1.1859143E-01,  1.0001080E+03,  6.4254561E+03,3,
  7.2937079E+02,  0.0000000E+00,  2.5178409E+02,2158,  1.7625637E+00,  0.0000000E+00, -1.6179307E-01,  1.0002859E+03,  1.7016574E+04,3,
  7.2668127E+02,  0.0000000E+00,  2.5274020E+02,2116,  2.5554216E+00,  0.0000000E+00, -5.9589263E-02,  1.0000783E+03,  4.6571328E+03,3,
  7.3173145E+02,  0.0000000E+00,  2.5206665E+02,2139,  1.9454747E+00,  0.0000000E+00, -3.9374173E-01,  1.0005989E+03,  3.5672031E+04,3,
  7.3304504E+02,  0.0000000E+00,  2.5195222E+02,2133,  1.8500824E+00,  0.0000000E+00, -7.3036259E-01,  1.0019647E+03,  1.1750545E+05,3,
  7.3429199E+02,  0.0000000E+00,  2.5290454E+02,2156,  1.4941289E+00,  0.0000000E+00, -5.1913851E-01,  1.0003444E+03,  2.0496123E+04,3,
  7.3573853E+02,  0.0000000E+00,  2.5239600E+02,2108,  1.9152151E+00,  0.0000000E+00, -7.5248617E-01,  1.0005566E+03,  3.3148387E+04,3,
  7.4017145E+02,  0.0000000E+00,  2.5144933E+02,2076,  1.0916528E+00,  0.0000000E+00,  1.2314825E-01,  1.0003636E+03,  2.1641695E+04,3,
  7.4119775E+02,  0.0000000E+00,  2.5174388E+02,2131,  5.2235395E-01,  0.0000000E+00,  8.4783781E-01,  1.0008596E+03,  5.1243184E+04,3,
  7.3711597E+02,  0.0000000E+00,  2.5292696E+02,2175,  1.7134933E+00,  0.0000000E+00, -2.9698890E-01,  1.0003492E+03,  2.0783412E+04,3,
  7.4151562E+02,  0.0000000E+00,  2.5231351E+02,2093,  1.3649933E+00,  0.0000000E+00,  2.3675995E+00,  9.9782935E+02, -1.2822523E+05,3,
  7.4243396E+02,  0.0000000E+00,  2.5337471E+02,2090,  1.6623029E+00,  0.0000000E+00,  6.0916930E-01,  1.0007455E+03,  4.4424164E+04,3,
  7.3913794E+02,  0.0000000E+00,  2.5238622E+02,2078,  1.3243449E+00,  0.0000000E+00,  3.1686795E-01,  1.0015203E+03,  9.0805055E+04,3,
  7.4184509E+02,  0.0000000E+00,  2.5393713E+02,2199,  4.0155988E+00,  0.0000000E+00,  1.0052023E+00,  1.0001890E+03,  1.1245466E+04,3,
  7.4317743E+02,  0.0000000E+00,  2.5315004E+02,2118,  1.4728669E+00,  0.0000000E+00,  9.2075491E-01,  1.0004422E+03,  2.6327191E+04,3,
  7.4329401E+02,  0.0000000E+00,  2.5342308E+02,2092,  2.2036767E+00,  0.0000000E+00, -2.8819585E-01,  9.9990845E+02, -5.4420425E+03,3,
  7.4650568E+02,  0.0000000E+00,  2.5298328E+02,2178,  2.4872298E+00,  0.0000000E+00,  7.4321622E-01,  1.0004183E+03,  2.4904574E+04,3,
  7.4757458E+02,  0.0000000E+00,  2.5354605E+02,2084,  2.3249967E+00,  0.0000000E+00,  6.9487911E-01,  9.9810901E+02, -1.1179862E+05,3,
  7.4662018E+02,  0.0000000E+00,  2.5336589E+02,2030,  2.8307793E+00,  0.0000000E+00,  1.9171862E-01,  1.0012625E+03,  7.5347641E+04,3,
  7.4783246E+02,  0.0000000E+00,  2.5316766E+02,2070,  3.0220449E+00,  0.0000000E+00,  1.2973711E-01,  1.0008759E+03,  5.2213543E+04,3,
  7.4838257E+02,  0.0000000E+00,  2.5373595E+02,2137,  1.7377126E+00,  0.0000000E+00,  4.9313241E-01,  9.9971783E+02, -1.6762787E+04,3,
  7.4984155E+02,  0.0000000E+00,  2.5296660E+02,2089,  1.9534894E+00,  0.0000000E+00, -1.1269462E+00,  1.0017681E+03,  1.0568852E+05,3,
  7.5139691E+02,  0.0000000E+00,  2.5301976E+02,2129,  2.9824407E+00,  0.0000000E+00, -1.3050704E+00,  9.9981549E+02, -1.0964472E+04,3,
  7.5148590E+02,  0.0000000E+00,  2.5276579E+02,2109,  2.1617031E+00,  0.0000000E+00,  7.6393449E-01,  1.0005731E+03,  3.4135191E+04,3,
  7.5318353E+02,  0.0000000E+00,  2.5303888E+02,2075,  2.3892894E+00,  0.0000000E+00,  3.1244400E-01,  1.0012183E+03,  7.2704266E+04,3,
  7.5365515E+02,  0.0000000E+00,  2.5271310E+02,2134,  2.2301366E+00,  0.0000000E+00,  2.0354284E-01,  9.9859296E+02, -8.3307602E+04,3,
  7.5473877E+02,  0.0000000E+00,  2.5332504E+02,2103,  2.5434029E+00,  0.0000000E+00,  5.3162957E-03,  1.0006276E+03,  3.7383957E+04,3,
  7.5467523E+02,  0.0000000E+00,  2.5325092E+02,2104,  2.1872230E+00,  0.0000000E+00, -1.0250934E+00,  1.0020461E+03,  1.2240511E+05,3,
  7.5580505E+02,  0.0000000E+00,  2.5406613E+02,2140,  3.4689965E+00,  0.0000000E+00, -2.8373662E-01,  9.9997644E+02, -1.4007046E+03,3,
  7.5722028E+02,  0.0000000E+00,  2.5302031E+02,2136,  2.5666847E+00,  0.0000000E+00, -6.3197249E-01,  1.0006279E+03,  3.7405812E+04,3,
  7.5717938E+02,  0.0000000E+00,  2.5305887E+02,2072,  1.9856639E+00,  0.0000000E+00, -1.2084051E-01,  1.0002604E+03,  1.5493519E+04,3,
  7.5911365E+02,  0.0000000E+00,  2.5302745E+02,2145,  2.1717153E+00,  0.0000000E+00,  9.9311423E-01,  1.0010153E+03,  6.0553023E+04,3,
  7.5917682E+02,  0.0000000E+00,  2.5309053E+02,2097,  2.5468779E+00,  0.0000000E+00,  3.6871785E-01,  1.0013779E+03,  8.2268320E+04,3,
  7.6021588E+02,  0.0000000E+00,  2.5285199E+02,2115,  2.3567348E+00,  0.0000000E+00,  1.8370014E-01,  9.9920221E+02, -4.7321605E+04,3,
  7.6065662E+02,  0.0000000E+00,  2.5286578E+02,2083,  3.1245947E+00,  0.0000000E+00, -2.6571053E-01,  1.0008412E+03,  5.0145262E+04,3,
  7.6300427E+02,  0.0000000E+00,  2.5304225E+02,2126,  1.7293459E+00,  0.0000000E+00,  2.2769907E-01,  1.0026829E+03,  1.6081075E+05,3,
  7.6339600E+02,  0.0000000E+00,  2.5308679E+02,2059,  2.2223847E+00,  0.0000000E+00,  1.4219270E-02,  1.0017872E+03,  1.0683657E+05,3,
  7.6463361E+02,  0.0000000E+00,  2.5294894E+02,2096,  2.3450112E+00,  0.0000000E+00,  1.8701145E-02,  9.9781177E+02, -1.2925679E+05,3,
  7.6474811E+02,  0.0000000E+00,  2.5353149E+02,2099,  2.3508346E+00,  0.0000000E+00,  2.0427344E-02,  9.9969440E+02, -1.8153877E+04,3,
  7.6544891E+02,  0.0000000E+00,  2.5306747E+02,2080,  2.1797268E+00,  0.0000000E+00,  3.0287847E-01,  1.0004753E+03,  2.8299543E+04,3,
  7.6662683E+02,  0.0000000E+00,  2.5291957E+02,2088,  2.2074203E+00,  0.0000000E+00, -3.5927773E-01,  1.0013693E+03,  8.1748742E+04,3,
  7.6791565E+02,  0.0000000E+00,  2.5315642E+02,2073,  2.2955470E+00,  0.0000000E+00,  4.6773911E-01,  1.0025035E+03,  1.4997802E+05,3,
  7.6922253E+02,  0.0000000E+00,  2.5313429E+02,2110,  2.2106278E+00,  0.0000000E+00,  2.2782180E-01,  1.0009737E+03,  5.8063223E+04,3,
  7.7010748E+02,  0.0000000E+00,  2.5313332E+02,2079,  2.1361992E+00,  0.0000000E+00,  8.8462234E-03,  9.9885529E+02, -6.7829070E+04,3,
  7.7035895E+02,  0.0000000E+00,  2.5322331E+02,2085,  2.0143404E+00,  0.0000000E+00,  1.6057198E-01,  9.9921979E+02, -4.6281383E+04,3,
  7.7140094E+02,  0.0000000E+00,  2.5325235E+02,2098,  2.1801732E+00,  0.0000000E+00,  9.7251153E-01,  1.0015533E+03,  9.2790195E+04,3,
  7.7295569E+02,  0.0000000E+00,  2.5299109E+02,2067,  2.1415584E+00,  0.0000000E+00, -1.4720276E-01,  1.0011426E+03,  6.8168656E+04,3,
  7.7296454E+02,  0.0000000E+00,  2.5293587E+02,2082,  2.0811875E+00,  0.0000000E+00, -2.8859749E-01,  9.9960327E+02, -2.3560605E+04,3,
  7.7409412E+02,  0.0000000E+00,  2.5313724E+02,2055,  2.4119656E+00,  0.0000000E+00, -1.5638094E-01,  1.0028305E+03,  1.6973188E+05,3,
  7.7525458E+02,  0.0000000E+00,  2.5308957E+02,2071,  1.3917609E+00,  0.0000000E+00,  3.6023673E-01,  9.9901764E+02, -5.8237301E+04,3,
  7.7604211E+02,  0.0000000E+00,  2.5377122E+02,2086,  1.4838655E+00,  0.0000000E+00,  2.3806555E+00,  9.9962848E+02, -2.2065270E+04,3,
  7.7658154E+02,  0.0000000E+00,  2.5383464E+02,2056,  2.3005116E+00,  0.0000000E+00,  2.7220621E+00,  9.9964532E+02, -2.1065838E+04,3,
  7.8351099E+02,  0.0000000E+00,  2.5213623E+02,2087,  2.7321434E+00,  0.0000000E+00,  1.9290069E+00,  9.9791669E+02, -1.2309802E+05,3,
  7.7831049E+02,  0.0000000E+00,  2.5384209E+02,2100,  2.1723788E+00,  0.0000000E+00,  1.8478481E+00,  1.0004557E+03,  2.7135006E+04,3,
  7.7839081E+02,  0.0000000E+00,  2.5342035E+02,2065, -4.1625059E-01,  0.0000000E+00,  3.1703410E+00,  1.0013635E+03,  8.1404805E+04,3,
  7.7918225E+02,  0.0000000E+00,  2.5244351E+02,2066,  4.4816953E-01,  0.0000000E+00,  2.2739506E+00,  1.0031407E+03,  1.8850744E+05,3,
  7.8085413E+02,  0.0000000E+00,  2.5252800E+02,2033,  2.5661457E+00,  0.0000000E+00,  5.6217647E-01,  9.9754938E+02, -1.4464211E+05,3,
  7.8479840E+02,  0.0000000E+00,  2.5142506E+02,2053,  9.6302241E-01,  0.0000000E+00,  1.6190709E+00,  9.8981818E+02, -5.8720900E+05,3,
  7.8580170E+02,  0.0000000E+00,  2.5155380E+02,2062,  1.2407880E-01,  0.0000000E+00,  1.9308727E+00,  1.0024664E+03,  1.4773847E+05,3,
  7.8540912E+02,  0.0000000E+00,  2.5148973E+02,2068,  5.4745853E-01,  0.0000000E+00,  1.1293718E+00,  1.0053812E+03,  3.2516472E+05,3,
  8.0100861E+02,  0.0000000E+00,  2.5190511E+02,2029, -8.4725296E-01,  0.0000000E+00, -4.1920555E-01,  1.0002593E+03,  1.5431729E+04,3,
  8.1049048E+02,  0.0000000E+00,  2.5172607E+02,2061, -9.8246527E-01,  0.0000000E+00, -1.2710091E-01,  1.0009323E+03,  5.5588641E+04,3,
 -3.9320392E+02,  0.0000000E+00,  2.6409540E+02,3811,  1.7461816E-02,  0.0000000E+00,  9.6120835E-05,  1.0001064E+03,  6.3310410E+03,3,
 -3.9636902E+02,  0.0000000E+00,  2.6430557E+02,3820,  1.4269421E-02,  0.0000000E+00, -3.3353164E-03,  1.0004804E+03,  2.8605256E+04,3,
 -3.9447955E+02,  0.0000000E+00,  2.6487778E+02,3815,  2.7840739E-02,  0.0000000E+00, -9.8428773E-03,  1.0008611E+03,  5.1334379E+04,3,
 -3.9681412E+02,  0.0000000E+00,  2.6492801E+02,3821,  8.4768812E-04,  0.0000000E+00, -5.5864877E-03,  1.0005977E+03,  3.5602832E+04,3,
 -3.9049094E+02,  0.0000000E+00,  2.6393832E+02,3802,  8.1221266E-03,  0.0000000E+00,  1.6181181E-03,  1.0003099E+03,  1.8441695E+04,3,
 -3.8755777E+02,  0.0000000E+00,  2.6391800E+02,3793,  2.2975186E-02,  0.0000000E+00,  2.8205521E-03,  1.0002258E+03,  1.3432858E+04,3,
 -3.8495374E+02,  0.0000000E+00,  2.6396649E+02,3784,  2.5047902E-03,  0.0000000E+00, -1.9394979E-03,  1.0001697E+03,  1.0097459E+04,3,
 -3.8227234E+02,  0.0000000E+00,  2.6383362E+02,3775,  2.6664233E-02,  0.0000000E+00,  9.5925556E-04,  1.0002748E+03,  1.6351345E+04,3,
 -3.7870227E+02,  0.0000000E+00,  2.6374744E+02,3766, -4.1808398E-03,  0.0000000E+00,  3.8938595E-03,  1.0000802E+03,  4.7696860E+03,3,
 -3.8012482E+02,  0.0000000E+00,  2.6458282E+02,3788, -8.3391806E-03,  0.0000000E+00,  1.2548811E-02,  1.0008290E+03,  4.9415812E+04,3,
 -3.7746429E+02,  0.0000000E+00,  2.6497699E+02,3776,  1.4591558E-02,  0.0000000E+00, -2.9971467E-02,  1.0013409E+03,  8.0047477E+04,3,
 -3.7488495E+02,  0.0000000E+00,  2.6372852E+02,3757,  1.2667075E-02,  0.0000000E+00,  1.6887919E-03,  9.9991125E+02, -5.2751978E+03,3,
 -3.7121750E+02,  0.0000000E+00,  2.6384366E+02,3748,  4.2734750E-02,  0.0000000E+00, -8.2150931E-03,  1.0002433E+03,  1.4475855E+04,3,
 -3.7578168E+02,  0.0000000E+00,  2.6473993E+02,3777,  2.7278388E-02,  0.0000000E+00, -9.6349297E-03,  1.0009310E+03,  5.5508355E+04,3,
 -3.7221564E+02,  0.0000000E+00,  2.6463474E+02,3767,  3.5004076E-02,  0.0000000E+00, -1.6886119E-02,  1.0008456E+03,  5.0407879E+04,3,
 -3.6876089E+02,  0.0000000E+00,  2.6389923E+02,3739,  6.6646405E-02,  0.0000000E+00,  1.4067509E-03,  1.0004252E+03,  2.5312055E+04,3,
 -3.6378247E+02,  0.0000000E+00,  2.6384756E+02,3730,  1.0198112E-01,  0.0000000E+00,  7.3557952E-03,  1.0002352E+03,  1.3992502E+04,3,
 -3.6563565E+02,  0.0000000E+00,  2.6432581E+02,3740,  7.2786249E-02,  0.0000000E+00, -5.7641370E-03,  1.0003672E+03,  2.1856277E+04,3,
 -3.6714038E+02,  0.0000000E+00,  2.6439694E+02,3750,  8.4048465E-02,  0.0000000E+00, -1.1738647E-02,  1.0006444E+03,  3.8389398E+04,3,
 -3.6085788E+02,  0.0000000E+00,  2.6377847E+02,3721,  3.4235109E-02,  0.0000000E+00,  9.6676210E-03,  1.0002202E+03,  1.3098541E+04,3,
 -3.5908533E+02,  0.0000000E+00,  2.6452493E+02,3731,  8.7121185E-03,  0.0000000E+00, -2.3585742E-03,  1.0005449E+03,  3.2452949E+04,3,
 -3.5693845E+02,  0.0000000E+00,  2.6370895E+02,3712,  2.4001148E-02,  0.0000000E+00, -1.1753069E-03,  1.0001500E+03,  8.9205264E+03,3,
 -3.5457355E+02,  0.0000000E+00,  2.6428839E+02,3722,  3.3253696E-02,  0.0000000E+00,  7.0586144E-03,  1.0005862E+03,  3.4918148E+04,3,
 -3.5258588E+02,  0.0000000E+00,  2.6368512E+02,3703,  6.0318410E-03,  0.0000000E+00,  1.2581862E-03,  1.0003604E+03,  2.1448939E+04,3,
 -3.4990912E+02,  0.0000000E+00,  2.6439291E+02,3723,  5.6309503E-02,  0.0000000E+00, -6.3356371E-03,  1.0006777E+03,  4.0375074E+04,3,
 -3.4850577E+02,  0.0000000E+00,  2.6376172E+02,3694,  2.7769705E-02,  0.0000000E+00,  1.6644809E-03,  1.0003210E+03,  1.9103430E+04,3,
 -3.4494168E+02,  0.0000000E+00,  2.6373648E+02,3685,  9.5023643E-03,  0.0000000E+00,  1.3213640E-03,  1.0001648E+03,  9.8032129E+03,3,
 -3.4361139E+02,  0.0000000E+00,  2.6465549E+02,3704,  9.6394412E-02,  0.0000000E+00, -1.1387704E-02,  1.0006404E+03,  3.8148957E+04,3,
 -3.4639581E+02,  0.0000000E+00,  2.6472583E+02,3713,  1.0755166E-01,  0.0000000E+00, -5.1090675E-03,  1.0007990E+03,  4.7617949E+04,3,
 -3.4083276E+02,  0.0000000E+00,  2.6374176E+02,3676,  1.0077625E-01,  0.0000000E+00, -3.5377531E-03,  1.0002221E+03,  1.3214824E+04,3,
 -3.3751843E+02,  0.0000000E+00,  2.6385049E+02,3667,  1.2268941E-01,  0.0000000E+00, -2.2675660E-02,  1.0000233E+03,  1.3827550E+03,3,
 -3.3932047E+02,  0.0000000E+00,  2.6484842E+02,3686,  1.6462825E-01,  0.0000000E+00,  2.0245561E-02,  1.0004164E+03,  2.4791793E+04,3,
 -3.4182419E+02,  0.0000000E+00,  2.6475854E+02,3705,  6.7269959E-02,  0.0000000E+00, -6.8004541E-02,  1.0012368E+03,  7.3808328E+04,3,
 -3.3480917E+02,  0.0000000E+00,  2.6383160E+02,3658,  2.3845264E-01,  0.0000000E+00, -2.3341055E-03,  1.0002885E+03,  1.7169256E+04,3,
 -3.3348358E+02,  0.0000000E+00,  2.6491965E+02,3677,  1.4875774E-01,  0.0000000E+00,  4.6148606E-02,  1.0008447E+03,  5.0349516E+04,3,
 -3.3169290E+02,  0.0000000E+00,  2.6378171E+02,3649,  2.3507608E-01,  0.0000000E+00, -1.4200093E-03,  1.0003258E+03,  1.9390680E+04,3,
 -3.2967661E+02,  0.0000000E+00,  2.6440570E+02,3678,  1.1811706E-01,  0.0000000E+00, -8.9110816E-03,  1.0005167E+03,  3.0767352E+04,3,
 -3.2799066E+02,  0.0000000E+00,  2.6384387E+02,3640,  2.8094378E-01,  0.0000000E+00,  1.6516596E-02,  1.0001450E+03,  8.6263154E+03,3,
 -3.2583932E+02,  0.0000000E+00,  2.6466675E+02,3668,  2.6886556E-01,  0.0000000E+00,  1.3085491E-02,  1.0006124E+03,  3.6480605E+04,3,
 -3.2462003E+02,  0.0000000E+00,  2.6373758E+02,3631,  1.2734149E-01,  0.0000000E+00,  2.4779581E-02,  1.0004106E+03,  2.4446180E+04,3,
 -3.2222162E+02,  0.0000000E+00,  2.6440063E+02,3669,  1.6537835E-01,  0.0000000E+00,  5.3383922E-03,  1.0007568E+03,  4.5102211E+04,3,
 -3.2066870E+02,  0.0000000E+00,  2.6374057E+02,3622,  3.9352126E-02,  0.0000000E+00,  1.7766879E-03,  1.0003456E+03,  2.0568854E+04,3,
 -3.1855896E+02,  0.0000000E+00,  2.6473932E+02,3641,  1.9645064E-01,  0.0000000E+00, -1.3852184E-01,  1.0010513E+03,  6.2703805E+04,3,
 -3.1724680E+02,  0.0000000E+00,  2.6381323E+02,3613,  2.2604024E-01,  0.0000000E+00, -9.9985180E-03,  1.0000608E+03,  3.6151680E+03,3,
 -3.1429550E+02,  0.0000000E+00,  2.6383594E+02,3604,  1.6787814E-01,  0.0000000E+00,  2.0011470E-02,  9.9992841E+02, -4.2559321E+03,3,
 -3.1089505E+02,  0.0000000E+00,  2.6372980E+02,3595,  1.8656442E-01,  0.0000000E+00,  5.0313720E-03,  9.9994733E+02, -3.1313538E+03,3,
 -3.1411948E+02,  0.0000000E+00,  2.6498126E+02,3642,  2.1148804E-01,  0.0000000E+00,  3.1947069E-02,  1.0013533E+03,  8.0793797E+04,3,
 -3.1217389E+02,  0.0000000E+00,  2.6492966E+02,3632,  2.1841909E-01,  0.0000000E+00, -1.2914142E-01,  1.0009953E+03,  5.9355504E+04,3,
 -3.0844376E+02,  0.0000000E+00,  2.6454178E+02,3623,  2.6557404E-01,  0.0000000E+00,  3.3521622E-02,  1.0005471E+03,  3.2580381E+04,3,
 -3.0688763E+02,  0.0000000E+00,  2.6377676E+02,3586,  6.9265775E-02,  0.0000000E+00, -8.8959672E-03,  1.0003118E+03,  1.8558041E+04,3,
 -3.0269919E+02,  0.0000000E+00,  2.6472308E+02,3624,  1.3088925E-01,  0.0000000E+00,  4.8513833E-02,  1.0004161E+03,  2.4773602E+04,3,
 -3.0404388E+02,  0.0000000E+00,  2.6382040E+02,3577,  1.7607477E-01,  0.0000000E+00, -3.0081042E-03,  1.0004476E+03,  2.6647398E+04,3,
 -3.0070770E+02,  0.0000000E+00,  2.6374066E+02,3568, -5.9375279E-02,  0.0000000E+00,  4.5660656E-02,  1.0002119E+03,  1.2607987E+04,3,
 -2.9614169E+02,  0.0000000E+00,  2.6381378E+02,3559, -1.5507366E-03,  0.0000000E+00,  2.1854376E-02,  1.0004105E+03,  2.4435266E+04,3,
 -2.9774286E+02,  0.0000000E+00,  2.6430035E+02,3596, -2.0782071E-01,  0.0000000E+00, -1.2835531E-02,  1.0001930E+03,  1.1481623E+04,3,
 -2.9952393E+02,  0.0000000E+00,  2.6485022E+02,3634,  2.6551923E-01,  0.0000000E+00, -1.3577677E-02,  1.0011023E+03,  6.5757320E+04,3,
 -2.9297220E+02,  0.0000000E+00,  2.6378381E+02,3550, -1.2307733E-01,  0.0000000E+00,  1.5354491E-02,  9.9999231E+02, -4.5724658E+02,3,
 -2.8911783E+02,  0.0000000E+00,  2.6375409E+02,3541,  1.6996917E-01,  0.0000000E+00,  1.6206770E-03,  1.0000811E+03,  4.8205171E+03,3,
 -2.9218362E+02,  0.0000000E+00,  2.6473279E+02,3587,  5.2799970E-01,  0.0000000E+00,  3.1599458E-04,  1.0012548E+03,  7.4890578E+04,3,
 -2.9037219E+02,  0.0000000E+00,  2.6480215E+02,3606,  2.8047380E-01,  0.0000000E+00, -1.6310859E-01,  1.0004289E+03,  2.5533994E+04,3,
 -2.8745587E+02,  0.0000000E+00,  2.6472012E+02,3597,  2.9638591E-01,  0.0000000E+00,  5.3087775E-02,  1.0003180E+03,  1.8925266E+04,3,
 -2.8559729E+02,  0.0000000E+00,  2.6372238E+02,3532,  2.6523685E-01,  0.0000000E+00, -3.1862967E-02,  1.0003162E+03,  1.8819824E+04,3,
 -2.8198407E+02,  0.0000000E+00,  2.6382547E+02,3523,  4.4964445E-01,  0.0000000E+00,  4.9560880E-03,  1.0002048E+03,  1.2182860E+04,3,
 -2.8330899E+02,  0.0000000E+00,  2.6456622E+02,3569,  2.5398791E-01,  0.0000000E+00, -2.4519464E-02,  1.0006162E+03,  3.6706438E+04,3,
 -2.7993848E+02,  0.0000000E+00,  2.6453317E+02,3560,  3.3877707E-01,  0.0000000E+00, -5.8241794E-03,  1.0003387E+03,  2.0157932E+04,3,
 -2.7892239E+02,  0.0000000E+00,  2.6445459E+02,3551,  3.5177562E-01,  0.0000000E+00,  8.2068401E-04,  1.0007755E+03,  4.6217809E+04,3,
 -2.7727386E+02,  0.0000000E+00,  2.6386148E+02,3514,  4.4966289E-01,  0.0000000E+00, -1.5951099E-02,  1.0003536E+03,  2.1045254E+04,3,
 -2.7501822E+02,  0.0000000E+00,  2.6492197E+02,3579,  2.6892343E-01,  0.0000000E+00,  7.7397868E-05,  1.0012539E+03,  7.4835727E+04,3,
 -2.7444455E+02,  0.0000000E+00,  2.6385730E+02,3505,  4.4219983E-01,  0.0000000E+00,  1.6998496E-02,  1.0000502E+03,  2.9871377E+03,3,
 -2.6993927E+02,  0.0000000E+00,  2.6431345E+02,3542,  4.7979593E-01,  0.0000000E+00,  5.1078431E-02,  1.0003714E+03,  2.2107236E+04,3,
 -2.7171387E+02,  0.0000000E+00,  2.6387000E+02,3496,  5.4329878E-01,  0.0000000E+00, -5.5225912E-02,  1.0003115E+03,  1.8539863E+04,3,
 -2.6848648E+02,  0.0000000E+00,  2.6436987E+02,3570,  5.9517223E-01,  0.0000000E+00,  6.9750436E-02,  1.0004169E+03,  2.4820898E+04,3,
 -2.6641553E+02,  0.0000000E+00,  2.6377414E+02,3487,  2.4766204E-01,  0.0000000E+00,  1.3512273E-02,  1.0001063E+03,  6.3201470E+03,3,
 -2.6367035E+02,  0.0000000E+00,  2.6458710E+02,3533,  3.7776032E-01,  0.0000000E+00, -1.0194122E-01,  1.0009680E+03,  5.7723750E+04,3,
 -2.6266385E+02,  0.0000000E+00,  2.6380081E+02,3478,  3.7378490E-01,  0.0000000E+00,  4.8053376E-03,  1.0001500E+03,  8.9205264E+03,3,
 -2.6549240E+02,  0.0000000E+00,  2.6498145E+02,3581,  6.3509959E-01,  0.0000000E+00,  3.0026842E-02,  1.0010318E+03,  6.1538891E+04,3,
 -2.5950809E+02,  0.0000000E+00,  2.6379745E+02,3469,  5.0554681E-01,  0.0000000E+00, -3.8060747E-02,  1.0001340E+03,  7.9689121E+03,3,
 -2.5771039E+02,  0.0000000E+00,  2.6442313E+02,3524,  3.8490185E-01,  0.0000000E+00,  4.5148574E-02,  1.0007587E+03,  4.5211578E+04,3,
 -2.5584447E+02,  0.0000000E+00,  2.6386002E+02,3460,  4.7868839E-01,  0.0000000E+00,  1.2076400E-02,  1.0004367E+03,  2.5999717E+04,3,
 -2.5404675E+02,  0.0000000E+00,  2.6474240E+02,3552,  3.6783054E-01,  0.0000000E+00, -4.7984093E-02,  1.0010404E+03,  6.2053773E+04,3,
 -2.5288393E+02,  0.0000000E+00,  2.6384244E+02,3451,  4.1453880E-01,  0.0000000E+00,  2.7513156E-02,  1.0002119E+03,  1.2607987E+04,3,
 -2.5106531E+02,  0.0000000E+00,  2.6481125E+02,3515,  2.9755113E-01,  0.0000000E+00,  3.7352857E-03,  1.0005851E+03,  3.4848953E+04,3,
 -2.4980563E+02,  0.0000000E+00,  2.6383762E+02,3442,  3.5963452E-01,  0.0000000E+00,  1.2907943E-03,  1.0003516E+03,  2.0925242E+04,3,
 -2.4792848E+02,  0.0000000E+00,  2.6457306E+02,3506,  3.1858104E-01,  0.0000000E+00,  4.0674049E-02,  1.0007585E+03,  4.5200641E+04,3,
 -2.4633412E+02,  0.0000000E+00,  2.6376486E+02,3433,  2.4037391E-01,  0.0000000E+00,  2.4047585E-02,  1.0003600E+03,  2.1430756E+04,3,
 -2.4422002E+02,  0.0000000E+00,  2.6453958E+02,3479,  2.9141378E-01,  0.0000000E+00, -4.6748430E-02,  1.0007358E+03,  4.3848227E+04,3,
 -2.4273024E+02,  0.0000000E+00,  2.6376901E+02,3424,  2.5378108E-01,  0.0000000E+00,  8.7619787E-03,  1.0002824E+03,  1.6805730E+04,3,
 -2.4095329E+02,  0.0000000E+00,  2.6449600E+02,3497,  4.0031308E-01,  0.0000000E+00, -7.1967192E-02,  1.0004089E+03,  2.4340678E+04,3,
 -2.3831255E+02,  0.0000000E+00,  2.6383163E+02,3415,  4.8178095E-01,  0.0000000E+00,  9.9435942E-03,  1.0002678E+03,  1.5936962E+04,3,
 -2.3522856E+02,  0.0000000E+00,  2.6386572E+02,3406,  5.3730619E-01,  0.0000000E+00, -3.0234804E-02,  1.0001488E+03,  8.8515137E+03,3,
 -2.3662874E+02,  0.0000000E+00,  2.6489310E+02,3470,  4.7389436E-01,  0.0000000E+00, -1.7249022E-02,  1.0010817E+03,  6.4526305E+04,3,
 -2.3927345E+02,  0.0000000E+00,  2.6459787E+02,3498,  3.7114501E-01,  0.0000000E+00, -7.1473427E-02,  1.0011642E+03,  6.9462242E+04,3,
 -2.3265553E+02,  0.0000000E+00,  2.6393750E+02,3397,  5.7055128E-01,  0.0000000E+00,  3.6311395E-02,  1.0000806E+03,  4.7914707E+03,3,
 -2.2880721E+02,  0.0000000E+00,  2.6465253E+02,3452,  3.4458834E-01,  0.0000000E+00,  4.4573378E-02,  1.0007825E+03,  4.6637098E+04,3,
 -2.2993831E+02,  0.0000000E+00,  2.6383813E+02,3388,  5.9085411E-01,  0.0000000E+00, -2.4554092E-02,  1.0001401E+03,  8.3321133E+03,3,
 -2.3397792E+02,  0.0000000E+00,  2.6495959E+02,3508,  5.3769428E-01,  0.0000000E+00, -1.4053415E-01,  1.0012690E+03,  7.5738906E+04,3,
 -2.2622052E+02,  0.0000000E+00,  2.6372281E+02,3379,  4.2942744E-01,  0.0000000E+00,  2.0877484E-02,  1.0001862E+03,  1.1074709E+04,3,
 -2.2466722E+02,  0.0000000E+00,  2.6466513E+02,3499,  5.0744379E-01,  0.0000000E+00, -7.8698345E-02,  1.0005258E+03,  3.1309770E+04,3,
 -2.2251575E+02,  0.0000000E+00,  2.6379089E+02,3370,  3.2939580E-01,  0.0000000E+00,  2.4095058E-02,  9.9967975E+02, -1.9023209E+04,3,
 -2.2041501E+02,  0.0000000E+00,  2.6444858E+02,3480,  8.5452002E-01,  0.0000000E+00, -1.1654674E-01,  1.0004327E+03,  2.5759574E+04,3,
 -2.1910057E+02,  0.0000000E+00,  2.6425613E+02,3471,  5.1103842E-01,  0.0000000E+00, -1.1023396E-01,  1.0004555E+03,  2.7120451E+04,3,
 -2.1708948E+02,  0.0000000E+00,  2.6376083E+02,3361,  8.8671458E-01,  0.0000000E+00,  2.7337534E-02,  1.0003615E+03,  2.1518041E+04,3,
 -2.1467673E+02,  0.0000000E+00,  2.6435150E+02,3416,  6.8234843E-01,  0.0000000E+00,  3.1408630E-02,  1.0006208E+03,  3.6979625E+04,3,
 -2.1314746E+02,  0.0000000E+00,  2.6374774E+02,3352,  7.6642299E-01,  0.0000000E+00, -7.6125916E-03,  1.0001354E+03,  8.0524468E+03,3,
 -2.1059259E+02,  0.0000000E+00,  2.6448331E+02,3407,  6.5613651E-01,  0.0000000E+00,  7.0394464E-03,  1.0008829E+03,  5.2633086E+04,3,
 -2.0947375E+02,  0.0000000E+00,  2.6385715E+02,3343,  8.7720108E-01,  0.0000000E+00,  3.7273797E-03,  1.0003027E+03,  1.8016320E+04,3,
 -2.0756116E+02,  0.0000000E+00,  2.6492493E+02,3434,  6.9080520E-01,  0.0000000E+00,  3.4184523E-03,  1.0017442E+03,  1.0425088E+05,3,
 -2.0652760E+02,  0.0000000E+00,  2.6393497E+02,3334,  7.2140080E-01,  0.0000000E+00,  3.2233022E-02,  1.0002919E+03,  1.7372836E+04,3,
 -2.0486774E+02,  0.0000000E+00,  2.6406378E+02,3325,  8.8054192E-01,  0.0000000E+00, -5.1699940E-02,  1.0005682E+03,  3.3840230E+04,3,
 -2.0228122E+02,  0.0000000E+00,  2.6386688E+02,3316,  5.9264618E-01,  0.0000000E+00,  1.0127702E-01,  9.9980933E+02, -1.1330591E+04,3,
 -2.0072838E+02,  0.0000000E+00,  2.6465271E+02,3444,  6.1435622E-01,  0.0000000E+00, -9.3651958E-02,  1.0008903E+03,  5.3078188E+04,3,
 -1.9906287E+02,  0.0000000E+00,  2.6451654E+02,3435,  3.2733205E-01,  0.0000000E+00, -1.1280809E-01,  1.0012081E+03,  7.2093797E+04,3,
 -1.9811398E+02,  0.0000000E+00,  2.6383017E+02,3307,  6.3436896E-01,  0.0000000E+00,  7.7059127E-02,  1.0002045E+03,  1.2164693E+04,3,
 -1.9611430E+02,  0.0000000E+00,  2.6482510E+02,3426,  8.1643403E-01,  0.0000000E+00, -8.6724237E-02,  1.0014750E+03,  8.8088031E+04,3,
 -1.9498517E+02,  0.0000000E+00,  2.6383740E+02,3298,  5.9055173E-01,  0.0000000E+00, -7.8388527E-02,  1.0000143E+03,  8.4922821E+02,3,
 -1.9338332E+02,  0.0000000E+00,  2.6461859E+02,3417,  5.2002650E-01,  0.0000000E+00,  5.9218969E-02,  1.0012261E+03,  7.3168539E+04,3,
 -1.9181841E+02,  0.0000000E+00,  2.6384497E+02,3289,  8.9580452E-01,  0.0000000E+00,  8.5938470E-03,  1.0003271E+03,  1.9467039E+04,3,
 -1.9034676E+02,  0.0000000E+00,  2.6456577E+02,3408,  5.2508396E-01,  0.0000000E+00, -6.9853663E-02,  1.0011435E+03,  6.8223461E+04,3,
 -1.8840282E+02,  0.0000000E+00,  2.6378650E+02,3280,  5.4493290E-01,  0.0000000E+00,  6.6978469E-02,  1.0001257E+03,  7.4749800E+03,3,
 -1.8748500E+02,  0.0000000E+00,  2.6463968E+02,3399,  1.0820409E+00,  0.0000000E+00, -8.8254744E-03,  1.0011915E+03,  7.1099570E+04,3,
 -1.8470284E+02,  0.0000000E+00,  2.6379440E+02,3271,  7.6651168E-01,  0.0000000E+00,  1.5197102E-02,  9.9970990E+02, -1.7233752E+04,3,
 -1.8325807E+02,  0.0000000E+00,  2.6472723E+02,3445,  9.3063802E-01,  0.0000000E+00,  2.6635790E-01,  1.0010410E+03,  6.2086641E+04,3,
 -1.8170946E+02,  0.0000000E+00,  2.6440408E+02,3362,  9.1101134E-01,  0.0000000E+00, -1.1156844E-01,  1.0007993E+03,  4.7636180E+04,3,
 -1.8022934E+02,  0.0000000E+00,  2.6372543E+02,3262,  5.9064418E-01,  0.0000000E+00, -1.3178102E-02,  1.0002850E+03,  1.6958410E+04,3,
 -1.8548412E+02,  0.0000000E+00,  2.6488281E+02,3371,  6.3624233E-01,  0.0000000E+00, -3.0793875E-01,  1.0015272E+03,  9.1222562E+04,3,
 -1.7729918E+02,  0.0000000E+00,  2.6420856E+02,3436,  9.7619057E-01,  0.0000000E+00, -1.3314113E-01,  1.0004152E+03,  2.4719031E+04,3,
 -1.7612035E+02,  0.0000000E+00,  2.6420282E+02,3391,  6.8172073E-01,  0.0000000E+00, -6.9580697E-02,  1.0006602E+03,  3.9329355E+04,3,
 -1.7441809E+02,  0.0000000E+00,  2.6432425E+02,3381,  1.0512114E+00,  0.0000000E+00,  5.7025351E-02,  1.0008649E+03,  5.1560547E+04,3,
 -1.7889453E+02,  0.0000000E+00,  2.6497171E+02,3474,  9.9472857E-01,  0.0000000E+00,  1.0345021E-01,  1.0011636E+03,  6.9425703E+04,3,
 -1.7277072E+02,  0.0000000E+00,  2.6383176E+02,3253,  1.0199373E+00,  0.0000000E+00, -7.9692446E-02,  1.0001924E+03,  1.1445290E+04,3,
 -1.7022839E+02,  0.0000000E+00,  2.6377588E+02,3244,  8.4511888E-01,  0.0000000E+00,  9.6407436E-02,  9.9961871E+02, -2.2644604E+04,3,
 -1.6765726E+02,  0.0000000E+00,  2.6439767E+02,3390,  9.0700209E-01,  0.0000000E+00, -1.5479374E-01,  1.0009110E+03,  5.4315090E+04,3,
 -1.6632079E+02,  0.0000000E+00,  2.6378067E+02,3235,  5.3958935E-01,  0.0000000E+00,  5.5692762E-02,  1.0003901E+03,  2.3220258E+04,3,
 -1.6452423E+02,  0.0000000E+00,  2.6450766E+02,3335,  1.2352016E+00,  0.0000000E+00,  9.4730869E-02,  1.0014810E+03,  8.8450508E+04,3,
 -1.6274342E+02,  0.0000000E+00,  2.6382715E+02,3226,  6.0850418E-01,  0.0000000E+00, -1.6084759E-01,  1.0006977E+03,  4.1570312E+04,3,
 -1.6068277E+02,  0.0000000E+00,  2.6387186E+02,3217,  1.0046071E+00,  0.0000000E+00,  4.4307344E-02,  1.0008306E+03,  4.9510637E+04,3,
 -1.5897653E+02,  0.0000000E+00,  2.6440991E+02,3299,  1.0545955E+00,  0.0000000E+00,  1.5252788E-02,  1.0010954E+03,  6.5344531E+04,3,
 -1.5720236E+02,  0.0000000E+00,  2.6377023E+02,3208,  8.1814790E-01,  0.0000000E+00, -1.0921442E-03,  9.9989313E+02, -6.3523857E+03,3,
 -1.5435536E+02,  0.0000000E+00,  2.6458203E+02,3290,  1.0168816E+00,  0.0000000E+00,  1.1214957E-01,  1.0011243E+03,  6.7076172E+04,3,
 -1.5335063E+02,  0.0000000E+00,  2.6379691E+02,3199,  8.3192939E-01,  0.0000000E+00, -5.6214996E-02,  1.0001388E+03,  8.2558398E+03,3,
 -1.5609315E+02,  0.0000000E+00,  2.6497592E+02,3401,  9.2129439E-01,  0.0000000E+00, -1.3980953E-02,  1.0015684E+03,  9.3691328E+04,3,
 -1.5135832E+02,  0.0000000E+00,  2.6446118E+02,3308,  6.4720249E-01,  0.0000000E+00, -3.8945898E-02,  1.0011007E+03,  6.5662344E+04,3,
 -1.4993338E+02,  0.0000000E+00,  2.6384631E+02,3190,  1.0139277E+00,  0.0000000E+00,  2.2890603E-02,  1.0004196E+03,  2.4980977E+04,3,
 -1.4817853E+02,  0.0000000E+00,  2.6455688E+02,3382,  9.8807013E-01,  0.0000000E+00, -4.1741978E-02,  1.0012049E+03,  7.1900062E+04,3,
 -1.4663683E+02,  0.0000000E+00,  2.6374460E+02,3181,  7.2498482E-01,  0.0000000E+00,  4.8246842E-02,  1.0003486E+03,  2.0747047E+04,3,
 -1.4472203E+02,  0.0000000E+00,  2.6428909E+02,3317,  1.1765983E+00,  0.0000000E+00, -9.3492597E-02,  1.0008470E+03,  5.0491770E+04,3,
 -1.4301233E+02,  0.0000000E+00,  2.6422821E+02,3336,  1.0104324E+00,  0.0000000E+00, -1.9322661E-01,  1.0006339E+03,  3.7762809E+04,3,
 -1.4196550E+02,  0.0000000E+00,  2.6432639E+02,3272,  9.8957509E-01,  0.0000000E+00,  1.4255846E-01,  1.0004078E+03,  2.4278834E+04,3,
 -1.4019705E+02,  0.0000000E+00,  2.6476648E+02,3354,  1.2608559E+00,  0.0000000E+00,  1.4105026E-01,  1.0014462E+03,  8.6360070E+04,3,
 -1.3901651E+02,  0.0000000E+00,  2.6388696E+02,3172,  1.2282526E+00,  0.0000000E+00, -1.8751694E-01,  9.9999579E+02, -2.5039955E+02,3,
 -1.3733401E+02,  0.0000000E+00,  2.6458557E+02,3300,  5.9972167E-01,  0.0000000E+00,  1.4541653E-01,  1.0009914E+03,  5.9121859E+04,3,
 -1.3578342E+02,  0.0000000E+00,  2.6382703E+02,3163,  1.2164912E+00,  0.0000000E+00,  1.0671076E-01,  1.0004366E+03,  2.5992439E+04,3,
 -1.3373529E+02,  0.0000000E+00,  2.6425388E+02,3318,  1.0953940E+00,  0.0000000E+00, -2.1657507E-01,  1.0006691E+03,  3.9861309E+04,3,
 -1.3222679E+02,  0.0000000E+00,  2.6431747E+02,3281,  9.7360790E-01,  0.0000000E+00, -8.5818499E-02,  1.0008013E+03,  4.7760160E+04,3,
 -1.3065532E+02,  0.0000000E+00,  2.6377808E+02,3154,  1.3544791E+00,  0.0000000E+00,  1.1563554E-01,  1.0005026E+03,  2.9926480E+04,3,
 -1.2858841E+02,  0.0000000E+00,  2.6425369E+02,3347,  1.1213355E+00,  0.0000000E+00, -8.0214078E-03,  1.0006847E+03,  4.0794121E+04,3,
 -1.2709863E+02,  0.0000000E+00,  2.6405569E+02,3337,  1.1407943E+00,  0.0000000E+00, -1.4035007E-02,  1.0004125E+03,  2.4558957E+04,3,
 -1.2523875E+02,  0.0000000E+00,  2.6435861E+02,3263,  1.2310981E+00,  0.0000000E+00,  1.0806831E-02,  1.0009571E+03,  5.7070395E+04,3,
 -1.2366869E+02,  0.0000000E+00,  2.6394696E+02,3145,  1.3041873E+00,  0.0000000E+00, -1.7140090E-02,  1.0007240E+03,  4.3141105E+04,3,
 -1.2171761E+02,  0.0000000E+00,  2.6385489E+02,3136,  1.2017549E+00,  0.0000000E+00, -3.6428016E-02,  1.0006014E+03,  3.5825000E+04,3,
 -1.1989201E+02,  0.0000000E+00,  2.6435367E+02,3227,  1.1012101E+00,  0.0000000E+00,  5.7768732E-02,  1.0011229E+03,  6.6988492E+04,3,
 -1.1822241E+02,  0.0000000E+00,  2.6385638E+02,3127,  1.3749937E+00,  0.0000000E+00,  1.4275675E-02,  1.0005985E+03,  3.5650180E+04,3,
 -1.1638522E+02,  0.0000000E+00,  2.6426584E+02,3209,  1.1546344E+00,  0.0000000E+00,  3.8929102E-03,  1.0011693E+03,  6.9765570E+04,3,
 -1.1438837E+02,  0.0000000E+00,  2.6367368E+02,3118,  9.3869489E-01,  0.0000000E+00,  3.3206798E-02,  1.0004930E+03,  2.9355020E+04,3,
 -1.1260068E+02,  0.0000000E+00,  2.6446695E+02,3319,  1.4821501E+00,  0.0000000E+00,  6.8764620E-02,  1.0012337E+03,  7.3625531E+04,3,
 -1.1091524E+02,  0.0000000E+00,  2.6389783E+02,3109,  1.0776781E+00,  0.0000000E+00, -6.3021615E-02,  1.0005588E+03,  3.3283109E+04,3,
 -1.0880585E+02,  0.0000000E+00,  2.6390973E+02,3100,  1.1074189E+00,  0.0000000E+00,  7.3289059E-02,  1.0007132E+03,  4.2495992E+04,3,
 -1.0693072E+02,  0.0000000E+00,  2.6432635E+02,3191,  1.4407772E+00,  0.0000000E+00, -4.3343354E-02,  1.0008666E+03,  5.1662688E+04,3,
 -1.0483875E+02,  0.0000000E+00,  2.6378851E+02,3091,  1.0656173E+00,  0.0000000E+00, -6.7933388E-02,  1.0005713E+03,  3.4025945E+04,3,
 -1.0283084E+02,  0.0000000E+00,  2.6444757E+02,3310,  1.4370393E+00,  0.0000000E+00,  4.0312305E-02,  1.0007838E+03,  4.6710020E+04,3,
 -1.0127273E+02,  0.0000000E+00,  2.6385934E+02,3082,  1.4479063E+00,  0.0000000E+00, -6.6478208E-02,  1.0003939E+03,  2.3449424E+04,3,
 -9.9137833E+01,  0.0000000E+00,  2.6427097E+02,3218,  9.6880615E-01,  0.0000000E+00,  1.6783038E-01,  1.0005661E+03,  3.3716422E+04,3,
 -9.7561913E+01,  0.0000000E+00,  2.6424573E+02,3246,  1.6433500E+00,  0.0000000E+00,  4.7882717E-02,  1.0006359E+03,  3.7883023E+04,3,
 -9.5651688E+01,  0.0000000E+00,  2.6427292E+02,3200,  1.0101858E+00,  0.0000000E+00, -2.2710255E-01,  1.0005815E+03,  3.4634090E+04,3,
 -9.3942635E+01,  0.0000000E+00,  2.6373184E+02,3073,  1.3325206E+00,  0.0000000E+00,  5.3241055E-02,  1.0005185E+03,  3.0876561E+04,3,
 -9.2317535E+01,  0.0000000E+00,  2.6479749E+02,3330,  1.4375889E+00,  0.0000000E+00,  2.5187105E-01,  1.0005233E+03,  3.1164152E+04,3,
 -9.0264938E+01,  0.0000000E+00,  2.6389285E+02,3064,  1.4199407E+00,  0.0000000E+00, -2.1138301E-01,  1.0005043E+03,  3.0032041E+04,3,
 -8.8576653E+01,  0.0000000E+00,  2.6439487E+02,3274,  1.4877998E+00,  0.0000000E+00, -1.3886832E-01,  1.0007932E+03,  4.7271539E+04,3,
 -8.7226807E+01,  0.0000000E+00,  2.6407190E+02,3155,  1.5374445E+00,  0.0000000E+00,  1.0563307E-01,  1.0002867E+03,  1.7060197E+04,3,
 -8.4902016E+01,  0.0000000E+00,  2.6377682E+02,3055,  1.6379972E+00,  0.0000000E+00,  5.0553918E-02,  1.0005652E+03,  3.3665445E+04,3,
 -8.1933647E+01,  0.0000000E+00,  2.6390610E+02,3046,  1.4947110E+00,  0.0000000E+00, -1.6632476E-01,  1.0001542E+03,  9.1747900E+03,3,
 -7.9806953E+01,  0.0000000E+00,  2.6436728E+02,3237,  1.2586461E+00,  0.0000000E+00,  1.3462719E-01,  1.0007108E+03,  4.2353855E+04,3,
 -7.8175331E+01,  0.0000000E+00,  2.6383502E+02,3037,  1.5140767E+00,  0.0000000E+00,  1.1853171E-01,  1.0004388E+03,  2.6123428E+04,3,
 -7.5452835E+01,  0.0000000E+00,  2.6382013E+02,3028,  1.3301873E+00,  0.0000000E+00, -1.3865583E-01,  1.0003251E+03,  1.9347047E+04,3,
 -7.3357620E+01,  0.0000000E+00,  2.6424951E+02,3173,  9.9925905E-01,  0.0000000E+00,  6.5279543E-02,  1.0002861E+03,  1.7027480E+04,3,
 -7.1431007E+01,  0.0000000E+00,  2.6400259E+02,3019,  1.9007887E+00,  0.0000000E+00,  6.3146941E-02,  1.0003701E+03,  2.2027221E+04,3,
 -6.9015152E+01,  0.0000000E+00,  2.6441391E+02,3119,  1.1700609E+00,  0.0000000E+00, -3.2041278E-01,  1.0005471E+03,  3.2584021E+04,3,
 -6.7413261E+01,  0.0000000E+00,  2.6381897E+02,3010,  1.6904763E+00,  0.0000000E+00,  2.6267149E-02,  1.0003814E+03,  2.2703742E+04,3,
 -6.5590347E+01,  0.0000000E+00,  2.6440430E+02,3110,  1.8336812E+00,  0.0000000E+00,  8.2442023E-02,  1.0005265E+03,  3.1353455E+04,3,
 -6.4228317E+01,  0.0000000E+00,  2.6447916E+02,3101,  1.4057688E+00,  0.0000000E+00,  2.4624155E-01,  1.0002502E+03,  1.4886542E+04,3,
 -6.1817841E+01,  0.0000000E+00,  2.6413092E+02,3001,  2.1270728E+00,  0.0000000E+00, -4.9615022E-02,  1.0006210E+03,  3.6994195E+04,3,
 -5.9421322E+01,  0.0000000E+00,  2.6418039E+02,3201,  1.2854583E+00,  0.0000000E+00, -3.1815320E-02,  1.0003745E+03,  2.2289094E+04,3,
 -5.7196224E+01,  0.0000000E+00,  2.6398856E+02,2992,  1.9243386E+00,  0.0000000E+00,  1.7296754E-02,  1.0004526E+03,  2.6949422E+04,3,
 -5.5027836E+01,  0.0000000E+00,  2.6484628E+02,3146,  2.0166132E+00,  0.0000000E+00, -1.8310557E-01,  1.0020414E+03,  1.2212223E+05,3,
 -5.3731281E+01,  0.0000000E+00,  2.6417221E+02,3128,  1.5655750E+00,  0.0000000E+00, -3.3126429E-02,  9.9990863E+02, -5.4311611E+03,3,
 -5.1986702E+01,  0.0000000E+00,  2.6409558E+02,3083,  1.7691058E+00,  0.0000000E+00,  2.4331211E-01,  1.0006107E+03,  3.6378621E+04,3,
 -4.8796356E+01,  0.0000000E+00,  2.6396851E+02,2983,  1.6642389E+00,  0.0000000E+00, -2.7340457E-01,  1.0003600E+03,  2.1427117E+04,3,
 -4.7068703E+01,  0.0000000E+00,  2.6392780E+02,2974,  1.1175328E+00,  0.0000000E+00,  2.7587858E-01,  1.0005377E+03,  3.2023332E+04,3,
 -4.4427204E+01,  0.0000000E+00,  2.6452396E+02,3238,  2.6023941E+00,  0.0000000E+00, -1.1188500E-01,  1.0001724E+03,  1.0253667E+04,3,
 -4.1539894E+01,  0.0000000E+00,  2.6421234E+02,3156,  1.0823498E+00,  0.0000000E+00, -1.8266940E-01,  1.0003962E+03,  2.3584016E+04,3,
 -3.9719898E+01,  0.0000000E+00,  2.6413498E+02,2965,  2.4078043E+00,  0.0000000E+00,  5.5845743E-01,  1.0001942E+03,  1.1554287E+04,3,
 -3.4766872E+01,  0.0000000E+00,  2.6441486E+02,2956,  2.2041507E+00,  0.0000000E+00,  4.1637549E-01,  1.0008535E+03,  5.0874766E+04,3,
 -3.1816454E+01,  0.0000000E+00,  2.6466257E+02,2947,  2.0537670E+00,  0.0000000E+00,  3.0462441E-01,  1.0017377E+03,  1.0386217E+05,3,
 -3.7448711E+01,  0.0000000E+00,  2.6497864E+02,3147,  2.5650258E+00,  0.0000000E+00, -2.0936258E-01,  1.0008977E+03,  5.3519660E+04,3,
  6.2291931E+01,  0.0000000E+00,  2.6384204E+02,3232,  4.3615460E+00,  0.0000000E+00,  1.2733362E+00,  1.0072706E+03,  4.4183722E+05,3,
  6.1224751E+01,  0.0000000E+00,  2.6474411E+02,3221,  4.0775986E+00,  0.0000000E+00,  2.3545272E+00,  9.9931757E+02, -4.0493148E+04,3,
  6.3689808E+01,  0.0000000E+00,  2.6483673E+02,2848,  6.5059686E+00,  0.0000000E+00,  2.1237867E+00,  9.9670483E+02, -1.9399759E+05,3,
  6.1359425E+01,  0.0000000E+00,  2.6496219E+02,3204,  6.1629920E+00,  0.0000000E+00,  5.7051289E-01,  9.9791205E+02, -1.2337038E+05,3,
  6.1487911E+01,  0.0000000E+00,  2.6497009E+02,3213,  4.9855247E+00,  0.0000000E+00, -6.0273420E-02,  9.9794696E+02, -1.2132023E+05,3,
  7.6596527E+01,  0.0000000E+00,  2.6356793E+02,2839,  9.6747074E+00,  0.0000000E+00,  4.0196023E+00,  9.9941248E+02, -3.4871480E+04,3,
  7.5885155E+01,  0.0000000E+00,  2.6331625E+02,2966,  1.0032446E+01,  0.0000000E+00,  9.8617619E-01,  9.9971393E+02, -1.6994648E+04,3,
  7.5624146E+01,  0.0000000E+00,  2.6349780E+02,3185,  8.8647423E+00,  0.0000000E+00,  1.3201775E-01,  1.0000933E+03,  5.5467017E+03,3,
  7.4582191E+01,  0.0000000E+00,  2.6405722E+02,3233,  7.4900131E+00,  0.0000000E+00, -3.6403401E+00,  9.9943054E+02, -3.3801016E+04,3,
  8.6098160E+01,  0.0000000E+00,  2.6388962E+02,3223,  6.0415936E+00,  0.0000000E+00, -1.2077360E+00,  9.9922217E+02, -4.6140512E+04,3,
  8.6527748E+01,  0.0000000E+00,  2.6317413E+02,3057,  6.7634940E+00,  0.0000000E+00,  1.0484450E+00,  1.0016567E+03,  9.8993539E+04,3,
  8.6550705E+01,  0.0000000E+00,  2.6321954E+02,3094,  6.7256765E+00,  0.0000000E+00,  1.1132200E+00,  1.0018835E+03,  1.1262285E+05,3,
  8.8075081E+01,  0.0000000E+00,  2.6241675E+02,2830,  1.1211887E+01,  0.0000000E+00,  1.0594077E+00,  9.9969000E+02, -1.8414686E+04,3,
  8.9261909E+01,  0.0000000E+00,  2.6377689E+02,3224,  5.7400460E+00,  0.0000000E+00,  1.8231726E+00,  9.9877917E+02, -7.2322445E+04,3,
  8.9418274E+01,  0.0000000E+00,  2.6343649E+02,3225,  6.9669433E+00,  0.0000000E+00, -2.0525875E+00,  9.9959442E+02, -2.4085549E+04,3,
  8.6282753E+01,  0.0000000E+00,  2.6429938E+02,3214,  4.1822448E+00,  0.0000000E+00, -2.2311184E+00,  9.9887524E+02, -6.6650438E+04,3,
  8.9609863E+01,  0.0000000E+00,  2.6326031E+02,3216,  7.1117144E+00,  0.0000000E+00, -1.7250856E+00,  9.9967871E+02, -1.9084783E+04,3,
  1.2567815E+02,  0.0000000E+00,  2.6303970E+02,3215,  5.7077880E+00,  0.0000000E+00, -4.2344099E-01,  1.0003128E+03,  1.8616215E+04,3,
  1.2604304E+02,  0.0000000E+00,  2.6314734E+02,2821,  6.0794516E+00,  0.0000000E+00,  1.8922336E+00,  1.0006371E+03,  3.7955879E+04,3,
  1.2641651E+02,  0.0000000E+00,  2.6281802E+02,3093,  5.6707501E+00,  0.0000000E+00,  3.4516984E-01,  1.0065315E+03,  3.9604209E+05,3,
  1.2735928E+02,  0.0000000E+00,  2.6294406E+02,3176,  5.3053021E+00,  0.0000000E+00,  4.9451664E-01,  9.9675586E+02, -1.9102277E+05,3,
  1.2743378E+02,  0.0000000E+00,  2.6314401E+02,3186,  6.0738196E+00,  0.0000000E+00, -7.9112731E-02,  9.9679236E+02, -1.8889427E+05,3,
  1.2788258E+02,  0.0000000E+00,  2.6310580E+02,3205,  5.6802292E+00,  0.0000000E+00,  7.0977306E-01,  9.9879773E+02, -7.1227219E+04,3,
  1.3979013E+02,  0.0000000E+00,  2.6285403E+02,3207,  6.6127267E+00,  0.0000000E+00,  1.2845706E+00,  9.9997357E+02, -1.5712432E+03,3,
  1.4048036E+02,  0.0000000E+00,  2.6299402E+02,3075,  6.5817165E+00,  0.0000000E+00,  1.0424248E+00,  9.9942261E+02, -3.4271168E+04,3,
  1.4082362E+02,  0.0000000E+00,  2.6308676E+02,3012,  6.8756061E+00,  0.0000000E+00,  8.1035304E-01,  9.9949091E+02, -3.0223506E+04,3,
  1.4082593E+02,  0.0000000E+00,  2.6295654E+02,3112,  6.4379282E+00,  0.0000000E+00,  8.7051511E-01,  9.9840485E+02, -9.4391898E+04,3,
  1.4149899E+02,  0.0000000E+00,  2.6285110E+02,2975,  6.6591158E+00,  0.0000000E+00,  2.3129188E-01,  1.0017601E+03,  1.0520439E+05,3,
  1.4380806E+02,  0.0000000E+00,  2.6297125E+02,3206,  6.0894394E+00,  0.0000000E+00,  1.0749570E+00,  1.0000650E+03,  3.8656653E+03,3,
  1.4477046E+02,  0.0000000E+00,  2.6302954E+02,2812,  6.7741241E+00,  0.0000000E+00,  3.7239274E-01,  9.9962274E+02, -2.2405633E+04,3,
  1.4526353E+02,  0.0000000E+00,  2.6309329E+02,3030,  6.5936003E+00,  0.0000000E+00,  7.5373322E-01,  9.9886505E+02, -6.7252391E+04,3,
  1.4576892E+02,  0.0000000E+00,  2.6301013E+02,2948,  6.3818493E+00,  0.0000000E+00, -1.1020641E+00,  9.9999194E+02, -4.7901971E+02,3,
  1.4714279E+02,  0.0000000E+00,  2.6329770E+02,3076,  6.3102541E+00,  0.0000000E+00, -1.3806623E+00,  1.0014841E+03,  8.8633578E+04,3,
  1.4791301E+02,  0.0000000E+00,  2.6320279E+02,3011,  6.9271197E+00,  0.0000000E+00, -8.0771047E-01,  1.0003500E+03,  2.0830689E+04,3,
  1.4878709E+02,  0.0000000E+00,  2.6317001E+02,2803,  6.6599617E+00,  0.0000000E+00, -5.6150436E-01,  9.9771814E+02, -1.3474948E+05,3,
  1.4959015E+02,  0.0000000E+00,  2.6291907E+02,3196,  6.4963641E+00,  0.0000000E+00, -3.5575435E-01,  1.0009883E+03,  5.8935676E+04,3,
  1.4988216E+02,  0.0000000E+00,  2.6320337E+02,3198,  6.5687180E+00,  0.0000000E+00, -1.3681206E-01,  9.9993079E+02, -4.1144600E+03,3,
  1.5273807E+02,  0.0000000E+00,  2.6269217E+02,3197,  6.8254886E+00,  0.0000000E+00,  8.7482351E-01,  1.0000129E+03,  7.6938312E+02,3,
  1.5364531E+02,  0.0000000E+00,  2.6318869E+02,2993,  6.7337070E+00,  0.0000000E+00,  3.3502060E-01,  1.0006582E+03,  3.9212766E+04,3,
  1.5368802E+02,  0.0000000E+00,  2.6304779E+02,3103,  6.8361845E+00,  0.0000000E+00,  3.4131682E-01,  1.0002293E+03,  1.3643630E+04,3,
  1.5453799E+02,  0.0000000E+00,  2.6310391E+02,3159,  7.3429565E+00,  0.0000000E+00,  6.2393832E-01,  9.9918280E+02, -4.8470055E+04,3,
  1.5470390E+02,  0.0000000E+00,  2.6320172E+02,3149,  6.6893339E+00,  0.0000000E+00,  2.4628885E-01,  9.9906598E+02, -5.5379598E+04,3,
  1.5681438E+02,  0.0000000E+00,  2.6318994E+02,3158,  6.0440664E+00,  0.0000000E+00, -6.9728446E-01,  1.0006702E+03,  3.9926895E+04,3,
  1.5741911E+02,  0.0000000E+00,  2.6320868E+02,3085,  7.5930514E+00,  0.0000000E+00, -1.1745158E+00,  1.0003683E+03,  2.1925383E+04,3,
  1.5876607E+02,  0.0000000E+00,  2.6272272E+02,3049,  6.2559109E+00,  0.0000000E+00, -3.0134542E+00,  9.9879041E+02, -7.1659562E+04,3,
  1.5883147E+02,  0.0000000E+00,  2.6266925E+02,2984,  6.5192704E+00,  0.0000000E+00, -1.9513911E+00,  9.9916077E+02, -4.9773637E+04,3,
  1.5934824E+02,  0.0000000E+00,  2.6254996E+02,3187,  6.3559856E+00,  0.0000000E+00, -2.5732756E+00,  1.0000598E+03,  3.5534524E+03,3,
  1.5981625E+02,  0.0000000E+00,  2.6273730E+02,3189,  6.4946384E+00,  0.0000000E+00, -2.3573883E+00,  1.0002057E+03,  1.2237363E+04,3,
  1.6778217E+02,  0.0000000E+00,  2.6172598E+02,3180,  5.7821975E+00,  0.0000000E+00, -5.5842739E-01,  1.0003469E+03,  2.0645223E+04,3,
  1.6858958E+02,  0.0000000E+00,  2.6299551E+02,3178,  8.5134277E+00,  0.0000000E+00, -2.1171782E+00,  1.0015093E+03,  9.0145875E+04,3,
  1.6818173E+02,  0.0000000E+00,  2.6226288E+02,3168,  6.8351612E+00,  0.0000000E+00, -3.6026397E+00,  1.0031160E+03,  1.8700988E+05,3,
  1.6857835E+02,  0.0000000E+00,  2.6172299E+02,2921,  5.5273867E+00,  0.0000000E+00, -2.0039098E+00,  9.9210706E+02, -4.5833084E+05,3,
  1.6893306E+02,  0.0000000E+00,  2.6224124E+02,3150,  8.9690809E+00,  0.0000000E+00, -2.7012303E+00,  9.9785907E+02, -1.2648062E+05,3,
  1.7103604E+02,  0.0000000E+00,  2.6219507E+02,3188,  5.8326359E+00,  0.0000000E+00,  3.4102651E-01,  1.0040942E+03,  2.4644180E+05,3,
  1.7248474E+02,  0.0000000E+00,  2.6073303E+02,2794,  1.0634386E+01,  0.0000000E+00, -3.2074507E-02,  9.9581903E+02, -2.4549541E+05,3,
  1.7233516E+02,  0.0000000E+00,  2.6054163E+02,3179,  4.9538169E+00,  0.0000000E+00, -1.0270422E+00,  1.0032977E+03,  1.9802673E+05,3,
  1.7338756E+02,  0.0000000E+00,  2.6162350E+02,3067,  5.2523928E+00,  0.0000000E+00, -1.1404560E+00,  9.9609619E+02, -2.2941169E+05,3,
  1.7420619E+02,  0.0000000E+00,  2.6147803E+02,3121,  8.5799913E+00,  0.0000000E+00,  1.0063773E+00,  1.0043525E+03,  2.6219312E+05,3,
  1.7423705E+02,  0.0000000E+00,  2.6099524E+02,2912,  5.0407214E+00,  0.0000000E+00,  8.0379647E-01,  9.9520551E+02, -2.8100309E+05,3,
  1.7634171E+02,  0.0000000E+00,  2.6258865E+02,3171,  8.4902143E+00,  0.0000000E+00,  1.2725082E-01,  1.0011644E+03,  6.9476859E+04,3,
  1.7701833E+02,  0.0000000E+00,  2.6087433E+02,3104,  7.1672044E+00,  0.0000000E+00,  1.3043061E+00,  1.0113423E+03,  6.9777506E+05,3,
  1.7792342E+02,  0.0000000E+00,  2.6195389E+02,3131,  8.0305262E+00,  0.0000000E+00, -9.1506475E-01,  9.9545667E+02, -2.6648312E+05,3,
  1.7852975E+02,  0.0000000E+00,  2.6086066E+02,3169,  7.6312604E+00,  0.0000000E+00, -1.8557169E-01,  1.0037938E+03,  2.2815658E+05,3,
  1.7835814E+02,  0.0000000E+00,  2.6149887E+02,3140,  7.2456322E+00,  0.0000000E+00, -1.7491914E+00,  9.8393152E+02, -9.1055719E+05,3,
  1.7837154E+02,  0.0000000E+00,  2.6120490E+02,3021,  7.5501699E+00,  0.0000000E+00, -1.5423497E+00,  9.9961108E+02, -2.3097184E+04,3,
  2.2528712E+02,  0.0000000E+00,  2.5831308E+02,3142,  1.0132517E+00,  0.0000000E+00,  5.8419687E-01,  1.0002491E+03,  1.4821122E+04,3,
  2.2689023E+02,  0.0000000E+00,  2.5852615E+02,3152,  1.1852719E+00,  0.0000000E+00,  4.5906189E-01,  1.0001816E+03,  1.0805865E+04,3,
  2.2998528E+02,  0.0000000E+00,  2.5847867E+02,3143,  1.3473420E+00,  0.0000000E+00, -3.1967938E-01,  1.0003158E+03,  1.8794373E+04,3,
  2.3169522E+02,  0.0000000E+00,  2.5870789E+02,3122,  2.2418487E+00,  0.0000000E+00, -5.5363131E-01,  1.0002830E+03,  1.6838447E+04,3,
  2.3390721E+02,  0.0000000E+00,  2.5892853E+02,3134,  2.6734016E+00,  0.0000000E+00, -8.5628510E-01,  1.0002532E+03,  1.5064634E+04,3,
  2.3345395E+02,  0.0000000E+00,  2.5842230E+02,2894,  2.1094329E+00,  0.0000000E+00, -8.0424762E-01,  1.0002766E+03,  1.6456760E+04,3,
  2.3589201E+02,  0.0000000E+00,  2.5891360E+02,2749,  2.9024711E+00,  0.0000000E+00, -7.4520206E-01,  1.0001901E+03,  1.1307229E+04,3,
  2.3682195E+02,  0.0000000E+00,  2.5904193E+02,2758,  2.7563004E+00,  0.0000000E+00, -6.9904548E-01,  1.0001572E+03,  9.3527783E+03,3,
  2.3774648E+02,  0.0000000E+00,  2.5898102E+02,3113,  2.7599876E+00,  0.0000000E+00, -5.8383727E-01,  1.0001370E+03,  8.1505107E+03,3,
  2.3949942E+02,  0.0000000E+00,  2.5936691E+02,3124,  3.2125931E+00,  0.0000000E+00, -3.7184256E-01,  1.0001740E+03,  1.0348120E+04,3,
  2.4063577E+02,  0.0000000E+00,  2.5905634E+02,3114,  3.1672280E+00,  0.0000000E+00, -1.2170241E-01,  1.0003296E+03,  1.9616121E+04,3,
  2.4156616E+02,  0.0000000E+00,  2.5895209E+02,2903,  3.0902710E+00,  0.0000000E+00, -1.0867769E-01,  1.0003035E+03,  1.8063582E+04,3,
  2.4249863E+02,  0.0000000E+00,  2.5919849E+02,2858,  3.1131313E+00,  0.0000000E+00, -4.6368769E-01,  1.0001492E+03,  8.8733066E+03,3,
  2.4312863E+02,  0.0000000E+00,  2.5824942E+02,3042,  2.5150199E+00,  0.0000000E+00, -6.6239542E-01,  1.0005910E+03,  3.5202211E+04,3,
  2.4475397E+02,  0.0000000E+00,  2.6012366E+02,3106,  3.4579382E+00,  0.0000000E+00, -1.4100127E+00,  1.0001210E+03,  7.1953384E+03,3,
  2.4581232E+02,  0.0000000E+00,  2.6110190E+02,3125,  3.8346181E+00,  0.0000000E+00, -1.3028370E+00,  1.0001669E+03,  9.9267227E+03,3,
  2.4615962E+02,  0.0000000E+00,  2.6106796E+02,3115,  4.1766706E+00,  0.0000000E+00, -1.2398179E+00,  1.0001802E+03,  1.0718674E+04,3,
  2.4561719E+02,  0.0000000E+00,  2.5862637E+02,3041,  3.7885535E+00,  0.0000000E+00, -3.4367666E-01,  1.0006561E+03,  3.9088891E+04,3,
  2.4769472E+02,  0.0000000E+00,  2.6053125E+02,3116,  4.5150247E+00,  0.0000000E+00, -9.5583129E-01,  1.0002062E+03,  1.2266432E+04,3,
  2.4886026E+02,  0.0000000E+00,  2.6044916E+02,3108,  4.1344600E+00,  0.0000000E+00, -3.8284522E-01,  1.0001265E+03,  7.5221929E+03,3,
  2.5018248E+02,  0.0000000E+00,  2.5856079E+02,3078,  4.5942926E+00,  0.0000000E+00, -6.7200094E-01,  1.0009277E+03,  5.5311293E+04,3,
  2.5069955E+02,  0.0000000E+00,  2.5997025E+02,3117,  4.0078721E+00,  0.0000000E+00,  8.4646188E-02,  1.0000622E+03,  3.6986665E+03,3,
  2.5243507E+02,  0.0000000E+00,  2.5935339E+02,3097,  3.5465038E+00,  0.0000000E+00,  4.9706966E-01,  9.9985327E+02, -8.7203369E+03,3,
  2.5334081E+02,  0.0000000E+00,  2.5945947E+02,3088,  3.6238039E+00,  0.0000000E+00,  4.0104976E-01,  1.0000036E+03,  2.1411478E+02,3,
  2.5459671E+02,  0.0000000E+00,  2.5896112E+02,3099,  3.9359274E+00,  0.0000000E+00,  6.1429274E-01,  9.9981476E+02, -1.1007972E+04,3,
  2.5578709E+02,  0.0000000E+00,  2.5903571E+02,3098,  3.8210063E+00,  0.0000000E+00,  6.2946361E-01,  1.0002573E+03,  1.5311785E+04,3,
  2.5671008E+02,  0.0000000E+00,  2.5869446E+02,2940,  3.6203499E+00,  0.0000000E+00,  7.5087088E-01,  1.0003057E+03,  1.8194467E+04,3,
  2.6071545E+02,  0.0000000E+00,  2.5897787E+02,3079,  3.5197239E+00,  0.0000000E+00,  7.5143391E-01,  1.0000786E+03,  4.6716558E+03,3,
  2.6010464E+02,  0.0000000E+00,  2.5912338E+02,3089,  3.8862505E+00,  0.0000000E+00,  6.8306243E-01,  1.0000644E+03,  3.8293608E+03,3,
  2.6482971E+02,  0.0000000E+00,  2.5821954E+02,3023,  2.6924703E+00,  0.0000000E+00,  4.6354944E-01,  1.0004042E+03,  2.4060561E+04,3,
  2.6247482E+02,  0.0000000E+00,  2.5915381E+02,3081,  2.9849310E+00,  0.0000000E+00,  8.0565888E-01,  1.0001354E+03,  8.0524468E+03,3,
  2.6420590E+02,  0.0000000E+00,  2.5888916E+02,3071,  2.8728061E+00,  0.0000000E+00,  5.8868909E-01,  1.0002108E+03,  1.2542582E+04,3,
  2.6665857E+02,  0.0000000E+00,  2.5867834E+02,3080,  2.7368295E+00,  0.0000000E+00,  3.0195284E-01,  1.0001850E+03,  1.1005681E+04,3,
  2.6848166E+02,  0.0000000E+00,  2.5892679E+02,3063,  2.5291324E+00,  0.0000000E+00,  3.1327492E-01,  1.0001976E+03,  1.1754118E+04,3,
  2.7069919E+02,  0.0000000E+00,  2.5845541E+02,3052,  2.8751051E+00,  0.0000000E+00,  3.8446480E-01,  1.0001386E+03,  8.2449434E+03,3,
  2.7195810E+02,  0.0000000E+00,  2.5825031E+02,3053,  2.6139386E+00,  0.0000000E+00,  3.1528929E-01,  1.0000856E+03,  5.0891992E+03,3,
  2.7559506E+02,  0.0000000E+00,  2.5828946E+02,2677,  3.0784714E+00,  0.0000000E+00,  2.9730678E-01,  1.0000474E+03,  2.8165234E+03,3,
  2.7652460E+02,  0.0000000E+00,  2.5837985E+02,2822,  2.7641532E+00,  0.0000000E+00,  4.5354936E-01,  1.0001322E+03,  7.8635859E+03,3,
  2.7801791E+02,  0.0000000E+00,  2.5841418E+02,2686,  2.3609931E+00,  0.0000000E+00,  6.5970606E-01,  1.0002202E+03,  1.3098541E+04,3,
  2.8001175E+02,  0.0000000E+00,  2.5841699E+02,3034,  2.0228782E+00,  0.0000000E+00,  4.7021669E-01,  1.0002145E+03,  1.2764235E+04,3,
  2.8407867E+02,  0.0000000E+00,  2.5827649E+02,3054,  2.2601051E+00,  0.0000000E+00,  2.7229276E-01,  1.0001776E+03,  1.0566091E+04,3,
  3.0630887E+02,  0.0000000E+00,  2.5826419E+02,3027,  1.9882199E+00,  0.0000000E+00,  3.6019295E-01,  1.0001360E+03,  8.0887666E+03,3,
  3.0895370E+02,  0.0000000E+00,  2.5835562E+02,3018,  2.2449191E+00,  0.0000000E+00, -2.8516760E-01,  1.0001949E+03,  1.1594253E+04,3,
  3.1523294E+02,  0.0000000E+00,  2.5829272E+02,2980,  2.1040909E+00,  0.0000000E+00, -2.3776174E-01,  1.0002130E+03,  1.2673394E+04,3,
  3.1786307E+02,  0.0000000E+00,  2.5833749E+02,2991,  2.1200688E+00,  0.0000000E+00, -2.0288296E-01,  1.0002269E+03,  1.3498270E+04,3,
 -3.9742206E+02,  0.0000000E+00,  2.6595850E+02,3822, -3.6873554E-03,  0.0000000E+00, -1.0966376E-02,  1.0009196E+03,  5.4825949E+04,3,
 -3.9740817E+02,  0.0000000E+00,  2.6927069E+02,3828,  3.2711987E-04,  0.0000000E+00, -3.1192124E-02,  1.0002039E+03,  1.2131992E+04,3,
 -3.9116663E+02,  0.0000000E+00,  2.6503671E+02,3812,  5.6800675E-02,  0.0000000E+00,  1.0687155E-02,  1.0007369E+03,  4.3910191E+04,3,
 -3.9702774E+02,  0.0000000E+00,  2.6795395E+02,3823,  1.8536851E-02,  0.0000000E+00, -1.8157508E-02,  1.0002665E+03,  1.5856995E+04,3,
 -3.9623883E+02,  0.0000000E+00,  2.6819891E+02,3824,  1.4746273E-02,  0.0000000E+00, -2.4569141E-02,  1.0002729E+03,  1.6238659E+04,3,
 -3.9276837E+02,  0.0000000E+00,  2.6595502E+02,3816,  2.1726914E-02,  0.0000000E+00, -1.7394403E-02,  1.0015804E+03,  9.4416688E+04,3,
 -3.9495450E+02,  0.0000000E+00,  2.6811505E+02,3825,  1.9271173E-02,  0.0000000E+00, -2.7137620E-02,  1.0003115E+03,  1.8536227E+04,3,
 -3.9285562E+02,  0.0000000E+00,  2.6881876E+02,3826,  2.8938128E-02,  0.0000000E+00, -1.5147147E-02,  1.0001392E+03,  8.2812637E+03,3,
 -3.9172577E+02,  0.0000000E+00,  2.6888712E+02,3818,  1.9596217E-02,  0.0000000E+00, -1.6472252E-02,  1.0001432E+03,  8.5173506E+03,3,
 -3.9396536E+02,  0.0000000E+00,  2.6818359E+02,3827,  6.8146186E-03,  0.0000000E+00, -3.0360250E-02,  1.0002191E+03,  1.3036767E+04,3,
 -3.8639191E+02,  0.0000000E+00,  2.6502466E+02,3794,  7.7276096E-02,  0.0000000E+00,  2.5566259E-02,  1.0011713E+03,  6.9886172E+04,3,
 -3.8870358E+02,  0.0000000E+00,  2.6515939E+02,3803,  5.3776413E-02,  0.0000000E+00, -3.8901988E-02,  1.0011270E+03,  6.7233281E+04,3,
 -3.9030396E+02,  0.0000000E+00,  2.6894910E+02,3814,  2.8032413E-02,  0.0000000E+00, -2.0784773E-02,  1.0001460E+03,  8.6844307E+03,3,
 -3.9002893E+02,  0.0000000E+00,  2.6690170E+02,3813,  3.1584471E-02,  0.0000000E+00,  8.7305214E-03,  1.0007936E+03,  4.7297066E+04,3,
 -3.8871283E+02,  0.0000000E+00,  2.6895248E+02,3806,  8.7942578E-02,  0.0000000E+00, -1.7846987E-02,  1.0001463E+03,  8.7025918E+03,3,
 -3.8646207E+02,  0.0000000E+00,  2.6902170E+02,3819,  1.5112372E-01,  0.0000000E+00, -3.1366281E-02,  1.0001469E+03,  8.7352812E+03,3,
 -3.8803113E+02,  0.0000000E+00,  2.6756964E+02,3805,  5.4065129E-03,  0.0000000E+00,  1.0906414E-02,  1.0004077E+03,  2.4271559E+04,3,
 -3.8477490E+02,  0.0000000E+00,  2.6890576E+02,3807,  1.0311702E-01,  0.0000000E+00, -2.8059602E-02,  1.0001425E+03,  8.4773975E+03,3,
 -3.8647269E+02,  0.0000000E+00,  2.6748996E+02,3804, -6.8796888E-02,  0.0000000E+00, -1.4703771E-02,  1.0003719E+03,  2.2139971E+04,3,
 -3.8450922E+02,  0.0000000E+00,  2.6630673E+02,3795,  7.9265684E-02,  0.0000000E+00,  1.2090010E-01,  1.0012069E+03,  7.2020688E+04,3,
 -3.8358664E+02,  0.0000000E+00,  2.6880597E+02,3796,  1.3823020E-01,  0.0000000E+00, -1.5164846E-02,  1.0001459E+03,  8.6807979E+03,3,
 -3.8318216E+02,  0.0000000E+00,  2.6502536E+02,3785, -5.8927033E-02,  0.0000000E+00, -1.1531382E-02,  1.0010035E+03,  5.9848367E+04,3,
 -3.8213177E+02,  0.0000000E+00,  2.6786966E+02,3787,  1.5593572E-01,  0.0000000E+00,  4.0980563E-03,  1.0003019E+03,  1.7965420E+04,3,
 -3.8166278E+02,  0.0000000E+00,  2.6885373E+02,3817,  1.5712804E-01,  0.0000000E+00, -8.7755704E-03,  1.0001758E+03,  1.0460737E+04,3,
 -3.8019550E+02,  0.0000000E+00,  2.6878116E+02,3810,  1.6583312E-01,  0.0000000E+00, -1.4514024E-02,  1.0002079E+03,  1.2368170E+04,3,
 -3.7902780E+02,  0.0000000E+00,  2.6841504E+02,3797,  1.5203767E-01,  0.0000000E+00, -1.8918289E-02,  1.0002338E+03,  1.3912551E+04,3,
 -3.8123340E+02,  0.0000000E+00,  2.6595935E+02,3798, -4.1631501E-02,  0.0000000E+00, -1.9960169E-02,  1.0009553E+03,  5.6960898E+04,3,
 -3.7779684E+02,  0.0000000E+00,  2.6869354E+02,3808,  1.4277492E-01,  0.0000000E+00, -2.7852548E-02,  1.0001838E+03,  1.0936653E+04,3,
 -3.7896484E+02,  0.0000000E+00,  2.6636450E+02,3799,  4.1901264E-02,  0.0000000E+00, -1.3640302E-02,  1.0006623E+03,  3.9456875E+04,3,
 -3.7635406E+02,  0.0000000E+00,  2.6882669E+02,3809,  2.2871992E-01,  0.0000000E+00, -1.4425383E-02,  1.0001603E+03,  9.5344033E+03,3,
 -3.7625311E+02,  0.0000000E+00,  2.6730252E+02,3786,  2.2920925E-02,  0.0000000E+00, -2.8109597E-02,  1.0006050E+03,  3.6039887E+04,3,
 -3.7443777E+02,  0.0000000E+00,  2.6886395E+02,3800,  1.8957525E-01,  0.0000000E+00, -7.0189983E-03,  1.0001685E+03,  1.0021172E+04,3,
 -3.7404437E+02,  0.0000000E+00,  2.6744531E+02,3778,  7.4886128E-02,  0.0000000E+00, -4.5003336E-02,  1.0003636E+03,  2.1641695E+04,3,
 -3.7276843E+02,  0.0000000E+00,  2.6883307E+02,3801,  1.3860270E-01,  0.0000000E+00, -1.6856594E-02,  1.0001690E+03,  1.0053866E+04,3,
 -3.7082828E+02,  0.0000000E+00,  2.6882190E+02,3790,  1.2691709E-01,  0.0000000E+00, -2.0184340E-02,  1.0001740E+03,  1.0351753E+04,3,
 -3.7384332E+02,  0.0000000E+00,  2.6536966E+02,3779,  4.7704816E-02,  0.0000000E+00,  8.0006744E-04,  1.0012802E+03,  7.6408109E+04,3,
 -3.7195761E+02,  0.0000000E+00,  2.6765436E+02,3768,  1.2463064E-01,  0.0000000E+00, -5.5739719E-02,  1.0003346E+03,  1.9914295E+04,3,
 -3.7063272E+02,  0.0000000E+00,  2.6597714E+02,3758,  9.2490159E-02,  0.0000000E+00, -4.6441726E-02,  1.0010609E+03,  6.3277180E+04,3,
 -3.6957181E+02,  0.0000000E+00,  2.6889786E+02,3789,  1.3414468E-01,  0.0000000E+00, -1.5416331E-02,  1.0001870E+03,  1.1121939E+04,3,
 -3.6883914E+02,  0.0000000E+00,  2.6595062E+02,3749,  8.5317791E-02,  0.0000000E+00, -8.3951056E-03,  1.0011655E+03,  6.9538992E+04,3,
 -3.6796213E+02,  0.0000000E+00,  2.6899127E+02,3792,  1.4985555E-01,  0.0000000E+00, -1.1257746E-03,  1.0001749E+03,  1.0402612E+04,3,
 -3.6754858E+02,  0.0000000E+00,  2.6750720E+02,3759,  1.0217801E-01,  0.0000000E+00, -3.0853701E-04,  1.0002890E+03,  1.7198338E+04,3,
 -3.6621271E+02,  0.0000000E+00,  2.6870370E+02,3781,  1.1257554E-01,  0.0000000E+00, -7.5100707E-03,  1.0001622E+03,  9.6470117E+03,3,
 -3.6506436E+02,  0.0000000E+00,  2.6868750E+02,3791,  1.3973445E-01,  0.0000000E+00, -9.3599400E-03,  1.0001733E+03,  1.0311792E+04,3,
 -3.6586908E+02,  0.0000000E+00,  2.6611829E+02,3769,  8.1406169E-02,  0.0000000E+00, -1.6106403E-02,  1.0011540E+03,  6.8851969E+04,3,
 -3.6394360E+02,  0.0000000E+00,  2.6878165E+02,3782,  1.1873506E-01,  0.0000000E+00, -4.0297075E-03,  1.0001696E+03,  1.0090193E+04,3,
 -3.6365707E+02,  0.0000000E+00,  2.6565533E+02,3760,  7.6343410E-02,  0.0000000E+00,  9.4496962E-03,  1.0013015E+03,  7.7684477E+04,3,
 -3.6169434E+02,  0.0000000E+00,  2.6501810E+02,3741,  5.9697814E-02,  0.0000000E+00,  4.6207104E-02,  1.0009545E+03,  5.6913449E+04,3,
 -3.6259824E+02,  0.0000000E+00,  2.6888083E+02,3780,  1.7438637E-01,  0.0000000E+00,  5.3592157E-03,  1.0001519E+03,  9.0331279E+03,3,
 -3.6223984E+02,  0.0000000E+00,  2.6725479E+02,3761,  8.7789647E-02,  0.0000000E+00,  7.4064150E-02,  1.0004014E+03,  2.3896859E+04,3,
 -3.6099701E+02,  0.0000000E+00,  2.6889011E+02,3783,  1.5116750E-01,  0.0000000E+00, -1.3376075E-02,  1.0001447E+03,  8.6081543E+03,3,
 -3.5956821E+02,  0.0000000E+00,  2.6873410E+02,3770,  2.1431534E-01,  0.0000000E+00, -4.4601887E-02,  1.0001342E+03,  7.9798076E+03,3,
 -3.5996780E+02,  0.0000000E+00,  2.6643439E+02,3742,  1.1912653E-01,  0.0000000E+00,  7.3929027E-02,  1.0012080E+03,  7.2086484E+04,3,
 -3.5832709E+02,  0.0000000E+00,  2.6885587E+02,3772,  2.2737674E-01,  0.0000000E+00, -2.9102249E-02,  1.0001617E+03,  9.6215840E+03,3,
 -3.5718073E+02,  0.0000000E+00,  2.6737039E+02,3743,  2.3887633E-01,  0.0000000E+00,  2.4436396E-03,  1.0004211E+03,  2.5068293E+04,3,
 -3.5780453E+02,  0.0000000E+00,  2.6541183E+02,3752,  2.1476436E-03,  0.0000000E+00,  5.5360887E-03,  1.0008953E+03,  5.3373719E+04,3,
 -3.5662216E+02,  0.0000000E+00,  2.6880710E+02,3771,  2.3572840E-01,  0.0000000E+00, -1.5911933E-02,  1.0001703E+03,  1.0133786E+04,3,
 -3.5514191E+02,  0.0000000E+00,  2.6887131E+02,3774,  2.4138539E-01,  0.0000000E+00, -1.9799149E-02,  1.0001848E+03,  1.0991148E+04,3,
 -3.5575320E+02,  0.0000000E+00,  2.6546420E+02,3753,  3.6400682E-03,  0.0000000E+00, -2.5931802E-02,  1.0012130E+03,  7.2382578E+04,3,
 -3.5440042E+02,  0.0000000E+00,  2.6760666E+02,3751,  2.3425016E-01,  0.0000000E+00, -6.1225230E-03,  1.0004056E+03,  2.4144232E+04,3,
 -3.5308575E+02,  0.0000000E+00,  2.6885349E+02,3773,  2.6205349E-01,  0.0000000E+00, -2.5638338E-02,  1.0001846E+03,  1.0983883E+04,3,
 -3.5137659E+02,  0.0000000E+00,  2.6878583E+02,3763,  2.5463375E-01,  0.0000000E+00, -2.7297447E-02,  1.0001902E+03,  1.1314495E+04,3,
 -3.5216684E+02,  0.0000000E+00,  2.6710770E+02,3762,  2.6041636E-01,  0.0000000E+00, -4.1136123E-02,  1.0005238E+03,  3.1193275E+04,3,
 -3.5337018E+02,  0.0000000E+00,  2.6565683E+02,3754,  4.6661962E-03,  0.0000000E+00,  4.0822305E-02,  1.0006328E+03,  3.7697234E+04,3,
 -3.5121884E+02,  0.0000000E+00,  2.6528726E+02,3744,  5.6070290E-03,  0.0000000E+00, -5.2822713E-02,  1.0010038E+03,  5.9866621E+04,3,
 -3.4982849E+02,  0.0000000E+00,  2.6885260E+02,3765,  2.5720543E-01,  0.0000000E+00, -3.3823438E-02,  1.0001915E+03,  1.1390792E+04,3,
 -3.4965588E+02,  0.0000000E+00,  2.6684558E+02,3724,  1.8618399E-01,  0.0000000E+00, -5.8603302E-02,  1.0005790E+03,  3.4488422E+04,3,
 -3.4835712E+02,  0.0000000E+00,  2.6879202E+02,3764,  2.3729907E-01,  0.0000000E+00, -3.4727685E-02,  1.0001887E+03,  1.1223667E+04,3,
 -3.4790155E+02,  0.0000000E+00,  2.6579352E+02,3733,  1.3668221E-01,  0.0000000E+00, -2.0319369E-02,  1.0010810E+03,  6.4482473E+04,3,
 -3.4691769E+02,  0.0000000E+00,  2.6884616E+02,3756,  3.0445659E-01,  0.0000000E+00, -2.1955464E-02,  1.0001656E+03,  9.8504365E+03,3,
 -3.4504218E+02,  0.0000000E+00,  2.6878882E+02,3755,  2.8930077E-01,  0.0000000E+00,  8.5180870E-04,  1.0001560E+03,  9.2801299E+03,3,
 -3.4651083E+02,  0.0000000E+00,  2.6736301E+02,3732,  1.5539625E-01,  0.0000000E+00, -2.2105312E-02,  1.0003751E+03,  2.2329104E+04,3,
 -3.4382352E+02,  0.0000000E+00,  2.6871912E+02,3745,  2.5112420E-01,  0.0000000E+00, -1.8772488E-02,  1.0001654E+03,  9.8395391E+03,3,
 -3.4473483E+02,  0.0000000E+00,  2.6619891E+02,3725,  1.8499604E-01,  0.0000000E+00,  4.3482281E-02,  1.0011204E+03,  6.6842352E+04,3,
 -3.4241223E+02,  0.0000000E+00,  2.6697461E+02,3715,  2.1893741E-01,  0.0000000E+00, -7.5748704E-02,  1.0006218E+03,  3.7037906E+04,3,
 -3.4229028E+02,  0.0000000E+00,  2.6876535E+02,3747,  2.3682283E-01,  0.0000000E+00, -3.8576640E-02,  1.0001243E+03,  7.3950815E+03,3,
 -3.4077512E+02,  0.0000000E+00,  2.6868561E+02,3734,  2.4748597E-01,  0.0000000E+00, -5.9715040E-02,  1.0001471E+03,  8.7498105E+03,3,
 -3.4024243E+02,  0.0000000E+00,  2.6686496E+02,3714,  2.3912799E-01,  0.0000000E+00, -1.2595330E-01,  1.0007634E+03,  4.5495938E+04,3,
 -3.3922205E+02,  0.0000000E+00,  2.6878238E+02,3746,  2.2519709E-01,  0.0000000E+00, -2.6998105E-02,  1.0001443E+03,  8.5827295E+03,3,
 -3.3794675E+02,  0.0000000E+00,  2.6870630E+02,3735,  1.8012716E-01,  0.0000000E+00, -3.7915982E-02,  1.0001318E+03,  7.8417949E+03,3,
 -3.3799472E+02,  0.0000000E+00,  2.6574030E+02,3716,  2.6728991E-01,  0.0000000E+00, -6.8438403E-02,  1.0015742E+03,  9.4039352E+04,3,
 -3.3642313E+02,  0.0000000E+00,  2.6875644E+02,3726,  1.8439953E-01,  0.0000000E+00, -4.4285379E-02,  1.0001219E+03,  7.2534448E+03,3,
 -3.3626910E+02,  0.0000000E+00,  2.6745056E+02,3695,  2.8322214E-01,  0.0000000E+00, -3.2859676E-02,  1.0003969E+03,  2.3624031E+04,3,
 -3.3597260E+02,  0.0000000E+00,  2.6506216E+02,3696,  2.0568331E-01,  0.0000000E+00, -7.9509288E-02,  1.0009267E+03,  5.5252902E+04,3,
 -3.3496304E+02,  0.0000000E+00,  2.6882269E+02,3738,  1.8052894E-01,  0.0000000E+00, -2.4056660E-02,  1.0001264E+03,  7.5185610E+03,3,
 -3.3394519E+02,  0.0000000E+00,  2.6680176E+02,3687,  2.2269841E-01,  0.0000000E+00,  1.0414322E-01,  1.0009617E+03,  5.7347793E+04,3,
 -3.3325562E+02,  0.0000000E+00,  2.6866251E+02,3736,  2.9475456E-01,  0.0000000E+00, -4.7970995E-02,  1.0001298E+03,  7.7219429E+03,3,
 -3.3177490E+02,  0.0000000E+00,  2.6877701E+02,3737,  2.7912936E-01,  0.0000000E+00, -5.4264646E-02,  1.0001437E+03,  8.5464072E+03,3,
 -3.3100922E+02,  0.0000000E+00,  2.6754465E+02,3706,  2.9058358E-01,  0.0000000E+00, -3.7721794E-02,  1.0004044E+03,  2.4075113E+04,3,
 -3.2996466E+02,  0.0000000E+00,  2.6875015E+02,3727,  3.0561835E-01,  0.0000000E+00, -4.1791301E-02,  1.0001849E+03,  1.1002048E+04,3,
 -3.3165045E+02,  0.0000000E+00,  2.6560016E+02,3707,  1.8813533E-01,  0.0000000E+00, -1.6734289E-02,  1.0009548E+03,  5.6931699E+04,3,
 -3.2915155E+02,  0.0000000E+00,  2.6578485E+02,3697,  2.8620249E-01,  0.0000000E+00, -8.3606958E-02,  1.0010170E+03,  6.0655254E+04,3,
 -3.2843848E+02,  0.0000000E+00,  2.6883804E+02,3729,  3.0187309E-01,  0.0000000E+00, -4.1195374E-02,  1.0001511E+03,  8.9859082E+03,3,
 -3.2816052E+02,  0.0000000E+00,  2.6797144E+02,3717,  2.3625244E-01,  0.0000000E+00, -4.4645563E-02,  1.0001998E+03,  1.1888553E+04,3,
 -3.2638672E+02,  0.0000000E+00,  2.6875519E+02,3728,  2.9885709E-01,  0.0000000E+00, -5.3582773E-02,  1.0001321E+03,  7.8599541E+03,3,
 -3.2682724E+02,  0.0000000E+00,  2.6585001E+02,3688,  2.4656877E-01,  0.0000000E+00, -8.4763700E-03,  1.0015092E+03,  9.0142211E+04,3,
 -3.2533499E+02,  0.0000000E+00,  2.6860135E+02,3718,  3.2110474E-01,  0.0000000E+00, -3.3337887E-02,  1.0001678E+03,  9.9848447E+03,3,
 -3.2345776E+02,  0.0000000E+00,  2.6875534E+02,3719,  2.9857242E-01,  0.0000000E+00, -1.5027972E-02,  1.0001679E+03,  9.9884775E+03,3,
 -3.2436270E+02,  0.0000000E+00,  2.6734399E+02,3679,  3.2696724E-01,  0.0000000E+00, -6.1351261E-03,  1.0004841E+03,  2.8823627E+04,3,
 -3.2380106E+02,  0.0000000E+00,  2.6562891E+02,3699,  3.9443251E-01,  0.0000000E+00,  1.0410415E-01,  1.0006301E+03,  3.7533309E+04,3,
 -3.2187964E+02,  0.0000000E+00,  2.6645364E+02,3698,  4.4884339E-01,  0.0000000E+00, -7.0347458E-02,  1.0009042E+03,  5.3910070E+04,3,
 -3.1641876E+02,  0.0000000E+00,  2.6514340E+02,3660,  1.4863127E-01,  0.0000000E+00,  7.1775161E-02,  1.0012238E+03,  7.3029625E+04,3,
 -3.2185635E+02,  0.0000000E+00,  2.6868509E+02,3720,  2.7076134E-01,  0.0000000E+00, -3.3432439E-02,  1.0001880E+03,  1.1183702E+04,3,
 -3.2019962E+02,  0.0000000E+00,  2.6571799E+02,3689,  5.1442069E-01,  0.0000000E+00,  6.8949573E-02,  1.0005906E+03,  3.5176719E+04,3,
 -3.2044040E+02,  0.0000000E+00,  2.6852661E+02,3708,  3.0414674E-01,  0.0000000E+00, -3.1312570E-02,  1.0001932E+03,  1.1496155E+04,3,
 -3.1905145E+02,  0.0000000E+00,  2.6868518E+02,3710,  3.5395697E-01,  0.0000000E+00, -2.8188897E-03,  1.0001524E+03,  9.0658193E+03,3,
 -3.1697476E+02,  0.0000000E+00,  2.6875089E+02,3711,  4.2371419E-01,  0.0000000E+00,  4.2895205E-02,  1.0001505E+03,  8.9495850E+03,3,
 -3.1869055E+02,  0.0000000E+00,  2.6733572E+02,3650,  3.9841130E-01,  0.0000000E+00,  7.9626128E-02,  1.0005847E+03,  3.4827102E+04,3,
 -3.1659604E+02,  0.0000000E+00,  2.6718759E+02,3659,  2.9390043E-01,  0.0000000E+00,  1.0726324E-01,  1.0004794E+03,  2.8543385E+04,3,
 -3.1530887E+02,  0.0000000E+00,  2.6871472E+02,3709,  4.2282036E-01,  0.0000000E+00,  1.2047295E-02,  1.0001610E+03,  9.5779932E+03,3,
 -3.1016061E+02,  0.0000000E+00,  2.6511502E+02,3653,  1.9450490E-01,  0.0000000E+00,  8.9790642E-02,  1.0012317E+03,  7.3504883E+04,3,
 -3.1394644E+02,  0.0000000E+00,  2.6863968E+02,3701,  4.4798297E-01,  0.0000000E+00, -1.7968306E-02,  1.0001343E+03,  7.9870718E+03,3,
 -3.1394440E+02,  0.0000000E+00,  2.6716296E+02,3670,  3.0974379E-01,  0.0000000E+00, -6.6225559E-02,  1.0005980E+03,  3.5617398E+04,3,
 -3.1226013E+02,  0.0000000E+00,  2.6846878E+02,3700,  3.6044207E-01,  0.0000000E+00, -4.2042203E-02,  1.0001699E+03,  1.0104725E+04,3,
 -3.1050290E+02,  0.0000000E+00,  2.6877100E+02,3702,  4.1227564E-01,  0.0000000E+00, -2.3578461E-02,  1.0001623E+03,  9.6542764E+03,3,
 -3.1134903E+02,  0.0000000E+00,  2.6744629E+02,3651,  3.8498166E-01,  0.0000000E+00, -7.3958427E-02,  1.0004659E+03,  2.7739092E+04,3,
 -3.0930649E+02,  0.0000000E+00,  2.6730173E+02,3652,  4.1139272E-01,  0.0000000E+00, -1.2104511E-02,  1.0004601E+03,  2.7397016E+04,3,
 -3.0857623E+02,  0.0000000E+00,  2.6875958E+02,3680,  3.6969534E-01,  0.0000000E+00,  8.1199082E-03,  1.0001756E+03,  1.0446206E+04,3,
 -3.0714493E+02,  0.0000000E+00,  2.6875998E+02,3692,  3.7556544E-01,  0.0000000E+00,  2.9434256E-02,  1.0001736E+03,  1.0326323E+04,3,
 -3.0728561E+02,  0.0000000E+00,  2.6580087E+02,3681,  3.9335746E-01,  0.0000000E+00, -7.0913665E-02,  1.0011954E+03,  7.1333500E+04,3,
 -3.0593832E+02,  0.0000000E+00,  2.6855252E+02,3690,  4.1282013E-01,  0.0000000E+00,  1.7839717E-02,  1.0001262E+03,  7.5040342E+03,3,
 -3.0418512E+02,  0.0000000E+00,  2.6862173E+02,3693,  3.3857208E-01,  0.0000000E+00, -4.3273453E-02,  1.0000628E+03,  3.7349702E+03,3,
 -3.0556403E+02,  0.0000000E+00,  2.6750891E+02,3671,  2.8375229E-01,  0.0000000E+00,  6.4897232E-02,  1.0004470E+03,  2.6614648E+04,3,
 -3.0533145E+02,  0.0000000E+00,  2.6520776E+02,3662,  3.4453094E-01,  0.0000000E+00,  1.2342975E-02,  1.0005959E+03,  3.5493570E+04,3,
 -3.0238379E+02,  0.0000000E+00,  2.6865683E+02,3691,  5.6079561E-01,  0.0000000E+00, -4.5021202E-02,  1.0000939E+03,  5.5830122E+03,3,
 -3.0329755E+02,  0.0000000E+00,  2.6643314E+02,3643,  3.4807333E-01,  0.0000000E+00,  1.5076943E-01,  1.0014543E+03,  8.6850602E+04,3,
 -3.0135559E+02,  0.0000000E+00,  2.6882278E+02,3683,  5.0792807E-01,  0.0000000E+00, -1.6287314E-02,  1.0001464E+03,  8.7098564E+03,3,
 -3.0107703E+02,  0.0000000E+00,  2.6589948E+02,3654,  3.4388438E-01,  0.0000000E+00,  1.3925882E-01,  1.0008732E+03,  5.2053023E+04,3,
 -2.9962106E+02,  0.0000000E+00,  2.6774579E+02,3661,  5.1702082E-01,  0.0000000E+00, -2.2305399E-02,  1.0003567E+03,  2.1230729E+04,3,
 -2.9991440E+02,  0.0000000E+00,  2.6882449E+02,3682,  4.8470566E-01,  0.0000000E+00, -2.7944047E-02,  1.0001619E+03,  9.6288486E+03,3,
 -2.9778403E+02,  0.0000000E+00,  2.6886469E+02,3684,  5.5924678E-01,  0.0000000E+00, -4.2280093E-02,  1.0001634E+03,  9.7196631E+03,3,
 -2.9752359E+02,  0.0000000E+00,  2.6778635E+02,3633,  5.6713736E-01,  0.0000000E+00, -3.2001544E-02,  1.0002775E+03,  1.6511285E+04,3,
 -2.9587979E+02,  0.0000000E+00,  2.6858340E+02,3672,  5.3781170E-01,  0.0000000E+00, -4.3810870E-02,  1.0001461E+03,  8.6880625E+03,3,
 -2.9744485E+02,  0.0000000E+00,  2.6569211E+02,3645,  5.3088975E-01,  0.0000000E+00,  1.7837156E-02,  1.0012369E+03,  7.3819297E+04,3,
 -2.9508533E+02,  0.0000000E+00,  2.6664352E+02,3663,  4.3484628E-01,  0.0000000E+00, -1.2558109E-01,  1.0006946E+03,  4.1384457E+04,3,
 -2.9463135E+02,  0.0000000E+00,  2.6871671E+02,3674,  5.1632231E-01,  0.0000000E+00, -6.7730449E-02,  1.0001391E+03,  8.2740000E+03,3,
 -2.9445297E+02,  0.0000000E+00,  2.6501120E+02,3605,  3.4982470E-01,  0.0000000E+00, -1.8873513E-01,  1.0010677E+03,  6.3686234E+04,3,
 -2.9305212E+02,  0.0000000E+00,  2.6731049E+02,3614,  4.4386086E-01,  0.0000000E+00, -1.0459024E-01,  1.0005378E+03,  3.2030613E+04,3,
 -2.9267804E+02,  0.0000000E+00,  2.6877805E+02,3675,  5.7382202E-01,  0.0000000E+00, -6.1860256E-02,  1.0001242E+03,  7.3878179E+03,3,
 -2.9093005E+02,  0.0000000E+00,  2.6857642E+02,3673,  6.1258304E-01,  0.0000000E+00, -2.9538851E-02,  1.0000875E+03,  5.2053882E+03,3,
 -2.8935291E+02,  0.0000000E+00,  2.6864597E+02,3665,  5.2604300E-01,  0.0000000E+00,  7.4063526E-03,  1.0001016E+03,  6.0405376E+03,3,
 -2.9099091E+02,  0.0000000E+00,  2.6720032E+02,3615,  3.4500414E-01,  0.0000000E+00, -4.0995777E-03,  1.0006353E+03,  3.7846594E+04,3,
 -2.8874295E+02,  0.0000000E+00,  2.6590729E+02,3625,  3.7744233E-01,  0.0000000E+00,  6.9219813E-02,  1.0017198E+03,  1.0278412E+05,3,
 -2.8809787E+02,  0.0000000E+00,  2.6849149E+02,3664,  5.4064375E-01,  0.0000000E+00,  2.1272656E-02,  1.0001149E+03,  6.8358105E+03,3,
 -2.8694318E+02,  0.0000000E+00,  2.6884167E+02,3666,  5.3351551E-01,  0.0000000E+00,  6.8510813E-04,  1.0001673E+03,  9.9521514E+03,3,
 -2.8533948E+02,  0.0000000E+00,  2.6866382E+02,3644,  5.9788686E-01,  0.0000000E+00, -2.9770000E-02,  1.0001912E+03,  1.1376260E+04,3,
 -2.8626233E+02,  0.0000000E+00,  2.6664981E+02,3626,  3.2717365E-01,  0.0000000E+00,  6.4802468E-02,  1.0006111E+03,  3.6400473E+04,3,
 -2.8402579E+02,  0.0000000E+00,  2.6869891E+02,3656,  6.5013558E-01,  0.0000000E+00, -2.5960712E-02,  1.0001886E+03,  1.1220033E+04,3,
 -2.8263742E+02,  0.0000000E+00,  2.6850076E+02,3655,  5.4238838E-01,  0.0000000E+00, -8.2357656E-03,  1.0001485E+03,  8.8333516E+03,3,
 -2.8359027E+02,  0.0000000E+00,  2.6671838E+02,3635,  2.8690618E-01,  0.0000000E+00, -9.9534914E-02,  1.0004520E+03,  2.6913033E+04,3,
 -2.8507047E+02,  0.0000000E+00,  2.6528491E+02,3627,  2.3551883E-01,  0.0000000E+00, -1.1854309E-01,  1.0011827E+03,  7.0573258E+04,3,
 -2.8108090E+02,  0.0000000E+00,  2.6866113E+02,3657,  4.5703009E-01,  0.0000000E+00, -5.9041232E-03,  1.0001249E+03,  7.4277671E+03,3,
 -2.8028564E+02,  0.0000000E+00,  2.6822903E+02,3646,  6.4196956E-01,  0.0000000E+00,  6.6500688E-03,  1.0001140E+03,  6.7813379E+03,3,
 -2.8119067E+02,  0.0000000E+00,  2.6595819E+02,3578,  1.4431991E-01,  0.0000000E+00, -4.8809588E-02,  1.0017113E+03,  1.0227447E+05,3,
 -2.7880087E+02,  0.0000000E+00,  2.6859586E+02,3647,  5.1556545E-01,  0.0000000E+00, -2.6779294E-02,  1.0001219E+03,  7.2498135E+03,3,
 -2.7705957E+02,  0.0000000E+00,  2.6839749E+02,3636,  6.3905180E-01,  0.0000000E+00, -1.1338963E-01,  1.0001321E+03,  7.8599541E+03,3,
 -2.7828723E+02,  0.0000000E+00,  2.6714819E+02,3598,  1.5662923E-01,  0.0000000E+00, -2.0425526E-02,  1.0006348E+03,  3.7817449E+04,3,
 -2.7569394E+02,  0.0000000E+00,  2.6860223E+02,3648,  5.4450190E-01,  0.0000000E+00, -1.0454465E-01,  1.0001711E+03,  1.0181012E+04,3,
 -2.7679715E+02,  0.0000000E+00,  2.6588144E+02,3607,  2.6688993E-01,  0.0000000E+00, -3.5309106E-02,  1.0009896E+03,  5.9015988E+04,3,
 -2.7465964E+02,  0.0000000E+00,  2.6740262E+02,3588,  5.1469082E-01,  0.0000000E+00, -1.2815651E-01,  1.0003495E+03,  2.0801596E+04,3,
 -2.7380295E+02,  0.0000000E+00,  2.6862726E+02,3638,  5.0736016E-01,  0.0000000E+00, -9.6598424E-02,  1.0001730E+03,  1.0293628E+04,3,
 -2.7236996E+02,  0.0000000E+00,  2.6852972E+02,3637,  6.2844694E-01,  0.0000000E+00, -7.3621109E-02,  1.0001512E+03,  8.9968047E+03,3,
 -2.7213745E+02,  0.0000000E+00,  2.6741626E+02,3616,  4.1148031E-01,  0.0000000E+00, -2.0703318E-02,  1.0003201E+03,  1.9052525E+04,3,
 -2.7043753E+02,  0.0000000E+00,  2.6843942E+02,3639,  6.0786331E-01,  0.0000000E+00, -2.4401899E-02,  1.0001258E+03,  7.4822437E+03,3,
 -2.7284918E+02,  0.0000000E+00,  2.6531665E+02,3580,  4.3429831E-01,  0.0000000E+00, -1.4587650E-01,  1.0011729E+03,  6.9981188E+04,3,
 -2.6932742E+02,  0.0000000E+00,  2.6821658E+02,3617,  6.2827331E-01,  0.0000000E+00,  3.0175515E-02,  1.0001325E+03,  7.8817456E+03,3,
 -2.7023239E+02,  0.0000000E+00,  2.6597134E+02,3608,  2.0442167E-01,  0.0000000E+00, -3.1263065E-03,  1.0013033E+03,  7.7794203E+04,3,
 -2.6807236E+02,  0.0000000E+00,  2.6840030E+02,3629,  5.2073669E-01,  0.0000000E+00,  5.1062450E-02,  1.0001631E+03,  9.7015000E+03,3,
 -2.6745651E+02,  0.0000000E+00,  2.6584927E+02,3609,  3.8378185E-01,  0.0000000E+00,  9.1053896E-02,  1.0011863E+03,  7.0788898E+04,3,
 -2.6698083E+02,  0.0000000E+00,  2.6835211E+02,3628,  5.3351742E-01,  0.0000000E+00,  1.5892578E-02,  1.0001697E+03,  1.0093826E+04,3,
 -2.6552908E+02,  0.0000000E+00,  2.6847815E+02,3630,  5.3577614E-01,  0.0000000E+00, -5.3471699E-02,  1.0001604E+03,  9.5416680E+03,3,
 -2.6512399E+02,  0.0000000E+00,  2.6742447E+02,3561,  4.4801182E-01,  0.0000000E+00, -1.2483907E-01,  1.0003403E+03,  2.0256115E+04,3,
 -2.6302463E+02,  0.0000000E+00,  2.6840350E+02,3618,  4.7363222E-01,  0.0000000E+00, -1.5641663E-02,  1.0001539E+03,  9.1529961E+03,3,
 -2.6349619E+02,  0.0000000E+00,  2.6710959E+02,3590,  7.2010571E-01,  0.0000000E+00, -1.2713510E-01,  1.0005059E+03,  3.0126682E+04,3,
 -2.6154517E+02,  0.0000000E+00,  2.6720447E+02,3571,  5.5938661E-01,  0.0000000E+00,  1.5078852E-01,  1.0004415E+03,  2.6287166E+04,3,
 -2.6127924E+02,  0.0000000E+00,  2.6498923E+02,3543,  5.6078106E-01,  0.0000000E+00,  1.1632928E-02,  1.0012140E+03,  7.2444719E+04,3,
 -2.6097607E+02,  0.0000000E+00,  2.6847879E+02,3620,  4.9842027E-01,  0.0000000E+00,  7.3449627E-02,  1.0001587E+03,  9.4399580E+03,3,
 -2.5972845E+02,  0.0000000E+00,  2.6837283E+02,3621,  5.0245738E-01,  0.0000000E+00,  6.7715995E-02,  1.0001723E+03,  1.0250034E+04,3,
 -2.5848041E+02,  0.0000000E+00,  2.6729578E+02,3599,  5.1776391E-01,  0.0000000E+00,  4.1354679E-02,  1.0004218E+03,  2.5111951E+04,3,
 -2.5906747E+02,  0.0000000E+00,  2.6554431E+02,3600,  2.9014757E-01,  0.0000000E+00, -4.0619043E-03,  1.0009528E+03,  5.6814906E+04,3,
 -2.5749823E+02,  0.0000000E+00,  2.6826648E+02,3619,  5.4756510E-01,  0.0000000E+00,  7.3895622E-03,  1.0002155E+03,  1.2822375E+04,3,
 -2.5635931E+02,  0.0000000E+00,  2.6820850E+02,3589,  4.8825246E-01,  0.0000000E+00, -3.7215337E-02,  1.0002531E+03,  1.5060999E+04,3,
 -2.5506995E+02,  0.0000000E+00,  2.6843616E+02,3611,  4.5640659E-01,  0.0000000E+00, -8.6524293E-02,  1.0001799E+03,  1.0704142E+04,3,
 -2.5605328E+02,  0.0000000E+00,  2.6576974E+02,3591,  4.3421444E-01,  0.0000000E+00,  2.6055874E-02,  1.0007521E+03,  4.4821508E+04,3,
 -2.5388971E+02,  0.0000000E+00,  2.6805487E+02,3610,  6.4468461E-01,  0.0000000E+00, -1.1670264E-01,  1.0001379E+03,  8.2013594E+03,3,
 -2.5390555E+02,  0.0000000E+00,  2.6731082E+02,3562,  5.5688560E-01,  0.0000000E+00, -7.8434020E-02,  1.0004631E+03,  2.7575330E+04,3,
 -2.5115538E+02,  0.0000000E+00,  2.6824527E+02,3612,  7.2551739E-01,  0.0000000E+00,  1.9243805E-02,  1.0000988E+03,  5.8735020E+03,3,
 -2.5027438E+02,  0.0000000E+00,  2.6847223E+02,3602,  6.4163160E-01,  0.0000000E+00, -2.4900340E-02,  1.0001389E+03,  8.2631035E+03,3,
 -2.5193079E+02,  0.0000000E+00,  2.6635541E+02,3544,  5.9649694E-01,  0.0000000E+00,  3.4366983E-01,  1.0011728E+03,  6.9977539E+04,3,
 -2.4922354E+02,  0.0000000E+00,  2.6842120E+02,3601,  7.6351011E-01,  0.0000000E+00, -6.0710941E-02,  1.0001661E+03,  9.8794980E+03,3,
 -2.4905710E+02,  0.0000000E+00,  2.6600119E+02,3554,  3.5508999E-01,  0.0000000E+00, -4.3667581E-02,  1.0010561E+03,  6.2992312E+04,3,
 -2.4776833E+02,  0.0000000E+00,  2.6852365E+02,3603,  8.0050510E-01,  0.0000000E+00, -7.4909084E-02,  1.0001787E+03,  1.0631483E+04,3,
 -2.4682927E+02,  0.0000000E+00,  2.6742624E+02,3553,  7.5415564E-01,  0.0000000E+00, -6.0750909E-02,  1.0003500E+03,  2.0834326E+04,3,
 -2.4565939E+02,  0.0000000E+00,  2.6826056E+02,3582,  7.6016629E-01,  0.0000000E+00, -2.3036482E-02,  1.0001812E+03,  1.0776801E+04,3,
 -2.4602757E+02,  0.0000000E+00,  2.6561130E+02,3563,  5.2614415E-01,  0.0000000E+00,  3.6373090E-02,  1.0008071E+03,  4.8106586E+04,3,
 -2.4440231E+02,  0.0000000E+00,  2.6842908E+02,3593,  7.5066793E-01,  0.0000000E+00, -1.5461082E-02,  1.0001483E+03,  8.8188232E+03,3,
 -2.4393352E+02,  0.0000000E+00,  2.6658176E+02,3573,  6.9480783E-01,  0.0000000E+00, -4.0405165E-02,  1.0007371E+03,  4.3921125E+04,3,
 -2.4270570E+02,  0.0000000E+00,  2.6830020E+02,3592,  7.3348057E-01,  0.0000000E+00, -3.3181205E-02,  1.0001458E+03,  8.6699014E+03,3,
 -2.4177582E+02,  0.0000000E+00,  2.6590503E+02,3555,  6.4529192E-01,  0.0000000E+00, -7.4179165E-02,  1.0011290E+03,  6.7357508E+04,3,
 -2.4132867E+02,  0.0000000E+00,  2.6841342E+02,3594,  7.1995109E-01,  0.0000000E+00, -5.0694890E-02,  1.0001540E+03,  9.1602607E+03,3,
 -2.4019991E+02,  0.0000000E+00,  2.6757437E+02,3572,  7.4655390E-01,  0.0000000E+00, -5.6648720E-02,  1.0002978E+03,  1.7721838E+04,3,
 -2.3907927E+02,  0.0000000E+00,  2.6820758E+02,3584,  6.9991797E-01,  0.0000000E+00, -7.1444936E-02,  1.0001736E+03,  1.0329956E+04,3,
 -2.3833356E+02,  0.0000000E+00,  2.6725055E+02,3534,  6.9173670E-01,  0.0000000E+00, -8.5932046E-02,  1.0004894E+03,  2.9140275E+04,3,
 -2.3693968E+02,  0.0000000E+00,  2.6805707E+02,3583,  7.4502069E-01,  0.0000000E+00, -9.5394984E-02,  1.0001708E+03,  1.0159216E+04,3,
 -2.3631969E+02,  0.0000000E+00,  2.6719437E+02,3516,  7.2752374E-01,  0.0000000E+00, -9.2125952E-02,  1.0004253E+03,  2.5319332E+04,3,
 -2.3472675E+02,  0.0000000E+00,  2.6718961E+02,3488,  7.8048027E-01,  0.0000000E+00, -7.9532467E-02,  1.0004116E+03,  2.4504387E+04,3,
 -2.3427725E+02,  0.0000000E+00,  2.6830341E+02,3585,  7.0193428E-01,  0.0000000E+00, -9.0747446E-02,  1.0001631E+03,  9.7015000E+03,3,
 -2.3265517E+02,  0.0000000E+00,  2.6844089E+02,3575,  7.1924710E-01,  0.0000000E+00, -8.8541970E-02,  1.0001833E+03,  1.0903956E+04,3,
 -2.3225154E+02,  0.0000000E+00,  2.6715817E+02,3525,  7.4165881E-01,  0.0000000E+00, -1.3475931E-01,  1.0003152E+03,  1.8761650E+04,3,
 -2.3131396E+02,  0.0000000E+00,  2.6516644E+02,3461,  7.2922468E-01,  0.0000000E+00,  9.3168341E-02,  1.0014544E+03,  8.6854266E+04,3,
 -2.3075397E+02,  0.0000000E+00,  2.6836838E+02,3574,  7.1673453E-01,  0.0000000E+00, -8.6260326E-03,  1.0001866E+03,  1.1103774E+04,3,
 -2.2980090E+02,  0.0000000E+00,  2.6814755E+02,3564,  8.1068987E-01,  0.0000000E+00,  6.0768772E-02,  1.0001837E+03,  1.0929387E+04,3,
 -2.2922160E+02,  0.0000000E+00,  2.6686203E+02,3507,  9.8166716E-01,  0.0000000E+00,  3.2802969E-01,  1.0004913E+03,  2.9253107E+04,3,
 -2.2749669E+02,  0.0000000E+00,  2.6826248E+02,3576,  6.7417789E-01,  0.0000000E+00, -1.5837647E-02,  1.0001971E+03,  1.1728686E+04,3,
 -2.2715729E+02,  0.0000000E+00,  2.6502115E+02,3509,  5.8499408E-01,  0.0000000E+00,  5.8643967E-02,  1.0012856E+03,  7.6737242E+04,3,
 -2.2652513E+02,  0.0000000E+00,  2.6832330E+02,3545,  8.8898820E-01,  0.0000000E+00, -9.0577498E-02,  1.0001842E+03,  1.0958451E+04,3,
 -2.2607809E+02,  0.0000000E+00,  2.6723199E+02,3518,  8.0106348E-01,  0.0000000E+00, -1.1360126E-01,  1.0004343E+03,  2.5857814E+04,3,
 -2.2428090E+02,  0.0000000E+00,  2.6843842E+02,3566,  9.7281557E-01,  0.0000000E+00, -1.5414116E-01,  1.0002000E+03,  1.1899453E+04,3,
 -2.2445316E+02,  0.0000000E+00,  2.6648441E+02,3526,  8.2174706E-01,  0.0000000E+00, -1.2014714E-01,  1.0004162E+03,  2.4777240E+04,3,
 -2.2277376E+02,  0.0000000E+00,  2.6834537E+02,3565,  8.4455520E-01,  0.0000000E+00, -1.5100069E-01,  1.0002021E+03,  1.2026622E+04,3,
 -2.2170558E+02,  0.0000000E+00,  2.6828064E+02,3567,  8.5108864E-01,  0.0000000E+00, -1.7452428E-01,  1.0001744E+03,  1.0377183E+04,3,
 -2.2265175E+02,  0.0000000E+00,  2.6505777E+02,3489,  8.6651605E-01,  0.0000000E+00, -8.6388431E-02,  1.0019316E+03,  1.1551541E+05,3,
 -2.2076007E+02,  0.0000000E+00,  2.6813116E+02,3557,  9.6960306E-01,  0.0000000E+00, -1.9775048E-01,  1.0001431E+03,  8.5137188E+03,3,
 -2.2000349E+02,  0.0000000E+00,  2.6634683E+02,3527,  8.3223468E-01,  0.0000000E+00,  9.2514262E-02,  1.0009686E+03,  5.7756602E+04,3,
 -2.1872035E+02,  0.0000000E+00,  2.6789877E+02,3535,  1.1300451E+00,  0.0000000E+00, -1.7333800E-01,  1.0001932E+03,  1.1492522E+04,3,
 -2.1776520E+02,  0.0000000E+00,  2.6826505E+02,3556,  1.0680498E+00,  0.0000000E+00, -1.5064636E-01,  1.0001847E+03,  1.0987516E+04,3,
 -2.1654048E+02,  0.0000000E+00,  2.6810849E+02,3536,  1.1493249E+00,  0.0000000E+00, -8.1062473E-02,  1.0002150E+03,  1.2789671E+04,3,
 -2.1758650E+02,  0.0000000E+00,  2.6568268E+02,3519,  6.2956405E-01,  0.0000000E+00, -1.4003457E-01,  1.0008289E+03,  4.9408520E+04,3,
 -2.1508833E+02,  0.0000000E+00,  2.6833237E+02,3558,  1.1651720E+00,  0.0000000E+00,  3.4181364E-03,  1.0001790E+03,  1.0649648E+04,3,
 -2.1442242E+02,  0.0000000E+00,  2.6728027E+02,3517,  1.0314081E+00,  0.0000000E+00,  5.6265287E-02,  1.0003538E+03,  2.1056164E+04,3,
 -2.1551541E+02,  0.0000000E+00,  2.6549637E+02,3528,  7.8207397E-01,  0.0000000E+00,  8.6459287E-02,  1.0009326E+03,  5.5603238E+04,3,
 -2.1264684E+02,  0.0000000E+00,  2.6817990E+02,3546,  1.1582985E+00,  0.0000000E+00,  2.9052872E-02,  1.0001790E+03,  1.0649648E+04,3,
 -2.1260646E+02,  0.0000000E+00,  2.6695352E+02,3537,  9.5251215E-01,  0.0000000E+00,  2.5900966E-02,  1.0002533E+03,  1.5071902E+04,3,
 -2.1189201E+02,  0.0000000E+00,  2.6540936E+02,3510,  6.9926369E-01,  0.0000000E+00, -9.1213584E-02,  1.0013404E+03,  8.0018211E+04,3,
 -2.1091811E+02,  0.0000000E+00,  2.6823438E+02,3548,  1.1725345E+00,  0.0000000E+00,  4.8981182E-02,  1.0002610E+03,  1.5533500E+04,3,
 -2.0955424E+02,  0.0000000E+00,  2.6834039E+02,3549,  1.0207402E+00,  0.0000000E+00,  1.4840526E-02,  1.0002893E+03,  1.7216516E+04,3,
 -2.0930965E+02,  0.0000000E+00,  2.6660919E+02,3500,  9.2254645E-01,  0.0000000E+00, -5.9697933E-02,  9.9998096E+02, -1.1321910E+03,3,
 -2.0780409E+02,  0.0000000E+00,  2.6812521E+02,3547,  8.5947353E-01,  0.0000000E+00, -1.1322247E-01,  1.0002496E+03,  1.4850197E+04,3,
 -2.0710605E+02,  0.0000000E+00,  2.6762213E+02,3538,  1.0292282E+00,  0.0000000E+00, -1.6560982E-01,  1.0002625E+03,  1.5617099E+04,3,
 -2.0311263E+02,  0.0000000E+00,  2.6505756E+02,3389,  2.9713914E-01,  0.0000000E+00,  2.4497530E-01,  1.0019372E+03,  1.1585317E+05,3,
 -2.0611244E+02,  0.0000000E+00,  2.6714908E+02,3425,  1.2692627E+00,  0.0000000E+00, -9.1345645E-02,  1.0003165E+03,  1.8834367E+04,3,
 -2.0464360E+02,  0.0000000E+00,  2.6809946E+02,3539,  1.1943245E+00,  0.0000000E+00,  1.1916326E-01,  1.0002074E+03,  1.2339102E+04,3,
 -2.0425896E+02,  0.0000000E+00,  2.6676401E+02,3398,  9.7631454E-01,  0.0000000E+00,  6.2239957E-01,  1.0000833E+03,  4.9512266E+03,3,
 -2.0289172E+02,  0.0000000E+00,  2.6823856E+02,3540,  1.1306484E+00,  0.0000000E+00,  2.0166219E-03,  1.0002127E+03,  1.2655225E+04,3,
 -2.0154320E+02,  0.0000000E+00,  2.6818338E+02,3530,  1.2874391E+00,  0.0000000E+00, -1.3228332E-01,  1.0002222E+03,  1.3222092E+04,3,
 -2.0094600E+02,  0.0000000E+00,  2.6702182E+02,3462,  1.3552773E+00,  0.0000000E+00, -2.1999064E-01,  1.0001352E+03,  8.0415513E+03,3,
 -1.9959015E+02,  0.0000000E+00,  2.6795642E+02,3529,  1.2934445E+00,  0.0000000E+00, -9.4551176E-02,  1.0002367E+03,  1.4083355E+04,3,
 -1.9881381E+02,  0.0000000E+00,  2.6701920E+02,3443,  1.2851919E+00,  0.0000000E+00, -4.5951176E-02,  1.0003104E+03,  1.8470783E+04,3,
 -1.9758008E+02,  0.0000000E+00,  2.6802829E+02,3531,  1.2390972E+00,  0.0000000E+00, -5.4501656E-02,  1.0002360E+03,  1.4039746E+04,3,
 -1.9653960E+02,  0.0000000E+00,  2.6688022E+02,3453,  1.1563588E+00,  0.0000000E+00, -5.9176028E-02,  1.0002151E+03,  1.2800572E+04,3,
 -1.9570656E+02,  0.0000000E+00,  2.6802664E+02,3521,  1.2935195E+00,  0.0000000E+00, -9.2719920E-02,  1.0002355E+03,  1.4010673E+04,3,
 -1.9379137E+02,  0.0000000E+00,  2.6796332E+02,3520,  1.3984361E+00,  0.0000000E+00, -8.7251313E-02,  1.0002289E+03,  1.3618191E+04,3,
 -1.9423177E+02,  0.0000000E+00,  2.6677161E+02,3454,  1.1549762E+00,  0.0000000E+00, -6.7937881E-02,  1.0002297E+03,  1.3669067E+04,3,
 -1.9207663E+02,  0.0000000E+00,  2.6684396E+02,3463,  1.2893254E+00,  0.0000000E+00, -3.9225530E-02,  1.0003663E+03,  2.1801723E+04,3,
 -1.9166338E+02,  0.0000000E+00,  2.6795917E+02,3490,  1.2930001E+00,  0.0000000E+00, -3.7324488E-02,  1.0002401E+03,  1.4286872E+04,3,
 -1.9019872E+02,  0.0000000E+00,  2.6657526E+02,3481,  1.2043473E+00,  0.0000000E+00,  3.2408375E-02,  1.0002787E+03,  1.6587623E+04,3,
 -1.8968848E+02,  0.0000000E+00,  2.6821820E+02,3522,  1.4401284E+00,  0.0000000E+00, -1.0149704E-02,  1.0002425E+03,  1.4428609E+04,3,
 -1.8792534E+02,  0.0000000E+00,  2.6787515E+02,3491,  1.4319620E+00,  0.0000000E+00, -2.9210165E-02,  1.0002072E+03,  1.2328201E+04,3,
 -1.8816660E+02,  0.0000000E+00,  2.6681885E+02,3482,  1.0371914E+00,  0.0000000E+00, -5.7096491E-03,  1.0002515E+03,  1.4962867E+04,3,
 -1.8632339E+02,  0.0000000E+00,  2.6782278E+02,3512,  1.3196070E+00,  0.0000000E+00, -4.0315554E-02,  1.0001885E+03,  1.1212768E+04,3,
 -1.8527963E+02,  0.0000000E+00,  2.6750488E+02,3511,  1.2925067E+00,  0.0000000E+00, -5.4452788E-02,  1.0001729E+03,  1.0286362E+04,3,
 -1.8407867E+02,  0.0000000E+00,  2.6791684E+02,3513,  1.3139102E+00,  0.0000000E+00, -3.8837243E-02,  1.0001969E+03,  1.1714152E+04,3,
 -1.8292929E+02,  0.0000000E+00,  2.6761484E+02,3501,  1.2900032E+00,  0.0000000E+00, -2.4011420E-02,  1.0002297E+03,  1.3665434E+04,3,
 -1.8181978E+02,  0.0000000E+00,  2.6695596E+02,3472,  1.2456440E+00,  0.0000000E+00, -1.8006634E-02,  1.0003428E+03,  2.0401574E+04,3,
 -1.8081195E+02,  0.0000000E+00,  2.6795193E+02,3503,  1.3449116E+00,  0.0000000E+00, -1.2922829E-01,  1.0002069E+03,  1.2310033E+04,3,
 -1.8005682E+02,  0.0000000E+00,  2.6686804E+02,3427,  1.2048713E+00,  0.0000000E+00, -1.7653660E-01,  1.0002527E+03,  1.5035557E+04,3,
 -1.7850627E+02,  0.0000000E+00,  2.6784943E+02,3502,  1.3810064E+00,  0.0000000E+00, -1.9243716E-01,  1.0002058E+03,  1.2244630E+04,3,
 -1.7765782E+02,  0.0000000E+00,  2.6688623E+02,3380,  1.6581308E+00,  0.0000000E+00, -8.8560909E-02,  1.0003140E+03,  1.8685297E+04,3,
 -1.7641350E+02,  0.0000000E+00,  2.6793643E+02,3504,  1.4442403E+00,  0.0000000E+00, -7.5378880E-02,  1.0002095E+03,  1.2462643E+04,3,
 -1.7548730E+02,  0.0000000E+00,  2.6684259E+02,3473,  1.2380928E+00,  0.0000000E+00, -2.5861507E-02,  1.0004268E+03,  2.5410289E+04,3,
 -1.7434138E+02,  0.0000000E+00,  2.6783124E+02,3492,  1.5767148E+00,  0.0000000E+00, -1.2584953E-01,  1.0001976E+03,  1.1757752E+04,3,
 -1.7344868E+02,  0.0000000E+00,  2.6667499E+02,3464,  1.1534876E+00,  0.0000000E+00, -2.9711954E-02,  1.0002619E+03,  1.5584387E+04,3,
 -1.7281544E+02,  0.0000000E+00,  2.6752658E+02,3483,  1.7632020E+00,  0.0000000E+00, -1.6879781E-01,  1.0000969E+03,  5.7609365E+03,3,
 -1.7094318E+02,  0.0000000E+00,  2.6746210E+02,3494,  1.6281760E+00,  0.0000000E+00, -4.3113235E-02,  9.9994635E+02, -3.1893994E+03,3,
 -1.7146605E+02,  0.0000000E+00,  2.6543134E+02,3437,  9.1348898E-01,  0.0000000E+00, -5.3834241E-02,  1.0016783E+03,  1.0029112E+05,3,
 -1.6964334E+02,  0.0000000E+00,  2.6750031E+02,3495,  1.6106054E+00,  0.0000000E+00,  6.2965676E-02,  1.0000130E+03,  7.7301245E+02,3,
 -1.6838707E+02,  0.0000000E+00,  2.6734772E+02,3493,  1.6437694E+00,  0.0000000E+00,  1.5741517E-01,  1.0001285E+03,  7.6456743E+03,3,
 -1.6916135E+02,  0.0000000E+00,  2.6512924E+02,3446,  1.2384114E+00,  0.0000000E+00,  2.9107642E-01,  1.0013259E+03,  7.9151227E+04,3,
 -1.6743231E+02,  0.0000000E+00,  2.6778146E+02,3485,  1.5390477E+00,  0.0000000E+00,  1.3209537E-01,  1.0002570E+03,  1.5293612E+04,3,
 -1.6573616E+02,  0.0000000E+00,  2.6644196E+02,3465,  1.4980309E+00,  0.0000000E+00, -1.9017543E-01,  9.9982159E+02, -1.0601964E+04,3,
 -1.6563629E+02,  0.0000000E+00,  2.6754126E+02,3484,  1.2436800E+00,  0.0000000E+00, -9.4826043E-02,  1.0003715E+03,  2.2114510E+04,3,
 -1.6405249E+02,  0.0000000E+00,  2.6783325E+02,3486,  1.3877591E+00,  0.0000000E+00, -2.3881525E-01,  1.0003862E+03,  2.2991096E+04,3,
 -1.6327122E+02,  0.0000000E+00,  2.6623804E+02,3447,  1.8703258E+00,  0.0000000E+00, -2.5719661E-01,  1.0000541E+03,  3.2194680E+03,3,
 -1.6217928E+02,  0.0000000E+00,  2.6778589E+02,3476,  1.4411474E+00,  0.0000000E+00, -1.7617318E-01,  1.0004083E+03,  2.4304299E+04,3,
 -1.6153801E+02,  0.0000000E+00,  2.6596896E+02,3456,  1.5693928E+00,  0.0000000E+00,  2.0474263E-02,  9.9990350E+02, -5.7358276E+03,3,
 -1.6047438E+02,  0.0000000E+00,  2.6767749E+02,3475,  1.6115259E+00,  0.0000000E+00, -2.3861311E-02,  1.0003798E+03,  2.2605533E+04,3,
 -1.5949513E+02,  0.0000000E+00,  2.6722104E+02,3455,  1.7075466E+00,  0.0000000E+00,  1.0694964E-01,  1.0003738E+03,  2.2252723E+04,3,
 -1.5848460E+02,  0.0000000E+00,  2.6692862E+02,3363,  1.6975425E+00,  0.0000000E+00,  2.1689580E-01,  1.0001868E+03,  1.1111040E+04,3,
 -1.5747394E+02,  0.0000000E+00,  2.6676013E+02,3372,  1.4434900E+00,  0.0000000E+00,  2.4173746E-01,  9.9997821E+02, -1.2954772E+03,3,
 -1.5630377E+02,  0.0000000E+00,  2.6758731E+02,3477,  1.6556344E+00,  0.0000000E+00,  7.0548683E-02,  1.0001074E+03,  6.3855112E+03,3,
 -1.5487935E+02,  0.0000000E+00,  2.6744034E+02,3467,  1.7138731E+00,  0.0000000E+00, -9.9926302E-04,  1.0000946E+03,  5.6265854E+03,3,
 -1.5344400E+02,  0.0000000E+00,  2.6748462E+02,3466,  1.5559698E+00,  0.0000000E+00, -5.8701690E-02,  1.0001833E+03,  1.0907589E+04,3,
 -1.5260843E+02,  0.0000000E+00,  2.6685648E+02,3353,  1.6697268E+00,  0.0000000E+00, -5.1958162E-02,  1.0001320E+03,  7.8490586E+03,3,
 -1.5140158E+02,  0.0000000E+00,  2.6691190E+02,3418,  1.6059688E+00,  0.0000000E+00, -1.0004270E-01,  1.0002455E+03,  1.4610326E+04,3,
 -1.5076741E+02,  0.0000000E+00,  2.6788333E+02,3468,  1.7011346E+00,  0.0000000E+00, -1.0872198E-01,  1.0002477E+03,  1.4737530E+04,3,
 -1.4960913E+02,  0.0000000E+00,  2.6671436E+02,3344,  1.6776042E+00,  0.0000000E+00, -1.0648741E-01,  1.0002011E+03,  1.1964854E+04,3,
 -1.4806261E+02,  0.0000000E+00,  2.6780499E+02,3458,  1.6908911E+00,  0.0000000E+00, -7.0033915E-02,  1.0002311E+03,  1.3749017E+04,3,
 -1.4763702E+02,  0.0000000E+00,  2.6679065E+02,3326,  1.6818345E+00,  0.0000000E+00, -6.3444898E-02,  1.0001785E+03,  1.0616952E+04,3,
 -1.4629659E+02,  0.0000000E+00,  2.6653983E+02,3400,  1.6249800E+00,  0.0000000E+00, -7.5160965E-02,  1.0002323E+03,  1.3821698E+04,3,
 -1.4509837E+02,  0.0000000E+00,  2.6768713E+02,3457,  1.6439748E+00,  0.0000000E+00, -3.7881024E-02,  1.0002480E+03,  1.4759337E+04,3,
 -1.4475804E+02,  0.0000000E+00,  2.6652597E+02,3410,  1.7325237E+00,  0.0000000E+00, -9.5460508E-03,  1.0003226E+03,  1.9197967E+04,3,
 -1.4314871E+02,  0.0000000E+00,  2.6737900E+02,3428,  1.6424674E+00,  0.0000000E+00, -1.8408103E-02,  1.0002786E+03,  1.6580354E+04,3,
 -1.4190996E+02,  0.0000000E+00,  2.6743741E+02,3459,  1.6554039E+00,  0.0000000E+00, -6.5036066E-02,  1.0002380E+03,  1.4159674E+04,3,
 -1.4077577E+02,  0.0000000E+00,  2.6716870E+02,3448,  1.7095836E+00,  0.0000000E+00, -7.6711506E-02,  1.0001819E+03,  1.0824030E+04,3,
 -1.3936026E+02,  0.0000000E+00,  2.6736752E+02,3449,  1.7875726E+00,  0.0000000E+00, -4.5785528E-02,  1.0002006E+03,  1.1935787E+04,3,
 -1.3809073E+02,  0.0000000E+00,  2.6692969E+02,3409,  1.7925980E+00,  0.0000000E+00, -1.9908869E-03,  1.0002141E+03,  1.2735166E+04,3,
 -1.3688786E+02,  0.0000000E+00,  2.6767688E+02,3450,  1.7347754E+00,  0.0000000E+00, -1.3321269E-01,  1.0002346E+03,  1.3959794E+04,3,
 -1.3603857E+02,  0.0000000E+00,  2.6659088E+02,3383,  1.8342310E+00,  0.0000000E+00, -2.1036239E-01,  1.0002887E+03,  1.7180162E+04,3,
 -1.3475145E+02,  0.0000000E+00,  2.6730255E+02,3438,  1.8638058E+00,  0.0000000E+00, -1.5642942E-01,  1.0002391E+03,  1.4225090E+04,3,
 -1.3412520E+02,  0.0000000E+00,  2.6629413E+02,3402,  1.7957920E+00,  0.0000000E+00, -6.4917043E-02,  1.0002789E+03,  1.6598527E+04,3,
 -1.3285226E+02,  0.0000000E+00,  2.6727991E+02,3440,  1.9404263E+00,  0.0000000E+00, -7.3664062E-02,  1.0002516E+03,  1.4973771E+04,3,
 -1.3156670E+02,  0.0000000E+00,  2.6707352E+02,3439,  1.8194633E+00,  0.0000000E+00, -1.1483143E-02,  1.0002842E+03,  1.6911152E+04,3,
 -1.3040248E+02,  0.0000000E+00,  2.6691913E+02,3429,  1.7978357E+00,  0.0000000E+00,  1.6894892E-03,  1.0002867E+03,  1.7060197E+04,3,
 -1.2941949E+02,  0.0000000E+00,  2.6657202E+02,3419,  1.7600266E+00,  0.0000000E+00,  8.4779495E-03,  1.0003163E+03,  1.8827096E+04,3,
 -1.2824579E+02,  0.0000000E+00,  2.6665851E+02,3346,  1.7563019E+00,  0.0000000E+00, -3.0673401E-02,  1.0002789E+03,  1.6594893E+04,3,
 -1.2728825E+02,  0.0000000E+00,  2.6746936E+02,3441,  1.9544305E+00,  0.0000000E+00, -4.6581604E-02,  1.0002352E+03,  1.3996136E+04,3,
 -1.2632978E+02,  0.0000000E+00,  2.6631970E+02,3392,  1.8257210E+00,  0.0000000E+00, -3.3254724E-02,  1.0001848E+03,  1.0991148E+04,3,
 -1.2506258E+02,  0.0000000E+00,  2.6719562E+02,3431,  1.8787425E+00,  0.0000000E+00, -3.3170611E-03,  1.0002380E+03,  1.4163308E+04,3,
 -1.2383803E+02,  0.0000000E+00,  2.6698831E+02,3430,  1.7867956E+00,  0.0000000E+00,  1.2791578E-03,  1.0002386E+03,  1.4196016E+04,3,
 -1.2278538E+02,  0.0000000E+00,  2.6687766E+02,3420,  1.7690291E+00,  0.0000000E+00, -3.3538762E-02,  1.0002463E+03,  1.4653938E+04,3,
 -1.2168141E+02,  0.0000000E+00,  2.6661212E+02,3411,  1.7643315E+00,  0.0000000E+00, -6.1340936E-02,  1.0002872E+03,  1.7092914E+04,3,
 -1.2048656E+02,  0.0000000E+00,  2.6736740E+02,3432,  1.9526873E+00,  0.0000000E+00, -5.0039936E-02,  1.0002802E+03,  1.6674865E+04,3,
 -1.1981951E+02,  0.0000000E+00,  2.6629227E+02,3356,  1.8628361E+00,  0.0000000E+00,  9.7935619E-03,  9.9986981E+02, -7.7376875E+03,3,
 -1.1855492E+02,  0.0000000E+00,  2.6728857E+02,3422,  1.8879786E+00,  0.0000000E+00, -6.8684475E-04,  1.0002815E+03,  1.6751203E+04,3,
 -1.1728618E+02,  0.0000000E+00,  2.6714804E+02,3421,  1.8277677E+00,  0.0000000E+00,  8.8009024E-03,  1.0003197E+03,  1.9027074E+04,3,
 -1.1616704E+02,  0.0000000E+00,  2.6621942E+02,3365,  1.8525549E+00,  0.0000000E+00,  4.6556272E-02,  9.9998889E+02, -6.6046051E+02,3,
 -1.1541171E+02,  0.0000000E+00,  2.6761517E+02,3423,  1.9436077E+00,  0.0000000E+00, -1.6291343E-02,  1.0003701E+03,  2.2030857E+04,3,
 -1.1460541E+02,  0.0000000E+00,  2.6605423E+02,3384,  1.8238841E+00,  0.0000000E+00, -3.5276581E-02,  9.9977234E+02, -1.3527021E+04,3,
 -1.1354164E+02,  0.0000000E+00,  2.6731830E+02,3413,  1.8957374E+00,  0.0000000E+00, -4.1671164E-02,  1.0003172E+03,  1.8878000E+04,3,
 -1.1226142E+02,  0.0000000E+00,  2.6699026E+02,3412,  1.8896465E+00,  0.0000000E+00, -4.1717358E-02,  1.0002283E+03,  1.3585485E+04,3,
 -1.1125059E+02,  0.0000000E+00,  2.6658804E+02,3345,  1.9677614E+00,  0.0000000E+00, -7.5098784E-03,  1.0001561E+03,  9.2873945E+03,3,
 -1.0991661E+02,  0.0000000E+00,  2.6645279E+02,3327,  1.9034995E+00,  0.0000000E+00, -1.5284516E-02,  1.0001232E+03,  7.3260786E+03,3,
 -1.0921281E+02,  0.0000000E+00,  2.6720883E+02,3393,  1.9339412E+00,  0.0000000E+00, -4.1032355E-02,  1.0002496E+03,  1.4850197E+04,3,
 -1.0804557E+02,  0.0000000E+00,  2.6642673E+02,3355,  1.8636390E+00,  0.0000000E+00, -7.4514195E-02,  1.0002058E+03,  1.2244630E+04,3,
 -1.0657188E+02,  0.0000000E+00,  2.6761728E+02,3414,  2.0182581E+00,  0.0000000E+00, -8.4571071E-02,  1.0003137E+03,  1.8670752E+04,3,
 -1.0631356E+02,  0.0000000E+00,  2.6620944E+02,3375,  1.9447027E+00,  0.0000000E+00, -6.4075395E-02,  1.0002281E+03,  1.3570949E+04,3,
 -1.0480244E+02,  0.0000000E+00,  2.6606821E+02,3366,  1.9133525E+00,  0.0000000E+00, -1.3063094E-01,  1.0000015E+03,  8.7096977E+01,3,
 -1.0407005E+02,  0.0000000E+00,  2.6745575E+02,3404,  1.9201754E+00,  0.0000000E+00, -7.9649605E-02,  1.0002909E+03,  1.7311033E+04,3,
 -1.0208389E+02,  0.0000000E+00,  2.6718857E+02,3373,  2.2490926E+00,  0.0000000E+00,  8.3627075E-02,  1.0002700E+03,  1.6067817E+04,3,
 -1.0261146E+02,  0.0000000E+00,  2.6630118E+02,3364,  1.9376262E+00,  0.0000000E+00,  1.4571670E-02,  1.0003661E+03,  2.1790812E+04,3,
 -1.0023275E+02,  0.0000000E+00,  2.6716541E+02,3403,  1.8553977E+00,  0.0000000E+00,  1.6025658E-01,  1.0002415E+03,  1.4370460E+04,3,
 -9.9760780E+01,  0.0000000E+00,  2.6638904E+02,3254,  1.6998745E+00,  0.0000000E+00,  1.5116191E-01,  1.0003166E+03,  1.8841641E+04,3,
 -9.8184402E+01,  0.0000000E+00,  2.6637109E+02,3328,  1.9915133E+00,  0.0000000E+00, -1.3956967E-01,  1.0002410E+03,  1.4337752E+04,3,
 -9.7530106E+01,  0.0000000E+00,  2.6734412E+02,3405,  1.9870892E+00,  0.0000000E+00, -8.7916046E-02,  1.0002618E+03,  1.5577117E+04,3,
 -9.5796326E+01,  0.0000000E+00,  2.6697531E+02,3374,  1.9604621E+00,  0.0000000E+00, -5.1551983E-02,  1.0003230E+03,  1.9223420E+04,3,
 -9.5178192E+01,  0.0000000E+00,  2.6635095E+02,3182,  2.0805118E+00,  0.0000000E+00,  2.8211675E-03,  1.0002229E+03,  1.3262064E+04,3,
 -9.3804153E+01,  0.0000000E+00,  2.6738373E+02,3395,  2.0141375E+00,  0.0000000E+00, -9.6144699E-02,  1.0002556E+03,  1.5206382E+04,3,
 -9.2761955E+01,  0.0000000E+00,  2.6634802E+02,3245,  1.6708624E+00,  0.0000000E+00, -1.9217642E-01,  1.0002389E+03,  1.4214188E+04,3,
 -9.1166832E+01,  0.0000000E+00,  2.6720877E+02,3394,  2.3304999E+00,  0.0000000E+00, -2.3301761E-01,  1.0002438E+03,  1.4504930E+04,3,
 -9.0866821E+01,  0.0000000E+00,  2.6609525E+02,3309,  2.1543438E+00,  0.0000000E+00, -2.5975379E-01,  1.0003501E+03,  2.0837963E+04,3,
 -8.9173241E+01,  0.0000000E+00,  2.6711877E+02,3396,  2.1154480E+00,  0.0000000E+00,  4.3863196E-02,  1.0002745E+03,  1.6333169E+04,3,
 -8.7689888E+01,  0.0000000E+00,  2.6717383E+02,3386,  2.0148847E+00,  0.0000000E+00,  8.5922495E-02,  1.0002676E+03,  1.5922422E+04,3,
 -8.6553467E+01,  0.0000000E+00,  2.6653699E+02,3236,  1.8827753E+00,  0.0000000E+00, -1.1769193E-02,  1.0003203E+03,  1.9063434E+04,3,
 -8.5697922E+01,  0.0000000E+00,  2.6628531E+02,3348,  1.8982517E+00,  0.0000000E+00, -1.1670128E-01,  1.0002092E+03,  1.2444476E+04,3,
 -8.4788498E+01,  0.0000000E+00,  2.6612445E+02,3338,  1.7449546E+00,  0.0000000E+00, -1.4965791E-01,  1.0001467E+03,  8.7280166E+03,3,
 -8.4053543E+01,  0.0000000E+00,  2.6685736E+02,3385,  2.0441763E+00,  0.0000000E+00, -2.2026926E-01,  1.0002318E+03,  1.3792625E+04,3,
 -8.2348457E+01,  0.0000000E+00,  2.6512091E+02,3164,  2.0970039E+00,  0.0000000E+00,  3.1489766E-01,  1.0007985E+03,  4.7592422E+04,3,
 -8.2071289E+01,  0.0000000E+00,  2.6666113E+02,3387,  2.2730894E+00,  0.0000000E+00, -5.3294059E-02,  1.0002715E+03,  1.6158690E+04,3,
 -7.9961578E+01,  0.0000000E+00,  2.6673413E+02,3377,  2.2671590E+00,  0.0000000E+00,  9.8831847E-02,  1.0001972E+03,  1.1732318E+04,3,
 -7.9040649E+01,  0.0000000E+00,  2.6669461E+02,3376,  2.1560602E+00,  0.0000000E+00,  3.4067796E-03,  1.0001857E+03,  1.1045645E+04,3,
 -7.8084610E+01,  0.0000000E+00,  2.6666434E+02,3357,  2.1817646E+00,  0.0000000E+00, -7.1386263E-02,  1.0002410E+03,  1.4341386E+04,3,
 -7.7051262E+01,  0.0000000E+00,  2.6636307E+02,3282,  2.1592786E+00,  0.0000000E+00, -1.3088235E-01,  1.0002708E+03,  1.6115071E+04,3,
 -7.5929329E+01,  0.0000000E+00,  2.6628488E+02,3291,  2.1976252E+00,  0.0000000E+00, -7.0454113E-02,  1.0003705E+03,  2.2052680E+04,3,
 -7.4710495E+01,  0.0000000E+00,  2.6584372E+02,3320,  2.2528372E+00,  0.0000000E+00,  1.1298622E-01,  1.0004454E+03,  2.6520041E+04,3,
 -7.4165649E+01,  0.0000000E+00,  2.6718845E+02,3378,  2.5471041E+00,  0.0000000E+00, -3.3501651E-02,  1.0001979E+03,  1.1772285E+04,3,
 -7.1906212E+01,  0.0000000E+00,  2.6704584E+02,3368,  2.4328032E+00,  0.0000000E+00, -3.6401846E-02,  1.0002282E+03,  1.3578218E+04,3,
 -7.2396858E+01,  0.0000000E+00,  2.6614609E+02,3255,  2.1410658E+00,  0.0000000E+00, -7.7045158E-02,  1.0004907E+03,  2.9216709E+04,3,
 -6.9974136E+01,  0.0000000E+00,  2.6688144E+02,3367,  2.3756332E+00,  0.0000000E+00, -9.9915668E-02,  1.0002410E+03,  1.4337752E+04,3,
 -6.9783379E+01,  0.0000000E+00,  2.6611938E+02,3283,  2.0287547E+00,  0.0000000E+00, -5.6271624E-02,  1.0003898E+03,  2.3205707E+04,3,
 -6.8306618E+01,  0.0000000E+00,  2.6653421E+02,3358,  2.6078134E+00,  0.0000000E+00, -1.7696792E-01,  1.0002356E+03,  1.4017940E+04,3,
 -6.6814682E+01,  0.0000000E+00,  2.6685419E+02,3369,  2.3217297E+00,  0.0000000E+00,  4.4842690E-02,  1.0003141E+03,  1.8696203E+04,3,
 -6.5243301E+01,  0.0000000E+00,  2.6660785E+02,3339,  2.1315873E+00,  0.0000000E+00,  3.7300069E-02,  1.0003727E+03,  2.2183615E+04,3,
 -6.4219025E+01,  0.0000000E+00,  2.6698044E+02,3359,  2.4831183E+00,  0.0000000E+00, -2.0044994E-02,  1.0002918E+03,  1.7365564E+04,3,
 -6.2696468E+01,  0.0000000E+00,  2.6596854E+02,3273,  2.1828756E+00,  0.0000000E+00, -2.4722500E-01,  1.0001974E+03,  1.1746852E+04,3,
 -6.1853611E+01,  0.0000000E+00,  2.6671677E+02,3349,  2.2522266E+00,  0.0000000E+00, -9.7663157E-02,  1.0002778E+03,  1.6533096E+04,3,
 -6.0465698E+01,  0.0000000E+00,  2.6632745E+02,3329,  2.3958809E+00,  0.0000000E+00,  6.8616234E-02,  1.0003491E+03,  2.0776141E+04,3,
 -5.9447861E+01,  0.0000000E+00,  2.6637466E+02,3321,  2.3726931E+00,  0.0000000E+00,  7.8618258E-02,  1.0002772E+03,  1.6496746E+04,3,
 -5.8353634E+01,  0.0000000E+00,  2.6646924E+02,3264,  2.3380063E+00,  0.0000000E+00, -2.1588057E-02,  1.0001775E+03,  1.0558825E+04,3,
 -5.7780197E+01,  0.0000000E+00,  2.6618582E+02,3266,  2.1441047E+00,  0.0000000E+00, -3.6479581E-02,  9.9999329E+02, -3.9918469E+02,3,
 -5.6348335E+01,  0.0000000E+00,  2.6666443E+02,3360,  2.1283555E+00,  0.0000000E+00, -2.0535542E-01,  1.0000226E+03,  1.3428302E+03,3,
 -5.4568977E+01,  0.0000000E+00,  2.6649500E+02,3350,  2.8275492E+00,  0.0000000E+00, -1.5445369E-01,  9.9983270E+02, -9.9421660E+03,3,
 -5.2797260E+01,  0.0000000E+00,  2.6659909E+02,3340,  2.5832288E+00,  0.0000000E+00,  2.0647559E-02,  1.0000181E+03,  1.0742496E+03,3,
 -5.1698093E+01,  0.0000000E+00,  2.6622476E+02,3219,  2.3512042E+00,  0.0000000E+00, -1.0913142E-03,  1.0000518E+03,  3.0815212E+03,3,
 -5.0830860E+01,  0.0000000E+00,  2.6610074E+02,3257,  2.3458831E+00,  0.0000000E+00,  6.2888019E-02,  1.0002548E+03,  1.5159132E+04,3,
 -4.9966511E+01,  0.0000000E+00,  2.6604401E+02,3265,  2.6232197E+00,  0.0000000E+00,  1.7788036E-01,  1.0005239E+03,  3.1196916E+04,3,
 -4.8743835E+01,  0.0000000E+00,  2.6686169E+02,3351,  2.5032375E+00,  0.0000000E+00,  2.7212590E-01,  1.0002818E+03,  1.6769379E+04,3,
 -4.7119080E+01,  0.0000000E+00,  2.6586786E+02,3074,  2.2184014E+00,  0.0000000E+00,  7.7600591E-02,  1.0000294E+03,  1.7493444E+03,3,
 -4.6580479E+01,  0.0000000E+00,  2.6680615E+02,3341,  2.2453270E+00,  0.0000000E+00,  8.5114814E-02,  1.0002449E+03,  1.4573982E+04,3,
 -4.5120182E+01,  0.0000000E+00,  2.6653543E+02,3331,  2.0834267E+00,  0.0000000E+00, -1.0452233E-01,  1.0002855E+03,  1.6991127E+04,3,
 -4.4153904E+01,  0.0000000E+00,  2.6584521E+02,3292,  2.1712215E+00,  0.0000000E+00, -1.3302706E-01,  1.0004410E+03,  2.6254418E+04,3,
 -4.2671227E+01,  0.0000000E+00,  2.6596442E+02,3293,  2.0664217E+00,  0.0000000E+00, -1.3448487E-01,  1.0003217E+03,  1.9143426E+04,3,
 -4.1930710E+01,  0.0000000E+00,  2.6573721E+02,3256,  2.4597514E+00,  0.0000000E+00, -2.3359263E-01,  1.0000627E+03,  3.7277095E+03,3,
 -4.0266171E+01,  0.0000000E+00,  2.6648947E+02,3342,  2.6577101E+00,  0.0000000E+00, -5.0083357E-01,  1.0002200E+03,  1.3091273E+04,3,
 -3.9039848E+01,  0.0000000E+00,  2.6654077E+02,3332,  2.6967154E+00,  0.0000000E+00, -4.1918790E-01,  1.0002095E+03,  1.2462643E+04,3,
 -3.7700184E+01,  0.0000000E+00,  2.6649698E+02,3322,  2.7672634E+00,  0.0000000E+00, -2.6662630E-01,  1.0001129E+03,  6.7123394E+03,3,
 -3.6319012E+01,  0.0000000E+00,  2.6625314E+02,3311,  3.1046031E+00,  0.0000000E+00, -1.5218280E-01,  1.0000515E+03,  3.0633704E+03,3,
 -3.5564602E+01,  0.0000000E+00,  2.6526318E+02,3301,  2.4627790E+00,  0.0000000E+00, -3.3555284E-02,  9.9992804E+02, -4.2776968E+03,3,
 -3.3528782E+01,  0.0000000E+00,  2.6678488E+02,3333,  3.3610675E+00,  0.0000000E+00,  2.4754539E-01,  1.0002199E+03,  1.3084006E+04,3,
 -3.2933563E+01,  0.0000000E+00,  2.6619308E+02,3228,  3.3328190E+00,  0.0000000E+00,  3.6085466E-01,  9.9927838E+02, -4.2813188E+04,3,
 -3.2122292E+01,  0.0000000E+00,  2.6617508E+02,3294,  2.9793825E+00,  0.0000000E+00,  4.2640084E-01,  9.9978857E+02, -1.2562972E+04,3,
 -3.0213938E+01,  0.0000000E+00,  2.6706503E+02,3323,  2.7866223E+00,  0.0000000E+00,  2.5785613E-01,  1.0006085E+03,  3.6247496E+04,3,
 -2.9702475E+01,  0.0000000E+00,  2.6590094E+02,3285,  2.8514724E+00,  0.0000000E+00, -3.1564736E-01,  9.9754828E+02, -1.4470648E+05,3,
 -2.9534847E+01,  0.0000000E+00,  2.6598972E+02,3220,  2.7677286E+00,  0.0000000E+00,  2.6745355E-01,  1.0011112E+03,  6.6290688E+04,3,
 -2.7919207E+01,  0.0000000E+00,  2.6652563E+02,3313,  3.3903482E+00,  0.0000000E+00,  4.6605727E-01,  1.0006094E+03,  3.6298488E+04,3,
 -2.6071159E+01,  0.0000000E+00,  2.6596756E+02,2938,  2.2604377E+00,  0.0000000E+00,  8.7242091E-01,  9.9983405E+02, -9.8624072E+03,3,
 -2.7165510E+01,  0.0000000E+00,  2.6521613E+02,3312,  2.1549964E+00,  0.0000000E+00, -2.0667291E-01,  1.0006011E+03,  3.5803148E+04,3,
 -2.4504650E+01,  0.0000000E+00,  2.6572720E+02,3192,  3.0206153E+00,  0.0000000E+00, -2.1364719E-01,  9.9944739E+02, -3.2802770E+04,3,
 -2.4488615E+01,  0.0000000E+00,  2.6683374E+02,3302,  2.3729441E+00,  0.0000000E+00,  4.0416616E-01,  1.0011038E+03,  6.5845000E+04,3,
 -2.4155621E+01,  0.0000000E+00,  2.6589850E+02,3202,  1.8048190E+00,  0.0000000E+00,  3.4621793E-01,  9.9855963E+02, -8.5272180E+04,3,
 -2.3081747E+01,  0.0000000E+00,  2.6729037E+02,3324,  2.5907292E+00,  0.0000000E+00,  3.7260544E-01,  1.0011193E+03,  6.6776586E+04,3,
 -2.0703465E+01,  0.0000000E+00,  2.6566492E+02,3038,  2.3333738E+00,  0.0000000E+00, -3.0189188E-02,  1.0002230E+03,  1.3265698E+04,3,
 -2.0854393E+01,  0.0000000E+00,  2.6732034E+02,3314,  2.3150771E+00,  0.0000000E+00,  1.3832097E-01,  1.0011345E+03,  6.7682688E+04,3,
 -2.0526499E+01,  0.0000000E+00,  2.6598041E+02,3248,  1.8732530E+00,  0.0000000E+00, -4.7043022E-02,  9.9766608E+02, -1.3780242E+05,3,
 -2.0340033E+01,  0.0000000E+00,  2.6581924E+02,3193,  1.9705523E+00,  0.0000000E+00,  1.6411909E-01,  9.9989008E+02, -6.5337188E+03,3,
 -1.8266336E+01,  0.0000000E+00,  2.6664722E+02,3284,  2.2314854E+00,  0.0000000E+00, -4.4356233E-01,  1.0016506E+03,  9.8627023E+04,3,
 -1.7126442E+01,  0.0000000E+00,  2.6595590E+02,2929,  2.7608867E+00,  0.0000000E+00,  7.2865784E-01,  9.9846942E+02, -9.0588250E+04,3,
 -1.6109064E+01,  0.0000000E+00,  2.6603024E+02,3137,  2.6113741E+00,  0.0000000E+00, -1.3529950E-02,  9.9944873E+02, -3.2723195E+04,3,
 -1.5676869E+01,  0.0000000E+00,  2.6749719E+02,3315,  2.2598364E+00,  0.0000000E+00, -4.1276909E-02,  1.0007790E+03,  4.6425629E+04,3,
 -1.5693893E+01,  0.0000000E+00,  2.6596494E+02,3210,  2.1855583E+00,  0.0000000E+00,  6.0050119E-02,  1.0007798E+03,  4.6476672E+04,3,
 -1.3555764E+01,  0.0000000E+00,  2.6608850E+02,3174,  2.5482545E+00,  0.0000000E+00, -1.8143465E-01,  9.9790479E+02, -1.2379685E+05,3,
 -1.3376339E+01,  0.0000000E+00,  2.6745221E+02,3304,  2.7223353E+00,  0.0000000E+00, -1.9695413E-01,  1.0011041E+03,  6.5863266E+04,3,
 -1.2499332E+01,  0.0000000E+00,  2.6609628E+02,3029,  2.4095998E+00,  0.0000000E+00, -1.9587399E-02,  1.0016133E+03,  9.6391547E+04,3,
 -1.1701894E+01,  0.0000000E+00,  2.6618927E+02,3229,  2.5648236E+00,  0.0000000E+00, -2.9741505E-01,  9.9781470E+02, -1.2908487E+05,3,
 -1.0709565E+01,  0.0000000E+00,  2.6661945E+02,3047,  2.3529780E+00,  0.0000000E+00, -1.7811431E-01,  1.0011360E+03,  6.7777688E+04,3,
 -9.4648027E+00,  0.0000000E+00,  2.6745728E+02,3303,  2.9900744E+00,  0.0000000E+00, -1.2310488E-01,  1.0006605E+03,  3.9351215E+04,3,
 -8.6299620E+00,  0.0000000E+00,  2.6631195E+02,3184,  2.5106282E+00,  0.0000000E+00, -9.6100882E-02,  9.9934454E+02, -3.8895547E+04,3,
 -8.5396929E+00,  0.0000000E+00,  2.6627731E+02,3129,  2.2462947E+00,  0.0000000E+00, -8.6184762E-02,  9.9995117E+02, -2.9027947E+03,3,
 -8.0240841E+00,  0.0000000E+00,  2.6621881E+02,2920,  2.5584154E+00,  0.0000000E+00,  3.8376078E-01,  9.9959460E+02, -2.4074688E+04,3,
 -6.0311494E+00,  0.0000000E+00,  2.6672031E+02,3306,  2.6746762E+00,  0.0000000E+00, -1.0245013E+00,  1.0008143E+03,  4.8533250E+04,3,
 -4.8159890E+00,  0.0000000E+00,  2.6647879E+02,3275,  3.0953877E+00,  0.0000000E+00,  2.8427908E-01,  9.9895013E+02, -6.2226594E+04,3,
 -3.6323192E+00,  0.0000000E+00,  2.6663666E+02,3138,  2.7504964E+00,  0.0000000E+00,  5.1133519E-01,  9.9990784E+02, -5.4783125E+03,3,
 -3.1967406E+00,  0.0000000E+00,  2.6686548E+02,3065,  2.9400430E+00,  0.0000000E+00,  1.6649976E-01,  1.0006746E+03,  4.0189242E+04,3,
 -2.8302290E+00,  0.0000000E+00,  2.6667868E+02,3247,  2.6582627E+00,  0.0000000E+00,  3.1364697E-01,  9.9994354E+02, -3.3562795E+03,3,
 -2.1365695E+00,  0.0000000E+00,  2.6646710E+02,3276,  2.7793565E+00,  0.0000000E+00,  1.2315894E-01,  1.0000018E+03,  1.0887135E+02,3,
  1.0611742E+00,  0.0000000E+00,  2.6669305E+02,3305,  3.4057653E+00,  0.0000000E+00,  3.1512931E-01,  1.0003896E+03,  2.3194795E+04,3,
  1.3059914E+00,  0.0000000E+00,  2.6657004E+02,3295,  3.2307820E+00,  0.0000000E+00,  7.9046685E-01,  9.9946295E+02, -3.1880389E+04,3,
 -3.4274039E-01,  0.0000000E+00,  2.6679929E+02,3297,  2.4994848E+00,  0.0000000E+00, -9.7970164E-01,  9.9959528E+02, -2.4034865E+04,3,
  3.2818007E+00,  0.0000000E+00,  2.6693356E+02,3165,  2.4852676E+00,  0.0000000E+00,  4.0053445E-01,  1.0006847E+03,  4.0794121E+04,3,
  3.3873219E+00,  0.0000000E+00,  2.6696472E+02,3120,  2.7778113E+00,  0.0000000E+00,  4.8762211E-01,  1.0013702E+03,  8.1807281E+04,3,
  3.6594262E+00,  0.0000000E+00,  2.6681656E+02,3166,  3.3010199E+00,  0.0000000E+00, -5.3613347E-01,  9.9807819E+02, -1.1361041E+05,3,
  5.0767398E+00,  0.0000000E+00,  2.6699869E+02,2911,  2.9349024E+00,  0.0000000E+00,  4.7727224E-01,  9.9951801E+02, -2.8617004E+04,3,
  6.0731230E+00,  0.0000000E+00,  2.6801987E+02,3296,  3.2053761E+00,  0.0000000E+00,  1.4125553E-01,  1.0008699E+03,  5.1859680E+04,3,
  7.5508752E+00,  0.0000000E+00,  2.6705234E+02,3020,  2.4678910E+00,  0.0000000E+00, -4.5451871E-01,  9.9966101E+02, -2.0135119E+04,3,
  7.7037268E+00,  0.0000000E+00,  2.6700879E+02,3211,  2.9766929E+00,  0.0000000E+00,  5.8962032E-02,  9.9784589E+02, -1.2725445E+05,3,
  8.2701683E+00,  0.0000000E+00,  2.6707361E+02,3183,  3.0093877E+00,  0.0000000E+00, -2.1790436E-01,  1.0034133E+03,  2.0503595E+05,3,
  9.6140795E+00,  0.0000000E+00,  2.6709671E+02,2902,  2.9807985E+00,  0.0000000E+00, -7.0828162E-02,  9.9808978E+02, -1.1292879E+05,3,
  1.0283600E+01,  0.0000000E+00,  2.6708932E+02,3267,  2.7962296E+00,  0.0000000E+00,  4.9907736E-02,  9.9991119E+02, -5.2788247E+03,3,
  1.1526639E+01,  0.0000000E+00,  2.6708990E+02,3286,  2.9190092E+00,  0.0000000E+00, -7.4177653E-02,  1.0013663E+03,  8.1569453E+04,3,
  1.2407384E+01,  0.0000000E+00,  2.6697391E+02,3287,  2.8232505E+00,  0.0000000E+00, -6.8306154E-01,  9.9944135E+02, -3.3160848E+04,3,
  1.3714277E+01,  0.0000000E+00,  2.6713690E+02,2893,  3.0524971E+00,  0.0000000E+00,  4.2569989E-01,  9.9994580E+02, -3.2220503E+03,3,
  1.4440258E+01,  0.0000000E+00,  2.6713657E+02,3002,  2.5777104E+00,  0.0000000E+00,  4.4934329E-02,  9.9874561E+02, -7.4303633E+04,3,
  1.5220821E+01,  0.0000000E+00,  2.6709616E+02,3167,  2.9617417E+00,  0.0000000E+00, -8.3283624E-03,  1.0014839E+03,  8.8622594E+04,3,
  1.6547657E+01,  0.0000000E+00,  2.6692468E+02,3277,  2.8381622E+00,  0.0000000E+00, -1.1952014E-01,  9.9989056E+02, -6.5047056E+03,3,
  1.6595177E+01,  0.0000000E+00,  2.6699612E+02,3258,  2.7959602E+00,  0.0000000E+00,  3.5610265E-01,  9.9978467E+02, -1.2794932E+04,3,
  1.6823019E+01,  0.0000000E+00,  2.6722672E+02,3288,  2.9049807E+00,  0.0000000E+00, -2.8265780E-01,  1.0000260E+03,  1.5460852E+03,3,
  2.1396265E+01,  0.0000000E+00,  2.6696902E+02,3279,  3.0990260E+00,  0.0000000E+00, -9.6550807E-02,  9.9999268E+02, -4.3547342E+02,3,
  2.1602308E+01,  0.0000000E+00,  2.6700543E+02,3278,  3.0704648E+00,  0.0000000E+00, -2.9387322E-01,  1.0000162E+03,  9.6173828E+02,3,
  2.1727282E+01,  0.0000000E+00,  2.6707809E+02,3268,  3.0869749E+00,  0.0000000E+00, -1.2826630E-01,  1.0000129E+03,  7.6575385E+02,3,
  2.2451403E+01,  0.0000000E+00,  2.6708432E+02,3249,  3.0268583E+00,  0.0000000E+00, -7.2845429E-02,  9.9971698E+02, -1.6813508E+04,3,
  2.4457041E+01,  0.0000000E+00,  2.6707333E+02,2884,  3.0582204E+00,  0.0000000E+00, -1.9783877E-01,  9.9982385E+02, -1.0467833E+04,3,
  2.5430756E+01,  0.0000000E+00,  2.6699039E+02,3092,  3.0825288E+00,  0.0000000E+00, -1.2800857E-01,  9.9983136E+02, -1.0021925E+04,3,
  2.5501003E+01,  0.0000000E+00,  2.6699930E+02,3084,  3.0924218E+00,  0.0000000E+00, -9.5156252E-02,  1.0006714E+03,  4.0003410E+04,3,
  2.7013935E+01,  0.0000000E+00,  2.6704642E+02,3212,  3.0530126E+00,  0.0000000E+00, -1.0621551E-01,  9.9863898E+02, -8.0593961E+04,3,
  2.7294161E+01,  0.0000000E+00,  2.6690500E+02,3175,  3.1098137E+00,  0.0000000E+00, -1.6773376E-01,  1.0003869E+03,  2.3031107E+04,3,
  2.7874710E+01,  0.0000000E+00,  2.6839694E+02,3270,  3.0397635E+00,  0.0000000E+00, -1.3065444E-01,  1.0009075E+03,  5.4107105E+04,3,
  2.9536280E+01,  0.0000000E+00,  2.6699963E+02,3111,  3.0612330E+00,  0.0000000E+00,  5.2543178E-02,  9.9941528E+02, -3.4705133E+04,3,
  3.0578554E+01,  0.0000000E+00,  2.6704324E+02,3048,  3.1238005E+00,  0.0000000E+00, -2.4324121E-01,  1.0006381E+03,  3.8010523E+04,3,
  3.0612473E+01,  0.0000000E+00,  2.6711438E+02,3056,  3.1079893E+00,  0.0000000E+00, -1.4911258E-01,  9.9976093E+02, -1.4204699E+04,3,
  3.1237934E+01,  0.0000000E+00,  2.6698917E+02,2875,  3.0599642E+00,  0.0000000E+00, -3.5058776E-01,  9.9986859E+02, -7.8102109E+03,3,
  3.2338490E+01,  0.0000000E+00,  2.6719806E+02,3269,  3.0660393E+00,  0.0000000E+00, -1.0935970E-01,  1.0000073E+03,  4.3186337E+02,3,
  3.4942562E+01,  0.0000000E+00,  2.6702246E+02,3066,  3.1448178E+00,  0.0000000E+00, -5.4742962E-01,  9.9992719E+02, -4.3284810E+03,3,
  3.5216320E+01,  0.0000000E+00,  2.6712186E+02,3222,  3.0402474E+00,  0.0000000E+00,  1.5531789E-02,  9.9996741E+02, -1.9377098E+03,3,
  3.5337322E+01,  0.0000000E+00,  2.6713245E+02,3230,  3.0559514E+00,  0.0000000E+00,  1.8422218E-01,  9.9976642E+02, -1.3878550E+04,3,
  3.6840107E+01,  0.0000000E+00,  2.6711984E+02,2866,  3.0787673E+00,  0.0000000E+00,  4.3690234E-02,  1.0000680E+03,  4.0435583E+03,3,
  3.6943905E+01,  0.0000000E+00,  2.6715469E+02,3239,  3.0182271E+00,  0.0000000E+00,  4.3081936E-01,  1.0000474E+03,  2.8201536E+03,3,
  3.7201160E+01,  0.0000000E+00,  2.6701126E+02,3259,  3.0685420E+00,  0.0000000E+00,  3.9406517E-01,  9.9999615E+02, -2.2862593E+02,3,
  4.7571289E+01,  0.0000000E+00,  2.6707568E+02,3261,  4.9022193E+00,  0.0000000E+00,  1.8487930E-01,  9.9990088E+02, -5.8917842E+03,3,
  4.7793488E+01,  0.0000000E+00,  2.6697064E+02,3260,  4.8842793E+00,  0.0000000E+00,  5.6995142E-02,  9.9988416E+02, -6.8854961E+03,3,
  4.7878040E+01,  0.0000000E+00,  2.6698062E+02,3250,  4.9029503E+00,  0.0000000E+00, -1.5046215E-01,  9.9984064E+02, -9.4708555E+03,3,
  4.8603966E+01,  0.0000000E+00,  2.6739856E+02,3139,  4.8888884E+00,  0.0000000E+00,  1.0242870E-01,  1.0001917E+03,  1.1401692E+04,3,
  5.0617214E+01,  0.0000000E+00,  2.6706488E+02,3203,  4.7860875E+00,  0.0000000E+00, -4.1406862E-02,  9.9964062E+02, -2.1344676E+04,3,
  5.0798607E+01,  0.0000000E+00,  2.6709952E+02,3102,  4.8713365E+00,  0.0000000E+00, -1.6772272E-01,  1.0000038E+03,  2.2500211E+02,3,
  5.1167862E+01,  0.0000000E+00,  2.6701611E+02,3240,  4.9412069E+00,  0.0000000E+00,  2.5299954E-01,  9.9998285E+02, -1.0197036E+03,3,
  5.1625881E+01,  0.0000000E+00,  2.6713242E+02,3252,  4.9636459E+00,  0.0000000E+00,  1.7298110E-01,  1.0000261E+03,  1.5497148E+03,3,
  5.5566620E+01,  0.0000000E+00,  2.6700049E+02,3251,  4.4725542E+00,  0.0000000E+00,  2.9394749E-01,  9.9987512E+02, -7.4222041E+03,3,
  5.6046257E+01,  0.0000000E+00,  2.6727188E+02,2857,  4.5733600E+00,  0.0000000E+00, -3.8600633E-01,  9.9833728E+02, -9.8370125E+04,3,
  5.6332664E+01,  0.0000000E+00,  2.6719238E+02,3157,  4.8015265E+00,  0.0000000E+00, -9.0712428E-01,  9.9460077E+02, -3.1587381E+05,3,
  5.7403282E+01,  0.0000000E+00,  2.6704593E+02,3195,  3.8698604E+00,  0.0000000E+00, -6.4803235E-02,  1.0058578E+03,  3.5447656E+05,3,
  5.7821934E+01,  0.0000000E+00,  2.6688904E+02,3177,  4.8491201E+00,  0.0000000E+00, -8.2249033E-01,  1.0019888E+03,  1.1895599E+05,3,
  5.7922054E+01,  0.0000000E+00,  2.6693448E+02,3148,  5.1959076E+00,  0.0000000E+00, -3.7490132E-01,  1.0008677E+03,  5.1728352E+04,3,
  6.0719955E+01,  0.0000000E+00,  2.6618195E+02,3241,  4.7682438E+00,  0.0000000E+00,  1.0747712E+00,  1.0034041E+03,  2.0448038E+05,3,
  6.5835968E+01,  0.0000000E+00,  2.6562668E+02,3231,  5.6175671E+00,  0.0000000E+00, -1.0049512E+00,  1.0033662E+03,  2.0218058E+05,3,
  6.5612946E+01,  0.0000000E+00,  2.6582990E+02,3242,  4.3442492E+00,  0.0000000E+00, -3.3107272E-01,  1.0009075E+03,  5.4103457E+04,3,
  6.6048210E+01,  0.0000000E+00,  2.6530255E+02,3234,  5.8087997E+00,  0.0000000E+00, -2.6544685E+00,  1.0001820E+03,  1.0827663E+04,3,
  6.6212067E+01,  0.0000000E+00,  2.6530762E+02,3243,  5.4904394E+00,  0.0000000E+00, -2.8452747E+00,  9.9886279E+02, -6.7385750E+04,3,
  7.6293236E+01,  0.0000000E+00,  2.6523383E+02,3194,  4.4145579E+00,  0.0000000E+00,  1.5663384E+00,  9.9991809E+02, -4.8689551E+03,3,
  7.5763275E+01,  0.0000000E+00,  2.6540741E+02,2957,  2.3176780E+00,  0.0000000E+00,  4.7246209E-01,  9.9899359E+02, -5.9658625E+04,3,
  7.5682800E+01,  0.0000000E+00,  2.6536453E+02,3130,  3.2517154E+00,  0.0000000E+00,  2.0990314E-01,  9.9945020E+02, -3.2636387E+04,3,
