TimeStep [s],Np,Nbound,Nfixed,Nmoving,Nfloat,Nfluid
297.002,1800,0,0,0,0,1800

Pos.x [m],Pos.y [m],Pos.z [m],Idp,Vel.x [m/s],Vel.y [m/s],Vel.z [m/s],Rhop [kg/m^3],Press [Pa],Type,
  3.0206070E+02,  0.0000000E+00,  2.5100406E+02,2975, -4.3584162E-01,  0.0000000E+00,  3.2873279E-01,  1.0006788E+03,  4.0440660E+04,3,
  3.0506781E+02,  0.0000000E+00,  2.5101047E+02,3230,  1.4662783E-01,  0.0000000E+00, -1.9624498E-02,  1.0009297E+03,  5.5435367E+04,3,
  3.0578729E+02,  0.0000000E+00,  2.5079883E+02,3222,  2.2354758E-01,  0.0000000E+00,  4.8745894E-03,  1.0011536E+03,  6.8830047E+04,3,
  3.0285583E+02,  0.0000000E+00,  2.5033519E+02,3206,  5.8984257E-02,  0.0000000E+00, -5.5089310E-02,  1.0019788E+03,  1.1835739E+05,3,
  3.0689755E+02,  0.0000000E+00,  2.5088354E+02,3213,  2.3657413E-01,  0.0000000E+00,  2.6040161E-02,  1.0008789E+03,  5.2395949E+04,3,
  3.0751251E+02,  0.0000000E+00,  2.5101155E+02,3258,  1.9576897E-01,  0.0000000E+00,  3.0424936E-02,  1.0006256E+03,  3.7267391E+04,3,
  3.0259903E+02,  0.0000000E+00,  2.5117403E+02,3185,  7.6145273E-01,  0.0000000E+00, -3.2428139E-01,  1.0007191E+03,  4.2849523E+04,3,
  3.0866876E+02,  0.0000000E+00,  2.5081226E+02,3030,  1.7495182E-01,  0.0000000E+00,  1.4156274E-02,  1.0011046E+03,  6.5896141E+04,3,
  3.0993146E+02,  0.0000000E+00,  2.5059602E+02,3179,  1.5477155E-01,  0.0000000E+00,  1.2553924E-03,  1.0016277E+03,  9.7256359E+04,3,
  3.1110617E+02,  0.0000000E+00,  2.5080864E+02,2803,  1.3734104E-01,  0.0000000E+00,  1.5532112E-02,  1.0011865E+03,  7.0799859E+04,3,
  3.1228033E+02,  0.0000000E+00,  2.5081876E+02,3049,  1.3326411E-01,  0.0000000E+00,  1.9822821E-02,  1.0010175E+03,  6.0680812E+04,3,
  3.1321466E+02,  0.0000000E+00,  2.5095146E+02,2948,  1.7750667E-01,  0.0000000E+00,  1.0421760E-02,  1.0007413E+03,  4.4172641E+04,3,
  3.1394504E+02,  0.0000000E+00,  2.5100114E+02,3103,  1.1842918E-01,  0.0000000E+00, -1.4619750E-02,  1.0006943E+03,  4.1369883E+04,3,
  3.1535461E+02,  0.0000000E+00,  2.5058418E+02,3171,  1.5833937E-01,  0.0000000E+00, -9.7785130E-05,  1.0017760E+03,  1.0616166E+05,3,
  3.1659836E+02,  0.0000000E+00,  2.5062070E+02,3161,  1.4318162E-01,  0.0000000E+00,  7.4175834E-03,  1.0017227E+03,  1.0296012E+05,3,
  3.1803391E+02,  0.0000000E+00,  2.5095813E+02,3204,  2.1862477E-01,  0.0000000E+00, -1.6281733E-02,  1.0008413E+03,  5.0148910E+04,3,
  3.1885416E+02,  0.0000000E+00,  2.5076038E+02,2912,  1.3355938E-01,  0.0000000E+00,  2.1631515E-02,  1.0011025E+03,  6.5768281E+04,3,
  3.2002301E+02,  0.0000000E+00,  2.5097672E+02,3130,  2.0956434E-01,  0.0000000E+00, -4.8720934E-03,  1.0006219E+03,  3.7048832E+04,3,
  3.2063797E+02,  0.0000000E+00,  2.5095847E+02,3067,  2.0107636E-01,  0.0000000E+00, -1.6864495E-02,  1.0006720E+03,  4.0036203E+04,3,
  3.2144833E+02,  0.0000000E+00,  2.5090781E+02,3104,  1.9800469E-01,  0.0000000E+00, -3.3398151E-02,  1.0008571E+03,  5.1093625E+04,3,
  3.2306430E+02,  0.0000000E+00,  2.5057928E+02,3090,  2.4434040E-01,  0.0000000E+00, -1.1048634E-02,  1.0019299E+03,  1.1541629E+05,3,
  3.2439713E+02,  0.0000000E+00,  2.5071178E+02,3072,  2.7728429E-01,  0.0000000E+00, -1.6263718E-02,  1.0018486E+03,  1.1052370E+05,3,
  3.2576004E+02,  0.0000000E+00,  2.5052930E+02,2946,  2.9768759E-01,  0.0000000E+00,  8.1644818E-04,  1.0020959E+03,  1.2540338E+05,3,
  3.2737433E+02,  0.0000000E+00,  2.5100383E+02,3123,  3.5296640E-01,  0.0000000E+00, -3.5860877E-02,  1.0007790E+03,  4.6425629E+04,3,
  3.2807468E+02,  0.0000000E+00,  2.5091966E+02,2976,  3.3202451E-01,  0.0000000E+00, -1.4139966E-02,  1.0008231E+03,  4.9062047E+04,3,
  3.2897849E+02,  0.0000000E+00,  2.5078400E+02,3013,  3.5092098E-01,  0.0000000E+00, -8.3715813E-03,  1.0010612E+03,  6.3295441E+04,3,
  3.3012128E+02,  0.0000000E+00,  2.5081827E+02,3031,  3.9303276E-01,  0.0000000E+00, -3.3990417E-03,  1.0010351E+03,  6.1736078E+04,3,
  3.3094543E+02,  0.0000000E+00,  2.5103322E+02,2967,  3.5820094E-01,  0.0000000E+00, -1.9051913E-02,  1.0007852E+03,  4.6797527E+04,3,
  3.3225064E+02,  0.0000000E+00,  2.5062947E+02,3107,  3.9102581E-01,  0.0000000E+00,  4.0988196E-04,  1.0016534E+03,  9.8795617E+04,3,
  3.3350165E+02,  0.0000000E+00,  2.5057941E+02,3062,  3.9654833E-01,  0.0000000E+00, -4.1022195E-04,  1.0017498E+03,  1.0458460E+05,3,
  3.3481290E+02,  0.0000000E+00,  2.5098801E+02,3077,  4.1487861E-01,  0.0000000E+00, -1.5751110E-02,  1.0008062E+03,  4.8048238E+04,3,
  3.3568692E+02,  0.0000000E+00,  2.5105508E+02,3040,  4.1122586E-01,  0.0000000E+00, -1.3488293E-02,  1.0006420E+03,  3.8247316E+04,3,
  3.3648505E+02,  0.0000000E+00,  2.5072478E+02,3004,  4.2599055E-01,  0.0000000E+00, -3.2170806E-03,  1.0011860E+03,  7.0770625E+04,3,
  3.3763330E+02,  0.0000000E+00,  2.5089467E+02,3069,  4.3028787E-01,  0.0000000E+00,  3.1140084E-05,  1.0009492E+03,  5.6599566E+04,3,
  3.3870590E+02,  0.0000000E+00,  2.5067723E+02,2867,  4.3402705E-01,  0.0000000E+00,  2.8449106E-03,  1.0013145E+03,  7.8467203E+04,3,
  3.3988321E+02,  0.0000000E+00,  2.5085588E+02,2939,  4.4434139E-01,  0.0000000E+00, -5.9447843E-03,  1.0009058E+03,  5.4004938E+04,3,
  3.4078159E+02,  0.0000000E+00,  2.5097585E+02,2921,  4.6507314E-01,  0.0000000E+00, -1.2489855E-02,  1.0006727E+03,  4.0079930E+04,3,
  3.4144171E+02,  0.0000000E+00,  2.5098114E+02,3058,  4.4118524E-01,  0.0000000E+00, -2.0352155E-02,  1.0006921E+03,  4.1235047E+04,3,
  3.4277048E+02,  0.0000000E+00,  2.5069556E+02,2704,  4.7791120E-01,  0.0000000E+00, -5.0824760E-03,  1.0014087E+03,  8.4112695E+04,3,
  3.4413632E+02,  0.0000000E+00,  2.5051402E+02,3008,  4.8386717E-01,  0.0000000E+00, -3.5269230E-04,  1.0019004E+03,  1.1363955E+05,3,
  3.4542163E+02,  0.0000000E+00,  2.5090385E+02,2995,  5.1879281E-01,  0.0000000E+00, -9.4874874E-03,  1.0010359E+03,  6.1783547E+04,3,
  3.4643085E+02,  0.0000000E+00,  2.5092711E+02,2958,  5.1709223E-01,  0.0000000E+00, -7.9090148E-03,  1.0008915E+03,  5.3147508E+04,3,
  3.4759653E+02,  0.0000000E+00,  2.5067943E+02,2695,  5.1810944E-01,  0.0000000E+00, -4.7864877E-03,  1.0012829E+03,  7.6572672E+04,3,
  3.4820950E+02,  0.0000000E+00,  2.5112387E+02,2831,  5.4939729E-01,  0.0000000E+00, -9.5188022E-03,  1.0005953E+03,  3.5457148E+04,3,
  3.4958157E+02,  0.0000000E+00,  2.5074446E+02,3061,  5.2815396E-01,  0.0000000E+00, -1.2953646E-02,  1.0013905E+03,  8.3022133E+04,3,
  3.5092529E+02,  0.0000000E+00,  2.5044366E+02,2999,  5.9324634E-01,  0.0000000E+00, -9.7403610E-03,  1.0021140E+03,  1.2649121E+05,3,
  3.5243369E+02,  0.0000000E+00,  2.5099268E+02,2804,  6.0778475E-01,  0.0000000E+00, -2.6741456E-02,  1.0007564E+03,  4.5076691E+04,3,
  3.5327948E+02,  0.0000000E+00,  2.5091495E+02,2996,  5.7970428E-01,  0.0000000E+00,  4.5336881E-03,  1.0008291E+03,  4.9419461E+04,3,
  3.5429892E+02,  0.0000000E+00,  2.5071049E+02,2941,  6.6337252E-01,  0.0000000E+00,  2.7805851E-03,  1.0011544E+03,  6.8877547E+04,3,
  3.5536417E+02,  0.0000000E+00,  2.5089156E+02,2931,  6.0352397E-01,  0.0000000E+00, -1.2028140E-02,  1.0008156E+03,  4.8609832E+04,3,
  3.5638342E+02,  0.0000000E+00,  2.5085625E+02,2922,  6.5815383E-01,  0.0000000E+00, -4.5918170E-02,  1.0008738E+03,  5.2093152E+04,3,
  3.5680435E+02,  0.0000000E+00,  2.5099841E+02,2950,  7.1474409E-01,  0.0000000E+00, -4.6406951E-02,  1.0006989E+03,  4.1643199E+04,3,
  3.5881894E+02,  0.0000000E+00,  2.5034770E+02,3009,  7.5297821E-01,  0.0000000E+00,  1.7988166E-02,  1.0020975E+03,  1.2549893E+05,3,
  3.5993433E+02,  0.0000000E+00,  2.5076326E+02,2910,  3.3705419E-01,  0.0000000E+00,  1.3096280E-01,  1.0014008E+03,  8.3640594E+04,3,
  3.6037570E+02,  0.0000000E+00,  2.5119482E+02,2937,  3.2679969E-01,  0.0000000E+00,  2.7742645E-01,  1.0011647E+03,  6.9491484E+04,3,
  3.8964359E+02,  0.0000000E+00,  2.5104030E+02,2883,  4.9848256E-01,  0.0000000E+00, -3.8236666E-01,  1.0010482E+03,  6.2517555E+04,3,
  3.9005536E+02,  0.0000000E+00,  2.5061562E+02,2811,  2.7622095E-01,  0.0000000E+00, -5.5004116E-02,  1.0014024E+03,  8.3735742E+04,3,
  3.9113361E+02,  0.0000000E+00,  2.5075552E+02,2909,  2.9504836E-01,  0.0000000E+00,  1.1618945E-01,  1.0011138E+03,  6.6447781E+04,3,
  3.9230728E+02,  0.0000000E+00,  2.5099637E+02,2542,  6.9335085E-01,  0.0000000E+00,  4.3196097E-02,  1.0010030E+03,  5.9815508E+04,3,
  3.9435553E+02,  0.0000000E+00,  2.5085555E+02,2879,  4.3304908E-01,  0.0000000E+00, -5.9827864E-02,  1.0010557E+03,  6.2966750E+04,3,
  3.9532059E+02,  0.0000000E+00,  2.5082889E+02,2908,  4.2465627E-01,  0.0000000E+00, -4.1918505E-02,  1.0010233E+03,  6.1027688E+04,3,
  3.9620944E+02,  0.0000000E+00,  2.5094902E+02,2787,  4.9964267E-01,  0.0000000E+00, -6.0721748E-03,  1.0008574E+03,  5.1108219E+04,3,
  3.9336246E+02,  0.0000000E+00,  2.5087221E+02,2896,  4.9980932E-01,  0.0000000E+00, -3.0483279E-02,  1.0011260E+03,  6.7178477E+04,3,
  3.9720627E+02,  0.0000000E+00,  2.5098174E+02,2881,  4.9794957E-01,  0.0000000E+00,  1.7927283E-02,  1.0009675E+03,  5.7690898E+04,3,
  3.9833817E+02,  0.0000000E+00,  2.5060574E+02,2828,  5.2689219E-01,  0.0000000E+00,  2.0370601E-02,  1.0016479E+03,  9.8465758E+04,3,
  3.9950455E+02,  0.0000000E+00,  2.5084096E+02,2497,  5.2194607E-01,  0.0000000E+00, -6.2454939E-03,  1.0012990E+03,  7.7534523E+04,3,
  4.0064038E+02,  0.0000000E+00,  2.5078275E+02,2845,  4.9973667E-01,  0.0000000E+00, -4.1845804E-03,  1.0012005E+03,  7.1636875E+04,3,
  4.0177011E+02,  0.0000000E+00,  2.5085193E+02,2851,  5.0292951E-01,  0.0000000E+00,  1.8860922E-03,  1.0009166E+03,  5.4650797E+04,3,
  4.0243076E+02,  0.0000000E+00,  2.5117136E+02,2951,  4.9640283E-01,  0.0000000E+00,  1.4490880E-02,  1.0004499E+03,  2.6785672E+04,3,
  4.0321988E+02,  0.0000000E+00,  2.5091267E+02,2868,  4.6408737E-01,  0.0000000E+00,  9.3794744E-03,  1.0008531E+03,  5.0852879E+04,3,
  4.0428256E+02,  0.0000000E+00,  2.5091003E+02,2606,  5.0502294E-01,  0.0000000E+00,  3.8630851E-02,  1.0010880E+03,  6.4902535E+04,3,
  4.0572830E+02,  0.0000000E+00,  2.5039890E+02,2721,  4.0089867E-01,  0.0000000E+00,  1.2420304E-02,  1.0022804E+03,  1.3651873E+05,3,
  4.0676984E+02,  0.0000000E+00,  2.5114061E+02,2819,  5.3195989E-01,  0.0000000E+00, -2.3223128E-02,  1.0010030E+03,  5.9815508E+04,3,
  4.0788226E+02,  0.0000000E+00,  2.5083214E+02,2774,  6.1355931E-01,  0.0000000E+00, -1.0382035E-01,  1.0011355E+03,  6.7744805E+04,3,
  4.0929123E+02,  0.0000000E+00,  2.5067030E+02,2772,  5.2794802E-01,  0.0000000E+00,  5.9035376E-02,  1.0010617E+03,  6.3328312E+04,3,
  4.0997034E+02,  0.0000000E+00,  2.5083162E+02,2809,  1.8061279E-01,  0.0000000E+00,  1.1858566E-01,  1.0009993E+03,  5.9592805E+04,3,
  4.1031522E+02,  0.0000000E+00,  2.5117128E+02,2579,  2.4262163E-01,  0.0000000E+00,  2.2325711E-01,  1.0008832E+03,  5.2651328E+04,3,
  6.6114661E+02,  0.0000000E+00,  2.5042741E+02,2495,  6.4518219E-01,  0.0000000E+00, -5.5061631E-02,  1.0016611E+03,  9.9261102E+04,3,
  6.6002545E+02,  0.0000000E+00,  2.5075374E+02,2702, -1.6990118E-01,  0.0000000E+00, -1.0290724E-02,  1.0010221E+03,  6.0958312E+04,3,
  6.6293530E+02,  0.0000000E+00,  2.5104483E+02,2416,  4.8029625E-01,  0.0000000E+00, -4.1013765E-03,  1.0009623E+03,  5.7384293E+04,3,
  6.6369501E+02,  0.0000000E+00,  2.5089912E+02,2738,  4.1877657E-01,  0.0000000E+00,  2.8364172E-02,  1.0009745E+03,  5.8110676E+04,3,
  6.6472089E+02,  0.0000000E+00,  2.5099908E+02,2546,  5.0330937E-01,  0.0000000E+00,  6.0422784E-03,  1.0006826E+03,  4.0666582E+04,3,
  6.6554639E+02,  0.0000000E+00,  2.5094562E+02,2664,  4.6197107E-01,  0.0000000E+00,  1.5103970E-02,  1.0006777E+03,  4.0375074E+04,3,
  6.6646954E+02,  0.0000000E+00,  2.5085835E+02,2335,  4.9264750E-01,  0.0000000E+00,  3.9120535E-03,  1.0007926E+03,  4.7238723E+04,3,
  6.6745929E+02,  0.0000000E+00,  2.5102538E+02,2591,  4.6485427E-01,  0.0000000E+00, -3.1479769E-03,  1.0005923E+03,  3.5282336E+04,3,
  6.6822699E+02,  0.0000000E+00,  2.5102281E+02,2657,  4.6634388E-01,  0.0000000E+00, -5.6257606E-03,  1.0006290E+03,  3.7467742E+04,3,
  6.6911975E+02,  0.0000000E+00,  2.5081682E+02,2620,  4.6161076E-01,  0.0000000E+00, -3.8055982E-03,  1.0009276E+03,  5.5307641E+04,3,
  6.7002313E+02,  0.0000000E+00,  2.5107588E+02,2499,  4.7499833E-01,  0.0000000E+00,  2.0398702E-03,  1.0005699E+03,  3.3942191E+04,3,
  6.7088721E+02,  0.0000000E+00,  2.5090042E+02,2454,  4.6578819E-01,  0.0000000E+00, -1.4914052E-03,  1.0007894E+03,  4.7045469E+04,3,
  6.7180499E+02,  0.0000000E+00,  2.5096786E+02,2463,  4.4909233E-01,  0.0000000E+00,  2.3085549E-03,  1.0006766E+03,  4.0309484E+04,3,
  6.7264215E+02,  0.0000000E+00,  2.5101874E+02,2584,  4.6813637E-01,  0.0000000E+00,  3.5773667E-03,  1.0006105E+03,  3.6364051E+04,3,
  6.7362714E+02,  0.0000000E+00,  2.5080312E+02,2529,  4.5100689E-01,  0.0000000E+00,  9.0140308E-04,  1.0008815E+03,  5.2552824E+04,3,
  6.7431714E+02,  0.0000000E+00,  2.5113879E+02,2593,  4.6010292E-01,  0.0000000E+00,  7.1932413E-03,  1.0004361E+03,  2.5963330E+04,3,
  6.7527814E+02,  0.0000000E+00,  2.5092000E+02,2492,  4.4229475E-01,  0.0000000E+00,  7.1777595E-04,  1.0007365E+03,  4.3888320E+04,3,
  6.7609906E+02,  0.0000000E+00,  2.5095708E+02,2547,  4.4816214E-01,  0.0000000E+00,  4.6662181E-03,  1.0007228E+03,  4.3071855E+04,3,
  6.7712543E+02,  0.0000000E+00,  2.5090770E+02,2520,  4.3797585E-01,  0.0000000E+00,  3.9123395E-03,  1.0008842E+03,  5.2713348E+04,3,
  6.7820862E+02,  0.0000000E+00,  2.5080670E+02,2694,  4.4904333E-01,  0.0000000E+00,  7.3718103E-03,  1.0011057E+03,  6.5961898E+04,3,
  6.7930762E+02,  0.0000000E+00,  2.5092728E+02,2553,  4.3524274E-01,  0.0000000E+00,  7.2669415E-03,  1.0010129E+03,  6.0406977E+04,3,
  6.8033008E+02,  0.0000000E+00,  2.5069296E+02,2599,  4.4125083E-01,  0.0000000E+00,  1.3582169E-03,  1.0012700E+03,  7.5797414E+04,3,
  6.8156085E+02,  0.0000000E+00,  2.5102028E+02,2567,  4.4011208E-01,  0.0000000E+00, -1.8760429E-03,  1.0006489E+03,  3.8655344E+04,3,
  6.8235767E+02,  0.0000000E+00,  2.5101935E+02,2418,  4.4770169E-01,  0.0000000E+00, -8.4657138E-03,  1.0005678E+03,  3.3818383E+04,3,
  6.8312103E+02,  0.0000000E+00,  2.5102802E+02,2572,  4.1826627E-01,  0.0000000E+00, -1.4941576E-03,  1.0005471E+03,  3.2580381E+04,3,
  6.8389868E+02,  0.0000000E+00,  2.5093866E+02,2555,  4.1675252E-01,  0.0000000E+00,  1.3101916E-03,  1.0006844E+03,  4.0779543E+04,3,
  6.8489661E+02,  0.0000000E+00,  2.5084286E+02,2428,  4.3642980E-01,  0.0000000E+00,  5.6223003E-03,  1.0008748E+03,  5.2151523E+04,3,
  6.8597571E+02,  0.0000000E+00,  2.5083795E+02,2574,  4.2783919E-01,  0.0000000E+00,  3.5491146E-03,  1.0008719E+03,  5.1980062E+04,3,
  6.8668243E+02,  0.0000000E+00,  2.5116628E+02,2419,  4.3755430E-01,  0.0000000E+00,  4.9271914E-03,  1.0004746E+03,  2.8259510E+04,3,
  6.8766504E+02,  0.0000000E+00,  2.5089226E+02,2500,  4.0724021E-01,  0.0000000E+00,  2.5572658E-03,  1.0008452E+03,  5.0378695E+04,3,
  6.8864838E+02,  0.0000000E+00,  2.5079272E+02,2483,  4.3622419E-01,  0.0000000E+00,  5.6407833E-03,  1.0010101E+03,  6.0239023E+04,3,
  6.8965155E+02,  0.0000000E+00,  2.5101100E+02,2445,  4.2632896E-01,  0.0000000E+00,  4.7593727E-03,  1.0006956E+03,  4.1442766E+04,3,
  6.9054749E+02,  0.0000000E+00,  2.5087514E+02,2308,  4.3530014E-01,  0.0000000E+00, -1.7047491E-03,  1.0008217E+03,  4.8974523E+04,3,
  6.9154523E+02,  0.0000000E+00,  2.5093004E+02,2530,  4.0549153E-01,  0.0000000E+00, -3.4695936E-03,  1.0007000E+03,  4.1708793E+04,3,
  6.9218506E+02,  0.0000000E+00,  2.5109698E+02,2473,  4.2351961E-01,  0.0000000E+00, -6.0208552E-03,  1.0004835E+03,  2.8787232E+04,3,
  6.9336353E+02,  0.0000000E+00,  2.5078621E+02,2508,  4.4887072E-01,  0.0000000E+00, -1.7272513E-02,  1.0009192E+03,  5.4804055E+04,3,
  6.9389221E+02,  0.0000000E+00,  2.5113437E+02,2527,  4.2001292E-01,  0.0000000E+00, -2.4040839E-02,  1.0005497E+03,  3.2736943E+04,3,
  6.9522253E+02,  0.0000000E+00,  2.5076772E+02,2526,  4.1612405E-01,  0.0000000E+00, -3.0693257E-02,  1.0011672E+03,  6.9644969E+04,3,
  6.9623914E+02,  0.0000000E+00,  2.5074474E+02,2592,  3.6961088E-01,  0.0000000E+00, -2.3478527E-02,  1.0012247E+03,  7.3084461E+04,3,
  6.9735498E+02,  0.0000000E+00,  2.5095996E+02,2581,  3.7632516E-01,  0.0000000E+00, -7.7674105E-03,  1.0007974E+03,  4.7523141E+04,3,
  6.9843860E+02,  0.0000000E+00,  2.5094954E+02,2457,  6.3532960E-01,  0.0000000E+00, -6.1194040E-02,  1.0005583E+03,  3.3253980E+04,3,
  6.9931329E+02,  0.0000000E+00,  2.5103590E+02,2475,  3.7879753E-01,  0.0000000E+00,  3.8981088E-02,  1.0004427E+03,  2.6359939E+04,3,
  6.9975861E+02,  0.0000000E+00,  2.5108545E+02,2531,  1.9233993E-01,  0.0000000E+00,  1.0294399E-02,  1.0005447E+03,  3.2442025E+04,3,
  7.0032184E+02,  0.0000000E+00,  2.5077380E+02,2345,  2.8843093E-01,  0.0000000E+00,  1.1845250E-01,  1.0011291E+03,  6.7361156E+04,3,
  7.1977502E+02,  0.0000000E+00,  2.5054416E+02,2370,  2.1751852E-01,  0.0000000E+00, -1.2913051E-01,  1.0015338E+03,  9.1614445E+04,3,
  7.2130988E+02,  0.0000000E+00,  2.5098825E+02,2366,  2.2540295E-01,  0.0000000E+00,  9.7867303E-02,  1.0005551E+03,  3.3057359E+04,3,
  7.2111755E+02,  0.0000000E+00,  2.5099934E+02,2317,  2.8937232E-01,  0.0000000E+00,  4.8187785E-02,  1.0005322E+03,  3.1692029E+04,3,
  7.2276978E+02,  0.0000000E+00,  2.5086554E+02,2549,  6.7304349E-01,  0.0000000E+00,  3.1644829E-02,  1.0007631E+03,  4.5474062E+04,3,
  7.2389124E+02,  0.0000000E+00,  2.5091264E+02,2401,  2.8064474E-01,  0.0000000E+00, -2.0700602E-02,  1.0006389E+03,  3.8057883E+04,3,
  7.2473334E+02,  0.0000000E+00,  2.5095518E+02,2466,  3.1187391E-01,  0.0000000E+00, -2.8256036E-02,  1.0005696E+03,  3.3927625E+04,3,
  7.2512750E+02,  0.0000000E+00,  2.5103645E+02,2392,  3.6872938E-01,  0.0000000E+00, -1.0926223E-02,  1.0004637E+03,  2.7611723E+04,3,
  7.2673566E+02,  0.0000000E+00,  2.5067519E+02,2427,  4.3323395E-01,  0.0000000E+00,  2.7828960E-02,  1.0011532E+03,  6.8804469E+04,3,
  7.2748035E+02,  0.0000000E+00,  2.5106560E+02,2563,  3.8214689E-01,  0.0000000E+00,  1.4996399E-02,  1.0006337E+03,  3.7751879E+04,3,
  7.2867365E+02,  0.0000000E+00,  2.5093011E+02,2436,  3.9577389E-01,  0.0000000E+00,  1.0391713E-02,  1.0008571E+03,  5.1093625E+04,3,
  7.2972327E+02,  0.0000000E+00,  2.5074005E+02,2532,  3.8550240E-01,  0.0000000E+00,  3.9432570E-04,  1.0011463E+03,  6.8391547E+04,3,
  7.3089056E+02,  0.0000000E+00,  2.5090373E+02,2540,  4.0995246E-01,  0.0000000E+00, -1.0094714E-02,  1.0008062E+03,  4.8048238E+04,3,
  7.3193549E+02,  0.0000000E+00,  2.5099684E+02,2458,  4.0397719E-01,  0.0000000E+00, -1.1120294E-02,  1.0005697E+03,  3.3931266E+04,3,
  7.3274823E+02,  0.0000000E+00,  2.5094618E+02,2309,  3.9757842E-01,  0.0000000E+00, -1.6994985E-03,  1.0006332E+03,  3.7719094E+04,3,
  7.3374127E+02,  0.0000000E+00,  2.5076906E+02,2412,  3.9101946E-01,  0.0000000E+00,  1.6341744E-02,  1.0008831E+03,  5.2647680E+04,3,
  7.3482587E+02,  0.0000000E+00,  2.5105963E+02,2420,  4.2708516E-01,  0.0000000E+00,  2.0301204E-02,  1.0004213E+03,  2.5079207E+04,3,
  7.3555939E+02,  0.0000000E+00,  2.5098642E+02,2429,  3.9873871E-01,  0.0000000E+00,  1.1513572E-02,  1.0005645E+03,  3.3618105E+04,3,
  7.3654822E+02,  0.0000000E+00,  2.5076949E+02,2403,  4.0422913E-01,  0.0000000E+00,  3.1781811E-04,  1.0009622E+03,  5.7373344E+04,3,
  7.3779205E+02,  0.0000000E+00,  2.5089052E+02,2467,  3.8547704E-01,  0.0000000E+00, -2.9007560E-02,  1.0007006E+03,  4.1745238E+04,3,
  7.3839062E+02,  0.0000000E+00,  2.5103218E+02,2447,  6.9757175E-01,  0.0000000E+00, -8.9907832E-03,  1.0003986E+03,  2.3729523E+04,3,
  7.3979749E+02,  0.0000000E+00,  2.5074551E+02,2254,  1.8541415E-01,  0.0000000E+00,  3.1596903E-02,  1.0008559E+03,  5.1020672E+04,3,
  7.4003174E+02,  0.0000000E+00,  2.5100357E+02,2348,  9.3279563E-02,  0.0000000E+00, -7.0791207E-03,  1.0007142E+03,  4.2557953E+04,3,
  7.8045166E+02,  0.0000000E+00,  2.5078029E+02,2328,  1.2585856E-01,  0.0000000E+00,  3.1583317E-02,  1.0007449E+03,  4.4387711E+04,3,
  7.8334448E+02,  0.0000000E+00,  2.5115556E+02,2397,  3.3414486E-01,  0.0000000E+00, -2.0856932E-02,  1.0003623E+03,  2.1565320E+04,3,
  7.8312500E+02,  0.0000000E+00,  2.5117546E+02,2338,  3.9839849E-01,  0.0000000E+00,  1.0553599E-02,  1.0003300E+03,  1.9637939E+04,3,
  7.8194318E+02,  0.0000000E+00,  2.5079980E+02,2414,  5.9135556E-01,  0.0000000E+00,  4.3543354E-02,  1.0008621E+03,  5.1392746E+04,3,
  7.8042761E+02,  0.0000000E+00,  2.5088058E+02,2228,  3.0945599E-01,  0.0000000E+00, -5.6690566E-02,  1.0006659E+03,  3.9671844E+04,3,
  7.7977637E+02,  0.0000000E+00,  2.5113524E+02,2385,  4.5740694E-01,  0.0000000E+00, -3.0848140E-01,  1.0005813E+03,  3.4623164E+04,3,
  7.8478461E+02,  0.0000000E+00,  2.5066731E+02,2251,  3.9220726E-01,  0.0000000E+00,  3.8679519E-03,  1.0012084E+03,  7.2112070E+04,3,
  7.8568011E+02,  0.0000000E+00,  2.5092903E+02,2202,  4.1702318E-01,  0.0000000E+00,  1.2680202E-02,  1.0008789E+03,  5.2395949E+04,3,
  7.8698468E+02,  0.0000000E+00,  2.5098839E+02,2319,  4.5199004E-01,  0.0000000E+00,  3.8410348E-03,  1.0009121E+03,  5.4380770E+04,3,
  7.8805566E+02,  0.0000000E+00,  2.5059125E+02,2360,  3.9586461E-01,  0.0000000E+00, -1.5996974E-02,  1.0014869E+03,  8.8802008E+04,3,
  7.8942181E+02,  0.0000000E+00,  2.5098285E+02,2377,  3.9135069E-01,  0.0000000E+00, -1.4729470E-02,  1.0007072E+03,  4.2135188E+04,3,
  7.9039404E+02,  0.0000000E+00,  2.5109160E+02,2218,  3.9281547E-01,  0.0000000E+00, -6.6226507E-03,  1.0004473E+03,  2.6629205E+04,3,
  7.9089978E+02,  0.0000000E+00,  2.5108321E+02,2331,  3.7902606E-01,  0.0000000E+00, -9.8561554E-04,  1.0004515E+03,  2.6883922E+04,3,
  7.9199475E+02,  0.0000000E+00,  2.5078383E+02,2240,  3.8740820E-01,  0.0000000E+00, -2.1551577E-03,  1.0008979E+03,  5.3534254E+04,3,
  7.9285193E+02,  0.0000000E+00,  2.5102257E+02,2290,  3.9360610E-01,  0.0000000E+00,  1.1226709E-03,  1.0006477E+03,  3.8586125E+04,3,
  7.9407172E+02,  0.0000000E+00,  2.5078458E+02,2329,  3.7790725E-01,  0.0000000E+00, -9.4315922E-03,  1.0010493E+03,  6.2586941E+04,3,
  7.9519135E+02,  0.0000000E+00,  2.5081554E+02,2361,  3.6340165E-01,  0.0000000E+00, -3.0782511E-03,  1.0010569E+03,  6.3039793E+04,3,
  7.9630493E+02,  0.0000000E+00,  2.5101648E+02,2282,  3.9033318E-01,  0.0000000E+00,  1.8296627E-03,  1.0007827E+03,  4.6644391E+04,3,
  7.9731885E+02,  0.0000000E+00,  2.5075771E+02,2324,  3.7609690E-01,  0.0000000E+00, -9.2153363E-03,  1.0011215E+03,  6.6904461E+04,3,
  7.9849152E+02,  0.0000000E+00,  2.5087602E+02,2204,  3.9236245E-01,  0.0000000E+00, -2.8802289E-02,  1.0008765E+03,  5.2253672E+04,3,
  7.9951050E+02,  0.0000000E+00,  2.5106822E+02,2241,  3.6252055E-01,  0.0000000E+00, -2.7388921E-02,  1.0005312E+03,  3.1633779E+04,3,
  8.0026178E+02,  0.0000000E+00,  2.5104951E+02,2284,  3.8406783E-01,  0.0000000E+00, -3.4866847E-02,  1.0005513E+03,  3.2835250E+04,3,
  8.0116339E+02,  0.0000000E+00,  2.5080635E+02,2230,  3.4617537E-01,  0.0000000E+00, -2.2259679E-02,  1.0009048E+03,  5.3946559E+04,3,
  8.0221851E+02,  0.0000000E+00,  2.5094958E+02,2349,  3.6071968E-01,  0.0000000E+00,  2.1054291E-03,  1.0006999E+03,  4.1701508E+04,3,
  8.0311505E+02,  0.0000000E+00,  2.5099062E+02,2222,  3.5220924E-01,  0.0000000E+00,  1.4583335E-02,  1.0006165E+03,  3.6724648E+04,3,
  8.0401575E+02,  0.0000000E+00,  2.5090811E+02,2278,  3.7113336E-01,  0.0000000E+00,  1.1349227E-02,  1.0007004E+03,  4.1734305E+04,3,
  8.0485187E+02,  0.0000000E+00,  2.5099112E+02,2303,  3.6860609E-01,  0.0000000E+00,  4.7701802E-03,  1.0006039E+03,  3.5970688E+04,3,
  8.0579272E+02,  0.0000000E+00,  2.5091829E+02,2350,  3.5082459E-01,  0.0000000E+00, -1.3441135E-02,  1.0007447E+03,  4.4376773E+04,3,
  8.0688452E+02,  0.0000000E+00,  2.5086107E+02,2236,  3.4256268E-01,  0.0000000E+00, -2.1164173E-02,  1.0009377E+03,  5.5909789E+04,3,
  8.0802264E+02,  0.0000000E+00,  2.5085217E+02,2246,  3.3888146E-01,  0.0000000E+00, -1.9751566E-02,  1.0010562E+03,  6.2995965E+04,3,
  8.0909497E+02,  0.0000000E+00,  2.5067430E+02,2172,  3.3606210E-01,  0.0000000E+00, -1.1851105E-02,  1.0013356E+03,  7.9732867E+04,3,
  8.1052167E+02,  0.0000000E+00,  2.5113661E+02,2269,  3.4545895E-01,  0.0000000E+00,  4.1370010E-03,  1.0005190E+03,  3.0909324E+04,3,
  8.1108624E+02,  0.0000000E+00,  2.5098915E+02,2237,  2.9980057E-01,  0.0000000E+00,  3.1200316E-02,  1.0006278E+03,  3.7398527E+04,3,
  8.1201654E+02,  0.0000000E+00,  2.5085016E+02,2304,  3.1281558E-01,  0.0000000E+00,  3.1966444E-02,  1.0007601E+03,  4.5299070E+04,3,
  8.1298517E+02,  0.0000000E+00,  2.5106711E+02,2323,  3.3038074E-01,  0.0000000E+00,  2.2242896E-02,  1.0004335E+03,  2.5806875E+04,3,
  8.1366705E+02,  0.0000000E+00,  2.5089923E+02,2266,  3.5308057E-01,  0.0000000E+00,  7.1455669E-03,  1.0006784E+03,  4.0418797E+04,3,
  8.1483582E+02,  0.0000000E+00,  2.5082747E+02,2295,  3.5228878E-01,  0.0000000E+00, -1.1013418E-02,  1.0008329E+03,  4.9649230E+04,3,
  8.1555109E+02,  0.0000000E+00,  2.5110472E+02,2268,  2.6549250E-01,  0.0000000E+00, -3.1152552E-02,  1.0005284E+03,  3.1466312E+04,3,
  8.1630511E+02,  0.0000000E+00,  2.5129115E+02,2314,  2.7043834E-01,  0.0000000E+00,  2.6793119E-03,  1.0004059E+03,  2.4162422E+04,3,
  8.1760382E+02,  0.0000000E+00,  2.5038953E+02,2262,  3.0516165E-01,  0.0000000E+00,  3.4195479E-02,  1.0018893E+03,  1.1297153E+05,3,
  8.1929663E+02,  0.0000000E+00,  2.5094038E+02,2248,  4.7930104E-01,  0.0000000E+00,  1.7021475E-02,  1.0005546E+03,  3.3028230E+04,3,
  8.1989185E+02,  0.0000000E+00,  2.5096843E+02,2339,  1.9593322E-01,  0.0000000E+00,  4.6072684E-02,  1.0005810E+03,  3.4604957E+04,3,
  8.2020026E+02,  0.0000000E+00,  2.5108846E+02,2312,  1.7292990E-01,  0.0000000E+00,  4.2816717E-02,  1.0005826E+03,  3.4699641E+04,3,
  9.9767896E+02,  0.0000000E+00,  2.4929845E+02,2174,  7.1480122E+00,  0.0000000E+00, -1.5650361E+00,  1.0045261E+03,  2.7279578E+05,3,
  9.9772308E+02,  0.0000000E+00,  2.4900444E+02,2163,  7.3493543E+00,  0.0000000E+00, -1.0617539E+00,  1.0040129E+03,  2.4148917E+05,3,
  9.9797552E+02,  0.0000000E+00,  2.4916718E+02,2234,  6.8777695E+00,  0.0000000E+00, -1.8815182E+00,  9.9675690E+02, -1.9096227E+05,3,
  9.9865479E+02,  0.0000000E+00,  2.5016779E+02,2255,  7.7281356E+00,  0.0000000E+00, -1.6481818E+00,  1.0021697E+03,  1.2985099E+05,3,
  9.9876904E+02,  0.0000000E+00,  2.4865356E+02,2249,  7.1685338E+00,  0.0000000E+00, -2.9038088E+00,  9.9396222E+02, -3.5255650E+05,3,
  1.0001981E+03,  0.0000000E+00,  2.5032433E+02,2261,  7.4726930E+00,  0.0000000E+00, -2.8827260E+00,  1.0043292E+03,  2.6077408E+05,3,
  1.0020308E+03,  0.0000000E+00,  2.5055437E+02,2186,  7.1369214E+00,  0.0000000E+00, -2.5263627E+00,  1.0000104E+03,  6.2058270E+02,3,
  1.0027480E+03,  0.0000000E+00,  2.4956732E+02,2177,  7.4659820E+00,  0.0000000E+00, -2.8362384E+00,  9.9989435E+02, -6.2798516E+03,3,
  1.0027677E+03,  0.0000000E+00,  2.4984088E+02,2161,  6.3262310E+00,  0.0000000E+00, -2.8438926E+00,  9.9884558E+02, -6.8402117E+04,3,
  1.0026346E+03,  0.0000000E+00,  2.5025140E+02,2256,  6.7612538E+00,  0.0000000E+00, -2.6228466E+00,  1.0003193E+03,  1.9001621E+04,3,
  1.0024795E+03,  0.0000000E+00,  2.4941016E+02,2258,  5.2039967E+00,  0.0000000E+00, -5.0615339E+00,  1.0009393E+03,  5.6004676E+04,3,
  1.0917151E+03,  0.0000000E+00,  2.4903067E+02,2244,  7.1802940E+00,  0.0000000E+00,  4.4681245E-01,  1.0001105E+03,  6.5743438E+03,3,
  1.0923081E+03,  0.0000000E+00,  2.4911871E+02,2212,  7.0938997E+00,  0.0000000E+00,  5.7857263E-01,  1.0005872E+03,  3.4972773E+04,3,
  1.0924015E+03,  0.0000000E+00,  2.4931860E+02,2286,  7.3952055E+00,  0.0000000E+00,  8.4051126E-01,  1.0006010E+03,  3.5799504E+04,3,
  1.0933118E+03,  0.0000000E+00,  2.4914507E+02,2162,  7.0699115E+00,  0.0000000E+00, -1.1769819E-01,  9.9916388E+02, -4.9589484E+04,3,
  1.0934524E+03,  0.0000000E+00,  2.4899872E+02,2298,  7.0953135E+00,  0.0000000E+00,  2.0786951E-01,  9.9953082E+02, -2.7857080E+04,3,
  1.0937570E+03,  0.0000000E+00,  2.4913219E+02,2125,  7.1920910E+00,  0.0000000E+00, -5.0808448E-01,  9.9970526E+02, -1.7509074E+04,3,
  1.0989266E+03,  0.0000000E+00,  2.4906078E+02,2111,  7.1894755E+00,  0.0000000E+00, -2.1848454E-01,  9.9999219E+02, -4.6450430E+02,3,
  1.0990034E+03,  0.0000000E+00,  2.4911566E+02,2265,  7.1840363E+00,  0.0000000E+00,  4.3601349E-02,  9.9997021E+02, -1.7708059E+03,3,
  1.0993157E+03,  0.0000000E+00,  2.4908813E+02,2157,  7.1563025E+00,  0.0000000E+00, -6.1852306E-02,  9.9989551E+02, -6.2109434E+03,3,
  1.0996570E+03,  0.0000000E+00,  2.4911694E+02,2113,  7.2369676E+00,  0.0000000E+00, -1.1157888E-01,  9.9839624E+02, -9.4898695E+04,3,
  1.1003636E+03,  0.0000000E+00,  2.4942439E+02,2124,  7.1502857E+00,  0.0000000E+00, -9.7901106E-02,  1.0007706E+03,  4.5922488E+04,3,
  1.1009089E+03,  0.0000000E+00,  2.4915996E+02,2132,  7.1938901E+00,  0.0000000E+00, -2.3749845E-01,  1.0003975E+03,  2.3660408E+04,3,
  1.1041459E+03,  0.0000000E+00,  2.4897676E+02,2280,  7.1352363E+00,  0.0000000E+00, -4.7706291E-01,  9.9975787E+02, -1.4385889E+04,3,
  1.1043376E+03,  0.0000000E+00,  2.4894919E+02,2165,  7.3352289E+00,  0.0000000E+00,  1.0436177E-01,  9.9895886E+02, -6.1710891E+04,3,
  1.1045315E+03,  0.0000000E+00,  2.4899745E+02,2187,  6.9717994E+00,  0.0000000E+00, -2.1564873E-01,  9.9966162E+02, -2.0098902E+04,3,
  1.1047250E+03,  0.0000000E+00,  2.4917735E+02,2288,  7.2885547E+00,  0.0000000E+00, -1.1913129E-01,  1.0008154E+03,  4.8598891E+04,3,
  1.1053256E+03,  0.0000000E+00,  2.4887059E+02,2116,  7.2723832E+00,  0.0000000E+00, -1.6085561E-01,  1.0003196E+03,  1.9023438E+04,3,
  1.1083600E+03,  0.0000000E+00,  2.4892380E+02,2190,  7.0808043E+00,  0.0000000E+00, -4.8594095E-02,  9.9999323E+02, -4.0281357E+02,3,
  1.1090463E+03,  0.0000000E+00,  2.4906587E+02,2151,  7.1985836E+00,  0.0000000E+00,  1.1894239E-01,  9.9981580E+02, -1.0946347E+04,3,
  1.1091422E+03,  0.0000000E+00,  2.4907321E+02,2114,  7.1151810E+00,  0.0000000E+00, -3.3035696E-01,  9.9982910E+02, -1.0156062E+04,3,
  1.1103434E+03,  0.0000000E+00,  2.4904834E+02,2122,  7.0502281E+00,  0.0000000E+00, -5.6713474E-01,  1.0000681E+03,  4.0471890E+03,3,
  1.1105330E+03,  0.0000000E+00,  2.4919679E+02,2123,  7.1051579E+00,  0.0000000E+00, -7.1084179E-02,  1.0002047E+03,  1.2179228E+04,3,
  1.1113237E+03,  0.0000000E+00,  2.4914699E+02,2250,  7.5032864E+00,  0.0000000E+00, -9.9506959E-02,  1.0000718E+03,  4.2722832E+03,3,
  1.1129423E+03,  0.0000000E+00,  2.4925978E+02,2181,  6.8671708E+00,  0.0000000E+00,  4.1049895E-01,  1.0000732E+03,  4.3557871E+03,3,
  1.1143707E+03,  0.0000000E+00,  2.4914848E+02,2121,  6.8817677E+00,  0.0000000E+00, -3.9460364E-01,  9.9906934E+02, -5.5181113E+04,3,
  1.1151450E+03,  0.0000000E+00,  2.4919362E+02,2133,  7.1054873E+00,  0.0000000E+00, -3.3914739E-01,  1.0005403E+03,  3.2176244E+04,3,
  1.1153008E+03,  0.0000000E+00,  2.4918828E+02,2135,  7.1066651E+00,  0.0000000E+00, -3.2642081E-01,  1.0003534E+03,  2.1034344E+04,3,
  1.1154054E+03,  0.0000000E+00,  2.4904317E+02,2105,  7.1074638E+00,  0.0000000E+00,  9.0236902E-02,  1.0002273E+03,  1.3523708E+04,3,
  1.1157717E+03,  0.0000000E+00,  2.4906453E+02,2229,  7.1023688E+00,  0.0000000E+00,  1.5507827E-02,  1.0000359E+03,  2.1340964E+03,3,
  1.1206714E+03,  0.0000000E+00,  2.4898485E+02,2223,  6.6870179E+00,  0.0000000E+00,  4.3946987E-01,  1.0001258E+03,  7.4822437E+03,3,
  1.1206804E+03,  0.0000000E+00,  2.4896831E+02,2120,  6.6790452E+00,  0.0000000E+00,  4.5550629E-01,  1.0001042E+03,  6.2003135E+03,3,
  1.1207004E+03,  0.0000000E+00,  2.4898441E+02,2119,  6.6806860E+00,  0.0000000E+00,  4.2693099E-01,  1.0001640E+03,  9.7559893E+03,3,
  1.1212689E+03,  0.0000000E+00,  2.4972139E+02,2226,  6.8300457E+00,  0.0000000E+00,  5.8740729E-01,  1.0008275E+03,  4.9320988E+04,3,
  1.1229545E+03,  0.0000000E+00,  2.4904259E+02,2159,  6.6352782E+00,  0.0000000E+00,  6.5256333E-01,  9.9908545E+02, -5.4228344E+04,3,
  1.1234694E+03,  0.0000000E+00,  2.4898450E+02,2220,  6.6278162E+00,  0.0000000E+00,  4.8153561E-01,  9.9982526E+02, -1.0384453E+04,3,
  1.1236057E+03,  0.0000000E+00,  2.4894290E+02,2127,  6.6033540E+00,  0.0000000E+00,  4.4301373E-01,  9.9992615E+02, -4.3901475E+03,3,
  1.1263245E+03,  0.0000000E+00,  2.4895680E+02,2149,  6.7343321E+00,  0.0000000E+00,  6.1294936E-02,  1.0003232E+03,  1.9234328E+04,3,
  1.1266285E+03,  0.0000000E+00,  2.4906085E+02,2101,  6.7149796E+00,  0.0000000E+00,  2.4188833E-01,  1.0007620E+03,  4.5408441E+04,3,
  1.1281244E+03,  0.0000000E+00,  2.4906241E+02,2118,  6.5744958E+00,  0.0000000E+00,  3.8277674E-01,  9.9919128E+02, -4.7968078E+04,3,
  1.1281593E+03,  0.0000000E+00,  2.4903163E+02,2107,  6.6929927E+00,  0.0000000E+00,  3.1579934E-02,  9.9926624E+02, -4.3532215E+04,3,
  1.1284873E+03,  0.0000000E+00,  2.4901518E+02,2207,  6.6873064E+00,  0.0000000E+00, -9.5163956E-02,  9.9978394E+02, -1.2838424E+04,3,
  1.1285364E+03,  0.0000000E+00,  2.4898309E+02,2242,  6.6721044E+00,  0.0000000E+00,  1.2383521E-01,  9.9982733E+02, -1.0261195E+04,3,
  1.1392260E+03,  0.0000000E+00,  2.4903766E+02,2205,  6.1062059E+00,  0.0000000E+00, -8.9914000E-01,  9.9988263E+02, -6.9761582E+03,3,
  1.1392655E+03,  0.0000000E+00,  2.4910162E+02,2167,  6.0774040E+00,  0.0000000E+00, -6.1697382E-01,  9.9988849E+02, -6.6280107E+03,3,
  1.1392877E+03,  0.0000000E+00,  2.4913220E+02,2169,  6.0683851E+00,  0.0000000E+00, -7.6126248E-01,  9.9988367E+02, -6.9145078E+03,3,
  1.1396210E+03,  0.0000000E+00,  2.4909422E+02,2076,  6.1014667E+00,  0.0000000E+00, -9.3363041E-01,  9.9971381E+02, -1.7001895E+04,3,
  1.1412452E+03,  0.0000000E+00,  2.4972554E+02,2093,  5.9434476E+00,  0.0000000E+00,  1.2144389E-01,  1.0006921E+03,  4.1238691E+04,3,
  1.1423522E+03,  0.0000000E+00,  2.4906474E+02,2090,  6.1042356E+00,  0.0000000E+00,  6.8253058E-01,  9.9981152E+02, -1.1200095E+04,3,
  1.1424762E+03,  0.0000000E+00,  2.4907573E+02,2131,  6.1001806E+00,  0.0000000E+00,  8.7201244E-01,  9.9981775E+02, -1.0830346E+04,3,
  1.1427429E+03,  0.0000000E+00,  2.4902971E+02,2152,  6.1137228E+00,  0.0000000E+00,  9.5996124E-01,  9.9987921E+02, -7.1792383E+03,3,
  1.1427797E+03,  0.0000000E+00,  2.4903670E+02,2213,  6.0852423E+00,  0.0000000E+00,  6.3646024E-01,  9.9990216E+02, -5.8156196E+03,3,
  1.2883094E+03,  0.0000000E+00,  2.4906303E+02,2271, -1.1968236E+00,  0.0000000E+00,  6.2406246E-02,  9.9977490E+02, -1.3374810E+04,3,
  1.2884203E+03,  0.0000000E+00,  2.4912650E+02,2154, -1.0823697E+00,  0.0000000E+00,  4.1431963E-01,  9.9948260E+02, -3.0715535E+04,3,
  1.2885229E+03,  0.0000000E+00,  2.4915062E+02,2095, -1.1747400E+00,  0.0000000E+00,  4.1032770E-01,  9.9943463E+02, -3.3558695E+04,3,
  1.2886063E+03,  0.0000000E+00,  2.4913643E+02,2170, -1.2202269E+00,  0.0000000E+00,  3.1937963E-01,  9.9904626E+02, -5.6545148E+04,3,
  1.2905615E+03,  0.0000000E+00,  2.4894119E+02,2084, -1.0305755E+00,  0.0000000E+00,  4.2865205E-01,  1.0014198E+03,  8.4778805E+04,3,
  1.2909518E+03,  0.0000000E+00,  2.4895250E+02,2198, -1.3820441E+00,  0.0000000E+00,  1.8843390E-02,  1.0002676E+03,  1.5922422E+04,3,
  1.2911382E+03,  0.0000000E+00,  2.4895943E+02,2189, -1.4148914E+00,  0.0000000E+00,  7.3868650E-01,  9.9977856E+02, -1.3157359E+04,3,
  1.2942561E+03,  0.0000000E+00,  2.4908694E+02,2129, -6.8363321E-01,  0.0000000E+00,  6.1561313E-02,  9.9959033E+02, -2.4328100E+04,3,
  1.2943010E+03,  0.0000000E+00,  2.4905777E+02,2089, -7.7781677E-01,  0.0000000E+00, -4.4032291E-01,  9.9950116E+02, -2.9615670E+04,3,
  1.2954979E+03,  0.0000000E+00,  2.4906973E+02,2108, -1.1491268E+00,  0.0000000E+00, -8.2645260E-02,  1.0008125E+03,  4.8427492E+04,3,
  1.2958951E+03,  0.0000000E+00,  2.4932553E+02,2136, -9.4044608E-01,  0.0000000E+00, -4.2583829E-01,  9.9975116E+02, -1.4784494E+04,3,
  1.2962883E+03,  0.0000000E+00,  2.4909250E+02,2072, -9.1122490E-01,  0.0000000E+00, -4.7897378E-01,  1.0005381E+03,  3.2048816E+04,3,
  1.2981411E+03,  0.0000000E+00,  2.4921886E+02,2199, -7.3905134E-01,  0.0000000E+00, -1.1002954E-01,  9.9852740E+02, -8.7171625E+04,3,
  1.2987374E+03,  0.0000000E+00,  2.4904912E+02,2128, -9.1759485E-01,  0.0000000E+00, -2.5107125E-02,  9.9967279E+02, -1.9436115E+04,3,
  1.2994725E+03,  0.0000000E+00,  2.4903081E+02,2158, -7.7281260E-01,  0.0000000E+00,  1.2140113E-01,  1.0012097E+03,  7.2185180E+04,3,
  1.3014363E+03,  0.0000000E+00,  2.4925801E+02,2103, -1.1193875E+00,  0.0000000E+00,  6.8927325E-02,  9.9884033E+02, -6.8712055E+04,3,
  1.3015095E+03,  0.0000000E+00,  2.4936691E+02,2104, -6.4389974E-01,  0.0000000E+00, -3.1277180E-01,  9.9788910E+02, -1.2471780E+05,3,
  1.3009965E+03,  0.0000000E+00,  2.5028217E+02,2083, -1.0734500E+00,  0.0000000E+00, -9.5146544E-02,  1.0007681E+03,  4.5773012E+04,3,
  1.3025974E+03,  0.0000000E+00,  2.4859012E+02,2102, -5.4071599E-01,  0.0000000E+00, -2.4203194E-02,  1.0023344E+03,  1.3977516E+05,3,
  1.3051807E+03,  0.0000000E+00,  2.4915552E+02,2139, -1.1170800E+00,  0.0000000E+00, -2.0796920E-01,  1.0009619E+03,  5.7358742E+04,3,
  1.3039724E+03,  0.0000000E+00,  2.4933659E+02,2134, -7.7043104E-01,  0.0000000E+00, -2.1964537E-02,  9.9901276E+02, -5.8525910E+04,3,
  1.3043059E+03,  0.0000000E+00,  2.4945010E+02,2078, -7.7663255E-01,  0.0000000E+00,  5.3246653E-01,  9.9820850E+02, -1.0594836E+05,3,
  1.3060436E+03,  0.0000000E+00,  2.4931371E+02,2178, -1.0656662E+00,  0.0000000E+00,  2.7515617E-01,  9.9982056E+02, -1.0663591E+04,3,
  1.3083798E+03,  0.0000000E+00,  2.4927559E+02,2156, -7.5385737E-01,  0.0000000E+00,  3.2956845E-01,  9.9871881E+02, -7.5884695E+04,3,
  1.3090170E+03,  0.0000000E+00,  2.4927545E+02,2137, -7.8727394E-01,  0.0000000E+00, -1.0004085E+00,  9.9974652E+02, -1.5059885E+04,3,
  1.3099198E+03,  0.0000000E+00,  2.4906703E+02,2070, -1.1162461E+00,  0.0000000E+00,  9.4126962E-02,  1.0008772E+03,  5.2293801E+04,3,
  1.3071674E+03,  0.0000000E+00,  2.4921915E+02,2059, -7.7611864E-01,  0.0000000E+00,  1.8515065E-01,  9.9925684E+02, -4.4088613E+04,3,
  1.3106826E+03,  0.0000000E+00,  2.4901807E+02,2140, -9.4274443E-01,  0.0000000E+00,  1.9791515E-01,  9.9915222E+02, -5.0279133E+04,3,
  1.3116608E+03,  0.0000000E+00,  2.4919588E+02,2092, -6.6282040E-01,  0.0000000E+00, -2.4787546E-03,  9.9852521E+02, -8.7301117E+04,3,
  1.3124893E+03,  0.0000000E+00,  2.4905722E+02,2175, -6.9727540E-01,  0.0000000E+00, -2.3830144E-01,  1.0000234E+03,  1.3900140E+03,3,
  1.3138424E+03,  0.0000000E+00,  2.4915056E+02,2109, -6.5565455E-01,  0.0000000E+00,  1.5330364E+00,  9.9957733E+02, -2.5099154E+04,3,
  1.3148668E+03,  0.0000000E+00,  2.4909875E+02,2030, -1.1417027E+00,  0.0000000E+00,  1.5795933E-01,  1.0001179E+03,  7.0137568E+03,3,
  1.3150658E+03,  0.0000000E+00,  2.4903484E+02,2099, -1.1830631E+00,  0.0000000E+00,  3.5771450E-01,  9.9771234E+02, -1.3508953E+05,3,
  1.3173047E+03,  0.0000000E+00,  2.4908435E+02,2075, -7.7651435E-01,  0.0000000E+00, -1.5929011E-01,  9.9642236E+02, -2.1044939E+05,3,
  1.3171802E+03,  0.0000000E+00,  2.4896010E+02,2096, -2.9677054E-01,  0.0000000E+00, -3.3743349E-01,  1.0015852E+03,  9.4702453E+04,3,
  1.3164919E+03,  0.0000000E+00,  2.5003600E+02,2115, -9.5232654E-01,  0.0000000E+00, -1.7751718E-01,  1.0014837E+03,  8.8611609E+04,3,
  1.3195537E+03,  0.0000000E+00,  2.4975380E+02,2145, -2.0787098E-01,  0.0000000E+00, -2.2822747E-01,  1.0019043E+03,  1.1387448E+05,3,
  1.3192742E+03,  0.0000000E+00,  2.4889345E+02,2085, -1.1279786E+00,  0.0000000E+00, -8.6671859E-01,  9.9808490E+02, -1.1321580E+05,3,
  1.3207290E+03,  0.0000000E+00,  2.4925946E+02,2080, -2.2402787E+00,  0.0000000E+00, -1.2658046E+00,  9.9892480E+02, -6.3723062E+04,3,
  1.3206869E+03,  0.0000000E+00,  2.4908006E+02,2097, -1.0282700E+00,  0.0000000E+00, -2.5410035E+00,  9.9894281E+02, -6.2659332E+04,3,
  1.3237731E+03,  0.0000000E+00,  2.4932233E+02,2126,  2.7508846E-01,  0.0000000E+00,  6.8066198E-01,  9.9839343E+02, -9.5064031E+04,3,
  1.3237252E+03,  0.0000000E+00,  2.4926225E+02,2088, -1.3891157E+00,  0.0000000E+00, -1.0634377E+00,  9.9929614E+02, -4.1761648E+04,3,
  1.3226348E+03,  0.0000000E+00,  2.4874985E+02,2058, -4.0894061E-01,  0.0000000E+00, -2.6188794E-01,  1.0004011E+03,  2.3878672E+04,3,
  1.3256735E+03,  0.0000000E+00,  2.4886662E+02,2098, -1.4195017E+00,  0.0000000E+00, -9.1470525E-02,  1.0047972E+03,  2.8937209E+05,3,
  1.3260779E+03,  0.0000000E+00,  2.4915103E+02,2079, -1.6628956E+00,  0.0000000E+00,  4.2071962E-01,  9.9202362E+02, -4.6306019E+05,3,
  1.3262202E+03,  0.0000000E+00,  2.4903204E+02,2067, -6.1371315E-01,  0.0000000E+00,  2.4011612E+00,  1.0020672E+03,  1.2367632E+05,3,
  1.3285031E+03,  0.0000000E+00,  2.4881647E+02,2055, -1.0737748E+00,  0.0000000E+00, -6.5681405E-02,  1.0003206E+03,  1.9081613E+04,3,
  1.3293702E+03,  0.0000000E+00,  2.4922551E+02,2082, -1.0186646E+00,  0.0000000E+00, -5.4129523E-01,  9.9697540E+02, -1.7821273E+05,3,
  1.3309830E+03,  0.0000000E+00,  2.4854300E+02,2086, -9.6743625E-01,  0.0000000E+00,  7.6206386E-01,  1.0013788E+03,  8.2319547E+04,3,
  1.3330975E+03,  0.0000000E+00,  2.4883127E+02,2100, -4.0000281E-01,  0.0000000E+00,  2.0452609E+00,  9.9635089E+02, -2.1460769E+05,3,
  1.3306838E+03,  0.0000000E+00,  2.4955360E+02,2071, -2.0904341E+00,  0.0000000E+00,  1.1745539E+00,  9.9848468E+02, -8.9689250E+04,3,
  1.3320039E+03,  0.0000000E+00,  2.4893878E+02,2110, -9.4339865E-01,  0.0000000E+00,  1.1054543E+00,  1.0039235E+03,  2.3604853E+05,3,
  1.3287113E+03,  0.0000000E+00,  2.5012772E+02,2073,  3.3935916E-01,  0.0000000E+00,  7.1297562E-01,  1.0016821E+03,  1.0051840E+05,3,
  1.3343226E+03,  0.0000000E+00,  2.4933524E+02,2034, -1.7736577E+00,  0.0000000E+00, -2.7911873E+00,  1.0001910E+03,  1.1361727E+04,3,
  1.3361753E+03,  0.0000000E+00,  2.5001440E+02,2087, -1.2125160E+00,  0.0000000E+00, -1.2845693E+00,  1.0003031E+03,  1.8038133E+04,3,
  1.3356796E+03,  0.0000000E+00,  2.4920222E+02,2081,  1.5053165E+00,  0.0000000E+00, -3.4360424E-01,  1.0008326E+03,  4.9627348E+04,3,
  1.3381688E+03,  0.0000000E+00,  2.4989610E+02,2065,  7.1747088E-01,  0.0000000E+00, -1.6267022E+00,  1.0004517E+03,  2.6894838E+04,3,
  1.3362411E+03,  0.0000000E+00,  2.4897780E+02,2053, -7.9641318E-01,  0.0000000E+00,  2.2539479E-01,  9.9947925E+02, -3.0914510E+04,3,
  1.3397876E+03,  0.0000000E+00,  2.4993597E+02,2068,  2.0864418E+00,  0.0000000E+00, -8.5721332E-01,  1.0007383E+03,  4.3994027E+04,3,
  1.3380376E+03,  0.0000000E+00,  2.4878979E+02,2066, -7.8245997E-01,  0.0000000E+00,  2.9161754E-01,  9.9992664E+02, -4.3611279E+03,3,
  1.3398997E+03,  0.0000000E+00,  2.4897183E+02,2062,  2.0224032E-01,  0.0000000E+00,  2.1672288E-01,  9.9952179E+02, -2.8392650E+04,3,
  1.3410381E+03,  0.0000000E+00,  2.4886868E+02,2046,  3.1131867E-01,  0.0000000E+00, -3.7004140E-01,  9.9998999E+02, -5.9514221E+02,3,
  1.3419652E+03,  0.0000000E+00,  2.4903333E+02,2056,  2.7659270E-01,  0.0000000E+00, -1.8938549E-01,  1.0010120E+03,  6.0355859E+04,3,
  1.3431521E+03,  0.0000000E+00,  2.5016147E+02,2091,  6.2371844E-01,  0.0000000E+00, -4.7542956E-01,  9.9969141E+02, -1.8331373E+04,3,
  1.3435109E+03,  0.0000000E+00,  2.4873457E+02,2050,  7.6900220E-01,  0.0000000E+00,  3.9659825E-01,  1.0011469E+03,  6.8424438E+04,3,
  1.3447512E+03,  0.0000000E+00,  2.4993321E+02,2057,  1.0143794E+00,  0.0000000E+00, -8.3429343E-01,  9.9994904E+02, -3.0297725E+03,3,
  1.3454419E+03,  0.0000000E+00,  2.4885780E+02,2077,  1.2251673E+00,  0.0000000E+00,  5.2825755E-01,  1.0012491E+03,  7.4546875E+04,3,
  1.3462412E+03,  0.0000000E+00,  2.4994525E+02,2037,  1.3269755E+00,  0.0000000E+00, -2.9757851E-01,  9.9911487E+02, -5.2488578E+04,3,
  1.3472812E+03,  0.0000000E+00,  2.4871419E+02,2036,  1.0777322E+00,  0.0000000E+00,  1.5623391E-01,  1.0012336E+03,  7.3621875E+04,3,
  1.3478838E+03,  0.0000000E+00,  2.4979918E+02,2074,  1.5896748E+00,  0.0000000E+00, -1.2535939E-01,  1.0001113E+03,  6.6179209E+03,3,
  1.3488213E+03,  0.0000000E+00,  2.4896263E+02,2041,  1.3348825E+00,  0.0000000E+00, -2.4570626E-01,  1.0001783E+03,  1.0609686E+04,3,
  1.3497081E+03,  0.0000000E+00,  2.4920673E+02,2049,  1.2035304E+00,  0.0000000E+00, -9.6776746E-02,  1.0010352E+03,  6.1743379E+04,3,
  1.3511244E+03,  0.0000000E+00,  2.4986394E+02,2063,  1.3985332E+00,  0.0000000E+00, -3.4886804E-01,  9.9976086E+02, -1.4208323E+04,3,
  1.3510503E+03,  0.0000000E+00,  2.4873949E+02,2031,  1.2073147E+00,  0.0000000E+00,  3.3041766E-01,  1.0009584E+03,  5.7150695E+04,3,
  1.3524945E+03,  0.0000000E+00,  2.5029129E+02,2033,  1.4699348E+00,  0.0000000E+00, -1.8869457E-01,  1.0002266E+03,  1.3480100E+04,3,
  1.3533241E+03,  0.0000000E+00,  2.4854312E+02,2052,  1.6815686E+00,  0.0000000E+00,  5.2586126E-01,  1.0011841E+03,  7.0653664E+04,3,
  1.3539832E+03,  0.0000000E+00,  2.4989790E+02,2035,  1.9462764E+00,  0.0000000E+00,  9.5003612E-02,  9.9998413E+02, -9.4350153E+02,3,
  1.3550862E+03,  0.0000000E+00,  2.4909070E+02,2029,  2.0098734E+00,  0.0000000E+00,  1.7133123E-01,  1.0006677E+03,  3.9777508E+04,3,
  1.3559840E+03,  0.0000000E+00,  2.4903728E+02,2060,  1.6326174E+00,  0.0000000E+00,  3.4573942E-01,  1.0006435E+03,  3.8334750E+04,3,
  1.3566632E+03,  0.0000000E+00,  2.4944487E+02,2043,  1.1976241E+00,  0.0000000E+00,  7.6990463E-02,  1.0009598E+03,  5.7230992E+04,3,
  1.3576295E+03,  0.0000000E+00,  2.4872278E+02,2069,  1.9010094E+00,  0.0000000E+00,  2.1188357E-01,  1.0003539E+03,  2.1063438E+04,3,
  1.3589359E+03,  0.0000000E+00,  2.5073563E+02,2045,  2.5378537E+00,  0.0000000E+00,  1.2059525E+00,  1.0002294E+03,  1.3647264E+04,3,
  1.3598434E+03,  0.0000000E+00,  2.4904118E+02,2042,  1.2691307E+00,  0.0000000E+00, -1.0656831E-01,  9.9837488E+02, -9.6156602E+04,3,
  1.3590159E+03,  0.0000000E+00,  2.4899121E+02,2038,  2.0308645E+00,  0.0000000E+00, -1.8468904E-01,  1.0012419E+03,  7.4119094E+04,3,
  1.3607590E+03,  0.0000000E+00,  2.5037170E+02,2040, -9.1938901E-01,  0.0000000E+00,  1.7290426E+00,  1.0033250E+03,  1.9968141E+05,3,
  1.3611149E+03,  0.0000000E+00,  2.5060538E+02,2061,  8.4507197E-01,  0.0000000E+00,  5.6453621E-01,  9.9850586E+02, -8.8441305E+04,3,
  1.3613962E+03,  0.0000000E+00,  2.4958708E+02,2051,  1.9176073E+00,  0.0000000E+00,  8.8394314E-01,  1.0006005E+03,  3.5766727E+04,3,
  1.3634017E+03,  0.0000000E+00,  2.5128864E+02,2064,  1.4289283E+00,  0.0000000E+00, -4.0020341E-01,  1.0002750E+03,  1.6365885E+04,3,
  1.3657828E+03,  0.0000000E+00,  2.5139919E+02,2048,  1.3654573E+00,  0.0000000E+00, -5.3360119E-02,  1.0005524E+03,  3.2900789E+04,3,
  1.3658146E+03,  0.0000000E+00,  2.5138922E+02,2044,  1.4632474E+00,  0.0000000E+00, -1.1975311E-01,  1.0002000E+03,  1.1895819E+04,3,
  1.3646694E+03,  0.0000000E+00,  2.5125781E+02,2047,  1.8920525E+00,  0.0000000E+00, -1.0491477E+00,  9.9992072E+02, -4.7129824E+03,3,
  1.3658785E+03,  0.0000000E+00,  2.5138626E+02,2054,  1.4896752E+00,  0.0000000E+00, -5.4814315E-01,  9.9998926E+02, -6.3868781E+02,3,
  1.9207935E+02,  0.0000000E+00,  2.5729730E+02,3254, -1.2000474E-02,  0.0000000E+00, -2.1064325E-01,  1.0000401E+03,  2.3845562E+03,3,
  1.9211786E+02,  0.0000000E+00,  2.5741556E+02,3327,  9.9762827E-02,  0.0000000E+00,  1.3810359E-01,  1.0000460E+03,  2.7366626E+03,3,
  1.9148799E+02,  0.0000000E+00,  2.5723642E+02,3393,  5.0616288E-03,  0.0000000E+00, -5.0549865E-01,  1.0002844E+03,  1.6925693E+04,3,
  1.9252135E+02,  0.0000000E+00,  2.5725125E+02,3375,  4.1632108E-02,  0.0000000E+00, -6.9012694E-02,  9.9858270E+02, -8.3912125E+04,3,
  1.9360580E+02,  0.0000000E+00,  2.5690695E+02,3073,  1.0483768E-02,  0.0000000E+00,  3.6225136E-02,  1.0008334E+03,  4.9678410E+04,3,
  1.9830911E+02,  0.0000000E+00,  2.5698453E+02,3200,  3.7505049E-02,  0.0000000E+00,  6.2221911E-02,  1.0001829E+03,  1.0878525E+04,3,
  1.9631082E+02,  0.0000000E+00,  2.5709375E+02,3414,  2.3297288E-01,  0.0000000E+00,  5.3160506E-01,  1.0003125E+03,  1.8598035E+04,3,
  1.9802429E+02,  0.0000000E+00,  2.5709607E+02,3366,  6.2132530E-02,  0.0000000E+00,  7.4045964E-02,  1.0000147E+03,  8.7463361E+02,3,
  1.9804483E+02,  0.0000000E+00,  2.5725165E+02,3064,  5.9316888E-02,  0.0000000E+00,  9.5262691E-02,  1.0000581E+03,  3.4554341E+03,3,
  1.9412422E+02,  0.0000000E+00,  2.5773581E+02,3413, -1.6485661E-01,  0.0000000E+00,  1.3305688E-01,  1.0005347E+03,  3.1844936E+04,3,
  1.9968080E+02,  0.0000000E+00,  2.5799918E+02,3309,  3.5145123E-02,  0.0000000E+00, -3.4755696E-02,  1.0005012E+03,  2.9846402E+04,3,
  2.0035788E+02,  0.0000000E+00,  2.5708859E+02,3330,  1.8782930E-01,  0.0000000E+00, -1.6478315E-01,  9.9986432E+02, -8.0640396E+03,3,
  2.0423615E+02,  0.0000000E+00,  2.5722330E+02,3403,  7.8342810E-02,  0.0000000E+00, -3.0491418E-01,  1.0008229E+03,  4.9051109E+04,3,
  2.0169885E+02,  0.0000000E+00,  2.5703067E+02,3274,  8.7080441E-02,  0.0000000E+00, -5.7876851E-02,  1.0008521E+03,  5.0790871E+04,3,
  2.0465749E+02,  0.0000000E+00,  2.5705469E+02,3405,  1.7658842E-01,  0.0000000E+00, -5.4132891E-01,  9.9981451E+02, -1.1022472E+04,3,
  2.0197432E+02,  0.0000000E+00,  2.5709378E+02,3355,  1.0146043E-03,  0.0000000E+00, -3.5301560E-01,  9.9949359E+02, -3.0064314E+04,3,
  2.0270595E+02,  0.0000000E+00,  2.5708472E+02,3364,  7.1868360E-02,  0.0000000E+00, -5.2352946E-02,  9.9996173E+02, -2.2751375E+03,3,
  2.0619710E+02,  0.0000000E+00,  2.5693262E+02,3395,  1.2165228E-01,  0.0000000E+00,  6.3297781E-04,  1.0001617E+03,  9.6215840E+03,3,
  2.0709738E+02,  0.0000000E+00,  2.5689069E+02,3394, -1.5532002E-02,  0.0000000E+00,  2.3998344E-01,  1.0005823E+03,  3.4685074E+04,3,
  2.0909030E+02,  0.0000000E+00,  2.5707083E+02,3328,  2.1651842E-01,  0.0000000E+00, -5.1781982E-01,  9.9987408E+02, -7.4838511E+03,3,
  2.0913406E+02,  0.0000000E+00,  2.5703162E+02,3155,  2.8124142E-01,  0.0000000E+00, -5.8317947E-01,  9.9988824E+02, -6.6425171E+03,3,
  2.0977696E+02,  0.0000000E+00,  2.5703854E+02,3182,  1.7466922E-01,  0.0000000E+00, -3.7961105E-01,  1.0003961E+03,  2.3576740E+04,3,
  2.1226984E+02,  0.0000000E+00,  2.5708612E+02,3037,  2.0619339E-01,  0.0000000E+00, -5.1205024E-02,  9.9996912E+02, -1.8361165E+03,3,
  2.1154987E+02,  0.0000000E+00,  2.5703094E+02,3245,  1.3277790E-01,  0.0000000E+00, -4.1078022E-01,  1.0000812E+03,  4.8277788E+03,3,
  2.1308031E+02,  0.0000000E+00,  2.5711871E+02,3373,  1.8681492E-01,  0.0000000E+00, -9.2523083E-02,  1.0002317E+03,  1.3785357E+04,3,
  2.1541431E+02,  0.0000000E+00,  2.5718811E+02,3386,  1.9034427E-01,  0.0000000E+00,  4.5345131E-01,  1.0002405E+03,  1.4312312E+04,3,
  2.1840518E+02,  0.0000000E+00,  2.5646439E+02,3237,  9.3755953E-02,  0.0000000E+00,  1.1689386E-01,  9.9998425E+02, -9.3624420E+02,3,
  2.1854213E+02,  0.0000000E+00,  2.5664520E+02,3173,  5.9591021E-02,  0.0000000E+00,  1.7050591E-01,  1.0002872E+03,  1.7092914E+04,3,
  2.1729825E+02,  0.0000000E+00,  2.5704086E+02,3055,  1.7998341E-01,  0.0000000E+00,  2.8714561E-01,  1.0001235E+03,  7.3442373E+03,3,
  2.1722644E+02,  0.0000000E+00,  2.5701651E+02,3028,  1.1142897E-01,  0.0000000E+00,  2.4243911E-01,  1.0001976E+03,  1.1757752E+04,3,
  2.2011313E+02,  0.0000000E+00,  2.5474718E+02,3385,  6.8487220E-02,  0.0000000E+00,  3.5095340E-01,  1.0006913E+03,  4.1191320E+04,3,
  2.1436397E+02,  0.0000000E+00,  2.5719104E+02,3396,  1.9391485E-01,  0.0000000E+00,  2.1145611E-01,  1.0004797E+03,  2.8565221E+04,3,
  2.2021016E+02,  0.0000000E+00,  2.5592554E+02,3046,  2.9983410E-01,  0.0000000E+00,  7.5411655E-02,  1.0006365E+03,  3.7915809E+04,3,
  2.2099576E+02,  0.0000000E+00,  2.5473703E+02,3374,  1.6760254E-01,  0.0000000E+00,  3.9223224E-01,  1.0007259E+03,  4.3254094E+04,3,
  2.2290813E+02,  0.0000000E+00,  2.5515543E+02,3236,  3.0273232E-01,  0.0000000E+00,  3.6499524E-01,  1.0003951E+03,  2.3518539E+04,3,
  2.2355438E+02,  0.0000000E+00,  2.5561028E+02,3338,  1.0089984E-01,  0.0000000E+00,  3.4114522E-01,  1.0002072E+03,  1.2328201E+04,3,
  2.2575319E+02,  0.0000000E+00,  2.5533733E+02,3348, -1.3509068E-01,  0.0000000E+00,  2.7083963E-01,  1.0004211E+03,  2.5068293E+04,3,
  2.2319969E+02,  0.0000000E+00,  2.5509543E+02,3164,  3.4599102E-01,  0.0000000E+00,  2.7143693E-01,  1.0004985E+03,  2.9682605E+04,3,
  2.2499352E+02,  0.0000000E+00,  2.5672177E+02,3387,  2.7463123E-01,  0.0000000E+00,  2.8304741E-01,  1.0001001E+03,  5.9533882E+03,3,
  2.2589490E+02,  0.0000000E+00,  2.5446663E+02,3357,  5.3674316E-01,  0.0000000E+00,  2.7564839E-01,  1.0011415E+03,  6.8102883E+04,3,
  2.2719836E+02,  0.0000000E+00,  2.5588162E+02,3376,  3.0946276E-01,  0.0000000E+00,  7.3470458E-02,  1.0001468E+03,  8.7316494E+03,3,
  2.2737924E+02,  0.0000000E+00,  2.5527557E+02,3119,  1.8750648E-01,  0.0000000E+00,  7.8536704E-02,  1.0001501E+03,  8.9314238E+03,3,
  2.2895758E+02,  0.0000000E+00,  2.5494492E+02,3359,  2.3052643E-01,  0.0000000E+00,  1.8982227E-01,  1.0009719E+03,  5.7957363E+04,3,
  2.2992311E+02,  0.0000000E+00,  2.5493765E+02,3367,  2.6956704E-01,  0.0000000E+00,  4.2507265E-02,  1.0010283E+03,  6.1327105E+04,3,
  2.3131837E+02,  0.0000000E+00,  2.5507172E+02,3358,  2.4182506E-01,  0.0000000E+00, -9.2433885E-02,  1.0004247E+03,  2.5282949E+04,3,
  2.3232619E+02,  0.0000000E+00,  2.5498108E+02,3101,  2.8094840E-01,  0.0000000E+00, -1.2339193E-01,  1.0003879E+03,  2.3089307E+04,3,
  2.3331915E+02,  0.0000000E+00,  2.5496579E+02,3255,  2.6032779E-01,  0.0000000E+00, -1.3745871E-01,  1.0004294E+03,  2.5563100E+04,3,
  2.3197115E+02,  0.0000000E+00,  2.5669843E+02,3378,  2.6730728E-01,  0.0000000E+00, -4.5249406E-02,  1.0001198E+03,  7.1263369E+03,3,
  2.3376160E+02,  0.0000000E+00,  2.5692239E+02,3368,  2.4048690E-01,  0.0000000E+00, -4.2457186E-02,  1.0001640E+03,  9.7559893E+03,3,
  2.3454208E+02,  0.0000000E+00,  2.5478972E+02,3282,  1.5594241E-01,  0.0000000E+00, -8.2958736E-02,  1.0007215E+03,  4.2991668E+04,3,
  2.3622520E+02,  0.0000000E+00,  2.5633087E+02,3377,  2.6658234E-01,  0.0000000E+00,  3.0556133E-02,  1.0002345E+03,  1.3952526E+04,3,
  2.3574368E+02,  0.0000000E+00,  2.5490886E+02,3291,  1.9708985E-01,  0.0000000E+00,  1.6597177E-04,  1.0005252E+03,  3.1277006E+04,3,
  2.3789896E+02,  0.0000000E+00,  2.5528471E+02,3010,  7.4481487E-02,  0.0000000E+00,  7.7558085E-02,  1.0003975E+03,  2.3664045E+04,3,
  2.3680882E+02,  0.0000000E+00,  2.5495711E+02,3146,  3.2011554E-01,  0.0000000E+00,  8.9263596E-02,  1.0004516E+03,  2.6887561E+04,3,
  2.4048627E+02,  0.0000000E+00,  2.5627176E+02,3019,  2.5277290E-01,  0.0000000E+00,  1.6255540E-01,  1.0000633E+03,  3.7640134E+03,3,
  2.4017363E+02,  0.0000000E+00,  2.5558659E+02,3110,  2.6021546E-01,  0.0000000E+00,  2.7426210E-01,  1.0003165E+03,  1.8834367E+04,3,
  2.3891032E+02,  0.0000000E+00,  2.5467644E+02,3360,  3.1296378E-01,  0.0000000E+00,  1.6938055E-01,  1.0011200E+03,  6.6816773E+04,3,
  2.4153128E+02,  0.0000000E+00,  2.5444780E+02,3306,  1.3323838E-01,  0.0000000E+00,  7.0001967E-02,  1.0013690E+03,  8.1734102E+04,3,
  2.4407726E+02,  0.0000000E+00,  2.5514050E+02,3320,  1.4237840E-01,  0.0000000E+00, -2.0925870E-02,  1.0004007E+03,  2.3853207E+04,3,
  2.4172653E+02,  0.0000000E+00,  2.5693225E+02,3339,  2.6344875E-01,  0.0000000E+00,  1.4001712E-01,  1.0000336E+03,  1.9997944E+03,3,
  2.4325092E+02,  0.0000000E+00,  2.5511607E+02,3329,  1.5358292E-01,  0.0000000E+00, -1.7605962E-02,  1.0004619E+03,  2.7498910E+04,3,
  2.4430629E+02,  0.0000000E+00,  2.5610202E+02,3283,  2.3719396E-01,  0.0000000E+00, -2.2689046E-02,  1.0002130E+03,  1.2673394E+04,3,
  2.4513324E+02,  0.0000000E+00,  2.5520746E+02,3266,  1.5456539E-01,  0.0000000E+00, -2.7407954E-02,  1.0004675E+03,  2.7833711E+04,3,
  2.4689122E+02,  0.0000000E+00,  2.5557643E+02,3201,  2.8699833E-01,  0.0000000E+00, -2.9597975E-02,  1.0003143E+03,  1.8707111E+04,3,
  2.4649068E+02,  0.0000000E+00,  2.5519238E+02,3128,  8.5970804E-02,  0.0000000E+00, -2.4302064E-01,  1.0007052E+03,  4.2018566E+04,3,
  2.4831873E+02,  0.0000000E+00,  2.5551855E+02,3264,  2.1302569E-01,  0.0000000E+00,  1.0924003E-01,  1.0003708E+03,  2.2070865E+04,3,
  2.4950385E+02,  0.0000000E+00,  2.5694586E+02,3369,  8.6207144E-02,  0.0000000E+00,  4.5314845E-02,  1.0001672E+03,  9.9485186E+03,3,
  2.4859802E+02,  0.0000000E+00,  2.5377463E+02,2983,  5.9640463E-02,  0.0000000E+00, -1.6224925E-01,  1.0009188E+03,  5.4778512E+04,3,
  2.5055386E+02,  0.0000000E+00,  2.5709918E+02,3351,  3.0744720E-02,  0.0000000E+00, -7.2502461E-03,  1.0002311E+03,  1.3752650E+04,3,
  2.5170549E+02,  0.0000000E+00,  2.5652408E+02,3273,  6.2435411E-02,  0.0000000E+00, -4.4485264E-02,  1.0002732E+03,  1.6256834E+04,3,
  2.4988017E+02,  0.0000000E+00,  2.5305246E+02,3265, -1.8449635E-06,  0.0000000E+00, -9.3582518E-02,  1.0006670E+03,  3.9737426E+04,3,
  2.5270598E+02,  0.0000000E+00,  2.5643799E+02,3001,  5.4927647E-02,  0.0000000E+00, -6.7058451E-02,  1.0002762E+03,  1.6438584E+04,3,
  2.5020630E+02,  0.0000000E+00,  2.5286769E+02,3219, -2.1936914E-02,  0.0000000E+00, -7.4159205E-02,  1.0007233E+03,  4.3101012E+04,3,
  2.5073308E+02,  0.0000000E+00,  2.5289403E+02,3257,  4.8346128E-02,  0.0000000E+00, -7.2961271E-02,  1.0006700E+03,  3.9919605E+04,3,
  2.5377621E+02,  0.0000000E+00,  2.5646381E+02,2992,  7.7517942E-02,  0.0000000E+00, -6.5399431E-02,  1.0002557E+03,  1.5213650E+04,3,
  2.5202786E+02,  0.0000000E+00,  2.5293471E+02,3147,  4.1254576E-02,  0.0000000E+00, -3.2021191E-02,  1.0008510E+03,  5.0728859E+04,3,
  2.5394104E+02,  0.0000000E+00,  2.5324414E+02,3256,  4.5521665E-02,  0.0000000E+00,  5.1253997E-03,  1.0005877E+03,  3.5005551E+04,3,
  2.5354082E+02,  0.0000000E+00,  2.5267139E+02,2974, -7.9007456E-03,  0.0000000E+00, -8.6462265E-03,  1.0013221E+03,  7.8924438E+04,3,
  2.5489761E+02,  0.0000000E+00,  2.5624902E+02,3083,  9.4770983E-02,  0.0000000E+00, -3.8913708E-02,  1.0002576E+03,  1.5329958E+04,3,
  2.5593834E+02,  0.0000000E+00,  2.5672314E+02,3340,  9.2908457E-02,  0.0000000E+00, -4.8965544E-02,  1.0002373E+03,  1.4119697E+04,3,
  2.5534166E+02,  0.0000000E+00,  2.5289125E+02,3311,  4.2495970E-02,  0.0000000E+00,  1.5956841E-02,  1.0009304E+03,  5.5471859E+04,3,
  2.5713873E+02,  0.0000000E+00,  2.5608716E+02,3321,  1.0839244E-01,  0.0000000E+00,  2.0103786E-02,  1.0002614E+03,  1.5555309E+04,3,
  2.5791840E+02,  0.0000000E+00,  2.5675000E+02,3349,  1.3289446E-01,  0.0000000E+00, -1.6394284E-02,  1.0002694E+03,  1.6031469E+04,3,
  2.5626248E+02,  0.0000000E+00,  2.5300221E+02,3238,  6.2562644E-02,  0.0000000E+00,  1.5882811E-02,  1.0008203E+03,  4.8894289E+04,3,
  2.5925342E+02,  0.0000000E+00,  2.5682629E+02,3350,  1.0527790E-01,  0.0000000E+00,  6.8564513E-03,  1.0002741E+03,  1.6311359E+04,3,
  2.6024579E+02,  0.0000000E+00,  2.5607709E+02,3228,  1.0689490E-01,  0.0000000E+00,  5.8110323E-02,  1.0002888E+03,  1.7187432E+04,3,
  2.5747833E+02,  0.0000000E+00,  2.5287886E+02,3323,  5.1625829E-02,  0.0000000E+00, -2.2687833E-03,  1.0011359E+03,  6.7766727E+04,3,
  2.6002969E+02,  0.0000000E+00,  2.5309520E+02,2965,  3.5457421E-02,  0.0000000E+00, -2.8740717E-02,  1.0007421E+03,  4.4220031E+04,3,
  2.5867538E+02,  0.0000000E+00,  2.5256288E+02,3144,  5.7348419E-02,  0.0000000E+00, -2.5193898E-02,  1.0016794E+03,  1.0036077E+05,3,
  2.6093002E+02,  0.0000000E+00,  2.5293025E+02,2938,  2.8486155E-02,  0.0000000E+00, -1.7396523E-02,  1.0008138E+03,  4.8504074E+04,3,
  2.6139584E+02,  0.0000000E+00,  2.5658371E+02,3313,  1.0873112E-01,  0.0000000E+00, -3.4325346E-03,  1.0002972E+03,  1.7689119E+04,3,
  2.6257495E+02,  0.0000000E+00,  2.5683441E+02,3331,  1.0203702E-01,  0.0000000E+00, -3.4151401E-02,  1.0002899E+03,  1.7249232E+04,3,
  2.6191360E+02,  0.0000000E+00,  2.5296927E+02,3220,  1.4240004E-02,  0.0000000E+00,  1.4531197E-03,  1.0007235E+03,  4.3111945E+04,3,
  2.6370041E+02,  0.0000000E+00,  2.5639401E+02,2956,  1.0495503E-01,  0.0000000E+00, -4.6784975E-02,  1.0003297E+03,  1.9619758E+04,3,
  2.6495364E+02,  0.0000000E+00,  2.5655347E+02,3292,  1.4996703E-01,  0.0000000E+00, -3.7819862E-02,  1.0003144E+03,  1.8710748E+04,3,
  2.6289429E+02,  0.0000000E+00,  2.5282416E+02,3202,  1.3783342E-02,  0.0000000E+00,  1.1495494E-02,  1.0008924E+03,  5.3202234E+04,3,
  2.6617499E+02,  0.0000000E+00,  2.5656076E+02,3074,  1.4881414E-01,  0.0000000E+00,  4.4460283E-03,  1.0003223E+03,  1.9179787E+04,3,
  2.6372131E+02,  0.0000000E+00,  2.5312904E+02,3285,  5.5556957E-02,  0.0000000E+00,  1.3902349E-02,  1.0004985E+03,  2.9686244E+04,3,
  2.6731775E+02,  0.0000000E+00,  2.5660745E+02,3293,  1.4339921E-01,  0.0000000E+00,  6.2413082E-02,  1.0002903E+03,  1.7274680E+04,3,
  2.6478265E+02,  0.0000000E+00,  2.5281583E+02,3174,  6.3742377E-02,  0.0000000E+00, -6.0782291E-04,  1.0009753E+03,  5.8161781E+04,3,
  2.6575259E+02,  0.0000000E+00,  2.5294702E+02,3137,  3.5912141E-02,  0.0000000E+00, -1.2549697E-02,  1.0008555E+03,  5.0995137E+04,3,
  2.6673798E+02,  0.0000000E+00,  2.5293997E+02,2929, -1.0065109E-02,  0.0000000E+00,  1.3467107E-02,  1.0008773E+03,  5.2297449E+04,3,
  2.6777383E+02,  0.0000000E+00,  2.5291953E+02,3047,  6.2795132E-02,  0.0000000E+00,  2.8988304E-02,  1.0008332E+03,  4.9663820E+04,3,
  2.6829593E+02,  0.0000000E+00,  2.5657367E+02,3156,  1.2988387E-01,  0.0000000E+00,  1.0081138E-01,  1.0002526E+03,  1.5031923E+04,3,
  2.7014264E+02,  0.0000000E+00,  2.5707944E+02,3341,  2.5757456E-01,  0.0000000E+00,  6.0127117E-02,  1.0001812E+03,  1.0780435E+04,3,
  2.6972717E+02,  0.0000000E+00,  2.5640231E+02,3301, -1.1378125E-02,  0.0000000E+00,  1.0111021E-01,  1.0002125E+03,  1.2640690E+04,3,
  2.6919684E+02,  0.0000000E+00,  2.5275317E+02,2911,  7.4293785E-02,  0.0000000E+00,  5.6423668E-02,  1.0008263E+03,  4.9251695E+04,3,
  2.7194922E+02,  0.0000000E+00,  2.5696243E+02,3342,  1.4642818E-02,  0.0000000E+00,  3.2394644E-02,  1.0001207E+03,  7.1808115E+03,3,
  2.6978448E+02,  0.0000000E+00,  2.5292261E+02,3229, -1.9021353E-02,  0.0000000E+00,  4.9775194E-02,  1.0006961E+03,  4.1475562E+04,3,
  2.7246414E+02,  0.0000000E+00,  2.5573677E+02,3294,  1.1798310E-01,  0.0000000E+00, -1.2713011E-01,  1.0003516E+03,  2.0928879E+04,3,
  2.7460971E+02,  0.0000000E+00,  2.5669266E+02,3333,  1.8007050E-01,  0.0000000E+00,  9.1602504E-03,  1.0000772E+03,  4.5917798E+03,3,
  2.7021030E+02,  0.0000000E+00,  2.5314104E+02,3138, -2.4542831E-02,  0.0000000E+00,  5.2629471E-02,  1.0006642E+03,  3.9573469E+04,3,
  2.7110739E+02,  0.0000000E+00,  2.5388155E+02,3065,  5.2833047E-02,  0.0000000E+00,  1.3175279E-01,  1.0006481E+03,  3.8611625E+04,3,
  2.7329074E+02,  0.0000000E+00,  2.5460255E+02,3269,  1.3926706E-01,  0.0000000E+00,  8.3596244E-02,  1.0011638E+03,  6.9436664E+04,3,
  2.7477222E+02,  0.0000000E+00,  2.5552936E+02,3248,  1.5986612E-01,  0.0000000E+00,  3.7225176E-02,  1.0001855E+03,  1.1034745E+04,3,
  2.7577237E+02,  0.0000000E+00,  2.5499811E+02,3193,  3.7740152E-02,  0.0000000E+00,  4.9707703E-02,  1.0007958E+03,  4.7431980E+04,3,
  2.7727963E+02,  0.0000000E+00,  2.5691779E+02,3314,  1.3545118E-01,  0.0000000E+00,  5.2264273E-02,  1.0000729E+03,  4.3376338E+03,3,
  2.7699200E+02,  0.0000000E+00,  2.5477316E+02,2902,  1.6921833E-01,  0.0000000E+00,  4.1771781E-02,  1.0008492E+03,  5.0619434E+04,3,
  2.7919019E+02,  0.0000000E+00,  2.5707715E+02,3324,  1.2013749E-01,  0.0000000E+00,  2.4139641E-02,  1.0001022E+03,  6.0768501E+03,3,
  2.8102475E+02,  0.0000000E+00,  2.5708121E+02,3322,  1.7698392E-01,  0.0000000E+00,  1.0367868E-02,  1.0001092E+03,  6.4944526E+03,3,
  2.7833224E+02,  0.0000000E+00,  2.5516443E+02,3038,  1.5049677E-01,  0.0000000E+00,  1.9677533E-02,  1.0002786E+03,  1.6580354E+04,3,
  2.7913968E+02,  0.0000000E+00,  2.5481850E+02,3166,  1.3110602E-01,  0.0000000E+00,  1.9600393E-02,  1.0006938E+03,  4.1337082E+04,3,
  2.8051059E+02,  0.0000000E+00,  2.5497144E+02,3120,  8.8415273E-02,  0.0000000E+00,  2.6807263E-02,  1.0005082E+03,  3.0261365E+04,3,
  2.8145151E+02,  0.0000000E+00,  2.5499150E+02,3002,  1.0958006E-01,  0.0000000E+00,  3.6942072E-02,  1.0004952E+03,  2.9489693E+04,3,
  2.8287314E+02,  0.0000000E+00,  2.5676450E+02,3312,  2.1043399E-01,  0.0000000E+00,  2.2856349E-02,  1.0001182E+03,  7.0319150E+03,3,
  2.8275681E+02,  0.0000000E+00,  2.5480312E+02,3211,  1.3700859E-01,  0.0000000E+00,  2.4969695E-02,  1.0007643E+03,  4.5550621E+04,3,
  2.8506955E+02,  0.0000000E+00,  2.5696603E+02,3332,  1.2925954E-01,  0.0000000E+00, -5.9317727E-02,  1.0000955E+03,  5.6774204E+03,3,
  2.8637961E+02,  0.0000000E+00,  2.5689569E+02,2947,  3.3465129E-01,  0.0000000E+00, -1.2851001E-01,  1.0000931E+03,  5.5358086E+03,3,
  2.8404404E+02,  0.0000000E+00,  2.5489763E+02,3092,  1.2241885E-01,  0.0000000E+00,  1.5190178E-02,  1.0006284E+03,  3.7434957E+04,3,
  2.8504099E+02,  0.0000000E+00,  2.5510895E+02,3210,  1.0036657E-01,  0.0000000E+00,  4.2912520E-02,  1.0003707E+03,  2.2063590E+04,3,
  2.8639044E+02,  0.0000000E+00,  2.5468256E+02,2893,  1.0692628E-01,  0.0000000E+00,  6.2055465E-02,  1.0009816E+03,  5.8537770E+04,3,
  2.8811597E+02,  0.0000000E+00,  2.5705304E+02,3192,  3.2613900E-01,  0.0000000E+00, -2.2074738E-01,  1.0000789E+03,  4.6934404E+03,3,
  2.8793594E+02,  0.0000000E+00,  2.5488780E+02,3056,  2.6318648E-01,  0.0000000E+00,  5.4360043E-02,  1.0006553E+03,  3.9037887E+04,3,
  2.9005624E+02,  0.0000000E+00,  2.5716174E+02,3302,  8.9919508E-01,  0.0000000E+00, -2.6558268E-01,  1.0000703E+03,  4.1815186E+03,3,
  2.8909195E+02,  0.0000000E+00,  2.5491205E+02,3084,  2.1273698E-01,  0.0000000E+00,  3.4700509E-02,  1.0006122E+03,  3.6466035E+04,3,
  2.9207101E+02,  0.0000000E+00,  2.5705533E+02,3284,  1.0232635E+00,  0.0000000E+00, -3.6371735E-01,  1.0000460E+03,  2.7330325E+03,3,
  2.9003931E+02,  0.0000000E+00,  2.5508432E+02,3184,  1.5786693E-01,  0.0000000E+00,  4.3390598E-02,  1.0004720E+03,  2.8106656E+04,3,
  2.9098105E+02,  0.0000000E+00,  2.5525243E+02,3129,  1.7846963E-01,  0.0000000E+00,  7.1154401E-02,  1.0004133E+03,  2.4602613E+04,3,
  2.9317456E+02,  0.0000000E+00,  2.5673654E+02,3029,  9.7282565E-01,  0.0000000E+00, -3.4476182E-01,  9.9997351E+02, -1.5748717E+03,3,
  2.9255170E+02,  0.0000000E+00,  2.5494287E+02,2875,  1.7301309E-01,  0.0000000E+00, -4.6368636E-02,  1.0009619E+03,  5.7358742E+04,3,
  2.9400192E+02,  0.0000000E+00,  2.5435388E+02,3252,  3.2727379E-01,  0.0000000E+00, -1.8637198E-01,  1.0012748E+03,  7.6089953E+04,3,
  2.9507803E+02,  0.0000000E+00,  2.5706757E+02,3315,  1.0434053E+00,  0.0000000E+00, -1.1766940E-01,  1.0001209E+03,  7.1917065E+03,3,
  2.9540195E+02,  0.0000000E+00,  2.5328461E+02,3232,  3.2667345E-01,  0.0000000E+00, -3.0010855E-01,  1.0009586E+03,  5.7157992E+04,3,
  2.9622775E+02,  0.0000000E+00,  2.5718555E+02,3303,  9.2695355E-01,  0.0000000E+00,  3.6615267E-02,  1.0002181E+03,  1.2978626E+04,3,
  2.9750208E+02,  0.0000000E+00,  2.5650534E+02,3239,  8.2340854E-01,  0.0000000E+00,  1.2560128E-01,  1.0002047E+03,  1.2175594E+04,3,
  2.9670953E+02,  0.0000000E+00,  2.5323820E+02,2848, -9.2497706E-02,  0.0000000E+00,  7.0886932E-02,  1.0005415E+03,  3.2249061E+04,3,
  2.9814865E+02,  0.0000000E+00,  2.5690698E+02,2920,  8.0324090E-01,  0.0000000E+00,  1.3930972E-01,  1.0002506E+03,  1.4911983E+04,3,
  2.9943765E+02,  0.0000000E+00,  2.5619553E+02,3167,  7.1836275E-01,  0.0000000E+00,  1.1802701E-01,  1.0002858E+03,  1.7009303E+04,3,
  2.9762308E+02,  0.0000000E+00,  2.5310048E+02,3251,  3.6844158E-01,  0.0000000E+00,  2.2860141E-01,  1.0008923E+03,  5.3198586E+04,3,
  3.0049112E+02,  0.0000000E+00,  2.5627377E+02,3276,  7.2873938E-01,  0.0000000E+00,  1.9527376E-02,  1.0003359E+03,  1.9994295E+04,3,
  2.9592270E+02,  0.0000000E+00,  2.5272301E+02,3304,  1.3001660E-01,  0.0000000E+00, -9.1171332E-02,  1.0011260E+03,  6.7178477E+04,3,
  3.0165012E+02,  0.0000000E+00,  2.5605505E+02,3231,  6.7885190E-01,  0.0000000E+00, -1.7211710E-01,  1.0005264E+03,  3.1349814E+04,3,
  3.0013800E+02,  0.0000000E+00,  2.5263293E+02,3214,  1.2116373E-01,  0.0000000E+00, -5.2153420E-02,  1.0019880E+03,  1.1891192E+05,3,
  2.9917432E+02,  0.0000000E+00,  2.5243971E+02,3126,  1.2208074E-01,  0.0000000E+00,  2.0282923E-03,  1.0016227E+03,  9.6952203E+04,3,
  3.0188846E+02,  0.0000000E+00,  2.5180103E+02,3176,  7.6815017E-02,  0.0000000E+00, -3.9610800E-01,  1.0006389E+03,  3.8057883E+04,3,
  3.0293234E+02,  0.0000000E+00,  2.5651620E+02,3242,  7.7368665E-01,  0.0000000E+00, -2.1305351E-01,  1.0002971E+03,  1.7678213E+04,3,
  3.0344568E+02,  0.0000000E+00,  2.5440448E+02,3186,  1.0496268E-01,  0.0000000E+00, -3.4952307E-01,  1.0005372E+03,  3.1994205E+04,3,
  3.0411703E+02,  0.0000000E+00,  2.5631183E+02,3020,  9.3495691E-01,  0.0000000E+00, -2.0599408E-01,  1.0003058E+03,  1.8201738E+04,3,
  3.0555450E+02,  0.0000000E+00,  2.5618176E+02,3165,  9.0802670E-01,  0.0000000E+00, -5.2186962E-02,  1.0003111E+03,  1.8514412E+04,3,
  3.0688806E+02,  0.0000000E+00,  2.5660721E+02,3215,  7.2760117E-01,  0.0000000E+00,  1.2567079E-02,  1.0002464E+03,  1.4661207E+04,3,
  3.0794684E+02,  0.0000000E+00,  2.5680426E+02,3247,  6.7591965E-01,  0.0000000E+00, -4.6942640E-02,  1.0002469E+03,  1.4693917E+04,3,
  3.0470422E+02,  0.0000000E+00,  2.5365103E+02,2821,  7.8540951E-02,  0.0000000E+00, -2.0455779E-01,  1.0008282E+03,  4.9364754E+04,3,
  3.0643964E+02,  0.0000000E+00,  2.5380571E+02,3066,  2.8065920E-01,  0.0000000E+00,  6.4084850E-02,  1.0007379E+03,  4.3968512E+04,3,
  3.0810162E+02,  0.0000000E+00,  2.5387708E+02,2830,  3.1448004E-01,  0.0000000E+00,  1.0146022E-01,  1.0007499E+03,  4.4690273E+04,3,
  3.0911823E+02,  0.0000000E+00,  2.5681888E+02,3295,  7.8408039E-01,  0.0000000E+00, -1.3875845E-01,  1.0002522E+03,  1.5006480E+04,3,
  3.1046155E+02,  0.0000000E+00,  2.5663785E+02,3305,  9.7895378E-01,  0.0000000E+00, -1.7293862E-01,  1.0002815E+03,  1.6751203E+04,3,
  3.0951834E+02,  0.0000000E+00,  2.5392081E+02,3149,  3.0228096E-01,  0.0000000E+00,  8.1493154E-02,  1.0007609E+03,  4.5346465E+04,3,
  3.1171011E+02,  0.0000000E+00,  2.5681668E+02,3275,  9.4436085E-01,  0.0000000E+00, -8.5463017E-02,  1.0002405E+03,  1.4308678E+04,3,
  3.1293924E+02,  0.0000000E+00,  2.5629916E+02,3183,  9.2699176E-01,  0.0000000E+00, -1.2082524E-02,  1.0003823E+03,  2.2754664E+04,3,
  3.1424634E+02,  0.0000000E+00,  2.5682639E+02,3296,  9.0395600E-01,  0.0000000E+00, -3.8170796E-02,  1.0002845E+03,  1.6929328E+04,3,
  3.1090765E+02,  0.0000000E+00,  2.5375595E+02,3157,  3.8787028E-01,  0.0000000E+00,  2.7566601E-02,  1.0008085E+03,  4.8186812E+04,3,
  3.1252426E+02,  0.0000000E+00,  2.5380902E+02,3139,  3.6569780E-01,  0.0000000E+00,  3.9428778E-02,  1.0008054E+03,  4.8000832E+04,3,
  3.1413693E+02,  0.0000000E+00,  2.5379904E+02,3085,  4.1392401E-01,  0.0000000E+00, -1.1373630E-01,  1.0007630E+03,  4.5470418E+04,3,
  3.1548102E+02,  0.0000000E+00,  2.5713919E+02,3297,  9.5052683E-01,  0.0000000E+00, -6.2711254E-02,  1.0002609E+03,  1.5526230E+04,3,
  3.1547705E+02,  0.0000000E+00,  2.5400197E+02,3195,  4.6398476E-01,  0.0000000E+00, -9.5504951E-03,  1.0006716E+03,  4.0014344E+04,3,
  3.1678961E+02,  0.0000000E+00,  2.5683777E+02,3278,  9.5811427E-01,  0.0000000E+00, -6.0405698E-02,  1.0003051E+03,  1.8158109E+04,3,
  3.1814081E+02,  0.0000000E+00,  2.5657794E+02,3286,  9.3482894E-01,  0.0000000E+00, -4.2272545E-02,  1.0003376E+03,  2.0092477E+04,3,
  3.1676111E+02,  0.0000000E+00,  2.5368733E+02,3177,  4.3385112E-01,  0.0000000E+00, -1.0109402E-01,  1.0008106E+03,  4.8314445E+04,3,
  3.1948074E+02,  0.0000000E+00,  2.5659518E+02,3267,  9.3226999E-01,  0.0000000E+00, -3.6661811E-02,  1.0003275E+03,  1.9492492E+04,3,
  3.1820804E+02,  0.0000000E+00,  2.5395503E+02,3102,  4.3870226E-01,  0.0000000E+00,  2.0000041E-02,  1.0007024E+03,  4.1850922E+04,3,
  3.2075699E+02,  0.0000000E+00,  2.5673825E+02,3287,  9.2322594E-01,  0.0000000E+00, -3.5727613E-02,  1.0002997E+03,  1.7838176E+04,3,
  3.1971851E+02,  0.0000000E+00,  2.5380728E+02,2984,  4.8499343E-01,  0.0000000E+00, -4.4971745E-02,  1.0007009E+03,  4.1759816E+04,3,
  3.2197327E+02,  0.0000000E+00,  2.5669046E+02,3279,  9.1760796E-01,  0.0000000E+00, -2.7264759E-02,  1.0002916E+03,  1.7351023E+04,3,
  3.2113806E+02,  0.0000000E+00,  2.5384296E+02,2794,  4.8887613E-01,  0.0000000E+00, -6.3150853E-02,  1.0006284E+03,  3.7434957E+04,3,
  3.2254507E+02,  0.0000000E+00,  2.5357959E+02,3221,  3.9642623E-01,  0.0000000E+00, -1.1856049E-01,  1.0007478E+03,  4.4562688E+04,3,
  3.2338724E+02,  0.0000000E+00,  2.5674576E+02,3259,  9.1778237E-01,  0.0000000E+00,  1.4501762E-02,  1.0002042E+03,  1.2150159E+04,3,
  3.2397974E+02,  0.0000000E+00,  2.5574962E+02,3268,  8.0678248E-01,  0.0000000E+00, -7.0200592E-02,  1.0004924E+03,  2.9322262E+04,3,
  3.2557251E+02,  0.0000000E+00,  2.5633582E+02,3277,  8.0634791E-01,  0.0000000E+00,  5.5139273E-02,  1.0002388E+03,  1.4210553E+04,3,
  3.2428094E+02,  0.0000000E+00,  2.5362921E+02,3057,  3.5197639E-01,  0.0000000E+00, -1.4016639E-01,  1.0008057E+03,  4.8019066E+04,3,
  3.2672037E+02,  0.0000000E+00,  2.5607013E+02,3249,  7.7404863E-01,  0.0000000E+00,  2.8154137E-02,  1.0003543E+03,  2.1088895E+04,3,
  3.2776501E+02,  0.0000000E+00,  2.5670847E+02,3270,  7.4904573E-01,  0.0000000E+00,  3.3347279E-02,  1.0002250E+03,  1.3385617E+04,3,
  3.2603091E+02,  0.0000000E+00,  2.5359901E+02,2957,  3.6145997E-01,  0.0000000E+00, -1.0865463E-01,  1.0008135E+03,  4.8489488E+04,3,
  3.2770782E+02,  0.0000000E+00,  2.5378523E+02,3159,  3.5114473E-01,  0.0000000E+00, -1.0015986E-01,  1.0007277E+03,  4.3363441E+04,3,
  3.2903595E+02,  0.0000000E+00,  2.5646021E+02,3212,  7.2749370E-01,  0.0000000E+00,  4.3125437E-03,  1.0002993E+03,  1.7812727E+04,3,
  3.2930222E+02,  0.0000000E+00,  2.5376689E+02,3131,  3.5890046E-01,  0.0000000E+00, -4.7982220E-02,  1.0006859E+03,  4.0867000E+04,3,
  3.3031995E+02,  0.0000000E+00,  2.5646652E+02,3048,  7.2219771E-01,  0.0000000E+00, -1.2631281E-02,  1.0002992E+03,  1.7805455E+04,3,
  3.3164932E+02,  0.0000000E+00,  2.5678610E+02,3288,  7.2725308E-01,  0.0000000E+00, -1.0532537E-02,  1.0002237E+03,  1.3309306E+04,3,
  3.3079214E+02,  0.0000000E+00,  2.5401010E+02,3087,  3.6339834E-01,  0.0000000E+00, -5.1070198E-02,  1.0006246E+03,  3.7209109E+04,3,
  3.3270547E+02,  0.0000000E+00,  2.5589149E+02,3175,  6.7157429E-01,  0.0000000E+00, -4.1806135E-02,  1.0003999E+03,  2.3805916E+04,3,
  3.3231805E+02,  0.0000000E+00,  2.5349706E+02,3203,  3.4238669E-01,  0.0000000E+00, -4.7762901E-02,  1.0007448E+03,  4.4380422E+04,3,
  3.3412485E+02,  0.0000000E+00,  2.5666223E+02,2884,  6.6854942E-01,  0.0000000E+00, -1.3579899E-02,  1.0002332E+03,  1.3876210E+04,3,
  3.3536841E+02,  0.0000000E+00,  2.5639771E+02,3111,  6.4449048E-01,  0.0000000E+00, -2.8009200E-02,  1.0002944E+03,  1.7521887E+04,3,
  3.3385638E+02,  0.0000000E+00,  2.5396623E+02,3132,  3.8726851E-01,  0.0000000E+00, -1.0987373E-01,  1.0006578E+03,  3.9187262E+04,3,
  3.3534259E+02,  0.0000000E+00,  2.5371425E+02,3011,  4.0740037E-01,  0.0000000E+00, -3.9618474E-02,  1.0006932E+03,  4.1304285E+04,3,
  3.3666098E+02,  0.0000000E+00,  2.5659744E+02,3261,  6.3839793E-01,  0.0000000E+00, -3.3579528E-02,  1.0002526E+03,  1.5028288E+04,3,
  3.3685349E+02,  0.0000000E+00,  2.5399615E+02,3094,  3.9902744E-01,  0.0000000E+00, -5.3797670E-02,  1.0006157E+03,  3.6677297E+04,3,
  3.3787595E+02,  0.0000000E+00,  2.5624530E+02,3260,  6.1548126E-01,  0.0000000E+00, -4.7540881E-02,  1.0003121E+03,  1.8576221E+04,3,
  3.3929126E+02,  0.0000000E+00,  2.5664322E+02,2866,  6.4824104E-01,  0.0000000E+00, -3.1716820E-02,  1.0002112E+03,  1.2564384E+04,3,
  3.3828571E+02,  0.0000000E+00,  2.5353015E+02,2930,  4.2541444E-01,  0.0000000E+00, -3.7069906E-02,  1.0006573E+03,  3.9161758E+04,3,
  3.3986798E+02,  0.0000000E+00,  2.5519144E+02,3250,  4.9927846E-01,  0.0000000E+00, -1.4304787E-01,  1.0005515E+03,  3.2842535E+04,3,
  3.4127185E+02,  0.0000000E+00,  2.5662717E+02,3241,  5.5283368E-01,  0.0000000E+00, -3.0684331E-02,  1.0002290E+03,  1.3625459E+04,3,
  3.4029056E+02,  0.0000000E+00,  2.5340221E+02,3093,  4.9879101E-01,  0.0000000E+00, -9.3369558E-02,  1.0007120E+03,  4.2423102E+04,3,
  3.4246463E+02,  0.0000000E+00,  2.5647037E+02,3240,  5.2925724E-01,  0.0000000E+00, -3.9235048E-02,  1.0002644E+03,  1.5733411E+04,3,
  3.4197464E+02,  0.0000000E+00,  2.5412233E+02,2740,  5.2891403E-01,  0.0000000E+00, -1.6590422E-02,  1.0005439E+03,  3.2394695E+04,3,
  3.4327133E+02,  0.0000000E+00,  2.5311880E+02,3140,  5.5298162E-01,  0.0000000E+00, -1.3376477E-01,  1.0007600E+03,  4.5291781E+04,3,
  3.4369440E+02,  0.0000000E+00,  2.5629587E+02,3148,  5.2825725E-01,  0.0000000E+00, -4.5392856E-02,  1.0002852E+03,  1.6972951E+04,3,
  3.4455264E+02,  0.0000000E+00,  2.5428517E+02,3158,  4.7771162E-01,  0.0000000E+00,  4.7433577E-02,  1.0006197E+03,  3.6914059E+04,3,
  3.4506870E+02,  0.0000000E+00,  2.5654987E+02,3234,  5.7218534E-01,  0.0000000E+00, -4.9401946E-02,  1.0002362E+03,  1.4054282E+04,3,
  3.4638116E+02,  0.0000000E+00,  2.5633496E+02,2857,  5.6187451E-01,  0.0000000E+00, -4.9740825E-02,  1.0002734E+03,  1.6267739E+04,3,
  3.4601254E+02,  0.0000000E+00,  2.5354292E+02,3112,  4.8872131E-01,  0.0000000E+00, -9.6930347E-02,  1.0007435E+03,  4.4307516E+04,3,
  3.4769974E+02,  0.0000000E+00,  2.5653101E+02,3233,  5.7845181E-01,  0.0000000E+00, -5.7219408E-02,  1.0002541E+03,  1.5119151E+04,3,
  3.4752298E+02,  0.0000000E+00,  2.5427737E+02,3194,  4.8706388E-01,  0.0000000E+00,  3.3148520E-02,  1.0005963E+03,  3.5519062E+04,3,
  3.4902133E+02,  0.0000000E+00,  2.5678851E+02,3243,  5.9239113E-01,  0.0000000E+00, -6.6124961E-02,  1.0002308E+03,  1.3730847E+04,3,
  3.4888391E+02,  0.0000000E+00,  2.5346338E+02,3096,  4.9854088E-01,  0.0000000E+00, -6.4174086E-02,  1.0007721E+03,  4.6013637E+04,3,
  3.5036102E+02,  0.0000000E+00,  2.5642361E+02,2966,  6.2177384E-01,  0.0000000E+00, -5.9128620E-02,  1.0002579E+03,  1.5344497E+04,3,
  3.5028387E+02,  0.0000000E+00,  2.5460011E+02,2885,  5.1816374E-01,  0.0000000E+00,  5.2748069E-02,  1.0005200E+03,  3.0967570E+04,3,
  3.5184311E+02,  0.0000000E+00,  2.5675790E+02,3224,  6.5923089E-01,  0.0000000E+00, -5.3231645E-02,  1.0002238E+03,  1.3316573E+04,3,
  3.5119592E+02,  0.0000000E+00,  2.5306064E+02,2876,  4.1157594E-01,  0.0000000E+00, -1.6251820E-01,  1.0008029E+03,  4.7851324E+04,3,
  3.5270224E+02,  0.0000000E+00,  2.5503964E+02,3060,  5.0403309E-01,  0.0000000E+00, -1.5845510E-01,  1.0005340E+03,  3.1801248E+04,3,
  3.5368335E+02,  0.0000000E+00,  2.5664597E+02,3135,  5.9112674E-01,  0.0000000E+00, -3.4308985E-02,  1.0002549E+03,  1.5170035E+04,3,
  3.5328024E+02,  0.0000000E+00,  2.5343826E+02,2776,  4.6544677E-01,  0.0000000E+00, -1.0308630E-01,  1.0006763E+03,  4.0291266E+04,3,
  3.5505447E+02,  0.0000000E+00,  2.5669260E+02,3223,  5.3281569E-01,  0.0000000E+00, -2.6750058E-02,  1.0002567E+03,  1.5275438E+04,3,
  3.5481311E+02,  0.0000000E+00,  2.5414902E+02,2785,  5.2257437E-01,  0.0000000E+00, -4.8122879E-02,  1.0005220E+03,  3.1084062E+04,3,
  3.5621396E+02,  0.0000000E+00,  2.5652969E+02,3205,  4.8524874E-01,  0.0000000E+00, -2.3701977E-02,  1.0002438E+03,  1.4508564E+04,3,
  3.5625888E+02,  0.0000000E+00,  2.5332600E+02,3021,  5.3724980E-01,  0.0000000E+00, -1.5413003E-01,  1.0007819E+03,  4.6600637E+04,3,
  3.6161658E+02,  0.0000000E+00,  2.5220744E+02,2963,  7.5587088E-01,  0.0000000E+00,  5.5580908E-01,  1.0011430E+03,  6.8194234E+04,3,
  3.5767194E+02,  0.0000000E+00,  2.5643420E+02,2839,  6.7485613E-01,  0.0000000E+00, -6.3645737E-03,  1.0002176E+03,  1.2945922E+04,3,
  3.6286240E+02,  0.0000000E+00,  2.5272414E+02,2981,  6.0011703E-01,  0.0000000E+00,  2.1063729E-01,  1.0011319E+03,  6.7529227E+04,3,
  3.5751752E+02,  0.0000000E+00,  2.5456227E+02,2949,  3.7212297E-01,  0.0000000E+00,  2.6125818E-01,  1.0006051E+03,  3.6043531E+04,3,
  3.5912653E+02,  0.0000000E+00,  2.5656146E+02,3075,  7.3092771E-01,  0.0000000E+00,  2.7449757E-02,  1.0002381E+03,  1.4166942E+04,3,
  3.5868073E+02,  0.0000000E+00,  2.5352753E+02,2994,  3.9463076E-01,  0.0000000E+00,  1.6290390E-01,  1.0008914E+03,  5.3143859E+04,3,
  3.6056699E+02,  0.0000000E+00,  2.5675116E+02,2812,  7.1671581E-01,  0.0000000E+00,  4.8069075E-02,  1.0002185E+03,  1.3000429E+04,3,
  3.6145511E+02,  0.0000000E+00,  2.5600885E+02,2722,  7.3827916E-01,  0.0000000E+00,  8.2739085E-02,  1.0002552E+03,  1.5184574E+04,3,
  3.6040390E+02,  0.0000000E+00,  2.5459393E+02,2913,  4.0078613E-01,  0.0000000E+00,  2.1472186E-01,  1.0005428E+03,  3.2325518E+04,3,
  3.6295715E+02,  0.0000000E+00,  2.5532860E+02,2985,  7.1426433E-01,  0.0000000E+00,  1.7146638E-01,  1.0003334E+03,  1.9845205E+04,3,
  3.6310468E+02,  0.0000000E+00,  2.5685846E+02,3225,  8.0086648E-01,  0.0000000E+00,  4.8196614E-02,  1.0002096E+03,  1.2469910E+04,3,
  3.6405496E+02,  0.0000000E+00,  2.5305827E+02,2960,  7.0988035E-01,  0.0000000E+00,  4.8777536E-02,  1.0008345E+03,  4.9744059E+04,3,
  3.6457455E+02,  0.0000000E+00,  2.5664978E+02,3012,  7.8737676E-01,  0.0000000E+00,  4.6720512E-02,  1.0002225E+03,  1.3240262E+04,3,
  3.6523965E+02,  0.0000000E+00,  2.5314900E+02,2849,  6.4251608E-01,  0.0000000E+00, -4.2447455E-02,  1.0006527E+03,  3.8884867E+04,3,
  3.6576779E+02,  0.0000000E+00,  2.5563884E+02,3121,  8.5615408E-01,  0.0000000E+00,  1.0000771E-01,  1.0002565E+03,  1.5260900E+04,3,
  3.6632178E+02,  0.0000000E+00,  2.5683591E+02,3216,  7.2547555E-01,  0.0000000E+00,  3.6260102E-02,  1.0002330E+03,  1.3865308E+04,3,
  3.6619699E+02,  0.0000000E+00,  2.5280661E+02,2952,  5.7534307E-01,  0.0000000E+00, -4.6125703E-02,  1.0010374E+03,  6.1871188E+04,3,
  3.6766470E+02,  0.0000000E+00,  2.5656332E+02,3076,  7.9107457E-01,  0.0000000E+00,  1.2150122E-02,  1.0002709E+03,  1.6118706E+04,3,
  3.6737216E+02,  0.0000000E+00,  2.5330394E+02,3105,  5.6340086E-01,  0.0000000E+00, -1.8958606E-02,  1.0002743E+03,  1.6322265E+04,3,
  3.6880023E+02,  0.0000000E+00,  2.5638400E+02,3141,  7.7723730E-01,  0.0000000E+00, -4.0360719E-05,  1.0002941E+03,  1.7503711E+04,3,
  3.6796085E+02,  0.0000000E+00,  2.5259012E+02,2814,  5.4797876E-01,  0.0000000E+00, -3.1947158E-03,  1.0012259E+03,  7.3157578E+04,3,
  3.6918396E+02,  0.0000000E+00,  2.5306114E+02,3051,  6.6663581E-01,  0.0000000E+00,  2.9352689E-02,  1.0005845E+03,  3.4812535E+04,3,
  3.6989951E+02,  0.0000000E+00,  2.5311592E+02,3086,  5.6526643E-01,  0.0000000E+00, -4.5847488E-03,  1.0005142E+03,  3.0618102E+04,3,
  3.7004245E+02,  0.0000000E+00,  2.5663849E+02,3207,  7.6717192E-01,  0.0000000E+00, -3.6185933E-03,  1.0002557E+03,  1.5213650E+04,3,
  3.7093619E+02,  0.0000000E+00,  2.5594258E+02,3068,  7.5839043E-01,  0.0000000E+00,  9.6305907E-03,  1.0002786E+03,  1.6580354E+04,3,
  3.7082983E+02,  0.0000000E+00,  2.5300136E+02,2596,  5.8785766E-01,  0.0000000E+00, -1.5366504E-03,  1.0007576E+03,  4.5149602E+04,3,
  3.7207956E+02,  0.0000000E+00,  2.5655469E+02,3196,  7.6835269E-01,  0.0000000E+00,  1.9768430E-03,  1.0002420E+03,  1.4399534E+04,3,
  3.7229742E+02,  0.0000000E+00,  2.5250499E+02,2919,  5.8714384E-01,  0.0000000E+00, -2.2293543E-03,  1.0017845E+03,  1.0667517E+05,3,
  3.7318912E+02,  0.0000000E+00,  2.5651001E+02,3197,  7.7930826E-01,  0.0000000E+00,  1.4031655E-02,  1.0002559E+03,  1.5224555E+04,3,
  3.7344577E+02,  0.0000000E+00,  2.5308417E+02,2953,  5.8042049E-01,  0.0000000E+00,  5.3145485E-03,  1.0009318E+03,  5.5555797E+04,3,
  3.7435626E+02,  0.0000000E+00,  2.5658530E+02,3198,  7.6140022E-01,  0.0000000E+00,  1.1768028E-02,  1.0002687E+03,  1.5991484E+04,3,
  3.7548346E+02,  0.0000000E+00,  2.5652338E+02,3168,  7.5633246E-01,  0.0000000E+00, -1.4246948E-03,  1.0002740E+03,  1.6307725E+04,3,
  3.7458923E+02,  0.0000000E+00,  2.5285384E+02,2942,  6.1021620E-01,  0.0000000E+00, -5.1518809E-04,  1.0010511E+03,  6.2696500E+04,3,
  3.7566382E+02,  0.0000000E+00,  2.5286972E+02,2915,  5.8783293E-01,  0.0000000E+00,  1.4845158E-03,  1.0008945E+03,  5.3326285E+04,3,
  3.7666980E+02,  0.0000000E+00,  2.5651346E+02,2993,  7.6383740E-01,  0.0000000E+00, -2.1007847E-02,  1.0002558E+03,  1.5220920E+04,3,
  3.7677017E+02,  0.0000000E+00,  2.5302203E+02,2986,  5.9818900E-01,  0.0000000E+00, -4.4675688E-03,  1.0005872E+03,  3.4976418E+04,3,
  3.7771030E+02,  0.0000000E+00,  2.5617059E+02,2713,  7.7499795E-01,  0.0000000E+00, -2.3066625E-02,  1.0002609E+03,  1.5526230E+04,3,
  3.7748364E+02,  0.0000000E+00,  2.5293967E+02,3016,  5.7708603E-01,  0.0000000E+00, -5.8017700E-04,  1.0006626E+03,  3.9475094E+04,3,
  3.7885883E+02,  0.0000000E+00,  2.5657416E+02,3178,  7.8045624E-01,  0.0000000E+00, -4.5474533E-02,  1.0002303E+03,  1.3705408E+04,3,
  3.7851114E+02,  0.0000000E+00,  2.5292230E+02,2979,  5.9794134E-01,  0.0000000E+00, -1.7403506E-03,  1.0007050E+03,  4.2007633E+04,3,
  3.7924277E+02,  0.0000000E+00,  2.5316606E+02,2850,  5.9600514E-01,  0.0000000E+00, -8.9023532E-03,  1.0004584E+03,  2.7295123E+04,3,
  3.7994482E+02,  0.0000000E+00,  2.5603726E+02,2731,  7.8666657E-01,  0.0000000E+00, -2.2022184E-02,  1.0002640E+03,  1.5707968E+04,3,
  3.8092316E+02,  0.0000000E+00,  2.5655103E+02,3170,  8.0377966E-01,  0.0000000E+00, -3.7112556E-02,  1.0002366E+03,  1.4079722E+04,3,
  3.8040527E+02,  0.0000000E+00,  2.5269434E+02,2832,  5.9843427E-01,  0.0000000E+00,  1.9627549E-03,  1.0011957E+03,  7.1351773E+04,3,
  3.8209448E+02,  0.0000000E+00,  2.5658859E+02,3180,  7.7394080E-01,  0.0000000E+00, -4.4337582E-02,  1.0002283E+03,  1.3581852E+04,3,
  3.8295648E+02,  0.0000000E+00,  2.5602103E+02,2641,  8.1000936E-01,  0.0000000E+00, -1.7572783E-02,  1.0002426E+03,  1.4432243E+04,3,
  3.8154279E+02,  0.0000000E+00,  2.5276755E+02,2723,  6.1021268E-01,  0.0000000E+00,  9.8565668E-03,  1.0010306E+03,  6.1465859E+04,3,
  3.8274011E+02,  0.0000000E+00,  2.5313672E+02,2650,  6.3903081E-01,  0.0000000E+00,  6.2107318E-03,  1.0004109E+03,  2.4460730E+04,3,
  3.8344208E+02,  0.0000000E+00,  2.5283104E+02,2886,  5.2983046E-01,  0.0000000E+00,  2.5777021E-02,  1.0008404E+03,  5.0094199E+04,3,
  3.8426416E+02,  0.0000000E+00,  2.5657703E+02,3150,  8.2299638E-01,  0.0000000E+00, -9.3848906E-02,  1.0002317E+03,  1.3785357E+04,3,
  3.8420462E+02,  0.0000000E+00,  2.5313963E+02,3022,  6.4330381E-01,  0.0000000E+00,  2.5125269E-02,  1.0005074E+03,  3.0214043E+04,3,
  3.8527814E+02,  0.0000000E+00,  2.5615677E+02,3041,  8.6214286E-01,  0.0000000E+00, -9.8522715E-02,  1.0002436E+03,  1.4494026E+04,3,
  3.8520871E+02,  0.0000000E+00,  2.5310240E+02,2858,  7.5016546E-01,  0.0000000E+00,  1.3431471E-02,  1.0006863E+03,  4.0892508E+04,3,
  3.8649350E+02,  0.0000000E+00,  2.5661642E+02,3187,  8.5457933E-01,  0.0000000E+00, -1.2901345E-01,  1.0002099E+03,  1.2488078E+04,3,
  3.8619827E+02,  0.0000000E+00,  2.5308037E+02,2569,  6.4950031E-01,  0.0000000E+00, -1.2366247E-01,  1.0007972E+03,  4.7512199E+04,3,
  3.8713422E+02,  0.0000000E+00,  2.5624551E+02,2894,  8.3458781E-01,  0.0000000E+00, -1.1725312E-01,  1.0001519E+03,  9.0367607E+03,3,
  3.8830658E+02,  0.0000000E+00,  2.5654565E+02,3188,  8.3778101E-01,  0.0000000E+00, -1.2404718E-01,  1.0001466E+03,  8.7207529E+03,3,
  3.8932455E+02,  0.0000000E+00,  2.5638870E+02,2903,  8.3859062E-01,  0.0000000E+00, -5.5233829E-02,  1.0001258E+03,  7.4822437E+03,3,
  3.8753470E+02,  0.0000000E+00,  2.5237498E+02,2856,  5.6109989E-01,  0.0000000E+00, -2.8600016E-01,  1.0012829E+03,  7.6572672E+04,3,
  3.8906586E+02,  0.0000000E+00,  2.5320213E+02,2784,  6.5645289E-01,  0.0000000E+00, -7.9157524E-02,  1.0024778E+03,  1.4842722E+05,3,
  3.9055417E+02,  0.0000000E+00,  2.5638910E+02,3045,  9.4476259E-01,  0.0000000E+00,  7.7761360E-02,  1.0002415E+03,  1.4366826E+04,3,
  3.9163770E+02,  0.0000000E+00,  2.5630688E+02,3042,  9.7812313E-01,  0.0000000E+00,  2.2327626E-01,  1.0002902E+03,  1.7267410E+04,3,
  3.9198303E+02,  0.0000000E+00,  2.5424182E+02,2918,  5.0771886E-01,  0.0000000E+00, -6.6147983E-02,  1.0006383E+03,  3.8025094E+04,3,
  3.9323264E+02,  0.0000000E+00,  2.5618979E+02,3032,  8.0297321E-01,  0.0000000E+00,  2.3486264E-01,  1.0003041E+03,  1.8099939E+04,3,
  3.9477139E+02,  0.0000000E+00,  2.5613422E+02,3189,  7.2511268E-01,  0.0000000E+00,  6.7384265E-02,  1.0002932E+03,  1.7449178E+04,3,
  3.9613745E+02,  0.0000000E+00,  2.5611624E+02,3169,  7.1746355E-01,  0.0000000E+00, -9.0848789E-02,  1.0002870E+03,  1.7078373E+04,3,
  3.9339209E+02,  0.0000000E+00,  2.5389743E+02,2924,  4.2370531E-01,  0.0000000E+00,  1.2011407E-01,  1.0006771E+03,  4.0338633E+04,3,
  3.9522168E+02,  0.0000000E+00,  2.5392365E+02,2840,  3.2169056E-01,  0.0000000E+00, -1.2046470E-01,  1.0006165E+03,  3.6724648E+04,3,
  3.9702454E+02,  0.0000000E+00,  2.5392664E+02,2846,  4.1020027E-01,  0.0000000E+00, -1.0477830E-01,  1.0005878E+03,  3.5009191E+04,3,
  3.9740482E+02,  0.0000000E+00,  2.5618423E+02,3039,  7.4786609E-01,  0.0000000E+00, -1.6472374E-01,  1.0002674E+03,  1.5911518E+04,3,
  3.9886368E+02,  0.0000000E+00,  2.5622321E+02,3160,  8.5225832E-01,  0.0000000E+00, -1.5143399E-01,  1.0002516E+03,  1.4973771E+04,3,
  3.9863184E+02,  0.0000000E+00,  2.5391832E+02,2872,  4.4632965E-01,  0.0000000E+00, -4.7124047E-02,  1.0006555E+03,  3.9052461E+04,3,
  4.0033765E+02,  0.0000000E+00,  2.5624326E+02,3151,  8.5446703E-01,  0.0000000E+00, -7.9228461E-02,  1.0002510E+03,  1.4933791E+04,3,
  4.0166095E+02,  0.0000000E+00,  2.5624905E+02,2767,  8.5427713E-01,  0.0000000E+00, -2.7788771E-02,  1.0002493E+03,  1.4835660E+04,3,
  4.0293668E+02,  0.0000000E+00,  2.5608023E+02,2959,  9.1633016E-01,  0.0000000E+00,  1.2785442E-02,  1.0002732E+03,  1.6256834E+04,3,
  4.0022250E+02,  0.0000000E+00,  2.5398140E+02,2877,  4.9827871E-01,  0.0000000E+00,  3.0849990E-02,  1.0006483E+03,  3.8618914E+04,3,
  4.0189932E+02,  0.0000000E+00,  2.5382550E+02,3024,  4.9431345E-01,  0.0000000E+00,  8.2012139E-02,  1.0005981E+03,  3.5628324E+04,3,
  4.0359219E+02,  0.0000000E+00,  2.5376567E+02,2895,  4.5710889E-01,  0.0000000E+00,  1.0755275E-01,  1.0006317E+03,  3.7628023E+04,3,
  4.0425409E+02,  0.0000000E+00,  2.5615829E+02,3003,  9.1433048E-01,  0.0000000E+00,  4.3745562E-02,  1.0002437E+03,  1.4501296E+04,3,
  4.0541757E+02,  0.0000000E+00,  2.5586629E+02,3015,  8.8876009E-01,  0.0000000E+00,  6.6676386E-02,  1.0002706E+03,  1.6100531E+04,3,
  4.0670099E+02,  0.0000000E+00,  2.5617215E+02,3133,  9.3058962E-01,  0.0000000E+00,  6.3093185E-02,  1.0002195E+03,  1.3058569E+04,3,
  4.0538071E+02,  0.0000000E+00,  2.5369746E+02,2944,  4.1867718E-01,  0.0000000E+00, -6.1360090E-03,  1.0006890E+03,  4.1049199E+04,3,
  4.0799615E+02,  0.0000000E+00,  2.5601260E+02,3014,  9.8258162E-01,  0.0000000E+00,  8.3120883E-02,  1.0002392E+03,  1.4232358E+04,3,
  4.0943030E+02,  0.0000000E+00,  2.5630634E+02,3162,  9.3455875E-01,  0.0000000E+00,  9.4165623E-02,  1.0002200E+03,  1.3087640E+04,3,
  4.0715948E+02,  0.0000000E+00,  2.5383316E+02,3078,  3.0586880E-01,  0.0000000E+00,  1.7197158E-02,  1.0006815E+03,  4.0600992E+04,3,
  4.0876248E+02,  0.0000000E+00,  2.5409991E+02,3050,  3.3833778E-01,  0.0000000E+00,  6.1542429E-02,  1.0006266E+03,  3.7325676E+04,3,
  4.1051157E+02,  0.0000000E+00,  2.5451605E+02,3005,  4.6467102E-01,  0.0000000E+00,  3.1767286E-02,  1.0005199E+03,  3.0960289E+04,3,
  4.1088242E+02,  0.0000000E+00,  2.5638980E+02,3153,  9.1515160E-01,  0.0000000E+00,  9.6865408E-02,  1.0002153E+03,  1.2807840E+04,3,
  4.1129681E+02,  0.0000000E+00,  2.5203835E+02,2762,  6.3675600E-01,  0.0000000E+00,  5.5169314E-01,  1.0008423E+03,  5.0210914E+04,3,
  4.1228491E+02,  0.0000000E+00,  2.5633365E+02,2968,  9.1217369E-01,  0.0000000E+00,  1.0914513E-01,  1.0001927E+03,  1.1463456E+04,3,
  4.1243344E+02,  0.0000000E+00,  2.5283414E+02,2816,  5.8776134E-01,  0.0000000E+00,  2.1478771E-01,  1.0006634E+03,  3.9522457E+04,3,
  4.1416379E+02,  0.0000000E+00,  2.5630951E+02,3095,  9.2491764E-01,  0.0000000E+00,  9.8539315E-02,  1.0002046E+03,  1.2171960E+04,3,
  4.1298169E+02,  0.0000000E+00,  2.5524352E+02,2632,  6.9711810E-01,  0.0000000E+00,  1.0191365E-01,  1.0003665E+03,  2.1812635E+04,3,
  4.1545358E+02,  0.0000000E+00,  2.5634912E+02,3142,  8.0345714E-01,  0.0000000E+00,  1.0209402E-01,  1.0002250E+03,  1.3385617E+04,3,
  4.1351572E+02,  0.0000000E+00,  2.5289317E+02,2696,  5.5004358E-01,  0.0000000E+00,  8.9708604E-02,  1.0008718E+03,  5.1972766E+04,3,
  4.1655148E+02,  0.0000000E+00,  2.5629364E+02,3152,  7.8253984E-01,  0.0000000E+00,  9.9062428E-02,  1.0002345E+03,  1.3952526E+04,3,
  4.1466586E+02,  0.0000000E+00,  2.5347133E+02,2862,  6.8819475E-01,  0.0000000E+00, -5.4270767E-02,  1.0001599E+03,  9.5126074E+03,3,
  4.1539679E+02,  0.0000000E+00,  2.5282452E+02,2898,  5.4446155E-01,  0.0000000E+00, -4.4991687E-02,  1.0010507E+03,  6.2667285E+04,3,
  4.1658206E+02,  0.0000000E+00,  2.5299205E+02,2897,  5.3748018E-01,  0.0000000E+00, -4.4038266E-02,  1.0006067E+03,  3.6138227E+04,3,
  4.1734589E+02,  0.0000000E+00,  2.5308235E+02,2725,  4.6950200E-01,  0.0000000E+00, -8.9804741E-04,  1.0003939E+03,  2.3449424E+04,3,
  4.1777063E+02,  0.0000000E+00,  2.5633167E+02,3143,  7.3993897E-01,  0.0000000E+00,  9.4902985E-02,  1.0002267E+03,  1.3487368E+04,3,
  4.1813031E+02,  0.0000000E+00,  2.5279684E+02,2515,  5.2325660E-01,  0.0000000E+00,  1.8020550E-02,  1.0007736E+03,  4.6104781E+04,3,
  4.1889249E+02,  0.0000000E+00,  2.5604019E+02,2970,  7.1936029E-01,  0.0000000E+00,  8.4117338E-02,  1.0002342E+03,  1.3934355E+04,3,
  4.1914331E+02,  0.0000000E+00,  2.5302544E+02,2878,  5.6497824E-01,  0.0000000E+00,  4.2144895E-02,  1.0005141E+03,  3.0614461E+04,3,
  4.2006763E+02,  0.0000000E+00,  2.5631784E+02,3122,  6.9722807E-01,  0.0000000E+00,  8.6915381E-02,  1.0002213E+03,  1.3167584E+04,3,
  4.2121942E+02,  0.0000000E+00,  2.5621115E+02,3134,  6.7896348E-01,  0.0000000E+00,  8.2308896E-02,  1.0002155E+03,  1.2822375E+04,3,
  4.2009714E+02,  0.0000000E+00,  2.5291647E+02,2988,  4.9988502E-01,  0.0000000E+00,  2.1251747E-02,  1.0006631E+03,  3.9507883E+04,3,
  4.2233768E+02,  0.0000000E+00,  2.5622668E+02,2749,  6.6155177E-01,  0.0000000E+00,  7.9375803E-02,  1.0001989E+03,  1.1830419E+04,3,
  4.2345294E+02,  0.0000000E+00,  2.5629453E+02,2758,  6.4775062E-01,  0.0000000E+00,  8.0896586E-02,  1.0001872E+03,  1.1136472E+04,3,
  4.2119098E+02,  0.0000000E+00,  2.5287746E+02,2852,  4.9654827E-01,  0.0000000E+00,  2.3761405E-02,  1.0007479E+03,  4.4566332E+04,3,
  4.2172845E+02,  0.0000000E+00,  2.5306076E+02,2765,  4.7851124E-01,  0.0000000E+00,  2.4537049E-02,  1.0005613E+03,  3.3428758E+04,3,
  4.2319089E+02,  0.0000000E+00,  2.5278661E+02,2775,  4.9319956E-01,  0.0000000E+00,  3.2546766E-02,  1.0011267E+03,  6.7218664E+04,3,
  4.2441083E+02,  0.0000000E+00,  2.5292081E+02,2730,  4.8392877E-01,  0.0000000E+00,  2.2390962E-02,  1.0011099E+03,  6.6210312E+04,3,
  4.2457065E+02,  0.0000000E+00,  2.5628690E+02,3113,  6.4378589E-01,  0.0000000E+00,  9.0049155E-02,  1.0001878E+03,  1.1172803E+04,3,
  4.2575806E+02,  0.0000000E+00,  2.5630936E+02,3124,  6.3262069E-01,  0.0000000E+00,  8.8409208E-02,  1.0002151E+03,  1.2800572E+04,3,
  4.2558707E+02,  0.0000000E+00,  2.5254868E+02,2712,  4.5715064E-01,  0.0000000E+00,  2.7865472E-03,  1.0016915E+03,  1.0108295E+05,3,
  4.2688177E+02,  0.0000000E+00,  2.5633063E+02,3114,  6.3588321E-01,  0.0000000E+00,  7.8162290E-02,  1.0002288E+03,  1.3614558E+04,3,
  4.2809637E+02,  0.0000000E+00,  2.5615988E+02,2750,  6.2568557E-01,  0.0000000E+00,  7.0367776E-02,  1.0002242E+03,  1.3338376E+04,3,
  4.2934720E+02,  0.0000000E+00,  2.5627225E+02,3106,  6.1161780E-01,  0.0000000E+00,  5.7879847E-02,  1.0002159E+03,  1.2847811E+04,3,
  4.2743719E+02,  0.0000000E+00,  2.5315657E+02,2891,  4.4121394E-01,  0.0000000E+00,  2.1351306E-02,  1.0004499E+03,  2.6785672E+04,3,
  4.3054190E+02,  0.0000000E+00,  2.5606693E+02,2923,  5.9975576E-01,  0.0000000E+00,  5.8845893E-02,  1.0002042E+03,  1.2150159E+04,3,
  4.2766098E+02,  0.0000000E+00,  2.5304128E+02,2561,  4.2399988E-01,  0.0000000E+00,  2.7811024E-02,  1.0005397E+03,  3.2143477E+04,3,
  4.2870187E+02,  0.0000000E+00,  2.5292671E+02,2943,  4.2965686E-01,  0.0000000E+00,  2.2688625E-02,  1.0006599E+03,  3.9311137E+04,3,
  4.2966614E+02,  0.0000000E+00,  2.5288606E+02,2844,  4.0926772E-01,  0.0000000E+00,  2.5590144E-02,  1.0007247E+03,  4.3184844E+04,3,
  4.3067371E+02,  0.0000000E+00,  2.5291408E+02,2859,  4.1776201E-01,  0.0000000E+00,  2.6029237E-02,  1.0007052E+03,  4.2018566E+04,3,
  4.3173758E+02,  0.0000000E+00,  2.5623166E+02,3125,  5.8764338E-01,  0.0000000E+00,  5.2539837E-02,  1.0002015E+03,  1.1990288E+04,3,
  4.3171127E+02,  0.0000000E+00,  2.5313116E+02,2889,  4.0157109E-01,  0.0000000E+00,  2.8563822E-02,  1.0004396E+03,  2.6170729E+04,3,
  4.3284012E+02,  0.0000000E+00,  2.5609909E+02,3033,  5.7274604E-01,  0.0000000E+00,  5.1210918E-02,  1.0001985E+03,  1.1808619E+04,3,
  4.3252246E+02,  0.0000000E+00,  2.5264285E+02,2825,  4.0596604E-01,  0.0000000E+00,  1.4993761E-02,  1.0010762E+03,  6.4197574E+04,3,
  4.3393341E+02,  0.0000000E+00,  2.5587785E+02,2906,  5.7096040E-01,  0.0000000E+00,  5.4320950E-02,  1.0001951E+03,  1.1605153E+04,3,
  4.3515930E+02,  0.0000000E+00,  2.5625421E+02,3115,  5.9283119E-01,  0.0000000E+00,  6.6953234E-02,  1.0001906E+03,  1.1336295E+04,3,
  4.3616040E+02,  0.0000000E+00,  2.5567783E+02,2997,  5.5085105E-01,  0.0000000E+00,  1.0117925E-01,  1.0001816E+03,  1.0805865E+04,3,
  4.3377148E+02,  0.0000000E+00,  2.5307338E+02,2914,  3.9689323E-01,  0.0000000E+00,  1.5168156E-02,  1.0004141E+03,  2.4649908E+04,3,
  4.3724811E+02,  0.0000000E+00,  2.5620181E+02,3116,  5.0115114E-01,  0.0000000E+00,  9.7204372E-02,  1.0001652E+03,  9.8250088E+03,3,
  4.3442395E+02,  0.0000000E+00,  2.5307295E+02,2907,  4.0903801E-01,  0.0000000E+00,  1.1176575E-02,  1.0003972E+03,  2.3642219E+04,3,
  4.3528732E+02,  0.0000000E+00,  2.5296753E+02,2916,  3.4975147E-01,  0.0000000E+00, -5.0863414E-03,  1.0005652E+03,  3.3661805E+04,3,
  4.3630511E+02,  0.0000000E+00,  2.5284399E+02,2761,  3.3102530E-01,  0.0000000E+00, -1.0555402E-03,  1.0008046E+03,  4.7957074E+04,3,
  4.3739417E+02,  0.0000000E+00,  2.5276208E+02,2746,  3.5142696E-01,  0.0000000E+00,  2.5817281E-02,  1.0009726E+03,  5.7997516E+04,3,
  4.3825381E+02,  0.0000000E+00,  2.5617801E+02,2977,  4.5492613E-01,  0.0000000E+00,  8.4626384E-02,  1.0001415E+03,  8.4192832E+03,3,
  4.3890796E+02,  0.0000000E+00,  2.5271321E+02,2434,  4.8369020E-01,  0.0000000E+00,  8.7931700E-02,  1.0008339E+03,  4.9703938E+04,3,
  4.3917261E+02,  0.0000000E+00,  2.5605588E+02,2969,  4.5711088E-01,  0.0000000E+00,  7.4546985E-02,  1.0001207E+03,  7.1808115E+03,3,
  4.4057440E+02,  0.0000000E+00,  2.5589615E+02,2904,  8.4544003E-01,  0.0000000E+00,  1.0147849E-01,  1.0001941E+03,  1.1547021E+04,3,
  4.3985483E+02,  0.0000000E+00,  2.5273366E+02,2543, -7.8376420E-03,  0.0000000E+00,  1.3102905E-01,  1.0008149E+03,  4.8569719E+04,3,
  4.4240927E+02,  0.0000000E+00,  2.5622595E+02,3108,  7.3497897E-01,  0.0000000E+00,  1.5133952E-01,  1.0003161E+03,  1.8812553E+04,3,
  4.4057193E+02,  0.0000000E+00,  2.5350197E+02,2777,  3.8011691E-01,  0.0000000E+00,  2.8574201E-01,  1.0004870E+03,  2.8998328E+04,3,
  4.4059167E+02,  0.0000000E+00,  2.5344293E+02,2933,  3.2886171E-01,  0.0000000E+00,  2.5961795E-01,  1.0005350E+03,  3.1863139E+04,3,
  4.4234952E+02,  0.0000000E+00,  2.5491916E+02,3006,  4.9643207E-01,  0.0000000E+00,  3.0027744E-01,  1.0000471E+03,  2.7983733E+03,3,
  4.4351050E+02,  0.0000000E+00,  2.5510345E+02,2987,  4.2623612E-01,  0.0000000E+00,  4.5704260E-02,  1.0002367E+03,  1.4083355E+04,3,
  4.4359106E+02,  0.0000000E+00,  2.5516666E+02,2917,  4.4437820E-01,  0.0000000E+00,  1.6100934E-01,  1.0001884E+03,  1.1209134E+04,3,
  4.4527686E+02,  0.0000000E+00,  2.5571568E+02,3117,  9.5227128E-01,  0.0000000E+00, -1.4714570E-01,  1.0005724E+03,  3.4091492E+04,3,
  4.4555511E+02,  0.0000000E+00,  2.5511584E+02,2605,  3.1802136E-01,  0.0000000E+00, -1.3580567E-01,  9.9999786E+02, -1.2701506E+02,3,
  4.4679071E+02,  0.0000000E+00,  2.5496602E+02,3059,  6.0399771E-01,  0.0000000E+00, -3.6204547E-02,  1.0005745E+03,  3.4218945E+04,3,
  4.4774008E+02,  0.0000000E+00,  2.5509149E+02,3097,  5.5775571E-01,  0.0000000E+00,  9.9371225E-02,  1.0004993E+03,  2.9733564E+04,3,
  4.4863498E+02,  0.0000000E+00,  2.5516937E+02,2643,  5.7618499E-01,  0.0000000E+00, -3.5008788E-02,  9.9989185E+02, -6.4285459E+03,3,
  4.4969162E+02,  0.0000000E+00,  2.5508308E+02,3088,  5.1123458E-01,  0.0000000E+00, -1.4695188E-01,  1.0003394E+03,  2.0197932E+04,3,
  4.4992047E+02,  0.0000000E+00,  2.5506940E+02,3099,  6.4055383E-01,  0.0000000E+00, -1.5297602E-01,  1.0005756E+03,  3.4280852E+04,3,
  4.5117648E+02,  0.0000000E+00,  2.5504517E+02,3098,  6.1819661E-01,  0.0000000E+00, -1.2264355E-01,  1.0002983E+03,  1.7750922E+04,3,
  4.5232083E+02,  0.0000000E+00,  2.5504926E+02,2425,  5.5137813E-01,  0.0000000E+00,  7.3457621E-02,  1.0002991E+03,  1.7801820E+04,3,
  4.5319159E+02,  0.0000000E+00,  2.5503159E+02,2888,  5.0772089E-01,  0.0000000E+00,  1.8424250E-01,  1.0003192E+03,  1.8997986E+04,3,
  4.5379959E+02,  0.0000000E+00,  2.5552861E+02,2860,  6.5670007E-01,  0.0000000E+00,  8.8206179E-02,  1.0005657E+03,  3.3690934E+04,3,
  4.5501770E+02,  0.0000000E+00,  2.5481805E+02,2861,  5.8027488E-01,  0.0000000E+00,  2.7378846E-02,  1.0009629E+03,  5.7417145E+04,3,
  4.5581763E+02,  0.0000000E+00,  2.5523489E+02,2768,  5.6936836E-01,  0.0000000E+00, -3.6631800E-02,  9.9807318E+02, -1.1390457E+05,3,
  4.5638239E+02,  0.0000000E+00,  2.5490689E+02,2651,  5.9683931E-01,  0.0000000E+00,  1.1960672E-02,  1.0009263E+03,  5.5227359E+04,3,
  4.5589413E+02,  0.0000000E+00,  2.5630997E+02,2940,  5.3141052E-01,  0.0000000E+00,  2.1401936E-02,  1.0003749E+03,  2.2314555E+04,3,
  4.5750369E+02,  0.0000000E+00,  2.5516946E+02,2818,  5.8899307E-01,  0.0000000E+00, -6.0322538E-02,  1.0007327E+03,  4.3658684E+04,3,
  4.5887708E+02,  0.0000000E+00,  2.5488919E+02,2971,  5.5703115E-01,  0.0000000E+00,  3.4184970E-03,  1.0008318E+03,  4.9583582E+04,3,
  4.5988803E+02,  0.0000000E+00,  2.5616809E+02,3070,  5.7669580E-01,  0.0000000E+00,  1.9858548E-02,  1.0004030E+03,  2.3987805E+04,3,
  4.6002618E+02,  0.0000000E+00,  2.5518797E+02,2864,  5.6183714E-01,  0.0000000E+00,  5.1117383E-02,  9.9865057E+02, -7.9910031E+04,3,
  4.6013235E+02,  0.0000000E+00,  2.5501416E+02,2773,  5.7188410E-01,  0.0000000E+00,  3.1662013E-02,  1.0005606E+03,  3.3388707E+04,3,
  4.6151590E+02,  0.0000000E+00,  2.5480974E+02,2778,  5.8490568E-01,  0.0000000E+00,  2.7266804E-02,  1.0008223E+03,  4.9010992E+04,3,
  4.6254419E+02,  0.0000000E+00,  2.5575117E+02,3089,  5.6358874E-01,  0.0000000E+00,  2.1917416E-02,  1.0005237E+03,  3.1189635E+04,3,
  4.6355804E+02,  0.0000000E+00,  2.5504379E+02,2708,  5.5597138E-01,  0.0000000E+00,  7.7939918E-03,  1.0001627E+03,  9.6760723E+03,3,
  4.6382480E+02,  0.0000000E+00,  2.5505049E+02,2728,  5.8487970E-01,  0.0000000E+00,  4.4464454E-02,  1.0001226E+03,  7.2933936E+03,3,
  4.6480087E+02,  0.0000000E+00,  2.5509062E+02,3079,  5.7317710E-01,  0.0000000E+00, -1.4500504E-02,  1.0002521E+03,  1.4999212E+04,3,
  4.6583221E+02,  0.0000000E+00,  2.5509479E+02,3081,  5.5772376E-01,  0.0000000E+00, -7.7140093E-02,  1.0005510E+03,  3.2817047E+04,3,
  4.6707111E+02,  0.0000000E+00,  2.5505272E+02,3071,  5.7519031E-01,  0.0000000E+00,  5.2275371E-02,  1.0003041E+03,  1.8099939E+04,3,
  4.6741290E+02,  0.0000000E+00,  2.5502380E+02,3023,  5.7604307E-01,  0.0000000E+00,  3.4224899E-03,  1.0004769E+03,  2.8397807E+04,3,
  4.6919836E+02,  0.0000000E+00,  2.5504581E+02,2800,  5.4369551E-01,  0.0000000E+00,  2.5035456E-02,  1.0002400E+03,  1.4279604E+04,3,
  4.6938705E+02,  0.0000000E+00,  2.5612192E+02,3080,  6.1720675E-01,  0.0000000E+00,  1.9346746E-02,  1.0003635E+03,  2.1638059E+04,3,
  4.6999445E+02,  0.0000000E+00,  2.5498512E+02,2880,  5.5847222E-01,  0.0000000E+00, -7.8074345E-03,  1.0004870E+03,  2.8998328E+04,3,
  4.7054297E+02,  0.0000000E+00,  2.5514825E+02,2587,  5.6753063E-01,  0.0000000E+00, -1.2781314E-02,  9.9938086E+02, -3.6744523E+04,3,
  4.7150446E+02,  0.0000000E+00,  2.5498552E+02,2779,  5.3772783E-01,  0.0000000E+00, -1.2571458E-02,  1.0007225E+03,  4.3049984E+04,3,
  4.7254028E+02,  0.0000000E+00,  2.5507828E+02,2853,  5.7751298E-01,  0.0000000E+00,  1.5353620E-02,  1.0002775E+03,  1.6511285E+04,3,
  4.7277231E+02,  0.0000000E+00,  2.5507584E+02,2833,  5.9139377E-01,  0.0000000E+00,  2.1800030E-02,  1.0001867E+03,  1.1107407E+04,3,
  4.7420801E+02,  0.0000000E+00,  2.5598633E+02,3063,  5.4784501E-01,  0.0000000E+00,  5.5962349E-03,  1.0004164E+03,  2.4791793E+04,3,
  4.7491403E+02,  0.0000000E+00,  2.5498994E+02,2551,  5.5310702E-01,  0.0000000E+00,  2.4856676E-03,  1.0003180E+03,  1.8925266E+04,3,
  4.7508066E+02,  0.0000000E+00,  2.5503568E+02,2797,  5.6133956E-01,  0.0000000E+00,  1.1577339E-02,  1.0001350E+03,  8.0306553E+03,3,
  4.7655161E+02,  0.0000000E+00,  2.5501024E+02,2662,  5.6888241E-01,  0.0000000E+00, -1.8971175E-02,  1.0003408E+03,  2.0285207E+04,3,
  4.7695227E+02,  0.0000000E+00,  2.5502280E+02,2822,  5.8873087E-01,  0.0000000E+00, -5.4449517E-02,  1.0002490E+03,  1.4813854E+04,3,
  4.7826382E+02,  0.0000000E+00,  2.5544362E+02,3052,  5.5119938E-01,  0.0000000E+00, -8.6181760E-03,  1.0006536E+03,  3.8935875E+04,3,
  4.7918008E+02,  0.0000000E+00,  2.5502283E+02,2677,  5.4149836E-01,  0.0000000E+00, -3.9119873E-02,  1.0000706E+03,  4.1996714E+03,3,
  4.7950784E+02,  0.0000000E+00,  2.5500958E+02,2686,  5.5935687E-01,  0.0000000E+00, -4.4516645E-02,  1.0001849E+03,  1.1002048E+04,3,
  4.8080286E+02,  0.0000000E+00,  2.5519722E+02,3053,  5.7572830E-01,  0.0000000E+00, -2.6501473E-02,  1.0007185E+03,  4.2813078E+04,3,
  4.8175293E+02,  0.0000000E+00,  2.5505681E+02,2795,  5.5623138E-01,  0.0000000E+00,  1.5999552E-02,  1.0000632E+03,  3.7603831E+03,3,
  4.8243689E+02,  0.0000000E+00,  2.5507271E+02,2552,  5.6579149E-01,  0.0000000E+00, -8.4818341E-03,  1.0004064E+03,  2.4195162E+04,3,
  4.8351764E+02,  0.0000000E+00,  2.5500566E+02,3034,  5.4503024E-01,  0.0000000E+00,  1.7384546E-04,  1.0003775E+03,  2.2470955E+04,3,
  4.8423422E+02,  0.0000000E+00,  2.5499255E+02,2659,  5.7140744E-01,  0.0000000E+00,  6.9854625E-02,  1.0002375E+03,  1.4130601E+04,3,
  4.8527194E+02,  0.0000000E+00,  2.5555826E+02,2748,  5.6168425E-01,  0.0000000E+00,  3.6799911E-02,  1.0006160E+03,  3.6691867E+04,3,
  4.8615625E+02,  0.0000000E+00,  2.5496541E+02,3054,  5.6003290E-01,  0.0000000E+00,  3.1644747E-02,  1.0001996E+03,  1.1874020E+04,3,
  4.8738232E+02,  0.0000000E+00,  2.5504317E+02,2668,  5.5506992E-01,  0.0000000E+00,  1.0222130E-01,  1.0002851E+03,  1.6965680E+04,3,
  4.8764545E+02,  0.0000000E+00,  2.5509715E+02,2756,  5.5486500E-01,  0.0000000E+00, -2.9705836E-02,  1.0005535E+03,  3.2962688E+04,3,
  4.8921875E+02,  0.0000000E+00,  2.5511935E+02,2724,  5.6964171E-01,  0.0000000E+00,  3.0218381E-02,  1.0002866E+03,  1.7052926E+04,3,
  4.8969608E+02,  0.0000000E+00,  2.5513841E+02,2742,  5.5956250E-01,  0.0000000E+00,  5.7111611E-03,  1.0003131E+03,  1.8634395E+04,3,
  4.9062579E+02,  0.0000000E+00,  2.5513339E+02,2488,  5.5975342E-01,  0.0000000E+00, -5.8302514E-02,  9.9961591E+02, -2.2811156E+04,3,
  4.9078598E+02,  0.0000000E+00,  2.5504640E+02,2743,  5.5813313E-01,  0.0000000E+00,  1.4526417E-02,  1.0005306E+03,  3.1601014E+04,3,
  4.9222729E+02,  0.0000000E+00,  2.5494966E+02,2642,  5.7556450E-01,  0.0000000E+00,  1.8965345E-02,  1.0004088E+03,  2.4333402E+04,3,
  4.9238617E+02,  0.0000000E+00,  2.5611172E+02,3025,  5.4235417E-01,  0.0000000E+00,  9.4192894E-03,  1.0003636E+03,  2.1641695E+04,3,
  4.9363779E+02,  0.0000000E+00,  2.5501740E+02,3043,  5.6392616E-01,  0.0000000E+00,  4.3334733E-03,  1.0002699E+03,  1.6060548E+04,3,
  4.9404657E+02,  0.0000000E+00,  2.5503784E+02,2813,  5.6874061E-01,  0.0000000E+00,  1.5387959E-02,  1.0002052E+03,  1.2208295E+04,3,
  4.9538959E+02,  0.0000000E+00,  2.5510364E+02,3035,  5.4855239E-01,  0.0000000E+00,  2.2280412E-02,  1.0006955E+03,  4.1439121E+04,3,
  4.9642459E+02,  0.0000000E+00,  2.5504056E+02,3044,  5.6523949E-01,  0.0000000E+00,  9.1361646E-03,  1.0003288E+03,  1.9568852E+04,3,
  4.9740823E+02,  0.0000000E+00,  2.5505095E+02,2718,  5.5706477E-01,  0.0000000E+00,  2.2473264E-02,  1.0002605E+03,  1.5500788E+04,3,
  4.9818488E+02,  0.0000000E+00,  2.5498688E+02,2932,  5.6828433E-01,  0.0000000E+00, -6.8908865E-03,  1.0003787E+03,  2.2540062E+04,3,
  4.9888623E+02,  0.0000000E+00,  2.5620462E+02,3036,  5.6287766E-01,  0.0000000E+00, -7.7221245E-03,  1.0003595E+03,  2.1398023E+04,3,
  4.9922699E+02,  0.0000000E+00,  2.5511099E+02,2714,  5.6006563E-01,  0.0000000E+00, -1.5717579E-02,  9.9975488E+02, -1.4563451E+04,3,
  5.0035049E+02,  0.0000000E+00,  2.5497400E+02,2782,  5.6249124E-01,  0.0000000E+00, -8.6972862E-03,  1.0005583E+03,  3.3250340E+04,3,
  5.0092447E+02,  0.0000000E+00,  2.5507660E+02,2716,  5.5395365E-01,  0.0000000E+00, -4.2802010E-02,  1.0002479E+03,  1.4752067E+04,3,
  5.0185458E+02,  0.0000000E+00,  2.5509169E+02,2905,  5.7246190E-01,  0.0000000E+00, -4.7229458E-02,  1.0002528E+03,  1.5042826E+04,3,
  5.0287521E+02,  0.0000000E+00,  2.5510471E+02,2978,  5.6272024E-01,  0.0000000E+00,  2.9365862E-02,  1.0004149E+03,  2.4697203E+04,3,
  5.0378745E+02,  0.0000000E+00,  2.5510159E+02,3026,  5.4979396E-01,  0.0000000E+00,  5.6625367E-03,  1.0004712E+03,  2.8055707E+04,3,
  5.0478348E+02,  0.0000000E+00,  2.5505226E+02,3027,  5.7422382E-01,  0.0000000E+00,  3.7738074E-02,  1.0003420E+03,  2.0357936E+04,3,
  5.0572662E+02,  0.0000000E+00,  2.5505043E+02,2737,  5.5521703E-01,  0.0000000E+00,  5.3465746E-02,  1.0000383E+03,  2.2756599E+03,3,
  5.0625824E+02,  0.0000000E+00,  2.5497504E+02,3017,  5.6448567E-01,  0.0000000E+00,  4.1017301E-02,  1.0004130E+03,  2.4584424E+04,3,
  5.0726126E+02,  0.0000000E+00,  2.5555902E+02,2786,  5.5528557E-01,  0.0000000E+00,  3.5038482E-02,  1.0006044E+03,  3.6003465E+04,3,
  5.0830960E+02,  0.0000000E+00,  2.5502345E+02,2634,  5.6193161E-01,  0.0000000E+00,  4.2486008E-02,  1.0002181E+03,  1.2978626E+04,3,
  5.0917725E+02,  0.0000000E+00,  2.5508064E+02,2791,  5.6512123E-01,  0.0000000E+00,  8.1942575E-03,  1.0000297E+03,  1.7674927E+03,3,
  5.0995337E+02,  0.0000000E+00,  2.5510696E+02,2479,  5.5697840E-01,  0.0000000E+00,  4.1757029E-02,  1.0002341E+03,  1.3927087E+04,3,
  5.1023660E+02,  0.0000000E+00,  2.5496008E+02,2823,  5.6417280E-01,  0.0000000E+00,  1.5293439E-02,  1.0006969E+03,  4.1522938E+04,3,
  5.1204181E+02,  0.0000000E+00,  2.5511115E+02,2835,  5.5616361E-01,  0.0000000E+00,  1.3281438E-02,  9.9976233E+02, -1.4121352E+04,3,
  5.1211377E+02,  0.0000000E+00,  2.5622403E+02,3007,  5.5070442E-01,  0.0000000E+00,  1.2544985E-02,  1.0003527E+03,  2.0994340E+04,3,
  5.1260272E+02,  0.0000000E+00,  2.5500552E+02,2669,  5.6644881E-01,  0.0000000E+00,  1.5455744E-02,  1.0003639E+03,  2.1659881E+04,3,
  5.1338647E+02,  0.0000000E+00,  2.5505844E+02,2788,  5.6107450E-01,  0.0000000E+00,  8.7226592E-03,  1.0002106E+03,  1.2531682E+04,3,
  5.1400275E+02,  0.0000000E+00,  2.5507579E+02,2935,  5.6273413E-01,  0.0000000E+00,  2.5173687E-04,  1.0001844E+03,  1.0972983E+04,3,
  5.1534137E+02,  0.0000000E+00,  2.5505522E+02,3018,  5.5324876E-01,  0.0000000E+00, -6.6613212E-02,  1.0008079E+03,  4.8150344E+04,3,
  5.1676440E+02,  0.0000000E+00,  2.5507242E+02,2734,  5.5453658E-01,  0.0000000E+00,  7.1124895E-03,  1.0002695E+03,  1.6035104E+04,3,
  5.1714825E+02,  0.0000000E+00,  2.5503896E+02,2687,  5.5792260E-01,  0.0000000E+00, -6.9340183E-03,  1.0003501E+03,  2.0837963E+04,3,
  5.1802936E+02,  0.0000000E+00,  2.5510185E+02,2824,  5.5900604E-01,  0.0000000E+00, -5.7375906E-03,  9.9960400E+02, -2.3517160E+04,3,
  5.1853857E+02,  0.0000000E+00,  2.5605746E+02,2759,  5.5633968E-01,  0.0000000E+00, -8.6125163E-03,  1.0003991E+03,  2.3758625E+04,3,
  5.1886566E+02,  0.0000000E+00,  2.5498138E+02,2817,  5.5986112E-01,  0.0000000E+00, -4.2332918E-03,  1.0003627E+03,  2.1587143E+04,3,
  5.2007928E+02,  0.0000000E+00,  2.5500691E+02,2717,  5.6230164E-01,  0.0000000E+00, -6.3966112E-03,  1.0003718E+03,  2.2132695E+04,3,
  5.2123236E+02,  0.0000000E+00,  2.5504620E+02,2998,  5.4563063E-01,  0.0000000E+00, -3.0552680E-02,  1.0007203E+03,  4.2918773E+04,3,
  5.2234717E+02,  0.0000000E+00,  2.5506511E+02,2989,  5.6982195E-01,  0.0000000E+00, -8.3579617E-03,  1.0001956E+03,  1.1637853E+04,3,
  5.2279858E+02,  0.0000000E+00,  2.5506737E+02,2623,  5.5084443E-01,  0.0000000E+00, -7.0367944E-03,  1.0000566E+03,  3.3646772E+03,3,
  5.2393829E+02,  0.0000000E+00,  2.5530533E+02,2980,  5.6456232E-01,  0.0000000E+00, -5.9762242E-04,  1.0005917E+03,  3.5242273E+04,3,
  5.2449683E+02,  0.0000000E+00,  2.5505171E+02,2614,  5.5917120E-01,  0.0000000E+00, -1.9008843E-02,  1.0001680E+03,  9.9957432E+03,3,
  5.2536279E+02,  0.0000000E+00,  2.5507100E+02,2991,  5.4374367E-01,  0.0000000E+00,  1.1770817E-02,  1.0001876E+03,  1.1161903E+04,3,
  5.2653790E+02,  0.0000000E+00,  2.5492168E+02,3000,  5.6456888E-01,  0.0000000E+00,  4.8241902E-02,  1.0008574E+03,  5.1111863E+04,3,
  5.2796210E+02,  0.0000000E+00,  2.5497345E+02,2961,  5.5838078E-01,  0.0000000E+00,  4.2230289E-02,  1.0004534E+03,  2.6993088E+04,3,
  5.2856567E+02,  0.0000000E+00,  2.5638574E+02,2685,  5.6319785E-01,  0.0000000E+00,  2.7860606E-02,  1.0003317E+03,  1.9743391E+04,3,
  5.2884106E+02,  0.0000000E+00,  2.5511296E+02,2615,  5.6471342E-01,  0.0000000E+00,  5.3001270E-02,  9.9948981E+02, -3.0288629E+04,3,
  5.2961786E+02,  0.0000000E+00,  2.5492844E+02,2598,  5.5345809E-01,  0.0000000E+00,  7.2120652E-03,  1.0006071E+03,  3.6163723E+04,3,
  5.3063763E+02,  0.0000000E+00,  2.5505479E+02,2925,  5.6339669E-01,  0.0000000E+00, -6.2638350E-02,  1.0004031E+03,  2.3995080E+04,3,
  5.3182928E+02,  0.0000000E+00,  2.5508133E+02,2703,  5.4511815E-01,  0.0000000E+00,  1.2071750E-01,  1.0006949E+03,  4.1402680E+04,3,
  5.3298175E+02,  0.0000000E+00,  2.5503189E+02,2990,  5.5191231E-01,  0.0000000E+00, -2.8560916E-02,  1.0002214E+03,  1.3171218E+04,3,
  5.3382758E+02,  0.0000000E+00,  2.5500766E+02,2741,  5.5453563E-01,  0.0000000E+00, -1.2089334E-02,  1.0003017E+03,  1.7954514E+04,3,
  5.3447430E+02,  0.0000000E+00,  2.5539017E+02,2973,  5.6240165E-01,  0.0000000E+00,  9.9097136E-03,  1.0005978E+03,  3.5606473E+04,3,
  5.3576453E+02,  0.0000000E+00,  2.5502002E+02,2710,  5.3012365E-01,  0.0000000E+00, -1.1489626E-02,  1.0005176E+03,  3.0821957E+04,3,
  5.3644519E+02,  0.0000000E+00,  2.5508441E+02,2626,  5.6104636E-01,  0.0000000E+00, -5.5281627E-03,  9.9933136E+02, -3.9676309E+04,3,
  5.3693750E+02,  0.0000000E+00,  2.5492574E+02,2815,  5.5738324E-01,  0.0000000E+00, -1.6448544E-02,  1.0006437E+03,  3.8349324E+04,3,
  5.3785541E+02,  0.0000000E+00,  2.5562581E+02,2972,  5.4689670E-01,  0.0000000E+00,  2.3835634E-03,  1.0006533E+03,  3.8917656E+04,3,
  5.3924969E+02,  0.0000000E+00,  2.5476657E+02,2507,  5.2840304E-01,  0.0000000E+00,  1.4675197E-03,  1.0008258E+03,  4.9222516E+04,3,
  5.4020026E+02,  0.0000000E+00,  2.5618292E+02,2841,  5.4553378E-01,  0.0000000E+00, -1.4512041E-03,  1.0004958E+03,  2.9522451E+04,3,
  5.4056732E+02,  0.0000000E+00,  2.5519125E+02,2806,  5.7589191E-01,  0.0000000E+00,  4.1485992E-03,  9.9879016E+02, -7.1673969E+04,3,
  5.4062897E+02,  0.0000000E+00,  2.5501405E+02,2720,  5.4466259E-01,  0.0000000E+00, -1.4160614E-02,  1.0003517E+03,  2.0936152E+04,3,
  5.4218427E+02,  0.0000000E+00,  2.5474870E+02,2617,  5.3635573E-01,  0.0000000E+00, -1.6771995E-02,  1.0008455E+03,  5.0396934E+04,3,
  5.4242615E+02,  0.0000000E+00,  2.5611462E+02,2982,  5.3797030E-01,  0.0000000E+00,  7.4943518E-03,  1.0004928E+03,  2.9344102E+04,3,
  5.4404419E+02,  0.0000000E+00,  2.5486040E+02,2580,  5.2850097E-01,  0.0000000E+00,  9.8032004E-04,  1.0007445E+03,  4.4365840E+04,3,
  5.4504059E+02,  0.0000000E+00,  2.5601877E+02,2869,  5.3931367E-01,  0.0000000E+00,  3.9802333E-03,  1.0005377E+03,  3.2023332E+04,3,
  5.4512305E+02,  0.0000000E+00,  2.5518762E+02,2470,  5.4140735E-01,  0.0000000E+00,  1.8165819E-02,  9.9874622E+02, -7.4267617E+04,3,
  5.4554974E+02,  0.0000000E+00,  2.5484914E+02,2480,  5.5420375E-01,  0.0000000E+00, -3.2031375E-03,  1.0007148E+03,  4.2594398E+04,3,
  5.4721484E+02,  0.0000000E+00,  2.5587823E+02,2962,  5.3036660E-01,  0.0000000E+00, -1.7123417E-03,  1.0005267E+03,  3.1364377E+04,3,
  5.4738684E+02,  0.0000000E+00,  2.5481071E+02,2389,  5.3086019E-01,  0.0000000E+00, -2.1257393E-02,  1.0006923E+03,  4.1249625E+04,3,
  5.4890796E+02,  0.0000000E+00,  2.5501132E+02,2887,  5.1911962E-01,  0.0000000E+00,  3.5328115E-03,  1.0002756E+03,  1.6402234E+04,3,
  5.5000299E+02,  0.0000000E+00,  2.5508757E+02,2658,  5.3958642E-01,  0.0000000E+00, -3.8802665E-02,  1.0001545E+03,  9.1893203E+03,3,
  5.5007745E+02,  0.0000000E+00,  2.5508759E+02,2534,  5.4362059E-01,  0.0000000E+00, -4.5245748E-02,  1.0001686E+03,  1.0028438E+04,3,
  5.5099048E+02,  0.0000000E+00,  2.5621848E+02,2954,  5.5389267E-01,  0.0000000E+00, -7.5579863E-03,  1.0003583E+03,  2.1328924E+04,3,
  5.5197095E+02,  0.0000000E+00,  2.5467935E+02,2745,  5.0783861E-01,  0.0000000E+00, -1.3715237E-02,  1.0010223E+03,  6.0969266E+04,3,
  5.5288373E+02,  0.0000000E+00,  2.5527298E+02,2781,  5.1940590E-01,  0.0000000E+00, -2.3546541E-02,  9.9920209E+02, -4.7328828E+04,3,
  5.5333600E+02,  0.0000000E+00,  2.5637256E+02,2842,  5.3713828E-01,  0.0000000E+00,  1.1538232E-02,  1.0003295E+03,  1.9608850E+04,3,
  5.5354346E+02,  0.0000000E+00,  2.5503677E+02,2733,  5.1336831E-01,  0.0000000E+00,  2.1524167E-02,  1.0004457E+03,  2.6538234E+04,3,
  5.5481421E+02,  0.0000000E+00,  2.5491530E+02,2699,  5.5565411E-01,  0.0000000E+00,  7.0552185E-02,  1.0006462E+03,  3.8498691E+04,3,
  5.5586334E+02,  0.0000000E+00,  2.5501585E+02,2660,  5.1629514E-01,  0.0000000E+00,  7.7496171E-02,  1.0002921E+03,  1.7380105E+04,3,
  5.5665424E+02,  0.0000000E+00,  2.5624973E+02,2955,  5.5843848E-01,  0.0000000E+00,  5.3373117E-02,  1.0003264E+03,  1.9427041E+04,3,
  5.5714294E+02,  0.0000000E+00,  2.5504074E+02,2736,  5.1722270E-01,  0.0000000E+00,  6.1130352E-02,  1.0001583E+03,  9.4181631E+03,3,
  5.5808215E+02,  0.0000000E+00,  2.5502242E+02,2706,  5.4134268E-01,  0.0000000E+00,  4.0716019E-02,  1.0002769E+03,  1.6478570E+04,3,
  5.5836377E+02,  0.0000000E+00,  2.5504713E+02,2689,  5.7189018E-01,  0.0000000E+00,  4.2835310E-02,  1.0002323E+03,  1.3821698E+04,3,
  5.5979767E+02,  0.0000000E+00,  2.5493158E+02,2571,  4.8804119E-01,  0.0000000E+00,  3.6494520E-02,  1.0004538E+03,  2.7018561E+04,3,
  5.6043671E+02,  0.0000000E+00,  2.5581184E+02,2964,  5.1374769E-01,  0.0000000E+00,  7.9719707E-02,  1.0004792E+03,  2.8536105E+04,3,
  5.6149207E+02,  0.0000000E+00,  2.5503162E+02,2646,  5.4015183E-01,  0.0000000E+00,  1.6189478E-01,  1.0001457E+03,  8.6662695E+03,3,
  5.6244104E+02,  0.0000000E+00,  2.5502202E+02,2711,  5.4497296E-01,  0.0000000E+00,  1.2676623E-01,  1.0004974E+03,  2.9617088E+04,3,
  5.6304340E+02,  0.0000000E+00,  2.5492471E+02,2680,  5.3887355E-01,  0.0000000E+00,  6.8595909E-02,  1.0008424E+03,  5.0214562E+04,3,
  5.6460925E+02,  0.0000000E+00,  2.5647455E+02,2934,  6.7182899E-01,  0.0000000E+00, -7.6488927E-03,  1.0003828E+03,  2.2783764E+04,3,
  5.6457996E+02,  0.0000000E+00,  2.5502562E+02,2688,  4.1032493E-01,  0.0000000E+00,  1.9989530E-02,  1.0009401E+03,  5.6055770E+04,3,
  5.6455872E+02,  0.0000000E+00,  2.5524129E+02,2799,  5.2834690E-01,  0.0000000E+00, -5.8370400E-03,  9.9830957E+02, -1.0000120E+05,3,
  5.6624310E+02,  0.0000000E+00,  2.5519139E+02,2678,  5.8321851E-01,  0.0000000E+00, -6.5874822E-02,  1.0006788E+03,  4.0444305E+04,3,
  5.6643127E+02,  0.0000000E+00,  2.5522867E+02,2635,  6.1869961E-01,  0.0000000E+00, -1.2225311E-01,  1.0005208E+03,  3.1014895E+04,3,
  5.6779028E+02,  0.0000000E+00,  2.5474002E+02,2732,  5.0756919E-01,  0.0000000E+00, -3.2329392E-01,  9.9991345E+02, -5.1446216E+03,3,
  5.6847565E+02,  0.0000000E+00,  2.5531494E+02,2578,  3.3192471E-01,  0.0000000E+00,  4.7538526E-02,  1.0007440E+03,  4.4333031E+04,3,
  5.7017810E+02,  0.0000000E+00,  2.5561902E+02,2945,  6.9034249E-01,  0.0000000E+00,  1.9378036E-01,  1.0002640E+03,  1.5711603E+04,3,
  5.7072247E+02,  0.0000000E+00,  2.5535379E+02,2836,  7.8658193E-01,  0.0000000E+00,  3.0882707E-01,  1.0003634E+03,  2.1630785E+04,3,
  5.7121649E+02,  0.0000000E+00,  2.5300316E+02,2870,  3.4540281E-01,  0.0000000E+00, -4.8779093E-02,  1.0002548E+03,  1.5162767E+04,3,
  5.7158972E+02,  0.0000000E+00,  2.5300270E+02,2681, -1.0176123E-01,  0.0000000E+00,  1.7406942E-01,  1.0002995E+03,  1.7823633E+04,3,
  5.7264270E+02,  0.0000000E+00,  2.5288416E+02,2707,  2.6258063E-01,  0.0000000E+00,  6.5429784E-02,  1.0005687E+03,  3.3869363E+04,3,
  5.7280536E+02,  0.0000000E+00,  2.5595908E+02,2936,  2.5768173E-01,  0.0000000E+00,  1.1932217E-01,  1.0002070E+03,  1.2317301E+04,3,
  5.6961090E+02,  0.0000000E+00,  2.5258948E+02,2586,  2.4717917E-01,  0.0000000E+00, -3.1068237E-02,  1.0014857E+03,  8.8728773E+04,3,
  5.7335925E+02,  0.0000000E+00,  2.5590741E+02,2705,  3.2564402E-01,  0.0000000E+00,  5.9322897E-02,  1.0002200E+03,  1.3091273E+04,3,
  5.7394373E+02,  0.0000000E+00,  2.5285118E+02,2735,  3.0418360E-01,  0.0000000E+00, -2.4767891E-03,  1.0006118E+03,  3.6444184E+04,3,
  5.7486053E+02,  0.0000000E+00,  2.5306412E+02,2645,  2.3992729E-01,  0.0000000E+00, -6.8755597E-02,  1.0002789E+03,  1.6598527E+04,3,
  5.7444165E+02,  0.0000000E+00,  2.5547350E+02,2789,  4.9396586E-01,  0.0000000E+00, -6.4423792E-02,  1.0002942E+03,  1.7507346E+04,3,
  5.7562390E+02,  0.0000000E+00,  2.5293892E+02,2827,  1.9362332E-01,  0.0000000E+00, -9.3511730E-02,  1.0004540E+03,  2.7033117E+04,3,
  5.7674615E+02,  0.0000000E+00,  2.5276028E+02,2609,  8.2827143E-02,  0.0000000E+00, -6.3113846E-02,  1.0007048E+03,  4.1996699E+04,3,
  5.7592664E+02,  0.0000000E+00,  2.5586153E+02,2560,  4.4889522E-01,  0.0000000E+00, -1.2701143E-01,  1.0001883E+03,  1.1201868E+04,3,
  5.7810956E+02,  0.0000000E+00,  2.5279070E+02,2656,  2.9528251E-01,  0.0000000E+00, -7.4599129E-03,  1.0005977E+03,  3.5599188E+04,3,
  5.7956482E+02,  0.0000000E+00,  2.5287610E+02,2608,  2.5964582E-01,  0.0000000E+00,  6.0678359E-02,  1.0005550E+03,  3.3053715E+04,3,
  5.7693335E+02,  0.0000000E+00,  2.5543547E+02,2516,  3.3455700E-01,  0.0000000E+00, -1.5360318E-01,  1.0002257E+03,  1.3429225E+04,3,
  5.7989722E+02,  0.0000000E+00,  2.5303418E+02,2673,  1.4457463E-01,  0.0000000E+00,  3.3469629E-02,  1.0005330E+03,  3.1742998E+04,3,
  5.7797644E+02,  0.0000000E+00,  2.5551852E+02,2770,  4.2166975E-01,  0.0000000E+00, -1.4303321E-01,  1.0001806E+03,  1.0744104E+04,3,
  5.7887244E+02,  0.0000000E+00,  2.5576630E+02,2796,  5.9551030E-01,  0.0000000E+00, -1.2600327E-01,  1.0001552E+03,  9.2329082E+03,3,
  5.8041705E+02,  0.0000000E+00,  2.5558667E+02,2805,  9.5291597E-01,  0.0000000E+00, -8.1750900E-02,  1.0002437E+03,  1.4497661E+04,3,
  5.8032123E+02,  0.0000000E+00,  2.5303857E+02,2570,  2.3051147E-01,  0.0000000E+00,  9.8165534E-02,  1.0006849E+03,  4.0808695E+04,3,
  5.8261279E+02,  0.0000000E+00,  2.5501550E+02,2629,  5.7494974E-01,  0.0000000E+00,  1.1640825E-01,  1.0008369E+03,  4.9882652E+04,3,
  5.8135535E+02,  0.0000000E+00,  2.5435294E+02,2624,  2.7723584E-01,  0.0000000E+00,  4.2018595E-01,  9.9972736E+02, -1.6197601E+04,3,
  5.8424884E+02,  0.0000000E+00,  2.5526561E+02,2926,  6.7100239E-01,  0.0000000E+00,  4.7623564E-02,  1.0038483E+03,  2.3146859E+05,3,
  5.8516101E+02,  0.0000000E+00,  2.5523831E+02,2666,  5.4975253E-01,  0.0000000E+00,  1.3612221E-01,  9.9896869E+02, -6.1130242E+04,3,
  5.8395490E+02,  0.0000000E+00,  2.5529785E+02,2533,  4.9393207E-01,  0.0000000E+00, -3.4069467E-01,  9.9769757E+02, -1.3595573E+05,3,
  5.8602301E+02,  0.0000000E+00,  2.5502327E+02,2928,  6.2420213E-01,  0.0000000E+00, -4.7526833E-01,  1.0001558E+03,  9.2656006E+03,3,
  5.8810504E+02,  0.0000000E+00,  2.5491972E+02,2628,  6.4475518E-01,  0.0000000E+00, -5.3479373E-03,  1.0009120E+03,  5.4377121E+04,3,
  5.8835181E+02,  0.0000000E+00,  2.5492249E+02,2535,  7.3368514E-01,  0.0000000E+00,  1.2585816E-01,  1.0001628E+03,  9.6833369E+03,3,
  5.8788678E+02,  0.0000000E+00,  2.5582338E+02,2900,  1.6643463E-01,  0.0000000E+00, -7.5894140E-02,  1.0005024E+03,  2.9915561E+04,3,
  5.9029584E+02,  0.0000000E+00,  2.5517424E+02,2771,  7.2580320E-01,  0.0000000E+00,  1.2053767E-01,  9.9989728E+02, -6.1057671E+03,3,
  5.9055377E+02,  0.0000000E+00,  2.5509378E+02,2683,  5.3464794E-01,  0.0000000E+00, -2.2810403E-01,  9.9985486E+02, -8.6260645E+03,3,
  5.9135974E+02,  0.0000000E+00,  2.5515459E+02,2808,  3.8399428E-01,  0.0000000E+00, -1.8059930E-01,  1.0001082E+03,  6.4363506E+03,3,
  5.9261304E+02,  0.0000000E+00,  2.5620422E+02,2899,  6.1100852E-01,  0.0000000E+00, -1.6432589E-01,  1.0003694E+03,  2.1987213E+04,3,
  5.9209998E+02,  0.0000000E+00,  2.5494115E+02,2597,  5.6947833E-01,  0.0000000E+00, -8.8348262E-02,  1.0007632E+03,  4.5485000E+04,3,
  5.9387830E+02,  0.0000000E+00,  2.5492250E+02,2747,  7.1317744E-01,  0.0000000E+00, -3.2530028E-02,  1.0004313E+03,  2.5679529E+04,3,
  5.9478741E+02,  0.0000000E+00,  2.5511069E+02,2671,  6.3481247E-01,  0.0000000E+00,  4.4366769E-02,  9.9925244E+02, -4.4348738E+04,3,
  5.9500586E+02,  0.0000000E+00,  2.5507527E+02,2700,  6.2345445E-01,  0.0000000E+00, -5.0351057E-02,  1.0005690E+03,  3.3891211E+04,3,
  5.9602777E+02,  0.0000000E+00,  2.5494176E+02,2652,  5.4354227E-01,  0.0000000E+00, -8.5518025E-02,  1.0005289E+03,  3.1495436E+04,3,
  5.9703442E+02,  0.0000000E+00,  2.5592355E+02,2649,  6.0748500E-01,  0.0000000E+00,  5.3943109E-02,  1.0005530E+03,  3.2937199E+04,3,
  5.9851776E+02,  0.0000000E+00,  2.5497284E+02,2790,  6.8646830E-01,  0.0000000E+00,  8.1487134E-02,  1.0001365E+03,  8.1214546E+03,3,
  5.9762170E+02,  0.0000000E+00,  2.5497194E+02,2601,  5.6314987E-01,  0.0000000E+00,  8.6721675E-03,  1.0001551E+03,  9.2256436E+03,3,
  5.9942944E+02,  0.0000000E+00,  2.5502763E+02,2371,  5.1914108E-01,  0.0000000E+00,  8.3947562E-02,  1.0002615E+03,  1.5558943E+04,3,
  6.0077002E+02,  0.0000000E+00,  2.5576622E+02,2927,  7.5403327E-01,  0.0000000E+00,  4.3886609E-02,  1.0003574E+03,  2.1274371E+04,3,
  6.0088391E+02,  0.0000000E+00,  2.5498341E+02,2648,  4.7182426E-01,  0.0000000E+00,  6.5060481E-02,  1.0004019E+03,  2.3925963E+04,3,
  6.0195471E+02,  0.0000000E+00,  2.5499879E+02,2769,  5.1524985E-01,  0.0000000E+00,  2.2195565E-02,  1.0002192E+03,  1.3044034E+04,3,
  6.0299023E+02,  0.0000000E+00,  2.5502075E+02,2901,  7.0976937E-01,  0.0000000E+00,  1.2746046E-01,  1.0008638E+03,  5.1491238E+04,3,
  6.0380206E+02,  0.0000000E+00,  2.5513029E+02,2524,  6.1503917E-01,  0.0000000E+00, -5.2293236E-03,  9.9971521E+02, -1.6918570E+04,3,
  6.0559882E+02,  0.0000000E+00,  2.5480861E+02,2826,  4.3921694E-01,  0.0000000E+00,  2.3353517E-01,  1.0011442E+03,  6.8267312E+04,3,
  6.0538885E+02,  0.0000000E+00,  2.5526451E+02,2674,  6.2522572E-01,  0.0000000E+00, -3.8145179E-01,  9.9994891E+02, -3.0370283E+03,3,
  6.0688873E+02,  0.0000000E+00,  2.5617416E+02,2882,  3.0224863E-01,  0.0000000E+00, -1.5436094E-01,  1.0004218E+03,  2.5111951E+04,3,
  6.0736047E+02,  0.0000000E+00,  2.5493411E+02,2691,  9.8972541E-01,  0.0000000E+00, -6.5730058E-02,  9.9881860E+02, -6.9994938E+04,3,
  6.0799390E+02,  0.0000000E+00,  2.5431435E+02,2753,  1.1682138E+00,  0.0000000E+00, -5.3296864E-01,  1.0006129E+03,  3.6509746E+04,3,
  6.0788641E+02,  0.0000000E+00,  2.5570432E+02,2619,  5.0217861E-01,  0.0000000E+00,  2.9269836E-03,  1.0005142E+03,  3.0621742E+04,3,
  6.0957153E+02,  0.0000000E+00,  2.5500002E+02,2554,  5.9465379E-01,  0.0000000E+00,  4.1950160E-01,  1.0005601E+03,  3.3355934E+04,3,
  6.1170184E+02,  0.0000000E+00,  2.5495732E+02,2871,  9.6923929E-01,  0.0000000E+00, -4.6911985E-02,  1.0001981E+03,  1.1783186E+04,3,
  6.1082642E+02,  0.0000000E+00,  2.5282080E+02,2582, -5.9706815E-02,  0.0000000E+00,  4.0512867E-02,  1.0005764E+03,  3.4331832E+04,3,
  6.1104266E+02,  0.0000000E+00,  2.5296143E+02,2807, -1.1731657E-01,  0.0000000E+00,  1.2070689E-01,  1.0003920E+03,  2.3333021E+04,3,
  6.1317456E+02,  0.0000000E+00,  2.5460153E+02,2607,  4.5348462E-01,  0.0000000E+00, -2.6445943E-01,  1.0004464E+03,  2.6574623E+04,3,
  6.1309802E+02,  0.0000000E+00,  2.5282675E+02,2843,  5.0423795E-01,  0.0000000E+00,  2.4523669E-01,  1.0005086E+03,  3.0286846E+04,3,
  6.1016046E+02,  0.0000000E+00,  2.5279671E+02,2892, -1.1886970E-01,  0.0000000E+00, -1.1846196E-01,  1.0007160E+03,  4.2663645E+04,3,
  6.1436755E+02,  0.0000000E+00,  2.5552737E+02,2873,  7.4635303E-01,  0.0000000E+00, -1.3191405E-01,  1.0001816E+03,  1.0805865E+04,3,
  6.1451416E+02,  0.0000000E+00,  2.5280275E+02,2506,  3.0042467E-01,  0.0000000E+00, -1.4417882E-02,  1.0005914E+03,  3.5227707E+04,3,
  6.1529364E+02,  0.0000000E+00,  2.5547067E+02,2890,  9.2109865E-01,  0.0000000E+00, -4.4832099E-02,  1.0002437E+03,  1.4497661E+04,3,
  6.1565649E+02,  0.0000000E+00,  2.5272801E+02,2834,  1.7017041E-01,  0.0000000E+00, -6.3286141E-02,  1.0007524E+03,  4.4836090E+04,3,
  6.1664075E+02,  0.0000000E+00,  2.5564279E+02,2854,  9.6614385E-01,  0.0000000E+00,  5.2730754E-02,  1.0002178E+03,  1.2956823E+04,3,
  6.1711505E+02,  0.0000000E+00,  2.5294997E+02,2690,  2.8665620E-01,  0.0000000E+00, -3.4243695E-02,  1.0003720E+03,  2.2143607E+04,3,
  6.1800842E+02,  0.0000000E+00,  2.5561787E+02,2444,  7.2054094E-01,  0.0000000E+00,  3.1378035E-02,  1.0002145E+03,  1.2764235E+04,3,
  6.1789819E+02,  0.0000000E+00,  2.5285109E+02,2679,  2.8984070E-01,  0.0000000E+00,  4.9708975E-03,  1.0005110E+03,  3.0432451E+04,3,
  6.1908685E+02,  0.0000000E+00,  2.5512181E+02,2692,  6.2311757E-01,  0.0000000E+00, -8.5314080E-02,  1.0003414E+03,  2.0321570E+04,3,
  6.1924084E+02,  0.0000000E+00,  2.5286823E+02,2654,  3.5772842E-01,  0.0000000E+00,  4.9899761E-02,  1.0004349E+03,  2.5894199E+04,3,
  6.1973541E+02,  0.0000000E+00,  2.5302309E+02,2588,  2.3181853E-01,  0.0000000E+00,  3.9322902E-02,  1.0001690E+03,  1.0053866E+04,3,
  6.2048914E+02,  0.0000000E+00,  2.5514731E+02,2672,  7.9928541E-01,  0.0000000E+00, -2.3224008E-01,  1.0002971E+03,  1.7681848E+04,3,
  6.2168689E+02,  0.0000000E+00,  2.5503590E+02,2698,  9.5305651E-01,  0.0000000E+00, -2.3654687E-01,  1.0003365E+03,  2.0027021E+04,3,
  6.2150549E+02,  0.0000000E+00,  2.5267763E+02,2847,  4.0775076E-01,  0.0000000E+00,  5.7607420E-02,  1.0008190E+03,  4.8814059E+04,3,
  6.2294482E+02,  0.0000000E+00,  2.5555342E+02,2760,  8.5710931E-01,  0.0000000E+00, -6.2476616E-02,  1.0001971E+03,  1.1728686E+04,3,
  6.2287469E+02,  0.0000000E+00,  2.5280823E+02,2874,  5.1808786E-01,  0.0000000E+00,  4.6151360E-03,  1.0006659E+03,  3.9671844E+04,3,
  6.2425574E+02,  0.0000000E+00,  2.5554889E+02,2863,  8.2127565E-01,  0.0000000E+00,  3.2144657E-03,  1.0002342E+03,  1.3934355E+04,3,
  6.2417145E+02,  0.0000000E+00,  2.5286104E+02,2855,  5.3554261E-01,  0.0000000E+00, -2.9893648E-02,  1.0006055E+03,  3.6069027E+04,3,
  6.2557343E+02,  0.0000000E+00,  2.5561914E+02,2600,  8.2263732E-01,  0.0000000E+00, -5.3717303E-03,  1.0002468E+03,  1.4683014E+04,3,
  6.2537408E+02,  0.0000000E+00,  2.5280515E+02,2780,  5.0476635E-01,  0.0000000E+00, -7.0371763E-03,  1.0006952E+03,  4.1420898E+04,3,
  6.2692908E+02,  0.0000000E+00,  2.5554671E+02,2751,  8.5794830E-01,  0.0000000E+00, -2.6609953E-02,  1.0002590E+03,  1.5413556E+04,3,
  6.2663617E+02,  0.0000000E+00,  2.5296817E+02,2663,  5.7895249E-01,  0.0000000E+00, -3.0982308E-03,  1.0003855E+03,  2.2947445E+04,3,
  6.2746521E+02,  0.0000000E+00,  2.5301657E+02,2682,  5.2162266E-01,  0.0000000E+00,  4.9666460E-03,  1.0002834E+03,  1.6867529E+04,3,
  6.2834381E+02,  0.0000000E+00,  2.5549928E+02,2829,  8.5581881E-01,  0.0000000E+00, -3.4216307E-02,  1.0002495E+03,  1.4842929E+04,3,
  6.2852136E+02,  0.0000000E+00,  2.5280264E+02,2453,  5.4122531E-01,  0.0000000E+00,  8.3088437E-03,  1.0006558E+03,  3.9067031E+04,3,
  6.2972839E+02,  0.0000000E+00,  2.5546693E+02,2865,  8.5373199E-01,  0.0000000E+00, -2.9485149E-02,  1.0002377E+03,  1.4145137E+04,3,
  6.2978656E+02,  0.0000000E+00,  2.5280049E+02,2611,  5.4804683E-01,  0.0000000E+00,  1.1008720E-02,  1.0006554E+03,  3.9045172E+04,3,
  6.3109412E+02,  0.0000000E+00,  2.5540436E+02,2633,  8.7401462E-01,  0.0000000E+00, -2.5552375E-02,  1.0002361E+03,  1.4047014E+04,3,
  6.3094037E+02,  0.0000000E+00,  2.5293372E+02,2517,  5.7397932E-01,  0.0000000E+00,  2.0045491E-03,  1.0004326E+03,  2.5755938E+04,3,
  6.3248547E+02,  0.0000000E+00,  2.5546080E+02,2838,  8.8285017E-01,  0.0000000E+00, -2.1691037E-02,  1.0002238E+03,  1.3316573E+04,3,
  6.3190601E+02,  0.0000000E+00,  2.5299492E+02,2726,  5.5034775E-01,  0.0000000E+00, -7.4120010E-03,  1.0003353E+03,  1.9954295E+04,3,
  6.3393787E+02,  0.0000000E+00,  2.5547844E+02,2752,  8.6596066E-01,  0.0000000E+00, -1.9248256E-02,  1.0002188E+03,  1.3018598E+04,3,
  6.3292114E+02,  0.0000000E+00,  2.5287195E+02,2461,  5.7699084E-01,  0.0000000E+00, -1.9478468E-02,  1.0005732E+03,  3.4142473E+04,3,
  6.3412823E+02,  0.0000000E+00,  2.5277588E+02,2518,  5.8414936E-01,  0.0000000E+00, -3.8326778E-02,  1.0007220E+03,  4.3024473E+04,3,
  6.3540051E+02,  0.0000000E+00,  2.5545343E+02,2630,  8.4701949E-01,  0.0000000E+00, -3.4598302E-02,  1.0002113E+03,  1.2571651E+04,3,
  6.3531403E+02,  0.0000000E+00,  2.5305156E+02,2719,  5.8001614E-01,  0.0000000E+00, -5.3578481E-02,  1.0002802E+03,  1.6671230E+04,3,
  6.3599060E+02,  0.0000000E+00,  2.5302948E+02,2755,  5.5709726E-01,  0.0000000E+00, -5.4405332E-02,  1.0003094E+03,  1.8416246E+04,3,
  6.3681213E+02,  0.0000000E+00,  2.5545290E+02,2622,  8.3331597E-01,  0.0000000E+00, -5.0564971E-02,  1.0001946E+03,  1.1576087E+04,3,
  6.3703192E+02,  0.0000000E+00,  2.5292409E+02,2462,  5.7734346E-01,  0.0000000E+00, -5.2054632E-02,  1.0005057E+03,  3.0115762E+04,3,
  6.3827759E+02,  0.0000000E+00,  2.5528954E+02,2798,  8.2248086E-01,  0.0000000E+00, -4.7128223E-02,  1.0001933E+03,  1.1499789E+04,3,
  6.3825342E+02,  0.0000000E+00,  2.5274261E+02,2573,  5.8174050E-01,  0.0000000E+00, -5.4506999E-02,  1.0007936E+03,  4.7300711E+04,3,
  6.3977014E+02,  0.0000000E+00,  2.5530547E+02,2837,  8.2194018E-01,  0.0000000E+00, -5.1152665E-02,  1.0001812E+03,  1.0780435E+04,3,
  6.3953888E+02,  0.0000000E+00,  2.5283046E+02,2589,  5.6701988E-01,  0.0000000E+00, -4.8417501E-02,  1.0006376E+03,  3.7981379E+04,3,
  6.4117041E+02,  0.0000000E+00,  2.5532541E+02,2697,  8.2904387E-01,  0.0000000E+00, -7.8433976E-02,  1.0001696E+03,  1.0086561E+04,3,
  6.4058911E+02,  0.0000000E+00,  2.5312601E+02,2525,  5.7839674E-01,  0.0000000E+00, -3.6944211E-02,  1.0002081E+03,  1.2382704E+04,3,
  6.4118799E+02,  0.0000000E+00,  2.5307036E+02,2627,  5.4603374E-01,  0.0000000E+00, -3.4282818E-02,  1.0003070E+03,  1.8270816E+04,3,
  6.4243433E+02,  0.0000000E+00,  2.5524800E+02,2715,  8.2564896E-01,  0.0000000E+00, -8.3552890E-02,  1.0001507E+03,  8.9641143E+03,3,
  6.4269226E+02,  0.0000000E+00,  2.5259137E+02,2764,  5.9774381E-01,  0.0000000E+00, -2.0719077E-02,  1.0010800E+03,  6.4424031E+04,3,
  6.4381177E+02,  0.0000000E+00,  2.5519069E+02,2353,  8.6074078E-01,  0.0000000E+00, -5.0814044E-02,  1.0001264E+03,  7.5185610E+03,3,
  6.4400238E+02,  0.0000000E+00,  2.5292067E+02,2490,  6.3370651E-01,  0.0000000E+00, -3.1452041E-02,  1.0006108E+03,  3.6385906E+04,3,
  6.4542523E+02,  0.0000000E+00,  2.5541579E+02,2595,  8.8704389E-01,  0.0000000E+00, -3.1928927E-02,  1.0001209E+03,  7.1917065E+03,3,
  6.4515845E+02,  0.0000000E+00,  2.5293759E+02,2618,  5.9872586E-01,  0.0000000E+00, -2.5452556E-02,  1.0005468E+03,  3.2565818E+04,3,
  6.4617102E+02,  0.0000000E+00,  2.5305605E+02,2644,  5.8524275E-01,  0.0000000E+00, -1.2060035E-03,  1.0003707E+03,  2.2067229E+04,3,
  6.4689264E+02,  0.0000000E+00,  2.5539957E+02,2820,  8.9665490E-01,  0.0000000E+00, -2.7182665E-02,  1.0001184E+03,  7.0428096E+03,3,
  6.4706458E+02,  0.0000000E+00,  2.5290279E+02,2637,  6.0938078E-01,  0.0000000E+00,  1.3008830E-02,  1.0005657E+03,  3.3694574E+04,3,
  6.4817627E+02,  0.0000000E+00,  2.5289871E+02,2590,  6.3424063E-01,  0.0000000E+00,  1.7577993E-02,  1.0005821E+03,  3.4670508E+04,3,
  6.4841351E+02,  0.0000000E+00,  2.5521135E+02,2602,  9.4347048E-01,  0.0000000E+00, -1.3860016E-03,  1.0001082E+03,  6.4327192E+03,3,
  6.4929858E+02,  0.0000000E+00,  2.5286993E+02,2665,  6.0143811E-01,  0.0000000E+00,  8.1537301E-03,  1.0006290E+03,  3.7471383E+04,3,
  6.5008191E+02,  0.0000000E+00,  2.5527718E+02,2810,  9.1657382E-01,  0.0000000E+00,  2.5495654E-02,  1.0000966E+03,  5.7464116E+03,3,
  6.5042322E+02,  0.0000000E+00,  2.5294862E+02,2544,  6.0248101E-01,  0.0000000E+00,  1.6782404E-04,  1.0005250E+03,  3.1262443E+04,3,
  6.5148816E+02,  0.0000000E+00,  2.5530234E+02,2802,  8.7547606E-01,  0.0000000E+00,  1.1621308E-02,  1.0000751E+03,  4.4683369E+03,3,
  6.5258893E+02,  0.0000000E+00,  2.5280885E+02,2670,  6.1406046E-01,  0.0000000E+00,  1.7691387E-02,  1.0007456E+03,  4.4431453E+04,3,
  6.5284644E+02,  0.0000000E+00,  2.5531477E+02,2801,  8.4835178E-01,  0.0000000E+00, -2.7144760E-02,  1.0000479E+03,  2.8455640E+03,3,
  6.5128632E+02,  0.0000000E+00,  2.5302435E+02,2636,  6.4420253E-01,  0.0000000E+00, -1.6737774E-04,  1.0004429E+03,  2.6367217E+04,3,
  6.5451685E+02,  0.0000000E+00,  2.5516246E+02,2655,  9.6902251E-01,  0.0000000E+00, -6.1821476E-02,  1.0000304E+03,  1.8074192E+03,3,
  6.5373047E+02,  0.0000000E+00,  2.5280557E+02,2754,  5.7841390E-01,  0.0000000E+00,  5.6034800E-02,  1.0009320E+03,  5.5570395E+04,3,
  6.5504175E+02,  0.0000000E+00,  2.5301659E+02,2471,  6.5378481E-01,  0.0000000E+00,  7.4135803E-02,  1.0008116E+03,  4.8372793E+04,3,
  6.5629724E+02,  0.0000000E+00,  2.5523108E+02,2792,  1.1278471E+00,  0.0000000E+00, -2.2587556E-02,  1.0000837E+03,  4.9802729E+03,3,
  6.5648804E+02,  0.0000000E+00,  2.5358882E+02,2621,  7.4426281E-01,  0.0000000E+00, -1.5287754E-02,  1.0002451E+03,  1.4584886E+04,3,
  6.5703394E+02,  0.0000000E+00,  2.5308952E+02,2612,  6.4540517E-01,  0.0000000E+00, -1.4671031E-01,  1.0005842E+03,  3.4794328E+04,3,
  6.5823248E+02,  0.0000000E+00,  2.5516415E+02,2661,  9.3534482E-01,  0.0000000E+00,  2.2521444E-02,  1.0001395E+03,  8.2994238E+03,3,
  6.5946545E+02,  0.0000000E+00,  2.5506305E+02,2757,  7.5000525E-01,  0.0000000E+00,  3.6280029E-03,  1.0001838E+03,  1.0933021E+04,3,
  6.5817609E+02,  0.0000000E+00,  2.5193661E+02,2653,  5.9851837E-01,  0.0000000E+00, -3.6216494E-01,  1.0011451E+03,  6.8322125E+04,3,
  6.6052710E+02,  0.0000000E+00,  2.5488898E+02,2793,  6.6544163E-01,  0.0000000E+00, -4.5161873E-02,  1.0002388E+03,  1.4210553E+04,3,
  6.5944232E+02,  0.0000000E+00,  2.5205086E+02,2481,  4.8258704E-01,  0.0000000E+00, -4.1459173E-01,  1.0004208E+03,  2.5053740E+04,3,
  6.6052307E+02,  0.0000000E+00,  2.5154695E+02,2638,  6.2911916E-01,  0.0000000E+00, -1.6209725E-01,  1.0002831E+03,  1.6849354E+04,3,
  6.6163940E+02,  0.0000000E+00,  2.5470847E+02,2537,  6.4116096E-01,  0.0000000E+00, -1.0137367E-01,  1.0003394E+03,  2.0197932E+04,3,
  6.6266797E+02,  0.0000000E+00,  2.5476448E+02,2452,  6.5287495E-01,  0.0000000E+00, -1.0344060E-01,  1.0003967E+03,  2.3616756E+04,3,
  6.6379358E+02,  0.0000000E+00,  2.5490219E+02,2509,  6.6490084E-01,  0.0000000E+00, -5.6825060E-02,  1.0003650E+03,  2.1725346E+04,3,
  6.6517993E+02,  0.0000000E+00,  2.5494630E+02,2763,  7.7769184E-01,  0.0000000E+00,  1.9233676E-02,  1.0002861E+03,  1.7023844E+04,3,
  6.6584125E+02,  0.0000000E+00,  2.5374352E+02,2426,  6.2009990E-01,  0.0000000E+00,  5.9430853E-02,  1.0004523E+03,  2.6931227E+04,3,
  6.6707007E+02,  0.0000000E+00,  2.5500829E+02,2744,  6.9030130E-01,  0.0000000E+00,  3.1142157E-02,  1.0002980E+03,  1.7732744E+04,3,
  6.6817664E+02,  0.0000000E+00,  2.5476210E+02,2491,  6.2240064E-01,  0.0000000E+00, -2.3329754E-03,  1.0003663E+03,  2.1805359E+04,3,
  6.6930963E+02,  0.0000000E+00,  2.5473799E+02,2604,  7.0656455E-01,  0.0000000E+00, -6.8993652E-03,  1.0003413E+03,  2.0314299E+04,3,
  6.7040979E+02,  0.0000000E+00,  2.5445863E+02,2451,  6.7919719E-01,  0.0000000E+00,  2.3131352E-03,  1.0003732E+03,  2.2216350E+04,3,
  6.7156427E+02,  0.0000000E+00,  2.5457893E+02,2443,  6.6459137E-01,  0.0000000E+00,  2.7016526E-02,  1.0003212E+03,  1.9114338E+04,3,
  6.7265515E+02,  0.0000000E+00,  2.5471217E+02,2783,  6.5400934E-01,  0.0000000E+00,  3.6321662E-02,  1.0002795E+03,  1.6631244E+04,3,
  6.7360114E+02,  0.0000000E+00,  2.5439265E+02,2417,  6.4791310E-01,  0.0000000E+00,  2.4033971E-02,  1.0003376E+03,  2.0096113E+04,3,
  6.7472028E+02,  0.0000000E+00,  2.5461349E+02,2766,  6.4554095E-01,  0.0000000E+00,  2.9070057E-02,  1.0002758E+03,  1.6413141E+04,3,
  6.7571191E+02,  0.0000000E+00,  2.5454715E+02,2566,  6.3231897E-01,  0.0000000E+00,  2.2745430E-02,  1.0002787E+03,  1.6583988E+04,3,
  6.7669159E+02,  0.0000000E+00,  2.5446304E+02,2709,  6.2399197E-01,  0.0000000E+00,  1.9936398E-02,  1.0002768E+03,  1.6471301E+04,3,
  6.7770636E+02,  0.0000000E+00,  2.5440102E+02,2727,  6.2342870E-01,  0.0000000E+00,  1.8091539E-02,  1.0002842E+03,  1.6911152E+04,3,
  6.7864001E+02,  0.0000000E+00,  2.5465285E+02,2739,  6.2192708E-01,  0.0000000E+00,  2.3102945E-02,  1.0002491E+03,  1.4821122E+04,3,
  6.7966431E+02,  0.0000000E+00,  2.5452516E+02,2513,  6.2178522E-01,  0.0000000E+00,  2.0666841E-02,  1.0002946E+03,  1.7529158E+04,3,
  6.8068024E+02,  0.0000000E+00,  2.5480843E+02,2407,  6.2369949E-01,  0.0000000E+00,  2.2426492E-02,  1.0002476E+03,  1.4733896E+04,3,
  6.8161151E+02,  0.0000000E+00,  2.5425748E+02,2647,  6.1016381E-01,  0.0000000E+00,  1.0960632E-02,  1.0003565E+03,  2.1219818E+04,3,
  6.8272650E+02,  0.0000000E+00,  2.5472578E+02,2616,  6.2296277E-01,  0.0000000E+00,  1.6953403E-02,  1.0002477E+03,  1.4737530E+04,3,
  6.8365906E+02,  0.0000000E+00,  2.5436485E+02,2583,  6.1299700E-01,  0.0000000E+00,  8.7560564E-03,  1.0003062E+03,  1.8223553E+04,3,
  6.8471912E+02,  0.0000000E+00,  2.5458514E+02,2625,  6.0583454E-01,  0.0000000E+00,  1.6852992E-02,  1.0002506E+03,  1.4911983E+04,3,
  6.8568488E+02,  0.0000000E+00,  2.5435487E+02,2510,  6.0184610E-01,  0.0000000E+00,  1.3210599E-02,  1.0002910E+03,  1.7318305E+04,3,
  6.8668256E+02,  0.0000000E+00,  2.5455167E+02,2729,  5.9595698E-01,  0.0000000E+00,  1.4412721E-02,  1.0002613E+03,  1.5548039E+04,3,
  6.8766626E+02,  0.0000000E+00,  2.5456514E+02,2701,  5.9449261E-01,  0.0000000E+00,  9.4762798E-03,  1.0002691E+03,  1.6013294E+04,3,
  6.8867889E+02,  0.0000000E+00,  2.5452605E+02,2398,  5.9747922E-01,  0.0000000E+00,  7.0903869E-03,  1.0002817E+03,  1.6765744E+04,3,
  6.8969257E+02,  0.0000000E+00,  2.5457803E+02,2558,  5.9200209E-01,  0.0000000E+00,  1.0130684E-02,  1.0002683E+03,  1.5966040E+04,3,
  6.9067297E+02,  0.0000000E+00,  2.5450014E+02,2498,  5.9440345E-01,  0.0000000E+00,  9.1086943E-03,  1.0002758E+03,  1.6413141E+04,3,
  6.9167877E+02,  0.0000000E+00,  2.5446935E+02,2381,  5.9140563E-01,  0.0000000E+00,  6.1990711E-04,  1.0002733E+03,  1.6260470E+04,3,
  6.9270557E+02,  0.0000000E+00,  2.5466611E+02,2684,  5.8361614E-01,  0.0000000E+00, -8.6942436E-03,  1.0002254E+03,  1.3411055E+04,3,
  6.9357153E+02,  0.0000000E+00,  2.5419034E+02,2464,  5.7179284E-01,  0.0000000E+00, -2.6522841E-02,  1.0002847E+03,  1.6943869E+04,3,
  6.9453918E+02,  0.0000000E+00,  2.5461073E+02,2675,  5.6659538E-01,  0.0000000E+00, -1.3256233E-02,  1.0002148E+03,  1.2782404E+04,3,
  6.9549591E+02,  0.0000000E+00,  2.5435756E+02,2548,  6.1926210E-01,  0.0000000E+00,  1.2113578E-03,  1.0002730E+03,  1.6245930E+04,3,
  7.0190088E+02,  0.0000000E+00,  2.5202719E+02,2576,  9.2043567E-01,  0.0000000E+00,  5.0295949E-01,  1.0011146E+03,  6.6491617E+04,3,
  6.9652966E+02,  0.0000000E+00,  2.5449800E+02,2556,  5.8776897E-01,  0.0000000E+00,  3.9808024E-02,  1.0002817E+03,  1.6765744E+04,3,
  6.9748541E+02,  0.0000000E+00,  2.5474544E+02,2693,  5.6876433E-01,  0.0000000E+00,  2.4774451E-02,  1.0002503E+03,  1.4893812E+04,3,
  6.9840533E+02,  0.0000000E+00,  2.5449045E+02,2435,  5.1945817E-01,  0.0000000E+00, -6.4877984E-03,  1.0002700E+03,  1.6064183E+04,3,
  6.9942401E+02,  0.0000000E+00,  2.5465138E+02,2489,  5.2200747E-01,  0.0000000E+00, -8.7470554E-02,  1.0002055E+03,  1.2226463E+04,3,
  7.0039734E+02,  0.0000000E+00,  2.5462926E+02,2372,  5.5507904E-01,  0.0000000E+00, -1.4682311E-01,  1.0001691E+03,  1.0057499E+04,3,
  7.0135529E+02,  0.0000000E+00,  2.5437021E+02,2562,  7.2028816E-01,  0.0000000E+00, -1.8934037E-01,  1.0001818E+03,  1.0813131E+04,3,
  7.0253058E+02,  0.0000000E+00,  2.5457614E+02,2676,  6.7919356E-01,  0.0000000E+00, -1.4798756E-01,  1.0001769E+03,  1.0526129E+04,3,
  7.0345026E+02,  0.0000000E+00,  2.5315265E+02,2557,  8.4824234E-01,  0.0000000E+00,  1.1959311E-01,  1.0003586E+03,  2.1347107E+04,3,
  7.0412811E+02,  0.0000000E+00,  2.5442351E+02,2545,  7.8790146E-01,  0.0000000E+00, -1.0703852E-01,  1.0002655E+03,  1.5798838E+04,3,
  7.0469678E+02,  0.0000000E+00,  2.5312996E+02,2565,  8.0030400E-01,  0.0000000E+00,  3.1031910E-02,  1.0004677E+03,  2.7844629E+04,3,
  7.0590741E+02,  0.0000000E+00,  2.5445720E+02,2541,  1.1278324E+00,  0.0000000E+00, -8.9918010E-02,  1.0002148E+03,  1.2782404E+04,3,
  7.0716711E+02,  0.0000000E+00,  2.5304167E+02,2484,  6.8762875E-01,  0.0000000E+00,  5.5862006E-02,  1.0003295E+03,  1.9608850E+04,3,
  7.0612335E+02,  0.0000000E+00,  2.5296913E+02,2494,  8.2098979E-01,  0.0000000E+00, -8.3376300E-03,  1.0005821E+03,  3.4670508E+04,3,
  7.0839783E+02,  0.0000000E+00,  2.5410556E+02,2354,  1.1783314E+00,  0.0000000E+00,  4.3904089E-04,  1.0002245E+03,  1.3360180E+04,3,
  7.0831146E+02,  0.0000000E+00,  2.5271152E+02,2522,  7.7285713E-01,  0.0000000E+00,  4.0942430E-02,  1.0008484E+03,  5.0575664E+04,3,
  7.0953760E+02,  0.0000000E+00,  2.5319427E+02,2408,  8.2987726E-01,  0.0000000E+00, -7.7187359E-02,  1.0001281E+03,  7.6202515E+03,3,
  7.1018225E+02,  0.0000000E+00,  2.5319160E+02,2564,  9.6048731E-01,  0.0000000E+00, -8.1089191E-02,  1.0004384E+03,  2.6097957E+04,3,
  7.1178052E+02,  0.0000000E+00,  2.5252492E+02,2613,  1.1526902E+00,  0.0000000E+00, -1.5823081E-02,  1.0011208E+03,  6.6867922E+04,3,
  7.1147247E+02,  0.0000000E+00,  2.5433789E+02,2639,  5.6598622E-01,  0.0000000E+00,  2.8318139E-02,  1.0002155E+03,  1.2822375E+04,3,
  7.1359717E+02,  0.0000000E+00,  2.5311832E+02,2539,  1.0189552E+00,  0.0000000E+00,  5.5699334E-02,  1.0002082E+03,  1.2386338E+04,3,
  7.1396246E+02,  0.0000000E+00,  2.5319116E+02,2363,  8.5848761E-01,  0.0000000E+00,  1.5819265E-01,  1.0001147E+03,  6.8212842E+03,3,
  7.1293408E+02,  0.0000000E+00,  2.5446664E+02,2486,  6.8999159E-01,  0.0000000E+00, -8.8071194E-04,  1.0002315E+03,  1.3774455E+04,3,
  7.1567352E+02,  0.0000000E+00,  2.5436815E+02,2362,  7.9750627E-01,  0.0000000E+00,  3.2091498E-02,  1.0002794E+03,  1.6627609E+04,3,
  7.1483325E+02,  0.0000000E+00,  2.5306314E+02,2438,  7.9179400E-01,  0.0000000E+00,  1.5439153E-01,  1.0005389E+03,  3.2092506E+04,3,
  7.1654791E+02,  0.0000000E+00,  2.5309070E+02,2631,  9.3458885E-01,  0.0000000E+00, -6.3923247E-02,  1.0004358E+03,  2.5945139E+04,3,
  7.1720868E+02,  0.0000000E+00,  2.5292566E+02,2536,  1.3908235E+00,  0.0000000E+00, -3.2941982E-01,  1.0005004E+03,  2.9799082E+04,3,
  7.1782837E+02,  0.0000000E+00,  2.5434692E+02,2667,  5.7885903E-01,  0.0000000E+00,  3.1921440E-01,  1.0002086E+03,  1.2411772E+04,3,
  7.1917395E+02,  0.0000000E+00,  2.5160219E+02,2575,  5.2643692E-01,  0.0000000E+00, -4.5345113E-01,  1.0007774E+03,  4.6330832E+04,3,
  7.1893378E+02,  0.0000000E+00,  2.5431898E+02,2465,  5.1276416E-01,  0.0000000E+00,  3.9656770E-01,  1.0001872E+03,  1.1136472E+04,3,
  7.2024365E+02,  0.0000000E+00,  2.5412927E+02,2409,  4.8381656E-01,  0.0000000E+00,  2.7991527E-01,  1.0002285E+03,  1.3592753E+04,3,
  7.2128021E+02,  0.0000000E+00,  2.5480359E+02,2640,  3.6278209E-01,  0.0000000E+00,  9.8218672E-02,  1.0002198E+03,  1.3076738E+04,3,
  7.2209290E+02,  0.0000000E+00,  2.5483037E+02,2307,  5.1030421E-01,  0.0000000E+00,  1.1311215E-02,  1.0002398E+03,  1.4268701E+04,3,
  7.2322827E+02,  0.0000000E+00,  2.5377158E+02,2603,  4.0322319E-01,  0.0000000E+00, -8.9158595E-02,  1.0003607E+03,  2.1467123E+04,3,
  7.2412042E+02,  0.0000000E+00,  2.5444719E+02,2380,  5.2832216E-01,  0.0000000E+00, -2.4620745E-02,  1.0002383E+03,  1.4177845E+04,3,
  7.2547046E+02,  0.0000000E+00,  2.5399469E+02,2344,  4.6939430E-01,  0.0000000E+00,  8.9317178E-03,  1.0003162E+03,  1.8819824E+04,3,
  7.2634149E+02,  0.0000000E+00,  2.5452632E+02,2468,  4.3785155E-01,  0.0000000E+00,  1.0926273E-02,  1.0002411E+03,  1.4345021E+04,3,
  7.2743713E+02,  0.0000000E+00,  2.5442625E+02,2390,  4.3248919E-01,  0.0000000E+00, -1.2962298E-03,  1.0002744E+03,  1.6325899E+04,3,
  7.2855597E+02,  0.0000000E+00,  2.5434711E+02,2519,  4.4471535E-01,  0.0000000E+00, -1.8316237E-02,  1.0003024E+03,  1.7994506E+04,3,
  7.2963379E+02,  0.0000000E+00,  2.5458334E+02,2472,  4.6074393E-01,  0.0000000E+00, -2.7200190E-02,  1.0002723E+03,  1.6205945E+04,3,
  7.3082141E+02,  0.0000000E+00,  2.5461459E+02,2610,  4.8374009E-01,  0.0000000E+00, -2.0457922E-02,  1.0002483E+03,  1.4773874E+04,3,
  7.3162299E+02,  0.0000000E+00,  2.5396329E+02,2411,  4.5411658E-01,  0.0000000E+00, -2.0690490E-02,  1.0003652E+03,  2.1739895E+04,3,
  7.3289893E+02,  0.0000000E+00,  2.5458603E+02,2594,  4.5085782E-01,  0.0000000E+00, -3.3758096E-02,  1.0002429E+03,  1.4450415E+04,3,
  7.3387305E+02,  0.0000000E+00,  2.5456544E+02,2485,  4.3347183E-01,  0.0000000E+00, -3.5930973E-02,  1.0002299E+03,  1.3679970E+04,3,
  7.3490173E+02,  0.0000000E+00,  2.5359868E+02,2585,  5.6284952E-01,  0.0000000E+00, -5.1828004E-02,  1.0004205E+03,  2.5031910E+04,3,
  7.3581311E+02,  0.0000000E+00,  2.5466235E+02,2469,  4.9266329E-01,  0.0000000E+00,  7.9544717E-03,  1.0002365E+03,  1.4072453E+04,3,
  7.4090833E+02,  0.0000000E+00,  2.5146921E+02,2355,  6.8437880E-01,  0.0000000E+00,  6.2980169E-01,  1.0008652E+03,  5.1575137E+04,3,
  7.3691760E+02,  0.0000000E+00,  2.5447542E+02,2568,  4.6018413E-01,  0.0000000E+00,  4.0557850E-02,  1.0002895E+03,  1.7227420E+04,3,
  7.4265918E+02,  0.0000000E+00,  2.5269014E+02,2391,  7.8972173E-01,  0.0000000E+00,  2.7021551E-01,  1.0006147E+03,  3.6619020E+04,3,
  7.3801624E+02,  0.0000000E+00,  2.5428365E+02,2423,  4.0147305E-01,  0.0000000E+00,  5.0008181E-02,  1.0003361E+03,  2.0005203E+04,3,
  7.3894061E+02,  0.0000000E+00,  2.5472047E+02,2450,  4.4942054E-01,  0.0000000E+00, -4.3832292E-03,  1.0002409E+03,  1.4334117E+04,3,
  7.4000439E+02,  0.0000000E+00,  2.5466301E+02,2511,  4.9825516E-01,  0.0000000E+00, -6.8039596E-02,  1.0002469E+03,  1.4693917E+04,3,
  7.4117419E+02,  0.0000000E+00,  2.5463899E+02,2336,  4.8956406E-01,  0.0000000E+00, -1.6536169E-01,  1.0002578E+03,  1.5337228E+04,3,
  7.4247516E+02,  0.0000000E+00,  2.5458533E+02,2326,  6.0587841E-01,  0.0000000E+00, -2.5767910E-01,  1.0002994E+03,  1.7816361E+04,3,
  7.4399847E+02,  0.0000000E+00,  2.5445987E+02,2402,  9.2759973E-01,  0.0000000E+00, -2.2683173E-01,  1.0003911E+03,  2.3282096E+04,3,
  7.4429785E+02,  0.0000000E+00,  2.5303514E+02,2446,  8.4720951E-01,  0.0000000E+00,  3.8781326E-02,  1.0004273E+03,  2.5439396E+04,3,
  7.4587079E+02,  0.0000000E+00,  2.5296713E+02,2474,  8.8392705E-01,  0.0000000E+00, -1.5212964E-01,  1.0004368E+03,  2.6006994E+04,3,
  7.4592645E+02,  0.0000000E+00,  2.5430524E+02,2503,  9.1376829E-01,  0.0000000E+00, -8.0700994E-02,  1.0004393E+03,  2.6152535E+04,3,
  7.4718469E+02,  0.0000000E+00,  2.5283386E+02,2439,  6.6845232E-01,  0.0000000E+00, -6.8164617E-02,  1.0004898E+03,  2.9165754E+04,3,
  7.4806531E+02,  0.0000000E+00,  2.5424010E+02,2502,  1.1133260E+00,  0.0000000E+00,  3.0789522E-02,  1.0003812E+03,  2.2692830E+04,3,
  7.4839008E+02,  0.0000000E+00,  2.5288454E+02,2373,  6.6704559E-01,  0.0000000E+00, -8.0187023E-03,  1.0003864E+03,  2.3002008E+04,3,
  7.4944324E+02,  0.0000000E+00,  2.5299496E+02,2430,  8.6284178E-01,  0.0000000E+00, -2.7347451E-02,  1.0002566E+03,  1.5268170E+04,3,
  7.5041681E+02,  0.0000000E+00,  2.5460687E+02,2559,  8.2357836E-01,  0.0000000E+00,  3.1551763E-02,  1.0002506E+03,  1.4911983E+04,3,
  7.5043024E+02,  0.0000000E+00,  2.5294362E+02,2405,  8.1704503E-01,  0.0000000E+00, -1.4474229E-02,  1.0003757E+03,  2.2365475E+04,3,
  7.5169318E+02,  0.0000000E+00,  2.5284795E+02,2337,  7.4823612E-01,  0.0000000E+00,  6.4755082E-03,  1.0005351E+03,  3.1866779E+04,3,
  7.5210736E+02,  0.0000000E+00,  2.5455365E+02,2501,  7.9949200E-01,  0.0000000E+00,  1.0935244E-02,  1.0002361E+03,  1.4047014E+04,3,
  7.5299377E+02,  0.0000000E+00,  2.5287473E+02,2528,  8.5214746E-01,  0.0000000E+00,  4.8379317E-02,  1.0005495E+03,  3.2726020E+04,3,
  7.5438855E+02,  0.0000000E+00,  2.5284074E+02,2449,  8.3133376E-01,  0.0000000E+00,  3.6714436E-04,  1.0006388E+03,  3.8054238E+04,3,
  7.5403302E+02,  0.0000000E+00,  2.5439037E+02,2577,  8.5825074E-01,  0.0000000E+00, -2.5183856E-04,  1.0002068E+03,  1.2302767E+04,3,
  7.5572766E+02,  0.0000000E+00,  2.5286229E+02,2374,  7.9631555E-01,  0.0000000E+00, -2.0995529E-02,  1.0006454E+03,  3.8451328E+04,3,
  7.5617181E+02,  0.0000000E+00,  2.5399391E+02,2432,  8.1327224E-01,  0.0000000E+00,  8.5441852E-03,  1.0002469E+03,  1.4693917E+04,3,
  7.5729242E+02,  0.0000000E+00,  2.5284253E+02,2378,  7.7997732E-01,  0.0000000E+00,  2.0150712E-02,  1.0007109E+03,  4.2357500E+04,3,
  7.5812878E+02,  0.0000000E+00,  2.5366486E+02,2399,  8.0955213E-01,  0.0000000E+00, -4.1020125E-02,  1.0002692E+03,  1.6020563E+04,3,
  7.5899640E+02,  0.0000000E+00,  2.5274622E+02,2410,  8.9880288E-01,  0.0000000E+00,  1.0490277E-02,  1.0008458E+03,  5.0418820E+04,3,
  7.6009357E+02,  0.0000000E+00,  2.5320277E+02,2383,  8.2950336E-01,  0.0000000E+00, -4.8302356E-02,  1.0004628E+03,  2.7557135E+04,3,
  7.6079083E+02,  0.0000000E+00,  2.5429272E+02,2550,  8.2704163E-01,  0.0000000E+00, -2.6002735E-02,  1.0000621E+03,  3.6914058E+03,3,
  7.6141327E+02,  0.0000000E+00,  2.5292305E+02,2477,  7.6753801E-01,  0.0000000E+00,  1.3008794E-02,  1.0007377E+03,  4.3957578E+04,3,
  7.6279950E+02,  0.0000000E+00,  2.5268581E+02,2487,  8.2138020E-01,  0.0000000E+00,  2.3145348E-02,  1.0010750E+03,  6.4124523E+04,3,
  7.6311102E+02,  0.0000000E+00,  2.5489319E+02,2281,  9.3665612E-01,  0.0000000E+00,  1.1112390E-01,  1.0000218E+03,  1.2956466E+03,3,
  7.6420728E+02,  0.0000000E+00,  2.5296342E+02,2456,  8.4754610E-01,  0.0000000E+00, -3.6557823E-02,  1.0006478E+03,  3.8593410E+04,3,
  7.6526892E+02,  0.0000000E+00,  2.5497023E+02,2448,  6.9704032E-01,  0.0000000E+00,  1.1752458E-01,  1.0000737E+03,  4.3848320E+03,3,
  7.6551318E+02,  0.0000000E+00,  2.5283075E+02,2442,  8.1883693E-01,  0.0000000E+00, -2.3270125E-02,  1.0006785E+03,  4.0426086E+04,3,
  7.6662921E+02,  0.0000000E+00,  2.5305276E+02,2356,  7.9921317E-01,  0.0000000E+00,  7.4332957E-03,  1.0004137E+03,  2.4628080E+04,3,
  7.6663025E+02,  0.0000000E+00,  2.5505884E+02,2538,  5.6473279E-01,  0.0000000E+00,  8.9242391E-02,  1.0000692E+03,  4.1161689E+03,3,
  7.6775690E+02,  0.0000000E+00,  2.5289473E+02,2422,  7.6014566E-01,  0.0000000E+00,  2.5717780E-02,  1.0006826E+03,  4.0670227E+04,3,
  7.6885187E+02,  0.0000000E+00,  2.5327878E+02,2310,  7.7980572E-01,  0.0000000E+00,  3.3755690E-02,  1.0005344E+03,  3.1823092E+04,3,
  7.6970123E+02,  0.0000000E+00,  2.5272078E+02,2441,  7.3758751E-01,  0.0000000E+00, -2.8293313E-02,  1.0009493E+03,  5.6603219E+04,3,
  7.7085352E+02,  0.0000000E+00,  2.5469350E+02,2482,  7.4482173E-01,  0.0000000E+00,  2.6955210E-02,  1.0001333E+03,  7.9289604E+03,3,
  7.7133893E+02,  0.0000000E+00,  2.5298953E+02,2292,  7.1754384E-01,  0.0000000E+00, -2.8747628E-02,  1.0003885E+03,  2.3129318E+04,3,
  7.7233667E+02,  0.0000000E+00,  2.5289833E+02,2365,  7.4908042E-01,  0.0000000E+00, -8.8492809E-03,  1.0004229E+03,  2.5177439E+04,3,
  7.7240503E+02,  0.0000000E+00,  2.5485828E+02,2504,  6.6794842E-01,  0.0000000E+00,  1.2893251E-02,  1.0001581E+03,  9.4036328E+03,3,
  7.7322064E+02,  0.0000000E+00,  2.5301218E+02,2359,  6.7229217E-01,  0.0000000E+00,  1.8309092E-02,  1.0002938E+03,  1.7485533E+04,3,
  7.7411456E+02,  0.0000000E+00,  2.5294911E+02,2382,  7.2692615E-01,  0.0000000E+00,  4.8342470E-02,  1.0005425E+03,  3.2307314E+04,3,
  7.7419519E+02,  0.0000000E+00,  2.5473335E+02,2521,  7.5840789E-01,  0.0000000E+00, -1.8361495E-03,  1.0001646E+03,  9.7923145E+03,3,
  7.7586029E+02,  0.0000000E+00,  2.5325932E+02,2437,  9.1462535E-01,  0.0000000E+00,  2.4297673E-01,  1.0005408E+03,  3.2209012E+04,3,
  7.7581842E+02,  0.0000000E+00,  2.5376056E+02,2394,  5.7273543E-01,  0.0000000E+00,  1.1714809E-01,  1.0003151E+03,  1.8754379E+04,3,
  7.7807886E+02,  0.0000000E+00,  2.5498407E+02,2523,  1.2527857E+00,  0.0000000E+00,  3.6936969E-02,  1.0000630E+03,  3.7458616E+03,3,
  7.7745953E+02,  0.0000000E+00,  2.5235315E+02,2334,  4.5377618E-01,  0.0000000E+00, -3.1554821E-01,  1.0012479E+03,  7.4477406E+04,3,
  7.8036017E+02,  0.0000000E+00,  2.5457318E+02,2318,  8.7941539E-01,  0.0000000E+00,  6.2910430E-02,  1.0002047E+03,  1.2175594E+04,3,
  7.7876300E+02,  0.0000000E+00,  2.5278235E+02,2421,  2.7427080E-01,  0.0000000E+00, -3.3094165E-01,  1.0006996E+03,  4.1686930E+04,3,
  7.8079614E+02,  0.0000000E+00,  2.5517027E+02,2386,  4.7297534E-01,  0.0000000E+00, -1.7220747E-02,  1.0002118E+03,  1.2600721E+04,3,
  7.8274719E+02,  0.0000000E+00,  2.5399649E+02,2346,  7.3184848E-01,  0.0000000E+00, -1.0742535E-01,  1.0003842E+03,  2.2871061E+04,3,
  7.8266718E+02,  0.0000000E+00,  2.5500409E+02,2424,  5.6180936E-01,  0.0000000E+00, -6.9869138E-02,  1.0002678E+03,  1.5936962E+04,3,
  7.8466541E+02,  0.0000000E+00,  2.5477426E+02,2455,  7.5762922E-01,  0.0000000E+00, -4.1488919E-02,  1.0002352E+03,  1.3992502E+04,3,
  7.8504218E+02,  0.0000000E+00,  2.5388205E+02,2393,  6.0870790E-01,  0.0000000E+00,  6.2716007E-03,  1.0003240E+03,  1.9281596E+04,3,
  7.8653967E+02,  0.0000000E+00,  2.5452477E+02,2299,  6.7129886E-01,  0.0000000E+00,  1.4577129E-02,  1.0002299E+03,  1.3676336E+04,3,
  7.8781110E+02,  0.0000000E+00,  2.5411195E+02,2400,  6.3764310E-01,  0.0000000E+00,  4.2354882E-02,  1.0002921E+03,  1.7383742E+04,3,
  7.8845221E+02,  0.0000000E+00,  2.5484904E+02,2512,  6.7271203E-01,  0.0000000E+00,  1.6949350E-02,  1.0002527E+03,  1.5039191E+04,3,
  7.8981818E+02,  0.0000000E+00,  2.5411896E+02,2384,  6.7602277E-01,  0.0000000E+00,  3.2219499E-02,  1.0003130E+03,  1.8627123E+04,3,
  7.9105048E+02,  0.0000000E+00,  2.5486089E+02,2514,  6.7976761E-01,  0.0000000E+00,  1.1175781E-02,  1.0002664E+03,  1.5853360E+04,3,
  7.9202460E+02,  0.0000000E+00,  2.5397643E+02,2493,  6.3364828E-01,  0.0000000E+00,  7.8031234E-03,  1.0002999E+03,  1.7849082E+04,3,
  7.9333856E+02,  0.0000000E+00,  2.5468231E+02,2395,  6.4169133E-01,  0.0000000E+00,  2.9679372E-03,  1.0002472E+03,  1.4708455E+04,3,
  7.9427966E+02,  0.0000000E+00,  2.5400827E+02,2375,  6.3338780E-01,  0.0000000E+00,  1.8672653E-02,  1.0002518E+03,  1.4984674E+04,3,
  7.9541077E+02,  0.0000000E+00,  2.5466473E+02,2343,  6.3243502E-01,  0.0000000E+00, -1.2445247E-03,  1.0002466E+03,  1.4675745E+04,3,
  7.9653137E+02,  0.0000000E+00,  2.5423909E+02,2283,  6.5173209E-01,  0.0000000E+00,  1.5672887E-02,  1.0002626E+03,  1.5628003E+04,3,
  7.9769104E+02,  0.0000000E+00,  2.5449829E+02,2415,  6.3414764E-01,  0.0000000E+00,  7.8183236E-03,  1.0002761E+03,  1.6431314E+04,3,
  7.9887109E+02,  0.0000000E+00,  2.5458934E+02,2478,  6.3712472E-01,  0.0000000E+00,  7.5527853E-03,  1.0002810E+03,  1.6722123E+04,3,
  8.0006122E+02,  0.0000000E+00,  2.5419125E+02,2332,  6.3650978E-01,  0.0000000E+00,  1.4306306E-02,  1.0003113E+03,  1.8528955E+04,3,
  8.0124683E+02,  0.0000000E+00,  2.5459888E+02,2505,  6.1728656E-01,  0.0000000E+00,  1.5611052E-02,  1.0002925E+03,  1.7409189E+04,3,
  8.0250610E+02,  0.0000000E+00,  2.5462071E+02,2476,  6.0752851E-01,  0.0000000E+00,  2.2351928E-02,  1.0002906E+03,  1.7292857E+04,3,
  8.0361554E+02,  0.0000000E+00,  2.5421010E+02,2291,  6.0597569E-01,  0.0000000E+00,  2.4384681E-02,  1.0003217E+03,  1.9147062E+04,3,
  8.0489722E+02,  0.0000000E+00,  2.5469508E+02,2379,  5.8569473E-01,  0.0000000E+00,  2.2910899E-02,  1.0002632E+03,  1.5660716E+04,3,
  8.0587115E+02,  0.0000000E+00,  2.5413133E+02,2257,  5.8035368E-01,  0.0000000E+00,  8.0890264E-03,  1.0003050E+03,  1.8150838E+04,3,
  8.0710022E+02,  0.0000000E+00,  2.5465968E+02,2440,  5.5621010E-01,  0.0000000E+00,  1.6241778E-02,  1.0002452E+03,  1.4592154E+04,3,
  8.0811694E+02,  0.0000000E+00,  2.5410432E+02,2239,  5.8169848E-01,  0.0000000E+00,  3.2074250E-02,  1.0002944E+03,  1.7518252E+04,3,
  8.0918561E+02,  0.0000000E+00,  2.5461491E+02,2341,  5.6264168E-01,  0.0000000E+00,  3.9523475E-02,  1.0002720E+03,  1.6184135E+04,3,
  8.1037646E+02,  0.0000000E+00,  2.5459346E+02,2496,  5.6093395E-01,  0.0000000E+00,  4.3347590E-02,  1.0002872E+03,  1.7089279E+04,3,
  8.1147308E+02,  0.0000000E+00,  2.5425291E+02,2367,  5.4593134E-01,  0.0000000E+00,  3.6647849E-02,  1.0003170E+03,  1.8863455E+04,3,
  8.1266199E+02,  0.0000000E+00,  2.5455594E+02,2032,  5.4860210E-01,  0.0000000E+00,  2.5155611E-02,  1.0002609E+03,  1.5522596E+04,3,
  8.1369910E+02,  0.0000000E+00,  2.5422197E+02,2201,  5.3615350E-01,  0.0000000E+00,  1.5149322E-02,  1.0002928E+03,  1.7427365E+04,3,
  8.1486060E+02,  0.0000000E+00,  2.5440950E+02,2433,  5.5421388E-01,  0.0000000E+00,  2.3631580E-02,  1.0002682E+03,  1.5962405E+04,3,
  8.1594678E+02,  0.0000000E+00,  2.5438290E+02,2459,  5.5175734E-01,  0.0000000E+00,  4.0722273E-02,  1.0002750E+03,  1.6365885E+04,3,
  8.1704132E+02,  0.0000000E+00,  2.5414723E+02,2264,  5.0619036E-01,  0.0000000E+00,  5.9888318E-02,  1.0002961E+03,  1.7623680E+04,3,
  8.1800214E+02,  0.0000000E+00,  2.5458005E+02,2235,  4.9004471E-01,  0.0000000E+00,  5.6476720E-02,  1.0002203E+03,  1.3109442E+04,3,
  8.2070648E+02,  0.0000000E+00,  2.5158334E+02,2221,  3.5666496E-01,  0.0000000E+00,  1.7790130E-01,  1.0004346E+03,  2.5876006E+04,3,
  8.1888605E+02,  0.0000000E+00,  2.5434676E+02,2267,  4.7216487E-01,  0.0000000E+00,  4.4198286E-02,  1.0002209E+03,  1.3142147E+04,3,
  8.2227582E+02,  0.0000000E+00,  2.5267027E+02,2217,  2.8366980E-01,  0.0000000E+00,  1.5633562E-01,  1.0003146E+03,  1.8721654E+04,3,
  8.2000201E+02,  0.0000000E+00,  2.5458310E+02,2364,  4.6016726E-01,  0.0000000E+00,  8.4927719E-04,  1.0001840E+03,  1.0947553E+04,3,
  8.2382330E+02,  0.0000000E+00,  2.5320261E+02,2192,  3.9112160E-01,  0.0000000E+00, -3.2737058E-02,  1.0005013E+03,  2.9853682E+04,3,
  8.2128998E+02,  0.0000000E+00,  2.5420995E+02,2321,  6.7837709E-01,  0.0000000E+00, -1.8750468E-02,  1.0003139E+03,  1.8681660E+04,3,
  8.2268427E+02,  0.0000000E+00,  2.5436200E+02,2406,  7.8549695E-01,  0.0000000E+00,  3.5252191E-02,  1.0003218E+03,  1.9154334E+04,3,
  8.2432422E+02,  0.0000000E+00,  2.5325568E+02,2277,  6.2877947E-01,  0.0000000E+00,  4.9709368E-01,  1.0001338E+03,  7.9580161E+03,3,
  8.2525220E+02,  0.0000000E+00,  2.5319882E+02,2325,  4.4642523E-01,  0.0000000E+00, -3.6436856E-01,  9.9998254E+02, -1.0378468E+03,3,
  8.2655322E+02,  0.0000000E+00,  2.5370433E+02,2460,  4.6575341E-01,  0.0000000E+00,  5.6632534E-02,  1.0004864E+03,  2.8961932E+04,3,
  8.2691058E+02,  0.0000000E+00,  2.5275383E+02,2289,  4.9654132E-01,  0.0000000E+00,  3.5715225E-01,  1.0009477E+03,  5.6508324E+04,3,
  8.2841901E+02,  0.0000000E+00,  2.5303828E+02,2211,  7.2005779E-01,  0.0000000E+00,  3.2693267E-01,  1.0000866E+03,  5.1509243E+03,3,
  8.2899591E+02,  0.0000000E+00,  2.5299364E+02,2168,  5.5715209E-01,  0.0000000E+00,  2.8088701E-01,  1.0001197E+03,  7.1190737E+03,3,
  8.3003107E+02,  0.0000000E+00,  2.5422995E+02,2272,  5.9565550E-01,  0.0000000E+00,  3.5702072E-02,  1.0005270E+03,  3.1386221E+04,3,
  8.3022229E+02,  0.0000000E+00,  2.5290704E+02,2233,  6.2875390E-01,  0.0000000E+00,  1.8192409E-01,  1.0001343E+03,  7.9870718E+03,3,
  8.3129608E+02,  0.0000000E+00,  2.5305244E+02,2247,  5.7092810E-01,  0.0000000E+00, -2.4366814E-01,  9.9992041E+02, -4.7311187E+03,3,
  8.3202893E+02,  0.0000000E+00,  2.5292007E+02,2227,  6.5049130E-01,  0.0000000E+00, -1.7691387E-01,  1.0002174E+03,  1.2935021E+04,3,
  8.3273560E+02,  0.0000000E+00,  2.5386215E+02,2209,  7.3261946E-01,  0.0000000E+00, -8.9622349E-02,  1.0006675E+03,  3.9770219E+04,3,
  8.3347101E+02,  0.0000000E+00,  2.5296706E+02,2146,  5.9862208E-01,  0.0000000E+00, -5.1049806E-02,  1.0000906E+03,  5.3869365E+03,3,
  8.3436322E+02,  0.0000000E+00,  2.5300717E+02,2191,  4.2936978E-01,  0.0000000E+00,  2.3000531E-01,  1.0003235E+03,  1.9256145E+04,3,
  8.3584369E+02,  0.0000000E+00,  2.5373099E+02,2388,  7.3139024E-01,  0.0000000E+00, -1.0872400E-01,  1.0010259E+03,  6.1184699E+04,3,
  8.3545459E+02,  0.0000000E+00,  2.5301399E+02,2287,  6.5165430E-01,  0.0000000E+00, -2.6846513E-01,  9.9935254E+02, -3.8422000E+04,3,
  8.3691949E+02,  0.0000000E+00,  2.5293639E+02,2404,  7.1925527E-01,  0.0000000E+00, -1.0029570E-01,  1.0005692E+03,  3.3898492E+04,3,
  8.3794366E+02,  0.0000000E+00,  2.5292159E+02,2327,  7.1926981E-01,  0.0000000E+00,  1.6091831E-01,  9.9943933E+02, -3.3280203E+04,3,
  8.3982355E+02,  0.0000000E+00,  2.5289841E+02,2294,  7.9586834E-01,  0.0000000E+00,  2.9589137E-01,  1.0009329E+03,  5.5625133E+04,3,
  8.3877313E+02,  0.0000000E+00,  2.5392137E+02,2387,  4.3343687E-01,  0.0000000E+00,  3.0728468E-01,  1.0006011E+03,  3.5803148E+04,3,
  8.3981561E+02,  0.0000000E+00,  2.5297916E+02,2238,  3.4651020E-01,  0.0000000E+00,  2.2966315E-01,  1.0009878E+03,  5.8906473E+04,3,
  8.4116528E+02,  0.0000000E+00,  2.5426483E+02,2150,  6.4428687E-01,  0.0000000E+00,  4.3015030E-01,  9.9747784E+02, -1.4883227E+05,3,
  8.4148523E+02,  0.0000000E+00,  2.5434862E+02,2351,  4.2688990E-01,  0.0000000E+00,  4.3420509E-01,  1.0009750E+03,  5.8143527E+04,3,
  8.4317139E+02,  0.0000000E+00,  2.5519240E+02,2368,  1.8645748E-01,  0.0000000E+00,  7.6963621E-01,  1.0003528E+03,  2.1001613E+04,3,
  8.4329333E+02,  0.0000000E+00,  2.5487631E+02,2155,  4.6025148E-01,  0.0000000E+00,  6.9001168E-01,  1.0003564E+03,  2.1216182E+04,3,
  8.4342883E+02,  0.0000000E+00,  2.5511336E+02,2413,  5.7998210E-01,  0.0000000E+00,  1.8507177E-01,  1.0001213E+03,  7.2171284E+03,3,
  8.4333209E+02,  0.0000000E+00,  2.5523657E+02,2279,  5.6932366E-01,  0.0000000E+00,  3.4492537E-01,  1.0002112E+03,  1.2568018E+04,3,
  8.5161774E+02,  0.0000000E+00,  2.5521820E+02,2144,  1.8934224E+00,  0.0000000E+00,  1.0539612E+00,  1.0000408E+03,  2.4244851E+03,3,
  8.5210223E+02,  0.0000000E+00,  2.5523163E+02,2141,  1.7624460E+00,  0.0000000E+00,  2.0688847E-03,  1.0001022E+03,  6.0768501E+03,3,
  8.5246967E+02,  0.0000000E+00,  2.5503253E+02,2210,  1.8740461E+00,  0.0000000E+00,  8.8389441E-02,  1.0000671E+03,  3.9927314E+03,3,
  8.5250037E+02,  0.0000000E+00,  2.5521353E+02,2180,  1.7706374E+00,  0.0000000E+00,  1.5612969E-01,  1.0000949E+03,  5.6447407E+03,3,
  8.5311157E+02,  0.0000000E+00,  2.5510107E+02,2216,  1.7552865E+00,  0.0000000E+00,  4.5542464E-01,  9.9879767E+02, -7.1230820E+04,3,
  8.5502942E+02,  0.0000000E+00,  2.5506834E+02,2203,  1.8247745E+00,  0.0000000E+00,  1.0811640E-01,  1.0011613E+03,  6.9290484E+04,3,
  8.5556152E+02,  0.0000000E+00,  2.5511526E+02,2182,  1.9734600E+00,  0.0000000E+00, -2.7323428E-01,  9.9960889E+02, -2.3227523E+04,3,
  8.5593103E+02,  0.0000000E+00,  2.5512100E+02,2306,  1.9228474E+00,  0.0000000E+00, -2.7550820E-01,  9.9972827E+02, -1.6143254E+04,3,
  8.5609113E+02,  0.0000000E+00,  2.5533902E+02,2301,  1.4234104E+00,  0.0000000E+00,  8.2989514E-01,  9.9995941E+02, -2.4130078E+03,3,
  8.5895905E+02,  0.0000000E+00,  2.5501622E+02,2263,  1.6954058E+00,  0.0000000E+00, -9.4211288E-02,  1.0011614E+03,  6.9297797E+04,3,
  8.5938586E+02,  0.0000000E+00,  2.5512869E+02,2376,  1.7352524E+00,  0.0000000E+00,  3.2742777E-01,  9.9861224E+02, -8.2170406E+04,3,
  8.5960162E+02,  0.0000000E+00,  2.5501981E+02,2275,  1.5962819E+00,  0.0000000E+00,  4.3530572E-02,  9.9783197E+02, -1.2807120E+05,3,
  8.5983282E+02,  0.0000000E+00,  2.5519739E+02,2293,  1.6708682E+00,  0.0000000E+00, -2.4607053E-02,  1.0018655E+03,  1.1154020E+05,3,
  8.6218286E+02,  0.0000000E+00,  2.5513159E+02,2347,  1.7626183E+00,  0.0000000E+00,  1.2045208E-01,  9.9982794E+02, -1.0224942E+04,3,
  8.6246429E+02,  0.0000000E+00,  2.5511314E+02,2285,  1.6882299E+00,  0.0000000E+00,  1.1155169E-01,  1.0000957E+03,  5.6919448E+03,3,
  8.6318488E+02,  0.0000000E+00,  2.5523880E+02,2333,  1.7142513E+00,  0.0000000E+00,  5.5163008E-01,  1.0004716E+03,  2.8081182E+04,3,
  8.6465552E+02,  0.0000000E+00,  2.5506236E+02,2320,  1.5796505E+00,  0.0000000E+00,  4.7768453E-01,  9.9936859E+02, -3.7471223E+04,3,
  8.6512543E+02,  0.0000000E+00,  2.5505034E+02,2164,  1.6909262E+00,  0.0000000E+00, -6.3126311E-03,  9.9987402E+02, -7.4874771E+03,3,
  8.6534314E+02,  0.0000000E+00,  2.5506119E+02,2117,  1.6565791E+00,  0.0000000E+00,  4.6006373E-01,  9.9995111E+02, -2.9064226E+03,3,
  8.6564758E+02,  0.0000000E+00,  2.5493884E+02,2253,  1.6722149E+00,  0.0000000E+00,  2.2179449E-01,  9.9998657E+02, -7.9835333E+02,3,
  8.7086151E+02,  0.0000000E+00,  2.5511761E+02,2396,  1.2579319E+00,  0.0000000E+00,  5.5237547E-02,  1.0002678E+03,  1.5936962E+04,3,
  8.7100555E+02,  0.0000000E+00,  2.5508771E+02,2185,  1.2746764E+00,  0.0000000E+00,  1.2123933E-01,  1.0002994E+03,  1.7816361E+04,3,
  8.7113501E+02,  0.0000000E+00,  2.5511095E+02,2194,  1.3129938E+00,  0.0000000E+00,  3.6631194E-01,  1.0003411E+03,  2.0299752E+04,3,
  8.7150818E+02,  0.0000000E+00,  2.5510464E+02,2112,  1.2838428E+00,  0.0000000E+00,  2.7533749E-01,  9.9953479E+02, -2.7621854E+04,3,
  8.7150818E+02,  0.0000000E+00,  2.5508865E+02,2166,  1.2692165E+00,  0.0000000E+00,  1.6375536E-01,  9.9847205E+02, -9.0433633E+04,3,
  8.7480096E+02,  0.0000000E+00,  2.5499530E+02,2431,  1.2848029E+00,  0.0000000E+00, -2.2883072E-01,  1.0001274E+03,  7.5803018E+03,3,
  8.7495337E+02,  0.0000000E+00,  2.5507417E+02,2173,  1.2441516E+00,  0.0000000E+00,  1.5239623E-01,  1.0002825E+03,  1.6813002E+04,3,
  8.7567761E+02,  0.0000000E+00,  2.5521104E+02,2143,  1.2661682E+00,  0.0000000E+00, -1.6138868E-01,  1.0014880E+03,  8.8871570E+04,3,
  8.7673376E+02,  0.0000000E+00,  2.5508952E+02,2196,  1.2337791E+00,  0.0000000E+00, -5.7753377E-02,  9.9613190E+02, -2.2733772E+05,3,
  8.7685132E+02,  0.0000000E+00,  2.5499568E+02,2215,  1.3215339E+00,  0.0000000E+00, -4.0623069E-01,  1.0004693E+03,  2.7942889E+04,3,
  8.7792664E+02,  0.0000000E+00,  2.5558458E+02,2330,  1.1961696E+00,  0.0000000E+00, -1.0074618E-01,  1.0011116E+03,  6.6312609E+04,3,
  8.7875671E+02,  0.0000000E+00,  2.5493961E+02,2311,  1.3196018E+00,  0.0000000E+00, -2.1370330E-01,  1.0007230E+03,  4.3079145E+04,3,
  8.8067615E+02,  0.0000000E+00,  2.5512482E+02,2243,  1.2041316E+00,  0.0000000E+00,  1.4379275E-01,  9.9962177E+02, -2.2463564E+04,3,
  8.8077386E+02,  0.0000000E+00,  2.5509068E+02,2260,  1.2187036E+00,  0.0000000E+00, -1.7031406E-01,  9.9895270E+02, -6.2075133E+04,3,
  8.8144885E+02,  0.0000000E+00,  2.5508070E+02,2357,  1.2787032E+00,  0.0000000E+00, -9.1883399E-02,  1.0004160E+03,  2.4766326E+04,3,
  8.8166095E+02,  0.0000000E+00,  2.5503392E+02,2369,  1.1837372E+00,  0.0000000E+00, -1.1452589E-01,  1.0002379E+03,  1.4156040E+04,3,
  8.8376166E+02,  0.0000000E+00,  2.5495598E+02,2252,  1.3021996E+00,  0.0000000E+00,  7.8537539E-02,  1.0001409E+03,  8.3829619E+03,3,
  8.8441272E+02,  0.0000000E+00,  2.5500430E+02,2300,  1.2405964E+00,  0.0000000E+00, -8.0686767E-04,  1.0000112E+03,  6.6776306E+02,3,
  8.8586316E+02,  0.0000000E+00,  2.5508467E+02,2259,  1.2561626E+00,  0.0000000E+00, -3.4180660E-02,  9.9847906E+02, -9.0020094E+04,3,
  8.8654858E+02,  0.0000000E+00,  2.5548083E+02,2183,  1.1926399E+00,  0.0000000E+00,  1.1831846E-01,  1.0008107E+03,  4.8321738E+04,3,
  8.8680750E+02,  0.0000000E+00,  2.5497925E+02,2232,  1.2553289E+00,  0.0000000E+00,  9.1395877E-02,  1.0003519E+03,  2.0943426E+04,3,
  8.8707959E+02,  0.0000000E+00,  2.5498828E+02,2297,  1.2501197E+00,  0.0000000E+00,  1.5033840E-01,  1.0001475E+03,  8.7752363E+03,3,
  8.8717279E+02,  0.0000000E+00,  2.5498021E+02,2358,  1.2453389E+00,  0.0000000E+00,  1.1513318E-01,  1.0001013E+03,  6.0223813E+03,3,
  9.0030731E+02,  0.0000000E+00,  2.5504251E+02,2245,  1.4403249E+00,  0.0000000E+00, -3.5294041E-02,  1.0002344E+03,  1.3948892E+04,3,
  9.0032544E+02,  0.0000000E+00,  2.5504062E+02,2153,  1.4402634E+00,  0.0000000E+00, -3.4116097E-02,  1.0002510E+03,  1.4937425E+04,3,
  9.0035205E+02,  0.0000000E+00,  2.5502577E+02,2340,  1.4378430E+00,  0.0000000E+00,  6.5194286E-02,  1.0002743E+03,  1.6322265E+04,3,
  9.0051733E+02,  0.0000000E+00,  2.5519386E+02,2302,  1.4477639E+00,  0.0000000E+00,  1.7780890E-03,  1.0006922E+03,  4.1242336E+04,3,
  9.0072467E+02,  0.0000000E+00,  2.5504353E+02,2273,  1.4484814E+00,  0.0000000E+00, -1.0824750E-02,  9.9826465E+02, -1.0264482E+05,3,
  9.0445465E+02,  0.0000000E+00,  2.5512532E+02,2193,  1.4351451E+00,  0.0000000E+00, -7.4173495E-02,  1.0001924E+03,  1.1445290E+04,3,
  9.0469189E+02,  0.0000000E+00,  2.5515376E+02,2231,  1.4366940E+00,  0.0000000E+00, -6.0312845E-02,  1.0002945E+03,  1.7525523E+04,3,
  9.0490570E+02,  0.0000000E+00,  2.5520828E+02,2142,  1.4429479E+00,  0.0000000E+00, -4.3049198E-02,  1.0004285E+03,  2.5508525E+04,3,
  9.0581165E+02,  0.0000000E+00,  2.5508183E+02,2160,  1.4523158E+00,  0.0000000E+00, -3.5730552E-02,  9.9642529E+02, -2.1027891E+05,3,
  9.0597711E+02,  0.0000000E+00,  2.5481157E+02,2106,  1.4381412E+00,  0.0000000E+00, -2.7684312E-02,  1.0019395E+03,  1.1598902E+05,3,
  9.0753394E+02,  0.0000000E+00,  2.5537935E+02,2296,  1.4438660E+00,  0.0000000E+00, -2.0051874E-02,  1.0008434E+03,  5.0272922E+04,3,
  9.0846338E+02,  0.0000000E+00,  2.5507634E+02,2138,  1.4408345E+00,  0.0000000E+00, -2.8895210E-02,  9.9966870E+02, -1.9678779E+04,3,
  9.0892194E+02,  0.0000000E+00,  2.5505818E+02,2313,  1.4532073E+00,  0.0000000E+00,  9.6013315E-02,  9.9979840E+02, -1.1979422E+04,3,
  9.1039062E+02,  0.0000000E+00,  2.5508322E+02,2322,  1.4451113E+00,  0.0000000E+00, -3.4486651E-03,  1.0006302E+03,  3.7544238E+04,3,
  9.1096497E+02,  0.0000000E+00,  2.5507173E+02,2195,  1.4417263E+00,  0.0000000E+00, -2.4606965E-02,  9.9849249E+02, -8.9228938E+04,3,
  9.1125031E+02,  0.0000000E+00,  2.5510748E+02,2200,  1.4425533E+00,  0.0000000E+00,  3.3475742E-02,  1.0005482E+03,  3.2649561E+04,3,
  9.1245959E+02,  0.0000000E+00,  2.5509572E+02,2274,  1.4501487E+00,  0.0000000E+00,  1.1696628E-02,  1.0004942E+03,  2.9427816E+04,3,
  9.1370691E+02,  0.0000000E+00,  2.5510437E+02,2214,  1.4369880E+00,  0.0000000E+00, -1.4699245E-03,  1.0002739E+03,  1.6296819E+04,3,
  9.1457831E+02,  0.0000000E+00,  2.5509772E+02,2206,  1.4655311E+00,  0.0000000E+00, -4.2049065E-02,  9.9820319E+02, -1.0626070E+05,3,
  9.1524011E+02,  0.0000000E+00,  2.5561617E+02,2148,  1.4223783E+00,  0.0000000E+00,  7.0180050E-03,  1.0008176E+03,  4.8730180E+04,3,
  9.1595270E+02,  0.0000000E+00,  2.5499925E+02,2342,  1.4476218E+00,  0.0000000E+00,  1.6712956E-02,  1.0001948E+03,  1.1590620E+04,3,
  9.1610242E+02,  0.0000000E+00,  2.5499352E+02,2208,  1.4424776E+00,  0.0000000E+00, -2.0682709E-02,  1.0001290E+03,  7.6710972E+03,3,
  9.1611749E+02,  0.0000000E+00,  2.5498930E+02,2270,  1.4467596E+00,  0.0000000E+00,  1.6191155E-02,  1.0001230E+03,  7.3151836E+03,3,
  9.2740997E+02,  0.0000000E+00,  2.5505017E+02,2219,  3.6997318E+00,  0.0000000E+00,  1.8203108E-01,  1.0000004E+03,  2.1774174E+01,3,
  9.2769293E+02,  0.0000000E+00,  2.5504800E+02,2176,  3.7490294E+00,  0.0000000E+00,  1.4310597E-01,  9.9912372E+02, -5.1965141E+04,3,
  9.2771283E+02,  0.0000000E+00,  2.5505800E+02,2315,  3.6985767E+00,  0.0000000E+00,  1.2407181E-01,  9.9903351E+02, -5.7299258E+04,3,
  9.2767828E+02,  0.0000000E+00,  2.5508002E+02,2225,  3.6377313E+00,  0.0000000E+00, -9.3965954E-01,  9.9923517E+02, -4.5371102E+04,3,
  9.2835120E+02,  0.0000000E+00,  2.5507846E+02,2305,  4.1893692E+00,  0.0000000E+00,  1.3474314E-01,  1.0005953E+03,  3.5457148E+04,3,
  9.3195746E+02,  0.0000000E+00,  2.5536116E+02,2179,  4.3669877E+00,  0.0000000E+00, -6.4671832E-01,  1.0003761E+03,  2.2387299E+04,3,
  9.3186761E+02,  0.0000000E+00,  2.5495741E+02,2224,  2.8591518E+00,  0.0000000E+00, -7.0023596E-01,  1.0046112E+03,  2.7799491E+05,3,
  9.3217200E+02,  0.0000000E+00,  2.5508356E+02,2188,  3.4999690E+00,  0.0000000E+00, -1.8590559E-01,  9.9758630E+02, -1.4247839E+05,3,
  9.3225397E+02,  0.0000000E+00,  2.5506882E+02,2130,  3.5178447E+00,  0.0000000E+00, -2.8255150E-01,  9.9863501E+02, -8.0827922E+04,3,
  9.3233551E+02,  0.0000000E+00,  2.5506973E+02,2184,  3.2559733E+00,  0.0000000E+00, -4.1187862E-01,  9.9822717E+02, -1.0484970E+05,3,
  9.3662677E+02,  0.0000000E+00,  2.5300673E+02,2276,  4.6538959E+00,  0.0000000E+00, -3.1629748E+00,  9.9972375E+02, -1.6411361E+04,3,
  9.3675122E+02,  0.0000000E+00,  2.5296596E+02,2147,  4.6833053E+00,  0.0000000E+00, -2.8114386E+00,  9.9979303E+02, -1.2298385E+04,3,
  9.3686920E+02,  0.0000000E+00,  2.5294507E+02,2171,  4.6323981E+00,  0.0000000E+00, -2.3993275E+00,  9.9993982E+02, -3.5775725E+03,3,
  9.3773871E+02,  0.0000000E+00,  2.5374655E+02,2094,  2.4963813E+00,  0.0000000E+00, -1.7949001E-01,  1.0004923E+03,  2.9314982E+04,3,
  9.3871222E+02,  0.0000000E+00,  2.5299136E+02,2197,  4.4134874E+00,  0.0000000E+00,  2.0550406E+00,  9.9943469E+02, -3.3555078E+04,3,
  9.3886322E+02,  0.0000000E+00,  2.5311937E+02,2316,  4.1206646E+00,  0.0000000E+00,  2.5691631E+00,  9.9948138E+02, -3.0787891E+04,3,
  9.3891724E+02,  0.0000000E+00,  2.5318289E+02,2352,  3.9678755E+00,  0.0000000E+00,  2.6041858E+00,  9.9956848E+02, -2.5624016E+04,3,
  1.3647871E+03,  0.0000000E+00,  2.5155424E+02,2039,  1.2728474E+00,  0.0000000E+00, -6.5723836E-01,  9.9912073E+02, -5.2142031E+04,3,
 -3.9652765E+02,  0.0000000E+00,  2.6405450E+02,3811,  8.4276847E-04,  0.0000000E+00, -3.3549973E-04,  1.0006689E+03,  3.9850379E+04,3,
 -3.9383597E+02,  0.0000000E+00,  2.6400531E+02,3816,  2.0526710E-03,  0.0000000E+00, -9.9898731E-05,  1.0002456E+03,  1.4613961E+04,3,
 -3.9095380E+02,  0.0000000E+00,  2.6357083E+02,3802,  2.0009670E-03,  0.0000000E+00, -1.7093256E-04,  1.0003154E+03,  1.8768922E+04,3,
 -3.8674387E+02,  0.0000000E+00,  2.6368448E+02,3793, -8.6944446E-04,  0.0000000E+00, -1.3951799E-04,  1.0002392E+03,  1.4232358E+04,3,
 -3.8826443E+02,  0.0000000E+00,  2.6442499E+02,3803,  2.8525426E-03,  0.0000000E+00,  2.1974267E-03,  1.0008304E+03,  4.9496051E+04,3,
 -3.8387143E+02,  0.0000000E+00,  2.6392648E+02,3794, -9.4941599E-05,  0.0000000E+00, -3.4357302E-04,  1.0004078E+03,  2.4278834E+04,3,
 -3.8133670E+02,  0.0000000E+00,  2.6364038E+02,3784,  7.9333415E-04,  0.0000000E+00, -5.4297987E-05,  1.0004605E+03,  2.7418850E+04,3,
 -3.7832361E+02,  0.0000000E+00,  2.6357904E+02,3775,  1.0330478E-03,  0.0000000E+00,  8.1876213E-05,  1.0003856E+03,  2.2954721E+04,3,
 -3.7522046E+02,  0.0000000E+00,  2.6351541E+02,3766,  1.7302770E-03,  0.0000000E+00, -2.3766291E-04,  1.0003748E+03,  2.2310916E+04,3,
 -3.7232172E+02,  0.0000000E+00,  2.6400165E+02,3776,  3.3980776E-03,  0.0000000E+00,  4.7917703E-05,  1.0002641E+03,  1.5715237E+04,3,
 -3.7087357E+02,  0.0000000E+00,  2.6432257E+02,3777,  2.5855736E-03,  0.0000000E+00, -1.4491882E-03,  1.0006153E+03,  3.6651801E+04,3,
 -3.6878339E+02,  0.0000000E+00,  2.6361823E+02,3757,  5.3659473E-03,  0.0000000E+00, -1.3052428E-04,  1.0002731E+03,  1.6249564E+04,3,
 -3.6585745E+02,  0.0000000E+00,  2.6384396E+02,3767,  7.7852174E-03,  0.0000000E+00, -5.6491588E-04,  1.0002474E+03,  1.4719358E+04,3,
 -3.6317816E+02,  0.0000000E+00,  2.6358209E+02,3748,  1.1973687E-02,  0.0000000E+00, -1.3132470E-03,  1.0003239E+03,  1.9274324E+04,3,
 -3.5994217E+02,  0.0000000E+00,  2.6358420E+02,3739,  1.9298313E-02,  0.0000000E+00, -5.2039779E-04,  1.0003956E+03,  2.3547641E+04,3,
 -3.5707101E+02,  0.0000000E+00,  2.6387686E+02,3750,  1.5568499E-02,  0.0000000E+00,  1.3639838E-03,  1.0002202E+03,  1.3098541E+04,3,
 -3.5514093E+02,  0.0000000E+00,  2.6425275E+02,3740,  1.3327132E-02,  0.0000000E+00,  4.8864624E-03,  1.0005859E+03,  3.4896297E+04,3,
 -3.5297726E+02,  0.0000000E+00,  2.6356290E+02,3730,  2.1555875E-03,  0.0000000E+00,  3.6318772E-04,  1.0002289E+03,  1.3621825E+04,3,
 -3.4986404E+02,  0.0000000E+00,  2.6388043E+02,3760,  3.3339516E-03,  0.0000000E+00, -1.1594337E-03,  1.0003597E+03,  2.1412570E+04,3,
 -3.4801245E+02,  0.0000000E+00,  2.6415558E+02,3741,  4.3881354E-03,  0.0000000E+00,  2.9097288E-04,  1.0005403E+03,  3.2176244E+04,3,
 -3.4581662E+02,  0.0000000E+00,  2.6366138E+02,3721,  3.5289710E-03,  0.0000000E+00,  2.4687432E-04,  1.0003939E+03,  2.3449424E+04,3,
 -3.4325354E+02,  0.0000000E+00,  2.6388528E+02,3731,  1.9329247E-03,  0.0000000E+00,  1.1573831E-03,  1.0004310E+03,  2.5657699E+04,3,
 -3.4052783E+02,  0.0000000E+00,  2.6354114E+02,3712, -1.7563411E-03,  0.0000000E+00, -1.0100031E-04,  1.0004371E+03,  2.6021547E+04,3,
 -3.3715710E+02,  0.0000000E+00,  2.6357404E+02,3703, -1.2063840E-03,  0.0000000E+00, -5.7314934E-05,  1.0002913E+03,  1.7336480E+04,3,
 -3.3420560E+02,  0.0000000E+00,  2.6359528E+02,3694, -2.2021127E-03,  0.0000000E+00,  2.0652074E-04,  1.0003508E+03,  2.0881604E+04,3,
 -3.3073059E+02,  0.0000000E+00,  2.6348029E+02,3685, -2.8583186E-03,  0.0000000E+00, -1.2117410E-04,  1.0004045E+03,  2.4082389E+04,3,
 -3.2751633E+02,  0.0000000E+00,  2.6378796E+02,3713, -1.3525346E-04,  0.0000000E+00, -3.3301246E-04,  1.0001683E+03,  1.0010274E+04,3,
 -3.2469193E+02,  0.0000000E+00,  2.6378931E+02,3704, -1.2654082E-04,  0.0000000E+00,  1.9853333E-05,  1.0002480E+03,  1.4759337E+04,3,
 -3.2165448E+02,  0.0000000E+00,  2.6358112E+02,3676,  1.5852882E-03,  0.0000000E+00, -2.5530806E-04,  1.0003638E+03,  2.1652607E+04,3,
 -3.1854691E+02,  0.0000000E+00,  2.6357932E+02,3667,  1.4502313E-03,  0.0000000E+00,  1.4803925E-04,  1.0002684E+03,  1.5973311E+04,3,
 -3.1528381E+02,  0.0000000E+00,  2.6354150E+02,3658,  1.5079114E-03,  0.0000000E+00,  5.4534892E-05,  1.0002497E+03,  1.4857467E+04,3,
 -3.1230368E+02,  0.0000000E+00,  2.6389771E+02,3677,  1.5054145E-03,  0.0000000E+00, -3.9049156E-04,  1.0003235E+03,  1.9252508E+04,3,
 -3.0973276E+02,  0.0000000E+00,  2.6369449E+02,3649,  4.8625125E-03,  0.0000000E+00, -1.2335950E-03,  1.0003746E+03,  2.2296367E+04,3,
 -3.0681500E+02,  0.0000000E+00,  2.6358517E+02,3640,  8.4173493E-03,  0.0000000E+00, -5.6619370E-05,  1.0003083E+03,  1.8350803E+04,3,
 -3.0346814E+02,  0.0000000E+00,  2.6355075E+02,3631,  1.4081036E-02,  0.0000000E+00, -1.5815817E-03,  1.0003015E+03,  1.7943607E+04,3,
 -3.0034555E+02,  0.0000000E+00,  2.6355402E+02,3622,  1.9330207E-02,  0.0000000E+00,  2.7543143E-04,  1.0003649E+03,  2.1718072E+04,3,
 -2.9714642E+02,  0.0000000E+00,  2.6360690E+02,3613,  1.8833334E-02,  0.0000000E+00, -2.0385871E-03,  1.0000850E+03,  5.0565215E+03,3,
 -2.9556668E+02,  0.0000000E+00,  2.6447659E+02,3660,  3.8072150E-03,  0.0000000E+00,  2.2122972E-02,  1.0007856E+03,  4.6819406E+04,3,
 -2.9298328E+02,  0.0000000E+00,  2.6347623E+02,3604, -7.0437486E-03,  0.0000000E+00,  6.5389824E-05,  1.0001059E+03,  6.2983589E+03,3,
 -2.8967371E+02,  0.0000000E+00,  2.6379395E+02,3642, -3.7828491E-03,  0.0000000E+00, -2.8798343E-03,  1.0002762E+03,  1.6434949E+04,3,
 -2.8757733E+02,  0.0000000E+00,  2.6408679E+02,3632,  8.2060844E-03,  0.0000000E+00, -2.0828500E-04,  1.0004435E+03,  2.6403604E+04,3,
 -2.8513467E+02,  0.0000000E+00,  2.6361136E+02,3595,  1.9914217E-03,  0.0000000E+00,  6.5980898E-04,  1.0002999E+03,  1.7849082E+04,3,
 -2.8211099E+02,  0.0000000E+00,  2.6358871E+02,3586,  2.3996218E-03,  0.0000000E+00,  3.4764048E-04,  1.0003441E+03,  2.0481576E+04,3,
 -2.7877695E+02,  0.0000000E+00,  2.6350015E+02,3577,  2.0694226E-04,  0.0000000E+00,  1.9933360E-04,  1.0003134E+03,  1.8652574E+04,3,
 -2.7528488E+02,  0.0000000E+00,  2.6351529E+02,3568,  3.8829665E-03,  0.0000000E+00, -6.9482182E-04,  1.0001714E+03,  1.0199176E+04,3,
 -2.7227646E+02,  0.0000000E+00,  2.6384329E+02,3624,  5.8696275E-03,  0.0000000E+00, -1.0839017E-03,  1.0002985E+03,  1.7765465E+04,3,
 -2.7001099E+02,  0.0000000E+00,  2.6410934E+02,3634,  1.1809592E-02,  0.0000000E+00, -4.6899459E-05,  1.0003776E+03,  2.2474592E+04,3,
 -2.6803201E+02,  0.0000000E+00,  2.6384494E+02,3596,  8.6585805E-03,  0.0000000E+00,  1.0283222E-04,  1.0002758E+03,  1.6413141E+04,3,
 -2.6478134E+02,  0.0000000E+00,  2.6357901E+02,3559,  9.6746460E-03,  0.0000000E+00, -2.4494837E-04,  1.0003363E+03,  2.0016113E+04,3,
 -2.6206531E+02,  0.0000000E+00,  2.6375433E+02,3550,  8.9987470E-03,  0.0000000E+00,  9.0657145E-04,  1.0003470E+03,  2.0656131E+04,3,
 -2.5973251E+02,  0.0000000E+00,  2.6392053E+02,3606,  3.1877540E-03,  0.0000000E+00,  1.5049328E-03,  1.0003569E+03,  2.1245275E+04,3,
 -2.5674759E+02,  0.0000000E+00,  2.6346741E+02,3541,  1.3539683E-03,  0.0000000E+00,  3.1412052E-04,  1.0002307E+03,  1.3727212E+04,3,
 -2.5323543E+02,  0.0000000E+00,  2.6353653E+02,3532,  2.6021504E-03,  0.0000000E+00, -1.0594812E-03,  1.0001442E+03,  8.5754648E+03,3,
 -2.5110434E+02,  0.0000000E+00,  2.6433682E+02,3569,  1.0285647E-02,  0.0000000E+00, -2.1655335E-04,  1.0005889E+03,  3.5074746E+04,3,
 -2.4893199E+02,  0.0000000E+00,  2.6358676E+02,3523, -1.4143492E-04,  0.0000000E+00,  2.0774831E-03,  1.0002068E+03,  1.2302767E+04,3,
 -2.4585330E+02,  0.0000000E+00,  2.6378937E+02,3578, -6.4400123E-03,  0.0000000E+00, -1.3981079E-04,  1.0002017E+03,  1.1997555E+04,3,
 -2.4312653E+02,  0.0000000E+00,  2.6374713E+02,3560, -6.5225093E-03,  0.0000000E+00,  7.5210276E-04,  1.0002840E+03,  1.6900246E+04,3,
 -2.4024507E+02,  0.0000000E+00,  2.6385803E+02,3551, -2.9281785E-03,  0.0000000E+00, -5.5397027E-03,  1.0002838E+03,  1.6889340E+04,3,
 -2.3770717E+02,  0.0000000E+00,  2.6365591E+02,3514,  3.1583913E-02,  0.0000000E+00, -2.8709085E-03,  1.0003159E+03,  1.8798010E+04,3,
 -2.3460498E+02,  0.0000000E+00,  2.6353299E+02,3505,  3.1048654E-02,  0.0000000E+00,  4.6115695E-03,  1.0002269E+03,  1.3498270E+04,3,
 -2.3087599E+02,  0.0000000E+00,  2.6347345E+02,3496,  2.5023227E-03,  0.0000000E+00, -1.0614778E-03,  1.0000466E+03,  2.7729629E+03,3,
 -2.2715889E+02,  0.0000000E+00,  2.6352948E+02,3487, -2.2009921E-03,  0.0000000E+00,  9.2333253E-04,  1.0000359E+03,  2.1340964E+03,3,
 -2.2340030E+02,  0.0000000E+00,  2.6353342E+02,3478, -1.9674074E-02,  0.0000000E+00,  2.0103215E-03,  1.0002609E+03,  1.5522596E+04,3,
 -2.2595686E+02,  0.0000000E+00,  2.6489996E+02,3626,  1.4325673E-02,  0.0000000E+00,  1.0191038E-02,  1.0003279E+03,  1.9517945E+04,3,
 -2.2040233E+02,  0.0000000E+00,  2.6393890E+02,3533, -1.7760318E-02,  0.0000000E+00, -6.0921921E-03,  1.0002184E+03,  1.2996795E+04,3,
 -2.1857024E+02,  0.0000000E+00,  2.6420477E+02,3543,  7.2058113E-03,  0.0000000E+00,  3.2722610E-03,  1.0004087E+03,  2.4329764E+04,3,
 -2.1636200E+02,  0.0000000E+00,  2.6360583E+02,3469, -8.3927521E-03,  0.0000000E+00,  1.0157085E-03,  1.0002067E+03,  1.2295499E+04,3,
 -2.1289824E+02,  0.0000000E+00,  2.6346048E+02,3460, -1.7115782E-03,  0.0000000E+00, -2.9953098E-04,  1.0001527E+03,  9.0839814E+03,3,
 -2.0926732E+02,  0.0000000E+00,  2.6350110E+02,3451,  1.0100427E-02,  0.0000000E+00, -3.3438599E-03,  1.0000901E+03,  5.3578887E+03,3,
 -2.0603029E+02,  0.0000000E+00,  2.6368756E+02,3442,  2.6094524E-02,  0.0000000E+00,  4.4785830E-04,  1.0003370E+03,  2.0059748E+04,3,
 -2.0384807E+02,  0.0000000E+00,  2.6391156E+02,3506,  2.5720166E-03,  0.0000000E+00,  6.6539398E-03,  1.0002784E+03,  1.6565812E+04,3,
 -2.0067522E+02,  0.0000000E+00,  2.6350739E+02,3433,  1.0688457E-03,  0.0000000E+00, -1.2464183E-03,  1.0003656E+03,  2.1761717E+04,3,
 -1.9718536E+02,  0.0000000E+00,  2.6352158E+02,3424,  6.9535300E-03,  0.0000000E+00, -1.7419781E-03,  1.0001719E+03,  1.0224604E+04,3,
 -1.9430655E+02,  0.0000000E+00,  2.6398892E+02,3497,  2.5441442E-02,  0.0000000E+00, -2.6914938E-03,  1.0003079E+03,  1.8325352E+04,3,
 -1.9227995E+02,  0.0000000E+00,  2.6386526E+02,3498,  1.1673250E-02,  0.0000000E+00,  5.5603408E-03,  1.0002528E+03,  1.5042826E+04,3,
 -1.8876471E+02,  0.0000000E+00,  2.6349918E+02,3415,  1.1469518E-02,  0.0000000E+00,  1.5596442E-04,  1.0001624E+03,  9.6615420E+03,3,
 -1.8521548E+02,  0.0000000E+00,  2.6351724E+02,3406,  1.9281702E-02,  0.0000000E+00, -1.7872883E-03,  1.0001136E+03,  6.7559170E+03,3,
 -1.8189809E+02,  0.0000000E+00,  2.6384009E+02,3508,  3.9793305E-02,  0.0000000E+00, -8.6083999E-03,  1.0003068E+03,  1.8256273E+04,3,
 -1.7892125E+02,  0.0000000E+00,  2.6364038E+02,3397,  5.7089929E-02,  0.0000000E+00,  4.6215998E-03,  1.0002753E+03,  1.6380425E+04,3,
 -1.7550203E+02,  0.0000000E+00,  2.6368448E+02,3388,  1.0031620E-01,  0.0000000E+00, -7.0131654E-03,  1.0002329E+03,  1.3858039E+04,3,
 -1.7271179E+02,  0.0000000E+00,  2.6356665E+02,3379,  6.3040040E-02,  0.0000000E+00,  7.4276268E-03,  1.0002043E+03,  1.2153793E+04,3,
 -1.6908234E+02,  0.0000000E+00,  2.6348578E+02,3370,  3.8761781E-03,  0.0000000E+00,  3.7011721E-03,  1.0002311E+03,  1.3752650E+04,3,
 -1.6552121E+02,  0.0000000E+00,  2.6370773E+02,3489, -1.5970932E-02,  0.0000000E+00,  3.7526819E-03,  1.0001017E+03,  6.0514312E+03,3,
 -1.6242346E+02,  0.0000000E+00,  2.6378796E+02,3480, -3.9799269E-02,  0.0000000E+00, -1.9296589E-03,  1.0001854E+03,  1.1031112E+04,3,
 -1.5906595E+02,  0.0000000E+00,  2.6351242E+02,3361, -1.5552294E-02,  0.0000000E+00, -3.8574920E-03,  1.0001362E+03,  8.0996626E+03,3,
 -1.5535980E+02,  0.0000000E+00,  2.6366583E+02,3352,  1.8161403E-03,  0.0000000E+00, -7.4684469E-04,  1.0003494E+03,  2.0794322E+04,3,
 -1.5259828E+02,  0.0000000E+00,  2.6392032E+02,3407,  1.5654745E-02,  0.0000000E+00, -1.6522164E-03,  1.0003157E+03,  1.8790736E+04,3,
 -1.4987520E+02,  0.0000000E+00,  2.6361520E+02,3343,  3.6427464E-02,  0.0000000E+00, -4.1832039E-03,  1.0003812E+03,  2.2689191E+04,3,
 -1.4682481E+02,  0.0000000E+00,  2.6352380E+02,3334,  5.1891506E-02,  0.0000000E+00, -1.8586514E-03,  1.0002693E+03,  1.6027833E+04,3,
 -1.4321510E+02,  0.0000000E+00,  2.6364709E+02,3325,  1.0433451E-01,  0.0000000E+00, -1.8442817E-02,  1.0000133E+03,  7.9115900E+02,3,
 -1.4215622E+02,  0.0000000E+00,  2.6454147E+02,3389, -6.5528199E-02,  0.0000000E+00,  1.2010503E-01,  1.0006666E+03,  3.9711922E+04,3,
 -1.3918506E+02,  0.0000000E+00,  2.6351138E+02,3316, -6.5324426E-02,  0.0000000E+00,  4.6896832E-03,  1.0002908E+03,  1.7303764E+04,3,
 -1.3562691E+02,  0.0000000E+00,  2.6369458E+02,3307,  5.3905463E-03,  0.0000000E+00, -2.3737770E-02,  1.0002149E+03,  1.2786038E+04,3,
 -1.3342723E+02,  0.0000000E+00,  2.6394937E+02,3298,  9.2475303E-02,  0.0000000E+00,  2.5547231E-03,  1.0004250E+03,  2.5301141E+04,3,
 -1.3077385E+02,  0.0000000E+00,  2.6353445E+02,3289,  9.7468058E-03,  0.0000000E+00,  1.1384107E-02,  1.0001557E+03,  9.2619678E+03,3,
 -1.2702632E+02,  0.0000000E+00,  2.6347928E+02,3280,  8.5211295E-04,  0.0000000E+00,  1.2600231E-03,  1.0003035E+03,  1.8063582E+04,3,
 -1.2350714E+02,  0.0000000E+00,  2.6393781E+02,3399,  3.7032727E-02,  0.0000000E+00, -2.0710088E-02,  1.0002928E+03,  1.7427365E+04,3,
 -1.2184760E+02,  0.0000000E+00,  2.6397153E+02,3371,  1.2486075E-01,  0.0000000E+00,  9.7891204E-03,  1.0003223E+03,  1.9179787E+04,3,
 -1.1878725E+02,  0.0000000E+00,  2.6351358E+02,3271,  4.0976949E-02,  0.0000000E+00,  8.4455693E-03,  1.0002816E+03,  1.6754838E+04,3,
 -1.1505553E+02,  0.0000000E+00,  2.6350055E+02,3262, -9.1084829E-03,  0.0000000E+00, -8.4693270E-04,  9.9994415E+02, -3.3200015E+03,3,
 -1.1161803E+02,  0.0000000E+00,  2.6382147E+02,3436, -2.7383603E-02,  0.0000000E+00,  1.0765982E-02,  1.0001648E+03,  9.8032129E+03,3,
 -1.0878226E+02,  0.0000000E+00,  2.6401288E+02,3391, -4.5239605E-02,  0.0000000E+00, -1.3092241E-02,  1.0002122E+03,  1.2622522E+04,3,
 -1.0602908E+02,  0.0000000E+00,  2.6378549E+02,3253,  3.1269318E-03,  0.0000000E+00, -2.8871233E-03,  1.0002618E+03,  1.5580752E+04,3,
 -1.0294767E+02,  0.0000000E+00,  2.6367389E+02,3244, -6.8593482E-03,  0.0000000E+00,  4.1990341E-03,  1.0002752E+03,  1.6376789E+04,3,
 -9.9130943E+01,  0.0000000E+00,  2.6382120E+02,3443, -2.2652164E-02,  0.0000000E+00, -1.6446600E-03,  9.9992999E+02, -4.1616177E+03,3,
 -9.4934639E+01,  0.0000000E+00,  2.6359091E+02,3235, -1.5925229E-02,  0.0000000E+00,  2.2153048E-04,  9.9989929E+02, -5.9860825E+03,3,
 -9.1374855E+01,  0.0000000E+00,  2.6405139E+02,3335, -3.5609923E-02,  0.0000000E+00, -4.0663346E-03,  9.9973901E+02, -1.5505566E+04,3,
 -8.7035851E+01,  0.0000000E+00,  2.6355328E+02,3226, -1.7476831E-02,  0.0000000E+00,  4.0264092E-03,  1.0001909E+03,  1.1358094E+04,3,
 -8.4127319E+01,  0.0000000E+00,  2.6427179E+02,3481,  8.1120163E-02,  0.0000000E+00, -2.2164030E-02,  1.0002224E+03,  1.3229359E+04,3,
 -8.0476074E+01,  0.0000000E+00,  2.6370361E+02,3208,  4.7285154E-02,  0.0000000E+00,  2.7502503E-04,  1.0002379E+03,  1.4156040E+04,3,
 -7.7743759E+01,  0.0000000E+00,  2.6404660E+02,3199,  6.8748027E-02,  0.0000000E+00,  4.0762383E-04,  1.0003299E+03,  1.9634303E+04,3,
 -7.2901711E+01,  0.0000000E+00,  2.6436844E+02,3290,  4.3552257E-02,  0.0000000E+00, -1.8212012E-03,  1.0002545E+03,  1.5140959E+04,3,
 -7.4997787E+01,  0.0000000E+00,  2.6439435E+02,3472,  4.3754600E-02,  0.0000000E+00,  5.5590249E-03,  1.0002539E+03,  1.5108248E+04,3,
 -7.0940010E+01,  0.0000000E+00,  2.6451242E+02,3427,  4.5132834E-02,  0.0000000E+00, -9.3374569E-03,  1.0002965E+03,  1.7645492E+04,3,
 -6.8559753E+01,  0.0000000E+00,  2.6396497E+02,3308,  4.1341837E-02,  0.0000000E+00, -1.1184971E-03,  1.0002255E+03,  1.3418323E+04,3,
 -6.4735794E+01,  0.0000000E+00,  2.6398721E+02,3190,  3.0505510E-02,  0.0000000E+00,  4.1915653E-03,  1.0002342E+03,  1.3934355E+04,3,
 -6.1806393E+01,  0.0000000E+00,  2.6436322E+02,3181,  3.8267396E-02,  0.0000000E+00, -2.0660420E-03,  1.0003834E+03,  2.2820137E+04,3,
 -5.8385078E+01,  0.0000000E+00,  2.6445395E+02,3317,  3.7905853E-02,  0.0000000E+00,  4.4963317E-04,  1.0005476E+03,  3.2613150E+04,3,
 -5.6278831E+01,  0.0000000E+00,  2.6458536E+02,3336,  2.2586638E-02,  0.0000000E+00, -4.7997753E-05,  1.0001089E+03,  6.4799272E+03,3,
 -4.9696468E+01,  0.0000000E+00,  2.6484290E+02,3456,  3.7639318E-03,  0.0000000E+00,  3.5163485E-03,  1.0002153E+03,  1.2807840E+04,3,
 -4.2980900E+01,  0.0000000E+00,  2.6484402E+02,3163,  6.6078599E-03,  0.0000000E+00, -4.3457500E-03,  1.0001330E+03,  7.9108008E+03,3,
 -3.5412235E+01,  0.0000000E+00,  2.6497836E+02,3466,  1.8472733E-02,  0.0000000E+00,  1.3853508E-03,  1.0002462E+03,  1.4646670E+04,3,
  2.1039877E+02,  0.0000000E+00,  2.5836893E+02,3404,  5.7544056E-02,  0.0000000E+00, -3.3325037E-01,  1.0004685E+03,  2.7895578E+04,3,
 -3.9729733E+02,  0.0000000E+00,  2.6571716E+02,3820, -1.4256737E-04,  0.0000000E+00, -2.8071617E-04,  9.9998584E+02, -8.4189801E+02,3,
 -3.9654688E+02,  0.0000000E+00,  2.6577036E+02,3815, -5.3234171E-04,  0.0000000E+00, -4.0205056E-04,  1.0000725E+03,  4.3122197E+03,3,
 -3.9712238E+02,  0.0000000E+00,  2.6698148E+02,3828,  1.1256813E-04,  0.0000000E+00, -2.2304516E-04,  1.0003740E+03,  2.2263633E+04,3,
 -3.9475977E+02,  0.0000000E+00,  2.6590262E+02,3821, -7.2892336E-04,  0.0000000E+00, -5.2910001E-04,  1.0002413E+03,  1.4359558E+04,3,
 -3.9371359E+02,  0.0000000E+00,  2.6597156E+02,3822, -3.5017787E-04,  0.0000000E+00, -3.9836412E-04,  1.0002607E+03,  1.5511692E+04,3,
 -3.9261047E+02,  0.0000000E+00,  2.6602039E+02,3823, -2.1604508E-04,  0.0000000E+00, -1.6774623E-04,  1.0002358E+03,  1.4028843E+04,3,
 -3.9161584E+02,  0.0000000E+00,  2.6603049E+02,3824,  3.5187896E-04,  0.0000000E+00, -3.8240949E-05,  1.0001937E+03,  1.1521588E+04,3,
 -3.9049213E+02,  0.0000000E+00,  2.6593036E+02,3825,  7.4365298E-04,  0.0000000E+00, -2.4401752E-04,  1.0001404E+03,  8.3539053E+03,3,
 -3.8978101E+02,  0.0000000E+00,  2.6595355E+02,3827, -3.1511849E-03,  0.0000000E+00, -4.8585847E-05,  1.0001228E+03,  7.3042886E+03,3,
 -3.8814954E+02,  0.0000000E+00,  2.6634167E+02,3826,  1.5607012E-03,  0.0000000E+00, -2.0471590E-03,  1.0001685E+03,  1.0021172E+04,3,
 -3.8645947E+02,  0.0000000E+00,  2.6648239E+02,3818,  3.4178765E-03,  0.0000000E+00, -8.8603731E-04,  1.0002256E+03,  1.3425591E+04,3,
 -3.8525320E+02,  0.0000000E+00,  2.6565057E+02,3812,  2.8714114E-03,  0.0000000E+00,  2.0956901E-04,  1.0001369E+03,  8.1432466E+03,3,
 -3.8442767E+02,  0.0000000E+00,  2.6577490E+02,3813,  1.6676758E-03,  0.0000000E+00, -3.1808173E-05,  1.0001926E+03,  1.1456190E+04,3,
 -3.7782385E+02,  0.0000000E+00,  2.6569418E+02,3788,  4.1026459E-03,  0.0000000E+00, -4.8328110E-04,  1.0002075E+03,  1.2342735E+04,3,
 -3.8233670E+02,  0.0000000E+00,  2.6554538E+02,3805,  1.8836891E-03,  0.0000000E+00, -4.8563391E-04,  1.0001342E+03,  7.9834399E+03,3,
 -3.7997565E+02,  0.0000000E+00,  2.6565347E+02,3785,  1.6088489E-03,  0.0000000E+00, -4.9180619E-04,  1.0001639E+03,  9.7487236E+03,3,
 -3.8325836E+02,  0.0000000E+00,  2.6672876E+02,3814,  3.6289545E-03,  0.0000000E+00, -3.8283947E-04,  1.0002958E+03,  1.7601867E+04,3,
 -3.8074454E+02,  0.0000000E+00,  2.6667755E+02,3806,  3.7826707E-03,  0.0000000E+00, -1.9844297E-04,  1.0002859E+03,  1.7016574E+04,3,
 -3.7895651E+02,  0.0000000E+00,  2.6573303E+02,3804,  1.9962548E-03,  0.0000000E+00, -5.4987828E-04,  1.0001799E+03,  1.0704142E+04,3,
 -3.7667853E+02,  0.0000000E+00,  2.6682117E+02,3819, -2.4316441E-04,  0.0000000E+00, -3.5943600E-04,  1.0002958E+03,  1.7601867E+04,3,
 -3.7585355E+02,  0.0000000E+00,  2.6579108E+02,3795,  5.4489761E-03,  0.0000000E+00,  8.8451401E-05,  1.0002236E+03,  1.3302037E+04,3,
 -3.7462228E+02,  0.0000000E+00,  2.6558856E+02,3798,  1.1007455E-03,  0.0000000E+00, -2.4292662E-04,  1.0001165E+03,  6.9302305E+03,3,
 -3.7268912E+02,  0.0000000E+00,  2.6658746E+02,3807,  3.4115438E-03,  0.0000000E+00, -6.6951255E-04,  1.0002628E+03,  1.5635272E+04,3,
 -3.7098505E+02,  0.0000000E+00,  2.6628568E+02,3796,  3.3000465E-03,  0.0000000E+00, -1.6461208E-05,  1.0002293E+03,  1.3643630E+04,3,
 -3.7375089E+02,  0.0000000E+00,  2.6577670E+02,3787,  1.9295302E-03,  0.0000000E+00, -6.8836327E-04,  1.0001934E+03,  1.1503422E+04,3,
 -3.6936749E+02,  0.0000000E+00,  2.6621365E+02,3817,  8.7683334E-04,  0.0000000E+00, -8.5929444E-04,  1.0002231E+03,  1.3272967E+04,3,
 -3.6713446E+02,  0.0000000E+00,  2.6548416E+02,3799,  6.0370476E-03,  0.0000000E+00, -1.9482425E-03,  1.0002037E+03,  1.2117458E+04,3,
 -3.6807092E+02,  0.0000000E+00,  2.6629047E+02,3810, -2.4511514E-04,  0.0000000E+00, -2.2589590E-03,  1.0002325E+03,  1.3832601E+04,3,
 -3.6501547E+02,  0.0000000E+00,  2.6607306E+02,3797,  1.6191379E-03,  0.0000000E+00, -5.9521018E-04,  1.0002734E+03,  1.6267739E+04,3,
 -3.6618344E+02,  0.0000000E+00,  2.6576056E+02,3786,  2.3383899E-03,  0.0000000E+00, -9.9730853E-04,  1.0002380E+03,  1.4163308E+04,3,
 -3.6372415E+02,  0.0000000E+00,  2.6634329E+02,3808,  2.2314356E-03,  0.0000000E+00, -1.2081504E-03,  1.0002856E+03,  1.6994762E+04,3,
 -3.6153183E+02,  0.0000000E+00,  2.6663641E+02,3809,  4.4121426E-03,  0.0000000E+00, -1.9017669E-03,  1.0002999E+03,  1.7845447E+04,3,
 -3.6254816E+02,  0.0000000E+00,  2.6537646E+02,3779, -3.9138977E-05,  0.0000000E+00, -2.1588774E-03,  1.0001860E+03,  1.1067443E+04,3,
 -3.6100946E+02,  0.0000000E+00,  2.6536380E+02,3778,  9.7274675E-04,  0.0000000E+00, -4.0270346E-03,  1.0001480E+03,  8.8042939E+03,3,
 -3.5929156E+02,  0.0000000E+00,  2.6660687E+02,3800,  7.6198328E-04,  0.0000000E+00, -1.1537744E-04,  1.0002791E+03,  1.6609434E+04,3,
 -3.5864120E+02,  0.0000000E+00,  2.6565140E+02,3758,  2.1024107E-03,  0.0000000E+00,  5.9566810E-04,  1.0002317E+03,  1.3785357E+04,3,
 -3.5736176E+02,  0.0000000E+00,  2.6560489E+02,3768, -4.5613353E-05,  0.0000000E+00,  2.8411421E-04,  1.0001933E+03,  1.1499789E+04,3,
 -3.5633856E+02,  0.0000000E+00,  2.6635434E+02,3801, -1.0458704E-05,  0.0000000E+00, -4.8427825E-04,  1.0002370E+03,  1.4101526E+04,3,
 -3.5467847E+02,  0.0000000E+00,  2.6634943E+02,3790,  4.5248948E-04,  0.0000000E+00, -2.5892530E-03,  1.0002462E+03,  1.4646670E+04,3,
 -3.5291608E+02,  0.0000000E+00,  2.6555396E+02,3749,  2.2369718E-02,  0.0000000E+00,  3.6594076E-03,  1.0002053E+03,  1.2215562E+04,3,
 -3.5253760E+02,  0.0000000E+00,  2.6669849E+02,3789, -5.3527853E-03,  0.0000000E+00, -1.5429338E-03,  1.0002743E+03,  1.6322265E+04,3,
 -3.5119333E+02,  0.0000000E+00,  2.6581326E+02,3759,  1.3466183E-02,  0.0000000E+00,  1.4664077E-03,  1.0002085E+03,  1.2404506E+04,3,
 -3.5041147E+02,  0.0000000E+00,  2.6557083E+02,3769,  7.1113878E-03,  0.0000000E+00,  2.7099142E-03,  1.0001281E+03,  7.6166196E+03,3,
 -3.4901755E+02,  0.0000000E+00,  2.6658456E+02,3792,  8.2055693E-03,  0.0000000E+00,  4.2752089E-04,  1.0002519E+03,  1.4988309E+04,3,
 -3.4758109E+02,  0.0000000E+00,  2.6613309E+02,3781,  9.2409058E-03,  0.0000000E+00, -3.8080834E-05,  1.0002014E+03,  1.1979388E+04,3,
 -3.4622305E+02,  0.0000000E+00,  2.6613501E+02,3791,  8.6970702E-03,  0.0000000E+00,  4.0385203E-04,  1.0002049E+03,  1.2190128E+04,3,
 -3.4501169E+02,  0.0000000E+00,  2.6633951E+02,3782,  9.1607179E-03,  0.0000000E+00,  5.4973370E-04,  1.0002281E+03,  1.3574583E+04,3,
 -3.4396167E+02,  0.0000000E+00,  2.6572052E+02,3761,  6.7997896E-03,  0.0000000E+00, -4.3509799E-04,  1.0001508E+03,  8.9713789E+03,3,
 -3.4278790E+02,  0.0000000E+00,  2.6579135E+02,3742,  1.1783985E-02,  0.0000000E+00, -1.3595028E-03,  1.0002017E+03,  1.2001188E+04,3,
 -3.4182034E+02,  0.0000000E+00,  2.6662726E+02,3780,  6.1543152E-04,  0.0000000E+00, -5.2775722E-04,  1.0002866E+03,  1.7052926E+04,3,
 -3.3775897E+02,  0.0000000E+00,  2.6569458E+02,3722,  1.1308211E-02,  0.0000000E+00, -4.6995716E-04,  1.0002560E+03,  1.5231823E+04,3,
 -3.4068784E+02,  0.0000000E+00,  2.6547583E+02,3752,  2.3238793E-02,  0.0000000E+00,  3.2764519E-04,  1.0000714E+03,  4.2432383E+03,3,
 -3.3956311E+02,  0.0000000E+00,  2.6670657E+02,3783,  2.7822945E-03,  0.0000000E+00,  1.0190482E-03,  1.0002996E+03,  1.7830904E+04,3,
 -3.3875574E+02,  0.0000000E+00,  2.6540353E+02,3753,  6.4164829E-03,  0.0000000E+00,  2.8619906E-03,  1.0001570E+03,  9.3382490E+03,3,
 -3.3658502E+02,  0.0000000E+00,  2.6643121E+02,3770,  7.2207479E-03,  0.0000000E+00, -2.8707276E-04,  1.0002800E+03,  1.6660324E+04,3,
 -3.3557623E+02,  0.0000000E+00,  2.6542722E+02,3723,  1.3263183E-02,  0.0000000E+00,  5.2129930E-05,  1.0002177E+03,  1.2949556E+04,3,
 -3.3433231E+02,  0.0000000E+00,  2.6657550E+02,3772,  8.3874855E-03,  0.0000000E+00,  8.3254348E-04,  1.0002898E+03,  1.7245598E+04,3,
 -3.3325681E+02,  0.0000000E+00,  2.6565829E+02,3743,  1.1753812E-02,  0.0000000E+00,  2.0489108E-03,  1.0002551E+03,  1.5180939E+04,3,
 -3.3230832E+02,  0.0000000E+00,  2.6533249E+02,3754,  2.9221659E-03,  0.0000000E+00, -1.8463011E-03,  1.0000972E+03,  5.7790923E+03,3,
 -3.3152612E+02,  0.0000000E+00,  2.6662057E+02,3771,  6.8693566E-03,  0.0000000E+00, -2.3234758E-04,  1.0002922E+03,  1.7387377E+04,3,
 -3.3049664E+02,  0.0000000E+00,  2.6539764E+02,3744,  1.8329958E-02,  0.0000000E+00, -1.7893425E-03,  1.0000872E+03,  5.1872339E+03,3,
 -3.2923254E+02,  0.0000000E+00,  2.6662366E+02,3774,  2.4635829E-03,  0.0000000E+00,  1.2023037E-03,  1.0002908E+03,  1.7303764E+04,3,
 -3.2851199E+02,  0.0000000E+00,  2.6562720E+02,3751,  8.6465683E-03,  0.0000000E+00,  2.0100058E-03,  1.0002952E+03,  1.7569148E+04,3,
 -3.2719495E+02,  0.0000000E+00,  2.6533737E+02,3762,  6.4296578E-03,  0.0000000E+00, -3.2304347E-04,  1.0002632E+03,  1.5664351E+04,3,
 -3.2609900E+02,  0.0000000E+00,  2.6658606E+02,3773,  9.7651463E-03,  0.0000000E+00, -6.1876158E-04,  1.0002679E+03,  1.5940597E+04,3,
 -3.2524509E+02,  0.0000000E+00,  2.6551627E+02,3733,  8.8298107E-03,  0.0000000E+00, -6.2903849E-04,  1.0002407E+03,  1.4323215E+04,3,
 -3.2360428E+02,  0.0000000E+00,  2.6549429E+02,3724,  8.1095705E-03,  0.0000000E+00, -6.6628668E-04,  1.0002339E+03,  1.3916185E+04,3,
 -3.2317474E+02,  0.0000000E+00,  2.6658099E+02,3763,  6.3614668E-03,  0.0000000E+00, -1.5802577E-04,  1.0002695E+03,  1.6035104E+04,3,
 -3.1657599E+02,  0.0000000E+00,  2.6544611E+02,3696,  7.9047969E-03,  0.0000000E+00,  1.2214198E-04,  1.0002474E+03,  1.4722992E+04,3,
 -3.2189920E+02,  0.0000000E+00,  2.6552524E+02,3705,  9.5440457E-03,  0.0000000E+00,  1.3369338E-04,  1.0001847E+03,  1.0987516E+04,3,
 -3.2057712E+02,  0.0000000E+00,  2.6661179E+02,3765,  8.1795901E-03,  0.0000000E+00,  2.3209736E-04,  1.0002772E+03,  1.6496746E+04,3,
 -3.1983957E+02,  0.0000000E+00,  2.6551337E+02,3686,  5.3062830E-03,  0.0000000E+00,  1.6886655E-04,  1.0002199E+03,  1.3084006E+04,3,
 -3.1760333E+02,  0.0000000E+00,  2.6650467E+02,3764,  7.1280049E-03,  0.0000000E+00,  4.7166821E-05,  1.0002773E+03,  1.6500381E+04,3,
 -3.1851633E+02,  0.0000000E+00,  2.6553552E+02,3732,  8.8995444E-03,  0.0000000E+00, -3.8296322E-04,  1.0002424E+03,  1.4424975E+04,3,
 -3.1514429E+02,  0.0000000E+00,  2.6657083E+02,3756,  5.9657497E-03,  0.0000000E+00, -3.9108066E-04,  1.0002703E+03,  1.6085992E+04,3,
 -3.1459882E+02,  0.0000000E+00,  2.6547430E+02,3725,  8.0990847E-03,  0.0000000E+00, -6.2577566E-04,  1.0002204E+03,  1.3113077E+04,3,
 -3.1218506E+02,  0.0000000E+00,  2.6651620E+02,3755,  7.0482297E-03,  0.0000000E+00, -6.4625201E-05,  1.0002697E+03,  1.6049643E+04,3,
 -3.1324872E+02,  0.0000000E+00,  2.6556573E+02,3715,  9.8233474E-03,  0.0000000E+00, -5.6953530E-05,  1.0002177E+03,  1.2949556E+04,3,
 -3.1003415E+02,  0.0000000E+00,  2.6636310E+02,3745,  8.1218062E-03,  0.0000000E+00,  4.9031503E-04,  1.0002928E+03,  1.7427365E+04,3,
 -3.1095956E+02,  0.0000000E+00,  2.6537112E+02,3714,  6.5297070E-03,  0.0000000E+00,  1.7579246E-04,  1.0001827E+03,  1.0867626E+04,3,
 -3.0844574E+02,  0.0000000E+00,  2.6642120E+02,3747,  1.0079187E-02,  0.0000000E+00,  8.5608597E-04,  1.0003074E+03,  1.8296266E+04,3,
 -3.0761835E+02,  0.0000000E+00,  2.6526306E+02,3716, -1.9461925E-03,  0.0000000E+00, -1.3647699E-03,  1.0001364E+03,  8.1141909E+03,3,
 -3.0647864E+02,  0.0000000E+00,  2.6646146E+02,3734,  7.0166639E-03,  0.0000000E+00, -2.4887396E-03,  1.0002841E+03,  1.6907518E+04,3,
 -3.0551227E+02,  0.0000000E+00,  2.6560144E+02,3695,  2.7116612E-03,  0.0000000E+00, -5.6857122E-03,  1.0002456E+03,  1.4613961E+04,3,
 -3.0432758E+02,  0.0000000E+00,  2.6543414E+02,3707,  1.2030444E-02,  0.0000000E+00, -3.4914983E-03,  1.0001876E+03,  1.1158271E+04,3,
 -3.0336224E+02,  0.0000000E+00,  2.6664737E+02,3746,  4.3830848E-03,  0.0000000E+00, -1.2951170E-03,  1.0002725E+03,  1.6213215E+04,3,
 -3.0237650E+02,  0.0000000E+00,  2.6571347E+02,3678,  3.3179037E-03,  0.0000000E+00, -3.6357049E-04,  1.0002336E+03,  1.3898015E+04,3,
 -3.0127460E+02,  0.0000000E+00,  2.6574057E+02,3668,  3.5363820E-03,  0.0000000E+00, -1.9962424E-03,  1.0001957E+03,  1.1645119E+04,3,
 -3.0013965E+02,  0.0000000E+00,  2.6573059E+02,3669,  7.7645360E-03,  0.0000000E+00, -1.8336113E-03,  1.0001978E+03,  1.1768652E+04,3,
 -2.9825269E+02,  0.0000000E+00,  2.6551068E+02,3641,  1.6123878E-02,  0.0000000E+00, -1.4436315E-03,  1.0002188E+03,  1.3014964E+04,3,
 -2.9906833E+02,  0.0000000E+00,  2.6649429E+02,3735, -2.9768120E-04,  0.0000000E+00, -8.7644655E-04,  1.0002540E+03,  1.5111883E+04,3,
 -2.9706265E+02,  0.0000000E+00,  2.6624060E+02,3726, -4.6578790E-03,  0.0000000E+00, -2.0747462E-03,  1.0002225E+03,  1.3240262E+04,3,
 -2.9535431E+02,  0.0000000E+00,  2.6631287E+02,3738,  1.8378992E-02,  0.0000000E+00, -9.0880999E-03,  1.0001853E+03,  1.1023847E+04,3,
 -2.9363760E+02,  0.0000000E+00,  2.6555185E+02,3687,  2.8552646E-02,  0.0000000E+00, -5.2937325E-03,  1.0001820E+03,  1.0827663E+04,3,
 -2.9285962E+02,  0.0000000E+00,  2.6572879E+02,3706,  2.6799817E-02,  0.0000000E+00, -2.6870286E-03,  1.0002496E+03,  1.4853832E+04,3,
 -2.9197491E+02,  0.0000000E+00,  2.6662869E+02,3736,  2.1792727E-02,  0.0000000E+00, -1.7349896E-03,  1.0002589E+03,  1.5402651E+04,3,
 -2.9092664E+02,  0.0000000E+00,  2.6563629E+02,3697,  2.2271033E-02,  0.0000000E+00,  9.0395485E-04,  1.0002528E+03,  1.5042826E+04,3,
 -2.8984286E+02,  0.0000000E+00,  2.6544366E+02,3699,  2.7009945E-02,  0.0000000E+00,  1.2299337E-04,  1.0001689E+03,  1.0046601E+04,3,
 -2.8874631E+02,  0.0000000E+00,  2.6647629E+02,3737,  2.6135078E-02,  0.0000000E+00, -7.1977614E-05,  1.0002596E+03,  1.5446268E+04,3,
 -2.8731128E+02,  0.0000000E+00,  2.6626938E+02,3727,  2.6250789E-02,  0.0000000E+00,  7.4376637E-04,  1.0002545E+03,  1.5144594E+04,3,
 -2.8589105E+02,  0.0000000E+00,  2.6563269E+02,3717,  1.6707253E-02,  0.0000000E+00, -8.1552099E-04,  1.0002091E+03,  1.2440842E+04,3,
 -2.8502933E+02,  0.0000000E+00,  2.6641666E+02,3729,  2.7070576E-02,  0.0000000E+00, -4.7784572E-04,  1.0002630E+03,  1.5649812E+04,3,
 -2.8370740E+02,  0.0000000E+00,  2.6545538E+02,3688,  2.1841275E-02,  0.0000000E+00, -1.4839947E-03,  1.0001937E+03,  1.1525222E+04,3,
 -2.8284805E+02,  0.0000000E+00,  2.6651559E+02,3728,  2.2841785E-02,  0.0000000E+00, -2.8643172E-04,  1.0002769E+03,  1.6474936E+04,3,
 -2.8172424E+02,  0.0000000E+00,  2.6559030E+02,3679,  2.3602357E-02,  0.0000000E+00,  3.2107686E-04,  1.0002230E+03,  1.3269332E+04,3,
 -2.8022934E+02,  0.0000000E+00,  2.6647195E+02,3718,  2.4340391E-02,  0.0000000E+00, -2.7859909E-04,  1.0002701E+03,  1.6071452E+04,3,
 -2.8008923E+02,  0.0000000E+00,  2.6540860E+02,3698,  1.6393298E-02,  0.0000000E+00, -1.9345840E-03,  1.0001841E+03,  1.0951186E+04,3,
 -2.7835880E+02,  0.0000000E+00,  2.6537949E+02,3689,  3.3654552E-02,  0.0000000E+00, -2.2409114E-03,  1.0001546E+03,  9.1965850E+03,3,
 -2.7780954E+02,  0.0000000E+00,  2.6663831E+02,3719,  1.3181164E-02,  0.0000000E+00,  6.3997722E-04,  1.0002807E+03,  1.6703947E+04,3,
 -2.7663336E+02,  0.0000000E+00,  2.6560815E+02,3650,  2.2059677E-02,  0.0000000E+00,  1.4361194E-03,  1.0002720E+03,  1.6184135E+04,3,
 -2.7548364E+02,  0.0000000E+00,  2.6548282E+02,3653,  2.1041272E-02,  0.0000000E+00,  4.0247801E-04,  1.0002699E+03,  1.6060548E+04,3,
 -2.7439026E+02,  0.0000000E+00,  2.6656122E+02,3720,  2.2330288E-02,  0.0000000E+00, -1.0415581E-03,  1.0002631E+03,  1.5657081E+04,3,
 -2.7362234E+02,  0.0000000E+00,  2.6563266E+02,3659,  2.0992445E-02,  0.0000000E+00, -1.4282288E-03,  1.0002520E+03,  1.4995577E+04,3,
 -2.7208826E+02,  0.0000000E+00,  2.6553735E+02,3670,  2.8360812E-02,  0.0000000E+00, -9.1564987E-04,  1.0001816E+03,  1.0805865E+04,3,
 -2.7131522E+02,  0.0000000E+00,  2.6635184E+02,3708,  1.8778024E-02,  0.0000000E+00, -6.5564475E-04,  1.0002505E+03,  1.4908350E+04,3,
 -2.6973706E+02,  0.0000000E+00,  2.6643875E+02,3710,  2.4076628E-02,  0.0000000E+00, -1.3838701E-03,  1.0002731E+03,  1.6253199E+04,3,
 -2.6834106E+02,  0.0000000E+00,  2.6553436E+02,3623,  2.4523495E-02,  0.0000000E+00, -2.7519264E-04,  1.0002151E+03,  1.2800572E+04,3,
 -2.6722943E+02,  0.0000000E+00,  2.6663239E+02,3711,  2.7463950E-02,  0.0000000E+00,  8.4164372E-04,  1.0002798E+03,  1.6649420E+04,3,
 -2.6625742E+02,  0.0000000E+00,  2.6558185E+02,3662,  2.1331655E-02,  0.0000000E+00,  2.2434425E-03,  1.0002308E+03,  1.3734480E+04,3,
 -2.6523740E+02,  0.0000000E+00,  2.6528790E+02,3681,  9.3947705E-03,  0.0000000E+00,  1.3091414E-03,  1.0000945E+03,  5.6193232E+03,3,
 -2.6435974E+02,  0.0000000E+00,  2.6643784E+02,3709,  3.1954169E-02,  0.0000000E+00, -3.5887260E-03,  1.0002949E+03,  1.7547336E+04,3,
 -2.6295184E+02,  0.0000000E+00,  2.6623834E+02,3701,  2.6637880E-02,  0.0000000E+00, -1.6055203E-03,  1.0003063E+03,  1.8230824E+04,3,
 -2.6162448E+02,  0.0000000E+00,  2.6613141E+02,3700,  2.6287826E-02,  0.0000000E+00,  5.3011972E-05,  1.0002700E+03,  1.6067817E+04,3,
 -2.6046448E+02,  0.0000000E+00,  2.6544772E+02,3587,  2.5524119E-02,  0.0000000E+00,  1.2538250E-03,  1.0001688E+03,  1.0042968E+04,3,
 -2.5928781E+02,  0.0000000E+00,  2.6656436E+02,3702,  3.0902155E-02,  0.0000000E+00,  1.6605041E-04,  1.0002581E+03,  1.5359035E+04,3,
 -2.5819278E+02,  0.0000000E+00,  2.6572589E+02,3651,  2.5915381E-02,  0.0000000E+00, -7.4281741E-04,  1.0002215E+03,  1.3178485E+04,3,
 -2.5713806E+02,  0.0000000E+00,  2.6575436E+02,3652,  2.7124865E-02,  0.0000000E+00, -3.9791796E-04,  1.0002084E+03,  1.2397238E+04,3,
 -2.5610764E+02,  0.0000000E+00,  2.6579703E+02,3605,  2.5994552E-02,  0.0000000E+00, -6.0848542E-04,  1.0002172E+03,  1.2924119E+04,3,
 -2.5503275E+02,  0.0000000E+00,  2.6555975E+02,3663,  2.3012748E-02,  0.0000000E+00, -4.5937268E-04,  1.0002513E+03,  1.4951963E+04,3,
 -2.5398257E+02,  0.0000000E+00,  2.6651947E+02,3680,  3.3837412E-02,  0.0000000E+00, -3.5911353E-04,  1.0002525E+03,  1.5024653E+04,3,
 -2.5326038E+02,  0.0000000E+00,  2.6551044E+02,3597,  2.2316987E-02,  0.0000000E+00,  2.3562231E-03,  1.0002285E+03,  1.3592753E+04,3,
 -2.5173257E+02,  0.0000000E+00,  2.6622516E+02,3692,  3.0994304E-02,  0.0000000E+00,  1.3799205E-03,  1.0002207E+03,  1.3131246E+04,3,
 -2.5008736E+02,  0.0000000E+00,  2.6602301E+02,3690,  3.0674201E-02,  0.0000000E+00,  3.1127660E-03,  1.0002120E+03,  1.2611621E+04,3,
 -2.4894557E+02,  0.0000000E+00,  2.6638675E+02,3693,  2.5933113E-02,  0.0000000E+00,  2.8200424E-03,  1.0002421E+03,  1.4406803E+04,3,
 -2.4783638E+02,  0.0000000E+00,  2.6547592E+02,3671,  2.0355830E-02,  0.0000000E+00,  5.1023910E-04,  1.0002152E+03,  1.2804206E+04,3,
 -2.4678607E+02,  0.0000000E+00,  2.6566776E+02,3643,  2.7637942E-02,  0.0000000E+00,  2.0715264E-03,  1.0002618E+03,  1.5580752E+04,3,
 -2.4474048E+02,  0.0000000E+00,  2.6560324E+02,3654,  2.1876287E-02,  0.0000000E+00,  4.2786724E-03,  1.0002578E+03,  1.5340862E+04,3,
 -2.4565315E+02,  0.0000000E+00,  2.6650366E+02,3691,  3.4237664E-02,  0.0000000E+00,  2.9710450E-03,  1.0002599E+03,  1.5464440E+04,3,
 -2.4345624E+02,  0.0000000E+00,  2.6567740E+02,3661,  2.3110406E-02,  0.0000000E+00, -1.0897503E-03,  1.0002087E+03,  1.2415406E+04,3,
 -2.4151730E+02,  0.0000000E+00,  2.6546939E+02,3645,  3.4123510E-02,  0.0000000E+00, -1.0255872E-02,  1.0001982E+03,  1.1794085E+04,3,
 -2.4214665E+02,  0.0000000E+00,  2.6651547E+02,3683,  1.7625999E-02,  0.0000000E+00, -5.8850683E-03,  1.0002468E+03,  1.4683014E+04,3,
 -2.4013658E+02,  0.0000000E+00,  2.6561292E+02,3633,  3.2964062E-02,  0.0000000E+00, -6.6513442E-03,  1.0002266E+03,  1.3483734E+04,3,
 -2.3917195E+02,  0.0000000E+00,  2.6631821E+02,3682,  2.5236592E-02,  0.0000000E+00, -4.7498196E-03,  1.0002736E+03,  1.6278645E+04,3,
 -2.3760796E+02,  0.0000000E+00,  2.6640311E+02,3684,  1.2235943E-02,  0.0000000E+00, -9.4424020E-03,  1.0002828E+03,  1.6827543E+04,3,
 -2.3678104E+02,  0.0000000E+00,  2.6536011E+02,3614,  2.3579000E-02,  0.0000000E+00, -1.8312648E-02,  1.0002180E+03,  1.2971358E+04,3,
 -2.3549283E+02,  0.0000000E+00,  2.6629166E+02,3672,  2.1771904E-02,  0.0000000E+00, -9.8915668E-03,  1.0002564E+03,  1.5257266E+04,3,
 -2.3473434E+02,  0.0000000E+00,  2.6551355E+02,3615,  4.3153629E-02,  0.0000000E+00, -9.7967312E-03,  1.0002349E+03,  1.3974331E+04,3,
 -2.2824202E+02,  0.0000000E+00,  2.6520953E+02,3570,  3.2684516E-02,  0.0000000E+00, -5.1452741E-03,  1.0003641E+03,  2.1670791E+04,3,
 -2.3285643E+02,  0.0000000E+00,  2.6525140E+02,3627,  8.4100462E-02,  0.0000000E+00,  1.6564263E-02,  1.0002812E+03,  1.6736662E+04,3,
 -2.3020287E+02,  0.0000000E+00,  2.6546188E+02,3542,  3.6069382E-02,  0.0000000E+00,  1.1578103E-02,  1.0003165E+03,  1.8834367E+04,3,
 -2.3145413E+02,  0.0000000E+00,  2.6548752E+02,3625,  3.5236288E-02,  0.0000000E+00,  1.8386094E-02,  1.0002672E+03,  1.5896979E+04,3,
 -2.3298586E+02,  0.0000000E+00,  2.6644614E+02,3674, -2.6779560E-02,  0.0000000E+00,  7.9064770E-03,  1.0002411E+03,  1.4345021E+04,3,
 -2.2948909E+02,  0.0000000E+00,  2.6645618E+02,3675,  2.7379328E-03,  0.0000000E+00,  4.3963045E-03,  1.0002487E+03,  1.4799315E+04,3,
 -2.2714806E+02,  0.0000000E+00,  2.6622385E+02,3673,  4.4988491E-02,  0.0000000E+00,  6.8958598E-04,  1.0002698E+03,  1.6056913E+04,3,
 -2.2534383E+02,  0.0000000E+00,  2.6634146E+02,3665,  3.4667563E-02,  0.0000000E+00,  5.5372375E-03,  1.0002818E+03,  1.6769379E+04,3,
 -2.2367067E+02,  0.0000000E+00,  2.6627167E+02,3664,  1.0762310E-02,  0.0000000E+00,  6.7465665E-04,  1.0002749E+03,  1.6358614E+04,3,
 -2.2337086E+02,  0.0000000E+00,  2.6523102E+02,3635,  5.1360890E-02,  0.0000000E+00,  1.5018861E-03,  1.0001539E+03,  9.1566279E+03,3,
 -2.2108951E+02,  0.0000000E+00,  2.6542227E+02,3579,  3.7097309E-02,  0.0000000E+00,  2.8208357E-03,  1.0002557E+03,  1.5213650E+04,3,
 -2.2166121E+02,  0.0000000E+00,  2.6653497E+02,3666,  3.3974551E-02,  0.0000000E+00, -1.6879105E-03,  1.0002783E+03,  1.6558543E+04,3,
 -2.1950026E+02,  0.0000000E+00,  2.6622885E+02,3644,  3.6847424E-02,  0.0000000E+00, -3.5323284E-03,  1.0002625E+03,  1.5617099E+04,3,
 -2.1797563E+02,  0.0000000E+00,  2.6623856E+02,3656,  3.7552804E-02,  0.0000000E+00, -5.8092801E-03,  1.0002633E+03,  1.5667985E+04,3,
 -2.1658247E+02,  0.0000000E+00,  2.6617151E+02,3655,  4.3195605E-02,  0.0000000E+00, -4.9259029E-03,  1.0002604E+03,  1.5493519E+04,3,
 -2.1550650E+02,  0.0000000E+00,  2.6534183E+02,3598,  2.6982065E-02,  0.0000000E+00, -8.0313077E-03,  1.0002422E+03,  1.4414072E+04,3,
 -2.1435913E+02,  0.0000000E+00,  2.6643805E+02,3657,  4.5195397E-02,  0.0000000E+00, -3.8189415E-03,  1.0002526E+03,  1.5028288E+04,3,
 -2.1364853E+02,  0.0000000E+00,  2.6553128E+02,3607,  2.9370913E-02,  0.0000000E+00, -3.6940058E-03,  1.0002636E+03,  1.5686159E+04,3,
 -2.1239650E+02,  0.0000000E+00,  2.6559583E+02,3580,  3.9120719E-02,  0.0000000E+00, -4.1476213E-03,  1.0002207E+03,  1.3131246E+04,3,
 -2.1124184E+02,  0.0000000E+00,  2.6552716E+02,3581,  3.2627057E-02,  0.0000000E+00, -2.8718624E-03,  1.0002707E+03,  1.6107802E+04,3,
 -2.1041547E+02,  0.0000000E+00,  2.6610092E+02,3646,  3.9029621E-02,  0.0000000E+00, -2.6089919E-03,  1.0002405E+03,  1.4312312E+04,3,
 -2.0925412E+02,  0.0000000E+00,  2.6555420E+02,3524,  3.4126312E-02,  0.0000000E+00, -1.1492469E-03,  1.0002966E+03,  1.7649129E+04,3,
 -2.0780875E+02,  0.0000000E+00,  2.6633102E+02,3647,  5.4671947E-02,  0.0000000E+00, -5.1650582E-03,  1.0002453E+03,  1.4595789E+04,3,
 -2.0757924E+02,  0.0000000E+00,  2.6530630E+02,3552,  1.2034497E-02,  0.0000000E+00,  6.1985280E-04,  1.0002646E+03,  1.5747950E+04,3,
 -2.0583650E+02,  0.0000000E+00,  2.6609924E+02,3636,  4.3863587E-02,  0.0000000E+00, -6.2282835E-03,  1.0002623E+03,  1.5606194E+04,3,
 -2.0440193E+02,  0.0000000E+00,  2.6640567E+02,3648,  4.3237515E-02,  0.0000000E+00, -2.7767362E-03,  1.0002686E+03,  1.5980580E+04,3,
 -2.0340103E+02,  0.0000000E+00,  2.6567700E+02,3588,  5.7511799E-02,  0.0000000E+00,  2.6130604E-03,  1.0002339E+03,  1.3916185E+04,3,
 -2.0222708E+02,  0.0000000E+00,  2.6571719E+02,3616,  4.1365553E-02,  0.0000000E+00,  2.0404947E-03,  1.0001827E+03,  1.0871259E+04,3,
 -2.0134625E+02,  0.0000000E+00,  2.6558878E+02,3608,  4.1465357E-02,  0.0000000E+00,  1.2404115E-03,  1.0001312E+03,  7.8054761E+03,3,
 -2.0024049E+02,  0.0000000E+00,  2.6646616E+02,3638,  5.2010469E-02,  0.0000000E+00, -9.1196829E-04,  1.0002483E+03,  1.4773874E+04,3,
 -1.9907085E+02,  0.0000000E+00,  2.6545416E+02,3609,  4.5931958E-02,  0.0000000E+00, -9.6314313E-04,  1.0001731E+03,  1.0297261E+04,3,
 -1.9821133E+02,  0.0000000E+00,  2.6567032E+02,3515,  3.1094002E-02,  0.0000000E+00, -3.7256174E-03,  1.0002480E+03,  1.4755702E+04,3,
 -1.9708006E+02,  0.0000000E+00,  2.6629410E+02,3637,  6.1559480E-02,  0.0000000E+00, -6.2995194E-03,  1.0002588E+03,  1.5399017E+04,3,
 -1.9608502E+02,  0.0000000E+00,  2.6542041E+02,3479,  3.8207680E-02,  0.0000000E+00, -3.0841390E-03,  1.0002408E+03,  1.4326849E+04,3,
 -1.9480598E+02,  0.0000000E+00,  2.6616644E+02,3639,  5.4089602E-02,  0.0000000E+00, -3.4274340E-03,  1.0002479E+03,  1.4752067E+04,3,
 -1.9343796E+02,  0.0000000E+00,  2.6598410E+02,3617,  4.7309801E-02,  0.0000000E+00, -4.0833303E-03,  1.0002485E+03,  1.4784777E+04,3,
 -1.9205579E+02,  0.0000000E+00,  2.6618570E+02,3629,  4.5116309E-02,  0.0000000E+00, -6.2208720E-03,  1.0002468E+03,  1.4686648E+04,3,
 -1.9103024E+02,  0.0000000E+00,  2.6521954E+02,3600,  7.5786687E-02,  0.0000000E+00, -8.9175906E-03,  1.0001971E+03,  1.1728686E+04,3,
 -1.8999725E+02,  0.0000000E+00,  2.6619284E+02,3628,  3.8148340E-02,  0.0000000E+00, -9.8206243E-04,  1.0002385E+03,  1.4188748E+04,3,
 -1.8914526E+02,  0.0000000E+00,  2.6554245E+02,3561,  4.9256865E-02,  0.0000000E+00, -2.1145509E-03,  1.0002363E+03,  1.4057917E+04,3,
 -1.8740466E+02,  0.0000000E+00,  2.6531790E+02,3590,  9.8063692E-02,  0.0000000E+00, -3.5147956E-03,  1.0002814E+03,  1.6743934E+04,3,
 -1.8726311E+02,  0.0000000E+00,  2.6631180E+02,3630,  8.3239414E-03,  0.0000000E+00,  5.1820028E-04,  1.0002434E+03,  1.4483124E+04,3,
 -1.8569550E+02,  0.0000000E+00,  2.6541544E+02,3470,  5.9125122E-02,  0.0000000E+00,  2.6496681E-03,  1.0002816E+03,  1.6754838E+04,3,
 -1.8450305E+02,  0.0000000E+00,  2.6639090E+02,3618,  2.9697461E-02,  0.0000000E+00, -6.5571265E-03,  1.0002595E+03,  1.5438998E+04,3,
 -1.8377364E+02,  0.0000000E+00,  2.6550577E+02,3571,  5.9703887E-02,  0.0000000E+00, -7.7015115E-03,  1.0002662E+03,  1.5842456E+04,3,
 -1.8161076E+02,  0.0000000E+00,  2.6644864E+02,3620,  6.4222574E-02,  0.0000000E+00,  2.4999509E-04,  1.0002623E+03,  1.5606194E+04,3,
 -1.8017206E+02,  0.0000000E+00,  2.6534393E+02,3599,  2.0384477E-02,  0.0000000E+00, -2.4125271E-03,  1.0001827E+03,  1.0867626E+04,3,
 -1.8232831E+02,  0.0000000E+00,  2.6528284E+02,3591,  5.8430817E-02,  0.0000000E+00,  6.3098148E-03,  1.0001372E+03,  8.1614067E+03,3,
 -1.7702385E+02,  0.0000000E+00,  2.6527405E+02,3461,  6.9377236E-02,  0.0000000E+00, -3.5858776E-02,  1.0002196E+03,  1.3065837E+04,3,
 -1.7943269E+02,  0.0000000E+00,  2.6630356E+02,3621,  3.6651980E-02,  0.0000000E+00, -2.0392057E-02,  1.0002625E+03,  1.5617099E+04,3,
 -1.7791542E+02,  0.0000000E+00,  2.6604572E+02,3619,  7.7489540E-02,  0.0000000E+00, -3.2603182E-02,  1.0002507E+03,  1.4915618E+04,3,
 -1.7593951E+02,  0.0000000E+00,  2.6588205E+02,3589,  4.6858855E-02,  0.0000000E+00, -5.9013995E-03,  1.0002535E+03,  1.5086440E+04,3,
 -1.7468968E+02,  0.0000000E+00,  2.6612808E+02,3611,  7.2478496E-02,  0.0000000E+00,  1.8445967E-02,  1.0002703E+03,  1.6085992E+04,3,
 -1.7346220E+02,  0.0000000E+00,  2.6593210E+02,3610,  4.5501404E-02,  0.0000000E+00,  3.6020845E-02,  1.0002621E+03,  1.5598925E+04,3,
 -1.7226311E+02,  0.0000000E+00,  2.6536365E+02,3562,  5.4329708E-02,  0.0000000E+00,  4.4081569E-02,  1.0002285E+03,  1.3596388E+04,3,
 -1.7114201E+02,  0.0000000E+00,  2.6632394E+02,3612,  2.5571084E-02,  0.0000000E+00,  2.2327388E-02,  1.0002510E+03,  1.4933791E+04,3,
 -1.7043605E+02,  0.0000000E+00,  2.6552698E+02,3544,  3.1282581E-02,  0.0000000E+00,  9.1268783E-03,  1.0002379E+03,  1.4152405E+04,3,
 -1.6906694E+02,  0.0000000E+00,  2.6535568E+02,3554,  8.0268666E-02,  0.0000000E+00,  4.7111711E-03,  1.0001597E+03,  9.4980781E+03,3,
 -1.6828616E+02,  0.0000000E+00,  2.6634131E+02,3602,  3.5970263E-02,  0.0000000E+00,  9.1348346E-03,  1.0002535E+03,  1.5082806E+04,3,
 -1.6687651E+02,  0.0000000E+00,  2.6517975E+02,3563,  2.1267835E-02,  0.0000000E+00,  1.2890779E-02,  1.0002752E+03,  1.6376789E+04,3,
 -1.6618515E+02,  0.0000000E+00,  2.6624918E+02,3601,  5.9147008E-02,  0.0000000E+00,  6.1202943E-03,  1.0002495E+03,  1.4846563E+04,3,
 -1.6499162E+02,  0.0000000E+00,  2.6560367E+02,3553,  5.3500082E-02,  0.0000000E+00,  5.2639390E-03,  1.0002563E+03,  1.5249997E+04,3,
 -1.6381206E+02,  0.0000000E+00,  2.6536450E+02,3573,  4.7206864E-02,  0.0000000E+00,  7.2877943E-03,  1.0002439E+03,  1.4512198E+04,3,
 -1.6278960E+02,  0.0000000E+00,  2.6632663E+02,3603,  4.8336033E-02,  0.0000000E+00,  3.4122826E-03,  1.0002447E+03,  1.4559445E+04,3,
 -1.6149155E+02,  0.0000000E+00,  2.6526501E+02,3555,  5.6170970E-02,  0.0000000E+00, -5.3568562E-03,  1.0002463E+03,  1.4653938E+04,3,
 -1.6067729E+02,  0.0000000E+00,  2.6617981E+02,3582,  3.9534755E-02,  0.0000000E+00, -2.0712198E-04,  1.0002463E+03,  1.4653938E+04,3,
 -1.5955264E+02,  0.0000000E+00,  2.6549689E+02,3452,  3.6924992E-02,  0.0000000E+00,  8.8645204E-04,  1.0002597E+03,  1.5453537E+04,3,
 -1.5783180E+02,  0.0000000E+00,  2.6641534E+02,3593,  8.8643163E-02,  0.0000000E+00, -2.7778558E-03,  1.0002526E+03,  1.5028288E+04,3,
 -1.5779994E+02,  0.0000000E+00,  2.6536514E+02,3509,  3.8581893E-03,  0.0000000E+00, -5.7770754E-04,  1.0002708E+03,  1.6115071E+04,3,
 -1.5638786E+02,  0.0000000E+00,  2.6540286E+02,3471,  1.9379441E-02,  0.0000000E+00, -8.6871926E-03,  1.0001579E+03,  9.3927354E+03,3,
 -1.5526596E+02,  0.0000000E+00,  2.6630792E+02,3592,  5.5532299E-02,  0.0000000E+00, -1.2899905E-02,  1.0002543E+03,  1.5130056E+04,3,
 -1.5385806E+02,  0.0000000E+00,  2.6544980E+02,3416,  4.5076307E-02,  0.0000000E+00, -1.7120227E-02,  1.0001725E+03,  1.0264565E+04,3,
 -1.5302972E+02,  0.0000000E+00,  2.6648499E+02,3594,  5.4344662E-02,  0.0000000E+00, -1.3513755E-02,  1.0002668E+03,  1.5878804E+04,3,
 -1.5171815E+02,  0.0000000E+00,  2.6578214E+02,3572,  5.5197503E-02,  0.0000000E+00, -1.1102301E-02,  1.0002164E+03,  1.2876881E+04,3,
 -1.5059155E+02,  0.0000000E+00,  2.6549249E+02,3534,  3.6126055E-02,  0.0000000E+00, -5.9921620E-03,  1.0001385E+03,  8.2376797E+03,3,
 -1.4961435E+02,  0.0000000E+00,  2.6625830E+02,3584,  7.1051590E-02,  0.0000000E+00, -2.1611771E-03,  1.0002504E+03,  1.4901080E+04,3,
 -1.4810971E+02,  0.0000000E+00,  2.6624927E+02,3583,  4.8572887E-02,  0.0000000E+00,  4.9594132E-04,  1.0002559E+03,  1.5224555E+04,3,
 -1.4729851E+02,  0.0000000E+00,  2.6558133E+02,3516,  2.9166264E-02,  0.0000000E+00, -8.2400925E-03,  1.0001924E+03,  1.1448924E+04,3,
 -1.4612535E+02,  0.0000000E+00,  2.6562640E+02,3488,  1.9030921E-02,  0.0000000E+00, -1.7694738E-02,  1.0001771E+03,  1.0533396E+04,3,
 -1.4422775E+02,  0.0000000E+00,  2.6631326E+02,3585,  2.5588349E-02,  0.0000000E+00, -6.9839214E-03,  1.0002560E+03,  1.5231823E+04,3,
 -1.4512799E+02,  0.0000000E+00,  2.6548792E+02,3525,  9.6915826E-02,  0.0000000E+00, -2.1148603E-02,  1.0002201E+03,  1.3094907E+04,3,
 -1.4265837E+02,  0.0000000E+00,  2.6622916E+02,3575,  8.8963456E-02,  0.0000000E+00, -2.1428034E-02,  1.0002357E+03,  1.4021575E+04,3,
 -1.4006210E+02,  0.0000000E+00,  2.6558206E+02,3507,  2.1592860E-01,  0.0000000E+00, -2.5770895E-02,  1.0001334E+03,  7.9362246E+03,3,
 -1.4041995E+02,  0.0000000E+00,  2.6637827E+02,3574,  8.5812591E-02,  0.0000000E+00, -5.2504104E-02,  1.0002220E+03,  1.3211190E+04,3,
 -1.3865869E+02,  0.0000000E+00,  2.6580621E+02,3499,  1.4411165E-01,  0.0000000E+00, -2.3118464E-02,  1.0001626E+03,  9.6724395E+03,3,
 -1.3788536E+02,  0.0000000E+00,  2.6559546E+02,3510,  1.2363800E-01,  0.0000000E+00, -1.8169103E-02,  1.0001644E+03,  9.7814170E+03,3,
 -1.3655978E+02,  0.0000000E+00,  2.6559311E+02,3518,  1.3211370E-01,  0.0000000E+00, -1.7990239E-02,  1.0002710E+03,  1.6125976E+04,3,
 -1.3603708E+02,  0.0000000E+00,  2.6629245E+02,3564,  1.5650357E-01,  0.0000000E+00, -2.4321483E-02,  1.0002556E+03,  1.5210016E+04,3,
 -1.3439095E+02,  0.0000000E+00,  2.6612411E+02,3576,  1.5568104E-01,  0.0000000E+00, -1.3256152E-02,  1.0002750E+03,  1.6365885E+04,3,
 -1.3299648E+02,  0.0000000E+00,  2.6607404E+02,3545,  1.4414090E-01,  0.0000000E+00,  2.9942701E-03,  1.0002689E+03,  1.6002390E+04,3,
 -1.3139307E+02,  0.0000000E+00,  2.6642419E+02,3566,  1.4659606E-01,  0.0000000E+00,  7.3814108E-03,  1.0002616E+03,  1.5566213E+04,3,
 -1.3083995E+02,  0.0000000E+00,  2.6550006E+02,3444,  1.2807500E-01,  0.0000000E+00,  4.7656219E-03,  1.0002641E+03,  1.5715237E+04,3,
 -1.2949348E+02,  0.0000000E+00,  2.6546118E+02,3526,  1.4878677E-01,  0.0000000E+00, -4.0586665E-03,  1.0002094E+03,  1.2455376E+04,3,
 -1.2858582E+02,  0.0000000E+00,  2.6557532E+02,3527,  1.4869374E-01,  0.0000000E+00, -1.4286733E-03,  1.0002155E+03,  1.2818741E+04,3,
 -1.2655399E+02,  0.0000000E+00,  2.6541626E+02,3519,  1.6451003E-01,  0.0000000E+00, -2.4794213E-02,  1.0001384E+03,  8.2304150E+03,3,
 -1.2759869E+02,  0.0000000E+00,  2.6652155E+02,3565,  1.1107925E-01,  0.0000000E+00, -6.4686579E-03,  1.0002661E+03,  1.5831551E+04,3,
 -1.2515470E+02,  0.0000000E+00,  2.6524066E+02,3528,  2.2312830E-01,  0.0000000E+00, -1.5302790E-02,  1.0001441E+03,  8.5718330E+03,3,
 -1.2510971E+02,  0.0000000E+00,  2.6644992E+02,3567,  6.6719666E-02,  0.0000000E+00, -4.3265671E-03,  1.0002751E+03,  1.6369520E+04,3,
 -1.2339316E+02,  0.0000000E+00,  2.6622794E+02,3557,  1.5046965E-01,  0.0000000E+00, -1.5161978E-03,  1.0002756E+03,  1.6402234E+04,3,
 -1.2196162E+02,  0.0000000E+00,  2.6598712E+02,3535,  1.3139075E-01,  0.0000000E+00,  7.6434682E-03,  1.0002595E+03,  1.5438998E+04,3,
 -1.2032589E+02,  0.0000000E+00,  2.6636655E+02,3556,  1.4112389E-01,  0.0000000E+00,  1.0630339E-02,  1.0002435E+03,  1.4486758E+04,3,
 -1.1992300E+02,  0.0000000E+00,  2.6560861E+02,3417,  9.3022473E-02,  0.0000000E+00,  3.9064176E-03,  1.0002187E+03,  1.3011330E+04,3,
 -1.1836094E+02,  0.0000000E+00,  2.6535376E+02,3537,  1.8305992E-01,  0.0000000E+00,  9.1380449E-03,  1.0001252E+03,  7.4459258E+03,3,
 -1.1781443E+02,  0.0000000E+00,  2.6618881E+02,3536,  9.7386956E-02,  0.0000000E+00,  2.4360418E-02,  1.0002333E+03,  1.3883478E+04,3,
 -1.1623121E+02,  0.0000000E+00,  2.6534998E+02,3517,  9.8196089E-02,  0.0000000E+00,  4.9301472E-02,  1.0003928E+03,  2.3383947E+04,3,
 -1.1444933E+02,  0.0000000E+00,  2.6534314E+02,3445,  1.0663648E-01,  0.0000000E+00,  3.7009172E-02,  1.0003610E+03,  2.1488945E+04,3,
 -1.1554769E+02,  0.0000000E+00,  2.6632208E+02,3558,  1.6849308E-01,  0.0000000E+00,  2.4709629E-02,  1.0002492E+03,  1.4828391E+04,3,
 -1.1246683E+02,  0.0000000E+00,  2.6629346E+02,3546,  2.8495041E-01,  0.0000000E+00,  3.4332615E-03,  1.0002173E+03,  1.2927753E+04,3,
 -1.1286430E+02,  0.0000000E+00,  2.6531903E+02,3500, -3.2096233E-02,  0.0000000E+00, -2.5251586E-02,  1.0002833E+03,  1.6860260E+04,3,
 -1.1089260E+02,  0.0000000E+00,  2.6562955E+02,3434,  1.0308401E-01,  0.0000000E+00, -2.9887096E-03,  1.0002283E+03,  1.3581852E+04,3,
 -1.0989682E+02,  0.0000000E+00,  2.6562460E+02,3435,  1.5066172E-01,  0.0000000E+00,  4.6022766E-04,  1.0002441E+03,  1.4523102E+04,3,
 -1.0880356E+02,  0.0000000E+00,  2.6637286E+02,3548,  1.4120242E-01,  0.0000000E+00,  5.6785909E-03,  1.0002573E+03,  1.5311785E+04,3,
 -1.0738637E+02,  0.0000000E+00,  2.6526727E+02,3362,  1.3385504E-01,  0.0000000E+00, -5.6550880E-03,  1.0002526E+03,  1.5028288E+04,3,
 -1.0648909E+02,  0.0000000E+00,  2.6635443E+02,3549,  1.0674420E-01,  0.0000000E+00,  2.5742908E-03,  1.0002793E+03,  1.6620338E+04,3,
 -1.0497406E+02,  0.0000000E+00,  2.6613135E+02,3547,  1.2346571E-01,  0.0000000E+00, -6.1750491E-03,  1.0002689E+03,  1.6002390E+04,3,
 -1.0406416E+02,  0.0000000E+00,  2.6566928E+02,3538,  6.4522393E-02,  0.0000000E+00, -2.1173498E-02,  1.0002349E+03,  1.3977965E+04,3,
 -1.0283902E+02,  0.0000000E+00,  2.6543826E+02,3425,  1.9067705E-01,  0.0000000E+00, -6.9582569E-03,  1.0001750E+03,  1.0413511E+04,3,
 -1.0068848E+02,  0.0000000E+00,  2.6553110E+02,3398,  8.9876190E-02,  0.0000000E+00,  1.0835512E-02,  1.0002941E+03,  1.7500074E+04,3,
 -1.0175157E+02,  0.0000000E+00,  2.6634567E+02,3539,  8.4569655E-02,  0.0000000E+00,  6.1635487E-03,  1.0002389E+03,  1.4214188E+04,3,
 -9.9653648E+01,  0.0000000E+00,  2.6553876E+02,3426,  1.2779024E-01,  0.0000000E+00,  6.4855925E-04,  1.0002770E+03,  1.6482205E+04,3,
 -9.8630737E+01,  0.0000000E+00,  2.6541406E+02,3381,  1.2108418E-01,  0.0000000E+00, -9.5507670E-03,  1.0002953E+03,  1.7576418E+04,3,
 -9.4798721E+01,  0.0000000E+00,  2.6505515E+02,3462,  1.5444474E-01,  0.0000000E+00,  1.9818755E-02,  1.0004498E+03,  2.6782033E+04,3,
 -9.6753784E+01,  0.0000000E+00,  2.6621420E+02,3540,  7.7599987E-02,  0.0000000E+00, -2.2222954E-03,  1.0002101E+03,  1.2498979E+04,3,
 -9.7040405E+01,  0.0000000E+00,  2.6508728E+02,3408,  1.1914783E-01,  0.0000000E+00, -1.8477298E-02,  1.0004597E+03,  2.7371541E+04,3,
 -9.4452660E+01,  0.0000000E+00,  2.6612744E+02,3530,  8.2422003E-02,  0.0000000E+00,  1.3250795E-02,  1.0002305E+03,  1.3712676E+04,3,
 -9.2817993E+01,  0.0000000E+00,  2.6595602E+02,3529,  1.2537281E-01,  0.0000000E+00,  2.5435805E-02,  1.0002686E+03,  1.5984215E+04,3,
 -9.1888962E+01,  0.0000000E+00,  2.6518369E+02,3390,  8.3579376E-02,  0.0000000E+00,  4.1161634E-02,  1.0005509E+03,  3.2809766E+04,3,
 -9.0026733E+01,  0.0000000E+00,  2.6617831E+02,3531,  2.1206447E-01,  0.0000000E+00, -3.7522069E-03,  1.0002299E+03,  1.3679970E+04,3,
 -8.9907211E+01,  0.0000000E+00,  2.6528204E+02,3453, -1.2666632E-02,  0.0000000E+00, -2.2331234E-02,  1.0004435E+03,  2.6403604E+04,3,
 -8.8499809E+01,  0.0000000E+00,  2.6513693E+02,3454,  8.0731578E-02,  0.0000000E+00, -5.4683957E-02,  1.0002051E+03,  1.2204661E+04,3,
 -8.6925079E+01,  0.0000000E+00,  2.6632544E+02,3521, -4.5883518E-02,  0.0000000E+00, -1.4544160E-02,  1.0002415E+03,  1.4370460E+04,3,
 -8.6707199E+01,  0.0000000E+00,  2.6534918E+02,3463,  2.7458948E-01,  0.0000000E+00,  2.6933979E-03,  1.0001890E+03,  1.1245466E+04,3,
 -8.4957817E+01,  0.0000000E+00,  2.6637653E+02,3520,  8.5723832E-02,  0.0000000E+00,  1.5733436E-02,  1.0002601E+03,  1.5478979E+04,3,
 -8.3965187E+01,  0.0000000E+00,  2.6546936E+02,3482,  2.6314057E-02,  0.0000000E+00,  2.0490913E-02,  1.0002192E+03,  1.3044034E+04,3,
 -8.1302429E+01,  0.0000000E+00,  2.6630499E+02,3490,  6.1487652E-02,  0.0000000E+00,  5.2943937E-03,  1.0002513E+03,  1.4951963E+04,3,
 -8.2732918E+01,  0.0000000E+00,  2.6534573E+02,3474,  7.3127598E-02,  0.0000000E+00,  6.0055503E-03,  1.0002100E+03,  1.2495346E+04,3,
 -8.1327293E+01,  0.0000000E+00,  2.6516205E+02,3437,  7.7336721E-02,  0.0000000E+00, -1.8134366E-03,  1.0001711E+03,  1.0177379E+04,3,
 -7.9400116E+01,  0.0000000E+00,  2.6631409E+02,3522,  6.1195623E-02,  0.0000000E+00,  1.0727969E-02,  1.0002841E+03,  1.6907518E+04,3,
 -7.8221214E+01,  0.0000000E+00,  2.6588690E+02,3491,  5.9247248E-02,  0.0000000E+00,  1.2680794E-02,  1.0002471E+03,  1.4704820E+04,3,
 -7.6672943E+01,  0.0000000E+00,  2.6554907E+02,3217,  3.5208777E-02,  0.0000000E+00,  4.7025289E-03,  1.0002021E+03,  1.2026622E+04,3,
 -7.5701340E+01,  0.0000000E+00,  2.6609564E+02,3512,  6.4954966E-02,  0.0000000E+00,  4.0154080E-03,  1.0002220E+03,  1.3211190E+04,3,
 -7.4155258E+01,  0.0000000E+00,  2.6586288E+02,3511,  6.3744172E-02,  0.0000000E+00,  5.3160959E-03,  1.0002163E+03,  1.2869613E+04,3,
 -7.2665176E+01,  0.0000000E+00,  2.6616382E+02,3513,  5.4605830E-02,  0.0000000E+00,  9.0258615E-03,  1.0002344E+03,  1.3945258E+04,3,
 -6.5659866E+01,  0.0000000E+00,  2.6507010E+02,3473,  3.5429608E-02,  0.0000000E+00,  9.3824632E-04,  1.0002039E+03,  1.2128358E+04,3,
 -7.1022964E+01,  0.0000000E+00,  2.6587698E+02,3501,  4.6157498E-02,  0.0000000E+00,  9.4298022E-03,  1.0002202E+03,  1.3098541E+04,3,
 -6.9549515E+01,  0.0000000E+00,  2.6627979E+02,3503,  4.0511563E-02,  0.0000000E+00,  7.4510165E-03,  1.0002390E+03,  1.4221456E+04,3,
 -6.8326363E+01,  0.0000000E+00,  2.6554047E+02,3380,  4.0938009E-02,  0.0000000E+00,  6.5380842E-03,  1.0001899E+03,  1.1296330E+04,3,
 -6.6083862E+01,  0.0000000E+00,  2.6630002E+02,3502,  4.5930501E-02,  0.0000000E+00,  1.3517159E-03,  1.0002318E+03,  1.3792625E+04,3,
 -6.7099586E+01,  0.0000000E+00,  2.6536493E+02,3464,  3.3885233E-02,  0.0000000E+00,  4.4277543E-03,  1.0002178E+03,  1.2960457E+04,3,
 -6.3859066E+01,  0.0000000E+00,  2.6601117E+02,3504,  4.5109563E-02,  0.0000000E+00,  2.3088495E-03,  1.0002840E+03,  1.6900246E+04,3,
 -6.2371250E+01,  0.0000000E+00,  2.6597708E+02,3492,  4.0796999E-02,  0.0000000E+00,  6.3256421E-03,  1.0003414E+03,  2.0321570E+04,3,
 -6.0815956E+01,  0.0000000E+00,  2.6617148E+02,3483,  3.5579599E-02,  0.0000000E+00,  3.6386971E-03,  1.0003964E+03,  2.3598566E+04,3,
 -5.9446980E+01,  0.0000000E+00,  2.6634497E+02,3494,  4.0297519E-02,  0.0000000E+00,  6.3803344E-04,  1.0003635E+03,  2.1638059E+04,3,
 -5.9993637E+01,  0.0000000E+00,  2.6509537E+02,3446,  2.5327258E-02,  0.0000000E+00, -1.2757939E-03,  9.9931049E+02, -4.0912387E+04,3,
 -5.4801155E+01,  0.0000000E+00,  2.6500046E+02,3299,  3.1503174E-02,  0.0000000E+00,  7.4264347E-03,  1.0002869E+03,  1.7071104E+04,3,
 -5.7617531E+01,  0.0000000E+00,  2.6609604E+02,3495,  3.8781881E-02,  0.0000000E+00,  1.9885753E-03,  1.0002792E+03,  1.6613068E+04,3,
 -5.3063107E+01,  0.0000000E+00,  2.6513037E+02,3272,  2.1911979E-02,  0.0000000E+00,  1.8785227E-03,  1.0000259E+03,  1.5388260E+03,3,
 -5.5959900E+01,  0.0000000E+00,  2.6583051E+02,3493,  4.0059764E-02,  0.0000000E+00,  3.8822787E-03,  1.0002535E+03,  1.5082806E+04,3,
 -5.3772018E+01,  0.0000000E+00,  2.6629028E+02,3485,  4.3825053E-02,  0.0000000E+00,  3.8777727E-03,  1.0002564E+03,  1.5257266E+04,3,
 -5.1509483E+01,  0.0000000E+00,  2.6500455E+02,3401,  3.5344303E-02,  0.0000000E+00, -1.0372345E-02,  1.0003160E+03,  1.8805281E+04,3,
 -5.1742691E+01,  0.0000000E+00,  2.6612210E+02,3484,  3.0715274E-02,  0.0000000E+00, -4.2876645E-04,  1.0002288E+03,  1.3610924E+04,3,
 -4.9753162E+01,  0.0000000E+00,  2.6552493E+02,3465,  6.0465172E-02,  0.0000000E+00,  7.3361984E-03,  1.0001953E+03,  1.1616053E+04,3,
 -4.6939026E+01,  0.0000000E+00,  2.6534250E+02,3354,  2.5271913E-02,  0.0000000E+00,  1.2085274E-03,  1.0000626E+03,  3.7204487E+03,3,
 -4.5979404E+01,  0.0000000E+00,  2.6530847E+02,3172,  3.3969648E-02,  0.0000000E+00,  7.8042783E-04,  1.0000413E+03,  2.4535244E+03,3,
 -4.8339748E+01,  0.0000000E+00,  2.6528839E+02,3447,  2.2266926E-02,  0.0000000E+00,  1.2960444E-03,  1.0001425E+03,  8.4737646E+03,3,
 -4.7551792E+01,  0.0000000E+00,  2.6656677E+02,3486,  4.2526819E-02,  0.0000000E+00,  2.7900033E-03,  1.0003005E+03,  1.7885438E+04,3,
 -4.4836109E+01,  0.0000000E+00,  2.6614493E+02,3476,  2.6799461E-02,  0.0000000E+00,  8.4202997E-03,  1.0003760E+03,  2.2383660E+04,3,
 -4.3449436E+01,  0.0000000E+00,  2.6598618E+02,3475,  4.5516059E-02,  0.0000000E+00,  1.3244080E-02,  1.0003621E+03,  2.1550773E+04,3,
 -4.1812366E+01,  0.0000000E+00,  2.6512888E+02,3318,  1.4083690E-02,  0.0000000E+00, -3.3659285E-03,  1.0000471E+03,  2.7983733E+03,3,
 -4.1122375E+01,  0.0000000E+00,  2.6583063E+02,3455,  2.5027391E-02,  0.0000000E+00,  1.7808145E-03,  1.0002629E+03,  1.5646177E+04,3,
 -3.9912048E+01,  0.0000000E+00,  2.6573624E+02,3363,  2.3271522E-02,  0.0000000E+00, -5.2669825E-04,  1.0001854E+03,  1.1031112E+04,3,
 -3.8978172E+01,  0.0000000E+00,  2.6571957E+02,3382,  2.2334980E-02,  0.0000000E+00, -1.9403345E-04,  1.0001271E+03,  7.5621426E+03,3,
 -3.8500317E+01,  0.0000000E+00,  2.6564566E+02,3372,  1.9435074E-02,  0.0000000E+00,  1.2938634E-03,  1.0000769E+03,  4.5736265E+03,3,
 -3.7572311E+01,  0.0000000E+00,  2.6555344E+02,3154,  2.2945130E-02,  0.0000000E+00,  5.9375708E-04,  1.0000814E+03,  4.8423018E+03,3,
 -3.5967392E+01,  0.0000000E+00,  2.6603879E+02,3477,  2.2582138E-02,  0.0000000E+00,  1.4111967E-03,  1.0003207E+03,  1.9085250E+04,3,
 -3.4511944E+01,  0.0000000E+00,  2.6573315E+02,3467,  2.0498086E-02,  0.0000000E+00, -8.9652982E-04,  1.0003484E+03,  2.0739773E+04,3,
 -3.2036228E+01,  0.0000000E+00,  2.6579199E+02,3281,  2.2812655E-02,  0.0000000E+00,  1.7315899E-03,  1.0000229E+03,  1.3609778E+03,3,
 -3.1919060E+01,  0.0000000E+00,  2.6580499E+02,3337,  2.2781413E-02,  0.0000000E+00,  1.5561891E-03,  1.0000629E+03,  3.7422312E+03,3,
 -3.2062416E+01,  0.0000000E+00,  2.6578922E+02,3353,  2.2842143E-02,  0.0000000E+00,  1.7504424E-03,  1.0000171E+03,  1.0161791E+03,3,
 -3.1126478E+01,  0.0000000E+00,  2.6715918E+02,3468,  1.6205342E-02,  0.0000000E+00,  1.5946585E-03,  1.0004741E+03,  2.8230395E+04,3,
 -2.9004225E+01,  0.0000000E+00,  2.6616479E+02,3418,  2.3291945E-02,  0.0000000E+00,  2.6683493E-03,  1.0000651E+03,  3.8729263E+03,3,
 -2.8606949E+01,  0.0000000E+00,  2.6617599E+02,3263,  2.0066768E-02,  0.0000000E+00,  2.6264288E-03,  1.0000051E+03,  3.0484277E+02,3,
 -2.7872541E+01,  0.0000000E+00,  2.6618802E+02,3136,  2.0615881E-02,  0.0000000E+00,  2.2174618E-03,  1.0000077E+03,  4.5726770E+02,3,
 -2.7890034E+01,  0.0000000E+00,  2.6618829E+02,3145,  2.0613771E-02,  0.0000000E+00,  2.1462848E-03,  1.0000078E+03,  4.6452606E+02,3,
 -2.5736778E+01,  0.0000000E+00,  2.6618558E+02,3458,  2.0583022E-02,  0.0000000E+00, -4.3849173E-04,  1.0005295E+03,  3.1531842E+04,3,
 -2.3571516E+01,  0.0000000E+00,  2.6640170E+02,3326,  2.1247363E-02,  0.0000000E+00, -1.1245783E-03,  9.9995447E+02, -2.7068828E+03,3,
 -2.3568748E+01,  0.0000000E+00,  2.6640204E+02,3344,  2.1068146E-02,  0.0000000E+00, -1.0678550E-03,  9.9995398E+02, -2.7359070E+03,3,
 -2.3395374E+01,  0.0000000E+00,  2.6641928E+02,3410,  2.1216115E-02,  0.0000000E+00, -8.4444310E-04,  9.9991589E+02, -4.9995347E+03,3,
 -2.2376856E+01,  0.0000000E+00,  2.6662299E+02,3400,  2.0537730E-02,  0.0000000E+00, -9.3467295E-04,  1.0002175E+03,  1.2938654E+04,3,
 -2.1039675E+01,  0.0000000E+00,  2.6647705E+02,3347,  2.1737132E-02,  0.0000000E+00, -1.0546282E-04,  9.9993591E+02, -3.8097437E+03,3,
 -1.9744762E+01,  0.0000000E+00,  2.6639478E+02,3300,  2.1041662E-02,  0.0000000E+00,  1.0855126E-03,  1.0000866E+03,  5.1509243E+03,3,
 -1.9735134E+01,  0.0000000E+00,  2.6639337E+02,3227,  2.1070775E-02,  0.0000000E+00,  1.0417285E-03,  1.0000838E+03,  4.9839038E+03,3,
 -1.8876797E+01,  0.0000000E+00,  2.6633987E+02,3127,  2.1336921E-02,  0.0000000E+00,  1.4714743E-03,  1.0000607E+03,  3.6079075E+03,3,
 -1.7214209E+01,  0.0000000E+00,  2.6641525E+02,3448,  2.0956306E-02,  0.0000000E+00,  1.7167123E-03,  1.0002045E+03,  1.2164693E+04,3,
 -1.6607462E+01,  0.0000000E+00,  2.6640158E+02,3428,  2.0978210E-02,  0.0000000E+00,  8.2520169E-04,  1.0000169E+03,  1.0052909E+03,3,
 -1.5532475E+01,  0.0000000E+00,  2.6643039E+02,3457,  2.1062890E-02,  0.0000000E+00, -4.1538413E-04,  1.0000223E+03,  1.3246826E+03,3,
 -1.3869043E+01,  0.0000000E+00,  2.6642020E+02,3459,  2.0651378E-02,  0.0000000E+00, -2.3295381E-03,  1.0000850E+03,  5.0565215E+03,3,
 -1.3732369E+01,  0.0000000E+00,  2.6643448E+02,3449,  2.1450935E-02,  0.0000000E+00, -2.4816727E-03,  1.0001545E+03,  9.1893203E+03,3,
 -1.1760290E+01,  0.0000000E+00,  2.6642957E+02,3409,  2.1718200E-02,  0.0000000E+00, -6.6188793E-04,  1.0000387E+03,  2.3010688E+03,3,
 -1.1374824E+01,  0.0000000E+00,  2.6644604E+02,3118,  2.1615265E-02,  0.0000000E+00,  3.0398291E-05,  1.0000645E+03,  3.8329915E+03,3,
 -1.0316206E+01,  0.0000000E+00,  2.6648611E+02,3383,  2.1294720E-02,  0.0000000E+00,  6.3748396E-04,  1.0002737E+03,  1.6289549E+04,3,
 -9.2747869E+00,  0.0000000E+00,  2.6645972E+02,3402,  2.1378651E-02,  0.0000000E+00,  8.5134967E-04,  9.9910657E+02, -5.2979496E+04,3,
 -9.0173225E+00,  0.0000000E+00,  2.6687015E+02,3319,  2.0928668E-02,  0.0000000E+00,  8.9531846E-04,  1.0006481E+03,  3.8607984E+04,3,
 -7.8931832E+00,  0.0000000E+00,  2.6650775E+02,3209,  2.1572024E-02,  0.0000000E+00,  1.3788572E-03,  1.0001785E+03,  1.0620585E+04,3,
 -6.8271146E+00,  0.0000000E+00,  2.6653519E+02,3109,  2.1487409E-02,  0.0000000E+00,  1.3169406E-03,  1.0000270E+03,  1.6077885E+03,3,
 -5.6923232E+00,  0.0000000E+00,  2.6655115E+02,3438,  2.0921787E-02,  0.0000000E+00,  1.6459989E-03,  1.0000075E+03,  4.4638013E+02,3,
 -5.6594353E+00,  0.0000000E+00,  2.6655154E+02,3439,  2.0825241E-02,  0.0000000E+00,  1.6094930E-03,  1.0000079E+03,  4.7178445E+02,3,
 -3.7550027E+00,  0.0000000E+00,  2.6656516E+02,3450,  2.1603452E-02,  0.0000000E+00,  4.7803263E-04,  1.0001890E+03,  1.1241832E+04,3,
 -2.5994399E+00,  0.0000000E+00,  2.6658252E+02,3441,  2.0967390E-02,  0.0000000E+00, -8.8927581E-04,  1.0000074E+03,  4.3912173E+02,3,
 -1.9235172E+00,  0.0000000E+00,  2.6661789E+02,3440,  2.1080842E-02,  0.0000000E+00, -1.3419142E-03,  9.9994012E+02, -3.5594341E+03,3,
 -6.5782428E-01,  0.0000000E+00,  2.6671140E+02,3429,  2.1405354E-02,  0.0000000E+00, -1.0491618E-03,  1.0001506E+03,  8.9568496E+03,3,
  5.2880687E-01,  0.0000000E+00,  2.6667398E+02,3419,  2.1262394E-02,  0.0000000E+00, -1.4408333E-03,  1.0007224E+03,  4.3042695E+04,3,
  1.2756405E+00,  0.0000000E+00,  2.6677402E+02,3392,  2.1991249E-02,  0.0000000E+00, -5.3014210E-04,  9.9734406E+02, -1.5666431E+05,3,
  1.0797633E+00,  0.0000000E+00,  2.6706760E+02,3346,  2.1032633E-02,  0.0000000E+00, -1.1921701E-03,  1.0009852E+03,  5.8749496E+04,3,
  2.5415297E+00,  0.0000000E+00,  2.6698343E+02,3191,  2.1103527E-02,  0.0000000E+00, -1.5168858E-04,  1.0012380E+03,  7.3881453E+04,3,
  4.5856104E+00,  0.0000000E+00,  2.6696027E+02,3100,  2.1275042E-02,  0.0000000E+00,  3.6311359E-04,  9.9974628E+02, -1.5074379E+04,3,
  4.5881243E+00,  0.0000000E+00,  2.6696042E+02,3091,  2.1276765E-02,  0.0000000E+00,  4.8720191E-04,  9.9974780E+02, -1.4983790E+04,3,
  4.9009342E+00,  0.0000000E+00,  2.6697253E+02,3430,  2.1973232E-02,  0.0000000E+00, -5.6950781E-03,  9.9990106E+02, -5.8809038E+03,3,
  5.0878601E+00,  0.0000000E+00,  2.6697424E+02,3431,  2.0866442E-02,  0.0000000E+00,  4.5853793E-03,  9.9994275E+02, -3.4034407E+03,3,
  2.9114006E+01,  0.0000000E+00,  2.6702161E+02,3420,  5.7510990E-01,  0.0000000E+00,  1.3081573E-02,  9.9993848E+02, -3.6573821E+03,3,
  2.9338619E+01,  0.0000000E+00,  2.6703705E+02,3411,  5.7507235E-01,  0.0000000E+00,  6.7249732E-03,  9.9987549E+02, -7.4004458E+03,3,
  2.9542366E+01,  0.0000000E+00,  2.6704770E+02,3356,  5.7499593E-01,  0.0000000E+00,  6.5064332E-03,  9.9976709E+02, -1.3838687E+04,3,
  2.9902082E+01,  0.0000000E+00,  2.6705139E+02,3384,  5.7610691E-01,  0.0000000E+00,  1.0844083E-02,  9.9919495E+02, -4.7751387E+04,3,
  3.0709772E+01,  0.0000000E+00,  2.6729089E+02,3365,  5.7313222E-01,  0.0000000E+00,  7.1192021E-03,  1.0008980E+03,  5.3537902E+04,3,
  3.2209358E+01,  0.0000000E+00,  2.6706454E+02,3082,  5.7280123E-01,  0.0000000E+00, -1.5334097E-03,  9.9989172E+02, -6.4357993E+03,3,
  3.3207085E+01,  0.0000000E+00,  2.6705518E+02,3421,  5.7703292E-01,  0.0000000E+00, -6.6355909E-03,  9.9982086E+02, -1.0645466E+04,3,
  3.4490192E+01,  0.0000000E+00,  2.6704697E+02,3422,  5.7953644E-01,  0.0000000E+00, -4.6744929E-03,  9.9992920E+02, -4.2087749E+03,3,
  3.4702274E+01,  0.0000000E+00,  2.6704745E+02,3432,  5.7734358E-01,  0.0000000E+00, -7.3834918E-03,  9.9997229E+02, -1.6474403E+03,3,
  3.5465248E+01,  0.0000000E+00,  2.6704611E+02,3423,  5.6239527E-01,  0.0000000E+00, -5.7196659E-03,  1.0000136E+03,  8.0930560E+02,3,
  3.8385845E+01,  0.0000000E+00,  2.6710492E+02,3218,  5.9349936E-01,  0.0000000E+00,  1.5796807E-02,  1.0001494E+03,  8.8878359E+03,3,
  3.8763737E+01,  0.0000000E+00,  2.6706735E+02,3310,  5.7106704E-01,  0.0000000E+00, -4.8764474E-03,  9.9959235E+02, -2.4208635E+04,3,
  3.8981709E+01,  0.0000000E+00,  2.6707297E+02,3246,  5.7660627E-01,  0.0000000E+00,  1.6133338E-03,  9.9994934E+02, -3.0116331E+03,3,
  3.9190506E+01,  0.0000000E+00,  2.6706262E+02,3345,  5.7806575E-01,  0.0000000E+00,  6.1397167E-04,  9.9998865E+02, -6.7497565E+02,3,
  3.9510963E+01,  0.0000000E+00,  2.6703571E+02,3412,  5.7848769E-01,  0.0000000E+00,  7.2714752E-03,  9.9999951E+02, -2.9032156E+01,3,
