TimeStep [s],Np,Nbound,Nfixed,Nmoving,Nfloat,Nfluid
127.001,1800,0,0,0,0,1800

Pos.x [m],Pos.y [m],Pos.z [m],Idp,Vel.x [m/s],Vel.y [m/s],Vel.z [m/s],Rhop [kg/m^3],Press [Pa],Type,
  3.0172198E+02,  0.0000000E+00,  2.5040886E+02,2919,  1.1654336E-01,  0.0000000E+00, -3.2010380E-02,  1.0019715E+03,  1.1791672E+05,3,
  3.0483469E+02,  0.0000000E+00,  2.5057608E+02,2832,  1.2048088E+00,  0.0000000E+00,  1.0513148E-01,  1.0016738E+03,  1.0001986E+05,3,
  3.0668976E+02,  0.0000000E+00,  2.5119658E+02,2569,  9.9790573E-01,  0.0000000E+00,  2.0642023E-01,  1.0011766E+03,  7.0207781E+04,3,
  3.0803400E+02,  0.0000000E+00,  2.5043298E+02,2856,  8.9770889E-01,  0.0000000E+00,  8.6857425E-03,  1.0024305E+03,  1.4557306E+05,3,
  3.0585474E+02,  0.0000000E+00,  2.5108157E+02,2723,  8.5884893E-01,  0.0000000E+00,  6.8929821E-02,  1.0010866E+03,  6.4818523E+04,3,
  3.0373309E+02,  0.0000000E+00,  2.5103696E+02,2850,  6.5910637E-01,  0.0000000E+00, -8.6932026E-02,  1.0007329E+03,  4.3673262E+04,3,
  3.0312244E+02,  0.0000000E+00,  2.5100323E+02,2979,  1.1670563E+00,  0.0000000E+00, -3.1335938E-01,  1.0005569E+03,  3.3166594E+04,3,
  3.0923758E+02,  0.0000000E+00,  2.5092171E+02,2784,  8.2671410E-01,  0.0000000E+00,  2.7459195E-02,  1.0018761E+03,  1.1217877E+05,3,
  3.1053094E+02,  0.0000000E+00,  2.5061070E+02,2883,  7.7851880E-01,  0.0000000E+00,  3.3000719E-02,  1.0019679E+03,  1.1770006E+05,3,
  3.1179150E+02,  0.0000000E+00,  2.5100752E+02,2918,  7.0029086E-01,  0.0000000E+00,  1.1908884E-01,  1.0013157E+03,  7.8536703E+04,3,
  3.1277615E+02,  0.0000000E+00,  2.5066005E+02,2909,  7.0503199E-01,  0.0000000E+00,  3.9655227E-02,  1.0015788E+03,  9.4317773E+04,3,
  3.1499036E+02,  0.0000000E+00,  2.5094527E+02,2924,  5.8018267E-01,  0.0000000E+00,  5.1183607E-02,  1.0009876E+03,  5.8895520E+04,3,
  3.1397003E+02,  0.0000000E+00,  2.5083020E+02,2542,  6.2774843E-01,  0.0000000E+00,  3.3470064E-02,  1.0012042E+03,  7.1859852E+04,3,
  3.1589117E+02,  0.0000000E+00,  2.5076047E+02,2879,  6.1313301E-01,  0.0000000E+00,  4.1983023E-02,  1.0012101E+03,  7.2210766E+04,3,
  3.1697992E+02,  0.0000000E+00,  2.5079956E+02,2908,  5.4975790E-01,  0.0000000E+00,  4.8843008E-02,  1.0011745E+03,  7.0079867E+04,3,
  3.1788620E+02,  0.0000000E+00,  2.5095671E+02,2787,  5.1046050E-01,  0.0000000E+00,  5.3072695E-02,  1.0009621E+03,  5.7369691E+04,3,
  3.1877573E+02,  0.0000000E+00,  2.5101872E+02,2881,  5.2392548E-01,  0.0000000E+00,  3.2120276E-02,  1.0009652E+03,  5.7555848E+04,3,
  3.2041333E+02,  0.0000000E+00,  2.5026433E+02,2811,  4.6463367E-01,  0.0000000E+00, -1.3125530E-02,  1.0027391E+03,  1.6420783E+05,3,
  3.2194580E+02,  0.0000000E+00,  2.5107039E+02,2846,  4.6382636E-01,  0.0000000E+00,  3.5295807E-02,  1.0009349E+03,  5.5741914E+04,3,
  3.2289099E+02,  0.0000000E+00,  2.5086957E+02,2872,  4.8702568E-01,  0.0000000E+00,  3.7239138E-02,  1.0011267E+03,  6.7218664E+04,3,
  3.2399579E+02,  0.0000000E+00,  2.5068141E+02,2497,  4.2093495E-01,  0.0000000E+00,  2.8120216E-02,  1.0013781E+03,  8.2275641E+04,3,
  3.2508026E+02,  0.0000000E+00,  2.5090077E+02,2845,  3.5922948E-01,  0.0000000E+00,  3.1903002E-02,  1.0010021E+03,  5.9760746E+04,3,
  3.2589157E+02,  0.0000000E+00,  2.5090221E+02,2606,  3.7505445E-01,  0.0000000E+00,  3.2039769E-02,  1.0009675E+03,  5.7694551E+04,3,
  3.2713541E+02,  0.0000000E+00,  2.5075008E+02,2828,  3.3194453E-01,  0.0000000E+00,  1.6457580E-02,  1.0013549E+03,  8.0888922E+04,3,
  3.2859515E+02,  0.0000000E+00,  2.5042702E+02,2721,  3.1950444E-01,  0.0000000E+00,  7.7826041E-03,  1.0022050E+03,  1.3197625E+05,3,
  3.3006100E+02,  0.0000000E+00,  2.5091074E+02,2819,  2.9727364E-01,  0.0000000E+00,  2.3549939E-02,  1.0010375E+03,  6.1882145E+04,3,
  3.3100345E+02,  0.0000000E+00,  2.5077617E+02,2772,  2.8876731E-01,  0.0000000E+00,  2.7737653E-02,  1.0011824E+03,  7.0554984E+04,3,
  3.3209363E+02,  0.0000000E+00,  2.5108115E+02,2862,  2.6717010E-01,  0.0000000E+00,  4.7917150E-02,  1.0005693E+03,  3.3909418E+04,3,
  3.3292123E+02,  0.0000000E+00,  2.5065395E+02,2809,  2.4613081E-01,  0.0000000E+00,  3.7231643E-02,  1.0013911E+03,  8.3055062E+04,3,
  3.3405460E+02,  0.0000000E+00,  2.5091510E+02,2725,  2.4046925E-01,  0.0000000E+00,  4.3292977E-02,  1.0009377E+03,  5.5909789E+04,3,
  3.3519498E+02,  0.0000000E+00,  2.5059424E+02,2774,  2.7411729E-01,  0.0000000E+00,  2.7246529E-03,  1.0015928E+03,  9.5160422E+04,3,
  3.3641794E+02,  0.0000000E+00,  2.5097595E+02,2762,  2.3573989E-01,  0.0000000E+00, -2.3587340E-02,  1.0008155E+03,  4.8606188E+04,3,
  3.3732928E+02,  0.0000000E+00,  2.5068102E+02,2579,  1.8599580E-01,  0.0000000E+00, -3.6757649E-03,  1.0013168E+03,  7.8606203E+04,3,
  3.3847501E+02,  0.0000000E+00,  2.5095506E+02,2816,  2.3067175E-01,  0.0000000E+00,  8.2320301E-03,  1.0007444E+03,  4.4362195E+04,3,
  3.3920914E+02,  0.0000000E+00,  2.5095152E+02,2696,  1.9101390E-01,  0.0000000E+00,  2.2092674E-02,  1.0007610E+03,  4.5353754E+04,3,
  3.4003937E+02,  0.0000000E+00,  2.5095695E+02,2765,  2.0091578E-01,  0.0000000E+00,  4.4226527E-02,  1.0008524E+03,  5.0809109E+04,3,
  3.4144702E+02,  0.0000000E+00,  2.5050729E+02,2775,  2.9923788E-01,  0.0000000E+00,  6.8030804E-02,  1.0020231E+03,  1.2102385E+05,3,
  3.4322025E+02,  0.0000000E+00,  2.5038339E+02,2730, -1.0190362E-01,  0.0000000E+00,  1.0738648E-01,  1.0022612E+03,  1.3535994E+05,3,
  3.4520517E+02,  0.0000000E+00,  2.5094104E+02,2852,  2.9579911E-01,  0.0000000E+00, -6.7203224E-02,  1.0008754E+03,  5.2184355E+04,3,
  3.4604468E+02,  0.0000000E+00,  2.5067885E+02,2561,  4.9414968E-01,  0.0000000E+00, -5.1996857E-02,  1.0012820E+03,  7.6517820E+04,3,
  3.4720764E+02,  0.0000000E+00,  2.5086536E+02,2825,  3.3588141E-01,  0.0000000E+00,  2.1029079E-02,  1.0009175E+03,  5.4705531E+04,3,
  3.4797980E+02,  0.0000000E+00,  2.5089882E+02,2761,  4.6800679E-01,  0.0000000E+00,  6.2209371E-02,  1.0008303E+03,  4.9488754E+04,3,
  3.4915015E+02,  0.0000000E+00,  2.5070886E+02,2746,  5.1492828E-01,  0.0000000E+00,  4.1044261E-02,  1.0012603E+03,  7.5219656E+04,3,
  3.5027133E+02,  0.0000000E+00,  2.5079472E+02,2434,  4.2720616E-01,  0.0000000E+00, -1.8554794E-03,  1.0010833E+03,  6.4617621E+04,3,
  3.5130365E+02,  0.0000000E+00,  2.5084535E+02,2543,  3.6289230E-01,  0.0000000E+00,  1.5671960E-04,  1.0010115E+03,  6.0323000E+04,3,
  3.5241156E+02,  0.0000000E+00,  2.5075505E+02,2643,  3.3968148E-01,  0.0000000E+00,  4.9761955E-02,  1.0012378E+03,  7.3870484E+04,3,
  3.5353326E+02,  0.0000000E+00,  2.5067270E+02,2425,  4.5830196E-01,  0.0000000E+00,  6.0859110E-02,  1.0014184E+03,  8.4694617E+04,3,
  3.5495840E+02,  0.0000000E+00,  2.5105373E+02,2818,  4.4730791E-01,  0.0000000E+00,  1.5140953E-02,  1.0006628E+03,  3.9489668E+04,3,
  3.5543713E+02,  0.0000000E+00,  2.5063593E+02,2708,  3.7748083E-01,  0.0000000E+00,  8.7579759E-03,  1.0013604E+03,  8.1218203E+04,3,
  3.5674280E+02,  0.0000000E+00,  2.5094112E+02,2773,  3.2660860E-01,  0.0000000E+00,  1.2561182E-02,  1.0007305E+03,  4.3531109E+04,3,
  3.5733646E+02,  0.0000000E+00,  2.5093179E+02,2800,  3.7118191E-01,  0.0000000E+00,  2.9486923E-02,  1.0007343E+03,  4.3753453E+04,3,
  3.5876208E+02,  0.0000000E+00,  2.5060672E+02,2728,  6.2060142E-01,  0.0000000E+00,  9.3319349E-02,  1.0011752E+03,  7.0120070E+04,3,
  3.5977899E+02,  0.0000000E+00,  2.5068340E+02,2552,  2.3899539E-01,  0.0000000E+00,  5.1488426E-02,  1.0011335E+03,  6.7624227E+04,3,
  3.5985434E+02,  0.0000000E+00,  2.5105803E+02,2662,  3.2325521E-02,  0.0000000E+00, -7.7492677E-02,  1.0008305E+03,  4.9503344E+04,3,
  3.8959131E+02,  0.0000000E+00,  2.5049474E+02,2685,  3.5391942E-01,  0.0000000E+00,  5.5322312E-02,  1.0020513E+03,  1.2271738E+05,3,
  3.9220349E+02,  0.0000000E+00,  2.5072577E+02,2699,  1.1305246E+00,  0.0000000E+00,  1.8333741E-01,  1.0011448E+03,  6.8303852E+04,3,
  3.9579053E+02,  0.0000000E+00,  2.5067299E+02,2646,  9.4831634E-01,  0.0000000E+00, -7.2406508E-02,  1.0014622E+03,  8.7322859E+04,3,
  3.9469604E+02,  0.0000000E+00,  2.5063097E+02,2571,  9.1522723E-01,  0.0000000E+00, -9.7037375E-02,  1.0015703E+03,  9.3804891E+04,3,
  3.9369656E+02,  0.0000000E+00,  2.5100635E+02,2689,  1.3136450E+00,  0.0000000E+00,  3.9213905E-03,  1.0007753E+03,  4.6206867E+04,3,
  3.9151636E+02,  0.0000000E+00,  2.5081604E+02,2745,  2.4701346E-01,  0.0000000E+00,  2.7754337E-01,  1.0007357E+03,  4.3837289E+04,3,
  3.9136765E+02,  0.0000000E+00,  2.5099950E+02,2736,  1.3315017E+00,  0.0000000E+00, -1.1427535E-01,  1.0003812E+03,  2.2692830E+04,3,
  3.9690079E+02,  0.0000000E+00,  2.5110580E+02,2680,  1.1372684E+00,  0.0000000E+00, -1.3018385E-01,  1.0006195E+03,  3.6903133E+04,3,
  3.9761234E+02,  0.0000000E+00,  2.5079619E+02,2711,  1.0968671E+00,  0.0000000E+00, -4.9736142E-02,  1.0011165E+03,  6.6604875E+04,3,
  3.9863412E+02,  0.0000000E+00,  2.5082820E+02,2635,  1.1543434E+00,  0.0000000E+00, -2.4951112E-03,  1.0011210E+03,  6.6878883E+04,3,
  3.9959766E+02,  0.0000000E+00,  2.5083887E+02,2681,  1.1312276E+00,  0.0000000E+00,  5.0173130E-02,  1.0010886E+03,  6.4935410E+04,3,
  4.0057886E+02,  0.0000000E+00,  2.5074515E+02,2609,  1.0908732E+00,  0.0000000E+00,  1.0630331E-01,  1.0012277E+03,  7.3267250E+04,3,
  4.0163046E+02,  0.0000000E+00,  2.5080707E+02,2656,  1.2364403E+00,  0.0000000E+00,  6.7829572E-02,  1.0010670E+03,  6.3646059E+04,3,
  4.0256607E+02,  0.0000000E+00,  2.5093336E+02,2608,  1.3610799E+00,  0.0000000E+00, -2.6624504E-02,  1.0008191E+03,  4.8821352E+04,3,
  4.0300128E+02,  0.0000000E+00,  2.5113531E+02,2673,  1.2317791E+00,  0.0000000E+00, -1.3386381E-01,  1.0005618E+03,  3.3461531E+04,3,
  4.0434549E+02,  0.0000000E+00,  2.5061130E+02,2629,  1.2618016E+00,  0.0000000E+00, -1.1838357E-01,  1.0016367E+03,  9.7795070E+04,3,
  4.0544330E+02,  0.0000000E+00,  2.5079901E+02,2666,  1.1981599E+00,  0.0000000E+00, -1.1196811E-01,  1.0014675E+03,  8.7637711E+04,3,
  4.0654443E+02,  0.0000000E+00,  2.5065659E+02,2649,  1.2026986E+00,  0.0000000E+00, -2.6581535E-02,  1.0017570E+03,  1.0502102E+05,3,
  4.0764890E+02,  0.0000000E+00,  2.5082964E+02,2628,  1.4616704E+00,  0.0000000E+00, -7.1557440E-02,  1.0013498E+03,  8.0581602E+04,3,
  4.0882819E+02,  0.0000000E+00,  2.5069682E+02,2535,  1.9046201E+00,  0.0000000E+00, -6.4560637E-02,  1.0011215E+03,  6.6908109E+04,3,
  4.0994846E+02,  0.0000000E+00,  2.5068199E+02,2648,  9.9395370E-01,  0.0000000E+00,  3.2275277E-01,  1.0012301E+03,  7.3409828E+04,3,
  4.1040457E+02,  0.0000000E+00,  2.5101906E+02,2371,  4.0992510E-01,  0.0000000E+00,  3.1401703E-01,  1.0012005E+03,  7.1636875E+04,3,
  6.5983093E+02,  0.0000000E+00,  2.5058217E+02,2360, -8.8837612E-01,  0.0000000E+00,  3.8878265E-01,  1.0013864E+03,  8.2776953E+04,3,
  6.6054047E+02,  0.0000000E+00,  2.5060785E+02,2282,  1.3142823E+00,  0.0000000E+00, -3.8509965E-01,  1.0011790E+03,  7.0346664E+04,3,
  6.6214380E+02,  0.0000000E+00,  2.5108858E+02,2349,  1.2789664E+00,  0.0000000E+00,  4.4841960E-01,  1.0007200E+03,  4.2900551E+04,3,
  6.6304126E+02,  0.0000000E+00,  2.5109286E+02,2222,  1.1380668E+00,  0.0000000E+00,  4.9393049E-01,  1.0006665E+03,  3.9708277E+04,3,
  6.6355957E+02,  0.0000000E+00,  2.5102754E+02,2278,  1.5006558E+00,  0.0000000E+00,  4.2561463E-01,  1.0007056E+03,  4.2044074E+04,3,
  6.6459186E+02,  0.0000000E+00,  2.5122650E+02,2303,  1.1942571E+00,  0.0000000E+00,  8.8505417E-02,  1.0006533E+03,  3.8917656E+04,3,
  6.6560181E+02,  0.0000000E+00,  2.5056696E+02,2361,  1.0846937E+00,  0.0000000E+00,  6.3494816E-02,  1.0014344E+03,  8.5657250E+04,3,
  6.6739398E+02,  0.0000000E+00,  2.5057332E+02,2324,  1.4317752E+00,  0.0000000E+00, -4.3863799E-02,  1.0013181E+03,  7.8679359E+04,3,
  6.6886566E+02,  0.0000000E+00,  2.5136899E+02,2209,  1.3330942E+00,  0.0000000E+00, -3.6275819E-02,  1.0004391E+03,  2.6141621E+04,3,
  6.6950140E+02,  0.0000000E+00,  2.5128236E+02,2237,  1.2469583E+00,  0.0000000E+00,  8.8262863E-02,  1.0005739E+03,  3.4178887E+04,3,
  6.7024170E+02,  0.0000000E+00,  2.5063608E+02,2236,  1.0370423E+00,  0.0000000E+00,  2.1263942E-01,  1.0013008E+03,  7.7647906E+04,3,
  6.7162878E+02,  0.0000000E+00,  2.5053220E+02,2246,  1.4820081E+00,  0.0000000E+00,  3.0970642E-01,  1.0015655E+03,  9.3519156E+04,3,
  6.7339978E+02,  0.0000000E+00,  2.5085837E+02,2269,  1.4046569E+00,  0.0000000E+00,  7.3904350E-02,  1.0008264E+03,  4.9258988E+04,3,
  6.7441083E+02,  0.0000000E+00,  2.5089716E+02,2304,  1.3053013E+00,  0.0000000E+00,  1.9209694E-02,  1.0007390E+03,  4.4037770E+04,3,
  6.7492334E+02,  0.0000000E+00,  2.5129121E+02,2323,  1.3555268E+00,  0.0000000E+00,  1.6287643E-02,  1.0004785E+03,  2.8488791E+04,3,
  6.7574963E+02,  0.0000000E+00,  2.5104446E+02,2191,  1.2800039E+00,  0.0000000E+00,  7.5571733E-03,  1.0007336E+03,  4.3717004E+04,3,
  6.7682452E+02,  0.0000000E+00,  2.5095474E+02,2155,  1.2877346E+00,  0.0000000E+00,  6.0706619E-02,  1.0011055E+03,  6.5950938E+04,3,
  6.7798224E+02,  0.0000000E+00,  2.5038699E+02,2325,  1.3108462E+00,  0.0000000E+00,  8.8258430E-02,  1.0019656E+03,  1.1756420E+05,3,
  6.7907825E+02,  0.0000000E+00,  2.5137224E+02,2306,  1.1458445E+00,  0.0000000E+00,  2.3954017E-01,  1.0007205E+03,  4.2933352E+04,3,
  6.7995758E+02,  0.0000000E+00,  2.5103223E+02,2312,  1.2840097E+00,  0.0000000E+00,  1.1159861E-01,  1.0007012E+03,  4.1778035E+04,3,
  6.8133856E+02,  0.0000000E+00,  2.5113200E+02,2217,  1.3593082E+00,  0.0000000E+00,  6.2291841E-03,  1.0006910E+03,  4.1169453E+04,3,
  6.8073096E+02,  0.0000000E+00,  2.5122916E+02,2221,  1.2027854E+00,  0.0000000E+00,  5.3141195E-02,  1.0005140E+03,  3.0607180E+04,3,
  6.8264301E+02,  0.0000000E+00,  2.5040102E+02,2172,  1.1286943E+00,  0.0000000E+00, -7.1287945E-02,  1.0018885E+03,  1.1292748E+05,3,
  6.8358649E+02,  0.0000000E+00,  2.5125450E+02,2141,  1.1736513E+00,  0.0000000E+00, -8.3976701E-02,  1.0008469E+03,  5.0484473E+04,3,
  6.8471729E+02,  0.0000000E+00,  2.5061855E+02,2275,  1.1379757E+00,  0.0000000E+00,  8.8679083E-02,  1.0013702E+03,  8.1803625E+04,3,
  6.8575970E+02,  0.0000000E+00,  2.5128683E+02,2247,  1.1335179E+00,  0.0000000E+00,  1.7031464E-01,  1.0005563E+03,  3.3133820E+04,3,
  6.8711487E+02,  0.0000000E+00,  2.5105890E+02,2243,  1.2992119E+00,  0.0000000E+00,  7.7038586E-02,  1.0008217E+03,  4.8978168E+04,3,
  6.8819873E+02,  0.0000000E+00,  2.5045934E+02,2173,  1.2570021E+00,  0.0000000E+00, -8.7660667E-04,  1.0017021E+03,  1.0172452E+05,3,
  6.8631329E+02,  0.0000000E+00,  2.5139442E+02,2260,  1.3149484E+00,  0.0000000E+00,  1.4238711E-01,  1.0004847E+03,  2.8863662E+04,3,
  6.8932312E+02,  0.0000000E+00,  2.5091620E+02,2168,  1.1660624E+00,  0.0000000E+00, -5.7886560E-02,  1.0010945E+03,  6.5293391E+04,3,
  6.9032904E+02,  0.0000000E+00,  2.5114316E+02,2200,  1.1301036E+00,  0.0000000E+00,  3.5975538E-02,  1.0007333E+03,  4.3698777E+04,3,
  6.9111249E+02,  0.0000000E+00,  2.5091219E+02,2233,  1.2256993E+00,  0.0000000E+00,  4.0970054E-02,  1.0008496E+03,  5.0644965E+04,3,
  6.9203943E+02,  0.0000000E+00,  2.5088863E+02,2150,  1.2126421E+00,  0.0000000E+00,  4.1680627E-02,  1.0007842E+03,  4.6735543E+04,3,
  6.9272491E+02,  0.0000000E+00,  2.5117612E+02,2210,  1.2423750E+00,  0.0000000E+00,  2.9926743E-02,  1.0007191E+03,  4.2849523E+04,3,
  6.9362573E+02,  0.0000000E+00,  2.5109523E+02,2146,  1.2359664E+00,  0.0000000E+00, -2.8340645E-02,  1.0008740E+03,  5.2100449E+04,3,
  6.9472565E+02,  0.0000000E+00,  2.5075496E+02,2276,  1.1242996E+00,  0.0000000E+00, -2.5944340E-03,  1.0013350E+03,  7.9692625E+04,3,
  6.9585199E+02,  0.0000000E+00,  2.5061127E+02,2249,  1.0286031E+00,  0.0000000E+00,  1.1305417E-01,  1.0015612E+03,  9.3259070E+04,3,
  6.9689075E+02,  0.0000000E+00,  2.5107933E+02,2261,  1.1397815E+00,  0.0000000E+00,  1.4600907E-01,  1.0009667E+03,  5.7647098E+04,3,
  6.9791705E+02,  0.0000000E+00,  2.5105441E+02,2180,  1.3219231E+00,  0.0000000E+00, -4.1305393E-02,  1.0007347E+03,  4.3778969E+04,3,
  6.9892340E+02,  0.0000000E+00,  2.5072943E+02,2196,  1.7845871E+00,  0.0000000E+00,  8.9800239E-02,  1.0006273E+03,  3.7369387E+04,3,
  6.9962268E+02,  0.0000000E+00,  2.5119522E+02,2216,  9.9692678E-01,  0.0000000E+00,  2.3308916E-01,  1.0004562E+03,  2.7160479E+04,3,
  7.0012830E+02,  0.0000000E+00,  2.5106383E+02,2197,  5.7580304E-01,  0.0000000E+00,  1.6099206E-01,  1.0007500E+03,  4.4693918E+04,3,
  7.0041583E+02,  0.0000000E+00,  2.5120430E+02,2183,  6.2933606E-01,  0.0000000E+00,  3.1865418E-01,  1.0007534E+03,  4.4898062E+04,3,
  7.2031317E+02,  0.0000000E+00,  2.5035033E+02,2144, -4.2329070E-01,  0.0000000E+00, -3.9779863E-01,  1.0009500E+03,  5.6647016E+04,3,
  7.2247437E+02,  0.0000000E+00,  2.5057581E+02,2234,  4.7062883E-01,  0.0000000E+00, -2.6436183E-01,  1.0016488E+03,  9.8520734E+04,3,
  7.2127222E+02,  0.0000000E+00,  2.5072606E+02,2143,  6.6831833E-01,  0.0000000E+00, -7.7679825E-01,  9.9997485E+02, -1.4950454E+03,3,
  7.2002521E+02,  0.0000000E+00,  2.5101353E+02,2112,  2.1644907E+00,  0.0000000E+00, -1.5915530E+00,  1.0004829E+03,  2.8754477E+04,3,
  7.2492322E+02,  0.0000000E+00,  2.5047737E+02,2253, -5.3037461E-02,  0.0000000E+00,  1.1795659E+00,  1.0014760E+03,  8.8146609E+04,3,
  7.2614722E+02,  0.0000000E+00,  2.5062224E+02,2252,  1.5369692E+00,  0.0000000E+00,  1.3940454E+00,  1.0012079E+03,  7.2082828E+04,3,
  7.2847906E+02,  0.0000000E+00,  2.5105321E+02,2160,  1.5541773E+00,  0.0000000E+00,  8.5127920E-01,  1.0002888E+03,  1.7187432E+04,3,
  7.2914929E+02,  0.0000000E+00,  2.5100821E+02,2157,  1.6265507E+00,  0.0000000E+00,  8.1104785E-01,  1.0008649E+03,  5.1556898E+04,3,
  7.2756494E+02,  0.0000000E+00,  2.5096869E+02,2142,  1.8411176E+00,  0.0000000E+00,  1.0938542E+00,  1.0009246E+03,  5.5128828E+04,3,
  7.3040967E+02,  0.0000000E+00,  2.5086328E+02,2106,  1.8694822E+00,  0.0000000E+00,  5.2858806E-01,  1.0008442E+03,  5.0323984E+04,3,
  7.3117133E+02,  0.0000000E+00,  2.5115817E+02,2206,  1.9009403E+00,  0.0000000E+00,  3.4147787E-01,  1.0004701E+03,  2.7990199E+04,3,
  7.3146698E+02,  0.0000000E+00,  2.5116942E+02,2114,  1.8688537E+00,  0.0000000E+00,  2.5601617E-01,  1.0003948E+03,  2.3500350E+04,3,
  7.3328088E+02,  0.0000000E+00,  2.5039600E+02,2181,  1.1173391E+00,  0.0000000E+00, -1.1452516E-01,  1.0018352E+03,  1.0972012E+05,3,
  7.3441882E+02,  0.0000000E+00,  2.5076852E+02,2120,  1.3933580E+00,  0.0000000E+00, -1.1030371E-01,  1.0011390E+03,  6.7953070E+04,3,
  7.3553894E+02,  0.0000000E+00,  2.5113266E+02,2130,  1.4969801E+00,  0.0000000E+00, -1.8366911E-01,  1.0005364E+03,  3.1943234E+04,3,
  7.3662726E+02,  0.0000000E+00,  2.5057570E+02,2174,  8.6259210E-01,  0.0000000E+00, -3.3639383E-01,  1.0014160E+03,  8.4548219E+04,3,
  7.3779205E+02,  0.0000000E+00,  2.5119086E+02,2094,  1.1065682E+00,  0.0000000E+00, -3.6868736E-01,  1.0002546E+03,  1.5148229E+04,3,
  7.3889368E+02,  0.0000000E+00,  2.5073033E+02,2184,  8.7920201E-01,  0.0000000E+00, -1.3478237E-01,  1.0007635E+03,  4.5503227E+04,3,
  7.3988055E+02,  0.0000000E+00,  2.5063864E+02,2163,  3.1256598E-01,  0.0000000E+00,  6.5155454E-02,  1.0010306E+03,  6.1465859E+04,3,
  7.4037177E+02,  0.0000000E+00,  2.5137804E+02,2169,  3.3743805E-01,  0.0000000E+00,  2.7603054E-01,  1.0006422E+03,  3.8254605E+04,3,
  7.8124225E+02,  0.0000000E+00,  2.5063623E+02,2072,  1.0195897E+00,  0.0000000E+00,  2.8797260E-01,  1.0018087E+03,  1.0812783E+05,3,
  7.8063269E+02,  0.0000000E+00,  2.5093930E+02,2136,  9.6916538E-01,  0.0000000E+00,  1.2458873E+00,  9.9871558E+02, -7.6075555E+04,3,
  7.8292639E+02,  0.0000000E+00,  2.5102568E+02,2104,  2.6346941E+00,  0.0000000E+00, -7.9210824E-01,  9.9976215E+02, -1.4132223E+04,3,
  7.8296033E+02,  0.0000000E+00,  2.5101712E+02,2103,  2.4792218E+00,  0.0000000E+00, -5.3618187E-01,  9.9911029E+02, -5.2759309E+04,3,
  7.8510992E+02,  0.0000000E+00,  2.5041399E+02,2083,  2.3675299E+00,  0.0000000E+00, -8.9293405E-02,  1.0017286E+03,  1.0331213E+05,3,
  7.8790515E+02,  0.0000000E+00,  2.5076685E+02,2115,  2.0039074E+00,  0.0000000E+00,  1.9918685E-01,  1.0007534E+03,  4.4898062E+04,3,
  7.9016919E+02,  0.0000000E+00,  2.5077420E+02,2059,  2.2463806E+00,  0.0000000E+00, -2.6178542E-01,  9.9891357E+02, -6.4386484E+04,3,
  7.8862592E+02,  0.0000000E+00,  2.5137221E+02,2080,  1.9189321E+00,  0.0000000E+00, -2.8283274E-01,  1.0014902E+03,  8.8999727E+04,3,
  7.9153369E+02,  0.0000000E+00,  2.5121725E+02,2096,  1.7459904E+00,  0.0000000E+00, -4.0488061E-01,  1.0022715E+03,  1.3598162E+05,3,
  7.9310321E+02,  0.0000000E+00,  2.5031767E+02,2073,  1.3686304E+00,  0.0000000E+00, -2.5689363E-01,  1.0006786E+03,  4.0429730E+04,3,
  7.9608466E+02,  0.0000000E+00,  2.5119897E+02,2098,  2.0288110E+00,  0.0000000E+00,  2.5773832E-01,  1.0005062E+03,  3.0141242E+04,3,
  7.9498718E+02,  0.0000000E+00,  2.5118040E+02,2085,  2.0515604E+00,  0.0000000E+00,  5.6560695E-01,  1.0003317E+03,  1.9739754E+04,3,
  7.9705457E+02,  0.0000000E+00,  2.5133144E+02,2055,  2.0490506E+00,  0.0000000E+00, -8.1244104E-02,  1.0003653E+03,  2.1743531E+04,3,
  7.9685022E+02,  0.0000000E+00,  2.5139485E+02,2079,  1.9878114E+00,  0.0000000E+00, -5.5842412E-01,  9.9951331E+02, -2.8895627E+04,3,
  7.9840723E+02,  0.0000000E+00,  2.5044832E+02,2058,  1.9430565E+00,  0.0000000E+00,  1.5941744E-01,  1.0013583E+03,  8.1093812E+04,3,
  8.0062518E+02,  0.0000000E+00,  2.5091016E+02,2082,  2.6187966E+00,  0.0000000E+00, -9.9217650E-03,  1.0004497E+03,  2.6774756E+04,3,
  8.0169464E+02,  0.0000000E+00,  2.5097681E+02,2071,  2.5181503E+00,  0.0000000E+00,  9.3914554E-02,  1.0005115E+03,  3.0461572E+04,3,
  8.0388025E+02,  0.0000000E+00,  2.5064871E+02,2100,  1.9028556E+00,  0.0000000E+00, -3.6536032E-01,  1.0010754E+03,  6.4150090E+04,3,
  8.0021771E+02,  0.0000000E+00,  2.5135828E+02,2067,  2.1582556E+00,  0.0000000E+00, -4.4266716E-01,  9.9981555E+02, -1.0960847E+04,3,
  8.0532532E+02,  0.0000000E+00,  2.5078004E+02,2065,  1.5811071E+00,  0.0000000E+00, -4.9818900E-01,  1.0024048E+03,  1.4401927E+05,3,
  8.0657263E+02,  0.0000000E+00,  2.5110789E+02,2053,  1.7576749E+00,  0.0000000E+00,  3.7471354E-01,  1.0015721E+03,  9.3914789E+04,3,
  8.0794110E+02,  0.0000000E+00,  2.5075154E+02,2066,  1.6946477E+00,  0.0000000E+00,  1.3714859E-01,  9.9873126E+02, -7.5150016E+04,3,
  8.1059076E+02,  0.0000000E+00,  2.5057484E+02,2050,  1.7537743E+00,  0.0000000E+00, -5.5310494E-01,  1.0024180E+03,  1.4481822E+05,3,
  8.0871814E+02,  0.0000000E+00,  2.5119472E+02,2081,  1.9961485E+00,  0.0000000E+00,  4.6028149E-01,  9.9964392E+02, -2.1149129E+04,3,
  8.1189154E+02,  0.0000000E+00,  2.5115402E+02,2062,  1.8483877E+00,  0.0000000E+00, -2.1666643E-01,  1.0015555E+03,  9.2918398E+04,3,
  8.1415594E+02,  0.0000000E+00,  2.5062581E+02,2037,  1.9220412E+00,  0.0000000E+00, -1.8355039E-01,  1.0003096E+03,  1.8427152E+04,3,
  8.1596344E+02,  0.0000000E+00,  2.5093137E+02,2036,  1.8081670E+00,  0.0000000E+00, -1.6240191E-01,  1.0031315E+03,  1.8795277E+05,3,
  8.1700604E+02,  0.0000000E+00,  2.5090840E+02,2046,  1.5589924E+00,  0.0000000E+00,  1.0328542E-01,  1.0005018E+03,  2.9879160E+04,3,
  8.1274591E+02,  0.0000000E+00,  2.5123982E+02,2068,  1.7483896E+00,  0.0000000E+00, -6.4383566E-01,  9.9942114E+02, -3.4357961E+04,3,
  8.1871027E+02,  0.0000000E+00,  2.5106598E+02,2049,  2.1169100E+00,  0.0000000E+00,  7.6392400E-01,  1.0068512E+03,  4.1582697E+05,3,
  8.1977197E+02,  0.0000000E+00,  2.5108278E+02,2041,  1.9412977E+00,  0.0000000E+00,  1.0366672E+00,  1.0023234E+03,  1.3910906E+05,3,
  8.2039105E+02,  0.0000000E+00,  2.5084439E+02,2063,  7.7843046E-01,  0.0000000E+00,  3.7757427E-01,  1.0008322E+03,  4.9601816E+04,3,
  1.9381047E+02,  0.0000000E+00,  2.5683832E+02,2812, -7.3637366E-01,  0.0000000E+00, -1.2048258E+00,  9.9712244E+02, -1.6962406E+05,3,
  1.9423170E+02,  0.0000000E+00,  2.5682559E+02,3176, -7.7480090E-01,  0.0000000E+00,  1.1750449E+00,  9.9935779E+02, -3.8111109E+04,3,
  1.9651192E+02,  0.0000000E+00,  2.5723615E+02,3075,  9.2165433E-02,  0.0000000E+00, -1.6520822E+00,  9.9603540E+02, -2.3294170E+05,3,
  1.9512256E+02,  0.0000000E+00,  2.5655103E+02,3186,  3.2505104E-01,  0.0000000E+00,  1.1069207E+00,  1.0025583E+03,  1.5328300E+05,3,
  1.9365097E+02,  0.0000000E+00,  2.5685367E+02,3205, -2.4688520E-01,  0.0000000E+00,  1.5936686E+00,  9.9995410E+02, -2.7286509E+03,3,
  1.9823816E+02,  0.0000000E+00,  2.5786456E+02,2821,  1.2071645E+00,  0.0000000E+00, -1.4539685E+00,  9.9477283E+02, -3.0596541E+05,3,
  1.9853809E+02,  0.0000000E+00,  2.5749847E+02,3093, -7.8398860E-01,  0.0000000E+00, -6.1138576E-01,  1.0024709E+03,  1.4800733E+05,3,
  1.9856912E+02,  0.0000000E+00,  2.5712167E+02,2975, -1.8344979E+00,  0.0000000E+00, -2.8329935E+00,  1.0073452E+03,  4.4647372E+05,3,
  1.9428136E+02,  0.0000000E+00,  2.5797314E+02,3215, -1.6125211E+00,  0.0000000E+00, -3.4537858E-01,  1.0006860E+03,  4.0870645E+04,3,
  2.0265292E+02,  0.0000000E+00,  2.5616446E+02,3207,  9.9756646E-05,  0.0000000E+00,  9.8313443E-02,  1.0049709E+03,  3.0000294E+05,3,
  2.0406621E+02,  0.0000000E+00,  2.5790955E+02,2948,  1.4536464E+00,  0.0000000E+00, -2.9052857E-01,  9.9617914E+02, -2.2459303E+05,3,
  2.0408688E+02,  0.0000000E+00,  2.5714352E+02,3076,  8.6172171E-02,  0.0000000E+00,  1.2547694E+00,  1.0063458E+03,  3.8456919E+05,3,
  2.0581462E+02,  0.0000000E+00,  2.5763095E+02,3011,  6.3097052E-02,  0.0000000E+00,  1.4223403E+00,  9.9460413E+02, -3.1568059E+05,3,
  2.0630247E+02,  0.0000000E+00,  2.5715833E+02,2803,  1.9320050E+00,  0.0000000E+00,  2.3191876E+00,  9.9918903E+02, -4.8101699E+04,3,
  2.0180768E+02,  0.0000000E+00,  2.5747778E+02,3030, -1.4386542E+00,  0.0000000E+00, -3.1598182E+00,  9.9478778E+02, -3.0510378E+05,3,
  2.0061484E+02,  0.0000000E+00,  2.5731494E+02,3112, -2.0721808E-01,  0.0000000E+00, -2.1270866E+00,  9.9589990E+02, -2.4080517E+05,3,
  2.0044760E+02,  0.0000000E+00,  2.5761813E+02,3012,  3.5461870E-01,  0.0000000E+00, -1.5154784E+00,  9.9770685E+02, -1.3541169E+05,3,
  2.0777560E+02,  0.0000000E+00,  2.5701932E+02,3196,  3.3644164E-01,  0.0000000E+00, -2.1551509E+00,  9.9844562E+02, -9.1990523E+04,3,
  2.0874794E+02,  0.0000000E+00,  2.5694052E+02,3197, -1.1609279E-01,  0.0000000E+00,  4.7290722E-01,  9.9831659E+02, -9.9588062E+04,3,
  2.1155424E+02,  0.0000000E+00,  2.5718262E+02,3159,  4.3564141E-02,  0.0000000E+00, -4.5659998E-03,  9.9464203E+02, -3.1349872E+05,3,
  2.1112463E+02,  0.0000000E+00,  2.5695410E+02,3085, -6.4045447E-01,  0.0000000E+00, -3.0258396E-01,  1.0034745E+03,  2.0875544E+05,3,
  2.1296808E+02,  0.0000000E+00,  2.5708044E+02,3158, -7.5182259E-01,  0.0000000E+00,  6.6880387E-01,  1.0005885E+03,  3.5052895E+04,3,
  2.1107175E+02,  0.0000000E+00,  2.5736108E+02,3149,  1.8278685E+00,  0.0000000E+00,  6.7272627E-01,  9.9716492E+02, -1.6714125E+05,3,
  2.0978200E+02,  0.0000000E+00,  2.5817389E+02,3198,  3.2877424E-01,  0.0000000E+00,  7.2583780E-02,  1.0019636E+03,  1.1744302E+05,3,
  2.1441594E+02,  0.0000000E+00,  2.5788010E+02,3168,  6.1064595E-01,  0.0000000E+00, -1.1654571E+00,  9.9874164E+02, -7.4537750E+04,3,
  2.1476888E+02,  0.0000000E+00,  2.5683951E+02,3049,  9.5324498E-01,  0.0000000E+00, -2.5053698E-01,  1.0031354E+03,  1.8818572E+05,3,
  2.1524043E+02,  0.0000000E+00,  2.5747662E+02,3103,  1.1572119E+00,  0.0000000E+00, -1.4049188E+00,  9.9974500E+02, -1.5150472E+04,3,
  2.1620096E+02,  0.0000000E+00,  2.5716394E+02,2993,  3.3471313E-01,  0.0000000E+00, -1.3787208E+00,  9.9812402E+02, -1.1091592E+05,3,
  2.1746049E+02,  0.0000000E+00,  2.5672430E+02,3178,  8.6935067E-01,  0.0000000E+00, -5.9815478E-01,  1.0027532E+03,  1.6505634E+05,3,
  2.1839346E+02,  0.0000000E+00,  2.5755865E+02,3170,  1.0427707E+00,  0.0000000E+00, -1.0785269E+00,  9.9971771E+02, -1.6770033E+04,3,
  2.1933772E+02,  0.0000000E+00,  2.5577492E+02,2984,  3.3697394E-01,  0.0000000E+00, -9.8366982E-01,  9.9984241E+02, -9.3657139E+03,3,
  2.2005005E+02,  0.0000000E+00,  2.5767084E+02,3180,  1.8934182E+00,  0.0000000E+00, -7.7202219E-01,  9.9998230E+02, -1.0523613E+03,3,
  2.2006381E+02,  0.0000000E+00,  2.5458162E+02,3144, -5.0333261E-01,  0.0000000E+00, -3.4854595E-02,  1.0010822E+03,  6.4555527E+04,3,
  2.2118971E+02,  0.0000000E+00,  2.5684482E+02,2921,  1.8724152E+00,  0.0000000E+00, -2.2976488E-02,  9.9988629E+02, -6.7585674E+03,3,
  2.2102579E+02,  0.0000000E+00,  2.5463438E+02,3179,  5.3924590E-01,  0.0000000E+00, -3.9725301E-01,  1.0018962E+03,  1.1338629E+05,3,
  2.2322580E+02,  0.0000000E+00,  2.5714966E+02,3150,  1.6425637E+00,  0.0000000E+00,  2.5291991E-01,  1.0003633E+03,  2.1623512E+04,3,
  2.2355486E+02,  0.0000000E+00,  2.5692090E+02,2776,  1.3744184E+00,  0.0000000E+00,  3.5132793E-01,  1.0005704E+03,  3.3974965E+04,3,
  2.2279047E+02,  0.0000000E+00,  2.5491824E+02,3131, -2.0197477E-02,  0.0000000E+00,  6.2394249E-03,  9.9995880E+02, -2.4492891E+03,3,
  2.2380249E+02,  0.0000000E+00,  2.5467111E+02,2794,  2.7207008E-01,  0.0000000E+00,  1.7268778E-01,  1.0014328E+03,  8.5558422E+04,3,
  2.2488928E+02,  0.0000000E+00,  2.5510921E+02,3067,  4.5637920E-01,  0.0000000E+00,  4.0893950E-02,  9.9928058E+02, -4.2683105E+04,3,
  2.2612897E+02,  0.0000000E+00,  2.5436580E+02,3171,  4.7212064E-01,  0.0000000E+00,  3.1277055E-01,  1.0025302E+03,  1.5158431E+05,3,
  2.2689861E+02,  0.0000000E+00,  2.5724988E+02,3187,  4.9881789E-01,  0.0000000E+00,  1.4687692E-01,  1.0003923E+03,  2.3351209E+04,3,
  2.2708047E+02,  0.0000000E+00,  2.5728558E+02,3188,  6.1121172E-01,  0.0000000E+00,  1.1470555E-01,  1.0003308E+03,  1.9688846E+04,3,
  2.2770438E+02,  0.0000000E+00,  2.5500897E+02,2912,  6.3842726E-01,  0.0000000E+00,  2.5372267E-01,  1.0003370E+03,  2.0056113E+04,3,
  2.2869836E+02,  0.0000000E+00,  2.5665771E+02,3021,  1.1729053E+00,  0.0000000E+00, -2.8288156E-01,  1.0005170E+03,  3.0785553E+04,3,
  2.2841933E+02,  0.0000000E+00,  2.5498549E+02,3104,  6.3967347E-01,  0.0000000E+00,  2.2833182E-01,  1.0001776E+03,  1.0566091E+04,3,
  2.3006821E+02,  0.0000000E+00,  2.5461298E+02,3161,  8.3245307E-01,  0.0000000E+00,  1.3673286E-01,  1.0009461E+03,  5.6413434E+04,3,
  2.3110551E+02,  0.0000000E+00,  2.5514845E+02,3141,  5.2790934E-01,  0.0000000E+00, -7.6477148E-02,  1.0005710E+03,  3.4007738E+04,3,
  2.3248943E+02,  0.0000000E+00,  2.5455707E+02,3126,  4.5585570E-01,  0.0000000E+00, -1.2386499E-01,  1.0016419E+03,  9.8106586E+04,3,
  2.3374345E+02,  0.0000000E+00,  2.5521664E+02,2785,  5.9312516E-01,  0.0000000E+00, -1.9391725E-02,  1.0003812E+03,  2.2692830E+04,3,
  2.3313676E+02,  0.0000000E+00,  2.5755600E+02,3121,  1.1094084E+00,  0.0000000E+00,  2.1863167E-01,  9.9994861E+02, -3.0551680E+03,3,
  2.3292107E+02,  0.0000000E+00,  2.5780206E+02,3169,  9.5908231E-01,  0.0000000E+00,  1.0283317E-01,  9.9998779E+02, -7.2577838E+02,3,
  2.3113377E+02,  0.0000000E+00,  2.5734879E+02,3189,  1.1861449E+00,  0.0000000E+00,  2.4268340E-02,  1.0002077E+03,  1.2357270E+04,3,
  2.3466818E+02,  0.0000000E+00,  2.5786584E+02,3039,  8.5424608E-01,  0.0000000E+00, -4.6829330E-03,  1.0000853E+03,  5.0710449E+03,3,
  2.3542412E+02,  0.0000000E+00,  2.5762451E+02,3140,  8.3507508E-01,  0.0000000E+00, -8.6711518E-02,  1.0001006E+03,  5.9824380E+03,3,
  2.3518156E+02,  0.0000000E+00,  2.5453297E+02,3135,  6.9145232E-01,  0.0000000E+00, -1.0763331E-02,  1.0014058E+03,  8.3940688E+04,3,
  2.3675397E+02,  0.0000000E+00,  2.5738803E+02,2994,  8.3574259E-01,  0.0000000E+00, -2.1899301E-01,  1.0000812E+03,  4.8277788E+03,3,
  2.3960495E+02,  0.0000000E+00,  2.5691061E+02,3105,  1.2943132E+00,  0.0000000E+00, -3.4528321E-01,  1.0001215E+03,  7.2243916E+03,3,
  2.3673236E+02,  0.0000000E+00,  2.5476407E+02,3132,  5.0273561E-01,  0.0000000E+00, -2.0784698E-01,  1.0010610E+03,  6.3284484E+04,3,
  2.3789029E+02,  0.0000000E+00,  2.5495312E+02,3123,  4.6071878E-01,  0.0000000E+00, -1.5462546E-01,  1.0006255E+03,  3.7263750E+04,3,
  2.3900735E+02,  0.0000000E+00,  2.5509799E+02,3040,  4.0733069E-01,  0.0000000E+00, -1.0797431E-03,  1.0004199E+03,  2.4995529E+04,3,
  2.4020471E+02,  0.0000000E+00,  2.5460687E+02,3087,  6.8818349E-01,  0.0000000E+00,  1.1328034E-01,  1.0009916E+03,  5.9132809E+04,3,
  2.3758936E+02,  0.0000000E+00,  2.5772223E+02,3160,  1.2467912E+00,  0.0000000E+00, -3.8204417E-01,  1.0000158E+03,  9.3996204E+02,3,
  2.4056044E+02,  0.0000000E+00,  2.5754239E+02,3151,  1.2279171E+00,  0.0000000E+00, -3.6654341E-01,  1.0001405E+03,  8.3575371E+03,3,
  2.4232890E+02,  0.0000000E+00,  2.5704410E+02,3058,  1.3307565E+00,  0.0000000E+00, -2.5881475E-01,  1.0001176E+03,  6.9919673E+03,3,
  2.4272971E+02,  0.0000000E+00,  2.5760101E+02,2767,  1.7329671E+00,  0.0000000E+00, -2.8311712E-01,  1.0000688E+03,  4.0907551E+03,3,
  2.4167523E+02,  0.0000000E+00,  2.5491840E+02,3013,  8.2383984E-01,  0.0000000E+00,  2.0505568E-02,  1.0006823E+03,  4.0648363E+04,3,
  2.4283934E+02,  0.0000000E+00,  2.5486610E+02,2976,  7.1261162E-01,  0.0000000E+00,  2.6051337E-02,  1.0005950E+03,  3.5438941E+04,3,
  2.4390683E+02,  0.0000000E+00,  2.5492177E+02,3031,  5.9906912E-01,  0.0000000E+00,  1.7515397E-01,  1.0007031E+03,  4.1891012E+04,3,
  2.4541945E+02,  0.0000000E+00,  2.5482698E+02,2740,  1.2112043E+00,  0.0000000E+00,  2.7589756E-01,  1.0009054E+03,  5.3979398E+04,3,
  2.4654082E+02,  0.0000000E+00,  2.5519716E+02,2930,  1.6336980E+00,  0.0000000E+00, -7.4597877E-03,  1.0004238E+03,  2.5232014E+04,3,
  2.4551521E+02,  0.0000000E+00,  2.5739926E+02,3003,  1.6990137E+00,  0.0000000E+00, -3.8403121E-01,  1.0001213E+03,  7.2134966E+03,3,
  2.4440486E+02,  0.0000000E+00,  2.5744641E+02,3086,  1.7018069E+00,  0.0000000E+00, -3.3173737E-01,  1.0000603E+03,  3.5861252E+03,3,
  2.4694986E+02,  0.0000000E+00,  2.5761057E+02,3133,  1.7280018E+00,  0.0000000E+00, -5.0081885E-01,  1.0002101E+03,  1.2498979E+04,3,
  2.4760843E+02,  0.0000000E+00,  2.5485527E+02,2967,  1.5400815E+00,  0.0000000E+00, -5.6800497E-01,  1.0006605E+03,  3.9351215E+04,3,
  2.4886827E+02,  0.0000000E+00,  2.5683899E+02,2885,  1.9289780E+00,  0.0000000E+00, -7.9173249E-01,  1.0004616E+03,  2.7484354E+04,3,
  2.4898596E+02,  0.0000000E+00,  2.5410899E+02,3096,  8.3729643E-01,  0.0000000E+00, -9.9053818E-01,  1.0006644E+03,  3.9580754E+04,3,
  2.5059789E+02,  0.0000000E+00,  2.5695685E+02,2939,  1.7795482E+00,  0.0000000E+00, -6.8736434E-01,  1.0004510E+03,  2.6851172E+04,3,
  2.4943320E+02,  0.0000000E+00,  2.5302229E+02,3090,  1.1301949E+00,  0.0000000E+00, -7.5754285E-01,  1.0014248E+03,  8.5078930E+04,3,
  2.5223921E+02,  0.0000000E+00,  2.5697787E+02,3095,  1.7962286E+00,  0.0000000E+00, -3.0454041E-02,  1.0001179E+03,  7.0101255E+03,3,
  2.5156941E+02,  0.0000000E+00,  2.5275366E+02,3107,  1.8773087E+00,  0.0000000E+00,  1.1678915E-01,  1.0011095E+03,  6.6188398E+04,3,
  2.5322125E+02,  0.0000000E+00,  2.5552492E+02,2876,  1.1396905E+00,  0.0000000E+00,  2.6320431E-01,  1.0015388E+03,  9.1918445E+04,3,
  2.5283998E+02,  0.0000000E+00,  2.5305846E+02,3077,  1.0962634E+00,  0.0000000E+00,  4.3029553E-01,  1.0006573E+03,  3.9161758E+04,3,
  2.5377130E+02,  0.0000000E+00,  2.5283284E+02,3004,  1.5143880E+00,  0.0000000E+00,  2.7339959E-01,  1.0009518E+03,  5.6752859E+04,3,
  2.5029468E+02,  0.0000000E+00,  2.5250583E+02,3072,  4.6440905E-01,  0.0000000E+00,  5.0240334E-02,  1.0017253E+03,  1.0311779E+05,3,
  2.5336823E+02,  0.0000000E+00,  2.5730502E+02,3142,  2.4354975E+00,  0.0000000E+00, -2.2576970E-01,  1.0001037E+03,  6.1676318E+03,3,
  2.5135504E+02,  0.0000000E+00,  2.5784189E+02,3153,  1.9377310E+00,  0.0000000E+00, -5.2015328E-01,  1.0001658E+03,  9.8649678E+03,3,
  2.4880222E+02,  0.0000000E+00,  2.5786572E+02,3162,  1.7306342E+00,  0.0000000E+00, -6.7623949E-01,  1.0001967E+03,  1.1699619E+04,3,
  2.5488821E+02,  0.0000000E+00,  2.5314780E+02,3060,  1.6346507E+00,  0.0000000E+00,  2.9154134E-01,  1.0004316E+03,  2.5694084E+04,3,
  2.5524065E+02,  0.0000000E+00,  2.5739108E+02,3152,  2.7580690E+00,  0.0000000E+00,  2.0195875E-01,  1.0002869E+03,  1.7071104E+04,3,
  2.5480634E+02,  0.0000000E+00,  2.5311526E+02,3069,  1.1087213E+00,  0.0000000E+00,  8.1827685E-02,  1.0003630E+03,  2.1605326E+04,3,
  2.5683847E+02,  0.0000000E+00,  2.5758078E+02,3143,  2.3657312E+00,  0.0000000E+00,  3.7015668E-01,  1.0003259E+03,  1.9397951E+04,3,
  2.5624460E+02,  0.0000000E+00,  2.5586581E+02,3022,  1.5633038E+00,  0.0000000E+00,  4.2405340E-01,  1.0004785E+03,  2.8488791E+04,3,
  2.5684653E+02,  0.0000000E+00,  2.5241216E+02,2946,  1.2149374E+00,  0.0000000E+00,  2.0162597E-01,  1.0022488E+03,  1.3461322E+05,3,
  2.5927661E+02,  0.0000000E+00,  2.5755688E+02,2894,  2.1790841E+00,  0.0000000E+00, -5.0723463E-02,  1.0001211E+03,  7.2026016E+03,3,
  2.5712827E+02,  0.0000000E+00,  2.5481593E+02,2867,  1.0137235E+00,  0.0000000E+00, -1.4824504E-01,  1.0006520E+03,  3.8844793E+04,3,
  2.5924484E+02,  0.0000000E+00,  2.5554474E+02,3051,  1.5479554E+00,  0.0000000E+00, -9.7692341E-02,  1.0008047E+03,  4.7964367E+04,3,
  2.5832492E+02,  0.0000000E+00,  2.5261534E+02,3045,  1.7749344E+00,  0.0000000E+00,  8.3799720E-02,  1.0018958E+03,  1.1336427E+05,3,
  2.6080463E+02,  0.0000000E+00,  2.5599527E+02,2985,  1.3970047E+00,  0.0000000E+00, -4.2766610E-01,  1.0009901E+03,  5.9041543E+04,3,
  2.6000833E+02,  0.0000000E+00,  2.5293135E+02,2704,  1.4523332E+00,  0.0000000E+00, -1.7055251E-01,  1.0007803E+03,  4.6502195E+04,3,
  2.6087802E+02,  0.0000000E+00,  2.5294626E+02,2722,  1.3593383E+00,  0.0000000E+00, -8.8873468E-02,  1.0005864E+03,  3.4925430E+04,3,
  2.5821506E+02,  0.0000000E+00,  2.5804333E+02,3122,  2.1587834E+00,  0.0000000E+00,  9.3492411E-02,  1.0002629E+03,  1.5646177E+04,3,
  2.6152817E+02,  0.0000000E+00,  2.5279578E+02,2949,  1.3743997E+00,  0.0000000E+00,  4.3102469E-02,  1.0009449E+03,  5.6340438E+04,3,
  2.6272644E+02,  0.0000000E+00,  2.5584781E+02,3068,  1.6025304E+00,  0.0000000E+00, -1.0819598E-02,  1.0011058E+03,  6.5969203E+04,3,
  2.6282730E+02,  0.0000000E+00,  2.5263043E+02,2995,  1.5063621E+00,  0.0000000E+00,  2.4495611E-01,  1.0014211E+03,  8.4855664E+04,3,
  2.6383661E+02,  0.0000000E+00,  2.5296271E+02,2958,  1.5941218E+00,  0.0000000E+00,  2.6261356E-01,  1.0005512E+03,  3.2827969E+04,3,
  2.6412360E+02,  0.0000000E+00,  2.5558867E+02,2903,  1.9649992E+00,  0.0000000E+00, -1.7672835E-01,  1.0011552E+03,  6.8921398E+04,3,
  2.6582086E+02,  0.0000000E+00,  2.5575337E+02,3042,  1.8546349E+00,  0.0000000E+00, -2.0066608E-01,  1.0010857E+03,  6.4763730E+04,3,
  2.6492871E+02,  0.0000000E+00,  2.5287692E+02,2695,  1.7717899E+00,  0.0000000E+00,  9.4993472E-02,  1.0009280E+03,  5.5333188E+04,3,
  2.6724661E+02,  0.0000000E+00,  2.5604233E+02,3041,  1.9684398E+00,  0.0000000E+00,  2.0407113E-01,  1.0010342E+03,  6.1684953E+04,3,
  2.6611032E+02,  0.0000000E+00,  2.5256586E+02,3061,  1.6458061E+00,  0.0000000E+00, -4.6158560E-02,  1.0017341E+03,  1.0364215E+05,3,
  2.6737497E+02,  0.0000000E+00,  2.5290186E+02,2913,  1.3356813E+00,  0.0000000E+00,  6.1073579E-02,  1.0006805E+03,  4.0546332E+04,3,
  2.6829739E+02,  0.0000000E+00,  2.5286026E+02,2831,  1.5953568E+00,  0.0000000E+00,  2.7122527E-01,  1.0005263E+03,  3.1342535E+04,3,
  2.6866052E+02,  0.0000000E+00,  2.5590831E+02,2713,  2.0266175E+00,  0.0000000E+00,  4.6423748E-01,  1.0012949E+03,  7.7289484E+04,3,
  2.6922195E+02,  0.0000000E+00,  2.5284555E+02,2922,  1.7805988E+00,  0.0000000E+00,  5.4526657E-01,  1.0006610E+03,  3.9380363E+04,3,
  2.7066745E+02,  0.0000000E+00,  2.5817542E+02,3032,  2.4631066E+00,  0.0000000E+00,  1.5301481E+00,  9.9942529E+02, -3.4112039E+04,3,
  2.7055142E+02,  0.0000000E+00,  2.5626981E+02,2731,  2.2315218E+00,  0.0000000E+00,  1.0676260E+00,  1.0012729E+03,  7.5976594E+04,3,
  2.7043597E+02,  0.0000000E+00,  2.5265469E+02,3062,  9.8162317E-01,  0.0000000E+00,  6.3780373E-01,  1.0018684E+03,  1.1171634E+05,3,
  2.7369583E+02,  0.0000000E+00,  2.5669043E+02,2931,  2.2320924E+00,  0.0000000E+00, -4.0754890E-01,  1.0052246E+03,  3.1555612E+05,3,
  2.7086884E+02,  0.0000000E+00,  2.5349110E+02,2804,  1.1029816E+00,  0.0000000E+00,  9.8757136E-01,  1.0011116E+03,  6.6312609E+04,3,
  2.7160263E+02,  0.0000000E+00,  2.5446370E+02,2996,  1.7971228E+00,  0.0000000E+00,  1.5304106E+00,  1.0006127E+03,  3.6498816E+04,3,
  2.7228043E+02,  0.0000000E+00,  2.5507727E+02,2941,  1.6200448E+00,  0.0000000E+00,  8.7144494E-01,  9.9861316E+02, -8.2116422E+04,3,
  2.7453287E+02,  0.0000000E+00,  2.5511316E+02,2950,  3.2011361E+00,  0.0000000E+00, -3.6892766E-01,  9.9962524E+02, -2.2257178E+04,3,
  2.7578909E+02,  0.0000000E+00,  2.5815076E+02,3078,  4.5386000E+00,  0.0000000E+00,  3.3386017E-03,  9.9925824E+02, -4.4005520E+04,3,
  2.7538226E+02,  0.0000000E+00,  2.5471048E+02,2641,  1.2868448E+00,  0.0000000E+00, -2.3376267E-01,  1.0007462E+03,  4.4467906E+04,3,
  2.7598972E+02,  0.0000000E+00,  2.5528230E+02,2986,  1.7970674E+00,  0.0000000E+00, -3.3595014E-01,  9.9936505E+02, -3.7680910E+04,3,
  2.7681299E+02,  0.0000000E+00,  2.5483601E+02,2650,  1.8045202E+00,  0.0000000E+00, -1.2254945E-02,  1.0011317E+03,  6.7514617E+04,3,
  2.7949387E+02,  0.0000000E+00,  2.5719495E+02,2959,  3.0042667E+00,  0.0000000E+00, -4.2959206E-02,  1.0005807E+03,  3.4586750E+04,3,
  2.7809900E+02,  0.0000000E+00,  2.5477206E+02,3008,  2.4730623E+00,  0.0000000E+00,  4.4727749E-01,  1.0015393E+03,  9.1947742E+04,3,
  2.7974020E+02,  0.0000000E+00,  2.5475859E+02,2999,  2.1669815E+00,  0.0000000E+00,  2.9925740E-01,  1.0011439E+03,  6.8245391E+04,3,
  2.8112012E+02,  0.0000000E+00,  2.5583749E+02,2968,  2.6683664E+00,  0.0000000E+00,  1.6278592E-01,  9.9990710E+02, -5.5218369E+03,3,
  2.8158395E+02,  0.0000000E+00,  2.5433344E+02,3009,  1.5495571E+00,  0.0000000E+00,  4.0136296E-01,  1.0020004E+03,  1.1965748E+05,3,
  2.8275894E+02,  0.0000000E+00,  2.5535457E+02,2849,  3.2313919E+00,  0.0000000E+00,  9.4705440E-02,  1.0004332E+03,  2.5792320E+04,3,
  2.8335559E+02,  0.0000000E+00,  2.5795578E+02,3014,  3.6322968E+00,  0.0000000E+00,  1.9937105E-01,  1.0003867E+03,  2.3020195E+04,3,
  2.8410739E+02,  0.0000000E+00,  2.5521098E+02,3015,  2.2713652E+00,  0.0000000E+00, -7.5552993E-02,  1.0004916E+03,  2.9271305E+04,3,
  2.8462509E+02,  0.0000000E+00,  2.5510338E+02,3005,  2.2566407E+00,  0.0000000E+00, -6.7516848E-02,  1.0006534E+03,  3.8928586E+04,3,
  2.8589609E+02,  0.0000000E+00,  2.5446748E+02,2937,  2.4904995E+00,  0.0000000E+00,  1.4232803E-02,  1.0017857E+03,  1.0674487E+05,3,
  2.8702368E+02,  0.0000000E+00,  2.5537608E+02,2886,  2.3462441E+00,  0.0000000E+00,  8.3154952E-03,  1.0003516E+03,  2.0925242E+04,3,
  2.8798978E+02,  0.0000000E+00,  2.5475365E+02,2981,  2.3790953E+00,  0.0000000E+00,  1.2807895E-01,  1.0011675E+03,  6.9659586E+04,3,
  2.8828265E+02,  0.0000000E+00,  2.5790924E+02,3050,  3.5047359E+00,  0.0000000E+00, -1.6846459E-02,  1.0004695E+03,  2.7957445E+04,3,
  2.8921774E+02,  0.0000000E+00,  2.5498483E+02,2960,  2.3931839E+00,  0.0000000E+00,  2.0854123E-01,  1.0007520E+03,  4.4810570E+04,3,
  2.9011652E+02,  0.0000000E+00,  2.5500914E+02,2952,  2.3090367E+00,  0.0000000E+00,  3.3067635E-01,  1.0008029E+03,  4.7851324E+04,3,
  2.9103708E+02,  0.0000000E+00,  2.5487718E+02,2814,  2.4618955E+00,  0.0000000E+00,  3.1661883E-01,  1.0010694E+03,  6.3788500E+04,3,
  2.9211786E+02,  0.0000000E+00,  2.5510231E+02,2896,  2.7255549E+00,  0.0000000E+00,  1.7998153E-01,  1.0008013E+03,  4.7756516E+04,3,
  2.9311374E+02,  0.0000000E+00,  2.5531171E+02,2970,  2.5972826E+00,  0.0000000E+00,  2.3983954E-01,  1.0004370E+03,  2.6014270E+04,3,
  2.9460263E+02,  0.0000000E+00,  2.5724661E+02,2632,  2.9157412E+00,  0.0000000E+00,  6.2244147E-01,  1.0002200E+03,  1.3091273E+04,3,
  2.9408755E+02,  0.0000000E+00,  2.5508495E+02,2923,  2.3036110E+00,  0.0000000E+00, -2.6698050E-03,  1.0005542E+03,  3.3006383E+04,3,
  2.9477817E+02,  0.0000000E+00,  2.5398047E+02,2596,  1.1313612E+00,  0.0000000E+00, -8.2183242E-01,  1.0011618E+03,  6.9319727E+04,3,
  2.9570874E+02,  0.0000000E+00,  2.5304449E+02,2963,  1.1463698E+00,  0.0000000E+00, -6.4456075E-01,  1.0012155E+03,  7.2536109E+04,3,
  2.9652808E+02,  0.0000000E+00,  2.5786179E+02,3080,  2.0312288E+00,  0.0000000E+00,  1.4569101E+00,  1.0004646E+03,  2.7662670E+04,3,
  2.9723273E+02,  0.0000000E+00,  2.5327760E+02,2944,  1.1149051E+00,  0.0000000E+00,  5.0913393E-01,  1.0008604E+03,  5.1290605E+04,3,
  2.9838220E+02,  0.0000000E+00,  2.5665054E+02,2605,  1.6299279E+00,  0.0000000E+00, -1.6689579E-01,  1.0004689E+03,  2.7917414E+04,3,
  2.9708423E+02,  0.0000000E+00,  2.5777158E+02,3063,  1.9860517E+00,  0.0000000E+00,  1.1044477E+00,  1.0004594E+03,  2.7349707E+04,3,
  2.9899292E+02,  0.0000000E+00,  2.5656778E+02,3033,  1.8292365E+00,  0.0000000E+00, -7.3158674E-02,  1.0005099E+03,  3.0363287E+04,3,
  3.0054761E+02,  0.0000000E+00,  2.5563148E+02,2969,  1.9907564E+00,  0.0000000E+00, -4.5109880E-01,  1.0003815E+03,  2.2711016E+04,3,
  3.0076776E+02,  0.0000000E+00,  2.5689023E+02,3052,  1.4539855E+00,  0.0000000E+00,  5.4257488E-01,  1.0003445E+03,  2.0507033E+04,3,
  2.9847659E+02,  0.0000000E+00,  2.5299701E+02,2953,  1.5475643E+00,  0.0000000E+00,  3.5198671E-01,  1.0015012E+03,  8.9662500E+04,3,
  2.9970123E+02,  0.0000000E+00,  2.5262901E+02,2942,  9.2009240E-01,  0.0000000E+00, -1.2972702E-01,  1.0016046E+03,  9.5867570E+04,3,
  3.0080054E+02,  0.0000000E+00,  2.5227425E+02,2915,  9.5485783E-01,  0.0000000E+00, -6.5317774E-01,  1.0012869E+03,  7.6810383E+04,3,
  2.9615811E+02,  0.0000000E+00,  2.5255801E+02,2910,  5.6350726E-01,  0.0000000E+00, -2.2984776E-01,  1.0015697E+03,  9.3771922E+04,3,
  3.0201245E+02,  0.0000000E+00,  2.5197452E+02,3016,  8.8927495E-01,  0.0000000E+00, -1.0774244E+00,  1.0010408E+03,  6.2075684E+04,3,
  3.0208603E+02,  0.0000000E+00,  2.5698929E+02,3053,  1.1172178E+00,  0.0000000E+00,  7.0691514E-01,  1.0003857E+03,  2.2961996E+04,3,
  3.0288962E+02,  0.0000000E+00,  2.5473862E+02,2895,  1.4730604E+00,  0.0000000E+00,  9.1097847E-02,  1.0004850E+03,  2.8881861E+04,3,
  3.0331729E+02,  0.0000000E+00,  2.5702130E+02,2795,  9.8536503E-01,  0.0000000E+00,  7.0217580E-01,  1.0003782E+03,  2.2510965E+04,3,
  3.0453857E+02,  0.0000000E+00,  2.5702737E+02,2677,  1.0576537E+00,  0.0000000E+00,  6.3790244E-01,  1.0003077E+03,  1.8314445E+04,3,
  3.0579291E+02,  0.0000000E+00,  2.5673785E+02,2822,  9.9150538E-01,  0.0000000E+00,  5.6867200E-01,  1.0002825E+03,  1.6809367E+04,3,
  3.0702307E+02,  0.0000000E+00,  2.5665259E+02,2686,  8.9037704E-01,  0.0000000E+00,  4.9698758E-01,  1.0001957E+03,  1.1645119E+04,3,
  3.0410858E+02,  0.0000000E+00,  2.5408449E+02,2840,  4.3581170E-01,  0.0000000E+00, -4.3259844E-02,  1.0004678E+03,  2.7855547E+04,3,
  3.0816208E+02,  0.0000000E+00,  2.5542053E+02,2904,  2.6563197E-01,  0.0000000E+00, -7.5679854E-02,  1.0006051E+03,  3.6043531E+04,3,
  3.0537625E+02,  0.0000000E+00,  2.5416212E+02,2888,  1.4322595E-01,  0.0000000E+00,  2.8403553E-01,  1.0007755E+03,  4.6217809E+04,3,
  3.0703574E+02,  0.0000000E+00,  2.5396577E+02,2951,  1.8387687E-01,  0.0000000E+00,  3.1332672E-01,  1.0008524E+03,  5.0809109E+04,3,
  3.0866666E+02,  0.0000000E+00,  2.5688089E+02,3034,  9.1073066E-01,  0.0000000E+00,  3.6251080E-01,  1.0001279E+03,  7.6057241E+03,3,
  3.1041418E+02,  0.0000000E+00,  2.5708209E+02,2659,  6.4866865E-01,  0.0000000E+00,  2.0658194E-01,  1.0001666E+03,  9.9085596E+03,3,
  3.1000763E+02,  0.0000000E+00,  2.5476688E+02,2906,  5.4428476E-01,  0.0000000E+00,  1.5677913E-01,  1.0006537E+03,  3.8946805E+04,3,
  3.0979102E+02,  0.0000000E+00,  2.5363232E+02,2878,  1.5749094E-01,  0.0000000E+00,  4.3570524E-01,  1.0008293E+03,  4.9434047E+04,3,
  3.1157843E+02,  0.0000000E+00,  2.5725220E+02,3054,  6.3175827E-01,  0.0000000E+00,  2.7591856E-02,  1.0001830E+03,  1.0885791E+04,3,
  3.1295154E+02,  0.0000000E+00,  2.5690411E+02,2668,  7.1706343E-01,  0.0000000E+00, -1.4088145E-01,  1.0002018E+03,  1.2004821E+04,3,
  3.1418747E+02,  0.0000000E+00,  2.5697134E+02,3025,  8.1699812E-01,  0.0000000E+00, -1.9320409E-01,  1.0001888E+03,  1.1234566E+04,3,
  3.1198538E+02,  0.0000000E+00,  2.5476834E+02,2877,  4.0329009E-01,  0.0000000E+00,  2.1888746E-02,  1.0006377E+03,  3.7988664E+04,3,
  3.1533466E+02,  0.0000000E+00,  2.5669974E+02,3006,  9.7167772E-01,  0.0000000E+00, -1.2685268E-01,  1.0002244E+03,  1.3352912E+04,3,
  3.1282135E+02,  0.0000000E+00,  2.5359946E+02,2860,  4.4966593E-01,  0.0000000E+00,  3.5661066E-01,  1.0008073E+03,  4.8117523E+04,3,
  3.1434787E+02,  0.0000000E+00,  2.5450917E+02,2914,  5.2286357E-01,  0.0000000E+00, -8.3919410E-03,  1.0007033E+03,  4.1905590E+04,3,
  3.1558551E+02,  0.0000000E+00,  2.5362936E+02,2907,  5.5844581E-01,  0.0000000E+00,  2.1948332E-01,  1.0007574E+03,  4.5138664E+04,3,
  3.1653476E+02,  0.0000000E+00,  2.5674219E+02,3043,  9.7656536E-01,  0.0000000E+00,  1.6923923E-02,  1.0002188E+03,  1.3018598E+04,3,
  3.1763058E+02,  0.0000000E+00,  2.5672446E+02,2813,  9.7810686E-01,  0.0000000E+00,  1.4120768E-01,  1.0002100E+03,  1.2491712E+04,3,
  3.1714395E+02,  0.0000000E+00,  2.5437369E+02,2868,  5.1974696E-01,  0.0000000E+00, -1.8858291E-02,  1.0006896E+03,  4.1089285E+04,3,
  3.1895010E+02,  0.0000000E+00,  2.5629794E+02,2987,  9.5339465E-01,  0.0000000E+00,  2.4502838E-01,  1.0003013E+03,  1.7929064E+04,3,
  3.2004941E+02,  0.0000000E+00,  2.5684949E+02,3044,  8.9866817E-01,  0.0000000E+00,  2.0947221E-01,  1.0001974E+03,  1.1746852E+04,3,
  3.1846625E+02,  0.0000000E+00,  2.5371916E+02,2971,  6.5000713E-01,  0.0000000E+00,  5.4739827E-01,  1.0007122E+03,  4.2437680E+04,3,
  3.2022620E+02,  0.0000000E+00,  2.5435384E+02,2997,  6.1690855E-01,  0.0000000E+00, -1.5741591E-01,  1.0007606E+03,  4.5324590E+04,3,
  3.2136374E+02,  0.0000000E+00,  2.5686624E+02,3035,  8.4361100E-01,  0.0000000E+00,  1.5067022E-01,  1.0001976E+03,  1.1757752E+04,3,
  3.2215598E+02,  0.0000000E+00,  2.5447871E+02,2916,  3.0081421E-01,  0.0000000E+00, -9.7218513E-02,  1.0006968E+03,  4.1519293E+04,3,
  3.2035974E+02,  0.0000000E+00,  2.5233771E+02,2851,  4.3089375E-01,  0.0000000E+00, -9.2454396E-02,  1.0006416E+03,  3.8221816E+04,3,
  3.2250925E+02,  0.0000000E+00,  2.5642023E+02,2932,  8.8083637E-01,  0.0000000E+00,  1.0413311E-01,  1.0002538E+03,  1.5104613E+04,3,
  3.2322955E+02,  0.0000000E+00,  2.5340747E+02,2889,  6.6664755E-01,  0.0000000E+00,  4.1718715E-01,  1.0008005E+03,  4.7709109E+04,3,
  3.2383032E+02,  0.0000000E+00,  2.5700061E+02,3036,  8.3711994E-01,  0.0000000E+00,  4.7265120E-02,  1.0001984E+03,  1.1804985E+04,3,
  3.2507660E+02,  0.0000000E+00,  2.5664474E+02,2905,  8.2133198E-01,  0.0000000E+00,  5.6684013E-03,  1.0002288E+03,  1.3610924E+04,3,
  3.2475278E+02,  0.0000000E+00,  2.5440990E+02,2988,  4.8138538E-01,  0.0000000E+00,  1.3438216E-03,  1.0007198E+03,  4.2893262E+04,3,
  3.2615582E+02,  0.0000000E+00,  2.5667624E+02,2978,  8.8651019E-01,  0.0000000E+00, -2.7833350E-02,  1.0002007E+03,  1.1943054E+04,3,
  3.2740634E+02,  0.0000000E+00,  2.5620309E+02,2943,  7.8529280E-01,  0.0000000E+00, -4.0507779E-02,  1.0002656E+03,  1.5802473E+04,3,
  3.2614157E+02,  0.0000000E+00,  2.5380042E+02,2750,  5.8999723E-01,  0.0000000E+00,  1.4763656E-01,  1.0008107E+03,  4.8321738E+04,3,
  3.2824481E+02,  0.0000000E+00,  2.5704959E+02,3026,  1.0049192E+00,  0.0000000E+00, -9.0449341E-02,  1.0001603E+03,  9.5344033E+03,3,
  3.2830347E+02,  0.0000000E+00,  2.5456339E+02,2933,  6.1109793E-01,  0.0000000E+00, -1.0766274E-01,  1.0007316E+03,  4.3596719E+04,3,
  3.2784698E+02,  0.0000000E+00,  2.5271367E+02,2777,  5.5842340E-01,  0.0000000E+00,  6.0493056E-02,  1.0007789E+03,  4.6418336E+04,3,
  3.2971011E+02,  0.0000000E+00,  2.5689590E+02,3017,  8.7313765E-01,  0.0000000E+00, -8.4184945E-02,  1.0001533E+03,  9.1203047E+03,3,
  3.3062790E+02,  0.0000000E+00,  2.5494231E+02,2897,  8.6754203E-01,  0.0000000E+00,  1.1249121E-01,  1.0007453E+03,  4.4413227E+04,3,
  3.3110812E+02,  0.0000000E+00,  2.5711075E+02,3027,  9.8970449E-01,  0.0000000E+00, -9.9750042E-02,  1.0001447E+03,  8.6081543E+03,3,
  3.3028101E+02,  0.0000000E+00,  2.5333919E+02,2778,  6.1741352E-01,  0.0000000E+00,  2.2926034E-01,  1.0009901E+03,  5.9045195E+04,3,
  3.3224112E+02,  0.0000000E+00,  2.5676379E+02,2786,  1.0438513E+00,  0.0000000E+00, -6.3016161E-02,  1.0001400E+03,  8.3248486E+03,3,
  3.3366132E+02,  0.0000000E+00,  2.5699460E+02,3007,  1.0747873E+00,  0.0000000E+00, -7.9735845E-02,  1.0001502E+03,  8.9350557E+03,3,
  3.3313867E+02,  0.0000000E+00,  2.5498175E+02,2768,  9.4256228E-01,  0.0000000E+00, -4.5873292E-02,  1.0007101E+03,  4.2313766E+04,3,
  3.3276407E+02,  0.0000000E+00,  2.5342523E+02,2891,  6.0502750E-01,  0.0000000E+00,  2.1329289E-02,  1.0008673E+03,  5.1702816E+04,3,
  3.3500064E+02,  0.0000000E+00,  2.5727859E+02,3018,  1.0474262E+00,  0.0000000E+00, -1.1262477E-01,  1.0001620E+03,  9.6361143E+03,3,
  3.3531421E+02,  0.0000000E+00,  2.5473347E+02,2551,  9.1410810E-01,  0.0000000E+00, -6.6117167E-02,  1.0007262E+03,  4.3272320E+04,3,
  3.3521747E+02,  0.0000000E+00,  2.5317451E+02,2515,  7.0462984E-01,  0.0000000E+00,  7.2169252E-02,  1.0008896E+03,  5.3038055E+04,3,
  3.3616046E+02,  0.0000000E+00,  2.5686407E+02,2759,  1.0689061E+00,  0.0000000E+00, -1.0375633E-01,  1.0001537E+03,  9.1420986E+03,3,
  3.3744177E+02,  0.0000000E+00,  2.5710107E+02,2998,  1.1924946E+00,  0.0000000E+00, -1.0454956E-01,  1.0001487E+03,  8.8478809E+03,3,
  3.3749832E+02,  0.0000000E+00,  2.5492101E+02,2859,  9.9869502E-01,  0.0000000E+00,  1.0796977E-02,  1.0007289E+03,  4.3432695E+04,3,
  3.3786298E+02,  0.0000000E+00,  2.5347740E+02,2844,  8.4916854E-01,  0.0000000E+00,  6.1262608E-02,  1.0009262E+03,  5.5223711E+04,3,
  3.3885135E+02,  0.0000000E+00,  2.5701132E+02,2989,  1.1430713E+00,  0.0000000E+00, -7.3231466E-02,  1.0001686E+03,  1.0032070E+04,3,
  3.4013120E+02,  0.0000000E+00,  2.5699948E+02,2623,  1.1387290E+00,  0.0000000E+00, -6.8061255E-02,  1.0001783E+03,  1.0606053E+04,3,
  3.3989993E+02,  0.0000000E+00,  2.5481610E+02,2880,  1.1069216E+00,  0.0000000E+00, -2.1234009E-02,  1.0007340E+03,  4.3738875E+04,3,
  3.4135181E+02,  0.0000000E+00,  2.5728192E+02,2980,  1.2106633E+00,  0.0000000E+00, -7.2040543E-02,  1.0001804E+03,  1.0733206E+04,3,
  3.4041266E+02,  0.0000000E+00,  2.5335738E+02,2898,  8.0090010E-01,  0.0000000E+00, -1.1009686E-01,  1.0008007E+03,  4.7723695E+04,3,
  3.4215314E+02,  0.0000000E+00,  2.5507066E+02,2587,  9.6638829E-01,  0.0000000E+00, -1.2877172E-01,  1.0006615E+03,  3.9409512E+04,3,
  3.4231512E+02,  0.0000000E+00,  2.5277446E+02,2853,  6.3330650E-01,  0.0000000E+00, -3.0944744E-01,  1.0004918E+03,  2.9282225E+04,3,
  3.4277621E+02,  0.0000000E+00,  2.5702682E+02,2614,  1.2400539E+00,  0.0000000E+00, -2.0991467E-02,  1.0002108E+03,  1.2542582E+04,3,
  3.4410980E+02,  0.0000000E+00,  2.5739328E+02,2991,  1.2009418E+00,  0.0000000E+00,  7.9210233E-03,  1.0002028E+03,  1.2066590E+04,3,
  3.4361600E+02,  0.0000000E+00,  2.5412479E+02,2833,  6.6864884E-01,  0.0000000E+00, -1.8887600E-01,  1.0007510E+03,  4.4752246E+04,3,
  3.4387418E+02,  0.0000000E+00,  2.5143581E+02,2797,  1.2174358E+00,  0.0000000E+00, -2.4636126E-01,  1.0003982E+03,  2.3704061E+04,3,
  3.4531113E+02,  0.0000000E+00,  2.5685312E+02,2961,  1.0914876E+00,  0.0000000E+00,  2.0582194E-02,  1.0002534E+03,  1.5079172E+04,3,
  3.4504913E+02,  0.0000000E+00,  2.5437491E+02,2714,  7.3537785E-01,  0.0000000E+00,  2.6851112E-01,  1.0007371E+03,  4.3921125E+04,3,
  3.4666187E+02,  0.0000000E+00,  2.5743155E+02,3000,  1.2289327E+00,  0.0000000E+00, -1.0205967E-01,  1.0001713E+03,  1.0191910E+04,3,
  3.4736105E+02,  0.0000000E+00,  2.5667767E+02,2925,  1.2266177E+00,  0.0000000E+00, -8.7793365E-02,  1.0001894E+03,  1.1267265E+04,3,
  3.4612885E+02,  0.0000000E+00,  2.5334735E+02,2779,  6.9775218E-01,  0.0000000E+00,  1.4388005E-01,  1.0008920E+03,  5.3176695E+04,3,
  3.4756879E+02,  0.0000000E+00,  2.5481636E+02,2917,  6.7287165E-01,  0.0000000E+00, -1.2314788E-01,  1.0007756E+03,  4.6225098E+04,3,
  3.4890802E+02,  0.0000000E+00,  2.5738150E+02,2990,  1.3701663E+00,  0.0000000E+00, -1.8082966E-01,  1.0001564E+03,  9.3019248E+03,3,
  3.4863791E+02,  0.0000000E+00,  2.5327547E+02,2861,  6.0909897E-01,  0.0000000E+00,  8.4523283E-02,  1.0008231E+03,  4.9058402E+04,3,
  3.4962097E+02,  0.0000000E+00,  2.5511183E+02,2742,  1.0476919E+00,  0.0000000E+00,  2.2842947E-03,  1.0006071E+03,  3.6160082E+04,3,
  3.5028613E+02,  0.0000000E+00,  2.5710040E+02,2741,  1.4001760E+00,  0.0000000E+00, -1.1628879E-01,  1.0001486E+03,  8.8406162E+03,3,
  3.5169727E+02,  0.0000000E+00,  2.5752310E+02,2973,  1.3714228E+00,  0.0000000E+00, -1.2679289E-01,  1.0001601E+03,  9.5235049E+03,3,
  3.5144733E+02,  0.0000000E+00,  2.5500436E+02,2823,  1.0380548E+00,  0.0000000E+00, -5.0387468E-02,  1.0007078E+03,  4.2171633E+04,3,
  3.5086374E+02,  0.0000000E+00,  2.5320580E+02,2651,  6.4615786E-01,  0.0000000E+00,  9.3760304E-02,  1.0008796E+03,  5.2439730E+04,3,
  3.5289914E+02,  0.0000000E+00,  2.5722742E+02,2972,  1.4144346E+00,  0.0000000E+00, -1.1448915E-01,  1.0001318E+03,  7.8417949E+03,3,
  3.5408768E+02,  0.0000000E+00,  2.5719107E+02,2841,  1.3825145E+00,  0.0000000E+00, -1.3901676E-01,  1.0001105E+03,  6.5707124E+03,3,
  3.5344968E+02,  0.0000000E+00,  2.5504865E+02,2935,  1.1266854E+00,  0.0000000E+00, -6.3852049E-02,  1.0006580E+03,  3.9198191E+04,3,
  3.5309964E+02,  0.0000000E+00,  2.5328273E+02,2864,  6.7193866E-01,  0.0000000E+00, -8.2046213E-03,  1.0008230E+03,  4.9054754E+04,3,
  3.5577496E+02,  0.0000000E+00,  2.5550233E+02,2835,  1.3318948E+00,  0.0000000E+00,  5.7997007E-02,  1.0007112E+03,  4.2379367E+04,3,
  3.5510938E+02,  0.0000000E+00,  2.5363358E+02,2824,  9.5074093E-01,  0.0000000E+00,  7.3497571E-02,  1.0009058E+03,  5.4001289E+04,3,
  3.5536151E+02,  0.0000000E+00,  2.5762885E+02,2982,  1.4933466E+00,  0.0000000E+00, -1.9078575E-01,  1.0001326E+03,  7.8890093E+03,3,
  3.6122485E+02,  0.0000000E+00,  2.5146799E+02,2748,  7.9476535E-01,  0.0000000E+00,  4.5307001E-01,  1.0016522E+03,  9.8725977E+04,3,
  3.5676978E+02,  0.0000000E+00,  2.5722537E+02,2869,  1.5664653E+00,  0.0000000E+00, -1.7179447E-01,  1.0001144E+03,  6.8031270E+03,3,
  3.5690698E+02,  0.0000000E+00,  2.5350345E+02,2669,  8.1839001E-01,  0.0000000E+00,  5.4151680E-02,  1.0008531E+03,  5.0856527E+04,3,
  3.5810092E+02,  0.0000000E+00,  2.5758160E+02,2962,  1.5492909E+00,  0.0000000E+00, -2.6875964E-01,  1.0001310E+03,  7.7945801E+03,3,
  3.5829733E+02,  0.0000000E+00,  2.5543027E+02,2615,  1.4530151E+00,  0.0000000E+00, -7.2146431E-02,  1.0006010E+03,  3.5795863E+04,3,
  3.5936514E+02,  0.0000000E+00,  2.5709003E+02,2887,  1.7315557E+00,  0.0000000E+00, -3.0619889E-01,  1.0001262E+03,  7.5076660E+03,3,
  3.6055484E+02,  0.0000000E+00,  2.5746194E+02,2954,  1.6762551E+00,  0.0000000E+00, -3.2749605E-01,  1.0001316E+03,  7.8272671E+03,3,
  3.5858020E+02,  0.0000000E+00,  2.5379352E+02,2743,  8.4577692E-01,  0.0000000E+00,  2.7408892E-02,  1.0006459E+03,  3.8476832E+04,3,
  3.6209000E+02,  0.0000000E+00,  2.5718311E+02,2842,  1.8699207E+00,  0.0000000E+00, -3.0903459E-01,  1.0001743E+03,  1.0366284E+04,3,
  3.6121317E+02,  0.0000000E+00,  2.5562669E+02,2687,  1.8235501E+00,  0.0000000E+00, -3.3426590E-02,  1.0007800E+03,  4.6483965E+04,3,
  3.6027344E+02,  0.0000000E+00,  2.5399995E+02,2724,  1.3194944E+00,  0.0000000E+00,  1.6319402E-01,  1.0008261E+03,  4.9240754E+04,3,
  3.6243057E+02,  0.0000000E+00,  2.5357281E+02,2642,  1.1656351E+00,  0.0000000E+00, -7.2986305E-01,  1.0000406E+03,  2.4135955E+03,3,
  3.6292871E+02,  0.0000000E+00,  2.5271936E+02,2756,  4.7711501E-01,  0.0000000E+00, -3.5414949E-02,  1.0011865E+03,  7.0796211E+04,3,
  3.6361682E+02,  0.0000000E+00,  2.5617032E+02,2470,  1.8423054E+00,  0.0000000E+00, -2.1044695E-01,  1.0004995E+03,  2.9744482E+04,3,
  3.6375031E+02,  0.0000000E+00,  2.5738931E+02,2955,  1.8279296E+00,  0.0000000E+00, -4.0674472E-01,  1.0001791E+03,  1.0656914E+04,3,
  3.6534457E+02,  0.0000000E+00,  2.5723193E+02,2964,  1.8329083E+00,  0.0000000E+00, -5.2564806E-01,  1.0002178E+03,  1.2956823E+04,3,
  3.6426169E+02,  0.0000000E+00,  2.5347144E+02,2488,  1.1525986E+00,  0.0000000E+00,  3.8448174E-02,  1.0004713E+03,  2.8062984E+04,3,
  3.6598611E+02,  0.0000000E+00,  2.5604855E+02,2815,  2.1152804E+00,  0.0000000E+00, -4.0705517E-01,  1.0005350E+03,  3.1863139E+04,3,
  3.6714676E+02,  0.0000000E+00,  2.5694153E+02,2934,  2.3236353E+00,  0.0000000E+00, -4.3528873E-01,  1.0003232E+03,  1.9234328E+04,3,
  3.6478525E+02,  0.0000000E+00,  2.5288855E+02,2718,  8.3586907E-01,  0.0000000E+00,  2.2082777E-01,  1.0011206E+03,  6.6853312E+04,3,
  3.6602829E+02,  0.0000000E+00,  2.5314326E+02,2782,  1.5212426E+00,  0.0000000E+00,  8.5427485E-02,  1.0005701E+03,  3.3956758E+04,3,
  3.6830765E+02,  0.0000000E+00,  2.5668094E+02,2732,  2.2923231E+00,  0.0000000E+00, -1.8827425E-01,  1.0004280E+03,  2.5483057E+04,3,
  3.6933322E+02,  0.0000000E+00,  2.5674075E+02,2578,  2.1840935E+00,  0.0000000E+00, -5.5176917E-02,  1.0003666E+03,  2.1819908E+04,3,
  3.6793256E+02,  0.0000000E+00,  2.5327361E+02,2817,  1.1883831E+00,  0.0000000E+00, -2.5087225E-01,  1.0001807E+03,  1.0747737E+04,3,
  3.6696872E+02,  0.0000000E+00,  2.5290184E+02,2716,  1.2428813E+00,  0.0000000E+00, -6.5458538E-03,  1.0008329E+03,  4.9645582E+04,3,
  3.6826434E+02,  0.0000000E+00,  2.5255840E+02,2737,  1.1192791E+00,  0.0000000E+00,  6.5783016E-02,  1.0014141E+03,  8.4438422E+04,3,
  3.6977332E+02,  0.0000000E+00,  2.5313110E+02,2791,  1.2442732E+00,  0.0000000E+00,  2.3587839E-01,  1.0007313E+03,  4.3578492E+04,3,
  3.7046399E+02,  0.0000000E+00,  2.5275291E+02,2634,  1.7050965E+00,  0.0000000E+00,  8.3492622E-02,  1.0011137E+03,  6.6440477E+04,3,
  3.7093036E+02,  0.0000000E+00,  2.5715128E+02,2945,  2.3632817E+00,  0.0000000E+00, -3.6510244E-02,  1.0002479E+03,  1.4748434E+04,3,
  3.7088104E+02,  0.0000000E+00,  2.5607224E+02,2806,  1.9171212E+00,  0.0000000E+00, -6.1809253E-02,  1.0005782E+03,  3.4437441E+04,3,
  3.7283710E+02,  0.0000000E+00,  2.5750931E+02,2936,  2.4337373E+00,  0.0000000E+00,  3.4657825E-02,  1.0002507E+03,  1.4915618E+04,3,
  3.7301907E+02,  0.0000000E+00,  2.5586472E+02,2836,  2.2274928E+00,  0.0000000E+00, -5.4108564E-02,  1.0003554E+03,  2.1154357E+04,3,
  3.7176450E+02,  0.0000000E+00,  2.5307088E+02,2479,  1.3492275E+00,  0.0000000E+00, -4.7419552E-02,  1.0005354E+03,  3.1884984E+04,3,
  3.7417487E+02,  0.0000000E+00,  2.5745343E+02,2705,  2.3576109E+00,  0.0000000E+00,  9.8620154E-02,  1.0002564E+03,  1.5257266E+04,3,
  3.7238266E+02,  0.0000000E+00,  2.5304837E+02,2788,  1.2556781E+00,  0.0000000E+00, -4.7296740E-02,  1.0005669E+03,  3.3763762E+04,3,
  3.7550101E+02,  0.0000000E+00,  2.5771756E+02,2560,  2.3357313E+00,  0.0000000E+00,  6.7387357E-02,  1.0002217E+03,  1.3189388E+04,3,
  3.7492810E+02,  0.0000000E+00,  2.5578842E+02,2870,  1.7067317E+00,  0.0000000E+00,  1.9004594E-01,  1.0002637E+03,  1.5693429E+04,3,
  3.7397171E+02,  0.0000000E+00,  2.5300372E+02,2717,  1.2738751E+00,  0.0000000E+00,  4.2752303E-02,  1.0007705E+03,  4.5918844E+04,3,
  3.7319382E+02,  0.0000000E+00,  2.5293378E+02,2734,  1.3624701E+00,  0.0000000E+00,  1.1790472E-02,  1.0007581E+03,  4.5178766E+04,3,
  3.7557141E+02,  0.0000000E+00,  2.5247993E+02,2712,  1.3985128E+00,  0.0000000E+00,  1.3407694E-01,  1.0020405E+03,  1.2207080E+05,3,
  3.7660175E+02,  0.0000000E+00,  2.5545352E+02,2660,  2.1756635E+00,  0.0000000E+00,  5.9749711E-01,  1.0006548E+03,  3.9012383E+04,3,
  3.7682770E+02,  0.0000000E+00,  2.5761771E+02,2796,  2.3432956E+00,  0.0000000E+00, -3.0706784E-02,  1.0001943E+03,  1.1561554E+04,3,
  3.7689810E+02,  0.0000000E+00,  2.5279533E+02,2658,  1.2340474E+00,  0.0000000E+00,  8.1969485E-02,  1.0014677E+03,  8.7648688E+04,3,
  3.7793826E+02,  0.0000000E+00,  2.5726520E+02,2805,  2.4118936E+00,  0.0000000E+00, -1.2046745E-01,  1.0001984E+03,  1.1804985E+04,3,
  3.7928842E+02,  0.0000000E+00,  2.5757886E+02,2926,  2.6162539E+00,  0.0000000E+00, -1.8473208E-01,  1.0001941E+03,  1.1547021E+04,3,
  3.7915851E+02,  0.0000000E+00,  2.5586964E+02,2706,  2.3935943E+00,  0.0000000E+00,  1.7232513E-01,  1.0006472E+03,  3.8556980E+04,3,
  3.7814178E+02,  0.0000000E+00,  2.5282468E+02,2703,  1.1890975E+00,  0.0000000E+00,  5.0003774E-02,  1.0011998E+03,  7.1593016E+04,3,
  3.8083713E+02,  0.0000000E+00,  2.5775549E+02,2928,  2.6620545E+00,  0.0000000E+00, -1.7908889E-01,  1.0002090E+03,  1.2437208E+04,3,
  3.8208963E+02,  0.0000000E+00,  2.5728452E+02,2899,  2.8582804E+00,  0.0000000E+00, -1.2657470E-01,  1.0002403E+03,  1.4297774E+04,3,
  3.8137299E+02,  0.0000000E+00,  2.5581708E+02,2733,  2.4982963E+00,  0.0000000E+00,  2.1798141E-01,  1.0005620E+03,  3.3468812E+04,3,
  3.7932419E+02,  0.0000000E+00,  2.5300612E+02,2720,  1.1339947E+00,  0.0000000E+00,  6.1939765E-02,  1.0007812E+03,  4.6560531E+04,3,
  3.8015656E+02,  0.0000000E+00,  2.5300288E+02,2710,  1.1303700E+00,  0.0000000E+00,  5.5445604E-02,  1.0007503E+03,  4.4712145E+04,3,
  3.8109702E+02,  0.0000000E+00,  2.5270219E+02,2598,  1.1767378E+00,  0.0000000E+00,  4.6229511E-02,  1.0011766E+03,  7.0204125E+04,3,
  3.8218314E+02,  0.0000000E+00,  2.5296729E+02,2626,  1.1638432E+00,  0.0000000E+00,  4.2318489E-02,  1.0007413E+03,  4.4172641E+04,3,
  3.8309518E+02,  0.0000000E+00,  2.5292728E+02,2507,  1.0761083E+00,  0.0000000E+00,  9.2984095E-02,  1.0008710E+03,  5.1921695E+04,3,
  3.8362943E+02,  0.0000000E+00,  2.5777365E+02,2900,  2.8444986E+00,  0.0000000E+00, -1.5580188E-01,  1.0002333E+03,  1.3883478E+04,3,
  3.8362442E+02,  0.0000000E+00,  2.5615176E+02,2707,  2.5277343E+00,  0.0000000E+00,  1.7990690E-03,  1.0004850E+03,  2.8878221E+04,3,
  3.8530853E+02,  0.0000000E+00,  2.5767526E+02,2927,  2.9638612E+00,  0.0000000E+00, -1.3503031E-01,  1.0002709E+03,  1.6122341E+04,3,
  3.8405258E+02,  0.0000000E+00,  2.5286819E+02,2617,  1.0166790E+00,  0.0000000E+00,  1.6376598E-01,  1.0011527E+03,  6.8775234E+04,3,
  3.8551822E+02,  0.0000000E+00,  2.5606882E+02,2789,  2.9341891E+00,  0.0000000E+00,  1.1232571E-01,  1.0003716E+03,  2.2121785E+04,3,
  3.8693097E+02,  0.0000000E+00,  2.5750635E+02,2533,  2.9810524E+00,  0.0000000E+00, -1.0017031E-01,  1.0003348E+03,  1.9925205E+04,3,
  3.8515054E+02,  0.0000000E+00,  2.5293121E+02,2580,  1.2817476E+00,  0.0000000E+00,  8.7678172E-02,  1.0011598E+03,  6.9199125E+04,3,
  3.8777161E+02,  0.0000000E+00,  2.5600131E+02,2678,  2.7357752E+00,  0.0000000E+00, -3.5625446E-01,  1.0003002E+03,  1.7867260E+04,3,
  3.8858347E+02,  0.0000000E+00,  2.5768073E+02,2901,  2.9278350E+00,  0.0000000E+00, -7.6313347E-02,  1.0002765E+03,  1.6453125E+04,3,
  3.8622437E+02,  0.0000000E+00,  2.5358025E+02,2781,  1.3271389E+00,  0.0000000E+00, -1.8270185E-02,  1.0005009E+03,  2.9828201E+04,3,
  3.8975058E+02,  0.0000000E+00,  2.5713684E+02,2769,  2.8863585E+00,  0.0000000E+00, -8.2733594E-02,  1.0003450E+03,  2.0536125E+04,3,
  3.8982584E+02,  0.0000000E+00,  2.5561412E+02,2570,  2.2238238E+00,  0.0000000E+00, -3.1826606E-01,  1.0002747E+03,  1.6347709E+04,3,
  3.8696933E+02,  0.0000000E+00,  2.5282407E+02,2480,  1.2474110E+00,  0.0000000E+00, -3.1417465E-01,  1.0008996E+03,  5.3632770E+04,3,
  3.8776575E+02,  0.0000000E+00,  2.5315997E+02,2534,  8.5266954E-01,  0.0000000E+00, -5.0328666E-01,  1.0006950E+03,  4.1409969E+04,3,
  3.8896332E+02,  0.0000000E+00,  2.5178886E+02,2389,  1.3319598E+00,  0.0000000E+00, -7.8856701E-01,  1.0007027E+03,  4.1869145E+04,3,
  3.8984271E+02,  0.0000000E+00,  2.5320610E+02,2645,  1.0385528E+00,  0.0000000E+00,  3.8243958E-01,  1.0018827E+03,  1.1257514E+05,3,
  3.9123181E+02,  0.0000000E+00,  2.5755542E+02,2524,  2.8563688E+00,  0.0000000E+00,  4.7474425E-02,  1.0002452E+03,  1.4588520E+04,3,
  3.9176782E+02,  0.0000000E+00,  2.5562659E+02,2624,  2.4525013E+00,  0.0000000E+00, -4.4748834E-01,  1.0005176E+03,  3.0821957E+04,3,
  3.9283438E+02,  0.0000000E+00,  2.5754535E+02,2882,  2.6142344E+00,  0.0000000E+00,  2.1528576E-01,  1.0002666E+03,  1.5864265E+04,3,
  3.9235129E+02,  0.0000000E+00,  2.5402876E+02,2799,  1.5167341E+00,  0.0000000E+00, -4.4398454E-01,  1.0008309E+03,  4.9528875E+04,3,
  3.9415247E+02,  0.0000000E+00,  2.5762024E+02,2871,  2.3124504E+00,  0.0000000E+00,  2.9013863E-01,  1.0002515E+03,  1.4966501E+04,3,
  3.9473764E+02,  0.0000000E+00,  2.5584424E+02,2790,  2.1900246E+00,  0.0000000E+00, -3.4640920E-01,  1.0004239E+03,  2.5235650E+04,3,
  3.9338400E+02,  0.0000000E+00,  2.5352243E+02,2688,  1.6280848E+00,  0.0000000E+00, -6.5539533E-01,  1.0010335E+03,  6.1641137E+04,3,
  3.9573441E+02,  0.0000000E+00,  2.5792514E+02,2873,  1.9479518E+00,  0.0000000E+00,  1.7595673E-01,  1.0002129E+03,  1.2666126E+04,3,
  3.9496640E+02,  0.0000000E+00,  2.5421428E+02,2735,  1.7425489E+00,  0.0000000E+00, -1.3652924E-01,  1.0005541E+03,  3.2999102E+04,3,
  3.9676459E+02,  0.0000000E+00,  2.5779291E+02,2890,  1.9469486E+00,  0.0000000E+00,  4.2399973E-02,  1.0002060E+03,  1.2255530E+04,3,
  3.9611465E+02,  0.0000000E+00,  2.5360178E+02,2827,  2.1274824E+00,  0.0000000E+00,  1.1266955E-01,  1.0009286E+03,  5.5366031E+04,3,
  3.9740137E+02,  0.0000000E+00,  2.5491930E+02,2674,  1.7023726E+00,  0.0000000E+00,  3.6735210E-01,  1.0009717E+03,  5.7942762E+04,3,
  3.9801227E+02,  0.0000000E+00,  2.5800992E+02,2892,  2.2674620E+00,  0.0000000E+00, -1.1206044E-01,  1.0001850E+03,  1.1005681E+04,3,
  3.9855627E+02,  0.0000000E+00,  2.5676334E+02,2826,  2.0652773E+00,  0.0000000E+00, -5.6632515E-03,  1.0001866E+03,  1.1103774E+04,3,
  3.9865399E+02,  0.0000000E+00,  2.5395522E+02,2771,  1.4825158E+00,  0.0000000E+00, -4.1537553E-01,  1.0010312E+03,  6.1506027E+04,3,
  4.0019775E+02,  0.0000000E+00,  2.5764166E+02,2506,  2.2946677E+00,  0.0000000E+00, -1.4479105E-01,  1.0002457E+03,  1.4617595E+04,3,
  4.0007431E+02,  0.0000000E+00,  2.5492003E+02,2652,  2.0065587E+00,  0.0000000E+00,  1.7649063E-01,  1.0006690E+03,  3.9857664E+04,3,
  4.0133704E+02,  0.0000000E+00,  2.5775055E+02,2760,  2.2256820E+00,  0.0000000E+00, -1.3490085E-01,  1.0002234E+03,  1.3291136E+04,3,
  4.0248154E+02,  0.0000000E+00,  2.5724319E+02,2834,  2.2696898E+00,  0.0000000E+00, -1.2455013E-01,  1.0002734E+03,  1.6271374E+04,3,
  4.0075162E+02,  0.0000000E+00,  2.5357317E+02,2516,  1.3815695E+00,  0.0000000E+00, -8.7892130E-02,  1.0008773E+03,  5.2301098E+04,3,
  4.0222180E+02,  0.0000000E+00,  2.5503497E+02,2808,  1.7945054E+00,  0.0000000E+00, -4.6590861E-02,  1.0006801E+03,  4.0517184E+04,3,
  4.0301093E+02,  0.0000000E+00,  2.5370856E+02,2770,  1.5363047E+00,  0.0000000E+00, -2.4893717E-01,  1.0008663E+03,  5.1640801E+04,3,
  4.0364651E+02,  0.0000000E+00,  2.5797208E+02,2874,  2.3318059E+00,  0.0000000E+00, -1.8510035E-01,  1.0002046E+03,  1.2171960E+04,3,
  4.0435883E+02,  0.0000000E+00,  2.5496524E+02,2807,  1.6918441E+00,  0.0000000E+00,  8.6421192E-02,  1.0005550E+03,  3.3053715E+04,3,
  4.0472742E+02,  0.0000000E+00,  2.5736411E+02,2863,  2.4571235E+00,  0.0000000E+00, -1.6145810E-01,  1.0002896E+03,  1.7231057E+04,3,
  4.0504089E+02,  0.0000000E+00,  2.5357806E+02,2683,  1.5429132E+00,  0.0000000E+00, -3.8538161E-01,  1.0007681E+03,  4.5773012E+04,3,
  4.0599866E+02,  0.0000000E+00,  2.5768613E+02,2854,  2.4071286E+00,  0.0000000E+00, -9.8537341E-02,  1.0002316E+03,  1.3778089E+04,3,
  4.0700781E+02,  0.0000000E+00,  2.5737582E+02,2843,  2.3790801E+00,  0.0000000E+00, -4.5185503E-02,  1.0002554E+03,  1.5199112E+04,3,
  4.0623108E+02,  0.0000000E+00,  2.5436578E+02,2597,  1.4726567E+00,  0.0000000E+00, -1.3055336E-01,  1.0006770E+03,  4.0334992E+04,3,
  4.0819461E+02,  0.0000000E+00,  2.5756976E+02,2751,  2.4090874E+00,  0.0000000E+00, -4.5960743E-02,  1.0002015E+03,  1.1990288E+04,3,
  4.0932285E+02,  0.0000000E+00,  2.5765100E+02,2855,  2.5342319E+00,  0.0000000E+00, -7.2312370E-02,  1.0001923E+03,  1.1438024E+04,3,
  4.0742450E+02,  0.0000000E+00,  2.5453418E+02,2753,  1.5904049E+00,  0.0000000E+00,  1.3503008E-01,  1.0007324E+03,  4.3640457E+04,3,
  4.0829453E+02,  0.0000000E+00,  2.5375320E+02,2747,  1.2435535E+00,  0.0000000E+00, -1.7676510E-01,  1.0009586E+03,  5.7161645E+04,3,
  4.0976987E+02,  0.0000000E+00,  2.5552650E+02,2679,  1.7877928E+00,  0.0000000E+00,  4.3050575E-01,  1.0006219E+03,  3.7045191E+04,3,
  4.1031699E+02,  0.0000000E+00,  2.5433432E+02,2700,  1.7077852E+00,  0.0000000E+00,  5.2545732E-01,  1.0008110E+03,  4.8336324E+04,3,
  4.1081100E+02,  0.0000000E+00,  2.5776105E+02,2865,  2.7127914E+00,  0.0000000E+00, -1.3194968E-01,  1.0002447E+03,  1.4559445E+04,3,
  4.1104364E+02,  0.0000000E+00,  2.5163086E+02,2601,  9.9550623E-01,  0.0000000E+00,  1.0884753E+00,  1.0009595E+03,  5.7212742E+04,3,
  4.1194730E+02,  0.0000000E+00,  2.5728134E+02,2633,  2.7645252E+00,  0.0000000E+00, -1.3318442E-01,  1.0002941E+03,  1.7500074E+04,3,
  4.1179456E+02,  0.0000000E+00,  2.5258424E+02,2554,  2.0433686E+00,  0.0000000E+00,  1.6512606E+00,  1.0006936E+03,  4.1326152E+04,3,
  4.1247672E+02,  0.0000000E+00,  2.5576463E+02,2690,  2.2923198E+00,  0.0000000E+00,  3.7433019E-01,  9.9994031E+02, -3.5485508E+03,3,
  4.1357559E+02,  0.0000000E+00,  2.5747037E+02,2838,  2.7885237E+00,  0.0000000E+00, -8.0415383E-02,  1.0003208E+03,  1.9092521E+04,3,
  4.1301221E+02,  0.0000000E+00,  2.5408972E+02,2607,  2.0958242E+00,  0.0000000E+00, -8.4453857E-01,  1.0016425E+03,  9.8139570E+04,3,
  4.1388287E+02,  0.0000000E+00,  2.5283443E+02,2582,  1.9723480E+00,  0.0000000E+00, -1.2858458E-01,  1.0009502E+03,  5.6657965E+04,3,
  4.1480450E+02,  0.0000000E+00,  2.5737918E+02,2847,  2.7242279E+00,  0.0000000E+00,  4.7697295E-02,  1.0003385E+03,  2.0147021E+04,3,
  4.1635114E+02,  0.0000000E+00,  2.5724771E+02,2798,  2.5682795E+00,  0.0000000E+00,  1.4938611E-01,  1.0003796E+03,  2.2598260E+04,3,
  4.1561313E+02,  0.0000000E+00,  2.5568410E+02,2692,  2.6075001E+00,  0.0000000E+00,  3.9373834E-02,  1.0002125E+03,  1.2644324E+04,3,
  4.1495795E+02,  0.0000000E+00,  2.5312503E+02,2671,  1.8314848E+00,  0.0000000E+00, -3.0989578E-01,  1.0006192E+03,  3.6884918E+04,3,
  4.1572403E+02,  0.0000000E+00,  2.5318895E+02,2691,  1.5701497E+00,  0.0000000E+00, -2.1912646E-01,  1.0004971E+03,  2.9598889E+04,3,
  4.1689182E+02,  0.0000000E+00,  2.5269044E+02,2619,  2.0775907E+00,  0.0000000E+00, -4.4275820E-02,  1.0011599E+03,  6.9202781E+04,3,
  4.1707666E+02,  0.0000000E+00,  2.5325104E+02,2672,  1.5484892E+00,  0.0000000E+00, -1.0015317E-01,  1.0005275E+03,  3.1415344E+04,3,
  4.1762906E+02,  0.0000000E+00,  2.5735370E+02,2829,  2.4658165E+00,  0.0000000E+00,  1.4118761E-01,  1.0003796E+03,  2.2594623E+04,3,
  4.1799133E+02,  0.0000000E+00,  2.5533194E+02,2698,  2.0585139E+00,  0.0000000E+00, -1.7148505E-01,  1.0001918E+03,  1.1412592E+04,3,
  4.1901556E+02,  0.0000000E+00,  2.5719479E+02,2837,  2.3976481E+00,  0.0000000E+00,  6.4211063E-02,  1.0003937E+03,  2.3438512E+04,3,
  4.1866629E+02,  0.0000000E+00,  2.5260249E+02,2600,  1.7638283E+00,  0.0000000E+00,  1.1096662E-01,  1.0015824E+03,  9.4533922E+04,3,
  4.2035950E+02,  0.0000000E+00,  2.5723209E+02,2697,  2.4262455E+00,  0.0000000E+00,  4.3875430E-02,  1.0003564E+03,  2.1216182E+04,3,
  4.2014407E+02,  0.0000000E+00,  2.5524841E+02,2588,  2.1294878E+00,  0.0000000E+00,  1.7669635E-01,  1.0003004E+03,  1.7878166E+04,3,
  4.1997604E+02,  0.0000000E+00,  2.5263750E+02,2444,  2.1680903E+00,  0.0000000E+00,  2.3906747E-02,  1.0015598E+03,  9.3178477E+04,3,
  4.2164005E+02,  0.0000000E+00,  2.5711792E+02,2715,  2.4735100E+00,  0.0000000E+00,  4.4852123E-02,  1.0003497E+03,  2.0812506E+04,3,
  4.2247031E+02,  0.0000000E+00,  2.5560414E+02,2654,  2.1373746E+00,  0.0000000E+00, -8.5908592E-02,  1.0002503E+03,  1.4893812E+04,3,
  4.2313083E+02,  0.0000000E+00,  2.5716519E+02,2752,  2.3914015E+00,  0.0000000E+00,  5.6503933E-02,  1.0003206E+03,  1.9081613E+04,3,
  4.2141446E+02,  0.0000000E+00,  2.5287061E+02,2453,  1.7778406E+00,  0.0000000E+00, -4.1824091E-02,  1.0008961E+03,  5.3421148E+04,3,
  4.2209811E+02,  0.0000000E+00,  2.5330267E+02,2682,  1.8583456E+00,  0.0000000E+00, -1.5006426E-02,  1.0004120E+03,  2.4529854E+04,3,
  4.2389575E+02,  0.0000000E+00,  2.5267778E+02,2630,  1.8636744E+00,  0.0000000E+00,  3.4926191E-02,  1.0013674E+03,  8.1635312E+04,3,
  4.2265134E+02,  0.0000000E+00,  2.5306885E+02,2663,  1.8053132E+00,  0.0000000E+00, -1.0724673E-02,  1.0006069E+03,  3.6149156E+04,3,
  4.2488303E+02,  0.0000000E+00,  2.5652905E+02,2461,  2.2665391E+00,  0.0000000E+00,  8.6180948E-02,  1.0003340E+03,  1.9881568E+04,3,
  4.2500989E+02,  0.0000000E+00,  2.5744534E+02,2820,  2.3954127E+00,  0.0000000E+00,  1.4564432E-01,  1.0002536E+03,  1.5090075E+04,3,
  4.2525354E+02,  0.0000000E+00,  2.5547383E+02,2589,  2.3400071E+00,  0.0000000E+00,  6.9396681E-01,  1.0002880E+03,  1.7140174E+04,3,
  4.2529645E+02,  0.0000000E+00,  2.5285320E+02,2622,  1.7111471E+00,  0.0000000E+00,  3.1119347E-02,  1.0015004E+03,  8.9614898E+04,3,
  4.2679276E+02,  0.0000000E+00,  2.5726389E+02,2810,  2.4611509E+00,  0.0000000E+00,  1.8120743E-01,  1.0002969E+03,  1.7667307E+04,3,
  4.2653491E+02,  0.0000000E+00,  2.5243738E+02,2595,  1.6340406E+00,  0.0000000E+00,  2.6553486E-02,  1.0022811E+03,  1.3655920E+05,3,
  4.2800320E+02,  0.0000000E+00,  2.5708008E+02,2780,  2.4901736E+00,  0.0000000E+00,  2.3024189E-01,  1.0002847E+03,  1.6940234E+04,3,
  4.2832257E+02,  0.0000000E+00,  2.5604211E+02,2726,  2.3810751E+00,  0.0000000E+00,  2.0316142E-01,  1.0004673E+03,  2.7826434E+04,3,
  4.2970224E+02,  0.0000000E+00,  2.5715247E+02,2802,  2.5495574E+00,  0.0000000E+00,  3.1295216E-01,  1.0002606E+03,  1.5508058E+04,3,
  4.2802054E+02,  0.0000000E+00,  2.5337967E+02,2353,  1.5788373E+00,  0.0000000E+00,  2.2977485E-01,  1.0006281E+03,  3.7413098E+04,3,
  4.3071457E+02,  0.0000000E+00,  2.5608112E+02,2618,  2.2772722E+00,  0.0000000E+00,  1.0232971E-01,  1.0004519E+03,  2.6905754E+04,3,
  4.2920065E+02,  0.0000000E+00,  2.5302086E+02,2517,  1.7097445E+00,  0.0000000E+00,  4.6457727E-02,  1.0007376E+03,  4.3953934E+04,3,
  4.2912936E+02,  0.0000000E+00,  2.5280661E+02,2611,  1.4734364E+00,  0.0000000E+00,  1.1463255E-01,  1.0009273E+03,  5.5289395E+04,3,
  4.3074725E+02,  0.0000000E+00,  2.5320280E+02,2719,  1.5444189E+00,  0.0000000E+00, -1.6326582E-02,  1.0004031E+03,  2.3998719E+04,3,
  4.3120456E+02,  0.0000000E+00,  2.5270605E+02,2602,  1.5541306E+00,  0.0000000E+00, -9.9719338E-02,  1.0011025E+03,  6.5771938E+04,3,
  4.3144931E+02,  0.0000000E+00,  2.5707681E+02,2801,  2.3600729E+00,  0.0000000E+00,  3.9998576E-01,  1.0002657E+03,  1.5809742E+04,3,
  4.3286752E+02,  0.0000000E+00,  2.5731454E+02,2792,  2.1469824E+00,  0.0000000E+00,  3.8687935E-01,  1.0002226E+03,  1.3243896E+04,3,
  4.3318982E+02,  0.0000000E+00,  2.5611609E+02,2627,  2.1137543E+00,  0.0000000E+00,  2.5102183E-01,  1.0004429E+03,  2.6367217E+04,3,
  4.3244177E+02,  0.0000000E+00,  2.5275801E+02,2518,  1.4937912E+00,  0.0000000E+00, -1.4890003E-01,  1.0010530E+03,  6.2806059E+04,3,
  4.3329736E+02,  0.0000000E+00,  2.5328336E+02,2755,  1.3917639E+00,  0.0000000E+00, -9.7730070E-02,  1.0005206E+03,  3.1003973E+04,3,
  4.3448932E+02,  0.0000000E+00,  2.5713782E+02,2661,  2.0427713E+00,  0.0000000E+00,  2.1312287E-01,  1.0002049E+03,  1.2190128E+04,3,
  4.3536926E+02,  0.0000000E+00,  2.5701505E+02,2670,  2.0612788E+00,  0.0000000E+00,  7.9962045E-02,  1.0001951E+03,  1.1605153E+04,3,
  4.3407410E+02,  0.0000000E+00,  2.5300642E+02,2462,  1.3893942E+00,  0.0000000E+00,  6.9119781E-02,  1.0007747E+03,  4.6166766E+04,3,
  4.3636523E+02,  0.0000000E+00,  2.5595895E+02,2590,  2.0830221E+00,  0.0000000E+00, -4.3551289E-02,  1.0006187E+03,  3.6852137E+04,3,
  4.3509601E+02,  0.0000000E+00,  2.5272057E+02,2573,  1.2333946E+00,  0.0000000E+00,  3.0553821E-01,  1.0011721E+03,  6.9937336E+04,3,
  4.3700784E+02,  0.0000000E+00,  2.5690662E+02,2744,  2.1337147E+00,  0.0000000E+00, -2.6664434E-02,  1.0002329E+03,  1.3858039E+04,3,
  4.3604190E+02,  0.0000000E+00,  2.5330650E+02,2525,  1.4240155E+00,  0.0000000E+00,  4.4401431E-01,  1.0004086E+03,  2.4322488E+04,3,
  4.3685040E+02,  0.0000000E+00,  2.5305841E+02,2637,  1.3060189E+00,  0.0000000E+00,  3.7402984E-01,  1.0006390E+03,  3.8065168E+04,3,
  4.3805719E+02,  0.0000000E+00,  2.5240514E+02,2490,  2.1152320E+00,  0.0000000E+00,  7.5182706E-02,  1.0015567E+03,  9.2991664E+04,3,
  4.3821451E+02,  0.0000000E+00,  2.5683957E+02,2793,  2.3128488E+00,  0.0000000E+00,  5.6344934E-02,  1.0003568E+03,  2.1234365E+04,3,
  4.3888489E+02,  0.0000000E+00,  2.5297026E+02,2655,  2.0174017E+00,  0.0000000E+00, -9.0004987E-04,  1.0003633E+03,  2.1627148E+04,3,
  4.3960468E+02,  0.0000000E+00,  2.5665094E+02,2452,  2.5584700E+00,  0.0000000E+00,  4.0757445E-01,  1.0004104E+03,  2.4431627E+04,3,
  4.4082349E+02,  0.0000000E+00,  2.5734152E+02,2764,  2.5047874E+00,  0.0000000E+00,  4.4783890E-01,  1.0003047E+03,  1.8136295E+04,3,
  4.3966626E+02,  0.0000000E+00,  2.5300313E+02,2665,  1.1145117E+00,  0.0000000E+00,  2.4656802E-02,  1.0004249E+03,  2.5297502E+04,3,
  4.4193546E+02,  0.0000000E+00,  2.5736035E+02,2763,  2.5706336E+00,  0.0000000E+00,  2.3413439E-01,  1.0002838E+03,  1.6889340E+04,3,
  4.3978513E+02,  0.0000000E+00,  2.5326253E+02,2544,  7.6115638E-01,  0.0000000E+00, -2.0652331E-01,  1.0003353E+03,  1.9954295E+04,3,
  4.4050226E+02,  0.0000000E+00,  2.5396631E+02,2636,  8.4233403E-01,  0.0000000E+00,  6.7398822E-01,  1.0006184E+03,  3.6837566E+04,3,
  4.4306589E+02,  0.0000000E+00,  2.5743991E+02,2783,  2.5053005E+00,  0.0000000E+00, -1.6557333E-01,  1.0002044E+03,  1.2161060E+04,3,
  4.4197543E+02,  0.0000000E+00,  2.5625336E+02,2644,  1.2365581E+00,  0.0000000E+00,  3.8534805E-01,  9.9909912E+02, -5.3419859E+04,3,
  4.4404999E+02,  0.0000000E+00,  2.5682141E+02,2754,  1.9948027E+00,  0.0000000E+00, -3.7532657E-01,  1.0000275E+03,  1.6331958E+03,3,
  4.4255054E+02,  0.0000000E+00,  2.5379959E+02,2586,  2.8755009E+00,  0.0000000E+00,  1.7802055E+00,  1.0025706E+03,  1.5402373E+05,3,
  4.4494971E+02,  0.0000000E+00,  2.5513356E+02,2604,  3.2675574E+00,  0.0000000E+00,  8.6667784E-02,  1.0012266E+03,  7.3201445E+04,3,
  4.4538525E+02,  0.0000000E+00,  2.5631683E+02,2443,  2.3076463E+00,  0.0000000E+00, -9.2162144E-01,  9.9963416E+02, -2.1728516E+04,3,
  4.4682724E+02,  0.0000000E+00,  2.5586575E+02,2766,  3.1744132E+00,  0.0000000E+00, -8.7024695E-01,  9.9969012E+02, -1.8407439E+04,3,
  4.4686874E+02,  0.0000000E+00,  2.5470042E+02,2451,  2.4778273E+00,  0.0000000E+00, -6.7032605E-02,  1.0013361E+03,  7.9762133E+04,3,
  4.4853824E+02,  0.0000000E+00,  2.5501340E+02,2471,  3.2857375E+00,  0.0000000E+00,  3.1208826E-02,  1.0004039E+03,  2.4046010E+04,3,
  4.4917429E+02,  0.0000000E+00,  2.5513126E+02,2426,  2.8973343E+00,  0.0000000E+00,  3.5474950E-01,  9.9999103E+02, -5.3345233E+02,3,
  4.5019455E+02,  0.0000000E+00,  2.5612250E+02,2757,  2.9005704E+00,  0.0000000E+00, -2.1537560E-01,  1.0005687E+03,  3.3873004E+04,3,
  4.5010217E+02,  0.0000000E+00,  2.5497322E+02,2537,  3.1656048E+00,  0.0000000E+00, -3.1817052E-01,  1.0004218E+03,  2.5111951E+04,3,
  4.5181635E+02,  0.0000000E+00,  2.5492119E+02,2612,  3.2161040E+00,  0.0000000E+00, -7.0165700E-01,  9.9977942E+02, -1.3106620E+04,3,
  4.5244974E+02,  0.0000000E+00,  2.5628613E+02,2416,  2.9941423E+00,  0.0000000E+00, -1.6540876E-01,  1.0006476E+03,  3.8582480E+04,3,
  4.5257498E+02,  0.0000000E+00,  2.5500508E+02,2621,  3.0623610E+00,  0.0000000E+00, -6.3347131E-01,  9.9983380E+02, -9.8769092E+03,3,
  4.5383768E+02,  0.0000000E+00,  2.5466277E+02,2509,  2.4056606E+00,  0.0000000E+00, -2.1176447E-01,  1.0006104E+03,  3.6360410E+04,3,
  4.5434711E+02,  0.0000000E+00,  2.5618741E+02,2738,  2.8295851E+00,  0.0000000E+00, -9.4142169E-02,  1.0006897E+03,  4.1092930E+04,3,
  4.5517114E+02,  0.0000000E+00,  2.5506010E+02,2638,  2.9645672E+00,  0.0000000E+00,  4.6903130E-01,  9.9955658E+02, -2.6329820E+04,3,
  4.5652805E+02,  0.0000000E+00,  2.5633957E+02,2727,  3.1166768E+00,  0.0000000E+00,  2.1064632E-01,  1.0005901E+03,  3.5151227E+04,3,
  4.5642569E+02,  0.0000000E+00,  2.5499866E+02,2417,  3.0914700E+00,  0.0000000E+00,  3.8631213E-01,  1.0002885E+03,  1.7165621E+04,3,
  4.5740192E+02,  0.0000000E+00,  2.5518216E+02,2664,  3.0792909E+00,  0.0000000E+00,  2.2814663E-01,  9.9972845E+02, -1.6132385E+04,3,
  4.5869159E+02,  0.0000000E+00,  2.5468585E+02,2491,  2.7453942E+00,  0.0000000E+00,  3.1930393E-01,  1.0007247E+03,  4.3181199E+04,3,
  4.5878818E+02,  0.0000000E+00,  2.5654898E+02,2709,  2.8897419E+00,  0.0000000E+00,  3.4101984E-01,  1.0004489E+03,  2.6723812E+04,3,
  4.6006934E+02,  0.0000000E+00,  2.5504100E+02,2335,  2.9338250E+00,  0.0000000E+00,  4.5338589E-01,  1.0001006E+03,  5.9860693E+03,3,
  4.6065997E+02,  0.0000000E+00,  2.5677847E+02,2739,  3.1262448E+00,  0.0000000E+00,  2.1351098E-01,  1.0002996E+03,  1.7827270E+04,3,
  4.6064780E+02,  0.0000000E+00,  2.5510150E+02,2620,  2.8860524E+00,  0.0000000E+00,  5.1065153E-01,  9.9977203E+02, -1.3545142E+04,3,
  4.6250888E+02,  0.0000000E+00,  2.5653275E+02,2407,  3.4116426E+00,  0.0000000E+00,  3.4598544E-01,  1.0006348E+03,  3.7817449E+04,3,
  4.6196060E+02,  0.0000000E+00,  2.5489737E+02,2546,  3.0203059E+00,  0.0000000E+00,  2.7111962E-01,  1.0004374E+03,  2.6043379E+04,3,
  4.6345566E+02,  0.0000000E+00,  2.5494559E+02,2481,  2.8770082E+00,  0.0000000E+00,  8.9877374E-02,  1.0003289E+03,  1.9572488E+04,3,
  4.6470932E+02,  0.0000000E+00,  2.5674570E+02,2616,  3.1063476E+00,  0.0000000E+00,  2.8766313E-01,  1.0003903E+03,  2.3234807E+04,3,
  4.6476892E+02,  0.0000000E+00,  2.5515923E+02,2647,  2.7338595E+00,  0.0000000E+00,  2.0086092E-01,  9.9936194E+02, -3.7865285E+04,3,
  4.6508459E+02,  0.0000000E+00,  2.5487030E+02,2657,  2.6444206E+00,  0.0000000E+00,  2.7237418E-01,  1.0003642E+03,  2.1678064E+04,3,
  4.6625226E+02,  0.0000000E+00,  2.5634427E+02,2625,  3.2283814E+00,  0.0000000E+00,  1.2793291E-01,  1.0004773E+03,  2.8419643E+04,3,
  4.6633542E+02,  0.0000000E+00,  2.5486002E+02,2547,  2.9651663E+00,  0.0000000E+00,  4.1996396E-01,  1.0004489E+03,  2.6723812E+04,3,
  4.6802481E+02,  0.0000000E+00,  2.5489119E+02,2653,  3.0221169E+00,  0.0000000E+00,  3.1798190E-01,  1.0003502E+03,  2.0841600E+04,3,
  4.6814420E+02,  0.0000000E+00,  2.5540485E+02,2729,  3.0272770E+00,  0.0000000E+00,  1.5459763E-01,  1.0004962E+03,  2.9544289E+04,3,
  4.6955557E+02,  0.0000000E+00,  2.5476485E+02,2558,  2.9125407E+00,  0.0000000E+00,  2.1106768E-02,  1.0007041E+03,  4.1952965E+04,3,
  4.7100345E+02,  0.0000000E+00,  2.5564337E+02,2701,  3.0196474E+00,  0.0000000E+00,  1.7764445E-01,  1.0005150E+03,  3.0669064E+04,3,
  4.7104419E+02,  0.0000000E+00,  2.5500827E+02,2520,  2.9077282E+00,  0.0000000E+00,  9.3555972E-02,  1.0002652E+03,  1.5780664E+04,3,
  4.7227170E+02,  0.0000000E+00,  2.5492432E+02,2510,  2.8973866E+00,  0.0000000E+00,  1.4843133E-01,  1.0003804E+03,  2.2645545E+04,3,
  4.7317297E+02,  0.0000000E+00,  2.5501581E+02,2591,  2.9830918E+00,  0.0000000E+00,  9.3364015E-02,  1.0002579E+03,  1.5344497E+04,3,
  4.7336386E+02,  0.0000000E+00,  2.5624725E+02,2398,  2.9469543E+00,  0.0000000E+00,  4.1891960E-03,  1.0003018E+03,  1.7958150E+04,3,
  4.7473242E+02,  0.0000000E+00,  2.5489107E+02,2499,  2.8479638E+00,  0.0000000E+00, -7.0495591E-02,  1.0006934E+03,  4.1315219E+04,3,
  4.7515475E+02,  0.0000000E+00,  2.5507484E+02,2529,  3.0594335E+00,  0.0000000E+00, -2.0527931E-01,  1.0000391E+03,  2.3228481E+03,3,
  4.7530081E+02,  0.0000000E+00,  2.5510214E+02,2454,  3.1320696E+00,  0.0000000E+00, -1.0153916E-01,  1.0000835E+03,  4.9657500E+03,3,
  4.7670483E+02,  0.0000000E+00,  2.5578836E+02,2694,  2.7817266E+00,  0.0000000E+00,  1.1730909E-01,  1.0003362E+03,  2.0008840E+04,3,
  4.7763531E+02,  0.0000000E+00,  2.5460541E+02,2702,  2.9650095E+00,  0.0000000E+00, -1.5906592E-01,  1.0011290E+03,  6.7357508E+04,3,
  4.7838885E+02,  0.0000000E+00,  2.5519505E+02,2498,  2.6855752E+00,  0.0000000E+00,  2.4950754E-02,  1.0005294E+03,  3.1524561E+04,3,
  4.8015863E+02,  0.0000000E+00,  2.5497528E+02,2418,  2.9414430E+00,  0.0000000E+00, -7.6073103E-02,  1.0003407E+03,  2.0277934E+04,3,
  4.8055582E+02,  0.0000000E+00,  2.5502180E+02,2463,  2.9271486E+00,  0.0000000E+00, -6.9696255E-02,  1.0003817E+03,  2.2721928E+04,3,
  4.8068457E+02,  0.0000000E+00,  2.5631033E+02,2684,  2.9267123E+00,  0.0000000E+00, -1.3587329E-01,  1.0002568E+03,  1.5282708E+04,3,
  4.8128555E+02,  0.0000000E+00,  2.5508151E+02,2593,  2.8278785E+00,  0.0000000E+00, -1.2453070E-01,  1.0001854E+03,  1.1027479E+04,3,
  4.8216742E+02,  0.0000000E+00,  2.5504919E+02,2572,  2.9329138E+00,  0.0000000E+00, -2.8021845E-01,  1.0002709E+03,  1.6118706E+04,3,
  4.8351199E+02,  0.0000000E+00,  2.5472527E+02,2513,  2.9440894E+00,  0.0000000E+00, -2.9656351E-01,  1.0008916E+03,  5.3154805E+04,3,
  4.8358716E+02,  0.0000000E+00,  2.5623566E+02,2675,  2.7707384E+00,  0.0000000E+00, -2.2162256E-01,  1.0001964E+03,  1.1681452E+04,3,
  4.8505093E+02,  0.0000000E+00,  2.5526921E+02,2548,  2.8661017E+00,  0.0000000E+00, -1.1193933E-01,  1.0003999E+03,  2.3805916E+04,3,
  4.8528424E+02,  0.0000000E+00,  2.5517645E+02,2555,  2.8587337E+00,  0.0000000E+00, -2.8573105E-01,  1.0003303E+03,  1.9659756E+04,3,
  4.8622318E+02,  0.0000000E+00,  2.5500929E+02,2584,  2.9530084E+00,  0.0000000E+00, -4.1186187E-01,  1.0002720E+03,  1.6184135E+04,3,
  4.8703708E+02,  0.0000000E+00,  2.5642560E+02,2693,  2.8751295E+00,  0.0000000E+00, -3.8967746E-01,  1.0001233E+03,  7.3333423E+03,3,
  4.8744592E+02,  0.0000000E+00,  2.5492734E+02,2583,  2.8284738E+00,  0.0000000E+00, -4.8872441E-01,  1.0006628E+03,  3.9489668E+04,3,
  4.8826477E+02,  0.0000000E+00,  2.5505344E+02,2556,  2.8075747E+00,  0.0000000E+00, -4.9080494E-01,  1.0003375E+03,  2.0088840E+04,3,
  4.8930890E+02,  0.0000000E+00,  2.5503415E+02,2492,  2.9064283E+00,  0.0000000E+00, -5.2213824E-01,  1.0004193E+03,  2.4962785E+04,3,
  4.8974747E+02,  0.0000000E+00,  2.5508972E+02,2500,  2.9807076E+00,  0.0000000E+00, -4.2447782E-01,  1.0002994E+03,  1.7819998E+04,3,
  4.9051315E+02,  0.0000000E+00,  2.5574934E+02,2489,  2.7352211E+00,  0.0000000E+00, -2.7027035E-01,  1.0003467E+03,  2.0634312E+04,3,
  4.9156741E+02,  0.0000000E+00,  2.5481413E+02,2553,  2.8177640E+00,  0.0000000E+00, -3.3238512E-01,  1.0007089E+03,  4.2237230E+04,3,
  4.9256464E+02,  0.0000000E+00,  2.5487332E+02,2372,  2.8364055E+00,  0.0000000E+00, -9.1419794E-02,  1.0009619E+03,  5.7358742E+04,3,
  4.9361047E+02,  0.0000000E+00,  2.5488483E+02,2562,  2.9660866E+00,  0.0000000E+00, -1.4156008E-01,  1.0002850E+03,  1.6962045E+04,3,
  4.9438760E+02,  0.0000000E+00,  2.5554100E+02,2599,  2.8106554E+00,  0.0000000E+00, -9.7640231E-04,  1.0004598E+03,  2.7375182E+04,3,
  4.9529742E+02,  0.0000000E+00,  2.5545387E+02,2676,  2.8214326E+00,  0.0000000E+00,  1.3678564E-01,  1.0002701E+03,  1.6071452E+04,3,
  4.9535995E+02,  0.0000000E+00,  2.5552034E+02,2545,  2.8050809E+00,  0.0000000E+00,  1.7166454E-01,  1.0003759E+03,  2.2372750E+04,3,
  4.9700787E+02,  0.0000000E+00,  2.5434416E+02,2541,  2.7306764E+00,  0.0000000E+00,  5.8346079E-03,  1.0017915E+03,  1.0709334E+05,3,
  4.9860101E+02,  0.0000000E+00,  2.5591872E+02,2639,  2.8128033E+00,  0.0000000E+00,  1.0801232E-01,  1.0001602E+03,  9.5271377E+03,3,
  4.9900775E+02,  0.0000000E+00,  2.5568542E+02,2526,  2.8202698E+00,  0.0000000E+00,  1.0509300E-01,  1.0002571E+03,  1.5300881E+04,3,
  4.9922687E+02,  0.0000000E+00,  2.5540509E+02,2354,  2.7512350E+00,  0.0000000E+00,  1.4884008E-01,  1.0004175E+03,  2.4853641E+04,3,
  5.0046960E+02,  0.0000000E+00,  2.5459972E+02,2486,  2.4714270E+00,  0.0000000E+00,  5.0318405E-02,  1.0010123E+03,  6.0370465E+04,3,
  5.0146829E+02,  0.0000000E+00,  2.5522072E+02,2508,  3.0305014E+00,  0.0000000E+00, -3.0859256E-01,  1.0002446E+03,  1.4552177E+04,3,
  5.0224411E+02,  0.0000000E+00,  2.5656256E+02,2362,  2.9022918E+00,  0.0000000E+00,  6.9485507E-03,  1.0000995E+03,  5.9170762E+03,3,
  5.0272592E+02,  0.0000000E+00,  2.5501945E+02,2567,  2.5494037E+00,  0.0000000E+00, -4.3803290E-02,  1.0005583E+03,  3.3253980E+04,3,
  5.0347668E+02,  0.0000000E+00,  2.5513423E+02,2527,  2.6326590E+00,  0.0000000E+00,  2.6050394E-02,  1.0003433E+03,  2.0430666E+04,3,
  5.0429669E+02,  0.0000000E+00,  2.5522072E+02,2564,  2.8016298E+00,  0.0000000E+00,  9.6855879E-02,  1.0004020E+03,  2.3929600E+04,3,
  5.0537192E+02,  0.0000000E+00,  2.5465585E+02,2381,  2.7450318E+00,  0.0000000E+00,  1.5298239E-02,  1.0009415E+03,  5.6136062E+04,3,
  5.0581644E+02,  0.0000000E+00,  2.5678244E+02,2667,  2.8068409E+00,  0.0000000E+00,  3.0785345E-02,  1.0001011E+03,  6.0151191E+03,3,
  5.0682138E+02,  0.0000000E+00,  2.5533636E+02,2473,  2.7368312E+00,  0.0000000E+00, -2.5160726E-02,  9.9984534E+02, -9.1916836E+03,3,
  5.0713632E+02,  0.0000000E+00,  2.5630795E+02,2581,  2.7253652E+00,  0.0000000E+00,  1.5696621E-02,  1.0001823E+03,  1.0845828E+04,3,
  5.0737268E+02,  0.0000000E+00,  2.5487447E+02,2464,  2.7001288E+00,  0.0000000E+00, -2.3335870E-02,  1.0005998E+03,  3.5726660E+04,3,
  5.0859509E+02,  0.0000000E+00,  2.5498242E+02,2428,  2.7167795E+00,  0.0000000E+00, -2.5263024E-02,  1.0005651E+03,  3.3654520E+04,3,
  5.0967365E+02,  0.0000000E+00,  2.5493117E+02,2574,  2.7422130E+00,  0.0000000E+00, -1.3122778E-02,  1.0006381E+03,  3.8010523E+04,3,
  5.0997708E+02,  0.0000000E+00,  2.5660941E+02,2640,  2.7141700E+00,  0.0000000E+00, -2.4961449E-02,  1.0001020E+03,  6.0659565E+03,3,
  5.1083261E+02,  0.0000000E+00,  2.5506996E+02,2457,  2.7408874E+00,  0.0000000E+00, -2.9898858E-02,  1.0004164E+03,  2.4788154E+04,3,
  5.1178351E+02,  0.0000000E+00,  2.5495000E+02,2419,  2.7310777E+00,  0.0000000E+00, -4.2434625E-02,  1.0005329E+03,  3.1735717E+04,3,
  5.1248297E+02,  0.0000000E+00,  2.5515100E+02,2475,  2.7387383E+00,  0.0000000E+00, -7.0854001E-02,  1.0001229E+03,  7.3079204E+03,3,
  5.1282306E+02,  0.0000000E+00,  2.5652667E+02,2380,  2.7192543E+00,  0.0000000E+00, -2.3165654E-02,  1.0001376E+03,  8.1831987E+03,3,
  5.1367255E+02,  0.0000000E+00,  2.5494664E+02,2435,  2.7077668E+00,  0.0000000E+00, -4.0318497E-02,  1.0005908E+03,  3.5187645E+04,3,
  5.1436310E+02,  0.0000000E+00,  2.5516231E+02,2536,  2.7283237E+00,  0.0000000E+00,  3.7695458E-03,  1.0002688E+03,  1.5995119E+04,3,
  5.1548645E+02,  0.0000000E+00,  2.5479427E+02,2483,  2.7069306E+00,  0.0000000E+00,  2.5127556E-02,  1.0008452E+03,  5.0378695E+04,3,
  5.1640179E+02,  0.0000000E+00,  2.5623349E+02,2592,  2.7586739E+00,  0.0000000E+00,  2.6508398E-02,  1.0002430E+03,  1.4461317E+04,3,
  5.1684039E+02,  0.0000000E+00,  2.5493132E+02,2445,  2.7210593E+00,  0.0000000E+00,  4.3039363E-02,  1.0005375E+03,  3.2008768E+04,3,
  5.1788739E+02,  0.0000000E+00,  2.5512234E+02,2531,  2.7208359E+00,  0.0000000E+00,  3.6912180E-02,  1.0000640E+03,  3.8075784E+03,3,
  5.1834448E+02,  0.0000000E+00,  2.5507686E+02,2530,  2.7336740E+00,  0.0000000E+00,  4.3458991E-02,  1.0002736E+03,  1.6278645E+04,3,
  5.1863538E+02,  0.0000000E+00,  2.5637109E+02,2603,  2.7206256E+00,  0.0000000E+00,  4.8179381E-02,  1.0002350E+03,  1.3985233E+04,3,
  5.1993988E+02,  0.0000000E+00,  2.5461888E+02,2484,  2.7363312E+00,  0.0000000E+00,  4.1957561E-02,  1.0010264E+03,  6.1213910E+04,3,
  5.2088544E+02,  0.0000000E+00,  2.5611185E+02,2344,  2.6700315E+00,  0.0000000E+00,  3.0639281E-02,  1.0002687E+03,  1.5987850E+04,3,
  5.2126343E+02,  0.0000000E+00,  2.5505603E+02,2565,  2.7327425E+00,  0.0000000E+00,  3.8181625E-02,  1.0004250E+03,  2.5301141E+04,3,
  5.2236707E+02,  0.0000000E+00,  2.5516380E+02,2557,  2.7697937E+00,  0.0000000E+00, -4.0053106E-03,  1.0002285E+03,  1.3592753E+04,3,
  5.2316290E+02,  0.0000000E+00,  2.5479143E+02,2409,  2.7360804E+00,  0.0000000E+00, -3.8521567E-03,  1.0007327E+03,  4.3658684E+04,3,
  5.2391718E+02,  0.0000000E+00,  2.5637286E+02,2563,  2.6383879E+00,  0.0000000E+00,  4.8531484E-02,  1.0001852E+03,  1.1020213E+04,3,
  5.2435919E+02,  0.0000000E+00,  2.5509373E+02,2308,  2.7424295E+00,  0.0000000E+00, -5.0854877E-02,  1.0002843E+03,  1.6918422E+04,3,
  5.2510657E+02,  0.0000000E+00,  2.5507330E+02,2408,  2.8363192E+00,  0.0000000E+00,  1.3714591E-02,  1.0003595E+03,  2.1398023E+04,3,
  5.2598474E+02,  0.0000000E+00,  2.5620212E+02,2468,  2.4247754E+00,  0.0000000E+00,  8.6629786E-02,  1.0001856E+03,  1.1042012E+04,3,
  5.2675110E+02,  0.0000000E+00,  2.5466255E+02,2631,  2.7604396E+00,  0.0000000E+00,  3.9990108E-02,  1.0010363E+03,  6.1809109E+04,3,
  5.2804889E+02,  0.0000000E+00,  2.5477382E+02,2610,  2.7570362E+00,  0.0000000E+00,  1.4007818E-02,  1.0008212E+03,  4.8945348E+04,3,
  5.2853265E+02,  0.0000000E+00,  2.5644354E+02,2472,  2.6387434E+00,  0.0000000E+00, -3.7170745E-02,  1.0001751E+03,  1.0417144E+04,3,
  5.2996191E+02,  0.0000000E+00,  2.5519081E+02,2539,  2.6977441E+00,  0.0000000E+00, -2.6403423E-02,  1.0001171E+03,  6.9665464E+03,3,
  5.3010480E+02,  0.0000000E+00,  2.5480882E+02,2494,  2.8549562E+00,  0.0000000E+00, -1.7616775E-02,  1.0005594E+03,  3.3319523E+04,3,
  5.2989978E+02,  0.0000000E+00,  2.5658334E+02,2594,  2.6201708E+00,  0.0000000E+00, -3.0619025E-02,  1.0001660E+03,  9.8758652E+03,3,
  5.3128247E+02,  0.0000000E+00,  2.5626874E+02,2585,  2.5700901E+00,  0.0000000E+00, -1.8983876E-02,  1.0002230E+03,  1.3269332E+04,3,
  5.3213879E+02,  0.0000000E+00,  2.5472221E+02,2566,  2.7875311E+00,  0.0000000E+00, -2.5842508E-02,  1.0008707E+03,  5.1907102E+04,3,
  5.3314062E+02,  0.0000000E+00,  2.5516418E+02,2576,  2.6641600E+00,  0.0000000E+00, -5.7145890E-02,  1.0006155E+03,  3.6666371E+04,3,
  5.3433527E+02,  0.0000000E+00,  2.5576785E+02,2613,  2.8396211E+00,  0.0000000E+00, -1.4751784E-02,  1.0003385E+03,  2.0147021E+04,3,
  5.3472351E+02,  0.0000000E+00,  2.5467679E+02,2568,  2.6063101E+00,  0.0000000E+00, -1.1454338E-01,  1.0009211E+03,  5.4920828E+04,3,
  5.3603033E+02,  0.0000000E+00,  2.5672250E+02,2495,  2.8517084E+00,  0.0000000E+00,  4.0580448E-02,  1.0001140E+03,  6.7813379E+03,3,
  5.3648248E+02,  0.0000000E+00,  2.5473984E+02,2345,  2.5353267E+00,  0.0000000E+00, -1.1051522E-01,  1.0007515E+03,  4.4785055E+04,3,
  5.3718622E+02,  0.0000000E+00,  2.5721866E+02,2469,  2.7022784E+00,  0.0000000E+00,  1.2123999E-02,  1.0000999E+03,  5.9388638E+03,3,
  5.3766376E+02,  0.0000000E+00,  2.5505150E+02,2522,  2.5765765E+00,  0.0000000E+00, -1.1167900E-01,  1.0003390E+03,  2.0176113E+04,3,
  5.3823389E+02,  0.0000000E+00,  2.5648459E+02,2575,  2.6517987E+00,  0.0000000E+00,  2.6292263E-03,  1.0001441E+03,  8.5718330E+03,3,
  5.3906116E+02,  0.0000000E+00,  2.5477814E+02,2450,  2.5630281E+00,  0.0000000E+00, -6.3642412E-02,  1.0008779E+03,  5.2337578E+04,3,
  5.4025110E+02,  0.0000000E+00,  2.5479947E+02,2519,  2.5698149E+00,  0.0000000E+00, -2.9941194E-02,  1.0009014E+03,  5.3742227E+04,3,
  5.4129437E+02,  0.0000000E+00,  2.5576666E+02,2326,  2.6947489E+00,  0.0000000E+00,  6.3000031E-02,  1.0002297E+03,  1.3665434E+04,3,
  5.4187512E+02,  0.0000000E+00,  2.5491116E+02,2402,  2.5230846E+00,  0.0000000E+00, -2.5974162E-02,  1.0005652E+03,  3.3661805E+04,3,
  5.4303546E+02,  0.0000000E+00,  2.5600970E+02,2503,  2.7036483E+00,  0.0000000E+00,  7.0621528E-02,  1.0003067E+03,  1.8252637E+04,3,
  5.4323145E+02,  0.0000000E+00,  2.5490038E+02,2411,  2.4716618E+00,  0.0000000E+00, -6.5642431E-02,  1.0004547E+03,  2.7073145E+04,3,
  5.4434943E+02,  0.0000000E+00,  2.5497968E+02,2401,  2.4998357E+00,  0.0000000E+00, -7.0914201E-02,  1.0003768E+03,  2.2430945E+04,3,
  5.4528296E+02,  0.0000000E+00,  2.5666904E+02,2559,  2.5424562E+00,  0.0000000E+00, -5.0252082E-04,  1.0002148E+03,  1.2782404E+04,3,
  5.4531610E+02,  0.0000000E+00,  2.5491083E+02,2466,  2.5347939E+00,  0.0000000E+00, -4.5834139E-02,  1.0005360E+03,  3.1921391E+04,3,
  5.4637476E+02,  0.0000000E+00,  2.5498607E+02,2363,  2.5484557E+00,  0.0000000E+00, -5.9539955E-02,  1.0003348E+03,  1.9925205E+04,3,
  5.4725012E+02,  0.0000000E+00,  2.5497946E+02,2438,  2.5946641E+00,  0.0000000E+00, -4.6389014E-02,  1.0001649E+03,  9.8068457E+03,3,
  5.4766431E+02,  0.0000000E+00,  2.5599403E+02,2502,  2.4426167E+00,  0.0000000E+00, -4.0475042E-03,  1.0005643E+03,  3.3607184E+04,3,
  5.4873065E+02,  0.0000000E+00,  2.5481258E+02,2485,  2.5738957E+00,  0.0000000E+00, -7.2184287E-02,  1.0005435E+03,  3.2369209E+04,3,
  5.4986768E+02,  0.0000000E+00,  2.5490689E+02,2501,  2.5868011E+00,  0.0000000E+00, -9.9473529E-02,  1.0003918E+03,  2.3322107E+04,3,
  5.4965839E+02,  0.0000000E+00,  2.5653503E+02,2577,  2.3451989E+00,  0.0000000E+00, -1.1551279E-02,  1.0002512E+03,  1.4948329E+04,3,
  5.5128223E+02,  0.0000000E+00,  2.5476230E+02,2528,  2.6308713E+00,  0.0000000E+00, -1.0058821E-01,  1.0006456E+03,  3.8462258E+04,3,
  5.5141840E+02,  0.0000000E+00,  2.5642007E+02,2390,  2.3365066E+00,  0.0000000E+00, -3.3633482E-02,  1.0002758E+03,  1.6409504E+04,3,
  5.5278345E+02,  0.0000000E+00,  2.5489038E+02,2511,  2.6091282E+00,  0.0000000E+00, -7.7755205E-02,  1.0005526E+03,  3.2911715E+04,3,
  5.5280389E+02,  0.0000000E+00,  2.5669489E+02,2432,  2.2256415E+00,  0.0000000E+00, -3.2268345E-02,  1.0000887E+03,  5.2780073E+03,3,
  5.5372162E+02,  0.0000000E+00,  2.5512802E+02,2436,  2.4850140E+00,  0.0000000E+00, -8.9708664E-02,  1.0003879E+03,  2.3092945E+04,3,
  5.5489771E+02,  0.0000000E+00,  2.5488634E+02,2423,  2.4932239E+00,  0.0000000E+00, -1.2603474E-01,  1.0008199E+03,  4.8872406E+04,3,
  5.5582330E+02,  0.0000000E+00,  2.5513452E+02,2399,  2.4236665E+00,  0.0000000E+00,  2.6214095E-02,  1.0008296E+03,  4.9448637E+04,3,
  5.5704974E+02,  0.0000000E+00,  2.5502864E+02,2383,  2.5174663E+00,  0.0000000E+00, -2.4005982E-01,  1.0003605E+03,  2.1459850E+04,3,
  5.5794128E+02,  0.0000000E+00,  2.5501324E+02,2458,  2.5769722E+00,  0.0000000E+00, -2.1844317E-01,  1.0003878E+03,  2.3085670E+04,3,
  5.5825958E+02,  0.0000000E+00,  2.5641827E+02,2550,  2.1803181E+00,  0.0000000E+00, -2.3917414E-01,  1.0000778E+03,  4.6244565E+03,3,
  5.5894928E+02,  0.0000000E+00,  2.5483492E+02,2366,  2.6154583E+00,  0.0000000E+00, -1.4517362E-01,  1.0007026E+03,  4.1865500E+04,3,
  5.5981293E+02,  0.0000000E+00,  2.5668625E+02,2281,  2.3047037E+00,  0.0000000E+00, -2.2474778E-01,  1.0000687E+03,  4.0871245E+03,3,
  5.6045593E+02,  0.0000000E+00,  2.5481776E+02,2549,  2.6115043E+00,  0.0000000E+00, -1.0142890E-01,  1.0006951E+03,  4.1413613E+04,3,
  5.6154205E+02,  0.0000000E+00,  2.5658798E+02,2538,  2.4718714E+00,  0.0000000E+00, -1.8584435E-01,  1.0000474E+03,  2.8165234E+03,3,
  5.6173132E+02,  0.0000000E+00,  2.5496877E+02,2420,  2.5946765E+00,  0.0000000E+00, -3.0066591E-02,  1.0005272E+03,  3.1393502E+04,3,
  5.6261230E+02,  0.0000000E+00,  2.5499808E+02,2429,  2.5365794E+00,  0.0000000E+00,  6.6878289E-02,  1.0004548E+03,  2.7080422E+04,3,
  5.6336224E+02,  0.0000000E+00,  2.5651367E+02,2482,  2.6731975E+00,  0.0000000E+00, -1.9976424E-01,  9.9999457E+02, -3.2297797E+02,3,
  5.6366785E+02,  0.0000000E+00,  2.5493896E+02,2448,  2.4305668E+00,  0.0000000E+00,  1.7329098E-01,  1.0005821E+03,  3.4670508E+04,3,
  5.6502277E+02,  0.0000000E+00,  2.5487944E+02,2336,  2.5237055E+00,  0.0000000E+00,  2.2487903E-01,  1.0008118E+03,  4.8383734E+04,3,
  5.6531598E+02,  0.0000000E+00,  2.5637155E+02,2504,  3.0879538E+00,  0.0000000E+00, -3.5989538E-01,  9.9996796E+02, -1.9050549E+03,3,
  5.6640704E+02,  0.0000000E+00,  2.5523503E+02,2392,  2.8820169E+00,  0.0000000E+00,  2.7929658E-01,  1.0007198E+03,  4.2893262E+04,3,
  5.6743158E+02,  0.0000000E+00,  2.5601123E+02,2540,  3.5254469E+00,  0.0000000E+00, -6.0194087E-01,  9.9998553E+02, -8.6004156E+02,3,
  5.6719940E+02,  0.0000000E+00,  2.5528096E+02,2467,  2.4733005E+00,  0.0000000E+00,  1.9659728E-01,  1.0000278E+03,  1.6549735E+03,3,
  5.6860382E+02,  0.0000000E+00,  2.5440891E+02,2317,  2.4176664E+00,  0.0000000E+00, -1.5717795E+00,  1.0010484E+03,  6.2532164E+04,3,
  5.6941431E+02,  0.0000000E+00,  2.5562784E+02,2521,  3.2880514E+00,  0.0000000E+00, -7.7451432E-01,  1.0000540E+03,  3.2085774E+03,3,
  5.7008545E+02,  0.0000000E+00,  2.5324130E+02,2427,  1.9692214E+00,  0.0000000E+00, -1.0740533E+00,  1.0004874E+03,  2.9020166E+04,3,
  5.7092926E+02,  0.0000000E+00,  2.5537410E+02,2355,  3.4411056E+00,  0.0000000E+00, -4.4249296E-01,  1.0001177E+03,  7.0028623E+03,3,
  5.7256995E+02,  0.0000000E+00,  2.5567805E+02,2523,  3.4217601E+00,  0.0000000E+00,  4.2394879E-01,  1.0003129E+03,  1.8623486E+04,3,
  5.7158099E+02,  0.0000000E+00,  2.5271835E+02,2532,  1.6629124E+00,  0.0000000E+00, -6.6815428E-02,  1.0010641E+03,  6.3470746E+04,3,
  5.7289404E+02,  0.0000000E+00,  2.5271136E+02,2465,  1.5880077E+00,  0.0000000E+00,  2.8727764E-01,  1.0011993E+03,  7.1567430E+04,3,
  5.6984589E+02,  0.0000000E+00,  2.5248761E+02,2307, -2.7412344E-02,  0.0000000E+00, -1.2789147E-01,  1.0014312E+03,  8.5463250E+04,3,
  5.7360907E+02,  0.0000000E+00,  2.5656119E+02,2424,  2.8568480E+00,  0.0000000E+00,  5.0507337E-01,  1.0001993E+03,  1.1859485E+04,3,
  5.7428577E+02,  0.0000000E+00,  2.5325775E+02,2456,  1.8697883E+00,  0.0000000E+00,  3.3844733E-01,  1.0003495E+03,  2.0801596E+04,3,
  5.7429218E+02,  0.0000000E+00,  2.5294653E+02,2309,  1.7239516E+00,  0.0000000E+00,  3.7548393E-01,  1.0005885E+03,  3.5052895E+04,3,
  5.7507483E+02,  0.0000000E+00,  2.5652954E+02,2254,  2.7502768E+00,  0.0000000E+00,  4.1858324E-01,  1.0001208E+03,  7.1880747E+03,3,
  5.7564423E+02,  0.0000000E+00,  2.5653076E+02,2348,  2.8526967E+00,  0.0000000E+00,  3.2700497E-01,  1.0001026E+03,  6.1022690E+03,3,
  5.7566168E+02,  0.0000000E+00,  2.5286275E+02,2412,  1.6964489E+00,  0.0000000E+00,  3.3100742E-01,  1.0008000E+03,  4.7683582E+04,3,
  5.7656531E+02,  0.0000000E+00,  2.5307501E+02,2447,  1.5548184E+00,  0.0000000E+00,  4.0298706E-01,  1.0007555E+03,  4.5022008E+04,3,
  5.7741522E+02,  0.0000000E+00,  2.5589030E+02,2373,  2.8555679E+00,  0.0000000E+00,  1.9364765E-01,  1.0002410E+03,  1.4337752E+04,3,
  5.7663226E+02,  0.0000000E+00,  2.5678003E+02,2455,  2.9270706E+00,  0.0000000E+00,  1.7529994E-01,  1.0001259E+03,  7.4895068E+03,3,
  5.7741882E+02,  0.0000000E+00,  2.5301550E+02,2403,  1.7127616E+00,  0.0000000E+00,  3.2627037E-01,  1.0005336E+03,  3.1779404E+04,3,
  5.7878857E+02,  0.0000000E+00,  2.5590062E+02,2382,  3.2547665E+00,  0.0000000E+00,  3.3859918E-01,  1.0003318E+03,  1.9747025E+04,3,
  5.7879980E+02,  0.0000000E+00,  2.5264536E+02,2386,  2.4620857E+00,  0.0000000E+00,  1.6679902E-01,  1.0009347E+03,  5.5730965E+04,3,
  5.8002039E+02,  0.0000000E+00,  2.5574480E+02,2474,  3.3198385E+00,  0.0000000E+00,  4.6626645E-01,  1.0003188E+03,  1.8972533E+04,3,
  5.8022003E+02,  0.0000000E+00,  2.5343413E+02,2430,  1.3137215E+00,  0.0000000E+00,  5.5637705E-01,  1.0007269E+03,  4.3316059E+04,3,
  5.8151996E+02,  0.0000000E+00,  2.5558661E+02,2446,  3.6927183E+00,  0.0000000E+00,  1.5447825E-01,  9.9966327E+02, -2.0001117E+04,3,
  5.8116180E+02,  0.0000000E+00,  2.5406201E+02,2437,  2.0363133E+00,  0.0000000E+00,  2.1091580E+00,  9.9957397E+02, -2.5298242E+04,3,
  5.8035321E+02,  0.0000000E+00,  2.5278113E+02,2299, -2.8968152E-01,  0.0000000E+00, -6.6200532E-02,  1.0012560E+03,  7.4960047E+04,3,
  5.8342133E+02,  0.0000000E+00,  2.5496445E+02,2400,  2.5972230E+00,  0.0000000E+00, -8.7112427E-01,  1.0023887E+03,  1.4305102E+05,3,
  5.8462250E+02,  0.0000000E+00,  2.5641458E+02,2514,  2.2894216E+00,  0.0000000E+00, -3.7192854E-01,  9.9940863E+02, -3.5099305E+04,3,
  5.8397882E+02,  0.0000000E+00,  2.5455641E+02,2391,  3.1370478E+00,  0.0000000E+00,  5.6722802E-01,  1.0004861E+03,  2.8943734E+04,3,
  5.8561871E+02,  0.0000000E+00,  2.5680496E+02,2370,  3.8063092E+00,  0.0000000E+00, -1.6433367E-01,  1.0000566E+03,  3.3683074E+03,3,
  5.8531329E+02,  0.0000000E+00,  2.5543011E+02,2439,  3.4941077E+00,  0.0000000E+00, -8.3200699E-01,  1.0014596E+03,  8.7165438E+04,3,
  5.8832635E+02,  0.0000000E+00,  2.5464001E+02,2415,  5.7011552E+00,  0.0000000E+00,  6.8190354E-01,  1.0010130E+03,  6.0414277E+04,3,
  5.8749243E+02,  0.0000000E+00,  2.5542778E+02,2512,  9.7953141E-01,  0.0000000E+00, -6.6877037E-01,  9.9785114E+02, -1.2694636E+05,3,
  5.8757190E+02,  0.0000000E+00,  2.5533481E+02,2395,  2.6160614E+00,  0.0000000E+00,  6.9103664E-01,  1.0011623E+03,  6.9348961E+04,3,
  5.8973004E+02,  0.0000000E+00,  2.5623135E+02,2343,  3.1625857E+00,  0.0000000E+00,  1.7968898E-01,  1.0001794E+03,  1.0675078E+04,3,
  5.9096173E+02,  0.0000000E+00,  2.5463478E+02,2493,  1.9102570E+00,  0.0000000E+00,  3.0613941E-01,  1.0015975E+03,  9.5442539E+04,3,
  5.9231995E+02,  0.0000000E+00,  2.5534958E+02,2393,  3.8280444E+00,  0.0000000E+00, -5.7717687E-01,  9.9921692E+02, -4.6451152E+04,3,
  5.9239075E+02,  0.0000000E+00,  2.5538892E+02,2405,  3.0718799E+00,  0.0000000E+00,  1.5311287E-02,  9.9511615E+02, -2.8616356E+05,3,
  5.9171527E+02,  0.0000000E+00,  2.5566493E+02,2337,  3.3228314E+00,  0.0000000E+00,  3.7129307E-01,  1.0024083E+03,  1.4423280E+05,3,
  5.9411041E+02,  0.0000000E+00,  2.5641406E+02,2478,  2.0068104E+00,  0.0000000E+00,  3.1253618E-01,  1.0007587E+03,  4.5211578E+04,3,
  5.9451172E+02,  0.0000000E+00,  2.5463867E+02,2449,  3.6801941E+00,  0.0000000E+00, -2.1165831E-01,  1.0018649E+03,  1.1150349E+05,3,
  5.9510834E+02,  0.0000000E+00,  2.5526054E+02,2394,  2.3556926E+00,  0.0000000E+00,  4.7571087E-01,  9.9951685E+02, -2.8685756E+04,3,
  5.9663977E+02,  0.0000000E+00,  2.5496400E+02,2356,  3.3102617E+00,  0.0000000E+00, -3.4894094E-01,  9.9840686E+02, -9.4273281E+04,3,
  5.9714221E+02,  0.0000000E+00,  2.5621701E+02,2505,  3.0445936E+00,  0.0000000E+00, -2.4217482E-01,  1.0015918E+03,  9.5098141E+04,3,
  5.9770825E+02,  0.0000000E+00,  2.5480054E+02,2374,  3.1254005E+00,  0.0000000E+00, -2.8954050E-01,  9.9989246E+02, -6.3922793E+03,3,
  5.9995740E+02,  0.0000000E+00,  2.5601785E+02,2379,  3.1033471E+00,  0.0000000E+00, -5.6585801E-01,  1.0016934E+03,  1.0119659E+05,3,
  5.9858777E+02,  0.0000000E+00,  2.5483476E+02,2410,  1.9717110E+00,  0.0000000E+00, -3.8346472E-01,  9.9867664E+02, -7.8372820E+04,3,
  6.0059784E+02,  0.0000000E+00,  2.5484856E+02,2476,  3.3080845E+00,  0.0000000E+00,  3.3351916E-01,  9.9785693E+02, -1.2660602E+05,3,
  6.0198242E+02,  0.0000000E+00,  2.5451570E+02,2477,  3.6172283E+00,  0.0000000E+00, -1.4207764E-01,  1.0020099E+03,  1.2022677E+05,3,
  6.0257397E+02,  0.0000000E+00,  2.5594868E+02,2290,  3.0275660E+00,  0.0000000E+00,  1.0622783E-01,  1.0026744E+03,  1.6029447E+05,3,
  6.0297827E+02,  0.0000000E+00,  2.5537160E+02,2384,  3.2231224E+00,  0.0000000E+00, -3.2134339E-01,  9.9396252E+02, -3.5253900E+05,3,
  6.0407184E+02,  0.0000000E+00,  2.5595079E+02,2440,  3.2889471E+00,  0.0000000E+00,  1.7737158E-01,  1.0026795E+03,  1.6060423E+05,3,
  6.0569733E+02,  0.0000000E+00,  2.5502751E+02,2341,  3.6289895E+00,  0.0000000E+00,  1.5181738E+00,  9.9785382E+02, -1.2678873E+05,3,
  6.0471228E+02,  0.0000000E+00,  2.5496753E+02,2378,  2.1438556E+00,  0.0000000E+00, -1.9213729E-01,  9.9866870E+02, -7.8840852E+04,3,
  6.0719879E+02,  0.0000000E+00,  2.5536690E+02,2487,  3.3409488E+00,  0.0000000E+00, -5.2045786E-01,  1.0024843E+03,  1.4881766E+05,3,
  6.0823682E+02,  0.0000000E+00,  2.5429320E+02,2496,  3.5340486E+00,  0.0000000E+00, -1.8578583E+00,  9.9791565E+02, -1.2315894E+05,3,
  6.0832849E+02,  0.0000000E+00,  2.5624838E+02,2032,  2.8383672E+00,  0.0000000E+00, -4.6955624E-01,  1.0008429E+03,  5.0243742E+04,3,
  6.0970496E+02,  0.0000000E+00,  2.5520137E+02,2433,  3.0418756E+00,  0.0000000E+00, -6.0867441E-01,  1.0007488E+03,  4.4621012E+04,3,
  6.0988165E+02,  0.0000000E+00,  2.5331622E+02,2310,  2.5425875E+00,  0.0000000E+00, -2.0547824E+00,  9.9906561E+02, -5.5401250E+04,3,
  6.1157874E+02,  0.0000000E+00,  2.5465442E+02,2459,  3.5712783E+00,  0.0000000E+00, -8.7017912E-01,  1.0015624E+03,  9.3335992E+04,3,
  6.1403247E+02,  0.0000000E+00,  2.5456181E+02,2332,  4.8013477E+00,  0.0000000E+00, -6.6373426E-01,  1.0007048E+03,  4.1993055E+04,3,
  6.1301978E+02,  0.0000000E+00,  2.5294801E+02,2365,  3.5161746E+00,  0.0000000E+00, -3.5922194E-01,  9.9888184E+02, -6.6261133E+04,3,
  6.1383228E+02,  0.0000000E+00,  2.5305962E+02,2359,  6.3012153E-01,  0.0000000E+00, -7.2480088E-01,  9.9912665E+02, -5.1791863E+04,3,
  6.1196472E+02,  0.0000000E+00,  2.5294183E+02,2292,  2.2330127E+00,  0.0000000E+00,  1.7173086E-01,  1.0007433E+03,  4.4296578E+04,3,
  6.1060535E+02,  0.0000000E+00,  2.5290150E+02,2442,  2.5528571E-02,  0.0000000E+00,  1.3730583E-01,  1.0010082E+03,  6.0125840E+04,3,
  6.1524390E+02,  0.0000000E+00,  2.5463773E+02,2283,  4.0767226E+00,  0.0000000E+00, -5.1494890E-01,  1.0007907E+03,  4.7125688E+04,3,
  6.1554675E+02,  0.0000000E+00,  2.5233360E+02,2422,  2.1284676E+00,  0.0000000E+00, -7.8822219E-01,  1.0009861E+03,  5.8804254E+04,3,
  6.1590472E+02,  0.0000000E+00,  2.5486185E+02,2235,  3.3110106E+00,  0.0000000E+00, -7.5530343E-02,  1.0002183E+03,  1.2985894E+04,3,
  6.1645428E+02,  0.0000000E+00,  2.5256516E+02,2441,  1.0157450E+00,  0.0000000E+00, -1.3413674E+00,  1.0010605E+03,  6.3255266E+04,3,
  6.2003204E+02,  0.0000000E+00,  2.5446477E+02,2364,  3.0475280E+00,  0.0000000E+00, -1.8816143E-02,  1.0010613E+03,  6.3302746E+04,3,
  6.1853003E+02,  0.0000000E+00,  2.5314159E+02,2318,  2.5898633E+00,  0.0000000E+00,  1.1550785E+00,  1.0003962E+03,  2.3584016E+04,3,
  6.1837964E+02,  0.0000000E+00,  2.5301852E+02,2334,  2.2418282E+00,  0.0000000E+00,  9.1190428E-01,  1.0004421E+03,  2.6323553E+04,3,
  6.2089941E+02,  0.0000000E+00,  2.5438553E+02,2257,  2.7488689E+00,  0.0000000E+00, -2.5946969E-01,  1.0016563E+03,  9.8971547E+04,3,
  6.2174902E+02,  0.0000000E+00,  2.5537622E+02,2406,  4.1752024E+00,  0.0000000E+00,  3.3019799E-01,  9.9999097E+02, -5.3708112E+02,3,
  6.2157220E+02,  0.0000000E+00,  2.5280688E+02,2367,  2.1951196E+00,  0.0000000E+00,  3.9503697E-01,  9.9951880E+02, -2.8569963E+04,3,
  6.2310297E+02,  0.0000000E+00,  2.5560600E+02,2460,  4.0974236E+00,  0.0000000E+00,  4.3332127E-01,  9.9998755E+02, -7.4029346E+02,3,
  6.2256085E+02,  0.0000000E+00,  2.5282182E+02,2346,  1.8488811E+00,  0.0000000E+00,  4.9940386E-01,  1.0002128E+03,  1.2658858E+04,3,
  6.2346973E+02,  0.0000000E+00,  2.5268120E+02,2421,  2.1834223E+00,  0.0000000E+00,  8.3853686E-01,  1.0005911E+03,  3.5205855E+04,3,
  6.2459619E+02,  0.0000000E+00,  2.5479346E+02,2267,  3.4147964E+00,  0.0000000E+00,  6.8085784E-01,  1.0002635E+03,  1.5682524E+04,3,
  6.2505475E+02,  0.0000000E+00,  2.5280026E+02,2385,  3.0538840E+00,  0.0000000E+00,  8.5689873E-01,  1.0010302E+03,  6.1443953E+04,3,
  6.2632928E+02,  0.0000000E+00,  2.5512799E+02,2272,  2.9708889E+00,  0.0000000E+00,  6.6427666E-01,  1.0001427E+03,  8.4882930E+03,3,
  6.2639868E+02,  0.0000000E+00,  2.5296275E+02,2414,  3.0189576E+00,  0.0000000E+00,  3.2962433E-01,  9.9993152E+02, -4.0709294E+03,3,
  6.2759186E+02,  0.0000000E+00,  2.5473225E+02,2277,  3.1324515E+00,  0.0000000E+00,  5.0165439E-01,  1.0000175E+03,  1.0379554E+03,3,
  6.2747699E+02,  0.0000000E+00,  2.5296178E+02,2338,  2.7490530E+00,  0.0000000E+00,  2.1594803E-01,  1.0006575E+03,  3.9169047E+04,3,
  6.2831299E+02,  0.0000000E+00,  2.5289157E+02,2397,  2.5704587E+00,  0.0000000E+00, -1.5659200E-01,  1.0007712E+03,  4.5958949E+04,3,
  6.2936871E+02,  0.0000000E+00,  2.5467064E+02,2388,  3.0176563E+00,  0.0000000E+00,  2.7924603E-01,  1.0003824E+03,  2.2765576E+04,3,
  6.2968567E+02,  0.0000000E+00,  2.5275822E+02,2228,  2.2925642E+00,  0.0000000E+00, -1.9281451E-01,  1.0002466E+03,  1.4672110E+04,3,
  6.3089581E+02,  0.0000000E+00,  2.5467326E+02,2404,  2.9205399E+00,  0.0000000E+00,  9.1333739E-02,  1.0007965E+03,  4.7472090E+04,3,
  6.3083405E+02,  0.0000000E+00,  2.5294321E+02,2328,  2.2779534E+00,  0.0000000E+00,  3.2054831E-03,  9.9964691E+02, -2.0971684E+04,3,
  6.3278815E+02,  0.0000000E+00,  2.5446494E+02,2327,  2.7502089E+00,  0.0000000E+00, -1.3913213E-01,  1.0009069E+03,  5.4070617E+04,3,
  6.3228467E+02,  0.0000000E+00,  2.5273952E+02,2251,  2.3548155E+00,  0.0000000E+00,  1.6780002E-01,  1.0004255E+03,  2.5333885E+04,3,
  6.3380359E+02,  0.0000000E+00,  2.5312656E+02,2350,  2.6182144E+00,  0.0000000E+00,  1.8617624E-02,  9.9983313E+02, -9.9167881E+03,3,
  6.3448987E+02,  0.0000000E+00,  2.5482576E+02,2238,  2.9250393E+00,  0.0000000E+00, -8.3924502E-02,  1.0001821E+03,  1.0834929E+04,3,
  6.3497327E+02,  0.0000000E+00,  2.5277274E+02,2377,  2.7584093E+00,  0.0000000E+00, -1.9681633E-02,  1.0006205E+03,  3.6961410E+04,3,
  6.3594800E+02,  0.0000000E+00,  2.5441948E+02,2211,  2.7349041E+00,  0.0000000E+00, -8.4890574E-02,  9.9991333E+02, -5.1518755E+03,3,
  6.3622607E+02,  0.0000000E+00,  2.5318935E+02,2331,  2.5634668E+00,  0.0000000E+00, -7.2863601E-02,  1.0004341E+03,  2.5846898E+04,3,
  6.3733276E+02,  0.0000000E+00,  2.5493790E+02,2387,  2.9037371E+00,  0.0000000E+00, -2.1001445E-01,  9.9994299E+02, -3.3889297E+03,3,
  6.3825940E+02,  0.0000000E+00,  2.5390201E+02,2368,  2.8576701E+00,  0.0000000E+00, -4.1393325E-01,  1.0012929E+03,  7.7172453E+04,3,
  6.3785394E+02,  0.0000000E+00,  2.5265321E+02,2202,  2.4002011E+00,  0.0000000E+00, -2.0772062E-01,  1.0003446E+03,  2.0510670E+04,3,
  6.3956152E+02,  0.0000000E+00,  2.5349919E+02,2413,  2.9452047E+00,  0.0000000E+00, -1.8048206E-01,  9.9980316E+02, -1.1696696E+04,3,
  6.4028967E+02,  0.0000000E+00,  2.5283310E+02,2375,  2.6647029E+00,  0.0000000E+00, -3.7817302E-01,  1.0007538E+03,  4.4923582E+04,3,
  6.4167743E+02,  0.0000000E+00,  2.5449750E+02,2279,  3.3363686E+00,  0.0000000E+00, -5.4335244E-02,  1.0002215E+03,  1.3178485E+04,3,
  6.4160352E+02,  0.0000000E+00,  2.5305493E+02,2287,  2.4034932E+00,  0.0000000E+00, -4.9357617E-01,  1.0004393E+03,  2.6156174E+04,3,
  6.4256689E+02,  0.0000000E+00,  2.5293744E+02,2218,  2.3829818E+00,  0.0000000E+00, -5.4273093E-01,  1.0002795E+03,  1.6631244E+04,3,
  6.4352777E+02,  0.0000000E+00,  2.5320938E+02,2264,  2.4298480E+00,  0.0000000E+00, -4.8453990E-01,  1.0003101E+03,  1.8452604E+04,3,
  6.4387354E+02,  0.0000000E+00,  2.5540979E+02,2263,  2.8368497E+00,  0.0000000E+00, -7.5627320E-02,  1.0000616E+03,  3.6659932E+03,3,
  6.4473749E+02,  0.0000000E+00,  2.5515034E+02,2314,  2.7522044E+00,  0.0000000E+00, -2.4780701E-03,  9.9994568E+02, -3.2293059E+03,3,
  6.4469629E+02,  0.0000000E+00,  2.5276752E+02,2240,  2.3277957E+00,  0.0000000E+00, -4.2276227E-01,  1.0007952E+03,  4.7395516E+04,3,
  6.4587903E+02,  0.0000000E+00,  2.5538727E+02,2301,  2.5567722E+00,  0.0000000E+00,  7.9345927E-02,  9.9996100E+02, -2.3186755E+03,3,
  6.4598730E+02,  0.0000000E+00,  2.5299356E+02,2321,  2.2288017E+00,  0.0000000E+00, -3.4951821E-01,  1.0006632E+03,  3.9511527E+04,3,
  6.4687561E+02,  0.0000000E+00,  2.5525124E+02,2293,  2.3370302E+00,  0.0000000E+00,  1.3409589E-01,  9.9987006E+02, -7.7231826E+03,3,
  6.4737347E+02,  0.0000000E+00,  2.5270467E+02,2319,  2.0550961E+00,  0.0000000E+00, -1.9313064E-01,  1.0009979E+03,  5.9512488E+04,3,
  6.4841217E+02,  0.0000000E+00,  2.5560336E+02,2376,  2.3423452E+00,  0.0000000E+00, -4.5230445E-02,  9.9996307E+02, -2.1953169E+03,3,
  6.4875555E+02,  0.0000000E+00,  2.5280972E+02,2291,  2.1607587E+00,  0.0000000E+00,  3.0008564E-02,  1.0008867E+03,  5.2859281E+04,3,
  6.4936517E+02,  0.0000000E+00,  2.5537178E+02,2347,  2.4240377E+00,  0.0000000E+00, -5.4191675E-02,  9.9986450E+02, -8.0531611E+03,3,
  6.5007971E+02,  0.0000000E+00,  2.5331015E+02,2339,  2.2103329E+00,  0.0000000E+00,  9.0934560E-02,  1.0005390E+03,  3.2099787E+04,3,
  6.5090997E+02,  0.0000000E+00,  2.5581435E+02,2164,  2.7761848E+00,  0.0000000E+00, -2.4055565E-02,  1.0000150E+03,  8.8915100E+02,3,
  6.5098871E+02,  0.0000000E+00,  2.5270114E+02,2204,  2.1650057E+00,  0.0000000E+00,  3.1973779E-02,  1.0008226E+03,  4.9032871E+04,3,
  6.5177118E+02,  0.0000000E+00,  2.5503036E+02,2320,  2.5393524E+00,  0.0000000E+00,  1.8309847E-01,  9.9975800E+02, -1.4378642E+04,3,
  6.5225696E+02,  0.0000000E+00,  2.5311655E+02,2284,  2.1177392E+00,  0.0000000E+00, -7.7905133E-04,  1.0005753E+03,  3.4262645E+04,3,
  6.5341205E+02,  0.0000000E+00,  2.5525534E+02,2396,  2.4509926E+00,  0.0000000E+00,  2.9911801E-02,  9.9978021E+02, -1.3059505E+04,3,
  6.5321484E+02,  0.0000000E+00,  2.5318834E+02,2241,  2.1210988E+00,  0.0000000E+00,  1.2098069E-01,  1.0007076E+03,  4.2164344E+04,3,
  6.5440540E+02,  0.0000000E+00,  2.5276694E+02,2329,  1.9431335E+00,  0.0000000E+00,  3.0604509E-01,  1.0011377E+03,  6.7876344E+04,3,
  6.5544281E+02,  0.0000000E+00,  2.5538124E+02,2431,  2.8579035E+00,  0.0000000E+00, -1.7582008E-01,  9.9977368E+02, -1.3447291E+04,3,
  6.5579816E+02,  0.0000000E+00,  2.5298526E+02,2192,  2.3458405E+00,  0.0000000E+00,  2.6793656E-01,  1.0009075E+03,  5.4103457E+04,3,
  6.5659064E+02,  0.0000000E+00,  2.5525932E+02,2185,  2.7212913E+00,  0.0000000E+00, -2.3720330E-01,  9.9977130E+02, -1.3588630E+04,3,
  6.5705060E+02,  0.0000000E+00,  2.5294945E+02,2230,  2.7294023E+00,  0.0000000E+00, -4.6475473E-01,  1.0008596E+03,  5.1239535E+04,3,
  6.5789832E+02,  0.0000000E+00,  2.5518365E+02,2311,  2.4768302E+00,  0.0000000E+00, -1.9719779E-01,  9.9990424E+02, -5.6923047E+03,3,
  6.5821661E+02,  0.0000000E+00,  2.5284042E+02,2239,  2.5769308E+00,  0.0000000E+00, -1.4225512E+00,  1.0011057E+03,  6.5958242E+04,3,
  6.5898871E+02,  0.0000000E+00,  2.5480614E+02,2300,  2.3499525E+00,  0.0000000E+00,  5.5096839E-03,  9.9999988E+02, -7.2580471E+00,3,
  6.5962634E+02,  0.0000000E+00,  2.5343781E+02,2330,  3.2431729E+00,  0.0000000E+00,  5.2657628E-01,  1.0000304E+03,  1.8074192E+03,3,
  6.6016302E+02,  0.0000000E+00,  2.5152811E+02,2201,  1.3211840E+00,  0.0000000E+00, -1.6601421E+00,  1.0000996E+03,  5.9243389E+03,3,
  6.6187347E+02,  0.0000000E+00,  2.5469318E+02,2369,  2.2271712E+00,  0.0000000E+00,  4.0460587E-01,  1.0003486E+03,  2.0747047E+04,3,
  6.6280676E+02,  0.0000000E+00,  2.5484698E+02,2357,  1.9415455E+00,  0.0000000E+00,  1.5681149E-01,  1.0002729E+03,  1.6242295E+04,3,
  6.6351575E+02,  0.0000000E+00,  2.5499123E+02,2358,  2.0363903E+00,  0.0000000E+00,  4.5834634E-02,  1.0002276E+03,  1.3541878E+04,3,
  6.6437964E+02,  0.0000000E+00,  2.5507021E+02,2245,  2.4042692E+00,  0.0000000E+00, -1.0309339E-01,  1.0001746E+03,  1.0384448E+04,3,
  6.6522375E+02,  0.0000000E+00,  2.5412721E+02,2268,  2.0266113E+00,  0.0000000E+00, -8.2057826E-02,  1.0000879E+03,  5.2271738E+03,3,
  6.6648553E+02,  0.0000000E+00,  2.5412265E+02,2248,  2.3248093E+00,  0.0000000E+00, -1.5249659E-01,  1.0000849E+03,  5.0492598E+03,3,
  6.6723395E+02,  0.0000000E+00,  2.5475581E+02,2340,  2.5708692E+00,  0.0000000E+00, -9.5455058E-02,  1.0002473E+03,  1.4715724E+04,3,
  6.6731500E+02,  0.0000000E+00,  2.5162924E+02,2295,  1.2300726E+00,  0.0000000E+00, -1.7350280E-01,  1.0007670E+03,  4.5711035E+04,3,
  6.6856744E+02,  0.0000000E+00,  2.5492400E+02,2302,  2.3509805E+00,  0.0000000E+00,  1.2827900E-01,  1.0002194E+03,  1.3054936E+04,3,
  6.6952545E+02,  0.0000000E+00,  2.5461671E+02,2227,  2.2612422E+00,  0.0000000E+00,  2.0114003E-01,  1.0001699E+03,  1.0108357E+04,3,
  6.7048077E+02,  0.0000000E+00,  2.5509160E+02,2273,  2.1760941E+00,  0.0000000E+00,  1.0188844E-01,  1.0001855E+03,  1.1038379E+04,3,
  6.7120905E+02,  0.0000000E+00,  2.5456691E+02,2285,  2.1486242E+00,  0.0000000E+00,  8.9859419E-02,  1.0001143E+03,  6.7994951E+03,3,
  6.7220941E+02,  0.0000000E+00,  2.5464493E+02,2297,  2.1979969E+00,  0.0000000E+00,  3.0533919E-02,  1.0001478E+03,  8.7933975E+03,3,
  6.7301111E+02,  0.0000000E+00,  2.5523912E+02,2193,  2.3776615E+00,  0.0000000E+00,  1.9000294E-02,  1.0002171E+03,  1.2916852E+04,3,
  6.7246753E+02,  0.0000000E+00,  2.5183591E+02,2266,  1.6491946E+00,  0.0000000E+00,  1.9869380E-01,  1.0008189E+03,  4.8810410E+04,3,
  6.7412146E+02,  0.0000000E+00,  2.5443715E+02,2351,  2.4072149E+00,  0.0000000E+00,  1.3892886E-01,  1.0001984E+03,  1.1804985E+04,3,
  6.7529401E+02,  0.0000000E+00,  2.5518845E+02,2313,  2.4381168E+00,  0.0000000E+00,  2.5201768E-01,  1.0002563E+03,  1.5249997E+04,3,
  6.7583118E+02,  0.0000000E+00,  2.5404274E+02,2296,  2.1862857E+00,  0.0000000E+00,  3.0897969E-01,  1.0000967E+03,  5.7536743E+03,3,
  6.7696332E+02,  0.0000000E+00,  2.5468083E+02,2274,  2.1351178E+00,  0.0000000E+00,  3.8367933E-01,  1.0002767E+03,  1.6467666E+04,3,
  6.7818054E+02,  0.0000000E+00,  2.5522372E+02,2208,  2.0691860E+00,  0.0000000E+00,  2.9267702E-01,  1.0002659E+03,  1.5824281E+04,3,
  6.7876233E+02,  0.0000000E+00,  2.5440477E+02,2322,  2.0842373E+00,  0.0000000E+00,  2.6604339E-01,  1.0002256E+03,  1.3421957E+04,3,
  6.8008282E+02,  0.0000000E+00,  2.5454527E+02,2182,  2.1105711E+00,  0.0000000E+00,  5.0459094E-02,  1.0002179E+03,  1.2964091E+04,3,
  6.8102734E+02,  0.0000000E+00,  2.5451445E+02,2342,  2.1449587E+00,  0.0000000E+00, -5.4993566E-02,  1.0002155E+03,  1.2818741E+04,3,
  6.8205560E+02,  0.0000000E+00,  2.5450732E+02,2333,  2.1375597E+00,  0.0000000E+00, -9.3069807E-02,  1.0002207E+03,  1.3131246E+04,3,
  6.8305902E+02,  0.0000000E+00,  2.5469910E+02,2315,  2.1667953E+00,  0.0000000E+00, -6.1516274E-02,  1.0002261E+03,  1.3451028E+04,3,
  6.8398566E+02,  0.0000000E+00,  2.5430627E+02,2305,  2.1596739E+00,  0.0000000E+00,  6.2770359E-02,  1.0001744E+03,  1.0373550E+04,3,
  6.8498724E+02,  0.0000000E+00,  2.5475777E+02,2225,  2.1737366E+00,  0.0000000E+00, -1.8279813E-02,  1.0002352E+03,  1.3992502E+04,3,
  6.8612787E+02,  0.0000000E+00,  2.5468195E+02,2179,  2.2663333E+00,  0.0000000E+00, -2.6222287E-02,  1.0002207E+03,  1.3131246E+04,3,
  6.8712335E+02,  0.0000000E+00,  2.5450574E+02,2188,  2.2726564E+00,  0.0000000E+00, -1.8029748E-02,  1.0001891E+03,  1.1252731E+04,3,
  6.8816400E+02,  0.0000000E+00,  2.5447682E+02,2294,  2.2419224E+00,  0.0000000E+00,  1.2667873E-02,  1.0001814E+03,  1.0791333E+04,3,
  6.8915515E+02,  0.0000000E+00,  2.5457599E+02,2316,  2.2151129E+00,  0.0000000E+00,  3.6176894E-02,  1.0002036E+03,  1.2113824E+04,3,
  6.9016144E+02,  0.0000000E+00,  2.5466724E+02,2352,  2.2192581E+00,  0.0000000E+00,  2.9617056E-02,  1.0002245E+03,  1.3360180E+04,3,
  6.9141919E+02,  0.0000000E+00,  2.5482126E+02,2289,  2.2403636E+00,  0.0000000E+00,  1.0111458E-02,  1.0002380E+03,  1.4163308E+04,3,
  6.9223773E+02,  0.0000000E+00,  2.5434058E+02,2166,  2.3721161E+00,  0.0000000E+00,  7.7634603E-02,  1.0001169E+03,  6.9556514E+03,3,
  6.9361090E+02,  0.0000000E+00,  2.5489973E+02,2255,  2.2210989E+00,  0.0000000E+00,  3.6464553E-02,  1.0002197E+03,  1.3073104E+04,3,
  6.9432739E+02,  0.0000000E+00,  2.5444867E+02,2186,  2.2297966E+00,  0.0000000E+00,  7.7161036E-02,  1.0000752E+03,  4.4719673E+03,3,
  6.9540729E+02,  0.0000000E+00,  2.5446054E+02,2161,  2.1574125E+00,  0.0000000E+00,  2.9853266E-02,  1.0000701E+03,  4.1706270E+03,3,
  6.9629858E+02,  0.0000000E+00,  2.5472179E+02,2258,  2.1461983E+00,  0.0000000E+00, -5.4205485E-02,  1.0001856E+03,  1.1042012E+04,3,
  6.9718939E+02,  0.0000000E+00,  2.5447194E+02,2138,  2.2755065E+00,  0.0000000E+00,  5.2414894E-02,  1.0001339E+03,  7.9652798E+03,3,
  6.9824713E+02,  0.0000000E+00,  2.5459416E+02,2215,  2.3522382E+00,  0.0000000E+00,  1.0111332E-01,  1.0001286E+03,  7.6493062E+03,3,
  6.9924164E+02,  0.0000000E+00,  2.5471252E+02,2203,  2.4138229E+00,  0.0000000E+00,  1.1024622E-01,  1.0000940E+03,  5.5902744E+03,3,
  7.0012195E+02,  0.0000000E+00,  2.5476141E+02,2195,  2.4145408E+00,  0.0000000E+00,  5.5338264E-02,  1.0000336E+03,  1.9997944E+03,3,
  7.0090509E+02,  0.0000000E+00,  2.5475201E+02,2259,  2.3833652E+00,  0.0000000E+00, -3.2486077E-02,  9.9995984E+02, -2.3876106E+03,3,
  7.0174048E+02,  0.0000000E+00,  2.5468573E+02,2232,  2.3124545E+00,  0.0000000E+00, -1.5752524E-01,  9.9989062E+02, -6.5010791E+03,3,
  7.0241510E+02,  0.0000000E+00,  2.5209526E+02,2262,  3.1492603E+00,  0.0000000E+00,  1.8609239E+00,  1.0017804E+03,  1.0642575E+05,3,
  7.0270624E+02,  0.0000000E+00,  2.5466483E+02,2256,  2.3590283E+00,  0.0000000E+00, -4.2309532E-01,  9.9991882E+02, -4.8254277E+03,3,
  7.0482501E+02,  0.0000000E+00,  2.5295221E+02,2176,  3.9447737E+00,  0.0000000E+00, -3.1118309E-01,  1.0020509E+03,  1.2269534E+05,3,
  7.0384070E+02,  0.0000000E+00,  2.5422876E+02,2265,  2.2664216E+00,  0.0000000E+00, -8.6235076E-01,  1.0000323E+03,  1.9235698E+03,3,
  7.0519379E+02,  0.0000000E+00,  2.5368582E+02,2286,  2.7745399E+00,  0.0000000E+00, -8.3910215E-01,  9.9843652E+02, -9.2526211E+04,3,
  7.0783160E+02,  0.0000000E+00,  2.5330650E+02,2187,  3.1808341E+00,  0.0000000E+00, -8.9327462E-02,  1.0007061E+03,  4.2073230E+04,3,
  7.0662036E+02,  0.0000000E+00,  2.5399974E+02,2298,  2.7131886E+00,  0.0000000E+00, -4.0898272E-01,  1.0005013E+03,  2.9850041E+04,3,
  7.0677051E+02,  0.0000000E+00,  2.5290906E+02,2280,  2.9251764E+00,  0.0000000E+00, -6.4199394E-01,  9.9988971E+02, -6.5554785E+03,3,
  7.0861536E+02,  0.0000000E+00,  2.5271381E+02,2117,  2.9289365E+00,  0.0000000E+00, -2.2336136E-01,  1.0020247E+03,  1.2111569E+05,3,
  7.0971051E+02,  0.0000000E+00,  2.5325502E+02,2288,  3.3384922E+00,  0.0000000E+00,  9.2575723E-01,  9.9902338E+02, -5.7898172E+04,3,
  7.1089075E+02,  0.0000000E+00,  2.5326796E+02,2224,  2.5494230E+00,  0.0000000E+00, -9.9280596E-02,  1.0006117E+03,  3.6436898E+04,3,
  7.1187360E+02,  0.0000000E+00,  2.5324953E+02,2231,  2.9763839E+00,  0.0000000E+00, -3.9419934E-01,  1.0005723E+03,  3.4087852E+04,3,
  7.1194031E+02,  0.0000000E+00,  2.5263077E+02,2194,  3.0516272E+00,  0.0000000E+00, -1.3786991E-01,  1.0008391E+03,  5.0013957E+04,3,
  7.1231073E+02,  0.0000000E+00,  2.5385768E+02,2132,  2.7261696E+00,  0.0000000E+00, -9.7031228E-02,  9.9999005E+02, -5.9151343E+02,3,
  7.1393439E+02,  0.0000000E+00,  2.5305428E+02,2153,  3.1497402E+00,  0.0000000E+00, -3.9345145E-01,  1.0015984E+03,  9.5493836E+04,3,
  7.1524683E+02,  0.0000000E+00,  2.5295943E+02,2147,  2.9200935E+00,  0.0000000E+00,  5.0695087E-03,  1.0015484E+03,  9.2493500E+04,3,
  7.1524182E+02,  0.0000000E+00,  2.5305299E+02,2162,  2.8844223E+00,  0.0000000E+00,  3.3450767E-01,  9.9942572E+02, -3.4086723E+04,3,
  7.1629163E+02,  0.0000000E+00,  2.5368025E+02,2165,  2.8067293E+00,  0.0000000E+00, -3.8291335E-01,  1.0000482E+03,  2.8673445E+03,3,
  7.1704742E+02,  0.0000000E+00,  2.5293901E+02,2214,  2.8211432E+00,  0.0000000E+00, -3.9696795E-01,  9.9935571E+02, -3.8234023E+04,3,
  7.1909589E+02,  0.0000000E+00,  2.5303424E+02,2148,  3.9816439E+00,  0.0000000E+00,  2.8703764E-01,  1.0012432E+03,  7.4195875E+04,3,
  7.1787982E+02,  0.0000000E+00,  2.5274492E+02,2171,  2.7707410E+00,  0.0000000E+00, -7.4485815E-01,  1.0024732E+03,  1.4814730E+05,3,
  7.1893469E+02,  0.0000000E+00,  2.5346326E+02,2151,  3.2473676E+00,  0.0000000E+00, -5.2990481E-02,  1.0000219E+03,  1.3029056E+03,3,
  7.2121667E+02,  0.0000000E+00,  2.5310161E+02,2270,  2.9966338E+00,  0.0000000E+00,  2.8031129E-01,  1.0004479E+03,  2.6665592E+04,3,
  7.2218628E+02,  0.0000000E+00,  2.5271985E+02,2250,  2.6917882E+00,  0.0000000E+00,  2.2392927E-01,  1.0006355E+03,  3.7857520E+04,3,
  7.2383472E+02,  0.0000000E+00,  2.5265057E+02,2219,  1.7677679E+00,  0.0000000E+00,  3.6023000E-01,  1.0005231E+03,  3.1153230E+04,3,
  7.2473029E+02,  0.0000000E+00,  2.5191975E+02,2212,  2.1510272E+00,  0.0000000E+00,  3.6959469E-01,  1.0005477E+03,  3.2620432E+04,3,
  7.2650659E+02,  0.0000000E+00,  2.5388397E+02,2229,  2.5452573E+00,  0.0000000E+00,  8.5455132E-01,  1.0000473E+03,  2.8128936E+03,3,
  7.2676086E+02,  0.0000000E+00,  2.5389769E+02,2119,  2.4106960E+00,  0.0000000E+00,  7.7740347E-01,  1.0000391E+03,  2.3228481E+03,3,
  7.2792554E+02,  0.0000000E+00,  2.5428391E+02,2223,  2.0420012E+00,  0.0000000E+00,  3.6763832E-01,  1.0001266E+03,  7.5294565E+03,3,
  7.2879639E+02,  0.0000000E+00,  2.5433168E+02,2220,  2.4257038E+00,  0.0000000E+00,  1.0987344E-01,  1.0001272E+03,  7.5657744E+03,3,
  7.3013934E+02,  0.0000000E+00,  2.5424567E+02,2226,  3.2914619E+00,  0.0000000E+00, -2.1150030E-01,  1.0000976E+03,  5.8045103E+03,3,
  7.3164508E+02,  0.0000000E+00,  2.5400372E+02,2127,  3.4798944E+00,  0.0000000E+00,  1.1419494E-01,  1.0001130E+03,  6.7196021E+03,3,
  7.3277112E+02,  0.0000000E+00,  2.5364627E+02,2207,  3.2095604E+00,  0.0000000E+00,  5.3301179E-01,  1.0000568E+03,  3.3791982E+03,3,
  7.3391168E+02,  0.0000000E+00,  2.5328928E+02,2177,  2.7061560E+00,  0.0000000E+00,  7.6248103E-01,  1.0000428E+03,  2.5479031E+03,3,
  7.3542908E+02,  0.0000000E+00,  2.5363007E+02,2101,  2.6550655E+00,  0.0000000E+00,  5.6922740E-01,  1.0001954E+03,  1.1626953E+04,3,
  7.3668439E+02,  0.0000000E+00,  2.5394281E+02,2242,  2.5410504E+00,  0.0000000E+00,  4.7268379E-01,  1.0002314E+03,  1.3770821E+04,3,
  7.3798621E+02,  0.0000000E+00,  2.5429347E+02,2213,  2.4873624E+00,  0.0000000E+00,  3.9168510E-01,  1.0001707E+03,  1.0155583E+04,3,
  7.4100562E+02,  0.0000000E+00,  2.5182185E+02,2111,  1.1058311E+00,  0.0000000E+00,  1.2824142E+00,  1.0006308E+03,  3.7577023E+04,3,
  7.3820245E+02,  0.0000000E+00,  2.5383942E+02,2124,  2.3661151E+00,  0.0000000E+00,  4.0639764E-01,  1.0001099E+03,  6.5343979E+03,3,
  7.4001959E+02,  0.0000000E+00,  2.5432605E+02,2271,  2.3441164E+00,  0.0000000E+00,  2.0276153E-01,  1.0000745E+03,  4.4283994E+03,3,
  7.4118945E+02,  0.0000000E+00,  2.5393394E+02,2125,  2.9271085E+00,  0.0000000E+00, -4.3721192E-02,  1.0001343E+03,  7.9907036E+03,3,
  7.4286633E+02,  0.0000000E+00,  2.5409137E+02,2205,  3.0384984E+00,  0.0000000E+00,  4.9608728E-01,  1.0006844E+03,  4.0775898E+04,3,
  7.4397906E+02,  0.0000000E+00,  2.5277054E+02,2152,  1.0794218E+00,  0.0000000E+00,  2.6969403E-01,  1.0012723E+03,  7.5940023E+04,3,
  7.4407959E+02,  0.0000000E+00,  2.5455139E+02,2167,  1.8948588E+00,  0.0000000E+00, -1.2017303E-02,  1.0005070E+03,  3.0192203E+04,3,
  7.4433344E+02,  0.0000000E+00,  2.5342354E+02,2107,  2.6628125E+00,  0.0000000E+00, -3.2418290E-01,  9.9682977E+02, -1.8671191E+05,3,
  7.4648376E+02,  0.0000000E+00,  2.5387045E+02,2154,  2.4384043E+00,  0.0000000E+00, -7.7411544E-01,  1.0008792E+03,  5.2414191E+04,3,
  7.4535754E+02,  0.0000000E+00,  2.5288962E+02,2113,  2.6579680E+00,  0.0000000E+00, -3.7141734E-01,  1.0015707E+03,  9.3834195E+04,3,
  7.4621118E+02,  0.0000000E+00,  2.5311505E+02,2170,  1.5224503E+00,  0.0000000E+00, -1.2466731E+00,  9.9969818E+02, -1.7929287E+04,3,
  7.4825647E+02,  0.0000000E+00,  2.5311536E+02,2244,  2.0574312E+00,  0.0000000E+00, -4.2960981E-01,  9.9933386E+02, -3.9528113E+04,3,
  7.4942554E+02,  0.0000000E+00,  2.5275356E+02,2198,  2.2845273E+00,  0.0000000E+00, -1.1457816E+00,  1.0013705E+03,  8.1825578E+04,3,
  7.4951208E+02,  0.0000000E+00,  2.5316093E+02,2190,  2.0363450E+00,  0.0000000E+00, -1.2511028E+00,  1.0004318E+03,  2.5708637E+04,3,
  7.5165491E+02,  0.0000000E+00,  2.5408896E+02,2095,  2.0395164E+00,  0.0000000E+00, -4.7255397E-01,  1.0007457E+03,  4.4435102E+04,3,
  7.5201154E+02,  0.0000000E+00,  2.5319814E+02,2122,  1.4164810E+00,  0.0000000E+00, -7.3478878E-01,  9.9860449E+02, -8.2627461E+04,3,
  7.5155280E+02,  0.0000000E+00,  2.5325771E+02,2123,  2.4536119E+00,  0.0000000E+00, -5.2452874E-01,  9.9923273E+02, -4.5515598E+04,3,
  7.5343433E+02,  0.0000000E+00,  2.5227927E+02,2189,  3.1311960E+00,  0.0000000E+00, -2.6222205E-01,  1.0024568E+03,  1.4716023E+05,3,
  7.5361560E+02,  0.0000000E+00,  2.5388068E+02,2158,  1.4434292E+00,  0.0000000E+00, -9.4967574E-02,  1.0004694E+03,  2.7950168E+04,3,
  7.5431665E+02,  0.0000000E+00,  2.5355206E+02,2116,  1.8954314E+00,  0.0000000E+00,  5.1281571E-02,  9.9926971E+02, -4.3326270E+04,3,
  7.5645062E+02,  0.0000000E+00,  2.5285580E+02,2102,  1.9334846E+00,  0.0000000E+00, -5.2842927E-01,  1.0008947E+03,  5.3340879E+04,3,
  7.5696057E+02,  0.0000000E+00,  2.5358713E+02,2105,  2.0808060E+00,  0.0000000E+00, -2.5894624E-01,  9.9918835E+02, -4.8141426E+04,3,
  7.5766736E+02,  0.0000000E+00,  2.5311530E+02,2121,  1.9719939E+00,  0.0000000E+00, -7.7390516E-01,  1.0031381E+03,  1.8834842E+05,3,
  7.5769257E+02,  0.0000000E+00,  2.5315460E+02,2133,  1.5749235E+00,  0.0000000E+00,  8.1936635E-02,  9.9825641E+02, -1.0312965E+05,3,
  7.5856952E+02,  0.0000000E+00,  2.5299831E+02,2135,  1.9619265E+00,  0.0000000E+00, -3.1801334E-01,  1.0001714E+03,  1.0195543E+04,3,
  7.6056750E+02,  0.0000000E+00,  2.5334991E+02,2139,  1.8680228E+00,  0.0000000E+00, -2.3402032E-01,  1.0011257E+03,  6.7156555E+04,3,
  7.6086737E+02,  0.0000000E+00,  2.5279657E+02,2128,  2.2934296E+00,  0.0000000E+00,  4.3366364E-01,  1.0001671E+03,  9.9376201E+03,3,
  7.6125024E+02,  0.0000000E+00,  2.5307191E+02,2149,  1.8450849E+00,  0.0000000E+00, -6.7195864E-03,  9.9985205E+02, -8.7928525E+03,3,
  7.6258502E+02,  0.0000000E+00,  2.5301965E+02,2156,  1.8965895E+00,  0.0000000E+00,  3.7662491E-01,  9.9955859E+02, -2.6210379E+04,3,
  7.6344385E+02,  0.0000000E+00,  2.5318922E+02,2175,  2.2206995E+00,  0.0000000E+00, -3.6919820E-01,  1.0016631E+03,  9.9378398E+04,3,
  7.6562299E+02,  0.0000000E+00,  2.5309579E+02,2108,  2.0654864E+00,  0.0000000E+00, -4.0364182E-01,  1.0004781E+03,  2.8466955E+04,3,
  7.6562762E+02,  0.0000000E+00,  2.5317705E+02,2159,  1.9457324E+00,  0.0000000E+00,  2.2564007E-01,  1.0001502E+03,  8.9350557E+03,3,
  7.6601404E+02,  0.0000000E+00,  2.5316577E+02,2078,  1.9060652E+00,  0.0000000E+00,  5.0436858E-02,  9.9974390E+02, -1.5215694E+04,3,
  7.6768341E+02,  0.0000000E+00,  2.5395694E+02,2076,  2.1623852E+00,  0.0000000E+00, -4.9442079E-02,  1.0006451E+03,  3.8433113E+04,3,
  7.6814734E+02,  0.0000000E+00,  2.5323170E+02,2093,  1.7975775E+00,  0.0000000E+00,  1.3120514E-01,  9.9957550E+02, -2.5207748E+04,3,
  7.6893915E+02,  0.0000000E+00,  2.5379884E+02,2090,  2.0699313E+00,  0.0000000E+00, -2.1084093E-01,  1.0001780E+03,  1.0591521E+04,3,
  7.6854492E+02,  0.0000000E+00,  2.5267711E+02,2131,  2.0724545E+00,  0.0000000E+00,  1.9823007E-01,  1.0008240E+03,  4.9113105E+04,3,
  7.7048981E+02,  0.0000000E+00,  2.5306441E+02,2118,  2.2396297E+00,  0.0000000E+00, -1.6219492E-01,  1.0001596E+03,  9.4944453E+03,3,
  7.7101996E+02,  0.0000000E+00,  2.5328326E+02,2092,  2.1987929E+00,  0.0000000E+00,  4.8388994E-01,  9.9999658E+02, -2.0322331E+02,3,
  7.7142554E+02,  0.0000000E+00,  2.5317647E+02,2199,  2.2144833E+00,  0.0000000E+00,  6.3998159E-03,  1.0009514E+03,  5.6730961E+04,3,
  7.7338812E+02,  0.0000000E+00,  2.5281416E+02,2178,  1.6711882E+00,  0.0000000E+00, -2.2321512E-01,  1.0016212E+03,  9.6860594E+04,3,
  7.7403510E+02,  0.0000000E+00,  2.5356824E+02,2030,  2.0895941E+00,  0.0000000E+00, -4.0229258E-01,  9.9953583E+02, -2.7560332E+04,3,
  7.7509155E+02,  0.0000000E+00,  2.5287579E+02,2084,  1.8203720E+00,  0.0000000E+00, -3.5415190E-01,  1.0014304E+03,  8.5415672E+04,3,
  7.7533807E+02,  0.0000000E+00,  2.5298953E+02,2070,  2.3369646E+00,  0.0000000E+00,  1.8660435E-02,  1.0005436E+03,  3.2372850E+04,3,
  7.7602985E+02,  0.0000000E+00,  2.5355327E+02,2137,  1.9302114E+00,  0.0000000E+00, -4.5576930E-01,  1.0001485E+03,  8.8333516E+03,3,
  7.7750879E+02,  0.0000000E+00,  2.5326498E+02,2129,  2.0796402E+00,  0.0000000E+00, -4.8901403E-01,  9.9998785E+02, -7.2214966E+02,3,
  7.7781903E+02,  0.0000000E+00,  2.5307687E+02,2089,  2.2397392E+00,  0.0000000E+00, -6.1249858E-01,  1.0002903E+03,  1.7274680E+04,3,
  7.7955945E+02,  0.0000000E+00,  2.5268286E+02,2109,  2.3726599E+00,  0.0000000E+00, -4.1202655E-01,  1.0022178E+03,  1.3274483E+05,3,
  7.8020404E+02,  0.0000000E+00,  2.5190109E+02,2075,  1.7025782E+00,  0.0000000E+00, -2.8668469E-01,  1.0010638E+03,  6.3456141E+04,3,
  7.8185919E+02,  0.0000000E+00,  2.5211241E+02,2134,  4.9249187E+00,  0.0000000E+00, -7.3960531E-01,  9.9990503E+02, -5.6451543E+03,3,
  7.8618109E+02,  0.0000000E+00,  2.5173677E+02,2145,  1.8126904E+00,  0.0000000E+00,  6.3504452E-01,  1.0008116E+03,  4.8372793E+04,3,
  7.8640875E+02,  0.0000000E+00,  2.5175656E+02,2097,  1.8666704E+00,  0.0000000E+00,  3.2154587E-01,  9.9987683E+02, -7.3206670E+03,3,
  7.8489832E+02,  0.0000000E+00,  2.5200771E+02,2140,  1.0346144E+00,  0.0000000E+00,  7.3349863E-01,  1.0003392E+03,  2.0187023E+04,3,
  7.8944354E+02,  0.0000000E+00,  2.5229382E+02,2126,  1.8768227E+00,  0.0000000E+00, -2.8408885E-01,  9.9915729E+02, -4.9979449E+04,3,
  7.9126672E+02,  0.0000000E+00,  2.5253177E+02,2088,  1.8586915E+00,  0.0000000E+00, -1.7866485E-01,  1.0007604E+03,  4.5317301E+04,3,
  7.9263385E+02,  0.0000000E+00,  2.5200154E+02,2099,  1.9654368E+00,  0.0000000E+00, -5.5820131E-01,  9.9947015E+02, -3.1453533E+04,3,
  7.9410583E+02,  0.0000000E+00,  2.5214816E+02,2110,  2.3271823E+00,  0.0000000E+00, -2.4766241E-01,  1.0002921E+03,  1.7380105E+04,3,
  8.0291016E+02,  0.0000000E+00,  2.5153920E+02,2034,  2.3162501E+00,  0.0000000E+00,  6.0519195E-01,  9.9880444E+02, -7.0830891E+04,3,
  8.0040790E+02,  0.0000000E+00,  2.5176619E+02,2086,  1.8790733E+00,  0.0000000E+00, -3.7100950E-01,  1.0012519E+03,  7.4715070E+04,3,
  8.0550989E+02,  0.0000000E+00,  2.5240880E+02,2091,  2.2279055E+00,  0.0000000E+00,  8.9888453E-02,  9.9956879E+02, -2.5605918E+04,3,
  8.0992670E+02,  0.0000000E+00,  2.5172469E+02,2087,  1.7493987E+00,  0.0000000E+00, -2.3359959E-01,  1.0013138E+03,  7.8426969E+04,3,
  8.0692029E+02,  0.0000000E+00,  2.5214319E+02,2056,  2.1291485E+00,  0.0000000E+00,  1.9282715E-01,  1.0002633E+03,  1.5667985E+04,3,
  8.1507208E+02,  0.0000000E+00,  2.5147566E+02,2077,  2.2120402E+00,  0.0000000E+00,  4.4984752E-01,  1.0023274E+03,  1.3935194E+05,3,
  8.1287689E+02,  0.0000000E+00,  2.5209242E+02,2033,  1.6475639E+00,  0.0000000E+00, -5.7390046E-01,  9.9959406E+02, -2.4107270E+04,3,
  8.1757068E+02,  0.0000000E+00,  2.5171310E+02,2057,  1.3319168E+00,  0.0000000E+00,  3.8261518E-01,  9.9526611E+02, -2.7750125E+05,3,
  8.2105463E+02,  0.0000000E+00,  2.5187978E+02,2074,  2.7974210E+00,  0.0000000E+00,  1.4497635E+00,  9.9431555E+02, -3.3227612E+05,3,
  8.2181097E+02,  0.0000000E+00,  2.5255582E+02,2035,  7.5179446E-01,  0.0000000E+00,  1.4668248E+00,  1.0033182E+03,  1.9927048E+05,3,
  8.2336237E+02,  0.0000000E+00,  2.5300842E+02,2031,  1.7976321E+00,  0.0000000E+00, -6.2268430E-01,  9.9645947E+02, -2.0828966E+05,3,
  8.2302527E+02,  0.0000000E+00,  2.5312195E+02,2052,  1.6519680E+00,  0.0000000E+00, -2.3668306E-01,  1.0029280E+03,  1.7562828E+05,3,
  8.2580188E+02,  0.0000000E+00,  2.5298758E+02,2060,  3.1436532E+00,  0.0000000E+00, -6.0464770E-01,  1.0007013E+03,  4.1785324E+04,3,
  8.2554578E+02,  0.0000000E+00,  2.5326843E+02,2029,  1.4866090E+00,  0.0000000E+00, -1.0825825E+00,  1.0004996E+03,  2.9751764E+04,3,
  8.2580450E+02,  0.0000000E+00,  2.5302126E+02,2069,  2.3047514E+00,  0.0000000E+00, -1.0037067E+00,  9.9816040E+02, -1.0877702E+05,3,
  8.2751996E+02,  0.0000000E+00,  2.5306784E+02,2043,  1.5859641E+00,  0.0000000E+00, -5.1748961E-01,  1.0029136E+03,  1.7475670E+05,3,
  8.2945349E+02,  0.0000000E+00,  2.5335759E+02,2044,  1.7950102E+00,  0.0000000E+00, -6.6353685E-01,  1.0012395E+03,  7.3972852E+04,3,
  8.2911389E+02,  0.0000000E+00,  2.5303748E+02,2038,  1.8382090E+00,  0.0000000E+00, -1.8217343E+00,  9.9344348E+02, -3.8225244E+05,3,
  8.2988434E+02,  0.0000000E+00,  2.5307806E+02,2054,  2.4900217E+00,  0.0000000E+00,  3.3007270E-01,  9.9964618E+02, -2.1015141E+04,3,
  8.2963495E+02,  0.0000000E+00,  2.5273462E+02,2048,  2.5342054E+00,  0.0000000E+00, -2.8721076E-01,  1.0021848E+03,  1.3075546E+05,3,
  8.3321930E+02,  0.0000000E+00,  2.5309143E+02,2040,  1.8562554E+00,  0.0000000E+00,  4.0023103E-01,  1.0008080E+03,  4.8161285E+04,3,
  8.3336615E+02,  0.0000000E+00,  2.5332820E+02,2042,  1.4525313E+00,  0.0000000E+00, -7.0252188E-02,  1.0009214E+03,  5.4939074E+04,3,
  8.3353339E+02,  0.0000000E+00,  2.5306374E+02,2039,  1.9445722E+00,  0.0000000E+00,  4.2757714E-01,  1.0009875E+03,  5.8891867E+04,3,
  8.3389594E+02,  0.0000000E+00,  2.5305864E+02,2047,  2.2173097E+00,  0.0000000E+00,  3.8730204E-01,  9.9702148E+02, -1.7552180E+05,3,
  8.3639117E+02,  0.0000000E+00,  2.5354720E+02,2051,  2.8266387E+00,  0.0000000E+00, -9.0868342E-01,  1.0006888E+03,  4.1041910E+04,3,
  8.3644922E+02,  0.0000000E+00,  2.5299959E+02,2061,  1.8975018E+00,  0.0000000E+00,  4.9165078E-02,  9.9861206E+02, -8.2181203E+04,3,
  8.3653400E+02,  0.0000000E+00,  2.5289351E+02,2064,  1.9264830E+00,  0.0000000E+00, -2.2890238E-02,  1.0005739E+03,  3.4182531E+04,3,
  8.3670935E+02,  0.0000000E+00,  2.5303067E+02,2045,  2.0586288E+00,  0.0000000E+00,  1.6928051E-01,  1.0001378E+03,  8.1977266E+03,3,
 -3.9311273E+02,  0.0000000E+00,  2.6413281E+02,3811,  3.7074946E-02,  0.0000000E+00, -8.0664009E-03,  1.0002392E+03,  1.4232358E+04,3,
 -3.9639844E+02,  0.0000000E+00,  2.6430148E+02,3820,  5.8015082E-03,  0.0000000E+00, -3.6700540E-03,  1.0004769E+03,  2.8397807E+04,3,
 -3.9447430E+02,  0.0000000E+00,  2.6476175E+02,3815, -7.2956719E-03,  0.0000000E+00, -5.8714040E-03,  1.0008431E+03,  5.0258332E+04,3,
 -3.9681186E+02,  0.0000000E+00,  2.6488702E+02,3821, -4.4756345E-03,  0.0000000E+00, -2.9915382E-04,  1.0005748E+03,  3.4233512E+04,3,
 -3.9096652E+02,  0.0000000E+00,  2.6400867E+02,3802,  1.1651134E-02,  0.0000000E+00,  8.8557582E-03,  9.9986285E+02, -8.1510645E+03,3,
 -3.8785080E+02,  0.0000000E+00,  2.6392017E+02,3793, -1.2513093E-02,  0.0000000E+00,  2.3414781E-03,  1.0002353E+03,  1.3999770E+04,3,
 -3.8498215E+02,  0.0000000E+00,  2.6389941E+02,3784,  4.6187015E-03,  0.0000000E+00, -3.7840500E-03,  1.0000877E+03,  5.2162812E+03,3,
 -3.8877405E+02,  0.0000000E+00,  2.6484894E+02,3803, -1.9994544E-02,  0.0000000E+00, -1.5449957E-02,  1.0010062E+03,  6.0009008E+04,3,
 -3.8201157E+02,  0.0000000E+00,  2.6386783E+02,3775,  4.0459692E-02,  0.0000000E+00,  2.8734906E-03,  1.0002214E+03,  1.3171218E+04,3,
 -3.7883173E+02,  0.0000000E+00,  2.6378366E+02,3766, -1.3358803E-02,  0.0000000E+00,  5.2219112E-03,  1.0001628E+03,  9.6833369E+03,3,
 -3.8032980E+02,  0.0000000E+00,  2.6473383E+02,3788,  1.2858723E-02,  0.0000000E+00,  2.6174005E-02,  1.0009362E+03,  5.5822203E+04,3,
 -3.7741089E+02,  0.0000000E+00,  2.6470142E+02,3776,  1.8708235E-02,  0.0000000E+00, -2.9678667E-02,  1.0009022E+03,  5.3789660E+04,3,
 -3.8375549E+02,  0.0000000E+00,  2.6482675E+02,3785,  8.9674499E-03,  0.0000000E+00, -3.0947974E-02,  1.0011241E+03,  6.7065219E+04,3,
 -3.7473041E+02,  0.0000000E+00,  2.6374838E+02,3757,  4.4956412E-02,  0.0000000E+00,  4.9844729E-03,  9.9994226E+02, -3.4324629E+03,3,
 -3.7078683E+02,  0.0000000E+00,  2.6376776E+02,3748,  3.0120036E-03,  0.0000000E+00, -4.8084324E-03,  1.0001226E+03,  7.2933936E+03,3,
 -3.7577029E+02,  0.0000000E+00,  2.6467126E+02,3777,  5.3384702E-04,  0.0000000E+00, -2.3322189E-02,  1.0011114E+03,  6.6301648E+04,3,
 -3.7198236E+02,  0.0000000E+00,  2.6450546E+02,3767,  5.9303702E-03,  0.0000000E+00,  1.1354753E-02,  1.0007822E+03,  4.6618867E+04,3,
 -3.6766327E+02,  0.0000000E+00,  2.6382571E+02,3739,  7.0888907E-02,  0.0000000E+00, -6.3185105E-03,  1.0001477E+03,  8.7861328E+03,3,
 -3.6459409E+02,  0.0000000E+00,  2.6438211E+02,3740,  5.3032525E-02,  0.0000000E+00,  5.1393337E-03,  1.0002871E+03,  1.7085645E+04,3,
 -3.6644446E+02,  0.0000000E+00,  2.6442236E+02,3750,  1.5044986E-02,  0.0000000E+00,  1.0683849E-02,  1.0005851E+03,  3.4848953E+04,3,
 -3.6292578E+02,  0.0000000E+00,  2.6382645E+02,3730,  3.9778959E-02,  0.0000000E+00, -7.0187333E-03,  1.0000005E+03,  3.2661278E+01,3,
 -3.5988907E+02,  0.0000000E+00,  2.6384326E+02,3721,  1.1632312E-01,  0.0000000E+00, -2.4515418E-03,  1.0002084E+03,  1.2397238E+04,3,
 -3.5827005E+02,  0.0000000E+00,  2.6465704E+02,3731,  1.0038709E-01,  0.0000000E+00,  1.6929558E-03,  1.0008432E+03,  5.0261980E+04,3,
 -3.6072272E+02,  0.0000000E+00,  2.6497253E+02,3741,  8.0627613E-02,  0.0000000E+00, -3.6442362E-02,  1.0012141E+03,  7.2452031E+04,3,
 -3.5662177E+02,  0.0000000E+00,  2.6379053E+02,3712,  9.0587080E-02,  0.0000000E+00,  8.0251694E-03,  1.0002287E+03,  1.3607289E+04,3,
 -3.5449899E+02,  0.0000000E+00,  2.6432809E+02,3722,  4.7506690E-02,  0.0000000E+00,  1.5803905E-02,  1.0005556E+03,  3.3090129E+04,3,
 -3.5251324E+02,  0.0000000E+00,  2.6370444E+02,3703,  3.7977222E-02,  0.0000000E+00, -6.2588230E-04,  1.0003301E+03,  1.9648848E+04,3,
 -3.4974112E+02,  0.0000000E+00,  2.6430670E+02,3723,  5.2703906E-02,  0.0000000E+00, -1.0183347E-02,  1.0005771E+03,  3.4371891E+04,3,
 -3.4818198E+02,  0.0000000E+00,  2.6376450E+02,3694,  9.1535866E-02,  0.0000000E+00,  1.4164755E-03,  1.0003471E+03,  2.0659768E+04,3,
 -3.4469998E+02,  0.0000000E+00,  2.6376135E+02,3685,  8.5273802E-02,  0.0000000E+00, -1.2906101E-03,  1.0000753E+03,  4.4792285E+03,3,
 -3.4520825E+02,  0.0000000E+00,  2.6468073E+02,3713,  1.6771153E-01,  0.0000000E+00, -2.1726260E-02,  1.0013228E+03,  7.8961016E+04,3,
 -3.4242264E+02,  0.0000000E+00,  2.6439581E+02,3704,  1.9665726E-01,  0.0000000E+00, -2.0287160E-02,  1.0005635E+03,  3.3559848E+04,3,
 -3.3941196E+02,  0.0000000E+00,  2.6386624E+02,3676,  2.3522827E-01,  0.0000000E+00,  7.3194141E-03,  1.0004136E+03,  2.4624441E+04,3,
 -3.3642474E+02,  0.0000000E+00,  2.6381497E+02,3667,  1.4227721E-01,  0.0000000E+00,  1.8453797E-02,  1.0002954E+03,  1.7580055E+04,3,
 -3.3736099E+02,  0.0000000E+00,  2.6475278E+02,3686,  1.4408615E-01,  0.0000000E+00,  2.2408709E-02,  1.0005322E+03,  3.1692029E+04,3,
 -3.4114713E+02,  0.0000000E+00,  2.6433374E+02,3705,  1.1951707E-01,  0.0000000E+00, -2.2436481E-02,  1.0004188E+03,  2.4930041E+04,3,
 -3.3324530E+02,  0.0000000E+00,  2.6380832E+02,3658,  1.1966460E-01,  0.0000000E+00, -6.1629456E-03,  1.0001975E+03,  1.1750485E+04,3,
 -3.3179214E+02,  0.0000000E+00,  2.6480695E+02,3677,  1.0097256E-01,  0.0000000E+00,  8.3449520E-03,  1.0009911E+03,  5.9103605E+04,3,
 -3.3013977E+02,  0.0000000E+00,  2.6381659E+02,3649,  1.4487809E-01,  0.0000000E+00,  2.4755676E-03,  1.0001124E+03,  6.6832876E+03,3,
 -3.3426233E+02,  0.0000000E+00,  2.6489548E+02,3696,  1.5438940E-01,  0.0000000E+00, -8.6679952E-03,  1.0008347E+03,  4.9751352E+04,3,
 -3.2787762E+02,  0.0000000E+00,  2.6456259E+02,3678,  1.3909088E-01,  0.0000000E+00, -2.8805144E-03,  1.0007823E+03,  4.6626160E+04,3,
 -3.2655566E+02,  0.0000000E+00,  2.6377509E+02,3640,  9.5215656E-02,  0.0000000E+00,  9.1026518E-03,  1.0002019E+03,  1.2012088E+04,3,
 -3.2412048E+02,  0.0000000E+00,  2.6453857E+02,3668,  1.7026411E-01,  0.0000000E+00, -1.6367443E-02,  1.0007916E+03,  4.7180383E+04,3,
 -3.2280365E+02,  0.0000000E+00,  2.6375833E+02,3631,  6.5625012E-02,  0.0000000E+00,  3.5393529E-03,  1.0002197E+03,  1.3073104E+04,3,
 -3.2058429E+02,  0.0000000E+00,  2.6447183E+02,3669,  2.0724393E-01,  0.0000000E+00, -1.2667145E-02,  1.0006968E+03,  4.1515648E+04,3,
 -3.1889319E+02,  0.0000000E+00,  2.6373840E+02,3622,  7.0116282E-02,  0.0000000E+00,  2.9426706E-03,  1.0002393E+03,  1.4235992E+04,3,
 -3.1674036E+02,  0.0000000E+00,  2.6448679E+02,3641,  1.8682764E-01,  0.0000000E+00, -2.0189993E-02,  1.0007099E+03,  4.2299188E+04,3,
 -3.1512228E+02,  0.0000000E+00,  2.6379648E+02,3613,  7.2486930E-02,  0.0000000E+00,  4.2958669E-03,  1.0002194E+03,  1.3054936E+04,3,
 -3.1203143E+02,  0.0000000E+00,  2.6383954E+02,3604,  6.0462434E-02,  0.0000000E+00, -8.2334727E-03,  9.9991516E+02, -5.0430610E+03,3,
 -3.0941299E+02,  0.0000000E+00,  2.6468521E+02,3632,  1.9552906E-01,  0.0000000E+00, -4.7532495E-02,  1.0009551E+03,  5.6949949E+04,3,
 -3.1143335E+02,  0.0000000E+00,  2.6487283E+02,3642,  3.5781527E-01,  0.0000000E+00, -5.0004691E-02,  1.0013625E+03,  8.1342602E+04,3,
 -3.1396704E+02,  0.0000000E+00,  2.6487115E+02,3660,  3.0759189E-01,  0.0000000E+00,  6.1781667E-03,  1.0011781E+03,  7.0295492E+04,3,
 -3.0844827E+02,  0.0000000E+00,  2.6377051E+02,3595,  2.2563478E-01,  0.0000000E+00,  6.1929915E-03,  1.0000651E+03,  3.8729263E+03,3,
 -3.0550519E+02,  0.0000000E+00,  2.6443973E+02,3623,  2.7196220E-01,  0.0000000E+00, -8.3657792E-03,  1.0006961E+03,  4.1475562E+04,3,
 -3.0436758E+02,  0.0000000E+00,  2.6377203E+02,3586,  1.7189996E-01,  0.0000000E+00,  6.2590735E-03,  1.0002986E+03,  1.7772736E+04,3,
 -3.0164655E+02,  0.0000000E+00,  2.6472278E+02,3662,  3.4758317E-01,  0.0000000E+00, -7.7508487E-02,  1.0008644E+03,  5.1527715E+04,3,
 -3.0084921E+02,  0.0000000E+00,  2.6373810E+02,3577,  2.3339719E-01,  0.0000000E+00, -1.5484284E-02,  1.0001633E+03,  9.7160303E+03,3,
 -2.9919617E+02,  0.0000000E+00,  2.6469604E+02,3624,  4.3999332E-01,  0.0000000E+00, -1.2295362E-02,  1.0008969E+03,  5.3472230E+04,3,
 -2.9731012E+02,  0.0000000E+00,  2.6378055E+02,3568,  4.3481421E-01,  0.0000000E+00, -4.6608564E-02,  1.0002216E+03,  1.3185754E+04,3,
 -2.9641177E+02,  0.0000000E+00,  2.6467969E+02,3634,  2.1960253E-01,  0.0000000E+00, -1.1975089E-02,  1.0010135E+03,  6.0443488E+04,3,
 -2.9477747E+02,  0.0000000E+00,  2.6448087E+02,3596,  4.9154535E-01,  0.0000000E+00,  5.1664487E-02,  1.0006034E+03,  3.5941547E+04,3,
 -2.9299225E+02,  0.0000000E+00,  2.6374789E+02,3559,  3.9228877E-01,  0.0000000E+00, -2.7743993E-02,  1.0001290E+03,  7.6747290E+03,3,
 -2.8938391E+02,  0.0000000E+00,  2.6377933E+02,3550,  6.0180700E-01,  0.0000000E+00, -3.5127692E-02,  1.0000570E+03,  3.3900891E+03,3,
 -2.9120224E+02,  0.0000000E+00,  2.6461020E+02,3605,  4.0704730E-01,  0.0000000E+00, -1.1679432E-02,  1.0006283E+03,  3.7427672E+04,3,
 -2.8731522E+02,  0.0000000E+00,  2.6438370E+02,3587,  4.3443590E-01,  0.0000000E+00,  5.3628068E-02,  1.0004400E+03,  2.6196199E+04,3,
 -2.8591553E+02,  0.0000000E+00,  2.6442657E+02,3606,  6.2798870E-01,  0.0000000E+00,  4.9354270E-02,  1.0008769E+03,  5.2275559E+04,3,
 -2.8444870E+02,  0.0000000E+00,  2.6384915E+02,3541,  4.5343876E-01,  0.0000000E+00, -3.6923178E-02,  1.0003397E+03,  2.0219750E+04,3,
 -2.8299426E+02,  0.0000000E+00,  2.6487363E+02,3597,  4.5118508E-01,  0.0000000E+00, -4.8674285E-02,  1.0010612E+03,  6.3295441E+04,3,
 -2.8130255E+02,  0.0000000E+00,  2.6376163E+02,3532,  6.7529035E-01,  0.0000000E+00, -3.9319493E-02,  1.0002238E+03,  1.3316573E+04,3,
 -2.7877887E+02,  0.0000000E+00,  2.6434668E+02,3569,  6.0861558E-01,  0.0000000E+00,  5.8441594E-02,  1.0003300E+03,  1.9641576E+04,3,
 -2.7706314E+02,  0.0000000E+00,  2.6381317E+02,3523,  6.2500358E-01,  0.0000000E+00, -3.6073543E-02,  9.9984247E+02, -9.3620879E+03,3,
 -2.8046274E+02,  0.0000000E+00,  2.6495477E+02,3627,  3.0515870E-01,  0.0000000E+00, -1.9678190E-02,  1.0008774E+03,  5.2308395E+04,3,
 -2.7471152E+02,  0.0000000E+00,  2.6440027E+02,3560,  6.0310525E-01,  0.0000000E+00,  5.7989135E-02,  1.0001417E+03,  8.4265469E+03,3,
 -2.7369003E+02,  0.0000000E+00,  2.6435602E+02,3551,  6.9495749E-01,  0.0000000E+00,  4.9157310E-02,  1.0006374E+03,  3.7970453E+04,3,
 -2.7182523E+02,  0.0000000E+00,  2.6384644E+02,3514,  5.3304172E-01,  0.0000000E+00, -1.2245601E-02,  1.0001140E+03,  6.7777061E+03,3,
 -2.6959845E+02,  0.0000000E+00,  2.6471100E+02,3579,  6.7937958E-01,  0.0000000E+00, -7.2598673E-02,  1.0009006E+03,  5.3694797E+04,3,
 -2.6863406E+02,  0.0000000E+00,  2.6380167E+02,3505,  5.6316066E-01,  0.0000000E+00,  9.8512981E-05,  1.0001929E+03,  1.1474356E+04,3,
 -2.6699368E+02,  0.0000000E+00,  2.6473972E+02,3580,  7.1379399E-01,  0.0000000E+00,  1.0127264E-02,  1.0010302E+03,  6.1440301E+04,3,
 -2.6538986E+02,  0.0000000E+00,  2.6383347E+02,3496,  7.4328107E-01,  0.0000000E+00, -5.4171752E-02,  1.0003212E+03,  1.9114338E+04,3,
 -2.6375153E+02,  0.0000000E+00,  2.6436499E+02,3542,  3.8833758E-01,  0.0000000E+00,  6.5096475E-02,  1.0006761E+03,  4.0283977E+04,3,
 -2.6229135E+02,  0.0000000E+00,  2.6440030E+02,3570,  6.4451993E-01,  0.0000000E+00,  6.4312793E-02,  1.0007588E+03,  4.5218867E+04,3,
 -2.6048434E+02,  0.0000000E+00,  2.6378043E+02,3487,  4.7850555E-01,  0.0000000E+00, -3.3467781E-02,  1.0000309E+03,  1.8400864E+03,3,
 -2.5775528E+02,  0.0000000E+00,  2.6484021E+02,3533,  6.1181372E-01,  0.0000000E+00, -8.8735791E-03,  1.0014014E+03,  8.3673523E+04,3,
 -2.5716501E+02,  0.0000000E+00,  2.6382675E+02,3478,  6.6774440E-01,  0.0000000E+00, -3.2143302E-02,  9.9985565E+02, -8.5789277E+03,3,
 -2.5540820E+02,  0.0000000E+00,  2.6462683E+02,3543,  4.0150562E-01,  0.0000000E+00,  4.9581476E-02,  1.0009770E+03,  5.8260340E+04,3,
 -2.5382387E+02,  0.0000000E+00,  2.6378366E+02,3469,  7.3411393E-01,  0.0000000E+00,  8.2308368E-04,  1.0003121E+03,  1.8572586E+04,3,
 -2.5110222E+02,  0.0000000E+00,  2.6425662E+02,3524,  4.7762561E-01,  0.0000000E+00,  4.3200530E-02,  1.0005343E+03,  3.1819451E+04,3,
 -2.4963213E+02,  0.0000000E+00,  2.6382944E+02,3460,  6.9544029E-01,  0.0000000E+00,  2.9669307E-02,  1.0004534E+03,  2.6993088E+04,3,
 -2.5250385E+02,  0.0000000E+00,  2.6493274E+02,3600,  5.3020352E-01,  0.0000000E+00, -7.1224168E-02,  1.0009953E+03,  5.9355504E+04,3,
 -2.4723618E+02,  0.0000000E+00,  2.6446631E+02,3552,  2.3223880E-01,  0.0000000E+00,  2.1640209E-02,  1.0008353E+03,  4.9787824E+04,3,
 -2.4631224E+02,  0.0000000E+00,  2.6381927E+02,3451,  4.3311018E-01,  0.0000000E+00,  8.4203459E-02,  1.0003805E+03,  2.2649182E+04,3,
 -2.4419337E+02,  0.0000000E+00,  2.6461771E+02,3515,  5.6616610E-01,  0.0000000E+00, -8.1696168E-02,  1.0010311E+03,  6.1495074E+04,3,
 -2.4295766E+02,  0.0000000E+00,  2.6380414E+02,3442,  2.3549026E-01,  0.0000000E+00, -1.8890511E-02,  1.0002248E+03,  1.3374716E+04,3,
 -2.4129788E+02,  0.0000000E+00,  2.6448755E+02,3506,  5.4855078E-01,  0.0000000E+00,  2.2525750E-02,  1.0009459E+03,  5.6398832E+04,3,
 -2.3956267E+02,  0.0000000E+00,  2.6382578E+02,3433,  5.2240610E-01,  0.0000000E+00, -8.2127593E-02,  1.0003751E+03,  2.2325465E+04,3,
 -2.3799448E+02,  0.0000000E+00,  2.6449316E+02,3479,  4.1456348E-01,  0.0000000E+00, -9.4379023E-02,  1.0010701E+03,  6.3828676E+04,3,
 -2.3626144E+02,  0.0000000E+00,  2.6385477E+02,3424,  7.1610153E-01,  0.0000000E+00,  3.6939371E-02,  1.0004668E+03,  2.7793680E+04,3,
 -2.3473714E+02,  0.0000000E+00,  2.6442719E+02,3497,  7.0496315E-01,  0.0000000E+00, -8.4141672E-02,  1.0009150E+03,  5.4555922E+04,3,
 -2.3319084E+02,  0.0000000E+00,  2.6431720E+02,3498,  4.9766895E-01,  0.0000000E+00,  3.2192703E-02,  1.0007333E+03,  4.3695133E+04,3,
 -2.3160838E+02,  0.0000000E+00,  2.6382703E+02,3415,  7.4838299E-01,  0.0000000E+00,  3.0409068E-02,  1.0004807E+03,  2.8619812E+04,3,
 -2.2960028E+02,  0.0000000E+00,  2.6464621E+02,3470,  5.6624931E-01,  0.0000000E+00, -6.3345164E-02,  1.0012319E+03,  7.3519508E+04,3,
 -2.2850752E+02,  0.0000000E+00,  2.6382962E+02,3406,  5.3818583E-01,  0.0000000E+00,  6.2484972E-02,  1.0001665E+03,  9.9049268E+03,3,
 -2.2675903E+02,  0.0000000E+00,  2.6465497E+02,3508,  7.7061510E-01,  0.0000000E+00,  7.5208806E-02,  1.0010364E+03,  6.1812762E+04,3,
 -2.2522899E+02,  0.0000000E+00,  2.6378665E+02,3397,  4.8781645E-01,  0.0000000E+00, -5.7145875E-02,  1.0002371E+03,  1.4108795E+04,3,
 -2.2365242E+02,  0.0000000E+00,  2.6451389E+02,3461,  5.1724029E-01,  0.0000000E+00, -1.3570647E-02,  1.0010319E+03,  6.1546195E+04,3,
 -2.2198421E+02,  0.0000000E+00,  2.6386575E+02,3388,  6.8448299E-01,  0.0000000E+00,  8.8191964E-03,  1.0003771E+03,  2.2449131E+04,3,
 -2.2046303E+02,  0.0000000E+00,  2.6452698E+02,3452,  6.1080641E-01,  0.0000000E+00, -4.9597945E-02,  1.0010345E+03,  6.1699562E+04,3,
 -2.1865657E+02,  0.0000000E+00,  2.6375638E+02,3379,  4.7348499E-01,  0.0000000E+00,  3.6253806E-02,  1.0001840E+03,  1.0947553E+04,3,
 -2.1767703E+02,  0.0000000E+00,  2.6483292E+02,3509,  9.3618804E-01,  0.0000000E+00, -1.1575195E-02,  1.0009933E+03,  5.9238680E+04,3,
 -2.1547960E+02,  0.0000000E+00,  2.6382022E+02,3370,  6.8860197E-01,  0.0000000E+00, -8.4798925E-02,  9.9938977E+02, -3.6216637E+04,3,
 -2.1328261E+02,  0.0000000E+00,  2.6431677E+02,3489,  8.0386472E-01,  0.0000000E+00,  1.2274833E-01,  1.0004626E+03,  2.7546217E+04,3,
 -2.1196866E+02,  0.0000000E+00,  2.6414334E+02,3480,  7.2911155E-01,  0.0000000E+00,  1.6613251E-02,  1.0005858E+03,  3.4889012E+04,3,
 -2.1018730E+02,  0.0000000E+00,  2.6426352E+02,3471,  7.2549880E-01,  0.0000000E+00, -5.3891767E-02,  1.0008817E+03,  5.2560121E+04,3,
 -2.0849219E+02,  0.0000000E+00,  2.6379294E+02,3361,  6.3022357E-01,  0.0000000E+00,  3.3155859E-02,  1.0004773E+03,  2.8419643E+04,3,
 -2.0667909E+02,  0.0000000E+00,  2.6437784E+02,3416,  8.9956212E-01,  0.0000000E+00, -3.4911808E-02,  1.0009547E+03,  5.6924398E+04,3,
 -2.0477840E+02,  0.0000000E+00,  2.6366833E+02,3352,  6.5005910E-01,  0.0000000E+00, -2.6375180E-02,  1.0002405E+03,  1.4312312E+04,3,
 -2.0346729E+02,  0.0000000E+00,  2.6474820E+02,3510,  6.9047844E-01,  0.0000000E+00,  3.6639895E-02,  1.0009169E+03,  5.4669039E+04,3,
 -2.0181425E+02,  0.0000000E+00,  2.6446027E+02,3407,  1.0966977E+00,  0.0000000E+00,  3.3384357E-02,  1.0009332E+03,  5.5643379E+04,3,
 -2.0053934E+02,  0.0000000E+00,  2.6391556E+02,3343,  5.9470117E-01,  0.0000000E+00, -7.7091262E-02,  1.0005298E+03,  3.1553686E+04,3,
 -1.9852930E+02,  0.0000000E+00,  2.6396802E+02,3334,  8.3634806E-01,  0.0000000E+00,  5.7653632E-02,  1.0008053E+03,  4.7997188E+04,3,
 -1.9642506E+02,  0.0000000E+00,  2.6380774E+02,3325,  6.5047365E-01,  0.0000000E+00,  1.2692897E-02,  1.0005267E+03,  3.1368018E+04,3,
 -1.9476158E+02,  0.0000000E+00,  2.6442120E+02,3389,  8.0632323E-01,  0.0000000E+00, -4.1299887E-02,  1.0010318E+03,  6.1538891E+04,3,
 -1.9299400E+02,  0.0000000E+00,  2.6385696E+02,3316,  7.3421472E-01,  0.0000000E+00, -6.5879993E-02,  1.0003394E+03,  2.0197932E+04,3,
 -1.9144351E+02,  0.0000000E+00,  2.6452481E+02,3444,  7.8284538E-01,  0.0000000E+00, -5.6356359E-02,  1.0011448E+03,  6.8303852E+04,3,
 -1.8996370E+02,  0.0000000E+00,  2.6383548E+02,3307,  1.0314779E+00,  0.0000000E+00, -1.4205065E-03,  1.0003862E+03,  2.2991096E+04,3,
 -1.8780450E+02,  0.0000000E+00,  2.6432898E+02,3435,  1.0994837E+00,  0.0000000E+00, -1.1999819E-01,  1.0012014E+03,  7.1688055E+04,3,
 -1.8646182E+02,  0.0000000E+00,  2.6375729E+02,3298,  8.1727928E-01,  0.0000000E+00,  7.0820771E-02,  1.0004527E+03,  2.6953061E+04,3,
 -1.8435345E+02,  0.0000000E+00,  2.6473062E+02,3417,  8.0102569E-01,  0.0000000E+00,  3.3017714E-02,  1.0016976E+03,  1.0145322E+05,3,
 -1.8298604E+02,  0.0000000E+00,  2.6374136E+02,3289,  5.5679590E-01,  0.0000000E+00, -2.1135937E-02,  9.9997235E+02, -1.6438119E+03,3,
 -1.8123097E+02,  0.0000000E+00,  2.6430154E+02,3408,  5.1670396E-01,  0.0000000E+00, -6.9555417E-02,  1.0008945E+03,  5.3326285E+04,3,
 -1.7937160E+02,  0.0000000E+00,  2.6386316E+02,3280,  1.1306838E+00,  0.0000000E+00, -7.9466768E-02,  1.0006194E+03,  3.6895848E+04,3,
 -1.7744374E+02,  0.0000000E+00,  2.6427219E+02,3399,  5.7778466E-01,  0.0000000E+00,  3.0089222E-02,  1.0007621E+03,  4.5419379E+04,3,
 -1.7589967E+02,  0.0000000E+00,  2.6422861E+02,3371,  1.1574934E+00,  0.0000000E+00,  4.4955276E-02,  1.0007197E+03,  4.2885973E+04,3,
 -1.7380273E+02,  0.0000000E+00,  2.6368314E+02,3271,  7.4970144E-01,  0.0000000E+00, -6.5047115E-02,  1.0004756E+03,  2.8321379E+04,3,
 -1.7196275E+02,  0.0000000E+00,  2.6423532E+02,3445,  8.5198432E-01,  0.0000000E+00,  6.1017242E-03,  1.0007536E+03,  4.4909000E+04,3,
 -1.7013591E+02,  0.0000000E+00,  2.6427393E+02,3362,  1.1534073E+00,  0.0000000E+00, -7.7855594E-02,  1.0007197E+03,  4.2882328E+04,3,
 -1.6849004E+02,  0.0000000E+00,  2.6372736E+02,3262,  8.9945942E-01,  0.0000000E+00, -1.3674847E-02,  1.0000645E+03,  3.8329915E+03,3,
 -1.6573300E+02,  0.0000000E+00,  2.6418008E+02,3436,  1.0325903E+00,  0.0000000E+00, -2.5533827E-02,  1.0003955E+03,  2.3544002E+04,3,
 -1.6453233E+02,  0.0000000E+00,  2.6410574E+02,3391,  8.4338349E-01,  0.0000000E+00, -8.7340837E-03,  1.0005026E+03,  2.9930121E+04,3,
 -1.6271974E+02,  0.0000000E+00,  2.6428546E+02,3381,  7.7408475E-01,  0.0000000E+00,  6.4631104E-02,  1.0008055E+03,  4.8008125E+04,3,
 -1.6092038E+02,  0.0000000E+00,  2.6390521E+02,3253,  1.0357995E+00,  0.0000000E+00, -2.5622033E-02,  1.0007480E+03,  4.4573621E+04,3,
 -1.5884364E+02,  0.0000000E+00,  2.6370593E+02,3244,  5.9452987E-01,  0.0000000E+00,  8.8722236E-02,  1.0004821E+03,  2.8707162E+04,3,
 -1.5714139E+02,  0.0000000E+00,  2.6444519E+02,3437,  1.0387257E+00,  0.0000000E+00, -3.7124947E-02,  1.0006990E+03,  4.1646844E+04,3,
 -1.5523491E+02,  0.0000000E+00,  2.6443558E+02,3390,  9.8066199E-01,  0.0000000E+00, -2.0989530E-01,  1.0010980E+03,  6.5497957E+04,3,
 -1.5398177E+02,  0.0000000E+00,  2.6382816E+02,3235,  9.4305497E-01,  0.0000000E+00,  3.2467518E-02,  1.0004456E+03,  2.6527318E+04,3,
 -1.5186226E+02,  0.0000000E+00,  2.6437787E+02,3335,  1.1526606E+00,  0.0000000E+00,  1.3782777E-02,  1.0010822E+03,  6.4555527E+04,3,
 -1.5030472E+02,  0.0000000E+00,  2.6386917E+02,3226,  9.9081677E-01,  0.0000000E+00, -6.0285006E-02,  1.0006906E+03,  4.1143945E+04,3,
 -1.4845363E+02,  0.0000000E+00,  2.6397675E+02,3217,  1.1571175E+00,  0.0000000E+00,  2.3708459E-02,  1.0004323E+03,  2.5734105E+04,3,
 -1.4690100E+02,  0.0000000E+00,  2.6469736E+02,3299,  1.0787944E+00,  0.0000000E+00,  8.6937048E-02,  1.0013691E+03,  8.1737758E+04,3,
 -1.4531412E+02,  0.0000000E+00,  2.6370258E+02,3208,  9.6780324E-01,  0.0000000E+00,  1.6100537E-02,  1.0001995E+03,  1.1870386E+04,3,
 -1.4337061E+02,  0.0000000E+00,  2.6424594E+02,3401,  9.1409516E-01,  0.0000000E+00,  5.3653782E-03,  1.0008281E+03,  4.9361105E+04,3,
 -1.4115901E+02,  0.0000000E+00,  2.6375885E+02,3199,  1.0989051E+00,  0.0000000E+00, -8.2289577E-02,  1.0005018E+03,  2.9879160E+04,3,
 -1.3953737E+02,  0.0000000E+00,  2.6430255E+02,3290,  1.1422119E+00,  0.0000000E+00, -4.7230821E-02,  1.0009615E+03,  5.7336844E+04,3,
 -1.3764609E+02,  0.0000000E+00,  2.6412943E+02,3308,  1.3609550E+00,  0.0000000E+00,  1.0458705E-02,  1.0006595E+03,  3.9292922E+04,3,
 -1.3575760E+02,  0.0000000E+00,  2.6380643E+02,3190,  1.2754619E+00,  0.0000000E+00,  2.7705133E-02,  1.0008551E+03,  5.0973250E+04,3,
 -1.3331316E+02,  0.0000000E+00,  2.6385446E+02,3181,  9.8990709E-01,  0.0000000E+00, -1.8159684E-03,  1.0010047E+03,  5.9917734E+04,3,
 -1.3135367E+02,  0.0000000E+00,  2.6408694E+02,3317,  6.2936878E-01,  0.0000000E+00,  3.7307516E-02,  1.0007910E+03,  4.7143918E+04,3,
 -1.2948174E+02,  0.0000000E+00,  2.6398874E+02,3336,  8.6365348E-01,  0.0000000E+00, -1.1455765E-02,  1.0005913E+03,  3.5220422E+04,3,
 -1.2753394E+02,  0.0000000E+00,  2.6405753E+02,3272,  9.8015177E-01,  0.0000000E+00, -8.1654698E-02,  1.0007178E+03,  4.2772984E+04,3,
 -1.2582574E+02,  0.0000000E+00,  2.6409476E+02,3354,  9.5727563E-01,  0.0000000E+00,  3.2071367E-02,  1.0007020E+03,  4.1829059E+04,3,
 -1.2351450E+02,  0.0000000E+00,  2.6377118E+02,3172,  1.1077433E+00,  0.0000000E+00, -8.6452313E-02,  1.0006424E+03,  3.8269176E+04,3,
 -1.2123856E+02,  0.0000000E+00,  2.6384091E+02,3163,  1.1775949E+00,  0.0000000E+00, -9.0675682E-02,  1.0004680E+03,  2.7866465E+04,3,
 -1.1984095E+02,  0.0000000E+00,  2.6438242E+02,3318,  1.2068712E+00,  0.0000000E+00,  1.9971201E-01,  1.0009444E+03,  5.6311242E+04,3,
 -1.1802795E+02,  0.0000000E+00,  2.6421176E+02,3281,  1.1767490E+00,  0.0000000E+00, -5.0008260E-03,  1.0006009E+03,  3.5792219E+04,3,
 -1.1607881E+02,  0.0000000E+00,  2.6373331E+02,3154,  1.0636667E+00,  0.0000000E+00, -6.9754757E-02,  1.0004944E+03,  2.9442375E+04,3,
 -1.1435513E+02,  0.0000000E+00,  2.6434210E+02,3347,  1.2162362E+00,  0.0000000E+00,  8.7741248E-02,  1.0007492E+03,  4.4646527E+04,3,
 -1.1260803E+02,  0.0000000E+00,  2.6395227E+02,3337,  1.0113120E+00,  0.0000000E+00,  3.7860662E-02,  1.0003202E+03,  1.9056162E+04,3,
 -1.1051479E+02,  0.0000000E+00,  2.6421069E+02,3263,  1.1293308E+00,  0.0000000E+00, -5.4786690E-02,  1.0006236E+03,  3.7147184E+04,3,
 -1.0873793E+02,  0.0000000E+00,  2.6399637E+02,3145,  1.4270096E+00,  0.0000000E+00, -4.1035190E-03,  1.0006729E+03,  4.0087215E+04,3,
 -1.0672041E+02,  0.0000000E+00,  2.6387183E+02,3136,  1.1045110E+00,  0.0000000E+00,  6.0789887E-02,  1.0005413E+03,  3.2238137E+04,3,
 -1.0434520E+02,  0.0000000E+00,  2.6409967E+02,3227,  1.4226519E+00,  0.0000000E+00, -8.9422427E-02,  1.0006859E+03,  4.0867000E+04,3,
 -1.0237122E+02,  0.0000000E+00,  2.6382047E+02,3127,  1.2419330E+00,  0.0000000E+00, -4.6142943E-02,  1.0004377E+03,  2.6057934E+04,3,
 -1.0061345E+02,  0.0000000E+00,  2.6455249E+02,3209,  1.5532721E+00,  0.0000000E+00,  2.0802806E-01,  1.0010781E+03,  6.4310801E+04,3,
 -9.8780434E+01,  0.0000000E+00,  2.6382303E+02,3118,  1.3108838E+00,  0.0000000E+00, -6.9778292E-03,  1.0004441E+03,  2.6439990E+04,3,
 -9.6402702E+01,  0.0000000E+00,  2.6426761E+02,3319,  1.1984069E+00,  0.0000000E+00, -9.8294690E-02,  1.0007009E+03,  4.1759816E+04,3,
 -9.4643417E+01,  0.0000000E+00,  2.6385089E+02,3109,  1.4502000E+00,  0.0000000E+00,  1.6898720E-02,  1.0005817E+03,  3.4648656E+04,3,
 -9.2396416E+01,  0.0000000E+00,  2.6382553E+02,3100,  1.1294361E+00,  0.0000000E+00,  1.6286050E-01,  1.0007219E+03,  4.3013539E+04,3,
 -8.9740501E+01,  0.0000000E+00,  2.6459937E+02,3191,  1.6087165E+00,  0.0000000E+00, -6.5575257E-02,  1.0012120E+03,  7.2327742E+04,3,
 -8.8343620E+01,  0.0000000E+00,  2.6374722E+02,3091,  1.0348717E+00,  0.0000000E+00, -5.9852537E-02,  1.0002102E+03,  1.2506246E+04,3,
 -8.6341431E+01,  0.0000000E+00,  2.6419443E+02,3310,  1.2180076E+00,  0.0000000E+00,  8.6352296E-02,  1.0005341E+03,  3.1808529E+04,3,
 -8.4022591E+01,  0.0000000E+00,  2.6381940E+02,3082,  1.3380091E+00,  0.0000000E+00, -5.3234724E-03,  1.0005312E+03,  3.1637420E+04,3,
 -8.1481361E+01,  0.0000000E+00,  2.6397769E+02,3218,  1.2596360E+00,  0.0000000E+00, -7.3635004E-02,  1.0003171E+03,  1.8870727E+04,3,
 -7.9064827E+01,  0.0000000E+00,  2.6398737E+02,3246,  1.1387537E+00,  0.0000000E+00,  6.4494617E-02,  1.0004941E+03,  2.9424176E+04,3,
 -7.6953308E+01,  0.0000000E+00,  2.6423450E+02,3200,  1.8227036E+00,  0.0000000E+00,  1.3544538E-02,  1.0004288E+03,  2.5526717E+04,3,
 -7.4592712E+01,  0.0000000E+00,  2.6382025E+02,3073,  9.7306347E-01,  0.0000000E+00, -7.3419802E-02,  1.0000957E+03,  5.6919448E+03,3,
 -7.2148567E+01,  0.0000000E+00,  2.6390698E+02,3064,  1.6641586E+00,  0.0000000E+00,  1.1702815E-01,  1.0003726E+03,  2.2179979E+04,3,
 -6.9280525E+01,  0.0000000E+00,  2.6412485E+02,3274,  1.3995029E+00,  0.0000000E+00, -1.4259683E-01,  1.0002210E+03,  1.3149415E+04,3,
 -6.7042992E+01,  0.0000000E+00,  2.6387808E+02,3155,  1.3628106E+00,  0.0000000E+00, -8.6356644E-03,  1.0002770E+03,  1.6482205E+04,3,
 -6.4599335E+01,  0.0000000E+00,  2.6407611E+02,3055,  1.8312664E+00,  0.0000000E+00,  1.8625300E-01,  1.0004312E+03,  2.5672252E+04,3,
 -6.2304478E+01,  0.0000000E+00,  2.6439923E+02,3046,  2.4003422E+00,  0.0000000E+00, -1.2100508E-01,  1.0004424E+03,  2.6338107E+04,3,
 -6.0609959E+01,  0.0000000E+00,  2.6437143E+02,3237,  1.7524881E+00,  0.0000000E+00, -2.0856494E-02,  1.0000099E+03,  5.9154871E+02,3,
 -5.7534126E+01,  0.0000000E+00,  2.6382703E+02,3037,  1.6750089E+00,  0.0000000E+00,  1.7029682E-01,  1.0011059E+03,  6.5972859E+04,3,
 -5.4556282E+01,  0.0000000E+00,  2.6425476E+02,3028,  1.7767544E+00,  0.0000000E+00, -2.0440631E-01,  1.0006423E+03,  3.8261891E+04,3,
 -5.2119789E+01,  0.0000000E+00,  2.6391125E+02,3019,  1.1757065E+00,  0.0000000E+00,  8.2785718E-02,  1.0010038E+03,  5.9862973E+04,3,
 -4.9435150E+01,  0.0000000E+00,  2.6428796E+02,3119,  1.5466474E+00,  0.0000000E+00,  1.4052691E-01,  9.9978735E+02, -1.2635460E+04,3,
 -4.5859112E+01,  0.0000000E+00,  2.6394305E+02,3010,  1.3314475E+00,  0.0000000E+00, -1.0044381E-01,  1.0012292E+03,  7.3354992E+04,3,
 -4.2240150E+01,  0.0000000E+00,  2.6433102E+02,3001,  1.8703369E+00,  0.0000000E+00,  1.7255689E-01,  1.0004119E+03,  2.4518939E+04,3,
 -3.7488869E+01,  0.0000000E+00,  2.6457230E+02,2992,  2.1980543E+00,  0.0000000E+00,  5.8796781E-01,  9.9980768E+02, -1.1428462E+04,3,
  7.7611427E+01,  0.0000000E+00,  2.6240030E+02,3279,  5.5674000E+00,  0.0000000E+00,  9.7612366E-02,  9.9844562E+02, -9.1990523E+04,3,
  7.6844109E+01,  0.0000000E+00,  2.6434821E+02,3268,  6.8854003E+00,  0.0000000E+00,  2.1898349E-01,  1.0028823E+03,  1.7286241E+05,3,
  7.7402245E+01,  0.0000000E+00,  2.6369983E+02,3084,  6.4495821E+00,  0.0000000E+00, -2.2996392E+00,  9.9733423E+02, -1.5723933E+05,3,
  7.7816620E+01,  0.0000000E+00,  2.6497488E+02,3249,  4.8289466E+00,  0.0000000E+00, -1.1639156E+00,  9.9927875E+02, -4.2791508E+04,3,
  7.9622375E+01,  0.0000000E+00,  2.6255542E+02,3092,  6.8536062E+00,  0.0000000E+00, -6.8260044E-01,  9.9290631E+02, -4.1290569E+05,3,
  7.9956390E+01,  0.0000000E+00,  2.6284692E+02,3212,  6.6578417E+00,  0.0000000E+00, -2.2715902E+00,  1.0134922E+03,  8.3542888E+05,3,
  8.0534042E+01,  0.0000000E+00,  2.6380048E+02,3175,  7.3165050E+00,  0.0000000E+00, -1.5356481E+00,  1.0034324E+03,  2.0619906E+05,3,
  8.1802795E+01,  0.0000000E+00,  2.6289902E+02,2884,  5.5939641E+00,  0.0000000E+00, -2.0477123E+00,  9.9309363E+02, -4.0222788E+05,3,
  8.2141220E+01,  0.0000000E+00,  2.6431686E+02,3270,  6.1343703E+00,  0.0000000E+00, -1.3756684E+00,  1.0030383E+03,  1.8230788E+05,3,
  8.3925644E+01,  0.0000000E+00,  2.6334695E+02,3056,  5.2084160E+00,  0.0000000E+00, -2.2693110E+00,  1.0055378E+03,  3.3478978E+05,3,
  8.4592667E+01,  0.0000000E+00,  2.6359973E+02,3111,  7.4595437E+00,  0.0000000E+00,  2.4740338E-01,  9.9724744E+02, -1.6231648E+05,3,
  8.4603668E+01,  0.0000000E+00,  2.6302863E+02,3048,  7.1566858E+00,  0.0000000E+00, -1.3052219E+00,  9.9317456E+02, -3.9761066E+05,3,
  8.5651222E+01,  0.0000000E+00,  2.6316241E+02,2875,  6.3816242E+00,  0.0000000E+00, -7.3084599E-01,  1.0030833E+03,  1.8502827E+05,3,
  8.6528603E+01,  0.0000000E+00,  2.6363617E+02,3259,  6.7834067E+00,  0.0000000E+00,  3.7753904E-01,  1.0020029E+03,  1.1980806E+05,3,
  8.8962029E+01,  0.0000000E+00,  2.6297314E+02,3222,  8.4551888E+00,  0.0000000E+00,  1.3916599E+00,  9.9339575E+02, -3.8498012E+05,3,
  8.8995255E+01,  0.0000000E+00,  2.6310443E+02,3230,  5.4156885E+00,  0.0000000E+00, -1.4505917E+00,  9.9743866E+02, -1.5112680E+05,3,
  8.9506859E+01,  0.0000000E+00,  2.6388681E+02,3066,  8.1410093E+00,  0.0000000E+00, -1.9349091E+00,  1.0007540E+03,  4.4934516E+04,3,
  9.0751419E+01,  0.0000000E+00,  2.6318771E+02,2866,  8.1769991E+00,  0.0000000E+00, -7.1588486E-01,  1.0025167E+03,  1.5077377E+05,3,
  9.0796707E+01,  0.0000000E+00,  2.6291000E+02,3239,  7.7320304E+00,  0.0000000E+00, -1.7195343E+00,  9.9700739E+02, -1.7634519E+05,3,
  9.0957840E+01,  0.0000000E+00,  2.6364902E+02,3269,  6.9353704E+00,  0.0000000E+00,  4.6604383E-01,  1.0057850E+03,  3.4999369E+05,3,
  1.2634792E+02,  0.0000000E+00,  2.6276257E+02,3261,  6.4148574E+00,  0.0000000E+00, -7.2030610E-01,  9.9972302E+02, -1.6454838E+04,3,
  1.2638326E+02,  0.0000000E+00,  2.6293661E+02,3252,  6.1130953E+00,  0.0000000E+00,  1.0508844E+00,  1.0000535E+03,  3.1831660E+03,3,
  1.2660093E+02,  0.0000000E+00,  2.6292410E+02,3260,  6.0813956E+00,  0.0000000E+00,  1.2323389E+00,  1.0001868E+03,  1.1111040E+04,3,
  1.2747527E+02,  0.0000000E+00,  2.6330341E+02,3102,  5.5488400E+00,  0.0000000E+00,  3.1848148E-01,  9.9841425E+02, -9.3838336E+04,3,
  1.2929858E+02,  0.0000000E+00,  2.6349158E+02,3139,  6.7930837E+00,  0.0000000E+00, -2.5445700E-01,  1.0014643E+03,  8.7447336E+04,3,
  1.2957242E+02,  0.0000000E+00,  2.6331094E+02,3203,  5.4613290E+00,  0.0000000E+00, -2.9299125E-01,  1.0001234E+03,  7.3406055E+03,3,
  1.2997849E+02,  0.0000000E+00,  2.6285010E+02,3250,  6.4896655E+00,  0.0000000E+00,  2.8061834E-01,  1.0000618E+03,  3.6768843E+03,3,
  1.3000943E+02,  0.0000000E+00,  2.6328171E+02,3240,  6.3163676E+00,  0.0000000E+00,  3.0522755E-01,  1.0002633E+03,  1.5667985E+04,3,
  1.3379776E+02,  0.0000000E+00,  2.6308163E+02,3232,  5.6231055E+00,  0.0000000E+00,  2.9477212E-01,  1.0000952E+03,  5.6592651E+03,3,
  1.3410396E+02,  0.0000000E+00,  2.6274561E+02,2857,  5.5892539E+00,  0.0000000E+00, -1.7180938E-01,  1.0003568E+03,  2.1238002E+04,3,
  1.3445824E+02,  0.0000000E+00,  2.6297552E+02,3177,  5.5968437E+00,  0.0000000E+00,  4.2642680E-01,  9.9977771E+02, -1.3208098E+04,3,
  1.3574651E+02,  0.0000000E+00,  2.6343060E+02,3195,  6.4451799E+00,  0.0000000E+00, -7.4860519E-01,  9.9960834E+02, -2.3260107E+04,3,
  1.3643588E+02,  0.0000000E+00,  2.6292490E+02,3148,  5.6173830E+00,  0.0000000E+00, -1.2821743E+00,  1.0003555E+03,  2.1161631E+04,3,
  1.3645010E+02,  0.0000000E+00,  2.6294217E+02,3157,  5.5889649E+00,  0.0000000E+00, -1.1206963E+00,  1.0000485E+03,  2.8854949E+03,3,
  1.3702269E+02,  0.0000000E+00,  2.6318503E+02,3241,  5.5822763E+00,  0.0000000E+00,  1.5196917E-02,  9.9998602E+02, -8.3101184E+02,3,
  1.4143800E+02,  0.0000000E+00,  2.6305252E+02,3251,  6.5534482E+00,  0.0000000E+00,  3.8576049E-01,  1.0003757E+03,  2.2365475E+04,3,
  1.4185323E+02,  0.0000000E+00,  2.6308011E+02,2848,  6.4662814E+00,  0.0000000E+00, -8.0078906E-01,  1.0003774E+03,  2.2467318E+04,3,
  1.4226822E+02,  0.0000000E+00,  2.6305811E+02,3221,  6.4054775E+00,  0.0000000E+00, -9.2019707E-01,  1.0006650E+03,  3.9617191E+04,3,
  1.4281821E+02,  0.0000000E+00,  2.6336044E+02,3213,  6.4213872E+00,  0.0000000E+00, -3.6940327E-01,  1.0005139E+03,  3.0603541E+04,3,
  1.4268095E+02,  0.0000000E+00,  2.6310272E+02,3204,  6.5809550E+00,  0.0000000E+00, -5.0936639E-02,  9.9681433E+02, -1.8761269E+05,3,
  1.4607721E+02,  0.0000000E+00,  2.6322934E+02,3242,  6.5776210E+00,  0.0000000E+00, -2.6241803E-01,  1.0012205E+03,  7.2835867E+04,3,
  1.4613322E+02,  0.0000000E+00,  2.6294321E+02,3231,  6.4818854E+00,  0.0000000E+00, -4.9065930E-01,  9.9980945E+02, -1.1323341E+04,3,
  1.4616216E+02,  0.0000000E+00,  2.6326202E+02,3234,  6.1912470E+00,  0.0000000E+00,  1.0076661E-01,  1.0004714E+03,  2.8066625E+04,3,
  1.4635776E+02,  0.0000000E+00,  2.6292575E+02,3243,  6.4632792E+00,  0.0000000E+00, -2.1358639E-01,  1.0001320E+03,  7.8526904E+03,3,
  1.5979608E+02,  0.0000000E+00,  2.6192755E+02,2839,  7.8699632E+00,  0.0000000E+00, -3.2831402E+00,  9.9942145E+02, -3.4339879E+04,3,
  1.5989279E+02,  0.0000000E+00,  2.6182816E+02,2957,  7.8170114E+00,  0.0000000E+00, -3.1422336E+00,  9.9907611E+02, -5.4780531E+04,3,
  1.6000635E+02,  0.0000000E+00,  2.6201630E+02,3130,  8.0855427E+00,  0.0000000E+00, -3.3166366E+00,  9.9930243E+02, -4.1389430E+04,3,
  1.6134674E+02,  0.0000000E+00,  2.6222562E+02,2966,  7.5433860E+00,  0.0000000E+00, -4.9511232E+00,  1.0001830E+03,  1.0885791E+04,3,
  1.6150830E+02,  0.0000000E+00,  2.6082211E+02,3185,  6.1083732E+00,  0.0000000E+00, -5.9937630E+00,  1.0012471E+03,  7.4426219E+04,3,
  1.6174194E+02,  0.0000000E+00,  2.6081219E+02,3194,  6.8392773E+00,  0.0000000E+00, -5.7227645E+00,  1.0011083E+03,  6.6118984E+04,3,
  1.6210727E+02,  0.0000000E+00,  2.6078577E+02,3233,  6.8516874E+00,  0.0000000E+00, -6.0680075E+00,  1.0004777E+03,  2.8441479E+04,3,
  1.7614566E+02,  0.0000000E+00,  2.6113312E+02,3214,  7.8886285E+00,  0.0000000E+00, -6.4310050E-01,  1.0003961E+03,  2.3576740E+04,3,
  1.7630177E+02,  0.0000000E+00,  2.6181528E+02,3223,  8.2394943E+00,  0.0000000E+00,  1.5643700E+00,  9.9997803E+02, -1.3063628E+03,3,
  1.7669574E+02,  0.0000000E+00,  2.6125848E+02,3057,  7.5331550E+00,  0.0000000E+00,  1.0809908E-01,  9.9936731E+02, -3.7547145E+04,3,
  1.7681931E+02,  0.0000000E+00,  2.6204639E+02,2830,  6.8434863E+00,  0.0000000E+00,  1.8404011E-01,  9.9942657E+02, -3.4036094E+04,3,
  1.7951285E+02,  0.0000000E+00,  2.6034869E+02,3216,  4.3216400E+00,  0.0000000E+00, -2.6257565E+00,  9.9997052E+02, -1.7526641E+03,3,
  1.7923642E+02,  0.0000000E+00,  2.6183041E+02,3224,  8.3990707E+00,  0.0000000E+00,  4.3037832E-01,  9.9983020E+02, -1.0090806E+04,3,
  1.7884099E+02,  0.0000000E+00,  2.6077203E+02,3094,  9.0433817E+00,  0.0000000E+00,  1.5995475E+00,  1.0007379E+03,  4.3972160E+04,3,
  1.7960623E+02,  0.0000000E+00,  2.6097015E+02,3225,  7.1844845E+00,  0.0000000E+00,  3.9644070E+00,  9.9914075E+02, -5.0957906E+04,3,
  2.0503511E+02,  0.0000000E+00,  2.5844189E+02,3206,  6.6641510E-01,  0.0000000E+00,  1.0317276E-01,  9.9926184E+02, -4.3792355E+04,3,
  2.6071985E+02,  0.0000000E+00,  2.5860831E+02,3134,  2.3675950E+00,  0.0000000E+00, -4.2892247E-01,  1.0001404E+03,  8.3502734E+03,3,
  2.6143832E+02,  0.0000000E+00,  2.5837302E+02,2749,  2.5848174E+00,  0.0000000E+00, -4.6111184E-01,  1.0000469E+03,  2.7911130E+03,3,
  2.6286893E+02,  0.0000000E+00,  2.5848193E+02,2758,  2.6425185E+00,  0.0000000E+00, -3.9887115E-01,  1.0000438E+03,  2.6059824E+03,3,
  2.6405795E+02,  0.0000000E+00,  2.5848990E+02,3113,  2.5770035E+00,  0.0000000E+00, -2.3197374E-01,  1.0000446E+03,  2.6495422E+03,3,
  2.6514059E+02,  0.0000000E+00,  2.5893777E+02,3124,  2.6169240E+00,  0.0000000E+00, -1.2216397E-01,  1.0001457E+03,  8.6662695E+03,3,
  2.6610904E+02,  0.0000000E+00,  2.5859058E+02,3114,  2.5987353E+00,  0.0000000E+00,  5.8146324E-02,  9.9994971E+02, -2.9898655E+03,3,
  2.6735556E+02,  0.0000000E+00,  2.5853329E+02,2858,  2.5619106E+00,  0.0000000E+00,  1.7285055E-01,  9.9990198E+02, -5.8265005E+03,3,
  2.6848874E+02,  0.0000000E+00,  2.5876917E+02,3106,  2.7470222E+00,  0.0000000E+00,  2.5279105E-01,  1.0001232E+03,  7.3297104E+03,3,
  2.7014752E+02,  0.0000000E+00,  2.5925830E+02,3125,  2.8602691E+00,  0.0000000E+00,  3.7294328E-01,  1.0002277E+03,  1.3549146E+04,3,
  2.7171915E+02,  0.0000000E+00,  2.5932819E+02,3115,  3.2843044E+00,  0.0000000E+00,  5.3831693E-03,  9.9992688E+02, -4.3466182E+03,3,
  2.7317337E+02,  0.0000000E+00,  2.5925845E+02,3116,  3.2278130E+00,  0.0000000E+00, -4.6227124E-01,  9.9951489E+02, -2.8801547E+04,3,
  2.7404703E+02,  0.0000000E+00,  2.5893390E+02,2977,  3.4413278E+00,  0.0000000E+00, -4.8570803E-01,  9.9901135E+02, -5.8608887E+04,3,
  2.7577676E+02,  0.0000000E+00,  2.5932285E+02,3108,  3.5112751E+00,  0.0000000E+00, -3.2533777E-01,  1.0002170E+03,  1.2913218E+04,3,
  2.7762027E+02,  0.0000000E+00,  2.5917410E+02,3117,  3.1662223E+00,  0.0000000E+00, -2.3809545E-02,  1.0003702E+03,  2.2034494E+04,3,
  2.7817191E+02,  0.0000000E+00,  2.5842075E+02,3059,  3.2143497E+00,  0.0000000E+00, -5.2738965E-02,  1.0004384E+03,  2.6101596E+04,3,
  2.7974304E+02,  0.0000000E+00,  2.5880038E+02,3097,  3.9742692E+00,  0.0000000E+00, -1.2683240E-01,  1.0000782E+03,  4.6535020E+03,3,
  2.8119083E+02,  0.0000000E+00,  2.5879163E+02,3088,  3.8624885E+00,  0.0000000E+00,  2.8035665E-02,  1.0001577E+03,  9.3782061E+03,3,
  2.8240921E+02,  0.0000000E+00,  2.5859210E+02,3099,  3.6191235E+00,  0.0000000E+00,  1.7748222E-01,  1.0002416E+03,  1.4377729E+04,3,
  2.8454642E+02,  0.0000000E+00,  2.5861868E+02,3098,  3.5464153E+00,  0.0000000E+00,  2.1648730E-01,  1.0002599E+03,  1.5468075E+04,3,
  2.8573029E+02,  0.0000000E+00,  2.5857162E+02,2940,  3.5183239E+00,  0.0000000E+00,  1.4668325E-01,  1.0002873E+03,  1.7096549E+04,3,
  2.8689420E+02,  0.0000000E+00,  2.5846683E+02,3070,  3.4481614E+00,  0.0000000E+00,  6.8415910E-02,  1.0003170E+03,  1.8863455E+04,3,
  2.9423917E+02,  0.0000000E+00,  2.5827011E+02,3023,  3.3343706E+00,  0.0000000E+00,  1.2333537E+00,  1.0003394E+03,  2.0197932E+04,3,
  2.8873251E+02,  0.0000000E+00,  2.5907446E+02,3089,  3.4540169E+00,  0.0000000E+00,  1.4195371E-02,  1.0002475E+03,  1.4726627E+04,3,
  2.9069040E+02,  0.0000000E+00,  2.5826978E+02,3024,  3.5391762E+00,  0.0000000E+00,  1.1740661E-01,  1.0002719E+03,  1.6176865E+04,3,
  2.9335190E+02,  0.0000000E+00,  2.5886856E+02,3071,  3.4944038E+00,  0.0000000E+00,  1.1363587E+00,  1.0002617E+03,  1.5573482E+04,3,
  2.9041919E+02,  0.0000000E+00,  2.5919370E+02,3079,  3.6240017E+00,  0.0000000E+00,  1.9911610E-01,  1.0002020E+03,  1.2019355E+04,3,
  2.9200659E+02,  0.0000000E+00,  2.5920175E+02,3081,  3.7094064E+00,  0.0000000E+00,  6.7359930E-01,  1.0002335E+03,  1.3890746E+04,3,
 -3.9749008E+02,  0.0000000E+00,  2.6610257E+02,3822, -4.0097727E-04,  0.0000000E+00,  2.4686519E-03,  1.0008903E+03,  5.3074539E+04,3,
 -3.9737808E+02,  0.0000000E+00,  2.6893903E+02,3828,  2.9618837E-04,  0.0000000E+00, -2.1992464E-02,  1.0001761E+03,  1.0478902E+04,3,
 -3.9676431E+02,  0.0000000E+00,  2.6778851E+02,3823,  1.3505174E-02,  0.0000000E+00, -1.5589726E-02,  1.0002402E+03,  1.4294141E+04,3,
 -3.9583658E+02,  0.0000000E+00,  2.6801422E+02,3824,  2.5888208E-02,  0.0000000E+00, -1.1784878E-02,  1.0002630E+03,  1.5649812E+04,3,
 -3.9254446E+02,  0.0000000E+00,  2.6594043E+02,3816, -3.4070206E-03,  0.0000000E+00, -6.6693611E-02,  1.0014171E+03,  8.4617758E+04,3,
 -3.9464957E+02,  0.0000000E+00,  2.6793173E+02,3825,  2.2421196E-02,  0.0000000E+00, -6.1546662E-03,  1.0002842E+03,  1.6914787E+04,3,
 -3.9253577E+02,  0.0000000E+00,  2.6852960E+02,3826,  7.4185205E-05,  0.0000000E+00, -7.2670598E-03,  1.0001176E+03,  6.9955991E+03,3,
 -3.9110785E+02,  0.0000000E+00,  2.6865668E+02,3818,  3.5596619E-04,  0.0000000E+00, -1.5730875E-02,  1.0001464E+03,  8.7062236E+03,3,
 -3.9379565E+02,  0.0000000E+00,  2.6795251E+02,3827,  1.0230046E-02,  0.0000000E+00, -3.2886944E-03,  1.0002043E+03,  1.2157427E+04,3,
 -3.9058258E+02,  0.0000000E+00,  2.6544040E+02,3812,  4.0919181E-02,  0.0000000E+00,  8.3431780E-02,  1.0013734E+03,  8.1997547E+04,3,
 -3.8619498E+02,  0.0000000E+00,  2.6503207E+02,3794,  4.2310446E-03,  0.0000000E+00, -1.0515596E-02,  1.0013958E+03,  8.3336844E+04,3,
 -3.8990366E+02,  0.0000000E+00,  2.6877335E+02,3814, -1.3544318E-02,  0.0000000E+00, -1.9657120E-02,  1.0001791E+03,  1.0656914E+04,3,
 -3.8895059E+02,  0.0000000E+00,  2.6723077E+02,3813,  1.0632215E-01,  0.0000000E+00,  7.9913130E-03,  1.0003351E+03,  1.9947021E+04,3,
 -3.8804022E+02,  0.0000000E+00,  2.6877451E+02,3806, -2.4935855E-02,  0.0000000E+00, -1.2952948E-02,  1.0001801E+03,  1.0715041E+04,3,
 -3.8572467E+02,  0.0000000E+00,  2.6874258E+02,3819,  7.5714965E-03,  0.0000000E+00, -1.8905703E-02,  1.0001668E+03,  9.9230898E+03,3,
 -3.8731461E+02,  0.0000000E+00,  2.6736624E+02,3805,  8.6321078E-02,  0.0000000E+00, -1.7641631E-03,  1.0003914E+03,  2.3300283E+04,3,
 -3.8548956E+02,  0.0000000E+00,  2.6726535E+02,3804,  7.1470648E-02,  0.0000000E+00,  1.3661481E-02,  1.0004263E+03,  2.5381184E+04,3,
 -3.8372641E+02,  0.0000000E+00,  2.6735089E+02,3795,  1.0709021E-02,  0.0000000E+00, -4.2219101E-03,  1.0003792E+03,  2.2569160E+04,3,
 -3.8348373E+02,  0.0000000E+00,  2.6871368E+02,3807,  9.1158912E-02,  0.0000000E+00, -2.4352210E-02,  1.0001671E+03,  9.9376201E+03,3,
 -3.8195810E+02,  0.0000000E+00,  2.6859335E+02,3796,  8.6574621E-02,  0.0000000E+00, -2.0256883E-02,  1.0001694E+03,  1.0075662E+04,3,
 -3.8065564E+02,  0.0000000E+00,  2.6758078E+02,3787,  7.2588511E-02,  0.0000000E+00, -2.1844693E-02,  1.0003019E+03,  1.7965420E+04,3,
 -3.7986496E+02,  0.0000000E+00,  2.6853290E+02,3817,  6.2090207E-02,  0.0000000E+00, -2.1185186E-02,  1.0001685E+03,  1.0024805E+04,3,
 -3.7843134E+02,  0.0000000E+00,  2.6845908E+02,3810,  7.0833191E-02,  0.0000000E+00, -2.3978071E-02,  1.0001791E+03,  1.0653281E+04,3,
 -3.7722556E+02,  0.0000000E+00,  2.6812540E+02,3797,  9.8834001E-02,  0.0000000E+00, -1.7321704E-02,  1.0002209E+03,  1.3145781E+04,3,
 -3.8189578E+02,  0.0000000E+00,  2.6590930E+02,3798, -2.5248913E-02,  0.0000000E+00,  7.5339158E-03,  1.0009868E+03,  5.8844410E+04,3,
 -3.7856207E+02,  0.0000000E+00,  2.6619150E+02,3799,  8.3777577E-02,  0.0000000E+00,  1.4870405E-02,  1.0009336E+03,  5.5665277E+04,3,
 -3.7613037E+02,  0.0000000E+00,  2.6843033E+02,3808,  9.1687039E-02,  0.0000000E+00, -1.4323094E-02,  1.0001716E+03,  1.0206441E+04,3,
 -3.7421005E+02,  0.0000000E+00,  2.6861502E+02,3809,  8.9570537E-02,  0.0000000E+00, -2.5942316E-02,  1.0001750E+03,  1.0409878E+04,3,
 -3.7534534E+02,  0.0000000E+00,  2.6719263E+02,3786,  7.3957600E-02,  0.0000000E+00,  7.3989159E-03,  1.0005185E+03,  3.0876561E+04,3,
 -3.7248654E+02,  0.0000000E+00,  2.6865601E+02,3800,  9.6341997E-02,  0.0000000E+00, -3.1408183E-02,  1.0001703E+03,  1.0133786E+04,3,
 -3.7281979E+02,  0.0000000E+00,  2.6704663E+02,3778,  1.5981838E-01,  0.0000000E+00, -5.9962990E-03,  1.0004445E+03,  2.6465461E+04,3,
 -3.7080673E+02,  0.0000000E+00,  2.6854141E+02,3801,  1.5962523E-01,  0.0000000E+00, -3.1946927E-02,  1.0001522E+03,  9.0512900E+03,3,
 -3.7363541E+02,  0.0000000E+00,  2.6527136E+02,3779, -2.3302218E-02,  0.0000000E+00,  4.0095616E-02,  1.0011751E+03,  7.0116414E+04,3,
 -3.7073199E+02,  0.0000000E+00,  2.6726126E+02,3768,  8.6355291E-02,  0.0000000E+00,  8.1315357E-03,  1.0004532E+03,  2.6985811E+04,3,
 -3.6991602E+02,  0.0000000E+00,  2.6519580E+02,3758,  4.7669053E-02,  0.0000000E+00, -7.3791176E-02,  1.0010475E+03,  6.2481035E+04,3,
 -3.6908661E+02,  0.0000000E+00,  2.6854010E+02,3790,  1.2825069E-01,  0.0000000E+00, -3.9392307E-02,  1.0001573E+03,  9.3600439E+03,3,
 -3.6776010E+02,  0.0000000E+00,  2.6873242E+02,3789,  1.9019629E-01,  0.0000000E+00, -3.3541817E-02,  1.0001584E+03,  9.4254277E+03,3,
 -3.6816464E+02,  0.0000000E+00,  2.6586029E+02,3749,  1.7340673E-02,  0.0000000E+00,  1.0506717E-02,  1.0013741E+03,  8.2037797E+04,3,
 -3.6599536E+02,  0.0000000E+00,  2.6880569E+02,3792,  1.6866829E-01,  0.0000000E+00, -3.1590980E-02,  1.0001591E+03,  9.4653857E+03,3,
 -3.6663220E+02,  0.0000000E+00,  2.6720169E+02,3759,  1.0260468E-01,  0.0000000E+00, -2.5860654E-02,  1.0002394E+03,  1.4243261E+04,3,
 -3.6465042E+02,  0.0000000E+00,  2.6838840E+02,3781,  1.6006431E-01,  0.0000000E+00, -3.6755420E-02,  1.0001168E+03,  6.9447568E+03,3,
 -3.6474805E+02,  0.0000000E+00,  2.6607181E+02,3769,  9.5146835E-02,  0.0000000E+00, -1.0319599E-02,  1.0013799E+03,  8.2385414E+04,3,
 -3.6326144E+02,  0.0000000E+00,  2.6835806E+02,3791,  1.7254277E-01,  0.0000000E+00, -3.3849698E-02,  1.0001390E+03,  8.2703682E+03,3,
 -3.6224109E+02,  0.0000000E+00,  2.6850296E+02,3782,  1.6604835E-01,  0.0000000E+00, -2.9205523E-02,  1.0001638E+03,  9.7414580E+03,3,
 -3.6248935E+02,  0.0000000E+00,  2.6553922E+02,3760,  9.9293493E-02,  0.0000000E+00, -5.1650405E-02,  1.0012289E+03,  7.3336711E+04,3,
 -3.6085263E+02,  0.0000000E+00,  2.6868408E+02,3780,  1.7301838E-01,  0.0000000E+00, -3.5953201E-02,  1.0001601E+03,  9.5235049E+03,3,
 -3.6044891E+02,  0.0000000E+00,  2.6752682E+02,3761,  1.3972402E-01,  0.0000000E+00, -8.0638966E-03,  1.0003417E+03,  2.0339754E+04,3,
 -3.5835983E+02,  0.0000000E+00,  2.6860471E+02,3783,  2.9804683E-01,  0.0000000E+00, -6.8812937E-02,  1.0001345E+03,  7.9979673E+03,3,
 -3.5899112E+02,  0.0000000E+00,  2.6740536E+02,3742,  4.9634639E-02,  0.0000000E+00, -2.7789246E-02,  1.0003446E+03,  2.0510670E+04,3,
 -3.5732468E+02,  0.0000000E+00,  2.6635214E+02,3752,  9.5172085E-02,  0.0000000E+00,  8.8196211E-02,  1.0009487E+03,  5.6570371E+04,3,
 -3.5654486E+02,  0.0000000E+00,  2.6837930E+02,3770,  2.7237451E-01,  0.0000000E+00, -2.9570270E-02,  1.0001403E+03,  8.3466416E+03,3,
 -3.5535590E+02,  0.0000000E+00,  2.6858551E+02,3772,  2.5885713E-01,  0.0000000E+00, -1.8012889E-02,  1.0001716E+03,  1.0210074E+04,3,
 -3.5392035E+02,  0.0000000E+00,  2.6740903E+02,3743,  2.3006280E-01,  0.0000000E+00, -1.0329677E-02,  1.0003687E+03,  2.1947205E+04,3,
 -3.5352789E+02,  0.0000000E+00,  2.6854990E+02,3771,  2.8119493E-01,  0.0000000E+00, -2.3771187E-02,  1.0001795E+03,  1.0678712E+04,3,
 -3.5175699E+02,  0.0000000E+00,  2.6857730E+02,3774,  2.5265899E-01,  0.0000000E+00, -3.6064696E-02,  1.0001871E+03,  1.1129206E+04,3,
 -3.5549332E+02,  0.0000000E+00,  2.6554938E+02,3753,  7.4823238E-02,  0.0000000E+00,  2.4396634E-02,  1.0010155E+03,  6.0563977E+04,3,
 -3.5118372E+02,  0.0000000E+00,  2.6736667E+02,3751,  3.1623340E-01,  0.0000000E+00, -4.5723818E-02,  1.0003573E+03,  2.1267098E+04,3,
 -3.5294467E+02,  0.0000000E+00,  2.6571512E+02,3754,  1.0531872E-01,  0.0000000E+00,  1.3841568E-02,  1.0007500E+03,  4.4693918E+04,3,
 -3.5101715E+02,  0.0000000E+00,  2.6509888E+02,3744,  7.0414834E-02,  0.0000000E+00, -3.2159563E-02,  1.0010167E+03,  6.0637000E+04,3,
 -3.4962711E+02,  0.0000000E+00,  2.6856033E+02,3773,  2.7258179E-01,  0.0000000E+00, -2.7596716E-02,  1.0001895E+03,  1.1270897E+04,3,
 -3.4921399E+02,  0.0000000E+00,  2.6663623E+02,3762,  2.1432504E-01,  0.0000000E+00, -4.8379697E-02,  1.0006217E+03,  3.7034262E+04,3,
 -3.4801355E+02,  0.0000000E+00,  2.6855539E+02,3763,  2.4732067E-01,  0.0000000E+00, -2.7346389E-02,  1.0002000E+03,  1.1895819E+04,3,
 -3.4629404E+02,  0.0000000E+00,  2.6862109E+02,3765,  2.2862338E-01,  0.0000000E+00, -2.3623159E-02,  1.0002004E+03,  1.1921253E+04,3,
 -3.4713184E+02,  0.0000000E+00,  2.6699997E+02,3724,  3.0007944E-01,  0.0000000E+00, -4.2112142E-02,  1.0003158E+03,  1.8794373E+04,3,
 -3.4466916E+02,  0.0000000E+00,  2.6846735E+02,3764,  2.8472096E-01,  0.0000000E+00, -1.8347256E-02,  1.0001774E+03,  1.0555192E+04,3,
 -3.4714648E+02,  0.0000000E+00,  2.6523550E+02,3733,  1.1033943E-01,  0.0000000E+00, -3.5863448E-02,  1.0010319E+03,  6.1542543E+04,3,
 -3.4459348E+02,  0.0000000E+00,  2.6693686E+02,3732,  2.0504314E-01,  0.0000000E+00,  1.1276187E-02,  1.0005286E+03,  3.1480875E+04,3,
 -3.4293109E+02,  0.0000000E+00,  2.6850858E+02,3756,  2.7143613E-01,  0.0000000E+00, -1.1657911E-02,  1.0001849E+03,  1.1002048E+04,3,
 -3.4265729E+02,  0.0000000E+00,  2.6627206E+02,3725,  1.7090783E-01,  0.0000000E+00, -3.3598632E-02,  1.0008084E+03,  4.8183164E+04,3,
 -3.4156873E+02,  0.0000000E+00,  2.6849051E+02,3755,  2.6974574E-01,  0.0000000E+00, -9.0130018E-03,  1.0001761E+03,  1.0475270E+04,3,
 -3.4020602E+02,  0.0000000E+00,  2.6839645E+02,3745,  2.4990669E-01,  0.0000000E+00, -2.8789018E-03,  1.0001328E+03,  7.8999053E+03,3,
 -3.4029428E+02,  0.0000000E+00,  2.6608142E+02,3715,  1.6695365E-01,  0.0000000E+00, -6.8850778E-02,  1.0010918E+03,  6.5129012E+04,3,
 -3.3880756E+02,  0.0000000E+00,  2.6846863E+02,3747,  2.1068415E-01,  0.0000000E+00, -1.2648396E-02,  1.0001166E+03,  6.9374937E+03,3,
 -3.3745029E+02,  0.0000000E+00,  2.6844928E+02,3734,  2.7612218E-01,  0.0000000E+00, -2.1739775E-02,  1.0001241E+03,  7.3805547E+03,3,
 -3.3804135E+02,  0.0000000E+00,  2.6627823E+02,3714,  1.9934690E-01,  0.0000000E+00,  7.3537089E-02,  1.0010779E+03,  6.4299844E+04,3,
 -3.3609119E+02,  0.0000000E+00,  2.6863245E+02,3746,  2.6860368E-01,  0.0000000E+00, -2.7156064E-02,  1.0001509E+03,  8.9750107E+03,3,
 -3.3551611E+02,  0.0000000E+00,  2.6613559E+02,3716,  2.2745596E-01,  0.0000000E+00,  4.4503365E-02,  1.0010092E+03,  6.0184258E+04,3,
 -3.3472385E+02,  0.0000000E+00,  2.6840948E+02,3735,  2.9660976E-01,  0.0000000E+00, -2.2407509E-02,  1.0001603E+03,  9.5344033E+03,3,
 -3.3355695E+02,  0.0000000E+00,  2.6832089E+02,3726,  3.2559910E-01,  0.0000000E+00, -1.1353740E-02,  1.0001462E+03,  8.6953271E+03,3,
 -3.3271597E+02,  0.0000000E+00,  2.6682803E+02,3695,  2.4821770E-01,  0.0000000E+00,  6.6141918E-02,  1.0007438E+03,  4.4322098E+04,3,
 -3.3168152E+02,  0.0000000E+00,  2.6847018E+02,3738,  3.6538669E-01,  0.0000000E+00, -1.8219883E-03,  1.0001507E+03,  8.9641143E+03,3,
 -3.3031870E+02,  0.0000000E+00,  2.6718243E+02,3687,  2.3318788E-01,  0.0000000E+00,  3.9499602E-03,  1.0004124E+03,  2.4551682E+04,3,
 -3.2992035E+02,  0.0000000E+00,  2.6844232E+02,3736,  3.7777707E-01,  0.0000000E+00, -1.2618804E-02,  1.0001588E+03,  9.4472227E+03,3,
 -3.2948087E+02,  0.0000000E+00,  2.6532870E+02,3707,  1.0274877E-01,  0.0000000E+00, -9.0512140E-03,  1.0011315E+03,  6.7507305E+04,3,
 -3.2836118E+02,  0.0000000E+00,  2.6843802E+02,3737,  3.7484896E-01,  0.0000000E+00, -2.4873668E-02,  1.0001694E+03,  1.0079295E+04,3,
 -3.2749173E+02,  0.0000000E+00,  2.6717093E+02,3706,  2.6131761E-01,  0.0000000E+00, -4.7455065E-02,  1.0005003E+03,  2.9791803E+04,3,
 -3.2642236E+02,  0.0000000E+00,  2.6827264E+02,3727,  3.4675074E-01,  0.0000000E+00, -3.8829457E-02,  1.0001721E+03,  1.0235503E+04,3,
 -3.2568668E+02,  0.0000000E+00,  2.6538770E+02,3697,  1.7950743E-01,  0.0000000E+00,  1.6438602E-02,  1.0010413E+03,  6.2104898E+04,3,
 -3.2422055E+02,  0.0000000E+00,  2.6833124E+02,3729,  3.5214841E-01,  0.0000000E+00, -3.3177208E-02,  1.0001724E+03,  1.0257300E+04,3,
 -3.2525989E+02,  0.0000000E+00,  2.6761002E+02,3717,  3.5018197E-01,  0.0000000E+00, -3.8636625E-02,  1.0003032E+03,  1.8045404E+04,3,
 -3.2321198E+02,  0.0000000E+00,  2.6721603E+02,3688,  3.2801959E-01,  0.0000000E+00, -2.1783723E-02,  1.0004714E+03,  2.8070264E+04,3,
 -3.2202075E+02,  0.0000000E+00,  2.6834177E+02,3728,  3.6095482E-01,  0.0000000E+00, -3.5917148E-02,  1.0001816E+03,  1.0802232E+04,3,
 -3.2202133E+02,  0.0000000E+00,  2.6555618E+02,3699,  2.6661339E-01,  0.0000000E+00, -3.8468231E-02,  1.0009541E+03,  5.6891551E+04,3,
 -3.2083072E+02,  0.0000000E+00,  2.6821313E+02,3718,  3.4222972E-01,  0.0000000E+00, -4.2817522E-02,  1.0001926E+03,  1.1459823E+04,3,
 -3.1986572E+02,  0.0000000E+00,  2.6708389E+02,3679,  3.0616698E-01,  0.0000000E+00, -4.1076474E-02,  1.0004789E+03,  2.8517908E+04,3,
 -3.1874109E+02,  0.0000000E+00,  2.6843668E+02,3719,  4.0896022E-01,  0.0000000E+00, -5.0478034E-02,  1.0001894E+03,  1.1267265E+04,3,
 -3.1875104E+02,  0.0000000E+00,  2.6552679E+02,3698,  3.2173601E-01,  0.0000000E+00,  3.4449998E-02,  1.0008893E+03,  5.3016164E+04,3,
 -3.1739835E+02,  0.0000000E+00,  2.6840842E+02,3720,  3.5610384E-01,  0.0000000E+00, -4.1685384E-02,  1.0001953E+03,  1.1619687E+04,3,
 -3.1663348E+02,  0.0000000E+00,  2.6620590E+02,3689,  3.9228016E-01,  0.0000000E+00, -4.3406431E-03,  1.0007410E+03,  4.4158062E+04,3,
 -3.1603571E+02,  0.0000000E+00,  2.6821579E+02,3708,  4.0241134E-01,  0.0000000E+00, -3.5254993E-02,  1.0001844E+03,  1.0972983E+04,3,
 -3.1469220E+02,  0.0000000E+00,  2.6707166E+02,3650,  3.9254925E-01,  0.0000000E+00, -3.9918385E-03,  1.0004786E+03,  2.8499711E+04,3,
 -3.1399634E+02,  0.0000000E+00,  2.6836456E+02,3710,  4.0833053E-01,  0.0000000E+00, -3.5388716E-02,  1.0001722E+03,  1.0242769E+04,3,
 -3.1230011E+02,  0.0000000E+00,  2.6848734E+02,3711,  4.1821265E-01,  0.0000000E+00, -4.7974046E-02,  1.0001848E+03,  1.0994782E+04,3,
 -3.1242203E+02,  0.0000000E+00,  2.6687537E+02,3659,  3.7874278E-01,  0.0000000E+00, -2.6943576E-02,  1.0004537E+03,  2.7011283E+04,3,
 -3.1081833E+02,  0.0000000E+00,  2.6835236E+02,3709,  4.4390920E-01,  0.0000000E+00, -5.0777595E-02,  1.0001989E+03,  1.1830419E+04,3,
 -3.0958966E+02,  0.0000000E+00,  2.6685944E+02,3670,  4.2632112E-01,  0.0000000E+00, -2.6927045E-02,  1.0005234E+03,  3.1167791E+04,3,
 -3.0901862E+02,  0.0000000E+00,  2.6829153E+02,3701,  4.1656470E-01,  0.0000000E+00, -4.4188023E-02,  1.0001905E+03,  1.1332661E+04,3,
 -3.0705621E+02,  0.0000000E+00,  2.6502582E+02,3653,  2.9158697E-01,  0.0000000E+00,  7.5048050E-03,  1.0011623E+03,  6.9348961E+04,3,
 -3.0778470E+02,  0.0000000E+00,  2.6814670E+02,3700,  4.4764191E-01,  0.0000000E+00, -4.0960617E-02,  1.0001971E+03,  1.1728686E+04,3,
 -3.0678845E+02,  0.0000000E+00,  2.6719153E+02,3651,  4.5647883E-01,  0.0000000E+00, -1.7526807E-02,  1.0003931E+03,  2.3398498E+04,3,
 -3.0571545E+02,  0.0000000E+00,  2.6836301E+02,3702,  4.4296277E-01,  0.0000000E+00, -4.2237993E-02,  1.0001729E+03,  1.0286362E+04,3,
 -3.0466129E+02,  0.0000000E+00,  2.6704587E+02,3652,  4.1897967E-01,  0.0000000E+00, -4.2147413E-02,  1.0004938E+03,  2.9402338E+04,3,
 -3.0363263E+02,  0.0000000E+00,  2.6828909E+02,3680,  4.8267567E-01,  0.0000000E+00, -5.8595866E-02,  1.0001946E+03,  1.1579721E+04,3,
 -3.0240390E+02,  0.0000000E+00,  2.6817227E+02,3692,  4.5167381E-01,  0.0000000E+00, -6.8528190E-02,  1.0002064E+03,  1.2277332E+04,3,
 -3.0334531E+02,  0.0000000E+00,  2.6551047E+02,3681,  4.4901434E-01,  0.0000000E+00, -1.5933529E-02,  1.0008839E+03,  5.2695105E+04,3,
 -3.0106409E+02,  0.0000000E+00,  2.6786176E+02,3690,  4.3561274E-01,  0.0000000E+00, -8.8984050E-02,  1.0001832E+03,  1.0900323E+04,3,
 -3.0069937E+02,  0.0000000E+00,  2.6691592E+02,3671,  4.6688029E-01,  0.0000000E+00, -1.2146295E-01,  1.0005901E+03,  3.5151227E+04,3,
 -2.9848508E+02,  0.0000000E+00,  2.6804816E+02,3693,  4.1368908E-01,  0.0000000E+00, -5.5925608E-02,  1.0001453E+03,  8.6444766E+03,3,
 -2.9886188E+02,  0.0000000E+00,  2.6690631E+02,3643,  5.7529438E-01,  0.0000000E+00, -3.9560180E-02,  1.0005265E+03,  3.1353455E+04,3,
 -2.9654382E+02,  0.0000000E+00,  2.6817963E+02,3691,  5.5226672E-01,  0.0000000E+00, -9.8099122E-03,  1.0001516E+03,  9.0149668E+03,3,
 -2.9682907E+02,  0.0000000E+00,  2.6692175E+02,3654,  4.5543975E-01,  0.0000000E+00,  6.6170402E-02,  1.0005908E+03,  3.5187645E+04,3,
 -2.9497757E+02,  0.0000000E+00,  2.6822852E+02,3683,  5.7585639E-01,  0.0000000E+00, -1.4699574E-02,  1.0001592E+03,  9.4726504E+03,3,
 -2.9439819E+02,  0.0000000E+00,  2.6704926E+02,3661,  3.6426380E-01,  0.0000000E+00, -4.7545619E-03,  1.0004377E+03,  2.6061572E+04,3,
 -2.9297614E+02,  0.0000000E+00,  2.6809509E+02,3682,  5.8243757E-01,  0.0000000E+00, -5.6855928E-02,  1.0001710E+03,  1.0173746E+04,3,
 -2.9283395E+02,  0.0000000E+00,  2.6556491E+02,3645,  3.5304675E-01,  0.0000000E+00, -9.4280764E-02,  1.0011917E+03,  7.1110539E+04,3,
 -2.9153174E+02,  0.0000000E+00,  2.6827921E+02,3684,  5.0187361E-01,  0.0000000E+00, -7.4187025E-02,  1.0001640E+03,  9.7559893E+03,3,
 -2.9091489E+02,  0.0000000E+00,  2.6712152E+02,3633,  5.2492958E-01,  0.0000000E+00, -9.9336877E-02,  1.0003775E+03,  2.2470955E+04,3,
 -2.8967575E+02,  0.0000000E+00,  2.6810678E+02,3672,  5.2475762E-01,  0.0000000E+00, -8.2915656E-02,  1.0001750E+03,  1.0409878E+04,3,
 -2.8902350E+02,  0.0000000E+00,  2.6534769E+02,3663,  3.6739242E-01,  0.0000000E+00, -1.0394409E-01,  1.0014156E+03,  8.4526258E+04,3,
 -2.8845728E+02,  0.0000000E+00,  2.6825549E+02,3674,  5.0634187E-01,  0.0000000E+00, -7.2546221E-02,  1.0001691E+03,  1.0061132E+04,3,
 -2.8740448E+02,  0.0000000E+00,  2.6702051E+02,3614,  5.9460402E-01,  0.0000000E+00, -8.6903423E-02,  1.0004027E+03,  2.3973254E+04,3,
 -2.8632538E+02,  0.0000000E+00,  2.6826819E+02,3675,  4.3722650E-01,  0.0000000E+00, -2.9143693E-02,  1.0001636E+03,  9.7341934E+03,3,
 -2.8551321E+02,  0.0000000E+00,  2.6694617E+02,3615,  6.2552947E-01,  0.0000000E+00,  1.4788426E-02,  1.0005729E+03,  3.4120625E+04,3,
 -2.8425439E+02,  0.0000000E+00,  2.6802258E+02,3673,  5.0448185E-01,  0.0000000E+00,  5.9833270E-03,  1.0001643E+03,  9.7741523E+03,3,
 -2.8229001E+02,  0.0000000E+00,  2.6818228E+02,3665,  5.1385784E-01,  0.0000000E+00, -4.7371671E-02,  1.0001740E+03,  1.0351753E+04,3,
 -2.8346863E+02,  0.0000000E+00,  2.6678604E+02,3625,  5.7291889E-01,  0.0000000E+00,  1.0391621E-01,  1.0005776E+03,  3.4404664E+04,3,
 -2.8102979E+02,  0.0000000E+00,  2.6811597E+02,3664,  6.7598963E-01,  0.0000000E+00, -7.4869916E-02,  1.0001630E+03,  9.6942354E+03,3,
 -2.8058231E+02,  0.0000000E+00,  2.6698810E+02,3626,  4.7432557E-01,  0.0000000E+00, -5.0613903E-02,  1.0005270E+03,  3.1382580E+04,3,
 -2.7899451E+02,  0.0000000E+00,  2.6839075E+02,3666,  6.7652094E-01,  0.0000000E+00, -1.0579765E-01,  1.0001395E+03,  8.2994238E+03,3,
 -2.7786224E+02,  0.0000000E+00,  2.6813962E+02,3644,  6.5505022E-01,  0.0000000E+00, -9.5058970E-02,  1.0001074E+03,  6.3891426E+03,3,
 -2.7822604E+02,  0.0000000E+00,  2.6613809E+02,3635,  5.0185072E-01,  0.0000000E+00, -1.1158725E-02,  1.0009139E+03,  5.4486590E+04,3,
 -2.7631473E+02,  0.0000000E+00,  2.6813324E+02,3656,  7.1757036E-01,  0.0000000E+00, -4.1471202E-02,  1.0001157E+03,  6.8830205E+03,3,
 -2.7603778E+02,  0.0000000E+00,  2.6542416E+02,3578,  4.3555972E-01,  0.0000000E+00, -1.6555135E-01,  1.0018751E+03,  1.1211638E+05,3,
 -2.7496790E+02,  0.0000000E+00,  2.6811172E+02,3655,  6.5976405E-01,  0.0000000E+00,  1.0826959E-02,  1.0001761E+03,  1.0478902E+04,3,
 -2.7387439E+02,  0.0000000E+00,  2.6830643E+02,3657,  6.1619329E-01,  0.0000000E+00,  1.1178192E-02,  1.0001706E+03,  1.0148317E+04,3,
 -2.7244226E+02,  0.0000000E+00,  2.6775946E+02,3646,  7.8424191E-01,  0.0000000E+00, -3.9034251E-02,  1.0001373E+03,  8.1686709E+03,3,
 -2.7296371E+02,  0.0000000E+00,  2.6705444E+02,3598,  3.9870125E-01,  0.0000000E+00,  3.1749632E-02,  1.0004647E+03,  2.7666309E+04,3,
 -2.7033896E+02,  0.0000000E+00,  2.6795724E+02,3647,  6.1219585E-01,  0.0000000E+00, -8.1131533E-03,  1.0001547E+03,  9.2002168E+03,3,
 -2.7131570E+02,  0.0000000E+00,  2.6557831E+02,3607,  6.2071359E-01,  0.0000000E+00,  1.1997689E-02,  1.0013953E+03,  8.3307570E+04,3,
 -2.6930600E+02,  0.0000000E+00,  2.6792871E+02,3636,  6.0617280E-01,  0.0000000E+00, -4.6057764E-02,  1.0001797E+03,  1.0693243E+04,3,
 -2.6829440E+02,  0.0000000E+00,  2.6711447E+02,3588,  4.6004000E-01,  0.0000000E+00, -1.2209579E-01,  1.0003635E+03,  2.1634422E+04,3,
 -2.6724530E+02,  0.0000000E+00,  2.6811575E+02,3648,  7.0108294E-01,  0.0000000E+00, -9.5877260E-02,  1.0001756E+03,  1.0446206E+04,3,
 -2.6657745E+02,  0.0000000E+00,  2.6686356E+02,3616,  6.8262875E-01,  0.0000000E+00, -5.5921741E-02,  1.0004386E+03,  2.6112512E+04,3,
 -2.6513477E+02,  0.0000000E+00,  2.6788214E+02,3638,  6.0333711E-01,  0.0000000E+00, -4.3428425E-02,  1.0001887E+03,  1.1223667E+04,3,
 -2.6341510E+02,  0.0000000E+00,  2.6790012E+02,3637,  8.3062536E-01,  0.0000000E+00, -4.1820519E-02,  1.0002119E+03,  1.2604354E+04,3,
 -2.6433026E+02,  0.0000000E+00,  2.6616589E+02,3608,  6.6582465E-01,  0.0000000E+00,  3.2226443E-01,  1.0007995E+03,  4.7650766E+04,3,
 -2.6226532E+02,  0.0000000E+00,  2.6801071E+02,3639,  7.8031206E-01,  0.0000000E+00, -6.6945031E-02,  1.0002108E+03,  1.2538948E+04,3,
 -2.6093338E+02,  0.0000000E+00,  2.6777509E+02,3617,  1.0449444E+00,  0.0000000E+00, -9.6248068E-02,  1.0001710E+03,  1.0170113E+04,3,
 -2.6104080E+02,  0.0000000E+00,  2.6683612E+02,3609,  6.1692208E-01,  0.0000000E+00,  4.0081814E-03,  1.0004134E+03,  2.4609889E+04,3,
 -2.5898517E+02,  0.0000000E+00,  2.6775104E+02,3629,  8.5816336E-01,  0.0000000E+00, -7.2046995E-02,  1.0001821E+03,  1.0831296E+04,3,
 -2.5986832E+02,  0.0000000E+00,  2.6506921E+02,3581,  5.5786663E-01,  0.0000000E+00, -1.0101162E-01,  1.0012203E+03,  7.2821250E+04,3,
 -2.5793652E+02,  0.0000000E+00,  2.6778299E+02,3628,  8.5305500E-01,  0.0000000E+00, -7.0030242E-02,  1.0002036E+03,  1.2113824E+04,3,
 -2.5672366E+02,  0.0000000E+00,  2.6806018E+02,3630,  8.6458021E-01,  0.0000000E+00, -5.7573270E-02,  1.0001882E+03,  1.1198234E+04,3,
 -2.5600940E+02,  0.0000000E+00,  2.6707840E+02,3561,  8.5856247E-01,  0.0000000E+00, -4.4155255E-02,  1.0003115E+03,  1.8536227E+04,3,
 -2.5443086E+02,  0.0000000E+00,  2.6695987E+02,3590,  8.6797547E-01,  0.0000000E+00,  2.6849605E-02,  1.0004007E+03,  2.3853207E+04,3,
 -2.5421295E+02,  0.0000000E+00,  2.6804065E+02,3618,  9.8131996E-01,  0.0000000E+00,  6.0038306E-03,  1.0001832E+03,  1.0900323E+04,3,
 -2.5255159E+02,  0.0000000E+00,  2.6697675E+02,3571,  8.5526377E-01,  0.0000000E+00,  7.2100908E-02,  1.0003359E+03,  1.9990658E+04,3,
 -2.5165849E+02,  0.0000000E+00,  2.6797827E+02,3620,  8.6906755E-01,  0.0000000E+00,  1.5089097E-02,  1.0001848E+03,  1.0994782E+04,3,
 -2.4989726E+02,  0.0000000E+00,  2.6780927E+02,3621,  1.0330150E+00,  0.0000000E+00, -3.5620261E-02,  1.0001634E+03,  9.7196631E+03,3,
 -2.5032205E+02,  0.0000000E+00,  2.6679367E+02,3599,  6.6136801E-01,  0.0000000E+00, -3.0371204E-02,  1.0004471E+03,  2.6618287E+04,3,
 -2.4838039E+02,  0.0000000E+00,  2.6598880E+02,3591,  7.6898694E-01,  0.0000000E+00,  2.9418206E-01,  1.0008797E+03,  5.2443375E+04,3,
 -2.4788974E+02,  0.0000000E+00,  2.6755283E+02,3619,  1.0406711E+00,  0.0000000E+00,  1.6099721E-02,  1.0001611E+03,  9.5852578E+03,3,
 -2.4661020E+02,  0.0000000E+00,  2.6748129E+02,3589,  9.7898924E-01,  0.0000000E+00,  1.7286740E-03,  1.0002335E+03,  1.3894380E+04,3,
 -2.4552487E+02,  0.0000000E+00,  2.6774057E+02,3611,  1.0226974E+00,  0.0000000E+00, -6.8832254E-03,  1.0002026E+03,  1.2055689E+04,3,
 -2.4481432E+02,  0.0000000E+00,  2.6680905E+02,3562,  9.6837121E-01,  0.0000000E+00, -1.2400856E-02,  1.0004450E+03,  2.6494570E+04,3,
 -2.4344910E+02,  0.0000000E+00,  2.6741248E+02,3610,  1.0064330E+00,  0.0000000E+00, -3.2874227E-02,  1.0002440E+03,  1.4515833E+04,3,
 -2.4235693E+02,  0.0000000E+00,  2.6675607E+02,3544,  8.8647121E-01,  0.0000000E+00, -7.8110836E-02,  1.0004217E+03,  2.5104674E+04,3,
 -2.4142050E+02,  0.0000000E+00,  2.6771988E+02,3612,  9.7983581E-01,  0.0000000E+00, -1.1924247E-01,  1.0002029E+03,  1.2070224E+04,3,
 -2.4023265E+02,  0.0000000E+00,  2.6667325E+02,3554,  1.0702440E+00,  0.0000000E+00, -1.2566495E-01,  1.0004308E+03,  2.5646783E+04,3,
 -2.3943356E+02,  0.0000000E+00,  2.6782529E+02,3602,  1.0170648E+00,  0.0000000E+00, -1.2737276E-01,  1.0002224E+03,  1.3232994E+04,3,
 -2.3759604E+02,  0.0000000E+00,  2.6771115E+02,3601,  1.1169367E+00,  0.0000000E+00, -1.1284900E-01,  1.0002516E+03,  1.4973771E+04,3,
 -2.3824318E+02,  0.0000000E+00,  2.6640302E+02,3563,  9.3111181E-01,  0.0000000E+00, -9.0907149E-02,  1.0003024E+03,  1.7994506E+04,3,
 -2.3612865E+02,  0.0000000E+00,  2.6782205E+02,3603,  1.0674888E+00,  0.0000000E+00, -5.5956904E-02,  1.0002248E+03,  1.3374716E+04,3,
 -2.3559387E+02,  0.0000000E+00,  2.6670618E+02,3553,  9.9571049E-01,  0.0000000E+00, -2.9118635E-02,  1.0004380E+03,  2.6079764E+04,3,
 -2.3421359E+02,  0.0000000E+00,  2.6763983E+02,3582,  1.0692824E+00,  0.0000000E+00, -2.2831394E-03,  1.0002357E+03,  1.4021575E+04,3,
 -2.3300108E+02,  0.0000000E+00,  2.6659842E+02,3573,  9.8058337E-01,  0.0000000E+00, -2.6272151E-03,  1.0003735E+03,  2.2230898E+04,3,
 -2.3245134E+02,  0.0000000E+00,  2.6791705E+02,3593,  1.0861776E+00,  0.0000000E+00,  2.5591411E-02,  1.0002197E+03,  1.3069471E+04,3,
 -2.3068086E+02,  0.0000000E+00,  2.6779706E+02,3592,  1.0889083E+00,  0.0000000E+00,  5.6600410E-02,  1.0002443E+03,  1.4537639E+04,3,
 -2.3106697E+02,  0.0000000E+00,  2.6634369E+02,3555,  9.4605190E-01,  0.0000000E+00,  9.9300280E-02,  1.0003474E+03,  2.0677951E+04,3,
 -2.2909563E+02,  0.0000000E+00,  2.6779263E+02,3594,  1.0290166E+00,  0.0000000E+00,  4.5263726E-02,  1.0002339E+03,  1.3919819E+04,3,
 -2.2829910E+02,  0.0000000E+00,  2.6684323E+02,3572,  9.8680109E-01,  0.0000000E+00, -7.0011728E-03,  1.0003364E+03,  2.0023385E+04,3,
 -2.2683511E+02,  0.0000000E+00,  2.6756833E+02,3584,  9.4840592E-01,  0.0000000E+00, -1.0819132E-02,  1.0002180E+03,  1.2971358E+04,3,
 -2.2599271E+02,  0.0000000E+00,  2.6674051E+02,3534,  1.1052548E+00,  0.0000000E+00,  1.6634426E-03,  1.0003501E+03,  2.0837963E+04,3,
 -2.2478278E+02,  0.0000000E+00,  2.6756174E+02,3583,  9.8971146E-01,  0.0000000E+00,  1.1633569E-03,  1.0002231E+03,  1.3276601E+04,3,
 -2.2390746E+02,  0.0000000E+00,  2.6671878E+02,3516,  1.0379614E+00,  0.0000000E+00,  1.4585680E-02,  1.0003453E+03,  2.0550672E+04,3,
 -2.2268964E+02,  0.0000000E+00,  2.6770471E+02,3585,  1.0542574E+00,  0.0000000E+00, -2.5114246E-02,  1.0002266E+03,  1.3480100E+04,3,
 -2.2164436E+02,  0.0000000E+00,  2.6664365E+02,3488,  9.4713849E-01,  0.0000000E+00, -4.0475577E-02,  1.0003747E+03,  2.2303643E+04,3,
 -2.2051720E+02,  0.0000000E+00,  2.6784756E+02,3575,  1.0873771E+00,  0.0000000E+00, -4.3711815E-02,  1.0002208E+03,  1.3134880E+04,3,
 -2.1970551E+02,  0.0000000E+00,  2.6690488E+02,3525,  1.0273370E+00,  0.0000000E+00, -3.2998439E-02,  1.0003108E+03,  1.8496232E+04,3,
 -2.1781738E+02,  0.0000000E+00,  2.6785587E+02,3574,  1.2767611E+00,  0.0000000E+00, -6.7035243E-02,  1.0001666E+03,  9.9085596E+03,3,
 -2.1523010E+02,  0.0000000E+00,  2.6509631E+02,3499,  6.8395203E-01,  0.0000000E+00, -1.5953203E-01,  1.0021742E+03,  1.3011938E+05,3,
 -2.1811975E+02,  0.0000000E+00,  2.6695514E+02,3507,  8.2417279E-01,  0.0000000E+00, -1.6434189E-02,  1.0001867E+03,  1.1107407E+04,3,
 -2.1634944E+02,  0.0000000E+00,  2.6749719E+02,3564,  9.6322775E-01,  0.0000000E+00, -6.8155423E-02,  1.0000878E+03,  5.2235430E+03,3,
 -2.1494981E+02,  0.0000000E+00,  2.6747983E+02,3576,  1.1213013E+00,  0.0000000E+00, -1.2440743E-01,  1.0000552E+03,  3.2848118E+03,3,
 -2.1354778E+02,  0.0000000E+00,  2.6755450E+02,3545,  1.1339068E+00,  0.0000000E+00, -6.7041144E-02,  1.0001668E+03,  9.9230898E+03,3,
 -2.1213568E+02,  0.0000000E+00,  2.6671301E+02,3518,  1.1704832E+00,  0.0000000E+00, -4.3284632E-03,  1.0003300E+03,  1.9637939E+04,3,
 -2.1192157E+02,  0.0000000E+00,  2.6786475E+02,3566,  9.6578807E-01,  0.0000000E+00, -2.0028617E-02,  1.0002192E+03,  1.3040400E+04,3,
 -2.1049043E+02,  0.0000000E+00,  2.6655341E+02,3526,  1.1370006E+00,  0.0000000E+00,  1.8438309E-02,  1.0003124E+03,  1.8594400E+04,3,
 -2.0956378E+02,  0.0000000E+00,  2.6765625E+02,3565,  1.1128674E+00,  0.0000000E+00, -3.6041616E-03,  1.0002419E+03,  1.4395900E+04,3,
 -2.0841328E+02,  0.0000000E+00,  2.6640955E+02,3527,  1.0497305E+00,  0.0000000E+00,  3.5146656E-03,  1.0003682E+03,  2.1914471E+04,3,
 -2.0753799E+02,  0.0000000E+00,  2.6756290E+02,3567,  1.1128246E+00,  0.0000000E+00, -1.2787744E-02,  1.0002483E+03,  1.4773874E+04,3,
 -2.0636806E+02,  0.0000000E+00,  2.6633105E+02,3519,  9.9224943E-01,  0.0000000E+00,  9.2942873E-03,  1.0003384E+03,  2.0143387E+04,3,
 -2.0558151E+02,  0.0000000E+00,  2.6758145E+02,3557,  1.1288649E+00,  0.0000000E+00, -5.1252324E-02,  1.0002516E+03,  1.4970136E+04,3,
 -2.0398878E+02,  0.0000000E+00,  2.6742413E+02,3535,  1.2397842E+00,  0.0000000E+00, -7.8759640E-02,  1.0002137E+03,  1.2716997E+04,3,
 -2.0217894E+02,  0.0000000E+00,  2.6757141E+02,3556,  1.2210950E+00,  0.0000000E+00, -8.1376389E-02,  1.0002295E+03,  1.3654531E+04,3,
 -2.0393347E+02,  0.0000000E+00,  2.6651053E+02,3528,  1.0241332E+00,  0.0000000E+00, -3.9011091E-02,  1.0001884E+03,  1.1205501E+04,3,
 -2.0102267E+02,  0.0000000E+00,  2.6738644E+02,3536,  1.1405725E+00,  0.0000000E+00, -6.1750270E-02,  1.0002421E+03,  1.4403169E+04,3,
 -1.9960066E+02,  0.0000000E+00,  2.6762738E+02,3558,  1.3217771E+00,  0.0000000E+00, -2.8648090E-02,  1.0002308E+03,  1.3730847E+04,3,
 -1.9947932E+02,  0.0000000E+00,  2.6643863E+02,3517,  1.0341079E+00,  0.0000000E+00, -1.8218087E-02,  1.0003491E+03,  2.0779775E+04,3,
 -1.9770230E+02,  0.0000000E+00,  2.6621878E+02,3537,  1.1648756E+00,  0.0000000E+00,  7.7945657E-02,  1.0004474E+03,  2.6640121E+04,3,
 -1.9727132E+02,  0.0000000E+00,  2.6748816E+02,3546,  1.2743315E+00,  0.0000000E+00,  4.2708617E-02,  1.0002538E+03,  1.5104613E+04,3,
 -1.9595811E+02,  0.0000000E+00,  2.6636139E+02,3500,  1.0889019E+00,  0.0000000E+00,  3.4853309E-02,  1.0001872E+03,  1.1136472E+04,3,
 -1.9513109E+02,  0.0000000E+00,  2.6756769E+02,3548,  1.1607748E+00,  0.0000000E+00, -2.6566828E-02,  1.0002454E+03,  1.4599423E+04,3,
 -1.9375331E+02,  0.0000000E+00,  2.6650912E+02,3434,  1.2743759E+00,  0.0000000E+00, -5.4906376E-02,  1.0002903E+03,  1.7278316E+04,3,
 -1.9310789E+02,  0.0000000E+00,  2.6764792E+02,3549,  1.2440205E+00,  0.0000000E+00, -6.1754897E-02,  1.0002469E+03,  1.4690282E+04,3,
 -1.9171248E+02,  0.0000000E+00,  2.6737637E+02,3547,  1.2169861E+00,  0.0000000E+00, -1.0479522E-01,  1.0002288E+03,  1.3614558E+04,3,
 -1.9062086E+02,  0.0000000E+00,  2.6691595E+02,3538,  1.1199222E+00,  0.0000000E+00, -2.1415116E-01,  1.0001880E+03,  1.1183702E+04,3,
 -1.8954124E+02,  0.0000000E+00,  2.6672729E+02,3425,  1.0945084E+00,  0.0000000E+00, -3.0749321E-01,  1.0002048E+03,  1.2182860E+04,3,
 -1.8850780E+02,  0.0000000E+00,  2.6670288E+02,3398,  1.3150188E+00,  0.0000000E+00, -1.8853137E-01,  1.0002508E+03,  1.4922888E+04,3,
 -1.8756657E+02,  0.0000000E+00,  2.6751819E+02,3539,  1.3741984E+00,  0.0000000E+00,  5.2307893E-02,  1.0002964E+03,  1.7641857E+04,3,
 -1.8629445E+02,  0.0000000E+00,  2.6745047E+02,3540,  1.5938228E+00,  0.0000000E+00,  3.2236734E-01,  1.0003240E+03,  1.9281596E+04,3,
 -1.8580226E+02,  0.0000000E+00,  2.6588055E+02,3426,  8.5914588E-01,  0.0000000E+00,  9.7432160E-01,  9.9958252E+02, -2.4791463E+04,3,
 -1.8376822E+02,  0.0000000E+00,  2.6735071E+02,3530,  9.6161824E-01,  0.0000000E+00, -7.6866716E-02,  1.0002554E+03,  1.5199112E+04,3,
 -1.8284727E+02,  0.0000000E+00,  2.6730490E+02,3529,  1.2973439E+00,  0.0000000E+00, -2.7522361E-01,  1.0002209E+03,  1.3145781E+04,3,
 -1.8215384E+02,  0.0000000E+00,  2.6658655E+02,3462,  1.4241518E+00,  0.0000000E+00, -4.2224863E-01,  1.0001165E+03,  6.9265991E+03,3,
 -1.8075352E+02,  0.0000000E+00,  2.6652274E+02,3443,  1.5767152E+00,  0.0000000E+00, -3.1048095E-01,  1.0002003E+03,  1.1917620E+04,3,
 -1.7981081E+02,  0.0000000E+00,  2.6737305E+02,3531,  1.4319364E+00,  0.0000000E+00, -1.4175777E-01,  1.0002704E+03,  1.6093262E+04,3,
 -1.7864034E+02,  0.0000000E+00,  2.6638763E+02,3453,  1.2505943E+00,  0.0000000E+00,  7.0195109E-02,  1.0002232E+03,  1.3280234E+04,3,
 -1.7750996E+02,  0.0000000E+00,  2.6742041E+02,3521,  1.3665570E+00,  0.0000000E+00, -7.6652721E-02,  1.0002505E+03,  1.4904715E+04,3,
 -1.7665938E+02,  0.0000000E+00,  2.6643695E+02,3454,  1.4868337E+00,  0.0000000E+00, -1.1804293E-01,  1.0001549E+03,  9.2147471E+03,3,
 -1.7511099E+02,  0.0000000E+00,  2.6738623E+02,3520,  1.4710207E+00,  0.0000000E+00, -7.9731122E-02,  1.0002621E+03,  1.5595290E+04,3,
 -1.7462614E+02,  0.0000000E+00,  2.6641016E+02,3463,  1.4063318E+00,  0.0000000E+00, -4.5505520E-02,  1.0003331E+03,  1.9823389E+04,3,
 -1.7304236E+02,  0.0000000E+00,  2.6608694E+02,3481,  1.4121155E+00,  0.0000000E+00,  1.5480124E-02,  1.0002133E+03,  1.2687928E+04,3,
 -1.7259866E+02,  0.0000000E+00,  2.6735889E+02,3490,  1.4927167E+00,  0.0000000E+00, -4.9769070E-02,  1.0002902E+03,  1.7267410E+04,3,
 -1.7094199E+02,  0.0000000E+00,  2.6628241E+02,3482,  1.4639422E+00,  0.0000000E+00, -9.1031283E-02,  1.0002502E+03,  1.4886542E+04,3,
 -1.7047432E+02,  0.0000000E+00,  2.6764578E+02,3522,  1.4982920E+00,  0.0000000E+00, -7.9186656E-02,  1.0002601E+03,  1.5478979E+04,3,
 -1.6740826E+02,  0.0000000E+00,  2.6523917E+02,3474,  9.5944387E-01,  0.0000000E+00,  2.1080261E-01,  1.0013779E+03,  8.2264664E+04,3,
 -1.6907146E+02,  0.0000000E+00,  2.6726022E+02,3491,  1.4624095E+00,  0.0000000E+00, -7.0932053E-02,  1.0001906E+03,  1.1336295E+04,3,
 -1.6793637E+02,  0.0000000E+00,  2.6721597E+02,3512,  1.5649986E+00,  0.0000000E+00, -4.1548483E-02,  1.0000953E+03,  5.6701582E+03,3,
 -1.6659273E+02,  0.0000000E+00,  2.6682446E+02,3511,  1.9431779E+00,  0.0000000E+00,  6.7889348E-02,  1.0001028E+03,  6.1131626E+03,3,
 -1.6492084E+02,  0.0000000E+00,  2.6727203E+02,3513,  1.4764295E+00,  0.0000000E+00,  1.4781429E-01,  1.0002349E+03,  1.3977965E+04,3,
 -1.6392709E+02,  0.0000000E+00,  2.6708096E+02,3501,  1.3864578E+00,  0.0000000E+00,  5.8297157E-02,  1.0002492E+03,  1.4828391E+04,3,
 -1.6288658E+02,  0.0000000E+00,  2.6645099E+02,3472,  1.4729424E+00,  0.0000000E+00, -7.4235976E-02,  1.0002103E+03,  1.2509880E+04,3,
 -1.6200394E+02,  0.0000000E+00,  2.6738504E+02,3503,  1.5961796E+00,  0.0000000E+00, -2.2524795E-02,  1.0002667E+03,  1.5871534E+04,3,
 -1.6064871E+02,  0.0000000E+00,  2.6624878E+02,3427,  1.4973044E+00,  0.0000000E+00,  1.8083202E-02,  1.0002787E+03,  1.6587623E+04,3,
 -1.5936736E+02,  0.0000000E+00,  2.6746851E+02,3502,  1.4349284E+00,  0.0000000E+00, -1.5749082E-02,  1.0002582E+03,  1.5362670E+04,3,
 -1.5894928E+02,  0.0000000E+00,  2.6670621E+02,3380,  1.3389940E+00,  0.0000000E+00, -4.5429885E-02,  1.0003062E+03,  1.8223553E+04,3,
 -1.5741379E+02,  0.0000000E+00,  2.6657068E+02,3473,  1.6358619E+00,  0.0000000E+00, -3.0900702E-02,  1.0001706E+03,  1.0148317E+04,3,
 -1.5706517E+02,  0.0000000E+00,  2.6643970E+02,3464,  1.6269780E+00,  0.0000000E+00, -7.8658927E-03,  1.0001093E+03,  6.4980840E+03,3,
 -1.5528326E+02,  0.0000000E+00,  2.6729800E+02,3504,  1.3486437E+00,  0.0000000E+00,  2.1007957E-02,  1.0002137E+03,  1.2713364E+04,3,
 -1.5404715E+02,  0.0000000E+00,  2.6723575E+02,3492,  1.2977210E+00,  0.0000000E+00, -7.2523899E-02,  1.0002522E+03,  1.5006480E+04,3,
 -1.5278676E+02,  0.0000000E+00,  2.6718936E+02,3483,  1.5908649E+00,  0.0000000E+00, -2.7920609E-02,  1.0003068E+03,  1.8259908E+04,3,
 -1.5235286E+02,  0.0000000E+00,  2.6611713E+02,3446,  1.4352406E+00,  0.0000000E+00, -4.9326725E-02,  9.9979108E+02, -1.2414369E+04,3,
 -1.5099614E+02,  0.0000000E+00,  2.6722949E+02,3494,  1.3834081E+00,  0.0000000E+00,  9.7699277E-02,  1.0003094E+03,  1.8416246E+04,3,
 -1.4977443E+02,  0.0000000E+00,  2.6708405E+02,3495,  1.3075311E+00,  0.0000000E+00,  7.9666585E-02,  1.0002555E+03,  1.5202747E+04,3,
 -1.4867043E+02,  0.0000000E+00,  2.6671460E+02,3493,  1.1913706E+00,  0.0000000E+00, -3.5004634E-02,  1.0001600E+03,  9.5162402E+03,3,
 -1.4757349E+02,  0.0000000E+00,  2.6712354E+02,3485,  1.4424300E+00,  0.0000000E+00, -1.0597824E-01,  1.0001523E+03,  9.0621875E+03,3,
 -1.4605640E+02,  0.0000000E+00,  2.6689746E+02,3484,  1.5333236E+00,  0.0000000E+00, -4.4199537E-02,  1.0001425E+03,  8.4737646E+03,3,
 -1.4470891E+02,  0.0000000E+00,  2.6628391E+02,3465,  1.5360501E+00,  0.0000000E+00,  3.9560977E-02,  1.0001163E+03,  6.9193359E+03,3,
 -1.4384868E+02,  0.0000000E+00,  2.6743921E+02,3486,  1.2332649E+00,  0.0000000E+00, -6.7132600E-02,  1.0002646E+03,  1.5744315E+04,3,
 -1.4304121E+02,  0.0000000E+00,  2.6637628E+02,3447,  1.5147241E+00,  0.0000000E+00, -1.0358655E-01,  1.0002291E+03,  1.3632728E+04,3,
 -1.4203273E+02,  0.0000000E+00,  2.6604956E+02,3456,  1.5752622E+00,  0.0000000E+00, -1.1088446E-01,  1.0000651E+03,  3.8729263E+03,3,
 -1.4097240E+02,  0.0000000E+00,  2.6723120E+02,3476,  1.4518033E+00,  0.0000000E+00, -1.0153167E-01,  1.0002642E+03,  1.5722507E+04,3,
 -1.3965509E+02,  0.0000000E+00,  2.6703757E+02,3475,  1.4541268E+00,  0.0000000E+00, -1.2881851E-01,  1.0002072E+03,  1.2324567E+04,3,
 -1.3849704E+02,  0.0000000E+00,  2.6659818E+02,3455,  1.4134108E+00,  0.0000000E+00, -1.8968910E-01,  1.0001164E+03,  6.9229673E+03,3,
 -1.3737292E+02,  0.0000000E+00,  2.6643326E+02,3363,  1.4826646E+00,  0.0000000E+00, -2.1459526E-01,  1.0000891E+03,  5.2997930E+03,3,
 -1.3377773E+02,  0.0000000E+00,  2.6568344E+02,3382,  1.5492287E+00,  0.0000000E+00,  8.1548208E-01,  9.9954187E+02, -2.7202053E+04,3,
 -1.3639677E+02,  0.0000000E+00,  2.6635596E+02,3372,  1.6321008E+00,  0.0000000E+00, -1.5296462E-01,  1.0001414E+03,  8.4083867E+03,3,
 -1.3535162E+02,  0.0000000E+00,  2.6715320E+02,3477,  1.5344497E+00,  0.0000000E+00,  9.0589538E-02,  1.0003525E+03,  2.0979793E+04,3,
 -1.3382437E+02,  0.0000000E+00,  2.6689575E+02,3467,  1.7544502E+00,  0.0000000E+00,  3.5654041E-01,  1.0003962E+03,  2.3587654E+04,3,
 -1.3172815E+02,  0.0000000E+00,  2.6685852E+02,3466,  1.3990481E+00,  0.0000000E+00,  8.4685966E-02,  1.0002897E+03,  1.7238326E+04,3,
 -1.3085274E+02,  0.0000000E+00,  2.6634164E+02,3353,  1.3671530E+00,  0.0000000E+00, -1.6698003E-01,  1.0001249E+03,  7.4313989E+03,3,
 -1.2972878E+02,  0.0000000E+00,  2.6639838E+02,3418,  1.6758205E+00,  0.0000000E+00, -3.2490009E-01,  1.0000915E+03,  5.4414019E+03,3,
 -1.2895905E+02,  0.0000000E+00,  2.6729962E+02,3468,  1.8663059E+00,  0.0000000E+00, -2.4946749E-01,  1.0002614E+03,  1.5551674E+04,3,
 -1.2769950E+02,  0.0000000E+00,  2.6625375E+02,3344,  1.7329084E+00,  0.0000000E+00, -9.5778659E-02,  1.0000654E+03,  3.8874480E+03,3,
 -1.2607528E+02,  0.0000000E+00,  2.6730228E+02,3458,  1.6552855E+00,  0.0000000E+00, -8.9431815E-02,  1.0002649E+03,  1.5762490E+04,3,
 -1.2572231E+02,  0.0000000E+00,  2.6636856E+02,3326,  1.6517653E+00,  0.0000000E+00, -1.0222913E-01,  1.0001918E+03,  1.1412592E+04,3,
 -1.2437244E+02,  0.0000000E+00,  2.6610938E+02,3400,  1.7044008E+00,  0.0000000E+00, -1.6994905E-01,  1.0001633E+03,  9.7160303E+03,3,
 -1.2304061E+02,  0.0000000E+00,  2.6601804E+02,3410,  1.7585778E+00,  0.0000000E+00, -5.3214751E-02,  1.0001733E+03,  1.0311792E+04,3,
 -1.2278133E+02,  0.0000000E+00,  2.6717221E+02,3457,  1.6453067E+00,  0.0000000E+00, -5.7268787E-02,  1.0002902E+03,  1.7271045E+04,3,
 -1.2123215E+02,  0.0000000E+00,  2.6688901E+02,3428,  1.6332501E+00,  0.0000000E+00, -2.0203250E-02,  1.0002441E+03,  1.4526736E+04,3,
 -1.1996802E+02,  0.0000000E+00,  2.6698712E+02,3459,  1.7318504E+00,  0.0000000E+00, -5.0129194E-02,  1.0002137E+03,  1.2716997E+04,3,
 -1.1811362E+02,  0.0000000E+00,  2.6691809E+02,3448,  1.8074846E+00,  0.0000000E+00, -1.8515989E-02,  1.0002260E+03,  1.3443761E+04,3,
 -1.1797515E+02,  0.0000000E+00,  2.6610510E+02,3300,  1.8322910E+00,  0.0000000E+00,  5.4909959E-03,  1.0000804E+03,  4.7842095E+03,3,
 -1.1635909E+02,  0.0000000E+00,  2.6703238E+02,3449,  1.7537428E+00,  0.0000000E+00,  9.4713410E-03,  1.0002638E+03,  1.5697063E+04,3,
 -1.1529149E+02,  0.0000000E+00,  2.6651495E+02,3409,  1.6616741E+00,  0.0000000E+00, -7.8363055E-03,  1.0002532E+03,  1.5064634E+04,3,
 -1.1362075E+02,  0.0000000E+00,  2.6721390E+02,3450,  1.9045901E+00,  0.0000000E+00, -5.9834410E-02,  1.0002448E+03,  1.4563079E+04,3,
 -1.1306557E+02,  0.0000000E+00,  2.6625461E+02,3383,  1.8288213E+00,  0.0000000E+00, -4.7206253E-02,  1.0002291E+03,  1.3632728E+04,3,
 -1.1160734E+02,  0.0000000E+00,  2.6603571E+02,3402,  1.7108061E+00,  0.0000000E+00, -7.8865543E-02,  1.0001879E+03,  1.1180069E+04,3,
 -1.1090295E+02,  0.0000000E+00,  2.6679828E+02,3438,  1.9362847E+00,  0.0000000E+00, -9.4099350E-02,  1.0002244E+03,  1.3349278E+04,3,
 -1.0942229E+02,  0.0000000E+00,  2.6681595E+02,3440,  1.8611022E+00,  0.0000000E+00, -4.9785890E-02,  1.0002489E+03,  1.4810219E+04,3,
 -1.0818372E+02,  0.0000000E+00,  2.6668213E+02,3439,  1.8140539E+00,  0.0000000E+00, -2.8768409E-02,  1.0002339E+03,  1.3919819E+04,3,
 -1.0694576E+02,  0.0000000E+00,  2.6662601E+02,3429,  1.7899151E+00,  0.0000000E+00, -6.0491279E-02,  1.0002201E+03,  1.3094907E+04,3,
 -1.0595684E+02,  0.0000000E+00,  2.6633850E+02,3419,  1.8339704E+00,  0.0000000E+00, -7.8805223E-02,  1.0002384E+03,  1.4185113E+04,3,
 -1.0499629E+02,  0.0000000E+00,  2.6636011E+02,3346,  1.8614770E+00,  0.0000000E+00, -8.1905253E-02,  1.0002208E+03,  1.3138514E+04,3,
 -1.0384263E+02,  0.0000000E+00,  2.6607300E+02,3392,  1.8258927E+00,  0.0000000E+00, -4.8981134E-02,  1.0000500E+03,  2.9762473E+03,3,
 -1.0296935E+02,  0.0000000E+00,  2.6700186E+02,3441,  1.9201077E+00,  0.0000000E+00, -6.1260168E-02,  1.0002303E+03,  1.3701774E+04,3,
 -1.0149525E+02,  0.0000000E+00,  2.6673978E+02,3431,  1.7900995E+00,  0.0000000E+00, -4.0658716E-02,  1.0001451E+03,  8.6335801E+03,3,
 -1.0022365E+02,  0.0000000E+00,  2.6655627E+02,3430,  2.0082738E+00,  0.0000000E+00, -3.0193176E-02,  1.0000986E+03,  5.8626089E+03,3,
 -9.8886971E+01,  0.0000000E+00,  2.6650986E+02,3420,  1.9658498E+00,  0.0000000E+00,  4.5949365E-03,  1.0001175E+03,  6.9883359E+03,3,
 -9.7876724E+01,  0.0000000E+00,  2.6628778E+02,3411,  1.8613738E+00,  0.0000000E+00, -1.5954722E-02,  1.0001445E+03,  8.5972578E+03,3,
 -9.6333595E+01,  0.0000000E+00,  2.6691574E+02,3432,  2.0987785E+00,  0.0000000E+00, -2.3833902E-03,  1.0002697E+03,  1.6049643E+04,3,
 -9.6310814E+01,  0.0000000E+00,  2.6595126E+02,3356,  1.8948977E+00,  0.0000000E+00, -3.2209639E-02,  1.0000463E+03,  2.7548127E+03,3,
 -9.4286659E+01,  0.0000000E+00,  2.6687350E+02,3422,  1.9506379E+00,  0.0000000E+00,  1.8051581E-01,  1.0003266E+03,  1.9437949E+04,3,
 -9.3037048E+01,  0.0000000E+00,  2.6687256E+02,3421,  1.9381505E+00,  0.0000000E+00,  1.9732842E-01,  1.0002737E+03,  1.6289549E+04,3,
 -9.2227531E+01,  0.0000000E+00,  2.6608844E+02,3365,  1.7625128E+00,  0.0000000E+00,  1.2334126E-01,  1.0000338E+03,  2.0070540E+03,3,
 -9.1726059E+01,  0.0000000E+00,  2.6583438E+02,3384,  1.4679972E+00,  0.0000000E+00,  8.7235242E-02,  9.9980444E+02, -1.1620576E+04,3,
 -9.0558754E+01,  0.0000000E+00,  2.6700809E+02,3423,  2.0030699E+00,  0.0000000E+00, -6.1755672E-02,  1.0002384E+03,  1.4185113E+04,3,
 -8.8833076E+01,  0.0000000E+00,  2.6659534E+02,3413,  1.9469154E+00,  0.0000000E+00, -4.3739010E-02,  1.0001285E+03,  7.6420425E+03,3,
 -8.7461716E+01,  0.0000000E+00,  2.6649765E+02,3412,  1.8935041E+00,  0.0000000E+00, -1.5464794E-02,  1.0001483E+03,  8.8224551E+03,3,
 -8.6444366E+01,  0.0000000E+00,  2.6630591E+02,3345,  1.9108621E+00,  0.0000000E+00, -3.5607275E-02,  1.0001301E+03,  7.7401021E+03,3,
 -8.5371391E+01,  0.0000000E+00,  2.6616962E+02,3327,  1.8962474E+00,  0.0000000E+00, -7.8089297E-02,  1.0002307E+03,  1.3723578E+04,3,
 -8.4340302E+01,  0.0000000E+00,  2.6676483E+02,3393,  1.8926864E+00,  0.0000000E+00, -9.1923267E-02,  1.0002315E+03,  1.3774455E+04,3,
 -8.3196449E+01,  0.0000000E+00,  2.6592963E+02,3355,  1.8417673E+00,  0.0000000E+00, -1.1181781E-01,  1.0002572E+03,  1.5304516E+04,3,
 -8.1609367E+01,  0.0000000E+00,  2.6584921E+02,3375,  1.8948609E+00,  0.0000000E+00, -2.0444162E-02,  1.0003274E+03,  1.9485219E+04,3,
 -8.1371193E+01,  0.0000000E+00,  2.6711926E+02,3414,  2.1097145E+00,  0.0000000E+00, -5.9493273E-02,  1.0002616E+03,  1.5566213E+04,3,
 -8.0253609E+01,  0.0000000E+00,  2.6575220E+02,3366,  1.9604669E+00,  0.0000000E+00,  1.3335989E-02,  1.0001852E+03,  1.1020213E+04,3,
 -7.8344696E+01,  0.0000000E+00,  2.6582205E+02,3364,  1.8067548E+00,  0.0000000E+00, -9.9811167E-02,  1.0001058E+03,  6.2910962E+03,3,
 -7.8282661E+01,  0.0000000E+00,  2.6687357E+02,3404,  2.0604727E+00,  0.0000000E+00, -5.1221471E-02,  1.0002664E+03,  1.5853360E+04,3,
 -7.6316483E+01,  0.0000000E+00,  2.6657288E+02,3373,  1.9566360E+00,  0.0000000E+00, -2.5360348E-02,  1.0002823E+03,  1.6802096E+04,3,
 -7.5386871E+01,  0.0000000E+00,  2.6570007E+02,3254,  1.9543340E+00,  0.0000000E+00,  6.3843109E-02,  1.0005320E+03,  3.1684748E+04,3,
 -7.4321777E+01,  0.0000000E+00,  2.6656802E+02,3403,  2.1309929E+00,  0.0000000E+00,  1.1486585E-02,  1.0002811E+03,  1.6729393E+04,3,
 -7.2666466E+01,  0.0000000E+00,  2.6569824E+02,3328,  1.8870243E+00,  0.0000000E+00, -8.3839670E-02,  1.0002798E+03,  1.6653055E+04,3,
 -7.2375420E+01,  0.0000000E+00,  2.6681219E+02,3405,  1.8938419E+00,  0.0000000E+00, -2.8111471E-02,  1.0002455E+03,  1.4610326E+04,3,
 -7.0443932E+01,  0.0000000E+00,  2.6589996E+02,3182,  1.8674843E+00,  0.0000000E+00, -1.8099554E-02,  1.0004511E+03,  2.6858449E+04,3,
 -7.0311722E+01,  0.0000000E+00,  2.6647223E+02,3374,  2.0800605E+00,  0.0000000E+00, -7.7129483E-02,  1.0002391E+03,  1.4225090E+04,3,
 -6.8538269E+01,  0.0000000E+00,  2.6562534E+02,3330,  1.9909050E+00,  0.0000000E+00, -1.5605141E-01,  1.0003290E+03,  1.9583396E+04,3,
 -6.7316544E+01,  0.0000000E+00,  2.6689139E+02,3395,  1.9675500E+00,  0.0000000E+00, -1.2884232E-01,  1.0002443E+03,  1.4534005E+04,3,
 -6.6634644E+01,  0.0000000E+00,  2.6599283E+02,3245,  2.1643438E+00,  0.0000000E+00, -1.3712965E-01,  1.0003157E+03,  1.8787102E+04,3,
 -6.5484734E+01,  0.0000000E+00,  2.6572543E+02,3309,  2.1400042E+00,  0.0000000E+00, -1.4590147E-01,  1.0001158E+03,  6.8902837E+03,3,
 -6.4125603E+01,  0.0000000E+00,  2.6656628E+02,3394,  1.7709464E+00,  0.0000000E+00, -8.4504731E-02,  1.0002494E+03,  1.4839294E+04,3,
 -6.2806511E+01,  0.0000000E+00,  2.6658136E+02,3396,  1.8824844E+00,  0.0000000E+00, -1.8473995E-01,  1.0002909E+03,  1.7311033E+04,3,
 -6.1210960E+01,  0.0000000E+00,  2.6660260E+02,3386,  2.3251748E+00,  0.0000000E+00,  5.1430549E-02,  1.0003871E+03,  2.3042020E+04,3,
 -5.9808613E+01,  0.0000000E+00,  2.6599402E+02,3236,  2.1150734E+00,  0.0000000E+00,  2.6846331E-01,  1.0004299E+03,  2.5595846E+04,3,
 -5.8823097E+01,  0.0000000E+00,  2.6582312E+02,3348,  1.9863800E+00,  0.0000000E+00,  2.3431036E-01,  1.0000488E+03,  2.9036453E+03,3,
 -5.8101204E+01,  0.0000000E+00,  2.6585303E+02,3338,  1.9435260E+00,  0.0000000E+00,  1.7912056E-01,  9.9975977E+02, -1.4273552E+04,3,
 -5.6691216E+01,  0.0000000E+00,  2.6588705E+02,3164,  1.9946333E+00,  0.0000000E+00,  4.7952574E-02,  9.9987390E+02, -7.4947300E+03,3,
 -5.6015720E+01,  0.0000000E+00,  2.6653107E+02,3385,  2.0980892E+00,  0.0000000E+00,  9.5670260E-02,  1.0002678E+03,  1.5936962E+04,3,
 -5.3171520E+01,  0.0000000E+00,  2.6544257E+02,3173,  1.8223822E+00,  0.0000000E+00,  2.6035604E-01,  9.9942181E+02, -3.4318180E+04,3,
 -5.4504620E+01,  0.0000000E+00,  2.6660626E+02,3387,  2.1203642E+00,  0.0000000E+00,  1.6790654E-01,  1.0003530E+03,  2.1012523E+04,3,
 -5.2292950E+01,  0.0000000E+00,  2.6638330E+02,3377,  1.8509651E+00,  0.0000000E+00, -4.3478750E-02,  1.0001910E+03,  1.1365360E+04,3,
 -5.0903046E+01,  0.0000000E+00,  2.6615109E+02,3376,  2.0962181E+00,  0.0000000E+00, -2.4249017E-01,  1.0001821E+03,  1.0831296E+04,3,
 -4.9740662E+01,  0.0000000E+00,  2.6607791E+02,3357,  2.2592885E+00,  0.0000000E+00, -1.6903317E-01,  1.0003815E+03,  2.2707379E+04,3,
 -4.8609470E+01,  0.0000000E+00,  2.6584720E+02,3282,  2.2054355E+00,  0.0000000E+00, -1.7690027E-02,  1.0005686E+03,  3.3865723E+04,3,
 -4.7501846E+01,  0.0000000E+00,  2.6583371E+02,3291,  2.1648014E+00,  0.0000000E+00,  6.7223519E-02,  1.0002191E+03,  1.3033133E+04,3,
 -4.6680267E+01,  0.0000000E+00,  2.6545154E+02,3320,  1.8888677E+00,  0.0000000E+00,  1.5563294E-01,  9.9927332E+02, -4.3113090E+04,3,
 -4.4943783E+01,  0.0000000E+00,  2.6678760E+02,3378,  2.2114379E+00,  0.0000000E+00, -2.8936591E-02,  1.0003069E+03,  1.8267180E+04,3,
 -4.4760719E+01,  0.0000000E+00,  2.6577921E+02,3255,  2.3321161E+00,  0.0000000E+00, -1.6392480E-01,  1.0000256E+03,  1.5206781E+03,3,
 -4.3393410E+01,  0.0000000E+00,  2.6554987E+02,3283,  1.8979806E+00,  0.0000000E+00, -1.0037108E-01,  1.0000530E+03,  3.1504944E+03,3,
 -4.2260174E+01,  0.0000000E+00,  2.6650940E+02,3368,  2.0145576E+00,  0.0000000E+00, -2.1146019E-01,  1.0003837E+03,  2.2841961E+04,3,
 -3.8655354E+01,  0.0000000E+00,  2.6507367E+02,3101,  2.4666669E+00,  0.0000000E+00, -7.8261948E-01,  1.0006786E+03,  4.0433375E+04,3,
 -4.0219727E+01,  0.0000000E+00,  2.6505182E+02,3110,  2.7800326E+00,  0.0000000E+00, -6.6827729E-02,  9.9959863E+02, -2.3835752E+04,3,
 -4.0894520E+01,  0.0000000E+00,  2.6624063E+02,3367,  1.9673814E+00,  0.0000000E+00, -3.6435685E-01,  1.0002787E+03,  1.6583988E+04,3,
 -3.8586487E+01,  0.0000000E+00,  2.6602103E+02,3358,  2.0129881E+00,  0.0000000E+00, -8.3288640E-02,  1.0003329E+03,  1.9812479E+04,3,
 -3.6601460E+01,  0.0000000E+00,  2.6654007E+02,3369,  2.1824312E+00,  0.0000000E+00,  5.3576015E-02,  1.0002841E+03,  1.6903881E+04,3,
 -3.4453571E+01,  0.0000000E+00,  2.6518634E+02,3201,  3.0573194E+00,  0.0000000E+00,  1.1928401E-01,  1.0011083E+03,  6.6118984E+04,3,
 -3.4475601E+01,  0.0000000E+00,  2.6519736E+02,3273,  2.9053559E+00,  0.0000000E+00,  8.8370228E-01,  1.0011026E+03,  6.5775586E+04,3,
 -3.5039215E+01,  0.0000000E+00,  2.6650125E+02,3339,  1.9551076E+00,  0.0000000E+00,  3.1389332E-01,  9.9962311E+02, -2.2383906E+04,3,
 -3.1263279E+01,  0.0000000E+00,  2.6525900E+02,3146,  1.3894628E+00,  0.0000000E+00,  3.0206880E-01,  1.0002091E+03,  1.2440842E+04,3,
 -3.3272617E+01,  0.0000000E+00,  2.6687048E+02,3359,  1.8016998E+00,  0.0000000E+00,  5.8606541E-01,  9.9970502E+02, -1.7523564E+04,3,
 -3.1365946E+01,  0.0000000E+00,  2.6656104E+02,3349,  3.2938566E+00,  0.0000000E+00,  4.0789539E-01,  9.9992950E+02, -4.1906372E+03,3,
 -3.1290056E+01,  0.0000000E+00,  2.6532874E+02,3329,  1.3118144E+00,  0.0000000E+00,  8.5819960E-02,  1.0008635E+03,  5.1476645E+04,3,
 -2.8829241E+01,  0.0000000E+00,  2.6584024E+02,3321,  2.3772299E+00,  0.0000000E+00,  2.1375304E-01,  9.9896185E+02, -6.1534176E+04,3,
 -2.8466881E+01,  0.0000000E+00,  2.6629596E+02,3264,  2.0972290E+00,  0.0000000E+00,  1.2412256E-01,  1.0007396E+03,  4.4070578E+04,3,
 -2.8552265E+01,  0.0000000E+00,  2.6597971E+02,3266,  2.0028591E+00,  0.0000000E+00,  1.8438080E-01,  1.0007468E+03,  4.4500715E+04,3,
 -2.6924994E+01,  0.0000000E+00,  2.6712802E+02,3360,  2.5533013E+00,  0.0000000E+00,  2.0127061E-01,  1.0005789E+03,  3.4477500E+04,3,
 -2.5348600E+01,  0.0000000E+00,  2.6593192E+02,3128,  1.9477659E+00,  0.0000000E+00,  4.1075706E-01,  1.0007515E+03,  4.4781410E+04,3,
 -2.5542292E+01,  0.0000000E+00,  2.6576495E+02,3083,  1.2916375E+00,  0.0000000E+00, -4.5320785E-01,  9.9846014E+02, -9.1134805E+04,3,
 -2.4474617E+01,  0.0000000E+00,  2.6596432E+02,2983,  1.5118974E+00,  0.0000000E+00,  8.7809805E-03,  1.0002306E+03,  1.3719944E+04,3,
 -2.3975336E+01,  0.0000000E+00,  2.6673816E+02,3350,  3.0604980E+00,  0.0000000E+00, -6.3725632E-01,  1.0006506E+03,  3.8757355E+04,3,
 -2.2027271E+01,  0.0000000E+00,  2.6608777E+02,3340,  2.2125499E+00,  0.0000000E+00,  4.7380325E-01,  9.9969147E+02, -1.8327750E+04,3,
 -2.0488310E+01,  0.0000000E+00,  2.6593405E+02,3219,  2.2416463E+00,  0.0000000E+00, -4.9246255E-01,  1.0004062E+03,  2.4180611E+04,3,
 -1.9563377E+01,  0.0000000E+00,  2.6607806E+02,3257,  2.6036482E+00,  0.0000000E+00, -2.0927984E-02,  9.9780432E+02, -1.2969374E+05,3,
 -1.9687080E+01,  0.0000000E+00,  2.6739383E+02,3351,  1.8424338E+00,  0.0000000E+00, -4.5182750E-02,  1.0007365E+03,  4.3884676E+04,3,
 -2.0423113E+01,  0.0000000E+00,  2.6618561E+02,3265,  1.7348138E+00,  0.0000000E+00,  7.9363622E-02,  1.0012943E+03,  7.7256570E+04,3,
 -1.7798883E+01,  0.0000000E+00,  2.6582443E+02,2974,  1.7527132E+00,  0.0000000E+00, -5.9988167E-02,  1.0001364E+03,  8.1105586E+03,3,
 -1.6711855E+01,  0.0000000E+00,  2.6718994E+02,3341,  2.4583669E+00,  0.0000000E+00, -1.4197418E-02,  1.0007465E+03,  4.4486133E+04,3,
 -1.5762587E+01,  0.0000000E+00,  2.6603589E+02,3074,  1.9550070E+00,  0.0000000E+00,  1.7775020E-01,  1.0011909E+03,  7.1059367E+04,3,
 -1.5453252E+01,  0.0000000E+00,  2.6606381E+02,3238,  2.0142431E+00,  0.0000000E+00,  1.8883656E-01,  9.9881384E+02, -7.0276000E+04,3,
 -1.5141831E+01,  0.0000000E+00,  2.6620813E+02,3156,  2.3139904E+00,  0.0000000E+00,  1.5750648E-02,  9.9943408E+02, -3.3591246E+04,3,
 -1.2658657E+01,  0.0000000E+00,  2.6715851E+02,3331,  2.3678145E+00,  0.0000000E+00,  1.9113390E-02,  1.0006136E+03,  3.6553453E+04,3,
 -1.2180074E+01,  0.0000000E+00,  2.6620398E+02,3292,  1.8743545E+00,  0.0000000E+00, -9.9309549E-02,  9.9998846E+02, -6.8586200E+02,3,
 -1.2175082E+01,  0.0000000E+00,  2.6628839E+02,3256,  2.0085320E+00,  0.0000000E+00,  1.3146027E-02,  1.0002998E+03,  1.7841811E+04,3,
 -1.1653396E+01,  0.0000000E+00,  2.6627744E+02,3293,  2.1743557E+00,  0.0000000E+00, -5.0991815E-01,  9.9938519E+02, -3.6487812E+04,3,
 -9.9129963E+00,  0.0000000E+00,  2.6628387E+02,3342,  2.2407098E+00,  0.0000000E+00,  9.7503150E-01,  1.0000149E+03,  8.8552167E+02,3,
 -8.0646706E+00,  0.0000000E+00,  2.6664929E+02,2965,  1.9679108E+00,  0.0000000E+00, -1.0894757E-02,  1.0009379E+03,  5.5924387E+04,3,
 -7.5265656E+00,  0.0000000E+00,  2.6638788E+02,3147,  2.3036168E+00,  0.0000000E+00,  7.2871469E-02,  9.9889984E+02, -6.5197676E+04,3,
 -7.3176541E+00,  0.0000000E+00,  2.6651556E+02,3301,  2.0240097E+00,  0.0000000E+00, -4.0347612E-01,  9.9888300E+02, -6.6192641E+04,3,
 -6.3575301E+00,  0.0000000E+00,  2.6754150E+02,3332,  2.0468330E+00,  0.0000000E+00,  1.3813457E-01,  1.0009058E+03,  5.4001289E+04,3,
 -5.6142955E+00,  0.0000000E+00,  2.6634128E+02,2956,  2.2587130E+00,  0.0000000E+00,  4.5860735E-01,  1.0004446E+03,  2.6472738E+04,3,
 -4.4794130E+00,  0.0000000E+00,  2.6643082E+02,3322,  2.0311725E+00,  0.0000000E+00,  5.3938967E-01,  9.9925000E+02, -4.4493246E+04,3,
 -3.2559962E+00,  0.0000000E+00,  2.6676410E+02,3333,  2.2403777E+00,  0.0000000E+00,  4.7306791E-03,  1.0005469E+03,  3.2569459E+04,3,
 -2.0303073E+00,  0.0000000E+00,  2.6665021E+02,3311,  2.1780949E+00,  0.0000000E+00,  4.5085028E-01,  9.9964148E+02, -2.1293979E+04,3,
 -1.5068256E+00,  0.0000000E+00,  2.6668256E+02,2947,  2.1846042E+00,  0.0000000E+00,  3.0142599E-01,  9.9967706E+02, -1.9182578E+04,3,
 -2.8601295E-01,  0.0000000E+00,  2.6676996E+02,3294,  2.1809912E+00,  0.0000000E+00,  9.9375114E-02,  1.0001808E+03,  1.0758637E+04,3,
  3.3521888E-01,  0.0000000E+00,  2.6724380E+02,3228,  2.1971755E+00,  0.0000000E+00,  2.0790882E-01,  1.0006669E+03,  3.9733785E+04,3,
  1.3483231E+00,  0.0000000E+00,  2.6677487E+02,3285,  2.1925209E+00,  0.0000000E+00,  1.0168024E-01,  9.9956268E+02, -2.5967875E+04,3,
  1.5615313E+00,  0.0000000E+00,  2.6674551E+02,3220,  2.0509887E+00,  0.0000000E+00, -1.7629051E-01,  9.9958911E+02, -2.4400502E+04,3,
  2.8252873E+00,  0.0000000E+00,  2.6682584E+02,3312,  2.2452953E+00,  0.0000000E+00,  3.0109748E-01,  9.9993707E+02, -3.7408184E+03,3,
  3.9478841E+00,  0.0000000E+00,  2.6691003E+02,3323,  2.0590122E+00,  0.0000000E+00,  3.1320229E-01,  1.0003383E+03,  2.0136113E+04,3,
  5.1984792E+00,  0.0000000E+00,  2.6694232E+02,3313,  2.2036834E+00,  0.0000000E+00, -3.0000458E-02,  9.9938934E+02, -3.6241945E+04,3,
  6.1888571E+00,  0.0000000E+00,  2.6700122E+02,3302,  2.1331565E+00,  0.0000000E+00,  2.3921339E-01,  9.9976270E+02, -1.4099608E+04,3,
  7.0349588E+00,  0.0000000E+00,  2.6696661E+02,2938,  2.4026225E+00,  0.0000000E+00,  1.3982491E-01,  9.9971741E+02, -1.6788146E+04,3,
  8.8972273E+00,  0.0000000E+00,  2.6700861E+02,3192,  2.6011758E+00,  0.0000000E+00, -1.1413391E-02,  9.9938165E+02, -3.6697520E+04,3,
  7.3240099E+00,  0.0000000E+00,  2.6812604E+02,3324,  1.6295056E+00,  0.0000000E+00, -4.8297988E-03,  1.0010161E+03,  6.0600488E+04,3,
  9.1428633E+00,  0.0000000E+00,  2.6710251E+02,3202,  2.1049762E+00,  0.0000000E+00,  4.4123163E-03,  9.9913611E+02, -5.1232289E+04,3,
  1.0449234E+01,  0.0000000E+00,  2.6716528E+02,3248,  2.0131376E+00,  0.0000000E+00,  5.3070503E-01,  1.0013157E+03,  7.8540359E+04,3,
  1.1594687E+01,  0.0000000E+00,  2.6700571E+02,3193,  2.2694983E+00,  0.0000000E+00, -1.1075645E-02,  9.9917749E+02, -4.8784230E+04,3,
  1.1697309E+01,  0.0000000E+00,  2.6708801E+02,3038,  2.1915982E+00,  0.0000000E+00, -8.7153442E-02,  9.9977588E+02, -1.3316823E+04,3,
  1.2784961E+01,  0.0000000E+00,  2.6705655E+02,3284,  2.1110954E+00,  0.0000000E+00, -1.0831804E-01,  9.9991815E+02, -4.8653276E+03,3,
  1.3159333E+01,  0.0000000E+00,  2.6698557E+02,3314,  2.0386145E+00,  0.0000000E+00, -4.4664910E-01,  9.9993744E+02, -3.7190525E+03,3,
  1.6009838E+01,  0.0000000E+00,  2.6709198E+02,3315,  2.4939592E+00,  0.0000000E+00,  4.1667137E-01,  9.9973242E+02, -1.5896880E+04,3,
  1.6967514E+01,  0.0000000E+00,  2.6699017E+02,2929,  2.2823925E+00,  0.0000000E+00,  5.9709728E-01,  9.9947766E+02, -3.1008570E+04,3,
  1.7899746E+01,  0.0000000E+00,  2.6703241E+02,3174,  2.3158004E+00,  0.0000000E+00,  2.3342142E-01,  9.9979712E+02, -1.2055539E+04,3,
  1.7818520E+01,  0.0000000E+00,  2.6706656E+02,3210,  2.1545315E+00,  0.0000000E+00,  1.1045680E-01,  1.0001817E+03,  1.0809498E+04,3,
  1.7824656E+01,  0.0000000E+00,  2.6706165E+02,3137,  2.3657329E+00,  0.0000000E+00,  3.7027296E-01,  1.0005451E+03,  3.2463871E+04,3,
  2.0172302E+01,  0.0000000E+00,  2.6704480E+02,3304,  2.3229330E+00,  0.0000000E+00, -4.1313988E-01,  9.9968060E+02, -1.8972500E+04,3,
  2.2117851E+01,  0.0000000E+00,  2.6700586E+02,3029,  2.3579609E+00,  0.0000000E+00, -1.1026692E-01,  9.9982678E+02, -1.0293822E+04,3,
  2.2127317E+01,  0.0000000E+00,  2.6703644E+02,3047,  2.3153515E+00,  0.0000000E+00,  5.1378597E-02,  9.9979590E+02, -1.2128031E+04,3,
  2.2199902E+01,  0.0000000E+00,  2.6706540E+02,3229,  2.3230724E+00,  0.0000000E+00,  2.5352815E-01,  9.9983002E+02, -1.0101682E+04,3,
  2.3780678E+01,  0.0000000E+00,  2.6747751E+02,3184,  2.3058059E+00,  0.0000000E+00,  3.9817065E-02,  1.0009549E+03,  5.6939000E+04,3,
  2.4652399E+01,  0.0000000E+00,  2.6709125E+02,3129,  2.3022552E+00,  0.0000000E+00,  2.0622662E-01,  9.9916217E+02, -4.9690590E+04,3,
  2.5206470E+01,  0.0000000E+00,  2.6696170E+02,2920,  2.3763537E+00,  0.0000000E+00,  2.0776913E-01,  1.0000098E+03,  5.8429022E+02,3,
  2.6040651E+01,  0.0000000E+00,  2.6704453E+02,3303,  2.2339091E+00,  0.0000000E+00,  4.4646464E-02,  9.9987531E+02, -7.4113252E+03,3,
  2.7466623E+01,  0.0000000E+00,  2.6708560E+02,3306,  2.4436078E+00,  0.0000000E+00, -3.8142374E-01,  1.0001644E+03,  9.7814170E+03,3,
  2.8840307E+01,  0.0000000E+00,  2.6712708E+02,3275,  2.3305740E+00,  0.0000000E+00, -1.5261757E-01,  9.9965668E+02, -2.0392252E+04,3,
  3.0366787E+01,  0.0000000E+00,  2.6707202E+02,3247,  2.4157674E+00,  0.0000000E+00, -2.9868799E-01,  9.9934772E+02, -3.8707578E+04,3,
  3.0516367E+01,  0.0000000E+00,  2.6718295E+02,3065,  2.3961029E+00,  0.0000000E+00, -4.0927032E-01,  1.0008378E+03,  4.9937363E+04,3,
  3.0547405E+01,  0.0000000E+00,  2.6713065E+02,3138,  2.2720728E+00,  0.0000000E+00, -4.5105186E-01,  1.0001349E+03,  8.0233911E+03,3,
  3.1070633E+01,  0.0000000E+00,  2.6714685E+02,3276,  2.3570559E+00,  0.0000000E+00, -4.2595202E-01,  9.9991339E+02, -5.1482485E+03,3,
  3.4228306E+01,  0.0000000E+00,  2.6709891E+02,3297,  2.4896147E+00,  0.0000000E+00, -4.5309599E-02,  9.9991980E+02, -4.7673916E+03,3,
  3.4725834E+01,  0.0000000E+00,  2.6705130E+02,3305,  2.4678802E+00,  0.0000000E+00,  3.0205896E-01,  9.9993884E+02, -3.6356160E+03,3,
  3.4890388E+01,  0.0000000E+00,  2.6700998E+02,3295,  2.4451463E+00,  0.0000000E+00,  3.5387331E-01,  9.9991809E+02, -4.8689551E+03,3,
  3.7350216E+01,  0.0000000E+00,  2.6706775E+02,3166,  2.4521897E+00,  0.0000000E+00,  4.5709568E-01,  9.9994043E+02, -3.5412954E+03,3,
  3.7446426E+01,  0.0000000E+00,  2.6705869E+02,3120,  2.4365046E+00,  0.0000000E+00,  2.4327962E-01,  1.0001205E+03,  7.1662852E+03,3,
  3.7453667E+01,  0.0000000E+00,  2.6709396E+02,3165,  2.3614211E+00,  0.0000000E+00,  3.2610103E-01,  1.0000609E+03,  3.6187983E+03,3,
  3.7914253E+01,  0.0000000E+00,  2.6701736E+02,2911,  2.4602828E+00,  0.0000000E+00, -1.6654794E-01,  9.9984454E+02, -9.2388164E+03,3,
  4.0888428E+01,  0.0000000E+00,  2.6710159E+02,3296,  2.3778527E+00,  0.0000000E+00,  1.2609029E-02,  9.9989740E+02, -6.0985137E+03,3,
  4.2232327E+01,  0.0000000E+00,  2.6711792E+02,3183,  2.4016674E+00,  0.0000000E+00,  7.1816795E-02,  9.9997223E+02, -1.6510687E+03,3,
  4.2252495E+01,  0.0000000E+00,  2.6711292E+02,3020,  2.3885522E+00,  0.0000000E+00,  8.5609958E-02,  9.9993347E+02, -3.9548477E+03,3,
  4.2356056E+01,  0.0000000E+00,  2.6710165E+02,3211,  2.3988657E+00,  0.0000000E+00,  1.3003916E-01,  1.0002977E+03,  1.7714566E+04,3,
  4.3893887E+01,  0.0000000E+00,  2.6710852E+02,2902,  2.3793433E+00,  0.0000000E+00,  1.9371748E-01,  9.9982831E+02, -1.0203190E+04,3,
  4.4280849E+01,  0.0000000E+00,  2.6704013E+02,3267,  2.4679959E+00,  0.0000000E+00,  3.2755351E-01,  9.9994855E+02, -3.0587959E+03,3,
  4.6674988E+01,  0.0000000E+00,  2.6711978E+02,3286,  2.3085515E+00,  0.0000000E+00, -1.3534613E-01,  9.9995721E+02, -2.5436199E+03,3,
  4.6830235E+01,  0.0000000E+00,  2.6714731E+02,3287,  2.3374827E+00,  0.0000000E+00, -1.2075701E-01,  9.9999048E+02, -5.6611169E+02,3,
  4.7862522E+01,  0.0000000E+00,  2.6708606E+02,2893,  2.4077392E+00,  0.0000000E+00, -4.0836743E-01,  9.9983966E+02, -9.5288643E+03,3,
  4.8763577E+01,  0.0000000E+00,  2.6713272E+02,3002,  2.4161494E+00,  0.0000000E+00, -2.6746526E-01,  1.0005747E+03,  3.4229871E+04,3,
  4.9939018E+01,  0.0000000E+00,  2.6707043E+02,3167,  2.3693023E+00,  0.0000000E+00, -1.7441766E-01,  9.9926740E+02, -4.3463566E+04,3,
  5.0954330E+01,  0.0000000E+00,  2.6716299E+02,3277,  2.3711133E+00,  0.0000000E+00, -2.3476552E-02,  1.0000581E+03,  3.4554341E+03,3,
  5.1000786E+01,  0.0000000E+00,  2.6706738E+02,3258,  2.4000843E+00,  0.0000000E+00, -2.3344314E-01,  1.0000162E+03,  9.6536761E+02,3,
  5.1226959E+01,  0.0000000E+00,  2.6700018E+02,3288,  2.4044499E+00,  0.0000000E+00,  1.1306210E-01,  1.0000055E+03,  3.2661761E+02,3,
  7.7362915E+01,  0.0000000E+00,  2.6507806E+02,3278,  7.0457416E+00,  0.0000000E+00, -5.1879603E-01,  9.9965906E+02, -2.0251010E+04,3,
