TimeStep [s],Np,Nbound,Nfixed,Nmoving,Nfloat,Nfluid
292.002,1800,0,0,0,0,1800

Pos.x [m],Pos.y [m],Pos.z [m],Idp,Vel.x [m/s],Vel.y [m/s],Vel.z [m/s],Rhop [kg/m^3],Press [Pa],Type,
  3.0184293E+02,  0.0000000E+00,  2.5101947E+02,2975,  1.5343671E-01,  0.0000000E+00, -8.6077511E-02,  1.0010667E+03,  6.3624145E+04,3,
  3.0337598E+02,  0.0000000E+00,  2.5098598E+02,3230,  4.0231782E-01,  0.0000000E+00,  9.0030208E-03,  1.0008646E+03,  5.1542309E+04,3,
  3.0469211E+02,  0.0000000E+00,  2.5082436E+02,3222,  3.1620812E-01,  0.0000000E+00, -1.2122487E-02,  1.0011922E+03,  7.1139781E+04,3,
  3.0220294E+02,  0.0000000E+00,  2.5049622E+02,3206,  6.5083086E-02,  0.0000000E+00, -1.7361138E-02,  1.0015991E+03,  9.5537805E+04,3,
  3.0571152E+02,  0.0000000E+00,  2.5093512E+02,3213,  2.0292169E-01,  0.0000000E+00, -1.6079789E-02,  1.0009012E+03,  5.3727633E+04,3,
  3.0743332E+02,  0.0000000E+00,  2.5082368E+02,3030,  2.8727809E-01,  0.0000000E+00, -8.0512669E-03,  1.0011691E+03,  6.9754602E+04,3,
  3.0636273E+02,  0.0000000E+00,  2.5107269E+02,3258,  3.0064681E-01,  0.0000000E+00, -7.2010173E-03,  1.0006713E+03,  3.9996125E+04,3,
  3.0867953E+02,  0.0000000E+00,  2.5058409E+02,3179,  2.8325260E-01,  0.0000000E+00,  4.8912629E-03,  1.0017077E+03,  1.0205816E+05,3,
  3.0988913E+02,  0.0000000E+00,  2.5080312E+02,2803,  3.0679950E-01,  0.0000000E+00,  6.5890825E-03,  1.0012632E+03,  7.5395172E+04,3,
  3.1101324E+02,  0.0000000E+00,  2.5083940E+02,3049,  2.9257199E-01,  0.0000000E+00,  3.4200549E-03,  1.0010697E+03,  6.3806762E+04,3,
  3.1190610E+02,  0.0000000E+00,  2.5099092E+02,2948,  3.3223641E-01,  0.0000000E+00, -6.7825853E-03,  1.0007815E+03,  4.6575117E+04,3,
  3.1270093E+02,  0.0000000E+00,  2.5105971E+02,3103,  3.0584592E-01,  0.0000000E+00, -2.1893008E-02,  1.0007671E+03,  4.5714680E+04,3,
  3.1400424E+02,  0.0000000E+00,  2.5057564E+02,3171,  3.1019410E-01,  0.0000000E+00, -5.5906605E-03,  1.0018472E+03,  1.1044298E+05,3,
  3.1526105E+02,  0.0000000E+00,  2.5061478E+02,3161,  3.4823596E-01,  0.0000000E+00,  2.6369933E-03,  1.0018266E+03,  1.0920278E+05,3,
  3.1666769E+02,  0.0000000E+00,  2.5098170E+02,3204,  3.6548170E-01,  0.0000000E+00, -9.2232665E-03,  1.0009457E+03,  5.6391535E+04,3,
  3.1750085E+02,  0.0000000E+00,  2.5076122E+02,2912,  3.2868421E-01,  0.0000000E+00,  1.2680495E-02,  1.0011374E+03,  6.7858070E+04,3,
  3.1863467E+02,  0.0000000E+00,  2.5100114E+02,3130,  3.7182602E-01,  0.0000000E+00,  2.9962475E-03,  1.0006519E+03,  3.8837504E+04,3,
  3.1919498E+02,  0.0000000E+00,  2.5097577E+02,3067,  3.4559020E-01,  0.0000000E+00, -8.2395235E-03,  1.0007014E+03,  4.1788969E+04,3,
  3.1999695E+02,  0.0000000E+00,  2.5092725E+02,3104,  3.9314172E-01,  0.0000000E+00,  5.2238996E-03,  1.0008862E+03,  5.2833746E+04,3,
  3.2158902E+02,  0.0000000E+00,  2.5059233E+02,3090,  3.6822712E-01,  0.0000000E+00, -1.6484288E-02,  1.0020020E+03,  1.1974930E+05,3,
  3.2289471E+02,  0.0000000E+00,  2.5073428E+02,3072,  3.9033666E-01,  0.0000000E+00, -9.6560773E-03,  1.0019828E+03,  1.1859609E+05,3,
  3.2422070E+02,  0.0000000E+00,  2.5053400E+02,2946,  3.8351944E-01,  0.0000000E+00,  1.2294647E-02,  1.0021686E+03,  1.2978481E+05,3,
  3.2579788E+02,  0.0000000E+00,  2.5103337E+02,3123,  4.5084417E-01,  0.0000000E+00, -3.1872317E-02,  1.0008231E+03,  4.9062047E+04,3,
  3.2650958E+02,  0.0000000E+00,  2.5092522E+02,2976,  4.0415516E-01,  0.0000000E+00, -3.5004723E-03,  1.0008776E+03,  5.2315691E+04,3,
  3.2735599E+02,  0.0000000E+00,  2.5078801E+02,3013,  4.0162796E-01,  0.0000000E+00, -3.7319944E-03,  1.0010792E+03,  6.4372895E+04,3,
  3.2844131E+02,  0.0000000E+00,  2.5082497E+02,3031,  4.6707365E-01,  0.0000000E+00, -3.5440654E-04,  1.0010763E+03,  6.4201227E+04,3,
  3.2930453E+02,  0.0000000E+00,  2.5108087E+02,2967,  3.9215025E-01,  0.0000000E+00, -3.2469314E-02,  1.0008488E+03,  5.0593898E+04,3,
  3.3054440E+02,  0.0000000E+00,  2.5062978E+02,3107,  4.6698084E-01,  0.0000000E+00,  6.0420120E-03,  1.0017671E+03,  1.0562616E+05,3,
  3.3177817E+02,  0.0000000E+00,  2.5057291E+02,3062,  4.4719529E-01,  0.0000000E+00,  2.7673172E-03,  1.0018431E+03,  1.1019345E+05,3,
  3.3300629E+02,  0.0000000E+00,  2.5103851E+02,3077,  4.8445430E-01,  0.0000000E+00, -2.0762803E-02,  1.0008614E+03,  5.1348969E+04,3,
  3.3393042E+02,  0.0000000E+00,  2.5108868E+02,3040,  4.6638519E-01,  0.0000000E+00, -1.5444412E-02,  1.0007119E+03,  4.2419457E+04,3,
  3.3465048E+02,  0.0000000E+00,  2.5072897E+02,3004,  4.6763328E-01,  0.0000000E+00, -5.1045031E-03,  1.0012181E+03,  7.2693297E+04,3,
  3.3578772E+02,  0.0000000E+00,  2.5088936E+02,3069,  4.7940439E-01,  0.0000000E+00,  7.1295328E-04,  1.0010519E+03,  6.2743977E+04,3,
  3.3683850E+02,  0.0000000E+00,  2.5065996E+02,2867,  4.7996345E-01,  0.0000000E+00,  3.7139074E-03,  1.0014102E+03,  8.4200531E+04,3,
  3.3796967E+02,  0.0000000E+00,  2.5087611E+02,2939,  5.0408602E-01,  0.0000000E+00, -4.7232029E-03,  1.0009734E+03,  5.8048621E+04,3,
  3.3877939E+02,  0.0000000E+00,  2.5103659E+02,2921,  5.0328213E-01,  0.0000000E+00, -1.0810349E-02,  1.0007159E+03,  4.2656355E+04,3,
  3.3946823E+02,  0.0000000E+00,  2.5107503E+02,3058,  4.6184382E-01,  0.0000000E+00, -2.5952915E-02,  1.0007271E+03,  4.3326992E+04,3,
  3.4069882E+02,  0.0000000E+00,  2.5072108E+02,2704,  5.2318114E-01,  0.0000000E+00,  5.7251179E-03,  1.0015547E+03,  9.2870781E+04,3,
  3.4198938E+02,  0.0000000E+00,  2.5050421E+02,3008,  5.0061423E-01,  0.0000000E+00,  2.7631008E-04,  1.0020547E+03,  1.2292312E+05,3,
  3.4317416E+02,  0.0000000E+00,  2.5094386E+02,2995,  5.0960666E-01,  0.0000000E+00, -2.0454298E-03,  1.0011829E+03,  7.0584227E+04,3,
  3.4421329E+02,  0.0000000E+00,  2.5096638E+02,2958,  5.3193539E-01,  0.0000000E+00, -9.0580750E-03,  1.0009587E+03,  5.7165293E+04,3,
  3.4523868E+02,  0.0000000E+00,  2.5071248E+02,2695,  5.1384419E-01,  0.0000000E+00, -5.3403233E-03,  1.0012598E+03,  7.5190406E+04,3,
  3.4593399E+02,  0.0000000E+00,  2.5124721E+02,2831,  5.2101678E-01,  0.0000000E+00, -2.4161423E-03,  1.0007325E+03,  4.3647746E+04,3,
  3.4716730E+02,  0.0000000E+00,  2.5075471E+02,3061,  5.1778388E-01,  0.0000000E+00,  3.0303821E-03,  1.0015914E+03,  9.5072492E+04,3,
  3.4842932E+02,  0.0000000E+00,  2.5042368E+02,2999,  5.0840080E-01,  0.0000000E+00,  6.9246576E-03,  1.0023057E+03,  1.3804562E+05,3,
  3.4972940E+02,  0.0000000E+00,  2.5113879E+02,2804,  5.3797156E-01,  0.0000000E+00, -7.3663867E-03,  1.0008823E+03,  5.2600250E+04,3,
  3.5068707E+02,  0.0000000E+00,  2.5096121E+02,2996,  5.2988380E-01,  0.0000000E+00, -8.7042265E-03,  1.0009248E+03,  5.5139777E+04,3,
  3.5155823E+02,  0.0000000E+00,  2.5072852E+02,2941,  5.1030594E-01,  0.0000000E+00, -2.4434542E-03,  1.0011799E+03,  7.0401484E+04,3,
  3.5255792E+02,  0.0000000E+00,  2.5090660E+02,2931,  5.3752726E-01,  0.0000000E+00, -5.5867294E-04,  1.0008986E+03,  5.3574391E+04,3,
  3.5352908E+02,  0.0000000E+00,  2.5089435E+02,2922,  5.1662999E-01,  0.0000000E+00,  1.4486068E-03,  1.0009218E+03,  5.4960969E+04,3,
  3.5403186E+02,  0.0000000E+00,  2.5114664E+02,2950,  5.2955043E-01,  0.0000000E+00,  1.7793443E-02,  1.0007435E+03,  4.4307516E+04,3,
  3.5569647E+02,  0.0000000E+00,  2.5046507E+02,3009,  4.9608162E-01,  0.0000000E+00, -3.1698556E-03,  1.0023120E+03,  1.3842462E+05,3,
  3.5684714E+02,  0.0000000E+00,  2.5076801E+02,2910,  4.7557691E-01,  0.0000000E+00, -8.1977742E-03,  1.0019285E+03,  1.1533185E+05,3,
  3.5834018E+02,  0.0000000E+00,  2.5066960E+02,2937,  7.6422858E-01,  0.0000000E+00, -1.1706467E-01,  1.0015402E+03,  9.2002688E+04,3,
  3.5970706E+02,  0.0000000E+00,  2.5065565E+02,2963,  3.6593294E-01,  0.0000000E+00,  1.2736119E-01,  1.0012242E+03,  7.3058867E+04,3,
  3.6015179E+02,  0.0000000E+00,  2.5092511E+02,2981,  1.6889298E-01,  0.0000000E+00,  1.6223626E-01,  1.0011059E+03,  6.5972859E+04,3,
  3.8959531E+02,  0.0000000E+00,  2.5062973E+02,2811,  6.6531681E-02,  0.0000000E+00, -2.2789350E-02,  1.0017099E+03,  1.0219014E+05,3,
  3.9106738E+02,  0.0000000E+00,  2.5078990E+02,2542,  1.2779598E-01,  0.0000000E+00,  2.0017379E-03,  1.0009982E+03,  5.9527090E+04,3,
  3.9277310E+02,  0.0000000E+00,  2.5087132E+02,2879,  2.8351972E-01,  0.0000000E+00,  1.8595256E-02,  1.0010949E+03,  6.5315309E+04,3,
  3.9370923E+02,  0.0000000E+00,  2.5086301E+02,2908,  1.9891362E-01,  0.0000000E+00,  6.3752956E-03,  1.0010302E+03,  6.1440301E+04,3,
  3.9550916E+02,  0.0000000E+00,  2.5098145E+02,2881,  2.3189981E-01,  0.0000000E+00, -2.0939186E-03,  1.0009592E+03,  5.7198145E+04,3,
  3.9668103E+02,  0.0000000E+00,  2.5061252E+02,2828,  2.2543921E-01,  0.0000000E+00,  7.5320486E-04,  1.0016298E+03,  9.7377297E+04,3,
  3.9458173E+02,  0.0000000E+00,  2.5097552E+02,2787,  2.2604997E-01,  0.0000000E+00,  1.2709928E-03,  1.0008737E+03,  5.2085859E+04,3,
  3.9104538E+02,  0.0000000E+00,  2.5093611E+02,2896,  2.7533630E-01,  0.0000000E+00, -4.6328921E-02,  1.0008921E+03,  5.3183992E+04,3,
  3.9786194E+02,  0.0000000E+00,  2.5083119E+02,2497,  2.2903836E-01,  0.0000000E+00,  4.9533062E-03,  1.0012866E+03,  7.6795758E+04,3,
  3.9896585E+02,  0.0000000E+00,  2.5078706E+02,2845,  2.3010521E-01,  0.0000000E+00,  8.3954325E-03,  1.0011838E+03,  7.0639047E+04,3,
  4.0009482E+02,  0.0000000E+00,  2.5086607E+02,2851,  2.3469572E-01,  0.0000000E+00,  8.2420297E-03,  1.0008895E+03,  5.3030758E+04,3,
  4.0079266E+02,  0.0000000E+00,  2.5118777E+02,2951,  2.3531181E-01,  0.0000000E+00,  8.7273847E-03,  1.0004856E+03,  2.8914617E+04,3,
  4.0153857E+02,  0.0000000E+00,  2.5092921E+02,2868,  2.2116025E-01,  0.0000000E+00,  8.1429323E-03,  1.0008435E+03,  5.0280215E+04,3,
  4.0260352E+02,  0.0000000E+00,  2.5091478E+02,2606,  2.4350147E-01,  0.0000000E+00,  1.7800322E-02,  1.0011209E+03,  6.6871578E+04,3,
  4.0406470E+02,  0.0000000E+00,  2.5039185E+02,2721,  2.4393225E-01,  0.0000000E+00,  1.2025696E-02,  1.0022252E+03,  1.3319352E+05,3,
  4.0505066E+02,  0.0000000E+00,  2.5118454E+02,2819,  2.2531091E-01,  0.0000000E+00,  1.1543220E-02,  1.0010094E+03,  6.0198863E+04,3,
  4.0617776E+02,  0.0000000E+00,  2.5096350E+02,2774,  2.2659549E-01,  0.0000000E+00, -4.0166880E-04,  1.0010477E+03,  6.2491992E+04,3,
  4.0706949E+02,  0.0000000E+00,  2.5087791E+02,2772,  2.0440961E-01,  0.0000000E+00,  6.5298541E-04,  1.0011598E+03,  6.9199125E+04,3,
  4.0833981E+02,  0.0000000E+00,  2.5065773E+02,2809,  3.6446702E-01,  0.0000000E+00, -3.0221215E-02,  1.0012687E+03,  7.5720617E+04,3,
  4.0960791E+02,  0.0000000E+00,  2.5074420E+02,2579,  1.4203028E-01,  0.0000000E+00,  6.7740604E-02,  1.0009512E+03,  5.6720008E+04,3,
  4.0997427E+02,  0.0000000E+00,  2.5094287E+02,2762,  6.0635239E-02,  0.0000000E+00,  7.5756222E-02,  1.0008507E+03,  5.0710621E+04,3,
  6.6088580E+02,  0.0000000E+00,  2.5086720E+02,2738,  3.3203009E-01,  0.0000000E+00,  2.2236457E-02,  1.0007915E+03,  4.7173090E+04,3,
  6.6066187E+02,  0.0000000E+00,  2.5088683E+02,2416,  1.8362179E-01,  0.0000000E+00,  4.1643623E-02,  1.0007859E+03,  4.6841281E+04,3,
  6.5970343E+02,  0.0000000E+00,  2.5086600E+02,2495,  3.5484749E-01,  0.0000000E+00, -2.2089453E-01,  1.0011774E+03,  7.0255289E+04,3,
  6.6230957E+02,  0.0000000E+00,  2.5098705E+02,2546,  6.5063447E-01,  0.0000000E+00,  4.5670718E-02,  1.0007134E+03,  4.2510570E+04,3,
  6.6333582E+02,  0.0000000E+00,  2.5094856E+02,2664,  3.8199311E-01,  0.0000000E+00,  1.3157386E-02,  1.0007256E+03,  4.3239516E+04,3,
  6.6417297E+02,  0.0000000E+00,  2.5087265E+02,2335,  3.6798456E-01,  0.0000000E+00, -8.8560358E-03,  1.0007869E+03,  4.6899621E+04,3,
  6.6510760E+02,  0.0000000E+00,  2.5101909E+02,2591,  3.8175824E-01,  0.0000000E+00, -1.5114451E-02,  1.0005662E+03,  3.3720066E+04,3,
  6.6583301E+02,  0.0000000E+00,  2.5101175E+02,2657,  4.4157007E-01,  0.0000000E+00, -1.1615263E-02,  1.0005938E+03,  3.5369742E+04,3,
  6.6682471E+02,  0.0000000E+00,  2.5081631E+02,2620,  4.3365967E-01,  0.0000000E+00, -6.7006652E-03,  1.0009148E+03,  5.4541324E+04,3,
  6.6773785E+02,  0.0000000E+00,  2.5106648E+02,2499,  4.1532353E-01,  0.0000000E+00, -8.2938662E-03,  1.0005590E+03,  3.3294035E+04,3,
  6.6855762E+02,  0.0000000E+00,  2.5089604E+02,2454,  4.2671406E-01,  0.0000000E+00,  1.5022334E-03,  1.0007778E+03,  4.6356355E+04,3,
  6.6947192E+02,  0.0000000E+00,  2.5096620E+02,2463,  4.1593882E-01,  0.0000000E+00,  6.2363888E-03,  1.0006618E+03,  3.9427727E+04,3,
  6.7031104E+02,  0.0000000E+00,  2.5101617E+02,2584,  4.6122989E-01,  0.0000000E+00,  4.0679402E-03,  1.0005790E+03,  3.4484781E+04,3,
  6.7133704E+02,  0.0000000E+00,  2.5079962E+02,2529,  4.3368754E-01,  0.0000000E+00,  6.5208944E-03,  1.0008747E+03,  5.2144227E+04,3,
  6.7198047E+02,  0.0000000E+00,  2.5112263E+02,2593,  4.4652683E-01,  0.0000000E+00,  4.3136626E-03,  1.0004139E+03,  2.4642631E+04,3,
  6.7299432E+02,  0.0000000E+00,  2.5092010E+02,2492,  4.3441945E-01,  0.0000000E+00,  8.2558785E-03,  1.0007111E+03,  4.2368434E+04,3,
  6.7378467E+02,  0.0000000E+00,  2.5095027E+02,2547,  4.4542953E-01,  0.0000000E+00,  1.1896758E-02,  1.0006987E+03,  4.1632266E+04,3,
  6.7483331E+02,  0.0000000E+00,  2.5091307E+02,2520,  4.6171567E-01,  0.0000000E+00,  1.0074087E-02,  1.0008480E+03,  5.0550129E+04,3,
  6.7591589E+02,  0.0000000E+00,  2.5081305E+02,2694,  4.5778558E-01,  0.0000000E+00, -5.7641040E-03,  1.0010692E+03,  6.3773891E+04,3,
  6.7702197E+02,  0.0000000E+00,  2.5092792E+02,2553,  4.4096869E-01,  0.0000000E+00, -1.5042716E-02,  1.0009628E+03,  5.7413492E+04,3,
  6.7803229E+02,  0.0000000E+00,  2.5070186E+02,2599,  4.5187226E-01,  0.0000000E+00, -1.4890683E-02,  1.0012281E+03,  7.3292844E+04,3,
  6.7930957E+02,  0.0000000E+00,  2.5100459E+02,2567,  4.3203169E-01,  0.0000000E+00, -1.5632389E-03,  1.0006289E+03,  3.7464098E+04,3,
  6.8008398E+02,  0.0000000E+00,  2.5101263E+02,2418,  4.5984733E-01,  0.0000000E+00, -7.9463655E-03,  1.0005436E+03,  3.2376490E+04,3,
  6.8086511E+02,  0.0000000E+00,  2.5102014E+02,2572,  4.4935787E-01,  0.0000000E+00, -1.6052400E-03,  1.0005241E+03,  3.1211477E+04,3,
  6.8163379E+02,  0.0000000E+00,  2.5093599E+02,2555,  4.3856937E-01,  0.0000000E+00,  3.6399085E-03,  1.0006607E+03,  3.9362145E+04,3,
  6.8264355E+02,  0.0000000E+00,  2.5084390E+02,2428,  4.6133143E-01,  0.0000000E+00,  1.0211686E-02,  1.0008448E+03,  5.0360461E+04,3,
  6.8376080E+02,  0.0000000E+00,  2.5083809E+02,2574,  4.4391075E-01,  0.0000000E+00,  8.2258470E-03,  1.0008484E+03,  5.0572016E+04,3,
  6.8437585E+02,  0.0000000E+00,  2.5115639E+02,2419,  4.8499569E-01,  0.0000000E+00,  6.9941380E-03,  1.0004282E+03,  2.5490332E+04,3,
  6.8542657E+02,  0.0000000E+00,  2.5090126E+02,2500,  4.4140726E-01,  0.0000000E+00,  1.2472745E-03,  1.0008115E+03,  4.8369145E+04,3,
  6.8639246E+02,  0.0000000E+00,  2.5079929E+02,2483,  4.7094494E-01,  0.0000000E+00,  3.4553804E-03,  1.0009691E+03,  5.7785805E+04,3,
  6.8742694E+02,  0.0000000E+00,  2.5100124E+02,2445,  4.4740215E-01,  0.0000000E+00,  3.7370459E-03,  1.0006586E+03,  3.9234625E+04,3,
  6.8829608E+02,  0.0000000E+00,  2.5086766E+02,2308,  4.7916451E-01,  0.0000000E+00, -3.2474222E-03,  1.0007929E+03,  4.7256953E+04,3,
  6.8934167E+02,  0.0000000E+00,  2.5091722E+02,2530,  4.5245203E-01,  0.0000000E+00, -4.7891475E-03,  1.0006819E+03,  4.0626500E+04,3,
  6.8993738E+02,  0.0000000E+00,  2.5108191E+02,2473,  4.6083292E-01,  0.0000000E+00, -6.6622896E-03,  1.0004438E+03,  2.6421797E+04,3,
  6.9127197E+02,  0.0000000E+00,  2.5081099E+02,2508,  4.8019943E-01,  0.0000000E+00, -7.6527880E-03,  1.0008689E+03,  5.1797664E+04,3,
  6.9157428E+02,  0.0000000E+00,  2.5108878E+02,2527,  4.3987560E-01,  0.0000000E+00, -2.2867110E-02,  1.0005450E+03,  3.2456590E+04,3,
  6.9301807E+02,  0.0000000E+00,  2.5076744E+02,2526,  4.8251116E-01,  0.0000000E+00, -2.9290589E-03,  1.0011230E+03,  6.6995797E+04,3,
  6.9409558E+02,  0.0000000E+00,  2.5073639E+02,2592,  4.7441870E-01,  0.0000000E+00,  1.0040337E-02,  1.0011591E+03,  6.9158930E+04,3,
  6.9528461E+02,  0.0000000E+00,  2.5094519E+02,2581,  4.2291185E-01,  0.0000000E+00,  3.6733706E-02,  1.0007439E+03,  4.4329387E+04,3,
  6.9619312E+02,  0.0000000E+00,  2.5102838E+02,2457,  4.3575901E-01,  0.0000000E+00,  1.7056048E-02,  1.0005540E+03,  3.2991816E+04,3,
  6.9685748E+02,  0.0000000E+00,  2.5104985E+02,2475,  5.4722130E-01,  0.0000000E+00, -3.2579478E-02,  1.0005318E+03,  3.1670186E+04,3,
  6.9752631E+02,  0.0000000E+00,  2.5097234E+02,2531,  5.4811424E-01,  0.0000000E+00, -6.7746446E-02,  1.0006448E+03,  3.8411254E+04,3,
  6.9916632E+02,  0.0000000E+00,  2.5052666E+02,2345,  5.4447478E-01,  0.0000000E+00,  3.7496567E-02,  1.0012240E+03,  7.3044250E+04,3,
  7.0023199E+02,  0.0000000E+00,  2.5082372E+02,2576,  1.8948153E-01,  0.0000000E+00,  9.9743277E-02,  1.0010438E+03,  6.2254621E+04,3,
  7.0012616E+02,  0.0000000E+00,  2.5134496E+02,2557,  9.6603937E-02,  0.0000000E+00,  6.6025011E-02,  1.0005629E+03,  3.3527074E+04,3,
  7.1970685E+02,  0.0000000E+00,  2.5041963E+02,2370, -3.9395504E-03,  0.0000000E+00,  2.2622369E-02,  1.0017833E+03,  1.0660181E+05,3,
  7.2226740E+02,  0.0000000E+00,  2.5109061E+02,2392,  6.4051706E-01,  0.0000000E+00, -4.9401540E-02,  1.0004805E+03,  2.8612533E+04,3,
  7.2178033E+02,  0.0000000E+00,  2.5102757E+02,2466,  5.3647166E-01,  0.0000000E+00, -1.1076852E-01,  1.0004859E+03,  2.8932814E+04,3,
  7.2096539E+02,  0.0000000E+00,  2.5113069E+02,2401,  8.6498648E-01,  0.0000000E+00, -2.8460747E-01,  1.0003453E+03,  2.0554307E+04,3,
  7.2374487E+02,  0.0000000E+00,  2.5065663E+02,2427,  7.1286535E-01,  0.0000000E+00,  1.8895894E-02,  1.0012356E+03,  7.3738867E+04,3,
  7.2446661E+02,  0.0000000E+00,  2.5106956E+02,2563,  6.5582699E-01,  0.0000000E+00,  1.8182298E-02,  1.0007330E+03,  4.3680555E+04,3,
  7.2562207E+02,  0.0000000E+00,  2.5092767E+02,2436,  6.4542723E-01,  0.0000000E+00,  1.0176250E-02,  1.0009219E+03,  5.4964617E+04,3,
  7.2670996E+02,  0.0000000E+00,  2.5073578E+02,2532,  6.8782836E-01,  0.0000000E+00,  1.3345227E-03,  1.0012061E+03,  7.1969508E+04,3,
  7.2783771E+02,  0.0000000E+00,  2.5091640E+02,2540,  6.4558893E-01,  0.0000000E+00, -2.8658055E-03,  1.0008433E+03,  5.0269273E+04,3,
  7.2888928E+02,  0.0000000E+00,  2.5101604E+02,2458,  6.5501660E-01,  0.0000000E+00, -6.2015066E-03,  1.0006282E+03,  3.7424027E+04,3,
  7.2967657E+02,  0.0000000E+00,  2.5096812E+02,2309,  6.4402866E-01,  0.0000000E+00, -7.1010035E-03,  1.0006647E+03,  3.9602617E+04,3,
  7.3065765E+02,  0.0000000E+00,  2.5077681E+02,2412,  6.4992893E-01,  0.0000000E+00, -7.8219334E-03,  1.0009213E+03,  5.4928125E+04,3,
  7.3169202E+02,  0.0000000E+00,  2.5105534E+02,2420,  6.2341195E-01,  0.0000000E+00,  1.1826843E-03,  1.0004973E+03,  2.9609807E+04,3,
  7.3244971E+02,  0.0000000E+00,  2.5095853E+02,2429,  6.4447308E-01,  0.0000000E+00,  5.3105596E-03,  1.0006345E+03,  3.7795594E+04,3,
  7.3353632E+02,  0.0000000E+00,  2.5074994E+02,2403,  6.2847161E-01,  0.0000000E+00,  1.2092740E-02,  1.0009587E+03,  5.7165293E+04,3,
  7.3469873E+02,  0.0000000E+00,  2.5097650E+02,2467,  6.4240813E-01,  0.0000000E+00,  2.9932790E-02,  1.0006504E+03,  3.8746426E+04,3,
  7.3503827E+02,  0.0000000E+00,  2.5117204E+02,2447,  6.1920720E-01,  0.0000000E+00,  2.9057782E-02,  1.0004349E+03,  2.5890561E+04,3,
  7.3642609E+02,  0.0000000E+00,  2.5071504E+02,2254,  5.9911776E-01,  0.0000000E+00, -1.9227426E-02,  1.0011860E+03,  7.0770625E+04,3,
  7.3727802E+02,  0.0000000E+00,  2.5102567E+02,2348,  5.9376508E-01,  0.0000000E+00, -5.9076816E-02,  1.0008374E+03,  4.9915480E+04,3,
  7.3863019E+02,  0.0000000E+00,  2.5071227E+02,2355,  8.7190717E-01,  0.0000000E+00, -3.7157014E-02,  1.0010087E+03,  6.0158699E+04,3,
  7.3980896E+02,  0.0000000E+00,  2.5077962E+02,2391,  3.0711895E-01,  0.0000000E+00,  9.8790184E-02,  1.0008995E+03,  5.3629121E+04,3,
  7.4027576E+02,  0.0000000E+00,  2.5105219E+02,2446,  2.2891882E-01,  0.0000000E+00,  1.6184536E-01,  1.0008464E+03,  5.0451648E+04,3,
  7.8316779E+02,  0.0000000E+00,  2.5072952E+02,2251,  2.0713122E-01,  0.0000000E+00,  4.6629338E-03,  1.0011238E+03,  6.7046945E+04,3,
  7.8028735E+02,  0.0000000E+00,  2.5064951E+02,2328, -8.5529387E-02,  0.0000000E+00,  3.6707760E-03,  1.0008962E+03,  5.3428445E+04,3,
  7.8149908E+02,  0.0000000E+00,  2.5108664E+02,2397,  5.0088030E-01,  0.0000000E+00,  1.0035755E-01,  1.0003912E+03,  2.3285732E+04,3,
  7.8084729E+02,  0.0000000E+00,  2.5102003E+02,2338,  3.3150098E-01,  0.0000000E+00, -4.2548846E-02,  1.0004468E+03,  2.6603732E+04,3,
  7.7980664E+02,  0.0000000E+00,  2.5114705E+02,2414,  2.7093714E-01,  0.0000000E+00, -2.2824709E-01,  1.0005920E+03,  3.5260484E+04,3,
  7.8394434E+02,  0.0000000E+00,  2.5095224E+02,2202,  2.7816838E-01,  0.0000000E+00,  2.6704429E-02,  1.0008587E+03,  5.1188469E+04,3,
  7.8518884E+02,  0.0000000E+00,  2.5098473E+02,2319,  3.3734351E-01,  0.0000000E+00, -1.0221197E-02,  1.0009275E+03,  5.5300344E+04,3,
  7.8628851E+02,  0.0000000E+00,  2.5059184E+02,2360,  3.1727514E-01,  0.0000000E+00, -3.3799484E-02,  1.0014870E+03,  8.8809328E+04,3,
  7.8770355E+02,  0.0000000E+00,  2.5096721E+02,2377,  2.6205048E-01,  0.0000000E+00, -7.2340430E-03,  1.0007138E+03,  4.2532438E+04,3,
  7.8865833E+02,  0.0000000E+00,  2.5108128E+02,2218,  2.6993647E-01,  0.0000000E+00,  1.4317107E-02,  1.0004539E+03,  2.7022199E+04,3,
  7.8916492E+02,  0.0000000E+00,  2.5107362E+02,2331,  2.4219035E-01,  0.0000000E+00,  2.6747270E-02,  1.0004545E+03,  2.7062229E+04,3,
  7.9025244E+02,  0.0000000E+00,  2.5078032E+02,2240,  3.3133483E-01,  0.0000000E+00,  2.5538759E-02,  1.0009034E+03,  5.3862637E+04,3,
  7.9112677E+02,  0.0000000E+00,  2.5103014E+02,2290,  2.9072937E-01,  0.0000000E+00, -6.4317505E-03,  1.0006418E+03,  3.8232746E+04,3,
  7.9235223E+02,  0.0000000E+00,  2.5079147E+02,2329,  2.8299338E-01,  0.0000000E+00, -1.8765861E-02,  1.0010480E+03,  6.2510250E+04,3,
  7.9344965E+02,  0.0000000E+00,  2.5081516E+02,2361,  2.6537848E-01,  0.0000000E+00, -7.5737601E-03,  1.0010492E+03,  6.2579637E+04,3,
  7.9455334E+02,  0.0000000E+00,  2.5101961E+02,2282,  2.8951371E-01,  0.0000000E+00,  1.5689269E-02,  1.0007861E+03,  4.6852223E+04,3,
  7.9556073E+02,  0.0000000E+00,  2.5075949E+02,2324,  3.0484900E-01,  0.0000000E+00,  1.1365871E-02,  1.0011166E+03,  6.6612180E+04,3,
  7.9673651E+02,  0.0000000E+00,  2.5087999E+02,2204,  3.1465402E-01,  0.0000000E+00, -1.1291753E-02,  1.0008760E+03,  5.2224484E+04,3,
  7.9776190E+02,  0.0000000E+00,  2.5107127E+02,2241,  3.0652037E-01,  0.0000000E+00, -2.9820636E-02,  1.0005252E+03,  3.1277006E+04,3,
  7.9852423E+02,  0.0000000E+00,  2.5104843E+02,2284,  3.0254599E-01,  0.0000000E+00, -3.3810683E-02,  1.0005555E+03,  3.3082844E+04,3,
  7.9939276E+02,  0.0000000E+00,  2.5080511E+02,2230,  2.7532953E-01,  0.0000000E+00, -2.5116358E-02,  1.0008997E+03,  5.3640066E+04,3,
  8.0047260E+02,  0.0000000E+00,  2.5094937E+02,2349,  3.0093476E-01,  0.0000000E+00, -1.3339234E-02,  1.0006996E+03,  4.1683285E+04,3,
  8.0135651E+02,  0.0000000E+00,  2.5099298E+02,2222,  2.8322574E-01,  0.0000000E+00, -5.3126067E-03,  1.0006163E+03,  3.6713723E+04,3,
  8.0227905E+02,  0.0000000E+00,  2.5091324E+02,2278,  2.9913884E-01,  0.0000000E+00, -2.3719971E-03,  1.0006961E+03,  4.1475562E+04,3,
  8.0314020E+02,  0.0000000E+00,  2.5099266E+02,2303,  2.7253059E-01,  0.0000000E+00, -5.4765828E-03,  1.0006116E+03,  3.6429613E+04,3,
  8.0407648E+02,  0.0000000E+00,  2.5091846E+02,2350,  2.9075360E-01,  0.0000000E+00, -1.6519763E-03,  1.0007469E+03,  4.4508004E+04,3,
  8.0517517E+02,  0.0000000E+00,  2.5086409E+02,2236,  2.7608112E-01,  0.0000000E+00, -5.5287653E-03,  1.0009389E+03,  5.5982781E+04,3,
  8.0632678E+02,  0.0000000E+00,  2.5085732E+02,2246,  2.8473046E-01,  0.0000000E+00,  2.7381503E-03,  1.0010591E+03,  6.3174918E+04,3,
  8.0740027E+02,  0.0000000E+00,  2.5067299E+02,2172,  2.6787019E-01,  0.0000000E+00,  1.5136288E-02,  1.0013181E+03,  7.8679359E+04,3,
  8.0881879E+02,  0.0000000E+00,  2.5111632E+02,2269,  3.0040994E-01,  0.0000000E+00,  1.0160914E-02,  1.0005241E+03,  3.1211477E+04,3,
  8.0939691E+02,  0.0000000E+00,  2.5097716E+02,2237,  2.7235141E-01,  0.0000000E+00,  2.1280818E-02,  1.0006327E+03,  3.7689949E+04,3,
  8.1034784E+02,  0.0000000E+00,  2.5085442E+02,2304,  2.8905755E-01,  0.0000000E+00,  1.2394754E-02,  1.0007562E+03,  4.5065754E+04,3,
  8.1131421E+02,  0.0000000E+00,  2.5108638E+02,2323,  2.6544005E-01,  0.0000000E+00,  1.0239936E-02,  1.0004491E+03,  2.6738367E+04,3,
  8.1200244E+02,  0.0000000E+00,  2.5092279E+02,2266,  2.7769637E-01,  0.0000000E+00,  1.2560721E-02,  1.0006644E+03,  3.9580754E+04,3,
  8.1313995E+02,  0.0000000E+00,  2.5081575E+02,2295,  3.0499825E-01,  0.0000000E+00,  1.2979482E-02,  1.0008549E+03,  5.0958660E+04,3,
  8.1391455E+02,  0.0000000E+00,  2.5107077E+02,2268,  2.9469377E-01,  0.0000000E+00,  8.0808252E-03,  1.0005461E+03,  3.2525768E+04,3,
  8.1478906E+02,  0.0000000E+00,  2.5127948E+02,2314,  2.5660935E-01,  0.0000000E+00, -1.6162777E-02,  1.0003970E+03,  2.3631307E+04,3,
  8.1596167E+02,  0.0000000E+00,  2.5041168E+02,2262,  3.2956940E-01,  0.0000000E+00, -1.7861141E-02,  1.0018386E+03,  1.0992559E+05,3,
  8.1719244E+02,  0.0000000E+00,  2.5120181E+02,2248,  2.7066275E-01,  0.0000000E+00, -5.7438232E-02,  1.0005314E+03,  3.1648342E+04,3,
  8.1808167E+02,  0.0000000E+00,  2.5092232E+02,2339,  4.0896213E-01,  0.0000000E+00, -7.7884465E-02,  1.0006865E+03,  4.0899793E+04,3,
  8.1945343E+02,  0.0000000E+00,  2.5077493E+02,2312,  3.2718217E-01,  0.0000000E+00,  5.4785240E-02,  1.0006688E+03,  3.9846734E+04,3,
  8.1981213E+02,  0.0000000E+00,  2.5102650E+02,2221,  1.5341204E-01,  0.0000000E+00,  3.8730834E-02,  1.0004974E+03,  2.9620727E+04,3,
  8.2016180E+02,  0.0000000E+00,  2.5105899E+02,2217,  1.4876582E-01,  0.0000000E+00,  4.5735039E-02,  1.0005904E+03,  3.5165793E+04,3,
  9.6432245E+02,  0.0000000E+00,  2.5097559E+02,2234,  5.5387759E+00,  0.0000000E+00,  9.4648886E-01,  9.9745575E+02, -1.5012614E+05,3,
  9.6474628E+02,  0.0000000E+00,  2.5119624E+02,2249,  8.3391581E+00,  0.0000000E+00,  3.7568598E+00,  9.9610162E+02, -2.2909619E+05,3,
  9.6378436E+02,  0.0000000E+00,  2.5094188E+02,2174,  6.5541849E+00,  0.0000000E+00,  1.9960550E+00,  1.0033766E+03,  2.0281380E+05,3,
  9.6377008E+02,  0.0000000E+00,  2.5090489E+02,2163,  6.7468605E+00,  0.0000000E+00,  1.4180523E+00,  1.0029086E+03,  1.7445389E+05,3,
  9.6420392E+02,  0.0000000E+00,  2.5068863E+02,2255,  7.5219688E+00,  0.0000000E+00,  2.6471033E+00,  9.9729053E+02, -1.5979608E+05,3,
  1.0568406E+03,  0.0000000E+00,  2.4916248E+02,2244,  7.2159729E+00,  0.0000000E+00,  1.6947272E-01,  9.9999573E+02, -2.5402849E+02,3,
  1.0574751E+03,  0.0000000E+00,  2.4910544E+02,2212,  7.2043352E+00,  0.0000000E+00,  3.2050091E-01,  1.0003028E+03,  1.8019955E+04,3,
  1.0575022E+03,  0.0000000E+00,  2.4925285E+02,2286,  7.2099352E+00,  0.0000000E+00, -3.1659722E-02,  1.0000959E+03,  5.7064697E+03,3,
  1.0578131E+03,  0.0000000E+00,  2.4950133E+02,2162,  7.2570767E+00,  0.0000000E+00,  1.7176743E-01,  1.0005753E+03,  3.4262645E+04,3,
  1.0588152E+03,  0.0000000E+00,  2.4916478E+02,2298,  7.1683946E+00,  0.0000000E+00,  2.0445243E-01,  9.9927527E+02, -4.2997465E+04,3,
  1.0592477E+03,  0.0000000E+00,  2.4893596E+02,2125,  7.2750144E+00,  0.0000000E+00,  6.8546277E-01,  9.9981122E+02, -1.1218219E+04,3,
  1.0623312E+03,  0.0000000E+00,  2.4911629E+02,2111,  7.3626876E+00,  0.0000000E+00, -1.1797007E+00,  1.0001205E+03,  7.1699165E+03,3,
  1.0625083E+03,  0.0000000E+00,  2.4929962E+02,2265,  7.5486016E+00,  0.0000000E+00, -2.6842427E-02,  1.0005410E+03,  3.2219934E+04,3,
  1.0631206E+03,  0.0000000E+00,  2.4885942E+02,2157,  7.1600041E+00,  0.0000000E+00, -9.5707826E-02,  1.0019960E+03,  1.1938937E+05,3,
  1.0635541E+03,  0.0000000E+00,  2.4912282E+02,2113,  7.3890615E+00,  0.0000000E+00, -1.5344207E-01,  9.9514374E+02, -2.8457059E+05,3,
  1.0641272E+03,  0.0000000E+00,  2.4939311E+02,2124,  7.3135929E+00,  0.0000000E+00, -9.2389837E-02,  1.0009316E+03,  5.5544848E+04,3,
  1.0648721E+03,  0.0000000E+00,  2.4912001E+02,2132,  7.3962698E+00,  0.0000000E+00, -2.1475296E-01,  1.0003456E+03,  2.0568854E+04,3,
  1.0674146E+03,  0.0000000E+00,  2.4918407E+02,2280,  7.1553855E+00,  0.0000000E+00,  2.2276464E-01,  1.0009941E+03,  5.9282488E+04,3,
  1.0676702E+03,  0.0000000E+00,  2.4916295E+02,2187,  7.5574470E+00,  0.0000000E+00,  4.3732208E-01,  9.9869678E+02, -7.7184648E+04,3,
  1.0683131E+03,  0.0000000E+00,  2.4909154E+02,2165,  7.7592440E+00,  0.0000000E+00,  1.2149984E+00,  1.0007416E+03,  4.4194512E+04,3,
  1.0684642E+03,  0.0000000E+00,  2.4918428E+02,2288,  7.1013527E+00,  0.0000000E+00,  1.2298717E+00,  9.9896094E+02, -6.1588273E+04,3,
  1.0688756E+03,  0.0000000E+00,  2.4897745E+02,2116,  6.9211912E+00,  0.0000000E+00, -9.1836458E-01,  9.9930237E+02, -4.1393043E+04,3,
  1.0718850E+03,  0.0000000E+00,  2.4898999E+02,2190,  7.1617112E+00,  0.0000000E+00,  6.1366409E-01,  1.0000550E+03,  3.2702910E+03,3,
  1.0725911E+03,  0.0000000E+00,  2.4918764E+02,2151,  7.6517935E+00,  0.0000000E+00,  1.1318748E+00,  9.9904675E+02, -5.6516285E+04,3,
  1.0726942E+03,  0.0000000E+00,  2.4918359E+02,2114,  6.9414830E+00,  0.0000000E+00,  4.2945302E-01,  9.9967969E+02, -1.9026832E+04,3,
  1.0739048E+03,  0.0000000E+00,  2.4897772E+02,2122,  6.8271346E+00,  0.0000000E+00, -5.6978393E-02,  9.9942987E+02, -3.3840797E+04,3,
  1.0740630E+03,  0.0000000E+00,  2.4917764E+02,2123,  7.6135178E+00,  0.0000000E+00,  1.5585238E-01,  1.0013754E+03,  8.2118297E+04,3,
  1.0749137E+03,  0.0000000E+00,  2.4897720E+02,2250,  6.6561856E+00,  0.0000000E+00, -7.4599594E-01,  9.9949805E+02, -2.9800195E+04,3,
  1.0763959E+03,  0.0000000E+00,  2.4921614E+02,2181,  7.4903603E+00,  0.0000000E+00, -1.0592874E+00,  9.9912372E+02, -5.1965141E+04,3,
  1.0780388E+03,  0.0000000E+00,  2.4894058E+02,2121,  7.3659458E+00,  0.0000000E+00, -9.7497910E-01,  1.0016081E+03,  9.6076422E+04,3,
  1.0786715E+03,  0.0000000E+00,  2.4927666E+02,2133,  7.2349086E+00,  0.0000000E+00, -3.9296976E-01,  9.9924561E+02, -4.4753359E+04,3,
  1.0788105E+03,  0.0000000E+00,  2.4927043E+02,2135,  7.0000882E+00,  0.0000000E+00,  1.1950972E-01,  9.9969775E+02, -1.7954645E+04,3,
  1.0789244E+03,  0.0000000E+00,  2.4912296E+02,2105,  7.1903119E+00,  0.0000000E+00,  2.8108406E-01,  9.9962500E+02, -2.2271660E+04,3,
  1.0792489E+03,  0.0000000E+00,  2.4917264E+02,2229,  7.1837416E+00,  0.0000000E+00,  2.4065399E-01,  9.9980756E+02, -1.1435712E+04,3,
  1.0876670E+03,  0.0000000E+00,  2.4903073E+02,2223,  6.6160173E+00,  0.0000000E+00,  2.5925326E-01,  1.0002146E+03,  1.2767869E+04,3,
  1.0876757E+03,  0.0000000E+00,  2.4901385E+02,2120,  6.5892625E+00,  0.0000000E+00,  3.6893523E-01,  1.0003347E+03,  1.9921568E+04,3,
  1.0876935E+03,  0.0000000E+00,  2.4902592E+02,2119,  6.6002598E+00,  0.0000000E+00,  2.1823414E-01,  1.0001798E+03,  1.0696876E+04,3,
  1.0881387E+03,  0.0000000E+00,  2.4970341E+02,2226,  6.7662563E+00,  0.0000000E+00,  4.8349667E-01,  1.0007994E+03,  4.7643473E+04,3,
  1.0899235E+03,  0.0000000E+00,  2.4900577E+02,2159,  6.5827541E+00,  0.0000000E+00,  3.2935581E-01,  9.9898328E+02, -6.0268219E+04,3,
  1.0904459E+03,  0.0000000E+00,  2.4897592E+02,2220,  6.4746437E+00,  0.0000000E+00,  3.8148281E-01,  9.9970062E+02, -1.7784389E+04,3,
  1.0905896E+03,  0.0000000E+00,  2.4898419E+02,2127,  6.4563699E+00,  0.0000000E+00,  7.3317748E-01,  9.9976019E+02, -1.4248186E+04,3,
  1.0932701E+03,  0.0000000E+00,  2.4902924E+02,2149,  6.7406678E+00,  0.0000000E+00, -2.6924074E-02,  1.0004988E+03,  2.9700805E+04,3,
  1.0935813E+03,  0.0000000E+00,  2.4907156E+02,2101,  6.7655535E+00,  0.0000000E+00,  4.3541387E-01,  1.0013467E+03,  8.0395023E+04,3,
  1.0950985E+03,  0.0000000E+00,  2.4896339E+02,2118,  6.6282787E+00,  0.0000000E+00,  2.6169810E-01,  9.9853870E+02, -8.6506141E+04,3,
  1.0951102E+03,  0.0000000E+00,  2.4903416E+02,2107,  6.5433497E+00,  0.0000000E+00,  5.8674175E-01,  9.9887048E+02, -6.6931594E+04,3,
  1.0954453E+03,  0.0000000E+00,  2.4894672E+02,2207,  6.6443620E+00,  0.0000000E+00,  2.4470790E-01,  9.9968610E+02, -1.8646508E+04,3,
  1.0954928E+03,  0.0000000E+00,  2.4895399E+02,2242,  6.6397552E+00,  0.0000000E+00,  4.6544075E-01,  9.9975098E+02, -1.4795365E+04,3,
  1.1087323E+03,  0.0000000E+00,  2.4913203E+02,2205,  6.1290054E+00,  0.0000000E+00,  1.0876913E+00,  9.9982770E+02, -1.0239443E+04,3,
  1.1087761E+03,  0.0000000E+00,  2.4917853E+02,2167,  6.1460667E+00,  0.0000000E+00,  7.0718479E-01,  9.9985602E+02, -8.5571729E+03,3,
  1.1087963E+03,  0.0000000E+00,  2.4914195E+02,2169,  6.1337695E+00,  0.0000000E+00,  5.5126548E-01,  9.9984473E+02, -9.2279395E+03,3,
  1.1091309E+03,  0.0000000E+00,  2.4912431E+02,2076,  6.1144567E+00,  0.0000000E+00,  5.8203912E-01,  9.9967261E+02, -1.9446980E+04,3,
  1.1107727E+03,  0.0000000E+00,  2.4971904E+02,2093,  6.2389755E+00,  0.0000000E+00, -2.1957995E-01,  1.0007048E+03,  4.1996699E+04,3,
  1.1118566E+03,  0.0000000E+00,  2.4900436E+02,2090,  6.0540600E+00,  0.0000000E+00, -8.3953327E-01,  9.9989014E+02, -6.5300923E+03,3,
  1.1119841E+03,  0.0000000E+00,  2.4904265E+02,2131,  6.0857391E+00,  0.0000000E+00, -8.9950484E-01,  9.9988550E+02, -6.8057124E+03,3,
  1.1122526E+03,  0.0000000E+00,  2.4902994E+02,2152,  6.0961528E+00,  0.0000000E+00, -9.2511868E-01,  9.9990918E+02, -5.3985181E+03,3,
  1.1122808E+03,  0.0000000E+00,  2.4894173E+02,2213,  6.0904498E+00,  0.0000000E+00, -7.6944059E-01,  9.9992371E+02, -4.5352432E+03,3,
  1.2887166E+03,  0.0000000E+00,  2.4902533E+02,2271,  2.4534972E+00,  0.0000000E+00,  4.2046958E-01,  1.0001757E+03,  1.0449839E+04,3,
  1.2888295E+03,  0.0000000E+00,  2.4906010E+02,2154,  2.6793857E+00,  0.0000000E+00,  2.7653489E-01,  1.0013486E+03,  8.0512094E+04,3,
  1.2889188E+03,  0.0000000E+00,  2.4907542E+02,2095,  2.5433023E+00,  0.0000000E+00,  2.6820675E-01,  1.0000013E+03,  7.9838867E+01,3,
  1.2889921E+03,  0.0000000E+00,  2.4905681E+02,2170,  2.6807990E+00,  0.0000000E+00,  3.2364139E-01,  9.9787885E+02, -1.2531977E+05,3,
  1.2906562E+03,  0.0000000E+00,  2.4990089E+02,2198,  2.6655054E+00,  0.0000000E+00,  8.7385929E-01,  1.0020875E+03,  1.2489993E+05,3,
  1.2911895E+03,  0.0000000E+00,  2.4895396E+02,2084,  2.0041382E+00,  0.0000000E+00,  5.4159337E-01,  9.9888373E+02, -6.6149383E+04,3,
  1.2921055E+03,  0.0000000E+00,  2.4902243E+02,2189,  2.0176053E+00,  0.0000000E+00,  3.1827521E-01,  9.9849158E+02, -8.9282883E+04,3,
  1.2936204E+03,  0.0000000E+00,  2.4903209E+02,2129,  2.8813965E+00,  0.0000000E+00,  3.7785342E-01,  9.9811310E+02, -1.1155822E+05,3,
  1.2940354E+03,  0.0000000E+00,  2.4909303E+02,2089,  2.4755712E+00,  0.0000000E+00, -3.5720015E-01,  1.0007197E+03,  4.2885973E+04,3,
  1.2960568E+03,  0.0000000E+00,  2.4905647E+02,2108,  2.5448987E+00,  0.0000000E+00, -5.0008458E-01,  9.9904645E+02, -5.6534324E+04,3,
  1.2961348E+03,  0.0000000E+00,  2.4911229E+02,2136,  2.8414681E+00,  0.0000000E+00, -2.8362107E-01,  9.9824622E+02, -1.0372937E+05,3,
  1.2962051E+03,  0.0000000E+00,  2.4895213E+02,2072,  2.7281833E+00,  0.0000000E+00, -1.4523710E-01,  9.9766052E+02, -1.3812805E+05,3,
  1.2978740E+03,  0.0000000E+00,  2.4925354E+02,2199,  2.2269499E+00,  0.0000000E+00, -8.5965568E-01,  1.0030974E+03,  1.8588223E+05,3,
  1.2987280E+03,  0.0000000E+00,  2.4915674E+02,2128,  2.3627799E+00,  0.0000000E+00,  2.5788248E-01,  9.9846930E+02, -9.0595445E+04,3,
  1.2995822E+03,  0.0000000E+00,  2.4896587E+02,2158,  2.3819635E+00,  0.0000000E+00, -1.1980550E+00,  9.9792023E+02, -1.2289014E+05,3,
  1.3012587E+03,  0.0000000E+00,  2.4911281E+02,2103,  3.2909338E+00,  0.0000000E+00, -4.9099913E-01,  9.9633783E+02, -2.1536741E+05,3,
  1.3013300E+03,  0.0000000E+00,  2.4909561E+02,2104,  2.9598575E+00,  0.0000000E+00, -6.5094066E-01,  9.9602435E+02, -2.3358306E+05,3,
  1.3015608E+03,  0.0000000E+00,  2.5041949E+02,2083,  2.2972388E+00,  0.0000000E+00, -7.7216560E-01,  1.0043197E+03,  2.6019309E+05,3,
  1.3027823E+03,  0.0000000E+00,  2.4863606E+02,2102,  2.5145764E+00,  0.0000000E+00,  4.0911874E-01,  1.0003957E+03,  2.3554916E+04,3,
  1.3041857E+03,  0.0000000E+00,  2.4961450E+02,2134,  3.2107050E+00,  0.0000000E+00,  8.3981270E-01,  9.9736078E+02, -1.5568566E+05,3,
  1.3033420E+03,  0.0000000E+00,  2.5015146E+02,2139,  2.8511038E+00,  0.0000000E+00,  6.0214925E-01,  1.0019510E+03,  1.1668662E+05,3,
  1.3055333E+03,  0.0000000E+00,  2.4940800E+02,2078,  2.7681713E+00,  0.0000000E+00,  7.1087003E-02,  9.9748926E+02, -1.4816383E+05,3,
  1.3057924E+03,  0.0000000E+00,  2.4884135E+02,2178,  1.6148663E+00,  0.0000000E+00,  2.5362842E-02,  1.0023197E+03,  1.3888827E+05,3,
  1.3068411E+03,  0.0000000E+00,  2.4893936E+02,2156,  2.3545358E+00,  0.0000000E+00, -8.2501799E-01,  9.9791455E+02, -1.2322345E+05,3,
  1.3104430E+03,  0.0000000E+00,  2.5072662E+02,2030,  3.7295332E+00,  0.0000000E+00,  3.2052919E-01,  1.0019871E+03,  1.1885316E+05,3,
  1.3092035E+03,  0.0000000E+00,  2.4901945E+02,2137,  1.9882029E+00,  0.0000000E+00, -2.5739852E-02,  1.0035114E+03,  2.1099000E+05,3,
  1.3118054E+03,  0.0000000E+00,  2.4874332E+02,2109,  1.2396624E+00,  0.0000000E+00, -1.5595672E+00,  9.9103040E+02, -5.1917600E+05,3,
  1.3095784E+03,  0.0000000E+00,  2.4901591E+02,2140,  2.1924787E+00,  0.0000000E+00, -3.4536939E-02,  9.9970197E+02, -1.7704693E+04,3,
  1.3123016E+03,  0.0000000E+00,  2.4902800E+02,2099,  2.3244498E+00,  0.0000000E+00,  1.4502153E+00,  1.0050640E+03,  3.0570966E+05,3,
  1.3136152E+03,  0.0000000E+00,  2.4878853E+02,2075,  2.0113766E+00,  0.0000000E+00,  8.8050187E-01,  1.0040978E+03,  2.4666495E+05,3,
  1.3140245E+03,  0.0000000E+00,  2.5108037E+02,2115,  2.2055569E+00,  0.0000000E+00,  2.0765594E-01,  1.0017192E+03,  1.0274745E+05,3,
  1.3148184E+03,  0.0000000E+00,  2.4862312E+02,2096,  2.3637230E+00,  0.0000000E+00, -5.9560603E-01,  9.9495996E+02, -2.9517719E+05,3,
  1.3144918E+03,  0.0000000E+00,  2.5102257E+02,2145,  1.6367285E+00,  0.0000000E+00,  4.3334804E-02,  1.0017920E+03,  1.0712269E+05,3,
  1.3164248E+03,  0.0000000E+00,  2.4878958E+02,2085,  2.2569540E+00,  0.0000000E+00, -1.0242963E+00,  9.9577509E+02, -2.4804311E+05,3,
  1.3169192E+03,  0.0000000E+00,  2.4903622E+02,2097,  1.0771489E+00,  0.0000000E+00, -7.6477611E-01,  1.0077389E+03,  4.7096034E+05,3,
  1.3150878E+03,  0.0000000E+00,  2.5078491E+02,2080,  1.6132748E+00,  0.0000000E+00, -1.3188520E-01,  1.0018707E+03,  1.1185580E+05,3,
  1.3190247E+03,  0.0000000E+00,  2.4941591E+02,2088,  1.6523587E+00,  0.0000000E+00,  1.3567538E+00,  9.9725000E+02, -1.6216656E+05,3,
  1.3185057E+03,  0.0000000E+00,  2.4935020E+02,2126,  1.8946109E+00,  0.0000000E+00, -5.6735611E-01,  9.9863495E+02, -8.0831523E+04,3,
  1.3198062E+03,  0.0000000E+00,  2.4867874E+02,2058,  1.5128703E+00,  0.0000000E+00, -2.1723868E-01,  1.0002183E+03,  1.2985894E+04,3,
  1.3212104E+03,  0.0000000E+00,  2.4904820E+02,2098,  1.7310148E+00,  0.0000000E+00, -7.0227653E-02,  9.9978754E+02, -1.2624587E+04,3,
  1.3219357E+03,  0.0000000E+00,  2.5077071E+02,2073,  1.6144547E+00,  0.0000000E+00,  3.4043324E-01,  1.0040449E+03,  2.4344094E+05,3,
  1.3230687E+03,  0.0000000E+00,  2.4887317E+02,2079,  1.2666219E+00,  0.0000000E+00,  3.1776032E-01,  9.9686334E+02, -1.8475341E+05,3,
  1.3220052E+03,  0.0000000E+00,  2.5031966E+02,2067,  4.1993186E-01,  0.0000000E+00,  1.1248449E+00,  1.0001022E+03,  6.0804814E+03,3,
  1.3240106E+03,  0.0000000E+00,  2.4867882E+02,2055,  1.0144222E+00,  0.0000000E+00, -3.2549119E-01,  9.9980878E+02, -1.1363215E+04,3,
  1.3252891E+03,  0.0000000E+00,  2.4895135E+02,2082,  4.6091416E-01,  0.0000000E+00, -2.2596961E-01,  1.0002584E+03,  1.5373574E+04,3,
  1.3264684E+03,  0.0000000E+00,  2.4878856E+02,2086,  1.2295017E-01,  0.0000000E+00,  1.9071522E-01,  9.9929858E+02, -4.1617098E+04,3,
  1.3284370E+03,  0.0000000E+00,  2.4857832E+02,2100,  7.4810290E-01,  0.0000000E+00,  1.0845245E+00,  1.0018232E+03,  1.0899732E+05,3,
  1.3272523E+03,  0.0000000E+00,  2.5087706E+02,2087,  3.9928773E-01,  0.0000000E+00,  3.8014209E-01,  1.0018009E+03,  1.0765826E+05,3,
  1.3290625E+03,  0.0000000E+00,  2.5000996E+02,2065,  7.7734321E-01,  0.0000000E+00,  4.0004307E-01,  9.9850323E+02, -8.8595961E+04,3,
  1.3310867E+03,  0.0000000E+00,  2.4897409E+02,2053,  1.7535318E-01,  0.0000000E+00,  7.5164807E-01,  1.0028911E+03,  1.7339411E+05,3,
  1.3297264E+03,  0.0000000E+00,  2.4909464E+02,2081,  5.6509662E-01,  0.0000000E+00, -1.2267159E+00,  1.0007748E+03,  4.6177703E+04,3,
  1.3313132E+03,  0.0000000E+00,  2.5012123E+02,2068,  8.7437528E-01,  0.0000000E+00, -3.4377870E-01,  9.9915045E+02, -5.0383840E+04,3,
  1.3325116E+03,  0.0000000E+00,  2.4875920E+02,2066,  1.0093160E+00,  0.0000000E+00, -3.5068908E-01,  1.0014238E+03,  8.5020367E+04,3,
  1.3329760E+03,  0.0000000E+00,  2.4966570E+02,2062,  7.3420888E-01,  0.0000000E+00,  1.0848985E-01,  9.9877679E+02, -7.2462945E+04,3,
  1.3340950E+03,  0.0000000E+00,  2.4894064E+02,2046,  8.7892729E-01,  0.0000000E+00,  6.6802508E-01,  1.0035974E+03,  2.1621331E+05,3,
  1.3351837E+03,  0.0000000E+00,  2.4935933E+02,2056,  8.5074192E-01,  0.0000000E+00,  4.0309377E-02,  1.0022943E+03,  1.3735758E+05,3,
  1.3358403E+03,  0.0000000E+00,  2.5001520E+02,2091,  5.5498624E-01,  0.0000000E+00, -2.0620906E-01,  9.9941211E+02, -3.4893180E+04,3,
  1.3366678E+03,  0.0000000E+00,  2.4872974E+02,2050,  4.7704878E-01,  0.0000000E+00, -1.1470822E+00,  9.9713312E+02, -1.6899986E+05,3,
  1.3376884E+03,  0.0000000E+00,  2.4907530E+02,2057,  1.3285778E+00,  0.0000000E+00,  3.0733451E-01,  9.9778192E+02, -1.3100805E+05,3,
  1.3390068E+03,  0.0000000E+00,  2.4902895E+02,2077,  7.6153183E-01,  0.0000000E+00,  4.3122020E-01,  9.9966040E+02, -2.0171334E+04,3,
  1.3393645E+03,  0.0000000E+00,  2.4933371E+02,2037,  5.8410573E-01,  0.0000000E+00,  1.2897453E-01,  1.0004111E+03,  2.4471645E+04,3,
  1.3403915E+03,  0.0000000E+00,  2.4881709E+02,2036,  7.8532231E-01,  0.0000000E+00, -3.7050328E-01,  1.0013260E+03,  7.9154883E+04,3,
  1.3415601E+03,  0.0000000E+00,  2.4933763E+02,2074,  8.6899960E-01,  0.0000000E+00, -1.7142525E-01,  1.0010143E+03,  6.0494602E+04,3,
  1.3425989E+03,  0.0000000E+00,  2.4899118E+02,2041,  6.2571347E-01,  0.0000000E+00,  5.4626280E-01,  9.9923853E+02, -4.5172418E+04,3,
  1.3427728E+03,  0.0000000E+00,  2.4910632E+02,2049,  6.2573999E-01,  0.0000000E+00,  3.0722257E-01,  9.9924652E+02, -4.4699172E+04,3,
  1.3445253E+03,  0.0000000E+00,  2.4896410E+02,2063,  1.4200320E+00,  0.0000000E+00,  2.4035761E-01,  1.0014161E+03,  8.4559203E+04,3,
  1.3446923E+03,  0.0000000E+00,  2.4899504E+02,2031,  8.8183069E-01,  0.0000000E+00,  3.3410966E-02,  1.0029631E+03,  1.7775211E+05,3,
  1.3463232E+03,  0.0000000E+00,  2.4952544E+02,2033,  9.9036503E-01,  0.0000000E+00,  3.3168110E-01,  1.0028365E+03,  1.7009730E+05,3,
  1.3469346E+03,  0.0000000E+00,  2.4884792E+02,2052,  1.0837314E+00,  0.0000000E+00, -9.1980487E-02,  1.0008416E+03,  5.0167145E+04,3,
  1.3482272E+03,  0.0000000E+00,  2.4911378E+02,2035,  8.4050196E-01,  0.0000000E+00,  2.9869068E-01,  1.0018180E+03,  1.0868547E+05,3,
  1.3493926E+03,  0.0000000E+00,  2.4913451E+02,2029,  5.7551414E-01,  0.0000000E+00, -1.9045328E-01,  1.0009958E+03,  5.9388359E+04,3,
  1.3498425E+03,  0.0000000E+00,  2.4899756E+02,2060,  9.4003111E-01,  0.0000000E+00,  1.2170799E-01,  9.9929956E+02, -4.1559277E+04,3,
  1.3507303E+03,  0.0000000E+00,  2.4916708E+02,2043,  8.0627155E-01,  0.0000000E+00,  1.0850449E-01,  9.9997791E+02, -1.3136200E+03,3,
  1.3518544E+03,  0.0000000E+00,  2.4878896E+02,2069,  9.9074709E-01,  0.0000000E+00, -8.3939368E-03,  1.0007502E+03,  4.4704855E+04,3,
  1.3523468E+03,  0.0000000E+00,  2.4997803E+02,2045,  9.3644530E-01,  0.0000000E+00, -1.3110097E-02,  1.0011944E+03,  7.1271359E+04,3,
  1.3542449E+03,  0.0000000E+00,  2.4928156E+02,2040,  9.1815507E-01,  0.0000000E+00,  1.6074213E-01,  1.0013911E+03,  8.3058727E+04,3,
  1.3544474E+03,  0.0000000E+00,  2.4886151E+02,2042,  1.0638399E+00,  0.0000000E+00, -2.5253037E-01,  9.9825720E+02, -1.0308297E+05,3,
  1.3541039E+03,  0.0000000E+00,  2.4901971E+02,2038,  3.1661448E-01,  0.0000000E+00,  3.4798881E-01,  1.0005510E+03,  3.2817047E+04,3,
  1.3566998E+03,  0.0000000E+00,  2.4920787E+02,2051,  7.6205188E-01,  0.0000000E+00, -7.6300442E-01,  1.0000574E+03,  3.4155010E+03,3,
  1.3560944E+03,  0.0000000E+00,  2.4923271E+02,2064,  9.0594947E-01,  0.0000000E+00, -2.9557180E-01,  1.0005921E+03,  3.5267766E+04,3,
  1.3579729E+03,  0.0000000E+00,  2.4897397E+02,2061,  9.9042588E-01,  0.0000000E+00, -1.7603895E-01,  1.0003566E+03,  2.1227092E+04,3,
  1.3591412E+03,  0.0000000E+00,  2.4921992E+02,2039,  5.4235178E-01,  0.0000000E+00, -5.5537230E-01,  1.0011373E+03,  6.7850766E+04,3,
  1.3599371E+03,  0.0000000E+00,  2.4931654E+02,2047,  7.9966366E-01,  0.0000000E+00,  5.0338793E-01,  9.9789612E+02, -1.2430571E+05,3,
  1.3605967E+03,  0.0000000E+00,  2.4948734E+02,2048,  7.8508121E-01,  0.0000000E+00,  1.8594583E-02,  9.9937793E+02, -3.6918066E+04,3,
  1.3606045E+03,  0.0000000E+00,  2.4952885E+02,2044,  6.0792387E-01,  0.0000000E+00,  1.1444306E-01,  1.0012781E+03,  7.6287430E+04,3,
  1.3606901E+03,  0.0000000E+00,  2.4950935E+02,2054,  7.0539284E-01,  0.0000000E+00,  3.5957333E-01,  9.9857672E+02, -8.4264750E+04,3,
  1.9186069E+02,  0.0000000E+00,  2.5733499E+02,3254, -1.8593402E-01,  0.0000000E+00, -4.2453307E-01,  9.9959430E+02, -2.4092789E+04,3,
  1.9187465E+02,  0.0000000E+00,  2.5735117E+02,3327,  1.0512499E-01,  0.0000000E+00,  5.1452726E-01,  9.9972345E+02, -1.6429477E+04,3,
  1.9125641E+02,  0.0000000E+00,  2.5732123E+02,3393, -2.0108311E-01,  0.0000000E+00, -6.7371511E-01,  1.0005722E+03,  3.4080566E+04,3,
  1.9228064E+02,  0.0000000E+00,  2.5722794E+02,3375, -2.8744361E-01,  0.0000000E+00, -4.0584663E-01,  9.9636029E+02, -2.1406092E+05,3,
  1.9330254E+02,  0.0000000E+00,  2.5680515E+02,3073, -2.4521571E-02,  0.0000000E+00, -7.6561026E-02,  1.0022196E+03,  1.3285516E+05,3,
  1.9804572E+02,  0.0000000E+00,  2.5701584E+02,3200, -3.1893456E-01,  0.0000000E+00, -1.3287551E+00,  1.0002698E+03,  1.6053277E+04,3,
  1.9617162E+02,  0.0000000E+00,  2.5701709E+02,3414,  3.4831569E-02,  0.0000000E+00,  2.6898122E-01,  9.9987421E+02, -7.4765981E+03,3,
  1.9786575E+02,  0.0000000E+00,  2.5684564E+02,3366, -2.8930274E-01,  0.0000000E+00, -4.1277379E-01,  1.0003449E+03,  2.0528852E+04,3,
  1.9790752E+02,  0.0000000E+00,  2.5679849E+02,3064, -4.5081191E-02,  0.0000000E+00, -8.3324176E-01,  9.9995496E+02, -2.6778584E+03,3,
  1.9398869E+02,  0.0000000E+00,  2.5740732E+02,3413, -2.3844449E-01,  0.0000000E+00, -2.6907472E-02,  1.0011029E+03,  6.5793852E+04,3,
  1.9940790E+02,  0.0000000E+00,  2.5787228E+02,3309,  1.6650449E-01,  0.0000000E+00, -5.1036960E-01,  1.0010527E+03,  6.2787801E+04,3,
  2.0035385E+02,  0.0000000E+00,  2.5703940E+02,3330, -1.7370933E-01,  0.0000000E+00, -5.1551634E-01,  9.9890344E+02, -6.4984969E+04,3,
  2.0417599E+02,  0.0000000E+00,  2.5702771E+02,3403, -3.6031583E-01,  0.0000000E+00,  6.0484695E-01,  9.9909833E+02, -5.3466781E+04,3,
  2.0154382E+02,  0.0000000E+00,  2.5725613E+02,3274, -5.8312553E-01,  0.0000000E+00,  2.9753479E-01,  9.9919739E+02, -4.7606926E+04,3,
  2.0454726E+02,  0.0000000E+00,  2.5703848E+02,3405, -5.7314205E-01,  0.0000000E+00, -6.1359398E-02,  1.0002242E+03,  1.3338376E+04,3,
  2.0174435E+02,  0.0000000E+00,  2.5701868E+02,3355,  5.6685861E-02,  0.0000000E+00,  1.4487748E-01,  1.0011852E+03,  7.0719453E+04,3,
  2.0244633E+02,  0.0000000E+00,  2.5705826E+02,3364,  2.7668327E-01,  0.0000000E+00, -6.5723181E-01,  1.0010623E+03,  6.3364832E+04,3,
  2.0599660E+02,  0.0000000E+00,  2.5721786E+02,3395, -5.3519253E-02,  0.0000000E+00, -2.0269798E-01,  1.0018686E+03,  1.1172736E+05,3,
  2.0685150E+02,  0.0000000E+00,  2.5676846E+02,3394,  4.8712638E-01,  0.0000000E+00, -1.7773332E-01,  9.9922504E+02, -4.5970742E+04,3,
  2.0894958E+02,  0.0000000E+00,  2.5691559E+02,3328, -4.1318178E-01,  0.0000000E+00,  2.4771513E-01,  1.0001939E+03,  1.1536121E+04,3,
  2.0896364E+02,  0.0000000E+00,  2.5695511E+02,3155, -7.6514721E-01,  0.0000000E+00,  8.3759958E-01,  1.0001252E+03,  7.4459258E+03,3,
  2.0969290E+02,  0.0000000E+00,  2.5691904E+02,3182,  3.0264061E-02,  0.0000000E+00,  8.0754113E-01,  1.0004489E+03,  2.6723812E+04,3,
  2.1207852E+02,  0.0000000E+00,  2.5696423E+02,3037, -4.5076033E-01,  0.0000000E+00,  3.9981064E-01,  9.9999774E+02, -1.3427301E+02,3,
  2.1144481E+02,  0.0000000E+00,  2.5709689E+02,3245, -2.4745637E-01,  0.0000000E+00,  6.7725986E-01,  9.9968073E+02, -1.8965256E+04,3,
  2.1289693E+02,  0.0000000E+00,  2.5700146E+02,3373, -1.6432877E-01,  0.0000000E+00,  6.4826834E-01,  1.0002985E+03,  1.7765465E+04,3,
  2.1520792E+02,  0.0000000E+00,  2.5734280E+02,3386, -2.7156240E-01,  0.0000000E+00, -2.1801585E-01,  1.0000842E+03,  5.0056890E+03,3,
  2.1787466E+02,  0.0000000E+00,  2.5677423E+02,3237,  2.7323037E-02,  0.0000000E+00,  1.9442590E-01,  9.9958600E+02, -2.4585125E+04,3,
  2.1831808E+02,  0.0000000E+00,  2.5681754E+02,3173, -3.5409722E-02,  0.0000000E+00, -5.0835568E-01,  1.0002816E+03,  1.6758475E+04,3,
  2.1748813E+02,  0.0000000E+00,  2.5735162E+02,3055, -4.6975970E-01,  0.0000000E+00, -3.0450791E-01,  1.0002740E+03,  1.6304089E+04,3,
  2.1690849E+02,  0.0000000E+00,  2.5711816E+02,3028, -2.3168474E-01,  0.0000000E+00, -3.9899558E-01,  1.0003082E+03,  1.8343531E+04,3,
  2.1976714E+02,  0.0000000E+00,  2.5490778E+02,3385, -4.4409239E-01,  0.0000000E+00, -1.7979711E-01,  1.0008542E+03,  5.0922184E+04,3,
  2.1416539E+02,  0.0000000E+00,  2.5728619E+02,3396, -2.8965479E-01,  0.0000000E+00,  9.6027717E-02,  1.0007974E+03,  4.7526785E+04,3,
  2.2070314E+02,  0.0000000E+00,  2.5476233E+02,3374,  1.0149570E-01,  0.0000000E+00, -2.4514268E-01,  1.0008101E+03,  4.8285270E+04,3,
  2.2038443E+02,  0.0000000E+00,  2.5612384E+02,3046, -5.0224411E-01,  0.0000000E+00, -5.8095682E-01,  1.0002324E+03,  1.3828966E+04,3,
  2.2218805E+02,  0.0000000E+00,  2.5531186E+02,3236,  5.3852215E-02,  0.0000000E+00, -5.9586335E-02,  9.9925391E+02, -4.4262031E+04,3,
  2.2372072E+02,  0.0000000E+00,  2.5580554E+02,3338, -9.2203788E-02,  0.0000000E+00,  7.0048578E-02,  1.0004561E+03,  2.7156840E+04,3,
  2.2541002E+02,  0.0000000E+00,  2.5542632E+02,3348, -2.1751063E-01,  0.0000000E+00, -1.5604185E-01,  9.9975732E+02, -1.4418503E+04,3,
  2.2268358E+02,  0.0000000E+00,  2.5559746E+02,3164,  5.6878114E-03,  0.0000000E+00, -2.8185213E-01,  1.0011826E+03,  7.0565953E+04,3,
  2.2544949E+02,  0.0000000E+00,  2.5669174E+02,3387, -2.4189350E-01,  0.0000000E+00, -3.8556673E-03,  1.0000768E+03,  4.5663652E+03,3,
  2.2467418E+02,  0.0000000E+00,  2.5449570E+02,3357, -2.3119728E-01,  0.0000000E+00, -8.3475418E-02,  1.0011436E+03,  6.8230773E+04,3,
  2.2679970E+02,  0.0000000E+00,  2.5498399E+02,3119,  2.2301970E-01,  0.0000000E+00,  1.4333998E-01,  1.0005443E+03,  3.2416539E+04,3,
  2.2864479E+02,  0.0000000E+00,  2.5482501E+02,3359, -3.2066414E-01,  0.0000000E+00,  3.0373691E-02,  1.0013802E+03,  8.2403711E+04,3,
  2.2955470E+02,  0.0000000E+00,  2.5484492E+02,3367, -3.5735462E-02,  0.0000000E+00,  1.2142958E-01,  1.0006884E+03,  4.1016402E+04,3,
  2.3097791E+02,  0.0000000E+00,  2.5508043E+02,3358, -1.8520305E-01,  0.0000000E+00,  1.9434541E-01,  1.0004130E+03,  2.4584424E+04,3,
  2.3194839E+02,  0.0000000E+00,  2.5502213E+02,3101, -3.0502671E-01,  0.0000000E+00,  1.7438192E-02,  1.0005979E+03,  3.5613758E+04,3,
  2.3287906E+02,  0.0000000E+00,  2.5501801E+02,3255, -2.6639378E-01,  0.0000000E+00, -1.2371834E-01,  1.0007510E+03,  4.4755891E+04,3,
  2.2723387E+02,  0.0000000E+00,  2.5553688E+02,3376, -1.9555557E-01,  0.0000000E+00,  6.0129669E-02,  1.0003224E+03,  1.9190695E+04,3,
  2.3175922E+02,  0.0000000E+00,  2.5667902E+02,3378,  4.4697610E-01,  0.0000000E+00,  3.3667836E-01,  9.9998639E+02, -8.0923950E+02,3,
  2.3371587E+02,  0.0000000E+00,  2.5707538E+02,3368, -2.3542559E-01,  0.0000000E+00,  2.2315440E-01,  1.0000662E+03,  3.9346438E+03,3,
  2.3414784E+02,  0.0000000E+00,  2.5482864E+02,3282, -3.6303422E-01,  0.0000000E+00, -3.3802975E-02,  1.0006160E+03,  3.6695508E+04,3,
  2.3577998E+02,  0.0000000E+00,  2.5679300E+02,3377, -2.2684029E-01,  0.0000000E+00,  4.8478242E-02,  1.0001381E+03,  8.2158867E+03,3,
  2.3530542E+02,  0.0000000E+00,  2.5489447E+02,3291, -3.4549379E-01,  0.0000000E+00,  1.0738496E-01,  1.0005181E+03,  3.0854719E+04,3,
  2.3723506E+02,  0.0000000E+00,  2.5639636E+02,3010, -2.9499853E-01,  0.0000000E+00, -1.5769745E-01,  1.0002098E+03,  1.2484444E+04,3,
  2.3646570E+02,  0.0000000E+00,  2.5489703E+02,3146, -2.3842566E-01,  0.0000000E+00,  2.0545138E-01,  1.0006238E+03,  3.7161754E+04,3,
  2.3995691E+02,  0.0000000E+00,  2.5679758E+02,3019, -3.2201704E-02,  0.0000000E+00, -2.4255858E-01,  1.0001105E+03,  6.5707124E+03,3,
  2.3894287E+02,  0.0000000E+00,  2.5634467E+02,3110, -1.0834922E-01,  0.0000000E+00, -3.3972588E-01,  1.0001185E+03,  7.0500728E+03,3,
  2.3815939E+02,  0.0000000E+00,  2.5465097E+02,3360, -1.0531065E-01,  0.0000000E+00,  1.7281471E-01,  1.0010294E+03,  6.1392832E+04,3,
  2.4002856E+02,  0.0000000E+00,  2.5453459E+02,3306,  2.4860591E-01,  0.0000000E+00, -8.9989930E-02,  1.0012869E+03,  7.6810383E+04,3,
  2.4199483E+02,  0.0000000E+00,  2.5509657E+02,3320,  2.1979764E-01,  0.0000000E+00, -2.6618275E-01,  1.0002488E+03,  1.4802950E+04,3,
  2.4139523E+02,  0.0000000E+00,  2.5733041E+02,3339, -2.9307818E-01,  0.0000000E+00, -3.7606627E-01,  1.0001364E+03,  8.1141909E+03,3,
  2.4256775E+02,  0.0000000E+00,  2.5481165E+02,3329,  4.3385863E-02,  0.0000000E+00, -2.3354502E-01,  1.0006119E+03,  3.6451469E+04,3,
  2.4315608E+02,  0.0000000E+00,  2.5655649E+02,3283, -3.9798524E-02,  0.0000000E+00, -5.4918236E-01,  1.0002505E+03,  1.4908350E+04,3,
  2.4378917E+02,  0.0000000E+00,  2.5492149E+02,3266,  2.2787812E-01,  0.0000000E+00, -1.4566249E-01,  1.0004429E+03,  2.6367217E+04,3,
  2.4485730E+02,  0.0000000E+00,  2.5623096E+02,3201,  4.4907784E-01,  0.0000000E+00, -6.7766649E-01,  1.0004472E+03,  2.6625564E+04,3,
  2.4544998E+02,  0.0000000E+00,  2.5503650E+02,3128,  1.6259407E-01,  0.0000000E+00, -7.8658134E-02,  1.0004523E+03,  2.6931227E+04,3,
  2.4668730E+02,  0.0000000E+00,  2.5508122E+02,3264,  2.2900112E-01,  0.0000000E+00,  1.4757559E-02,  1.0002554E+03,  1.5195478E+04,3,
  2.4689581E+02,  0.0000000E+00,  2.5693884E+02,3369,  7.8362602E-01,  0.0000000E+00, -3.9354959E-01,  1.0002230E+03,  1.3265698E+04,3,
  2.4771318E+02,  0.0000000E+00,  2.5443736E+02,2983,  3.4259835E-01,  0.0000000E+00, -2.1918695E-01,  1.0009458E+03,  5.6395184E+04,3,
  2.4864978E+02,  0.0000000E+00,  2.5696140E+02,3351,  7.0225149E-01,  0.0000000E+00, -1.3872494E-01,  1.0002347E+03,  1.3967062E+04,3,
  2.5009923E+02,  0.0000000E+00,  2.5642245E+02,3273,  5.4866832E-01,  0.0000000E+00, -2.6010308E-02,  1.0002477E+03,  1.4737530E+04,3,
  2.4924001E+02,  0.0000000E+00,  2.5361969E+02,3265,  2.5751039E-01,  0.0000000E+00, -3.0586058E-01,  1.0005984E+03,  3.5646535E+04,3,
  2.5117960E+02,  0.0000000E+00,  2.5646048E+02,3001,  4.8453179E-01,  0.0000000E+00, -2.6490737E-02,  1.0002462E+03,  1.4650305E+04,3,
  2.5003880E+02,  0.0000000E+00,  2.5297324E+02,3219,  3.3435617E-02,  0.0000000E+00, -1.0799269E-01,  1.0006481E+03,  3.8611625E+04,3,
  2.5050795E+02,  0.0000000E+00,  2.5293263E+02,3257,  8.5648410E-02,  0.0000000E+00, -1.2362328E-01,  1.0006040E+03,  3.5977969E+04,3,
  2.5209167E+02,  0.0000000E+00,  2.5653622E+02,2992,  4.4472274E-01,  0.0000000E+00, -6.3549697E-02,  1.0002587E+03,  1.5395382E+04,3,
  2.5329970E+02,  0.0000000E+00,  2.5630646E+02,3083,  4.0297732E-01,  0.0000000E+00, -1.4679530E-01,  1.0003270E+03,  1.9463402E+04,3,
  2.5097652E+02,  0.0000000E+00,  2.5278659E+02,3147,  3.3384383E-01,  0.0000000E+00, -1.1828194E-01,  1.0008137E+03,  4.8496781E+04,3,
  2.5415697E+02,  0.0000000E+00,  2.5684909E+02,3340,  5.1281220E-01,  0.0000000E+00, -2.0914157E-01,  1.0002533E+03,  1.5071902E+04,3,
  2.5351834E+02,  0.0000000E+00,  2.5327136E+02,3256, -3.0299984E-02,  0.0000000E+00, -7.8456782E-02,  1.0004624E+03,  2.7531662E+04,3,
  2.5292693E+02,  0.0000000E+00,  2.5267747E+02,2974,  2.2849217E-01,  0.0000000E+00, -6.9598757E-02,  1.0013186E+03,  7.8712281E+04,3,
  2.5473886E+02,  0.0000000E+00,  2.5290440E+02,3311,  4.1491234E-01,  0.0000000E+00, -2.1324886E-02,  1.0009164E+03,  5.4639848E+04,3,
  2.5552626E+02,  0.0000000E+00,  2.5593858E+02,3321,  5.0214899E-01,  0.0000000E+00, -1.9681184E-01,  1.0003362E+03,  2.0012477E+04,3,
  2.5620914E+02,  0.0000000E+00,  2.5684818E+02,3349,  5.8869982E-01,  0.0000000E+00, -2.7960750E-01,  1.0002507E+03,  1.4915618E+04,3,
  2.5570351E+02,  0.0000000E+00,  2.5301193E+02,3238,  1.4575961E-01,  0.0000000E+00, -1.1240214E-01,  1.0007583E+03,  4.5189703E+04,3,
  2.5735452E+02,  0.0000000E+00,  2.5685944E+02,3350,  5.5118841E-01,  0.0000000E+00, -2.7974716E-01,  1.0002710E+03,  1.6125976E+04,3,
  2.5878302E+02,  0.0000000E+00,  2.5567921E+02,3228,  5.9146231E-01,  0.0000000E+00, -7.0784397E-02,  1.0005123E+03,  3.0505254E+04,3,
  2.5687219E+02,  0.0000000E+00,  2.5286887E+02,3323,  2.9871303E-01,  0.0000000E+00, -7.4589938E-02,  1.0010732E+03,  6.4018602E+04,3,
  2.5941321E+02,  0.0000000E+00,  2.5657147E+02,3313,  7.0764714E-01,  0.0000000E+00, -2.0418683E-01,  1.0002833E+03,  1.6860260E+04,3,
  2.6066013E+02,  0.0000000E+00,  2.5694913E+02,3331,  7.4973172E-01,  0.0000000E+00, -2.1641906E-01,  1.0003033E+03,  1.8052676E+04,3,
  2.5959213E+02,  0.0000000E+00,  2.5302512E+02,2965,  3.7654683E-01,  0.0000000E+00, -9.8600969E-02,  1.0006580E+03,  3.9201836E+04,3,
  2.5811093E+02,  0.0000000E+00,  2.5256749E+02,3144,  2.2483839E-01,  0.0000000E+00, -4.2133573E-02,  1.0016351E+03,  9.7696125E+04,3,
  2.6041367E+02,  0.0000000E+00,  2.5290370E+02,2938,  2.2762471E-01,  0.0000000E+00,  1.0537303E-03,  1.0008011E+03,  4.7745574E+04,3,
  2.6140207E+02,  0.0000000E+00,  2.5297502E+02,3220,  3.3905944E-01,  0.0000000E+00,  9.1730701E-03,  1.0007178E+03,  4.2769340E+04,3,
  2.6187393E+02,  0.0000000E+00,  2.5656696E+02,2956,  7.7535570E-01,  0.0000000E+00, -1.6867077E-01,  1.0004169E+03,  2.4817260E+04,3,
  2.6307858E+02,  0.0000000E+00,  2.5678137E+02,3292,  7.5695074E-01,  0.0000000E+00, -2.1146649E-01,  1.0003420E+03,  2.0354299E+04,3,
  2.6236359E+02,  0.0000000E+00,  2.5284656E+02,3202,  4.1077149E-01,  0.0000000E+00,  2.1846347E-02,  1.0008828E+03,  5.2625789E+04,3,
  2.6415613E+02,  0.0000000E+00,  2.5674622E+02,3074,  7.9037398E-01,  0.0000000E+00, -2.4937737E-01,  1.0003357E+03,  1.9979750E+04,3,
  2.6320322E+02,  0.0000000E+00,  2.5317654E+02,3285,  3.6907199E-01,  0.0000000E+00, -3.8147606E-02,  1.0004587E+03,  2.7309678E+04,3,
  2.6525861E+02,  0.0000000E+00,  2.5661264E+02,3293,  8.6043131E-01,  0.0000000E+00, -2.6591116E-01,  1.0003513E+03,  2.0910695E+04,3,
  2.6418704E+02,  0.0000000E+00,  2.5280321E+02,3174,  4.7722512E-01,  0.0000000E+00,  8.4814295E-05,  1.0010069E+03,  6.0049172E+04,3,
  2.6638763E+02,  0.0000000E+00,  2.5638336E+02,3156,  9.2983490E-01,  0.0000000E+00, -1.8724358E-01,  1.0004237E+03,  2.5224736E+04,3,
  2.6525269E+02,  0.0000000E+00,  2.5292928E+02,3137,  4.4260961E-01,  0.0000000E+00, -5.6706250E-02,  1.0008713E+03,  5.1943582E+04,3,
  2.6769910E+02,  0.0000000E+00,  2.5708316E+02,3341,  1.0460418E+00,  0.0000000E+00, -1.0779060E-01,  1.0002266E+03,  1.3480100E+04,3,
  2.6618335E+02,  0.0000000E+00,  2.5292776E+02,2929,  4.2699727E-01,  0.0000000E+00, -6.5556765E-02,  1.0008459E+03,  5.0422469E+04,3,
  2.6717221E+02,  0.0000000E+00,  2.5294806E+02,3047,  3.8367981E-01,  0.0000000E+00, -3.2256354E-02,  1.0007880E+03,  4.6965254E+04,3,
  2.6832477E+02,  0.0000000E+00,  2.5613577E+02,3301,  7.7949452E-01,  0.0000000E+00,  9.0938985E-02,  1.0004609E+03,  2.7444322E+04,3,
  2.6838611E+02,  0.0000000E+00,  2.5274318E+02,2911,  7.0641422E-01,  0.0000000E+00, -9.3748923E-03,  1.0009253E+03,  5.5168973E+04,3,
  2.6964792E+02,  0.0000000E+00,  2.5742004E+02,3342,  1.1337438E+00,  0.0000000E+00, -1.2096369E-01,  1.0002104E+03,  1.2520780E+04,3,
  2.6965009E+02,  0.0000000E+00,  2.5290150E+02,3229,  4.5082259E-01,  0.0000000E+00,  1.6217618E-01,  1.0006863E+03,  4.0888863E+04,3,
  2.7047934E+02,  0.0000000E+00,  2.5649228E+02,3294,  9.4289321E-01,  0.0000000E+00, -5.4333080E-02,  1.0002737E+03,  1.6285914E+04,3,
  2.7166263E+02,  0.0000000E+00,  2.5750320E+02,3333,  1.3063667E+00,  0.0000000E+00, -2.0005733E-01,  1.0001522E+03,  9.0512900E+03,3,
  2.6995425E+02,  0.0000000E+00,  2.5304204E+02,3138,  2.8121978E-01,  0.0000000E+00,  1.3616183E-01,  1.0006702E+03,  3.9926895E+04,3,
  2.7405304E+02,  0.0000000E+00,  2.5745325E+02,3314,  1.6719964E+00,  0.0000000E+00, -1.9597606E-01,  1.0000979E+03,  5.8226660E+03,3,
  2.7029385E+02,  0.0000000E+00,  2.5323448E+02,3065,  2.8886414E-01,  0.0000000E+00,  2.1371263E-01,  1.0006805E+03,  4.0546332E+04,3,
  2.7260590E+02,  0.0000000E+00,  2.5673010E+02,3248,  1.1509839E+00,  0.0000000E+00, -1.4729330E-01,  1.0001495E+03,  8.8914688E+03,3,
  2.7206464E+02,  0.0000000E+00,  2.5426715E+02,3269,  9.6589643E-01,  0.0000000E+00,  6.4459538E-01,  1.0010695E+03,  6.3795805E+04,3,
  2.7355334E+02,  0.0000000E+00,  2.5502711E+02,3193,  1.0025659E+00,  0.0000000E+00,  1.4903599E-01,  1.0006746E+03,  4.0192883E+04,3,
  2.7485538E+02,  0.0000000E+00,  2.5493655E+02,2902,  1.0960264E+00,  0.0000000E+00, -2.1666950E-02,  1.0008751E+03,  5.2169766E+04,3,
  2.7577435E+02,  0.0000000E+00,  2.5756616E+02,3324,  1.6961337E+00,  0.0000000E+00, -1.7653033E-02,  1.0001144E+03,  6.8067583E+03,3,
  2.7719839E+02,  0.0000000E+00,  2.5773843E+02,3322,  1.8582019E+00,  0.0000000E+00,  2.1200165E-01,  1.0001245E+03,  7.4023452E+03,3,
  2.7628784E+02,  0.0000000E+00,  2.5518440E+02,3038,  1.0535342E+00,  0.0000000E+00, -7.7645957E-02,  1.0003179E+03,  1.8917994E+04,3,
  2.7697235E+02,  0.0000000E+00,  2.5484013E+02,3166,  9.2392516E-01,  0.0000000E+00, -1.6129728E-02,  1.0006842E+03,  4.0764969E+04,3,
  2.7883823E+02,  0.0000000E+00,  2.5754288E+02,3312,  1.5516832E+00,  0.0000000E+00,  3.6577994E-01,  1.0000922E+03,  5.4849741E+03,3,
  2.7809921E+02,  0.0000000E+00,  2.5490233E+02,3120,  8.5659331E-01,  0.0000000E+00,  4.9081255E-02,  1.0005620E+03,  3.3472453E+04,3,
  2.8009024E+02,  0.0000000E+00,  2.5752597E+02,3332,  1.3087425E+00,  0.0000000E+00,  3.5490048E-01,  1.0000703E+03,  4.1815186E+03,3,
  2.7916116E+02,  0.0000000E+00,  2.5490155E+02,3002,  1.0319943E+00,  0.0000000E+00,  7.1633384E-02,  1.0006114E+03,  3.6418688E+04,3,
  2.8084729E+02,  0.0000000E+00,  2.5714612E+02,2947,  1.0100143E+00,  0.0000000E+00,  3.7566018E-01,  1.0000479E+03,  2.8491941E+03,3,
  2.8057806E+02,  0.0000000E+00,  2.5477965E+02,3211,  8.7829959E-01,  0.0000000E+00,  1.6513852E-02,  1.0008014E+03,  4.7763809E+04,3,
  2.8167957E+02,  0.0000000E+00,  2.5496373E+02,3092,  7.8418624E-01,  0.0000000E+00, -9.4341543E-03,  1.0006368E+03,  3.7934023E+04,3,
  2.8268417E+02,  0.0000000E+00,  2.5555333E+02,3210,  8.8215953E-01,  0.0000000E+00, -3.0009279E-01,  1.0003994E+03,  2.3776814E+04,3,
  2.8349582E+02,  0.0000000E+00,  2.5471422E+02,2893,  9.4644582E-01,  0.0000000E+00,  2.9283527E-02,  1.0009791E+03,  5.8388102E+04,3,
  2.8461984E+02,  0.0000000E+00,  2.5715225E+02,3192,  8.8223845E-01,  0.0000000E+00,  1.4318961E-01,  1.0000413E+03,  2.4571545E+03,3,
  2.8488995E+02,  0.0000000E+00,  2.5487613E+02,3056,  9.2106259E-01,  0.0000000E+00,  5.7055667E-02,  1.0007416E+03,  4.4190867E+04,3,
  2.8544556E+02,  0.0000000E+00,  2.5748267E+02,3302,  7.2748739E-01,  0.0000000E+00,  8.5615434E-02,  1.0000844E+03,  5.0165815E+03,3,
  2.8610724E+02,  0.0000000E+00,  2.5486049E+02,3084,  9.1427481E-01,  0.0000000E+00,  5.0482791E-02,  1.0006876E+03,  4.0965387E+04,3,
  2.8699228E+02,  0.0000000E+00,  2.5766278E+02,3284,  6.8364012E-01,  0.0000000E+00,  7.6226160E-02,  1.0001301E+03,  7.7364702E+03,3,
  2.8729926E+02,  0.0000000E+00,  2.5496365E+02,3184,  9.6669817E-01,  0.0000000E+00,  4.3452024E-02,  1.0005146E+03,  3.0647223E+04,3,
  2.8814197E+02,  0.0000000E+00,  2.5504478E+02,3129,  9.0995115E-01,  0.0000000E+00,  3.8920045E-02,  1.0003929E+03,  2.3391223E+04,3,
  2.8833340E+02,  0.0000000E+00,  2.5738492E+02,3029,  7.6406282E-01,  0.0000000E+00,  9.1451675E-02,  1.0001091E+03,  6.4908213E+03,3,
  2.8938232E+02,  0.0000000E+00,  2.5483157E+02,2875,  7.9627442E-01,  0.0000000E+00,  3.6696073E-02,  1.0008109E+03,  4.8332680E+04,3,
  2.8991913E+02,  0.0000000E+00,  2.5749445E+02,3315,  7.3787683E-01,  0.0000000E+00,  1.3055901E-01,  1.0000806E+03,  4.7951016E+03,3,
  2.9074466E+02,  0.0000000E+00,  2.5482126E+02,3252,  8.8439965E-01,  0.0000000E+00,  3.8079295E-02,  1.0010760E+03,  6.4182965E+04,3,
  2.9120972E+02,  0.0000000E+00,  2.5720157E+02,3303,  7.0926821E-01,  0.0000000E+00,  2.0033415E-01,  1.0000392E+03,  2.3337378E+03,3,
  2.9226181E+02,  0.0000000E+00,  2.5582314E+02,3239,  1.0508291E+00,  0.0000000E+00,  5.8342165E-01,  1.0003570E+03,  2.1248912E+04,3,
  2.9456049E+02,  0.0000000E+00,  2.5697443E+02,2920,  9.0635717E-01,  0.0000000E+00,  2.0206626E-01,  1.0001116E+03,  6.6360786E+03,3,
  2.9290689E+02,  0.0000000E+00,  2.5469441E+02,3232,  4.2034271E-01,  0.0000000E+00, -1.6438729E-01,  1.0010677E+03,  6.3689887E+04,3,
  2.9436478E+02,  0.0000000E+00,  2.5453435E+02,2848,  3.3750254E-01,  0.0000000E+00, -1.8606415E-01,  1.0006178E+03,  3.6801141E+04,3,
  2.9552686E+02,  0.0000000E+00,  2.5692313E+02,3167,  7.0323652E-01,  0.0000000E+00,  7.5683549E-02,  1.0001705E+03,  1.0141052E+04,3,
  2.9545187E+02,  0.0000000E+00,  2.5359892E+02,3251,  2.8594029E-01,  0.0000000E+00, -1.6523932E-01,  1.0005674E+03,  3.3792891E+04,3,
  2.9641116E+02,  0.0000000E+00,  2.5714871E+02,3276,  6.1119264E-01,  0.0000000E+00, -2.2524841E-02,  1.0002253E+03,  1.3407421E+04,3,
  2.9613901E+02,  0.0000000E+00,  2.5285635E+02,3304,  4.9120858E-02,  0.0000000E+00, -3.1227425E-02,  1.0011388E+03,  6.7942109E+04,3,
  2.9765698E+02,  0.0000000E+00,  2.5689304E+02,3231,  5.8013171E-01,  0.0000000E+00, -1.7466106E-01,  1.0003043E+03,  1.8107211E+04,3,
  2.9870853E+02,  0.0000000E+00,  2.5675064E+02,3242,  6.9181973E-01,  0.0000000E+00, -2.4251619E-01,  1.0003187E+03,  1.8968898E+04,3,
  2.9830988E+02,  0.0000000E+00,  2.5287814E+02,3214,  4.0285155E-01,  0.0000000E+00,  1.1534010E-02,  1.0014661E+03,  8.7557164E+04,3,
  2.9976276E+02,  0.0000000E+00,  2.5624411E+02,3020,  7.0750940E-01,  0.0000000E+00, -2.1957546E-01,  1.0004440E+03,  2.6436352E+04,3,
  3.0096667E+02,  0.0000000E+00,  2.5599069E+02,3165,  7.9659623E-01,  0.0000000E+00, -1.1713437E-01,  1.0005002E+03,  2.9788162E+04,3,
  2.9986606E+02,  0.0000000E+00,  2.5321487E+02,3186,  3.4099638E-01,  0.0000000E+00, -2.5410222E-02,  1.0005316E+03,  3.1659264E+04,3,
  3.0108243E+02,  0.0000000E+00,  2.5199803E+02,3185,  3.3695322E-01,  0.0000000E+00, -2.7366716E-01,  1.0006106E+03,  3.6371336E+04,3,
  3.0020169E+02,  0.0000000E+00,  2.5265468E+02,3176,  2.7920288E-01,  0.0000000E+00, -9.0346135E-02,  1.0006572E+03,  3.9150828E+04,3,
  2.9635382E+02,  0.0000000E+00,  2.5268851E+02,3126,  3.3146724E-01,  0.0000000E+00, -5.1885370E-02,  1.0013665E+03,  8.1584086E+04,3,
  3.0228162E+02,  0.0000000E+00,  2.5618048E+02,3215,  8.0628073E-01,  0.0000000E+00,  5.8323607E-02,  1.0003830E+03,  2.2798312E+04,3,
  3.0353186E+02,  0.0000000E+00,  2.5636621E+02,3247,  7.1281081E-01,  0.0000000E+00,  1.5372775E-01,  1.0003371E+03,  2.0063385E+04,3,
  3.0294614E+02,  0.0000000E+00,  2.5406831E+02,2821,  3.4823555E-01,  0.0000000E+00, -4.0646113E-02,  1.0007163E+03,  4.2681867E+04,3,
  3.0481195E+02,  0.0000000E+00,  2.5648627E+02,3295,  6.6726011E-01,  0.0000000E+00,  1.3111584E-01,  1.0003160E+03,  1.8805281E+04,3,
  3.0613895E+02,  0.0000000E+00,  2.5647284E+02,3305,  6.6015828E-01,  0.0000000E+00,  2.7576113E-02,  1.0003231E+03,  1.9230691E+04,3,
  3.0739337E+02,  0.0000000E+00,  2.5664993E+02,3275,  6.4029121E-01,  0.0000000E+00, -5.7518598E-02,  1.0002750E+03,  1.6362249E+04,3,
  3.0470450E+02,  0.0000000E+00,  2.5381126E+02,3066,  1.6064040E-01,  0.0000000E+00,  1.8457914E-02,  1.0007419E+03,  4.4209094E+04,3,
  3.0626501E+02,  0.0000000E+00,  2.5380591E+02,2830,  2.1064898E-01,  0.0000000E+00, -2.0458980E-02,  1.0006814E+03,  4.0597348E+04,3,
  3.0793762E+02,  0.0000000E+00,  2.5392896E+02,3149,  2.2942828E-01,  0.0000000E+00, -1.0965096E-01,  1.0006740E+03,  4.0156445E+04,3,
  3.0862030E+02,  0.0000000E+00,  2.5624164E+02,3183,  6.2948990E-01,  0.0000000E+00, -1.4745873E-01,  1.0003898E+03,  2.3202070E+04,3,
  3.1003879E+02,  0.0000000E+00,  2.5660550E+02,3296,  7.1877760E-01,  0.0000000E+00, -1.2470625E-01,  1.0002867E+03,  1.7060197E+04,3,
  3.0952722E+02,  0.0000000E+00,  2.5363174E+02,3157,  2.6654509E-01,  0.0000000E+00, -4.1507557E-02,  1.0007515E+03,  4.4785055E+04,3,
  3.1152902E+02,  0.0000000E+00,  2.5695895E+02,3297,  6.6456848E-01,  0.0000000E+00, -1.1415309E-01,  1.0002530E+03,  1.5053729E+04,3,
  3.1090570E+02,  0.0000000E+00,  2.5443597E+02,3139,  3.9480153E-01,  0.0000000E+00, -1.5077640E-01,  1.0006465E+03,  3.8516906E+04,3,
  3.1291031E+02,  0.0000000E+00,  2.5675873E+02,3278,  6.2145966E-01,  0.0000000E+00, -1.2231632E-01,  1.0002756E+03,  1.6402234E+04,3,
  3.1431107E+02,  0.0000000E+00,  2.5657013E+02,3286,  7.0356739E-01,  0.0000000E+00, -1.3033111E-01,  1.0002829E+03,  1.6834812E+04,3,
  3.1232935E+02,  0.0000000E+00,  2.5376610E+02,3085,  4.6227613E-01,  0.0000000E+00, -5.4795656E-02,  1.0007452E+03,  4.4405938E+04,3,
  3.1509711E+02,  0.0000000E+00,  2.5355156E+02,3177,  4.5358777E-01,  0.0000000E+00, -1.4144824E-01,  1.0007852E+03,  4.6793883E+04,3,
  3.1379697E+02,  0.0000000E+00,  2.5430344E+02,3195,  4.5349619E-01,  0.0000000E+00, -2.0847097E-02,  1.0006277E+03,  3.7394887E+04,3,
  3.1570865E+02,  0.0000000E+00,  2.5658115E+02,3267,  6.8714666E-01,  0.0000000E+00, -1.3113260E-01,  1.0002765E+03,  1.6453125E+04,3,
  3.1654837E+02,  0.0000000E+00,  2.5421281E+02,3102,  5.2750379E-01,  0.0000000E+00, -1.2063345E-02,  1.0006567E+03,  3.9121684E+04,3,
  3.1705148E+02,  0.0000000E+00,  2.5672174E+02,3287,  7.0245838E-01,  0.0000000E+00, -1.3273396E-01,  1.0002620E+03,  1.5588021E+04,3,
  3.1797562E+02,  0.0000000E+00,  2.5396689E+02,2984,  5.7763016E-01,  0.0000000E+00, -5.4997671E-02,  1.0007000E+03,  4.1708793E+04,3,
  3.1839590E+02,  0.0000000E+00,  2.5672476E+02,3279,  7.1222365E-01,  0.0000000E+00, -1.2612942E-01,  1.0002710E+03,  1.6125976E+04,3,
  3.1981378E+02,  0.0000000E+00,  2.5682770E+02,3259,  7.5238711E-01,  0.0000000E+00, -8.1521690E-02,  1.0002250E+03,  1.3389251E+04,3,
  3.2072656E+02,  0.0000000E+00,  2.5611679E+02,3268,  7.5898099E-01,  0.0000000E+00, -5.0744630E-02,  1.0003383E+03,  2.0132477E+04,3,
  3.2208887E+02,  0.0000000E+00,  2.5648068E+02,3277,  7.4320847E-01,  0.0000000E+00,  5.2968753E-03,  1.0002134E+03,  1.2698829E+04,3,
  3.1944443E+02,  0.0000000E+00,  2.5386824E+02,2794,  6.2037200E-01,  0.0000000E+00, -5.2894782E-02,  1.0006528E+03,  3.8888512E+04,3,
  3.2098221E+02,  0.0000000E+00,  2.5378598E+02,3221,  5.7068545E-01,  0.0000000E+00, -4.6059042E-02,  1.0007396E+03,  4.4070578E+04,3,
  3.2261679E+02,  0.0000000E+00,  2.5377095E+02,3057,  5.8670235E-01,  0.0000000E+00, -3.5591707E-02,  1.0008705E+03,  5.1896160E+04,3,
  3.2331772E+02,  0.0000000E+00,  2.5624570E+02,3249,  7.1194249E-01,  0.0000000E+00,  1.3885780E-02,  1.0002582E+03,  1.5362670E+04,3,
  3.2432419E+02,  0.0000000E+00,  2.5685712E+02,3270,  7.1100920E-01,  0.0000000E+00, -1.4786826E-02,  1.0001912E+03,  1.1376260E+04,3,
  3.2426974E+02,  0.0000000E+00,  2.5385445E+02,2957,  5.6925571E-01,  0.0000000E+00, -8.0709867E-02,  1.0008340E+03,  4.9711234E+04,3,
  3.2562778E+02,  0.0000000E+00,  2.5661447E+02,3212,  7.1970731E-01,  0.0000000E+00, -3.0550357E-02,  1.0002382E+03,  1.4174211E+04,3,
  3.2696747E+02,  0.0000000E+00,  2.5663303E+02,3048,  7.3159802E-01,  0.0000000E+00, -2.2625629E-02,  1.0002469E+03,  1.4693917E+04,3,
  3.2825284E+02,  0.0000000E+00,  2.5696207E+02,3288,  7.3074919E-01,  0.0000000E+00, -4.6062205E-04,  1.0002095E+03,  1.2466276E+04,3,
  3.2574701E+02,  0.0000000E+00,  2.5403426E+02,3159,  5.7775539E-01,  0.0000000E+00, -1.5151776E-02,  1.0007311E+03,  4.3567559E+04,3,
  3.2718561E+02,  0.0000000E+00,  2.5402299E+02,3131,  6.1284268E-01,  0.0000000E+00, -2.8979350E-02,  1.0006821E+03,  4.0641074E+04,3,
  3.2866943E+02,  0.0000000E+00,  2.5400995E+02,3087,  5.8835495E-01,  0.0000000E+00, -6.7260107E-03,  1.0006837E+03,  4.0735816E+04,3,
  3.2941425E+02,  0.0000000E+00,  2.5611316E+02,3175,  7.0786875E-01,  0.0000000E+00,  2.1235745E-02,  1.0003129E+03,  1.8623486E+04,3,
  3.3024484E+02,  0.0000000E+00,  2.5389076E+02,3203,  5.5715442E-01,  0.0000000E+00, -8.3306164E-02,  1.0007366E+03,  4.3891965E+04,3,
  3.3077164E+02,  0.0000000E+00,  2.5683612E+02,2884,  6.8544888E-01,  0.0000000E+00,  7.1229362E-03,  1.0002085E+03,  1.2404506E+04,3,
  3.3204868E+02,  0.0000000E+00,  2.5657700E+02,3111,  6.8006164E-01,  0.0000000E+00, -7.3192115E-03,  1.0002461E+03,  1.4643035E+04,3,
  3.3337265E+02,  0.0000000E+00,  2.5678949E+02,3261,  6.8134457E-01,  0.0000000E+00, -6.2428648E-03,  1.0002191E+03,  1.3033133E+04,3,
  3.3161929E+02,  0.0000000E+00,  2.5403665E+02,3132,  5.5693102E-01,  0.0000000E+00, -4.3001529E-02,  1.0007144E+03,  4.2565242E+04,3,
  3.3461902E+02,  0.0000000E+00,  2.5647330E+02,3260,  6.8214589E-01,  0.0000000E+00,  9.5924074E-03,  1.0002568E+03,  1.5282708E+04,3,
  3.3304999E+02,  0.0000000E+00,  2.5400342E+02,3011,  5.4889220E-01,  0.0000000E+00, -3.9931186E-02,  1.0006820E+03,  4.0633785E+04,3,
  3.3448071E+02,  0.0000000E+00,  2.5409459E+02,3094,  5.5874652E-01,  0.0000000E+00,  2.0817107E-02,  1.0006403E+03,  3.8141672E+04,3,
  3.3600369E+02,  0.0000000E+00,  2.5684924E+02,2866,  6.8410087E-01,  0.0000000E+00,  3.1220058E-02,  1.0002007E+03,  1.1939420E+04,3,
  3.3594589E+02,  0.0000000E+00,  2.5381833E+02,2930,  5.0219846E-01,  0.0000000E+00, -3.2622542E-02,  1.0006843E+03,  4.0772254E+04,3,
  3.3691049E+02,  0.0000000E+00,  2.5564899E+02,3250,  6.5895706E-01,  0.0000000E+00,  3.9594725E-02,  1.0003987E+03,  2.3733162E+04,3,
  3.3821521E+02,  0.0000000E+00,  2.5681409E+02,3241,  6.2714714E-01,  0.0000000E+00,  2.4059694E-02,  1.0002086E+03,  1.2411772E+04,3,
  3.3769794E+02,  0.0000000E+00,  2.5383575E+02,3093,  4.6912304E-01,  0.0000000E+00, -3.7250925E-02,  1.0006782E+03,  4.0404223E+04,3,
  3.3940817E+02,  0.0000000E+00,  2.5663824E+02,3240,  6.4773244E-01,  0.0000000E+00,  1.8496326E-03,  1.0002350E+03,  1.3981600E+04,3,
  3.4069824E+02,  0.0000000E+00,  2.5644135E+02,3148,  6.3931638E-01,  0.0000000E+00, -1.7453833E-02,  1.0002597E+03,  1.5453537E+04,3,
  3.3917688E+02,  0.0000000E+00,  2.5408376E+02,2740,  5.0978929E-01,  0.0000000E+00,  2.6919372E-02,  1.0006337E+03,  3.7751879E+04,3,
  3.4203238E+02,  0.0000000E+00,  2.5669269E+02,3234,  6.4217472E-01,  0.0000000E+00, -2.1943778E-02,  1.0002228E+03,  1.3258431E+04,3,
  3.4065454E+02,  0.0000000E+00,  2.5389738E+02,3140,  4.6587992E-01,  0.0000000E+00, -7.6823354E-02,  1.0006953E+03,  4.1428188E+04,3,
  3.4201291E+02,  0.0000000E+00,  2.5406903E+02,3158,  4.8587415E-01,  0.0000000E+00, -2.2831004E-02,  1.0006663E+03,  3.9697348E+04,3,
  3.4332455E+02,  0.0000000E+00,  2.5647571E+02,2857,  6.3868362E-01,  0.0000000E+00, -1.6050164E-02,  1.0002523E+03,  1.5010115E+04,3,
  3.4346439E+02,  0.0000000E+00,  2.5392397E+02,3112,  4.8853779E-01,  0.0000000E+00,  7.3317308E-03,  1.0007067E+03,  4.2106031E+04,3,
  3.4463663E+02,  0.0000000E+00,  2.5665833E+02,3233,  6.4642888E-01,  0.0000000E+00, -3.1884506E-03,  1.0002321E+03,  1.3810796E+04,3,
  3.4491721E+02,  0.0000000E+00,  2.5432056E+02,3194,  4.8763388E-01,  0.0000000E+00, -1.5776545E-01,  1.0005997E+03,  3.5723020E+04,3,
  3.4606506E+02,  0.0000000E+00,  2.5692181E+02,3243,  5.7056212E-01,  0.0000000E+00, -7.5769122E-04,  1.0002151E+03,  1.2796938E+04,3,
  3.4732318E+02,  0.0000000E+00,  2.5652209E+02,2966,  5.7216370E-01,  0.0000000E+00, -2.3106274E-03,  1.0002523E+03,  1.5010115E+04,3,
  3.4629285E+02,  0.0000000E+00,  2.5397874E+02,3096,  5.5529255E-01,  0.0000000E+00,  7.6059900E-02,  1.0006765E+03,  4.0305840E+04,3,
  3.4868567E+02,  0.0000000E+00,  2.5687335E+02,3224,  6.3471848E-01,  0.0000000E+00,  8.1313308E-03,  1.0002008E+03,  1.1946687E+04,3,
  3.4768091E+02,  0.0000000E+00,  2.5420950E+02,2885,  5.4124010E-01,  0.0000000E+00,  2.6459495E-02,  1.0006544E+03,  3.8986879E+04,3,
  3.4914297E+02,  0.0000000E+00,  2.5368561E+02,2876,  4.5487452E-01,  0.0000000E+00, -1.1273331E-03,  1.0007037E+03,  4.1931098E+04,3,
  3.4987845E+02,  0.0000000E+00,  2.5526035E+02,3060,  6.4307088E-01,  0.0000000E+00,  1.7744455E-02,  1.0004915E+03,  2.9264025E+04,3,
  3.5069455E+02,  0.0000000E+00,  2.5675674E+02,3135,  5.7819813E-01,  0.0000000E+00,  4.6166707E-02,  1.0002157E+03,  1.2833276E+04,3,
  3.5117038E+02,  0.0000000E+00,  2.5390190E+02,2776,  4.7655511E-01,  0.0000000E+00, -5.7532292E-02,  1.0006674E+03,  3.9762934E+04,3,
  3.5206992E+02,  0.0000000E+00,  2.5682693E+02,3223,  5.6848556E-01,  0.0000000E+00,  4.3032367E-02,  1.0002391E+03,  1.4225090E+04,3,
  3.5336737E+02,  0.0000000E+00,  2.5666193E+02,3205,  5.9232455E-01,  0.0000000E+00,  3.9168436E-02,  1.0002540E+03,  1.5115517E+04,3,
  3.5259192E+02,  0.0000000E+00,  2.5413991E+02,2785,  4.7585997E-01,  0.0000000E+00,  6.1816562E-02,  1.0005743E+03,  3.4208020E+04,3,
  3.5475500E+02,  0.0000000E+00,  2.5655591E+02,2839,  5.7486558E-01,  0.0000000E+00,  4.2334799E-02,  1.0002437E+03,  1.4501296E+04,3,
  3.5393253E+02,  0.0000000E+00,  2.5402022E+02,3021,  4.4962451E-01,  0.0000000E+00,  4.3706495E-02,  1.0006185E+03,  3.6841207E+04,3,
  3.5607196E+02,  0.0000000E+00,  2.5666315E+02,3075,  5.3014112E-01,  0.0000000E+00,  5.1838014E-02,  1.0002134E+03,  1.2698829E+04,3,
  3.5523108E+02,  0.0000000E+00,  2.5412633E+02,2949,  5.1180804E-01,  0.0000000E+00, -9.9345325E-03,  1.0006148E+03,  3.6622660E+04,3,
  3.6073135E+02,  0.0000000E+00,  2.5159924E+02,2960,  4.8786271E-01,  0.0000000E+00,  4.3507624E-01,  1.0009217E+03,  5.4953668E+04,3,
  3.5669537E+02,  0.0000000E+00,  2.5377144E+02,2994,  4.1432792E-01,  0.0000000E+00, -1.2296893E-02,  1.0008307E+03,  4.9517934E+04,3,
  3.5737759E+02,  0.0000000E+00,  2.5672769E+02,2812,  6.2042749E-01,  0.0000000E+00,  7.5946510E-02,  1.0001859E+03,  1.1060177E+04,3,
  3.6175955E+02,  0.0000000E+00,  2.5258788E+02,2849,  6.0195011E-01,  0.0000000E+00,  3.7718523E-01,  1.0008360E+03,  4.9831594E+04,3,
  3.5824637E+02,  0.0000000E+00,  2.5558990E+02,2722,  5.6526822E-01,  0.0000000E+00,  1.9686836E-01,  1.0003356E+03,  1.9972477E+04,3,
  3.5965961E+02,  0.0000000E+00,  2.5675800E+02,3225,  6.7131853E-01,  0.0000000E+00,  1.0605478E-01,  1.0002055E+03,  1.2226463E+04,3,
  3.6115570E+02,  0.0000000E+00,  2.5655267E+02,3012,  6.6066951E-01,  0.0000000E+00,  1.1904992E-01,  1.0002285E+03,  1.3592753E+04,3,
  3.5841089E+02,  0.0000000E+00,  2.5388853E+02,2913,  2.5550058E-01,  0.0000000E+00,  8.5803315E-02,  1.0007857E+03,  4.6826699E+04,3,
  3.6259448E+02,  0.0000000E+00,  2.5681979E+02,3216,  6.8258166E-01,  0.0000000E+00,  8.7773301E-02,  1.0002386E+03,  1.4196016E+04,3,
  3.6009558E+02,  0.0000000E+00,  2.5481219E+02,2985,  2.9442325E-01,  0.0000000E+00,  8.2115844E-02,  1.0005422E+03,  3.2289109E+04,3,
  3.6211813E+02,  0.0000000E+00,  2.5478160E+02,3121,  3.8850603E-01,  0.0000000E+00,  3.0837879E-01,  1.0003943E+03,  2.3474887E+04,3,
  3.6303571E+02,  0.0000000E+00,  2.5273431E+02,2952,  5.0998682E-01,  0.0000000E+00,  1.5147947E-01,  1.0011324E+03,  6.7558461E+04,3,
  3.6388745E+02,  0.0000000E+00,  2.5659940E+02,3076,  6.6520327E-01,  0.0000000E+00,  5.9687939E-02,  1.0002557E+03,  1.5217285E+04,3,
  3.6410913E+02,  0.0000000E+00,  2.5367250E+02,3105,  5.5180150E-01,  0.0000000E+00,  1.7602248E-02,  1.0002643E+03,  1.5726142E+04,3,
  3.6506528E+02,  0.0000000E+00,  2.5646643E+02,3141,  6.5975398E-01,  0.0000000E+00,  3.7361264E-02,  1.0002617E+03,  1.5573482E+04,3,
  3.6497922E+02,  0.0000000E+00,  2.5276610E+02,2814,  4.8185173E-01,  0.0000000E+00, -1.6751844E-02,  1.0012942E+03,  7.7249250E+04,3,
  3.6639435E+02,  0.0000000E+00,  2.5674716E+02,3207,  6.3088101E-01,  0.0000000E+00,  1.8830067E-02,  1.0002452E+03,  1.4588520E+04,3,
  3.6615109E+02,  0.0000000E+00,  2.5314110E+02,3051,  4.7462341E-01,  0.0000000E+00, -4.2809993E-02,  1.0005641E+03,  3.3596258E+04,3,
  3.6840930E+02,  0.0000000E+00,  2.5659366E+02,3196,  6.0417914E-01,  0.0000000E+00,  1.5471395E-02,  1.0002484E+03,  1.4781144E+04,3,
  3.6762540E+02,  0.0000000E+00,  2.5294547E+02,2596,  4.3252176E-01,  0.0000000E+00, -1.4098677E-02,  1.0007707E+03,  4.5929781E+04,3,
  3.6946634E+02,  0.0000000E+00,  2.5649066E+02,3197,  6.0044432E-01,  0.0000000E+00,  2.0716216E-02,  1.0002521E+03,  1.5002847E+04,3,
  3.6715988E+02,  0.0000000E+00,  2.5597282E+02,3068,  6.4477009E-01,  0.0000000E+00,  1.6433196E-02,  1.0002394E+03,  1.4243261E+04,3,
  3.6915085E+02,  0.0000000E+00,  2.5250475E+02,2919,  5.0889027E-01,  0.0000000E+00,  1.4499624E-02,  1.0018106E+03,  1.0824155E+05,3,
  3.6678613E+02,  0.0000000E+00,  2.5311456E+02,3086,  4.1654384E-01,  0.0000000E+00, -4.1239344E-02,  1.0005076E+03,  3.0224963E+04,3,
  3.7030692E+02,  0.0000000E+00,  2.5310109E+02,2953,  4.5299286E-01,  0.0000000E+00,  9.5635131E-03,  1.0009746E+03,  5.8117977E+04,3,
  3.7064877E+02,  0.0000000E+00,  2.5654980E+02,3198,  6.1384320E-01,  0.0000000E+00,  2.6225405E-02,  1.0002476E+03,  1.4730261E+04,3,
  3.7178513E+02,  0.0000000E+00,  2.5648679E+02,3168,  6.0989505E-01,  0.0000000E+00,  3.3483237E-02,  1.0002456E+03,  1.4613961E+04,3,
  3.7142255E+02,  0.0000000E+00,  2.5286444E+02,2942,  4.5523688E-01,  0.0000000E+00,  8.1184064E-04,  1.0010477E+03,  6.2491992E+04,3,
  3.7294977E+02,  0.0000000E+00,  2.5649527E+02,2993,  6.0793579E-01,  0.0000000E+00,  3.0591400E-02,  1.0002385E+03,  1.4192382E+04,3,
  3.7252609E+02,  0.0000000E+00,  2.5286023E+02,2915,  4.5534793E-01,  0.0000000E+00,  4.4227729E-04,  1.0009061E+03,  5.4023184E+04,3,
  3.7403769E+02,  0.0000000E+00,  2.5613834E+02,2713,  5.9699804E-01,  0.0000000E+00,  3.6622856E-02,  1.0002397E+03,  1.4265066E+04,3,
  3.7513733E+02,  0.0000000E+00,  2.5659259E+02,3178,  6.0200703E-01,  0.0000000E+00,  2.3455711E-02,  1.0002247E+03,  1.3367448E+04,3,
  3.7362228E+02,  0.0000000E+00,  2.5301178E+02,2986,  4.4143865E-01,  0.0000000E+00,  7.8275679E-03,  1.0006019E+03,  3.5854137E+04,3,
  3.7620132E+02,  0.0000000E+00,  2.5599637E+02,2731,  5.9279430E-01,  0.0000000E+00,  3.3587694E-02,  1.0002316E+03,  1.3778089E+04,3,
  3.7436661E+02,  0.0000000E+00,  2.5293036E+02,3016,  4.5217374E-01,  0.0000000E+00,  2.5397181E-03,  1.0006718E+03,  4.0025273E+04,3,
  3.7540936E+02,  0.0000000E+00,  2.5291391E+02,2979,  4.1564441E-01,  0.0000000E+00,  2.2377509E-03,  1.0007081E+03,  4.2189852E+04,3,
  3.7611929E+02,  0.0000000E+00,  2.5314853E+02,2850,  4.4358870E-01,  0.0000000E+00,  1.2264870E-02,  1.0004705E+03,  2.8015674E+04,3,
  3.7721066E+02,  0.0000000E+00,  2.5651785E+02,3170,  5.8518481E-01,  0.0000000E+00,  2.7751407E-02,  1.0002249E+03,  1.3381983E+04,3,
  3.7731400E+02,  0.0000000E+00,  2.5270320E+02,2832,  4.2110062E-01,  0.0000000E+00, -5.2753265E-04,  1.0011736E+03,  7.0025047E+04,3,
  3.7863034E+02,  0.0000000E+00,  2.5655200E+02,3180,  5.2931058E-01,  0.0000000E+00,  2.9245423E-02,  1.0002158E+03,  1.2836910E+04,3,
  3.7909592E+02,  0.0000000E+00,  2.5588176E+02,2641,  6.2745583E-01,  0.0000000E+00,  5.7781707E-02,  1.0002324E+03,  1.3825332E+04,3,
  3.7842206E+02,  0.0000000E+00,  2.5278629E+02,2723,  4.1886324E-01,  0.0000000E+00, -6.5029867E-04,  1.0010381E+03,  6.1915008E+04,3,
  3.7963855E+02,  0.0000000E+00,  2.5315311E+02,2650,  3.9771482E-01,  0.0000000E+00,  6.6886307E-03,  1.0004542E+03,  2.7044033E+04,3,
  3.8058386E+02,  0.0000000E+00,  2.5652826E+02,3150,  5.7830250E-01,  0.0000000E+00,  2.9004339E-02,  1.0002279E+03,  1.3560048E+04,3,
  3.8159363E+02,  0.0000000E+00,  2.5607596E+02,3041,  5.5248868E-01,  0.0000000E+00,  2.8362699E-02,  1.0002335E+03,  1.3894380E+04,3,
  3.8038275E+02,  0.0000000E+00,  2.5281107E+02,2886,  4.2834494E-01,  0.0000000E+00, -5.3553632E-03,  1.0008228E+03,  4.9040168E+04,3,
  3.8284296E+02,  0.0000000E+00,  2.5654880E+02,3187,  5.6808460E-01,  0.0000000E+00,  2.2299346E-02,  1.0002147E+03,  1.2771503E+04,3,
  3.8127963E+02,  0.0000000E+00,  2.5308386E+02,3022,  3.9485422E-01,  0.0000000E+00, -2.1129695E-03,  1.0004554E+03,  2.7113174E+04,3,
  3.8211716E+02,  0.0000000E+00,  2.5295357E+02,2858,  3.9167619E-01,  0.0000000E+00,  6.2491447E-03,  1.0006047E+03,  3.6018035E+04,3,
  3.8304980E+02,  0.0000000E+00,  2.5292215E+02,2569,  3.6650383E-01,  0.0000000E+00,  1.1406572E-02,  1.0008138E+03,  4.8507723E+04,3,
  3.8351489E+02,  0.0000000E+00,  2.5603055E+02,2894,  5.3851020E-01,  0.0000000E+00,  5.8389001E-02,  1.0001600E+03,  9.5162402E+03,3,
  3.8478677E+02,  0.0000000E+00,  2.5651895E+02,3188,  5.4471809E-01,  0.0000000E+00,  3.6257945E-02,  1.0001815E+03,  1.0794966E+04,3,
  3.8571347E+02,  0.0000000E+00,  2.5641937E+02,2903,  5.4759830E-01,  0.0000000E+00,  5.2750006E-02,  1.0001418E+03,  8.4338115E+03,3,
  3.8458942E+02,  0.0000000E+00,  2.5262874E+02,2856,  4.1329041E-01,  0.0000000E+00,  3.0898849E-02,  1.0018057E+03,  1.0794440E+05,3,
  3.8686230E+02,  0.0000000E+00,  2.5649579E+02,3045,  5.3075248E-01,  0.0000000E+00,  2.9405186E-02,  1.0001615E+03,  9.6070537E+03,3,
  3.8583029E+02,  0.0000000E+00,  2.5314482E+02,2784,  4.0491903E-01,  0.0000000E+00,  1.0940787E-02,  1.0011276E+03,  6.7269820E+04,3,
  3.8801367E+02,  0.0000000E+00,  2.5632120E+02,3042,  5.3758138E-01,  0.0000000E+00,  1.3942823E-02,  1.0001695E+03,  1.0082928E+04,3,
  3.8714771E+02,  0.0000000E+00,  2.5275305E+02,2883,  3.8975707E-01,  0.0000000E+00, -8.5289985E-02,  1.0011674E+03,  6.9655930E+04,3,
  3.8927097E+02,  0.0000000E+00,  2.5617523E+02,3032,  5.6612986E-01,  0.0000000E+00, -2.9934763E-03,  1.0002451E+03,  1.4584886E+04,3,
  3.8849176E+02,  0.0000000E+00,  2.5331262E+02,2918,  3.6762327E-01,  0.0000000E+00,  1.1678159E-01,  1.0013260E+03,  7.9154883E+04,3,
  3.8926242E+02,  0.0000000E+00,  2.5176768E+02,2909,  2.8950384E-01,  0.0000000E+00, -2.9684794E-01,  1.0008801E+03,  5.2465266E+04,3,
  3.9041415E+02,  0.0000000E+00,  2.5608002E+02,3189,  5.5783588E-01,  0.0000000E+00,  2.9004601E-04,  1.0003112E+03,  1.8518049E+04,3,
  3.9177435E+02,  0.0000000E+00,  2.5596988E+02,3169,  6.1370915E-01,  0.0000000E+00,  5.8604358E-03,  1.0003179E+03,  1.8917994E+04,3,
  3.9150763E+02,  0.0000000E+00,  2.5427969E+02,2924,  3.2180876E-01,  0.0000000E+00, -1.2261934E-02,  1.0004978E+03,  2.9642566E+04,3,
  3.9339941E+02,  0.0000000E+00,  2.5597014E+02,3039,  6.0690129E-01,  0.0000000E+00,  1.4954624E-03,  1.0002900E+03,  1.7260139E+04,3,
  3.9497568E+02,  0.0000000E+00,  2.5600793E+02,3160,  5.8481365E-01,  0.0000000E+00, -1.0934072E-03,  1.0002690E+03,  1.6009659E+04,3,
  3.9637653E+02,  0.0000000E+00,  2.5600964E+02,3151,  5.4975033E-01,  0.0000000E+00, -6.4770728E-03,  1.0002728E+03,  1.6231390E+04,3,
  3.9294983E+02,  0.0000000E+00,  2.5386853E+02,2840,  2.5239038E-01,  0.0000000E+00, -3.1446584E-02,  1.0005582E+03,  3.3243059E+04,3,
  3.9464282E+02,  0.0000000E+00,  2.5394875E+02,2846,  3.0434275E-01,  0.0000000E+00,  6.0169734E-03,  1.0005457E+03,  3.2500281E+04,3,
  3.9646490E+02,  0.0000000E+00,  2.5395755E+02,2872,  3.1354210E-01,  0.0000000E+00, -1.1816050E-02,  1.0005595E+03,  3.3323164E+04,3,
  3.9783881E+02,  0.0000000E+00,  2.5596581E+02,2767,  5.7840353E-01,  0.0000000E+00, -9.3902899E-03,  1.0002739E+03,  1.6300454E+04,3,
  3.9927609E+02,  0.0000000E+00,  2.5579813E+02,2959,  5.4974288E-01,  0.0000000E+00, -2.1972617E-03,  1.0002878E+03,  1.7125633E+04,3,
  3.9809418E+02,  0.0000000E+00,  2.5387178E+02,2877,  2.8798565E-01,  0.0000000E+00, -1.5042036E-02,  1.0005615E+03,  3.3443324E+04,3,
  4.0061246E+02,  0.0000000E+00,  2.5587697E+02,3003,  5.4131836E-01,  0.0000000E+00,  7.7650887E-03,  1.0002685E+03,  1.5976945E+04,3,
  4.0189523E+02,  0.0000000E+00,  2.5562746E+02,3015,  5.3887194E-01,  0.0000000E+00,  1.4531928E-02,  1.0003107E+03,  1.8492598E+04,3,
  4.0325021E+02,  0.0000000E+00,  2.5586226E+02,3133,  5.3261799E-01,  0.0000000E+00,  3.7107784E-02,  1.0002600E+03,  1.5471710E+04,3,
  3.9994873E+02,  0.0000000E+00,  2.5378951E+02,3024,  3.2825050E-01,  0.0000000E+00, -1.3430686E-03,  1.0005428E+03,  3.2329158E+04,3,
  4.0194452E+02,  0.0000000E+00,  2.5372112E+02,2895,  3.0943614E-01,  0.0000000E+00, -9.6030263E-03,  1.0005263E+03,  3.1342535E+04,3,
  4.1041135E+02,  0.0000000E+00,  2.5140761E+02,2816,  1.9273971E-01,  0.0000000E+00,  1.9280353E-01,  1.0007142E+03,  4.2554309E+04,3,
  4.0379587E+02,  0.0000000E+00,  2.5384593E+02,2944,  3.0556980E-01,  0.0000000E+00,  4.0975723E-02,  1.0005588E+03,  3.3283109E+04,3,
  4.0454474E+02,  0.0000000E+00,  2.5567738E+02,3014,  5.1233286E-01,  0.0000000E+00,  5.2149214E-02,  1.0002753E+03,  1.6380425E+04,3,
  4.0595813E+02,  0.0000000E+00,  2.5593716E+02,3162,  5.0591993E-01,  0.0000000E+00,  5.6460969E-02,  1.0002381E+03,  1.4166942E+04,3,
  4.0579428E+02,  0.0000000E+00,  2.5402928E+02,3078,  3.5088915E-01,  0.0000000E+00, -2.2788348E-02,  1.0005374E+03,  3.2005127E+04,3,
  4.0761160E+02,  0.0000000E+00,  2.5599855E+02,3153,  4.9744508E-01,  0.0000000E+00,  7.6437145E-02,  1.0002382E+03,  1.4174211E+04,3,
  4.0913980E+02,  0.0000000E+00,  2.5595979E+02,2968,  5.0111997E-01,  0.0000000E+00,  1.0945880E-01,  1.0002365E+03,  1.4068819E+04,3,
  4.0739993E+02,  0.0000000E+00,  2.5401907E+02,3050,  2.9699486E-01,  0.0000000E+00, -1.1000907E-02,  1.0005612E+03,  3.3421477E+04,3,
  4.0893869E+02,  0.0000000E+00,  2.5424399E+02,3005,  3.0188352E-01,  0.0000000E+00,  1.7059472E-01,  1.0005098E+03,  3.0356008E+04,3,
  4.1064590E+02,  0.0000000E+00,  2.5598967E+02,3095,  5.0050527E-01,  0.0000000E+00,  1.0617103E-01,  1.0002114E+03,  1.2575285E+04,3,
  4.1095975E+02,  0.0000000E+00,  2.5490311E+02,2632,  3.2693017E-01,  0.0000000E+00,  1.1467851E-01,  1.0004037E+03,  2.4035096E+04,3,
  4.1243695E+02,  0.0000000E+00,  2.5607104E+02,3142,  5.3628296E-01,  0.0000000E+00,  6.8728186E-02,  1.0002200E+03,  1.3087640E+04,3,
  4.1156549E+02,  0.0000000E+00,  2.5212495E+02,2696,  2.8224367E-01,  0.0000000E+00,  2.1751615E-01,  1.0009471E+03,  5.6475477E+04,3,
  4.1358929E+02,  0.0000000E+00,  2.5604590E+02,3152,  5.1845205E-01,  0.0000000E+00,  7.2900161E-02,  1.0002181E+03,  1.2974992E+04,3,
  4.1493698E+02,  0.0000000E+00,  2.5615131E+02,3143,  5.0157559E-01,  0.0000000E+00,  8.1571542E-02,  1.0001938E+03,  1.1532488E+04,3,
  4.1235855E+02,  0.0000000E+00,  2.5329185E+02,2862,  2.3799446E-01,  0.0000000E+00,  9.0478852E-02,  1.0001853E+03,  1.1023847E+04,3,
  4.1608362E+02,  0.0000000E+00,  2.5588779E+02,2970,  4.7115973E-01,  0.0000000E+00,  8.8275433E-02,  1.0001837E+03,  1.0929387E+04,3,
  4.1333270E+02,  0.0000000E+00,  2.5275726E+02,2898,  2.7516013E-01,  0.0000000E+00,  7.1607575E-02,  1.0010371E+03,  6.1856582E+04,3,
  4.1544690E+02,  0.0000000E+00,  2.5323399E+02,2725,  2.4644539E-01,  0.0000000E+00, -1.6761754E-02,  1.0003745E+03,  2.2292730E+04,3,
  4.1451221E+02,  0.0000000E+00,  2.5317073E+02,2897,  2.8187916E-01,  0.0000000E+00,  4.2701471E-03,  1.0005816E+03,  3.4641375E+04,3,
  4.1637173E+02,  0.0000000E+00,  2.5286009E+02,2515,  2.3433536E-01,  0.0000000E+00, -1.2980477E-02,  1.0007714E+03,  4.5969887E+04,3,
  4.1720441E+02,  0.0000000E+00,  2.5299734E+02,2878,  1.9175327E-01,  0.0000000E+00, -3.2660326E-03,  1.0004934E+03,  2.9380498E+04,3,
  4.1735913E+02,  0.0000000E+00,  2.5622055E+02,3122,  4.1941652E-01,  0.0000000E+00,  6.9055177E-02,  1.0001899E+03,  1.1299963E+04,3,
  4.1853546E+02,  0.0000000E+00,  2.5612030E+02,3134,  4.0606955E-01,  0.0000000E+00,  4.6670433E-02,  1.0001947E+03,  1.1583354E+04,3,
  4.1810867E+02,  0.0000000E+00,  2.5287680E+02,2988,  2.2969586E-01,  0.0000000E+00,  1.5795963E-02,  1.0006439E+03,  3.8360254E+04,3,
  4.1971243E+02,  0.0000000E+00,  2.5613483E+02,2749,  3.9516851E-01,  0.0000000E+00,  2.5590347E-02,  1.0001905E+03,  1.1332661E+04,3,
  4.2087204E+02,  0.0000000E+00,  2.5620602E+02,2758,  3.8769943E-01,  0.0000000E+00,  7.0166229E-03,  1.0001782E+03,  1.0602420E+04,3,
  4.1930145E+02,  0.0000000E+00,  2.5287473E+02,2852,  2.2651564E-01,  0.0000000E+00,  2.3178181E-02,  1.0007244E+03,  4.3166617E+04,3,
  4.2196875E+02,  0.0000000E+00,  2.5615430E+02,3113,  3.9428297E-01,  0.0000000E+00,  5.4913699E-03,  1.0001480E+03,  8.8042939E+03,3,
  4.1987012E+02,  0.0000000E+00,  2.5306674E+02,2765,  2.1920717E-01,  0.0000000E+00,  2.1283226E-02,  1.0005374E+03,  3.2001486E+04,3,
  4.2316879E+02,  0.0000000E+00,  2.5618695E+02,3124,  4.1221046E-01,  0.0000000E+00, -2.4527253E-03,  1.0001569E+03,  9.3309844E+03,3,
  4.2131229E+02,  0.0000000E+00,  2.5277809E+02,2775,  2.2318470E-01,  0.0000000E+00,  1.0810874E-02,  1.0010947E+03,  6.5300695E+04,3,
  4.2255026E+02,  0.0000000E+00,  2.5290746E+02,2730,  2.1861893E-01,  0.0000000E+00, -2.8592786E-03,  1.0010740E+03,  6.4062430E+04,3,
  4.2374823E+02,  0.0000000E+00,  2.5256268E+02,2712,  2.2119552E-01,  0.0000000E+00, -2.1192860E-03,  1.0016221E+03,  9.6919227E+04,3,
  4.2429572E+02,  0.0000000E+00,  2.5626743E+02,3114,  3.9558494E-01,  0.0000000E+00, -3.0815305E-02,  1.0001907E+03,  1.1343561E+04,3,
  4.2546561E+02,  0.0000000E+00,  2.5609174E+02,2750,  4.0129811E-01,  0.0000000E+00, -4.3820400E-02,  1.0001919E+03,  1.1416225E+04,3,
  4.2667847E+02,  0.0000000E+00,  2.5626846E+02,3106,  4.8681486E-01,  0.0000000E+00, -7.0151664E-02,  1.0002018E+03,  1.2004821E+04,3,
  4.2561316E+02,  0.0000000E+00,  2.5316275E+02,2891,  2.2536446E-01,  0.0000000E+00,  1.1583023E-03,  1.0004402E+03,  2.6210754E+04,3,
  4.2794287E+02,  0.0000000E+00,  2.5601273E+02,2923,  4.7879317E-01,  0.0000000E+00, -4.9876496E-02,  1.0001844E+03,  1.0969351E+04,3,
  4.2587228E+02,  0.0000000E+00,  2.5303693E+02,2561,  2.2058727E-01,  0.0000000E+00,  8.6377701E-03,  1.0005334E+03,  3.1768482E+04,3,
  4.2916046E+02,  0.0000000E+00,  2.5619583E+02,3125,  4.8498568E-01,  0.0000000E+00, -4.7152132E-02,  1.0001812E+03,  1.0780435E+04,3,
  4.2693344E+02,  0.0000000E+00,  2.5292557E+02,2943,  2.1574257E-01,  0.0000000E+00,  2.0017015E-02,  1.0006403E+03,  3.8145312E+04,3,
  4.3029227E+02,  0.0000000E+00,  2.5604807E+02,3033,  4.8320776E-01,  0.0000000E+00, -3.1331442E-02,  1.0001769E+03,  1.0522496E+04,3,
  4.2790009E+02,  0.0000000E+00,  2.5288214E+02,2844,  2.5682554E-01,  0.0000000E+00,  1.2984907E-02,  1.0006978E+03,  4.1577602E+04,3,
  4.2891113E+02,  0.0000000E+00,  2.5290903E+02,2859,  2.6692259E-01,  0.0000000E+00, -5.3193793E-03,  1.0006789E+03,  4.0447949E+04,3,
  4.2992404E+02,  0.0000000E+00,  2.5312907E+02,2889,  2.6675081E-01,  0.0000000E+00, -2.4984915E-02,  1.0004169E+03,  2.4820898E+04,3,
  4.3078601E+02,  0.0000000E+00,  2.5266423E+02,2825,  2.3346764E-01,  0.0000000E+00, -5.9508765E-03,  1.0010225E+03,  6.0980219E+04,3,
  4.3140289E+02,  0.0000000E+00,  2.5581465E+02,2906,  4.8384199E-01,  0.0000000E+00, -1.9965954E-02,  1.0001787E+03,  1.0631483E+04,3,
  4.3255621E+02,  0.0000000E+00,  2.5624515E+02,3115,  5.6869656E-01,  0.0000000E+00, -4.1952595E-02,  1.0001740E+03,  1.0351753E+04,3,
  4.3359943E+02,  0.0000000E+00,  2.5557358E+02,2997,  4.9902064E-01,  0.0000000E+00, -1.0088277E-02,  1.0001614E+03,  9.6034209E+03,3,
  4.3207294E+02,  0.0000000E+00,  2.5307121E+02,2914,  2.2650370E-01,  0.0000000E+00,  2.0715099E-02,  1.0004088E+03,  2.4337041E+04,3,
  4.3469965E+02,  0.0000000E+00,  2.5609369E+02,3116,  5.8069390E-01,  0.0000000E+00, -2.8665343E-02,  1.0001613E+03,  9.5925234E+03,3,
  4.3273273E+02,  0.0000000E+00,  2.5305486E+02,2907,  2.2739349E-01,  0.0000000E+00,  3.9556455E-02,  1.0004066E+03,  2.4206076E+04,3,
  4.3591208E+02,  0.0000000E+00,  2.5602704E+02,2977,  5.6788498E-01,  0.0000000E+00,  8.0727777E-03,  1.0001581E+03,  9.4036328E+03,3,
  4.3702545E+02,  0.0000000E+00,  2.5592247E+02,2969,  5.3522468E-01,  0.0000000E+00,  6.5772310E-02,  1.0001411E+03,  8.3902266E+03,3,
  4.3358942E+02,  0.0000000E+00,  2.5293837E+02,2916,  2.6525614E-01,  0.0000000E+00,  6.4711958E-02,  1.0005615E+03,  3.3439684E+04,3,
  4.3471204E+02,  0.0000000E+00,  2.5285965E+02,2761,  3.0830786E-01,  0.0000000E+00,  7.5659178E-02,  1.0007401E+03,  4.4099738E+04,3,
  4.3577570E+02,  0.0000000E+00,  2.5282008E+02,2746,  2.9604641E-01,  0.0000000E+00,  4.2330135E-02,  1.0008627E+03,  5.1425574E+04,3,
  4.3685638E+02,  0.0000000E+00,  2.5286444E+02,2434,  2.5557590E-01,  0.0000000E+00,  3.0567031E-03,  1.0008373E+03,  4.9908184E+04,3,
  4.3796069E+02,  0.0000000E+00,  2.5579222E+02,2904,  5.2943093E-01,  0.0000000E+00,  1.1353932E-01,  1.0001282E+03,  7.6275151E+03,3,
  4.3820615E+02,  0.0000000E+00,  2.5263919E+02,2543,  4.1111779E-01,  0.0000000E+00, -5.4834638E-02,  1.0009873E+03,  5.8877266E+04,3,
  4.3896344E+02,  0.0000000E+00,  2.5617120E+02,3108,  5.8053643E-01,  0.0000000E+00,  7.9117380E-02,  1.0001451E+03,  8.6299473E+03,3,
  4.4020328E+02,  0.0000000E+00,  2.5602649E+02,3117,  7.4649233E-01,  0.0000000E+00,  5.8231138E-02,  1.0001448E+03,  8.6117871E+03,3,
  4.4255780E+02,  0.0000000E+00,  2.5558798E+02,2605,  1.1577140E+00,  0.0000000E+00, -2.1122640E-01,  1.0002720E+03,  1.6184135E+04,3,
  4.3977405E+02,  0.0000000E+00,  2.5299596E+02,2777,  1.7337357E-01,  0.0000000E+00,  7.8200988E-02,  1.0004453E+03,  2.6512764E+04,3,
  4.4396661E+02,  0.0000000E+00,  2.5553204E+02,3059,  5.1981050E-01,  0.0000000E+00, -1.2719510E-01,  1.0002837E+03,  1.6882070E+04,3,
  4.3992685E+02,  0.0000000E+00,  2.5297266E+02,2933,  9.4919853E-02,  0.0000000E+00,  7.7319592E-02,  1.0004942E+03,  2.9427816E+04,3,
  4.4011575E+02,  0.0000000E+00,  2.5321458E+02,3006,  9.4648980E-02,  0.0000000E+00,  9.6415170E-02,  1.0003792E+03,  2.2572799E+04,3,
  4.4169699E+02,  0.0000000E+00,  2.5416747E+02,2987,  3.8738021E-01,  0.0000000E+00,  4.8092809E-01,  1.0006136E+03,  3.6553453E+04,3,
  4.4205014E+02,  0.0000000E+00,  2.5480725E+02,2917,  3.9314117E-02,  0.0000000E+00,  2.1723780E-01,  1.0000682E+03,  4.0544500E+03,3,
  4.4473837E+02,  0.0000000E+00,  2.5539717E+02,3097,  5.7191700E-01,  0.0000000E+00, -1.6991743E-01,  1.0004189E+03,  2.4937318E+04,3,
  4.4566928E+02,  0.0000000E+00,  2.5518112E+02,2643,  8.7006038E-01,  0.0000000E+00,  1.5227281E-01,  1.0007039E+03,  4.1938387E+04,3,
  4.4680826E+02,  0.0000000E+00,  2.5503839E+02,3088,  3.5499054E-01,  0.0000000E+00, -1.0424482E-01,  9.9904047E+02, -5.6887934E+04,3,
  4.4695920E+02,  0.0000000E+00,  2.5512306E+02,3099,  8.0217987E-01,  0.0000000E+00, -1.2962297E-01,  1.0009399E+03,  5.6044820E+04,3,
  4.4935873E+02,  0.0000000E+00,  2.5515222E+02,2425,  7.6642424E-01,  0.0000000E+00,  2.3125139E-01,  1.0001646E+03,  9.7923145E+03,3,
  4.4818707E+02,  0.0000000E+00,  2.5492998E+02,3098,  6.0718507E-01,  0.0000000E+00, -1.9714175E-02,  1.0008008E+03,  4.7727344E+04,3,
  4.5025085E+02,  0.0000000E+00,  2.5501878E+02,2888,  5.8217794E-01,  0.0000000E+00,  3.6153160E-02,  1.0003083E+03,  1.8347166E+04,3,
  4.5081448E+02,  0.0000000E+00,  2.5548737E+02,2860,  6.3366920E-01,  0.0000000E+00,  6.3743040E-02,  1.0005604E+03,  3.3374141E+04,3,
  4.5208450E+02,  0.0000000E+00,  2.5480110E+02,2861,  6.4086157E-01,  0.0000000E+00,  2.1754701E-02,  1.0010125E+03,  6.0381418E+04,3,
  4.5288535E+02,  0.0000000E+00,  2.5518732E+02,2768,  6.3441473E-01,  0.0000000E+00, -3.1015355E-02,  9.9799512E+02, -1.1849162E+05,3,
  4.5341754E+02,  0.0000000E+00,  2.5488028E+02,2651,  6.4050633E-01,  0.0000000E+00,  4.1260518E-02,  1.0009545E+03,  5.6917102E+04,3,
  4.5293713E+02,  0.0000000E+00,  2.5629037E+02,2940,  5.9917742E-01,  0.0000000E+00,  1.1323516E-02,  1.0004055E+03,  2.4136955E+04,3,
  4.5454034E+02,  0.0000000E+00,  2.5518303E+02,2818,  7.1600062E-01,  0.0000000E+00, -6.5090470E-03,  1.0007470E+03,  4.4515297E+04,3,
  4.5591705E+02,  0.0000000E+00,  2.5490848E+02,2971,  5.8822435E-01,  0.0000000E+00, -5.5395283E-02,  1.0007806E+03,  4.6520426E+04,3,
  4.5711667E+02,  0.0000000E+00,  2.5518044E+02,2864,  6.3844997E-01,  0.0000000E+00, -6.9593708E-03,  9.9871741E+02, -7.5967523E+04,3,
  4.5720258E+02,  0.0000000E+00,  2.5500526E+02,2773,  5.9641808E-01,  0.0000000E+00, -3.9669231E-02,  1.0005128E+03,  3.0538016E+04,3,
  4.5691153E+02,  0.0000000E+00,  2.5616510E+02,3070,  6.5380383E-01,  0.0000000E+00, -1.1885328E-02,  1.0004267E+03,  2.5403014E+04,3,
  4.5856049E+02,  0.0000000E+00,  2.5478342E+02,2778,  6.6015130E-01,  0.0000000E+00, -1.8713398E-02,  1.0008456E+03,  5.0407879E+04,3,
  4.5955643E+02,  0.0000000E+00,  2.5576418E+02,3089,  6.1288941E-01,  0.0000000E+00,  3.1263505E-03,  1.0005090E+03,  3.0308686E+04,3,
  4.6061209E+02,  0.0000000E+00,  2.5506110E+02,2708,  6.2306207E-01,  0.0000000E+00, -2.7744589E-02,  1.0002082E+03,  1.2386338E+04,3,
  4.6087967E+02,  0.0000000E+00,  2.5507993E+02,2728,  6.1369133E-01,  0.0000000E+00, -8.0206133E-03,  1.0000652E+03,  3.8765566E+03,3,
  4.6183688E+02,  0.0000000E+00,  2.5506238E+02,3079,  6.4596897E-01,  0.0000000E+00,  1.0736136E-01,  1.0003118E+03,  1.8558041E+04,3,
  4.6288596E+02,  0.0000000E+00,  2.5507809E+02,3081,  6.2596613E-01,  0.0000000E+00,  2.9527681E-02,  1.0005412E+03,  3.2230855E+04,3,
  4.6409674E+02,  0.0000000E+00,  2.5508447E+02,3071,  6.0587883E-01,  0.0000000E+00,  5.9544317E-02,  1.0002357E+03,  1.4025209E+04,3,
  4.6447015E+02,  0.0000000E+00,  2.5499858E+02,3023,  6.3987130E-01,  0.0000000E+00, -4.2368561E-02,  1.0005168E+03,  3.0778273E+04,3,
  4.6624957E+02,  0.0000000E+00,  2.5503365E+02,2800,  6.5512776E-01,  0.0000000E+00, -5.9389256E-02,  1.0002817E+03,  1.6762109E+04,3,
  4.6641678E+02,  0.0000000E+00,  2.5611420E+02,3080,  6.0811377E-01,  0.0000000E+00, -3.1754561E-02,  1.0003749E+03,  2.2318191E+04,3,
  4.6703918E+02,  0.0000000E+00,  2.5499002E+02,2880,  6.0544145E-01,  0.0000000E+00, -2.0136785E-02,  1.0006550E+03,  3.9019668E+04,3,
  4.6759131E+02,  0.0000000E+00,  2.5514951E+02,2587,  6.2518358E-01,  0.0000000E+00, -6.3657075E-02,  9.9900922E+02, -5.8735148E+04,3,
  4.6854413E+02,  0.0000000E+00,  2.5498825E+02,2779,  6.4607465E-01,  0.0000000E+00,  1.3542879E-02,  1.0009068E+03,  5.4063320E+04,3,
  4.6958951E+02,  0.0000000E+00,  2.5506435E+02,2853,  6.3232195E-01,  0.0000000E+00, -2.0625679E-02,  1.0002880E+03,  1.7136537E+04,3,
  4.6982867E+02,  0.0000000E+00,  2.5506117E+02,2833,  6.3247102E-01,  0.0000000E+00, -3.0572966E-02,  1.0001402E+03,  8.3393770E+03,3,
  4.7123529E+02,  0.0000000E+00,  2.5598079E+02,3063,  6.2433857E-01,  0.0000000E+00, -2.0050647E-02,  1.0004450E+03,  2.6494570E+04,3,
  4.7199066E+02,  0.0000000E+00,  2.5498444E+02,2551,  6.1857921E-01,  0.0000000E+00, -3.0742027E-02,  1.0002589E+03,  1.5406286E+04,3,
  4.7209460E+02,  0.0000000E+00,  2.5501007E+02,2797,  6.4500105E-01,  0.0000000E+00, -2.1636724E-02,  1.0001592E+03,  9.4726504E+03,3,
  4.7359323E+02,  0.0000000E+00,  2.5502327E+02,2662,  6.3756251E-01,  0.0000000E+00,  1.9897487E-02,  1.0003768E+03,  2.2427309E+04,3,
  4.7400363E+02,  0.0000000E+00,  2.5503288E+02,2822,  6.2530130E-01,  0.0000000E+00, -1.6938474E-02,  1.0001808E+03,  1.0758637E+04,3,
  4.7533353E+02,  0.0000000E+00,  2.5544899E+02,3052,  6.1120433E-01,  0.0000000E+00, -3.2317739E-02,  1.0007122E+03,  4.2437680E+04,3,
  4.7780261E+02,  0.0000000E+00,  2.5522841E+02,3053,  6.6133010E-01,  0.0000000E+00, -4.0651426E-02,  1.0008018E+03,  4.7789332E+04,3,
  4.7612988E+02,  0.0000000E+00,  2.5497404E+02,2677,  7.1249920E-01,  0.0000000E+00, -2.3394283E-02,  1.0001463E+03,  8.7025918E+03,3,
  4.7664410E+02,  0.0000000E+00,  2.5501222E+02,2686,  5.6391633E-01,  0.0000000E+00, -8.6773232E-02,  9.9997473E+02, -1.5023024E+03,3,
  4.7880286E+02,  0.0000000E+00,  2.5505627E+02,2795,  6.2713486E-01,  0.0000000E+00,  3.8224000E-02,  1.0000386E+03,  2.2938091E+03,3,
  4.7947763E+02,  0.0000000E+00,  2.5507135E+02,2552,  6.2974441E-01,  0.0000000E+00,  2.5407545E-02,  1.0003944E+03,  2.3478525E+04,3,
  4.8055093E+02,  0.0000000E+00,  2.5500349E+02,3034,  6.5243798E-01,  0.0000000E+00,  8.4606618E-02,  1.0004450E+03,  2.6494570E+04,3,
  4.8128238E+02,  0.0000000E+00,  2.5498608E+02,2659,  6.4304549E-01,  0.0000000E+00,  3.0765824E-02,  1.0001501E+03,  8.9277910E+03,3,
  4.8229929E+02,  0.0000000E+00,  2.5556210E+02,2748,  6.2905169E-01,  0.0000000E+00,  4.5269992E-02,  1.0006186E+03,  3.6848492E+04,3,
  4.8319266E+02,  0.0000000E+00,  2.5497662E+02,3054,  6.2729889E-01,  0.0000000E+00,  3.0396979E-02,  1.0002199E+03,  1.3084006E+04,3,
  4.8442404E+02,  0.0000000E+00,  2.5508226E+02,2668,  6.3969749E-01,  0.0000000E+00,  3.4038626E-02,  1.0002932E+03,  1.7449178E+04,3,
  4.8468289E+02,  0.0000000E+00,  2.5504816E+02,2756,  6.3024169E-01,  0.0000000E+00, -2.5700714E-02,  1.0005247E+03,  3.1247881E+04,3,
  4.8625760E+02,  0.0000000E+00,  2.5515363E+02,2724,  6.4170766E-01,  0.0000000E+00,  4.6464108E-02,  1.0002764E+03,  1.6449490E+04,3,
  4.8673264E+02,  0.0000000E+00,  2.5515846E+02,2742,  6.3366973E-01,  0.0000000E+00, -1.2621578E-02,  1.0003422E+03,  2.0365209E+04,3,
  4.8766702E+02,  0.0000000E+00,  2.5510994E+02,2488,  6.1959529E-01,  0.0000000E+00, -7.4807003E-02,  9.9972321E+02, -1.6443969E+04,3,
  4.8781451E+02,  0.0000000E+00,  2.5503667E+02,2743,  6.3028300E-01,  0.0000000E+00, -2.8460806E-02,  1.0004034E+03,  2.4013270E+04,3,
  4.8940860E+02,  0.0000000E+00,  2.5611343E+02,3025,  6.2780011E-01,  0.0000000E+00, -1.5797727E-02,  1.0003649E+03,  2.1721709E+04,3,
  4.8927597E+02,  0.0000000E+00,  2.5495961E+02,2642,  6.4669979E-01,  0.0000000E+00,  4.5966981E-03,  1.0004071E+03,  2.4235180E+04,3,
  4.9067627E+02,  0.0000000E+00,  2.5501585E+02,3043,  6.3345474E-01,  0.0000000E+00,  2.0659647E-03,  1.0002831E+03,  1.6849354E+04,3,
  4.9108951E+02,  0.0000000E+00,  2.5504259E+02,2813,  6.3568747E-01,  0.0000000E+00,  1.4416108E-02,  1.0002057E+03,  1.2240997E+04,3,
  4.9241461E+02,  0.0000000E+00,  2.5505840E+02,3035,  6.4331728E-01,  0.0000000E+00, -9.5667183E-02,  1.0006630E+03,  3.9496953E+04,3,
  4.9346365E+02,  0.0000000E+00,  2.5506227E+02,3044,  6.2724578E-01,  0.0000000E+00,  4.1238327E-02,  1.0003126E+03,  1.8605307E+04,3,
  4.9444983E+02,  0.0000000E+00,  2.5504037E+02,2718,  6.3959789E-01,  0.0000000E+00, -2.4472640E-03,  1.0003065E+03,  1.8241730E+04,3,
  4.9522900E+02,  0.0000000E+00,  2.5497241E+02,2932,  6.3948983E-01,  0.0000000E+00, -1.2079273E-04,  1.0004396E+03,  2.6174367E+04,3,
  4.9592471E+02,  0.0000000E+00,  2.5619904E+02,3036,  6.4543074E-01,  0.0000000E+00,  2.1434841E-03,  1.0003838E+03,  2.2845600E+04,3,
  4.9624756E+02,  0.0000000E+00,  2.5509886E+02,2714,  6.2959027E-01,  0.0000000E+00, -4.2412836E-02,  9.9959296E+02, -2.4172434E+04,3,
  4.9739642E+02,  0.0000000E+00,  2.5498279E+02,2782,  6.2411302E-01,  0.0000000E+00,  1.9815953E-03,  1.0005813E+03,  3.4623164E+04,3,
  4.9796222E+02,  0.0000000E+00,  2.5507880E+02,2716,  6.4116824E-01,  0.0000000E+00,  3.0111041E-02,  1.0002856E+03,  1.6998398E+04,3,
  4.9889636E+02,  0.0000000E+00,  2.5507655E+02,2905,  6.4477181E-01,  0.0000000E+00,  8.2703896E-02,  1.0002570E+03,  1.5289978E+04,3,
  4.9990335E+02,  0.0000000E+00,  2.5512202E+02,2978,  6.2719709E-01,  0.0000000E+00,  7.1621157E-02,  1.0004141E+03,  2.4649908E+04,3,
  5.0083469E+02,  0.0000000E+00,  2.5510788E+02,3026,  6.4123857E-01,  0.0000000E+00,  7.2887756E-02,  1.0004642E+03,  2.7637195E+04,3,
  5.0181317E+02,  0.0000000E+00,  2.5506366E+02,3027,  6.1861283E-01,  0.0000000E+00, -2.3492413E-02,  1.0003060E+03,  1.8209010E+04,3,
  5.0276541E+02,  0.0000000E+00,  2.5503818E+02,2737,  6.3867861E-01,  0.0000000E+00,  4.2990372E-02,  1.0000545E+03,  3.2412493E+03,3,
  5.0330106E+02,  0.0000000E+00,  2.5497203E+02,3017,  6.3174063E-01,  0.0000000E+00,  2.7715070E-02,  1.0004842E+03,  2.8830906E+04,3,
  5.0429834E+02,  0.0000000E+00,  2.5556819E+02,2786,  6.4095563E-01,  0.0000000E+00,  2.6893843E-02,  1.0005539E+03,  3.2988176E+04,3,
  5.0533429E+02,  0.0000000E+00,  2.5504184E+02,2634,  6.2618679E-01,  0.0000000E+00,  4.4051600E-03,  1.0002070E+03,  1.2313667E+04,3,
  5.0621634E+02,  0.0000000E+00,  2.5508829E+02,2791,  6.2048453E-01,  0.0000000E+00,  3.7911393E-02,  1.0000688E+03,  4.0943857E+03,3,
  5.0698856E+02,  0.0000000E+00,  2.5510971E+02,2479,  6.4109141E-01,  0.0000000E+00,  1.3568263E-02,  1.0002332E+03,  1.3872575E+04,3,
  5.0728021E+02,  0.0000000E+00,  2.5495755E+02,2823,  6.2489152E-01,  0.0000000E+00, -4.5690783E-03,  1.0006802E+03,  4.0528113E+04,3,
  5.0907684E+02,  0.0000000E+00,  2.5510757E+02,2835,  6.3812011E-01,  0.0000000E+00, -2.6333261E-02,  9.9974542E+02, -1.5125107E+04,3,
  5.0913641E+02,  0.0000000E+00,  2.5622449E+02,3007,  6.2986982E-01,  0.0000000E+00, -2.6597941E-02,  1.0003546E+03,  2.1107078E+04,3,
  5.0963803E+02,  0.0000000E+00,  2.5500644E+02,2669,  6.3283694E-01,  0.0000000E+00, -2.9111875E-02,  1.0003918E+03,  2.3325746E+04,3,
  5.1042630E+02,  0.0000000E+00,  2.5506725E+02,2788,  6.3349175E-01,  0.0000000E+00, -5.2073866E-02,  1.0002064E+03,  1.2280965E+04,3,
  5.1104364E+02,  0.0000000E+00,  2.5507930E+02,2935,  6.2907666E-01,  0.0000000E+00, -7.7644348E-02,  1.0001671E+03,  9.9412529E+03,3,
  5.1237012E+02,  0.0000000E+00,  2.5500537E+02,3018,  6.2968165E-01,  0.0000000E+00, -2.1943448E-02,  1.0008104E+03,  4.8303504E+04,3,
  5.1379462E+02,  0.0000000E+00,  2.5507375E+02,2734,  6.3792342E-01,  0.0000000E+00, -1.5125465E-02,  1.0002543E+03,  1.5130056E+04,3,
  5.1417804E+02,  0.0000000E+00,  2.5504175E+02,2687,  6.3641781E-01,  0.0000000E+00,  1.4047248E-02,  1.0003549E+03,  2.1125262E+04,3,
  5.1508911E+02,  0.0000000E+00,  2.5509105E+02,2824,  6.3348687E-01,  0.0000000E+00,  2.0368811E-02,  9.9961896E+02, -2.2630121E+04,3,
  5.1554272E+02,  0.0000000E+00,  2.5605591E+02,2759,  6.2210971E-01,  0.0000000E+00,  4.7545261E-03,  1.0004161E+03,  2.4769965E+04,3,
  5.1589764E+02,  0.0000000E+00,  2.5497241E+02,2817,  6.3548261E-01,  0.0000000E+00,  1.3819770E-02,  1.0003353E+03,  1.9957932E+04,3,
  5.1712476E+02,  0.0000000E+00,  2.5501978E+02,2717,  6.3879031E-01,  0.0000000E+00,  1.9750683E-02,  1.0003701E+03,  2.2027221E+04,3,
  5.1825073E+02,  0.0000000E+00,  2.5502098E+02,2998,  6.4530092E-01,  0.0000000E+00, -1.5923800E-02,  1.0006977E+03,  4.1570312E+04,3,
  5.1939337E+02,  0.0000000E+00,  2.5508099E+02,2989,  6.1369252E-01,  0.0000000E+00, -3.1991541E-02,  1.0003002E+03,  1.7863625E+04,3,
  5.1982391E+02,  0.0000000E+00,  2.5507564E+02,2623,  6.4794093E-01,  0.0000000E+00, -1.5327050E-02,  9.9996985E+02, -1.7925762E+03,3,
  5.2097058E+02,  0.0000000E+00,  2.5531068E+02,2980,  6.3076335E-01,  0.0000000E+00,  1.2469867E-02,  1.0005841E+03,  3.4790684E+04,3,
  5.2152765E+02,  0.0000000E+00,  2.5506458E+02,2614,  6.3364214E-01,  0.0000000E+00,  2.4175230E-02,  1.0001699E+03,  1.0108357E+04,3,
  5.2239679E+02,  0.0000000E+00,  2.5507718E+02,2991,  6.3976520E-01,  0.0000000E+00,  4.1948460E-02,  1.0001811E+03,  1.0773168E+04,3,
  5.2357166E+02,  0.0000000E+00,  2.5491797E+02,3000,  6.3184488E-01,  0.0000000E+00, -2.5747245E-02,  1.0008760E+03,  5.2220836E+04,3,
  5.2498859E+02,  0.0000000E+00,  2.5497768E+02,2961,  6.3471782E-01,  0.0000000E+00, -2.5496531E-02,  1.0004565E+03,  2.7182312E+04,3,
  5.2561780E+02,  0.0000000E+00,  2.5639255E+02,2685,  6.3334262E-01,  0.0000000E+00,  1.7147154E-03,  1.0003303E+03,  1.9656121E+04,3,
  5.2585150E+02,  0.0000000E+00,  2.5512326E+02,2615,  6.0916972E-01,  0.0000000E+00,  1.0914110E-02,  9.9941461E+02, -3.4744914E+04,3,
  5.2665918E+02,  0.0000000E+00,  2.5494778E+02,2598,  6.3761872E-01,  0.0000000E+00,  1.7922925E-02,  1.0006309E+03,  3.7584309E+04,3,
  5.2765460E+02,  0.0000000E+00,  2.5504747E+02,2925,  6.2961155E-01,  0.0000000E+00,  7.2711833E-02,  1.0004491E+03,  2.6738367E+04,3,
  5.2888373E+02,  0.0000000E+00,  2.5507080E+02,2703,  6.3758796E-01,  0.0000000E+00, -1.6933693E-01,  1.0006411E+03,  3.8192672E+04,3,
  5.2999481E+02,  0.0000000E+00,  2.5501590E+02,2990,  6.2627041E-01,  0.0000000E+00,  4.0093694E-02,  1.0001954E+03,  1.1623319E+04,3,
  5.3085504E+02,  0.0000000E+00,  2.5499930E+02,2741,  6.3862956E-01,  0.0000000E+00, -1.3843934E-02,  1.0003002E+03,  1.7863625E+04,3,
  5.3152252E+02,  0.0000000E+00,  2.5539804E+02,2973,  6.3455820E-01,  0.0000000E+00, -7.5677154E-03,  1.0006138E+03,  3.6560738E+04,3,
  5.3278357E+02,  0.0000000E+00,  2.5502254E+02,2710,  6.4183331E-01,  0.0000000E+00,  3.0600966E-03,  1.0005978E+03,  3.5606473E+04,3,
  5.3345660E+02,  0.0000000E+00,  2.5508563E+02,2626,  6.3224787E-01,  0.0000000E+00,  4.7461209E-03,  9.9918835E+02, -4.8141426E+04,3,
  5.3397919E+02,  0.0000000E+00,  2.5492963E+02,2815,  6.2540823E-01,  0.0000000E+00,  1.1727543E-02,  1.0006434E+03,  3.8327465E+04,3,
  5.3489838E+02,  0.0000000E+00,  2.5563733E+02,2972,  6.2444133E-01,  0.0000000E+00, -2.5941502E-02,  1.0006738E+03,  4.0141871E+04,3,
  5.3627209E+02,  0.0000000E+00,  2.5475264E+02,2507,  6.8355846E-01,  0.0000000E+00, -1.2470862E-02,  1.0008448E+03,  5.0360461E+04,3,
  5.3724390E+02,  0.0000000E+00,  2.5618826E+02,2841,  6.3426983E-01,  0.0000000E+00, -1.3029065E-02,  1.0005155E+03,  3.0698188E+04,3,
  5.3756427E+02,  0.0000000E+00,  2.5519516E+02,2806,  6.2461865E-01,  0.0000000E+00,  1.1371694E-02,  9.9879175E+02, -7.1580297E+04,3,
  5.3763281E+02,  0.0000000E+00,  2.5501619E+02,2720,  6.4714694E-01,  0.0000000E+00, -2.3719691E-02,  1.0002665E+03,  1.5856995E+04,3,
  5.3922137E+02,  0.0000000E+00,  2.5475946E+02,2617,  6.2196720E-01,  0.0000000E+00, -5.0160890E-03,  1.0008145E+03,  4.8544191E+04,3,
  5.3946497E+02,  0.0000000E+00,  2.5611218E+02,2982,  6.6461825E-01,  0.0000000E+00, -1.0084432E-02,  1.0005357E+03,  3.1903188E+04,3,
  5.4106757E+02,  0.0000000E+00,  2.5484908E+02,2580,  6.7429411E-01,  0.0000000E+00, -1.4559778E-02,  1.0006722E+03,  4.0047137E+04,3,
  5.4206622E+02,  0.0000000E+00,  2.5601846E+02,2869,  6.3118142E-01,  0.0000000E+00,  1.3919869E-02,  1.0005780E+03,  3.4426516E+04,3,
  5.4212854E+02,  0.0000000E+00,  2.5517958E+02,2470,  6.4738178E-01,  0.0000000E+00,  1.7042721E-02,  9.9879352E+02, -7.1475812E+04,3,
  5.4256982E+02,  0.0000000E+00,  2.5484972E+02,2480,  6.1069298E-01,  0.0000000E+00,  1.2761965E-02,  1.0006357E+03,  3.7868449E+04,3,
  5.4423871E+02,  0.0000000E+00,  2.5588216E+02,2962,  6.4538479E-01,  0.0000000E+00, -3.7394299E-03,  1.0005721E+03,  3.4073285E+04,3,
  5.4443195E+02,  0.0000000E+00,  2.5481128E+02,2389,  6.5585411E-01,  0.0000000E+00,  7.7423722E-02,  1.0006125E+03,  3.6484250E+04,3,
  5.4590143E+02,  0.0000000E+00,  2.5502722E+02,2887,  6.7898786E-01,  0.0000000E+00,  1.6716003E-02,  1.0002726E+03,  1.6224120E+04,3,
  5.4704285E+02,  0.0000000E+00,  2.5507787E+02,2658,  6.6845477E-01,  0.0000000E+00, -2.1718869E-02,  1.0000946E+03,  5.6265854E+03,3,
  5.4712274E+02,  0.0000000E+00,  2.5507527E+02,2534,  6.5664870E-01,  0.0000000E+00, -2.8632971E-02,  1.0001194E+03,  7.1045474E+03,3,
  5.4793420E+02,  0.0000000E+00,  2.5619583E+02,2954,  6.7976201E-01,  0.0000000E+00,  3.7676615E-03,  1.0004199E+03,  2.4995529E+04,3,
  5.4905249E+02,  0.0000000E+00,  2.5467389E+02,2745,  6.2731057E-01,  0.0000000E+00, -3.4172148E-02,  1.0010706E+03,  6.3857895E+04,3,
  5.4993207E+02,  0.0000000E+00,  2.5524432E+02,2781,  6.4574319E-01,  0.0000000E+00, -5.1792558E-02,  9.9901056E+02, -5.8655785E+04,3,
  5.5029736E+02,  0.0000000E+00,  2.5636874E+02,2842,  6.6585809E-01,  0.0000000E+00, -1.1567047E-02,  1.0003864E+03,  2.2998371E+04,3,
  5.5059937E+02,  0.0000000E+00,  2.5502023E+02,2733,  6.3347232E-01,  0.0000000E+00,  1.9650944E-03,  1.0004980E+03,  2.9653486E+04,3,
  5.5181927E+02,  0.0000000E+00,  2.5489769E+02,2699,  6.4220780E-01,  0.0000000E+00,  5.3521805E-02,  1.0005225E+03,  3.1113186E+04,3,
  5.5300543E+02,  0.0000000E+00,  2.5499695E+02,2660,  6.6941446E-01,  0.0000000E+00,  1.2709083E-02,  1.0003616E+03,  2.1525314E+04,3,
  5.5345844E+02,  0.0000000E+00,  2.5624796E+02,2955,  7.0502150E-01,  0.0000000E+00,  2.9641096E-03,  1.0003648E+03,  2.1714436E+04,3,
  5.5423590E+02,  0.0000000E+00,  2.5507405E+02,2736,  6.6581750E-01,  0.0000000E+00, -4.0407047E-02,  1.0001024E+03,  6.0913750E+03,3,
  5.5511523E+02,  0.0000000E+00,  2.5504243E+02,2706,  6.4580125E-01,  0.0000000E+00, -5.7747168E-03,  1.0002532E+03,  1.5068268E+04,3,
  5.5540375E+02,  0.0000000E+00,  2.5505554E+02,2689,  6.0588217E-01,  0.0000000E+00,  5.5519338E-03,  1.0001428E+03,  8.4955576E+03,3,
  5.5733679E+02,  0.0000000E+00,  2.5584053E+02,2964,  7.5915867E-01,  0.0000000E+00,  2.3346243E-02,  1.0004858E+03,  2.8929176E+04,3,
  5.5691473E+02,  0.0000000E+00,  2.5489491E+02,2571,  6.2211359E-01,  0.0000000E+00,  7.2973505E-02,  1.0004672E+03,  2.7815516E+04,3,
  5.5853485E+02,  0.0000000E+00,  2.5497458E+02,2646,  6.9218850E-01,  0.0000000E+00, -9.9789008E-02,  1.0001763E+03,  1.0489801E+04,3,
  5.5943610E+02,  0.0000000E+00,  2.5512161E+02,2711,  6.2615561E-01,  0.0000000E+00, -7.4390717E-02,  1.0003798E+03,  2.2605533E+04,3,
  5.6000952E+02,  0.0000000E+00,  2.5501234E+02,2680,  5.9521765E-01,  0.0000000E+00,  1.4028963E-01,  1.0006044E+03,  3.5999824E+04,3,
  5.6168152E+02,  0.0000000E+00,  2.5644220E+02,2934,  5.8519781E-01,  0.0000000E+00,  1.4780228E-01,  1.0003328E+03,  1.9805207E+04,3,
  5.6158466E+02,  0.0000000E+00,  2.5498341E+02,2688,  6.3090581E-01,  0.0000000E+00,  1.8973358E-01,  1.0006263E+03,  3.7311105E+04,3,
  5.6166553E+02,  0.0000000E+00,  2.5521432E+02,2799,  6.8388528E-01,  0.0000000E+00,  1.4783177E-01,  9.9898206E+02, -6.0340359E+04,3,
  5.6470264E+02,  0.0000000E+00,  2.5530446E+02,2732,  4.3894047E-01,  0.0000000E+00,  5.5213171E-01,  1.0002107E+03,  1.2535315E+04,3,
  5.6319507E+02,  0.0000000E+00,  2.5491577E+02,2678,  7.7271610E-01,  0.0000000E+00,  1.8968457E-01,  1.0004832E+03,  2.8772674E+04,3,
  5.6346179E+02,  0.0000000E+00,  2.5499786E+02,2635,  6.6534793E-01,  0.0000000E+00,  1.3211219E-01,  1.0006392E+03,  3.8076098E+04,3,
  5.6570898E+02,  0.0000000E+00,  2.5526707E+02,2578,  6.0873181E-01,  0.0000000E+00, -8.7252572E-02,  1.0002211E+03,  1.3153049E+04,3,
  5.6668292E+02,  0.0000000E+00,  2.5547101E+02,2945,  7.2690487E-01,  0.0000000E+00, -5.7121947E-02,  1.0004489E+03,  2.6727451E+04,3,
  5.6771954E+02,  0.0000000E+00,  2.5494916E+02,2836,  6.3033062E-01,  0.0000000E+00, -1.3547499E-01,  1.0003979E+03,  2.3689510E+04,3,
  5.6834937E+02,  0.0000000E+00,  2.5487329E+02,2870,  5.5803680E-01,  0.0000000E+00, -1.6855326E-01,  1.0001774E+03,  1.0555192E+04,3,
  5.6905725E+02,  0.0000000E+00,  2.5474597E+02,2681,  5.2655447E-01,  0.0000000E+00, -1.4835343E-01,  1.0001719E+03,  1.0224604E+04,3,
  5.7015460E+02,  0.0000000E+00,  2.5378307E+02,2707,  9.8441857E-01,  0.0000000E+00, -4.5161214E-01,  1.0002294E+03,  1.3647264E+04,3,
  5.7214795E+02,  0.0000000E+00,  2.5299640E+02,2735,  4.2604610E-01,  0.0000000E+00, -5.0995193E-02,  1.0005137E+03,  3.0592619E+04,3,
  5.7106708E+02,  0.0000000E+00,  2.5582683E+02,2936,  4.4293731E-01,  0.0000000E+00, -1.3488690E-02,  1.0001198E+03,  7.1263369E+03,3,
  5.7211334E+02,  0.0000000E+00,  2.5322513E+02,2645,  7.2843885E-01,  0.0000000E+00, -1.3450457E-01,  1.0003238E+03,  1.9270688E+04,3,
  5.7213208E+02,  0.0000000E+00,  2.5593887E+02,2705,  3.5887465E-01,  0.0000000E+00,  2.1645114E-02,  1.0001323E+03,  7.8708501E+03,3,
  5.7305078E+02,  0.0000000E+00,  2.5553954E+02,2789,  3.7515298E-01,  0.0000000E+00,  8.3772428E-02,  1.0001214E+03,  7.2207598E+03,3,
  5.6975995E+02,  0.0000000E+00,  2.5229137E+02,2586,  2.0241550E-01,  0.0000000E+00, -1.1347600E-02,  1.0020486E+03,  1.2255941E+05,3,
  5.7338672E+02,  0.0000000E+00,  2.5296028E+02,2827,  6.7222732E-01,  0.0000000E+00, -2.0625003E-02,  1.0005770E+03,  3.4368250E+04,3,
  5.7451971E+02,  0.0000000E+00,  2.5276141E+02,2609,  6.3673782E-01,  0.0000000E+00,  1.6958814E-02,  1.0008426E+03,  5.0225504E+04,3,
  5.7430737E+02,  0.0000000E+00,  2.5602005E+02,2560,  3.0624509E-01,  0.0000000E+00,  9.9638619E-02,  1.0001381E+03,  8.2122549E+03,3,
  5.7565100E+02,  0.0000000E+00,  2.5285220E+02,2656,  4.2187640E-01,  0.0000000E+00,  6.3122399E-02,  1.0007125E+03,  4.2455902E+04,3,
  5.7664606E+02,  0.0000000E+00,  2.5287466E+02,2608,  5.8567822E-01,  0.0000000E+00,  5.2258741E-02,  1.0006666E+03,  3.9715566E+04,3,
  5.7531598E+02,  0.0000000E+00,  2.5545557E+02,2516,  3.3867326E-01,  0.0000000E+00,  1.3203493E-01,  1.0000955E+03,  5.6810518E+03,3,
  5.7756506E+02,  0.0000000E+00,  2.5292711E+02,2673,  8.1200045E-01,  0.0000000E+00,  2.2474506E-04,  1.0005638E+03,  3.3581695E+04,3,
  5.7889288E+02,  0.0000000E+00,  2.5285043E+02,2570,  8.6137760E-01,  0.0000000E+00,  6.4034544E-02,  1.0005218E+03,  3.1073141E+04,3,
  5.7665778E+02,  0.0000000E+00,  2.5565849E+02,2770,  2.4262889E-01,  0.0000000E+00,  9.4515033E-02,  1.0001115E+03,  6.6324468E+03,3,
  5.7961792E+02,  0.0000000E+00,  2.5307195E+02,2624,  2.2853372E-01,  0.0000000E+00,  1.1305179E-02,  1.0004320E+03,  2.5719553E+04,3,
  5.7748743E+02,  0.0000000E+00,  2.5608871E+02,2796,  2.3567207E-01,  0.0000000E+00,  5.1474966E-02,  1.0001415E+03,  8.4156514E+03,3,
  5.7849158E+02,  0.0000000E+00,  2.5600592E+02,2805,  3.0836061E-01,  0.0000000E+00,  1.2942006E-02,  1.0001191E+03,  7.0863892E+03,3,
  5.7922845E+02,  0.0000000E+00,  2.5579985E+02,2629,  2.6171553E-01,  0.0000000E+00,  6.1623873E-03,  1.0000859E+03,  5.1073535E+03,3,
  5.8023669E+02,  0.0000000E+00,  2.5281100E+02,2926, -1.5577281E-01,  0.0000000E+00, -6.8143956E-02,  1.0008799E+03,  5.2457969E+04,3,
  5.8218726E+02,  0.0000000E+00,  2.5522015E+02,2666,  9.9736947E-01,  0.0000000E+00, -5.8053967E-02,  1.0001571E+03,  9.3455137E+03,3,
  5.8140002E+02,  0.0000000E+00,  2.5384230E+02,2533,  9.1415006E-01,  0.0000000E+00,  1.2201777E+00,  1.0010195E+03,  6.0801305E+04,3,
  5.8332574E+02,  0.0000000E+00,  2.5527853E+02,2628,  9.9545527E-01,  0.0000000E+00,  7.7748083E-02,  1.0000101E+03,  5.9880719E+02,3,
  5.8336902E+02,  0.0000000E+00,  2.5583777E+02,2928,  6.4698555E-02,  0.0000000E+00, -2.0701092E-01,  1.0002988E+03,  1.7780006E+04,3,
  5.8447614E+02,  0.0000000E+00,  2.5510577E+02,2535,  1.1798402E+00,  0.0000000E+00,  8.1354327E-02,  1.0003878E+03,  2.3082031E+04,3,
  5.8684790E+02,  0.0000000E+00,  2.5500754E+02,2771,  7.2269559E-01,  0.0000000E+00,  6.4024232E-02,  1.0003266E+03,  1.9437949E+04,3,
  5.8535687E+02,  0.0000000E+00,  2.5618848E+02,2900,  9.1818309E-01,  0.0000000E+00, -3.9793555E-02,  1.0004877E+03,  2.9038365E+04,3,
  5.8708344E+02,  0.0000000E+00,  2.5500359E+02,2683,  9.1223848E-01,  0.0000000E+00, -6.5795653E-02,  1.0003140E+03,  1.8688932E+04,3,
  5.8761975E+02,  0.0000000E+00,  2.5509543E+02,2808,  8.2559019E-01,  0.0000000E+00,  2.2932779E-02,  9.9962195E+02, -2.2452703E+04,3,
  5.8926416E+02,  0.0000000E+00,  2.5618719E+02,2899,  1.0872399E+00,  0.0000000E+00, -5.3727876E-02,  1.0004233E+03,  2.5199270E+04,3,
  5.8842773E+02,  0.0000000E+00,  2.5496420E+02,2597,  7.9957646E-01,  0.0000000E+00, -1.7838890E-02,  1.0004680E+03,  2.7862826E+04,3,
  5.9034528E+02,  0.0000000E+00,  2.5497006E+02,2747,  8.1651407E-01,  0.0000000E+00, -8.3530165E-02,  1.0004907E+03,  2.9216709E+04,3,
  5.9323212E+02,  0.0000000E+00,  2.5601968E+02,2649,  1.0570604E+00,  0.0000000E+00, -7.1018371E-03,  1.0004705E+03,  2.8012035E+04,3,
  5.9128656E+02,  0.0000000E+00,  2.5511102E+02,2671,  8.3077461E-01,  0.0000000E+00, -1.3194136E-01,  9.9973840E+02, -1.5541800E+04,3,
  5.9141730E+02,  0.0000000E+00,  2.5502783E+02,2700,  7.6527971E-01,  0.0000000E+00, -3.2066341E-02,  1.0002585E+03,  1.5384479E+04,3,
  5.9264557E+02,  0.0000000E+00,  2.5495476E+02,2652,  9.6022034E-01,  0.0000000E+00, -1.3651420E-02,  1.0004295E+03,  2.5570377E+04,3,
  5.9479651E+02,  0.0000000E+00,  2.5494618E+02,2790,  9.7413731E-01,  0.0000000E+00,  1.9689329E-01,  1.0003320E+03,  1.9761570E+04,3,
  5.9421320E+02,  0.0000000E+00,  2.5500706E+02,2601,  5.1173043E-01,  0.0000000E+00, -9.2829317E-02,  9.9998425E+02, -9.3624420E+02,3,
  5.9624622E+02,  0.0000000E+00,  2.5585246E+02,2927,  1.0409021E+00,  0.0000000E+00,  1.3018894E-01,  1.0005838E+03,  3.4772477E+04,3,
  5.9661823E+02,  0.0000000E+00,  2.5496567E+02,2371,  7.6920944E-01,  0.0000000E+00,  1.2304527E-01,  1.0001016E+03,  6.0441689E+03,3,
  5.9753510E+02,  0.0000000E+00,  2.5499794E+02,2648,  8.3379638E-01,  0.0000000E+00,  9.3600087E-02,  1.0001844E+03,  1.0972983E+04,3,
  5.9838080E+02,  0.0000000E+00,  2.5503778E+02,2769,  8.8023317E-01,  0.0000000E+00,  2.7217942E-01,  1.0004761E+03,  2.8346854E+04,3,
  5.9935706E+02,  0.0000000E+00,  2.5507237E+02,2901,  8.3327639E-01,  0.0000000E+00,  3.5087520E-01,  1.0001287E+03,  7.6529380E+03,3,
  6.0027020E+02,  0.0000000E+00,  2.5506480E+02,2524,  8.2649535E-01,  0.0000000E+00,  5.0694846E-02,  1.0003657E+03,  2.1768990E+04,3,
  6.0191534E+02,  0.0000000E+00,  2.5485907E+02,2826,  9.7893029E-01,  0.0000000E+00, -1.5682550E-02,  1.0007281E+03,  4.3385312E+04,3,
  6.0194098E+02,  0.0000000E+00,  2.5559682E+02,2674,  8.1088412E-01,  0.0000000E+00,  1.2496525E-01,  1.0006625E+03,  3.9467805E+04,3,
  6.0353864E+02,  0.0000000E+00,  2.5525124E+02,2691,  7.3207593E-01,  0.0000000E+00,  7.4400641E-02,  9.9757562E+02, -1.4310431E+05,3,
  6.0355273E+02,  0.0000000E+00,  2.5470270E+02,2753,  7.8497416E-01,  0.0000000E+00,  7.9173297E-02,  1.0011800E+03,  7.0408789E+04,3,
  6.0367029E+02,  0.0000000E+00,  2.5635858E+02,2882,  8.7454528E-01,  0.0000000E+00,  1.1069665E-01,  1.0005024E+03,  2.9919201E+04,3,
  6.0528009E+02,  0.0000000E+00,  2.5529243E+02,2619,  7.9019368E-01,  0.0000000E+00,  3.7491158E-01,  1.0007759E+03,  4.6239684E+04,3,
  6.0559076E+02,  0.0000000E+00,  2.5542390E+02,2554,  8.9246011E-01,  0.0000000E+00,  7.0082106E-02,  1.0005535E+03,  3.2966328E+04,3,
  6.0704504E+02,  0.0000000E+00,  2.5511134E+02,2871,  9.4472235E-01,  0.0000000E+00,  3.1405047E-02,  1.0000353E+03,  2.1014282E+03,3,
  6.0811737E+02,  0.0000000E+00,  2.5454099E+02,2582,  4.0053147E-01,  0.0000000E+00, -5.5716181E-01,  1.0004965E+03,  2.9562488E+04,3,
  6.0858813E+02,  0.0000000E+00,  2.5442473E+02,2807,  5.6727493E-01,  0.0000000E+00, -5.3969806E-01,  1.0003058E+03,  1.8198102E+04,3,
  6.0982904E+02,  0.0000000E+00,  2.5474254E+02,2607,  8.0562264E-01,  0.0000000E+00, -3.2666335E-01,  1.0003267E+03,  1.9445221E+04,3,
  6.1094690E+02,  0.0000000E+00,  2.5519736E+02,2873,  1.6426725E+00,  0.0000000E+00, -6.2249035E-02,  1.0001274E+03,  7.5803018E+03,3,
  6.1011957E+02,  0.0000000E+00,  2.5294772E+02,2843,  2.0891239E-01,  0.0000000E+00, -1.3514541E-01,  1.0004902E+03,  2.9187592E+04,3,
  6.1315326E+02,  0.0000000E+00,  2.5519543E+02,2890,  3.4393331E-01,  0.0000000E+00,  5.0358528E-01,  1.0001090E+03,  6.4835586E+03,3,
  6.1036072E+02,  0.0000000E+00,  2.5270381E+02,2892, -6.3221785E-03,  0.0000000E+00, -6.2475502E-02,  1.0007057E+03,  4.2047719E+04,3,
  6.1188147E+02,  0.0000000E+00,  2.5282344E+02,2506,  9.3906289E-01,  0.0000000E+00, -7.2589539E-02,  1.0007521E+03,  4.4817863E+04,3,
  6.1339990E+02,  0.0000000E+00,  2.5273219E+02,2834,  2.8546175E-01,  0.0000000E+00,  2.0266345E-03,  1.0008965E+03,  5.3446688E+04,3,
  6.1408051E+02,  0.0000000E+00,  2.5558583E+02,2854,  7.5394116E-02,  0.0000000E+00,  2.2582816E-01,  1.0001333E+03,  7.9289604E+03,3,
  6.1460400E+02,  0.0000000E+00,  2.5296799E+02,2690,  3.9936352E-01,  0.0000000E+00,  1.4566870E-01,  1.0004827E+03,  2.8743557E+04,3,
  6.1512262E+02,  0.0000000E+00,  2.5568639E+02,2444,  2.6214039E-01,  0.0000000E+00,  6.8993293E-02,  1.0001547E+03,  9.2038496E+03,3,
  6.1548022E+02,  0.0000000E+00,  2.5286824E+02,2679,  4.9375275E-01,  0.0000000E+00,  1.7530148E-01,  1.0005697E+03,  3.3931266E+04,3,
  6.1640936E+02,  0.0000000E+00,  2.5520468E+02,2692,  6.7759228E-01,  0.0000000E+00, -8.6037563E-03,  1.0001860E+03,  1.1063811E+04,3,
  6.1682471E+02,  0.0000000E+00,  2.5291060E+02,2654,  5.0474471E-01,  0.0000000E+00,  1.1408063E-01,  1.0004914E+03,  2.9260387E+04,3,
  6.1739886E+02,  0.0000000E+00,  2.5308414E+02,2588,  3.8826558E-01,  0.0000000E+00,  5.1209774E-02,  1.0003032E+03,  1.8041770E+04,3,
  6.1799548E+02,  0.0000000E+00,  2.5524512E+02,2672,  4.0264383E-01,  0.0000000E+00,  1.3064055E-01,  1.0001785E+03,  1.0620585E+04,3,
  6.1899506E+02,  0.0000000E+00,  2.5516962E+02,2698,  3.5463443E-01,  0.0000000E+00,  1.5917492E-01,  1.0001829E+03,  1.0882158E+04,3,
  6.1902002E+02,  0.0000000E+00,  2.5266476E+02,2847,  3.9765483E-01,  0.0000000E+00,  2.6355421E-02,  1.0009869E+03,  5.8855363E+04,3,
  6.2037805E+02,  0.0000000E+00,  2.5278540E+02,2874,  3.5516793E-01,  0.0000000E+00,  7.1444377E-02,  1.0008394E+03,  5.0032195E+04,3,
  6.2016138E+02,  0.0000000E+00,  2.5570058E+02,2760,  3.7239102E-01,  0.0000000E+00,  8.2085438E-02,  1.0001382E+03,  8.2231514E+03,3,
  6.2141882E+02,  0.0000000E+00,  2.5559738E+02,2863,  4.8372835E-01,  0.0000000E+00,  4.9544640E-02,  1.0001591E+03,  9.4653857E+03,3,
  6.2166003E+02,  0.0000000E+00,  2.5284468E+02,2855,  3.4882009E-01,  0.0000000E+00,  1.2302795E-01,  1.0007338E+03,  4.3727938E+04,3,
  6.2280560E+02,  0.0000000E+00,  2.5567885E+02,2600,  4.5829204E-01,  0.0000000E+00,  4.9871165E-02,  1.0001911E+03,  1.1368993E+04,3,
  6.2283411E+02,  0.0000000E+00,  2.5279320E+02,2780,  3.7967083E-01,  0.0000000E+00,  1.2198658E-01,  1.0007912E+03,  4.7154859E+04,3,
  6.2409497E+02,  0.0000000E+00,  2.5563521E+02,2751,  4.5371094E-01,  0.0000000E+00,  4.7237173E-02,  1.0002115E+03,  1.2586186E+04,3,
  6.2403241E+02,  0.0000000E+00,  2.5297398E+02,2663,  4.2561549E-01,  0.0000000E+00,  8.0746308E-02,  1.0004516E+03,  2.6887561E+04,3,
  6.2490131E+02,  0.0000000E+00,  2.5302295E+02,2682,  4.0932330E-01,  0.0000000E+00,  5.0320841E-02,  1.0003682E+03,  2.1914471E+04,3,
  6.2546161E+02,  0.0000000E+00,  2.5561288E+02,2829,  4.6140972E-01,  0.0000000E+00,  2.8489331E-02,  1.0002138E+03,  1.2720631E+04,3,
  6.2594061E+02,  0.0000000E+00,  2.5280675E+02,2453,  4.0182176E-01,  0.0000000E+00,  1.8506734E-02,  1.0007062E+03,  4.2080520E+04,3,
  6.2682336E+02,  0.0000000E+00,  2.5558078E+02,2865,  4.5721135E-01,  0.0000000E+00,  3.3046347E-03,  1.0002102E+03,  1.2506246E+04,3,
  6.2717963E+02,  0.0000000E+00,  2.5280443E+02,2611,  4.0475014E-01,  0.0000000E+00, -1.6649688E-02,  1.0007244E+03,  4.3162973E+04,3,
  6.2814282E+02,  0.0000000E+00,  2.5550615E+02,2633,  4.5505697E-01,  0.0000000E+00, -1.8586656E-02,  1.0002137E+03,  1.2713364E+04,3,
  6.2830768E+02,  0.0000000E+00,  2.5294069E+02,2517,  4.0988311E-01,  0.0000000E+00, -4.2726897E-02,  1.0004754E+03,  2.8306820E+04,3,
  6.2946661E+02,  0.0000000E+00,  2.5557314E+02,2838,  4.5525450E-01,  0.0000000E+00, -3.5039950E-02,  1.0002085E+03,  1.2404506E+04,3,
  6.2929395E+02,  0.0000000E+00,  2.5299483E+02,2726,  3.7495676E-01,  0.0000000E+00, -4.9446143E-02,  1.0003878E+03,  2.3085670E+04,3,
  6.3088147E+02,  0.0000000E+00,  2.5559158E+02,2752,  4.4504881E-01,  0.0000000E+00, -4.7176756E-02,  1.0002130E+03,  1.2673394E+04,3,
  6.3027258E+02,  0.0000000E+00,  2.5286006E+02,2461,  3.9307195E-01,  0.0000000E+00, -4.8179530E-02,  1.0006093E+03,  3.6294848E+04,3,
  6.3144641E+02,  0.0000000E+00,  2.5276385E+02,2518,  3.9158022E-01,  0.0000000E+00, -4.6458930E-02,  1.0007709E+03,  4.5940719E+04,3,
  6.3231104E+02,  0.0000000E+00,  2.5557121E+02,2630,  4.3774456E-01,  0.0000000E+00, -5.7690851E-02,  1.0002139E+03,  1.2724265E+04,3,
  6.3260913E+02,  0.0000000E+00,  2.5305362E+02,2719,  4.1246063E-01,  0.0000000E+00, -4.9228504E-02,  1.0002999E+03,  1.7849082E+04,3,
  6.3328613E+02,  0.0000000E+00,  2.5303496E+02,2755,  3.8248578E-01,  0.0000000E+00, -4.8144586E-02,  1.0003281E+03,  1.9528854E+04,3,
  6.3369727E+02,  0.0000000E+00,  2.5558789E+02,2622,  4.3647128E-01,  0.0000000E+00, -6.5197982E-02,  1.0002003E+03,  1.1913986E+04,3,
  6.3430475E+02,  0.0000000E+00,  2.5292560E+02,2462,  4.1559282E-01,  0.0000000E+00, -4.2806994E-02,  1.0005189E+03,  3.0898402E+04,3,
  6.3510822E+02,  0.0000000E+00,  2.5540048E+02,2798,  4.4477370E-01,  0.0000000E+00, -6.5237492E-02,  1.0001981E+03,  1.1786818E+04,3,
  6.3551208E+02,  0.0000000E+00,  2.5274426E+02,2573,  4.0930104E-01,  0.0000000E+00, -4.2404149E-02,  1.0008121E+03,  4.8405613E+04,3,
  6.3654706E+02,  0.0000000E+00,  2.5539987E+02,2837,  4.5100102E-01,  0.0000000E+00, -6.0989358E-02,  1.0001873E+03,  1.1143738E+04,3,
  6.3680420E+02,  0.0000000E+00,  2.5283328E+02,2589,  4.0721059E-01,  0.0000000E+00, -3.7102848E-02,  1.0006525E+03,  3.8870293E+04,3,
  6.3791260E+02,  0.0000000E+00,  2.5544547E+02,2697,  4.6622580E-01,  0.0000000E+00, -5.5830132E-02,  1.0001788E+03,  1.0635116E+04,3,
  6.3784369E+02,  0.0000000E+00,  2.5313499E+02,2525,  4.0091643E-01,  0.0000000E+00, -3.5315331E-02,  1.0002106E+03,  1.2528048E+04,3,
  6.3838757E+02,  0.0000000E+00,  2.5307877E+02,2627,  4.4767904E-01,  0.0000000E+00, -2.9716060E-02,  1.0003024E+03,  1.7994506E+04,3,
  6.3919397E+02,  0.0000000E+00,  2.5536952E+02,2715,  4.5686811E-01,  0.0000000E+00, -4.7550704E-02,  1.0001758E+03,  1.0460737E+04,3,
  6.3990747E+02,  0.0000000E+00,  2.5259903E+02,2764,  4.1938305E-01,  0.0000000E+00, -3.0855283E-02,  1.0010739E+03,  6.4055125E+04,3,
  6.4052509E+02,  0.0000000E+00,  2.5526744E+02,2353,  4.6039152E-01,  0.0000000E+00, -3.6698848E-02,  1.0001693E+03,  1.0072030E+04,3,
  6.4119824E+02,  0.0000000E+00,  2.5291750E+02,2490,  4.2191368E-01,  0.0000000E+00, -1.8896675E-02,  1.0006013E+03,  3.5814074E+04,3,
  6.4199683E+02,  0.0000000E+00,  2.5551190E+02,2595,  4.7382113E-01,  0.0000000E+00, -3.7122101E-02,  1.0001580E+03,  9.4000010E+03,3,
  6.4229529E+02,  0.0000000E+00,  2.5293529E+02,2618,  4.4688609E-01,  0.0000000E+00, -1.1024381E-02,  1.0005222E+03,  3.1094984E+04,3,
  6.4335590E+02,  0.0000000E+00,  2.5303764E+02,2644,  4.1108429E-01,  0.0000000E+00,  8.2866615E-03,  1.0003544E+03,  2.1092531E+04,3,
  6.4345355E+02,  0.0000000E+00,  2.5552155E+02,2820,  5.0526637E-01,  0.0000000E+00, -2.7976710E-02,  1.0001624E+03,  9.6579092E+03,3,
  6.4418317E+02,  0.0000000E+00,  2.5288902E+02,2637,  4.4258845E-01,  0.0000000E+00,  1.6636053E-02,  1.0005496E+03,  3.2733303E+04,3,
  6.4491376E+02,  0.0000000E+00,  2.5533331E+02,2602,  5.1402813E-01,  0.0000000E+00, -1.1733511E-02,  1.0001664E+03,  9.8976611E+03,3,
  6.4532214E+02,  0.0000000E+00,  2.5289079E+02,2590,  4.2980373E-01,  0.0000000E+00,  2.3961278E-02,  1.0005603E+03,  3.3370500E+04,3,
  6.4644067E+02,  0.0000000E+00,  2.5537968E+02,2810,  5.1392508E-01,  0.0000000E+00, -2.3412032E-03,  1.0001578E+03,  9.3854707E+03,3,
  6.4645190E+02,  0.0000000E+00,  2.5288695E+02,2665,  4.7311315E-01,  0.0000000E+00,  2.1886177E-02,  1.0005691E+03,  3.3894852E+04,3,
  6.4784290E+02,  0.0000000E+00,  2.5540079E+02,2802,  5.1180816E-01,  0.0000000E+00, -4.1534700E-03,  1.0001511E+03,  8.9895400E+03,3,
  6.4732904E+02,  0.0000000E+00,  2.5300969E+02,2544,  4.4601929E-01,  0.0000000E+00,  1.1151774E-02,  1.0004284E+03,  2.5504887E+04,3,
  6.4894794E+02,  0.0000000E+00,  2.5270633E+02,2670,  5.2001995E-01,  0.0000000E+00,  1.0819189E-02,  1.0008755E+03,  5.2195301E+04,3,
  6.4930292E+02,  0.0000000E+00,  2.5546815E+02,2801,  5.3030825E-01,  0.0000000E+00, -1.4020886E-02,  1.0001404E+03,  8.3502734E+03,3,
  6.4917255E+02,  0.0000000E+00,  2.5322836E+02,2636,  3.8308799E-01,  0.0000000E+00, -1.4038367E-02,  1.0002597E+03,  1.5453537E+04,3,
  6.5083795E+02,  0.0000000E+00,  2.5538747E+02,2655,  5.2058613E-01,  0.0000000E+00, -1.3665661E-02,  1.0001447E+03,  8.6045225E+03,3,
  6.5087653E+02,  0.0000000E+00,  2.5272966E+02,2754,  4.8609316E-01,  0.0000000E+00, -3.7032627E-03,  1.0009143E+03,  5.4512133E+04,3,
  6.5218774E+02,  0.0000000E+00,  2.5550772E+02,2792,  5.2475321E-01,  0.0000000E+00, -2.5091976E-02,  1.0001489E+03,  8.8587783E+03,3,
  6.5219330E+02,  0.0000000E+00,  2.5277621E+02,2471,  4.9215937E-01,  0.0000000E+00, -1.3016054E-02,  1.0007557E+03,  4.5036590E+04,3,
  6.5367487E+02,  0.0000000E+00,  2.5542940E+02,2661,  5.8042163E-01,  0.0000000E+00, -5.0337326E-02,  1.0001562E+03,  9.2910273E+03,3,
  6.5340155E+02,  0.0000000E+00,  2.5321010E+02,2621,  4.6001640E-01,  0.0000000E+00,  1.9032186E-02,  1.0001783E+03,  1.0609686E+04,3,
  6.5369562E+02,  0.0000000E+00,  2.5309892E+02,2612,  3.9589995E-01,  0.0000000E+00,  2.5641683E-02,  1.0003826E+03,  2.2776488E+04,3,
  6.5531836E+02,  0.0000000E+00,  2.5527594E+02,2757,  5.6916833E-01,  0.0000000E+00, -9.0343013E-02,  1.0001812E+03,  1.0776801E+04,3,
  6.5531714E+02,  0.0000000E+00,  2.5269801E+02,2653,  5.3587532E-01,  0.0000000E+00,  1.8034549E-02,  1.0012142E+03,  7.2455688E+04,3,
  6.5679498E+02,  0.0000000E+00,  2.5514990E+02,2793,  5.4993200E-01,  0.0000000E+00, -1.1093449E-01,  1.0002106E+03,  1.2528048E+04,3,
  6.5683051E+02,  0.0000000E+00,  2.5330418E+02,2481,  5.7757044E-01,  0.0000000E+00, -7.8421861E-02,  1.0001619E+03,  9.6288486E+03,3,
  6.5743237E+02,  0.0000000E+00,  2.5311256E+02,2638,  6.4332759E-01,  0.0000000E+00, -1.8234104E-01,  1.0002930E+03,  1.7434637E+04,3,
  6.5829279E+02,  0.0000000E+00,  2.5498586E+02,2537,  5.3054053E-01,  0.0000000E+00, -1.0097301E-01,  1.0002545E+03,  1.5144594E+04,3,
  6.5867737E+02,  0.0000000E+00,  2.5187198E+02,2702,  3.8699311E-01,  0.0000000E+00, -3.5783565E-01,  1.0010986E+03,  6.5538141E+04,3,
  6.5960773E+02,  0.0000000E+00,  2.5498483E+02,2452,  5.2312374E-01,  0.0000000E+00, -9.3433633E-02,  1.0003142E+03,  1.8699840E+04,3,
  6.6079913E+02,  0.0000000E+00,  2.5508934E+02,2509,  5.3678471E-01,  0.0000000E+00, -7.3037788E-02,  1.0003566E+03,  2.1227092E+04,3,
  6.6188293E+02,  0.0000000E+00,  2.5504445E+02,2763,  5.4934883E-01,  0.0000000E+00, -3.0012999E-02,  1.0003735E+03,  2.2230898E+04,3,
  6.6366089E+02,  0.0000000E+00,  2.5363580E+02,2426,  4.2247748E-01,  0.0000000E+00,  3.7007730E-03,  1.0005222E+03,  3.1094984E+04,3,
  6.6324591E+02,  0.0000000E+00,  2.5504872E+02,2744,  5.0556850E-01,  0.0000000E+00, -1.1106325E-02,  1.0003102E+03,  1.8459875E+04,3,
  6.6510223E+02,  0.0000000E+00,  2.5483281E+02,2491,  5.7252765E-01,  0.0000000E+00, -5.8254536E-02,  1.0003249E+03,  1.9336139E+04,3,
  6.6621344E+02,  0.0000000E+00,  2.5484143E+02,2604,  5.3949362E-01,  0.0000000E+00, -7.1776226E-02,  1.0003246E+03,  1.9317957E+04,3,
  6.6723810E+02,  0.0000000E+00,  2.5457639E+02,2451,  5.4076326E-01,  0.0000000E+00, -7.5963847E-02,  1.0003842E+03,  2.2871061E+04,3,
  6.6835303E+02,  0.0000000E+00,  2.5461153E+02,2443,  5.6609780E-01,  0.0000000E+00, -5.6729216E-02,  1.0003488E+03,  2.0761594E+04,3,
  6.6947937E+02,  0.0000000E+00,  2.5468341E+02,2783,  5.7987672E-01,  0.0000000E+00, -3.6801241E-02,  1.0003026E+03,  1.8005412E+04,3,
  6.7046832E+02,  0.0000000E+00,  2.5435982E+02,2417,  5.6973672E-01,  0.0000000E+00, -3.1230547E-02,  1.0003654E+03,  2.1750805E+04,3,
  6.7162531E+02,  0.0000000E+00,  2.5457588E+02,2766,  5.7728547E-01,  0.0000000E+00, -2.0559544E-02,  1.0002911E+03,  1.7321939E+04,3,
  6.7259863E+02,  0.0000000E+00,  2.5452675E+02,2566,  5.7944477E-01,  0.0000000E+00, -1.5823487E-02,  1.0002917E+03,  1.7361930E+04,3,
  6.7358734E+02,  0.0000000E+00,  2.5443700E+02,2709,  5.8800250E-01,  0.0000000E+00, -8.9615742E-03,  1.0002964E+03,  1.7641857E+04,3,
  6.7464862E+02,  0.0000000E+00,  2.5435812E+02,2727,  5.8316815E-01,  0.0000000E+00, -1.7993117E-03,  1.0003093E+03,  1.8405338E+04,3,
  6.7559814E+02,  0.0000000E+00,  2.5460643E+02,2739,  5.7398397E-01,  0.0000000E+00,  7.9408418E-03,  1.0002561E+03,  1.5239093E+04,3,
  6.7660602E+02,  0.0000000E+00,  2.5448056E+02,2513,  5.7175732E-01,  0.0000000E+00,  2.7410621E-03,  1.0002961E+03,  1.7620045E+04,3,
  6.7762927E+02,  0.0000000E+00,  2.5478017E+02,2407,  5.6811935E-01,  0.0000000E+00, -3.7275332E-03,  1.0002374E+03,  1.4123332E+04,3,
  6.7853003E+02,  0.0000000E+00,  2.5420837E+02,2647,  5.8127797E-01,  0.0000000E+00, -2.0936148E-02,  1.0003753E+03,  2.2340014E+04,3,
  6.7967102E+02,  0.0000000E+00,  2.5471078E+02,2616,  5.7082695E-01,  0.0000000E+00, -1.6785653E-02,  1.0002499E+03,  1.4868370E+04,3,
  6.8056549E+02,  0.0000000E+00,  2.5436150E+02,2583,  5.8477587E-01,  0.0000000E+00, -2.4105147E-02,  1.0003252E+03,  1.9354318E+04,3,
  6.8165265E+02,  0.0000000E+00,  2.5455588E+02,2625,  5.8899760E-01,  0.0000000E+00, -1.2582326E-02,  1.0002666E+03,  1.5864265E+04,3,
  6.8264215E+02,  0.0000000E+00,  2.5431996E+02,2510,  5.8428746E-01,  0.0000000E+00, -1.0428240E-02,  1.0003196E+03,  1.9023438E+04,3,
  6.8367401E+02,  0.0000000E+00,  2.5450716E+02,2729,  5.7986718E-01,  0.0000000E+00,  1.3207648E-03,  1.0002781E+03,  1.6551271E+04,3,
  6.8466376E+02,  0.0000000E+00,  2.5453662E+02,2701,  5.7973093E-01,  0.0000000E+00,  2.0983070E-03,  1.0002842E+03,  1.6911152E+04,3,
  6.8566626E+02,  0.0000000E+00,  2.5450223E+02,2398,  5.7830304E-01,  0.0000000E+00,  4.6590241E-04,  1.0002944E+03,  1.7518252E+04,3,
  6.8671039E+02,  0.0000000E+00,  2.5454083E+02,2558,  5.7330364E-01,  0.0000000E+00, -2.1269266E-03,  1.0002799E+03,  1.6656689E+04,3,
  6.8768616E+02,  0.0000000E+00,  2.5444566E+02,2498,  5.7618332E-01,  0.0000000E+00, -6.3268570E-03,  1.0002905E+03,  1.7285586E+04,3,
  6.8869122E+02,  0.0000000E+00,  2.5441130E+02,2381,  5.7833838E-01,  0.0000000E+00, -9.4275801E-03,  1.0002896E+03,  1.7234691E+04,3,
  6.8971265E+02,  0.0000000E+00,  2.5461368E+02,2684,  5.7523328E-01,  0.0000000E+00, -8.2368162E-03,  1.0002384E+03,  1.4185113E+04,3,
  6.9063281E+02,  0.0000000E+00,  2.5415724E+02,2464,  5.8226460E-01,  0.0000000E+00, -2.0636704E-02,  1.0003296E+03,  1.9616121E+04,3,
  6.9164630E+02,  0.0000000E+00,  2.5457335E+02,2675,  5.7908094E-01,  0.0000000E+00, -6.1906506E-03,  1.0002309E+03,  1.3738114E+04,3,
  6.9261481E+02,  0.0000000E+00,  2.5432339E+02,2548,  5.6440479E-01,  0.0000000E+00, -9.0411538E-03,  1.0002863E+03,  1.7034750E+04,3,
  6.9355786E+02,  0.0000000E+00,  2.5442560E+02,2556,  5.5532509E-01,  0.0000000E+00, -1.3793643E-02,  1.0002677E+03,  1.5929691E+04,3,
  6.9447687E+02,  0.0000000E+00,  2.5460406E+02,2693,  5.5428421E-01,  0.0000000E+00, -2.1249477E-02,  1.0002441E+03,  1.4523102E+04,3,
  6.9552734E+02,  0.0000000E+00,  2.5427405E+02,2435,  6.3611567E-01,  0.0000000E+00, -2.6042171E-02,  1.0003414E+03,  2.0321570E+04,3,
  7.0111267E+02,  0.0000000E+00,  2.5195575E+02,2565,  8.1459272E-01,  0.0000000E+00,  6.1046153E-01,  1.0005118E+03,  3.0479773E+04,3,
  6.9663947E+02,  0.0000000E+00,  2.5448036E+02,2489,  5.8483481E-01,  0.0000000E+00,  2.4705285E-02,  1.0002989E+03,  1.7787277E+04,3,
  6.9756915E+02,  0.0000000E+00,  2.5455508E+02,2372,  5.6846845E-01,  0.0000000E+00,  5.5863596E-02,  1.0002761E+03,  1.6431314E+04,3,
  6.9856696E+02,  0.0000000E+00,  2.5440195E+02,2562,  5.2225006E-01,  0.0000000E+00,  7.1664318E-02,  1.0002882E+03,  1.7151080E+04,3,
  6.9951929E+02,  0.0000000E+00,  2.5482375E+02,2676,  6.1191916E-01,  0.0000000E+00, -9.5902290E-03,  1.0002050E+03,  1.2197395E+04,3,
  7.0041052E+02,  0.0000000E+00,  2.5476689E+02,2545,  6.0531515E-01,  0.0000000E+00, -9.0526305E-02,  1.0001987E+03,  1.1819519E+04,3,
  7.0169476E+02,  0.0000000E+00,  2.5483046E+02,2541,  4.8718986E-01,  0.0000000E+00, -2.2526570E-01,  1.0001705E+03,  1.0141052E+04,3,
  7.0279919E+02,  0.0000000E+00,  2.5410011E+02,2484,  1.0630465E+00,  0.0000000E+00, -4.6480694E-01,  1.0003815E+03,  2.2711016E+04,3,
  7.0277936E+02,  0.0000000E+00,  2.5276085E+02,2494,  7.3385000E-01,  0.0000000E+00,  2.3406671E-01,  1.0004997E+03,  2.9755402E+04,3,
  7.0425031E+02,  0.0000000E+00,  2.5433336E+02,2354,  1.0186609E+00,  0.0000000E+00, -2.5872692E-01,  1.0002958E+03,  1.7601867E+04,3,
  7.0448480E+02,  0.0000000E+00,  2.5296774E+02,2522,  1.0062361E+00,  0.0000000E+00,  3.7242316E-02,  1.0006362E+03,  3.7897594E+04,3,
  7.0598291E+02,  0.0000000E+00,  2.5384206E+02,2564,  1.0276855E+00,  0.0000000E+00, -1.6805947E-01,  1.0006083E+03,  3.6232926E+04,3,
  7.0603003E+02,  0.0000000E+00,  2.5326257E+02,2408,  9.2980224E-01,  0.0000000E+00, -5.8559272E-02,  9.9990900E+02, -5.4093989E+03,3,
  7.0786975E+02,  0.0000000E+00,  2.5459323E+02,2639,  1.3351358E+00,  0.0000000E+00, -2.7901221E-02,  1.0001484E+03,  8.8260879E+03,3,
  7.0720447E+02,  0.0000000E+00,  2.5253445E+02,2613,  8.0641699E-01,  0.0000000E+00, -3.6009729E-02,  1.0011734E+03,  7.0014086E+04,3,
  7.0909827E+02,  0.0000000E+00,  2.5302725E+02,2539,  8.0868149E-01,  0.0000000E+00,  6.6605471E-02,  1.0003704E+03,  2.2049043E+04,3,
  7.0942151E+02,  0.0000000E+00,  2.5303596E+02,2363,  1.0427669E+00,  0.0000000E+00, -1.4302786E-04,  1.0003613E+03,  2.1507129E+04,3,
  7.0972839E+02,  0.0000000E+00,  2.5484842E+02,2486,  1.2250382E+00,  0.0000000E+00,  3.4061279E-02,  1.0001426E+03,  8.4846611E+03,3,
  7.1125000E+02,  0.0000000E+00,  2.5473305E+02,2362,  1.1884609E+00,  0.0000000E+00,  3.0970035E-02,  1.0001528E+03,  9.0876133E+03,3,
  7.1078479E+02,  0.0000000E+00,  2.5284953E+02,2438,  8.9388984E-01,  0.0000000E+00, -1.6354464E-02,  1.0005574E+03,  3.3195723E+04,3,
  7.1218469E+02,  0.0000000E+00,  2.5288911E+02,2631,  7.2551155E-01,  0.0000000E+00, -4.3652676E-02,  1.0004755E+03,  2.8310461E+04,3,
  7.1271112E+02,  0.0000000E+00,  2.5444055E+02,2667,  1.1956034E+00,  0.0000000E+00,  2.4083747E-02,  1.0001440E+03,  8.5645684E+03,3,
  7.1298334E+02,  0.0000000E+00,  2.5304565E+02,2536,  1.0107255E+00,  0.0000000E+00,  3.8768761E-02,  1.0004010E+03,  2.3871396E+04,3,
  7.1445758E+02,  0.0000000E+00,  2.5276016E+02,2575,  9.8852682E-01,  0.0000000E+00, -3.5912998E-03,  1.0012137E+03,  7.2430102E+04,3,
  7.1518964E+02,  0.0000000E+00,  2.5368489E+02,2465,  1.0120260E+00,  0.0000000E+00,  2.0842312E-01,  1.0001077E+03,  6.4036680E+03,3,
  7.1635175E+02,  0.0000000E+00,  2.5338614E+02,2409,  7.7815640E-01,  0.0000000E+00,  1.1936457E-01,  1.0004003E+03,  2.3831381E+04,3,
  7.1683478E+02,  0.0000000E+00,  2.5332716E+02,2317,  9.0865177E-01,  0.0000000E+00, -1.6472024E-01,  1.0006035E+03,  3.5945191E+04,3,
  7.1790692E+02,  0.0000000E+00,  2.5461568E+02,2640,  1.0137374E+00,  0.0000000E+00,  3.5151724E-02,  1.0001264E+03,  7.5185610E+03,3,
  7.1821191E+02,  0.0000000E+00,  2.5251851E+02,2366,  1.0365522E+00,  0.0000000E+00, -4.0182453E-01,  1.0005477E+03,  3.2620432E+04,3,
  7.1933954E+02,  0.0000000E+00,  2.5493155E+02,2307,  7.1879351E-01,  0.0000000E+00,  8.8207955E-03,  1.0001592E+03,  9.4726504E+03,3,
  7.1950104E+02,  0.0000000E+00,  2.5176067E+02,2549,  9.2228562E-01,  0.0000000E+00, -5.8697128E-01,  1.0004755E+03,  2.8310461E+04,3,
  7.2041815E+02,  0.0000000E+00,  2.5420082E+02,2603,  6.9198823E-01,  0.0000000E+00, -1.1350517E-02,  1.0002522E+03,  1.5006480E+04,3,
  7.2125854E+02,  0.0000000E+00,  2.5477281E+02,2380,  6.1846536E-01,  0.0000000E+00, -1.0678826E-02,  1.0002236E+03,  1.3305671E+04,3,
  7.2251703E+02,  0.0000000E+00,  2.5431689E+02,2344,  6.2886834E-01,  0.0000000E+00, -5.8098767E-02,  1.0003403E+03,  2.0252479E+04,3,
  7.2336664E+02,  0.0000000E+00,  2.5471022E+02,2468,  6.3794816E-01,  0.0000000E+00, -2.2115685E-02,  1.0002758E+03,  1.6409504E+04,3,
  7.2454144E+02,  0.0000000E+00,  2.5448332E+02,2390,  6.3625532E-01,  0.0000000E+00,  1.4961393E-02,  1.0002943E+03,  1.7510980E+04,3,
  7.2565704E+02,  0.0000000E+00,  2.5437737E+02,2519,  6.3617492E-01,  0.0000000E+00,  5.4785341E-02,  1.0002914E+03,  1.7340117E+04,3,
  7.2674542E+02,  0.0000000E+00,  2.5466771E+02,2472,  5.9984589E-01,  0.0000000E+00,  5.2166175E-02,  1.0002658E+03,  1.5817012E+04,3,
  7.2782202E+02,  0.0000000E+00,  2.5469252E+02,2610,  6.0303181E-01,  0.0000000E+00,  4.2292334E-02,  1.0002551E+03,  1.5177305E+04,3,
  7.2873798E+02,  0.0000000E+00,  2.5406638E+02,2411,  5.8532250E-01,  0.0000000E+00,  1.9956823E-02,  1.0003253E+03,  1.9361590E+04,3,
  7.2990973E+02,  0.0000000E+00,  2.5466035E+02,2594,  5.9959382E-01,  0.0000000E+00,  3.4904845E-02,  1.0002494E+03,  1.4839294E+04,3,
  7.3096509E+02,  0.0000000E+00,  2.5462634E+02,2485,  5.8158153E-01,  0.0000000E+00,  3.8705826E-02,  1.0002394E+03,  1.4246896E+04,3,
  7.3197784E+02,  0.0000000E+00,  2.5372507E+02,2585,  5.5777007E-01,  0.0000000E+00,  2.8518483E-02,  1.0003305E+03,  1.9670664E+04,3,
  7.3286169E+02,  0.0000000E+00,  2.5470699E+02,2469,  5.5566007E-01,  0.0000000E+00,  2.8850682E-02,  1.0002259E+03,  1.3440126E+04,3,
  7.3393378E+02,  0.0000000E+00,  2.5447285E+02,2568,  5.3541225E-01,  0.0000000E+00,  2.2506813E-02,  1.0002507E+03,  1.4919253E+04,3,
  7.3506311E+02,  0.0000000E+00,  2.5419046E+02,2423,  5.9035438E-01,  0.0000000E+00,  1.5041115E-02,  1.0002948E+03,  1.7543699E+04,3,
  7.3611035E+02,  0.0000000E+00,  2.5454602E+02,2450,  5.6602335E-01,  0.0000000E+00,  4.5914970E-02,  1.0002772E+03,  1.6493111E+04,3,
  7.4087518E+02,  0.0000000E+00,  2.5164542E+02,2474,  7.1396148E-01,  0.0000000E+00,  6.0675538E-01,  1.0007302E+03,  4.3509238E+04,3,
  7.3723572E+02,  0.0000000E+00,  2.5451294E+02,2511,  5.2650791E-01,  0.0000000E+00,  7.2145611E-02,  1.0003026E+03,  1.8009049E+04,3,
  7.4248895E+02,  0.0000000E+00,  2.5272816E+02,2439,  9.6399945E-01,  0.0000000E+00,  4.0460306E-01,  1.0006302E+03,  3.7544238E+04,3,
  7.3828882E+02,  0.0000000E+00,  2.5463657E+02,2336,  5.0362605E-01,  0.0000000E+00,  6.9687389E-02,  1.0002698E+03,  1.6053277E+04,3,
  7.3934448E+02,  0.0000000E+00,  2.5474855E+02,2326,  5.2508897E-01,  0.0000000E+00,  4.0947981E-02,  1.0002260E+03,  1.3443761E+04,3,
  7.4045020E+02,  0.0000000E+00,  2.5473207E+02,2402,  5.5523062E-01,  0.0000000E+00,  1.3107352E-04,  1.0001938E+03,  1.1528854E+04,3,
  7.4170477E+02,  0.0000000E+00,  2.5460196E+02,2503,  6.7299980E-01,  0.0000000E+00, -3.5751965E-02,  1.0001989E+03,  1.1834052E+04,3,
  7.4335419E+02,  0.0000000E+00,  2.5439740E+02,2502,  6.7697614E-01,  0.0000000E+00, -5.5585984E-02,  1.0003132E+03,  1.8638029E+04,3,
  7.4392310E+02,  0.0000000E+00,  2.5311955E+02,2373,  9.3642592E-01,  0.0000000E+00,  1.0698678E-01,  1.0003939E+03,  2.3449424E+04,3,
  7.4516791E+02,  0.0000000E+00,  2.5317879E+02,2430,  8.8987583E-01,  0.0000000E+00, -5.2746814E-02,  1.0002545E+03,  1.5140959E+04,3,
  7.4525940E+02,  0.0000000E+00,  2.5467926E+02,2559,  8.6783725E-01,  0.0000000E+00, -4.4116676E-02,  1.0002391E+03,  1.4228724E+04,3,
  7.4605035E+02,  0.0000000E+00,  2.5304591E+02,2405,  8.3303773E-01,  0.0000000E+00, -8.5628696E-02,  1.0003608E+03,  2.1478035E+04,3,
  7.4750287E+02,  0.0000000E+00,  2.5442967E+02,2501,  9.6678710E-01,  0.0000000E+00, -5.2764446E-02,  1.0002337E+03,  1.3905282E+04,3,
  7.4724628E+02,  0.0000000E+00,  2.5286584E+02,2337,  7.3045182E-01,  0.0000000E+00, -6.1368931E-02,  1.0005294E+03,  3.1528201E+04,3,
  7.4829492E+02,  0.0000000E+00,  2.5285321E+02,2528,  8.4651673E-01,  0.0000000E+00,  9.0720784E-03,  1.0005503E+03,  3.2773355E+04,3,
  7.4976721E+02,  0.0000000E+00,  2.5285497E+02,2449,  9.1712981E-01,  0.0000000E+00,  2.3375044E-02,  1.0006157E+03,  3.6677297E+04,3,
  7.4986920E+02,  0.0000000E+00,  2.5419269E+02,2577,  8.4349537E-01,  0.0000000E+00,  2.0568678E-02,  1.0002801E+03,  1.6667596E+04,3,
  7.5122888E+02,  0.0000000E+00,  2.5285115E+02,2374,  8.3452803E-01,  0.0000000E+00,  1.3592933E-02,  1.0005345E+03,  3.1830373E+04,3,
  7.5192688E+02,  0.0000000E+00,  2.5389510E+02,2432,  8.2672071E-01,  0.0000000E+00,  1.8312516E-02,  1.0003878E+03,  2.3082031E+04,3,
  7.5252496E+02,  0.0000000E+00,  2.5290123E+02,2378,  8.8294095E-01,  0.0000000E+00,  5.4071445E-02,  1.0003488E+03,  2.0761594E+04,3,
  7.5473773E+02,  0.0000000E+00,  2.5279424E+02,2410,  9.0693575E-01,  0.0000000E+00,  3.5200175E-02,  1.0006862E+03,  4.0881574E+04,3,
  7.5384589E+02,  0.0000000E+00,  2.5338699E+02,2399,  8.5257035E-01,  0.0000000E+00, -5.7249583E-02,  1.0008342E+03,  4.9722176E+04,3,
  7.5577051E+02,  0.0000000E+00,  2.5313641E+02,2383,  8.6601543E-01,  0.0000000E+00,  4.0481657E-02,  1.0000647E+03,  3.8475132E+03,3,
  7.5639484E+02,  0.0000000E+00,  2.5422374E+02,2550,  8.3165848E-01,  0.0000000E+00,  1.9662954E-02,  1.0001918E+03,  1.1412592E+04,3,
  7.5697314E+02,  0.0000000E+00,  2.5286801E+02,2477,  9.2109865E-01,  0.0000000E+00,  1.4488735E-02,  1.0007883E+03,  4.6979840E+04,3,
  7.5854932E+02,  0.0000000E+00,  2.5269862E+02,2487,  8.9738798E-01,  0.0000000E+00, -2.3126125E-02,  1.0010305E+03,  6.1458559E+04,3,
  7.5875684E+02,  0.0000000E+00,  2.5464655E+02,2281,  8.1844848E-01,  0.0000000E+00,  1.5655400E-02,  1.0000897E+03,  5.3324717E+03,3,
  7.5997913E+02,  0.0000000E+00,  2.5301653E+02,2456,  8.5775775E-01,  0.0000000E+00, -3.2733362E-02,  1.0005108E+03,  3.0417891E+04,3,
  7.6114587E+02,  0.0000000E+00,  2.5286011E+02,2442,  8.7595588E-01,  0.0000000E+00, -9.5725125E-03,  1.0006282E+03,  3.7424027E+04,3,
  7.6225745E+02,  0.0000000E+00,  2.5304411E+02,2356,  8.8455445E-01,  0.0000000E+00,  2.2881767E-03,  1.0003455E+03,  2.0561580E+04,3,
  7.6122211E+02,  0.0000000E+00,  2.5465880E+02,2448,  8.0863458E-01,  0.0000000E+00,  2.2627182E-02,  1.0001459E+03,  8.6771660E+03,3,
  7.6331506E+02,  0.0000000E+00,  2.5475449E+02,2538,  6.9538426E-01,  0.0000000E+00,  4.3115761E-02,  1.0001297E+03,  7.7146792E+03,3,
  7.6353772E+02,  0.0000000E+00,  2.5283952E+02,2422,  8.8734317E-01,  0.0000000E+00,  2.5042370E-02,  1.0007141E+03,  4.2550664E+04,3,
  7.6470050E+02,  0.0000000E+00,  2.5311555E+02,2310,  8.7083596E-01,  0.0000000E+00,  3.3178370E-02,  1.0004266E+03,  2.5395736E+04,3,
  7.6575513E+02,  0.0000000E+00,  2.5271832E+02,2441,  8.3941406E-01,  0.0000000E+00,  3.6228029E-03,  1.0009349E+03,  5.5745562E+04,3,
  7.6644769E+02,  0.0000000E+00,  2.5441507E+02,2482,  8.3608633E-01,  0.0000000E+00,  1.0078322E-02,  1.0002271E+03,  1.3509172E+04,3,
  7.6751678E+02,  0.0000000E+00,  2.5299632E+02,2292,  8.3245236E-01,  0.0000000E+00,  9.1887387E-03,  1.0003558E+03,  2.1176178E+04,3,
  7.6838721E+02,  0.0000000E+00,  2.5295863E+02,2365,  8.3943462E-01,  0.0000000E+00,  2.4371955E-03,  1.0003862E+03,  2.2987459E+04,3,
  7.6863098E+02,  0.0000000E+00,  2.5459441E+02,2504,  8.0088699E-01,  0.0000000E+00,  1.7112024E-02,  1.0002317E+03,  1.3785357E+04,3,
  7.6912061E+02,  0.0000000E+00,  2.5308650E+02,2359,  8.6699510E-01,  0.0000000E+00, -1.0582652E-02,  1.0001159E+03,  6.8939150E+03,3,
  7.7014777E+02,  0.0000000E+00,  2.5290359E+02,2382,  8.8200265E-01,  0.0000000E+00, -9.9807987E-03,  1.0005092E+03,  3.0323246E+04,3,
  7.7082983E+02,  0.0000000E+00,  2.5437656E+02,2521,  7.0122910E-01,  0.0000000E+00,  3.9480992E-02,  1.0002542E+03,  1.5122786E+04,3,
  7.7189673E+02,  0.0000000E+00,  2.5285063E+02,2437,  8.6534643E-01,  0.0000000E+00, -1.6395321E-02,  1.0005946E+03,  3.5417090E+04,3,
  7.7225348E+02,  0.0000000E+00,  2.5300928E+02,2394,  8.3944446E-01,  0.0000000E+00, -4.2609297E-02,  1.0003774E+03,  2.2463680E+04,3,
  7.7375714E+02,  0.0000000E+00,  2.5474910E+02,2523,  7.8820825E-01,  0.0000000E+00, -5.4191914E-04,  1.0000814E+03,  4.8386709E+03,3,
  7.7390906E+02,  0.0000000E+00,  2.5288026E+02,2334,  7.3451567E-01,  0.0000000E+00,  2.0926267E-02,  1.0008829E+03,  5.2636734E+04,3,
  7.7506567E+02,  0.0000000E+00,  2.5319194E+02,2318,  8.8233495E-01,  0.0000000E+00,  2.4422106E-01,  1.0008808E+03,  5.2509047E+04,3,
  7.7682642E+02,  0.0000000E+00,  2.5322920E+02,2421,  7.6331663E-01,  0.0000000E+00, -8.6977370E-02,  1.0002849E+03,  1.6954775E+04,3,
  7.7711169E+02,  0.0000000E+00,  2.5305188E+02,2385,  6.3217062E-01,  0.0000000E+00, -5.5087324E-02,  1.0004833E+03,  2.8779953E+04,3,
  7.7771771E+02,  0.0000000E+00,  2.5482338E+02,2386,  1.2718606E+00,  0.0000000E+00,  1.8868867E-01,  1.0001356E+03,  8.0633428E+03,3,
  7.7874762E+02,  0.0000000E+00,  2.5378743E+02,2346,  1.0594268E+00,  0.0000000E+00,  3.7751243E-01,  1.0003339E+03,  1.9874295E+04,3,
  7.8069781E+02,  0.0000000E+00,  2.5480830E+02,2424,  3.9228082E-01,  0.0000000E+00,  3.2511613E-01,  1.0002325E+03,  1.3832601E+04,3,
  7.7871747E+02,  0.0000000E+00,  2.5187039E+02,2228,  4.0122509E-01,  0.0000000E+00, -3.6382046E-01,  1.0006599E+03,  3.9311137E+04,3,
  7.8169403E+02,  0.0000000E+00,  2.5480583E+02,2455,  2.7166533E-01,  0.0000000E+00,  1.0298848E-01,  1.0002641E+03,  1.5715237E+04,3,
  7.8270612E+02,  0.0000000E+00,  2.5396545E+02,2393,  3.7638766E-01,  0.0000000E+00, -1.0950127E-01,  1.0002972E+03,  1.7689119E+04,3,
  7.8351941E+02,  0.0000000E+00,  2.5464929E+02,2299,  5.8403432E-01,  0.0000000E+00, -1.2512870E-01,  1.0002402E+03,  1.4290506E+04,3,
  7.8499030E+02,  0.0000000E+00,  2.5391341E+02,2400,  4.5639762E-01,  0.0000000E+00,  1.6742686E-02,  1.0002333E+03,  1.3883478E+04,3,
  7.8569702E+02,  0.0000000E+00,  2.5486215E+02,2512,  5.3245270E-01,  0.0000000E+00, -2.7580637E-02,  1.0002498E+03,  1.4864735E+04,3,
  7.8717413E+02,  0.0000000E+00,  2.5406166E+02,2384,  4.2586154E-01,  0.0000000E+00,  4.0934272E-02,  1.0003178E+03,  1.8914359E+04,3,
  7.8798840E+02,  0.0000000E+00,  2.5494568E+02,2514,  4.9143106E-01,  0.0000000E+00, -1.5684824E-02,  1.0002687E+03,  1.5987850E+04,3,
  7.8919855E+02,  0.0000000E+00,  2.5400539E+02,2493,  5.1960421E-01,  0.0000000E+00, -1.2967010E-02,  1.0003082E+03,  1.8343531E+04,3,
  7.9049182E+02,  0.0000000E+00,  2.5474690E+02,2395,  5.2075309E-01,  0.0000000E+00, -2.7315820E-02,  1.0002527E+03,  1.5039191E+04,3,
  7.9144781E+02,  0.0000000E+00,  2.5397981E+02,2375,  4.9835971E-01,  0.0000000E+00, -1.5321247E-03,  1.0002792E+03,  1.6616703E+04,3,
  7.9264673E+02,  0.0000000E+00,  2.5472528E+02,2343,  4.7789925E-01,  0.0000000E+00, -3.1733442E-02,  1.0002423E+03,  1.4417706E+04,3,
  7.9362518E+02,  0.0000000E+00,  2.5419548E+02,2283,  5.1429766E-01,  0.0000000E+00, -1.3526124E-02,  1.0002481E+03,  1.4762971E+04,3,
  7.9482495E+02,  0.0000000E+00,  2.5451256E+02,2415,  5.4338914E-01,  0.0000000E+00, -2.9611906E-02,  1.0002593E+03,  1.5431729E+04,3,
  7.9598419E+02,  0.0000000E+00,  2.5460474E+02,2478,  5.3064275E-01,  0.0000000E+00, -1.7297776E-02,  1.0002684E+03,  1.5973311E+04,3,
  7.9719379E+02,  0.0000000E+00,  2.5414194E+02,2332,  5.0721228E-01,  0.0000000E+00,  5.1392983E-03,  1.0002978E+03,  1.7721838E+04,3,
  7.9830078E+02,  0.0000000E+00,  2.5461458E+02,2505,  5.5125189E-01,  0.0000000E+00, -8.0918577E-03,  1.0002842E+03,  1.6911152E+04,3,
  7.9964380E+02,  0.0000000E+00,  2.5461121E+02,2476,  5.1983690E-01,  0.0000000E+00,  5.1101609E-03,  1.0002838E+03,  1.6885705E+04,3,
  8.0075641E+02,  0.0000000E+00,  2.5415335E+02,2291,  5.1247257E-01,  0.0000000E+00,  1.9186091E-02,  1.0002910E+03,  1.7314670E+04,3,
  8.0205243E+02,  0.0000000E+00,  2.5467531E+02,2379,  4.9256709E-01,  0.0000000E+00,  7.1204840E-03,  1.0002587E+03,  1.5391747E+04,3,
  8.0308075E+02,  0.0000000E+00,  2.5411079E+02,2257,  4.8938757E-01,  0.0000000E+00,  3.2865244E-03,  1.0002686E+03,  1.5980580E+04,3,
  8.0437585E+02,  0.0000000E+00,  2.5467819E+02,2440,  4.8374844E-01,  0.0000000E+00, -1.2249183E-02,  1.0002418E+03,  1.4388632E+04,3,
  8.0527466E+02,  0.0000000E+00,  2.5397511E+02,2239,  5.0415903E-01,  0.0000000E+00,  1.9191634E-02,  1.0002335E+03,  1.3894380E+04,3,
  8.0641656E+02,  0.0000000E+00,  2.5457947E+02,2341,  4.9688804E-01,  0.0000000E+00,  2.8638318E-03,  1.0002512E+03,  1.4944694E+04,3,
  8.0759583E+02,  0.0000000E+00,  2.5455128E+02,2496,  4.7982809E-01,  0.0000000E+00,  8.8910079E-03,  1.0002573E+03,  1.5308150E+04,3,
  8.0868945E+02,  0.0000000E+00,  2.5417342E+02,2367,  4.9624297E-01,  0.0000000E+00,  2.6360428E-02,  1.0002726E+03,  1.6220484E+04,3,
  8.0984375E+02,  0.0000000E+00,  2.5456717E+02,2032,  5.0623387E-01,  0.0000000E+00,  3.4936774E-03,  1.0002429E+03,  1.4454049E+04,3,
  8.1089569E+02,  0.0000000E+00,  2.5422447E+02,2201,  5.1557714E-01,  0.0000000E+00,  1.1476708E-02,  1.0002638E+03,  1.5697063E+04,3,
  8.1208148E+02,  0.0000000E+00,  2.5442989E+02,2433,  5.0730318E-01,  0.0000000E+00, -4.3946914E-03,  1.0002415E+03,  1.4366826E+04,3,
  8.1317474E+02,  0.0000000E+00,  2.5439299E+02,2459,  4.8296058E-01,  0.0000000E+00, -2.0814151E-02,  1.0002318E+03,  1.3788991E+04,3,
  8.1417670E+02,  0.0000000E+00,  2.5409009E+02,2264,  4.9511829E-01,  0.0000000E+00, -3.4020826E-02,  1.0002484E+03,  1.4781144E+04,3,
  8.1525952E+02,  0.0000000E+00,  2.5446671E+02,2235,  5.3782231E-01,  0.0000000E+00, -4.6216585E-02,  1.0002296E+03,  1.3661800E+04,3,
  8.1638892E+02,  0.0000000E+00,  2.5413828E+02,2267,  5.2161413E-01,  0.0000000E+00, -1.3585705E-02,  1.0002705E+03,  1.6096896E+04,3,
  8.1733557E+02,  0.0000000E+00,  2.5455922E+02,2364,  5.1954114E-01,  0.0000000E+00, -4.8237257E-02,  1.0002227E+03,  1.3251163E+04,3,
  8.2122223E+02,  0.0000000E+00,  2.5175240E+02,2192,  6.7746961E-01,  0.0000000E+00,  5.4846048E-01,  1.0006879E+03,  4.0987250E+04,3,
  8.1836359E+02,  0.0000000E+00,  2.5427829E+02,2321,  4.4755331E-01,  0.0000000E+00, -7.1690820E-02,  1.0002098E+03,  1.2484444E+04,3,
  8.1961603E+02,  0.0000000E+00,  2.5469609E+02,2406,  5.0119072E-01,  0.0000000E+00, -1.8464068E-01,  1.0001703E+03,  1.0133786E+04,3,
  8.2361511E+02,  0.0000000E+00,  2.5299495E+02,2289,  8.7984031E-01,  0.0000000E+00,  7.0013905E-01,  1.0008760E+03,  5.2224484E+04,3,
  8.2047839E+02,  0.0000000E+00,  2.5421762E+02,2277,  6.4795989E-01,  0.0000000E+00, -2.1077020E-01,  1.0001730E+03,  1.0289995E+04,3,
  8.2166168E+02,  0.0000000E+00,  2.5430962E+02,2460,  8.1422639E-01,  0.0000000E+00, -2.9820818E-01,  1.0002119E+03,  1.2607987E+04,3,
  8.2263507E+02,  0.0000000E+00,  2.5336264E+02,2325,  7.4975705E-01,  0.0000000E+00, -7.2049767E-01,  1.0001158E+03,  6.8866519E+03,3,
  8.2524121E+02,  0.0000000E+00,  2.5326187E+02,2211,  1.0188689E+00,  0.0000000E+00, -1.2154033E-01,  1.0002398E+03,  1.4268701E+04,3,
  8.2577222E+02,  0.0000000E+00,  2.5302615E+02,2168,  1.1160880E+00,  0.0000000E+00, -2.2999808E-01,  1.0001868E+03,  1.1111040E+04,3,
  8.2595477E+02,  0.0000000E+00,  2.5414421E+02,2272,  5.9943515E-01,  0.0000000E+00, -1.8525326E-01,  1.0004083E+03,  2.4307938E+04,3,
  8.2709082E+02,  0.0000000E+00,  2.5287352E+02,2233,  9.3295252E-01,  0.0000000E+00, -1.2046737E-01,  1.0004159E+03,  2.4759051E+04,3,
  8.2792413E+02,  0.0000000E+00,  2.5309021E+02,2247,  9.2306703E-01,  0.0000000E+00, -9.4031096E-02,  9.9998846E+02, -6.8586200E+02,3,
  8.2927209E+02,  0.0000000E+00,  2.5386351E+02,2209,  1.0650115E+00,  0.0000000E+00, -8.7102965E-02,  1.0006137E+03,  3.6557098E+04,3,
  8.2863751E+02,  0.0000000E+00,  2.5293047E+02,2227,  9.3628156E-01,  0.0000000E+00, -1.2197083E-01,  1.0003373E+03,  2.0074295E+04,3,
  8.3015338E+02,  0.0000000E+00,  2.5296048E+02,2146,  8.9517617E-01,  0.0000000E+00, -1.2523903E-01,  1.0000867E+03,  5.1581865E+03,3,
  8.3113586E+02,  0.0000000E+00,  2.5290796E+02,2191,  8.0905640E-01,  0.0000000E+00, -6.8438421E-03,  1.0000085E+03,  5.0807651E+02,3,
  8.3183820E+02,  0.0000000E+00,  2.5387718E+02,2388,  9.2645633E-01,  0.0000000E+00,  2.5011763E-02,  1.0005847E+03,  3.4823461E+04,3,
  8.3228076E+02,  0.0000000E+00,  2.5300633E+02,2287,  9.6991247E-01,  0.0000000E+00,  4.3672364E-02,  1.0004246E+03,  2.5275672E+04,3,
  8.3388538E+02,  0.0000000E+00,  2.5331781E+02,2404,  9.4969505E-01,  0.0000000E+00, -1.9789822E-01,  1.0005944E+03,  3.5402520E+04,3,
  8.3418054E+02,  0.0000000E+00,  2.5302911E+02,2327,  9.5414847E-01,  0.0000000E+00,  7.2525525E-01,  1.0000518E+03,  3.0778911E+03,3,
  8.3535614E+02,  0.0000000E+00,  2.5287575E+02,2294,  9.7495830E-01,  0.0000000E+00,  4.6278256E-01,  1.0001348E+03,  8.0197593E+03,3,
  8.3641052E+02,  0.0000000E+00,  2.5282762E+02,2238,  1.3890065E+00,  0.0000000E+00,  6.8141736E-02,  1.0003727E+03,  2.2187254E+04,3,
  8.3644299E+02,  0.0000000E+00,  2.5368100E+02,2387,  6.5294755E-01,  0.0000000E+00, -6.3383274E-02,  1.0006867E+03,  4.0914371E+04,3,
  8.3855414E+02,  0.0000000E+00,  2.5290494E+02,2150,  1.3345582E+00,  0.0000000E+00, -5.5575007E-01,  1.0002244E+03,  1.3352912E+04,3,
  8.3869672E+02,  0.0000000E+00,  2.5294403E+02,2351,  1.3230387E+00,  0.0000000E+00, -5.5724883E-01,  9.9978131E+02, -1.2994269E+04,3,
  8.3888605E+02,  0.0000000E+00,  2.5420967E+02,2368,  9.4788021E-01,  0.0000000E+00,  7.2366878E-02,  1.0004749E+03,  2.8277705E+04,3,
  8.4019958E+02,  0.0000000E+00,  2.5309500E+02,2155,  3.7333786E-01,  0.0000000E+00, -4.5498002E-01,  1.0005323E+03,  3.1702951E+04,3,
  8.4077258E+02,  0.0000000E+00,  2.5365210E+02,2413,  4.7922233E-01,  0.0000000E+00,  1.1479216E+00,  1.0000813E+03,  4.8350405E+03,3,
  8.4318121E+02,  0.0000000E+00,  2.5502498E+02,2144,  1.7580336E+00,  0.0000000E+00,  1.4056054E+00,  9.9958466E+02, -2.4664764E+04,3,
  8.4057410E+02,  0.0000000E+00,  2.5405952E+02,2279,  5.7289970E-01,  0.0000000E+00, -1.3545947E-01,  1.0003126E+03,  1.8601672E+04,3,
  8.4409766E+02,  0.0000000E+00,  2.5545802E+02,2141,  9.0795398E-01,  0.0000000E+00, -4.3970320E-02,  1.0003149E+03,  1.8739834E+04,3,
  8.4453259E+02,  0.0000000E+00,  2.5519954E+02,2210,  1.0446309E+00,  0.0000000E+00,  1.5532357E-01,  1.0007537E+03,  4.4912645E+04,3,
  8.4464557E+02,  0.0000000E+00,  2.5541698E+02,2180,  1.0150776E+00,  0.0000000E+00,  1.5671538E-01,  1.0012786E+03,  7.6316688E+04,3,
  8.4576648E+02,  0.0000000E+00,  2.5509593E+02,2216,  1.1081449E+00,  0.0000000E+00,  5.6948149E-01,  9.9716345E+02, -1.6722688E+05,3,
  8.4668323E+02,  0.0000000E+00,  2.5617148E+02,2301,  1.7838458E+00,  0.0000000E+00,  1.9331533E-02,  1.0006998E+03,  4.1697863E+04,3,
  8.4744702E+02,  0.0000000E+00,  2.5506232E+02,2203,  1.0396140E+00,  0.0000000E+00, -1.9434653E-01,  1.0009464E+03,  5.6428031E+04,3,
  8.4783105E+02,  0.0000000E+00,  2.5503333E+02,2182,  9.0206563E-01,  0.0000000E+00, -4.6554312E-01,  9.9992358E+02, -4.5424976E+03,3,
  8.4815338E+02,  0.0000000E+00,  2.5499529E+02,2306,  1.2884012E+00,  0.0000000E+00,  4.5996571E-01,  1.0000171E+03,  1.0161791E+03,3,
  8.5056018E+02,  0.0000000E+00,  2.5514365E+02,2263,  1.2233775E+00,  0.0000000E+00,  5.3130364E-01,  9.9972296E+02, -1.6458461E+04,3,
  8.5136121E+02,  0.0000000E+00,  2.5503258E+02,2275,  1.0881450E+00,  0.0000000E+00,  6.5364569E-01,  9.9906488E+02, -5.5444555E+04,3,
  8.5116095E+02,  0.0000000E+00,  2.5497302E+02,2376,  1.4393705E+00,  0.0000000E+00,  5.7500952E-01,  1.0008748E+03,  5.2147875E+04,3,
  8.5188916E+02,  0.0000000E+00,  2.5505528E+02,2293,  1.1200982E+00,  0.0000000E+00,  2.6372862E-01,  1.0002292E+03,  1.3639995E+04,3,
  8.5391736E+02,  0.0000000E+00,  2.5508218E+02,2347,  1.0992471E+00,  0.0000000E+00,  4.2203301E-01,  9.9974036E+02, -1.5425853E+04,3,
  8.5423083E+02,  0.0000000E+00,  2.5510069E+02,2285,  1.2332836E+00,  0.0000000E+00,  4.3397430E-01,  1.0001621E+03,  9.6433789E+03,3,
  8.5503174E+02,  0.0000000E+00,  2.5525856E+02,2333,  1.2495698E+00,  0.0000000E+00,  8.5878894E-02,  1.0005150E+03,  3.0669064E+04,3,
  8.5647198E+02,  0.0000000E+00,  2.5502286E+02,2320,  1.2193632E+00,  0.0000000E+00,  3.3640641E-01,  9.9949652E+02, -2.9890648E+04,3,
  8.5692615E+02,  0.0000000E+00,  2.5505019E+02,2164,  1.1875948E+00,  0.0000000E+00,  4.2018113E-01,  9.9992450E+02, -4.4880869E+03,3,
  8.5713678E+02,  0.0000000E+00,  2.5504880E+02,2117,  1.1892824E+00,  0.0000000E+00,  2.0961648E-01,  9.9994128E+02, -3.4905071E+03,3,
  8.5742029E+02,  0.0000000E+00,  2.5513075E+02,2253,  1.1855522E+00,  0.0000000E+00,  3.7068704E-01,  1.0000103E+03,  6.1332416E+02,3,
  8.6465674E+02,  0.0000000E+00,  2.5513940E+02,2396,  1.2346616E+00,  0.0000000E+00,  4.2331599E-02,  1.0001273E+03,  7.5730381E+03,3,
  8.6479340E+02,  0.0000000E+00,  2.5509225E+02,2185,  1.2382128E+00,  0.0000000E+00, -6.6391505E-02,  1.0001190E+03,  7.0791260E+03,3,
  8.6491394E+02,  0.0000000E+00,  2.5510680E+02,2194,  1.2413117E+00,  0.0000000E+00,  2.8536206E-01,  1.0000524E+03,  3.1178228E+03,3,
  8.6524927E+02,  0.0000000E+00,  2.5513562E+02,2112,  1.2312560E+00,  0.0000000E+00,  1.3635460E-01,  9.9974420E+02, -1.5197577E+04,3,
  8.6527374E+02,  0.0000000E+00,  2.5509700E+02,2166,  1.2618611E+00,  0.0000000E+00,  9.8566420E-02,  9.9916357E+02, -4.9607539E+04,3,
  8.6841412E+02,  0.0000000E+00,  2.5505202E+02,2431,  1.2419641E+00,  0.0000000E+00, -1.3685480E-01,  9.9998792E+02, -7.1852087E+02,3,
  8.6914636E+02,  0.0000000E+00,  2.5565916E+02,2173,  1.1364044E+00,  0.0000000E+00, -1.1708863E-01,  1.0008464E+03,  5.0451648E+04,3,
  8.6928467E+02,  0.0000000E+00,  2.5482675E+02,2143,  1.2143981E+00,  0.0000000E+00,  7.0493207E-03,  1.0010502E+03,  6.2641719E+04,3,
  8.7017230E+02,  0.0000000E+00,  2.5507080E+02,2196,  1.2367741E+00,  0.0000000E+00, -1.3570060E-01,  9.9692572E+02, -1.8111312E+05,3,
  8.7037317E+02,  0.0000000E+00,  2.5502283E+02,2215,  1.4194473E+00,  0.0000000E+00, -6.2979478E-03,  1.0002019E+03,  1.2012088E+04,3,
  8.7198920E+02,  0.0000000E+00,  2.5525873E+02,2330,  1.1784347E+00,  0.0000000E+00, -1.2041091E-01,  1.0012520E+03,  7.4718727E+04,3,
  8.7236719E+02,  0.0000000E+00,  2.5502080E+02,2311,  1.2139301E+00,  0.0000000E+00,  5.8299646E-02,  9.9998828E+02, -6.9674829E+02,3,
  8.7445404E+02,  0.0000000E+00,  2.5504141E+02,2243,  1.2635647E+00,  0.0000000E+00, -4.4214571E-01,  1.0000848E+03,  5.0419976E+03,3,
  8.7451587E+02,  0.0000000E+00,  2.5504654E+02,2260,  1.3015292E+00,  0.0000000E+00,  1.4507332E-02,  9.9845892E+02, -9.1206711E+04,3,
  8.7516724E+02,  0.0000000E+00,  2.5508543E+02,2357,  1.2916355E+00,  0.0000000E+00, -1.6388735E-01,  1.0004056E+03,  2.4147869E+04,3,
  8.7537738E+02,  0.0000000E+00,  2.5505080E+02,2369,  1.2876656E+00,  0.0000000E+00, -4.6265196E-02,  1.0004220E+03,  2.5122865E+04,3,
  8.7756122E+02,  0.0000000E+00,  2.5494753E+02,2252,  1.2337865E+00,  0.0000000E+00,  2.8569346E-02,  1.0000474E+03,  2.8201536E+03,3,
  8.7817139E+02,  0.0000000E+00,  2.5494661E+02,2300,  1.2197398E+00,  0.0000000E+00,  2.9211375E-01,  9.9991132E+02, -5.2715703E+03,3,
  8.7959357E+02,  0.0000000E+00,  2.5507695E+02,2259,  1.3012215E+00,  0.0000000E+00, -1.6434331E-01,  9.9902527E+02, -5.7786328E+04,3,
  8.8029309E+02,  0.0000000E+00,  2.5551711E+02,2183,  1.3023921E+00,  0.0000000E+00,  1.6649345E-02,  1.0007216E+03,  4.2995312E+04,3,
  8.8056335E+02,  0.0000000E+00,  2.5501939E+02,2232,  1.2672077E+00,  0.0000000E+00,  1.1684918E-01,  1.0001841E+03,  1.0954818E+04,3,
  8.8083325E+02,  0.0000000E+00,  2.5504640E+02,2297,  1.2712040E+00,  0.0000000E+00,  8.9232922E-02,  1.0000686E+03,  4.0798635E+03,3,
  8.8092578E+02,  0.0000000E+00,  2.5503561E+02,2358,  1.2692987E+00,  0.0000000E+00,  4.7492903E-02,  1.0000394E+03,  2.3409976E+03,3,
  8.9307660E+02,  0.0000000E+00,  2.5501810E+02,2245,  1.4466497E+00,  0.0000000E+00, -6.5971911E-02,  1.0002065E+03,  1.2288232E+04,3,
  8.9309448E+02,  0.0000000E+00,  2.5502211E+02,2153,  1.4452976E+00,  0.0000000E+00, -3.3848129E-02,  1.0002181E+03,  1.2974992E+04,3,
  8.9312219E+02,  0.0000000E+00,  2.5505850E+02,2340,  1.4433719E+00,  0.0000000E+00, -1.0704377E-01,  1.0002552E+03,  1.5184574E+04,3,
  8.9329108E+02,  0.0000000E+00,  2.5519576E+02,2302,  1.4444772E+00,  0.0000000E+00, -7.5282410E-02,  1.0006755E+03,  4.0243898E+04,3,
  8.9349042E+02,  0.0000000E+00,  2.5504298E+02,2273,  1.4503449E+00,  0.0000000E+00, -6.1940130E-02,  9.9835742E+02, -9.7184367E+04,3,
  8.9722375E+02,  0.0000000E+00,  2.5511894E+02,2193,  1.4666551E+00,  0.0000000E+00,  7.2700016E-02,  1.0001790E+03,  1.0646015E+04,3,
  8.9746124E+02,  0.0000000E+00,  2.5515176E+02,2231,  1.4666435E+00,  0.0000000E+00,  7.9826154E-02,  1.0002676E+03,  1.5922422E+04,3,
  8.9767462E+02,  0.0000000E+00,  2.5520645E+02,2142,  1.4589132E+00,  0.0000000E+00,  5.9435997E-02,  1.0003958E+03,  2.3558553E+04,3,
  8.9858203E+02,  0.0000000E+00,  2.5508524E+02,2160,  1.4314280E+00,  0.0000000E+00,  3.8289245E-02,  9.9640173E+02, -2.1164983E+05,3,
  8.9874884E+02,  0.0000000E+00,  2.5481303E+02,2106,  1.4583987E+00,  0.0000000E+00,  4.0375434E-02,  1.0020097E+03,  1.2021576E+05,3,
  9.0030341E+02,  0.0000000E+00,  2.5538359E+02,2296,  1.4619733E+00,  0.0000000E+00,  4.5647115E-02,  1.0008229E+03,  4.9047461E+04,3,
  9.0123053E+02,  0.0000000E+00,  2.5506808E+02,2138,  1.4491342E+00,  0.0000000E+00, -2.5223849E-02,  9.9970312E+02, -1.7635863E+04,3,
  9.0169159E+02,  0.0000000E+00,  2.5508127E+02,2313,  1.4459807E+00,  0.0000000E+00,  1.2776326E-01,  9.9975146E+02, -1.4766376E+04,3,
  9.0316180E+02,  0.0000000E+00,  2.5508437E+02,2322,  1.4569679E+00,  0.0000000E+00,  9.9323690E-03,  1.0005948E+03,  3.5428016E+04,3,
  9.0373706E+02,  0.0000000E+00,  2.5506709E+02,2195,  1.4550825E+00,  0.0000000E+00, -3.5379756E-02,  9.9852173E+02, -8.7506141E+04,3,
  9.0401550E+02,  0.0000000E+00,  2.5510733E+02,2200,  1.4389737E+00,  0.0000000E+00, -2.9362908E-02,  1.0005740E+03,  3.4189812E+04,3,
  9.0522943E+02,  0.0000000E+00,  2.5508780E+02,2274,  1.4544019E+00,  0.0000000E+00, -6.1312359E-02,  1.0004434E+03,  2.6399965E+04,3,
  9.0647717E+02,  0.0000000E+00,  2.5508662E+02,2214,  1.4482710E+00,  0.0000000E+00, -3.5790317E-02,  1.0002850E+03,  1.6958410E+04,3,
  9.0734821E+02,  0.0000000E+00,  2.5509912E+02,2206,  1.4805226E+00,  0.0000000E+00, -9.2166565E-02,  9.9821472E+02, -1.0558215E+05,3,
  9.0800916E+02,  0.0000000E+00,  2.5561880E+02,2148,  1.4163166E+00,  0.0000000E+00, -1.2866993E-02,  1.0008130E+03,  4.8456668E+04,3,
  9.0872198E+02,  0.0000000E+00,  2.5500224E+02,2342,  1.4576222E+00,  0.0000000E+00, -6.7406124E-04,  1.0001866E+03,  1.1103774E+04,3,
  9.0887286E+02,  0.0000000E+00,  2.5500824E+02,2208,  1.4541560E+00,  0.0000000E+00, -2.2975605E-02,  1.0001224E+03,  7.2788667E+03,3,
  9.0888715E+02,  0.0000000E+00,  2.5499640E+02,2270,  1.4576807E+00,  0.0000000E+00,  9.6462602E-03,  1.0001174E+03,  6.9847041E+03,3,
  9.1721436E+02,  0.0000000E+00,  2.5503085E+02,2219,  1.6142848E+00,  0.0000000E+00, -2.9590040E-02,  9.9987982E+02, -7.1429741E+03,3,
  9.1747382E+02,  0.0000000E+00,  2.5499695E+02,2176,  1.6047482E+00,  0.0000000E+00,  8.8779787E-03,  9.9979230E+02, -1.2341879E+04,3,
  9.1748804E+02,  0.0000000E+00,  2.5500784E+02,2315,  1.6050681E+00,  0.0000000E+00,  1.7152654E-02,  9.9977759E+02, -1.3215347E+04,3,
  9.1761169E+02,  0.0000000E+00,  2.5503131E+02,2305,  1.6187607E+00,  0.0000000E+00, -9.1947906E-02,  9.9967084E+02, -1.9552016E+04,3,
  9.1827075E+02,  0.0000000E+00,  2.5553198E+02,2225,  1.6448052E+00,  0.0000000E+00, -7.8441955E-02,  1.0008671E+03,  5.1691871E+04,3,
  9.2106165E+02,  0.0000000E+00,  2.5508749E+02,2179,  1.6540765E+00,  0.0000000E+00, -1.0466421E-01,  9.9970892E+02, -1.7291715E+04,3,
  9.2133179E+02,  0.0000000E+00,  2.5507584E+02,2224,  1.5811673E+00,  0.0000000E+00, -3.3239755E-01,  9.9944989E+02, -3.2654471E+04,3,
  9.2218988E+02,  0.0000000E+00,  2.5512041E+02,2188,  1.6360883E+00,  0.0000000E+00, -2.1122979E-01,  1.0004047E+03,  2.4093303E+04,3,
  9.2234888E+02,  0.0000000E+00,  2.5509863E+02,2130,  1.6388097E+00,  0.0000000E+00, -2.5848791E-01,  1.0001890E+03,  1.1245466E+04,3,
  9.2247028E+02,  0.0000000E+00,  2.5508556E+02,2184,  1.6301808E+00,  0.0000000E+00, -2.1184152E-01,  1.0000887E+03,  5.2780073E+03,3,
  9.2568744E+02,  0.0000000E+00,  2.5509778E+02,2276,  1.6372831E+00,  0.0000000E+00, -7.2247848E-02,  9.9992218E+02, -4.6259268E+03,3,
  9.2589288E+02,  0.0000000E+00,  2.5511217E+02,2147,  1.6366768E+00,  0.0000000E+00, -6.0524900E-02,  9.9983673E+02, -9.7028877E+03,3,
  9.2609149E+02,  0.0000000E+00,  2.5509520E+02,2171,  1.6423008E+00,  0.0000000E+00, -2.1383423E-02,  9.9968219E+02, -1.8878326E+04,3,
  9.2785352E+02,  0.0000000E+00,  2.5513815E+02,2094,  1.6364218E+00,  0.0000000E+00,  1.7409550E-02,  1.0002678E+03,  1.5936962E+04,3,
  9.2811157E+02,  0.0000000E+00,  2.5508011E+02,2197,  1.6369338E+00,  0.0000000E+00,  3.3005975E-02,  1.0000945E+03,  5.6229541E+03,3,
  9.2827075E+02,  0.0000000E+00,  2.5506134E+02,2316,  1.6368361E+00,  0.0000000E+00,  5.9740502E-02,  1.0000397E+03,  2.3627769E+03,3,
  9.2833429E+02,  0.0000000E+00,  2.5505176E+02,2352,  1.6382484E+00,  0.0000000E+00, -3.4891676E-02,  1.0000239E+03,  1.4190503E+03,3,
  9.6922693E+02,  0.0000000E+00,  2.5174789E+02,2261,  7.3000770E+00,  0.0000000E+00,  3.9102862E+00,  9.9505035E+02, -2.8996166E+05,3,
  9.6761603E+02,  0.0000000E+00,  2.5185567E+02,2186,  4.1479788E+00,  0.0000000E+00,  1.2613249E+00,  1.0054151E+03,  3.2724869E+05,3,
  9.6810040E+02,  0.0000000E+00,  2.5249756E+02,2258,  6.0760388E+00,  0.0000000E+00,  1.6116219E+00,  1.0025565E+03,  1.5317612E+05,3,
  9.6910455E+02,  0.0000000E+00,  2.5172461E+02,2256,  5.2671070E+00,  0.0000000E+00,  1.1721529E+00,  1.0002847E+03,  1.6940234E+04,3,
  9.6933038E+02,  0.0000000E+00,  2.5225302E+02,2161,  5.8156281E+00,  0.0000000E+00,  9.7016847E-01,  9.9852667E+02, -8.7214789E+04,3,
  9.6914069E+02,  0.0000000E+00,  2.5264449E+02,2177,  6.8700542E+00,  0.0000000E+00,  1.4811946E+00,  9.9864191E+02, -8.0421180E+04,3,
  1.3075209E+03,  0.0000000E+00,  2.5153383E+02,2070,  4.0030060E+00,  0.0000000E+00,  6.0802456E-02,  1.0001196E+03,  7.1118105E+03,3,
  1.3075630E+03,  0.0000000E+00,  2.5177878E+02,2059,  2.7763202E+00,  0.0000000E+00, -6.1103922E-01,  1.0000591E+03,  3.5171492E+03,3,
  1.3095073E+03,  0.0000000E+00,  2.5177650E+02,2175,  3.6523907E+00,  0.0000000E+00,  3.4835566E-02,  1.0009028E+03,  5.3822500E+04,3,
  1.3086643E+03,  0.0000000E+00,  2.5196236E+02,2092,  3.9513867E+00,  0.0000000E+00, -1.7466378E-01,  1.0004111E+03,  2.4471645E+04,3,
  1.3248876E+03,  0.0000000E+00,  2.5149129E+02,2071,  1.5157930E+00,  0.0000000E+00,  3.9434117E-01,  1.0012216E+03,  7.2898016E+04,3,
  1.3261373E+03,  0.0000000E+00,  2.5169408E+02,2034,  1.2119541E+00,  0.0000000E+00,  5.7273126E-01,  1.0007869E+03,  4.6895977E+04,3,
  1.3252466E+03,  0.0000000E+00,  2.5171671E+02,2110,  1.5163373E+00,  0.0000000E+00,  5.1648396E-01,  1.0008127E+03,  4.8438434E+04,3,
 -3.9653214E+02,  0.0000000E+00,  2.6405676E+02,3811,  9.7793923E-04,  0.0000000E+00, -5.5042986E-04,  1.0006729E+03,  4.0090859E+04,3,
 -3.9384851E+02,  0.0000000E+00,  2.6400638E+02,3816,  3.5774410E-03,  0.0000000E+00, -4.1788135E-04,  1.0002476E+03,  1.4733896E+04,3,
 -3.9096619E+02,  0.0000000E+00,  2.6357196E+02,3802,  3.5438167E-03,  0.0000000E+00, -2.7824932E-04,  1.0003212E+03,  1.9117975E+04,3,
 -3.8673746E+02,  0.0000000E+00,  2.6368536E+02,3793, -1.1147133E-03,  0.0000000E+00, -2.3592969E-04,  1.0002531E+03,  1.5057364E+04,3,
 -3.8828265E+02,  0.0000000E+00,  2.6441110E+02,3803,  5.3605819E-03,  0.0000000E+00,  3.5294050E-03,  1.0008078E+03,  4.8146699E+04,3,
 -3.8387027E+02,  0.0000000E+00,  2.6392847E+02,3794,  3.8501376E-04,  0.0000000E+00, -5.3237728E-04,  1.0004074E+03,  2.4253369E+04,3,
 -3.8134027E+02,  0.0000000E+00,  2.6364059E+02,3784,  1.4727038E-03,  0.0000000E+00, -1.0290796E-04,  1.0004601E+03,  2.7397016E+04,3,
 -3.7832910E+02,  0.0000000E+00,  2.6357907E+02,3775,  1.9154554E-03,  0.0000000E+00, -2.8754652E-05,  1.0003820E+03,  2.2736479E+04,3,
 -3.7523013E+02,  0.0000000E+00,  2.6351712E+02,3766,  2.7539637E-03,  0.0000000E+00, -3.7882538E-04,  1.0003778E+03,  2.2489141E+04,3,
 -3.7234204E+02,  0.0000000E+00,  2.6400195E+02,3776,  5.1542488E-03,  0.0000000E+00, -1.0199277E-04,  1.0002617E+03,  1.5573482E+04,3,
 -3.7089001E+02,  0.0000000E+00,  2.6432828E+02,3777,  4.3347897E-03,  0.0000000E+00, -8.4554130E-04,  1.0006234E+03,  3.7136258E+04,3,
 -3.6881271E+02,  0.0000000E+00,  2.6361929E+02,3757,  6.4418218E-03,  0.0000000E+00, -1.8228777E-04,  1.0002706E+03,  1.6104167E+04,3,
 -3.6590231E+02,  0.0000000E+00,  2.6384753E+02,3767,  9.8280190E-03,  0.0000000E+00, -8.2737888E-04,  1.0002620E+03,  1.5591656E+04,3,
 -3.6324911E+02,  0.0000000E+00,  2.6359000E+02,3748,  1.5320855E-02,  0.0000000E+00, -1.6985136E-03,  1.0003392E+03,  2.0190658E+04,3,
 -3.6005341E+02,  0.0000000E+00,  2.6358521E+02,3739,  2.3049159E-02,  0.0000000E+00,  1.8186589E-04,  1.0004044E+03,  2.4075113E+04,3,
 -3.5715842E+02,  0.0000000E+00,  2.6387051E+02,3750,  1.7986162E-02,  0.0000000E+00,  9.7516523E-04,  1.0002187E+03,  1.3011330E+04,3,
 -3.5521976E+02,  0.0000000E+00,  2.6422675E+02,3740,  1.7331088E-02,  0.0000000E+00,  5.2537615E-03,  1.0005648E+03,  3.3636312E+04,3,
 -3.5299518E+02,  0.0000000E+00,  2.6356116E+02,3730,  4.8441980E-03,  0.0000000E+00,  3.1215692E-04,  1.0002377E+03,  1.4145137E+04,3,
 -3.4989099E+02,  0.0000000E+00,  2.6388702E+02,3760,  6.9851992E-03,  0.0000000E+00, -1.5459710E-03,  1.0003641E+03,  2.1674428E+04,3,
 -3.4804303E+02,  0.0000000E+00,  2.6415369E+02,3741,  7.7209785E-03,  0.0000000E+00,  3.4078906E-04,  1.0005344E+03,  3.1826732E+04,3,
 -3.4584476E+02,  0.0000000E+00,  2.6365994E+02,3721,  7.7868747E-03,  0.0000000E+00,  4.6947211E-04,  1.0003944E+03,  2.3478525E+04,3,
 -3.4326996E+02,  0.0000000E+00,  2.6387933E+02,3731,  4.8418362E-03,  0.0000000E+00,  1.1409153E-03,  1.0004218E+03,  2.5108312E+04,3,
 -3.4052689E+02,  0.0000000E+00,  2.6354169E+02,3712,  1.5835388E-03,  0.0000000E+00, -4.2493117E-05,  1.0004368E+03,  2.6003355E+04,3,
 -3.3715839E+02,  0.0000000E+00,  2.6357471E+02,3703,  9.6840737E-04,  0.0000000E+00, -2.8938914E-05,  1.0002930E+03,  1.7434637E+04,3,
 -3.3420615E+02,  0.0000000E+00,  2.6359418E+02,3694,  8.9983037E-04,  0.0000000E+00,  1.5918138E-04,  1.0003508E+03,  2.0881604E+04,3,
 -3.3072400E+02,  0.0000000E+00,  2.6348108E+02,3685, -7.1922789E-04,  0.0000000E+00, -8.1683771E-05,  1.0003945E+03,  2.3482162E+04,3,
 -3.2751999E+02,  0.0000000E+00,  2.6378906E+02,3713,  1.1875561E-03,  0.0000000E+00, -2.0403287E-04,  1.0001755E+03,  1.0442573E+04,3,
 -3.2469717E+02,  0.0000000E+00,  2.6378952E+02,3704,  1.8642682E-03,  0.0000000E+00, -1.0853687E-04,  1.0002538E+03,  1.5100979E+04,3,
 -3.2167151E+02,  0.0000000E+00,  2.6358334E+02,3676,  4.8920801E-03,  0.0000000E+00, -6.1439810E-04,  1.0003677E+03,  2.1885375E+04,3,
 -3.1856226E+02,  0.0000000E+00,  2.6357806E+02,3667,  4.1714013E-03,  0.0000000E+00,  3.3763697E-04,  1.0002667E+03,  1.5871534E+04,3,
 -3.1529788E+02,  0.0000000E+00,  2.6354166E+02,3658,  3.9162547E-03,  0.0000000E+00, -7.4642077E-05,  1.0002548E+03,  1.5162767E+04,3,
 -3.1232101E+02,  0.0000000E+00,  2.6390012E+02,3677,  5.1441323E-03,  0.0000000E+00, -5.5371725E-04,  1.0003333E+03,  1.9834297E+04,3,
 -3.0976529E+02,  0.0000000E+00,  2.6369879E+02,3649,  7.9280138E-03,  0.0000000E+00, -3.8220792E-04,  1.0003787E+03,  2.2540062E+04,3,
 -3.0685498E+02,  0.0000000E+00,  2.6358456E+02,3640,  7.4149636E-03,  0.0000000E+00,  3.5084633E-04,  1.0003135E+03,  1.8659846E+04,3,
 -3.0353052E+02,  0.0000000E+00,  2.6355731E+02,3631,  1.1415899E-02,  0.0000000E+00, -1.3146754E-03,  1.0003297E+03,  1.9619758E+04,3,
 -3.0042410E+02,  0.0000000E+00,  2.6355179E+02,3622,  1.3755479E-02,  0.0000000E+00,  3.3072013E-04,  1.0003557E+03,  2.1168904E+04,3,
 -2.9722040E+02,  0.0000000E+00,  2.6361533E+02,3613,  1.3473850E-02,  0.0000000E+00, -1.7078109E-03,  1.0001415E+03,  8.4192832E+03,3,
 -2.9559372E+02,  0.0000000E+00,  2.6439853E+02,3660,  6.4543509E-03,  0.0000000E+00,  1.3109962E-02,  1.0007299E+03,  4.3494660E+04,3,
 -2.9295789E+02,  0.0000000E+00,  2.6347482E+02,3604, -3.9104354E-03,  0.0000000E+00,  1.7262892E-04,  1.0001426E+03,  8.4810293E+03,3,
 -2.8965573E+02,  0.0000000E+00,  2.6380630E+02,3642, -2.3399743E-03,  0.0000000E+00, -2.4383252E-03,  1.0002714E+03,  1.6151421E+04,3,
 -2.8761115E+02,  0.0000000E+00,  2.6408707E+02,3632,  7.2867810E-03,  0.0000000E+00,  4.8501784E-04,  1.0004453E+03,  2.6509125E+04,3,
 -2.8513489E+02,  0.0000000E+00,  2.6360751E+02,3595, -4.4076104E-04,  0.0000000E+00,  7.9813891E-04,  1.0002932E+03,  1.7449178E+04,3,
 -2.8210910E+02,  0.0000000E+00,  2.6358749E+02,3586, -1.0022075E-03,  0.0000000E+00,  4.0093360E-05,  1.0003384E+03,  2.0139750E+04,3,
 -2.7877094E+02,  0.0000000E+00,  2.6349960E+02,3577, -1.3735375E-03,  0.0000000E+00, -3.4458801E-05,  1.0003137E+03,  1.8670752E+04,3,
 -2.7529358E+02,  0.0000000E+00,  2.6351645E+02,3568,  1.4365969E-03,  0.0000000E+00, -1.0466042E-04,  1.0001645E+03,  9.7850498E+03,3,
 -2.7228009E+02,  0.0000000E+00,  2.6384738E+02,3624, -3.9680299E-04,  0.0000000E+00, -7.2221452E-04,  1.0003036E+03,  1.8067219E+04,3,
 -2.7005322E+02,  0.0000000E+00,  2.6411450E+02,3634,  8.7786010E-03,  0.0000000E+00, -1.8865095E-03,  1.0003827E+03,  2.2780127E+04,3,
 -2.6805856E+02,  0.0000000E+00,  2.6384311E+02,3596,  4.9684905E-03,  0.0000000E+00,  6.4753322E-04,  1.0002778E+03,  1.6533096E+04,3,
 -2.6481067E+02,  0.0000000E+00,  2.6358136E+02,3559,  5.1312856E-03,  0.0000000E+00, -5.3162809E-04,  1.0003246E+03,  1.9317957E+04,3,
 -2.6209937E+02,  0.0000000E+00,  2.6375177E+02,3550,  7.3067397E-03,  0.0000000E+00,  1.4040485E-04,  1.0003501E+03,  2.0837963E+04,3,
 -2.5974918E+02,  0.0000000E+00,  2.6391467E+02,3606,  2.9822367E-03,  0.0000000E+00,  1.5163653E-03,  1.0003434E+03,  2.0441574E+04,3,
 -2.5675662E+02,  0.0000000E+00,  2.6346713E+02,3541,  5.1578024E-04,  0.0000000E+00,  2.8542464E-04,  1.0002286E+03,  1.3600021E+04,3,
 -2.5325485E+02,  0.0000000E+00,  2.6354309E+02,3532,  3.5900660E-04,  0.0000000E+00, -4.9428240E-04,  1.0001487E+03,  8.8442490E+03,3,
 -2.5116776E+02,  0.0000000E+00,  2.6432996E+02,3569,  9.9304141E-03,  0.0000000E+00, -3.7091777E-03,  1.0005814E+03,  3.4626809E+04,3,
 -2.4895540E+02,  0.0000000E+00,  2.6358340E+02,3523,  5.8374419E-03,  0.0000000E+00,  6.2684773E-04,  1.0002107E+03,  1.2535315E+04,3,
 -2.4588206E+02,  0.0000000E+00,  2.6379019E+02,3578,  6.5148934E-03,  0.0000000E+00,  2.6956528E-05,  1.0001909E+03,  1.1354460E+04,3,
 -2.4315421E+02,  0.0000000E+00,  2.6374661E+02,3560,  4.6272860E-03,  0.0000000E+00,  2.7086522E-04,  1.0002722E+03,  1.6195040E+04,3,
 -2.4027097E+02,  0.0000000E+00,  2.6386792E+02,3551,  6.1264955E-03,  0.0000000E+00, -1.1690073E-03,  1.0002849E+03,  1.6954775E+04,3,
 -2.3777898E+02,  0.0000000E+00,  2.6365500E+02,3514,  1.2819939E-02,  0.0000000E+00, -5.9137761E-04,  1.0002926E+03,  1.7412824E+04,3,
 -2.3463748E+02,  0.0000000E+00,  2.6351929E+02,3505,  7.5336955E-03,  0.0000000E+00, -2.5054185E-05,  1.0002217E+03,  1.3189388E+04,3,
 -2.3096321E+02,  0.0000000E+00,  2.6347827E+02,3496,  2.8118689E-02,  0.0000000E+00, -1.8012588E-03,  1.0000113E+03,  6.7139233E+02,3,
 -2.2838753E+02,  0.0000000E+00,  2.6475421E+02,3570,  4.1348152E-02,  0.0000000E+00,  1.0645218E-01,  1.0006466E+03,  3.8520547E+04,3,
 -2.2699393E+02,  0.0000000E+00,  2.6355045E+02,3487, -4.9536355E-02,  0.0000000E+00, -7.2056297E-03,  9.9992877E+02, -4.2341670E+03,3,
 -2.2327704E+02,  0.0000000E+00,  2.6351660E+02,3478, -1.3360512E-02,  0.0000000E+00, -3.1803519E-04,  1.0002492E+03,  1.4828391E+04,3,
 -2.2031001E+02,  0.0000000E+00,  2.6397119E+02,3533,  5.7687405E-03,  0.0000000E+00, -6.7679686E-03,  1.0002269E+03,  1.3498270E+04,3,
 -2.1858655E+02,  0.0000000E+00,  2.6420163E+02,3543,  8.9938566E-03,  0.0000000E+00, -8.8301062E-04,  1.0004147E+03,  2.4689926E+04,3,
 -2.1633392E+02,  0.0000000E+00,  2.6360626E+02,3469,  9.5111271E-03,  0.0000000E+00,  1.4498000E-03,  1.0002097E+03,  1.2477178E+04,3,
 -2.1289301E+02,  0.0000000E+00,  2.6345953E+02,3460,  4.4153379E-03,  0.0000000E+00,  5.5133685E-04,  1.0001606E+03,  9.5525654E+03,3,
 -2.0929340E+02,  0.0000000E+00,  2.6350989E+02,3451,  1.1683989E-02,  0.0000000E+00, -2.0556340E-03,  1.0000835E+03,  4.9657500E+03,3,
 -2.0608904E+02,  0.0000000E+00,  2.6368658E+02,3442,  2.3505069E-02,  0.0000000E+00, -3.4917708E-04,  1.0003256E+03,  1.9376135E+04,3,
 -2.0385892E+02,  0.0000000E+00,  2.6389502E+02,3506,  7.0332494E-03,  0.0000000E+00,  3.9376426E-03,  1.0002535E+03,  1.5082806E+04,3,
 -2.0068509E+02,  0.0000000E+00,  2.6351065E+02,3433, -1.9928929E-04,  0.0000000E+00, -2.1743584E-04,  1.0003381E+03,  2.0121568E+04,3,
 -1.9719638E+02,  0.0000000E+00,  2.6352707E+02,3424,  1.6388713E-03,  0.0000000E+00,  1.0954418E-06,  1.0001278E+03,  7.6020923E+03,3,
 -1.9435689E+02,  0.0000000E+00,  2.6399326E+02,3497,  8.3347596E-03,  0.0000000E+00, -3.9606220E-03,  1.0002991E+03,  1.7801820E+04,3,
 -1.9234424E+02,  0.0000000E+00,  2.6386029E+02,3498,  9.5197912E-03,  0.0000000E+00, -6.4908338E-05,  1.0002031E+03,  1.2081124E+04,3,
 -1.8886102E+02,  0.0000000E+00,  2.6350739E+02,3415,  1.3145689E-02,  0.0000000E+00, -1.4757243E-03,  1.0001583E+03,  9.4181631E+03,3,
 -1.8550261E+02,  0.0000000E+00,  2.6355066E+02,3406,  3.8401611E-02,  0.0000000E+00, -5.8774585E-03,  1.0001763E+03,  1.0486168E+04,3,
 -1.8238602E+02,  0.0000000E+00,  2.6382361E+02,3508,  7.9451673E-02,  0.0000000E+00,  3.8839338E-04,  1.0002134E+03,  1.2698829E+04,3,
 -1.7929941E+02,  0.0000000E+00,  2.6362183E+02,3397,  1.0049260E-01,  0.0000000E+00, -3.7160940E-03,  1.0001131E+03,  6.7268652E+03,3,
 -1.7727794E+02,  0.0000000E+00,  2.6469479E+02,3461,  5.3198893E-02,  0.0000000E+00,  1.2441571E-01,  1.0006257E+03,  3.7271035E+04,3,
 -1.7529507E+02,  0.0000000E+00,  2.6365826E+02,3388, -4.5585729E-02,  0.0000000E+00,  9.6940965E-04,  1.0001247E+03,  7.4168721E+03,3,
 -1.7245213E+02,  0.0000000E+00,  2.6357147E+02,3379, -3.3732515E-02,  0.0000000E+00, -5.2935695E-03,  1.0002802E+03,  1.6674865E+04,3,
 -1.6899170E+02,  0.0000000E+00,  2.6350354E+02,3370, -3.0755238E-03,  0.0000000E+00, -2.5196022E-03,  1.0001979E+03,  1.1772285E+04,3,
 -1.6544080E+02,  0.0000000E+00,  2.6370609E+02,3489,  1.1276770E-02,  0.0000000E+00, -2.4647163E-03,  1.0000442E+03,  2.6277625E+03,3,
 -1.6240514E+02,  0.0000000E+00,  2.6379889E+02,3480,  2.2889093E-02,  0.0000000E+00, -8.2297309E-04,  1.0001392E+03,  8.2776318E+03,3,
 -1.5914275E+02,  0.0000000E+00,  2.6352435E+02,3361,  2.4846798E-02,  0.0000000E+00, -6.7271455E-04,  1.0001073E+03,  6.3818799E+03,3,
 -1.5552998E+02,  0.0000000E+00,  2.6367285E+02,3352,  4.7590706E-02,  0.0000000E+00, -3.6465358E-03,  1.0003452E+03,  2.0547035E+04,3,
 -1.5276855E+02,  0.0000000E+00,  2.6392905E+02,3407,  3.7793443E-02,  0.0000000E+00,  1.3137386E-03,  1.0003290E+03,  1.9583396E+04,3,
 -1.5012444E+02,  0.0000000E+00,  2.6361737E+02,3343,  3.7879836E-02,  0.0000000E+00,  1.2548084E-03,  1.0003093E+03,  1.8408975E+04,3,
 -1.4703799E+02,  0.0000000E+00,  2.6352811E+02,3334,  2.6344763E-02,  0.0000000E+00, -2.6323558E-03,  1.0002375E+03,  1.4134234E+04,3,
 -1.4365279E+02,  0.0000000E+00,  2.6372467E+02,3325,  6.6615134E-02,  0.0000000E+00, -1.0239650E-02,  1.0003495E+03,  2.0801596E+04,3,
 -1.4205679E+02,  0.0000000E+00,  2.6419116E+02,3389, -1.8364990E-02,  0.0000000E+00,  4.1537441E-02,  1.0005220E+03,  3.1084062E+04,3,
 -1.3901944E+02,  0.0000000E+00,  2.6350845E+02,3316, -2.3776410E-02,  0.0000000E+00, -1.8196005E-03,  1.0003924E+03,  2.3358484E+04,3,
 -1.3571846E+02,  0.0000000E+00,  2.6380197E+02,3307,  2.1095375E-02,  0.0000000E+00, -1.8706344E-02,  1.0002748E+03,  1.6354979E+04,3,
 -1.3384850E+02,  0.0000000E+00,  2.6391516E+02,3298,  6.3284211E-02,  0.0000000E+00,  7.6050912E-03,  1.0004307E+03,  2.5639506E+04,3,
 -1.3078545E+02,  0.0000000E+00,  2.6347861E+02,3289,  1.7993255E-03,  0.0000000E+00,  9.2734443E-03,  1.0001302E+03,  7.7437339E+03,3,
 -1.2696519E+02,  0.0000000E+00,  2.6347571E+02,3280, -1.6454728E-02,  0.0000000E+00, -2.8026926E-03,  1.0003550E+03,  2.1128898E+04,3,
 -1.2370343E+02,  0.0000000E+00,  2.6404834E+02,3399,  3.7013531E-02,  0.0000000E+00, -1.6707594E-02,  1.0002984E+03,  1.7758193E+04,3,
 -1.2228107E+02,  0.0000000E+00,  2.6392001E+02,3371,  2.9260604E-02,  0.0000000E+00,  9.8851882E-03,  1.0002223E+03,  1.3225726E+04,3,
 -1.1891605E+02,  0.0000000E+00,  2.6349323E+02,3271,  3.7839953E-03,  0.0000000E+00,  4.5538795E-06,  1.0002146E+03,  1.2767869E+04,3,
 -1.1507203E+02,  0.0000000E+00,  2.6349521E+02,3262,  1.2052333E-04,  0.0000000E+00,  1.9192349E-03,  9.9995959E+02, -2.4021233E+03,3,
 -1.1148650E+02,  0.0000000E+00,  2.6378214E+02,3436, -2.4848612E-02,  0.0000000E+00,  5.1197535E-03,  1.0000897E+03,  5.3324717E+03,3,
 -1.0845725E+02,  0.0000000E+00,  2.6407196E+02,3391, -3.6512308E-02,  0.0000000E+00, -2.2616226E-02,  1.0002808E+03,  1.6711217E+04,3,
 -1.0615472E+02,  0.0000000E+00,  2.6382187E+02,3253,  7.1076922E-02,  0.0000000E+00, -4.3895887E-03,  1.0002705E+03,  1.6096896E+04,3,
 -1.0299437E+02,  0.0000000E+00,  2.6365640E+02,3244,  3.2429863E-02,  0.0000000E+00,  8.1665432E-03,  1.0003549E+03,  2.1125262E+04,3,
 -9.9078896E+01,  0.0000000E+00,  2.6383240E+02,3443,  8.4051192E-03,  0.0000000E+00, -5.9048915E-03,  9.9992340E+02, -4.5533799E+03,3,
 -9.4943581E+01,  0.0000000E+00,  2.6359814E+02,3235,  3.0963523E-03,  0.0000000E+00, -3.6458601E-04,  9.9997198E+02, -1.6655824E+03,3,
 -9.1344986E+01,  0.0000000E+00,  2.6404596E+02,3335,  7.4633630E-03,  0.0000000E+00,  3.1689727E-03,  9.9980200E+02, -1.1765566E+04,3,
 -8.7029037E+01,  0.0000000E+00,  2.6356107E+02,3226,  7.8564771E-03,  0.0000000E+00, -3.5695003E-03,  1.0002386E+03,  1.4199650E+04,3,
 -8.4502815E+01,  0.0000000E+00,  2.6434634E+02,3481,  6.4629987E-02,  0.0000000E+00, -8.9284964E-03,  1.0002775E+03,  1.6514922E+04,3,
 -8.0676834E+01,  0.0000000E+00,  2.6370261E+02,3208,  3.4752626E-02,  0.0000000E+00, -9.4917911E-04,  1.0002191E+03,  1.3033133E+04,3,
 -7.8017189E+01,  0.0000000E+00,  2.6404041E+02,3199,  4.9584094E-02,  0.0000000E+00,  1.7454899E-03,  1.0003676E+03,  2.1881738E+04,3,
 -7.3088882E+01,  0.0000000E+00,  2.6436798E+02,3290,  3.3387527E-02,  0.0000000E+00,  6.4939784E-04,  1.0002465E+03,  1.4668477E+04,3,
 -7.5193130E+01,  0.0000000E+00,  2.6438046E+02,3472,  3.6351979E-02,  0.0000000E+00,  1.7152884E-03,  1.0002316E+03,  1.3781724E+04,3,
 -7.1143135E+01,  0.0000000E+00,  2.6453787E+02,3427,  3.7917458E-02,  0.0000000E+00, -3.5390800E-03,  1.0002833E+03,  1.6856623E+04,3,
 -6.8725128E+01,  0.0000000E+00,  2.6396976E+02,3308,  2.8192876E-02,  0.0000000E+00, -9.9763507E-04,  1.0002250E+03,  1.3385617E+04,3,
 -6.4863472E+01,  0.0000000E+00,  2.6397238E+02,3190,  2.1331206E-02,  0.0000000E+00,  1.9537096E-03,  1.0002219E+03,  1.3200289E+04,3,
 -6.1986774E+01,  0.0000000E+00,  2.6436987E+02,3181,  3.2442901E-02,  0.0000000E+00, -8.8267802E-04,  1.0003992E+03,  2.3762264E+04,3,
 -5.8567360E+01,  0.0000000E+00,  2.6445227E+02,3317,  3.2627214E-02,  0.0000000E+00,  1.4532894E-04,  1.0005646E+03,  3.3625391E+04,3,
 -5.6398060E+01,  0.0000000E+00,  2.6458548E+02,3336,  2.3367515E-02,  0.0000000E+00, -3.4716632E-04,  1.0001163E+03,  6.9193359E+03,3,
 -5.4946049E+01,  0.0000000E+00,  2.6495966E+02,3299,  2.4576979E-02,  0.0000000E+00,  8.5701086E-03,  1.0002885E+03,  1.7165621E+04,3,
 -4.9721703E+01,  0.0000000E+00,  2.6484390E+02,3456,  9.6801752E-03,  0.0000000E+00, -3.1436756E-03,  1.0002529E+03,  1.5050095E+04,3,
 -4.3028828E+01,  0.0000000E+00,  2.6487021E+02,3163,  1.3558567E-02,  0.0000000E+00, -5.9988280E-03,  1.0001418E+03,  8.4374434E+03,3,
 -3.5500385E+01,  0.0000000E+00,  2.6496536E+02,3466,  1.6518798E-02,  0.0000000E+00,  3.5146347E-03,  1.0002272E+03,  1.3520073E+04,3,
  2.0999239E+02,  0.0000000E+00,  2.5828757E+02,3404, -4.7815423E-02,  0.0000000E+00,  6.0192651E-01,  1.0005775E+03,  3.4393742E+04,3,
 -3.9729684E+02,  0.0000000E+00,  2.6571921E+02,3820,  3.3648168E-05,  0.0000000E+00, -5.7336164E-04,  9.9998401E+02, -9.5075891E+02,3,
 -3.9654620E+02,  0.0000000E+00,  2.6577261E+02,3815,  2.1303397E-04,  0.0000000E+00, -6.4988824E-04,  1.0000717E+03,  4.2650220E+03,3,
 -3.9712100E+02,  0.0000000E+00,  2.6698309E+02,3828, -7.8586873E-04,  0.0000000E+00, -6.8657886E-04,  1.0003755E+03,  2.2354562E+04,3,
 -3.9475571E+02,  0.0000000E+00,  2.6590604E+02,3821, -6.1798457E-04,  0.0000000E+00, -9.1787899E-04,  1.0002412E+03,  1.4352289E+04,3,
 -3.9371078E+02,  0.0000000E+00,  2.6597424E+02,3822, -7.8574725E-04,  0.0000000E+00, -7.4278231E-04,  1.0002586E+03,  1.5388112E+04,3,
 -3.9260980E+02,  0.0000000E+00,  2.6602133E+02,3823, -1.2247951E-04,  0.0000000E+00, -2.6565552E-04,  1.0002339E+03,  1.3919819E+04,3,
 -3.9161923E+02,  0.0000000E+00,  2.6602991E+02,3824,  1.1430248E-03,  0.0000000E+00,  3.2260021E-05,  1.0001927E+03,  1.1463456E+04,3,
 -3.9049472E+02,  0.0000000E+00,  2.6593161E+02,3825,  4.3950218E-04,  0.0000000E+00, -4.3693261E-04,  1.0001408E+03,  8.3756982E+03,3,
 -3.8976126E+02,  0.0000000E+00,  2.6595438E+02,3827, -4.3472331E-03,  0.0000000E+00, -4.8435535E-04,  1.0001242E+03,  7.3878179E+03,3,
 -3.8815985E+02,  0.0000000E+00,  2.6635446E+02,3826,  2.1305254E-03,  0.0000000E+00, -3.3879047E-03,  1.0001749E+03,  1.0402612E+04,3,
 -3.8648062E+02,  0.0000000E+00,  2.6648819E+02,3818,  5.6512910E-03,  0.0000000E+00, -1.7464624E-03,  1.0002283E+03,  1.3581852E+04,3,
 -3.8527304E+02,  0.0000000E+00,  2.6564874E+02,3812,  5.7289628E-03,  0.0000000E+00,  4.2701323E-04,  1.0001361E+03,  8.0960308E+03,3,
 -3.8443787E+02,  0.0000000E+00,  2.6577469E+02,3813,  2.9810811E-03,  0.0000000E+00,  7.9841702E-05,  1.0001934E+03,  1.1507056E+04,3,
 -3.7784937E+02,  0.0000000E+00,  2.6569806E+02,3788,  6.3407579E-03,  0.0000000E+00, -8.2404714E-04,  1.0002097E+03,  1.2477178E+04,3,
 -3.8235059E+02,  0.0000000E+00,  2.6554868E+02,3805,  4.2497776E-03,  0.0000000E+00, -9.2646730E-04,  1.0001359E+03,  8.0851348E+03,3,
 -3.7998764E+02,  0.0000000E+00,  2.6565625E+02,3785,  3.6599331E-03,  0.0000000E+00, -5.1566830E-04,  1.0001653E+03,  9.8359062E+03,3,
 -3.8327979E+02,  0.0000000E+00,  2.6673099E+02,3814,  5.0316947E-03,  0.0000000E+00, -6.0153269E-04,  1.0002953E+03,  1.7576418E+04,3,
 -3.8076752E+02,  0.0000000E+00,  2.6667911E+02,3806,  5.8353064E-03,  0.0000000E+00, -3.0080759E-04,  1.0002853E+03,  1.6976586E+04,3,
 -3.7896927E+02,  0.0000000E+00,  2.6573672E+02,3804,  3.3770029E-03,  0.0000000E+00, -6.9734833E-04,  1.0001823E+03,  1.0845828E+04,3,
 -3.7667917E+02,  0.0000000E+00,  2.6682397E+02,3819,  9.8982768E-04,  0.0000000E+00, -6.1554811E-04,  1.0002950E+03,  1.7554605E+04,3,
 -3.7588687E+02,  0.0000000E+00,  2.6579135E+02,3795,  8.2421480E-03,  0.0000000E+00, -1.1449167E-04,  1.0002247E+03,  1.3367448E+04,3,
 -3.7463339E+02,  0.0000000E+00,  2.6558905E+02,3798,  3.4887844E-03,  0.0000000E+00,  1.0808707E-05,  1.0001165E+03,  6.9265991E+03,3,
 -3.7271307E+02,  0.0000000E+00,  2.6659332E+02,3807,  6.4396537E-03,  0.0000000E+00, -1.6083920E-03,  1.0002626E+03,  1.5628003E+04,3,
 -3.7100696E+02,  0.0000000E+00,  2.6628909E+02,3796,  5.7827132E-03,  0.0000000E+00, -1.2219819E-03,  1.0002285E+03,  1.3596388E+04,3,
 -3.7376160E+02,  0.0000000E+00,  2.6578064E+02,3787,  2.7001293E-03,  0.0000000E+00, -8.4250182E-04,  1.0001948E+03,  1.1586987E+04,3,
 -3.6938190E+02,  0.0000000E+00,  2.6622092E+02,3817,  5.3224787E-03,  0.0000000E+00, -1.6999358E-03,  1.0002238E+03,  1.3312939E+04,3,
 -3.6717267E+02,  0.0000000E+00,  2.6549576E+02,3799,  9.2926314E-03,  0.0000000E+00, -2.3019055E-03,  1.0001995E+03,  1.1866752E+04,3,
 -3.6807788E+02,  0.0000000E+00,  2.6630396E+02,3810,  3.3391530E-03,  0.0000000E+00, -2.7528922E-03,  1.0002338E+03,  1.3908917E+04,3,
 -3.6503320E+02,  0.0000000E+00,  2.6607828E+02,3797,  6.0340990E-03,  0.0000000E+00, -1.3271365E-03,  1.0002707E+03,  1.6107802E+04,3,
 -3.6620255E+02,  0.0000000E+00,  2.6576791E+02,3786,  5.2384436E-03,  0.0000000E+00, -1.8700967E-03,  1.0002336E+03,  1.3901648E+04,3,
 -3.6374442E+02,  0.0000000E+00,  2.6635129E+02,3808,  6.2400345E-03,  0.0000000E+00, -1.7027155E-03,  1.0002851E+03,  1.6965680E+04,3,
 -3.6157016E+02,  0.0000000E+00,  2.6664764E+02,3809,  1.0646582E-02,  0.0000000E+00, -2.1480073E-03,  1.0002992E+03,  1.7805455E+04,3,
 -3.6255435E+02,  0.0000000E+00,  2.6538760E+02,3779,  2.6963090E-03,  0.0000000E+00, -1.9737789E-03,  1.0001783E+03,  1.0609686E+04,3,
 -3.6101321E+02,  0.0000000E+00,  2.6538574E+02,3778,  1.6396214E-03,  0.0000000E+00, -4.4183391E-03,  1.0001429E+03,  8.5028223E+03,3,
 -3.5930505E+02,  0.0000000E+00,  2.6660840E+02,3800,  4.1062525E-03,  0.0000000E+00, -4.9418228E-04,  1.0002789E+03,  1.6598527E+04,3,
 -3.5866800E+02,  0.0000000E+00,  2.6564813E+02,3758,  9.4537791E-03,  0.0000000E+00,  5.4876722E-04,  1.0002341E+03,  1.3930722E+04,3,
 -3.5736716E+02,  0.0000000E+00,  2.6560220E+02,3768,  2.7621838E-03,  0.0000000E+00,  7.1178697E-04,  1.0001981E+03,  1.1786818E+04,3,
 -3.5634821E+02,  0.0000000E+00,  2.6635837E+02,3801,  3.9244466E-03,  0.0000000E+00, -9.8246930E-04,  1.0002405E+03,  1.4308678E+04,3,
 -3.5469363E+02,  0.0000000E+00,  2.6636356E+02,3790,  6.1981175E-03,  0.0000000E+00, -2.9246663E-03,  1.0002520E+03,  1.4995577E+04,3,
 -3.5303790E+02,  0.0000000E+00,  2.6553625E+02,3749,  2.5509123E-02,  0.0000000E+00,  3.2037999E-03,  1.0002014E+03,  1.1979388E+04,3,
 -3.5252521E+02,  0.0000000E+00,  2.6670538E+02,3789,  2.1013159E-04,  0.0000000E+00, -1.3501846E-03,  1.0002775E+03,  1.6514922E+04,3,
 -3.5127393E+02,  0.0000000E+00,  2.6580594E+02,3759,  1.8533314E-02,  0.0000000E+00,  1.4164133E-03,  1.0002128E+03,  1.2662492E+04,3,
 -3.5045969E+02,  0.0000000E+00,  2.6555704E+02,3769,  1.2257595E-02,  0.0000000E+00,  2.8562152E-03,  1.0001257E+03,  7.4786118E+03,3,
 -3.4906958E+02,  0.0000000E+00,  2.6658282E+02,3792,  1.2388259E-02,  0.0000000E+00,  4.9600372E-04,  1.0002522E+03,  1.5006480E+04,3,
 -3.4764130E+02,  0.0000000E+00,  2.6613464E+02,3781,  1.3804176E-02,  0.0000000E+00, -2.3425347E-04,  1.0002028E+03,  1.2066590E+04,3,
 -3.4628094E+02,  0.0000000E+00,  2.6613339E+02,3791,  1.3606819E-02,  0.0000000E+00,  4.0067662E-05,  1.0002057E+03,  1.2237363E+04,3,
 -3.4506964E+02,  0.0000000E+00,  2.6633652E+02,3782,  1.3406923E-02,  0.0000000E+00,  4.5473117E-04,  1.0002286E+03,  1.3603655E+04,3,
 -3.4400983E+02,  0.0000000E+00,  2.6572134E+02,3761,  1.1940041E-02,  0.0000000E+00, -1.3782506E-04,  1.0001552E+03,  9.2292764E+03,3,
 -3.4286014E+02,  0.0000000E+00,  2.6579706E+02,3742,  1.6496260E-02,  0.0000000E+00, -7.4429577E-04,  1.0002048E+03,  1.2186494E+04,3,
 -3.4183865E+02,  0.0000000E+00,  2.6662848E+02,3780,  6.0172146E-03,  0.0000000E+00,  2.2930288E-04,  1.0002874E+03,  1.7100186E+04,3,
 -3.3782681E+02,  0.0000000E+00,  2.6569733E+02,3722,  1.5637478E-02,  0.0000000E+00, -4.3646793E-04,  1.0002570E+03,  1.5293612E+04,3,
 -3.4081177E+02,  0.0000000E+00,  2.6547308E+02,3752,  2.5391195E-02,  0.0000000E+00,  1.0267643E-03,  1.0000748E+03,  4.4465527E+03,3,
 -3.3959265E+02,  0.0000000E+00,  2.6670038E+02,3783,  9.0953289E-03,  0.0000000E+00,  1.6482634E-03,  1.0003007E+03,  1.7896344E+04,3,
 -3.3879932E+02,  0.0000000E+00,  2.6538974E+02,3753,  9.8321205E-03,  0.0000000E+00,  2.9718585E-03,  1.0001474E+03,  8.7679717E+03,3,
 -3.3663449E+02,  0.0000000E+00,  2.6643417E+02,3770,  1.1518648E-02,  0.0000000E+00, -5.4920488E-04,  1.0002804E+03,  1.6685771E+04,3,
 -3.3565146E+02,  0.0000000E+00,  2.6542935E+02,3723,  1.6376520E-02,  0.0000000E+00, -6.2284851E-04,  1.0002164E+03,  1.2876881E+04,3,
 -3.3439011E+02,  0.0000000E+00,  2.6657135E+02,3772,  1.4306578E-02,  0.0000000E+00,  9.1315754E-04,  1.0002896E+03,  1.7231057E+04,3,
 -3.3332645E+02,  0.0000000E+00,  2.6564636E+02,3743,  1.5334635E-02,  0.0000000E+00,  2.7481760E-03,  1.0002505E+03,  1.4908350E+04,3,
 -3.3232928E+02,  0.0000000E+00,  2.6533737E+02,3754,  4.5004222E-03,  0.0000000E+00, -5.0317647E-04,  1.0001085E+03,  6.4545073E+03,3,
 -3.3158444E+02,  0.0000000E+00,  2.6662018E+02,3771,  1.5944578E-02,  0.0000000E+00,  1.0553622E-04,  1.0002902E+03,  1.7267410E+04,3,
 -3.3058743E+02,  0.0000000E+00,  2.6540454E+02,3744,  1.7469592E-02,  0.0000000E+00, -1.3202045E-03,  1.0000946E+03,  5.6265854E+03,3,
 -3.2926669E+02,  0.0000000E+00,  2.6661838E+02,3774,  1.0419338E-02,  0.0000000E+00,  6.7349471E-04,  1.0002896E+03,  1.7231057E+04,3,
 -3.2856607E+02,  0.0000000E+00,  2.6561902E+02,3751,  1.2522305E-02,  0.0000000E+00,  1.2505180E-03,  1.0002909E+03,  1.7311033E+04,3,
 -3.2723795E+02,  0.0000000E+00,  2.6534134E+02,3762,  9.9809822E-03,  0.0000000E+00, -1.1751270E-03,  1.0002565E+03,  1.5260900E+04,3,
 -3.2616632E+02,  0.0000000E+00,  2.6659033E+02,3773,  1.6506793E-02,  0.0000000E+00, -1.0968285E-03,  1.0002688E+03,  1.5995119E+04,3,
 -3.2530145E+02,  0.0000000E+00,  2.6552075E+02,3733,  1.3070446E-02,  0.0000000E+00, -1.1042593E-03,  1.0002384E+03,  1.4185113E+04,3,
 -3.2365894E+02,  0.0000000E+00,  2.6549951E+02,3724,  1.2769175E-02,  0.0000000E+00, -1.2186443E-03,  1.0002306E+03,  1.3719944E+04,3,
 -3.2322037E+02,  0.0000000E+00,  2.6658255E+02,3763,  1.1830637E-02,  0.0000000E+00, -4.1671033E-04,  1.0002699E+03,  1.6060548E+04,3,
 -3.1663150E+02,  0.0000000E+00,  2.6544440E+02,3696,  1.3794870E-02,  0.0000000E+00,  3.0861885E-04,  1.0002463E+03,  1.4657573E+04,3,
 -3.2195969E+02,  0.0000000E+00,  2.6552451E+02,3705,  1.3469644E-02,  0.0000000E+00,  9.8823111E-05,  1.0001832E+03,  1.0900323E+04,3,
 -3.2063531E+02,  0.0000000E+00,  2.6660999E+02,3765,  1.4901371E-02,  0.0000000E+00,  4.0066123E-04,  1.0002775E+03,  1.6514922E+04,3,
 -3.1987512E+02,  0.0000000E+00,  2.6551163E+02,3686,  8.3239982E-03,  0.0000000E+00,  4.0475858E-04,  1.0002177E+03,  1.2949556E+04,3,
 -3.1765085E+02,  0.0000000E+00,  2.6650470E+02,3764,  1.1185621E-02,  0.0000000E+00, -1.0503696E-04,  1.0002776E+03,  1.6522191E+04,3,
 -3.1857483E+02,  0.0000000E+00,  2.6553802E+02,3732,  1.3827575E-02,  0.0000000E+00, -7.0702820E-04,  1.0002418E+03,  1.4384997E+04,3,
 -3.1519016E+02,  0.0000000E+00,  2.6657236E+02,3756,  1.1751568E-02,  0.0000000E+00, -3.6841197E-04,  1.0002708E+03,  1.6115071E+04,3,
 -3.1464819E+02,  0.0000000E+00,  2.6547684E+02,3725,  1.1434713E-02,  0.0000000E+00, -3.4388911E-04,  1.0002164E+03,  1.2876881E+04,3,
 -3.1223871E+02,  0.0000000E+00,  2.6651700E+02,3755,  1.4137138E-02,  0.0000000E+00, -5.2262167E-04,  1.0002703E+03,  1.6082357E+04,3,
 -3.1330948E+02,  0.0000000E+00,  2.6556705E+02,3715,  1.3491618E-02,  0.0000000E+00, -5.0793897E-04,  1.0002131E+03,  1.2680661E+04,3,
 -3.1008896E+02,  0.0000000E+00,  2.6636182E+02,3745,  1.3438810E-02,  0.0000000E+00, -1.8637863E-04,  1.0002926E+03,  1.7412824E+04,3,
 -3.1100320E+02,  0.0000000E+00,  2.6537091E+02,3714,  1.0271291E-02,  0.0000000E+00, -1.9799397E-04,  1.0001755E+03,  1.0442573E+04,3,
 -3.0850565E+02,  0.0000000E+00,  2.6641855E+02,3747,  1.3383506E-02,  0.0000000E+00,  9.7675569E-05,  1.0003087E+03,  1.8368980E+04,3,
 -3.0763843E+02,  0.0000000E+00,  2.6526868E+02,3716,  9.8601431E-03,  0.0000000E+00, -5.0563569E-04,  1.0001311E+03,  7.7982119E+03,3,
 -3.0652658E+02,  0.0000000E+00,  2.6647122E+02,3734,  1.1375061E-02,  0.0000000E+00, -1.5664879E-03,  1.0002859E+03,  1.7012939E+04,3,
 -3.0554688E+02,  0.0000000E+00,  2.6562320E+02,3695,  1.0631966E-02,  0.0000000E+00, -3.3239652E-03,  1.0002441E+03,  1.4523102E+04,3,
 -3.0440005E+02,  0.0000000E+00,  2.6544492E+02,3707,  1.6763525E-02,  0.0000000E+00, -1.3414398E-03,  1.0001707E+03,  1.0151950E+04,3,
 -3.0340210E+02,  0.0000000E+00,  2.6665082E+02,3746,  1.1377591E-02,  0.0000000E+00, -4.3572005E-04,  1.0002733E+03,  1.6264104E+04,3,
 -3.0240894E+02,  0.0000000E+00,  2.6571390E+02,3678,  9.4807902E-03,  0.0000000E+00, -7.0687063E-05,  1.0002243E+03,  1.3345645E+04,3,
 -3.0131219E+02,  0.0000000E+00,  2.6574777E+02,3668,  1.0814722E-02,  0.0000000E+00, -1.3098967E-03,  1.0001957E+03,  1.1645119E+04,3,
 -3.0019467E+02,  0.0000000E+00,  2.6573602E+02,3669,  1.3743934E-02,  0.0000000E+00, -9.4885763E-04,  1.0002013E+03,  1.1975754E+04,3,
 -2.9833624E+02,  0.0000000E+00,  2.6551077E+02,3641,  1.7949194E-02,  0.0000000E+00,  5.4939330E-04,  1.0002057E+03,  1.2237363E+04,3,
 -2.9908978E+02,  0.0000000E+00,  2.6649460E+02,3735,  8.3116302E-03,  0.0000000E+00,  1.7432864E-04,  1.0002563E+03,  1.5253631E+04,3,
 -2.9706818E+02,  0.0000000E+00,  2.6624667E+02,3726,  5.7651275E-03,  0.0000000E+00, -1.2503730E-03,  1.0002282E+03,  1.3578218E+04,3,
 -2.9544217E+02,  0.0000000E+00,  2.6634631E+02,3738,  1.9234711E-02,  0.0000000E+00, -5.9577851E-03,  1.0002010E+03,  1.1957587E+04,3,
 -2.9377005E+02,  0.0000000E+00,  2.6556802E+02,3687,  2.7749749E-02,  0.0000000E+00, -2.6883134E-03,  1.0001666E+03,  9.9121914E+03,3,
 -2.9298090E+02,  0.0000000E+00,  2.6573471E+02,3706,  2.5032073E-02,  0.0000000E+00, -9.3620393E-04,  1.0002393E+03,  1.4235992E+04,3,
 -2.9207104E+02,  0.0000000E+00,  2.6663190E+02,3736,  2.0090044E-02,  0.0000000E+00, -3.7207422E-04,  1.0002618E+03,  1.5577117E+04,3,
 -2.9102939E+02,  0.0000000E+00,  2.6562988E+02,3697,  2.2176122E-02,  0.0000000E+00,  1.3470113E-03,  1.0002506E+03,  1.4911983E+04,3,
 -2.8886670E+02,  0.0000000E+00,  2.6647394E+02,3737,  2.6116040E-02,  0.0000000E+00, -6.2813920E-06,  1.0002598E+03,  1.5460807E+04,3,
 -2.8996606E+02,  0.0000000E+00,  2.6544073E+02,3699,  2.4376484E-02,  0.0000000E+00,  7.7079958E-04,  1.0001749E+03,  1.0406245E+04,3,
 -2.8742865E+02,  0.0000000E+00,  2.6626321E+02,3727,  2.4783421E-02,  0.0000000E+00,  1.0042543E-03,  1.0002530E+03,  1.5053729E+04,3,
 -2.8596924E+02,  0.0000000E+00,  2.6563297E+02,3717,  1.9100288E-02,  0.0000000E+00,  2.3790835E-04,  1.0002105E+03,  1.2524414E+04,3,
 -2.8515164E+02,  0.0000000E+00,  2.6641483E+02,3729,  2.5127107E-02,  0.0000000E+00,  6.7930348E-04,  1.0002621E+03,  1.5595290E+04,3,
 -2.8379880E+02,  0.0000000E+00,  2.6545663E+02,3688,  2.0125261E-02,  0.0000000E+00,  2.9791796E-04,  1.0001984E+03,  1.1804985E+04,3,
 -2.8295825E+02,  0.0000000E+00,  2.6651379E+02,3728,  2.4194876E-02,  0.0000000E+00,  6.2007766E-04,  1.0002756E+03,  1.6398600E+04,3,
 -2.8182541E+02,  0.0000000E+00,  2.6558615E+02,3679,  2.1591095E-02,  0.0000000E+00,  1.3893781E-03,  1.0002240E+03,  1.3327475E+04,3,
 -2.8034845E+02,  0.0000000E+00,  2.6647513E+02,3718,  2.8155519E-02,  0.0000000E+00, -5.1411043E-04,  1.0002678E+03,  1.5936962E+04,3,
 -2.8014212E+02,  0.0000000E+00,  2.6542572E+02,3698,  8.8259783E-03,  0.0000000E+00, -3.6228537E-03,  1.0001926E+03,  1.1456190E+04,3,
 -2.7851636E+02,  0.0000000E+00,  2.6539468E+02,3689,  3.2185685E-02,  0.0000000E+00, -3.7069854E-03,  1.0001493E+03,  8.8805713E+03,3,
 -2.7786740E+02,  0.0000000E+00,  2.6663452E+02,3719,  1.4869604E-02,  0.0000000E+00,  7.5136259E-04,  1.0002789E+03,  1.6598527E+04,3,
 -2.7672696E+02,  0.0000000E+00,  2.6559650E+02,3650,  1.9812142E-02,  0.0000000E+00,  2.6108320E-03,  1.0002724E+03,  1.6209580E+04,3,
 -2.7557523E+02,  0.0000000E+00,  2.6547626E+02,3653,  1.9176075E-02,  0.0000000E+00,  1.2877936E-03,  1.0002755E+03,  1.6391330E+04,3,
 -2.7448572E+02,  0.0000000E+00,  2.6656329E+02,3720,  2.1298228E-02,  0.0000000E+00, -4.8032578E-04,  1.0002639E+03,  1.5704333E+04,3,
 -2.7371051E+02,  0.0000000E+00,  2.6563840E+02,3659,  1.7792398E-02,  0.0000000E+00, -1.6516512E-03,  1.0002554E+03,  1.5199112E+04,3,
 -2.7222971E+02,  0.0000000E+00,  2.6553754E+02,3670,  3.2052495E-02,  0.0000000E+00,  1.2066787E-04,  1.0001771E+03,  1.0537028E+04,3,
 -2.7138547E+02,  0.0000000E+00,  2.6634885E+02,3708,  1.5452709E-02,  0.0000000E+00,  1.8270543E-03,  1.0002501E+03,  1.4882908E+04,3,
 -2.6984329E+02,  0.0000000E+00,  2.6644031E+02,3710,  2.1350624E-02,  0.0000000E+00,  1.2028101E-03,  1.0002720E+03,  1.6184135E+04,3,
 -2.6842569E+02,  0.0000000E+00,  2.6553571E+02,3623,  1.6216213E-02,  0.0000000E+00,  3.6131195E-04,  1.0002122E+03,  1.2622522E+04,3,
 -2.6735309E+02,  0.0000000E+00,  2.6662808E+02,3711,  2.4120448E-02,  0.0000000E+00,  9.8247454E-04,  1.0002784E+03,  1.6565812E+04,3,
 -2.6633459E+02,  0.0000000E+00,  2.6557413E+02,3662,  1.4805693E-02,  0.0000000E+00,  7.6353719E-04,  1.0002311E+03,  1.3749017E+04,3,
 -2.6528397E+02,  0.0000000E+00,  2.6528531E+02,3681,  1.1341986E-02,  0.0000000E+00, -1.5545639E-04,  1.0001078E+03,  6.4109307E+03,3,
 -2.6448074E+02,  0.0000000E+00,  2.6644858E+02,3709,  2.3136981E-02,  0.0000000E+00, -8.5274928E-04,  1.0002934E+03,  1.7460084E+04,3,
 -2.6305103E+02,  0.0000000E+00,  2.6624374E+02,3701,  1.8248815E-02,  0.0000000E+00,  8.7290967E-04,  1.0003066E+03,  1.8245365E+04,3,
 -2.6173364E+02,  0.0000000E+00,  2.6613068E+02,3700,  1.9159207E-02,  0.0000000E+00,  1.5543988E-03,  1.0002717E+03,  1.6169596E+04,3,
 -2.6054694E+02,  0.0000000E+00,  2.6544754E+02,3587,  1.2778526E-02,  0.0000000E+00,  5.8372105E-05,  1.0001801E+03,  1.0711408E+04,3,
 -2.5941248E+02,  0.0000000E+00,  2.6656613E+02,3702,  2.3812216E-02,  0.0000000E+00,  4.7809872E-04,  1.0002590E+03,  1.5409921E+04,3,
 -2.5828958E+02,  0.0000000E+00,  2.6573154E+02,3651,  1.6447019E-02,  0.0000000E+00, -3.5730834E-04,  1.0002256E+03,  1.3425591E+04,3,
 -2.5724371E+02,  0.0000000E+00,  2.6575681E+02,3652,  1.8709313E-02,  0.0000000E+00,  3.0740217E-04,  1.0002104E+03,  1.2520780E+04,3,
 -2.5620999E+02,  0.0000000E+00,  2.6579892E+02,3605,  1.7962722E-02,  0.0000000E+00, -9.0587391E-06,  1.0002178E+03,  1.2960457E+04,3,
 -2.5512337E+02,  0.0000000E+00,  2.6556052E+02,3663,  1.4549718E-02,  0.0000000E+00, -8.6067722E-04,  1.0002539E+03,  1.5108248E+04,3,
 -2.5409854E+02,  0.0000000E+00,  2.6652658E+02,3680,  1.8519096E-02,  0.0000000E+00, -2.5919902E-05,  1.0002540E+03,  1.5111883E+04,3,
 -2.5335286E+02,  0.0000000E+00,  2.6551498E+02,3597,  2.1150036E-02,  0.0000000E+00,  2.7895946E-04,  1.0002322E+03,  1.3814430E+04,3,
 -2.5184827E+02,  0.0000000E+00,  2.6623926E+02,3692,  1.9282881E-02,  0.0000000E+00,  3.3799743E-03,  1.0002256E+03,  1.3421957E+04,3,
 -2.5020802E+02,  0.0000000E+00,  2.6603561E+02,3690,  1.0317288E-02,  0.0000000E+00,  2.3377093E-03,  1.0002158E+03,  1.2836910E+04,3,
 -2.4907556E+02,  0.0000000E+00,  2.6639294E+02,3693,  1.6377196E-02,  0.0000000E+00,  1.3451296E-03,  1.0002415E+03,  1.4370460E+04,3,
 -2.4794896E+02,  0.0000000E+00,  2.6547836E+02,3671,  9.7758044E-03,  0.0000000E+00, -1.1932458E-03,  1.0002159E+03,  1.2844177E+04,3,
 -2.4690462E+02,  0.0000000E+00,  2.6566949E+02,3643,  1.5247625E-02,  0.0000000E+00, -2.0964556E-04,  1.0002685E+03,  1.5976945E+04,3,
 -2.4485641E+02,  0.0000000E+00,  2.6560706E+02,3654,  1.1353158E-02,  0.0000000E+00,  2.5789630E-05,  1.0002701E+03,  1.6075087E+04,3,
 -2.4578551E+02,  0.0000000E+00,  2.6650705E+02,3691,  1.3106581E-02,  0.0000000E+00,  2.6385818E-04,  1.0002601E+03,  1.5478979E+04,3,
 -2.4358865E+02,  0.0000000E+00,  2.6567722E+02,3661,  1.6926497E-02,  0.0000000E+00,  9.8754768E-05,  1.0002182E+03,  1.2982260E+04,3,
 -2.4164438E+02,  0.0000000E+00,  2.6546085E+02,3645,  1.9124748E-02,  0.0000000E+00, -1.7524631E-03,  1.0002061E+03,  1.2259164E+04,3,
 -2.4227339E+02,  0.0000000E+00,  2.6651260E+02,3683,  5.6191757E-03,  0.0000000E+00, -8.4560073E-04,  1.0002451E+03,  1.4581251E+04,3,
 -2.4023872E+02,  0.0000000E+00,  2.6561600E+02,3633,  1.3860270E-02,  0.0000000E+00,  7.5375865E-05,  1.0002343E+03,  1.3941624E+04,3,
 -2.3930661E+02,  0.0000000E+00,  2.6632794E+02,3682,  1.0436803E-02,  0.0000000E+00,  7.0240744E-04,  1.0002744E+03,  1.6325899E+04,3,
 -2.3774895E+02,  0.0000000E+00,  2.6640640E+02,3684,  2.1034675E-02,  0.0000000E+00,  3.3416795E-03,  1.0002841E+03,  1.6903881E+04,3,
 -2.3685051E+02,  0.0000000E+00,  2.6536600E+02,3614, -5.2973647E-03,  0.0000000E+00,  4.4520414E-03,  1.0002440E+03,  1.4515833E+04,3,
 -2.3566756E+02,  0.0000000E+00,  2.6629385E+02,3672,  2.3103707E-02,  0.0000000E+00,  2.4848359E-03,  1.0002525E+03,  1.5024653E+04,3,
 -2.3480550E+02,  0.0000000E+00,  2.6555264E+02,3615, -1.7185593E-03,  0.0000000E+00, -2.5135006E-03,  1.0002311E+03,  1.3752650E+04,3,
 -2.3329691E+02,  0.0000000E+00,  2.6535089E+02,3627,  3.3243556E-02,  0.0000000E+00, -1.2463376E-02,  1.0002775E+03,  1.6514922E+04,3,
 -2.3053615E+02,  0.0000000E+00,  2.6542157E+02,3542,  3.6679529E-02,  0.0000000E+00, -1.6640240E-02,  1.0002770E+03,  1.6482205E+04,3,
 -2.3161998E+02,  0.0000000E+00,  2.6555591E+02,3625,  1.3883028E-02,  0.0000000E+00, -2.3330510E-02,  1.0002805E+03,  1.6689406E+04,3,
 -2.3273495E+02,  0.0000000E+00,  2.6650281E+02,3674, -2.5066884E-02,  0.0000000E+00, -1.3378418E-02,  1.0002436E+03,  1.4494026E+04,3,
 -2.2951579E+02,  0.0000000E+00,  2.6634543E+02,3675,  2.8305519E-03,  0.0000000E+00, -2.2297173E-03,  1.0002206E+03,  1.3127612E+04,3,
 -2.2735631E+02,  0.0000000E+00,  2.6613641E+02,3673,  6.3129514E-02,  0.0000000E+00,  2.0362900E-03,  1.0002393E+03,  1.4239627E+04,3,
 -2.2582887E+02,  0.0000000E+00,  2.6634644E+02,3665,  1.0565050E-01,  0.0000000E+00, -9.8578334E-03,  1.0002577E+03,  1.5333593E+04,3,
 -2.2375406E+02,  0.0000000E+00,  2.6628918E+02,3664,  6.0620345E-02,  0.0000000E+00, -9.5622828E-03,  1.0002584E+03,  1.5373574E+04,3,
 -2.2562433E+02,  0.0000000E+00,  2.6509824E+02,3626, -4.1157778E-02,  0.0000000E+00, -5.2373257E-02,  1.0003419E+03,  2.0347025E+04,3,
 -2.2358939E+02,  0.0000000E+00,  2.6530698E+02,3635,  6.4214900E-02,  0.0000000E+00, -1.9762337E-02,  1.0001669E+03,  9.9267227E+03,3,
 -2.2130048E+02,  0.0000000E+00,  2.6540701E+02,3579,  5.3479772E-02,  0.0000000E+00,  1.0173501E-02,  1.0002507E+03,  1.4915618E+04,3,
 -2.2170583E+02,  0.0000000E+00,  2.6653049E+02,3666,  2.4824686E-02,  0.0000000E+00,  5.8770743E-03,  1.0002741E+03,  1.6311359E+04,3,
 -2.1963869E+02,  0.0000000E+00,  2.6622418E+02,3644,  4.6600264E-02,  0.0000000E+00,  4.5567928E-03,  1.0002637E+03,  1.5689794E+04,3,
 -2.1809941E+02,  0.0000000E+00,  2.6622910E+02,3656,  4.3851022E-02,  0.0000000E+00,  4.7628572E-03,  1.0002610E+03,  1.5533500E+04,3,
 -2.1669588E+02,  0.0000000E+00,  2.6616415E+02,3655,  3.7343841E-02,  0.0000000E+00,  4.4420050E-03,  1.0002597E+03,  1.5453537E+04,3,
 -2.1553436E+02,  0.0000000E+00,  2.6536472E+02,3598,  1.6162438E-02,  0.0000000E+00, -4.0701390E-03,  1.0002452E+03,  1.4592154E+04,3,
 -2.1452803E+02,  0.0000000E+00,  2.6644760E+02,3657,  4.7512185E-02,  0.0000000E+00, -4.4555770E-04,  1.0002532E+03,  1.5068268E+04,3,
 -2.1368936E+02,  0.0000000E+00,  2.6555005E+02,3607,  2.4612900E-02,  0.0000000E+00, -2.3810079E-03,  1.0002581E+03,  1.5355401E+04,3,
 -2.1249303E+02,  0.0000000E+00,  2.6561960E+02,3580,  3.3463247E-02,  0.0000000E+00, -2.9387083E-03,  1.0002197E+03,  1.3069471E+04,3,
 -2.1133794E+02,  0.0000000E+00,  2.6554382E+02,3581,  3.5267055E-02,  0.0000000E+00, -9.7463885E-04,  1.0002710E+03,  1.6125976E+04,3,
 -2.1051349E+02,  0.0000000E+00,  2.6610822E+02,3646,  3.1535119E-02,  0.0000000E+00, -8.9128583E-04,  1.0002416E+03,  1.4374095E+04,3,
 -2.0934613E+02,  0.0000000E+00,  2.6555054E+02,3524,  2.7445095E-02,  0.0000000E+00, -2.2910829E-03,  1.0003085E+03,  1.8358074E+04,3,
 -2.0793301E+02,  0.0000000E+00,  2.6633789E+02,3647,  4.4879682E-02,  0.0000000E+00, -3.3646841E-03,  1.0002475E+03,  1.4726627E+04,3,
 -2.0761949E+02,  0.0000000E+00,  2.6529721E+02,3552,  1.9811766E-02,  0.0000000E+00, -2.1517579E-03,  1.0002836E+03,  1.6878436E+04,3,
 -2.0594144E+02,  0.0000000E+00,  2.6612122E+02,3636,  3.9249454E-02,  0.0000000E+00,  3.5855332E-03,  1.0002695E+03,  1.6035104E+04,3,
 -2.0452025E+02,  0.0000000E+00,  2.6642236E+02,3648,  3.2361574E-02,  0.0000000E+00,  7.3656063E-03,  1.0002707E+03,  1.6107802E+04,3,
 -2.0354485E+02,  0.0000000E+00,  2.6568332E+02,3588,  3.1253044E-02,  0.0000000E+00,  7.1852589E-03,  1.0002530E+03,  1.5053729E+04,3,
 -2.0233472E+02,  0.0000000E+00,  2.6572073E+02,3616,  2.7083686E-02,  0.0000000E+00,  3.3527100E-03,  1.0001997E+03,  1.1881286E+04,3,
 -2.0148138E+02,  0.0000000E+00,  2.6558618E+02,3608,  3.3389699E-02,  0.0000000E+00,  1.7438353E-03,  1.0001553E+03,  9.2365410E+03,3,
 -2.0036327E+02,  0.0000000E+00,  2.6646033E+02,3638,  2.9976055E-02,  0.0000000E+00,  6.5002247E-04,  1.0002426E+03,  1.4432243E+04,3,
 -1.9918315E+02,  0.0000000E+00,  2.6544482E+02,3609,  2.8378395E-02,  0.0000000E+00, -2.5179728E-03,  1.0001971E+03,  1.1725052E+04,3,
 -1.9831819E+02,  0.0000000E+00,  2.6566690E+02,3515,  2.9585762E-02,  0.0000000E+00, -2.4392654E-03,  1.0002678E+03,  1.5933326E+04,3,
 -1.9720288E+02,  0.0000000E+00,  2.6630164E+02,3637,  2.7422233E-02,  0.0000000E+00, -1.6251344E-03,  1.0002604E+03,  1.5493519E+04,3,
 -1.9620529E+02,  0.0000000E+00,  2.6543152E+02,3479,  3.6151905E-02,  0.0000000E+00, -5.7564978E-04,  1.0002897E+03,  1.7238326E+04,3,
 -1.9493365E+02,  0.0000000E+00,  2.6618939E+02,3639,  3.6406644E-02,  0.0000000E+00,  7.0442283E-03,  1.0002549E+03,  1.5166401E+04,3,
 -1.9355066E+02,  0.0000000E+00,  2.6602075E+02,3617,  2.2057071E-02,  0.0000000E+00,  8.9628249E-03,  1.0002638E+03,  1.5697063E+04,3,
 -1.9223126E+02,  0.0000000E+00,  2.6621594E+02,3629,  2.6126562E-02,  0.0000000E+00,  4.8078028E-03,  1.0002534E+03,  1.5075537E+04,3,
 -1.9116904E+02,  0.0000000E+00,  2.6523459E+02,3600,  6.8229511E-03,  0.0000000E+00, -1.5342470E-03,  1.0002643E+03,  1.5726142E+04,3,
 -1.9016663E+02,  0.0000000E+00,  2.6621280E+02,3628,  3.0887203E-02,  0.0000000E+00, -3.2769428E-03,  1.0002366E+03,  1.4076088E+04,3,
 -1.8922447E+02,  0.0000000E+00,  2.6558060E+02,3561,  1.5305014E-02,  0.0000000E+00, -6.1746049E-03,  1.0002460E+03,  1.4635767E+04,3,
 -1.8771712E+02,  0.0000000E+00,  2.6541541E+02,3590,  1.8537790E-02,  0.0000000E+00, -1.0868570E-02,  1.0002886E+03,  1.7176525E+04,3,
 -1.8724150E+02,  0.0000000E+00,  2.6637772E+02,3630,  2.2876710E-02,  0.0000000E+00, -8.8891368E-03,  1.0002494E+03,  1.4839294E+04,3,
 -1.8587346E+02,  0.0000000E+00,  2.6547464E+02,3470,  1.9430337E-02,  0.0000000E+00, -6.0129841E-03,  1.0002814E+03,  1.6747568E+04,3,
 -1.8471893E+02,  0.0000000E+00,  2.6642947E+02,3618,  3.9768759E-02,  0.0000000E+00, -7.3591345E-03,  1.0002566E+03,  1.5268170E+04,3,
 -1.8380457E+02,  0.0000000E+00,  2.6555609E+02,3571, -1.4002788E-02,  0.0000000E+00, -1.9664522E-02,  1.0002627E+03,  1.5631638E+04,3,
 -1.8156438E+02,  0.0000000E+00,  2.6649579E+02,3620, -3.4061708E-02,  0.0000000E+00, -2.1535357E-02,  1.0002543E+03,  1.5130056E+04,3,
 -1.8057318E+02,  0.0000000E+00,  2.6541702E+02,3599,  8.7432414E-02,  0.0000000E+00, -2.8448155E-02,  1.0002825E+03,  1.6809367E+04,3,
 -1.8252451E+02,  0.0000000E+00,  2.6536929E+02,3591,  3.6279004E-02,  0.0000000E+00, -3.2477722E-02,  1.0002210E+03,  1.3149415E+04,3,
 -1.7931693E+02,  0.0000000E+00,  2.6627716E+02,3621,  3.9037068E-03,  0.0000000E+00, -8.9575484E-04,  1.0002394E+03,  1.4243261E+04,3,
 -1.7831831E+02,  0.0000000E+00,  2.6595877E+02,3619,  2.4901703E-03,  0.0000000E+00,  2.6628985E-03,  1.0002047E+03,  1.2179228E+04,3,
 -1.7602701E+02,  0.0000000E+00,  2.6584427E+02,3589,  1.0410259E-01,  0.0000000E+00, -4.7027287E-03,  1.0002181E+03,  1.2978626E+04,3,
 -1.7512274E+02,  0.0000000E+00,  2.6622336E+02,3611,  8.9898475E-02,  0.0000000E+00, -1.1976926E-02,  1.0002480E+03,  1.4759337E+04,3,
 -1.7386230E+02,  0.0000000E+00,  2.6609082E+02,3610,  8.8508971E-02,  0.0000000E+00, -1.9156653E-02,  1.0002616E+03,  1.5566213E+04,3,
 -1.7284027E+02,  0.0000000E+00,  2.6548532E+02,3562,  9.9610671E-02,  0.0000000E+00, -2.1367552E-02,  1.0002336E+03,  1.3898015E+04,3,
 -1.7161571E+02,  0.0000000E+00,  2.6637674E+02,3612,  1.2914062E-01,  0.0000000E+00, -1.3757265E-02,  1.0002548E+03,  1.5162767E+04,3,
 -1.7068124E+02,  0.0000000E+00,  2.6555585E+02,3544,  6.6856019E-02,  0.0000000E+00, -1.0658228E-02,  1.0002481E+03,  1.4762971E+04,3,
 -1.6954347E+02,  0.0000000E+00,  2.6540115E+02,3554,  8.9237310E-02,  0.0000000E+00, -1.4429703E-02,  1.0002064E+03,  1.2280965E+04,3,
 -1.6878650E+02,  0.0000000E+00,  2.6637479E+02,3602,  1.1445373E-01,  0.0000000E+00, -1.3467088E-02,  1.0002473E+03,  1.4712089E+04,3,
 -1.6719829E+02,  0.0000000E+00,  2.6516348E+02,3563,  9.4307065E-02,  0.0000000E+00, -1.1865336E-02,  1.0003157E+03,  1.8790736E+04,3,
 -1.6666016E+02,  0.0000000E+00,  2.6626364E+02,3601,  9.7540230E-02,  0.0000000E+00, -6.1000353E-03,  1.0002418E+03,  1.4388632E+04,3,
 -1.6547897E+02,  0.0000000E+00,  2.6562418E+02,3553,  1.1284446E-01,  0.0000000E+00,  4.1709369E-04,  1.0002798E+03,  1.6649420E+04,3,
 -1.6423135E+02,  0.0000000E+00,  2.6539926E+02,3573,  9.2782110E-02,  0.0000000E+00,  2.3190065E-03,  1.0003065E+03,  1.8238096E+04,3,
 -1.6327396E+02,  0.0000000E+00,  2.6635458E+02,3603,  1.0534209E-01,  0.0000000E+00,  1.2039921E-03,  1.0002443E+03,  1.4537639E+04,3,
 -1.6199336E+02,  0.0000000E+00,  2.6531250E+02,3555,  1.0240917E-01,  0.0000000E+00, -2.4840934E-03,  1.0002818E+03,  1.6769379E+04,3,
 -1.6107286E+02,  0.0000000E+00,  2.6619080E+02,3582,  8.9054994E-02,  0.0000000E+00,  1.0968436E-04,  1.0002471E+03,  1.4701186E+04,3,
 -1.5998409E+02,  0.0000000E+00,  2.6548767E+02,3452,  1.0085300E-01,  0.0000000E+00,  6.9129025E-04,  1.0003026E+03,  1.8009049E+04,3,
 -1.5842654E+02,  0.0000000E+00,  2.6641803E+02,3593,  1.0856692E-01,  0.0000000E+00, -1.8942642E-03,  1.0002502E+03,  1.4886542E+04,3,
 -1.5806885E+02,  0.0000000E+00,  2.6536475E+02,3509,  7.5129315E-02,  0.0000000E+00, -7.0462124E-03,  1.0002988E+03,  1.7783643E+04,3,
 -1.5674023E+02,  0.0000000E+00,  2.6543195E+02,3471,  9.6086860E-02,  0.0000000E+00, -1.6987493E-03,  1.0001927E+03,  1.1467090E+04,3,
 -1.5574109E+02,  0.0000000E+00,  2.6634537E+02,3592,  1.0080466E-01,  0.0000000E+00,  2.7590806E-03,  1.0002513E+03,  1.4955598E+04,3,
 -1.5426837E+02,  0.0000000E+00,  2.6548215E+02,3416,  7.5057231E-02,  0.0000000E+00,  7.6862811E-03,  1.0001844E+03,  1.0972983E+04,3,
 -1.5355090E+02,  0.0000000E+00,  2.6650406E+02,3594,  1.1084934E-01,  0.0000000E+00,  5.5338419E-03,  1.0002608E+03,  1.5518961E+04,3,
 -1.5218277E+02,  0.0000000E+00,  2.6579034E+02,3572,  9.1628700E-02,  0.0000000E+00,  2.5927136E-03,  1.0002211E+03,  1.3153049E+04,3,
 -1.5095462E+02,  0.0000000E+00,  2.6551556E+02,3534,  8.5232504E-02,  0.0000000E+00, -3.8403468E-03,  1.0001890E+03,  1.1241832E+04,3,
 -1.5010359E+02,  0.0000000E+00,  2.6628473E+02,3584,  9.1666922E-02,  0.0000000E+00, -1.8121238E-03,  1.0002559E+03,  1.5228189E+04,3,
 -1.4853107E+02,  0.0000000E+00,  2.6627228E+02,3583,  8.4241688E-02,  0.0000000E+00, -5.3153094E-04,  1.0002625E+03,  1.5620733E+04,3,
 -1.4781223E+02,  0.0000000E+00,  2.6558334E+02,3516,  1.2133332E-01,  0.0000000E+00,  1.1423944E-02,  1.0002394E+03,  1.4246896E+04,3,
 -1.4654228E+02,  0.0000000E+00,  2.6563922E+02,3488,  7.8506149E-02,  0.0000000E+00,  4.7848234E-03,  1.0001949E+03,  1.1597887E+04,3,
 -1.4491103E+02,  0.0000000E+00,  2.6638315E+02,3585,  1.9187087E-01,  0.0000000E+00, -2.3473157E-02,  1.0002429E+03,  1.4450415E+04,3,
 -1.4539571E+02,  0.0000000E+00,  2.6548480E+02,3525, -1.7820321E-03,  0.0000000E+00,  7.3888004E-03,  1.0001688E+03,  1.0042968E+04,3,
 -1.4320229E+02,  0.0000000E+00,  2.6628412E+02,3575,  1.0892275E-01,  0.0000000E+00, -5.6787920E-03,  1.0002407E+03,  1.4323215E+04,3,
 -1.4110849E+02,  0.0000000E+00,  2.6562732E+02,3507,  1.6448118E-01,  0.0000000E+00, -1.8691511E-03,  1.0001372E+03,  8.1614067E+03,3,
 -1.4095409E+02,  0.0000000E+00,  2.6651337E+02,3574,  1.1494158E-01,  0.0000000E+00, -9.4658118E-03,  1.0002399E+03,  1.4275970E+04,3,
 -1.3938954E+02,  0.0000000E+00,  2.6587860E+02,3499,  1.2062959E-01,  0.0000000E+00, -1.2294736E-02,  1.0001463E+03,  8.7025918E+03,3,
 -1.3858264E+02,  0.0000000E+00,  2.6566916E+02,3510,  1.3058302E-01,  0.0000000E+00, -1.5950190E-02,  1.0000906E+03,  5.3905674E+03,3,
 -1.3738518E+02,  0.0000000E+00,  2.6565952E+02,3518,  1.5742247E-01,  0.0000000E+00, -1.2366180E-02,  1.0002038E+03,  1.2124725E+04,3,
 -1.3669705E+02,  0.0000000E+00,  2.6633313E+02,3564,  9.9656127E-02,  0.0000000E+00,  2.8949062E-05,  1.0002668E+03,  1.5878804E+04,3,
 -1.3520732E+02,  0.0000000E+00,  2.6616763E+02,3576,  1.4370121E-01,  0.0000000E+00, -5.3541553E-03,  1.0002843E+03,  1.6918422E+04,3,
 -1.3371915E+02,  0.0000000E+00,  2.6605206E+02,3545,  1.2469271E-01,  0.0000000E+00,  5.3778035E-03,  1.0002580E+03,  1.5351767E+04,3,
 -1.3216333E+02,  0.0000000E+00,  2.6637549E+02,3566,  1.3315839E-01,  0.0000000E+00,  8.9503238E-03,  1.0002531E+03,  1.5060999E+04,3,
 -1.3145592E+02,  0.0000000E+00,  2.6547125E+02,3444,  9.1054045E-02,  0.0000000E+00, -3.6536093E-04,  1.0002404E+03,  1.4305043E+04,3,
 -1.2633714E+02,  0.0000000E+00,  2.6528500E+02,3528,  1.8335977E-01,  0.0000000E+00,  3.5248459E-03,  1.0000171E+03,  1.0161791E+03,3,
 -1.3026639E+02,  0.0000000E+00,  2.6547510E+02,3526,  1.3676171E-01,  0.0000000E+00, -2.7700495E-03,  1.0002253E+03,  1.3407421E+04,3,
 -1.2931389E+02,  0.0000000E+00,  2.6560077E+02,3527,  1.2121531E-01,  0.0000000E+00, -3.9774915E-03,  1.0002448E+03,  1.4563079E+04,3,
 -1.2739781E+02,  0.0000000E+00,  2.6552472E+02,3519,  1.3929255E-01,  0.0000000E+00, -4.0741456E-03,  1.0001673E+03,  9.9521514E+03,3,
 -1.2809637E+02,  0.0000000E+00,  2.6656094E+02,3565,  7.7556074E-02,  0.0000000E+00, -8.0361374E-04,  1.0002711E+03,  1.6129611E+04,3,
 -1.2544447E+02,  0.0000000E+00,  2.6637573E+02,3567,  6.8752043E-02,  0.0000000E+00,  2.6223714E-02,  1.0002941E+03,  1.7503711E+04,3,
 -1.2408307E+02,  0.0000000E+00,  2.6616507E+02,3557,  1.0282321E-01,  0.0000000E+00,  1.6312961E-02,  1.0002984E+03,  1.7758193E+04,3,
 -1.2260773E+02,  0.0000000E+00,  2.6591977E+02,3535,  1.0896403E-01,  0.0000000E+00,  6.6472203E-03,  1.0002766E+03,  1.6456760E+04,3,
 -1.2100602E+02,  0.0000000E+00,  2.6629370E+02,3556,  1.1723910E-01,  0.0000000E+00,  8.2195653E-03,  1.0002521E+03,  1.4999212E+04,3,
 -1.2031008E+02,  0.0000000E+00,  2.6557117E+02,3417,  6.3813694E-02,  0.0000000E+00,  2.1814078E-03,  1.0002407E+03,  1.4323215E+04,3,
 -1.1906784E+02,  0.0000000E+00,  2.6533649E+02,3537,  1.0477252E-01,  0.0000000E+00,  2.8906087E-04,  1.0001463E+03,  8.7025918E+03,3,
 -1.1831127E+02,  0.0000000E+00,  2.6613040E+02,3536,  8.5552648E-02,  0.0000000E+00,  3.6940761E-03,  1.0002307E+03,  1.3727212E+04,3,
 -1.1671402E+02,  0.0000000E+00,  2.6525458E+02,3517,  8.1520647E-02,  0.0000000E+00,  2.4712223E-03,  1.0003472E+03,  2.0663404E+04,3,
 -1.1494473E+02,  0.0000000E+00,  2.6528299E+02,3445,  8.4240727E-02,  0.0000000E+00, -2.1227851E-04,  1.0003472E+03,  2.0663404E+04,3,
 -1.1619539E+02,  0.0000000E+00,  2.6628171E+02,3558,  9.5148087E-02,  0.0000000E+00, -9.3959447E-04,  1.0002457E+03,  1.4617595E+04,3,
 -1.1348223E+02,  0.0000000E+00,  2.6622577E+02,3546,  1.2707320E-01,  0.0000000E+00,  7.9061911E-03,  1.0002291E+03,  1.3632728E+04,3,
 -1.1301002E+02,  0.0000000E+00,  2.6529245E+02,3500,  6.3025989E-02,  0.0000000E+00,  1.1206850E-02,  1.0003295E+03,  1.9612486E+04,3,
 -1.1148500E+02,  0.0000000E+00,  2.6559250E+02,3434,  1.0672155E-01,  0.0000000E+00,  5.1477584E-03,  1.0002315E+03,  1.3774455E+04,3,
 -1.1056369E+02,  0.0000000E+00,  2.6559882E+02,3435,  9.9514551E-02,  0.0000000E+00, -1.1343978E-03,  1.0002416E+03,  1.4374095E+04,3,
 -1.0919979E+02,  0.0000000E+00,  2.6634708E+02,3548,  3.6528707E-02,  0.0000000E+00,  1.2626380E-03,  1.0002416E+03,  1.4374095E+04,3,
 -1.0844813E+02,  0.0000000E+00,  2.6538980E+02,3362,  2.0467779E-01,  0.0000000E+00, -2.5606800E-02,  1.0001934E+03,  1.1507056E+04,3,
 -1.0676440E+02,  0.0000000E+00,  2.6628058E+02,3549,  3.3392638E-02,  0.0000000E+00,  2.0904934E-02,  1.0002864E+03,  1.7045656E+04,3,
 -1.0539841E+02,  0.0000000E+00,  2.6611429E+02,3547,  4.1025605E-02,  0.0000000E+00,  7.5316168E-03,  1.0002776E+03,  1.6518557E+04,3,
 -1.0432354E+02,  0.0000000E+00,  2.6571796E+02,3538,  5.4706383E-02,  0.0000000E+00, -1.9592079E-03,  1.0002099E+03,  1.2488078E+04,3,
 -1.0355491E+02,  0.0000000E+00,  2.6545554E+02,3425,  8.5176237E-02,  0.0000000E+00, -6.9300430E-03,  1.0001055E+03,  6.2729395E+03,3,
 -1.0119062E+02,  0.0000000E+00,  2.6545514E+02,3398,  1.7191632E-01,  0.0000000E+00,  2.1206359E-03,  1.0002228E+03,  1.3254797E+04,3,
 -1.0196773E+02,  0.0000000E+00,  2.6630847E+02,3539, -3.8366843E-02,  0.0000000E+00, -7.2035287E-03,  1.0002263E+03,  1.3461930E+04,3,
 -9.9999092E+01,  0.0000000E+00,  2.6549930E+02,3426,  4.4823188E-02,  0.0000000E+00,  2.1532761E-02,  1.0002661E+03,  1.5831551E+04,3,
 -9.9101402E+01,  0.0000000E+00,  2.6543732E+02,3381,  6.0211908E-02,  0.0000000E+00,  1.8161183E-02,  1.0002955E+03,  1.7583689E+04,3,
 -9.5227737E+01,  0.0000000E+00,  2.6501682E+02,3462,  3.4324694E-02,  0.0000000E+00, -3.5204457E-03,  1.0003525E+03,  2.0983430E+04,3,
 -9.7124664E+01,  0.0000000E+00,  2.6622528E+02,3540,  6.3001961E-02,  0.0000000E+00,  7.1200086E-03,  1.0002242E+03,  1.3338376E+04,3,
 -9.7424896E+01,  0.0000000E+00,  2.6513907E+02,3408,  5.7718005E-02,  0.0000000E+00,  1.1563652E-02,  1.0004476E+03,  2.6651037E+04,3,
 -9.2220352E+01,  0.0000000E+00,  2.6509293E+02,3390,  5.0700761E-02,  0.0000000E+00, -8.6805536E-05,  1.0005515E+03,  3.2842535E+04,3,
 -9.4826523E+01,  0.0000000E+00,  2.6610593E+02,3530,  7.7106647E-02,  0.0000000E+00, -2.9703211E-03,  1.0002285E+03,  1.3592753E+04,3,
 -9.3256676E+01,  0.0000000E+00,  2.6590808E+02,3529,  6.8088606E-02,  0.0000000E+00, -1.8435124E-03,  1.0002595E+03,  1.5442633E+04,3,
 -9.0704544E+01,  0.0000000E+00,  2.6618192E+02,3531,  9.6246041E-02,  0.0000000E+00, -1.4367058E-03,  1.0002518E+03,  1.4984674E+04,3,
 -8.9998566E+01,  0.0000000E+00,  2.6535684E+02,3453,  3.1772941E-02,  0.0000000E+00, -1.0510146E-02,  1.0003693E+03,  2.1979938E+04,3,
 -8.8797112E+01,  0.0000000E+00,  2.6529819E+02,3454,  5.0939269E-02,  0.0000000E+00, -1.4861975E-02,  1.0002059E+03,  1.2251897E+04,3,
 -8.6947647E+01,  0.0000000E+00,  2.6629623E+02,3521,  3.1031987E-02,  0.0000000E+00,  9.9386880E-03,  1.0002484E+03,  1.4781144E+04,3,
 -8.7576500E+01,  0.0000000E+00,  2.6531448E+02,3463,  1.0902867E-01,  0.0000000E+00,  4.9544633E-03,  1.0001276E+03,  7.5911973E+03,3,
 -8.5293900E+01,  0.0000000E+00,  2.6629700E+02,3520,  5.6979578E-02,  0.0000000E+00,  1.2244573E-02,  1.0002586E+03,  1.5388112E+04,3,
 -8.4017052E+01,  0.0000000E+00,  2.6541513E+02,3482,  8.6794216E-03,  0.0000000E+00,  4.3027252E-03,  1.0001734E+03,  1.0315425E+04,3,
 -8.1510986E+01,  0.0000000E+00,  2.6628687E+02,3490,  2.9211611E-02,  0.0000000E+00,  3.3955351E-03,  1.0002512E+03,  1.4948329E+04,3,
 -8.3016212E+01,  0.0000000E+00,  2.6533377E+02,3474,  5.0219040E-02,  0.0000000E+00, -3.3548335E-07,  1.0001913E+03,  1.1379893E+04,3,
 -8.1605019E+01,  0.0000000E+00,  2.6516513E+02,3437,  5.2047342E-02,  0.0000000E+00, -1.0883729E-03,  1.0001730E+03,  1.0289995E+04,3,
 -7.9624268E+01,  0.0000000E+00,  2.6628268E+02,3522,  3.7429005E-02,  0.0000000E+00,  5.0926064E-03,  1.0002774E+03,  1.6507650E+04,3,
 -7.8426910E+01,  0.0000000E+00,  2.6584940E+02,3491,  3.1775717E-02,  0.0000000E+00,  5.8944207E-03,  1.0002270E+03,  1.3505538E+04,3,
 -7.6829933E+01,  0.0000000E+00,  2.6552908E+02,3217,  2.8109500E-02,  0.0000000E+00,  4.0874686E-03,  1.0001921E+03,  1.1427124E+04,3,
 -7.5919128E+01,  0.0000000E+00,  2.6608081E+02,3512,  3.3243995E-02,  0.0000000E+00,  2.9095502E-03,  1.0002230E+03,  1.3265698E+04,3,
 -7.4378799E+01,  0.0000000E+00,  2.6584802E+02,3511,  3.6276232E-02,  0.0000000E+00,  2.8208185E-03,  1.0002222E+03,  1.3222092E+04,3,
 -7.2859985E+01,  0.0000000E+00,  2.6614392E+02,3513,  2.9932488E-02,  0.0000000E+00,  2.8507875E-03,  1.0002358E+03,  1.4032478E+04,3,
 -6.5819962E+01,  0.0000000E+00,  2.6506790E+02,3473,  2.9403262E-02,  0.0000000E+00,  2.9983270E-04,  1.0002011E+03,  1.1964854E+04,3,
 -7.1202568E+01,  0.0000000E+00,  2.6585901E+02,3501,  2.8757436E-02,  0.0000000E+00,  1.8785318E-03,  1.0002214E+03,  1.3174852E+04,3,
 -6.9714783E+01,  0.0000000E+00,  2.6626431E+02,3503,  2.7803207E-02,  0.0000000E+00,  1.9121332E-03,  1.0002406E+03,  1.4315946E+04,3,
 -6.8523903E+01,  0.0000000E+00,  2.6551666E+02,3380,  3.5539292E-02,  0.0000000E+00,  4.3302975E-03,  1.0001854E+03,  1.1027479E+04,3,
 -6.6268211E+01,  0.0000000E+00,  2.6629245E+02,3502,  2.9839881E-02,  0.0000000E+00,  1.9855995E-03,  1.0002343E+03,  1.3941624E+04,3,
 -6.7250999E+01,  0.0000000E+00,  2.6534106E+02,3464,  2.6562845E-02,  0.0000000E+00,  5.2008731E-03,  1.0002116E+03,  1.2589819E+04,3,
 -6.4054199E+01,  0.0000000E+00,  2.6601175E+02,3504,  3.2736663E-02,  0.0000000E+00, -3.4110175E-04,  1.0002791E+03,  1.6605799E+04,3,
 -6.2550564E+01,  0.0000000E+00,  2.6596286E+02,3492,  3.0053442E-02,  0.0000000E+00,  1.3093085E-03,  1.0003285E+03,  1.9550670E+04,3,
 -6.0976036E+01,  0.0000000E+00,  2.6616254E+02,3483,  2.7441645E-02,  0.0000000E+00,  8.5109647E-04,  1.0003867E+03,  2.3016557E+04,3,
 -5.9622845E+01,  0.0000000E+00,  2.6634558E+02,3494,  2.9435821E-02,  0.0000000E+00, -3.3825068E-04,  1.0003600E+03,  2.1430756E+04,3,
 -6.0120289E+01,  0.0000000E+00,  2.6510330E+02,3446,  2.3581337E-02,  0.0000000E+00, -1.6323883E-03,  9.9931012E+02, -4.0934070E+04,3,
 -5.7789036E+01,  0.0000000E+00,  2.6609073E+02,3495,  2.9156707E-02,  0.0000000E+00,  7.0073886E-04,  1.0002725E+03,  1.6216850E+04,3,
 -5.3178555E+01,  0.0000000E+00,  2.6512399E+02,3272,  2.1638691E-02,  0.0000000E+00,  4.6220754E-04,  1.0000491E+03,  2.9217957E+03,3,
 -5.6145214E+01,  0.0000000E+00,  2.6581494E+02,3493,  3.1458020E-02,  0.0000000E+00,  2.4498799E-03,  1.0002461E+03,  1.4643035E+04,3,
 -5.3973122E+01,  0.0000000E+00,  2.6627359E+02,3485,  3.5855893E-02,  0.0000000E+00,  2.7376974E-03,  1.0002535E+03,  1.5086440E+04,3,
 -5.1665325E+01,  0.0000000E+00,  2.6504794E+02,3401,  2.5984492E-02,  0.0000000E+00, -7.6774838E-03,  1.0002851E+03,  1.6965680E+04,3,
 -5.1893044E+01,  0.0000000E+00,  2.6612253E+02,3484,  2.7620349E-02,  0.0000000E+00,  6.1764193E-05,  1.0002283E+03,  1.3581852E+04,3,
 -5.0029587E+01,  0.0000000E+00,  2.6548505E+02,3465,  4.3781940E-02,  0.0000000E+00,  6.9303848E-03,  1.0001840E+03,  1.0947553E+04,3,
 -4.7062798E+01,  0.0000000E+00,  2.6533170E+02,3354,  2.2322400E-02,  0.0000000E+00,  4.0068240E-03,  1.0000766E+03,  4.5554731E+03,3,
 -4.6125454E+01,  0.0000000E+00,  2.6530804E+02,3172,  2.2805480E-02,  0.0000000E+00, -1.0076248E-03,  1.0000601E+03,  3.5752344E+03,3,
 -4.8461094E+01,  0.0000000E+00,  2.6527100E+02,3447,  2.3956116E-02,  0.0000000E+00,  6.4617870E-03,  1.0001264E+03,  7.5185610E+03,3,
 -4.7729904E+01,  0.0000000E+00,  2.6654938E+02,3486,  2.7710449E-02,  0.0000000E+00,  3.9767111E-03,  1.0002941E+03,  1.7500074E+04,3,
 -4.4965942E+01,  0.0000000E+00,  2.6611578E+02,3476,  2.3672415E-02,  0.0000000E+00,  2.1487875E-03,  1.0003567E+03,  2.1230729E+04,3,
 -4.3653828E+01,  0.0000000E+00,  2.6593311E+02,3475,  3.4002632E-02,  0.0000000E+00,  6.3086879E-03,  1.0003468E+03,  2.0641586E+04,3,
 -4.1885448E+01,  0.0000000E+00,  2.6513519E+02,3318,  1.4512542E-02,  0.0000000E+00,  1.5627084E-03,  1.0000849E+03,  5.0492598E+03,3,
 -4.1240574E+01,  0.0000000E+00,  2.6582230E+02,3455,  2.1501157E-02,  0.0000000E+00,  1.6194982E-03,  1.0002525E+03,  1.5024653E+04,3,
 -4.0029919E+01,  0.0000000E+00,  2.6573615E+02,3363,  2.2849169E-02,  0.0000000E+00,  7.6347939E-04,  1.0001859E+03,  1.1060177E+04,3,
 -3.9088665E+01,  0.0000000E+00,  2.6571805E+02,3382,  2.1040823E-02,  0.0000000E+00,  9.0320251E-04,  1.0001292E+03,  7.6819927E+03,3,
 -3.8594601E+01,  0.0000000E+00,  2.6563834E+02,3372,  1.7844722E-02,  0.0000000E+00,  1.6454607E-03,  1.0000755E+03,  4.4901206E+03,3,
 -3.7674385E+01,  0.0000000E+00,  2.6555060E+02,3154,  1.7942205E-02,  0.0000000E+00,  2.4894238E-04,  1.0000803E+03,  4.7769478E+03,3,
 -3.6092777E+01,  0.0000000E+00,  2.6604373E+02,3477,  2.5884643E-02,  0.0000000E+00, -3.0776002E-03,  1.0003263E+03,  1.9419768E+04,3,
 -3.4618042E+01,  0.0000000E+00,  2.6575400E+02,3467,  2.1091532E-02,  0.0000000E+00, -7.0305979E-03,  1.0003662E+03,  2.1798086E+04,3,
 -3.2161209E+01,  0.0000000E+00,  2.6578122E+02,3281,  2.6165182E-02,  0.0000000E+00,  2.5658677E-03,  1.0000203E+03,  1.2085389E+03,3,
 -3.2040890E+01,  0.0000000E+00,  2.6579489E+02,3337,  2.4793718E-02,  0.0000000E+00,  2.5284425E-03,  1.0000612E+03,  3.6369502E+03,3,
 -3.2187912E+01,  0.0000000E+00,  2.6577835E+02,3353,  2.6317796E-02,  0.0000000E+00,  2.5727167E-03,  1.0000145E+03,  8.6011621E+02,3,
 -3.1202839E+01,  0.0000000E+00,  2.6715201E+02,3468,  1.4239202E-02,  0.0000000E+00,  1.4290597E-03,  1.0004748E+03,  2.8270428E+04,3,
 -2.9132660E+01,  0.0000000E+00,  2.6615607E+02,3418,  2.6110850E-02,  0.0000000E+00,  1.3821232E-03,  1.0000840E+03,  4.9984272E+03,3,
 -2.8712551E+01,  0.0000000E+00,  2.6616266E+02,3263,  2.1555478E-02,  0.0000000E+00,  2.5407900E-03,  9.9999255E+02, -4.4273114E+02,3,
 -2.7982239E+01,  0.0000000E+00,  2.6617657E+02,3136,  2.2307383E-02,  0.0000000E+00,  2.0412975E-03,  1.0000046E+03,  2.7218060E+02,3,
 -2.7999716E+01,  0.0000000E+00,  2.6617679E+02,3145,  2.2447290E-02,  0.0000000E+00,  1.8654148E-03,  1.0000048E+03,  2.8669711E+02,3,
 -2.5846704E+01,  0.0000000E+00,  2.6618402E+02,3458,  2.2452384E-02,  0.0000000E+00,  3.2182835E-04,  1.0005386E+03,  3.2074301E+04,3,
 -2.3683813E+01,  0.0000000E+00,  2.6639987E+02,3326,  2.2847140E-02,  0.0000000E+00,  1.6450508E-03,  9.9995496E+02, -2.6778584E+03,3,
 -2.3681070E+01,  0.0000000E+00,  2.6640018E+02,3344,  2.2875860E-02,  0.0000000E+00,  1.6424390E-03,  9.9995483E+02, -2.6851145E+03,3,
 -2.3507805E+01,  0.0000000E+00,  2.6641766E+02,3410,  2.2862662E-02,  0.0000000E+00,  1.3548604E-03,  9.9991571E+02, -5.0104165E+03,3,
 -2.2483126E+01,  0.0000000E+00,  2.6662506E+02,3400,  2.1113252E-02,  0.0000000E+00, -3.6849025E-05,  1.0002123E+03,  1.2629789E+04,3,
 -2.1154755E+01,  0.0000000E+00,  2.6648401E+02,3347,  2.3213580E-02,  0.0000000E+00, -2.5349010E-03,  9.9994324E+02, -3.3744185E+03,3,
 -1.9856638E+01,  0.0000000E+00,  2.6639508E+02,3300,  2.2741765E-02,  0.0000000E+00, -1.6672418E-03,  1.0000804E+03,  4.7805786E+03,3,
 -1.9847069E+01,  0.0000000E+00,  2.6639371E+02,3227,  2.2777783E-02,  0.0000000E+00, -1.5980528E-03,  1.0000775E+03,  4.6063027E+03,3,
 -1.8989721E+01,  0.0000000E+00,  2.6633676E+02,3127,  2.2983287E-02,  0.0000000E+00, -5.2640482E-04,  1.0000607E+03,  3.6079075E+03,3,
 -1.7325727E+01,  0.0000000E+00,  2.6640649E+02,3448,  2.2772275E-02,  0.0000000E+00,  2.1142995E-03,  1.0002177E+03,  1.2949556E+04,3,
 -1.6719027E+01,  0.0000000E+00,  2.6639407E+02,3428,  2.2716947E-02,  0.0000000E+00,  2.3639584E-03,  1.0000190E+03,  1.1323204E+03,3,
 -1.5642894E+01,  0.0000000E+00,  2.6642688E+02,3457,  2.2290647E-02,  0.0000000E+00,  1.9007217E-03,  1.0000153E+03,  9.0729773E+02,3,
 -1.3979517E+01,  0.0000000E+00,  2.6642560E+02,3459,  2.2404829E-02,  0.0000000E+00, -3.1229845E-04,  1.0000847E+03,  5.0347358E+03,3,
 -1.3843829E+01,  0.0000000E+00,  2.6643942E+02,3449,  2.2339178E-02,  0.0000000E+00, -5.4670166E-04,  1.0001528E+03,  9.0912461E+03,3,
 -1.1873225E+01,  0.0000000E+00,  2.6642984E+02,3409,  2.2865016E-02,  0.0000000E+00,  5.1924115E-04,  1.0000409E+03,  2.4317451E+03,3,
 -1.1487400E+01,  0.0000000E+00,  2.6644495E+02,3118,  2.2816978E-02,  0.0000000E+00,  9.2924410E-04,  1.0000652E+03,  3.8801870E+03,3,
 -1.0426712E+01,  0.0000000E+00,  2.6648608E+02,3383,  2.2117442E-02,  0.0000000E+00,  9.6874783E-04,  1.0002770E+03,  1.6485840E+04,3,
 -9.3863182E+00,  0.0000000E+00,  2.6645718E+02,3402,  2.2515649E-02,  0.0000000E+00,  1.8865961E-04,  9.9910132E+02, -5.3289918E+04,3,
 -9.1285200E+00,  0.0000000E+00,  2.6686774E+02,3319,  2.2258408E-02,  0.0000000E+00,  4.0497689E-04,  1.0006479E+03,  3.8600699E+04,3,
 -8.0056190E+00,  0.0000000E+00,  2.6650470E+02,3209,  2.2439916E-02,  0.0000000E+00, -5.6950614E-04,  1.0001793E+03,  1.0664180E+04,3,
 -6.9397984E+00,  0.0000000E+00,  2.6653110E+02,3109,  2.2830933E-02,  0.0000000E+00, -5.6487427E-04,  1.0000278E+03,  1.6549735E+03,3,
 -5.8015985E+00,  0.0000000E+00,  2.6654654E+02,3438,  2.2112193E-02,  0.0000000E+00,  2.7531537E-04,  1.0000093E+03,  5.5525635E+02,3,
 -5.7686377E+00,  0.0000000E+00,  2.6654694E+02,3439,  2.2008754E-02,  0.0000000E+00,  2.6544865E-04,  1.0000100E+03,  5.9517798E+02,3,
 -3.8708830E+00,  0.0000000E+00,  2.6656366E+02,3450,  2.3600794E-02,  0.0000000E+00,  1.3524716E-03,  1.0001838E+03,  1.0936653E+04,3,
 -2.7078447E+00,  0.0000000E+00,  2.6658105E+02,3441,  2.1689828E-02,  0.0000000E+00,  1.9990508E-03,  1.0000092E+03,  5.4799792E+02,3,
 -2.0341339E+00,  0.0000000E+00,  2.6661469E+02,3440,  2.2162993E-02,  0.0000000E+00,  2.3318098E-03,  9.9994763E+02, -3.1132141E+03,3,
 -7.6935744E-01,  0.0000000E+00,  2.6670801E+02,3429,  2.2401521E-02,  0.0000000E+00,  1.8718402E-03,  1.0001501E+03,  8.9314238E+03,3,
  4.1703704E-01,  0.0000000E+00,  2.6667093E+02,3419,  2.2400327E-02,  0.0000000E+00,  2.3636406E-03,  1.0007219E+03,  4.3017184E+04,3,
  1.1643894E+00,  0.0000000E+00,  2.6676956E+02,3392,  2.1829814E-02,  0.0000000E+00,  3.8358732E-04,  9.9735565E+02, -1.5598569E+05,3,
  9.7092050E-01,  0.0000000E+00,  2.6706335E+02,3346,  2.1808708E-02,  0.0000000E+00,  1.9973370E-03,  1.0009791E+03,  5.8384453E+04,3,
  2.4306400E+00,  0.0000000E+00,  2.6697690E+02,3191,  2.2448963E-02,  0.0000000E+00,  2.6856971E-03,  1.0012328E+03,  7.3570688E+04,3,
  4.4755721E+00,  0.0000000E+00,  2.6695380E+02,3100,  2.1740396E-02,  0.0000000E+00,  3.5055073E-03,  9.9974969E+02, -1.4871460E+04,3,
  4.4780703E+00,  0.0000000E+00,  2.6695398E+02,3091,  2.1680413E-02,  0.0000000E+00,  3.5584681E-03,  9.9975153E+02, -1.4762752E+04,3,
  4.7910652E+00,  0.0000000E+00,  2.6696585E+02,3430,  2.1260506E-02,  0.0000000E+00,  6.9927550E-03,  9.9990179E+02, -5.8373809E+03,3,
  4.9780993E+00,  0.0000000E+00,  2.6696667E+02,3431,  2.2340596E-02,  0.0000000E+00, -3.0094050E-03,  9.9994269E+02, -3.4070686E+03,3,
  2.6349600E+01,  0.0000000E+00,  2.6703162E+02,3420,  5.2319318E-01,  0.0000000E+00,  3.7797380E-03,  9.9994257E+02, -3.4143240E+03,3,
  2.6574224E+01,  0.0000000E+00,  2.6704535E+02,3411,  5.2308613E-01,  0.0000000E+00,  6.3528046E-03,  9.9988208E+02, -7.0087964E+03,3,
  2.6778006E+01,  0.0000000E+00,  2.6705573E+02,3356,  5.2291048E-01,  0.0000000E+00,  1.8734233E-03,  9.9977783E+02, -1.3200850E+04,3,
  2.7138403E+01,  0.0000000E+00,  2.6706540E+02,3384,  5.2252126E-01,  0.0000000E+00, -1.4412053E-03,  9.9922601E+02, -4.5912945E+04,3,
  2.7944120E+01,  0.0000000E+00,  2.6729941E+02,3365,  5.2257180E-01,  0.0000000E+00,  6.6975350E-03,  1.0008717E+03,  5.1965473E+04,3,
  2.9444693E+01,  0.0000000E+00,  2.6705930E+02,3082,  5.2417290E-01,  0.0000000E+00,  1.3822323E-02,  9.9989984E+02, -5.9534409E+03,3,
  3.0442686E+01,  0.0000000E+00,  2.6704916E+02,3421,  5.1969707E-01,  0.0000000E+00,  1.1821743E-02,  9.9980530E+02, -1.1569830E+04,3,
  3.1720545E+01,  0.0000000E+00,  2.6704343E+02,3422,  5.2091306E-01,  0.0000000E+00,  2.6026359E-03,  9.9998053E+02, -1.1575913E+03,3,
  3.1936445E+01,  0.0000000E+00,  2.6704065E+02,3432,  5.2125561E-01,  0.0000000E+00,  3.8643361E-03,  9.9997913E+02, -1.2410488E+03,3,
  3.2708416E+01,  0.0000000E+00,  2.6704080E+02,3423,  5.2737927E-01,  0.0000000E+00,  5.3017251E-03,  9.9997168E+02, -1.6837245E+03,3,
  3.5612099E+01,  0.0000000E+00,  2.6710211E+02,3218,  5.1244467E-01,  0.0000000E+00, -1.4964683E-02,  1.0001185E+03,  7.0464414E+03,3,
  3.6000015E+01,  0.0000000E+00,  2.6706918E+02,3310,  5.2467561E-01,  0.0000000E+00, -9.2222349E-04,  9.9968634E+02, -1.8632020E+04,3,
  3.6216274E+01,  0.0000000E+00,  2.6707483E+02,3246,  5.2149630E-01,  0.0000000E+00, -5.5110743E-03,  9.9994885E+02, -3.0406562E+03,3,
  3.6423946E+01,  0.0000000E+00,  2.6706671E+02,3345,  5.2074724E-01,  0.0000000E+00, -4.9152030E-03,  9.9997974E+02, -1.2047631E+03,3,
  3.6743946E+01,  0.0000000E+00,  2.6704117E+02,3412,  5.2093047E-01,  0.0000000E+00, -1.3480679E-02,  9.9998865E+02, -6.7497565E+02,3,
