TimeStep [s],Np,Nbound,Nfixed,Nmoving,Nfloat,Nfluid
62.0006,1800,0,0,0,0,1800

Pos.x [m],Pos.y [m],Pos.z [m],Idp,Vel.x [m/s],Vel.y [m/s],Vel.z [m/s],Rhop [kg/m^3],Press [Pa],Type,
  3.0143939E+02,  0.0000000E+00,  2.5055696E+02,2658, -4.7389460E-01,  0.0000000E+00,  2.0496738E-01,  1.0024627E+03,  1.4751380E+05,3,
  3.0285519E+02,  0.0000000E+00,  2.5059296E+02,2389,  6.4023316E-01,  0.0000000E+00, -1.5359199E-01,  1.0018154E+03,  1.0853138E+05,3,
  3.0668665E+02,  0.0000000E+00,  2.5008459E+02,2685,  9.8498303E-01,  0.0000000E+00,  1.7489834E-01,  1.0038533E+03,  2.3177311E+05,3,
  3.0851495E+02,  0.0000000E+00,  2.5092923E+02,2646,  1.3445156E+00,  0.0000000E+00, -2.1502650E-01,  1.0012808E+03,  7.6448336E+04,3,
  3.0420203E+02,  0.0000000E+00,  2.5060461E+02,2674,  1.1785805E+00,  0.0000000E+00,  3.0146584E-01,  1.0018586E+03,  1.1112918E+05,3,
  3.0249997E+02,  0.0000000E+00,  2.5123335E+02,2645,  1.5277199E+00,  0.0000000E+00, -7.9315269E-01,  9.9990186E+02, -5.8337544E+03,3,
  3.0949924E+02,  0.0000000E+00,  2.5081674E+02,2571,  1.1262794E+00,  0.0000000E+00, -3.7698093E-01,  1.0018860E+03,  1.1277334E+05,3,
  3.1034933E+02,  0.0000000E+00,  2.5076234E+02,2629,  1.0996548E+00,  0.0000000E+00,  1.7496109E-01,  1.0012153E+03,  7.2521484E+04,3,
  3.1127643E+02,  0.0000000E+00,  2.5080669E+02,2666,  1.4254951E+00,  0.0000000E+00,  3.8805598E-01,  1.0017648E+03,  1.0548680E+05,3,
  3.1249997E+02,  0.0000000E+00,  2.5062881E+02,2649,  1.3784883E+00,  0.0000000E+00,  3.2397014E-01,  1.0019914E+03,  1.1911391E+05,3,
  3.1366412E+02,  0.0000000E+00,  2.5086903E+02,2628,  1.1594354E+00,  0.0000000E+00,  2.6207113E-01,  1.0016440E+03,  9.8234859E+04,3,
  3.1462900E+02,  0.0000000E+00,  2.5083101E+02,2535,  1.0524753E+00,  0.0000000E+00,  4.6210434E-02,  1.0012477E+03,  7.4462781E+04,3,
  3.1567682E+02,  0.0000000E+00,  2.5062244E+02,2648,  9.0472066E-01,  0.0000000E+00,  1.2572278E-01,  1.0016836E+03,  1.0061004E+05,3,
  3.1679260E+02,  0.0000000E+00,  2.5072137E+02,2371,  9.3754417E-01,  0.0000000E+00,  1.1431627E-01,  1.0015475E+03,  9.2438555E+04,3,
  3.1779730E+02,  0.0000000E+00,  2.5079703E+02,2601,  1.0125235E+00,  0.0000000E+00,  2.2089885E-01,  1.0017906E+03,  1.0703832E+05,3,
  3.1878293E+02,  0.0000000E+00,  2.5088428E+02,2554,  1.0536417E+00,  0.0000000E+00,  2.3510639E-01,  1.0004397E+03,  2.6178006E+04,3,
  3.1973492E+02,  0.0000000E+00,  2.5068613E+02,2582,  1.0755788E+00,  0.0000000E+00,  8.3172180E-02,  1.0016973E+03,  1.0143123E+05,3,
  3.2079160E+02,  0.0000000E+00,  2.5077151E+02,2619,  1.0496156E+00,  0.0000000E+00,  6.8143867E-02,  1.0016381E+03,  9.7879367E+04,3,
  3.2186844E+02,  0.0000000E+00,  2.5078523E+02,2453,  9.4854516E-01,  0.0000000E+00,  9.8991729E-02,  1.0013220E+03,  7.8917117E+04,3,
  3.2264423E+02,  0.0000000E+00,  2.5093661E+02,2517,  9.9477005E-01,  0.0000000E+00,  6.0820095E-03,  1.0007181E+03,  4.2791207E+04,3,
  3.2390298E+02,  0.0000000E+00,  2.5056094E+02,2600,  8.9683461E-01,  0.0000000E+00,  5.6511525E-02,  1.0020038E+03,  1.1986316E+05,3,
  3.2495822E+02,  0.0000000E+00,  2.5080441E+02,2444,  9.4044918E-01,  0.0000000E+00,  7.5710505E-02,  1.0013635E+03,  8.1404805E+04,3,
  3.2614334E+02,  0.0000000E+00,  2.5082462E+02,2630,  9.4212019E-01,  0.0000000E+00,  1.1543276E-01,  1.0019099E+03,  1.1420852E+05,3,
  3.2726807E+02,  0.0000000E+00,  2.5042490E+02,2622,  9.9070507E-01,  0.0000000E+00,  8.2979925E-02,  1.0023178E+03,  1.3877420E+05,3,
  3.2860867E+02,  0.0000000E+00,  2.5107248E+02,2353,  9.2782712E-01,  0.0000000E+00,  6.7597464E-02,  1.0010485E+03,  6.2539465E+04,3,
  3.2954803E+02,  0.0000000E+00,  2.5106972E+02,2602,  9.3710428E-01,  0.0000000E+00, -7.6703057E-03,  1.0010096E+03,  6.0213469E+04,3,
  3.3018213E+02,  0.0000000E+00,  2.5069490E+02,2611,  9.8765177E-01,  0.0000000E+00,  6.7190430E-03,  1.0013876E+03,  8.2850141E+04,3,
  3.3148480E+02,  0.0000000E+00,  2.5066695E+02,2573,  9.1103768E-01,  0.0000000E+00,  4.9741212E-02,  1.0014179E+03,  8.4665344E+04,3,
  3.3237265E+02,  0.0000000E+00,  2.5091818E+02,2518,  9.2721671E-01,  0.0000000E+00,  6.6680863E-02,  1.0008983E+03,  5.3556148E+04,3,
  3.3303488E+02,  0.0000000E+00,  2.5102209E+02,2490,  1.0004474E+00,  0.0000000E+00,  8.3786093E-02,  1.0009502E+03,  5.6657965E+04,3,
  3.3420181E+02,  0.0000000E+00,  2.5077957E+02,2604,  9.7237015E-01,  0.0000000E+00,  8.9678623E-02,  1.0014976E+03,  8.9446453E+04,3,
  3.3565128E+02,  0.0000000E+00,  2.5064107E+02,2595,  9.6157491E-01,  0.0000000E+00,  4.5434307E-02,  1.0025421E+03,  1.5230281E+05,3,
  3.3703641E+02,  0.0000000E+00,  2.5031647E+02,2586,  9.2559904E-01,  0.0000000E+00,  7.8577742E-02,  1.0032406E+03,  1.9456280E+05,3,
  3.3922345E+02,  0.0000000E+00,  2.5081711E+02,2335,  9.6689361E-01,  0.0000000E+00,  1.7425530E-01,  1.0012030E+03,  7.1786742E+04,3,
  3.4039102E+02,  0.0000000E+00,  2.5098546E+02,2537,  8.5143358E-01,  0.0000000E+00,  1.9787732E-01,  1.0009528E+03,  5.6811254E+04,3,
  3.4109778E+02,  0.0000000E+00,  2.5074937E+02,2426,  8.6101764E-01,  0.0000000E+00,  1.7249802E-01,  1.0012378E+03,  7.3870484E+04,3,
  3.4218280E+02,  0.0000000E+00,  2.5090068E+02,2417,  8.8150173E-01,  0.0000000E+00,  1.2895246E-01,  1.0011187E+03,  6.6740055E+04,3,
  3.4327161E+02,  0.0000000E+00,  2.5067355E+02,2509,  8.5812807E-01,  0.0000000E+00,  1.4753549E-01,  1.0013873E+03,  8.2828188E+04,3,
  3.4412192E+02,  0.0000000E+00,  2.5113115E+02,2500,  8.3552051E-01,  0.0000000E+00,  1.2712580E-01,  1.0007853E+03,  4.6804820E+04,3,
  3.4513391E+02,  0.0000000E+00,  2.5075005E+02,2463,  8.1906337E-01,  0.0000000E+00,  2.1384366E-01,  1.0011921E+03,  7.1136125E+04,3,
  3.4595163E+02,  0.0000000E+00,  2.5104013E+02,2546,  8.0141354E-01,  0.0000000E+00,  2.3962507E-01,  1.0008532E+03,  5.0860176E+04,3,
  3.4698386E+02,  0.0000000E+00,  2.5101067E+02,2491,  9.2152888E-01,  0.0000000E+00,  2.6810956E-01,  1.0010173E+03,  6.0673512E+04,3,
  3.4809158E+02,  0.0000000E+00,  2.5040582E+02,2558,  9.2752218E-01,  0.0000000E+00,  2.6070422E-01,  1.0020906E+03,  1.2508366E+05,3,
  3.4939963E+02,  0.0000000E+00,  2.5089253E+02,2548,  7.8986472E-01,  0.0000000E+00,  2.5606877E-01,  1.0011094E+03,  6.6184742E+04,3,
  3.5044836E+02,  0.0000000E+00,  2.5108789E+02,2510,  7.7058679E-01,  0.0000000E+00,  3.2104090E-01,  1.0006557E+03,  3.9063391E+04,3,
  3.5086603E+02,  0.0000000E+00,  2.5114441E+02,2547,  7.9494911E-01,  0.0000000E+00,  3.6771649E-01,  1.0006092E+03,  3.6287562E+04,3,
  3.5176337E+02,  0.0000000E+00,  2.5102855E+02,2520,  7.2829229E-01,  0.0000000E+00,  4.0803692E-01,  1.0008513E+03,  5.0747098E+04,3,
  3.5343958E+02,  0.0000000E+00,  2.5031726E+02,2541,  8.1096244E-01,  0.0000000E+00,  4.8270521E-01,  1.0026923E+03,  1.6137500E+05,3,
  3.5471448E+02,  0.0000000E+00,  2.5086940E+02,2451,  7.8513294E-01,  0.0000000E+00,  3.9194557E-01,  1.0014189E+03,  8.4723898E+04,3,
  3.5595270E+02,  0.0000000E+00,  2.5094734E+02,2494,  7.4302232E-01,  0.0000000E+00,  2.2637680E-01,  1.0010270E+03,  6.1250422E+04,3,
  3.5686572E+02,  0.0000000E+00,  2.5090723E+02,2372,  7.1675175E-01,  0.0000000E+00,  1.2954043E-01,  1.0010522E+03,  6.2758582E+04,3,
  3.5804050E+02,  0.0000000E+00,  2.5060909E+02,2531,  7.7046359E-01,  0.0000000E+00,  1.8124476E-01,  1.0013039E+03,  7.7830781E+04,3,
  3.5945160E+02,  0.0000000E+00,  2.5107875E+02,2381,  6.7211246E-01,  0.0000000E+00,  4.9564868E-01,  1.0006106E+03,  3.6371336E+04,3,
  3.5996643E+02,  0.0000000E+00,  2.5082706E+02,2354,  1.2601189E-01,  0.0000000E+00,  5.1757658E-01,  1.0010733E+03,  6.4022254E+04,3,
  3.6052008E+02,  0.0000000E+00,  2.5090665E+02,2486,  4.0576723E-01,  0.0000000E+00,  7.4007994E-01,  1.0014141E+03,  8.4438422E+04,3,
  3.9059439E+02,  0.0000000E+00,  2.5031099E+02,2424,  5.5536419E-01,  0.0000000E+00,  6.5796815E-02,  1.0020064E+03,  1.2001741E+05,3,
  3.9070447E+02,  0.0000000E+00,  2.5097502E+02,2254,  6.1982858E-01,  0.0000000E+00, -9.6515641E-03,  1.0015114E+03,  9.0274047E+04,3,
  3.9352637E+02,  0.0000000E+00,  2.5125377E+02,2373,  1.4038882E+00,  0.0000000E+00, -1.8651150E-01,  1.0001033E+03,  6.1458442E+03,3,
  3.9301471E+02,  0.0000000E+00,  2.5073071E+02,2348,  1.9178485E+00,  0.0000000E+00,  2.5378817E-01,  1.0013396E+03,  7.9970648E+04,3,
  3.9594278E+02,  0.0000000E+00,  2.5037881E+02,2370,  1.7995999E+00,  0.0000000E+00,  8.1242494E-02,  1.0020101E+03,  1.2023780E+05,3,
  3.9520267E+02,  0.0000000E+00,  2.5099011E+02,2386, -1.3419929E-01,  0.0000000E+00, -8.7272036E-01,  1.0007314E+03,  4.3582137E+04,3,
  3.9759219E+02,  0.0000000E+00,  2.5076819E+02,2343,  1.5523106E+00,  0.0000000E+00,  2.2617140E-01,  1.0016027E+03,  9.5753984E+04,3,
  3.9881192E+02,  0.0000000E+00,  2.5074507E+02,2307,  1.4839965E+00,  0.0000000E+00,  8.4776364E-02,  1.0016889E+03,  1.0092898E+05,3,
  4.0026364E+02,  0.0000000E+00,  2.5049011E+02,2379,  1.5912720E+00,  0.0000000E+00, -2.5854941E-02,  1.0021340E+03,  1.2769678E+05,3,
  4.0190643E+02,  0.0000000E+00,  2.5074263E+02,2395,  1.4825908E+00,  0.0000000E+00,  1.2172761E-02,  1.0011353E+03,  6.7730188E+04,3,
  4.0322342E+02,  0.0000000E+00,  2.5101453E+02,2394,  1.4894918E+00,  0.0000000E+00, -2.3683215E-02,  1.0005001E+03,  2.9780883E+04,3,
  4.0302707E+02,  0.0000000E+00,  2.5098047E+02,2384,  1.5020201E+00,  0.0000000E+00, -1.0911203E-02,  1.0005573E+03,  3.3188438E+04,3,
  4.0432779E+02,  0.0000000E+00,  2.5086093E+02,2374,  1.7454122E+00,  0.0000000E+00,  2.8120071E-02,  1.0009507E+03,  5.6690812E+04,3,
  4.0633783E+02,  0.0000000E+00,  2.5024063E+02,2032,  1.4078730E+00,  0.0000000E+00, -9.7522348E-02,  1.0033328E+03,  2.0015528E+05,3,
  4.0782269E+02,  0.0000000E+00,  2.5093878E+02,2235,  1.6579422E+00,  0.0000000E+00, -6.2247626E-02,  1.0010798E+03,  6.4413074E+04,3,
  4.0931134E+02,  0.0000000E+00,  2.5058052E+02,2334,  2.1141760E+00,  0.0000000E+00,  7.6418951E-02,  1.0010613E+03,  6.3302746E+04,3,
  4.1038086E+02,  0.0000000E+00,  2.5076335E+02,2341,  8.0079085E-01,  0.0000000E+00,  3.5786149E-01,  1.0013663E+03,  8.1573109E+04,3,
  6.6261273E+02,  0.0000000E+00,  2.5120999E+02,2068,  2.3703279E+00,  0.0000000E+00, -5.8939141E-01,  9.9729547E+02, -1.5950688E+05,3,
  6.6635608E+02,  0.0000000E+00,  2.5095847E+02,2037,  1.1706966E+01,  0.0000000E+00,  3.7271256E+00,  9.9602588E+02, -2.3349448E+05,3,
  6.6616370E+02,  0.0000000E+00,  2.5103638E+02,2046,  1.1321177E+01,  0.0000000E+00,  7.4497074E-01,  1.0038101E+03,  2.2914784E+05,3,
  6.6969470E+02,  0.0000000E+00,  2.5092084E+02,2074,  4.8182411E+00,  0.0000000E+00, -2.4402606E+00,  9.9972717E+02, -1.6208470E+04,3,
  6.7107452E+02,  0.0000000E+00,  2.5092287E+02,2069,  7.9626756E+00,  0.0000000E+00, -2.1324666E+00,  1.0056116E+03,  3.3932231E+05,3,
  6.7233069E+02,  0.0000000E+00,  2.5109442E+02,2063,  8.5888443E+00,  0.0000000E+00, -3.3215890E+00,  1.0000588E+03,  3.4989976E+03,3,
  6.6966766E+02,  0.0000000E+00,  2.5133905E+02,2049,  1.1482304E+01,  0.0000000E+00, -2.2055883E+00,  1.0011415E+03,  6.8102883E+04,3,
  6.7188672E+02,  0.0000000E+00,  2.5132323E+02,2041,  9.7287407E+00,  0.0000000E+00, -3.7123933E+00,  1.0009286E+03,  5.5366031E+04,3,
  6.7685278E+02,  0.0000000E+00,  2.5123685E+02,2060,  7.9293776E+00,  0.0000000E+00,  3.2576525E+00,  9.9651355E+02, -2.0514152E+05,3,
  6.7709375E+02,  0.0000000E+00,  2.5107263E+02,2048,  5.9501023E+00,  0.0000000E+00,  1.0590526E+00,  9.9800311E+02, -1.1802189E+05,3,
  6.7851776E+02,  0.0000000E+00,  2.5088528E+02,2044,  8.4963827E+00,  0.0000000E+00, -7.8975630E-01,  1.0040328E+03,  2.4270108E+05,3,
  6.8118231E+02,  0.0000000E+00,  2.5095132E+02,2038,  7.9691472E+00,  0.0000000E+00,  2.0740645E+00,  1.0054235E+03,  3.2776225E+05,3,
  6.8121179E+02,  0.0000000E+00,  2.5124352E+02,2047,  4.8574753E+00,  0.0000000E+00,  1.1418617E+00,  9.9635559E+02, -2.1433430E+05,3,
  6.8172314E+02,  0.0000000E+00,  2.5102982E+02,2040,  9.2432642E+00,  0.0000000E+00, -2.5435705E+00,  9.9873700E+02, -7.4811477E+04,3,
  6.8318256E+02,  0.0000000E+00,  2.5103107E+02,2043,  7.3338423E+00,  0.0000000E+00,  4.0561894E-01,  1.0038272E+03,  2.3018747E+05,3,
  6.8609045E+02,  0.0000000E+00,  2.5083098E+02,2054,  9.3424149E+00,  0.0000000E+00,  5.4454029E-01,  9.9898755E+02, -6.0015730E+04,3,
  6.8348346E+02,  0.0000000E+00,  2.5124635E+02,2061,  9.9014778E+00,  0.0000000E+00, -2.3292320E+00,  9.9925354E+02, -4.4283707E+04,3,
  1.9275542E+02,  0.0000000E+00,  2.5742612E+02,2836,  1.1828470E+01,  0.0000000E+00, -3.8240952E+00,  1.0015590E+03,  9.3130859E+04,3,
  1.9164450E+02,  0.0000000E+00,  2.5782919E+02,2733,  1.0017955E+01,  0.0000000E+00,  6.9196039E-01,  9.9530579E+02, -2.7520834E+05,3,
  1.9337347E+02,  0.0000000E+00,  2.5744043E+02,2488,  1.0309578E+01,  0.0000000E+00, -3.0931840E+00,  1.0117314E+03,  7.2256231E+05,3,
  1.9462492E+02,  0.0000000E+00,  2.5691275E+02,2798,  7.8476763E+00,  0.0000000E+00, -5.9165530E+00,  1.0049447E+03,  2.9839919E+05,3,
  1.9590604E+02,  0.0000000E+00,  2.5670602E+02,2615,  1.2927259E+01,  0.0000000E+00, -2.3338401E+00,  9.9659332E+02, -2.0049562E+05,3,
  1.9623325E+02,  0.0000000E+00,  2.5711258E+02,2724,  8.2198181E+00,  0.0000000E+00, -1.7257899E+00,  9.9941095E+02, -3.4961887E+04,3,
  1.9712868E+02,  0.0000000E+00,  2.5653137E+02,2606,  8.0977039E+00,  0.0000000E+00,  2.0533793E+00,  9.9928027E+02, -4.2701172E+04,3,
  1.9856375E+02,  0.0000000E+00,  2.5611642E+02,2828,  1.3038717E+01,  0.0000000E+00,  4.2605276E+00,  1.0068109E+03,  4.1332819E+05,3,
  1.9948154E+02,  0.0000000E+00,  2.5715176E+02,2819,  1.2374904E+01,  0.0000000E+00,  3.5638359E+00,  1.0011436E+03,  6.8227117E+04,3,
  1.9822336E+02,  0.0000000E+00,  2.5799722E+02,2829,  1.0060395E+01,  0.0000000E+00,  3.2228678E-01,  9.9704559E+02, -1.7411366E+05,3,
  2.0063501E+02,  0.0000000E+00,  2.5719815E+02,2837,  1.1410548E+01,  0.0000000E+00,  3.8032467E+00,  1.0028016E+03,  1.6798245E+05,3,
  2.0150056E+02,  0.0000000E+00,  2.5688651E+02,2479,  1.0131751E+01,  0.0000000E+00,  4.2456469E-01,  9.9334760E+02, -3.8773141E+05,3,
  2.0313113E+02,  0.0000000E+00,  2.5806131E+02,2715,  1.3346033E+01,  0.0000000E+00,  4.1396797E-01,  1.0064564E+03,  3.9140162E+05,3,
  2.0300543E+02,  0.0000000E+00,  2.5791946E+02,2761,  9.0134420E+00,  0.0000000E+00,  3.4607048E+00,  9.9607916E+02, -2.3040064E+05,3,
  2.0346159E+02,  0.0000000E+00,  2.5680463E+02,2827,  1.0227514E+01,  0.0000000E+00, -7.5032282E-01,  9.9787091E+02, -1.2578556E+05,3,
  2.0546381E+02,  0.0000000E+00,  2.5717264E+02,2799,  1.0339256E+01,  0.0000000E+00, -4.1406998E-01,  9.9650714E+02, -2.0551466E+05,3,
  2.0485558E+02,  0.0000000E+00,  2.5775256E+02,2808,  1.0131112E+01,  0.0000000E+00, -3.0323088E+00,  1.0040617E+03,  2.4446344E+05,3,
  2.0585887E+02,  0.0000000E+00,  2.5709885E+02,2789,  1.0779712E+01,  0.0000000E+00, -1.6082208E+00,  9.9716650E+02, -1.6704848E+05,3,
  2.0754543E+02,  0.0000000E+00,  2.5784192E+02,2706,  1.0342712E+01,  0.0000000E+00, -3.0318576E-01,  1.0011498E+03,  6.8599836E+04,3,
  2.0754678E+02,  0.0000000E+00,  2.5778781E+02,2790,  9.1593752E+00,  0.0000000E+00, -1.4282161E+00,  1.0056583E+03,  3.4219747E+05,3,
  2.0972397E+02,  0.0000000E+00,  2.5675183E+02,2752,  1.2064898E+01,  0.0000000E+00,  1.0140548E+00,  9.9419641E+02, -3.3911931E+05,3,
  2.1046536E+02,  0.0000000E+00,  2.5708990E+02,2818,  1.2506792E+01,  0.0000000E+00,  5.3464270E+00,  9.9295660E+02, -4.1003997E+05,3,
  2.1021675E+02,  0.0000000E+00,  2.5758545E+02,2743,  9.5864553E+00,  0.0000000E+00,  2.0692830E+00,  1.0049471E+03,  2.9854497E+05,3,
  2.1100195E+02,  0.0000000E+00,  2.5669586E+02,2820,  9.6841955E+00,  0.0000000E+00,  3.2168201E-01,  9.9894037E+02, -6.2803574E+04,3,
  2.3545786E+02,  0.0000000E+00,  2.5475801E+02,2697,  8.2459822E+00,  0.0000000E+00, -1.2982997E+00,  1.0003198E+03,  1.9034346E+04,3,
  2.3552763E+02,  0.0000000E+00,  2.5482591E+02,2809,  7.6530318E+00,  0.0000000E+00, -4.9763358E-01,  1.0022288E+03,  1.3341050E+05,3,
  2.3567000E+02,  0.0000000E+00,  2.5509387E+02,2780,  9.0466461E+00,  0.0000000E+00, -8.6865067E-01,  1.0050278E+03,  3.0349166E+05,3,
  2.3699792E+02,  0.0000000E+00,  2.5575897E+02,2597,  1.0521907E+01,  0.0000000E+00, -2.2295220E+00,  9.9972083E+02, -1.6585264E+04,3,
  2.3753131E+02,  0.0000000E+00,  2.5514812E+02,2781,  8.5777779E+00,  0.0000000E+00, -2.5412605E+00,  9.8512695E+02, -8.4582681E+05,3,
  2.3634048E+02,  0.0000000E+00,  2.5392789E+02,2461,  6.2390251E+00,  0.0000000E+00,  4.3645465E-01,  1.0047450E+03,  2.8617566E+05,3,
  2.3964340E+02,  0.0000000E+00,  2.5568887E+02,2801,  1.1318513E+01,  0.0000000E+00,  7.0931548E-01,  1.0003699E+03,  2.2019945E+04,3,
  2.4032701E+02,  0.0000000E+00,  2.5542990E+02,2810,  9.0237856E+00,  0.0000000E+00,  1.8852190E+00,  1.0088484E+03,  5.4028038E+05,3,
  2.4015691E+02,  0.0000000E+00,  2.5438533E+02,2811,  9.5662050E+00,  0.0000000E+00,  9.0200389E-03,  9.9692334E+02, -1.8125206E+05,3,
  2.4122165E+02,  0.0000000E+00,  2.5654239E+02,2802,  6.4354849E+00,  0.0000000E+00,  9.5509541E-01,  1.0022847E+03,  1.3677627E+05,3,
  2.4312808E+02,  0.0000000E+00,  2.5552411E+02,2771,  1.0633092E+01,  0.0000000E+00,  1.0672402E+00,  9.9155054E+02, -4.8983081E+05,3,
  2.4372815E+02,  0.0000000E+00,  2.5529352E+02,2734,  8.9883614E+00,  0.0000000E+00, -3.1051973E-01,  1.0053440E+03,  3.2288256E+05,3,
  2.4371146E+02,  0.0000000E+00,  2.5679114E+02,2792,  8.4391489E+00,  0.0000000E+00, -3.7600747E-01,  1.0003291E+03,  1.9587031E+04,3,
  2.4530484E+02,  0.0000000E+00,  2.5551117E+02,2800,  1.0093211E+01,  0.0000000E+00,  2.0159545E+00,  1.0034839E+03,  2.0932236E+05,3,
  2.4464769E+02,  0.0000000E+00,  2.5577188E+02,2791,  8.7527466E+00,  0.0000000E+00, -2.6274812E-01,  9.9650360E+02, -2.0572077E+05,3,
  2.4709119E+02,  0.0000000E+00,  2.5476884E+02,2772,  8.5150499E+00,  0.0000000E+00, -9.2928904E-01,  1.0049899E+03,  3.0116572E+05,3,
  2.4746484E+02,  0.0000000E+00,  2.5612073E+02,2782,  8.7132797E+00,  0.0000000E+00, -1.4661646E-01,  9.9522321E+02, -2.7998053E+05,3,
  2.4773877E+02,  0.0000000E+00,  2.5669083E+02,2688,  1.1090522E+01,  0.0000000E+00,  1.5085254E+00,  9.9777039E+02, -1.3168484E+05,3,
  2.4845128E+02,  0.0000000E+00,  2.5494592E+02,2762,  7.1466718E+00,  0.0000000E+00, -3.6213021E+00,  1.0084670E+03,  5.1639878E+05,3,
  2.4946991E+02,  0.0000000E+00,  2.5750620E+02,2679,  9.0064287E+00,  0.0000000E+00,  2.0794191E+00,  9.9979199E+02, -1.2360002E+04,3,
  2.5019836E+02,  0.0000000E+00,  2.5542789E+02,2588,  8.0906963E+00,  0.0000000E+00, -1.4995483E-01,  1.0000142E+03,  8.4559888E+02,3,
  2.4959026E+02,  0.0000000E+00,  2.5352742E+02,2784,  3.1253252E+00,  0.0000000E+00, -5.6454897E+00,  9.9846954E+02, -9.0581062E+04,3,
  2.5380222E+02,  0.0000000E+00,  2.5679611E+02,2452,  8.9237852E+00,  0.0000000E+00,  2.9839926E+00,  1.0020192E+03,  1.2078509E+05,3,
  2.5183603E+02,  0.0000000E+00,  2.5313271E+02,2579,  3.6381152E-01,  0.0000000E+00, -4.4046454E+00,  9.9646216E+02, -2.0813333E+05,3,
  2.5426582E+02,  0.0000000E+00,  2.5758325E+02,2744,  1.9382044E+00,  0.0000000E+00,  1.3354617E+00,  1.0000095E+03,  5.6614404E+02,3,
  2.5215974E+02,  0.0000000E+00,  2.5310110E+02,2707,  2.9578924E+00,  0.0000000E+00, -8.6773950E-01,  1.0025037E+03,  1.4998906E+05,3,
  2.5172691E+02,  0.0000000E+00,  2.5332755E+02,2725,  4.2362759E-01,  0.0000000E+00, -2.3403270E+00,  1.0060953E+03,  3.6911109E+05,3,
  2.5352847E+02,  0.0000000E+00,  2.5299838E+02,2652,  2.7084833E-01,  0.0000000E+00,  1.3045467E+00,  9.9789001E+02, -1.2466405E+05,3,
  2.5480547E+02,  0.0000000E+00,  2.5314966E+02,2570,  5.2323098E+00,  0.0000000E+00,  3.1927588E+00,  9.9955566E+02, -2.6384109E+04,3,
  2.5554208E+02,  0.0000000E+00,  2.5595547E+02,2736,  7.8464856E+00,  0.0000000E+00,  2.1060796E+00,  9.9912573E+02, -5.1846012E+04,3,
  2.5509779E+02,  0.0000000E+00,  2.5788669E+02,2764,  3.6479807E+00,  0.0000000E+00,  1.1486804E+00,  1.0008242E+03,  4.9127695E+04,3,
  2.5832089E+02,  0.0000000E+00,  2.5806915E+02,2763,  5.5473633E+00,  0.0000000E+00,  4.0530977E+00,  1.0007062E+03,  4.2076875E+04,3,
  2.5653848E+02,  0.0000000E+00,  2.5775671E+02,2745,  2.9330754E+00,  0.0000000E+00,  1.7452987E+00,  9.9671490E+02, -1.9341053E+05,3,
  2.6021918E+02,  0.0000000E+00,  2.5597665E+02,2698,  5.0671334E+00,  0.0000000E+00,  4.2279682E+00,  9.9986810E+02, -7.8392202E+03,3,
  2.5537248E+02,  0.0000000E+00,  2.5305193E+02,2765,  5.1342797E-01,  0.0000000E+00, -4.9229894E-02,  9.9751776E+02, -1.4649430E+05,3,
  2.5612097E+02,  0.0000000E+00,  2.5277783E+02,2774,  1.1945295E+00,  0.0000000E+00, -5.6089127E-01,  1.0021364E+03,  1.2784013E+05,3,
  2.5832333E+02,  0.0000000E+00,  2.5557599E+02,2735,  5.3119856E-01,  0.0000000E+00,  2.0519216E+00,  1.0013278E+03,  7.9260969E+04,3,
  2.5881296E+02,  0.0000000E+00,  2.5238512E+02,2775, -9.3784809E-01,  0.0000000E+00,  5.4547888E-01,  1.0026979E+03,  1.6171431E+05,3,
  2.5781171E+02,  0.0000000E+00,  2.5335573E+02,2561,  5.4610443E-01,  0.0000000E+00, -9.0959841E-01,  1.0031527E+03,  1.8923595E+05,3,
  2.5924118E+02,  0.0000000E+00,  2.5321526E+02,2773,  2.1626241E+00,  0.0000000E+00,  1.7182140E+00,  9.9740613E+02, -1.5303134E+05,3,
  2.6050952E+02,  0.0000000E+00,  2.5312070E+02,2746,  2.4902380E-01,  0.0000000E+00,  3.2940358E-01,  1.0000007E+03,  4.3548393E+01,3,
  2.6102835E+02,  0.0000000E+00,  2.5623587E+02,2754,  5.5142879E-01,  0.0000000E+00,  3.9412925E+00,  1.0002148E+03,  1.2778771E+04,3,
  2.6291251E+02,  0.0000000E+00,  2.5545213E+02,2716,  1.4735125E+00,  0.0000000E+00,  6.4197123E-01,  1.0002364E+03,  1.4065185E+04,3,
  2.6182745E+02,  0.0000000E+00,  2.5314189E+02,2434, -5.1926178E-01,  0.0000000E+00,  8.9122808E-01,  1.0005972E+03,  3.5570055E+04,3,
  2.6590961E+02,  0.0000000E+00,  2.5572926E+02,2766,  1.6246417E+00,  0.0000000E+00,  4.0062973E-01,  1.0001460E+03,  8.6844307E+03,3,
  2.6445862E+02,  0.0000000E+00,  2.5544403E+02,2726,  2.3608935E+00,  0.0000000E+00,  1.7256618E-01,  9.9978827E+02, -1.2581094E+04,3,
  2.6249762E+02,  0.0000000E+00,  2.5590416E+02,2756,  9.4107324E-01,  0.0000000E+00,  1.4881098E+00,  1.0001468E+03,  8.7316494E+03,3,
  2.6664868E+02,  0.0000000E+00,  2.5312860E+02,2708, -1.1221526E+00,  0.0000000E+00,  5.6833280E-03,  9.9861633E+02, -8.1929281E+04,3,
  2.6454443E+02,  0.0000000E+00,  2.5292581E+02,2643, -1.7496642E+00,  0.0000000E+00, -9.1956443E-01,  1.0030636E+03,  1.8383800E+05,3,
  2.6308276E+02,  0.0000000E+00,  2.5307782E+02,2543, -2.2679794E+00,  0.0000000E+00,  5.1478674E-03,  9.9924225E+02, -4.4952055E+04,3,
  2.6507712E+02,  0.0000000E+00,  2.5288223E+02,2425, -1.0413104E+00,  0.0000000E+00,  9.1578001E-01,  9.9897620E+02, -6.0686617E+04,3,
  2.6785281E+02,  0.0000000E+00,  2.5579536E+02,2755,  5.8162040E-01,  0.0000000E+00, -3.1276771E-01,  1.0000727E+03,  4.3231113E+03,3,
  2.6771356E+02,  0.0000000E+00,  2.5300725E+02,2728, -1.5700411E+00,  0.0000000E+00, -4.3871146E-01,  1.0020792E+03,  1.2439651E+05,3,
  2.6813965E+02,  0.0000000E+00,  2.5571831E+02,2717,  9.2862260E-01,  0.0000000E+00, -2.6874772E-01,  9.9990771E+02, -5.4855669E+03,3,
  2.7078549E+02,  0.0000000E+00,  2.5635718E+02,2757,  3.4531476E+00,  0.0000000E+00,  9.0641715E-02,  9.9949469E+02, -2.9999189E+04,3,
  2.6961432E+02,  0.0000000E+00,  2.5595905E+02,2718,  2.4304307E+00,  0.0000000E+00, -1.5826522E-01,  9.9968781E+02, -1.8545086E+04,3,
  2.7232327E+02,  0.0000000E+00,  2.5599416E+02,2737,  7.2470289E-01,  0.0000000E+00, -3.7750426E-01,  9.9875000E+02, -7.4044305E+04,3,
  2.7049609E+02,  0.0000000E+00,  2.5333958E+02,2552, -4.2323829E-03,  0.0000000E+00,  4.9055669E-01,  1.0008813E+03,  5.2541879E+04,3,
  2.7174191E+02,  0.0000000E+00,  2.5515570E+02,2699, -1.7401735E+00,  0.0000000E+00, -1.3708265E+00,  1.0015676E+03,  9.3643703E+04,3,
  2.6972552E+02,  0.0000000E+00,  2.5318446E+02,2534, -1.2140974E+00,  0.0000000E+00, -4.9851716E-01,  1.0000538E+03,  3.2013169E+03,3,
  2.6900397E+02,  0.0000000E+00,  2.5301080E+02,2662, -2.2880106E+00,  0.0000000E+00,  1.9254920E-01,  9.9993762E+02, -3.7081694E+03,3,
  2.7333780E+02,  0.0000000E+00,  2.5399319E+02,2721, -1.6566043E+00,  0.0000000E+00,  5.7503128E-01,  1.0025278E+03,  1.5144431E+05,3,
  2.7434064E+02,  0.0000000E+00,  2.5589131E+02,2634,  2.3178735E+00,  0.0000000E+00,  3.3228889E-02,  9.9939825E+02, -3.5714031E+04,3,
  2.7456366E+02,  0.0000000E+00,  2.5626297E+02,2738,  2.9480977E+00,  0.0000000E+00,  2.1911097E-01,  1.0003646E+03,  2.1699887E+04,3,
  2.7522260E+02,  0.0000000E+00,  2.5529234E+02,2690,  1.0622793E+00,  0.0000000E+00,  9.4151044E-01,  9.9921985E+02, -4.6277773E+04,3,
  2.7718976E+02,  0.0000000E+00,  2.5548947E+02,2680, -2.1687068E-01,  0.0000000E+00, -9.6539062E-01,  1.0019917E+03,  1.1913228E+05,3,
  2.7693265E+02,  0.0000000E+00,  2.5440691E+02,2748,  1.4384822E+00,  0.0000000E+00, -3.5264698E-01,  1.0009875E+03,  5.8888219E+04,3,
  2.7943723E+02,  0.0000000E+00,  2.5517172E+02,2671,  1.8271335E+00,  0.0000000E+00,  1.5937033E+00,  9.9822882E+02, -1.0475275E+05,3,
  2.8099112E+02,  0.0000000E+00,  2.5631754E+02,2709,  2.2932911E+00,  0.0000000E+00, -1.3814918E+00,  1.0013405E+03,  8.0025523E+04,3,
  2.8087256E+02,  0.0000000E+00,  2.5629172E+02,2727,  2.3855979E+00,  0.0000000E+00, -1.5005602E+00,  1.0014909E+03,  8.9043664E+04,3,
  2.7807712E+02,  0.0000000E+00,  2.5588339E+02,2689,  1.3733859E+00,  0.0000000E+00, -2.1251636E+00,  1.0006302E+03,  3.7544238E+04,3,
  2.7750687E+02,  0.0000000E+00,  2.5642291E+02,2416,  5.7604268E-02,  0.0000000E+00, -6.0403788E-01,  1.0004100E+03,  2.4406162E+04,3,
  2.8213992E+02,  0.0000000E+00,  2.5530559E+02,2747,  2.6789958E+00,  0.0000000E+00,  5.6185573E-01,  9.9914453E+02, -5.0734059E+04,3,
  2.8195914E+02,  0.0000000E+00,  2.5432176E+02,2730,  1.2313843E+00,  0.0000000E+00,  2.6931462E-01,  1.0013815E+03,  8.2484211E+04,3,
  2.8359283E+02,  0.0000000E+00,  2.5679031E+02,2739,  3.1623251E+00,  0.0000000E+00, -1.3940232E-01,  9.9987006E+02, -7.7231826E+03,3,
  2.8411523E+02,  0.0000000E+00,  2.5508365E+02,2700,  3.0657690E+00,  0.0000000E+00,  8.2846656E-02,  1.0005314E+03,  3.1644701E+04,3,
  2.8497302E+02,  0.0000000E+00,  2.5521249E+02,2516,  2.6581583E+00,  0.0000000E+00,  4.0865138E-02,  1.0001357E+03,  8.0742388E+03,3,
  2.8567654E+02,  0.0000000E+00,  2.5509639E+02,2692,  2.2896495E+00,  0.0000000E+00,  5.2061193E-02,  1.0006494E+03,  3.8688133E+04,3,
  2.8755515E+02,  0.0000000E+00,  2.5765393E+02,2616,  2.9933152E+00,  0.0000000E+00, -3.5974860E-01,  1.0000436E+03,  2.5950925E+03,3,
  2.8792276E+02,  0.0000000E+00,  2.5772940E+02,2719,  3.1357660E+00,  0.0000000E+00, -3.5171387E-01,  1.0000414E+03,  2.4607844E+03,3,
  2.8641885E+02,  0.0000000E+00,  2.5497870E+02,2607,  2.3298209E+00,  0.0000000E+00,  2.1672468E-01,  1.0007054E+03,  4.2033141E+04,3,
  2.8762225E+02,  0.0000000E+00,  2.5492137E+02,2710,  3.0273261E+00,  0.0000000E+00,  8.7575153E-02,  1.0008204E+03,  4.8897938E+04,3,
  2.8941476E+02,  0.0000000E+00,  2.5498386E+02,2407,  2.7702851E+00,  0.0000000E+00, -2.0651636E-01,  1.0009855E+03,  5.8767750E+04,3,
  2.8960144E+02,  0.0000000E+00,  2.5533229E+02,2644,  2.7832744E+00,  0.0000000E+00, -2.7532396E-01,  1.0005992E+03,  3.5690242E+04,3,
  2.9084863E+02,  0.0000000E+00,  2.5439209E+02,2712,  3.1031487E+00,  0.0000000E+00, -4.8631018E-01,  1.0021349E+03,  1.2775191E+05,3,
  2.9235336E+02,  0.0000000E+00,  2.5555371E+02,2720,  2.8877292E+00,  0.0000000E+00, -4.4307357E-01,  1.0010437E+03,  6.2250969E+04,3,
  2.9303403E+02,  0.0000000E+00,  2.5469949E+02,2703,  2.9517572E+00,  0.0000000E+00, -1.5172038E+00,  1.0015240E+03,  9.1032117E+04,3,
  2.9498093E+02,  0.0000000E+00,  2.5598923E+02,2681,  3.8231423E+00,  0.0000000E+00,  1.1146674E+00,  9.9809558E+02, -1.1258795E+05,3,
  2.9501440E+02,  0.0000000E+00,  2.5477736E+02,2654,  2.0874393E+00,  0.0000000E+00, -2.0528817E+00,  1.0035986E+03,  2.1629119E+05,3,
  2.9553284E+02,  0.0000000E+00,  2.5319971E+02,2673,  1.0461441E+00,  0.0000000E+00, -1.6640043E+00,  1.0004912E+03,  2.9249467E+04,3,
  2.9604535E+02,  0.0000000E+00,  2.5274487E+02,2598,  7.1382946E-01,  0.0000000E+00, -8.9491087E-01,  1.0009752E+03,  5.8154480E+04,3,
  2.9792078E+02,  0.0000000E+00,  2.5758121E+02,2398,  3.3448997E+00,  0.0000000E+00, -6.8231654E-01,  1.0006004E+03,  3.5763082E+04,3,
  2.9893896E+02,  0.0000000E+00,  2.5697766E+02,2525,  4.2655683E+00,  0.0000000E+00, -1.0159664E+00,  1.0007539E+03,  4.4927227E+04,3,
  2.9699124E+02,  0.0000000E+00,  2.5274367E+02,2507,  1.4908366E+00,  0.0000000E+00,  7.3285975E-02,  1.0015543E+03,  9.2845141E+04,3,
  3.0147107E+02,  0.0000000E+00,  2.5637299E+02,2682,  3.4326949E+00,  0.0000000E+00, -8.2307005E-01,  1.0002503E+03,  1.4893812E+04,3,
  2.9673938E+02,  0.0000000E+00,  2.5279611E+02,2626,  5.9416199E-01,  0.0000000E+00, -2.2473696E-01,  1.0010621E+03,  6.3350223E+04,3,
  2.9914130E+02,  0.0000000E+00,  2.5289595E+02,2617,  2.4570665E+00,  0.0000000E+00,  7.3332793E-01,  1.0007128E+03,  4.2470480E+04,3,
  3.0066150E+02,  0.0000000E+00,  2.5219208E+02,2580,  1.1827341E+00,  0.0000000E+00, -1.5462943E+00,  1.0001393E+03,  8.2885283E+03,3,
  2.9927820E+02,  0.0000000E+00,  2.5555919E+02,2627,  1.9159199E+00,  0.0000000E+00, -3.1308430E-01,  1.0007479E+03,  4.4569977E+04,3,
  2.9984338E+02,  0.0000000E+00,  2.5315462E+02,2480,  2.7410717E+00,  0.0000000E+00, -7.2584063E-02,  1.0023510E+03,  1.4077620E+05,3,
  3.0086984E+02,  0.0000000E+00,  2.5700269E+02,2702,  3.6871674E+00,  0.0000000E+00, -6.7917860E-01,  1.0001497E+03,  8.9023652E+03,3,
  2.9553671E+02,  0.0000000E+00,  2.5811395E+02,2663,  3.5638402E+00,  0.0000000E+00, -7.7924895E-01,  1.0008203E+03,  4.8890641E+04,3,
  3.0280951E+02,  0.0000000E+00,  2.5637265E+02,2498,  3.8196204E+00,  0.0000000E+00, -7.0298499E-01,  1.0001360E+03,  8.0923989E+03,3,
  3.0237000E+02,  0.0000000E+00,  2.5363783E+02,2589,  1.8049695E+00,  0.0000000E+00, -2.5056913E-02,  1.0016521E+03,  9.8718648E+04,3,
  3.0371393E+02,  0.0000000E+00,  2.5445793E+02,2683,  3.7870016E+00,  0.0000000E+00, -1.4002256E+00,  1.0016553E+03,  9.8909234E+04,3,
  3.0402234E+02,  0.0000000E+00,  2.5659286E+02,2684,  3.4925609E+00,  0.0000000E+00, -1.1270747E-01,  1.0002364E+03,  1.4065185E+04,3,
  3.0532285E+02,  0.0000000E+00,  2.5648880E+02,2675,  3.4565611E+00,  0.0000000E+00,  4.5855251E-01,  1.0002315E+03,  1.3774455E+04,3,
  3.0638800E+02,  0.0000000E+00,  2.5652789E+02,2693,  3.2639935E+00,  0.0000000E+00,  5.6970018E-01,  1.0001968E+03,  1.1710519E+04,3,
  3.0563348E+02,  0.0000000E+00,  2.5280812E+02,2608,  1.2768024E+00,  0.0000000E+00,  4.1776007E-01,  1.0017081E+03,  1.0208382E+05,3,
  3.0710513E+02,  0.0000000E+00,  2.5613794E+02,2664,  3.0407789E+00,  0.0000000E+00,  5.9106207E-01,  1.0002950E+03,  1.7554605E+04,3,
  3.0509265E+02,  0.0000000E+00,  2.5159331E+02,2609,  1.1866397E+00,  0.0000000E+00,  3.2727590E-01,  9.9986304E+02, -8.1401865E+03,3,
  3.0799023E+02,  0.0000000E+00,  2.5488985E+02,2655,  2.8563397E+00,  0.0000000E+00, -1.4468876E+00,  1.0010574E+03,  6.3069008E+04,3,
  3.0735440E+02,  0.0000000E+00,  2.5312297E+02,2637,  2.3221939E+00,  0.0000000E+00,  5.5600441E-01,  1.0015626E+03,  9.3346984E+04,3,
  3.0726816E+02,  0.0000000E+00,  2.5193785E+02,2656,  1.3536751E+00,  0.0000000E+00, -3.4592640E-01,  9.9976398E+02, -1.4023507E+04,3,
  3.0921283E+02,  0.0000000E+00,  2.5655914E+02,2489,  2.8799314E+00,  0.0000000E+00,  8.4771633E-01,  1.0002864E+03,  1.7045656E+04,3,
  3.0971912E+02,  0.0000000E+00,  2.5667288E+02,2553,  2.8353682E+00,  0.0000000E+00,  9.8573178E-01,  1.0002386E+03,  1.4199650E+04,3,
  3.1045999E+02,  0.0000000E+00,  2.5491608E+02,2665,  1.6763092E+00,  0.0000000E+00, -7.1661496E-01,  1.0006625E+03,  3.9471449E+04,3,
  3.1122018E+02,  0.0000000E+00,  2.5387395E+02,2590,  1.2375399E+00,  0.0000000E+00,  6.1560422E-02,  1.0009682E+03,  5.7734703E+04,3,
  3.1151401E+02,  0.0000000E+00,  2.5703873E+02,2562,  2.3037987E+00,  0.0000000E+00,  1.3206805E+00,  1.0001403E+03,  8.3430088E+03,3,
  3.1210992E+02,  0.0000000E+00,  2.5728995E+02,2676,  2.0449200E+00,  0.0000000E+00,  1.3503187E+00,  1.0001210E+03,  7.1989697E+03,3,
  3.1251031E+02,  0.0000000E+00,  2.5392010E+02,2638,  1.8430275E+00,  0.0000000E+00,  1.7096199E+00,  1.0013294E+03,  7.9359734E+04,3,
  3.1315250E+02,  0.0000000E+00,  2.5686539E+02,2599,  1.7498800E+00,  0.0000000E+00,  1.4459840E+00,  1.0001394E+03,  8.2921602E+03,3,
  3.1461429E+02,  0.0000000E+00,  2.5625653E+02,2620,  1.0628910E+00,  0.0000000E+00,  6.1836082E-01,  1.0007606E+03,  4.5324590E+04,3,
  3.1421494E+02,  0.0000000E+00,  2.5392010E+02,2471,  1.3106658E+00,  0.0000000E+00,  3.5273331E-01,  1.0006256E+03,  3.7267391E+04,3,
  3.1551636E+02,  0.0000000E+00,  2.5388667E+02,2618,  1.2418344E+00,  0.0000000E+00,  5.3057778E-01,  1.0006811E+03,  4.0579129E+04,3,
  3.1559189E+02,  0.0000000E+00,  2.5735782E+02,2545,  1.8520637E+00,  0.0000000E+00, -1.0270103E-01,  1.0002222E+03,  1.3218458E+04,3,
  3.1660577E+02,  0.0000000E+00,  2.5743869E+02,2639,  2.0116756E+00,  0.0000000E+00, -6.5250391E-01,  1.0002332E+03,  1.3876210E+04,3,
  3.1629352E+02,  0.0000000E+00,  2.5416689E+02,2636,  1.3711603E+00,  0.0000000E+00,  7.9481311E-02,  1.0007249E+03,  4.3192133E+04,3,
  3.1761499E+02,  0.0000000E+00,  2.5753018E+02,2362,  2.5531859E+00,  0.0000000E+00, -8.6234450E-01,  1.0001927E+03,  1.1463456E+04,3,
  3.1837238E+02,  0.0000000E+00,  2.5521201E+02,2657,  1.9288191E+00,  0.0000000E+00, -2.1758907E-01,  1.0008927E+03,  5.3220477E+04,3,
  3.1799652E+02,  0.0000000E+00,  2.5364337E+02,2544,  1.2045805E+00,  0.0000000E+00, -2.8394613E-01,  1.0011057E+03,  6.5958242E+04,3,
  3.1970261E+02,  0.0000000E+00,  2.5415749E+02,2462,  1.7453928E+00,  0.0000000E+00,  1.5275957E-03,  1.0010525E+03,  6.2776844E+04,3,
  3.2152472E+02,  0.0000000E+00,  2.5804834E+02,2380,  2.7485693E+00,  0.0000000E+00,  3.6260977E-01,  1.0001895E+03,  1.1274530E+04,3,
  3.2108182E+02,  0.0000000E+00,  2.5583270E+02,2526,  1.6693628E+00,  0.0000000E+00, -6.9627412E-02,  1.0006402E+03,  3.8138027E+04,3,
  3.2110556E+02,  0.0000000E+00,  2.5400246E+02,2647,  1.8347987E+00,  0.0000000E+00,  1.9697869E-01,  1.0009412E+03,  5.6117812E+04,3,
  3.1883768E+02,  0.0000000E+00,  2.5808380E+02,2667,  3.0038686E+00,  0.0000000E+00, -5.8333272E-01,  1.0002476E+03,  1.4733896E+04,3,
  3.2251663E+02,  0.0000000E+00,  2.5351759E+02,2591,  1.7847155E+00,  0.0000000E+00,  1.9032767E-01,  1.0008605E+03,  5.1297902E+04,3,
  3.2273999E+02,  0.0000000E+00,  2.5758521E+02,2592,  2.5862234E+00,  0.0000000E+00,  5.4550195E-01,  1.0002354E+03,  1.4007038E+04,3,
  3.2354349E+02,  0.0000000E+00,  2.5552591E+02,2508,  1.6494149E+00,  0.0000000E+00, -3.2681859E-01,  1.0005606E+03,  3.3388707E+04,3,
  3.2422379E+02,  0.0000000E+00,  2.5767166E+02,2603,  2.1762102E+00,  0.0000000E+00,  6.4970994E-01,  1.0002485E+03,  1.4784777E+04,3,
  3.2399136E+02,  0.0000000E+00,  2.5385190E+02,2572,  1.8067688E+00,  0.0000000E+00,  2.9987159E-01,  1.0009033E+03,  5.3851691E+04,3,
  3.2553040E+02,  0.0000000E+00,  2.5713382E+02,2344,  1.9306761E+00,  0.0000000E+00,  5.6776839E-01,  1.0003397E+03,  2.0216113E+04,3,
  3.2550500E+02,  0.0000000E+00,  2.5398102E+02,2612,  1.6942705E+00,  0.0000000E+00,  2.6888403E-01,  1.0010352E+03,  6.1739730E+04,3,
  3.2644821E+02,  0.0000000E+00,  2.5725604E+02,2563,  1.9506601E+00,  0.0000000E+00,  5.6199354E-01,  1.0002722E+03,  1.6198675E+04,3,
  3.2667072E+02,  0.0000000E+00,  2.5469521E+02,2581,  1.5501732E+00,  0.0000000E+00,  7.0834503E-02,  1.0006277E+03,  3.7394887E+04,3,
  3.2784299E+02,  0.0000000E+00,  2.5759286E+02,2631,  1.7981943E+00,  0.0000000E+00,  5.1719105E-01,  1.0002048E+03,  1.2186494E+04,3,
  3.2777249E+02,  0.0000000E+00,  2.5374361E+02,2621,  1.4707940E+00,  0.0000000E+00,  1.3815653E-01,  1.0011454E+03,  6.8336742E+04,3,
  3.2871268E+02,  0.0000000E+00,  2.5671097E+02,2610,  1.6344124E+00,  0.0000000E+00,  3.8326001E-01,  1.0004043E+03,  2.4067836E+04,3,
  3.2932617E+02,  0.0000000E+00,  2.5408897E+02,2499,  1.3401794E+00,  0.0000000E+00,  1.7690235E-01,  1.0007640E+03,  4.5532395E+04,3,
  3.2978470E+02,  0.0000000E+00,  2.5710416E+02,2472,  1.7580317E+00,  0.0000000E+00,  4.1009340E-01,  1.0002149E+03,  1.2786038E+04,3,
  3.3090372E+02,  0.0000000E+00,  2.5619339E+02,2435,  1.5986007E+00,  0.0000000E+00,  2.4989824E-01,  1.0005875E+03,  3.4990984E+04,3,
  3.3080377E+02,  0.0000000E+00,  2.5387553E+02,2574,  1.1432248E+00,  0.0000000E+00,  3.6404025E-02,  1.0007078E+03,  4.2171633E+04,3,
  3.3197852E+02,  0.0000000E+00,  2.5693930E+02,2594,  1.6290953E+00,  0.0000000E+00,  4.0917063E-01,  1.0002061E+03,  1.2259164E+04,3,
  3.3317368E+02,  0.0000000E+00,  2.5671176E+02,2585,  1.4860437E+00,  0.0000000E+00,  4.0380731E-01,  1.0001956E+03,  1.1634220E+04,3,
  3.3374454E+02,  0.0000000E+00,  2.5533450E+02,2555,  1.2277086E+00,  0.0000000E+00, -1.3201031E-01,  1.0007459E+03,  4.4449680E+04,3,
  3.3233435E+02,  0.0000000E+00,  2.5375060E+02,2584,  1.0333714E+00,  0.0000000E+00,  9.5468752E-02,  1.0007228E+03,  4.3071855E+04,3,
  3.3510861E+02,  0.0000000E+00,  2.5699200E+02,2613,  1.2943094E+00,  0.0000000E+00,  3.8644126E-01,  1.0001622E+03,  9.6506445E+03,3,
  3.3424997E+02,  0.0000000E+00,  2.5364616E+02,2556,  9.4742018E-01,  0.0000000E+00,  8.3168298E-02,  1.0007241E+03,  4.3144750E+04,3,
  3.3868869E+02,  0.0000000E+00,  2.5143153E+02,2583,  6.7418218E-01,  0.0000000E+00,  3.6615577E-01,  1.0009456E+03,  5.6384234E+04,3,
  3.3597690E+02,  0.0000000E+00,  2.5378194E+02,2481,  1.0212361E+00,  0.0000000E+00,  2.3246704E-01,  1.0008170E+03,  4.8697355E+04,3,
  3.3603049E+02,  0.0000000E+00,  2.5591028E+02,2536,  1.2290285E+00,  0.0000000E+00,  3.2774091E-01,  1.0004158E+03,  2.4755412E+04,3,
  3.3709839E+02,  0.0000000E+00,  2.5671783E+02,2576,  1.2377907E+00,  0.0000000E+00,  4.1897690E-01,  1.0002004E+03,  1.1924887E+04,3,
  3.3751999E+02,  0.0000000E+00,  2.5399953E+02,2593,  9.3961453E-01,  0.0000000E+00,  1.4180911E-01,  1.0007528E+03,  4.4861609E+04,3,
  3.3837906E+02,  0.0000000E+00,  2.5641681E+02,2566,  1.1521662E+00,  0.0000000E+00,  4.4223553E-01,  1.0002798E+03,  1.6653055E+04,3,
  3.3957495E+02,  0.0000000E+00,  2.5676508E+02,2568,  1.1045911E+00,  0.0000000E+00,  4.4757247E-01,  1.0002204E+03,  1.3113077E+04,3,
  3.3908725E+02,  0.0000000E+00,  2.5411754E+02,2565,  8.7510854E-01,  0.0000000E+00,  2.7123424E-01,  1.0007410E+03,  4.4158062E+04,3,
  3.4075064E+02,  0.0000000E+00,  2.5637189E+02,2575,  1.0678951E+00,  0.0000000E+00,  4.2382190E-01,  1.0003032E+03,  1.8045404E+04,3,
  3.4204590E+02,  0.0000000E+00,  2.5644757E+02,2519,  9.8880899E-01,  0.0000000E+00,  3.8938281E-01,  1.0002842E+03,  1.6914787E+04,3,
  3.4068570E+02,  0.0000000E+00,  2.5398199E+02,2527,  7.9124057E-01,  0.0000000E+00,  1.4412536E-01,  1.0006661E+03,  3.9682773E+04,3,
  3.4226138E+02,  0.0000000E+00,  2.5405267E+02,2564,  6.4580834E-01,  0.0000000E+00,  1.9394501E-01,  1.0006406E+03,  3.8163527E+04,3,
  3.4319342E+02,  0.0000000E+00,  2.5649240E+02,2326,  9.9480885E-01,  0.0000000E+00,  3.4526181E-01,  1.0002536E+03,  1.5090075E+04,3,
  3.4381250E+02,  0.0000000E+00,  2.5383875E+02,2567,  5.3385007E-01,  0.0000000E+00,  2.2260506E-01,  1.0006338E+03,  3.7755520E+04,3,
  3.4454556E+02,  0.0000000E+00,  2.5570311E+02,2522,  8.4705818E-01,  0.0000000E+00,  2.3882753E-01,  1.0004091E+03,  2.4351592E+04,3,
  3.4523929E+02,  0.0000000E+00,  2.5701428E+02,2559,  9.9832666E-01,  0.0000000E+00,  2.7543336E-01,  1.0001745E+03,  1.0380815E+04,3,
  3.4560028E+02,  0.0000000E+00,  2.5387260E+02,2492,  5.7329011E-01,  0.0000000E+00,  1.0553919E-01,  1.0007239E+03,  4.3133816E+04,3,
  3.4751962E+02,  0.0000000E+00,  2.5696765E+02,2577,  1.0755975E+00,  0.0000000E+00,  2.7646852E-01,  1.0001676E+03,  9.9703145E+03,3,
  3.4691559E+02,  0.0000000E+00,  2.5607544E+02,2445,  7.9282624E-01,  0.0000000E+00,  2.5113901E-01,  1.0002741E+03,  1.6311359E+04,3,
  3.4721729E+02,  0.0000000E+00,  2.5421184E+02,2529,  4.7797605E-01,  0.0000000E+00,  1.8399812E-01,  1.0006637E+03,  3.9540676E+04,3,
  3.4912051E+02,  0.0000000E+00,  2.5638556E+02,2501,  8.3225560E-01,  0.0000000E+00,  3.0358166E-01,  1.0002367E+03,  1.4083355E+04,3,
  3.4858682E+02,  0.0000000E+00,  2.5359097E+02,2539,  5.6138682E-01,  0.0000000E+00,  4.6984395E-01,  1.0007679E+03,  4.5762074E+04,3,
  3.4996954E+02,  0.0000000E+00,  2.5606436E+02,2530,  9.2724246E-01,  0.0000000E+00,  2.9750010E-01,  1.0003026E+03,  1.8009049E+04,3,
  3.5035965E+02,  0.0000000E+00,  2.5415953E+02,2418,  5.3183317E-01,  0.0000000E+00,  1.1214134E-01,  1.0005825E+03,  3.4696000E+04,3,
  3.5129892E+02,  0.0000000E+00,  2.5674228E+02,2511,  8.6397952E-01,  0.0000000E+00,  2.7825144E-01,  1.0002122E+03,  1.2626156E+04,3,
  3.5180652E+02,  0.0000000E+00,  2.5371553E+02,2454,  7.0362616E-01,  0.0000000E+00,  4.8237902E-01,  1.0006523E+03,  3.8859363E+04,3,
  3.5240527E+02,  0.0000000E+00,  2.5667657E+02,2528,  8.3944744E-01,  0.0000000E+00,  2.4568675E-01,  1.0002194E+03,  1.3054936E+04,3,
  3.5337476E+02,  0.0000000E+00,  2.5655862E+02,2436,  8.6538696E-01,  0.0000000E+00,  2.3609546E-01,  1.0001884E+03,  1.1209134E+04,3,
  3.5326392E+02,  0.0000000E+00,  2.5356076E+02,2513,  7.7285373E-01,  0.0000000E+00,  4.8378566E-01,  1.0007068E+03,  4.2116965E+04,3,
  3.5467999E+02,  0.0000000E+00,  2.5656625E+02,2390,  1.0732194E+00,  0.0000000E+00,  2.5909621E-01,  1.0001160E+03,  6.8975464E+03,3,
  3.5610681E+02,  0.0000000E+00,  2.5689005E+02,2399,  1.0183963E+00,  0.0000000E+00,  2.4462648E-01,  1.0001263E+03,  7.5112979E+03,3,
  3.5464139E+02,  0.0000000E+00,  2.5502373E+02,2557,  7.9432422E-01,  0.0000000E+00,  3.8554025E-01,  1.0006471E+03,  3.8549695E+04,3,
  3.5559424E+02,  0.0000000E+00,  2.5347746E+02,2308,  8.8234288E-01,  0.0000000E+00,  4.8180377E-01,  1.0009034E+03,  5.3862637E+04,3,
  3.5731052E+02,  0.0000000E+00,  2.5531369E+02,2408,  1.0115569E+00,  0.0000000E+00,  7.6951200E-01,  1.0004667E+03,  2.7786402E+04,3,
  3.5763083E+02,  0.0000000E+00,  2.5718893E+02,2550,  1.2022730E+00,  0.0000000E+00,  1.9077887E-01,  1.0001339E+03,  7.9652798E+03,3,
  3.6150421E+02,  0.0000000E+00,  2.5240961E+02,2428,  1.0814997E+00,  0.0000000E+00,  1.0402340E+00,  1.0002641E+03,  1.5715237E+04,3,
  3.5905505E+02,  0.0000000E+00,  2.5679486E+02,2538,  1.4722844E+00,  0.0000000E+00,  1.9771169E-01,  1.0001299E+03,  7.7292065E+03,3,
  3.5775885E+02,  0.0000000E+00,  2.5350432E+02,2409,  4.3987441E-01,  0.0000000E+00,  3.2125422E-01,  1.0007037E+03,  4.1931098E+04,3,
  3.6253262E+02,  0.0000000E+00,  2.5280373E+02,2457,  9.8079681E-01,  0.0000000E+00,  5.8880502E-01,  1.0004100E+03,  2.4406162E+04,3,
  3.6017551E+02,  0.0000000E+00,  2.5701007E+02,2482,  1.4483895E+00,  0.0000000E+00,  1.5489116E-01,  1.0001167E+03,  6.9411255E+03,3,
  3.6110452E+02,  0.0000000E+00,  2.5647787E+02,2549,  1.3611288E+00,  0.0000000E+00,  2.2157679E-01,  1.0000290E+03,  1.7239368E+03,3,
  3.5914246E+02,  0.0000000E+00,  2.5434619E+02,2502,  6.3098997E-01,  0.0000000E+00,  5.0823534E-01,  1.0006649E+03,  3.9613547E+04,3,
  3.6231256E+02,  0.0000000E+00,  2.5699652E+02,2504,  1.3368975E+00,  0.0000000E+00,  3.4723882E-02,  1.0000547E+03,  3.2557700E+03,3,
  3.6071295E+02,  0.0000000E+00,  2.5435091E+02,2473,  7.4232739E-01,  0.0000000E+00,  4.9216241E-02,  1.0008178E+03,  4.8744766E+04,3,
  3.6312540E+02,  0.0000000E+00,  2.5493222E+02,2438,  1.2896174E+00,  0.0000000E+00,  2.0846830E-01,  1.0010394E+03,  6.1995344E+04,3,
  3.6362476E+02,  0.0000000E+00,  2.5672818E+02,2540,  1.5845776E+00,  0.0000000E+00, -3.9004363E-02,  1.0000250E+03,  1.4880120E+03,3,
  3.6357892E+02,  0.0000000E+00,  2.5302899E+02,2464,  9.4715047E-01,  0.0000000E+00,  3.8090575E-01,  1.0004863E+03,  2.8954652E+04,3,
  3.6485349E+02,  0.0000000E+00,  2.5689572E+02,2427,  1.5622249E+00,  0.0000000E+00, -1.7631136E-01,  1.0001293E+03,  7.6928882E+03,3,
  3.6447098E+02,  0.0000000E+00,  2.5330670E+02,2475,  1.0718576E+00,  0.0000000E+00,  2.5604314E-01,  1.0002692E+03,  1.6020563E+04,3,
  3.6597409E+02,  0.0000000E+00,  2.5575903E+02,2466,  1.7588769E+00,  0.0000000E+00,  6.2274806E-02,  1.0001683E+03,  1.0013906E+04,3,
  3.6629913E+02,  0.0000000E+00,  2.5723380E+02,2532,  1.7536342E+00,  0.0000000E+00, -2.8055650E-01,  1.0002026E+03,  1.2055689E+04,3,
  3.6555005E+02,  0.0000000E+00,  2.5289752E+02,2483,  1.3417342E+00,  0.0000000E+00,  2.4288277E-01,  1.0009501E+03,  5.6650664E+04,3,
  3.6791855E+02,  0.0000000E+00,  2.5572794E+02,2467,  1.8796742E+00,  0.0000000E+00, -1.5424149E-01,  1.0001481E+03,  8.8079258E+03,3,
  3.6810223E+02,  0.0000000E+00,  2.5677921E+02,2521,  1.9313630E+00,  0.0000000E+00, -3.1326824E-01,  1.0002086E+03,  1.2411772E+04,3,
  3.6953259E+02,  0.0000000E+00,  2.5615375E+02,2317,  1.9692137E+00,  0.0000000E+00, -2.7231613E-01,  1.0002157E+03,  1.2833276E+04,3,
  3.6733325E+02,  0.0000000E+00,  2.5270169E+02,2484,  1.5395573E+00,  0.0000000E+00,  2.1412981E-01,  1.0009623E+03,  5.7384293E+04,3,
  3.6697076E+02,  0.0000000E+00,  2.5331474E+02,2419,  5.6860948E-01,  0.0000000E+00,  6.2000841E-02,  1.0002616E+03,  1.5566213E+04,3,
  3.6832980E+02,  0.0000000E+00,  2.5311583E+02,2363,  1.2472125E+00,  0.0000000E+00,  1.1698910E-01,  1.0005047E+03,  3.0053881E+04,3,
  3.6969974E+02,  0.0000000E+00,  2.5276730E+02,2468,  1.4350513E+00,  0.0000000E+00,  4.7849685E-02,  1.0010782E+03,  6.4318105E+04,3,
  3.7054596E+02,  0.0000000E+00,  2.5667560E+02,2523,  2.0531411E+00,  0.0000000E+00, -1.6226679E-01,  1.0002155E+03,  1.2822375E+04,3,
  3.7174161E+02,  0.0000000E+00,  2.5640973E+02,2465,  2.0634425E+00,  0.0000000E+00,  1.1434113E-02,  1.0001872E+03,  1.1136472E+04,3,
  3.7097662E+02,  0.0000000E+00,  2.5272289E+02,2495,  1.3090718E+00,  0.0000000E+00, -6.8086922E-02,  1.0011599E+03,  6.9206438E+04,3,
  3.7206000E+02,  0.0000000E+00,  2.5591650E+02,2448,  2.0587411E+00,  0.0000000E+00,  1.1221529E-01,  1.0001657E+03,  9.8577021E+03,3,
  3.7173962E+02,  0.0000000E+00,  2.5347380E+02,2503,  1.2284949E+00,  0.0000000E+00, -1.0064553E-01,  1.0003154E+03,  1.8768922E+04,3,
  3.7397574E+02,  0.0000000E+00,  2.5600836E+02,2382,  1.9777242E+00,  0.0000000E+00,  1.9773321E-01,  1.0002814E+03,  1.6743934E+04,3,
  3.7394958E+02,  0.0000000E+00,  2.5676117E+02,2455,  1.9473376E+00,  0.0000000E+00,  1.5642329E-01,  1.0001995E+03,  1.1870386E+04,3,
  3.7304663E+02,  0.0000000E+00,  2.5251248E+02,2469,  1.2728144E+00,  0.0000000E+00, -1.5631426E-02,  1.0016640E+03,  9.9433375E+04,3,
  3.7550903E+02,  0.0000000E+00,  2.5646146E+02,2446,  1.9696057E+00,  0.0000000E+00,  1.9843194E-01,  1.0002367E+03,  1.4083355E+04,3,
  3.7642426E+02,  0.0000000E+00,  2.5638715E+02,2474,  2.0125151E+00,  0.0000000E+00,  2.1066110E-01,  1.0002473E+03,  1.4712089E+04,3,
  3.7446704E+02,  0.0000000E+00,  2.5309990E+02,2345,  1.2129694E+00,  0.0000000E+00,  1.1568836E-01,  1.0006532E+03,  3.8914016E+04,3,
  3.7534219E+02,  0.0000000E+00,  2.5278439E+02,2450,  1.1848861E+00,  0.0000000E+00,  2.2678004E-01,  1.0010083E+03,  6.0133145E+04,3,
  3.7660013E+02,  0.0000000E+00,  2.5307433E+02,2485,  1.2866915E+00,  0.0000000E+00,  2.7599692E-01,  1.0005571E+03,  3.3181156E+04,3,
  3.7757220E+02,  0.0000000E+00,  2.5656760E+02,2400,  1.9995253E+00,  0.0000000E+00,  2.1949233E-01,  1.0002194E+03,  1.3054936E+04,3,
  3.7735138E+02,  0.0000000E+00,  2.5270926E+02,2402,  1.2783521E+00,  0.0000000E+00,  2.2805405E-01,  1.0010453E+03,  6.2345918E+04,3,
  3.7841879E+02,  0.0000000E+00,  2.5615646E+02,2447,  2.0014598E+00,  0.0000000E+00,  2.2170711E-01,  1.0002887E+03,  1.7180162E+04,3,
  3.7959680E+02,  0.0000000E+00,  2.5627197E+02,2439,  1.9496193E+00,  0.0000000E+00,  2.2132902E-01,  1.0003012E+03,  1.7925430E+04,3,
  3.7858112E+02,  0.0000000E+00,  2.5321941E+02,2401,  1.2865102E+00,  0.0000000E+00,  1.3506015E-01,  1.0002817E+03,  1.6765744E+04,3,
  3.7915411E+02,  0.0000000E+00,  2.5292509E+02,2411,  1.2837472E+00,  0.0000000E+00,  6.6644445E-02,  1.0007114E+03,  4.2390301E+04,3,
  3.8071802E+02,  0.0000000E+00,  2.5681644E+02,2514,  1.9726655E+00,  0.0000000E+00,  2.2406726E-01,  1.0002352E+03,  1.3992502E+04,3,
  3.8150079E+02,  0.0000000E+00,  2.5603445E+02,2437,  1.8830261E+00,  0.0000000E+00,  1.7223287E-01,  1.0003522E+03,  2.0961609E+04,3,
  3.8024182E+02,  0.0000000E+00,  2.5285124E+02,2392,  1.2004598E+00,  0.0000000E+00, -1.6539862E-02,  1.0008629E+03,  5.1436520E+04,3,
  3.8295999E+02,  0.0000000E+00,  2.5651892E+02,2299,  1.8115474E+00,  0.0000000E+00,  1.7363808E-01,  1.0001971E+03,  1.1728686E+04,3,
  3.8140646E+02,  0.0000000E+00,  2.5285033E+02,2383,  1.2705553E+00,  0.0000000E+00,  4.1332435E-02,  1.0008638E+03,  5.1494883E+04,3,
  3.8203607E+02,  0.0000000E+00,  2.5339507E+02,2458,  9.6878773E-01,  0.0000000E+00,  4.9007922E-02,  1.0002219E+03,  1.3200289E+04,3,
  3.8351306E+02,  0.0000000E+00,  2.5599551E+02,2429,  1.8165454E+00,  0.0000000E+00,  1.1778089E-01,  1.0003444E+03,  2.0499760E+04,3,
  3.8346375E+02,  0.0000000E+00,  2.5246400E+02,2432,  9.2847461E-01,  0.0000000E+00,  4.1286337E-01,  1.0019012E+03,  1.1368727E+05,3,
  3.8466336E+02,  0.0000000E+00,  2.5631223E+02,2493,  1.8737668E+00,  0.0000000E+00,  1.4842972E-01,  1.0003206E+03,  1.9077979E+04,3,
  3.8477856E+02,  0.0000000E+00,  2.5284734E+02,2281,  1.4020613E+00,  0.0000000E+00,  4.6427652E-01,  1.0011417E+03,  6.8113844E+04,3,
  3.8565491E+02,  0.0000000E+00,  2.5630621E+02,2391,  1.9284012E+00,  0.0000000E+00,  1.0794700E-01,  1.0003732E+03,  2.2216350E+04,3,
  3.8695724E+02,  0.0000000E+00,  2.5593585E+02,2512,  1.7587106E+00,  0.0000000E+00, -1.3749196E-01,  1.0005816E+03,  3.4641375E+04,3,
  3.8596429E+02,  0.0000000E+00,  2.5314517E+02,2366,  1.5777971E+00,  0.0000000E+00,  1.2052160E-01,  1.0004960E+03,  2.9537010E+04,3,
  3.8818771E+02,  0.0000000E+00,  2.5662695E+02,2478,  1.5409739E+00,  0.0000000E+00, -5.0964200E-01,  1.0001099E+03,  6.5343979E+03,3,
  3.8685788E+02,  0.0000000E+00,  2.5341461E+02,2420,  1.4488788E+00,  0.0000000E+00, -1.1667291E-01,  9.9984729E+02, -9.0756621E+03,3,
  3.8880716E+02,  0.0000000E+00,  2.5561725E+02,2430,  1.4718252E+00,  0.0000000E+00, -9.3102479E-01,  1.0006619E+03,  3.9431371E+04,3,
  3.8754211E+02,  0.0000000E+00,  2.5293007E+02,2336,  1.4965925E+00,  0.0000000E+00, -5.2253515E-01,  1.0006519E+03,  3.8837504E+04,3,
  3.8842148E+02,  0.0000000E+00,  2.5175839E+02,2423,  1.3104573E+00,  0.0000000E+00, -1.2921603E+00,  1.0016035E+03,  9.5797953E+04,3,
  3.8954361E+02,  0.0000000E+00,  2.5160612E+02,2355,  7.2685581E-01,  0.0000000E+00, -1.7243577E+00,  1.0004601E+03,  2.7397016E+04,3,
  3.9006717E+02,  0.0000000E+00,  2.5575645E+02,2476,  1.6524613E+00,  0.0000000E+00, -8.9644402E-01,  1.0002756E+03,  1.6398600E+04,3,
  3.9203357E+02,  0.0000000E+00,  2.5157153E+02,2309,  1.4954200E+00,  0.0000000E+00,  1.6626602E+00,  9.9984131E+02, -9.4309736E+03,3,
  3.9050610E+02,  0.0000000E+00,  2.5533798E+02,2456,  1.9842249E+00,  0.0000000E+00, -1.4376653E+00,  1.0011545E+03,  6.8884859E+04,3,
  3.9187854E+02,  0.0000000E+00,  2.5640302E+02,2505,  1.8795818E+00,  0.0000000E+00, -6.0294527E-01,  9.9999005E+02, -5.9151343E+02,3,
  3.9248276E+02,  0.0000000E+00,  2.5550667E+02,2410,  1.6328603E+00,  0.0000000E+00, -1.9367546E-01,  1.0008315E+03,  4.9561699E+04,3,
  3.9401196E+02,  0.0000000E+00,  2.5555824E+02,2290,  2.4039297E+00,  0.0000000E+00, -4.4585162E-01,  9.9998853E+02, -6.8223322E+02,3,
  3.9535745E+02,  0.0000000E+00,  2.5594981E+02,2487,  2.4179871E+00,  0.0000000E+00, -2.9767698E-01,  1.0001713E+03,  1.0191910E+04,3,
  3.9373141E+02,  0.0000000E+00,  2.5411346E+02,2403,  4.1986603E-01,  0.0000000E+00, -5.2938133E-02,  1.0010004E+03,  5.9662172E+04,3,
  3.9683258E+02,  0.0000000E+00,  2.5484300E+02,2449,  1.9911540E+00,  0.0000000E+00, -3.2666528E-03,  1.0004104E+03,  2.4431627E+04,3,
  3.9472061E+02,  0.0000000E+00,  2.5266922E+02,2412,  2.1065099E+00,  0.0000000E+00, -7.0879233E-01,  1.0015133E+03,  9.0387570E+04,3,
  3.9702414E+02,  0.0000000E+00,  2.5599519E+02,2496,  1.8991750E+00,  0.0000000E+00,  4.3617114E-02,  1.0002615E+03,  1.5558943E+04,3,
  3.9779742E+02,  0.0000000E+00,  2.5367004E+02,2440,  1.4000506E+00,  0.0000000E+00, -1.4039735E-01,  1.0006229E+03,  3.7107117E+04,3,
  3.9853949E+02,  0.0000000E+00,  2.5644327E+02,2415,  1.7173197E+00,  0.0000000E+00, -2.7930910E-02,  1.0002573E+03,  1.5308150E+04,3,
  3.9944473E+02,  0.0000000E+00,  2.5488785E+02,2459,  1.7770444E+00,  0.0000000E+00,  1.3874608E-02,  1.0003205E+03,  1.9074342E+04,3,
  4.0049225E+02,  0.0000000E+00,  2.5571323E+02,2477,  2.2264149E+00,  0.0000000E+00, -1.8223427E-01,  1.0002277E+03,  1.3545512E+04,3,
  3.9971536E+02,  0.0000000E+00,  2.5321771E+02,2356,  1.3570123E+00,  0.0000000E+00, -1.6092630E-01,  1.0009561E+03,  5.7008348E+04,3,
  4.0196671E+02,  0.0000000E+00,  2.5589914E+02,2318,  1.9911155E+00,  0.0000000E+00, -5.4095250E-02,  1.0002413E+03,  1.4359558E+04,3,
  4.0286090E+02,  0.0000000E+00,  2.5555864E+02,2364,  1.9100925E+00,  0.0000000E+00, -4.3886655E-04,  1.0002239E+03,  1.3320207E+04,3,
  4.0186453E+02,  0.0000000E+00,  2.5331406E+02,2393,  1.4429327E+00,  0.0000000E+00,  5.2409433E-02,  1.0008621E+03,  5.1389098E+04,3,
  4.0402798E+02,  0.0000000E+00,  2.5373732E+02,2405,  1.3491066E+00,  0.0000000E+00,  3.0027127E-02,  1.0009118E+03,  5.4362527E+04,3,
  4.0449884E+02,  0.0000000E+00,  2.5542668E+02,2441,  2.0188084E+00,  0.0000000E+00, -1.0087489E-01,  1.0001452E+03,  8.6372119E+03,3,
  4.0517386E+02,  0.0000000E+00,  2.5648053E+02,2460,  2.1786256E+00,  0.0000000E+00, -2.2116725E-01,  1.0002291E+03,  1.3632728E+04,3,
  4.0548856E+02,  0.0000000E+00,  2.5297057E+02,2337,  1.5331025E+00,  0.0000000E+00, -4.3430862E-01,  1.0007911E+03,  4.7151211E+04,3,
  4.0653714E+02,  0.0000000E+00,  2.5561699E+02,2272,  2.0348575E+00,  0.0000000E+00, -2.6749665E-01,  1.0001032E+03,  6.1385815E+03,3,
  4.0854846E+02,  0.0000000E+00,  2.5640222E+02,2433,  2.4998732E+00,  0.0000000E+00, -9.7743005E-02,  1.0002184E+03,  1.2996795E+04,3,
  4.0827237E+02,  0.0000000E+00,  2.5548993E+02,2367,  2.2298555E+00,  0.0000000E+00,  4.8349261E-02,  9.9998840E+02, -6.8949072E+02,3,
  4.0719009E+02,  0.0000000E+00,  2.5359264E+02,2378,  1.1187501E+00,  0.0000000E+00,  1.5932426E-01,  1.0009730E+03,  5.8023070E+04,3,
  4.0979706E+02,  0.0000000E+00,  2.5532912E+02,2346,  2.4328294E+00,  0.0000000E+00,  3.6182395E-01,  1.0000369E+03,  2.1921736E+03,3,
  4.0932526E+02,  0.0000000E+00,  2.5345831E+02,2365,  1.2675660E+00,  0.0000000E+00,  5.6661838E-01,  1.0014274E+03,  8.5232656E+04,3,
  4.1063681E+02,  0.0000000E+00,  2.5144072E+02,2283,  6.6163719E-01,  0.0000000E+00,  4.9168837E-01,  1.0007338E+03,  4.3724293E+04,3,
  4.1094022E+02,  0.0000000E+00,  2.5615250E+02,2404,  2.4811881E+00,  0.0000000E+00, -1.0654232E-01,  1.0002523E+03,  1.5010115E+04,3,
  4.1130484E+02,  0.0000000E+00,  2.5202580E+02,2267,  1.5523906E+00,  0.0000000E+00,  1.3601953E+00,  1.0007667E+03,  4.5689160E+04,3,
  4.1210324E+02,  0.0000000E+00,  2.5579231E+02,2442,  2.3590767E+00,  0.0000000E+00, -3.1720993E-01,  1.0001880E+03,  1.1183702E+04,3,
  4.1284708E+02,  0.0000000E+00,  2.5538777E+02,2388,  2.3170516E+00,  0.0000000E+00, -4.4383800E-01,  1.0000516E+03,  3.0670005E+03,3,
  4.1296484E+02,  0.0000000E+00,  2.5308861E+02,2332,  2.6244967E+00,  0.0000000E+00,  4.6460363E-01,  1.0004163E+03,  2.4784518E+04,3,
  4.1391742E+02,  0.0000000E+00,  2.5419862E+02,2359,  2.7416942E+00,  0.0000000E+00, -5.4399753E-01,  1.0013251E+03,  7.9103672E+04,3,
  4.1530524E+02,  0.0000000E+00,  2.5550539E+02,2327,  3.4323127E+00,  0.0000000E+00, -3.9686909E-01,  9.9991656E+02, -4.9596353E+03,3,
  4.1656589E+02,  0.0000000E+00,  2.5571623E+02,2422,  3.4706509E+00,  0.0000000E+00, -1.5657385E-01,  1.0000585E+03,  3.4808459E+03,3,
  4.1582220E+02,  0.0000000E+00,  2.5271490E+02,2257,  1.8123963E+00,  0.0000000E+00, -8.1029527E-02,  1.0010286E+03,  6.1345359E+04,3,
  4.1468579E+02,  0.0000000E+00,  2.5308690E+02,2277,  2.2511950E+00,  0.0000000E+00, -2.5579822E-01,  1.0003253E+03,  1.9361590E+04,3,
  4.1689264E+02,  0.0000000E+00,  2.5285477E+02,2292,  2.0297244E+00,  0.0000000E+00,  1.9727567E-01,  1.0007006E+03,  4.1745238E+04,3,
  4.1772470E+02,  0.0000000E+00,  2.5581339E+02,2387,  3.4727643E+00,  0.0000000E+00,  2.9775266E-02,  1.0001434E+03,  8.5318789E+03,3,
  4.1777209E+02,  0.0000000E+00,  2.5313528E+02,2414,  2.0257914E+00,  0.0000000E+00,  4.3731436E-01,  1.0003350E+03,  1.9939750E+04,3,
  4.1919385E+02,  0.0000000E+00,  2.5511583E+02,2413,  3.1234031E+00,  0.0000000E+00,  1.4815515E-01,  1.0000950E+03,  5.6520029E+03,3,
  4.1892383E+02,  0.0000000E+00,  2.5256155E+02,2238,  2.7213864E+00,  0.0000000E+00,  4.6667820E-01,  1.0012095E+03,  7.2177867E+04,3,
  4.1987799E+02,  0.0000000E+00,  2.5543140E+02,2263,  3.3261085E+00,  0.0000000E+00,  1.1183598E-01,  1.0000654E+03,  3.8910784E+03,3,
  4.2070898E+02,  0.0000000E+00,  2.5385924E+02,2338,  2.7401385E+00,  0.0000000E+00, -4.3979564E-01,  1.0003929E+03,  2.3387584E+04,3,
  4.2085776E+02,  0.0000000E+00,  2.5264236E+02,2251,  2.5938191E+00,  0.0000000E+00,  2.7682364E-02,  1.0010919E+03,  6.5132664E+04,3,
  4.2233466E+02,  0.0000000E+00,  2.5564262E+02,2406,  3.0311406E+00,  0.0000000E+00,  2.8055325E-02,  1.0000716E+03,  4.2577607E+03,3,
  4.2240756E+02,  0.0000000E+00,  2.5316611E+02,2331,  2.6545260E+00,  0.0000000E+00, -1.0892135E-01,  1.0005212E+03,  3.1036736E+04,3,
  4.2368039E+02,  0.0000000E+00,  2.5547447E+02,2421,  3.0199683E+00,  0.0000000E+00, -5.2809413E-03,  1.0000750E+03,  4.4574448E+03,3,
  4.2323438E+02,  0.0000000E+00,  2.5253102E+02,2279,  2.6326935E+00,  0.0000000E+00, -4.4889815E-02,  1.0012617E+03,  7.5303758E+04,3,
  4.2476489E+02,  0.0000000E+00,  2.5568733E+02,2375,  3.1525426E+00,  0.0000000E+00,  1.2416308E-02,  1.0001301E+03,  7.7401021E+03,3,
  4.2463019E+02,  0.0000000E+00,  2.5326631E+02,2397,  2.5600636E+00,  0.0000000E+00,  6.7212984E-02,  1.0002875E+03,  1.7107455E+04,3,
  4.2542075E+02,  0.0000000E+00,  2.5289832E+02,2368,  2.5357039E+00,  0.0000000E+00,  1.4370865E-01,  1.0007018E+03,  4.1818125E+04,3,
  4.2589636E+02,  0.0000000E+00,  2.5542349E+02,2328,  3.1529896E+00,  0.0000000E+00,  6.5335445E-02,  1.0000781E+03,  4.6462407E+03,3,
  4.2701462E+02,  0.0000000E+00,  2.5531918E+02,2385,  2.9966648E+00,  0.0000000E+00,  1.3964097E-01,  1.0000101E+03,  5.9880719E+02,3,
  4.2676263E+02,  0.0000000E+00,  2.5265077E+02,2202,  2.5987227E+00,  0.0000000E+00,  2.6966900E-01,  1.0011707E+03,  6.9853281E+04,3,
  4.2836676E+02,  0.0000000E+00,  2.5561844E+02,2431,  3.0630987E+00,  0.0000000E+00,  1.6296420E-01,  1.0000424E+03,  2.5188633E+03,3,
  4.2816071E+02,  0.0000000E+00,  2.5262257E+02,2164,  2.8709977E+00,  0.0000000E+00,  2.8410393E-01,  1.0012170E+03,  7.2623844E+04,3,
  4.2956177E+02,  0.0000000E+00,  2.5565828E+02,2319,  3.1449788E+00,  0.0000000E+00,  2.3360091E-01,  1.0000432E+03,  2.5660527E+03,3,
  4.2945245E+02,  0.0000000E+00,  2.5306554E+02,2321,  2.7286119E+00,  0.0000000E+00,  1.3775532E-01,  1.0005359E+03,  3.1917750E+04,3,
  4.3041885E+02,  0.0000000E+00,  2.5289845E+02,2301,  2.8249521E+00,  0.0000000E+00,  4.4010330E-02,  1.0006779E+03,  4.0386004E+04,3,
  4.3084109E+02,  0.0000000E+00,  2.5514664E+02,2350,  3.1226571E+00,  0.0000000E+00,  3.4586605E-01,  1.0000726E+03,  4.3158501E+03,3,
  4.3211456E+02,  0.0000000E+00,  2.5561821E+02,2310,  3.0171874E+00,  0.0000000E+00,  2.1255770E-01,  1.0001606E+03,  9.5525654E+03,3,
  4.3202753E+02,  0.0000000E+00,  2.5275739E+02,2228,  2.3225582E+00,  0.0000000E+00,  1.9080415E-01,  1.0008674E+03,  5.1706465E+04,3,
  4.3237939E+02,  0.0000000E+00,  2.5324271E+02,2264,  2.7872803E+00,  0.0000000E+00,  2.5533071E-01,  1.0003074E+03,  1.8296266E+04,3,
  4.3354370E+02,  0.0000000E+00,  2.5547250E+02,2376,  3.0807836E+00,  0.0000000E+00,  8.5633278E-02,  1.0001526E+03,  9.0767168E+03,3,
  4.3387347E+02,  0.0000000E+00,  2.5290143E+02,2218,  2.5035470E+00,  0.0000000E+00,  4.4141689E-01,  1.0005048E+03,  3.0061160E+04,3,
  4.3485291E+02,  0.0000000E+00,  2.5541153E+02,2396,  3.2624826E+00,  0.0000000E+00,  5.5175997E-02,  1.0000677E+03,  4.0254060E+03,3,
  4.3491296E+02,  0.0000000E+00,  2.5284422E+02,2211,  2.7483807E+00,  0.0000000E+00,  3.6804548E-01,  1.0005413E+03,  3.2234496E+04,3,
  4.3609085E+02,  0.0000000E+00,  2.5520258E+02,2347,  3.3345394E+00,  0.0000000E+00,  1.9002625E-01,  1.0000911E+03,  5.4159844E+03,3,
  4.3600458E+02,  0.0000000E+00,  2.5283923E+02,2240,  2.9457045E+00,  0.0000000E+00,  8.0540292E-02,  1.0006803E+03,  4.0531758E+04,3,
  4.3740106E+02,  0.0000000E+00,  2.5530507E+02,2377,  3.1641583E+00,  0.0000000E+00,  2.6545393E-01,  1.0002311E+03,  1.3749017E+04,3,
  4.3719678E+02,  0.0000000E+00,  2.5285605E+02,2287,  2.7078085E+00,  0.0000000E+00, -1.0693548E-01,  1.0007210E+03,  4.2962512E+04,3,
  4.3831485E+02,  0.0000000E+00,  2.5295068E+02,2314,  2.6049547E+00,  0.0000000E+00,  5.9344593E-02,  9.9991858E+02, -4.8399370E+03,3,
  4.3862848E+02,  0.0000000E+00,  2.5552824E+02,2291,  3.1919889E+00,  0.0000000E+00,  5.3729873E-02,  1.0003271E+03,  1.9470674E+04,3,
  4.3988812E+02,  0.0000000E+00,  2.5539633E+02,2300,  3.6358492E+00,  0.0000000E+00, -3.4825015E-01,  1.0004177E+03,  2.4868193E+04,3,
  4.3966852E+02,  0.0000000E+00,  2.5272746E+02,2185,  2.4133401E+00,  0.0000000E+00,  9.1793782E-01,  1.0006755E+03,  4.0247539E+04,3,
  4.4204938E+02,  0.0000000E+00,  2.5591258E+02,2369,  5.5254269E+00,  0.0000000E+00,  5.0175655E-01,  1.0022038E+03,  1.3190270E+05,3,
  4.4049744E+02,  0.0000000E+00,  2.5323907E+02,2293,  1.9363053E+00,  0.0000000E+00,  1.2509878E+00,  1.0002469E+03,  1.4690282E+04,3,
  4.4344635E+02,  0.0000000E+00,  2.5517805E+02,2320,  6.3144779E+00,  0.0000000E+00, -1.2394331E+00,  9.9279932E+02, -4.1899938E+05,3,
  4.4123151E+02,  0.0000000E+00,  2.5338428E+02,2204,  2.3874054E+00,  0.0000000E+00,  1.7109681E+00,  1.0007660E+03,  4.5649055E+04,3,
  4.4218768E+02,  0.0000000E+00,  2.5450574E+02,2241,  4.6282797E+00,  0.0000000E+00,  2.9600365E+00,  9.9940533E+02, -3.5294574E+04,3,
  4.4426587E+02,  0.0000000E+00,  2.5626260E+02,2230,  2.5100353E+00,  0.0000000E+00, -4.2323974E-01,  1.0020600E+03,  1.2324277E+05,3,
  4.4510123E+02,  0.0000000E+00,  2.5659299E+02,2358,  5.7630467E+00,  0.0000000E+00, -2.1002790E-01,  1.0001733E+03,  1.0308159E+04,3,
  4.4504675E+02,  0.0000000E+00,  2.5588908E+02,2339,  3.6865361E+00,  0.0000000E+00, -4.3451652E-01,  1.0086251E+03,  5.2629031E+05,3,
  4.4580008E+02,  0.0000000E+00,  2.5587138E+02,2284,  4.5992966E+00,  0.0000000E+00,  8.2714140E-01,  9.9240082E+02, -4.4166056E+05,3,
  4.4723535E+02,  0.0000000E+00,  2.5511003E+02,2357,  4.8655248E+00,  0.0000000E+00, -6.5786552E-01,  1.0005413E+03,  3.2238137E+04,3,
  4.4881305E+02,  0.0000000E+00,  2.5492769E+02,2201,  5.8228421E+00,  0.0000000E+00,  5.5683929E-01,  1.0027214E+03,  1.6313805E+05,3,
  4.4902237E+02,  0.0000000E+00,  2.5510721E+02,2239,  3.1893208E+00,  0.0000000E+00, -1.6099712E+00,  9.9857709E+02, -8.4243164E+04,3,
  4.5055316E+02,  0.0000000E+00,  2.5586192E+02,2329,  4.5564418E+00,  0.0000000E+00,  1.2800769E+00,  9.9811310E+02, -1.1155822E+05,3,
  4.4893579E+02,  0.0000000E+00,  2.5542154E+02,2330,  4.7133899E+00,  0.0000000E+00, -9.0265777E-03,  9.9701031E+02, -1.7617411E+05,3,
  4.5032782E+02,  0.0000000E+00,  2.5514787E+02,2192,  4.1647429E+00,  0.0000000E+00,  2.0577991E+00,  1.0023343E+03,  1.3976780E+05,3,
  4.5267773E+02,  0.0000000E+00,  2.5544507E+02,2282,  4.8209553E+00,  0.0000000E+00,  5.9231472E-01,  9.9681177E+02, -1.8776220E+05,3,
  4.5441980E+02,  0.0000000E+00,  2.5554176E+02,2278,  5.9224868E+00,  0.0000000E+00,  4.7680691E-01,  9.9942816E+02, -3.3942062E+04,3,
  4.5390298E+02,  0.0000000E+00,  2.5448643E+02,2245,  2.1065543E+00,  0.0000000E+00,  1.3874743E+00,  1.0007968E+03,  4.7490324E+04,3,
  4.5446722E+02,  0.0000000E+00,  2.5539557E+02,2349,  4.1698585E+00,  0.0000000E+00,  1.2527871E+00,  1.0053537E+03,  3.2347834E+05,3,
  4.5456042E+02,  0.0000000E+00,  2.5526068E+02,2268,  5.0166764E+00,  0.0000000E+00,  1.0845946E+00,  9.9676532E+02, -1.9047111E+05,3,
  4.5781036E+02,  0.0000000E+00,  2.5504695E+02,2248,  3.6240094E+00,  0.0000000E+00, -1.5503776E+00,  9.9804211E+02, -1.1573033E+05,3,
  4.5761490E+02,  0.0000000E+00,  2.5513843E+02,2222,  3.1317468E+00,  0.0000000E+00, -1.4695115E+00,  9.9856458E+02, -8.4980758E+04,3,
  4.5703668E+02,  0.0000000E+00,  2.5546680E+02,2297,  5.1285930E+00,  0.0000000E+00,  4.0261185E-01,  9.9851337E+02, -8.7998914E+04,3,
  4.5814053E+02,  0.0000000E+00,  2.5611670E+02,2311,  4.7644100E+00,  0.0000000E+00, -4.7918093E-01,  1.0023368E+03,  1.3991867E+05,3,
  4.5940695E+02,  0.0000000E+00,  2.5461450E+02,2273,  3.7542851E+00,  0.0000000E+00, -1.7642266E-01,  1.0007159E+03,  4.2660000E+04,3,
  4.6061853E+02,  0.0000000E+00,  2.5509904E+02,2303,  5.9290795E+00,  0.0000000E+00, -1.0992995E-01,  1.0009830E+03,  5.8618078E+04,3,
  4.6199124E+02,  0.0000000E+00,  2.5504668E+02,2285,  3.1197553E+00,  0.0000000E+00, -1.1954864E+00,  9.9643585E+02, -2.0966441E+05,3,
  4.6259842E+02,  0.0000000E+00,  2.5503110E+02,2227,  5.4303298E+00,  0.0000000E+00,  1.2753321E+00,  1.0012034E+03,  7.1812328E+04,3,
  4.6197266E+02,  0.0000000E+00,  2.5598483E+02,2340,  3.2152131E+00,  0.0000000E+00, -1.9861631E-01,  9.9971069E+02, -1.7186656E+04,3,
  4.6320447E+02,  0.0000000E+00,  2.5490463E+02,2193,  4.2133374E+00,  0.0000000E+00, -1.6754222E+00,  1.0005281E+03,  3.1448109E+04,3,
  4.6339566E+02,  0.0000000E+00,  2.5465288E+02,2360,  4.3919997E+00,  0.0000000E+00,  1.7796907E-01,  1.0003348E+03,  1.9928840E+04,3,
  4.7089413E+02,  0.0000000E+00,  2.5565530E+02,2208,  5.4270501E+00,  0.0000000E+00,  1.4563304E+00,  1.0001180E+03,  7.0210200E+03,3,
  4.7133023E+02,  0.0000000E+00,  2.5515758E+02,2236,  5.6063914E+00,  0.0000000E+00, -5.8098596E-01,  1.0002571E+03,  1.5300881E+04,3,
  4.7139474E+02,  0.0000000E+00,  2.5522762E+02,2302,  5.1407671E+00,  0.0000000E+00,  2.0136943E+00,  1.0004808E+03,  2.8630732E+04,3,
  4.7234351E+02,  0.0000000E+00,  2.5546591E+02,2237,  5.2967324E+00,  0.0000000E+00,  5.1560044E-01,  1.0003080E+03,  1.8328988E+04,3,
  4.7342874E+02,  0.0000000E+00,  2.5512375E+02,2209,  4.2104812E+00,  0.0000000E+00,  1.8662480E+00,  9.9729407E+02, -1.5958900E+05,3,
  4.7351547E+02,  0.0000000E+00,  2.5529880E+02,2296,  5.6245751E+00,  0.0000000E+00,  1.5149680E+00,  1.0005397E+03,  3.2143477E+04,3,
  4.7537817E+02,  0.0000000E+00,  2.5500952E+02,2342,  5.7260461E+00,  0.0000000E+00, -3.1742784E-01,  1.0035661E+03,  2.1431497E+05,3,
  4.7534924E+02,  0.0000000E+00,  2.5548618E+02,2322,  5.7034230E+00,  0.0000000E+00,  1.0480651E+00,  9.9805701E+02, -1.1485516E+05,3,
  4.7708023E+02,  0.0000000E+00,  2.5473822E+02,2351,  5.3711505E+00,  0.0000000E+00, -1.9159196E-01,  1.0001539E+03,  9.1529961E+03,3,
  4.7787195E+02,  0.0000000E+00,  2.5591582E+02,2269,  4.1387610E+00,  0.0000000E+00,  9.3376893E-01,  1.0007064E+03,  4.2091453E+04,3,
  4.7799536E+02,  0.0000000E+00,  2.5542523E+02,2266,  4.6352510E+00,  0.0000000E+00,  1.1074610E+00,  9.9758423E+02, -1.4260000E+05,3,
  4.7859903E+02,  0.0000000E+00,  2.5515701E+02,2295,  5.2622008E+00,  0.0000000E+00,  1.3949308E-01,  1.0003589E+03,  2.1365291E+04,3,
  4.7968509E+02,  0.0000000E+00,  2.5529454E+02,2361,  4.5697365E+00,  0.0000000E+00,  3.4202000E-01,  1.0000885E+03,  5.2634834E+03,3,
  4.7974017E+02,  0.0000000E+00,  2.5520953E+02,2313,  4.5376344E+00,  0.0000000E+00, -6.6202420E-01,  1.0001937E+03,  1.1521588E+04,3,
  4.8329816E+02,  0.0000000E+00,  2.5531570E+02,2225,  5.5428882E+00,  0.0000000E+00,  3.6323380E-01,  1.0001652E+03,  9.8250088E+03,3,
  4.8361487E+02,  0.0000000E+00,  2.5503358E+02,2274,  5.3636861E+00,  0.0000000E+00, -5.6355947E-01,  9.9961096E+02, -2.3104426E+04,3,
  4.8373389E+02,  0.0000000E+00,  2.5508595E+02,2333,  5.2840896E+00,  0.0000000E+00, -3.9493239E-01,  9.9958020E+02, -2.4929020E+04,3,
  4.8460727E+02,  0.0000000E+00,  2.5492082E+02,2304,  4.7725692E+00,  0.0000000E+00,  2.8676632E-01,  9.9964099E+02, -2.1322947E+04,3,
  4.8575992E+02,  0.0000000E+00,  2.5497815E+02,2323,  4.9663577E+00,  0.0000000E+00, -9.0154499E-01,  1.0008502E+03,  5.0677793E+04,3,
  4.8616867E+02,  0.0000000E+00,  2.5602640E+02,2305,  5.3949881E+00,  0.0000000E+00,  3.3616352E-01,  1.0007982E+03,  4.7570543E+04,3,
  4.8757712E+02,  0.0000000E+00,  2.5510422E+02,2191,  4.9957228E+00,  0.0000000E+00,  1.2244658E+00,  9.9830615E+02, -1.0020237E+05,3,
  4.8809988E+02,  0.0000000E+00,  2.5497215E+02,2182,  5.1855717E+00,  0.0000000E+00,  8.7934744E-01,  9.9994617E+02, -3.2002832E+03,3,
  4.8819745E+02,  0.0000000E+00,  2.5493947E+02,2188,  5.0341311E+00,  0.0000000E+00,  5.7799017E-01,  9.9997058E+02, -1.7490356E+03,3,
  4.8829794E+02,  0.0000000E+00,  2.5513356E+02,2315,  5.0459733E+00,  0.0000000E+00,  9.5367074E-01,  1.0001448E+03,  8.6154189E+03,3,
  4.9299203E+02,  0.0000000E+00,  2.5538965E+02,2325,  4.7988858E+00,  0.0000000E+00, -3.4475186E-01,  1.0008575E+03,  5.1115512E+04,3,
  4.9314505E+02,  0.0000000E+00,  2.5468730E+02,2352,  5.0568700E+00,  0.0000000E+00, -1.0021699E-01,  1.0010223E+03,  6.0969266E+04,3,
  4.9337531E+02,  0.0000000E+00,  2.5517432E+02,2294,  5.0120978E+00,  0.0000000E+00,  1.9530091E-01,  1.0014384E+03,  8.5891516E+04,3,
  4.9458755E+02,  0.0000000E+00,  2.5507735E+02,2306,  5.2294264E+00,  0.0000000E+00,  9.9128261E-02,  9.9302405E+02, -4.0619562E+05,3,
  4.9484988E+02,  0.0000000E+00,  2.5561412E+02,2155,  5.1351829E+00,  0.0000000E+00,  1.4883129E-01,  1.0016777E+03,  1.0025446E+05,3,
  4.9599075E+02,  0.0000000E+00,  2.5481157E+02,2179,  4.8699121E+00,  0.0000000E+00,  2.7249497E-01,  1.0014686E+03,  8.7703609E+04,3,
  4.9633279E+02,  0.0000000E+00,  2.5505859E+02,2316,  4.5628443E+00,  0.0000000E+00, -2.0491351E-01,  1.0008429E+03,  5.0243742E+04,3,
  4.9870782E+02,  0.0000000E+00,  2.5529527E+02,2255,  5.6474504E+00,  0.0000000E+00,  2.8628793E-01,  9.9981879E+02, -1.0768719E+04,3,
  4.9934863E+02,  0.0000000E+00,  2.5491306E+02,2186,  5.4580278E+00,  0.0000000E+00, -4.8370734E-02,  1.0005145E+03,  3.0639943E+04,3,
  5.0020801E+02,  0.0000000E+00,  2.5513321E+02,2312,  4.7147536E+00,  0.0000000E+00,  3.0074257E-01,  9.9959705E+02, -2.3929879E+04,3,
  5.0059232E+02,  0.0000000E+00,  2.5523701E+02,2217,  5.2351451E+00,  0.0000000E+00,  7.5397563E-01,  1.0006706E+03,  3.9952398E+04,3,
  5.0127393E+02,  0.0000000E+00,  2.5509399E+02,2221,  5.1704178E+00,  0.0000000E+00, -1.7558174E-01,  9.9929541E+02, -4.1805016E+04,3,
  5.0194620E+02,  0.0000000E+00,  2.5517188E+02,2166,  5.2881150E+00,  0.0000000E+00, -3.3755176E-02,  1.0006238E+03,  3.7161754E+04,3,
  5.0309430E+02,  0.0000000E+00,  2.5510374E+02,2289,  5.0187802E+00,  0.0000000E+00,  1.4200008E+00,  9.9974725E+02, -1.5016402E+04,3,
  5.0490994E+02,  0.0000000E+00,  2.5497691E+02,2324,  5.2358904E+00,  0.0000000E+00,  8.9372081E-01,  1.0005275E+03,  3.1415344E+04,3,
  5.0502716E+02,  0.0000000E+00,  2.5523495E+02,2275,  5.2358918E+00,  0.0000000E+00,  5.5936873E-03,  1.0006041E+03,  3.5985254E+04,3,
  5.0637070E+02,  0.0000000E+00,  2.5541760E+02,2141,  5.2214117E+00,  0.0000000E+00,  8.6584032E-02,  1.0011545E+03,  6.8884859E+04,3,
  5.0750845E+02,  0.0000000E+00,  2.5491168E+02,2247,  5.6840758E+00,  0.0000000E+00, -6.0162105E-02,  1.0005432E+03,  3.2351004E+04,3,
  5.0755478E+02,  0.0000000E+00,  2.5514091E+02,2260,  5.2497096E+00,  0.0000000E+00,  3.0068722E-01,  9.9610278E+02, -2.2902883E+05,3,
  5.0797067E+02,  0.0000000E+00,  2.5574422E+02,2138,  5.0403709E+00,  0.0000000E+00,  1.4497265E-01,  1.0010245E+03,  6.1104367E+04,3,
  5.0914755E+02,  0.0000000E+00,  2.5485027E+02,2161,  5.0657225E+00,  0.0000000E+00, -2.2298966E-01,  1.0008951E+03,  5.3362770E+04,3,
  5.0969299E+02,  0.0000000E+00,  2.5523219E+02,2265,  5.1699972E+00,  0.0000000E+00, -4.9682191E-01,  1.0007192E+03,  4.2856812E+04,3,
  5.1158661E+02,  0.0000000E+00,  2.5516542E+02,2256,  5.5153718E+00,  0.0000000E+00,  4.3569198E-01,  9.9962872E+02, -2.2050785E+04,3,
  5.1266144E+02,  0.0000000E+00,  2.5527190E+02,2215,  5.2678251E+00,  0.0000000E+00, -3.2098740E-01,  9.9973578E+02, -1.5697602E+04,3,
  5.1267981E+02,  0.0000000E+00,  2.5540364E+02,2232,  5.1793475E+00,  0.0000000E+00, -2.9327095E-01,  1.0006016E+03,  3.5835926E+04,3,
  5.1326294E+02,  0.0000000E+00,  2.5495015E+02,2203,  5.4622798E+00,  0.0000000E+00,  2.2417414E-01,  1.0009128E+03,  5.4424559E+04,3,
  5.1455676E+02,  0.0000000E+00,  2.5515866E+02,2195,  5.2709746E+00,  0.0000000E+00,  8.7357990E-02,  1.0005059E+03,  3.0123041E+04,3,
  5.1512207E+02,  0.0000000E+00,  2.5508144E+02,2259,  5.6180167E+00,  0.0000000E+00,  1.8704700E-01,  9.9928345E+02, -4.2513277E+04,3,
  5.1566473E+02,  0.0000000E+00,  2.5510635E+02,2243,  5.2855730E+00,  0.0000000E+00,  3.3750856E-01,  1.0001567E+03,  9.3237188E+03,3,
  5.1662701E+02,  0.0000000E+00,  2.5517836E+02,2286,  5.1652150E+00,  0.0000000E+00,  3.0033115E-01,  1.0004351E+03,  2.5905115E+04,3,
  5.1795563E+02,  0.0000000E+00,  2.5494492E+02,2280,  5.4489617E+00,  0.0000000E+00, -1.5960898E-01,  1.0006506E+03,  3.8760996E+04,3,
  5.1846960E+02,  0.0000000E+00,  2.5512714E+02,2246,  5.3682103E+00,  0.0000000E+00, -6.7802712E-02,  1.0009224E+03,  5.4997461E+04,3,
  5.1964117E+02,  0.0000000E+00,  2.5499171E+02,2172,  5.3560290E+00,  0.0000000E+00, -3.8508826E-01,  9.9895111E+02, -6.2168895E+04,3,
  5.2044373E+02,  0.0000000E+00,  2.5524794E+02,2298,  5.2333832E+00,  0.0000000E+00, -2.7564487E-01,  1.0014588E+03,  8.7117844E+04,3,
  5.2202612E+02,  0.0000000E+00,  2.5496063E+02,2132,  5.3526592E+00,  0.0000000E+00,  4.7996449E-01,  1.0001442E+03,  8.5790967E+03,3,
  5.2209985E+02,  0.0000000E+00,  2.5513602E+02,2258,  5.2284679E+00,  0.0000000E+00, -2.3155585E-01,  1.0003486E+03,  2.0747047E+04,3,
  5.2309253E+02,  0.0000000E+00,  2.5502435E+02,2224,  5.5379920E+00,  0.0000000E+00,  4.2367971E-01,  1.0003082E+03,  1.8343531E+04,3,
  5.2462250E+02,  0.0000000E+00,  2.5501913E+02,2200,  5.1487556E+00,  0.0000000E+00,  4.1077533E-01,  1.0003647E+03,  2.1710799E+04,3,
  5.2506946E+02,  0.0000000E+00,  2.5520712E+02,2210,  5.3397202E+00,  0.0000000E+00,  3.5264349E-01,  9.9983997E+02, -9.5107363E+03,3,
  5.2560547E+02,  0.0000000E+00,  2.5559248E+02,2233,  5.5181990E+00,  0.0000000E+00,  3.3362037E-01,  1.0001855E+03,  1.1038379E+04,3,
  5.2627142E+02,  0.0000000E+00,  2.5508531E+02,2231,  5.3113465E+00,  0.0000000E+00,  2.0696664E-01,  1.0001884E+03,  1.1209134E+04,3,
  5.2680267E+02,  0.0000000E+00,  2.5519101E+02,2168,  5.3191962E+00,  0.0000000E+00,  2.6535466E-01,  1.0002798E+03,  1.6653055E+04,3,
  5.2840900E+02,  0.0000000E+00,  2.5513214E+02,2270,  5.2389517E+00,  0.0000000E+00,  3.1321782E-01,  1.0003489E+03,  2.0765230E+04,3,
  5.2913519E+02,  0.0000000E+00,  2.5518915E+02,2288,  5.3280902E+00,  0.0000000E+00, -1.4841178E-02,  1.0001288E+03,  7.6602017E+03,3,
  5.3081592E+02,  0.0000000E+00,  2.5523335E+02,2146,  5.3456464E+00,  0.0000000E+00, -1.3899383E-01,  9.9999841E+02, -9.4354195E+01,3,
  5.3104639E+02,  0.0000000E+00,  2.5529980E+02,2147,  5.3917513E+00,  0.0000000E+00, -2.8490992E-02,  1.0001213E+03,  7.2171284E+03,3,
  5.3151727E+02,  0.0000000E+00,  2.5477086E+02,2150,  5.2762327E+00,  0.0000000E+00, -8.2416199E-02,  1.0005529E+03,  3.2926277E+04,3,
  5.3248260E+02,  0.0000000E+00,  2.5516199E+02,2180,  5.4289403E+00,  0.0000000E+00, -3.2266891E-01,  9.9932135E+02, -4.0269066E+04,3,
  5.3311041E+02,  0.0000000E+00,  2.5612329E+02,2276,  5.3531666E+00,  0.0000000E+00, -8.4432028E-02,  1.0004641E+03,  2.7633557E+04,3,
  5.3425757E+02,  0.0000000E+00,  2.5501534E+02,2165,  5.2054996E+00,  0.0000000E+00, -1.6999152E-01,  1.0005159E+03,  3.0723668E+04,3,
  5.3435931E+02,  0.0000000E+00,  2.5498518E+02,2151,  5.4072480E+00,  0.0000000E+00,  3.2235406E-02,  1.0002600E+03,  1.5471710E+04,3,
  5.3571722E+02,  0.0000000E+00,  2.5503845E+02,2249,  5.3006415E+00,  0.0000000E+00, -2.0267075E-01,  9.9989563E+02, -6.2036899E+03,3,
  5.3662238E+02,  0.0000000E+00,  2.5509595E+02,2229,  5.4095292E+00,  0.0000000E+00, -4.5440387E-02,  9.9994116E+02, -3.4977625E+03,3,
  5.3791833E+02,  0.0000000E+00,  2.5500037E+02,2250,  5.3396831E+00,  0.0000000E+00,  2.5402138E-02,  1.0005748E+03,  3.4237152E+04,3,
  5.3874432E+02,  0.0000000E+00,  2.5560884E+02,2212,  5.4012942E+00,  0.0000000E+00,  1.0678772E-02,  1.0001061E+03,  6.3092529E+03,3,
  5.3942078E+02,  0.0000000E+00,  2.5481905E+02,2196,  5.3088980E+00,  0.0000000E+00,  1.3370562E-01,  1.0010891E+03,  6.4964633E+04,3,
  5.4028064E+02,  0.0000000E+00,  2.5521158E+02,2216,  5.4569631E+00,  0.0000000E+00, -4.0092252E-02,  9.9762097E+02, -1.4044656E+05,3,
  5.4048419E+02,  0.0000000E+00,  2.5613263E+02,2261,  5.3361893E+00,  0.0000000E+00,  4.1017864E-02,  1.0010668E+03,  6.3631449E+04,3,
  5.4145020E+02,  0.0000000E+00,  2.5491107E+02,2197,  5.4386268E+00,  0.0000000E+00,  1.8045940E-01,  1.0007144E+03,  4.2568887E+04,3,
  5.4175311E+02,  0.0000000E+00,  2.5507620E+02,2183,  5.3106775E+00,  0.0000000E+00,  1.8547703E-01,  1.0005795E+03,  3.4513914E+04,3,
  5.4289514E+02,  0.0000000E+00,  2.5534325E+02,2220,  5.4862657E+00,  0.0000000E+00,  4.8502963E-02,  9.9959064E+02, -2.4309998E+04,3,
  5.4422791E+02,  0.0000000E+00,  2.5501018E+02,2253,  5.3782172E+00,  0.0000000E+00,  3.2003451E-02,  1.0016578E+03,  9.9059516E+04,3,
  5.4570258E+02,  0.0000000E+00,  2.5497269E+02,2219,  5.2337699E+00,  0.0000000E+00,  5.4649595E-02,  1.0009387E+03,  5.5971832E+04,3,
  5.4598572E+02,  0.0000000E+00,  2.5556352E+02,2144,  5.4719639E+00,  0.0000000E+00, -1.6164409E-01,  1.0005416E+03,  3.2256342E+04,3,
  5.4668323E+02,  0.0000000E+00,  2.5505463E+02,2173,  5.4313760E+00,  0.0000000E+00, -1.2834193E-02,  9.9981152E+02, -1.1200095E+04,3,
  5.4774768E+02,  0.0000000E+00,  2.5496732E+02,2223,  5.3267694E+00,  0.0000000E+00, -4.2121181E-01,  1.0008030E+03,  4.7862262E+04,3,
  5.4874225E+02,  0.0000000E+00,  2.5503537E+02,2213,  5.3623633E+00,  0.0000000E+00, -4.7705065E-02,  1.0009460E+03,  5.6409781E+04,3,
  5.4989905E+02,  0.0000000E+00,  2.5554472E+02,2127,  5.3856707E+00,  0.0000000E+00,  1.1015556E-02,  1.0002625E+03,  1.5620733E+04,3,
  5.5057440E+02,  0.0000000E+00,  2.5496565E+02,2262,  5.3254919E+00,  0.0000000E+00, -3.2744724E-02,  1.0014808E+03,  8.8439523E+04,3,
  5.5182642E+02,  0.0000000E+00,  2.5513324E+02,2242,  5.1906767E+00,  0.0000000E+00, -3.0555111E-01,  1.0004754E+03,  2.8306820E+04,3,
  5.5239764E+02,  0.0000000E+00,  2.5482408E+02,2101,  5.0611920E+00,  0.0000000E+00, -2.4425921E-01,  1.0009935E+03,  5.9245980E+04,3,
  5.5398260E+02,  0.0000000E+00,  2.5604712E+02,2271,  5.3707314E+00,  0.0000000E+00, -6.9615424E-02,  1.0005106E+03,  3.0403330E+04,3,
  5.5402423E+02,  0.0000000E+00,  2.5496841E+02,2176,  5.2298007E+00,  0.0000000E+00,  1.3807288E-01,  1.0008355E+03,  4.9802414E+04,3,
  5.5521088E+02,  0.0000000E+00,  2.5494862E+02,2143,  5.1873250E+00,  0.0000000E+00, -7.7107348E-02,  1.0000802E+03,  4.7696860E+03,3,
  5.5645288E+02,  0.0000000E+00,  2.5506598E+02,2214,  5.0927997E+00,  0.0000000E+00, -1.3293537E-01,  1.0002112E+03,  1.2564384E+04,3,
  5.5666205E+02,  0.0000000E+00,  2.5504749E+02,2171,  5.1034241E+00,  0.0000000E+00, -1.2030895E-01,  1.0000338E+03,  2.0070540E+03,3,
  5.5769684E+02,  0.0000000E+00,  2.5576288E+02,2153,  5.3478284E+00,  0.0000000E+00, -1.0776965E-01,  1.0004649E+03,  2.7680865E+04,3,
  5.5788403E+02,  0.0000000E+00,  2.5500310E+02,2162,  5.2944350E+00,  0.0000000E+00, -2.2699511E-01,  1.0011602E+03,  6.9221055E+04,3,
  5.5904523E+02,  0.0000000E+00,  2.5504311E+02,2125,  5.2076554E+00,  0.0000000E+00,  3.3845785E-01,  1.0013482E+03,  8.0486484E+04,3,
  5.6013788E+02,  0.0000000E+00,  2.5496973E+02,2252,  5.2096887E+00,  0.0000000E+00,  2.0332161E-01,  1.0004487E+03,  2.6712896E+04,3,
  5.6111505E+02,  0.0000000E+00,  2.5507425E+02,2119,  5.1786795E+00,  0.0000000E+00, -6.6658922E-02,  1.0002823E+03,  1.6798461E+04,3,
  5.6203931E+02,  0.0000000E+00,  2.5503065E+02,2112,  5.1070924E+00,  0.0000000E+00, -9.0369076E-02,  1.0015663E+03,  9.3570438E+04,3,
  5.6305902E+02,  0.0000000E+00,  2.5510403E+02,2184,  5.3738747E+00,  0.0000000E+00,  2.0660035E-01,  9.9871954E+02, -7.5841484E+04,3,
  5.6325970E+02,  0.0000000E+00,  2.5645120E+02,2244,  5.2177515E+00,  0.0000000E+00, -9.5830873E-02,  9.9986755E+02, -7.8718555E+03,3,
  5.6397473E+02,  0.0000000E+00,  2.5492383E+02,2194,  5.2552929E+00,  0.0000000E+00, -1.8819535E-01,  1.0018060E+03,  1.0796274E+05,3,
  5.6501862E+02,  0.0000000E+00,  2.5510402E+02,2187,  5.5250740E+00,  0.0000000E+00, -3.4082288E-01,  1.0019552E+03,  1.1693630E+05,3,
  5.6652087E+02,  0.0000000E+00,  2.5517603E+02,2234,  5.1763139E+00,  0.0000000E+00, -6.2131411E-01,  9.9935040E+02, -3.8548523E+04,3,
  5.6632794E+02,  0.0000000E+00,  2.5533817E+02,2117,  4.6715922E+00,  0.0000000E+00, -9.4647014E-01,  1.0003272E+03,  1.9474311E+04,3,
  5.6791553E+02,  0.0000000E+00,  2.5553679E+02,2207,  4.6585517E+00,  0.0000000E+00, -6.6441379E-02,  1.0008060E+03,  4.8037297E+04,3,
  5.6870020E+02,  0.0000000E+00,  2.5393700E+02,2226,  7.4336987E+00,  0.0000000E+00, -1.9138322E+00,  9.9843915E+02, -9.2371617E+04,3,
  5.7023199E+02,  0.0000000E+00,  2.5530901E+02,2177,  5.8388977E+00,  0.0000000E+00, -5.5988777E-01,  1.0018949E+03,  1.1330921E+05,3,
  5.6991248E+02,  0.0000000E+00,  2.5504294E+02,2154,  3.6669590E+00,  0.0000000E+00, -4.7154218E-01,  1.0023535E+03,  1.4092711E+05,3,
  5.7153345E+02,  0.0000000E+00,  2.5314771E+02,2148,  5.4834614E+00,  0.0000000E+00, -2.5300689E+00,  9.9855493E+02, -8.5549203E+04,3,
  5.7230548E+02,  0.0000000E+00,  2.5463206E+02,2205,  6.1176467E+00,  0.0000000E+00, -1.1221186E+00,  1.0010474E+03,  6.2473730E+04,3,
  5.7320166E+02,  0.0000000E+00,  2.5387944E+02,2160,  7.1426439E+00,  0.0000000E+00, -2.4018414E-01,  9.9743420E+02, -1.5138767E+05,3,
  5.7054877E+02,  0.0000000E+00,  2.5299290E+02,2167,  2.0061815E+00,  0.0000000E+00,  4.3803847E-01,  9.9941760E+02, -3.4567711E+04,3,
  5.7349316E+02,  0.0000000E+00,  2.5289021E+02,2157,  2.0995264E+00,  0.0000000E+00, -2.8081493E+00,  1.0030896E+03,  1.8541272E+05,3,
  5.7355853E+02,  0.0000000E+00,  2.5246477E+02,2130,  2.2809637E+00,  0.0000000E+00, -1.9116726E+00,  9.9858557E+02, -8.3743008E+04,3,
  5.7446484E+02,  0.0000000E+00,  2.5300078E+02,2124,  1.7608449E+00,  0.0000000E+00, -1.5499769E+00,  1.0031467E+03,  1.8886984E+05,3,
  5.7593365E+02,  0.0000000E+00,  2.5306326E+02,2174,  5.4128461E+00,  0.0000000E+00,  5.1905483E-01,  1.0050736E+03,  3.0629697E+05,3,
  5.7686749E+02,  0.0000000E+00,  2.5423361E+02,2120,  5.4805408E+00,  0.0000000E+00,  2.6165807E+00,  9.9457257E+02, -3.1749669E+05,3,
  5.7844385E+02,  0.0000000E+00,  2.5583278E+02,2198,  5.3878846E+00,  0.0000000E+00,  1.7980926E+00,  9.9981549E+02, -1.0964472E+04,3,
  5.7947528E+02,  0.0000000E+00,  2.5551886E+02,2094,  5.8331938E+00,  0.0000000E+00,  1.7108079E+00,  9.9837939E+02, -9.5890656E+04,3,
  5.7871387E+02,  0.0000000E+00,  2.5304858E+02,2114,  1.5470065E+00,  0.0000000E+00, -7.0773709E-01,  1.0032598E+03,  1.9572470E+05,3,
  5.7842102E+02,  0.0000000E+00,  2.5322853E+02,2206,  1.3756703E+00,  0.0000000E+00, -2.7249414E-01,  1.0009600E+03,  5.7245594E+04,3,
  5.7984393E+02,  0.0000000E+00,  2.5301988E+02,2142, -1.1379424E+00,  0.0000000E+00,  4.6893978E-01,  1.0043793E+03,  2.6382847E+05,3,
  5.7955060E+02,  0.0000000E+00,  2.5298122E+02,2106,  4.8502272E-01,  0.0000000E+00, -3.4028426E-01,  9.9913708E+02, -5.1174523E+04,3,
  5.8024908E+02,  0.0000000E+00,  2.5669855E+02,2190,  4.8969488E+00,  0.0000000E+00,  8.5560906E-01,  1.0000764E+03,  4.5445811E+03,3,
  5.8103741E+02,  0.0000000E+00,  2.5645697E+02,2116,  4.8439159E+00,  0.0000000E+00,  4.7631735E-01,  9.9967786E+02, -1.9135492E+04,3,
  5.8352039E+02,  0.0000000E+00,  2.5582990E+02,2122,  6.7176051E+00,  0.0000000E+00, -8.0965376E-01,  9.9775122E+02, -1.3280912E+05,3,
  5.8308655E+02,  0.0000000E+00,  2.5628528E+02,2111,  5.5906224E+00,  0.0000000E+00,  6.9377297E-01,  9.9972406E+02, -1.6393246E+04,3,
  5.8160913E+02,  0.0000000E+00,  2.5387996E+02,2095,  5.8261716E-01,  0.0000000E+00,  3.5240583E+00,  9.9957294E+02, -2.5359777E+04,3,
  5.8298303E+02,  0.0000000E+00,  2.5454593E+02,2163,  6.1113033E+00,  0.0000000E+00,  4.4778390E+00,  1.0022438E+03,  1.3431161E+05,3,
  5.8580267E+02,  0.0000000E+00,  2.5705893E+02,2169,  5.0530262E+00,  0.0000000E+00,  1.2624903E-01,  1.0008521E+03,  5.0790871E+04,3,
  5.8606757E+02,  0.0000000E+00,  2.5720129E+02,2102,  5.7020922E+00,  0.0000000E+00, -1.0313060E-01,  1.0004387E+03,  2.6119789E+04,3,
  5.8487341E+02,  0.0000000E+00,  2.5634253E+02,2123,  5.9196978E+00,  0.0000000E+00,  2.0181363E+00,  1.0023684E+03,  1.4182520E+05,3,
  5.8661279E+02,  0.0000000E+00,  2.5545744E+02,2107,  5.6460762E+00,  0.0000000E+00,  1.5924113E-02,  9.9872089E+02, -7.5762250E+04,3,
  5.8751385E+02,  0.0000000E+00,  2.5490268E+02,2152,  4.6351638E+00,  0.0000000E+00, -1.3760993E+00,  9.9974896E+02, -1.4914943E+04,3,
  5.8806073E+02,  0.0000000E+00,  2.5612582E+02,2113,  5.2337670E+00,  0.0000000E+00, -2.4626625E+00,  9.9771704E+02, -1.3481391E+05,3,
  5.8885883E+02,  0.0000000E+00,  2.5559518E+02,2170,  7.0050430E+00,  0.0000000E+00, -3.1053123E+00,  1.0022228E+03,  1.3304641E+05,3,
  5.8846130E+02,  0.0000000E+00,  2.5461311E+02,2158,  4.9744244E+00,  0.0000000E+00, -1.6098173E+00,  1.0010637E+03,  6.3445184E+04,3,
  5.9141583E+02,  0.0000000E+00,  2.5504086E+02,2156,  6.4411359E+00,  0.0000000E+00, -2.1730173E+00,  1.0068961E+03,  4.1861000E+05,3,
  5.9199048E+02,  0.0000000E+00,  2.5546992E+02,2189,  5.5843973E+00,  0.0000000E+00,  1.8893388E-01,  9.9445844E+02, -3.2406269E+05,3,
  5.9134546E+02,  0.0000000E+00,  2.5497079E+02,2175,  3.2157850E+00,  0.0000000E+00, -1.2393632E+00,  9.9727289E+02, -1.6082789E+05,3,
  5.9357477E+02,  0.0000000E+00,  2.5537561E+02,2149,  5.4084544E+00,  0.0000000E+00, -3.0530098E-01,  9.9813196E+02, -1.1044942E+05,3,
  5.9421869E+02,  0.0000000E+00,  2.5632263E+02,2199,  5.3467255E+00,  0.0000000E+00, -9.3986034E-01,  9.9787244E+02, -1.2569599E+05,3,
  5.9577618E+02,  0.0000000E+00,  2.5525008E+02,2121,  7.4062119E+00,  0.0000000E+00,  6.8574142E-01,  1.0057253E+03,  3.4632019E+05,3,
  5.9550336E+02,  0.0000000E+00,  2.5522337E+02,2135,  4.1598186E+00,  0.0000000E+00, -8.4853172E-01,  1.0049241E+03,  2.9713956E+05,3,
  5.9634064E+02,  0.0000000E+00,  2.5581837E+02,2105,  4.3520904E+00,  0.0000000E+00, -1.2285107E+00,  9.9933875E+02, -3.9238945E+04,3,
  5.9745099E+02,  0.0000000E+00,  2.5489917E+02,2118,  5.9155669E+00,  0.0000000E+00,  2.2201820E-01,  9.9488165E+02, -2.9969312E+05,3,
  5.9767529E+02,  0.0000000E+00,  2.5495891E+02,2159,  6.6969714E+00,  0.0000000E+00, -4.9298126E-01,  9.9746271E+02, -1.4971869E+05,3,
  6.0017712E+02,  0.0000000E+00,  2.5466298E+02,2178,  5.4458003E+00,  0.0000000E+00,  2.2548240E-01,  1.0015013E+03,  8.9669820E+04,3,
  5.9934430E+02,  0.0000000E+00,  2.5525763E+02,2181,  5.7025466E+00,  0.0000000E+00,  6.6262615E-01,  1.0022576E+03,  1.3514658E+05,3,
  6.0125714E+02,  0.0000000E+00,  2.5487080E+02,2139,  6.6339397E+00,  0.0000000E+00,  3.3779261E-01,  9.9990778E+02, -5.4819399E+03,3,
  6.0197308E+02,  0.0000000E+00,  2.5470665E+02,2070,  5.5799289E+00,  0.0000000E+00, -7.8686702E-01,  1.0002111E+03,  1.2560750E+04,3,
  6.0291583E+02,  0.0000000E+00,  2.5564917E+02,2133,  5.2733688E+00,  0.0000000E+00, -2.7535957E-01,  9.9987445E+02, -7.4620933E+03,3,
  6.0390186E+02,  0.0000000E+00,  2.5524530E+02,2093,  7.0967360E+00,  0.0000000E+00,  1.0706986E+00,  9.9587506E+02, -2.4224612E+05,3,
  6.0407507E+02,  0.0000000E+00,  2.5585951E+02,2076,  5.5809445E+00,  0.0000000E+00,  6.7736733E-01,  1.0017178E+03,  1.0266312E+05,3,
  6.0516589E+02,  0.0000000E+00,  2.5488876E+02,2108,  5.8192253E+00,  0.0000000E+00,  3.8655779E-01,  9.9892798E+02, -6.3535566E+04,3,
  6.0536310E+02,  0.0000000E+00,  2.5539182E+02,2137,  5.4247241E+00,  0.0000000E+00,  1.1958246E+00,  1.0015058E+03,  8.9937141E+04,3,
  6.0539758E+02,  0.0000000E+00,  2.5445016E+02,2030,  5.3565173E+00,  0.0000000E+00,  7.2711095E-02,  1.0010462E+03,  6.2400695E+04,3,
  6.1096118E+02,  0.0000000E+00,  2.5331328E+02,2128,  7.9681759E+00,  0.0000000E+00, -5.9520264E+00,  9.9923114E+02, -4.5609516E+04,3,
  6.1112219E+02,  0.0000000E+00,  2.5322852E+02,2092,  8.8598747E+00,  0.0000000E+00, -3.9648271E+00,  1.0049234E+03,  2.9709472E+05,3,
  6.1134985E+02,  0.0000000E+00,  2.5320039E+02,2078,  1.0401427E+01,  0.0000000E+00, -6.4550886E+00,  1.0001007E+03,  5.9897007E+03,3,
  6.1258289E+02,  0.0000000E+00,  2.5321664E+02,2090,  8.5195494E+00,  0.0000000E+00, -6.4013281E+00,  1.0045471E+03,  2.7407853E+05,3,
  6.1227704E+02,  0.0000000E+00,  2.5434451E+02,2103,  7.6755199E+00,  0.0000000E+00, -3.0058050E+00,  9.9220563E+02, -4.5274044E+05,3,
  6.1255066E+02,  0.0000000E+00,  2.5435916E+02,2131,  8.2472467E+00,  0.0000000E+00, -4.3161354E+00,  9.9433069E+02, -3.3140634E+05,3,
  6.1438843E+02,  0.0000000E+00,  2.5426181E+02,2075,  4.9003625E+00,  0.0000000E+00,  1.9367248E+00,  1.0030037E+03,  1.8021264E+05,3,
  6.1616553E+02,  0.0000000E+00,  2.5437540E+02,2134,  5.4540129E+00,  0.0000000E+00,  2.1047585E+00,  9.9441071E+02, -3.2680712E+05,3,
  6.1671637E+02,  0.0000000E+00,  2.5460991E+02,2140,  6.8808413E+00,  0.0000000E+00,  1.7575314E+00,  1.0013401E+03,  8.0003578E+04,3,
  6.1639453E+02,  0.0000000E+00,  2.5361975E+02,2084,  7.3906522E+00,  0.0000000E+00,  1.1232285E+00,  1.0047469E+03,  2.8629138E+05,3,
  6.1698114E+02,  0.0000000E+00,  2.5330859E+02,2109,  8.4038239E+00,  0.0000000E+00,  4.2510386E+00,  9.9936981E+02, -3.7398918E+04,3,
  6.1735651E+02,  0.0000000E+00,  2.5369954E+02,2129,  7.5613737E+00,  0.0000000E+00,  3.1038780E+00,  9.9871033E+02, -7.6385250E+04,3,
  6.3219568E+02,  0.0000000E+00,  2.5247696E+02,2115,  8.0827847E+00,  0.0000000E+00,  3.0024142E+00,  1.0010940E+03,  6.5260516E+04,3,
  6.3258545E+02,  0.0000000E+00,  2.5258533E+02,2136,  9.5904045E+00,  0.0000000E+00, -2.3167493E+00,  9.9874219E+02, -7.4505336E+04,3,
  6.3260657E+02,  0.0000000E+00,  2.5317102E+02,2072,  7.9364419E+00,  0.0000000E+00, -2.3064659E+00,  1.0018812E+03,  1.1248338E+05,3,
  6.3340375E+02,  0.0000000E+00,  2.5269672E+02,2104,  1.1705571E+01,  0.0000000E+00, -9.2928404E-01,  9.9940979E+02, -3.5030598E+04,3,
  6.3300873E+02,  0.0000000E+00,  2.5371410E+02,2097,  8.9242716E+00,  0.0000000E+00,  8.5110772E-01,  9.9826331E+02, -1.0272384E+05,3,
  6.3497595E+02,  0.0000000E+00,  2.5327910E+02,2145,  7.0634747E+00,  0.0000000E+00,  2.4737914E+00,  9.9884686E+02, -6.8326438E+04,3,
  6.3648059E+02,  0.0000000E+00,  2.5320427E+02,2126,  7.4787869E+00,  0.0000000E+00,  7.3915386E-01,  1.0056778E+03,  3.4339506E+05,3,
  6.3716150E+02,  0.0000000E+00,  2.5244217E+02,2073,  1.0969227E+01,  0.0000000E+00,  1.7031168E+00,  1.0007853E+03,  4.6804820E+04,3,
  6.3692322E+02,  0.0000000E+00,  2.5350493E+02,2083,  7.5949831E+00,  0.0000000E+00,  2.4135573E+00,  9.9785620E+02, -1.2664901E+05,3,
  6.3898322E+02,  0.0000000E+00,  2.5362059E+02,2089,  9.7248964E+00,  0.0000000E+00,  2.5812224E-02,  1.0012510E+03,  7.4663875E+04,3,
  6.4027856E+02,  0.0000000E+00,  2.5308321E+02,2085,  8.7245188E+00,  0.0000000E+00, -1.2285668E+00,  9.9987854E+02, -7.2191284E+03,3,
  6.4020154E+02,  0.0000000E+00,  2.5352994E+02,2099,  7.9247184E+00,  0.0000000E+00,  3.3663967E-01,  9.9967572E+02, -1.9262262E+04,3,
  6.4163330E+02,  0.0000000E+00,  2.5349586E+02,2096,  8.6696587E+00,  0.0000000E+00, -5.0538850E-01,  1.0066080E+03,  4.0077525E+05,3,
  6.4193457E+02,  0.0000000E+00,  2.5377933E+02,2080,  1.0122438E+01,  0.0000000E+00,  5.2086306E-01,  1.0022271E+03,  1.3330384E+05,3,
  6.4286108E+02,  0.0000000E+00,  2.5290022E+02,2098,  7.9639173E+00,  0.0000000E+00, -2.0650080E-01,  9.9750781E+02, -1.4707706E+05,3,
  6.4439807E+02,  0.0000000E+00,  2.5290622E+02,2079,  7.5356927E+00,  0.0000000E+00, -2.0158529E+00,  9.9817798E+02, -1.0774329E+05,3,
  6.4494806E+02,  0.0000000E+00,  2.5330946E+02,2055,  9.6112766E+00,  0.0000000E+00, -3.9641029E-01,  1.0042492E+03,  2.5589267E+05,3,
  6.4505939E+02,  0.0000000E+00,  2.5351973E+02,2059,  8.1753826E+00,  0.0000000E+00, -1.5678812E+00,  1.0031509E+03,  1.8912872E+05,3,
  6.4658545E+02,  0.0000000E+00,  2.5283548E+02,2100,  9.0607157E+00,  0.0000000E+00, -1.2897247E-01,  1.0002205E+03,  1.3120345E+04,3,
  6.4807336E+02,  0.0000000E+00,  2.5361122E+02,2088,  8.4142246E+00,  0.0000000E+00,  5.0851798E-01,  1.0025771E+03,  1.5442175E+05,3,
  6.4833362E+02,  0.0000000E+00,  2.5348915E+02,2110,  8.4733849E+00,  0.0000000E+00,  3.0115268E-01,  1.0005106E+03,  3.0406971E+04,3,
  6.4938068E+02,  0.0000000E+00,  2.5325583E+02,2071,  7.7649651E+00,  0.0000000E+00, -8.1905931E-01,  9.9954620E+02, -2.6945096E+04,3,
  6.5055518E+02,  0.0000000E+00,  2.5296437E+02,2082,  8.9511185E+00,  0.0000000E+00, -9.4312805E-01,  1.0001304E+03,  7.7582612E+03,3,
  6.5189508E+02,  0.0000000E+00,  2.5306880E+02,2067,  7.8022199E+00,  0.0000000E+00, -1.4765789E-01,  9.9840985E+02, -9.4097148E+04,3,
  6.5201050E+02,  0.0000000E+00,  2.5372501E+02,2066,  7.2897534E+00,  0.0000000E+00, -8.1162536E-01,  9.9884589E+02, -6.8384102E+04,3,
  6.5212451E+02,  0.0000000E+00,  2.5379294E+02,2086,  9.2332811E+00,  0.0000000E+00,  5.0745990E-02,  1.0019464E+03,  1.1640390E+05,3,
  6.5307385E+02,  0.0000000E+00,  2.5283148E+02,2091,  7.9759831E+00,  0.0000000E+00,  1.7238833E-01,  9.9954132E+02, -2.7234623E+04,3,
  6.5646301E+02,  0.0000000E+00,  2.5365569E+02,2058,  8.2382488E+00,  0.0000000E+00, -9.1537011E-01,  1.0018173E+03,  1.0864511E+05,3,
  6.5712628E+02,  0.0000000E+00,  2.5339963E+02,2065,  9.4270525E+00,  0.0000000E+00, -1.6237750E+00,  1.0057325E+03,  3.4675959E+05,3,
  6.5656311E+02,  0.0000000E+00,  2.5314787E+02,2056,  7.9655576E+00,  0.0000000E+00, -3.1559604E-01,  9.9400092E+02, -3.5033753E+05,3,
  6.5700159E+02,  0.0000000E+00,  2.5303436E+02,2062,  6.7698359E+00,  0.0000000E+00, -4.9024037E-01,  9.9210791E+02, -4.5828241E+05,3,
  6.5867126E+02,  0.0000000E+00,  2.5295856E+02,2034,  8.0568085E+00,  0.0000000E+00, -3.1582990E-01,  1.0071269E+03,  4.3291881E+05,3,
  6.6053259E+02,  0.0000000E+00,  2.5155037E+02,2033,  7.9194117E+00,  0.0000000E+00, -4.8838816E+00,  1.0016370E+03,  9.7813398E+04,3,
  6.6014258E+02,  0.0000000E+00,  2.5179362E+02,2087,  8.2437325E+00,  0.0000000E+00, -3.1678672E+00,  9.9643658E+02, -2.0962178E+05,3,
  6.6290723E+02,  0.0000000E+00,  2.5142122E+02,2053,  8.1395388E+00,  0.0000000E+00,  1.0359466E-01,  1.0020547E+03,  1.2292312E+05,3,
  6.6204144E+02,  0.0000000E+00,  2.5285895E+02,2036,  6.3228617E+00,  0.0000000E+00, -9.9542248E-01,  9.9873383E+02, -7.4998758E+04,3,
  6.6243671E+02,  0.0000000E+00,  2.5281976E+02,2081,  6.3350210E+00,  0.0000000E+00, -1.0687678E+00,  9.9856207E+02, -8.5128266E+04,3,
  6.6601025E+02,  0.0000000E+00,  2.5207593E+02,2077,  4.7711496E+00,  0.0000000E+00,  1.6951101E+00,  9.9689642E+02, -1.8282302E+05,3,
  6.6486847E+02,  0.0000000E+00,  2.5229048E+02,2057,  9.1415863E+00,  0.0000000E+00, -1.4113158E+00,  9.9945087E+02, -3.2596598E+04,3,
  6.6792267E+02,  0.0000000E+00,  2.5167299E+02,2050,  5.9068785E+00,  0.0000000E+00,  2.2875824E+00,  1.0006078E+03,  3.6207430E+04,3,
  6.7227161E+02,  0.0000000E+00,  2.5200276E+02,2052,  9.8985987E+00,  0.0000000E+00, -2.0382869E+00,  9.9921906E+02, -4.6324730E+04,3,
  6.7565625E+02,  0.0000000E+00,  2.5211668E+02,2035,  6.5895295E+00,  0.0000000E+00,  1.2546645E+00,  1.0019387E+03,  1.1594129E+05,3,
  6.7595758E+02,  0.0000000E+00,  2.5206171E+02,2031,  6.9535251E+00,  0.0000000E+00,  1.1424559E+00,  1.0011222E+03,  6.6948305E+04,3,
  6.7833472E+02,  0.0000000E+00,  2.5227248E+02,2051,  9.1622238E+00,  0.0000000E+00, -3.1446901E-01,  1.0002214E+03,  1.3171218E+04,3,
  6.8022058E+02,  0.0000000E+00,  2.5220467E+02,2045,  7.8335419E+00,  0.0000000E+00,  4.2196769E-01,  9.9673517E+02, -1.9222917E+05,3,
  6.8713440E+02,  0.0000000E+00,  2.5158119E+02,2029,  6.9115233E+00,  0.0000000E+00,  1.2678546E+00,  1.0001820E+03,  1.0827663E+04,3,
  6.8594434E+02,  0.0000000E+00,  2.5157922E+02,2039,  5.6592989E+00,  0.0000000E+00,  8.7621439E-01,  1.0002559E+03,  1.5228189E+04,3,
  6.8671405E+02,  0.0000000E+00,  2.5198541E+02,2064,  6.1059642E+00,  0.0000000E+00,  2.3101330E+00,  9.9924518E+02, -4.4778648E+04,3,
  6.8668719E+02,  0.0000000E+00,  2.5180685E+02,2042,  8.2089634E+00,  0.0000000E+00,  1.0314898E+00,  1.0012898E+03,  7.6985930E+04,3,
 -3.9262973E+02,  0.0000000E+00,  2.6388730E+02,3802, -1.0479137E-02,  0.0000000E+00, -7.2934352E-05,  1.0006295E+03,  3.7500523E+04,3,
 -3.9617078E+02,  0.0000000E+00,  2.6416479E+02,3811, -4.8293201E-03,  0.0000000E+00,  1.2213521E-03,  1.0006744E+03,  4.0178309E+04,3,
 -3.9064877E+02,  0.0000000E+00,  2.6449863E+02,3803, -1.6343087E-02,  0.0000000E+00,  4.8297895E-03,  1.0008923E+03,  5.3198586E+04,3,
 -3.9433023E+02,  0.0000000E+00,  2.6475101E+02,3812, -2.4372345E-02,  0.0000000E+00,  8.0007883E-03,  1.0009098E+03,  5.4242113E+04,3,
 -3.9717032E+02,  0.0000000E+00,  2.6488208E+02,3820,  8.2804373E-04,  0.0000000E+00,  3.7932422E-03,  1.0009039E+03,  5.3891824E+04,3,
 -3.8879825E+02,  0.0000000E+00,  2.6382156E+02,3793, -9.4475802E-03,  0.0000000E+00, -2.1348954E-03,  1.0005883E+03,  3.5038328E+04,3,
 -3.8538788E+02,  0.0000000E+00,  2.6382861E+02,3784, -1.7650664E-02,  0.0000000E+00, -4.4975053E-03,  1.0003085E+03,  1.8361709E+04,3,
 -3.8696091E+02,  0.0000000E+00,  2.6462427E+02,3794, -6.9163665E-03,  0.0000000E+00,  9.7200964E-03,  1.0009357E+03,  5.5793008E+04,3,
 -3.8256473E+02,  0.0000000E+00,  2.6381744E+02,3775,  6.9273651E-02,  0.0000000E+00, -4.9072024E-03,  1.0003396E+03,  2.0212479E+04,3,
 -3.7923135E+02,  0.0000000E+00,  2.6381378E+02,3766,  5.3687669E-02,  0.0000000E+00,  1.5400980E-04,  1.0004949E+03,  2.9467854E+04,3,
 -3.8092642E+02,  0.0000000E+00,  2.6461539E+02,3776,  7.9197384E-02,  0.0000000E+00,  1.8042002E-02,  1.0008879E+03,  5.2932250E+04,3,
 -3.7687170E+02,  0.0000000E+00,  2.6387918E+02,3757,  2.3762090E-02,  0.0000000E+00,  4.3978603E-03,  1.0004360E+03,  2.5959691E+04,3,
 -3.7437384E+02,  0.0000000E+00,  2.6379825E+02,3748,  1.5271109E-02,  0.0000000E+00,  6.4418948E-04,  1.0004401E+03,  2.6199838E+04,3,
 -3.7266263E+02,  0.0000000E+00,  2.6456454E+02,3749, -5.0380360E-03,  0.0000000E+00,  1.4662555E-02,  1.0009875E+03,  5.8891867E+04,3,
 -3.7100381E+02,  0.0000000E+00,  2.6381180E+02,3739, -2.8419597E-03,  0.0000000E+00, -2.0371671E-03,  1.0004283E+03,  2.5497609E+04,3,
 -3.6856284E+02,  0.0000000E+00,  2.6381131E+02,3730, -2.7332739E-03,  0.0000000E+00, -6.1491178E-04,  1.0005101E+03,  3.0374209E+04,3,
 -3.6683514E+02,  0.0000000E+00,  2.6448734E+02,3741,  2.4921484E-02,  0.0000000E+00, -1.0450614E-03,  1.0008168E+03,  4.8682770E+04,3,
 -3.6494427E+02,  0.0000000E+00,  2.6373267E+02,3721, -1.6869558E-02,  0.0000000E+00,  2.3376902E-03,  1.0004569E+03,  2.7204146E+04,3,
 -3.6295914E+02,  0.0000000E+00,  2.6432132E+02,3731,  3.4905996E-02,  0.0000000E+00, -4.2349428E-02,  1.0004894E+03,  2.9143916E+04,3,
 -3.6090991E+02,  0.0000000E+00,  2.6371567E+02,3712,  1.1109771E-01,  0.0000000E+00, -2.7090714E-03,  1.0003316E+03,  1.9736117E+04,3,
 -3.5889423E+02,  0.0000000E+00,  2.6452942E+02,3722,  1.3384502E-01,  0.0000000E+00, -4.4995099E-02,  1.0007816E+03,  4.6578762E+04,3,
 -3.5730377E+02,  0.0000000E+00,  2.6380652E+02,3703,  1.9798556E-01,  0.0000000E+00,  4.9227604E-04,  1.0005095E+03,  3.0341447E+04,3,
 -3.5479593E+02,  0.0000000E+00,  2.6380557E+02,3694,  1.0863592E-01,  0.0000000E+00,  1.5942410E-02,  1.0003988E+03,  2.3740438E+04,3,
 -3.5319473E+02,  0.0000000E+00,  2.6462930E+02,3704,  7.5499326E-02,  0.0000000E+00,  5.9464737E-03,  1.0009840E+03,  5.8680137E+04,3,
 -3.5152243E+02,  0.0000000E+00,  2.6383344E+02,3685,  7.5560294E-02,  0.0000000E+00, -2.9847194E-03,  1.0005837E+03,  3.4768836E+04,3,
 -3.4921820E+02,  0.0000000E+00,  2.6383411E+02,3676,  8.6372674E-02,  0.0000000E+00, -3.9156461E-03,  1.0004841E+03,  2.8823627E+04,3,
 -3.4763968E+02,  0.0000000E+00,  2.6480197E+02,3686,  1.1889157E-01,  0.0000000E+00, -8.2342345E-03,  1.0014376E+03,  8.5843930E+04,3,
 -3.4625293E+02,  0.0000000E+00,  2.6385626E+02,3667,  1.1069432E-01,  0.0000000E+00, -7.1112425E-03,  1.0004365E+03,  2.5985162E+04,3,
 -3.4394397E+02,  0.0000000E+00,  2.6390372E+02,3658,  1.6392387E-01,  0.0000000E+00, -1.3743308E-02,  1.0006764E+03,  4.0298555E+04,3,
 -3.4186218E+02,  0.0000000E+00,  2.6392157E+02,3649,  2.0011885E-01,  0.0000000E+00, -1.3883726E-02,  1.0005773E+03,  3.4382816E+04,3,
 -3.3949701E+02,  0.0000000E+00,  2.6382944E+02,3640,  3.1581289E-01,  0.0000000E+00, -1.8195366E-02,  1.0004692E+03,  2.7939250E+04,3,
 -3.3777426E+02,  0.0000000E+00,  2.6457877E+02,3668,  2.2680826E-01,  0.0000000E+00,  1.8467309E-02,  1.0009973E+03,  5.9475980E+04,3,
 -3.3624545E+02,  0.0000000E+00,  2.6380777E+02,3631,  2.8033727E-01,  0.0000000E+00,  1.7927090E-02,  1.0004354E+03,  2.5923307E+04,3,
 -3.3332349E+02,  0.0000000E+00,  2.6377734E+02,3622,  2.5854060E-01,  0.0000000E+00, -1.5152696E-02,  1.0003636E+03,  2.1645332E+04,3,
 -3.3178168E+02,  0.0000000E+00,  2.6475052E+02,3641,  1.8735413E-01,  0.0000000E+00,  3.3253547E-02,  1.0011882E+03,  7.0898547E+04,3,
 -3.3019443E+02,  0.0000000E+00,  2.6380246E+02,3613,  2.6931903E-01,  0.0000000E+00,  2.4333398E-03,  1.0005461E+03,  3.2522127E+04,3,
 -3.2847916E+02,  0.0000000E+00,  2.6457504E+02,3642,  2.5842673E-01,  0.0000000E+00, -2.3825645E-02,  1.0011441E+03,  6.8260008E+04,3,
 -3.2680569E+02,  0.0000000E+00,  2.6372678E+02,3604,  2.5181937E-01,  0.0000000E+00,  1.0319424E-03,  1.0004745E+03,  2.8252230E+04,3,
 -3.2481567E+02,  0.0000000E+00,  2.6446680E+02,3632,  3.4369963E-01,  0.0000000E+00, -2.9766276E-02,  1.0010152E+03,  6.0545719E+04,3,
 -3.2313364E+02,  0.0000000E+00,  2.6376532E+02,3595,  3.7208796E-01,  0.0000000E+00, -2.8791090E-02,  1.0004698E+03,  2.7972002E+04,3,
 -3.2144788E+02,  0.0000000E+00,  2.6472299E+02,3623,  2.9526305E-01,  0.0000000E+00, -1.2541725E-02,  1.0012717E+03,  7.5899805E+04,3,
 -3.1997369E+02,  0.0000000E+00,  2.6382495E+02,3586,  4.6398616E-01,  0.0000000E+00,  1.0995593E-02,  1.0003782E+03,  2.2514602E+04,3,
 -3.1746713E+02,  0.0000000E+00,  2.6390112E+02,3577,  3.2522663E-01,  0.0000000E+00,  1.1475506E-02,  1.0004495E+03,  2.6760201E+04,3,
 -3.1533899E+02,  0.0000000E+00,  2.6387753E+02,3568,  4.4078523E-01,  0.0000000E+00, -2.0384924E-02,  1.0005034E+03,  2.9973801E+04,3,
 -3.1352884E+02,  0.0000000E+00,  2.6471362E+02,3596,  2.6865196E-01,  0.0000000E+00,  1.5159787E-02,  1.0011360E+03,  6.7777688E+04,3,
 -3.1221259E+02,  0.0000000E+00,  2.6376758E+02,3559,  3.8873458E-01,  0.0000000E+00,  2.9036293E-02,  1.0004958E+03,  2.9526090E+04,3,
 -3.1026959E+02,  0.0000000E+00,  2.6469495E+02,3587,  4.1680810E-01,  0.0000000E+00, -4.4974953E-02,  1.0011578E+03,  6.9082188E+04,3,
 -3.0891257E+02,  0.0000000E+00,  2.6380338E+02,3550,  3.5790238E-01,  0.0000000E+00, -1.1289461E-02,  1.0004862E+03,  2.8951014E+04,3,
 -3.0648663E+02,  0.0000000E+00,  2.6383032E+02,3541,  4.1636372E-01,  0.0000000E+00,  7.1346522E-03,  1.0005254E+03,  3.1287928E+04,3,
 -3.0476773E+02,  0.0000000E+00,  2.6464886E+02,3569,  4.6421018E-01,  0.0000000E+00, -5.4369360E-02,  1.0010925E+03,  6.5169191E+04,3,
 -3.0320752E+02,  0.0000000E+00,  2.6375693E+02,3532,  4.8115465E-01,  0.0000000E+00, -1.8728079E-02,  1.0003865E+03,  2.3005645E+04,3,
 -3.0143179E+02,  0.0000000E+00,  2.6474332E+02,3560,  3.7487444E-01,  0.0000000E+00,  7.9709411E-02,  1.0013365E+03,  7.9784078E+04,3,
 -3.0000943E+02,  0.0000000E+00,  2.6379285E+02,3523,  4.6566200E-01,  0.0000000E+00,  1.4342464E-02,  1.0004952E+03,  2.9489693E+04,3,
 -2.9826694E+02,  0.0000000E+00,  2.6462204E+02,3551,  3.1174186E-01,  0.0000000E+00,  3.3307448E-02,  1.0012459E+03,  7.4356750E+04,3,
 -2.9675082E+02,  0.0000000E+00,  2.6380524E+02,3514,  3.3011597E-01,  0.0000000E+00,  7.1987472E-03,  1.0005165E+03,  3.0760072E+04,3,
 -2.9430301E+02,  0.0000000E+00,  2.6383539E+02,3505,  3.6014277E-01,  0.0000000E+00,  6.6012627E-04,  1.0005576E+03,  3.3206645E+04,3,
 -2.9085602E+02,  0.0000000E+00,  2.6379083E+02,3496,  3.2025111E-01,  0.0000000E+00, -1.9687083E-02,  1.0004189E+03,  2.4937318E+04,3,
 -2.9270535E+02,  0.0000000E+00,  2.6451877E+02,3542,  3.9737985E-01,  0.0000000E+00,  1.9996086E-02,  1.0008506E+03,  5.0703328E+04,3,
 -2.8850275E+02,  0.0000000E+00,  2.6389496E+02,3487,  4.6965149E-01,  0.0000000E+00, -1.3712903E-02,  1.0004235E+03,  2.5210184E+04,3,
 -2.8616589E+02,  0.0000000E+00,  2.6382428E+02,3478,  3.9547822E-01,  0.0000000E+00,  1.8074205E-02,  1.0004086E+03,  2.4326127E+04,3,
 -2.8428024E+02,  0.0000000E+00,  2.6461200E+02,3524,  6.9634324E-01,  0.0000000E+00, -9.9648103E-02,  1.0010679E+03,  6.3697191E+04,3,
 -2.8292242E+02,  0.0000000E+00,  2.6380569E+02,3469,  4.9003765E-01,  0.0000000E+00, -2.9620394E-02,  1.0004131E+03,  2.4591699E+04,3,
 -2.8036697E+02,  0.0000000E+00,  2.6388531E+02,3460,  6.6126090E-01,  0.0000000E+00,  1.3694084E-03,  1.0004888E+03,  2.9103879E+04,3,
 -2.7829413E+02,  0.0000000E+00,  2.6394540E+02,3451,  5.3108430E-01,  0.0000000E+00,  1.1910143E-04,  1.0005063E+03,  3.0152162E+04,3,
 -2.7599710E+02,  0.0000000E+00,  2.6382394E+02,3442,  5.1266420E-01,  0.0000000E+00,  2.8334204E-02,  1.0005009E+03,  2.9824562E+04,3,
 -2.7414011E+02,  0.0000000E+00,  2.6453638E+02,3479,  4.8290071E-01,  0.0000000E+00, -5.0529595E-02,  1.0010983E+03,  6.5516223E+04,3,
 -2.7259799E+02,  0.0000000E+00,  2.6379550E+02,3433,  4.5540461E-01,  0.0000000E+00,  2.0692218E-03,  1.0005906E+03,  3.5180363E+04,3,
 -2.7021695E+02,  0.0000000E+00,  2.6384183E+02,3424,  5.5412996E-01,  0.0000000E+00, -1.6283296E-03,  1.0004208E+03,  2.5053740E+04,3,
 -2.6859186E+02,  0.0000000E+00,  2.6467801E+02,3498,  5.3749114E-01,  0.0000000E+00, -7.6973520E-02,  1.0010884E+03,  6.4928105E+04,3,
 -2.6702002E+02,  0.0000000E+00,  2.6376605E+02,3415,  5.6388849E-01,  0.0000000E+00,  6.7591448E-03,  1.0004905E+03,  2.9205791E+04,3,
 -2.6524823E+02,  0.0000000E+00,  2.6450180E+02,3470,  5.8849418E-01,  0.0000000E+00,  1.9946627E-02,  1.0010838E+03,  6.4650496E+04,3,
 -2.6345593E+02,  0.0000000E+00,  2.6374326E+02,3406,  6.7470187E-01,  0.0000000E+00, -4.7066424E-02,  1.0003130E+03,  1.8630758E+04,3,
 -2.6137057E+02,  0.0000000E+00,  2.6452414E+02,3461,  5.4530925E-01,  0.0000000E+00,  2.3508068E-02,  1.0007714E+03,  4.5969887E+04,3,
 -2.5996994E+02,  0.0000000E+00,  2.6378592E+02,3397,  7.1870852E-01,  0.0000000E+00,  4.4780944E-02,  1.0006370E+03,  3.7948594E+04,3,
 -2.5796771E+02,  0.0000000E+00,  2.6472424E+02,3452,  7.1258712E-01,  0.0000000E+00, -2.6667586E-03,  1.0009384E+03,  5.5949934E+04,3,
 -2.5668768E+02,  0.0000000E+00,  2.6379242E+02,3388,  4.7995889E-01,  0.0000000E+00,  1.4412089E-02,  1.0005651E+03,  3.3654520E+04,3,
 -2.5427538E+02,  0.0000000E+00,  2.6391003E+02,3379,  6.5824610E-01,  0.0000000E+00, -1.9838348E-02,  1.0005881E+03,  3.5031043E+04,3,
 -2.5202701E+02,  0.0000000E+00,  2.6388293E+02,3370,  5.7770878E-01,  0.0000000E+00, -8.2423454E-03,  1.0004666E+03,  2.7779123E+04,3,
 -2.4988080E+02,  0.0000000E+00,  2.6388278E+02,3361,  7.2176516E-01,  0.0000000E+00,  6.1608646E-03,  1.0005732E+03,  3.4138832E+04,3,
 -2.4823276E+02,  0.0000000E+00,  2.6473453E+02,3416,  7.2433120E-01,  0.0000000E+00, -4.8441876E-02,  1.0011641E+03,  6.9458594E+04,3,
 -2.4680482E+02,  0.0000000E+00,  2.6376181E+02,3352,  6.4844263E-01,  0.0000000E+00,  6.0019158E-03,  1.0005146E+03,  3.0643582E+04,3,
 -2.4513908E+02,  0.0000000E+00,  2.6468982E+02,3407,  7.3018831E-01,  0.0000000E+00,  5.2440546E-02,  1.0010604E+03,  6.3247961E+04,3,
 -2.4343747E+02,  0.0000000E+00,  2.6375204E+02,3343,  7.9142636E-01,  0.0000000E+00, -7.0462763E-02,  1.0003999E+03,  2.3805916E+04,3,
 -2.4146317E+02,  0.0000000E+00,  2.6447342E+02,3398,  5.9704810E-01,  0.0000000E+00,  6.8381995E-02,  1.0010123E+03,  6.0374113E+04,3,
 -2.3998264E+02,  0.0000000E+00,  2.6380954E+02,3334,  8.6233199E-01,  0.0000000E+00,  4.1709960E-02,  1.0004951E+03,  2.9478773E+04,3,
 -2.3694910E+02,  0.0000000E+00,  2.6374200E+02,3325,  7.7535349E-01,  0.0000000E+00, -1.0548857E-03,  1.0001828E+03,  1.0874892E+04,3,
 -2.3540392E+02,  0.0000000E+00,  2.6477588E+02,3380,  7.6851958E-01,  0.0000000E+00,  1.4047210E-01,  1.0012592E+03,  7.5150188E+04,3,
 -2.3799004E+02,  0.0000000E+00,  2.6495038E+02,3389,  5.7823730E-01,  0.0000000E+00, -1.8428059E-01,  1.0015807E+03,  9.4435008E+04,3,
 -2.3371637E+02,  0.0000000E+00,  2.6383633E+02,3316,  8.2173592E-01,  0.0000000E+00, -2.2889316E-02,  1.0005851E+03,  3.4848953E+04,3,
 -2.3156929E+02,  0.0000000E+00,  2.6390991E+02,3307,  6.7292732E-01,  0.0000000E+00, -2.8886544E-03,  1.0007785E+03,  4.6396461E+04,3,
 -2.2933763E+02,  0.0000000E+00,  2.6388239E+02,3298,  8.6251301E-01,  0.0000000E+00, -1.2170677E-03,  1.0005556E+03,  3.3090129E+04,3,
 -2.2701256E+02,  0.0000000E+00,  2.6388126E+02,3289,  6.8202800E-01,  0.0000000E+00, -3.6627490E-03,  1.0003383E+03,  2.0132477E+04,3,
 -2.2463307E+02,  0.0000000E+00,  2.6388171E+02,3280,  8.6982262E-01,  0.0000000E+00, -2.1435257E-02,  1.0001108E+03,  6.5888696E+03,3,
 -2.2213268E+02,  0.0000000E+00,  2.6381580E+02,3271,  9.3197447E-01,  0.0000000E+00,  8.4264483E-03,  1.0003201E+03,  1.9048889E+04,3,
 -2.2052005E+02,  0.0000000E+00,  2.6467722E+02,3391,  9.7916931E-01,  0.0000000E+00,  5.7553399E-02,  1.0008217E+03,  4.8978168E+04,3,
 -2.1888344E+02,  0.0000000E+00,  2.6379117E+02,3262,  8.9053297E-01,  0.0000000E+00, -2.1491792E-02,  1.0006454E+03,  3.8447688E+04,3,
 -2.1645222E+02,  0.0000000E+00,  2.6381409E+02,3253,  8.0906916E-01,  0.0000000E+00,  6.7463465E-02,  1.0004299E+03,  2.5595846E+04,3,
 -2.1465379E+02,  0.0000000E+00,  2.6457538E+02,3363,  9.4538212E-01,  0.0000000E+00, -7.1521096E-02,  1.0007512E+03,  4.4763180E+04,3,
 -2.1303610E+02,  0.0000000E+00,  2.6379849E+02,3244,  7.4115610E-01,  0.0000000E+00, -3.5816800E-02,  1.0005074E+03,  3.0217684E+04,3,
 -2.1057297E+02,  0.0000000E+00,  2.6386261E+02,3235,  8.9307976E-01,  0.0000000E+00,  1.2627472E-03,  1.0002037E+03,  1.2117458E+04,3,
 -2.0816298E+02,  0.0000000E+00,  2.6382846E+02,3226,  1.0269607E+00,  0.0000000E+00, -3.5208240E-02,  1.0002587E+03,  1.5391747E+04,3,
 -2.0529280E+02,  0.0000000E+00,  2.6381760E+02,3217,  1.0553353E+00,  0.0000000E+00, -4.1378099E-03,  1.0002692E+03,  1.6020563E+04,3,
 -2.0288890E+02,  0.0000000E+00,  2.6387994E+02,3208,  9.2348325E-01,  0.0000000E+00,  1.5529759E-02,  1.0004915E+03,  2.9264025E+04,3,
 -2.0065581E+02,  0.0000000E+00,  2.6385751E+02,3199,  1.0263382E+00,  0.0000000E+00, -6.9041238E-03,  1.0003911E+03,  2.3282096E+04,3,
 -1.9801463E+02,  0.0000000E+00,  2.6376935E+02,3190,  9.4028682E-01,  0.0000000E+00,  1.4812997E-02,  1.0003418E+03,  2.0343391E+04,3,
 -1.9611790E+02,  0.0000000E+00,  2.6469760E+02,3272,  1.3165410E+00,  0.0000000E+00, -3.8961250E-02,  1.0015851E+03,  9.4698789E+04,3,
 -1.9469167E+02,  0.0000000E+00,  2.6372668E+02,3181,  9.1434640E-01,  0.0000000E+00, -4.7445053E-04,  1.0003745E+03,  2.2289094E+04,3,
 -1.9243419E+02,  0.0000000E+00,  2.6424814E+02,3300,  1.0984156E+00,  0.0000000E+00, -1.7507723E-02,  1.0010684E+03,  6.3730062E+04,3,
 -1.9044319E+02,  0.0000000E+00,  2.6374469E+02,3172,  9.9787664E-01,  0.0000000E+00, -4.8833735E-02,  1.0006979E+03,  4.1584891E+04,3,
 -1.8781659E+02,  0.0000000E+00,  2.6387207E+02,3163,  1.2889440E+00,  0.0000000E+00, -1.9614935E-02,  1.0001292E+03,  7.6856245E+03,3,
 -1.8568683E+02,  0.0000000E+00,  2.6390485E+02,3154,  1.2320628E+00,  0.0000000E+00,  4.5999289E-03,  1.0003562E+03,  2.1201635E+04,3,
 -1.8300920E+02,  0.0000000E+00,  2.6375949E+02,3145,  1.1818765E+00,  0.0000000E+00,  1.4148735E-03,  1.0003372E+03,  2.0070658E+04,3,
 -1.8119244E+02,  0.0000000E+00,  2.6469452E+02,3227,  1.1834385E+00,  0.0000000E+00,  1.4810395E-01,  1.0004807E+03,  2.8623453E+04,3,
 -1.7971051E+02,  0.0000000E+00,  2.6378189E+02,3136,  1.0719408E+00,  0.0000000E+00, -1.6347036E-02,  1.0004088E+03,  2.4333402E+04,3,
 -1.7761987E+02,  0.0000000E+00,  2.6465405E+02,3209,  1.2633613E+00,  0.0000000E+00, -2.4502867E-01,  1.0012706E+03,  7.5837633E+04,3,
 -1.7649760E+02,  0.0000000E+00,  2.6379321E+02,3127,  1.2130806E+00,  0.0000000E+00,  6.7618005E-02,  1.0006009E+03,  3.5792219E+04,3,
 -1.7381366E+02,  0.0000000E+00,  2.6376917E+02,3118,  1.2203646E+00,  0.0000000E+00, -3.0321563E-02,  1.0005554E+03,  3.3075562E+04,3,
 -1.7160489E+02,  0.0000000E+00,  2.6461746E+02,3191,  1.3102052E+00,  0.0000000E+00, -3.2629940E-01,  1.0012612E+03,  7.5270852E+04,3,
 -1.7044753E+02,  0.0000000E+00,  2.6374783E+02,3109,  1.4719968E+00,  0.0000000E+00,  7.6531440E-02,  1.0004147E+03,  2.4689926E+04,3,
 -1.6842902E+02,  0.0000000E+00,  2.6488174E+02,3182,  1.5972903E+00,  0.0000000E+00,  1.8584232E-01,  1.0010795E+03,  6.4391160E+04,3,
 -1.6721371E+02,  0.0000000E+00,  2.6381302E+02,3100,  1.3460931E+00,  0.0000000E+00, -5.9955794E-02,  1.0002542E+03,  1.5122786E+04,3,
 -1.6492070E+02,  0.0000000E+00,  2.6389059E+02,3091,  1.3975556E+00,  0.0000000E+00, -2.0732297E-02,  1.0009239E+03,  5.5085039E+04,3,
 -1.6254303E+02,  0.0000000E+00,  2.6380978E+02,3082,  1.3686061E+00,  0.0000000E+00,  3.9113309E-02,  1.0004896E+03,  2.9154834E+04,3,
 -1.5990594E+02,  0.0000000E+00,  2.6379324E+02,3073,  1.3362364E+00,  0.0000000E+00,  9.5675811E-03,  1.0001735E+03,  1.0322690E+04,3,
 -1.5822980E+02,  0.0000000E+00,  2.6460248E+02,3155,  1.2714946E+00,  0.0000000E+00, -3.6280412E-02,  1.0005977E+03,  3.5599188E+04,3,
 -1.5640800E+02,  0.0000000E+00,  2.6373340E+02,3064,  1.1857908E+00,  0.0000000E+00,  5.5009089E-02,  1.0007349E+03,  4.3789902E+04,3,
 -1.5423163E+02,  0.0000000E+00,  2.6424561E+02,3164,  1.3474443E+00,  0.0000000E+00, -4.0508311E-02,  1.0009431E+03,  5.6230949E+04,3,
 -1.5205956E+02,  0.0000000E+00,  2.6372934E+02,3055,  1.1679054E+00,  0.0000000E+00, -3.4126706E-02,  1.0006320E+03,  3.7649879E+04,3,
 -1.4948396E+02,  0.0000000E+00,  2.6391028E+02,3046,  1.5321524E+00,  0.0000000E+00, -3.7794627E-02,  1.0004717E+03,  2.8088459E+04,3,
 -1.4742694E+02,  0.0000000E+00,  2.6384766E+02,3037,  1.4181262E+00,  0.0000000E+00, -1.0185407E-02,  1.0006244E+03,  3.7194539E+04,3,
 -1.4548851E+02,  0.0000000E+00,  2.6453424E+02,3119,  1.2229055E+00,  0.0000000E+00,  2.2489791E-01,  1.0008687E+03,  5.1783070E+04,3,
 -1.4392917E+02,  0.0000000E+00,  2.6375806E+02,3028,  1.1908251E+00,  0.0000000E+00, -3.2666028E-03,  1.0004125E+03,  2.4555318E+04,3,
 -1.4192310E+02,  0.0000000E+00,  2.6470554E+02,3110,  1.3660693E+00,  0.0000000E+00, -2.5919461E-01,  1.0013420E+03,  8.0113328E+04,3,
 -1.4055888E+02,  0.0000000E+00,  2.6373251E+02,3019,  1.3121673E+00,  0.0000000E+00,  1.1587176E-02,  1.0004329E+03,  2.5770490E+04,3,
 -1.3887939E+02,  0.0000000E+00,  2.6463275E+02,3101,  1.5126491E+00,  0.0000000E+00,  1.2749369E-01,  1.0007841E+03,  4.6731898E+04,3,
 -1.3705699E+02,  0.0000000E+00,  2.6382068E+02,3010,  1.4747134E+00,  0.0000000E+00, -9.7318150E-02,  1.0006092E+03,  3.6287562E+04,3,
 -1.3483382E+02,  0.0000000E+00,  2.6385822E+02,3001,  1.3781542E+00,  0.0000000E+00,  3.9262313E-02,  1.0004931E+03,  2.9362299E+04,3,
 -1.3284821E+02,  0.0000000E+00,  2.6485773E+02,3083,  1.6502503E+00,  0.0000000E+00,  2.7515575E-01,  1.0002326E+03,  1.3839868E+04,3,
 -1.3177562E+02,  0.0000000E+00,  2.6374640E+02,2992,  1.4008946E+00,  0.0000000E+00, -3.8605459E-02,  1.0003686E+03,  2.1939930E+04,3,
 -1.2948720E+02,  0.0000000E+00,  2.6450806E+02,3074,  1.3055016E+00,  0.0000000E+00, -9.5583118E-02,  1.0004291E+03,  2.5544908E+04,3,
 -1.2810600E+02,  0.0000000E+00,  2.6372617E+02,2983,  1.2524543E+00,  0.0000000E+00,  6.0781814E-02,  1.0008577E+03,  5.1130105E+04,3,
 -1.2568594E+02,  0.0000000E+00,  2.6458890E+02,3166,  1.7353590E+00,  0.0000000E+00, -6.9100909E-02,  1.0010390E+03,  6.1969785E+04,3,
 -1.2445517E+02,  0.0000000E+00,  2.6373059E+02,2974,  1.3857940E+00,  0.0000000E+00, -1.1172333E-01,  1.0002704E+03,  1.6089627E+04,3,
 -1.2169814E+02,  0.0000000E+00,  2.6382632E+02,2965,  1.7033641E+00,  0.0000000E+00,  1.4849134E-01,  1.0006059E+03,  3.6090879E+04,3,
 -1.1924386E+02,  0.0000000E+00,  2.6380127E+02,2956,  1.5445666E+00,  0.0000000E+00, -1.2723410E-01,  1.0002221E+03,  1.3214824E+04,3,
 -1.1612185E+02,  0.0000000E+00,  2.6373975E+02,2947,  1.9733220E+00,  0.0000000E+00,  1.0805801E-01,  1.0004120E+03,  2.4526215E+04,3,
 -1.1340765E+02,  0.0000000E+00,  2.6464130E+02,3038,  1.4594625E+00,  0.0000000E+00, -5.1398611E-01,  1.0012521E+03,  7.4726039E+04,3,
 -1.1233727E+02,  0.0000000E+00,  2.6372086E+02,2938,  1.7077444E+00,  0.0000000E+00,  1.7510769E-01,  1.0004949E+03,  2.9471494E+04,3,
 -1.1749612E+02,  0.0000000E+00,  2.6490109E+02,3129,  1.7967880E+00,  0.0000000E+00, -4.1828763E-01,  1.0006378E+03,  3.7992309E+04,3,
 -1.1046979E+02,  0.0000000E+00,  2.6488968E+02,3029,  1.7893802E+00,  0.0000000E+00,  9.5984787E-02,  9.9995532E+02, -2.6560901E+03,3,
 -1.0907298E+02,  0.0000000E+00,  2.6374823E+02,2929,  1.9820727E+00,  0.0000000E+00, -1.6361904E-01,  1.0005544E+03,  3.3017305E+04,3,
 -1.0713240E+02,  0.0000000E+00,  2.6441827E+02,3020,  1.2246799E+00,  0.0000000E+00,  1.4469355E-01,  9.9964392E+02, -2.1149129E+04,3,
 -1.0543185E+02,  0.0000000E+00,  2.6382642E+02,2920,  1.7963943E+00,  0.0000000E+00,  1.6018645E-01,  1.0001841E+03,  1.0954818E+04,3,
 -1.0269472E+02,  0.0000000E+00,  2.6376810E+02,2911,  1.4644647E+00,  0.0000000E+00, -7.5933196E-02,  1.0003953E+03,  2.3529451E+04,3,
 -9.9949493E+01,  0.0000000E+00,  2.6378262E+02,2902,  1.5210998E+00,  0.0000000E+00,  8.5004784E-02,  1.0000236E+03,  1.4009026E+03,3,
 -9.6765358E+01,  0.0000000E+00,  2.6377945E+02,2893,  1.4271106E+00,  0.0000000E+00, -1.3049419E-01,  1.0000809E+03,  4.8132554E+03,3,
 -9.4331009E+01,  0.0000000E+00,  2.6384848E+02,2884,  1.5350871E+00,  0.0000000E+00,  3.4085635E-02,  1.0005110E+03,  3.0432451E+04,3,
 -9.2230682E+01,  0.0000000E+00,  2.6474045E+02,3066,  2.2873666E+00,  0.0000000E+00, -4.0198863E-01,  1.0019652E+03,  1.1753849E+05,3,
 -9.1186333E+01,  0.0000000E+00,  2.6372366E+02,2875,  2.1955183E+00,  0.0000000E+00, -1.7311655E-01,  9.9963733E+02, -2.1540219E+04,3,
 -8.7976677E+01,  0.0000000E+00,  2.6377124E+02,2866,  2.2269599E+00,  0.0000000E+00,  1.5634471E-01,  1.0003729E+03,  2.2194527E+04,3,
 -8.8528252E+01,  0.0000000E+00,  2.6488800E+02,3112,  2.2061501E+00,  0.0000000E+00,  2.6982749E-01,  1.0011395E+03,  6.7985961E+04,3,
 -8.5079575E+01,  0.0000000E+00,  2.6376855E+02,2857,  1.8171363E+00,  0.0000000E+00, -1.2194865E-01,  1.0002358E+03,  1.4032478E+04,3,
 -8.2673271E+01,  0.0000000E+00,  2.6462646E+02,2957,  1.7986127E+00,  0.0000000E+00,  2.7696026E-02,  1.0002788E+03,  1.6591258E+04,3,
 -8.1615463E+01,  0.0000000E+00,  2.6376376E+02,2848,  2.1603467E+00,  0.0000000E+00,  7.2047755E-02,  1.0006892E+03,  4.1063777E+04,3,
 -7.9224419E+01,  0.0000000E+00,  2.6485953E+02,2948,  2.0825107E+00,  0.0000000E+00, -2.3808065E-01,  1.0006104E+03,  3.6356766E+04,3,
 -7.8390297E+01,  0.0000000E+00,  2.6374335E+02,2839,  1.7220408E+00,  0.0000000E+00,  7.5985841E-02,  1.0004355E+03,  2.5930584E+04,3,
 -7.6578194E+01,  0.0000000E+00,  2.6477783E+02,3030,  2.2198160E+00,  0.0000000E+00,  3.0770451E-01,  1.0001066E+03,  6.3419351E+03,3,
 -7.4911377E+01,  0.0000000E+00,  2.6380798E+02,2830,  1.8308642E+00,  0.0000000E+00, -6.8228759E-02,  1.0002616E+03,  1.5566213E+04,3,
 -7.1877510E+01,  0.0000000E+00,  2.6390039E+02,2821,  1.9328636E+00,  0.0000000E+00,  5.2228007E-02,  1.0002855E+03,  1.6991127E+04,3,
 -6.8725967E+01,  0.0000000E+00,  2.6370685E+02,2812,  1.7234273E+00,  0.0000000E+00, -2.4398692E-02,  1.0000212E+03,  1.2629812E+03,3,
 -6.5526527E+01,  0.0000000E+00,  2.6377081E+02,2803,  2.1356041E+00,  0.0000000E+00,  4.3816075E-02,  1.0008182E+03,  4.8766648E+04,3,
 -6.3514896E+01,  0.0000000E+00,  2.6452075E+02,2921,  2.0007491E+00,  0.0000000E+00, -4.7739217E-01,  1.0010718E+03,  6.3930941E+04,3,
 -6.2042530E+01,  0.0000000E+00,  2.6441977E+02,2912,  2.0814350E+00,  0.0000000E+00,  3.1798103E-01,  1.0002291E+03,  1.3629094E+04,3,
 -6.0601154E+01,  0.0000000E+00,  2.6377460E+02,2794,  2.1291616E+00,  0.0000000E+00,  2.6383247E-02,  1.0004359E+03,  2.5948777E+04,3,
 -5.8085667E+01,  0.0000000E+00,  2.6464459E+02,2994,  1.9975964E+00,  0.0000000E+00, -4.4101408E-01,  1.0003048E+03,  1.8139932E+04,3,
 -5.7061951E+01,  0.0000000E+00,  2.6380414E+02,2785,  2.6151416E+00,  0.0000000E+00, -1.7939856E-02,  1.0007465E+03,  4.4486133E+04,3,
 -5.4650875E+01,  0.0000000E+00,  2.6390262E+02,2776,  2.5059471E+00,  0.0000000E+00,  7.5610913E-02,  1.0002820E+03,  1.6780285E+04,3,
 -5.2533066E+01,  0.0000000E+00,  2.6449350E+02,2885,  2.5253825E+00,  0.0000000E+00,  2.3052378E-01,  9.9962402E+02, -2.2329594E+04,3,
 -5.1090397E+01,  0.0000000E+00,  2.6375879E+02,2767,  2.4569659E+00,  0.0000000E+00, -1.8188018E-01,  1.0008340E+03,  4.9711234E+04,3,
 -4.8944523E+01,  0.0000000E+00,  2.6460715E+02,2876,  1.9960448E+00,  0.0000000E+00,  2.4435416E-01,  9.9947687E+02, -3.1055600E+04,3,
 -4.7535175E+01,  0.0000000E+00,  2.6376431E+02,2758,  2.3364816E+00,  0.0000000E+00,  5.8715049E-02,  1.0008414E+03,  5.0156203E+04,3,
 -4.5301056E+01,  0.0000000E+00,  2.6437366E+02,2894,  2.1319103E+00,  0.0000000E+00, -8.7194264E-02,  1.0009945E+03,  5.9308043E+04,3,
 -4.4404202E+01,  0.0000000E+00,  2.6446680E+02,2867,  2.2195613E+00,  0.0000000E+00, -1.2189291E-01,  1.0003906E+03,  2.3252994E+04,3,
 -4.2250717E+01,  0.0000000E+00,  2.6382089E+02,2749,  2.2530587E+00,  0.0000000E+00,  1.8631685E-01,  1.0007913E+03,  4.7162152E+04,3,
 -3.9388386E+01,  0.0000000E+00,  2.6449496E+02,2858,  2.1585519E+00,  0.0000000E+00,  2.1922110E-02,  1.0005918E+03,  3.5249559E+04,3,
 -3.7613068E+01,  0.0000000E+00,  2.6372794E+02,2740,  2.5709345E+00,  0.0000000E+00,  1.0728493E-01,  1.0007247E+03,  4.3181199E+04,3,
 -4.0869865E+01,  0.0000000E+00,  2.6467014E+02,2976,  3.0316899E+00,  0.0000000E+00, -3.9665449E-01,  1.0003647E+03,  2.1710799E+04,3,
 -3.5046284E+01,  0.0000000E+00,  2.6467065E+02,3042,  2.6246436E+00,  0.0000000E+00, -2.9802758E-01,  1.0011878E+03,  7.0876617E+04,3,
 -3.4500332E+01,  0.0000000E+00,  2.6439105E+02,3032,  2.5121708E+00,  0.0000000E+00, -3.7598159E-02,  9.9926129E+02, -4.3824871E+04,3,
 -3.2284222E+01,  0.0000000E+00,  2.6385873E+02,2731,  2.8908761E+00,  0.0000000E+00, -1.6909083E-02,  1.0012226E+03,  7.2960164E+04,3,
 -3.0015886E+01,  0.0000000E+00,  2.6396527E+02,2722,  2.6908562E+00,  0.0000000E+00,  1.1702701E-02,  1.0006375E+03,  3.7974094E+04,3,
 -2.7563158E+01,  0.0000000E+00,  2.6387042E+02,2713,  2.7883897E+00,  0.0000000E+00, -3.9258160E-02,  1.0000276E+03,  1.6404551E+03,3,
 -2.4203003E+01,  0.0000000E+00,  2.6375281E+02,2704,  2.7745516E+00,  0.0000000E+00,  1.4540128E-01,  9.9984045E+02, -9.4817314E+03,3,
 -2.2279381E+01,  0.0000000E+00,  2.6459000E+02,2959,  3.0125968E+00,  0.0000000E+00, -1.6395679E-02,  1.0000064E+03,  3.8105493E+02,3,
 -2.0348345E+01,  0.0000000E+00,  2.6403088E+02,2695,  3.2912438E+00,  0.0000000E+00,  3.0229491E-01,  1.0015515E+03,  9.2676641E+04,3,
 -1.7943428E+01,  0.0000000E+00,  2.6472394E+02,2831,  3.6368809E+00,  0.0000000E+00, -2.3282592E-01,  9.9981049E+02, -1.1261718E+04,3,
 -1.9236174E+01,  0.0000000E+00,  2.6483322E+02,2913,  3.8425405E+00,  0.0000000E+00, -4.9900487E-01,  9.9955170E+02, -2.6619365E+04,3,
 -1.5318810E+01,  0.0000000E+00,  2.6392896E+02,2686,  4.0548687E+00,  0.0000000E+00,  5.0321534E-02,  1.0009067E+03,  5.4059672E+04,3,
 -1.2456813E+01,  0.0000000E+00,  2.6464862E+02,2922,  4.6077261E+00,  0.0000000E+00, -7.0806421E-02,  1.0009958E+03,  5.9388359E+04,3,
 -1.1026811E+01,  0.0000000E+00,  2.6454373E+02,2804,  4.5492082E+00,  0.0000000E+00,  1.4053267E-01,  1.0002834E+03,  1.6863895E+04,3,
 -9.8196545E+00,  0.0000000E+00,  2.6490979E+02,2996,  5.6270213E+00,  0.0000000E+00,  2.0686354E-01,  1.0000894E+03,  5.3179478E+03,3,
 -8.1208706E+00,  0.0000000E+00,  2.6473596E+02,2795,  5.5064349E+00,  0.0000000E+00,  1.5039037E-01,  1.0009222E+03,  5.4982863E+04,3,
 -5.9689336E+00,  0.0000000E+00,  2.6485806E+02,2677,  4.9889650E+00,  0.0000000E+00,  1.3491771E+00,  1.0002257E+03,  1.3429225E+04,3,
  6.2879692E+01,  0.0000000E+00,  2.6451138E+02,2963,  6.0800557E+00,  0.0000000E+00, -2.1957278E+00,  9.9805640E+02, -1.1489102E+05,3,
  6.2196609E+01,  0.0000000E+00,  2.6467941E+02,2962,  6.3525639E+00,  0.0000000E+00, -4.3999400E+00,  9.9697632E+02, -1.7815928E+05,3,
  6.1278259E+01,  0.0000000E+00,  2.6490582E+02,2596,  5.7260261E+00,  0.0000000E+00, -4.2178078E+00,  9.9717236E+02, -1.6670597E+05,3,
  6.4723000E+01,  0.0000000E+00,  2.6439914E+02,2964,  6.0663657E+00,  0.0000000E+00,  1.2600412E+00,  9.9576111E+02, -2.4885327E+05,3,
  6.9950287E+01,  0.0000000E+00,  2.6414490E+02,2934,  9.4400644E+00,  0.0000000E+00,  3.1388488E-01,  1.0088212E+03,  5.3857794E+05,3,
  7.0574341E+01,  0.0000000E+00,  2.6317679E+02,2942,  6.9537010E+00,  0.0000000E+00, -2.9398031E+00,  9.9461450E+02, -3.1508334E+05,3,
  6.8760468E+01,  0.0000000E+00,  2.6454916E+02,2869,  4.4298797E+00,  0.0000000E+00, -7.5519314E+00,  9.8998944E+02, -5.7762744E+05,3,
  7.1782249E+01,  0.0000000E+00,  2.6344269E+02,2841,  4.9897647E+00,  0.0000000E+00, -7.7511411E+00,  9.9044476E+02, -5.5210562E+05,3,
  7.3339737E+01,  0.0000000E+00,  2.6215610E+02,2732,  5.5393982E+00,  0.0000000E+00, -2.7577908E+00,  1.0098245E+03,  6.0164756E+05,3,
  7.3922691E+01,  0.0000000E+00,  2.6236987E+02,2823,  6.5217414E+00,  0.0000000E+00, -2.4006455E+00,  9.9970172E+02, -1.7719184E+04,3,
  7.4608658E+01,  0.0000000E+00,  2.6287241E+02,2954,  6.8290734E+00,  0.0000000E+00, -2.9133351E+00,  9.9499048E+02, -2.9341669E+05,3,
  7.3839645E+01,  0.0000000E+00,  2.6222421E+02,2925,  5.7356834E+00,  0.0000000E+00, -5.0504751E+00,  1.0084758E+03,  5.1695231E+05,3,
  7.3591026E+01,  0.0000000E+00,  2.6422464E+02,2955,  7.8413630E+00,  0.0000000E+00, -3.7201514E+00,  1.0025331E+03,  1.5176117E+05,3,
  8.5479340E+01,  0.0000000E+00,  2.6359750E+02,2946,  5.3763146E+00,  0.0000000E+00, -3.7110314E+00,  1.0009478E+03,  5.6511973E+04,3,
  8.5673134E+01,  0.0000000E+00,  2.6296698E+02,2945,  6.5054722E+00,  0.0000000E+00,  3.0866966E+00,  1.0040901E+03,  2.4619262E+05,3,
  8.6163918E+01,  0.0000000E+00,  2.6237793E+02,2944,  5.4809074E+00,  0.0000000E+00,  9.9379808E-01,  9.9228912E+02, -4.4800244E+05,3,
  8.6473763E+01,  0.0000000E+00,  2.6279471E+02,2832,  8.7266035E+00,  0.0000000E+00, -1.6811140E-01,  9.8902679E+02, -6.3135456E+05,3,
  8.7406761E+01,  0.0000000E+00,  2.6342462E+02,2578,  8.3284044E+00,  0.0000000E+00, -1.2970721E+00,  1.0097181E+03,  5.9494212E+05,3,
  8.9989372E+01,  0.0000000E+00,  2.6310281E+02,2915,  9.7942410E+00,  0.0000000E+00, -7.5756097E-01,  9.9972961E+02, -1.6063546E+04,3,
  8.8936134E+01,  0.0000000E+00,  2.6320883E+02,2569,  8.0218887E+00,  0.0000000E+00, -5.5195045E-01,  9.9309662E+02, -4.0205728E+05,3,
  9.0851562E+01,  0.0000000E+00,  2.6413422E+02,2860,  7.7570534E+00,  0.0000000E+00,  4.3157408E-01,  9.9891345E+02, -6.4393695E+04,3,
  9.1014908E+01,  0.0000000E+00,  2.6396570E+02,2906,  6.7144217E+00,  0.0000000E+00, -8.0573636E-01,  9.9853186E+02, -8.6909031E+04,3,
  9.2600220E+01,  0.0000000E+00,  2.6400259E+02,2851,  9.2810421E+00,  0.0000000E+00, -3.8416929E+00,  9.8519910E+02, -8.4190531E+05,3,
  9.2629974E+01,  0.0000000E+00,  2.6381738E+02,2916,  8.7042646E+00,  0.0000000E+00, -5.1470075E+00,  1.0088949E+03,  5.4319619E+05,3,
  9.2882957E+01,  0.0000000E+00,  2.6296704E+02,2935,  8.5945950E+00,  0.0000000E+00, -2.0702021E+00,  1.0039717E+03,  2.3898031E+05,3,
  9.6146896E+01,  0.0000000E+00,  2.6309973E+02,2723,  1.3450747E+01,  0.0000000E+00, -1.9143084E+00,  9.9737347E+02, -1.5494267E+05,3,
  9.5239983E+01,  0.0000000E+00,  2.6294342E+02,2888,  5.8193350E+00,  0.0000000E+00, -2.5931666E+00,  1.0048607E+03,  2.9325322E+05,3,
  9.5702209E+01,  0.0000000E+00,  2.6256058E+02,2907,  7.0267601E+00,  0.0000000E+00, -8.5323113E-01,  1.0028217E+03,  1.6919669E+05,3,
  9.6637901E+01,  0.0000000E+00,  2.6348520E+02,2936,  8.4640379E+00,  0.0000000E+00, -2.6503878E+00,  1.0032491E+03,  1.9507712E+05,3,
  9.6932991E+01,  0.0000000E+00,  2.6256567E+02,2937,  8.3376017E+00,  0.0000000E+00, -1.9449576E+00,  1.0060998E+03,  3.6938584E+05,3,
  1.0125710E+02,  0.0000000E+00,  2.6303769E+02,2926,  7.6499071E+00,  0.0000000E+00, -1.8116084E+00,  9.9935120E+02, -3.8501531E+04,3,
  1.0150100E+02,  0.0000000E+00,  2.6369714E+02,2560,  7.2856207E+00,  0.0000000E+00, -1.6791106E+00,  1.0008879E+03,  5.2935898E+04,3,
  1.0152306E+02,  0.0000000E+00,  2.6366830E+02,2551,  7.6565423E+00,  0.0000000E+00, -9.2085373E-01,  1.0025580E+03,  1.5326825E+05,3,
  1.0170707E+02,  0.0000000E+00,  2.6343875E+02,2796,  6.8400393E+00,  0.0000000E+00, -1.4767632E+00,  1.0017325E+03,  1.0355048E+05,3,
  1.0323023E+02,  0.0000000E+00,  2.6308957E+02,2898,  7.0218377E+00,  0.0000000E+00, -1.0887955E+00,  9.9548999E+02, -2.6455491E+05,3,
  1.0454862E+02,  0.0000000E+00,  2.6434628E+02,2927,  8.3578596E+00,  0.0000000E+00, -1.3160857E+00,  1.0026321E+03,  1.5774294E+05,3,
  1.0535248E+02,  0.0000000E+00,  2.6304547E+02,2897,  7.5244741E+00,  0.0000000E+00,  5.4024702E-01,  1.0013389E+03,  7.9930406E+04,3,
  1.0530827E+02,  0.0000000E+00,  2.6284494E+02,2714,  6.7391276E+00,  0.0000000E+00, -8.5651380E-01,  1.0022479E+03,  1.3456172E+05,3,
  1.0646191E+02,  0.0000000E+00,  2.6289203E+02,2805,  6.9950390E+00,  0.0000000E+00, -1.4158115E+00,  9.9873810E+02, -7.4746648E+04,3,
  1.0796815E+02,  0.0000000E+00,  2.6322153E+02,2787,  8.8144217E+00,  0.0000000E+00,  1.5087378E+00,  1.0033016E+03,  1.9826362E+05,3,
  1.0800178E+02,  0.0000000E+00,  2.6353088E+02,2705,  6.7641773E+00,  0.0000000E+00, -7.5834167E-01,  9.9685583E+02, -1.8519144E+05,3,
  1.0929888E+02,  0.0000000E+00,  2.6327014E+02,2917,  6.5253630E+00,  0.0000000E+00,  2.7581125E-01,  9.9945953E+02, -3.2082959E+04,3,
  1.1006334E+02,  0.0000000E+00,  2.6338120E+02,2918,  8.9029236E+00,  0.0000000E+00,  1.1486268E+00,  9.9605194E+02, -2.3198136E+05,3,
  1.1121278E+02,  0.0000000E+00,  2.6314600E+02,2928,  6.3083358E+00,  0.0000000E+00,  1.5836359E+00,  1.0063944E+03,  3.8757009E+05,3,
  1.1191005E+02,  0.0000000E+00,  2.6299237E+02,2919,  7.7264524E+00,  0.0000000E+00,  5.7259655E-01,  9.9532867E+02, -2.7388525E+05,3,
  1.1386167E+02,  0.0000000E+00,  2.6336783E+02,2909,  7.2524714E+00,  0.0000000E+00,  2.8461146E+00,  9.9873218E+02, -7.5096000E+04,3,
  1.1481821E+02,  0.0000000E+00,  2.6277582E+02,2542,  7.1336789E+00,  0.0000000E+00,  4.3736184E-01,  1.0050382E+03,  3.0412747E+05,3,
  1.1549020E+02,  0.0000000E+00,  2.6332260E+02,2879,  6.4710832E+00,  0.0000000E+00,  1.4859900E-01,  9.9437445E+02, -3.2889125E+05,3,
  1.1564005E+02,  0.0000000E+00,  2.6351062E+02,2889,  8.8511562E+00,  0.0000000E+00, -3.6801927E-02,  9.9990521E+02, -5.6342734E+03,3,
  1.1589117E+02,  0.0000000E+00,  2.6356705E+02,2842,  6.4755297E+00,  0.0000000E+00,  2.5812575E-01,  1.0004814E+03,  2.8663486E+04,3,
  1.1807168E+02,  0.0000000E+00,  2.6335254E+02,2910,  6.5983305E+00,  0.0000000E+00, -3.0988833E-01,  9.9969196E+02, -1.8298771E+04,3,
  1.1926601E+02,  0.0000000E+00,  2.6346909E+02,2900,  8.0622330E+00,  0.0000000E+00,  7.8632957E-01,  1.0012908E+03,  7.7048102E+04,3,
  1.2054006E+02,  0.0000000E+00,  2.6286365E+02,2533,  7.2933230E+00,  0.0000000E+00,  3.3976617E-01,  9.9918414E+02, -4.8390609E+04,3,
  1.2082317E+02,  0.0000000E+00,  2.6314618E+02,2880,  6.6595173E+00,  0.0000000E+00,  5.3725421E-01,  1.0000931E+03,  5.5394395E+03,3,
  1.2157013E+02,  0.0000000E+00,  2.6338434E+02,2833,  7.1894622E+00,  0.0000000E+00,  3.8065732E-02,  1.0009411E+03,  5.6114164E+04,3,
  1.2318598E+02,  0.0000000E+00,  2.6320102E+02,2908,  6.3939233E+00,  0.0000000E+00, -6.8242639E-02,  9.9634680E+02, -2.1484555E+05,3,
  1.2327860E+02,  0.0000000E+00,  2.6335638E+02,2687,  8.5352697E+00,  0.0000000E+00, -1.0181636E+00,  1.0008582E+03,  5.1155637E+04,3,
  1.2374847E+02,  0.0000000E+00,  2.6301239E+02,2899,  6.4451275E+00,  0.0000000E+00, -6.8571925E-01,  1.0020338E+03,  1.2166670E+05,3,
  1.2537388E+02,  0.0000000E+00,  2.6321613E+02,2901,  7.0810208E+00,  0.0000000E+00, -3.6740622E-01,  9.9724261E+02, -1.6259847E+05,3,
  1.2662479E+02,  0.0000000E+00,  2.6299866E+02,2891,  7.1419158E+00,  0.0000000E+00,  3.9879921E-01,  1.0021369E+03,  1.2787322E+05,3,
  1.2846262E+02,  0.0000000E+00,  2.6330670E+02,2870,  7.6670485E+00,  0.0000000E+00,  2.4928056E-01,  9.9547125E+02, -2.6563912E+05,3,
  1.2836577E+02,  0.0000000E+00,  2.6343875E+02,2778,  6.7614222E+00,  0.0000000E+00,  3.5326385E-01,  9.9944110E+02, -3.3175316E+04,3,
  1.2843474E+02,  0.0000000E+00,  2.6325433E+02,2815,  7.7726526E+00,  0.0000000E+00, -1.4323969E-02,  9.9813696E+02, -1.1015516E+05,3,
  1.2940973E+02,  0.0000000E+00,  2.6247928E+02,2524,  6.4553661E+00,  0.0000000E+00, -1.8821399E-01,  1.0042557E+03,  2.5628727E+05,3,
  1.3168912E+02,  0.0000000E+00,  2.6309869E+02,2678,  7.7825050E+00,  0.0000000E+00,  2.1060599E-02,  9.9611536E+02, -2.2829853E+05,3,
  1.3193710E+02,  0.0000000E+00,  2.6342557E+02,2696,  6.6708517E+00,  0.0000000E+00,  4.2362145E-01,  1.0001600E+03,  9.5198730E+03,3,
  1.3249246E+02,  0.0000000E+00,  2.6312509E+02,2871,  6.8301387E+00,  0.0000000E+00,  1.2748381E-01,  9.9992035E+02, -4.7347461E+03,3,
  1.3299075E+02,  0.0000000E+00,  2.6269458E+02,2882,  6.5901279E+00,  0.0000000E+00, -4.7094274E-01,  1.0000929E+03,  5.5249155E+03,3,
  1.3344826E+02,  0.0000000E+00,  2.6288568E+02,2883,  6.9710693E+00,  0.0000000E+00,  8.4118015E-01,  1.0005564E+03,  3.3137461E+04,3,
  1.4033047E+02,  0.0000000E+00,  2.6290567E+02,2890,  7.6964698E+00,  0.0000000E+00,  9.6383792E-01,  9.9990948E+02, -5.3803828E+03,3,
  1.4053903E+02,  0.0000000E+00,  2.6319635E+02,2881,  7.8902569E+00,  0.0000000E+00,  4.1774872E-01,  9.9974957E+02, -1.4878707E+04,3,
  1.4059990E+02,  0.0000000E+00,  2.6288483E+02,2769,  7.8111811E+00,  0.0000000E+00, -1.3820502E-02,  1.0002119E+03,  1.2604354E+04,3,
  1.4067964E+02,  0.0000000E+00,  2.6333121E+02,2861,  7.8497186E+00,  0.0000000E+00,  2.5210068E-01,  1.0011299E+03,  6.7408656E+04,3,
  1.4286392E+02,  0.0000000E+00,  2.6296649E+02,2852,  7.6220312E+00,  0.0000000E+00, -4.3441316E-01,  9.9890399E+02, -6.4952523E+04,3,
  1.4284286E+02,  0.0000000E+00,  2.6305200E+02,2824,  7.7267489E+00,  0.0000000E+00, -9.7025430E-01,  9.9891052E+02, -6.4566754E+04,3,
  1.4382581E+02,  0.0000000E+00,  2.6321326E+02,2873,  8.4638634E+00,  0.0000000E+00, -9.8368424E-01,  1.0010738E+03,  6.4051473E+04,3,
  1.4487929E+02,  0.0000000E+00,  2.6312988E+02,2892,  7.1552463E+00,  0.0000000E+00,  1.3661072E+00,  9.9879608E+02, -7.1324492E+04,3,
  1.4744472E+02,  0.0000000E+00,  2.6305832E+02,2844,  8.0083361E+00,  0.0000000E+00, -4.8137921E-01,  9.9919147E+02, -4.7957242E+04,3,
  1.4755354E+02,  0.0000000E+00,  2.6290509E+02,2872,  7.8919191E+00,  0.0000000E+00, -5.9650099E-01,  1.0006226E+03,  3.7085262E+04,3,
  1.4778043E+02,  0.0000000E+00,  2.6310080E+02,2660,  7.7521100E+00,  0.0000000E+00, -1.1535745E+00,  9.9926361E+02, -4.3687578E+04,3,
  1.4895351E+02,  0.0000000E+00,  2.6313828E+02,2806,  7.6233888E+00,  0.0000000E+00, -4.5969546E-01,  1.0020456E+03,  1.2237572E+05,3,
  1.4925256E+02,  0.0000000E+00,  2.6315128E+02,2669,  7.9409647E+00,  0.0000000E+00, -2.5580481E-01,  9.9776678E+02, -1.3189609E+05,3,
  1.5171425E+02,  0.0000000E+00,  2.6309900E+02,2834,  7.9219556E+00,  0.0000000E+00, -2.0452794E-01,  1.0011145E+03,  6.6487969E+04,3,
  1.5173492E+02,  0.0000000E+00,  2.6304468E+02,2862,  7.9104862E+00,  0.0000000E+00,  6.3085252E-01,  9.9957056E+02, -2.5500947E+04,3,
  1.5227432E+02,  0.0000000E+00,  2.6293082E+02,2853,  7.4695845E+00,  0.0000000E+00,  5.3741825E-01,  9.9742413E+02, -1.5197728E+05,3,
  1.5332411E+02,  0.0000000E+00,  2.6323969E+02,2760,  8.0994024E+00,  0.0000000E+00, -2.1003516E-01,  1.0016502E+03,  9.8605031E+04,3,
  1.5462219E+02,  0.0000000E+00,  2.6311124E+02,2863,  7.8901873E+00,  0.0000000E+00,  5.1263118E-01,  9.9981787E+02, -1.0823096E+04,3,
  1.5466121E+02,  0.0000000E+00,  2.6321033E+02,2515,  8.0519190E+00,  0.0000000E+00, -3.9068651E-01,  9.9898114E+02, -6.0394461E+04,3,
  1.5562912E+02,  0.0000000E+00,  2.6298859E+02,2874,  7.5128541E+00,  0.0000000E+00, -2.7097642E-02,  9.9932367E+02, -4.0131723E+04,3,
  1.5809320E+02,  0.0000000E+00,  2.6297870E+02,2864,  8.3290882E+00,  0.0000000E+00, -1.6497055E+00,  9.9996942E+02, -1.8179747E+03,3,
  1.5884305E+02,  0.0000000E+00,  2.6285754E+02,2835,  7.7069092E+00,  0.0000000E+00, -2.7199266E+00,  9.9980304E+02, -1.1703946E+04,3,
  1.5884143E+02,  0.0000000E+00,  2.6261713E+02,2751,  7.8470335E+00,  0.0000000E+00, -2.1432469E+00,  9.9885828E+02, -6.7652469E+04,3,
  1.6081932E+02,  0.0000000E+00,  2.6204681E+02,2843,  7.0633049E+00,  0.0000000E+00, -4.5328102E+00,  1.0002017E+03,  1.1997555E+04,3,
  1.6087065E+02,  0.0000000E+00,  2.6193689E+02,2797,  6.9851642E+00,  0.0000000E+00, -4.6543756E+00,  1.0003719E+03,  2.2136334E+04,3,
  1.6091534E+02,  0.0000000E+00,  2.6204382E+02,2742,  7.1089811E+00,  0.0000000E+00, -4.6072307E+00,  9.9981342E+02, -1.1087722E+04,3,
  1.6115321E+02,  0.0000000E+00,  2.6216147E+02,2506,  7.2204714E+00,  0.0000000E+00, -4.1487932E+00,  9.9999573E+02, -2.5402849E+02,3,
  1.6720235E+02,  0.0000000E+00,  2.6228586E+02,2865,  9.8888512E+00,  0.0000000E+00,  4.2329106E+00,  9.9952679E+02, -2.8095920E+04,3,
  1.6789510E+02,  0.0000000E+00,  2.6217847E+02,2855,  8.5202875E+00,  0.0000000E+00,  1.1748320E+00,  1.0034114E+03,  2.0492483E+05,3,
  1.6839496E+02,  0.0000000E+00,  2.6274121E+02,2788,  1.1834361E+01,  0.0000000E+00,  3.2298450E+00,  9.9644086E+02, -2.0937314E+05,3,
  1.6808534E+02,  0.0000000E+00,  2.6197446E+02,2651,  7.2914791E+00,  0.0000000E+00,  2.4714386E+00,  1.0033549E+03,  2.0149186E+05,3,
  1.6921095E+02,  0.0000000E+00,  2.6248419E+02,2825,  8.0042343E+00,  0.0000000E+00,  1.1879828E+00,  1.0020611E+03,  1.2330891E+05,3,
  1.7053427E+02,  0.0000000E+00,  2.6117029E+02,2642,  8.0832090E+00,  0.0000000E+00, -1.0872184E+00,  9.9071368E+02, -5.3699894E+05,3,
  1.7238513E+02,  0.0000000E+00,  2.6252475E+02,2846,  9.3248062E+00,  0.0000000E+00, -1.4905771E+00,  1.0028641E+03,  1.7176588E+05,3,
  1.7207204E+02,  0.0000000E+00,  2.6276089E+02,2633,  8.4580679E+00,  0.0000000E+00, -1.6784275E+00,  1.0041163E+03,  2.4779192E+05,3,
  1.7257347E+02,  0.0000000E+00,  2.6155856E+02,2826,  7.8220072E+00,  0.0000000E+00, -2.9738476E+00,  1.0055403E+03,  3.3493981E+05,3,
  1.7283212E+02,  0.0000000E+00,  2.6160574E+02,2779,  5.7324510E+00,  0.0000000E+00, -4.4535227E+00,  1.0017788E+03,  1.0633038E+05,3,
  1.7306346E+02,  0.0000000E+00,  2.6139929E+02,2854,  7.5513015E+00,  0.0000000E+00, -3.3158219E+00,  9.9619928E+02, -2.2342258E+05,3,
  1.8593568E+02,  0.0000000E+00,  2.6147842E+02,2856,  1.0680574E+01,  0.0000000E+00, -3.7740965E+00,  1.0012872E+03,  7.6832328E+04,3,
  1.8668562E+02,  0.0000000E+00,  2.6072699E+02,2817,  9.7223864E+00,  0.0000000E+00, -3.7428164E+00,  1.0009548E+03,  5.6935348E+04,3,
  1.8687079E+02,  0.0000000E+00,  2.5998279E+02,2816,  9.5358992E+00,  0.0000000E+00, -4.4164758E+00,  9.9530182E+02, -2.7543766E+05,3,
  1.8697865E+02,  0.0000000E+00,  2.5966470E+02,2845,  1.0222804E+01,  0.0000000E+00, -4.6425223E+00,  1.0008214E+03,  4.8956285E+04,3,
  1.8716731E+02,  0.0000000E+00,  2.6183835E+02,2838,  9.8619404E+00,  0.0000000E+00, -4.0428295E+00,  1.0000492E+03,  2.9254258E+03,3,
  1.8815054E+02,  0.0000000E+00,  2.6063248E+02,2770,  1.1975785E+01,  0.0000000E+00, -3.8604035E+00,  9.9908911E+02, -5.4011793E+04,3,
  1.8957729E+02,  0.0000000E+00,  2.5834451E+02,2497,  9.8207912E+00,  0.0000000E+00, -3.5858512E+00,  1.0022268E+03,  1.3328912E+05,3,
  1.8998999E+02,  0.0000000E+00,  2.5878207E+02,2624,  7.7209005E+00,  0.0000000E+00,  5.5913013E-01,  1.0095413E+03,  5.8380275E+05,3,
  1.9050800E+02,  0.0000000E+00,  2.5842899E+02,2807,  1.0885715E+01,  0.0000000E+00, -2.6234829E+00,  1.0001404E+03,  8.3502734E+03,3,
  1.9253053E+02,  0.0000000E+00,  2.5908136E+02,2847,  1.0336993E+01,  0.0000000E+00, -2.8378057E+00,  9.9599957E+02, -2.3502155E+05,3,
  2.0965125E+02,  0.0000000E+00,  2.5826370E+02,2470,  1.1510123E+01,  0.0000000E+00,  6.7086953E-01,  1.0014727E+03,  8.7948906E+04,3,
  2.5108240E+02,  0.0000000E+00,  2.5890637E+02,2753,  4.4663744E+00,  0.0000000E+00,  3.3674138E+00,  9.9851581E+02, -8.7855039E+04,3,
  2.5101776E+02,  0.0000000E+00,  2.5897955E+02,2670,  4.9737058E+00,  0.0000000E+00,  2.9203405E+00,  9.9889801E+02, -6.5305828E+04,3,
  2.5077513E+02,  0.0000000E+00,  2.5899829E+02,2661,  4.2860723E+00,  0.0000000E+00,  2.1101227E+00,  9.9920459E+02, -4.7180750E+04,3,
  2.5145334E+02,  0.0000000E+00,  2.5932938E+02,2793,  8.6127319E+00,  0.0000000E+00,  1.9453051E+00,  9.9914032E+02, -5.0983176E+04,3,
  2.5812354E+02,  0.0000000E+00,  2.5846527E+02,2443,  7.4979138E+00,  0.0000000E+00,  1.6043619E+00,  1.0010907E+03,  6.5063258E+04,3,
  2.5754297E+02,  0.0000000E+00,  2.5879422E+02,2783,  7.9067459E+00,  0.0000000E+00,  1.2243216E+00,  1.0009263E+03,  5.5227359E+04,3,
  2.8890411E+02,  0.0000000E+00,  2.5835513E+02,2625,  3.3263857E+00,  0.0000000E+00, -6.0774040E-01,  1.0001355E+03,  8.0597109E+03,3,
  2.8994376E+02,  0.0000000E+00,  2.5826529E+02,2635,  3.7174416E+00,  0.0000000E+00, -5.9982288E-01,  1.0000411E+03,  2.4462646E+03,3,
  2.9296371E+02,  0.0000000E+00,  2.5831934E+02,2672,  3.5821490E+00,  0.0000000E+00, -5.9099680E-01,  1.0002796E+03,  1.6638514E+04,3,
  2.9075677E+02,  0.0000000E+00,  2.5893942E+02,2653,  3.5797241E+00,  0.0000000E+00, -6.9342536E-01,  1.0002344E+03,  1.3948892E+04,3,
  2.9201736E+02,  0.0000000E+00,  2.5874185E+02,2711,  3.5363183E+00,  0.0000000E+00, -6.3169265E-01,  1.0002036E+03,  1.2110191E+04,3,
  2.9494003E+02,  0.0000000E+00,  2.5857501E+02,2691,  3.4334199E+00,  0.0000000E+00, -5.1370245E-01,  1.0005589E+03,  3.3286750E+04,3,
  2.9322726E+02,  0.0000000E+00,  2.5912854E+02,2729,  3.6315317E+00,  0.0000000E+00, -5.4230213E-01,  1.0003627E+03,  2.1590779E+04,3,
  2.9653510E+02,  0.0000000E+00,  2.5853903E+02,2701,  3.5985827E+00,  0.0000000E+00, -5.4341877E-01,  1.0003469E+03,  2.0645223E+04,3,
  2.9820898E+02,  0.0000000E+00,  2.5826196E+02,2694,  3.4029109E+00,  0.0000000E+00, -5.6143749E-01,  1.0001093E+03,  6.5017153E+03,3,
  3.2054486E+02,  0.0000000E+00,  2.5821341E+02,2640,  2.7139151E+00,  0.0000000E+00,  1.0034536E-01,  1.0002026E+03,  1.2052056E+04,3,
 -3.9704803E+02,  0.0000000E+00,  2.6721313E+02,3822, -6.5706465E-03,  0.0000000E+00, -8.1379805E-03,  1.0008185E+03,  4.8784883E+04,3,
 -3.9731064E+02,  0.0000000E+00,  2.6900995E+02,3823,  7.7529978E-03,  0.0000000E+00,  2.4569649E-02,  1.0005854E+03,  3.4867164E+04,3,
 -3.9712476E+02,  0.0000000E+00,  2.6621326E+02,3821,  1.0171492E-03,  0.0000000E+00,  9.6247913E-03,  1.0008444E+03,  5.0334926E+04,3,
 -3.9235580E+02,  0.0000000E+00,  2.6569452E+02,3813, -9.7880196E-03,  0.0000000E+00, -1.8626859E-02,  1.0008916E+03,  5.3154805E+04,3,
 -3.9096057E+02,  0.0000000E+00,  2.7012259E+02,3814,  3.9329633E-02,  0.0000000E+00,  2.9157452E-02,  1.0002640E+03,  1.5707968E+04,3,
 -3.9451489E+02,  0.0000000E+00,  2.6649750E+02,3815,  1.1458078E-02,  0.0000000E+00,  1.9753966E-02,  1.0016140E+03,  9.6431859E+04,3,
 -3.9662747E+02,  0.0000000E+00,  2.7011407E+02,3824,  3.2953247E-02,  0.0000000E+00, -4.0623691E-02,  1.0002124E+03,  1.2637057E+04,3,
 -3.9155963E+02,  0.0000000E+00,  2.6744666E+02,3806,  7.8503668E-02,  0.0000000E+00, -4.0904500E-02,  1.0014758E+03,  8.8139289E+04,3,
 -3.9379181E+02,  0.0000000E+00,  2.6805820E+02,3816,  1.0067628E-01,  0.0000000E+00, -2.4988770E-02,  1.0006948E+03,  4.1399035E+04,3,
 -3.9566733E+02,  0.0000000E+00,  2.7032297E+02,3825,  4.7574017E-02,  0.0000000E+00, -5.0849363E-02,  1.0002482E+03,  1.4766605E+04,3,
 -3.9333780E+02,  0.0000000E+00,  2.7019183E+02,3826,  4.5036387E-02,  0.0000000E+00, -4.1879337E-02,  1.0002234E+03,  1.3294770E+04,3,
 -3.9251929E+02,  0.0000000E+00,  2.7070682E+02,3818,  3.4153972E-02,  0.0000000E+00, -2.6859559E-02,  1.0001984E+03,  1.1801352E+04,3,
 -3.9442697E+02,  0.0000000E+00,  2.7051749E+02,3827,  4.0682536E-02,  0.0000000E+00, -4.7045697E-02,  1.0002147E+03,  1.2771503E+04,3,
 -3.9065796E+02,  0.0000000E+00,  2.7110934E+02,3819,  7.7955134E-02,  0.0000000E+00, -3.7140068E-02,  1.0002072E+03,  1.2328201E+04,3,
 -3.9729599E+02,  0.0000000E+00,  2.7127225E+02,3828,  6.4469972E-03,  0.0000000E+00, -5.3261321E-02,  1.0002097E+03,  1.2473544E+04,3,
 -3.8995895E+02,  0.0000000E+00,  2.6601337E+02,3805,  5.9948243E-02,  0.0000000E+00, -2.6659992E-02,  1.0009970E+03,  5.9457727E+04,3,
 -3.8880420E+02,  0.0000000E+00,  2.7013693E+02,3807,  2.0411592E-02,  0.0000000E+00, -4.9943053E-03,  1.0002628E+03,  1.5638907E+04,3,
 -3.8919580E+02,  0.0000000E+00,  2.6809799E+02,3796,  6.0335129E-02,  0.0000000E+00,  1.5864627E-02,  1.0008208E+03,  4.8923465E+04,3,
 -3.8390863E+02,  0.0000000E+00,  2.6510898E+02,3785,  5.3696550E-02,  0.0000000E+00, -1.0192075E-01,  1.0018803E+03,  1.1243200E+05,3,
 -3.8816858E+02,  0.0000000E+00,  2.6614801E+02,3804,  3.8314156E-02,  0.0000000E+00,  1.5073740E-02,  1.0013621E+03,  8.1320648E+04,3,
 -3.8633228E+02,  0.0000000E+00,  2.6969391E+02,3797,  9.8617300E-02,  0.0000000E+00, -2.3263900E-02,  1.0003810E+03,  2.2681918E+04,3,
 -3.8559399E+02,  0.0000000E+00,  2.6621069E+02,3795,  9.1787159E-02,  0.0000000E+00, -1.4861670E-02,  1.0011246E+03,  6.7094445E+04,3,
 -3.8669949E+02,  0.0000000E+00,  2.6753613E+02,3787,  4.8302494E-02,  0.0000000E+00, -3.3753593E-02,  1.0009299E+03,  5.5442668E+04,3,
 -3.8437067E+02,  0.0000000E+00,  2.6857861E+02,3798,  6.6950820E-02,  0.0000000E+00, -5.1241506E-02,  1.0005113E+03,  3.0447012E+04,3,
 -3.8475598E+02,  0.0000000E+00,  2.7060229E+02,3808,  1.1282764E-01,  0.0000000E+00, -4.6963893E-02,  1.0002432E+03,  1.4472221E+04,3,
 -3.8833823E+02,  0.0000000E+00,  2.7078583E+02,3817,  1.1778571E-01,  0.0000000E+00, -4.1530076E-02,  1.0002112E+03,  1.2564384E+04,3,
 -3.8656140E+02,  0.0000000E+00,  2.7104666E+02,3810,  8.8438198E-02,  0.0000000E+00, -5.4775994E-02,  1.0002173E+03,  1.2927753E+04,3,
 -3.8347690E+02,  0.0000000E+00,  2.7069824E+02,3809,  9.5636159E-02,  0.0000000E+00, -5.1131923E-02,  1.0002398E+03,  1.4268701E+04,3,
 -3.8331049E+02,  0.0000000E+00,  2.6717929E+02,3788,  4.9126063E-02,  0.0000000E+00, -1.0830154E-01,  1.0008323E+03,  4.9612758E+04,3,
 -3.8216568E+02,  0.0000000E+00,  2.7064548E+02,3800,  1.3582812E-01,  0.0000000E+00, -4.5627490E-02,  1.0002221E+03,  1.3214824E+04,3,
 -3.8175888E+02,  0.0000000E+00,  2.6926489E+02,3799,  1.4411756E-02,  0.0000000E+00, -2.7780520E-02,  1.0004764E+03,  2.8368691E+04,3,
 -3.8176685E+02,  0.0000000E+00,  2.6628461E+02,3786,  7.6469727E-02,  0.0000000E+00,  2.9288968E-02,  1.0011544E+03,  6.8873898E+04,3,
 -3.8038428E+02,  0.0000000E+00,  2.6817535E+02,3778,  1.0491203E-01,  0.0000000E+00,  2.5501963E-02,  1.0006236E+03,  3.7147184E+04,3,
 -3.7813943E+02,  0.0000000E+00,  2.6967694E+02,3789,  1.4204639E-01,  0.0000000E+00,  2.1410083E-02,  1.0003306E+03,  1.9674301E+04,3,
 -3.7780243E+02,  0.0000000E+00,  2.6549692E+02,3767,  5.4519948E-02,  0.0000000E+00,  4.0854827E-02,  1.0012842E+03,  7.6653133E+04,3,
 -3.7959460E+02,  0.0000000E+00,  2.6619257E+02,3777,  6.9986582E-02,  0.0000000E+00,  1.6909325E-02,  1.0016000E+03,  9.5589102E+04,3,
 -3.7808035E+02,  0.0000000E+00,  2.6783374E+02,3779,  1.0315697E-01,  0.0000000E+00,  7.6456154E-03,  1.0005925E+03,  3.5293262E+04,3,
 -3.7914148E+02,  0.0000000E+00,  2.7065854E+02,3790,  1.2634076E-01,  0.0000000E+00, -4.0817421E-02,  1.0002423E+03,  1.4417706E+04,3,
 -3.7713077E+02,  0.0000000E+00,  2.7101300E+02,3792,  1.6394827E-01,  0.0000000E+00, -4.8941456E-02,  1.0002299E+03,  1.3679970E+04,3,
 -3.8035248E+02,  0.0000000E+00,  2.7097400E+02,3801,  1.3596696E-01,  0.0000000E+00, -5.4288410E-02,  1.0002271E+03,  1.3509172E+04,3,
 -3.7619733E+02,  0.0000000E+00,  2.6710632E+02,3768,  1.2051795E-01,  0.0000000E+00,  1.1820557E-03,  1.0010344E+03,  6.1692258E+04,3,
 -3.7600449E+02,  0.0000000E+00,  2.6952658E+02,3781,  1.4748031E-01,  0.0000000E+00,  7.8797294E-03,  1.0003738E+03,  2.2249084E+04,3,
 -3.7522241E+02,  0.0000000E+00,  2.7082935E+02,3791,  1.9983928E-01,  0.0000000E+00, -4.5083843E-02,  1.0002343E+03,  1.3937989E+04,3,
 -3.7427750E+02,  0.0000000E+00,  2.6845801E+02,3769,  1.7678759E-01,  0.0000000E+00, -1.8178718E-02,  1.0005222E+03,  3.1094984E+04,3,
 -3.7546365E+02,  0.0000000E+00,  2.6544183E+02,3758,  5.0140399E-02,  0.0000000E+00,  8.5172262E-03,  1.0016943E+03,  1.0125159E+05,3,
 -3.7258820E+02,  0.0000000E+00,  2.6983319E+02,3780,  1.6619392E-01,  0.0000000E+00, -2.1371529E-03,  1.0003162E+03,  1.8816188E+04,3,
 -3.7207526E+02,  0.0000000E+00,  2.6771371E+02,3760,  2.0628007E-01,  0.0000000E+00, -3.3514558E-03,  1.0008969E+03,  5.3468578E+04,3,
 -3.7369308E+02,  0.0000000E+00,  2.6632120E+02,3759,  8.3074108E-02,  0.0000000E+00,  2.6972810E-02,  1.0010314E+03,  6.1516980E+04,3,
 -3.7138214E+02,  0.0000000E+00,  2.6612589E+02,3750,  9.3933694E-02,  0.0000000E+00, -3.4453117E-03,  1.0012970E+03,  7.7417492E+04,3,
 -3.7024277E+02,  0.0000000E+00,  2.7055380E+02,3772,  2.3527281E-01,  0.0000000E+00, -3.5449460E-02,  1.0002210E+03,  1.3149415E+04,3,
 -3.7378619E+02,  0.0000000E+00,  2.7078192E+02,3782,  1.8888530E-01,  0.0000000E+00, -4.2412672E-02,  1.0002339E+03,  1.3916185E+04,3,
 -3.7169373E+02,  0.0000000E+00,  2.7101331E+02,3783,  2.2597709E-01,  0.0000000E+00, -5.6722783E-02,  1.0002227E+03,  1.3247529E+04,3,
 -3.6996997E+02,  0.0000000E+00,  2.6917267E+02,3770,  1.9090511E-01,  0.0000000E+00, -1.6781911E-02,  1.0004813E+03,  2.8659848E+04,3,
 -3.6896655E+02,  0.0000000E+00,  2.6760483E+02,3761,  2.6011300E-01,  0.0000000E+00, -1.1154145E-02,  1.0006614E+03,  3.9405867E+04,3,
 -3.6866351E+02,  0.0000000E+00,  2.7099512E+02,3774,  2.5421607E-01,  0.0000000E+00, -5.2321270E-02,  1.0002233E+03,  1.3287502E+04,3,
 -3.6963055E+02,  0.0000000E+00,  2.6562387E+02,3740,  3.7513155E-02,  0.0000000E+00, -1.1043519E-02,  1.0016152E+03,  9.6505141E+04,3,
 -3.6686008E+02,  0.0000000E+00,  2.7073511E+02,3773,  2.3762968E-01,  0.0000000E+00, -5.8910146E-02,  1.0002205E+03,  1.3116711E+04,3,
 -3.6758704E+02,  0.0000000E+00,  2.6949701E+02,3771,  1.8415236E-01,  0.0000000E+00, -3.3281330E-02,  1.0003923E+03,  2.3351209E+04,3,
 -3.6623999E+02,  0.0000000E+00,  2.6767291E+02,3751,  3.8159528E-01,  0.0000000E+00, -7.4217878E-02,  1.0009267E+03,  5.5252902E+04,3,
 -3.6554987E+02,  0.0000000E+00,  2.7028467E+02,3763,  2.3091723E-01,  0.0000000E+00, -6.7815825E-02,  1.0002680E+03,  1.5947866E+04,3,
 -3.6765833E+02,  0.0000000E+00,  2.6617068E+02,3742,  4.6677448E-02,  0.0000000E+00,  5.1825223E-03,  1.0011269E+03,  6.7229625E+04,3,
 -3.6409225E+02,  0.0000000E+00,  2.6910907E+02,3762,  2.7987111E-01,  0.0000000E+00, -1.2467373E-01,  1.0005024E+03,  2.9919201E+04,3,
 -3.6389349E+02,  0.0000000E+00,  2.6705383E+02,3752,  2.6935363E-01,  0.0000000E+00, -1.2818341E-01,  1.0005844E+03,  3.4805254E+04,3,
 -3.6537238E+02,  0.0000000E+00,  2.6577753E+02,3743,  3.1746138E-02,  0.0000000E+00,  3.8318500E-02,  1.0015750E+03,  9.4086977E+04,3,
 -3.6423892E+02,  0.0000000E+00,  2.7100183E+02,3765,  1.9831331E-01,  0.0000000E+00, -7.8161351E-02,  1.0002267E+03,  1.3487368E+04,3,
 -3.6250037E+02,  0.0000000E+00,  2.7068182E+02,3764,  2.0353204E-01,  0.0000000E+00, -5.8740251E-02,  1.0002639E+03,  1.5704333E+04,3,
 -3.6271619E+02,  0.0000000E+00,  2.6574924E+02,3753,  2.1036632E-01,  0.0000000E+00, -2.2555073E-01,  1.0017490E+03,  1.0453692E+05,3,
 -3.6209192E+02,  0.0000000E+00,  2.6874115E+02,3754,  3.1434667E-01,  0.0000000E+00, -1.1285044E-04,  1.0005295E+03,  3.1531842E+04,3,
 -3.6107303E+02,  0.0000000E+00,  2.7097992E+02,3756,  1.9974110E-01,  0.0000000E+00, -5.4949798E-02,  1.0002468E+03,  1.4683014E+04,3,
 -3.6043237E+02,  0.0000000E+00,  2.6563278E+02,3733,  3.6017823E-01,  0.0000000E+00,  2.8899463E-02,  1.0015646E+03,  9.3467867E+04,3,
 -3.6132416E+02,  0.0000000E+00,  2.6749615E+02,3744,  1.0272440E-01,  0.0000000E+00, -2.0521139E-01,  1.0003874E+03,  2.3060207E+04,3,
 -3.5975867E+02,  0.0000000E+00,  2.7068994E+02,3755,  2.9482815E-01,  0.0000000E+00, -3.8829397E-02,  1.0002311E+03,  1.3752650E+04,3,
 -3.5891830E+02,  0.0000000E+00,  2.6701920E+02,3732,  2.4337819E-01,  0.0000000E+00,  1.0137732E-01,  1.0012138E+03,  7.2433750E+04,3,
 -3.5816513E+02,  0.0000000E+00,  2.7042706E+02,3745,  3.2713708E-01,  0.0000000E+00, -3.6375683E-02,  1.0002487E+03,  1.4795681E+04,3,
 -3.5944379E+02,  0.0000000E+00,  2.6908496E+02,3724,  2.9551027E-02,  0.0000000E+00,  8.2509980E-02,  1.0005234E+03,  3.1171432E+04,3,
 -3.5678909E+02,  0.0000000E+00,  2.6806540E+02,3725,  1.7206264E-01,  0.0000000E+00,  6.1648235E-02,  1.0005759E+03,  3.4299059E+04,3,
 -3.5738165E+02,  0.0000000E+00,  2.6596936E+02,3723,  1.5259095E-01,  0.0000000E+00, -3.7068594E-02,  1.0012285E+03,  7.3314773E+04,3,
 -3.5667410E+02,  0.0000000E+00,  2.7106839E+02,3747,  2.7726158E-01,  0.0000000E+00, -4.6555910E-02,  1.0002155E+03,  1.2822375E+04,3,
 -3.5631943E+02,  0.0000000E+00,  2.6988409E+02,3734,  3.0629733E-01,  0.0000000E+00, -1.3114631E-02,  1.0003356E+03,  1.9972477E+04,3,
 -3.5552374E+02,  0.0000000E+00,  2.6556070E+02,3713,  1.5775959E-01,  0.0000000E+00,  1.5153390E-01,  1.0016818E+03,  1.0050007E+05,3,
 -3.5459381E+02,  0.0000000E+00,  2.7081805E+02,3746,  3.2345510E-01,  0.0000000E+00, -5.1470920E-02,  1.0002194E+03,  1.3051302E+04,3,
 -3.5478812E+02,  0.0000000E+00,  2.6734943E+02,3715,  2.1956430E-01,  0.0000000E+00, -1.2136322E-02,  1.0008513E+03,  5.0743449E+04,3,
 -3.5422333E+02,  0.0000000E+00,  2.6956479E+02,3735,  3.1089291E-01,  0.0000000E+00,  1.9845294E-02,  1.0003495E+03,  2.0805232E+04,3,
 -3.5309909E+02,  0.0000000E+00,  2.6648444E+02,3714,  2.4302031E-01,  0.0000000E+00,  8.6784102E-03,  1.0011473E+03,  6.8450016E+04,3,
 -3.5140070E+02,  0.0000000E+00,  2.7037601E+02,3736,  3.7898099E-01,  0.0000000E+00, -4.8878718E-02,  1.0002395E+03,  1.4250529E+04,3,
 -3.5248590E+02,  0.0000000E+00,  2.6876736E+02,3726,  3.0247933E-01,  0.0000000E+00,  3.7454069E-02,  1.0005322E+03,  3.1692029E+04,3,
 -3.5050693E+02,  0.0000000E+00,  2.6795435E+02,3716,  2.6547188E-01,  0.0000000E+00, -5.0304130E-02,  1.0007931E+03,  4.7267895E+04,3,
 -3.5127979E+02,  0.0000000E+00,  2.6596216E+02,3705,  1.7411520E-01,  0.0000000E+00, -3.0804552E-02,  1.0013962E+03,  8.3366125E+04,3,
 -3.5019876E+02,  0.0000000E+00,  2.7082156E+02,3737,  3.9078903E-01,  0.0000000E+00, -8.1588805E-02,  1.0002220E+03,  1.3211190E+04,3,
 -3.5268179E+02,  0.0000000E+00,  2.7104260E+02,3738,  3.7695268E-01,  0.0000000E+00, -6.9148004E-02,  1.0002186E+03,  1.3007696E+04,3,
 -3.4950943E+02,  0.0000000E+00,  2.6588354E+02,3695,  1.9588664E-01,  0.0000000E+00, -6.8230047E-03,  1.0012205E+03,  7.2835867E+04,3,
 -3.4905719E+02,  0.0000000E+00,  2.7008746E+02,3727,  4.0384057E-01,  0.0000000E+00, -6.8501376E-02,  1.0002945E+03,  1.7525523E+04,3,
 -3.4845993E+02,  0.0000000E+00,  2.6768045E+02,3706,  3.0858070E-01,  0.0000000E+00, -2.9711479E-02,  1.0007326E+03,  4.3655039E+04,3,
 -3.4790875E+02,  0.0000000E+00,  2.7103256E+02,3729,  4.1292542E-01,  0.0000000E+00, -9.4195515E-02,  1.0002208E+03,  1.3134880E+04,3,
 -3.4707269E+02,  0.0000000E+00,  2.6948981E+02,3717,  3.9744204E-01,  0.0000000E+00, -6.6028059E-02,  1.0004227E+03,  2.5166523E+04,3,
 -3.4599658E+02,  0.0000000E+00,  2.7081573E+02,3728,  4.2688102E-01,  0.0000000E+00, -8.3315089E-02,  1.0002181E+03,  1.2978626E+04,3,
 -3.4689948E+02,  0.0000000E+00,  2.6664459E+02,3696,  2.7499685E-01,  0.0000000E+00, -4.0095769E-02,  1.0012057E+03,  7.1951234E+04,3,
 -3.4501840E+02,  0.0000000E+00,  2.6981085E+02,3718,  4.3087363E-01,  0.0000000E+00, -5.0136313E-02,  1.0003428E+03,  2.0405211E+04,3,
 -3.4517795E+02,  0.0000000E+00,  2.6770297E+02,3707,  3.3700043E-01,  0.0000000E+00, -6.3914508E-02,  1.0005557E+03,  3.3093770E+04,3,
 -3.4390903E+02,  0.0000000E+00,  2.7075439E+02,3719,  4.4894722E-01,  0.0000000E+00, -7.4051537E-02,  1.0002337E+03,  1.3905282E+04,3,
 -3.4500583E+02,  0.0000000E+00,  2.6574442E+02,3687,  2.1131960E-01,  0.0000000E+00, -8.6867206E-02,  1.0014935E+03,  8.9197453E+04,3,
 -3.4328229E+02,  0.0000000E+00,  2.6823224E+02,3697,  3.2933387E-01,  0.0000000E+00, -8.0326147E-02,  1.0007092E+03,  4.2255453E+04,3,
 -3.4308923E+02,  0.0000000E+00,  2.6583112E+02,3677,  2.6145697E-01,  0.0000000E+00, -4.2045020E-02,  1.0013000E+03,  7.7600359E+04,3,
 -3.4248441E+02,  0.0000000E+00,  2.7101608E+02,3720,  4.2654899E-01,  0.0000000E+00, -7.4847989E-02,  1.0002306E+03,  1.3719944E+04,3,
 -3.4164435E+02,  0.0000000E+00,  2.6998657E+02,3708,  4.5582318E-01,  0.0000000E+00, -3.4060303E-02,  1.0003090E+03,  1.8387160E+04,3,
 -3.4163745E+02,  0.0000000E+00,  2.6714230E+02,3688,  3.2879946E-01,  0.0000000E+00, -7.5256815E-03,  1.0008203E+03,  4.8894289E+04,3,
 -3.4032452E+02,  0.0000000E+00,  2.7079688E+02,3710,  4.7057056E-01,  0.0000000E+00, -6.3081138E-02,  1.0002327E+03,  1.3847137E+04,3,
 -3.4016879E+02,  0.0000000E+00,  2.6862943E+02,3698,  3.6813411E-01,  0.0000000E+00, -4.1162483E-02,  1.0005709E+03,  3.4000453E+04,3,
 -3.4070023E+02,  0.0000000E+00,  2.6557401E+02,3678,  2.1763445E-01,  0.0000000E+00, -1.1004531E-01,  1.0016783E+03,  1.0029112E+05,3,
 -3.3825012E+02,  0.0000000E+00,  2.6998380E+02,3709,  4.9818119E-01,  0.0000000E+00, -6.5292284E-02,  1.0003273E+03,  1.9477947E+04,3,
 -3.3850009E+02,  0.0000000E+00,  2.7112079E+02,3711,  4.1864055E-01,  0.0000000E+00, -8.4392436E-02,  1.0002255E+03,  1.3414688E+04,3,
 -3.3827243E+02,  0.0000000E+00,  2.6806097E+02,3699,  3.9209792E-01,  0.0000000E+00, -5.0742611E-02,  1.0005081E+03,  3.0254084E+04,3,
 -3.3888544E+02,  0.0000000E+00,  2.6625369E+02,3679,  2.1520199E-01,  0.0000000E+00,  2.2660365E-02,  1.0012037E+03,  7.1826953E+04,3,
 -3.3649197E+02,  0.0000000E+00,  2.7085782E+02,3701,  4.7126380E-01,  0.0000000E+00, -8.3845213E-02,  1.0002215E+03,  1.3178485E+04,3,
 -3.3667874E+02,  0.0000000E+00,  2.6624728E+02,3669,  2.8825638E-01,  0.0000000E+00, -2.8080838E-02,  1.0014909E+03,  8.9043664E+04,3,
 -3.3617819E+02,  0.0000000E+00,  2.6864969E+02,3689,  4.8211077E-01,  0.0000000E+00, -4.0926248E-02,  1.0005708E+03,  3.3996812E+04,3,
 -3.3448358E+02,  0.0000000E+00,  2.6500470E+02,3650,  2.8169683E-01,  0.0000000E+00,  6.2098699E-03,  1.0014537E+03,  8.6813992E+04,3,
 -3.3532202E+02,  0.0000000E+00,  2.7023907E+02,3700,  4.7668448E-01,  0.0000000E+00, -5.8081705E-02,  1.0002621E+03,  1.5595290E+04,3,
 -3.3484622E+02,  0.0000000E+00,  2.6672632E+02,3659,  3.1731847E-01,  0.0000000E+00, -6.2735206E-03,  1.0010228E+03,  6.0998477E+04,3,
 -3.3398416E+02,  0.0000000E+00,  2.7108112E+02,3702,  4.6999833E-01,  0.0000000E+00, -7.6721169E-02,  1.0002184E+03,  1.2993161E+04,3,
 -3.3352350E+02,  0.0000000E+00,  2.6948041E+02,3680,  5.6926996E-01,  0.0000000E+00,  2.9472983E-03,  1.0004269E+03,  2.5417566E+04,3,
 -3.3223703E+02,  0.0000000E+00,  2.7084131E+02,3692,  5.2898884E-01,  0.0000000E+00, -5.9406374E-02,  1.0002320E+03,  1.3803527E+04,3,
 -3.3325824E+02,  0.0000000E+00,  2.6746750E+02,3670,  3.8271445E-01,  0.0000000E+00, -1.9679699E-02,  1.0007368E+03,  4.3906547E+04,3,
 -3.3115988E+02,  0.0000000E+00,  2.7000491E+02,3690,  5.2234143E-01,  0.0000000E+00, -3.5999458E-02,  1.0003444E+03,  2.0496123E+04,3,
 -3.3182733E+02,  0.0000000E+00,  2.6652872E+02,3660,  4.2869595E-01,  0.0000000E+00,  3.4721222E-02,  1.0014445E+03,  8.6261234E+04,3,
 -3.3055081E+02,  0.0000000E+00,  2.6853653E+02,3681,  4.9182233E-01,  0.0000000E+00, -2.9560637E-02,  1.0004111E+03,  2.4471645E+04,3,
 -3.2990820E+02,  0.0000000E+00,  2.6636935E+02,3651,  3.4751305E-01,  0.0000000E+00, -1.1823048E-01,  1.0011174E+03,  6.6659680E+04,3,
 -3.2994315E+02,  0.0000000E+00,  2.7109714E+02,3693,  5.5756539E-01,  0.0000000E+00, -7.6925941E-02,  1.0002238E+03,  1.3312939E+04,3,
 -3.2881232E+02,  0.0000000E+00,  2.7036069E+02,3691,  5.0172418E-01,  0.0000000E+00, -6.8423696E-02,  1.0002627E+03,  1.5631638E+04,3,
 -3.2814371E+02,  0.0000000E+00,  2.6847147E+02,3671,  5.7962132E-01,  0.0000000E+00, -1.2373639E-02,  1.0007326E+03,  4.3655039E+04,3,
 -3.2747675E+02,  0.0000000E+00,  2.7082657E+02,3683,  5.9665245E-01,  0.0000000E+00, -7.9681367E-02,  1.0002138E+03,  1.2720631E+04,3,
 -3.2811624E+02,  0.0000000E+00,  2.6647879E+02,3652,  4.1090351E-01,  0.0000000E+00,  6.3164160E-02,  1.0011411E+03,  6.8077305E+04,3,
 -3.2621399E+02,  0.0000000E+00,  2.7012357E+02,3682,  5.6717658E-01,  0.0000000E+00, -2.8313881E-02,  1.0002916E+03,  1.7351023E+04,3,
 -3.2571967E+02,  0.0000000E+00,  2.6785419E+02,3661,  5.6565303E-01,  0.0000000E+00, -7.0381343E-02,  1.0008186E+03,  4.8792176E+04,3,
 -3.2529077E+02,  0.0000000E+00,  2.7108179E+02,3684,  6.1569870E-01,  0.0000000E+00, -6.6982985E-02,  1.0002205E+03,  1.3116711E+04,3,
 -3.2354980E+02,  0.0000000E+00,  2.7083987E+02,3674,  6.1287087E-01,  0.0000000E+00, -6.3812293E-02,  1.0002322E+03,  1.3818064E+04,3,
 -3.2407202E+02,  0.0000000E+00,  2.6925113E+02,3672,  4.9722874E-01,  0.0000000E+00, -3.9640088E-02,  1.0004694E+03,  2.7950168E+04,3,
 -3.2635065E+02,  0.0000000E+00,  2.6592285E+02,3653,  2.7639422E-01,  0.0000000E+00, -3.8718604E-02,  1.0012287E+03,  7.3325742E+04,3,
 -3.2440576E+02,  0.0000000E+00,  2.6630719E+02,3662,  3.6798814E-01,  0.0000000E+00, -1.7457189E-01,  1.0009957E+03,  5.9377406E+04,3,
 -3.2267282E+02,  0.0000000E+00,  2.6632590E+02,3643,  3.7481046E-01,  0.0000000E+00,  5.4998059E-02,  1.0014398E+03,  8.5975711E+04,3,
 -3.2244901E+02,  0.0000000E+00,  2.6827377E+02,3663,  5.5021167E-01,  0.0000000E+00,  4.3550201E-02,  1.0005115E+03,  3.0457932E+04,3,
 -3.2190863E+02,  0.0000000E+00,  2.7110236E+02,3675,  6.2809479E-01,  0.0000000E+00, -6.4086087E-02,  1.0002206E+03,  1.3123979E+04,3,
 -3.2127579E+02,  0.0000000E+00,  2.6985287E+02,3673,  6.4927316E-01,  0.0000000E+00, -2.2362309E-02,  1.0003641E+03,  2.1674428E+04,3,
 -3.1996124E+02,  0.0000000E+00,  2.7081299E+02,3665,  6.5441692E-01,  0.0000000E+00, -4.4160306E-02,  1.0002283E+03,  1.3581852E+04,3,
 -3.2044003E+02,  0.0000000E+00,  2.6645367E+02,3633,  3.0705184E-01,  0.0000000E+00, -7.5619251E-02,  1.0010632E+03,  6.3419617E+04,3,
 -3.1983752E+02,  0.0000000E+00,  2.6805167E+02,3654,  5.1301199E-01,  0.0000000E+00, -7.0734426E-02,  1.0007286E+03,  4.3418117E+04,3,
 -3.1861905E+02,  0.0000000E+00,  2.6988290E+02,3664,  5.8120042E-01,  0.0000000E+00, -4.4275738E-02,  1.0003855E+03,  2.2947445E+04,3,
 -3.1786020E+02,  0.0000000E+00,  2.7106094E+02,3666,  6.7394799E-01,  0.0000000E+00, -6.3359395E-02,  1.0002193E+03,  1.3047668E+04,3,
 -3.1789807E+02,  0.0000000E+00,  2.6706381E+02,3634,  4.8270318E-01,  0.0000000E+00, -2.6057379E-02,  1.0008145E+03,  4.8547836E+04,3,
 -3.1664438E+02,  0.0000000E+00,  2.6935620E+02,3644,  5.9741020E-01,  0.0000000E+00, -6.1632335E-02,  1.0004708E+03,  2.8030230E+04,3,
 -3.1605069E+02,  0.0000000E+00,  2.7080890E+02,3656,  6.5456963E-01,  0.0000000E+00, -7.0850685E-02,  1.0002339E+03,  1.3916185E+04,3,
 -3.1854840E+02,  0.0000000E+00,  2.6534314E+02,3624,  3.6409664E-01,  0.0000000E+00,  1.6446212E-02,  1.0017545E+03,  1.0486698E+05,3,
 -3.1619995E+02,  0.0000000E+00,  2.6769461E+02,3645,  4.6076113E-01,  0.0000000E+00, -8.6018905E-02,  1.0004232E+03,  2.5191992E+04,3,
 -3.1598590E+02,  0.0000000E+00,  2.6571942E+02,3614,  4.6226695E-01,  0.0000000E+00, -2.8571010E-02,  1.0017068E+03,  1.0200316E+05,3,
 -3.1402969E+02,  0.0000000E+00,  2.7112018E+02,3657,  7.2860134E-01,  0.0000000E+00, -7.8395136E-02,  1.0002177E+03,  1.2953189E+04,3,
 -3.1423230E+02,  0.0000000E+00,  2.7011090E+02,3655,  5.7858402E-01,  0.0000000E+00, -5.9748661E-02,  1.0003106E+03,  1.8485326E+04,3,
 -3.1409186E+02,  0.0000000E+00,  2.6812848E+02,3635,  5.3935194E-01,  0.0000000E+00, -5.6505506E-03,  1.0007316E+03,  4.3596719E+04,3,
 -3.1374899E+02,  0.0000000E+00,  2.6637057E+02,3605,  5.7560062E-01,  0.0000000E+00,  4.7361173E-02,  1.0012953E+03,  7.7318742E+04,3,
 -3.1190887E+02,  0.0000000E+00,  2.7092987E+02,3647,  6.6241550E-01,  0.0000000E+00, -5.8513872E-02,  1.0002164E+03,  1.2873247E+04,3,
 -3.1180765E+02,  0.0000000E+00,  2.6982468E+02,3646,  6.6605842E-01,  0.0000000E+00, -2.2462999E-02,  1.0003483E+03,  2.0732500E+04,3,
 -3.1168704E+02,  0.0000000E+00,  2.6779700E+02,3625,  6.1149079E-01,  0.0000000E+00, -3.7821978E-02,  1.0008030E+03,  4.7862262E+04,3,
 -3.0998325E+02,  0.0000000E+00,  2.7115775E+02,3648,  7.1517569E-01,  0.0000000E+00, -6.4281322E-02,  1.0002213E+03,  1.3163950E+04,3,
 -3.0958038E+02,  0.0000000E+00,  2.6978464E+02,3636,  6.6400075E-01,  0.0000000E+00,  3.0189589E-02,  1.0003135E+03,  1.8659846E+04,3,
 -3.1134796E+02,  0.0000000E+00,  2.6614258E+02,3615,  5.0978738E-01,  0.0000000E+00, -2.9105525E-02,  1.0012588E+03,  7.5128242E+04,3,
 -3.0933862E+02,  0.0000000E+00,  2.6790851E+02,3626,  5.4787117E-01,  0.0000000E+00, -5.2315589E-02,  1.0006507E+03,  3.8764641E+04,3,
 -3.0881366E+02,  0.0000000E+00,  2.6623682E+02,3606,  5.3393006E-01,  0.0000000E+00, -7.0958108E-02,  1.0014398E+03,  8.5975711E+04,3,
 -3.0813928E+02,  0.0000000E+00,  2.7088165E+02,3638,  7.4981195E-01,  0.0000000E+00, -6.9524504E-02,  1.0002115E+03,  1.2586186E+04,3,
 -3.0664499E+02,  0.0000000E+00,  2.7052438E+02,3637,  8.5033786E-01,  0.0000000E+00, -5.5877283E-02,  1.0002164E+03,  1.2873247E+04,3,
 -3.0727341E+02,  0.0000000E+00,  2.6568442E+02,3597,  5.5924785E-01,  0.0000000E+00,  2.1519270E-02,  1.0012001E+03,  7.1611289E+04,3,
 -3.0733453E+02,  0.0000000E+00,  2.6903815E+02,3627,  4.8920250E-01,  0.0000000E+00, -2.1678489E-02,  1.0005275E+03,  3.1411703E+04,3,
 -3.0532748E+02,  0.0000000E+00,  2.7110239E+02,3639,  7.2334665E-01,  0.0000000E+00, -6.7077905E-02,  1.0002282E+03,  1.3578218E+04,3,
 -3.0590973E+02,  0.0000000E+00,  2.6802832E+02,3616,  6.1025614E-01,  0.0000000E+00,  2.3744743E-02,  1.0007093E+03,  4.2262742E+04,3,
 -3.0388229E+02,  0.0000000E+00,  2.7085526E+02,3629,  8.4497827E-01,  0.0000000E+00, -5.5838529E-02,  1.0002173E+03,  1.2931387E+04,3,
 -3.0547940E+02,  0.0000000E+00,  2.6633087E+02,3578,  4.7295853E-01,  0.0000000E+00, -1.5557519E-02,  1.0014047E+03,  8.3871148E+04,3,
 -3.0378079E+02,  0.0000000E+00,  2.6951953E+02,3617,  6.4119160E-01,  0.0000000E+00,  5.1492621E-04,  1.0004003E+03,  2.3831381E+04,3,
 -3.0338092E+02,  0.0000000E+00,  2.6766055E+02,3607,  6.4316911E-01,  0.0000000E+00,  2.6670888E-02,  1.0007446E+03,  4.4373129E+04,3,
 -3.0292825E+02,  0.0000000E+00,  2.6606235E+02,3598,  4.0541190E-01,  0.0000000E+00,  2.0808253E-02,  1.0013365E+03,  7.9787734E+04,3,
 -3.0219565E+02,  0.0000000E+00,  2.7054648E+02,3628,  8.2076520E-01,  0.0000000E+00, -5.4378267E-02,  1.0002499E+03,  1.4868370E+04,3,
 -3.0121390E+02,  0.0000000E+00,  2.6844287E+02,3608,  6.9086599E-01,  0.0000000E+00, -1.7362594E-03,  1.0005788E+03,  3.4473855E+04,3,
 -3.0092731E+02,  0.0000000E+00,  2.7112943E+02,3630,  8.0413580E-01,  0.0000000E+00, -5.9131525E-02,  1.0002148E+03,  1.2778771E+04,3,
 -3.0006674E+02,  0.0000000E+00,  2.6996649E+02,3618,  8.3782965E-01,  0.0000000E+00, -5.3423404E-04,  1.0002964E+03,  1.7638223E+04,3,
 -3.0070505E+02,  0.0000000E+00,  2.6657407E+02,3588,  5.3282148E-01,  0.0000000E+00, -1.2760125E-02,  1.0010845E+03,  6.4694328E+04,3,
 -2.9874783E+02,  0.0000000E+00,  2.7083691E+02,3620,  8.3798611E-01,  0.0000000E+00, -4.5517150E-02,  1.0002126E+03,  1.2651592E+04,3,
 -2.9835843E+02,  0.0000000E+00,  2.6887012E+02,3609,  7.4046057E-01,  0.0000000E+00, -4.1701052E-02,  1.0006428E+03,  3.8294676E+04,3,
 -2.9900800E+02,  0.0000000E+00,  2.6657986E+02,3579,  5.6638998E-01,  0.0000000E+00,  6.5666497E-02,  1.0012619E+03,  7.5314727E+04,3,
 -2.9719299E+02,  0.0000000E+00,  2.7112643E+02,3621,  8.5788816E-01,  0.0000000E+00, -6.8176515E-02,  1.0002225E+03,  1.3236628E+04,3,
 -2.9612201E+02,  0.0000000E+00,  2.7031207E+02,3619,  8.3025891E-01,  0.0000000E+00, -4.6799589E-02,  1.0002535E+03,  1.5082806E+04,3,
 -2.9630908E+02,  0.0000000E+00,  2.6832724E+02,3599,  7.2630692E-01,  0.0000000E+00, -1.3574108E-01,  1.0006124E+03,  3.6480605E+04,3,
 -2.9721451E+02,  0.0000000E+00,  2.6649301E+02,3580,  6.4262938E-01,  0.0000000E+00, -2.2741532E-02,  1.0008682E+03,  5.1753887E+04,3,
 -2.9573370E+02,  0.0000000E+00,  2.6570792E+02,3570,  5.7551515E-01,  0.0000000E+00, -9.0840466E-02,  1.0014402E+03,  8.6001336E+04,3,
 -2.9490369E+02,  0.0000000E+00,  2.7091458E+02,3611,  8.2143891E-01,  0.0000000E+00, -7.9180710E-02,  1.0002156E+03,  1.2826009E+04,3,
 -2.9425366E+02,  0.0000000E+00,  2.6802637E+02,3589,  6.7929453E-01,  0.0000000E+00, -3.0693702E-02,  1.0008522E+03,  5.0801812E+04,3,
 -2.9364975E+02,  0.0000000E+00,  2.7016553E+02,3610,  8.6071402E-01,  0.0000000E+00, -6.3565105E-02,  1.0002918E+03,  1.7365564E+04,3,
 -2.9382822E+02,  0.0000000E+00,  2.6611932E+02,3561,  6.5016896E-01,  0.0000000E+00,  2.2518858E-02,  1.0015172E+03,  9.0618281E+04,3,
 -2.9264429E+02,  0.0000000E+00,  2.7114209E+02,3612,  8.4859866E-01,  0.0000000E+00, -8.6297326E-02,  1.0002314E+03,  1.3770821E+04,3,
 -2.9177588E+02,  0.0000000E+00,  2.6889441E+02,3600,  7.6031184E-01,  0.0000000E+00, -8.7246798E-02,  1.0005497E+03,  3.2736943E+04,3,
 -2.9202783E+02,  0.0000000E+00,  2.6716846E+02,3590,  7.8226358E-01,  0.0000000E+00, -7.5266458E-02,  1.0005739E+03,  3.4182531E+04,3,
 -2.9111908E+02,  0.0000000E+00,  2.7089636E+02,3602,  8.6973697E-01,  0.0000000E+00, -6.6404119E-02,  1.0002327E+03,  1.3847137E+04,3,
 -2.8994370E+02,  0.0000000E+00,  2.7008054E+02,3601,  8.3474958E-01,  0.0000000E+00, -1.1280819E-02,  1.0002789E+03,  1.6594893E+04,3,
 -2.9094089E+02,  0.0000000E+00,  2.6564362E+02,3581,  7.1636945E-01,  0.0000000E+00, -9.6278735E-02,  1.0017038E+03,  1.0182351E+05,3,
 -2.8922296E+02,  0.0000000E+00,  2.6855182E+02,3591,  7.6489675E-01,  0.0000000E+00, -4.1005533E-02,  1.0006315E+03,  3.7617094E+04,3,
 -2.8942105E+02,  0.0000000E+00,  2.6676465E+02,3571,  6.1727631E-01,  0.0000000E+00, -3.7273843E-02,  1.0009692E+03,  5.7793105E+04,3,
 -2.8871991E+02,  0.0000000E+00,  2.7113763E+02,3603,  8.9031029E-01,  0.0000000E+00, -6.2531151E-02,  1.0002301E+03,  1.3690872E+04,3,
 -2.8825717E+02,  0.0000000E+00,  2.6557300E+02,3533,  7.0437157E-01,  0.0000000E+00, -7.1412988E-02,  1.0015737E+03,  9.4013703E+04,3,
 -2.8725275E+02,  0.0000000E+00,  2.7092917E+02,3593,  8.8246799E-01,  0.0000000E+00, -6.5586850E-02,  1.0002314E+03,  1.3770821E+04,3,
 -2.8724792E+02,  0.0000000E+00,  2.6874411E+02,3582,  7.4398851E-01,  0.0000000E+00,  5.5631377E-02,  1.0005044E+03,  3.0035682E+04,3,
 -2.8605334E+02,  0.0000000E+00,  2.7016870E+02,3592,  9.0840483E-01,  0.0000000E+00, -3.8898598E-02,  1.0002642E+03,  1.5718872E+04,3,
 -2.8590707E+02,  0.0000000E+00,  2.6749191E+02,3562,  7.2754681E-01,  0.0000000E+00, -1.7951971E-02,  1.0007982E+03,  4.7574191E+04,3,
 -2.8489014E+02,  0.0000000E+00,  2.7114297E+02,3594,  9.5628405E-01,  0.0000000E+00, -9.6618496E-02,  1.0002168E+03,  1.2898684E+04,3,
 -2.8636975E+02,  0.0000000E+00,  2.6573373E+02,3543,  6.3927251E-01,  0.0000000E+00,  5.7637338E-02,  1.0014958E+03,  8.9336602E+04,3,
 -2.8329379E+02,  0.0000000E+00,  2.7086771E+02,3584,  1.0213289E+00,  0.0000000E+00, -9.0843745E-02,  1.0002074E+03,  1.2339102E+04,3,
 -2.8422964E+02,  0.0000000E+00,  2.6912866E+02,3572,  7.9457182E-01,  0.0000000E+00,  4.7657533E-05,  1.0005218E+03,  3.1073141E+04,3,
 -2.8409656E+02,  0.0000000E+00,  2.6648788E+02,3552,  6.0163522E-01,  0.0000000E+00, -1.6413273E-01,  1.0012970E+03,  7.7417492E+04,3,
 -2.8215546E+02,  0.0000000E+00,  2.6863998E+02,3573,  6.7614883E-01,  0.0000000E+00, -1.1020273E-01,  1.0005741E+03,  3.4193453E+04,3,
 -2.8241302E+02,  0.0000000E+00,  2.6654623E+02,3553,  6.7041516E-01,  0.0000000E+00, -5.2461803E-02,  1.0009873E+03,  5.8877266E+04,3,
 -2.8195703E+02,  0.0000000E+00,  2.7039462E+02,3583,  9.9207497E-01,  0.0000000E+00, -6.7545734E-02,  1.0002263E+03,  1.3461930E+04,3,
 -2.8075580E+02,  0.0000000E+00,  2.7108505E+02,3585,  9.7545117E-01,  0.0000000E+00, -1.1003108E-01,  1.0002219E+03,  1.3200289E+04,3,
 -2.8111261E+02,  0.0000000E+00,  2.6536081E+02,3544,  7.1071613E-01,  0.0000000E+00,  4.0345501E-02,  1.0018849E+03,  1.1271094E+05,3,
 -2.8000449E+02,  0.0000000E+00,  2.6834653E+02,3563,  7.9420978E-01,  0.0000000E+00,  1.5199638E-02,  1.0009786E+03,  5.8355250E+04,3,
 -2.7927014E+02,  0.0000000E+00,  2.7082077E+02,3575,  1.0205134E+00,  0.0000000E+00, -1.1009382E-01,  1.0002410E+03,  1.4337752E+04,3,
 -2.7980444E+02,  0.0000000E+00,  2.6700034E+02,3554,  6.3342559E-01,  0.0000000E+00, -6.7547411E-02,  1.0002050E+03,  1.2197395E+04,3,
 -2.7821744E+02,  0.0000000E+00,  2.7035461E+02,3574,  1.0497519E+00,  0.0000000E+00, -8.3065964E-02,  1.0002704E+03,  1.6093262E+04,3,
 -2.7680219E+02,  0.0000000E+00,  2.6948178E+02,3564,  1.0321665E+00,  0.0000000E+00, -4.2843379E-02,  1.0003739E+03,  2.2256359E+04,3,
 -2.7835645E+02,  0.0000000E+00,  2.6580814E+02,3515,  7.5877303E-01,  0.0000000E+00,  2.8152270E-02,  1.0020026E+03,  1.1978602E+05,3,
 -2.7652884E+02,  0.0000000E+00,  2.7112589E+02,3576,  1.0492878E+00,  0.0000000E+00, -8.6440735E-02,  1.0002233E+03,  1.3283868E+04,3,
 -2.7768796E+02,  0.0000000E+00,  2.6794974E+02,3555,  6.8076909E-01,  0.0000000E+00,  3.6573540E-02,  1.0004651E+03,  2.7695422E+04,3,
 -2.7546161E+02,  0.0000000E+00,  2.6720126E+02,3534,  8.3191085E-01,  0.0000000E+00, -5.3552382E-02,  1.0012131E+03,  7.2393539E+04,3,
 -2.7630515E+02,  0.0000000E+00,  2.6560168E+02,3506,  7.3874110E-01,  0.0000000E+00,  1.8690348E-01,  1.0012770E+03,  7.6221602E+04,3,
 -2.7510013E+02,  0.0000000E+00,  2.7082504E+02,3566,  1.0503447E+00,  0.0000000E+00, -7.5350530E-02,  1.0002234E+03,  1.3291136E+04,3,
 -2.7435345E+02,  0.0000000E+00,  2.6923608E+02,3545,  9.8078424E-01,  0.0000000E+00,  3.5249170E-02,  1.0004203E+03,  2.5020996E+04,3,
 -2.7338785E+02,  0.0000000E+00,  2.7037073E+02,3565,  1.1393576E+00,  0.0000000E+00, -5.4636352E-02,  1.0002333E+03,  1.3883478E+04,3,
 -2.7381537E+02,  0.0000000E+00,  2.6653323E+02,3497,  8.6627531E-01,  0.0000000E+00, -3.2634239E-03,  1.0009826E+03,  5.8596176E+04,3,
 -2.7229041E+02,  0.0000000E+00,  2.7108633E+02,3567,  1.0722730E+00,  0.0000000E+00, -7.0208520E-02,  1.0002257E+03,  1.3429225E+04,3,
 -2.7208243E+02,  0.0000000E+00,  2.6833359E+02,3525,  9.5849150E-01,  0.0000000E+00, -5.1207375E-02,  1.0008583E+03,  5.1162934E+04,3,
 -2.7082053E+02,  0.0000000E+00,  2.7087811E+02,3557,  1.1184770E+00,  0.0000000E+00, -5.5059768E-02,  1.0002277E+03,  1.3545512E+04,3,
 -2.7225299E+02,  0.0000000E+00,  2.6608215E+02,3516,  7.5736594E-01,  0.0000000E+00, -7.7974491E-02,  1.0010983E+03,  6.5519875E+04,3,
 -2.7006097E+02,  0.0000000E+00,  2.6983817E+02,3535,  1.1454794E+00,  0.0000000E+00,  6.0407217E-03,  1.0003351E+03,  1.9943387E+04,3,
 -2.6874475E+02,  0.0000000E+00,  2.7048041E+02,3556,  1.1174060E+00,  0.0000000E+00, -4.7024418E-02,  1.0002542E+03,  1.5122786E+04,3,
 -2.6977017E+02,  0.0000000E+00,  2.6815671E+02,3526,  8.3943033E-01,  0.0000000E+00, -5.4531962E-02,  1.0004526E+03,  2.6945783E+04,3,
 -2.7063440E+02,  0.0000000E+00,  2.6587186E+02,3488,  7.7053845E-01,  0.0000000E+00,  2.2881767E-02,  1.0017116E+03,  1.0229280E+05,3,
 -2.6873032E+02,  0.0000000E+00,  2.6651904E+02,3508,  8.7563866E-01,  0.0000000E+00,  1.5061428E-02,  1.0009357E+03,  5.5789359E+04,3,
 -2.6762347E+02,  0.0000000E+00,  2.7113150E+02,3558,  1.1316196E+00,  0.0000000E+00, -7.2696552E-02,  1.0002124E+03,  1.2637057E+04,3,
 -2.6725168E+02,  0.0000000E+00,  2.6819165E+02,3536,  9.7209084E-01,  0.0000000E+00, -4.7403045E-02,  1.0007592E+03,  4.5244387E+04,3,
 -2.6669699E+02,  0.0000000E+00,  2.7003564E+02,3546,  1.1039133E+00,  0.0000000E+00, -2.1275692E-02,  1.0002476E+03,  1.4730261E+04,3,
 -2.6659286E+02,  0.0000000E+00,  2.6623416E+02,3507,  7.7950674E-01,  0.0000000E+00, -5.4503717E-02,  1.0017284E+03,  1.0330112E+05,3,
 -2.6541211E+02,  0.0000000E+00,  2.7082431E+02,3548,  1.1867698E+00,  0.0000000E+00, -9.1720670E-02,  1.0002225E+03,  1.3240262E+04,3,
 -2.6485712E+02,  0.0000000E+00,  2.6838031E+02,3517,  9.2974281E-01,  0.0000000E+00, -8.9060366E-02,  1.0008734E+03,  5.2067617E+04,3,
 -2.6387494E+02,  0.0000000E+00,  2.7110471E+02,3549,  1.1291914E+00,  0.0000000E+00, -1.0202316E-01,  1.0002202E+03,  1.3098541E+04,3,
 -2.6476221E+02,  0.0000000E+00,  2.6623917E+02,3518,  8.7063539E-01,  0.0000000E+00, -6.8814419E-02,  1.0004320E+03,  2.5719553E+04,3,
 -2.6312833E+02,  0.0000000E+00,  2.7024731E+02,3547,  1.2295144E+00,  0.0000000E+00, -5.1829543E-02,  1.0002614E+03,  1.5555309E+04,3,
 -2.6298471E+02,  0.0000000E+00,  2.6748645E+02,3527,  9.7387552E-01,  0.0000000E+00,  1.5715307E-01,  1.0006046E+03,  3.6014391E+04,3,
 -2.6174741E+02,  0.0000000E+00,  2.6918094E+02,3537,  1.1057681E+00,  0.0000000E+00, -6.1662272E-02,  1.0005637E+03,  3.3574410E+04,3,
 -2.6272000E+02,  0.0000000E+00,  2.6576740E+02,3509,  6.5704966E-01,  0.0000000E+00, -7.0909478E-02,  1.0021837E+03,  1.3069295E+05,3,
 -2.6132663E+02,  0.0000000E+00,  2.7088351E+02,3539,  1.2461817E+00,  0.0000000E+00, -7.8742370E-02,  1.0002240E+03,  1.3327475E+04,3,
 -2.6039841E+02,  0.0000000E+00,  2.6818640E+02,3528,  1.0185435E+00,  0.0000000E+00, -1.7947166E-01,  1.0004022E+03,  2.3944150E+04,3,
 -2.6033325E+02,  0.0000000E+00,  2.6626373E+02,3499,  8.5063720E-01,  0.0000000E+00, -1.0346258E-01,  1.0010054E+03,  5.9957895E+04,3,
 -2.5969455E+02,  0.0000000E+00,  2.7112302E+02,3540,  1.2454708E+00,  0.0000000E+00, -8.6130112E-02,  1.0002257E+03,  1.3429225E+04,3,
 -2.5906067E+02,  0.0000000E+00,  2.7000821E+02,3538,  1.1164390E+00,  0.0000000E+00, -5.5706855E-02,  1.0002820E+03,  1.6783920E+04,3,
 -2.5816815E+02,  0.0000000E+00,  2.6845822E+02,3519,  1.0216646E+00,  0.0000000E+00, -4.1006897E-02,  1.0006218E+03,  3.7041547E+04,3,
 -2.5742819E+02,  0.0000000E+00,  2.7085776E+02,3530,  1.2481446E+00,  0.0000000E+00, -8.4817775E-02,  1.0002139E+03,  1.2724265E+04,3,
 -2.5843970E+02,  0.0000000E+00,  2.6633151E+02,3489,  9.0241086E-01,  0.0000000E+00,  3.2687712E-02,  1.0017378E+03,  1.0386584E+05,3,
 -2.5631363E+02,  0.0000000E+00,  2.6997693E+02,3529,  1.2618544E+00,  0.0000000E+00, -7.0734178E-03,  1.0002144E+03,  1.2756968E+04,3,
 -2.5533879E+02,  0.0000000E+00,  2.7113751E+02,3531,  1.2121753E+00,  0.0000000E+00, -6.3056625E-02,  1.0002352E+03,  1.3996136E+04,3,
 -2.5596883E+02,  0.0000000E+00,  2.6831717E+02,3510,  9.6139461E-01,  0.0000000E+00, -1.5656278E-01,  1.0006202E+03,  3.6946844E+04,3,
 -2.5618961E+02,  0.0000000E+00,  2.6601212E+02,3480,  1.1058887E+00,  0.0000000E+00, -4.3011993E-02,  1.0012401E+03,  7.4009414E+04,3,
 -2.5460306E+02,  0.0000000E+00,  2.6564008E+02,3471,  9.5212245E-01,  0.0000000E+00, -1.7115120E-02,  1.0011378E+03,  6.7879992E+04,3,
 -2.5429996E+02,  0.0000000E+00,  2.6800394E+02,3500,  9.2239475E-01,  0.0000000E+00, -4.1238442E-02,  1.0006979E+03,  4.1581246E+04,3,
 -2.5383968E+02,  0.0000000E+00,  2.7085217E+02,3521,  1.2106515E+00,  0.0000000E+00, -5.1073365E-02,  1.0002349E+03,  1.3977965E+04,3,
 -2.5293968E+02,  0.0000000E+00,  2.7003720E+02,3520,  1.2236251E+00,  0.0000000E+00,  5.8086831E-03,  1.0002558E+03,  1.5220920E+04,3,
 -2.5278824E+02,  0.0000000E+00,  2.6720078E+02,3443,  1.1243508E+00,  0.0000000E+00,  1.2678619E-01,  1.0010854E+03,  6.4749121E+04,3,
 -2.5145065E+02,  0.0000000E+00,  2.7103458E+02,3522,  1.2479576E+00,  0.0000000E+00, -7.2775334E-02,  1.0002077E+03,  1.2357270E+04,3,
 -2.5135031E+02,  0.0000000E+00,  2.6945023E+02,3490,  1.1561199E+00,  0.0000000E+00,  4.5568191E-02,  1.0004432E+03,  2.6385410E+04,3,
 -2.5206827E+02,  0.0000000E+00,  2.6555011E+02,3425,  8.9076561E-01,  0.0000000E+00, -4.3451082E-02,  1.0021103E+03,  1.2627070E+05,3,
 -2.4974449E+02,  0.0000000E+00,  2.7077499E+02,3512,  1.3176912E+00,  0.0000000E+00, -1.1978306E-01,  1.0002171E+03,  1.2916852E+04,3,
 -2.4965402E+02,  0.0000000E+00,  2.6847272E+02,3491,  1.0315727E+00,  0.0000000E+00, -6.4681135E-03,  1.0006987E+03,  4.1628621E+04,3,
 -2.4848184E+02,  0.0000000E+00,  2.7029874E+02,3511,  1.4089824E+00,  0.0000000E+00, -1.1190369E-01,  1.0002692E+03,  1.6020563E+04,3,
 -2.5055603E+02,  0.0000000E+00,  2.6653638E+02,3462,  9.4388473E-01,  0.0000000E+00, -5.6926064E-02,  1.0000926E+03,  5.5067603E+03,3,
 -2.4897388E+02,  0.0000000E+00,  2.6645782E+02,3434,  9.6045548E-01,  0.0000000E+00,  8.1805609E-02,  1.0020654E+03,  1.2356977E+05,3,
 -2.4706279E+02,  0.0000000E+00,  2.7110043E+02,3513,  1.3052071E+00,  0.0000000E+00, -1.1361327E-01,  1.0002251E+03,  1.3392885E+04,3,
 -2.4704976E+02,  0.0000000E+00,  2.6843628E+02,3481,  1.1857908E+00,  0.0000000E+00, -5.8769025E-02,  1.0003344E+03,  1.9903387E+04,3,
 -2.4640627E+02,  0.0000000E+00,  2.6987616E+02,3501,  1.3717597E+00,  0.0000000E+00, -8.0286674E-02,  1.0003566E+03,  2.1223455E+04,3,
 -2.4680113E+02,  0.0000000E+00,  2.6637695E+02,3453,  9.6736532E-01,  0.0000000E+00, -6.8632059E-02,  1.0008082E+03,  4.8168578E+04,3,
 -2.4498869E+02,  0.0000000E+00,  2.7084412E+02,3503,  1.3251228E+00,  0.0000000E+00, -1.1291667E-01,  1.0002230E+03,  1.3265698E+04,3,
 -2.4457777E+02,  0.0000000E+00,  2.6843002E+02,3482,  1.2468704E+00,  0.0000000E+00, -3.4911066E-02,  1.0006628E+03,  3.9489668E+04,3,
 -2.4374951E+02,  0.0000000E+00,  2.7034811E+02,3502,  1.4402472E+00,  0.0000000E+00, -9.5140457E-02,  1.0002490E+03,  1.4817487E+04,3,
 -2.4490433E+02,  0.0000000E+00,  2.6649622E+02,3444,  9.9889749E-01,  0.0000000E+00,  5.3608164E-02,  1.0015116E+03,  9.0285031E+04,3,
 -2.4237672E+02,  0.0000000E+00,  2.7108536E+02,3504,  1.3713078E+00,  0.0000000E+00, -1.0435877E-01,  1.0002099E+03,  1.2488078E+04,3,
 -2.4233183E+02,  0.0000000E+00,  2.6783884E+02,3472,  1.3500268E+00,  0.0000000E+00, -2.6400071E-02,  1.0007477E+03,  4.4559039E+04,3,
 -2.4171709E+02,  0.0000000E+00,  2.7007672E+02,3492,  1.3553032E+00,  0.0000000E+00, -4.4857703E-02,  1.0002785E+03,  1.6573082E+04,3,
 -2.4301488E+02,  0.0000000E+00,  2.6584485E+02,3463,  8.1450337E-01,  0.0000000E+00, -2.1591124E-01,  1.0012847E+03,  7.6678727E+04,3,
 -2.4095042E+02,  0.0000000E+00,  2.6641797E+02,3454,  1.0380282E+00,  0.0000000E+00,  6.6654310E-02,  1.0010032E+03,  5.9826461E+04,3,
 -2.4026057E+02,  0.0000000E+00,  2.6897995E+02,3483,  1.3388985E+00,  0.0000000E+00, -1.5981536E-02,  1.0005676E+03,  3.3803816E+04,3,
 -2.4008954E+02,  0.0000000E+00,  2.7080051E+02,3494,  1.4715686E+00,  0.0000000E+00, -1.2186984E-01,  1.0002173E+03,  1.2931387E+04,3,
 -2.3855283E+02,  0.0000000E+00,  2.7103571E+02,3495,  1.4913597E+00,  0.0000000E+00, -1.2468386E-01,  1.0002322E+03,  1.3818064E+04,3,
 -2.3848715E+02,  0.0000000E+00,  2.6812836E+02,3473,  1.4894532E+00,  0.0000000E+00, -8.8304393E-02,  1.0005525E+03,  3.2904430E+04,3,
 -2.3928357E+02,  0.0000000E+00,  2.6629138E+02,3435,  9.5151389E-01,  0.0000000E+00,  1.6465303E-01,  1.0013712E+03,  8.1865828E+04,3,
 -2.3743245E+02,  0.0000000E+00,  2.7023059E+02,3493,  1.4587115E+00,  0.0000000E+00, -9.2506453E-02,  1.0002841E+03,  1.6903881E+04,3,
 -2.3649799E+02,  0.0000000E+00,  2.6834537E+02,3474,  1.4671800E+00,  0.0000000E+00, -3.6823116E-02,  1.0005806E+03,  3.4583105E+04,3,
 -2.3619566E+02,  0.0000000E+00,  2.7082919E+02,3485,  1.4852563E+00,  0.0000000E+00, -8.8588990E-02,  1.0002139E+03,  1.2724265E+04,3,
 -2.3513753E+02,  0.0000000E+00,  2.6996487E+02,3484,  1.4986463E+00,  0.0000000E+00, -5.7846986E-02,  1.0003065E+03,  1.8241730E+04,3,
 -2.3652582E+02,  0.0000000E+00,  2.6650720E+02,3426,  1.0621099E+00,  0.0000000E+00, -1.6358794E-01,  1.0010588E+03,  6.3153008E+04,3,
 -2.3442924E+02,  0.0000000E+00,  2.6679263E+02,3417,  1.1415273E+00,  0.0000000E+00, -3.8544606E-02,  1.0012589E+03,  7.5131898E+04,3,
 -2.3387239E+02,  0.0000000E+00,  2.7100916E+02,3486,  1.4845512E+00,  0.0000000E+00, -8.3546899E-02,  1.0002178E+03,  1.2960457E+04,3,
 -2.3348424E+02,  0.0000000E+00,  2.6890915E+02,3464,  1.5494697E+00,  0.0000000E+00, -3.7406132E-02,  1.0005416E+03,  3.2256342E+04,3,
 -2.3313889E+02,  0.0000000E+00,  2.6585947E+02,3427,  9.5925522E-01,  0.0000000E+00, -1.3826090E-01,  1.0010473E+03,  6.2466430E+04,3,
 -2.3227917E+02,  0.0000000E+00,  2.7075726E+02,3476,  1.4962686E+00,  0.0000000E+00, -8.1809871E-02,  1.0002357E+03,  1.4025209E+04,3,
 -2.3187813E+02,  0.0000000E+00,  2.6804828E+02,3465,  1.4221606E+00,  0.0000000E+00, -7.1794115E-02,  1.0005158E+03,  3.0716389E+04,3,
 -2.3119214E+02,  0.0000000E+00,  2.7019989E+02,3475,  1.5192384E+00,  0.0000000E+00, -8.2769655E-02,  1.0003057E+03,  1.8194467E+04,3,
 -2.2987450E+02,  0.0000000E+00,  2.7105869E+02,3477,  1.5017538E+00,  0.0000000E+00, -9.6318863E-02,  1.0002311E+03,  1.3749017E+04,3,
 -2.3137268E+02,  0.0000000E+00,  2.6590402E+02,3408,  1.0845642E+00,  0.0000000E+00,  7.0131496E-02,  1.0014198E+03,  8.4778805E+04,3,
 -2.2935443E+02,  0.0000000E+00,  2.6934265E+02,3455,  1.5887189E+00,  0.0000000E+00,  1.3902680E-02,  1.0003749E+03,  2.2314555E+04,3,
 -2.2978940E+02,  0.0000000E+00,  2.6731131E+02,3445,  1.2759387E+00,  0.0000000E+00, -9.4964147E-02,  1.0009944E+03,  5.9304395E+04,3,
 -2.2810765E+02,  0.0000000E+00,  2.7083435E+02,3467,  1.5582207E+00,  0.0000000E+00, -7.3027223E-02,  1.0002236E+03,  1.3302037E+04,3,
 -2.2779024E+02,  0.0000000E+00,  2.6708487E+02,3436,  1.3626916E+00,  0.0000000E+00, -2.2557992E-02,  1.0008112E+03,  4.8347266E+04,3,
 -2.2906181E+02,  0.0000000E+00,  2.6551993E+02,3399,  9.3234181E-01,  0.0000000E+00, -3.8177568E-02,  1.0013609E+03,  8.1247477E+04,3,
 -2.2721173E+02,  0.0000000E+00,  2.7017096E+02,3466,  1.6028553E+00,  0.0000000E+00, -2.0960692E-02,  1.0002776E+03,  1.6522191E+04,3,
 -2.2633205E+02,  0.0000000E+00,  2.6880377E+02,3456,  1.3895891E+00,  0.0000000E+00, -1.3104229E-01,  1.0006509E+03,  3.8779215E+04,3,
 -2.2658766E+02,  0.0000000E+00,  2.6543463E+02,3371,  1.0788077E+00,  0.0000000E+00, -1.7917395E-02,  1.0018827E+03,  1.1257514E+05,3,
 -2.2552130E+02,  0.0000000E+00,  2.7101617E+02,3468,  1.5866519E+00,  0.0000000E+00, -5.4342482E-02,  1.0002300E+03,  1.3687238E+04,3,
 -2.2540996E+02,  0.0000000E+00,  2.6721954E+02,3446,  1.3513452E+00,  0.0000000E+00, -1.8644632E-01,  1.0004979E+03,  2.9646207E+04,3,
 -2.2415443E+02,  0.0000000E+00,  2.7075940E+02,3458,  1.6063974E+00,  0.0000000E+00, -6.3903168E-02,  1.0002390E+03,  1.4217821E+04,3,
 -2.2397192E+02,  0.0000000E+00,  2.6887473E+02,3447,  1.3775593E+00,  0.0000000E+00,  5.8324918E-02,  1.0004653E+03,  2.7702701E+04,3,
 -2.2260013E+02,  0.0000000E+00,  2.7020963E+02,3457,  1.5276529E+00,  0.0000000E+00, -1.1595125E-01,  1.0002849E+03,  1.6954775E+04,3,
 -2.2354083E+02,  0.0000000E+00,  2.6727646E+02,3437,  1.1620481E+00,  0.0000000E+00, -7.6166667E-02,  1.0005744E+03,  3.4211660E+04,3,
 -2.2396985E+02,  0.0000000E+00,  2.6522067E+02,3362,  1.1610030E+00,  0.0000000E+00, -2.1619406E-01,  1.0021536E+03,  1.2887676E+05,3,
 -2.2163660E+02,  0.0000000E+00,  2.7101785E+02,3459,  1.5908084E+00,  0.0000000E+00, -1.2567553E-01,  1.0002205E+03,  1.3120345E+04,3,
 -2.2127802E+02,  0.0000000E+00,  2.6828745E+02,3428,  1.4645209E+00,  0.0000000E+00,  1.0801454E-01,  1.0007093E+03,  4.2262742E+04,3,
 -2.2178540E+02,  0.0000000E+00,  2.6609097E+02,3353,  1.1602336E+00,  0.0000000E+00,  1.8960123E-01,  1.0015215E+03,  9.0878305E+04,3,
 -2.1989258E+02,  0.0000000E+00,  2.7075107E+02,3449,  1.7808919E+00,  0.0000000E+00, -5.7129711E-02,  1.0001869E+03,  1.1118307E+04,3,
 -2.1979755E+02,  0.0000000E+00,  2.7009155E+02,3448,  1.6762899E+00,  0.0000000E+00,  9.8593542E-03,  1.0002377E+03,  1.4145137E+04,3,
 -2.1971320E+02,  0.0000000E+00,  2.6642325E+02,3381,  1.1574827E+00,  0.0000000E+00, -9.1449246E-02,  1.0010808E+03,  6.4471516E+04,3,
 -2.1878247E+02,  0.0000000E+00,  2.6833130E+02,3418,  1.3817457E+00,  0.0000000E+00, -9.6452937E-02,  1.0008124E+03,  4.8423848E+04,3,
 -2.1691568E+02,  0.0000000E+00,  2.7008517E+02,3438,  1.8031104E+00,  0.0000000E+00, -5.8272578E-02,  1.0002348E+03,  1.3970696E+04,3,
 -2.1752831E+02,  0.0000000E+00,  2.7104825E+02,3450,  1.5068132E+00,  0.0000000E+00, -1.0269886E-01,  1.0002229E+03,  1.3262064E+04,3,
 -2.1813124E+02,  0.0000000E+00,  2.6574792E+02,3390,  1.1891409E+00,  0.0000000E+00, -8.2308933E-02,  1.0012542E+03,  7.4850352E+04,3,
 -2.1684926E+02,  0.0000000E+00,  2.6793015E+02,3409,  1.3895886E+00,  0.0000000E+00, -1.0826405E-02,  1.0007132E+03,  4.2495992E+04,3,
 -2.1545674E+02,  0.0000000E+00,  2.7087015E+02,3440,  1.6691507E+00,  0.0000000E+00, -1.3845618E-01,  1.0002245E+03,  1.3360180E+04,3,
 -2.1449690E+02,  0.0000000E+00,  2.7046906E+02,3439,  1.7057054E+00,  0.0000000E+00, -1.2083511E-01,  1.0002246E+03,  1.3363813E+04,3,
 -2.1620952E+02,  0.0000000E+00,  2.6575699E+02,3344,  1.2212708E+00,  0.0000000E+00,  2.6460445E-01,  1.0015689E+03,  9.3724297E+04,3,
 -2.1499483E+02,  0.0000000E+00,  2.6780054E+02,3410,  1.5517993E+00,  0.0000000E+00, -9.2852257E-02,  1.0006885E+03,  4.1023691E+04,3,
 -2.1382362E+02,  0.0000000E+00,  2.6636307E+02,3335,  1.3021312E+00,  0.0000000E+00, -3.8593747E-02,  1.0014274E+03,  8.5236320E+04,3,
 -2.1364059E+02,  0.0000000E+00,  2.6981879E+02,3429,  1.7021804E+00,  0.0000000E+00, -5.0222147E-02,  1.0002648E+03,  1.5755220E+04,3,
 -2.1235143E+02,  0.0000000E+00,  2.6900024E+02,3419,  1.8070921E+00,  0.0000000E+00,  1.2413207E-01,  1.0005676E+03,  3.3807457E+04,3,
 -2.1195451E+02,  0.0000000E+00,  2.7098715E+02,3441,  1.7618324E+00,  0.0000000E+00, -7.7388942E-02,  1.0002142E+03,  1.2742434E+04,3,
 -2.1221112E+02,  0.0000000E+00,  2.6571490E+02,3372,  1.2475157E+00,  0.0000000E+00, -1.1908866E-01,  1.0011989E+03,  7.1538188E+04,3,
 -2.1055350E+02,  0.0000000E+00,  2.7069174E+02,3431,  1.7590292E+00,  0.0000000E+00, -9.5875427E-02,  1.0002524E+03,  1.5021019E+04,3,
 -2.1121037E+02,  0.0000000E+00,  2.6784949E+02,3400,  1.3731042E+00,  0.0000000E+00, -2.5181302E-01,  1.0006055E+03,  3.6069027E+04,3,
 -2.0945837E+02,  0.0000000E+00,  2.7033517E+02,3430,  1.7166020E+00,  0.0000000E+00, -1.3872205E-01,  1.0002950E+03,  1.7558242E+04,3,
 -2.1029291E+02,  0.0000000E+00,  2.6551697E+02,3326,  1.2548667E+00,  0.0000000E+00,  2.9634295E-02,  1.0019923E+03,  1.1916901E+05,3,
 -2.0968964E+02,  0.0000000E+00,  2.6767227E+02,3401,  1.4875642E+00,  0.0000000E+00,  1.4835105E-02,  1.0004561E+03,  2.7153201E+04,3,
 -2.0780545E+02,  0.0000000E+00,  2.7098944E+02,3432,  1.9277908E+00,  0.0000000E+00, -1.5346825E-01,  1.0002172E+03,  1.2920485E+04,3,
 -2.0782483E+02,  0.0000000E+00,  2.6972952E+02,3420,  1.6958572E+00,  0.0000000E+00, -1.0502986E-01,  1.0002990E+03,  1.7794549E+04,3,
 -2.0780505E+02,  0.0000000E+00,  2.6741653E+02,3382,  1.6306269E+00,  0.0000000E+00,  1.7203006E-01,  1.0011500E+03,  6.8610797E+04,3,
 -2.0811868E+02,  0.0000000E+00,  2.6544214E+02,3299,  9.9715811E-01,  0.0000000E+00, -2.5218385E-01,  1.0012917E+03,  7.7102961E+04,3,
 -2.0608495E+02,  0.0000000E+00,  2.6499442E+02,3290,  1.1710659E+00,  0.0000000E+00,  1.3285553E-01,  1.0015989E+03,  9.5523148E+04,3,
 -2.0581538E+02,  0.0000000E+00,  2.7075574E+02,3422,  1.9116296E+00,  0.0000000E+00, -8.5158922E-02,  1.0002213E+03,  1.3163950E+04,3,
 -2.0580217E+02,  0.0000000E+00,  2.6931842E+02,3411,  1.8367949E+00,  0.0000000E+00,  5.4568134E-02,  1.0003262E+03,  1.9416133E+04,3,
 -2.0578798E+02,  0.0000000E+00,  2.6723410E+02,3383,  1.2716868E+00,  0.0000000E+00, -2.8775555E-01,  1.0007321E+03,  4.3622234E+04,3,
 -2.0423152E+02,  0.0000000E+00,  2.7020651E+02,3421,  1.8900975E+00,  0.0000000E+00, -4.5485996E-02,  1.0003223E+03,  1.9183422E+04,3,
 -2.0317876E+02,  0.0000000E+00,  2.7098260E+02,3423,  1.9179035E+00,  0.0000000E+00, -5.5423103E-02,  1.0002482E+03,  1.4770240E+04,3,
 -2.0433652E+02,  0.0000000E+00,  2.6654358E+02,3317,  1.3423989E+00,  0.0000000E+00, -3.1667206E-02,  1.0012452E+03,  7.4312875E+04,3,
 -2.0310056E+02,  0.0000000E+00,  2.6869177E+02,3402,  1.5556282E+00,  0.0000000E+00, -2.2772050E-01,  1.0003901E+03,  2.3223895E+04,3,
 -2.0157285E+02,  0.0000000E+00,  2.7067371E+02,3413,  1.8126309E+00,  0.0000000E+00, -7.9679832E-02,  1.0002546E+03,  1.5148229E+04,3,
 -2.0301193E+02,  0.0000000E+00,  2.6561581E+02,3308,  1.4226617E+00,  0.0000000E+00, -4.8414830E-02,  1.0014566E+03,  8.6986055E+04,3,
 -2.0154652E+02,  0.0000000E+00,  2.6821329E+02,3392,  1.5828696E+00,  0.0000000E+00, -3.2983117E-02,  1.0005741E+03,  3.4193453E+04,3,
 -2.0126329E+02,  0.0000000E+00,  2.6593091E+02,3336,  1.5211115E+00,  0.0000000E+00, -3.8949847E-02,  1.0013888E+03,  8.2919672E+04,3,
 -2.0043842E+02,  0.0000000E+00,  2.6997406E+02,3412,  1.7027549E+00,  0.0000000E+00, -1.4510554E-01,  1.0003140E+03,  1.8688932E+04,3,
 -1.9969974E+02,  0.0000000E+00,  2.6701514E+02,3354,  1.4828790E+00,  0.0000000E+00, -1.9590257E-01,  1.0008987E+03,  5.3581688E+04,3,
 -1.9919846E+02,  0.0000000E+00,  2.7098611E+02,3414,  1.9058340E+00,  0.0000000E+00, -1.3618152E-01,  1.0002138E+03,  1.2720631E+04,3,
 -1.9910428E+02,  0.0000000E+00,  2.6519891E+02,3346,  1.4179281E+00,  0.0000000E+00, -3.5569318E-02,  1.0015159E+03,  9.0545039E+04,3,
 -1.9868309E+02,  0.0000000E+00,  2.6950549E+02,3393,  1.7581080E+00,  0.0000000E+00, -6.1089098E-02,  1.0002913E+03,  1.7332846E+04,3,
 -1.9737862E+02,  0.0000000E+00,  2.7076385E+02,3404,  1.8251641E+00,  0.0000000E+00, -9.4944961E-02,  1.0002022E+03,  1.2030256E+04,3,
 -1.9764638E+02,  0.0000000E+00,  2.6762033E+02,3345,  1.6567092E+00,  0.0000000E+00,  3.7906464E-02,  1.0011573E+03,  6.9049305E+04,3,
 -1.9588193E+02,  0.0000000E+00,  2.7054193E+02,3403,  1.9513439E+00,  0.0000000E+00, -4.6818718E-02,  1.0001732E+03,  1.0304526E+04,3,
 -1.9709235E+02,  0.0000000E+00,  2.6606372E+02,3318,  1.6142784E+00,  0.0000000E+00,  1.7980519E-01,  1.0006549E+03,  3.9016027E+04,3,
 -1.9590196E+02,  0.0000000E+00,  2.6943054E+02,3373,  1.7748107E+00,  0.0000000E+00,  1.0758378E-01,  1.0003733E+03,  2.2219988E+04,3,
 -1.9426430E+02,  0.0000000E+00,  2.7106204E+02,3405,  2.0127001E+00,  0.0000000E+00, -7.9761170E-02,  1.0002222E+03,  1.3218458E+04,3,
 -1.9478001E+02,  0.0000000E+00,  2.6771277E+02,3327,  1.6338463E+00,  0.0000000E+00,  8.9389682E-02,  1.0008555E+03,  5.0998785E+04,3,
 -1.9440869E+02,  0.0000000E+00,  2.6624033E+02,3281,  1.3506863E+00,  0.0000000E+00, -1.3044716E-01,  1.0016219E+03,  9.6908227E+04,3,
 -1.9348535E+02,  0.0000000E+00,  2.6959625E+02,3374,  1.9260554E+00,  0.0000000E+00,  7.4870639E-02,  1.0002289E+03,  1.3618191E+04,3,
 -1.9289801E+02,  0.0000000E+00,  2.6561859E+02,3356,  1.5988210E+00,  0.0000000E+00,  1.3636824E-01,  1.0002109E+03,  1.2546216E+04,3,
 -1.9251433E+02,  0.0000000E+00,  2.7073343E+02,3395,  2.0034056E+00,  0.0000000E+00, -8.3911285E-02,  1.0002037E+03,  1.2117458E+04,3,
 -1.9162367E+02,  0.0000000E+00,  2.6858041E+02,3364,  1.7711800E+00,  0.0000000E+00, -2.9919518E-02,  1.0006077E+03,  3.6200148E+04,3,
 -1.9098143E+02,  0.0000000E+00,  2.7035248E+02,3394,  2.0375063E+00,  0.0000000E+00, -9.0134688E-02,  1.0002156E+03,  1.2829643E+04,3,
 -1.9132043E+02,  0.0000000E+00,  2.6669504E+02,3355,  1.3814595E+00,  0.0000000E+00, -1.3056931E-01,  1.0020616E+03,  1.2333830E+05,3,
 -1.8975682E+02,  0.0000000E+00,  2.7083481E+02,3396,  2.1325784E+00,  0.0000000E+00, -9.8565675E-02,  1.0002189E+03,  1.3022231E+04,3,
 -1.8900363E+02,  0.0000000E+00,  2.6902496E+02,3384,  1.8357482E+00,  0.0000000E+00, -1.2995806E-01,  1.0005887E+03,  3.5063820E+04,3,
 -1.8794360E+02,  0.0000000E+00,  2.7055460E+02,3386,  2.1132119E+00,  0.0000000E+00, -6.6373877E-02,  1.0002474E+03,  1.4719358E+04,3,
 -1.9016870E+02,  0.0000000E+00,  2.6555939E+02,3347,  1.4588127E+00,  0.0000000E+00, -1.3964240E-01,  1.0004045E+03,  2.4082389E+04,3,
 -1.8884914E+02,  0.0000000E+00,  2.6730133E+02,3375,  1.5426838E+00,  0.0000000E+00, -7.7830844E-02,  1.0000627E+03,  3.7277095E+03,3,
 -1.8796973E+02,  0.0000000E+00,  2.6546753E+02,3337,  1.4073138E+00,  0.0000000E+00, -8.7016225E-02,  1.0026347E+03,  1.5789778E+05,3,
 -1.8714565E+02,  0.0000000E+00,  2.6787906E+02,3365,  1.5972046E+00,  0.0000000E+00, -1.8087167E-01,  1.0005970E+03,  3.5559125E+04,3,
 -1.8662181E+02,  0.0000000E+00,  2.7011346E+02,3385,  1.9524856E+00,  0.0000000E+00, -7.8913674E-02,  1.0003172E+03,  1.8878000E+04,3,
 -1.8545010E+02,  0.0000000E+00,  2.7083398E+02,3387,  2.0908184E+00,  0.0000000E+00, -1.2052518E-01,  1.0002455E+03,  1.4606691E+04,3,
 -1.8581598E+02,  0.0000000E+00,  2.6571298E+02,3263,  1.4793056E+00,  0.0000000E+00, -2.0298168E-02,  1.0010888E+03,  6.4950020E+04,3,
 -1.8538963E+02,  0.0000000E+00,  2.6833096E+02,3366,  1.6337045E+00,  0.0000000E+00,  7.4484065E-02,  1.0004102E+03,  2.4417076E+04,3,
 -1.8383092E+02,  0.0000000E+00,  2.7060080E+02,3377,  2.1061392E+00,  0.0000000E+00, -1.1829804E-01,  1.0002203E+03,  1.3109442E+04,3,
 -1.8420926E+02,  0.0000000E+00,  2.6685800E+02,3309,  1.6473783E+00,  0.0000000E+00,  6.0182080E-02,  1.0011254E+03,  6.7141938E+04,3,
 -1.8334543E+02,  0.0000000E+00,  2.6981393E+02,3376,  2.0149159E+00,  0.0000000E+00, -9.5454305E-02,  1.0002643E+03,  1.5726142E+04,3,
 -1.8353593E+02,  0.0000000E+00,  2.6520090E+02,3254,  1.4693046E+00,  0.0000000E+00,  7.5198337E-02,  1.0017145E+03,  1.0246512E+05,3,
 -1.8177837E+02,  0.0000000E+00,  2.6967242E+02,3357,  2.2319002E+00,  0.0000000E+00,  4.6865223E-03,  1.0002842E+03,  1.6911152E+04,3,
 -1.8110452E+02,  0.0000000E+00,  2.7092291E+02,3378,  2.0689094E+00,  0.0000000E+00, -8.2616292E-02,  1.0002622E+03,  1.5602560E+04,3,
 -1.8224265E+02,  0.0000000E+00,  2.6762198E+02,3328,  1.5770868E+00,  0.0000000E+00,  2.7645625E-02,  1.0008101E+03,  4.8281625E+04,3,
 -1.8089787E+02,  0.0000000E+00,  2.6637665E+02,3245,  1.7704868E+00,  0.0000000E+00, -4.5688409E-02,  1.0015623E+03,  9.3325000E+04,3,
 -1.7976875E+02,  0.0000000E+00,  2.7061169E+02,3368,  2.1866577E+00,  0.0000000E+00, -8.2231507E-02,  1.0003157E+03,  1.8790736E+04,3,
 -1.7960475E+02,  0.0000000E+00,  2.6863763E+02,3348,  1.7604967E+00,  0.0000000E+00, -1.7185350E-01,  1.0000197E+03,  1.1686149E+03,3,
 -1.7902989E+02,  0.0000000E+00,  2.6604364E+02,3319,  1.7996441E+00,  0.0000000E+00, -5.7581834E-02,  1.0015012E+03,  8.9662500E+04,3,
 -1.7814848E+02,  0.0000000E+00,  2.7017950E+02,3367,  2.0630929E+00,  0.0000000E+00, -8.8077642E-02,  1.0003095E+03,  1.8419881E+04,3,
 -1.7818202E+02,  0.0000000E+00,  2.6809647E+02,3338,  1.9486996E+00,  0.0000000E+00, -8.6076945E-02,  1.0006774E+03,  4.0356855E+04,3,
 -1.7684151E+02,  0.0000000E+00,  2.7090805E+02,3369,  2.1121945E+00,  0.0000000E+00, -8.2508169E-02,  1.0002086E+03,  1.2411772E+04,3,
 -1.7625217E+02,  0.0000000E+00,  2.6989584E+02,3358,  2.0090616E+00,  0.0000000E+00, -4.5627937E-02,  1.0002787E+03,  1.6583988E+04,3,
 -1.7685217E+02,  0.0000000E+00,  2.6647058E+02,3236,  1.6283042E+00,  0.0000000E+00, -6.8688177E-02,  1.0008714E+03,  5.1947230E+04,3,
 -1.7517940E+02,  0.0000000E+00,  2.6861423E+02,3339,  1.9883085E+00,  0.0000000E+00,  6.8990119E-02,  1.0005876E+03,  3.5001910E+04,3,
 -1.7455832E+02,  0.0000000E+00,  2.7056247E+02,3359,  2.1074374E+00,  0.0000000E+00, -8.9182235E-02,  1.0001760E+03,  1.0468004E+04,3,
 -1.7497226E+02,  0.0000000E+00,  2.6636038E+02,3282,  1.6342720E+00,  0.0000000E+00,  7.4425057E-02,  1.0014590E+03,  8.7132492E+04,3,
 -1.7419670E+02,  0.0000000E+00,  2.6527740E+02,3310,  1.6952885E+00,  0.0000000E+00,  9.8264247E-02,  1.0006587E+03,  3.9241914E+04,3,
 -1.7325748E+02,  0.0000000E+00,  2.6990924E+02,3349,  2.1868708E+00,  0.0000000E+00, -4.3243002E-02,  1.0002179E+03,  1.2964091E+04,3,
 -1.7292645E+02,  0.0000000E+00,  2.6766916E+02,3291,  1.7698518E+00,  0.0000000E+00, -3.3123022E-01,  1.0009055E+03,  5.3983047E+04,3,
 -1.7232201E+02,  0.0000000E+00,  2.7083789E+02,3360,  2.1423066E+00,  0.0000000E+00, -7.7789091E-02,  1.0002396E+03,  1.4257798E+04,3,
 -1.7203867E+02,  0.0000000E+00,  2.6626578E+02,3218,  1.7195823E+00,  0.0000000E+00, -1.3144167E-01,  1.0013181E+03,  7.8683016E+04,3,
 -1.7082912E+02,  0.0000000E+00,  2.7067172E+02,3350,  2.1938989E+00,  0.0000000E+00, -6.8366915E-02,  1.0002252E+03,  1.3400153E+04,3,
 -1.7056511E+02,  0.0000000E+00,  2.6883096E+02,3329,  1.7554508E+00,  0.0000000E+00,  2.1384092E-01,  1.0003322E+03,  1.9772480E+04,3,
 -1.6929597E+02,  0.0000000E+00,  2.7005191E+02,3340,  2.3175080E+00,  0.0000000E+00, -7.3516272E-02,  1.0002189E+03,  1.3025865E+04,3,
 -1.6980844E+02,  0.0000000E+00,  2.6784085E+02,3330,  1.8843281E+00,  0.0000000E+00,  1.4738217E-01,  1.0005983E+03,  3.5635609E+04,3,
 -1.6814996E+02,  0.0000000E+00,  2.7087097E+02,3351,  2.3566442E+00,  0.0000000E+00, -1.0284065E-01,  1.0002070E+03,  1.2313667E+04,3,
 -1.6943907E+02,  0.0000000E+00,  2.6601849E+02,3273,  1.5176945E+00,  0.0000000E+00,  1.6160940E-01,  1.0013071E+03,  7.8024633E+04,3,
 -1.6738779E+02,  0.0000000E+00,  2.6872128E+02,3320,  1.9956900E+00,  0.0000000E+00,  1.4330249E-02,  1.0005974E+03,  3.5580980E+04,3,
 -1.6662988E+02,  0.0000000E+00,  2.7057950E+02,3341,  2.3907592E+00,  0.0000000E+00, -7.6033808E-02,  1.0001939E+03,  1.1536121E+04,3,
 -1.6692392E+02,  0.0000000E+00,  2.6686044E+02,3255,  1.3610610E+00,  0.0000000E+00, -1.7605221E-01,  1.0009888E+03,  5.8964883E+04,3,
 -1.6597940E+02,  0.0000000E+00,  2.6573389E+02,3246,  1.6782817E+00,  0.0000000E+00, -2.0462526E-01,  1.0018733E+03,  1.1200995E+05,3,
 -1.6555644E+02,  0.0000000E+00,  2.7004181E+02,3331,  2.3452184E+00,  0.0000000E+00, -4.6110012E-02,  1.0002020E+03,  1.2019355E+04,3,
 -1.6490369E+02,  0.0000000E+00,  2.6866376E+02,3321,  1.9407773E+00,  0.0000000E+00, -1.1268774E-01,  1.0002516E+03,  1.4973771E+04,3,
 -1.6377403E+02,  0.0000000E+00,  2.7070151E+02,3342,  2.3468542E+00,  0.0000000E+00, -9.7545348E-02,  1.0001797E+03,  1.0689610E+04,3,
 -1.6417198E+02,  0.0000000E+00,  2.6585162E+02,3200,  1.6655203E+00,  0.0000000E+00,  1.8038262E-01,  1.0001453E+03,  8.6408438E+03,3,
 -1.6335976E+02,  0.0000000E+00,  2.6792447E+02,3292,  1.7605698E+00,  0.0000000E+00, -1.9482787E-01,  1.0013585E+03,  8.1104789E+04,3,
 -1.6244002E+02,  0.0000000E+00,  2.7044821E+02,3332,  2.3052385E+00,  0.0000000E+00, -8.5173890E-02,  1.0001702E+03,  1.0126521E+04,3,
 -1.6138684E+02,  0.0000000E+00,  2.7013339E+02,3322,  2.2992227E+00,  0.0000000E+00, -5.6744635E-02,  1.0002059E+03,  1.2248264E+04,3,
 -1.6192458E+02,  0.0000000E+00,  2.6688837E+02,3264,  1.7946289E+00,  0.0000000E+00, -1.3396373E-01,  1.0008990E+03,  5.3599930E+04,3,
 -1.6208205E+02,  0.0000000E+00,  2.6524612E+02,3274,  1.6441215E+00,  0.0000000E+00,  1.4284294E-02,  1.0017584E+03,  1.0510170E+05,3,
 -1.5987778E+02,  0.0000000E+00,  2.6962076E+02,3311,  2.1561215E+00,  0.0000000E+00,  3.6450036E-02,  1.0001972E+03,  1.1732318E+04,3,
 -1.6000571E+02,  0.0000000E+00,  2.6745053E+02,3293,  2.0307074E+00,  0.0000000E+00,  3.2416186E-01,  1.0003947E+03,  2.3493076E+04,3,
 -1.5969997E+02,  0.0000000E+00,  2.7082031E+02,3333,  2.3532286E+00,  0.0000000E+00, -1.0519590E-01,  1.0002103E+03,  1.2513514E+04,3,
 -1.5957976E+02,  0.0000000E+00,  2.6569775E+02,3237,  1.6461705E+00,  0.0000000E+00,  2.3703137E-01,  1.0016869E+03,  1.0080800E+05,3,
 -1.5819620E+02,  0.0000000E+00,  2.6844580E+02,3301,  2.2490296E+00,  0.0000000E+00, -4.7659658E-02,  1.0009404E+03,  5.6074020E+04,3,
 -1.5782559E+02,  0.0000000E+00,  2.7047733E+02,3323,  2.4267576E+00,  0.0000000E+00, -1.4961687E-01,  1.0001325E+03,  7.8817456E+03,3,
 -1.5659819E+02,  0.0000000E+00,  2.7027863E+02,3313,  2.4919603E+00,  0.0000000E+00, -1.3168775E-01,  1.0001379E+03,  8.2013594E+03,3,
 -1.5699049E+02,  0.0000000E+00,  2.6591739E+02,3219,  1.6085734E+00,  0.0000000E+00, -1.6761493E-02,  1.0015672E+03,  9.3621727E+04,3,
 -1.5636859E+02,  0.0000000E+00,  2.6752805E+02,3283,  2.2268188E+00,  0.0000000E+00, -1.5982419E-01,  1.0006969E+03,  4.1522938E+04,3,
 -1.5535501E+02,  0.0000000E+00,  2.6957855E+02,3312,  2.3850403E+00,  0.0000000E+00, -6.1317150E-02,  1.0001807E+03,  1.0751370E+04,3,
 -1.5464233E+02,  0.0000000E+00,  2.7073926E+02,3324,  2.3653948E+00,  0.0000000E+00, -1.3669932E-01,  1.0002264E+03,  1.3469198E+04,3,
 -1.5396809E+02,  0.0000000E+00,  2.6710648E+02,3228,  2.1663342E+00,  0.0000000E+00, -8.9505054E-02,  1.0016314E+03,  9.7476242E+04,3,
 -1.5320218E+02,  0.0000000E+00,  2.6927362E+02,3302,  2.4990337E+00,  0.0000000E+00, -1.8115958E-02,  1.0002294E+03,  1.3650897E+04,3,
 -1.5481874E+02,  0.0000000E+00,  2.6556604E+02,3266,  1.5687978E+00,  0.0000000E+00,  1.9660717E-02,  1.0003502E+03,  2.0841600E+04,3,
 -1.5282350E+02,  0.0000000E+00,  2.7045050E+02,3314,  2.4676824E+00,  0.0000000E+00, -1.1551560E-01,  1.0002462E+03,  1.4646670E+04,3,
 -1.5232195E+02,  0.0000000E+00,  2.6543066E+02,3257,  1.5524359E+00,  0.0000000E+00, -5.2986033E-02,  1.0009003E+03,  5.3676551E+04,3,
 -1.5179031E+02,  0.0000000E+00,  2.6689166E+02,3256,  2.1408532E+00,  0.0000000E+00, -2.2981709E-01,  1.0009060E+03,  5.4015883E+04,3,
 -1.5108034E+02,  0.0000000E+00,  2.7069409E+02,3315,  2.4566114E+00,  0.0000000E+00, -8.5785583E-02,  1.0002455E+03,  1.4610326E+04,3,
 -1.5064029E+02,  0.0000000E+00,  2.6924338E+02,3284,  2.4838593E+00,  0.0000000E+00, -1.8904028E-03,  1.0004611E+03,  2.7455240E+04,3,
 -1.4931737E+02,  0.0000000E+00,  2.7027225E+02,3304,  2.5071096E+00,  0.0000000E+00, -8.8280447E-02,  1.0002233E+03,  1.3283868E+04,3,
 -1.4996889E+02,  0.0000000E+00,  2.6562033E+02,3265,  1.7790504E+00,  0.0000000E+00, -8.9766964E-02,  1.0015332E+03,  9.1581484E+04,3,
 -1.4967470E+02,  0.0000000E+00,  2.6745758E+02,3294,  1.9430822E+00,  0.0000000E+00, -6.0586371E-02,  1.0003691E+03,  2.1969027E+04,3,
 -1.4823927E+02,  0.0000000E+00,  2.6963541E+02,3303,  2.4179583E+00,  0.0000000E+00, -8.7991558E-02,  1.0002283E+03,  1.3581852E+04,3,
 -1.4718083E+02,  0.0000000E+00,  2.7073987E+02,3306,  2.5499637E+00,  0.0000000E+00, -1.8268614E-01,  1.0002167E+03,  1.2891416E+04,3,
 -1.4795639E+02,  0.0000000E+00,  2.6594766E+02,3173,  1.7213367E+00,  0.0000000E+00, -1.8394120E-01,  1.0014153E+03,  8.4511617E+04,3,
 -1.4721388E+02,  0.0000000E+00,  2.6792044E+02,3285,  2.2453210E+00,  0.0000000E+00, -1.0469903E-01,  1.0009078E+03,  5.4121699E+04,3,
 -1.4602205E+02,  0.0000000E+00,  2.6617392E+02,3201,  2.2583332E+00,  0.0000000E+00,  6.1971897E-01,  1.0008914E+03,  5.3140211E+04,3,
 -1.4566368E+02,  0.0000000E+00,  2.7045862E+02,3305,  2.6816049E+00,  0.0000000E+00, -1.6457780E-01,  1.0001812E+03,  1.0776801E+04,3,
 -1.4523036E+02,  0.0000000E+00,  2.6907318E+02,3275,  2.2471378E+00,  0.0000000E+00,  1.0113096E-01,  1.0002688E+03,  1.5995119E+04,3,
 -1.4422998E+02,  0.0000000E+00,  2.7012000E+02,3295,  2.8571451E+00,  0.0000000E+00, -1.2417798E-01,  1.0001309E+03,  7.7836846E+03,3,
 -1.4352220E+02,  0.0000000E+00,  2.6801990E+02,3247,  2.6910207E+00,  0.0000000E+00,  1.6730744E-02,  1.0010010E+03,  5.9698680E+04,3,
 -1.4405055E+02,  0.0000000E+00,  2.6600366E+02,3192,  1.8560193E+00,  0.0000000E+00, -1.8076067E-01,  1.0012876E+03,  7.6854273E+04,3,
 -1.4259471E+02,  0.0000000E+00,  2.7064117E+02,3297,  2.5963652E+00,  0.0000000E+00, -1.0410742E-01,  1.0001819E+03,  1.0824030E+04,3,
 -1.4130034E+02,  0.0000000E+00,  2.7037781E+02,3296,  2.7693114E+00,  0.0000000E+00, -1.0330755E-01,  1.0001795E+03,  1.0678712E+04,3,
 -1.4114055E+02,  0.0000000E+00,  2.6877686E+02,3276,  2.5274134E+00,  0.0000000E+00, -5.0535291E-02,  1.0004753E+03,  2.8299543E+04,3,
 -1.4207314E+02,  0.0000000E+00,  2.6638745E+02,3210,  2.0772882E+00,  0.0000000E+00, -1.2613229E-01,  1.0008486E+03,  5.0586605E+04,3,
 -1.3982178E+02,  0.0000000E+00,  2.7008966E+02,3286,  2.7931983E+00,  0.0000000E+00, -1.1064058E-01,  1.0001774E+03,  1.0551560E+04,3,
 -1.4020345E+02,  0.0000000E+00,  2.6662250E+02,3146,  2.0079601E+00,  0.0000000E+00, -1.3088605E-01,  1.0009035E+03,  5.3866285E+04,3,
 -1.3893852E+02,  0.0000000E+00,  2.6918985E+02,3267,  2.5700030E+00,  0.0000000E+00, -5.4778390E-02,  1.0003160E+03,  1.8805281E+04,3,
 -1.3853952E+02,  0.0000000E+00,  2.6616345E+02,3137,  2.0779939E+00,  0.0000000E+00,  9.8244622E-02,  1.0014572E+03,  8.7019000E+04,3,
 -1.3801933E+02,  0.0000000E+00,  2.7053748E+02,3288,  2.8176227E+00,  0.0000000E+00, -1.3557793E-01,  1.0001990E+03,  1.1841319E+04,3,
 -1.3710654E+02,  0.0000000E+00,  2.6786584E+02,3238,  2.6271710E+00,  0.0000000E+00, -1.2852208E-01,  1.0009832E+03,  5.8632680E+04,3,
 -1.3643817E+02,  0.0000000E+00,  2.7023083E+02,3287,  2.7577951E+00,  0.0000000E+00, -8.7381266E-02,  1.0002115E+03,  1.2582552E+04,3,
 -1.3533847E+02,  0.0000000E+00,  2.6993561E+02,3277,  2.8063066E+00,  0.0000000E+00, -5.2539188E-02,  1.0002292E+03,  1.3639995E+04,3,
 -1.3523474E+02,  0.0000000E+00,  2.6747324E+02,3248,  2.4648564E+00,  0.0000000E+00,  2.2759196E-01,  1.0002369E+03,  1.4097893E+04,3,
 -1.3640715E+02,  0.0000000E+00,  2.6563745E+02,3128,  1.5465199E+00,  0.0000000E+00, -2.3720363E-01,  1.0008973E+03,  5.3497770E+04,3,
 -1.3365527E+02,  0.0000000E+00,  2.7057590E+02,3279,  2.9752853E+00,  0.0000000E+00, -7.1777545E-02,  1.0002056E+03,  1.2233729E+04,3,
 -1.3385826E+02,  0.0000000E+00,  2.6927747E+02,3258,  2.7194877E+00,  0.0000000E+00,  5.0936759E-02,  1.0002738E+03,  1.6293185E+04,3,
 -1.3265662E+02,  0.0000000E+00,  2.6761694E+02,3229,  2.4606855E+00,  0.0000000E+00, -8.6352170E-02,  1.0008881E+03,  5.2943195E+04,3,
 -1.3427058E+02,  0.0000000E+00,  2.6584033E+02,3174,  1.7905949E+00,  0.0000000E+00,  2.2810204E-02,  1.0020502E+03,  1.2265126E+05,3,
 -1.3195506E+02,  0.0000000E+00,  2.7017819E+02,3278,  2.9313192E+00,  0.0000000E+00, -2.3432475E-02,  1.0002589E+03,  1.5406286E+04,3,
 -1.3078903E+02,  0.0000000E+00,  2.6996466E+02,3268,  2.8779814E+00,  0.0000000E+00,  2.0990279E-03,  1.0003273E+03,  1.9481584E+04,3,
 -1.3059106E+02,  0.0000000E+00,  2.6763889E+02,3220,  2.6802571E+00,  0.0000000E+00,  1.8578033E-01,  1.0000803E+03,  4.7733169E+03,3,
 -1.3096156E+02,  0.0000000E+00,  2.6582184E+02,3165,  1.6274446E+00,  0.0000000E+00, -1.2392116E-01,  1.0022596E+03,  1.3526430E+05,3,
 -1.2931299E+02,  0.0000000E+00,  2.7052963E+02,3270,  2.9936843E+00,  0.0000000E+00, -8.0353238E-02,  1.0001968E+03,  1.1710519E+04,3,
 -1.2896353E+02,  0.0000000E+00,  2.6936530E+02,3249,  2.6866739E+00,  0.0000000E+00,  3.4591999E-02,  1.0002363E+03,  1.4061551E+04,3,
 -1.2740260E+02,  0.0000000E+00,  2.7017621E+02,3269,  2.9147825E+00,  0.0000000E+00, -2.6093945E-01,  1.0000663E+03,  3.9419048E+03,3,
 -1.2883859E+02,  0.0000000E+00,  2.6627911E+02,3156,  2.2729042E+00,  0.0000000E+00,  4.8472779E-03,  1.0009776E+03,  5.8296844E+04,3,
 -1.2726261E+02,  0.0000000E+00,  2.6777545E+02,3211,  2.4197705E+00,  0.0000000E+00, -5.9170336E-01,  1.0016188E+03,  9.6721344E+04,3,
 -1.2620980E+02,  0.0000000E+00,  2.6997687E+02,3259,  2.9678640E+00,  0.0000000E+00, -2.8397503E-01,  1.0000618E+03,  3.6732539E+03,3,
 -1.2691420E+02,  0.0000000E+00,  2.6565829E+02,3202,  1.8332149E+00,  0.0000000E+00,  4.2899508E-02,  1.0005556E+03,  3.3090129E+04,3,
 -1.2509439E+02,  0.0000000E+00,  2.6749390E+02,3183,  2.4812601E+00,  0.0000000E+00,  4.4402152E-02,  1.0003069E+03,  1.8263545E+04,3,
 -1.2482693E+02,  0.0000000E+00,  2.6952509E+02,3239,  3.1379716E+00,  0.0000000E+00, -8.6777307E-02,  1.0002068E+03,  1.2306400E+04,3,
 -1.2413462E+02,  0.0000000E+00,  2.7047910E+02,3261,  2.9103260E+00,  0.0000000E+00, -1.2648971E-01,  1.0002466E+03,  1.4675745E+04,3,
 -1.2423355E+02,  0.0000000E+00,  2.6588586E+02,3147,  2.2000086E+00,  0.0000000E+00, -6.5580446E-01,  1.0018085E+03,  1.0811682E+05,3,
 -1.2267542E+02,  0.0000000E+00,  2.7019534E+02,3260,  2.8338408E+00,  0.0000000E+00, -1.2790829E-01,  1.0001958E+03,  1.1648753E+04,3,
 -1.2159032E+02,  0.0000000E+00,  2.6999918E+02,3250,  3.0216744E+00,  0.0000000E+00, -2.2416510E-01,  1.0001137E+03,  6.7631802E+03,3,
 -1.2264162E+02,  0.0000000E+00,  2.6679245E+02,3092,  2.2184424E+00,  0.0000000E+00,  2.6914552E-01,  1.0011075E+03,  6.6067844E+04,3,
 -1.2126537E+02,  0.0000000E+00,  2.6825507E+02,3230,  2.3450441E+00,  0.0000000E+00, -2.2668804E-01,  1.0008510E+03,  5.0728859E+04,3,
 -1.2023885E+02,  0.0000000E+00,  2.6955112E+02,3240,  3.2941988E+00,  0.0000000E+00, -2.7000925E-01,  1.0000651E+03,  3.8729263E+03,3,
 -1.2184662E+02,  0.0000000E+00,  2.6531653E+02,3184,  1.9534377E+00,  0.0000000E+00,  1.7059648E-01,  1.0003062E+03,  1.8219916E+04,3,
 -1.1931287E+02,  0.0000000E+00,  2.6741287E+02,3212,  2.4209523E+00,  0.0000000E+00, -2.3350294E-01,  1.0002153E+03,  1.2811474E+04,3,
 -1.1988612E+02,  0.0000000E+00,  2.6555338E+02,3175,  2.3190377E+00,  0.0000000E+00, -2.2586140E-01,  1.0021774E+03,  1.3031057E+05,3,
 -1.1897036E+02,  0.0000000E+00,  2.7030411E+02,3252,  3.0950477E+00,  0.0000000E+00, -8.3181083E-02,  1.0002490E+03,  1.4817487E+04,3,
 -1.1528628E+02,  0.0000000E+00,  2.6502710E+02,3047,  2.3876812E+00,  0.0000000E+00,  5.6198633E-01,  1.0012285E+03,  7.3314773E+04,3,
 -1.1765182E+02,  0.0000000E+00,  2.7001080E+02,3251,  2.9463382E+00,  0.0000000E+00,  8.6073861E-02,  1.0001714E+03,  1.0199176E+04,3,
 -1.1772644E+02,  0.0000000E+00,  2.6666730E+02,3193,  2.6538098E+00,  0.0000000E+00, -5.6077693E-02,  1.0011662E+03,  6.9582844E+04,3,
 -1.1649821E+02,  0.0000000E+00,  2.6996088E+02,3241,  2.8678341E+00,  0.0000000E+00,  2.4281815E-02,  1.0000909E+03,  5.4087227E+03,3,
 -1.1617622E+02,  0.0000000E+00,  2.6765228E+02,3222,  2.0885651E+00,  0.0000000E+00, -1.8815006E-01,  1.0011847E+03,  7.0690219E+04,3,
 -1.1524915E+02,  0.0000000E+00,  2.6953629E+02,3231,  2.7144566E+00,  0.0000000E+00, -7.4644774E-02,  9.9995471E+02, -2.6923706E+03,3,
 -1.1430927E+02,  0.0000000E+00,  2.7032068E+02,3243,  3.1203532E+00,  0.0000000E+00, -2.0044263E-01,  1.0002102E+03,  1.2506246E+04,3,
 -1.1440206E+02,  0.0000000E+00,  2.6763455E+02,3203,  2.6454852E+00,  0.0000000E+00, -1.0855988E-01,  1.0005570E+03,  3.3173875E+04,3,
 -1.1271542E+02,  0.0000000E+00,  2.6993967E+02,3242,  3.0100131E+00,  0.0000000E+00, -2.9923916E-02,  1.0001863E+03,  1.1081976E+04,3,
 -1.1317646E+02,  0.0000000E+00,  2.6646603E+02,3138,  2.7683234E+00,  0.0000000E+00,  5.0144446E-01,  1.0009442E+03,  5.6296645E+04,3,
 -1.1124546E+02,  0.0000000E+00,  2.6880414E+02,3221,  2.8453972E+00,  0.0000000E+00,  1.2016525E-01,  1.0005675E+03,  3.3800176E+04,3,
 -1.1119042E+02,  0.0000000E+00,  2.6995300E+02,3232,  3.0297050E+00,  0.0000000E+00,  3.7342411E-02,  1.0001999E+03,  1.1892187E+04,3,
 -1.1128367E+02,  0.0000000E+00,  2.6647223E+02,3120,  2.4038646E+00,  0.0000000E+00,  6.8180449E-02,  1.0014200E+03,  8.4789781E+04,3,
 -1.0957172E+02,  0.0000000E+00,  2.7040112E+02,3234,  3.0637426E+00,  0.0000000E+00, -1.0925162E-01,  1.0003841E+03,  2.2863785E+04,3,
 -1.0954704E+02,  0.0000000E+00,  2.6872754E+02,3213,  2.9498572E+00,  0.0000000E+00,  6.5080270E-02,  9.9941302E+02, -3.4838938E+04,3,
 -1.0913294E+02,  0.0000000E+00,  2.6630975E+02,3065,  2.2626605E+00,  0.0000000E+00, -9.0884164E-02,  1.0021857E+03,  1.3081061E+05,3,
 -1.0807225E+02,  0.0000000E+00,  2.6995798E+02,3233,  3.0843036E+00,  0.0000000E+00, -2.0064670E-01,  1.0005303E+03,  3.1579170E+04,3,
 -1.0685902E+02,  0.0000000E+00,  2.6843216E+02,3204,  3.2832940E+00,  0.0000000E+00,  1.1726588E-01,  9.9936432E+02, -3.7724293E+04,3,
 -1.0662234E+02,  0.0000000E+00,  2.6981021E+02,3223,  3.0184646E+00,  0.0000000E+00, -1.3739039E-01,  1.0004827E+03,  2.8743557E+04,3,
 -1.0565592E+02,  0.0000000E+00,  2.6666843E+02,3157,  2.5958447E+00,  0.0000000E+00, -5.9044827E-02,  1.0012554E+03,  7.4927141E+04,3,
 -1.0741650E+02,  0.0000000E+00,  2.6588403E+02,3167,  2.1900055E+00,  0.0000000E+00,  4.0130790E-02,  1.0016930E+03,  1.0117459E+05,3,
 -1.0492549E+02,  0.0000000E+00,  2.7024225E+02,3225,  3.0347128E+00,  0.0000000E+00, -1.4385876E-01,  1.0003042E+03,  1.8103574E+04,3,
 -1.0470294E+02,  0.0000000E+00,  2.6904251E+02,3194,  3.2097628E+00,  0.0000000E+00, -1.3551897E-01,  1.0006214E+03,  3.7016051E+04,3,
 -1.0423421E+02,  0.0000000E+00,  2.6555762E+02,3111,  2.2280564E+00,  0.0000000E+00, -9.1427810E-02,  1.0022130E+03,  1.3245798E+05,3,
 -1.0295267E+02,  0.0000000E+00,  2.6995505E+02,3224,  3.2982109E+00,  0.0000000E+00, -1.4963752E-01,  1.0003392E+03,  2.0190658E+04,3,
 -1.0296704E+02,  0.0000000E+00,  2.6767368E+02,3195,  2.6334534E+00,  0.0000000E+00, -1.9388694E-01,  9.9945428E+02, -3.2394039E+04,3,
 -1.0172562E+02,  0.0000000E+00,  2.6970804E+02,3214,  3.3365464E+00,  0.0000000E+00, -7.8008369E-02,  1.0002736E+03,  1.6278645E+04,3,
 -1.0261319E+02,  0.0000000E+00,  2.6517862E+02,3139,  2.1406844E+00,  0.0000000E+00, -2.3997357E-01,  1.0004882E+03,  2.9067482E+04,3,
 -1.0121104E+02,  0.0000000E+00,  2.6839117E+02,3185,  2.8141422E+00,  0.0000000E+00,  1.1924573E-01,  1.0004154E+03,  2.4729945E+04,3,
 -1.0021140E+02,  0.0000000E+00,  2.7010431E+02,3216,  3.2973433E+00,  0.0000000E+00, -4.6747949E-02,  1.0002103E+03,  1.2513514E+04,3,
 -1.0095089E+02,  0.0000000E+00,  2.6639346E+02,3056,  2.5349081E+00,  0.0000000E+00, -1.0882299E-02,  1.0023084E+03,  1.3820753E+05,3,
 -9.8947273E+01,  0.0000000E+00,  2.6973483E+02,3215,  3.1800992E+00,  0.0000000E+00, -6.6489823E-02,  1.0002504E+03,  1.4901080E+04,3,
 -9.9701843E+01,  0.0000000E+00,  2.6522339E+02,3002,  2.5831659E+00,  0.0000000E+00,  1.8122247E-01,  1.0003688E+03,  2.1950842E+04,3,
 -9.7892685E+01,  0.0000000E+00,  2.6500034E+02,3048,  1.8881209E+00,  0.0000000E+00,  1.6941686E-01,  1.0022501E+03,  1.3469047E+05,3,
 -9.8224983E+01,  0.0000000E+00,  2.6730566E+02,3102,  2.4849961E+00,  0.0000000E+00,  1.6488840E-01,  1.0005959E+03,  3.5497211E+04,3,
 -9.7316566E+01,  0.0000000E+00,  2.6979660E+02,3205,  3.3757961E+00,  0.0000000E+00, -1.0014475E-01,  1.0002115E+03,  1.2582552E+04,3,
 -9.7235077E+01,  0.0000000E+00,  2.6902985E+02,3186,  3.2508531E+00,  0.0000000E+00, -1.3918942E-02,  1.0000582E+03,  3.4590642E+03,3,
 -9.6490562E+01,  0.0000000E+00,  2.6611984E+02,3093,  2.7419837E+00,  0.0000000E+00, -2.9008222E-01,  1.0007017E+03,  4.1810836E+04,3,
 -9.5203644E+01,  0.0000000E+00,  2.7019043E+02,3207,  3.3597598E+00,  0.0000000E+00, -5.9296601E-02,  1.0000952E+03,  5.6592651E+03,3,
 -9.5358269E+01,  0.0000000E+00,  2.6863983E+02,3176,  3.1581230E+00,  0.0000000E+00, -6.5223508E-02,  1.0008792E+03,  5.2410543E+04,3,
 -9.3780266E+01,  0.0000000E+00,  2.6981580E+02,3206,  3.3534908E+00,  0.0000000E+00, -7.3055401E-02,  1.0000533E+03,  3.1686453E+03,3,
 -9.4755623E+01,  0.0000000E+00,  2.6543240E+02,3084,  2.3892624E+00,  0.0000000E+00, -2.7765440E-02,  1.0008049E+03,  4.7975309E+04,3,
 -9.3655663E+01,  0.0000000E+00,  2.6732834E+02,3177,  2.4144878E+00,  0.0000000E+00, -2.5340039E-01,  1.0010558E+03,  6.2977707E+04,3,
 -9.2460625E+01,  0.0000000E+00,  2.6954004E+02,3196,  3.2028491E+00,  0.0000000E+00, -1.7852627E-01,  1.0001578E+03,  9.3854707E+03,3,
 -9.2600273E+01,  0.0000000E+00,  2.6649738E+02,3148,  2.6626139E+00,  0.0000000E+00, -4.3446705E-01,  1.0004793E+03,  2.8539744E+04,3,
 -8.5157249E+01,  0.0000000E+00,  2.6501282E+02,2966,  2.4554167E+00,  0.0000000E+00,  8.7338328E-02,  1.0006448E+03,  3.8414898E+04,3,
 -9.1242805E+01,  0.0000000E+00,  2.6986227E+02,3198,  3.1925812E+00,  0.0000000E+00, -2.5308594E-01,  1.0002744E+03,  1.6325899E+04,3,
 -8.9875175E+01,  0.0000000E+00,  2.6957162E+02,3197,  3.3466387E+00,  0.0000000E+00, -2.2398454E-01,  1.0002853E+03,  1.6976586E+04,3,
 -9.0306763E+01,  0.0000000E+00,  2.6739087E+02,3075,  2.7562773E+00,  0.0000000E+00,  3.8383290E-02,  1.0005942E+03,  3.5395234E+04,3,
 -9.0000023E+01,  0.0000000E+00,  2.6558701E+02,3130,  2.1006382E+00,  0.0000000E+00,  1.1181339E-02,  1.0014222E+03,  8.4921547E+04,3,
 -8.8471519E+01,  0.0000000E+00,  2.6952216E+02,3187,  3.3774793E+00,  0.0000000E+00, -1.5402171E-01,  1.0002615E+03,  1.5562578E+04,3,
 -8.7407570E+01,  0.0000000E+00,  2.6900031E+02,3158,  3.5420744E+00,  0.0000000E+00, -9.0819195E-02,  1.0003852E+03,  2.2929260E+04,3,
 -8.8081985E+01,  0.0000000E+00,  2.6722043E+02,3159,  2.6412647E+00,  0.0000000E+00,  1.6651838E-01,  1.0003130E+03,  1.8627123E+04,3,
 -8.6244423E+01,  0.0000000E+00,  2.7000314E+02,3189,  3.5155473E+00,  0.0000000E+00, -4.5323238E-02,  1.0002864E+03,  1.7042021E+04,3,
 -8.5161133E+01,  0.0000000E+00,  2.6825198E+02,3149,  3.0852878E+00,  0.0000000E+00,  2.9704124E-01,  9.9963495E+02, -2.1681441E+04,3,
 -8.6455185E+01,  0.0000000E+00,  2.6608279E+02,3011,  2.4167190E+00,  0.0000000E+00, -9.7394504E-02,  1.0015536E+03,  9.2804844E+04,3,
 -8.4814789E+01,  0.0000000E+00,  2.6968277E+02,3188,  3.5072560E+00,  0.0000000E+00, -2.8427180E-02,  1.0002510E+03,  1.4937425E+04,3,
 -8.3430885E+01,  0.0000000E+00,  2.6945499E+02,3178,  3.4320529E+00,  0.0000000E+00, -1.1289550E-01,  1.0001940E+03,  1.1539755E+04,3,
 -8.3669067E+01,  0.0000000E+00,  2.6644775E+02,3057,  2.5000384E+00,  0.0000000E+00, -9.8446131E-02,  1.0025157E+03,  1.5071481E+05,3,
 -8.2332802E+01,  0.0000000E+00,  2.6878781E+02,3168,  3.5390639E+00,  0.0000000E+00, -1.2504128E-01,  1.0002652E+03,  1.5780664E+04,3,
 -8.1379829E+01,  0.0000000E+00,  2.6990659E+02,3180,  3.5170712E+00,  0.0000000E+00, -2.0794210E-01,  1.0002874E+03,  1.7100186E+04,3,
 -8.1701859E+01,  0.0000000E+00,  2.6632275E+02,3094,  2.8230164E+00,  0.0000000E+00,  1.9229424E-01,  9.9977277E+02, -1.3501652E+04,3,
 -8.0068237E+01,  0.0000000E+00,  2.6849564E+02,3150,  3.4316347E+00,  0.0000000E+00,  2.0527413E-02,  9.9993658E+02, -3.7698396E+03,3,
 -7.9686310E+01,  0.0000000E+00,  2.6966510E+02,3179,  3.8353646E+00,  0.0000000E+00, -1.3287242E-01,  1.0002607E+03,  1.5511692E+04,3,
 -7.9876877E+01,  0.0000000E+00,  2.6609854E+02,2993,  2.2167633E+00,  0.0000000E+00,  1.2505388E-01,  1.0025707E+03,  1.5403109E+05,3,
 -7.8211540E+01,  0.0000000E+00,  2.6956738E+02,3169,  3.7709827E+00,  0.0000000E+00, -1.7125499E-02,  1.0002551E+03,  1.5177305E+04,3,
 -7.7702988E+01,  0.0000000E+00,  2.6842352E+02,3140,  3.4250655E+00,  0.0000000E+00, -1.2919883E-01,  1.0000195E+03,  1.1613560E+03,3,
 -7.7168694E+01,  0.0000000E+00,  2.6636279E+02,2984,  2.9632437E+00,  0.0000000E+00, -2.7131170E-01,  1.0013067E+03,  7.7999023E+04,3,
 -7.6476196E+01,  0.0000000E+00,  2.6994604E+02,3171,  3.3949654E+00,  0.0000000E+00,  2.5506387E-02,  1.0002162E+03,  1.2865979E+04,3,
 -7.5087418E+01,  0.0000000E+00,  2.6968915E+02,3170,  3.7125702E+00,  0.0000000E+00,  3.7846755E-02,  1.0000942E+03,  5.6047988E+03,3,
 -7.1748283E+01,  0.0000000E+00,  2.6503342E+02,3012,  2.3842170E+00,  0.0000000E+00,  3.6959831E-02,  9.9993732E+02, -3.7263079E+03,3,
 -7.4982338E+01,  0.0000000E+00,  2.6841702E+02,3121,  3.5085192E+00,  0.0000000E+00,  2.0489652E-01,  1.0007202E+03,  4.2915129E+04,3,
 -7.4947243E+01,  0.0000000E+00,  2.6641504E+02,3076,  2.8356912E+00,  0.0000000E+00,  9.4947785E-02,  1.0007213E+03,  4.2980734E+04,3,
 -7.3234222E+01,  0.0000000E+00,  2.6962610E+02,3160,  3.5603886E+00,  0.0000000E+00, -1.0202744E-01,  1.0001897E+03,  1.1285431E+04,3,
 -7.2007179E+01,  0.0000000E+00,  2.6990018E+02,3162,  3.6831574E+00,  0.0000000E+00, -2.3748353E-01,  1.0002773E+03,  1.6500381E+04,3,
 -7.2117050E+01,  0.0000000E+00,  2.6831357E+02,3131,  3.3013816E+00,  0.0000000E+00, -1.8697050E-01,  9.9987067E+02, -7.6869209E+03,3,
 -7.1783539E+01,  0.0000000E+00,  2.6676620E+02,3103,  2.9512022E+00,  0.0000000E+00, -1.3846554E-01,  1.0012957E+03,  7.7340688E+04,3,
 -7.4129723E+01,  0.0000000E+00,  2.6520581E+02,2975,  2.1466200E+00,  0.0000000E+00, -1.9753757E-01,  1.0019794E+03,  1.1839044E+05,3,
 -7.0420464E+01,  0.0000000E+00,  2.6941177E+02,3161,  3.8140152E+00,  0.0000000E+00, -2.8034744E-01,  1.0003511E+03,  2.0899785E+04,3,
 -6.9036896E+01,  0.0000000E+00,  2.6933826E+02,3151,  3.6783874E+00,  0.0000000E+00, -2.0796254E-01,  1.0003071E+03,  1.8278088E+04,3,
 -6.9560143E+01,  0.0000000E+00,  2.6525336E+02,3085,  2.7077498E+00,  0.0000000E+00, -2.5139505E-01,  1.0034182E+03,  2.0533227E+05,3,
 -6.9041229E+01,  0.0000000E+00,  2.6695615E+02,3104,  3.0307660E+00,  0.0000000E+00, -1.4800860E-01,  9.9985101E+02, -8.8544912E+03,3,
 -6.8166855E+01,  0.0000000E+00,  2.6901993E+02,3141,  3.5865662E+00,  0.0000000E+00, -2.0911704E-01,  1.0002701E+03,  1.6071452E+04,3,
 -6.6828079E+01,  0.0000000E+00,  2.6885236E+02,3122,  3.4741066E+00,  0.0000000E+00, -9.3279965E-02,  9.9998438E+02, -9.2898682E+02,3,
 -6.7799553E+01,  0.0000000E+00,  2.6503055E+02,3049,  2.4439056E+00,  0.0000000E+00, -1.5320671E-01,  9.9920612E+02, -4.7090453E+04,3,
 -6.6060593E+01,  0.0000000E+00,  2.6967761E+02,3153,  3.8565726E+00,  0.0000000E+00, -1.9944702E-01,  1.0000509E+03,  3.0270691E+03,3,
 -6.6121628E+01,  0.0000000E+00,  2.6678369E+02,3021,  3.2078698E+00,  0.0000000E+00, -4.7302313E-02,  1.0025518E+03,  1.5289239E+05,3,
 -6.5588295E+01,  0.0000000E+00,  2.6528311E+02,3067,  2.8936872E+00,  0.0000000E+00,  3.2011256E-01,  1.0004937E+03,  2.9395057E+04,3,
 -6.4465553E+01,  0.0000000E+00,  2.6928699E+02,3152,  3.9244769E+00,  0.0000000E+00,  2.5414135E-02,  9.9999835E+02, -9.7983185E+01,3,
 -6.3407475E+01,  0.0000000E+00,  2.6923230E+02,3142,  3.8127127E+00,  0.0000000E+00,  9.8253042E-02,  1.0001161E+03,  6.9084414E+03,3,
 -6.3618935E+01,  0.0000000E+00,  2.6650897E+02,3039,  3.0358860E+00,  0.0000000E+00,  1.5290636E-01,  1.0004419E+03,  2.6308998E+04,3,
 -6.2413383E+01,  0.0000000E+00,  2.6900525E+02,3132,  3.7203608E+00,  0.0000000E+00,  1.1322409E-01,  1.0001411E+03,  8.3938584E+03,3,
 -6.1655258E+01,  0.0000000E+00,  2.6659558E+02,3003,  3.3239360E+00,  0.0000000E+00,  1.5341896E-01,  1.0014479E+03,  8.6466227E+04,3,
 -6.1164467E+01,  0.0000000E+00,  2.6954956E+02,3144,  3.7948799E+00,  0.0000000E+00, -6.6601962E-02,  1.0002112E+03,  1.2568018E+04,3,
 -6.0003517E+01,  0.0000000E+00,  2.6872635E+02,3123,  3.8248425E+00,  0.0000000E+00, -1.4404464E-01,  9.9983154E+02, -1.0011048E+04,3,
 -5.8766880E+01,  0.0000000E+00,  2.6924863E+02,3143,  3.7370496E+00,  0.0000000E+00, -2.0606829E-01,  1.0000417E+03,  2.4789341E+03,3,
 -5.8589226E+01,  0.0000000E+00,  2.6694238E+02,3105,  3.5099216E+00,  0.0000000E+00, -5.4070020E-01,  1.0012083E+03,  7.2101102E+04,3,
 -5.9739868E+01,  0.0000000E+00,  2.6561313E+02,3058,  2.4735355E+00,  0.0000000E+00,  1.5956333E-05,  1.0012480E+03,  7.4481062E+04,3,
 -5.7535316E+01,  0.0000000E+00,  2.6922531E+02,3133,  3.8490124E+00,  0.0000000E+00, -1.7620614E-01,  1.0001230E+03,  7.3151836E+03,3,
 -5.6544582E+01,  0.0000000E+00,  2.6893872E+02,3113,  3.9810398E+00,  0.0000000E+00, -7.0137590E-02,  1.0002061E+03,  1.2262798E+04,3,
 -5.6516052E+01,  0.0000000E+00,  2.6604303E+02,3086,  2.6655185E+00,  0.0000000E+00, -2.5273365E-01,  1.0008077E+03,  4.8139406E+04,3,
 -5.5444248E+01,  0.0000000E+00,  2.6767389E+02,3095,  3.3365424E+00,  0.0000000E+00,  2.0121068E-03,  1.0000287E+03,  1.7094181E+03,3,
 -5.4919296E+01,  0.0000000E+00,  2.6949625E+02,3135,  3.7493541E+00,  0.0000000E+00,  4.3588962E-02,  1.0002681E+03,  1.5955136E+04,3,
 -5.4412205E+01,  0.0000000E+00,  2.6560989E+02,2939,  2.7679844E+00,  0.0000000E+00, -4.9861155E-02,  1.0018663E+03,  1.1159157E+05,3,
 -5.3511173E+01,  0.0000000E+00,  2.6912549E+02,3134,  3.5872579E+00,  0.0000000E+00,  3.4573164E-02,  1.0002199E+03,  1.3084006E+04,3,
 -5.2319763E+01,  0.0000000E+00,  2.6916730E+02,3124,  3.7757957E+00,  0.0000000E+00,  3.8461003E-02,  1.0001779E+03,  1.0580623E+04,3,
 -5.1331337E+01,  0.0000000E+00,  2.6896671E+02,3114,  3.8663058E+00,  0.0000000E+00,  6.5430991E-02,  1.0001179E+03,  7.0101255E+03,3,
 -5.2671932E+01,  0.0000000E+00,  2.6598398E+02,3013,  2.9354198E+00,  0.0000000E+00,  2.2693965E-01,  1.0012234E+03,  7.3007688E+04,3,
 -5.0999496E+01,  0.0000000E+00,  2.6833255E+02,3040,  3.3702755E+00,  0.0000000E+00,  5.4568637E-02,  9.9977478E+02, -1.3382058E+04,3,
 -5.0400639E+01,  0.0000000E+00,  2.6622827E+02,2930,  2.9617100E+00,  0.0000000E+00, -5.4937297E-01,  1.0020261E+03,  1.2120017E+05,3,
 -4.9275475E+01,  0.0000000E+00,  2.6948834E+02,3126,  3.5656285E+00,  0.0000000E+00,  4.7526076E-02,  1.0002048E+03,  1.2186494E+04,3,
 -4.8599148E+01,  0.0000000E+00,  2.6582675E+02,2985,  3.5974541E+00,  0.0000000E+00,  2.5548601E-01,  1.0009915E+03,  5.9125508E+04,3,
 -4.7998814E+01,  0.0000000E+00,  2.6931686E+02,3125,  3.5649714E+00,  0.0000000E+00,  1.6652966E-02,  1.0000466E+03,  2.7693328E+03,3,
 -4.6978409E+01,  0.0000000E+00,  2.6917374E+02,3115,  3.6543589E+00,  0.0000000E+00, -1.2433470E-02,  9.9992889E+02, -4.2269121E+03,3,
 -4.7074829E+01,  0.0000000E+00,  2.6715643E+02,2967,  3.0965080E+00,  0.0000000E+00,  3.5591039E-01,  1.0011870E+03,  7.0825445E+04,3,
 -4.5100540E+01,  0.0000000E+00,  2.6956018E+02,3117,  3.8405945E+00,  0.0000000E+00, -1.1375703E-01,  1.0001340E+03,  7.9689121E+03,3,
 -4.4970688E+01,  0.0000000E+00,  2.6884555E+02,3096,  3.8471565E+00,  0.0000000E+00, -6.8900950E-02,  1.0001498E+03,  8.9132617E+03,3,
 -4.5559299E+01,  0.0000000E+00,  2.6603244E+02,3031,  3.1909363E+00,  0.0000000E+00,  6.2965587E-02,  1.0010702E+03,  6.3835980E+04,3,
 -4.3589245E+01,  0.0000000E+00,  2.6810956E+02,3077,  3.7859807E+00,  0.0000000E+00, -3.8310390E-02,  1.0006323E+03,  3.7664449E+04,3,
 -4.2077988E+01,  0.0000000E+00,  2.6920532E+02,3116,  3.8158553E+00,  0.0000000E+00, -1.4518236E-01,  1.0001352E+03,  8.0415513E+03,3,
 -4.2583904E+01,  0.0000000E+00,  2.6593729E+02,3022,  2.7504849E+00,  0.0000000E+00, -1.8591321E-01,  1.0008591E+03,  5.1210355E+04,3,
 -4.2038986E+01,  0.0000000E+00,  2.6802280E+02,3078,  3.5289059E+00,  0.0000000E+00, -1.2366959E-01,  1.0001666E+03,  9.9121914E+03,3,
 -4.0823387E+01,  0.0000000E+00,  2.6895752E+02,3106,  3.7869828E+00,  0.0000000E+00, -2.1832076E-01,  9.9996716E+02, -1.9522230E+03,3,
 -3.9532654E+01,  0.0000000E+00,  2.6925299E+02,3108,  3.9775956E+00,  0.0000000E+00, -2.8080115E-01,  1.0000176E+03,  1.0452142E+03,3,
 -3.9599854E+01,  0.0000000E+00,  2.6648187E+02,2903,  2.8562050E+00,  0.0000000E+00, -9.8488487E-02,  1.0025614E+03,  1.5347094E+05,3,
 -3.8127541E+01,  0.0000000E+00,  2.6861307E+02,3087,  4.1087246E+00,  0.0000000E+00, -1.9727984E-01,  1.0001542E+03,  9.1747900E+03,3,
 -3.7818123E+01,  0.0000000E+00,  2.6561072E+02,3004,  3.3572593E+00,  0.0000000E+00,  5.3703368E-02,  9.9950781E+02, -2.9221281E+04,3,
 -3.7197430E+01,  0.0000000E+00,  2.6910153E+02,3107,  3.8352494E+00,  0.0000000E+00, -6.0208660E-02,  1.0002343E+03,  1.3937989E+04,3,
 -3.6196869E+01,  0.0000000E+00,  2.6904172E+02,3097,  3.8556728E+00,  0.0000000E+00, -4.5034415E-03,  1.0002429E+03,  1.4450415E+04,3,
 -3.5174168E+01,  0.0000000E+00,  2.6879468E+02,3068,  3.9494221E+00,  0.0000000E+00,  1.6945526E-02,  1.0002211E+03,  1.3156683E+04,3,
 -3.5991066E+01,  0.0000000E+00,  2.6584738E+02,3041,  2.7566314E+00,  0.0000000E+00,  1.3777235E-01,  1.0018668E+03,  1.1161726E+05,3,
 -3.4383343E+01,  0.0000000E+00,  2.6810468E+02,3069,  4.0423970E+00,  0.0000000E+00, -3.1288836E-02,  1.0000303E+03,  1.8037896E+03,3,
 -3.2890709E+01,  0.0000000E+00,  2.6922565E+02,3099,  3.8387604E+00,  0.0000000E+00, -1.1976810E-01,  1.0001545E+03,  9.1929521E+03,3,
 -3.1669506E+01,  0.0000000E+00,  2.6894565E+02,3098,  3.8793669E+00,  0.0000000E+00, -2.0811228E-01,  1.0001946E+03,  1.1576087E+04,3,
 -3.2978271E+01,  0.0000000E+00,  2.6642151E+02,3051,  3.0569005E+00,  0.0000000E+00, -4.4863957E-01,  1.0016526E+03,  9.8751633E+04,3,
 -3.2017120E+01,  0.0000000E+00,  2.6591937E+02,3060,  2.9579115E+00,  0.0000000E+00,  8.0555782E-02,  9.9978625E+02, -1.2700699E+04,3,
 -3.0641743E+01,  0.0000000E+00,  2.6874658E+02,3088,  3.9670625E+00,  0.0000000E+00, -2.1107449E-01,  1.0000656E+03,  3.9019697E+03,3,
 -2.7058437E+01,  0.0000000E+00,  2.6500928E+02,2940,  2.8431547E+00,  0.0000000E+00,  7.3213764E-02,  1.0018860E+03,  1.1277700E+05,3,
 -2.9897896E+01,  0.0000000E+00,  2.6797275E+02,3059,  3.9803851E+00,  0.0000000E+00, -9.2894971E-02,  1.0007504E+03,  4.4719438E+04,3,
 -2.9866718E+01,  0.0000000E+00,  2.6541040E+02,2949,  2.8196285E+00,  0.0000000E+00,  1.1568836E-01,  1.0012039E+03,  7.1837922E+04,3,
 -2.8035782E+01,  0.0000000E+00,  2.6901041E+02,3090,  3.9747906E+00,  0.0000000E+00, -8.8696532E-02,  1.0002508E+03,  1.4922888E+04,3,
 -2.8050890E+01,  0.0000000E+00,  2.6647894E+02,2986,  3.4308393E+00,  0.0000000E+00, -1.7505834E-01,  1.0002151E+03,  1.2796938E+04,3,
 -2.4805897E+01,  0.0000000E+00,  2.6499332E+02,2849,  2.8623810E+00,  0.0000000E+00, -4.9285939E-01,  1.0019233E+03,  1.1501612E+05,3,
 -2.6952902E+01,  0.0000000E+00,  2.6885028E+02,3089,  3.9592919E+00,  0.0000000E+00, -5.7629313E-02,  1.0004384E+03,  2.6097957E+04,3,
 -2.5982307E+01,  0.0000000E+00,  2.6881580E+02,3079,  4.0009685E+00,  0.0000000E+00, -3.2118624E-03,  1.0005838E+03,  3.4772477E+04,3,
 -2.5463608E+01,  0.0000000E+00,  2.6680527E+02,2977,  3.7089097E+00,  0.0000000E+00, -9.1858216E-02,  9.9929651E+02, -4.1739969E+04,3,
 -2.4449547E+01,  0.0000000E+00,  2.6903403E+02,3081,  3.8237710E+00,  0.0000000E+00,  9.7487085E-02,  1.0004562E+03,  2.7160479E+04,3,
 -2.2994781E+01,  0.0000000E+00,  2.6858734E+02,3080,  3.5544827E+00,  0.0000000E+00, -8.3797708E-02,  1.0004492E+03,  2.6745646E+04,3,
 -2.2461731E+01,  0.0000000E+00,  2.6559256E+02,3023,  3.6497414E+00,  0.0000000E+00, -2.2283034E-01,  1.0015145E+03,  9.0460812E+04,3,
 -2.2412458E+01,  0.0000000E+00,  2.6775085E+02,3050,  3.2617626E+00,  0.0000000E+00, -2.8876373E-01,  1.0001616E+03,  9.6143184E+03,3,
 -2.0996033E+01,  0.0000000E+00,  2.6844177E+02,3070,  3.7078390E+00,  0.0000000E+00, -5.3891802E-01,  1.0000837E+03,  4.9766421E+03,3,
 -2.0582954E+01,  0.0000000E+00,  2.6784564E+02,2958,  3.6078222E+00,  0.0000000E+00, -5.6969249E-01,  1.0004590E+03,  2.7327873E+04,3,
 -1.9175793E+01,  0.0000000E+00,  2.6867078E+02,3072,  3.6148052E+00,  0.0000000E+00, -5.4260278E-01,  9.9989252E+02, -6.3886523E+03,3,
 -1.8410711E+01,  0.0000000E+00,  2.6679959E+02,2931,  3.9052498E+00,  0.0000000E+00, -6.3768560E-01,  1.0022830E+03,  1.3667327E+05,3,
 -1.6696947E+01,  0.0000000E+00,  2.6851398E+02,3071,  3.7180262E+00,  0.0000000E+00, -3.4253997E-01,  1.0000164E+03,  9.7625580E+02,3,
 -1.6375473E+01,  0.0000000E+00,  2.6523566E+02,3014,  3.9851007E+00,  0.0000000E+00,  4.2339247E-02,  1.0013777E+03,  8.2257344E+04,3,
 -1.6024652E+01,  0.0000000E+00,  2.6843372E+02,3061,  3.6934130E+00,  0.0000000E+00, -4.1220269E-01,  1.0000062E+03,  3.6653830E+02,3,
 -1.5379150E+01,  0.0000000E+00,  2.6790518E+02,2995,  3.6128702E+00,  0.0000000E+00, -4.4229212E-01,  1.0001907E+03,  1.1343561E+04,3,
 -1.4438981E+01,  0.0000000E+00,  2.6504318E+02,3024,  4.7086272E+00,  0.0000000E+00, -2.6702154E-01,  9.9926703E+02, -4.3485246E+04,3,
 -1.4198667E+01,  0.0000000E+00,  2.6721515E+02,3033,  3.7739670E+00,  0.0000000E+00, -6.4931262E-01,  1.0009127E+03,  5.4417262E+04,3,
 -1.2968984E+01,  0.0000000E+00,  2.6785895E+02,3063,  3.3566844E+00,  0.0000000E+00, -8.4605682E-01,  1.0004926E+03,  2.9333182E+04,3,
 -1.1829811E+01,  0.0000000E+00,  2.6634637E+02,2968,  4.6087961E+00,  0.0000000E+00, -1.0939548E+00,  1.0005694E+03,  3.3913059E+04,3,
 -1.0242377E+01,  0.0000000E+00,  2.6771481E+02,3062,  4.4505882E+00,  0.0000000E+00, -6.5672481E-01,  1.0005004E+03,  2.9799082E+04,3,
 -9.2831335E+00,  0.0000000E+00,  2.6779382E+02,3052,  4.3831391E+00,  0.0000000E+00, -4.0840730E-01,  1.0004607E+03,  2.7429768E+04,3,
 -8.3760633E+00,  0.0000000E+00,  2.6805554E+02,3054,  4.1810131E+00,  0.0000000E+00, -2.9537508E-01,  1.0001876E+03,  1.1161903E+04,3,
 -6.9642949E+00,  0.0000000E+00,  2.6523694E+02,3005,  5.1011858E+00,  0.0000000E+00,  7.0448393E-01,  9.9946338E+02, -3.1855068E+04,3,
 -7.1772723E+00,  0.0000000E+00,  2.6735214E+02,3053,  4.8409739E+00,  0.0000000E+00, -3.1970939E-01,  1.0008560E+03,  5.1024320E+04,3,
 -5.3106441E+00,  0.0000000E+00,  2.6695605E+02,3043,  5.5394130E+00,  0.0000000E+00, -5.8359957E-01,  1.0010593E+03,  6.3185875E+04,3,
 -3.7665403E+00,  0.0000000E+00,  2.6585739E+02,3015,  6.5253239E+00,  0.0000000E+00,  1.1041050E+00,  9.9818536E+02, -1.0730895E+05,3,
 -3.6145968E+00,  0.0000000E+00,  2.6745444E+02,3044,  5.7666392E+00,  0.0000000E+00,  1.7138059E-01,  1.0008207E+03,  4.8916172E+04,3,
 -2.7299159E+00,  0.0000000E+00,  2.6551935E+02,2822,  5.8177762E+00,  0.0000000E+00,  6.7209077E-01,  1.0011887E+03,  7.0931438E+04,3,
 -1.9620423E+00,  0.0000000E+00,  2.6786362E+02,3045,  6.4119296E+00,  0.0000000E+00,  4.7825798E-01,  1.0010370E+03,  6.1849277E+04,3,
 -1.8160272E+00,  0.0000000E+00,  2.6589517E+02,2904,  5.9773088E+00,  0.0000000E+00,  1.0058675E+00,  1.0022663E+03,  1.3566894E+05,3,
  1.5098740E-01,  0.0000000E+00,  2.6721249E+02,3034,  7.3462448E+00,  0.0000000E+00,  1.9599656E-02,  1.0027303E+03,  1.6367661E+05,3,
 -5.2539349E-01,  0.0000000E+00,  2.6627206E+02,2668,  4.3839078E+00,  0.0000000E+00,  7.8409046E-01,  9.9431531E+02, -3.3229016E+05,3,
  1.9547215E+00,  0.0000000E+00,  2.6772180E+02,3035,  6.9759440E+00,  0.0000000E+00,  5.0932586E-01,  9.9940973E+02, -3.5034211E+04,3,
  2.4082518E+00,  0.0000000E+00,  2.6662012E+02,2941,  6.8792667E+00,  0.0000000E+00,  1.1403160E+00,  1.0009723E+03,  5.7979266E+04,3,
  2.8394833E+00,  0.0000000E+00,  2.6650723E+02,2950,  5.2126427E+00,  0.0000000E+00,  4.1232815E-01,  1.0046207E+03,  2.7857319E+05,3,
  3.3151019E+00,  0.0000000E+00,  2.6646124E+02,2895,  6.1054192E+00,  0.0000000E+00,  1.9106199E-01,  9.9759888E+02, -1.4174155E+05,3,
  5.0412288E+00,  0.0000000E+00,  2.6768314E+02,3025,  7.2323151E+00,  0.0000000E+00,  9.1138504E-02,  1.0032305E+03,  1.9394858E+05,3,
  5.1769528E+00,  0.0000000E+00,  2.6711853E+02,3006,  6.2845078E+00,  0.0000000E+00,  4.3344566E-01,  9.9359204E+02, -3.7375741E+05,3,
  6.6522298E+00,  0.0000000E+00,  2.6701163E+02,2659,  6.9956131E+00,  0.0000000E+00, -1.4429448E+00,  1.0009716E+03,  5.7939113E+04,3,
  7.1612496E+00,  0.0000000E+00,  2.6858850E+02,3036,  5.1999140E+00,  0.0000000E+00, -3.8111883E-01,  1.0015441E+03,  9.2237102E+04,3,
  8.7718306E+00,  0.0000000E+00,  2.6691074E+02,2840,  6.6107330E+00,  0.0000000E+00,  5.3870189E-01,  9.9760028E+02, -1.4165928E+05,3,
  8.5827999E+00,  0.0000000E+00,  2.6715491E+02,2969,  5.6797161E+00,  0.0000000E+00, -3.2509949E-02,  9.9490997E+02, -2.9806016E+05,3,
  9.0372486E+00,  0.0000000E+00,  2.6746005E+02,2932,  6.7820005E+00,  0.0000000E+00, -1.5077345E+00,  1.0053635E+03,  3.2408166E+05,3,
  1.1040441E+01,  0.0000000E+00,  2.6834543E+02,3026,  7.8684683E+00,  0.0000000E+00, -5.9823323E-02,  1.0010628E+03,  6.3394051E+04,3,
  1.1040701E+01,  0.0000000E+00,  2.6701166E+02,2650,  6.4611173E+00,  0.0000000E+00,  5.2835011E-01,  9.9825177E+02, -1.0340258E+05,3,
  1.3472806E+01,  0.0000000E+00,  2.6727594E+02,2970,  7.3495688E+00,  0.0000000E+00, -1.0741339E-01,  9.9419464E+02, -3.3922094E+05,3,
  1.2678978E+01,  0.0000000E+00,  2.6726578E+02,2923,  5.6342888E+00,  0.0000000E+00,  4.8502025E-01,  1.0015601E+03,  9.3193133E+04,3,
  1.3468011E+01,  0.0000000E+00,  2.6681827E+02,2997,  5.9660497E+00,  0.0000000E+00, -3.6521354E-01,  1.0012827E+03,  7.6561703E+04,3,
  1.4269367E+01,  0.0000000E+00,  2.6813885E+02,3016,  7.1766109E+00,  0.0000000E+00,  2.7515852E-01,  1.0014387E+03,  8.5909820E+04,3,
  1.6113100E+01,  0.0000000E+00,  2.6674185E+02,2813,  6.4035516E+00,  0.0000000E+00, -1.8699517E-02,  9.9991266E+02, -5.1917739E+03,3,
  1.6832838E+01,  0.0000000E+00,  2.6717374E+02,2987,  6.1810241E+00,  0.0000000E+00,  1.7223874E+00,  9.9648523E+02, -2.0679033E+05,3,
  1.6957323E+01,  0.0000000E+00,  2.6712610E+02,2978,  5.8358102E+00,  0.0000000E+00,  5.9665805E-01,  1.0027739E+03,  1.6630712E+05,3,
  1.7930443E+01,  0.0000000E+00,  2.6844977E+02,3027,  7.3692980E+00,  0.0000000E+00,  3.1603271E-01,  1.0010938E+03,  6.5249555E+04,3,
  1.8382977E+01,  0.0000000E+00,  2.6703387E+02,2641,  6.1148806E+00,  0.0000000E+00,  3.3876453E-02,  9.9936139E+02, -3.7897820E+04,3,
  1.9571926E+01,  0.0000000E+00,  2.6700693E+02,3017,  6.2240825E+00,  0.0000000E+00, -4.0060577E-01,  9.9722418E+02, -1.6367636E+05,3,
  2.1325191E+01,  0.0000000E+00,  2.6768610E+02,3007,  6.4705505E+00,  0.0000000E+00,  3.7641025E-01,  1.0033959E+03,  2.0398038E+05,3,
  2.2542124E+01,  0.0000000E+00,  2.6713629E+02,2979,  5.3333755E+00,  0.0000000E+00, -5.2482748E-01,  1.0006293E+03,  3.7485953E+04,3,
  2.2935673E+01,  0.0000000E+00,  2.6672534E+02,2886,  6.6300383E+00,  0.0000000E+00,  8.9814878E-01,  1.0033915E+03,  2.0371372E+05,3,
  2.2592583E+01,  0.0000000E+00,  2.6711356E+02,2988,  6.5196924E+00,  0.0000000E+00,  5.0113124E-01,  9.8890033E+02, -6.3838950E+05,3,
  2.3086552E+01,  0.0000000E+00,  2.6707526E+02,2905,  6.6191349E+00,  0.0000000E+00,  1.5236841E+00,  1.0008354E+03,  4.9795121E+04,3,
  2.6090425E+01,  0.0000000E+00,  2.6680707E+02,3018,  6.4271970E+00,  0.0000000E+00, -2.0343276E-02,  1.0008084E+03,  4.8183164E+04,3,
  2.6836420E+01,  0.0000000E+00,  2.6753888E+02,3008,  6.0712442E+00,  0.0000000E+00, -6.1745316E-01,  1.0016673E+03,  9.9631312E+04,3,
  2.6811211E+01,  0.0000000E+00,  2.6735602E+02,2998,  6.3438869E+00,  0.0000000E+00, -3.5564184E-01,  9.9710577E+02, -1.7059777E+05,3,
  2.8351200E+01,  0.0000000E+00,  2.6756021E+02,2632,  6.5334897E+00,  0.0000000E+00, -7.1702361E-01,  9.9695978E+02, -1.7912498E+05,3,
  2.9374908E+01,  0.0000000E+00,  2.6680182E+02,2786,  6.6148081E+00,  0.0000000E+00, -3.4584194E-01,  1.0055405E+03,  3.3495106E+05,3,
  3.0352018E+01,  0.0000000E+00,  2.6727472E+02,2850,  7.0743384E+00,  0.0000000E+00, -1.9321652E-01,  9.9921777E+02, -4.6400582E+04,3,
  3.0460173E+01,  0.0000000E+00,  2.6711646E+02,2877,  6.6973996E+00,  0.0000000E+00,  2.9071394E-01,  9.9932623E+02, -3.9979922E+04,3,
  3.1541782E+01,  0.0000000E+00,  2.6715314E+02,2999,  6.0472226E+00,  0.0000000E+00,  1.7680788E+00,  9.9949872E+02, -2.9760396E+04,3,
  3.1994656E+01,  0.0000000E+00,  2.6657327E+02,3009,  6.1077371E+00,  0.0000000E+00,  3.4496611E-01,  9.9979865E+02, -1.1964924E+04,3,
  3.5402927E+01,  0.0000000E+00,  2.6724026E+02,2989,  7.2281671E+00,  0.0000000E+00,  1.5289505E-01,  9.9970044E+02, -1.7795256E+04,3,
  3.5634693E+01,  0.0000000E+00,  2.6717691E+02,2623,  7.0773745E+00,  0.0000000E+00,  6.1436486E-01,  1.0000867E+03,  5.1545557E+03,3,
  3.5897663E+01,  0.0000000E+00,  2.6743707E+02,2960,  6.7251143E+00,  0.0000000E+00, -1.0062698E-01,  1.0004175E+03,  2.4857279E+04,3,
  3.7268871E+01,  0.0000000E+00,  2.6733072E+02,2951,  7.3991318E+00,  0.0000000E+00, -2.7988443E-01,  1.0004930E+03,  2.9355020E+04,3,
  3.7684235E+01,  0.0000000E+00,  2.6711362E+02,2759,  6.8839989E+00,  0.0000000E+00, -4.7729868E-01,  9.9934467E+02, -3.8888320E+04,3,
  3.7681156E+01,  0.0000000E+00,  2.6720209E+02,2868,  6.5483394E+00,  0.0000000E+00, -3.0992702E-01,  9.9994470E+02, -3.2873511E+03,3,
  4.0296860E+01,  0.0000000E+00,  2.6686823E+02,3000,  7.4260449E+00,  0.0000000E+00, -2.7189696E+00,  9.9417737E+02, -3.4021266E+05,3,
  4.1275677E+01,  0.0000000E+00,  2.6696494E+02,2990,  7.8946991E+00,  0.0000000E+00,  4.1535619E-01,  1.0014868E+03,  8.8798344E+04,3,
  4.1705338E+01,  0.0000000E+00,  2.6674127E+02,2980,  5.9016390E+00,  0.0000000E+00,  1.0607351E+00,  9.9996033E+02, -2.3585854E+03,3,
  4.3697670E+01,  0.0000000E+00,  2.6689688E+02,2768,  7.3862758E+00,  0.0000000E+00,  1.0428543E+00,  9.9822986E+02, -1.0469171E+05,3,
  4.3027451E+01,  0.0000000E+00,  2.6696948E+02,2961,  7.5077190E+00,  0.0000000E+00, -6.2325835E-02,  9.9860400E+02, -8.2656250E+04,3,
  4.4456654E+01,  0.0000000E+00,  2.6703400E+02,2614,  7.4027381E+00,  0.0000000E+00, -9.1843235E-01,  1.0008666E+03,  5.1659039E+04,3,
  4.5017109E+01,  0.0000000E+00,  2.6721405E+02,2981,  7.5238848E+00,  0.0000000E+00,  1.1783463E-02,  1.0007998E+03,  4.7669000E+04,3,
  4.6202393E+01,  0.0000000E+00,  2.6725085E+02,2991,  7.7343063E+00,  0.0000000E+00, -2.7750811E-01,  9.9670599E+02, -1.9393000E+05,3,
  4.8394951E+01,  0.0000000E+00,  2.6684915E+02,2971,  7.3766384E+00,  0.0000000E+00,  8.9018367E-02,  1.0021658E+03,  1.2961202E+05,3,
  4.9563969E+01,  0.0000000E+00,  2.6705359E+02,2896,  6.4477830E+00,  0.0000000E+00, -7.0607293E-01,  9.9552838E+02, -2.6233306E+05,3,
  4.9553829E+01,  0.0000000E+00,  2.6703915E+02,2914,  8.2247572E+00,  0.0000000E+00, -1.0074626E+00,  9.9755005E+02, -1.4460278E+05,3,
  4.9670605E+01,  0.0000000E+00,  2.6709201E+02,2814,  8.0486822E+00,  0.0000000E+00, -1.5396144E+00,  9.9907721E+02, -5.4715566E+04,3,
  5.0021164E+01,  0.0000000E+00,  2.6724655E+02,2952,  6.7633176E+00,  0.0000000E+00, -5.1665757E-02,  9.9942175E+02, -3.4321797E+04,3,
  5.3322834E+01,  0.0000000E+00,  2.6691037E+02,2982,  8.0039454E+00,  0.0000000E+00, -9.2095917E-01,  1.0032234E+03,  1.9352309E+05,3,
  5.4119480E+01,  0.0000000E+00,  2.6709589E+02,2972,  7.8797727E+00,  0.0000000E+00, -6.6794239E-02,  1.0037372E+03,  2.2471575E+05,3,
  5.5428967E+01,  0.0000000E+00,  2.6696545E+02,2741,  7.1698833E+00,  0.0000000E+00, -5.2884972E-01,  9.9830792E+02, -1.0009819E+05,3,
  5.5444107E+01,  0.0000000E+00,  2.6694449E+02,2777,  6.6970248E+00,  0.0000000E+00, -1.8642829E-01,  9.9886823E+02, -6.7064961E+04,3,
  5.5375130E+01,  0.0000000E+00,  2.6697653E+02,2859,  7.5093474E+00,  0.0000000E+00, -5.5185109E-01,  9.9908832E+02, -5.4058711E+04,3,
  5.6889526E+01,  0.0000000E+00,  2.6746976E+02,2973,  6.9547744E+00,  0.0000000E+00, -1.8053509E+00,  9.9841174E+02, -9.3985719E+04,3,
  5.9515656E+01,  0.0000000E+00,  2.6666422E+02,2605,  8.1269608E+00,  0.0000000E+00, -3.3813615E+00,  1.0007473E+03,  4.4529879E+04,3,
  5.9839848E+01,  0.0000000E+00,  2.6620612E+02,2924,  7.5585599E+00,  0.0000000E+00, -3.3665042E+00,  1.0020800E+03,  1.2444427E+05,3,
  5.9981934E+01,  0.0000000E+00,  2.6630496E+02,2933,  7.9690323E+00,  0.0000000E+00, -3.1395602E+00,  1.0039164E+03,  2.3561756E+05,3,
  6.0564987E+01,  0.0000000E+00,  2.6633801E+02,2887,  7.7791023E+00,  0.0000000E+00, -3.0612972E+00,  1.0031050E+03,  1.8634806E+05,3,
  6.6167053E+01,  0.0000000E+00,  2.6564148E+02,2943,  8.5445862E+00,  0.0000000E+00,  1.1753539E+00,  1.0118809E+03,  7.3209825E+05,3,
  6.6476280E+01,  0.0000000E+00,  2.6567786E+02,2750,  9.9768867E+00,  0.0000000E+00, -5.0958127E-02,  9.9642645E+02, -2.1021142E+05,3,
  6.6480942E+01,  0.0000000E+00,  2.6544870E+02,2878,  8.1861000E+00,  0.0000000E+00,  6.5093631E-01,  1.0055157E+03,  3.3342816E+05,3,
  6.7769646E+01,  0.0000000E+00,  2.6589960E+02,2587,  6.4391456E+00,  0.0000000E+00, -1.9226763E+00,  9.9782568E+02, -1.2844014E+05,3,
  6.9662895E+01,  0.0000000E+00,  2.6505887E+02,2953,  4.8458791E+00,  0.0000000E+00, -3.6050768E+00,  1.0065071E+03,  3.9453278E+05,3,
