TimeStep [s],Np,Nbound,Nfixed,Nmoving,Nfloat,Nfluid
140.003,1800,0,0,0,0,1800

Pos.x [m],Pos.y [m],Pos.z [m],Idp,Vel.x [m/s],Vel.y [m/s],Vel.z [m/s],Rhop [kg/m^3],Press [Pa],Type,
  3.0191608E+02,  0.0000000E+00,  2.5050725E+02,2910,  3.0313197E-01,  0.0000000E+00, -1.8073706E-01,  1.0018196E+03,  1.0878452E+05,3,
  3.0595383E+02,  0.0000000E+00,  2.5108147E+02,2596,  3.9340806E-01,  0.0000000E+00, -9.1299534E-02,  1.0010789E+03,  6.4358285E+04,3,
  3.0850919E+02,  0.0000000E+00,  2.5097469E+02,2953,  4.7401646E-01,  0.0000000E+00, -4.0259611E-02,  1.0015169E+03,  9.0603633E+04,3,
  3.0729895E+02,  0.0000000E+00,  2.5040248E+02,2919,  3.9721891E-01,  0.0000000E+00, -5.7221565E-02,  1.0023948E+03,  1.4341916E+05,3,
  3.0515326E+02,  0.0000000E+00,  2.5100734E+02,2814,  4.4233933E-01,  0.0000000E+00, -4.3893129E-02,  1.0010041E+03,  5.9881227E+04,3,
  3.0393689E+02,  0.0000000E+00,  2.5090956E+02,2952,  6.8271607E-01,  0.0000000E+00,  1.8795274E-02,  1.0010408E+03,  6.2075684E+04,3,
  3.0314627E+02,  0.0000000E+00,  2.5089188E+02,2960,  3.0975962E-01,  0.0000000E+00,  1.8482651E-03,  1.0009899E+03,  5.9034242E+04,3,
  3.0969440E+02,  0.0000000E+00,  2.5073587E+02,2942,  4.4563302E-01,  0.0000000E+00, -1.8728923E-02,  1.0015484E+03,  9.2493500E+04,3,
  3.1080399E+02,  0.0000000E+00,  2.5075465E+02,2915,  4.5798531E-01,  0.0000000E+00, -1.9429741E-02,  1.0013273E+03,  7.9235359E+04,3,
  3.1191226E+02,  0.0000000E+00,  2.5104816E+02,3016,  4.3312266E-01,  0.0000000E+00, -1.6773457E-02,  1.0007934E+03,  4.7286125E+04,3,
  3.1264020E+02,  0.0000000E+00,  2.5086850E+02,2979,  4.5712024E-01,  0.0000000E+00, -1.8792940E-02,  1.0009510E+03,  5.6709059E+04,3,
  3.1343866E+02,  0.0000000E+00,  2.5103789E+02,2850,  4.4572580E-01,  0.0000000E+00, -2.1324938E-02,  1.0008290E+03,  4.9412164E+04,3,
  3.1464713E+02,  0.0000000E+00,  2.5059705E+02,2832,  4.4631898E-01,  0.0000000E+00, -1.2523516E-02,  1.0014784E+03,  8.8293062E+04,3,
  3.1544580E+02,  0.0000000E+00,  2.5100073E+02,2723,  4.1259542E-01,  0.0000000E+00, -1.7943840E-02,  1.0010409E+03,  6.2082988E+04,3,
  3.1642291E+02,  0.0000000E+00,  2.5117638E+02,2569,  5.0760329E-01,  0.0000000E+00,  4.2305242E-02,  1.0010440E+03,  6.2269227E+04,3,
  3.1777197E+02,  0.0000000E+00,  2.5044312E+02,2856,  3.9011970E-01,  0.0000000E+00, -3.8787834E-02,  1.0023547E+03,  1.4100072E+05,3,
  3.1900134E+02,  0.0000000E+00,  2.5094205E+02,2784,  4.0393993E-01,  0.0000000E+00, -9.0795262E-03,  1.0017608E+03,  1.0524840E+05,3,
  3.2026770E+02,  0.0000000E+00,  2.5064595E+02,2883,  4.0538511E-01,  0.0000000E+00,  1.1605974E-03,  1.0019093E+03,  1.1417548E+05,3,
  3.2156171E+02,  0.0000000E+00,  2.5102730E+02,2918,  3.7704363E-01,  0.0000000E+00,  2.6920538E-02,  1.0012350E+03,  7.3705961E+04,3,
  3.2250797E+02,  0.0000000E+00,  2.5067432E+02,2909,  3.8979036E-01,  0.0000000E+00,  1.0773456E-02,  1.0015405E+03,  9.2017336E+04,3,
  3.2367432E+02,  0.0000000E+00,  2.5084453E+02,2542,  3.7805992E-01,  0.0000000E+00,  4.3961890E-03,  1.0011738E+03,  7.0039664E+04,3,
  3.2470419E+02,  0.0000000E+00,  2.5095140E+02,2924,  3.6597055E-01,  0.0000000E+00,  3.8452137E-03,  1.0009597E+03,  5.7223691E+04,3,
  3.2557440E+02,  0.0000000E+00,  2.5075909E+02,2879,  3.7239581E-01,  0.0000000E+00,  2.4203595E-03,  1.0011979E+03,  7.1483359E+04,3,
  3.2665683E+02,  0.0000000E+00,  2.5081497E+02,2908,  3.7074578E-01,  0.0000000E+00,  5.3074542E-03,  1.0011250E+03,  6.7116367E+04,3,
  3.2749194E+02,  0.0000000E+00,  2.5101030E+02,2787,  3.5505554E-01,  0.0000000E+00,  1.0688843E-02,  1.0008898E+03,  5.3049000E+04,3,
  3.2839835E+02,  0.0000000E+00,  2.5112596E+02,2881,  3.8429821E-01,  0.0000000E+00,  3.7837204E-02,  1.0008803E+03,  5.2479859E+04,3,
  3.2981149E+02,  0.0000000E+00,  2.5025790E+02,2811,  3.7224618E-01,  0.0000000E+00,  2.6264342E-02,  1.0027624E+03,  1.6561345E+05,3,
  3.3116214E+02,  0.0000000E+00,  2.5101804E+02,2846,  1.5174282E-01,  0.0000000E+00,  1.2480052E-01,  1.0010318E+03,  6.1538891E+04,3,
  3.3284760E+02,  0.0000000E+00,  2.5068254E+02,2872,  8.3334155E-02,  0.0000000E+00,  2.6068008E-02,  1.0013467E+03,  8.0398680E+04,3,
  3.3418121E+02,  0.0000000E+00,  2.5061043E+02,2497,  2.6304799E-01,  0.0000000E+00,  3.4679908E-03,  1.0015244E+03,  9.1050430E+04,3,
  3.3522983E+02,  0.0000000E+00,  2.5090077E+02,2845,  2.1435381E-01,  0.0000000E+00,  2.8057635E-04,  1.0010245E+03,  6.1100715E+04,3,
  3.3230731E+02,  0.0000000E+00,  2.5134048E+02,2851,  5.5145419E-01,  0.0000000E+00, -4.1769302E-04,  1.0005131E+03,  3.0552578E+04,3,
  3.3613623E+02,  0.0000000E+00,  2.5097731E+02,2606,  2.2814435E-01,  0.0000000E+00,  2.0687057E-02,  1.0009115E+03,  5.4344281E+04,3,
  3.3728949E+02,  0.0000000E+00,  2.5082230E+02,2828,  2.1739560E-01,  0.0000000E+00,  3.5408214E-02,  1.0013691E+03,  8.1741422E+04,3,
  3.3857816E+02,  0.0000000E+00,  2.5044171E+02,2721,  2.1069436E-01,  0.0000000E+00,  3.5769969E-02,  1.0022657E+03,  1.3563583E+05,3,
  3.3997012E+02,  0.0000000E+00,  2.5094798E+02,2819,  2.2659345E-01,  0.0000000E+00,  2.9213751E-02,  1.0010386E+03,  6.1944223E+04,3,
  3.4095255E+02,  0.0000000E+00,  2.5078268E+02,2772,  2.1055704E-01,  0.0000000E+00,  2.2670649E-02,  1.0011735E+03,  7.0017734E+04,3,
  3.4201703E+02,  0.0000000E+00,  2.5107863E+02,2862,  1.9721347E-01,  0.0000000E+00,  2.7924841E-02,  1.0006051E+03,  3.6043531E+04,3,
  3.4285699E+02,  0.0000000E+00,  2.5065703E+02,2809,  1.7727956E-01,  0.0000000E+00,  1.9844238E-02,  1.0013784E+03,  8.2293938E+04,3,
  3.4400006E+02,  0.0000000E+00,  2.5091081E+02,2725,  1.8897909E-01,  0.0000000E+00,  1.5998725E-02,  1.0009787E+03,  5.8362551E+04,3,
  3.4512668E+02,  0.0000000E+00,  2.5060092E+02,2774,  2.0275392E-01,  0.0000000E+00,  1.2222982E-02,  1.0015891E+03,  9.4936930E+04,3,
  3.4632709E+02,  0.0000000E+00,  2.5101047E+02,2762,  1.4406011E-01,  0.0000000E+00,  3.4971543E-02,  1.0007964E+03,  4.7468445E+04,3,
  3.4718164E+02,  0.0000000E+00,  2.5072096E+02,2579,  9.0087242E-02,  0.0000000E+00,  5.5615526E-02,  1.0012567E+03,  7.5000266E+04,3,
  3.4836789E+02,  0.0000000E+00,  2.5092462E+02,2816,  1.6800965E-01,  0.0000000E+00,  3.1211684E-02,  1.0008126E+03,  4.8431141E+04,3,
  3.4922552E+02,  0.0000000E+00,  2.5080780E+02,2696,  2.9330376E-01,  0.0000000E+00, -3.8104970E-02,  1.0010084E+03,  6.0140445E+04,3,
  3.5024905E+02,  0.0000000E+00,  2.5073346E+02,2765,  5.0340927E-01,  0.0000000E+00, -2.4175581E-02,  1.0010836E+03,  6.4639539E+04,3,
  3.5239081E+02,  0.0000000E+00,  2.5055711E+02,2775,  7.0662135E-01,  0.0000000E+00,  1.5422374E-01,  1.0018765E+03,  1.1220079E+05,3,
  3.5375125E+02,  0.0000000E+00,  2.5048297E+02,2730,  3.9149141E-01,  0.0000000E+00, -2.3787791E-02,  1.0020345E+03,  1.2170711E+05,3,
  3.5540353E+02,  0.0000000E+00,  2.5109715E+02,2852,  4.6936053E-01,  0.0000000E+00, -1.0182485E-01,  1.0006530E+03,  3.8899441E+04,3,
  3.5586905E+02,  0.0000000E+00,  2.5079086E+02,2561,  3.4786901E-01,  0.0000000E+00, -1.1316010E-02,  1.0010591E+03,  6.3171266E+04,3,
  3.5090164E+02,  0.0000000E+00,  2.5121637E+02,2898, -4.9167949E-01,  0.0000000E+00, -3.8529250E-01,  1.0003805E+03,  2.2649182E+04,3,
  3.5707065E+02,  0.0000000E+00,  2.5083836E+02,2825,  3.9087471E-01,  0.0000000E+00,  5.2254654E-02,  1.0009703E+03,  5.7858809E+04,3,
  3.5799802E+02,  0.0000000E+00,  2.5077544E+02,2761,  7.2044033E-01,  0.0000000E+00,  3.0742517E-02,  1.0009727E+03,  5.8004816E+04,3,
  3.5938553E+02,  0.0000000E+00,  2.5065424E+02,2746,  4.9831086E-01,  0.0000000E+00,  8.7316513E-02,  1.0010690E+03,  6.3762934E+04,3,
  3.5989972E+02,  0.0000000E+00,  2.5086610E+02,2434,  2.2700410E-01,  0.0000000E+00,  4.8183162E-02,  1.0009603E+03,  5.7263844E+04,3,
  3.6030957E+02,  0.0000000E+00,  2.5114915E+02,2543,  3.1009367E-01,  0.0000000E+00,  1.9120923E-01,  1.0009567E+03,  5.7044848E+04,3,
  3.8953003E+02,  0.0000000E+00,  2.5076355E+02,2712,  4.3163034E-01,  0.0000000E+00, -2.6681367E-01,  1.0017105E+03,  1.0222680E+05,3,
  3.9049362E+02,  0.0000000E+00,  2.5046822E+02,2685,  2.7427885E-01,  0.0000000E+00,  3.0738253E-02,  1.0019144E+03,  1.1448383E+05,3,
  3.9176733E+02,  0.0000000E+00,  2.5075632E+02,2703,  1.2745941E+00,  0.0000000E+00,  6.1883714E-02,  1.0015423E+03,  9.2127219E+04,3,
  3.9325198E+02,  0.0000000E+00,  2.5097647E+02,2598,  1.1151928E+00,  0.0000000E+00, -1.6349153E-01,  1.0008281E+03,  4.9361105E+04,3,
  3.9475925E+02,  0.0000000E+00,  2.5087262E+02,2626,  7.8249222E-01,  0.0000000E+00,  7.2712429E-02,  1.0010648E+03,  6.3510922E+04,3,
  3.9585626E+02,  0.0000000E+00,  2.5080919E+02,2507,  9.9974823E-01,  0.0000000E+00,  6.2692598E-02,  1.0012192E+03,  7.2755445E+04,3,
  3.9400134E+02,  0.0000000E+00,  2.5088998E+02,2710,  6.6757005E-01,  0.0000000E+00,  4.7493953E-02,  1.0009581E+03,  5.7132445E+04,3,
  3.9699026E+02,  0.0000000E+00,  2.5073160E+02,2617,  8.1961924E-01,  0.0000000E+00,  2.5335224E-02,  1.0013676E+03,  8.1646289E+04,3,
  3.9802844E+02,  0.0000000E+00,  2.5079118E+02,2580,  8.2251197E-01,  0.0000000E+00,  2.8993234E-02,  1.0012003E+03,  7.1625914E+04,3,
  3.9898401E+02,  0.0000000E+00,  2.5087753E+02,2480,  8.7600666E-01,  0.0000000E+00,  2.0320507E-02,  1.0010623E+03,  6.3364832E+04,3,
  3.9998184E+02,  0.0000000E+00,  2.5112503E+02,2534,  8.2867092E-01,  0.0000000E+00,  1.8835448E-02,  1.0007053E+03,  4.2022211E+04,3,
  4.0091104E+02,  0.0000000E+00,  2.5046762E+02,2389,  8.1288087E-01,  0.0000000E+00, -8.7299692E-03,  1.0018928E+03,  1.1318074E+05,3,
  4.0217181E+02,  0.0000000E+00,  2.5092783E+02,2745,  7.6391941E-01,  0.0000000E+00,  7.0647206E-03,  1.0009633E+03,  5.7439043E+04,3,
  4.0299649E+02,  0.0000000E+00,  2.5097275E+02,2736,  7.5356191E-01,  0.0000000E+00,  3.1428099E-02,  1.0008350E+03,  4.9773234E+04,3,
  4.0389413E+02,  0.0000000E+00,  2.5081621E+02,2699,  7.5998235E-01,  0.0000000E+00,  5.6707654E-02,  1.0010641E+03,  6.3474398E+04,3,
  4.0481213E+02,  0.0000000E+00,  2.5096138E+02,2689,  8.0589861E-01,  0.0000000E+00,  7.1334347E-02,  1.0009335E+03,  5.5657977E+04,3,
  4.0593481E+02,  0.0000000E+00,  2.5063708E+02,2571,  7.3229992E-01,  0.0000000E+00,  1.5624454E-02,  1.0015574E+03,  9.3035617E+04,3,
  4.0704291E+02,  0.0000000E+00,  2.5066573E+02,2646,  8.7850583E-01,  0.0000000E+00, -6.6123657E-02,  1.0015311E+03,  9.1456961E+04,3,
  4.0818594E+02,  0.0000000E+00,  2.5093605E+02,2680,  9.3197888E-01,  0.0000000E+00, -1.4136741E-01,  1.0007788E+03,  4.6414691E+04,3,
  4.0932245E+02,  0.0000000E+00,  2.5064905E+02,2711,  8.8715827E-01,  0.0000000E+00,  1.2451364E-01,  1.0010230E+03,  6.1013082E+04,3,
  4.1007095E+02,  0.0000000E+00,  2.5087012E+02,2635,  2.3515455E-01,  0.0000000E+00,  1.6597752E-01,  1.0009657E+03,  5.7585047E+04,3,
  4.1035522E+02,  0.0000000E+00,  2.5108348E+02,2681,  3.7491611E-01,  0.0000000E+00,  2.9408863E-01,  1.0009615E+03,  5.7336844E+04,3,
  6.5998486E+02,  0.0000000E+00,  2.5078633E+02,2202,  1.0656871E-01,  0.0000000E+00,  1.4238440E-01,  1.0008997E+03,  5.3640066E+04,3,
  6.6109082E+02,  0.0000000E+00,  2.5126511E+02,2331,  8.8273019E-01,  0.0000000E+00, -2.3620713E-03,  1.0001476E+03,  8.7788682E+03,3,
  6.6022888E+02,  0.0000000E+00,  2.5094435E+02,2377,  1.0324618E+00,  0.0000000E+00, -3.5849741E-01,  1.0006127E+03,  3.6495176E+04,3,
  6.6182025E+02,  0.0000000E+00,  2.5059200E+02,2375,  6.2494808E-01,  0.0000000E+00,  1.0967837E-02,  1.0013882E+03,  8.2883078E+04,3,
  6.6335333E+02,  0.0000000E+00,  2.5112372E+02,2240,  9.3927598E-01,  0.0000000E+00,  5.1388070E-02,  1.0007357E+03,  4.3840934E+04,3,
  6.6442035E+02,  0.0000000E+00,  2.5061139E+02,2319,  9.3051326E-01,  0.0000000E+00, -2.5212303E-02,  1.0014539E+03,  8.6821320E+04,3,
  6.6629614E+02,  0.0000000E+00,  2.5047850E+02,2360,  7.0584583E-01,  0.0000000E+00, -5.8277864E-02,  1.0017413E+03,  1.0407852E+05,3,
  6.6822040E+02,  0.0000000E+00,  2.5079849E+02,2291,  6.3755149E-01,  0.0000000E+00, -4.2036477E-02,  1.0010363E+03,  6.1809109E+04,3,
  6.6711121E+02,  0.0000000E+00,  2.5139471E+02,2321,  1.0851197E+00,  0.0000000E+00, -9.7826108E-02,  1.0003808E+03,  2.2667369E+04,3,
  6.6927148E+02,  0.0000000E+00,  2.5096965E+02,2204,  7.2268742E-01,  0.0000000E+00,  1.6644990E-02,  1.0008796E+03,  5.2436082E+04,3,
  6.7030487E+02,  0.0000000E+00,  2.5064560E+02,2329,  9.4029880E-01,  0.0000000E+00,  2.3052156E-02,  1.0013094E+03,  7.8163617E+04,3,
  6.7207184E+02,  0.0000000E+00,  2.5119498E+02,2241,  9.4493365E-01,  0.0000000E+00, -6.0060333E-02,  1.0006014E+03,  3.5825000E+04,3,
  6.7307684E+02,  0.0000000E+00,  2.5054485E+02,2282,  9.0779293E-01,  0.0000000E+00, -1.3960712E-02,  1.0014801E+03,  8.8395586E+04,3,
  6.7426740E+02,  0.0000000E+00,  2.5102480E+02,2230,  9.4893771E-01,  0.0000000E+00, -1.3523334E-02,  1.0007376E+03,  4.3953934E+04,3,
  6.7524890E+02,  0.0000000E+00,  2.5107806E+02,2239,  9.3422377E-01,  0.0000000E+00, -1.6036771E-02,  1.0006101E+03,  3.6342195E+04,3,
  6.7604993E+02,  0.0000000E+00,  2.5082973E+02,2201,  9.3702519E-01,  0.0000000E+00, -2.2007268E-02,  1.0008959E+03,  5.3413852E+04,3,
  6.7710382E+02,  0.0000000E+00,  2.5088393E+02,2349,  9.6252376E-01,  0.0000000E+00, -3.7920963E-02,  1.0008296E+03,  4.9448637E+04,3,
  6.7796527E+02,  0.0000000E+00,  2.5098892E+02,2222,  9.5262128E-01,  0.0000000E+00, -4.3675847E-02,  1.0006841E+03,  4.0761324E+04,3,
  6.7881281E+02,  0.0000000E+00,  2.5105911E+02,2278,  9.2691106E-01,  0.0000000E+00, -3.9213099E-02,  1.0006129E+03,  3.6509746E+04,3,
  6.7953033E+02,  0.0000000E+00,  2.5131355E+02,2303,  9.0814197E-01,  0.0000000E+00, -2.8111825E-02,  1.0005059E+03,  3.0123041E+04,3,
  6.8074438E+02,  0.0000000E+00,  2.5061967E+02,2361,  8.9017671E-01,  0.0000000E+00,  1.5065569E-02,  1.0015349E+03,  9.1680375E+04,3,
  6.8199664E+02,  0.0000000E+00,  2.5061092E+02,2324,  1.0071721E+00,  0.0000000E+00,  2.5802029E-03,  1.0014821E+03,  8.8512750E+04,3,
  6.8385309E+02,  0.0000000E+00,  2.5118826E+02,2209,  8.6513609E-01,  0.0000000E+00, -6.3694604E-02,  1.0004080E+03,  2.4286109E+04,3,
  6.8425842E+02,  0.0000000E+00,  2.5113281E+02,2237,  9.6851879E-01,  0.0000000E+00, -6.3733384E-02,  1.0004860E+03,  2.8940094E+04,3,
  6.8558423E+02,  0.0000000E+00,  2.5070306E+02,2236,  9.9985433E-01,  0.0000000E+00, -2.3956787E-02,  1.0012754E+03,  7.6122867E+04,3,
  6.8676886E+02,  0.0000000E+00,  2.5060873E+02,2246,  9.6833628E-01,  0.0000000E+00,  3.4922395E-02,  1.0015103E+03,  9.0204461E+04,3,
  6.8795380E+02,  0.0000000E+00,  2.5108530E+02,2269,  1.0756509E+00,  0.0000000E+00,  3.3949699E-02,  1.0006312E+03,  3.7598879E+04,3,
  6.8310809E+02,  0.0000000E+00,  2.5136502E+02,2295,  1.0965906E+00,  0.0000000E+00, -9.5236108E-02,  1.0003323E+03,  1.9776115E+04,3,
  6.8896478E+02,  0.0000000E+00,  2.5111288E+02,2266,  1.1005911E+00,  0.0000000E+00, -1.9231115E-02,  1.0004592E+03,  2.7338791E+04,3,
  6.8965430E+02,  0.0000000E+00,  2.5078845E+02,2304,  1.0351156E+00,  0.0000000E+00, -1.8330449E-02,  1.0008465E+03,  5.0458941E+04,3,
  6.9036871E+02,  0.0000000E+00,  2.5117642E+02,2323,  1.0464486E+00,  0.0000000E+00, -3.6158789E-02,  1.0003242E+03,  1.9292504E+04,3,
  6.9116241E+02,  0.0000000E+00,  2.5102034E+02,2191,  1.0544915E+00,  0.0000000E+00, -8.0748312E-03,  1.0006051E+03,  3.6043531E+04,3,
  6.9222137E+02,  0.0000000E+00,  2.5099458E+02,2155,  9.9243844E-01,  0.0000000E+00,  4.9692221E-02,  1.0008222E+03,  4.9007344E+04,3,
  6.9345911E+02,  0.0000000E+00,  2.5043362E+02,2325,  9.7086650E-01,  0.0000000E+00,  1.2800026E-01,  1.0018299E+03,  1.0940091E+05,3,
  6.9467261E+02,  0.0000000E+00,  2.5123488E+02,2306,  1.2864342E+00,  0.0000000E+00,  4.8169665E-02,  1.0004246E+03,  2.5275672E+04,3,
  6.9550720E+02,  0.0000000E+00,  2.5097757E+02,2312,  1.1542645E+00,  0.0000000E+00,  5.9439014E-03,  1.0006336E+03,  3.7744594E+04,3,
  6.9619141E+02,  0.0000000E+00,  2.5117198E+02,2221,  1.0368981E+00,  0.0000000E+00, -6.1582990E-02,  1.0003394E+03,  2.0197932E+04,3,
  6.9694189E+02,  0.0000000E+00,  2.5111639E+02,2217,  9.2232460E-01,  0.0000000E+00, -9.6882723E-02,  1.0004609E+03,  2.7444322E+04,3,
  6.9831018E+02,  0.0000000E+00,  2.5038556E+02,2172,  1.3614887E+00,  0.0000000E+00,  1.8312632E-01,  1.0017243E+03,  1.0305545E+05,3,
  6.9966669E+02,  0.0000000E+00,  2.5104492E+02,2141,  1.3350466E+00,  0.0000000E+00,  4.5795068E-01,  1.0005524E+03,  3.2897148E+04,3,
  7.0029022E+02,  0.0000000E+00,  2.5083043E+02,2275,  5.8024186E-01,  0.0000000E+00,  4.7179154E-01,  1.0010427E+03,  6.2192539E+04,3,
  7.1992200E+02,  0.0000000E+00,  2.5071643E+02,2262, -1.5291955E-01,  0.0000000E+00,  5.8565432E-01,  1.0009080E+03,  5.4136297E+04,3,
  7.2183057E+02,  0.0000000E+00,  2.5068993E+02,2138,  5.7376498E-01,  0.0000000E+00,  3.9577028E-01,  1.0009519E+03,  5.6760156E+04,3,
  7.2142694E+02,  0.0000000E+00,  2.5114854E+02,2180,  7.3278958E-01,  0.0000000E+00,  3.8923156E-01,  1.0003448E+03,  2.0521578E+04,3,
  7.1998059E+02,  0.0000000E+00,  2.5082727E+02,2289,  8.8983589E-01,  0.0000000E+00, -2.3406723E-01,  1.0008423E+03,  5.0207270E+04,3,
  7.2310516E+02,  0.0000000E+00,  2.5122142E+02,2216,  1.5405468E+00,  0.0000000E+00,  2.3425740E-01,  1.0001208E+03,  7.1844434E+03,3,
  7.2427930E+02,  0.0000000E+00,  2.5102295E+02,2203,  3.3139586E-01,  0.0000000E+00, -1.7074868E-02,  1.0003338E+03,  1.9867023E+04,3,
  7.2407550E+02,  0.0000000E+00,  2.5101707E+02,2195,  1.4504555E-01,  0.0000000E+00, -3.8232755E-02,  1.0002435E+03,  1.4486758E+04,3,
  7.2572546E+02,  0.0000000E+00,  2.5055713E+02,2144,  8.0638599E-01,  0.0000000E+00,  1.5086947E-01,  1.0013583E+03,  8.1090148E+04,3,
  7.2696436E+02,  0.0000000E+00,  2.5104655E+02,2176,  8.4558034E-01,  0.0000000E+00,  2.6516175E-02,  1.0006541E+03,  3.8968664E+04,3,
  7.2829517E+02,  0.0000000E+00,  2.5084004E+02,2117,  7.1422201E-01,  0.0000000E+00,  2.2994598E-02,  1.0007357E+03,  4.3840934E+04,3,
  7.2962744E+02,  0.0000000E+00,  2.5095837E+02,2224,  6.5657717E-01,  0.0000000E+00,  7.9185084E-02,  1.0005347E+03,  3.1844936E+04,3,
  7.3032983E+02,  0.0000000E+00,  2.5077037E+02,2194,  8.0622393E-01,  0.0000000E+00,  8.9297175E-02,  1.0008146E+03,  4.8551484E+04,3,
  7.3149902E+02,  0.0000000E+00,  2.5088179E+02,2147,  9.2210430E-01,  0.0000000E+00,  3.6470674E-02,  1.0007070E+03,  4.2124254E+04,3,
  7.3273981E+02,  0.0000000E+00,  2.5075168E+02,2112,  6.9728005E-01,  0.0000000E+00,  1.1382512E-01,  1.0007950E+03,  4.7384578E+04,3,
  7.3337103E+02,  0.0000000E+00,  2.5118654E+02,2171,  7.5167596E-01,  0.0000000E+00,  1.1738213E-01,  1.0003169E+03,  1.8859820E+04,3,
  7.3438049E+02,  0.0000000E+00,  2.5105470E+02,2143,  6.9055170E-01,  0.0000000E+00,  2.4151370E-01,  1.0005964E+03,  3.5522707E+04,3,
  7.3556006E+02,  0.0000000E+00,  2.5091206E+02,2234,  8.3687538E-01,  0.0000000E+00,  3.0168116E-01,  1.0009099E+03,  5.4249410E+04,3,
  7.3682910E+02,  0.0000000E+00,  2.5056317E+02,2253,  9.2800236E-01,  0.0000000E+00,  1.0491138E-01,  1.0015178E+03,  9.0654906E+04,3,
  7.3790466E+02,  0.0000000E+00,  2.5074930E+02,2252,  1.2159919E+00,  0.0000000E+00, -1.4564939E-01,  1.0008876E+03,  5.2914008E+04,3,
  7.3971045E+02,  0.0000000E+00,  2.5087375E+02,2212,  2.5984125E-02,  0.0000000E+00,  4.9070156E-01,  1.0005564E+03,  3.3137461E+04,3,
  7.4071649E+02,  0.0000000E+00,  2.5125517E+02,2142, -4.8865408E-02,  0.0000000E+00,  6.7892039E-01,  1.0008183E+03,  4.8773941E+04,3,
  7.3965393E+02,  0.0000000E+00,  2.5114108E+02,2162,  5.8347762E-01,  0.0000000E+00,  4.6397772E-01,  1.0002980E+03,  1.7732744E+04,3,
  7.8372998E+02,  0.0000000E+00,  2.5090564E+02,2133,  1.5076408E-01,  0.0000000E+00, -5.1452899E-01,  9.9978754E+02, -1.2624587E+04,3,
  7.8299463E+02,  0.0000000E+00,  2.5076355E+02,2121,  3.7944254E-01,  0.0000000E+00, -8.0612773E-01,  1.0005123E+03,  3.0505254E+04,3,
  7.8017963E+02,  0.0000000E+00,  2.5090526E+02,2116,  2.9025045E-01,  0.0000000E+00,  7.1910352E-02,  1.0002886E+03,  1.7176525E+04,3,
  7.8126672E+02,  0.0000000E+00,  2.5078345E+02,2123,  6.7617369E-01,  0.0000000E+00, -4.1599718E-01,  1.0010264E+03,  6.1217559E+04,3,
  7.8115057E+02,  0.0000000E+00,  2.5089006E+02,2122,  1.2517264E+00,  0.0000000E+00, -5.8720487E-01,  9.9990601E+02, -5.5871226E+03,3,
  7.8472949E+02,  0.0000000E+00,  2.5082077E+02,2105, -1.1261138E-01,  0.0000000E+00, -1.7114952E-01,  1.0015284E+03,  9.1292148E+04,3,
  7.8634619E+02,  0.0000000E+00,  2.5090753E+02,2149,  8.2066190E-01,  0.0000000E+00,  3.9637074E-01,  1.0009310E+03,  5.5512004E+04,3,
  7.8879242E+02,  0.0000000E+00,  2.5084949E+02,2118, -4.3391493E-01,  0.0000000E+00, -7.5509250E-02,  1.0010336E+03,  6.1648438E+04,3,
  7.8972363E+02,  0.0000000E+00,  2.5081757E+02,2076, -4.2057261E-01,  0.0000000E+00, -1.9364582E-02,  1.0006737E+03,  4.0138227E+04,3,
  7.8791376E+02,  0.0000000E+00,  2.5105554E+02,2159,  5.9000603E-03,  0.0000000E+00, -3.7662628E-01,  1.0003921E+03,  2.3340297E+04,3,
  7.9047095E+02,  0.0000000E+00,  2.5136017E+02,2093, -2.0656590E-01,  0.0000000E+00,  1.2570627E-01,  9.9972638E+02, -1.6255570E+04,3,
  7.9102783E+02,  0.0000000E+00,  2.5098726E+02,2131, -7.7368602E-02,  0.0000000E+00,  9.1213644E-02,  1.0006921E+03,  4.1238691E+04,3,
  7.9228302E+02,  0.0000000E+00,  2.5094638E+02,2084,  2.9951535E-02,  0.0000000E+00,  6.2490609E-02,  1.0004554E+03,  2.7116812E+04,3,
  7.9375848E+02,  0.0000000E+00,  2.5069560E+02,2129,  1.8853657E-01,  0.0000000E+00, -6.0340323E-02,  1.0010604E+03,  6.3247961E+04,3,
  7.9473462E+02,  0.0000000E+00,  2.5104436E+02,2199,  8.3612554E-02,  0.0000000E+00, -1.8676558E-01,  1.0006312E+03,  3.7602523E+04,3,
  7.9593463E+02,  0.0000000E+00,  2.5068521E+02,2089,  2.4169016E-01,  0.0000000E+00, -3.7233278E-02,  1.0010801E+03,  6.4431336E+04,3,
  7.9737427E+02,  0.0000000E+00,  2.5097685E+02,2136,  2.3844017E-01,  0.0000000E+00,  9.2202492E-02,  1.0004869E+03,  2.8991049E+04,3,
  7.9815582E+02,  0.0000000E+00,  2.5080524E+02,2072,  4.8460245E-01,  0.0000000E+00,  9.5818549E-02,  1.0006427E+03,  3.8287391E+04,3,
  7.9941168E+02,  0.0000000E+00,  2.5101944E+02,2103,  3.4747496E-01,  0.0000000E+00,  9.2466265E-02,  1.0004797E+03,  2.8565221E+04,3,
  8.0008795E+02,  0.0000000E+00,  2.5108720E+02,2104,  3.2434121E-01,  0.0000000E+00,  1.0689624E-01,  1.0005474E+03,  3.2598586E+04,3,
  8.0098108E+02,  0.0000000E+00,  2.5108821E+02,2134,  2.6770785E-01,  0.0000000E+00,  1.5125290E-01,  1.0005307E+03,  3.1604654E+04,3,
  8.0232947E+02,  0.0000000E+00,  2.5058530E+02,2083,  1.1138637E-01,  0.0000000E+00,  1.6407003E-01,  1.0012403E+03,  7.4020383E+04,3,
  8.0350061E+02,  0.0000000E+00,  2.5080630E+02,2115,  1.6741639E-01,  0.0000000E+00,  1.8938309E-01,  1.0010024E+03,  5.9782652E+04,3,
  8.0466455E+02,  0.0000000E+00,  2.5081847E+02,2059,  1.3059050E-01,  0.0000000E+00,  1.0866793E-01,  1.0008718E+03,  5.1972766E+04,3,
  8.0557129E+02,  0.0000000E+00,  2.5123970E+02,2096, -2.6779445E-02,  0.0000000E+00,  9.8883219E-02,  1.0002954E+03,  1.7580055E+04,3,
  8.0628455E+02,  0.0000000E+00,  2.5105702E+02,2099, -1.0805316E-02,  0.0000000E+00,  4.9684670E-02,  1.0006113E+03,  3.6415043E+04,3,
  8.0762134E+02,  0.0000000E+00,  2.5046144E+02,2073,  4.6245784E-02,  0.0000000E+00,  8.3264727E-03,  1.0016551E+03,  9.8898242E+04,3,
  8.0881671E+02,  0.0000000E+00,  2.5120244E+02,2085,  1.5680548E-02,  0.0000000E+00, -8.5730307E-02,  1.0004822E+03,  2.8710801E+04,3,
  8.0971674E+02,  0.0000000E+00,  2.5109564E+02,2079,  1.1379614E-01,  0.0000000E+00, -1.1581728E-01,  1.0005422E+03,  3.2289109E+04,3,
  8.1098773E+02,  0.0000000E+00,  2.5056618E+02,2058,  1.2938771E-01,  0.0000000E+00, -1.4393480E-01,  1.0013289E+03,  7.9330469E+04,3,
  8.1206702E+02,  0.0000000E+00,  2.5121338E+02,2082,  1.1950550E-01,  0.0000000E+00, -2.2187923E-01,  1.0004180E+03,  2.4886385E+04,3,
  8.1301105E+02,  0.0000000E+00,  2.5106392E+02,2071,  2.3387149E-01,  0.0000000E+00, -2.2803165E-01,  1.0006249E+03,  3.7223680E+04,3,
  8.1427319E+02,  0.0000000E+00,  2.5056314E+02,2100,  2.0433733E-01,  0.0000000E+00, -1.5080535E-01,  1.0014138E+03,  8.4420125E+04,3,
  8.1550769E+02,  0.0000000E+00,  2.5101735E+02,2066,  1.4789514E-01,  0.0000000E+00, -5.6034215E-02,  1.0006493E+03,  3.8680848E+04,3,
  8.1720032E+02,  0.0000000E+00,  2.5081223E+02,2081,  1.4730647E-01,  0.0000000E+00,  1.0082915E-01,  1.0008496E+03,  5.0644965E+04,3,
  8.1651562E+02,  0.0000000E+00,  2.5119484E+02,2053,  1.9036993E-01,  0.0000000E+00,  4.5769043E-02,  1.0003223E+03,  1.9179787E+04,3,
  8.1995996E+02,  0.0000000E+00,  2.5073135E+02,2050,  4.0078443E-01,  0.0000000E+00,  2.0195949E-01,  1.0009431E+03,  5.6230949E+04,3,
  8.1879187E+02,  0.0000000E+00,  2.5083490E+02,2062,  2.8264594E-01,  0.0000000E+00,  1.5984412E-01,  1.0007184E+03,  4.2805789E+04,3,
  8.1995776E+02,  0.0000000E+00,  2.5106349E+02,2046,  9.9057369E-02,  0.0000000E+00,  3.6192711E-02,  1.0005662E+03,  3.3720066E+04,3,
  1.9499770E+02,  0.0000000E+00,  2.5740726E+02,3261,  7.4181598E-01,  0.0000000E+00, -8.9752305E-01,  9.9968811E+02, -1.8526975E+04,3,
  1.9533011E+02,  0.0000000E+00,  2.5749985E+02,3260,  7.5620687E-01,  0.0000000E+00, -5.1757365E-01,  9.9950446E+02, -2.9420287E+04,3,
  1.9623930E+02,  0.0000000E+00,  2.5682541E+02,3139,  6.8918490E-01,  0.0000000E+00,  6.1386216E-01,  1.0017326E+03,  1.0355414E+05,3,
  1.9678619E+02,  0.0000000E+00,  2.5733478E+02,3102,  1.1125985E+00,  0.0000000E+00, -1.4592373E+00,  9.9886707E+02, -6.7133445E+04,3,
  1.9919919E+02,  0.0000000E+00,  2.5727527E+02,3250,  1.4784809E+00,  0.0000000E+00, -1.8725374E+00,  9.9832251E+02, -9.9239586E+04,3,
  1.9811932E+02,  0.0000000E+00,  2.5700009E+02,3240,  3.0129954E-01,  0.0000000E+00, -6.2704760E-01,  1.0014439E+03,  8.6224625E+04,3,
  1.9511705E+02,  0.0000000E+00,  2.5666504E+02,3252,  1.2037394E+00,  0.0000000E+00, -1.5980827E+00,  1.0003192E+03,  1.8994350E+04,3,
  2.0003165E+02,  0.0000000E+00,  2.5730576E+02,2848,  1.5211699E+00,  0.0000000E+00, -2.9609187E+00,  1.0009365E+03,  5.5840449E+04,3,
  2.0289468E+02,  0.0000000E+00,  2.5760876E+02,3203,  1.5253311E+00,  0.0000000E+00, -3.1878394E-01,  9.9805981E+02, -1.1469016E+05,3,
  2.0242270E+02,  0.0000000E+00,  2.5702432E+02,3195,  1.7502660E+00,  0.0000000E+00, -6.9950175E-01,  9.9892407E+02, -6.3766332E+04,3,
  2.0210573E+02,  0.0000000E+00,  2.5678738E+02,3177, -5.6227642E-01,  0.0000000E+00, -6.0770941E-01,  1.0025504E+03,  1.5280395E+05,3,
  2.0401729E+02,  0.0000000E+00,  2.5670920E+02,3148,  3.7121791E-01,  0.0000000E+00, -1.8931506E+00,  1.0020455E+03,  1.2237204E+05,3,
  2.0546216E+02,  0.0000000E+00,  2.5724435E+02,3221,  7.0107746E-01,  0.0000000E+00, -2.4145760E-01,  9.9815100E+02, -1.0932973E+05,3,
  2.0598965E+02,  0.0000000E+00,  2.5621365E+02,3231,  1.0968786E+00,  0.0000000E+00,  1.0181256E-01,  1.0027975E+03,  1.6773519E+05,3,
  2.0532164E+02,  0.0000000E+00,  2.5817374E+02,3232,  2.4489970E+00,  0.0000000E+00, -1.1594100E+00,  1.0004166E+03,  2.4802707E+04,3,
  2.0772263E+02,  0.0000000E+00,  2.5745062E+02,3157,  1.5831641E+00,  0.0000000E+00, -6.2177259E-02,  9.9838232E+02, -9.5718148E+04,3,
  2.0835207E+02,  0.0000000E+00,  2.5741040E+02,3213,  1.5858572E+00,  0.0000000E+00,  1.8400109E+00,  1.0012939E+03,  7.7230969E+04,3,
  2.0958936E+02,  0.0000000E+00,  2.5624597E+02,3242,  1.8187795E+00,  0.0000000E+00,  4.7671676E-01,  1.0026427E+03,  1.5838077E+05,3,
  2.1246901E+02,  0.0000000E+00,  2.5644397E+02,3243,  2.8396776E+00,  0.0000000E+00,  8.3021626E-02,  1.0022740E+03,  1.3613245E+05,3,
  2.1107051E+02,  0.0000000E+00,  2.5746738E+02,3204,  6.9873440E-01,  0.0000000E+00,  5.1448122E-02,  9.9227130E+02, -4.4901397E+05,3,
  2.1215216E+02,  0.0000000E+00,  2.5801477E+02,2857,  5.6363839E-01,  0.0000000E+00, -3.3763739E-01,  1.0023989E+03,  1.4366214E+05,3,
  2.1462796E+02,  0.0000000E+00,  2.5753598E+02,2957,  2.1328166E+00,  0.0000000E+00, -2.1152568E-01,  9.9933691E+02, -3.9347387E+04,3,
  2.1528130E+02,  0.0000000E+00,  2.5690906E+02,3194,  7.6598835E-01,  0.0000000E+00, -9.3284287E-02,  1.0012208E+03,  7.2850492E+04,3,
  2.1633835E+02,  0.0000000E+00,  2.5730151E+02,3185,  1.5361506E+00,  0.0000000E+00,  5.6769848E-01,  9.9687408E+02, -1.8412661E+05,3,
  2.1836513E+02,  0.0000000E+00,  2.5628729E+02,2830,  1.2509348E+00,  0.0000000E+00, -1.0911394E+00,  1.0000520E+03,  3.0924116E+03,3,
  2.1943407E+02,  0.0000000E+00,  2.5514091E+02,3214,  1.3122402E+00,  0.0000000E+00, -5.1646566E-01,  1.0006107E+03,  3.6378621E+04,3,
  2.2016922E+02,  0.0000000E+00,  2.5457176E+02,3144,  3.3115798E-01,  0.0000000E+00,  4.7324419E-01,  1.0015511E+03,  9.2658328E+04,3,
  2.1789536E+02,  0.0000000E+00,  2.5740106E+02,3130,  1.5843402E+00,  0.0000000E+00, -8.4249878E-01,  1.0015699E+03,  9.3782914E+04,3,
  2.1697171E+02,  0.0000000E+00,  2.5763391E+02,2966,  2.4891565E+00,  0.0000000E+00, -8.7767088E-01,  1.0018120E+03,  1.0832227E+05,3,
  2.1403055E+02,  0.0000000E+00,  2.5815045E+02,3233,  1.4807297E+00,  0.0000000E+00, -4.4550142E-01,  1.0006765E+03,  4.0302195E+04,3,
  2.2095067E+02,  0.0000000E+00,  2.5475769E+02,3215,  2.2894580E+00,  0.0000000E+00,  4.4506460E-01,  1.0010913E+03,  6.5099789E+04,3,
  2.2273111E+02,  0.0000000E+00,  2.5541162E+02,3186,  2.2117805E+00,  0.0000000E+00,  1.0646740E-01,  1.0007281E+03,  4.3388957E+04,3,
  2.2434270E+02,  0.0000000E+00,  2.5507011E+02,3176,  2.2022016E+00,  0.0000000E+00, -1.5841794E-01,  1.0004756E+03,  2.8317738E+04,3,
  2.2521974E+02,  0.0000000E+00,  2.5481233E+02,2975,  1.7940866E+00,  0.0000000E+00,  1.2830254E-01,  1.0011550E+03,  6.8910438E+04,3,
  2.2326685E+02,  0.0000000E+00,  2.5480159E+02,2821,  1.8936926E+00,  0.0000000E+00,  2.8121483E-01,  1.0009504E+03,  5.6668914E+04,3,
  2.2613860E+02,  0.0000000E+00,  2.5492340E+02,3030,  2.0974338E+00,  0.0000000E+00,  1.0804242E-01,  1.0008035E+03,  4.7891434E+04,3,
  2.2732509E+02,  0.0000000E+00,  2.5466243E+02,3206,  2.7130964E+00,  0.0000000E+00,  2.0679815E-01,  1.0014458E+03,  8.6338102E+04,3,
  2.2862154E+02,  0.0000000E+00,  2.5490889E+02,2803,  2.4121151E+00,  0.0000000E+00,  8.0196887E-02,  1.0009673E+03,  5.7679949E+04,3,
  2.2964709E+02,  0.0000000E+00,  2.5501120E+02,2948,  2.2764468E+00,  0.0000000E+00,  2.7826786E-01,  1.0009243E+03,  5.5110582E+04,3,
  2.3050233E+02,  0.0000000E+00,  2.5504309E+02,3149,  2.3346891E+00,  0.0000000E+00,  2.5232866E-01,  1.0009305E+03,  5.5479160E+04,3,
  2.3240077E+02,  0.0000000E+00,  2.5787076E+02,3011,  2.7213793E+00,  0.0000000E+00,  4.6852458E-01,  1.0000680E+03,  4.0435583E+03,3,
  2.3133803E+02,  0.0000000E+00,  2.5492406E+02,3085,  2.5830326E+00,  0.0000000E+00,  2.8376251E-01,  1.0006543E+03,  3.8979594E+04,3,
  2.3254448E+02,  0.0000000E+00,  2.5487238E+02,3049,  2.5506968E+00,  0.0000000E+00,  5.5158190E-02,  1.0010045E+03,  5.9903133E+04,3,
  2.3363885E+02,  0.0000000E+00,  2.5506587E+02,3103,  2.1807647E+00,  0.0000000E+00, -2.2053619E-01,  1.0009458E+03,  5.6395184E+04,3,
  2.3085915E+02,  0.0000000E+00,  2.5806390E+02,3012,  2.8893044E+00,  0.0000000E+00,  6.9826317E-01,  1.0000383E+03,  2.2792898E+03,3,
  2.3403014E+02,  0.0000000E+00,  2.5815277E+02,3076,  2.7502246E+00,  0.0000000E+00,  3.9972880E-01,  1.0001302E+03,  7.7437339E+03,3,
  2.3469232E+02,  0.0000000E+00,  2.5463020E+02,3179,  1.8992705E+00,  0.0000000E+00, -2.2698328E-01,  1.0013815E+03,  8.2480555E+04,3,
  2.3567589E+02,  0.0000000E+00,  2.5811880E+02,3159,  2.6103625E+00,  0.0000000E+00,  3.3623523E-01,  1.0000243E+03,  1.4444572E+03,3,
  2.3587486E+02,  0.0000000E+00,  2.5484596E+02,2984,  2.0305860E+00,  0.0000000E+00, -5.0815069E-03,  1.0009997E+03,  5.9618359E+04,3,
  2.3680846E+02,  0.0000000E+00,  2.5521049E+02,3131,  2.0741270E+00,  0.0000000E+00,  8.2787305E-02,  1.0006898E+03,  4.1100215E+04,3,
  2.3898170E+02,  0.0000000E+00,  2.5781235E+02,3158,  2.5320950E+00,  0.0000000E+00, -1.3553393E-01,  1.0001259E+03,  7.4858755E+03,3,
  2.3773952E+02,  0.0000000E+00,  2.5484840E+02,2794,  2.0743566E+00,  0.0000000E+00,  2.1586040E-02,  1.0008807E+03,  5.2505398E+04,3,
  2.3872777E+02,  0.0000000E+00,  2.5526863E+02,3067,  1.9892951E+00,  0.0000000E+00,  2.6839796E-02,  1.0006318E+03,  3.7635309E+04,3,
  2.3994084E+02,  0.0000000E+00,  2.5447363E+02,3171,  2.0003698E+00,  0.0000000E+00,  9.1455497E-02,  1.0016721E+03,  9.9917227E+04,3,
  2.4111967E+02,  0.0000000E+00,  2.5526624E+02,2912,  2.0911932E+00,  0.0000000E+00,  1.3114510E-01,  1.0006349E+03,  3.7824734E+04,3,
  2.4178764E+02,  0.0000000E+00,  2.5517715E+02,3104,  2.0558996E+00,  0.0000000E+00,  1.2810837E-01,  1.0005445E+03,  3.2427463E+04,3,
  2.4317709E+02,  0.0000000E+00,  2.5466678E+02,3161,  2.0908504E+00,  0.0000000E+00,  7.7328525E-02,  1.0011882E+03,  7.0902203E+04,3,
  2.4381761E+02,  0.0000000E+00,  2.5525356E+02,3141,  1.9124355E+00,  0.0000000E+00,  3.9426941E-02,  1.0006721E+03,  4.0043492E+04,3,
  2.4632262E+02,  0.0000000E+00,  2.5792349E+02,2921,  2.4147596E+00,  0.0000000E+00, -7.5116672E-02,  1.0000547E+03,  3.2557700E+03,3,
  2.4523407E+02,  0.0000000E+00,  2.5493260E+02,3126,  2.0178118E+00,  0.0000000E+00, -7.8279832E-03,  1.0013502E+03,  8.0603555E+04,3,
  2.4671964E+02,  0.0000000E+00,  2.5474820E+02,3135,  1.8625584E+00,  0.0000000E+00, -2.4953549E-01,  1.0014628E+03,  8.7355805E+04,3,
  2.4850914E+02,  0.0000000E+00,  2.5513200E+02,2785,  2.1448200E+00,  0.0000000E+00, -3.2030213E-01,  1.0009643E+03,  5.7501094E+04,3,
  2.4894829E+02,  0.0000000E+00,  2.5768222E+02,2776,  2.5002384E+00,  0.0000000E+00, -7.1202928E-01,  1.0002670E+03,  1.5889708E+04,3,
  2.4866988E+02,  0.0000000E+00,  2.5399446E+02,3132,  1.7442269E+00,  0.0000000E+00, -9.5632583E-01,  1.0008992E+03,  5.3607227E+04,3,
  2.4988840E+02,  0.0000000E+00,  2.5356944E+02,3123,  1.8438747E+00,  0.0000000E+00, -1.2344656E+00,  1.0004721E+03,  2.8110295E+04,3,
  2.5267299E+02,  0.0000000E+00,  2.5520702E+02,3040,  2.8203161E+00,  0.0000000E+00,  2.2412641E-01,  1.0007368E+03,  4.3906547E+04,3,
  2.5103481E+02,  0.0000000E+00,  2.5272107E+02,3087,  1.9953986E+00,  0.0000000E+00, -2.7892914E-01,  1.0012075E+03,  7.2053586E+04,3,
  2.5260930E+02,  0.0000000E+00,  2.5312189E+02,3013,  1.4378556E+00,  0.0000000E+00,  3.1362902E-02,  1.0006930E+03,  4.1289711E+04,3,
  2.5339664E+02,  0.0000000E+00,  2.5295352E+02,2976,  1.3933474E+00,  0.0000000E+00, -3.8641423E-02,  1.0009330E+03,  5.5632434E+04,3,
  2.5006148E+02,  0.0000000E+00,  2.5239937E+02,3090,  7.1335815E-02,  0.0000000E+00, -4.9787895E-03,  1.0017775E+03,  1.0625335E+05,3,
  2.5232382E+02,  0.0000000E+00,  2.5715579E+02,3021,  2.3323188E+00,  0.0000000E+00, -5.1451701E-01,  1.0006342E+03,  3.7781020E+04,3,
  2.5362949E+02,  0.0000000E+00,  2.5788022E+02,3189,  2.6267226E+00,  0.0000000E+00, -1.3216978E-01,  1.0002110E+03,  1.2553483E+04,3,
  2.5117813E+02,  0.0000000E+00,  2.5773550E+02,3188,  2.3057308E+00,  0.0000000E+00, -5.5624104E-01,  1.0003676E+03,  2.1881738E+04,3,
  2.5008452E+02,  0.0000000E+00,  2.5781021E+02,3187,  2.4044337E+00,  0.0000000E+00, -6.3605624E-01,  1.0003364E+03,  2.0019748E+04,3,
  2.4785841E+02,  0.0000000E+00,  2.5818759E+02,3150,  2.3893852E+00,  0.0000000E+00, -4.8264512E-01,  1.0001668E+03,  9.9230898E+03,3,
  2.5440051E+02,  0.0000000E+00,  2.5286308E+02,3031,  1.4618961E+00,  0.0000000E+00, -6.4703561E-02,  1.0011052E+03,  6.5932672E+04,3,
  2.5453198E+02,  0.0000000E+00,  2.5738623E+02,3169,  2.6261604E+00,  0.0000000E+00,  1.1393377E-01,  1.0003143E+03,  1.8707111E+04,3,
  2.5537941E+02,  0.0000000E+00,  2.5680685E+02,3121,  2.6185148E+00,  0.0000000E+00,  1.9891728E-01,  1.0006212E+03,  3.7001480E+04,3,
  2.5678091E+02,  0.0000000E+00,  2.5695020E+02,3039,  2.6690104E+00,  0.0000000E+00,  4.6671677E-01,  1.0003016E+03,  1.7950879E+04,3,
  2.5570428E+02,  0.0000000E+00,  2.5270027E+02,2740,  1.7003279E+00,  0.0000000E+00,  7.8392969E-03,  1.0012378E+03,  7.3870484E+04,3,
  2.5743842E+02,  0.0000000E+00,  2.5610825E+02,3140,  2.4823377E+00,  0.0000000E+00, -1.1585642E-01,  1.0007867E+03,  4.6888684E+04,3,
  2.5599065E+02,  0.0000000E+00,  2.5332571E+02,2930,  1.2612513E+00,  0.0000000E+00, -5.6024801E-02,  1.0006000E+03,  3.5741230E+04,3,
  2.5697800E+02,  0.0000000E+00,  2.5342871E+02,2967,  1.3963386E+00,  0.0000000E+00,  1.4458366E-01,  1.0004007E+03,  2.3853207E+04,3,
  2.5889099E+02,  0.0000000E+00,  2.5662006E+02,2994,  2.2971802E+00,  0.0000000E+00,  4.0729773E-01,  1.0007816E+03,  4.6582406E+04,3,
  2.6024258E+02,  0.0000000E+00,  2.5787906E+02,3105,  2.2717462E+00,  0.0000000E+00,  3.5182330E-01,  1.0002034E+03,  1.2099291E+04,3,
  2.6064307E+02,  0.0000000E+00,  2.5519569E+02,3058,  2.0676806E+00,  0.0000000E+00, -8.6125016E-02,  1.0007962E+03,  4.7453859E+04,3,
  2.5844589E+02,  0.0000000E+00,  2.5233789E+02,3072,  1.4455181E+00,  0.0000000E+00,  2.7932327E-02,  1.0024849E+03,  1.4885450E+05,3,
  2.5958710E+02,  0.0000000E+00,  2.5326648E+02,3096,  1.3604820E+00,  0.0000000E+00,  6.8269163E-02,  1.0006288E+03,  3.7460453E+04,3,
  2.6060925E+02,  0.0000000E+00,  2.5270384E+02,3107,  1.3420545E+00,  0.0000000E+00,  8.0926090E-02,  1.0013422E+03,  8.0124297E+04,3,
  2.6201758E+02,  0.0000000E+00,  2.5296358E+02,3077,  1.4204180E+00,  0.0000000E+00,  4.0170275E-02,  1.0007224E+03,  4.3042695E+04,3,
  2.6296988E+02,  0.0000000E+00,  2.5752826E+02,3086,  2.4211245E+00,  0.0000000E+00,  2.2603233E-01,  1.0003984E+03,  2.3718611E+04,3,
  2.6272122E+02,  0.0000000E+00,  2.5551303E+02,2885,  1.6047916E+00,  0.0000000E+00,  7.6746270E-02,  1.0007706E+03,  4.5922488E+04,3,
  2.6281982E+02,  0.0000000E+00,  2.5275648E+02,3004,  1.4782559E+00,  0.0000000E+00,  1.8802427E-03,  1.0010363E+03,  6.1805457E+04,3,
  2.6452890E+02,  0.0000000E+00,  2.5777582E+02,3003,  2.2024491E+00,  0.0000000E+00,  3.4653804E-01,  1.0002689E+03,  1.5998754E+04,3,
  2.6564859E+02,  0.0000000E+00,  2.5805612E+02,3133,  2.2032154E+00,  0.0000000E+00,  2.2367194E-01,  1.0002311E+03,  1.3752650E+04,3,
  2.6399701E+02,  0.0000000E+00,  2.5285182E+02,3069,  1.5340558E+00,  0.0000000E+00, -1.9131653E-02,  1.0008063E+03,  4.8055531E+04,3,
  2.6479816E+02,  0.0000000E+00,  2.5303142E+02,3060,  1.4373978E+00,  0.0000000E+00, -1.9517064E-02,  1.0005317E+03,  3.1666545E+04,3,
  2.6508209E+02,  0.0000000E+00,  2.5568973E+02,2939,  1.4056004E+00,  0.0000000E+00,  2.4770537E-02,  1.0006870E+03,  4.0928945E+04,3,
  2.6532950E+02,  0.0000000E+00,  2.5311784E+02,2867,  1.3893788E+00,  0.0000000E+00, -4.0187508E-02,  1.0004905E+03,  2.9209430E+04,3,
  2.6669519E+02,  0.0000000E+00,  2.5543976E+02,2876,  1.3561381E+00,  0.0000000E+00,  1.7618309E-01,  1.0007379E+03,  4.3968512E+04,3,
  2.6704034E+02,  0.0000000E+00,  2.5249841E+02,2946,  1.3880206E+00,  0.0000000E+00,  4.3232393E-02,  1.0021661E+03,  1.2963041E+05,3,
  2.6821820E+02,  0.0000000E+00,  2.5551549E+02,3022,  1.0233530E+00,  0.0000000E+00,  1.0203833E-01,  1.0007906E+03,  4.7118395E+04,3,
  2.6881021E+02,  0.0000000E+00,  2.5246338E+02,3045,  2.1129811E+00,  0.0000000E+00, -2.8428672E-02,  1.0016625E+03,  9.9345406E+04,3,
  2.6917172E+02,  0.0000000E+00,  2.5772531E+02,3095,  2.2103863E+00,  0.0000000E+00,  5.5727488E-01,  1.0001570E+03,  9.3418818E+03,3,
  2.7075043E+02,  0.0000000E+00,  2.5812195E+02,3142,  2.2668002E+00,  0.0000000E+00,  3.5910666E-01,  1.0000264E+03,  1.5714924E+03,3,
  2.7023453E+02,  0.0000000E+00,  2.5301891E+02,2704,  1.1892292E+00,  0.0000000E+00,  6.1447686E-01,  1.0007836E+03,  4.6702730E+04,3,
  2.7054956E+02,  0.0000000E+00,  2.5634982E+02,3051,  1.6392000E+00,  0.0000000E+00,  4.8964018E-01,  1.0010369E+03,  6.1845625E+04,3,
  2.7028995E+02,  0.0000000E+00,  2.5335823E+02,2722,  5.5379438E-01,  0.0000000E+00,  5.8263505E-01,  1.0004637E+03,  2.7611723E+04,3,
  2.7092422E+02,  0.0000000E+00,  2.5364784E+02,2949,  5.4385287E-01,  0.0000000E+00,  7.8647006E-01,  1.0006033E+03,  3.5934266E+04,3,
  2.7359195E+02,  0.0000000E+00,  2.5645694E+02,2985,  1.7172939E+00,  0.0000000E+00, -4.3732044E-01,  1.0014778E+03,  8.8260117E+04,3,
  2.7217282E+02,  0.0000000E+00,  2.5449828E+02,2995,  2.1814356E+00,  0.0000000E+00,  1.6998918E+00,  1.0006556E+03,  3.9059746E+04,3,
  2.7395593E+02,  0.0000000E+00,  2.5516753E+02,2958,  2.5154269E+00,  0.0000000E+00, -2.5946392E-02,  1.0000515E+03,  3.0597402E+03,3,
  2.7192480E+02,  0.0000000E+00,  2.5816898E+02,3152,  2.0537643E+00,  0.0000000E+00,  1.9010045E-02,  1.0000123E+03,  7.3309015E+02,3,
  2.7383502E+02,  0.0000000E+00,  2.5807977E+02,3143,  2.7266872E+00,  0.0000000E+00, -3.8501337E-01,  9.9993793E+02, -3.6900310E+03,3,
  2.7528915E+02,  0.0000000E+00,  2.5488625E+02,2695,  1.6288195E+00,  0.0000000E+00, -6.3559234E-02,  1.0007025E+03,  4.1858211E+04,3,
  2.7667395E+02,  0.0000000E+00,  2.5790439E+02,2894,  2.9029157E+00,  0.0000000E+00,  5.1671296E-02,  1.0001061E+03,  6.3092529E+03,3,
  2.7730167E+02,  0.0000000E+00,  2.5745959E+02,3068,  2.8849795E+00,  0.0000000E+00,  1.8246052E-01,  1.0001533E+03,  9.1203047E+03,3,
  2.7630923E+02,  0.0000000E+00,  2.5505832E+02,2831,  1.5696611E+00,  0.0000000E+00,  7.2447442E-02,  1.0004320E+03,  2.5719553E+04,3,
  2.7914929E+02,  0.0000000E+00,  2.5757950E+02,2903,  2.6439414E+00,  0.0000000E+00,  3.5283706E-01,  1.0002021E+03,  1.2022988E+04,3,
  2.7733173E+02,  0.0000000E+00,  2.5459157E+02,3061,  2.1037123E+00,  0.0000000E+00,  1.7082311E-01,  1.0011472E+03,  6.8446359E+04,3,
  2.7881543E+02,  0.0000000E+00,  2.5504164E+02,2913,  1.8995754E+00,  0.0000000E+00,  1.3370720E-01,  1.0005214E+03,  3.1051299E+04,3,
  2.8107050E+02,  0.0000000E+00,  2.5797128E+02,2749,  2.5723391E+00,  0.0000000E+00,  1.5521193E-01,  1.0001790E+03,  1.0649648E+04,3,
  2.7983133E+02,  0.0000000E+00,  2.5515303E+02,2922,  1.9239230E+00,  0.0000000E+00,  6.1616927E-02,  1.0004452E+03,  2.6505486E+04,3,
  2.8095300E+02,  0.0000000E+00,  2.5456415E+02,3062,  1.9218410E+00,  0.0000000E+00, -3.3782378E-02,  1.0012825E+03,  7.6547078E+04,3,
  2.7541296E+02,  0.0000000E+00,  2.5819223E+02,3122,  3.0816205E+00,  0.0000000E+00, -2.2441168E-01,  1.0000668E+03,  3.9745791E+03,3,
  2.8226303E+02,  0.0000000E+00,  2.5799426E+02,2758,  2.4902761E+00,  0.0000000E+00, -5.0383527E-03,  1.0001843E+03,  1.0962085E+04,3,
  2.8255304E+02,  0.0000000E+00,  2.5514992E+02,3041,  1.8077704E+00,  0.0000000E+00, -7.7679560E-02,  1.0002972E+03,  1.7689119E+04,3,
  2.8324789E+02,  0.0000000E+00,  2.5741159E+02,3042,  2.7116678E+00,  0.0000000E+00, -9.8191932E-02,  1.0002157E+03,  1.2833276E+04,3,
  2.8305475E+02,  0.0000000E+00,  2.5507903E+02,2713,  1.7233934E+00,  0.0000000E+00, -7.5427659E-02,  1.0003724E+03,  2.2169066E+04,3,
  2.8466306E+02,  0.0000000E+00,  2.5787982E+02,3113,  2.6038909E+00,  0.0000000E+00, -1.0442982E-01,  1.0002081E+03,  1.2379071E+04,3,
  2.8419324E+02,  0.0000000E+00,  2.5474203E+02,2804,  1.8119366E+00,  0.0000000E+00, -4.4371903E-02,  1.0008834E+03,  5.2662273E+04,3,
  2.8715863E+02,  0.0000000E+00,  2.5807068E+02,3114,  2.7432497E+00,  0.0000000E+00,  2.2177311E-02,  1.0002369E+03,  1.4097893E+04,3,
  2.8548102E+02,  0.0000000E+00,  2.5492509E+02,2996,  1.7986181E+00,  0.0000000E+00,  1.5496405E-02,  1.0006429E+03,  3.8301965E+04,3,
  2.8649075E+02,  0.0000000E+00,  2.5484517E+02,2941,  1.8194286E+00,  0.0000000E+00,  5.7393581E-02,  1.0007692E+03,  4.5842281E+04,3,
  2.8755444E+02,  0.0000000E+00,  2.5496306E+02,2931,  1.9692203E+00,  0.0000000E+00,  3.8836487E-02,  1.0005562E+03,  3.3122898E+04,3,
  2.8596747E+02,  0.0000000E+00,  2.5806189E+02,3124,  2.6318634E+00,  0.0000000E+00, -7.3445067E-02,  1.0002253E+03,  1.3403787E+04,3,
  2.8825671E+02,  0.0000000E+00,  2.5518425E+02,2731,  1.9285302E+00,  0.0000000E+00,  2.9694954E-02,  1.0002190E+03,  1.3029499E+04,3,
  2.8919986E+02,  0.0000000E+00,  2.5482341E+02,2950,  1.9115791E+00,  0.0000000E+00,  5.5046524E-03,  1.0008446E+03,  5.0345871E+04,3,
  2.9072180E+02,  0.0000000E+00,  2.5482228E+02,2641,  1.8613049E+00,  0.0000000E+00,  4.8095394E-02,  1.0009828E+03,  5.8607129E+04,3,
  2.9088235E+02,  0.0000000E+00,  2.5540866E+02,2986,  1.4618908E+00,  0.0000000E+00,  6.8868257E-02,  1.0003502E+03,  2.0845236E+04,3,
  2.9180841E+02,  0.0000000E+00,  2.5800775E+02,3032,  2.4783902E+00,  0.0000000E+00,  6.4250201E-01,  1.0001528E+03,  9.0912461E+03,3,
  2.9228268E+02,  0.0000000E+00,  2.5523877E+02,2650,  1.8863233E+00,  0.0000000E+00,  2.1927328E-01,  1.0005674E+03,  3.3796535E+04,3,
  2.9362103E+02,  0.0000000E+00,  2.5484215E+02,3008,  1.6523979E+00,  0.0000000E+00, -4.1704446E-01,  1.0011854E+03,  7.0734070E+04,3,
  2.9476208E+02,  0.0000000E+00,  2.5803079E+02,3116,  1.6606262E+00,  0.0000000E+00,  2.4872434E-01,  1.0002620E+03,  1.5588021E+04,3,
  2.9465909E+02,  0.0000000E+00,  2.5417270E+02,2999,  9.2079884E-01,  0.0000000E+00, -9.8309386E-01,  1.0012949E+03,  7.7293141E+04,3,
  2.9542032E+02,  0.0000000E+00,  2.5788257E+02,2977,  1.9700774E+00,  0.0000000E+00,  6.7404717E-02,  1.0003148E+03,  1.8732562E+04,3,
  2.9563596E+02,  0.0000000E+00,  2.5285231E+02,3009,  9.2696947E-01,  0.0000000E+00, -6.1265838E-01,  1.0013122E+03,  7.8328211E+04,3,
  2.9694043E+02,  0.0000000E+00,  2.5780429E+02,3108,  1.7288184E+00,  0.0000000E+00,  1.3643439E-01,  1.0003725E+03,  2.2172705E+04,3,
  2.9783716E+02,  0.0000000E+00,  2.5336682E+02,2849,  1.2790986E+00,  0.0000000E+00,  2.4135371E-01,  1.0004259E+03,  2.5355715E+04,3,
  2.9826379E+02,  0.0000000E+00,  2.5574377E+02,2968,  9.5522046E-01,  0.0000000E+00, -5.5750835E-01,  1.0002994E+03,  1.7816361E+04,3,
  2.9793967E+02,  0.0000000E+00,  2.5743008E+02,3117,  1.5825750E+00,  0.0000000E+00,  9.5096208E-02,  1.0003914E+03,  2.3300283E+04,3,
  2.9775540E+02,  0.0000000E+00,  2.5324966E+02,3015,  8.4991324E-01,  0.0000000E+00,  2.5286523E-01,  1.0005211E+03,  3.1033096E+04,3,
  2.9949994E+02,  0.0000000E+00,  2.5674957E+02,3078,  1.3727443E+00,  0.0000000E+00,  2.2784593E-03,  1.0003707E+03,  2.2063590E+04,3,
  3.0040558E+02,  0.0000000E+00,  2.5657867E+02,3059,  1.3731467E+00,  0.0000000E+00,  4.1451368E-02,  1.0003391E+03,  2.0179750E+04,3,
  2.9964172E+02,  0.0000000E+00,  2.5327628E+02,3005,  1.7490770E+00,  0.0000000E+00,  5.6890782E-02,  1.0011702E+03,  6.9824039E+04,3,
  3.0170636E+02,  0.0000000E+00,  2.5609412E+02,2959,  1.3014724E+00,  0.0000000E+00,  4.3414749E-02,  1.0005271E+03,  3.1389861E+04,3,
  2.9636340E+02,  0.0000000E+00,  2.5269591E+02,2937,  5.5761349E-01,  0.0000000E+00, -7.4449070E-02,  1.0013289E+03,  7.9330469E+04,3,
  3.0151495E+02,  0.0000000E+00,  2.5143613E+02,2981,  4.0568319E-01,  0.0000000E+00, -4.2175025E-01,  1.0011677E+03,  6.9670555E+04,3,
  3.0023349E+02,  0.0000000E+00,  2.5209549E+02,2963,  3.5842919E-01,  0.0000000E+00, -3.9897934E-01,  1.0014698E+03,  8.7776828E+04,3,
  3.0227316E+02,  0.0000000E+00,  2.5437248E+02,2886,  1.3099996E+00,  0.0000000E+00, -1.8274938E-03,  1.0007392E+03,  4.4048707E+04,3,
  3.0270425E+02,  0.0000000E+00,  2.5688956E+02,3097,  1.3080257E+00,  0.0000000E+00,  2.4391931E-01,  1.0002455E+03,  1.4610326E+04,3,
  3.0382938E+02,  0.0000000E+00,  2.5698834E+02,3088,  1.2613462E+00,  0.0000000E+00,  3.0577457E-01,  1.0002817E+03,  1.6765744E+04,3,
  3.0501331E+02,  0.0000000E+00,  2.5689560E+02,3099,  1.2610884E+00,  0.0000000E+00,  3.2624337E-01,  1.0003417E+03,  2.0339754E+04,3,
  3.0410178E+02,  0.0000000E+00,  2.5408363E+02,3014,  8.4739828E-01,  0.0000000E+00, -1.0519265E-02,  1.0007206E+03,  4.2936996E+04,3,
  3.0635141E+02,  0.0000000E+00,  2.5701910E+02,3098,  1.1449796E+00,  0.0000000E+00,  3.1418297E-01,  1.0003110E+03,  1.8507141E+04,3,
  3.0755878E+02,  0.0000000E+00,  2.5696252E+02,2940,  1.0829818E+00,  0.0000000E+00,  2.6940322E-01,  1.0003288E+03,  1.9568852E+04,3,
  3.0663638E+02,  0.0000000E+00,  2.5409232E+02,3050,  7.3429507E-01,  0.0000000E+00, -8.3995610E-03,  1.0006011E+03,  3.5803148E+04,3,
  3.0539114E+02,  0.0000000E+00,  2.5398322E+02,2896,  7.4040741E-01,  0.0000000E+00,  1.3318855E-01,  1.0006356E+03,  3.7861164E+04,3,
  3.0813422E+02,  0.0000000E+00,  2.5402303E+02,2970,  5.7786411E-01,  0.0000000E+00,  4.9409293E-02,  1.0007344E+03,  4.3764391E+04,3,
  3.0881909E+02,  0.0000000E+00,  2.5683258E+02,3070,  1.0504148E+00,  0.0000000E+00,  2.1963251E-01,  1.0003517E+03,  2.0932516E+04,3,
  3.0951334E+02,  0.0000000E+00,  2.5447502E+02,3024,  5.1163268E-01,  0.0000000E+00, -3.5409832E-01,  1.0005142E+03,  3.0618102E+04,3,
  3.1020087E+02,  0.0000000E+00,  2.5707986E+02,3089,  9.4565994E-01,  0.0000000E+00,  2.4405909E-01,  1.0002830E+03,  1.6838447E+04,3,
  3.1069351E+02,  0.0000000E+00,  2.5384169E+02,2923,  5.7676226E-01,  0.0000000E+00,  1.9961084E-01,  1.0007769E+03,  4.6301664E+04,3,
  3.1158572E+02,  0.0000000E+00,  2.5699539E+02,3079,  7.8476977E-01,  0.0000000E+00,  2.2932081E-01,  1.0003182E+03,  1.8939811E+04,3,
  3.1289014E+02,  0.0000000E+00,  2.5705719E+02,3081,  7.5787878E-01,  0.0000000E+00,  2.0538184E-01,  1.0002997E+03,  1.7834539E+04,3,
  3.1211917E+02,  0.0000000E+00,  2.5439690E+02,2632,  5.3682727E-01,  0.0000000E+00, -4.2822830E-02,  1.0006227E+03,  3.7096188E+04,3,
  3.1425317E+02,  0.0000000E+00,  2.5698459E+02,3071,  7.2132248E-01,  0.0000000E+00,  1.7266230E-01,  1.0002784E+03,  1.6565812E+04,3,
  3.1345041E+02,  0.0000000E+00,  2.5402161E+02,2944,  4.4565666E-01,  0.0000000E+00,  7.4695960E-02,  1.0006504E+03,  3.8746426E+04,3,
  3.1535321E+02,  0.0000000E+00,  2.5671912E+02,3023,  7.1860224E-01,  0.0000000E+00,  1.4746144E-01,  1.0002631E+03,  1.5653446E+04,3,
  3.1488092E+02,  0.0000000E+00,  2.5408801E+02,2969,  3.2089674E-01,  0.0000000E+00,  2.7749693E-02,  1.0006356E+03,  3.7864809E+04,3,
  3.1645996E+02,  0.0000000E+00,  2.5603113E+02,2605,  5.5601430E-01,  0.0000000E+00,  7.8916758E-02,  1.0004161E+03,  2.4773602E+04,3,
  3.1651306E+02,  0.0000000E+00,  2.5392270E+02,2895,  2.6992193E-01,  0.0000000E+00,  1.8162925E-02,  1.0006937E+03,  4.1329797E+04,3,
  3.1795914E+02,  0.0000000E+00,  2.5705579E+02,3080,  7.8846705E-01,  0.0000000E+00,  1.0095609E-01,  1.0001469E+03,  8.7352812E+03,3,
  3.1969501E+02,  0.0000000E+00,  2.5715192E+02,3063,  6.6216636E-01,  0.0000000E+00,  1.0038590E-01,  1.0001647E+03,  9.7995801E+03,3,
  3.1834149E+02,  0.0000000E+00,  2.5528860E+02,3033,  3.8859826E-01,  0.0000000E+00, -7.7520940E-03,  1.0005314E+03,  3.1648342E+04,3,
  3.2114832E+02,  0.0000000E+00,  2.5690872E+02,3052,  6.1740410E-01,  0.0000000E+00,  9.6114933E-02,  1.0001896E+03,  1.1281797E+04,3,
  3.1860553E+02,  0.0000000E+00,  2.5376901E+02,2840,  3.1743062E-01,  0.0000000E+00,  4.0298659E-02,  1.0008117E+03,  4.8380086E+04,3,
  3.2044025E+02,  0.0000000E+00,  2.5492865E+02,2888,  3.0395392E-01,  0.0000000E+00, -9.3096035E-04,  1.0005632E+03,  3.3545281E+04,3,
  3.2122971E+02,  0.0000000E+00,  2.5372525E+02,2951,  3.5629591E-01,  0.0000000E+00,  1.0320086E-01,  1.0008754E+03,  5.2184355E+04,3,
  3.2251031E+02,  0.0000000E+00,  2.5687988E+02,3053,  5.7514983E-01,  0.0000000E+00,  8.8364512E-02,  1.0002071E+03,  1.2320935E+04,3,
  3.2287314E+02,  0.0000000E+00,  2.5452252E+02,2904,  2.7454290E-01,  0.0000000E+00, -2.5555678E-02,  1.0006326E+03,  3.7682664E+04,3,
  3.2377814E+02,  0.0000000E+00,  2.5684094E+02,2795,  5.8634007E-01,  0.0000000E+00,  9.3817443E-02,  1.0002191E+03,  1.3033133E+04,3,
  3.2507825E+02,  0.0000000E+00,  2.5691797E+02,2677,  5.5881500E-01,  0.0000000E+00,  1.0081591E-01,  1.0002154E+03,  1.2815107E+04,3,
  3.2405911E+02,  0.0000000E+00,  2.5387132E+02,2878,  3.0409771E-01,  0.0000000E+00,  1.2060136E-01,  1.0008004E+03,  4.7701816E+04,3,
  3.2626480E+02,  0.0000000E+00,  2.5678439E+02,2822,  5.3924596E-01,  0.0000000E+00,  9.5532611E-02,  1.0002262E+03,  1.3458296E+04,3,
  3.2557373E+02,  0.0000000E+00,  2.5422780E+02,2906,  2.2960226E-01,  0.0000000E+00,  4.9991952E-03,  1.0007337E+03,  4.3720648E+04,3,
  3.2754636E+02,  0.0000000E+00,  2.5680096E+02,2686,  5.0710493E-01,  0.0000000E+00,  7.0401177E-02,  1.0002186E+03,  1.3007696E+04,3,
  3.2864273E+02,  0.0000000E+00,  2.5703101E+02,3034,  5.5633307E-01,  0.0000000E+00,  4.7460999E-02,  1.0001982E+03,  1.1794085E+04,3,
  3.2698526E+02,  0.0000000E+00,  2.5400914E+02,2877,  1.9305003E-01,  0.0000000E+00,  7.5416160E-03,  1.0007547E+03,  4.4974617E+04,3,
  3.2839313E+02,  0.0000000E+00,  2.5420163E+02,2860,  1.5315185E-01,  0.0000000E+00,  8.1841730E-02,  1.0007022E+03,  4.1839992E+04,3,
  3.3007404E+02,  0.0000000E+00,  2.5705798E+02,2659,  6.0222179E-01,  0.0000000E+00,  4.3010317E-02,  1.0001973E+03,  1.1735952E+04,3,
  3.3013254E+02,  0.0000000E+00,  2.5496898E+02,2914,  3.6866790E-01,  0.0000000E+00,  5.7194702E-02,  1.0006043E+03,  3.5996180E+04,3,
  3.3005093E+02,  0.0000000E+00,  2.5314806E+02,2868,  1.4028338E-01,  0.0000000E+00,  2.9304463E-01,  1.0007885E+03,  4.6990777E+04,3,
  3.3162375E+02,  0.0000000E+00,  2.5711505E+02,3054,  5.4885614E-01,  0.0000000E+00,  2.3606524E-02,  1.0002094E+03,  1.2459010E+04,3,
  3.3181503E+02,  0.0000000E+00,  2.5439482E+02,2907,  2.9345942E-01,  0.0000000E+00, -2.7493177E-02,  1.0006305E+03,  3.7558809E+04,3,
  3.3282230E+02,  0.0000000E+00,  2.5668307E+02,2668,  5.3882784E-01,  0.0000000E+00,  3.2754266E-03,  1.0002674E+03,  1.5911518E+04,3,
  3.3405072E+02,  0.0000000E+00,  2.5688007E+02,3025,  5.8173281E-01,  0.0000000E+00, -5.2114821E-04,  1.0002217E+03,  1.3193021E+04,3,
  3.3302875E+02,  0.0000000E+00,  2.5361768E+02,2971,  3.0400997E-01,  0.0000000E+00,  1.0439000E-01,  1.0007274E+03,  4.3345219E+04,3,
  3.3521713E+02,  0.0000000E+00,  2.5644214E+02,3006,  5.8034182E-01,  0.0000000E+00,  1.1269142E-02,  1.0002801E+03,  1.6667596E+04,3,
  3.3443323E+02,  0.0000000E+00,  2.5430296E+02,2997,  2.7753648E-01,  0.0000000E+00,  3.3759515E-04,  1.0006710E+03,  3.9977906E+04,3,
  3.3580243E+02,  0.0000000E+00,  2.5357487E+02,2916,  3.1018913E-01,  0.0000000E+00,  7.9640180E-02,  1.0007656E+03,  4.5627180E+04,3,
  3.3646024E+02,  0.0000000E+00,  2.5682220E+02,3043,  5.7218945E-01,  0.0000000E+00, -2.2682541E-03,  1.0002034E+03,  1.2102924E+04,3,
  3.3758981E+02,  0.0000000E+00,  2.5691553E+02,2813,  5.9306031E-01,  0.0000000E+00, -3.1381857E-02,  1.0001891E+03,  1.1252731E+04,3,
  3.3719067E+02,  0.0000000E+00,  2.5443156E+02,2889,  3.3999026E-01,  0.0000000E+00,  1.7475255E-02,  1.0006547E+03,  3.9001453E+04,3,
  3.3866788E+02,  0.0000000E+00,  2.5646292E+02,2987,  5.3035408E-01,  0.0000000E+00, -4.9382176E-02,  1.0002279E+03,  1.3560048E+04,3,
  3.3833234E+02,  0.0000000E+00,  2.5347745E+02,2988,  3.2257038E-01,  0.0000000E+00,  1.7149722E-02,  1.0008044E+03,  4.7942488E+04,3,
  3.3995972E+02,  0.0000000E+00,  2.5701218E+02,3044,  6.5399635E-01,  0.0000000E+00, -1.0710309E-01,  1.0001556E+03,  9.2547031E+03,3,
  3.4140976E+02,  0.0000000E+00,  2.5701486E+02,3035,  7.1684492E-01,  0.0000000E+00, -1.3532573E-01,  1.0001658E+03,  9.8613350E+03,3,
  3.4020963E+02,  0.0000000E+00,  2.5498763E+02,2750,  5.4109710E-01,  0.0000000E+00,  8.2378007E-02,  1.0006694E+03,  3.9883172E+04,3,
  3.4039740E+02,  0.0000000E+00,  2.5348222E+02,2777,  3.2256311E-01,  0.0000000E+00,  8.4324867E-02,  1.0009312E+03,  5.5522953E+04,3,
  3.4250031E+02,  0.0000000E+00,  2.5657928E+02,2932,  6.8032491E-01,  0.0000000E+00, -1.2196619E-01,  1.0001799E+03,  1.0700509E+04,3,
  3.4259381E+02,  0.0000000E+00,  2.5350833E+02,2778,  2.7427348E-01,  0.0000000E+00,  4.5295857E-02,  1.0008311E+03,  4.9539816E+04,3,
  3.4317618E+02,  0.0000000E+00,  2.5495117E+02,2933,  6.9312811E-01,  0.0000000E+00, -3.0852640E-02,  1.0006541E+03,  3.8968664E+04,3,
  3.4392380E+02,  0.0000000E+00,  2.5713428E+02,3036,  8.1265020E-01,  0.0000000E+00, -1.7658865E-01,  1.0001671E+03,  9.9412529E+03,3,
  3.4508545E+02,  0.0000000E+00,  2.5678232E+02,2905,  8.0919617E-01,  0.0000000E+00, -1.6121538E-01,  1.0001729E+03,  1.0286362E+04,3,
  3.4580978E+02,  0.0000000E+00,  2.5488121E+02,2943,  7.0174897E-01,  0.0000000E+00, -7.8846999E-02,  1.0006486E+03,  3.8637129E+04,3,
  3.4647113E+02,  0.0000000E+00,  2.5678284E+02,2978,  8.9440793E-01,  0.0000000E+00, -1.7006099E-01,  1.0001667E+03,  9.9194570E+03,3,
  3.4479312E+02,  0.0000000E+00,  2.5336226E+02,2897,  3.9062124E-01,  0.0000000E+00,  2.9830124E-02,  1.0008412E+03,  5.0141613E+04,3,
  3.4775500E+02,  0.0000000E+00,  2.5700723E+02,3026,  8.2239860E-01,  0.0000000E+00, -2.0065759E-01,  1.0001637E+03,  9.7378262E+03,3,
  3.4700992E+02,  0.0000000E+00,  2.5356923E+02,2891,  5.5169964E-01,  0.0000000E+00, -1.5687287E-02,  1.0008459E+03,  5.0426113E+04,3,
  3.4853516E+02,  0.0000000E+00,  2.5531956E+02,2768,  8.7077898E-01,  0.0000000E+00,  5.2599189E-05,  1.0004984E+03,  2.9675324E+04,3,
  3.4900525E+02,  0.0000000E+00,  2.5366194E+02,2515,  7.0651489E-01,  0.0000000E+00, -3.7506714E-02,  1.0009340E+03,  5.5690824E+04,3,
  3.4938031E+02,  0.0000000E+00,  2.5687961E+02,3017,  1.0095422E+00,  0.0000000E+00, -2.3831102E-01,  1.0001757E+03,  1.0453472E+04,3,
  3.5071808E+02,  0.0000000E+00,  2.5699579E+02,3027,  9.7539532E-01,  0.0000000E+00, -2.7936822E-01,  1.0001873E+03,  1.1140105E+04,3,
  3.5120306E+02,  0.0000000E+00,  2.5498637E+02,2551,  8.0351287E-01,  0.0000000E+00, -1.8681169E-01,  1.0005829E+03,  3.4721492E+04,3,
  3.5104816E+02,  0.0000000E+00,  2.5325487E+02,2844,  6.4271206E-01,  0.0000000E+00, -2.6719278E-01,  1.0007177E+03,  4.2765695E+04,3,
  3.5216318E+02,  0.0000000E+00,  2.5670715E+02,2786,  1.1627827E+00,  0.0000000E+00, -2.8064734E-01,  1.0002192E+03,  1.3044034E+04,3,
  3.5343317E+02,  0.0000000E+00,  2.5682849E+02,3007,  1.1154083E+00,  0.0000000E+00, -2.5045952E-01,  1.0002278E+03,  1.3556413E+04,3,
  3.5275293E+02,  0.0000000E+00,  2.5383871E+02,2859,  5.6225985E-01,  0.0000000E+00, -1.5269035E-01,  1.0006663E+03,  3.9693703E+04,3,
  3.5477310E+02,  0.0000000E+00,  2.5701370E+02,3018,  1.1662265E+00,  0.0000000E+00, -2.3080705E-01,  1.0002062E+03,  1.2270064E+04,3,
  3.5446454E+02,  0.0000000E+00,  2.5473358E+02,2880,  8.4181243E-01,  0.0000000E+00,  2.4203256E-02,  1.0005530E+03,  3.2937199E+04,3,
  3.5604764E+02,  0.0000000E+00,  2.5674448E+02,2759,  1.1679084E+00,  0.0000000E+00, -2.0276690E-01,  1.0001927E+03,  1.1463456E+04,3,
  3.5419379E+02,  0.0000000E+00,  2.5295526E+02,2853,  5.5370367E-01,  0.0000000E+00, -2.1837017E-01,  1.0009117E+03,  5.4355227E+04,3,
  3.5677036E+02,  0.0000000E+00,  2.5498718E+02,2587,  9.4272906E-01,  0.0000000E+00, -1.3008763E-01,  1.0005553E+03,  3.3071922E+04,3,
  3.5668869E+02,  0.0000000E+00,  2.5350737E+02,2797,  5.3018641E-01,  0.0000000E+00, -7.2558917E-02,  1.0008187E+03,  4.8795824E+04,3,
  3.5754153E+02,  0.0000000E+00,  2.5690894E+02,2998,  1.3516932E+00,  0.0000000E+00, -1.9772880E-01,  1.0001772E+03,  1.0544294E+04,3,
  3.6161032E+02,  0.0000000E+00,  2.5217136E+02,2643,  4.6124554E-01,  0.0000000E+00,  5.0126314E-01,  1.0010804E+03,  6.4445949E+04,3,
  3.5889401E+02,  0.0000000E+00,  2.5678735E+02,2989,  1.3527099E+00,  0.0000000E+00, -1.5751509E-01,  1.0001935E+03,  1.1514321E+04,3,
  3.5932034E+02,  0.0000000E+00,  2.5509340E+02,2833,  9.7321254E-01,  0.0000000E+00,  4.9044058E-02,  1.0004504E+03,  2.6814783E+04,3,
  3.6055948E+02,  0.0000000E+00,  2.5665244E+02,2623,  1.3867539E+00,  0.0000000E+00, -1.2596652E-01,  1.0002335E+03,  1.3890746E+04,3,
  3.5874203E+02,  0.0000000E+00,  2.5367694E+02,2779,  7.4585348E-01,  0.0000000E+00,  2.3240066E-01,  1.0007731E+03,  4.6075617E+04,3,
  3.6197922E+02,  0.0000000E+00,  2.5680646E+02,2980,  1.3068252E+00,  0.0000000E+00, -6.0479753E-02,  1.0002198E+03,  1.3080372E+04,3,
  3.6281891E+02,  0.0000000E+00,  2.5562721E+02,2714,  1.3736343E+00,  0.0000000E+00,  5.4413702E-02,  1.0003853E+03,  2.2932896E+04,3,
  3.6106998E+02,  0.0000000E+00,  2.5439244E+02,2917,  1.2881800E+00,  0.0000000E+00, -2.1659036E-01,  1.0006300E+03,  3.7529668E+04,3,
  3.6328824E+02,  0.0000000E+00,  2.5337607E+02,2861,  1.3311805E+00,  0.0000000E+00,  8.7708943E-02,  1.0003703E+03,  2.2041768E+04,3,
  3.6335437E+02,  0.0000000E+00,  2.5258006E+02,2425,  6.5277147E-01,  0.0000000E+00,  2.0264798E-01,  1.0013467E+03,  8.0395023E+04,3,
  3.6392706E+02,  0.0000000E+00,  2.5670319E+02,2614,  1.3198283E+00,  0.0000000E+00, -1.6030423E-02,  1.0002359E+03,  1.4036111E+04,3,
  3.6521350E+02,  0.0000000E+00,  2.5579735E+02,2742,  1.5452931E+00,  0.0000000E+00,  3.2179624E-02,  1.0004545E+03,  2.7062229E+04,3,
  3.6589801E+02,  0.0000000E+00,  2.5705283E+02,2991,  1.2602751E+00,  0.0000000E+00, -1.1573563E-02,  1.0002399E+03,  1.4272335E+04,3,
  3.6503015E+02,  0.0000000E+00,  2.5334668E+02,2651,  1.0197951E+00,  0.0000000E+00, -2.2758535E-01,  1.0002734E+03,  1.6271374E+04,3,
  3.6564697E+02,  0.0000000E+00,  2.5305049E+02,2818,  9.6013659E-01,  0.0000000E+00, -2.1359575E-01,  1.0007319E+03,  4.3614941E+04,3,
  3.6714038E+02,  0.0000000E+00,  2.5672409E+02,2961,  1.2806313E+00,  0.0000000E+00, -2.4931494E-02,  1.0002881E+03,  1.7147443E+04,3,
  3.6828925E+02,  0.0000000E+00,  2.5712164E+02,3000,  1.4875275E+00,  0.0000000E+00, -5.2956447E-02,  1.0002260E+03,  1.3443761E+04,3,
  3.6883069E+02,  0.0000000E+00,  2.5585434E+02,2823,  1.1919693E+00,  0.0000000E+00, -2.5421508E-02,  1.0003901E+03,  2.3223895E+04,3,
  3.6779266E+02,  0.0000000E+00,  2.5305188E+02,2864,  7.1321785E-01,  0.0000000E+00,  5.2528169E-02,  1.0005420E+03,  3.2278188E+04,3,
  3.6675919E+02,  0.0000000E+00,  2.5267213E+02,2708,  8.4141654E-01,  0.0000000E+00, -1.1162571E-01,  1.0012167E+03,  7.2605562E+04,3,
  3.6851813E+02,  0.0000000E+00,  2.5295230E+02,2773,  8.6003333E-01,  0.0000000E+00,  1.0487171E-01,  1.0005707E+03,  3.3993172E+04,3,
  3.6921707E+02,  0.0000000E+00,  2.5303871E+02,2800,  1.2171499E+00,  0.0000000E+00,  1.2800005E-01,  1.0006160E+03,  3.6695508E+04,3,
  3.7017343E+02,  0.0000000E+00,  2.5669418E+02,2925,  1.4070226E+00,  0.0000000E+00, -7.7276185E-02,  1.0002537E+03,  1.5097345E+04,3,
  3.7053906E+02,  0.0000000E+00,  2.5280228E+02,2728,  9.5146602E-01,  0.0000000E+00, -3.8524225E-02,  1.0009579E+03,  5.7117844E+04,3,
  3.7145190E+02,  0.0000000E+00,  2.5717477E+02,2990,  1.5236779E+00,  0.0000000E+00, -9.4215296E-02,  1.0002463E+03,  1.4657573E+04,3,
  3.7140369E+02,  0.0000000E+00,  2.5556970E+02,2935,  1.2161641E+00,  0.0000000E+00, -5.7776123E-03,  1.0002888E+03,  1.7183797E+04,3,
  3.7136621E+02,  0.0000000E+00,  2.5299661E+02,2662,  8.3091378E-01,  0.0000000E+00, -9.3477063E-02,  1.0007241E+03,  4.3144750E+04,3,
  3.7306607E+02,  0.0000000E+00,  2.5697452E+02,2741,  1.4290838E+00,  0.0000000E+00, -8.9043967E-02,  1.0002618E+03,  1.5580752E+04,3,
  3.7246768E+02,  0.0000000E+00,  2.5289412E+02,2552,  8.8730055E-01,  0.0000000E+00, -3.9439317E-02,  1.0009782E+03,  5.8333348E+04,3,
  3.7365747E+02,  0.0000000E+00,  2.5571692E+02,2824,  1.4259034E+00,  0.0000000E+00,  9.3750283E-02,  1.0002542E+03,  1.5126421E+04,3,
  3.7455325E+02,  0.0000000E+00,  2.5716852E+02,2973,  1.4447509E+00,  0.0000000E+00, -1.0958343E-01,  1.0002631E+03,  1.5653446E+04,3,
  3.7605243E+02,  0.0000000E+00,  2.5690656E+02,2972,  1.6107447E+00,  0.0000000E+00, -1.2202754E-01,  1.0002468E+03,  1.4686648E+04,3,
  3.7365576E+02,  0.0000000E+00,  2.5259145E+02,2748,  9.0812826E-01,  0.0000000E+00,  1.3270449E-02,  1.0015121E+03,  9.0317992E+04,3,
  3.7601721E+02,  0.0000000E+00,  2.5559016E+02,2669,  1.4684085E+00,  0.0000000E+00,  1.7251794E-01,  1.0002967E+03,  1.7656398E+04,3,
  3.7618448E+02,  0.0000000E+00,  2.5309874E+02,2743,  8.3831704E-01,  0.0000000E+00,  6.2483579E-02,  1.0005495E+03,  3.2726020E+04,3,
  3.7486929E+02,  0.0000000E+00,  2.5287984E+02,2756,  8.7183493E-01,  0.0000000E+00,  6.0383029E-02,  1.0009453E+03,  5.6365988E+04,3,
  3.7649832E+02,  0.0000000E+00,  2.5293764E+02,2724,  9.3576431E-01,  0.0000000E+00,  3.6744289E-02,  1.0007055E+03,  4.2036785E+04,3,
  3.7750293E+02,  0.0000000E+00,  2.5680081E+02,2841,  1.6570429E+00,  0.0000000E+00, -1.6753417E-01,  1.0002725E+03,  1.6213215E+04,3,
  3.7770291E+02,  0.0000000E+00,  2.5287891E+02,2642,  8.4920973E-01,  0.0000000E+00,  2.8075790E-02,  1.0008137E+03,  4.8500430E+04,3,
  3.7895068E+02,  0.0000000E+00,  2.5711188E+02,2982,  1.7786205E+00,  0.0000000E+00, -1.4999685E-01,  1.0002645E+03,  1.5737046E+04,3,
  3.7893512E+02,  0.0000000E+00,  2.5566278E+02,2835,  1.5906917E+00,  0.0000000E+00, -2.3426652E-02,  1.0002516E+03,  1.4973771E+04,3,
  3.7856442E+02,  0.0000000E+00,  2.5304720E+02,2488,  9.2243671E-01,  0.0000000E+00,  1.9398075E-02,  1.0006716E+03,  4.0014344E+04,3,
  3.8038376E+02,  0.0000000E+00,  2.5681390E+02,2869,  1.7535524E+00,  0.0000000E+00, -8.4329277E-02,  1.0002903E+03,  1.7274680E+04,3,
  3.8153439E+02,  0.0000000E+00,  2.5563551E+02,2615,  1.7071145E+00,  0.0000000E+00,  1.5170330E-01,  1.0001934E+03,  1.1503422E+04,3,
  3.8199060E+02,  0.0000000E+00,  2.5710791E+02,2962,  1.8274335E+00,  0.0000000E+00, -2.8763682E-02,  1.0002770E+03,  1.6482205E+04,3,
  3.7965195E+02,  0.0000000E+00,  2.5269672E+02,2718,  8.8901055E-01,  0.0000000E+00, -7.4340454E-03,  1.0011565E+03,  6.9001797E+04,3,
  3.8321127E+02,  0.0000000E+00,  2.5669922E+02,2887,  1.7902972E+00,  0.0000000E+00,  1.0706894E-03,  1.0002989E+03,  1.7787277E+04,3,
  3.8063443E+02,  0.0000000E+00,  2.5299779E+02,2782,  8.5350114E-01,  0.0000000E+00, -1.1200115E-02,  1.0007404E+03,  4.4121609E+04,3,
  3.8168393E+02,  0.0000000E+00,  2.5284979E+02,2716,  8.6108387E-01,  0.0000000E+00, -1.6915749E-03,  1.0008448E+03,  5.0360461E+04,3,
  3.8241788E+02,  0.0000000E+00,  2.5315923E+02,2817,  9.5508850E-01,  0.0000000E+00,  1.5422655E-02,  1.0005181E+03,  3.0851078E+04,3,
  3.8344620E+02,  0.0000000E+00,  2.5265942E+02,2737,  7.4048066E-01,  0.0000000E+00,  2.9403169E-02,  1.0012826E+03,  7.6554391E+04,3,
  3.8459521E+02,  0.0000000E+00,  2.5710590E+02,2954,  1.8538771E+00,  0.0000000E+00,  3.9733439E-03,  1.0002598E+03,  1.5457172E+04,3,
  3.8460587E+02,  0.0000000E+00,  2.5574092E+02,2687,  1.7774525E+00,  0.0000000E+00,  1.7600307E-01,  1.0001627E+03,  9.6797051E+03,3,
  3.8454099E+02,  0.0000000E+00,  2.5318611E+02,2791,  7.2512919E-01,  0.0000000E+00,  1.2778947E-01,  1.0007544E+03,  4.4956391E+04,3,
  3.8602689E+02,  0.0000000E+00,  2.5693616E+02,2842,  1.8332036E+00,  0.0000000E+00, -4.2597327E-02,  1.0002759E+03,  1.6420410E+04,3,
  3.8743817E+02,  0.0000000E+00,  2.5591931E+02,2470,  1.7906023E+00,  0.0000000E+00, -2.2256885E-01,  1.0003278E+03,  1.9510672E+04,3,
  3.8550040E+02,  0.0000000E+00,  2.5286574E+02,2634,  1.0158324E+00,  0.0000000E+00,  1.0364384E-03,  1.0011139E+03,  6.6451438E+04,3,
  3.8766397E+02,  0.0000000E+00,  2.5722037E+02,2955,  1.8067505E+00,  0.0000000E+00, -1.4648969E-01,  1.0002427E+03,  1.4439512E+04,3,
  3.8924689E+02,  0.0000000E+00,  2.5723624E+02,2964,  1.8770281E+00,  0.0000000E+00, -2.1908718E-01,  1.0002208E+03,  1.3134880E+04,3,
  3.8667102E+02,  0.0000000E+00,  2.5320755E+02,2479,  9.3373030E-01,  0.0000000E+00, -1.3714245E-01,  1.0006721E+03,  4.0039848E+04,3,
  3.8951233E+02,  0.0000000E+00,  2.5571097E+02,2815,  1.4162862E+00,  0.0000000E+00, -5.1466095E-01,  1.0003815E+03,  2.2707379E+04,3,
  3.8736307E+02,  0.0000000E+00,  2.5308762E+02,2788,  9.3912357E-01,  0.0000000E+00, -2.7934834E-01,  1.0006885E+03,  4.1023691E+04,3,
  3.8816769E+02,  0.0000000E+00,  2.5265173E+02,2734,  5.8793694E-01,  0.0000000E+00, -4.3526161E-01,  1.0006993E+03,  4.1668707E+04,3,
  3.8947775E+02,  0.0000000E+00,  2.5232397E+02,2717,  1.1139847E+00,  0.0000000E+00, -6.5528172E-01,  1.0009231E+03,  5.5037602E+04,3,
  3.9045258E+02,  0.0000000E+00,  2.5468471E+02,2806,  1.2501199E+00,  0.0000000E+00, -4.1233939E-01,  1.0005944E+03,  3.5402520E+04,3,
  3.9104611E+02,  0.0000000E+00,  2.5715826E+02,2934,  1.6983079E+00,  0.0000000E+00, -2.5460175E-01,  1.0001932E+03,  1.1496155E+04,3,
  3.9204761E+02,  0.0000000E+00,  2.5693338E+02,2732,  1.6234695E+00,  0.0000000E+00, -2.5470462E-01,  1.0001974E+03,  1.1746852E+04,3,
  3.9308221E+02,  0.0000000E+00,  2.5706201E+02,2578,  1.6174532E+00,  0.0000000E+00, -2.2774638E-01,  1.0001351E+03,  8.0379189E+03,3,
  3.9222946E+02,  0.0000000E+00,  2.5386218E+02,2658,  9.4728488E-01,  0.0000000E+00, -2.1284202E-01,  1.0015384E+03,  9.1892805E+04,3,
  3.9448669E+02,  0.0000000E+00,  2.5603091E+02,2836,  1.8051808E+00,  0.0000000E+00, -2.6824651E-02,  1.0006108E+03,  3.6382262E+04,3,
  3.9478146E+02,  0.0000000E+00,  2.5720395E+02,2945,  1.9113016E+00,  0.0000000E+00, -8.4913991E-02,  1.0001159E+03,  6.8939150E+03,3,
  3.9639551E+02,  0.0000000E+00,  2.5723309E+02,2936,  1.7423902E+00,  0.0000000E+00, -1.9028159E-02,  1.0001566E+03,  9.3128223E+03,3,
  3.9405588E+02,  0.0000000E+00,  2.5379517E+02,2720,  8.3306718E-01,  0.0000000E+00,  2.6342925E-01,  1.0008602E+03,  5.1276016E+04,3,
  3.9580981E+02,  0.0000000E+00,  2.5391612E+02,2660,  1.2054794E+00,  0.0000000E+00,  1.4877973E-01,  1.0008012E+03,  4.7752867E+04,3,
  3.9714935E+02,  0.0000000E+00,  2.5626398E+02,2870,  1.8293010E+00,  0.0000000E+00,  5.8384180E-02,  1.0004102E+03,  2.4417076E+04,3,
  3.9733963E+02,  0.0000000E+00,  2.5386568E+02,2706,  9.4187331E-01,  0.0000000E+00, -7.4632332E-02,  1.0007202E+03,  4.2915129E+04,3,
  3.9854312E+02,  0.0000000E+00,  2.5714166E+02,2705,  1.8655075E+00,  0.0000000E+00, -6.5010488E-02,  1.0002095E+03,  1.2466276E+04,3,
  3.9936212E+02,  0.0000000E+00,  2.5734384E+02,2560,  1.9106754E+00,  0.0000000E+00, -6.2890694E-02,  1.0002101E+03,  1.2498979E+04,3,
  3.9863510E+02,  0.0000000E+00,  2.5434874E+02,2733,  1.2688762E+00,  0.0000000E+00, -1.0206216E-01,  1.0007807E+03,  4.6527719E+04,3,
  4.0048059E+02,  0.0000000E+00,  2.5727448E+02,2796,  1.8994200E+00,  0.0000000E+00, -1.4995226E-02,  1.0002314E+03,  1.3767187E+04,3,
  4.0173007E+02,  0.0000000E+00,  2.5687247E+02,2805,  2.0600352E+00,  0.0000000E+00,  8.5994646E-02,  1.0003307E+03,  1.9681574E+04,3,
  3.9993542E+02,  0.0000000E+00,  2.5369133E+02,2781,  1.2296802E+00,  0.0000000E+00,  1.4540656E-01,  1.0007957E+03,  4.7421039E+04,3,
  4.0289215E+02,  0.0000000E+00,  2.5732407E+02,2926,  2.0330386E+00,  0.0000000E+00,  9.0944044E-02,  1.0002403E+03,  1.4297774E+04,3,
  4.0124921E+02,  0.0000000E+00,  2.5432394E+02,2707,  1.1286165E+00,  0.0000000E+00,  3.4788236E-01,  1.0007391E+03,  4.4041418E+04,3,
  4.0244690E+02,  0.0000000E+00,  2.5378357E+02,2678,  1.1554122E+00,  0.0000000E+00, -4.1621324E-02,  1.0007402E+03,  4.4107027E+04,3,
  4.0368756E+02,  0.0000000E+00,  2.5474092E+02,2789,  1.2282834E+00,  0.0000000E+00,  1.6972753E-01,  1.0006783E+03,  4.0411512E+04,3,
  4.0410138E+02,  0.0000000E+00,  2.5754041E+02,2928,  2.0225871E+00,  0.0000000E+00,  6.2780768E-02,  1.0002435E+03,  1.4490393E+04,3,
  4.0532513E+02,  0.0000000E+00,  2.5720670E+02,2899,  2.0183661E+00,  0.0000000E+00,  5.0187178E-02,  1.0003117E+03,  1.8550770E+04,3,
  4.0462842E+02,  0.0000000E+00,  2.5386255E+02,2645,  1.1194216E+00,  0.0000000E+00, -4.1443571E-02,  1.0006881E+03,  4.0998184E+04,3,
  4.0659866E+02,  0.0000000E+00,  2.5765079E+02,2900,  2.0685737E+00,  0.0000000E+00, -1.3593809E-02,  1.0002411E+03,  1.4348654E+04,3,
  4.0788623E+02,  0.0000000E+00,  2.5757956E+02,2927,  2.1454563E+00,  0.0000000E+00, -7.0568383E-02,  1.0002327E+03,  1.3843503E+04,3,
  4.0621213E+02,  0.0000000E+00,  2.5356058E+02,2799,  1.0229870E+00,  0.0000000E+00, -9.4562955E-02,  1.0007380E+03,  4.3979449E+04,3,
  4.0661963E+02,  0.0000000E+00,  2.5505557E+02,2570,  1.2621402E+00,  0.0000000E+00,  2.3614708E-02,  1.0006187E+03,  3.6855777E+04,3,
  4.0923987E+02,  0.0000000E+00,  2.5742676E+02,2533,  2.1649778E+00,  0.0000000E+00, -1.6787829E-01,  1.0002339E+03,  1.3919819E+04,3,
  4.0787564E+02,  0.0000000E+00,  2.5373627E+02,2688,  1.0685097E+00,  0.0000000E+00,  4.9514692E-02,  1.0008939E+03,  5.3289801E+04,3,
  4.0900388E+02,  0.0000000E+00,  2.5509445E+02,2624,  1.1963495E+00,  0.0000000E+00,  3.3948308E-01,  1.0005056E+03,  3.0108480E+04,3,
  4.0989560E+02,  0.0000000E+00,  2.5418777E+02,2735,  1.1861943E+00,  0.0000000E+00,  1.7174768E-01,  1.0007670E+03,  4.5711035E+04,3,
  4.1059351E+02,  0.0000000E+00,  2.5749698E+02,2901,  2.2986100E+00,  0.0000000E+00, -2.2615181E-01,  1.0002266E+03,  1.3483734E+04,3,
  4.1118515E+02,  0.0000000E+00,  2.5180981E+02,2609,  1.1143059E+00,  0.0000000E+00,  1.0530922E+00,  1.0008745E+03,  5.2129637E+04,3,
  4.1163162E+02,  0.0000000E+00,  2.5705814E+02,2769,  2.2761323E+00,  0.0000000E+00, -1.5676285E-01,  1.0002594E+03,  1.5435363E+04,3,
  4.1158081E+02,  0.0000000E+00,  2.5440430E+02,2827,  1.4304938E+00,  0.0000000E+00, -1.1181727E-01,  1.0009084E+03,  5.4161836E+04,3,
  4.1298138E+02,  0.0000000E+00,  2.5734201E+02,2524,  2.4319298E+00,  0.0000000E+00, -6.6795886E-02,  1.0002037E+03,  1.2117458E+04,3,
  4.1257095E+02,  0.0000000E+00,  2.5284399E+02,2656,  1.4861687E+00,  0.0000000E+00,  2.4813294E-01,  1.0006356E+03,  3.7861164E+04,3,
  4.1345560E+02,  0.0000000E+00,  2.5622025E+02,2790,  2.0532074E+00,  0.0000000E+00,  4.6695586E-02,  1.0003660E+03,  2.1783537E+04,3,
  4.1535382E+02,  0.0000000E+00,  2.5718054E+02,2882,  2.3068790E+00,  0.0000000E+00,  4.8563663E-02,  1.0002840E+03,  1.6900246E+04,3,
  4.1473993E+02,  0.0000000E+00,  2.5513567E+02,2771,  2.3124187E+00,  0.0000000E+00,  2.9660968E-02,  1.0004935E+03,  2.9387777E+04,3,
  4.1358768E+02,  0.0000000E+00,  2.5307123E+02,2608,  9.5272303E-01,  0.0000000E+00, -2.5088426E-02,  1.0006176E+03,  3.6790215E+04,3,
  4.1598291E+02,  0.0000000E+00,  2.5259789E+02,2629,  1.6731766E+00,  0.0000000E+00, -1.0578016E-01,  1.0015859E+03,  9.4742750E+04,3,
  4.1664542E+02,  0.0000000E+00,  2.5715796E+02,2871,  2.1478510E+00,  0.0000000E+00,  5.7736427E-02,  1.0002930E+03,  1.7434637E+04,3,
  4.1430734E+02,  0.0000000E+00,  2.5320833E+02,2673,  8.8012648E-01,  0.0000000E+00, -5.9553672E-02,  1.0005325E+03,  3.1713873E+04,3,
  4.1597751E+02,  0.0000000E+00,  2.5356726E+02,2516,  9.0400940E-01,  0.0000000E+00, -2.9949185E-01,  1.0001255E+03,  7.4677163E+03,3,
  4.1747809E+02,  0.0000000E+00,  2.5617987E+02,2674,  2.1049535E+00,  0.0000000E+00, -1.7171385E-02,  1.0004309E+03,  2.5654061E+04,3,
  4.1772897E+02,  0.0000000E+00,  2.5264502E+02,2666,  1.0819246E+00,  0.0000000E+00, -5.4044928E-02,  1.0013325E+03,  7.9542641E+04,3,
  4.1850760E+02,  0.0000000E+00,  2.5721411E+02,2873,  2.1514523E+00,  0.0000000E+00,  1.0816975E-02,  1.0002814E+03,  1.6747568E+04,3,
  4.1800323E+02,  0.0000000E+00,  2.5361949E+02,2770,  8.8304865E-01,  0.0000000E+00,  5.8021534E-02,  1.0001915E+03,  1.1390792E+04,3,
  4.1994806E+02,  0.0000000E+00,  2.5699838E+02,2890,  2.2375860E+00,  0.0000000E+00, -1.1293830E-02,  1.0002960E+03,  1.7612773E+04,3,
  4.1984494E+02,  0.0000000E+00,  2.5562317E+02,2652,  1.9773662E+00,  0.0000000E+00, -6.1136223E-02,  1.0004191E+03,  2.4948232E+04,3,
  4.1935358E+02,  0.0000000E+00,  2.5254832E+02,2649,  1.3397387E+00,  0.0000000E+00,  7.2187290E-02,  1.0015759E+03,  9.4145586E+04,3,
  4.2033398E+02,  0.0000000E+00,  2.5377780E+02,2808,  1.2474566E+00,  0.0000000E+00,  8.8209212E-02,  1.0001132E+03,  6.7304966E+03,3,
  4.2179080E+02,  0.0000000E+00,  2.5713217E+02,2892,  2.0279901E+00,  0.0000000E+00, -7.3423414E-03,  1.0002814E+03,  1.6747568E+04,3,
  4.2224872E+02,  0.0000000E+00,  2.5628662E+02,2826,  2.1473043E+00,  0.0000000E+00, -5.9210353E-02,  1.0004506E+03,  2.6829338E+04,3,
  4.2112979E+02,  0.0000000E+00,  2.5275868E+02,2628,  1.1767339E+00,  0.0000000E+00, -3.0915599E-02,  1.0012226E+03,  7.2960164E+04,3,
  4.2363000E+02,  0.0000000E+00,  2.5698505E+02,2506,  2.0337563E+00,  0.0000000E+00, -3.0530104E-02,  1.0003036E+03,  1.8070854E+04,3,
  4.2224954E+02,  0.0000000E+00,  2.5278023E+02,2535,  1.1299425E+00,  0.0000000E+00, -7.1543165E-02,  1.0011758E+03,  7.0160266E+04,3,
  4.2325928E+02,  0.0000000E+00,  2.5348708E+02,2683,  1.3428477E+00,  0.0000000E+00, -1.1337537E-01,  1.0003531E+03,  2.1016160E+04,3,
  4.2396716E+02,  0.0000000E+00,  2.5256279E+02,2648,  1.1207910E+00,  0.0000000E+00, -1.3558190E-01,  1.0014662E+03,  8.7564484E+04,3,
  4.2499081E+02,  0.0000000E+00,  2.5707501E+02,2760,  2.1117241E+00,  0.0000000E+00, -1.5873387E-02,  1.0002783E+03,  1.6558543E+04,3,
  4.2503519E+02,  0.0000000E+00,  2.5579700E+02,2807,  1.9350559E+00,  0.0000000E+00, -8.1565075E-02,  1.0003764E+03,  2.2405484E+04,3,
  4.2517358E+02,  0.0000000E+00,  2.5318088E+02,2597,  1.1799971E+00,  0.0000000E+00, -1.4349629E-01,  1.0005401E+03,  3.2165322E+04,3,
  4.2651321E+02,  0.0000000E+00,  2.5662259E+02,2834,  2.0687196E+00,  0.0000000E+00,  1.1643109E-02,  1.0003581E+03,  2.1314375E+04,3,
  4.2589746E+02,  0.0000000E+00,  2.5302631E+02,2747,  1.1486040E+00,  0.0000000E+00, -1.3868268E-01,  1.0007258E+03,  4.3246805E+04,3,
  4.2760068E+02,  0.0000000E+00,  2.5715561E+02,2874,  1.9423903E+00,  0.0000000E+00,  5.7841487E-02,  1.0002721E+03,  1.6191405E+04,3,
  4.2694839E+02,  0.0000000E+00,  2.5263193E+02,2371,  1.1684133E+00,  0.0000000E+00, -9.1683060E-02,  1.0013026E+03,  7.7750312E+04,3,
  4.2869162E+02,  0.0000000E+00,  2.5674771E+02,2863,  1.9228574E+00,  0.0000000E+00,  4.8682284E-02,  1.0002874E+03,  1.7100186E+04,3,
  4.2779178E+02,  0.0000000E+00,  2.5329868E+02,2700,  1.1157112E+00,  0.0000000E+00,  1.5393381E-02,  1.0005552E+03,  3.3064641E+04,3,
  4.2930060E+02,  0.0000000E+00,  2.5584880E+02,2753,  1.9276770E+00,  0.0000000E+00, -6.7597449E-02,  1.0003663E+03,  2.1801723E+04,3,
  4.3031177E+02,  0.0000000E+00,  2.5703555E+02,2854,  1.9235270E+00,  0.0000000E+00,  8.1673965E-02,  1.0002706E+03,  1.6100531E+04,3,
  4.2875946E+02,  0.0000000E+00,  2.5283080E+02,2601,  1.1221628E+00,  0.0000000E+00, -4.3109921E-03,  1.0010220E+03,  6.0951008E+04,3,
  4.2980267E+02,  0.0000000E+00,  2.5295618E+02,2554,  1.1480659E+00,  0.0000000E+00, -1.2389043E-02,  1.0009113E+03,  5.4329688E+04,3,
  4.3076859E+02,  0.0000000E+00,  2.5269292E+02,2582,  1.2055215E+00,  0.0000000E+00, -9.3949534E-02,  1.0012646E+03,  7.5475617E+04,3,
  4.3135532E+02,  0.0000000E+00,  2.5675214E+02,2843,  1.8903271E+00,  0.0000000E+00,  9.6464977E-02,  1.0003495E+03,  2.0801596E+04,3,
  4.3245441E+02,  0.0000000E+00,  2.5699826E+02,2751,  1.8445892E+00,  0.0000000E+00,  6.1627835E-02,  1.0002726E+03,  1.6220484E+04,3,
  4.3182715E+02,  0.0000000E+00,  2.5307928E+02,2607,  1.1541483E+00,  0.0000000E+00, -1.3651498E-01,  1.0006990E+03,  4.1646844E+04,3,
  4.3338043E+02,  0.0000000E+00,  2.5620340E+02,2679,  1.7056205E+00,  0.0000000E+00, -5.2718189E-02,  1.0003915E+03,  2.3307559E+04,3,
  4.3261194E+02,  0.0000000E+00,  2.5287341E+02,2671,  1.1206374E+00,  0.0000000E+00, -1.3631071E-01,  1.0008484E+03,  5.0575664E+04,3,
  4.3422913E+02,  0.0000000E+00,  2.5710434E+02,2855,  1.8520393E+00,  0.0000000E+00, -9.1886103E-02,  1.0002380E+03,  1.4159674E+04,3,
  4.3353476E+02,  0.0000000E+00,  2.5298549E+02,2691,  1.0781201E+00,  0.0000000E+00, -9.9444509E-02,  1.0006545E+03,  3.8990523E+04,3,
  4.3601135E+02,  0.0000000E+00,  2.5710638E+02,2865,  1.8875008E+00,  0.0000000E+00, -1.4585315E-01,  1.0002787E+03,  1.6587623E+04,3,
  4.3542337E+02,  0.0000000E+00,  2.5599918E+02,2690,  1.7039642E+00,  0.0000000E+00, -2.7134359E-01,  1.0002702E+03,  1.6078722E+04,3,
  4.3424402E+02,  0.0000000E+00,  2.5297124E+02,2672,  1.1003244E+00,  0.0000000E+00, -8.1545435E-02,  1.0006517E+03,  3.8826574E+04,3,
  4.3543198E+02,  0.0000000E+00,  2.5277847E+02,2619,  1.1999002E+00,  0.0000000E+00, -9.4220378E-02,  1.0010177E+03,  6.0695418E+04,3,
  4.3743051E+02,  0.0000000E+00,  2.5667477E+02,2633,  1.8449599E+00,  0.0000000E+00,  7.3451199E-02,  1.0004152E+03,  2.4719031E+04,3,
  4.3584164E+02,  0.0000000E+00,  2.5379726E+02,2692,  1.1123453E+00,  0.0000000E+00, -2.1923153E-01,  1.0005275E+03,  3.1411703E+04,3,
  4.3702664E+02,  0.0000000E+00,  2.5260056E+02,2600,  1.0711175E+00,  0.0000000E+00, -1.6841874E-01,  1.0017028E+03,  1.0176485E+05,3,
  4.3840387E+02,  0.0000000E+00,  2.5698486E+02,2838,  1.7405306E+00,  0.0000000E+00,  1.2552543E-01,  1.0003127E+03,  1.8612580E+04,3,
  4.3840201E+02,  0.0000000E+00,  2.5252643E+02,2444,  1.5961019E+00,  0.0000000E+00, -2.6173508E-01,  1.0014766E+03,  8.8186891E+04,3,
  4.3935703E+02,  0.0000000E+00,  2.5697870E+02,2847,  1.6584666E+00,  0.0000000E+00,  3.8909749E-03,  1.0002744E+03,  1.6325899E+04,3,
  4.3988828E+02,  0.0000000E+00,  2.5297948E+02,2453,  1.2822417E+00,  0.0000000E+00,  2.0137684E-01,  1.0006103E+03,  3.6353125E+04,3,
  4.4075198E+02,  0.0000000E+00,  2.5634921E+02,2698,  1.6275307E+00,  0.0000000E+00, -3.8659036E-01,  1.0002217E+03,  1.3193021E+04,3,
  4.4151111E+02,  0.0000000E+00,  2.5707315E+02,2798,  1.8417697E+00,  0.0000000E+00, -3.3601916E-01,  1.0002279E+03,  1.3560048E+04,3,
  4.4006866E+02,  0.0000000E+00,  2.5365109E+02,2682,  8.3271867E-01,  0.0000000E+00,  2.9216090E-01,  1.0004306E+03,  2.5635869E+04,3,
  4.4330209E+02,  0.0000000E+00,  2.5718518E+02,2829,  2.3164771E+00,  0.0000000E+00, -7.7278398E-02,  1.0002740E+03,  1.6307725E+04,3,
  4.3980057E+02,  0.0000000E+00,  2.5315057E+02,2663,  4.7985566E-01,  0.0000000E+00,  4.6244850E-03,  1.0005204E+03,  3.0993053E+04,3,
  4.4337265E+02,  0.0000000E+00,  2.5558522E+02,2588,  1.9041684E+00,  0.0000000E+00,  1.9926761E-01,  9.9971765E+02, -1.6773656E+04,3,
  4.4295816E+02,  0.0000000E+00,  2.5529892E+02,2654,  2.6001859E+00,  0.0000000E+00,  8.3838499E-01,  1.0004093E+03,  2.4366145E+04,3,
  4.4161154E+02,  0.0000000E+00,  2.5352382E+02,2630,  9.6737474E-01,  0.0000000E+00,  5.5263186E-01,  1.0017073E+03,  1.0203616E+05,3,
  4.4461572E+02,  0.0000000E+00,  2.5695166E+02,2837,  2.3597803E+00,  0.0000000E+00,  5.4661300E-02,  1.0003466E+03,  2.0627039E+04,3,
  4.4607190E+02,  0.0000000E+00,  2.5673315E+02,2697,  2.2840095E+00,  0.0000000E+00, -1.1621022E-01,  1.0003365E+03,  2.0027021E+04,3,
  4.4566910E+02,  0.0000000E+00,  2.5442064E+02,2622,  8.9974660E-01,  0.0000000E+00, -3.1555611E-01,  1.0017339E+03,  1.0363481E+05,3,
  4.4647531E+02,  0.0000000E+00,  2.5550027E+02,2461,  1.8465694E+00,  0.0000000E+00, -6.8210024E-01,  9.9930853E+02, -4.1028035E+04,3,
  4.4826181E+02,  0.0000000E+00,  2.5583759E+02,2715,  2.0564201E+00,  0.0000000E+00, -8.8170260E-01,  1.0001888E+03,  1.1230933E+04,3,
  4.4761377E+02,  0.0000000E+00,  2.5542941E+02,2611,  1.7533287E+00,  0.0000000E+00, -2.2865550E-01,  1.0009482E+03,  5.6537523E+04,3,
  4.4992645E+02,  0.0000000E+00,  2.5433080E+02,2595,  2.6259515E+00,  0.0000000E+00, -3.7143819E-02,  1.0020352E+03,  1.2174752E+05,3,
  4.4901944E+02,  0.0000000E+00,  2.5538855E+02,2752,  1.1672083E+00,  0.0000000E+00, -9.5423126E-01,  9.9962897E+02, -2.2036301E+04,3,
  4.5152499E+02,  0.0000000E+00,  2.5554379E+02,2820,  2.2331986E+00,  0.0000000E+00, -5.5647671E-01,  1.0001835E+03,  1.0918488E+04,3,
  4.5236868E+02,  0.0000000E+00,  2.5520357E+02,2353,  2.2025180E+00,  0.0000000E+00,  1.5804704E-01,  1.0004350E+03,  2.5897838E+04,3,
  4.5299893E+02,  0.0000000E+00,  2.5513651E+02,2517,  2.1951702E+00,  0.0000000E+00, -2.1063979E-01,  1.0005230E+03,  3.1145949E+04,3,
  4.5400259E+02,  0.0000000E+00,  2.5582111E+02,2589,  1.9390535E+00,  0.0000000E+00, -1.6178054E-01,  1.0003857E+03,  2.2961996E+04,3,
  4.5423431E+02,  0.0000000E+00,  2.5522450E+02,2719,  2.1160512E+00,  0.0000000E+00, -4.5901027E-02,  9.9954767E+02, -2.6858234E+04,3,
  4.5498709E+02,  0.0000000E+00,  2.5467072E+02,2602,  2.5512865E+00,  0.0000000E+00, -1.3478702E-01,  1.0008532E+03,  5.0860176E+04,3,
  4.5631842E+02,  0.0000000E+00,  2.5515298E+02,2726,  2.3408942E+00,  0.0000000E+00, -3.1732410E-01,  1.0002542E+03,  1.5126421E+04,3,
  4.5641196E+02,  0.0000000E+00,  2.5646918E+02,2810,  1.8472737E+00,  0.0000000E+00, -2.1081318E-01,  1.0002255E+03,  1.3414688E+04,3,
  4.5755054E+02,  0.0000000E+00,  2.5487218E+02,2518,  2.1829593E+00,  0.0000000E+00, -3.3781335E-01,  1.0007265E+03,  4.3290543E+04,3,
  4.5891888E+02,  0.0000000E+00,  2.5520158E+02,2755,  2.2799516E+00,  0.0000000E+00, -3.3032170E-01,  9.9975061E+02, -1.4817106E+04,3,
  4.5886749E+02,  0.0000000E+00,  2.5652576E+02,2780,  1.9601910E+00,  0.0000000E+00, -2.5232959E-01,  1.0002085E+03,  1.2404506E+04,3,
  4.5931570E+02,  0.0000000E+00,  2.5485202E+02,2462,  2.2707551E+00,  0.0000000E+00, -2.7334085E-01,  1.0006423E+03,  3.8265531E+04,3,
  4.6036694E+02,  0.0000000E+00,  2.5516925E+02,2618,  2.1301689E+00,  0.0000000E+00, -6.5802909E-02,  1.0002755E+03,  1.6394965E+04,3,
  4.6136832E+02,  0.0000000E+00,  2.5664264E+02,2802,  2.0769432E+00,  0.0000000E+00, -1.2988232E-01,  1.0001517E+03,  9.0222314E+03,3,
  4.6167722E+02,  0.0000000E+00,  2.5478113E+02,2573,  2.1120903E+00,  0.0000000E+00,  3.4362763E-02,  1.0007660E+03,  4.5649055E+04,3,
  4.6310953E+02,  0.0000000E+00,  2.5509833E+02,2627,  2.3871756E+00,  0.0000000E+00,  9.6252650E-02,  1.0002136E+03,  1.2709730E+04,3,
  4.6375400E+02,  0.0000000E+00,  2.5661209E+02,2801,  2.1277192E+00,  0.0000000E+00, -4.7442418E-02,  1.0001624E+03,  9.6579092E+03,3,
  4.6391882E+02,  0.0000000E+00,  2.5517464E+02,2525,  2.2941842E+00,  0.0000000E+00,  9.2961550E-02,  1.0003284E+03,  1.9547033E+04,3,
  4.6435199E+02,  0.0000000E+00,  2.5511638E+02,2637,  2.2100000E+00,  0.0000000E+00,  1.0390510E-01,  1.0001022E+03,  6.0768501E+03,3,
  4.6595404E+02,  0.0000000E+00,  2.5473994E+02,2490,  2.2943168E+00,  0.0000000E+00, -1.2698770E-01,  1.0007174E+03,  4.2747473E+04,3,
  4.6608054E+02,  0.0000000E+00,  2.5657779E+02,2792,  2.2350883E+00,  0.0000000E+00, -1.5084282E-01,  1.0002590E+03,  1.5409921E+04,3,
  4.6719342E+02,  0.0000000E+00,  2.5500815E+02,2665,  2.3097646E+00,  0.0000000E+00, -2.8064588E-01,  1.0003027E+03,  1.8016320E+04,3,
  4.6841229E+02,  0.0000000E+00,  2.5637912E+02,2661,  2.4416659E+00,  0.0000000E+00, -2.0772122E-01,  1.0004113E+03,  2.4486197E+04,3,
  4.6844196E+02,  0.0000000E+00,  2.5511255E+02,2655,  2.2177737E+00,  0.0000000E+00, -3.3220705E-01,  9.9967725E+02, -1.9171713E+04,3,
  4.6876526E+02,  0.0000000E+00,  2.5484058E+02,2544,  2.0484045E+00,  0.0000000E+00, -2.1525526E-01,  1.0004818E+03,  2.8688965E+04,3,
  4.7088681E+02,  0.0000000E+00,  2.5615170E+02,2670,  2.6829257E+00,  0.0000000E+00, -1.1012682E-01,  1.0004683E+03,  2.7881021E+04,3,
  4.7029941E+02,  0.0000000E+00,  2.5493452E+02,2644,  2.0759251E+00,  0.0000000E+00, -1.0875047E-01,  1.0004185E+03,  2.4915488E+04,3,
  4.7151083E+02,  0.0000000E+00,  2.5501822E+02,2590,  2.2143736E+00,  0.0000000E+00,  4.0778749E-02,  1.0002242E+03,  1.3338376E+04,3,
  4.7183542E+02,  0.0000000E+00,  2.5503069E+02,2636,  2.0723464E+00,  0.0000000E+00,  9.0248697E-02,  9.9978998E+02, -1.2479609E+04,3,
  4.7333374E+02,  0.0000000E+00,  2.5478180E+02,2452,  2.2878218E+00,  0.0000000E+00,  3.1381127E-01,  1.0010102E+03,  6.0246328E+04,3,
  4.7441211E+02,  0.0000000E+00,  2.5593282E+02,2744,  2.5570755E+00,  0.0000000E+00,  1.4977905E-01,  1.0003772E+03,  2.2452768E+04,3,
  4.7497815E+02,  0.0000000E+00,  2.5512761E+02,2763,  2.1107018E+00,  0.0000000E+00, -1.1315245E-01,  9.9985297E+02, -8.7384658E+03,3,
  4.7552164E+02,  0.0000000E+00,  2.5509938E+02,2764,  2.3916583E+00,  0.0000000E+00,  6.5963942E-01,  1.0001410E+03,  8.3865938E+03,3,
  4.7576535E+02,  0.0000000E+00,  2.5519254E+02,2793,  2.3408182E+00,  0.0000000E+00,  1.9665623E-01,  1.0002577E+03,  1.5333593E+04,3,
  4.7789963E+02,  0.0000000E+00,  2.5467857E+02,2586,  2.2917690E+00,  0.0000000E+00, -1.8656790E-02,  1.0014742E+03,  8.8040438E+04,3,
  4.7960889E+02,  0.0000000E+00,  2.5545973E+02,2604,  2.1053278E+00,  0.0000000E+00, -7.2979069E-01,  1.0002809E+03,  1.6714852E+04,3,
  4.8008011E+02,  0.0000000E+00,  2.5517752E+02,2443,  2.4059062E+00,  0.0000000E+00, -1.9167298E-02,  1.0005259E+03,  3.1317051E+04,3,
  4.8113785E+02,  0.0000000E+00,  2.5589798E+02,2783,  2.7056258E+00,  0.0000000E+00, -6.1307922E-02,  1.0003392E+03,  2.0190658E+04,3,
  4.8080035E+02,  0.0000000E+00,  2.5531343E+02,2754,  2.4390998E+00,  0.0000000E+00,  1.5882446E-01,  9.9917694E+02, -4.8816730E+04,3,
  4.8237793E+02,  0.0000000E+00,  2.5452060E+02,2451,  2.1329088E+00,  0.0000000E+00, -2.5998431E-01,  1.0013315E+03,  7.9487766E+04,3,
  4.8359378E+02,  0.0000000E+00,  2.5552711E+02,2766,  2.1091063E+00,  0.0000000E+00,  5.2442987E-02,  1.0004353E+03,  2.5916029E+04,3,
  4.8462079E+02,  0.0000000E+00,  2.5508754E+02,2471,  2.3694773E+00,  0.0000000E+00, -9.9656126E-03,  1.0001428E+03,  8.4955576E+03,3,
  4.8538577E+02,  0.0000000E+00,  2.5501390E+02,2426,  2.4786537E+00,  0.0000000E+00, -9.7871222E-02,  1.0000637E+03,  3.7894263E+03,3,
  4.8582507E+02,  0.0000000E+00,  2.5602747E+02,2757,  1.9548825E+00,  0.0000000E+00, -8.5058652E-02,  1.0003836E+03,  2.2834688E+04,3,
  4.8659488E+02,  0.0000000E+00,  2.5482104E+02,2537,  2.3922379E+00,  0.0000000E+00,  2.4921110E-02,  1.0006499E+03,  3.8717277E+04,3,
  4.8808582E+02,  0.0000000E+00,  2.5489589E+02,2612,  2.4481032E+00,  0.0000000E+00,  2.6676945E-02,  1.0004573E+03,  2.7225980E+04,3,
  4.8839832E+02,  0.0000000E+00,  2.5617880E+02,2416,  2.1521547E+00,  0.0000000E+00, -4.6628822E-02,  1.0003891E+03,  2.3162057E+04,3,
  4.8856982E+02,  0.0000000E+00,  2.5514961E+02,2621,  2.2396460E+00,  0.0000000E+00,  8.8694401E-02,  9.9965118E+02, -2.0718188E+04,3,
  4.9007056E+02,  0.0000000E+00,  2.5479138E+02,2509,  2.4209464E+00,  0.0000000E+00, -3.9848559E-02,  1.0006605E+03,  3.9351215E+04,3,
  4.9059973E+02,  0.0000000E+00,  2.5602246E+02,2738,  2.2552397E+00,  0.0000000E+00, -1.1220428E-01,  1.0005107E+03,  3.0410609E+04,3,
  4.9159738E+02,  0.0000000E+00,  2.5506857E+02,2638,  2.4267867E+00,  0.0000000E+00, -1.6835715E-01,  1.0000512E+03,  3.0452197E+03,3,
  4.9248874E+02,  0.0000000E+00,  2.5488831E+02,2417,  2.3247979E+00,  0.0000000E+00, -1.8894237E-01,  1.0004042E+03,  2.4060561E+04,3,
  4.9293710E+02,  0.0000000E+00,  2.5627896E+02,2727,  2.2380731E+00,  0.0000000E+00, -1.4147866E-01,  1.0004175E+03,  2.4853641E+04,3,
  4.9355380E+02,  0.0000000E+00,  2.5509329E+02,2664,  2.2792122E+00,  0.0000000E+00, -1.1628889E-01,  9.9992810E+02, -4.2740693E+03,3,
  4.9486176E+02,  0.0000000E+00,  2.5468118E+02,2491,  2.3580513E+00,  0.0000000E+00, -1.1267295E-01,  1.0008461E+03,  5.0433410E+04,3,
  4.9508057E+02,  0.0000000E+00,  2.5640192E+02,2709,  2.3423715E+00,  0.0000000E+00, -1.7080973E-01,  1.0004262E+03,  2.5373906E+04,3,
  4.9642270E+02,  0.0000000E+00,  2.5507271E+02,2335,  2.4233181E+00,  0.0000000E+00, -9.6634641E-02,  1.0000133E+03,  7.9115900E+02,3,
  4.9685739E+02,  0.0000000E+00,  2.5509514E+02,2620,  2.2689822E+00,  0.0000000E+00, -8.6747304E-02,  9.9990857E+02, -5.4347886E+03,3,
  4.9721426E+02,  0.0000000E+00,  2.5662561E+02,2739,  2.4172764E+00,  0.0000000E+00, -1.4794236E-01,  1.0003435E+03,  2.0445211E+04,3,
  4.9803857E+02,  0.0000000E+00,  2.5477209E+02,2546,  2.2594090E+00,  0.0000000E+00, -1.0888646E-01,  1.0007195E+03,  4.2871391E+04,3,
  4.9945355E+02,  0.0000000E+00,  2.5646985E+02,2407,  2.5741277E+00,  0.0000000E+00, -8.0225155E-02,  1.0003945E+03,  2.3485801E+04,3,
  4.9955460E+02,  0.0000000E+00,  2.5482343E+02,2481,  2.3461964E+00,  0.0000000E+00, -1.3072988E-01,  1.0006492E+03,  3.8677203E+04,3,
  5.0082364E+02,  0.0000000E+00,  2.5520897E+02,2647,  2.3659205E+00,  0.0000000E+00, -3.0549154E-02,  9.9926501E+02, -4.3604477E+04,3,
  5.0106134E+02,  0.0000000E+00,  2.5487091E+02,2657,  2.1728346E+00,  0.0000000E+00, -7.6051846E-02,  1.0005226E+03,  3.1124107E+04,3,
  5.0149518E+02,  0.0000000E+00,  2.5656592E+02,2616,  2.4961932E+00,  0.0000000E+00, -9.6500628E-02,  1.0003491E+03,  2.0779775E+04,3,
  5.0236243E+02,  0.0000000E+00,  2.5486230E+02,2547,  2.1350260E+00,  0.0000000E+00, -1.9390818E-02,  1.0004886E+03,  2.9096600E+04,3,
  5.0341550E+02,  0.0000000E+00,  2.5585182E+02,2625,  2.7060518E+00,  0.0000000E+00, -1.9501634E-01,  1.0005234E+03,  3.1167791E+04,3,
  5.0447095E+02,  0.0000000E+00,  2.5501015E+02,2653,  2.4504402E+00,  0.0000000E+00,  1.7668055E-01,  1.0002836E+03,  1.6874799E+04,3,
  5.0447543E+02,  0.0000000E+00,  2.5496193E+02,2729,  2.3357115E+00,  0.0000000E+00,  4.4127032E-02,  1.0003843E+03,  2.2874697E+04,3,
  5.0604465E+02,  0.0000000E+00,  2.5494194E+02,2558,  2.4313021E+00,  0.0000000E+00,  1.1697134E-01,  1.0010225E+03,  6.0980219E+04,3,
  5.0742886E+02,  0.0000000E+00,  2.5501880E+02,2520,  2.4670451E+00,  0.0000000E+00,  1.4066668E-01,  1.0002848E+03,  1.6947504E+04,3,
  5.0825217E+02,  0.0000000E+00,  2.5501749E+02,2510,  2.5446572E+00,  0.0000000E+00,  1.1751150E-01,  1.0002833E+03,  1.6860260E+04,3,
  5.0843301E+02,  0.0000000E+00,  2.5614987E+02,2701,  2.1172001E+00,  0.0000000E+00, -5.7899449E-02,  1.0002578E+03,  1.5340862E+04,3,
  5.0910693E+02,  0.0000000E+00,  2.5502182E+02,2591,  2.5757821E+00,  0.0000000E+00,  1.7769520E-01,  1.0003361E+03,  2.0005203E+04,3,
  5.1044934E+02,  0.0000000E+00,  2.5484969E+02,2499,  2.6189628E+00,  0.0000000E+00,  4.6963360E-02,  1.0005844E+03,  3.4805254E+04,3,
  5.1097562E+02,  0.0000000E+00,  2.5642932E+02,2398,  2.5529690E+00,  0.0000000E+00, -5.4076135E-02,  1.0002768E+03,  1.6471301E+04,3,
  5.1148923E+02,  0.0000000E+00,  2.5508533E+02,2529,  2.4223986E+00,  0.0000000E+00, -3.7879810E-02,  1.0000597E+03,  3.5498220E+03,3,
  5.1160767E+02,  0.0000000E+00,  2.5506834E+02,2454,  2.4223809E+00,  0.0000000E+00, -4.3609221E-02,  1.0000895E+03,  5.3252100E+03,3,
  5.1316058E+02,  0.0000000E+00,  2.5611084E+02,2694,  2.5762486E+00,  0.0000000E+00, -1.7538716E-01,  1.0004682E+03,  2.7877383E+04,3,
  5.1375830E+02,  0.0000000E+00,  2.5455647E+02,2702,  2.5649314E+00,  0.0000000E+00, -7.5856082E-02,  1.0009955E+03,  5.9366457E+04,3,
  5.1497931E+02,  0.0000000E+00,  2.5608469E+02,2498,  2.4994395E+00,  0.0000000E+00, -2.4903449E-01,  1.0005253E+03,  3.1280646E+04,3,
  5.1582404E+02,  0.0000000E+00,  2.5501135E+02,2418,  2.6595552E+00,  0.0000000E+00, -2.2059929E-01,  1.0001603E+03,  9.5380352E+03,3,
  5.1634082E+02,  0.0000000E+00,  2.5500565E+02,2463,  2.5630312E+00,  0.0000000E+00, -1.6641983E-01,  1.0002070E+03,  1.2313667E+04,3,
  5.1711993E+02,  0.0000000E+00,  2.5504880E+02,2593,  2.5145478E+00,  0.0000000E+00, -1.8368551E-01,  1.0001038E+03,  6.1748945E+03,3,
  5.1756110E+02,  0.0000000E+00,  2.5645969E+02,2684,  2.7098753E+00,  0.0000000E+00, -2.0204644E-01,  1.0003420E+03,  2.0357936E+04,3,
  5.1798022E+02,  0.0000000E+00,  2.5497871E+02,2572,  2.5334084E+00,  0.0000000E+00, -1.6045880E-01,  1.0003050E+03,  1.8150838E+04,3,
  5.1937073E+02,  0.0000000E+00,  2.5469394E+02,2513,  2.5656593E+00,  0.0000000E+00, -1.1057112E-01,  1.0008829E+03,  5.2633086E+04,3,
  5.1992010E+02,  0.0000000E+00,  2.5629697E+02,2675,  2.6771100E+00,  0.0000000E+00, -1.3942091E-01,  1.0003353E+03,  1.9957932E+04,3,
  5.2089032E+02,  0.0000000E+00,  2.5508894E+02,2548,  2.6306934E+00,  0.0000000E+00, -1.2234698E-01,  1.0001027E+03,  6.1095312E+03,3,
  5.2128418E+02,  0.0000000E+00,  2.5502370E+02,2555,  2.5885580E+00,  0.0000000E+00, -8.6492367E-02,  1.0002989E+03,  1.7787277E+04,3,
  5.2226746E+02,  0.0000000E+00,  2.5496646E+02,2584,  2.6033072E+00,  0.0000000E+00, -8.5972704E-02,  1.0004222E+03,  2.5137418E+04,3,
  5.2274286E+02,  0.0000000E+00,  2.5646899E+02,2693,  2.6371253E+00,  0.0000000E+00, -8.0621138E-02,  1.0002681E+03,  1.5951501E+04,3,
  5.2340326E+02,  0.0000000E+00,  2.5491881E+02,2583,  2.6137040E+00,  0.0000000E+00, -6.8407200E-02,  1.0004846E+03,  2.8852744E+04,3,
  5.2446008E+02,  0.0000000E+00,  2.5498262E+02,2556,  2.5716946E+00,  0.0000000E+00, -3.3259861E-02,  1.0003603E+03,  2.1445303E+04,3,
  5.2537744E+02,  0.0000000E+00,  2.5619284E+02,2489,  2.7318280E+00,  0.0000000E+00, -6.8917446E-02,  1.0002841E+03,  1.6907518E+04,3,
  5.2558612E+02,  0.0000000E+00,  2.5500616E+02,2492,  2.5927968E+00,  0.0000000E+00, -2.6383974E-02,  1.0003195E+03,  1.9012529E+04,3,
  5.2593707E+02,  0.0000000E+00,  2.5504810E+02,2500,  2.6049879E+00,  0.0000000E+00,  2.1490722E-04,  1.0002451E+03,  1.4581251E+04,3,
  5.2749011E+02,  0.0000000E+00,  2.5487035E+02,2553,  2.6528783E+00,  0.0000000E+00,  2.1789862E-02,  1.0007041E+03,  4.1952965E+04,3,
  5.2829962E+02,  0.0000000E+00,  2.5505330E+02,2372,  2.6473155E+00,  0.0000000E+00, -1.6910339E-02,  1.0008543E+03,  5.0925832E+04,3,
  5.2993323E+02,  0.0000000E+00,  2.5559239E+02,2599,  2.7504268E+00,  0.0000000E+00,  5.3865584E-03,  1.0002861E+03,  1.7023844E+04,3,
  5.2990057E+02,  0.0000000E+00,  2.5483118E+02,2562,  2.5284173E+00,  0.0000000E+00, -1.3228015E-02,  1.0006498E+03,  3.8713637E+04,3,
  5.3114398E+02,  0.0000000E+00,  2.5546571E+02,2545,  2.6327057E+00,  0.0000000E+00, -2.5322065E-02,  1.0000955E+03,  5.6774204E+03,3,
  5.3104016E+02,  0.0000000E+00,  2.5544870E+02,2676,  2.6346703E+00,  0.0000000E+00, -1.5334853E-02,  1.0001152E+03,  6.8503364E+03,3,
  5.3286279E+02,  0.0000000E+00,  2.5439891E+02,2541,  2.6315455E+00,  0.0000000E+00, -8.8788942E-03,  1.0019750E+03,  1.1812603E+05,3,
  5.3453217E+02,  0.0000000E+00,  2.5558185E+02,2486,  2.6441638E+00,  0.0000000E+00, -3.1383839E-01,  1.0001989E+03,  1.1834052E+04,3,
  5.3484229E+02,  0.0000000E+00,  2.5510678E+02,2354,  2.7435191E+00,  0.0000000E+00, -3.5034314E-02,  1.0003171E+03,  1.8870727E+04,3,
  5.3549493E+02,  0.0000000E+00,  2.5641058E+02,2639,  2.6525347E+00,  0.0000000E+00, -1.5636919E-01,  1.0002203E+03,  1.3109442E+04,3,
  5.3607172E+02,  0.0000000E+00,  2.5489099E+02,2508,  2.7702625E+00,  0.0000000E+00, -2.9263293E-02,  1.0004175E+03,  2.4857279E+04,3,
  5.3729437E+02,  0.0000000E+00,  2.5482210E+02,2567,  2.7463560E+00,  0.0000000E+00, -9.0930751E-04,  1.0005399E+03,  3.2154398E+04,3,
  5.3743024E+02,  0.0000000E+00,  2.5643649E+02,2526,  2.7600873E+00,  0.0000000E+00, -9.6177854E-02,  1.0003693E+03,  2.1983574E+04,3,
  5.3837805E+02,  0.0000000E+00,  2.5499493E+02,2527,  2.7726178E+00,  0.0000000E+00,  2.8913107E-02,  1.0002959E+03,  1.7609139E+04,3,
  5.3936639E+02,  0.0000000E+00,  2.5512296E+02,2564,  2.7540946E+00,  0.0000000E+00,  2.6680304E-02,  1.0001300E+03,  7.7328384E+03,3,
  5.3995569E+02,  0.0000000E+00,  2.5690317E+02,2362,  2.8311527E+00,  0.0000000E+00, -5.4626931E-02,  1.0003186E+03,  1.8961627E+04,3,
  5.4036450E+02,  0.0000000E+00,  2.5468800E+02,2381,  2.7653615E+00,  0.0000000E+00,  2.3190401E-02,  1.0009923E+03,  5.9176617E+04,3,
  5.4175409E+02,  0.0000000E+00,  2.5684836E+02,2667,  2.7983780E+00,  0.0000000E+00, -6.7776009E-02,  1.0003710E+03,  2.2081775E+04,3,
  5.4202356E+02,  0.0000000E+00,  2.5527835E+02,2473,  2.8422472E+00,  0.0000000E+00,  3.0598913E-03,  9.9910651E+02, -5.2983105E+04,3,
  5.4214502E+02,  0.0000000E+00,  2.5485036E+02,2464,  2.7439373E+00,  0.0000000E+00,  2.7756736E-02,  1.0006469E+03,  3.8535121E+04,3,
  5.4350183E+02,  0.0000000E+00,  2.5619592E+02,2581,  2.9573722E+00,  0.0000000E+00, -4.8762742E-02,  1.0006503E+03,  3.8742781E+04,3,
  5.4365149E+02,  0.0000000E+00,  2.5490202E+02,2428,  2.7535996E+00,  0.0000000E+00,  2.5427831E-02,  1.0004100E+03,  2.4409799E+04,3,
  5.4483215E+02,  0.0000000E+00,  2.5488596E+02,2574,  2.8416295E+00,  0.0000000E+00, -9.1686891E-04,  1.0004686E+03,  2.7902857E+04,3,
  5.4614893E+02,  0.0000000E+00,  2.5670123E+02,2640,  2.9009356E+00,  0.0000000E+00, -1.1514354E-02,  1.0003464E+03,  2.0619766E+04,3,
  5.4591504E+02,  0.0000000E+00,  2.5501848E+02,2457,  2.8089874E+00,  0.0000000E+00, -4.6810202E-02,  1.0000886E+03,  5.2707451E+03,3,
  5.4693701E+02,  0.0000000E+00,  2.5492157E+02,2419,  2.7860703E+00,  0.0000000E+00, -6.1189890E-02,  1.0004753E+03,  2.8303182E+04,3,
  5.4774133E+02,  0.0000000E+00,  2.5507915E+02,2475,  2.7967474E+00,  0.0000000E+00, -6.4446107E-02,  1.0000113E+03,  6.7139233E+02,3,
  5.4833795E+02,  0.0000000E+00,  2.5661206E+02,2380,  2.9202213E+00,  0.0000000E+00,  2.0741094E-02,  1.0003214E+03,  1.9125246E+04,3,
  5.4890631E+02,  0.0000000E+00,  2.5491423E+02,2435,  2.8384407E+00,  0.0000000E+00, -1.7723665E-02,  1.0006222E+03,  3.7063402E+04,3,
  5.4970404E+02,  0.0000000E+00,  2.5506696E+02,2536,  2.7542040E+00,  0.0000000E+00, -2.0374015E-02,  9.9996295E+02, -2.2025732E+03,3,
  5.5093103E+02,  0.0000000E+00,  2.5480228E+02,2483,  2.8776367E+00,  0.0000000E+00,  1.5442603E-02,  1.0007394E+03,  4.4063285E+04,3,
  5.5117725E+02,  0.0000000E+00,  2.5625476E+02,2592,  2.7077994E+00,  0.0000000E+00,  6.7932117E-03,  1.0004242E+03,  2.5253842E+04,3,
  5.5234198E+02,  0.0000000E+00,  2.5492241E+02,2445,  2.9648111E+00,  0.0000000E+00, -8.6773112E-02,  1.0004820E+03,  2.8699883E+04,3,
  5.5335785E+02,  0.0000000E+00,  2.5508287E+02,2531,  2.8485961E+00,  0.0000000E+00, -4.7759384E-02,  1.0000104E+03,  6.2058270E+02,3,
  5.5341736E+02,  0.0000000E+00,  2.5649243E+02,2603,  2.7727106E+00,  0.0000000E+00,  3.7630538E-03,  1.0002115E+03,  1.2586186E+04,3,
  5.5382172E+02,  0.0000000E+00,  2.5506131E+02,2530,  2.6575985E+00,  0.0000000E+00, -5.8288757E-02,  1.0002366E+03,  1.4079722E+04,3,
  5.5531110E+02,  0.0000000E+00,  2.5624326E+02,2344,  2.9266086E+00,  0.0000000E+00,  4.3224059E-02,  1.0001097E+03,  6.5235039E+03,3,
  5.5555688E+02,  0.0000000E+00,  2.5467653E+02,2484,  2.7630479E+00,  0.0000000E+00, -1.0486002E-01,  1.0009030E+03,  5.3833445E+04,3,
  5.5674731E+02,  0.0000000E+00,  2.5510989E+02,2565,  2.8077376E+00,  0.0000000E+00, -5.8181502E-02,  1.0007451E+03,  4.4398648E+04,3,
  5.5772382E+02,  0.0000000E+00,  2.5513135E+02,2557,  2.6764534E+00,  0.0000000E+00, -4.8250627E-02,  1.0003164E+03,  1.8830732E+04,3,
  5.5817188E+02,  0.0000000E+00,  2.5644952E+02,2563,  2.6643004E+00,  0.0000000E+00, -1.5958156E-02,  9.9997870E+02, -1.2664487E+03,3,
  5.5882910E+02,  0.0000000E+00,  2.5478656E+02,2409,  2.7118948E+00,  0.0000000E+00,  1.2809402E-01,  1.0004517E+03,  2.6894838E+04,3,
  5.5999451E+02,  0.0000000E+00,  2.5509933E+02,2308,  2.7722187E+00,  0.0000000E+00,  4.0841937E-01,  1.0007866E+03,  4.6881391E+04,3,
  5.6018573E+02,  0.0000000E+00,  2.5652991E+02,2468,  2.9927297E+00,  0.0000000E+00, -2.1618089E-01,  9.9981775E+02, -1.0830346E+04,3,
  5.6058783E+02,  0.0000000E+00,  2.5505299E+02,2408,  2.8356659E+00,  0.0000000E+00,  2.6861525E-01,  1.0008969E+03,  5.3468578E+04,3,
  5.6227606E+02,  0.0000000E+00,  2.5473058E+02,2631,  2.9739237E+00,  0.0000000E+00, -2.6824957E-01,  1.0011545E+03,  6.8884859E+04,3,
  5.6247491E+02,  0.0000000E+00,  2.5625702E+02,2472,  3.2678835E+00,  0.0000000E+00, -5.8184242E-01,  9.9944269E+02, -3.3081277E+04,3,
  5.6384534E+02,  0.0000000E+00,  2.5480128E+02,2610,  2.5878022E+00,  0.0000000E+00, -7.1790797E-01,  1.0012886E+03,  7.6912789E+04,3,
  5.6457758E+02,  0.0000000E+00,  2.5662137E+02,2594,  3.8992314E+00,  0.0000000E+00,  1.3380855E-01,  9.9992365E+02, -4.5388701E+03,3,
  5.6525409E+02,  0.0000000E+00,  2.5585162E+02,2539,  2.6294692E+00,  0.0000000E+00, -5.6750285E-03,  1.0002706E+03,  1.6104167E+04,3,
  5.6551239E+02,  0.0000000E+00,  2.5498097E+02,2494,  2.5549684E+00,  0.0000000E+00, -1.1773434E+00,  1.0009694E+03,  5.7807707E+04,3,
  5.6618347E+02,  0.0000000E+00,  2.5648633E+02,2585,  2.8699539E+00,  0.0000000E+00,  1.1613005E-01,  9.9979803E+02, -1.2001170E+04,3,
  5.6747174E+02,  0.0000000E+00,  2.5591386E+02,2576,  1.7792796E+00,  0.0000000E+00, -3.0438159E-02,  9.9921667E+02, -4.6465598E+04,3,
  5.6806207E+02,  0.0000000E+00,  2.5426639E+02,2566,  2.1506369E+00,  0.0000000E+00, -1.1119479E+00,  1.0013731E+03,  8.1979258E+04,3,
  5.7001520E+02,  0.0000000E+00,  2.5572044E+02,2568,  3.9207428E+00,  0.0000000E+00, -4.5083013E-01,  9.9901904E+02, -5.8154324E+04,3,
  5.7139362E+02,  0.0000000E+00,  2.5588370E+02,2613,  3.4012697E+00,  0.0000000E+00,  2.4285913E-01,  9.9976471E+02, -1.3980020E+04,3,
  5.6860779E+02,  0.0000000E+00,  2.5427052E+02,2345,  1.2524588E+00,  0.0000000E+00, -3.8713199E-01,  1.0028551E+03,  1.7121950E+05,3,
  5.7235529E+02,  0.0000000E+00,  2.5641574E+02,2495,  2.4670937E+00,  0.0000000E+00,  3.9137885E-01,  1.0001986E+03,  1.1815886E+04,3,
  5.7109985E+02,  0.0000000E+00,  2.5324272E+02,2522,  1.6785625E+00,  0.0000000E+00, -6.6831630E-01,  1.0009261E+03,  5.5216410E+04,3,
  5.7324396E+02,  0.0000000E+00,  2.5702249E+02,2469,  2.1531966E+00,  0.0000000E+00,  3.7390354E-01,  1.0003328E+03,  1.9808842E+04,3,
  5.7178210E+02,  0.0000000E+00,  2.5252054E+02,2519,  6.7900139E-01,  0.0000000E+00, -4.3765599E-01,  1.0013657E+03,  8.1536523E+04,3,
  5.7319446E+02,  0.0000000E+00,  2.5298679E+02,2411,  1.2910407E+00,  0.0000000E+00, -5.6737757E-01,  1.0010170E+03,  6.0651605E+04,3,
  5.7000031E+02,  0.0000000E+00,  2.5261241E+02,2307,  4.2026472E-01,  0.0000000E+00, -1.5950783E-01,  1.0010811E+03,  6.4486125E+04,3,
  5.7479620E+02,  0.0000000E+00,  2.5659949E+02,2575,  2.4091163E+00,  0.0000000E+00,  1.4425601E-01,  1.0001259E+03,  7.4895068E+03,3,
  5.7407013E+02,  0.0000000E+00,  2.5323694E+02,2363,  9.5885348E-01,  0.0000000E+00, -2.8330132E-01,  1.0004095E+03,  2.4377059E+04,3,
  5.7582306E+02,  0.0000000E+00,  2.5666095E+02,2450,  2.3233137E+00,  0.0000000E+00, -5.8729254E-02,  1.0001313E+03,  7.8091079E+03,3,
  5.7459167E+02,  0.0000000E+00,  2.5313803E+02,2438,  8.1521666E-01,  0.0000000E+00, -1.5472353E-01,  1.0004832E+03,  2.8772674E+04,3,
  5.7687775E+02,  0.0000000E+00,  2.5653253E+02,2326,  2.1270709E+00,  0.0000000E+00, -1.3493569E-01,  1.0001793E+03,  1.0667812E+04,3,
  5.7735913E+02,  0.0000000E+00,  2.5622562E+02,2402,  2.1683609E+00,  0.0000000E+00, -1.0690098E-01,  1.0001958E+03,  1.1648753E+04,3,
  5.7885999E+02,  0.0000000E+00,  2.5613358E+02,2503,  2.2313218E+00,  0.0000000E+00, -9.2128813E-02,  1.0000275E+03,  1.6331958E+03,3,
  5.7537006E+02,  0.0000000E+00,  2.5294835E+02,2485,  8.9020437E-01,  0.0000000E+00, -2.7821753E-02,  1.0007278E+03,  4.3367086E+04,3,
  5.7988397E+02,  0.0000000E+00,  2.5574689E+02,2401,  2.4307086E+00,  0.0000000E+00, -1.4476538E-01,  9.9990161E+02, -5.8482617E+03,3,
  5.7647504E+02,  0.0000000E+00,  2.5258759E+02,2423,  1.4326888E+00,  0.0000000E+00,  8.6109251E-02,  1.0014815E+03,  8.8479797E+04,3,
  5.7794092E+02,  0.0000000E+00,  2.5290913E+02,2511,  8.0789393E-01,  0.0000000E+00,  4.7691885E-02,  1.0009852E+03,  5.8753148E+04,3,
  5.7944373E+02,  0.0000000E+00,  2.5283199E+02,2366,  8.3269781E-01,  0.0000000E+00,  2.3559882E-01,  1.0006505E+03,  3.8753711E+04,3,
  5.8014014E+02,  0.0000000E+00,  2.5296240E+02,2549,  7.9010791E-01,  0.0000000E+00,  2.1541707E-01,  1.0008359E+03,  4.9824297E+04,3,
  5.8083575E+02,  0.0000000E+00,  2.5563287E+02,2466,  2.9281154E+00,  0.0000000E+00, -6.5462178E-01,  9.9996692E+02, -1.9667363E+03,3,
  5.8033484E+02,  0.0000000E+00,  2.5300549E+02,2336,  7.5452614E-01,  0.0000000E+00,  2.0529296E-01,  1.0007186E+03,  4.2820367E+04,3,
  5.8228345E+02,  0.0000000E+00,  2.5634146E+02,2559,  2.8435631E+00,  0.0000000E+00, -6.0518581E-01,  1.0007536E+03,  4.4909000E+04,3,
  5.8365411E+02,  0.0000000E+00,  2.5561198E+02,2502,  3.2051861E+00,  0.0000000E+00, -1.0936543E+00,  1.0030085E+03,  1.8050453E+05,3,
  5.8557776E+02,  0.0000000E+00,  2.5598668E+02,2577,  4.0988603E+00,  0.0000000E+00, -3.3655339E-01,  1.0016426E+03,  9.8150570E+04,3,
  5.8119403E+02,  0.0000000E+00,  2.5387732E+02,2392,  1.6397194E+00,  0.0000000E+00,  9.4098848E-01,  1.0004576E+03,  2.7247814E+04,3,
  5.8463446E+02,  0.0000000E+00,  2.5515717E+02,2501,  2.1328795E+00,  0.0000000E+00, -1.5350188E-01,  1.0005853E+03,  3.4859879E+04,3,
  5.8649841E+02,  0.0000000E+00,  2.5487730E+02,2390,  2.4003901E+00,  0.0000000E+00, -1.1223193E+00,  9.9990503E+02, -5.6451543E+03,3,
  5.8396112E+02,  0.0000000E+00,  2.5535486E+02,2317,  2.6619990E+00,  0.0000000E+00,  1.0979277E+00,  9.9431281E+02, -3.3243394E+05,3,
  5.8763220E+02,  0.0000000E+00,  2.5499338E+02,2427,  2.1052396E+00,  0.0000000E+00, -1.2673972E+00,  9.9963977E+02, -2.1395373E+04,3,
  5.8851483E+02,  0.0000000E+00,  2.5509813E+02,2528,  2.1701894E+00,  0.0000000E+00,  4.6897820E-01,  9.9904468E+02, -5.6638965E+04,3,
  5.8938123E+02,  0.0000000E+00,  2.5482291E+02,2436,  2.7921913E+00,  0.0000000E+00,  4.1865918E-01,  1.0007991E+03,  4.7625242E+04,3,
  5.8961316E+02,  0.0000000E+00,  2.5624542E+02,2432,  2.9496207E+00,  0.0000000E+00, -4.4131160E-02,  1.0006423E+03,  3.8265531E+04,3,
  5.9092975E+02,  0.0000000E+00,  2.5511710E+02,2532,  2.6492515E+00,  0.0000000E+00,  9.0620941E-01,  9.9944189E+02, -3.3128297E+04,3,
  5.9157190E+02,  0.0000000E+00,  2.5522180E+02,2399,  2.6353471E+00,  0.0000000E+00, -5.0860691E-01,  9.9976166E+02, -1.4161213E+04,3,
  5.9341376E+02,  0.0000000E+00,  2.5568291E+02,2383,  2.5696964E+00,  0.0000000E+00,  5.3530399E-02,  1.0006653E+03,  3.9639051E+04,3,
  5.9346765E+02,  0.0000000E+00,  2.5475655E+02,2465,  2.8023257E+00,  0.0000000E+00, -2.4077280E-01,  1.0011343E+03,  6.7675383E+04,3,
  5.9522913E+02,  0.0000000E+00,  2.5637131E+02,2550,  3.2097087E+00,  0.0000000E+00, -1.8561482E-01,  1.0006111E+03,  3.6404117E+04,3,
  5.9532965E+02,  0.0000000E+00,  2.5534811E+02,2420,  2.3146102E+00,  0.0000000E+00, -1.1849842E-01,  9.9496185E+02, -2.9506803E+05,3,
  5.9514111E+02,  0.0000000E+00,  2.5481239E+02,2309,  2.1820021E+00,  0.0000000E+00, -1.2362433E-01,  1.0015447E+03,  9.2273727E+04,3,
  5.9626532E+02,  0.0000000E+00,  2.5559952E+02,2458,  2.7646604E+00,  0.0000000E+00, -3.9378405E-01,  1.0007817E+03,  4.6586055E+04,3,
  5.9742694E+02,  0.0000000E+00,  2.5462456E+02,2281,  2.5888524E+00,  0.0000000E+00,  3.0718160E-01,  1.0017818E+03,  1.0651011E+05,3,
  5.9861584E+02,  0.0000000E+00,  2.5528087E+02,2538,  3.1569989E+00,  0.0000000E+00, -3.6768332E-01,  9.9943829E+02, -3.3341688E+04,3,
  5.9975787E+02,  0.0000000E+00,  2.5536736E+02,2412,  2.6237369E+00,  0.0000000E+00,  3.8853714E-01,  1.0001282E+03,  7.6238833E+03,3,
  6.0043475E+02,  0.0000000E+00,  2.5520404E+02,2429,  2.9644561E+00,  0.0000000E+00,  1.2064162E-01,  9.9955768E+02, -2.6264670E+04,3,
  6.0064343E+02,  0.0000000E+00,  2.5517513E+02,2456,  2.6340520E+00,  0.0000000E+00,  7.9655433E-01,  9.9846985E+02, -9.0563078E+04,3,
  6.0155316E+02,  0.0000000E+00,  2.5487511E+02,2448,  2.8367364E+00,  0.0000000E+00,  5.4017645E-01,  1.0016541E+03,  9.8839602E+04,3,
  6.0212592E+02,  0.0000000E+00,  2.5601633E+02,2482,  2.5486422E+00,  0.0000000E+00,  1.8644470E-01,  1.0004197E+03,  2.4988252E+04,3,
  6.0363416E+02,  0.0000000E+00,  2.5491136E+02,2403,  3.1611004E+00,  0.0000000E+00,  6.0375154E-01,  1.0010547E+03,  6.2911969E+04,3,
  6.0435236E+02,  0.0000000E+00,  2.5525452E+02,2447,  3.0366423E+00,  0.0000000E+00, -2.4242561E-02,  9.9740002E+02, -1.5338862E+05,3,
  6.0493048E+02,  0.0000000E+00,  2.5508795E+02,2467,  2.7888229E+00,  0.0000000E+00,  5.3673297E-01,  9.9912207E+02, -5.2062613E+04,3,
  6.0538092E+02,  0.0000000E+00,  2.5584479E+02,2504,  3.1037295E+00,  0.0000000E+00, -7.2717093E-02,  1.0011092E+03,  6.6170133E+04,3,
  6.0619147E+02,  0.0000000E+00,  2.5521466E+02,2540,  3.2013423E+00,  0.0000000E+00,  1.5534081E-01,  1.0014412E+03,  8.6059898E+04,3,
  6.0764581E+02,  0.0000000E+00,  2.5463799E+02,2521,  2.4149737E+00,  0.0000000E+00, -5.2597302E-01,  9.9780737E+02, -1.2951466E+05,3,
  6.0827460E+02,  0.0000000E+00,  2.5422206E+02,2355,  2.6570234E+00,  0.0000000E+00, -2.0542612E+00,  1.0023984E+03,  1.4363269E+05,3,
  6.0929791E+02,  0.0000000E+00,  2.5520023E+02,2523,  2.8561444E+00,  0.0000000E+00, -6.3528770E-01,  9.9931000E+02, -4.0941301E+04,3,
  6.1065961E+02,  0.0000000E+00,  2.5511726E+02,2386,  3.6266568E+00,  0.0000000E+00, -5.0688541E-01,  9.9941992E+02, -3.4430289E+04,3,
  6.1241272E+02,  0.0000000E+00,  2.5556276E+02,2424,  4.3592954E+00,  0.0000000E+00, -2.3708242E-01,  9.9952136E+02, -2.8417982E+04,3,
  6.1100275E+02,  0.0000000E+00,  2.5287241E+02,2348,  1.6346128E+00,  0.0000000E+00, -7.1449310E-01,  1.0012443E+03,  7.4258031E+04,3,
  6.1110864E+02,  0.0000000E+00,  2.5276120E+02,2254,  6.6410810E-01,  0.0000000E+00, -4.8082611E-01,  1.0006089E+03,  3.6269352E+04,3,
  6.1398236E+02,  0.0000000E+00,  2.5541116E+02,2455,  3.0857117E+00,  0.0000000E+00,  3.3940387E-01,  9.9899835E+02, -5.9377266E+04,3,
  6.1090576E+02,  0.0000000E+00,  2.5329207E+02,2437,  1.1744705E+00,  0.0000000E+00, -4.6388388E-01,  1.0010222E+03,  6.0961965E+04,3,
  6.1331433E+02,  0.0000000E+00,  2.5265169E+02,2370,  1.9853688E+00,  0.0000000E+00,  4.3382087E-01,  1.0005801E+03,  3.4550332E+04,3,
  6.1451086E+02,  0.0000000E+00,  2.5438274E+02,2373,  1.5401907E+00,  0.0000000E+00,  8.4290400E-02,  1.0025654E+03,  1.5371048E+05,3,
  6.1592212E+02,  0.0000000E+00,  2.5551076E+02,2299,  3.2395337E+00,  0.0000000E+00,  7.1639888E-02,  9.9968707E+02, -1.8588553E+04,3,
  6.1615076E+02,  0.0000000E+00,  2.5468599E+02,2430,  2.9997029E+00,  0.0000000E+00, -2.9095423E-01,  1.0003267E+03,  1.9445221E+04,3,
  6.1799304E+02,  0.0000000E+00,  2.5467981E+02,2382,  3.5885239E+00,  0.0000000E+00,  3.1735444E-01,  1.0012921E+03,  7.7121250E+04,3,
  6.1635736E+02,  0.0000000E+00,  2.5299536E+02,2474,  1.6730627E+00,  0.0000000E+00, -3.2108989E-01,  9.9970306E+02, -1.7639486E+04,3,
  6.1690930E+02,  0.0000000E+00,  2.5281367E+02,2446,  1.8862014E+00,  0.0000000E+00, -9.9119931E-02,  9.9991461E+02, -5.0757056E+03,3,
  6.1933948E+02,  0.0000000E+00,  2.5451089E+02,2512,  1.6190169E+00,  0.0000000E+00,  9.4160223E-01,  1.0010746E+03,  6.4098957E+04,3,
  6.1920319E+02,  0.0000000E+00,  2.5265193E+02,2391,  8.8849878E-01,  0.0000000E+00, -4.1212502E-01,  1.0002590E+03,  1.5413556E+04,3,
  6.2019940E+02,  0.0000000E+00,  2.5295105E+02,2439,  2.4227054E+00,  0.0000000E+00, -2.0092508E-01,  9.9824921E+02, -1.0355341E+05,3,
  6.2135834E+02,  0.0000000E+00,  2.5396646E+02,2393,  7.1629459E-01,  0.0000000E+00, -8.0817780E-03,  1.0023705E+03,  1.4195036E+05,3,
  6.2226453E+02,  0.0000000E+00,  2.5469162E+02,2400,  2.3622665E+00,  0.0000000E+00,  1.5224215E-01,  1.0002772E+03,  1.6496746E+04,3,
  6.2232166E+02,  0.0000000E+00,  2.5312862E+02,2405,  1.6728784E+00,  0.0000000E+00,  8.6186171E-02,  1.0001156E+03,  6.8757573E+03,3,
  6.2287079E+02,  0.0000000E+00,  2.5288020E+02,2337,  1.5487030E+00,  0.0000000E+00,  1.1059511E-01,  9.9982776E+02, -1.0235818E+04,3,
  6.2444019E+02,  0.0000000E+00,  2.5274397E+02,2449,  1.2900757E+00,  0.0000000E+00,  3.3106443E-03,  1.0002878E+03,  1.7125633E+04,3,
  6.2448242E+02,  0.0000000E+00,  2.5525633E+02,2514,  1.6893939E+00,  0.0000000E+00, -3.2533675E-02,  1.0003881E+03,  2.3100219E+04,3,
  6.2535901E+02,  0.0000000E+00,  2.5518234E+02,2395,  1.7821307E+00,  0.0000000E+00, -1.2876640E-01,  1.0005560E+03,  3.3111977E+04,3,
  6.2587329E+02,  0.0000000E+00,  2.5275250E+02,2374,  1.5454051E+00,  0.0000000E+00,  4.8525508E-02,  1.0006481E+03,  3.8611625E+04,3,
  6.2666333E+02,  0.0000000E+00,  2.5564995E+02,2343,  2.1106303E+00,  0.0000000E+00, -1.1366709E-01,  1.0003691E+03,  2.1969027E+04,3,
  6.2701453E+02,  0.0000000E+00,  2.5316060E+02,2394,  1.5918201E+00,  0.0000000E+00,  1.3834532E-01,  9.9975580E+02, -1.4509096E+04,3,
  6.2817743E+02,  0.0000000E+00,  2.5271574E+02,2378,  1.4867787E+00,  0.0000000E+00,  1.0303410E-01,  1.0007589E+03,  4.5226160E+04,3,
  6.2843500E+02,  0.0000000E+00,  2.5544067E+02,2415,  2.1061199E+00,  0.0000000E+00, -3.0821308E-02,  1.0004547E+03,  2.7073145E+04,3,
  6.2926758E+02,  0.0000000E+00,  2.5302655E+02,2356,  1.5937539E+00,  0.0000000E+00,  1.4719442E-01,  1.0002257E+03,  1.3429225E+04,3,
  6.3005457E+02,  0.0000000E+00,  2.5527100E+02,2493,  1.9787180E+00,  0.0000000E+00, -5.5313893E-02,  1.0003024E+03,  1.7998141E+04,3,
  6.3047644E+02,  0.0000000E+00,  2.5274959E+02,2410,  1.6738635E+00,  0.0000000E+00,  2.2046179E-01,  1.0008444E+03,  5.0331281E+04,3,
  6.3129230E+02,  0.0000000E+00,  2.5552116E+02,2478,  1.9578437E+00,  0.0000000E+00, -1.6935414E-01,  1.0001043E+03,  6.2039448E+03,3,
  6.3281665E+02,  0.0000000E+00,  2.5571773E+02,2505,  2.1764667E+00,  0.0000000E+00, -2.6721755E-01,  1.0000403E+03,  2.3990759E+03,3,
  6.3207684E+02,  0.0000000E+00,  2.5274066E+02,2477,  1.9043193E+00,  0.0000000E+00, -1.6584089E-02,  1.0007830E+03,  4.6666270E+04,3,
  6.3410413E+02,  0.0000000E+00,  2.5549382E+02,2476,  2.2760015E+00,  0.0000000E+00, -2.2295274E-01,  9.9997925E+02, -1.2337916E+03,3,
  6.3286005E+02,  0.0000000E+00,  2.5348953E+02,2384,  1.8853029E+00,  0.0000000E+00, -2.1892625E-01,  1.0004256E+03,  2.5337523E+04,3,
  6.3416077E+02,  0.0000000E+00,  2.5260251E+02,2487,  1.8250853E+00,  0.0000000E+00, -5.2205946E-02,  1.0012102E+03,  7.2218078E+04,3,
  6.3561572E+02,  0.0000000E+00,  2.5578554E+02,2379,  2.2178550E+00,  0.0000000E+00, -1.5731858E-01,  1.0001254E+03,  7.4568213E+03,3,
  6.3553204E+02,  0.0000000E+00,  2.5295255E+02,2442,  1.8504076E+00,  0.0000000E+00, -3.5302863E-02,  1.0008165E+03,  4.8668184E+04,3,
  6.3705176E+02,  0.0000000E+00,  2.5556697E+02,2290,  2.3962908E+00,  0.0000000E+00, -2.0108035E-02,  1.0001050E+03,  6.2438892E+03,3,
  6.3661847E+02,  0.0000000E+00,  2.5269281E+02,2310,  1.8347585E+00,  0.0000000E+00,  8.8632874E-02,  1.0011003E+03,  6.5640422E+04,3,
  6.3842224E+02,  0.0000000E+00,  2.5571883E+02,2440,  2.4110513E+00,  0.0000000E+00,  2.1713711E-03,  1.0001767E+03,  1.0511598E+04,3,
  6.3807599E+02,  0.0000000E+00,  2.5287379E+02,2292,  1.9933102E+00,  0.0000000E+00,  1.2199808E-01,  1.0005155E+03,  3.0698188E+04,3,
  6.3974127E+02,  0.0000000E+00,  2.5562419E+02,2341,  2.4364016E+00,  0.0000000E+00,  1.6051976E-02,  1.0001814E+03,  1.0791333E+04,3,
  6.3893347E+02,  0.0000000E+00,  2.5320013E+02,2359,  1.9564329E+00,  0.0000000E+00,  1.0609455E-01,  1.0001805E+03,  1.0740472E+04,3,
  6.3922955E+02,  0.0000000E+00,  2.5309186E+02,2365,  1.9332961E+00,  0.0000000E+00,  9.3667962E-02,  1.0002912E+03,  1.7329211E+04,3,
  6.4100873E+02,  0.0000000E+00,  2.5529703E+02,2496,  2.3183961E+00,  0.0000000E+00,  1.0307325E-01,  1.0001250E+03,  7.4350308E+03,3,
  6.4086462E+02,  0.0000000E+00,  2.5264487E+02,2422,  2.0420420E+00,  0.0000000E+00,  5.3662313E-03,  1.0012341E+03,  7.3647461E+04,3,
  6.4217694E+02,  0.0000000E+00,  2.5271724E+02,2441,  2.0024800E+00,  0.0000000E+00, -1.4440301E-01,  1.0010947E+03,  6.5304348E+04,3,
  6.4297491E+02,  0.0000000E+00,  2.5589357E+02,2032,  2.3783634E+00,  0.0000000E+00,  1.7962636E-01,  1.0001235E+03,  7.3442373E+03,3,
  6.4342670E+02,  0.0000000E+00,  2.5300748E+02,2283,  1.8212018E+00,  0.0000000E+00, -9.0535901E-02,  1.0005969E+03,  3.5551844E+04,3,
  6.4452209E+02,  0.0000000E+00,  2.5555312E+02,2433,  2.2724998E+00,  0.0000000E+00,  2.4487886E-01,  1.0000626E+03,  3.7240791E+03,3,
  6.4412360E+02,  0.0000000E+00,  2.5339682E+02,2332,  1.7886573E+00,  0.0000000E+00,  3.7823830E-02,  1.0002324E+03,  1.3825332E+04,3,
  6.4550391E+02,  0.0000000E+00,  2.5530754E+02,2459,  2.1730864E+00,  0.0000000E+00,  3.2701936E-01,  1.0000363E+03,  2.1595051E+03,3,
  6.4545581E+02,  0.0000000E+00,  2.5258289E+02,2334,  1.6175015E+00,  0.0000000E+00,  1.0020305E-01,  1.0012931E+03,  7.7183422E+04,3,
  6.4695703E+02,  0.0000000E+00,  2.5577429E+02,2235,  2.0755055E+00,  0.0000000E+00,  3.9620292E-01,  1.0000922E+03,  5.4849741E+03,3,
  6.4698956E+02,  0.0000000E+00,  2.5264557E+02,2318,  1.7324750E+00,  0.0000000E+00,  2.3472506E-01,  1.0012075E+03,  7.2053586E+04,3,
  6.4835474E+02,  0.0000000E+00,  2.5322479E+02,2257,  1.7606518E+00,  0.0000000E+00,  2.7932435E-01,  1.0004069E+03,  2.4224266E+04,3,
  6.4852295E+02,  0.0000000E+00,  2.5557738E+02,2364,  1.9852306E+00,  0.0000000E+00,  3.6693195E-01,  1.0000640E+03,  3.8039480E+03,3,
  6.4913379E+02,  0.0000000E+00,  2.5304153E+02,2346,  1.6469684E+00,  0.0000000E+00,  2.9772544E-01,  1.0005182E+03,  3.0858359E+04,3,
  6.4973260E+02,  0.0000000E+00,  2.5537473E+02,2367,  2.0202248E+00,  0.0000000E+00,  3.0815640E-01,  1.0000844E+03,  5.0165815E+03,3,
  6.5033960E+02,  0.0000000E+00,  2.5280408E+02,2421,  1.5629176E+00,  0.0000000E+00,  2.8876635E-01,  1.0007957E+03,  4.7424688E+04,3,
  6.5116565E+02,  0.0000000E+00,  2.5553773E+02,2406,  2.0829041E+00,  0.0000000E+00,  2.9179871E-01,  1.0001416E+03,  8.4229150E+03,3,
  6.5166760E+02,  0.0000000E+00,  2.5278535E+02,2385,  1.7772970E+00,  0.0000000E+00,  1.6489106E-01,  1.0008163E+03,  4.8653594E+04,3,
  6.5296191E+02,  0.0000000E+00,  2.5570631E+02,2460,  1.9408146E+00,  0.0000000E+00,  2.6566797E-01,  1.0001627E+03,  9.6760723E+03,3,
  6.5283917E+02,  0.0000000E+00,  2.5300639E+02,2414,  1.7570256E+00,  0.0000000E+00,  6.6302605E-02,  1.0004159E+03,  2.4759051E+04,3,
  6.5458929E+02,  0.0000000E+00,  2.5540416E+02,2267,  1.8801625E+00,  0.0000000E+00,  1.4217909E-01,  1.0001900E+03,  1.1303596E+04,3,
  6.5367053E+02,  0.0000000E+00,  2.5311716E+02,2338,  1.5666848E+00,  0.0000000E+00,  1.4919516E-01,  1.0002646E+03,  1.5747950E+04,3,
  6.5432562E+02,  0.0000000E+00,  2.5305443E+02,2397,  1.4016818E+00,  0.0000000E+00,  2.1427633E-01,  1.0004280E+03,  2.5483057E+04,3,
  6.5557977E+02,  0.0000000E+00,  2.5287344E+02,2228,  1.6780000E+00,  0.0000000E+00,  2.3097323E-01,  1.0007377E+03,  4.3957578E+04,3,
  6.5609625E+02,  0.0000000E+00,  2.5553795E+02,2272,  1.9309303E+00,  0.0000000E+00,  1.1647376E-01,  1.0001780E+03,  1.0591521E+04,3,
  6.5694153E+02,  0.0000000E+00,  2.5513712E+02,2277,  1.9078494E+00,  0.0000000E+00,  1.5539284E-01,  1.0002090E+03,  1.2433574E+04,3,
  6.5710272E+02,  0.0000000E+00,  2.5289192E+02,2328,  1.8307043E+00,  0.0000000E+00, -1.7383111E-01,  1.0004905E+03,  2.9205791E+04,3,
  6.5793732E+02,  0.0000000E+00,  2.5500493E+02,2388,  1.7789892E+00,  0.0000000E+00,  3.7535304E-01,  1.0001441E+03,  8.5718330E+03,3,
  6.5836719E+02,  0.0000000E+00,  2.5204683E+02,2251,  1.4966676E+00,  0.0000000E+00, -8.2227629E-01,  1.0007362E+03,  4.3870094E+04,3,
  6.6077930E+02,  0.0000000E+00,  2.5491136E+02,2404,  1.8769301E+00,  0.0000000E+00,  4.9062061E-01,  1.0001610E+03,  9.5779932E+03,3,
  6.5939240E+02,  0.0000000E+00,  2.5344829E+02,2350,  1.0796839E+00,  0.0000000E+00,  7.1350354E-01,  1.0010645E+03,  6.3492660E+04,3,
  6.6185016E+02,  0.0000000E+00,  2.5496388E+02,2327,  1.3167969E+00,  0.0000000E+00,  1.4662668E-01,  1.0002525E+03,  1.5024653E+04,3,
  6.6251117E+02,  0.0000000E+00,  2.5499364E+02,2238,  1.0998875E+00,  0.0000000E+00, -6.6033080E-02,  1.0002908E+03,  1.7307398E+04,3,
  6.6352130E+02,  0.0000000E+00,  2.5440053E+02,2211,  1.2652719E+00,  0.0000000E+00, -3.8076565E-01,  1.0004579E+03,  2.7262371E+04,3,
  6.6458588E+02,  0.0000000E+00,  2.5518478E+02,2387,  1.8575110E+00,  0.0000000E+00, -3.1435457E-01,  1.0002440E+03,  1.4515833E+04,3,
  6.6443774E+02,  0.0000000E+00,  2.5174884E+02,2218,  5.1086313E-01,  0.0000000E+00, -1.0411727E-01,  1.0000653E+03,  3.8838176E+03,3,
  6.6561517E+02,  0.0000000E+00,  2.5390492E+02,2287,  1.4781946E+00,  0.0000000E+00, -2.3066123E-01,  1.0004738E+03,  2.8212197E+04,3,
  6.6678381E+02,  0.0000000E+00,  2.5425446E+02,2368,  1.5547397E+00,  0.0000000E+00,  5.4065837E-03,  1.0003167E+03,  1.8848912E+04,3,
  6.6773401E+02,  0.0000000E+00,  2.5458047E+02,2413,  1.3556066E+00,  0.0000000E+00,  1.7407127E-03,  1.0002446E+03,  1.4552177E+04,3,
  6.6909039E+02,  0.0000000E+00,  2.5398312E+02,2264,  1.6324780E+00,  0.0000000E+00,  1.1624542E-01,  1.0002665E+03,  1.5856995E+04,3,
  6.6902936E+02,  0.0000000E+00,  2.5511478E+02,2279,  1.2454633E+00,  0.0000000E+00, -1.2576973E-01,  1.0002021E+03,  1.2022988E+04,3,
  6.7039038E+02,  0.0000000E+00,  2.5509587E+02,2263,  1.5027566E+00,  0.0000000E+00, -2.8354821E-01,  1.0002286E+03,  1.3600021E+04,3,
  6.7147693E+02,  0.0000000E+00,  2.5142340E+02,2284,  8.8295501E-01,  0.0000000E+00, -9.0057284E-02,  1.0004334E+03,  2.5803236E+04,3,
  6.7133331E+02,  0.0000000E+00,  2.5447084E+02,2314,  1.6383183E+00,  0.0000000E+00, -3.2856345E-01,  1.0002941E+03,  1.7503711E+04,3,
  6.7244666E+02,  0.0000000E+00,  2.5461636E+02,2301,  1.6494019E+00,  0.0000000E+00, -3.0842224E-01,  1.0002755E+03,  1.6391330E+04,3,
  6.7341852E+02,  0.0000000E+00,  2.5463028E+02,2293,  1.6501790E+00,  0.0000000E+00, -2.4074653E-01,  1.0002645E+03,  1.5740681E+04,3,
  6.7467737E+02,  0.0000000E+00,  2.5502252E+02,2376,  1.8104947E+00,  0.0000000E+00, -1.2822348E-01,  1.0002197E+03,  1.3069471E+04,3,
  6.7504156E+02,  0.0000000E+00,  2.5375298E+02,2339,  1.6627111E+00,  0.0000000E+00,  1.4715937E-01,  1.0002896E+03,  1.7234691E+04,3,
  6.7629675E+02,  0.0000000E+00,  2.5479817E+02,2347,  1.7704077E+00,  0.0000000E+00, -6.7240573E-03,  1.0002712E+03,  1.6136881E+04,3,
  6.7728253E+02,  0.0000000E+00,  2.5514488E+02,2164,  1.7473062E+00,  0.0000000E+00,  6.9403066E-03,  1.0002412E+03,  1.4352289E+04,3,
  6.7822961E+02,  0.0000000E+00,  2.5419415E+02,2320,  1.7243961E+00,  0.0000000E+00,  4.3477821E-03,  1.0002983E+03,  1.7754559E+04,3,
  6.7916803E+02,  0.0000000E+00,  2.5507373E+02,2396,  1.7444341E+00,  0.0000000E+00, -2.1592511E-03,  1.0002451E+03,  1.4584886E+04,3,
  6.8040985E+02,  0.0000000E+00,  2.5411528E+02,2192,  1.7072535E+00,  0.0000000E+00, -3.9377261E-02,  1.0003433E+03,  2.0430666E+04,3,
  6.8109888E+02,  0.0000000E+00,  2.5509955E+02,2431,  1.6737391E+00,  0.0000000E+00, -1.1985593E-02,  1.0002518E+03,  1.4984674E+04,3,
  6.8228503E+02,  0.0000000E+00,  2.5459247E+02,2185,  1.6803752E+00,  0.0000000E+00, -2.2045802E-02,  1.0003482E+03,  2.0725227E+04,3,
  6.8335773E+02,  0.0000000E+00,  2.5477722E+02,2311,  1.7009391E+00,  0.0000000E+00, -6.3223511E-02,  1.0002980E+03,  1.7732744E+04,3,
  6.8463867E+02,  0.0000000E+00,  2.5487222E+02,2300,  1.7055410E+00,  0.0000000E+00, -1.0249965E-01,  1.0002543E+03,  1.5130056E+04,3,
  6.8510626E+02,  0.0000000E+00,  2.5375963E+02,2330,  1.7161041E+00,  0.0000000E+00, -1.7335857E-01,  1.0003726E+03,  2.2179979E+04,3,
  6.8631403E+02,  0.0000000E+00,  2.5497694E+02,2369,  1.6528759E+00,  0.0000000E+00, -9.6494362E-02,  1.0002505E+03,  1.4908350E+04,3,
  6.8722955E+02,  0.0000000E+00,  2.5472731E+02,2357,  1.6286148E+00,  0.0000000E+00, -7.5877912E-02,  1.0002807E+03,  1.6703947E+04,3,
  6.8862622E+02,  0.0000000E+00,  2.5399893E+02,2268,  1.6130822E+00,  0.0000000E+00, -3.8408337E-03,  1.0004073E+03,  2.4246092E+04,3,
  6.8878711E+02,  0.0000000E+00,  2.5485240E+02,2358,  1.8109691E+00,  0.0000000E+00, -3.1972971E-02,  1.0002186E+03,  1.3007696E+04,3,
  6.9026678E+02,  0.0000000E+00,  2.5491415E+02,2245,  1.7885945E+00,  0.0000000E+00,  9.8478356E-03,  1.0002313E+03,  1.3763553E+04,3,
  6.9112781E+02,  0.0000000E+00,  2.5421561E+02,2248,  1.7420909E+00,  0.0000000E+00, -1.0540724E-02,  1.0004128E+03,  2.4573510E+04,3,
  6.9216010E+02,  0.0000000E+00,  2.5469389E+02,2340,  1.7150661E+00,  0.0000000E+00,  1.0454931E-01,  1.0002760E+03,  1.6424045E+04,3,
  6.9330182E+02,  0.0000000E+00,  2.5472212E+02,2302,  1.5760658E+00,  0.0000000E+00,  8.4495157E-02,  1.0002422E+03,  1.4414072E+04,3,
  6.9396063E+02,  0.0000000E+00,  2.5424829E+02,2227,  1.5432075E+00,  0.0000000E+00,  5.3670113E-03,  1.0003610E+03,  2.1488945E+04,3,
  6.9518677E+02,  0.0000000E+00,  2.5470807E+02,2273,  1.6283697E+00,  0.0000000E+00, -3.0644972E-02,  1.0002251E+03,  1.3392885E+04,3,
  6.9585730E+02,  0.0000000E+00,  2.5418924E+02,2285,  1.7583132E+00,  0.0000000E+00, -7.7901311E-02,  1.0004033E+03,  2.4009631E+04,3,
  7.0047479E+02,  0.0000000E+00,  2.5158575E+02,2247,  6.7390245E-01,  0.0000000E+00,  6.4237362E-01,  1.0003305E+03,  1.9670664E+04,3,
  6.9713477E+02,  0.0000000E+00,  2.5420090E+02,2297,  1.7387320E+00,  0.0000000E+00,  8.6120784E-02,  1.0004690E+03,  2.7924691E+04,3,
  6.9799921E+02,  0.0000000E+00,  2.5477946E+02,2193,  1.7057556E+00,  0.0000000E+00,  1.5914415E-01,  1.0002343E+03,  1.3937989E+04,3,
  7.0169763E+02,  0.0000000E+00,  2.5235985E+02,2260,  1.3326247E+00,  0.0000000E+00,  9.9424434E-01,  1.0000288E+03,  1.7130479E+03,3,
  6.9905182E+02,  0.0000000E+00,  2.5429721E+02,2351,  1.4981823E+00,  0.0000000E+00,  1.8638618E-01,  1.0003183E+03,  1.8943445E+04,3,
  6.9998297E+02,  0.0000000E+00,  2.5498967E+02,2313,  1.5837877E+00,  0.0000000E+00, -6.8526017E-03,  1.0001833E+03,  1.0907589E+04,3,
  7.0094855E+02,  0.0000000E+00,  2.5435313E+02,2296,  1.8821098E+00,  0.0000000E+00, -1.1354996E-01,  1.0004304E+03,  2.5621314E+04,3,
  7.0214746E+02,  0.0000000E+00,  2.5454462E+02,2274,  2.5681045E+00,  0.0000000E+00, -5.8433022E-02,  1.0005712E+03,  3.4022305E+04,3,
  7.0282318E+02,  0.0000000E+00,  2.5269301E+02,2243,  2.9073925E+00,  0.0000000E+00,  9.7641259E-01,  1.0005837E+03,  3.4765191E+04,3,
  7.0401892E+02,  0.0000000E+00,  2.5456779E+02,2208,  2.6619365E+00,  0.0000000E+00,  3.8682473E-01,  1.0007151E+03,  4.2612621E+04,3,
  7.0437939E+02,  0.0000000E+00,  2.5308246E+02,2322,  1.0790883E+00,  0.0000000E+00, -8.8868582E-01,  9.9846796E+02, -9.0674547E+04,3,
  7.0546820E+02,  0.0000000E+00,  2.5371544E+02,2182,  1.5656699E+00,  0.0000000E+00,  4.7097051E-01,  1.0024896E+03,  1.4913444E+05,3,
  7.0694006E+02,  0.0000000E+00,  2.5257141E+02,2173,  2.0853510E+00,  0.0000000E+00,  3.5018653E-01,  1.0011048E+03,  6.5907102E+04,3,
  7.0590918E+02,  0.0000000E+00,  2.5328221E+02,2342,  1.1460941E+00,  0.0000000E+00, -1.7219983E-01,  9.9931616E+02, -4.0576277E+04,3,
  7.0906732E+02,  0.0000000E+00,  2.5280200E+02,2168,  1.8928894E+00,  0.0000000E+00, -4.8533860E-03,  1.0012048E+03,  7.1896406E+04,3,
  7.0801855E+02,  0.0000000E+00,  2.5344484E+02,2333,  2.4134307E+00,  0.0000000E+00, -7.7108121E-01,  9.9967419E+02, -1.9352811E+04,3,
  7.0898621E+02,  0.0000000E+00,  2.5391754E+02,2315,  1.9081783E+00,  0.0000000E+00, -1.9073933E-01,  9.9996698E+02, -1.9631080E+03,3,
  7.1040424E+02,  0.0000000E+00,  2.5316762E+02,2200,  1.8434863E+00,  0.0000000E+00,  1.0464565E-01,  1.0003871E+03,  2.3042020E+04,3,
  7.1098175E+02,  0.0000000E+00,  2.5295561E+02,2233,  2.0202587E+00,  0.0000000E+00,  2.3031820E-01,  1.0004761E+03,  2.8346854E+04,3,
  7.1158649E+02,  0.0000000E+00,  2.5381540E+02,2305,  2.1103654E+00,  0.0000000E+00,  1.0600400E-01,  1.0002961E+03,  1.7620045E+04,3,
  7.1285394E+02,  0.0000000E+00,  2.5291742E+02,2150,  2.0169094E+00,  0.0000000E+00,  2.0674752E-01,  1.0009874E+03,  5.8884566E+04,3,
  7.1342517E+02,  0.0000000E+00,  2.5323697E+02,2210,  2.0580864E+00,  0.0000000E+00,  1.0248522E-01,  9.9974677E+02, -1.5045391E+04,3,
  7.1407623E+02,  0.0000000E+00,  2.5417291E+02,2225,  2.0358043E+00,  0.0000000E+00,  4.3343358E-02,  1.0001128E+03,  6.7087075E+03,3,
  7.1454779E+02,  0.0000000E+00,  2.5290266E+02,2146,  2.1440609E+00,  0.0000000E+00, -2.1206832E-02,  1.0007429E+03,  4.4271062E+04,3,
  7.1600385E+02,  0.0000000E+00,  2.5371457E+02,2179,  1.6782858E+00,  0.0000000E+00, -2.2914593E-01,  1.0002403E+03,  1.4297774E+04,3,
  7.1610706E+02,  0.0000000E+00,  2.5283676E+02,2188,  2.1700974E+00,  0.0000000E+00, -1.3247353E-01,  1.0009549E+03,  5.6939000E+04,3,
  7.1734143E+02,  0.0000000E+00,  2.5303990E+02,2294,  1.9789253E+00,  0.0000000E+00, -9.2888737E-01,  1.0002328E+03,  1.3850771E+04,3,
  7.1819995E+02,  0.0000000E+00,  2.5338217E+02,2276,  2.0966899E+00,  0.0000000E+00, -5.3684544E-02,  1.0008817E+03,  5.2560121E+04,3,
  7.1930792E+02,  0.0000000E+00,  2.5365491E+02,2316,  2.8938274E+00,  0.0000000E+00,  2.5466892E-01,  1.0005192E+03,  3.0920246E+04,3,
  7.2050543E+02,  0.0000000E+00,  2.5412375E+02,2352,  3.0745814E+00,  0.0000000E+00,  1.0473946E+00,  1.0003203E+03,  1.9059797E+04,3,
  7.2225879E+02,  0.0000000E+00,  2.5485136E+02,2249,  2.0609405E+00,  0.0000000E+00,  9.4360650E-01,  1.0001921E+03,  1.1427124E+04,3,
  7.2217700E+02,  0.0000000E+00,  2.5454071E+02,2166,  1.9417561E+00,  0.0000000E+00,  9.3813753E-01,  1.0003146E+03,  1.8721654E+04,3,
  7.2354376E+02,  0.0000000E+00,  2.5453618E+02,2261,  1.7212538E+00,  0.0000000E+00,  4.7024816E-01,  1.0003326E+03,  1.9797934E+04,3,
  7.2453809E+02,  0.0000000E+00,  2.5417130E+02,2196,  1.6148124E+00,  0.0000000E+00, -9.3901120E-02,  1.0004376E+03,  2.6054295E+04,3,
  7.2534131E+02,  0.0000000E+00,  2.5482491E+02,2255,  1.9189925E+00,  0.0000000E+00, -2.3316419E-01,  1.0001526E+03,  9.0803486E+03,3,
  7.2623621E+02,  0.0000000E+00,  2.5431248E+02,2186,  2.0744064E+00,  0.0000000E+00, -4.9308962E-01,  1.0001985E+03,  1.1808619E+04,3,
  7.2716217E+02,  0.0000000E+00,  2.5361099E+02,2197,  1.7317810E+00,  0.0000000E+00, -5.4782349E-01,  1.0004619E+03,  2.7498910E+04,3,
  7.2838666E+02,  0.0000000E+00,  2.5399924E+02,2161,  2.1646233E+00,  0.0000000E+00, -1.9578230E-01,  1.0002061E+03,  1.2262798E+04,3,
  7.2933887E+02,  0.0000000E+00,  2.5378584E+02,2215,  2.2289305E+00,  0.0000000E+00,  7.7305213E-02,  1.0002252E+03,  1.3396520E+04,3,
  7.3035797E+02,  0.0000000E+00,  2.5417949E+02,2258,  2.1427453E+00,  0.0000000E+00,  1.7295599E-01,  1.0001506E+03,  8.9568496E+03,3,
  7.3131042E+02,  0.0000000E+00,  2.5386223E+02,2259,  2.0433443E+00,  0.0000000E+00,  2.9665324E-01,  1.0001781E+03,  1.0595154E+04,3,
  7.3239142E+02,  0.0000000E+00,  2.5410736E+02,2183,  1.9961395E+00,  0.0000000E+00,  2.3501267E-01,  1.0001644E+03,  9.7814170E+03,3,
  7.3343536E+02,  0.0000000E+00,  2.5412157E+02,2232,  1.9562869E+00,  0.0000000E+00,  1.1466391E-01,  1.0001706E+03,  1.0148317E+04,3,
  7.3430341E+02,  0.0000000E+00,  2.5433643E+02,2256,  2.0642366E+00,  0.0000000E+00,  1.5127650E-02,  1.0001586E+03,  9.4363252E+03,3,
  7.3532819E+02,  0.0000000E+00,  2.5421339E+02,2265,  2.1265869E+00,  0.0000000E+00, -3.2661777E-02,  1.0001476E+03,  8.7788682E+03,3,
  7.3634393E+02,  0.0000000E+00,  2.5388318E+02,2286,  2.1093163E+00,  0.0000000E+00,  1.1869720E-01,  1.0001965E+03,  1.1688719E+04,3,
  7.4108179E+02,  0.0000000E+00,  2.5173936E+02,2160,  9.5674330E-01,  0.0000000E+00,  1.2996670E+00,  1.0007173E+03,  4.2743828E+04,3,
  7.3752710E+02,  0.0000000E+00,  2.5426845E+02,2298,  2.0688713E+00,  0.0000000E+00,  5.8316237E-01,  1.0001687E+03,  1.0035703E+04,3,
  7.3856354E+02,  0.0000000E+00,  2.5426695E+02,2187,  2.0043335E+00,  0.0000000E+00,  8.7350845E-01,  1.0001328E+03,  7.8999053E+03,3,
  7.3970825E+02,  0.0000000E+00,  2.5456053E+02,2280,  2.0392692E+00,  0.0000000E+00,  7.5542492E-01,  1.0001346E+03,  8.0052314E+03,3,
  7.4070996E+02,  0.0000000E+00,  2.5469952E+02,2288,  2.1337280E+00,  0.0000000E+00,  5.0338411E-01,  1.0001478E+03,  8.7933975E+03,3,
  7.4277399E+02,  0.0000000E+00,  2.5308617E+02,2157,  1.4504869E+00,  0.0000000E+00,  1.2353554E+00,  9.9925342E+02, -4.4290934E+04,3,
  7.4150641E+02,  0.0000000E+00,  2.5445616E+02,2231,  2.2673147E+00,  0.0000000E+00,  2.0495842E-01,  1.0001252E+03,  7.4495576E+03,3,
  7.4307220E+02,  0.0000000E+00,  2.5315324E+02,2106,  1.1329471E+00,  0.0000000E+00,  6.2130159E-01,  9.9973242E+02, -1.5896880E+04,3,
  7.4403760E+02,  0.0000000E+00,  2.5396516E+02,2153,  2.7343097E+00,  0.0000000E+00, -1.4285840E+00,  1.0005327E+03,  3.1721154E+04,3,
  7.4463629E+02,  0.0000000E+00,  2.5382370E+02,2132,  3.1984272E+00,  0.0000000E+00, -1.7697579E+00,  1.0014426E+03,  8.6147750E+04,3,
  7.4601471E+02,  0.0000000E+00,  2.5330882E+02,2165,  1.8782502E+00,  0.0000000E+00, -2.3266199E+00,  9.9751727E+02, -1.4652291E+05,3,
  7.4777527E+02,  0.0000000E+00,  2.5281046E+02,2214,  2.1343639E+00,  0.0000000E+00, -8.9633667E-01,  1.0012249E+03,  7.3099086E+04,3,
  7.4802295E+02,  0.0000000E+00,  2.5326503E+02,2206,  2.2318883E+00,  0.0000000E+00, -5.0820488E-01,  1.0023396E+03,  1.4008797E+05,3,
  7.4737482E+02,  0.0000000E+00,  2.5403125E+02,2151,  1.7122838E+00,  0.0000000E+00, -8.5876352E-01,  1.0004758E+03,  2.8332297E+04,3,
  7.4868439E+02,  0.0000000E+00,  2.5345584E+02,2114,  2.2883911E+00,  0.0000000E+00, -6.0647333E-01,  9.9817285E+02, -1.0804480E+05,3,
  7.4930798E+02,  0.0000000E+00,  2.5281293E+02,2148,  2.5308988E+00,  0.0000000E+00,  1.2592666E-01,  1.0004254E+03,  2.5326607E+04,3,
  7.5094153E+02,  0.0000000E+00,  2.5316177E+02,2250,  2.1056721E+00,  0.0000000E+00,  6.0396230E-01,  9.9917987E+02, -4.8643395E+04,3,
  7.5157281E+02,  0.0000000E+00,  2.5312041E+02,2270,  2.3509412E+00,  0.0000000E+00,  9.8602131E-02,  9.9948944E+02, -3.0310336E+04,3,
  7.5220410E+02,  0.0000000E+00,  2.5293385E+02,2219,  2.7312269E+00,  0.0000000E+00,  6.2069669E-02,  1.0027233E+03,  1.6325239E+05,3,
  7.5315747E+02,  0.0000000E+00,  2.5379115E+02,2181,  2.0700989E+00,  0.0000000E+00,  5.6400663E-01,  9.9955511E+02, -2.6416684E+04,3,
  7.5451703E+02,  0.0000000E+00,  2.5302667E+02,2229,  1.8070459E+00,  0.0000000E+00,  6.5629762E-01,  1.0000729E+03,  4.3340034E+03,3,
  7.5495947E+02,  0.0000000E+00,  2.5310115E+02,2120,  1.9647350E+00,  0.0000000E+00, -3.0505814E-02,  9.9964136E+02, -2.1301221E+04,3,
  7.5592365E+02,  0.0000000E+00,  2.5338083E+02,2223,  2.8953116E+00,  0.0000000E+00,  3.4177008E-01,  1.0012907E+03,  7.7040789E+04,3,
  7.5689142E+02,  0.0000000E+00,  2.5283865E+02,2119,  1.8236514E+00,  0.0000000E+00,  2.7473843E-01,  1.0002526E+03,  1.5031923E+04,3,
  7.5808154E+02,  0.0000000E+00,  2.5420940E+02,2220,  2.1795080E+00,  0.0000000E+00, -6.8852559E-02,  1.0001705E+03,  1.0141052E+04,3,
  7.5880280E+02,  0.0000000E+00,  2.5326918E+02,2094,  2.0850437E+00,  0.0000000E+00, -6.1025059E-01,  9.9954132E+02, -2.7234623E+04,3,
  7.5922333E+02,  0.0000000E+00,  2.5267386E+02,2130,  2.5633793E+00,  0.0000000E+00,  1.3444031E-03,  1.0007874E+03,  4.6925145E+04,3,
  7.5926086E+02,  0.0000000E+00,  2.5437419E+02,2226,  2.2128744E+00,  0.0000000E+00, -1.3798168E-01,  1.0003628E+03,  2.1594416E+04,3,
  7.6054370E+02,  0.0000000E+00,  2.5296220E+02,2184,  2.2576950E+00,  0.0000000E+00,  8.9003950E-02,  1.0005690E+03,  3.3887570E+04,3,
  7.6253595E+02,  0.0000000E+00,  2.5281088E+02,2174,  2.4973698E+00,  0.0000000E+00,  1.7346388E-01,  1.0014139E+03,  8.4423781E+04,3,
  7.6172028E+02,  0.0000000E+00,  2.5339728E+02,2177,  2.1121819E+00,  0.0000000E+00,  4.1618711E-01,  9.9963232E+02, -2.1837146E+04,3,
  7.6341919E+02,  0.0000000E+00,  2.5373000E+02,2127,  2.2794518E+00,  0.0000000E+00, -1.8113410E-01,  9.9951788E+02, -2.8624240E+04,3,
  7.6407007E+02,  0.0000000E+00,  2.5304259E+02,2242,  2.3517823E+00,  0.0000000E+00, -6.7200810E-02,  1.0011744E+03,  7.0072555E+04,3,
  7.6521222E+02,  0.0000000E+00,  2.5302792E+02,2207,  2.2016201E+00,  0.0000000E+00,  7.6124482E-03,  1.0000609E+03,  3.6187983E+03,3,
  7.6615601E+02,  0.0000000E+00,  2.5310622E+02,2101,  2.3965437E+00,  0.0000000E+00,  2.0828786E-01,  1.0002224E+03,  1.3229359E+04,3,
  7.6699597E+02,  0.0000000E+00,  2.5282031E+02,2163,  2.6766000E+00,  0.0000000E+00, -3.1421775E-01,  1.0009853E+03,  5.8756797E+04,3,
  7.6780634E+02,  0.0000000E+00,  2.5368571E+02,2213,  2.3148503E+00,  0.0000000E+00,  2.0728761E-01,  1.0001932E+03,  1.1496155E+04,3,
  7.6904260E+02,  0.0000000E+00,  2.5310240E+02,2111,  1.7525502E+00,  0.0000000E+00,  3.5384732E-01,  1.0003006E+03,  1.7889074E+04,3,
  7.6996259E+02,  0.0000000E+00,  2.5314218E+02,2124,  2.0569277E+00,  0.0000000E+00, -3.0687228E-01,  1.0009994E+03,  5.9600105E+04,3,
  7.7016626E+02,  0.0000000E+00,  2.5303717E+02,2169,  2.4442735E+00,  0.0000000E+00, -1.7275985E-01,  9.9988226E+02, -6.9979170E+03,3,
  7.7096179E+02,  0.0000000E+00,  2.5425137E+02,2271,  2.5956302E+00,  0.0000000E+00, -1.9205940E-01,  1.0000428E+03,  2.5479031E+03,3,
  7.7194409E+02,  0.0000000E+00,  2.5262054E+02,2125,  2.4826007E+00,  0.0000000E+00, -4.7729671E-01,  1.0009881E+03,  5.8924723E+04,3,
  7.7329694E+02,  0.0000000E+00,  2.5311195E+02,2152,  1.6710536E+00,  0.0000000E+00, -2.2588633E-01,  1.0003547E+03,  2.1110715E+04,3,
  7.7395081E+02,  0.0000000E+00,  2.5431650E+02,2205,  2.2036119E+00,  0.0000000E+00, -1.2454805E-01,  1.0002331E+03,  1.3868941E+04,3,
  7.7449591E+02,  0.0000000E+00,  2.5276424E+02,2113,  1.8654654E+00,  0.0000000E+00, -2.1910031E-01,  1.0006151E+03,  3.6640871E+04,3,
  7.7480444E+02,  0.0000000E+00,  2.5338956E+02,2107,  2.3357530E+00,  0.0000000E+00, -2.7594665E-01,  1.0002219E+03,  1.3203923E+04,3,
  7.7572565E+02,  0.0000000E+00,  2.5440318E+02,2167,  2.4104612E+00,  0.0000000E+00, -4.9360227E-02,  1.0003674E+03,  2.1867189E+04,3,
  7.7647302E+02,  0.0000000E+00,  2.5333408E+02,2170,  2.3574152E+00,  0.0000000E+00,  5.7378060E-01,  1.0004744E+03,  2.8244951E+04,3,
  7.7707446E+02,  0.0000000E+00,  2.5335432E+02,2154,  1.7998403E+00,  0.0000000E+00,  5.7135057E-01,  9.9959735E+02, -2.3911777E+04,3,
  7.7827435E+02,  0.0000000E+00,  2.5226486E+02,2244,  1.3036662E+00,  0.0000000E+00, -1.6049497E+00,  1.0012852E+03,  7.6711641E+04,3,
  7.7915680E+02,  0.0000000E+00,  2.5216609E+02,2190,  1.1956890E+00,  0.0000000E+00, -1.6226810E+00,  1.0014106E+03,  8.4229805E+04,3,
  7.8155707E+02,  0.0000000E+00,  2.5337714E+02,2198,  3.5898535E+00,  0.0000000E+00,  3.6541143E-01,  1.0002441E+03,  1.4523102E+04,3,
  7.8243036E+02,  0.0000000E+00,  2.5345026E+02,2095,  3.0711462E+00,  0.0000000E+00,  1.0454538E+00,  1.0004813E+03,  2.8656209E+04,3,
  7.8559668E+02,  0.0000000E+00,  2.5144646E+02,2135, -2.1893300E-01,  0.0000000E+00,  1.0188133E+00,  1.0001249E+03,  7.4277671E+03,3,
  7.8413062E+02,  0.0000000E+00,  2.5445828E+02,2158,  3.2342908E-01,  0.0000000E+00,  1.5316187E+00,  1.0004899E+03,  2.9173033E+04,3,
  7.8432263E+02,  0.0000000E+00,  2.5500275E+02,2189,  1.6896851E-01,  0.0000000E+00,  1.5792527E+00,  1.0002261E+03,  1.3451028E+04,3,
  7.8583319E+02,  0.0000000E+00,  2.5503899E+02,2102,  4.2093414E-01,  0.0000000E+00,  1.3984139E+00,  1.0003289E+03,  1.9576123E+04,3,
  7.8623187E+02,  0.0000000E+00,  2.5525974E+02,2128,  5.2700830E-01,  0.0000000E+00,  1.3377762E+00,  1.0001579E+03,  9.3927354E+03,3,
  7.8713824E+02,  0.0000000E+00,  2.5499602E+02,2108,  4.1617486E-01,  0.0000000E+00,  1.0142503E+00,  1.0001121E+03,  6.6651299E+03,3,
  7.8831152E+02,  0.0000000E+00,  2.5484059E+02,2139, -2.6753309E-01,  0.0000000E+00,  6.1918503E-01,  1.0001771E+03,  1.0537028E+04,3,
  7.8965479E+02,  0.0000000E+00,  2.5493822E+02,2156, -9.9837728E-02,  0.0000000E+00, -6.3327663E-03,  1.0002288E+03,  1.3614558E+04,3,
  7.8964398E+02,  0.0000000E+00,  2.5402258E+02,2078, -2.4108838E-01,  0.0000000E+00, -3.0349422E-01,  1.0004543E+03,  2.7047672E+04,3,
  7.9221527E+02,  0.0000000E+00,  2.5477223E+02,2175,  1.5393113E-01,  0.0000000E+00, -5.1258087E-01,  1.0001543E+03,  9.1784229E+03,3,
  7.9192578E+02,  0.0000000E+00,  2.5350311E+02,2090, -5.0457250E-02,  0.0000000E+00, -3.8618195E-01,  1.0004818E+03,  2.8685324E+04,3,
  7.9343506E+02,  0.0000000E+00,  2.5397861E+02,2070,  6.6797473E-02,  0.0000000E+00, -5.1705021E-01,  1.0001514E+03,  9.0077021E+03,3,
  7.9443396E+02,  0.0000000E+00,  2.5403876E+02,2092,  7.0139587E-02,  0.0000000E+00, -6.6146177E-01,  1.0001509E+03,  8.9786436E+03,3,
  7.9536108E+02,  0.0000000E+00,  2.5400963E+02,2137,  2.7549419E-01,  0.0000000E+00, -7.3907995E-01,  1.0001853E+03,  1.1023847E+04,3,
  7.9652814E+02,  0.0000000E+00,  2.5408612E+02,2178,  7.8098035E-01,  0.0000000E+00, -5.8131301E-01,  1.0002515E+03,  1.4966501E+04,3,
  7.9779517E+02,  0.0000000E+00,  2.5388718E+02,2030,  8.3059829E-01,  0.0000000E+00, -2.6231583E-02,  1.0002556E+03,  1.5206382E+04,3,
  7.9903522E+02,  0.0000000E+00,  2.5356184E+02,2075,  7.3338610E-01,  0.0000000E+00,  3.3996370E-01,  1.0003347E+03,  1.9921568E+04,3,
  8.0028558E+02,  0.0000000E+00,  2.5430797E+02,2109,  4.1826737E-01,  0.0000000E+00,  5.2019364E-01,  1.0001836E+03,  1.0922121E+04,3,
  8.0141107E+02,  0.0000000E+00,  2.5433258E+02,2140,  3.3982432E-01,  0.0000000E+00,  6.0606140E-01,  1.0002202E+03,  1.3102175E+04,3,
  8.0231854E+02,  0.0000000E+00,  2.5423328E+02,2097,  3.3872733E-01,  0.0000000E+00,  6.3805461E-01,  1.0002617E+03,  1.5573482E+04,3,
  8.0333331E+02,  0.0000000E+00,  2.5432607E+02,2145,  2.3818800E-01,  0.0000000E+00,  6.3521808E-01,  1.0002419E+03,  1.4395900E+04,3,
  8.0451550E+02,  0.0000000E+00,  2.5431786E+02,2080,  4.1565128E-02,  0.0000000E+00,  4.2304826E-01,  1.0003276E+03,  1.9499764E+04,3,
  8.0540430E+02,  0.0000000E+00,  2.5465771E+02,2126, -5.8735474E-03,  0.0000000E+00,  2.2324111E-01,  1.0002412E+03,  1.4352289E+04,3,
  8.0650055E+02,  0.0000000E+00,  2.5459842E+02,2088,  9.7299494E-02,  0.0000000E+00, -5.8141109E-02,  1.0002868E+03,  1.7067467E+04,3,
  8.0767993E+02,  0.0000000E+00,  2.5442094E+02,2110,  2.4347265E-01,  0.0000000E+00, -2.1640293E-01,  1.0003030E+03,  1.8034498E+04,3,
  8.0871912E+02,  0.0000000E+00,  2.5405768E+02,2098,  2.1204682E-01,  0.0000000E+00, -2.1827269E-01,  1.0003240E+03,  1.9281596E+04,3,
  8.0991638E+02,  0.0000000E+00,  2.5417094E+02,2055,  2.0013934E-01,  0.0000000E+00, -2.3190799E-01,  1.0002552E+03,  1.5184574E+04,3,
  8.1090607E+02,  0.0000000E+00,  2.5424887E+02,2086,  1.9864362E-01,  0.0000000E+00, -2.9294696E-01,  1.0002280E+03,  1.3567315E+04,3,
  8.1438373E+02,  0.0000000E+00,  2.5416962E+02,2065,  3.5039997E-01,  0.0000000E+00, -2.9077572E-01,  1.0002450E+03,  1.4577617E+04,3,
  8.1211456E+02,  0.0000000E+00,  2.5396788E+02,2067,  2.1023253E-01,  0.0000000E+00, -3.5590073E-01,  1.0002274E+03,  1.3527342E+04,3,
  8.1308679E+02,  0.0000000E+00,  2.5436871E+02,2034,  3.4537396E-01,  0.0000000E+00, -4.0069738E-01,  1.0002145E+03,  1.2764235E+04,3,
  8.1552997E+02,  0.0000000E+00,  2.5461514E+02,2091,  4.9788880E-01,  0.0000000E+00, -1.0120511E-01,  1.0002613E+03,  1.5548039E+04,3,
  8.1663147E+02,  0.0000000E+00,  2.5418953E+02,2056,  4.6299389E-01,  0.0000000E+00,  1.1479916E-01,  1.0002437E+03,  1.4501296E+04,3,
  8.1782800E+02,  0.0000000E+00,  2.5427124E+02,2087,  3.3756533E-01,  0.0000000E+00,  1.6615917E-01,  1.0001993E+03,  1.1855853E+04,3,
  8.2005658E+02,  0.0000000E+00,  2.5408208E+02,2033,  3.7928954E-01,  0.0000000E+00,  8.3207577E-02,  1.0001354E+03,  8.0524468E+03,3,
  8.2192035E+02,  0.0000000E+00,  2.5222745E+02,2037, -9.3228325E-02,  0.0000000E+00, -2.6435919E-02,  1.0008252E+03,  4.9186047E+04,3,
  8.1888086E+02,  0.0000000E+00,  2.5396120E+02,2068,  1.5821594E-01,  0.0000000E+00,  1.5731020E-01,  1.0001541E+03,  9.1675254E+03,3,
  8.2325146E+02,  0.0000000E+00,  2.5319321E+02,2036,  3.4626779E-01,  0.0000000E+00,  6.2564808E-01,  1.0000416E+03,  2.4716741E+03,3,
  8.2162067E+02,  0.0000000E+00,  2.5344089E+02,2077,  6.8002898E-01,  0.0000000E+00,  1.0614716E-01,  1.0002527E+03,  1.5039191E+04,3,
  8.2392896E+02,  0.0000000E+00,  2.5362018E+02,2057,  1.1832388E-01,  0.0000000E+00,  2.2453076E-01,  1.0003996E+03,  2.3787727E+04,3,
  8.2487799E+02,  0.0000000E+00,  2.5326114E+02,2049,  2.6314783E-01,  0.0000000E+00, -2.3784201E-01,  1.0003997E+03,  2.3795002E+04,3,
  8.2660046E+02,  0.0000000E+00,  2.5395055E+02,2035,  2.4723506E-01,  0.0000000E+00, -9.2830509E-02,  1.0004188E+03,  2.4930041E+04,3,
  8.2829437E+02,  0.0000000E+00,  2.5285464E+02,2063,  2.7526668E-01,  0.0000000E+00, -2.6660603E-01,  1.0005955E+03,  3.5471719E+04,3,
  8.2608008E+02,  0.0000000E+00,  2.5298073E+02,2041,  3.2459956E-01,  0.0000000E+00, -2.7983573E-03,  1.0004847E+03,  2.8863662E+04,3,
  8.2732861E+02,  0.0000000E+00,  2.5298514E+02,2074,  2.2233276E-01,  0.0000000E+00, -1.6474472E-01,  9.9997595E+02, -1.4297327E+03,3,
  8.2976276E+02,  0.0000000E+00,  2.5358498E+02,2052,  2.4438150E-01,  0.0000000E+00, -4.8313942E-02,  1.0002419E+03,  1.4392266E+04,3,
  8.3006702E+02,  0.0000000E+00,  2.5287309E+02,2031,  2.0417681E-01,  0.0000000E+00, -2.8284270E-01,  1.0009664E+03,  5.7625199E+04,3,
  8.3170410E+02,  0.0000000E+00,  2.5317586E+02,2029,  2.0627511E-01,  0.0000000E+00,  5.6798827E-02,  1.0001183E+03,  7.0391782E+03,3,
  8.3214526E+02,  0.0000000E+00,  2.5315303E+02,2060,  1.3715021E-01,  0.0000000E+00, -7.9174854E-02,  1.0000282E+03,  1.6767513E+03,3,
  8.3298676E+02,  0.0000000E+00,  2.5275528E+02,2069,  2.1428241E-01,  0.0000000E+00, -3.0004192E-02,  1.0010944E+03,  6.5282430E+04,3,
  8.3425922E+02,  0.0000000E+00,  2.5373274E+02,2043,  3.0227306E-01,  0.0000000E+00, -1.4604892E-01,  1.0003438E+03,  2.0463395E+04,3,
  8.3485480E+02,  0.0000000E+00,  2.5313977E+02,2038,  2.1206476E-01,  0.0000000E+00, -2.4059916E-01,  9.9959631E+02, -2.3973322E+04,3,
  8.3550031E+02,  0.0000000E+00,  2.5364311E+02,2044,  2.0502040E-01,  0.0000000E+00, -6.4261384E-02,  1.0003642E+03,  2.1678064E+04,3,
  8.3738782E+02,  0.0000000E+00,  2.5319232E+02,2048,  1.4160013E-01,  0.0000000E+00,  5.0035123E-02,  1.0002738E+03,  1.6293185E+04,3,
  8.3617273E+02,  0.0000000E+00,  2.5280141E+02,2054,  2.4776465E-01,  0.0000000E+00, -1.3366039E-01,  1.0009285E+03,  5.5362383E+04,3,
  8.3846857E+02,  0.0000000E+00,  2.5309505E+02,2040,  3.3964634E-01,  0.0000000E+00, -1.9767761E-02,  1.0001491E+03,  8.8696748E+03,3,
  8.3938300E+02,  0.0000000E+00,  2.5286267E+02,2042,  5.8555216E-02,  0.0000000E+00,  7.6369658E-02,  1.0004672E+03,  2.7819154E+04,3,
  8.4007721E+02,  0.0000000E+00,  2.5314143E+02,2039,  1.1362785E-01,  0.0000000E+00,  7.5099453E-02,  1.0004991E+03,  2.9722645E+04,3,
  8.4001447E+02,  0.0000000E+00,  2.5346494E+02,2047,  4.7545111E-01,  0.0000000E+00,  2.2552313E-02,  1.0002891E+03,  1.7201973E+04,3,
  8.4226508E+02,  0.0000000E+00,  2.5479510E+02,2051,  1.7621443E-01,  0.0000000E+00,  1.0351806E-01,  1.0000452E+03,  2.6894724E+03,3,
  8.4206885E+02,  0.0000000E+00,  2.5476604E+02,2061, -2.8285747E-02,  0.0000000E+00,  4.1059750E-01,  9.9997620E+02, -1.4152186E+03,3,
  8.4221930E+02,  0.0000000E+00,  2.5479343E+02,2064,  1.5547438E-01,  0.0000000E+00,  1.9512843E-01,  9.9997198E+02, -1.6655824E+03,3,
  8.4232074E+02,  0.0000000E+00,  2.5493004E+02,2045,  1.6787703E-01,  0.0000000E+00,  1.7310618E-01,  9.9993341E+02, -3.9584753E+03,3,
 -3.9345511E+02,  0.0000000E+00,  2.6412097E+02,3811, -6.6274893E-03,  0.0000000E+00, -5.0515854E-03,  1.0005429E+03,  3.2332799E+04,3,
 -3.9672040E+02,  0.0000000E+00,  2.6438159E+02,3820, -9.2041781E-03,  0.0000000E+00,  2.9734040E-03,  1.0003871E+03,  2.3045658E+04,3,
 -3.9523865E+02,  0.0000000E+00,  2.6450357E+02,3815, -7.5780414E-03,  0.0000000E+00, -1.1221262E-02,  1.0007740E+03,  4.6126660E+04,3,
 -3.9085629E+02,  0.0000000E+00,  2.6401953E+02,3802,  2.5335917E-02,  0.0000000E+00, -5.4536746E-03,  1.0002104E+03,  1.2517147E+04,3,
 -3.9210416E+02,  0.0000000E+00,  2.6492752E+02,3816,  2.6019594E-02,  0.0000000E+00, -2.3009783E-02,  1.0012388E+03,  7.3932633E+04,3,
 -3.8797281E+02,  0.0000000E+00,  2.6396533E+02,3793,  4.9708333E-02,  0.0000000E+00, -1.0084918E-03,  1.0002675E+03,  1.5918787E+04,3,
 -3.8490369E+02,  0.0000000E+00,  2.6384515E+02,3784,  6.0946997E-02,  0.0000000E+00, -4.0673218E-03,  1.0002455E+03,  1.4610326E+04,3,
 -3.8932224E+02,  0.0000000E+00,  2.6486792E+02,3803,  2.8728537E-02,  0.0000000E+00, -1.1774398E-02,  1.0011362E+03,  6.7784992E+04,3,
 -3.8646152E+02,  0.0000000E+00,  2.6476981E+02,3794,  4.4856977E-02,  0.0000000E+00, -2.1382269E-02,  1.0011452E+03,  6.8325773E+04,3,
 -3.8371982E+02,  0.0000000E+00,  2.6459171E+02,3785,  9.3789697E-02,  0.0000000E+00, -2.9693741E-02,  1.0009105E+03,  5.4285898E+04,3,
 -3.8126776E+02,  0.0000000E+00,  2.6377353E+02,3775,  2.2300190E-01,  0.0000000E+00, -2.6070682E-02,  1.0000579E+03,  3.4409128E+03,3,
 -3.7810385E+02,  0.0000000E+00,  2.6384961E+02,3766,  2.8809130E-01,  0.0000000E+00,  5.2072522E-03,  1.0002942E+03,  1.7507346E+04,3,
 -3.7960345E+02,  0.0000000E+00,  2.6478488E+02,3788,  7.5656027E-02,  0.0000000E+00, -8.1901411E-03,  1.0009583E+03,  5.7139742E+04,3,
 -3.7621054E+02,  0.0000000E+00,  2.6435056E+02,3776,  1.4959452E-01,  0.0000000E+00, -4.4873852E-04,  1.0005719E+03,  3.4062359E+04,3,
 -3.7315604E+02,  0.0000000E+00,  2.6384000E+02,3757,  1.9736041E-01,  0.0000000E+00, -4.8766360E-03,  1.0000720E+03,  4.2831748E+03,3,
 -3.7495090E+02,  0.0000000E+00,  2.6438907E+02,3777,  1.9918306E-01,  0.0000000E+00,  1.3546328E-02,  1.0006609E+03,  3.9376719E+04,3,
 -3.7106488E+02,  0.0000000E+00,  2.6462192E+02,3767,  3.1313729E-02,  0.0000000E+00,  2.3990471E-02,  1.0008060E+03,  4.8040945E+04,3,
 -3.6993353E+02,  0.0000000E+00,  2.6384570E+02,3748,  1.9409303E-01,  0.0000000E+00,  8.7501705E-03,  1.0002866E+03,  1.7052926E+04,3,
 -3.6688239E+02,  0.0000000E+00,  2.6381873E+02,3739,  1.4879902E-01,  0.0000000E+00,  1.2172368E-02,  1.0000766E+03,  4.5554731E+03,3,
 -3.6396329E+02,  0.0000000E+00,  2.6453476E+02,3740,  1.8427554E-01,  0.0000000E+00, -2.5070839E-02,  1.0007589E+03,  4.5226160E+04,3,
 -3.6569189E+02,  0.0000000E+00,  2.6460205E+02,3750,  2.2703120E-01,  0.0000000E+00,  9.0784151E-03,  1.0010155E+03,  6.0563977E+04,3,
 -3.6822839E+02,  0.0000000E+00,  2.6492197E+02,3758,  9.4871476E-02,  0.0000000E+00, -8.1647076E-02,  1.0013217E+03,  7.8895172E+04,3,
 -3.6262744E+02,  0.0000000E+00,  2.6376901E+02,3730,  1.4504269E-01,  0.0000000E+00,  1.1242280E-02,  1.0001631E+03,  9.7051328E+03,3,
 -3.5792712E+02,  0.0000000E+00,  2.6385895E+02,3721,  1.0820017E-01,  0.0000000E+00,  4.3572229E-03,  1.0005234E+03,  3.1167791E+04,3,
 -3.5934692E+02,  0.0000000E+00,  2.6442673E+02,3741,  6.3929901E-02,  0.0000000E+00, -7.1398094E-03,  1.0008051E+03,  4.7982602E+04,3,
 -3.6060162E+02,  0.0000000E+00,  2.6451956E+02,3760,  1.1621282E-01,  0.0000000E+00,  1.5115751E-02,  1.0005077E+03,  3.0232244E+04,3,
 -3.5618936E+02,  0.0000000E+00,  2.6464163E+02,3731,  6.5981962E-02,  0.0000000E+00,  1.8156974E-02,  1.0009209E+03,  5.4906230E+04,3,
 -3.5464709E+02,  0.0000000E+00,  2.6376297E+02,3712,  6.3395284E-02,  0.0000000E+00,  5.4520722E-03,  1.0002001E+03,  1.1903086E+04,3,
 -3.5202951E+02,  0.0000000E+00,  2.6425659E+02,3722,  1.2070543E-01,  0.0000000E+00, -2.7244145E-02,  1.0005293E+03,  3.1520920E+04,3,
 -3.5018771E+02,  0.0000000E+00,  2.6372330E+02,3703,  1.5907094E-01,  0.0000000E+00,  8.1496248E-03,  1.0003737E+03,  2.2241811E+04,3,
 -3.4749768E+02,  0.0000000E+00,  2.6429047E+02,3723,  9.0776987E-02,  0.0000000E+00, -5.8196452E-03,  1.0004272E+03,  2.5432119E+04,3,
 -3.4604178E+02,  0.0000000E+00,  2.6377957E+02,3694,  1.1700959E-01,  0.0000000E+00,  2.6706749E-04,  1.0005164E+03,  3.0752791E+04,3,
 -3.4375406E+02,  0.0000000E+00,  2.6484448E+02,3733,  1.6710022E-01,  0.0000000E+00, -3.1804621E-02,  1.0009398E+03,  5.6037523E+04,3,
 -3.4284769E+02,  0.0000000E+00,  2.6375809E+02,3685,  1.3640022E-01,  0.0000000E+00, -8.9761503E-03,  1.0002797E+03,  1.6642150E+04,3,
 -3.4086789E+02,  0.0000000E+00,  2.6437247E+02,3713,  2.0377032E-01,  0.0000000E+00, -7.5398190E-03,  1.0007796E+03,  4.6462090E+04,3,
 -3.3950183E+02,  0.0000000E+00,  2.6422015E+02,3704,  2.1831925E-01,  0.0000000E+00, -1.9252384E-02,  1.0004500E+03,  2.6789312E+04,3,
 -3.3632031E+02,  0.0000000E+00,  2.6386237E+02,3676,  2.2990575E-01,  0.0000000E+00,  1.1059218E-02,  1.0003168E+03,  1.8852547E+04,3,
 -3.3797238E+02,  0.0000000E+00,  2.6437146E+02,3705,  2.0551452E-01,  0.0000000E+00, -2.8668083E-02,  1.0007667E+03,  4.5692805E+04,3,
 -3.3474506E+02,  0.0000000E+00,  2.6488995E+02,3686,  3.1321898E-01,  0.0000000E+00, -3.1436402E-02,  1.0011348E+03,  6.7700953E+04,3,
 -3.3344592E+02,  0.0000000E+00,  2.6385797E+02,3667,  2.6153004E-01,  0.0000000E+00, -1.6536813E-02,  1.0001661E+03,  9.8831309E+03,3,
 -3.3035040E+02,  0.0000000E+00,  2.6383322E+02,3658,  2.9625666E-01,  0.0000000E+00,  1.2056083E-02,  1.0002696E+03,  1.6042373E+04,3,
 -3.3189566E+02,  0.0000000E+00,  2.6469324E+02,3696,  2.9204109E-01,  0.0000000E+00, -2.7025873E-02,  1.0009478E+03,  5.6511973E+04,3,
 -3.2897336E+02,  0.0000000E+00,  2.6467514E+02,3677,  4.0051779E-01,  0.0000000E+00, -2.7839117E-02,  1.0009000E+03,  5.3658309E+04,3,
 -3.2698984E+02,  0.0000000E+00,  2.6376068E+02,3649,  3.0908251E-01,  0.0000000E+00, -1.4077012E-02,  1.0000973E+03,  5.7863545E+03,3,
 -3.2445032E+02,  0.0000000E+00,  2.6445398E+02,3678,  5.3206360E-01,  0.0000000E+00, -4.6911545E-02,  1.0007345E+03,  4.3768035E+04,3,
 -3.2314297E+02,  0.0000000E+00,  2.6377542E+02,3640,  4.8633647E-01,  0.0000000E+00, -4.0268209E-02,  1.0002354E+03,  1.4007038E+04,3,
 -3.2647797E+02,  0.0000000E+00,  2.6490631E+02,3707,  3.9180627E-01,  0.0000000E+00, -7.5334862E-02,  1.0010673E+03,  6.3664320E+04,3,
 -3.2105713E+02,  0.0000000E+00,  2.6454117E+02,3668,  1.4123711E-01,  0.0000000E+00,  5.2771758E-02,  1.0006362E+03,  3.7901234E+04,3,
 -3.1959866E+02,  0.0000000E+00,  2.6378473E+02,3631,  5.8388382E-01,  0.0000000E+00, -1.8324167E-02,  1.0001559E+03,  9.2764980E+03,3,
 -3.1706216E+02,  0.0000000E+00,  2.6443591E+02,3669,  1.7467669E-01,  0.0000000E+00,  7.4727610E-02,  1.0006767E+03,  4.0316773E+04,3,
 -3.1591888E+02,  0.0000000E+00,  2.6383319E+02,3622,  5.1523572E-01,  0.0000000E+00,  4.6804164E-02,  1.0004724E+03,  2.8128492E+04,3,
 -3.1382333E+02,  0.0000000E+00,  2.6452710E+02,3641,  2.3147914E-01,  0.0000000E+00, -2.9316962E-02,  1.0009954E+03,  5.9359156E+04,3,
 -3.1254288E+02,  0.0000000E+00,  2.6377557E+02,3613,  3.0333588E-01,  0.0000000E+00,  2.9327607E-02,  1.0003425E+03,  2.0387027E+04,3,
 -3.1053043E+02,  0.0000000E+00,  2.6444113E+02,3660,  3.5596821E-01,  0.0000000E+00,  1.4705565E-02,  1.0008487E+03,  5.0590254E+04,3,
 -3.0881177E+02,  0.0000000E+00,  2.6376791E+02,3604,  2.3334925E-01,  0.0000000E+00, -1.0428883E-02,  1.0003006E+03,  1.7889074E+04,3,
 -3.0738928E+02,  0.0000000E+00,  2.6450015E+02,3642,  3.3231974E-01,  0.0000000E+00,  1.9741667E-02,  1.0009390E+03,  5.5990078E+04,3,
 -3.0556668E+02,  0.0000000E+00,  2.6438007E+02,3632,  2.7624711E-01,  0.0000000E+00,  2.2920673E-03,  1.0007808E+03,  4.6531363E+04,3,
 -3.0431354E+02,  0.0000000E+00,  2.6374591E+02,3595,  2.4981733E-01,  0.0000000E+00, -5.4022153E-03,  1.0001830E+03,  1.0885791E+04,3,
 -3.0113425E+02,  0.0000000E+00,  2.6450452E+02,3623,  2.9160696E-01,  0.0000000E+00,  4.8985384E-02,  1.0009421E+03,  5.6176207E+04,3,
 -3.0039386E+02,  0.0000000E+00,  2.6374478E+02,3586,  2.0096341E-01,  0.0000000E+00,  1.9169221E-02,  1.0001999E+03,  1.1892187E+04,3,
 -2.9678784E+02,  0.0000000E+00,  2.6368463E+02,3577,  3.4886733E-02,  0.0000000E+00, -3.0954885E-03,  9.9998120E+02, -1.1176766E+03,3,
 -2.9613544E+02,  0.0000000E+00,  2.6472772E+02,3662,  4.9258325E-01,  0.0000000E+00, -5.4660738E-03,  1.0009801E+03,  5.8446508E+04,3,
 -2.9847415E+02,  0.0000000E+00,  2.6491742E+02,3681,  2.7232602E-01,  0.0000000E+00,  6.4473734E-03,  1.0008519E+03,  5.0779926E+04,3,
 -2.9414603E+02,  0.0000000E+00,  2.6487363E+02,3624,  3.9293250E-01,  0.0000000E+00, -1.2040418E-01,  1.0013341E+03,  7.9641406E+04,3,
 -2.9298651E+02,  0.0000000E+00,  2.6373511E+02,3568,  1.8064919E-01,  0.0000000E+00,  2.1290586E-03,  9.9994299E+02, -3.3889297E+03,3,
 -2.9160126E+02,  0.0000000E+00,  2.6447510E+02,3634,  3.6233449E-01,  0.0000000E+00,  4.3061554E-02,  1.0008416E+03,  5.0167145E+04,3,
 -2.8967841E+02,  0.0000000E+00,  2.6431021E+02,3596,  4.4079649E-01,  0.0000000E+00, -6.0422249E-02,  1.0008554E+03,  5.0991492E+04,3,
 -2.8834802E+02,  0.0000000E+00,  2.6378867E+02,3559,  1.6400108E-01,  0.0000000E+00,  1.1628957E-02,  1.0004319E+03,  2.5712275E+04,3,
 -2.8648251E+02,  0.0000000E+00,  2.6453180E+02,3605,  5.9717548E-01,  0.0000000E+00,  1.8570337E-02,  1.0010892E+03,  6.4971938E+04,3,
 -2.8485657E+02,  0.0000000E+00,  2.6374924E+02,3550,  1.9972138E-01,  0.0000000E+00, -3.5169728E-02,  1.0002742E+03,  1.6314994E+04,3,
 -2.8325766E+02,  0.0000000E+00,  2.6460797E+02,3663,  3.8977274E-01,  0.0000000E+00, -3.6566321E-02,  1.0010082E+03,  6.0125840E+04,3,
 -2.8185092E+02,  0.0000000E+00,  2.6422238E+02,3587,  4.6736082E-01,  0.0000000E+00, -4.1376937E-02,  1.0003061E+03,  1.8216281E+04,3,
 -2.8044391E+02,  0.0000000E+00,  2.6448975E+02,3606,  5.1560801E-01,  0.0000000E+00, -1.0192366E-01,  1.0012112E+03,  7.2276570E+04,3,
 -2.7889368E+02,  0.0000000E+00,  2.6383676E+02,3541,  4.7683093E-01,  0.0000000E+00,  8.3805136E-03,  1.0002338E+03,  1.3908917E+04,3,
 -2.7732944E+02,  0.0000000E+00,  2.6465793E+02,3597,  6.0204637E-01,  0.0000000E+00,  1.8894833E-02,  1.0012305E+03,  7.3431766E+04,3,
 -2.7562631E+02,  0.0000000E+00,  2.6376447E+02,3532,  6.3800490E-01,  0.0000000E+00, -6.6649430E-02,  1.0001880E+03,  1.1183702E+04,3,
 -2.7428058E+02,  0.0000000E+00,  2.6473349E+02,3627,  3.2383603E-01,  0.0000000E+00,  2.7179847E-02,  1.0010357E+03,  6.1772594E+04,3,
 -2.7286182E+02,  0.0000000E+00,  2.6425156E+02,3569,  6.8141592E-01,  0.0000000E+00,  9.1819733E-02,  1.0006487E+03,  3.8644414E+04,3,
 -2.7105032E+02,  0.0000000E+00,  2.6376205E+02,3523,  4.4927818E-01,  0.0000000E+00, -2.1376200E-02,  1.0005163E+03,  3.0745510E+04,3,
 -2.6911615E+02,  0.0000000E+00,  2.6434583E+02,3578,  5.6444389E-01,  0.0000000E+00, -7.7248961E-02,  1.0008222E+03,  4.9007344E+04,3,
 -2.6785040E+02,  0.0000000E+00,  2.6435034E+02,3560,  5.9734714E-01,  0.0000000E+00,  1.0545067E-02,  1.0005060E+03,  3.0133961E+04,3,
 -2.6655377E+02,  0.0000000E+00,  2.6454263E+02,3551,  6.7461395E-01,  0.0000000E+00,  8.7445259E-02,  1.0011573E+03,  6.9052953E+04,3,
 -2.6488550E+02,  0.0000000E+00,  2.6378183E+02,3514,  3.9830855E-01,  0.0000000E+00,  4.1739404E-02,  1.0002314E+03,  1.3770821E+04,3,
 -2.6317282E+02,  0.0000000E+00,  2.6448657E+02,3579,  5.6937492E-01,  0.0000000E+00,  3.5592604E-02,  1.0010251E+03,  6.1140879E+04,3,
 -2.6162372E+02,  0.0000000E+00,  2.6395178E+02,3505,  3.1338000E-01,  0.0000000E+00, -5.8840193E-02,  1.0006244E+03,  3.7194539E+04,3,
 -2.5961560E+02,  0.0000000E+00,  2.6388705E+02,3496,  5.6345522E-01,  0.0000000E+00, -2.7989127E-02,  1.0005458E+03,  3.2507562E+04,3,
 -2.5830133E+02,  0.0000000E+00,  2.6450238E+02,3542,  6.0051036E-01,  0.0000000E+00, -8.3721787E-02,  1.0010046E+03,  5.9910434E+04,3,
 -2.5667941E+02,  0.0000000E+00,  2.6441092E+02,3570,  5.1031256E-01,  0.0000000E+00,  2.0948526E-02,  1.0008312E+03,  4.9543461E+04,3,
 -2.5508536E+02,  0.0000000E+00,  2.6372531E+02,3487,  6.9386232E-01,  0.0000000E+00, -1.1171518E-02,  1.0003583E+03,  2.1328924E+04,3,
 -2.5342160E+02,  0.0000000E+00,  2.6447543E+02,3581,  4.4433188E-01,  0.0000000E+00, -1.3484475E-02,  1.0009499E+03,  5.6639715E+04,3,
 -2.5150522E+02,  0.0000000E+00,  2.6376532E+02,3478,  6.8971658E-01,  0.0000000E+00,  9.7636944E-03,  1.0003409E+03,  2.0288844E+04,3,
 -2.5009608E+02,  0.0000000E+00,  2.6447211E+02,3533,  6.7752790E-01,  0.0000000E+00, -8.0843374E-02,  1.0009492E+03,  5.6595918E+04,3,
 -2.4854324E+02,  0.0000000E+00,  2.6452499E+02,3543,  7.5013095E-01,  0.0000000E+00, -1.0679667E-01,  1.0008295E+03,  4.9441344E+04,3,
 -2.4707520E+02,  0.0000000E+00,  2.6374646E+02,3469,  8.6683398E-01,  0.0000000E+00, -1.2481584E-02,  9.9990619E+02, -5.5762417E+03,3,
 -2.4471815E+02,  0.0000000E+00,  2.6434000E+02,3524,  6.7353588E-01,  0.0000000E+00,  1.2461206E-01,  1.0004647E+03,  2.7669947E+04,3,
 -2.4310976E+02,  0.0000000E+00,  2.6376007E+02,3460,  5.5140680E-01,  0.0000000E+00, -9.8791514E-03,  1.0004466E+03,  2.6589178E+04,3,
 -2.4125125E+02,  0.0000000E+00,  2.6435950E+02,3552,  3.5638389E-01,  0.0000000E+00,  1.1393234E-02,  1.0008828E+03,  5.2629438E+04,3,
 -2.3953357E+02,  0.0000000E+00,  2.6378320E+02,3451,  7.0414060E-01,  0.0000000E+00, -8.1712967E-03,  1.0004724E+03,  2.8128492E+04,3,
 -2.3764064E+02,  0.0000000E+00,  2.6425195E+02,3515,  1.7895962E-01,  0.0000000E+00,  3.0407751E-02,  1.0008023E+03,  4.7818504E+04,3,
 -2.3586688E+02,  0.0000000E+00,  2.6381839E+02,3442,  6.5681255E-01,  0.0000000E+00,  1.5767160E-03,  1.0004495E+03,  2.6760201E+04,3,
 -2.3402704E+02,  0.0000000E+00,  2.6456097E+02,3506,  4.2133060E-01,  0.0000000E+00, -6.2565044E-02,  1.0011082E+03,  6.6108023E+04,3,
 -2.3270305E+02,  0.0000000E+00,  2.6378510E+02,3433,  4.4764823E-01,  0.0000000E+00,  6.1681103E-02,  1.0002565E+03,  1.5260900E+04,3,
 -2.3077890E+02,  0.0000000E+00,  2.6435043E+02,3479,  6.2753379E-01,  0.0000000E+00,  8.0581093E-03,  1.0008678E+03,  5.1732000E+04,3,
 -2.2898875E+02,  0.0000000E+00,  2.6373477E+02,3424,  3.1682694E-01,  0.0000000E+00, -3.0307120E-03,  1.0004236E+03,  2.5217459E+04,3,
 -2.2716479E+02,  0.0000000E+00,  2.6416653E+02,3497,  6.5081441E-01,  0.0000000E+00, -3.7159421E-02,  1.0006983E+03,  4.1606754E+04,3,
 -2.2528012E+02,  0.0000000E+00,  2.6418445E+02,3498,  3.3873886E-01,  0.0000000E+00, -8.2893461E-02,  1.0006743E+03,  4.0174664E+04,3,
 -2.2358966E+02,  0.0000000E+00,  2.6381506E+02,3415,  8.0644345E-01,  0.0000000E+00,  5.1706762E-04,  1.0006158E+03,  3.6680938E+04,3,
 -2.2163960E+02,  0.0000000E+00,  2.6431909E+02,3470,  4.7972709E-01,  0.0000000E+00,  3.6927473E-02,  1.0008047E+03,  4.7964367E+04,3,
 -2.2000954E+02,  0.0000000E+00,  2.6370691E+02,3406,  5.8894742E-01,  0.0000000E+00,  3.9426647E-02,  1.0004269E+03,  2.5417566E+04,3,
 -2.1772865E+02,  0.0000000E+00,  2.6451425E+02,3508,  7.8567076E-01,  0.0000000E+00, -1.2329945E-01,  1.0011802E+03,  7.0423414E+04,3,
 -2.1657384E+02,  0.0000000E+00,  2.6377502E+02,3397,  4.4364825E-01,  0.0000000E+00,  9.5397383E-03,  1.0001116E+03,  6.6360786E+03,3,
 -2.1481274E+02,  0.0000000E+00,  2.6461032E+02,3461,  9.3460321E-01,  0.0000000E+00,  5.2694745E-02,  1.0011677E+03,  6.9674203E+04,3,
 -2.1312486E+02,  0.0000000E+00,  2.6378922E+02,3388,  6.5089595E-01,  0.0000000E+00, -8.9827240E-02,  1.0002425E+03,  1.4428609E+04,3,
 -2.1155240E+02,  0.0000000E+00,  2.6435739E+02,3452,  5.1929718E-01,  0.0000000E+00,  5.7249416E-02,  1.0009651E+03,  5.7552195E+04,3,
 -2.0966763E+02,  0.0000000E+00,  2.6377283E+02,3379,  8.9559495E-01,  0.0000000E+00, -2.7309759E-02,  1.0003784E+03,  2.2525514E+04,3,
 -2.0783998E+02,  0.0000000E+00,  2.6449396E+02,3509,  4.1759041E-01,  0.0000000E+00, -5.2839406E-02,  1.0009678E+03,  5.7712801E+04,3,
 -2.0635086E+02,  0.0000000E+00,  2.6375781E+02,3370,  7.8414059E-01,  0.0000000E+00,  7.0892625E-02,  1.0004966E+03,  2.9573408E+04,3,
 -2.0412326E+02,  0.0000000E+00,  2.6416113E+02,3489,  8.6074156E-01,  0.0000000E+00, -8.8955291E-02,  1.0007034E+03,  4.1909234E+04,3,
 -2.0272321E+02,  0.0000000E+00,  2.6405270E+02,3480,  5.6863391E-01,  0.0000000E+00,  1.8240189E-02,  1.0003951E+03,  2.3522176E+04,3,
 -2.0086850E+02,  0.0000000E+00,  2.6437659E+02,3471,  1.0185789E+00,  0.0000000E+00,  4.3547086E-02,  1.0009194E+03,  5.4818652E+04,3,
 -1.9905162E+02,  0.0000000E+00,  2.6379800E+02,3361,  7.1382159E-01,  0.0000000E+00, -8.2860373E-02,  1.0004093E+03,  2.4366145E+04,3,
 -1.9747836E+02,  0.0000000E+00,  2.6427780E+02,3416,  7.4311161E-01,  0.0000000E+00,  5.6648951E-02,  1.0008653E+03,  5.1582434E+04,3,
 -1.9532224E+02,  0.0000000E+00,  2.6369412E+02,3352,  1.0190474E+00,  0.0000000E+00, -8.2286946E-02,  1.0003773E+03,  2.2456406E+04,3,
 -1.9330667E+02,  0.0000000E+00,  2.6443735E+02,3510,  5.1001281E-01,  0.0000000E+00,  2.5058735E-02,  1.0007495E+03,  4.4661109E+04,3,
 -1.9206877E+02,  0.0000000E+00,  2.6396985E+02,3407,  1.0139802E+00,  0.0000000E+00,  1.3887234E-01,  1.0004596E+03,  2.7364264E+04,3,
 -1.8956670E+02,  0.0000000E+00,  2.6375861E+02,3343,  6.6618180E-01,  0.0000000E+00, -7.6621763E-02,  1.0005456E+03,  3.2492998E+04,3,
 -1.8756812E+02,  0.0000000E+00,  2.6400357E+02,3334,  7.7926636E-01,  0.0000000E+00,  3.1660251E-02,  1.0008093E+03,  4.8234219E+04,3,
 -1.8578416E+02,  0.0000000E+00,  2.6388483E+02,3325,  9.3185586E-01,  0.0000000E+00, -1.6868001E-02,  1.0006026E+03,  3.5894199E+04,3,
 -1.8379446E+02,  0.0000000E+00,  2.6418182E+02,3389,  5.3503674E-01,  0.0000000E+00,  1.7517347E-02,  1.0006613E+03,  3.9394938E+04,3,
 -1.8186250E+02,  0.0000000E+00,  2.6368881E+02,3316,  9.0672368E-01,  0.0000000E+00,  1.5170170E-02,  1.0004841E+03,  2.8827268E+04,3,
 -1.7970686E+02,  0.0000000E+00,  2.6424911E+02,3444,  7.3254448E-01,  0.0000000E+00, -8.1359044E-02,  1.0006486E+03,  3.8640773E+04,3,
 -1.7803600E+02,  0.0000000E+00,  2.6390561E+02,3307,  8.8861990E-01,  0.0000000E+00,  5.9469815E-02,  1.0002153E+03,  1.2807840E+04,3,
 -1.7497832E+02,  0.0000000E+00,  2.6373474E+02,3298,  6.0302401E-01,  0.0000000E+00, -2.1769309E-02,  1.0000602E+03,  3.5788647E+03,3,
 -1.7307932E+02,  0.0000000E+00,  2.6401529E+02,3417,  6.8652523E-01,  0.0000000E+00,  2.7943972E-02,  1.0004855E+03,  2.8907338E+04,3,
 -1.7076016E+02,  0.0000000E+00,  2.6382001E+02,3289,  7.0239961E-01,  0.0000000E+00, -8.4916554E-02,  1.0004813E+03,  2.8659848E+04,3,
 -1.6887723E+02,  0.0000000E+00,  2.6390283E+02,3280,  8.5529780E-01,  0.0000000E+00, -1.3237350E-02,  1.0005314E+03,  3.1648342E+04,3,
 -1.6680943E+02,  0.0000000E+00,  2.6413504E+02,3399,  7.9913491E-01,  0.0000000E+00,  2.6847234E-02,  1.0004129E+03,  2.4580785E+04,3,
 -1.6518996E+02,  0.0000000E+00,  2.6406796E+02,3371,  7.2236830E-01,  0.0000000E+00,  2.7001098E-02,  1.0004447E+03,  2.6476377E+04,3,
 -1.6300014E+02,  0.0000000E+00,  2.6370892E+02,3271,  7.8528321E-01,  0.0000000E+00, -1.0629396E-02,  1.0003814E+03,  2.2703742E+04,3,
 -1.6078310E+02,  0.0000000E+00,  2.6411951E+02,3445,  7.6856804E-01,  0.0000000E+00, -2.0792864E-02,  1.0004097E+03,  2.4387973E+04,3,
 -1.5912732E+02,  0.0000000E+00,  2.6405777E+02,3362,  8.8616049E-01,  0.0000000E+00, -1.4336449E-02,  1.0004166E+03,  2.4802707E+04,3,
 -1.5695010E+02,  0.0000000E+00,  2.6375836E+02,3262,  8.6242086E-01,  0.0000000E+00,  3.0556373E-02,  1.0004454E+03,  2.6520041E+04,3,
 -1.5460855E+02,  0.0000000E+00,  2.6408057E+02,3436,  1.0749706E+00,  0.0000000E+00, -4.5196317E-02,  1.0004240E+03,  2.5239289E+04,3,
 -1.5255350E+02,  0.0000000E+00,  2.6395422E+02,3391,  9.1544026E-01,  0.0000000E+00, -4.9208276E-02,  1.0003610E+03,  2.1488945E+04,3,
 -1.5063136E+02,  0.0000000E+00,  2.6416122E+02,3381,  1.0052984E+00,  0.0000000E+00,  4.1497197E-02,  1.0004844E+03,  2.8845465E+04,3,
 -1.4883939E+02,  0.0000000E+00,  2.6392053E+02,3253,  1.0508621E+00,  0.0000000E+00, -2.1772742E-02,  1.0005792E+03,  3.4499348E+04,3,
 -1.4677446E+02,  0.0000000E+00,  2.6379688E+02,3244,  7.9892457E-01,  0.0000000E+00,  8.6301319E-02,  1.0004323E+03,  2.5734105E+04,3,
 -1.4503897E+02,  0.0000000E+00,  2.6439206E+02,3437,  1.0059999E+00,  0.0000000E+00,  6.3168719E-02,  1.0005266E+03,  3.1357096E+04,3,
 -1.4326929E+02,  0.0000000E+00,  2.6404721E+02,3390,  6.8567789E-01,  0.0000000E+00, -6.9055557E-02,  1.0003870E+03,  2.3034744E+04,3,
 -1.4115338E+02,  0.0000000E+00,  2.6370587E+02,3235,  8.4474975E-01,  0.0000000E+00,  3.6772415E-02,  1.0004523E+03,  2.6931227E+04,3,
 -1.3885358E+02,  0.0000000E+00,  2.6405780E+02,3335,  8.6992401E-01,  0.0000000E+00, -2.5014196E-02,  1.0004793E+03,  2.8539744E+04,3,
 -1.3656767E+02,  0.0000000E+00,  2.6382028E+02,3226,  8.2749969E-01,  0.0000000E+00, -4.3413267E-02,  1.0004570E+03,  2.7207787E+04,3,
 -1.3465247E+02,  0.0000000E+00,  2.6402170E+02,3217,  1.1490433E+00,  0.0000000E+00,  4.5029350E-02,  1.0007072E+03,  4.2135188E+04,3,
 -1.3227548E+02,  0.0000000E+00,  2.6375113E+02,3208,  6.6024321E-01,  0.0000000E+00,  4.2449203E-03,  1.0006382E+03,  3.8021453E+04,3,
 -1.2996204E+02,  0.0000000E+00,  2.6374249E+02,3199,  1.0022296E+00,  0.0000000E+00, -6.3924012E-03,  1.0004882E+03,  2.9067482E+04,3,
 -1.2766702E+02,  0.0000000E+00,  2.6399808E+02,3290,  7.1277493E-01,  0.0000000E+00, -6.5583554E-03,  1.0004731E+03,  2.8168525E+04,3,
 -1.2590319E+02,  0.0000000E+00,  2.6415268E+02,3308,  9.5280856E-01,  0.0000000E+00,  8.1331633E-02,  1.0005556E+03,  3.3090129E+04,3,
 -1.2368626E+02,  0.0000000E+00,  2.6369391E+02,3190,  7.4670660E-01,  0.0000000E+00, -9.7963102E-03,  1.0004279E+03,  2.5475779E+04,3,
 -1.2085423E+02,  0.0000000E+00,  2.6363187E+02,3181,  6.5129346E-01,  0.0000000E+00, -1.2308310E-02,  1.0004643E+03,  2.7644475E+04,3,
 -1.1869678E+02,  0.0000000E+00,  2.6413129E+02,3317,  1.1862209E+00,  0.0000000E+00, -3.5254911E-02,  1.0006626E+03,  3.9475094E+04,3,
 -1.1672557E+02,  0.0000000E+00,  2.6391187E+02,3336,  7.3872143E-01,  0.0000000E+00, -3.3352427E-02,  1.0004257E+03,  2.5344799E+04,3,
 -1.1455230E+02,  0.0000000E+00,  2.6392676E+02,3272,  1.1124053E+00,  0.0000000E+00,  1.0979027E-02,  1.0004116E+03,  2.4504387E+04,3,
 -1.1266586E+02,  0.0000000E+00,  2.6417523E+02,3354,  1.0146178E+00,  0.0000000E+00, -5.3544454E-02,  1.0006408E+03,  3.8174457E+04,3,
 -1.1069135E+02,  0.0000000E+00,  2.6377454E+02,3172,  1.0309541E+00,  0.0000000E+00,  7.9957977E-02,  1.0004446E+03,  2.6472738E+04,3,
 -1.0790891E+02,  0.0000000E+00,  2.6378918E+02,3163,  1.0814139E+00,  0.0000000E+00, -3.0473793E-02,  1.0003992E+03,  2.3762264E+04,3,
 -1.0562631E+02,  0.0000000E+00,  2.6408301E+02,3318,  1.0000499E+00,  0.0000000E+00,  1.3723576E-02,  1.0004109E+03,  2.4464369E+04,3,
 -1.0335942E+02,  0.0000000E+00,  2.6392908E+02,3281,  1.1561129E+00,  0.0000000E+00, -3.3457037E-02,  1.0003356E+03,  1.9976113E+04,3,
 -1.0078576E+02,  0.0000000E+00,  2.6379169E+02,3154,  1.1237322E+00,  0.0000000E+00,  2.0518139E-02,  1.0002879E+03,  1.7132902E+04,3,
 -9.9228996E+01,  0.0000000E+00,  2.6489923E+02,3347,  1.3709513E+00,  0.0000000E+00,  2.6175565E-01,  1.0006226E+03,  3.7085262E+04,3,
 -9.7896469E+01,  0.0000000E+00,  2.6422018E+02,3337,  1.1591522E+00,  0.0000000E+00, -7.7350825E-02,  1.0002476E+03,  1.4730261E+04,3,
 -9.5637856E+01,  0.0000000E+00,  2.6408469E+02,3263,  8.3075708E-01,  0.0000000E+00, -9.0781860E-02,  1.0005099E+03,  3.0366928E+04,3,
 -9.3820251E+01,  0.0000000E+00,  2.6388684E+02,3145,  1.2195251E+00,  0.0000000E+00,  1.1871905E-01,  1.0004713E+03,  2.8062984E+04,3,
 -9.1276245E+01,  0.0000000E+00,  2.6386169E+02,3136,  9.7230947E-01,  0.0000000E+00,  5.5473547E-02,  1.0005672E+03,  3.3781969E+04,3,
 -8.8488792E+01,  0.0000000E+00,  2.6428259E+02,3227,  1.1748741E+00,  0.0000000E+00, -2.0869578E-01,  1.0006581E+03,  3.9209125E+04,3,
 -8.6893860E+01,  0.0000000E+00,  2.6375873E+02,3127,  1.1146045E+00,  0.0000000E+00, -1.8520797E-02,  1.0003782E+03,  2.2510965E+04,3,
 -8.4628883E+01,  0.0000000E+00,  2.6412012E+02,3209,  1.2253195E+00,  0.0000000E+00,  1.3484749E-01,  1.0004830E+03,  2.8758115E+04,3,
 -8.1861748E+01,  0.0000000E+00,  2.6369189E+02,3118,  1.2182796E+00,  0.0000000E+00, -1.2040713E-01,  1.0001111E+03,  6.6106582E+03,3,
 -7.9506264E+01,  0.0000000E+00,  2.6446896E+02,3319,  9.0794450E-01,  0.0000000E+00,  7.2032116E-02,  1.0004631E+03,  2.7575330E+04,3,
 -7.8262932E+01,  0.0000000E+00,  2.6388568E+02,3109,  1.3138460E+00,  0.0000000E+00,  1.7147909E-01,  1.0004159E+03,  2.4759051E+04,3,
 -7.5104965E+01,  0.0000000E+00,  2.6382727E+02,3100,  8.2136339E-01,  0.0000000E+00, -3.1336010E-02,  1.0001862E+03,  1.1074709E+04,3,
 -7.3073318E+01,  0.0000000E+00,  2.6445386E+02,3191,  1.0827883E+00,  0.0000000E+00,  9.6478388E-02,  1.0004642E+03,  2.7637195E+04,3,
 -7.0812050E+01,  0.0000000E+00,  2.6381158E+02,3091,  9.0435481E-01,  0.0000000E+00,  6.6137463E-02,  1.0004785E+03,  2.8492432E+04,3,
 -6.7309036E+01,  0.0000000E+00,  2.6364822E+02,3082,  1.2285147E+00,  0.0000000E+00, -1.3765895E-01,  1.0000710E+03,  4.2214551E+03,3,
 -6.5282005E+01,  0.0000000E+00,  2.6423721E+02,3218,  1.0399333E+00,  0.0000000E+00,  1.7404187E-01,  1.0003312E+03,  1.9714301E+04,3,
 -6.2373337E+01,  0.0000000E+00,  2.6424521E+02,3246,  1.6331736E+00,  0.0000000E+00,  5.5655204E-02,  1.0003898E+03,  2.3202070E+04,3,
 -5.9535515E+01,  0.0000000E+00,  2.6414154E+02,3200,  1.2463678E+00,  0.0000000E+00, -3.8187187E-02,  1.0000353E+03,  2.0977983E+03,3,
 -5.6427277E+01,  0.0000000E+00,  2.6392664E+02,3073,  1.2813770E+00,  0.0000000E+00,  8.2075171E-02,  1.0011595E+03,  6.9180859E+04,3,
 -5.2852650E+01,  0.0000000E+00,  2.6400940E+02,3064,  1.4142947E+00,  0.0000000E+00, -1.2593128E-01,  1.0004302E+03,  2.5614037E+04,3,
 -5.0809597E+01,  0.0000000E+00,  2.6441721E+02,3274,  9.9731874E-01,  0.0000000E+00,  3.6502519E-01,  9.9999536E+02, -2.7580206E+02,3,
 -4.8118423E+01,  0.0000000E+00,  2.6463190E+02,3155,  1.9384406E+00,  0.0000000E+00,  2.2011596E-01,  1.0007675E+03,  4.5736555E+04,3,
 -4.4049347E+01,  0.0000000E+00,  2.6429935E+02,3055,  1.8726841E+00,  0.0000000E+00,  1.6691811E-01,  1.0005285E+03,  3.1473594E+04,3,
 -3.8745678E+01,  0.0000000E+00,  2.6474670E+02,3046,  2.2057381E+00,  0.0000000E+00, -1.3904455E-01,  1.0001412E+03,  8.4011230E+03,3,
 -3.6953602E+01,  0.0000000E+00,  2.6483264E+02,3037,  1.2381495E+00,  0.0000000E+00,  3.7028348E-01,  1.0002490E+03,  1.4813854E+04,3,
  6.2767822E+01,  0.0000000E+00,  2.6460156E+02,3275,  7.6370587E+00,  0.0000000E+00, -5.8672178E-01,  9.9999182E+02, -4.8627740E+02,3,
  6.2360794E+01,  0.0000000E+00,  2.6446841E+02,3306,  7.3962336E+00,  0.0000000E+00, -1.3895950E+00,  1.0002030E+03,  1.2077490E+04,3,
  8.8680969E+01,  0.0000000E+00,  2.6326495E+02,2911,  6.0647507E+00,  0.0000000E+00,  5.0617275E+00,  1.0019266E+03,  1.1521437E+05,3,
  9.0416748E+01,  0.0000000E+00,  2.6312402E+02,3120,  7.4323773E+00,  0.0000000E+00,  1.1186678E+00,  9.9706836E+02, -1.7278375E+05,3,
  8.8260185E+01,  0.0000000E+00,  2.6355075E+02,3305,  5.0076928E+00,  0.0000000E+00, -2.1049041E-01,  1.0003906E+03,  2.3252994E+04,3,
  8.9808769E+01,  0.0000000E+00,  2.6214664E+02,3165,  5.0650806E+00,  0.0000000E+00,  4.1514807E+00,  1.0047070E+03,  2.8384991E+05,3,
  8.8362366E+01,  0.0000000E+00,  2.6403223E+02,3297,  5.9607382E+00,  0.0000000E+00,  3.0062923E+00,  1.0013582E+03,  8.1086492E+04,3,
  9.0611977E+01,  0.0000000E+00,  2.6266516E+02,3166,  6.0261168E+00,  0.0000000E+00,  3.6095474E+00,  9.9778040E+02, -1.3109758E+05,3,
  9.0960861E+01,  0.0000000E+00,  2.6255316E+02,3295,  6.5953970E+00,  0.0000000E+00,  6.3901839E+00,  9.9953558E+02, -2.7574809E+04,3,
  1.0598243E+02,  0.0000000E+00,  2.6334543E+02,3296,  6.2034717E+00,  0.0000000E+00, -9.3087149E-01,  9.9983179E+02, -9.9965469E+03,3,
  1.0651138E+02,  0.0000000E+00,  2.6356711E+02,2902,  5.9156237E+00,  0.0000000E+00, -8.9891827E-01,  9.9937451E+02, -3.7120535E+04,3,
  1.0673399E+02,  0.0000000E+00,  2.6308957E+02,3183,  6.2524967E+00,  0.0000000E+00,  2.3308326E-01,  9.9898853E+02, -5.9958016E+04,3,
  1.0681641E+02,  0.0000000E+00,  2.6299484E+02,3211,  6.3202267E+00,  0.0000000E+00,  1.0901090E-01,  9.9950793E+02, -2.9214045E+04,3,
  1.0798475E+02,  0.0000000E+00,  2.6276044E+02,3020,  7.0484514E+00,  0.0000000E+00,  1.5225841E+00,  1.0025443E+03,  1.5243914E+05,3,
  1.0966504E+02,  0.0000000E+00,  2.6288760E+02,3267,  6.8974118E+00,  0.0000000E+00,  6.0407448E-01,  9.9766205E+02, -1.3803859E+05,3,
  1.1008498E+02,  0.0000000E+00,  2.6367065E+02,3286,  6.8447127E+00,  0.0000000E+00,  1.1545107E+00,  9.9957910E+02, -2.4994178E+04,3,
  1.1089922E+02,  0.0000000E+00,  2.6333347E+02,3287,  6.1825385E+00,  0.0000000E+00,  3.1518486E-01,  1.0060344E+03,  3.6535550E+05,3,
  1.1235010E+02,  0.0000000E+00,  2.6299466E+02,2893,  5.6057544E+00,  0.0000000E+00,  3.0541787E+00,  9.9495624E+02, -2.9539194E+05,3,
  1.1327365E+02,  0.0000000E+00,  2.6292465E+02,3167,  7.1822586E+00,  0.0000000E+00, -1.2215279E+00,  9.9752692E+02, -1.4595798E+05,3,
  1.1391474E+02,  0.0000000E+00,  2.6324258E+02,3002,  6.5134802E+00,  0.0000000E+00, -1.7317638E-01,  1.0019934E+03,  1.1923511E+05,3,
  1.1519218E+02,  0.0000000E+00,  2.6276532E+02,3258,  6.4811506E+00,  0.0000000E+00,  7.5092289E-04,  1.0019913E+03,  1.1911024E+05,3,
  1.1521671E+02,  0.0000000E+00,  2.6288531E+02,3277,  6.2760696E+00,  0.0000000E+00,  2.8311193E-01,  1.0014811E+03,  8.8454164E+04,3,
  1.1545531E+02,  0.0000000E+00,  2.6294400E+02,3288,  6.4858990E+00,  0.0000000E+00, -5.6843519E-01,  1.0000735E+03,  4.3703096E+03,3,
  1.6442282E+02,  0.0000000E+00,  2.6037506E+02,3279,  7.3445864E+00,  0.0000000E+00,  1.7953820E+00,  9.9813281E+02, -1.1039918E+05,3,
  1.6444443E+02,  0.0000000E+00,  2.6088922E+02,3278,  7.8744597E+00,  0.0000000E+00,  4.1515822E+00,  1.0000529E+03,  3.1468640E+03,3,
  1.6452855E+02,  0.0000000E+00,  2.6062961E+02,3268,  6.6632500E+00,  0.0000000E+00,  2.8541338E+00,  9.9580597E+02, -2.4625270E+05,3,
  1.6505312E+02,  0.0000000E+00,  2.6138348E+02,3249,  5.9558539E+00,  0.0000000E+00, -4.0105894E-02,  1.0070366E+03,  4.2731934E+05,3,
  1.6721069E+02,  0.0000000E+00,  2.6137405E+02,3084,  9.1238565E+00,  0.0000000E+00,  2.9210486E+00,  9.9106696E+02, -5.1711641E+05,3,
  1.6731978E+02,  0.0000000E+00,  2.6245193E+02,3212,  5.9308786E+00,  0.0000000E+00,  1.8184032E+00,  1.0097331E+03,  5.9588444E+05,3,
  1.6844870E+02,  0.0000000E+00,  2.6289224E+02,3175,  7.9047580E+00,  0.0000000E+00,  2.3514082E+00,  9.9479626E+02, -3.0461491E+05,3,
  1.6817990E+02,  0.0000000E+00,  2.6297104E+02,3092,  5.4203634E+00,  0.0000000E+00,  4.5307764E-01,  1.0018178E+03,  1.0867446E+05,3,
  1.7069194E+02,  0.0000000E+00,  2.6133853E+02,2884,  7.5404768E+00,  0.0000000E+00,  2.1510160E+00,  1.0001329E+03,  7.9071689E+03,3,
  1.6890643E+02,  0.0000000E+00,  2.6265424E+02,3056,  6.3702135E+00,  0.0000000E+00,  1.1068968E+00,  9.9966687E+02, -1.9787434E+04,3,
  1.7195424E+02,  0.0000000E+00,  2.6128635E+02,3111,  5.6390157E+00,  0.0000000E+00, -1.2019851E+00,  1.0029340E+03,  1.7599392E+05,3,
  1.7156277E+02,  0.0000000E+00,  2.6119980E+02,3048,  5.6963129E+00,  0.0000000E+00, -3.5454996E+00,  9.9567444E+02, -2.5387548E+05,3,
  1.7314282E+02,  0.0000000E+00,  2.6010239E+02,3270,  8.3113918E+00,  0.0000000E+00,  4.1755575E-01,  1.0009805E+03,  5.8472062E+04,3,
  1.7350604E+02,  0.0000000E+00,  2.6103717E+02,2875,  8.2634869E+00,  0.0000000E+00,  1.3747529E+00,  1.0010558E+03,  6.2974055E+04,3,
  1.7371408E+02,  0.0000000E+00,  2.6157660E+02,3269,  4.3824329E+00,  0.0000000E+00,  9.8071134E-01,  9.9925653E+02, -4.4106680E+04,3,
  1.7750821E+02,  0.0000000E+00,  2.6259250E+02,2866,  9.7483435E+00,  0.0000000E+00, -9.4753164E-01,  9.9929370E+02, -4.1906199E+04,3,
  1.7622142E+02,  0.0000000E+00,  2.6113867E+02,3259,  7.4986854E+00,  0.0000000E+00,  9.1243923E-01,  9.9879346E+02, -7.1479422E+04,3,
  1.7808107E+02,  0.0000000E+00,  2.6136652E+02,3066,  6.7377129E+00,  0.0000000E+00, -2.4248540E+00,  1.0009749E+03,  5.8132578E+04,3,
  1.7813307E+02,  0.0000000E+00,  2.6181064E+02,3230,  7.2685261E+00,  0.0000000E+00, -1.3134815E+00,  1.0010140E+03,  6.0476348E+04,3,
  1.7822055E+02,  0.0000000E+00,  2.6181381E+02,3222,  7.5858192E+00,  0.0000000E+00, -1.2296931E+00,  9.9915253E+02, -5.0261082E+04,3,
  1.7859993E+02,  0.0000000E+00,  2.6231546E+02,3239,  9.0708313E+00,  0.0000000E+00, -1.6079903E+00,  9.9986914E+02, -7.7775757E+03,3,
  2.0065193E+02,  0.0000000E+00,  2.5827298E+02,3241,  2.4491420E+00,  0.0000000E+00, -1.1611191E+00,  1.0005905E+03,  3.5169438E+04,3,
  2.0864412E+02,  0.0000000E+00,  2.5858841E+02,3234,  7.6261508E-01,  0.0000000E+00,  5.2155262E-01,  1.0007072E+03,  4.2135188E+04,3,
  2.1049588E+02,  0.0000000E+00,  2.5836218E+02,3251,  1.7256151E+00,  0.0000000E+00,  1.8868011E-01,  1.0023552E+03,  1.4103016E+05,3,
  2.2066040E+02,  0.0000000E+00,  2.5911133E+02,3224,  2.1222310E+00,  0.0000000E+00, -6.9144493E-01,  1.0002067E+03,  1.2299133E+04,3,
  2.2095035E+02,  0.0000000E+00,  2.5844910E+02,3057,  2.6143906E+00,  0.0000000E+00, -3.7362227E-01,  1.0002440E+03,  1.4515833E+04,3,
  2.2082477E+02,  0.0000000E+00,  2.5916272E+02,3223,  1.8823935E+00,  0.0000000E+00, -7.4350649E-01,  1.0001947E+03,  1.1583354E+04,3,
  2.2254829E+02,  0.0000000E+00,  2.5907123E+02,3205,  2.2398715E+00,  0.0000000E+00, -4.8754656E-01,  1.0003090E+03,  1.8390795E+04,3,
  2.2354762E+02,  0.0000000E+00,  2.5828998E+02,3094,  2.4036810E+00,  0.0000000E+00, -3.5017584E-02,  1.0001465E+03,  8.7134883E+03,3,
  2.2485435E+02,  0.0000000E+00,  2.5860489E+02,2839,  2.4378593E+00,  0.0000000E+00, -6.3938695E-01,  1.0003315E+03,  1.9728846E+04,3,
  2.2584027E+02,  0.0000000E+00,  2.5859686E+02,3093,  2.4674444E+00,  0.0000000E+00, -8.2509911E-01,  1.0002930E+03,  1.7438271E+04,3,
  2.2663193E+02,  0.0000000E+00,  2.5874963E+02,3075,  2.6242697E+00,  0.0000000E+00, -8.4526223E-01,  1.0002476E+03,  1.4733896E+04,3,
  2.2758846E+02,  0.0000000E+00,  2.5822897E+02,3112,  2.9845319E+00,  0.0000000E+00, -4.3635890E-01,  1.0000391E+03,  2.3228481E+03,3,
  2.2838731E+02,  0.0000000E+00,  2.5868674E+02,2812,  3.4271140E+00,  0.0000000E+00, -3.8505661E-01,  1.0002467E+03,  1.4679380E+04,3,
  2.3006099E+02,  0.0000000E+00,  2.5870068E+02,3225,  3.0234606E+00,  0.0000000E+00,  4.6483776E-01,  1.0002267E+03,  1.3491002E+04,3,
  2.3296141E+02,  0.0000000E+00,  2.5915665E+02,3216,  2.6964319E+00,  0.0000000E+00,  5.1953572E-01,  1.0003528E+03,  2.0997977E+04,3,
  2.3540378E+02,  0.0000000E+00,  2.5934607E+02,3207,  2.4698012E+00,  0.0000000E+00,  3.0286080E-01,  1.0002742E+03,  1.6318629E+04,3,
  2.3705438E+02,  0.0000000E+00,  2.5888605E+02,3196,  2.5170901E+00,  0.0000000E+00,  2.2092652E-02,  1.0002587E+03,  1.5395382E+04,3,
  2.3831451E+02,  0.0000000E+00,  2.5879156E+02,3197,  2.5009012E+00,  0.0000000E+00, -1.6732301E-01,  1.0002620E+03,  1.5591656E+04,3,
  2.4029065E+02,  0.0000000E+00,  2.5888129E+02,3198,  2.8002450E+00,  0.0000000E+00, -1.1885200E-01,  1.0002469E+03,  1.4690282E+04,3,
  2.4238806E+02,  0.0000000E+00,  2.5824661E+02,2993,  2.8025916E+00,  0.0000000E+00,  3.2028192E-01,  1.0001068E+03,  6.3528291E+03,3,
  2.4136887E+02,  0.0000000E+00,  2.5841830E+02,3168,  2.7931836E+00,  0.0000000E+00,  1.1240133E-01,  1.0001692E+03,  1.0064765E+04,3,
  2.4362621E+02,  0.0000000E+00,  2.5838647E+02,3178,  2.6442521E+00,  0.0000000E+00,  4.1919208E-01,  1.0001259E+03,  7.4858755E+03,3,
  2.4472607E+02,  0.0000000E+00,  2.5861905E+02,3170,  2.5026519E+00,  0.0000000E+00,  2.8699929E-01,  1.0001907E+03,  1.1343561E+04,3,
  2.4621872E+02,  0.0000000E+00,  2.5873358E+02,3180,  2.3886263E+00,  0.0000000E+00, -7.3069043E-02,  1.0002198E+03,  1.3076738E+04,3,
  2.5933865E+02,  0.0000000E+00,  2.5832254E+02,3160,  2.1983123E+00,  0.0000000E+00,  3.9955279E-01,  1.0000723E+03,  4.2976973E+03,3,
  2.6091217E+02,  0.0000000E+00,  2.5873654E+02,3151,  2.0932095E+00,  0.0000000E+00,  2.2867888E-01,  1.0001364E+03,  8.1141909E+03,3,
  2.6214029E+02,  0.0000000E+00,  2.5840533E+02,2767,  2.4193523E+00,  0.0000000E+00,  1.5756014E-01,  1.0001956E+03,  1.1634220E+04,3,
  2.6699930E+02,  0.0000000E+00,  2.5834790E+02,3162,  2.3217609E+00,  0.0000000E+00,  1.8485270E-01,  1.0002322E+03,  1.3814430E+04,3,
  2.6846780E+02,  0.0000000E+00,  2.5842676E+02,3153,  2.4321582E+00,  0.0000000E+00,  3.4071949E-01,  1.0001850E+03,  1.1005681E+04,3,
  2.7939966E+02,  0.0000000E+00,  2.5824738E+02,3134,  2.6580334E+00,  0.0000000E+00,  3.0729392E-01,  1.0001681E+03,  9.9993760E+03,3,
  2.8847458E+02,  0.0000000E+00,  2.5825436E+02,2858,  2.6502852E+00,  0.0000000E+00,  1.4375715E-01,  1.0002350E+03,  1.3981600E+04,3,
  2.9338037E+02,  0.0000000E+00,  2.5828241E+02,3115,  1.7503275E+00,  0.0000000E+00,  7.1345484E-01,  1.0001760E+03,  1.0471637E+04,3,
  2.9091559E+02,  0.0000000E+00,  2.5856061E+02,3125,  2.6570487E+00,  0.0000000E+00,  5.8971274E-01,  1.0001872E+03,  1.1136472E+04,3,
  2.8966016E+02,  0.0000000E+00,  2.5843253E+02,3106,  2.6918101E+00,  0.0000000E+00,  3.3733487E-01,  1.0002209E+03,  1.3145781E+04,3,
 -3.9710629E+02,  0.0000000E+00,  2.6713763E+02,3822,  4.5376230E-02,  0.0000000E+00,  5.6377095E-03,  1.0002792E+03,  1.6616703E+04,3,
 -3.9731482E+02,  0.0000000E+00,  2.6532327E+02,3821, -1.0697244E-02,  0.0000000E+00,  1.7732138E-02,  1.0007767E+03,  4.6287078E+04,3,
 -3.9733359E+02,  0.0000000E+00,  2.6845749E+02,3828, -4.0888987E-02,  0.0000000E+00, -2.3873501E-02,  1.0002084E+03,  1.2397238E+04,3,
 -3.9608423E+02,  0.0000000E+00,  2.6745187E+02,3823,  3.3430371E-02,  0.0000000E+00, -1.8649122E-02,  1.0002795E+03,  1.6631244E+04,3,
 -3.9485349E+02,  0.0000000E+00,  2.6739001E+02,3824,  3.4244686E-02,  0.0000000E+00, -1.8082904E-02,  1.0003094E+03,  1.8412609E+04,3,
 -3.9379346E+02,  0.0000000E+00,  2.6726178E+02,3825,  1.8219385E-02,  0.0000000E+00, -1.6522627E-02,  1.0003578E+03,  2.1299828E+04,3,
 -3.9194278E+02,  0.0000000E+00,  2.6816714E+02,3826,  2.0157890E-02,  0.0000000E+00, -3.7644811E-02,  1.0001924E+03,  1.1448924E+04,3,
 -3.9256415E+02,  0.0000000E+00,  2.6741275E+02,3827,  1.7209085E-02,  0.0000000E+00, -2.9298250E-02,  1.0003270E+03,  1.9463402E+04,3,
 -3.9019260E+02,  0.0000000E+00,  2.6828934E+02,3818,  9.3580902E-02,  0.0000000E+00, -3.0837461E-02,  1.0001916E+03,  1.1398059E+04,3,
 -3.8996542E+02,  0.0000000E+00,  2.6693509E+02,3812, -3.5334809E-03,  0.0000000E+00, -9.9709071E-03,  1.0004386E+03,  2.6112512E+04,3,
 -3.8832343E+02,  0.0000000E+00,  2.6829736E+02,3814,  5.8450140E-02,  0.0000000E+00, -1.9753514E-02,  1.0001921E+03,  1.1427124E+04,3,
 -3.8771384E+02,  0.0000000E+00,  2.6682150E+02,3813,  6.7043207E-03,  0.0000000E+00, -6.3625011E-03,  1.0004624E+03,  2.7531662E+04,3,
 -3.8646091E+02,  0.0000000E+00,  2.6828192E+02,3806,  7.3772319E-02,  0.0000000E+00, -3.1493902E-02,  1.0001841E+03,  1.0954818E+04,3,
 -3.8421567E+02,  0.0000000E+00,  2.6837360E+02,3819,  9.7025320E-02,  0.0000000E+00, -4.5170207E-02,  1.0001721E+03,  1.0235503E+04,3,
 -3.8554956E+02,  0.0000000E+00,  2.6693478E+02,3805,  1.2426416E-02,  0.0000000E+00, -3.6542181E-02,  1.0004622E+03,  2.7520744E+04,3,
 -3.8391730E+02,  0.0000000E+00,  2.6707138E+02,3804,  9.5875906E-03,  0.0000000E+00, -5.4178569E-02,  1.0004288E+03,  2.5526717E+04,3,
 -3.8212811E+02,  0.0000000E+00,  2.6717053E+02,3795,  6.7527510E-02,  0.0000000E+00, -4.7041509E-02,  1.0003326E+03,  1.9794297E+04,3,
 -3.8161951E+02,  0.0000000E+00,  2.6839612E+02,3807,  4.0343352E-02,  0.0000000E+00, -5.6173366E-02,  1.0001804E+03,  1.0733206E+04,3,
 -3.8001596E+02,  0.0000000E+00,  2.6827539E+02,3796,  1.0294988E-01,  0.0000000E+00, -6.3937828E-02,  1.0001721E+03,  1.0239136E+04,3,
 -3.7961908E+02,  0.0000000E+00,  2.6715210E+02,3787, -2.2013376E-02,  0.0000000E+00, -4.5457933E-02,  1.0003844E+03,  2.2881973E+04,3,
 -3.7806235E+02,  0.0000000E+00,  2.6810498E+02,3817,  1.1389720E-01,  0.0000000E+00, -5.6559257E-02,  1.0001636E+03,  9.7305605E+03,3,
 -3.8172607E+02,  0.0000000E+00,  2.6516016E+02,3798,  1.2316421E-02,  0.0000000E+00, -8.7582313E-02,  1.0010813E+03,  6.4500738E+04,3,
 -3.7745319E+02,  0.0000000E+00,  2.6595023E+02,3799, -5.0867950E-03,  0.0000000E+00,  4.8904279E-03,  1.0011072E+03,  6.6049570E+04,3,
 -3.7658319E+02,  0.0000000E+00,  2.6810217E+02,3810,  1.3380420E-01,  0.0000000E+00, -2.5698688E-02,  1.0001735E+03,  1.0322690E+04,3,
 -3.7557846E+02,  0.0000000E+00,  2.6783911E+02,3797,  1.1230621E-01,  0.0000000E+00, -1.7939741E-02,  1.0001982E+03,  1.1790452E+04,3,
 -3.7352039E+02,  0.0000000E+00,  2.6803464E+02,3808,  1.8273543E-01,  0.0000000E+00, -6.2551275E-02,  1.0001353E+03,  8.0451831E+03,3,
 -3.7211398E+02,  0.0000000E+00,  2.6828763E+02,3809,  1.3532117E-01,  0.0000000E+00, -4.5625269E-02,  1.0001569E+03,  9.3309844E+03,3,
 -3.7470395E+02,  0.0000000E+00,  2.6722791E+02,3786, -3.1853691E-02,  0.0000000E+00, -1.2390652E-02,  1.0003490E+03,  2.0772504E+04,3,
 -3.7063855E+02,  0.0000000E+00,  2.6831067E+02,3800,  1.0379209E-01,  0.0000000E+00, -3.3776619E-02,  1.0001682E+03,  1.0006642E+04,3,
 -3.7056708E+02,  0.0000000E+00,  2.6667746E+02,3778,  2.8259304E-01,  0.0000000E+00, -2.8433681E-03,  1.0004324E+03,  2.5741383E+04,3,
 -3.7296695E+02,  0.0000000E+00,  2.6564932E+02,3779,  1.3102308E-01,  0.0000000E+00,  6.9469802E-02,  1.0014400E+03,  8.5990352E+04,3,
 -3.6883801E+02,  0.0000000E+00,  2.6712418E+02,3768,  2.5295508E-01,  0.0000000E+00,  2.7502030E-03,  1.0003994E+03,  2.3776814E+04,3,
 -3.6853555E+02,  0.0000000E+00,  2.6820590E+02,3801,  1.0383391E-01,  0.0000000E+00, -2.7598852E-02,  1.0001769E+03,  1.0522496E+04,3,
 -3.6677646E+02,  0.0000000E+00,  2.6824722E+02,3790,  2.0287348E-01,  0.0000000E+00, -4.4988021E-02,  1.0001860E+03,  1.1063811E+04,3,
 -3.6487213E+02,  0.0000000E+00,  2.6833801E+02,3789,  2.5875050E-01,  0.0000000E+00, -3.2320652E-02,  1.0001740E+03,  1.0348120E+04,3,
 -3.6627820E+02,  0.0000000E+00,  2.6697412E+02,3749,  1.3524786E-01,  0.0000000E+00, -2.8619984E-02,  1.0004651E+03,  2.7695422E+04,3,
 -3.6429794E+02,  0.0000000E+00,  2.6686172E+02,3759,  1.2725332E-01,  0.0000000E+00,  1.9564748E-02,  1.0004409E+03,  2.6250779E+04,3,
 -3.6305246E+02,  0.0000000E+00,  2.6826251E+02,3792,  2.2421059E-01,  0.0000000E+00, -1.9512095E-02,  1.0001644E+03,  9.7814170E+03,3,
 -3.6154382E+02,  0.0000000E+00,  2.6787363E+02,3781,  2.9728559E-01,  0.0000000E+00, -1.1836317E-02,  1.0001602E+03,  9.5307705E+03,3,
 -3.6197131E+02,  0.0000000E+00,  2.6589478E+02,3769,  1.3995109E-01,  0.0000000E+00,  1.8106440E-01,  1.0012195E+03,  7.2773727E+04,3,
 -3.6030579E+02,  0.0000000E+00,  2.6787299E+02,3791,  2.8380468E-01,  0.0000000E+00, -2.0889679E-02,  1.0002162E+03,  1.2862346E+04,3,
 -3.5924435E+02,  0.0000000E+00,  2.6793430E+02,3782,  3.0237612E-01,  0.0000000E+00, -2.9813491E-02,  1.0001948E+03,  1.1586987E+04,3,
 -3.5688593E+02,  0.0000000E+00,  2.6798761E+02,3780,  3.6329645E-01,  0.0000000E+00, -1.3903667E-02,  1.0001592E+03,  9.4690176E+03,3,
 -3.5849103E+02,  0.0000000E+00,  2.6692386E+02,3761,  2.5562415E-01,  0.0000000E+00, -3.4750901E-02,  1.0006044E+03,  3.6003465E+04,3,
 -3.5665787E+02,  0.0000000E+00,  2.6685019E+02,3742,  2.6690400E-01,  0.0000000E+00, -1.5133701E-04,  1.0005050E+03,  3.0072080E+04,3,
 -3.5466580E+02,  0.0000000E+00,  2.6657700E+02,3752,  3.3336702E-01,  0.0000000E+00,  3.7924342E-02,  1.0005699E+03,  3.3942191E+04,3,
 -3.5476828E+02,  0.0000000E+00,  2.6817670E+02,3783,  2.6044193E-01,  0.0000000E+00, -1.7371405E-02,  1.0001652E+03,  9.8286406E+03,3,
 -3.5323038E+02,  0.0000000E+00,  2.6810104E+02,3770,  3.3494580E-01,  0.0000000E+00, -3.8687438E-02,  1.0002092E+03,  1.2444476E+04,3,
 -3.5173932E+02,  0.0000000E+00,  2.6825784E+02,3772,  4.1315216E-01,  0.0000000E+00, -6.1038479E-02,  1.0001872E+03,  1.1136472E+04,3,
 -3.5145953E+02,  0.0000000E+00,  2.6706937E+02,3743,  2.1256693E-01,  0.0000000E+00, -3.2605223E-02,  1.0004243E+03,  2.5257480E+04,3,
 -3.5340723E+02,  0.0000000E+00,  2.6502472E+02,3753,  1.3481894E-01,  0.0000000E+00, -7.9977952E-02,  1.0009802E+03,  5.8450160E+04,3,
 -3.5054971E+02,  0.0000000E+00,  2.6583597E+02,3754,  1.3822381E-01,  0.0000000E+00, -1.4655543E-02,  1.0005673E+03,  3.3789250E+04,3,
 -3.4960040E+02,  0.0000000E+00,  2.6803183E+02,3771,  4.2309397E-01,  0.0000000E+00, -8.5950866E-02,  1.0002036E+03,  1.2110191E+04,3,
 -3.4859659E+02,  0.0000000E+00,  2.6528369E+02,3744,  2.1071583E-01,  0.0000000E+00,  4.8966281E-02,  1.0011088E+03,  6.6144555E+04,3,
 -3.4834418E+02,  0.0000000E+00,  2.6812509E+02,3774,  4.0119022E-01,  0.0000000E+00, -6.2489185E-02,  1.0002025E+03,  1.2048423E+04,3,
 -3.4710141E+02,  0.0000000E+00,  2.6688409E+02,3751,  4.1268790E-01,  0.0000000E+00, -3.3407323E-02,  1.0003989E+03,  2.3744074E+04,3,
 -3.4627524E+02,  0.0000000E+00,  2.6819205E+02,3773,  3.8197613E-01,  0.0000000E+00, -5.7387944E-02,  1.0001995E+03,  1.1870386E+04,3,
 -3.4540552E+02,  0.0000000E+00,  2.6601257E+02,3762,  3.1225345E-01,  0.0000000E+00, -1.8807713E-02,  1.0006261E+03,  3.7296531E+04,3,
 -3.4472272E+02,  0.0000000E+00,  2.6811639E+02,3763,  4.4917601E-01,  0.0000000E+00, -7.0839517E-02,  1.0002227E+03,  1.3251163E+04,3,
 -3.4311417E+02,  0.0000000E+00,  2.6813089E+02,3765,  4.2903388E-01,  0.0000000E+00, -5.2588388E-02,  1.0002037E+03,  1.2117458E+04,3,
 -3.4299927E+02,  0.0000000E+00,  2.6651642E+02,3724,  4.6546960E-01,  0.0000000E+00, -9.3297273E-02,  1.0004733E+03,  2.8179443E+04,3,
 -3.4097632E+02,  0.0000000E+00,  2.6678903E+02,3732,  4.8866928E-01,  0.0000000E+00,  1.1222192E-02,  1.0005844E+03,  3.4805254E+04,3,
 -3.4102725E+02,  0.0000000E+00,  2.6799088E+02,3764,  3.4714231E-01,  0.0000000E+00, -2.6447231E-02,  1.0001863E+03,  1.1081976E+04,3,
 -3.3926520E+02,  0.0000000E+00,  2.6803650E+02,3756,  4.4915006E-01,  0.0000000E+00, -3.8239107E-02,  1.0001912E+03,  1.1376260E+04,3,
 -3.3863556E+02,  0.0000000E+00,  2.6650024E+02,3725,  3.7771583E-01,  0.0000000E+00,  4.6013589E-03,  1.0006345E+03,  3.7799234E+04,3,
 -3.3745615E+02,  0.0000000E+00,  2.6801062E+02,3755,  4.9473721E-01,  0.0000000E+00, -5.2384045E-02,  1.0001878E+03,  1.1172803E+04,3,
 -3.3627798E+02,  0.0000000E+00,  2.6648492E+02,3715,  3.5368901E-01,  0.0000000E+00, -5.1018488E-02,  1.0006100E+03,  3.6334910E+04,3,
 -3.3579807E+02,  0.0000000E+00,  2.6793762E+02,3745,  5.0438833E-01,  0.0000000E+00, -5.0690085E-02,  1.0001949E+03,  1.1594253E+04,3,
 -3.3437888E+02,  0.0000000E+00,  2.6796484E+02,3747,  4.6149293E-01,  0.0000000E+00, -4.3828566E-02,  1.0002050E+03,  1.2197395E+04,3,
 -3.3299466E+02,  0.0000000E+00,  2.6661526E+02,3714,  3.9574605E-01,  0.0000000E+00, -7.5646960E-03,  1.0005649E+03,  3.3643598E+04,3,
 -3.3265399E+02,  0.0000000E+00,  2.6792984E+02,3734,  5.2801538E-01,  0.0000000E+00, -3.7910931E-02,  1.0001909E+03,  1.1358094E+04,3,
 -3.3106430E+02,  0.0000000E+00,  2.6806339E+02,3746,  5.0173998E-01,  0.0000000E+00, -4.6497192E-02,  1.0001918E+03,  1.1408958E+04,3,
 -3.3026968E+02,  0.0000000E+00,  2.6654807E+02,3716,  3.7464255E-01,  0.0000000E+00, -6.8394914E-02,  1.0006144E+03,  3.6600805E+04,3,
 -3.2934396E+02,  0.0000000E+00,  2.6786993E+02,3735,  4.8566905E-01,  0.0000000E+00, -6.5557174E-02,  1.0001983E+03,  1.1797719E+04,3,
 -3.2752414E+02,  0.0000000E+00,  2.6790634E+02,3726,  5.9991914E-01,  0.0000000E+00, -4.7710158E-02,  1.0001841E+03,  1.0951186E+04,3,
 -3.2769565E+02,  0.0000000E+00,  2.6686124E+02,3695,  4.0790656E-01,  0.0000000E+00, -1.5313407E-02,  1.0004894E+03,  2.9140275E+04,3,
 -3.2563864E+02,  0.0000000E+00,  2.6814474E+02,3738,  5.2019000E-01,  0.0000000E+00, -1.0368761E-01,  1.0001685E+03,  1.0021172E+04,3,
 -3.2508984E+02,  0.0000000E+00,  2.6708936E+02,3687,  3.0956087E-01,  0.0000000E+00, -1.1728217E-01,  1.0003801E+03,  2.2627357E+04,3,
 -3.2336682E+02,  0.0000000E+00,  2.6798047E+02,3736,  8.1975132E-01,  0.0000000E+00, -1.9545747E-01,  1.0001422E+03,  8.4556045E+03,3,
 -3.2356049E+02,  0.0000000E+00,  2.6693878E+02,3706,  3.0436915E-01,  0.0000000E+00, -1.0961996E-01,  1.0003797E+03,  2.2601896E+04,3,
 -3.2110217E+02,  0.0000000E+00,  2.6792816E+02,3737,  8.6018735E-01,  0.0000000E+00, -2.4913054E-02,  1.0001818E+03,  1.0816764E+04,3,
 -3.2198297E+02,  0.0000000E+00,  2.6589560E+02,3697,  4.9704254E-01,  0.0000000E+00,  3.4959865E-01,  1.0010125E+03,  6.0385070E+04,3,
 -3.1979648E+02,  0.0000000E+00,  2.6793277E+02,3727,  7.2635674E-01,  0.0000000E+00,  1.1572706E-02,  1.0001779E+03,  1.0584256E+04,3,
 -3.1905286E+02,  0.0000000E+00,  2.6730185E+02,3717,  7.2345763E-01,  0.0000000E+00,  2.9869250E-03,  1.0002245E+03,  1.3360180E+04,3,
 -3.1786880E+02,  0.0000000E+00,  2.6798291E+02,3729,  7.9321271E-01,  0.0000000E+00, -4.7658868E-02,  1.0001797E+03,  1.0693243E+04,3,
 -3.1617361E+02,  0.0000000E+00,  2.6677744E+02,3688,  8.3423722E-01,  0.0000000E+00, -1.4016032E-01,  1.0004122E+03,  2.4540768E+04,3,
 -3.1596198E+02,  0.0000000E+00,  2.6792130E+02,3728,  6.2586826E-01,  0.0000000E+00, -4.5456789E-02,  1.0001924E+03,  1.1448924E+04,3,
 -3.1857858E+02,  0.0000000E+00,  2.6530869E+02,3699,  1.3581982E-01,  0.0000000E+00, -1.3309117E-01,  1.0011885E+03,  7.0920477E+04,3,
 -3.1439066E+02,  0.0000000E+00,  2.6676089E+02,3679,  7.0420158E-01,  0.0000000E+00,  1.5290789E-02,  1.0004622E+03,  2.7517105E+04,3,
 -3.1376328E+02,  0.0000000E+00,  2.6774524E+02,3718,  7.2480989E-01,  0.0000000E+00,  8.6791851E-03,  1.0002300E+03,  1.3687238E+04,3,
 -3.1215485E+02,  0.0000000E+00,  2.6613196E+02,3698,  7.5132895E-01,  0.0000000E+00, -4.0916186E-03,  1.0004540E+03,  2.7029477E+04,3,
 -3.1206042E+02,  0.0000000E+00,  2.6795792E+02,3719,  7.0555073E-01,  0.0000000E+00,  4.7905754E-02,  1.0002413E+03,  1.4359558E+04,3,
 -3.1033090E+02,  0.0000000E+00,  2.6792728E+02,3720,  6.1022174E-01,  0.0000000E+00,  5.6258686E-02,  1.0002426E+03,  1.4435878E+04,3,
 -3.0995728E+02,  0.0000000E+00,  2.6628864E+02,3689,  6.8733126E-01,  0.0000000E+00,  6.0283486E-02,  1.0004744E+03,  2.8244951E+04,3,
 -3.0875589E+02,  0.0000000E+00,  2.6772769E+02,3708,  6.8031669E-01,  0.0000000E+00,  4.0280610E-02,  1.0002362E+03,  1.4054282E+04,3,
 -3.0273517E+02,  0.0000000E+00,  2.6503821E+02,3653,  3.0347419E-01,  0.0000000E+00, -1.0005542E-02,  1.0011992E+03,  7.1560117E+04,3,
 -3.0774496E+02,  0.0000000E+00,  2.6667676E+02,3650,  6.5917546E-01,  0.0000000E+00,  6.4214468E-02,  1.0004438E+03,  2.6421797E+04,3,
 -3.0656567E+02,  0.0000000E+00,  2.6786914E+02,3710,  7.6026064E-01,  0.0000000E+00,  6.2919557E-02,  1.0002173E+03,  1.2927753E+04,3,
 -3.0549066E+02,  0.0000000E+00,  2.6682983E+02,3659,  5.4728264E-01,  0.0000000E+00,  9.5305480E-02,  1.0004094E+03,  2.4373420E+04,3,
 -3.0451828E+02,  0.0000000E+00,  2.6802365E+02,3711,  8.2325310E-01,  0.0000000E+00,  2.9255517E-02,  1.0001981E+03,  1.1783186E+04,3,
 -3.0244669E+02,  0.0000000E+00,  2.6780545E+02,3709,  7.9597712E-01,  0.0000000E+00, -5.6918025E-02,  1.0002067E+03,  1.2295499E+04,3,
 -3.0366772E+02,  0.0000000E+00,  2.6668137E+02,3670,  4.3854198E-01,  0.0000000E+00,  2.3966681E-02,  1.0002304E+03,  1.3709042E+04,3,
 -3.0108218E+02,  0.0000000E+00,  2.6768576E+02,3701,  7.4637759E-01,  0.0000000E+00, -4.6351757E-02,  1.0002370E+03,  1.4101526E+04,3,
 -2.9974930E+02,  0.0000000E+00,  2.6761884E+02,3700,  7.3529851E-01,  0.0000000E+00, -1.9697865E-02,  1.0002300E+03,  1.3683604E+04,3,
 -2.9915805E+02,  0.0000000E+00,  2.6682053E+02,3651,  7.2875345E-01,  0.0000000E+00,  1.2343111E-02,  1.0003417E+03,  2.0336117E+04,3,
 -2.9739172E+02,  0.0000000E+00,  2.6789560E+02,3702,  7.9958987E-01,  0.0000000E+00, -3.8561441E-02,  1.0002144E+03,  1.2753334E+04,3,
 -2.9714169E+02,  0.0000000E+00,  2.6670667E+02,3652,  6.9250435E-01,  0.0000000E+00, -2.8030336E-02,  1.0002903E+03,  1.7274680E+04,3,
 -2.9552551E+02,  0.0000000E+00,  2.6771445E+02,3680,  7.7704209E-01,  0.0000000E+00, -8.4759928E-02,  1.0002054E+03,  1.2222829E+04,3,
 -2.9423196E+02,  0.0000000E+00,  2.6763907E+02,3692,  7.3801589E-01,  0.0000000E+00, -1.1788859E-01,  1.0002120E+03,  1.2611621E+04,3,
 -2.9301208E+02,  0.0000000E+00,  2.6749323E+02,3690,  7.6436466E-01,  0.0000000E+00, -1.2412693E-01,  1.0002124E+03,  1.2637057E+04,3,
 -2.9215326E+02,  0.0000000E+00,  2.6671072E+02,3671,  8.9452040E-01,  0.0000000E+00, -8.5172787E-02,  1.0002745E+03,  1.6336805E+04,3,
 -2.9074622E+02,  0.0000000E+00,  2.6780588E+02,3693,  7.6308310E-01,  0.0000000E+00, -3.9806090E-02,  1.0002164E+03,  1.2876881E+04,3,
 -2.9025201E+02,  0.0000000E+00,  2.6688132E+02,3643,  8.5922092E-01,  0.0000000E+00, -1.0332524E-02,  1.0003375E+03,  2.0085203E+04,3,
 -2.8875375E+02,  0.0000000E+00,  2.6669501E+02,3654,  7.6701349E-01,  0.0000000E+00, -7.2336993E-03,  1.0003334E+03,  1.9845205E+04,3,
 -2.8791943E+02,  0.0000000E+00,  2.6776926E+02,3691,  7.5409454E-01,  0.0000000E+00, -1.8793778E-02,  1.0002108E+03,  1.2538948E+04,3,
 -2.8698059E+02,  0.0000000E+00,  2.6680011E+02,3661,  8.3150625E-01,  0.0000000E+00, -3.2638356E-02,  1.0003096E+03,  1.8427152E+04,3,
 -2.8564435E+02,  0.0000000E+00,  2.6780634E+02,3683,  7.7288669E-01,  0.0000000E+00, -2.5821635E-02,  1.0002316E+03,  1.3778089E+04,3,
 -2.8502933E+02,  0.0000000E+00,  2.6642212E+02,3645,  8.4197092E-01,  0.0000000E+00,  6.5975107E-02,  1.0003292E+03,  1.9594305E+04,3,
 -2.8386768E+02,  0.0000000E+00,  2.6770068E+02,3682,  7.5677776E-01,  0.0000000E+00, -8.1260815E-02,  1.0002307E+03,  1.3727212E+04,3,
 -2.8263443E+02,  0.0000000E+00,  2.6674316E+02,3633,  9.6324724E-01,  0.0000000E+00, -1.2066371E-01,  1.0002976E+03,  1.7710932E+04,3,
 -2.8179596E+02,  0.0000000E+00,  2.6780951E+02,3684,  8.4172910E-01,  0.0000000E+00, -1.1856508E-01,  1.0002525E+03,  1.5024653E+04,3,
 -2.8053766E+02,  0.0000000E+00,  2.6760962E+02,3672,  8.7515801E-01,  0.0000000E+00, -1.0582660E-01,  1.0002836E+03,  1.6874799E+04,3,
 -2.7894168E+02,  0.0000000E+00,  2.6783109E+02,3674,  9.8064202E-01,  0.0000000E+00, -8.7056234E-02,  1.0002438E+03,  1.4508564E+04,3,
 -2.7889316E+02,  0.0000000E+00,  2.6656516E+02,3614,  7.4477410E-01,  0.0000000E+00, -7.2511338E-02,  1.0002703E+03,  1.6085992E+04,3,
 -2.7674649E+02,  0.0000000E+00,  2.6798108E+02,3675,  9.4881105E-01,  0.0000000E+00, -5.2809518E-02,  1.0002324E+03,  1.3825332E+04,3,
 -2.7688129E+02,  0.0000000E+00,  2.6675043E+02,3615,  8.2708246E-01,  0.0000000E+00, -3.7600894E-02,  1.0002697E+03,  1.6049643E+04,3,
 -2.7492648E+02,  0.0000000E+00,  2.6774954E+02,3673,  9.8255265E-01,  0.0000000E+00, -1.5737560E-02,  1.0002156E+03,  1.2826009E+04,3,
 -2.7453885E+02,  0.0000000E+00,  2.6673853E+02,3625,  9.1090149E-01,  0.0000000E+00,  3.4172047E-02,  1.0002560E+03,  1.5235458E+04,3,
 -2.7291614E+02,  0.0000000E+00,  2.6769373E+02,3665,  9.6726024E-01,  0.0000000E+00, -3.1503756E-02,  1.0002390E+03,  1.4221456E+04,3,
 -2.7200345E+02,  0.0000000E+00,  2.6650717E+02,3626,  8.3635014E-01,  0.0000000E+00, -1.0335980E-01,  1.0003762E+03,  2.2394572E+04,3,
 -2.7081348E+02,  0.0000000E+00,  2.6752554E+02,3664,  9.2717129E-01,  0.0000000E+00, -3.5818167E-02,  1.0002682E+03,  1.5958771E+04,3,
 -2.7020743E+02,  0.0000000E+00,  2.6629974E+02,3635,  9.7296655E-01,  0.0000000E+00, -2.7219612E-02,  1.0003427E+03,  2.0397938E+04,3,
 -2.6914697E+02,  0.0000000E+00,  2.6770651E+02,3666,  9.3645453E-01,  0.0000000E+00,  2.9813949E-02,  1.0002783E+03,  1.6562178E+04,3,
 -2.6770743E+02,  0.0000000E+00,  2.6741437E+02,3644,  8.9678138E-01,  0.0000000E+00,  7.8887597E-02,  1.0003038E+03,  1.8078125E+04,3,
 -2.6636282E+02,  0.0000000E+00,  2.6753146E+02,3656,  8.6098486E-01,  0.0000000E+00,  7.6943517E-02,  1.0002640E+03,  1.5707968E+04,3,
 -2.6495309E+02,  0.0000000E+00,  2.6751184E+02,3655,  9.4060200E-01,  0.0000000E+00,  8.1543952E-02,  1.0002337E+03,  1.3905282E+04,3,
 -2.6477139E+02,  0.0000000E+00,  2.6651175E+02,3598,  7.7443558E-01,  0.0000000E+00,  3.1708214E-02,  1.0002830E+03,  1.6838447E+04,3,
 -2.6282675E+02,  0.0000000E+00,  2.6766135E+02,3657,  8.0879223E-01,  0.0000000E+00,  8.6215697E-02,  1.0002346E+03,  1.3959794E+04,3,
 -2.6261752E+02,  0.0000000E+00,  2.6646939E+02,3607,  1.0048438E+00,  0.0000000E+00,  1.4834708E-01,  1.0003555E+03,  2.1161631E+04,3,
 -2.6101743E+02,  0.0000000E+00,  2.6732187E+02,3646,  6.9389886E-01,  0.0000000E+00, -4.0521398E-02,  1.0002948E+03,  1.7543699E+04,3,
 -2.5971136E+02,  0.0000000E+00,  2.6771368E+02,3647,  9.3747234E-01,  0.0000000E+00, -1.8334119E-01,  1.0002235E+03,  1.3298403E+04,3,
 -2.5965878E+02,  0.0000000E+00,  2.6655026E+02,3580,  6.6941041E-01,  0.0000000E+00, -2.0248534E-01,  1.0003192E+03,  1.8997986E+04,3,
 -2.5809317E+02,  0.0000000E+00,  2.6743597E+02,3636,  1.0580384E+00,  0.0000000E+00, -1.8381155E-01,  1.0002474E+03,  1.4719358E+04,3,
 -2.5619913E+02,  0.0000000E+00,  2.6663306E+02,3588,  9.0715808E-01,  0.0000000E+00,  2.8761281E-02,  1.0003036E+03,  1.8070854E+04,3,
 -2.5621741E+02,  0.0000000E+00,  2.6763736E+02,3648,  9.7561091E-01,  0.0000000E+00, -9.4335172E-03,  1.0002141E+03,  1.2735166E+04,3,
 -2.5461954E+02,  0.0000000E+00,  2.6674509E+02,3616,  8.5789096E-01,  0.0000000E+00,  1.8321734E-02,  1.0002733E+03,  1.6264104E+04,3,
 -2.5327429E+02,  0.0000000E+00,  2.6770245E+02,3638,  9.0084535E-01,  0.0000000E+00, -5.7730149E-02,  1.0002168E+03,  1.2898684E+04,3,
 -2.5311421E+02,  0.0000000E+00,  2.6673874E+02,3608,  9.1148734E-01,  0.0000000E+00, -9.3093291E-02,  1.0003210E+03,  1.9107066E+04,3,
 -2.5153613E+02,  0.0000000E+00,  2.6646057E+02,3609,  9.9802876E-01,  0.0000000E+00, -1.2175647E-01,  1.0002791E+03,  1.6609434E+04,3,
 -2.5074539E+02,  0.0000000E+00,  2.6751395E+02,3637,  9.4159120E-01,  0.0000000E+00, -2.7374497E-02,  1.0002555E+03,  1.5202747E+04,3,
 -2.4937733E+02,  0.0000000E+00,  2.6752466E+02,3639,  8.7657410E-01,  0.0000000E+00,  1.3937326E-02,  1.0002549E+03,  1.5166401E+04,3,
 -2.4829623E+02,  0.0000000E+00,  2.6730698E+02,3617,  8.1349248E-01,  0.0000000E+00, -4.0492290E-04,  1.0002285E+03,  1.3596388E+04,3,
 -2.4710544E+02,  0.0000000E+00,  2.6742154E+02,3629,  8.6254340E-01,  0.0000000E+00, -6.2619537E-02,  1.0001311E+03,  7.7982119E+03,3,
 -2.4593898E+02,  0.0000000E+00,  2.6727243E+02,3628,  1.1264497E+00,  0.0000000E+00, -1.1646123E-01,  1.0000583E+03,  3.4663250E+03,3,
 -2.4598428E+02,  0.0000000E+00,  2.6543790E+02,3600,  4.5542318E-01,  0.0000000E+00,  3.0016142E-01,  1.0014306E+03,  8.5426648E+04,3,
 -2.4410854E+02,  0.0000000E+00,  2.6743942E+02,3630,  1.0671831E+00,  0.0000000E+00, -6.8961903E-02,  1.0001886E+03,  1.1220033E+04,3,
 -2.4329469E+02,  0.0000000E+00,  2.6657254E+02,3561,  1.2447008E+00,  0.0000000E+00,  1.1669276E-03,  1.0002964E+03,  1.7638223E+04,3,
 -2.4172647E+02,  0.0000000E+00,  2.6660861E+02,3590,  1.0682083E+00,  0.0000000E+00,  4.2408079E-02,  1.0003227E+03,  1.9205238E+04,3,
 -2.4178497E+02,  0.0000000E+00,  2.6760587E+02,3618,  1.0013181E+00,  0.0000000E+00,  1.6843984E-02,  1.0002166E+03,  1.2887782E+04,3,
 -2.4012080E+02,  0.0000000E+00,  2.6654013E+02,3571,  1.1172724E+00,  0.0000000E+00, -5.7925223E-03,  1.0003276E+03,  1.9496127E+04,3,
 -2.3892374E+02,  0.0000000E+00,  2.6754895E+02,3620,  1.1742878E+00,  0.0000000E+00,  4.2179830E-02,  1.0002358E+03,  1.4028843E+04,3,
 -2.3822124E+02,  0.0000000E+00,  2.6654279E+02,3599,  1.0600209E+00,  0.0000000E+00,  8.0717176E-02,  1.0003307E+03,  1.9681574E+04,3,
 -2.3636787E+02,  0.0000000E+00,  2.6746527E+02,3621,  1.0147262E+00,  0.0000000E+00,  1.8843731E-02,  1.0002492E+03,  1.4828391E+04,3,
 -2.3677147E+02,  0.0000000E+00,  2.6623346E+02,3591,  1.0940993E+00,  0.0000000E+00, -2.9372019E-04,  1.0002374E+03,  1.4123332E+04,3,
 -2.3497029E+02,  0.0000000E+00,  2.6718304E+02,3619,  1.0855073E+00,  0.0000000E+00, -2.0358946E-02,  1.0002688E+03,  1.5995119E+04,3,
 -2.3384834E+02,  0.0000000E+00,  2.6697519E+02,3589,  1.1518207E+00,  0.0000000E+00, -1.8588578E-02,  1.0002573E+03,  1.5311785E+04,3,
 -2.3244807E+02,  0.0000000E+00,  2.6726001E+02,3611,  1.0885216E+00,  0.0000000E+00,  8.8765575E-03,  1.0002281E+03,  1.3570949E+04,3,
 -2.3162239E+02,  0.0000000E+00,  2.6642859E+02,3562,  1.0592500E+00,  0.0000000E+00,  6.0506072E-03,  1.0002850E+03,  1.6962045E+04,3,
 -2.3046016E+02,  0.0000000E+00,  2.6708264E+02,3610,  1.0430489E+00,  0.0000000E+00, -3.1591163E-03,  1.0002490E+03,  1.4813854E+04,3,
 -2.2928822E+02,  0.0000000E+00,  2.6649527E+02,3544,  1.0482348E+00,  0.0000000E+00, -2.1532733E-02,  1.0003381E+03,  2.0125203E+04,3,
 -2.2834174E+02,  0.0000000E+00,  2.6736722E+02,3612,  1.0571909E+00,  0.0000000E+00, -3.2878444E-02,  1.0002445E+03,  1.4548542E+04,3,
 -2.2735841E+02,  0.0000000E+00,  2.6636768E+02,3554,  1.0942650E+00,  0.0000000E+00, -1.5691118E-02,  1.0003264E+03,  1.9427041E+04,3,
 -2.2604543E+02,  0.0000000E+00,  2.6742084E+02,3602,  1.1180726E+00,  0.0000000E+00, -5.7547949E-02,  1.0002621E+03,  1.5598925E+04,3,
 -2.2530074E+02,  0.0000000E+00,  2.6612747E+02,3563,  1.0155632E+00,  0.0000000E+00, -8.4468365E-02,  1.0002236E+03,  1.3305671E+04,3,
 -2.2431903E+02,  0.0000000E+00,  2.6727417E+02,3601,  1.0371475E+00,  0.0000000E+00, -1.0019777E-01,  1.0002858E+03,  1.7009303E+04,3,
 -2.2277596E+02,  0.0000000E+00,  2.6740225E+02,3603,  1.2135025E+00,  0.0000000E+00, -6.3406922E-02,  1.0002604E+03,  1.5493519E+04,3,
 -2.2236705E+02,  0.0000000E+00,  2.6640405E+02,3553,  1.0370530E+00,  0.0000000E+00, -2.6278012E-02,  1.0003418E+03,  2.0343391E+04,3,
 -2.2057265E+02,  0.0000000E+00,  2.6728891E+02,3582,  1.2187262E+00,  0.0000000E+00,  1.0774278E-02,  1.0002242E+03,  1.3342011E+04,3,
 -2.2010260E+02,  0.0000000E+00,  2.6643207E+02,3573,  1.0774401E+00,  0.0000000E+00,  2.7165355E-02,  1.0002671E+03,  1.5893344E+04,3,
 -2.1902748E+02,  0.0000000E+00,  2.6626709E+02,3555,  9.8257196E-01,  0.0000000E+00,  2.7432514E-02,  1.0001656E+03,  9.8504365E+03,3,
 -2.1799492E+02,  0.0000000E+00,  2.6733566E+02,3593,  1.1954082E+00,  0.0000000E+00, -3.6211152E-02,  1.0002388E+03,  1.4206919E+04,3,
 -2.1659892E+02,  0.0000000E+00,  2.6721277E+02,3592,  1.0940486E+00,  0.0000000E+00, -5.8408823E-02,  1.0002410E+03,  1.4337752E+04,3,
 -2.1503812E+02,  0.0000000E+00,  2.6649576E+02,3572,  1.1013790E+00,  0.0000000E+00, -5.0442245E-02,  1.0001232E+03,  7.3297104E+03,3,
 -2.1463040E+02,  0.0000000E+00,  2.6742444E+02,3594,  1.1934522E+00,  0.0000000E+00, -3.3269972E-02,  1.0002394E+03,  1.4246896E+04,3,
 -2.1292035E+02,  0.0000000E+00,  2.6727042E+02,3584,  1.1454678E+00,  0.0000000E+00, -7.3363096E-03,  1.0002608E+03,  1.5518961E+04,3,
 -2.1201163E+02,  0.0000000E+00,  2.6645135E+02,3534,  1.0877064E+00,  0.0000000E+00, -1.1684502E-02,  1.0002094E+03,  1.2455376E+04,3,
 -2.1090813E+02,  0.0000000E+00,  2.6728616E+02,3583,  1.1991087E+00,  0.0000000E+00, -4.5737445E-02,  1.0002335E+03,  1.3894380E+04,3,
 -2.0989494E+02,  0.0000000E+00,  2.6652597E+02,3516,  1.1655183E+00,  0.0000000E+00, -3.7554994E-02,  1.0002711E+03,  1.6133246E+04,3,
 -2.0852489E+02,  0.0000000E+00,  2.6745355E+02,3585,  1.2001765E+00,  0.0000000E+00, -1.9549692E-02,  1.0002285E+03,  1.3592753E+04,3,
 -2.0805887E+02,  0.0000000E+00,  2.6653333E+02,3488,  1.1499344E+00,  0.0000000E+00, -1.8708020E-02,  1.0001976E+03,  1.1757752E+04,3,
 -2.0623737E+02,  0.0000000E+00,  2.6636993E+02,3525,  1.3203624E+00,  0.0000000E+00, -5.4980867E-02,  1.0002233E+03,  1.3287502E+04,3,
 -2.0579419E+02,  0.0000000E+00,  2.6740384E+02,3575,  1.0406913E+00,  0.0000000E+00, -1.8132729E-02,  1.0002504E+03,  1.4897446E+04,3,
 -2.0421208E+02,  0.0000000E+00,  2.6639838E+02,3507,  1.0391234E+00,  0.0000000E+00,  5.4756431E-03,  1.0003314E+03,  1.9721572E+04,3,
 -2.0364960E+02,  0.0000000E+00,  2.6732764E+02,3574,  1.2365403E+00,  0.0000000E+00, -2.6275262E-02,  1.0002609E+03,  1.5522596E+04,3,
 -2.0176556E+02,  0.0000000E+00,  2.6710440E+02,3564,  1.2473261E+00,  0.0000000E+00, -2.7987726E-02,  1.0002379E+03,  1.4152405E+04,3,
 -2.0158873E+02,  0.0000000E+00,  2.6622482E+02,3499,  1.0178121E+00,  0.0000000E+00, -1.3665199E-02,  1.0002026E+03,  1.2055689E+04,3,
 -1.9986133E+02,  0.0000000E+00,  2.6706760E+02,3576,  1.1826149E+00,  0.0000000E+00, -1.2016793E-02,  1.0002890E+03,  1.7198338E+04,3,
 -1.9864310E+02,  0.0000000E+00,  2.6710806E+02,3545,  1.1018391E+00,  0.0000000E+00, -6.1043113E-02,  1.0002840E+03,  1.6900246E+04,3,
 -1.9750098E+02,  0.0000000E+00,  2.6620261E+02,3518,  1.1572944E+00,  0.0000000E+00, -1.2488447E-01,  1.0001663E+03,  9.8903955E+03,3,
 -1.9651299E+02,  0.0000000E+00,  2.6742346E+02,3566,  1.1843965E+00,  0.0000000E+00, -1.2506366E-01,  1.0002582E+03,  1.5366305E+04,3,
 -1.9571671E+02,  0.0000000E+00,  2.6623746E+02,3526,  1.1483686E+00,  0.0000000E+00, -1.1056589E-01,  1.0003221E+03,  1.9172514E+04,3,
 -1.9417607E+02,  0.0000000E+00,  2.6729236E+02,3565,  1.3868395E+00,  0.0000000E+00, -1.1114386E-02,  1.0002307E+03,  1.3723578E+04,3,
 -1.9395146E+02,  0.0000000E+00,  2.6626816E+02,3527,  1.2136981E+00,  0.0000000E+00,  9.0065226E-02,  1.0002566E+03,  1.5268170E+04,3,
 -1.9203996E+02,  0.0000000E+00,  2.6717615E+02,3567,  1.1933078E+00,  0.0000000E+00,  3.0473202E-02,  1.0002573E+03,  1.5308150E+04,3,
 -1.9113736E+02,  0.0000000E+00,  2.6611227E+02,3519,  1.2587879E+00,  0.0000000E+00, -1.0241541E-02,  1.0002842E+03,  1.6914787E+04,3,
 -1.8987822E+02,  0.0000000E+00,  2.6717102E+02,3557,  1.1876570E+00,  0.0000000E+00, -2.0317256E-03,  1.0002501E+03,  1.4882908E+04,3,
 -1.8966051E+02,  0.0000000E+00,  2.6597629E+02,3528,  1.1639636E+00,  0.0000000E+00, -3.2101793E-03,  1.0002495E+03,  1.4842929E+04,3,
 -1.8827095E+02,  0.0000000E+00,  2.6677756E+02,3535,  1.2635477E+00,  0.0000000E+00, -1.5925985E-02,  1.0002977E+03,  1.7714566E+04,3,
 -1.8701823E+02,  0.0000000E+00,  2.6699240E+02,3556,  1.2353760E+00,  0.0000000E+00,  2.7095728E-02,  1.0002972E+03,  1.7689119E+04,3,
 -1.8564091E+02,  0.0000000E+00,  2.6690881E+02,3536,  1.1784630E+00,  0.0000000E+00,  3.7804361E-02,  1.0002756E+03,  1.6402234E+04,3,
 -1.8480280E+02,  0.0000000E+00,  2.6622729E+02,3517,  1.2043110E+00,  0.0000000E+00,  6.4736679E-02,  1.0002485E+03,  1.4784777E+04,3,
 -1.8356081E+02,  0.0000000E+00,  2.6728784E+02,3558,  1.2374927E+00,  0.0000000E+00, -4.0232316E-02,  1.0002426E+03,  1.4432243E+04,3,
 -1.8290399E+02,  0.0000000E+00,  2.6620572E+02,3537,  1.2372168E+00,  0.0000000E+00, -8.3774768E-02,  1.0002418E+03,  1.4384997E+04,3,
 -1.8078079E+02,  0.0000000E+00,  2.6724527E+02,3546,  1.4083158E+00,  0.0000000E+00, -5.9800535E-02,  1.0002419E+03,  1.4392266E+04,3,
 -1.8120804E+02,  0.0000000E+00,  2.6630276E+02,3500,  1.0572727E+00,  0.0000000E+00, -7.6666258E-02,  1.0003314E+03,  1.9721572E+04,3,
 -1.7652791E+02,  0.0000000E+00,  2.6501932E+02,3435,  1.1937726E+00,  0.0000000E+00,  1.6830675E-01,  1.0014103E+03,  8.4207852E+04,3,
 -1.7968163E+02,  0.0000000E+00,  2.6631039E+02,3434,  1.3156903E+00,  0.0000000E+00, -3.0581040E-02,  1.0002457E+03,  1.4621229E+04,3,
 -1.7835509E+02,  0.0000000E+00,  2.6706113E+02,3548,  1.1581306E+00,  0.0000000E+00, -3.4395024E-02,  1.0001925E+03,  1.1452557E+04,3,
 -1.7708922E+02,  0.0000000E+00,  2.6699387E+02,3549,  1.2002728E+00,  0.0000000E+00, -9.1931000E-02,  1.0001266E+03,  7.5294565E+03,3,
 -1.7532933E+02,  0.0000000E+00,  2.6679205E+02,3547,  1.5574483E+00,  0.0000000E+00, -1.3681022E-02,  1.0001568E+03,  9.3273516E+03,3,
 -1.7412975E+02,  0.0000000E+00,  2.6654776E+02,3538,  1.3271066E+00,  0.0000000E+00, -7.2720125E-03,  1.0002387E+03,  1.4203284E+04,3,
 -1.7322095E+02,  0.0000000E+00,  2.6644339E+02,3425,  1.3022858E+00,  0.0000000E+00, -4.0467635E-02,  1.0002706E+03,  1.6100531E+04,3,
 -1.7228284E+02,  0.0000000E+00,  2.6639102E+02,3398,  1.4001012E+00,  0.0000000E+00, -6.7831218E-02,  1.0002915E+03,  1.7347387E+04,3,
 -1.7104562E+02,  0.0000000E+00,  2.6611414E+02,3426,  1.5351404E+00,  0.0000000E+00, -3.8988549E-02,  1.0004258E+03,  2.5352076E+04,3,
 -1.7017809E+02,  0.0000000E+00,  2.6702795E+02,3539,  1.3023962E+00,  0.0000000E+00,  6.2780097E-02,  1.0002869E+03,  1.7071104E+04,3,
 -1.6874342E+02,  0.0000000E+00,  2.6713910E+02,3540,  1.2409542E+00,  0.0000000E+00,  4.8591532E-02,  1.0002983E+03,  1.7750922E+04,3,
 -1.6756848E+02,  0.0000000E+00,  2.6593698E+02,3408,  1.1746709E+00,  0.0000000E+00,  5.3003430E-02,  1.0004633E+03,  2.7586248E+04,3,
 -1.6693620E+02,  0.0000000E+00,  2.6708853E+02,3530,  1.4963266E+00,  0.0000000E+00,  7.0490148E-03,  1.0002587E+03,  1.5395382E+04,3,
 -1.6512581E+02,  0.0000000E+00,  2.6692783E+02,3529,  1.3181933E+00,  0.0000000E+00, -1.3582909E-02,  1.0002499E+03,  1.4872005E+04,3,
 -1.6461894E+02,  0.0000000E+00,  2.6618921E+02,3462,  1.3191389E+00,  0.0000000E+00, -3.7535150E-02,  1.0003811E+03,  2.2685555E+04,3,
 -1.6301796E+02,  0.0000000E+00,  2.6618506E+02,3443,  1.2388083E+00,  0.0000000E+00, -6.4429805E-02,  1.0004086E+03,  2.4322488E+04,3,
 -1.6237160E+02,  0.0000000E+00,  2.6706430E+02,3531,  1.3789610E+00,  0.0000000E+00, -7.0189275E-02,  1.0002372E+03,  1.4116063E+04,3,
 -1.6122169E+02,  0.0000000E+00,  2.6614426E+02,3453,  1.3602188E+00,  0.0000000E+00, -5.2822955E-02,  1.0003757E+03,  2.2365475E+04,3,
 -1.5981680E+02,  0.0000000E+00,  2.6706635E+02,3521,  1.3720062E+00,  0.0000000E+00, -6.3513607E-02,  1.0002595E+03,  1.5442633E+04,3,
 -1.5895831E+02,  0.0000000E+00,  2.6605936E+02,3454,  1.4265336E+00,  0.0000000E+00, -4.6712022E-02,  1.0004161E+03,  2.4773602E+04,3,
 -1.5763557E+02,  0.0000000E+00,  2.6705722E+02,3520,  1.3689829E+00,  0.0000000E+00, -6.5500729E-02,  1.0002492E+03,  1.4828391E+04,3,
 -1.5676900E+02,  0.0000000E+00,  2.6611014E+02,3463,  1.2644991E+00,  0.0000000E+00, -9.6814536E-02,  1.0003453E+03,  2.0554307E+04,3,
 -1.5527449E+02,  0.0000000E+00,  2.6602621E+02,3481,  1.3010393E+00,  0.0000000E+00, -9.5345587E-02,  1.0003652E+03,  2.1739895E+04,3,
 -1.5493501E+02,  0.0000000E+00,  2.6709601E+02,3490,  1.5092146E+00,  0.0000000E+00, -5.9613381E-02,  1.0002294E+03,  1.3650897E+04,3,
 -1.5354948E+02,  0.0000000E+00,  2.6616763E+02,3482,  1.4193866E+00,  0.0000000E+00,  3.5710618E-02,  1.0003275E+03,  1.9488855E+04,3,
 -1.5199599E+02,  0.0000000E+00,  2.6720804E+02,3522,  1.4234064E+00,  0.0000000E+00,  3.5310104E-02,  1.0002391E+03,  1.4228724E+04,3,
 -1.5187363E+02,  0.0000000E+00,  2.6593497E+02,3474,  1.2517262E+00,  0.0000000E+00,  4.8930660E-02,  1.0003300E+03,  1.9637939E+04,3,
 -1.5020097E+02,  0.0000000E+00,  2.6670151E+02,3491,  1.4307214E+00,  0.0000000E+00,  3.7455168E-02,  1.0003176E+03,  1.8899814E+04,3,
 -1.4892123E+02,  0.0000000E+00,  2.6669495E+02,3512,  1.3505923E+00,  0.0000000E+00,  7.6716490E-02,  1.0003292E+03,  1.9594305E+04,3,
 -1.4769339E+02,  0.0000000E+00,  2.6644641E+02,3511,  1.2877585E+00,  0.0000000E+00,  6.6770293E-02,  1.0003517E+03,  2.0936152E+04,3,
 -1.4668492E+02,  0.0000000E+00,  2.6691974E+02,3513,  1.3310442E+00,  0.0000000E+00,  3.8616136E-02,  1.0002659E+03,  1.5824281E+04,3,
 -1.4525665E+02,  0.0000000E+00,  2.6671698E+02,3501,  1.3534234E+00,  0.0000000E+00,  3.3762425E-02,  1.0002626E+03,  1.5624368E+04,3,
 -1.4434845E+02,  0.0000000E+00,  2.6617950E+02,3472,  1.5303651E+00,  0.0000000E+00,  7.1242511E-02,  1.0003169E+03,  1.8859820E+04,3,
 -1.4287933E+02,  0.0000000E+00,  2.6705951E+02,3503,  1.3244218E+00,  0.0000000E+00,  5.3110838E-02,  1.0002388E+03,  1.4206919E+04,3,
 -1.4206870E+02,  0.0000000E+00,  2.6615652E+02,3427,  1.2612398E+00,  0.0000000E+00,  1.7508984E-02,  1.0003174E+03,  1.8892543E+04,3,
 -1.4081863E+02,  0.0000000E+00,  2.6624173E+02,3380,  1.2529310E+00,  0.0000000E+00, -8.4793955E-02,  1.0003262E+03,  1.9416133E+04,3,
 -1.3980202E+02,  0.0000000E+00,  2.6708569E+02,3502,  1.3906142E+00,  0.0000000E+00, -8.6786948E-02,  1.0002519E+03,  1.4988309E+04,3,
 -1.3885536E+02,  0.0000000E+00,  2.6610443E+02,3473,  1.3182254E+00,  0.0000000E+00, -9.1644078E-02,  1.0003063E+03,  1.8230824E+04,3,
 -1.3772539E+02,  0.0000000E+00,  2.6580511E+02,3464,  1.3222246E+00,  0.0000000E+00, -5.3340808E-02,  1.0002164E+03,  1.2876881E+04,3,
 -1.3688081E+02,  0.0000000E+00,  2.6689355E+02,3504,  1.4863172E+00,  0.0000000E+00, -1.2241154E-02,  1.0002691E+03,  1.6013294E+04,3,
 -1.3545164E+02,  0.0000000E+00,  2.6661954E+02,3492,  1.2804890E+00,  0.0000000E+00,  6.3933499E-02,  1.0003232E+03,  1.9234328E+04,3,
 -1.3415671E+02,  0.0000000E+00,  2.6652206E+02,3483,  1.1683435E+00,  0.0000000E+00, -1.2480326E-02,  1.0003492E+03,  2.0783412E+04,3,
 -1.3275000E+02,  0.0000000E+00,  2.6682584E+02,3494,  1.2611228E+00,  0.0000000E+00, -3.9559506E-02,  1.0003351E+03,  1.9947021E+04,3,
 -1.3241682E+02,  0.0000000E+00,  2.6554355E+02,3446,  1.5152613E+00,  0.0000000E+00,  3.3543192E-02,  9.9989850E+02, -6.0332310E+03,3,
 -1.3119411E+02,  0.0000000E+00,  2.6682108E+02,3495,  1.3905963E+00,  0.0000000E+00, -1.6951899E-03,  1.0003472E+03,  2.0663404E+04,3,
 -1.2981737E+02,  0.0000000E+00,  2.6662357E+02,3493,  1.2655383E+00,  0.0000000E+00,  2.1812676E-02,  1.0003146E+03,  1.8721654E+04,3,
 -1.2907422E+02,  0.0000000E+00,  2.6615024E+02,3299,  1.3054867E+00,  0.0000000E+00,  2.7551685E-02,  1.0003130E+03,  1.8630758E+04,3,
 -1.2770306E+02,  0.0000000E+00,  2.6598114E+02,3401,  1.3886397E+00,  0.0000000E+00,  1.8662913E-02,  1.0001787E+03,  1.0631483E+04,3,
 -1.2695552E+02,  0.0000000E+00,  2.6695081E+02,3485,  1.4666731E+00,  0.0000000E+00,  1.7794892E-03,  1.0002322E+03,  1.3818064E+04,3,
 -1.2544961E+02,  0.0000000E+00,  2.6667615E+02,3484,  1.3038591E+00,  0.0000000E+00, -3.4840603E-03,  1.0002653E+03,  1.5784299E+04,3,
 -1.2416397E+02,  0.0000000E+00,  2.6581485E+02,3465,  1.4195005E+00,  0.0000000E+00, -9.3779676E-03,  1.0003464E+03,  2.0619766E+04,3,
 -1.2351589E+02,  0.0000000E+00,  2.6703192E+02,3486,  1.3501673E+00,  0.0000000E+00, -2.6793201E-02,  1.0002809E+03,  1.6714852E+04,3,
 -1.2226421E+02,  0.0000000E+00,  2.6583554E+02,3447,  1.3544114E+00,  0.0000000E+00, -2.3927763E-02,  1.0002383E+03,  1.4181479E+04,3,
 -1.2119111E+02,  0.0000000E+00,  2.6566006E+02,3456,  1.3217717E+00,  0.0000000E+00, -6.3238613E-02,  1.0001270E+03,  7.5548789E+03,3,
 -1.2091256E+02,  0.0000000E+00,  2.6696906E+02,3476,  1.4293596E+00,  0.0000000E+00, -7.7454753E-02,  1.0002943E+03,  1.7510980E+04,3,
 -1.1917701E+02,  0.0000000E+00,  2.6674213E+02,3475,  1.3843501E+00,  0.0000000E+00, -7.4653648E-02,  1.0002808E+03,  1.6707582E+04,3,
 -1.1816663E+02,  0.0000000E+00,  2.6629462E+02,3455,  1.4757546E+00,  0.0000000E+00, -3.8715608E-02,  1.0002314E+03,  1.3770821E+04,3,
 -1.1688202E+02,  0.0000000E+00,  2.6618097E+02,3363,  1.4149771E+00,  0.0000000E+00, -3.0516177E-02,  1.0001921E+03,  1.1427124E+04,3,
 -1.1583908E+02,  0.0000000E+00,  2.6624042E+02,3372,  1.4005895E+00,  0.0000000E+00, -5.8858950E-02,  1.0002234E+03,  1.3291136E+04,3,
 -1.1480473E+02,  0.0000000E+00,  2.6703568E+02,3477,  1.4721755E+00,  0.0000000E+00, -5.3254493E-02,  1.0002510E+03,  1.4933791E+04,3,
 -1.1385001E+02,  0.0000000E+00,  2.6599539E+02,3382,  1.4574826E+00,  0.0000000E+00, -3.7636094E-02,  1.0002112E+03,  1.2568018E+04,3,
 -1.1247294E+02,  0.0000000E+00,  2.6675986E+02,3467,  1.4490013E+00,  0.0000000E+00, -3.8027852E-03,  1.0002586E+03,  1.5388112E+04,3,
 -1.1107886E+02,  0.0000000E+00,  2.6663464E+02,3466,  1.4392866E+00,  0.0000000E+00,  1.1427599E-02,  1.0002440E+03,  1.4515833E+04,3,
 -1.1027477E+02,  0.0000000E+00,  2.6589920E+02,3353,  1.4301628E+00,  0.0000000E+00,  1.7760753E-03,  1.0002061E+03,  1.2262798E+04,3,
 -1.0886772E+02,  0.0000000E+00,  2.6589484E+02,3418,  1.3760743E+00,  0.0000000E+00,  2.0037210E-02,  1.0003057E+03,  1.8194467E+04,3,
 -1.0823388E+02,  0.0000000E+00,  2.6692685E+02,3468,  1.4041948E+00,  0.0000000E+00, -6.7413240E-03,  1.0002655E+03,  1.5798838E+04,3,
 -1.0711314E+02,  0.0000000E+00,  2.6586954E+02,3344,  1.4192401E+00,  0.0000000E+00, -9.7141471E-03,  1.0002957E+03,  1.7598232E+04,3,
 -1.0553818E+02,  0.0000000E+00,  2.6692615E+02,3458,  1.4674593E+00,  0.0000000E+00, -7.4226767E-02,  1.0002563E+03,  1.5249997E+04,3,
 -1.0493163E+02,  0.0000000E+00,  2.6601306E+02,3326,  1.4747038E+00,  0.0000000E+00, -8.6760759E-02,  1.0002665E+03,  1.5860630E+04,3,
 -1.0346651E+02,  0.0000000E+00,  2.6586188E+02,3400,  1.3999735E+00,  0.0000000E+00, -1.0551164E-01,  1.0002599E+03,  1.5468075E+04,3,
 -1.0246407E+02,  0.0000000E+00,  2.6588596E+02,3410,  1.5492584E+00,  0.0000000E+00, -9.1202743E-02,  1.0002756E+03,  1.6402234E+04,3,
 -1.0161524E+02,  0.0000000E+00,  2.6679312E+02,3457,  1.4356006E+00,  0.0000000E+00, -4.2317588E-02,  1.0002525E+03,  1.5024653E+04,3,
 -1.0031396E+02,  0.0000000E+00,  2.6649344E+02,3428,  1.5163246E+00,  0.0000000E+00,  3.6614889E-04,  1.0002495E+03,  1.4846563E+04,3,
 -9.8254456E+01,  0.0000000E+00,  2.6660040E+02,3459,  1.6531388E+00,  0.0000000E+00,  5.3886227E-02,  1.0002560E+03,  1.5235458E+04,3,
 -9.6752121E+01,  0.0000000E+00,  2.6656097E+02,3448,  1.5150737E+00,  0.0000000E+00,  1.7860224E-02,  1.0002465E+03,  1.4664842E+04,3,
 -9.6027611E+01,  0.0000000E+00,  2.6583359E+02,3300,  1.5216970E+00,  0.0000000E+00, -9.0032965E-03,  1.0001470E+03,  8.7425459E+03,3,
 -9.4639572E+01,  0.0000000E+00,  2.6667316E+02,3449,  1.6447165E+00,  0.0000000E+00, -4.1070439E-02,  1.0002436E+03,  1.4494026E+04,3,
 -9.3310654E+01,  0.0000000E+00,  2.6618723E+02,3409,  1.4851763E+00,  0.0000000E+00, -4.2056270E-02,  1.0002814E+03,  1.6743934E+04,3,
 -9.1922173E+01,  0.0000000E+00,  2.6695316E+02,3450,  1.5970733E+00,  0.0000000E+00, -2.2828879E-02,  1.0002892E+03,  1.7212879E+04,3,
 -9.1198433E+01,  0.0000000E+00,  2.6598154E+02,3383,  1.4995493E+00,  0.0000000E+00, -3.7289929E-02,  1.0001833E+03,  1.0907589E+04,3,
 -9.0261642E+01,  0.0000000E+00,  2.6572684E+02,3402,  1.6269869E+00,  0.0000000E+00, -3.6047250E-02,  1.0000033E+03,  1.9596928E+02,3,
 -8.9119705E+01,  0.0000000E+00,  2.6648639E+02,3438,  1.5827882E+00,  0.0000000E+00,  1.8035412E-02,  1.0002356E+03,  1.4017940E+04,3,
 -8.7789101E+01,  0.0000000E+00,  2.6649435E+02,3440,  1.5547074E+00,  0.0000000E+00,  7.2069637E-02,  1.0002490E+03,  1.4813854E+04,3,
 -8.6348297E+01,  0.0000000E+00,  2.6634631E+02,3439,  1.4099724E+00,  0.0000000E+00,  6.4287633E-02,  1.0002374E+03,  1.4123332E+04,3,
 -8.5092331E+01,  0.0000000E+00,  2.6631757E+02,3429,  1.4063030E+00,  0.0000000E+00, -4.9569677E-03,  1.0001875E+03,  1.1154638E+04,3,
 -8.3993591E+01,  0.0000000E+00,  2.6606857E+02,3419,  1.4167753E+00,  0.0000000E+00, -6.1586846E-02,  1.0001835E+03,  1.0918488E+04,3,
 -8.3011070E+01,  0.0000000E+00,  2.6606897E+02,3346,  1.4155428E+00,  0.0000000E+00, -5.8028117E-02,  1.0002571E+03,  1.5297247E+04,3,
 -8.2052765E+01,  0.0000000E+00,  2.6578000E+02,3392,  1.5320381E+00,  0.0000000E+00,  4.3939371E-03,  1.0004496E+03,  2.6771117E+04,3,
 -8.0953964E+01,  0.0000000E+00,  2.6669342E+02,3441,  1.5075332E+00,  0.0000000E+00,  4.5340266E-02,  1.0002749E+03,  1.6358614E+04,3,
 -7.9587379E+01,  0.0000000E+00,  2.6646094E+02,3431,  1.5174360E+00,  0.0000000E+00,  9.0626344E-02,  1.0002679E+03,  1.5940597E+04,3,
 -7.7888992E+01,  0.0000000E+00,  2.6635254E+02,3430,  1.4449755E+00,  0.0000000E+00,  5.7688836E-02,  1.0002592E+03,  1.5424459E+04,3,
 -7.6846756E+01,  0.0000000E+00,  2.6634628E+02,3420,  1.4273288E+00,  0.0000000E+00,  4.3042168E-02,  1.0002885E+03,  1.7169256E+04,3,
 -7.5980217E+01,  0.0000000E+00,  2.6610388E+02,3411,  1.4808348E+00,  0.0000000E+00,  5.6019951E-02,  1.0003511E+03,  2.0896148E+04,3,
 -7.4537514E+01,  0.0000000E+00,  2.6576257E+02,3356,  1.3868506E+00,  0.0000000E+00,  2.6970256E-02,  1.0002853E+03,  1.6976586E+04,3,
 -7.4076347E+01,  0.0000000E+00,  2.6665649E+02,3432,  1.5979726E+00,  0.0000000E+00, -7.8892298E-02,  1.0002177E+03,  1.2949556E+04,3,
 -7.2337608E+01,  0.0000000E+00,  2.6646301E+02,3422,  1.6169786E+00,  0.0000000E+00, -2.1000013E-01,  1.0002595E+03,  1.5438998E+04,3,
 -7.0377457E+01,  0.0000000E+00,  2.6652853E+02,3421,  1.4180483E+00,  0.0000000E+00, -2.4802852E-01,  1.0002252E+03,  1.3400153E+04,3,
 -7.0043846E+01,  0.0000000E+00,  2.6574374E+02,3365,  1.7256041E+00,  0.0000000E+00, -2.4589716E-01,  1.0001833E+03,  1.0903956E+04,3,
 -6.9601486E+01,  0.0000000E+00,  2.6556409E+02,3384,  2.0055816E+00,  0.0000000E+00, -2.1625352E-01,  1.0001552E+03,  9.2329082E+03,3,
 -6.8061295E+01,  0.0000000E+00,  2.6670053E+02,3423,  1.5804060E+00,  0.0000000E+00, -4.4722483E-03,  1.0002777E+03,  1.6525826E+04,3,
 -6.6890266E+01,  0.0000000E+00,  2.6547882E+02,3310,  1.3250264E+00,  0.0000000E+00,  1.9280760E-01,  1.0004489E+03,  2.6723812E+04,3,
 -6.6027672E+01,  0.0000000E+00,  2.6627716E+02,3413,  2.0253747E+00,  0.0000000E+00,  1.0391457E-02,  1.0002427E+03,  1.4443146E+04,3,
 -6.4172081E+01,  0.0000000E+00,  2.6604504E+02,3412,  1.6833119E+00,  0.0000000E+00, -1.6397391E-02,  1.0002017E+03,  1.1997555E+04,3,
 -6.3271896E+01,  0.0000000E+00,  2.6580566E+02,3345,  1.4765599E+00,  0.0000000E+00, -1.2037587E-01,  1.0001739E+03,  1.0344487E+04,3,
 -6.2029121E+01,  0.0000000E+00,  2.6572388E+02,3327,  1.5521855E+00,  0.0000000E+00, -1.8668312E-01,  1.0001959E+03,  1.1652386E+04,3,
 -6.0909958E+01,  0.0000000E+00,  2.6640417E+02,3393,  1.7178502E+00,  0.0000000E+00, -1.7185207E-01,  1.0002726E+03,  1.6224120E+04,3,
 -5.9659355E+01,  0.0000000E+00,  2.6576224E+02,3355,  1.9994161E+00,  0.0000000E+00, -3.5937227E-02,  1.0004283E+03,  2.5497609E+04,3,
 -5.8508942E+01,  0.0000000E+00,  2.6562097E+02,3375,  1.7612580E+00,  0.0000000E+00,  8.5080318E-02,  1.0002430E+03,  1.4457684E+04,3,
 -5.7089119E+01,  0.0000000E+00,  2.6699643E+02,3414,  1.9794880E+00,  0.0000000E+00,  8.9959823E-02,  1.0003402E+03,  2.0248842E+04,3,
 -5.7106716E+01,  0.0000000E+00,  2.6565811E+02,3366,  1.5342730E+00,  0.0000000E+00,  9.0502098E-02,  9.9964862E+02, -2.0870285E+04,3,
 -5.5346851E+01,  0.0000000E+00,  2.6575708E+02,3364,  1.8183351E+00,  0.0000000E+00,  7.4854888E-02,  9.9964740E+02, -2.0942713E+04,3,
 -5.4326256E+01,  0.0000000E+00,  2.6679617E+02,3404,  1.6147766E+00,  0.0000000E+00,  8.5716676E-03,  1.0003202E+03,  1.9056162E+04,3,
 -5.3851894E+01,  0.0000000E+00,  2.6557858E+02,3254,  1.6671900E+00,  0.0000000E+00, -9.1118263E-03,  1.0003126E+03,  1.8605307E+04,3,
 -5.2367607E+01,  0.0000000E+00,  2.6625211E+02,3373,  1.8607314E+00,  0.0000000E+00, -1.6184072E-01,  1.0003439E+03,  2.0470668E+04,3,
 -5.0417522E+01,  0.0000000E+00,  2.6616071E+02,3403,  2.2085271E+00,  0.0000000E+00, -2.0179069E-01,  1.0002693E+03,  1.6027833E+04,3,
 -4.9848038E+01,  0.0000000E+00,  2.6520990E+02,3328,  1.8732913E+00,  0.0000000E+00, -4.4286335E-01,  9.9991602E+02, -4.9922803E+03,3,
 -4.8061378E+01,  0.0000000E+00,  2.6640057E+02,3405,  1.8645625E+00,  0.0000000E+00, -1.0300806E-01,  1.0003202E+03,  1.9056162E+04,3,
 -4.6336403E+01,  0.0000000E+00,  2.6569571E+02,3182,  2.1741400E+00,  0.0000000E+00, -2.8512651E-02,  1.0005157E+03,  3.0712748E+04,3,
 -4.5334507E+01,  0.0000000E+00,  2.6623010E+02,3374,  1.9037740E+00,  0.0000000E+00,  3.3950623E-02,  1.0003582E+03,  2.1318012E+04,3,
 -4.6227997E+01,  0.0000000E+00,  2.6501663E+02,3330,  1.6272606E+00,  0.0000000E+00, -3.8411292E-01,  9.9914117E+02, -5.0932633E+04,3,
 -4.3555626E+01,  0.0000000E+00,  2.6663995E+02,3395,  1.7611674E+00,  0.0000000E+00,  1.6672976E-01,  1.0002766E+03,  1.6460395E+04,3,
 -4.2554729E+01,  0.0000000E+00,  2.6508536E+02,3245,  2.0318391E+00,  0.0000000E+00,  2.0123617E-01,  1.0002521E+03,  1.5002847E+04,3,
 -4.0034962E+01,  0.0000000E+00,  2.6532547E+02,3237,  1.7357032E+00,  0.0000000E+00, -2.6098111E-01,  9.9986548E+02, -7.9951436E+03,3,
 -4.1559505E+01,  0.0000000E+00,  2.6565756E+02,3309,  1.8750294E+00,  0.0000000E+00,  3.7243801E-01,  1.0002811E+03,  1.6729393E+04,3,
 -4.0921246E+01,  0.0000000E+00,  2.6677176E+02,3394,  1.6471499E+00,  0.0000000E+00,  1.8966463E-01,  1.0003280E+03,  1.9521580E+04,3,
 -3.9019283E+01,  0.0000000E+00,  2.6663165E+02,3396,  1.4373329E+00,  0.0000000E+00,  9.3052357E-02,  1.0003774E+03,  2.2467318E+04,3,
 -3.6687065E+01,  0.0000000E+00,  2.6645242E+02,3386,  1.9106494E+00,  0.0000000E+00,  4.3555446E-02,  1.0003835E+03,  2.2831049E+04,3,
 -3.5513397E+01,  0.0000000E+00,  2.6565305E+02,3236,  1.8577311E+00,  0.0000000E+00, -5.7898477E-02,  1.0006813E+03,  4.0590059E+04,3,
 -3.4249928E+01,  0.0000000E+00,  2.6553220E+02,3348,  2.0221598E+00,  0.0000000E+00,  2.9729217E-01,  9.9894684E+02, -6.2421328E+04,3,
 -3.4331875E+01,  0.0000000E+00,  2.6566959E+02,3338,  1.6542557E+00,  0.0000000E+00,  7.6958351E-02,  1.0006281E+03,  3.7416742E+04,3,
 -3.1492058E+01,  0.0000000E+00,  2.6557245E+02,3173,  1.6121037E+00,  0.0000000E+00,  1.8082444E-01,  1.0002295E+03,  1.3654531E+04,3,
 -3.0963730E+01,  0.0000000E+00,  2.6534015E+02,3028,  1.5081806E+00,  0.0000000E+00,  9.3868420E-02,  9.9999231E+02, -4.5724658E+02,3,
 -3.2688152E+01,  0.0000000E+00,  2.6625717E+02,3164,  1.5742618E+00,  0.0000000E+00,  1.9527820E-01,  1.0002418E+03,  1.4388632E+04,3,
 -3.1948633E+01,  0.0000000E+00,  2.6687411E+02,3385,  2.0167048E+00,  0.0000000E+00,  9.3912795E-02,  1.0003450E+03,  2.0532488E+04,3,
 -2.9119381E+01,  0.0000000E+00,  2.6700119E+02,3387,  2.1788695E+00,  0.0000000E+00,  2.0222370E-01,  1.0007437E+03,  4.4314805E+04,3,
 -2.8439005E+01,  0.0000000E+00,  2.6574963E+02,3019,  1.6694148E+00,  0.0000000E+00, -2.0751600E-01,  1.0003131E+03,  1.8634395E+04,3,
 -2.6903458E+01,  0.0000000E+00,  2.6706607E+02,3377,  2.0780222E+00,  0.0000000E+00,  1.4606284E-01,  1.0007166E+03,  4.2700094E+04,3,
 -2.7303053E+01,  0.0000000E+00,  2.6603925E+02,3119,  1.3383316E+00,  0.0000000E+00,  1.7267451E-01,  9.9796454E+02, -1.2028784E+05,3,
 -2.5804375E+01,  0.0000000E+00,  2.6609317E+02,3376,  1.4287362E+00,  0.0000000E+00, -4.1751051E-01,  1.0005314E+03,  3.1648342E+04,3,
 -2.6155258E+01,  0.0000000E+00,  2.6595734E+02,3357,  1.6777604E+00,  0.0000000E+00,  7.5987756E-01,  1.0003953E+03,  2.3533090E+04,3,
 -2.3067549E+01,  0.0000000E+00,  2.6642755E+02,3010,  2.0052247E+00,  0.0000000E+00, -4.5234573E-01,  9.9972717E+02, -1.6208470E+04,3,
 -2.2625517E+01,  0.0000000E+00,  2.6640353E+02,3282,  2.1325624E+00,  0.0000000E+00,  4.6235597E-01,  9.9953156E+02, -2.7813654E+04,3,
 -2.2002441E+01,  0.0000000E+00,  2.6774689E+02,3378,  1.6421783E+00,  0.0000000E+00,  1.4317477E-01,  1.0004620E+03,  2.7509826E+04,3,
 -2.1380085E+01,  0.0000000E+00,  2.6631128E+02,3320,  1.9138389E+00,  0.0000000E+00,  5.8698314E-01,  9.9964069E+02, -2.1341055E+04,3,
 -2.1765303E+01,  0.0000000E+00,  2.6578531E+02,3291,  1.6687323E+00,  0.0000000E+00,  3.0625099E-01,  1.0011879E+03,  7.0883930E+04,3,
 -1.8553080E+01,  0.0000000E+00,  2.6629150E+02,3283,  1.8865336E+00,  0.0000000E+00, -3.0384102E-04,  9.9800763E+02, -1.1775655E+05,3,
 -1.9019962E+01,  0.0000000E+00,  2.6746893E+02,3368,  2.2691197E+00,  0.0000000E+00,  5.8955997E-02,  1.0006591E+03,  3.9263773E+04,3,
 -1.8561764E+01,  0.0000000E+00,  2.6621939E+02,3255,  1.7763705E+00,  0.0000000E+00, -1.4100140E-02,  1.0004545E+03,  2.7062229E+04,3,
 -1.7788340E+01,  0.0000000E+00,  2.6585895E+02,3001,  1.6384519E+00,  0.0000000E+00, -8.6213164E-03,  1.0008966E+03,  5.3453984E+04,3,
 -1.5947572E+01,  0.0000000E+00,  2.6713397E+02,3367,  2.1129162E+00,  0.0000000E+00,  2.0914765E-01,  1.0004331E+03,  2.5785045E+04,3,
 -1.4798643E+01,  0.0000000E+00,  2.6623605E+02,3101,  1.7861376E+00,  0.0000000E+00, -5.4670379E-02,  1.0005344E+03,  3.1826732E+04,3,
 -1.4790174E+01,  0.0000000E+00,  2.6618408E+02,3110,  1.8423370E+00,  0.0000000E+00,  4.2959515E-02,  9.9985876E+02, -8.3940068E+03,3,
 -1.3822872E+01,  0.0000000E+00,  2.6648099E+02,2992,  1.6742827E+00,  0.0000000E+00,  4.0708777E-01,  9.9981451E+02, -1.1022472E+04,3,
 -1.3216146E+01,  0.0000000E+00,  2.6641666E+02,3358,  1.8078114E+00,  0.0000000E+00,  1.2019435E-01,  9.9992596E+02, -4.4010298E+03,3,
 -1.1508066E+01,  0.0000000E+00,  2.6630084E+02,3369,  1.8634900E+00,  0.0000000E+00, -2.3646086E-01,  1.0009556E+03,  5.6982797E+04,3,
 -1.0208931E+01,  0.0000000E+00,  2.6640701E+02,3339,  1.7712015E+00,  0.0000000E+00, -2.1355061E-01,  9.9997168E+02, -1.6837245E+03,3,
 -8.9415579E+00,  0.0000000E+00,  2.6638123E+02,3201,  1.7797331E+00,  0.0000000E+00, -4.1473636E-01,  1.0006382E+03,  3.8017809E+04,3,
 -8.1257210E+00,  0.0000000E+00,  2.6665591E+02,3273,  2.2159748E+00,  0.0000000E+00, -4.8924068E-01,  9.9977606E+02, -1.3305950E+04,3,
 -8.1414766E+00,  0.0000000E+00,  2.6664676E+02,3329,  1.4741764E+00,  0.0000000E+00, -1.1045868E-01,  9.9982794E+02, -1.0224942E+04,3,
 -7.9967260E+00,  0.0000000E+00,  2.6653549E+02,3146,  1.8049842E+00,  0.0000000E+00, -7.4031003E-02,  9.9992334E+02, -4.5570073E+03,3,
 -5.5264144E+00,  0.0000000E+00,  2.6633304E+02,3359,  1.8787724E+00,  0.0000000E+00,  1.5738150E-01,  1.0011920E+03,  7.1128812E+04,3,
 -4.2727056E+00,  0.0000000E+00,  2.6692334E+02,3349,  1.9089237E+00,  0.0000000E+00,  2.3032439E-01,  9.9996680E+02, -1.9739929E+03,3,
 -3.2893128E+00,  0.0000000E+00,  2.6670758E+02,3264,  1.7502699E+00,  0.0000000E+00,  1.4304267E-01,  9.9967657E+02, -1.9211555E+04,3,
 -2.8308511E+00,  0.0000000E+00,  2.6668057E+02,3266,  1.7537040E+00,  0.0000000E+00,  8.2433457E-03,  1.0004144E+03,  2.4671736E+04,3,
 -2.8283060E+00,  0.0000000E+00,  2.6667093E+02,3321,  1.7786635E+00,  0.0000000E+00,  1.3966553E-02,  1.0002656E+03,  1.5806107E+04,3,
 -8.9309472E-01,  0.0000000E+00,  2.6792200E+02,3360,  2.1515961E+00,  0.0000000E+00,  1.0723903E-02,  1.0003686E+03,  2.1939930E+04,3,
  8.5170254E-02,  0.0000000E+00,  2.6655945E+02,3083,  1.7350223E+00,  0.0000000E+00,  3.2702487E-02,  1.0001528E+03,  9.0912461E+03,3,
  1.0778711E-01,  0.0000000E+00,  2.6656375E+02,3128,  1.7774764E+00,  0.0000000E+00,  1.4833082E-02,  1.0000831E+03,  4.9403340E+03,3,
  8.7209100E-01,  0.0000000E+00,  2.6672406E+02,2983,  1.5403526E+00,  0.0000000E+00, -1.6463403E-01,  1.0004260E+03,  2.5362992E+04,3,
  2.1434407E+00,  0.0000000E+00,  2.6684433E+02,3350,  2.0061104E+00,  0.0000000E+00, -4.5011213E-01,  9.9950037E+02, -2.9662707E+04,3,
  3.5263493E+00,  0.0000000E+00,  2.6699268E+02,3351,  2.1921899E+00,  0.0000000E+00,  5.3708279E-01,  1.0011135E+03,  6.6429516E+04,3,
  4.5676928E+00,  0.0000000E+00,  2.6720206E+02,3340,  1.3532315E+00,  0.0000000E+00,  5.7882351E-01,  1.0006053E+03,  3.6054457E+04,3,
  6.1139803E+00,  0.0000000E+00,  2.6725522E+02,3219,  1.7547519E+00,  0.0000000E+00,  2.2688635E-01,  1.0009836E+03,  5.8658234E+04,3,
  6.2191706E+00,  0.0000000E+00,  2.6703214E+02,3257,  1.7918625E+00,  0.0000000E+00,  2.3402876E-01,  9.9596289E+02, -2.3715053E+05,3,
  6.6583786E+00,  0.0000000E+00,  2.6682596E+02,3265,  1.5734113E+00,  0.0000000E+00, -3.1780031E-02,  1.0015821E+03,  9.4515609E+04,3,
  7.4413123E+00,  0.0000000E+00,  2.6696832E+02,2974,  1.7348520E+00,  0.0000000E+00,  4.5740649E-02,  1.0007156E+03,  4.2641777E+04,3,
  8.8817110E+00,  0.0000000E+00,  2.6692584E+02,3341,  1.6262051E+00,  0.0000000E+00, -3.2870527E-02,  1.0002153E+03,  1.2811474E+04,3,
  1.1150180E+01,  0.0000000E+00,  2.6705176E+02,3156,  1.6353749E+00,  0.0000000E+00,  1.5182765E-01,  9.9964136E+02, -2.1301221E+04,3,
  1.1151995E+01,  0.0000000E+00,  2.6708365E+02,3074,  1.6328169E+00,  0.0000000E+00,  3.6903620E-01,  9.9992334E+02, -4.5570073E+03,3,
  1.1215961E+01,  0.0000000E+00,  2.6709302E+02,3238,  1.7228543E+00,  0.0000000E+00,  2.0463681E-01,  9.9963788E+02, -2.1507629E+04,3,
  1.2630198E+01,  0.0000000E+00,  2.6757895E+02,3256,  1.4634657E+00,  0.0000000E+00,  3.0513370E-01,  1.0015253E+03,  9.1105367E+04,3,
  1.3657782E+01,  0.0000000E+00,  2.6702408E+02,3292,  1.7104605E+00,  0.0000000E+00,  7.1098667E-01,  9.9891455E+02, -6.4328797E+04,3,
  1.4051713E+01,  0.0000000E+00,  2.6717270E+02,3293,  1.6965826E+00,  0.0000000E+00,  1.3215627E-01,  9.9984479E+02, -9.2243145E+03,3,
  1.5123340E+01,  0.0000000E+00,  2.6704782E+02,3331,  1.6579165E+00,  0.0000000E+00,  3.1908178E-01,  1.0004282E+03,  2.5493971E+04,3,
  1.6292900E+01,  0.0000000E+00,  2.6709125E+02,3342,  1.5875822E+00,  0.0000000E+00, -1.1462786E-02,  9.9990112E+02, -5.8772769E+03,3,
  1.7804073E+01,  0.0000000E+00,  2.6716794E+02,2965,  1.5069999E+00,  0.0000000E+00,  2.8847281E-02,  9.9972070E+02, -1.6592510E+04,3,
  1.8368908E+01,  0.0000000E+00,  2.6706903E+02,3147,  1.7677789E+00,  0.0000000E+00,  8.7641090E-02,  9.9960468E+02, -2.3477336E+04,3,
  1.9181763E+01,  0.0000000E+00,  2.6732635E+02,3301,  1.6880988E+00,  0.0000000E+00,  4.5395389E-01,  1.0010925E+03,  6.5172844E+04,3,
  2.0196745E+01,  0.0000000E+00,  2.6703452E+02,2956,  1.5874381E+00,  0.0000000E+00,  7.6306218E-01,  9.9960394E+02, -2.3520781E+04,3,
  2.0608461E+01,  0.0000000E+00,  2.6691571E+02,3322,  1.5202390E+00,  0.0000000E+00,  2.1623795E-01,  9.9986383E+02, -8.0930479E+03,3,
  2.0702515E+01,  0.0000000E+00,  2.6712231E+02,3332,  1.5628148E+00,  0.0000000E+00,  2.7566335E-01,  9.9983948E+02, -9.5397402E+03,3,
  2.4979265E+01,  0.0000000E+00,  2.6699353E+02,3333,  1.9146023E+00,  0.0000000E+00,  1.6650811E-01,  1.0000052E+03,  3.0847192E+02,3,
  2.5315111E+01,  0.0000000E+00,  2.6713657E+02,3311,  1.8786327E+00,  0.0000000E+00, -2.0373200E-01,  1.0000018E+03,  1.0524228E+02,3,
  2.5524654E+01,  0.0000000E+00,  2.6706982E+02,2947,  1.8951173E+00,  0.0000000E+00, -2.0906883E-01,  9.9987683E+02, -7.3206670E+03,3,
  2.6174419E+01,  0.0000000E+00,  2.6708398E+02,3294,  1.8287864E+00,  0.0000000E+00,  8.1445659E-03,  9.9913116E+02, -5.1524715E+04,3,
  2.7695877E+01,  0.0000000E+00,  2.6761368E+02,3228,  1.8239734E+00,  0.0000000E+00,  7.6028250E-02,  1.0009672E+03,  5.7672648E+04,3,
  2.8468882E+01,  0.0000000E+00,  2.6701874E+02,3285,  1.8967776E+00,  0.0000000E+00,  1.3319328E-01,  9.9993616E+02, -3.7952332E+03,3,
  2.8698092E+01,  0.0000000E+00,  2.6703357E+02,3220,  1.8801043E+00,  0.0000000E+00,  1.3758619E-01,  9.9972644E+02, -1.6251947E+04,3,
  3.0088688E+01,  0.0000000E+00,  2.6701755E+02,3312,  1.9010606E+00,  0.0000000E+00,  2.3008794E-01,  9.9984406E+02, -9.2678223E+03,3,
  3.1161617E+01,  0.0000000E+00,  2.6701556E+02,3323,  1.8763901E+00,  0.0000000E+00,  8.3400622E-02,  9.9967322E+02, -1.9410762E+04,3,
  3.1635481E+01,  0.0000000E+00,  2.6708301E+02,3324,  1.7623042E+00,  0.0000000E+00,  1.8056785E-01,  1.0002300E+03,  1.3683604E+04,3,
  3.3655857E+01,  0.0000000E+00,  2.6705463E+02,3313,  1.9469924E+00,  0.0000000E+00,  1.3268223E-01,  9.9991180E+02, -5.2425537E+03,3,
  3.4339516E+01,  0.0000000E+00,  2.6704477E+02,3302,  1.8810036E+00,  0.0000000E+00,  7.0733257E-02,  9.9993958E+02, -3.5920835E+03,3,
  3.4905613E+01,  0.0000000E+00,  2.6706534E+02,2938,  1.8361330E+00,  0.0000000E+00,  4.4668287E-02,  1.0001412E+03,  8.3974902E+03,3,
  3.6163841E+01,  0.0000000E+00,  2.6704984E+02,3192,  1.8100297E+00,  0.0000000E+00, -6.3989288E-03,  1.0001612E+03,  9.5888906E+03,3,
  3.6455185E+01,  0.0000000E+00,  2.6703903E+02,3202,  1.9229500E+00,  0.0000000E+00, -1.3742673E-02,  9.9919623E+02, -4.7675543E+04,3,
  3.7885803E+01,  0.0000000E+00,  2.6731577E+02,3248,  1.8712924E+00,  0.0000000E+00,  1.2029463E-01,  1.0008496E+03,  5.0644965E+04,3,
  3.9191902E+01,  0.0000000E+00,  2.6703671E+02,3193,  1.8554782E+00,  0.0000000E+00,  5.6557242E-02,  9.9960266E+02, -2.3596809E+04,3,
  3.9268097E+01,  0.0000000E+00,  2.6706461E+02,3038,  1.8692857E+00,  0.0000000E+00,  5.0338376E-02,  9.9972571E+02, -1.6295424E+04,3,
  3.9964043E+01,  0.0000000E+00,  2.6710614E+02,3284,  1.8339328E+00,  0.0000000E+00,  3.1633824E-01,  9.9994220E+02, -3.4360908E+03,3,
  4.0182343E+01,  0.0000000E+00,  2.6703513E+02,3314,  1.8530327E+00,  0.0000000E+00,  2.9824588E-02,  9.9996582E+02, -2.0320455E+03,3,
  4.7031849E+01,  0.0000000E+00,  2.6693417E+02,3315,  2.6178446E+00,  0.0000000E+00,  1.0102233E-01,  1.0002735E+03,  1.6275010E+04,3,
  4.7671772E+01,  0.0000000E+00,  2.6706534E+02,2929,  2.5537751E+00,  0.0000000E+00,  2.1895768E-01,  1.0007776E+03,  4.6341770E+04,3,
  4.8219154E+01,  0.0000000E+00,  2.6707214E+02,3210,  2.7534134E+00,  0.0000000E+00, -3.0987889E-01,  9.9908954E+02, -5.3986527E+04,3,
  4.8236000E+01,  0.0000000E+00,  2.6708289E+02,3137,  2.7372704E+00,  0.0000000E+00, -3.8244668E-01,  9.9926746E+02, -4.3459953E+04,3,
  4.8304867E+01,  0.0000000E+00,  2.6707651E+02,3174,  2.6932406E+00,  0.0000000E+00, -3.6391872E-01,  9.9932788E+02, -3.9882332E+04,3,
  5.1251514E+01,  0.0000000E+00,  2.6698471E+02,3304,  2.3653052E+00,  0.0000000E+00, -3.2675810E-02,  9.9994586E+02, -3.2184224E+03,3,
  5.2573040E+01,  0.0000000E+00,  2.6701706E+02,3029,  2.7286074E+00,  0.0000000E+00, -1.0848940E-01,  9.9985834E+02, -8.4193877E+03,3,
  5.2591507E+01,  0.0000000E+00,  2.6698788E+02,3047,  2.7449009E+00,  0.0000000E+00, -1.5207049E-01,  1.0001645E+03,  9.7850498E+03,3,
  5.2859818E+01,  0.0000000E+00,  2.6734851E+02,3229,  2.6655777E+00,  0.0000000E+00, -5.0569129E-01,  1.0006384E+03,  3.8028738E+04,3,
  5.5202065E+01,  0.0000000E+00,  2.6705048E+02,3184,  2.8166776E+00,  0.0000000E+00, -7.5142968E-01,  9.9927557E+02, -4.2979398E+04,3,
  5.5230019E+01,  0.0000000E+00,  2.6713409E+02,3129,  2.5522382E+00,  0.0000000E+00,  5.4033720E-01,  9.9958575E+02, -2.4599604E+04,3,
  5.5497814E+01,  0.0000000E+00,  2.6703796E+02,2920,  2.6437082E+00,  0.0000000E+00,  3.0381292E-01,  9.9975354E+02, -1.4643172E+04,3,
  5.5813641E+01,  0.0000000E+00,  2.6693829E+02,3303,  2.6345060E+00,  0.0000000E+00, -2.6326424E-01,  9.9994202E+02, -3.4469741E+03,3,
  6.3647533E+01,  0.0000000E+00,  2.6584021E+02,3138,  3.4506950E+00,  0.0000000E+00,  2.2988338E+00,  9.9937396E+02, -3.7153074E+04,3,
  6.3629635E+01,  0.0000000E+00,  2.6578519E+02,3247,  3.5212834E+00,  0.0000000E+00,  2.0031681E+00,  9.9951691E+02, -2.8682137E+04,3,
  6.3575199E+01,  0.0000000E+00,  2.6623608E+02,3276,  2.5450721E+00,  0.0000000E+00,  2.1085784E+00,  9.9993921E+02, -3.6138496E+03,3,
  6.3081276E+01,  0.0000000E+00,  2.6598703E+02,3065,  4.1382217E+00,  0.0000000E+00,  1.0978727E+00,  1.0011567E+03,  6.9016414E+04,3,
