TimeStep [s],Np,Nbound,Nfixed,Nmoving,Nfloat,Nfluid
151.002,1800,0,0,0,0,1800

Pos.x [m],Pos.y [m],Pos.z [m],Idp,Vel.x [m/s],Vel.y [m/s],Vel.z [m/s],Rhop [kg/m^3],Press [Pa],Type,
  3.0196964E+02,  0.0000000E+00,  2.5037260E+02,2999,  6.6079825E-01,  0.0000000E+00, -2.5756130E-01,  1.0020782E+03,  1.2434139E+05,3,
  3.0435077E+02,  0.0000000E+00,  2.5048041E+02,3009,  1.0928253E+00,  0.0000000E+00,  1.6730888E-01,  1.0025481E+03,  1.5266761E+05,3,
  3.0693655E+02,  0.0000000E+00,  2.5082455E+02,2937,  7.1961486E-01,  0.0000000E+00, -4.5571970E-03,  1.0016299E+03,  9.7388289E+04,3,
  3.0810919E+02,  0.0000000E+00,  2.5076712E+02,2963,  8.5046530E-01,  0.0000000E+00,  1.4366834E-02,  1.0015228E+03,  9.0955211E+04,3,
  3.0579285E+02,  0.0000000E+00,  2.5076109E+02,2910,  6.5887451E-01,  0.0000000E+00, -4.3987770E-02,  1.0019562E+03,  1.1699505E+05,3,
  3.0256107E+02,  0.0000000E+00,  2.5129732E+02,2950,  2.1404126E-01,  0.0000000E+00, -2.2746345E-01,  1.0007315E+03,  4.3589430E+04,3,
  3.0914029E+02,  0.0000000E+00,  2.5072563E+02,2981,  8.0370581E-01,  0.0000000E+00,  7.4180127E-03,  1.0015020E+03,  8.9710102E+04,3,
  3.1088037E+02,  0.0000000E+00,  2.5066545E+02,2960,  5.7795757E-01,  0.0000000E+00,  1.8778611E-02,  1.0013687E+03,  8.1715805E+04,3,
  3.1232370E+02,  0.0000000E+00,  2.5079250E+02,2952,  7.5870866E-01,  0.0000000E+00, -1.1028240E-03,  1.0012173E+03,  7.2642117E+04,3,
  3.1322501E+02,  0.0000000E+00,  2.5089558E+02,2814,  6.9417351E-01,  0.0000000E+00, -2.8232029E-02,  1.0010942E+03,  6.5271473E+04,3,
  3.1406192E+02,  0.0000000E+00,  2.5101726E+02,2596,  6.3448328E-01,  0.0000000E+00, -5.6335703E-02,  1.0010236E+03,  6.1049598E+04,3,
  3.1067236E+02,  0.0000000E+00,  2.5109679E+02,2849,  7.9584312E-01,  0.0000000E+00,  1.7795114E-02,  1.0008520E+03,  5.0787223E+04,3,
  3.1553821E+02,  0.0000000E+00,  2.5039198E+02,2919,  7.1800441E-01,  0.0000000E+00, -4.3031942E-02,  1.0025150E+03,  1.5066692E+05,3,
  3.1677856E+02,  0.0000000E+00,  2.5093361E+02,2953,  6.3821048E-01,  0.0000000E+00, -1.9369159E-02,  1.0014341E+03,  8.5635289E+04,3,
  3.1794434E+02,  0.0000000E+00,  2.5071635E+02,2942,  6.6600418E-01,  0.0000000E+00,  1.9807484E-02,  1.0015936E+03,  9.5204391E+04,3,
  3.1906052E+02,  0.0000000E+00,  2.5075909E+02,2915,  6.8154514E-01,  0.0000000E+00,  3.4340695E-02,  1.0013979E+03,  8.3464930E+04,3,
  3.2022736E+02,  0.0000000E+00,  2.5103891E+02,3016,  7.4176317E-01,  0.0000000E+00,  2.6062964E-03,  1.0007632E+03,  4.5485000E+04,3,
  3.2088577E+02,  0.0000000E+00,  2.5086597E+02,2979,  7.0088905E-01,  0.0000000E+00, -8.3884662E-03,  1.0009808E+03,  5.8486664E+04,3,
  3.2169330E+02,  0.0000000E+00,  2.5102534E+02,2850,  6.7330784E-01,  0.0000000E+00, -3.0718271E-02,  1.0007859E+03,  4.6837637E+04,3,
  3.2292725E+02,  0.0000000E+00,  2.5058273E+02,2832,  6.9456834E-01,  0.0000000E+00, -3.4417871E-02,  1.0016000E+03,  9.5592766E+04,3,
  3.2375616E+02,  0.0000000E+00,  2.5095961E+02,2723,  6.4231688E-01,  0.0000000E+00, -4.4072319E-02,  1.0010560E+03,  6.2988660E+04,3,
  3.2472684E+02,  0.0000000E+00,  2.5108006E+02,2569,  7.2121340E-01,  0.0000000E+00,  1.3656215E-02,  1.0010404E+03,  6.2053773E+04,3,
  3.2611087E+02,  0.0000000E+00,  2.5041455E+02,2856,  6.6707414E-01,  0.0000000E+00, -1.9461604E-02,  1.0025223E+03,  1.5111272E+05,3,
  3.2738504E+02,  0.0000000E+00,  2.5086475E+02,2784,  6.5722269E-01,  0.0000000E+00, -5.0504394E-03,  1.0017816E+03,  1.0649911E+05,3,
  3.2867108E+02,  0.0000000E+00,  2.5060638E+02,2883,  6.5630555E-01,  0.0000000E+00, -2.4453425E-03,  1.0020386E+03,  1.2195324E+05,3,
  3.2997968E+02,  0.0000000E+00,  2.5098004E+02,2918,  6.6846204E-01,  0.0000000E+00, -3.1430938E-03,  1.0012567E+03,  7.5003922E+04,3,
  3.3092999E+02,  0.0000000E+00,  2.5065431E+02,2909,  6.5254945E-01,  0.0000000E+00, -9.6464297E-05,  1.0016299E+03,  9.7388289E+04,3,
  3.3209946E+02,  0.0000000E+00,  2.5083202E+02,2542,  6.8495435E-01,  0.0000000E+00, -8.8099539E-03,  1.0012018E+03,  7.1717297E+04,3,
  3.3312674E+02,  0.0000000E+00,  2.5093771E+02,2924,  6.5502924E-01,  0.0000000E+00, -4.6351035E-03,  1.0009866E+03,  5.8833461E+04,3,
  3.3400055E+02,  0.0000000E+00,  2.5074252E+02,2879,  6.8371141E-01,  0.0000000E+00, -8.5949348E-03,  1.0012605E+03,  7.5230625E+04,3,
  3.3508902E+02,  0.0000000E+00,  2.5079224E+02,2908,  6.4754409E-01,  0.0000000E+00,  1.0864560E-03,  1.0011977E+03,  7.1468742E+04,3,
  3.3594815E+02,  0.0000000E+00,  2.5098062E+02,2787,  6.4048320E-01,  0.0000000E+00,  1.2593398E-02,  1.0009334E+03,  5.5654328E+04,3,
  3.3686166E+02,  0.0000000E+00,  2.5111609E+02,2881,  6.4706057E-01,  0.0000000E+00,  2.3797927E-02,  1.0009212E+03,  5.4924477E+04,3,
  3.3824042E+02,  0.0000000E+00,  2.5026459E+02,2811,  6.1407858E-01,  0.0000000E+00,  1.0926495E-02,  1.0029237E+03,  1.7536975E+05,3,
  3.3961670E+02,  0.0000000E+00,  2.5107140E+02,2846,  6.9823670E-01,  0.0000000E+00, -2.4895301E-02,  1.0010140E+03,  6.0476348E+04,3,
  3.4057269E+02,  0.0000000E+00,  2.5080142E+02,2872,  6.8897766E-01,  0.0000000E+00, -2.5925860E-02,  1.0012671E+03,  7.5625547E+04,3,
  3.4168671E+02,  0.0000000E+00,  2.5118748E+02,2851,  6.3188666E-01,  0.0000000E+00, -1.1469217E-02,  1.0006906E+03,  4.1147590E+04,3,
  3.4239636E+02,  0.0000000E+00,  2.5054301E+02,2497,  7.1735543E-01,  0.0000000E+00,  7.6233996E-03,  1.0016924E+03,  1.0114160E+05,3,
  3.4363199E+02,  0.0000000E+00,  2.5085121E+02,2845,  7.0616829E-01,  0.0000000E+00,  1.9583547E-02,  1.0011824E+03,  7.0554984E+04,3,
  3.4451599E+02,  0.0000000E+00,  2.5093301E+02,2606,  7.2563994E-01,  0.0000000E+00,  2.5301069E-02,  1.0010911E+03,  6.5088828E+04,3,
  3.4570938E+02,  0.0000000E+00,  2.5079372E+02,2828,  6.9571108E-01,  0.0000000E+00,  1.0278550E-02,  1.0015179E+03,  9.0665891E+04,3,
  3.4696573E+02,  0.0000000E+00,  2.5041670E+02,2721,  7.3793525E-01,  0.0000000E+00,  2.2945278E-03,  1.0024493E+03,  1.4670358E+05,3,
  3.4830151E+02,  0.0000000E+00,  2.5094228E+02,2819,  7.4723554E-01,  0.0000000E+00, -1.9613992E-02,  1.0012455E+03,  7.4331156E+04,3,
  3.4930594E+02,  0.0000000E+00,  2.5078136E+02,2772,  6.9476312E-01,  0.0000000E+00,  1.6856020E-02,  1.0013147E+03,  7.8478180E+04,3,
  3.5030234E+02,  0.0000000E+00,  2.5109587E+02,2862,  7.2998190E-01,  0.0000000E+00,  3.6393657E-02,  1.0007834E+03,  4.6688145E+04,3,
  3.5112479E+02,  0.0000000E+00,  2.5065779E+02,2809,  7.2368813E-01,  0.0000000E+00,  3.5639398E-02,  1.0014813E+03,  8.8468812E+04,3,
  3.5226926E+02,  0.0000000E+00,  2.5090382E+02,2725,  7.3074549E-01,  0.0000000E+00,  2.5383716E-02,  1.0011845E+03,  7.0679250E+04,3,
  3.5334555E+02,  0.0000000E+00,  2.5057454E+02,2774,  7.6827431E-01,  0.0000000E+00,  3.4969856E-03,  1.0018088E+03,  1.0813150E+05,3,
  3.5450458E+02,  0.0000000E+00,  2.5098653E+02,2762,  7.8841043E-01,  0.0000000E+00, -3.0127030E-02,  1.0010365E+03,  6.1820066E+04,3,
  3.5542502E+02,  0.0000000E+00,  2.5069189E+02,2579,  7.0802349E-01,  0.0000000E+00, -1.7065125E-02,  1.0014145E+03,  8.4460383E+04,3,
  3.5646045E+02,  0.0000000E+00,  2.5091360E+02,2816,  7.2832066E-01,  0.0000000E+00, -1.7527485E-02,  1.0010200E+03,  6.0834168E+04,3,
  3.5732745E+02,  0.0000000E+00,  2.5075606E+02,2696,  7.4209774E-01,  0.0000000E+00, -1.7595455E-02,  1.0012053E+03,  7.1921992E+04,3,
  3.5846219E+02,  0.0000000E+00,  2.5079993E+02,2898,  9.5843297E-01,  0.0000000E+00,  9.4159599E-03,  1.0009659E+03,  5.7599648E+04,3,
  3.5955096E+02,  0.0000000E+00,  2.5088441E+02,2765,  6.8564683E-01,  0.0000000E+00,  9.2142403E-02,  1.0010400E+03,  6.2028211E+04,3,
  3.6018900E+02,  0.0000000E+00,  2.5049294E+02,2775,  6.4374244E-01,  0.0000000E+00,  1.8101108E-01,  1.0019354E+03,  1.1574670E+05,3,
  3.8975479E+02,  0.0000000E+00,  2.5033385E+02,2712, -9.7738735E-02,  0.0000000E+00, -7.7053895E-03,  1.0021920E+03,  1.3119302E+05,3,
  3.9102191E+02,  0.0000000E+00,  2.5080771E+02,2737,  1.2297817E+00,  0.0000000E+00, -2.9126045E-01,  1.0011212E+03,  6.6886195E+04,3,
  3.9303635E+02,  0.0000000E+00,  2.5063724E+02,2634,  1.0825357E+00,  0.0000000E+00, -8.0660783E-02,  1.0014897E+03,  8.8970438E+04,3,
  3.9575403E+02,  0.0000000E+00,  2.5090570E+02,2734,  8.6705321E-01,  0.0000000E+00,  8.7201810E-03,  1.0009193E+03,  5.4807703E+04,3,
  3.9675797E+02,  0.0000000E+00,  2.5110956E+02,2717,  9.7635800E-01,  0.0000000E+00,  9.8132618E-02,  1.0010191E+03,  6.0779398E+04,3,
  3.9493774E+02,  0.0000000E+00,  2.5098048E+02,2788,  8.4825420E-01,  0.0000000E+00, -2.3558371E-02,  1.0007841E+03,  4.6731898E+04,3,
  3.9430405E+02,  0.0000000E+00,  2.5095840E+02,2479,  8.8648683E-01,  0.0000000E+00, -3.5986647E-02,  1.0008572E+03,  5.1097273E+04,3,
  3.9239627E+02,  0.0000000E+00,  2.5102307E+02,2791,  8.6770827E-01,  0.0000000E+00, -1.8734070E-02,  1.0010351E+03,  6.1736078E+04,3,
  3.9812653E+02,  0.0000000E+00,  2.5030994E+02,2685,  9.5683479E-01,  0.0000000E+00,  3.2887191E-02,  1.0027305E+03,  1.6368398E+05,3,
  3.9938177E+02,  0.0000000E+00,  2.5079092E+02,2703,  9.8131841E-01,  0.0000000E+00, -4.0423665E-02,  1.0017801E+03,  1.0640741E+05,3,
  4.0062460E+02,  0.0000000E+00,  2.5109013E+02,2598,  9.7263813E-01,  0.0000000E+00, -8.9728050E-02,  1.0010325E+03,  6.1582711E+04,3,
  4.0149628E+02,  0.0000000E+00,  2.5093762E+02,2710,  9.5752567E-01,  0.0000000E+00, -6.5518945E-02,  1.0009781E+03,  5.8329695E+04,3,
  4.0232312E+02,  0.0000000E+00,  2.5087994E+02,2626,  9.8394477E-01,  0.0000000E+00, -5.2584279E-02,  1.0010623E+03,  6.3364832E+04,3,
  4.0327081E+02,  0.0000000E+00,  2.5079218E+02,2507,  9.6070421E-01,  0.0000000E+00, -1.6743682E-02,  1.0012543E+03,  7.4857664E+04,3,
  4.0438043E+02,  0.0000000E+00,  2.5074223E+02,2617,  9.8636460E-01,  0.0000000E+00,  3.3125795E-02,  1.0013854E+03,  8.2714742E+04,3,
  4.0542361E+02,  0.0000000E+00,  2.5086269E+02,2580,  1.0098046E+00,  0.0000000E+00,  1.9712603E-02,  1.0012328E+03,  7.3570688E+04,3,
  4.0624164E+02,  0.0000000E+00,  2.5098920E+02,2480,  9.8197472E-01,  0.0000000E+00, -3.5673548E-02,  1.0010741E+03,  6.4069734E+04,3,
  4.0746957E+02,  0.0000000E+00,  2.5111798E+02,2534,  8.8203108E-01,  0.0000000E+00, -1.5416247E-01,  1.0009116E+03,  5.4351578E+04,3,
  4.0814789E+02,  0.0000000E+00,  2.5039156E+02,2389,  1.4898887E+00,  0.0000000E+00, -7.8414045E-02,  1.0017548E+03,  1.0488532E+05,3,
  4.0980356E+02,  0.0000000E+00,  2.5088142E+02,2745,  6.6637546E-01,  0.0000000E+00,  2.8080142E-01,  1.0008135E+03,  4.8489488E+04,3,
  4.1028098E+02,  0.0000000E+00,  2.5118042E+02,2736,  6.1391002E-01,  0.0000000E+00,  4.3294683E-01,  1.0008159E+03,  4.8628066E+04,3,
  4.1036780E+02,  0.0000000E+00,  2.5106772E+02,2699,  5.3652793E-01,  0.0000000E+00,  3.8762105E-01,  1.0009396E+03,  5.6026574E+04,3,
  6.6104449E+02,  0.0000000E+00,  2.5049065E+02,2318,  1.0587064E+00,  0.0000000E+00,  4.7712017E-02,  1.0016151E+03,  9.6494148E+04,3,
  6.6037097E+02,  0.0000000E+00,  2.5057617E+02,2334,  1.6283181E-01,  0.0000000E+00,  5.7420131E-02,  1.0012833E+03,  7.6594617E+04,3,
  6.6278241E+02,  0.0000000E+00,  2.5121883E+02,2421,  1.5810988E+00,  0.0000000E+00, -9.8022014E-02,  1.0008821E+03,  5.2585660E+04,3,
  6.6379614E+02,  0.0000000E+00,  2.5107838E+02,2346,  1.0313544E+00,  0.0000000E+00, -1.9289537E-01,  1.0007577E+03,  4.5153246E+04,3,
  6.6442236E+02,  0.0000000E+00,  2.5075063E+02,2385,  7.1346724E-01,  0.0000000E+00,  1.4188221E-02,  1.0011465E+03,  6.8402508E+04,3,
  6.6541803E+02,  0.0000000E+00,  2.5081540E+02,2228,  1.1833053E+00,  0.0000000E+00,  1.3873938E-02,  1.0010663E+03,  6.3602230E+04,3,
  6.6656885E+02,  0.0000000E+00,  2.5085899E+02,2414,  1.2402555E+00,  0.0000000E+00, -3.1154871E-04,  1.0008866E+03,  5.2855633E+04,3,
  6.6790375E+02,  0.0000000E+00,  2.5120135E+02,2397,  1.0586929E+00,  0.0000000E+00, -1.1717784E-02,  1.0004581E+03,  2.7276928E+04,3,
  6.6744946E+02,  0.0000000E+00,  2.5118207E+02,2338,  1.1048493E+00,  0.0000000E+00, -4.9873047E-02,  1.0005297E+03,  3.1546404E+04,3,
  6.6886487E+02,  0.0000000E+00,  2.5087309E+02,2328,  1.0212901E+00,  0.0000000E+00, -8.1044517E-02,  1.0010146E+03,  6.0509207E+04,3,
  6.6997107E+02,  0.0000000E+00,  2.5071684E+02,2251,  1.1144296E+00,  0.0000000E+00, -4.3027669E-02,  1.0013992E+03,  8.3541781E+04,3,
  6.7104510E+02,  0.0000000E+00,  2.5083636E+02,2202,  1.0864421E+00,  0.0000000E+00, -3.7177734E-02,  1.0012856E+03,  7.6733586E+04,3,
  6.7219727E+02,  0.0000000E+00,  2.5111121E+02,2377,  1.1014346E+00,  0.0000000E+00, -3.8558055E-02,  1.0008812E+03,  5.2534582E+04,3,
  6.7311249E+02,  0.0000000E+00,  2.5062518E+02,2375,  1.0805126E+00,  0.0000000E+00, -3.8446989E-02,  1.0013349E+03,  7.9688969E+04,3,
  6.7423590E+02,  0.0000000E+00,  2.5126660E+02,2331,  1.0834476E+00,  0.0000000E+00,  4.7980519E-03,  1.0004900E+03,  2.9176672E+04,3,
  6.7464716E+02,  0.0000000E+00,  2.5114792E+02,2218,  1.0976247E+00,  0.0000000E+00, -8.3517591E-03,  1.0005610E+03,  3.3414195E+04,3,
  6.7552106E+02,  0.0000000E+00,  2.5101340E+02,2240,  1.0604494E+00,  0.0000000E+00, -4.5359857E-02,  1.0008201E+03,  4.8879703E+04,3,
  6.7669781E+02,  0.0000000E+00,  2.5067790E+02,2319,  1.0289135E+00,  0.0000000E+00, -8.0690376E-02,  1.0014642E+03,  8.7443672E+04,3,
  6.7802771E+02,  0.0000000E+00,  2.5055736E+02,2360,  1.0508801E+00,  0.0000000E+00, -7.0610918E-02,  1.0016246E+03,  9.7069469E+04,3,
  6.7957245E+02,  0.0000000E+00,  2.5089462E+02,2291,  8.8031822E-01,  0.0000000E+00, -1.1734013E-02,  1.0009028E+03,  5.3822500E+04,3,
  6.8061261E+02,  0.0000000E+00,  2.5098558E+02,2204,  8.2633173E-01,  0.0000000E+00, -1.0356479E-02,  1.0009034E+03,  5.3862637E+04,3,
  6.8157867E+02,  0.0000000E+00,  2.5057893E+02,2329,  8.0497497E-01,  0.0000000E+00, -4.8217937E-02,  1.0014663E+03,  8.7568148E+04,3,
  6.8337250E+02,  0.0000000E+00,  2.5121741E+02,2241,  8.1252861E-01,  0.0000000E+00, -4.8511352E-02,  1.0007054E+03,  4.2029496E+04,3,
  6.8421924E+02,  0.0000000E+00,  2.5051144E+02,2282,  7.8614384E-01,  0.0000000E+00, -5.6051724E-02,  1.0016144E+03,  9.6457508E+04,3,
  6.8539777E+02,  0.0000000E+00,  2.5103996E+02,2230,  8.1093359E-01,  0.0000000E+00, -5.3229894E-02,  1.0008428E+03,  5.0240094E+04,3,
  6.8631238E+02,  0.0000000E+00,  2.5110420E+02,2239,  8.2221079E-01,  0.0000000E+00, -8.5878290E-02,  1.0006769E+03,  4.0327703E+04,3,
  6.8711548E+02,  0.0000000E+00,  2.5081201E+02,2201,  8.0686581E-01,  0.0000000E+00, -1.1284414E-01,  1.0009841E+03,  5.8687438E+04,3,
  6.8815143E+02,  0.0000000E+00,  2.5086319E+02,2349,  8.0430317E-01,  0.0000000E+00, -1.2054206E-01,  1.0008983E+03,  5.3556148E+04,3,
  6.8901245E+02,  0.0000000E+00,  2.5097644E+02,2222,  8.0710310E-01,  0.0000000E+00, -9.6119009E-02,  1.0007623E+03,  4.5430312E+04,3,
  6.8979022E+02,  0.0000000E+00,  2.5103214E+02,2278,  7.9058975E-01,  0.0000000E+00, -5.7509832E-02,  1.0007090E+03,  4.2248164E+04,3,
  6.9057678E+02,  0.0000000E+00,  2.5130553E+02,2303,  7.5768775E-01,  0.0000000E+00, -1.7372452E-03,  1.0005820E+03,  3.4666867E+04,3,
  6.9173566E+02,  0.0000000E+00,  2.5056981E+02,2361,  8.3332789E-01,  0.0000000E+00, -1.6921155E-02,  1.0016785E+03,  1.0030578E+05,3,
  6.9300714E+02,  0.0000000E+00,  2.5057066E+02,2324,  8.3656847E-01,  0.0000000E+00, -8.1137978E-02,  1.0016158E+03,  9.6538125E+04,3,
  6.9476532E+02,  0.0000000E+00,  2.5125829E+02,2209,  8.1290168E-01,  0.0000000E+00, -9.1859005E-02,  1.0004320E+03,  2.5719553E+04,3,
  6.9538916E+02,  0.0000000E+00,  2.5127292E+02,2237,  7.5290352E-01,  0.0000000E+00, -1.0144387E-01,  1.0005156E+03,  3.0701826E+04,3,
  6.9414734E+02,  0.0000000E+00,  2.5134177E+02,2295,  8.6791146E-01,  0.0000000E+00, -1.1316056E-01,  1.0004417E+03,  2.6294443E+04,3,
  6.9643994E+02,  0.0000000E+00,  2.5070082E+02,2236,  7.5386977E-01,  0.0000000E+00, -1.0161102E-01,  1.0014199E+03,  8.4786117E+04,3,
  6.9766125E+02,  0.0000000E+00,  2.5054021E+02,2246,  9.4238567E-01,  0.0000000E+00, -1.2298422E-01,  1.0017123E+03,  1.0233313E+05,3,
  6.9921887E+02,  0.0000000E+00,  2.5083080E+02,2269,  1.3084379E+00,  0.0000000E+00, -6.9684327E-02,  1.0005489E+03,  3.2689611E+04,3,
  6.9998450E+02,  0.0000000E+00,  2.5117241E+02,2266,  3.1105217E-01,  0.0000000E+00,  2.8363678E-01,  1.0004340E+03,  2.5835982E+04,3,
  7.0005432E+02,  0.0000000E+00,  2.5103096E+02,2304, -8.5947715E-02,  0.0000000E+00,  1.7399813E-01,  1.0005701E+03,  3.3953117E+04,3,
  7.1987396E+02,  0.0000000E+00,  2.5060725E+02,2262, -4.0483150E-01,  0.0000000E+00, -1.0556743E-02,  1.0013381E+03,  7.9882852E+04,3,
  7.2231354E+02,  0.0000000E+00,  2.5084464E+02,2168,  6.8665546E-01,  0.0000000E+00,  6.1611231E-02,  1.0009895E+03,  5.9008688E+04,3,
  7.2079083E+02,  0.0000000E+00,  2.5057338E+02,2173, -4.5213252E-02,  0.0000000E+00,  1.1411628E-02,  1.0012906E+03,  7.7033477E+04,3,
  7.2328949E+02,  0.0000000E+00,  2.5106644E+02,2233,  4.0827256E-01,  0.0000000E+00, -9.2107333E-02,  1.0006526E+03,  3.8881223E+04,3,
  7.2410669E+02,  0.0000000E+00,  2.5097264E+02,2146,  3.4235603E-01,  0.0000000E+00, -1.4135022E-01,  1.0007547E+03,  4.4974617E+04,3,
  7.2474902E+02,  0.0000000E+00,  2.5130762E+02,2150,  7.4478304E-01,  0.0000000E+00, -1.8007694E-01,  1.0006489E+03,  3.8655344E+04,3,
  7.2589355E+02,  0.0000000E+00,  2.5083852E+02,2294,  5.8967221E-01,  0.0000000E+00, -8.9110829E-02,  1.0012228E+03,  7.2974789E+04,3,
  7.2693066E+02,  0.0000000E+00,  2.5048631E+02,2289,  5.6063044E-01,  0.0000000E+00,  4.3985225E-02,  1.0017020E+03,  1.0171719E+05,3,
  7.2858881E+02,  0.0000000E+00,  2.5088545E+02,2138,  6.2097955E-01,  0.0000000E+00,  1.4054328E-01,  1.0008410E+03,  5.0130672E+04,3,
  7.2989142E+02,  0.0000000E+00,  2.5090141E+02,2180,  6.7503929E-01,  0.0000000E+00,  1.3473625E-01,  1.0007151E+03,  4.2608977E+04,3,
  7.3053912E+02,  0.0000000E+00,  2.5121953E+02,2216,  6.0919142E-01,  0.0000000E+00,  1.3035229E-01,  1.0005450E+03,  3.2456590E+04,3,
  7.3133173E+02,  0.0000000E+00,  2.5098596E+02,2195,  5.6953931E-01,  0.0000000E+00,  1.2586750E-01,  1.0006981E+03,  4.1595824E+04,3,
  7.3180695E+02,  0.0000000E+00,  2.5115875E+02,2203,  6.1207366E-01,  0.0000000E+00,  1.5330751E-01,  1.0006575E+03,  3.9172688E+04,3,
  7.3329248E+02,  0.0000000E+00,  2.5052217E+02,2144,  6.3968551E-01,  0.0000000E+00,  8.9469828E-02,  1.0016785E+03,  1.0030212E+05,3,
  7.3427649E+02,  0.0000000E+00,  2.5104807E+02,2176,  5.5151945E-01,  0.0000000E+00,  6.1785769E-02,  1.0011124E+03,  6.6363758E+04,3,
  7.3540308E+02,  0.0000000E+00,  2.5078716E+02,2117,  5.4785198E-01,  0.0000000E+00, -3.1680796E-02,  1.0011893E+03,  7.0967992E+04,3,
  7.3643555E+02,  0.0000000E+00,  2.5110921E+02,2224,  4.9956650E-01,  0.0000000E+00, -4.3370731E-02,  1.0007411E+03,  4.4161707E+04,3,
  7.3712891E+02,  0.0000000E+00,  2.5081128E+02,2194,  3.8436794E-01,  0.0000000E+00, -1.5754912E-02,  1.0010768E+03,  6.4234098E+04,3,
  7.3858014E+02,  0.0000000E+00,  2.5076552E+02,2147,  3.4924835E-01,  0.0000000E+00,  1.1654515E-01,  1.0008544E+03,  5.0933129E+04,3,
  7.3983911E+02,  0.0000000E+00,  2.5083902E+02,2112,  3.4820628E-01,  0.0000000E+00,  2.7197576E-01,  1.0008008E+03,  4.7730988E+04,3,
  7.3965826E+02,  0.0000000E+00,  2.5118050E+02,2171,  8.8686049E-02,  0.0000000E+00,  1.3718964E-01,  1.0004972E+03,  2.9606168E+04,3,
  7.4015826E+02,  0.0000000E+00,  2.5108797E+02,2143,  4.4755659E-01,  0.0000000E+00,  3.9391366E-01,  1.0007777E+03,  4.6349062E+04,3,
  7.8189734E+02,  0.0000000E+00,  2.5036873E+02,2244,  8.3213985E-01,  0.0000000E+00,  1.7513575E-01,  1.0018959E+03,  1.1337161E+05,3,
  7.8373883E+02,  0.0000000E+00,  2.5133676E+02,2113,  5.5692649E-01,  0.0000000E+00,  1.3748959E-01,  1.0004286E+03,  2.5519439E+04,3,
  7.8004547E+02,  0.0000000E+00,  2.5089032E+02,2125,  1.5547349E-01,  0.0000000E+00, -2.5346508E-02,  1.0007457E+03,  4.4438746E+04,3,
  7.8108276E+02,  0.0000000E+00,  2.5110483E+02,2124,  4.0501183E-01,  0.0000000E+00,  1.1982055E-01,  1.0006640E+03,  3.9558895E+04,3,
  7.7994513E+02,  0.0000000E+00,  2.5125978E+02,2111,  5.7956362E-01,  0.0000000E+00, -3.1360406E-01,  1.0005107E+03,  3.0414250E+04,3,
  7.8479492E+02,  0.0000000E+00,  2.5055446E+02,2190,  5.1500231E-01,  0.0000000E+00,  6.2454242E-02,  1.0015005E+03,  8.9618555E+04,3,
  7.8615533E+02,  0.0000000E+00,  2.5067386E+02,2116,  5.9172112E-01,  0.0000000E+00,  2.9239198E-02,  1.0012774E+03,  7.6243547E+04,3,
  7.8736584E+02,  0.0000000E+00,  2.5104681E+02,2123,  5.1477093E-01,  0.0000000E+00,  5.1982850E-02,  1.0006288E+03,  3.7460453E+04,3,
  7.8822070E+02,  0.0000000E+00,  2.5094540E+02,2122,  5.7842493E-01,  0.0000000E+00,  4.7852907E-02,  1.0006550E+03,  3.9023312E+04,3,
  7.8915228E+02,  0.0000000E+00,  2.5093253E+02,2121,  5.4642445E-01,  0.0000000E+00,  5.1359281E-02,  1.0007021E+03,  4.1836348E+04,3,
  7.8986743E+02,  0.0000000E+00,  2.5100613E+02,2133,  5.4364717E-01,  0.0000000E+00,  5.3353824E-02,  1.0005902E+03,  3.5154867E+04,3,
  7.9108301E+02,  0.0000000E+00,  2.5079309E+02,2105,  5.1070571E-01,  0.0000000E+00,  3.0854292E-02,  1.0009599E+03,  5.7238293E+04,3,
  7.9170819E+02,  0.0000000E+00,  2.5117712E+02,2135,  5.3512055E-01,  0.0000000E+00,  4.2350203E-02,  1.0005677E+03,  3.3811098E+04,3,
  7.9294238E+02,  0.0000000E+00,  2.5071687E+02,2149,  4.9278963E-01,  0.0000000E+00,  6.4692916E-03,  1.0012125E+03,  7.2353328E+04,3,
  7.9399390E+02,  0.0000000E+00,  2.5093613E+02,2159,  4.7972888E-01,  0.0000000E+00,  1.0361392E-02,  1.0008729E+03,  5.2038434E+04,3,
  7.9500354E+02,  0.0000000E+00,  2.5088133E+02,2118,  4.7463125E-01,  0.0000000E+00, -2.3755596E-03,  1.0008680E+03,  5.1742941E+04,3,
  7.9608948E+02,  0.0000000E+00,  2.5085405E+02,2076,  4.4132337E-01,  0.0000000E+00, -3.3118442E-02,  1.0007871E+03,  4.6910559E+04,3,
  7.9697675E+02,  0.0000000E+00,  2.5130151E+02,2093,  6.1125356E-01,  0.0000000E+00, -1.3909908E-01,  1.0002167E+03,  1.2895050E+04,3,
  7.9750323E+02,  0.0000000E+00,  2.5088133E+02,2131,  5.6456888E-01,  0.0000000E+00, -1.3565102E-01,  1.0007520E+03,  4.4814219E+04,3,
  7.9877466E+02,  0.0000000E+00,  2.5072057E+02,2084,  8.1574595E-01,  0.0000000E+00, -9.8348178E-02,  1.0010463E+03,  6.2404348E+04,3,
  8.0044476E+02,  0.0000000E+00,  2.5058290E+02,2129,  9.3146020E-01,  0.0000000E+00,  5.0900992E-02,  1.0014435E+03,  8.6199000E+04,3,
  8.0158801E+02,  0.0000000E+00,  2.5107347E+02,2199,  6.9999671E-01,  0.0000000E+00,  1.1023184E-01,  1.0007854E+03,  4.6808469E+04,3,
  8.0268066E+02,  0.0000000E+00,  2.5067599E+02,2089,  8.3846509E-01,  0.0000000E+00,  5.0226070E-02,  1.0013068E+03,  7.8006344E+04,3,
  8.0401288E+02,  0.0000000E+00,  2.5101891E+02,2136,  7.5721991E-01,  0.0000000E+00,  7.8761829E-03,  1.0007115E+03,  4.2397590E+04,3,
  8.0483771E+02,  0.0000000E+00,  2.5078912E+02,2072,  7.9526514E-01,  0.0000000E+00, -4.2657446E-02,  1.0009200E+03,  5.4851492E+04,3,
  8.0599774E+02,  0.0000000E+00,  2.5099173E+02,2103,  7.1523291E-01,  0.0000000E+00, -4.7032002E-02,  1.0005504E+03,  3.2776996E+04,3,
  8.0661768E+02,  0.0000000E+00,  2.5105464E+02,2104,  7.5981885E-01,  0.0000000E+00, -4.8020482E-02,  1.0004708E+03,  2.8030230E+04,3,
  8.0744983E+02,  0.0000000E+00,  2.5105241E+02,2134,  7.2233850E-01,  0.0000000E+00, -7.6881334E-02,  1.0005654E+03,  3.3676367E+04,3,
  8.0879700E+02,  0.0000000E+00,  2.5058151E+02,2083,  7.2142178E-01,  0.0000000E+00, -8.3320796E-02,  1.0014828E+03,  8.8556688E+04,3,
  8.0994733E+02,  0.0000000E+00,  2.5085768E+02,2115,  7.1724772E-01,  0.0000000E+00, -6.8014674E-02,  1.0010686E+03,  6.3741020E+04,3,
  8.1117285E+02,  0.0000000E+00,  2.5085057E+02,2059,  7.2879684E-01,  0.0000000E+00, -2.4732277E-02,  1.0009406E+03,  5.6081316E+04,3,
  8.1207666E+02,  0.0000000E+00,  2.5123817E+02,2096,  7.5897330E-01,  0.0000000E+00, -2.5349144E-02,  1.0004275E+03,  2.5450311E+04,3,
  8.1275079E+02,  0.0000000E+00,  2.5103590E+02,2099,  8.2619470E-01,  0.0000000E+00, -4.5310906E-03,  1.0006756E+03,  4.0251184E+04,3,
  8.1415936E+02,  0.0000000E+00,  2.5044870E+02,2073,  8.9505893E-01,  0.0000000E+00,  1.3934905E-03,  1.0017571E+03,  1.0502835E+05,3,
  8.1517932E+02,  0.0000000E+00,  2.5128160E+02,2085,  7.9352248E-01,  0.0000000E+00, -4.6956494E-02,  1.0005458E+03,  3.2503922E+04,3,
  8.1625256E+02,  0.0000000E+00,  2.5117384E+02,2079,  8.1810051E-01,  0.0000000E+00, -3.7079398E-02,  1.0006777E+03,  4.0375074E+04,3,
  8.1718549E+02,  0.0000000E+00,  2.5053271E+02,2058,  8.2503581E-01,  0.0000000E+00, -1.0377900E-02,  1.0016081E+03,  9.6076422E+04,3,
  8.1857025E+02,  0.0000000E+00,  2.5105550E+02,2082,  1.0919077E+00,  0.0000000E+00, -4.2819906E-02,  1.0005393E+03,  3.2117990E+04,3,
  8.1957471E+02,  0.0000000E+00,  2.5090965E+02,2071,  8.0783135E-01,  0.0000000E+00,  1.0546359E-01,  1.0007112E+03,  4.2379367E+04,3,
  8.2036523E+02,  0.0000000E+00,  2.5073871E+02,2100,  4.5625004E-01,  0.0000000E+00,  8.8229269E-02,  1.0012740E+03,  7.6042414E+04,3,
  1.9391597E+02,  0.0000000E+00,  2.5712878E+02,3279, -1.0184596E+00,  0.0000000E+00,  1.3611958E+00,  1.0006910E+03,  4.1169453E+04,3,
  1.9407162E+02,  0.0000000E+00,  2.5706100E+02,3278, -1.0674257E+00,  0.0000000E+00,  1.5486104E+00,  1.0007814E+03,  4.6567824E+04,3,
  1.9497720E+02,  0.0000000E+00,  2.5724664E+02,3056, -7.6394606E-01,  0.0000000E+00,  5.1825845E-01,  1.0004186E+03,  2.4922766E+04,3,
  1.9529495E+02,  0.0000000E+00,  2.5724631E+02,3212, -4.9867266E-01,  0.0000000E+00,  4.0666705E-01,  9.9467316E+02, -3.1170644E+05,3,
  1.9635600E+02,  0.0000000E+00,  2.5710492E+02,3249, -1.2600049E+00,  0.0000000E+00,  1.0110524E+00,  1.0007807E+03,  4.6527719E+04,3,
  1.9629466E+02,  0.0000000E+00,  2.5795642E+02,3268, -1.4335395E+00,  0.0000000E+00,  1.0316308E+00,  1.0011378E+03,  6.7883648E+04,3,
  1.9953616E+02,  0.0000000E+00,  2.5706760E+02,3270, -1.4709841E-01,  0.0000000E+00,  1.8360988E+00,  9.9959161E+02, -2.4252076E+04,3,
  1.9972458E+02,  0.0000000E+00,  2.5701071E+02,3259, -3.7933505E-01,  0.0000000E+00, -4.5814082E-01,  9.9918976E+02, -4.8058363E+04,3,
  2.0080446E+02,  0.0000000E+00,  2.5710266E+02,3092, -4.9887696E-01,  0.0000000E+00,  8.2084842E-02,  9.9970105E+02, -1.7759031E+04,3,
  2.0107077E+02,  0.0000000E+00,  2.5724850E+02,3084, -1.4198996E+00,  0.0000000E+00, -9.5875090E-01,  9.9939355E+02, -3.5992457E+04,3,
  2.0255034E+02,  0.0000000E+00,  2.5741467E+02,3175, -3.3894888E-01,  0.0000000E+00, -2.8473818E-01,  1.0011258E+03,  6.7163859E+04,3,
  2.0316336E+02,  0.0000000E+00,  2.5688876E+02,3048, -2.6435038E-01,  0.0000000E+00,  2.7902165E-01,  9.9942859E+02, -3.3916746E+04,3,
  2.0378259E+02,  0.0000000E+00,  2.5676700E+02,2884, -2.8216609E-01,  0.0000000E+00, -6.0421914E-02,  1.0009099E+03,  5.4245762E+04,3,
  2.0609344E+02,  0.0000000E+00,  2.5730533E+02,3261, -6.1451042E-01,  0.0000000E+00,  1.9958423E-01,  1.0008492E+03,  5.0619434E+04,3,
  2.0471130E+02,  0.0000000E+00,  2.5719296E+02,3269, -7.5297338E-01,  0.0000000E+00,  2.1161415E-01,  9.9813867E+02, -1.1005467E+05,3,
  2.0719568E+02,  0.0000000E+00,  2.5697253E+02,2875, -4.9345610E-01,  0.0000000E+00, -7.2508979E-01,  9.9920581E+02, -4.7108516E+04,3,
  2.0884491E+02,  0.0000000E+00,  2.5714078E+02,3230, -7.7567530E-01,  0.0000000E+00, -1.3400413E-01,  9.9784320E+02, -1.2741207E+05,3,
  2.1001747E+02,  0.0000000E+00,  2.5726627E+02,3066, -6.6958183E-01,  0.0000000E+00,  5.7709181E-01,  9.9924579E+02, -4.4742523E+04,3,
  2.0882933E+02,  0.0000000E+00,  2.5756970E+02,3111, -1.0266002E+00,  0.0000000E+00, -2.3164175E-01,  1.0008952E+03,  5.3370066E+04,3,
  2.0867265E+02,  0.0000000E+00,  2.5677277E+02,3222,  2.5642899E-01,  0.0000000E+00, -5.3200191E-01,  1.0013984E+03,  8.3497867E+04,3,
  2.1160487E+02,  0.0000000E+00,  2.5704788E+02,3239, -1.0309707E+00,  0.0000000E+00, -5.5091560E-01,  1.0008657E+03,  5.1607969E+04,3,
  2.1266211E+02,  0.0000000E+00,  2.5703781E+02,3260, -9.0394385E-02,  0.0000000E+00, -3.7978943E-02,  9.9885773E+02, -6.7684906E+04,3,
  2.1306580E+02,  0.0000000E+00,  2.5709128E+02,2866, -5.6857979E-01,  0.0000000E+00, -6.1188948E-01,  9.9949646E+02, -2.9894266E+04,3,
  2.1381284E+02,  0.0000000E+00,  2.5701001E+02,3252, -8.7941873E-01,  0.0000000E+00, -5.7098526E-01,  1.0003915E+03,  2.3307559E+04,3,
  2.1720425E+02,  0.0000000E+00,  2.5692072E+02,3102, -2.3146302E-02,  0.0000000E+00,  4.2550918E-01,  9.9778558E+02, -1.3079320E+05,3,
  2.1804367E+02,  0.0000000E+00,  2.5673572E+02,3139, -1.5287054E-01,  0.0000000E+00,  4.3735176E-02,  1.0012948E+03,  7.7285828E+04,3,
  2.1746255E+02,  0.0000000E+00,  2.5731769E+02,3250, -6.9150692E-01,  0.0000000E+00, -1.7309271E-02,  1.0005835E+03,  3.4754270E+04,3,
  2.1820409E+02,  0.0000000E+00,  2.5680637E+02,3177, -5.4051316E-01,  0.0000000E+00,  1.2139200E-01,  1.0006270E+03,  3.7347531E+04,3,
  2.2011284E+02,  0.0000000E+00,  2.5472264E+02,3144, -1.3960864E-02,  0.0000000E+00,  9.3341261E-02,  1.0008853E+03,  5.2779020E+04,3,
  2.1502266E+02,  0.0000000E+00,  2.5720209E+02,3241, -7.0429331E-01,  0.0000000E+00, -8.7492651E-01,  9.9991339E+02, -5.1482485E+03,3,
  2.1944771E+02,  0.0000000E+00,  2.5565778E+02,2848, -8.2215965E-01,  0.0000000E+00,  3.5548262E-02,  9.9935376E+02, -3.8349703E+04,3,
  2.2279980E+02,  0.0000000E+00,  2.5718369E+02,3240,  1.5488885E-01,  0.0000000E+00, -1.2906569E-01,  1.0001137E+03,  6.7631802E+03,3,
  2.2336842E+02,  0.0000000E+00,  2.5707532E+02,3221,  1.2500297E-01,  0.0000000E+00, -1.0858341E-01,  1.0001023E+03,  6.0841128E+03,3,
  2.2427574E+02,  0.0000000E+00,  2.5743134E+02,3148,  1.2139200E-01,  0.0000000E+00, -1.4147878E-01,  1.0000869E+03,  5.1690791E+03,3,
  2.2554103E+02,  0.0000000E+00,  2.5716385E+02,3195,  2.0424949E-01,  0.0000000E+00, -1.7244521E-01,  1.0000662E+03,  3.9382744E+03,3,
  2.2665111E+02,  0.0000000E+00,  2.5697168E+02,3203,  3.9437225E-01,  0.0000000E+00, -1.5353169E-01,  1.0000616E+03,  3.6659932E+03,3,
  2.2093185E+02,  0.0000000E+00,  2.5506705E+02,3232, -5.4099721E-01,  0.0000000E+00,  1.9552933E-01,  1.0004164E+03,  2.4788154E+04,3,
  2.2256555E+02,  0.0000000E+00,  2.5485745E+02,3231, -6.2174112E-01,  0.0000000E+00,  1.0938060E-01,  1.0007813E+03,  4.6564176E+04,3,
  2.2544882E+02,  0.0000000E+00,  2.5518088E+02,3213, -6.7748195E-01,  0.0000000E+00, -1.3641649E-01,  1.0002200E+03,  1.3087640E+04,3,
  2.2436374E+02,  0.0000000E+00,  2.5477579E+02,3251, -4.7164109E-01,  0.0000000E+00, -8.5898995E-02,  1.0006593E+03,  3.9278348E+04,3,
  2.2702419E+02,  0.0000000E+00,  2.5451390E+02,3242, -4.8156828E-01,  0.0000000E+00, -2.3425354E-02,  1.0012587E+03,  7.5124586E+04,3,
  2.2846259E+02,  0.0000000E+00,  2.5747305E+02,3234,  2.4903095E-01,  0.0000000E+00,  7.7249952E-02,  1.0000649E+03,  3.8620349E+03,3,
  2.3037718E+02,  0.0000000E+00,  2.5726419E+02,3157,  4.7557987E-02,  0.0000000E+00,  1.6868895E-02,  1.0000668E+03,  3.9709487E+03,3,
  2.2821594E+02,  0.0000000E+00,  2.5521706E+02,2830, -3.6660561E-01,  0.0000000E+00,  2.8576866E-02,  1.0003777E+03,  2.2485504E+04,3,
  2.3027989E+02,  0.0000000E+00,  2.5537776E+02,3185, -1.0177660E-01,  0.0000000E+00,  4.5082636E-02,  1.0002258E+03,  1.3436492E+04,3,
  2.2987488E+02,  0.0000000E+00,  2.5457222E+02,3214, -5.3250980E-01,  0.0000000E+00,  6.8803996E-02,  1.0010944E+03,  6.5282430E+04,3,
  2.3216858E+02,  0.0000000E+00,  2.5466978E+02,3215, -3.4376621E-01,  0.0000000E+00,  1.1178713E-02,  1.0010016E+03,  5.9731539E+04,3,
  2.3354486E+02,  0.0000000E+00,  2.5489717E+02,2821, -2.0614120E-01,  0.0000000E+00, -3.8047696E-03,  1.0006331E+03,  3.7711809E+04,3,
  2.3225749E+02,  0.0000000E+00,  2.5733829E+02,3204,  1.2503147E-01,  0.0000000E+00, -2.1424502E-01,  1.0000979E+03,  5.8226660E+03,3,
  2.3319571E+02,  0.0000000E+00,  2.5773102E+02,3233,  2.2681120E-01,  0.0000000E+00, -3.4323394E-01,  1.0001221E+03,  7.2607085E+03,3,
  2.3058214E+02,  0.0000000E+00,  2.5764856E+02,2857,  1.0733155E-01,  0.0000000E+00, -3.5867281E-02,  1.0000849E+03,  5.0492598E+03,3,
  2.3470105E+02,  0.0000000E+00,  2.5789343E+02,3243,  4.3890557E-01,  0.0000000E+00, -4.2609286E-01,  1.0001433E+03,  8.5246152E+03,3,
  2.3586140E+02,  0.0000000E+00,  2.5731165E+02,2957,  6.5164411E-01,  0.0000000E+00, -3.7359884E-01,  1.0001281E+03,  7.6166196E+03,3,
  2.3725302E+02,  0.0000000E+00,  2.5725290E+02,3194,  7.3909748E-01,  0.0000000E+00, -3.3168986E-01,  1.0001104E+03,  6.5634497E+03,3,
  2.3470322E+02,  0.0000000E+00,  2.5497910E+02,3186, -1.3400745E-01,  0.0000000E+00,  6.8929191E-03,  1.0004606E+03,  2.7422488E+04,3,
  2.3558223E+02,  0.0000000E+00,  2.5493106E+02,3176, -1.4273149E-01,  0.0000000E+00,  2.2734417E-02,  1.0005416E+03,  3.2252701E+04,3,
  2.3688214E+02,  0.0000000E+00,  2.5476295E+02,2975, -1.6408877E-01,  0.0000000E+00,  6.3514777E-02,  1.0007498E+03,  4.4682984E+04,3,
  2.3821921E+02,  0.0000000E+00,  2.5484171E+02,3030, -3.4891732E-02,  0.0000000E+00,  8.4049672E-02,  1.0006866E+03,  4.0907082E+04,3,
  2.3973219E+02,  0.0000000E+00,  2.5463342E+02,3206,  1.8802443E-01,  0.0000000E+00,  8.5661680E-02,  1.0011122E+03,  6.6349141E+04,3,
  2.3947731E+02,  0.0000000E+00,  2.5685193E+02,3130,  7.4585611E-01,  0.0000000E+00, -1.5608391E-01,  1.0000689E+03,  4.0980161E+03,3,
  2.3830083E+02,  0.0000000E+00,  2.5708713E+02,2966,  7.8297150E-01,  0.0000000E+00, -2.6908112E-01,  1.0000902E+03,  5.3651504E+03,3,
  2.4075262E+02,  0.0000000E+00,  2.5739749E+02,3224,  9.7674525E-01,  0.0000000E+00, -1.0341078E-01,  1.0000782E+03,  4.6498716E+03,3,
  2.4253419E+02,  0.0000000E+00,  2.5755679E+02,3223,  8.8658416E-01,  0.0000000E+00, -1.1207090E-01,  1.0000843E+03,  5.0129507E+03,3,
  2.4114020E+02,  0.0000000E+00,  2.5482904E+02,2803,  2.8045580E-01,  0.0000000E+00,  3.9763991E-02,  1.0008376E+03,  4.9926422E+04,3,
  2.4360432E+02,  0.0000000E+00,  2.5728595E+02,3057,  9.1639686E-01,  0.0000000E+00, -1.9042140E-01,  1.0000508E+03,  3.0234390E+03,3,
  2.4247356E+02,  0.0000000E+00,  2.5490346E+02,2948,  3.0210721E-01,  0.0000000E+00,  1.2144120E-02,  1.0006207E+03,  3.6972340E+04,3,
  2.4340451E+02,  0.0000000E+00,  2.5496625E+02,3149,  2.8731558E-01,  0.0000000E+00, -1.2883862E-02,  1.0005646E+03,  3.3629031E+04,3,
  2.4441100E+02,  0.0000000E+00,  2.5495961E+02,3085,  5.4114705E-01,  0.0000000E+00, -6.0580544E-02,  1.0007586E+03,  4.5207930E+04,3,
  2.4588857E+02,  0.0000000E+00,  2.5495683E+02,3049,  4.7549707E-01,  0.0000000E+00, -2.0167726E-01,  1.0008152E+03,  4.8591598E+04,3,
  2.4728317E+02,  0.0000000E+00,  2.5493279E+02,3103,  4.7467458E-01,  0.0000000E+00, -2.7204290E-01,  1.0008276E+03,  4.9331930E+04,3,
  2.4625240E+02,  0.0000000E+00,  2.5718439E+02,3094,  1.1888188E+00,  0.0000000E+00, -6.1721665E-01,  1.0000604E+03,  3.5897556E+03,3,
  2.4501350E+02,  0.0000000E+00,  2.5756744E+02,3205,  8.8184255E-01,  0.0000000E+00, -4.5483893E-01,  1.0000901E+03,  5.3578887E+03,3,
  2.4762520E+02,  0.0000000E+00,  2.5738361E+02,2839,  1.2373053E+00,  0.0000000E+00, -7.3775446E-01,  1.0001375E+03,  8.1795669E+03,3,
  2.4867139E+02,  0.0000000E+00,  2.5739938E+02,3093,  1.2175014E+00,  0.0000000E+00, -8.1713164E-01,  1.0001918E+03,  1.1408958E+04,3,
  2.4850584E+02,  0.0000000E+00,  2.5391583E+02,3179,  6.6745216E-01,  0.0000000E+00, -5.3409111E-01,  1.0011208E+03,  6.6867922E+04,3,
  2.5052553E+02,  0.0000000E+00,  2.5729745E+02,3112,  1.1863846E+00,  0.0000000E+00, -7.8995365E-01,  1.0002351E+03,  1.3988867E+04,3,
  2.4948239E+02,  0.0000000E+00,  2.5357535E+02,2984,  9.3418437E-01,  0.0000000E+00, -9.4015384E-01,  1.0006620E+03,  3.9438660E+04,3,
  2.5192703E+02,  0.0000000E+00,  2.5523988E+02,3131,  2.1316018E+00,  0.0000000E+00,  5.3311890E-01,  1.0008609E+03,  5.1319789E+04,3,
  2.5118489E+02,  0.0000000E+00,  2.5296146E+02,2794, -2.0185702E-01,  0.0000000E+00, -5.2946709E-02,  1.0007417E+03,  4.4198160E+04,3,
  2.5001474E+02,  0.0000000E+00,  2.5273607E+02,3171,  1.5753888E-01,  0.0000000E+00, -4.0335402E-01,  1.0010259E+03,  6.1184699E+04,3,
  2.5396487E+02,  0.0000000E+00,  2.5340977E+02,2912,  5.7832468E-01,  0.0000000E+00, -1.4597470E-01,  1.0001777E+03,  1.0573356E+04,3,
  2.5385091E+02,  0.0000000E+00,  2.5327559E+02,3104,  6.1510181E-01,  0.0000000E+00, -1.1504817E-01,  1.0003329E+03,  1.9812479E+04,3,
  2.5200598E+02,  0.0000000E+00,  2.5244630E+02,3161,  5.3456122E-01,  0.0000000E+00,  6.7930676E-02,  1.0019759E+03,  1.1818112E+05,3,
  2.5402097E+02,  0.0000000E+00,  2.5727280E+02,3012,  1.7488184E+00,  0.0000000E+00, -2.1008284E-01,  1.0003151E+03,  1.8750742E+04,3,
  2.4963011E+02,  0.0000000E+00,  2.5755737E+02,3075,  1.2070481E+00,  0.0000000E+00, -8.4804010E-01,  1.0002167E+03,  1.2891416E+04,3,
  2.5163029E+02,  0.0000000E+00,  2.5756549E+02,2812,  1.3290825E+00,  0.0000000E+00, -6.6209668E-01,  1.0002595E+03,  1.5438998E+04,3,
  2.5312598E+02,  0.0000000E+00,  2.5771365E+02,3225,  1.5643210E+00,  0.0000000E+00, -4.2648873E-01,  1.0002690E+03,  1.6006024E+04,3,
  2.5509390E+02,  0.0000000E+00,  2.5698254E+02,3011,  1.8020182E+00,  0.0000000E+00, -1.0576981E-01,  1.0002675E+03,  1.5918787E+04,3,
  2.5530585E+02,  0.0000000E+00,  2.5518733E+02,3067,  1.0028905E+00,  0.0000000E+00, -6.7979997E-01,  1.0011580E+03,  6.9093156E+04,3,
  2.5642569E+02,  0.0000000E+00,  2.5791486E+02,3216,  1.7704178E+00,  0.0000000E+00, -1.6573949E-01,  1.0002013E+03,  1.1975754E+04,3,
  2.5538167E+02,  0.0000000E+00,  2.5249356E+02,3126,  3.8385302E-01,  0.0000000E+00, -2.2439741E-01,  1.0019667E+03,  1.1762662E+05,3,
  2.5773550E+02,  0.0000000E+00,  2.5669525E+02,3076,  1.3921826E+00,  0.0000000E+00, -6.2755018E-02,  1.0005357E+03,  3.1903188E+04,3,
  2.5713412E+02,  0.0000000E+00,  2.5418228E+02,3159,  9.1939396E-01,  0.0000000E+00, -6.5908116E-01,  1.0000079E+03,  4.6815527E+02,3,
  2.5948669E+02,  0.0000000E+00,  2.5563007E+02,3158,  6.3869309E-01,  0.0000000E+00, -5.5443698E-01,  1.0010463E+03,  6.2407996E+04,3,
  2.5712769E+02,  0.0000000E+00,  2.5262697E+02,3135,  6.8569505E-01,  0.0000000E+00, -1.3859633E-01,  1.0016539E+03,  9.8824938E+04,3,
  2.5875858E+02,  0.0000000E+00,  2.5259753E+02,3090,  9.7497451E-01,  0.0000000E+00, -3.1946674E-02,  1.0017708E+03,  1.0584989E+05,3,
  2.5994339E+02,  0.0000000E+00,  2.5295859E+02,3132,  9.9301344E-01,  0.0000000E+00,  1.3794815E-03,  1.0008948E+03,  5.3348176E+04,3,
  2.5972757E+02,  0.0000000E+00,  2.5760495E+02,3196,  1.6169478E+00,  0.0000000E+00, -7.7789932E-01,  1.0001600E+03,  9.5162402E+03,3,
  2.5824329E+02,  0.0000000E+00,  2.5798022E+02,3207,  1.5175580E+00,  0.0000000E+00, -3.7506118E-01,  1.0001817E+03,  1.0809498E+04,3,
  2.6112222E+02,  0.0000000E+00,  2.5770795E+02,3197,  1.9133815E+00,  0.0000000E+00, -8.0358469E-01,  1.0001768E+03,  1.0515230E+04,3,
  2.6130594E+02,  0.0000000E+00,  2.5306183E+02,3123,  1.0488584E+00,  0.0000000E+00,  4.8643827E-02,  1.0005102E+03,  3.0381488E+04,3,
  2.6189154E+02,  0.0000000E+00,  2.5534138E+02,3141,  1.6424259E+00,  0.0000000E+00,  1.9196199E-01,  1.0010620E+03,  6.3342918E+04,3,
  2.6183350E+02,  0.0000000E+00,  2.5260881E+02,3087,  1.0140387E+00,  0.0000000E+00,  4.9938761E-02,  1.0013853E+03,  8.2707430E+04,3,
  2.6319571E+02,  0.0000000E+00,  2.5785001E+02,3168,  2.1142027E+00,  0.0000000E+00,  1.0962998E-02,  1.0001929E+03,  1.1477989E+04,3,
  2.6443051E+02,  0.0000000E+00,  2.5767578E+02,2993,  2.0754566E+00,  0.0000000E+00,  4.3859208E-01,  1.0000913E+03,  5.4305088E+03,3,
  2.6565952E+02,  0.0000000E+00,  2.5806827E+02,3178,  1.9131432E+00,  0.0000000E+00,  1.0905679E-01,  1.0001887E+03,  1.1223667E+04,3,
  2.6438956E+02,  0.0000000E+00,  2.5549507E+02,2921,  1.4032297E+00,  0.0000000E+00,  3.4127855E-01,  1.0011899E+03,  7.1004539E+04,3,
  2.6337845E+02,  0.0000000E+00,  2.5295450E+02,3013,  1.0131459E+00,  0.0000000E+00,  2.3313228E-02,  1.0005572E+03,  3.3184797E+04,3,
  2.6404422E+02,  0.0000000E+00,  2.5282298E+02,2976,  9.5200640E-01,  0.0000000E+00,  4.6846092E-02,  1.0008418E+03,  5.0178090E+04,3,
  2.6647607E+02,  0.0000000E+00,  2.5560246E+02,2785,  1.5121714E+00,  0.0000000E+00,  1.3304846E-01,  1.0007988E+03,  4.7607008E+04,3,
  2.6525015E+02,  0.0000000E+00,  2.5273561E+02,3031,  9.3200231E-01,  0.0000000E+00,  4.7546457E-02,  1.0010933E+03,  6.5220332E+04,3,
  2.6625647E+02,  0.0000000E+00,  2.5300908E+02,2930,  7.8385127E-01,  0.0000000E+00,  4.1347489E-02,  1.0004962E+03,  2.9544289E+04,3,
  2.6729059E+02,  0.0000000E+00,  2.5281178E+02,2967,  8.4816867E-01,  0.0000000E+00,  3.2734055E-02,  1.0008649E+03,  5.1560547E+04,3,
  2.6672894E+02,  0.0000000E+00,  2.5816547E+02,3170,  2.0179422E+00,  0.0000000E+00, -1.6987719E-01,  1.0002473E+03,  1.4712089E+04,3,
  2.6817581E+02,  0.0000000E+00,  2.5280612E+02,2740,  1.2948331E+00,  0.0000000E+00,  1.2538074E-01,  1.0007329E+03,  4.3673262E+04,3,
  2.6812460E+02,  0.0000000E+00,  2.5491977E+02,3040,  1.0888892E+00,  0.0000000E+00,  7.2750241E-02,  1.0008634E+03,  5.1469348E+04,3,
  2.6974237E+02,  0.0000000E+00,  2.5712766E+02,2776,  2.1558301E+00,  0.0000000E+00,  1.7841612E-01,  1.0005219E+03,  3.1080422E+04,3,
  2.7090631E+02,  0.0000000E+00,  2.5585933E+02,3140,  2.5196748E+00,  0.0000000E+00,  4.4595602E-01,  1.0006166E+03,  3.6728293E+04,3,
  2.6993234E+02,  0.0000000E+00,  2.5241856E+02,3072,  2.7684578E-01,  0.0000000E+00,  2.3249073E-01,  1.0018303E+03,  1.0942659E+05,3,
  2.7071518E+02,  0.0000000E+00,  2.5362706E+02,3096,  5.8773392E-01,  0.0000000E+00,  6.8328416E-01,  1.0008097E+03,  4.8259746E+04,3,
  2.7355301E+02,  0.0000000E+00,  2.5802243E+02,3021,  2.4805009E+00,  0.0000000E+00,  2.6613677E-01,  1.0001915E+03,  1.1394426E+04,3,
  2.7457111E+02,  0.0000000E+00,  2.5759262E+02,2994,  2.6461883E+00,  0.0000000E+00,  3.1763795E-01,  1.0001333E+03,  7.9289604E+03,3,
  2.7096622E+02,  0.0000000E+00,  2.5353629E+02,3107,  7.4113446E-01,  0.0000000E+00,  8.1979597E-01,  1.0010734E+03,  6.4025906E+04,3,
  2.7289383E+02,  0.0000000E+00,  2.5518677E+02,3077,  2.0543725E+00,  0.0000000E+00,  4.6160686E-01,  1.0006153E+03,  3.6651801E+04,3,
  2.7398563E+02,  0.0000000E+00,  2.5505852E+02,3004,  1.6537185E+00,  0.0000000E+00,  1.7352197E-01,  1.0006694E+03,  3.9879527E+04,3,
  2.6947592E+02,  0.0000000E+00,  2.5817480E+02,3150,  2.5248947E+00,  0.0000000E+00,  2.2545120E-02,  1.0001732E+03,  1.0304526E+04,3,
  2.7504132E+02,  0.0000000E+00,  2.5506296E+02,3060,  1.4145447E+00,  0.0000000E+00,  3.7841320E-03,  1.0006436E+03,  3.8342035E+04,3,
  2.7623386E+02,  0.0000000E+00,  2.5712405E+02,3058,  2.3016436E+00,  0.0000000E+00,  4.3377396E-01,  1.0001113E+03,  6.6215527E+03,3,
  2.7615137E+02,  0.0000000E+00,  2.5491685E+02,3069,  1.3601010E+00,  0.0000000E+00, -3.1246347E-02,  1.0007359E+03,  4.3851871E+04,3,
  2.7863513E+02,  0.0000000E+00,  2.5818192E+02,3169,  2.3132694E+00,  0.0000000E+00,  2.3656051E-01,  1.0001946E+03,  1.1576087E+04,3,
  2.7735303E+02,  0.0000000E+00,  2.5466745E+02,2867,  1.3624569E+00,  0.0000000E+00,  1.3515530E-02,  1.0009836E+03,  5.8654586E+04,3,
  2.7973859E+02,  0.0000000E+00,  2.5798120E+02,3121,  2.2109497E+00,  0.0000000E+00,  2.7611988E-02,  1.0001779E+03,  1.0584256E+04,3,
  2.7895227E+02,  0.0000000E+00,  2.5498380E+02,2939,  1.6312664E+00,  0.0000000E+00,  1.7818895E-01,  1.0005385E+03,  3.2067020E+04,3,
  2.7851788E+02,  0.0000000E+00,  2.5520973E+02,2885,  1.0951675E+00,  0.0000000E+00,  3.1827468E-02,  1.0002791E+03,  1.6609434E+04,3,
  2.7981516E+02,  0.0000000E+00,  2.5516560E+02,2876,  1.4252269E+00,  0.0000000E+00,  1.0435721E-01,  1.0004141E+03,  2.4653545E+04,3,
  2.8148203E+02,  0.0000000E+00,  2.5455621E+02,2946,  1.2823600E+00,  0.0000000E+00,  8.6630784E-02,  1.0016281E+03,  9.7278352E+04,3,
  2.8275592E+02,  0.0000000E+00,  2.5770801E+02,3105,  2.3588881E+00,  0.0000000E+00,  4.2951129E-02,  1.0001033E+03,  6.1458442E+03,3,
  2.8283466E+02,  0.0000000E+00,  2.5468568E+02,3045,  1.4263068E+00,  0.0000000E+00,  1.3836890E-01,  1.0013971E+03,  8.3417352E+04,3,
  2.8558118E+02,  0.0000000E+00,  2.5808737E+02,2767,  2.4824400E+00,  0.0000000E+00,  1.7019796E-01,  1.0001722E+03,  1.0246401E+04,3,
  2.8433322E+02,  0.0000000E+00,  2.5504025E+02,2704,  1.4520377E+00,  0.0000000E+00,  1.3392182E-01,  1.0006381E+03,  3.8014168E+04,3,
  2.8657880E+02,  0.0000000E+00,  2.5792062E+02,3086,  2.5411375E+00,  0.0000000E+00,  2.1961196E-01,  1.0001607E+03,  9.5598301E+03,3,
  2.8527008E+02,  0.0000000E+00,  2.5504733E+02,2722,  1.4223658E+00,  0.0000000E+00,  1.4189883E-01,  1.0005586E+03,  3.3268547E+04,3,
  2.8782736E+02,  0.0000000E+00,  2.5809821E+02,3003,  2.5101659E+00,  0.0000000E+00,  2.8348532E-01,  1.0001764E+03,  1.0493434E+04,3,
  2.8613950E+02,  0.0000000E+00,  2.5488097E+02,2949,  1.4018483E+00,  0.0000000E+00,  1.1591306E-01,  1.0007797E+03,  4.6469379E+04,3,
  2.8738818E+02,  0.0000000E+00,  2.5467876E+02,2995,  1.4649186E+00,  0.0000000E+00,  6.5764517E-02,  1.0010806E+03,  6.4460559E+04,3,
  2.8425839E+02,  0.0000000E+00,  2.5815991E+02,3151,  2.5802531E+00,  0.0000000E+00,  1.0156371E-01,  1.0001783E+03,  1.0606053E+04,3,
  2.8845993E+02,  0.0000000E+00,  2.5525133E+02,2985,  1.3341473E+00,  0.0000000E+00,  8.2593620E-02,  1.0002482E+03,  1.4766605E+04,3,
  2.8925302E+02,  0.0000000E+00,  2.5818478E+02,3133,  2.4450989E+00,  0.0000000E+00,  3.5246283E-01,  1.0001779E+03,  1.0584256E+04,3,
  2.9016306E+02,  0.0000000E+00,  2.5777283E+02,3022,  2.3643339E+00,  0.0000000E+00,  3.7265655E-01,  1.0001599E+03,  9.5089756E+03,3,
  2.8938174E+02,  0.0000000E+00,  2.5487971E+02,2958,  1.1632304E+00,  0.0000000E+00,  9.9188581E-02,  1.0008085E+03,  4.8190457E+04,3,
  2.9143707E+02,  0.0000000E+00,  2.5804321E+02,3162,  2.2960949E+00,  0.0000000E+00,  3.9308447E-01,  1.0001821E+03,  1.0831296E+04,3,
  2.9055792E+02,  0.0000000E+00,  2.5485889E+02,2695,  1.2395275E+00,  0.0000000E+00,  1.3054569E-01,  1.0010074E+03,  6.0082031E+04,3,
  2.9307141E+02,  0.0000000E+00,  2.5789175E+02,3153,  1.9053160E+00,  0.0000000E+00,  2.2132118E-01,  1.0001833E+03,  1.0903956E+04,3,
  2.9154913E+02,  0.0000000E+00,  2.5535095E+02,2831,  1.3388754E+00,  0.0000000E+00,  1.6225722E-01,  1.0004767E+03,  2.8386887E+04,3,
  2.9451102E+02,  0.0000000E+00,  2.5759064E+02,3095,  1.7380863E+00,  0.0000000E+00, -1.4123051E-02,  1.0002194E+03,  1.3051302E+04,3,
  2.9496799E+02,  0.0000000E+00,  2.5724451E+02,3051,  1.9638386E+00,  0.0000000E+00, -1.6951357E-01,  1.0003696E+03,  2.1998123E+04,3,
  2.9281973E+02,  0.0000000E+00,  2.5460602E+02,3061,  1.1669016E+00,  0.0000000E+00, -1.0776813E-01,  1.0012003E+03,  7.1625914E+04,3,
  2.9408481E+02,  0.0000000E+00,  2.5478323E+02,2913,  1.1654685E+00,  0.0000000E+00, -2.8630176E-01,  1.0005477E+03,  3.2616791E+04,3,
  2.9535706E+02,  0.0000000E+00,  2.5420367E+02,2922,  8.3628714E-01,  0.0000000E+00, -7.9750162E-01,  1.0010183E+03,  6.0731930E+04,3,
  2.9614886E+02,  0.0000000E+00,  2.5763870E+02,3142,  1.9519047E+00,  0.0000000E+00,  1.8220587E-01,  1.0004189E+03,  2.4937318E+04,3,
  2.9577213E+02,  0.0000000E+00,  2.5289386E+02,3062,  7.0034742E-01,  0.0000000E+00, -3.3273047E-01,  1.0014645E+03,  8.7458312E+04,3,
  2.9761752E+02,  0.0000000E+00,  2.5754831E+02,3152,  1.4198694E+00,  0.0000000E+00,  3.3198932E-01,  1.0005405E+03,  3.2187166E+04,3,
  2.9859799E+02,  0.0000000E+00,  2.5730835E+02,3143,  1.2273915E+00,  0.0000000E+00,  4.7098085E-02,  1.0005510E+03,  3.2813406E+04,3,
  2.9784433E+02,  0.0000000E+00,  2.5379092E+02,3041,  1.2675806E+00,  0.0000000E+00,  9.6602559E-01,  9.9802844E+02, -1.1653369E+05,3,
  2.9961932E+02,  0.0000000E+00,  2.5701129E+02,3122,  1.4730833E+00,  0.0000000E+00, -2.9267260E-01,  1.0003634E+03,  2.1630785E+04,3,
  2.9928668E+02,  0.0000000E+00,  2.5363524E+02,2713,  1.2975483E+00,  0.0000000E+00, -4.1337028E-02,  1.0026589E+03,  1.5935784E+05,3,
  3.0055807E+02,  0.0000000E+00,  2.5639954E+02,2894,  1.5186301E+00,  0.0000000E+00, -4.1035768E-01,  1.0002723E+03,  1.6202310E+04,3,
  2.9788785E+02,  0.0000000E+00,  2.5291197E+02,2804,  2.6616451E-01,  0.0000000E+00,  3.6120871E-01,  1.0014976E+03,  8.9442789E+04,3,
  3.0135199E+02,  0.0000000E+00,  2.5558607E+02,3068,  1.5817664E+00,  0.0000000E+00, -5.5955315E-01,  1.0008100E+03,  4.8277977E+04,3,
  3.0006711E+02,  0.0000000E+00,  2.5248909E+02,2996,  4.9174288E-01,  0.0000000E+00, -4.4463849E-01,  1.0004954E+03,  2.9500611E+04,3,
  3.0094852E+02,  0.0000000E+00,  2.5181435E+02,2941,  2.4335377E-01,  0.0000000E+00, -3.8829303E-01,  1.0008254E+03,  4.9200637E+04,3,
  2.9614990E+02,  0.0000000E+00,  2.5259471E+02,3008,  5.6322461E-01,  0.0000000E+00, -1.4102419E-01,  1.0017896E+03,  1.0697962E+05,3,
  3.0199670E+02,  0.0000000E+00,  2.5163811E+02,2931,  1.5713717E-01,  0.0000000E+00, -4.2410937E-01,  1.0005220E+03,  3.1084062E+04,3,
  3.0278867E+02,  0.0000000E+00,  2.5576871E+02,2903,  1.5481306E+00,  0.0000000E+00, -3.0861387E-01,  1.0005584E+03,  3.3257621E+04,3,
  3.0362628E+02,  0.0000000E+00,  2.5690192E+02,3134,  1.6976129E+00,  0.0000000E+00, -8.7309785E-02,  1.0001854E+03,  1.1031112E+04,3,
  3.0362543E+02,  0.0000000E+00,  2.5455859E+02,2731,  7.6529735E-01,  0.0000000E+00, -9.5103574E-01,  1.0004625E+03,  2.7535301E+04,3,
  3.0498212E+02,  0.0000000E+00,  2.5692624E+02,2749,  1.3179398E+00,  0.0000000E+00,  2.6428536E-02,  1.0002484E+03,  1.4781144E+04,3,
  3.0598224E+02,  0.0000000E+00,  2.5712094E+02,2758,  1.1867094E+00,  0.0000000E+00,  1.1514491E-01,  1.0002422E+03,  1.4410438E+04,3,
  3.0565662E+02,  0.0000000E+00,  2.5459666E+02,3042,  9.7288811E-01,  0.0000000E+00, -3.2344511E-01,  1.0004590E+03,  2.7327873E+04,3,
  3.0463324E+02,  0.0000000E+00,  2.5344519E+02,2986,  6.9900912E-01,  0.0000000E+00, -3.4500179E-01,  1.0010698E+03,  6.3810414E+04,3,
  3.0743350E+02,  0.0000000E+00,  2.5716077E+02,3113,  8.4838355E-01,  0.0000000E+00,  8.2724132E-02,  1.0002787E+03,  1.6583988E+04,3,
  3.0706580E+02,  0.0000000E+00,  2.5402048E+02,2641,  1.0850973E+00,  0.0000000E+00, -3.6893927E-02,  1.0008923E+03,  5.3198586E+04,3,
  3.0826343E+02,  0.0000000E+00,  2.5724429E+02,3124,  9.5930940E-01,  0.0000000E+00, -2.9646453E-02,  1.0002399E+03,  1.4272335E+04,3,
  3.0859616E+02,  0.0000000E+00,  2.5389578E+02,3032,  9.0132189E-01,  0.0000000E+00,  3.7230206E-01,  1.0010480E+03,  6.2510250E+04,3,
  3.0967743E+02,  0.0000000E+00,  2.5710220E+02,3114,  1.2699246E+00,  0.0000000E+00, -7.2853103E-02,  1.0001449E+03,  8.6190508E+03,3,
  3.1008951E+02,  0.0000000E+00,  2.5505267E+02,2858,  1.0819783E+00,  0.0000000E+00,  3.8344730E-02,  1.0009963E+03,  5.9417566E+04,3,
  3.1113965E+02,  0.0000000E+00,  2.5722437E+02,3106,  1.2742463E+00,  0.0000000E+00,  3.3068758E-02,  1.0001281E+03,  7.6202515E+03,3,
  3.1096091E+02,  0.0000000E+00,  2.5359161E+02,2650,  9.4396234E-01,  0.0000000E+00,  1.1834601E-01,  1.0009833E+03,  5.8636332E+04,3,
  3.1233139E+02,  0.0000000E+00,  2.5744186E+02,3125,  1.1945653E+00,  0.0000000E+00,  1.4987174E-02,  1.0001570E+03,  9.3418818E+03,3,
  3.1272424E+02,  0.0000000E+00,  2.5507050E+02,3015,  9.3062139E-01,  0.0000000E+00,  1.3567208E-02,  1.0008953E+03,  5.3373719E+04,3,
  3.1371347E+02,  0.0000000E+00,  2.5758557E+02,3115,  1.1563593E+00,  0.0000000E+00, -1.1674764E-01,  1.0002003E+03,  1.1913986E+04,3,
  3.1506006E+02,  0.0000000E+00,  2.5739539E+02,3116,  1.2348135E+00,  0.0000000E+00, -2.4023862E-01,  1.0002245E+03,  1.3356546E+04,3,
  3.1478470E+02,  0.0000000E+00,  2.5492850E+02,2968,  1.2066579E+00,  0.0000000E+00, -1.0733149E-01,  1.0006324E+03,  3.7671734E+04,3,
  3.1352676E+02,  0.0000000E+00,  2.5362387E+02,2886,  9.8306745E-01,  0.0000000E+00,  7.2205886E-02,  1.0008082E+03,  4.8172223E+04,3,
  3.1583151E+02,  0.0000000E+00,  2.5349258E+02,2959,  7.5160730E-01,  0.0000000E+00, -1.2373977E-02,  1.0009310E+03,  5.5512004E+04,3,
  3.1647433E+02,  0.0000000E+00,  2.5728241E+02,2977,  1.3264167E+00,  0.0000000E+00, -2.6477665E-01,  1.0002245E+03,  1.3360180E+04,3,
  3.1686328E+02,  0.0000000E+00,  2.5493163E+02,3005,  1.3530594E+00,  0.0000000E+00, -2.1126868E-02,  1.0006205E+03,  3.6965055E+04,3,
  3.1802048E+02,  0.0000000E+00,  2.5758273E+02,3108,  1.4175231E+00,  0.0000000E+00, -2.0956352E-01,  1.0001912E+03,  1.1376260E+04,3,
  3.1863776E+02,  0.0000000E+00,  2.5631149E+02,3078,  1.3622451E+00,  0.0000000E+00, -1.7589968E-01,  1.0003959E+03,  2.3569465E+04,3,
  3.1816629E+02,  0.0000000E+00,  2.5369894E+02,3014,  1.0337747E+00,  0.0000000E+00, -1.5392825E-01,  1.0010162E+03,  6.0604137E+04,3,
  3.2002841E+02,  0.0000000E+00,  2.5755179E+02,3117,  1.3774083E+00,  0.0000000E+00, -1.3191456E-01,  1.0001890E+03,  1.1241832E+04,3,
  3.1978696E+02,  0.0000000E+00,  2.5445169E+02,2896,  1.1726015E+00,  0.0000000E+00, -2.0449218E-01,  1.0008074E+03,  4.8121172E+04,3,
  3.2115158E+02,  0.0000000E+00,  2.5692480E+02,3059,  1.3871256E+00,  0.0000000E+00, -6.4671956E-02,  1.0002825E+03,  1.6809367E+04,3,
  3.2100610E+02,  0.0000000E+00,  2.5380310E+02,2970,  1.3555769E+00,  0.0000000E+00,  9.8205417E-02,  1.0008747E+03,  5.2144227E+04,3,
  3.2222360E+02,  0.0000000E+00,  2.5743918E+02,3097,  1.4947877E+00,  0.0000000E+00,  6.2326696E-03,  1.0002089E+03,  1.2426308E+04,3,
  3.2256000E+02,  0.0000000E+00,  2.5478732E+02,3050,  1.2474142E+00,  0.0000000E+00,  7.8226097E-02,  1.0008207E+03,  4.8919816E+04,3,
  3.2355673E+02,  0.0000000E+00,  2.5743692E+02,3088,  1.4029717E+00,  0.0000000E+00,  6.9092914E-02,  1.0002284E+03,  1.3589119E+04,3,
  3.2350699E+02,  0.0000000E+00,  2.5376291E+02,3024,  1.2199694E+00,  0.0000000E+00, -8.8956587E-02,  1.0007792E+03,  4.6436566E+04,3,
  3.2468915E+02,  0.0000000E+00,  2.5728943E+02,3099,  1.3590585E+00,  0.0000000E+00,  6.2076818E-02,  1.0002573E+03,  1.5311785E+04,3,
  3.2483121E+02,  0.0000000E+00,  2.5427954E+02,2923,  1.1514856E+00,  0.0000000E+00,  5.1932890E-02,  1.0007419E+03,  4.4209094E+04,3,
  3.2589026E+02,  0.0000000E+00,  2.5756653E+02,3098,  1.4322931E+00,  0.0000000E+00, -1.5442312E-03,  1.0002192E+03,  1.3044034E+04,3,
  3.2637000E+02,  0.0000000E+00,  2.5496985E+02,2632,  1.1878124E+00,  0.0000000E+00,  1.4050514E-01,  1.0006636E+03,  3.9533391E+04,3,
  3.2715533E+02,  0.0000000E+00,  2.5755292E+02,2940,  1.4882885E+00,  0.0000000E+00, -3.8870599E-02,  1.0002231E+03,  1.3272967E+04,3,
  3.2655508E+02,  0.0000000E+00,  2.5371558E+02,2944,  1.0934612E+00,  0.0000000E+00,  5.4687150E-02,  1.0007560E+03,  4.5051172E+04,3,
  3.2840811E+02,  0.0000000E+00,  2.5737622E+02,3070,  1.4740943E+00,  0.0000000E+00, -4.5766477E-02,  1.0002365E+03,  1.4068819E+04,3,
  3.2880753E+02,  0.0000000E+00,  2.5519168E+02,2969,  1.3592337E+00,  0.0000000E+00,  5.1417444E-02,  1.0005998E+03,  3.5726660E+04,3,
  3.2853421E+02,  0.0000000E+00,  2.5379301E+02,2895,  1.0170197E+00,  0.0000000E+00, -5.5014775E-03,  1.0008738E+03,  5.2093152E+04,3,
  3.2979233E+02,  0.0000000E+00,  2.5772296E+02,3089,  1.5414180E+00,  0.0000000E+00, -4.3911822E-02,  1.0002220E+03,  1.3207557E+04,3,
  3.3099637E+02,  0.0000000E+00,  2.5758127E+02,3079,  1.5436275E+00,  0.0000000E+00, -1.3595256E-02,  1.0002186E+03,  1.3004062E+04,3,
  3.3044675E+02,  0.0000000E+00,  2.5385376E+02,2840,  1.0826485E+00,  0.0000000E+00, -2.0532385E-02,  1.0009606E+03,  5.7278441E+04,3,
  3.3151761E+02,  0.0000000E+00,  2.5546439E+02,2605,  1.3285708E+00,  0.0000000E+00, -7.5187283E-03,  1.0006166E+03,  3.6731934E+04,3,
  3.3252078E+02,  0.0000000E+00,  2.5764832E+02,3081,  1.5248311E+00,  0.0000000E+00, -9.6149975E-03,  1.0002186E+03,  1.3007696E+04,3,
  3.3226932E+02,  0.0000000E+00,  2.5398218E+02,3033,  1.0893397E+00,  0.0000000E+00, -9.0514123E-02,  1.0009445E+03,  5.6318543E+04,3,
  3.3366736E+02,  0.0000000E+00,  2.5761435E+02,3071,  1.5008167E+00,  0.0000000E+00, -6.0527520E-03,  1.0002205E+03,  1.3120345E+04,3,
  3.3489236E+02,  0.0000000E+00,  2.5735837E+02,3023,  1.5592465E+00,  0.0000000E+00,  1.0396707E-02,  1.0002429E+03,  1.4454049E+04,3,
  3.3390176E+02,  0.0000000E+00,  2.5390140E+02,2951,  1.1718824E+00,  0.0000000E+00,  7.7237658E-02,  1.0009064E+03,  5.4041426E+04,3,
  3.3481516E+02,  0.0000000E+00,  2.5508470E+02,2888,  1.2250772E+00,  0.0000000E+00, -4.1989861E-03,  1.0007806E+03,  4.6520426E+04,3,
  3.3619241E+02,  0.0000000E+00,  2.5777026E+02,3080,  1.5648179E+00,  0.0000000E+00,  8.2053877E-03,  1.0002324E+03,  1.3828966E+04,3,
  3.3612122E+02,  0.0000000E+00,  2.5356601E+02,2878,  1.0570102E+00,  0.0000000E+00,  6.6806056E-02,  1.0007622E+03,  4.5423023E+04,3,
  3.3697174E+02,  0.0000000E+00,  2.5512424E+02,2904,  1.2694312E+00,  0.0000000E+00, -4.4510514E-02,  1.0006963E+03,  4.1486496E+04,3,
  3.3766528E+02,  0.0000000E+00,  2.5775513E+02,3063,  1.5315435E+00,  0.0000000E+00,  1.0617155E-02,  1.0002470E+03,  1.4697552E+04,3,
  3.3890570E+02,  0.0000000E+00,  2.5745804E+02,3052,  1.5111998E+00,  0.0000000E+00,  8.9944777E-04,  1.0002777E+03,  1.6525826E+04,3,
  3.3827780E+02,  0.0000000E+00,  2.5450307E+02,2906,  1.2592304E+00,  0.0000000E+00,  5.6483913E-02,  1.0007145E+03,  4.2572531E+04,3,
  3.4011914E+02,  0.0000000E+00,  2.5747974E+02,3053,  1.5164087E+00,  0.0000000E+00, -2.3704965E-02,  1.0002638E+03,  1.5697063E+04,3,
  3.3889304E+02,  0.0000000E+00,  2.5331662E+02,2877,  9.8646015E-01,  0.0000000E+00, -1.4258949E-01,  1.0009054E+03,  5.3979398E+04,3,
  3.4133139E+02,  0.0000000E+00,  2.5746219E+02,2795,  1.5995934E+00,  0.0000000E+00, -3.3939853E-02,  1.0002704E+03,  1.6089627E+04,3,
  3.4030026E+02,  0.0000000E+00,  2.5491908E+02,2860,  1.1747172E+00,  0.0000000E+00,  1.3923015E-01,  1.0006564E+03,  3.9107109E+04,3,
  3.4253299E+02,  0.0000000E+00,  2.5759259E+02,2677,  1.6156172E+00,  0.0000000E+00, -2.9628934E-02,  1.0002490E+03,  1.4813854E+04,3,
  3.4128345E+02,  0.0000000E+00,  2.5378023E+02,2868,  1.0781839E+00,  0.0000000E+00, -8.8543333E-02,  1.0008704E+03,  5.1888863E+04,3,
  3.4259717E+02,  0.0000000E+00,  2.5479187E+02,2914,  1.1168113E+00,  0.0000000E+00,  1.4652120E-01,  1.0007083E+03,  4.2204430E+04,3,
  3.4366272E+02,  0.0000000E+00,  2.5739658E+02,2822,  1.6479586E+00,  0.0000000E+00, -2.2355836E-02,  1.0002859E+03,  1.7016574E+04,3,
  3.4357144E+02,  0.0000000E+00,  2.5374199E+02,2907,  9.6953297E-01,  0.0000000E+00, -1.2422412E-01,  1.0007830E+03,  4.6666270E+04,3,
  3.4491577E+02,  0.0000000E+00,  2.5740781E+02,2686,  1.6444310E+00,  0.0000000E+00, -3.7829608E-02,  1.0002889E+03,  1.7191068E+04,3,
  3.4608316E+02,  0.0000000E+00,  2.5775858E+02,3034,  1.6282713E+00,  0.0000000E+00, -6.8469711E-02,  1.0002413E+03,  1.4355923E+04,3,
  3.4490463E+02,  0.0000000E+00,  2.5484169E+02,2971,  9.9353999E-01,  0.0000000E+00, -6.6411979E-02,  1.0006438E+03,  3.8352965E+04,3,
  3.4728741E+02,  0.0000000E+00,  2.5783942E+02,2659,  1.7117345E+00,  0.0000000E+00, -8.1117421E-02,  1.0002449E+03,  1.4570348E+04,3,
  3.4562149E+02,  0.0000000E+00,  2.5359854E+02,2997,  1.0613267E+00,  0.0000000E+00,  4.9078826E-02,  1.0007711E+03,  4.5955301E+04,3,
  3.4863245E+02,  0.0000000E+00,  2.5794125E+02,3054,  1.7857534E+00,  0.0000000E+00, -5.6306016E-02,  1.0002145E+03,  1.2760602E+04,3,
  3.4702881E+02,  0.0000000E+00,  2.5524010E+02,2916,  1.2850741E+00,  0.0000000E+00,  1.9435598E-01,  1.0006318E+03,  3.7635309E+04,3,
  3.4747812E+02,  0.0000000E+00,  2.5369417E+02,2889,  9.2080557E-01,  0.0000000E+00, -1.4038932E-01,  1.0008499E+03,  5.0663203E+04,3,
  3.4886838E+02,  0.0000000E+00,  2.5423463E+02,2988,  9.8072416E-01,  0.0000000E+00,  1.8469132E-01,  1.0008726E+03,  5.2020191E+04,3,
  3.4934946E+02,  0.0000000E+00,  2.5726382E+02,2668,  1.7173171E+00,  0.0000000E+00, -1.0287527E-02,  1.0003263E+03,  1.9419768E+04,3,
  3.5011633E+02,  0.0000000E+00,  2.5434166E+02,2777,  9.6918809E-01,  0.0000000E+00,  3.0920859E-02,  1.0007700E+03,  4.5886031E+04,3,
  3.5092053E+02,  0.0000000E+00,  2.5769608E+02,3025,  1.8461939E+00,  0.0000000E+00,  8.2708657E-04,  1.0001642E+03,  9.7705195E+03,3,
  3.5139316E+02,  0.0000000E+00,  2.5659415E+02,3006,  1.6130522E+00,  0.0000000E+00, -6.6994384E-02,  1.0005494E+03,  3.2718738E+04,3,
  3.5287292E+02,  0.0000000E+00,  2.5760202E+02,3043,  1.7947260E+00,  0.0000000E+00,  8.7648686E-03,  1.0002042E+03,  1.2150159E+04,3,
  3.5142352E+02,  0.0000000E+00,  2.5360442E+02,2750,  9.5187449E-01,  0.0000000E+00, -9.2963763E-02,  1.0008610E+03,  5.1327082E+04,3,
  3.5370770E+02,  0.0000000E+00,  2.5770718E+02,2813,  1.7827986E+00,  0.0000000E+00,  1.5349478E-02,  1.0002071E+03,  1.2320935E+04,3,
  3.5491602E+02,  0.0000000E+00,  2.5700381E+02,2987,  1.7338032E+00,  0.0000000E+00,  6.2712021E-02,  1.0003815E+03,  2.2711016E+04,3,
  3.5265707E+02,  0.0000000E+00,  2.5453876E+02,2778,  9.9268180E-01,  0.0000000E+00,  3.9786320E-02,  1.0007701E+03,  4.5896969E+04,3,
  3.5588345E+02,  0.0000000E+00,  2.5791724E+02,3044,  1.7994711E+00,  0.0000000E+00, -9.2567289E-03,  1.0002117E+03,  1.2593453E+04,3,
  3.5375366E+02,  0.0000000E+00,  2.5410680E+02,2933,  9.3568349E-01,  0.0000000E+00, -4.5564968E-02,  1.0008126E+03,  4.8431141E+04,3,
  3.5515402E+02,  0.0000000E+00,  2.5361243E+02,2897,  1.0559551E+00,  0.0000000E+00, -9.6426800E-02,  1.0008799E+03,  5.2457969E+04,3,
  3.5591147E+02,  0.0000000E+00,  2.5487202E+02,2943,  8.4913814E-01,  0.0000000E+00,  3.2192167E-02,  1.0006975E+03,  4.1559379E+04,3,
  3.5708585E+02,  0.0000000E+00,  2.5791132E+02,3035,  1.8597817E+00,  0.0000000E+00, -5.0402794E-02,  1.0002115E+03,  1.2586186E+04,3,
  3.6235071E+02,  0.0000000E+00,  2.5203062E+02,2730,  1.2711322E+00,  0.0000000E+00,  7.2126681E-01,  1.0023229E+03,  1.3908331E+05,3,
  3.5818631E+02,  0.0000000E+00,  2.5738269E+02,2932,  1.7904633E+00,  0.0000000E+00, -8.1974678E-02,  1.0002537E+03,  1.5093710E+04,3,
  3.5743665E+02,  0.0000000E+00,  2.5462991E+02,2891,  1.1219412E+00,  0.0000000E+00,  1.2023834E-01,  1.0007589E+03,  4.5226160E+04,3,
  3.6042804E+02,  0.0000000E+00,  2.5179953E+02,2852,  3.7978083E-01,  0.0000000E+00,  1.5941483E-01,  1.0007254E+03,  4.3224938E+04,3,
  3.5938638E+02,  0.0000000E+00,  2.5794409E+02,3036,  1.8480262E+00,  0.0000000E+00, -2.3395914E-01,  1.0001952E+03,  1.1612420E+04,3,
  3.5795480E+02,  0.0000000E+00,  2.5351559E+02,2515,  8.4381115E-01,  0.0000000E+00,  2.9777907E-02,  1.0009190E+03,  5.4793109E+04,3,
  3.6042587E+02,  0.0000000E+00,  2.5754654E+02,2905,  1.8989086E+00,  0.0000000E+00, -3.0897623E-01,  1.0002346E+03,  1.3959794E+04,3,
  3.6181302E+02,  0.0000000E+00,  2.5749951E+02,2978,  2.0841944E+00,  0.0000000E+00, -3.1482846E-01,  1.0002552E+03,  1.5184574E+04,3,
  3.5924396E+02,  0.0000000E+00,  2.5502750E+02,2768,  1.0287760E+00,  0.0000000E+00, -5.7376731E-02,  1.0006905E+03,  4.1140301E+04,3,
  3.6043698E+02,  0.0000000E+00,  2.5429248E+02,2844,  1.2697028E+00,  0.0000000E+00,  1.2986439E-01,  1.0007119E+03,  4.2415812E+04,3,
  3.6173788E+02,  0.0000000E+00,  2.5548726E+02,2551,  1.4437467E+00,  0.0000000E+00, -1.8973258E-01,  1.0007653E+03,  4.5608953E+04,3,
  3.6271414E+02,  0.0000000E+00,  2.5426698E+02,2859,  1.3535116E+00,  0.0000000E+00, -3.4606555E-01,  1.0001973E+03,  1.1735952E+04,3,
  3.6320419E+02,  0.0000000E+00,  2.5768799E+02,3026,  2.0426540E+00,  0.0000000E+00, -2.3202278E-01,  1.0002509E+03,  1.4926521E+04,3,
  3.6379880E+02,  0.0000000E+00,  2.5306375E+02,2561,  1.3398658E+00,  0.0000000E+00,  1.5697914E-01,  1.0010225E+03,  6.0980219E+04,3,
  3.6460742E+02,  0.0000000E+00,  2.5761063E+02,3017,  2.1241858E+00,  0.0000000E+00, -1.6538268E-01,  1.0002481E+03,  1.4762971E+04,3,
  3.6447583E+02,  0.0000000E+00,  2.5599835E+02,2853,  1.5210749E+00,  0.0000000E+00,  4.7704831E-02,  1.0005805E+03,  3.4575824E+04,3,
  3.6490952E+02,  0.0000000E+00,  2.5316975E+02,2825,  1.5087487E+00,  0.0000000E+00,  1.2333469E-02,  1.0007322E+03,  4.3633168E+04,3,
  3.6610126E+02,  0.0000000E+00,  2.5769162E+02,3027,  2.1661587E+00,  0.0000000E+00, -1.7808293E-01,  1.0002515E+03,  1.4962867E+04,3,
  3.6729453E+02,  0.0000000E+00,  2.5747086E+02,2786,  2.1310279E+00,  0.0000000E+00, -2.1118458E-01,  1.0002576E+03,  1.5329958E+04,3,
  3.6578790E+02,  0.0000000E+00,  2.5305861E+02,2761,  1.4952682E+00,  0.0000000E+00, -5.8564603E-02,  1.0007302E+03,  4.3512883E+04,3,
  3.6826324E+02,  0.0000000E+00,  2.5630829E+02,2880,  1.9693409E+00,  0.0000000E+00, -2.4221362E-01,  1.0004129E+03,  2.4580785E+04,3,
  3.6635944E+02,  0.0000000E+00,  2.5506697E+02,2797,  1.6090134E+00,  0.0000000E+00,  2.9011980E-01,  1.0005746E+03,  3.4222586E+04,3,
  3.6905591E+02,  0.0000000E+00,  2.5754825E+02,3007,  2.2340949E+00,  0.0000000E+00, -2.8703856E-01,  1.0002207E+03,  1.3131246E+04,3,
  3.6696146E+02,  0.0000000E+00,  2.5275075E+02,2746,  1.2413292E+00,  0.0000000E+00, -6.9106266E-02,  1.0010609E+03,  6.3277180E+04,3,
  3.6789462E+02,  0.0000000E+00,  2.5281219E+02,2434,  1.1506621E+00,  0.0000000E+00, -3.8913567E-02,  1.0009517E+03,  5.6749207E+04,3,
  3.6882718E+02,  0.0000000E+00,  2.5292010E+02,2543,  1.4474485E+00,  0.0000000E+00,  2.2633443E-02,  1.0008935E+03,  5.3267910E+04,3,
  3.6992117E+02,  0.0000000E+00,  2.5563152E+02,2587,  1.8901002E+00,  0.0000000E+00, -2.5227898E-01,  1.0006576E+03,  3.9176332E+04,3,
  3.7004343E+02,  0.0000000E+00,  2.5282930E+02,2643,  1.4699183E+00,  0.0000000E+00, -4.5151304E-02,  1.0011112E+03,  6.6290688E+04,3,
  3.7042099E+02,  0.0000000E+00,  2.5759460E+02,3018,  2.2972131E+00,  0.0000000E+00, -2.1663213E-01,  1.0002208E+03,  1.3134880E+04,3,
  3.7191806E+02,  0.0000000E+00,  2.5735947E+02,2759,  2.2394898E+00,  0.0000000E+00, -4.1821104E-02,  1.0002227E+03,  1.3247529E+04,3,
  3.7107266E+02,  0.0000000E+00,  2.5266141E+02,2425,  1.2349412E+00,  0.0000000E+00,  9.6161114E-03,  1.0013585E+03,  8.1101125E+04,3,
  3.7217331E+02,  0.0000000E+00,  2.5571156E+02,2779,  2.2569973E+00,  0.0000000E+00,  1.0993021E-01,  1.0006600E+03,  3.9322070E+04,3,
  3.7321304E+02,  0.0000000E+00,  2.5749426E+02,2998,  2.2118251E+00,  0.0000000E+00,  2.3596471E-02,  1.0002242E+03,  1.3338376E+04,3,
  3.7245532E+02,  0.0000000E+00,  2.5310170E+02,2917,  1.3859572E+00,  0.0000000E+00,  1.9596418E-02,  1.0004888E+03,  2.9107520E+04,3,
  3.7457639E+02,  0.0000000E+00,  2.5595622E+02,2833,  2.2787628E+00,  0.0000000E+00, -7.7749804E-02,  1.0005996E+03,  3.5715734E+04,3,
  3.7286700E+02,  0.0000000E+00,  2.5295247E+02,2861,  1.3406450E+00,  0.0000000E+00,  3.2686472E-02,  1.0006931E+03,  4.1297000E+04,3,
  3.7469763E+02,  0.0000000E+00,  2.5746365E+02,2989,  2.1254280E+00,  0.0000000E+00,  3.7063427E-02,  1.0002176E+03,  1.2945922E+04,3,
  3.7379333E+02,  0.0000000E+00,  2.5303458E+02,2651,  1.3930440E+00,  0.0000000E+00,  1.1128099E-02,  1.0006093E+03,  3.6294848E+04,3,
  3.7598953E+02,  0.0000000E+00,  2.5733878E+02,2623,  2.1625772E+00,  0.0000000E+00,  3.2556660E-02,  1.0002396E+03,  1.4254164E+04,3,
  3.7472345E+02,  0.0000000E+00,  2.5289604E+02,2818,  1.4220723E+00,  0.0000000E+00, -1.7877590E-02,  1.0009473E+03,  5.6482777E+04,3,
  3.7581314E+02,  0.0000000E+00,  2.5262370E+02,2708,  1.3426366E+00,  0.0000000E+00, -2.4173686E-02,  1.0013713E+03,  8.1869484E+04,3,
  3.7701636E+02,  0.0000000E+00,  2.5591090E+02,2714,  2.0902514E+00,  0.0000000E+00,  1.8143278E-02,  1.0006113E+03,  3.6415043E+04,3,
  3.7686694E+02,  0.0000000E+00,  2.5312860E+02,2864,  1.3839926E+00,  0.0000000E+00, -2.5464142E-02,  1.0005560E+03,  3.3115617E+04,3,
  3.7749112E+02,  0.0000000E+00,  2.5746344E+02,2980,  2.2899182E+00,  0.0000000E+00,  4.2319898E-02,  1.0002424E+03,  1.4424975E+04,3,
  3.7764908E+02,  0.0000000E+00,  2.5298473E+02,2773,  1.3688446E+00,  0.0000000E+00,  2.3837753E-03,  1.0006826E+03,  4.0670227E+04,3,
  3.7888187E+02,  0.0000000E+00,  2.5727719E+02,2614,  2.1840475E+00,  0.0000000E+00,  5.9847120E-02,  1.0002707E+03,  1.6107802E+04,3,
  3.7829572E+02,  0.0000000E+00,  2.5306123E+02,2800,  1.3842857E+00,  0.0000000E+00,  1.5053342E-02,  1.0006057E+03,  3.6076309E+04,3,
  3.7958890E+02,  0.0000000E+00,  2.5591347E+02,2742,  2.0514133E+00,  0.0000000E+00, -1.4997113E-01,  1.0004844E+03,  2.8845465E+04,3,
  3.8046234E+02,  0.0000000E+00,  2.5741623E+02,2991,  2.0843012E+00,  0.0000000E+00,  2.2871722E-02,  1.0002419E+03,  1.4392266E+04,3,
  3.7946872E+02,  0.0000000E+00,  2.5276685E+02,2728,  1.4182129E+00,  0.0000000E+00,  2.4484773E-03,  1.0011043E+03,  6.5877875E+04,3,
  3.8024615E+02,  0.0000000E+00,  2.5303185E+02,2662,  1.4198675E+00,  0.0000000E+00, -3.4498420E-02,  1.0008317E+03,  4.9576285E+04,3,
  3.8149799E+02,  0.0000000E+00,  2.5696497E+02,2961,  2.0311897E+00,  0.0000000E+00,  5.4445211E-03,  1.0002742E+03,  1.6314994E+04,3,
  3.8238568E+02,  0.0000000E+00,  2.5596228E+02,2823,  2.0429497E+00,  0.0000000E+00,  1.9772017E-02,  1.0005609E+03,  3.3403270E+04,3,
  3.8136325E+02,  0.0000000E+00,  2.5292813E+02,2552,  1.4313154E+00,  0.0000000E+00, -6.0141701E-02,  1.0010603E+03,  6.3244312E+04,3,
  3.8325150E+02,  0.0000000E+00,  2.5730032E+02,3000,  2.1515429E+00,  0.0000000E+00,  2.5077729E-02,  1.0002315E+03,  1.3774455E+04,3,
  3.8248297E+02,  0.0000000E+00,  2.5255998E+02,2748,  1.4123745E+00,  0.0000000E+00, -3.9937482E-03,  1.0016069E+03,  9.6006805E+04,3,
  3.8363327E+02,  0.0000000E+00,  2.5291611E+02,2756,  1.2782903E+00,  0.0000000E+00,  1.1815200E-01,  1.0010428E+03,  6.2196191E+04,3,
  3.8426669E+02,  0.0000000E+00,  2.5691431E+02,2925,  2.1718295E+00,  0.0000000E+00,  8.8886604E-02,  1.0002701E+03,  1.6075087E+04,3,
  3.8535852E+02,  0.0000000E+00,  2.5642712E+02,2935,  2.0951166E+00,  0.0000000E+00,  9.0602063E-02,  1.0003349E+03,  1.9932477E+04,3,
  3.8479337E+02,  0.0000000E+00,  2.5333731E+02,2743,  1.4117473E+00,  0.0000000E+00,  1.9218552E-01,  1.0005446E+03,  3.2431104E+04,3,
  3.8504987E+02,  0.0000000E+00,  2.5313544E+02,2724,  1.3882895E+00,  0.0000000E+00,  1.4432344E-01,  1.0007021E+03,  4.1832703E+04,3,
  3.8620761E+02,  0.0000000E+00,  2.5725018E+02,2990,  2.1377304E+00,  0.0000000E+00,  1.2732846E-02,  1.0002292E+03,  1.3636361E+04,3,
  3.8621655E+02,  0.0000000E+00,  2.5305008E+02,2642,  1.5379806E+00,  0.0000000E+00, -5.7076376E-02,  1.0008534E+03,  5.0871117E+04,3,
  3.8739905E+02,  0.0000000E+00,  2.5696811E+02,2741,  2.0603590E+00,  0.0000000E+00, -6.8598837E-02,  1.0002455E+03,  1.4606691E+04,3,
  3.8803693E+02,  0.0000000E+00,  2.5611008E+02,2824,  2.0564911E+00,  0.0000000E+00, -3.3086202E-01,  1.0003932E+03,  2.3409410E+04,3,
  3.8722159E+02,  0.0000000E+00,  2.5328250E+02,2488,  1.5758055E+00,  0.0000000E+00, -1.9208811E-01,  1.0009248E+03,  5.5139777E+04,3,
  3.8923254E+02,  0.0000000E+00,  2.5696765E+02,2973,  1.8882825E+00,  0.0000000E+00, -1.0169155E-01,  1.0002764E+03,  1.6445855E+04,3,
  3.8802811E+02,  0.0000000E+00,  2.5237244E+02,2718,  1.0978558E+00,  0.0000000E+00, -5.2572012E-01,  1.0009457E+03,  5.6387883E+04,3,
  3.9001392E+02,  0.0000000E+00,  2.5523752E+02,2669,  1.8481126E+00,  0.0000000E+00, -9.9046236E-01,  1.0003941E+03,  2.3460336E+04,3,
  3.8908377E+02,  0.0000000E+00,  2.5254193E+02,2782,  1.2736014E+00,  0.0000000E+00, -6.2154096E-01,  1.0012778E+03,  7.6265484E+04,3,
  3.8996558E+02,  0.0000000E+00,  2.5166260E+02,2716,  1.5918245E+00,  0.0000000E+00, -8.6019719E-01,  1.0004781E+03,  2.8466955E+04,3,
  3.9084409E+02,  0.0000000E+00,  2.5674042E+02,2972,  1.6989788E+00,  0.0000000E+00, -2.4302267E-02,  1.0002944E+03,  1.7521887E+04,3,
  3.9166702E+02,  0.0000000E+00,  2.5400552E+02,2817,  1.6749847E+00,  0.0000000E+00,  7.0592928E-01,  1.0005210E+03,  3.1025816E+04,3,
  3.9189145E+02,  0.0000000E+00,  2.5665863E+02,2841,  1.8267268E+00,  0.0000000E+00,  1.0528176E-01,  1.0002820E+03,  1.6780285E+04,3,
  3.9276529E+02,  0.0000000E+00,  2.5436322E+02,2835,  1.4399457E+00,  0.0000000E+00, -1.3877435E-01,  1.0008535E+03,  5.0874766E+04,3,
  3.9317746E+02,  0.0000000E+00,  2.5692551E+02,2982,  1.8138058E+00,  0.0000000E+00,  1.8655761E-01,  1.0002083E+03,  1.2389972E+04,3,
  3.9449103E+02,  0.0000000E+00,  2.5659830E+02,2869,  1.7571214E+00,  0.0000000E+00,  2.3657642E-01,  1.0003137E+03,  1.8667117E+04,3,
  3.9420532E+02,  0.0000000E+00,  2.5377859E+02,2615,  1.5740284E+00,  0.0000000E+00,  1.3251151E-01,  1.0007203E+03,  4.2918773E+04,3,
  3.9564340E+02,  0.0000000E+00,  2.5691571E+02,2962,  1.6694039E+00,  0.0000000E+00,  1.8863694E-01,  1.0002324E+03,  1.3828966E+04,3,
  3.9672418E+02,  0.0000000E+00,  2.5646640E+02,2887,  1.6534442E+00,  0.0000000E+00,  9.5463656E-02,  1.0003682E+03,  2.1918107E+04,3,
  3.9578818E+02,  0.0000000E+00,  2.5396271E+02,2687,  1.4292995E+00,  0.0000000E+00,  9.7410500E-02,  1.0005959E+03,  3.5493570E+04,3,
  3.9708463E+02,  0.0000000E+00,  2.5403198E+02,2470,  1.3362828E+00,  0.0000000E+00, -4.2417638E-02,  1.0005881E+03,  3.5031043E+04,3,
  3.9791165E+02,  0.0000000E+00,  2.5690628E+02,2954,  1.6952742E+00,  0.0000000E+00,  8.8027999E-02,  1.0002264E+03,  1.3469198E+04,3,
  3.9841385E+02,  0.0000000E+00,  2.5392316E+02,2815,  1.2594178E+00,  0.0000000E+00, -7.9984680E-02,  1.0006970E+03,  4.1526582E+04,3,
  3.9910422E+02,  0.0000000E+00,  2.5666699E+02,2842,  1.7090517E+00,  0.0000000E+00,  9.2197545E-02,  1.0002715E+03,  1.6158690E+04,3,
  4.0047641E+02,  0.0000000E+00,  2.5686346E+02,2955,  1.6322894E+00,  0.0000000E+00,  1.5493783E-01,  1.0002250E+03,  1.3385617E+04,3,
  3.9981323E+02,  0.0000000E+00,  2.5413643E+02,2806,  1.3223711E+00,  0.0000000E+00,  1.3625149E-02,  1.0007647E+03,  4.5572496E+04,3,
  4.0178345E+02,  0.0000000E+00,  2.5687097E+02,2964,  1.5696077E+00,  0.0000000E+00,  1.6507250E-01,  1.0002223E+03,  1.3225726E+04,3,
  4.0129272E+02,  0.0000000E+00,  2.5427747E+02,2658,  1.2408544E+00,  0.0000000E+00,  1.2910229E-02,  1.0007264E+03,  4.3286898E+04,3,
  4.0306549E+02,  0.0000000E+00,  2.5682050E+02,2934,  1.5762972E+00,  0.0000000E+00,  1.6159385E-01,  1.0002203E+03,  1.3105809E+04,3,
  4.0271912E+02,  0.0000000E+00,  2.5422253E+02,2720,  1.1338587E+00,  0.0000000E+00, -2.9027140E-02,  1.0006811E+03,  4.0579129E+04,3,
  4.0410547E+02,  0.0000000E+00,  2.5414664E+02,2660,  1.0485584E+00,  0.0000000E+00,  9.2727635E-03,  1.0007104E+03,  4.2331988E+04,3,
  4.0439816E+02,  0.0000000E+00,  2.5668042E+02,2732,  1.5601677E+00,  0.0000000E+00,  1.7929007E-01,  1.0002172E+03,  1.2924119E+04,3,
  4.0572028E+02,  0.0000000E+00,  2.5680124E+02,2578,  1.4865586E+00,  0.0000000E+00,  1.7300339E-01,  1.0001804E+03,  1.0729572E+04,3,
  4.0551425E+02,  0.0000000E+00,  2.5414223E+02,2706,  1.0117041E+00,  0.0000000E+00,  1.3344937E-02,  1.0007159E+03,  4.2660000E+04,3,
  4.0686667E+02,  0.0000000E+00,  2.5625262E+02,2836,  1.4353474E+00,  0.0000000E+00,  1.3559663E-01,  1.0002152E+03,  1.2804206E+04,3,
  4.0810004E+02,  0.0000000E+00,  2.5690576E+02,2945,  1.4451255E+00,  0.0000000E+00,  9.0566553E-02,  1.0001791E+03,  1.0656914E+04,3,
  4.0704752E+02,  0.0000000E+00,  2.5410945E+02,2733,  8.1475949E-01,  0.0000000E+00, -6.0792290E-02,  1.0006895E+03,  4.1078352E+04,3,
  4.0963831E+02,  0.0000000E+00,  2.5694495E+02,2936,  1.5502709E+00,  0.0000000E+00,  1.2119045E-01,  1.0001644E+03,  9.7777842E+03,3,
  4.1033694E+02,  0.0000000E+00,  2.5625699E+02,2870,  1.4953821E+00,  0.0000000E+00,  2.0180498E-01,  1.0001615E+03,  9.6070537E+03,3,
  4.0838687E+02,  0.0000000E+00,  2.5415900E+02,2781,  7.8445232E-01,  0.0000000E+00,  1.7596073E-01,  1.0006924E+03,  4.1253270E+04,3,
  4.0987439E+02,  0.0000000E+00,  2.5424402E+02,2678,  1.0136210E+00,  0.0000000E+00,  2.3943959E-01,  1.0008441E+03,  5.0313043E+04,3,
  4.1115875E+02,  0.0000000E+00,  2.5201161E+02,2689,  1.1770591E+00,  0.0000000E+00,  1.3474345E+00,  1.0006708E+03,  3.9966977E+04,3,
  4.1154282E+02,  0.0000000E+00,  2.5581514E+02,2707,  1.3115777E+00,  0.0000000E+00,  2.7389258E-01,  1.0001677E+03,  9.9775801E+03,3,
  4.1297458E+02,  0.0000000E+00,  2.5277206E+02,2571,  1.2950735E+00,  0.0000000E+00,  2.6651868E-01,  1.0011486E+03,  6.8530406E+04,3,
  4.1274716E+02,  0.0000000E+00,  2.5669525E+02,2705,  1.5971317E+00,  0.0000000E+00,  4.7518093E-02,  1.0001696E+03,  1.0086561E+04,3,
  4.1240253E+02,  0.0000000E+00,  2.5487370E+02,2645,  1.2613976E+00,  0.0000000E+00,  1.1970435E-01,  1.0006130E+03,  3.6513387E+04,3,
  4.1418393E+02,  0.0000000E+00,  2.5675565E+02,2560,  1.4818306E+00,  0.0000000E+00, -5.2889612E-02,  1.0002339E+03,  1.3916185E+04,3,
  4.1414676E+02,  0.0000000E+00,  2.5288925E+02,2646,  1.1368592E+00,  0.0000000E+00,  9.3556410E-03,  1.0011201E+03,  6.6824086E+04,3,
  4.1523438E+02,  0.0000000E+00,  2.5671002E+02,2796,  1.5066206E+00,  0.0000000E+00, -8.5143678E-02,  1.0002571E+03,  1.5300881E+04,3,
  4.1649515E+02,  0.0000000E+00,  2.5651996E+02,2805,  1.3928744E+00,  0.0000000E+00, -7.5988300E-02,  1.0002568E+03,  1.5282708E+04,3,
  4.1490280E+02,  0.0000000E+00,  2.5405199E+02,2799,  1.5109268E+00,  0.0000000E+00, -4.2170167E-01,  9.9996326E+02, -2.1844321E+03,3,
  4.1572525E+02,  0.0000000E+00,  2.5306253E+02,2680,  1.2771603E+00,  0.0000000E+00, -1.7991847E-01,  1.0007396E+03,  4.4074223E+04,3,
  4.1669327E+02,  0.0000000E+00,  2.5276895E+02,2711,  1.2489413E+00,  0.0000000E+00, -1.2410471E-01,  1.0010054E+03,  5.9957895E+04,3,
  4.1767847E+02,  0.0000000E+00,  2.5592174E+02,2789,  1.4238642E+00,  0.0000000E+00, -5.1903948E-02,  1.0002775E+03,  1.6514922E+04,3,
  4.1769955E+02,  0.0000000E+00,  2.5323964E+02,2688,  1.1705545E+00,  0.0000000E+00, -3.2465171E-02,  1.0003003E+03,  1.7870896E+04,3,
  4.1833914E+02,  0.0000000E+00,  2.5669717E+02,2926,  1.4548709E+00,  0.0000000E+00, -3.2852009E-02,  1.0002383E+03,  1.4181479E+04,3,
  4.1829654E+02,  0.0000000E+00,  2.5275713E+02,2635,  1.2752981E+00,  0.0000000E+00,  2.0350218E-02,  1.0009085E+03,  5.4165484E+04,3,
  4.1952161E+02,  0.0000000E+00,  2.5285704E+02,2681,  1.4197172E+00,  0.0000000E+00,  6.5181337E-02,  1.0008369E+03,  4.9886301E+04,3,
  4.1985944E+02,  0.0000000E+00,  2.5677972E+02,2928,  1.4146599E+00,  0.0000000E+00,  2.0539068E-02,  1.0002357E+03,  1.4025209E+04,3,
  4.2056732E+02,  0.0000000E+00,  2.5593517E+02,2570,  1.4168589E+00,  0.0000000E+00,  6.8271801E-02,  1.0002823E+03,  1.6802096E+04,3,
  4.2044083E+02,  0.0000000E+00,  2.5311969E+02,2735,  1.3538942E+00,  0.0000000E+00,  3.7111476E-02,  1.0004885E+03,  2.9085680E+04,3,
  4.2175488E+02,  0.0000000E+00,  2.5654306E+02,2899,  1.4079942E+00,  0.0000000E+00,  4.1117966E-02,  1.0002277E+03,  1.3549146E+04,3,
  4.2133542E+02,  0.0000000E+00,  2.5280437E+02,2609,  1.2189609E+00,  0.0000000E+00,  6.6553220E-02,  1.0008749E+03,  5.2158820E+04,3,
  4.2310391E+02,  0.0000000E+00,  2.5593678E+02,2624,  1.4132198E+00,  0.0000000E+00,  3.8501877E-02,  1.0002751E+03,  1.6369520E+04,3,
  4.2366684E+02,  0.0000000E+00,  2.5671991E+02,2900,  1.4650474E+00,  0.0000000E+00,  2.3002068E-02,  1.0002440E+03,  1.4515833E+04,3,
  4.2229929E+02,  0.0000000E+00,  2.5309109E+02,2827,  1.2580761E+00,  0.0000000E+00,  1.0599817E-01,  1.0004813E+03,  2.8659848E+04,3,
  4.2313541E+02,  0.0000000E+00,  2.5285149E+02,2656,  1.3699160E+00,  0.0000000E+00,  8.8162668E-02,  1.0008228E+03,  4.9040168E+04,3,
  4.2420050E+02,  0.0000000E+00,  2.5289320E+02,2608,  1.3879281E+00,  0.0000000E+00,  2.6195856E-02,  1.0007534E+03,  4.4894418E+04,3,
  4.2518170E+02,  0.0000000E+00,  2.5654071E+02,2927,  1.4448237E+00,  0.0000000E+00,  4.2043872E-02,  1.0002936E+03,  1.7470990E+04,3,
  4.2522980E+02,  0.0000000E+00,  2.5294363E+02,2673,  1.3275317E+00,  0.0000000E+00, -2.7642732E-02,  1.0006714E+03,  3.9999770E+04,3,
  4.2583078E+02,  0.0000000E+00,  2.5316731E+02,2516,  1.3009498E+00,  0.0000000E+00, -5.4055225E-02,  1.0003748E+03,  2.2307279E+04,3,
  4.2637479E+02,  0.0000000E+00,  2.5640619E+02,2533,  1.3982890E+00,  0.0000000E+00,  6.0351688E-02,  1.0003068E+03,  1.8256273E+04,3,
  4.2643353E+02,  0.0000000E+00,  2.5317383E+02,2770,  1.3275000E+00,  0.0000000E+00, -3.2594450E-02,  1.0004164E+03,  2.4788154E+04,3,
  4.2764270E+02,  0.0000000E+00,  2.5657922E+02,2901,  1.3566153E+00,  0.0000000E+00,  1.0248681E-01,  1.0002645E+03,  1.5740681E+04,3,
  4.2771103E+02,  0.0000000E+00,  2.5274007E+02,2629,  1.2538440E+00,  0.0000000E+00,  9.5827663E-03,  1.0010981E+03,  6.5508914E+04,3,
  4.2865872E+02,  0.0000000E+00,  2.5636423E+02,2769,  1.3858920E+00,  0.0000000E+00,  1.5175411E-01,  1.0002288E+03,  1.3614558E+04,3,
  4.2973859E+02,  0.0000000E+00,  2.5594580E+02,2790,  1.4117718E+00,  0.0000000E+00,  2.2508597E-01,  1.0002051E+03,  1.2201028E+04,3,
  4.2872348E+02,  0.0000000E+00,  2.5290559E+02,2666,  1.2538655E+00,  0.0000000E+00,  1.1017007E-01,  1.0009415E+03,  5.6139711E+04,3,
  4.3058566E+02,  0.0000000E+00,  2.5681662E+02,2524,  1.2896900E+00,  0.0000000E+00,  2.1256216E-01,  1.0002120E+03,  1.2615255E+04,3,
  4.2991922E+02,  0.0000000E+00,  2.5274518E+02,2649,  1.2586303E+00,  0.0000000E+00,  1.6087854E-01,  1.0011293E+03,  6.7372117E+04,3,
  4.3100912E+02,  0.0000000E+00,  2.5288252E+02,2628,  1.2796928E+00,  0.0000000E+00,  1.5621284E-01,  1.0008887E+03,  5.2983328E+04,3,
  4.3191779E+02,  0.0000000E+00,  2.5575085E+02,2771,  1.3254009E+00,  0.0000000E+00,  1.7561354E-01,  1.0002890E+03,  1.7198338E+04,3,
  4.3247458E+02,  0.0000000E+00,  2.5356749E+02,2808,  1.5132042E+00,  0.0000000E+00,  9.2427932E-02,  1.0000600E+03,  3.5679736E+03,3,
  4.3233389E+02,  0.0000000E+00,  2.5678867E+02,2882,  1.2723620E+00,  0.0000000E+00,  2.1381782E-01,  1.0002329E+03,  1.3858039E+04,3,
  4.3251617E+02,  0.0000000E+00,  2.5274387E+02,2535,  1.0623190E+00,  0.0000000E+00,  8.8780895E-02,  1.0010196E+03,  6.0808609E+04,3,
  4.3393674E+02,  0.0000000E+00,  2.5670288E+02,2871,  1.2431031E+00,  0.0000000E+00,  2.2240917E-01,  1.0002327E+03,  1.3847137E+04,3,
  4.3462216E+02,  0.0000000E+00,  2.5592636E+02,2674,  1.2800701E+00,  0.0000000E+00,  1.8100365E-01,  1.0002807E+03,  1.6703947E+04,3,
  4.3398343E+02,  0.0000000E+00,  2.5260248E+02,2648,  1.2104231E+00,  0.0000000E+00,  1.4121362E-02,  1.0012704E+03,  7.5826664E+04,3,
  4.3591858E+02,  0.0000000E+00,  2.5673999E+02,2873,  1.1637868E+00,  0.0000000E+00,  1.9773887E-01,  1.0002109E+03,  1.2546216E+04,3,
  4.3516180E+02,  0.0000000E+00,  2.5316191E+02,2683,  1.1733180E+00,  0.0000000E+00, -7.1418113E-03,  1.0004811E+03,  2.8645289E+04,3,
  4.3691302E+02,  0.0000000E+00,  2.5588313E+02,2652,  1.1462457E+00,  0.0000000E+00,  1.7142937E-01,  1.0002045E+03,  1.2168327E+04,3,
  4.3587686E+02,  0.0000000E+00,  2.5309015E+02,2597,  1.1576148E+00,  0.0000000E+00, -1.5721580E-02,  1.0005456E+03,  3.2492998E+04,3,
  4.3673398E+02,  0.0000000E+00,  2.5299390E+02,2747,  1.0922121E+00,  0.0000000E+00, -1.9611962E-02,  1.0006866E+03,  4.0907082E+04,3,
  4.3783301E+02,  0.0000000E+00,  2.5671371E+02,2890,  1.0109515E+00,  0.0000000E+00,  2.0150357E-01,  1.0001837E+03,  1.0925754E+04,3,
  4.3787796E+02,  0.0000000E+00,  2.5262384E+02,2371,  1.2189620E+00,  0.0000000E+00,  5.6378201E-02,  1.0010226E+03,  6.0991176E+04,3,
  4.3885907E+02,  0.0000000E+00,  2.5309816E+02,2700,  1.2824419E+00,  0.0000000E+00,  1.8150514E-01,  1.0002757E+03,  1.6405869E+04,3,
  4.3913263E+02,  0.0000000E+00,  2.5692511E+02,2892,  1.1029420E+00,  0.0000000E+00,  3.2163113E-01,  1.0002057E+03,  1.2237363E+04,3,
  4.3972598E+02,  0.0000000E+00,  2.5631500E+02,2826,  1.3983200E+00,  0.0000000E+00,  4.4061500E-01,  1.0003102E+03,  1.8463512E+04,3,
  4.3989810E+02,  0.0000000E+00,  2.5292902E+02,2601,  3.4344691E-01,  0.0000000E+00,  3.4563810E-01,  1.0006463E+03,  3.8502332E+04,3,
  4.4059525E+02,  0.0000000E+00,  2.5331268E+02,2554,  6.2099963E-01,  0.0000000E+00,  6.0712540E-01,  1.0008984E+03,  5.3563445E+04,3,
  4.4106815E+02,  0.0000000E+00,  2.5660767E+02,2506,  1.6000022E+00,  0.0000000E+00,  3.8684800E-01,  1.0003820E+03,  2.2740115E+04,3,
  4.4309381E+02,  0.0000000E+00,  2.5569644E+02,2807,  1.5411662E+00,  0.0000000E+00, -3.8332555E-01,  1.0012302E+03,  7.3417141E+04,3,
  4.4113031E+02,  0.0000000E+00,  2.5352975E+02,2582,  1.5562845E+00,  0.0000000E+00,  1.3167144E+00,  1.0011261E+03,  6.7182133E+04,3,
  4.4420810E+02,  0.0000000E+00,  2.5666608E+02,2760,  1.3321836E+00,  0.0000000E+00, -2.1820086E-01,  1.0003952E+03,  2.3525814E+04,3,
  4.4189505E+02,  0.0000000E+00,  2.5512463E+02,2607,  5.8171070E-01,  0.0000000E+00,  1.4701252E+00,  9.9865015E+02, -7.9935227E+04,3,
  4.4438589E+02,  0.0000000E+00,  2.5515556E+02,2671,  1.9922518E+00,  0.0000000E+00,  1.9001999E-01,  9.9969440E+02, -1.8153877E+04,3,
  4.4554031E+02,  0.0000000E+00,  2.5502664E+02,2691,  1.4976424E+00,  0.0000000E+00, -2.6591301E-01,  1.0002142E+03,  1.2746067E+04,3,
  4.4605701E+02,  0.0000000E+00,  2.5645215E+02,2834,  1.8553042E+00,  0.0000000E+00, -3.8258815E-01,  1.0004879E+03,  2.9052924E+04,3,
  4.4601022E+02,  0.0000000E+00,  2.5490532E+02,2672,  1.6000671E+00,  0.0000000E+00, -3.6763507E-01,  1.0003611E+03,  2.1492582E+04,3,
  4.4898889E+02,  0.0000000E+00,  2.5626556E+02,2874,  2.2892303E+00,  0.0000000E+00, -7.5868863E-01,  1.0002886E+03,  1.7172891E+04,3,
  4.4760220E+02,  0.0000000E+00,  2.5518434E+02,2692,  1.0531117E+00,  0.0000000E+00, -6.3036609E-01,  9.9976605E+02, -1.3900294E+04,3,
  4.4805399E+02,  0.0000000E+00,  2.5489394E+02,2753,  1.5629109E+00,  0.0000000E+00, -3.2483751E-01,  1.0004854E+03,  2.8903699E+04,3,
  4.5102054E+02,  0.0000000E+00,  2.5500681E+02,2863,  1.5517414E+00,  0.0000000E+00, -9.2475832E-01,  1.0004199E+03,  2.4999166E+04,3,
  4.4958969E+02,  0.0000000E+00,  2.5504028E+02,2619,  1.4166892E+00,  0.0000000E+00, -3.3557835E-01,  1.0003298E+03,  1.9627031E+04,3,
  4.5091602E+02,  0.0000000E+00,  2.5503065E+02,2843,  2.0210416E+00,  0.0000000E+00, -8.4891057E-01,  1.0007601E+03,  4.5295426E+04,3,
  4.5232724E+02,  0.0000000E+00,  2.5530928E+02,2854,  1.6262732E+00,  0.0000000E+00, -6.6126809E-02,  9.9946521E+02, -3.1746547E+04,3,
  4.5364621E+02,  0.0000000E+00,  2.5516658E+02,2751,  1.3540003E+00,  0.0000000E+00, -2.9795679E-01,  1.0011948E+03,  7.1293289E+04,3,
  4.5404562E+02,  0.0000000E+00,  2.5467027E+02,2600,  1.7302513E+00,  0.0000000E+00, -4.1835219E-01,  1.0007762E+03,  4.6257914E+04,3,
  4.5544052E+02,  0.0000000E+00,  2.5620663E+02,2855,  1.7443607E+00,  0.0000000E+00, -4.6233973E-01,  1.0005106E+03,  3.0403330E+04,3,
  4.5627808E+02,  0.0000000E+00,  2.5528123E+02,2679,  1.7214346E+00,  0.0000000E+00, -3.9846319E-01,  9.9904120E+02, -5.6844637E+04,3,
  4.5619809E+02,  0.0000000E+00,  2.5519466E+02,2690,  1.6256562E+00,  0.0000000E+00, -4.7330999E-01,  9.9980084E+02, -1.1834436E+04,3,
  4.5713742E+02,  0.0000000E+00,  2.5645331E+02,2865,  1.7498034E+00,  0.0000000E+00, -3.7936771E-01,  1.0004824E+03,  2.8721721E+04,3,
  4.5799930E+02,  0.0000000E+00,  2.5447409E+02,2444,  1.6108389E+00,  0.0000000E+00, -4.7863206E-01,  1.0015640E+03,  9.3427570E+04,3,
  4.5903781E+02,  0.0000000E+00,  2.5524750E+02,2453,  1.5400628E+00,  0.0000000E+00, -7.3527473E-01,  9.9987659E+02, -7.3351724E+03,3,
  4.6015158E+02,  0.0000000E+00,  2.5530156E+02,2663,  1.7589389E+00,  0.0000000E+00,  1.1107793E-01,  1.0000027E+03,  1.5967838E+02,3,
  4.6032321E+02,  0.0000000E+00,  2.5622430E+02,2633,  1.4261327E+00,  0.0000000E+00, -1.4979801E-03,  1.0003423E+03,  2.0372482E+04,3,
  4.6154776E+02,  0.0000000E+00,  2.5518263E+02,2682,  1.5109717E+00,  0.0000000E+00,  7.1279007E-01,  1.0000627E+03,  3.7313398E+03,3,
  4.6206335E+02,  0.0000000E+00,  2.5461108E+02,2698,  1.6207308E+00,  0.0000000E+00,  3.7150002E-01,  1.0010266E+03,  6.1224863E+04,3,
  4.6328497E+02,  0.0000000E+00,  2.5645364E+02,2838,  2.1598938E+00,  0.0000000E+00,  7.7900767E-02,  1.0002665E+03,  1.5856995E+04,3,
  4.6338422E+02,  0.0000000E+00,  2.5512459E+02,2588,  1.9997436E+00,  0.0000000E+00,  5.6012350E-01,  1.0000684E+03,  4.0653416E+03,3,
  4.6361163E+02,  0.0000000E+00,  2.5508296E+02,2654,  1.1569533E+00,  0.0000000E+00,  3.2549232E-01,  9.9980981E+02, -1.1301592E+04,3,
  4.6637265E+02,  0.0000000E+00,  2.5485750E+02,2630,  2.6875877E+00,  0.0000000E+00,  5.6950963E-01,  9.9990619E+02, -5.5762417E+03,3,
  4.6610205E+02,  0.0000000E+00,  2.5550412E+02,2847,  1.8131561E+00,  0.0000000E+00, -7.7909553E-01,  1.0005182E+03,  3.0858359E+04,3,
  4.6574976E+02,  0.0000000E+00,  2.5538837E+02,2798,  1.2703618E+00,  0.0000000E+00, -8.6339545E-01,  1.0008135E+03,  4.8489488E+04,3,
  4.6806915E+02,  0.0000000E+00,  2.5519048E+02,2622,  2.1228857E+00,  0.0000000E+00, -5.3062671E-01,  1.0008760E+03,  5.2224484E+04,3,
  4.6950378E+02,  0.0000000E+00,  2.5496442E+02,2829,  1.9341745E+00,  0.0000000E+00, -4.3679348E-01,  1.0004198E+03,  2.4991891E+04,3,
  4.6988745E+02,  0.0000000E+00,  2.5553036E+02,2837,  1.9293165E+00,  0.0000000E+00, -2.5603306E-01,  1.0001851E+03,  1.1009314E+04,3,
  4.7101715E+02,  0.0000000E+00,  2.5477267E+02,2611,  2.0079029E+00,  0.0000000E+00, -2.1261616E-01,  1.0005800E+03,  3.4546691E+04,3,
  4.7169012E+02,  0.0000000E+00,  2.5516431E+02,2461,  2.1515172E+00,  0.0000000E+00, -1.4900233E-01,  1.0003412E+03,  2.0310662E+04,3,
  4.7221570E+02,  0.0000000E+00,  2.5597496E+02,2697,  1.8950611E+00,  0.0000000E+00, -1.7383558E-01,  1.0002033E+03,  1.2095657E+04,3,
  4.7315839E+02,  0.0000000E+00,  2.5497824E+02,2715,  2.0341558E+00,  0.0000000E+00, -1.5044904E-01,  1.0001630E+03,  9.6942354E+03,3,
  4.7351831E+02,  0.0000000E+00,  2.5513493E+02,2752,  2.0445635E+00,  0.0000000E+00, -2.2889878E-01,  1.0001883E+03,  1.1201868E+04,3,
  4.7520352E+02,  0.0000000E+00,  2.5485986E+02,2595,  1.9523034E+00,  0.0000000E+00,  1.0355474E-01,  1.0015424E+03,  9.2134539E+04,3,
  4.7683145E+02,  0.0000000E+00,  2.5517572E+02,2820,  2.0966551E+00,  0.0000000E+00,  9.2445090E-02,  1.0001898E+03,  1.1289063E+04,3,
  4.7759659E+02,  0.0000000E+00,  2.5506689E+02,2353,  2.0611224E+00,  0.0000000E+00,  9.8812878E-02,  1.0001862E+03,  1.1078343E+04,3,
  4.7837292E+02,  0.0000000E+00,  2.5484375E+02,2517,  2.0483704E+00,  0.0000000E+00,  9.6178181E-02,  1.0005729E+03,  3.4124266E+04,3,
  4.7848602E+02,  0.0000000E+00,  2.5558417E+02,2589,  2.0151019E+00,  0.0000000E+00,  8.0603279E-02,  1.0005219E+03,  3.1080422E+04,3,
  4.7986362E+02,  0.0000000E+00,  2.5523888E+02,2719,  2.0867846E+00,  0.0000000E+00,  7.3254853E-02,  9.9970099E+02, -1.7762652E+04,3,
  4.8027344E+02,  0.0000000E+00,  2.5648901E+02,2810,  1.9233428E+00,  0.0000000E+00,  8.3927527E-02,  1.0002380E+03,  1.4163308E+04,3,
  4.8107852E+02,  0.0000000E+00,  2.5475374E+02,2602,  2.1196687E+00,  0.0000000E+00,  8.1663743E-02,  1.0008358E+03,  4.9817004E+04,3,
  4.8153531E+02,  0.0000000E+00,  2.5513623E+02,2726,  1.9974017E+00,  0.0000000E+00, -3.3164006E-02,  1.0001088E+03,  6.4726641E+03,3,
  4.8299695E+02,  0.0000000E+00,  2.5495125E+02,2518,  2.0793393E+00,  0.0000000E+00,  9.3543060E-02,  1.0005595E+03,  3.3323164E+04,3,
  4.8342764E+02,  0.0000000E+00,  2.5632254E+02,2780,  1.9726149E+00,  0.0000000E+00,  3.8052227E-02,  1.0003170E+03,  1.8867092E+04,3,
  4.8436609E+02,  0.0000000E+00,  2.5489218E+02,2462,  2.0436416E+00,  0.0000000E+00,  6.3756093E-02,  1.0005554E+03,  3.3079203E+04,3,
  4.8515936E+02,  0.0000000E+00,  2.5519270E+02,2755,  2.1049547E+00,  0.0000000E+00,  2.0561412E-02,  9.9952264E+02, -2.8341990E+04,3,
  4.8562628E+02,  0.0000000E+00,  2.5500026E+02,2618,  2.0563412E+00,  0.0000000E+00,  3.5661891E-02,  1.0003810E+03,  2.2681918E+04,3,
  4.8596832E+02,  0.0000000E+00,  2.5655542E+02,2802,  1.9567634E+00,  0.0000000E+00,  4.4791162E-02,  1.0003091E+03,  1.8394432E+04,3,
  4.8711353E+02,  0.0000000E+00,  2.5475584E+02,2573,  2.0678477E+00,  0.0000000E+00,  7.1057104E-02,  1.0008762E+03,  5.2235430E+04,3,
  4.8877551E+02,  0.0000000E+00,  2.5500755E+02,2627,  2.1169381E+00,  0.0000000E+00,  3.9100379E-02,  1.0003180E+03,  1.8925266E+04,3,
  4.8866766E+02,  0.0000000E+00,  2.5643890E+02,2801,  1.9729477E+00,  0.0000000E+00,  3.6010124E-02,  1.0003398E+03,  2.0223387E+04,3,
  4.8937427E+02,  0.0000000E+00,  2.5516545E+02,2525,  2.0601797E+00,  0.0000000E+00,  6.0817912E-02,  9.9979199E+02, -1.2360002E+04,3,
  4.8964459E+02,  0.0000000E+00,  2.5507253E+02,2637,  2.0533249E+00,  0.0000000E+00,  4.4244159E-02,  1.0002057E+03,  1.2237363E+04,3,
  4.9135541E+02,  0.0000000E+00,  2.5641641E+02,2792,  2.0279179E+00,  0.0000000E+00,  4.9036793E-02,  1.0003219E+03,  1.9157971E+04,3,
  4.9129062E+02,  0.0000000E+00,  2.5475888E+02,2490,  2.0422168E+00,  0.0000000E+00,  9.8586939E-02,  1.0007803E+03,  4.6505840E+04,3,
  4.9277115E+02,  0.0000000E+00,  2.5504810E+02,2665,  2.1111760E+00,  0.0000000E+00,  9.7696692E-02,  1.0002868E+03,  1.7067467E+04,3,
  4.9347910E+02,  0.0000000E+00,  2.5500412E+02,2544,  2.0613508E+00,  0.0000000E+00,  9.7454175E-02,  1.0002906E+03,  1.7296492E+04,3,
  4.9421875E+02,  0.0000000E+00,  2.5629318E+02,2661,  2.1383753E+00,  0.0000000E+00,  2.7846429E-02,  1.0003340E+03,  1.9881568E+04,3,
  4.9436819E+02,  0.0000000E+00,  2.5512070E+02,2655,  2.0289252E+00,  0.0000000E+00,  9.8580450E-02,  9.9983234E+02, -9.9639189E+03,3,
  4.9540912E+02,  0.0000000E+00,  2.5489442E+02,2644,  2.0604987E+00,  0.0000000E+00,  6.4017348E-02,  1.0005884E+03,  3.5049254E+04,3,
  4.9661737E+02,  0.0000000E+00,  2.5498643E+02,2590,  2.0580118E+00,  0.0000000E+00,  1.9724762E-02,  1.0003575E+03,  2.1278008E+04,3,
  4.9733588E+02,  0.0000000E+00,  2.5595096E+02,2670,  2.4873304E+00,  0.0000000E+00, -1.5844868E-01,  1.0003664E+03,  2.1808996E+04,3,
  4.9705991E+02,  0.0000000E+00,  2.5504352E+02,2636,  1.8948511E+00,  0.0000000E+00, -9.1617540E-02,  1.0000965E+03,  5.7391494E+03,3,
  4.9877341E+02,  0.0000000E+00,  2.5489972E+02,2452,  1.9567640E+00,  0.0000000E+00, -6.2764250E-02,  1.0006057E+03,  3.6076309E+04,3,
  5.0012601E+02,  0.0000000E+00,  2.5590170E+02,2744,  2.3645277E+00,  0.0000000E+00, -1.6889754E-01,  1.0003156E+03,  1.8783465E+04,3,
  5.0043246E+02,  0.0000000E+00,  2.5504193E+02,2763,  1.9728372E+00,  0.0000000E+00, -2.4226426E-01,  1.0002646E+03,  1.5747950E+04,3,
  5.0104855E+02,  0.0000000E+00,  2.5508264E+02,2764,  2.1576610E+00,  0.0000000E+00, -4.7402073E-02,  1.0002302E+03,  1.3698140E+04,3,
  5.0129376E+02,  0.0000000E+00,  2.5508923E+02,2793,  2.1561391E+00,  0.0000000E+00, -1.0313772E-01,  1.0002036E+03,  1.2113824E+04,3,
  5.0343506E+02,  0.0000000E+00,  2.5473535E+02,2586,  2.1369119E+00,  0.0000000E+00, -2.4331227E-01,  1.0015593E+03,  9.3145508E+04,3,
  5.0518625E+02,  0.0000000E+00,  2.5509174E+02,2604,  2.0308776E+00,  0.0000000E+00,  1.6997536E-01,  1.0003537E+03,  2.1052527E+04,3,
  5.0571310E+02,  0.0000000E+00,  2.5530121E+02,2443,  2.0639374E+00,  0.0000000E+00, -3.5571922E-02,  1.0004178E+03,  2.4871832E+04,3,
  5.0647775E+02,  0.0000000E+00,  2.5522180E+02,2754,  2.1474433E+00,  0.0000000E+00, -3.5391830E-02,  9.9942102E+02, -3.4365195E+04,3,
  5.0650400E+02,  0.0000000E+00,  2.5584119E+02,2783,  2.1435385E+00,  0.0000000E+00,  2.2660818E-02,  1.0003353E+03,  1.9957932E+04,3,
  5.0827213E+02,  0.0000000E+00,  2.5446301E+02,2451,  1.9913470E+00,  0.0000000E+00, -4.6808545E-02,  1.0017442E+03,  1.0425088E+05,3,
  5.0898563E+02,  0.0000000E+00,  2.5541750E+02,2766,  2.1413064E+00,  0.0000000E+00,  7.7168174E-02,  9.9986938E+02, -7.7630708E+03,3,
  5.1076947E+02,  0.0000000E+00,  2.5519200E+02,2471,  2.2370880E+00,  0.0000000E+00,  1.1742058E-01,  1.0002563E+03,  1.5249997E+04,3,
  5.1015048E+02,  0.0000000E+00,  2.5538208E+02,2757,  1.8411220E+00,  0.0000000E+00, -1.5026695E-01,  1.0003135E+03,  1.8659846E+04,3,
  5.1173621E+02,  0.0000000E+00,  2.5508868E+02,2426,  2.0833659E+00,  0.0000000E+00,  5.5920105E-02,  1.0003589E+03,  2.1365291E+04,3,
  5.1263391E+02,  0.0000000E+00,  2.5487401E+02,2537,  2.0902104E+00,  0.0000000E+00,  2.8932542E-02,  1.0005616E+03,  3.3446965E+04,3,
  5.1336169E+02,  0.0000000E+00,  2.5607904E+02,2416,  1.9602107E+00,  0.0000000E+00,  2.7837301E-02,  1.0003933E+03,  2.3413047E+04,3,
  5.1433044E+02,  0.0000000E+00,  2.5488454E+02,2612,  2.2391667E+00,  0.0000000E+00,  2.2854624E-02,  1.0004877E+03,  2.9038365E+04,3,
  5.1446454E+02,  0.0000000E+00,  2.5513312E+02,2621,  1.9764899E+00,  0.0000000E+00,  2.0704484E-02,  9.9959198E+02, -2.4230355E+04,3,
  5.1572095E+02,  0.0000000E+00,  2.5596436E+02,2738,  2.0105922E+00,  0.0000000E+00,  1.5569475E-02,  1.0005110E+03,  3.0432451E+04,3,
  5.1629425E+02,  0.0000000E+00,  2.5478017E+02,2509,  2.0770869E+00,  0.0000000E+00,  1.1377114E-02,  1.0007088E+03,  4.2233586E+04,3,
  5.1757275E+02,  0.0000000E+00,  2.5507640E+02,2638,  2.1417887E+00,  0.0000000E+00, -2.5301868E-02,  9.9994006E+02, -3.5630618E+03,3,
  5.1821869E+02,  0.0000000E+00,  2.5618246E+02,2727,  1.9774104E+00,  0.0000000E+00, -1.6871041E-04,  1.0004244E+03,  2.5264758E+04,3,
  5.1853729E+02,  0.0000000E+00,  2.5487152E+02,2417,  2.0932672E+00,  0.0000000E+00, -2.1150479E-02,  1.0005526E+03,  3.2911715E+04,3,
  5.1951385E+02,  0.0000000E+00,  2.5512683E+02,2664,  2.0388160E+00,  0.0000000E+00, -1.1199702E-02,  9.9984656E+02, -9.1191699E+03,3,
  5.2066461E+02,  0.0000000E+00,  2.5631506E+02,2709,  2.0218213E+00,  0.0000000E+00,  5.7533296E-04,  1.0003901E+03,  2.3220258E+04,3,
  5.2079388E+02,  0.0000000E+00,  2.5468123E+02,2491,  2.1106188E+00,  0.0000000E+00,  5.9910263E-03,  1.0009144E+03,  5.4519430E+04,3,
  5.2241528E+02,  0.0000000E+00,  2.5511206E+02,2335,  2.1068316E+00,  0.0000000E+00,  3.2819133E-02,  1.0000634E+03,  3.7676438E+03,3,
  5.2268652E+02,  0.0000000E+00,  2.5515694E+02,2620,  2.0055652E+00,  0.0000000E+00,  5.5938132E-02,  9.9991284E+02, -5.1808926E+03,3,
  5.2294421E+02,  0.0000000E+00,  2.5657166E+02,2739,  2.0839493E+00,  0.0000000E+00,  1.2382690E-02,  1.0002978E+03,  1.7721838E+04,3,
  5.2391528E+02,  0.0000000E+00,  2.5479514E+02,2546,  2.0056565E+00,  0.0000000E+00,  5.9879150E-02,  1.0007360E+03,  4.3859160E+04,3,
  5.2538916E+02,  0.0000000E+00,  2.5483420E+02,2481,  2.1252923E+00,  0.0000000E+00,  2.2378322E-02,  1.0006793E+03,  4.0473457E+04,3,
  5.2544897E+02,  0.0000000E+00,  2.5647305E+02,2407,  2.1809680E+00,  0.0000000E+00,  5.8806024E-02,  1.0003503E+03,  2.0852510E+04,3,
  5.2664233E+02,  0.0000000E+00,  2.5524898E+02,2647,  2.0339823E+00,  0.0000000E+00,  8.0124401E-02,  9.9934912E+02, -3.8624438E+04,3,
  5.2698737E+02,  0.0000000E+00,  2.5490958E+02,2657,  1.9508741E+00,  0.0000000E+00,  6.3003860E-02,  1.0004833E+03,  2.8776312E+04,3,
  5.2739954E+02,  0.0000000E+00,  2.5654126E+02,2616,  2.1635108E+00,  0.0000000E+00,  2.9307289E-02,  1.0003042E+03,  1.8103574E+04,3,
  5.2811444E+02,  0.0000000E+00,  2.5491360E+02,2547,  1.9577142E+00,  0.0000000E+00,  1.5204264E-01,  1.0004362E+03,  2.5966969E+04,3,
  5.2944116E+02,  0.0000000E+00,  2.5573756E+02,2625,  2.2987766E+00,  0.0000000E+00, -9.8705553E-02,  1.0005479E+03,  3.2631355E+04,3,
  5.2998615E+02,  0.0000000E+00,  2.5479221E+02,2653,  2.0836217E+00,  0.0000000E+00,  1.6287324E-01,  1.0006184E+03,  3.6837566E+04,3,
  5.3099615E+02,  0.0000000E+00,  2.5503633E+02,2729,  2.1853395E+00,  0.0000000E+00,  1.3096751E-01,  1.0002081E+03,  1.2382704E+04,3,
  5.3230328E+02,  0.0000000E+00,  2.5580692E+02,2558,  2.2715766E+00,  0.0000000E+00,  1.1363485E-01,  1.0003727E+03,  2.2183615E+04,3,
  5.3239062E+02,  0.0000000E+00,  2.5487994E+02,2701,  1.9723676E+00,  0.0000000E+00,  5.5405349E-02,  1.0005581E+03,  3.3239414E+04,3,
  5.3362115E+02,  0.0000000E+00,  2.5490808E+02,2520,  2.1278303E+00,  0.0000000E+00,  2.8361129E-02,  1.0006131E+03,  3.6520672E+04,3,
  5.3478485E+02,  0.0000000E+00,  2.5503882E+02,2510,  2.1349790E+00,  0.0000000E+00, -9.5358311E-04,  1.0003239E+03,  1.9274324E+04,3,
  5.3563354E+02,  0.0000000E+00,  2.5506721E+02,2591,  2.1494675E+00,  0.0000000E+00, -2.1727350E-02,  1.0002026E+03,  1.2055689E+04,3,
  5.3567249E+02,  0.0000000E+00,  2.5621927E+02,2398,  2.1248248E+00,  0.0000000E+00, -1.9093415E-02,  1.0002908E+03,  1.7303764E+04,3,
  5.3702478E+02,  0.0000000E+00,  2.5487372E+02,2499,  2.1431937E+00,  0.0000000E+00, -4.1112628E-02,  1.0006537E+03,  3.8946805E+04,3,
  5.3754102E+02,  0.0000000E+00,  2.5513033E+02,2529,  2.1178861E+00,  0.0000000E+00, -8.3373927E-02,  1.0000740E+03,  4.4029849E+03,3,
  5.3767120E+02,  0.0000000E+00,  2.5512048E+02,2454,  2.1079674E+00,  0.0000000E+00, -7.8900732E-02,  1.0000918E+03,  5.4595566E+03,3,
  5.3902753E+02,  0.0000000E+00,  2.5578459E+02,2694,  2.1481009E+00,  0.0000000E+00, -8.2016297E-02,  1.0003819E+03,  2.2732840E+04,3,
  5.4002301E+02,  0.0000000E+00,  2.5469324E+02,2702,  2.1544743E+00,  0.0000000E+00, -2.1872032E-02,  1.0010096E+03,  6.0209816E+04,3,
  5.4088092E+02,  0.0000000E+00,  2.5512587E+02,2498,  2.1564603E+00,  0.0000000E+00, -2.5262140E-02,  1.0005616E+03,  3.3450605E+04,3,
  5.4249109E+02,  0.0000000E+00,  2.5504451E+02,2418,  2.1514447E+00,  0.0000000E+00, -1.5058578E-02,  1.0002529E+03,  1.5046461E+04,3,
  5.4293329E+02,  0.0000000E+00,  2.5503720E+02,2463,  2.1536586E+00,  0.0000000E+00, -1.6776940E-02,  1.0003051E+03,  1.8154475E+04,3,
  5.4311841E+02,  0.0000000E+00,  2.5633636E+02,2684,  2.1157689E+00,  0.0000000E+00, -7.2988397E-03,  1.0002274E+03,  1.3530976E+04,3,
  5.4370593E+02,  0.0000000E+00,  2.5509468E+02,2593,  2.1471007E+00,  0.0000000E+00,  5.6845299E-03,  1.0001247E+03,  7.4168721E+03,3,
  5.4453485E+02,  0.0000000E+00,  2.5506129E+02,2572,  2.1507454E+00,  0.0000000E+00,  9.7218240E-03,  1.0003663E+03,  2.1805359E+04,3,
  5.4592804E+02,  0.0000000E+00,  2.5472653E+02,2513,  2.1619971E+00,  0.0000000E+00,  1.4491219E-02,  1.0009140E+03,  5.4493887E+04,3,
  5.4598077E+02,  0.0000000E+00,  2.5621399E+02,2675,  2.1259754E+00,  0.0000000E+00,  2.0148039E-02,  1.0002147E+03,  1.2775137E+04,3,
  5.4748541E+02,  0.0000000E+00,  2.5515448E+02,2548,  2.1491244E+00,  0.0000000E+00,  2.0258611E-02,  1.0002442E+03,  1.4530370E+04,3,
  5.4768665E+02,  0.0000000E+00,  2.5513499E+02,2555,  2.1486893E+00,  0.0000000E+00,  4.5439113E-02,  1.0002485E+03,  1.4784777E+04,3,
  5.4858447E+02,  0.0000000E+00,  2.5500833E+02,2584,  2.1401117E+00,  0.0000000E+00,  6.8407871E-02,  1.0003837E+03,  2.2838324E+04,3,
  5.4943219E+02,  0.0000000E+00,  2.5642032E+02,2693,  2.0929680E+00,  0.0000000E+00,  3.6379267E-02,  1.0002236E+03,  1.3302037E+04,3,
  5.4987091E+02,  0.0000000E+00,  2.5495193E+02,2583,  2.1637335E+00,  0.0000000E+00,  5.2651063E-02,  1.0004733E+03,  2.8179443E+04,3,
  5.5065527E+02,  0.0000000E+00,  2.5505914E+02,2556,  2.1879473E+00,  0.0000000E+00,  4.8553301E-03,  1.0003044E+03,  1.8118117E+04,3,
  5.5173291E+02,  0.0000000E+00,  2.5496005E+02,2492,  2.1796179E+00,  0.0000000E+00, -1.1570508E-02,  1.0004549E+03,  2.7084061E+04,3,
  5.5232922E+02,  0.0000000E+00,  2.5502596E+02,2500,  2.1639483E+00,  0.0000000E+00, -2.3043053E-02,  1.0002377E+03,  1.4145137E+04,3,
  5.5262573E+02,  0.0000000E+00,  2.5604166E+02,2489,  2.0259855E+00,  0.0000000E+00,  9.6390881E-02,  1.0003319E+03,  1.9754299E+04,3,
  5.5412982E+02,  0.0000000E+00,  2.5467880E+02,2553,  2.1380272E+00,  0.0000000E+00,  1.1214156E-01,  1.0008425E+03,  5.0221855E+04,3,
  5.5457831E+02,  0.0000000E+00,  2.5576471E+02,2372,  2.0596945E+00,  0.0000000E+00,  1.0730828E-01,  1.0002857E+03,  1.7002033E+04,3,
  5.5576636E+02,  0.0000000E+00,  2.5479887E+02,2562,  2.1835375E+00,  0.0000000E+00,  1.6594878E-01,  1.0006867E+03,  4.0914371E+04,3,
  5.5659320E+02,  0.0000000E+00,  2.5564937E+02,2599,  2.1577358E+00,  0.0000000E+00,  1.5968004E-01,  1.0003822E+03,  2.2751027E+04,3,
  5.5744641E+02,  0.0000000E+00,  2.5533900E+02,2676,  2.0674949E+00,  0.0000000E+00,  2.0900810E-01,  1.0002766E+03,  1.6456760E+04,3,
  5.5751050E+02,  0.0000000E+00,  2.5543573E+02,2545,  2.1288712E+00,  0.0000000E+00,  1.5028544E-01,  1.0002040E+03,  1.2135625E+04,3,
  5.5925488E+02,  0.0000000E+00,  2.5439998E+02,2541,  2.0976303E+00,  0.0000000E+00,  3.1328213E-01,  1.0017669E+03,  1.0561516E+05,3,
  5.6071899E+02,  0.0000000E+00,  2.5584152E+02,2639,  2.1951833E+00,  0.0000000E+00,  8.9159966E-02,  1.0002374E+03,  1.4123332E+04,3,
  5.6129474E+02,  0.0000000E+00,  2.5505489E+02,2354,  2.1617754E+00,  0.0000000E+00,  2.5866827E-01,  1.0003057E+03,  1.8194467E+04,3,
  5.6177557E+02,  0.0000000E+00,  2.5606024E+02,2486,  2.4379518E+00,  0.0000000E+00,  2.0241176E-01,  1.0003054E+03,  1.8176287E+04,3,
  5.6249573E+02,  0.0000000E+00,  2.5493515E+02,2508,  2.1434898E+00,  0.0000000E+00,  1.6442403E-01,  1.0004421E+03,  2.6323553E+04,3,
  5.6348981E+02,  0.0000000E+00,  2.5491399E+02,2567,  1.9289670E+00,  0.0000000E+00,  1.9781998E-01,  1.0005463E+03,  3.2536689E+04,3,
  5.6436115E+02,  0.0000000E+00,  2.5621811E+02,2526,  2.7111094E+00,  0.0000000E+00, -2.6567951E-02,  1.0002950E+03,  1.7554605E+04,3,
  5.6475800E+02,  0.0000000E+00,  2.5517694E+02,2527,  2.0127330E+00,  0.0000000E+00,  4.1508996E-01,  9.9989008E+02, -6.5337188E+03,3,
  5.6633105E+02,  0.0000000E+00,  2.5536186E+02,2564,  2.8253155E+00,  0.0000000E+00, -6.8143886E-01,  9.9979675E+02, -1.2077287E+04,3,
  5.6582153E+02,  0.0000000E+00,  2.5472852E+02,2381,  1.8490714E+00,  0.0000000E+00, -1.5967196E-02,  1.0013250E+03,  7.9096359E+04,3,
  5.6801239E+02,  0.0000000E+00,  2.5677179E+02,2362,  2.3484566E+00,  0.0000000E+00, -3.9203009E-01,  1.0001553E+03,  9.2365410E+03,3,
  5.6812811E+02,  0.0000000E+00,  2.5445436E+02,2464,  2.5335910E+00,  0.0000000E+00, -1.2299234E+00,  1.0007619E+03,  4.5404793E+04,3,
  5.6801208E+02,  0.0000000E+00,  2.5538657E+02,2473,  1.7131671E+00,  0.0000000E+00, -2.6684564E-01,  1.0001272E+03,  7.5657744E+03,3,
  5.6934985E+02,  0.0000000E+00,  2.5656552E+02,2667,  2.8410220E+00,  0.0000000E+00, -8.1358617E-03,  1.0001664E+03,  9.9012939E+03,3,
  5.6980304E+02,  0.0000000E+00,  2.5344513E+02,2428,  1.6370202E+00,  0.0000000E+00, -1.2841815E+00,  1.0002991E+03,  1.7801820E+04,3,
  5.7022339E+02,  0.0000000E+00,  2.5594093E+02,2581,  2.7994537E+00,  0.0000000E+00,  6.0431701E-01,  1.0001968E+03,  1.1706886E+04,3,
  5.7080890E+02,  0.0000000E+00,  2.5293573E+02,2574,  1.1769950E+00,  0.0000000E+00, -2.2158907E-01,  1.0005556E+03,  3.3090129E+04,3,
  5.7196503E+02,  0.0000000E+00,  2.5545775E+02,2457,  1.6120042E+00,  0.0000000E+00,  1.3078517E+00,  1.0002559E+03,  1.5228189E+04,3,
  5.7210205E+02,  0.0000000E+00,  2.5301544E+02,2419,  1.0613250E+00,  0.0000000E+00,  1.9196373E-01,  1.0005415E+03,  3.2249061E+04,3,
  5.7275940E+02,  0.0000000E+00,  2.5293503E+02,2435,  1.5656327E+00,  0.0000000E+00,  1.5953739E-01,  1.0007107E+03,  4.2346566E+04,3,
  5.7010590E+02,  0.0000000E+00,  2.5253328E+02,2566, -5.4033357E-01,  0.0000000E+00,  1.2981381E-01,  1.0011427E+03,  6.8175961E+04,3,
  5.7349799E+02,  0.0000000E+00,  2.5558917E+02,2475,  1.1577611E+00,  0.0000000E+00,  7.6285160E-01,  1.0002084E+03,  1.2397238E+04,3,
  5.7341962E+02,  0.0000000E+00,  2.5661230E+02,2640,  6.0283226E-01,  0.0000000E+00,  6.5010166E-01,  1.0001970E+03,  1.1717785E+04,3,
  5.7439124E+02,  0.0000000E+00,  2.5275864E+02,2483,  5.7984126E-01,  0.0000000E+00, -2.6891718E-02,  1.0009410E+03,  5.6110516E+04,3,
  5.7507623E+02,  0.0000000E+00,  2.5579155E+02,2536,  1.3493544E+00,  0.0000000E+00, -1.7964596E-02,  1.0001740E+03,  1.0351753E+04,3,
  5.7530621E+02,  0.0000000E+00,  2.5293097E+02,2445,  2.4635068E-01,  0.0000000E+00,  1.4487228E-01,  1.0006791E+03,  4.0462523E+04,3,
  5.7520496E+02,  0.0000000E+00,  2.5654089E+02,2380,  1.2891809E+00,  0.0000000E+00,  4.7534287E-02,  1.0001936E+03,  1.1517955E+04,3,
  5.7687384E+02,  0.0000000E+00,  2.5611707E+02,2592,  1.9589068E+00,  0.0000000E+00,  1.0945664E-01,  1.0002913E+03,  1.7336480E+04,3,
  5.7600842E+02,  0.0000000E+00,  2.5307292E+02,2530,  4.7348490E-01,  0.0000000E+00,  2.9382682E-01,  1.0005107E+03,  3.0414250E+04,3,
  5.7707642E+02,  0.0000000E+00,  2.5254216E+02,2484,  1.1763494E+00,  0.0000000E+00,  2.4368918E-01,  1.0013068E+03,  7.8006344E+04,3,
  5.7885480E+02,  0.0000000E+00,  2.5574478E+02,2531,  1.2537127E+00,  0.0000000E+00,  6.5307933E-01,  1.0000214E+03,  1.2738696E+03,3,
  5.7871008E+02,  0.0000000E+00,  2.5652231E+02,2603,  1.3076335E+00,  0.0000000E+00,  4.5062673E-01,  1.0001638E+03,  9.7414580E+03,3,
  5.7893579E+02,  0.0000000E+00,  2.5315352E+02,2409,  7.0002180E-01,  0.0000000E+00,  1.5011676E-01,  1.0004744E+03,  2.8244951E+04,3,
  5.7814288E+02,  0.0000000E+00,  2.5312680E+02,2308,  8.0066246E-01,  0.0000000E+00,  9.8218620E-02,  1.0004968E+03,  2.9580688E+04,3,
  5.8009869E+02,  0.0000000E+00,  2.5296158E+02,2631, -8.9630201E-02,  0.0000000E+00,  1.2732179E-01,  1.0010558E+03,  6.2977707E+04,3,
  5.8031592E+02,  0.0000000E+00,  2.5686942E+02,2344,  1.1214852E+00,  0.0000000E+00,  3.8225014E-02,  1.0001279E+03,  7.6093560E+03,3,
  5.8093146E+02,  0.0000000E+00,  2.5658572E+02,2565,  1.1904964E+00,  0.0000000E+00, -1.2096541E-01,  1.0000354E+03,  2.1050581E+03,3,
  5.8084821E+02,  0.0000000E+00,  2.5279776E+02,2307,  3.7390926E-01,  0.0000000E+00,  6.4581400E-01,  1.0017872E+03,  1.0683290E+05,3,
  5.8182410E+02,  0.0000000E+00,  2.5626013E+02,2557,  1.3520341E+00,  0.0000000E+00, -4.8854414E-01,  9.9991876E+02, -4.8290552E+03,3,
  5.8285950E+02,  0.0000000E+00,  2.5635934E+02,2563,  1.7761863E+00,  0.0000000E+00, -7.6796675E-01,  1.0002076E+03,  1.2353636E+04,3,
  5.8484930E+02,  0.0000000E+00,  2.5590071E+02,2468,  2.0226617E+00,  0.0000000E+00, -5.6367409E-01,  1.0008933E+03,  5.3256965E+04,3,
  5.8224237E+02,  0.0000000E+00,  2.5460944E+02,2345,  2.5356224E+00,  0.0000000E+00,  1.7264175E+00,  1.0005621E+03,  3.3479738E+04,3,
  5.8641833E+02,  0.0000000E+00,  2.5610275E+02,2472,  1.8967292E+00,  0.0000000E+00, -3.1428966E-01,  1.0005158E+03,  3.0716389E+04,3,
  5.8476013E+02,  0.0000000E+00,  2.5518875E+02,2519,  2.6620963E+00,  0.0000000E+00,  1.6595928E-01,  1.0003012E+03,  1.7925430E+04,3,
  5.8702203E+02,  0.0000000E+00,  2.5502589E+02,2494,  2.6320162E+00,  0.0000000E+00,  3.0231041E-01,  1.0016131E+03,  9.6376891E+04,3,
  5.8712384E+02,  0.0000000E+00,  2.5498723E+02,2408,  2.1338000E+00,  0.0000000E+00, -5.0019729E-01,  9.9785474E+02, -1.2673499E+05,3,
  5.8824335E+02,  0.0000000E+00,  2.5466946E+02,2522,  2.1825650E+00,  0.0000000E+00,  2.5653014E-01,  1.0013035E+03,  7.7805180E+04,3,
  5.8935956E+02,  0.0000000E+00,  2.5600027E+02,2610,  2.7759557E+00,  0.0000000E+00, -2.3323958E-01,  1.0003561E+03,  2.1197998E+04,3,
  5.9036066E+02,  0.0000000E+00,  2.5525565E+02,2539,  2.9512541E+00,  0.0000000E+00,  2.7063733E-02,  9.9923798E+02, -4.5204930E+04,3,
  5.9210480E+02,  0.0000000E+00,  2.5624216E+02,2594,  2.7293148E+00,  0.0000000E+00,  4.5304008E-02,  1.0004310E+03,  2.5661338E+04,3,
  5.9049792E+02,  0.0000000E+00,  2.5475925E+02,2411,  1.8934987E+00,  0.0000000E+00,  1.1930473E-01,  1.0010560E+03,  6.2985008E+04,3,
  5.9272260E+02,  0.0000000E+00,  2.5509351E+02,2438,  2.4912496E+00,  0.0000000E+00,  1.3252310E-01,  9.9970111E+02, -1.7755408E+04,3,
  5.9189917E+02,  0.0000000E+00,  2.5507681E+02,2363,  2.4889536E+00,  0.0000000E+00,  1.3221513E-01,  1.0001949E+03,  1.1594253E+04,3,
  5.9369843E+02,  0.0000000E+00,  2.5490369E+02,2485,  2.3992896E+00,  0.0000000E+00,  1.4788005E-01,  1.0005176E+03,  3.0821957E+04,3,
  5.9481226E+02,  0.0000000E+00,  2.5551096E+02,2585,  2.5248580E+00,  0.0000000E+00, -2.0142934E-01,  1.0005404E+03,  3.2183525E+04,3,
  5.9596600E+02,  0.0000000E+00,  2.5516478E+02,2576,  2.6611764E+00,  0.0000000E+00, -2.3359159E-01,  9.9933813E+02, -3.9275094E+04,3,
  5.9587799E+02,  0.0000000E+00,  2.5480754E+02,2613,  2.6767669E+00,  0.0000000E+00,  2.4364486E-01,  1.0014061E+03,  8.3955320E+04,3,
  5.9744049E+02,  0.0000000E+00,  2.5506332E+02,2568,  2.7210660E+00,  0.0000000E+00, -1.8131182E-01,  9.9950385E+02, -2.9456469E+04,3,
  5.9871014E+02,  0.0000000E+00,  2.5485016E+02,2495,  2.6057110E+00,  0.0000000E+00, -1.7755161E-01,  1.0011738E+03,  7.0039664E+04,3,
  5.9914661E+02,  0.0000000E+00,  2.5607928E+02,2469,  2.4701617E+00,  0.0000000E+00,  1.1734497E-01,  1.0006843E+03,  4.0768613E+04,3,
  6.0025787E+02,  0.0000000E+00,  2.5487720E+02,2423,  2.5795596E+00,  0.0000000E+00,  2.8212062E-01,  9.9993030E+02, -4.1434800E+03,3,
  6.0126288E+02,  0.0000000E+00,  2.5486993E+02,2575,  2.6669412E+00,  0.0000000E+00,  1.9003086E-02,  9.9898322E+02, -6.0271824E+04,3,
  6.0186676E+02,  0.0000000E+00,  2.5548459E+02,2450,  2.4550529E+00,  0.0000000E+00,  4.9558112E-01,  1.0013232E+03,  7.8990273E+04,3,
  6.0300897E+02,  0.0000000E+00,  2.5485165E+02,2511,  2.6349449E+00,  0.0000000E+00,  3.2408032E-01,  1.0013322E+03,  7.9528008E+04,3,
  6.0409583E+02,  0.0000000E+00,  2.5531487E+02,2366,  2.5145223E+00,  0.0000000E+00,  6.1477524E-01,  9.9925665E+02, -4.4099453E+04,3,
  6.0462537E+02,  0.0000000E+00,  2.5527586E+02,2549,  2.4743209E+00,  0.0000000E+00,  3.1147888E-01,  9.9903802E+02, -5.7032258E+04,3,
  6.0533344E+02,  0.0000000E+00,  2.5605359E+02,2326,  2.2255836E+00,  0.0000000E+00,  4.2263526E-01,  1.0003438E+03,  2.0463395E+04,3,
  6.0570880E+02,  0.0000000E+00,  2.5500290E+02,2336,  2.3943779E+00,  0.0000000E+00,  7.2636724E-01,  1.0017950E+03,  1.0730610E+05,3,
  6.0749677E+02,  0.0000000E+00,  2.5470807E+02,2466,  3.7168941E+00,  0.0000000E+00,  3.4419259E-01,  1.0000460E+03,  2.7330325E+03,3,
  6.0784888E+02,  0.0000000E+00,  2.5503374E+02,2392,  1.4745402E+00,  0.0000000E+00,  6.3379896E-01,  9.9929114E+02, -4.2057973E+04,3,
  6.0849200E+02,  0.0000000E+00,  2.5404175E+02,2401,  3.1815350E+00,  0.0000000E+00, -1.0394917E+00,  1.0011734E+03,  7.0014086E+04,3,
  6.0899072E+02,  0.0000000E+00,  2.5540897E+02,2402,  1.5962671E+00,  0.0000000E+00,  5.5892855E-01,  9.9987250E+02, -7.5781338E+03,3,
  6.0970331E+02,  0.0000000E+00,  2.5331345E+02,2317,  2.3361468E+00,  0.0000000E+00, -1.4476925E+00,  1.0008740E+03,  5.2100449E+04,3,
  6.1089545E+02,  0.0000000E+00,  2.5477605E+02,2503,  1.4619248E+00,  0.0000000E+00,  6.4787567E-01,  9.9973938E+02, -1.5483826E+04,3,
  6.1151282E+02,  0.0000000E+00,  2.5442000E+02,2502,  2.5040727E+00,  0.0000000E+00, -7.5168215E-02,  9.9943756E+02, -3.3385090E+04,3,
  6.1166687E+02,  0.0000000E+00,  2.5247661E+02,2390,  1.6765459E-01,  0.0000000E+00,  5.1441413E-01,  1.0016402E+03,  9.8003969E+04,3,
  6.1379553E+02,  0.0000000E+00,  2.5284416E+02,2427,  2.7236311E+00,  0.0000000E+00,  2.5472953E+00,  9.9992023E+02, -4.7420005E+03,3,
  6.1139020E+02,  0.0000000E+00,  2.5259886E+02,2465,  1.8480559E-01,  0.0000000E+00,  5.3583186E-02,  1.0012991E+03,  7.7545500E+04,3,
  6.1451837E+02,  0.0000000E+00,  2.5404546E+02,2501,  2.8491931E+00,  0.0000000E+00,  5.8918357E-01,  1.0010944E+03,  6.5282430E+04,3,
  6.1456256E+02,  0.0000000E+00,  2.5284216E+02,2436,  2.1004627E+00,  0.0000000E+00,  1.7426275E+00,  1.0004545E+03,  2.7058588E+04,3,
  6.1544305E+02,  0.0000000E+00,  2.5490959E+02,2559,  2.3882363E+00,  0.0000000E+00,  1.3121821E+00,  1.0003979E+03,  2.3689510E+04,3,
  6.1637439E+02,  0.0000000E+00,  2.5500470E+02,2577,  2.6873114E+00,  0.0000000E+00,  1.6061963E+00,  1.0003942E+03,  2.3463975E+04,3,
  6.1781494E+02,  0.0000000E+00,  2.5487694E+02,2528,  2.7984228E+00,  0.0000000E+00,  1.6655364E+00,  1.0003481E+03,  2.0721590E+04,3,
  6.1699860E+02,  0.0000000E+00,  2.5271588E+02,2532,  1.1019360E+00,  0.0000000E+00,  6.7381608E-01,  1.0005983E+03,  3.5639250E+04,3,
  6.2000470E+02,  0.0000000E+00,  2.5604034E+02,2432,  1.9248250E+00,  0.0000000E+00,  8.1913298E-01,  1.0002216E+03,  1.3185754E+04,3,
  6.2067889E+02,  0.0000000E+00,  2.5583356E+02,2399,  1.8524758E+00,  0.0000000E+00,  5.7121485E-01,  1.0002697E+03,  1.6046008E+04,3,
  6.1852014E+02,  0.0000000E+00,  2.5290717E+02,2458,  1.3183949E+00,  0.0000000E+00,  6.7533195E-01,  1.0003165E+03,  1.8834367E+04,3,
  6.1908936E+02,  0.0000000E+00,  2.5291570E+02,2309,  1.4803180E+00,  0.0000000E+00,  5.2083313E-01,  1.0003939E+03,  2.3445787E+04,3,
  6.2005762E+02,  0.0000000E+00,  2.5321127E+02,2420,  1.5112524E+00,  0.0000000E+00,  4.1390750E-01,  1.0000934E+03,  5.5539639E+03,3,
  6.2095782E+02,  0.0000000E+00,  2.5297351E+02,2412,  1.4348458E+00,  0.0000000E+00,  3.1146103E-01,  1.0006082E+03,  3.6229285E+04,3,
  6.2189453E+02,  0.0000000E+00,  2.5572212E+02,2383,  1.9186175E+00,  0.0000000E+00,  2.0875557E-01,  1.0002851E+03,  1.6965680E+04,3,
  6.2226416E+02,  0.0000000E+00,  2.5274426E+02,2540,  1.3379190E+00,  0.0000000E+00,  7.2818406E-02,  1.0007357E+03,  4.3840934E+04,3,
  6.2336932E+02,  0.0000000E+00,  2.5602869E+02,2550,  2.0044880E+00,  0.0000000E+00, -2.1972207E-02,  1.0001812E+03,  1.0780435E+04,3,
  6.2436365E+02,  0.0000000E+00,  2.5606870E+02,2281,  2.5087504E+00,  0.0000000E+00, -2.6107350E-02,  1.0001535E+03,  9.1312021E+03,3,
  6.2386047E+02,  0.0000000E+00,  2.5307895E+02,2429,  1.0811809E+00,  0.0000000E+00,  2.6705390E-01,  1.0001883E+03,  1.1201868E+04,3,
  6.2412122E+02,  0.0000000E+00,  2.5280116E+02,2403,  8.5777658E-01,  0.0000000E+00,  3.9699882E-01,  1.0006143E+03,  3.6593520E+04,3,
  6.2506073E+02,  0.0000000E+00,  2.5519661E+02,2456,  2.2551520E+00,  0.0000000E+00,  1.1491909E-02,  1.0003419E+03,  2.0347025E+04,3,
  6.2675433E+02,  0.0000000E+00,  2.5523026E+02,2448,  2.3698683E+00,  0.0000000E+00,  1.5838651E-01,  1.0003359E+03,  1.9990658E+04,3,
  6.2752625E+02,  0.0000000E+00,  2.5566287E+02,2538,  2.5011225E+00,  0.0000000E+00,  3.4192941E-01,  1.0001999E+03,  1.1892187E+04,3,
  6.2566180E+02,  0.0000000E+00,  2.5283678E+02,2467,  1.3707309E+00,  0.0000000E+00,  4.5851219E-01,  1.0005605E+03,  3.3385062E+04,3,
  6.2631860E+02,  0.0000000E+00,  2.5297598E+02,2447,  1.3536841E+00,  0.0000000E+00,  3.9464813E-01,  1.0002351E+03,  1.3988867E+04,3,
  6.2786450E+02,  0.0000000E+00,  2.5267513E+02,2254,  1.3723944E+00,  0.0000000E+00,  2.9586172E-01,  1.0009133E+03,  5.4453750E+04,3,
  6.2890118E+02,  0.0000000E+00,  2.5556305E+02,2482,  2.3179157E+00,  0.0000000E+00,  5.7489532E-01,  1.0002071E+03,  1.2320935E+04,3,
  6.2980927E+02,  0.0000000E+00,  2.5549585E+02,2504,  2.3267791E+00,  0.0000000E+00,  5.9494954E-01,  1.0002063E+03,  1.2273698E+04,3,
  6.2926288E+02,  0.0000000E+00,  2.5269070E+02,2355,  1.1480219E+00,  0.0000000E+00,  3.4996152E-01,  1.0008510E+03,  5.0728859E+04,3,
  6.3139496E+02,  0.0000000E+00,  2.5548468E+02,2521,  1.9688691E+00,  0.0000000E+00,  5.5713749E-01,  1.0001752E+03,  1.0424409E+04,3,
  6.3003473E+02,  0.0000000E+00,  2.5308905E+02,2348,  9.3811470E-01,  0.0000000E+00,  4.1068348E-01,  1.0002422E+03,  1.4414072E+04,3,
  6.3210803E+02,  0.0000000E+00,  2.5497925E+02,2437,  2.1789851E+00,  0.0000000E+00,  4.1794464E-01,  1.0004706E+03,  2.8022953E+04,3,
  6.3177039E+02,  0.0000000E+00,  2.5256046E+02,2370,  1.3612703E+00,  0.0000000E+00,  6.2319076E-01,  1.0011960E+03,  7.1370047E+04,3,
  6.3357233E+02,  0.0000000E+00,  2.5567712E+02,2523,  2.1240134E+00,  0.0000000E+00,  5.9040624E-01,  1.0001864E+03,  1.1089241E+04,3,
  6.3359979E+02,  0.0000000E+00,  2.5304932E+02,2474,  1.4580038E+00,  0.0000000E+00,  2.8558680E-01,  1.0004031E+03,  2.3995080E+04,3,
  6.3452234E+02,  0.0000000E+00,  2.5269681E+02,2446,  1.2174987E+00,  0.0000000E+00,  2.6882806E-01,  1.0008937E+03,  5.3278855E+04,3,
  6.3489557E+02,  0.0000000E+00,  2.5565298E+02,2386,  2.0658298E+00,  0.0000000E+00,  5.5359620E-01,  1.0002311E+03,  1.3749017E+04,3,
  6.3627148E+02,  0.0000000E+00,  2.5588300E+02,2424,  1.9324607E+00,  0.0000000E+00,  4.3140918E-01,  1.0002339E+03,  1.3916185E+04,3,
  6.3589819E+02,  0.0000000E+00,  2.5310933E+02,2373,  1.3268909E+00,  0.0000000E+00,  2.0671339E-01,  1.0002863E+03,  1.7038385E+04,3,
  6.3631671E+02,  0.0000000E+00,  2.5333672E+02,2430,  1.0185637E+00,  0.0000000E+00,  1.9362824E-01,  9.9997998E+02, -1.1902487E+03,3,
  6.3757159E+02,  0.0000000E+00,  2.5562495E+02,2455,  1.8238469E+00,  0.0000000E+00,  3.5115805E-01,  1.0002672E+03,  1.5900613E+04,3,
  6.3767218E+02,  0.0000000E+00,  2.5256064E+02,2391,  1.3079388E+00,  0.0000000E+00,  2.0446864E-01,  1.0012450E+03,  7.4301906E+04,3,
  6.3900378E+02,  0.0000000E+00,  2.5564990E+02,2299,  1.7551178E+00,  0.0000000E+00,  3.3698547E-01,  1.0002467E+03,  1.4679380E+04,3,
  6.3906329E+02,  0.0000000E+00,  2.5291566E+02,2439,  1.2089866E+00,  0.0000000E+00,  1.0205877E-01,  1.0005629E+03,  3.3527074E+04,3,
  6.4035248E+02,  0.0000000E+00,  2.5547673E+02,2382,  1.6954836E+00,  0.0000000E+00,  2.6749760E-01,  1.0002537E+03,  1.5093710E+04,3,
  6.4019208E+02,  0.0000000E+00,  2.5290932E+02,2337,  1.0881104E+00,  0.0000000E+00,  1.3109416E-01,  1.0004933E+03,  2.9376859E+04,3,
  6.4100073E+02,  0.0000000E+00,  2.5314534E+02,2405,  9.7017002E-01,  0.0000000E+00,  1.9342153E-01,  1.0001210E+03,  7.1953384E+03,3,
  6.4176349E+02,  0.0000000E+00,  2.5556693E+02,2512,  1.7012246E+00,  0.0000000E+00,  1.7400628E-01,  1.0002040E+03,  1.2139259E+04,3,
  6.4216254E+02,  0.0000000E+00,  2.5265198E+02,2449,  9.4009143E-01,  0.0000000E+00,  3.1087148E-01,  1.0009652E+03,  5.7555848E+04,3,
  6.4279279E+02,  0.0000000E+00,  2.5519930E+02,2393,  1.6523066E+00,  0.0000000E+00,  1.2648173E-01,  1.0002416E+03,  1.4374095E+04,3,
  6.4408325E+02,  0.0000000E+00,  2.5554141E+02,2400,  1.8119204E+00,  0.0000000E+00,  1.8746804E-01,  1.0001592E+03,  9.4690176E+03,3,
  6.4369818E+02,  0.0000000E+00,  2.5271240E+02,2374,  1.2110267E+00,  0.0000000E+00,  3.9086896E-01,  1.0009202E+03,  5.4862441E+04,3,
  6.4553217E+02,  0.0000000E+00,  2.5577371E+02,2514,  1.7340833E+00,  0.0000000E+00,  2.3819023E-01,  1.0001567E+03,  9.3200869E+03,3,
  6.4480170E+02,  0.0000000E+00,  2.5311334E+02,2394,  1.2513713E+00,  0.0000000E+00,  3.1051093E-01,  1.0003833E+03,  2.2816500E+04,3,
  6.4654065E+02,  0.0000000E+00,  2.5572363E+02,2395,  1.8411528E+00,  0.0000000E+00,  2.5683111E-01,  1.0001525E+03,  9.0694521E+03,3,
  6.4599139E+02,  0.0000000E+00,  2.5272757E+02,2378,  1.2060457E+00,  0.0000000E+00,  2.9525352E-01,  1.0009402E+03,  5.6059422E+04,3,
  6.4709192E+02,  0.0000000E+00,  2.5306970E+02,2356,  1.1893960E+00,  0.0000000E+00,  2.6343954E-01,  1.0005205E+03,  3.0996693E+04,3,
  6.4807300E+02,  0.0000000E+00,  2.5600021E+02,2343,  1.8180878E+00,  0.0000000E+00,  2.3203462E-01,  1.0001837E+03,  1.0925754E+04,3,
  6.4821680E+02,  0.0000000E+00,  2.5277126E+02,2410,  1.2698309E+00,  0.0000000E+00,  3.2387924E-01,  1.0009766E+03,  5.8234785E+04,3,
  6.4957623E+02,  0.0000000E+00,  2.5597763E+02,2415,  1.7993814E+00,  0.0000000E+00,  1.8001045E-01,  1.0001949E+03,  1.1597887E+04,3,
  6.4952118E+02,  0.0000000E+00,  2.5275783E+02,2477,  1.3313210E+00,  0.0000000E+00,  2.9369339E-01,  1.0010324E+03,  6.1575406E+04,3,
  6.5095245E+02,  0.0000000E+00,  2.5587756E+02,2493,  1.8575596E+00,  0.0000000E+00,  1.3652380E-01,  1.0001725E+03,  1.0260933E+04,3,
  6.5045538E+02,  0.0000000E+00,  2.5361749E+02,2384,  1.3050338E+00,  0.0000000E+00,  2.0554683E-01,  1.0000222E+03,  1.3210531E+03,3,
  6.5217993E+02,  0.0000000E+00,  2.5589909E+02,2478,  1.9300728E+00,  0.0000000E+00,  1.4448836E-01,  1.0001315E+03,  7.8236353E+03,3,
  6.5143201E+02,  0.0000000E+00,  2.5256891E+02,2487,  1.2877605E+00,  0.0000000E+00,  2.5440854E-01,  1.0013621E+03,  8.1320648E+04,3,
  6.5348639E+02,  0.0000000E+00,  2.5593636E+02,2505,  2.0149159E+00,  0.0000000E+00,  1.7142209E-01,  1.0001064E+03,  6.3274097E+03,3,
  6.5293152E+02,  0.0000000E+00,  2.5292786E+02,2442,  1.2894616E+00,  0.0000000E+00,  2.7323979E-01,  1.0008079E+03,  4.8153992E+04,3,
  6.5390027E+02,  0.0000000E+00,  2.5275900E+02,2310,  1.1971860E+00,  0.0000000E+00,  3.1164142E-01,  1.0010576E+03,  6.3083617E+04,3,
  6.5512756E+02,  0.0000000E+00,  2.5586198E+02,2476,  1.9193515E+00,  0.0000000E+00,  1.0234476E-01,  1.0000978E+03,  5.8154033E+03,3,
  6.5515930E+02,  0.0000000E+00,  2.5314514E+02,2292,  1.4281119E+00,  0.0000000E+00,  2.0940669E-01,  1.0005520E+03,  3.2875305E+04,3,
  6.5609814E+02,  0.0000000E+00,  2.5365997E+02,2359,  1.5825363E+00,  0.0000000E+00,  1.4159097E-01,  1.0002536E+03,  1.5090075E+04,3,
  6.5695251E+02,  0.0000000E+00,  2.5590929E+02,2379,  1.9999359E+00,  0.0000000E+00, -7.6874293E-02,  1.0001539E+03,  9.1529961E+03,3,
  6.5637964E+02,  0.0000000E+00,  2.5340283E+02,2365,  1.6291213E+00,  0.0000000E+00, -5.3769061E-03,  1.0004539E+03,  2.7025838E+04,3,
  6.5836139E+02,  0.0000000E+00,  2.5548181E+02,2290,  2.0011461E+00,  0.0000000E+00, -1.3102230E-01,  1.0001694E+03,  1.0079295E+04,3,
  6.5788062E+02,  0.0000000E+00,  2.5230768E+02,2422,  8.0605739E-01,  0.0000000E+00, -4.7614509E-01,  1.0013141E+03,  7.8441602E+04,3,
  6.5921252E+02,  0.0000000E+00,  2.5541179E+02,2440,  1.9923108E+00,  0.0000000E+00, -7.9278775E-02,  1.0002052E+03,  1.2208295E+04,3,
  6.5896667E+02,  0.0000000E+00,  2.5173601E+02,2441,  9.9238354E-01,  0.0000000E+00, -7.1491218E-01,  1.0010404E+03,  6.2053773E+04,3,
  6.6061212E+02,  0.0000000E+00,  2.5527304E+02,2341,  1.6383963E+00,  0.0000000E+00, -5.3382818E-02,  1.0002876E+03,  1.7114727E+04,3,
  6.6016492E+02,  0.0000000E+00,  2.5161891E+02,2283,  9.1038829E-01,  0.0000000E+00, -4.3323311E-01,  1.0008087E+03,  4.8201398E+04,3,
  6.6159686E+02,  0.0000000E+00,  2.5507387E+02,2496,  1.3850064E+00,  0.0000000E+00, -2.8520882E-01,  1.0003828E+03,  2.2783764E+04,3,
  6.6308978E+02,  0.0000000E+00,  2.5417683E+02,2332,  1.8061419E+00,  0.0000000E+00, -6.7679822E-01,  1.0006745E+03,  4.0185598E+04,3,
  6.6316980E+02,  0.0000000E+00,  2.5549445E+02,2032,  1.4674760E+00,  0.0000000E+00, -3.2806659E-01,  1.0002737E+03,  1.6285914E+04,3,
  6.6472607E+02,  0.0000000E+00,  2.5504413E+02,2433,  1.7607925E+00,  0.0000000E+00, -5.5479113E-02,  1.0003113E+03,  1.8528955E+04,3,
  6.6625024E+02,  0.0000000E+00,  2.5411064E+02,2257,  1.7170960E+00,  0.0000000E+00,  2.1330954E-01,  1.0005838E+03,  3.4772477E+04,3,
  6.6636646E+02,  0.0000000E+00,  2.5503967E+02,2459,  1.6741859E+00,  0.0000000E+00,  2.7691412E-01,  1.0002772E+03,  1.6496746E+04,3,
  6.6785468E+02,  0.0000000E+00,  2.5535641E+02,2235,  1.4171313E+00,  0.0000000E+00,  2.4779464E-01,  1.0002941E+03,  1.7500074E+04,3,
  6.6883417E+02,  0.0000000E+00,  2.5503214E+02,2364,  1.3631345E+00,  0.0000000E+00,  6.9192298E-02,  1.0004008E+03,  2.3856844E+04,3,
  6.6990863E+02,  0.0000000E+00,  2.5456696E+02,2367,  1.4029537E+00,  0.0000000E+00, -2.3487651E-01,  1.0005339E+03,  3.1793967E+04,3,
  6.7104523E+02,  0.0000000E+00,  2.5508032E+02,2406,  1.6113212E+00,  0.0000000E+00, -7.0170283E-02,  1.0002866E+03,  1.7056562E+04,3,
  6.7202917E+02,  0.0000000E+00,  2.5409627E+02,2267,  1.4239559E+00,  0.0000000E+00, -4.2139869E-02,  1.0005645E+03,  3.3621750E+04,3,
  6.7298438E+02,  0.0000000E+00,  2.5534071E+02,2460,  1.5289547E+00,  0.0000000E+00,  1.1099827E-01,  1.0002761E+03,  1.6431314E+04,3,
  6.7418329E+02,  0.0000000E+00,  2.5497615E+02,2272,  1.3890308E+00,  0.0000000E+00,  1.4228041E-01,  1.0003676E+03,  2.1881738E+04,3,
  6.7509790E+02,  0.0000000E+00,  2.5456633E+02,2277,  1.3481683E+00,  0.0000000E+00,  6.6042557E-02,  1.0004973E+03,  2.9613447E+04,3,
  6.7628040E+02,  0.0000000E+00,  2.5517148E+02,2388,  1.4181479E+00,  0.0000000E+00,  1.4370857E-01,  1.0002570E+03,  1.5293612E+04,3,
  6.7717987E+02,  0.0000000E+00,  2.5414896E+02,2350,  1.2001212E+00,  0.0000000E+00,  2.0184447E-01,  1.0003961E+03,  2.3576740E+04,3,
  6.7784131E+02,  0.0000000E+00,  2.5544556E+02,2404,  1.5218192E+00,  0.0000000E+00,  1.1121686E-01,  1.0002287E+03,  1.3607289E+04,3,
  6.7908594E+02,  0.0000000E+00,  2.5515633E+02,2327,  1.4729949E+00,  0.0000000E+00,  8.2836010E-02,  1.0002728E+03,  1.6235024E+04,3,
  6.8025031E+02,  0.0000000E+00,  2.5517946E+02,2238,  1.4316822E+00,  0.0000000E+00,  3.7309811E-02,  1.0002626E+03,  1.5624368E+04,3,
  6.8097534E+02,  0.0000000E+00,  2.5462601E+02,2211,  1.4782979E+00,  0.0000000E+00, -1.0239090E-03,  1.0003739E+03,  2.2256359E+04,3,
  6.7875116E+02,  0.0000000E+00,  2.5227232E+02,2321,  7.4142522E-01,  0.0000000E+00,  4.1910553E-01,  1.0008885E+03,  5.2968734E+04,3,
  6.8233160E+02,  0.0000000E+00,  2.5449908E+02,2287,  1.4080628E+00,  0.0000000E+00, -4.6881534E-02,  1.0004055E+03,  2.4136955E+04,3,
  6.8291254E+02,  0.0000000E+00,  2.5549132E+02,2387,  1.4635878E+00,  0.0000000E+00, -5.2249730E-02,  1.0002180E+03,  1.2971358E+04,3,
  6.8254022E+02,  0.0000000E+00,  2.5152118E+02,2284,  7.8247583E-01,  0.0000000E+00, -2.3224285E-02,  1.0005091E+03,  3.0315967E+04,3,
  6.8397797E+02,  0.0000000E+00,  2.5461929E+02,2368,  1.4220712E+00,  0.0000000E+00, -1.0685233E-01,  1.0003741E+03,  2.2270908E+04,3,
  6.8497980E+02,  0.0000000E+00,  2.5476877E+02,2413,  1.4445574E+00,  0.0000000E+00, -1.0778325E-01,  1.0003172E+03,  1.8878000E+04,3,
  6.8606433E+02,  0.0000000E+00,  2.5513959E+02,2279,  1.4871608E+00,  0.0000000E+00, -8.9773603E-02,  1.0002271E+03,  1.3509172E+04,3,
  6.8673474E+02,  0.0000000E+00,  2.5409671E+02,2264,  1.3966374E+00,  0.0000000E+00, -9.0851553E-02,  1.0004637E+03,  2.7611723E+04,3,
  6.8778125E+02,  0.0000000E+00,  2.5514491E+02,2263,  1.4468888E+00,  0.0000000E+00, -7.4014202E-02,  1.0002274E+03,  1.3527342E+04,3,
  6.8869098E+02,  0.0000000E+00,  2.5459161E+02,2314,  1.4639678E+00,  0.0000000E+00, -8.7541722E-02,  1.0003638E+03,  2.1656244E+04,3,
  6.8971118E+02,  0.0000000E+00,  2.5482077E+02,2301,  1.4595791E+00,  0.0000000E+00, -9.1505267E-02,  1.0003037E+03,  1.8074490E+04,3,
  6.9065344E+02,  0.0000000E+00,  2.5480064E+02,2293,  1.4203739E+00,  0.0000000E+00, -1.0339448E-01,  1.0003152E+03,  1.8761650E+04,3,
  6.9177454E+02,  0.0000000E+00,  2.5518021E+02,2376,  1.4447387E+00,  0.0000000E+00, -7.4179947E-02,  1.0002319E+03,  1.3796260E+04,3,
  6.9232513E+02,  0.0000000E+00,  2.5387042E+02,2339,  1.4314830E+00,  0.0000000E+00, -3.3699721E-02,  1.0004841E+03,  2.8823627E+04,3,
  6.9341760E+02,  0.0000000E+00,  2.5494826E+02,2347,  1.5068952E+00,  0.0000000E+00, -1.8381577E-02,  1.0002798E+03,  1.6649420E+04,3,
  6.9441467E+02,  0.0000000E+00,  2.5526360E+02,2164,  1.4717431E+00,  0.0000000E+00, -1.9573867E-02,  1.0002419E+03,  1.4392266E+04,3,
  6.9523907E+02,  0.0000000E+00,  2.5427870E+02,2320,  1.4081641E+00,  0.0000000E+00, -1.4919755E-01,  1.0003690E+03,  2.1965389E+04,3,
  7.0134399E+02,  0.0000000E+00,  2.5197079E+02,2191,  1.2706058E+00,  0.0000000E+00,  1.2434832E+00,  1.0007274E+03,  4.3345219E+04,3,
  6.9628632E+02,  0.0000000E+00,  2.5516505E+02,2396,  1.3846385E+00,  0.0000000E+00, -2.3188688E-02,  1.0002498E+03,  1.4861102E+04,3,
  7.0074139E+02,  0.0000000E+00,  2.5180083E+02,2323,  5.0328380E-01,  0.0000000E+00,  5.2669942E-01,  1.0004014E+03,  2.3896859E+04,3,
  6.9746771E+02,  0.0000000E+00,  2.5396832E+02,2192,  1.4206854E+00,  0.0000000E+00,  1.1406549E-01,  1.0007032E+03,  4.1901945E+04,3,
  6.9814258E+02,  0.0000000E+00,  2.5534331E+02,2431,  1.3693449E+00,  0.0000000E+00,  9.9104360E-02,  1.0002136E+03,  1.2709730E+04,3,
  6.9915851E+02,  0.0000000E+00,  2.5494208E+02,2185,  1.4227070E+00,  0.0000000E+00,  2.2515635E-01,  1.0002510E+03,  1.4933791E+04,3,
  7.0023334E+02,  0.0000000E+00,  2.5522952E+02,2311,  1.5485245E+00,  0.0000000E+00,  1.0042645E-01,  1.0002003E+03,  1.1917620E+04,3,
  7.0120215E+02,  0.0000000E+00,  2.5459903E+02,2330,  1.5390040E+00,  0.0000000E+00,  1.0253667E-01,  1.0003207E+03,  1.9085250E+04,3,
  7.0231519E+02,  0.0000000E+00,  2.5527116E+02,2300,  1.9176304E+00,  0.0000000E+00, -1.2043677E-01,  1.0002066E+03,  1.2291866E+04,3,
  7.0330157E+02,  0.0000000E+00,  2.5303812E+02,2155,  1.2556468E+00,  0.0000000E+00, -3.6168359E-03,  1.0006920E+03,  4.1227758E+04,3,
  7.0366559E+02,  0.0000000E+00,  2.5527809E+02,2369,  1.9241819E+00,  0.0000000E+00, -2.1160847E-01,  1.0001974E+03,  1.1746852E+04,3,
  7.0534424E+02,  0.0000000E+00,  2.5503415E+02,2357,  2.1550865E+00,  0.0000000E+00, -2.3021258E-01,  1.0000735E+03,  4.3703096E+03,3,
  7.0453058E+02,  0.0000000E+00,  2.5391745E+02,2268,  1.2722816E+00,  0.0000000E+00, -5.4740226E-01,  9.9975562E+02, -1.4519967E+04,3,
  7.0510736E+02,  0.0000000E+00,  2.5265718E+02,2325,  1.1090312E+00,  0.0000000E+00, -2.6607585E-01,  1.0013546E+03,  8.0870633E+04,3,
  7.0691260E+02,  0.0000000E+00,  2.5494682E+02,2358,  1.9598219E+00,  0.0000000E+00,  1.9777663E-02,  9.9996198E+02, -2.2606245E+03,3,
  7.0786816E+02,  0.0000000E+00,  2.5483769E+02,2245,  1.8266348E+00,  0.0000000E+00,  1.2108336E-01,  9.9994531E+02, -3.2510730E+03,3,
  7.0699323E+02,  0.0000000E+00,  2.5262206E+02,2172,  9.5682693E-01,  0.0000000E+00, -2.1294452E-01,  1.0012006E+03,  7.1640531E+04,3,
  7.0844861E+02,  0.0000000E+00,  2.5317018E+02,2248,  1.0852382E+00,  0.0000000E+00, -1.9060321E-01,  1.0005419E+03,  3.2274547E+04,3,
  7.0925616E+02,  0.0000000E+00,  2.5312373E+02,2306,  1.1445265E+00,  0.0000000E+00, -1.0013410E-01,  1.0005111E+03,  3.0436092E+04,3,
  7.1009528E+02,  0.0000000E+00,  2.5290424E+02,2312,  1.2750862E+00,  0.0000000E+00, -7.2084881E-02,  1.0006260E+03,  3.7292891E+04,3,
  7.1085406E+02,  0.0000000E+00,  2.5482948E+02,2340,  1.8709006E+00,  0.0000000E+00,  2.8419632E-01,  9.9999902E+02, -5.8064228E+01,3,
  7.1144073E+02,  0.0000000E+00,  2.5292221E+02,2221,  8.6767608E-01,  0.0000000E+00,  2.9390987E-02,  1.0005759E+03,  3.4302699E+04,3,
  7.1217871E+02,  0.0000000E+00,  2.5503027E+02,2302,  1.6677256E+00,  0.0000000E+00,  3.0534953E-01,  9.9999371E+02, -3.7378250E+02,3,
  7.1252039E+02,  0.0000000E+00,  2.5277707E+02,2217,  8.3563459E-01,  0.0000000E+00,  1.0455206E-01,  1.0007247E+03,  4.3181199E+04,3,
  7.1330939E+02,  0.0000000E+00,  2.5462511E+02,2227,  1.3268871E+00,  0.0000000E+00,  2.6143023E-01,  9.9998053E+02, -1.1575913E+03,3,
  7.1359875E+02,  0.0000000E+00,  2.5297029E+02,2285,  9.1501915E-01,  0.0000000E+00,  1.9993801E-01,  1.0006879E+03,  4.0983605E+04,3,
  7.1450714E+02,  0.0000000E+00,  2.5467371E+02,2273,  1.1672668E+00,  0.0000000E+00,  1.7905736E-01,  9.9982104E+02, -1.0634590E+04,3,
  7.1517523E+02,  0.0000000E+00,  2.5326620E+02,2297,  1.2507448E+00,  0.0000000E+00,  3.9975861E-01,  1.0009850E+03,  5.8742195E+04,3,
  7.1693817E+02,  0.0000000E+00,  2.5443956E+02,2141,  2.2523921E+00,  0.0000000E+00,  5.9330761E-01,  9.9975378E+02, -1.4628678E+04,3,
  7.1638397E+02,  0.0000000E+00,  2.5255363E+02,2275,  5.6182164E-01,  0.0000000E+00,  3.3335503E-02,  1.0012831E+03,  7.6587305E+04,3,
  7.1819397E+02,  0.0000000E+00,  2.5470503E+02,2351,  1.5824898E+00,  0.0000000E+00,  5.8577836E-01,  9.9987097E+02, -7.6687896E+03,3,
  7.1880652E+02,  0.0000000E+00,  2.5525085E+02,2193,  1.0301005E+00,  0.0000000E+00,  3.1223193E-01,  1.0000633E+03,  3.7640134E+03,3,
  7.1770728E+02,  0.0000000E+00,  2.5286807E+02,2247,  4.5442420E-01,  0.0000000E+00, -2.0757452E-01,  1.0007985E+03,  4.7588777E+04,3,
  7.1994263E+02,  0.0000000E+00,  2.5527235E+02,2313,  8.1731588E-01,  0.0000000E+00, -3.3008710E-02,  1.0002001E+03,  1.1906720E+04,3,
  7.1907153E+02,  0.0000000E+00,  2.5238882E+02,2260,  3.0200067E-01,  0.0000000E+00, -5.4610956E-01,  1.0005653E+03,  3.3669086E+04,3,
  7.2124463E+02,  0.0000000E+00,  2.5443800E+02,2296,  8.5072613E-01,  0.0000000E+00, -5.7608461E-01,  1.0001577E+03,  9.3818389E+03,3,
  7.2010034E+02,  0.0000000E+00,  2.5147661E+02,2243,  4.1422644E-01,  0.0000000E+00, -4.8775655E-01,  1.0005197E+03,  3.0945729E+04,3,
  7.2190082E+02,  0.0000000E+00,  2.5476468E+02,2274,  8.6638904E-01,  0.0000000E+00, -7.6237041E-01,  1.0002512E+03,  1.4948329E+04,3,
  7.2295868E+02,  0.0000000E+00,  2.5439079E+02,2322,  1.1749657E+00,  0.0000000E+00, -8.6034971E-01,  1.0002348E+03,  1.3970696E+04,3,
  7.2842126E+02,  0.0000000E+00,  2.5145587E+02,2210,  5.9182936E-01,  0.0000000E+00,  1.4244516E-01,  1.0007691E+03,  4.5834988E+04,3,
  7.2384448E+02,  0.0000000E+00,  2.5434828E+02,2342,  1.4408557E+00,  0.0000000E+00, -7.0005423E-01,  1.0002504E+03,  1.4897446E+04,3,
  7.2531592E+02,  0.0000000E+00,  2.5427380E+02,2182,  1.4339882E+00,  0.0000000E+00, -1.7261857E-01,  1.0002162E+03,  1.2862346E+04,3,
  7.2601630E+02,  0.0000000E+00,  2.5513382E+02,2208,  1.3962760E+00,  0.0000000E+00, -1.4200651E-02,  1.0002515E+03,  1.4962867E+04,3,
  7.2704651E+02,  0.0000000E+00,  2.5467447E+02,2333,  1.2631948E+00,  0.0000000E+00,  3.7693024E-01,  1.0001522E+03,  9.0512900E+03,3,
  7.2809668E+02,  0.0000000E+00,  2.5508191E+02,2315,  1.0090681E+00,  0.0000000E+00,  1.5853274E-01,  1.0001830E+03,  1.0889424E+04,3,
  7.2877429E+02,  0.0000000E+00,  2.5461475E+02,2200,  1.0062022E+00,  0.0000000E+00,  9.9875949E-02,  1.0002094E+03,  1.2455376E+04,3,
  7.2970972E+02,  0.0000000E+00,  2.5482811E+02,2305,  1.2189405E+00,  0.0000000E+00, -8.8983893E-02,  1.0002231E+03,  1.3276601E+04,3,
  7.3071631E+02,  0.0000000E+00,  2.5496054E+02,2225,  1.4642667E+00,  0.0000000E+00, -9.3611300E-02,  1.0002476E+03,  1.4730261E+04,3,
  7.3182422E+02,  0.0000000E+00,  2.5470070E+02,2179,  1.4292133E+00,  0.0000000E+00,  9.2727311E-02,  1.0002692E+03,  1.6016929E+04,3,
  7.3284351E+02,  0.0000000E+00,  2.5450024E+02,2188,  1.2727908E+00,  0.0000000E+00,  3.0672589E-01,  1.0002374E+03,  1.4123332E+04,3,
  7.3378766E+02,  0.0000000E+00,  2.5466321E+02,2276,  1.1652045E+00,  0.0000000E+00,  3.7602288E-01,  1.0002022E+03,  1.2030256E+04,3,
  7.3470782E+02,  0.0000000E+00,  2.5465819E+02,2316,  1.1337464E+00,  0.0000000E+00,  3.1852677E-01,  1.0002134E+03,  1.2698829E+04,3,
  7.3571698E+02,  0.0000000E+00,  2.5475540E+02,2352,  1.1458784E+00,  0.0000000E+00,  2.4109729E-01,  1.0002467E+03,  1.4679380E+04,3,
  7.3665607E+02,  0.0000000E+00,  2.5440347E+02,2166,  1.1432294E+00,  0.0000000E+00,  2.0080315E-01,  1.0002488E+03,  1.4802950E+04,3,
  7.4185748E+02,  0.0000000E+00,  2.5218456E+02,2234,  5.7041544E-01,  0.0000000E+00,  3.3043370E-01,  1.0011697E+03,  6.9791148E+04,3,
  7.3834528E+02,  0.0000000E+00,  2.5421761E+02,2196,  1.1734340E+00,  0.0000000E+00,  3.7143812E-01,  1.0001885E+03,  1.1216400E+04,3,
  7.3797137E+02,  0.0000000E+00,  2.5490526E+02,2249,  1.0917972E+00,  0.0000000E+00,  2.8115538E-01,  1.0002344E+03,  1.3948892E+04,3,
  7.3960986E+02,  0.0000000E+00,  2.5452333E+02,2261,  1.1250534E+00,  0.0000000E+00,  3.4865326E-01,  1.0001709E+03,  1.0166480E+04,3,
  7.4062695E+02,  0.0000000E+00,  2.5495428E+02,2255,  1.1086190E+00,  0.0000000E+00,  2.1851437E-01,  1.0001628E+03,  9.6833369E+03,3,
  7.4172430E+02,  0.0000000E+00,  2.5476170E+02,2186,  1.0679163E+00,  0.0000000E+00,  6.8451911E-02,  1.0000889E+03,  5.2852690E+03,3,
  7.4241724E+02,  0.0000000E+00,  2.5436220E+02,2197,  9.8470300E-01,  0.0000000E+00, -1.5853992E-01,  9.9999194E+02, -4.7901971E+02,3,
  7.4379077E+02,  0.0000000E+00,  2.5473155E+02,2161,  1.1659664E+00,  0.0000000E+00, -2.5622967E-01,  9.9993542E+02, -3.8387646E+03,3,
  7.4454889E+02,  0.0000000E+00,  2.5441179E+02,2215,  1.3365349E+00,  0.0000000E+00, -2.8531975E-01,  1.0001129E+03,  6.7159707E+03,3,
  7.4402362E+02,  0.0000000E+00,  2.5239514E+02,2253,  6.9125473E-01,  0.0000000E+00,  1.2624431E-01,  1.0017723E+03,  1.0594159E+05,3,
  7.4571204E+02,  0.0000000E+00,  2.5451361E+02,2258,  1.2392575E+00,  0.0000000E+00, -1.8575595E-01,  1.0001342E+03,  7.9798076E+03,3,
  7.4611096E+02,  0.0000000E+00,  2.5337506E+02,2259,  1.2994137E+00,  0.0000000E+00, -1.1163450E-01,  1.0000915E+03,  5.4414019E+03,3,
  7.4742853E+02,  0.0000000E+00,  2.5356531E+02,2183,  1.2753209E+00,  0.0000000E+00, -2.2070464E-01,  1.0006866E+03,  4.0907082E+04,3,
  7.4692487E+02,  0.0000000E+00,  2.5305481E+02,2232,  9.0990007E-01,  0.0000000E+00, -1.6069761E-01,  1.0002223E+03,  1.3225726E+04,3,
  7.4855121E+02,  0.0000000E+00,  2.5318544E+02,2256,  1.0767238E+00,  0.0000000E+00, -2.0000283E-02,  1.0004042E+03,  2.4064199E+04,3,
  7.4927411E+02,  0.0000000E+00,  2.5255269E+02,2252,  1.2704760E+00,  0.0000000E+00,  2.6792439E-03,  1.0011317E+03,  6.7518266E+04,3,
  7.5065967E+02,  0.0000000E+00,  2.5347713E+02,2265,  1.3473047E+00,  0.0000000E+00,  1.8873268E-01,  1.0002763E+03,  1.6442221E+04,3,
  7.5105933E+02,  0.0000000E+00,  2.5316864E+02,2212,  1.0785980E+00,  0.0000000E+00, -1.6134106E-01,  1.0004298E+03,  2.5588568E+04,3,
  7.5214917E+02,  0.0000000E+00,  2.5385802E+02,2286,  1.2762225E+00,  0.0000000E+00,  1.5532637E-01,  1.0002012E+03,  1.1972121E+04,3,
  7.5265204E+02,  0.0000000E+00,  2.5305139E+02,2162,  9.3657047E-01,  0.0000000E+00,  8.4701151E-02,  1.0004740E+03,  2.8223115E+04,3,
  7.5335126E+02,  0.0000000E+00,  2.5274236E+02,2142,  1.0970149E+00,  0.0000000E+00,  7.2973207E-02,  1.0007691E+03,  4.5834988E+04,3,
  7.5458270E+02,  0.0000000E+00,  2.5450856E+02,2298,  1.1754915E+00,  0.0000000E+00,  1.1346204E-01,  1.0000975E+03,  5.7972476E+03,3,
  7.5478577E+02,  0.0000000E+00,  2.5297057E+02,2160,  1.2239842E+00,  0.0000000E+00,  3.1675577E-02,  1.0003992E+03,  2.3765900E+04,3,
  7.5582349E+02,  0.0000000E+00,  2.5295697E+02,2157,  1.1727006E+00,  0.0000000E+00, -5.6833036E-02,  1.0005551E+03,  3.3061000E+04,3,
  7.5622485E+02,  0.0000000E+00,  2.5440874E+02,2187,  1.0214083E+00,  0.0000000E+00,  1.4185704E-01,  1.0001174E+03,  6.9847041E+03,3,
  7.5684998E+02,  0.0000000E+00,  2.5295631E+02,2106,  1.0971155E+00,  0.0000000E+00, -2.5804620E-02,  1.0003947E+03,  2.3496713E+04,3,
  7.5818066E+02,  0.0000000E+00,  2.5296973E+02,2231,  1.1081651E+00,  0.0000000E+00,  1.0059144E-01,  1.0006008E+03,  3.5788578E+04,3,
  7.5795258E+02,  0.0000000E+00,  2.5403804E+02,2280,  8.1352043E-01,  0.0000000E+00,  1.6175918E-01,  1.0001892E+03,  1.1256365E+04,3,
  7.5947351E+02,  0.0000000E+00,  2.5288396E+02,2153,  1.0313965E+00,  0.0000000E+00,  1.7740707E-01,  1.0007773E+03,  4.6327188E+04,3,
  7.6050787E+02,  0.0000000E+00,  2.5382550E+02,2288,  1.4733089E+00,  0.0000000E+00,  2.2597750E-01,  1.0001033E+03,  6.1422129E+03,3,
  7.6085608E+02,  0.0000000E+00,  2.5274915E+02,2165,  8.2319134E-01,  0.0000000E+00,  1.6436708E-01,  1.0008808E+03,  5.2509047E+04,3,
  7.6236340E+02,  0.0000000E+00,  2.5442644E+02,2132,  1.1570278E+00,  0.0000000E+00,  1.4629658E-01,  1.0000349E+03,  2.0723899E+03,3,
  7.6241003E+02,  0.0000000E+00,  2.5294402E+02,2214,  8.4409565E-01,  0.0000000E+00,  8.8871598E-02,  1.0006267E+03,  3.7332961E+04,3,
  7.6351740E+02,  0.0000000E+00,  2.5433701E+02,2151,  9.9669361E-01,  0.0000000E+00,  1.0120777E-01,  1.0000610E+03,  3.6296895E+03,3,
  7.6376935E+02,  0.0000000E+00,  2.5306364E+02,2206,  1.0392534E+00,  0.0000000E+00, -3.6322843E-02,  1.0003561E+03,  2.1197998E+04,3,
  7.6422699E+02,  0.0000000E+00,  2.5302638E+02,2114,  1.2079343E+00,  0.0000000E+00, -6.8393983E-02,  1.0005156E+03,  3.0701826E+04,3,
  7.6562433E+02,  0.0000000E+00,  2.5305519E+02,2148,  9.0853536E-01,  0.0000000E+00, -4.0846384E-01,  1.0006304E+03,  3.7551523E+04,3,
  7.6651404E+02,  0.0000000E+00,  2.5383281E+02,2250,  6.8109846E-01,  0.0000000E+00,  2.3684704E-01,  1.0001000E+03,  5.9461260E+03,3,
  7.6678558E+02,  0.0000000E+00,  2.5263037E+02,2270,  1.1996007E+00,  0.0000000E+00, -1.0187693E-02,  1.0009389E+03,  5.5982781E+04,3,
  7.6841711E+02,  0.0000000E+00,  2.5286940E+02,2219,  1.1578139E+00,  0.0000000E+00,  1.7122293E-01,  1.0006166E+03,  3.6728293E+04,3,
  7.6802991E+02,  0.0000000E+00,  2.5409212E+02,2181,  4.1866085E-01,  0.0000000E+00,  1.7050053E-01,  1.0001492E+03,  8.8733066E+03,3,
  7.6960632E+02,  0.0000000E+00,  2.5315695E+02,2229,  9.1559291E-01,  0.0000000E+00,  2.4082562E-01,  1.0007054E+03,  4.2029496E+04,3,
  7.7053021E+02,  0.0000000E+00,  2.5313199E+02,2120,  8.6343277E-01,  0.0000000E+00, -9.0579197E-02,  1.0008455E+03,  5.0396934E+04,3,
  7.7155896E+02,  0.0000000E+00,  2.5283862E+02,2119,  8.9353931E-01,  0.0000000E+00, -7.3726892E-02,  1.0005752E+03,  3.4259004E+04,3,
  7.7269611E+02,  0.0000000E+00,  2.5508382E+02,2223,  9.8069000E-01,  0.0000000E+00,  2.2313137E-01,  1.0000465E+03,  2.7657029E+03,3,
  7.7278833E+02,  0.0000000E+00,  2.5279527E+02,2130,  7.4579448E-01,  0.0000000E+00,  3.7160587E-02,  1.0006772E+03,  4.0345922E+04,3,
  7.7349689E+02,  0.0000000E+00,  2.5542674E+02,2220,  7.8565967E-01,  0.0000000E+00,  1.1948553E-01,  1.0000801E+03,  4.7624248E+03,3,
  7.7375562E+02,  0.0000000E+00,  2.5309961E+02,2094,  6.0760158E-01,  0.0000000E+00,  1.0410495E-01,  1.0003124E+03,  1.8590764E+04,3,
  7.7428088E+02,  0.0000000E+00,  2.5554433E+02,2226,  8.1975132E-01,  0.0000000E+00,  1.0669290E-01,  1.0000991E+03,  5.8916582E+03,3,
  7.7489294E+02,  0.0000000E+00,  2.5296014E+02,2184,  8.9549583E-01,  0.0000000E+00,  1.6703276E-01,  1.0006990E+03,  4.1646844E+04,3,
  7.7637201E+02,  0.0000000E+00,  2.5318690E+02,2177,  8.9035386E-01,  0.0000000E+00,  7.4027225E-02,  1.0007621E+03,  4.5419379E+04,3,
  7.7542352E+02,  0.0000000E+00,  2.5530821E+02,2127,  7.2726601E-01,  0.0000000E+00,  8.9619316E-02,  1.0000706E+03,  4.1996714E+03,3,
  7.7737720E+02,  0.0000000E+00,  2.5275198E+02,2174,  7.0628488E-01,  0.0000000E+00, -2.1707194E-01,  1.0009540E+03,  5.6884250E+04,3,
  7.7871484E+02,  0.0000000E+00,  2.5490216E+02,2242,  8.9818609E-01,  0.0000000E+00, -1.0224272E-01,  1.0000970E+03,  5.7681987E+03,3,
  7.7912170E+02,  0.0000000E+00,  2.5507091E+02,2207,  7.6390117E-01,  0.0000000E+00, -1.7111260E-01,  1.0001340E+03,  7.9725439E+03,3,
  7.7865649E+02,  0.0000000E+00,  2.5180759E+02,2163,  6.5814590E-01,  0.0000000E+00, -4.8730710E-01,  1.0009768E+03,  5.8249387E+04,3,
  7.8003021E+02,  0.0000000E+00,  2.5514473E+02,2101,  7.6857615E-01,  0.0000000E+00, -1.5705812E-01,  1.0002112E+03,  1.2564384E+04,3,
  7.8095538E+02,  0.0000000E+00,  2.5511234E+02,2213,  9.9788082E-01,  0.0000000E+00, -1.0434495E-01,  1.0002554E+03,  1.5199112E+04,3,
  7.8230713E+02,  0.0000000E+00,  2.5425813E+02,2169,  7.3446697E-01,  0.0000000E+00,  6.1661523E-02,  1.0004012E+03,  2.3882309E+04,3,
  7.8325177E+02,  0.0000000E+00,  2.5500998E+02,2271,  9.1721499E-01,  0.0000000E+00,  8.4290996E-02,  1.0002446E+03,  1.4555811E+04,3,
  7.8395410E+02,  0.0000000E+00,  2.5191467E+02,2107,  7.6875567E-01,  0.0000000E+00,  1.2170687E-01,  9.9991901E+02, -4.8145459E+03,3,
  7.8400543E+02,  0.0000000E+00,  2.5379245E+02,2152,  6.7057192E-01,  0.0000000E+00,  8.4337957E-02,  1.0004346E+03,  2.5876006E+04,3,
  7.8519958E+02,  0.0000000E+00,  2.5447302E+02,2205,  8.5497880E-01,  0.0000000E+00,  8.5396521E-02,  1.0002539E+03,  1.5108248E+04,3,
  7.8626581E+02,  0.0000000E+00,  2.5462784E+02,2167,  8.4409004E-01,  0.0000000E+00,  8.7372974E-02,  1.0002250E+03,  1.3389251E+04,3,
  7.8718555E+02,  0.0000000E+00,  2.5379880E+02,2170,  8.1108385E-01,  0.0000000E+00,  7.7589899E-02,  1.0003495E+03,  2.0801596E+04,3,
  7.8818042E+02,  0.0000000E+00,  2.5459402E+02,2154,  7.3684448E-01,  0.0000000E+00,  9.4902441E-02,  1.0002547E+03,  1.5155497E+04,3,
  7.8912299E+02,  0.0000000E+00,  2.5480614E+02,2198,  8.4944957E-01,  0.0000000E+00,  1.1834177E-01,  1.0002543E+03,  1.5133689E+04,3,
  7.9025470E+02,  0.0000000E+00,  2.5411853E+02,2095,  8.5949022E-01,  0.0000000E+00,  1.3670076E-01,  1.0003522E+03,  2.0961609E+04,3,
  7.9138947E+02,  0.0000000E+00,  2.5492348E+02,2189,  6.9857585E-01,  0.0000000E+00,  2.1512666E-01,  1.0002404E+03,  1.4305043E+04,3,
  7.9234009E+02,  0.0000000E+00,  2.5458403E+02,2158,  6.9297653E-01,  0.0000000E+00,  2.0557150E-01,  1.0002627E+03,  1.5631638E+04,3,
  7.9329968E+02,  0.0000000E+00,  2.5433261E+02,2102,  6.6556585E-01,  0.0000000E+00,  1.4380538E-01,  1.0002650E+03,  1.5766125E+04,3,
  7.9438428E+02,  0.0000000E+00,  2.5470001E+02,2128,  6.1902618E-01,  0.0000000E+00, -2.2532197E-02,  1.0002166E+03,  1.2887782E+04,3,
  7.9523578E+02,  0.0000000E+00,  2.5449207E+02,2108,  5.9703612E-01,  0.0000000E+00, -1.5255596E-01,  1.0002469E+03,  1.4690282E+04,3,
  7.9637286E+02,  0.0000000E+00,  2.5462608E+02,2139,  6.3854092E-01,  0.0000000E+00, -2.3297887E-01,  1.0002381E+03,  1.4166942E+04,3,
  7.9722595E+02,  0.0000000E+00,  2.5386896E+02,2078,  8.6717206E-01,  0.0000000E+00, -2.5481510E-01,  1.0003655E+03,  2.1754441E+04,3,
  7.9837744E+02,  0.0000000E+00,  2.5475026E+02,2156,  7.9508924E-01,  0.0000000E+00, -1.6760968E-01,  1.0002983E+03,  1.7754559E+04,3,
  7.9924725E+02,  0.0000000E+00,  2.5185844E+02,2090,  9.7860910E-02,  0.0000000E+00, -6.9758809E-01,  9.9999536E+02, -2.7580206E+02,3,
  7.9963184E+02,  0.0000000E+00,  2.5479669E+02,2175,  7.1104825E-01,  0.0000000E+00, -6.3158661E-02,  1.0002859E+03,  1.7012939E+04,3,
  8.0070471E+02,  0.0000000E+00,  2.5408763E+02,2070,  4.8196805E-01,  0.0000000E+00, -4.4226613E-02,  1.0003026E+03,  1.8005412E+04,3,
  8.0171161E+02,  0.0000000E+00,  2.5423216E+02,2092,  5.5942941E-01,  0.0000000E+00,  1.0901670E-02,  1.0002319E+03,  1.3799894E+04,3,
  8.0276727E+02,  0.0000000E+00,  2.5428131E+02,2137,  5.5325490E-01,  0.0000000E+00,  5.2444875E-02,  1.0002347E+03,  1.3967062E+04,3,
  8.0377295E+02,  0.0000000E+00,  2.5457156E+02,2178,  5.2200007E-01,  0.0000000E+00,  8.1523910E-02,  1.0002293E+03,  1.3643630E+04,3,
  8.0481451E+02,  0.0000000E+00,  2.5448314E+02,2030,  5.1307732E-01,  0.0000000E+00,  8.9370228E-02,  1.0002430E+03,  1.4461317E+04,3,
  8.0595325E+02,  0.0000000E+00,  2.5375449E+02,2075,  4.9967593E-01,  0.0000000E+00,  7.1564443E-02,  1.0003223E+03,  1.9179787E+04,3,
  8.0689600E+02,  0.0000000E+00,  2.5469318E+02,2109,  3.5262519E-01,  0.0000000E+00,  1.1467473E-02,  1.0002415E+03,  1.4366826E+04,3,
  8.0795312E+02,  0.0000000E+00,  2.5453314E+02,2140,  4.3302783E-01,  0.0000000E+00, -7.1102217E-02,  1.0002560E+03,  1.5231823E+04,3,
  8.0896478E+02,  0.0000000E+00,  2.5429619E+02,2097,  4.7110581E-01,  0.0000000E+00, -1.3284957E-01,  1.0002692E+03,  1.6020563E+04,3,
  8.1000427E+02,  0.0000000E+00,  2.5441534E+02,2145,  4.8734725E-01,  0.0000000E+00, -1.7580244E-01,  1.0002413E+03,  1.4359558E+04,3,
  8.1110785E+02,  0.0000000E+00,  2.5425543E+02,2080,  4.9897948E-01,  0.0000000E+00, -1.9116297E-01,  1.0002927E+03,  1.7416459E+04,3,
  8.1208374E+02,  0.0000000E+00,  2.5461702E+02,2126,  5.1565999E-01,  0.0000000E+00, -2.2034660E-01,  1.0002616E+03,  1.5566213E+04,3,
  8.1321674E+02,  0.0000000E+00,  2.5455878E+02,2088,  5.4786479E-01,  0.0000000E+00, -2.1514453E-01,  1.0002789E+03,  1.6594893E+04,3,
  8.1428717E+02,  0.0000000E+00,  2.5451811E+02,2110,  6.2647569E-01,  0.0000000E+00, -1.6094279E-01,  1.0002558E+03,  1.5220920E+04,3,
  8.1530988E+02,  0.0000000E+00,  2.5417456E+02,2098,  7.0598572E-01,  0.0000000E+00, -4.6620879E-02,  1.0002938E+03,  1.7481896E+04,3,
  8.1656824E+02,  0.0000000E+00,  2.5439299E+02,2055,  6.5057749E-01,  0.0000000E+00,  2.8133279E-02,  1.0002595E+03,  1.5438998E+04,3,
  8.1747516E+02,  0.0000000E+00,  2.5454408E+02,2086,  6.0987478E-01,  0.0000000E+00,  5.1178914E-03,  1.0002344E+03,  1.3948892E+04,3,
  8.2071631E+02,  0.0000000E+00,  2.5157501E+02,2066,  9.2993426E-01,  0.0000000E+00,  5.7503819E-01,  1.0007149E+03,  4.2598043E+04,3,
  8.1860046E+02,  0.0000000E+00,  2.5428770E+02,2067,  4.7869384E-01,  0.0000000E+00, -6.1214723E-02,  1.0002281E+03,  1.3574583E+04,3,
  8.2259186E+02,  0.0000000E+00,  2.5272041E+02,2081,  1.6302335E+00,  0.0000000E+00,  6.3476926E-01,  1.0007501E+03,  4.4697562E+04,3,
  8.1950348E+02,  0.0000000E+00,  2.5476508E+02,2034,  5.8510745E-01,  0.0000000E+00, -2.1837735E-01,  1.0001693E+03,  1.0068397E+04,3,
  8.2389185E+02,  0.0000000E+00,  2.5329448E+02,2053,  1.2150768E+00,  0.0000000E+00,  3.6033887E-01,  9.9988947E+02, -6.5699854E+03,3,
  8.2074988E+02,  0.0000000E+00,  2.5437643E+02,2065,  8.5768765E-01,  0.0000000E+00, -3.1902766E-01,  1.0002139E+03,  1.2727898E+04,3,
  8.2199921E+02,  0.0000000E+00,  2.5468608E+02,2091,  9.3657631E-01,  0.0000000E+00, -2.0587277E-01,  1.0002170E+03,  1.2913218E+04,3,
  8.2392828E+02,  0.0000000E+00,  2.5420369E+02,2056,  1.1441228E+00,  0.0000000E+00,  3.4861002E-02,  1.0003917E+03,  2.3318471E+04,3,
  8.2540723E+02,  0.0000000E+00,  2.5288318E+02,2062,  1.1223956E+00,  0.0000000E+00,  7.8305833E-02,  1.0005865E+03,  3.4932715E+04,3,
  8.2565082E+02,  0.0000000E+00,  2.5419408E+02,2087,  1.6729287E+00,  0.0000000E+00, -5.8830544E-02,  1.0002382E+03,  1.4174211E+04,3,
  8.2652405E+02,  0.0000000E+00,  2.5300568E+02,2046,  1.0465330E+00,  0.0000000E+00,  2.9451722E-01,  1.0007761E+03,  4.6250621E+04,3,
  8.2788947E+02,  0.0000000E+00,  2.5331743E+02,2068,  1.5629818E+00,  0.0000000E+00, -7.0432919E-01,  9.9971509E+02, -1.6925816E+04,3,
  8.3000586E+02,  0.0000000E+00,  2.5405261E+02,2033,  1.9965914E+00,  0.0000000E+00,  2.1123311E-02,  1.0001278E+03,  7.6020923E+03,3,
  8.2839941E+02,  0.0000000E+00,  2.5270856E+02,2050,  1.2324697E+00,  0.0000000E+00,  6.6020972E-01,  1.0010508E+03,  6.2674590E+04,3,
  8.3036786E+02,  0.0000000E+00,  2.5308623E+02,2077,  1.3903660E+00,  0.0000000E+00,  7.4205399E-02,  9.9983246E+02, -9.9566680E+03,3,
  8.3103723E+02,  0.0000000E+00,  2.5282385E+02,2037,  1.6725646E+00,  0.0000000E+00,  8.2237482E-01,  1.0010977E+03,  6.5483344E+04,3,
  8.3290833E+02,  0.0000000E+00,  2.5301157E+02,2049,  2.2767744E+00,  0.0000000E+00, -1.1735570E-01,  9.9949561E+02, -2.9944920E+04,3,
  8.3251855E+02,  0.0000000E+00,  2.5346660E+02,2036,  1.2864773E+00,  0.0000000E+00, -1.1228348E-01,  1.0007620E+03,  4.5408441E+04,3,
  8.3447473E+02,  0.0000000E+00,  2.5287770E+02,2041,  1.8946759E+00,  0.0000000E+00, -6.0720497E-01,  9.9926215E+02, -4.3774289E+04,3,
  8.3473352E+02,  0.0000000E+00,  2.5383708E+02,2057,  1.5078756E+00,  0.0000000E+00, -3.5994571E-02,  1.0022361E+03,  1.3385184E+05,3,
  8.3552588E+02,  0.0000000E+00,  2.5287946E+02,2074,  1.5465300E+00,  0.0000000E+00, -1.1560313E+00,  9.9832513E+02, -9.9085094E+04,3,
  8.3674396E+02,  0.0000000E+00,  2.5389960E+02,2035,  1.4546012E+00,  0.0000000E+00,  4.2643297E-01,  1.0033030E+03,  1.9834877E+05,3,
  8.3736188E+02,  0.0000000E+00,  2.5294386E+02,2063,  9.7464567E-01,  0.0000000E+00, -3.9485857E-01,  9.9807074E+02, -1.1404806E+05,3,
  8.3860907E+02,  0.0000000E+00,  2.5424649E+02,2052,  1.5969650E+00,  0.0000000E+00,  9.2864031E-01,  1.0002903E+03,  1.7278316E+04,3,
  8.3940582E+02,  0.0000000E+00,  2.5272655E+02,2031,  6.8279123E-01,  0.0000000E+00,  7.7335382E-01,  9.9967700E+02, -1.9186201E+04,3,
  8.4094354E+02,  0.0000000E+00,  2.5321519E+02,2029,  9.9436986E-01,  0.0000000E+00,  1.3116331E+00,  9.9873431E+02, -7.4969945E+04,3,
  8.4050916E+02,  0.0000000E+00,  2.5327713E+02,2060, -9.2735387E-02,  0.0000000E+00,  1.5760007E+00,  1.0053108E+03,  3.2084444E+05,3,
  8.4108826E+02,  0.0000000E+00,  2.5445668E+02,2069,  2.5310321E+00,  0.0000000E+00,  7.2962749E-01,  9.9839996E+02, -9.4679445E+04,3,
  8.4343689E+02,  0.0000000E+00,  2.5552701E+02,2043,  4.7415152E-01,  0.0000000E+00,  5.7536501E-01,  1.0015095E+03,  9.0156859E+04,3,
  8.4404291E+02,  0.0000000E+00,  2.5514743E+02,2038,  1.1979909E+00,  0.0000000E+00,  1.3180251E+00,  9.9845294E+02, -9.1559078E+04,3,
  8.4255237E+02,  0.0000000E+00,  2.5495232E+02,2054,  1.0569186E+00,  0.0000000E+00,  2.7365484E+00,  9.9904028E+02, -5.6898758E+04,3,
  8.4424225E+02,  0.0000000E+00,  2.5561469E+02,2048,  1.8776011E+00,  0.0000000E+00,  1.3442448E-01,  9.9979913E+02, -1.1935927E+04,3,
  8.4582117E+02,  0.0000000E+00,  2.5527895E+02,2044,  1.2374676E+00,  0.0000000E+00, -4.2156300E-01,  1.0004085E+03,  2.4318852E+04,3,
  8.4718097E+02,  0.0000000E+00,  2.5482738E+02,2042,  1.6451515E+00,  0.0000000E+00, -4.4456160E-01,  9.9938776E+02, -3.6335953E+04,3,
  8.4696234E+02,  0.0000000E+00,  2.5485616E+02,2040,  2.1273956E+00,  0.0000000E+00, -4.7847331E-02,  9.9951843E+02, -2.8591674E+04,3,
  8.4821100E+02,  0.0000000E+00,  2.5523488E+02,2039,  3.2791227E-01,  0.0000000E+00,  7.7289559E-02,  1.0011008E+03,  6.5669648E+04,3,
  8.4904095E+02,  0.0000000E+00,  2.5501895E+02,2047,  1.7137741E+00,  0.0000000E+00,  3.1827140E-01,  9.9815796E+02, -1.0892059E+05,3,
  8.5081763E+02,  0.0000000E+00,  2.5482950E+02,2061,  1.7563847E+00,  0.0000000E+00,  4.0589282E-01,  1.0001033E+03,  6.1422129E+03,3,
  8.5065076E+02,  0.0000000E+00,  2.5570242E+02,2064,  1.3238324E+00,  0.0000000E+00, -2.2301085E-01,  1.0007067E+03,  4.2109676E+04,3,
  8.5104608E+02,  0.0000000E+00,  2.5511443E+02,2051,  1.4263812E+00,  0.0000000E+00, -7.8820437E-01,  1.0001047E+03,  6.2257324E+03,3,
  8.5115613E+02,  0.0000000E+00,  2.5509041E+02,2045,  1.4189097E+00,  0.0000000E+00, -3.9193943E-01,  1.0001296E+03,  7.7110474E+03,3,
 -3.9322391E+02,  0.0000000E+00,  2.6400452E+02,3811,  1.0774467E-02,  0.0000000E+00, -9.7249430E-03,  1.0005479E+03,  3.2627713E+04,3,
 -3.9675043E+02,  0.0000000E+00,  2.6434109E+02,3820, -6.7078304E-03,  0.0000000E+00, -1.1792106E-03,  1.0002507E+03,  1.4915618E+04,3,
 -3.9536053E+02,  0.0000000E+00,  2.6437051E+02,3815, -2.5939105E-02,  0.0000000E+00, -7.7804816E-03,  1.0006417E+03,  3.8225461E+04,3,
 -3.9180554E+02,  0.0000000E+00,  2.6458316E+02,3816,  4.2060204E-03,  0.0000000E+00, -1.7126653E-02,  1.0008380E+03,  4.9951953E+04,3,
 -3.9021783E+02,  0.0000000E+00,  2.6397601E+02,3802,  4.1625734E-02,  0.0000000E+00, -1.9840598E-03,  1.0004006E+03,  2.3849568E+04,3,
 -3.8702112E+02,  0.0000000E+00,  2.6386270E+02,3793,  5.4788623E-02,  0.0000000E+00, -4.1732052E-03,  1.0003060E+03,  1.8212645E+04,3,
 -3.8852402E+02,  0.0000000E+00,  2.6468839E+02,3803,  3.8780913E-02,  0.0000000E+00, -1.8218005E-02,  1.0008621E+03,  5.1389098E+04,3,
 -3.8541809E+02,  0.0000000E+00,  2.6450577E+02,3794,  6.8935663E-02,  0.0000000E+00, -2.2732712E-02,  1.0008193E+03,  4.8835938E+04,3,
 -3.8362170E+02,  0.0000000E+00,  2.6383762E+02,3784,  9.9366859E-02,  0.0000000E+00, -8.2593886E-03,  1.0004565E+03,  2.7178674E+04,3,
 -3.8207523E+02,  0.0000000E+00,  2.6443872E+02,3785,  1.1032149E-01,  0.0000000E+00, -1.2690909E-02,  1.0007262E+03,  4.3272320E+04,3,
 -3.8019650E+02,  0.0000000E+00,  2.6380710E+02,3775,  7.7290714E-02,  0.0000000E+00,  1.3994046E-02,  1.0001450E+03,  8.6226836E+03,3,
 -3.7817990E+02,  0.0000000E+00,  2.6451450E+02,3788, -1.2630188E-01,  0.0000000E+00,  3.0341705E-02,  1.0007318E+03,  4.3607652E+04,3,
 -3.7675894E+02,  0.0000000E+00,  2.6377408E+02,3766, -4.8627071E-02,  0.0000000E+00,  1.2854967E-02,  1.0004156E+03,  2.4740859E+04,3,
 -3.7488715E+02,  0.0000000E+00,  2.6433472E+02,3776, -7.0372969E-02,  0.0000000E+00, -3.8694438E-02,  1.0006758E+03,  4.0262117E+04,3,
 -3.7187912E+02,  0.0000000E+00,  2.6383755E+02,3757,  1.3068105E-02,  0.0000000E+00, -7.5639752E-03,  1.0005046E+03,  3.0046602E+04,3,
 -3.7342218E+02,  0.0000000E+00,  2.6433130E+02,3777, -5.8371134E-02,  0.0000000E+00, -1.1910353E-02,  1.0007269E+03,  4.3312414E+04,3,
 -3.6998361E+02,  0.0000000E+00,  2.6450430E+02,3767, -4.7123466E-02,  0.0000000E+00, -4.2640671E-02,  1.0008942E+03,  5.3311691E+04,3,
 -3.6853787E+02,  0.0000000E+00,  2.6380737E+02,3748,  6.5720879E-02,  0.0000000E+00, -5.0583277E-03,  1.0002958E+03,  1.7605502E+04,3,
 -3.6513440E+02,  0.0000000E+00,  2.6379797E+02,3739,  7.0147917E-02,  0.0000000E+00,  4.1475110E-03,  1.0003285E+03,  1.9550670E+04,3,
 -3.6359708E+02,  0.0000000E+00,  2.6436191E+02,3750,  1.9447778E-01,  0.0000000E+00, -3.4254290E-02,  1.0007772E+03,  4.6319895E+04,3,
 -3.6679831E+02,  0.0000000E+00,  2.6458737E+02,3758,  9.2140645E-02,  0.0000000E+00, -3.8234144E-02,  1.0009373E+03,  5.5884242E+04,3,
 -3.6193390E+02,  0.0000000E+00,  2.6434573E+02,3740,  1.2152140E-01,  0.0000000E+00, -3.7575729E-02,  1.0006619E+03,  3.9431371E+04,3,
 -3.6033212E+02,  0.0000000E+00,  2.6377377E+02,3730,  2.0265397E-01,  0.0000000E+00,  7.5320047E-03,  1.0004816E+03,  2.8678045E+04,3,
 -3.5704990E+02,  0.0000000E+00,  2.6433139E+02,3741,  2.2528362E-01,  0.0000000E+00, -2.8951274E-02,  1.0007023E+03,  4.1847277E+04,3,
 -3.5835394E+02,  0.0000000E+00,  2.6436395E+02,3760,  2.5168088E-01,  0.0000000E+00, -4.3840759E-02,  1.0005626E+03,  3.3505227E+04,3,
 -3.5532367E+02,  0.0000000E+00,  2.6381610E+02,3721,  3.5317835E-01,  0.0000000E+00, -8.7021152E-03,  1.0004443E+03,  2.6454545E+04,3,
 -3.5364371E+02,  0.0000000E+00,  2.6447699E+02,3731,  1.9729109E-01,  0.0000000E+00,  1.5373816E-02,  1.0008075E+03,  4.8128465E+04,3,
 -3.5192001E+02,  0.0000000E+00,  2.6375684E+02,3712,  3.4207997E-01,  0.0000000E+00,  5.8035641E-03,  1.0004255E+03,  2.5330246E+04,3,
 -3.5016592E+02,  0.0000000E+00,  2.6457498E+02,3753,  2.2536923E-01,  0.0000000E+00,  4.9084850E-04,  1.0006995E+03,  4.1675996E+04,3,
 -3.4886084E+02,  0.0000000E+00,  2.6406305E+02,3722,  2.6872757E-01,  0.0000000E+00,  1.4679782E-02,  1.0003755E+03,  2.2350926E+04,3,
 -3.4647180E+02,  0.0000000E+00,  2.6372409E+02,3703,  2.5597924E-01,  0.0000000E+00, -5.4970087E-04,  1.0003618E+03,  2.1532588E+04,3,
 -3.4440274E+02,  0.0000000E+00,  2.6426755E+02,3723,  2.7067873E-01,  0.0000000E+00, -5.1652608E-03,  1.0006058E+03,  3.6087238E+04,3,
 -3.4263962E+02,  0.0000000E+00,  2.6376050E+02,3694,  2.7239108E-01,  0.0000000E+00, -3.5081031E-03,  1.0004236E+03,  2.5217459E+04,3,
 -3.4019110E+02,  0.0000000E+00,  2.6384644E+02,3685,  3.0860355E-01,  0.0000000E+00,  4.6286900E-03,  1.0002411E+03,  1.4345021E+04,3,
 -3.3814291E+02,  0.0000000E+00,  2.6419958E+02,3713,  8.2604758E-02,  0.0000000E+00,  8.7570585E-03,  1.0004857E+03,  2.8918258E+04,3,
 -3.3659534E+02,  0.0000000E+00,  2.6409930E+02,3704,  2.0741114E-01,  0.0000000E+00, -1.1955430E-03,  1.0004556E+03,  2.7127729E+04,3,
 -3.3489417E+02,  0.0000000E+00,  2.6428894E+02,3705,  2.0225786E-01,  0.0000000E+00, -3.8251273E-02,  1.0006613E+03,  3.9394938E+04,3,
 -3.3307672E+02,  0.0000000E+00,  2.6378659E+02,3676,  2.3726773E-01,  0.0000000E+00, -1.8133052E-02,  1.0003696E+03,  2.2001760E+04,3,
 -3.3132184E+02,  0.0000000E+00,  2.6443585E+02,3686,  2.3537472E-01,  0.0000000E+00, -2.9287210E-02,  1.0007434E+03,  4.4300227E+04,3,
 -3.2964807E+02,  0.0000000E+00,  2.6382819E+02,3667,  3.8338327E-01,  0.0000000E+00, -2.7074426E-02,  1.0003396E+03,  2.0212479E+04,3,
 -3.2791010E+02,  0.0000000E+00,  2.6456927E+02,3696,  3.0445436E-01,  0.0000000E+00, -8.3852902E-02,  1.0009197E+03,  5.4833250E+04,3,
 -3.2647925E+02,  0.0000000E+00,  2.6381842E+02,3658,  4.2777511E-01,  0.0000000E+00,  1.4032148E-02,  1.0003884E+03,  2.3122045E+04,3,
 -3.2460989E+02,  0.0000000E+00,  2.6435303E+02,3677,  5.8012736E-01,  0.0000000E+00, -5.4983307E-02,  1.0006364E+03,  3.7912164E+04,3,
 -3.2281659E+02,  0.0000000E+00,  2.6373965E+02,3649,  3.7287503E-01,  0.0000000E+00,  1.4182054E-02,  9.9988373E+02, -6.9108813E+03,3,
 -3.2055109E+02,  0.0000000E+00,  2.6460840E+02,3678,  3.9157069E-01,  0.0000000E+00, -1.1965535E-02,  1.0008073E+03,  4.8117523E+04,3,
 -3.1927499E+02,  0.0000000E+00,  2.6378012E+02,3640,  3.1049156E-01,  0.0000000E+00, -2.1060718E-02,  1.0003100E+03,  1.8448969E+04,3,
 -3.1748798E+02,  0.0000000E+00,  2.6436902E+02,3668,  3.0882511E-01,  0.0000000E+00, -6.2096617E-03,  1.0008806E+03,  5.2498102E+04,3,
 -3.1573141E+02,  0.0000000E+00,  2.6378296E+02,3631,  4.7106385E-01,  0.0000000E+00, -2.7166279E-02,  1.0004442E+03,  2.6443629E+04,3,
 -3.1378351E+02,  0.0000000E+00,  2.6433826E+02,3669,  3.4208590E-01,  0.0000000E+00, -6.3205957E-02,  1.0008571E+03,  5.1093625E+04,3,
 -3.1221423E+02,  0.0000000E+00,  2.6383493E+02,3622,  5.2645224E-01,  0.0000000E+00,  2.6771655E-02,  1.0004012E+03,  2.3882309E+04,3,
 -3.1050098E+02,  0.0000000E+00,  2.6457471E+02,3641,  5.8835149E-01,  0.0000000E+00, -3.8542248E-02,  1.0010815E+03,  6.4515348E+04,3,
 -3.0891077E+02,  0.0000000E+00,  2.6377457E+02,3613,  4.0766692E-01,  0.0000000E+00,  1.1068333E-02,  1.0002377E+03,  1.4145137E+04,3,
 -3.0727191E+02,  0.0000000E+00,  2.6442480E+02,3660,  6.2355185E-01,  0.0000000E+00,  1.3607153E-02,  1.0009252E+03,  5.5161672E+04,3,
 -3.0534567E+02,  0.0000000E+00,  2.6375626E+02,3604,  4.6069711E-01,  0.0000000E+00, -1.8051513E-02,  1.0004226E+03,  2.5159248E+04,3,
 -3.0357254E+02,  0.0000000E+00,  2.6420636E+02,3642,  4.2392677E-01,  0.0000000E+00,  4.8130840E-02,  1.0006978E+03,  4.1573957E+04,3,
 -3.0168915E+02,  0.0000000E+00,  2.6428122E+02,3632,  5.1068509E-01,  0.0000000E+00, -1.4826009E-02,  1.0007916E+03,  4.7176734E+04,3,
 -3.0015244E+02,  0.0000000E+00,  2.6377469E+02,3595,  3.6540046E-01,  0.0000000E+00,  9.9701644E-04,  1.0004403E+03,  2.6214393E+04,3,
 -2.9821939E+02,  0.0000000E+00,  2.6452420E+02,3653,  6.6587305E-01,  0.0000000E+00, -7.2779506E-02,  1.0009045E+03,  5.3928312E+04,3,
 -2.9670657E+02,  0.0000000E+00,  2.6375555E+02,3586,  4.6764117E-01,  0.0000000E+00, -4.2187382E-02,  1.0001119E+03,  6.6578672E+03,3,
 -2.9504550E+02,  0.0000000E+00,  2.6484116E+02,3623,  6.4802724E-01,  0.0000000E+00,  8.8748425E-02,  1.0013461E+03,  8.0358438E+04,3,
 -2.9364630E+02,  0.0000000E+00,  2.6382684E+02,3577,  6.2371451E-01,  0.0000000E+00, -2.8240161E-02,  1.0001754E+03,  1.0435308E+04,3,
 -2.9200137E+02,  0.0000000E+00,  2.6447449E+02,3662,  3.8215566E-01,  0.0000000E+00,  2.0961599E-02,  1.0008998E+03,  5.3647363E+04,3,
 -2.9026126E+02,  0.0000000E+00,  2.6375015E+02,3568,  5.3641403E-01,  0.0000000E+00,  3.7739675E-02,  1.0005114E+03,  3.0450652E+04,3,
 -2.8821698E+02,  0.0000000E+00,  2.6419055E+02,3624,  5.2401650E-01,  0.0000000E+00, -6.0323782E-02,  1.0005970E+03,  3.5559125E+04,3,
 -2.8689850E+02,  0.0000000E+00,  2.6439935E+02,3634,  4.9151531E-01,  0.0000000E+00, -3.6759395E-02,  1.0006100E+03,  3.6334910E+04,3,
 -2.8549222E+02,  0.0000000E+00,  2.6441724E+02,3596,  6.0715818E-01,  0.0000000E+00,  1.1193475E-01,  1.0008895E+03,  5.3027109E+04,3,
 -2.8383798E+02,  0.0000000E+00,  2.6379565E+02,3559,  4.2672297E-01,  0.0000000E+00,  1.6325749E-02,  1.0004445E+03,  2.6461822E+04,3,
 -2.8192227E+02,  0.0000000E+00,  2.6431757E+02,3605,  4.1126102E-01,  0.0000000E+00,  1.2270887E-02,  1.0008519E+03,  5.0779926E+04,3,
 -2.8025150E+02,  0.0000000E+00,  2.6374622E+02,3550,  3.7260237E-01,  0.0000000E+00,  1.4472668E-02,  1.0004764E+03,  2.8365051E+04,3,
 -2.7826144E+02,  0.0000000E+00,  2.6439972E+02,3663,  4.0967217E-01,  0.0000000E+00, -1.1150922E-02,  1.0007658E+03,  4.5638117E+04,3,
 -2.7683621E+02,  0.0000000E+00,  2.6399805E+02,3587,  3.5661843E-01,  0.0000000E+00, -1.1045190E-02,  1.0003940E+03,  2.3453061E+04,3,
 -2.7498465E+02,  0.0000000E+00,  2.6421802E+02,3606,  4.4538882E-01,  0.0000000E+00, -1.5316492E-02,  1.0007787E+03,  4.6407398E+04,3,
 -2.7307999E+02,  0.0000000E+00,  2.6377493E+02,3541,  4.4195196E-01,  0.0000000E+00, -1.6144821E-02,  1.0004130E+03,  2.4588061E+04,3,
 -2.7145721E+02,  0.0000000E+00,  2.6441422E+02,3597,  4.2379361E-01,  0.0000000E+00,  1.8128727E-02,  1.0009418E+03,  5.6157957E+04,3,
 -2.6956747E+02,  0.0000000E+00,  2.6376358E+02,3532,  5.2307862E-01,  0.0000000E+00, -1.7270498E-02,  1.0004091E+03,  2.4351592E+04,3,
 -2.6779312E+02,  0.0000000E+00,  2.6428085E+02,3569,  3.3426729E-01,  0.0000000E+00, -3.5296440E-02,  1.0008964E+03,  5.3439391E+04,3,
 -2.6589194E+02,  0.0000000E+00,  2.6381735E+02,3523,  6.4297664E-01,  0.0000000E+00, -1.7115830E-02,  1.0006254E+03,  3.7256465E+04,3,
 -2.6396600E+02,  0.0000000E+00,  2.6421704E+02,3578,  5.1495713E-01,  0.0000000E+00, -5.6515702E-05,  1.0008052E+03,  4.7993539E+04,3,
 -2.6240314E+02,  0.0000000E+00,  2.6404926E+02,3560,  5.4942292E-01,  0.0000000E+00,  3.9886221E-02,  1.0005239E+03,  3.1196916E+04,3,
 -2.6047211E+02,  0.0000000E+00,  2.6416769E+02,3551,  5.1776499E-01,  0.0000000E+00, -1.8573478E-02,  1.0007733E+03,  4.6086555E+04,3,
 -2.5864508E+02,  0.0000000E+00,  2.6389630E+02,3514,  5.4041821E-01,  0.0000000E+00, -3.6466520E-02,  1.0007469E+03,  4.4508004E+04,3,
 -2.5669867E+02,  0.0000000E+00,  2.6398257E+02,3505,  6.4577866E-01,  0.0000000E+00, -2.3459721E-02,  1.0009237E+03,  5.5074094E+04,3,
 -2.5461627E+02,  0.0000000E+00,  2.6383243E+02,3496,  6.1590153E-01,  0.0000000E+00,  8.3288057E-03,  1.0006217E+03,  3.7034262E+04,3,
 -2.5287473E+02,  0.0000000E+00,  2.6427280E+02,3542,  7.3335654E-01,  0.0000000E+00,  7.2537242E-03,  1.0008688E+03,  5.1794016E+04,3,
 -2.5122713E+02,  0.0000000E+00,  2.6416592E+02,3570,  4.9511328E-01,  0.0000000E+00,  2.1209002E-02,  1.0006248E+03,  3.7216395E+04,3,
 -2.4936377E+02,  0.0000000E+00,  2.6375638E+02,3487,  6.0080135E-01,  0.0000000E+00,  5.8832630E-03,  1.0003622E+03,  2.1558047E+04,3,
 -2.4761610E+02,  0.0000000E+00,  2.6477008E+02,3581,  5.5098295E-01,  0.0000000E+00,  1.0467496E-01,  1.0012396E+03,  7.3976508E+04,3,
 -2.4620662E+02,  0.0000000E+00,  2.6375674E+02,3478,  3.8853049E-01,  0.0000000E+00,  2.4026528E-02,  1.0003138E+03,  1.8674389E+04,3,
 -2.4419833E+02,  0.0000000E+00,  2.6413303E+02,3533,  5.2126151E-01,  0.0000000E+00, -3.6339365E-02,  1.0006457E+03,  3.8465902E+04,3,
 -2.4246553E+02,  0.0000000E+00,  2.6409064E+02,3543,  4.4152310E-01,  0.0000000E+00, -2.5495673E-02,  1.0006884E+03,  4.1012758E+04,3,
 -2.4049063E+02,  0.0000000E+00,  2.6372809E+02,3469,  4.8071861E-01,  0.0000000E+00,  5.1282914E-03,  1.0003593E+03,  2.1387113E+04,3,
 -2.3853822E+02,  0.0000000E+00,  2.6457693E+02,3524,  6.3761616E-01,  0.0000000E+00, -8.7903894E-02,  1.0012026E+03,  7.1764812E+04,3,
 -2.3712715E+02,  0.0000000E+00,  2.6379102E+02,3460,  5.5978417E-01,  0.0000000E+00, -1.7481420E-02,  1.0002019E+03,  1.2012088E+04,3,
 -2.3544437E+02,  0.0000000E+00,  2.6432095E+02,3552,  5.7035309E-01,  0.0000000E+00,  5.4622635E-02,  1.0008578E+03,  5.1137398E+04,3,
 -2.3338771E+02,  0.0000000E+00,  2.6373160E+02,3451,  6.9402462E-01,  0.0000000E+00, -6.7438871E-02,  1.0004033E+03,  2.4009631E+04,3,
 -2.3170064E+02,  0.0000000E+00,  2.6430801E+02,3515,  4.0739232E-01,  0.0000000E+00,  2.1584647E-02,  1.0008464E+03,  5.0455293E+04,3,
 -2.2976729E+02,  0.0000000E+00,  2.6378076E+02,3442,  7.9750693E-01,  0.0000000E+00,  1.2032546E-02,  1.0004860E+03,  2.8940094E+04,3,
 -2.2785617E+02,  0.0000000E+00,  2.6424060E+02,3506,  3.8885888E-01,  0.0000000E+00,  2.4128696E-02,  1.0007386E+03,  4.4012254E+04,3,
 -2.2606094E+02,  0.0000000E+00,  2.6369965E+02,3433,  5.4597116E-01,  0.0000000E+00,  5.6726426E-02,  1.0004359E+03,  2.5948777E+04,3,
 -2.2369847E+02,  0.0000000E+00,  2.6434595E+02,3479,  4.8714927E-01,  0.0000000E+00, -1.2926218E-01,  1.0008859E+03,  5.2815504E+04,3,
 -2.2242177E+02,  0.0000000E+00,  2.6376785E+02,3424,  5.1493782E-01,  0.0000000E+00,  2.9899633E-02,  1.0004433E+03,  2.6392688E+04,3,
 -2.2026306E+02,  0.0000000E+00,  2.6419473E+02,3497,  7.3740935E-01,  0.0000000E+00, -4.9315793E-03,  1.0006177E+03,  3.6797500E+04,3,
 -2.1873721E+02,  0.0000000E+00,  2.6409747E+02,3498,  5.2581495E-01,  0.0000000E+00, -7.8396879E-02,  1.0005794E+03,  3.4510273E+04,3,
 -2.1667747E+02,  0.0000000E+00,  2.6372919E+02,3415,  7.2550094E-01,  0.0000000E+00,  2.8070016E-02,  1.0005169E+03,  3.0781914E+04,3,
 -2.1470021E+02,  0.0000000E+00,  2.6418161E+02,3470,  7.1664739E-01,  0.0000000E+00, -6.0718986E-03,  1.0007697E+03,  4.5867801E+04,3,
 -2.1266307E+02,  0.0000000E+00,  2.6370984E+02,3406,  5.7415342E-01,  0.0000000E+00,  2.8572467E-03,  1.0004507E+03,  2.6836617E+04,3,
 -2.1079944E+02,  0.0000000E+00,  2.6430069E+02,3508,  8.2501662E-01,  0.0000000E+00,  1.1718051E-02,  1.0008363E+03,  4.9849828E+04,3,
 -2.0885493E+02,  0.0000000E+00,  2.6366919E+02,3397,  5.8441705E-01,  0.0000000E+00, -1.4288496E-02,  1.0003408E+03,  2.0281570E+04,3,
 -2.0681593E+02,  0.0000000E+00,  2.6434647E+02,3461,  7.3625636E-01,  0.0000000E+00, -6.2938996E-02,  1.0008502E+03,  5.0681441E+04,3,
 -2.0522836E+02,  0.0000000E+00,  2.6384106E+02,3388,  9.7426331E-01,  0.0000000E+00, -9.2127174E-02,  1.0001022E+03,  6.0768501E+03,3,
 -2.0372343E+02,  0.0000000E+00,  2.6488486E+02,3452,  5.5580980E-01,  0.0000000E+00,  1.9158697E-01,  1.0013796E+03,  8.2370781E+04,3,
 -2.0238847E+02,  0.0000000E+00,  2.6378821E+02,3379,  6.5639371E-01,  0.0000000E+00,  1.3235830E-01,  1.0000682E+03,  4.0580806E+03,3,
 -2.0046651E+02,  0.0000000E+00,  2.6445386E+02,3509,  8.3152527E-01,  0.0000000E+00, -4.4250939E-02,  1.0007419E+03,  4.4209094E+04,3,
 -1.9869507E+02,  0.0000000E+00,  2.6368698E+02,3370,  4.1220981E-01,  0.0000000E+00, -2.8834404E-02,  1.0003602E+03,  2.1441666E+04,3,
 -1.9673749E+02,  0.0000000E+00,  2.6415295E+02,3489,  9.3045515E-01,  0.0000000E+00,  8.2291458E-03,  1.0006384E+03,  3.8032383E+04,3,
 -1.9478822E+02,  0.0000000E+00,  2.6399768E+02,3480,  4.8598644E-01,  0.0000000E+00, -3.2688681E-02,  1.0004061E+03,  2.4173334E+04,3,
 -1.9302423E+02,  0.0000000E+00,  2.6405063E+02,3471,  8.3351296E-01,  0.0000000E+00, -7.9188617E-03,  1.0005686E+03,  3.3865723E+04,3,
 -1.9084930E+02,  0.0000000E+00,  2.6370914E+02,3361,  7.1761954E-01,  0.0000000E+00, -1.1213653E-02,  1.0003687E+03,  2.1947205E+04,3,
 -1.8895403E+02,  0.0000000E+00,  2.6446817E+02,3416,  8.8846242E-01,  0.0000000E+00, -4.2812020E-02,  1.0008100E+03,  4.8277977E+04,3,
 -1.8728059E+02,  0.0000000E+00,  2.6372659E+02,3352,  1.0084208E+00,  0.0000000E+00, -9.6657202E-02,  1.0002239E+03,  1.3323841E+04,3,
 -1.8568401E+02,  0.0000000E+00,  2.6471149E+02,3510,  4.4644362E-01,  0.0000000E+00,  2.9093790E-01,  1.0005569E+03,  3.3166594E+04,3,
 -1.8425346E+02,  0.0000000E+00,  2.6399695E+02,3407,  7.5309932E-01,  0.0000000E+00,  1.1999240E-01,  1.0003594E+03,  2.1390750E+04,3,
 -1.8192026E+02,  0.0000000E+00,  2.6371869E+02,3343,  4.6518099E-01,  0.0000000E+00, -5.6287590E-02,  1.0004578E+03,  2.7255094E+04,3,
 -1.7968855E+02,  0.0000000E+00,  2.6379465E+02,3334,  6.3469875E-01,  0.0000000E+00,  3.6706310E-02,  1.0005549E+03,  3.3046434E+04,3,
 -1.7699763E+02,  0.0000000E+00,  2.6375104E+02,3325,  7.0151734E-01,  0.0000000E+00, -7.0095427E-02,  1.0003979E+03,  2.3689510E+04,3,
 -1.7513089E+02,  0.0000000E+00,  2.6443521E+02,3389,  6.3304698E-01,  0.0000000E+00, -9.6160740E-02,  1.0008217E+03,  4.8978168E+04,3,
 -1.7337506E+02,  0.0000000E+00,  2.6375714E+02,3316,  1.0257541E+00,  0.0000000E+00, -2.8613355E-02,  1.0003586E+03,  2.1347107E+04,3,
 -1.7158719E+02,  0.0000000E+00,  2.6417542E+02,3444,  5.6727725E-01,  0.0000000E+00,  7.1783289E-02,  1.0006628E+03,  3.9489668E+04,3,
 -1.6934123E+02,  0.0000000E+00,  2.6370367E+02,3307,  9.0373838E-01,  0.0000000E+00,  8.7685045E-03,  1.0004810E+03,  2.8638010E+04,3,
 -1.6690373E+02,  0.0000000E+00,  2.6366812E+02,3298,  5.8223403E-01,  0.0000000E+00,  3.2820948E-03,  1.0004583E+03,  2.7287844E+04,3,
 -1.6474350E+02,  0.0000000E+00,  2.6418765E+02,3417,  9.2017883E-01,  0.0000000E+00,  1.0420843E-02,  1.0005908E+03,  3.5187645E+04,3,
 -1.6291745E+02,  0.0000000E+00,  2.6389645E+02,3289,  6.8926162E-01,  0.0000000E+00, -6.0307190E-02,  1.0005547E+03,  3.3035512E+04,3,
 -1.6085408E+02,  0.0000000E+00,  2.6379297E+02,3280,  8.9474761E-01,  0.0000000E+00,  3.3234656E-02,  1.0005158E+03,  3.0716389E+04,3,
 -1.5859688E+02,  0.0000000E+00,  2.6394949E+02,3399,  6.0376638E-01,  0.0000000E+00,  2.9426565E-02,  1.0004030E+03,  2.3987805E+04,3,
 -1.5671182E+02,  0.0000000E+00,  2.6412329E+02,3371,  8.6158842E-01,  0.0000000E+00,  2.7060525E-02,  1.0005262E+03,  3.1338895E+04,3,
 -1.5440491E+02,  0.0000000E+00,  2.6378085E+02,3271,  6.7746514E-01,  0.0000000E+00, -2.2937845E-02,  1.0004863E+03,  2.8954652E+04,3,
 -1.5228241E+02,  0.0000000E+00,  2.6411801E+02,3445,  8.3929503E-01,  0.0000000E+00, -2.7871048E-02,  1.0004733E+03,  2.8183082E+04,3,
 -1.5048756E+02,  0.0000000E+00,  2.6404202E+02,3362,  6.8860012E-01,  0.0000000E+00, -9.8901466E-03,  1.0004705E+03,  2.8012035E+04,3,
 -1.4827707E+02,  0.0000000E+00,  2.6368231E+02,3262,  8.2952422E-01,  0.0000000E+00,  1.4593281E-02,  1.0004467E+03,  2.6592816E+04,3,
 -1.4601054E+02,  0.0000000E+00,  2.6409805E+02,3436,  6.8927151E-01,  0.0000000E+00,  5.6684650E-03,  1.0004348E+03,  2.5886922E+04,3,
 -1.4417200E+02,  0.0000000E+00,  2.6401361E+02,3391,  8.0590415E-01,  0.0000000E+00,  9.7887097E-03,  1.0004623E+03,  2.7524383E+04,3,
 -1.4211815E+02,  0.0000000E+00,  2.6398703E+02,3381,  7.1247482E-01,  0.0000000E+00, -1.0657355E-02,  1.0003358E+03,  1.9987021E+04,3,
 -1.3967386E+02,  0.0000000E+00,  2.6368167E+02,3253,  8.5593277E-01,  0.0000000E+00, -1.5395988E-02,  1.0004641E+03,  2.7629918E+04,3,
 -1.3682959E+02,  0.0000000E+00,  2.6367599E+02,3244,  9.1295397E-01,  0.0000000E+00, -5.1947828E-02,  1.0000733E+03,  4.3594175E+03,3,
 -1.3556114E+02,  0.0000000E+00,  2.6495630E+02,3437,  7.7490139E-01,  0.0000000E+00,  2.3783691E-01,  1.0009600E+03,  5.7241941E+04,3,
 -1.3394571E+02,  0.0000000E+00,  2.6425156E+02,3390,  9.4716096E-01,  0.0000000E+00,  3.0338716E-02,  1.0003240E+03,  1.9285232E+04,3,
 -1.3207242E+02,  0.0000000E+00,  2.6368307E+02,3235,  6.7630744E-01,  0.0000000E+00, -4.0232401E-02,  1.0004471E+03,  2.6618287E+04,3,
 -1.2996118E+02,  0.0000000E+00,  2.6410797E+02,3335,  8.0978698E-01,  0.0000000E+00,  3.1178243E-02,  1.0004120E+03,  2.4526215E+04,3,
 -1.2775477E+02,  0.0000000E+00,  2.6367978E+02,3226,  7.6333737E-01,  0.0000000E+00, -9.6994461E-03,  1.0004814E+03,  2.8667127E+04,3,
 -1.2505775E+02,  0.0000000E+00,  2.6368869E+02,3217,  7.7420539E-01,  0.0000000E+00,  1.3997019E-02,  1.0003820E+03,  2.2740115E+04,3,
 -1.2236766E+02,  0.0000000E+00,  2.6378290E+02,3208,  8.4981537E-01,  0.0000000E+00, -9.2810065E-02,  1.0005012E+03,  2.9846402E+04,3,
 -1.2028417E+02,  0.0000000E+00,  2.6386588E+02,3199,  1.0552559E+00,  0.0000000E+00,  1.4974928E-02,  1.0005237E+03,  3.1185994E+04,3,
 -1.1834357E+02,  0.0000000E+00,  2.6411710E+02,3290,  8.7054962E-01,  0.0000000E+00,  6.3034870E-02,  1.0004584E+03,  2.7295123E+04,3,
 -1.1625139E+02,  0.0000000E+00,  2.6393112E+02,3308,  8.2976329E-01,  0.0000000E+00, -9.7428719E-03,  1.0003642E+03,  2.1678064E+04,3,
 -1.1386499E+02,  0.0000000E+00,  2.6364481E+02,3190,  7.9319000E-01,  0.0000000E+00,  1.8499743E-02,  1.0003853E+03,  2.2932896E+04,3,
 -1.1113432E+02,  0.0000000E+00,  2.6373050E+02,3181,  8.4927565E-01,  0.0000000E+00,  3.3471489E-04,  1.0003780E+03,  2.2500053E+04,3,
 -1.0865880E+02,  0.0000000E+00,  2.6397882E+02,3317,  8.5318846E-01,  0.0000000E+00,  3.6235146E-02,  1.0003790E+03,  2.2558250E+04,3,
 -1.0602375E+02,  0.0000000E+00,  2.6402151E+02,3336,  8.4691817E-01,  0.0000000E+00, -5.8405839E-02,  1.0003981E+03,  2.3700422E+04,3,
 -1.0400456E+02,  0.0000000E+00,  2.6407840E+02,3272,  1.0725573E+00,  0.0000000E+00, -1.7787676E-02,  1.0004708E+03,  2.8033871E+04,3,
 -1.0204422E+02,  0.0000000E+00,  2.6397238E+02,3354,  8.2271177E-01,  0.0000000E+00,  4.1086905E-02,  1.0003190E+03,  1.8987078E+04,3,
 -9.9321014E+01,  0.0000000E+00,  2.6383627E+02,3172,  9.5381111E-01,  0.0000000E+00,  3.8186377E-03,  1.0005272E+03,  3.1397143E+04,3,
 -9.6915558E+01,  0.0000000E+00,  2.6388727E+02,3163,  9.2419672E-01,  0.0000000E+00, -4.0086031E-02,  1.0004437E+03,  2.6414520E+04,3,
 -9.4410561E+01,  0.0000000E+00,  2.6395471E+02,3318,  9.1353732E-01,  0.0000000E+00,  1.7532401E-02,  1.0004456E+03,  2.6530957E+04,3,
 -9.2437981E+01,  0.0000000E+00,  2.6414307E+02,3281,  8.7451547E-01,  0.0000000E+00,  3.8525131E-02,  1.0003523E+03,  2.0968883E+04,3,
 -8.9656052E+01,  0.0000000E+00,  2.6380707E+02,3154,  1.1467813E+00,  0.0000000E+00, -5.0256614E-02,  1.0006948E+03,  4.1395391E+04,3,
 -8.6985855E+01,  0.0000000E+00,  2.6389438E+02,3337,  7.0519370E-01,  0.0000000E+00, -5.2129021E-03,  1.0001658E+03,  9.8649678E+03,3,
 -8.4684921E+01,  0.0000000E+00,  2.6419791E+02,3263,  1.2562253E+00,  0.0000000E+00,  1.0636859E-01,  1.0003818E+03,  2.2729203E+04,3,
 -8.2403839E+01,  0.0000000E+00,  2.6389230E+02,3145,  1.0354223E+00,  0.0000000E+00, -1.2827383E-01,  1.0001583E+03,  9.4181631E+03,3,
 -7.9644958E+01,  0.0000000E+00,  2.6382388E+02,3136,  1.1971889E+00,  0.0000000E+00,  9.8514467E-02,  1.0003201E+03,  1.9048889E+04,3,
 -7.7690491E+01,  0.0000000E+00,  2.6447839E+02,3227,  1.2005765E+00,  0.0000000E+00,  6.6194125E-02,  1.0003433E+03,  2.0434303E+04,3,
 -7.5043724E+01,  0.0000000E+00,  2.6382690E+02,3127,  1.2346588E+00,  0.0000000E+00,  6.2768348E-03,  1.0004636E+03,  2.7604443E+04,3,
 -7.1191994E+01,  0.0000000E+00,  2.6391525E+02,3118,  1.0572264E+00,  0.0000000E+00, -8.1186350E-03,  1.0000503E+03,  2.9907678E+03,3,
 -6.8318260E+01,  0.0000000E+00,  2.6407053E+02,3319,  8.8733226E-01,  0.0000000E+00,  4.4573918E-02,  1.0000164E+03,  9.7262640E+02,3,
 -6.5627663E+01,  0.0000000E+00,  2.6369016E+02,3109,  8.2343280E-01,  0.0000000E+00,  6.6379770E-03,  1.0005687E+03,  3.3869363E+04,3,
 -6.2677376E+01,  0.0000000E+00,  2.6425806E+02,3100,  1.3875448E+00,  0.0000000E+00,  1.0690645E-01,  1.0006111E+03,  3.6404117E+04,3,
 -6.0446377E+01,  0.0000000E+00,  2.6440744E+02,3191,  1.0226207E+00,  0.0000000E+00, -1.7094037E-01,  1.0003006E+03,  1.7889074E+04,3,
 -5.7273270E+01,  0.0000000E+00,  2.6385217E+02,3091,  7.6845562E-01,  0.0000000E+00,  7.4347682E-02,  1.0006865E+03,  4.0903438E+04,3,
 -5.3001106E+01,  0.0000000E+00,  2.6400113E+02,3082,  1.2286195E+00,  0.0000000E+00, -6.8213999E-02,  1.0003871E+03,  2.3042020E+04,3,
 -5.0409668E+01,  0.0000000E+00,  2.6430609E+02,3218,  1.0836229E+00,  0.0000000E+00, -3.0853455E-03,  1.0001809E+03,  1.0762270E+04,3,
 -4.7952385E+01,  0.0000000E+00,  2.6458160E+02,3246,  1.3065001E+00,  0.0000000E+00,  3.6874488E-01,  1.0000406E+03,  2.4172253E+03,3,
 -4.4723110E+01,  0.0000000E+00,  2.6442801E+02,3200,  1.0994779E+00,  0.0000000E+00, -8.0549330E-02,  1.0001371E+03,  8.1541426E+03,3,
 -3.9388832E+01,  0.0000000E+00,  2.6479504E+02,3073,  1.4060836E+00,  0.0000000E+00,  3.1364888E-02,  1.0001674E+03,  9.9557842E+03,3,
  6.2377483E+01,  0.0000000E+00,  2.6482767E+02,3038,  4.8987350E+00,  0.0000000E+00,  9.2144680E-01,  9.9747601E+02, -1.4893950E+05,3,
  6.2376759E+01,  0.0000000E+00,  2.6484268E+02,3193,  5.9207635E+00,  0.0000000E+00, -1.2777904E-01,  9.9251697E+02, -4.3506119E+05,3,
  1.0309507E+02,  0.0000000E+00,  2.6365665E+02,3315,  5.1433568E+00,  0.0000000E+00, -7.4999070E-01,  9.9993701E+02, -3.7444460E+03,3,
  1.0369344E+02,  0.0000000E+00,  2.6330063E+02,3137,  4.9807386E+00,  0.0000000E+00, -4.8642835E-01,  9.9959009E+02, -2.4342580E+04,3,
  1.0390415E+02,  0.0000000E+00,  2.6276993E+02,3210,  4.5589643E+00,  0.0000000E+00,  2.3526242E-01,  9.9985455E+02, -8.6441934E+03,3,
  1.0472135E+02,  0.0000000E+00,  2.6454700E+02,3304,  5.9621668E+00,  0.0000000E+00, -6.7332536E-01,  1.0005118E+03,  3.0479773E+04,3,
  1.0555229E+02,  0.0000000E+00,  2.6353537E+02,3174,  5.5421586E+00,  0.0000000E+00, -9.4420576E-01,  9.9924030E+02, -4.5067656E+04,3,
  1.0558465E+02,  0.0000000E+00,  2.6292294E+02,2929,  5.2914186E+00,  0.0000000E+00, -1.8449983E-01,  1.0013339E+03,  7.9626781E+04,3,
  1.0562267E+02,  0.0000000E+00,  2.6246515E+02,3303,  5.7764940E+00,  0.0000000E+00,  1.6442111E-01,  1.0005302E+03,  3.1571889E+04,3,
  1.1979393E+02,  0.0000000E+00,  2.6310812E+02,2920,  7.2161999E+00,  0.0000000E+00,  1.3240899E+00,  9.9966461E+02, -1.9921439E+04,3,
  1.1987198E+02,  0.0000000E+00,  2.6309012E+02,3029,  7.5706263E+00,  0.0000000E+00, -2.1261914E+00,  9.9999200E+02, -4.7539087E+02,3,
  1.2020113E+02,  0.0000000E+00,  2.6264236E+02,3047,  7.3385148E+00,  0.0000000E+00, -6.3592128E-02,  1.0004322E+03,  2.5730467E+04,3,
  1.2110522E+02,  0.0000000E+00,  2.6365674E+02,3129,  7.8166394E+00,  0.0000000E+00, -1.7875980E-01,  1.0002922E+03,  1.7387377E+04,3,
  1.2118063E+02,  0.0000000E+00,  2.6352301E+02,3184,  6.6558604E+00,  0.0000000E+00,  1.5656811E+00,  9.9879065E+02, -7.1645148E+04,3,
  1.2113265E+02,  0.0000000E+00,  2.6360773E+02,3229,  6.9196496E+00,  0.0000000E+00,  7.5768024E-02,  1.0004199E+03,  2.4995529E+04,3,
  1.3388266E+02,  0.0000000E+00,  2.6330911E+02,3306,  6.7451906E+00,  0.0000000E+00,  7.9744416E-01,  9.9974585E+02, -1.5099743E+04,3,
  1.3419711E+02,  0.0000000E+00,  2.6283279E+02,3275,  6.7412958E+00,  0.0000000E+00,  9.3498552E-01,  9.9966718E+02, -1.9769324E+04,3,
  1.3527202E+02,  0.0000000E+00,  2.6262411E+02,3138,  6.4453688E+00,  0.0000000E+00,  4.7284129E-01,  1.0012325E+03,  7.3552406E+04,3,
  1.3562964E+02,  0.0000000E+00,  2.6347516E+02,3065,  6.8594880E+00,  0.0000000E+00,  4.8920348E-01,  1.0003348E+03,  1.9928840E+04,3,
  1.3569116E+02,  0.0000000E+00,  2.6336966E+02,3247,  6.5196824E+00,  0.0000000E+00,  9.3068898E-01,  9.9987646E+02, -7.3424248E+03,3,
  1.3595235E+02,  0.0000000E+00,  2.6315482E+02,3276,  6.7091203E+00,  0.0000000E+00, -2.5644496E-01,  9.9979602E+02, -1.2120782E+04,3,
  1.5383063E+02,  0.0000000E+00,  2.6298993E+02,3297,  6.4262533E+00,  0.0000000E+00, -1.3531005E+00,  9.9969397E+02, -1.8179234E+04,3,
  1.5439665E+02,  0.0000000E+00,  2.6328040E+02,2911,  6.0435877E+00,  0.0000000E+00,  4.8572034E-01,  9.9959467E+02, -2.4071068E+04,3,
  1.5442952E+02,  0.0000000E+00,  2.6324121E+02,3166,  5.9947224E+00,  0.0000000E+00,  1.1516328E+00,  9.9943860E+02, -3.3323605E+04,3,
  1.5564700E+02,  0.0000000E+00,  2.6441064E+02,3295,  5.4274821E+00,  0.0000000E+00,  7.9625612E-01,  1.0003512E+03,  2.0903422E+04,3,
  1.5624493E+02,  0.0000000E+00,  2.6306665E+02,3120,  5.8917475E+00,  0.0000000E+00,  5.3282583E-01,  1.0003262E+03,  1.9412496E+04,3,
  1.5635748E+02,  0.0000000E+00,  2.6314081E+02,3165,  5.9636126E+00,  0.0000000E+00,  7.3376918E-01,  1.0003401E+03,  2.0245205E+04,3,
  1.5683450E+02,  0.0000000E+00,  2.6299176E+02,3305,  6.1663179E+00,  0.0000000E+00,  1.8178744E+00,  9.9997925E+02, -1.2337916E+03,3,
  1.7966386E+02,  0.0000000E+00,  2.6111310E+02,3296,  8.3077145E+00,  0.0000000E+00,  3.5368595E-01,  1.0006602E+03,  3.9333000E+04,3,
  1.8007829E+02,  0.0000000E+00,  2.6117944E+02,2902,  7.7938061E+00,  0.0000000E+00,  1.1936263E+00,  1.0023499E+03,  1.4070995E+05,3,
  1.8058449E+02,  0.0000000E+00,  2.6117578E+02,3211,  9.7725019E+00,  0.0000000E+00,  1.1655080E+00,  1.0045950E+03,  2.7700634E+05,3,
  1.8048898E+02,  0.0000000E+00,  2.6131888E+02,3020,  6.2351975E+00,  0.0000000E+00, -3.8386673E-01,  9.9524261E+02, -2.7885912E+05,3,
  1.8185841E+02,  0.0000000E+00,  2.6099243E+02,3183,  8.9220028E+00,  0.0000000E+00,  2.0484724E+00,  9.9929199E+02, -4.2007379E+04,3,
  1.8308737E+02,  0.0000000E+00,  2.6070221E+02,3267,  6.8955097E+00,  0.0000000E+00, -1.4789491E+00,  9.9324652E+02, -3.9350341E+05,3,
  1.8377618E+02,  0.0000000E+00,  2.6098129E+02,3287,  7.2421222E+00,  0.0000000E+00, -3.5229669E+00,  1.0061533E+03,  3.7268353E+05,3,
  1.8569421E+02,  0.0000000E+00,  2.6147449E+02,3286,  7.1867237E+00,  0.0000000E+00, -3.7272060E+00,  1.0012639E+03,  7.5435398E+04,3,
  1.8563028E+02,  0.0000000E+00,  2.6013986E+02,3002,  8.3142805E+00,  0.0000000E+00, -3.9667070E+00,  9.9946881E+02, -3.1533117E+04,3,
  1.8684700E+02,  0.0000000E+00,  2.6110275E+02,2893,  8.4198046E+00,  0.0000000E+00, -4.6382370E+00,  1.0007001E+03,  4.1716082E+04,3,
  1.8729968E+02,  0.0000000E+00,  2.5933774E+02,3167,  7.4023452E+00,  0.0000000E+00, -4.5010738E+00,  9.9875031E+02, -7.4026289E+04,3,
  1.8741318E+02,  0.0000000E+00,  2.5886603E+02,3258,  6.3581285E+00,  0.0000000E+00, -5.0194335E+00,  1.0006537E+03,  3.8943160E+04,3,
  1.8827167E+02,  0.0000000E+00,  2.6017188E+02,3277,  7.4559946E+00,  0.0000000E+00, -4.3984399E+00,  9.9945905E+02, -3.2111896E+04,3,
  1.8847473E+02,  0.0000000E+00,  2.5953699E+02,3288,  7.2052021E+00,  0.0000000E+00, -4.2394524E+00,  9.9980579E+02, -1.1540831E+04,3,
  2.6236902E+02,  0.0000000E+00,  2.5821396E+02,3198,  1.9813544E+00,  0.0000000E+00, -3.7369689E-01,  1.0001975E+03,  1.1750485E+04,3,
  2.6810651E+02,  0.0000000E+00,  2.5825317E+02,3180,  2.2817314E+00,  0.0000000E+00, -2.6843935E-01,  1.0002530E+03,  1.5053729E+04,3,
  2.7161356E+02,  0.0000000E+00,  2.5837143E+02,3187,  2.2124851E+00,  0.0000000E+00,  2.3771650E-01,  1.0001798E+03,  1.0696876E+04,3,
  2.7302518E+02,  0.0000000E+00,  2.5859457E+02,3188,  2.3619375E+00,  0.0000000E+00,  2.1381879E-01,  1.0001801E+03,  1.0715041E+04,3,
  2.7692691E+02,  0.0000000E+00,  2.5834589E+02,3189,  2.7789559E+00,  0.0000000E+00,  3.1563726E-01,  1.0001850E+03,  1.1005681E+04,3,
  2.8080270E+02,  0.0000000E+00,  2.5820282E+02,3039,  2.2693875E+00,  0.0000000E+00, -1.1980698E-01,  1.0001704E+03,  1.0137419E+04,3,
  2.8210159E+02,  0.0000000E+00,  2.5836661E+02,3160,  2.4604709E+00,  0.0000000E+00, -1.2502849E-01,  1.0001743E+03,  1.0369917E+04,3,
 -3.9742831E+02,  0.0000000E+00,  2.6802673E+02,3828,  1.5786810E-02,  0.0000000E+00, -2.6657609E-02,  1.0001722E+03,  1.0242769E+04,3,
 -3.9744431E+02,  0.0000000E+00,  2.6559747E+02,3821, -9.4964989E-03,  0.0000000E+00,  3.6807001E-02,  1.0008798E+03,  5.2450672E+04,3,
 -3.9660367E+02,  0.0000000E+00,  2.6697177E+02,3822,  2.6400398E-02,  0.0000000E+00, -1.6775571E-02,  1.0002078E+03,  1.2360903E+04,3,
 -3.9561792E+02,  0.0000000E+00,  2.6711679E+02,3823,  4.5992095E-02,  0.0000000E+00, -2.3955485E-02,  1.0002593E+03,  1.5428094E+04,3,
 -3.9440536E+02,  0.0000000E+00,  2.6703409E+02,3824,  3.1238448E-02,  0.0000000E+00, -2.6899522E-02,  1.0003127E+03,  1.8608943E+04,3,
 -3.9337378E+02,  0.0000000E+00,  2.6691046E+02,3825,  4.0608868E-02,  0.0000000E+00, -2.8758688E-02,  1.0003711E+03,  2.2089051E+04,3,
 -3.9131265E+02,  0.0000000E+00,  2.6769348E+02,3826,  4.6065807E-02,  0.0000000E+00, -2.7008140E-02,  1.0002208E+03,  1.3134880E+04,3,
 -3.9227686E+02,  0.0000000E+00,  2.6701764E+02,3827,  3.4521699E-02,  0.0000000E+00, -2.6215391E-02,  1.0003501E+03,  2.0837963E+04,3,
 -3.8932593E+02,  0.0000000E+00,  2.6780008E+02,3818,  6.8480693E-02,  0.0000000E+00, -2.0819400E-02,  1.0002194E+03,  1.3054936E+04,3,
 -3.8985608E+02,  0.0000000E+00,  2.6651422E+02,3812,  2.4510082E-02,  0.0000000E+00, -1.4149095E-02,  1.0005125E+03,  3.0519814E+04,3,
 -3.8768622E+02,  0.0000000E+00,  2.6784055E+02,3814,  5.5104718E-02,  0.0000000E+00, -1.8562842E-02,  1.0002145E+03,  1.2764235E+04,3,
 -3.8713782E+02,  0.0000000E+00,  2.6648508E+02,3813, -1.3834859E-03,  0.0000000E+00, -5.6834831E-03,  1.0005210E+03,  3.1025816E+04,3,
 -3.8559326E+02,  0.0000000E+00,  2.6784662E+02,3806,  1.1086674E-01,  0.0000000E+00, -3.1298772E-02,  1.0001933E+03,  1.1499789E+04,3,
 -3.8503293E+02,  0.0000000E+00,  2.6666632E+02,3805,  6.2455754E-03,  0.0000000E+00, -2.3107598E-02,  1.0004420E+03,  2.6316275E+04,3,
 -3.8360358E+02,  0.0000000E+00,  2.6675659E+02,3804, -2.1270176E-02,  0.0000000E+00, -5.7999969E-02,  1.0004197E+03,  2.4984613E+04,3,
 -3.8262820E+02,  0.0000000E+00,  2.6799072E+02,3819,  1.6572276E-01,  0.0000000E+00, -5.1152520E-02,  1.0001738E+03,  1.0340854E+04,3,
 -3.8197882E+02,  0.0000000E+00,  2.6673743E+02,3795, -1.4344467E-02,  0.0000000E+00, -2.0371113E-02,  1.0003918E+03,  2.3325746E+04,3,
 -3.8059286E+02,  0.0000000E+00,  2.6784131E+02,3807,  1.9243851E-01,  0.0000000E+00, -2.6323693E-02,  1.0001639E+03,  9.7487236E+03,3,
 -3.7885144E+02,  0.0000000E+00,  2.6772147E+02,3796,  1.0893369E-01,  0.0000000E+00, -4.0255792E-02,  1.0001775E+03,  1.0558825E+04,3,
 -3.7779797E+02,  0.0000000E+00,  2.6680936E+02,3787,  3.3724532E-01,  0.0000000E+00, -3.9194953E-02,  1.0003801E+03,  2.2627357E+04,3,
 -3.7998322E+02,  0.0000000E+00,  2.6565485E+02,3798,  4.0213067E-02,  0.0000000E+00,  2.6094937E-01,  1.0010386E+03,  6.1944223E+04,3,
 -3.7693347E+02,  0.0000000E+00,  2.6768170E+02,3817,  1.7145012E-01,  0.0000000E+00, -3.7658267E-02,  1.0001936E+03,  1.1517955E+04,3,
 -3.7575336E+02,  0.0000000E+00,  2.6644742E+02,3799,  2.5561300E-01,  0.0000000E+00,  1.2916867E-02,  1.0005864E+03,  3.4925430E+04,3,
 -3.7488373E+02,  0.0000000E+00,  2.6758243E+02,3810,  2.4516359E-01,  0.0000000E+00, -1.9325202E-02,  1.0002171E+03,  1.2916852E+04,3,
 -3.7371820E+02,  0.0000000E+00,  2.6728461E+02,3797,  2.2864841E-01,  0.0000000E+00, -1.9963406E-02,  1.0002788E+03,  1.6591258E+04,3,
 -3.7161771E+02,  0.0000000E+00,  2.6762427E+02,3808,  2.2828251E-01,  0.0000000E+00, -5.9673589E-02,  1.0002181E+03,  1.2978626E+04,3,
 -3.7258701E+02,  0.0000000E+00,  2.6675525E+02,3786,  2.2232397E-01,  0.0000000E+00, -3.8154561E-02,  1.0004573E+03,  2.7225980E+04,3,
 -3.7041260E+02,  0.0000000E+00,  2.6648560E+02,3779,  2.3008355E-01,  0.0000000E+00, -4.3898661E-02,  1.0004722E+03,  2.8113936E+04,3,
 -3.6985843E+02,  0.0000000E+00,  2.6788708E+02,3809,  2.7884144E-01,  0.0000000E+00, -7.7172920E-02,  1.0002131E+03,  1.2680661E+04,3,
 -3.6807263E+02,  0.0000000E+00,  2.6784039E+02,3800,  3.2700199E-01,  0.0000000E+00, -7.8073852E-02,  1.0002132E+03,  1.2684294E+04,3,
 -3.6801953E+02,  0.0000000E+00,  2.6630176E+02,3778,  1.7741410E-01,  0.0000000E+00, -5.8431454E-02,  1.0004940E+03,  2.9413256E+04,3,
 -3.6546301E+02,  0.0000000E+00,  2.6658221E+02,3768,  2.3701987E-01,  0.0000000E+00, -7.8325056E-02,  1.0004802E+03,  2.8594336E+04,3,
 -3.6640240E+02,  0.0000000E+00,  2.6768451E+02,3801,  3.0050370E-01,  0.0000000E+00, -7.2339408E-02,  1.0002270E+03,  1.3505538E+04,3,
 -3.6446182E+02,  0.0000000E+00,  2.6773807E+02,3790,  2.9780594E-01,  0.0000000E+00, -6.3984573E-02,  1.0002136E+03,  1.2709730E+04,3,
 -3.6332498E+02,  0.0000000E+00,  2.6663882E+02,3749,  2.9695743E-01,  0.0000000E+00, -4.3670006E-02,  1.0004412E+03,  2.6268973E+04,3,
 -3.6226712E+02,  0.0000000E+00,  2.6783371E+02,3789,  2.8897458E-01,  0.0000000E+00, -5.4310996E-02,  1.0002121E+03,  1.2618889E+04,3,
 -3.6131409E+02,  0.0000000E+00,  2.6656699E+02,3759,  2.8147492E-01,  0.0000000E+00, -6.7478463E-02,  1.0004636E+03,  2.7604443E+04,3,
 -3.6018875E+02,  0.0000000E+00,  2.6777408E+02,3792,  2.5611794E-01,  0.0000000E+00, -6.6362157E-02,  1.0002095E+03,  1.2462643E+04,3,
 -3.5824161E+02,  0.0000000E+00,  2.6741061E+02,3781,  3.0038491E-01,  0.0000000E+00, -4.4876225E-02,  1.0002735E+03,  1.6275010E+04,3,
 -3.5923700E+02,  0.0000000E+00,  2.6620441E+02,3769,  3.4785092E-01,  0.0000000E+00, -6.7525297E-02,  1.0006093E+03,  3.6291203E+04,3,
 -3.5708279E+02,  0.0000000E+00,  2.6737820E+02,3791,  2.9129511E-01,  0.0000000E+00, -2.5603069E-02,  1.0003033E+03,  1.8049039E+04,3,
 -3.5583868E+02,  0.0000000E+00,  2.6745093E+02,3782,  2.9839334E-01,  0.0000000E+00, -1.7851645E-02,  1.0002416E+03,  1.4377729E+04,3,
 -3.5512125E+02,  0.0000000E+00,  2.6650766E+02,3761,  2.6616365E-01,  0.0000000E+00, -1.0627691E-02,  1.0005415E+03,  3.2249061E+04,3,
 -3.5365759E+02,  0.0000000E+00,  2.6758896E+02,3780,  3.1325877E-01,  0.0000000E+00, -7.9065207E-03,  1.0002066E+03,  1.2291866E+04,3,
 -3.5300970E+02,  0.0000000E+00,  2.6656644E+02,3742,  3.1478792E-01,  0.0000000E+00, -4.2062015E-03,  1.0004338E+03,  2.5825068E+04,3,
 -3.5117841E+02,  0.0000000E+00,  2.6647372E+02,3752,  3.0078122E-01,  0.0000000E+00,  3.1133981E-02,  1.0004835E+03,  2.8787232E+04,3,
 -3.5132767E+02,  0.0000000E+00,  2.6778018E+02,3783,  2.9452702E-01,  0.0000000E+00,  1.8577417E-02,  1.0001976E+03,  1.1757752E+04,3,
 -3.4949396E+02,  0.0000000E+00,  2.6764154E+02,3770,  3.0091691E-01,  0.0000000E+00,  2.0447731E-02,  1.0002175E+03,  1.2942288E+04,3,
 -3.4880960E+02,  0.0000000E+00,  2.6666232E+02,3743,  2.8393319E-01,  0.0000000E+00,  1.7580565E-02,  1.0003935E+03,  2.3423961E+04,3,
 -3.4724118E+02,  0.0000000E+00,  2.6545828E+02,3754,  2.7870616E-01,  0.0000000E+00, -2.4023069E-04,  1.0007763E+03,  4.6265203E+04,3,
 -3.4729025E+02,  0.0000000E+00,  2.6768985E+02,3772,  2.9634267E-01,  0.0000000E+00,  9.6626440E-03,  1.0002056E+03,  1.2230096E+04,3,
 -3.4582239E+02,  0.0000000E+00,  2.6759555E+02,3771,  2.9400784E-01,  0.0000000E+00, -1.0043480E-03,  1.0002048E+03,  1.2186494E+04,3,
 -3.4524042E+02,  0.0000000E+00,  2.6623233E+02,3744,  2.5958526E-01,  0.0000000E+00, -3.4773466E-04,  1.0005304E+03,  3.1586451E+04,3,
 -3.4343881E+02,  0.0000000E+00,  2.6771124E+02,3774,  3.5423288E-01,  0.0000000E+00, -2.1867100E-02,  1.0001901E+03,  1.1310862E+04,3,
 -3.4348624E+02,  0.0000000E+00,  2.6669778E+02,3751,  1.9523887E-01,  0.0000000E+00, -3.8254004E-02,  1.0003733E+03,  2.2219988E+04,3,
 -3.4214951E+02,  0.0000000E+00,  2.6580188E+02,3762,  3.9546856E-01,  0.0000000E+00, -1.5620764E-01,  1.0005704E+03,  3.3971324E+04,3,
 -3.4125995E+02,  0.0000000E+00,  2.6762396E+02,3773,  1.4013968E-01,  0.0000000E+00, -1.7398901E-02,  1.0002006E+03,  1.1935787E+04,3,
 -3.3996848E+02,  0.0000000E+00,  2.6561191E+02,3733,  3.6817932E-01,  0.0000000E+00,  3.0188784E-01,  1.0010165E+03,  6.0622395E+04,3,
 -3.3973392E+02,  0.0000000E+00,  2.6758539E+02,3763,  3.0274245E-01,  0.0000000E+00, -5.0783668E-02,  1.0001932E+03,  1.1496155E+04,3,
 -3.3813168E+02,  0.0000000E+00,  2.6773682E+02,3765,  3.3083376E-01,  0.0000000E+00, -8.5375056E-02,  1.0002025E+03,  1.2048423E+04,3,
 -3.3753333E+02,  0.0000000E+00,  2.6634570E+02,3724,  5.3362137E-01,  0.0000000E+00, -3.6707979E-02,  1.0004835E+03,  2.8787232E+04,3,
 -3.3609836E+02,  0.0000000E+00,  2.6765958E+02,3764,  3.9536425E-01,  0.0000000E+00, -7.2402284E-02,  1.0002119E+03,  1.2604354E+04,3,
 -3.3555692E+02,  0.0000000E+00,  2.6660345E+02,3732,  4.9212432E-01,  0.0000000E+00, -5.3383809E-02,  1.0004514E+03,  2.6876645E+04,3,
 -3.3388339E+02,  0.0000000E+00,  2.6764102E+02,3756,  4.0068516E-01,  0.0000000E+00, -6.0710311E-02,  1.0002101E+03,  1.2498979E+04,3,
 -3.3350104E+02,  0.0000000E+00,  2.6621884E+02,3725,  4.7957227E-01,  0.0000000E+00, -3.2262728E-02,  1.0005909E+03,  3.5198570E+04,3,
 -3.3191342E+02,  0.0000000E+00,  2.6764316E+02,3755,  4.3897542E-01,  0.0000000E+00, -7.7513829E-02,  1.0002123E+03,  1.2633423E+04,3,
 -3.3132217E+02,  0.0000000E+00,  2.6644736E+02,3715,  5.0721169E-01,  0.0000000E+00, -5.2686207E-02,  1.0004766E+03,  2.8379609E+04,3,
 -3.3001874E+02,  0.0000000E+00,  2.6757498E+02,3745,  4.7963274E-01,  0.0000000E+00, -8.4814623E-02,  1.0002186E+03,  1.3004062E+04,3,
 -3.2898486E+02,  0.0000000E+00,  2.6642264E+02,3714,  3.8731810E-01,  0.0000000E+00, -4.3151662E-02,  1.0004860E+03,  2.8940094E+04,3,
 -3.2807504E+02,  0.0000000E+00,  2.6761380E+02,3747,  6.1042744E-01,  0.0000000E+00, -7.4930511E-02,  1.0002228E+03,  1.3258431E+04,3,
 -3.2648755E+02,  0.0000000E+00,  2.6760284E+02,3734,  5.7867402E-01,  0.0000000E+00, -6.5606877E-02,  1.0002068E+03,  1.2306400E+04,3,
 -3.2415274E+02,  0.0000000E+00,  2.6770264E+02,3746,  7.8506464E-01,  0.0000000E+00, -1.2526457E-01,  1.0001676E+03,  9.9703145E+03,3,
 -3.2607217E+02,  0.0000000E+00,  2.6650406E+02,3716,  3.1336287E-01,  0.0000000E+00, -5.2547771E-02,  1.0005226E+03,  3.1120467E+04,3,
 -3.2430157E+02,  0.0000000E+00,  2.6659335E+02,3695,  1.9701974E-01,  0.0000000E+00, -7.6851510E-02,  1.0003338E+03,  1.9867023E+04,3,
 -3.2244376E+02,  0.0000000E+00,  2.6735281E+02,3735,  7.4030471E-01,  0.0000000E+00, -5.5437196E-02,  1.0001259E+03,  7.4895068E+03,3,
 -3.2225223E+02,  0.0000000E+00,  2.6543491E+02,3707,  4.1291583E-01,  0.0000000E+00,  2.8596780E-01,  1.0012967E+03,  7.7399203E+04,3,
 -3.2057919E+02,  0.0000000E+00,  2.6740591E+02,3726,  7.1002209E-01,  0.0000000E+00,  6.5648444E-03,  1.0002008E+03,  1.1946687E+04,3,
 -3.1945096E+02,  0.0000000E+00,  2.6774103E+02,3738,  5.9717536E-01,  0.0000000E+00, -5.6800544E-02,  1.0002065E+03,  1.2288232E+04,3,
 -3.1874905E+02,  0.0000000E+00,  2.6672186E+02,3687,  6.6388792E-01,  0.0000000E+00, -9.1755353E-02,  1.0003184E+03,  1.8950719E+04,3,
 -3.1751633E+02,  0.0000000E+00,  2.6674484E+02,3706,  6.8985105E-01,  0.0000000E+00, -1.4126803E-01,  1.0003171E+03,  1.8874363E+04,3,
 -3.1645181E+02,  0.0000000E+00,  2.6765262E+02,3736,  7.2195429E-01,  0.0000000E+00, -1.1228670E-01,  1.0002235E+03,  1.3298403E+04,3,
 -3.1567041E+02,  0.0000000E+00,  2.6643069E+02,3697,  7.1324641E-01,  0.0000000E+00, -8.1853010E-02,  1.0004007E+03,  2.3853207E+04,3,
 -3.1388184E+02,  0.0000000E+00,  2.6764474E+02,3737,  6.8855041E-01,  0.0000000E+00, -4.8737545E-02,  1.0002363E+03,  1.4057917E+04,3,
 -3.1412445E+02,  0.0000000E+00,  2.6629382E+02,3699,  7.3959059E-01,  0.0000000E+00, -1.6563499E-02,  1.0003240E+03,  1.9281596E+04,3,
 -3.1233145E+02,  0.0000000E+00,  2.6746811E+02,3727,  7.3605204E-01,  0.0000000E+00, -3.8434833E-02,  1.0002519E+03,  1.4988309E+04,3,
 -3.1153650E+02,  0.0000000E+00,  2.6670847E+02,3717,  6.8995613E-01,  0.0000000E+00, -3.4391753E-02,  1.0003373E+03,  2.0077932E+04,3,
 -3.1011914E+02,  0.0000000E+00,  2.6748535E+02,3729,  7.0825553E-01,  0.0000000E+00, -3.7090302E-02,  1.0002316E+03,  1.3781724E+04,3,
 -3.0901730E+02,  0.0000000E+00,  2.6646658E+02,3688,  7.2258329E-01,  0.0000000E+00, -4.6436965E-02,  1.0003099E+03,  1.8441695E+04,3,
 -3.0822992E+02,  0.0000000E+00,  2.6756122E+02,3728,  7.0820761E-01,  0.0000000E+00, -1.2048665E-02,  1.0002293E+03,  1.3643630E+04,3,
 -3.0693298E+02,  0.0000000E+00,  2.6651102E+02,3679,  7.8565586E-01,  0.0000000E+00,  5.5766929E-02,  1.0003547E+03,  2.1110715E+04,3,
 -3.0599057E+02,  0.0000000E+00,  2.6744434E+02,3718,  7.0166296E-01,  0.0000000E+00,  4.5356568E-02,  1.0002554E+03,  1.5199112E+04,3,
 -3.0474835E+02,  0.0000000E+00,  2.6613724E+02,3698,  5.5491942E-01,  0.0000000E+00,  7.3824875E-02,  1.0004117E+03,  2.4508025E+04,3,
 -3.0423602E+02,  0.0000000E+00,  2.6768311E+02,3719,  8.3029252E-01,  0.0000000E+00,  3.3833031E-02,  1.0002560E+03,  1.5231823E+04,3,
 -3.0275156E+02,  0.0000000E+00,  2.6619345E+02,3689,  7.5127286E-01,  0.0000000E+00, -3.1169425E-03,  1.0002768E+03,  1.6471301E+04,3,
 -3.0221536E+02,  0.0000000E+00,  2.6765125E+02,3720,  6.9633359E-01,  0.0000000E+00,  1.7088268E-02,  1.0002663E+03,  1.5846091E+04,3,
 -3.0051968E+02,  0.0000000E+00,  2.6749072E+02,3708,  7.4647474E-01,  0.0000000E+00, -2.4029350E-02,  1.0002401E+03,  1.4286872E+04,3,
 -3.0026077E+02,  0.0000000E+00,  2.6657465E+02,3650,  6.4820063E-01,  0.0000000E+00, -2.5732996E-02,  1.0004092E+03,  2.4362506E+04,3,
 -2.9857022E+02,  0.0000000E+00,  2.6660983E+02,3659,  6.7145377E-01,  0.0000000E+00, -7.4732557E-02,  1.0003061E+03,  1.8216281E+04,3,
 -2.9779123E+02,  0.0000000E+00,  2.6760803E+02,3710,  7.8406310E-01,  0.0000000E+00, -1.0074045E-01,  1.0002238E+03,  1.3316573E+04,3,
 -2.9659732E+02,  0.0000000E+00,  2.6631949E+02,3670,  5.4848462E-01,  0.0000000E+00, -6.6443950E-02,  1.0002329E+03,  1.3858039E+04,3,
 -2.9579803E+02,  0.0000000E+00,  2.6760400E+02,3711,  8.8242245E-01,  0.0000000E+00, -1.2246323E-01,  1.0002208E+03,  1.3138514E+04,3,
 -2.9421942E+02,  0.0000000E+00,  2.6745621E+02,3709,  8.4561270E-01,  0.0000000E+00, -5.0999224E-02,  1.0002453E+03,  1.4595789E+04,3,
 -2.9278961E+02,  0.0000000E+00,  2.6747531E+02,3701,  8.0694687E-01,  0.0000000E+00, -7.1516787E-03,  1.0002473E+03,  1.4715724E+04,3,
 -2.9227142E+02,  0.0000000E+00,  2.6625031E+02,3681,  8.6488897E-01,  0.0000000E+00,  4.0170457E-02,  1.0002111E+03,  1.2557117E+04,3,
 -2.9098273E+02,  0.0000000E+00,  2.6739108E+02,3700,  8.4712189E-01,  0.0000000E+00, -3.6837226E-03,  1.0002537E+03,  1.5093710E+04,3,
 -2.9010800E+02,  0.0000000E+00,  2.6661169E+02,3651,  8.5268271E-01,  0.0000000E+00, -7.8747235E-03,  1.0003567E+03,  2.1230729E+04,3,
 -2.8851450E+02,  0.0000000E+00,  2.6639258E+02,3652,  8.6110282E-01,  0.0000000E+00,  2.8969636E-02,  1.0003456E+03,  2.0568854E+04,3,
 -2.8840378E+02,  0.0000000E+00,  2.6754877E+02,3702,  8.1639105E-01,  0.0000000E+00,  7.3556360E-03,  1.0002388E+03,  1.4206919E+04,3,
 -2.8663602E+02,  0.0000000E+00,  2.6735910E+02,3680,  8.5315579E-01,  0.0000000E+00, -1.6901763E-02,  1.0002866E+03,  1.7052926E+04,3,
 -2.8530481E+02,  0.0000000E+00,  2.6729584E+02,3692,  8.6503798E-01,  0.0000000E+00, -1.4177977E-02,  1.0002811E+03,  1.6725758E+04,3,
 -2.8400311E+02,  0.0000000E+00,  2.6718204E+02,3690,  8.8990808E-01,  0.0000000E+00,  2.8280890E-02,  1.0002592E+03,  1.5420825E+04,3,
 -2.8333771E+02,  0.0000000E+00,  2.6635101E+02,3671,  8.9785922E-01,  0.0000000E+00,  7.3139347E-02,  1.0002996E+03,  1.7827270E+04,3,
 -2.8189209E+02,  0.0000000E+00,  2.6753348E+02,3693,  8.6269975E-01,  0.0000000E+00,  5.3658944E-02,  1.0002301E+03,  1.3690872E+04,3,
 -2.8134225E+02,  0.0000000E+00,  2.6660715E+02,3643,  8.7359947E-01,  0.0000000E+00,  5.6760769E-02,  1.0002988E+03,  1.7780006E+04,3,
 -2.7986246E+02,  0.0000000E+00,  2.6644995E+02,3654,  8.2778543E-01,  0.0000000E+00,  3.2372110E-02,  1.0003244E+03,  1.9307049E+04,3,
 -2.7915198E+02,  0.0000000E+00,  2.6746680E+02,3691,  8.8263899E-01,  0.0000000E+00,  8.6891279E-03,  1.0002313E+03,  1.3759919E+04,3,
 -2.7788751E+02,  0.0000000E+00,  2.6655225E+02,3661,  8.9975500E-01,  0.0000000E+00,  2.3172130E-03,  1.0003066E+03,  1.8245365E+04,3,
 -2.7678101E+02,  0.0000000E+00,  2.6746124E+02,3683,  9.1568673E-01,  0.0000000E+00, -2.8026516E-02,  1.0002539E+03,  1.5108248E+04,3,
 -2.7576953E+02,  0.0000000E+00,  2.6617789E+02,3645,  7.6136643E-01,  0.0000000E+00, -5.9330910E-02,  1.0003074E+03,  1.8292631E+04,3,
 -2.7482407E+02,  0.0000000E+00,  2.6731955E+02,3682,  9.3425184E-01,  0.0000000E+00, -5.4613926E-02,  1.0002650E+03,  1.5769760E+04,3,
 -2.7338388E+02,  0.0000000E+00,  2.6636942E+02,3633,  8.1764269E-01,  0.0000000E+00, -2.5984906E-02,  1.0003342E+03,  1.9888842E+04,3,
 -2.7289694E+02,  0.0000000E+00,  2.6741943E+02,3684,  9.6127278E-01,  0.0000000E+00, -1.9551519E-02,  1.0002466E+03,  1.4675745E+04,3,
 -2.7081009E+02,  0.0000000E+00,  2.6728534E+02,3672,  9.3982029E-01,  0.0000000E+00, -7.1007498E-03,  1.0002353E+03,  1.3999770E+04,3,
 -2.7105750E+02,  0.0000000E+00,  2.6644836E+02,3614,  8.0959302E-01,  0.0000000E+00, -3.4133086E-03,  1.0002647E+03,  1.5751585E+04,3,
 -2.6901706E+02,  0.0000000E+00,  2.6653455E+02,3615,  8.7220997E-01,  0.0000000E+00, -3.8726978E-02,  1.0003320E+03,  1.9757936E+04,3,
 -2.6834525E+02,  0.0000000E+00,  2.6752591E+02,3674,  8.4699136E-01,  0.0000000E+00, -5.3828277E-02,  1.0002729E+03,  1.6242295E+04,3,
 -2.6734998E+02,  0.0000000E+00,  2.6610233E+02,3627,  9.2722958E-01,  0.0000000E+00, -8.8617235E-02,  1.0001224E+03,  7.2788667E+03,3,
 -2.6638583E+02,  0.0000000E+00,  2.6756482E+02,3675,  9.3006545E-01,  0.0000000E+00, -4.6951912E-02,  1.0003139E+03,  1.8681660E+04,3,
 -2.6454199E+02,  0.0000000E+00,  2.6734195E+02,3673,  1.0190717E+00,  0.0000000E+00, -1.8754106E-02,  1.0002853E+03,  1.6976586E+04,3,
 -2.6483539E+02,  0.0000000E+00,  2.6622070E+02,3625,  6.7533636E-01,  0.0000000E+00,  4.0251068E-03,  1.0002609E+03,  1.5522596E+04,3,
 -2.6275165E+02,  0.0000000E+00,  2.6741177E+02,3665,  8.6969280E-01,  0.0000000E+00, -1.8235594E-02,  1.0002679E+03,  1.5944231E+04,3,
 -2.6224277E+02,  0.0000000E+00,  2.6630945E+02,3626,  9.1181380E-01,  0.0000000E+00, -5.2507818E-02,  1.0002590E+03,  1.5413556E+04,3,
 -2.6076749E+02,  0.0000000E+00,  2.6720517E+02,3664,  9.3604612E-01,  0.0000000E+00,  1.6373847E-02,  1.0003105E+03,  1.8478055E+04,3,
 -2.5995401E+02,  0.0000000E+00,  2.6597412E+02,3635,  9.6721154E-01,  0.0000000E+00,  1.0301314E-03,  1.0001069E+03,  6.3600918E+03,3,
 -2.5901486E+02,  0.0000000E+00,  2.6740845E+02,3666,  7.4337751E-01,  0.0000000E+00,  1.9806627E-02,  1.0003510E+03,  2.0892512E+04,3,
 -2.5687234E+02,  0.0000000E+00,  2.6607190E+02,3579,  8.6705875E-01,  0.0000000E+00, -8.2173184E-02,  1.0001068E+03,  6.3491978E+03,3,
 -2.5732324E+02,  0.0000000E+00,  2.6727750E+02,3644,  8.2844913E-01,  0.0000000E+00, -6.1355315E-02,  1.0003582E+03,  2.1318012E+04,3,
 -2.5572273E+02,  0.0000000E+00,  2.6736249E+02,3656,  8.7326849E-01,  0.0000000E+00, -5.6167096E-02,  1.0003141E+03,  1.8692568E+04,3,
 -2.5408003E+02,  0.0000000E+00,  2.6719525E+02,3655,  1.1170785E+00,  0.0000000E+00,  1.9127965E-02,  1.0002797E+03,  1.6645785E+04,3,
 -2.5434866E+02,  0.0000000E+00,  2.6617657E+02,3598,  6.3306767E-01,  0.0000000E+00,  2.9537246E-02,  1.0001677E+03,  9.9739473E+03,3,
 -2.5201778E+02,  0.0000000E+00,  2.6737177E+02,3657,  8.3789998E-01,  0.0000000E+00,  1.2757561E-01,  1.0002588E+03,  1.5399017E+04,3,
 -2.5144350E+02,  0.0000000E+00,  2.6640817E+02,3607,  8.1287289E-01,  0.0000000E+00,  1.4980264E-01,  1.0002574E+03,  1.5315420E+04,3,
 -2.5022154E+02,  0.0000000E+00,  2.6710745E+02,3646,  8.6716092E-01,  0.0000000E+00,  7.0526771E-02,  1.0002209E+03,  1.3142147E+04,3,
 -2.4925520E+02,  0.0000000E+00,  2.6640387E+02,3580,  6.3620919E-01,  0.0000000E+00,  1.5783260E-02,  1.0001851E+03,  1.1009314E+04,3,
 -2.4831795E+02,  0.0000000E+00,  2.6726895E+02,3647,  8.8690567E-01,  0.0000000E+00, -1.0927679E-01,  1.0001971E+03,  1.1728686E+04,3,
 -2.4651125E+02,  0.0000000E+00,  2.6709509E+02,3636,  9.3613142E-01,  0.0000000E+00, -1.4931922E-01,  1.0001984E+03,  1.1801352E+04,3,
 -2.4569086E+02,  0.0000000E+00,  2.6633151E+02,3588,  1.1690699E+00,  0.0000000E+00, -7.2340898E-02,  1.0001909E+03,  1.1354460E+04,3,
 -2.4434911E+02,  0.0000000E+00,  2.6740210E+02,3648,  8.6045539E-01,  0.0000000E+00, -2.1662952E-02,  1.0002437E+03,  1.4501296E+04,3,
 -2.4387785E+02,  0.0000000E+00,  2.6645810E+02,3616,  1.0209796E+00,  0.0000000E+00,  4.3935344E-02,  1.0002983E+03,  1.7754559E+04,3,
 -2.4163591E+02,  0.0000000E+00,  2.6735098E+02,3638,  1.1624519E+00,  0.0000000E+00,  7.9634469E-03,  1.0002350E+03,  1.3981600E+04,3,
 -2.4209036E+02,  0.0000000E+00,  2.6636514E+02,3608,  8.9439654E-01,  0.0000000E+00,  4.4137996E-02,  1.0002899E+03,  1.7252869E+04,3,
 -2.4039185E+02,  0.0000000E+00,  2.6614359E+02,3609,  7.9106486E-01,  0.0000000E+00,  2.0047948E-02,  1.0001950E+03,  1.1601520E+04,3,
 -2.3952592E+02,  0.0000000E+00,  2.6710358E+02,3637,  9.2981416E-01,  0.0000000E+00, -8.3340071E-02,  1.0002296E+03,  1.3661800E+04,3,
 -2.3814351E+02,  0.0000000E+00,  2.6701230E+02,3639,  1.0559036E+00,  0.0000000E+00, -1.6586614E-01,  1.0002196E+03,  1.3065837E+04,3,
 -2.3675139E+02,  0.0000000E+00,  2.6686093E+02,3617,  1.1010290E+00,  0.0000000E+00, -1.3633104E-01,  1.0002368E+03,  1.4090624E+04,3,
 -2.3557199E+02,  0.0000000E+00,  2.6717715E+02,3629,  1.0166080E+00,  0.0000000E+00, -9.3737371E-02,  1.0002347E+03,  1.3967062E+04,3,
 -2.3457391E+02,  0.0000000E+00,  2.6622101E+02,3600,  1.1437047E+00,  0.0000000E+00, -9.4487416E-03,  1.0002397E+03,  1.4261433E+04,3,
 -2.3382823E+02,  0.0000000E+00,  2.6721280E+02,3628,  1.1105344E+00,  0.0000000E+00, -1.9594233E-02,  1.0002446E+03,  1.4552177E+04,3,
 -2.3256108E+02,  0.0000000E+00,  2.6647726E+02,3561,  1.0248606E+00,  0.0000000E+00,  1.9062530E-02,  1.0002748E+03,  1.6354979E+04,3,
 -2.3144609E+02,  0.0000000E+00,  2.6731763E+02,3630,  1.1461961E+00,  0.0000000E+00, -1.0706459E-02,  1.0002465E+03,  1.4668477E+04,3,
 -2.3036865E+02,  0.0000000E+00,  2.6621915E+02,3590,  1.0906773E+00,  0.0000000E+00, -3.1162528E-02,  1.0002773E+03,  1.6504016E+04,3,
 -2.2941502E+02,  0.0000000E+00,  2.6736292E+02,3618,  1.1115156E+00,  0.0000000E+00,  4.7420390E-02,  1.0002524E+03,  1.5017385E+04,3,
 -2.2839984E+02,  0.0000000E+00,  2.6635690E+02,3571,  1.0595109E+00,  0.0000000E+00,  1.0134897E-01,  1.0003144E+03,  1.8710748E+04,3,
 -2.2699037E+02,  0.0000000E+00,  2.6739270E+02,3620,  1.1250049E+00,  0.0000000E+00,  7.3156625E-02,  1.0002404E+03,  1.4305043E+04,3,
 -2.2636220E+02,  0.0000000E+00,  2.6641196E+02,3599,  1.0386602E+00,  0.0000000E+00,  6.1584108E-02,  1.0002968E+03,  1.7663670E+04,3,
 -2.2516821E+02,  0.0000000E+00,  2.6602173E+02,3591,  9.9157739E-01,  0.0000000E+00,  6.6369519E-02,  1.0002489E+03,  1.4810219E+04,3,
 -2.2436858E+02,  0.0000000E+00,  2.6717838E+02,3621,  1.1061002E+00,  0.0000000E+00,  1.9412132E-02,  1.0002501E+03,  1.4882908E+04,3,
 -2.2299992E+02,  0.0000000E+00,  2.6686987E+02,3619,  1.0377657E+00,  0.0000000E+00, -3.9316662E-02,  1.0002704E+03,  1.6089627E+04,3,
 -2.2179868E+02,  0.0000000E+00,  2.6671771E+02,3589,  9.9754649E-01,  0.0000000E+00, -1.0845007E-01,  1.0002997E+03,  1.7838176E+04,3,
 -2.2053528E+02,  0.0000000E+00,  2.6707687E+02,3611,  1.0752650E+00,  0.0000000E+00, -1.0231348E-01,  1.0002562E+03,  1.5242728E+04,3,
 -2.1960699E+02,  0.0000000E+00,  2.6633728E+02,3562,  1.1287917E+00,  0.0000000E+00, -7.3737986E-02,  1.0002885E+03,  1.7165621E+04,3,
 -2.1842960E+02,  0.0000000E+00,  2.6693701E+02,3610,  1.0732743E+00,  0.0000000E+00, -6.0144134E-02,  1.0002521E+03,  1.4999212E+04,3,
 -2.1732404E+02,  0.0000000E+00,  2.6635480E+02,3544,  1.0644481E+00,  0.0000000E+00, -6.1528813E-02,  1.0002832E+03,  1.6852988E+04,3,
 -2.1620358E+02,  0.0000000E+00,  2.6721390E+02,3612,  1.0829232E+00,  0.0000000E+00, -2.8527917E-02,  1.0002535E+03,  1.5082806E+04,3,
 -2.1538046E+02,  0.0000000E+00,  2.6624152E+02,3554,  1.0618685E+00,  0.0000000E+00, -8.7892152E-03,  1.0002852E+03,  1.6969316E+04,3,
 -2.1388458E+02,  0.0000000E+00,  2.6726700E+02,3602,  1.0689983E+00,  0.0000000E+00,  2.4778992E-02,  1.0002638E+03,  1.5697063E+04,3,
 -2.1354074E+02,  0.0000000E+00,  2.6604861E+02,3563,  1.1317264E+00,  0.0000000E+00,  5.7344507E-02,  1.0001976E+03,  1.1757752E+04,3,
 -2.1204514E+02,  0.0000000E+00,  2.6710590E+02,3601,  1.0804076E+00,  0.0000000E+00,  2.7950574E-02,  1.0002603E+03,  1.5486249E+04,3,
 -2.1121852E+02,  0.0000000E+00,  2.6632870E+02,3553,  9.9028212E-01,  0.0000000E+00,  6.1381771E-03,  1.0002618E+03,  1.5580752E+04,3,
 -2.0961441E+02,  0.0000000E+00,  2.6729034E+02,3603,  1.0628241E+00,  0.0000000E+00, -4.9921125E-02,  1.0002430E+03,  1.4457684E+04,3,
 -2.0910420E+02,  0.0000000E+00,  2.6630692E+02,3573,  1.0611249E+00,  0.0000000E+00, -8.2683690E-02,  1.0002938E+03,  1.7485533E+04,3,
 -2.0800836E+02,  0.0000000E+00,  2.6623444E+02,3555,  1.1397424E+00,  0.0000000E+00, -5.3403594E-02,  1.0002061E+03,  1.2259164E+04,3,
 -2.0689014E+02,  0.0000000E+00,  2.6705426E+02,3582,  1.1091034E+00,  0.0000000E+00,  2.2536017E-02,  1.0002498E+03,  1.4861102E+04,3,
 -2.0570329E+02,  0.0000000E+00,  2.6716721E+02,3593,  1.0390000E+00,  0.0000000E+00,  6.5253220E-02,  1.0002355E+03,  1.4014307E+04,3,
 -2.0443570E+02,  0.0000000E+00,  2.6697565E+02,3592,  9.5134330E-01,  0.0000000E+00,  2.8879968E-02,  1.0001667E+03,  9.9194570E+03,3,
 -2.0286206E+02,  0.0000000E+00,  2.6708716E+02,3594,  1.2393055E+00,  0.0000000E+00, -4.7123887E-02,  1.0001629E+03,  9.6906025E+03,3,
 -2.0145677E+02,  0.0000000E+00,  2.6643372E+02,3572,  1.1710073E+00,  0.0000000E+00, -2.5814429E-02,  1.0002309E+03,  1.3738114E+04,3,
 -2.0050371E+02,  0.0000000E+00,  2.6713748E+02,3584,  1.0315151E+00,  0.0000000E+00, -2.1368582E-02,  1.0002242E+03,  1.3338376E+04,3,
 -1.9950490E+02,  0.0000000E+00,  2.6639529E+02,3534,  1.2443507E+00,  0.0000000E+00, -3.6983178E-03,  1.0002751E+03,  1.6373154E+04,3,
 -1.9825389E+02,  0.0000000E+00,  2.6703506E+02,3583,  1.0935932E+00,  0.0000000E+00, -1.8994365E-02,  1.0002513E+03,  1.4951963E+04,3,
 -1.9733742E+02,  0.0000000E+00,  2.6620963E+02,3516,  1.0138160E+00,  0.0000000E+00, -4.4442814E-02,  1.0003284E+03,  1.9543398E+04,3,
 -1.9591618E+02,  0.0000000E+00,  2.6712210E+02,3585,  1.2064116E+00,  0.0000000E+00, -5.1648881E-02,  1.0002498E+03,  1.4861102E+04,3,
 -1.9514589E+02,  0.0000000E+00,  2.6625735E+02,3488,  1.1674685E+00,  0.0000000E+00, -1.8596821E-02,  1.0003211E+03,  1.9110701E+04,3,
 -1.9372585E+02,  0.0000000E+00,  2.6630893E+02,3525,  1.1504965E+00,  0.0000000E+00, -2.9320842E-02,  1.0002977E+03,  1.7718203E+04,3,
 -1.9271495E+02,  0.0000000E+00,  2.6722998E+02,3575,  1.1472039E+00,  0.0000000E+00, -7.0312686E-02,  1.0002431E+03,  1.4464952E+04,3,
 -1.9183669E+02,  0.0000000E+00,  2.6631339E+02,3507,  1.1140481E+00,  0.0000000E+00, -9.9648371E-02,  1.0003214E+03,  1.9125246E+04,3,
 -1.8994858E+02,  0.0000000E+00,  2.6708194E+02,3574,  1.3644627E+00,  0.0000000E+00, -8.8098310E-02,  1.0002307E+03,  1.3723578E+04,3,
 -1.9035970E+02,  0.0000000E+00,  2.6613290E+02,3499,  1.0066758E+00,  0.0000000E+00, -1.0549635E-01,  1.0002708E+03,  1.6111437E+04,3,
 -1.8823480E+02,  0.0000000E+00,  2.6677127E+02,3564,  1.2451918E+00,  0.0000000E+00,  9.4604395E-02,  1.0003085E+03,  1.8361709E+04,3,
 -1.8698354E+02,  0.0000000E+00,  2.6688846E+02,3576,  1.1354661E+00,  0.0000000E+00,  1.5290017E-01,  1.0003077E+03,  1.8314445E+04,3,
 -1.8574455E+02,  0.0000000E+00,  2.6691550E+02,3545,  1.1180640E+00,  0.0000000E+00,  6.5407693E-02,  1.0002791E+03,  1.6605799E+04,3,
 -1.8414880E+02,  0.0000000E+00,  2.6610532E+02,3518,  1.3170010E+00,  0.0000000E+00, -9.6382402E-02,  1.0003142E+03,  1.8699840E+04,3,
 -1.8339809E+02,  0.0000000E+00,  2.6718796E+02,3566,  1.1674083E+00,  0.0000000E+00, -4.8313625E-02,  1.0002520E+03,  1.4991942E+04,3,
 -1.8229485E+02,  0.0000000E+00,  2.6595837E+02,3526,  1.2422591E+00,  0.0000000E+00, -1.3570301E-02,  1.0003718E+03,  2.2132695E+04,3,
 -1.8120570E+02,  0.0000000E+00,  2.6710629E+02,3565,  1.2451267E+00,  0.0000000E+00, -2.1075865E-02,  1.0002426E+03,  1.4432243E+04,3,
 -1.8041724E+02,  0.0000000E+00,  2.6606454E+02,3527,  1.1321028E+00,  0.0000000E+00, -2.5959462E-03,  1.0003038E+03,  1.8078125E+04,3,
 -1.7883879E+02,  0.0000000E+00,  2.6601648E+02,3519,  1.0963851E+00,  0.0000000E+00, -8.0792740E-02,  1.0003428E+03,  2.0401574E+04,3,
 -1.7852394E+02,  0.0000000E+00,  2.6711255E+02,3567,  1.3426023E+00,  0.0000000E+00, -5.7713773E-02,  1.0002386E+03,  1.4196016E+04,3,
 -1.7733043E+02,  0.0000000E+00,  2.6589044E+02,3528,  1.1113232E+00,  0.0000000E+00, -3.1279996E-02,  1.0002137E+03,  1.2713364E+04,3,
 -1.7628746E+02,  0.0000000E+00,  2.6691632E+02,3557,  1.3148131E+00,  0.0000000E+00, -3.7424427E-02,  1.0002332E+03,  1.3872575E+04,3,
 -1.7524457E+02,  0.0000000E+00,  2.6654214E+02,3535,  1.2998024E+00,  0.0000000E+00,  7.1402448E-03,  1.0002368E+03,  1.4090624E+04,3,
 -1.7357623E+02,  0.0000000E+00,  2.6676376E+02,3556,  1.1809078E+00,  0.0000000E+00,  5.9967525E-02,  1.0002749E+03,  1.6358614E+04,3,
 -1.7236606E+02,  0.0000000E+00,  2.6674237E+02,3536,  1.0891594E+00,  0.0000000E+00,  3.0422912E-04,  1.0002532E+03,  1.5064634E+04,3,
 -1.7136961E+02,  0.0000000E+00,  2.6613501E+02,3517,  1.1317112E+00,  0.0000000E+00, -8.0174513E-02,  1.0002059E+03,  1.2251897E+04,3,
 -1.7023001E+02,  0.0000000E+00,  2.6709836E+02,3558,  1.2122750E+00,  0.0000000E+00, -3.8399618E-02,  1.0002557E+03,  1.5213650E+04,3,
 -1.6939462E+02,  0.0000000E+00,  2.6598517E+02,3537,  1.2313399E+00,  0.0000000E+00, -2.2176851E-02,  1.0002746E+03,  1.6340439E+04,3,
 -1.6800198E+02,  0.0000000E+00,  2.6604330E+02,3500,  1.1437635E+00,  0.0000000E+00,  8.1503652E-02,  1.0002938E+03,  1.7481896E+04,3,
 -1.6736041E+02,  0.0000000E+00,  2.6700766E+02,3546,  1.1486779E+00,  0.0000000E+00,  2.3577269E-02,  1.0002451E+03,  1.4584886E+04,3,
 -1.6635670E+02,  0.0000000E+00,  2.6614862E+02,3434,  1.0859298E+00,  0.0000000E+00, -1.1470318E-02,  1.0002651E+03,  1.5773395E+04,3,
 -1.6456700E+02,  0.0000000E+00,  2.6696695E+02,3548,  1.2802480E+00,  0.0000000E+00, -5.1792422E-03,  1.0002573E+03,  1.5308150E+04,3,
 -1.6449384E+02,  0.0000000E+00,  2.6597440E+02,3435,  1.2078857E+00,  0.0000000E+00, -2.4804452E-02,  1.0002501E+03,  1.4882908E+04,3,
 -1.6263260E+02,  0.0000000E+00,  2.6692685E+02,3549,  1.0955886E+00,  0.0000000E+00,  3.0765187E-02,  1.0002988E+03,  1.7780006E+04,3,
 -1.6146367E+02,  0.0000000E+00,  2.6670309E+02,3547,  1.1119390E+00,  0.0000000E+00,  1.9089737E-03,  1.0002976E+03,  1.7710932E+04,3,
 -1.6046539E+02,  0.0000000E+00,  2.6627991E+02,3538,  1.1736089E+00,  0.0000000E+00,  4.1433382E-03,  1.0002930E+03,  1.7434637E+04,3,
 -1.5929037E+02,  0.0000000E+00,  2.6617126E+02,3425,  1.1693615E+00,  0.0000000E+00,  2.4212467E-02,  1.0002564E+03,  1.5257266E+04,3,
 -1.5823927E+02,  0.0000000E+00,  2.6621698E+02,3398,  1.1748621E+00,  0.0000000E+00,  1.7066000E-02,  1.0002637E+03,  1.5689794E+04,3,
 -1.5711409E+02,  0.0000000E+00,  2.6699332E+02,3539,  1.1511778E+00,  0.0000000E+00,  1.0275086E-02,  1.0002518E+03,  1.4984674E+04,3,
 -1.5604451E+02,  0.0000000E+00,  2.6602563E+02,3426,  1.2106498E+00,  0.0000000E+00, -3.3534230E-03,  1.0002794E+03,  1.6627609E+04,3,
 -1.5469333E+02,  0.0000000E+00,  2.6707355E+02,3540,  1.0974168E+00,  0.0000000E+00, -1.3257667E-02,  1.0002709E+03,  1.6122341E+04,3,
 -1.5401833E+02,  0.0000000E+00,  2.6595618E+02,3408,  1.1381551E+00,  0.0000000E+00, -1.5774235E-02,  1.0002842E+03,  1.6914787E+04,3,
 -1.5261600E+02,  0.0000000E+00,  2.6695309E+02,3530,  1.2465242E+00,  0.0000000E+00, -1.7483173E-02,  1.0002639E+03,  1.5704333E+04,3,
 -1.5160545E+02,  0.0000000E+00,  2.6602341E+02,3462,  1.1555022E+00,  0.0000000E+00,  6.0101817E-03,  1.0002856E+03,  1.6998398E+04,3,
 -1.5036681E+02,  0.0000000E+00,  2.6675793E+02,3529,  1.1962966E+00,  0.0000000E+00,  8.5421670E-03,  1.0002644E+03,  1.5733411E+04,3,
 -1.4907455E+02,  0.0000000E+00,  2.6601517E+02,3443,  1.0964650E+00,  0.0000000E+00, -9.8273577E-03,  1.0002844E+03,  1.6922057E+04,3,
 -1.4825420E+02,  0.0000000E+00,  2.6693594E+02,3531,  1.1812450E+00,  0.0000000E+00,  1.1840355E-02,  1.0002548E+03,  1.5162767E+04,3,
 -1.4716100E+02,  0.0000000E+00,  2.6599844E+02,3453,  1.1448396E+00,  0.0000000E+00,  3.1701818E-02,  1.0003186E+03,  1.8961627E+04,3,
 -1.4579686E+02,  0.0000000E+00,  2.6697473E+02,3521,  1.1380275E+00,  0.0000000E+00, -2.9486655E-03,  1.0002637E+03,  1.5689794E+04,3,
 -1.4502583E+02,  0.0000000E+00,  2.6602042E+02,3454,  1.1937537E+00,  0.0000000E+00, -1.4827684E-02,  1.0002766E+03,  1.6456760E+04,3,
 -1.4342371E+02,  0.0000000E+00,  2.6697018E+02,3520,  1.1931411E+00,  0.0000000E+00, -8.6729564E-03,  1.0002512E+03,  1.4948329E+04,3,
 -1.4274638E+02,  0.0000000E+00,  2.6609671E+02,3463,  1.1810832E+00,  0.0000000E+00,  1.9669973E-03,  1.0003027E+03,  1.8016320E+04,3,
 -1.4118715E+02,  0.0000000E+00,  2.6586658E+02,3481,  1.1104196E+00,  0.0000000E+00, -7.0918746E-02,  1.0003232E+03,  1.9234328E+04,3,
 -1.4063887E+02,  0.0000000E+00,  2.6694495E+02,3490,  1.1469936E+00,  0.0000000E+00, -7.3293053E-02,  1.0002452E+03,  1.4588520E+04,3,
 -1.3938878E+02,  0.0000000E+00,  2.6596741E+02,3482,  1.0689342E+00,  0.0000000E+00, -1.2947494E-01,  1.0002910E+03,  1.7314670E+04,3,
 -1.3822816E+02,  0.0000000E+00,  2.6572934E+02,3474,  1.2219045E+00,  0.0000000E+00, -5.0930377E-02,  1.0003131E+03,  1.8634395E+04,3,
 -1.3762543E+02,  0.0000000E+00,  2.6702975E+02,3522,  1.2445167E+00,  0.0000000E+00, -5.5632446E-02,  1.0002332E+03,  1.3876210E+04,3,
 -1.3637315E+02,  0.0000000E+00,  2.6653650E+02,3491,  1.2126912E+00,  0.0000000E+00, -7.1340920E-03,  1.0001808E+03,  1.0758637E+04,3,
 -1.3434068E+02,  0.0000000E+00,  2.6647083E+02,3512,  1.4704401E+00,  0.0000000E+00, -5.8683604E-02,  1.0001682E+03,  1.0003009E+04,3,
 -1.3291504E+02,  0.0000000E+00,  2.6635303E+02,3511,  1.3156310E+00,  0.0000000E+00, -6.0836125E-02,  1.0002534E+03,  1.5079172E+04,3,
 -1.3198230E+02,  0.0000000E+00,  2.6679382E+02,3513,  1.2773521E+00,  0.0000000E+00, -7.0967913E-02,  1.0002679E+03,  1.5940597E+04,3,
 -1.3077054E+02,  0.0000000E+00,  2.6652179E+02,3501,  1.4379300E+00,  0.0000000E+00, -5.9837170E-02,  1.0002848E+03,  1.6947504E+04,3,
 -1.2962367E+02,  0.0000000E+00,  2.6588000E+02,3472,  1.3639554E+00,  0.0000000E+00, -3.0892927E-02,  1.0002807E+03,  1.6703947E+04,3,
 -1.2840727E+02,  0.0000000E+00,  2.6682901E+02,3503,  1.4026147E+00,  0.0000000E+00, -1.9357549E-02,  1.0002531E+03,  1.5060999E+04,3,
 -1.2749768E+02,  0.0000000E+00,  2.6589264E+02,3427,  1.3220227E+00,  0.0000000E+00, -1.8435048E-02,  1.0002504E+03,  1.4897446E+04,3,
 -1.2631541E+02,  0.0000000E+00,  2.6600208E+02,3380,  1.3092105E+00,  0.0000000E+00, -6.0134817E-02,  1.0002889E+03,  1.7194703E+04,3,
 -1.2521838E+02,  0.0000000E+00,  2.6690247E+02,3502,  1.3449755E+00,  0.0000000E+00, -5.9873719E-02,  1.0002684E+03,  1.5973311E+04,3,
 -1.2429021E+02,  0.0000000E+00,  2.6592728E+02,3473,  1.3808796E+00,  0.0000000E+00, -7.3419929E-02,  1.0002916E+03,  1.7354658E+04,3,
 -1.2348038E+02,  0.0000000E+00,  2.6569556E+02,3464,  1.4407591E+00,  0.0000000E+00, -3.9772201E-02,  1.0001879E+03,  1.1176437E+04,3,
 -1.2229495E+02,  0.0000000E+00,  2.6677634E+02,3504,  1.3411380E+00,  0.0000000E+00,  3.1907555E-02,  1.0002742E+03,  1.6314994E+04,3,
 -1.2103848E+02,  0.0000000E+00,  2.6651965E+02,3492,  1.3083532E+00,  0.0000000E+00,  6.0104854E-02,  1.0002908E+03,  1.7303764E+04,3,
 -1.1980216E+02,  0.0000000E+00,  2.6633759E+02,3483,  1.2658775E+00,  0.0000000E+00,  4.7911204E-02,  1.0002758E+03,  1.6409504E+04,3,
 -1.1854607E+02,  0.0000000E+00,  2.6656052E+02,3494,  1.3799142E+00,  0.0000000E+00,  4.2036191E-02,  1.0002546E+03,  1.5151862E+04,3,
 -1.1686591E+02,  0.0000000E+00,  2.6575607E+02,3446,  1.3091927E+00,  0.0000000E+00,  2.8707448E-02,  1.0002563E+03,  1.5249997E+04,3,
 -1.1663754E+02,  0.0000000E+00,  2.6668027E+02,3495,  1.3455423E+00,  0.0000000E+00,  2.8225034E-02,  1.0002432E+03,  1.4472221E+04,3,
 -1.1500030E+02,  0.0000000E+00,  2.6645966E+02,3493,  1.2805452E+00,  0.0000000E+00, -7.1292906E-03,  1.0002580E+03,  1.5351767E+04,3,
 -1.1412836E+02,  0.0000000E+00,  2.6595483E+02,3299,  1.2842364E+00,  0.0000000E+00, -4.4533391E-02,  1.0002773E+03,  1.6504016E+04,3,
 -1.1264969E+02,  0.0000000E+00,  2.6569016E+02,3401,  1.3678533E+00,  0.0000000E+00, -2.0646676E-02,  1.0002936E+03,  1.7470990E+04,3,
 -1.1227843E+02,  0.0000000E+00,  2.6678552E+02,3485,  1.2656552E+00,  0.0000000E+00, -7.7340882E-03,  1.0002645E+03,  1.5737046E+04,3,
 -1.1062781E+02,  0.0000000E+00,  2.6655005E+02,3484,  1.3503996E+00,  0.0000000E+00,  6.6554081E-03,  1.0002651E+03,  1.5773395E+04,3,
 -1.1010158E+02,  0.0000000E+00,  2.6568491E+02,3465,  1.2300298E+00,  0.0000000E+00,  3.0548338E-02,  1.0002883E+03,  1.7158350E+04,3,
 -1.0806190E+02,  0.0000000E+00,  2.6690948E+02,3486,  1.3922954E+00,  0.0000000E+00, -2.4220398E-02,  1.0002567E+03,  1.5271805E+04,3,
 -1.0798991E+02,  0.0000000E+00,  2.6579736E+02,3447,  1.2771184E+00,  0.0000000E+00, -5.1631298E-02,  1.0002693E+03,  1.6027833E+04,3,
 -1.0673341E+02,  0.0000000E+00,  2.6559964E+02,3456,  1.3436003E+00,  0.0000000E+00, -4.7521103E-02,  1.0001763E+03,  1.0486168E+04,3,
 -1.0556658E+02,  0.0000000E+00,  2.6675214E+02,3476,  1.3329308E+00,  0.0000000E+00,  3.1291109E-02,  1.0002748E+03,  1.6354979E+04,3,
 -1.0423910E+02,  0.0000000E+00,  2.6655600E+02,3475,  1.3221136E+00,  0.0000000E+00,  8.6984709E-02,  1.0002700E+03,  1.6067817E+04,3,
 -1.0289608E+02,  0.0000000E+00,  2.6615454E+02,3455,  1.2278904E+00,  0.0000000E+00,  8.6924136E-02,  1.0002432E+03,  1.4468587E+04,3,
 -1.0177091E+02,  0.0000000E+00,  2.6603882E+02,3363,  1.1947957E+00,  0.0000000E+00,  1.4356592E-02,  1.0002424E+03,  1.4424975E+04,3,
 -1.0079451E+02,  0.0000000E+00,  2.6603168E+02,3372,  1.1977218E+00,  0.0000000E+00, -4.1806132E-02,  1.0002331E+03,  1.3868941E+04,3,
 -9.9575310E+01,  0.0000000E+00,  2.6683426E+02,3477,  1.2637455E+00,  0.0000000E+00, -8.7563023E-03,  1.0002612E+03,  1.5540770E+04,3,
 -9.8834335E+01,  0.0000000E+00,  2.6567764E+02,3382,  1.3051026E+00,  0.0000000E+00, -4.2612874E-03,  1.0001584E+03,  9.4217959E+03,3,
 -9.7435562E+01,  0.0000000E+00,  2.6661328E+02,3467,  1.2039429E+00,  0.0000000E+00,  4.6127956E-02,  1.0003063E+03,  1.8230824E+04,3,
 -9.6057571E+01,  0.0000000E+00,  2.6652383E+02,3466,  1.1785696E+00,  0.0000000E+00,  1.0463253E-02,  1.0002629E+03,  1.5642542E+04,3,
 -9.5456345E+01,  0.0000000E+00,  2.6582919E+02,3353,  1.1143377E+00,  0.0000000E+00, -1.9056572E-02,  1.0002311E+03,  1.3749017E+04,3,
 -9.3938736E+01,  0.0000000E+00,  2.6582886E+02,3418,  1.3709508E+00,  0.0000000E+00,  1.0047832E-02,  1.0001658E+03,  9.8649678E+03,3,
 -9.2781380E+01,  0.0000000E+00,  2.6682553E+02,3468,  1.2442007E+00,  0.0000000E+00,  1.3852253E-02,  1.0002662E+03,  1.5842456E+04,3,
 -9.1761528E+01,  0.0000000E+00,  2.6583627E+02,3344,  1.1097479E+00,  0.0000000E+00, -3.5751577E-02,  1.0002603E+03,  1.5489884E+04,3,
 -9.0482048E+01,  0.0000000E+00,  2.6686865E+02,3458,  1.2093940E+00,  0.0000000E+00, -2.5553171E-02,  1.0002640E+03,  1.5707968E+04,3,
 -8.9696899E+01,  0.0000000E+00,  2.6586444E+02,3326,  1.1566463E+00,  0.0000000E+00, -4.0856566E-02,  1.0001005E+03,  5.9751758E+03,3,
 -8.8374947E+01,  0.0000000E+00,  2.6577310E+02,3400,  1.3218116E+00,  0.0000000E+00,  7.2819844E-02,  1.0001558E+03,  9.2692324E+03,3,
 -8.6627426E+01,  0.0000000E+00,  2.6680038E+02,3457,  1.2717488E+00,  0.0000000E+00, -5.5471167E-02,  1.0002706E+03,  1.6104167E+04,3,
 -8.7115189E+01,  0.0000000E+00,  2.6595889E+02,3410,  1.1012684E+00,  0.0000000E+00, -1.1826389E-02,  1.0003471E+03,  2.0659768E+04,3,
 -8.5301605E+01,  0.0000000E+00,  2.6556842E+02,3347,  1.1911261E+00,  0.0000000E+00, -1.6589047E-01,  1.0002635E+03,  1.5682524E+04,3,
 -8.3832367E+01,  0.0000000E+00,  2.6639761E+02,3428,  1.3427694E+00,  0.0000000E+00, -3.0890094E-02,  1.0002979E+03,  1.7725475E+04,3,
 -8.2609879E+01,  0.0000000E+00,  2.6649915E+02,3459,  1.2187495E+00,  0.0000000E+00,  1.1429353E-02,  1.0003129E+03,  1.8619852E+04,3,
 -8.1151772E+01,  0.0000000E+00,  2.6630844E+02,3448,  1.1968950E+00,  0.0000000E+00, -3.6246397E-02,  1.0002462E+03,  1.4646670E+04,3,
 -8.0830849E+01,  0.0000000E+00,  2.6535513E+02,3300,  1.0603856E+00,  0.0000000E+00, -8.4215321E-02,  1.0004642E+03,  2.7637195E+04,3,
 -7.8978851E+01,  0.0000000E+00,  2.6643634E+02,3449,  1.3688537E+00,  0.0000000E+00, -2.8211636E-02,  1.0002355E+03,  1.4014307E+04,3,
 -7.1736740E+01,  0.0000000E+00,  2.6498593E+02,3209,  1.2816768E+00,  0.0000000E+00,  1.4271519E-01,  1.0006572E+03,  3.9154473E+04,3,
 -7.7776855E+01,  0.0000000E+00,  2.6611288E+02,3409,  1.2181116E+00,  0.0000000E+00,  7.4985661E-03,  1.0002859E+03,  1.7012939E+04,3,
 -7.5982513E+01,  0.0000000E+00,  2.6687408E+02,3450,  1.3314242E+00,  0.0000000E+00, -2.5219189E-02,  1.0002558E+03,  1.5220920E+04,3,
 -7.5756577E+01,  0.0000000E+00,  2.6591205E+02,3383,  1.0510142E+00,  0.0000000E+00, -5.8826063E-02,  1.0002365E+03,  1.4072453E+04,3,
 -7.4552299E+01,  0.0000000E+00,  2.6547833E+02,3402,  1.4255128E+00,  0.0000000E+00, -7.9309136E-02,  1.0000509E+03,  3.0270691E+03,3,
 -7.3424767E+01,  0.0000000E+00,  2.6619748E+02,3438,  1.2880503E+00,  0.0000000E+00,  3.2019977E-02,  1.0002368E+03,  1.4090624E+04,3,
 -7.2008446E+01,  0.0000000E+00,  2.6614493E+02,3440,  1.1659249E+00,  0.0000000E+00,  3.3859640E-02,  1.0002406E+03,  1.4315946E+04,3,
 -6.9636543E+01,  0.0000000E+00,  2.6613446E+02,3439,  1.4028357E+00,  0.0000000E+00, -4.1573044E-02,  1.0003100E+03,  1.8448969E+04,3,
 -6.8678490E+01,  0.0000000E+00,  2.6618716E+02,3429,  1.4133983E+00,  0.0000000E+00, -1.1555519E-02,  1.0002986E+03,  1.7769100E+04,3,
 -6.7713974E+01,  0.0000000E+00,  2.6594211E+02,3419,  1.4209766E+00,  0.0000000E+00,  1.8586481E-02,  1.0003081E+03,  1.8336260E+04,3,
 -6.6628601E+01,  0.0000000E+00,  2.6588776E+02,3346,  1.4080487E+00,  0.0000000E+00,  2.1368077E-02,  1.0002337E+03,  1.3905282E+04,3,
 -6.5428497E+01,  0.0000000E+00,  2.6547260E+02,3392,  1.4058994E+00,  0.0000000E+00, -9.1922320E-02,  9.9994775E+02, -3.1059585E+03,3,
 -6.4514549E+01,  0.0000000E+00,  2.6652066E+02,3441,  1.3109915E+00,  0.0000000E+00,  1.1413052E-03,  1.0002482E+03,  1.4770240E+04,3,
 -6.3215061E+01,  0.0000000E+00,  2.6632050E+02,3431,  1.2566786E+00,  0.0000000E+00, -1.0427265E-02,  1.0001899E+03,  1.1296330E+04,3,
 -6.1852852E+01,  0.0000000E+00,  2.6612634E+02,3430,  1.3867528E+00,  0.0000000E+00,  5.1244669E-02,  1.0001393E+03,  8.2885283E+03,3,
 -6.0587360E+01,  0.0000000E+00,  2.6599146E+02,3420,  1.4970785E+00,  0.0000000E+00,  1.5006582E-01,  1.0001699E+03,  1.0104725E+04,3,
 -5.9185184E+01,  0.0000000E+00,  2.6571466E+02,3411,  1.1822801E+00,  0.0000000E+00,  1.7181671E-01,  1.0002734E+03,  1.6271374E+04,3,
 -5.8116028E+01,  0.0000000E+00,  2.6546542E+02,3356,  1.2436638E+00,  0.0000000E+00,  1.1679275E-01,  1.0000634E+03,  3.7676438E+03,3,
 -5.7299763E+01,  0.0000000E+00,  2.6648724E+02,3432,  1.3123221E+00,  0.0000000E+00,  1.0560046E-02,  1.0003135E+03,  1.8656209E+04,3,
 -5.5427856E+01,  0.0000000E+00,  2.6658173E+02,3422,  1.4304217E+00,  0.0000000E+00, -3.8952239E-02,  1.0004018E+03,  2.3918688E+04,3,
 -5.5215416E+01,  0.0000000E+00,  2.6528137E+02,3384,  1.2581438E+00,  0.0000000E+00, -2.2375041E-01,  9.9912683E+02, -5.1781031E+04,3,
 -5.4709129E+01,  0.0000000E+00,  2.6546216E+02,3365,  1.1876256E+00,  0.0000000E+00, -6.9908522E-02,  1.0005464E+03,  3.2543973E+04,3,
 -5.3242950E+01,  0.0000000E+00,  2.6616238E+02,3421,  1.0624754E+00,  0.0000000E+00, -9.2140418E-03,  1.0003439E+03,  2.0470668E+04,3,
 -5.1641773E+01,  0.0000000E+00,  2.6644727E+02,3423,  1.3428149E+00,  0.0000000E+00, -2.5986992E-02,  1.0002532E+03,  1.5064634E+04,3,
 -5.0731499E+01,  0.0000000E+00,  2.6533328E+02,3310,  1.2723938E+00,  0.0000000E+00,  7.4280210E-02,  1.0002773E+03,  1.6504016E+04,3,
 -4.9441147E+01,  0.0000000E+00,  2.6624408E+02,3413,  1.3112756E+00,  0.0000000E+00, -5.0626699E-02,  1.0002958E+03,  1.7601867E+04,3,
 -4.7935638E+01,  0.0000000E+00,  2.6602243E+02,3412,  9.8559237E-01,  0.0000000E+00, -2.4169344E-01,  1.0003042E+03,  1.8103574E+04,3,
 -4.6702293E+01,  0.0000000E+00,  2.6567542E+02,3345,  1.4660193E+00,  0.0000000E+00, -4.2112258E-01,  1.0003015E+03,  1.7943607E+04,3,
 -4.5591537E+01,  0.0000000E+00,  2.6559323E+02,3327,  2.0302103E+00,  0.0000000E+00,  4.9783543E-02,  1.0003014E+03,  1.7936336E+04,3,
 -4.4287373E+01,  0.0000000E+00,  2.6643042E+02,3393,  1.5544071E+00,  0.0000000E+00,  2.3980798E-01,  1.0002361E+03,  1.4047014E+04,3,
 -4.3047405E+01,  0.0000000E+00,  2.6583466E+02,3355,  1.0942533E+00,  0.0000000E+00,  3.4506565E-01,  1.0002811E+03,  1.6725758E+04,3,
 -4.1941154E+01,  0.0000000E+00,  2.6526755E+02,3375,  1.2694798E+00,  0.0000000E+00,  3.6499508E-02,  1.0002408E+03,  1.4326849E+04,3,
 -4.2060287E+01,  0.0000000E+00,  2.6509195E+02,3366,  1.4393262E+00,  0.0000000E+00,  3.6636252E-02,  9.9985907E+02, -8.3758770E+03,3,
 -4.0863136E+01,  0.0000000E+00,  2.6678757E+02,3414,  1.1180995E+00,  0.0000000E+00,  7.0994526E-02,  1.0004435E+03,  2.6407242E+04,3,
 -3.8923336E+01,  0.0000000E+00,  2.6665860E+02,3404,  1.2701321E+00,  0.0000000E+00, -9.9322610E-02,  1.0005970E+03,  3.5562770E+04,3,
 -3.7722588E+01,  0.0000000E+00,  2.6554465E+02,3254,  1.2100112E+00,  0.0000000E+00, -3.5619697E-01,  1.0011579E+03,  6.9085844E+04,3,
 -3.7524162E+01,  0.0000000E+00,  2.6521555E+02,3364,  1.3410035E+00,  0.0000000E+00,  8.1037372E-02,  9.9819885E+02, -1.0651559E+05,3,
 -3.5573860E+01,  0.0000000E+00,  2.6502463E+02,3064,  1.6560802E+00,  0.0000000E+00,  3.4502995E-01,  1.0005513E+03,  3.2835250E+04,3,
 -3.6153046E+01,  0.0000000E+00,  2.6640121E+02,3373,  1.3026541E+00,  0.0000000E+00, -7.5362623E-02,  1.0004641E+03,  2.7633557E+04,3,
 -3.3633713E+01,  0.0000000E+00,  2.6675128E+02,3403,  1.2538104E+00,  0.0000000E+00, -2.1797728E-02,  1.0004416E+03,  2.6290805E+04,3,
 -3.3435642E+01,  0.0000000E+00,  2.6557278E+02,3274,  1.5302520E+00,  0.0000000E+00,  1.6990148E-01,  1.0001646E+03,  9.7923145E+03,3,
 -3.3472260E+01,  0.0000000E+00,  2.6562711E+02,3328,  1.3621460E+00,  0.0000000E+00, -1.3412279E-01,  9.9973950E+02, -1.5476579E+04,3,
 -3.1246185E+01,  0.0000000E+00,  2.6723343E+02,3405,  1.9518293E+00,  0.0000000E+00,  8.2403533E-02,  1.0005395E+03,  3.2128914E+04,3,
 -3.0669750E+01,  0.0000000E+00,  2.6533466E+02,3155,  1.8062552E+00,  0.0000000E+00,  3.0451486E-01,  1.0012933E+03,  7.7194391E+04,3,
 -3.0680882E+01,  0.0000000E+00,  2.6596109E+02,3330,  7.4529010E-01,  0.0000000E+00,  5.4929686E-01,  9.9837445E+02, -9.6181758E+04,3,
 -2.9896305E+01,  0.0000000E+00,  2.6609048E+02,3182,  1.3854141E+00,  0.0000000E+00, -4.7119698E-01,  9.9996210E+02, -2.2533682E+03,3,
 -2.8144711E+01,  0.0000000E+00,  2.6660147E+02,3374,  1.6183726E+00,  0.0000000E+00, -1.3501577E-01,  1.0009752E+03,  5.8150828E+04,3,
 -2.7537407E+01,  0.0000000E+00,  2.6605038E+02,3055,  1.8902415E+00,  0.0000000E+00,  1.5272467E-01,  9.9929468E+02, -4.1848379E+04,3,
 -2.5676937E+01,  0.0000000E+00,  2.6621436E+02,3309,  1.2576501E+00,  0.0000000E+00, -2.9501438E-01,  1.0004059E+03,  2.4162422E+04,3,
 -2.5692074E+01,  0.0000000E+00,  2.6624344E+02,3245,  1.4763825E+00,  0.0000000E+00,  5.2151274E-02,  1.0001927E+03,  1.1463456E+04,3,
 -2.5693464E+01,  0.0000000E+00,  2.6624478E+02,3237,  1.6101422E+00,  0.0000000E+00, -7.3531128E-02,  9.9957501E+02, -2.5236707E+04,3,
 -2.3739548E+01,  0.0000000E+00,  2.6690738E+02,3395,  2.0435016E+00,  0.0000000E+00, -3.7027064E-01,  1.0003256E+03,  1.9379771E+04,3,
 -2.2697012E+01,  0.0000000E+00,  2.6596930E+02,3394,  1.6935722E+00,  0.0000000E+00,  1.8006822E-01,  1.0005806E+03,  3.4583105E+04,3,
 -2.2079678E+01,  0.0000000E+00,  2.6615659E+02,3396,  1.5863311E+00,  0.0000000E+00, -5.4918565E-02,  9.9979584E+02, -1.2131656E+04,3,
 -1.9569506E+01,  0.0000000E+00,  2.6614410E+02,3046,  1.8941785E+00,  0.0000000E+00, -1.2957487E-01,  1.0004765E+03,  2.8372330E+04,3,
 -1.9561579E+01,  0.0000000E+00,  2.6614108E+02,3037,  1.8924109E+00,  0.0000000E+00, -2.2218058E-01,  1.0004460E+03,  2.6556430E+04,3,
 -1.8398335E+01,  0.0000000E+00,  2.6626074E+02,3236,  2.2475655E+00,  0.0000000E+00,  4.1399607E-01,  9.9938770E+02, -3.6339570E+04,3,
 -1.9262266E+01,  0.0000000E+00,  2.6733469E+02,3386,  1.1913023E+00,  0.0000000E+00, -2.0144667E-01,  1.0004167E+03,  2.4806346E+04,3,
 -1.6490744E+01,  0.0000000E+00,  2.6644174E+02,3338,  1.5426158E+00,  0.0000000E+00, -1.2165023E-01,  1.0017789E+03,  1.0633405E+05,3,
 -1.6297873E+01,  0.0000000E+00,  2.6649774E+02,3348,  1.7498144E+00,  0.0000000E+00,  1.0372562E-01,  9.9845813E+02, -9.1253453E+04,3,
 -1.4977237E+01,  0.0000000E+00,  2.6672128E+02,3173,  1.9895797E+00,  0.0000000E+00, -1.0331714E-01,  1.0004902E+03,  2.9191232E+04,3,
 -1.4875812E+01,  0.0000000E+00,  2.6660452E+02,3164,  1.7974550E+00,  0.0000000E+00,  2.9698536E-01,  1.0002753E+03,  1.6380425E+04,3,
 -1.4433313E+01,  0.0000000E+00,  2.6656763E+02,3028,  1.8089038E+00,  0.0000000E+00,  2.3786062E-01,  9.9998395E+02, -9.5438757E+02,3,
 -1.1262060E+01,  0.0000000E+00,  2.6619516E+02,3385,  1.8154993E+00,  0.0000000E+00, -1.7990260E-01,  1.0002034E+03,  1.2102924E+04,3,
 -1.2041563E+01,  0.0000000E+00,  2.6622952E+02,3387,  1.4620293E+00,  0.0000000E+00, -3.6732674E-01,  1.0011930E+03,  7.1187297E+04,3,
 -1.0151983E+01,  0.0000000E+00,  2.6663602E+02,3019,  1.8228343E+00,  0.0000000E+00,  5.5574471E-01,  9.9953790E+02, -2.7437287E+04,3,
 -9.1213713E+00,  0.0000000E+00,  2.6640872E+02,3119,  1.7339294E+00,  0.0000000E+00,  1.4551170E-02,  1.0004934E+03,  2.9380498E+04,3,
 -9.1725416E+00,  0.0000000E+00,  2.6705475E+02,3357,  1.4227931E+00,  0.0000000E+00,  1.0783555E-01,  1.0001343E+03,  7.9870718E+03,3,
 -7.8682575E+00,  0.0000000E+00,  2.6677347E+02,3376,  1.5521075E+00,  0.0000000E+00, -2.4421284E-02,  1.0001987E+03,  1.1819519E+04,3,
 -7.0583353E+00,  0.0000000E+00,  2.6649976E+02,3377,  1.6038342E+00,  0.0000000E+00, -2.2771414E-01,  1.0004001E+03,  2.3816830E+04,3,
 -6.0222793E+00,  0.0000000E+00,  2.6628479E+02,3378,  1.7688910E+00,  0.0000000E+00,  2.0106290E-01,  1.0005609E+03,  3.3406910E+04,3,
 -3.7127831E+00,  0.0000000E+00,  2.6662466E+02,3010,  1.6175476E+00,  0.0000000E+00,  5.0954830E-02,  1.0001644E+03,  9.7814170E+03,3,
 -3.2876315E+00,  0.0000000E+00,  2.6666272E+02,3282,  1.6499209E+00,  0.0000000E+00, -1.6042748E-01,  1.0003717E+03,  2.2125422E+04,3,
 -3.2688391E+00,  0.0000000E+00,  2.6657364E+02,3291,  1.6659648E+00,  0.0000000E+00, -8.2884356E-02,  1.0003560E+03,  2.1187088E+04,3,
 -2.1148620E+00,  0.0000000E+00,  2.6800961E+02,3368,  1.5491756E+00,  0.0000000E+00, -1.0538342E-02,  1.0004368E+03,  2.6003355E+04,3,
 -1.4533452E+00,  0.0000000E+00,  2.6671811E+02,3320,  1.6894225E+00,  0.0000000E+00,  8.3421029E-02,  9.9926068E+02, -4.3861000E+04,3,
 -3.5418211E-03,  0.0000000E+00,  2.6668137E+02,3283,  1.6607745E+00,  0.0000000E+00,  1.7212245E-01,  9.9988904E+02, -6.5953716E+03,3,
  7.2616845E-02,  0.0000000E+00,  2.6668732E+02,3255,  1.6873802E+00,  0.0000000E+00, -3.5661254E-03,  1.0009842E+03,  5.8691090E+04,3,
  1.1004133E+00,  0.0000000E+00,  2.6661453E+02,3001,  1.6955256E+00,  0.0000000E+00, -6.8140827E-02,  9.9974939E+02, -1.4889578E+04,3,
  2.5240767E+00,  0.0000000E+00,  2.6768408E+02,3367,  1.4734168E+00,  0.0000000E+00,  1.1326452E-01,  1.0008933E+03,  5.3256965E+04,3,
  3.6964576E+00,  0.0000000E+00,  2.6679706E+02,3110,  1.6688777E+00,  0.0000000E+00,  1.3038051E-01,  9.9923737E+02, -4.5241055E+04,3,
  3.6947744E+00,  0.0000000E+00,  2.6684122E+02,3101,  1.6511513E+00,  0.0000000E+00,  3.2960552E-01,  1.0000120E+03,  7.1131439E+02,3,
  4.7217412E+00,  0.0000000E+00,  2.6694574E+02,2992,  1.6163373E+00,  0.0000000E+00,  1.4344227E-01,  1.0003176E+03,  1.8903451E+04,3,
  5.2825999E+00,  0.0000000E+00,  2.6691995E+02,3358,  1.6134775E+00,  0.0000000E+00,  6.8559698E-03,  1.0000837E+03,  4.9766421E+03,3,
  6.9686337E+00,  0.0000000E+00,  2.6705252E+02,3369,  1.6236854E+00,  0.0000000E+00,  6.3837007E-02,  9.9999536E+02, -2.7580206E+02,3,
  8.2416677E+00,  0.0000000E+00,  2.6712436E+02,3339,  1.5981663E+00,  0.0000000E+00, -1.4575610E-01,  1.0000410E+03,  2.4390049E+03,3,
  9.5616465E+00,  0.0000000E+00,  2.6711969E+02,3201,  1.6598039E+00,  0.0000000E+00, -9.7558349E-02,  1.0004525E+03,  2.6938504E+04,3,
  1.0270302E+01,  0.0000000E+00,  2.6706567E+02,3329,  1.6940976E+00,  0.0000000E+00, -6.8323344E-02,  9.9988190E+02, -7.0196758E+03,3,
  1.0294149E+01,  0.0000000E+00,  2.6708105E+02,3273,  1.5391210E+00,  0.0000000E+00,  1.1743052E-01,  9.9961737E+02, -2.2724260E+04,3,
  1.0322608E+01,  0.0000000E+00,  2.6705075E+02,3146,  1.6412549E+00,  0.0000000E+00, -1.9089724E-01,  9.9983160E+02, -1.0007423E+04,3,
  1.3055671E+01,  0.0000000E+00,  2.6704837E+02,3359,  1.6079702E+00,  0.0000000E+00, -1.7560335E-01,  1.0001729E+03,  1.0286362E+04,3,
  1.4063615E+01,  0.0000000E+00,  2.6696790E+02,3349,  1.6591653E+00,  0.0000000E+00, -3.2767212E-01,  1.0000468E+03,  2.7838530E+03,3,
  1.5210531E+01,  0.0000000E+00,  2.6697049E+02,3264,  1.6901407E+00,  0.0000000E+00, -8.2584806E-02,  1.0001558E+03,  9.2656006E+03,3,
  1.5589829E+01,  0.0000000E+00,  2.6702933E+02,3266,  1.5917660E+00,  0.0000000E+00,  1.7893891E-01,  9.9954395E+02, -2.7079004E+04,3,
  1.5594903E+01,  0.0000000E+00,  2.6703021E+02,3321,  1.5814539E+00,  0.0000000E+00,  1.8722890E-01,  9.9957300E+02, -2.5356158E+04,3,
  1.7491915E+01,  0.0000000E+00,  2.6833820E+02,3360,  1.6256664E+00,  0.0000000E+00,  9.0654641E-02,  1.0009238E+03,  5.5077742E+04,3,
  1.8739660E+01,  0.0000000E+00,  2.6699750E+02,3083,  1.6469344E+00,  0.0000000E+00,  1.7790234E-01,  9.9965741E+02, -2.0348793E+04,3,
  1.8742496E+01,  0.0000000E+00,  2.6699246E+02,3128,  1.6387881E+00,  0.0000000E+00,  1.5521368E-01,  9.9966174E+02, -2.0091658E+04,3,
  1.9096458E+01,  0.0000000E+00,  2.6690811E+02,2983,  1.5822749E+00,  0.0000000E+00,  1.1115998E-03,  9.9998749E+02, -7.4392218E+02,3,
  1.9697977E+01,  0.0000000E+00,  2.6707300E+02,3350,  1.6323553E+00,  0.0000000E+00,  1.1462031E-01,  9.9998346E+02, -9.8341693E+02,3,
  2.3490511E+01,  0.0000000E+00,  2.6711096E+02,3351,  1.5694194E+00,  0.0000000E+00, -8.8882364E-02,  9.9993732E+02, -3.7263079E+03,3,
  2.3813148E+01,  0.0000000E+00,  2.6722964E+02,3340,  1.5503252E+00,  0.0000000E+00, -2.2376789E-01,  9.9999213E+02, -4.6813315E+02,3,
  2.4624311E+01,  0.0000000E+00,  2.6711926E+02,3219,  1.6250037E+00,  0.0000000E+00, -1.1036425E-01,  9.9980151E+02, -1.1794563E+04,3,
  2.5496771E+01,  0.0000000E+00,  2.6710907E+02,3257,  1.6053010E+00,  0.0000000E+00, -1.0187773E-01,  1.0001870E+03,  1.1121939E+04,3,
  2.5743835E+01,  0.0000000E+00,  2.6707800E+02,3265,  1.5845886E+00,  0.0000000E+00,  1.0611589E-01,  9.9989655E+02, -6.1492886E+03,3,
  2.6215973E+01,  0.0000000E+00,  2.6709268E+02,2974,  1.5779712E+00,  0.0000000E+00, -1.6569495E-01,  9.9988135E+02, -7.0523135E+03,3,
  2.8839577E+01,  0.0000000E+00,  2.6701782E+02,3341,  1.6438595E+00,  0.0000000E+00,  5.0995189E-01,  1.0000555E+03,  3.3029629E+03,3,
  3.0180828E+01,  0.0000000E+00,  2.6706870E+02,3156,  1.5766935E+00,  0.0000000E+00, -5.5214572E-01,  9.9967859E+02, -1.9092027E+04,3,
  3.0178133E+01,  0.0000000E+00,  2.6704562E+02,3074,  1.6199656E+00,  0.0000000E+00, -4.3994290E-01,  9.9969525E+02, -1.8103164E+04,3,
  3.0251558E+01,  0.0000000E+00,  2.6705389E+02,3238,  1.6094949E+00,  0.0000000E+00, -5.3826648E-01,  9.9956097E+02, -2.6069221E+04,3,
  3.2252285E+01,  0.0000000E+00,  2.6740729E+02,3256,  1.6842791E+00,  0.0000000E+00, -1.9761892E-01,  1.0010432E+03,  6.2221754E+04,3,
  3.2856030E+01,  0.0000000E+00,  2.6699185E+02,3292,  1.6044185E+00,  0.0000000E+00, -1.1502323E-01,  9.9954169E+02, -2.7212908E+04,3,
  3.3227623E+01,  0.0000000E+00,  2.6697546E+02,3293,  1.6591144E+00,  0.0000000E+00, -3.5086691E-03,  9.9974170E+02, -1.5346138E+04,3,
  3.4163837E+01,  0.0000000E+00,  2.6700931E+02,3331,  1.6798862E+00,  0.0000000E+00,  2.7106768E-01,  9.9986157E+02, -8.2272109E+03,3,
  3.5853485E+01,  0.0000000E+00,  2.6711462E+02,3342,  1.6207753E+00,  0.0000000E+00,  6.6316020E-01,  9.9978741E+02, -1.2631835E+04,3,
  3.7044491E+01,  0.0000000E+00,  2.6711319E+02,2965,  1.5874168E+00,  0.0000000E+00,  4.8085254E-01,  9.9958514E+02, -2.4635805E+04,3,
  3.7723335E+01,  0.0000000E+00,  2.6714453E+02,3147,  1.6360999E+00,  0.0000000E+00,  2.9900700E-01,  9.9994092E+02, -3.5122734E+03,3,
  3.8142311E+01,  0.0000000E+00,  2.6709708E+02,3301,  1.5914112E+00,  0.0000000E+00,  6.4802331E-01,  1.0010015E+03,  5.9724234E+04,3,
  3.9477322E+01,  0.0000000E+00,  2.6709363E+02,2956,  1.6285979E+00,  0.0000000E+00,  1.7112312E-01,  9.9935413E+02, -3.8328012E+04,3,
  4.0069481E+01,  0.0000000E+00,  2.6706384E+02,3322,  1.5731326E+00,  0.0000000E+00,  3.0760345E-01,  9.9980048E+02, -1.1856184E+04,3,
  4.0192844E+01,  0.0000000E+00,  2.6697321E+02,3332,  1.5572615E+00,  0.0000000E+00,  1.1969937E-02,  9.9985468E+02, -8.6369424E+03,3,
  4.3537041E+01,  0.0000000E+00,  2.6702045E+02,3333,  1.5930185E+00,  0.0000000E+00, -1.6627434E-01,  9.9991077E+02, -5.3042144E+03,3,
  4.4006638E+01,  0.0000000E+00,  2.6707788E+02,3311,  1.6244055E+00,  0.0000000E+00,  2.6742902E-01,  9.9986249E+02, -8.1728208E+03,3,
  4.4331081E+01,  0.0000000E+00,  2.6708182E+02,2947,  1.5997950E+00,  0.0000000E+00,  3.9112072E-02,  9.9989447E+02, -6.2725981E+03,3,
  4.5139305E+01,  0.0000000E+00,  2.6714508E+02,3228,  1.3937316E+00,  0.0000000E+00, -2.4712329E-01,  1.0004854E+03,  2.8900059E+04,3,
  4.6193871E+01,  0.0000000E+00,  2.6707056E+02,3294,  1.8546203E+00,  0.0000000E+00, -9.3238212E-02,  9.9912213E+02, -5.2059000E+04,3,
  4.7273312E+01,  0.0000000E+00,  2.6723349E+02,3285,  1.4380593E+00,  0.0000000E+00,  7.8682072E-02,  1.0005398E+03,  3.2147117E+04,3,
  4.8256130E+01,  0.0000000E+00,  2.6709921E+02,3220,  1.5999796E+00,  0.0000000E+00, -1.0269065E-01,  9.9979340E+02, -1.2276638E+04,3,
  4.9232193E+01,  0.0000000E+00,  2.6707245E+02,3312,  1.5869163E+00,  0.0000000E+00, -6.9651954E-02,  9.9994061E+02, -3.5304121E+03,3,
  4.9505444E+01,  0.0000000E+00,  2.6703314E+02,3323,  1.5838864E+00,  0.0000000E+00,  3.5443872E-02,  9.9994550E+02, -3.2401895E+03,3,
  4.9596661E+01,  0.0000000E+00,  2.6701639E+02,3324,  1.5857050E+00,  0.0000000E+00, -1.5552501E-01,  9.9995129E+02, -2.8955388E+03,3,
  6.3191910E+01,  0.0000000E+00,  2.6521939E+02,3284,  4.9836278E+00,  0.0000000E+00,  2.9177461E+00,  1.0005787E+03,  3.4466574E+04,3,
  6.3364407E+01,  0.0000000E+00,  2.6540720E+02,3314,  4.4249849E+00,  0.0000000E+00,  3.8804991E+00,  1.0004858E+03,  2.8929176E+04,3,
  5.8060825E+01,  0.0000000E+00,  2.6670535E+02,3313,  4.6252837E+00,  0.0000000E+00, -1.8183099E+00,  9.9995160E+02, -2.8773989E+03,3,
  5.8270378E+01,  0.0000000E+00,  2.6661588E+02,3302,  4.4999466E+00,  0.0000000E+00, -2.1105042E+00,  9.9984607E+02, -9.1481758E+03,3,
  5.8422569E+01,  0.0000000E+00,  2.6653275E+02,2938,  4.4839382E+00,  0.0000000E+00, -2.4076614E+00,  9.9976703E+02, -1.3842311E+04,3,
  5.8779057E+01,  0.0000000E+00,  2.6646066E+02,3192,  3.3377731E+00,  0.0000000E+00, -3.2125139E+00,  9.9523364E+02, -2.7937753E+05,3,
  5.9825031E+01,  0.0000000E+00,  2.6582605E+02,3202,  4.4117537E+00,  0.0000000E+00, -3.1672688E+00,  1.0023942E+03,  1.4337866E+05,3,
  6.1532543E+01,  0.0000000E+00,  2.6513763E+02,3248,  6.2628455E+00,  0.0000000E+00,  6.0433143E-01,  1.0058333E+03,  3.5296203E+05,3,
