TimeStep [s],Np,Nbound,Nfixed,Nmoving,Nfloat,Nfluid
181.002,1800,0,0,0,0,1800

Pos.x [m],Pos.y [m],Pos.z [m],Idp,Vel.x [m/s],Vel.y [m/s],Vel.z [m/s],Rhop [kg/m^3],Press [Pa],Type,
  3.0181250E+02,  0.0000000E+00,  2.5119734E+02,3004,  7.8248823E-01,  0.0000000E+00, -6.1262214E-01,  1.0009616E+03,  5.7340492E+04,3,
  3.0197385E+02,  0.0000000E+00,  2.5048071E+02,3062,  1.2860152E-01,  0.0000000E+00, -1.5518235E-01,  1.0016790E+03,  1.0033511E+05,3,
  3.0411661E+02,  0.0000000E+00,  2.5073938E+02,2867,  1.3376770E+00,  0.0000000E+00,  4.7945831E-02,  1.0013996E+03,  8.3567398E+04,3,
  3.0548660E+02,  0.0000000E+00,  2.5110036E+02,2939,  6.3772792E-01,  0.0000000E+00, -6.8827927E-02,  1.0008395E+03,  5.0039488E+04,3,
  3.0711603E+02,  0.0000000E+00,  2.5066837E+02,2704,  6.6984558E-01,  0.0000000E+00, -1.2825228E-02,  1.0016194E+03,  9.6757984E+04,3,
  3.0848859E+02,  0.0000000E+00,  2.5047786E+02,3008,  8.0883151E-01,  0.0000000E+00,  9.0162400E-03,  1.0021741E+03,  1.3011203E+05,3,
  3.0600949E+02,  0.0000000E+00,  2.5112648E+02,3058,  5.6845027E-01,  0.0000000E+00, -6.7909412E-02,  1.0007916E+03,  4.7176734E+04,3,
  3.0329672E+02,  0.0000000E+00,  2.5095955E+02,3069,  5.4718155E-01,  0.0000000E+00,  6.4938985E-02,  1.0010251E+03,  6.1137230E+04,3,
  3.0970667E+02,  0.0000000E+00,  2.5092398E+02,2995,  6.5104109E-01,  0.0000000E+00,  2.5022442E-02,  1.0012765E+03,  7.6188695E+04,3,
  3.1070731E+02,  0.0000000E+00,  2.5096066E+02,2958,  6.5196216E-01,  0.0000000E+00,  3.2146625E-02,  1.0010438E+03,  6.2254621E+04,3,
  3.1171896E+02,  0.0000000E+00,  2.5069678E+02,2695,  6.7986143E-01,  0.0000000E+00,  2.7804257E-02,  1.0013475E+03,  8.0442578E+04,3,
  3.1234506E+02,  0.0000000E+00,  2.5120300E+02,2831,  6.8358058E-01,  0.0000000E+00,  3.8225591E-02,  1.0007115E+03,  4.2397590E+04,3,
  3.1365826E+02,  0.0000000E+00,  2.5075034E+02,3061,  7.2273874E-01,  0.0000000E+00,  5.9760205E-04,  1.0016280E+03,  9.7271023E+04,3,
  3.1490387E+02,  0.0000000E+00,  2.5041052E+02,2999,  6.4012074E-01,  0.0000000E+00, -1.3084353E-02,  1.0024452E+03,  1.4645684E+05,3,
  3.1631744E+02,  0.0000000E+00,  2.5101318E+02,2804,  7.0682740E-01,  0.0000000E+00, -2.8573260E-02,  1.0009551E+03,  5.6949949E+04,3,
  3.1716650E+02,  0.0000000E+00,  2.5089615E+02,2996,  6.5039092E-01,  0.0000000E+00,  1.4232576E-02,  1.0009908E+03,  5.9085352E+04,3,
  3.1819772E+02,  0.0000000E+00,  2.5072183E+02,2941,  7.0708609E-01,  0.0000000E+00,  1.0913021E-02,  1.0011880E+03,  7.0891234E+04,3,
  3.1894604E+02,  0.0000000E+00,  2.5106068E+02,2931,  7.1704960E-01,  0.0000000E+00,  4.4518383E-03,  1.0007130E+03,  4.2485059E+04,3,
  3.1960718E+02,  0.0000000E+00,  2.5107108E+02,2950,  6.7424679E-01,  0.0000000E+00, -2.6453461E-02,  1.0007886E+03,  4.7001715E+04,3,
  3.2126498E+02,  0.0000000E+00,  2.5042474E+02,3009,  7.1456754E-01,  0.0000000E+00,  2.4343159E-03,  1.0025308E+03,  1.5162116E+05,3,
  3.2249734E+02,  0.0000000E+00,  2.5075134E+02,2910,  7.0472264E-01,  0.0000000E+00, -9.4207777E-03,  1.0019431E+03,  1.1620563E+05,3,
  3.2377115E+02,  0.0000000E+00,  2.5084976E+02,2937,  7.3205078E-01,  0.0000000E+00, -1.3203311E-02,  1.0015686E+03,  9.3705984E+04,3,
  3.2493289E+02,  0.0000000E+00,  2.5078690E+02,2963,  7.1571934E-01,  0.0000000E+00, -4.1950727E-03,  1.0015229E+03,  9.0962531E+04,3,
  3.2603470E+02,  0.0000000E+00,  2.5070392E+02,2981,  7.2877532E-01,  0.0000000E+00, -5.2142516E-03,  1.0015027E+03,  8.9754047E+04,3,
  3.2715976E+02,  0.0000000E+00,  2.5080324E+02,2960,  7.1114385E-01,  0.0000000E+00,  9.3960162E-04,  1.0012449E+03,  7.4298250E+04,3,
  3.2813358E+02,  0.0000000E+00,  2.5097101E+02,2849,  7.3616260E-01,  0.0000000E+00, -1.2229341E-03,  1.0009495E+03,  5.6617816E+04,3,
  3.2908881E+02,  0.0000000E+00,  2.5076245E+02,2952,  7.2258341E-01,  0.0000000E+00,  1.1570431E-04,  1.0012360E+03,  7.3764453E+04,3,
  3.3004865E+02,  0.0000000E+00,  2.5089189E+02,2814,  6.9089836E-01,  0.0000000E+00, -1.1248313E-03,  1.0010818E+03,  6.4533609E+04,3,
  3.3093695E+02,  0.0000000E+00,  2.5105812E+02,2596,  7.3587912E-01,  0.0000000E+00,  2.6553338E-02,  1.0010331E+03,  6.1615574E+04,3,
  3.3234241E+02,  0.0000000E+00,  2.5039929E+02,2919,  6.6550475E-01,  0.0000000E+00, -9.5189204E-03,  1.0024360E+03,  1.4590447E+05,3,
  3.3355469E+02,  0.0000000E+00,  2.5096146E+02,2953,  6.6112077E-01,  0.0000000E+00,  1.5780916E-02,  1.0014581E+03,  8.7077578E+04,3,
  3.3474081E+02,  0.0000000E+00,  2.5072295E+02,2942,  6.5530664E-01,  0.0000000E+00,  8.7023415E-03,  1.0015593E+03,  9.3149172E+04,3,
  3.3586295E+02,  0.0000000E+00,  2.5074379E+02,2915,  6.5778297E-01,  0.0000000E+00,  9.4143726E-04,  1.0013275E+03,  7.9242680E+04,3,
  3.3702921E+02,  0.0000000E+00,  2.5100179E+02,3016,  6.1773777E-01,  0.0000000E+00,  1.8101741E-02,  1.0007955E+03,  4.7413750E+04,3,
  3.3772787E+02,  0.0000000E+00,  2.5084958E+02,2979,  6.3652742E-01,  0.0000000E+00,  1.1279787E-02,  1.0009647E+03,  5.7522996E+04,3,
  3.3854608E+02,  0.0000000E+00,  2.5101053E+02,2850,  6.5512580E-01,  0.0000000E+00,  1.4423107E-02,  1.0007922E+03,  4.7216844E+04,3,
  3.3982150E+02,  0.0000000E+00,  2.5059373E+02,2832,  5.9707397E-01,  0.0000000E+00, -4.5771152E-03,  1.0015251E+03,  9.1094375E+04,3,
  3.4066238E+02,  0.0000000E+00,  2.5096590E+02,2723,  5.9324247E-01,  0.0000000E+00,  1.2059970E-02,  1.0010154E+03,  6.0556672E+04,3,
  3.4159235E+02,  0.0000000E+00,  2.5107425E+02,2569,  5.7980120E-01,  0.0000000E+00,  2.2548584E-02,  1.0009865E+03,  5.8829809E+04,3,
  3.4304129E+02,  0.0000000E+00,  2.5043958E+02,2856,  5.5739015E-01,  0.0000000E+00, -5.5396729E-03,  1.0023993E+03,  1.4368791E+05,3,
  3.4428821E+02,  0.0000000E+00,  2.5090350E+02,2784,  5.2655941E-01,  0.0000000E+00,  1.5165994E-02,  1.0016824E+03,  1.0054039E+05,3,
  3.4554694E+02,  0.0000000E+00,  2.5062259E+02,2883,  5.2610248E-01,  0.0000000E+00, -3.3350785E-05,  1.0019149E+03,  1.1451320E+05,3,
  3.4687607E+02,  0.0000000E+00,  2.5098813E+02,2918,  4.7960943E-01,  0.0000000E+00,  2.9932704E-02,  1.0012070E+03,  7.2028000E+04,3,
  3.4780109E+02,  0.0000000E+00,  2.5066769E+02,2909,  5.0486398E-01,  0.0000000E+00,  2.3812538E-03,  1.0015261E+03,  9.1152977E+04,3,
  3.4900778E+02,  0.0000000E+00,  2.5083942E+02,2542,  4.6649116E-01,  0.0000000E+00,  6.2522590E-03,  1.0011803E+03,  7.0427062E+04,3,
  3.5002600E+02,  0.0000000E+00,  2.5095059E+02,2924,  4.7841191E-01,  0.0000000E+00,  1.0627534E-03,  1.0009353E+03,  5.5767461E+04,3,
  3.5093259E+02,  0.0000000E+00,  2.5075621E+02,2879,  4.6819636E-01,  0.0000000E+00, -6.6758908E-04,  1.0012127E+03,  7.2367953E+04,3,
  3.5204395E+02,  0.0000000E+00,  2.5079716E+02,2908,  4.4956750E-01,  0.0000000E+00,  5.7784813E-03,  1.0011298E+03,  6.7405000E+04,3,
  3.5291321E+02,  0.0000000E+00,  2.5097499E+02,2787,  4.3924850E-01,  0.0000000E+00,  2.1311603E-02,  1.0009019E+03,  5.3767770E+04,3,
  3.5379099E+02,  0.0000000E+00,  2.5109401E+02,2881,  4.5152032E-01,  0.0000000E+00,  4.2205818E-02,  1.0008588E+03,  5.1195762E+04,3,
  3.5527444E+02,  0.0000000E+00,  2.5027812E+02,2811,  3.9015022E-01,  0.0000000E+00, -6.0291798E-03,  1.0027160E+03,  1.6280975E+05,3,
  3.5657700E+02,  0.0000000E+00,  2.5110332E+02,2846,  3.1742114E-01,  0.0000000E+00,  4.3206301E-02,  1.0009592E+03,  5.7198145E+04,3,
  3.5749271E+02,  0.0000000E+00,  2.5078036E+02,2872,  3.7348595E-01,  0.0000000E+00, -5.6308848E-03,  1.0012116E+03,  7.2302156E+04,3,
  3.5887622E+02,  0.0000000E+00,  2.5101048E+02,2851,  4.0227354E-01,  0.0000000E+00,  1.0230550E-02,  1.0006113E+03,  3.6411402E+04,3,
  3.5966296E+02,  0.0000000E+00,  2.5057195E+02,2497,  1.8816978E-01,  0.0000000E+00,  4.1055009E-02,  1.0012731E+03,  7.5987562E+04,3,
  3.6000751E+02,  0.0000000E+00,  2.5089832E+02,2845,  2.0832878E-01,  0.0000000E+00,  7.0682459E-02,  1.0010621E+03,  6.3353875E+04,3,
  3.8996133E+02,  0.0000000E+00,  2.5022043E+02,2712, -9.7124346E-02,  0.0000000E+00, -4.3786582E-02,  1.0024043E+03,  1.4398981E+05,3,
  3.9028329E+02,  0.0000000E+00,  2.5128256E+02,2825,  8.3814669E-01,  0.0000000E+00, -3.5354465E-01,  1.0007406E+03,  4.4132547E+04,3,
  3.9264935E+02,  0.0000000E+00,  2.5081065E+02,2746,  6.0660952E-01,  0.0000000E+00, -9.5193364E-02,  1.0011842E+03,  7.0660977E+04,3,
  3.9367065E+02,  0.0000000E+00,  2.5086253E+02,2434,  4.5408830E-01,  0.0000000E+00, -6.2590972E-02,  1.0011206E+03,  6.6853312E+04,3,
  3.9562839E+02,  0.0000000E+00,  2.5077867E+02,2643,  6.1930090E-01,  0.0000000E+00, -4.8300024E-02,  1.0013754E+03,  8.2114641E+04,3,
  3.9676715E+02,  0.0000000E+00,  2.5060393E+02,2425,  4.4426775E-01,  0.0000000E+00, -3.4800753E-02,  1.0015927E+03,  9.5153094E+04,3,
  3.9454501E+02,  0.0000000E+00,  2.5091267E+02,2543,  5.5507022E-01,  0.0000000E+00, -2.1575075E-02,  1.0010941E+03,  6.5267820E+04,3,
  3.9168558E+02,  0.0000000E+00,  2.5114214E+02,2761,  6.4745748E-01,  0.0000000E+00, -1.4551421E-01,  1.0006647E+03,  3.9602617E+04,3,
  3.9797281E+02,  0.0000000E+00,  2.5111960E+02,2917,  5.2340811E-01,  0.0000000E+00, -3.2425631E-02,  1.0006697E+03,  3.9897746E+04,3,
  3.9858731E+02,  0.0000000E+00,  2.5090842E+02,2861,  5.5945921E-01,  0.0000000E+00, -5.9322707E-02,  1.0008651E+03,  5.1571488E+04,3,
  3.9948907E+02,  0.0000000E+00,  2.5096614E+02,2651,  5.5322695E-01,  0.0000000E+00, -7.9013787E-02,  1.0008128E+03,  4.8445727E+04,3,
  4.0044144E+02,  0.0000000E+00,  2.5081963E+02,2818,  5.4843873E-01,  0.0000000E+00, -6.8822227E-02,  1.0011248E+03,  6.7101750E+04,3,
  4.0155984E+02,  0.0000000E+00,  2.5056717E+02,2708,  4.7214338E-01,  0.0000000E+00, -7.7832723E-03,  1.0015792E+03,  9.4343422E+04,3,
  4.0258392E+02,  0.0000000E+00,  2.5104526E+02,2864,  5.2037305E-01,  0.0000000E+00,  4.3190368E-02,  1.0007717E+03,  4.5991762E+04,3,
  4.0345575E+02,  0.0000000E+00,  2.5092175E+02,2773,  5.4947597E-01,  0.0000000E+00,  5.0749294E-02,  1.0008616E+03,  5.1363562E+04,3,
  4.0418829E+02,  0.0000000E+00,  2.5100687E+02,2800,  6.3885528E-01,  0.0000000E+00,  4.3837901E-02,  1.0007618E+03,  4.5397504E+04,3,
  4.0529590E+02,  0.0000000E+00,  2.5072015E+02,2728,  6.0289490E-01,  0.0000000E+00, -3.8209997E-02,  1.0012806E+03,  7.6433711E+04,3,
  4.0612195E+02,  0.0000000E+00,  2.5096707E+02,2662,  5.7866913E-01,  0.0000000E+00, -1.2135403E-01,  1.0010697E+03,  6.3806762E+04,3,
  4.0716782E+02,  0.0000000E+00,  2.5079822E+02,2552,  4.4223648E-01,  0.0000000E+00, -1.1158606E-01,  1.0014597E+03,  8.7172758E+04,3,
  4.0874112E+02,  0.0000000E+00,  2.5035753E+02,2748,  9.1603911E-01,  0.0000000E+00, -2.3482619E-03,  1.0019381E+03,  1.1590824E+05,3,
  4.0998727E+02,  0.0000000E+00,  2.5080115E+02,2756,  5.1281279E-01,  0.0000000E+00,  2.0518565E-01,  1.0010441E+03,  6.2272879E+04,3,
  4.0996451E+02,  0.0000000E+00,  2.5131351E+02,2724,  1.2759183E-01,  0.0000000E+00,  1.7405087E-01,  1.0006550E+03,  3.9019668E+04,3,
  6.6073193E+02,  0.0000000E+00,  2.5060225E+02,2391,  4.5063677E-01,  0.0000000E+00,  3.9718393E-02,  1.0012347E+03,  7.3687680E+04,3,
  6.6067822E+02,  0.0000000E+00,  2.5071645E+02,2446,  5.2523243E-01,  0.0000000E+00,  4.3957066E-03,  1.0011414E+03,  6.8099227E+04,3,
  6.6010638E+02,  0.0000000E+00,  2.5135278E+02,2474,  6.7128962E-01,  0.0000000E+00, -3.3719513E-01,  1.0007328E+03,  4.3665973E+04,3,
  6.6269556E+02,  0.0000000E+00,  2.5114256E+02,2373,  1.0157096E+00,  0.0000000E+00,  1.1896327E-01,  1.0006094E+03,  3.6302133E+04,3,
  6.6336224E+02,  0.0000000E+00,  2.5128603E+02,2430,  8.5006678E-01,  0.0000000E+00,  2.4448218E-02,  1.0004849E+03,  2.8874582E+04,3,
  6.6421765E+02,  0.0000000E+00,  2.5063429E+02,2439,  7.2272819E-01,  0.0000000E+00, -4.1463159E-02,  1.0012394E+03,  7.3969195E+04,3,
  6.6625751E+02,  0.0000000E+00,  2.5063768E+02,2449,  9.7520751E-01,  0.0000000E+00, -3.3416890E-02,  1.0013283E+03,  7.9293891E+04,3,
  6.6799603E+02,  0.0000000E+00,  2.5081543E+02,2374,  8.0860317E-01,  0.0000000E+00,  3.4104738E-02,  1.0011164E+03,  6.6601219E+04,3,
  6.6481989E+02,  0.0000000E+00,  2.5123166E+02,2405,  5.9496367E-01,  0.0000000E+00, -1.8143688E-01,  1.0005299E+03,  3.1557326E+04,3,
  6.6690314E+02,  0.0000000E+00,  2.5137204E+02,2337,  6.9788176E-01,  0.0000000E+00, -1.3847457E-01,  1.0005273E+03,  3.1400783E+04,3,
  6.6902863E+02,  0.0000000E+00,  2.5082736E+02,2378,  8.0807257E-01,  0.0000000E+00,  1.0672569E-01,  1.0011851E+03,  7.0712148E+04,3,
  6.7025348E+02,  0.0000000E+00,  2.5071826E+02,2410,  8.5241354E-01,  0.0000000E+00,  9.5526502E-02,  1.0012630E+03,  7.5380547E+04,3,
  6.7118219E+02,  0.0000000E+00,  2.5125793E+02,2356,  9.1475981E-01,  0.0000000E+00,  3.5606064E-02,  1.0006716E+03,  4.0014344E+04,3,
  6.7224121E+02,  0.0000000E+00,  2.5074388E+02,2477,  8.5840571E-01,  0.0000000E+00, -4.3122031E-02,  1.0011958E+03,  7.1355430E+04,3,
  6.7322815E+02,  0.0000000E+00,  2.5128847E+02,2442,  8.4059459E-01,  0.0000000E+00, -1.3466229E-01,  1.0008024E+03,  4.7825797E+04,3,
  6.7421954E+02,  0.0000000E+00,  2.5062666E+02,2487,  8.3986002E-01,  0.0000000E+00, -2.0732528E-02,  1.0015760E+03,  9.4152914E+04,3,
  6.7547217E+02,  0.0000000E+00,  2.5099899E+02,2422,  8.4619558E-01,  0.0000000E+00,  6.9099203E-02,  1.0011293E+03,  6.7375773E+04,3,
  6.7647437E+02,  0.0000000E+00,  2.5068018E+02,2310,  8.8437879E-01,  0.0000000E+00,  6.9853768E-02,  1.0013690E+03,  8.1734102E+04,3,
  6.7803522E+02,  0.0000000E+00,  2.5086122E+02,2292,  9.2017829E-01,  0.0000000E+00,  2.3391696E-02,  1.0008068E+03,  4.8084703E+04,3,
  6.7858014E+02,  0.0000000E+00,  2.5120920E+02,2365,  9.1385174E-01,  0.0000000E+00,  1.5568817E-03,  1.0003821E+03,  2.2743752E+04,3,
  6.8019122E+02,  0.0000000E+00,  2.5066780E+02,2441,  8.7323457E-01,  0.0000000E+00, -2.5207903E-02,  1.0014304E+03,  8.5412008E+04,3,
  6.8145831E+02,  0.0000000E+00,  2.5069502E+02,2334,  9.1045040E-01,  0.0000000E+00, -4.8481287E-03,  1.0016254E+03,  9.7113445E+04,3,
  6.8267078E+02,  0.0000000E+00,  2.5072404E+02,2318,  9.0855253E-01,  0.0000000E+00,  9.3885344E-03,  1.0014843E+03,  8.8648219E+04,3,
  6.8392224E+02,  0.0000000E+00,  2.5114998E+02,2421,  9.0993237E-01,  0.0000000E+00,  1.1238570E-02,  1.0006734E+03,  4.0120008E+04,3,
  6.8473621E+02,  0.0000000E+00,  2.5105652E+02,2346,  9.2420453E-01,  0.0000000E+00,  3.8210019E-03,  1.0007238E+03,  4.3130172E+04,3,
  6.8554895E+02,  0.0000000E+00,  2.5074770E+02,2385,  9.0750575E-01,  0.0000000E+00,  7.3826159E-03,  1.0011221E+03,  6.6940992E+04,3,
  6.8672937E+02,  0.0000000E+00,  2.5082391E+02,2228,  9.1945475E-01,  0.0000000E+00,  8.3882151E-05,  1.0010391E+03,  6.1973434E+04,3,
  6.8776550E+02,  0.0000000E+00,  2.5087589E+02,2414,  8.9201665E-01,  0.0000000E+00,  1.3434744E-02,  1.0008607E+03,  5.1305195E+04,3,
  6.8869568E+02,  0.0000000E+00,  2.5111487E+02,2338,  9.2523348E-01,  0.0000000E+00,  1.3966644E-02,  1.0004532E+03,  2.6985811E+04,3,
  6.8912921E+02,  0.0000000E+00,  2.5109856E+02,2397,  9.2637229E-01,  0.0000000E+00,  1.9378996E-02,  1.0004887E+03,  2.9100238E+04,3,
  6.9020465E+02,  0.0000000E+00,  2.5085196E+02,2328,  9.0523833E-01,  0.0000000E+00,  2.4624355E-02,  1.0009745E+03,  5.8114324E+04,3,
  6.9140002E+02,  0.0000000E+00,  2.5071758E+02,2251,  9.3317872E-01,  0.0000000E+00,  2.1768833E-02,  1.0013315E+03,  7.9484109E+04,3,
  6.9250037E+02,  0.0000000E+00,  2.5081856E+02,2202,  9.2530084E-01,  0.0000000E+00, -7.0437817E-03,  1.0011895E+03,  7.0978953E+04,3,
  6.9367371E+02,  0.0000000E+00,  2.5106798E+02,2377,  8.8848150E-01,  0.0000000E+00,  4.6515763E-03,  1.0007951E+03,  4.7388223E+04,3,
  6.9455994E+02,  0.0000000E+00,  2.5063382E+02,2375,  9.5479500E-01,  0.0000000E+00,  1.0322807E-02,  1.0013339E+03,  7.9626781E+04,3,
  6.9582471E+02,  0.0000000E+00,  2.5120695E+02,2331,  8.8147563E-01,  0.0000000E+00,  2.9352445E-02,  1.0004393E+03,  2.6152535E+04,3,
  6.9616547E+02,  0.0000000E+00,  2.5108418E+02,2218,  8.5274857E-01,  0.0000000E+00,  7.5994558E-03,  1.0005761E+03,  3.4313625E+04,3,
  6.9710297E+02,  0.0000000E+00,  2.5091393E+02,2240,  9.4993711E-01,  0.0000000E+00, -4.0537342E-02,  1.0008863E+03,  5.2837395E+04,3,
  6.9848395E+02,  0.0000000E+00,  2.5056935E+02,2319,  1.1562219E+00,  0.0000000E+00, -2.1540318E-02,  1.0013611E+03,  8.1258453E+04,3,
  6.9994653E+02,  0.0000000E+00,  2.5064691E+02,2360,  5.5477464E-01,  0.0000000E+00,  2.0713338E-01,  1.0012604E+03,  7.5226969E+04,3,
  7.0022400E+02,  0.0000000E+00,  2.5124982E+02,2291,  3.1726581E-01,  0.0000000E+00,  2.3675495E-01,  1.0009033E+03,  5.3851691E+04,3,
  7.2121478E+02,  0.0000000E+00,  2.5032117E+02,2325,  1.6627216E-01,  0.0000000E+00, -5.9700038E-02,  1.0017708E+03,  1.0584623E+05,3,
  7.1977887E+02,  0.0000000E+00,  2.5084755E+02,2246,  4.7729630E-03,  0.0000000E+00,  1.3352549E-01,  1.0009886E+03,  5.8953930E+04,3,
  7.2103412E+02,  0.0000000E+00,  2.5125912E+02,2237,  9.6678072E-01,  0.0000000E+00, -1.0290034E-01,  1.0006545E+03,  3.8994168E+04,3,
  7.2317609E+02,  0.0000000E+00,  2.5100400E+02,2269,  5.5298722E-01,  0.0000000E+00, -5.3376112E-02,  1.0008411E+03,  5.0137969E+04,3,
  7.2394330E+02,  0.0000000E+00,  2.5100349E+02,2304,  5.1284176E-01,  0.0000000E+00, -1.9209383E-02,  1.0007087E+03,  4.2226297E+04,3,
  7.2478119E+02,  0.0000000E+00,  2.5095110E+02,2266,  4.9955285E-01,  0.0000000E+00,  6.4727399E-03,  1.0006674E+03,  3.9759289E+04,3,
  7.2543964E+02,  0.0000000E+00,  2.5107144E+02,2323,  4.7037989E-01,  0.0000000E+00,  3.6306337E-02,  1.0004795E+03,  2.8550662E+04,3,
  7.2645770E+02,  0.0000000E+00,  2.5081229E+02,2191,  4.9036720E-01,  0.0000000E+00,  4.2626847E-02,  1.0008367E+03,  4.9871711E+04,3,
  7.2819318E+02,  0.0000000E+00,  2.5104243E+02,2155,  5.0637913E-01,  0.0000000E+00,  4.0543620E-02,  1.0007647E+03,  4.5572496E+04,3,
  7.2936700E+02,  0.0000000E+00,  2.5058467E+02,2172,  4.7560275E-01,  0.0000000E+00, -1.0086888E-02,  1.0015520E+03,  9.2709609E+04,3,
  7.2716895E+02,  0.0000000E+00,  2.5107008E+02,2268,  4.9671164E-01,  0.0000000E+00,  5.4347306E-02,  1.0005991E+03,  3.5682957E+04,3,
  7.3044952E+02,  0.0000000E+00,  2.5088448E+02,2275,  4.4055712E-01,  0.0000000E+00, -1.8934606E-02,  1.0010682E+03,  6.3715453E+04,3,
  7.3165894E+02,  0.0000000E+00,  2.5112537E+02,2248,  4.1136181E-01,  0.0000000E+00,  5.5471309E-03,  1.0005756E+03,  3.4280852E+04,3,
  7.3234943E+02,  0.0000000E+00,  2.5099776E+02,2306,  4.6018270E-01,  0.0000000E+00, -1.9835142E-02,  1.0006703E+03,  3.9934184E+04,3,
  7.3322815E+02,  0.0000000E+00,  2.5077513E+02,2312,  4.6865734E-01,  0.0000000E+00, -2.3806881E-02,  1.0009202E+03,  5.4862441E+04,3,
  7.3419843E+02,  0.0000000E+00,  2.5101678E+02,2221,  4.5748571E-01,  0.0000000E+00, -6.8345568E-03,  1.0005981E+03,  3.5624684E+04,3,
  7.3511151E+02,  0.0000000E+00,  2.5108702E+02,2217,  4.3099579E-01,  0.0000000E+00,  6.7176656E-03,  1.0005538E+03,  3.2980895E+04,3,
  7.3538226E+02,  0.0000000E+00,  2.5129210E+02,2285,  3.8260135E-01,  0.0000000E+00, -1.7828388E-02,  1.0004043E+03,  2.4067836E+04,3,
  7.3693530E+02,  0.0000000E+00,  2.5051198E+02,2262,  3.1610391E-01,  0.0000000E+00,  2.1829588E-02,  1.0017819E+03,  1.0651745E+05,3,
  7.3823889E+02,  0.0000000E+00,  2.5070129E+02,2173,  8.4911036E-01,  0.0000000E+00, -1.2952805E-01,  1.0011862E+03,  7.0781586E+04,3,
  7.3970178E+02,  0.0000000E+00,  2.5107007E+02,2243,  4.0473014E-01,  0.0000000E+00,  1.1965787E-01,  1.0004631E+03,  2.7575330E+04,3,
  7.4009564E+02,  0.0000000E+00,  2.5132294E+02,2247,  3.4199595E-01,  0.0000000E+00,  2.4249275E-01,  1.0003717E+03,  2.2125422E+04,3,
  7.4014410E+02,  0.0000000E+00,  2.5092744E+02,2168, -2.0171031E-01,  0.0000000E+00,  5.7646863E-02,  1.0007098E+03,  4.2295543E+04,3,
  7.8074994E+02,  0.0000000E+00,  2.5060210E+02,2252,  3.1570321E-01,  0.0000000E+00, -6.7562731E-03,  1.0011805E+03,  7.0438031E+04,3,
  7.8372699E+02,  0.0000000E+00,  2.5094469E+02,2232,  5.2856636E-01,  0.0000000E+00, -1.3818185E-01,  1.0007521E+03,  4.4821508E+04,3,
  7.8281604E+02,  0.0000000E+00,  2.5125313E+02,2259,  9.9333709E-01,  0.0000000E+00, -1.1123783E-01,  1.0004638E+03,  2.7615361E+04,3,
  7.8202698E+02,  0.0000000E+00,  2.5115022E+02,2215,  9.6434164E-01,  0.0000000E+00, -6.4177550E-03,  1.0005085E+03,  3.0279564E+04,3,
  7.7994598E+02,  0.0000000E+00,  2.5061433E+02,2253,  2.2271307E-01,  0.0000000E+00, -8.7879315E-02,  1.0012630E+03,  7.5380547E+04,3,
  7.8457996E+02,  0.0000000E+00,  2.5094785E+02,2183,  4.9807283E-01,  0.0000000E+00, -9.1675468E-02,  1.0008374E+03,  4.9915480E+04,3,
  7.8555743E+02,  0.0000000E+00,  2.5060860E+02,2153,  8.4800768E-01,  0.0000000E+00, -1.6071390E-02,  1.0013138E+03,  7.8423312E+04,3,
  7.8677722E+02,  0.0000000E+00,  2.5095346E+02,2142,  7.7715462E-01,  0.0000000E+00, -7.9583079E-03,  1.0007506E+03,  4.4730371E+04,3,
  7.8766559E+02,  0.0000000E+00,  2.5109712E+02,2106,  7.0060736E-01,  0.0000000E+00,  1.0715089E-02,  1.0005540E+03,  3.2995457E+04,3,
  7.8834607E+02,  0.0000000E+00,  2.5121945E+02,2160,  7.2093928E-01,  0.0000000E+00,  1.7275576E-02,  1.0004806E+03,  2.8616174E+04,3,
  7.8926416E+02,  0.0000000E+00,  2.5081256E+02,2231,  6.6352659E-01,  0.0000000E+00, -1.1763698E-02,  1.0009921E+03,  5.9162016E+04,3,
  7.9046844E+02,  0.0000000E+00,  2.5057652E+02,2270,  7.0806551E-01,  0.0000000E+00, -1.2829174E-02,  1.0013762E+03,  8.2165867E+04,3,
  7.9156201E+02,  0.0000000E+00,  2.5109154E+02,2214,  6.4264464E-01,  0.0000000E+00,  1.4218122E-03,  1.0006285E+03,  3.7442242E+04,3,
  7.9226697E+02,  0.0000000E+00,  2.5140303E+02,2206,  7.2596544E-01,  0.0000000E+00,  5.9069893E-03,  1.0003980E+03,  2.3693146E+04,3,
  7.9303674E+02,  0.0000000E+00,  2.5102292E+02,2148,  6.9766611E-01,  0.0000000E+00, -3.5981368E-02,  1.0006945E+03,  4.1380812E+04,3,
  7.9422980E+02,  0.0000000E+00,  2.5052773E+02,2219,  5.9520209E-01,  0.0000000E+00, -7.7370971E-02,  1.0014516E+03,  8.6685867E+04,3,
  7.9548645E+02,  0.0000000E+00,  2.5085083E+02,2130,  6.3122493E-01,  0.0000000E+00, -7.3750846E-02,  1.0009885E+03,  5.8950277E+04,3,
  7.9618488E+02,  0.0000000E+00,  2.5132108E+02,2094,  6.3854539E-01,  0.0000000E+00, -5.5564962E-02,  1.0004633E+03,  2.7582609E+04,3,
  7.9717883E+02,  0.0000000E+00,  2.5091301E+02,2184,  6.2967068E-01,  0.0000000E+00, -5.7735350E-02,  1.0008290E+03,  4.9415812E+04,3,
  7.9818341E+02,  0.0000000E+00,  2.5083597E+02,2177,  5.9232277E-01,  0.0000000E+00, -5.5357974E-02,  1.0009777E+03,  5.8304145E+04,3,
  7.9932220E+02,  0.0000000E+00,  2.5080652E+02,2174,  5.5472118E-01,  0.0000000E+00, -3.8494095E-02,  1.0011439E+03,  6.8245391E+04,3,
  8.0051532E+02,  0.0000000E+00,  2.5078584E+02,2163,  5.9245193E-01,  0.0000000E+00, -2.2177976E-02,  1.0012380E+03,  7.3881453E+04,3,
  8.0167670E+02,  0.0000000E+00,  2.5075294E+02,2125,  6.1879390E-01,  0.0000000E+00, -3.1890001E-02,  1.0011680E+03,  6.9692477E+04,3,
  8.0282361E+02,  0.0000000E+00,  2.5088043E+02,2111,  5.9965980E-01,  0.0000000E+00, -4.2722747E-02,  1.0007995E+03,  4.7650766E+04,3,
  8.0355646E+02,  0.0000000E+00,  2.5136157E+02,2113,  5.0763923E-01,  0.0000000E+00, -4.9417347E-02,  1.0003477E+03,  2.0692498E+04,3,
  8.0426837E+02,  0.0000000E+00,  2.5111079E+02,2124,  6.7338961E-01,  0.0000000E+00, -9.9508287E-03,  1.0006512E+03,  3.8797430E+04,3,
  8.0553021E+02,  0.0000000E+00,  2.5054231E+02,2244,  5.5876178E-01,  0.0000000E+00, -3.7312463E-02,  1.0016371E+03,  9.7820727E+04,3,
  8.0676300E+02,  0.0000000E+00,  2.5082326E+02,2190,  6.0642123E-01,  0.0000000E+00,  3.1516690E-02,  1.0012584E+03,  7.5106305E+04,3,
  8.0789587E+02,  0.0000000E+00,  2.5082065E+02,2116,  6.3273358E-01,  0.0000000E+00,  2.8400525E-02,  1.0010452E+03,  6.2338613E+04,3,
  8.0904431E+02,  0.0000000E+00,  2.5108199E+02,2123,  6.0581362E-01,  0.0000000E+00,  6.6987291E-04,  1.0006735E+03,  4.0127297E+04,3,
  8.0979443E+02,  0.0000000E+00,  2.5092131E+02,2122,  6.3905716E-01,  0.0000000E+00, -4.5522384E-02,  1.0007440E+03,  4.4333031E+04,3,
  8.1075903E+02,  0.0000000E+00,  2.5088425E+02,2121,  6.5382993E-01,  0.0000000E+00, -7.0170559E-02,  1.0008899E+03,  5.3052648E+04,3,
  8.1162341E+02,  0.0000000E+00,  2.5096681E+02,2133,  6.2144381E-01,  0.0000000E+00, -5.2113019E-02,  1.0007647E+03,  4.5572496E+04,3,
  8.1268201E+02,  0.0000000E+00,  2.5076741E+02,2105,  5.6724936E-01,  0.0000000E+00,  2.6194546E-02,  1.0011085E+03,  6.6126289E+04,3,
  8.1360364E+02,  0.0000000E+00,  2.5113365E+02,2135,  5.8357185E-01,  0.0000000E+00,  5.9406471E-02,  1.0006732E+03,  4.0105434E+04,3,
  8.1475433E+02,  0.0000000E+00,  2.5068062E+02,2149,  6.0792625E-01,  0.0000000E+00,  6.6079358E-03,  1.0010960E+03,  6.5381062E+04,3,
  8.1581592E+02,  0.0000000E+00,  2.5087711E+02,2159,  6.7068768E-01,  0.0000000E+00,  3.5874115E-03,  1.0013276E+03,  7.9253648E+04,3,
  8.1681940E+02,  0.0000000E+00,  2.5084035E+02,2118,  6.4877075E-01,  0.0000000E+00, -7.9320677E-02,  1.0013380E+03,  7.9871875E+04,3,
  8.1791748E+02,  0.0000000E+00,  2.5078764E+02,2076,  6.7498946E-01,  0.0000000E+00, -1.3159832E-02,  1.0006501E+03,  3.8728207E+04,3,
  8.1919434E+02,  0.0000000E+00,  2.5105150E+02,2093,  5.0783509E-01,  0.0000000E+00,  4.9836401E-02,  1.0002665E+03,  1.5860630E+04,3,
  8.1973114E+02,  0.0000000E+00,  2.5099657E+02,2090,  1.6917519E-01,  0.0000000E+00,  4.8578806E-02,  1.0006356E+03,  3.7861164E+04,3,
  8.2024268E+02,  0.0000000E+00,  2.5106316E+02,2131,  3.8570815E-01,  0.0000000E+00,  1.4209966E-01,  1.0007318E+03,  4.3604008E+04,3,
  8.2088629E+02,  0.0000000E+00,  2.5120718E+02,2084,  1.2614136E+00,  0.0000000E+00,  9.1635412E-01,  1.0009738E+03,  5.8066871E+04,3,
  1.9378033E+02,  0.0000000E+00,  2.5670798E+02,3333, -2.8333014E-01,  0.0000000E+00,  8.0593997E-01,  1.0002903E+03,  1.7278316E+04,3,
  1.9383189E+02,  0.0000000E+00,  2.5750125E+02,3323, -1.0120862E-01,  0.0000000E+00,  2.5838068E-01,  9.9854736E+02, -8.5995305E+04,3,
  1.9490448E+02,  0.0000000E+00,  2.5706042E+02,3228, -3.7545681E-01,  0.0000000E+00,  9.5246148E-01,  9.9236084E+02, -4.4393097E+05,3,
  1.9694009E+02,  0.0000000E+00,  2.5687595E+02,3324,  2.6474592E-01,  0.0000000E+00, -1.0567828E-01,  9.9725562E+02, -1.6183816E+05,3,
  1.9407979E+02,  0.0000000E+00,  2.5691330E+02,3311,  8.8500693E-02,  0.0000000E+00, -2.3100768E-01,  1.0033911E+03,  2.0368780E+05,3,
  1.9969705E+02,  0.0000000E+00,  2.5747235E+02,2947,  8.3103055E-01,  0.0000000E+00, -3.1932372E-01,  1.0002899E+03,  1.7252869E+04,3,
  1.9846497E+02,  0.0000000E+00,  2.5695404E+02,3313,  1.0506222E-01,  0.0000000E+00, -5.4811990E-01,  9.9934955E+02, -3.8599133E+04,3,
  1.9530212E+02,  0.0000000E+00,  2.5782593E+02,3314,  6.7264813E-01,  0.0000000E+00, -3.6942559E-01,  1.0050921E+03,  3.0743053E+05,3,
  1.9935753E+02,  0.0000000E+00,  2.5726706E+02,3302, -6.8884742E-01,  0.0000000E+00,  1.5921012E-02,  1.0013238E+03,  7.9023195E+04,3,
  2.0121457E+02,  0.0000000E+00,  2.5770779E+02,3294,  4.5186156E-01,  0.0000000E+00,  4.6345216E-01,  9.9858417E+02, -8.3825766E+04,3,
  2.0306236E+02,  0.0000000E+00,  2.5691837E+02,2938, -1.6048649E-01,  0.0000000E+00, -1.7050973E-01,  9.9761554E+02, -1.4076497E+05,3,
  2.0246030E+02,  0.0000000E+00,  2.5723135E+02,3248,  4.3204519E-01,  0.0000000E+00, -1.3380587E+00,  9.9651758E+02, -2.0490697E+05,3,
  2.0417769E+02,  0.0000000E+00,  2.5787216E+02,3284, -9.3168341E-02,  0.0000000E+00,  3.2021412E-01,  1.0035854E+03,  2.1548656E+05,3,
  2.0143352E+02,  0.0000000E+00,  2.5747723E+02,3285, -7.4202597E-01,  0.0000000E+00, -2.0435736E+00,  1.0011107E+03,  6.6261461E+04,3,
  2.0520087E+02,  0.0000000E+00,  2.5686914E+02,3312, -6.8852448E-01,  0.0000000E+00, -1.4674511E+00,  9.9902509E+02, -5.7797152E+04,3,
  2.0648651E+02,  0.0000000E+00,  2.5699438E+02,3193,  2.8694132E-01,  0.0000000E+00, -2.7540472E-01,  9.9588501E+02, -2.4166906E+05,3,
  2.0735056E+02,  0.0000000E+00,  2.5733032E+02,3220, -2.2231736E+00,  0.0000000E+00,  6.3937849E-01,  9.9980597E+02, -1.1529957E+04,3,
  2.0713521E+02,  0.0000000E+00,  2.5695221E+02,3192,  5.0767958E-01,  0.0000000E+00,  7.3096055E-01,  9.9908063E+02, -5.4513465E+04,3,
  2.0887303E+02,  0.0000000E+00,  2.5718967E+02,3202,  2.9712531E-01,  0.0000000E+00,  6.0577542E-01,  1.0005547E+03,  3.3035512E+04,3,
  2.0930031E+02,  0.0000000E+00,  2.5708682E+02,3038, -5.5537218E-01,  0.0000000E+00, -1.7379818E+00,  1.0006783E+03,  4.0415156E+04,3,
  2.1048907E+02,  0.0000000E+00,  2.5701651E+02,3174, -1.2804065E+00,  0.0000000E+00,  2.1687658E+00,  9.9809912E+02, -1.1237987E+05,3,
  2.1285408E+02,  0.0000000E+00,  2.5709995E+02,3210,  9.3255538E-01,  0.0000000E+00,  4.1272204E-02,  9.9891638E+02, -6.4220633E+04,3,
  2.1148357E+02,  0.0000000E+00,  2.5706583E+02,3137, -7.2147733E-01,  0.0000000E+00, -4.3238580E-01,  9.9777002E+02, -1.3170633E+05,3,
  2.1389989E+02,  0.0000000E+00,  2.5684869E+02,2929, -1.5556398E-02,  0.0000000E+00,  1.8325214E-01,  1.0020422E+03,  1.2216998E+05,3,
  2.1447720E+02,  0.0000000E+00,  2.5701791E+02,3047, -1.0227709E-01,  0.0000000E+00, -2.1279807E+00,  9.9885211E+02, -6.8016484E+04,3,
  2.1620560E+02,  0.0000000E+00,  2.5708051E+02,3029, -4.7065577E-01,  0.0000000E+00,  1.3937724E-01,  9.9682581E+02, -1.8694334E+05,3,
  2.1712680E+02,  0.0000000E+00,  2.5700421E+02,3184, -7.9947774E-04,  0.0000000E+00, -1.2884065E+00,  9.9954089E+02, -2.7259957E+04,3,
  2.1850876E+02,  0.0000000E+00,  2.5683667E+02,3129,  1.8364766E-01,  0.0000000E+00, -9.7455867E-02,  9.9908850E+02, -5.4047883E+04,3,
  2.1868398E+02,  0.0000000E+00,  2.5602817E+02,3229,  7.2320056E-01,  0.0000000E+00,  4.1894534E-01,  1.0036750E+03,  2.2093106E+05,3,
  2.1945053E+02,  0.0000000E+00,  2.5683603E+02,2920, -1.3713759E-01,  0.0000000E+00, -7.6089483E-01,  9.9848639E+02, -8.9588562E+04,3,
  2.2015672E+02,  0.0000000E+00,  2.5453860E+02,3306,  9.4940864E-02,  0.0000000E+00, -3.3148414E-01,  1.0011116E+03,  6.6316258E+04,3,
  2.1582672E+02,  0.0000000E+00,  2.5785153E+02,3303,  8.5314900E-02,  0.0000000E+00, -2.3117565E-01,  1.0014054E+03,  8.3915070E+04,3,
  2.2085216E+02,  0.0000000E+00,  2.5485820E+02,3276,  4.6020067E-01,  0.0000000E+00, -3.4623903E-01,  1.0004518E+03,  2.6898477E+04,3,
  2.2223402E+02,  0.0000000E+00,  2.5723132E+02,3304,  3.1062266E-01,  0.0000000E+00, -4.3306538E-01,  9.9960266E+02, -2.3596809E+04,3,
  2.2354494E+02,  0.0000000E+00,  2.5737814E+02,3295,  2.1944278E-01,  0.0000000E+00, -6.9461471E-01,  9.9993756E+02, -3.7117971E+03,3,
  2.2328735E+02,  0.0000000E+00,  2.5522415E+02,3138,  3.9855686E-01,  0.0000000E+00, -3.6365676E-01,  1.0007839E+03,  4.6720961E+04,3,
  2.2464624E+02,  0.0000000E+00,  2.5699722E+02,3065,  4.9853978E-01,  0.0000000E+00, -7.9088509E-01,  1.0001885E+03,  1.1212768E+04,3,
  2.2202757E+02,  0.0000000E+00,  2.5510460E+02,2911,  6.5860188E-01,  0.0000000E+00, -6.7481264E-02,  1.0010256E+03,  6.1166441E+04,3,
  2.2478499E+02,  0.0000000E+00,  2.5441663E+02,3144,  6.6687536E-01,  0.0000000E+00, -4.4234431E-01,  1.0015300E+03,  9.1387375E+04,3,
  2.2644658E+02,  0.0000000E+00,  2.5477936E+02,2902,  5.6896055E-01,  0.0000000E+00, -3.2644236E-01,  1.0007753E+03,  4.6206867E+04,3,
  2.2559778E+02,  0.0000000E+00,  2.5739868E+02,3305,  9.3026835E-01,  0.0000000E+00, -8.2490820E-01,  1.0001036E+03,  6.1640005E+03,3,
  2.2717015E+02,  0.0000000E+00,  2.5708682E+02,3165,  1.0543631E+00,  0.0000000E+00, -5.9867734E-01,  1.0002321E+03,  1.3807162E+04,3,
  2.2769109E+02,  0.0000000E+00,  2.5488457E+02,3166,  4.3346247E-01,  0.0000000E+00, -1.7847224E-01,  1.0006242E+03,  3.7183609E+04,3,
  2.2877338E+02,  0.0000000E+00,  2.5730014E+02,3275,  1.2012254E+00,  0.0000000E+00, -5.3922027E-01,  1.0002711E+03,  1.6133246E+04,3,
  2.2854271E+02,  0.0000000E+00,  2.5496773E+02,3120,  6.5620005E-01,  0.0000000E+00,  5.6045707E-02,  1.0003937E+03,  2.3434873E+04,3,
  2.3141864E+02,  0.0000000E+00,  2.5729639E+02,3247,  1.5004919E+00,  0.0000000E+00, -5.2465802E-01,  1.0003049E+03,  1.8147203E+04,3,
  2.2969121E+02,  0.0000000E+00,  2.5473129E+02,3211,  1.0649432E+00,  0.0000000E+00,  3.1617295E-03,  1.0008038E+03,  4.7909668E+04,3,
  2.3283052E+02,  0.0000000E+00,  2.5743195E+02,3020,  1.5234374E+00,  0.0000000E+00, -5.0809991E-01,  1.0001893E+03,  1.1259998E+04,3,
  2.3091080E+02,  0.0000000E+00,  2.5505046E+02,3002,  1.0983448E+00,  0.0000000E+00, -3.2380864E-01,  1.0002955E+03,  1.7587326E+04,3,
  2.3208871E+02,  0.0000000E+00,  2.5491608E+02,3167,  9.3289155E-01,  0.0000000E+00, -4.5420519E-01,  1.0006087E+03,  3.6258422E+04,3,
  2.3340828E+02,  0.0000000E+00,  2.5463318E+02,3269,  7.3562700E-01,  0.0000000E+00, -3.4185684E-01,  1.0010677E+03,  6.3686234E+04,3,
  2.3062933E+02,  0.0000000E+00,  2.5783542E+02,3296,  1.2255392E+00,  0.0000000E+00, -5.8776146E-01,  1.0001883E+03,  1.1201868E+04,3,
  2.3392566E+02,  0.0000000E+00,  2.5748981E+02,3183,  1.5004312E+00,  0.0000000E+00, -5.2096772E-01,  1.0001680E+03,  9.9957432E+03,3,
  2.3475938E+02,  0.0000000E+00,  2.5479451E+02,2893,  1.0699970E+00,  0.0000000E+00, -2.2377090E-01,  1.0008190E+03,  4.8817703E+04,3,
  2.3601663E+02,  0.0000000E+00,  2.5503899E+02,3092,  1.2573565E+00,  0.0000000E+00, -1.8715927E-01,  1.0004823E+03,  2.8718080E+04,3,
  2.3772083E+02,  0.0000000E+00,  2.5801141E+02,3286,  1.7724566E+00,  0.0000000E+00, -4.0287814E-01,  1.0002083E+03,  1.2389972E+04,3,
  2.3690904E+02,  0.0000000E+00,  2.5504825E+02,3084,  1.3145833E+00,  0.0000000E+00, -2.6454568E-01,  1.0004246E+03,  2.5279311E+04,3,
  2.3889415E+02,  0.0000000E+00,  2.5786942E+02,3267,  1.8119403E+00,  0.0000000E+00, -2.9103965E-01,  1.0001752E+03,  1.0424409E+04,3,
  2.4005679E+02,  0.0000000E+00,  2.5806491E+02,3287,  1.8686850E+00,  0.0000000E+00, -1.8351342E-01,  1.0001691E+03,  1.0057499E+04,3,
  2.3793681E+02,  0.0000000E+00,  2.5490791E+02,3056,  1.2429588E+00,  0.0000000E+00, -2.8153408E-01,  1.0007317E+03,  4.3600363E+04,3,
  2.3918770E+02,  0.0000000E+00,  2.5473767E+02,2875,  1.1641330E+00,  0.0000000E+00, -2.5173596E-01,  1.0009255E+03,  5.5179918E+04,3,
  2.4028136E+02,  0.0000000E+00,  2.5509984E+02,3066,  1.2153040E+00,  0.0000000E+00, -1.4120573E-01,  1.0004880E+03,  2.9060203E+04,3,
  2.3646213E+02,  0.0000000E+00,  2.5805444E+02,3278,  1.7623930E+00,  0.0000000E+00, -4.9889323E-01,  1.0002046E+03,  1.2171960E+04,3,
  2.3501578E+02,  0.0000000E+00,  2.5806088E+02,3297,  1.5868471E+00,  0.0000000E+00, -5.6512117E-01,  1.0001611E+03,  9.5852578E+03,3,
  2.4138243E+02,  0.0000000E+00,  2.5473685E+02,3239,  1.2564125E+00,  0.0000000E+00,  2.0028150E-02,  1.0009751E+03,  5.8147180E+04,3,
  2.4267990E+02,  0.0000000E+00,  2.5814365E+02,3259,  1.8788002E+00,  0.0000000E+00,  1.0552403E-01,  1.0001447E+03,  8.6081543E+03,3,
  2.4234978E+02,  0.0000000E+00,  2.5549834E+02,3230,  1.3584952E+00,  0.0000000E+00,  1.2698916E-01,  1.0002728E+03,  1.6231390E+04,3,
  2.4400336E+02,  0.0000000E+00,  2.5812772E+02,3268,  1.9326401E+00,  0.0000000E+00,  2.3249863E-01,  1.0001443E+03,  8.5863613E+03,3,
  2.4341226E+02,  0.0000000E+00,  2.5452957E+02,3252,  1.1981122E+00,  0.0000000E+00,  1.9563757E-01,  1.0013691E+03,  8.1741422E+04,3,
  2.4523215E+02,  0.0000000E+00,  2.5791754E+02,3258,  1.9164888E+00,  0.0000000E+00,  3.4746364E-01,  1.0001167E+03,  6.9411255E+03,3,
  2.4654622E+02,  0.0000000E+00,  2.5779019E+02,3277,  1.7939225E+00,  0.0000000E+00,  5.0028002E-01,  1.0000949E+03,  5.6447407E+03,3,
  2.4449652E+02,  0.0000000E+00,  2.5542477E+02,3139,  1.1584909E+00,  0.0000000E+00,  3.3025751E-01,  1.0003605E+03,  2.1456213E+04,3,
  2.4540082E+02,  0.0000000E+00,  2.5513496E+02,2848,  1.3885076E+00,  0.0000000E+00,  2.5181627E-01,  1.0007405E+03,  4.4128898E+04,3,
  2.4689934E+02,  0.0000000E+00,  2.5479721E+02,3232,  1.0790495E+00,  0.0000000E+00, -1.1702195E-01,  1.0011740E+03,  7.0046977E+04,3,
  2.4767331E+02,  0.0000000E+00,  2.5753833E+02,3249,  1.6888527E+00,  0.0000000E+00,  6.2065554E-01,  1.0001042E+03,  6.1966821E+03,3,
  2.4815657E+02,  0.0000000E+00,  2.5426985E+02,3231,  7.2305721E-01,  0.0000000E+00, -3.6530936E-01,  1.0012806E+03,  7.6437367E+04,3,
  2.4901669E+02,  0.0000000E+00,  2.5774127E+02,3270,  1.3887784E+00,  0.0000000E+00,  5.7225376E-01,  1.0001662E+03,  9.8867637E+03,3,
  2.5002234E+02,  0.0000000E+00,  2.5722009E+02,3212,  1.1594621E+00,  0.0000000E+00,  3.2197911E-01,  1.0002863E+03,  1.7034750E+04,3,
  2.5091484E+02,  0.0000000E+00,  2.5707114E+02,3048,  1.1258444E+00,  0.0000000E+00,  1.2747242E-01,  1.0003362E+03,  2.0012477E+04,3,
  2.4952052E+02,  0.0000000E+00,  2.5345113E+02,3251,  5.2202022E-01,  0.0000000E+00, -3.5360104E-01,  1.0009089E+03,  5.4191027E+04,3,
  2.5178059E+02,  0.0000000E+00,  2.5689059E+02,3175,  1.1228243E+00,  0.0000000E+00, -1.5648622E-02,  1.0003732E+03,  2.2212713E+04,3,
  2.5087004E+02,  0.0000000E+00,  2.5382034E+02,3213,  6.1616868E-01,  0.0000000E+00,  2.1408002E-01,  9.9992065E+02, -4.7166094E+03,3,
  2.5324080E+02,  0.0000000E+00,  2.5582469E+02,3222,  9.9859589E-01,  0.0000000E+00, -5.8307832E-01,  1.0007241E+03,  4.3144750E+04,3,
  2.5000568E+02,  0.0000000E+00,  2.5263792E+02,3242,  7.3603719E-02,  0.0000000E+00, -6.2291767E-02,  1.0013625E+03,  8.1346266E+04,3,
  2.5132146E+02,  0.0000000E+00,  2.5257544E+02,3214,  2.7106279E-01,  0.0000000E+00, -2.0689689E-02,  1.0016002E+03,  9.5603758E+04,3,
  2.5306758E+02,  0.0000000E+00,  2.5271600E+02,3215,  4.1838455E-01,  0.0000000E+00,  5.1999167E-03,  1.0016635E+03,  9.9400391E+04,3,
  2.5420799E+02,  0.0000000E+00,  2.5297218E+02,2821,  4.7743145E-01,  0.0000000E+00, -7.5633712E-02,  1.0009969E+03,  5.9450422E+04,3,
  2.5345911E+02,  0.0000000E+00,  2.5730231E+02,3288,  9.4392282E-01,  0.0000000E+00, -2.4511315E-02,  1.0002357E+03,  1.4025209E+04,3,
  2.5489618E+02,  0.0000000E+00,  2.5695911E+02,2884,  1.0345172E+00,  0.0000000E+00,  1.6719740E-02,  1.0002895E+03,  1.7227420E+04,3,
  2.5584747E+02,  0.0000000E+00,  2.5694125E+02,3111,  1.0531013E+00,  0.0000000E+00,  1.0528719E-01,  1.0002825E+03,  1.6809367E+04,3,
  2.5524110E+02,  0.0000000E+00,  2.5300191E+02,3186,  4.5423365E-01,  0.0000000E+00, -5.4338064E-02,  1.0007254E+03,  4.3224938E+04,3,
  2.5683383E+02,  0.0000000E+00,  2.5583839E+02,2830,  9.8175299E-01,  0.0000000E+00,  1.8235475E-02,  1.0005075E+03,  3.0221324E+04,3,
  2.5763174E+02,  0.0000000E+00,  2.5734427E+02,3261,  8.1220651E-01,  0.0000000E+00,  2.0003624E-01,  1.0002758E+03,  1.6413141E+04,3,
  2.5601080E+02,  0.0000000E+00,  2.5305402E+02,3185,  4.6102419E-01,  0.0000000E+00, -1.4077109E-02,  1.0006210E+03,  3.6990551E+04,3,
  2.5870264E+02,  0.0000000E+00,  2.5711023E+02,3260,  8.4727412E-01,  0.0000000E+00,  2.0486660E-01,  1.0003362E+03,  2.0012477E+04,3,
  2.5687119E+02,  0.0000000E+00,  2.5294247E+02,3176,  4.6208400E-01,  0.0000000E+00,  2.0160304E-02,  1.0007734E+03,  4.6093844E+04,3,
  2.6000397E+02,  0.0000000E+00,  2.5711240E+02,2866,  9.9792153E-01,  0.0000000E+00,  1.7508380E-01,  1.0003100E+03,  1.8448969E+04,3,
  2.5788647E+02,  0.0000000E+00,  2.5289769E+02,2975,  4.7316924E-01,  0.0000000E+00,  3.5256639E-02,  1.0009636E+03,  5.7457293E+04,3,
  2.5987106E+02,  0.0000000E+00,  2.5536850E+02,3177,  7.0887280E-01,  0.0000000E+00,  3.9438683E-01,  1.0003770E+03,  2.2438219E+04,3,
  2.5908694E+02,  0.0000000E+00,  2.5259573E+02,3206,  4.4997001E-01,  0.0000000E+00, -3.2252434E-03,  1.0015411E+03,  9.2053961E+04,3,
  2.6033313E+02,  0.0000000E+00,  2.5306119E+02,3030,  2.9711774E-01,  0.0000000E+00,  3.5729818E-02,  1.0008262E+03,  4.9248047E+04,3,
  2.6128674E+02,  0.0000000E+00,  2.5275522E+02,2803,  3.4987044E-01,  0.0000000E+00, -1.4827062E-02,  1.0011723E+03,  6.9948297E+04,3,
  2.6152386E+02,  0.0000000E+00,  2.5680362E+02,3250,  7.1118718E-01,  0.0000000E+00,  5.7667919E-02,  1.0003753E+03,  2.2340014E+04,3,
  2.6258258E+02,  0.0000000E+00,  2.5730673E+02,3241,  1.1395757E+00,  0.0000000E+00, -1.8790308E-02,  1.0002541E+03,  1.5119151E+04,3,
  2.6312839E+02,  0.0000000E+00,  2.5592218E+02,3102,  6.9771552E-01,  0.0000000E+00, -1.7604148E-02,  1.0003713E+03,  2.2099961E+04,3,
  2.6244623E+02,  0.0000000E+00,  2.5291104E+02,2948,  3.2546201E-01,  0.0000000E+00, -3.1147432E-02,  1.0008627E+03,  5.1425574E+04,3,
  2.6529895E+02,  0.0000000E+00,  2.5714636E+02,3240,  9.9448055E-01,  0.0000000E+00, -1.7510261E-01,  1.0002413E+03,  1.4355923E+04,3,
  2.6465143E+02,  0.0000000E+00,  2.5642850E+02,3221,  6.5894443E-01,  0.0000000E+00, -2.0822054E-01,  1.0003021E+03,  1.7976328E+04,3,
  2.6332651E+02,  0.0000000E+00,  2.5300673E+02,3149,  3.0604976E-01,  0.0000000E+00, -3.7797518E-02,  1.0006912E+03,  4.1184031E+04,3,
  2.6731207E+02,  0.0000000E+00,  2.5685437E+02,3148,  9.6817100E-01,  0.0000000E+00, -2.8734747E-02,  1.0003377E+03,  2.0099750E+04,3,
  2.6422516E+02,  0.0000000E+00,  2.5290788E+02,3085,  3.2254219E-01,  0.0000000E+00, -3.8228188E-02,  1.0008423E+03,  5.0207270E+04,3,
  2.6615738E+02,  0.0000000E+00,  2.5587248E+02,3195,  9.9231601E-01,  0.0000000E+00, -2.2514154E-01,  1.0003799E+03,  2.2616445E+04,3,
  2.6536517E+02,  0.0000000E+00,  2.5279773E+02,3049,  2.2756575E-01,  0.0000000E+00, -5.4803655E-02,  1.0010750E+03,  6.4120871E+04,3,
  2.6779910E+02,  0.0000000E+00,  2.5381967E+02,3157,  1.0983571E-01,  0.0000000E+00, -4.4336495E-01,  1.0001527E+03,  9.0839814E+03,3,
  2.6633234E+02,  0.0000000E+00,  2.5290738E+02,3103,  4.2030424E-01,  0.0000000E+00, -9.5116012E-02,  1.0009899E+03,  5.9034242E+04,3,
  2.6796530E+02,  0.0000000E+00,  2.5252728E+02,3179,  7.6427543E-01,  0.0000000E+00, -1.6718413E-01,  1.0014973E+03,  8.9424484E+04,3,
  2.6841342E+02,  0.0000000E+00,  2.5684363E+02,3203,  8.1060189E-01,  0.0000000E+00,  7.5635366E-02,  1.0003539E+03,  2.1067074E+04,3,
  2.6952094E+02,  0.0000000E+00,  2.5736768E+02,3234,  7.5142050E-01,  0.0000000E+00,  3.9612353E-02,  1.0002444E+03,  1.4544907E+04,3,
  2.6951324E+02,  0.0000000E+00,  2.5304424E+02,2984,  3.5965145E-01,  0.0000000E+00, -1.0909871E-02,  1.0007477E+03,  4.4559039E+04,3,
  2.7042883E+02,  0.0000000E+00,  2.5644949E+02,3204,  6.0998982E-01,  0.0000000E+00,  3.6442846E-02,  1.0002228E+03,  1.3254797E+04,3,
  2.7130237E+02,  0.0000000E+00,  2.5747705E+02,2857,  8.1840640E-01,  0.0000000E+00, -1.5947211E-01,  1.0001651E+03,  9.8213760E+03,3,
  2.7000299E+02,  0.0000000E+00,  2.5276964E+02,3171,  1.1632123E-01,  0.0000000E+00, -6.4267024E-02,  1.0011270E+03,  6.7236938E+04,3,
  2.7253946E+02,  0.0000000E+00,  2.5667767E+02,2957,  7.7412891E-01,  0.0000000E+00, -2.4320629E-01,  1.0000462E+03,  2.7475527E+03,3,
  2.7359360E+02,  0.0000000E+00,  2.5748883E+02,3233,  1.0582364E+00,  0.0000000E+00, -3.5985017E-01,  1.0000949E+03,  5.6447407E+03,3,
  2.7093445E+02,  0.0000000E+00,  2.5343547E+02,3161,  5.9365642E-01,  0.0000000E+00,  3.9513525E-01,  1.0011949E+03,  7.1304258E+04,3,
  2.7241138E+02,  0.0000000E+00,  2.5461714E+02,2794,  6.0532147E-01,  0.0000000E+00,  1.3959500E-01,  1.0008571E+03,  5.1089977E+04,3,
  2.7384814E+02,  0.0000000E+00,  2.5497113E+02,2912,  7.6985794E-01,  0.0000000E+00, -2.4526022E-02,  1.0007797E+03,  4.6465734E+04,3,
  2.7492447E+02,  0.0000000E+00,  2.5530573E+02,3067,  9.8386925E-01,  0.0000000E+00, -1.5247127E-01,  1.0005660E+03,  3.3712781E+04,3,
  2.7509320E+02,  0.0000000E+00,  2.5729266E+02,3243,  1.1613739E+00,  0.0000000E+00, -3.7746257E-01,  1.0000696E+03,  4.1379521E+03,3,
  2.7626071E+02,  0.0000000E+00,  2.5564986E+02,3130,  8.9461040E-01,  0.0000000E+00, -7.7241576E-01,  9.9994318E+02, -3.3780464E+03,3,
  2.7660126E+02,  0.0000000E+00,  2.5479076E+02,3104,  9.2794842E-01,  0.0000000E+00, -2.5382543E-01,  1.0009666E+03,  5.7636148E+04,3,
  2.7846957E+02,  0.0000000E+00,  2.5719144E+02,3194,  1.2456372E+00,  0.0000000E+00, -5.2854735E-02,  1.0000473E+03,  2.8128936E+03,3,
  2.7776651E+02,  0.0000000E+00,  2.5466029E+02,3159,  7.5444591E-01,  0.0000000E+00, -6.8146892E-02,  1.0010164E+03,  6.0618742E+04,3,
  2.7955637E+02,  0.0000000E+00,  2.5744003E+02,2966,  1.1155467E+00,  0.0000000E+00,  5.2355263E-02,  1.0000797E+03,  4.7406401E+03,3,
  2.7966040E+02,  0.0000000E+00,  2.5516078E+02,3057,  1.1481030E+00,  0.0000000E+00,  1.3311552E-01,  1.0004053E+03,  2.4129680E+04,3,
  2.8129456E+02,  0.0000000E+00,  2.5702209E+02,3094,  6.9209564E-01,  0.0000000E+00,  3.9682996E-01,  9.9990900E+02, -5.4093989E+03,3,
  2.7924225E+02,  0.0000000E+00,  2.5506422E+02,3131,  9.0789187E-01,  0.0000000E+00,  9.5964223E-02,  1.0004827E+03,  2.8739918E+04,3,
  2.8088388E+02,  0.0000000E+00,  2.5788873E+02,3224,  1.2408828E+00,  0.0000000E+00,  1.0607801E-01,  1.0001187E+03,  7.0609678E+03,3,
  2.8149716E+02,  0.0000000E+00,  2.5456892E+02,3126,  8.8642222E-01,  0.0000000E+00, -1.8777389E-02,  1.0013736E+03,  8.2008523E+04,3,
  2.8323013E+02,  0.0000000E+00,  2.5774387E+02,3223,  1.2189717E+00,  0.0000000E+00, -1.0019504E-02,  9.9997217E+02, -1.6546971E+03,3,
  2.8297119E+02,  0.0000000E+00,  2.5479286E+02,3135,  7.8214842E-01,  0.0000000E+00, -5.0062411E-02,  1.0012587E+03,  7.5120930E+04,3,
  2.8443555E+02,  0.0000000E+00,  2.5790518E+02,3205,  1.1907400E+00,  0.0000000E+00, -1.6787734E-02,  1.0000132E+03,  7.8390039E+02,3,
  2.8438229E+02,  0.0000000E+00,  2.5473660E+02,3090,  7.7352071E-01,  0.0000000E+00, -5.0685860E-02,  1.0012588E+03,  7.5128242E+04,3,
  2.8547202E+02,  0.0000000E+00,  2.5798190E+02,2839,  1.1668998E+00,  0.0000000E+00, -3.3995662E-02,  1.0000547E+03,  3.2521399E+03,3,
  2.8655685E+02,  0.0000000E+00,  2.5784744E+02,3093,  1.1743432E+00,  0.0000000E+00, -3.3093739E-02,  1.0000321E+03,  1.9090509E+03,3,
  2.8571240E+02,  0.0000000E+00,  2.5493951E+02,3132,  7.2415763E-01,  0.0000000E+00, -3.1220319E-02,  1.0008454E+03,  5.0393285E+04,3,
  2.8769080E+02,  0.0000000E+00,  2.5806137E+02,3075,  1.2154590E+00,  0.0000000E+00, -1.2557852E-01,  1.0001017E+03,  6.0478003E+03,3,
  2.8788065E+02,  0.0000000E+00,  2.5517445E+02,3011,  1.2102375E+00,  0.0000000E+00, -9.3484864E-02,  1.0004541E+03,  2.7036756E+04,3,
  2.8708032E+02,  0.0000000E+00,  2.5474794E+02,3087,  4.3830338E-01,  0.0000000E+00,  5.9659813E-02,  1.0009358E+03,  5.5796656E+04,3,
  2.8897583E+02,  0.0000000E+00,  2.5779846E+02,3112,  1.2059679E+00,  0.0000000E+00, -1.7615734E-01,  1.0000342E+03,  2.0324624E+03,3,
  2.8914554E+02,  0.0000000E+00,  2.5480405E+02,3123,  6.8004978E-01,  0.0000000E+00, -4.8752677E-02,  1.0008627E+03,  5.1425574E+04,3,
  2.9020917E+02,  0.0000000E+00,  2.5793689E+02,2812,  1.2839611E+00,  0.0000000E+00, -3.4075603E-01,  1.0000599E+03,  3.5643433E+03,3,
  2.9010892E+02,  0.0000000E+00,  2.5503444E+02,3013,  6.9474566E-01,  0.0000000E+00,  2.1402214E-02,  1.0006864E+03,  4.0896152E+04,3,
  2.9115692E+02,  0.0000000E+00,  2.5505400E+02,2976,  9.7958678E-01,  0.0000000E+00,  8.7169103E-02,  1.0007612E+03,  4.5361047E+04,3,
  2.9299149E+02,  0.0000000E+00,  2.5767245E+02,3012,  1.6338098E+00,  0.0000000E+00, -4.7716925E-01,  1.0000872E+03,  5.1872339E+03,3,
  2.9251578E+02,  0.0000000E+00,  2.5487395E+02,3031,  9.7876132E-01,  0.0000000E+00, -1.0885601E-01,  1.0008442E+03,  5.0320340E+04,3,
  2.9422098E+02,  0.0000000E+00,  2.5720468E+02,3158,  1.6079837E+00,  0.0000000E+00, -4.2445779E-01,  1.0001013E+03,  6.0260127E+03,3,
  2.9362582E+02,  0.0000000E+00,  2.5486871E+02,2930,  1.1504591E+00,  0.0000000E+00, -4.5899948E-01,  1.0006832E+03,  4.0706664E+04,3,
  2.9446448E+02,  0.0000000E+00,  2.5440523E+02,2967,  9.8609775E-01,  0.0000000E+00, -7.3208976E-01,  1.0006500E+03,  3.8720922E+04,3,
  2.9161407E+02,  0.0000000E+00,  2.5788345E+02,3225,  1.4958519E+00,  0.0000000E+00, -4.6916914E-01,  1.0000663E+03,  3.9419048E+03,3,
  2.9527151E+02,  0.0000000E+00,  2.5769687E+02,3216,  1.4767674E+00,  0.0000000E+00, -4.0776047E-01,  1.0002123E+03,  1.2629789E+04,3,
  2.9608917E+02,  0.0000000E+00,  2.5395058E+02,2740,  1.0156033E+00,  0.0000000E+00, -6.3288468E-01,  1.0005373E+03,  3.1997846E+04,3,
  2.9653012E+02,  0.0000000E+00,  2.5717593E+02,3076,  1.3938959E+00,  0.0000000E+00, -4.0948114E-01,  1.0002757E+03,  1.6405869E+04,3,
  2.9584015E+02,  0.0000000E+00,  2.5271376E+02,3072,  4.0781081E-02,  0.0000000E+00, -1.8311344E-01,  1.0014918E+03,  8.9098594E+04,3,
  2.9762741E+02,  0.0000000E+00,  2.5684299E+02,3141,  1.3736748E+00,  0.0000000E+00, -4.6098101E-01,  1.0003609E+03,  2.1481672E+04,3,
  2.9921796E+02,  0.0000000E+00,  2.5618155E+02,3096,  1.2823073E+00,  0.0000000E+00, -5.9006220E-01,  1.0005482E+03,  3.2645918E+04,3,
  2.9853690E+02,  0.0000000E+00,  2.5298485E+02,3107,  1.3419514E+00,  0.0000000E+00, -6.7390874E-02,  1.0013102E+03,  7.8211164E+04,3,
  3.0068942E+02,  0.0000000E+00,  2.5728052E+02,3196,  1.4925528E+00,  0.0000000E+00, -1.7212507E-01,  1.0002205E+03,  1.3116711E+04,3,
  3.0046060E+02,  0.0000000E+00,  2.5305356E+02,3040,  9.3899351E-01,  0.0000000E+00, -6.0515237E-01,  1.0010343E+03,  6.1688605E+04,3,
  3.0159933E+02,  0.0000000E+00,  2.5565910E+02,2921,  1.5186000E+00,  0.0000000E+00, -5.0049812E-01,  1.0007476E+03,  4.4548105E+04,3,
  2.9999585E+02,  0.0000000E+00,  2.5355688E+02,3140,  1.2867606E+00,  0.0000000E+00,  5.2402891E-02,  1.0004812E+03,  2.8652568E+04,3,
  3.0076575E+02,  0.0000000E+00,  2.5197728E+02,3077,  8.9521724E-01,  0.0000000E+00, -7.8774303E-01,  1.0008337E+03,  4.9696645E+04,3,
  2.9658994E+02,  0.0000000E+00,  2.5258263E+02,2946,  8.7246782E-01,  0.0000000E+00, -1.2810819E-01,  1.0017913E+03,  1.0708234E+05,3,
  2.9870010E+02,  0.0000000E+00,  2.5752728E+02,3207,  1.3739959E+00,  0.0000000E+00, -4.1935572E-01,  1.0002410E+03,  1.4337752E+04,3,
  3.0282614E+02,  0.0000000E+00,  2.5721033E+02,3197,  1.3010162E+00,  0.0000000E+00,  3.3519182E-01,  1.0001616E+03,  9.6106855E+03,3,
  3.0350916E+02,  0.0000000E+00,  2.5458366E+02,3060,  1.3146611E+00,  0.0000000E+00,  7.0557094E-01,  1.0008037E+03,  4.7902375E+04,3,
  3.0368765E+02,  0.0000000E+00,  2.5727481E+02,3198,  1.1842660E+00,  0.0000000E+00,  4.1800779E-01,  1.0001310E+03,  7.7945801E+03,3,
  3.0444159E+02,  0.0000000E+00,  2.5689319E+02,3168,  1.1392094E+00,  0.0000000E+00,  4.8653430E-01,  1.0001722E+03,  1.0242769E+04,3,
  3.0584518E+02,  0.0000000E+00,  2.5593106E+02,2785,  1.4814637E+00,  0.0000000E+00,  1.7769694E-01,  1.0008691E+03,  5.1812254E+04,3,
  3.0758020E+02,  0.0000000E+00,  2.5686307E+02,2993,  1.1277397E+00,  0.0000000E+00,  1.6331545E-01,  1.0003900E+03,  2.3212982E+04,3,
  3.0817575E+02,  0.0000000E+00,  2.5756094E+02,3178,  1.1988630E+00,  0.0000000E+00,  2.1637242E-02,  1.0001793E+03,  1.0667812E+04,3,
  3.0447278E+02,  0.0000000E+00,  2.5394128E+02,2885,  5.2162611E-01,  0.0000000E+00,  1.1324213E-01,  1.0005085E+03,  3.0283205E+04,3,
  3.0768628E+02,  0.0000000E+00,  2.5385049E+02,2776,  6.1075747E-01,  0.0000000E+00, -7.6196037E-02,  1.0006913E+03,  4.1187676E+04,3,
  3.0626663E+02,  0.0000000E+00,  2.5365298E+02,2876,  3.5095295E-01,  0.0000000E+00,  1.7660870E-01,  1.0007032E+03,  4.1901945E+04,3,
  3.0895084E+02,  0.0000000E+00,  2.5776913E+02,3170,  1.3268706E+00,  0.0000000E+00, -8.1210241E-02,  1.0001944E+03,  1.1565188E+04,3,
  3.0901337E+02,  0.0000000E+00,  2.5405824E+02,3021,  6.3219517E-01,  0.0000000E+00, -4.7408640E-02,  1.0007426E+03,  4.4252836E+04,3,
  3.1011221E+02,  0.0000000E+00,  2.5791818E+02,3180,  1.4197078E+00,  0.0000000E+00, -1.9857755E-01,  1.0002182E+03,  1.2982260E+04,3,
  3.1143570E+02,  0.0000000E+00,  2.5779721E+02,3150,  1.5888214E+00,  0.0000000E+00, -1.8366291E-01,  1.0002872E+03,  1.7089279E+04,3,
  3.1008826E+02,  0.0000000E+00,  2.5468806E+02,2949,  5.9764451E-01,  0.0000000E+00,  8.0723219E-02,  1.0008314E+03,  4.9554402E+04,3,
  3.1277338E+02,  0.0000000E+00,  2.5767105E+02,3187,  1.4545645E+00,  0.0000000E+00, -8.2491785E-03,  1.0003268E+03,  1.9452494E+04,3,
  3.1135114E+02,  0.0000000E+00,  2.5437999E+02,2994,  7.1603882E-01,  0.0000000E+00, -8.8204764E-02,  1.0008087E+03,  4.8197750E+04,3,
  3.1397122E+02,  0.0000000E+00,  2.5759726E+02,3188,  1.4834834E+00,  0.0000000E+00,  5.6655478E-02,  1.0003339E+03,  1.9870660E+04,3,
  3.1247528E+02,  0.0000000E+00,  2.5418176E+02,2722,  7.1911818E-01,  0.0000000E+00,  1.4676386E-01,  1.0007398E+03,  4.4085156E+04,3,
  3.1527496E+02,  0.0000000E+00,  2.5784821E+02,3045,  1.5111456E+00,  0.0000000E+00,  1.0956832E-01,  1.0002731E+03,  1.6249564E+04,3,
  3.1411392E+02,  0.0000000E+00,  2.5501598E+02,2985,  6.6609734E-01,  0.0000000E+00, -1.3639684E-03,  1.0006232E+03,  3.7125328E+04,3,
  3.1430118E+02,  0.0000000E+00,  2.5359343E+02,2913,  7.1636188E-01,  0.0000000E+00, -1.1107909E-01,  1.0009528E+03,  5.6811254E+04,3,
  3.1654095E+02,  0.0000000E+00,  2.5788815E+02,3189,  1.4609615E+00,  0.0000000E+00,  1.7384583E-01,  1.0002568E+03,  1.5282708E+04,3,
  3.1593716E+02,  0.0000000E+00,  2.5403372E+02,2922,  6.4515203E-01,  0.0000000E+00,  3.2847166E-02,  1.0007884E+03,  4.6987129E+04,3,
  3.1696515E+02,  0.0000000E+00,  2.5567715E+02,3121,  7.7888864E-01,  0.0000000E+00, -4.3813947E-01,  1.0006028E+03,  3.5908770E+04,3,
  3.1825098E+02,  0.0000000E+00,  2.5766336E+02,3169,  1.1592025E+00,  0.0000000E+00,  2.3440257E-01,  1.0002852E+03,  1.6969316E+04,3,
  3.1756979E+02,  0.0000000E+00,  2.5379439E+02,3105,  7.8519469E-01,  0.0000000E+00, -2.6567258E-02,  1.0008243E+03,  4.9131340E+04,3,
  3.1941965E+02,  0.0000000E+00,  2.5733072E+02,3039,  1.0197827E+00,  0.0000000E+00,  2.0843342E-01,  1.0003599E+03,  2.1419844E+04,3,
  3.2067609E+02,  0.0000000E+00,  2.5744492E+02,3160,  9.9990487E-01,  0.0000000E+00,  2.1423313E-01,  1.0002872E+03,  1.7092914E+04,3,
  3.1887808E+02,  0.0000000E+00,  2.5433517E+02,2713,  8.0606431E-01,  0.0000000E+00, -1.6167648E-02,  1.0006116E+03,  3.6429613E+04,3,
  3.2197806E+02,  0.0000000E+00,  2.5733200E+02,3151,  9.3458796E-01,  0.0000000E+00,  1.8580793E-01,  1.0002786E+03,  1.6580354E+04,3,
  3.2037463E+02,  0.0000000E+00,  2.5362895E+02,3051,  7.8288710E-01,  0.0000000E+00,  3.5227507E-02,  1.0008791E+03,  5.2406895E+04,3,
  3.2091653E+02,  0.0000000E+00,  2.5487903E+02,3086,  6.3194364E-01,  0.0000000E+00,  4.1573528E-02,  1.0005414E+03,  3.2241779E+04,3,
  3.2237460E+02,  0.0000000E+00,  2.5384583E+02,3068,  6.4471823E-01,  0.0000000E+00, -4.8544131E-02,  1.0009022E+03,  5.3786012E+04,3,
  3.2319989E+02,  0.0000000E+00,  2.5708347E+02,2767,  8.9823824E-01,  0.0000000E+00,  1.4862631E-01,  1.0003099E+03,  1.8445332E+04,3,
  3.2446127E+02,  0.0000000E+00,  2.5722018E+02,3003,  8.7082809E-01,  0.0000000E+00,  1.3885851E-01,  1.0002618E+03,  1.5580752E+04,3,
  3.2366125E+02,  0.0000000E+00,  2.5454578E+02,3041,  5.6659716E-01,  0.0000000E+00,  2.6600316E-02,  1.0006751E+03,  4.0222035E+04,3,
  3.2563495E+02,  0.0000000E+00,  2.5728247E+02,3133,  8.2415128E-01,  0.0000000E+00,  1.2706086E-01,  1.0002299E+03,  1.3679970E+04,3,
  3.2490912E+02,  0.0000000E+00,  2.5390271E+02,2731,  5.5280858E-01,  0.0000000E+00,  6.5537512E-02,  1.0008494E+03,  5.0634023E+04,3,
  3.2684396E+02,  0.0000000E+00,  2.5645630E+02,3022,  8.2145989E-01,  0.0000000E+00,  5.8015265E-02,  1.0004410E+03,  2.6254418E+04,3,
  3.2807928E+02,  0.0000000E+00,  2.5727167E+02,3162,  8.0678117E-01,  0.0000000E+00,  1.0611773E-01,  1.0002311E+03,  1.3749017E+04,3,
  3.2630853E+02,  0.0000000E+00,  2.5421532E+02,2903,  4.9348298E-01,  0.0000000E+00, -1.1134936E-02,  1.0007097E+03,  4.2288254E+04,3,
  3.2772775E+02,  0.0000000E+00,  2.5387172E+02,2986,  4.6007574E-01,  0.0000000E+00,  4.8801813E-02,  1.0007507E+03,  4.4737664E+04,3,
  3.2900137E+02,  0.0000000E+00,  2.5437140E+02,3042,  4.3943438E-01,  0.0000000E+00, -4.9857844E-02,  1.0006735E+03,  4.0123652E+04,3,
  3.2930478E+02,  0.0000000E+00,  2.5726547E+02,3153,  7.9954779E-01,  0.0000000E+00,  1.0920485E-01,  1.0002289E+03,  1.3621825E+04,3,
  3.3043524E+02,  0.0000000E+00,  2.5658145E+02,3095,  7.3550600E-01,  0.0000000E+00,  9.8569773E-02,  1.0003483E+03,  2.0732500E+04,3,
  3.3036462E+02,  0.0000000E+00,  2.5397873E+02,2641,  4.1716304E-01,  0.0000000E+00,  1.5474278E-01,  1.0007753E+03,  4.6206867E+04,3,
  3.3173007E+02,  0.0000000E+00,  2.5714276E+02,3142,  7.6598948E-01,  0.0000000E+00,  1.0196602E-01,  1.0002063E+03,  1.2273698E+04,3,
  3.3319086E+02,  0.0000000E+00,  2.5715472E+02,3152,  7.4472314E-01,  0.0000000E+00,  8.8820457E-02,  1.0002075E+03,  1.2342735E+04,3,
  3.3257468E+02,  0.0000000E+00,  2.5505484E+02,2894,  5.4275334E-01,  0.0000000E+00, -5.4519936E-02,  1.0005864E+03,  3.4925430E+04,3,
  3.3213309E+02,  0.0000000E+00,  2.5366896E+02,3032,  3.7553611E-01,  0.0000000E+00,  9.3485929E-02,  1.0008752E+03,  5.2177059E+04,3,
  3.3448224E+02,  0.0000000E+00,  2.5704706E+02,3143,  7.0393991E-01,  0.0000000E+00,  8.8055804E-02,  1.0002275E+03,  1.3538243E+04,3,
  3.3416330E+02,  0.0000000E+00,  2.5384760E+02,2650,  4.4764510E-01,  0.0000000E+00,  7.9851553E-02,  1.0007811E+03,  4.6553238E+04,3,
  3.3551193E+02,  0.0000000E+00,  2.5486688E+02,2858,  4.5065412E-01,  0.0000000E+00, -7.2807014E-02,  1.0006400E+03,  3.8123457E+04,3,
  3.3589847E+02,  0.0000000E+00,  2.5707205E+02,3122,  6.9231713E-01,  0.0000000E+00,  8.2332484E-02,  1.0002258E+03,  1.3436492E+04,3,
  3.3634998E+02,  0.0000000E+00,  2.5357748E+02,2886,  4.9063355E-01,  0.0000000E+00,  7.5846225E-02,  1.0007654E+03,  4.5612598E+04,3,
  3.3728409E+02,  0.0000000E+00,  2.5702145E+02,3134,  6.4283472E-01,  0.0000000E+00,  7.8022659E-02,  1.0002311E+03,  1.3752650E+04,3,
  3.3868076E+02,  0.0000000E+00,  2.5673593E+02,2749,  6.1926264E-01,  0.0000000E+00,  6.1623447E-02,  1.0002785E+03,  1.6573082E+04,3,
  3.3790067E+02,  0.0000000E+00,  2.5464046E+02,3015,  3.7225503E-01,  0.0000000E+00, -7.0939898E-02,  1.0006553E+03,  3.9037887E+04,3,
  3.3989374E+02,  0.0000000E+00,  2.5688400E+02,2758,  5.8843970E-01,  0.0000000E+00,  5.0671406E-02,  1.0002523E+03,  1.5010115E+04,3,
  3.3893091E+02,  0.0000000E+00,  2.5375264E+02,2959,  5.0717652E-01,  0.0000000E+00,  1.6473521E-01,  1.0006714E+03,  4.0003410E+04,3,
  3.4114862E+02,  0.0000000E+00,  2.5692111E+02,3113,  6.2585855E-01,  0.0000000E+00,  4.2309701E-02,  1.0002316E+03,  1.3778089E+04,3,
  3.4066290E+02,  0.0000000E+00,  2.5375281E+02,3014,  3.9792570E-01,  0.0000000E+00,  1.1518831E-01,  1.0007520E+03,  4.4814219E+04,3,
  3.4141949E+02,  0.0000000E+00,  2.5479297E+02,2968,  5.1285857E-01,  0.0000000E+00, -4.3107517E-02,  1.0005801E+03,  3.4553973E+04,3,
  3.4263748E+02,  0.0000000E+00,  2.5701471E+02,3124,  5.8379441E-01,  0.0000000E+00,  3.1682938E-02,  1.0002166E+03,  1.2884148E+04,3,
  3.4300262E+02,  0.0000000E+00,  2.5365834E+02,2896,  5.0147152E-01,  0.0000000E+00,  1.0049622E-01,  1.0007888E+03,  4.7012652E+04,3,
  3.4402405E+02,  0.0000000E+00,  2.5704684E+02,3114,  6.0266203E-01,  0.0000000E+00,  2.1652555E-02,  1.0002048E+03,  1.2182860E+04,3,
  3.4391199E+02,  0.0000000E+00,  2.5491447E+02,3005,  5.2998954E-01,  0.0000000E+00, -7.4593667E-03,  1.0005797E+03,  3.4524840E+04,3,
  3.4540079E+02,  0.0000000E+00,  2.5707541E+02,3106,  5.8227456E-01,  0.0000000E+00,  1.2961601E-02,  1.0001879E+03,  1.1176437E+04,3,
  3.4522644E+02,  0.0000000E+00,  2.5381516E+02,2970,  5.5274868E-01,  0.0000000E+00,  9.8790288E-02,  1.0008230E+03,  4.9054754E+04,3,
  3.4719724E+02,  0.0000000E+00,  2.5711829E+02,3125,  6.9955027E-01,  0.0000000E+00,  1.1812894E-03,  1.0001732E+03,  1.0300894E+04,3,
  3.4658807E+02,  0.0000000E+00,  2.5548546E+02,3078,  5.5143285E-01,  0.0000000E+00,  9.9360466E-02,  1.0005116E+03,  3.0465213E+04,3,
  3.4871173E+02,  0.0000000E+00,  2.5714322E+02,3115,  6.7815161E-01,  0.0000000E+00, -9.8316092E-04,  1.0001735E+03,  1.0319058E+04,3,
  3.4714337E+02,  0.0000000E+00,  2.5381761E+02,3024,  5.2651525E-01,  0.0000000E+00,  9.6581042E-02,  1.0008389E+03,  5.0003016E+04,3,
  3.4898456E+02,  0.0000000E+00,  2.5378096E+02,2944,  4.4075167E-01,  0.0000000E+00,  8.9796156E-02,  1.0007885E+03,  4.6994422E+04,3,
  3.4936987E+02,  0.0000000E+00,  2.5540396E+02,3050,  6.4541638E-01,  0.0000000E+00,  7.6260716E-02,  1.0005632E+03,  3.3541641E+04,3,
  3.5043393E+02,  0.0000000E+00,  2.5706143E+02,3116,  7.9548389E-01,  0.0000000E+00,  1.9180162E-03,  1.0001768E+03,  1.0515230E+04,3,
  3.5211197E+02,  0.0000000E+00,  2.5702530E+02,2977,  7.8711843E-01,  0.0000000E+00,  6.5877545E-04,  1.0001853E+03,  1.1023847E+04,3,
  3.5184091E+02,  0.0000000E+00,  2.5528433E+02,2923,  6.4341706E-01,  0.0000000E+00,  6.4260907E-02,  1.0005738E+03,  3.4175246E+04,3,
  3.5097159E+02,  0.0000000E+00,  2.5367928E+02,2895,  3.7151787E-01,  0.0000000E+00,  5.7383373E-02,  1.0007286E+03,  4.3418117E+04,3,
  3.5370419E+02,  0.0000000E+00,  2.5712845E+02,3108,  8.5371655E-01,  0.0000000E+00, -1.9057075E-02,  1.0001996E+03,  1.1877652E+04,3,
  3.5523938E+02,  0.0000000E+00,  2.5710211E+02,3117,  8.5861242E-01,  0.0000000E+00, -2.4148343E-02,  1.0001968E+03,  1.1710519E+04,3,
  3.5423700E+02,  0.0000000E+00,  2.5499657E+02,2632,  6.0784948E-01,  0.0000000E+00,  2.9863238E-03,  1.0005820E+03,  3.4663223E+04,3,
  3.5297501E+02,  0.0000000E+00,  2.5373291E+02,2840,  3.3591595E-01,  0.0000000E+00,  5.9495714E-02,  1.0006977E+03,  4.1570312E+04,3,
  3.5508398E+02,  0.0000000E+00,  2.5328778E+02,3033,  4.1825336E-01,  0.0000000E+00,  1.8232882E-01,  1.0007713E+03,  4.5966238E+04,3,
  3.5653702E+02,  0.0000000E+00,  2.5669998E+02,3059,  8.3307469E-01,  0.0000000E+00, -2.5183400E-02,  1.0002032E+03,  1.2088391E+04,3,
  3.5643045E+02,  0.0000000E+00,  2.5464754E+02,2969,  5.5949223E-01,  0.0000000E+00, -1.0002773E-01,  1.0006163E+03,  3.6713723E+04,3,
  3.6100494E+02,  0.0000000E+00,  2.5160696E+02,2606,  3.6009422E-01,  0.0000000E+00,  2.4671842E-01,  1.0011533E+03,  6.8808117E+04,3,
  3.5785901E+02,  0.0000000E+00,  2.5695596E+02,3097,  8.3703333E-01,  0.0000000E+00, -5.3235296E-02,  1.0001797E+03,  1.0689610E+04,3,
  3.5745959E+02,  0.0000000E+00,  2.5356363E+02,2951,  6.2796694E-01,  0.0000000E+00,  1.3592082E-01,  1.0008320E+03,  4.9594523E+04,3,
  3.5932330E+02,  0.0000000E+00,  2.5680820E+02,3088,  1.0776019E+00,  0.0000000E+00, -2.9686674E-02,  1.0002013E+03,  1.1975754E+04,3,
  3.5894424E+02,  0.0000000E+00,  2.5506203E+02,2605,  5.0068945E-01,  0.0000000E+00,  1.5437190E-01,  1.0005310E+03,  3.1622857E+04,3,
  3.6094049E+02,  0.0000000E+00,  2.5671680E+02,3099,  1.0629742E+00,  0.0000000E+00,  7.9882585E-02,  1.0002338E+03,  1.3912551E+04,3,
  3.6271774E+02,  0.0000000E+00,  2.5692987E+02,3098,  1.0510190E+00,  0.0000000E+00,  6.0027294E-02,  1.0002451E+03,  1.4584886E+04,3,
  3.5996411E+02,  0.0000000E+00,  2.5403169E+02,2878,  7.3660165E-01,  0.0000000E+00,  2.1524571E-01,  1.0008596E+03,  5.1243184E+04,3,
  3.6192847E+02,  0.0000000E+00,  2.5548503E+02,2888,  9.0133852E-01,  0.0000000E+00,  2.0309515E-01,  1.0004319E+03,  2.5712275E+04,3,
  3.6191736E+02,  0.0000000E+00,  2.5341971E+02,2877,  1.1223319E-01,  0.0000000E+00, -6.8372592E-02,  1.0001287E+03,  7.6565698E+03,3,
  3.6299380E+02,  0.0000000E+00,  2.5251277E+02,2828,  6.5383631E-01,  0.0000000E+00,  2.3258279E-01,  1.0014716E+03,  8.7883008E+04,3,
  3.6415878E+02,  0.0000000E+00,  2.5697351E+02,2940,  1.0313795E+00,  0.0000000E+00, -3.9473578E-02,  1.0002541E+03,  1.5119151E+04,3,
  3.6356052E+02,  0.0000000E+00,  2.5371941E+02,2868,  3.8799414E-01,  0.0000000E+00, -8.0042804E-04,  1.0004003E+03,  2.3827742E+04,3,
  3.6464813E+02,  0.0000000E+00,  2.5563304E+02,2904,  7.9796946E-01,  0.0000000E+00, -2.0249901E-02,  1.0002551E+03,  1.5177305E+04,3,
  3.6582391E+02,  0.0000000E+00,  2.5694778E+02,3070,  1.0216655E+00,  0.0000000E+00, -1.5261298E-01,  1.0002664E+03,  1.5853360E+04,3,
  3.6521457E+02,  0.0000000E+00,  2.5265085E+02,2721,  4.7703174E-01,  0.0000000E+00, -5.0682775E-03,  1.0018665E+03,  1.1159891E+05,3,
  3.6744720E+02,  0.0000000E+00,  2.5710947E+02,3089,  1.0528035E+00,  0.0000000E+00, -1.4442985E-01,  1.0002599E+03,  1.5464440E+04,3,
  3.6717590E+02,  0.0000000E+00,  2.5586795E+02,2907,  1.1180490E+00,  0.0000000E+00,  1.4335111E-02,  1.0002504E+03,  1.4901080E+04,3,
  3.6904056E+02,  0.0000000E+00,  2.5700159E+02,3079,  1.2339747E+00,  0.0000000E+00, -1.0730955E-01,  1.0002601E+03,  1.5478979E+04,3,
  3.6653473E+02,  0.0000000E+00,  2.5308064E+02,2819,  4.5239606E-01,  0.0000000E+00, -3.5461057E-02,  1.0007872E+03,  4.6917852E+04,3,
  3.6965512E+02,  0.0000000E+00,  2.5586214E+02,2906,  9.9039316E-01,  0.0000000E+00, -1.4126729E-02,  1.0003094E+03,  1.8416246E+04,3,
  3.6746100E+02,  0.0000000E+00,  2.5290160E+02,2772,  3.7991318E-01,  0.0000000E+00,  2.4400875E-03,  1.0008215E+03,  4.8963582E+04,3,
  3.6840158E+02,  0.0000000E+00,  2.5279390E+02,2809,  4.9269289E-01,  0.0000000E+00, -4.6435483E-03,  1.0009280E+03,  5.5333188E+04,3,
  3.6944257E+02,  0.0000000E+00,  2.5312468E+02,2862,  4.8085949E-01,  0.0000000E+00, -5.6394208E-03,  1.0005349E+03,  3.1852217E+04,3,
  3.7099377E+02,  0.0000000E+00,  2.5695383E+02,3081,  1.1732774E+00,  0.0000000E+00, -7.8881226E-02,  1.0002513E+03,  1.4951963E+04,3,
  3.7033575E+02,  0.0000000E+00,  2.5294975E+02,2725,  4.5545661E-01,  0.0000000E+00, -1.1816521E-02,  1.0008081E+03,  4.8164930E+04,3,
  3.7189331E+02,  0.0000000E+00,  2.5575018E+02,2997,  1.1329437E+00,  0.0000000E+00,  5.9586674E-02,  1.0002854E+03,  1.6983857E+04,3,
  3.7273138E+02,  0.0000000E+00,  2.5696121E+02,3071,  1.2106600E+00,  0.0000000E+00, -7.6665081E-02,  1.0002410E+03,  1.4337752E+04,3,
  3.7146106E+02,  0.0000000E+00,  2.5265645E+02,2774,  4.3750218E-01,  0.0000000E+00, -1.3208504E-02,  1.0013004E+03,  7.7618648E+04,3,
  3.7396262E+02,  0.0000000E+00,  2.5602075E+02,2860,  1.1502718E+00,  0.0000000E+00, -2.2065761E-02,  1.0002795E+03,  1.6631244E+04,3,
  3.7473495E+02,  0.0000000E+00,  2.5689771E+02,3023,  1.3022557E+00,  0.0000000E+00, -1.1611796E-01,  1.0002402E+03,  1.4290506E+04,3,
  3.7269135E+02,  0.0000000E+00,  2.5284323E+02,2579,  4.3153772E-01,  0.0000000E+00, -8.2124304E-03,  1.0009437E+03,  5.6271098E+04,3,
  3.7603864E+02,  0.0000000E+00,  2.5602618E+02,2914,  1.2019265E+00,  0.0000000E+00, -8.6732760E-02,  1.0002809E+03,  1.6714852E+04,3,
  3.7372656E+02,  0.0000000E+00,  2.5313460E+02,2988,  4.1848716E-01,  0.0000000E+00, -2.1400633E-03,  1.0004654E+03,  2.7709979E+04,3,
  3.7440906E+02,  0.0000000E+00,  2.5311018E+02,2750,  4.6838555E-01,  0.0000000E+00, -9.5958565E-04,  1.0004916E+03,  2.9271305E+04,3,
  3.7539233E+02,  0.0000000E+00,  2.5271141E+02,2762,  4.5442265E-01,  0.0000000E+00,  1.1653082E-02,  1.0010671E+03,  6.3649711E+04,3,
  3.7643015E+02,  0.0000000E+00,  2.5297159E+02,2816,  4.9335825E-01,  0.0000000E+00,  4.7507975E-03,  1.0007312E+03,  4.3571203E+04,3,
  3.7679300E+02,  0.0000000E+00,  2.5698679E+02,3080,  1.3137813E+00,  0.0000000E+00, -1.4811757E-01,  1.0002457E+03,  1.4621229E+04,3,
  3.7819220E+02,  0.0000000E+00,  2.5580963E+02,2889,  1.2445374E+00,  0.0000000E+00, -2.5260251E-02,  1.0002700E+03,  1.6067817E+04,3,
  3.7871426E+02,  0.0000000E+00,  2.5694751E+02,3063,  1.3653978E+00,  0.0000000E+00, -1.3730957E-01,  1.0002539E+03,  1.5108248E+04,3,
  3.7739606E+02,  0.0000000E+00,  2.5292181E+02,2696,  4.6565786E-01,  0.0000000E+00, -3.6327867E-03,  1.0007944E+03,  4.7344469E+04,3,
  3.8011972E+02,  0.0000000E+00,  2.5680820E+02,3052,  1.3831639E+00,  0.0000000E+00, -9.7105689E-02,  1.0002608E+03,  1.5518961E+04,3,
  3.8098340E+02,  0.0000000E+00,  2.5594081E+02,2971,  1.4353702E+00,  0.0000000E+00, -4.5374888E-03,  1.0002817E+03,  1.6765744E+04,3,
  3.7836108E+02,  0.0000000E+00,  2.5289987E+02,2898,  5.2389693E-01,  0.0000000E+00, -2.9545011E-02,  1.0008289E+03,  4.9408520E+04,3,
  3.8210831E+02,  0.0000000E+00,  2.5678867E+02,3053,  1.4492891E+00,  0.0000000E+00, -5.7248846E-02,  1.0002622E+03,  1.5602560E+04,3,
  3.7940652E+02,  0.0000000E+00,  2.5322070E+02,2897,  4.8789343E-01,  0.0000000E+00, -4.8308421E-02,  1.0004656E+03,  2.7724535E+04,3,
  3.8027963E+02,  0.0000000E+00,  2.5256610E+02,2765,  4.7347420E-01,  0.0000000E+00, -2.6842190E-02,  1.0012945E+03,  7.7267539E+04,3,
  3.8133557E+02,  0.0000000E+00,  2.5320172E+02,2891,  5.1929671E-01,  0.0000000E+00, -1.8560380E-02,  1.0004033E+03,  2.4009631E+04,3,
  3.8193457E+02,  0.0000000E+00,  2.5311287E+02,2515,  4.9034333E-01,  0.0000000E+00, -8.9236666E-03,  1.0004485E+03,  2.6705619E+04,3,
  3.8276382E+02,  0.0000000E+00,  2.5302184E+02,2852,  4.2035389E-01,  0.0000000E+00, -1.4429733E-02,  1.0006290E+03,  3.7471383E+04,3,
  3.8343771E+02,  0.0000000E+00,  2.5679382E+02,2795,  1.4127073E+00,  0.0000000E+00, -9.2245899E-02,  1.0002386E+03,  1.4196016E+04,3,
  3.8378766E+02,  0.0000000E+00,  2.5573979E+02,2916,  1.2081677E+00,  0.0000000E+00, -7.6775797E-02,  1.0001892E+03,  1.1256365E+04,3,
  3.8501996E+02,  0.0000000E+00,  2.5681427E+02,2677,  1.3275859E+00,  0.0000000E+00, -1.8137257E-01,  1.0002208E+03,  1.3134880E+04,3,
  3.8412103E+02,  0.0000000E+00,  2.5270869E+02,2775,  6.0493904E-01,  0.0000000E+00,  2.8232625E-02,  1.0015267E+03,  9.1189602E+04,3,
  3.8654745E+02,  0.0000000E+00,  2.5667084E+02,2822,  1.4520984E+00,  0.0000000E+00, -2.2476587E-01,  1.0002054E+03,  1.2219195E+04,3,
  3.8637714E+02,  0.0000000E+00,  2.5598434E+02,2777,  1.3978776E+00,  0.0000000E+00, -1.4543121E-01,  1.0002620E+03,  1.5591656E+04,3,
  3.8793475E+02,  0.0000000E+00,  2.5660208E+02,2686,  1.4109340E+00,  0.0000000E+00, -2.9199979E-01,  1.0002603E+03,  1.5486249E+04,3,
  3.8540591E+02,  0.0000000E+00,  2.5271661E+02,2730,  6.1840039E-01,  0.0000000E+00, -1.2292161E-01,  1.0016959E+03,  1.0134691E+05,3,
  3.8922974E+02,  0.0000000E+00,  2.5661093E+02,3034,  1.3275609E+00,  0.0000000E+00, -3.0385393E-01,  1.0002352E+03,  1.3992502E+04,3,
  3.8972949E+02,  0.0000000E+00,  2.5552155E+02,2778,  1.4022841E+00,  0.0000000E+00, -6.0926855E-01,  1.0005513E+03,  3.2831609E+04,3,
  3.8688196E+02,  0.0000000E+00,  2.5321596E+02,2561,  5.5474031E-01,  0.0000000E+00, -2.3462442E-01,  1.0007278E+03,  4.3367086E+04,3,
  3.8788129E+02,  0.0000000E+00,  2.5298676E+02,2943,  5.2128893E-01,  0.0000000E+00, -2.3288809E-01,  1.0006440E+03,  3.8367539E+04,3,
  3.8847797E+02,  0.0000000E+00,  2.5248860E+02,2844,  5.3067923E-01,  0.0000000E+00, -2.8772125E-01,  1.0006933E+03,  4.1307930E+04,3,
  3.8929532E+02,  0.0000000E+00,  2.5200594E+02,2859,  6.0892743E-01,  0.0000000E+00, -3.8031843E-01,  1.0005932E+03,  3.5333324E+04,3,
  3.9103000E+02,  0.0000000E+00,  2.5648444E+02,2659,  1.3699875E+00,  0.0000000E+00, -1.3671814E-01,  1.0002449E+03,  1.4573982E+04,3,
  3.9126715E+02,  0.0000000E+00,  2.5426608E+02,2933,  7.9330605E-01,  0.0000000E+00, -6.9303286E-01,  1.0007523E+03,  4.4828801E+04,3,
  3.9255743E+02,  0.0000000E+00,  2.5664517E+02,3054,  1.1431742E+00,  0.0000000E+00,  6.1704144E-02,  1.0002151E+03,  1.2800572E+04,3,
  3.9348013E+02,  0.0000000E+00,  2.5639481E+02,2668,  1.2186460E+00,  0.0000000E+00,  1.7054135E-01,  1.0002548E+03,  1.5159132E+04,3,
  3.9267947E+02,  0.0000000E+00,  2.5377708E+02,3006,  1.0142386E+00,  0.0000000E+00,  1.3283926E-01,  1.0007155E+03,  4.2634488E+04,3,
  3.9478058E+02,  0.0000000E+00,  2.5684869E+02,3025,  1.1172001E+00,  0.0000000E+00,  8.7082170E-02,  1.0001783E+03,  1.0606053E+04,3,
  3.9587869E+02,  0.0000000E+00,  2.5661328E+02,3043,  1.0909204E+00,  0.0000000E+00, -7.5621456E-03,  1.0002363E+03,  1.4061551E+04,3,
  3.9439975E+02,  0.0000000E+00,  2.5402385E+02,2987,  7.4759358E-01,  0.0000000E+00,  2.2661193E-01,  1.0008836E+03,  5.2676867E+04,3,
  3.9593536E+02,  0.0000000E+00,  2.5407166E+02,2768,  8.2077318E-01,  0.0000000E+00, -4.9066100E-02,  1.0007069E+03,  4.2120609E+04,3,
  3.9706964E+02,  0.0000000E+00,  2.5673215E+02,2813,  1.2288834E+00,  0.0000000E+00, -9.8089442E-02,  1.0002427E+03,  1.4443146E+04,3,
  3.9736469E+02,  0.0000000E+00,  2.5402188E+02,2551,  7.7431571E-01,  0.0000000E+00, -5.9695687E-02,  1.0006922E+03,  4.1242336E+04,3,
  3.9832919E+02,  0.0000000E+00,  2.5681903E+02,3044,  1.2962294E+00,  0.0000000E+00, -8.1955269E-02,  1.0002468E+03,  1.4686648E+04,3,
  3.9963794E+02,  0.0000000E+00,  2.5682858E+02,3035,  1.2325307E+00,  0.0000000E+00, -8.5895145E-03,  1.0002225E+03,  1.3240262E+04,3,
  3.9870477E+02,  0.0000000E+00,  2.5399509E+02,2853,  7.7089030E-01,  0.0000000E+00, -2.8906275E-02,  1.0006313E+03,  3.7609809E+04,3,
  4.0062427E+02,  0.0000000E+00,  2.5608682E+02,2932,  1.2044667E+00,  0.0000000E+00,  2.0447352E-03,  1.0003765E+03,  2.2412760E+04,3,
  4.0190091E+02,  0.0000000E+00,  2.5689914E+02,3036,  1.1679618E+00,  0.0000000E+00,  5.6356777E-02,  1.0001964E+03,  1.1685086E+04,3,
  4.0017657E+02,  0.0000000E+00,  2.5383621E+02,2797,  6.9881779E-01,  0.0000000E+00, -9.1870673E-02,  1.0006592E+03,  3.9274703E+04,3,
  4.0294678E+02,  0.0000000E+00,  2.5657901E+02,2905,  1.1894808E+00,  0.0000000E+00,  6.8487294E-02,  1.0002601E+03,  1.5478979E+04,3,
  4.0168732E+02,  0.0000000E+00,  2.5394113E+02,2880,  7.2843152E-01,  0.0000000E+00, -5.1144723E-02,  1.0006907E+03,  4.1151234E+04,3,
  4.0308633E+02,  0.0000000E+00,  2.5397456E+02,2587,  7.0297664E-01,  0.0000000E+00, -1.3757524E-02,  1.0007006E+03,  4.1745238E+04,3,
  4.0424359E+02,  0.0000000E+00,  2.5670370E+02,2978,  1.1646835E+00,  0.0000000E+00,  9.2742443E-02,  1.0002476E+03,  1.4730261E+04,3,
  4.0449811E+02,  0.0000000E+00,  2.5417635E+02,2779,  6.9380027E-01,  0.0000000E+00, -1.4678275E-02,  1.0006376E+03,  3.7985023E+04,3,
  4.0543204E+02,  0.0000000E+00,  2.5695798E+02,3026,  1.1121593E+00,  0.0000000E+00,  1.0191894E-01,  1.0002092E+03,  1.2448108E+04,3,
  4.0661783E+02,  0.0000000E+00,  2.5690231E+02,3017,  1.0876806E+00,  0.0000000E+00,  8.4341206E-02,  1.0001985E+03,  1.1808619E+04,3,
  4.0585400E+02,  0.0000000E+00,  2.5389407E+02,2833,  6.9826931E-01,  0.0000000E+00, -1.2330432E-01,  1.0006960E+03,  4.1468273E+04,3,
  4.0790240E+02,  0.0000000E+00,  2.5694852E+02,3027,  1.1317739E+00,  0.0000000E+00,  2.5930621E-02,  1.0001971E+03,  1.1725052E+04,3,
  4.0926016E+02,  0.0000000E+00,  2.5676660E+02,2786,  1.1117835E+00,  0.0000000E+00, -2.7125133E-02,  1.0002315E+03,  1.3774455E+04,3,
  4.0725494E+02,  0.0000000E+00,  2.5457550E+02,2714,  6.2555003E-01,  0.0000000E+00,  1.0276917E-01,  1.0006630E+03,  3.9496953E+04,3,
  4.0814066E+02,  0.0000000E+00,  2.5373663E+02,2742,  5.3694731E-01,  0.0000000E+00,  3.3098850E-02,  1.0008498E+03,  5.0655910E+04,3,
  4.0970081E+02,  0.0000000E+00,  2.5463423E+02,2743,  7.0364791E-01,  0.0000000E+00,  1.6323976E-01,  1.0005350E+03,  3.1863139E+04,3,
  4.1060327E+02,  0.0000000E+00,  2.5685117E+02,3007,  1.1146324E+00,  0.0000000E+00, -6.7820311E-02,  1.0002423E+03,  1.4417706E+04,3,
  4.1048785E+02,  0.0000000E+00,  2.5152310E+02,2642,  2.3424749E-01,  0.0000000E+00,  2.8482643E-01,  1.0007417E+03,  4.4198160E+04,3,
  4.1122601E+02,  0.0000000E+00,  2.5482861E+02,2823,  1.0161210E+00,  0.0000000E+00,  1.2828851E-01,  1.0006521E+03,  3.8848434E+04,3,
  4.1189832E+02,  0.0000000E+00,  2.5212849E+02,2718,  9.6104819E-01,  0.0000000E+00,  5.7502830E-01,  1.0013244E+03,  7.9059781E+04,3,
  4.1198679E+02,  0.0000000E+00,  2.5693054E+02,3018,  1.2463893E+00,  0.0000000E+00, -6.6459246E-02,  1.0002855E+03,  1.6987492E+04,3,
  4.1315805E+02,  0.0000000E+00,  2.5683633E+02,2759,  1.2392170E+00,  0.0000000E+00, -3.0044656E-02,  1.0003324E+03,  1.9783389E+04,3,
  4.1282199E+02,  0.0000000E+00,  2.5364619E+02,2488,  5.7414865E-01,  0.0000000E+00, -3.1340051E-01,  1.0001307E+03,  7.7764209E+03,3,
  4.1325842E+02,  0.0000000E+00,  2.5298633E+02,2782,  7.8744060E-01,  0.0000000E+00,  8.9331664E-02,  1.0008444E+03,  5.0331281E+04,3,
  4.1432675E+02,  0.0000000E+00,  2.5700009E+02,2998,  1.2214080E+00,  0.0000000E+00, -6.3577639E-03,  1.0002867E+03,  1.7063832E+04,3,
  4.1443167E+02,  0.0000000E+00,  2.5305573E+02,2716,  8.8750827E-01,  0.0000000E+00,  5.8354631E-02,  1.0009361E+03,  5.5814902E+04,3,
  4.1536884E+02,  0.0000000E+00,  2.5514503E+02,2935,  9.1226715E-01,  0.0000000E+00,  2.9274172E-03,  1.0004208E+03,  2.5053740E+04,3,
  4.1570468E+02,  0.0000000E+00,  2.5705908E+02,2989,  1.1726308E+00,  0.0000000E+00, -2.9841915E-02,  1.0002672E+03,  1.5900613E+04,3,
  4.1573428E+02,  0.0000000E+00,  2.5268634E+02,2737,  8.7939256E-01,  0.0000000E+00, -3.3242986E-02,  1.0014249E+03,  8.5082586E+04,3,
  4.1686908E+02,  0.0000000E+00,  2.5699850E+02,2623,  1.1615441E+00,  0.0000000E+00, -5.5160254E-02,  1.0002661E+03,  1.5831551E+04,3,
  4.1684027E+02,  0.0000000E+00,  2.5348741E+02,2669,  9.2939937E-01,  0.0000000E+00, -6.4966269E-02,  1.0000767E+03,  4.5627344E+03,3,
  4.1741257E+02,  0.0000000E+00,  2.5288358E+02,2791,  6.2306958E-01,  0.0000000E+00, -1.5499595E-02,  1.0008288E+03,  4.9401223E+04,3,
  4.1805688E+02,  0.0000000E+00,  2.5588635E+02,2824,  1.1881505E+00,  0.0000000E+00, -9.3940988E-02,  1.0004119E+03,  2.4522576E+04,3,
  4.1852618E+02,  0.0000000E+00,  2.5710117E+02,2980,  1.1803424E+00,  0.0000000E+00, -2.2348920E-02,  1.0002568E+03,  1.5282708E+04,3,
  4.1834381E+02,  0.0000000E+00,  2.5263989E+02,2634,  8.4756821E-01,  0.0000000E+00,  3.9382740E-03,  1.0012123E+03,  7.2346023E+04,3,
  4.1996927E+02,  0.0000000E+00,  2.5701578E+02,2614,  1.1354209E+00,  0.0000000E+00,  4.7084548E-02,  1.0002830E+03,  1.6842084E+04,3,
  4.2042245E+02,  0.0000000E+00,  2.5502176E+02,2817,  1.1856849E+00,  0.0000000E+00,  1.8995354E-01,  1.0004365E+03,  2.5985162E+04,3,
  4.1957388E+02,  0.0000000E+00,  2.5294855E+02,2479,  8.5685170E-01,  0.0000000E+00,  1.2454201E-02,  1.0007273E+03,  4.3337926E+04,3,
  4.2123291E+02,  0.0000000E+00,  2.5713510E+02,2991,  1.1723046E+00,  0.0000000E+00,  7.2262593E-02,  1.0002786E+03,  1.6576717E+04,3,
  4.2063922E+02,  0.0000000E+00,  2.5281796E+02,2788,  7.6947850E-01,  0.0000000E+00,  1.8608108E-02,  1.0008383E+03,  4.9966543E+04,3,
  4.2129984E+02,  0.0000000E+00,  2.5316032E+02,2835,  7.1813869E-01,  0.0000000E+00,  1.4032061E-02,  1.0003673E+03,  2.1863553E+04,3,
  4.2239771E+02,  0.0000000E+00,  2.5683154E+02,2961,  1.1737845E+00,  0.0000000E+00,  7.0461400E-02,  1.0003179E+03,  1.8917994E+04,3,
  4.2252020E+02,  0.0000000E+00,  2.5275055E+02,2734,  7.7695912E-01,  0.0000000E+00,  5.3368103E-02,  1.0009876E+03,  5.8895520E+04,3,
  4.2373273E+02,  0.0000000E+00,  2.5702942E+02,3000,  1.2187622E+00,  0.0000000E+00,  6.6022128E-02,  1.0002621E+03,  1.5595290E+04,3,
  4.2299036E+02,  0.0000000E+00,  2.5306929E+02,2687,  8.1891531E-01,  0.0000000E+00,  7.4671507E-02,  1.0006489E+03,  3.8658988E+04,3,
  4.2391629E+02,  0.0000000E+00,  2.5564275E+02,2615,  1.0412390E+00,  0.0000000E+00,  4.1360423E-02,  1.0003505E+03,  2.0859783E+04,3,
  4.2405661E+02,  0.0000000E+00,  2.5318080E+02,2717,  7.8446907E-01,  0.0000000E+00,  4.3522500E-02,  1.0006597E+03,  3.9303852E+04,3,
  4.2522681E+02,  0.0000000E+00,  2.5674216E+02,2925,  1.1453656E+00,  0.0000000E+00,  7.0802666E-02,  1.0002947E+03,  1.7540064E+04,3,
  4.2549200E+02,  0.0000000E+00,  2.5243451E+02,2685,  8.1138903E-01,  0.0000000E+00,  2.9972697E-02,  1.0021261E+03,  1.2722262E+05,3,
  4.2612744E+02,  0.0000000E+00,  2.5694724E+02,2990,  1.1409042E+00,  0.0000000E+00,  8.2141139E-02,  1.0002598E+03,  1.5460807E+04,3,
  4.2667334E+02,  0.0000000E+00,  2.5289899E+02,2703,  7.5547010E-01,  0.0000000E+00,  2.3009324E-02,  1.0012876E+03,  7.6854273E+04,3,
  4.2729858E+02,  0.0000000E+00,  2.5612787E+02,2815,  1.0489886E+00,  0.0000000E+00,  1.0173228E-01,  1.0003652E+03,  2.1736258E+04,3,
  4.2802618E+02,  0.0000000E+00,  2.5684650E+02,2741,  1.2024467E+00,  0.0000000E+00,  6.5838732E-02,  1.0002681E+03,  1.5951501E+04,3,
  4.2796289E+02,  0.0000000E+00,  2.5310727E+02,2598,  7.3001301E-01,  0.0000000E+00,  7.7591576E-02,  1.0007533E+03,  4.4890773E+04,3,
  4.2928033E+02,  0.0000000E+00,  2.5683389E+02,2973,  1.1361743E+00,  0.0000000E+00,  5.4744113E-02,  1.0003026E+03,  1.8009049E+04,3,
  4.2872299E+02,  0.0000000E+00,  2.5296170E+02,2710,  7.9402328E-01,  0.0000000E+00,  4.5507766E-02,  1.0008206E+03,  4.8908875E+04,3,
  4.3026282E+02,  0.0000000E+00,  2.5667923E+02,2972,  1.1425759E+00,  0.0000000E+00,  5.1031515E-02,  1.0003182E+03,  1.8936174E+04,3,
  4.2965753E+02,  0.0000000E+00,  2.5280981E+02,2626,  7.6639938E-01,  0.0000000E+00,  2.9160419E-02,  1.0009596E+03,  5.7220043E+04,3,
  4.3058429E+02,  0.0000000E+00,  2.5322160E+02,2806,  7.6821619E-01,  0.0000000E+00,  1.2651079E-02,  1.0004932E+03,  2.9365939E+04,3,
  4.3138562E+02,  0.0000000E+00,  2.5673602E+02,2841,  1.1370698E+00,  0.0000000E+00,  6.5315336E-02,  1.0002695E+03,  1.6035104E+04,3,
  4.3149994E+02,  0.0000000E+00,  2.5268059E+02,2507,  7.3634493E-01,  0.0000000E+00, -1.3052691E-02,  1.0011617E+03,  6.9316070E+04,3,
  4.3228336E+02,  0.0000000E+00,  2.5606067E+02,2470,  1.1104211E+00,  0.0000000E+00,  5.8226459E-02,  1.0003207E+03,  1.9088885E+04,3,
  4.3237213E+02,  0.0000000E+00,  2.5321175E+02,2720,  7.1996993E-01,  0.0000000E+00, -8.6368956E-03,  1.0005718E+03,  3.4055078E+04,3,
  4.3327713E+02,  0.0000000E+00,  2.5689066E+02,2982,  1.0927024E+00,  0.0000000E+00,  6.1217666E-02,  1.0002460E+03,  1.4639401E+04,3,
  4.3342209E+02,  0.0000000E+00,  2.5273975E+02,2617,  6.9527131E-01,  0.0000000E+00,  2.5594354E-02,  1.0011281E+03,  6.7302703E+04,3,
  4.3425623E+02,  0.0000000E+00,  2.5669312E+02,2869,  1.0815758E+00,  0.0000000E+00,  5.4321721E-02,  1.0002578E+03,  1.5340862E+04,3,
  4.3445251E+02,  0.0000000E+00,  2.5288155E+02,2580,  7.2644460E-01,  0.0000000E+00,  7.9943411E-02,  1.0009456E+03,  5.6380586E+04,3,
  4.3538428E+02,  0.0000000E+00,  2.5603983E+02,2658,  1.1374266E+00,  0.0000000E+00,  5.6841787E-02,  1.0003015E+03,  1.7943607E+04,3,
  4.3600943E+02,  0.0000000E+00,  2.5690930E+02,2962,  1.1295422E+00,  0.0000000E+00,  6.1522875E-02,  1.0002654E+03,  1.5791568E+04,3,
  4.3539420E+02,  0.0000000E+00,  2.5304591E+02,2480,  6.3086390E-01,  0.0000000E+00,  1.0383427E-01,  1.0007443E+03,  4.4354902E+04,3,
  4.3737506E+02,  0.0000000E+00,  2.5656339E+02,2887,  1.0469440E+00,  0.0000000E+00,  9.8379120E-02,  1.0003489E+03,  2.0768867E+04,3,
  4.3669254E+02,  0.0000000E+00,  2.5323279E+02,2534,  8.4617156E-01,  0.0000000E+00, -5.9787203E-02,  1.0007964E+03,  4.7468445E+04,3,
  4.3700516E+02,  0.0000000E+00,  2.5252260E+02,2389,  7.1370983E-01,  0.0000000E+00, -1.4737980E-03,  1.0014752E+03,  8.8102680E+04,3,
  4.3829788E+02,  0.0000000E+00,  2.5694595E+02,2954,  1.0012213E+00,  0.0000000E+00,  1.9587543E-02,  1.0002592E+03,  1.5424459E+04,3,
  4.3856360E+02,  0.0000000E+00,  2.5305997E+02,2733,  9.1859770E-01,  0.0000000E+00, -1.1232233E-01,  1.0004842E+03,  2.8830906E+04,3,
  4.3944888E+02,  0.0000000E+00,  2.5700577E+02,2842,  1.1286254E+00,  0.0000000E+00, -3.3771951E-02,  1.0002107E+03,  1.2535315E+04,3,
  4.3952881E+02,  0.0000000E+00,  2.5274478E+02,2745,  7.2593391E-01,  0.0000000E+00,  2.1715511E-01,  1.0007354E+03,  4.3819066E+04,3,
  4.4010950E+02,  0.0000000E+00,  2.5639697E+02,2660,  1.1558115E+00,  0.0000000E+00,  3.2026167E-03,  1.0002623E+03,  1.5606194E+04,3,
  4.4009341E+02,  0.0000000E+00,  2.5327304E+02,2781,  3.7116817E-01,  0.0000000E+00,  3.0323985E-01,  1.0004874E+03,  2.9020166E+04,3,
  4.4139191E+02,  0.0000000E+00,  2.5697452E+02,2955,  1.4370031E+00,  0.0000000E+00, -8.0411285E-02,  1.0002554E+03,  1.5195478E+04,3,
  4.4034818E+02,  0.0000000E+00,  2.5298914E+02,2699,  2.3132198E-01,  0.0000000E+00,  2.2976635E-01,  1.0008397E+03,  5.0050430E+04,3,
  4.4273550E+02,  0.0000000E+00,  2.5683447E+02,2964,  1.3945957E+00,  0.0000000E+00, -3.0544389E-02,  1.0003466E+03,  2.0630676E+04,3,
  4.4123361E+02,  0.0000000E+00,  2.5392915E+02,2736,  1.1027735E+00,  0.0000000E+00,  1.0747195E+00,  1.0006368E+03,  3.7934023E+04,3,
  4.4374496E+02,  0.0000000E+00,  2.5535196E+02,2706,  1.2701403E+00,  0.0000000E+00, -6.5608710E-01,  9.9942163E+02, -3.4329031E+04,3,
  4.4290775E+02,  0.0000000E+00,  2.5491435E+02,2689,  1.7921777E+00,  0.0000000E+00,  2.6623341E-01,  1.0007145E+03,  4.2576176E+04,3,
  4.4482169E+02,  0.0000000E+00,  2.5651172E+02,2934,  9.8039907E-01,  0.0000000E+00, -7.9780877E-02,  1.0004056E+03,  2.4144232E+04,3,
  4.4500479E+02,  0.0000000E+00,  2.5487877E+02,2571,  1.1061715E+00,  0.0000000E+00, -8.8480569E-02,  1.0008961E+03,  5.3421148E+04,3,
  4.4645660E+02,  0.0000000E+00,  2.5492749E+02,2646,  1.5771627E+00,  0.0000000E+00,  1.5413062E-01,  1.0004606E+03,  2.7426127E+04,3,
  4.4670596E+02,  0.0000000E+00,  2.5614636E+02,2732,  1.4797562E+00,  0.0000000E+00, -3.1808284E-01,  1.0004233E+03,  2.5199270E+04,3,
  4.4804474E+02,  0.0000000E+00,  2.5514198E+02,2680,  1.5103275E+00,  0.0000000E+00,  2.2141863E-01,  1.0001442E+03,  8.5790967E+03,3,
  4.4918042E+02,  0.0000000E+00,  2.5662369E+02,2578,  1.8593639E+00,  0.0000000E+00, -4.2579047E-02,  1.0002082E+03,  1.2386338E+04,3,
  4.4852466E+02,  0.0000000E+00,  2.5476805E+02,2711,  1.3074269E+00,  0.0000000E+00,  5.6696646E-02,  1.0006950E+03,  4.1409969E+04,3,
  4.5101248E+02,  0.0000000E+00,  2.5652692E+02,2836,  1.5155095E+00,  0.0000000E+00, -1.1219849E-01,  1.0001844E+03,  1.0969351E+04,3,
  4.5059940E+02,  0.0000000E+00,  2.5506616E+02,2799,  1.4898870E+00,  0.0000000E+00, -2.8264096E-01,  1.0001912E+03,  1.1372626E+04,3,
  4.5028110E+02,  0.0000000E+00,  2.5498535E+02,2688,  1.3969222E+00,  0.0000000E+00, -1.8841134E-01,  1.0003484E+03,  2.0739773E+04,3,
  4.5205536E+02,  0.0000000E+00,  2.5480287E+02,2678,  1.4644427E+00,  0.0000000E+00, -2.8151968E-01,  1.0006373E+03,  3.7966809E+04,3,
  4.5278021E+02,  0.0000000E+00,  2.5660196E+02,2945,  1.3551949E+00,  0.0000000E+00, -2.0793976E-01,  1.0001141E+03,  6.7886006E+03,3,
  4.5316245E+02,  0.0000000E+00,  2.5495473E+02,2635,  1.4896166E+00,  0.0000000E+00, -3.3963549E-01,  1.0004965E+03,  2.9566129E+04,3,
  4.5431335E+02,  0.0000000E+00,  2.5490862E+02,2870,  1.4320161E+00,  0.0000000E+00, -3.4189028E-01,  1.0006570E+03,  3.9139898E+04,3,
  4.5529507E+02,  0.0000000E+00,  2.5658914E+02,2936,  1.6020890E+00,  0.0000000E+00, -2.2363752E-01,  1.0000695E+03,  4.1306909E+03,3,
  4.5553809E+02,  0.0000000E+00,  2.5502116E+02,2681,  1.3107681E+00,  0.0000000E+00, -3.0010149E-01,  1.0004824E+03,  2.8721721E+04,3,
  4.5652924E+02,  0.0000000E+00,  2.5500598E+02,2707,  1.3417267E+00,  0.0000000E+00, -2.1487162E-01,  1.0006190E+03,  3.6870348E+04,3,
  4.5743799E+02,  0.0000000E+00,  2.5675839E+02,2705,  1.4982135E+00,  0.0000000E+00, -1.6505775E-01,  9.9996649E+02, -1.9921344E+03,3,
  4.5772668E+02,  0.0000000E+00,  2.5491408E+02,2735,  1.3200942E+00,  0.0000000E+00, -1.3387141E-01,  1.0004414E+03,  2.6279889E+04,3,
  4.5845135E+02,  0.0000000E+00,  2.5525882E+02,2645,  1.4743819E+00,  0.0000000E+00, -1.0066342E-01,  1.0003949E+03,  2.3507625E+04,3,
  4.5917038E+02,  0.0000000E+00,  2.5671487E+02,2560,  1.4179581E+00,  0.0000000E+00, -1.2138510E-01,  1.0000843E+03,  5.0129507E+03,3,
  4.5981348E+02,  0.0000000E+00,  2.5473518E+02,2609,  1.3768524E+00,  0.0000000E+00, -1.3372770E-01,  1.0007009E+03,  4.1763461E+04,3,
  4.6076721E+02,  0.0000000E+00,  2.5515497E+02,2827,  1.4476210E+00,  0.0000000E+00, -1.4621168E-01,  1.0004557E+03,  2.7131367E+04,3,
  4.6122183E+02,  0.0000000E+00,  2.5655264E+02,2796,  1.3820202E+00,  0.0000000E+00, -9.0747759E-02,  1.0000955E+03,  5.6774204E+03,3,
  4.6190628E+02,  0.0000000E+00,  2.5493788E+02,2656,  1.4021010E+00,  0.0000000E+00, -1.2058432E-01,  1.0005432E+03,  3.2351004E+04,3,
  4.6289877E+02,  0.0000000E+00,  2.5496404E+02,2789,  1.4094329E+00,  0.0000000E+00, -1.0079599E-01,  1.0003688E+03,  2.1954479E+04,3,
  4.6368570E+02,  0.0000000E+00,  2.5646317E+02,2805,  1.3835009E+00,  0.0000000E+00, -9.7753601E-03,  1.0001952E+03,  1.1612420E+04,3,
  4.6399576E+02,  0.0000000E+00,  2.5492598E+02,2608,  1.3864681E+00,  0.0000000E+00, -3.3121441E-02,  1.0005441E+03,  3.2401977E+04,3,
  4.6509619E+02,  0.0000000E+00,  2.5491486E+02,2673,  1.3781321E+00,  0.0000000E+00,  2.3367660E-02,  1.0005809E+03,  3.4597672E+04,3,
  4.6592328E+02,  0.0000000E+00,  2.5674387E+02,2926,  1.3201456E+00,  0.0000000E+00,  4.6594173E-02,  1.0002256E+03,  1.3421957E+04,3,
  4.6600827E+02,  0.0000000E+00,  2.5503638E+02,2516,  1.3944848E+00,  0.0000000E+00,  5.4351758E-02,  1.0000048E+03,  2.8669711E+02,3,
  4.6698383E+02,  0.0000000E+00,  2.5493320E+02,2770,  1.4460398E+00,  0.0000000E+00,  1.2613808E-01,  1.0005290E+03,  3.1502717E+04,3,
  4.6787518E+02,  0.0000000E+00,  2.5668124E+02,2928,  1.2876476E+00,  0.0000000E+00,  9.2643552E-02,  1.0002028E+03,  1.2066590E+04,3,
  4.6824469E+02,  0.0000000E+00,  2.5487654E+02,2570,  1.4513358E+00,  0.0000000E+00,  1.2929513E-01,  1.0005819E+03,  3.4659582E+04,3,
  4.6910175E+02,  0.0000000E+00,  2.5502086E+02,2624,  1.4736340E+00,  0.0000000E+00,  9.6487179E-02,  1.0002331E+03,  1.3868941E+04,3,
  4.7060336E+02,  0.0000000E+00,  2.5481323E+02,2629,  1.5064538E+00,  0.0000000E+00,  4.4607308E-02,  1.0007231E+03,  4.3090078E+04,3,
  4.7001941E+02,  0.0000000E+00,  2.5617188E+02,2899,  1.2118161E+00,  0.0000000E+00,  8.3408207E-02,  1.0002507E+03,  1.4915618E+04,3,
  4.7170670E+02,  0.0000000E+00,  2.5504927E+02,2666,  1.4169245E+00,  0.0000000E+00, -2.4499215E-02,  1.0005632E+03,  3.3545281E+04,3,
  4.7250455E+02,  0.0000000E+00,  2.5603476E+02,2900,  1.3269330E+00,  0.0000000E+00, -4.2879730E-03,  1.0001710E+03,  1.0170113E+04,3,
  4.7313330E+02,  0.0000000E+00,  2.5484074E+02,2533,  1.4185591E+00,  0.0000000E+00, -8.8397570E-02,  1.0007437E+03,  4.4314805E+04,3,
  4.7447440E+02,  0.0000000E+00,  2.5478360E+02,2649,  1.3152205E+00,  0.0000000E+00, -4.1363336E-02,  1.0007719E+03,  4.6002699E+04,3,
  4.7508289E+02,  0.0000000E+00,  2.5610593E+02,2927,  1.4559597E+00,  0.0000000E+00,  4.5678280E-03,  1.0002517E+03,  1.4977404E+04,3,
  4.7592584E+02,  0.0000000E+00,  2.5492180E+02,2628,  1.2949760E+00,  0.0000000E+00, -5.6020118E-02,  1.0004188E+03,  2.4933680E+04,3,
  4.7697842E+02,  0.0000000E+00,  2.5622006E+02,2901,  1.4063563E+00,  0.0000000E+00,  1.4150676E-02,  1.0002578E+03,  1.5340862E+04,3,
  4.7713965E+02,  0.0000000E+00,  2.5496863E+02,2535,  1.3361945E+00,  0.0000000E+00,  2.6804818E-02,  1.0004977E+03,  2.9635287E+04,3,
  4.7831885E+02,  0.0000000E+00,  2.5483955E+02,2648,  1.3263890E+00,  0.0000000E+00,  5.6361239E-02,  1.0006313E+03,  3.7606164E+04,3,
  4.7969757E+02,  0.0000000E+00,  2.5618356E+02,2769,  1.5053889E+00,  0.0000000E+00,  1.0763382E-01,  1.0003189E+03,  1.8979807E+04,3,
  4.7963635E+02,  0.0000000E+00,  2.5482425E+02,2790,  1.2663729E+00,  0.0000000E+00,  1.1637479E-01,  1.0006709E+03,  3.9970617E+04,3,
  4.8107028E+02,  0.0000000E+00,  2.5500360E+02,2771,  1.3101276E+00,  0.0000000E+00,  8.2136221E-02,  1.0003412E+03,  2.0307025E+04,3,
  4.8175858E+02,  0.0000000E+00,  2.5670590E+02,2524,  1.4317266E+00,  0.0000000E+00,  1.1757791E-01,  1.0001440E+03,  8.5645684E+03,3,
  4.8187000E+02,  0.0000000E+00,  2.5503867E+02,2808,  1.3227385E+00,  0.0000000E+00,  9.8214321E-02,  1.0003340E+03,  1.9881568E+04,3,
  4.8297998E+02,  0.0000000E+00,  2.5490746E+02,2683,  1.3387351E+00,  0.0000000E+00,  9.6173689E-02,  1.0004794E+03,  2.8547023E+04,3,
  4.8376672E+02,  0.0000000E+00,  2.5510651E+02,2597,  1.3210331E+00,  0.0000000E+00,  1.0057613E-01,  1.0004023E+03,  2.3947789E+04,3,
  4.8394055E+02,  0.0000000E+00,  2.5651904E+02,2882,  1.3506271E+00,  0.0000000E+00,  8.4960237E-02,  1.0001420E+03,  8.4447080E+03,3,
  4.8519769E+02,  0.0000000E+00,  2.5473373E+02,2371,  1.3597010E+00,  0.0000000E+00,  5.0286397E-02,  1.0008610E+03,  5.1323438E+04,3,
  4.8636844E+02,  0.0000000E+00,  2.5638190E+02,2871,  1.3637851E+00,  0.0000000E+00,  2.0715717E-02,  1.0001340E+03,  7.9689121E+03,3,
  4.8642413E+02,  0.0000000E+00,  2.5503226E+02,2674,  1.3342854E+00,  0.0000000E+00, -1.8964534E-03,  1.0004757E+03,  2.8325018E+04,3,
  4.8746338E+02,  0.0000000E+00,  2.5507628E+02,2747,  1.3478317E+00,  0.0000000E+00, -5.6280147E-02,  1.0004248E+03,  2.5290225E+04,3,
  4.8855801E+02,  0.0000000E+00,  2.5481665E+02,2652,  1.3173515E+00,  0.0000000E+00, -3.6912952E-02,  1.0006345E+03,  3.7799234E+04,3,
  4.8881403E+02,  0.0000000E+00,  2.5657816E+02,2873,  1.3262531E+00,  0.0000000E+00,  2.5707630E-03,  1.0001091E+03,  6.4871899E+03,3,
  4.8946671E+02,  0.0000000E+00,  2.5512088E+02,2700,  1.3571188E+00,  0.0000000E+00, -4.7688253E-02,  1.0003143E+03,  1.8703477E+04,3,
  4.9083484E+02,  0.0000000E+00,  2.5632245E+02,2890,  1.2592260E+00,  0.0000000E+00,  1.3459124E-02,  1.0001591E+03,  9.4653857E+03,3,
  4.9085992E+02,  0.0000000E+00,  2.5476482E+02,2601,  1.3434021E+00,  0.0000000E+00, -1.6442051E-02,  1.0007734E+03,  4.6090199E+04,3,
  4.9185861E+02,  0.0000000E+00,  2.5513412E+02,2554,  1.3124028E+00,  0.0000000E+00,  5.7955559E-02,  1.0003483E+03,  2.0732500E+04,3,
  4.9292496E+02,  0.0000000E+00,  2.5490910E+02,2582,  1.3133577E+00,  0.0000000E+00,  3.3889033E-02,  1.0006608E+03,  3.9365789E+04,3,
  4.9383218E+02,  0.0000000E+00,  2.5621405E+02,2892,  1.3825978E+00,  0.0000000E+00, -8.7631708E-03,  1.0001715E+03,  1.0202809E+04,3,
  4.9420020E+02,  0.0000000E+00,  2.5488147E+02,2826,  1.3152094E+00,  0.0000000E+00,  1.0510908E-02,  1.0006546E+03,  3.8997809E+04,3,
  4.9532977E+02,  0.0000000E+00,  2.5497702E+02,2807,  1.3151526E+00,  0.0000000E+00,  1.7836536E-04,  1.0004882E+03,  2.9067482E+04,3,
  4.9650964E+02,  0.0000000E+00,  2.5635138E+02,2506,  1.4318656E+00,  0.0000000E+00,  1.6590088E-03,  1.0001986E+03,  1.1815886E+04,3,
  4.9643390E+02,  0.0000000E+00,  2.5506326E+02,2607,  1.2723658E+00,  0.0000000E+00, -2.9806409E-02,  1.0002903E+03,  1.7274680E+04,3,
  4.9735086E+02,  0.0000000E+00,  2.5486365E+02,2671,  1.3050994E+00,  0.0000000E+00, -2.6050525E-02,  1.0006342E+03,  3.7777379E+04,3,
  4.9844907E+02,  0.0000000E+00,  2.5505713E+02,2691,  1.3203877E+00,  0.0000000E+00, -3.2758955E-02,  1.0002690E+03,  1.6009659E+04,3,
  4.9913382E+02,  0.0000000E+00,  2.5647736E+02,2760,  1.3286569E+00,  0.0000000E+00, -3.8464721E-03,  1.0001852E+03,  1.1020213E+04,3,
  4.9954535E+02,  0.0000000E+00,  2.5493068E+02,2672,  1.3075076E+00,  0.0000000E+00, -3.6646269E-02,  1.0005416E+03,  3.2256342E+04,3,
  5.0030121E+02,  0.0000000E+00,  2.5507376E+02,2692,  1.3267998E+00,  0.0000000E+00, -3.0904830E-02,  1.0002715E+03,  1.6155056E+04,3,
  5.0133832E+02,  0.0000000E+00,  2.5495920E+02,2753,  1.3455374E+00,  0.0000000E+00, -1.0726916E-02,  1.0004350E+03,  2.5897838E+04,3,
  5.0202161E+02,  0.0000000E+00,  2.5585387E+02,2834,  1.2220995E+00,  0.0000000E+00,  2.7027741E-02,  1.0003505E+03,  2.0859783E+04,3,
  5.0266397E+02,  0.0000000E+00,  2.5495216E+02,2619,  1.3624828E+00,  0.0000000E+00, -1.7453380E-02,  1.0004860E+03,  2.8936455E+04,3,
  5.0400507E+02,  0.0000000E+00,  2.5481721E+02,2843,  1.3328339E+00,  0.0000000E+00,  1.4077653E-02,  1.0006957E+03,  4.1450055E+04,3,
  5.0471283E+02,  0.0000000E+00,  2.5591687E+02,2874,  1.1970930E+00,  0.0000000E+00,  5.2149501E-02,  1.0002376E+03,  1.4137868E+04,3,
  5.0494550E+02,  0.0000000E+00,  2.5514128E+02,2863,  1.3489555E+00,  0.0000000E+00,  5.2955478E-02,  1.0003177E+03,  1.8910723E+04,3,
  5.0629886E+02,  0.0000000E+00,  2.5493977E+02,2854,  1.3042480E+00,  0.0000000E+00, -1.3593895E-02,  1.0007688E+03,  4.5816762E+04,3,
  5.0747369E+02,  0.0000000E+00,  2.5546605E+02,2751,  1.2942666E+00,  0.0000000E+00,  1.3013384E-01,  1.0003525E+03,  2.0983430E+04,3,
  5.0807758E+02,  0.0000000E+00,  2.5463260E+02,2600,  1.2686843E+00,  0.0000000E+00,  1.8820472E-02,  1.0009820E+03,  5.8559672E+04,3,
  5.0928220E+02,  0.0000000E+00,  2.5631323E+02,2855,  1.2904704E+00,  0.0000000E+00,  6.4958468E-02,  1.0002166E+03,  1.2884148E+04,3,
  5.1007782E+02,  0.0000000E+00,  2.5509404E+02,2690,  1.2266145E+00,  0.0000000E+00,  2.3541393E-02,  1.0000937E+03,  5.5721191E+03,3,
  5.1014731E+02,  0.0000000E+00,  2.5516063E+02,2679,  1.2443464E+00,  0.0000000E+00,  1.4948088E-02,  1.0002855E+03,  1.6987492E+04,3,
  5.1077756E+02,  0.0000000E+00,  2.5656873E+02,2865,  1.2848847E+00,  0.0000000E+00,  4.8329893E-02,  1.0001662E+03,  9.8867637E+03,3,
  5.1204187E+02,  0.0000000E+00,  2.5450830E+02,2444,  1.2644902E+00,  0.0000000E+00,  2.1520030E-02,  1.0011915E+03,  7.1095914E+04,3,
  5.1264374E+02,  0.0000000E+00,  2.5607727E+02,2633,  1.2577720E+00,  0.0000000E+00,  6.2466584E-02,  1.0002522E+03,  1.5006480E+04,3,
  5.1362677E+02,  0.0000000E+00,  2.5521503E+02,2453,  1.2125624E+00,  0.0000000E+00,  9.9030100E-03,  1.0002877E+03,  1.7118361E+04,3,
  5.1461615E+02,  0.0000000E+00,  2.5519890E+02,2663,  1.2179408E+00,  0.0000000E+00,  1.1824289E-02,  1.0003462E+03,  2.0605219E+04,3,
  5.1509436E+02,  0.0000000E+00,  2.5487007E+02,2698,  1.2574350E+00,  0.0000000E+00,  3.9685991E-02,  1.0006583E+03,  3.9216410E+04,3,
  5.1613641E+02,  0.0000000E+00,  2.5651807E+02,2838,  1.2121385E+00,  0.0000000E+00,  5.1151980E-02,  1.0001508E+03,  8.9713789E+03,3,
  5.1657593E+02,  0.0000000E+00,  2.5500166E+02,2682,  1.2522119E+00,  0.0000000E+00,  3.5978977E-02,  1.0004113E+03,  2.4482559E+04,3,
  5.1762244E+02,  0.0000000E+00,  2.5493573E+02,2588,  1.2769688E+00,  0.0000000E+00,  2.3443229E-02,  1.0004366E+03,  2.5992439E+04,3,
  5.1821991E+02,  0.0000000E+00,  2.5502283E+02,2654,  1.2795402E+00,  0.0000000E+00,  1.5950823E-02,  1.0002750E+03,  1.6362249E+04,3,
  5.1841992E+02,  0.0000000E+00,  2.5641666E+02,2630,  1.0789418E+00,  0.0000000E+00,  1.0171846E-01,  1.0001644E+03,  9.7777842E+03,3,
  5.1984674E+02,  0.0000000E+00,  2.5494209E+02,2798,  1.2299483E+00,  0.0000000E+00,  2.5319103E-02,  1.0006134E+03,  3.6538883E+04,3,
  5.2021606E+02,  0.0000000E+00,  2.5540504E+02,2847,  1.1804589E+00,  0.0000000E+00,  1.3900888E-01,  1.0003310E+03,  1.9699756E+04,3,
  5.2159174E+02,  0.0000000E+00,  2.5476447E+02,2622,  1.1726649E+00,  0.0000000E+00,  5.9018712E-02,  1.0011522E+03,  6.8742344E+04,3,
  5.2303625E+02,  0.0000000E+00,  2.5526720E+02,2829,  1.2074884E+00,  0.0000000E+00,  8.1611566E-02,  1.0003540E+03,  2.1070711E+04,3,
  5.2340576E+02,  0.0000000E+00,  2.5494066E+02,2837,  1.2040914E+00,  0.0000000E+00,  5.1790781E-02,  1.0005804E+03,  3.4568539E+04,3,
  5.2455054E+02,  0.0000000E+00,  2.5617325E+02,2697,  1.1610795E+00,  0.0000000E+00,  4.7090344E-02,  1.0002150E+03,  1.2793305E+04,3,
  5.2534180E+02,  0.0000000E+00,  2.5480270E+02,2611,  1.1982411E+00,  0.0000000E+00,  2.8557075E-02,  1.0006001E+03,  3.5744871E+04,3,
  5.2567041E+02,  0.0000000E+00,  2.5516394E+02,2461,  1.2113433E+00,  0.0000000E+00, -8.5035088E-03,  1.0001454E+03,  8.6517402E+03,3,
  5.2619440E+02,  0.0000000E+00,  2.5693167E+02,2595,  1.1244508E+00,  0.0000000E+00,  7.3456280E-02,  1.0000897E+03,  5.3324717E+03,3,
  5.2721350E+02,  0.0000000E+00,  2.5489256E+02,2715,  1.2396127E+00,  0.0000000E+00, -2.3867300E-02,  1.0006871E+03,  4.0939879E+04,3,
  5.2816150E+02,  0.0000000E+00,  2.5556505E+02,2752,  1.1211276E+00,  0.0000000E+00,  2.2205442E-01,  1.0002629E+03,  1.5646177E+04,3,
  5.2893195E+02,  0.0000000E+00,  2.5475154E+02,2820,  1.0722406E+00,  0.0000000E+00, -3.7358850E-02,  1.0010311E+03,  6.1498723E+04,3,
  5.3039972E+02,  0.0000000E+00,  2.5515814E+02,2353,  1.0813044E+00,  0.0000000E+00,  9.4456084E-02,  1.0003555E+03,  2.1161631E+04,3,
  5.3127008E+02,  0.0000000E+00,  2.5491707E+02,2517,  1.1319674E+00,  0.0000000E+00,  2.1031307E-02,  1.0005089E+03,  3.0305047E+04,3,
  5.3145422E+02,  0.0000000E+00,  2.5561064E+02,2589,  1.1061064E+00,  0.0000000E+00,  2.7279008E-02,  1.0004390E+03,  2.6134344E+04,3,
  5.3266571E+02,  0.0000000E+00,  2.5519640E+02,2719,  1.1222433E+00,  0.0000000E+00, -9.8714838E-03,  9.9977820E+02, -1.3179104E+04,3,
  5.3304761E+02,  0.0000000E+00,  2.5647729E+02,2810,  1.0904526E+00,  0.0000000E+00,  1.5715057E-02,  1.0001714E+03,  1.0195543E+04,3,
  5.3347345E+02,  0.0000000E+00,  2.5487242E+02,2726,  1.0896300E+00,  0.0000000E+00, -2.2018492E-02,  1.0006575E+03,  3.9172688E+04,3,
  5.3463654E+02,  0.0000000E+00,  2.5494083E+02,2602,  1.0999775E+00,  0.0000000E+00, -3.6100104E-02,  1.0006478E+03,  3.8589770E+04,3,
  5.3570740E+02,  0.0000000E+00,  2.5493968E+02,2518,  1.1080049E+00,  0.0000000E+00, -1.9441616E-02,  1.0005576E+03,  3.3210285E+04,3,
  5.3636243E+02,  0.0000000E+00,  2.5637524E+02,2780,  1.0072157E+00,  0.0000000E+00,  1.3332268E-02,  1.0002219E+03,  1.3200289E+04,3,
  5.3696130E+02,  0.0000000E+00,  2.5494168E+02,2462,  1.1292408E+00,  0.0000000E+00,  9.0513062E-03,  1.0004875E+03,  2.9027445E+04,3,
  5.3793427E+02,  0.0000000E+00,  2.5516539E+02,2755,  1.1029428E+00,  0.0000000E+00,  3.5478435E-02,  1.0000367E+03,  2.1849138E+03,3,
  5.3858405E+02,  0.0000000E+00,  2.5499573E+02,2618,  1.1228960E+00,  0.0000000E+00,  4.3190520E-02,  1.0004229E+03,  2.5177439E+04,3,
  5.3857623E+02,  0.0000000E+00,  2.5669046E+02,2802,  1.0009913E+00,  0.0000000E+00,  3.0680768E-02,  1.0001792E+03,  1.0660547E+04,3,
  5.3997974E+02,  0.0000000E+00,  2.5468919E+02,2573,  1.1183032E+00,  0.0000000E+00,  4.9989242E-02,  1.0008974E+03,  5.3501418E+04,3,
  5.4086200E+02,  0.0000000E+00,  2.5656934E+02,2801,  1.0052412E+00,  0.0000000E+00,  4.0280402E-02,  1.0002175E+03,  1.2938654E+04,3,
  5.4135236E+02,  0.0000000E+00,  2.5503001E+02,2627,  1.1348693E+00,  0.0000000E+00,  5.1357396E-02,  1.0003600E+03,  2.1427117E+04,3,
  5.4223083E+02,  0.0000000E+00,  2.5511089E+02,2525,  1.1153419E+00,  0.0000000E+00,  6.0198952E-02,  1.0001618E+03,  9.6252158E+03,3,
  5.4280231E+02,  0.0000000E+00,  2.5507536E+02,2637,  1.1047094E+00,  0.0000000E+00,  6.5469146E-02,  1.0002540E+03,  1.5111883E+04,3,
  5.4307471E+02,  0.0000000E+00,  2.5668765E+02,2792,  1.0272380E+00,  0.0000000E+00,  4.1398838E-02,  1.0001978E+03,  1.1768652E+04,3,
  5.4424225E+02,  0.0000000E+00,  2.5469250E+02,2490,  1.1175944E+00,  0.0000000E+00,  5.8087166E-02,  1.0008672E+03,  5.1699168E+04,3,
  5.4557410E+02,  0.0000000E+00,  2.5500040E+02,2665,  1.1349946E+00,  0.0000000E+00,  4.8714750E-02,  1.0003961E+03,  2.3576740E+04,3,
  5.4522949E+02,  0.0000000E+00,  2.5633780E+02,2661,  1.0525483E+00,  0.0000000E+00,  1.6739834E-02,  1.0002476E+03,  1.4733896E+04,3,
  5.4664819E+02,  0.0000000E+00,  2.5497543E+02,2544,  1.1247567E+00,  0.0000000E+00,  2.1799879E-02,  1.0004156E+03,  2.4740859E+04,3,
  5.4754407E+02,  0.0000000E+00,  2.5508992E+02,2655,  1.1057329E+00,  0.0000000E+00,  7.4230074E-03,  1.0001638E+03,  9.7450908E+03,3,
  5.4757434E+02,  0.0000000E+00,  2.5643573E+02,2670,  1.0942268E+00,  0.0000000E+00, -2.0579929E-03,  1.0002353E+03,  1.3999770E+04,3,
  5.4851355E+02,  0.0000000E+00,  2.5488902E+02,2644,  1.0955848E+00,  0.0000000E+00, -3.4441149E-03,  1.0005082E+03,  3.0261365E+04,3,
  5.4967877E+02,  0.0000000E+00,  2.5648148E+02,2764,  1.1326382E+00,  0.0000000E+00, -1.2041583E-02,  1.0002145E+03,  1.2760602E+04,3,
  5.4978906E+02,  0.0000000E+00,  2.5488081E+02,2590,  1.1044512E+00,  0.0000000E+00, -6.5575866E-03,  1.0005251E+03,  3.1273365E+04,3,
  5.5078906E+02,  0.0000000E+00,  2.5493813E+02,2636,  1.1268877E+00,  0.0000000E+00, -3.8958217E-03,  1.0004702E+03,  2.7997479E+04,3,
  5.5191254E+02,  0.0000000E+00,  2.5648016E+02,2793,  1.1077965E+00,  0.0000000E+00, -3.6707960E-02,  1.0001063E+03,  6.3237783E+03,3,
  5.5230865E+02,  0.0000000E+00,  2.5484401E+02,2452,  1.1009181E+00,  0.0000000E+00,  9.7426446E-03,  1.0006559E+03,  3.9074320E+04,3,
  5.5289337E+02,  0.0000000E+00,  2.5523540E+02,2763,  1.1047211E+00,  0.0000000E+00,  5.8539253E-02,  1.0003809E+03,  2.2674643E+04,3,
  5.5339709E+02,  0.0000000E+00,  2.5582251E+02,2744,  1.1564506E+00,  0.0000000E+00, -1.7332582E-01,  1.0001451E+03,  8.6299473E+03,3,
  5.5517273E+02,  0.0000000E+00,  2.5441147E+02,2586,  1.1587657E+00,  0.0000000E+00, -2.1196136E-02,  1.0019032E+03,  1.1380841E+05,3,
  5.5598206E+02,  0.0000000E+00,  2.5675720E+02,2604,  1.3607255E+00,  0.0000000E+00, -1.7945891E-02,  9.9991449E+02, -5.0829600E+03,3,
  5.5808807E+02,  0.0000000E+00,  2.5652908E+02,2754,  1.4727640E+00,  0.0000000E+00,  7.8765698E-02,  1.0001052E+03,  6.2584141E+03,3,
  5.5697504E+02,  0.0000000E+00,  2.5488770E+02,2451,  1.0291981E+00,  0.0000000E+00, -1.4167941E-02,  1.0008460E+03,  5.0429762E+04,3,
  5.5745868E+02,  0.0000000E+00,  2.5693988E+02,2443,  1.1425544E+00,  0.0000000E+00,  1.3212480E-02,  1.0000317E+03,  1.8836429E+03,3,
  5.5866479E+02,  0.0000000E+00,  2.5485246E+02,2757,  9.9971956E-01,  0.0000000E+00, -2.6195558E-02,  1.0006760E+03,  4.0276691E+04,3,
  5.5985315E+02,  0.0000000E+00,  2.5485472E+02,2471,  9.4778848E-01,  0.0000000E+00, -1.5330748E-04,  1.0006454E+03,  3.8451328E+04,3,
  5.6002136E+02,  0.0000000E+00,  2.5696570E+02,2783,  1.3480693E+00,  0.0000000E+00,  2.7896646E-02,  1.0001047E+03,  6.2293638E+03,3,
  5.6106415E+02,  0.0000000E+00,  2.5493062E+02,2426,  9.9310595E-01,  0.0000000E+00,  4.7715932E-02,  1.0005734E+03,  3.4149754E+04,3,
  5.6214941E+02,  0.0000000E+00,  2.5663397E+02,2766,  1.3869193E+00,  0.0000000E+00,  1.8167073E-02,  1.0001154E+03,  6.8648628E+03,3,
  5.6229858E+02,  0.0000000E+00,  2.5481078E+02,2537,  1.0964793E+00,  0.0000000E+00, -1.7399188E-02,  1.0006348E+03,  3.7817449E+04,3,
  5.6386981E+02,  0.0000000E+00,  2.5641684E+02,2416,  1.2985415E+00,  0.0000000E+00, -6.9652595E-02,  1.0001725E+03,  1.0260933E+04,3,
  5.6340607E+02,  0.0000000E+00,  2.5501686E+02,2621,  1.0217402E+00,  0.0000000E+00, -3.5136040E-02,  1.0004046E+03,  2.4086025E+04,3,
  5.6424377E+02,  0.0000000E+00,  2.5499045E+02,2612,  9.6831679E-01,  0.0000000E+00,  2.2020904E-04,  1.0005880E+03,  3.5023762E+04,3,
  5.6600177E+02,  0.0000000E+00,  2.5601221E+02,2738,  1.1040083E+00,  0.0000000E+00, -3.2927600E-01,  1.0001494E+03,  8.8842041E+03,3,
  5.6597461E+02,  0.0000000E+00,  2.5484406E+02,2509,  1.0456249E+00,  0.0000000E+00,  2.8737295E-02,  1.0006943E+03,  4.1369883E+04,3,
  5.6710059E+02,  0.0000000E+00,  2.5519250E+02,2638,  1.3992054E+00,  0.0000000E+00, -5.4997629E-01,  1.0008108E+03,  4.8325387E+04,3,
  5.6785187E+02,  0.0000000E+00,  2.5553564E+02,2417,  1.4464358E+00,  0.0000000E+00, -4.3463472E-02,  1.0003315E+03,  1.9732480E+04,3,
  5.7037109E+02,  0.0000000E+00,  2.5650186E+02,2727,  1.6481450E+00,  0.0000000E+00,  2.0794149E-01,  1.0001756E+03,  1.0446206E+04,3,
  5.6875586E+02,  0.0000000E+00,  2.5547086E+02,2664,  1.3332703E+00,  0.0000000E+00,  1.6978356E-01,  1.0004281E+03,  2.5486695E+04,3,
  5.6931610E+02,  0.0000000E+00,  2.5333069E+02,2491,  5.9137744E-01,  0.0000000E+00, -4.9438676E-01,  1.0006325E+03,  3.7679023E+04,3,
  5.7155322E+02,  0.0000000E+00,  2.5696307E+02,2709,  1.0636585E+00,  0.0000000E+00,  4.0883176E-02,  1.0001699E+03,  1.0108357E+04,3,
  5.7190027E+02,  0.0000000E+00,  2.5623642E+02,2335,  1.2007003E+00,  0.0000000E+00, -7.0602775E-02,  1.0003202E+03,  1.9056162E+04,3,
  5.7292511E+02,  0.0000000E+00,  2.5726849E+02,2739,  9.5243382E-01,  0.0000000E+00,  1.7361360E-02,  1.0001697E+03,  1.0093826E+04,3,
  5.7046729E+02,  0.0000000E+00,  2.5296574E+02,2546,  5.4107648E-01,  0.0000000E+00, -1.7753370E-01,  1.0006648E+03,  3.9606258E+04,3,
  5.7090399E+02,  0.0000000E+00,  2.5321419E+02,2481,  4.1991317E-01,  0.0000000E+00, -6.9213733E-02,  1.0003415E+03,  2.0325207E+04,3,
  5.7016718E+02,  0.0000000E+00,  2.5263341E+02,2653,  1.2249795E-01,  0.0000000E+00, -1.3305943E-01,  1.0010570E+03,  6.3047094E+04,3,
  5.7274261E+02,  0.0000000E+00,  2.5273451E+02,2702,  8.4481227E-01,  0.0000000E+00,  9.5345102E-02,  1.0013102E+03,  7.8207508E+04,3,
  5.7358618E+02,  0.0000000E+00,  2.5609891E+02,2620,  1.2547358E+00,  0.0000000E+00, -1.0654476E-01,  1.0003795E+03,  2.2590984E+04,3,
  5.7464343E+02,  0.0000000E+00,  2.5670999E+02,2407,  1.3992110E+00,  0.0000000E+00,  9.0530209E-02,  1.0001859E+03,  1.1056544E+04,3,
  5.7586304E+02,  0.0000000E+00,  2.5543571E+02,2647,  1.2210405E+00,  0.0000000E+00,  1.8499735E-01,  1.0006234E+03,  3.7136258E+04,3,
  5.7387579E+02,  0.0000000E+00,  2.5268565E+02,2566,  3.5802570E-01,  0.0000000E+00,  7.3473670E-02,  1.0012965E+03,  7.7388234E+04,3,
  5.7660413E+02,  0.0000000E+00,  2.5667987E+02,2616,  1.2749473E+00,  0.0000000E+00,  3.5417420E-01,  1.0002066E+03,  1.2291866E+04,3,
  5.7544629E+02,  0.0000000E+00,  2.5318967E+02,2657,  6.1936879E-01,  0.0000000E+00, -1.3847650E-02,  1.0002148E+03,  1.2782404E+04,3,
  5.7782202E+02,  0.0000000E+00,  2.5656039E+02,2625,  9.2861456E-01,  0.0000000E+00,  3.2890347E-01,  1.0002478E+03,  1.4744799E+04,3,
  5.7876617E+02,  0.0000000E+00,  2.5671719E+02,2729,  8.3764911E-01,  0.0000000E+00,  1.3592575E-01,  1.0002130E+03,  1.2669760E+04,3,
  5.7963226E+02,  0.0000000E+00,  2.5633078E+02,2547,  8.9246970E-01,  0.0000000E+00, -3.6022313E-02,  1.0002685E+03,  1.5976945E+04,3,
  5.7575262E+02,  0.0000000E+00,  2.5305151E+02,2591,  3.7645832E-01,  0.0000000E+00,  5.1241517E-02,  1.0003912E+03,  2.3289371E+04,3,
  5.7643781E+02,  0.0000000E+00,  2.5298055E+02,2499,  5.2960712E-01,  0.0000000E+00, -6.7425154E-02,  1.0005228E+03,  3.1135027E+04,3,
  5.7753851E+02,  0.0000000E+00,  2.5261656E+02,2513,  6.2106919E-01,  0.0000000E+00, -1.3086487E-01,  1.0011727E+03,  6.9970227E+04,3,
  5.7902661E+02,  0.0000000E+00,  2.5281737E+02,2454,  4.9611333E-01,  0.0000000E+00, -2.5149785E-02,  1.0006122E+03,  3.6469680E+04,3,
  5.7985028E+02,  0.0000000E+00,  2.5298251E+02,2463,  9.5587283E-02,  0.0000000E+00,  1.0167750E-01,  1.0005500E+03,  3.2755148E+04,3,
  5.8012482E+02,  0.0000000E+00,  2.5320154E+02,2593,  1.1736321E-01,  0.0000000E+00,  1.5766911E-01,  1.0004444E+03,  2.6458184E+04,3,
  5.8084149E+02,  0.0000000E+00,  2.5667542E+02,2701,  1.2592510E+00,  0.0000000E+00, -2.1918409E-01,  1.0002314E+03,  1.3767187E+04,3,
  5.8210822E+02,  0.0000000E+00,  2.5642444E+02,2520,  1.7503413E+00,  0.0000000E+00, -2.6161253E-01,  1.0003470E+03,  2.0652494E+04,3,
  5.8051019E+02,  0.0000000E+00,  2.5337029E+02,2584,  3.1529185E-01,  0.0000000E+00,  3.5167658E-01,  1.0004901E+03,  2.9180312E+04,3,
  5.8368512E+02,  0.0000000E+00,  2.5596524E+02,2510,  1.7774860E+00,  0.0000000E+00, -3.9454281E-01,  1.0007167E+03,  4.2707383E+04,3,
  5.8521912E+02,  0.0000000E+00,  2.5616354E+02,2558,  2.1132064E+00,  0.0000000E+00, -5.8985502E-01,  1.0004838E+03,  2.8809068E+04,3,
  5.8168024E+02,  0.0000000E+00,  2.5433978E+02,2583,  9.3415654E-01,  0.0000000E+00,  7.7465630E-01,  1.0003762E+03,  2.2390936E+04,3,
  5.8367224E+02,  0.0000000E+00,  2.5502769E+02,2529,  5.9814471E-01,  0.0000000E+00, -5.4821181E-03,  9.9998291E+02, -1.0160749E+03,3,
  5.8622913E+02,  0.0000000E+00,  2.5499614E+02,2398,  1.5693803E+00,  0.0000000E+00,  1.3518854E-02,  1.0006035E+03,  3.5945191E+04,3,
  5.8410858E+02,  0.0000000E+00,  2.5510083E+02,2492,  2.3797087E-01,  0.0000000E+00, -2.8310609E-01,  9.9973810E+02, -1.5559916E+04,3,
  5.8691516E+02,  0.0000000E+00,  2.5493271E+02,2694,  1.3065889E+00,  0.0000000E+00, -2.3282896E-01,  1.0004299E+03,  2.5592207E+04,3,
  5.8792914E+02,  0.0000000E+00,  2.5488660E+02,2553,  9.5422739E-01,  0.0000000E+00,  1.1439024E-01,  1.0003756E+03,  2.2358201E+04,3,
  5.8952234E+02,  0.0000000E+00,  2.5602606E+02,2498,  1.3335124E+00,  0.0000000E+00,  9.8676234E-02,  1.0003655E+03,  2.1758078E+04,3,
  5.8987451E+02,  0.0000000E+00,  2.5532703E+02,2418,  1.6937666E+00,  0.0000000E+00,  1.6651779E-01,  1.0007217E+03,  4.3002602E+04,3,
  5.9080951E+02,  0.0000000E+00,  2.5524170E+02,2572,  1.8309057E+00,  0.0000000E+00,  1.6544621E-01,  9.9859485E+02, -8.3196047E+04,3,
  5.9182043E+02,  0.0000000E+00,  2.5629602E+02,2684,  1.2019379E+00,  0.0000000E+00,  2.4918675E-01,  1.0004438E+03,  2.6421797E+04,3,
  5.9004010E+02,  0.0000000E+00,  2.5457675E+02,2381,  9.1968584E-01,  0.0000000E+00,  3.1013766E-01,  1.0011385E+03,  6.7927492E+04,3,
  5.9244141E+02,  0.0000000E+00,  2.5475182E+02,2567,  1.1646227E+00,  0.0000000E+00,  1.0716333E-01,  1.0009557E+03,  5.6986449E+04,3,
  5.9372455E+02,  0.0000000E+00,  2.5499046E+02,2464,  1.2862582E+00,  0.0000000E+00,  2.5534490E-01,  1.0002424E+03,  1.4424975E+04,3,
  5.9424561E+02,  0.0000000E+00,  2.5627078E+02,2675,  1.2920536E+00,  0.0000000E+00,  1.5550663E-01,  1.0003873E+03,  2.3052932E+04,3,
  5.9442133E+02,  0.0000000E+00,  2.5507660E+02,2555,  1.5106083E+00,  0.0000000E+00,  2.0882052E-01,  9.9998138E+02, -1.1067908E+03,3,
  5.9538507E+02,  0.0000000E+00,  2.5506705E+02,2548,  1.3723717E+00,  0.0000000E+00, -6.4446621E-02,  1.0004069E+03,  2.4220627E+04,3,
  5.9650494E+02,  0.0000000E+00,  2.5490002E+02,2428,  1.1537923E+00,  0.0000000E+00,  1.1174924E-01,  1.0001857E+03,  1.1045645E+04,3,
  5.9730371E+02,  0.0000000E+00,  2.5631256E+02,2693,  1.4613045E+00,  0.0000000E+00,  1.6335328E-01,  1.0003551E+03,  2.1136172E+04,3,
  5.9749896E+02,  0.0000000E+00,  2.5509862E+02,2556,  1.2327883E+00,  0.0000000E+00,  2.3431993E-01,  1.0003459E+03,  2.0587037E+04,3,
  5.9988434E+02,  0.0000000E+00,  2.5614621E+02,2489,  1.5043391E+00,  0.0000000E+00,  8.6197503E-02,  1.0004844E+03,  2.8845465E+04,3,
  5.9853284E+02,  0.0000000E+00,  2.5477841E+02,2574,  1.3508130E+00,  0.0000000E+00,  2.4801300E-01,  1.0007908E+03,  4.7132980E+04,3,
  5.9965424E+02,  0.0000000E+00,  2.5515735E+02,2419,  1.2107460E+00,  0.0000000E+00,  2.0398378E-01,  9.9938727E+02, -3.6364879E+04,3,
  6.0073383E+02,  0.0000000E+00,  2.5489818E+02,2435,  1.2022521E+00,  0.0000000E+00,  2.4551272E-01,  1.0003801E+03,  2.2627357E+04,3,
  6.0165131E+02,  0.0000000E+00,  2.5486914E+02,2500,  1.5770718E+00,  0.0000000E+00,  1.1017627E-01,  1.0004988E+03,  2.9704443E+04,3,
  6.0225488E+02,  0.0000000E+00,  2.5499706E+02,2483,  1.2179034E+00,  0.0000000E+00, -2.5329843E-01,  1.0002190E+03,  1.3029499E+04,3,
  6.0344244E+02,  0.0000000E+00,  2.5554916E+02,2372,  1.4576241E+00,  0.0000000E+00, -5.2906722E-02,  1.0006883E+03,  4.1009113E+04,3,
  6.0384015E+02,  0.0000000E+00,  2.5527068E+02,2562,  1.3270469E+00,  0.0000000E+00, -3.8718829E-01,  9.9993848E+02, -3.6573821E+03,3,
  6.0591010E+02,  0.0000000E+00,  2.5539818E+02,2599,  2.0995991E+00,  0.0000000E+00, -3.4839964E-01,  9.9978674E+02, -1.2671704E+04,3,
  6.0519415E+02,  0.0000000E+00,  2.5513771E+02,2676,  8.6285895E-01,  0.0000000E+00,  5.4594296E-01,  1.0009071E+03,  5.4081562E+04,3,
  6.0727911E+02,  0.0000000E+00,  2.5590617E+02,2545,  1.0259291E+00,  0.0000000E+00, -8.0907631E-01,  1.0002171E+03,  1.2916852E+04,3,
  6.0822424E+02,  0.0000000E+00,  2.5440309E+02,2445,  1.5228339E+00,  0.0000000E+00, -3.0713055E-01,  1.0004720E+03,  2.8103018E+04,3,
  6.0892395E+02,  0.0000000E+00,  2.5414859E+02,2530,  2.1880336E+00,  0.0000000E+00, -1.8473326E+00,  1.0002090E+03,  1.2433574E+04,3,
  6.0883246E+02,  0.0000000E+00,  2.5399365E+02,2308,  1.9087397E+00,  0.0000000E+00, -1.6252595E+00,  1.0010760E+03,  6.4182965E+04,3,
  6.0831445E+02,  0.0000000E+00,  2.5620184E+02,2541,  4.1888741E-01,  0.0000000E+00, -7.9230630E-01,  1.0000151E+03,  9.0003906E+02,3,
  6.1083154E+02,  0.0000000E+00,  2.5509070E+02,2484,  2.2622557E+00,  0.0000000E+00,  1.0617106E-01,  9.9978577E+02, -1.2729693E+04,3,
  6.1214447E+02,  0.0000000E+00,  2.5502348E+02,2354,  1.7240077E+00,  0.0000000E+00,  6.8436158E-01,  9.9968054E+02, -1.8976123E+04,3,
  6.1226483E+02,  0.0000000E+00,  2.5280406E+02,2508, -2.3561594E-01,  0.0000000E+00,  7.8151114E-02,  1.0009343E+03,  5.5705422E+04,3,
  6.1333124E+02,  0.0000000E+00,  2.5335921E+02,2473,  8.6965358E-01,  0.0000000E+00,  3.2379591E-01,  1.0005574E+03,  3.3195723E+04,3,
  6.1236987E+02,  0.0000000E+00,  2.5294682E+02,2527,  5.1690060E-01,  0.0000000E+00,  4.6402674E-02,  1.0009370E+03,  5.5865996E+04,3,
  6.1045117E+02,  0.0000000E+00,  2.5256802E+02,2495, -9.7724211E-01,  0.0000000E+00, -7.1989655E-01,  1.0008061E+03,  4.8044594E+04,3,
  6.1411041E+02,  0.0000000E+00,  2.5470613E+02,2564,  5.2849150E-01,  0.0000000E+00,  4.1644216E-01,  1.0000129E+03,  7.6938312E+02,3,
  6.1529309E+02,  0.0000000E+00,  2.5583842E+02,2639,  5.4427493E-01,  0.0000000E+00,  1.6124239E-02,  1.0001487E+03,  8.8478809E+03,3,
  6.1509332E+02,  0.0000000E+00,  2.5270940E+02,2526,  8.1648445E-01,  0.0000000E+00,  2.7964661E-01,  1.0009664E+03,  5.7625199E+04,3,
  6.1599323E+02,  0.0000000E+00,  2.5585408E+02,2486,  9.5865124E-01,  0.0000000E+00, -6.3515075E-02,  1.0001312E+03,  7.8054761E+03,3,
  6.1704041E+02,  0.0000000E+00,  2.5614166E+02,2362,  1.5218461E+00,  0.0000000E+00, -1.6628750E-01,  1.0001299E+03,  7.7292065E+03,3,
  6.1639105E+02,  0.0000000E+00,  2.5289757E+02,2581,  5.2150500E-01,  0.0000000E+00,  1.2038787E-01,  1.0006377E+03,  3.7988664E+04,3,
  6.1859479E+02,  0.0000000E+00,  2.5601279E+02,2631,  1.3279712E+00,  0.0000000E+00, -1.5176739E-01,  1.0001188E+03,  7.0645991E+03,3,
  6.1740680E+02,  0.0000000E+00,  2.5298001E+02,2457,  4.9751443E-01,  0.0000000E+00,  1.1500239E-01,  1.0004907E+03,  2.9220350E+04,3,
  6.1828088E+02,  0.0000000E+00,  2.5290858E+02,2531,  6.2002480E-01,  0.0000000E+00,  1.3140087E-01,  1.0005794E+03,  3.4510273E+04,3,
  6.1966193E+02,  0.0000000E+00,  2.5586263E+02,2667,  1.0922412E+00,  0.0000000E+00, -1.9457884E-01,  1.0001469E+03,  8.7352812E+03,3,
  6.1873969E+02,  0.0000000E+00,  2.5311565E+02,2475,  5.8862108E-01,  0.0000000E+00,  1.1746421E-01,  1.0003290E+03,  1.9583396E+04,3,
  6.2020203E+02,  0.0000000E+00,  2.5276483E+02,2592,  9.7827631E-01,  0.0000000E+00,  9.4246894E-02,  1.0009230E+03,  5.5030301E+04,3,
  6.2090845E+02,  0.0000000E+00,  2.5540373E+02,2536,  1.0103137E+00,  0.0000000E+00, -3.0507588E-01,  1.0002252E+03,  1.3400153E+04,3,
  6.2164240E+02,  0.0000000E+00,  2.5600580E+02,2640,  1.5111929E+00,  0.0000000E+00, -3.3562517E-01,  1.0001696E+03,  1.0086561E+04,3,
  6.2161066E+02,  0.0000000E+00,  2.5268825E+02,2345,  7.5357926E-01,  0.0000000E+00, -1.1519006E-01,  1.0010087E+03,  6.0158699E+04,3,
  6.2295801E+02,  0.0000000E+00,  2.5545169E+02,2409,  1.5784781E+00,  0.0000000E+00, -1.8469384E-01,  1.0002026E+03,  1.2055689E+04,3,
  6.2295239E+02,  0.0000000E+00,  2.5300597E+02,2557,  7.6128399E-01,  0.0000000E+00, -1.8134396E-01,  1.0004149E+03,  2.4697203E+04,3,
  6.2412048E+02,  0.0000000E+00,  2.5567787E+02,2603,  1.5353317E+00,  0.0000000E+00, -7.8378119E-02,  1.0001927E+03,  1.1463456E+04,3,
  6.2376678E+02,  0.0000000E+00,  2.5286960E+02,2565,  6.4101249E-01,  0.0000000E+00, -1.2295865E-01,  1.0005964E+03,  3.5522707E+04,3,
  6.2546033E+02,  0.0000000E+00,  2.5613718E+02,2307,  1.3996477E+00,  0.0000000E+00, -2.9017247E-02,  1.0002093E+03,  1.2451742E+04,3,
  6.2473438E+02,  0.0000000E+00,  2.5284898E+02,2494,  7.9901367E-01,  0.0000000E+00, -3.1865343E-02,  1.0006642E+03,  3.9573469E+04,3,
  6.2674915E+02,  0.0000000E+00,  2.5577187E+02,2380,  1.2269003E+00,  0.0000000E+00, -7.5642928E-02,  1.0002466E+03,  1.4675745E+04,3,
  6.2582855E+02,  0.0000000E+00,  2.5283292E+02,2522,  9.2000890E-01,  0.0000000E+00,  3.8514148E-02,  1.0007649E+03,  4.5583434E+04,3,
  6.2698364E+02,  0.0000000E+00,  2.5309431E+02,2408,  9.2256445E-01,  0.0000000E+00,  1.7879337E-02,  1.0004534E+03,  2.6993088E+04,3,
  6.2789740E+02,  0.0000000E+00,  2.5573656E+02,2344,  1.4016143E+00,  0.0000000E+00, -1.4750069E-01,  1.0002681E+03,  1.5955136E+04,3,
  6.2805121E+02,  0.0000000E+00,  2.5253224E+02,2576,  8.8561881E-01,  0.0000000E+00, -5.1362399E-02,  1.0013624E+03,  8.1335289E+04,3,
  6.2906323E+02,  0.0000000E+00,  2.5600876E+02,2468,  1.4532480E+00,  0.0000000E+00, -2.1151170E-01,  1.0002563E+03,  1.5253631E+04,3,
  6.2956683E+02,  0.0000000E+00,  2.5304613E+02,2539,  1.0124815E+00,  0.0000000E+00, -1.6635366E-01,  1.0003765E+03,  2.2409121E+04,3,
  6.3031079E+02,  0.0000000E+00,  2.5597038E+02,2563,  1.5385451E+00,  0.0000000E+00, -2.5192988E-01,  1.0002745E+03,  1.6333169E+04,3,
  6.3009760E+02,  0.0000000E+00,  2.5310062E+02,2363,  9.2716599E-01,  0.0000000E+00, -1.7073496E-01,  1.0002714E+03,  1.6147786E+04,3,
  6.3154602E+02,  0.0000000E+00,  2.5597223E+02,2519,  1.4757388E+00,  0.0000000E+00, -2.8042939E-01,  1.0002592E+03,  1.5420825E+04,3,
  6.3063965E+02,  0.0000000E+00,  2.5307526E+02,2438,  8.4519202E-01,  0.0000000E+00, -1.8673691E-01,  1.0003245E+03,  1.9310686E+04,3,
  6.3269769E+02,  0.0000000E+00,  2.5595366E+02,2472,  1.4326257E+00,  0.0000000E+00, -3.0579653E-01,  1.0002230E+03,  1.3265698E+04,3,
  6.3208478E+02,  0.0000000E+00,  2.5261855E+02,2613,  1.0508739E+00,  0.0000000E+00, -1.0709815E-01,  1.0012318E+03,  7.3512195E+04,3,
  6.3380438E+02,  0.0000000E+00,  2.5599757E+02,2610,  1.4878550E+00,  0.0000000E+00, -3.1370279E-01,  1.0001835E+03,  1.0918488E+04,3,
  6.3333868E+02,  0.0000000E+00,  2.5272711E+02,2575,  1.0384796E+00,  0.0000000E+00, -1.3073654E-01,  1.0010722E+03,  6.3956512E+04,3,
  6.3462286E+02,  0.0000000E+00,  2.5306425E+02,2317,  1.1449654E+00,  0.0000000E+00, -1.9162792E-01,  1.0004905E+03,  2.9209430E+04,3,
  6.3482379E+02,  0.0000000E+00,  2.5588521E+02,2411,  1.5669988E+00,  0.0000000E+00, -2.7780777E-01,  1.0001826E+03,  1.0863993E+04,3,
  6.3588275E+02,  0.0000000E+00,  2.5622379E+02,2594,  1.6098673E+00,  0.0000000E+00, -2.4944238E-01,  1.0001875E+03,  1.1154638E+04,3,
  6.3547845E+02,  0.0000000E+00,  2.5291641E+02,2366,  1.0443282E+00,  0.0000000E+00, -1.7687559E-01,  1.0006481E+03,  3.8611625E+04,3,
  6.3699139E+02,  0.0000000E+00,  2.5606503E+02,2485,  1.7016162E+00,  0.0000000E+00, -1.4938512E-01,  1.0002020E+03,  1.2015722E+04,3,
  6.3652417E+02,  0.0000000E+00,  2.5284825E+02,2549,  1.0649201E+00,  0.0000000E+00, -1.5560372E-01,  1.0007357E+03,  4.3837289E+04,3,
  6.3817609E+02,  0.0000000E+00,  2.5616171E+02,2585,  1.6585387E+00,  0.0000000E+00, -2.4159715E-02,  1.0002134E+03,  1.2695195E+04,3,
  6.3757831E+02,  0.0000000E+00,  2.5293272E+02,2401,  1.1547155E+00,  0.0000000E+00, -1.3924098E-01,  1.0006077E+03,  3.6196504E+04,3,
  6.3946149E+02,  0.0000000E+00,  2.5644284E+02,2469,  1.4952331E+00,  0.0000000E+00,  6.5622292E-02,  1.0002141E+03,  1.2735166E+04,3,
  6.3849414E+02,  0.0000000E+00,  2.5302254E+02,2466,  1.1553415E+00,  0.0000000E+00, -1.2247959E-01,  1.0004885E+03,  2.9089320E+04,3,
  6.3901746E+02,  0.0000000E+00,  2.5316644E+02,2392,  1.0689695E+00,  0.0000000E+00, -1.3223065E-01,  1.0003337E+03,  1.9859750E+04,3,
  6.4065912E+02,  0.0000000E+00,  2.5622922E+02,2568,  1.3946531E+00,  0.0000000E+00,  4.9861271E-02,  1.0002004E+03,  1.1921253E+04,3,
  6.4032300E+02,  0.0000000E+00,  2.5273250E+02,2465,  1.1501200E+00,  0.0000000E+00, -1.0926992E-01,  1.0010191E+03,  6.0779398E+04,3,
  6.4136511E+02,  0.0000000E+00,  2.5290756E+02,2427,  1.1017542E+00,  0.0000000E+00, -1.1813384E-01,  1.0008057E+03,  4.8019066E+04,3,
  6.4178680E+02,  0.0000000E+00,  2.5614432E+02,2423,  1.3740427E+00,  0.0000000E+00, -5.8376724E-03,  1.0001678E+03,  9.9848447E+03,3,
  6.4250305E+02,  0.0000000E+00,  2.5288692E+02,2390,  1.0825408E+00,  0.0000000E+00, -1.3418379E-01,  1.0008173E+03,  4.8711945E+04,3,
  6.4292145E+02,  0.0000000E+00,  2.5610931E+02,2450,  1.3734225E+00,  0.0000000E+00, -3.5095744E-02,  1.0001490E+03,  8.8660420E+03,3,
  6.4397992E+02,  0.0000000E+00,  2.5606949E+02,2511,  1.3946540E+00,  0.0000000E+00, -8.4779402E-03,  1.0001495E+03,  8.8914688E+03,3,
  6.4365576E+02,  0.0000000E+00,  2.5294310E+02,2436,  1.0300263E+00,  0.0000000E+00, -1.2866421E-01,  1.0007524E+03,  4.4839734E+04,3,
  6.4506067E+02,  0.0000000E+00,  2.5609366E+02,2326,  1.4063318E+00,  0.0000000E+00,  5.0232071E-02,  1.0001635E+03,  9.7269277E+03,3,
  6.4476367E+02,  0.0000000E+00,  2.5267500E+02,2532,  9.5415854E-01,  0.0000000E+00, -9.2884511E-02,  1.0011124E+03,  6.6363758E+04,3,
  6.4629462E+02,  0.0000000E+00,  2.5596236E+02,2336,  1.3610150E+00,  0.0000000E+00,  1.0793068E-01,  1.0001663E+03,  9.8940283E+03,3,
  6.4746863E+02,  0.0000000E+00,  2.5598053E+02,2402,  1.3326156E+00,  0.0000000E+00,  1.1364404E-01,  1.0001668E+03,  9.9230898E+03,3,
  6.4610541E+02,  0.0000000E+00,  2.5301112E+02,2458,  9.9608552E-01,  0.0000000E+00, -2.6258964E-02,  1.0005389E+03,  3.2096146E+04,3,
  6.4697156E+02,  0.0000000E+00,  2.5293819E+02,2309,  9.5309341E-01,  0.0000000E+00,  1.1463274E-02,  1.0005831E+03,  3.4732418E+04,3,
  6.4780566E+02,  0.0000000E+00,  2.5318309E+02,2420,  9.2159534E-01,  0.0000000E+00,  4.7240436E-02,  1.0002886E+03,  1.7172891E+04,3,
  6.4874225E+02,  0.0000000E+00,  2.5588449E+02,2503,  1.2794565E+00,  0.0000000E+00,  1.0885219E-01,  1.0001582E+03,  9.4108984E+03,3,
  6.4868097E+02,  0.0000000E+00,  2.5289995E+02,2412,  9.2759907E-01,  0.0000000E+00,  4.2115245E-02,  1.0006872E+03,  4.0943523E+04,3,
  6.4992731E+02,  0.0000000E+00,  2.5576442E+02,2502,  1.2477040E+00,  0.0000000E+00,  1.1281160E-01,  1.0001468E+03,  8.7316494E+03,3,
  6.4996381E+02,  0.0000000E+00,  2.5263664E+02,2540,  9.5198619E-01,  0.0000000E+00,  9.0128593E-03,  1.0010968E+03,  6.5428551E+04,3,
  6.5120013E+02,  0.0000000E+00,  2.5590195E+02,2559,  1.2182405E+00,  0.0000000E+00,  9.4513834E-02,  1.0001464E+03,  8.7098564E+03,3,
  6.5244000E+02,  0.0000000E+00,  2.5576979E+02,2501,  1.1799531E+00,  0.0000000E+00,  5.7665776E-02,  1.0001288E+03,  7.6638335E+03,3,
  6.5111389E+02,  0.0000000E+00,  2.5317464E+02,2429,  9.3670267E-01,  0.0000000E+00, -2.3013605E-02,  1.0003505E+03,  2.0859783E+04,3,
  6.5370233E+02,  0.0000000E+00,  2.5584808E+02,2577,  1.2286562E+00,  0.0000000E+00,  1.0384824E-02,  1.0001232E+03,  7.3297104E+03,3,
  6.5201013E+02,  0.0000000E+00,  2.5282896E+02,2403,  9.2129725E-01,  0.0000000E+00, -1.1838994E-02,  1.0006795E+03,  4.0484387E+04,3,
  6.5315796E+02,  0.0000000E+00,  2.5295564E+02,2467,  8.2152689E-01,  0.0000000E+00,  3.2335222E-02,  1.0005483E+03,  3.2656842E+04,3,
  6.5367511E+02,  0.0000000E+00,  2.5314000E+02,2447,  7.4459672E-01,  0.0000000E+00,  4.2976588E-02,  1.0004003E+03,  2.3831381E+04,3,
  6.5485779E+02,  0.0000000E+00,  2.5566335E+02,2528,  1.2090610E+00,  0.0000000E+00,  7.0015206E-03,  1.0000930E+03,  5.5321777E+03,3,
  6.5510132E+02,  0.0000000E+00,  2.5289957E+02,2254,  1.0693376E+00,  0.0000000E+00,  8.5077152E-02,  1.0009694E+03,  5.7804055E+04,3,
  6.5618219E+02,  0.0000000E+00,  2.5574220E+02,2432,  1.1566751E+00,  0.0000000E+00,  2.1541310E-02,  1.0000928E+03,  5.5212842E+03,3,
  6.5643701E+02,  0.0000000E+00,  2.5291460E+02,2355,  9.4998616E-01,  0.0000000E+00, -1.4061381E-01,  1.0009579E+03,  5.7121496E+04,3,
  6.5755518E+02,  0.0000000E+00,  2.5557130E+02,2399,  1.0826790E+00,  0.0000000E+00, -1.1661694E-02,  1.0000924E+03,  5.4958672E+03,3,
  6.5792816E+02,  0.0000000E+00,  2.5318027E+02,2348,  9.0117395E-01,  0.0000000E+00, -3.0837998E-01,  1.0006557E+03,  3.9063391E+04,3,
  6.5869196E+02,  0.0000000E+00,  2.5546465E+02,2383,  1.0365791E+00,  0.0000000E+00, -7.5509235E-02,  1.0001378E+03,  8.1977266E+03,3,
  6.5976099E+02,  0.0000000E+00,  2.5535841E+02,2550,  9.7946984E-01,  0.0000000E+00, -1.2843125E-01,  1.0002098E+03,  1.2480811E+04,3,
  6.5854889E+02,  0.0000000E+00,  2.5159550E+02,2370,  6.1930162E-01,  0.0000000E+00, -3.8151759E-01,  1.0015332E+03,  9.1581484E+04,3,
  6.6071704E+02,  0.0000000E+00,  2.5505362E+02,2456,  1.0246909E+00,  0.0000000E+00, -1.7080845E-01,  1.0003133E+03,  1.8645303E+04,3,
  6.6173108E+02,  0.0000000E+00,  2.5503934E+02,2281,  9.7417581E-01,  0.0000000E+00, -1.4648467E-01,  1.0003417E+03,  2.0336117E+04,3,
  6.6276843E+02,  0.0000000E+00,  2.5472293E+02,2448,  9.2082638E-01,  0.0000000E+00, -1.5723610E-01,  1.0004501E+03,  2.6800229E+04,3,
  6.6376813E+02,  0.0000000E+00,  2.5468353E+02,2538,  1.0126276E+00,  0.0000000E+00, -1.4869706E-01,  1.0004130E+03,  2.4584424E+04,3,
  6.6495898E+02,  0.0000000E+00,  2.5462366E+02,2482,  1.1267056E+00,  0.0000000E+00, -1.0266127E-01,  1.0003994E+03,  2.3773176E+04,3,
  6.6607617E+02,  0.0000000E+00,  2.5465028E+02,2504,  1.0737860E+00,  0.0000000E+00, -5.4176215E-02,  1.0003741E+03,  2.2267271E+04,3,
  6.6708051E+02,  0.0000000E+00,  2.5482623E+02,2521,  9.8888749E-01,  0.0000000E+00, -5.4277077E-02,  1.0003131E+03,  1.8634395E+04,3,
  6.6811127E+02,  0.0000000E+00,  2.5452386E+02,2437,  9.5744628E-01,  0.0000000E+00, -1.5430337E-01,  1.0004826E+03,  2.8736277E+04,3,
  6.6901776E+02,  0.0000000E+00,  2.5516103E+02,2523,  1.0253936E+00,  0.0000000E+00, -8.8394888E-02,  1.0002648E+03,  1.5758854E+04,3,
  6.7031696E+02,  0.0000000E+00,  2.5521936E+02,2386,  1.0766873E+00,  0.0000000E+00, -7.7174543E-03,  1.0002552E+03,  1.5184574E+04,3,
  6.7079974E+02,  0.0000000E+00,  2.5375565E+02,2394,  1.2291327E+00,  0.0000000E+00,  8.1992283E-02,  1.0005773E+03,  3.4382816E+04,3,
  6.7189038E+02,  0.0000000E+00,  2.5536510E+02,2424,  1.0068604E+00,  0.0000000E+00,  6.8188503E-02,  1.0002605E+03,  1.5500788E+04,3,
  6.7292023E+02,  0.0000000E+00,  2.5503081E+02,2455,  1.0034447E+00,  0.0000000E+00,  5.2747749E-02,  1.0003637E+03,  2.1648969E+04,3,
  6.7394843E+02,  0.0000000E+00,  2.5516861E+02,2299,  1.0363647E+00,  0.0000000E+00,  1.0569029E-02,  1.0002758E+03,  1.6409504E+04,3,
  6.7485547E+02,  0.0000000E+00,  2.5448343E+02,2382,  9.6150672E-01,  0.0000000E+00, -1.0451877E-01,  1.0005329E+03,  3.1735717E+04,3,
  6.7604901E+02,  0.0000000E+00,  2.5510809E+02,2512,  1.1316943E+00,  0.0000000E+00,  1.4233578E-02,  1.0002280E+03,  1.3567315E+04,3,
  6.7689368E+02,  0.0000000E+00,  2.5418530E+02,2393,  9.5888066E-01,  0.0000000E+00, -5.8970928E-02,  1.0006214E+03,  3.7016051E+04,3,
  6.7806384E+02,  0.0000000E+00,  2.5512579E+02,2400,  1.0221692E+00,  0.0000000E+00,  1.8129099E-02,  1.0002894E+03,  1.7223785E+04,3,
  6.7915546E+02,  0.0000000E+00,  2.5524800E+02,2514,  9.7231126E-01,  0.0000000E+00, -4.9336865E-03,  1.0002791E+03,  1.6605799E+04,3,
  6.7832428E+02,  0.0000000E+00,  2.5142015E+02,2359,  9.1515911E-01,  0.0000000E+00, -1.2959503E-03,  1.0001202E+03,  7.1481270E+03,3,
  6.8062903E+02,  0.0000000E+00,  2.5505161E+02,2395,  9.9359953E-01,  0.0000000E+00, -3.3661768E-02,  1.0003275E+03,  1.9488855E+04,3,
  6.7986932E+02,  0.0000000E+00,  2.5345816E+02,2384,  1.0472330E+00,  0.0000000E+00, -3.3042718E-02,  1.0005556E+03,  3.3090129E+04,3,
  6.8172913E+02,  0.0000000E+00,  2.5551855E+02,2343,  9.6823978E-01,  0.0000000E+00, -6.9910988E-02,  1.0002638E+03,  1.5697063E+04,3,
  6.8276300E+02,  0.0000000E+00,  2.5384102E+02,2493,  1.0058717E+00,  0.0000000E+00,  3.1577330E-02,  1.0006146E+03,  3.6608090E+04,3,
  6.8338940E+02,  0.0000000E+00,  2.5543941E+02,2415,  1.1119232E+00,  0.0000000E+00, -8.4418818E-02,  1.0002739E+03,  1.6300454E+04,3,
  6.8462683E+02,  0.0000000E+00,  2.5513252E+02,2478,  1.0423927E+00,  0.0000000E+00, -7.2942533E-02,  1.0003307E+03,  1.9685209E+04,3,
  6.8619104E+02,  0.0000000E+00,  2.5554831E+02,2505,  1.1703938E+00,  0.0000000E+00, -6.2886871E-02,  1.0002577E+03,  1.5333593E+04,3,
  6.8577338E+02,  0.0000000E+00,  2.5381558E+02,2283,  1.0468920E+00,  0.0000000E+00,  3.9214216E-02,  1.0005944E+03,  3.5406160E+04,3,
  6.8751965E+02,  0.0000000E+00,  2.5521272E+02,2476,  1.1070205E+00,  0.0000000E+00, -4.5532286E-02,  1.0003330E+03,  1.9819752E+04,3,
  6.8862695E+02,  0.0000000E+00,  2.5376036E+02,2290,  1.0335630E+00,  0.0000000E+00, -1.1216022E-02,  1.0006010E+03,  3.5799504E+04,3,
  6.8900385E+02,  0.0000000E+00,  2.5567857E+02,2379,  1.2382678E+00,  0.0000000E+00, -4.4969294E-02,  1.0002621E+03,  1.5595290E+04,3,
  6.9034155E+02,  0.0000000E+00,  2.5514661E+02,2440,  1.1143702E+00,  0.0000000E+00, -3.7768751E-02,  1.0003468E+03,  2.0641586E+04,3,
  6.9166522E+02,  0.0000000E+00,  2.5537352E+02,2341,  1.2351304E+00,  0.0000000E+00, -1.9212103E-02,  1.0002762E+03,  1.6438584E+04,3,
  6.9154150E+02,  0.0000000E+00,  2.5357118E+02,2332,  1.0615746E+00,  0.0000000E+00,  4.9484484E-02,  1.0005621E+03,  3.3479738E+04,3,
  6.9302325E+02,  0.0000000E+00,  2.5528503E+02,2496,  1.1922985E+00,  0.0000000E+00,  3.2277463E-03,  1.0003049E+03,  1.8143566E+04,3,
  6.9442242E+02,  0.0000000E+00,  2.5565128E+02,2032,  1.2172607E+00,  0.0000000E+00, -1.0267542E-02,  1.0002592E+03,  1.5424459E+04,3,
  6.9425269E+02,  0.0000000E+00,  2.5382161E+02,2257,  1.0872966E+00,  0.0000000E+00,  1.1901016E-03,  1.0006155E+03,  3.6662727E+04,3,
  7.0076721E+02,  0.0000000E+00,  2.5157401E+02,2329,  8.3666503E-01,  0.0000000E+00,  8.2291055E-01,  1.0009026E+03,  5.3815203E+04,3,
  6.9585016E+02,  0.0000000E+00,  2.5525356E+02,2433,  1.1696529E+00,  0.0000000E+00, -4.1928951E-02,  1.0003444E+03,  2.0496123E+04,3,
  6.9712579E+02,  0.0000000E+00,  2.5517706E+02,2459,  1.3343595E+00,  0.0000000E+00,  1.9532725E-02,  1.0003275E+03,  1.9488855E+04,3,
  7.0230579E+02,  0.0000000E+00,  2.5272852E+02,2204,  1.1937344E+00,  0.0000000E+00,  6.0523844E-01,  1.0008060E+03,  4.8040945E+04,3,
  6.9735187E+02,  0.0000000E+00,  2.5354507E+02,2367,  1.0113947E+00,  0.0000000E+00,  1.4236058E-01,  1.0005847E+03,  3.4823461E+04,3,
  6.9865814E+02,  0.0000000E+00,  2.5559474E+02,2235,  1.3533708E+00,  0.0000000E+00,  1.5025294E-01,  1.0002432E+03,  1.4468587E+04,3,
  7.0039221E+02,  0.0000000E+00,  2.5565701E+02,2364,  1.5194076E+00,  0.0000000E+00,  2.3147246E-01,  1.0002191E+03,  1.3036767E+04,3,
  6.9940466E+02,  0.0000000E+00,  2.5446292E+02,2267,  1.0397431E+00,  0.0000000E+00,  3.4670463E-01,  1.0004042E+03,  2.4064199E+04,3,
  7.0158838E+02,  0.0000000E+00,  2.5515953E+02,2277,  1.1658992E+00,  0.0000000E+00,  2.0413588E-01,  1.0002251E+03,  1.3392885E+04,3,
  7.0279681E+02,  0.0000000E+00,  2.5588185E+02,2406,  1.5550737E+00,  0.0000000E+00,  1.1327051E-01,  1.0001566E+03,  9.3128223E+03,3,
  7.0324292E+02,  0.0000000E+00,  2.5347035E+02,2284,  1.3278037E+00,  0.0000000E+00,  2.5019741E-01,  1.0002744E+03,  1.6325899E+04,3,
  7.0392236E+02,  0.0000000E+00,  2.5506715E+02,2350,  1.4714181E+00,  0.0000000E+00,  1.4955179E-01,  1.0001070E+03,  6.3637231E+03,3,
  7.0446417E+02,  0.0000000E+00,  2.5272856E+02,2282,  1.0144085E+00,  0.0000000E+00,  8.0158070E-02,  1.0011763E+03,  7.0189508E+04,3,
  7.0556439E+02,  0.0000000E+00,  2.5577220E+02,2460,  1.7445997E+00,  0.0000000E+00,  9.7279906E-02,  1.0001127E+03,  6.7014448E+03,3,
  7.0699115E+02,  0.0000000E+00,  2.5560548E+02,2272,  1.7502486E+00,  0.0000000E+00,  2.2794047E-01,  1.0000897E+03,  5.3324717E+03,3,
  7.0581805E+02,  0.0000000E+00,  2.5311855E+02,2241,  1.0622147E+00,  0.0000000E+00, -4.6357393E-02,  1.0005219E+03,  3.1080422E+04,3,
  7.0784656E+02,  0.0000000E+00,  2.5489069E+02,2321,  1.6589934E+00,  0.0000000E+00,  3.2986319E-01,  1.0000884E+03,  5.2598525E+03,3,
  7.0689557E+02,  0.0000000E+00,  2.5288954E+02,2230,  8.5327846E-01,  0.0000000E+00,  8.2827611E-03,  1.0006350E+03,  3.7828379E+04,3,
  7.0793707E+02,  0.0000000E+00,  2.5294514E+02,2239,  7.4154115E-01,  0.0000000E+00,  4.1171718E-02,  1.0005105E+03,  3.0399689E+04,3,
  7.0891437E+02,  0.0000000E+00,  2.5282625E+02,2201,  9.6589857E-01,  0.0000000E+00,  3.5861809E-02,  1.0007293E+03,  4.3458211E+04,3,
  7.0986603E+02,  0.0000000E+00,  2.5560680E+02,2388,  1.2696406E+00,  0.0000000E+00,  2.7532476E-01,  1.0001051E+03,  6.2511519E+03,3,
  7.1009125E+02,  0.0000000E+00,  2.5293329E+02,2349,  9.1454947E-01,  0.0000000E+00,  1.2732643E-02,  1.0006169E+03,  3.6750145E+04,3,
  7.1104993E+02,  0.0000000E+00,  2.5577716E+02,2404,  1.2553068E+00,  0.0000000E+00,  1.5841971E-01,  1.0001188E+03,  7.0682310E+03,3,
  7.1210645E+02,  0.0000000E+00,  2.5516911E+02,2211,  1.2898824E+00,  0.0000000E+00,  9.7648427E-02,  1.0000737E+03,  4.3812012E+03,3,
  7.1116467E+02,  0.0000000E+00,  2.5294658E+02,2222,  8.1715184E-01,  0.0000000E+00,  2.1521566E-02,  1.0005782E+03,  3.4441082E+04,3,
  7.1225146E+02,  0.0000000E+00,  2.5284337E+02,2278,  8.3697563E-01,  0.0000000E+00,  2.9374298E-02,  1.0006403E+03,  3.8141672E+04,3,
  7.1365399E+02,  0.0000000E+00,  2.5574522E+02,2327,  1.3314357E+00,  0.0000000E+00, -3.3721831E-02,  1.0001063E+03,  6.3201470E+03,3,
  7.1341827E+02,  0.0000000E+00,  2.5288658E+02,2303,  7.9481095E-01,  0.0000000E+00,  4.6913493E-02,  1.0006519E+03,  3.8837504E+04,3,
  7.1505817E+02,  0.0000000E+00,  2.5522769E+02,2287,  1.1544726E+00,  0.0000000E+00, -8.6246304E-02,  1.0000223E+03,  1.3283121E+03,3,
  7.1388672E+02,  0.0000000E+00,  2.5317430E+02,2264,  7.5296497E-01,  0.0000000E+00,  5.4489620E-02,  1.0004012E+03,  2.3885947E+04,3,
  7.1574951E+02,  0.0000000E+00,  2.5275223E+02,2361,  8.8532859E-01,  0.0000000E+00, -1.4700796E-02,  1.0012151E+03,  7.2510523E+04,3,
  7.1597339E+02,  0.0000000E+00,  2.5555385E+02,2238,  1.4552782E+00,  0.0000000E+00, -1.1445924E-01,  1.0000540E+03,  3.2085774E+03,3,
  7.1643890E+02,  0.0000000E+00,  2.5516107E+02,2368,  1.2753897E+00,  0.0000000E+00,  2.7446332E-03,  9.9998706E+02, -7.6932343E+02,3,
  7.1722888E+02,  0.0000000E+00,  2.5273134E+02,2324,  8.6399442E-01,  0.0000000E+00, -1.9813444E-01,  1.0012127E+03,  7.2367953E+04,3,
  7.1890576E+02,  0.0000000E+00,  2.5539528E+02,2387,  1.1339347E+00,  0.0000000E+00,  1.6124259E-01,  1.0001594E+03,  9.4799150E+03,3,
  7.1838953E+02,  0.0000000E+00,  2.5219856E+02,2236,  8.1512302E-01,  0.0000000E+00, -3.4813866E-01,  1.0009747E+03,  5.8125277E+04,3,
  7.2029480E+02,  0.0000000E+00,  2.5533127E+02,2413,  6.2719381E-01,  0.0000000E+00,  5.3520866E-02,  1.0002410E+03,  1.4341386E+04,3,
  7.2025366E+02,  0.0000000E+00,  2.5402466E+02,2295,  1.5920870E+00,  0.0000000E+00,  1.5472615E-01,  1.0000232E+03,  1.3791254E+03,3,
  7.2143408E+02,  0.0000000E+00,  2.5526817E+02,2279,  7.9288840E-01,  0.0000000E+00,  3.7067804E-02,  1.0002905E+03,  1.7285586E+04,3,
  7.2000385E+02,  0.0000000E+00,  2.5174269E+02,2209,  7.6412952E-01,  0.0000000E+00, -2.6038164E-01,  1.0003183E+03,  1.8943445E+04,3,
  7.2268280E+02,  0.0000000E+00,  2.5487889E+02,2263,  1.0302570E+00,  0.0000000E+00, -1.1744988E-02,  1.0003303E+03,  1.9659756E+04,3,
  7.2353625E+02,  0.0000000E+00,  2.5420728E+02,2314,  9.1183203E-01,  0.0000000E+00,  1.9349329E-02,  1.0004427E+03,  2.6359939E+04,3,
  7.2474432E+02,  0.0000000E+00,  2.5448445E+02,2301,  1.0264112E+00,  0.0000000E+00,  8.3922051E-02,  1.0002912E+03,  1.7329211E+04,3,
  7.2580688E+02,  0.0000000E+00,  2.5458583E+02,2293,  9.7503346E-01,  0.0000000E+00,  1.0406132E-01,  1.0002549E+03,  1.5166401E+04,3,
  7.2686121E+02,  0.0000000E+00,  2.5431815E+02,2339,  9.4248414E-01,  0.0000000E+00,  8.3101362E-02,  1.0003141E+03,  1.8696203E+04,3,
  7.2779395E+02,  0.0000000E+00,  2.5487495E+02,2376,  8.5384518E-01,  0.0000000E+00,  1.1025678E-01,  1.0002402E+03,  1.4290506E+04,3,
  7.2871533E+02,  0.0000000E+00,  2.5467818E+02,2347,  8.7707770E-01,  0.0000000E+00,  9.2749543E-02,  1.0002703E+03,  1.6085992E+04,3,
  7.2980811E+02,  0.0000000E+00,  2.5416183E+02,2320,  9.1682482E-01,  0.0000000E+00,  7.4922577E-02,  1.0003624E+03,  2.1568957E+04,3,
  7.3075232E+02,  0.0000000E+00,  2.5476273E+02,2164,  8.8923794E-01,  0.0000000E+00,  9.3730345E-02,  1.0002624E+03,  1.5613464E+04,3,
  7.3184808E+02,  0.0000000E+00,  2.5481784E+02,2396,  8.3428931E-01,  0.0000000E+00,  5.3397506E-02,  1.0002690E+03,  1.6006024E+04,3,
  7.3286224E+02,  0.0000000E+00,  2.5435634E+02,2192,  8.1598699E-01,  0.0000000E+00, -8.1498092E-03,  1.0003579E+03,  2.1303465E+04,3,
  7.3396338E+02,  0.0000000E+00,  2.5487206E+02,2431,  8.5460049E-01,  0.0000000E+00, -3.6016401E-02,  1.0002665E+03,  1.5856995E+04,3,
  7.3498987E+02,  0.0000000E+00,  2.5450485E+02,2185,  9.2604107E-01,  0.0000000E+00, -6.4222917E-02,  1.0003285E+03,  1.9550670E+04,3,
  7.3606140E+02,  0.0000000E+00,  2.5460364E+02,2311,  9.1761380E-01,  0.0000000E+00, -5.8620051E-03,  1.0002870E+03,  1.7078373E+04,3,
  7.4105798E+02,  0.0000000E+00,  2.5200700E+02,2260,  8.2786274E-01,  0.0000000E+00,  6.8325168E-01,  1.0003455E+03,  2.0561580E+04,3,
  7.3724139E+02,  0.0000000E+00,  2.5405707E+02,2330,  7.9220283E-01,  0.0000000E+00,  9.9837914E-02,  1.0004061E+03,  2.4173334E+04,3,
  7.3802240E+02,  0.0000000E+00,  2.5478934E+02,2300,  8.0848503E-01,  0.0000000E+00, -5.4063756E-02,  1.0002400E+03,  1.4279604E+04,3,
  7.4297369E+02,  0.0000000E+00,  2.5269240E+02,2233,  9.4737339E-01,  0.0000000E+00,  8.5326210E-02,  1.0007973E+03,  4.7519492E+04,3,
  7.3907764E+02,  0.0000000E+00,  2.5483736E+02,2369,  8.3162904E-01,  0.0000000E+00, -1.6559435E-01,  1.0002402E+03,  1.4294141E+04,3,
  7.4012402E+02,  0.0000000E+00,  2.5467831E+02,2357,  1.0055600E+00,  0.0000000E+00, -2.0040685E-01,  1.0002481E+03,  1.4762971E+04,3,
  7.4135016E+02,  0.0000000E+00,  2.5469632E+02,2358,  1.3733324E+00,  0.0000000E+00, -1.6129090E-01,  1.0002650E+03,  1.5769760E+04,3,
  7.4247516E+02,  0.0000000E+00,  2.5460306E+02,2245,  1.5979073E+00,  0.0000000E+00, -4.4117916E-02,  1.0004062E+03,  2.4184248E+04,3,
  7.4358960E+02,  0.0000000E+00,  2.5310204E+02,2227,  7.3469114E-01,  0.0000000E+00, -5.7174391E-01,  9.9994336E+02, -3.3671628E+03,3,
  7.4446075E+02,  0.0000000E+00,  2.5320566E+02,2146,  9.2463458E-01,  0.0000000E+00,  2.2260219E-01,  9.9976318E+02, -1.4070617E+04,3,
  7.4498676E+02,  0.0000000E+00,  2.5412694E+02,2340,  8.6957216E-01,  0.0000000E+00, -2.9151378E-02,  1.0006764E+03,  4.0298555E+04,3,
  7.4679138E+02,  0.0000000E+00,  2.5407115E+02,2302,  1.1647123E+00,  0.0000000E+00, -2.0053054E-01,  1.0005576E+03,  3.3206645E+04,3,
  7.4910498E+02,  0.0000000E+00,  2.5415446E+02,2273,  1.7160583E+00,  0.0000000E+00, -1.6893256E-01,  1.0003398E+03,  2.0223387E+04,3,
  7.4633093E+02,  0.0000000E+00,  2.5275098E+02,2294,  1.2301805E+00,  0.0000000E+00,  2.8369073E-02,  1.0007166E+03,  4.2696449E+04,3,
  7.4796552E+02,  0.0000000E+00,  2.5306699E+02,2297,  1.0044546E+00,  0.0000000E+00,  6.3208174E-03,  9.9993646E+02, -3.7770950E+03,3,
  7.4851630E+02,  0.0000000E+00,  2.5284615E+02,2150,  6.9772279E-01,  0.0000000E+00, -3.5353120E-02,  1.0004833E+03,  2.8779953E+04,3,
  7.4972699E+02,  0.0000000E+00,  2.5314056E+02,2351,  9.9162716E-01,  0.0000000E+00, -3.3029547E-01,  1.0000176E+03,  1.0488438E+03,3,
  7.5051935E+02,  0.0000000E+00,  2.5308844E+02,2141,  1.1598160E+00,  0.0000000E+00, -8.4028959E-02,  1.0004987E+03,  2.9697164E+04,3,
  7.5154498E+02,  0.0000000E+00,  2.5357216E+02,2193,  8.5950345E-01,  0.0000000E+00, -7.9105638E-02,  1.0002516E+03,  1.4970136E+04,3,
  7.5233966E+02,  0.0000000E+00,  2.5253040E+02,2289,  1.2070090E+00,  0.0000000E+00,  1.3535494E-02,  1.0013544E+03,  8.0856000E+04,3,
  7.5405566E+02,  0.0000000E+00,  2.5414066E+02,2313,  1.0947022E+00,  0.0000000E+00, -1.7311984E-01,  1.0002505E+03,  1.4904715E+04,3,
  7.5397003E+02,  0.0000000E+00,  2.5322385E+02,2138,  1.3626608E+00,  0.0000000E+00, -3.2188350E-01,  9.9998608E+02, -8.2738312E+02,3,
  7.5461566E+02,  0.0000000E+00,  2.5307474E+02,2296,  1.1823826E+00,  0.0000000E+00, -3.2532856E-02,  1.0002938E+03,  1.7485533E+04,3,
  7.5558771E+02,  0.0000000E+00,  2.5290359E+02,2210,  1.1209058E+00,  0.0000000E+00, -1.2520289E-02,  1.0006347E+03,  3.7810164E+04,3,
  7.5670679E+02,  0.0000000E+00,  2.5440013E+02,2274,  1.1520803E+00,  0.0000000E+00, -2.1608818E-02,  1.0002535E+03,  1.5086440E+04,3,
  7.5692682E+02,  0.0000000E+00,  2.5275851E+02,2180,  1.2915968E+00,  0.0000000E+00,  2.2118591E-02,  1.0007884E+03,  4.6987129E+04,3,
  7.5759137E+02,  0.0000000E+00,  2.5321916E+02,2216,  1.1652346E+00,  0.0000000E+00,  1.1714151E-01,  9.9966467E+02, -1.9917816E+04,3,
  7.5856323E+02,  0.0000000E+00,  2.5413110E+02,2322,  1.2043988E+00,  0.0000000E+00,  1.0963217E-02,  1.0003151E+03,  1.8754379E+04,3,
  7.5886761E+02,  0.0000000E+00,  2.5287468E+02,2195,  1.2607070E+00,  0.0000000E+00,  7.0464812E-02,  1.0005960E+03,  3.5500855E+04,3,
  7.5996997E+02,  0.0000000E+00,  2.5294640E+02,2203,  1.1909362E+00,  0.0000000E+00,  5.4270644E-02,  1.0004800E+03,  2.8583418E+04,3,
  7.6129846E+02,  0.0000000E+00,  2.5394063E+02,2342,  1.2894669E+00,  0.0000000E+00,  1.2404940E-02,  1.0002867E+03,  1.7063832E+04,3,
  7.6110669E+02,  0.0000000E+00,  2.5295630E+02,2200,  1.1761967E+00,  0.0000000E+00,  3.8998947E-02,  1.0004606E+03,  2.7426127E+04,3,
  7.6225317E+02,  0.0000000E+00,  2.5314095E+02,2182,  1.2328136E+00,  0.0000000E+00, -5.9831347E-03,  1.0002839E+03,  1.6892977E+04,3,
  7.6266217E+02,  0.0000000E+00,  2.5321213E+02,2333,  1.2396132E+00,  0.0000000E+00, -3.0502250E-02,  1.0002868E+03,  1.7067467E+04,3,
  7.6439111E+02,  0.0000000E+00,  2.5253127E+02,2144,  1.3274258E+00,  0.0000000E+00,  1.5131756E-02,  1.0013293E+03,  7.9352422E+04,3,
  7.6435101E+02,  0.0000000E+00,  2.5404475E+02,2208,  1.0752732E+00,  0.0000000E+00, -3.6944393E-02,  1.0000920E+03,  5.4740811E+03,3,
  7.6579034E+02,  0.0000000E+00,  2.5374829E+02,2315,  1.2910918E+00,  0.0000000E+00, -8.0456980E-02,  1.0000773E+03,  4.5990415E+03,3,
  7.6639795E+02,  0.0000000E+00,  2.5278290E+02,2176,  1.1483305E+00,  0.0000000E+00,  3.1244636E-02,  1.0009184E+03,  5.4756617E+04,3,
  7.6737988E+02,  0.0000000E+00,  2.5352751E+02,2305,  1.3764895E+00,  0.0000000E+00,  8.4360978E-03,  1.0002320E+03,  1.3803527E+04,3,
  7.6782306E+02,  0.0000000E+00,  2.5397392E+02,2225,  1.2846812E+00,  0.0000000E+00,  6.1520259E-03,  1.0001230E+03,  7.3188154E+03,3,
  7.6887360E+02,  0.0000000E+00,  2.5256241E+02,2117,  1.2345325E+00,  0.0000000E+00, -5.1063441E-02,  1.0010587E+03,  6.3145703E+04,3,
  7.6975281E+02,  0.0000000E+00,  2.5366608E+02,2179,  1.1248276E+00,  0.0000000E+00,  2.0271473E-02,  1.0001833E+03,  1.0907589E+04,3,
  7.7049615E+02,  0.0000000E+00,  2.5325111E+02,2224,  1.2640157E+00,  0.0000000E+00, -7.5716957E-02,  1.0005759E+03,  3.4299059E+04,3,
  7.7148511E+02,  0.0000000E+00,  2.5286812E+02,2194,  1.2686125E+00,  0.0000000E+00, -2.3826601E-02,  1.0005617E+03,  3.3454250E+04,3,
  7.7200220E+02,  0.0000000E+00,  2.5372574E+02,2188,  1.3147831E+00,  0.0000000E+00, -2.4128906E-02,  1.0002529E+03,  1.5050095E+04,3,
  7.7310529E+02,  0.0000000E+00,  2.5305273E+02,2147,  1.0951916E+00,  0.0000000E+00,  1.6824271E-01,  1.0004374E+03,  2.6039740E+04,3,
  7.7410693E+02,  0.0000000E+00,  2.5274548E+02,2112,  8.7809318E-01,  0.0000000E+00,  1.6135183E-01,  1.0009625E+03,  5.7391594E+04,3,
  7.7421869E+02,  0.0000000E+00,  2.5421573E+02,2276,  1.6823231E+00,  0.0000000E+00,  2.8984308E-02,  1.0001163E+03,  6.9157046E+03,3,
  7.7541327E+02,  0.0000000E+00,  2.5354579E+02,2171,  1.3318702E+00,  0.0000000E+00, -7.1462728E-02,  9.9981592E+02, -1.0939097E+04,3,
  7.7654535E+02,  0.0000000E+00,  2.5429926E+02,2316,  1.4240129E+00,  0.0000000E+00,  1.0438228E-01,  1.0001268E+03,  7.5403521E+03,3,
  7.7601648E+02,  0.0000000E+00,  2.5303221E+02,2196,  1.3835735E+00,  0.0000000E+00, -6.2690653E-02,  1.0008621E+03,  5.1389098E+04,3,
  7.7770441E+02,  0.0000000E+00,  2.5354065E+02,2197,  9.8666537E-01,  0.0000000E+00,  3.9499944E-01,  1.0003484E+03,  2.0736137E+04,3,
  7.7828705E+02,  0.0000000E+00,  2.5234132E+02,2143,  1.0713860E+00,  0.0000000E+00, -4.2958432E-01,  1.0007515E+03,  4.4781410E+04,3,
  7.7902930E+02,  0.0000000E+00,  2.5428981E+02,2352,  1.5195056E+00,  0.0000000E+00,  1.4691979E-01,  1.0000820E+03,  4.8749790E+03,3,
  7.7944897E+02,  0.0000000E+00,  2.5174832E+02,2166,  8.4953105E-01,  0.0000000E+00, -5.4034919E-01,  1.0005430E+03,  3.2340082E+04,3,
  7.8059967E+02,  0.0000000E+00,  2.5457361E+02,2234,  1.1385140E+00,  0.0000000E+00,  5.7096202E-02,  1.0001436E+03,  8.5427754E+03,3,
  7.8124695E+02,  0.0000000E+00,  2.5486937E+02,2249,  9.6608317E-01,  0.0000000E+00, -7.8611232E-02,  1.0001917E+03,  1.1405325E+04,3,
  7.8244525E+02,  0.0000000E+00,  2.5490390E+02,2255,  9.0783745E-01,  0.0000000E+00, -2.5802022E-01,  1.0002358E+03,  1.4028843E+04,3,
  7.8325763E+02,  0.0000000E+00,  2.5433072E+02,2261,  1.1787417E+00,  0.0000000E+00, -3.2533506E-01,  1.0002322E+03,  1.3814430E+04,3,
  7.8436505E+02,  0.0000000E+00,  2.5448961E+02,2186,  1.3409376E+00,  0.0000000E+00, -2.2214898E-01,  1.0002145E+03,  1.2760602E+04,3,
  7.8538715E+02,  0.0000000E+00,  2.5439749E+02,2161,  1.2760013E+00,  0.0000000E+00, -2.1565625E-02,  1.0001858E+03,  1.1052911E+04,3,
  7.8645782E+02,  0.0000000E+00,  2.5442752E+02,2258,  1.1775987E+00,  0.0000000E+00,  9.7424924E-02,  1.0001873E+03,  1.1140105E+04,3,
  7.8742505E+02,  0.0000000E+00,  2.5455870E+02,2256,  1.1124378E+00,  0.0000000E+00,  9.8631606E-02,  1.0002020E+03,  1.2019355E+04,3,
  7.8837201E+02,  0.0000000E+00,  2.5443657E+02,2212,  1.0906692E+00,  0.0000000E+00,  6.9476321E-02,  1.0002050E+03,  1.2193761E+04,3,
  7.8939435E+02,  0.0000000E+00,  2.5454594E+02,2265,  1.1442175E+00,  0.0000000E+00,  3.0756164E-02,  1.0001965E+03,  1.1692353E+04,3,
  7.9030414E+02,  0.0000000E+00,  2.5409839E+02,2162,  1.1565628E+00,  0.0000000E+00,  4.8835140E-02,  1.0001539E+03,  9.1566279E+03,3,
  7.9135913E+02,  0.0000000E+00,  2.5442160E+02,2286,  1.1364493E+00,  0.0000000E+00,  3.0443439E-02,  1.0001934E+03,  1.1507056E+04,3,
  7.9240186E+02,  0.0000000E+00,  2.5470703E+02,2298,  1.1067706E+00,  0.0000000E+00,  3.3225776E-03,  1.0002230E+03,  1.3269332E+04,3,
  7.9355365E+02,  0.0000000E+00,  2.5457721E+02,2187,  1.1401203E+00,  0.0000000E+00, -1.4483437E-02,  1.0001993E+03,  1.1859485E+04,3,
  7.9416296E+02,  0.0000000E+00,  2.5383037E+02,2157,  1.0448290E+00,  0.0000000E+00,  6.6158488E-02,  1.0000515E+03,  3.0633704E+03,3,
  7.9519733E+02,  0.0000000E+00,  2.5448042E+02,2280,  1.1365006E+00,  0.0000000E+00, -4.2645529E-02,  1.0001938E+03,  1.1528854E+04,3,
  7.9625812E+02,  0.0000000E+00,  2.5437866E+02,2288,  1.1390632E+00,  0.0000000E+00, -3.4413047E-02,  1.0001913E+03,  1.1379893E+04,3,
  7.9733118E+02,  0.0000000E+00,  2.5431328E+02,2165,  1.1188439E+00,  0.0000000E+00, -1.3368759E-02,  1.0001753E+03,  1.0428042E+04,3,
  7.9843091E+02,  0.0000000E+00,  2.5445532E+02,2132,  1.1067207E+00,  0.0000000E+00,  1.3316912E-04,  1.0001776E+03,  1.0566091E+04,3,
  7.9951740E+02,  0.0000000E+00,  2.5438780E+02,2151,  1.0930760E+00,  0.0000000E+00,  2.1905961E-02,  1.0001446E+03,  8.6008906E+03,3,
  8.0001312E+02,  0.0000000E+00,  2.5407137E+02,2114,  1.0531211E+00,  0.0000000E+00,  8.9287527E-02,  1.0000553E+03,  3.2884421E+03,3,
  8.0118561E+02,  0.0000000E+00,  2.5429915E+02,2250,  9.8666042E-01,  0.0000000E+00, -1.7643567E-02,  1.0001774E+03,  1.0555192E+04,3,
  8.0218719E+02,  0.0000000E+00,  2.5458722E+02,2181,  1.1519830E+00,  0.0000000E+00, -1.0735262E-01,  1.0002424E+03,  1.4421341E+04,3,
  8.0349884E+02,  0.0000000E+00,  2.5429942E+02,2229,  1.1678119E+00,  0.0000000E+00, -9.3577527E-02,  1.0001970E+03,  1.1717785E+04,3,
  8.0458575E+02,  0.0000000E+00,  2.5432184E+02,2120,  1.1625248E+00,  0.0000000E+00, -7.2160162E-02,  1.0001769E+03,  1.0526129E+04,3,
  8.0562610E+02,  0.0000000E+00,  2.5428380E+02,2119,  1.1302158E+00,  0.0000000E+00, -3.4566473E-02,  1.0001644E+03,  9.7814170E+03,3,
  8.0662720E+02,  0.0000000E+00,  2.5438109E+02,2223,  1.1132433E+00,  0.0000000E+00, -3.1502325E-02,  1.0001804E+03,  1.0729572E+04,3,
  8.0763965E+02,  0.0000000E+00,  2.5432893E+02,2220,  1.1065761E+00,  0.0000000E+00, -4.1775972E-02,  1.0001657E+03,  9.8577021E+03,3,
  8.0876636E+02,  0.0000000E+00,  2.5436853E+02,2226,  1.1496465E+00,  0.0000000E+00, -7.7391118E-02,  1.0001525E+03,  9.0730840E+03,3,
  8.0987701E+02,  0.0000000E+00,  2.5452872E+02,2127,  1.2353539E+00,  0.0000000E+00, -9.1544196E-02,  1.0001569E+03,  9.3346162E+03,3,
  8.1104041E+02,  0.0000000E+00,  2.5390874E+02,2107,  1.2234957E+00,  0.0000000E+00,  6.4115548E-03,  1.0000889E+03,  5.2888999E+03,3,
  8.1178497E+02,  0.0000000E+00,  2.5444157E+02,2242,  1.2393726E+00,  0.0000000E+00, -6.1189502E-02,  1.0001718E+03,  1.0217340E+04,3,
  8.1299512E+02,  0.0000000E+00,  2.5435936E+02,2207,  1.2116950E+00,  0.0000000E+00, -5.2584030E-02,  1.0001522E+03,  9.0512900E+03,3,
  8.1401672E+02,  0.0000000E+00,  2.5425327E+02,2101,  1.2008790E+00,  0.0000000E+00, -2.9783683E-02,  1.0000776E+03,  4.6171948E+03,3,
  8.1520959E+02,  0.0000000E+00,  2.5441057E+02,2213,  1.2557555E+00,  0.0000000E+00,  1.6043447E-02,  1.0000967E+03,  5.7500430E+03,3,
  8.1592096E+02,  0.0000000E+00,  2.5412093E+02,2169,  1.3326172E+00,  0.0000000E+00,  1.4329860E-01,  1.0000322E+03,  1.9163104E+03,3,
  8.1715515E+02,  0.0000000E+00,  2.5410408E+02,2152,  1.1878524E+00,  0.0000000E+00,  1.5733393E-01,  1.0000412E+03,  2.4498945E+03,3,
  8.1783734E+02,  0.0000000E+00,  2.5447913E+02,2271,  1.1865356E+00,  0.0000000E+00, -4.3228477E-02,  1.0001393E+03,  8.2848965E+03,3,
  8.1910217E+02,  0.0000000E+00,  2.5415068E+02,2205,  1.0195233E+00,  0.0000000E+00, -2.1371448E-01,  1.0000652E+03,  3.8765566E+03,3,
  8.2449524E+02,  0.0000000E+00,  2.5256250E+02,2129,  2.4458420E+00,  0.0000000E+00,  4.7666618E-01,  1.0019095E+03,  1.1419016E+05,3,
  8.2027856E+02,  0.0000000E+00,  2.5413739E+02,2167,  1.4561172E+00,  0.0000000E+00, -3.9721507E-01,  1.0001622E+03,  9.6506445E+03,3,
  8.2130627E+02,  0.0000000E+00,  2.5365306E+02,2170,  1.9786140E+00,  0.0000000E+00, -6.6375887E-01,  1.0006143E+03,  3.6589879E+04,3,
  8.2260175E+02,  0.0000000E+00,  2.5381714E+02,2154,  2.1407893E+00,  0.0000000E+00, -5.0878596E-02,  9.9984985E+02, -8.9233809E+03,3,
  8.2388257E+02,  0.0000000E+00,  2.5401843E+02,2198,  1.5393190E+00,  0.0000000E+00,  3.0321181E-01,  9.9990363E+02, -5.7285737E+03,3,
  8.2391840E+02,  0.0000000E+00,  2.5346538E+02,2095, -1.1975881E-02,  0.0000000E+00,  6.6001838E-01,  9.9978021E+02, -1.3059505E+04,3,
  8.2706744E+02,  0.0000000E+00,  2.5345784E+02,2199,  1.7068204E+00,  0.0000000E+00, -2.9018018E-01,  1.0002265E+03,  1.3476466E+04,3,
  8.2629810E+02,  0.0000000E+00,  2.5396854E+02,2189,  1.2493802E+00,  0.0000000E+00,  1.0763443E-01,  1.0009630E+03,  5.7424445E+04,3,
  8.2663489E+02,  0.0000000E+00,  2.5348289E+02,2158,  2.2672260E+00,  0.0000000E+00, -1.6904593E-01,  9.9918927E+02, -4.8087254E+04,3,
  8.2844958E+02,  0.0000000E+00,  2.5270375E+02,2089,  1.1391752E+00,  0.0000000E+00, -4.8307478E-01,  1.0009072E+03,  5.4088859E+04,3,
  8.3041656E+02,  0.0000000E+00,  2.5328378E+02,2102,  1.5242679E+00,  0.0000000E+00, -2.6352364E-01,  1.0003920E+03,  2.3336658E+04,3,
  8.3078271E+02,  0.0000000E+00,  2.5320850E+02,2136,  1.7169970E+00,  0.0000000E+00, -4.5480999E-01,  1.0006888E+03,  4.1041910E+04,3,
  8.2979218E+02,  0.0000000E+00,  2.5300722E+02,2128,  1.0461868E+00,  0.0000000E+00,  4.9326118E-02,  1.0011323E+03,  6.7554805E+04,3,
  8.3188409E+02,  0.0000000E+00,  2.5286424E+02,2072,  1.7102143E+00,  0.0000000E+00, -4.3248188E-01,  9.9939160E+02, -3.6108164E+04,3,
  8.3299158E+02,  0.0000000E+00,  2.5363147E+02,2108,  1.2733275E+00,  0.0000000E+00,  6.3829914E-02,  1.0004118E+03,  2.4515301E+04,3,
  8.3404926E+02,  0.0000000E+00,  2.5298816E+02,2103,  1.4308318E+00,  0.0000000E+00,  1.7127451E-01,  1.0005333E+03,  3.1757561E+04,3,
  8.3408704E+02,  0.0000000E+00,  2.5302553E+02,2104,  1.3044751E+00,  0.0000000E+00, -2.7187556E-01,  1.0010493E+03,  6.2583289E+04,3,
  8.3544080E+02,  0.0000000E+00,  2.5385852E+02,2139,  1.3691330E+00,  0.0000000E+00, -1.3209525E-01,  1.0001464E+03,  8.7062236E+03,3,
  8.3568591E+02,  0.0000000E+00,  2.5275893E+02,2134,  1.7139819E+00,  0.0000000E+00,  4.1720588E-02,  1.0014653E+03,  8.7505906E+04,3,
  8.3678583E+02,  0.0000000E+00,  2.5316661E+02,2078,  1.4393835E+00,  0.0000000E+00, -4.5919511E-01,  9.9893671E+02, -6.3019930E+04,3,
  8.3772784E+02,  0.0000000E+00,  2.5283778E+02,2070,  9.0188694E-01,  0.0000000E+00, -3.7856281E-02,  9.9971027E+02, -1.7212016E+04,3,
  8.3848450E+02,  0.0000000E+00,  2.5329889E+02,2092,  2.3822708E+00,  0.0000000E+00,  9.4985241E-01,  1.0030302E+03,  1.8181266E+05,3,
  8.3976056E+02,  0.0000000E+00,  2.5343196E+02,2156,  1.5165069E+00,  0.0000000E+00,  1.2392129E+00,  9.9806836E+02, -1.1418796E+05,3,
  8.4038654E+02,  0.0000000E+00,  2.5327220E+02,2175,  6.3998109E-01,  0.0000000E+00,  4.3495429E-01,  1.0009864E+03,  5.8822508E+04,3,
  8.4105292E+02,  0.0000000E+00,  2.5335672E+02,2083,  7.9662603E-01,  0.0000000E+00,  1.3476747E+00,  1.0035869E+03,  2.1557925E+05,3,
  8.4225427E+02,  0.0000000E+00,  2.5516736E+02,2178,  2.4795451E+00,  0.0000000E+00,  2.4592052E+00,  9.9642102E+02, -2.1052753E+05,3,
  8.4265485E+02,  0.0000000E+00,  2.5527693E+02,2137,  1.9309217E+00,  0.0000000E+00,  7.9305010E-04,  9.9833765E+02, -9.8348562E+04,3,
  8.4334863E+02,  0.0000000E+00,  2.5543459E+02,2030,  9.2476386E-01,  0.0000000E+00,  4.1823995E-01,  1.0034505E+03,  2.0729562E+05,3,
  8.4463507E+02,  0.0000000E+00,  2.5499327E+02,2115,  7.4973929E-01,  0.0000000E+00,  9.5093854E-02,  1.0006323E+03,  3.7664449E+04,3,
  8.4431165E+02,  0.0000000E+00,  2.5531624E+02,2059,  2.4469442E+00,  0.0000000E+00,  8.9183539E-01,  9.9861493E+02, -8.2012055E+04,3,
  8.4687268E+02,  0.0000000E+00,  2.5514755E+02,2109,  2.2878730E+00,  0.0000000E+00, -1.1775205E-01,  1.0016428E+03,  9.8161562E+04,3,
  8.4773596E+02,  0.0000000E+00,  2.5541313E+02,2099,  2.0876946E+00,  0.0000000E+00,  1.6141979E-01,  1.0037318E+03,  2.2438175E+05,3,
  8.4828003E+02,  0.0000000E+00,  2.5503265E+02,2075,  2.0206287E+00,  0.0000000E+00, -2.0002471E-01,  9.9313397E+02, -3.9992650E+05,3,
  8.4823242E+02,  0.0000000E+00,  2.5490532E+02,2096,  1.2100960E+00,  0.0000000E+00, -7.9776478E-01,  9.9568103E+02, -2.5349361E+05,3,
  8.4956171E+02,  0.0000000E+00,  2.5512509E+02,2097,  1.5165976E+00,  0.0000000E+00,  3.7305075E-01,  1.0058514E+03,  3.5408194E+05,3,
  8.5107532E+02,  0.0000000E+00,  2.5531230E+02,2140,  1.5708543E+00,  0.0000000E+00,  6.9252992E-01,  9.9823199E+02, -1.0456604E+05,3,
  8.5152002E+02,  0.0000000E+00,  2.5526372E+02,2080,  1.8964537E+00,  0.0000000E+00, -1.2823781E+00,  9.9972321E+02, -1.6443969E+04,3,
  8.5341150E+02,  0.0000000E+00,  2.5505042E+02,2085,  2.4051094E+00,  0.0000000E+00,  9.7784930E-01,  9.9968573E+02, -1.8668242E+04,3,
  8.5376294E+02,  0.0000000E+00,  2.5487308E+02,2145,  1.3623735E+00,  0.0000000E+00, -5.7834721E-01,  9.9971405E+02, -1.6987404E+04,3,
  8.5382507E+02,  0.0000000E+00,  2.5481416E+02,2088,  1.7908407E+00,  0.0000000E+00,  6.6054904E-01,  1.0005958E+03,  3.5486285E+04,3,
  8.5385101E+02,  0.0000000E+00,  2.5497040E+02,2126,  1.7499456E+00,  0.0000000E+00, -3.8661399E-01,  1.0000435E+03,  2.5878325E+03,3,
  8.5865277E+02,  0.0000000E+00,  2.5491222E+02,2073,  1.9355127E+00,  0.0000000E+00,  2.8424087E-01,  1.0004371E+03,  2.6021547E+04,3,
  8.5880927E+02,  0.0000000E+00,  2.5503174E+02,2058,  1.9381050E+00,  0.0000000E+00, -2.5211480E-01,  1.0001245E+03,  7.4023452E+03,3,
  8.5940875E+02,  0.0000000E+00,  2.5495267E+02,2098,  1.9352796E+00,  0.0000000E+00, -4.7120637E-01,  1.0002419E+03,  1.4395900E+04,3,
  8.5964978E+02,  0.0000000E+00,  2.5504764E+02,2079,  1.9145949E+00,  0.0000000E+00, -6.3508946E-01,  9.9738745E+02, -1.5412459E+05,3,
  8.6082672E+02,  0.0000000E+00,  2.5541087E+02,2110,  1.8938572E+00,  0.0000000E+00, -5.1799279E-01,  1.0014641E+03,  8.7432688E+04,3,
  8.6243707E+02,  0.0000000E+00,  2.5492616E+02,2086,  2.0710211E+00,  0.0000000E+00,  4.9540606E-01,  1.0000585E+03,  3.4808459E+03,3,
  8.6311279E+02,  0.0000000E+00,  2.5512485E+02,2067,  2.1072586E+00,  0.0000000E+00, -4.6084908E-01,  9.9927563E+02, -4.2975785E+04,3,
  8.6468848E+02,  0.0000000E+00,  2.5508189E+02,2082,  2.0506985E+00,  0.0000000E+00, -2.8132728E-01,  1.0002379E+03,  1.4152405E+04,3,
  8.6502606E+02,  0.0000000E+00,  2.5507079E+02,2071,  2.0267339E+00,  0.0000000E+00,  1.2802474E-01,  1.0000189E+03,  1.1250615E+03,3,
  8.6506909E+02,  0.0000000E+00,  2.5504265E+02,2055,  2.0493836E+00,  0.0000000E+00, -6.8759203E-02,  1.0000950E+03,  5.6520029E+03,3,
  8.6551135E+02,  0.0000000E+00,  2.5498474E+02,2100,  2.0753942E+00,  0.0000000E+00, -1.5236968E-01,  1.0000184E+03,  1.0923967E+03,3,
  8.7109821E+02,  0.0000000E+00,  2.5491782E+02,2034,  1.9003533E+00,  0.0000000E+00,  5.1079643E-01,  1.0000790E+03,  4.7007017E+03,3,
  8.7137720E+02,  0.0000000E+00,  2.5510382E+02,2065,  1.9373298E+00,  0.0000000E+00,  6.3174343E-01,  1.0001596E+03,  9.4944453E+03,3,
  8.7154340E+02,  0.0000000E+00,  2.5514372E+02,2081,  1.9721572E+00,  0.0000000E+00,  6.4099634E-01,  1.0002232E+03,  1.3280234E+04,3,
  8.7233405E+02,  0.0000000E+00,  2.5502454E+02,2053,  1.7171130E+00,  0.0000000E+00,  1.1172368E-01,  9.9886456E+02, -6.7281219E+04,3,
  8.7305212E+02,  0.0000000E+00,  2.5505891E+02,2066,  1.9199845E+00,  0.0000000E+00, -1.0458489E-02,  1.0001006E+03,  5.9824380E+03,3,
  8.7391406E+02,  0.0000000E+00,  2.5510468E+02,2091,  1.9234431E+00,  0.0000000E+00, -5.2452832E-02,  1.0002230E+03,  1.3265698E+04,3,
  8.7685974E+02,  0.0000000E+00,  2.5518071E+02,2056,  1.7590219E+00,  0.0000000E+00, -5.4847211E-01,  9.9993793E+02, -3.6900310E+03,3,
  8.7701715E+02,  0.0000000E+00,  2.5510596E+02,2062,  1.9215348E+00,  0.0000000E+00, -2.7528057E-01,  9.9917627E+02, -4.8856453E+04,3,
  8.7774451E+02,  0.0000000E+00,  2.5508809E+02,2046,  1.9050977E+00,  0.0000000E+00, -3.0835462E-01,  1.0004223E+03,  2.5141057E+04,3,
  8.7797644E+02,  0.0000000E+00,  2.5504176E+02,2068,  1.9294934E+00,  0.0000000E+00, -5.5180818E-01,  1.0001650E+03,  9.8141104E+03,3,
  8.7804871E+02,  0.0000000E+00,  2.5492987E+02,2087,  1.9753159E+00,  0.0000000E+00,  2.0550661E-02,  1.0001089E+03,  6.4762959E+03,3,
  8.9011322E+02,  0.0000000E+00,  2.5501236E+02,2050,  2.1403897E+00,  0.0000000E+00, -9.4132930E-02,  9.9982025E+02, -1.0681717E+04,3,
  8.9036890E+02,  0.0000000E+00,  2.5499466E+02,2037,  2.1381521E+00,  0.0000000E+00, -1.7834865E-01,  9.9970300E+02, -1.7643109E+04,3,
  8.9045123E+02,  0.0000000E+00,  2.5494257E+02,2077,  2.1242990E+00,  0.0000000E+00,  2.2845795E-02,  9.9968573E+02, -1.8668242E+04,3,
  8.9111469E+02,  0.0000000E+00,  2.5517232E+02,2049,  2.1922724E+00,  0.0000000E+00, -1.5277015E-01,  1.0007418E+03,  4.4205449E+04,3,
  8.9143970E+02,  0.0000000E+00,  2.5500578E+02,2036,  2.1210639E+00,  0.0000000E+00, -5.1104009E-02,  9.9997308E+02, -1.6002708E+03,3,
  8.9473120E+02,  0.0000000E+00,  2.5596092E+02,2033,  2.2120228E+00,  0.0000000E+00,  1.1535916E-01,  1.0012234E+03,  7.3007688E+04,3,
  8.9528101E+02,  0.0000000E+00,  2.5505028E+02,2041,  2.1861305E+00,  0.0000000E+00,  2.0607266E-01,  9.9688751E+02, -1.8334305E+05,3,
  8.9554492E+02,  0.0000000E+00,  2.5493431E+02,2074,  2.0985839E+00,  0.0000000E+00,  3.9636925E-02,  1.0003449E+03,  2.0528852E+04,3,
  8.9580066E+02,  0.0000000E+00,  2.5495139E+02,2057,  2.1323884E+00,  0.0000000E+00,  1.0936609E-01,  1.0003210E+03,  1.9103430E+04,3,
  8.9590179E+02,  0.0000000E+00,  2.5492938E+02,2063,  2.1199412E+00,  0.0000000E+00,  7.9733759E-02,  1.0003134E+03,  1.8652574E+04,3,
  9.0107861E+02,  0.0000000E+00,  2.5500752E+02,2035,  2.4061971E+00,  0.0000000E+00,  1.9034152E-01,  1.0004619E+03,  2.7498910E+04,3,
  9.0108740E+02,  0.0000000E+00,  2.5503030E+02,2031,  2.4050972E+00,  0.0000000E+00,  1.8997218E-01,  1.0004661E+03,  2.7750010E+04,3,
  9.0169775E+02,  0.0000000E+00,  2.5484338E+02,2029,  2.2581334E+00,  0.0000000E+00,  2.6615876E-01,  1.0010566E+03,  6.3021531E+04,3,
  9.0188928E+02,  0.0000000E+00,  2.5506834E+02,2060,  2.3701048E+00,  0.0000000E+00,  1.8771523E-01,  9.9558154E+02, -2.5925555E+05,3,
  9.0235486E+02,  0.0000000E+00,  2.5585002E+02,2052,  2.4785371E+00,  0.0000000E+00,  1.3085234E-01,  1.0012665E+03,  7.5588977E+04,3,
  9.0565491E+02,  0.0000000E+00,  2.5496512E+02,2069,  2.3868225E+00,  0.0000000E+00, -4.9286377E-02,  1.0002883E+03,  1.7158350E+04,3,
  9.0577222E+02,  0.0000000E+00,  2.5511128E+02,2043,  2.3741798E+00,  0.0000000E+00, -1.5621471E-01,  1.0005268E+03,  3.1371658E+04,3,
  9.0583691E+02,  0.0000000E+00,  2.5506781E+02,2054,  2.3826497E+00,  0.0000000E+00, -2.0149603E-01,  1.0006221E+03,  3.7056117E+04,3,
  9.0723114E+02,  0.0000000E+00,  2.5504056E+02,2038,  2.3975196E+00,  0.0000000E+00,  5.0410707E-02,  9.9759534E+02, -1.4194902E+05,3,
  9.0802325E+02,  0.0000000E+00,  2.5511250E+02,2044,  2.4263432E+00,  0.0000000E+00, -1.9161309E-01,  1.0004930E+03,  2.9358660E+04,3,
  9.0809656E+02,  0.0000000E+00,  2.5505063E+02,2048,  2.3613088E+00,  0.0000000E+00, -1.6242892E-02,  1.0004000E+03,  2.3809555E+04,3,
  9.1094635E+02,  0.0000000E+00,  2.5507098E+02,2040,  2.4077361E+00,  0.0000000E+00,  7.3503807E-02,  1.0003933E+03,  2.3413047E+04,3,
  9.1100751E+02,  0.0000000E+00,  2.5507709E+02,2042,  2.4047949E+00,  0.0000000E+00,  5.7149108E-02,  1.0004379E+03,  2.6068850E+04,3,
  9.1136255E+02,  0.0000000E+00,  2.5512448E+02,2039,  2.3965685E+00,  0.0000000E+00,  6.0238022E-02,  1.0006729E+03,  4.0090859E+04,3,
  9.1198230E+02,  0.0000000E+00,  2.5506670E+02,2047,  2.3917425E+00,  0.0000000E+00,  8.6078085E-02,  9.9741718E+02, -1.5238462E+05,3,
  9.1426306E+02,  0.0000000E+00,  2.5545853E+02,2064,  2.4006591E+00,  0.0000000E+00,  4.7743961E-02,  1.0006085E+03,  3.6247496E+04,3,
  9.1430334E+02,  0.0000000E+00,  2.5498195E+02,2061,  2.3932652E+00,  0.0000000E+00,  3.9643802E-02,  1.0005115E+03,  3.0461572E+04,3,
  9.1447015E+02,  0.0000000E+00,  2.5498279E+02,2051,  2.3941824E+00,  0.0000000E+00,  4.8460536E-02,  1.0002883E+03,  1.7158350E+04,3,
  9.1458618E+02,  0.0000000E+00,  2.5497803E+02,2045,  2.3933814E+00,  0.0000000E+00,  4.3888547E-02,  1.0001794E+03,  1.0675078E+04,3,
 -3.9653091E+02,  0.0000000E+00,  2.6409467E+02,3811, -5.4714717E-02,  0.0000000E+00,  2.3175184E-02,  1.0004849E+03,  2.8870941E+04,3,
 -3.9438422E+02,  0.0000000E+00,  2.6414346E+02,3816, -1.0734826E-01,  0.0000000E+00,  7.4620293E-03,  1.0003540E+03,  2.1070711E+04,3,
 -3.9187112E+02,  0.0000000E+00,  2.6370090E+02,3802, -9.6779719E-02,  0.0000000E+00,  1.3707500E-03,  1.0004772E+03,  2.8416004E+04,3,
 -3.8746341E+02,  0.0000000E+00,  2.6374875E+02,3793, -5.4212414E-02,  0.0000000E+00, -3.4858752E-03,  1.0004629E+03,  2.7560773E+04,3,
 -3.8965680E+02,  0.0000000E+00,  2.6415982E+02,3803, -8.3773136E-02,  0.0000000E+00, -1.5051043E-02,  1.0004523E+03,  2.6931227E+04,3,
 -3.8546701E+02,  0.0000000E+00,  2.6420959E+02,3794, -4.1322183E-02,  0.0000000E+00, -9.0520140E-03,  1.0006143E+03,  3.6593520E+04,3,
 -3.8322733E+02,  0.0000000E+00,  2.6370651E+02,3784, -8.9790747E-03,  0.0000000E+00, -8.9447834E-03,  1.0004013E+03,  2.3889584E+04,3,
 -3.8124197E+02,  0.0000000E+00,  2.6426831E+02,3785,  6.0662329E-03,  0.0000000E+00,  6.2676324E-03,  1.0007717E+03,  4.5991762E+04,3,
 -3.7915775E+02,  0.0000000E+00,  2.6362009E+02,3775,  4.2421268E-03,  0.0000000E+00, -9.7837970E-03,  1.0003141E+03,  1.8692568E+04,3,
 -3.7684827E+02,  0.0000000E+00,  2.6427444E+02,3788,  4.6052169E-02,  0.0000000E+00,  3.5441837E-03,  1.0008594E+03,  5.1232242E+04,3,
 -3.7512399E+02,  0.0000000E+00,  2.6373950E+02,3766,  9.9868011E-03,  0.0000000E+00,  2.9042931E-03,  1.0004601E+03,  2.7393377E+04,3,
 -3.7292981E+02,  0.0000000E+00,  2.6403842E+02,3776,  1.6117331E-02,  0.0000000E+00,  7.7315309E-04,  1.0006075E+03,  3.6189219E+04,3,
 -3.7102002E+02,  0.0000000E+00,  2.6406851E+02,3777,  2.3918681E-02,  0.0000000E+00, -1.2149818E-02,  1.0006606E+03,  3.9358504E+04,3,
 -3.6895352E+02,  0.0000000E+00,  2.6369400E+02,3757,  4.5843828E-02,  0.0000000E+00,  1.8706846E-04,  1.0004623E+03,  2.7524383E+04,3,
 -3.6685974E+02,  0.0000000E+00,  2.6416357E+02,3767,  2.4054578E-02,  0.0000000E+00,  1.2719565E-02,  1.0007724E+03,  4.6031867E+04,3,
 -3.6480460E+02,  0.0000000E+00,  2.6370493E+02,3748,  2.7335202E-02,  0.0000000E+00, -1.0653340E-02,  1.0005103E+03,  3.0388770E+04,3,
 -3.6230804E+02,  0.0000000E+00,  2.6373694E+02,3739,  6.3244209E-02,  0.0000000E+00, -5.5873618E-03,  1.0005636E+03,  3.3567129E+04,3,
 -3.6021878E+02,  0.0000000E+00,  2.6409833E+02,3750,  5.8518000E-02,  0.0000000E+00, -4.1802535E-03,  1.0005926E+03,  3.5296902E+04,3,
 -3.5845792E+02,  0.0000000E+00,  2.6413589E+02,3740,  8.3092302E-02,  0.0000000E+00, -1.6688469E-03,  1.0006544E+03,  3.8983234E+04,3,
 -3.5639679E+02,  0.0000000E+00,  2.6365851E+02,3730,  6.7025915E-02,  0.0000000E+00,  2.9718080E-03,  1.0004930E+03,  2.9355020E+04,3,
 -3.5394012E+02,  0.0000000E+00,  2.6405893E+02,3760,  8.7803908E-02,  0.0000000E+00, -9.9126864E-03,  1.0004744E+03,  2.8244951E+04,3,
 -3.5238376E+02,  0.0000000E+00,  2.6421457E+02,3741,  7.5444221E-02,  0.0000000E+00, -4.3020500E-03,  1.0006860E+03,  4.0874285E+04,3,
 -3.5043665E+02,  0.0000000E+00,  2.6375571E+02,3721,  1.0445596E-01,  0.0000000E+00,  4.0500779E-03,  1.0004811E+03,  2.8645289E+04,3,
 -3.4840283E+02,  0.0000000E+00,  2.6409222E+02,3731,  7.3823400E-02,  0.0000000E+00, -1.3855820E-03,  1.0005549E+03,  3.3050074E+04,3,
 -3.4619281E+02,  0.0000000E+00,  2.6362073E+02,3712,  1.0066403E-01,  0.0000000E+00,  7.7441102E-03,  1.0004960E+03,  2.9537010E+04,3,
 -3.4375607E+02,  0.0000000E+00,  2.6409622E+02,3722,  5.8089383E-02,  0.0000000E+00, -1.8271018E-02,  1.0005059E+03,  3.0123041E+04,3,
 -3.4176184E+02,  0.0000000E+00,  2.6371051E+02,3703,  1.3749890E-01,  0.0000000E+00, -7.6726875E-03,  1.0005331E+03,  3.1746639E+04,3,
 -3.3944965E+02,  0.0000000E+00,  2.6400592E+02,3723,  1.4520930E-01,  0.0000000E+00, -2.9235962E-03,  1.0004656E+03,  2.7720896E+04,3,
 -3.3697787E+02,  0.0000000E+00,  2.6363141E+02,3694,  1.3299111E-01,  0.0000000E+00, -4.9923374E-03,  1.0004392E+03,  2.6148898E+04,3,
 -3.3432523E+02,  0.0000000E+00,  2.6366479E+02,3685,  2.1506372E-01,  0.0000000E+00, -2.3313092E-02,  1.0003292E+03,  1.9594305E+04,3,
 -3.3174368E+02,  0.0000000E+00,  2.6389038E+02,3713,  2.7647245E-01,  0.0000000E+00, -4.9305516E-03,  1.0004079E+03,  2.4282471E+04,3,
 -3.2989355E+02,  0.0000000E+00,  2.6403259E+02,3704,  2.6955351E-01,  0.0000000E+00,  2.2207059E-02,  1.0001470E+03,  8.7425459E+03,3,
 -3.2711462E+02,  0.0000000E+00,  2.6372168E+02,3676, -7.3203668E-02,  0.0000000E+00, -2.1520369E-02,  9.9988269E+02, -6.9725317E+03,3,
 -3.2495541E+02,  0.0000000E+00,  2.6411002E+02,3686, -7.4924216E-02,  0.0000000E+00,  1.4274120E-03,  1.0004335E+03,  2.5806875E+04,3,
 -3.2272589E+02,  0.0000000E+00,  2.6362323E+02,3667, -2.3881068E-02,  0.0000000E+00, -1.7855572E-02,  1.0002894E+03,  1.7223785E+04,3,
 -3.2051395E+02,  0.0000000E+00,  2.6431772E+02,3696,  8.7922364E-02,  0.0000000E+00, -6.3209832E-02,  1.0006622E+03,  3.9453234E+04,3,
 -3.1875388E+02,  0.0000000E+00,  2.6366324E+02,3658,  1.1631722E-01,  0.0000000E+00,  2.8125530E-03,  1.0003166E+03,  1.8841641E+04,3,
 -3.1636038E+02,  0.0000000E+00,  2.6407254E+02,3677,  1.3605917E-01,  0.0000000E+00, -5.2467096E-03,  1.0004077E+03,  2.4271559E+04,3,
 -3.1426550E+02,  0.0000000E+00,  2.6365555E+02,3649,  1.5469012E-01,  0.0000000E+00, -2.7397929E-03,  1.0004074E+03,  2.4253369E+04,3,
 -3.1150229E+02,  0.0000000E+00,  2.6368192E+02,3640,  1.5856710E-01,  0.0000000E+00,  3.7054622E-03,  1.0002487E+03,  1.4795681E+04,3,
 -3.0892447E+02,  0.0000000E+00,  2.6371674E+02,3631,  1.2139252E-01,  0.0000000E+00,  1.5016138E-03,  1.0002943E+03,  1.7510980E+04,3,
 -3.0723532E+02,  0.0000000E+00,  2.6439716E+02,3669,  2.0301132E-01,  0.0000000E+00, -2.6784750E-02,  1.0007000E+03,  4.1708793E+04,3,
 -3.0519196E+02,  0.0000000E+00,  2.6364117E+02,3622,  1.5381709E-01,  0.0000000E+00,  2.3233616E-03,  1.0002909E+03,  1.7311033E+04,3,
 -3.0286633E+02,  0.0000000E+00,  2.6402606E+02,3641,  1.9656752E-01,  0.0000000E+00,  1.0869940E-02,  1.0005129E+03,  3.0545297E+04,3,
 -3.0055453E+02,  0.0000000E+00,  2.6364255E+02,3613,  1.5138951E-01,  0.0000000E+00, -7.1186572E-03,  1.0004025E+03,  2.3962340E+04,3,
 -2.9834290E+02,  0.0000000E+00,  2.6422168E+02,3660,  1.9986683E-01,  0.0000000E+00, -3.9769462E-03,  1.0005773E+03,  3.4382816E+04,3,
 -2.9647852E+02,  0.0000000E+00,  2.6367221E+02,3604,  1.7358541E-01,  0.0000000E+00,  4.4192215E-03,  1.0003713E+03,  2.2099961E+04,3,
 -2.9399323E+02,  0.0000000E+00,  2.6399561E+02,3642,  1.7160678E-01,  0.0000000E+00, -2.8739356E-02,  1.0003741E+03,  2.2270908E+04,3,
 -2.9208694E+02,  0.0000000E+00,  2.6386087E+02,3632,  2.9238811E-01,  0.0000000E+00, -2.8299626E-02,  1.0003885E+03,  2.3125682E+04,3,
 -2.8933243E+02,  0.0000000E+00,  2.6360626E+02,3595,  4.8225158E-01,  0.0000000E+00, -1.0898449E-02,  1.0001765E+03,  1.0500699E+04,3,
 -2.8648160E+02,  0.0000000E+00,  2.6375119E+02,3586,  1.9546287E-01,  0.0000000E+00,  1.7858123E-02,  1.0003837E+03,  2.2841961E+04,3,
 -2.8405090E+02,  0.0000000E+00,  2.6376102E+02,3577,  7.6442979E-02,  0.0000000E+00, -2.5688587E-03,  1.0003212E+03,  1.9114338E+04,3,
 -2.8151465E+02,  0.0000000E+00,  2.6367618E+02,3568,  1.9616738E-01,  0.0000000E+00, -1.1348975E-02,  1.0004459E+03,  2.6549152E+04,3,
 -2.7917422E+02,  0.0000000E+00,  2.6396613E+02,3624,  1.7532475E-01,  0.0000000E+00, -7.0737221E-04,  1.0004359E+03,  2.5952416E+04,3,
 -2.7711694E+02,  0.0000000E+00,  2.6401413E+02,3634,  1.8157968E-01,  0.0000000E+00, -2.8173001E-03,  1.0003986E+03,  2.3725887E+04,3,
 -2.7522177E+02,  0.0000000E+00,  2.6414615E+02,3596,  2.0793687E-01,  0.0000000E+00, -1.4827998E-02,  1.0005909E+03,  3.5198570E+04,3,
 -2.7325558E+02,  0.0000000E+00,  2.6373642E+02,3559,  2.1971756E-01,  0.0000000E+00,  5.7751355E-03,  1.0004668E+03,  2.7793680E+04,3,
 -2.7072818E+02,  0.0000000E+00,  2.6365891E+02,3550,  2.0791595E-01,  0.0000000E+00,  6.1302730E-03,  1.0004352E+03,  2.5908752E+04,3,
 -2.6827100E+02,  0.0000000E+00,  2.6396143E+02,3587,  2.0888630E-01,  0.0000000E+00, -1.2136990E-02,  1.0004142E+03,  2.4657184E+04,3,
 -2.6649609E+02,  0.0000000E+00,  2.6419666E+02,3606,  2.4296930E-01,  0.0000000E+00, -1.2911270E-02,  1.0006221E+03,  3.7059762E+04,3,
 -2.6448734E+02,  0.0000000E+00,  2.6367249E+02,3541,  2.2274691E-01,  0.0000000E+00,  1.6641175E-02,  1.0004532E+03,  2.6985811E+04,3,
 -2.6211340E+02,  0.0000000E+00,  2.6399036E+02,3597,  2.1683216E-01,  0.0000000E+00, -4.6614027E-03,  1.0003916E+03,  2.3311195E+04,3,
 -2.5977365E+02,  0.0000000E+00,  2.6361929E+02,3532,  2.4024203E-01,  0.0000000E+00,  4.7705211E-03,  1.0004865E+03,  2.8969211E+04,3,
 -2.5736832E+02,  0.0000000E+00,  2.6402676E+02,3569,  1.6055968E-01,  0.0000000E+00,  6.5076761E-03,  1.0004862E+03,  2.8951014E+04,3,
 -2.5508577E+02,  0.0000000E+00,  2.6365518E+02,3523,  1.8415873E-01,  0.0000000E+00, -5.1946449E-03,  1.0004416E+03,  2.6290805E+04,3,
 -2.5277730E+02,  0.0000000E+00,  2.6403922E+02,3578,  1.8541826E-01,  0.0000000E+00, -4.7885580E-03,  1.0005352E+03,  3.1870420E+04,3,
 -2.5081708E+02,  0.0000000E+00,  2.6394604E+02,3560,  2.1333428E-01,  0.0000000E+00,  4.4354708E-03,  1.0004507E+03,  2.6836617E+04,3,
 -2.4869823E+02,  0.0000000E+00,  2.6392535E+02,3551,  1.9889046E-01,  0.0000000E+00, -4.1643814E-03,  1.0004641E+03,  2.7629918E+04,3,
 -2.4617766E+02,  0.0000000E+00,  2.6374249E+02,3514,  2.5670156E-01,  0.0000000E+00, -2.7371814E-02,  1.0004778E+03,  2.8448758E+04,3,
 -2.4415746E+02,  0.0000000E+00,  2.6404953E+02,3505,  3.2434970E-01,  0.0000000E+00, -8.8898735E-03,  1.0007370E+03,  4.3917480E+04,3,
 -2.4218132E+02,  0.0000000E+00,  2.6371103E+02,3496,  2.7545786E-01,  0.0000000E+00,  2.2837196E-02,  1.0004439E+03,  2.6429074E+04,3,
 -2.3955330E+02,  0.0000000E+00,  2.6384488E+02,3542,  2.9524720E-01,  0.0000000E+00, -1.9558793E-02,  1.0003029E+03,  1.8023590E+04,3,
 -2.3749252E+02,  0.0000000E+00,  2.6426108E+02,3570,  2.8364670E-01,  0.0000000E+00, -3.1905413E-02,  1.0007517E+03,  4.4795988E+04,3,
 -2.3595059E+02,  0.0000000E+00,  2.6386868E+02,3487,  3.7102351E-01,  0.0000000E+00,  3.9063886E-02,  1.0004895E+03,  2.9147555E+04,3,
 -2.3356056E+02,  0.0000000E+00,  2.6370505E+02,3478,  2.2833583E-01,  0.0000000E+00,  1.8958358E-02,  1.0005492E+03,  3.2707816E+04,3,
 -2.3121162E+02,  0.0000000E+00,  2.6394608E+02,3533,  1.9181126E-01,  0.0000000E+00,  1.4533640E-02,  1.0005209E+03,  3.1018535E+04,3,
 -2.2916548E+02,  0.0000000E+00,  2.6396774E+02,3543,  1.7578778E-01,  0.0000000E+00, -8.5719973E-03,  1.0005505E+03,  3.2784277E+04,3,
 -2.2686722E+02,  0.0000000E+00,  2.6366333E+02,3469,  1.8800835E-01,  0.0000000E+00, -2.7086558E-02,  1.0004650E+03,  2.7688145E+04,3,
 -2.2421321E+02,  0.0000000E+00,  2.6376102E+02,3460,  3.3720475E-01,  0.0000000E+00, -8.8565089E-03,  1.0004905E+03,  2.9205791E+04,3,
 -2.2245868E+02,  0.0000000E+00,  2.6420969E+02,3552,  2.4337772E-01,  0.0000000E+00,  5.1593274E-02,  1.0006738E+03,  4.0145516E+04,3,
 -2.2019119E+02,  0.0000000E+00,  2.6358896E+02,3451,  1.9178762E-01,  0.0000000E+00,  2.0625340E-02,  1.0004865E+03,  2.8969211E+04,3,
 -2.1740002E+02,  0.0000000E+00,  2.6361798E+02,3442,  1.1783837E-01,  0.0000000E+00,  6.6406270E-03,  1.0002961E+03,  1.7620045E+04,3,
 -2.1515271E+02,  0.0000000E+00,  2.6413272E+02,3506,  8.0643013E-02,  0.0000000E+00, -3.0725390E-02,  1.0006208E+03,  3.6979625E+04,3,
 -2.1309027E+02,  0.0000000E+00,  2.6372546E+02,3433,  1.3256913E-01,  0.0000000E+00,  6.5167219E-04,  1.0003730E+03,  2.2205439E+04,3,
 -2.1103560E+02,  0.0000000E+00,  2.6408655E+02,3479, -2.1172808E-02,  0.0000000E+00,  7.8838550E-02,  1.0006097E+03,  3.6316699E+04,3,
 -2.0868327E+02,  0.0000000E+00,  2.6358163E+02,3424,  1.7092474E-02,  0.0000000E+00, -3.6060292E-02,  1.0003618E+03,  2.1532588E+04,3,
 -2.0601717E+02,  0.0000000E+00,  2.6397516E+02,3497,  2.1357134E-01,  0.0000000E+00, -5.8732357E-02,  1.0005776E+03,  3.4401023E+04,3,
 -2.0436331E+02,  0.0000000E+00,  2.6405869E+02,3498,  2.1958794E-01,  0.0000000E+00, -4.8975619E-03,  1.0005662E+03,  3.3723707E+04,3,
 -2.0188623E+02,  0.0000000E+00,  2.6361786E+02,3415,  3.2028431E-01,  0.0000000E+00,  8.5074332E-04,  1.0005902E+03,  3.5154867E+04,3,
 -1.9939885E+02,  0.0000000E+00,  2.6413104E+02,3470,  4.2639217E-01,  0.0000000E+00, -8.9229628E-02,  1.0007239E+03,  4.3133816E+04,3,
 -1.9747208E+02,  0.0000000E+00,  2.6371335E+02,3406,  4.9870503E-01,  0.0000000E+00,  9.9958880E-03,  1.0004438E+03,  2.6425436E+04,3,
 -1.9547968E+02,  0.0000000E+00,  2.6422473E+02,3508,  5.2674752E-01,  0.0000000E+00,  2.8466985E-02,  1.0008027E+03,  4.7840383E+04,3,
 -1.9324808E+02,  0.0000000E+00,  2.6361023E+02,3397,  4.0662488E-01,  0.0000000E+00, -3.7488698E-03,  1.0004082E+03,  2.4300662E+04,3,
 -1.9105894E+02,  0.0000000E+00,  2.6402206E+02,3461,  4.2891940E-01,  0.0000000E+00,  3.4283083E-02,  1.0006926E+03,  4.1267844E+04,3,
 -1.8851442E+02,  0.0000000E+00,  2.6363281E+02,3388,  2.9245961E-01,  0.0000000E+00, -1.4753898E-02,  1.0005947E+03,  3.5420730E+04,3,
 -1.8600343E+02,  0.0000000E+00,  2.6371469E+02,3379,  4.0398133E-01,  0.0000000E+00, -1.5321414E-02,  1.0005281E+03,  3.1448109E+04,3,
 -1.8319865E+02,  0.0000000E+00,  2.6365546E+02,3370,  5.1097232E-01,  0.0000000E+00, -2.4003837E-02,  1.0005826E+03,  3.4699641E+04,3,
 -1.8078476E+02,  0.0000000E+00,  2.6387970E+02,3489,  5.7430953E-01,  0.0000000E+00, -9.5578879E-03,  1.0005303E+03,  3.1582811E+04,3,
 -1.7849326E+02,  0.0000000E+00,  2.6400174E+02,3480,  5.9120762E-01,  0.0000000E+00,  3.7861407E-02,  1.0002552E+03,  1.5188209E+04,3,
 -1.7654027E+02,  0.0000000E+00,  2.6459247E+02,3471,  5.9522092E-01,  0.0000000E+00,  7.4225463E-02,  1.0011422E+03,  6.8146734E+04,3,
 -1.7496843E+02,  0.0000000E+00,  2.6370786E+02,3361,  4.0034020E-01,  0.0000000E+00, -2.1102283E-02,  1.0001538E+03,  9.1493633E+03,3,
 -1.7282680E+02,  0.0000000E+00,  2.6407669E+02,3416,  4.5071813E-01,  0.0000000E+00,  5.9623178E-03,  1.0006270E+03,  3.7347531E+04,3,
 -1.7056313E+02,  0.0000000E+00,  2.6365387E+02,3352,  4.7909793E-01,  0.0000000E+00, -1.3747578E-02,  1.0004870E+03,  2.8998328E+04,3,
 -1.6830875E+02,  0.0000000E+00,  2.6403424E+02,3407,  5.0996715E-01,  0.0000000E+00, -1.5999829E-02,  1.0004598E+03,  2.7378820E+04,3,
 -1.6597333E+02,  0.0000000E+00,  2.6366321E+02,3343,  5.8604050E-01,  0.0000000E+00, -7.6516788E-03,  1.0005579E+03,  3.3228492E+04,3,
 -1.6344659E+02,  0.0000000E+00,  2.6372119E+02,3334,  5.9706509E-01,  0.0000000E+00,  1.2366147E-02,  1.0003300E+03,  1.9637939E+04,3,
 -1.6056801E+02,  0.0000000E+00,  2.6357703E+02,3325,  4.8867455E-01,  0.0000000E+00,  1.3067041E-02,  1.0005112E+03,  3.0439730E+04,3,
 -1.5806868E+02,  0.0000000E+00,  2.6409860E+02,3389,  4.7223851E-01,  0.0000000E+00,  4.0577614E-04,  1.0003657E+03,  2.1765354E+04,3,
 -1.5599901E+02,  0.0000000E+00,  2.6377463E+02,3316,  4.5342797E-01,  0.0000000E+00,  4.8337985E-02,  1.0005377E+03,  3.2023332E+04,3,
 -1.5322330E+02,  0.0000000E+00,  2.6383197E+02,3444,  3.6906475E-01,  0.0000000E+00, -4.0214915E-02,  1.0002082E+03,  1.2386338E+04,3,
 -1.5043806E+02,  0.0000000E+00,  2.6365802E+02,3307,  6.0029829E-01,  0.0000000E+00, -2.6228622E-02,  1.0005164E+03,  3.0752791E+04,3,
 -1.4812167E+02,  0.0000000E+00,  2.6378543E+02,3298,  6.4888775E-01,  0.0000000E+00, -5.2961721E-03,  1.0002033E+03,  1.2095657E+04,3,
 -1.4624057E+02,  0.0000000E+00,  2.6454144E+02,3417,  6.9255960E-01,  0.0000000E+00,  2.9896926E-02,  1.0011260E+03,  6.7174820E+04,3,
 -1.4465056E+02,  0.0000000E+00,  2.6379559E+02,3289,  5.4919279E-01,  0.0000000E+00,  1.3045814E-02,  1.0002451E+03,  1.4584886E+04,3,
 -1.4214594E+02,  0.0000000E+00,  2.6367184E+02,3280,  6.0549623E-01,  0.0000000E+00,  1.7764250E-02,  1.0005408E+03,  3.2205371E+04,3,
 -1.3948361E+02,  0.0000000E+00,  2.6391064E+02,3399,  5.0726712E-01,  0.0000000E+00,  4.9284054E-03,  1.0003950E+03,  2.3511264E+04,3,
 -1.3716467E+02,  0.0000000E+00,  2.6392276E+02,3371,  5.3022903E-01,  0.0000000E+00,  2.5961953E-03,  1.0004546E+03,  2.7065867E+04,3,
 -1.3461765E+02,  0.0000000E+00,  2.6376462E+02,3271,  4.4844806E-01,  0.0000000E+00,  2.9454278E-03,  1.0003224E+03,  1.9187059E+04,3,
 -1.3274968E+02,  0.0000000E+00,  2.6445001E+02,3445,  7.3557311E-01,  0.0000000E+00, -2.1329623E-02,  1.0008859E+03,  5.2815504E+04,3,
 -1.3114694E+02,  0.0000000E+00,  2.6389975E+02,3362,  3.7150201E-01,  0.0000000E+00,  4.2684367E-03,  1.0001078E+03,  6.4109307E+03,3,
 -1.2845572E+02,  0.0000000E+00,  2.6358032E+02,3262,  5.1400501E-01,  0.0000000E+00,  1.1848964E-02,  1.0004879E+03,  2.9049283E+04,3,
 -1.2592227E+02,  0.0000000E+00,  2.6406290E+02,3436,  4.6618640E-01,  0.0000000E+00, -1.6645325E-02,  1.0003411E+03,  2.0303389E+04,3,
 -1.2389352E+02,  0.0000000E+00,  2.6398520E+02,3391,  5.0580174E-01,  0.0000000E+00,  1.6158388E-03,  1.0004446E+03,  2.6469100E+04,3,
 -1.2163806E+02,  0.0000000E+00,  2.6397330E+02,3381,  4.8758915E-01,  0.0000000E+00, -2.5905031E-04,  1.0003272E+03,  1.9474311E+04,3,
 -1.1929523E+02,  0.0000000E+00,  2.6366000E+02,3253,  4.9571869E-01,  0.0000000E+00,  1.0175111E-02,  1.0004016E+03,  2.3904135E+04,3,
 -1.1630788E+02,  0.0000000E+00,  2.6365619E+02,3244,  4.6235397E-01,  0.0000000E+00,  4.7710206E-04,  1.0004901E+03,  2.9183953E+04,3,
 -1.1402522E+02,  0.0000000E+00,  2.6404016E+02,3390,  4.1086319E-01,  0.0000000E+00, -2.2154944E-02,  1.0003157E+03,  1.8787102E+04,3,
 -1.1143816E+02,  0.0000000E+00,  2.6357938E+02,3235,  6.3689303E-01,  0.0000000E+00,  5.4083331E-03,  1.0004907E+03,  2.9216709E+04,3,
 -1.0838725E+02,  0.0000000E+00,  2.6389542E+02,3335,  5.8194268E-01,  0.0000000E+00,  1.8247137E-02,  1.0003531E+03,  2.1019797E+04,3,
 -1.0566102E+02,  0.0000000E+00,  2.6386502E+02,3226,  6.4328903E-01,  0.0000000E+00, -5.3237773E-02,  1.0003148E+03,  1.8736199E+04,3,
 -1.0339862E+02,  0.0000000E+00,  2.6391452E+02,3217,  5.7582808E-01,  0.0000000E+00,  4.8968203E-02,  1.0003198E+03,  1.9034346E+04,3,
 -1.0096563E+02,  0.0000000E+00,  2.6380038E+02,3208,  6.7253071E-01,  0.0000000E+00, -2.5384283E-02,  1.0002148E+03,  1.2778771E+04,3,
 -9.7928459E+01,  0.0000000E+00,  2.6379446E+02,3199,  7.7162308E-01,  0.0000000E+00,  4.7286596E-02,  1.0004445E+03,  2.6465461E+04,3,
 -9.5030701E+01,  0.0000000E+00,  2.6384180E+02,3290,  5.4720914E-01,  0.0000000E+00, -2.5110725E-02,  1.0001108E+03,  6.5888696E+03,3,
 -9.2353722E+01,  0.0000000E+00,  2.6400919E+02,3308,  6.3941509E-01,  0.0000000E+00,  5.8875792E-02,  1.0003204E+03,  1.9070705E+04,3,
 -8.9483093E+01,  0.0000000E+00,  2.6402710E+02,3190,  7.3844910E-01,  0.0000000E+00, -8.5980162E-02,  1.0003132E+03,  1.8638029E+04,3,
 -8.7373901E+01,  0.0000000E+00,  2.6376636E+02,3181,  5.8716118E-01,  0.0000000E+00,  5.3786859E-03,  1.0002109E+03,  1.2546216E+04,3,
 -8.4542442E+01,  0.0000000E+00,  2.6395020E+02,3317,  7.7110219E-01,  0.0000000E+00,  4.9981885E-02,  1.0003210E+03,  1.9107066E+04,3,
 -8.1313431E+01,  0.0000000E+00,  2.6398438E+02,3336,  6.7977351E-01,  0.0000000E+00, -4.7917046E-02,  1.0000190E+03,  1.1286910E+03,3,
 -7.9275658E+01,  0.0000000E+00,  2.6394446E+02,3272,  6.1520284E-01,  0.0000000E+00,  5.6731079E-02,  1.0001594E+03,  9.4799150E+03,3,
 -7.6001907E+01,  0.0000000E+00,  2.6418668E+02,3354,  7.6075184E-01,  0.0000000E+00, -1.0307403E-03,  1.0005337E+03,  3.1783045E+04,3,
 -7.3849342E+01,  0.0000000E+00,  2.6428397E+02,3172,  6.7046738E-01,  0.0000000E+00, -3.2352491E-03,  1.0005242E+03,  3.1215117E+04,3,
 -7.1678543E+01,  0.0000000E+00,  2.6409647E+02,3163,  8.2296550E-01,  0.0000000E+00, -5.0010928E-03,  1.0005175E+03,  3.0818316E+04,3,
 -6.8732010E+01,  0.0000000E+00,  2.6395679E+02,3318,  6.9642657E-01,  0.0000000E+00, -5.0767217E-02,  1.0002491E+03,  1.4821122E+04,3,
 -6.5943123E+01,  0.0000000E+00,  2.6387076E+02,3154,  6.6862714E-01,  0.0000000E+00,  7.1569979E-02,  1.0003105E+03,  1.8481689E+04,3,
 -6.2983337E+01,  0.0000000E+00,  2.6442303E+02,3337,  6.0871333E-01,  0.0000000E+00,  8.2688354E-02,  9.9994574E+02, -3.2256780E+03,3,
 -6.0008724E+01,  0.0000000E+00,  2.6448743E+02,3263,  9.2334461E-01,  0.0000000E+00, -6.6701651E-02,  1.0006745E+03,  4.0185598E+04,3,
 -5.6896587E+01,  0.0000000E+00,  2.6403012E+02,3145,  4.4360885E-01,  0.0000000E+00,  8.0757916E-02,  1.0005967E+03,  3.5540918E+04,3,
 -5.2424728E+01,  0.0000000E+00,  2.6469974E+02,3136,  1.0551202E+00,  0.0000000E+00, -1.6500281E-01,  1.0006650E+03,  3.9617191E+04,3,
 -5.0441826E+01,  0.0000000E+00,  2.6447913E+02,3347,  1.1610790E+00,  0.0000000E+00, -1.8828344E-01,  1.0003644E+03,  2.1692613E+04,3,
 -4.7959396E+01,  0.0000000E+00,  2.6485327E+02,3127,  9.6054655E-01,  0.0000000E+00,  7.5804371E-01,  9.9999194E+02, -4.7901971E+02,3,
 -4.3525402E+01,  0.0000000E+00,  2.6467273E+02,3118,  1.0555329E+00,  0.0000000E+00,  7.4047640E-02,  1.0003833E+03,  2.2816500E+04,3,
  8.1689728E+01,  0.0000000E+00,  2.6286124E+02,3273,  8.5537825E+00,  0.0000000E+00, -1.6271344E+00,  9.9297095E+02, -4.0922253E+05,3,
  8.2248451E+01,  0.0000000E+00,  2.6334534E+02,3329,  6.2913618E+00,  0.0000000E+00, -6.1463594E-01,  1.0070768E+03,  4.2981016E+05,3,
  8.1226921E+01,  0.0000000E+00,  2.6297818E+02,3339,  8.4513597E+00,  0.0000000E+00,  1.6827207E+00,  9.9724445E+02, -1.6249139E+05,3,
  8.2465637E+01,  0.0000000E+00,  2.6332556E+02,3146,  7.9794164E+00,  0.0000000E+00, -4.3874606E-01,  1.0067058E+03,  4.0682506E+05,3,
  8.2843071E+01,  0.0000000E+00,  2.6273322E+02,3201,  8.4676247E+00,  0.0000000E+00, -2.2744880E+00,  9.9804016E+02, -1.1584509E+05,3,
  8.3386826E+01,  0.0000000E+00,  2.6199957E+02,3369,  9.6891298E+00,  0.0000000E+00,  1.2774256E+00,  1.0002836E+03,  1.6874799E+04,3,
  9.1717018E+01,  0.0000000E+00,  2.6323853E+02,3359,  6.8036885E+00,  0.0000000E+00,  6.0491884E-01,  1.0017114E+03,  1.0227814E+05,3,
  9.2256454E+01,  0.0000000E+00,  2.6277255E+02,3349,  6.0942101E+00,  0.0000000E+00, -1.3479209E-01,  1.0008126E+03,  4.8431141E+04,3,
  9.2329445E+01,  0.0000000E+00,  2.6398798E+02,3360,  6.0414224E+00,  0.0000000E+00, -9.6205491E-01,  9.9990289E+02, -5.7720967E+03,3,
  9.2926376E+01,  0.0000000E+00,  2.6357758E+02,3264,  8.4206390E+00,  0.0000000E+00, -5.0419378E-01,  9.9951331E+02, -2.8895627E+04,3,
  9.3334068E+01,  0.0000000E+00,  2.6310718E+02,3266,  7.2477961E+00,  0.0000000E+00, -7.6331097E-01,  9.9465576E+02, -3.1270803E+05,3,
  9.5727547E+01,  0.0000000E+00,  2.6327982E+02,3321,  5.8420572E+00,  0.0000000E+00,  2.4708614E+00,  1.0130307E+03,  8.0573281E+05,3,
  9.6491463E+01,  0.0000000E+00,  2.6341119E+02,3083,  7.4636736E+00,  0.0000000E+00,  3.7826722E+00,  9.9414136E+02, -3.4227981E+05,3,
  9.6630852E+01,  0.0000000E+00,  2.6341104E+02,3128,  6.7274857E+00,  0.0000000E+00,  3.4962437E+00,  9.9778656E+02, -1.3073590E+05,3,
  9.6995270E+01,  0.0000000E+00,  2.6326233E+02,2983,  6.1506596E+00,  0.0000000E+00,  2.2833188E+00,  9.9747162E+02, -1.4919686E+05,3,
  9.7395195E+01,  0.0000000E+00,  2.6293582E+02,3350,  4.5089960E+00,  0.0000000E+00, -2.7317421E+00,  9.9848315E+02, -8.9779156E+04,3,
  1.4998785E+02,  0.0000000E+00,  2.6291077E+02,3351,  7.0792637E+00,  0.0000000E+00,  1.5279485E-01,  9.9978894E+02, -1.2541225E+04,3,
  1.5022177E+02,  0.0000000E+00,  2.6306647E+02,3340,  7.0353069E+00,  0.0000000E+00, -1.9906355E-01,  9.9951221E+02, -2.8960760E+04,3,
  1.5090947E+02,  0.0000000E+00,  2.6343777E+02,2974,  7.1069212E+00,  0.0000000E+00,  6.5650976E-01,  1.0006605E+03,  3.9347574E+04,3,
  1.5149615E+02,  0.0000000E+00,  2.6302856E+02,3265,  7.4750676E+00,  0.0000000E+00, -7.9662132E-01,  9.9864764E+02, -8.0082820E+04,3,
  1.5158823E+02,  0.0000000E+00,  2.6303204E+02,3219,  6.6783075E+00,  0.0000000E+00, -4.1911331E-01,  1.0002681E+03,  1.5955136E+04,3,
  1.5335283E+02,  0.0000000E+00,  2.6283871E+02,3341,  6.6675229E+00,  0.0000000E+00,  4.2503887E-01,  1.0015717E+03,  9.3892812E+04,3,
  1.5566528E+02,  0.0000000E+00,  2.6324188E+02,3156,  7.0017142E+00,  0.0000000E+00, -1.0154947E+00,  9.9781012E+02, -1.2935349E+05,3,
  1.5564233E+02,  0.0000000E+00,  2.6311053E+02,3292,  6.9290333E+00,  0.0000000E+00, -2.9630050E-01,  9.9764642E+02, -1.3895462E+05,3,
  1.5589429E+02,  0.0000000E+00,  2.6307108E+02,3257,  6.8875699E+00,  0.0000000E+00, -3.3587432E-01,  1.0009017E+03,  5.3760473E+04,3,
  1.5673788E+02,  0.0000000E+00,  2.6334021E+02,3256,  6.9778457E+00,  0.0000000E+00, -2.3088674E-01,  1.0014938E+03,  8.9219430E+04,3,
  1.5771907E+02,  0.0000000E+00,  2.6286453E+02,3074,  7.7562160E+00,  0.0000000E+00, -1.9996103E+00,  1.0007254E+03,  4.3224938E+04,3,
  1.5985931E+02,  0.0000000E+00,  2.6176282E+02,3238,  5.5397906E+00,  0.0000000E+00, -3.0785902E+00,  9.9170209E+02, -4.8126328E+05,3,
  1.5979115E+02,  0.0000000E+00,  2.6211484E+02,3147,  5.6438117E+00,  0.0000000E+00, -3.2068303E+00,  1.0090336E+03,  5.5189869E+05,3,
  1.5983990E+02,  0.0000000E+00,  2.6188004E+02,3301,  5.3912005E+00,  0.0000000E+00, -4.0087576E+00,  9.9572449E+02, -2.5097566E+05,3,
  1.6024075E+02,  0.0000000E+00,  2.6171561E+02,3293,  3.9170527E+00,  0.0000000E+00, -3.7348559E+00,  1.0010101E+03,  6.0239023E+04,3,
  1.6283812E+02,  0.0000000E+00,  2.6245410E+02,3342,  8.2520924E+00,  0.0000000E+00, -1.1875343E+00,  1.0025547E+03,  1.5306927E+05,3,
  1.6541698E+02,  0.0000000E+00,  2.6213626E+02,3331,  7.1353965E+00,  0.0000000E+00, -6.4966135E-02,  1.0008134E+03,  4.8478547E+04,3,
  1.6401237E+02,  0.0000000E+00,  2.6135120E+02,2965,  6.0485373E+00,  0.0000000E+00,  1.0499338E+00,  9.9499677E+02, -2.9305400E+05,3,
  1.6388033E+02,  0.0000000E+00,  2.6141452E+02,2956,  6.1665874E+00,  0.0000000E+00,  6.7895991E-01,  1.0006379E+03,  3.7999594E+04,3,
  1.6546451E+02,  0.0000000E+00,  2.6206631E+02,3322,  6.3684449E+00,  0.0000000E+00,  3.0648534E+00,  1.0008340E+03,  4.9711234E+04,3,
  1.6552841E+02,  0.0000000E+00,  2.6217468E+02,3332,  6.2682033E+00,  0.0000000E+00,  1.9471025E+00,  1.0001665E+03,  9.9049268E+03,3,
  2.1211856E+02,  0.0000000E+00,  2.5832855E+02,3315,  4.3448377E-01,  0.0000000E+00, -8.8471431E-01,  1.0009061E+03,  5.4019535E+04,3,
  2.4139705E+02,  0.0000000E+00,  2.5825540E+02,3279,  1.8437293E+00,  0.0000000E+00, -3.9528180E-02,  1.0001674E+03,  9.9557842E+03,3,
 -3.9716086E+02,  0.0000000E+00,  2.6616904E+02,3820, -2.2711879E-02,  0.0000000E+00, -1.0567821E-02,  1.0002236E+03,  1.3302037E+04,3,
 -3.9719769E+02,  0.0000000E+00,  2.6560977E+02,3815,  2.0122813E-02,  0.0000000E+00,  7.7971414E-02,  1.0002354E+03,  1.4003404E+04,3,
 -3.9664835E+02,  0.0000000E+00,  2.6728195E+02,3828,  5.9378196E-02,  0.0000000E+00, -1.0163151E-03,  1.0002582E+03,  1.5362670E+04,3,
 -3.9494870E+02,  0.0000000E+00,  2.6628928E+02,3821,  6.9594704E-02,  0.0000000E+00, -4.4484669E-03,  1.0003059E+03,  1.8205373E+04,3,
 -3.9389249E+02,  0.0000000E+00,  2.6628958E+02,3822,  4.7044884E-02,  0.0000000E+00, -2.6201899E-03,  1.0002805E+03,  1.6693041E+04,3,
 -3.9282394E+02,  0.0000000E+00,  2.6625699E+02,3823,  4.6411872E-02,  0.0000000E+00,  8.7126426E-04,  1.0002521E+03,  1.5002847E+04,3,
 -3.9183423E+02,  0.0000000E+00,  2.6623428E+02,3824,  4.7439102E-02,  0.0000000E+00,  4.9787140E-03,  1.0002435E+03,  1.4486758E+04,3,
 -3.9071774E+02,  0.0000000E+00,  2.6620941E+02,3825,  5.2303378E-02,  0.0000000E+00,  3.0987491E-03,  1.0002602E+03,  1.5482614E+04,3,
 -3.8956213E+02,  0.0000000E+00,  2.6635037E+02,3827,  2.6960600E-02,  0.0000000E+00, -1.0609198E-02,  1.0002932E+03,  1.7445543E+04,3,
 -3.8851721E+02,  0.0000000E+00,  2.6695959E+02,3826,  6.3213192E-02,  0.0000000E+00, -2.3016103E-02,  1.0002656E+03,  1.5806107E+04,3,
 -3.8622815E+02,  0.0000000E+00,  2.6701605E+02,3818,  4.8501428E-02,  0.0000000E+00, -3.0057281E-02,  1.0002838E+03,  1.6889340E+04,3,
 -3.8743573E+02,  0.0000000E+00,  2.6590399E+02,3812,  3.8590036E-02,  0.0000000E+00, -3.2770835E-02,  1.0002634E+03,  1.5675255E+04,3,
 -3.8399854E+02,  0.0000000E+00,  2.6709766E+02,3814,  7.1869455E-02,  0.0000000E+00, -2.5561469E-02,  1.0002856E+03,  1.6994762E+04,3,
 -3.8503745E+02,  0.0000000E+00,  2.6594562E+02,3813,  7.6919191E-02,  0.0000000E+00, -1.8990079E-02,  1.0002335E+03,  1.3894380E+04,3,
 -3.8188260E+02,  0.0000000E+00,  2.6707556E+02,3806,  7.5339280E-02,  0.0000000E+00, -3.5359271E-02,  1.0002969E+03,  1.7670941E+04,3,
 -3.8306836E+02,  0.0000000E+00,  2.6585034E+02,3805,  1.2072553E-02,  0.0000000E+00, -2.3942001E-02,  1.0001947E+03,  1.1583354E+04,3,
 -3.8052332E+02,  0.0000000E+00,  2.6597354E+02,3804,  9.6003450E-02,  0.0000000E+00, -2.1089533E-02,  1.0002125E+03,  1.2640690E+04,3,
 -3.7948712E+02,  0.0000000E+00,  2.6726395E+02,3819,  8.8113509E-02,  0.0000000E+00, -1.8404638E-02,  1.0002820E+03,  1.6780285E+04,3,
 -3.7860330E+02,  0.0000000E+00,  2.6622025E+02,3795,  9.2163034E-02,  0.0000000E+00, -4.7491877E-03,  1.0002620E+03,  1.5591656E+04,3,
 -3.7768835E+02,  0.0000000E+00,  2.6582126E+02,3798, -8.1442995E-03,  0.0000000E+00, -1.7002907E-03,  1.0000777E+03,  4.6208257E+03,3,
 -3.7651236E+02,  0.0000000E+00,  2.6706519E+02,3807,  1.5361392E-01,  0.0000000E+00, -4.0864524E-02,  1.0002896E+03,  1.7234691E+04,3,
 -3.7494501E+02,  0.0000000E+00,  2.6694778E+02,3796,  1.0397435E-01,  0.0000000E+00, -2.5422810E-02,  1.0002862E+03,  1.7031115E+04,3,
 -3.7416022E+02,  0.0000000E+00,  2.6601636E+02,3787,  1.3004306E-01,  0.0000000E+00, -1.4107265E-02,  1.0001833E+03,  1.0903956E+04,3,
 -3.7281653E+02,  0.0000000E+00,  2.6696661E+02,3817,  1.0104197E-01,  0.0000000E+00, -1.0410044E-02,  1.0002689E+03,  1.5998754E+04,3,
 -3.7203699E+02,  0.0000000E+00,  2.6593982E+02,3799,  1.4379685E-01,  0.0000000E+00, -2.2164444E-03,  1.0001243E+03,  7.3914497E+03,3,
 -3.7078351E+02,  0.0000000E+00,  2.6687146E+02,3810,  1.2653808E-01,  0.0000000E+00, -1.9427417E-03,  1.0002660E+03,  1.5827916E+04,3,
 -3.6956183E+02,  0.0000000E+00,  2.6656979E+02,3797,  1.1463033E-01,  0.0000000E+00, -1.6520269E-03,  1.0002538E+03,  1.5100979E+04,3,
 -3.6850372E+02,  0.0000000E+00,  2.6607632E+02,3786,  1.0253915E-01,  0.0000000E+00, -1.4448890E-02,  1.0001805E+03,  1.0736839E+04,3,
 -3.6761523E+02,  0.0000000E+00,  2.6687335E+02,3808,  9.9712245E-02,  0.0000000E+00, -1.9085065E-02,  1.0002587E+03,  1.5395382E+04,3,
 -3.6596606E+02,  0.0000000E+00,  2.6594055E+02,3779,  2.3469470E-01,  0.0000000E+00, -1.5677849E-02,  1.0001466E+03,  8.7207529E+03,3,
 -3.6551166E+02,  0.0000000E+00,  2.6714532E+02,3809,  5.9564736E-02,  0.0000000E+00, -1.6030213E-02,  1.0002859E+03,  1.7016574E+04,3,
 -3.6411816E+02,  0.0000000E+00,  2.6589832E+02,3778,  1.2399412E-01,  0.0000000E+00, -1.1743462E-03,  1.0002069E+03,  1.2310033E+04,3,
 -3.6314127E+02,  0.0000000E+00,  2.6712515E+02,3800,  1.3836022E-01,  0.0000000E+00, -1.7215867E-02,  1.0002935E+03,  1.7463721E+04,3,
 -3.6245157E+02,  0.0000000E+00,  2.6605331E+02,3758,  1.2297150E-01,  0.0000000E+00, -1.1735866E-02,  1.0002630E+03,  1.5649812E+04,3,
 -3.6082211E+02,  0.0000000E+00,  2.6694495E+02,3801,  1.4525941E-01,  0.0000000E+00, -1.0957551E-02,  1.0002656E+03,  1.5806107E+04,3,
 -3.6021890E+02,  0.0000000E+00,  2.6599146E+02,3768,  1.4351974E-01,  0.0000000E+00, -3.5050244E-03,  1.0001679E+03,  9.9884775E+03,3,
 -3.5875058E+02,  0.0000000E+00,  2.6696628E+02,3790,  1.4485328E-01,  0.0000000E+00, -1.7561492E-03,  1.0002742E+03,  1.6314994E+04,3,
 -3.5738147E+02,  0.0000000E+00,  2.6601758E+02,3749,  1.2280735E-01,  0.0000000E+00, -6.3243504E-03,  1.0002056E+03,  1.2230096E+04,3,
 -3.5655383E+02,  0.0000000E+00,  2.6718475E+02,3789,  1.3913751E-01,  0.0000000E+00, -5.1620058E-03,  1.0002778E+03,  1.6529461E+04,3,
 -3.5558093E+02,  0.0000000E+00,  2.6617651E+02,3759,  1.4048640E-01,  0.0000000E+00, -3.8491406E-03,  1.0002522E+03,  1.5006480E+04,3,
 -3.5350494E+02,  0.0000000E+00,  2.6708734E+02,3792,  1.7298177E-01,  0.0000000E+00, -1.8015315E-03,  1.0002720E+03,  1.6187771E+04,3,
 -3.5439728E+02,  0.0000000E+00,  2.6590665E+02,3769,  1.1733902E-01,  0.0000000E+00,  3.8261111E-03,  1.0001871E+03,  1.1132839E+04,3,
 -3.5204263E+02,  0.0000000E+00,  2.6660849E+02,3781,  1.1408720E-01,  0.0000000E+00, -1.6027138E-03,  1.0002623E+03,  1.5606194E+04,3,
 -3.5079120E+02,  0.0000000E+00,  2.6657681E+02,3791,  1.3879456E-01,  0.0000000E+00, -1.1229823E-02,  1.0002572E+03,  1.5304516E+04,3,
 -3.4945511E+02,  0.0000000E+00,  2.6678650E+02,3782,  1.3333456E-01,  0.0000000E+00, -1.0119508E-02,  1.0002527E+03,  1.5035557E+04,3,
 -3.4867908E+02,  0.0000000E+00,  2.6610956E+02,3761,  1.5568899E-01,  0.0000000E+00, -5.7392162E-03,  1.0002468E+03,  1.4686648E+04,3,
 -3.4399750E+02,  0.0000000E+00,  2.6575662E+02,3753,  2.7555189E-01,  0.0000000E+00, -5.5260151E-03,  1.0002352E+03,  1.3992502E+04,3,
 -3.4644354E+02,  0.0000000E+00,  2.6702048E+02,3780,  1.3298771E-01,  0.0000000E+00, -2.9846006E-03,  1.0002562E+03,  1.5242728E+04,3,
 -3.4736288E+02,  0.0000000E+00,  2.6616647E+02,3742,  1.3872814E-01,  0.0000000E+00, -7.9511134E-03,  1.0002567E+03,  1.5271805E+04,3,
 -3.4377371E+02,  0.0000000E+00,  2.6708188E+02,3783,  3.4038324E-02,  0.0000000E+00,  2.5450446E-02,  1.0002866E+03,  1.7056562E+04,3,
 -3.4538077E+02,  0.0000000E+00,  2.6593588E+02,3752,  1.2976044E-01,  0.0000000E+00, -2.0035874E-02,  1.0002484E+03,  1.4777509E+04,3,
 -3.4215921E+02,  0.0000000E+00,  2.6683102E+02,3770,  1.1875896E-01,  0.0000000E+00,  3.6280464E-02,  1.0003141E+03,  1.8696203E+04,3,
 -3.4075482E+02,  0.0000000E+00,  2.6581058E+02,3743,  2.7321583E-02,  0.0000000E+00,  1.4548134E-02,  1.0002828E+03,  1.6831178E+04,3,
 -3.4017194E+02,  0.0000000E+00,  2.6704764E+02,3772,  1.2258109E-01,  0.0000000E+00,  1.0228475E-02,  1.0002836E+03,  1.6878436E+04,3,
 -3.3884708E+02,  0.0000000E+00,  2.6564468E+02,3754,  6.6712864E-02,  0.0000000E+00, -1.8916689E-02,  1.0002383E+03,  1.4177845E+04,3,
 -3.3811353E+02,  0.0000000E+00,  2.6701038E+02,3771,  9.7988352E-02,  0.0000000E+00, -1.0409700E-02,  1.0002797E+03,  1.6645785E+04,3,
 -3.3700912E+02,  0.0000000E+00,  2.6573785E+02,3744,  9.1655977E-02,  0.0000000E+00, -1.1192616E-02,  1.0003047E+03,  1.8132660E+04,3,
 -3.3589243E+02,  0.0000000E+00,  2.6704251E+02,3774,  9.0110704E-02,  0.0000000E+00, -2.8731588E-02,  1.0002573E+03,  1.5308150E+04,3,
 -3.3515860E+02,  0.0000000E+00,  2.6601797E+02,3751,  6.3634232E-02,  0.0000000E+00, -4.2042252E-02,  1.0003546E+03,  2.1103441E+04,3,
 -3.3396313E+02,  0.0000000E+00,  2.6571078E+02,3762,  9.9158958E-02,  0.0000000E+00, -7.2749190E-02,  1.0003827E+03,  2.2780127E+04,3,
 -3.3274298E+02,  0.0000000E+00,  2.6711938E+02,3773,  8.5328937E-02,  0.0000000E+00, -6.5661117E-02,  1.0002402E+03,  1.4290506E+04,3,
 -3.3221240E+02,  0.0000000E+00,  2.6608490E+02,3733,  5.7149690E-02,  0.0000000E+00, -8.1883274E-02,  1.0003197E+03,  1.9027074E+04,3,
 -3.3004608E+02,  0.0000000E+00,  2.6696088E+02,3763,  1.2357859E-01,  0.0000000E+00, -1.0884694E-02,  1.0002350E+03,  1.3985233E+04,3,
 -3.3072369E+02,  0.0000000E+00,  2.6595312E+02,3724,  1.3218102E-01,  0.0000000E+00, -3.6971815E-02,  1.0003212E+03,  1.9117975E+04,3,
 -3.2796365E+02,  0.0000000E+00,  2.6499402E+02,3705,  3.3767089E-01,  0.0000000E+00,  3.8789210E-01,  1.0012266E+03,  7.3197789E+04,3,
 -3.2843488E+02,  0.0000000E+00,  2.6680743E+02,3765,  4.7200292E-02,  0.0000000E+00,  2.2968136E-02,  1.0002001E+03,  1.1906720E+04,3,
 -3.2642252E+02,  0.0000000E+00,  2.6677524E+02,3764,  3.2426280E-01,  0.0000000E+00, -1.0129201E-02,  1.0002355E+03,  1.4010673E+04,3,
 -3.2503201E+02,  0.0000000E+00,  2.6604236E+02,3732,  2.4937493E-01,  0.0000000E+00, -4.4380434E-02,  1.0003518E+03,  2.0939789E+04,3,
 -3.2462616E+02,  0.0000000E+00,  2.6709671E+02,3756,  3.4169593E-01,  0.0000000E+00, -6.2189851E-02,  1.0002398E+03,  1.4268701E+04,3,
 -3.2336203E+02,  0.0000000E+00,  2.6600113E+02,3725,  2.9111212E-01,  0.0000000E+00, -1.0127312E-01,  1.0003017E+03,  1.7954514E+04,3,
 -3.2164801E+02,  0.0000000E+00,  2.6698410E+02,3755,  4.4060558E-01,  0.0000000E+00, -4.6992194E-02,  1.0002456E+03,  1.4613961E+04,3,
 -3.2182373E+02,  0.0000000E+00,  2.6592252E+02,3715,  2.7880895E-01,  0.0000000E+00, -3.6800638E-02,  1.0003127E+03,  1.8612580E+04,3,
 -3.1983157E+02,  0.0000000E+00,  2.6680704E+02,3745,  2.8471130E-01,  0.0000000E+00, -1.8787716E-03,  1.0002742E+03,  1.6318629E+04,3,
 -3.1846844E+02,  0.0000000E+00,  2.6588480E+02,3714,  2.3670471E-01,  0.0000000E+00, -5.4393649E-02,  1.0003218E+03,  1.9150697E+04,3,
 -3.1776645E+02,  0.0000000E+00,  2.6694495E+02,3747,  2.9238284E-01,  0.0000000E+00, -3.7853397E-02,  1.0002572E+03,  1.5304516E+04,3,
 -3.1660275E+02,  0.0000000E+00,  2.6596851E+02,3716,  3.4372362E-01,  0.0000000E+00, -3.9600413E-02,  1.0003304E+03,  1.9667029E+04,3,
 -3.1535510E+02,  0.0000000E+00,  2.6686612E+02,3734,  2.9625389E-01,  0.0000000E+00, -9.1908602E-03,  1.0002549E+03,  1.5166401E+04,3,
 -3.1452930E+02,  0.0000000E+00,  2.6591940E+02,3695,  2.7459887E-01,  0.0000000E+00,  2.9423437E-03,  1.0003251E+03,  1.9347047E+04,3,
 -3.0968350E+02,  0.0000000E+00,  2.6586209E+02,3668,  3.0818036E-01,  0.0000000E+00,  4.8008185E-02,  1.0003875E+03,  2.3067482E+04,3,
 -3.1276245E+02,  0.0000000E+00,  2.6570129E+02,3707,  2.9281014E-01,  0.0000000E+00, -1.8092645E-02,  1.0004140E+03,  2.4646270E+04,3,
 -3.1271866E+02,  0.0000000E+00,  2.6695801E+02,3746,  2.6834068E-01,  0.0000000E+00, -5.3657210E-03,  1.0002382E+03,  1.4174211E+04,3,
 -3.1128903E+02,  0.0000000E+00,  2.6593109E+02,3678,  2.8495923E-01,  0.0000000E+00, -6.4757708E-03,  1.0003592E+03,  2.1379840E+04,3,
 -3.0975458E+02,  0.0000000E+00,  2.6679681E+02,3735,  3.0484658E-01,  0.0000000E+00,  3.9918974E-02,  1.0002375E+03,  1.4134234E+04,3,
 -3.0786060E+02,  0.0000000E+00,  2.6670499E+02,3726,  2.4436408E-01,  0.0000000E+00,  6.4925015E-02,  1.0002748E+03,  1.6351345E+04,3,
 -3.0652664E+02,  0.0000000E+00,  2.6693616E+02,3738,  2.6354757E-01,  0.0000000E+00,  3.5710976E-02,  1.0002583E+03,  1.5369939E+04,3,
 -3.0549985E+02,  0.0000000E+00,  2.6593930E+02,3687,  1.3695157E-01,  0.0000000E+00, -2.1567801E-02,  1.0002832E+03,  1.6852988E+04,3,
 -3.0426392E+02,  0.0000000E+00,  2.6607401E+02,3706,  2.3593952E-01,  0.0000000E+00, -4.5195535E-02,  1.0003003E+03,  1.7870896E+04,3,
 -3.0346408E+02,  0.0000000E+00,  2.6701389E+02,3736,  2.5929019E-01,  0.0000000E+00, -1.8956548E-02,  1.0002554E+03,  1.5195478E+04,3,
 -3.0234183E+02,  0.0000000E+00,  2.6594101E+02,3697,  2.2198987E-01,  0.0000000E+00, -1.5977882E-02,  1.0002785E+03,  1.6573082E+04,3,
 -3.0083011E+02,  0.0000000E+00,  2.6704135E+02,3737,  1.5686813E-01,  0.0000000E+00,  1.4449771E-02,  1.0002603E+03,  1.5489884E+04,3,
 -3.0070453E+02,  0.0000000E+00,  2.6576248E+02,3699,  3.1550518E-01,  0.0000000E+00,  1.6792277E-02,  1.0002657E+03,  1.5809742E+04,3,
 -2.9912817E+02,  0.0000000E+00,  2.6682037E+02,3727,  2.3028786E-01,  0.0000000E+00,  1.9179501E-02,  1.0002715E+03,  1.6155056E+04,3,
 -2.9799933E+02,  0.0000000E+00,  2.6612323E+02,3717,  1.7790149E-01,  0.0000000E+00,  1.0072405E-02,  1.0002892E+03,  1.7209244E+04,3,
 -2.9676926E+02,  0.0000000E+00,  2.6682306E+02,3729,  1.9616491E-01,  0.0000000E+00, -1.0818636E-02,  1.0002587E+03,  1.5395382E+04,3,
 -2.9572845E+02,  0.0000000E+00,  2.6582431E+02,3688,  2.4841142E-01,  0.0000000E+00,  3.6136419E-06,  1.0003552E+03,  2.1139809E+04,3,
 -2.9461734E+02,  0.0000000E+00,  2.6689380E+02,3728,  2.6348141E-01,  0.0000000E+00, -3.7189105E-03,  1.0002610E+03,  1.5529865E+04,3,
 -2.9361749E+02,  0.0000000E+00,  2.6601715E+02,3679,  1.6768794E-01,  0.0000000E+00, -3.0572577E-03,  1.0003349E+03,  1.9932477E+04,3,
 -2.9212695E+02,  0.0000000E+00,  2.6682782E+02,3718,  1.7585844E-01,  0.0000000E+00, -1.0759900E-01,  1.0002317E+03,  1.3785357E+04,3,
 -2.9161279E+02,  0.0000000E+00,  2.6590311E+02,3698,  1.5245575E-01,  0.0000000E+00, -1.5789157E-01,  1.0002796E+03,  1.6638514E+04,3,
 -2.9026395E+02,  0.0000000E+00,  2.6582111E+02,3689,  2.5037381E-01,  0.0000000E+00, -1.9470364E-01,  1.0003284E+03,  1.9543398E+04,3,
 -2.8904010E+02,  0.0000000E+00,  2.6595706E+02,3650,  2.0959054E-01,  0.0000000E+00, -5.2745879E-02,  1.0004000E+03,  2.3809555E+04,3,
 -2.8871140E+02,  0.0000000E+00,  2.6690509E+02,3719,  3.8335216E-01,  0.0000000E+00, -5.7711713E-02,  1.0002485E+03,  1.4784777E+04,3,
 -2.8713980E+02,  0.0000000E+00,  2.6518042E+02,3653,  3.0634964E-01,  0.0000000E+00,  4.5304132E-01,  1.0004564E+03,  2.7171396E+04,3,
 -2.8631406E+02,  0.0000000E+00,  2.6680219E+02,3720,  3.4657159E-01,  0.0000000E+00,  3.6876518E-02,  1.0002796E+03,  1.6638514E+04,3,
 -2.8500211E+02,  0.0000000E+00,  2.6673526E+02,3708,  4.0204951E-01,  0.0000000E+00, -4.7113728E-02,  1.0002891E+03,  1.7205609E+04,3,
 -2.8414478E+02,  0.0000000E+00,  2.6581638E+02,3659,  2.9545990E-01,  0.0000000E+00, -1.3891062E-01,  1.0003737E+03,  2.2245447E+04,3,
 -2.8285138E+02,  0.0000000E+00,  2.6692224E+02,3710,  5.5002052E-01,  0.0000000E+00, -9.5081285E-02,  1.0002510E+03,  1.4937425E+04,3,
 -2.8226151E+02,  0.0000000E+00,  2.6583173E+02,3670,  4.2794174E-01,  0.0000000E+00, -8.5997209E-02,  1.0003116E+03,  1.8547135E+04,3,
 -2.8071588E+02,  0.0000000E+00,  2.6594897E+02,3623,  4.6124980E-01,  0.0000000E+00,  3.3096697E-02,  1.0002952E+03,  1.7565512E+04,3,
 -2.7983148E+02,  0.0000000E+00,  2.6705142E+02,3711,  4.0031657E-01,  0.0000000E+00,  1.7597139E-02,  1.0002628E+03,  1.5635272E+04,3,
 -2.7891199E+02,  0.0000000E+00,  2.6598965E+02,3662,  4.2726833E-01,  0.0000000E+00,  3.3746500E-02,  1.0002864E+03,  1.7045656E+04,3,
 -2.7736658E+02,  0.0000000E+00,  2.6698798E+02,3709,  4.5970020E-01,  0.0000000E+00,  3.9449418E-03,  1.0002617E+03,  1.5569848E+04,3,
 -2.7685468E+02,  0.0000000E+00,  2.6582388E+02,3681,  4.4536978E-01,  0.0000000E+00,  2.8962604E-04,  1.0002141E+03,  1.2738800E+04,3,
 -2.7535565E+02,  0.0000000E+00,  2.6681073E+02,3701,  4.2920053E-01,  0.0000000E+00, -8.3535351E-03,  1.0002778E+03,  1.6529461E+04,3,
 -2.7410574E+02,  0.0000000E+00,  2.6666174E+02,3700,  4.2619151E-01,  0.0000000E+00, -2.3007207E-02,  1.0002816E+03,  1.6758475E+04,3,
 -2.7296823E+02,  0.0000000E+00,  2.6584634E+02,3651,  4.0897697E-01,  0.0000000E+00, -4.3853551E-02,  1.0002519E+03,  1.4988309E+04,3,
 -2.7186371E+02,  0.0000000E+00,  2.6700513E+02,3702,  4.7046894E-01,  0.0000000E+00, -1.3770872E-02,  1.0002660E+03,  1.5827916E+04,3,
 -2.7108264E+02,  0.0000000E+00,  2.6601431E+02,3652,  4.0134355E-01,  0.0000000E+00, -1.2108122E-03,  1.0003040E+03,  1.8092668E+04,3,
 -2.6995059E+02,  0.0000000E+00,  2.6608560E+02,3605,  4.1687506E-01,  0.0000000E+00,  7.4086101E-03,  1.0002592E+03,  1.5420825E+04,3,
 -2.6834006E+02,  0.0000000E+00,  2.6692303E+02,3680,  4.6904522E-01,  0.0000000E+00,  1.7589387E-02,  1.0002477E+03,  1.4741164E+04,3,
 -2.6831168E+02,  0.0000000E+00,  2.6584021E+02,3663,  4.3609345E-01,  0.0000000E+00,  2.8867321E-02,  1.0002278E+03,  1.3552779E+04,3,
 -2.6642792E+02,  0.0000000E+00,  2.6672864E+02,3692,  4.1874039E-01,  0.0000000E+00,  1.0352137E-02,  1.0002667E+03,  1.5867899E+04,3,
 -2.6528012E+02,  0.0000000E+00,  2.6651031E+02,3690,  3.8594922E-01,  0.0000000E+00, -1.8562475E-02,  1.0002596E+03,  1.5446268E+04,3,
 -2.6382803E+02,  0.0000000E+00,  2.6583450E+02,3671,  4.5580277E-01,  0.0000000E+00, -2.7144453E-02,  1.0002418E+03,  1.4388632E+04,3,
 -2.6320306E+02,  0.0000000E+00,  2.6691370E+02,3693,  4.2297697E-01,  0.0000000E+00, -2.1125035E-02,  1.0002589E+03,  1.5402651E+04,3,
 -2.6203281E+02,  0.0000000E+00,  2.6608707E+02,3643,  4.3071634E-01,  0.0000000E+00, -1.2359936E-02,  1.0002764E+03,  1.6449490E+04,3,
 -2.6088141E+02,  0.0000000E+00,  2.6593341E+02,3654,  4.1277623E-01,  0.0000000E+00, -5.6954096E-03,  1.0002571E+03,  1.5297247E+04,3,
 -2.5990399E+02,  0.0000000E+00,  2.6685339E+02,3691,  4.6106851E-01,  0.0000000E+00,  1.9033747E-02,  1.0002558E+03,  1.5220920E+04,3,
 -2.5880966E+02,  0.0000000E+00,  2.6593442E+02,3661,  4.3243113E-01,  0.0000000E+00,  4.4256579E-02,  1.0002496E+03,  1.4853832E+04,3,
 -2.5733557E+02,  0.0000000E+00,  2.6689484E+02,3683,  3.2767412E-01,  0.0000000E+00,  3.1881485E-02,  1.0002780E+03,  1.6544002E+04,3,
 -2.5707831E+02,  0.0000000E+00,  2.6569254E+02,3645,  5.0981957E-01,  0.0000000E+00,  2.1118512E-02,  1.0002050E+03,  1.2193761E+04,3,
 -2.5539725E+02,  0.0000000E+00,  2.6675748E+02,3682,  4.2291605E-01,  0.0000000E+00,  1.7152218E-02,  1.0002795E+03,  1.6631244E+04,3,
 -2.5460498E+02,  0.0000000E+00,  2.6586578E+02,3633,  3.9387599E-01,  0.0000000E+00,  2.5899617E-02,  1.0002366E+03,  1.4076088E+04,3,
 -2.5322092E+02,  0.0000000E+00,  2.6685645E+02,3684,  4.1667429E-01,  0.0000000E+00, -1.0701188E-02,  1.0002683E+03,  1.5966040E+04,3,
 -2.5236586E+02,  0.0000000E+00,  2.6592990E+02,3614,  3.9141586E-01,  0.0000000E+00, -2.6296670E-02,  1.0002123E+03,  1.2629789E+04,3,
 -2.5104152E+02,  0.0000000E+00,  2.6670798E+02,3672,  4.4394922E-01,  0.0000000E+00, -3.9696913E-02,  1.0002543E+03,  1.5130056E+04,3,
 -2.4989920E+02,  0.0000000E+00,  2.6602722E+02,3615,  4.5233154E-01,  0.0000000E+00, -3.5535034E-02,  1.0002332E+03,  1.3876210E+04,3,
 -2.4842448E+02,  0.0000000E+00,  2.6697269E+02,3674,  4.2339063E-01,  0.0000000E+00, -2.7118392E-02,  1.0002665E+03,  1.5860630E+04,3,
 -2.4805324E+02,  0.0000000E+00,  2.6590466E+02,3627,  4.4870114E-01,  0.0000000E+00, -3.0838385E-02,  1.0002212E+03,  1.3160316E+04,3,
 -2.4676640E+02,  0.0000000E+00,  2.6580585E+02,3625,  4.1151527E-01,  0.0000000E+00, -2.0342734E-02,  1.0001516E+03,  9.0149668E+03,3,
 -2.4571758E+02,  0.0000000E+00,  2.6683295E+02,3675,  4.4502291E-01,  0.0000000E+00, -2.2382911E-02,  1.0002791E+03,  1.6609434E+04,3,
 -2.4433592E+02,  0.0000000E+00,  2.6647607E+02,3673,  4.3754518E-01,  0.0000000E+00, -1.1483155E-02,  1.0002753E+03,  1.6384059E+04,3,
 -2.4296866E+02,  0.0000000E+00,  2.6663754E+02,3665,  4.1998187E-01,  0.0000000E+00, -1.3983227E-02,  1.0002746E+03,  1.6340439E+04,3,
 -2.4160605E+02,  0.0000000E+00,  2.6576764E+02,3626,  4.3459079E-01,  0.0000000E+00, -1.7588442E-02,  1.0001915E+03,  1.1390792E+04,3,
 -2.4081577E+02,  0.0000000E+00,  2.6679541E+02,3664,  4.3368703E-01,  0.0000000E+00, -1.1896051E-02,  1.0002538E+03,  1.5104613E+04,3,
 -2.3987065E+02,  0.0000000E+00,  2.6604883E+02,3635,  4.5163035E-01,  0.0000000E+00, -2.8338821E-03,  1.0002296E+03,  1.3661800E+04,3,
 -2.3896922E+02,  0.0000000E+00,  2.6599078E+02,3579,  4.4333351E-01,  0.0000000E+00,  4.9664103E-03,  1.0001760E+03,  1.0468004E+04,3,
 -2.3747072E+02,  0.0000000E+00,  2.6670343E+02,3666,  4.5265964E-01,  0.0000000E+00,  1.7298494E-02,  1.0002264E+03,  1.3469198E+04,3,
 -2.3583221E+02,  0.0000000E+00,  2.6649689E+02,3644,  4.0293500E-01,  0.0000000E+00,  2.8072152E-02,  1.0002479E+03,  1.4752067E+04,3,
 -2.3470390E+02,  0.0000000E+00,  2.6668472E+02,3656,  4.1259348E-01,  0.0000000E+00,  3.5875197E-02,  1.0002761E+03,  1.6427680E+04,3,
 -2.3351746E+02,  0.0000000E+00,  2.6579514E+02,3598,  4.4304839E-01,  0.0000000E+00,  5.7058122E-02,  1.0001219E+03,  7.2534448E+03,3,
 -2.3260756E+02,  0.0000000E+00,  2.6677408E+02,3655,  3.7742996E-01,  0.0000000E+00,  3.6657196E-02,  1.0002649E+03,  1.5762490E+04,3,
 -2.3169864E+02,  0.0000000E+00,  2.6597162E+02,3607,  4.5328537E-01,  0.0000000E+00,  3.9565369E-02,  1.0001818E+03,  1.0813131E+04,3,
 -2.2991422E+02,  0.0000000E+00,  2.6691415E+02,3657,  4.4426739E-01,  0.0000000E+00,  3.6886394E-02,  1.0002429E+03,  1.4454049E+04,3,
 -2.2975883E+02,  0.0000000E+00,  2.6607062E+02,3580,  4.1514716E-01,  0.0000000E+00,  4.5905884E-02,  1.0001939E+03,  1.1536121E+04,3,
 -2.2796072E+02,  0.0000000E+00,  2.6592603E+02,3581,  3.9028832E-01,  0.0000000E+00,  1.5679870E-02,  1.0001664E+03,  9.8976611E+03,3,
 -2.2723361E+02,  0.0000000E+00,  2.6652567E+02,3646,  3.5675678E-01,  0.0000000E+00, -2.8805858E-02,  1.0002553E+03,  1.5191843E+04,3,
 -2.2536462E+02,  0.0000000E+00,  2.6562970E+02,3524,  1.7678925E-01,  0.0000000E+00, -8.2381852E-02,  1.0001962E+03,  1.1674186E+04,3,
 -2.2575757E+02,  0.0000000E+00,  2.6675262E+02,3647,  5.3829366E-01,  0.0000000E+00, -1.0220569E-01,  1.0002704E+03,  1.6089627E+04,3,
 -2.2385762E+02,  0.0000000E+00,  2.6644443E+02,3636,  5.6160051E-01,  0.0000000E+00, -9.5663026E-02,  1.0002571E+03,  1.5297247E+04,3,
 -2.2133800E+02,  0.0000000E+00,  2.6605630E+02,3588,  5.5332530E-01,  0.0000000E+00,  3.0715173E-02,  1.0001375E+03,  8.1759351E+03,3,
 -2.2215681E+02,  0.0000000E+00,  2.6678601E+02,3648,  4.4096339E-01,  0.0000000E+00, -1.5959745E-02,  1.0002375E+03,  1.4130601E+04,3,
 -2.2017809E+02,  0.0000000E+00,  2.6614011E+02,3616,  4.7368628E-01,  0.0000000E+00,  4.2547602E-02,  1.0001660E+03,  9.8758652E+03,3,
 -2.1934482E+02,  0.0000000E+00,  2.6603204E+02,3608,  4.7111446E-01,  0.0000000E+00,  4.8925400E-02,  1.0002056E+03,  1.2230096E+04,3,
 -2.1758914E+02,  0.0000000E+00,  2.6583990E+02,3609,  5.5733114E-01,  0.0000000E+00,  5.0731581E-02,  1.0003079E+03,  1.8325352E+04,3,
 -2.1800693E+02,  0.0000000E+00,  2.6686893E+02,3638,  4.0248618E-01,  0.0000000E+00,  5.0848395E-02,  1.0002646E+03,  1.5747950E+04,3,
 -2.1551878E+02,  0.0000000E+00,  2.6658600E+02,3637,  6.9507289E-01,  0.0000000E+00,  6.4851776E-02,  1.0002267E+03,  1.3487368E+04,3,
 -2.1564900E+02,  0.0000000E+00,  2.6583258E+02,3515,  3.0542606E-01,  0.0000000E+00,  1.2407105E-01,  1.0001753E+03,  1.0428042E+04,3,
 -2.1351653E+02,  0.0000000E+00,  2.6645456E+02,3639,  4.3391237E-01,  0.0000000E+00,  6.9507726E-02,  1.0002443E+03,  1.4534005E+04,3,
 -2.1246828E+02,  0.0000000E+00,  2.6630072E+02,3617,  3.4840330E-01,  0.0000000E+00, -8.6840745E-03,  1.0002457E+03,  1.4621229E+04,3,
 -2.1125732E+02,  0.0000000E+00,  2.6654834E+02,3629,  4.5734891E-01,  0.0000000E+00, -7.4334741E-02,  1.0002423E+03,  1.4417706E+04,3,
 -2.0990262E+02,  0.0000000E+00,  2.6568442E+02,3600,  6.4270055E-01,  0.0000000E+00, -7.7910863E-02,  1.0000918E+03,  5.4595566E+03,3,
 -2.0915843E+02,  0.0000000E+00,  2.6666461E+02,3628,  4.5075658E-01,  0.0000000E+00, -6.9126628E-02,  1.0002612E+03,  1.5540770E+04,3,
 -2.0810089E+02,  0.0000000E+00,  2.6604501E+02,3561,  4.2705071E-01,  0.0000000E+00, -5.4953743E-02,  1.0002406E+03,  1.4315946E+04,3,
 -2.0665891E+02,  0.0000000E+00,  2.6678204E+02,3630,  5.6789255E-01,  0.0000000E+00, -8.3102569E-02,  1.0002529E+03,  1.5046461E+04,3,
 -2.0631773E+02,  0.0000000E+00,  2.6578143E+02,3590,  4.2990783E-01,  0.0000000E+00, -5.1716045E-02,  1.0001133E+03,  6.7413911E+03,3,
 -2.0443661E+02,  0.0000000E+00,  2.6674966E+02,3618,  5.9796757E-01,  0.0000000E+00, -8.6823314E-02,  1.0002816E+03,  1.6754838E+04,3,
 -2.0340092E+02,  0.0000000E+00,  2.6581064E+02,3571,  5.2610612E-01,  0.0000000E+00, -1.2029959E-01,  1.0000779E+03,  4.6317178E+03,3,
 -2.0226967E+02,  0.0000000E+00,  2.6693768E+02,3620,  4.1672319E-01,  0.0000000E+00, -1.0918845E-01,  1.0002853E+03,  1.6976586E+04,3,
 -2.0122989E+02,  0.0000000E+00,  2.6607855E+02,3599,  6.3853085E-01,  0.0000000E+00, -9.4363704E-02,  1.0001574E+03,  9.3636758E+03,3,
 -2.0057271E+02,  0.0000000E+00,  2.6581885E+02,3591,  5.6883907E-01,  0.0000000E+00, -5.5518903E-02,  1.0000065E+03,  3.8468411E+02,3,
 -1.9923625E+02,  0.0000000E+00,  2.6670328E+02,3621,  5.4078734E-01,  0.0000000E+00, -3.6078066E-02,  1.0002467E+03,  1.4679380E+04,3,
 -1.9799918E+02,  0.0000000E+00,  2.6637378E+02,3619,  5.0668043E-01,  0.0000000E+00, -2.8438199E-02,  1.0001889E+03,  1.1238199E+04,3,
 -1.9660280E+02,  0.0000000E+00,  2.6625998E+02,3589,  5.1040792E-01,  0.0000000E+00, -4.7099177E-02,  1.0001289E+03,  7.6674653E+03,3,
 -1.9533821E+02,  0.0000000E+00,  2.6665274E+02,3611,  5.4386479E-01,  0.0000000E+00, -1.1370237E-02,  1.0002060E+03,  1.2255530E+04,3,
 -1.9431291E+02,  0.0000000E+00,  2.6593811E+02,3562,  6.3874614E-01,  0.0000000E+00,  4.6644446E-02,  1.0000685E+03,  4.0762332E+03,3,
 -1.9335719E+02,  0.0000000E+00,  2.6652158E+02,3610,  5.4402757E-01,  0.0000000E+00,  7.3154792E-02,  1.0002174E+03,  1.2935021E+04,3,
 -1.9188644E+02,  0.0000000E+00,  2.6601627E+02,3544,  4.9620005E-01,  0.0000000E+00,  6.9638833E-02,  1.0001405E+03,  8.3575371E+03,3,
 -1.9102701E+02,  0.0000000E+00,  2.6684882E+02,3612,  5.0834233E-01,  0.0000000E+00,  4.2638406E-02,  1.0002667E+03,  1.5871534E+04,3,
 -1.8998808E+02,  0.0000000E+00,  2.6595575E+02,3554,  5.7198429E-01,  0.0000000E+00,  2.5569936E-02,  1.0001390E+03,  8.2703682E+03,3,
 -1.8831320E+02,  0.0000000E+00,  2.6680853E+02,3602,  5.7973474E-01,  0.0000000E+00,  9.7652543E-03,  1.0003057E+03,  1.8190830E+04,3,
 -1.8863803E+02,  0.0000000E+00,  2.6563992E+02,3563,  4.8711196E-01,  0.0000000E+00,  5.1582132E-02,  9.9997388E+02, -1.5531010E+03,3,
 -1.8664906E+02,  0.0000000E+00,  2.6659634E+02,3601,  5.2790195E-01,  0.0000000E+00, -3.5267856E-02,  1.0003174E+03,  1.8892543E+04,3,
 -1.8578366E+02,  0.0000000E+00,  2.6578723E+02,3553,  4.6055394E-01,  0.0000000E+00, -7.8956336E-02,  1.0002243E+03,  1.3345645E+04,3,
 -1.8416437E+02,  0.0000000E+00,  2.6676547E+02,3603,  6.6496843E-01,  0.0000000E+00, -8.4704287E-02,  1.0003077E+03,  1.8314445E+04,3,
 -1.8431496E+02,  0.0000000E+00,  2.6556006E+02,3573,  4.2172611E-01,  0.0000000E+00, -1.3637005E-01,  1.0000112E+03,  6.6776306E+02,3,
 -1.8240038E+02,  0.0000000E+00,  2.6665182E+02,3582,  5.6773692E-01,  0.0000000E+00, -3.0617600E-02,  1.0002750E+03,  1.6365885E+04,3,
 -1.8166322E+02,  0.0000000E+00,  2.6584546E+02,3555,  5.1651913E-01,  0.0000000E+00,  1.2178920E-03,  1.0001559E+03,  9.2728652E+03,3,
 -1.8045329E+02,  0.0000000E+00,  2.6612183E+02,3452,  4.2239457E-01,  0.0000000E+00, -2.0464038E-02,  1.0001981E+03,  1.1783186E+04,3,
 -1.7914511E+02,  0.0000000E+00,  2.6681772E+02,3593,  8.2294703E-01,  0.0000000E+00, -5.6302343E-02,  1.0002138E+03,  1.2720631E+04,3,
 -1.7875110E+02,  0.0000000E+00,  2.6578168E+02,3509,  3.2175061E-01,  0.0000000E+00,  4.4787031E-02,  1.0001388E+03,  8.2558398E+03,3,
 -1.7688751E+02,  0.0000000E+00,  2.6643893E+02,3592,  5.6083691E-01,  0.0000000E+00, -6.5071940E-02,  1.0001125E+03,  6.6905503E+03,3,
 -1.7530530E+02,  0.0000000E+00,  2.6659418E+02,3594,  7.6441187E-01,  0.0000000E+00, -2.6544845E-02,  1.0001602E+03,  9.5271377E+03,3,
 -1.7373387E+02,  0.0000000E+00,  2.6608511E+02,3572,  6.9465333E-01,  0.0000000E+00,  1.4378529E-02,  1.0001708E+03,  1.0162848E+04,3,
 -1.7316220E+02,  0.0000000E+00,  2.6673593E+02,3584,  6.1990786E-01,  0.0000000E+00, -1.1376495E-02,  1.0002313E+03,  1.3763553E+04,3,
 -1.7181911E+02,  0.0000000E+00,  2.6599225E+02,3534,  6.8628484E-01,  0.0000000E+00, -3.8923770E-02,  1.0001564E+03,  9.3019248E+03,3,
 -1.7077312E+02,  0.0000000E+00,  2.6668552E+02,3583,  6.6223341E-01,  0.0000000E+00, -4.9844474E-02,  1.0002482E+03,  1.4770240E+04,3,
 -1.6962518E+02,  0.0000000E+00,  2.6592285E+02,3516,  7.0912272E-01,  0.0000000E+00, -5.3594619E-02,  1.0002033E+03,  1.2095657E+04,3,
 -1.6838142E+02,  0.0000000E+00,  2.6684689E+02,3585,  6.9163328E-01,  0.0000000E+00, -5.8848836E-02,  1.0002703E+03,  1.6085992E+04,3,
 -1.6750447E+02,  0.0000000E+00,  2.6598209E+02,3488,  6.5801060E-01,  0.0000000E+00, -6.5575749E-02,  1.0002273E+03,  1.3523708E+04,3,
 -1.6634486E+02,  0.0000000E+00,  2.6583932E+02,3525,  7.6210815E-01,  0.0000000E+00, -5.9271343E-02,  1.0001483E+03,  8.8224551E+03,3,
 -1.6533372E+02,  0.0000000E+00,  2.6674411E+02,3575,  6.8570995E-01,  0.0000000E+00, -6.3960380E-03,  1.0002646E+03,  1.5747950E+04,3,
 -1.6385178E+02,  0.0000000E+00,  2.6570987E+02,3507,  6.6480744E-01,  0.0000000E+00,  4.4090431E-02,  1.0003200E+03,  1.9045254E+04,3,
 -1.6311057E+02,  0.0000000E+00,  2.6672025E+02,3574,  7.3407066E-01,  0.0000000E+00,  3.9450541E-02,  1.0002815E+03,  1.6751203E+04,3,
 -1.6213892E+02,  0.0000000E+00,  2.6582254E+02,3499,  6.3321060E-01,  0.0000000E+00,  4.8285905E-02,  1.0002755E+03,  1.6391330E+04,3,
 -1.6030513E+02,  0.0000000E+00,  2.6664392E+02,3564,  7.4529314E-01,  0.0000000E+00,  4.7780182E-02,  1.0002596E+03,  1.5449902E+04,3,
 -1.6061288E+02,  0.0000000E+00,  2.6560846E+02,3510,  6.6003108E-01,  0.0000000E+00,  5.4909125E-02,  1.0000972E+03,  5.7827231E+03,3,
 -1.5848366E+02,  0.0000000E+00,  2.6668826E+02,3576,  7.1541059E-01,  0.0000000E+00,  3.1426635E-02,  1.0002728E+03,  1.6235024E+04,3,
 -1.5820343E+02,  0.0000000E+00,  2.6570099E+02,3518,  6.3337702E-01,  0.0000000E+00,  3.4792390E-02,  1.0002808E+03,  1.6711217E+04,3,
 -1.5654210E+02,  0.0000000E+00,  2.6652344E+02,3545,  6.4835465E-01,  0.0000000E+00, -5.3847242E-02,  1.0002629E+03,  1.5646177E+04,3,
 -1.5480061E+02,  0.0000000E+00,  2.6561163E+02,3526,  8.8510525E-01,  0.0000000E+00, -1.9325810E-02,  1.0002520E+03,  1.4991942E+04,3,
 -1.5464830E+02,  0.0000000E+00,  2.6683398E+02,3566,  6.3964033E-01,  0.0000000E+00, -7.9345077E-02,  1.0002474E+03,  1.4722992E+04,3,
 -1.5329404E+02,  0.0000000E+00,  2.6598782E+02,3527,  7.9142952E-01,  0.0000000E+00, -5.4135513E-02,  1.0002895E+03,  1.7227420E+04,3,
 -1.5222092E+02,  0.0000000E+00,  2.6584158E+02,3519,  7.2669238E-01,  0.0000000E+00, -7.3127434E-02,  1.0002661E+03,  1.5831551E+04,3,
 -1.5122481E+02,  0.0000000E+00,  2.6560187E+02,3528,  7.2077662E-01,  0.0000000E+00, -8.8958070E-02,  1.0001691E+03,  1.0057499E+04,3,
 -1.5040567E+02,  0.0000000E+00,  2.6673032E+02,3565,  8.0890679E-01,  0.0000000E+00, -5.2861415E-02,  1.0002770E+03,  1.6485840E+04,3,
 -1.4901155E+02,  0.0000000E+00,  2.6659634E+02,3567,  7.7032673E-01,  0.0000000E+00,  3.7131526E-03,  1.0002958E+03,  1.7601867E+04,3,
 -1.4770869E+02,  0.0000000E+00,  2.6643918E+02,3557,  7.1738702E-01,  0.0000000E+00,  1.4734142E-02,  1.0002066E+03,  1.2291866E+04,3,
 -1.4695091E+02,  0.0000000E+00,  2.6609122E+02,3535,  6.9374257E-01,  0.0000000E+00, -1.2898794E-03,  1.0000885E+03,  5.2634834E+03,3,
 -1.4457954E+02,  0.0000000E+00,  2.6637183E+02,3556,  8.9221954E-01,  0.0000000E+00,  1.8275380E-02,  1.0001561E+03,  9.2873945E+03,3,
 -1.4366260E+02,  0.0000000E+00,  2.6639111E+02,3536,  7.2981411E-01,  0.0000000E+00,  1.1316381E-02,  1.0002053E+03,  1.2215562E+04,3,
 -1.4239479E+02,  0.0000000E+00,  2.6586777E+02,3517,  7.1157753E-01,  0.0000000E+00,  1.7869464E-04,  1.0001708E+03,  1.0162848E+04,3,
 -1.4167714E+02,  0.0000000E+00,  2.6683893E+02,3558,  7.9529476E-01,  0.0000000E+00,  6.5335142E-03,  1.0002712E+03,  1.6140516E+04,3,
 -1.4047908E+02,  0.0000000E+00,  2.6581799E+02,3537,  7.7448428E-01,  0.0000000E+00,  5.2591157E-03,  1.0001868E+03,  1.1114673E+04,3,
 -1.3949176E+02,  0.0000000E+00,  2.6583023E+02,3500,  8.1625837E-01,  0.0000000E+00,  1.4134344E-02,  1.0001938E+03,  1.1532488E+04,3,
 -1.3822954E+02,  0.0000000E+00,  2.6668307E+02,3546,  7.6659495E-01,  0.0000000E+00,  3.0022435E-02,  1.0002624E+03,  1.5613464E+04,3,
 -1.3710860E+02,  0.0000000E+00,  2.6593625E+02,3434,  7.7838635E-01,  0.0000000E+00,  3.8580772E-02,  1.0002078E+03,  1.2360903E+04,3,
 -1.3614781E+02,  0.0000000E+00,  2.6579407E+02,3435,  8.2370096E-01,  0.0000000E+00,  2.9247979E-02,  1.0001560E+03,  9.2801299E+03,3,
 -1.3499434E+02,  0.0000000E+00,  2.6651926E+02,3548,  6.7930406E-01,  0.0000000E+00,  2.1001568E-02,  1.0002260E+03,  1.3443761E+04,3,
 -1.3375392E+02,  0.0000000E+00,  2.6642191E+02,3549,  7.4776393E-01,  0.0000000E+00, -3.4198631E-02,  1.0001917E+03,  1.1405325E+04,3,
 -1.3172649E+02,  0.0000000E+00,  2.6629797E+02,3547,  9.0096945E-01,  0.0000000E+00,  2.6214102E-02,  1.0001929E+03,  1.1474356E+04,3,
 -1.3050978E+02,  0.0000000E+00,  2.6610583E+02,3538,  7.5266415E-01,  0.0000000E+00,  1.5598396E-02,  1.0002100E+03,  1.2495346E+04,3,
 -1.2967366E+02,  0.0000000E+00,  2.6598184E+02,3425,  7.1519619E-01,  0.0000000E+00, -2.4623785E-03,  1.0001937E+03,  1.1525222E+04,3,
 -1.2861295E+02,  0.0000000E+00,  2.6593564E+02,3398,  7.8235191E-01,  0.0000000E+00, -1.7818546E-02,  1.0001803E+03,  1.0725939E+04,3,
 -1.2735249E+02,  0.0000000E+00,  2.6669940E+02,3539,  7.9169255E-01,  0.0000000E+00,  6.6250688E-03,  1.0002704E+03,  1.6089627E+04,3,
 -1.2649212E+02,  0.0000000E+00,  2.6575256E+02,3426,  8.0231410E-01,  0.0000000E+00,  3.5512231E-02,  1.0002323E+03,  1.3821698E+04,3,
 -1.2493075E+02,  0.0000000E+00,  2.6673965E+02,3540,  7.4172938E-01,  0.0000000E+00, -3.5655301E-03,  1.0002665E+03,  1.5856995E+04,3,
 -1.2419043E+02,  0.0000000E+00,  2.6571841E+02,3408,  8.0642831E-01,  0.0000000E+00, -2.6636055E-02,  1.0001904E+03,  1.1325396E+04,3,
 -1.2251432E+02,  0.0000000E+00,  2.6662210E+02,3530,  7.7188444E-01,  0.0000000E+00, -2.1201933E-02,  1.0002600E+03,  1.5471710E+04,3,
 -1.2165140E+02,  0.0000000E+00,  2.6573056E+02,3462,  8.2823634E-01,  0.0000000E+00, -1.5037590E-02,  1.0002314E+03,  1.3770821E+04,3,
 -1.2041917E+02,  0.0000000E+00,  2.6646866E+02,3529,  7.9003108E-01,  0.0000000E+00,  1.4833615E-02,  1.0002682E+03,  1.5962405E+04,3,
 -1.1917559E+02,  0.0000000E+00,  2.6571170E+02,3443,  7.4087459E-01,  0.0000000E+00,  2.0147394E-02,  1.0002316E+03,  1.3778089E+04,3,
 -1.1812371E+02,  0.0000000E+00,  2.6664667E+02,3531,  8.0258924E-01,  0.0000000E+00,  1.6715117E-02,  1.0002640E+03,  1.5711603E+04,3,
 -1.1737666E+02,  0.0000000E+00,  2.6566159E+02,3453,  6.9879234E-01,  0.0000000E+00,  1.2951323E-02,  1.0001650E+03,  9.8141104E+03,3,
 -1.1582317E+02,  0.0000000E+00,  2.6665854E+02,3521,  7.0769137E-01,  0.0000000E+00, -7.1238060E-03,  1.0002736E+03,  1.6278645E+04,3,
 -1.1524432E+02,  0.0000000E+00,  2.6561557E+02,3454,  9.3617928E-01,  0.0000000E+00,  2.8275294E-02,  1.0002209E+03,  1.3145781E+04,3,
 -1.1352303E+02,  0.0000000E+00,  2.6668069E+02,3520,  7.7249175E-01,  0.0000000E+00, -5.5841472E-02,  1.0002902E+03,  1.7271045E+04,3,
 -1.1275092E+02,  0.0000000E+00,  2.6582489E+02,3463,  6.8512523E-01,  0.0000000E+00, -1.1425096E-01,  1.0002543E+03,  1.5133689E+04,3,
 -1.1159191E+02,  0.0000000E+00,  2.6563455E+02,3481,  8.1618685E-01,  0.0000000E+00, -1.3320792E-01,  1.0000897E+03,  5.3361025E+03,3,
 -1.1056566E+02,  0.0000000E+00,  2.6672824E+02,3490,  8.5737109E-01,  0.0000000E+00, -3.8606543E-02,  1.0002531E+03,  1.5057364E+04,3,
 -1.0952991E+02,  0.0000000E+00,  2.6589111E+02,3482,  7.5677341E-01,  0.0000000E+00,  2.1917878E-02,  1.0002096E+03,  1.2469910E+04,3,
 -1.0856200E+02,  0.0000000E+00,  2.6578085E+02,3474,  7.3893344E-01,  0.0000000E+00,  5.0163943E-02,  1.0001964E+03,  1.1685086E+04,3,
 -1.0753823E+02,  0.0000000E+00,  2.6558173E+02,3437,  9.0309793E-01,  0.0000000E+00,  4.5904789E-02,  1.0002280E+03,  1.3567315E+04,3,
 -1.0643607E+02,  0.0000000E+00,  2.6664087E+02,3522,  7.2060764E-01,  0.0000000E+00,  8.4669054E-02,  1.0002712E+03,  1.6140516E+04,3,
 -1.0506167E+02,  0.0000000E+00,  2.6611356E+02,3491,  6.6300422E-01,  0.0000000E+00,  3.3595044E-02,  1.0003120E+03,  1.8565312E+04,3,
 -1.0387502E+02,  0.0000000E+00,  2.6609738E+02,3512,  6.5151757E-01,  0.0000000E+00, -6.1598223E-02,  1.0002961E+03,  1.7620045E+04,3,
 -1.0241581E+02,  0.0000000E+00,  2.6586304E+02,3511,  8.5166186E-01,  0.0000000E+00, -6.3482173E-02,  1.0003259E+03,  1.9397951E+04,3,
 -1.0116920E+02,  0.0000000E+00,  2.6638861E+02,3513,  8.3051467E-01,  0.0000000E+00, -3.1113718E-03,  1.0002801E+03,  1.6667596E+04,3,
 -9.9854019E+01,  0.0000000E+00,  2.6617892E+02,3501,  7.6599389E-01,  0.0000000E+00, -2.0407045E-02,  1.0002435E+03,  1.4490393E+04,3,
 -9.9393723E+01,  0.0000000E+00,  2.6545648E+02,3472,  5.3262413E-01,  0.0000000E+00, -5.3752281E-02,  1.0002531E+03,  1.5057364E+04,3,
 -9.7873726E+01,  0.0000000E+00,  2.6644070E+02,3503,  7.6361984E-01,  0.0000000E+00, -1.0950098E-01,  1.0002335E+03,  1.3890746E+04,3,
 -9.6607948E+01,  0.0000000E+00,  2.6555420E+02,3427,  9.4857442E-01,  0.0000000E+00, -3.1749852E-02,  1.0002609E+03,  1.5522596E+04,3,
 -9.5633041E+01,  0.0000000E+00,  2.6579037E+02,3380,  8.8876742E-01,  0.0000000E+00,  5.8314286E-02,  1.0003000E+03,  1.7852717E+04,3,
 -9.4470421E+01,  0.0000000E+00,  2.6662003E+02,3502,  8.2318276E-01,  0.0000000E+00,  5.3829767E-02,  1.0002525E+03,  1.5024653E+04,3,
 -9.3676720E+01,  0.0000000E+00,  2.6569391E+02,3473,  7.1507049E-01,  0.0000000E+00,  5.3528655E-02,  1.0003043E+03,  1.8110846E+04,3,
 -9.2188416E+01,  0.0000000E+00,  2.6536984E+02,3464,  8.9791548E-01,  0.0000000E+00, -4.3949023E-02,  1.0001636E+03,  9.7341934E+03,3,
 -9.1388367E+01,  0.0000000E+00,  2.6648917E+02,3504,  7.9301041E-01,  0.0000000E+00,  5.7952445E-02,  1.0002678E+03,  1.5936962E+04,3,
 -9.0067871E+01,  0.0000000E+00,  2.6623203E+02,3492,  7.1939510E-01,  0.0000000E+00,  7.6627553E-02,  1.0002955E+03,  1.7587326E+04,3,
 -8.8687798E+01,  0.0000000E+00,  2.6600772E+02,3483,  6.4251512E-01,  0.0000000E+00,  3.4074210E-02,  1.0003334E+03,  1.9845205E+04,3,
 -8.7432243E+01,  0.0000000E+00,  2.6619479E+02,3494,  7.7774584E-01,  0.0000000E+00,  1.5282726E-03,  1.0003304E+03,  1.9667029E+04,3,
 -8.6003326E+01,  0.0000000E+00,  2.6625897E+02,3495,  7.4858642E-01,  0.0000000E+00, -6.5766559E-03,  1.0002680E+03,  1.5947866E+04,3,
 -8.5191505E+01,  0.0000000E+00,  2.6536020E+02,3446,  5.9673810E-01,  0.0000000E+00, -7.7881455E-02,  1.0002003E+03,  1.1913986E+04,3,
 -8.3839539E+01,  0.0000000E+00,  2.6612839E+02,3493,  6.7637992E-01,  0.0000000E+00,  3.4977328E-03,  1.0002175E+03,  1.2938654E+04,3,
 -8.3142525E+01,  0.0000000E+00,  2.6563269E+02,3299,  8.3133334E-01,  0.0000000E+00,  3.0740390E-02,  1.0002950E+03,  1.7558242E+04,3,
 -8.1195633E+01,  0.0000000E+00,  2.6553287E+02,3401,  7.1072495E-01,  0.0000000E+00,  5.4654807E-02,  1.0005107E+03,  3.0414250E+04,3,
 -8.1062836E+01,  0.0000000E+00,  2.6653189E+02,3485,  5.6898141E-01,  0.0000000E+00,  7.3722783E-03,  1.0002575E+03,  1.5322689E+04,3,
 -7.9000259E+01,  0.0000000E+00,  2.6651001E+02,3484,  7.6623291E-01,  0.0000000E+00, -2.2895444E-02,  1.0002708E+03,  1.6115071E+04,3,
 -7.8318489E+01,  0.0000000E+00,  2.6592300E+02,3465,  7.4462479E-01,  0.0000000E+00, -2.5060987E-02,  1.0003280E+03,  1.9521580E+04,3,
 -7.6851524E+01,  0.0000000E+00,  2.6574615E+02,3447,  7.4569714E-01,  0.0000000E+00,  6.2158094E-03,  1.0001194E+03,  7.1009155E+03,3,
 -7.6868034E+01,  0.0000000E+00,  2.6567664E+02,3456,  6.7109680E-01,  0.0000000E+00,  2.2614945E-02,  1.0001078E+03,  6.4109307E+03,3,
 -7.4762573E+01,  0.0000000E+00,  2.6649399E+02,3486,  6.8569797E-01,  0.0000000E+00, -8.2545535E-04,  1.0001886E+03,  1.1220033E+04,3,
 -7.3534874E+01,  0.0000000E+00,  2.6636002E+02,3476,  7.1729654E-01,  0.0000000E+00, -4.8177760E-02,  1.0001926E+03,  1.1456190E+04,3,
 -7.2072617E+01,  0.0000000E+00,  2.6622580E+02,3475,  6.8413752E-01,  0.0000000E+00, -9.0455413E-02,  1.0001847E+03,  1.0987516E+04,3,
 -7.0598198E+01,  0.0000000E+00,  2.6596310E+02,3455,  7.7257735E-01,  0.0000000E+00, -4.9426448E-02,  1.0001663E+03,  9.8903955E+03,3,
 -6.9673073E+01,  0.0000000E+00,  2.6589529E+02,3363,  8.1337345E-01,  0.0000000E+00,  1.3619308E-02,  1.0002048E+03,  1.2182860E+04,3,
 -6.8781792E+01,  0.0000000E+00,  2.6589789E+02,3372,  7.8000969E-01,  0.0000000E+00,  3.7729826E-02,  1.0002316E+03,  1.3778089E+04,3,
 -6.6926033E+01,  0.0000000E+00,  2.6648221E+02,3477,  8.0835634E-01,  0.0000000E+00,  1.2724920E-02,  1.0002350E+03,  1.3981600E+04,3,
 -6.7182381E+01,  0.0000000E+00,  2.6555280E+02,3382,  6.4240819E-01,  0.0000000E+00,  6.5947421E-02,  1.0002240E+03,  1.3327475E+04,3,
 -6.4540710E+01,  0.0000000E+00,  2.6528455E+02,3281,  9.3713081E-01,  0.0000000E+00, -9.3628134E-04,  1.0004428E+03,  2.6363578E+04,3,
 -6.4358536E+01,  0.0000000E+00,  2.6631488E+02,3467,  6.7465132E-01,  0.0000000E+00, -4.4251151E-02,  1.0002410E+03,  1.4341386E+04,3,
 -6.2653339E+01,  0.0000000E+00,  2.6631540E+02,3466,  8.4278804E-01,  0.0000000E+00, -8.7939665E-02,  1.0003002E+03,  1.7863625E+04,3,
 -6.1648033E+01,  0.0000000E+00,  2.6565189E+02,3353,  8.3030391E-01,  0.0000000E+00, -1.3242705E-01,  1.0003444E+03,  2.0499760E+04,3,
 -6.0368217E+01,  0.0000000E+00,  2.6551880E+02,3418,  9.5665264E-01,  0.0000000E+00,  4.9419102E-04,  9.9994501E+02, -3.2692122E+03,3,
 -5.9095638E+01,  0.0000000E+00,  2.6652368E+02,3468,  7.8101408E-01,  0.0000000E+00,  8.0695994E-02,  1.0002317E+03,  1.3785357E+04,3,
 -5.8057869E+01,  0.0000000E+00,  2.6542477E+02,3344,  7.4501061E-01,  0.0000000E+00,  2.8563860E-01,  9.9990802E+02, -5.4674316E+03,3,
 -5.6760139E+01,  0.0000000E+00,  2.6671310E+02,3458,  8.9344323E-01,  0.0000000E+00,  1.2145186E-03,  1.0002842E+03,  1.6914787E+04,3,
 -5.5429455E+01,  0.0000000E+00,  2.6586853E+02,3326,  1.0244521E+00,  0.0000000E+00, -1.0428815E-01,  1.0001014E+03,  6.0332754E+03,3,
 -5.4833473E+01,  0.0000000E+00,  2.6548715E+02,3400,  8.2880151E-01,  0.0000000E+00, -1.2854120E-01,  1.0000839E+03,  4.9911655E+03,3,
 -5.4575329E+01,  0.0000000E+00,  2.6548276E+02,3410,  7.2222346E-01,  0.0000000E+00, -6.2643066E-02,  1.0001360E+03,  8.0923989E+03,3,
 -5.2484451E+01,  0.0000000E+00,  2.6615292E+02,3457,  6.6447049E-01,  0.0000000E+00, -7.1422234E-02,  1.0001616E+03,  9.6106855E+03,3,
 -5.0294785E+01,  0.0000000E+00,  2.6567661E+02,3300,  6.0359961E-01,  0.0000000E+00, -5.5622324E-02,  1.0000280E+03,  1.6658624E+03,3,
 -4.9146492E+01,  0.0000000E+00,  2.6641364E+02,3428,  9.4593632E-01,  0.0000000E+00,  2.9573427E-03,  1.0001916E+03,  1.1398059E+04,3,
 -4.9122864E+01,  0.0000000E+00,  2.6570563E+02,3227,  5.3999549E-01,  0.0000000E+00,  8.8323124E-02,  1.0001431E+03,  8.5137188E+03,3,
 -4.6435890E+01,  0.0000000E+00,  2.6562357E+02,3459,  9.9755180E-01,  0.0000000E+00, -2.3258293E-01,  1.0004432E+03,  2.6389049E+04,3,
 -4.5350601E+01,  0.0000000E+00,  2.6528281E+02,3448,  8.2180274E-01,  0.0000000E+00, -4.7893748E-01,  1.0004832E+03,  2.8769033E+04,3,
 -4.4226429E+01,  0.0000000E+00,  2.6597333E+02,3449,  1.1243130E+00,  0.0000000E+00, -1.9094811E-01,  1.0002903E+03,  1.7278316E+04,3,
 -4.2100239E+01,  0.0000000E+00,  2.6611203E+02,3409,  1.1573082E+00,  0.0000000E+00,  7.5574084E-03,  1.0004434E+03,  2.6399965E+04,3,
 -3.9813999E+01,  0.0000000E+00,  2.6564868E+02,3319,  9.6313047E-01,  0.0000000E+00,  1.4025161E-01,  1.0009072E+03,  5.4085211E+04,3,
 -4.1804749E+01,  0.0000000E+00,  2.6520609E+02,3402,  1.0116023E+00,  0.0000000E+00,  1.4244759E-01,  9.9877393E+02, -7.2632258E+04,3,
 -4.0962921E+01,  0.0000000E+00,  2.6577609E+02,3383,  1.1914467E+00,  0.0000000E+00,  5.3986207E-02,  1.0006171E+03,  3.6757430E+04,3,
 -3.8174606E+01,  0.0000000E+00,  2.6658472E+02,3450,  1.3215145E+00,  0.0000000E+00,  2.0140507E-03,  1.0003420E+03,  2.0357936E+04,3,
 -3.8753372E+01,  0.0000000E+00,  2.6532855E+02,3209,  9.4875014E-01,  0.0000000E+00,  1.7070511E-01,  9.9934924E+02, -3.8617207E+04,3,
 -3.7470467E+01,  0.0000000E+00,  2.6525226E+02,3109,  1.0323445E+00,  0.0000000E+00, -2.8477997E-01,  1.0003077E+03,  1.8314445E+04,3,
 -3.5912159E+01,  0.0000000E+00,  2.6559332E+02,3438,  1.0078388E+00,  0.0000000E+00,  1.0706004E-01,  1.0001758E+03,  1.0460737E+04,3,
 -3.4798683E+01,  0.0000000E+00,  2.6581030E+02,3440,  1.1428404E+00,  0.0000000E+00,  7.3521733E-02,  1.0000334E+03,  1.9889052E+03,3,
 -3.4752144E+01,  0.0000000E+00,  2.6522992E+02,3439,  9.3647230E-01,  0.0000000E+00,  1.8018906E-01,  1.0006907E+03,  4.1151234E+04,3,
 -3.2566124E+01,  0.0000000E+00,  2.6564630E+02,3429,  1.1085680E+00,  0.0000000E+00, -5.2821308E-02,  1.0001813E+03,  1.0784067E+04,3,
 -3.1435196E+01,  0.0000000E+00,  2.6572006E+02,3419,  1.1754630E+00,  0.0000000E+00,  6.2183511E-02,  1.0003636E+03,  2.1645332E+04,3,
 -3.1647926E+01,  0.0000000E+00,  2.6702075E+02,3441,  7.3069209E-01,  0.0000000E+00, -4.8791543E-02,  1.0003994E+03,  2.3773176E+04,3,
 -3.0518661E+01,  0.0000000E+00,  2.6604654E+02,3392,  1.2216496E+00,  0.0000000E+00,  5.2381266E-02,  9.9928613E+02, -4.2354281E+04,3,
 -3.0037933E+01,  0.0000000E+00,  2.6633112E+02,3346,  1.0007763E+00,  0.0000000E+00,  1.2822174E-01,  1.0003061E+03,  1.8216281E+04,3,
 -2.7851322E+01,  0.0000000E+00,  2.6560410E+02,3100,  1.3284943E+00,  0.0000000E+00,  9.9768154E-02,  1.0011891E+03,  7.0953375E+04,3,
 -2.7886515E+01,  0.0000000E+00,  2.6727478E+02,3431,  7.9810816E-01,  0.0000000E+00,  7.0065692E-02,  1.0004619E+03,  2.7498910E+04,3,
 -2.7589590E+01,  0.0000000E+00,  2.6632864E+02,3191,  8.3098257E-01,  0.0000000E+00,  1.3752007E-01,  9.9890649E+02, -6.4804707E+04,3,
 -2.5872332E+01,  0.0000000E+00,  2.6698004E+02,3430,  1.3027600E+00,  0.0000000E+00, -5.7577639E-04,  1.0005660E+03,  3.3709141E+04,3,
 -2.5560400E+01,  0.0000000E+00,  2.6630798E+02,3091,  8.5203159E-01,  0.0000000E+00,  1.7803136E-01,  9.9951917E+02, -2.8548250E+04,3,
 -2.4439930E+01,  0.0000000E+00,  2.6627957E+02,3420,  1.0756140E+00,  0.0000000E+00,  2.0831957E-02,  1.0004061E+03,  2.4176973E+04,3,
 -2.2967548E+01,  0.0000000E+00,  2.6629660E+02,3411,  9.8080790E-01,  0.0000000E+00,  7.2844662E-02,  9.9998218E+02, -1.0596187E+03,3,
 -2.2371538E+01,  0.0000000E+00,  2.6637775E+02,3356,  1.0532995E+00,  0.0000000E+00, -9.4690502E-02,  1.0000496E+03,  2.9508364E+03,3,
 -2.1200729E+01,  0.0000000E+00,  2.6765976E+02,3432,  1.2253411E+00,  0.0000000E+00, -3.4116503E-02,  1.0006238E+03,  3.7158113E+04,3,
 -2.1124193E+01,  0.0000000E+00,  2.6637363E+02,3384,  9.6214372E-01,  0.0000000E+00, -1.1529469E-01,  9.9954352E+02, -2.7104336E+04,3,
 -2.0588036E+01,  0.0000000E+00,  2.6636230E+02,3365,  1.0037665E+00,  0.0000000E+00, -2.0545161E-01,  9.9996368E+02, -2.1590347E+03,3,
 -1.9006378E+01,  0.0000000E+00,  2.6635849E+02,3082,  1.0569822E+00,  0.0000000E+00,  2.4920802E-01,  1.0000369E+03,  2.1921736E+03,3,
 -1.8211138E+01,  0.0000000E+00,  2.6628891E+02,3421,  1.0588031E+00,  0.0000000E+00,  5.3007677E-02,  1.0000839E+03,  4.9911655E+03,3,
 -1.7651691E+01,  0.0000000E+00,  2.6635419E+02,3422,  9.8514861E-01,  0.0000000E+00,  1.2898462E-01,  1.0001718E+03,  1.0217340E+04,3,
 -1.6220150E+01,  0.0000000E+00,  2.6639410E+02,3423,  1.0813971E+00,  0.0000000E+00,  7.6791696E-02,  1.0001821E+03,  1.0831296E+04,3,
 -1.4012630E+01,  0.0000000E+00,  2.6652560E+02,3246,  9.5596749E-01,  0.0000000E+00, -1.9376394E-01,  9.9985608E+02, -8.5535469E+03,3,
 -1.4033340E+01,  0.0000000E+00,  2.6649878E+02,3218,  1.0293313E+00,  0.0000000E+00, -8.9803375E-02,  9.9973059E+02, -1.6005575E+04,3,
 -1.3803131E+01,  0.0000000E+00,  2.6648547E+02,3310,  1.1095295E+00,  0.0000000E+00, -8.9160696E-02,  1.0001758E+03,  1.0460737E+04,3,
 -1.2740125E+01,  0.0000000E+00,  2.6670242E+02,3345,  1.0743215E+00,  0.0000000E+00, -1.4840935E-01,  1.0003031E+03,  1.8038133E+04,3,
 -1.1687117E+01,  0.0000000E+00,  2.6642502E+02,3412,  1.1012303E+00,  0.0000000E+00, -9.3928397E-02,  9.9990784E+02, -5.4783125E+03,3,
 -9.9760027E+00,  0.0000000E+00,  2.6638403E+02,3413,  1.0370963E+00,  0.0000000E+00, -6.0094944E-03,  1.0001349E+03,  8.0270229E+03,3,
 -9.9664965E+00,  0.0000000E+00,  2.6637787E+02,3393,  1.0417945E+00,  0.0000000E+00,  3.4731217E-02,  1.0001929E+03,  1.1477989E+04,3,
 -7.6296415E+00,  0.0000000E+00,  2.6655054E+02,3327,  1.1052126E+00,  0.0000000E+00,  3.6341794E-02,  1.0000271E+03,  1.6114181E+03,3,
 -7.6200309E+00,  0.0000000E+00,  2.6655249E+02,3200,  1.1058468E+00,  0.0000000E+00,  3.4074482E-02,  1.0000270E+03,  1.6041588E+03,3,
 -6.6775422E+00,  0.0000000E+00,  2.6659982E+02,3366,  1.0189159E+00,  0.0000000E+00,  1.5226069E-01,  9.9960510E+02, -2.3451992E+04,3,
 -6.3097878E+00,  0.0000000E+00,  2.6662936E+02,3375,  1.0475336E+00,  0.0000000E+00, -5.8279131E-02,  1.0002271E+03,  1.3509172E+04,3,
 -5.0304070E+00,  0.0000000E+00,  2.6669012E+02,3355,  1.0722733E+00,  0.0000000E+00, -1.4792009E-01,  1.0000768E+03,  4.5663652E+03,3,
 -3.5501902E+00,  0.0000000E+00,  2.6669104E+02,3364,  1.1003194E+00,  0.0000000E+00, -2.1250577E-01,  9.9993488E+02, -3.8714131E+03,3,
 -3.0053165E+00,  0.0000000E+00,  2.6665527E+02,3254,  1.1559088E+00,  0.0000000E+00, -2.2280930E-01,  9.9997821E+02, -1.2954772E+03,3,
 -2.3694532E+00,  0.0000000E+00,  2.6660504E+02,3073,  1.0533864E+00,  0.0000000E+00,  5.8222421E-02,  9.9994189E+02, -3.4542295E+03,3,
 -2.3822949E+00,  0.0000000E+00,  2.6669791E+02,3064,  1.0482782E+00,  0.0000000E+00, -6.3060969E-02,  1.0000331E+03,  1.9707565E+03,3,
  7.8683503E-02,  0.0000000E+00,  2.6663071E+02,3414,  1.1477157E+00,  0.0000000E+00, -1.2852840E-01,  1.0000897E+03,  5.3324717E+03,3,
  1.1724608E+00,  0.0000000E+00,  2.6680234E+02,3404,  1.2105980E+00,  0.0000000E+00,  2.4314266E-01,  1.0000832E+03,  4.9475957E+03,3,
  2.2663891E+00,  0.0000000E+00,  2.6676151E+02,3373,  1.0070640E+00,  0.0000000E+00,  1.0487459E-01,  9.9986700E+02, -7.9044907E+03,3,
  2.2990763E+00,  0.0000000E+00,  2.6675961E+02,3403,  1.0349450E+00,  0.0000000E+00,  1.3455477E-01,  9.9983624E+02, -9.7318916E+03,3,
  4.6312599E+00,  0.0000000E+00,  2.6706033E+02,3328,  1.1753213E+00,  0.0000000E+00,  6.7279235E-02,  1.0001162E+03,  6.9120728E+03,3,
  4.6279216E+00,  0.0000000E+00,  2.6706967E+02,3274,  1.1341549E+00,  0.0000000E+00, -2.6999902E-02,  1.0001542E+03,  9.1711582E+03,3,
  6.0816293E+00,  0.0000000E+00,  2.6707458E+02,3330,  9.9154049E-01,  0.0000000E+00,  1.4295425E-01,  9.9952704E+02, -2.8081445E+04,3,
  6.5358024E+00,  0.0000000E+00,  2.6713052E+02,3155,  1.1229808E+00,  0.0000000E+00,  2.9950673E-02,  9.9997089E+02, -1.7308937E+03,3,
  6.5484958E+00,  0.0000000E+00,  2.6710791E+02,3182,  1.0945226E+00,  0.0000000E+00,  1.3983119E-01,  9.9994580E+02, -3.2220503E+03,3,
  7.7037849E+00,  0.0000000E+00,  2.6706552E+02,3405,  1.2465247E+00,  0.0000000E+00,  6.1646957E-02,  1.0000132E+03,  7.8390039E+02,3,
  1.0831017E+01,  0.0000000E+00,  2.6711642E+02,3374,  8.4605569E-01,  0.0000000E+00,  1.2164799E-01,  9.9995331E+02, -2.7758152E+03,3,
  1.1183860E+01,  0.0000000E+00,  2.6706076E+02,3055,  8.7499774E-01,  0.0000000E+00,  1.5768588E-02,  9.9978052E+02, -1.3041384E+04,3,
  1.1651366E+01,  0.0000000E+00,  2.6708905E+02,3237,  9.8553795E-01,  0.0000000E+00,  1.7334910E-01,  9.9908490E+02, -5.4260828E+04,3,
  1.2488959E+01,  0.0000000E+00,  2.6710645E+02,3309,  9.7806180E-01,  0.0000000E+00, -1.5188503E-01,  1.0005652E+03,  3.3661805E+04,3,
  1.2498502E+01,  0.0000000E+00,  2.6709677E+02,3245,  9.7743404E-01,  0.0000000E+00, -1.7617494E-01,  1.0005261E+03,  3.1327973E+04,3,
  1.4510450E+01,  0.0000000E+00,  2.6705075E+02,3394,  8.9396352E-01,  0.0000000E+00,  1.1070132E-01,  9.9948157E+02, -3.0777037E+04,3,
  1.5898458E+01,  0.0000000E+00,  2.6701285E+02,3395,  9.7700894E-01,  0.0000000E+00,  5.2001815E-02,  1.0001169E+03,  6.9520200E+03,3,
  1.6460756E+01,  0.0000000E+00,  2.6702112E+02,3396,  9.4362211E-01,  0.0000000E+00,  2.7216358E-02,  1.0000849E+03,  5.0492598E+03,3,
  1.7394373E+01,  0.0000000E+00,  2.6703351E+02,3386,  9.2696983E-01,  0.0000000E+00, -5.2489053E-02,  9.9956635E+02, -2.5750701E+04,3,
  1.9404783E+01,  0.0000000E+00,  2.6705679E+02,3046,  9.4922799E-01,  0.0000000E+00, -2.6455378E-02,  9.9988672E+02, -6.7331816E+03,3,
  1.9412176E+01,  0.0000000E+00,  2.6705865E+02,3037,  9.4962716E-01,  0.0000000E+00, -4.1794968E-03,  9.9988953E+02, -6.5663584E+03,3,
  2.0314280E+01,  0.0000000E+00,  2.6720990E+02,3236,  9.3733305E-01,  0.0000000E+00,  1.3320278E-02,  1.0010243E+03,  6.1089762E+04,3,
  2.1635920E+01,  0.0000000E+00,  2.6716559E+02,3338,  9.2224509E-01,  0.0000000E+00,  2.1640861E-01,  1.0008991E+03,  5.3603578E+04,3,
  2.1791908E+01,  0.0000000E+00,  2.6706299E+02,3348,  9.8473376E-01,  0.0000000E+00,  1.0624488E-01,  9.9739673E+02, -1.5358156E+05,3,
  2.3588579E+01,  0.0000000E+00,  2.6717941E+02,3164,  9.3015850E-01,  0.0000000E+00,  1.0457743E-01,  1.0007103E+03,  4.2324699E+04,3,
  2.3642456E+01,  0.0000000E+00,  2.6708051E+02,3173,  9.0592265E-01,  0.0000000E+00,  1.4526300E-01,  1.0005220E+03,  3.1084062E+04,3,
  2.4177176E+01,  0.0000000E+00,  2.6702496E+02,3028,  9.3255514E-01,  0.0000000E+00,  1.8279232E-01,  9.9991290E+02, -5.1772656E+03,3,
  2.5574942E+01,  0.0000000E+00,  2.6699594E+02,3387,  9.7039199E-01,  0.0000000E+00, -2.7019653E-01,  9.9949957E+02, -2.9709742E+04,3,
  2.7498014E+01,  0.0000000E+00,  2.6706912E+02,3385,  8.8260442E-01,  0.0000000E+00, -1.3674477E-01,  1.0001014E+03,  6.0296440E+03,3,
  2.8383257E+01,  0.0000000E+00,  2.6707739E+02,3019,  9.4234884E-01,  0.0000000E+00, -2.9257789E-02,  9.9988391E+02, -6.9000020E+03,3,
  2.8393587E+01,  0.0000000E+00,  2.6707181E+02,3357,  9.2341733E-01,  0.0000000E+00, -8.5217737E-02,  9.9988367E+02, -6.9145078E+03,3,
  3.0033449E+01,  0.0000000E+00,  2.6707120E+02,3119,  9.1177118E-01,  0.0000000E+00, -8.2660213E-02,  1.0000571E+03,  3.3973496E+03,3,
  3.0831617E+01,  0.0000000E+00,  2.6703659E+02,3376,  9.2284155E-01,  0.0000000E+00, -1.2075976E-01,  9.9992914E+02, -4.2124023E+03,3,
  3.1154648E+01,  0.0000000E+00,  2.6705020E+02,3377,  9.4059539E-01,  0.0000000E+00, -2.8852186E-01,  9.9995294E+02, -2.7975833E+03,3,
  3.1458620E+01,  0.0000000E+00,  2.6698053E+02,3378,  9.3258834E-01,  0.0000000E+00, -1.9120131E-01,  9.9994177E+02, -3.4614851E+03,3,
  4.8847408E+01,  0.0000000E+00,  2.6699271E+02,3368,  2.1315963E+00,  0.0000000E+00, -1.7438470E-01,  9.9996216E+02, -2.2497400E+03,3,
  4.9321423E+01,  0.0000000E+00,  2.6701663E+02,3010,  2.1289580E+00,  0.0000000E+00, -7.3503763E-03,  9.9977014E+02, -1.3657487E+04,3,
  4.9591679E+01,  0.0000000E+00,  2.6704932E+02,3291,  2.1228526E+00,  0.0000000E+00,  1.4777483E-01,  9.9945135E+02, -3.2567662E+04,3,
  4.9594608E+01,  0.0000000E+00,  2.6705215E+02,3282,  2.1197081E+00,  0.0000000E+00,  1.0355538E-01,  9.9945239E+02, -3.2506170E+04,3,
  5.1490429E+01,  0.0000000E+00,  2.6726129E+02,3320,  2.1397874E+00,  0.0000000E+00, -1.5474419E-01,  1.0013105E+03,  7.8225797E+04,3,
  5.2561134E+01,  0.0000000E+00,  2.6711215E+02,3283,  2.1414833E+00,  0.0000000E+00, -7.1482539E-02,  9.9956458E+02, -2.5855670E+04,3,
  5.2612770E+01,  0.0000000E+00,  2.6715195E+02,3255,  2.1393456E+00,  0.0000000E+00, -1.2452155E-02,  9.9953650E+02, -2.7520523E+04,3,
  5.3173973E+01,  0.0000000E+00,  2.6716455E+02,3001,  2.1073096E+00,  0.0000000E+00,  2.3425218E-01,  1.0000402E+03,  2.3881860E+03,3,
  5.5966442E+01,  0.0000000E+00,  2.6699298E+02,3110,  2.2824204E+00,  0.0000000E+00, -4.1671875E-01,  9.9977063E+02, -1.3628495E+04,3,
  5.5973709E+01,  0.0000000E+00,  2.6701144E+02,3101,  2.0475690E+00,  0.0000000E+00, -3.1523329E-01,  9.9978796E+02, -1.2599216E+04,3,
  5.7253597E+01,  0.0000000E+00,  2.6720209E+02,3367,  1.9438219E+00,  0.0000000E+00,  4.6866030E-01,  1.0000886E+03,  5.2707451E+03,3,
  5.6875824E+01,  0.0000000E+00,  2.6700119E+02,2992,  2.1454065E+00,  0.0000000E+00,  3.0120227E-02,  1.0001007E+03,  5.9897007E+03,3,
  5.7165447E+01,  0.0000000E+00,  2.6698624E+02,3358,  2.0739005E+00,  0.0000000E+00, -4.1756827E-01,  9.9999310E+02, -4.1007132E+02,3,
