{
"type": "FeatureCollection",
"name": "reservoir_surface_raw",
"crs": { "type": "name", "properties": { "name": "urn:ogc:def:crs:OGC:1.3:CRS84" } },
"features": [
{ "type": "Feature", "properties": { "layer_name": "multi_decadal_water_occurrence_ge_50", "reservoir_name": "Bhavanisagar Reservoir", "source_dataset": "JRC/GSW1_4/GlobalSurfaceWater", "band_used": "occurrence", "threshold_criterion": "occurrence >= 50%", "scientific_meaning": "Multi-decadal historical surface water occurrence frequency >= 50% (1984-2021 Landsat archive). Represents median water surface presence, NOT legal boundary or FRL design boundary.", "observation_period": "1984–2021 Multi-Decadal Historical Record", "geometry_type": "REMOTE_SENSING_DERIVED_WATER_FREQUENCY_EXTENT", "verification_level": "REMOTE_SENSING_DERIVED" }, "geometry": { "type": "MultiPolygon", "coordinates": [ [ [ [ 77.081649752915354, 11.421719511466094 ], [ 77.081649752915354, 11.421989006051319 ], [ 77.082188742085776, 11.421989006051319 ], [ 77.082188742085776, 11.421719511466094 ], [ 77.081649752915354, 11.421719511466094 ] ] ], [ [ [ 77.081110763744874, 11.423336478977504 ], [ 77.080841269159606, 11.423336478977504 ], [ 77.080841269159606, 11.423605973562744 ], [ 77.080571774574395, 11.423605973562744 ], [ 77.080571774574395, 11.424144962733209 ], [ 77.079224301648225, 11.424144962733209 ], [ 77.079224301648225, 11.425222941074153 ], [ 77.078954807062956, 11.425222941074153 ], [ 77.078954807062956, 11.425761930244619 ], [ 77.078685312477745, 11.425761930244619 ], [ 77.078685312477745, 11.426031424829858 ], [ 77.078146323307266, 11.426031424829858 ], [ 77.078146323307266, 11.426300919415098 ], [ 77.077607334136786, 11.426300919415098 ], [ 77.077607334136786, 11.426570414000338 ], [ 77.076798850381095, 11.426570414000338 ], [ 77.076798850381095, 11.427109403170803 ], [ 77.076529355795827, 11.427109403170803 ], [ 77.076529355795827, 11.427378897756043 ], [ 77.075990366625405, 11.427378897756043 ], [ 77.075990366625405, 11.427648392341283 ], [ 77.074912388284446, 11.427648392341283 ], [ 77.074912388284446, 11.427109403170803 ], [ 77.074642893699178, 11.427109403170803 ], [ 77.074642893699178, 11.426839908585563 ], [ 77.074103904528755, 11.426839908585563 ], [ 77.074103904528755, 11.426570414000338 ], [ 77.073834409943487, 11.426570414000338 ], [ 77.073834409943487, 11.426300919415098 ], [ 77.073564915358276, 11.426300919415098 ], [ 77.073564915358276, 11.426031424829858 ], [ 77.072756431602528, 11.426031424829858 ], [ 77.072756431602528, 11.425761930244619 ], [ 77.072486937017317, 11.425761930244619 ], [ 77.072486937017317, 11.425492435659393 ], [ 77.072217442432105, 11.425492435659393 ], [ 77.072217442432105, 11.425222941074153 ], [ 77.071678453261626, 11.425222941074153 ], [ 77.071678453261626, 11.424953446488914 ], [ 77.071139464091146, 11.424953446488914 ], [ 77.071139464091146, 11.424683951903688 ], [ 77.070330980335399, 11.424683951903688 ], [ 77.070330980335399, 11.424144962733209 ], [ 77.071947947846837, 11.424144962733209 ], [ 77.071947947846837, 11.423875468147969 ], [ 77.072217442432105, 11.423875468147969 ], [ 77.072217442432105, 11.423605973562744 ], [ 77.072486937017317, 11.423605973562744 ], [ 77.072486937017317, 11.423066984392264 ], [ 77.072756431602528, 11.423066984392264 ], [ 77.072756431602528, 11.422797489807024 ], [ 77.073025926187796, 11.422797489807024 ], [ 77.073025926187796, 11.422258500636559 ], [ 77.073295420773007, 11.422258500636559 ], [ 77.073295420773007, 11.421989006051319 ], [ 77.073564915358276, 11.421989006051319 ], [ 77.073564915358276, 11.421719511466094 ], [ 77.073834409943487, 11.421719511466094 ], [ 77.073834409943487, 11.421180522295614 ], [ 77.074103904528755, 11.421180522295614 ], [ 77.074103904528755, 11.420911027710375 ], [ 77.074373399113966, 11.420911027710375 ], [ 77.074373399113966, 11.420641533125149 ], [ 77.074642893699178, 11.420641533125149 ], [ 77.074642893699178, 11.420372038539909 ], [ 77.075181882869657, 11.420372038539909 ], [ 77.075181882869657, 11.42010254395467 ], [ 77.073025926187796, 11.42010254395467 ], [ 77.073025926187796, 11.420372038539909 ], [ 77.072486937017317, 11.420372038539909 ], [ 77.072486937017317, 11.42010254395467 ], [ 77.040686575959484, 11.42010254395467 ], [ 77.040686575959484, 11.420372038539909 ], [ 77.040956070544695, 11.420372038539909 ], [ 77.040956070544695, 11.421719511466094 ], [ 77.040686575959484, 11.421719511466094 ], [ 77.040686575959484, 11.422258500636559 ], [ 77.040956070544695, 11.422258500636559 ], [ 77.040956070544695, 11.422527995221799 ], [ 77.042034048885654, 11.422527995221799 ], [ 77.042034048885654, 11.422797489807024 ], [ 77.042842532641345, 11.422797489807024 ], [ 77.042842532641345, 11.423066984392264 ], [ 77.043381521811824, 11.423066984392264 ], [ 77.043381521811824, 11.423336478977504 ], [ 77.043920510982304, 11.423336478977504 ], [ 77.043920510982304, 11.423605973562744 ], [ 77.044459500152783, 11.423605973562744 ], [ 77.044459500152783, 11.424144962733209 ], [ 77.044728994737994, 11.424144962733209 ], [ 77.044728994737994, 11.424683951903688 ], [ 77.044998489323262, 11.424683951903688 ], [ 77.044998489323262, 11.426031424829858 ], [ 77.045537478493742, 11.426031424829858 ], [ 77.045537478493742, 11.426570414000338 ], [ 77.045806973078953, 11.426570414000338 ], [ 77.045806973078953, 11.427378897756043 ], [ 77.046345962249433, 11.427378897756043 ], [ 77.046345962249433, 11.427648392341283 ], [ 77.046615456834644, 11.427648392341283 ], [ 77.046615456834644, 11.427917886926508 ], [ 77.046884951419912, 11.427917886926508 ], [ 77.046884951419912, 11.428187381511748 ], [ 77.04850191893135, 11.428187381511748 ], [ 77.04850191893135, 11.428456876096988 ], [ 77.048771413516562, 11.428456876096988 ], [ 77.048771413516562, 11.428726370682213 ], [ 77.049849391857521, 11.428726370682213 ], [ 77.049849391857521, 11.428995865267453 ], [ 77.050388381028, 11.428995865267453 ], [ 77.050388381028, 11.429265359852693 ], [ 77.050657875613211, 11.429265359852693 ], [ 77.050657875613211, 11.429534854437932 ], [ 77.050927370198423, 11.429534854437932 ], [ 77.050927370198423, 11.429804349023158 ], [ 77.051466359368902, 11.429804349023158 ], [ 77.051466359368902, 11.430073843608398 ], [ 77.05173585395417, 11.430073843608398 ], [ 77.05173585395417, 11.430612832778877 ], [ 77.052005348539382, 11.430612832778877 ], [ 77.052005348539382, 11.428726370682213 ], [ 77.05227484312465, 11.428726370682213 ], [ 77.05227484312465, 11.428187381511748 ], [ 77.052544337709861, 11.428187381511748 ], [ 77.052544337709861, 11.427917886926508 ], [ 77.054430799806511, 11.427917886926508 ], [ 77.054430799806511, 11.428187381511748 ], [ 77.05550877814747, 11.428187381511748 ], [ 77.05550877814747, 11.428456876096988 ], [ 77.055778272732681, 11.428456876096988 ], [ 77.055778272732681, 11.429534854437932 ], [ 77.056047767317949, 11.429534854437932 ], [ 77.056047767317949, 11.431421316534582 ], [ 77.057395240244119, 11.431421316534582 ], [ 77.057395240244119, 11.431690811119807 ], [ 77.057664734829331, 11.431690811119807 ], [ 77.057664734829331, 11.431960305705047 ], [ 77.057934229414599, 11.431960305705047 ], [ 77.057934229414599, 11.432229800290287 ], [ 77.05820372399981, 11.432229800290287 ], [ 77.05820372399981, 11.433038284045992 ], [ 77.058473218585021, 11.433038284045992 ], [ 77.058473218585021, 11.434116262386937 ], [ 77.05820372399981, 11.434116262386937 ], [ 77.05820372399981, 11.435194240727881 ], [ 77.057934229414599, 11.435194240727881 ], [ 77.057934229414599, 11.436272219068826 ], [ 77.05820372399981, 11.436272219068826 ], [ 77.05820372399981, 11.437080702824531 ], [ 77.057934229414599, 11.437080702824531 ], [ 77.057934229414599, 11.437619691994996 ], [ 77.057664734829331, 11.437619691994996 ], [ 77.057664734829331, 11.438428175750715 ], [ 77.057395240244119, 11.438428175750715 ], [ 77.057395240244119, 11.43923665950642 ], [ 77.057125745658851, 11.43923665950642 ], [ 77.057125745658851, 11.439775648676886 ], [ 77.05685625107364, 11.439775648676886 ], [ 77.05685625107364, 11.440584132432591 ], [ 77.05631726190316, 11.440584132432591 ], [ 77.05631726190316, 11.44085362701783 ], [ 77.056047767317949, 11.44085362701783 ], [ 77.056047767317949, 11.44139261618831 ], [ 77.05631726190316, 11.44139261618831 ], [ 77.05631726190316, 11.44112312160307 ], [ 77.057125745658851, 11.44112312160307 ], [ 77.057125745658851, 11.44274008911448 ], [ 77.056586756488372, 11.44274008911448 ], [ 77.056586756488372, 11.44300958369972 ], [ 77.05685625107364, 11.44300958369972 ], [ 77.05685625107364, 11.443548572870185 ], [ 77.057125745658851, 11.443548572870185 ], [ 77.057125745658851, 11.444087562040664 ], [ 77.057934229414599, 11.444087562040664 ], [ 77.057934229414599, 11.444357056625904 ], [ 77.05820372399981, 11.444357056625904 ], [ 77.05820372399981, 11.444087562040664 ], [ 77.058473218585021, 11.444087562040664 ], [ 77.058473218585021, 11.443818067455425 ], [ 77.05874271317029, 11.443818067455425 ], [ 77.05874271317029, 11.443548572870185 ], [ 77.060898669852151, 11.443548572870185 ], [ 77.060898669852151, 11.443818067455425 ], [ 77.061168164437419, 11.443818067455425 ], [ 77.061168164437419, 11.444357056625904 ], [ 77.06143765902263, 11.444357056625904 ], [ 77.06143765902263, 11.444896045796369 ], [ 77.061707153607898, 11.444896045796369 ], [ 77.061707153607898, 11.445435034966849 ], [ 77.061976648193109, 11.445435034966849 ], [ 77.061976648193109, 11.446782507893019 ], [ 77.061707153607898, 11.446782507893019 ], [ 77.061707153607898, 11.447321497063498 ], [ 77.061168164437419, 11.447321497063498 ], [ 77.061168164437419, 11.447590991648724 ], [ 77.060898669852151, 11.447590991648724 ], [ 77.060898669852151, 11.447860486233964 ], [ 77.060359680681728, 11.447860486233964 ], [ 77.060359680681728, 11.448129980819203 ], [ 77.06009018609646, 11.448129980819203 ], [ 77.06009018609646, 11.447860486233964 ], [ 77.059012207755501, 11.447860486233964 ], [ 77.059012207755501, 11.448399475404443 ], [ 77.059281702340769, 11.448399475404443 ], [ 77.059281702340769, 11.448668969989669 ], [ 77.059820691511248, 11.448668969989669 ], [ 77.059820691511248, 11.448938464574908 ], [ 77.06009018609646, 11.448938464574908 ], [ 77.06009018609646, 11.449207959160148 ], [ 77.060359680681728, 11.449207959160148 ], [ 77.060359680681728, 11.449477453745374 ], [ 77.060898669852151, 11.449477453745374 ], [ 77.060898669852151, 11.450016442915853 ], [ 77.061168164437419, 11.450016442915853 ], [ 77.061168164437419, 11.450285937501093 ], [ 77.061707153607898, 11.450285937501093 ], [ 77.061707153607898, 11.450016442915853 ], [ 77.061976648193109, 11.450016442915853 ], [ 77.061976648193109, 11.450285937501093 ], [ 77.06332412111928, 11.450285937501093 ], [ 77.06332412111928, 11.451902905012503 ], [ 77.063054626534068, 11.451902905012503 ], [ 77.063054626534068, 11.452711388768208 ], [ 77.06332412111928, 11.452711388768208 ], [ 77.06332412111928, 11.452980883353447 ], [ 77.0627851319488, 11.452980883353447 ], [ 77.0627851319488, 11.453250377938687 ], [ 77.063054626534068, 11.453250377938687 ], [ 77.063054626534068, 11.454058861694392 ], [ 77.06332412111928, 11.454058861694392 ], [ 77.06332412111928, 11.454597850864857 ], [ 77.063593615704548, 11.454597850864857 ], [ 77.063593615704548, 11.455136840035337 ], [ 77.063863110289759, 11.455136840035337 ], [ 77.063863110289759, 11.456484312961507 ], [ 77.063593615704548, 11.456484312961507 ], [ 77.063593615704548, 11.456753807546747 ], [ 77.062515637363589, 11.456753807546747 ], [ 77.062515637363589, 11.457023302131986 ], [ 77.062246142778378, 11.457023302131986 ], [ 77.062246142778378, 11.457292796717226 ], [ 77.061707153607898, 11.457292796717226 ], [ 77.061707153607898, 11.457562291302452 ], [ 77.061976648193109, 11.457562291302452 ], [ 77.061976648193109, 11.458370775058157 ], [ 77.062246142778378, 11.458370775058157 ], [ 77.062246142778378, 11.459179258813876 ], [ 77.063593615704548, 11.459179258813876 ], [ 77.063593615704548, 11.458909764228636 ], [ 77.064402099460239, 11.458909764228636 ], [ 77.064402099460239, 11.458640269643396 ], [ 77.065480077801197, 11.458640269643396 ], [ 77.065480077801197, 11.458370775058157 ], [ 77.065749572386409, 11.458370775058157 ], [ 77.065749572386409, 11.457831785887691 ], [ 77.066019066971677, 11.457831785887691 ], [ 77.066019066971677, 11.457562291302452 ], [ 77.066827550727368, 11.457562291302452 ], [ 77.066827550727368, 11.457292796717226 ], [ 77.067636034483058, 11.457292796717226 ], [ 77.067636034483058, 11.457023302131986 ], [ 77.067905529068327, 11.457023302131986 ], [ 77.067905529068327, 11.456753807546747 ], [ 77.068175023653538, 11.456753807546747 ], [ 77.068175023653538, 11.456484312961507 ], [ 77.068444518238749, 11.456484312961507 ], [ 77.068444518238749, 11.455945323791042 ], [ 77.068714012824017, 11.455945323791042 ], [ 77.068714012824017, 11.455675829205802 ], [ 77.068444518238749, 11.455675829205802 ], [ 77.068444518238749, 11.455136840035337 ], [ 77.068175023653538, 11.455136840035337 ], [ 77.068175023653538, 11.454328356279632 ], [ 77.067905529068327, 11.454328356279632 ], [ 77.067905529068327, 11.454058861694392 ], [ 77.068175023653538, 11.454058861694392 ], [ 77.068175023653538, 11.452980883353447 ], [ 77.068444518238749, 11.452980883353447 ], [ 77.068444518238749, 11.452711388768208 ], [ 77.069253001994497, 11.452711388768208 ], [ 77.069253001994497, 11.452441894182968 ], [ 77.070600474920667, 11.452441894182968 ], [ 77.070600474920667, 11.452172399597742 ], [ 77.070869969505878, 11.452172399597742 ], [ 77.070869969505878, 11.451902905012503 ], [ 77.071408958676358, 11.451902905012503 ], [ 77.071408958676358, 11.451633410427263 ], [ 77.071947947846837, 11.451633410427263 ], [ 77.071947947846837, 11.451363915842037 ], [ 77.072217442432105, 11.451363915842037 ], [ 77.072217442432105, 11.451633410427263 ], [ 77.072486937017317, 11.451633410427263 ], [ 77.072486937017317, 11.452172399597742 ], [ 77.072217442432105, 11.452172399597742 ], [ 77.072217442432105, 11.452711388768208 ], [ 77.071947947846837, 11.452711388768208 ], [ 77.071947947846837, 11.452980883353447 ], [ 77.071678453261626, 11.452980883353447 ], [ 77.071678453261626, 11.453250377938687 ], [ 77.071408958676358, 11.453250377938687 ], [ 77.071408958676358, 11.453789367109152 ], [ 77.071139464091146, 11.453789367109152 ], [ 77.071139464091146, 11.454328356279632 ], [ 77.070869969505878, 11.454328356279632 ], [ 77.070869969505878, 11.454867345450097 ], [ 77.070600474920667, 11.454867345450097 ], [ 77.070600474920667, 11.455136840035337 ], [ 77.070330980335399, 11.455136840035337 ], [ 77.070330980335399, 11.455675829205802 ], [ 77.070600474920667, 11.455675829205802 ], [ 77.070600474920667, 11.455945323791042 ], [ 77.071139464091146, 11.455945323791042 ], [ 77.071139464091146, 11.456214818376282 ], [ 77.072217442432105, 11.456214818376282 ], [ 77.072217442432105, 11.456484312961507 ], [ 77.073564915358276, 11.456484312961507 ], [ 77.073564915358276, 11.456753807546747 ], [ 77.073834409943487, 11.456753807546747 ], [ 77.073834409943487, 11.457023302131986 ], [ 77.074103904528755, 11.457023302131986 ], [ 77.074103904528755, 11.456753807546747 ], [ 77.074373399113966, 11.456753807546747 ], [ 77.074373399113966, 11.456484312961507 ], [ 77.075720872040137, 11.456484312961507 ], [ 77.075720872040137, 11.456753807546747 ], [ 77.075181882869657, 11.456753807546747 ], [ 77.075181882869657, 11.457023302131986 ], [ 77.074912388284446, 11.457023302131986 ], [ 77.074912388284446, 11.457292796717226 ], [ 77.074642893699178, 11.457292796717226 ], [ 77.074642893699178, 11.457562291302452 ], [ 77.074373399113966, 11.457562291302452 ], [ 77.074373399113966, 11.457831785887691 ], [ 77.074103904528755, 11.457831785887691 ], [ 77.074103904528755, 11.458101280472931 ], [ 77.073834409943487, 11.458101280472931 ], [ 77.073834409943487, 11.458370775058157 ], [ 77.073564915358276, 11.458370775058157 ], [ 77.073564915358276, 11.458640269643396 ], [ 77.073295420773007, 11.458640269643396 ], [ 77.073295420773007, 11.459179258813876 ], [ 77.073025926187796, 11.459179258813876 ], [ 77.073025926187796, 11.459718247984341 ], [ 77.072756431602528, 11.459718247984341 ], [ 77.072756431602528, 11.460257237154821 ], [ 77.072486937017317, 11.460257237154821 ], [ 77.072486937017317, 11.460796226325286 ], [ 77.072217442432105, 11.460796226325286 ], [ 77.072217442432105, 11.461604710080991 ], [ 77.071947947846837, 11.461604710080991 ], [ 77.071947947846837, 11.461874204666231 ], [ 77.071678453261626, 11.461874204666231 ], [ 77.071678453261626, 11.46214369925147 ], [ 77.071408958676358, 11.46214369925147 ], [ 77.071408958676358, 11.462413193836696 ], [ 77.071139464091146, 11.462413193836696 ], [ 77.071139464091146, 11.46376066676288 ], [ 77.071408958676358, 11.46376066676288 ], [ 77.071408958676358, 11.464569150518585 ], [ 77.073025926187796, 11.464569150518585 ], [ 77.073025926187796, 11.464299655933345 ], [ 77.073834409943487, 11.464299655933345 ], [ 77.073834409943487, 11.46403016134812 ], [ 77.074642893699178, 11.46403016134812 ], [ 77.074642893699178, 11.46376066676288 ], [ 77.075181882869657, 11.46376066676288 ], [ 77.075181882869657, 11.46403016134812 ], [ 77.077068344966307, 11.46403016134812 ], [ 77.077068344966307, 11.46376066676288 ], [ 77.077337839551575, 11.46376066676288 ], [ 77.077337839551575, 11.46349117217764 ], [ 77.077607334136786, 11.46349117217764 ], [ 77.077607334136786, 11.463221677592415 ], [ 77.079224301648225, 11.463221677592415 ], [ 77.079224301648225, 11.46403016134812 ], [ 77.079493796233436, 11.46403016134812 ], [ 77.079493796233436, 11.464299655933345 ], [ 77.079224301648225, 11.464299655933345 ], [ 77.079224301648225, 11.464569150518585 ], [ 77.078685312477745, 11.464569150518585 ], [ 77.078685312477745, 11.464838645103825 ], [ 77.078415817892477, 11.464838645103825 ], [ 77.078415817892477, 11.465108139689065 ], [ 77.078146323307266, 11.465108139689065 ], [ 77.078146323307266, 11.46564712885953 ], [ 77.077876828722054, 11.46564712885953 ], [ 77.077876828722054, 11.466725107200475 ], [ 77.077607334136786, 11.466725107200475 ], [ 77.077607334136786, 11.466994601785714 ], [ 77.076529355795827, 11.466994601785714 ], [ 77.076529355795827, 11.46726409637094 ], [ 77.076259861210616, 11.46726409637094 ], [ 77.076259861210616, 11.466994601785714 ], [ 77.075990366625405, 11.466994601785714 ], [ 77.075990366625405, 11.46726409637094 ], [ 77.075451377454925, 11.46726409637094 ], [ 77.075451377454925, 11.46753359095618 ], [ 77.075181882869657, 11.46753359095618 ], [ 77.075181882869657, 11.468342074711884 ], [ 77.074912388284446, 11.468342074711884 ], [ 77.074912388284446, 11.468881063882364 ], [ 77.074642893699178, 11.468881063882364 ], [ 77.074642893699178, 11.469150558467604 ], [ 77.074373399113966, 11.469150558467604 ], [ 77.074373399113966, 11.469420053052829 ], [ 77.074103904528755, 11.469420053052829 ], [ 77.074103904528755, 11.469689547638069 ], [ 77.073834409943487, 11.469689547638069 ], [ 77.073834409943487, 11.470767525979014 ], [ 77.073564915358276, 11.470767525979014 ], [ 77.073564915358276, 11.471037020564253 ], [ 77.073295420773007, 11.471037020564253 ], [ 77.073295420773007, 11.471306515149479 ], [ 77.073025926187796, 11.471306515149479 ], [ 77.073025926187796, 11.471576009734719 ], [ 77.072486937017317, 11.471576009734719 ], [ 77.072486937017317, 11.471845504319958 ], [ 77.070330980335399, 11.471845504319958 ], [ 77.070330980335399, 11.471576009734719 ], [ 77.069522496579708, 11.471576009734719 ], [ 77.069522496579708, 11.471306515149479 ], [ 77.068983507409229, 11.471306515149479 ], [ 77.068983507409229, 11.471037020564253 ], [ 77.068714012824017, 11.471037020564253 ], [ 77.068714012824017, 11.470767525979014 ], [ 77.068444518238749, 11.470767525979014 ], [ 77.068444518238749, 11.471037020564253 ], [ 77.068175023653538, 11.471037020564253 ], [ 77.068175023653538, 11.471576009734719 ], [ 77.067905529068327, 11.471576009734719 ], [ 77.067905529068327, 11.472114998905198 ], [ 77.067366539897847, 11.472114998905198 ], [ 77.067366539897847, 11.473192977246129 ], [ 77.067097045312579, 11.473192977246129 ], [ 77.067097045312579, 11.473731966416608 ], [ 77.066827550727368, 11.473731966416608 ], [ 77.066827550727368, 11.474540450172313 ], [ 77.067366539897847, 11.474540450172313 ], [ 77.067366539897847, 11.474809944757553 ], [ 77.068175023653538, 11.474809944757553 ], [ 77.068175023653538, 11.475079439342792 ], [ 77.068983507409229, 11.475079439342792 ], [ 77.068983507409229, 11.475348933928018 ], [ 77.069253001994497, 11.475348933928018 ], [ 77.069253001994497, 11.475618428513258 ], [ 77.069522496579708, 11.475618428513258 ], [ 77.069522496579708, 11.475887923098497 ], [ 77.070061485750188, 11.475887923098497 ], [ 77.070061485750188, 11.476157417683723 ], [ 77.070330980335399, 11.476157417683723 ], [ 77.070330980335399, 11.476426912268963 ], [ 77.070600474920667, 11.476426912268963 ], [ 77.070600474920667, 11.476696406854202 ], [ 77.070869969505878, 11.476696406854202 ], [ 77.070869969505878, 11.477235396024668 ], [ 77.071139464091146, 11.477235396024668 ], [ 77.071139464091146, 11.477504890609907 ], [ 77.070869969505878, 11.477504890609907 ], [ 77.070869969505878, 11.478852363536092 ], [ 77.071139464091146, 11.478852363536092 ], [ 77.071139464091146, 11.479121858121317 ], [ 77.072486937017317, 11.479121858121317 ], [ 77.072486937017317, 11.479660847291797 ], [ 77.072217442432105, 11.479660847291797 ], [ 77.072217442432105, 11.479930341877036 ], [ 77.071678453261626, 11.479930341877036 ], [ 77.071678453261626, 11.480199836462262 ], [ 77.071139464091146, 11.480199836462262 ], [ 77.071139464091146, 11.480469331047502 ], [ 77.070600474920667, 11.480469331047502 ], [ 77.070600474920667, 11.480199836462262 ], [ 77.070330980335399, 11.480199836462262 ], [ 77.070330980335399, 11.479930341877036 ], [ 77.070061485750188, 11.479930341877036 ], [ 77.070061485750188, 11.480199836462262 ], [ 77.068983507409229, 11.480199836462262 ], [ 77.068983507409229, 11.480469331047502 ], [ 77.067097045312579, 11.480469331047502 ], [ 77.067097045312579, 11.479930341877036 ], [ 77.0665580561421, 11.479930341877036 ], [ 77.0665580561421, 11.479121858121317 ], [ 77.066288561556888, 11.479121858121317 ], [ 77.066288561556888, 11.478852363536092 ], [ 77.066019066971677, 11.478852363536092 ], [ 77.066019066971677, 11.478313374365612 ], [ 77.065749572386409, 11.478313374365612 ], [ 77.065749572386409, 11.478043879780387 ], [ 77.065480077801197, 11.478043879780387 ], [ 77.065480077801197, 11.477774385195147 ], [ 77.065210583215929, 11.477774385195147 ], [ 77.065210583215929, 11.477504890609907 ], [ 77.064941088630718, 11.477504890609907 ], [ 77.064941088630718, 11.477235396024668 ], [ 77.06467159404545, 11.477235396024668 ], [ 77.06467159404545, 11.476426912268963 ], [ 77.064132604875027, 11.476426912268963 ], [ 77.064132604875027, 11.476157417683723 ], [ 77.063863110289759, 11.476157417683723 ], [ 77.063863110289759, 11.476426912268963 ], [ 77.0627851319488, 11.476426912268963 ], [ 77.0627851319488, 11.476157417683723 ], [ 77.062515637363589, 11.476157417683723 ], [ 77.062515637363589, 11.476426912268963 ], [ 77.061976648193109, 11.476426912268963 ], [ 77.061976648193109, 11.476965901439442 ], [ 77.06143765902263, 11.476965901439442 ], [ 77.06143765902263, 11.477235396024668 ], [ 77.061168164437419, 11.477235396024668 ], [ 77.061168164437419, 11.477504890609907 ], [ 77.060629175266939, 11.477504890609907 ], [ 77.060629175266939, 11.477235396024668 ], [ 77.060898669852151, 11.477235396024668 ], [ 77.060898669852151, 11.476965901439442 ], [ 77.060359680681728, 11.476965901439442 ], [ 77.060359680681728, 11.477774385195147 ], [ 77.060898669852151, 11.477774385195147 ], [ 77.060898669852151, 11.478043879780387 ], [ 77.06143765902263, 11.478043879780387 ], [ 77.06143765902263, 11.478582868950852 ], [ 77.060898669852151, 11.478582868950852 ], [ 77.060898669852151, 11.478852363536092 ], [ 77.06009018609646, 11.478852363536092 ], [ 77.06009018609646, 11.479121858121317 ], [ 77.05955119692598, 11.479121858121317 ], [ 77.05955119692598, 11.478852363536092 ], [ 77.059012207755501, 11.478852363536092 ], [ 77.059012207755501, 11.480199836462262 ], [ 77.05874271317029, 11.480199836462262 ], [ 77.05874271317029, 11.480469331047502 ], [ 77.059012207755501, 11.480469331047502 ], [ 77.059012207755501, 11.481008320217981 ], [ 77.05955119692598, 11.481008320217981 ], [ 77.05955119692598, 11.481277814803207 ], [ 77.059820691511248, 11.481277814803207 ], [ 77.059820691511248, 11.481547309388446 ], [ 77.060359680681728, 11.481547309388446 ], [ 77.060359680681728, 11.482086298558912 ], [ 77.060629175266939, 11.482086298558912 ], [ 77.060629175266939, 11.482894782314631 ], [ 77.060359680681728, 11.482894782314631 ], [ 77.060359680681728, 11.483164276899856 ], [ 77.06009018609646, 11.483164276899856 ], [ 77.06009018609646, 11.483703266070336 ], [ 77.059820691511248, 11.483703266070336 ], [ 77.059820691511248, 11.483972760655575 ], [ 77.05955119692598, 11.483972760655575 ], [ 77.05955119692598, 11.484242255240801 ], [ 77.059281702340769, 11.484242255240801 ], [ 77.059281702340769, 11.48478124441128 ], [ 77.05874271317029, 11.48478124441128 ], [ 77.05874271317029, 11.48505073899652 ], [ 77.057934229414599, 11.48505073899652 ], [ 77.057934229414599, 11.48478124441128 ], [ 77.05685625107364, 11.48478124441128 ], [ 77.05685625107364, 11.485859222752225 ], [ 77.056586756488372, 11.485859222752225 ], [ 77.056586756488372, 11.487745684848875 ], [ 77.05631726190316, 11.487745684848875 ], [ 77.05631726190316, 11.48828467401934 ], [ 77.056047767317949, 11.48828467401934 ], [ 77.056047767317949, 11.48855416860458 ], [ 77.055778272732681, 11.48855416860458 ], [ 77.055778272732681, 11.489093157775045 ], [ 77.05550877814747, 11.489093157775045 ], [ 77.05550877814747, 11.489632146945524 ], [ 77.055778272732681, 11.489632146945524 ], [ 77.055778272732681, 11.49017113611599 ], [ 77.05550877814747, 11.49017113611599 ], [ 77.05550877814747, 11.490440630701229 ], [ 77.055239283562202, 11.490440630701229 ], [ 77.055239283562202, 11.490710125286469 ], [ 77.05550877814747, 11.490710125286469 ], [ 77.05550877814747, 11.490979619871709 ], [ 77.055239283562202, 11.490979619871709 ], [ 77.055239283562202, 11.491249114456934 ], [ 77.05550877814747, 11.491249114456934 ], [ 77.05550877814747, 11.492057598212639 ], [ 77.05631726190316, 11.492057598212639 ], [ 77.05631726190316, 11.491788103627414 ], [ 77.056586756488372, 11.491788103627414 ], [ 77.056586756488372, 11.491518609042174 ], [ 77.057125745658851, 11.491518609042174 ], [ 77.057125745658851, 11.491788103627414 ], [ 77.05685625107364, 11.491788103627414 ], [ 77.05685625107364, 11.492057598212639 ], [ 77.056586756488372, 11.492057598212639 ], [ 77.056586756488372, 11.492327092797879 ], [ 77.05685625107364, 11.492327092797879 ], [ 77.05685625107364, 11.492596587383119 ], [ 77.056586756488372, 11.492596587383119 ], [ 77.056586756488372, 11.492866081968359 ], [ 77.05631726190316, 11.492866081968359 ], [ 77.05631726190316, 11.493405071138824 ], [ 77.056047767317949, 11.493405071138824 ], [ 77.056047767317949, 11.493944060309303 ], [ 77.055778272732681, 11.493944060309303 ], [ 77.055778272732681, 11.494213554894529 ], [ 77.05550877814747, 11.494213554894529 ], [ 77.05550877814747, 11.494483049479769 ], [ 77.05496978897699, 11.494483049479769 ], [ 77.05496978897699, 11.495022038650234 ], [ 77.054700294391722, 11.495022038650234 ], [ 77.054700294391722, 11.494752544065008 ], [ 77.054430799806511, 11.494752544065008 ], [ 77.054430799806511, 11.495022038650234 ], [ 77.052813832295072, 11.495022038650234 ], [ 77.052813832295072, 11.494752544065008 ], [ 77.050388381028, 11.494752544065008 ], [ 77.050388381028, 11.495022038650234 ], [ 77.049849391857521, 11.495022038650234 ], [ 77.049849391857521, 11.495291533235473 ], [ 77.049579897272253, 11.495291533235473 ], [ 77.049579897272253, 11.495561027820713 ], [ 77.050118886442732, 11.495561027820713 ], [ 77.050118886442732, 11.495291533235473 ], [ 77.050657875613211, 11.495291533235473 ], [ 77.050657875613211, 11.495022038650234 ], [ 77.05173585395417, 11.495022038650234 ], [ 77.05173585395417, 11.495291533235473 ], [ 77.052544337709861, 11.495291533235473 ], [ 77.052544337709861, 11.495561027820713 ], [ 77.053083326880341, 11.495561027820713 ], [ 77.053083326880341, 11.495830522405953 ], [ 77.051196864783691, 11.495830522405953 ], [ 77.051196864783691, 11.496100016991178 ], [ 77.05173585395417, 11.496100016991178 ], [ 77.05173585395417, 11.496908500746898 ], [ 77.052005348539382, 11.496908500746898 ], [ 77.052005348539382, 11.496639006161658 ], [ 77.05227484312465, 11.496639006161658 ], [ 77.05227484312465, 11.496100016991178 ], [ 77.052813832295072, 11.496100016991178 ], [ 77.052813832295072, 11.496369511576418 ], [ 77.053083326880341, 11.496369511576418 ], [ 77.053083326880341, 11.496908500746898 ], [ 77.053352821465552, 11.496908500746898 ], [ 77.053352821465552, 11.497177995332123 ], [ 77.053083326880341, 11.497177995332123 ], [ 77.053083326880341, 11.497716984502603 ], [ 77.053352821465552, 11.497716984502603 ], [ 77.053352821465552, 11.497447489917363 ], [ 77.053891810636031, 11.497447489917363 ], [ 77.053891810636031, 11.496369511576418 ], [ 77.05496978897699, 11.496369511576418 ], [ 77.05496978897699, 11.496100016991178 ], [ 77.055778272732681, 11.496100016991178 ], [ 77.055778272732681, 11.497177995332123 ], [ 77.05631726190316, 11.497177995332123 ], [ 77.05631726190316, 11.496369511576418 ], [ 77.056586756488372, 11.496369511576418 ], [ 77.056586756488372, 11.495830522405953 ], [ 77.057395240244119, 11.495830522405953 ], [ 77.057395240244119, 11.496100016991178 ], [ 77.057664734829331, 11.496100016991178 ], [ 77.057664734829331, 11.496369511576418 ], [ 77.057934229414599, 11.496369511576418 ], [ 77.057934229414599, 11.496639006161658 ], [ 77.05820372399981, 11.496639006161658 ], [ 77.05820372399981, 11.496908500746898 ], [ 77.059012207755501, 11.496908500746898 ], [ 77.059012207755501, 11.497177995332123 ], [ 77.059281702340769, 11.497177995332123 ], [ 77.059281702340769, 11.496908500746898 ], [ 77.05955119692598, 11.496908500746898 ], [ 77.05955119692598, 11.496100016991178 ], [ 77.059281702340769, 11.496100016991178 ], [ 77.059281702340769, 11.493944060309303 ], [ 77.059012207755501, 11.493944060309303 ], [ 77.059012207755501, 11.493674565724064 ], [ 77.05874271317029, 11.493674565724064 ], [ 77.05874271317029, 11.494213554894529 ], [ 77.05820372399981, 11.494213554894529 ], [ 77.05820372399981, 11.493944060309303 ], [ 77.057934229414599, 11.493944060309303 ], [ 77.057934229414599, 11.493135576553584 ], [ 77.05820372399981, 11.493135576553584 ], [ 77.05820372399981, 11.492866081968359 ], [ 77.058473218585021, 11.492866081968359 ], [ 77.058473218585021, 11.492596587383119 ], [ 77.059281702340769, 11.492596587383119 ], [ 77.059281702340769, 11.492327092797879 ], [ 77.05955119692598, 11.492327092797879 ], [ 77.05955119692598, 11.491788103627414 ], [ 77.059820691511248, 11.491788103627414 ], [ 77.059820691511248, 11.491518609042174 ], [ 77.060359680681728, 11.491518609042174 ], [ 77.060359680681728, 11.491249114456934 ], [ 77.060629175266939, 11.491249114456934 ], [ 77.060629175266939, 11.490979619871709 ], [ 77.061168164437419, 11.490979619871709 ], [ 77.061168164437419, 11.490710125286469 ], [ 77.06143765902263, 11.490710125286469 ], [ 77.06143765902263, 11.490440630701229 ], [ 77.061976648193109, 11.490440630701229 ], [ 77.061976648193109, 11.49017113611599 ], [ 77.062515637363589, 11.49017113611599 ], [ 77.062515637363589, 11.489901641530764 ], [ 77.0627851319488, 11.489901641530764 ], [ 77.0627851319488, 11.489632146945524 ], [ 77.063054626534068, 11.489632146945524 ], [ 77.063054626534068, 11.489362652360285 ], [ 77.063863110289759, 11.489362652360285 ], [ 77.063863110289759, 11.489093157775045 ], [ 77.064941088630718, 11.489093157775045 ], [ 77.064941088630718, 11.48882366318982 ], [ 77.065480077801197, 11.48882366318982 ], [ 77.065480077801197, 11.48855416860458 ], [ 77.066288561556888, 11.48855416860458 ], [ 77.066288561556888, 11.48828467401934 ], [ 77.067366539897847, 11.48828467401934 ], [ 77.067366539897847, 11.48855416860458 ], [ 77.067636034483058, 11.48855416860458 ], [ 77.067636034483058, 11.489093157775045 ], [ 77.067905529068327, 11.489093157775045 ], [ 77.067905529068327, 11.490440630701229 ], [ 77.067636034483058, 11.490440630701229 ], [ 77.067636034483058, 11.492057598212639 ], [ 77.067366539897847, 11.492057598212639 ], [ 77.067366539897847, 11.492327092797879 ], [ 77.067636034483058, 11.492327092797879 ], [ 77.067636034483058, 11.492596587383119 ], [ 77.067366539897847, 11.492596587383119 ], [ 77.067366539897847, 11.493135576553584 ], [ 77.067097045312579, 11.493135576553584 ], [ 77.067097045312579, 11.493405071138824 ], [ 77.066827550727368, 11.493405071138824 ], [ 77.066827550727368, 11.494483049479769 ], [ 77.067097045312579, 11.494483049479769 ], [ 77.067097045312579, 11.495561027820713 ], [ 77.067636034483058, 11.495561027820713 ], [ 77.067636034483058, 11.495022038650234 ], [ 77.067905529068327, 11.495022038650234 ], [ 77.067905529068327, 11.494213554894529 ], [ 77.068175023653538, 11.494213554894529 ], [ 77.068175023653538, 11.493674565724064 ], [ 77.069253001994497, 11.493674565724064 ], [ 77.069253001994497, 11.493944060309303 ], [ 77.069791991164976, 11.493944060309303 ], [ 77.069791991164976, 11.492866081968359 ], [ 77.070061485750188, 11.492866081968359 ], [ 77.070061485750188, 11.493135576553584 ], [ 77.070330980335399, 11.493135576553584 ], [ 77.070330980335399, 11.492596587383119 ], [ 77.071139464091146, 11.492596587383119 ], [ 77.071139464091146, 11.492327092797879 ], [ 77.071408958676358, 11.492327092797879 ], [ 77.071408958676358, 11.492057598212639 ], [ 77.071678453261626, 11.492057598212639 ], [ 77.071678453261626, 11.492327092797879 ], [ 77.071947947846837, 11.492327092797879 ], [ 77.071947947846837, 11.492057598212639 ], [ 77.072217442432105, 11.492057598212639 ], [ 77.072217442432105, 11.491788103627414 ], [ 77.072756431602528, 11.491788103627414 ], [ 77.072756431602528, 11.491518609042174 ], [ 77.073025926187796, 11.491518609042174 ], [ 77.073025926187796, 11.491249114456934 ], [ 77.073295420773007, 11.491249114456934 ], [ 77.073295420773007, 11.491518609042174 ], [ 77.073834409943487, 11.491518609042174 ], [ 77.073834409943487, 11.491788103627414 ], [ 77.074373399113966, 11.491788103627414 ], [ 77.074373399113966, 11.491518609042174 ], [ 77.075720872040137, 11.491518609042174 ], [ 77.075720872040137, 11.491249114456934 ], [ 77.075990366625405, 11.491249114456934 ], [ 77.075990366625405, 11.490440630701229 ], [ 77.076259861210616, 11.490440630701229 ], [ 77.076259861210616, 11.48882366318982 ], [ 77.076529355795827, 11.48882366318982 ], [ 77.076529355795827, 11.48828467401934 ], [ 77.076798850381095, 11.48828467401934 ], [ 77.076798850381095, 11.488015179434115 ], [ 77.077068344966307, 11.488015179434115 ], [ 77.077068344966307, 11.487745684848875 ], [ 77.078685312477745, 11.487745684848875 ], [ 77.078685312477745, 11.489632146945524 ], [ 77.078954807062956, 11.489632146945524 ], [ 77.078954807062956, 11.489901641530764 ], [ 77.079224301648225, 11.489901641530764 ], [ 77.079224301648225, 11.49017113611599 ], [ 77.079493796233436, 11.49017113611599 ], [ 77.079493796233436, 11.490440630701229 ], [ 77.080032785403915, 11.490440630701229 ], [ 77.080032785403915, 11.490979619871709 ], [ 77.080302279989127, 11.490979619871709 ], [ 77.080302279989127, 11.491518609042174 ], [ 77.080571774574395, 11.491518609042174 ], [ 77.080571774574395, 11.492057598212639 ], [ 77.081380258330086, 11.492057598212639 ], [ 77.081380258330086, 11.491788103627414 ], [ 77.081919247500565, 11.491788103627414 ], [ 77.081919247500565, 11.491518609042174 ], [ 77.082458236671044, 11.491518609042174 ], [ 77.082458236671044, 11.491249114456934 ], [ 77.083266720426735, 11.491249114456934 ], [ 77.083266720426735, 11.490710125286469 ], [ 77.083536215012003, 11.490710125286469 ], [ 77.083536215012003, 11.490440630701229 ], [ 77.083266720426735, 11.490440630701229 ], [ 77.083266720426735, 11.49017113611599 ], [ 77.082997225841524, 11.49017113611599 ], [ 77.082997225841524, 11.489901641530764 ], [ 77.082458236671044, 11.489901641530764 ], [ 77.082458236671044, 11.489362652360285 ], [ 77.082188742085776, 11.489362652360285 ], [ 77.082188742085776, 11.48828467401934 ], [ 77.081919247500565, 11.48828467401934 ], [ 77.081919247500565, 11.48666770650793 ], [ 77.082188742085776, 11.48666770650793 ], [ 77.082188742085776, 11.48505073899652 ], [ 77.082458236671044, 11.48505073899652 ], [ 77.082458236671044, 11.484511749826041 ], [ 77.082727731256256, 11.484511749826041 ], [ 77.082727731256256, 11.482894782314631 ], [ 77.082458236671044, 11.482894782314631 ], [ 77.082458236671044, 11.482355793144151 ], [ 77.082188742085776, 11.482355793144151 ], [ 77.082188742085776, 11.482086298558912 ], [ 77.081919247500565, 11.482086298558912 ], [ 77.081919247500565, 11.481277814803207 ], [ 77.082188742085776, 11.481277814803207 ], [ 77.082188742085776, 11.481008320217981 ], [ 77.082458236671044, 11.481008320217981 ], [ 77.082458236671044, 11.480738825632741 ], [ 77.082727731256256, 11.480738825632741 ], [ 77.082727731256256, 11.480469331047502 ], [ 77.083266720426735, 11.480469331047502 ], [ 77.083266720426735, 11.480199836462262 ], [ 77.083536215012003, 11.480199836462262 ], [ 77.083536215012003, 11.479930341877036 ], [ 77.084344698767694, 11.479930341877036 ], [ 77.084344698767694, 11.480199836462262 ], [ 77.084614193352905, 11.480199836462262 ], [ 77.084614193352905, 11.479930341877036 ], [ 77.084883687938174, 11.479930341877036 ], [ 77.084883687938174, 11.480199836462262 ], [ 77.085422677108653, 11.480199836462262 ], [ 77.085422677108653, 11.480469331047502 ], [ 77.086231160864344, 11.480469331047502 ], [ 77.086231160864344, 11.480738825632741 ], [ 77.086770150034823, 11.480738825632741 ], [ 77.086770150034823, 11.481008320217981 ], [ 77.087309139205303, 11.481008320217981 ], [ 77.087309139205303, 11.480738825632741 ], [ 77.087578633790514, 11.480738825632741 ], [ 77.087578633790514, 11.480469331047502 ], [ 77.090812568813334, 11.480469331047502 ], [ 77.090812568813334, 11.480738825632741 ], [ 77.091082063398602, 11.480738825632741 ], [ 77.091082063398602, 11.481547309388446 ], [ 77.090812568813334, 11.481547309388446 ], [ 77.090812568813334, 11.482086298558912 ], [ 77.090543074228123, 11.482086298558912 ], [ 77.090543074228123, 11.482625287729391 ], [ 77.090004085057643, 11.482625287729391 ], [ 77.090004085057643, 11.482894782314631 ], [ 77.089734590472432, 11.482894782314631 ], [ 77.089734590472432, 11.483164276899856 ], [ 77.089465095887164, 11.483164276899856 ], [ 77.089465095887164, 11.483433771485096 ], [ 77.089195601301952, 11.483433771485096 ], [ 77.089195601301952, 11.483703266070336 ], [ 77.088656612131473, 11.483703266070336 ], [ 77.088656612131473, 11.483972760655575 ], [ 77.088117622960993, 11.483972760655575 ], [ 77.088117622960993, 11.484511749826041 ], [ 77.087848128375782, 11.484511749826041 ], [ 77.087848128375782, 11.48478124441128 ], [ 77.087578633790514, 11.48478124441128 ], [ 77.087578633790514, 11.48505073899652 ], [ 77.087309139205303, 11.48505073899652 ], [ 77.087309139205303, 11.485589728166985 ], [ 77.088387117546205, 11.485589728166985 ], [ 77.088387117546205, 11.485859222752225 ], [ 77.088926106716684, 11.485859222752225 ], [ 77.088926106716684, 11.486128717337451 ], [ 77.089195601301952, 11.486128717337451 ], [ 77.089195601301952, 11.48639821192269 ], [ 77.089465095887164, 11.48639821192269 ], [ 77.089465095887164, 11.48666770650793 ], [ 77.089734590472432, 11.48666770650793 ], [ 77.089734590472432, 11.48693720109317 ], [ 77.090004085057643, 11.48693720109317 ], [ 77.090004085057643, 11.487206695678395 ], [ 77.090543074228123, 11.487206695678395 ], [ 77.090543074228123, 11.48639821192269 ], [ 77.091082063398602, 11.48639821192269 ], [ 77.091082063398602, 11.486128717337451 ], [ 77.092699030909984, 11.486128717337451 ], [ 77.092699030909984, 11.48639821192269 ], [ 77.093777009250942, 11.48639821192269 ], [ 77.093777009250942, 11.486128717337451 ], [ 77.094854987591901, 11.486128717337451 ], [ 77.094854987591901, 11.48639821192269 ], [ 77.096741449688551, 11.48639821192269 ], [ 77.096741449688551, 11.485859222752225 ], [ 77.097010944273762, 11.485859222752225 ], [ 77.097010944273762, 11.485589728166985 ], [ 77.097549933444242, 11.485589728166985 ], [ 77.097549933444242, 11.485320233581746 ], [ 77.09781942802951, 11.485320233581746 ], [ 77.09781942802951, 11.48478124441128 ], [ 77.098088922614721, 11.48478124441128 ], [ 77.098088922614721, 11.484511749826041 ], [ 77.098627911785201, 11.484511749826041 ], [ 77.098627911785201, 11.484242255240801 ], [ 77.098897406370412, 11.484242255240801 ], [ 77.098897406370412, 11.483972760655575 ], [ 77.09916690095568, 11.483972760655575 ], [ 77.09916690095568, 11.482355793144151 ], [ 77.099436395540891, 11.482355793144151 ], [ 77.099436395540891, 11.481816803973686 ], [ 77.09970589012616, 11.481816803973686 ], [ 77.09970589012616, 11.480738825632741 ], [ 77.099975384711371, 11.480738825632741 ], [ 77.099975384711371, 11.478852363536092 ], [ 77.100244879296582, 11.478852363536092 ], [ 77.100244879296582, 11.478043879780387 ], [ 77.099975384711371, 11.478043879780387 ], [ 77.099975384711371, 11.476965901439442 ], [ 77.09970589012616, 11.476965901439442 ], [ 77.09970589012616, 11.476426912268963 ], [ 77.099436395540891, 11.476426912268963 ], [ 77.099436395540891, 11.475618428513258 ], [ 77.098897406370412, 11.475618428513258 ], [ 77.098897406370412, 11.475348933928018 ], [ 77.098627911785201, 11.475348933928018 ], [ 77.098627911785201, 11.474809944757553 ], [ 77.100244879296582, 11.474809944757553 ], [ 77.100244879296582, 11.475348933928018 ], [ 77.100783868467062, 11.475348933928018 ], [ 77.100783868467062, 11.475618428513258 ], [ 77.10105336305233, 11.475618428513258 ], [ 77.10105336305233, 11.475348933928018 ], [ 77.101322857637541, 11.475348933928018 ], [ 77.101322857637541, 11.475618428513258 ], [ 77.101861846808021, 11.475618428513258 ], [ 77.101861846808021, 11.475348933928018 ], [ 77.102131341393232, 11.475348933928018 ], [ 77.102131341393232, 11.475079439342792 ], [ 77.1024008359785, 11.475079439342792 ], [ 77.1024008359785, 11.473731966416608 ], [ 77.103478814319459, 11.473731966416608 ], [ 77.103478814319459, 11.473462471831368 ], [ 77.104556792660361, 11.473462471831368 ], [ 77.104556792660361, 11.473192977246129 ], [ 77.106173760171799, 11.473192977246129 ], [ 77.106173760171799, 11.472923482660903 ], [ 77.107251738512758, 11.472923482660903 ], [ 77.107251738512758, 11.472653988075663 ], [ 77.108060222268449, 11.472653988075663 ], [ 77.108060222268449, 11.472384493490424 ], [ 77.109138200609408, 11.472384493490424 ], [ 77.109138200609408, 11.472114998905198 ], [ 77.11021617895031, 11.472114998905198 ], [ 77.11021617895031, 11.471845504319958 ], [ 77.111024662706058, 11.471845504319958 ], [ 77.111024662706058, 11.471576009734719 ], [ 77.11210264104696, 11.471576009734719 ], [ 77.11210264104696, 11.471306515149479 ], [ 77.113180619387919, 11.471306515149479 ], [ 77.113180619387919, 11.471037020564253 ], [ 77.113989103143609, 11.471037020564253 ], [ 77.113989103143609, 11.470767525979014 ], [ 77.114258597728877, 11.470767525979014 ], [ 77.114258597728877, 11.470498031393774 ], [ 77.114528092314089, 11.470498031393774 ], [ 77.114528092314089, 11.470228536808534 ], [ 77.114797586899357, 11.470228536808534 ], [ 77.114797586899357, 11.469959042223309 ], [ 77.115067081484568, 11.469959042223309 ], [ 77.115067081484568, 11.469689547638069 ], [ 77.115875565240259, 11.469689547638069 ], [ 77.115875565240259, 11.469420053052829 ], [ 77.116953543581218, 11.469420053052829 ], [ 77.116953543581218, 11.469150558467604 ], [ 77.117223038166486, 11.469150558467604 ], [ 77.117223038166486, 11.469420053052829 ], [ 77.118301016507388, 11.469420053052829 ], [ 77.118301016507388, 11.469150558467604 ], [ 77.119648489433615, 11.469150558467604 ], [ 77.119648489433615, 11.468881063882364 ], [ 77.121534951530265, 11.468881063882364 ], [ 77.121534951530265, 11.468611569297124 ], [ 77.123690908212126, 11.468611569297124 ], [ 77.123690908212126, 11.468342074711884 ], [ 77.124499391967817, 11.468342074711884 ], [ 77.124499391967817, 11.468072580126659 ], [ 77.125307875723564, 11.468072580126659 ], [ 77.125307875723564, 11.467803085541419 ], [ 77.125846864893987, 11.467803085541419 ], [ 77.125846864893987, 11.46753359095618 ], [ 77.126655348649734, 11.46753359095618 ], [ 77.126655348649734, 11.46726409637094 ], [ 77.126385854064466, 11.46726409637094 ], [ 77.126385854064466, 11.466994601785714 ], [ 77.126924843234946, 11.466994601785714 ], [ 77.126924843234946, 11.466725107200475 ], [ 77.126655348649734, 11.466725107200475 ], [ 77.126655348649734, 11.466186118030009 ], [ 77.126385854064466, 11.466186118030009 ], [ 77.126385854064466, 11.46591662344477 ], [ 77.126116359479255, 11.46591662344477 ], [ 77.126116359479255, 11.46537763427429 ], [ 77.125846864893987, 11.46537763427429 ], [ 77.125846864893987, 11.464569150518585 ], [ 77.125577370308775, 11.464569150518585 ], [ 77.125577370308775, 11.46376066676288 ], [ 77.125307875723564, 11.46376066676288 ], [ 77.125307875723564, 11.46349117217764 ], [ 77.125038381138296, 11.46349117217764 ], [ 77.125038381138296, 11.463221677592415 ], [ 77.124768886553085, 11.463221677592415 ], [ 77.124768886553085, 11.462952183007175 ], [ 77.125038381138296, 11.462952183007175 ], [ 77.125038381138296, 11.462413193836696 ], [ 77.125307875723564, 11.462413193836696 ], [ 77.125307875723564, 11.46214369925147 ], [ 77.125577370308775, 11.46214369925147 ], [ 77.125577370308775, 11.461604710080991 ], [ 77.125846864893987, 11.461604710080991 ], [ 77.125846864893987, 11.461335215495751 ], [ 77.126116359479255, 11.461335215495751 ], [ 77.126116359479255, 11.461065720910526 ], [ 77.126385854064466, 11.461065720910526 ], [ 77.126385854064466, 11.460257237154821 ], [ 77.126116359479255, 11.460257237154821 ], [ 77.126116359479255, 11.459718247984341 ], [ 77.126385854064466, 11.459718247984341 ], [ 77.126385854064466, 11.459448753399101 ], [ 77.126655348649734, 11.459448753399101 ], [ 77.126655348649734, 11.459179258813876 ], [ 77.126924843234946, 11.459179258813876 ], [ 77.126924843234946, 11.458640269643396 ], [ 77.127463832405425, 11.458640269643396 ], [ 77.127463832405425, 11.458370775058157 ], [ 77.127733326990636, 11.458370775058157 ], [ 77.127733326990636, 11.457831785887691 ], [ 77.128002821575905, 11.457831785887691 ], [ 77.128002821575905, 11.457562291302452 ], [ 77.128272316161116, 11.457562291302452 ], [ 77.128272316161116, 11.457292796717226 ], [ 77.128541810746384, 11.457292796717226 ], [ 77.128541810746384, 11.456214818376282 ], [ 77.128272316161116, 11.456214818376282 ], [ 77.128272316161116, 11.455675829205802 ], [ 77.128002821575905, 11.455675829205802 ], [ 77.128002821575905, 11.455406334620562 ], [ 77.127463832405425, 11.455406334620562 ], [ 77.127463832405425, 11.455136840035337 ], [ 77.127194337820214, 11.455136840035337 ], [ 77.127194337820214, 11.454867345450097 ], [ 77.126924843234946, 11.454867345450097 ], [ 77.126924843234946, 11.454597850864857 ], [ 77.126655348649734, 11.454597850864857 ], [ 77.126655348649734, 11.452980883353447 ], [ 77.126924843234946, 11.452980883353447 ], [ 77.126924843234946, 11.452172399597742 ], [ 77.126655348649734, 11.452172399597742 ], [ 77.126655348649734, 11.451902905012503 ], [ 77.126385854064466, 11.451902905012503 ], [ 77.126385854064466, 11.451633410427263 ], [ 77.125577370308775, 11.451633410427263 ], [ 77.125577370308775, 11.451094421256798 ], [ 77.126924843234946, 11.451094421256798 ], [ 77.126924843234946, 11.450824926671558 ], [ 77.127194337820214, 11.450824926671558 ], [ 77.127194337820214, 11.450016442915853 ], [ 77.126924843234946, 11.450016442915853 ], [ 77.126924843234946, 11.449746948330613 ], [ 77.127194337820214, 11.449746948330613 ], [ 77.127194337820214, 11.449477453745374 ], [ 77.126924843234946, 11.449477453745374 ], [ 77.126924843234946, 11.448938464574908 ], [ 77.126385854064466, 11.448938464574908 ], [ 77.126385854064466, 11.449207959160148 ], [ 77.126116359479255, 11.449207959160148 ], [ 77.126116359479255, 11.449477453745374 ], [ 77.125846864893987, 11.449477453745374 ], [ 77.125846864893987, 11.449746948330613 ], [ 77.123421413626915, 11.449746948330613 ], [ 77.123421413626915, 11.450016442915853 ], [ 77.123151919041646, 11.450016442915853 ], [ 77.123151919041646, 11.450555432086318 ], [ 77.122073940700687, 11.450555432086318 ], [ 77.122073940700687, 11.450285937501093 ], [ 77.121534951530265, 11.450285937501093 ], [ 77.121534951530265, 11.450016442915853 ], [ 77.120995962359785, 11.450016442915853 ], [ 77.120995962359785, 11.449477453745374 ], [ 77.120726467774517, 11.449477453745374 ], [ 77.120726467774517, 11.449207959160148 ], [ 77.120456973189306, 11.449207959160148 ], [ 77.120456973189306, 11.448668969989669 ], [ 77.120187478604038, 11.448668969989669 ], [ 77.120187478604038, 11.448399475404443 ], [ 77.119648489433615, 11.448399475404443 ], [ 77.119648489433615, 11.448129980819203 ], [ 77.119109500263136, 11.448129980819203 ], [ 77.119109500263136, 11.449207959160148 ], [ 77.118840005677868, 11.449207959160148 ], [ 77.118840005677868, 11.450555432086318 ], [ 77.118570511092656, 11.450555432086318 ], [ 77.118570511092656, 11.450824926671558 ], [ 77.118301016507388, 11.450824926671558 ], [ 77.118301016507388, 11.451094421256798 ], [ 77.117223038166486, 11.451094421256798 ], [ 77.117223038166486, 11.451633410427263 ], [ 77.117492532751697, 11.451633410427263 ], [ 77.117492532751697, 11.451902905012503 ], [ 77.117762027336966, 11.451902905012503 ], [ 77.117762027336966, 11.452711388768208 ], [ 77.118031521922177, 11.452711388768208 ], [ 77.118031521922177, 11.452980883353447 ], [ 77.118570511092656, 11.452980883353447 ], [ 77.118570511092656, 11.453519872523913 ], [ 77.118840005677868, 11.453519872523913 ], [ 77.118840005677868, 11.454328356279632 ], [ 77.119109500263136, 11.454328356279632 ], [ 77.119109500263136, 11.454867345450097 ], [ 77.118840005677868, 11.454867345450097 ], [ 77.118840005677868, 11.455406334620562 ], [ 77.118570511092656, 11.455406334620562 ], [ 77.118570511092656, 11.455945323791042 ], [ 77.118840005677868, 11.455945323791042 ], [ 77.118840005677868, 11.456753807546747 ], [ 77.119109500263136, 11.456753807546747 ], [ 77.119109500263136, 11.457292796717226 ], [ 77.118840005677868, 11.457292796717226 ], [ 77.118840005677868, 11.458640269643396 ], [ 77.118570511092656, 11.458640269643396 ], [ 77.118570511092656, 11.458909764228636 ], [ 77.118301016507388, 11.458909764228636 ], [ 77.118301016507388, 11.459179258813876 ], [ 77.116953543581218, 11.459179258813876 ], [ 77.116953543581218, 11.458909764228636 ], [ 77.116145059825527, 11.458909764228636 ], [ 77.116145059825527, 11.458640269643396 ], [ 77.115606070655048, 11.458640269643396 ], [ 77.115606070655048, 11.458370775058157 ], [ 77.115336576069836, 11.458370775058157 ], [ 77.115336576069836, 11.457831785887691 ], [ 77.115067081484568, 11.457831785887691 ], [ 77.115067081484568, 11.456753807546747 ], [ 77.115336576069836, 11.456753807546747 ], [ 77.115336576069836, 11.456214818376282 ], [ 77.115606070655048, 11.456214818376282 ], [ 77.115606070655048, 11.455945323791042 ], [ 77.115875565240259, 11.455945323791042 ], [ 77.115875565240259, 11.455406334620562 ], [ 77.116145059825527, 11.455406334620562 ], [ 77.116145059825527, 11.455136840035337 ], [ 77.115875565240259, 11.455136840035337 ], [ 77.115875565240259, 11.454328356279632 ], [ 77.115606070655048, 11.454328356279632 ], [ 77.115606070655048, 11.454058861694392 ], [ 77.115067081484568, 11.454058861694392 ], [ 77.115067081484568, 11.453789367109152 ], [ 77.114528092314089, 11.453789367109152 ], [ 77.114528092314089, 11.453519872523913 ], [ 77.114258597728877, 11.453519872523913 ], [ 77.114258597728877, 11.452980883353447 ], [ 77.113450113973187, 11.452980883353447 ], [ 77.113450113973187, 11.453250377938687 ], [ 77.111024662706058, 11.453250377938687 ], [ 77.111024662706058, 11.453519872523913 ], [ 77.11021617895031, 11.453519872523913 ], [ 77.11021617895031, 11.452980883353447 ], [ 77.109946684365099, 11.452980883353447 ], [ 77.109946684365099, 11.452711388768208 ], [ 77.11021617895031, 11.452711388768208 ], [ 77.11021617895031, 11.452441894182968 ], [ 77.110485673535578, 11.452441894182968 ], [ 77.110485673535578, 11.451094421256798 ], [ 77.110755168120789, 11.451094421256798 ], [ 77.110755168120789, 11.450824926671558 ], [ 77.110485673535578, 11.450824926671558 ], [ 77.110485673535578, 11.450555432086318 ], [ 77.109677189779887, 11.450555432086318 ], [ 77.109677189779887, 11.450824926671558 ], [ 77.10886870602414, 11.450824926671558 ], [ 77.10886870602414, 11.450555432086318 ], [ 77.10832971685366, 11.450555432086318 ], [ 77.10832971685366, 11.450285937501093 ], [ 77.107790727683238, 11.450285937501093 ], [ 77.107790727683238, 11.450016442915853 ], [ 77.10752123309797, 11.450016442915853 ], [ 77.10752123309797, 11.450285937501093 ], [ 77.107251738512758, 11.450285937501093 ], [ 77.107251738512758, 11.450824926671558 ], [ 77.106712749342279, 11.450824926671558 ], [ 77.106712749342279, 11.451094421256798 ], [ 77.106443254757011, 11.451094421256798 ], [ 77.106443254757011, 11.451363915842037 ], [ 77.106173760171799, 11.451363915842037 ], [ 77.106173760171799, 11.451902905012503 ], [ 77.105904265586531, 11.451902905012503 ], [ 77.105904265586531, 11.452172399597742 ], [ 77.10563477100132, 11.452172399597742 ], [ 77.10563477100132, 11.452441894182968 ], [ 77.105365276416109, 11.452441894182968 ], [ 77.105365276416109, 11.452711388768208 ], [ 77.104826287245629, 11.452711388768208 ], [ 77.104826287245629, 11.452980883353447 ], [ 77.103478814319459, 11.452980883353447 ], [ 77.103478814319459, 11.453250377938687 ], [ 77.1024008359785, 11.453250377938687 ], [ 77.1024008359785, 11.453519872523913 ], [ 77.102131341393232, 11.453519872523913 ], [ 77.102131341393232, 11.453250377938687 ], [ 77.101592352222809, 11.453250377938687 ], [ 77.101592352222809, 11.452980883353447 ], [ 77.101322857637541, 11.452980883353447 ], [ 77.101322857637541, 11.452711388768208 ], [ 77.10105336305233, 11.452711388768208 ], [ 77.10105336305233, 11.452172399597742 ], [ 77.100783868467062, 11.452172399597742 ], [ 77.100783868467062, 11.451902905012503 ], [ 77.10105336305233, 11.451902905012503 ], [ 77.10105336305233, 11.451363915842037 ], [ 77.101322857637541, 11.451363915842037 ], [ 77.101322857637541, 11.451094421256798 ], [ 77.101592352222809, 11.451094421256798 ], [ 77.101592352222809, 11.450824926671558 ], [ 77.101861846808021, 11.450824926671558 ], [ 77.101861846808021, 11.450555432086318 ], [ 77.1024008359785, 11.450555432086318 ], [ 77.1024008359785, 11.450285937501093 ], [ 77.102670330563711, 11.450285937501093 ], [ 77.102670330563711, 11.449477453745374 ], [ 77.1024008359785, 11.449477453745374 ], [ 77.1024008359785, 11.447590991648724 ], [ 77.102670330563711, 11.447590991648724 ], [ 77.102670330563711, 11.447321497063498 ], [ 77.102939825148979, 11.447321497063498 ], [ 77.102939825148979, 11.446513013307779 ], [ 77.101592352222809, 11.446513013307779 ], [ 77.101592352222809, 11.446782507893019 ], [ 77.10105336305233, 11.446782507893019 ], [ 77.10105336305233, 11.447052002478259 ], [ 77.099975384711371, 11.447052002478259 ], [ 77.099975384711371, 11.446782507893019 ], [ 77.099436395540891, 11.446782507893019 ], [ 77.099436395540891, 11.447052002478259 ], [ 77.09916690095568, 11.447052002478259 ], [ 77.09916690095568, 11.445704529552074 ], [ 77.098897406370412, 11.445704529552074 ], [ 77.098897406370412, 11.44462655121113 ], [ 77.098358417199933, 11.44462655121113 ], [ 77.098358417199933, 11.444357056625904 ], [ 77.098088922614721, 11.444357056625904 ], [ 77.098088922614721, 11.444087562040664 ], [ 77.097549933444242, 11.444087562040664 ], [ 77.097549933444242, 11.443818067455425 ], [ 77.09728043885903, 11.443818067455425 ], [ 77.09728043885903, 11.44300958369972 ], [ 77.096741449688551, 11.44300958369972 ], [ 77.096741449688551, 11.44274008911448 ], [ 77.096471955103283, 11.44274008911448 ], [ 77.096471955103283, 11.443279078284959 ], [ 77.096202460518072, 11.443279078284959 ], [ 77.096202460518072, 11.443818067455425 ], [ 77.09593296593286, 11.443818067455425 ], [ 77.09593296593286, 11.44462655121113 ], [ 77.095663471347592, 11.44462655121113 ], [ 77.095663471347592, 11.444896045796369 ], [ 77.095393976762381, 11.444896045796369 ], [ 77.095393976762381, 11.445165540381609 ], [ 77.095124482177113, 11.445165540381609 ], [ 77.095124482177113, 11.445435034966849 ], [ 77.094585493006633, 11.445435034966849 ], [ 77.094585493006633, 11.445704529552074 ], [ 77.094315998421422, 11.445704529552074 ], [ 77.094315998421422, 11.445974024137314 ], [ 77.094046503836154, 11.445974024137314 ], [ 77.094046503836154, 11.446243518722554 ], [ 77.093777009250942, 11.446243518722554 ], [ 77.093777009250942, 11.446513013307779 ], [ 77.093507514665731, 11.446513013307779 ], [ 77.093507514665731, 11.447052002478259 ], [ 77.093238020080463, 11.447052002478259 ], [ 77.093238020080463, 11.447321497063498 ], [ 77.092968525495252, 11.447321497063498 ], [ 77.092968525495252, 11.447590991648724 ], [ 77.090004085057643, 11.447590991648724 ], [ 77.090004085057643, 11.447860486233964 ], [ 77.089465095887164, 11.447860486233964 ], [ 77.089465095887164, 11.448129980819203 ], [ 77.089195601301952, 11.448129980819203 ], [ 77.089195601301952, 11.448399475404443 ], [ 77.088656612131473, 11.448399475404443 ], [ 77.088656612131473, 11.448668969989669 ], [ 77.088387117546205, 11.448668969989669 ], [ 77.088387117546205, 11.448938464574908 ], [ 77.087848128375782, 11.448938464574908 ], [ 77.087848128375782, 11.448668969989669 ], [ 77.087578633790514, 11.448668969989669 ], [ 77.087578633790514, 11.448399475404443 ], [ 77.087309139205303, 11.448399475404443 ], [ 77.087309139205303, 11.448129980819203 ], [ 77.086770150034823, 11.448129980819203 ], [ 77.086770150034823, 11.447860486233964 ], [ 77.085692171693864, 11.447860486233964 ], [ 77.085692171693864, 11.447052002478259 ], [ 77.085961666279132, 11.447052002478259 ], [ 77.085961666279132, 11.446513013307779 ], [ 77.086231160864344, 11.446513013307779 ], [ 77.086231160864344, 11.445974024137314 ], [ 77.085961666279132, 11.445974024137314 ], [ 77.085961666279132, 11.445704529552074 ], [ 77.085422677108653, 11.445704529552074 ], [ 77.085422677108653, 11.445435034966849 ], [ 77.084883687938174, 11.445435034966849 ], [ 77.084883687938174, 11.44462655121113 ], [ 77.085153182523385, 11.44462655121113 ], [ 77.085153182523385, 11.444357056625904 ], [ 77.085422677108653, 11.444357056625904 ], [ 77.085422677108653, 11.444087562040664 ], [ 77.085692171693864, 11.444087562040664 ], [ 77.085692171693864, 11.443548572870185 ], [ 77.085961666279132, 11.443548572870185 ], [ 77.085961666279132, 11.443279078284959 ], [ 77.086231160864344, 11.443279078284959 ], [ 77.086231160864344, 11.44274008911448 ], [ 77.086500655449555, 11.44274008911448 ], [ 77.086500655449555, 11.442470594529254 ], [ 77.086770150034823, 11.442470594529254 ], [ 77.086770150034823, 11.442201099944015 ], [ 77.087039644620035, 11.442201099944015 ], [ 77.087039644620035, 11.441931605358775 ], [ 77.087309139205303, 11.441931605358775 ], [ 77.087309139205303, 11.441662110773535 ], [ 77.087578633790514, 11.441662110773535 ], [ 77.087578633790514, 11.44139261618831 ], [ 77.087848128375782, 11.44139261618831 ], [ 77.087848128375782, 11.44112312160307 ], [ 77.088387117546205, 11.44112312160307 ], [ 77.088387117546205, 11.44085362701783 ], [ 77.088926106716684, 11.44085362701783 ], [ 77.088926106716684, 11.440584132432591 ], [ 77.090004085057643, 11.440584132432591 ], [ 77.090004085057643, 11.44085362701783 ], [ 77.090543074228123, 11.44085362701783 ], [ 77.090543074228123, 11.440584132432591 ], [ 77.090812568813334, 11.440584132432591 ], [ 77.090812568813334, 11.440045143262125 ], [ 77.090273579642854, 11.440045143262125 ], [ 77.090273579642854, 11.439775648676886 ], [ 77.090004085057643, 11.439775648676886 ], [ 77.090004085057643, 11.43950615409166 ], [ 77.089734590472432, 11.43950615409166 ], [ 77.089734590472432, 11.43923665950642 ], [ 77.088926106716684, 11.43923665950642 ], [ 77.088926106716684, 11.438967164921181 ], [ 77.088117622960993, 11.438967164921181 ], [ 77.088117622960993, 11.43923665950642 ], [ 77.087848128375782, 11.43923665950642 ], [ 77.087848128375782, 11.439775648676886 ], [ 77.087578633790514, 11.439775648676886 ], [ 77.087578633790514, 11.43950615409166 ], [ 77.087309139205303, 11.43950615409166 ], [ 77.087309139205303, 11.438967164921181 ], [ 77.086770150034823, 11.438967164921181 ], [ 77.086770150034823, 11.43923665950642 ], [ 77.086231160864344, 11.43923665950642 ], [ 77.086231160864344, 11.43950615409166 ], [ 77.084344698767694, 11.43950615409166 ], [ 77.084344698767694, 11.439775648676886 ], [ 77.082997225841524, 11.439775648676886 ], [ 77.082997225841524, 11.43950615409166 ], [ 77.082727731256256, 11.43950615409166 ], [ 77.082727731256256, 11.43923665950642 ], [ 77.081380258330086, 11.43923665950642 ], [ 77.081380258330086, 11.439775648676886 ], [ 77.080841269159606, 11.439775648676886 ], [ 77.080841269159606, 11.440045143262125 ], [ 77.080571774574395, 11.440045143262125 ], [ 77.080571774574395, 11.440314637847365 ], [ 77.080032785403915, 11.440314637847365 ], [ 77.080032785403915, 11.440584132432591 ], [ 77.079763290818704, 11.440584132432591 ], [ 77.079763290818704, 11.44085362701783 ], [ 77.079493796233436, 11.44085362701783 ], [ 77.079493796233436, 11.439775648676886 ], [ 77.079224301648225, 11.439775648676886 ], [ 77.079224301648225, 11.43950615409166 ], [ 77.077876828722054, 11.43950615409166 ], [ 77.077876828722054, 11.43923665950642 ], [ 77.077068344966307, 11.43923665950642 ], [ 77.077068344966307, 11.438967164921181 ], [ 77.076259861210616, 11.438967164921181 ], [ 77.076259861210616, 11.438697670335941 ], [ 77.074912388284446, 11.438697670335941 ], [ 77.074912388284446, 11.438428175750715 ], [ 77.074103904528755, 11.438428175750715 ], [ 77.074103904528755, 11.438158681165476 ], [ 77.073564915358276, 11.438158681165476 ], [ 77.073564915358276, 11.437889186580236 ], [ 77.073295420773007, 11.437889186580236 ], [ 77.073295420773007, 11.435463735313121 ], [ 77.073564915358276, 11.435463735313121 ], [ 77.073564915358276, 11.435194240727881 ], [ 77.073834409943487, 11.435194240727881 ], [ 77.073834409943487, 11.434924746142642 ], [ 77.074912388284446, 11.434924746142642 ], [ 77.074912388284446, 11.434655251557402 ], [ 77.075451377454925, 11.434655251557402 ], [ 77.075451377454925, 11.434385756972176 ], [ 77.076259861210616, 11.434385756972176 ], [ 77.076259861210616, 11.434116262386937 ], [ 77.077337839551575, 11.434116262386937 ], [ 77.077337839551575, 11.433846767801697 ], [ 77.078146323307266, 11.433846767801697 ], [ 77.078146323307266, 11.433577273216471 ], [ 77.078685312477745, 11.433577273216471 ], [ 77.078685312477745, 11.433307778631232 ], [ 77.079224301648225, 11.433307778631232 ], [ 77.079224301648225, 11.433038284045992 ], [ 77.082188742085776, 11.433038284045992 ], [ 77.082188742085776, 11.432499294875527 ], [ 77.082458236671044, 11.432499294875527 ], [ 77.082458236671044, 11.432229800290287 ], [ 77.082727731256256, 11.432229800290287 ], [ 77.082727731256256, 11.431960305705047 ], [ 77.082997225841524, 11.431960305705047 ], [ 77.082997225841524, 11.431690811119807 ], [ 77.083266720426735, 11.431690811119807 ], [ 77.083266720426735, 11.431421316534582 ], [ 77.083805709597215, 11.431421316534582 ], [ 77.083805709597215, 11.430882327364102 ], [ 77.086231160864344, 11.430882327364102 ], [ 77.086231160864344, 11.430073843608398 ], [ 77.085961666279132, 11.430073843608398 ], [ 77.085961666279132, 11.429534854437932 ], [ 77.085692171693864, 11.429534854437932 ], [ 77.085692171693864, 11.429265359852693 ], [ 77.085422677108653, 11.429265359852693 ], [ 77.085422677108653, 11.428995865267453 ], [ 77.085153182523385, 11.428995865267453 ], [ 77.085153182523385, 11.428726370682213 ], [ 77.083266720426735, 11.428726370682213 ], [ 77.083266720426735, 11.428456876096988 ], [ 77.082458236671044, 11.428456876096988 ], [ 77.082458236671044, 11.428187381511748 ], [ 77.081919247500565, 11.428187381511748 ], [ 77.081919247500565, 11.427917886926508 ], [ 77.081649752915354, 11.427917886926508 ], [ 77.081649752915354, 11.427648392341283 ], [ 77.081380258330086, 11.427648392341283 ], [ 77.081380258330086, 11.427109403170803 ], [ 77.081110763744874, 11.427109403170803 ], [ 77.081110763744874, 11.426570414000338 ], [ 77.081380258330086, 11.426570414000338 ], [ 77.081380258330086, 11.426031424829858 ], [ 77.081110763744874, 11.426031424829858 ], [ 77.081110763744874, 11.425761930244619 ], [ 77.081380258330086, 11.425761930244619 ], [ 77.081380258330086, 11.424683951903688 ], [ 77.081649752915354, 11.424683951903688 ], [ 77.081649752915354, 11.424414457318449 ], [ 77.081919247500565, 11.424414457318449 ], [ 77.081919247500565, 11.424144962733209 ], [ 77.081649752915354, 11.424144962733209 ], [ 77.081649752915354, 11.423066984392264 ], [ 77.081380258330086, 11.423066984392264 ], [ 77.081380258330086, 11.422797489807024 ], [ 77.081649752915354, 11.422797489807024 ], [ 77.081649752915354, 11.421989006051319 ], [ 77.081380258330086, 11.421989006051319 ], [ 77.081380258330086, 11.422527995221799 ], [ 77.081110763744874, 11.422527995221799 ], [ 77.081110763744874, 11.423336478977504 ] ], [ [ 77.115336576069836, 11.462682688421935 ], [ 77.115336576069836, 11.462952183007175 ], [ 77.115067081484568, 11.462952183007175 ], [ 77.115067081484568, 11.462682688421935 ], [ 77.115336576069836, 11.462682688421935 ] ], [ [ 77.122343435285956, 11.450824926671558 ], [ 77.122343435285956, 11.451094421256798 ], [ 77.122073940700687, 11.451094421256798 ], [ 77.122073940700687, 11.450824926671558 ], [ 77.122343435285956, 11.450824926671558 ] ], [ [ 77.059281702340769, 11.432499294875527 ], [ 77.059281702340769, 11.432229800290287 ], [ 77.059012207755501, 11.432229800290287 ], [ 77.059012207755501, 11.431960305705047 ], [ 77.06009018609646, 11.431960305705047 ], [ 77.06009018609646, 11.432229800290287 ], [ 77.05955119692598, 11.432229800290287 ], [ 77.05955119692598, 11.432499294875527 ], [ 77.059281702340769, 11.432499294875527 ] ], [ [ 77.06009018609646, 11.431690811119807 ], [ 77.060359680681728, 11.431690811119807 ], [ 77.060359680681728, 11.431960305705047 ], [ 77.06009018609646, 11.431960305705047 ], [ 77.06009018609646, 11.431690811119807 ] ], [ [ 77.06467159404545, 11.429804349023158 ], [ 77.06467159404545, 11.429534854437932 ], [ 77.064941088630718, 11.429534854437932 ], [ 77.064941088630718, 11.429265359852693 ], [ 77.065480077801197, 11.429265359852693 ], [ 77.065480077801197, 11.430073843608398 ], [ 77.065210583215929, 11.430073843608398 ], [ 77.065210583215929, 11.429804349023158 ], [ 77.06467159404545, 11.429804349023158 ] ] ], [ [ [ 77.049310402687041, 11.495830522405953 ], [ 77.049579897272253, 11.495830522405953 ], [ 77.049579897272253, 11.495561027820713 ], [ 77.049310402687041, 11.495561027820713 ], [ 77.049310402687041, 11.495830522405953 ] ] ], [ [ [ 77.049040908101773, 11.495830522405953 ], [ 77.049040908101773, 11.496100016991178 ], [ 77.049310402687041, 11.496100016991178 ], [ 77.049310402687041, 11.495830522405953 ], [ 77.049040908101773, 11.495830522405953 ] ] ], [ [ [ 77.048771413516562, 11.496369511576418 ], [ 77.049040908101773, 11.496369511576418 ], [ 77.049040908101773, 11.496100016991178 ], [ 77.048771413516562, 11.496100016991178 ], [ 77.048771413516562, 11.496369511576418 ] ] ], [ [ [ 77.048771413516562, 11.496369511576418 ], [ 77.04850191893135, 11.496369511576418 ], [ 77.04850191893135, 11.496639006161658 ], [ 77.048771413516562, 11.496639006161658 ], [ 77.048771413516562, 11.496369511576418 ] ] ] ] } },
{ "type": "Feature", "properties": { "layer_name": "persistent_water_core_seasonality_ge_10", "reservoir_name": "Bhavanisagar Reservoir", "source_dataset": "JRC/GSW1_4/GlobalSurfaceWater", "band_used": "seasonality", "threshold_criterion": "seasonality >= 10 months", "scientific_meaning": "Persistent reservoir water body present for >= 10 months per year across satellite record.", "observation_period": "1984–2021 Multi-Decadal Historical Record", "geometry_type": "REMOTE_SENSING_DERIVED_WATER_FREQUENCY_EXTENT", "verification_level": "REMOTE_SENSING_DERIVED" }, "geometry": { "type": "MultiPolygon", "coordinates": [ [ [ [ 77.083536215012003, 11.420372038539909 ], [ 77.083536215012003, 11.42010254395467 ], [ 77.081110763744874, 11.42010254395467 ], [ 77.081110763744874, 11.420641533125149 ], [ 77.080841269159606, 11.420641533125149 ], [ 77.080841269159606, 11.421180522295614 ], [ 77.081110763744874, 11.421180522295614 ], [ 77.081110763744874, 11.420911027710375 ], [ 77.081380258330086, 11.420911027710375 ], [ 77.081380258330086, 11.421180522295614 ], [ 77.081649752915354, 11.421180522295614 ], [ 77.081649752915354, 11.420911027710375 ], [ 77.082188742085776, 11.420911027710375 ], [ 77.082188742085776, 11.421180522295614 ], [ 77.082997225841524, 11.421180522295614 ], [ 77.082997225841524, 11.420911027710375 ], [ 77.083266720426735, 11.420911027710375 ], [ 77.083266720426735, 11.420641533125149 ], [ 77.084883687938174, 11.420641533125149 ], [ 77.084883687938174, 11.420372038539909 ], [ 77.083536215012003, 11.420372038539909 ] ] ], [ [ [ 77.081649752915354, 11.421719511466094 ], [ 77.081919247500565, 11.421719511466094 ], [ 77.081919247500565, 11.421989006051319 ], [ 77.081110763744874, 11.421989006051319 ], [ 77.081110763744874, 11.422258500636559 ], [ 77.080302279989127, 11.422258500636559 ], [ 77.080302279989127, 11.423066984392264 ], [ 77.080032785403915, 11.423066984392264 ], [ 77.080032785403915, 11.423336478977504 ], [ 77.079493796233436, 11.423336478977504 ], [ 77.079493796233436, 11.423066984392264 ], [ 77.078685312477745, 11.423066984392264 ], [ 77.078685312477745, 11.425761930244619 ], [ 77.078146323307266, 11.425761930244619 ], [ 77.078146323307266, 11.426031424829858 ], [ 77.077607334136786, 11.426031424829858 ], [ 77.077607334136786, 11.426300919415098 ], [ 77.077068344966307, 11.426300919415098 ], [ 77.077068344966307, 11.426570414000338 ], [ 77.076798850381095, 11.426570414000338 ], [ 77.076798850381095, 11.426839908585563 ], [ 77.076529355795827, 11.426839908585563 ], [ 77.076529355795827, 11.427109403170803 ], [ 77.075181882869657, 11.427109403170803 ], [ 77.075181882869657, 11.426839908585563 ], [ 77.074912388284446, 11.426839908585563 ], [ 77.074912388284446, 11.426570414000338 ], [ 77.074642893699178, 11.426570414000338 ], [ 77.074642893699178, 11.426300919415098 ], [ 77.074103904528755, 11.426300919415098 ], [ 77.074103904528755, 11.426031424829858 ], [ 77.073834409943487, 11.426031424829858 ], [ 77.073834409943487, 11.425761930244619 ], [ 77.073295420773007, 11.425761930244619 ], [ 77.073295420773007, 11.425222941074153 ], [ 77.072486937017317, 11.425222941074153 ], [ 77.072486937017317, 11.424953446488914 ], [ 77.071678453261626, 11.424953446488914 ], [ 77.071678453261626, 11.424683951903688 ], [ 77.070600474920667, 11.424683951903688 ], [ 77.070600474920667, 11.424414457318449 ], [ 77.070330980335399, 11.424414457318449 ], [ 77.070330980335399, 11.424144962733209 ], [ 77.071139464091146, 11.424144962733209 ], [ 77.071139464091146, 11.424414457318449 ], [ 77.071947947846837, 11.424414457318449 ], [ 77.071947947846837, 11.424144962733209 ], [ 77.073025926187796, 11.424144962733209 ], [ 77.073025926187796, 11.423605973562744 ], [ 77.073295420773007, 11.423605973562744 ], [ 77.073295420773007, 11.423336478977504 ], [ 77.073564915358276, 11.423336478977504 ], [ 77.073564915358276, 11.422527995221799 ], [ 77.073834409943487, 11.422527995221799 ], [ 77.073834409943487, 11.421989006051319 ], [ 77.074103904528755, 11.421989006051319 ], [ 77.074103904528755, 11.421719511466094 ], [ 77.074912388284446, 11.421719511466094 ], [ 77.074912388284446, 11.421450016880854 ], [ 77.075181882869657, 11.421450016880854 ], [ 77.075181882869657, 11.421180522295614 ], [ 77.075990366625405, 11.421180522295614 ], [ 77.075990366625405, 11.420911027710375 ], [ 77.076259861210616, 11.420911027710375 ], [ 77.076259861210616, 11.420641533125149 ], [ 77.076798850381095, 11.420641533125149 ], [ 77.076798850381095, 11.420372038539909 ], [ 77.076529355795827, 11.420372038539909 ], [ 77.076529355795827, 11.42010254395467 ], [ 77.040147586789004, 11.42010254395467 ], [ 77.040147586789004, 11.420641533125149 ], [ 77.039878092203793, 11.420641533125149 ], [ 77.039878092203793, 11.421719511466094 ], [ 77.039608597618525, 11.421719511466094 ], [ 77.039608597618525, 11.422258500636559 ], [ 77.039339103033313, 11.422258500636559 ], [ 77.039339103033313, 11.422527995221799 ], [ 77.039608597618525, 11.422527995221799 ], [ 77.039608597618525, 11.422797489807024 ], [ 77.039878092203793, 11.422797489807024 ], [ 77.039878092203793, 11.423066984392264 ], [ 77.039608597618525, 11.423066984392264 ], [ 77.039608597618525, 11.423336478977504 ], [ 77.039339103033313, 11.423336478977504 ], [ 77.039339103033313, 11.423605973562744 ], [ 77.039878092203793, 11.423605973562744 ], [ 77.039878092203793, 11.423875468147969 ], [ 77.040417081374272, 11.423875468147969 ], [ 77.040417081374272, 11.423605973562744 ], [ 77.040956070544695, 11.423605973562744 ], [ 77.040956070544695, 11.423875468147969 ], [ 77.041764554300443, 11.423875468147969 ], [ 77.041764554300443, 11.424144962733209 ], [ 77.042573038056133, 11.424144962733209 ], [ 77.042573038056133, 11.424414457318449 ], [ 77.042842532641345, 11.424414457318449 ], [ 77.042842532641345, 11.424683951903688 ], [ 77.043381521811824, 11.424683951903688 ], [ 77.043381521811824, 11.424953446488914 ], [ 77.043112027226613, 11.424953446488914 ], [ 77.043112027226613, 11.425222941074153 ], [ 77.043381521811824, 11.425222941074153 ], [ 77.043381521811824, 11.425761930244619 ], [ 77.043651016397092, 11.425761930244619 ], [ 77.043651016397092, 11.426031424829858 ], [ 77.043381521811824, 11.426031424829858 ], [ 77.043381521811824, 11.426839908585563 ], [ 77.043651016397092, 11.426839908585563 ], [ 77.043651016397092, 11.427109403170803 ], [ 77.043920510982304, 11.427109403170803 ], [ 77.043920510982304, 11.427917886926508 ], [ 77.044190005567572, 11.427917886926508 ], [ 77.044190005567572, 11.428456876096988 ], [ 77.044728994737994, 11.428456876096988 ], [ 77.044728994737994, 11.428726370682213 ], [ 77.045267983908474, 11.428726370682213 ], [ 77.045267983908474, 11.428456876096988 ], [ 77.045537478493742, 11.428456876096988 ], [ 77.045537478493742, 11.428995865267453 ], [ 77.045806973078953, 11.428995865267453 ], [ 77.045806973078953, 11.429265359852693 ], [ 77.046615456834644, 11.429265359852693 ], [ 77.046615456834644, 11.430073843608398 ], [ 77.046345962249433, 11.430073843608398 ], [ 77.046345962249433, 11.430612832778877 ], [ 77.046615456834644, 11.430612832778877 ], [ 77.046615456834644, 11.430343338193637 ], [ 77.046884951419912, 11.430343338193637 ], [ 77.046884951419912, 11.430612832778877 ], [ 77.047154446005123, 11.430612832778877 ], [ 77.047154446005123, 11.430343338193637 ], [ 77.047423940590392, 11.430343338193637 ], [ 77.047423940590392, 11.430612832778877 ], [ 77.047962929760871, 11.430612832778877 ], [ 77.047962929760871, 11.430882327364102 ], [ 77.048232424346082, 11.430882327364102 ], [ 77.048232424346082, 11.431151821949342 ], [ 77.04850191893135, 11.431151821949342 ], [ 77.04850191893135, 11.430882327364102 ], [ 77.048771413516562, 11.430882327364102 ], [ 77.048771413516562, 11.431151821949342 ], [ 77.049310402687041, 11.431151821949342 ], [ 77.049310402687041, 11.431421316534582 ], [ 77.049849391857521, 11.431421316534582 ], [ 77.049849391857521, 11.431690811119807 ], [ 77.050388381028, 11.431690811119807 ], [ 77.050388381028, 11.431960305705047 ], [ 77.050657875613211, 11.431960305705047 ], [ 77.050657875613211, 11.432229800290287 ], [ 77.050388381028, 11.432229800290287 ], [ 77.050388381028, 11.432768789460752 ], [ 77.050657875613211, 11.432768789460752 ], [ 77.050657875613211, 11.433038284045992 ], [ 77.050927370198423, 11.433038284045992 ], [ 77.050927370198423, 11.433846767801697 ], [ 77.051196864783691, 11.433846767801697 ], [ 77.051196864783691, 11.433577273216471 ], [ 77.051466359368902, 11.433577273216471 ], [ 77.051466359368902, 11.433307778631232 ], [ 77.05173585395417, 11.433307778631232 ], [ 77.05173585395417, 11.433038284045992 ], [ 77.052005348539382, 11.433038284045992 ], [ 77.052005348539382, 11.432229800290287 ], [ 77.05227484312465, 11.432229800290287 ], [ 77.05227484312465, 11.431690811119807 ], [ 77.052544337709861, 11.431690811119807 ], [ 77.052544337709861, 11.431421316534582 ], [ 77.052813832295072, 11.431421316534582 ], [ 77.052813832295072, 11.430882327364102 ], [ 77.053083326880341, 11.430882327364102 ], [ 77.053083326880341, 11.430343338193637 ], [ 77.052813832295072, 11.430343338193637 ], [ 77.052813832295072, 11.429534854437932 ], [ 77.053083326880341, 11.429534854437932 ], [ 77.053083326880341, 11.429265359852693 ], [ 77.053352821465552, 11.429265359852693 ], [ 77.053352821465552, 11.428995865267453 ], [ 77.05362231605082, 11.428995865267453 ], [ 77.05362231605082, 11.428726370682213 ], [ 77.053891810636031, 11.428726370682213 ], [ 77.053891810636031, 11.428995865267453 ], [ 77.054430799806511, 11.428995865267453 ], [ 77.054430799806511, 11.429265359852693 ], [ 77.054700294391722, 11.429265359852693 ], [ 77.054700294391722, 11.431421316534582 ], [ 77.05496978897699, 11.431421316534582 ], [ 77.05496978897699, 11.432229800290287 ], [ 77.055239283562202, 11.432229800290287 ], [ 77.055239283562202, 11.432499294875527 ], [ 77.055778272732681, 11.432499294875527 ], [ 77.055778272732681, 11.432768789460752 ], [ 77.056047767317949, 11.432768789460752 ], [ 77.056047767317949, 11.433038284045992 ], [ 77.05631726190316, 11.433038284045992 ], [ 77.05631726190316, 11.433307778631232 ], [ 77.05685625107364, 11.433307778631232 ], [ 77.05685625107364, 11.433577273216471 ], [ 77.056586756488372, 11.433577273216471 ], [ 77.056586756488372, 11.434924746142642 ], [ 77.05631726190316, 11.434924746142642 ], [ 77.05631726190316, 11.435463735313121 ], [ 77.056586756488372, 11.435463735313121 ], [ 77.056586756488372, 11.435733229898347 ], [ 77.05631726190316, 11.435733229898347 ], [ 77.05631726190316, 11.436272219068826 ], [ 77.056047767317949, 11.436272219068826 ], [ 77.056047767317949, 11.436811208239291 ], [ 77.05631726190316, 11.436811208239291 ], [ 77.05631726190316, 11.437080702824531 ], [ 77.056586756488372, 11.437080702824531 ], [ 77.056586756488372, 11.438428175750715 ], [ 77.05631726190316, 11.438428175750715 ], [ 77.05631726190316, 11.438697670335941 ], [ 77.056047767317949, 11.438697670335941 ], [ 77.056047767317949, 11.438967164921181 ], [ 77.055778272732681, 11.438967164921181 ], [ 77.055778272732681, 11.43923665950642 ], [ 77.055239283562202, 11.43923665950642 ], [ 77.055239283562202, 11.43950615409166 ], [ 77.05496978897699, 11.43950615409166 ], [ 77.05496978897699, 11.440584132432591 ], [ 77.055239283562202, 11.440584132432591 ], [ 77.055239283562202, 11.44085362701783 ], [ 77.05550877814747, 11.44085362701783 ], [ 77.05550877814747, 11.44139261618831 ], [ 77.055239283562202, 11.44139261618831 ], [ 77.055239283562202, 11.441662110773535 ], [ 77.05550877814747, 11.441662110773535 ], [ 77.05550877814747, 11.442470594529254 ], [ 77.055778272732681, 11.442470594529254 ], [ 77.055778272732681, 11.44274008911448 ], [ 77.05550877814747, 11.44274008911448 ], [ 77.05550877814747, 11.443279078284959 ], [ 77.055239283562202, 11.443279078284959 ], [ 77.055239283562202, 11.444087562040664 ], [ 77.05550877814747, 11.444087562040664 ], [ 77.05550877814747, 11.444357056625904 ], [ 77.05496978897699, 11.444357056625904 ], [ 77.05496978897699, 11.445435034966849 ], [ 77.055778272732681, 11.445435034966849 ], [ 77.055778272732681, 11.445704529552074 ], [ 77.057125745658851, 11.445704529552074 ], [ 77.057125745658851, 11.445435034966849 ], [ 77.057934229414599, 11.445435034966849 ], [ 77.057934229414599, 11.445165540381609 ], [ 77.05820372399981, 11.445165540381609 ], [ 77.05820372399981, 11.444896045796369 ], [ 77.05874271317029, 11.444896045796369 ], [ 77.05874271317029, 11.44462655121113 ], [ 77.05955119692598, 11.44462655121113 ], [ 77.05955119692598, 11.444357056625904 ], [ 77.060359680681728, 11.444357056625904 ], [ 77.060359680681728, 11.44462655121113 ], [ 77.060629175266939, 11.44462655121113 ], [ 77.060629175266939, 11.444896045796369 ], [ 77.060898669852151, 11.444896045796369 ], [ 77.060898669852151, 11.446243518722554 ], [ 77.060629175266939, 11.446243518722554 ], [ 77.060629175266939, 11.446513013307779 ], [ 77.06009018609646, 11.446513013307779 ], [ 77.06009018609646, 11.446782507893019 ], [ 77.05955119692598, 11.446782507893019 ], [ 77.05955119692598, 11.447052002478259 ], [ 77.057664734829331, 11.447052002478259 ], [ 77.057664734829331, 11.446782507893019 ], [ 77.057395240244119, 11.446782507893019 ], [ 77.057395240244119, 11.447052002478259 ], [ 77.057125745658851, 11.447052002478259 ], [ 77.057125745658851, 11.447321497063498 ], [ 77.05685625107364, 11.447321497063498 ], [ 77.05685625107364, 11.447860486233964 ], [ 77.05631726190316, 11.447860486233964 ], [ 77.05631726190316, 11.448399475404443 ], [ 77.056047767317949, 11.448399475404443 ], [ 77.056047767317949, 11.448668969989669 ], [ 77.05631726190316, 11.448668969989669 ], [ 77.05631726190316, 11.448938464574908 ], [ 77.056047767317949, 11.448938464574908 ], [ 77.056047767317949, 11.449477453745374 ], [ 77.05631726190316, 11.449477453745374 ], [ 77.05631726190316, 11.449207959160148 ], [ 77.057395240244119, 11.449207959160148 ], [ 77.057395240244119, 11.448938464574908 ], [ 77.057664734829331, 11.448938464574908 ], [ 77.057664734829331, 11.449207959160148 ], [ 77.057934229414599, 11.449207959160148 ], [ 77.057934229414599, 11.449477453745374 ], [ 77.05820372399981, 11.449477453745374 ], [ 77.05820372399981, 11.449207959160148 ], [ 77.058473218585021, 11.449207959160148 ], [ 77.058473218585021, 11.449477453745374 ], [ 77.05874271317029, 11.449477453745374 ], [ 77.05874271317029, 11.449746948330613 ], [ 77.059012207755501, 11.449746948330613 ], [ 77.059012207755501, 11.450016442915853 ], [ 77.059281702340769, 11.450016442915853 ], [ 77.059281702340769, 11.450285937501093 ], [ 77.05955119692598, 11.450285937501093 ], [ 77.05955119692598, 11.450555432086318 ], [ 77.059820691511248, 11.450555432086318 ], [ 77.059820691511248, 11.450824926671558 ], [ 77.06009018609646, 11.450824926671558 ], [ 77.06009018609646, 11.451363915842037 ], [ 77.060359680681728, 11.451363915842037 ], [ 77.060359680681728, 11.451633410427263 ], [ 77.060898669852151, 11.451633410427263 ], [ 77.060898669852151, 11.452172399597742 ], [ 77.06143765902263, 11.452172399597742 ], [ 77.06143765902263, 11.452980883353447 ], [ 77.061707153607898, 11.452980883353447 ], [ 77.061707153607898, 11.454867345450097 ], [ 77.06143765902263, 11.454867345450097 ], [ 77.06143765902263, 11.455406334620562 ], [ 77.061168164437419, 11.455406334620562 ], [ 77.061168164437419, 11.455675829205802 ], [ 77.060898669852151, 11.455675829205802 ], [ 77.060898669852151, 11.455945323791042 ], [ 77.060359680681728, 11.455945323791042 ], [ 77.060359680681728, 11.456484312961507 ], [ 77.05955119692598, 11.456484312961507 ], [ 77.05955119692598, 11.456214818376282 ], [ 77.059281702340769, 11.456214818376282 ], [ 77.059281702340769, 11.456753807546747 ], [ 77.059012207755501, 11.456753807546747 ], [ 77.059012207755501, 11.457023302131986 ], [ 77.059281702340769, 11.457023302131986 ], [ 77.059281702340769, 11.457562291302452 ], [ 77.059820691511248, 11.457562291302452 ], [ 77.059820691511248, 11.457831785887691 ], [ 77.05955119692598, 11.457831785887691 ], [ 77.05955119692598, 11.458101280472931 ], [ 77.059281702340769, 11.458101280472931 ], [ 77.059281702340769, 11.458370775058157 ], [ 77.05874271317029, 11.458370775058157 ], [ 77.05874271317029, 11.458640269643396 ], [ 77.057934229414599, 11.458640269643396 ], [ 77.057934229414599, 11.459987742569581 ], [ 77.05874271317029, 11.459987742569581 ], [ 77.05874271317029, 11.459718247984341 ], [ 77.060898669852151, 11.459718247984341 ], [ 77.060898669852151, 11.461604710080991 ], [ 77.061168164437419, 11.461604710080991 ], [ 77.061168164437419, 11.461874204666231 ], [ 77.06143765902263, 11.461874204666231 ], [ 77.06143765902263, 11.46214369925147 ], [ 77.061707153607898, 11.46214369925147 ], [ 77.061707153607898, 11.462413193836696 ], [ 77.061976648193109, 11.462413193836696 ], [ 77.061976648193109, 11.462682688421935 ], [ 77.062246142778378, 11.462682688421935 ], [ 77.062246142778378, 11.46214369925147 ], [ 77.062515637363589, 11.46214369925147 ], [ 77.062515637363589, 11.461335215495751 ], [ 77.0627851319488, 11.461335215495751 ], [ 77.0627851319488, 11.461065720910526 ], [ 77.06332412111928, 11.461065720910526 ], [ 77.06332412111928, 11.460796226325286 ], [ 77.063593615704548, 11.460796226325286 ], [ 77.063593615704548, 11.460526731740046 ], [ 77.063863110289759, 11.460526731740046 ], [ 77.063863110289759, 11.460257237154821 ], [ 77.06467159404545, 11.460257237154821 ], [ 77.06467159404545, 11.459987742569581 ], [ 77.065480077801197, 11.459987742569581 ], [ 77.065480077801197, 11.459718247984341 ], [ 77.066288561556888, 11.459718247984341 ], [ 77.066288561556888, 11.459448753399101 ], [ 77.0665580561421, 11.459448753399101 ], [ 77.0665580561421, 11.458909764228636 ], [ 77.067097045312579, 11.458909764228636 ], [ 77.067097045312579, 11.458640269643396 ], [ 77.067905529068327, 11.458640269643396 ], [ 77.067905529068327, 11.458370775058157 ], [ 77.068175023653538, 11.458370775058157 ], [ 77.068175023653538, 11.458101280472931 ], [ 77.068714012824017, 11.458101280472931 ], [ 77.068714012824017, 11.457831785887691 ], [ 77.068983507409229, 11.457831785887691 ], [ 77.068983507409229, 11.457562291302452 ], [ 77.069253001994497, 11.457562291302452 ], [ 77.069253001994497, 11.457292796717226 ], [ 77.069791991164976, 11.457292796717226 ], [ 77.069791991164976, 11.457023302131986 ], [ 77.070330980335399, 11.457023302131986 ], [ 77.070330980335399, 11.456753807546747 ], [ 77.071408958676358, 11.456753807546747 ], [ 77.071408958676358, 11.456484312961507 ], [ 77.071678453261626, 11.456484312961507 ], [ 77.071678453261626, 11.456753807546747 ], [ 77.071947947846837, 11.456753807546747 ], [ 77.071947947846837, 11.457292796717226 ], [ 77.073295420773007, 11.457292796717226 ], [ 77.073295420773007, 11.457562291302452 ], [ 77.073834409943487, 11.457562291302452 ], [ 77.073834409943487, 11.457292796717226 ], [ 77.074103904528755, 11.457292796717226 ], [ 77.074103904528755, 11.457023302131986 ], [ 77.074373399113966, 11.457023302131986 ], [ 77.074373399113966, 11.456753807546747 ], [ 77.074912388284446, 11.456753807546747 ], [ 77.074912388284446, 11.457023302131986 ], [ 77.074642893699178, 11.457023302131986 ], [ 77.074642893699178, 11.457292796717226 ], [ 77.074373399113966, 11.457292796717226 ], [ 77.074373399113966, 11.457562291302452 ], [ 77.074103904528755, 11.457562291302452 ], [ 77.074103904528755, 11.457831785887691 ], [ 77.073834409943487, 11.457831785887691 ], [ 77.073834409943487, 11.458101280472931 ], [ 77.073295420773007, 11.458101280472931 ], [ 77.073295420773007, 11.458370775058157 ], [ 77.073025926187796, 11.458370775058157 ], [ 77.073025926187796, 11.458640269643396 ], [ 77.072756431602528, 11.458640269643396 ], [ 77.072756431602528, 11.458909764228636 ], [ 77.072486937017317, 11.458909764228636 ], [ 77.072486937017317, 11.459179258813876 ], [ 77.072217442432105, 11.459179258813876 ], [ 77.072217442432105, 11.459448753399101 ], [ 77.071947947846837, 11.459448753399101 ], [ 77.071947947846837, 11.460257237154821 ], [ 77.071678453261626, 11.460257237154821 ], [ 77.071678453261626, 11.460796226325286 ], [ 77.071408958676358, 11.460796226325286 ], [ 77.071408958676358, 11.461065720910526 ], [ 77.071139464091146, 11.461065720910526 ], [ 77.071139464091146, 11.461604710080991 ], [ 77.070869969505878, 11.461604710080991 ], [ 77.070869969505878, 11.461874204666231 ], [ 77.070330980335399, 11.461874204666231 ], [ 77.070330980335399, 11.46214369925147 ], [ 77.070061485750188, 11.46214369925147 ], [ 77.070061485750188, 11.462413193836696 ], [ 77.069791991164976, 11.462413193836696 ], [ 77.069791991164976, 11.463221677592415 ], [ 77.069522496579708, 11.463221677592415 ], [ 77.069522496579708, 11.46403016134812 ], [ 77.069791991164976, 11.46403016134812 ], [ 77.069791991164976, 11.464838645103825 ], [ 77.070061485750188, 11.464838645103825 ], [ 77.070061485750188, 11.46564712885953 ], [ 77.069791991164976, 11.46564712885953 ], [ 77.069791991164976, 11.466455612615235 ], [ 77.070600474920667, 11.466455612615235 ], [ 77.070600474920667, 11.466725107200475 ], [ 77.070869969505878, 11.466725107200475 ], [ 77.070869969505878, 11.466455612615235 ], [ 77.071408958676358, 11.466455612615235 ], [ 77.071408958676358, 11.466725107200475 ], [ 77.072217442432105, 11.466725107200475 ], [ 77.072217442432105, 11.466455612615235 ], [ 77.072486937017317, 11.466455612615235 ], [ 77.072486937017317, 11.466725107200475 ], [ 77.072756431602528, 11.466725107200475 ], [ 77.072756431602528, 11.466455612615235 ], [ 77.073295420773007, 11.466455612615235 ], [ 77.073295420773007, 11.466725107200475 ], [ 77.073564915358276, 11.466725107200475 ], [ 77.073564915358276, 11.467803085541419 ], [ 77.073295420773007, 11.467803085541419 ], [ 77.073295420773007, 11.468342074711884 ], [ 77.073025926187796, 11.468342074711884 ], [ 77.073025926187796, 11.468611569297124 ], [ 77.072756431602528, 11.468611569297124 ], [ 77.072756431602528, 11.469150558467604 ], [ 77.072486937017317, 11.469150558467604 ], [ 77.072486937017317, 11.469420053052829 ], [ 77.072756431602528, 11.469420053052829 ], [ 77.072756431602528, 11.469689547638069 ], [ 77.072486937017317, 11.469689547638069 ], [ 77.072486937017317, 11.470498031393774 ], [ 77.071947947846837, 11.470498031393774 ], [ 77.071947947846837, 11.470767525979014 ], [ 77.070600474920667, 11.470767525979014 ], [ 77.070600474920667, 11.470498031393774 ], [ 77.070330980335399, 11.470498031393774 ], [ 77.070330980335399, 11.470228536808534 ], [ 77.070061485750188, 11.470228536808534 ], [ 77.070061485750188, 11.469959042223309 ], [ 77.069791991164976, 11.469959042223309 ], [ 77.069791991164976, 11.469689547638069 ], [ 77.069522496579708, 11.469689547638069 ], [ 77.069522496579708, 11.469150558467604 ], [ 77.068983507409229, 11.469150558467604 ], [ 77.068983507409229, 11.468611569297124 ], [ 77.068714012824017, 11.468611569297124 ], [ 77.068714012824017, 11.468342074711884 ], [ 77.067366539897847, 11.468342074711884 ], [ 77.067366539897847, 11.468072580126659 ], [ 77.067097045312579, 11.468072580126659 ], [ 77.067097045312579, 11.468342074711884 ], [ 77.0665580561421, 11.468342074711884 ], [ 77.0665580561421, 11.469150558467604 ], [ 77.066827550727368, 11.469150558467604 ], [ 77.066827550727368, 11.470498031393774 ], [ 77.067097045312579, 11.470498031393774 ], [ 77.067097045312579, 11.470767525979014 ], [ 77.066827550727368, 11.470767525979014 ], [ 77.066827550727368, 11.471306515149479 ], [ 77.0665580561421, 11.471306515149479 ], [ 77.0665580561421, 11.471576009734719 ], [ 77.066288561556888, 11.471576009734719 ], [ 77.066288561556888, 11.472114998905198 ], [ 77.066019066971677, 11.472114998905198 ], [ 77.066019066971677, 11.472384493490424 ], [ 77.065749572386409, 11.472384493490424 ], [ 77.065749572386409, 11.472923482660903 ], [ 77.065480077801197, 11.472923482660903 ], [ 77.065480077801197, 11.473192977246129 ], [ 77.065210583215929, 11.473192977246129 ], [ 77.065210583215929, 11.473462471831368 ], [ 77.064941088630718, 11.473462471831368 ], [ 77.064941088630718, 11.474001461001848 ], [ 77.064402099460239, 11.474001461001848 ], [ 77.064402099460239, 11.474270955587073 ], [ 77.063863110289759, 11.474270955587073 ], [ 77.063863110289759, 11.474540450172313 ], [ 77.063593615704548, 11.474540450172313 ], [ 77.063593615704548, 11.474809944757553 ], [ 77.06332412111928, 11.474809944757553 ], [ 77.06332412111928, 11.474270955587073 ], [ 77.063054626534068, 11.474270955587073 ], [ 77.063054626534068, 11.474540450172313 ], [ 77.062515637363589, 11.474540450172313 ], [ 77.062515637363589, 11.474270955587073 ], [ 77.061707153607898, 11.474270955587073 ], [ 77.061707153607898, 11.474001461001848 ], [ 77.060898669852151, 11.474001461001848 ], [ 77.060898669852151, 11.473731966416608 ], [ 77.060359680681728, 11.473731966416608 ], [ 77.060359680681728, 11.473462471831368 ], [ 77.05955119692598, 11.473462471831368 ], [ 77.05955119692598, 11.472923482660903 ], [ 77.058473218585021, 11.472923482660903 ], [ 77.058473218585021, 11.473192977246129 ], [ 77.05820372399981, 11.473192977246129 ], [ 77.05820372399981, 11.473731966416608 ], [ 77.05874271317029, 11.473731966416608 ], [ 77.05874271317029, 11.474540450172313 ], [ 77.058473218585021, 11.474540450172313 ], [ 77.058473218585021, 11.474809944757553 ], [ 77.057934229414599, 11.474809944757553 ], [ 77.057934229414599, 11.474540450172313 ], [ 77.057664734829331, 11.474540450172313 ], [ 77.057664734829331, 11.474809944757553 ], [ 77.057395240244119, 11.474809944757553 ], [ 77.057395240244119, 11.475079439342792 ], [ 77.057125745658851, 11.475079439342792 ], [ 77.057125745658851, 11.475348933928018 ], [ 77.05685625107364, 11.475348933928018 ], [ 77.05685625107364, 11.475618428513258 ], [ 77.057395240244119, 11.475618428513258 ], [ 77.057395240244119, 11.475887923098497 ], [ 77.057664734829331, 11.475887923098497 ], [ 77.057664734829331, 11.476157417683723 ], [ 77.057395240244119, 11.476157417683723 ], [ 77.057395240244119, 11.476426912268963 ], [ 77.05631726190316, 11.476426912268963 ], [ 77.05631726190316, 11.476696406854202 ], [ 77.056047767317949, 11.476696406854202 ], [ 77.056047767317949, 11.476965901439442 ], [ 77.055778272732681, 11.476965901439442 ], [ 77.055778272732681, 11.477504890609907 ], [ 77.05550877814747, 11.477504890609907 ], [ 77.05550877814747, 11.477774385195147 ], [ 77.055239283562202, 11.477774385195147 ], [ 77.055239283562202, 11.478043879780387 ], [ 77.055778272732681, 11.478043879780387 ], [ 77.055778272732681, 11.478313374365612 ], [ 77.05631726190316, 11.478313374365612 ], [ 77.05631726190316, 11.478582868950852 ], [ 77.057395240244119, 11.478582868950852 ], [ 77.057395240244119, 11.479121858121317 ], [ 77.057125745658851, 11.479121858121317 ], [ 77.057125745658851, 11.480738825632741 ], [ 77.057395240244119, 11.480738825632741 ], [ 77.057395240244119, 11.482086298558912 ], [ 77.057125745658851, 11.482086298558912 ], [ 77.057125745658851, 11.482355793144151 ], [ 77.05685625107364, 11.482355793144151 ], [ 77.05685625107364, 11.482625287729391 ], [ 77.056586756488372, 11.482625287729391 ], [ 77.056586756488372, 11.483164276899856 ], [ 77.056047767317949, 11.483164276899856 ], [ 77.056047767317949, 11.483433771485096 ], [ 77.05550877814747, 11.483433771485096 ], [ 77.05550877814747, 11.483972760655575 ], [ 77.055239283562202, 11.483972760655575 ], [ 77.055239283562202, 11.484511749826041 ], [ 77.05550877814747, 11.484511749826041 ], [ 77.05550877814747, 11.485589728166985 ], [ 77.05496978897699, 11.485589728166985 ], [ 77.05496978897699, 11.48639821192269 ], [ 77.054700294391722, 11.48639821192269 ], [ 77.054700294391722, 11.48666770650793 ], [ 77.054430799806511, 11.48666770650793 ], [ 77.054430799806511, 11.48693720109317 ], [ 77.053891810636031, 11.48693720109317 ], [ 77.053891810636031, 11.487206695678395 ], [ 77.05362231605082, 11.487206695678395 ], [ 77.05362231605082, 11.48693720109317 ], [ 77.053352821465552, 11.48693720109317 ], [ 77.053352821465552, 11.48666770650793 ], [ 77.052813832295072, 11.48666770650793 ], [ 77.052813832295072, 11.48639821192269 ], [ 77.052544337709861, 11.48639821192269 ], [ 77.052544337709861, 11.487206695678395 ], [ 77.05227484312465, 11.487206695678395 ], [ 77.05227484312465, 11.487745684848875 ], [ 77.052005348539382, 11.487745684848875 ], [ 77.052005348539382, 11.48828467401934 ], [ 77.05173585395417, 11.48828467401934 ], [ 77.05173585395417, 11.48855416860458 ], [ 77.051466359368902, 11.48855416860458 ], [ 77.051466359368902, 11.48882366318982 ], [ 77.051196864783691, 11.48882366318982 ], [ 77.051196864783691, 11.489093157775045 ], [ 77.050927370198423, 11.489093157775045 ], [ 77.050927370198423, 11.489362652360285 ], [ 77.051196864783691, 11.489362652360285 ], [ 77.051196864783691, 11.49017113611599 ], [ 77.050927370198423, 11.49017113611599 ], [ 77.050927370198423, 11.490440630701229 ], [ 77.050657875613211, 11.490440630701229 ], [ 77.050657875613211, 11.490979619871709 ], [ 77.050388381028, 11.490979619871709 ], [ 77.050388381028, 11.491249114456934 ], [ 77.050118886442732, 11.491249114456934 ], [ 77.050118886442732, 11.491788103627414 ], [ 77.049849391857521, 11.491788103627414 ], [ 77.049849391857521, 11.492057598212639 ], [ 77.049579897272253, 11.492057598212639 ], [ 77.049579897272253, 11.492327092797879 ], [ 77.049310402687041, 11.492327092797879 ], [ 77.049310402687041, 11.492596587383119 ], [ 77.049040908101773, 11.492596587383119 ], [ 77.049040908101773, 11.492866081968359 ], [ 77.048771413516562, 11.492866081968359 ], [ 77.048771413516562, 11.493135576553584 ], [ 77.048232424346082, 11.493135576553584 ], [ 77.048232424346082, 11.493674565724064 ], [ 77.04850191893135, 11.493674565724064 ], [ 77.04850191893135, 11.494213554894529 ], [ 77.048771413516562, 11.494213554894529 ], [ 77.048771413516562, 11.494483049479769 ], [ 77.04850191893135, 11.494483049479769 ], [ 77.04850191893135, 11.494752544065008 ], [ 77.049310402687041, 11.494752544065008 ], [ 77.049310402687041, 11.495022038650234 ], [ 77.049579897272253, 11.495022038650234 ], [ 77.049579897272253, 11.495291533235473 ], [ 77.049040908101773, 11.495291533235473 ], [ 77.049040908101773, 11.495561027820713 ], [ 77.047423940590392, 11.495561027820713 ], [ 77.047423940590392, 11.495830522405953 ], [ 77.047962929760871, 11.495830522405953 ], [ 77.047962929760871, 11.496100016991178 ], [ 77.047154446005123, 11.496100016991178 ], [ 77.047154446005123, 11.496639006161658 ], [ 77.046884951419912, 11.496639006161658 ], [ 77.046884951419912, 11.496908500746898 ], [ 77.046615456834644, 11.496908500746898 ], [ 77.046615456834644, 11.497447489917363 ], [ 77.046076467664221, 11.497447489917363 ], [ 77.046076467664221, 11.497986479087828 ], [ 77.045537478493742, 11.497986479087828 ], [ 77.045537478493742, 11.498255973673068 ], [ 77.045267983908474, 11.498255973673068 ], [ 77.045267983908474, 11.498525468258308 ], [ 77.044998489323262, 11.498525468258308 ], [ 77.044998489323262, 11.498794962843547 ], [ 77.044190005567572, 11.498794962843547 ], [ 77.044190005567572, 11.499064457428773 ], [ 77.043651016397092, 11.499064457428773 ], [ 77.043651016397092, 11.499333952014013 ], [ 77.042842532641345, 11.499333952014013 ], [ 77.042842532641345, 11.499872941184492 ], [ 77.042573038056133, 11.499872941184492 ], [ 77.042573038056133, 11.500142435769718 ], [ 77.042842532641345, 11.500142435769718 ], [ 77.042842532641345, 11.500950919525422 ], [ 77.042573038056133, 11.500950919525422 ], [ 77.042573038056133, 11.501220414110662 ], [ 77.042303543470922, 11.501220414110662 ], [ 77.042303543470922, 11.501489908695902 ], [ 77.042573038056133, 11.501489908695902 ], [ 77.042573038056133, 11.502028897866367 ], [ 77.043381521811824, 11.502028897866367 ], [ 77.043381521811824, 11.502298392451607 ], [ 77.043920510982304, 11.502298392451607 ], [ 77.043920510982304, 11.502567887036847 ], [ 77.044459500152783, 11.502567887036847 ], [ 77.044459500152783, 11.503106876207312 ], [ 77.044728994737994, 11.503106876207312 ], [ 77.044728994737994, 11.503376370792552 ], [ 77.044998489323262, 11.503376370792552 ], [ 77.044998489323262, 11.503645865377791 ], [ 77.045267983908474, 11.503645865377791 ], [ 77.045267983908474, 11.503376370792552 ], [ 77.045806973078953, 11.503376370792552 ], [ 77.045806973078953, 11.503645865377791 ], [ 77.046076467664221, 11.503645865377791 ], [ 77.046076467664221, 11.503915359963017 ], [ 77.047154446005123, 11.503915359963017 ], [ 77.047154446005123, 11.503645865377791 ], [ 77.047962929760871, 11.503645865377791 ], [ 77.047962929760871, 11.503915359963017 ], [ 77.047693435175603, 11.503915359963017 ], [ 77.047693435175603, 11.504454349133496 ], [ 77.047154446005123, 11.504454349133496 ], [ 77.047154446005123, 11.504993338303962 ], [ 77.046884951419912, 11.504993338303962 ], [ 77.046884951419912, 11.504723843718736 ], [ 77.045267983908474, 11.504723843718736 ], [ 77.045267983908474, 11.504993338303962 ], [ 77.043651016397092, 11.504993338303962 ], [ 77.043651016397092, 11.505262832889201 ], [ 77.043381521811824, 11.505262832889201 ], [ 77.043381521811824, 11.505532327474441 ], [ 77.043112027226613, 11.505532327474441 ], [ 77.043112027226613, 11.505801822059681 ], [ 77.042842532641345, 11.505801822059681 ], [ 77.042842532641345, 11.506071316644906 ], [ 77.042573038056133, 11.506071316644906 ], [ 77.042573038056133, 11.506340811230146 ], [ 77.042034048885654, 11.506340811230146 ], [ 77.042034048885654, 11.506610305815386 ], [ 77.041225565129963, 11.506610305815386 ], [ 77.041225565129963, 11.506879800400611 ], [ 77.040417081374272, 11.506879800400611 ], [ 77.040417081374272, 11.507149294985851 ], [ 77.041495059715174, 11.507149294985851 ], [ 77.041495059715174, 11.507418789571091 ], [ 77.042034048885654, 11.507418789571091 ], [ 77.042034048885654, 11.507957778741556 ], [ 77.041495059715174, 11.507957778741556 ], [ 77.041495059715174, 11.508227273326796 ], [ 77.041225565129963, 11.508227273326796 ], [ 77.041225565129963, 11.508496767912035 ], [ 77.040956070544695, 11.508496767912035 ], [ 77.040956070544695, 11.508766262497275 ], [ 77.041225565129963, 11.508766262497275 ], [ 77.041225565129963, 11.509035757082501 ], [ 77.040956070544695, 11.509035757082501 ], [ 77.040956070544695, 11.50930525166774 ], [ 77.041495059715174, 11.50930525166774 ], [ 77.041495059715174, 11.509035757082501 ], [ 77.042034048885654, 11.509035757082501 ], [ 77.042034048885654, 11.508766262497275 ], [ 77.042573038056133, 11.508766262497275 ], [ 77.042573038056133, 11.508227273326796 ], [ 77.042842532641345, 11.508227273326796 ], [ 77.042842532641345, 11.507957778741556 ], [ 77.043112027226613, 11.507957778741556 ], [ 77.043112027226613, 11.50768828415633 ], [ 77.043920510982304, 11.50768828415633 ], [ 77.043920510982304, 11.507418789571091 ], [ 77.044459500152783, 11.507418789571091 ], [ 77.044459500152783, 11.507149294985851 ], [ 77.044998489323262, 11.507149294985851 ], [ 77.044998489323262, 11.506879800400611 ], [ 77.045537478493742, 11.506879800400611 ], [ 77.045537478493742, 11.506610305815386 ], [ 77.047154446005123, 11.506610305815386 ], [ 77.047154446005123, 11.507149294985851 ], [ 77.046884951419912, 11.507149294985851 ], [ 77.046884951419912, 11.507418789571091 ], [ 77.046615456834644, 11.507418789571091 ], [ 77.046615456834644, 11.50768828415633 ], [ 77.046076467664221, 11.50768828415633 ], [ 77.046076467664221, 11.507957778741556 ], [ 77.045806973078953, 11.507957778741556 ], [ 77.045806973078953, 11.508227273326796 ], [ 77.044998489323262, 11.508227273326796 ], [ 77.044998489323262, 11.508496767912035 ], [ 77.044459500152783, 11.508496767912035 ], [ 77.044459500152783, 11.508766262497275 ], [ 77.043651016397092, 11.508766262497275 ], [ 77.043651016397092, 11.50930525166774 ], [ 77.043381521811824, 11.50930525166774 ], [ 77.043381521811824, 11.50957474625298 ], [ 77.043651016397092, 11.50957474625298 ], [ 77.043651016397092, 11.509844240838206 ], [ 77.044190005567572, 11.509844240838206 ], [ 77.044190005567572, 11.50957474625298 ], [ 77.044728994737994, 11.50957474625298 ], [ 77.044728994737994, 11.50930525166774 ], [ 77.045537478493742, 11.50930525166774 ], [ 77.045537478493742, 11.509035757082501 ], [ 77.046076467664221, 11.509035757082501 ], [ 77.046076467664221, 11.508766262497275 ], [ 77.046345962249433, 11.508766262497275 ], [ 77.046345962249433, 11.508227273326796 ], [ 77.046884951419912, 11.508227273326796 ], [ 77.046884951419912, 11.508496767912035 ], [ 77.047154446005123, 11.508496767912035 ], [ 77.047154446005123, 11.508227273326796 ], [ 77.047423940590392, 11.508227273326796 ], [ 77.047423940590392, 11.508496767912035 ], [ 77.047693435175603, 11.508496767912035 ], [ 77.047693435175603, 11.508766262497275 ], [ 77.049040908101773, 11.508766262497275 ], [ 77.049040908101773, 11.509035757082501 ], [ 77.049310402687041, 11.509035757082501 ], [ 77.049310402687041, 11.508766262497275 ], [ 77.049579897272253, 11.508766262497275 ], [ 77.049579897272253, 11.508496767912035 ], [ 77.049849391857521, 11.508496767912035 ], [ 77.049849391857521, 11.507957778741556 ], [ 77.050118886442732, 11.507957778741556 ], [ 77.050118886442732, 11.50768828415633 ], [ 77.050388381028, 11.50768828415633 ], [ 77.050388381028, 11.506879800400611 ], [ 77.049849391857521, 11.506879800400611 ], [ 77.049849391857521, 11.507149294985851 ], [ 77.049579897272253, 11.507149294985851 ], [ 77.049579897272253, 11.506879800400611 ], [ 77.049310402687041, 11.506879800400611 ], [ 77.049310402687041, 11.506610305815386 ], [ 77.049849391857521, 11.506610305815386 ], [ 77.049849391857521, 11.506340811230146 ], [ 77.050118886442732, 11.506340811230146 ], [ 77.050118886442732, 11.505801822059681 ], [ 77.050388381028, 11.505801822059681 ], [ 77.050388381028, 11.506071316644906 ], [ 77.050657875613211, 11.506071316644906 ], [ 77.050657875613211, 11.505801822059681 ], [ 77.050927370198423, 11.505801822059681 ], [ 77.050927370198423, 11.505532327474441 ], [ 77.051196864783691, 11.505532327474441 ], [ 77.051196864783691, 11.506071316644906 ], [ 77.051466359368902, 11.506071316644906 ], [ 77.051466359368902, 11.505532327474441 ], [ 77.05173585395417, 11.505532327474441 ], [ 77.05173585395417, 11.505262832889201 ], [ 77.052005348539382, 11.505262832889201 ], [ 77.052005348539382, 11.504454349133496 ], [ 77.05173585395417, 11.504454349133496 ], [ 77.05173585395417, 11.503915359963017 ], [ 77.051196864783691, 11.503915359963017 ], [ 77.051196864783691, 11.503645865377791 ], [ 77.051466359368902, 11.503645865377791 ], [ 77.051466359368902, 11.503376370792552 ], [ 77.05173585395417, 11.503376370792552 ], [ 77.05173585395417, 11.503106876207312 ], [ 77.052005348539382, 11.503106876207312 ], [ 77.052005348539382, 11.502837381622086 ], [ 77.05227484312465, 11.502837381622086 ], [ 77.05227484312465, 11.502028897866367 ], [ 77.052005348539382, 11.502028897866367 ], [ 77.052005348539382, 11.501759403281142 ], [ 77.051466359368902, 11.501759403281142 ], [ 77.051466359368902, 11.501489908695902 ], [ 77.050927370198423, 11.501489908695902 ], [ 77.050927370198423, 11.501220414110662 ], [ 77.050657875613211, 11.501220414110662 ], [ 77.050657875613211, 11.500950919525422 ], [ 77.049849391857521, 11.500950919525422 ], [ 77.049849391857521, 11.500681424940197 ], [ 77.049579897272253, 11.500681424940197 ], [ 77.049579897272253, 11.500411930354957 ], [ 77.049310402687041, 11.500411930354957 ], [ 77.049310402687041, 11.499333952014013 ], [ 77.049849391857521, 11.499333952014013 ], [ 77.049849391857521, 11.499603446599252 ], [ 77.050118886442732, 11.499603446599252 ], [ 77.050118886442732, 11.499872941184492 ], [ 77.050388381028, 11.499872941184492 ], [ 77.050388381028, 11.499333952014013 ], [ 77.050118886442732, 11.499333952014013 ], [ 77.050118886442732, 11.499064457428773 ], [ 77.049040908101773, 11.499064457428773 ], [ 77.049040908101773, 11.498794962843547 ], [ 77.049310402687041, 11.498794962843547 ], [ 77.049310402687041, 11.498525468258308 ], [ 77.049040908101773, 11.498525468258308 ], [ 77.049040908101773, 11.497716984502603 ], [ 77.049310402687041, 11.497716984502603 ], [ 77.049310402687041, 11.497447489917363 ], [ 77.049849391857521, 11.497447489917363 ], [ 77.049849391857521, 11.497716984502603 ], [ 77.049579897272253, 11.497716984502603 ], [ 77.049579897272253, 11.497986479087828 ], [ 77.049849391857521, 11.497986479087828 ], [ 77.049849391857521, 11.498794962843547 ], [ 77.050657875613211, 11.498794962843547 ], [ 77.050657875613211, 11.499064457428773 ], [ 77.050927370198423, 11.499064457428773 ], [ 77.050927370198423, 11.498525468258308 ], [ 77.051196864783691, 11.498525468258308 ], [ 77.051196864783691, 11.499064457428773 ], [ 77.051466359368902, 11.499064457428773 ], [ 77.051466359368902, 11.498794962843547 ], [ 77.05173585395417, 11.498794962843547 ], [ 77.05173585395417, 11.499872941184492 ], [ 77.05227484312465, 11.499872941184492 ], [ 77.05227484312465, 11.500411930354957 ], [ 77.05173585395417, 11.500411930354957 ], [ 77.05173585395417, 11.500681424940197 ], [ 77.052544337709861, 11.500681424940197 ], [ 77.052544337709861, 11.500411930354957 ], [ 77.053083326880341, 11.500411930354957 ], [ 77.053083326880341, 11.500950919525422 ], [ 77.053352821465552, 11.500950919525422 ], [ 77.053352821465552, 11.500681424940197 ], [ 77.05362231605082, 11.500681424940197 ], [ 77.05362231605082, 11.501489908695902 ], [ 77.053891810636031, 11.501489908695902 ], [ 77.053891810636031, 11.501759403281142 ], [ 77.054700294391722, 11.501759403281142 ], [ 77.054700294391722, 11.502028897866367 ], [ 77.055239283562202, 11.502028897866367 ], [ 77.055239283562202, 11.502298392451607 ], [ 77.056047767317949, 11.502298392451607 ], [ 77.056047767317949, 11.501759403281142 ], [ 77.056586756488372, 11.501759403281142 ], [ 77.056586756488372, 11.501489908695902 ], [ 77.05685625107364, 11.501489908695902 ], [ 77.05685625107364, 11.501220414110662 ], [ 77.057125745658851, 11.501220414110662 ], [ 77.057125745658851, 11.500142435769718 ], [ 77.057395240244119, 11.500142435769718 ], [ 77.057395240244119, 11.499872941184492 ], [ 77.057125745658851, 11.499872941184492 ], [ 77.057125745658851, 11.499333952014013 ], [ 77.057395240244119, 11.499333952014013 ], [ 77.057395240244119, 11.499064457428773 ], [ 77.057934229414599, 11.499064457428773 ], [ 77.057934229414599, 11.498794962843547 ], [ 77.05955119692598, 11.498794962843547 ], [ 77.05955119692598, 11.498525468258308 ], [ 77.059820691511248, 11.498525468258308 ], [ 77.059820691511248, 11.498255973673068 ], [ 77.060898669852151, 11.498255973673068 ], [ 77.060898669852151, 11.497716984502603 ], [ 77.061168164437419, 11.497716984502603 ], [ 77.061168164437419, 11.497447489917363 ], [ 77.06143765902263, 11.497447489917363 ], [ 77.06143765902263, 11.496639006161658 ], [ 77.061707153607898, 11.496639006161658 ], [ 77.061707153607898, 11.495561027820713 ], [ 77.061168164437419, 11.495561027820713 ], [ 77.061168164437419, 11.494752544065008 ], [ 77.060898669852151, 11.494752544065008 ], [ 77.060898669852151, 11.494213554894529 ], [ 77.060629175266939, 11.494213554894529 ], [ 77.060629175266939, 11.493674565724064 ], [ 77.060359680681728, 11.493674565724064 ], [ 77.060359680681728, 11.492596587383119 ], [ 77.060629175266939, 11.492596587383119 ], [ 77.060629175266939, 11.492327092797879 ], [ 77.060898669852151, 11.492327092797879 ], [ 77.060898669852151, 11.492057598212639 ], [ 77.061168164437419, 11.492057598212639 ], [ 77.061168164437419, 11.491788103627414 ], [ 77.062246142778378, 11.491788103627414 ], [ 77.062246142778378, 11.491518609042174 ], [ 77.062515637363589, 11.491518609042174 ], [ 77.062515637363589, 11.491788103627414 ], [ 77.063054626534068, 11.491788103627414 ], [ 77.063054626534068, 11.491518609042174 ], [ 77.064132604875027, 11.491518609042174 ], [ 77.064132604875027, 11.491249114456934 ], [ 77.06467159404545, 11.491249114456934 ], [ 77.06467159404545, 11.490979619871709 ], [ 77.064941088630718, 11.490979619871709 ], [ 77.064941088630718, 11.490710125286469 ], [ 77.066019066971677, 11.490710125286469 ], [ 77.066019066971677, 11.491788103627414 ], [ 77.065749572386409, 11.491788103627414 ], [ 77.065749572386409, 11.492596587383119 ], [ 77.065480077801197, 11.492596587383119 ], [ 77.065480077801197, 11.493135576553584 ], [ 77.065210583215929, 11.493135576553584 ], [ 77.065210583215929, 11.493674565724064 ], [ 77.064941088630718, 11.493674565724064 ], [ 77.064941088630718, 11.495022038650234 ], [ 77.06467159404545, 11.495022038650234 ], [ 77.06467159404545, 11.495291533235473 ], [ 77.064941088630718, 11.495291533235473 ], [ 77.064941088630718, 11.495830522405953 ], [ 77.065210583215929, 11.495830522405953 ], [ 77.065210583215929, 11.496100016991178 ], [ 77.065480077801197, 11.496100016991178 ], [ 77.065480077801197, 11.496369511576418 ], [ 77.065210583215929, 11.496369511576418 ], [ 77.065210583215929, 11.496639006161658 ], [ 77.065480077801197, 11.496639006161658 ], [ 77.065480077801197, 11.496908500746898 ], [ 77.065749572386409, 11.496908500746898 ], [ 77.065749572386409, 11.497177995332123 ], [ 77.066019066971677, 11.497177995332123 ], [ 77.066019066971677, 11.497447489917363 ], [ 77.065749572386409, 11.497447489917363 ], [ 77.065749572386409, 11.498794962843547 ], [ 77.065480077801197, 11.498794962843547 ], [ 77.065480077801197, 11.499064457428773 ], [ 77.065749572386409, 11.499064457428773 ], [ 77.065749572386409, 11.499333952014013 ], [ 77.065480077801197, 11.499333952014013 ], [ 77.065480077801197, 11.500142435769718 ], [ 77.065210583215929, 11.500142435769718 ], [ 77.065210583215929, 11.500411930354957 ], [ 77.064941088630718, 11.500411930354957 ], [ 77.064941088630718, 11.500950919525422 ], [ 77.0665580561421, 11.500950919525422 ], [ 77.0665580561421, 11.500681424940197 ], [ 77.067097045312579, 11.500681424940197 ], [ 77.067097045312579, 11.500411930354957 ], [ 77.066827550727368, 11.500411930354957 ], [ 77.066827550727368, 11.499603446599252 ], [ 77.067366539897847, 11.499603446599252 ], [ 77.067366539897847, 11.499872941184492 ], [ 77.067636034483058, 11.499872941184492 ], [ 77.067636034483058, 11.499603446599252 ], [ 77.068175023653538, 11.499603446599252 ], [ 77.068175023653538, 11.499872941184492 ], [ 77.068444518238749, 11.499872941184492 ], [ 77.068444518238749, 11.499603446599252 ], [ 77.068983507409229, 11.499603446599252 ], [ 77.068983507409229, 11.499872941184492 ], [ 77.069253001994497, 11.499872941184492 ], [ 77.069253001994497, 11.499603446599252 ], [ 77.069791991164976, 11.499603446599252 ], [ 77.069791991164976, 11.499064457428773 ], [ 77.069522496579708, 11.499064457428773 ], [ 77.069522496579708, 11.498794962843547 ], [ 77.068983507409229, 11.498794962843547 ], [ 77.068983507409229, 11.498525468258308 ], [ 77.069253001994497, 11.498525468258308 ], [ 77.069253001994497, 11.497716984502603 ], [ 77.068983507409229, 11.497716984502603 ], [ 77.068983507409229, 11.497447489917363 ], [ 77.069253001994497, 11.497447489917363 ], [ 77.069253001994497, 11.497177995332123 ], [ 77.069791991164976, 11.497177995332123 ], [ 77.069791991164976, 11.496908500746898 ], [ 77.070061485750188, 11.496908500746898 ], [ 77.070061485750188, 11.496639006161658 ], [ 77.071139464091146, 11.496639006161658 ], [ 77.071139464091146, 11.496369511576418 ], [ 77.071408958676358, 11.496369511576418 ], [ 77.071408958676358, 11.495830522405953 ], [ 77.071678453261626, 11.495830522405953 ], [ 77.071678453261626, 11.495561027820713 ], [ 77.071947947846837, 11.495561027820713 ], [ 77.071947947846837, 11.495291533235473 ], [ 77.072217442432105, 11.495291533235473 ], [ 77.072217442432105, 11.495022038650234 ], [ 77.072486937017317, 11.495022038650234 ], [ 77.072486937017317, 11.494752544065008 ], [ 77.072756431602528, 11.494752544065008 ], [ 77.072756431602528, 11.494483049479769 ], [ 77.073025926187796, 11.494483049479769 ], [ 77.073025926187796, 11.494213554894529 ], [ 77.074642893699178, 11.494213554894529 ], [ 77.074642893699178, 11.494483049479769 ], [ 77.076259861210616, 11.494483049479769 ], [ 77.076259861210616, 11.494213554894529 ], [ 77.077068344966307, 11.494213554894529 ], [ 77.077068344966307, 11.494483049479769 ], [ 77.077337839551575, 11.494483049479769 ], [ 77.077337839551575, 11.493674565724064 ], [ 77.077607334136786, 11.493674565724064 ], [ 77.077607334136786, 11.493405071138824 ], [ 77.077337839551575, 11.493405071138824 ], [ 77.077337839551575, 11.493135576553584 ], [ 77.077607334136786, 11.493135576553584 ], [ 77.077607334136786, 11.492866081968359 ], [ 77.078146323307266, 11.492866081968359 ], [ 77.078146323307266, 11.492596587383119 ], [ 77.079224301648225, 11.492596587383119 ], [ 77.079224301648225, 11.492866081968359 ], [ 77.079493796233436, 11.492866081968359 ], [ 77.079493796233436, 11.493135576553584 ], [ 77.079763290818704, 11.493135576553584 ], [ 77.079763290818704, 11.493405071138824 ], [ 77.080571774574395, 11.493405071138824 ], [ 77.080571774574395, 11.493674565724064 ], [ 77.081380258330086, 11.493674565724064 ], [ 77.081380258330086, 11.493405071138824 ], [ 77.081649752915354, 11.493405071138824 ], [ 77.081649752915354, 11.493135576553584 ], [ 77.082188742085776, 11.493135576553584 ], [ 77.082188742085776, 11.493405071138824 ], [ 77.082458236671044, 11.493405071138824 ], [ 77.082458236671044, 11.493135576553584 ], [ 77.082997225841524, 11.493135576553584 ], [ 77.082997225841524, 11.492866081968359 ], [ 77.083266720426735, 11.492866081968359 ], [ 77.083266720426735, 11.492596587383119 ], [ 77.083536215012003, 11.492596587383119 ], [ 77.083536215012003, 11.492866081968359 ], [ 77.083805709597215, 11.492866081968359 ], [ 77.083805709597215, 11.492057598212639 ], [ 77.083536215012003, 11.492057598212639 ], [ 77.083536215012003, 11.491788103627414 ], [ 77.083805709597215, 11.491788103627414 ], [ 77.083805709597215, 11.491249114456934 ], [ 77.084344698767694, 11.491249114456934 ], [ 77.084344698767694, 11.490979619871709 ], [ 77.084614193352905, 11.490979619871709 ], [ 77.084614193352905, 11.491249114456934 ], [ 77.085153182523385, 11.491249114456934 ], [ 77.085153182523385, 11.490440630701229 ], [ 77.084883687938174, 11.490440630701229 ], [ 77.084883687938174, 11.490710125286469 ], [ 77.084614193352905, 11.490710125286469 ], [ 77.084614193352905, 11.490440630701229 ], [ 77.084344698767694, 11.490440630701229 ], [ 77.084344698767694, 11.489901641530764 ], [ 77.084075204182483, 11.489901641530764 ], [ 77.084075204182483, 11.489632146945524 ], [ 77.084344698767694, 11.489632146945524 ], [ 77.084344698767694, 11.489093157775045 ], [ 77.083805709597215, 11.489093157775045 ], [ 77.083805709597215, 11.48882366318982 ], [ 77.083536215012003, 11.48882366318982 ], [ 77.083536215012003, 11.48855416860458 ], [ 77.083266720426735, 11.48855416860458 ], [ 77.083266720426735, 11.487745684848875 ], [ 77.083536215012003, 11.487745684848875 ], [ 77.083536215012003, 11.487476190263635 ], [ 77.083266720426735, 11.487476190263635 ], [ 77.083266720426735, 11.487206695678395 ], [ 77.082997225841524, 11.487206695678395 ], [ 77.082997225841524, 11.48693720109317 ], [ 77.083266720426735, 11.48693720109317 ], [ 77.083266720426735, 11.48666770650793 ], [ 77.083536215012003, 11.48666770650793 ], [ 77.083536215012003, 11.48639821192269 ], [ 77.083805709597215, 11.48639821192269 ], [ 77.083805709597215, 11.486128717337451 ], [ 77.084075204182483, 11.486128717337451 ], [ 77.084075204182483, 11.485859222752225 ], [ 77.085422677108653, 11.485859222752225 ], [ 77.085422677108653, 11.486128717337451 ], [ 77.086500655449555, 11.486128717337451 ], [ 77.086500655449555, 11.48639821192269 ], [ 77.087309139205303, 11.48639821192269 ], [ 77.087309139205303, 11.48693720109317 ], [ 77.087578633790514, 11.48693720109317 ], [ 77.087578633790514, 11.48666770650793 ], [ 77.087848128375782, 11.48666770650793 ], [ 77.087848128375782, 11.487206695678395 ], [ 77.088117622960993, 11.487206695678395 ], [ 77.088117622960993, 11.487476190263635 ], [ 77.088656612131473, 11.487476190263635 ], [ 77.088656612131473, 11.487745684848875 ], [ 77.088387117546205, 11.487745684848875 ], [ 77.088387117546205, 11.48828467401934 ], [ 77.088656612131473, 11.48828467401934 ], [ 77.088656612131473, 11.48882366318982 ], [ 77.088926106716684, 11.48882366318982 ], [ 77.088926106716684, 11.489362652360285 ], [ 77.090543074228123, 11.489362652360285 ], [ 77.090543074228123, 11.489093157775045 ], [ 77.091621052569081, 11.489093157775045 ], [ 77.091621052569081, 11.48882366318982 ], [ 77.092160041739504, 11.48882366318982 ], [ 77.092160041739504, 11.48828467401934 ], [ 77.093777009250942, 11.48828467401934 ], [ 77.093777009250942, 11.488015179434115 ], [ 77.094315998421422, 11.488015179434115 ], [ 77.094315998421422, 11.487745684848875 ], [ 77.09593296593286, 11.487745684848875 ], [ 77.09593296593286, 11.487476190263635 ], [ 77.096741449688551, 11.487476190263635 ], [ 77.096741449688551, 11.487206695678395 ], [ 77.097010944273762, 11.487206695678395 ], [ 77.097010944273762, 11.48666770650793 ], [ 77.097549933444242, 11.48666770650793 ], [ 77.097549933444242, 11.486128717337451 ], [ 77.098088922614721, 11.486128717337451 ], [ 77.098088922614721, 11.485859222752225 ], [ 77.098358417199933, 11.485859222752225 ], [ 77.098358417199933, 11.48478124441128 ], [ 77.098627911785201, 11.48478124441128 ], [ 77.098627911785201, 11.484242255240801 ], [ 77.098897406370412, 11.484242255240801 ], [ 77.098897406370412, 11.483972760655575 ], [ 77.09916690095568, 11.483972760655575 ], [ 77.09916690095568, 11.483433771485096 ], [ 77.099436395540891, 11.483433771485096 ], [ 77.099436395540891, 11.482894782314631 ], [ 77.09970589012616, 11.482894782314631 ], [ 77.09970589012616, 11.482086298558912 ], [ 77.099975384711371, 11.482086298558912 ], [ 77.099975384711371, 11.480469331047502 ], [ 77.100244879296582, 11.480469331047502 ], [ 77.100244879296582, 11.477774385195147 ], [ 77.10051437388185, 11.477774385195147 ], [ 77.10051437388185, 11.476696406854202 ], [ 77.100244879296582, 11.476696406854202 ], [ 77.100244879296582, 11.476426912268963 ], [ 77.10051437388185, 11.476426912268963 ], [ 77.10051437388185, 11.476157417683723 ], [ 77.101322857637541, 11.476157417683723 ], [ 77.101322857637541, 11.475887923098497 ], [ 77.101592352222809, 11.475887923098497 ], [ 77.101592352222809, 11.475618428513258 ], [ 77.102131341393232, 11.475618428513258 ], [ 77.102131341393232, 11.475079439342792 ], [ 77.102670330563711, 11.475079439342792 ], [ 77.102670330563711, 11.474809944757553 ], [ 77.103209319734191, 11.474809944757553 ], [ 77.103209319734191, 11.474540450172313 ], [ 77.103478814319459, 11.474540450172313 ], [ 77.103478814319459, 11.473731966416608 ], [ 77.104826287245629, 11.473731966416608 ], [ 77.104826287245629, 11.473462471831368 ], [ 77.10563477100132, 11.473462471831368 ], [ 77.10563477100132, 11.473192977246129 ], [ 77.10698224392749, 11.473192977246129 ], [ 77.10698224392749, 11.472923482660903 ], [ 77.107790727683238, 11.472923482660903 ], [ 77.107790727683238, 11.472653988075663 ], [ 77.10886870602414, 11.472653988075663 ], [ 77.10886870602414, 11.472384493490424 ], [ 77.109677189779887, 11.472384493490424 ], [ 77.109677189779887, 11.472114998905198 ], [ 77.110755168120789, 11.472114998905198 ], [ 77.110755168120789, 11.471845504319958 ], [ 77.111833146461748, 11.471845504319958 ], [ 77.111833146461748, 11.471576009734719 ], [ 77.112641630217439, 11.471576009734719 ], [ 77.112641630217439, 11.471306515149479 ], [ 77.112911124802707, 11.471306515149479 ], [ 77.112911124802707, 11.471037020564253 ], [ 77.113719608558398, 11.471037020564253 ], [ 77.113719608558398, 11.470767525979014 ], [ 77.114258597728877, 11.470767525979014 ], [ 77.114258597728877, 11.470228536808534 ], [ 77.114797586899357, 11.470228536808534 ], [ 77.114797586899357, 11.469959042223309 ], [ 77.115336576069836, 11.469959042223309 ], [ 77.115336576069836, 11.469689547638069 ], [ 77.116145059825527, 11.469689547638069 ], [ 77.116145059825527, 11.469420053052829 ], [ 77.119378994848347, 11.469420053052829 ], [ 77.119378994848347, 11.469150558467604 ], [ 77.120726467774517, 11.469150558467604 ], [ 77.120726467774517, 11.468881063882364 ], [ 77.121534951530265, 11.468881063882364 ], [ 77.121534951530265, 11.468611569297124 ], [ 77.122343435285956, 11.468611569297124 ], [ 77.122343435285956, 11.468342074711884 ], [ 77.123690908212126, 11.468342074711884 ], [ 77.123690908212126, 11.468611569297124 ], [ 77.123960402797337, 11.468611569297124 ], [ 77.123960402797337, 11.468072580126659 ], [ 77.124229897382605, 11.468072580126659 ], [ 77.124229897382605, 11.467803085541419 ], [ 77.124768886553085, 11.467803085541419 ], [ 77.124768886553085, 11.46753359095618 ], [ 77.125038381138296, 11.46753359095618 ], [ 77.125038381138296, 11.468072580126659 ], [ 77.125846864893987, 11.468072580126659 ], [ 77.125846864893987, 11.467803085541419 ], [ 77.126655348649734, 11.467803085541419 ], [ 77.126655348649734, 11.46753359095618 ], [ 77.126116359479255, 11.46753359095618 ], [ 77.126116359479255, 11.466994601785714 ], [ 77.125846864893987, 11.466994601785714 ], [ 77.125846864893987, 11.466725107200475 ], [ 77.125577370308775, 11.466725107200475 ], [ 77.125577370308775, 11.466455612615235 ], [ 77.125846864893987, 11.466455612615235 ], [ 77.125846864893987, 11.46591662344477 ], [ 77.126116359479255, 11.46591662344477 ], [ 77.126116359479255, 11.46537763427429 ], [ 77.126385854064466, 11.46537763427429 ], [ 77.126385854064466, 11.465108139689065 ], [ 77.126655348649734, 11.465108139689065 ], [ 77.126655348649734, 11.464299655933345 ], [ 77.126924843234946, 11.464299655933345 ], [ 77.126924843234946, 11.46403016134812 ], [ 77.126655348649734, 11.46403016134812 ], [ 77.126655348649734, 11.46376066676288 ], [ 77.126385854064466, 11.46376066676288 ], [ 77.126385854064466, 11.46349117217764 ], [ 77.125577370308775, 11.46349117217764 ], [ 77.125577370308775, 11.462682688421935 ], [ 77.125307875723564, 11.462682688421935 ], [ 77.125307875723564, 11.462413193836696 ], [ 77.126116359479255, 11.462413193836696 ], [ 77.126116359479255, 11.46214369925147 ], [ 77.125846864893987, 11.46214369925147 ], [ 77.125846864893987, 11.461874204666231 ], [ 77.126385854064466, 11.461874204666231 ], [ 77.126385854064466, 11.461604710080991 ], [ 77.125846864893987, 11.461604710080991 ], [ 77.125846864893987, 11.460526731740046 ], [ 77.125307875723564, 11.460526731740046 ], [ 77.125307875723564, 11.459987742569581 ], [ 77.126116359479255, 11.459987742569581 ], [ 77.126116359479255, 11.460257237154821 ], [ 77.126655348649734, 11.460257237154821 ], [ 77.126655348649734, 11.461065720910526 ], [ 77.126924843234946, 11.461065720910526 ], [ 77.126924843234946, 11.460257237154821 ], [ 77.127194337820214, 11.460257237154821 ], [ 77.127194337820214, 11.459718247984341 ], [ 77.127463832405425, 11.459718247984341 ], [ 77.127463832405425, 11.459448753399101 ], [ 77.127194337820214, 11.459448753399101 ], [ 77.127194337820214, 11.459179258813876 ], [ 77.126924843234946, 11.459179258813876 ], [ 77.126924843234946, 11.458909764228636 ], [ 77.126655348649734, 11.458909764228636 ], [ 77.126655348649734, 11.458640269643396 ], [ 77.126385854064466, 11.458640269643396 ], [ 77.126385854064466, 11.458370775058157 ], [ 77.126924843234946, 11.458370775058157 ], [ 77.126924843234946, 11.458640269643396 ], [ 77.127194337820214, 11.458640269643396 ], [ 77.127194337820214, 11.458101280472931 ], [ 77.127463832405425, 11.458101280472931 ], [ 77.127463832405425, 11.457831785887691 ], [ 77.126385854064466, 11.457831785887691 ], [ 77.126385854064466, 11.457562291302452 ], [ 77.126655348649734, 11.457562291302452 ], [ 77.126655348649734, 11.457023302131986 ], [ 77.127194337820214, 11.457023302131986 ], [ 77.127194337820214, 11.456753807546747 ], [ 77.126924843234946, 11.456753807546747 ], [ 77.126924843234946, 11.456484312961507 ], [ 77.127463832405425, 11.456484312961507 ], [ 77.127463832405425, 11.455945323791042 ], [ 77.128272316161116, 11.455945323791042 ], [ 77.128272316161116, 11.455675829205802 ], [ 77.128541810746384, 11.455675829205802 ], [ 77.128541810746384, 11.455406334620562 ], [ 77.128272316161116, 11.455406334620562 ], [ 77.128272316161116, 11.455136840035337 ], [ 77.128541810746384, 11.455136840035337 ], [ 77.128541810746384, 11.454597850864857 ], [ 77.128272316161116, 11.454597850864857 ], [ 77.128272316161116, 11.454867345450097 ], [ 77.128002821575905, 11.454867345450097 ], [ 77.128002821575905, 11.454597850864857 ], [ 77.126116359479255, 11.454597850864857 ], [ 77.126116359479255, 11.454867345450097 ], [ 77.125038381138296, 11.454867345450097 ], [ 77.125038381138296, 11.454597850864857 ], [ 77.124768886553085, 11.454597850864857 ], [ 77.124768886553085, 11.453789367109152 ], [ 77.125307875723564, 11.453789367109152 ], [ 77.125307875723564, 11.453519872523913 ], [ 77.127194337820214, 11.453519872523913 ], [ 77.127194337820214, 11.453250377938687 ], [ 77.128002821575905, 11.453250377938687 ], [ 77.128002821575905, 11.452980883353447 ], [ 77.127733326990636, 11.452980883353447 ], [ 77.127733326990636, 11.452441894182968 ], [ 77.128272316161116, 11.452441894182968 ], [ 77.128272316161116, 11.452172399597742 ], [ 77.128541810746384, 11.452172399597742 ], [ 77.128541810746384, 11.451902905012503 ], [ 77.128811305331595, 11.451902905012503 ], [ 77.128811305331595, 11.451363915842037 ], [ 77.128541810746384, 11.451363915842037 ], [ 77.128541810746384, 11.451094421256798 ], [ 77.128002821575905, 11.451094421256798 ], [ 77.128002821575905, 11.451363915842037 ], [ 77.126924843234946, 11.451363915842037 ], [ 77.126924843234946, 11.451094421256798 ], [ 77.127194337820214, 11.451094421256798 ], [ 77.127194337820214, 11.450016442915853 ], [ 77.128272316161116, 11.450016442915853 ], [ 77.128272316161116, 11.449746948330613 ], [ 77.128541810746384, 11.449746948330613 ], [ 77.128541810746384, 11.449207959160148 ], [ 77.128811305331595, 11.449207959160148 ], [ 77.128811305331595, 11.448938464574908 ], [ 77.129080799916863, 11.448938464574908 ], [ 77.129080799916863, 11.448668969989669 ], [ 77.128541810746384, 11.448668969989669 ], [ 77.128541810746384, 11.448399475404443 ], [ 77.128272316161116, 11.448399475404443 ], [ 77.128272316161116, 11.448129980819203 ], [ 77.128541810746384, 11.448129980819203 ], [ 77.128541810746384, 11.447860486233964 ], [ 77.128811305331595, 11.447860486233964 ], [ 77.128811305331595, 11.447052002478259 ], [ 77.128541810746384, 11.447052002478259 ], [ 77.128541810746384, 11.446782507893019 ], [ 77.128272316161116, 11.446782507893019 ], [ 77.128272316161116, 11.446513013307779 ], [ 77.127733326990636, 11.446513013307779 ], [ 77.127733326990636, 11.445704529552074 ], [ 77.127463832405425, 11.445704529552074 ], [ 77.127463832405425, 11.445435034966849 ], [ 77.127733326990636, 11.445435034966849 ], [ 77.127733326990636, 11.445165540381609 ], [ 77.127194337820214, 11.445165540381609 ], [ 77.127194337820214, 11.445704529552074 ], [ 77.126655348649734, 11.445704529552074 ], [ 77.126655348649734, 11.445435034966849 ], [ 77.126385854064466, 11.445435034966849 ], [ 77.126385854064466, 11.445974024137314 ], [ 77.126116359479255, 11.445974024137314 ], [ 77.126116359479255, 11.445165540381609 ], [ 77.125846864893987, 11.445165540381609 ], [ 77.125846864893987, 11.445974024137314 ], [ 77.125307875723564, 11.445974024137314 ], [ 77.125307875723564, 11.446513013307779 ], [ 77.125577370308775, 11.446513013307779 ], [ 77.125577370308775, 11.446782507893019 ], [ 77.125307875723564, 11.446782507893019 ], [ 77.125307875723564, 11.447052002478259 ], [ 77.125577370308775, 11.447052002478259 ], [ 77.125577370308775, 11.447860486233964 ], [ 77.125307875723564, 11.447860486233964 ], [ 77.125307875723564, 11.448129980819203 ], [ 77.125038381138296, 11.448129980819203 ], [ 77.125038381138296, 11.448399475404443 ], [ 77.124768886553085, 11.448399475404443 ], [ 77.124768886553085, 11.448668969989669 ], [ 77.124499391967817, 11.448668969989669 ], [ 77.124499391967817, 11.448938464574908 ], [ 77.124229897382605, 11.448938464574908 ], [ 77.124229897382605, 11.448668969989669 ], [ 77.123690908212126, 11.448668969989669 ], [ 77.123690908212126, 11.449207959160148 ], [ 77.123421413626915, 11.449207959160148 ], [ 77.123421413626915, 11.448938464574908 ], [ 77.123151919041646, 11.448938464574908 ], [ 77.123151919041646, 11.448668969989669 ], [ 77.122612929871167, 11.448668969989669 ], [ 77.122612929871167, 11.448938464574908 ], [ 77.122343435285956, 11.448938464574908 ], [ 77.122343435285956, 11.448668969989669 ], [ 77.121804446115476, 11.448668969989669 ], [ 77.121804446115476, 11.448399475404443 ], [ 77.121534951530265, 11.448399475404443 ], [ 77.121534951530265, 11.448129980819203 ], [ 77.121265456944997, 11.448129980819203 ], [ 77.121265456944997, 11.447860486233964 ], [ 77.120726467774517, 11.447860486233964 ], [ 77.120726467774517, 11.447590991648724 ], [ 77.120456973189306, 11.447590991648724 ], [ 77.120456973189306, 11.447321497063498 ], [ 77.119648489433615, 11.447321497063498 ], [ 77.119648489433615, 11.446782507893019 ], [ 77.118840005677868, 11.446782507893019 ], [ 77.118840005677868, 11.446513013307779 ], [ 77.118570511092656, 11.446513013307779 ], [ 77.118570511092656, 11.446782507893019 ], [ 77.118301016507388, 11.446782507893019 ], [ 77.118301016507388, 11.447052002478259 ], [ 77.118031521922177, 11.447052002478259 ], [ 77.118031521922177, 11.447590991648724 ], [ 77.118301016507388, 11.447590991648724 ], [ 77.118301016507388, 11.447860486233964 ], [ 77.118031521922177, 11.447860486233964 ], [ 77.118031521922177, 11.448399475404443 ], [ 77.118301016507388, 11.448399475404443 ], [ 77.118301016507388, 11.448668969989669 ], [ 77.118031521922177, 11.448668969989669 ], [ 77.118031521922177, 11.448938464574908 ], [ 77.117762027336966, 11.448938464574908 ], [ 77.117762027336966, 11.449477453745374 ], [ 77.117492532751697, 11.449477453745374 ], [ 77.117492532751697, 11.449746948330613 ], [ 77.117223038166486, 11.449746948330613 ], [ 77.117223038166486, 11.450016442915853 ], [ 77.116145059825527, 11.450016442915853 ], [ 77.116145059825527, 11.450285937501093 ], [ 77.115606070655048, 11.450285937501093 ], [ 77.115606070655048, 11.450824926671558 ], [ 77.115875565240259, 11.450824926671558 ], [ 77.115875565240259, 11.451633410427263 ], [ 77.115606070655048, 11.451633410427263 ], [ 77.115606070655048, 11.451902905012503 ], [ 77.116145059825527, 11.451902905012503 ], [ 77.116145059825527, 11.452172399597742 ], [ 77.115067081484568, 11.452172399597742 ], [ 77.115067081484568, 11.451902905012503 ], [ 77.113450113973187, 11.451902905012503 ], [ 77.113450113973187, 11.451633410427263 ], [ 77.112372135632228, 11.451633410427263 ], [ 77.112372135632228, 11.451094421256798 ], [ 77.11210264104696, 11.451094421256798 ], [ 77.11210264104696, 11.450285937501093 ], [ 77.111563651876537, 11.450285937501093 ], [ 77.111563651876537, 11.450016442915853 ], [ 77.111024662706058, 11.450016442915853 ], [ 77.111024662706058, 11.449477453745374 ], [ 77.110485673535578, 11.449477453745374 ], [ 77.110485673535578, 11.449207959160148 ], [ 77.108060222268449, 11.449207959160148 ], [ 77.108060222268449, 11.448938464574908 ], [ 77.106443254757011, 11.448938464574908 ], [ 77.106443254757011, 11.449207959160148 ], [ 77.106173760171799, 11.449207959160148 ], [ 77.106173760171799, 11.449477453745374 ], [ 77.105904265586531, 11.449477453745374 ], [ 77.105904265586531, 11.449746948330613 ], [ 77.105365276416109, 11.449746948330613 ], [ 77.105365276416109, 11.450016442915853 ], [ 77.104826287245629, 11.450016442915853 ], [ 77.104826287245629, 11.449746948330613 ], [ 77.104556792660361, 11.449746948330613 ], [ 77.104556792660361, 11.449477453745374 ], [ 77.10428729807515, 11.449477453745374 ], [ 77.10428729807515, 11.448938464574908 ], [ 77.104017803489882, 11.448938464574908 ], [ 77.104017803489882, 11.448668969989669 ], [ 77.10374830890467, 11.448668969989669 ], [ 77.10374830890467, 11.447590991648724 ], [ 77.104017803489882, 11.447590991648724 ], [ 77.104017803489882, 11.447321497063498 ], [ 77.10428729807515, 11.447321497063498 ], [ 77.10428729807515, 11.447052002478259 ], [ 77.104826287245629, 11.447052002478259 ], [ 77.104826287245629, 11.446782507893019 ], [ 77.10509578183084, 11.446782507893019 ], [ 77.10509578183084, 11.446513013307779 ], [ 77.105365276416109, 11.446513013307779 ], [ 77.105365276416109, 11.445435034966849 ], [ 77.104826287245629, 11.445435034966849 ], [ 77.104826287245629, 11.445704529552074 ], [ 77.10428729807515, 11.445704529552074 ], [ 77.10428729807515, 11.445435034966849 ], [ 77.103478814319459, 11.445435034966849 ], [ 77.103478814319459, 11.445165540381609 ], [ 77.103209319734191, 11.445165540381609 ], [ 77.103209319734191, 11.445704529552074 ], [ 77.102670330563711, 11.445704529552074 ], [ 77.102670330563711, 11.446782507893019 ], [ 77.1024008359785, 11.446782507893019 ], [ 77.1024008359785, 11.446243518722554 ], [ 77.101861846808021, 11.446243518722554 ], [ 77.101861846808021, 11.445974024137314 ], [ 77.102131341393232, 11.445974024137314 ], [ 77.102131341393232, 11.445435034966849 ], [ 77.10105336305233, 11.445435034966849 ], [ 77.10105336305233, 11.445165540381609 ], [ 77.10051437388185, 11.445165540381609 ], [ 77.10051437388185, 11.44462655121113 ], [ 77.100244879296582, 11.44462655121113 ], [ 77.100244879296582, 11.444896045796369 ], [ 77.099975384711371, 11.444896045796369 ], [ 77.099975384711371, 11.445165540381609 ], [ 77.100244879296582, 11.445165540381609 ], [ 77.100244879296582, 11.445974024137314 ], [ 77.099975384711371, 11.445974024137314 ], [ 77.099975384711371, 11.446243518722554 ], [ 77.09970589012616, 11.446243518722554 ], [ 77.09970589012616, 11.446513013307779 ], [ 77.09916690095568, 11.446513013307779 ], [ 77.09916690095568, 11.445704529552074 ], [ 77.098897406370412, 11.445704529552074 ], [ 77.098897406370412, 11.44462655121113 ], [ 77.09916690095568, 11.44462655121113 ], [ 77.09916690095568, 11.444357056625904 ], [ 77.099436395540891, 11.444357056625904 ], [ 77.099436395540891, 11.443818067455425 ], [ 77.098088922614721, 11.443818067455425 ], [ 77.098088922614721, 11.444087562040664 ], [ 77.09593296593286, 11.444087562040664 ], [ 77.09593296593286, 11.444357056625904 ], [ 77.094046503836154, 11.444357056625904 ], [ 77.094046503836154, 11.44462655121113 ], [ 77.092429536324772, 11.44462655121113 ], [ 77.092429536324772, 11.445165540381609 ], [ 77.091621052569081, 11.445165540381609 ], [ 77.091621052569081, 11.445435034966849 ], [ 77.091351557983813, 11.445435034966849 ], [ 77.091351557983813, 11.445704529552074 ], [ 77.091082063398602, 11.445704529552074 ], [ 77.091082063398602, 11.445974024137314 ], [ 77.090812568813334, 11.445974024137314 ], [ 77.090812568813334, 11.446243518722554 ], [ 77.090273579642854, 11.446243518722554 ], [ 77.090273579642854, 11.446513013307779 ], [ 77.089734590472432, 11.446513013307779 ], [ 77.089734590472432, 11.446782507893019 ], [ 77.088926106716684, 11.446782507893019 ], [ 77.088926106716684, 11.447052002478259 ], [ 77.088656612131473, 11.447052002478259 ], [ 77.088656612131473, 11.447321497063498 ], [ 77.088387117546205, 11.447321497063498 ], [ 77.088387117546205, 11.447052002478259 ], [ 77.087578633790514, 11.447052002478259 ], [ 77.087578633790514, 11.446782507893019 ], [ 77.087309139205303, 11.446782507893019 ], [ 77.087309139205303, 11.445974024137314 ], [ 77.087039644620035, 11.445974024137314 ], [ 77.087039644620035, 11.445704529552074 ], [ 77.086770150034823, 11.445704529552074 ], [ 77.086770150034823, 11.445435034966849 ], [ 77.086500655449555, 11.445435034966849 ], [ 77.086500655449555, 11.444896045796369 ], [ 77.086231160864344, 11.444896045796369 ], [ 77.086231160864344, 11.444087562040664 ], [ 77.086500655449555, 11.444087562040664 ], [ 77.086500655449555, 11.443818067455425 ], [ 77.086770150034823, 11.443818067455425 ], [ 77.086770150034823, 11.443279078284959 ], [ 77.086500655449555, 11.443279078284959 ], [ 77.086500655449555, 11.44274008911448 ], [ 77.087039644620035, 11.44274008911448 ], [ 77.087039644620035, 11.442470594529254 ], [ 77.087309139205303, 11.442470594529254 ], [ 77.087309139205303, 11.442201099944015 ], [ 77.088117622960993, 11.442201099944015 ], [ 77.088117622960993, 11.441931605358775 ], [ 77.088656612131473, 11.441931605358775 ], [ 77.088656612131473, 11.441662110773535 ], [ 77.089734590472432, 11.441662110773535 ], [ 77.089734590472432, 11.44139261618831 ], [ 77.090004085057643, 11.44139261618831 ], [ 77.090004085057643, 11.441662110773535 ], [ 77.090273579642854, 11.441662110773535 ], [ 77.090273579642854, 11.44139261618831 ], [ 77.090543074228123, 11.44139261618831 ], [ 77.090543074228123, 11.441662110773535 ], [ 77.091082063398602, 11.441662110773535 ], [ 77.091082063398602, 11.44139261618831 ], [ 77.091351557983813, 11.44139261618831 ], [ 77.091351557983813, 11.44112312160307 ], [ 77.091621052569081, 11.44112312160307 ], [ 77.091621052569081, 11.440584132432591 ], [ 77.091351557983813, 11.440584132432591 ], [ 77.091351557983813, 11.440314637847365 ], [ 77.091890547154293, 11.440314637847365 ], [ 77.091890547154293, 11.440584132432591 ], [ 77.092429536324772, 11.440584132432591 ], [ 77.092429536324772, 11.440314637847365 ], [ 77.092968525495252, 11.440314637847365 ], [ 77.092968525495252, 11.440045143262125 ], [ 77.092699030909984, 11.440045143262125 ], [ 77.092699030909984, 11.439775648676886 ], [ 77.092160041739504, 11.439775648676886 ], [ 77.092160041739504, 11.43950615409166 ], [ 77.091621052569081, 11.43950615409166 ], [ 77.091621052569081, 11.43923665950642 ], [ 77.091351557983813, 11.43923665950642 ], [ 77.091351557983813, 11.438967164921181 ], [ 77.090273579642854, 11.438967164921181 ], [ 77.090273579642854, 11.438697670335941 ], [ 77.090812568813334, 11.438697670335941 ], [ 77.090812568813334, 11.438428175750715 ], [ 77.090273579642854, 11.438428175750715 ], [ 77.090273579642854, 11.438158681165476 ], [ 77.089195601301952, 11.438158681165476 ], [ 77.089195601301952, 11.437889186580236 ], [ 77.087039644620035, 11.437889186580236 ], [ 77.087039644620035, 11.438158681165476 ], [ 77.086770150034823, 11.438158681165476 ], [ 77.086770150034823, 11.438428175750715 ], [ 77.086500655449555, 11.438428175750715 ], [ 77.086500655449555, 11.438158681165476 ], [ 77.086231160864344, 11.438158681165476 ], [ 77.086231160864344, 11.438697670335941 ], [ 77.085692171693864, 11.438697670335941 ], [ 77.085692171693864, 11.438967164921181 ], [ 77.084075204182483, 11.438967164921181 ], [ 77.084075204182483, 11.43923665950642 ], [ 77.083805709597215, 11.43923665950642 ], [ 77.083805709597215, 11.438967164921181 ], [ 77.083536215012003, 11.438967164921181 ], [ 77.083536215012003, 11.438697670335941 ], [ 77.082997225841524, 11.438697670335941 ], [ 77.082997225841524, 11.438428175750715 ], [ 77.080571774574395, 11.438428175750715 ], [ 77.080571774574395, 11.438697670335941 ], [ 77.077068344966307, 11.438697670335941 ], [ 77.077068344966307, 11.438428175750715 ], [ 77.075181882869657, 11.438428175750715 ], [ 77.075181882869657, 11.438158681165476 ], [ 77.074373399113966, 11.438158681165476 ], [ 77.074373399113966, 11.437889186580236 ], [ 77.074103904528755, 11.437889186580236 ], [ 77.074103904528755, 11.437619691994996 ], [ 77.073834409943487, 11.437619691994996 ], [ 77.073834409943487, 11.437080702824531 ], [ 77.073564915358276, 11.437080702824531 ], [ 77.073564915358276, 11.435463735313121 ], [ 77.073834409943487, 11.435463735313121 ], [ 77.073834409943487, 11.435194240727881 ], [ 77.074103904528755, 11.435194240727881 ], [ 77.074103904528755, 11.434924746142642 ], [ 77.075451377454925, 11.434924746142642 ], [ 77.075451377454925, 11.434655251557402 ], [ 77.075990366625405, 11.434655251557402 ], [ 77.075990366625405, 11.434385756972176 ], [ 77.077068344966307, 11.434385756972176 ], [ 77.077068344966307, 11.434116262386937 ], [ 77.077607334136786, 11.434116262386937 ], [ 77.077607334136786, 11.433846767801697 ], [ 77.078415817892477, 11.433846767801697 ], [ 77.078415817892477, 11.433577273216471 ], [ 77.079224301648225, 11.433577273216471 ], [ 77.079224301648225, 11.433307778631232 ], [ 77.079763290818704, 11.433307778631232 ], [ 77.079763290818704, 11.433038284045992 ], [ 77.080841269159606, 11.433038284045992 ], [ 77.080841269159606, 11.433307778631232 ], [ 77.081919247500565, 11.433307778631232 ], [ 77.081919247500565, 11.433577273216471 ], [ 77.082458236671044, 11.433577273216471 ], [ 77.082458236671044, 11.432768789460752 ], [ 77.082188742085776, 11.432768789460752 ], [ 77.082188742085776, 11.433038284045992 ], [ 77.081919247500565, 11.433038284045992 ], [ 77.081919247500565, 11.432499294875527 ], [ 77.082188742085776, 11.432499294875527 ], [ 77.082188742085776, 11.432229800290287 ], [ 77.082458236671044, 11.432229800290287 ], [ 77.082458236671044, 11.431960305705047 ], [ 77.082997225841524, 11.431960305705047 ], [ 77.082997225841524, 11.432229800290287 ], [ 77.083266720426735, 11.432229800290287 ], [ 77.083266720426735, 11.431690811119807 ], [ 77.084344698767694, 11.431690811119807 ], [ 77.084344698767694, 11.431421316534582 ], [ 77.084075204182483, 11.431421316534582 ], [ 77.084075204182483, 11.431151821949342 ], [ 77.083805709597215, 11.431151821949342 ], [ 77.083805709597215, 11.430882327364102 ], [ 77.084075204182483, 11.430882327364102 ], [ 77.084075204182483, 11.430343338193637 ], [ 77.084344698767694, 11.430343338193637 ], [ 77.084344698767694, 11.429804349023158 ], [ 77.084883687938174, 11.429804349023158 ], [ 77.084883687938174, 11.429534854437932 ], [ 77.084614193352905, 11.429534854437932 ], [ 77.084614193352905, 11.429265359852693 ], [ 77.085153182523385, 11.429265359852693 ], [ 77.085153182523385, 11.429534854437932 ], [ 77.085961666279132, 11.429534854437932 ], [ 77.085961666279132, 11.429265359852693 ], [ 77.086231160864344, 11.429265359852693 ], [ 77.086231160864344, 11.428995865267453 ], [ 77.085961666279132, 11.428995865267453 ], [ 77.085961666279132, 11.428726370682213 ], [ 77.085422677108653, 11.428726370682213 ], [ 77.085422677108653, 11.427917886926508 ], [ 77.084883687938174, 11.427917886926508 ], [ 77.084883687938174, 11.428187381511748 ], [ 77.085153182523385, 11.428187381511748 ], [ 77.085153182523385, 11.428456876096988 ], [ 77.084614193352905, 11.428456876096988 ], [ 77.084614193352905, 11.428187381511748 ], [ 77.083805709597215, 11.428187381511748 ], [ 77.083805709597215, 11.428456876096988 ], [ 77.083536215012003, 11.428456876096988 ], [ 77.083536215012003, 11.428187381511748 ], [ 77.082997225841524, 11.428187381511748 ], [ 77.082997225841524, 11.427648392341283 ], [ 77.082727731256256, 11.427648392341283 ], [ 77.082727731256256, 11.427378897756043 ], [ 77.082458236671044, 11.427378897756043 ], [ 77.082458236671044, 11.426839908585563 ], [ 77.081919247500565, 11.426839908585563 ], [ 77.081919247500565, 11.426570414000338 ], [ 77.082188742085776, 11.426570414000338 ], [ 77.082188742085776, 11.424953446488914 ], [ 77.082458236671044, 11.424953446488914 ], [ 77.082458236671044, 11.424683951903688 ], [ 77.082188742085776, 11.424683951903688 ], [ 77.082188742085776, 11.424414457318449 ], [ 77.082458236671044, 11.424414457318449 ], [ 77.082458236671044, 11.424144962733209 ], [ 77.082997225841524, 11.424144962733209 ], [ 77.082997225841524, 11.423875468147969 ], [ 77.082727731256256, 11.423875468147969 ], [ 77.082727731256256, 11.423336478977504 ], [ 77.083266720426735, 11.423336478977504 ], [ 77.083266720426735, 11.423066984392264 ], [ 77.083536215012003, 11.423066984392264 ], [ 77.083536215012003, 11.422527995221799 ], [ 77.083805709597215, 11.422527995221799 ], [ 77.083805709597215, 11.422258500636559 ], [ 77.084075204182483, 11.422258500636559 ], [ 77.084075204182483, 11.422527995221799 ], [ 77.084614193352905, 11.422527995221799 ], [ 77.084614193352905, 11.422258500636559 ], [ 77.084883687938174, 11.422258500636559 ], [ 77.084883687938174, 11.421989006051319 ], [ 77.084614193352905, 11.421989006051319 ], [ 77.084614193352905, 11.421719511466094 ], [ 77.084344698767694, 11.421719511466094 ], [ 77.084344698767694, 11.421989006051319 ], [ 77.084075204182483, 11.421989006051319 ], [ 77.084075204182483, 11.421719511466094 ], [ 77.083805709597215, 11.421719511466094 ], [ 77.083805709597215, 11.421450016880854 ], [ 77.082997225841524, 11.421450016880854 ], [ 77.082997225841524, 11.421719511466094 ], [ 77.082727731256256, 11.421719511466094 ], [ 77.082727731256256, 11.421989006051319 ], [ 77.082458236671044, 11.421989006051319 ], [ 77.082458236671044, 11.421719511466094 ], [ 77.082188742085776, 11.421719511466094 ], [ 77.082188742085776, 11.421180522295614 ], [ 77.081649752915354, 11.421180522295614 ], [ 77.081649752915354, 11.421719511466094 ] ], [ [ 77.05874271317029, 11.448938464574908 ], [ 77.058473218585021, 11.448938464574908 ], [ 77.058473218585021, 11.448668969989669 ], [ 77.05874271317029, 11.448668969989669 ], [ 77.05874271317029, 11.448399475404443 ], [ 77.059281702340769, 11.448399475404443 ], [ 77.059281702340769, 11.448668969989669 ], [ 77.05955119692598, 11.448668969989669 ], [ 77.05955119692598, 11.448938464574908 ], [ 77.059281702340769, 11.448938464574908 ], [ 77.059281702340769, 11.449207959160148 ], [ 77.05955119692598, 11.449207959160148 ], [ 77.05955119692598, 11.449477453745374 ], [ 77.05874271317029, 11.449477453745374 ], [ 77.05874271317029, 11.448938464574908 ] ], [ [ 77.057395240244119, 11.475348933928018 ], [ 77.05820372399981, 11.475348933928018 ], [ 77.05820372399981, 11.475618428513258 ], [ 77.057395240244119, 11.475618428513258 ], [ 77.057395240244119, 11.475348933928018 ] ], [ [ 77.049310402687041, 11.494483049479769 ], [ 77.049579897272253, 11.494483049479769 ], [ 77.049579897272253, 11.494752544065008 ], [ 77.049310402687041, 11.494752544065008 ], [ 77.049310402687041, 11.494483049479769 ] ], [ [ 77.045267983908474, 11.509035757082501 ], [ 77.045267983908474, 11.508766262497275 ], [ 77.045537478493742, 11.508766262497275 ], [ 77.045537478493742, 11.509035757082501 ], [ 77.045267983908474, 11.509035757082501 ] ], [ [ 77.125577370308775, 11.46726409637094 ], [ 77.125038381138296, 11.46726409637094 ], [ 77.125038381138296, 11.466994601785714 ], [ 77.125307875723564, 11.466994601785714 ], [ 77.125307875723564, 11.466725107200475 ], [ 77.125577370308775, 11.466725107200475 ], [ 77.125577370308775, 11.46726409637094 ] ], [ [ 77.125577370308775, 11.46376066676288 ], [ 77.125307875723564, 11.46376066676288 ], [ 77.125307875723564, 11.46349117217764 ], [ 77.125577370308775, 11.46349117217764 ], [ 77.125577370308775, 11.46376066676288 ] ], [ [ 77.126385854064466, 11.459179258813876 ], [ 77.125577370308775, 11.459179258813876 ], [ 77.125577370308775, 11.458909764228636 ], [ 77.125846864893987, 11.458909764228636 ], [ 77.125846864893987, 11.458640269643396 ], [ 77.126385854064466, 11.458640269643396 ], [ 77.126385854064466, 11.459179258813876 ] ], [ [ 77.126655348649734, 11.459179258813876 ], [ 77.126655348649734, 11.459448753399101 ], [ 77.126385854064466, 11.459448753399101 ], [ 77.126385854064466, 11.459179258813876 ], [ 77.126655348649734, 11.459179258813876 ] ], [ [ 77.128272316161116, 11.448668969989669 ], [ 77.128002821575905, 11.448668969989669 ], [ 77.128002821575905, 11.448399475404443 ], [ 77.128272316161116, 11.448399475404443 ], [ 77.128272316161116, 11.448668969989669 ] ], [ [ 77.128002821575905, 11.447860486233964 ], [ 77.128002821575905, 11.447590991648724 ], [ 77.128541810746384, 11.447590991648724 ], [ 77.128541810746384, 11.447860486233964 ], [ 77.128002821575905, 11.447860486233964 ] ], [ [ 77.125577370308775, 11.448129980819203 ], [ 77.125577370308775, 11.448399475404443 ], [ 77.126116359479255, 11.448399475404443 ], [ 77.126116359479255, 11.448668969989669 ], [ 77.125307875723564, 11.448668969989669 ], [ 77.125307875723564, 11.448129980819203 ], [ 77.125577370308775, 11.448129980819203 ] ], [ [ 77.118301016507388, 11.448938464574908 ], [ 77.118301016507388, 11.449207959160148 ], [ 77.118031521922177, 11.449207959160148 ], [ 77.118031521922177, 11.448938464574908 ], [ 77.118301016507388, 11.448938464574908 ] ], [ [ 77.116414554410738, 11.452172399597742 ], [ 77.116414554410738, 11.452441894182968 ], [ 77.116145059825527, 11.452441894182968 ], [ 77.116145059825527, 11.452172399597742 ], [ 77.116414554410738, 11.452172399597742 ] ], [ [ 77.099975384711371, 11.446513013307779 ], [ 77.099975384711371, 11.447052002478259 ], [ 77.09970589012616, 11.447052002478259 ], [ 77.09970589012616, 11.446513013307779 ], [ 77.099975384711371, 11.446513013307779 ] ], [ [ 77.081919247500565, 11.432229800290287 ], [ 77.081919247500565, 11.431960305705047 ], [ 77.082188742085776, 11.431960305705047 ], [ 77.082188742085776, 11.432229800290287 ], [ 77.081919247500565, 11.432229800290287 ] ], [ [ 77.084614193352905, 11.428726370682213 ], [ 77.084344698767694, 11.428726370682213 ], [ 77.084344698767694, 11.428456876096988 ], [ 77.084614193352905, 11.428456876096988 ], [ 77.084614193352905, 11.428726370682213 ] ], [ [ 77.081919247500565, 11.424414457318449 ], [ 77.081919247500565, 11.423875468147969 ], [ 77.082188742085776, 11.423875468147969 ], [ 77.082188742085776, 11.424414457318449 ], [ 77.081919247500565, 11.424414457318449 ] ], [ [ 77.047962929760871, 11.507957778741556 ], [ 77.047962929760871, 11.508227273326796 ], [ 77.047693435175603, 11.508227273326796 ], [ 77.047693435175603, 11.507957778741556 ], [ 77.047962929760871, 11.507957778741556 ] ], [ [ 77.048232424346082, 11.50768828415633 ], [ 77.048232424346082, 11.507418789571091 ], [ 77.04850191893135, 11.507418789571091 ], [ 77.04850191893135, 11.507149294985851 ], [ 77.048771413516562, 11.507149294985851 ], [ 77.048771413516562, 11.50768828415633 ], [ 77.049310402687041, 11.50768828415633 ], [ 77.049310402687041, 11.507957778741556 ], [ 77.048771413516562, 11.507957778741556 ], [ 77.048771413516562, 11.508227273326796 ], [ 77.04850191893135, 11.508227273326796 ], [ 77.04850191893135, 11.50768828415633 ], [ 77.048232424346082, 11.50768828415633 ] ], [ [ 77.042573038056133, 11.506610305815386 ], [ 77.042573038056133, 11.506879800400611 ], [ 77.042303543470922, 11.506879800400611 ], [ 77.042303543470922, 11.506610305815386 ], [ 77.042573038056133, 11.506610305815386 ] ], [ [ 77.047962929760871, 11.506610305815386 ], [ 77.047962929760871, 11.507149294985851 ], [ 77.047693435175603, 11.507149294985851 ], [ 77.047693435175603, 11.50768828415633 ], [ 77.047423940590392, 11.50768828415633 ], [ 77.047423940590392, 11.506879800400611 ], [ 77.047693435175603, 11.506879800400611 ], [ 77.047693435175603, 11.506610305815386 ], [ 77.047962929760871, 11.506610305815386 ] ], [ [ 77.047962929760871, 11.506340811230146 ], [ 77.048232424346082, 11.506340811230146 ], [ 77.048232424346082, 11.505532327474441 ], [ 77.048771413516562, 11.505532327474441 ], [ 77.048771413516562, 11.505801822059681 ], [ 77.049040908101773, 11.505801822059681 ], [ 77.049040908101773, 11.506071316644906 ], [ 77.04850191893135, 11.506071316644906 ], [ 77.04850191893135, 11.506610305815386 ], [ 77.047962929760871, 11.506610305815386 ], [ 77.047962929760871, 11.506340811230146 ] ], [ [ 77.049040908101773, 11.504184854548257 ], [ 77.049040908101773, 11.504454349133496 ], [ 77.048771413516562, 11.504454349133496 ], [ 77.048771413516562, 11.504184854548257 ], [ 77.049040908101773, 11.504184854548257 ] ], [ [ 77.049040908101773, 11.503915359963017 ], [ 77.049310402687041, 11.503915359963017 ], [ 77.049310402687041, 11.503645865377791 ], [ 77.049579897272253, 11.503645865377791 ], [ 77.049579897272253, 11.504184854548257 ], [ 77.049040908101773, 11.504184854548257 ], [ 77.049040908101773, 11.503915359963017 ] ], [ [ 77.043112027226613, 11.501489908695902 ], [ 77.043112027226613, 11.501759403281142 ], [ 77.042842532641345, 11.501759403281142 ], [ 77.042842532641345, 11.501489908695902 ], [ 77.043112027226613, 11.501489908695902 ] ], [ [ 77.058473218585021, 11.493135576553584 ], [ 77.058473218585021, 11.492866081968359 ], [ 77.059281702340769, 11.492866081968359 ], [ 77.059281702340769, 11.493405071138824 ], [ 77.059012207755501, 11.493405071138824 ], [ 77.059012207755501, 11.493674565724064 ], [ 77.058473218585021, 11.493674565724064 ], [ 77.058473218585021, 11.493944060309303 ], [ 77.057934229414599, 11.493944060309303 ], [ 77.057934229414599, 11.493135576553584 ], [ 77.058473218585021, 11.493135576553584 ] ], [ [ 77.067905529068327, 11.497986479087828 ], [ 77.067905529068327, 11.498255973673068 ], [ 77.067366539897847, 11.498255973673068 ], [ 77.067366539897847, 11.497986479087828 ], [ 77.067905529068327, 11.497986479087828 ] ], [ [ 77.0665580561421, 11.496639006161658 ], [ 77.0665580561421, 11.496908500746898 ], [ 77.066288561556888, 11.496908500746898 ], [ 77.066288561556888, 11.496639006161658 ], [ 77.0665580561421, 11.496639006161658 ] ], [ [ 77.080302279989127, 11.492596587383119 ], [ 77.080302279989127, 11.493135576553584 ], [ 77.080032785403915, 11.493135576553584 ], [ 77.080032785403915, 11.492596587383119 ], [ 77.080302279989127, 11.492596587383119 ] ], [ [ 77.082188742085776, 11.492596587383119 ], [ 77.082188742085776, 11.492866081968359 ], [ 77.081919247500565, 11.492866081968359 ], [ 77.081919247500565, 11.492596587383119 ], [ 77.082188742085776, 11.492596587383119 ] ], [ [ 77.082188742085776, 11.492327092797879 ], [ 77.082458236671044, 11.492327092797879 ], [ 77.082458236671044, 11.492596587383119 ], [ 77.082188742085776, 11.492596587383119 ], [ 77.082188742085776, 11.492327092797879 ] ], [ [ 77.082458236671044, 11.492057598212639 ], [ 77.082727731256256, 11.492057598212639 ], [ 77.082727731256256, 11.492327092797879 ], [ 77.082458236671044, 11.492327092797879 ], [ 77.082458236671044, 11.492057598212639 ] ], [ [ 77.082997225841524, 11.492327092797879 ], [ 77.082997225841524, 11.492596587383119 ], [ 77.082727731256256, 11.492596587383119 ], [ 77.082727731256256, 11.492327092797879 ], [ 77.082997225841524, 11.492327092797879 ] ], [ [ 77.086770150034823, 11.481547309388446 ], [ 77.086770150034823, 11.481816803973686 ], [ 77.087039644620035, 11.481816803973686 ], [ 77.087039644620035, 11.482086298558912 ], [ 77.087309139205303, 11.482086298558912 ], [ 77.087309139205303, 11.481277814803207 ], [ 77.087578633790514, 11.481277814803207 ], [ 77.087578633790514, 11.481008320217981 ], [ 77.089734590472432, 11.481008320217981 ], [ 77.089734590472432, 11.480738825632741 ], [ 77.090273579642854, 11.480738825632741 ], [ 77.090273579642854, 11.481816803973686 ], [ 77.090004085057643, 11.481816803973686 ], [ 77.090004085057643, 11.482086298558912 ], [ 77.089734590472432, 11.482086298558912 ], [ 77.089734590472432, 11.482355793144151 ], [ 77.088926106716684, 11.482355793144151 ], [ 77.088926106716684, 11.482625287729391 ], [ 77.088117622960993, 11.482625287729391 ], [ 77.088117622960993, 11.482894782314631 ], [ 77.087309139205303, 11.482894782314631 ], [ 77.087309139205303, 11.483433771485096 ], [ 77.087039644620035, 11.483433771485096 ], [ 77.087039644620035, 11.483703266070336 ], [ 77.086770150034823, 11.483703266070336 ], [ 77.086770150034823, 11.483972760655575 ], [ 77.086500655449555, 11.483972760655575 ], [ 77.086500655449555, 11.484242255240801 ], [ 77.085692171693864, 11.484242255240801 ], [ 77.085692171693864, 11.484511749826041 ], [ 77.085422677108653, 11.484511749826041 ], [ 77.085422677108653, 11.484242255240801 ], [ 77.084883687938174, 11.484242255240801 ], [ 77.084883687938174, 11.483972760655575 ], [ 77.084614193352905, 11.483972760655575 ], [ 77.084614193352905, 11.483703266070336 ], [ 77.084075204182483, 11.483703266070336 ], [ 77.084075204182483, 11.482894782314631 ], [ 77.083805709597215, 11.482894782314631 ], [ 77.083805709597215, 11.482355793144151 ], [ 77.083536215012003, 11.482355793144151 ], [ 77.083536215012003, 11.482086298558912 ], [ 77.083266720426735, 11.482086298558912 ], [ 77.083266720426735, 11.481816803973686 ], [ 77.082997225841524, 11.481816803973686 ], [ 77.082997225841524, 11.480738825632741 ], [ 77.085153182523385, 11.480738825632741 ], [ 77.085153182523385, 11.480469331047502 ], [ 77.085422677108653, 11.480469331047502 ], [ 77.085422677108653, 11.480738825632741 ], [ 77.085961666279132, 11.480738825632741 ], [ 77.085961666279132, 11.481008320217981 ], [ 77.086231160864344, 11.481008320217981 ], [ 77.086231160864344, 11.481277814803207 ], [ 77.086500655449555, 11.481277814803207 ], [ 77.086500655449555, 11.481547309388446 ], [ 77.086770150034823, 11.481547309388446 ] ], [ [ 77.071678453261626, 11.479660847291797 ], [ 77.071678453261626, 11.479391352706557 ], [ 77.071947947846837, 11.479391352706557 ], [ 77.071947947846837, 11.479121858121317 ], [ 77.072217442432105, 11.479121858121317 ], [ 77.072217442432105, 11.479660847291797 ], [ 77.071678453261626, 11.479660847291797 ] ], [ [ 77.070330980335399, 11.477235396024668 ], [ 77.070330980335399, 11.478043879780387 ], [ 77.070061485750188, 11.478043879780387 ], [ 77.070061485750188, 11.478313374365612 ], [ 77.069791991164976, 11.478313374365612 ], [ 77.069791991164976, 11.478582868950852 ], [ 77.069522496579708, 11.478582868950852 ], [ 77.069522496579708, 11.478852363536092 ], [ 77.068714012824017, 11.478852363536092 ], [ 77.068714012824017, 11.479121858121317 ], [ 77.068175023653538, 11.479121858121317 ], [ 77.068175023653538, 11.479391352706557 ], [ 77.067905529068327, 11.479391352706557 ], [ 77.067905529068327, 11.478582868950852 ], [ 77.067366539897847, 11.478582868950852 ], [ 77.067366539897847, 11.478313374365612 ], [ 77.067097045312579, 11.478313374365612 ], [ 77.067097045312579, 11.478043879780387 ], [ 77.066827550727368, 11.478043879780387 ], [ 77.066827550727368, 11.477504890609907 ], [ 77.0665580561421, 11.477504890609907 ], [ 77.0665580561421, 11.476965901439442 ], [ 77.066288561556888, 11.476965901439442 ], [ 77.066288561556888, 11.476426912268963 ], [ 77.0665580561421, 11.476426912268963 ], [ 77.0665580561421, 11.476157417683723 ], [ 77.067636034483058, 11.476157417683723 ], [ 77.067636034483058, 11.475887923098497 ], [ 77.068175023653538, 11.475887923098497 ], [ 77.068175023653538, 11.476157417683723 ], [ 77.069522496579708, 11.476157417683723 ], [ 77.069522496579708, 11.476426912268963 ], [ 77.069791991164976, 11.476426912268963 ], [ 77.069791991164976, 11.476696406854202 ], [ 77.070061485750188, 11.476696406854202 ], [ 77.070061485750188, 11.477235396024668 ], [ 77.070330980335399, 11.477235396024668 ] ], [ [ 77.05955119692598, 11.475079439342792 ], [ 77.05955119692598, 11.475348933928018 ], [ 77.059281702340769, 11.475348933928018 ], [ 77.059281702340769, 11.475079439342792 ], [ 77.05955119692598, 11.475079439342792 ] ], [ [ 77.098627911785201, 11.475079439342792 ], [ 77.098627911785201, 11.474809944757553 ], [ 77.099436395540891, 11.474809944757553 ], [ 77.099436395540891, 11.475079439342792 ], [ 77.09970589012616, 11.475079439342792 ], [ 77.09970589012616, 11.475618428513258 ], [ 77.099436395540891, 11.475618428513258 ], [ 77.099436395540891, 11.475348933928018 ], [ 77.098897406370412, 11.475348933928018 ], [ 77.098897406370412, 11.475079439342792 ], [ 77.098627911785201, 11.475079439342792 ] ], [ [ 77.081649752915354, 11.468881063882364 ], [ 77.081649752915354, 11.469150558467604 ], [ 77.081110763744874, 11.469150558467604 ], [ 77.081110763744874, 11.468881063882364 ], [ 77.081649752915354, 11.468881063882364 ] ], [ [ 77.125577370308775, 11.46753359095618 ], [ 77.125577370308775, 11.467803085541419 ], [ 77.125307875723564, 11.467803085541419 ], [ 77.125307875723564, 11.46753359095618 ], [ 77.125577370308775, 11.46753359095618 ] ], [ [ 77.075720872040137, 11.464569150518585 ], [ 77.075720872040137, 11.46403016134812 ], [ 77.075451377454925, 11.46403016134812 ], [ 77.075451377454925, 11.46376066676288 ], [ 77.077337839551575, 11.46376066676288 ], [ 77.077337839551575, 11.46349117217764 ], [ 77.079224301648225, 11.46349117217764 ], [ 77.079224301648225, 11.463221677592415 ], [ 77.080571774574395, 11.463221677592415 ], [ 77.080571774574395, 11.464299655933345 ], [ 77.078685312477745, 11.464299655933345 ], [ 77.078685312477745, 11.464569150518585 ], [ 77.076798850381095, 11.464569150518585 ], [ 77.076798850381095, 11.464838645103825 ], [ 77.075990366625405, 11.464838645103825 ], [ 77.075990366625405, 11.464569150518585 ], [ 77.075720872040137, 11.464569150518585 ] ], [ [ 77.073025926187796, 11.461874204666231 ], [ 77.073025926187796, 11.46214369925147 ], [ 77.072217442432105, 11.46214369925147 ], [ 77.072217442432105, 11.461874204666231 ], [ 77.073025926187796, 11.461874204666231 ] ], [ [ 77.073025926187796, 11.461604710080991 ], [ 77.072756431602528, 11.461604710080991 ], [ 77.072756431602528, 11.461335215495751 ], [ 77.073025926187796, 11.461335215495751 ], [ 77.073025926187796, 11.461065720910526 ], [ 77.073564915358276, 11.461065720910526 ], [ 77.073564915358276, 11.461604710080991 ], [ 77.073834409943487, 11.461604710080991 ], [ 77.073834409943487, 11.461874204666231 ], [ 77.073025926187796, 11.461874204666231 ], [ 77.073025926187796, 11.461604710080991 ] ], [ [ 77.117762027336966, 11.458370775058157 ], [ 77.117762027336966, 11.458640269643396 ], [ 77.117492532751697, 11.458640269643396 ], [ 77.117492532751697, 11.458370775058157 ], [ 77.117762027336966, 11.458370775058157 ] ], [ [ 77.118031521922177, 11.458640269643396 ], [ 77.118031521922177, 11.458370775058157 ], [ 77.118301016507388, 11.458370775058157 ], [ 77.118301016507388, 11.458909764228636 ], [ 77.117762027336966, 11.458909764228636 ], [ 77.117762027336966, 11.458640269643396 ], [ 77.118031521922177, 11.458640269643396 ] ], [ [ 77.117223038166486, 11.458370775058157 ], [ 77.117223038166486, 11.458101280472931 ], [ 77.116953543581218, 11.458101280472931 ], [ 77.116953543581218, 11.457831785887691 ], [ 77.117223038166486, 11.457831785887691 ], [ 77.117223038166486, 11.457023302131986 ], [ 77.117762027336966, 11.457023302131986 ], [ 77.117762027336966, 11.457831785887691 ], [ 77.118301016507388, 11.457831785887691 ], [ 77.118301016507388, 11.458101280472931 ], [ 77.117492532751697, 11.458101280472931 ], [ 77.117492532751697, 11.458370775058157 ], [ 77.117223038166486, 11.458370775058157 ] ], [ [ 77.118840005677868, 11.458101280472931 ], [ 77.118840005677868, 11.458370775058157 ], [ 77.118570511092656, 11.458370775058157 ], [ 77.118570511092656, 11.458101280472931 ], [ 77.118840005677868, 11.458101280472931 ] ], [ [ 77.119109500263136, 11.458370775058157 ], [ 77.119109500263136, 11.458101280472931 ], [ 77.119378994848347, 11.458101280472931 ], [ 77.119378994848347, 11.457831785887691 ], [ 77.118570511092656, 11.457831785887691 ], [ 77.118570511092656, 11.457562291302452 ], [ 77.120456973189306, 11.457562291302452 ], [ 77.120456973189306, 11.457831785887691 ], [ 77.120187478604038, 11.457831785887691 ], [ 77.120187478604038, 11.458370775058157 ], [ 77.120456973189306, 11.458370775058157 ], [ 77.120456973189306, 11.458640269643396 ], [ 77.119648489433615, 11.458640269643396 ], [ 77.119648489433615, 11.458370775058157 ], [ 77.119109500263136, 11.458370775058157 ] ], [ [ 77.120456973189306, 11.457292796717226 ], [ 77.120726467774517, 11.457292796717226 ], [ 77.120726467774517, 11.457562291302452 ], [ 77.120456973189306, 11.457562291302452 ], [ 77.120456973189306, 11.457292796717226 ] ], [ [ 77.075181882869657, 11.455675829205802 ], [ 77.075181882869657, 11.455945323791042 ], [ 77.074912388284446, 11.455945323791042 ], [ 77.074912388284446, 11.455675829205802 ], [ 77.075181882869657, 11.455675829205802 ] ], [ [ 77.074912388284446, 11.456214818376282 ], [ 77.073834409943487, 11.456214818376282 ], [ 77.073834409943487, 11.455945323791042 ], [ 77.073564915358276, 11.455945323791042 ], [ 77.073564915358276, 11.455406334620562 ], [ 77.074642893699178, 11.455406334620562 ], [ 77.074642893699178, 11.455945323791042 ], [ 77.074912388284446, 11.455945323791042 ], [ 77.074912388284446, 11.456214818376282 ] ], [ [ 77.127733326990636, 11.455406334620562 ], [ 77.127733326990636, 11.455675829205802 ], [ 77.127463832405425, 11.455675829205802 ], [ 77.127463832405425, 11.455406334620562 ], [ 77.127733326990636, 11.455406334620562 ] ], [ [ 77.127733326990636, 11.455136840035337 ], [ 77.128002821575905, 11.455136840035337 ], [ 77.128002821575905, 11.455406334620562 ], [ 77.127733326990636, 11.455406334620562 ], [ 77.127733326990636, 11.455136840035337 ] ], [ [ 77.118840005677868, 11.455675829205802 ], [ 77.118840005677868, 11.455406334620562 ], [ 77.118570511092656, 11.455406334620562 ], [ 77.118570511092656, 11.455675829205802 ], [ 77.118031521922177, 11.455675829205802 ], [ 77.118031521922177, 11.455945323791042 ], [ 77.117492532751697, 11.455945323791042 ], [ 77.117492532751697, 11.455406334620562 ], [ 77.116953543581218, 11.455406334620562 ], [ 77.116953543581218, 11.455675829205802 ], [ 77.117223038166486, 11.455675829205802 ], [ 77.117223038166486, 11.455945323791042 ], [ 77.115875565240259, 11.455945323791042 ], [ 77.115875565240259, 11.456214818376282 ], [ 77.115606070655048, 11.456214818376282 ], [ 77.115606070655048, 11.455406334620562 ], [ 77.116145059825527, 11.455406334620562 ], [ 77.116145059825527, 11.454867345450097 ], [ 77.117223038166486, 11.454867345450097 ], [ 77.117223038166486, 11.454597850864857 ], [ 77.119109500263136, 11.454597850864857 ], [ 77.119109500263136, 11.454867345450097 ], [ 77.118840005677868, 11.454867345450097 ], [ 77.118840005677868, 11.455136840035337 ], [ 77.119109500263136, 11.455136840035337 ], [ 77.119109500263136, 11.455406334620562 ], [ 77.119378994848347, 11.455406334620562 ], [ 77.119378994848347, 11.455675829205802 ], [ 77.118840005677868, 11.455675829205802 ] ], [ [ 77.120726467774517, 11.454597850864857 ], [ 77.120726467774517, 11.454867345450097 ], [ 77.120456973189306, 11.454867345450097 ], [ 77.120456973189306, 11.454597850864857 ], [ 77.120726467774517, 11.454597850864857 ] ], [ [ 77.121804446115476, 11.454058861694392 ], [ 77.121804446115476, 11.454328356279632 ], [ 77.121534951530265, 11.454328356279632 ], [ 77.121534951530265, 11.454058861694392 ], [ 77.121804446115476, 11.454058861694392 ] ], [ [ 77.070330980335399, 11.452980883353447 ], [ 77.070330980335399, 11.453250377938687 ], [ 77.070061485750188, 11.453250377938687 ], [ 77.070061485750188, 11.452980883353447 ], [ 77.070330980335399, 11.452980883353447 ] ], [ [ 77.073564915358276, 11.452711388768208 ], [ 77.073564915358276, 11.452980883353447 ], [ 77.073295420773007, 11.452980883353447 ], [ 77.073295420773007, 11.452441894182968 ], [ 77.073834409943487, 11.452441894182968 ], [ 77.073834409943487, 11.452711388768208 ], [ 77.073564915358276, 11.452711388768208 ] ], [ [ 77.10374830890467, 11.451633410427263 ], [ 77.10374830890467, 11.451902905012503 ], [ 77.103478814319459, 11.451902905012503 ], [ 77.103478814319459, 11.451633410427263 ], [ 77.10374830890467, 11.451633410427263 ] ], [ [ 77.126116359479255, 11.451363915842037 ], [ 77.126116359479255, 11.451633410427263 ], [ 77.125577370308775, 11.451633410427263 ], [ 77.125577370308775, 11.451363915842037 ], [ 77.126116359479255, 11.451363915842037 ] ], [ [ 77.125307875723564, 11.451363915842037 ], [ 77.125307875723564, 11.451633410427263 ], [ 77.125038381138296, 11.451633410427263 ], [ 77.125038381138296, 11.451094421256798 ], [ 77.125577370308775, 11.451094421256798 ], [ 77.125577370308775, 11.451363915842037 ], [ 77.125307875723564, 11.451363915842037 ] ], [ [ 77.120456973189306, 11.451094421256798 ], [ 77.120456973189306, 11.451363915842037 ], [ 77.120187478604038, 11.451363915842037 ], [ 77.120187478604038, 11.451094421256798 ], [ 77.120456973189306, 11.451094421256798 ] ], [ [ 77.104826287245629, 11.451094421256798 ], [ 77.104826287245629, 11.451363915842037 ], [ 77.10428729807515, 11.451363915842037 ], [ 77.10428729807515, 11.450824926671558 ], [ 77.105365276416109, 11.450824926671558 ], [ 77.105365276416109, 11.451094421256798 ], [ 77.104826287245629, 11.451094421256798 ] ], [ [ 77.122612929871167, 11.450824926671558 ], [ 77.122612929871167, 11.451094421256798 ], [ 77.121804446115476, 11.451094421256798 ], [ 77.121804446115476, 11.451363915842037 ], [ 77.121534951530265, 11.451363915842037 ], [ 77.121534951530265, 11.451094421256798 ], [ 77.121265456944997, 11.451094421256798 ], [ 77.121265456944997, 11.450824926671558 ], [ 77.122612929871167, 11.450824926671558 ] ], [ [ 77.126655348649734, 11.450824926671558 ], [ 77.126655348649734, 11.450555432086318 ], [ 77.126116359479255, 11.450555432086318 ], [ 77.126116359479255, 11.450285937501093 ], [ 77.126924843234946, 11.450285937501093 ], [ 77.126924843234946, 11.450824926671558 ], [ 77.126655348649734, 11.450824926671558 ] ], [ [ 77.119917984018826, 11.449746948330613 ], [ 77.119917984018826, 11.450016442915853 ], [ 77.119648489433615, 11.450016442915853 ], [ 77.119648489433615, 11.449746948330613 ], [ 77.119917984018826, 11.449746948330613 ] ], [ [ 77.119917984018826, 11.449477453745374 ], [ 77.120456973189306, 11.449477453745374 ], [ 77.120456973189306, 11.449746948330613 ], [ 77.119917984018826, 11.449746948330613 ], [ 77.119917984018826, 11.449477453745374 ] ], [ [ 77.121804446115476, 11.449477453745374 ], [ 77.121804446115476, 11.449746948330613 ], [ 77.121265456944997, 11.449746948330613 ], [ 77.121265456944997, 11.449207959160148 ], [ 77.121534951530265, 11.449207959160148 ], [ 77.121534951530265, 11.449477453745374 ], [ 77.121804446115476, 11.449477453745374 ] ], [ [ 77.120456973189306, 11.449207959160148 ], [ 77.120456973189306, 11.448938464574908 ], [ 77.121265456944997, 11.448938464574908 ], [ 77.121265456944997, 11.449207959160148 ], [ 77.120456973189306, 11.449207959160148 ] ], [ [ 77.06009018609646, 11.448938464574908 ], [ 77.06009018609646, 11.449207959160148 ], [ 77.059820691511248, 11.449207959160148 ], [ 77.059820691511248, 11.448938464574908 ], [ 77.06009018609646, 11.448938464574908 ] ], [ [ 77.120187478604038, 11.448938464574908 ], [ 77.120187478604038, 11.449207959160148 ], [ 77.119917984018826, 11.449207959160148 ], [ 77.119917984018826, 11.448938464574908 ], [ 77.120187478604038, 11.448938464574908 ] ], [ [ 77.101592352222809, 11.448668969989669 ], [ 77.101592352222809, 11.448938464574908 ], [ 77.101322857637541, 11.448938464574908 ], [ 77.101322857637541, 11.448668969989669 ], [ 77.101592352222809, 11.448668969989669 ] ], [ [ 77.10105336305233, 11.448668969989669 ], [ 77.10105336305233, 11.449207959160148 ], [ 77.10051437388185, 11.449207959160148 ], [ 77.10051437388185, 11.448938464574908 ], [ 77.100244879296582, 11.448938464574908 ], [ 77.100244879296582, 11.448399475404443 ], [ 77.099975384711371, 11.448399475404443 ], [ 77.099975384711371, 11.448129980819203 ], [ 77.101322857637541, 11.448129980819203 ], [ 77.101322857637541, 11.448668969989669 ], [ 77.10105336305233, 11.448668969989669 ] ], [ [ 77.099975384711371, 11.448668969989669 ], [ 77.09970589012616, 11.448668969989669 ], [ 77.09970589012616, 11.448399475404443 ], [ 77.099975384711371, 11.448399475404443 ], [ 77.099975384711371, 11.448668969989669 ] ], [ [ 77.121265456944997, 11.448399475404443 ], [ 77.121265456944997, 11.448668969989669 ], [ 77.120995962359785, 11.448668969989669 ], [ 77.120995962359785, 11.448399475404443 ], [ 77.121265456944997, 11.448399475404443 ] ], [ [ 77.126924843234946, 11.448399475404443 ], [ 77.126924843234946, 11.448668969989669 ], [ 77.126655348649734, 11.448668969989669 ], [ 77.126655348649734, 11.448399475404443 ], [ 77.126924843234946, 11.448399475404443 ] ], [ [ 77.127463832405425, 11.448399475404443 ], [ 77.127463832405425, 11.448668969989669 ], [ 77.127194337820214, 11.448668969989669 ], [ 77.127194337820214, 11.448399475404443 ], [ 77.127463832405425, 11.448399475404443 ] ], [ [ 77.127463832405425, 11.448129980819203 ], [ 77.127194337820214, 11.448129980819203 ], [ 77.127194337820214, 11.447590991648724 ], [ 77.127463832405425, 11.447590991648724 ], [ 77.127463832405425, 11.447860486233964 ], [ 77.127733326990636, 11.447860486233964 ], [ 77.127733326990636, 11.448399475404443 ], [ 77.127463832405425, 11.448399475404443 ], [ 77.127463832405425, 11.448129980819203 ] ], [ [ 77.101861846808021, 11.448129980819203 ], [ 77.101861846808021, 11.448399475404443 ], [ 77.101592352222809, 11.448399475404443 ], [ 77.101592352222809, 11.448129980819203 ], [ 77.101861846808021, 11.448129980819203 ] ], [ [ 77.102939825148979, 11.447860486233964 ], [ 77.102939825148979, 11.448129980819203 ], [ 77.102131341393232, 11.448129980819203 ], [ 77.102131341393232, 11.447860486233964 ], [ 77.102939825148979, 11.447860486233964 ] ], [ [ 77.098088922614721, 11.445165540381609 ], [ 77.098088922614721, 11.445704529552074 ], [ 77.09781942802951, 11.445704529552074 ], [ 77.09781942802951, 11.445165540381609 ], [ 77.098088922614721, 11.445165540381609 ] ], [ [ 77.098627911785201, 11.444357056625904 ], [ 77.098627911785201, 11.445704529552074 ], [ 77.098358417199933, 11.445704529552074 ], [ 77.098358417199933, 11.444357056625904 ], [ 77.098627911785201, 11.444357056625904 ] ], [ [ 77.055778272732681, 11.440584132432591 ], [ 77.055778272732681, 11.440314637847365 ], [ 77.05550877814747, 11.440314637847365 ], [ 77.05550877814747, 11.440045143262125 ], [ 77.056047767317949, 11.440045143262125 ], [ 77.056047767317949, 11.440584132432591 ], [ 77.055778272732681, 11.440584132432591 ] ], [ [ 77.091082063398602, 11.440045143262125 ], [ 77.091082063398602, 11.440314637847365 ], [ 77.090812568813334, 11.440314637847365 ], [ 77.090812568813334, 11.440045143262125 ], [ 77.091082063398602, 11.440045143262125 ] ], [ [ 77.089465095887164, 11.43923665950642 ], [ 77.089465095887164, 11.43950615409166 ], [ 77.089195601301952, 11.43950615409166 ], [ 77.089195601301952, 11.43923665950642 ], [ 77.089465095887164, 11.43923665950642 ] ], [ [ 77.081919247500565, 11.424953446488914 ], [ 77.081919247500565, 11.425222941074153 ], [ 77.081649752915354, 11.425222941074153 ], [ 77.081649752915354, 11.424953446488914 ], [ 77.081919247500565, 11.424953446488914 ] ] ], [ [ [ 77.046615456834644, 11.430882327364102 ], [ 77.046884951419912, 11.430882327364102 ], [ 77.046884951419912, 11.430612832778877 ], [ 77.046615456834644, 11.430612832778877 ], [ 77.046615456834644, 11.430882327364102 ] ] ], [ [ [ 77.050657875613211, 11.499333952014013 ], [ 77.050657875613211, 11.499064457428773 ], [ 77.050388381028, 11.499064457428773 ], [ 77.050388381028, 11.499333952014013 ], [ 77.050657875613211, 11.499333952014013 ] ] ], [ [ [ 77.128811305331595, 11.448399475404443 ], [ 77.128811305331595, 11.448129980819203 ], [ 77.128541810746384, 11.448129980819203 ], [ 77.128541810746384, 11.448399475404443 ], [ 77.128811305331595, 11.448399475404443 ] ] ], [ [ [ 77.125038381138296, 11.446513013307779 ], [ 77.125038381138296, 11.446782507893019 ], [ 77.125307875723564, 11.446782507893019 ], [ 77.125307875723564, 11.446513013307779 ], [ 77.125038381138296, 11.446513013307779 ] ] ], [ [ [ 77.124499391967817, 11.448399475404443 ], [ 77.124229897382605, 11.448399475404443 ], [ 77.124229897382605, 11.448668969989669 ], [ 77.124499391967817, 11.448668969989669 ], [ 77.124499391967817, 11.448399475404443 ] ] ], [ [ [ 77.083805709597215, 11.422797489807024 ], [ 77.084075204182483, 11.422797489807024 ], [ 77.084075204182483, 11.422527995221799 ], [ 77.083805709597215, 11.422527995221799 ], [ 77.083805709597215, 11.422797489807024 ] ] ], [ [ [ 77.082997225841524, 11.432499294875527 ], [ 77.082997225841524, 11.432229800290287 ], [ 77.082727731256256, 11.432229800290287 ], [ 77.082727731256256, 11.432499294875527 ], [ 77.082997225841524, 11.432499294875527 ] ] ], [ [ [ 77.05173585395417, 11.48828467401934 ], [ 77.05173585395417, 11.488015179434115 ], [ 77.051466359368902, 11.488015179434115 ], [ 77.051466359368902, 11.48828467401934 ], [ 77.05173585395417, 11.48828467401934 ] ] ], [ [ [ 77.050118886442732, 11.489093157775045 ], [ 77.050118886442732, 11.489362652360285 ], [ 77.050388381028, 11.489362652360285 ], [ 77.050388381028, 11.489901641530764 ], [ 77.050927370198423, 11.489901641530764 ], [ 77.050927370198423, 11.489362652360285 ], [ 77.050657875613211, 11.489362652360285 ], [ 77.050657875613211, 11.489093157775045 ], [ 77.050388381028, 11.489093157775045 ], [ 77.050388381028, 11.48882366318982 ], [ 77.049849391857521, 11.48882366318982 ], [ 77.049849391857521, 11.489093157775045 ], [ 77.050118886442732, 11.489093157775045 ] ] ], [ [ [ 77.050388381028, 11.49017113611599 ], [ 77.050118886442732, 11.49017113611599 ], [ 77.050118886442732, 11.490440630701229 ], [ 77.049849391857521, 11.490440630701229 ], [ 77.049849391857521, 11.490979619871709 ], [ 77.050388381028, 11.490979619871709 ], [ 77.050388381028, 11.49017113611599 ] ] ], [ [ [ 77.051196864783691, 11.499333952014013 ], [ 77.050657875613211, 11.499333952014013 ], [ 77.050657875613211, 11.499603446599252 ], [ 77.051196864783691, 11.499603446599252 ], [ 77.051196864783691, 11.499333952014013 ] ] ], [ [ [ 77.053083326880341, 11.501759403281142 ], [ 77.053083326880341, 11.500950919525422 ], [ 77.052544337709861, 11.500950919525422 ], [ 77.052544337709861, 11.501220414110662 ], [ 77.05227484312465, 11.501220414110662 ], [ 77.05227484312465, 11.501489908695902 ], [ 77.052544337709861, 11.501489908695902 ], [ 77.052544337709861, 11.501759403281142 ], [ 77.053083326880341, 11.501759403281142 ] ] ], [ [ [ 77.05227484312465, 11.505262832889201 ], [ 77.052005348539382, 11.505262832889201 ], [ 77.052005348539382, 11.505532327474441 ], [ 77.05227484312465, 11.505532327474441 ], [ 77.05227484312465, 11.505262832889201 ] ] ], [ [ [ 77.046345962249433, 11.508766262497275 ], [ 77.046345962249433, 11.509035757082501 ], [ 77.046615456834644, 11.509035757082501 ], [ 77.046615456834644, 11.508766262497275 ], [ 77.046345962249433, 11.508766262497275 ] ] ], [ [ [ 77.049040908101773, 11.509035757082501 ], [ 77.04850191893135, 11.509035757082501 ], [ 77.04850191893135, 11.50930525166774 ], [ 77.049040908101773, 11.50930525166774 ], [ 77.049040908101773, 11.509035757082501 ] ] ], [ [ [ 77.085692171693864, 11.431421316534582 ], [ 77.085692171693864, 11.431690811119807 ], [ 77.085153182523385, 11.431690811119807 ], [ 77.085153182523385, 11.431960305705047 ], [ 77.086770150034823, 11.431960305705047 ], [ 77.086770150034823, 11.431690811119807 ], [ 77.086500655449555, 11.431690811119807 ], [ 77.086500655449555, 11.431151821949342 ], [ 77.087039644620035, 11.431151821949342 ], [ 77.087039644620035, 11.431421316534582 ], [ 77.087309139205303, 11.431421316534582 ], [ 77.087309139205303, 11.431151821949342 ], [ 77.087578633790514, 11.431151821949342 ], [ 77.087578633790514, 11.430612832778877 ], [ 77.087309139205303, 11.430612832778877 ], [ 77.087309139205303, 11.430343338193637 ], [ 77.087039644620035, 11.430343338193637 ], [ 77.087039644620035, 11.430073843608398 ], [ 77.086770150034823, 11.430073843608398 ], [ 77.086770150034823, 11.430882327364102 ], [ 77.086500655449555, 11.430882327364102 ], [ 77.086500655449555, 11.430612832778877 ], [ 77.086231160864344, 11.430612832778877 ], [ 77.086231160864344, 11.430343338193637 ], [ 77.085692171693864, 11.430343338193637 ], [ 77.085692171693864, 11.430612832778877 ], [ 77.085961666279132, 11.430612832778877 ], [ 77.085961666279132, 11.430882327364102 ], [ 77.086231160864344, 11.430882327364102 ], [ 77.086231160864344, 11.431690811119807 ], [ 77.085961666279132, 11.431690811119807 ], [ 77.085961666279132, 11.431421316534582 ], [ 77.085692171693864, 11.431421316534582 ] ] ], [ [ [ 77.085422677108653, 11.431151821949342 ], [ 77.085422677108653, 11.430882327364102 ], [ 77.085692171693864, 11.430882327364102 ], [ 77.085692171693864, 11.430612832778877 ], [ 77.084614193352905, 11.430612832778877 ], [ 77.084614193352905, 11.431151821949342 ], [ 77.084344698767694, 11.431151821949342 ], [ 77.084344698767694, 11.431421316534582 ], [ 77.085153182523385, 11.431421316534582 ], [ 77.085153182523385, 11.431151821949342 ], [ 77.085422677108653, 11.431151821949342 ] ] ], [ [ [ 77.091082063398602, 11.438697670335941 ], [ 77.091351557983813, 11.438697670335941 ], [ 77.091351557983813, 11.438158681165476 ], [ 77.091082063398602, 11.438158681165476 ], [ 77.091082063398602, 11.438697670335941 ] ] ], [ [ [ 77.091621052569081, 11.438697670335941 ], [ 77.091351557983813, 11.438697670335941 ], [ 77.091351557983813, 11.438967164921181 ], [ 77.091621052569081, 11.438967164921181 ], [ 77.091621052569081, 11.438697670335941 ] ] ], [ [ [ 77.099436395540891, 11.443548572870185 ], [ 77.099436395540891, 11.443818067455425 ], [ 77.09970589012616, 11.443818067455425 ], [ 77.09970589012616, 11.443548572870185 ], [ 77.099436395540891, 11.443548572870185 ] ] ], [ [ [ 77.099975384711371, 11.445435034966849 ], [ 77.099975384711371, 11.445165540381609 ], [ 77.09970589012616, 11.445165540381609 ], [ 77.09970589012616, 11.445435034966849 ], [ 77.099975384711371, 11.445435034966849 ] ] ], [ [ [ 77.128811305331595, 11.455675829205802 ], [ 77.128541810746384, 11.455675829205802 ], [ 77.128541810746384, 11.455945323791042 ], [ 77.128811305331595, 11.455945323791042 ], [ 77.128811305331595, 11.455675829205802 ] ] ], [ [ [ 77.127733326990636, 11.456484312961507 ], [ 77.127463832405425, 11.456484312961507 ], [ 77.127463832405425, 11.457023302131986 ], [ 77.127733326990636, 11.457023302131986 ], [ 77.127733326990636, 11.456484312961507 ] ] ], [ [ [ 77.127463832405425, 11.457831785887691 ], [ 77.127733326990636, 11.457831785887691 ], [ 77.127733326990636, 11.457562291302452 ], [ 77.127463832405425, 11.457562291302452 ], [ 77.127463832405425, 11.457831785887691 ] ] ], [ [ [ 77.128002821575905, 11.457562291302452 ], [ 77.128002821575905, 11.457831785887691 ], [ 77.128272316161116, 11.457831785887691 ], [ 77.128272316161116, 11.457562291302452 ], [ 77.128002821575905, 11.457562291302452 ] ] ], [ [ [ 77.128002821575905, 11.457831785887691 ], [ 77.127733326990636, 11.457831785887691 ], [ 77.127733326990636, 11.458370775058157 ], [ 77.128002821575905, 11.458370775058157 ], [ 77.128002821575905, 11.457831785887691 ] ] ], [ [ [ 77.097549933444242, 11.48666770650793 ], [ 77.097549933444242, 11.48693720109317 ], [ 77.09781942802951, 11.48693720109317 ], [ 77.09781942802951, 11.48666770650793 ], [ 77.097549933444242, 11.48666770650793 ] ] ] ] } }
]
}
