{
"type": "FeatureCollection",
"name": "historical_flood",
"crs": { "type": "name", "properties": { "name": "urn:ogc:def:crs:OGC:1.3:CRS84" } },
"features": [
{ "type": "Feature", "properties": { "event_name": "August 2019 Bhavani Flood Benchmark", "acquisition_date": "2019-08-10", "satellite": "Sentinel-1B", "orbit_pass": "DESCENDING", "relative_orbit": 165, "classification": "SATELLITE_OBSERVED_WATER_CHANGE", "area_m2": 5000.0, "area_ha": 0.5 }, "geometry": { "type": "Polygon", "coordinates": [ [ [ 77.393485083239597, 11.519850174046592 ], [ 77.393479347248643, 11.5191724926513 ], [ 77.394166512505407, 11.519166835194072 ], [ 77.394170337554613, 11.519618622567002 ], [ 77.393941282143984, 11.519620508642038 ], [ 77.393943194546125, 11.519846402360743 ], [ 77.393485083239597, 11.519850174046592 ] ] ] } },
{ "type": "Feature", "properties": { "event_name": "August 2019 Bhavani Flood Benchmark", "acquisition_date": "2019-08-10", "satellite": "Sentinel-1B", "orbit_pass": "DESCENDING", "relative_orbit": 165, "classification": "SATELLITE_OBSERVED_WATER_CHANGE", "area_m2": 3750.0, "area_ha": 0.375 }, "geometry": { "type": "Polygon", "coordinates": [ [ [ 77.374921955218355, 11.51887283774964 ], [ 77.374914367253197, 11.517969250222983 ], [ 77.375143424514377, 11.517967379393561 ], [ 77.375145321628608, 11.518193276243279 ], [ 77.375374379032593, 11.518191405196166 ], [ 77.375378173745347, 11.518643198808844 ], [ 77.375149115976271, 11.518645069931285 ], [ 77.375151013209702, 11.518870966769576 ], [ 77.374921955218355, 11.51887283774964 ] ] ] } },
{ "type": "Feature", "properties": { "event_name": "August 2019 Bhavani Flood Benchmark", "acquisition_date": "2019-08-10", "satellite": "Sentinel-1B", "orbit_pass": "DESCENDING", "relative_orbit": 165, "classification": "SATELLITE_OBSERVED_WATER_CHANGE", "area_m2": 1250.0, "area_ha": 0.125 }, "geometry": { "type": "Polygon", "coordinates": [ [ [ 77.221655698452878, 11.517824952892296 ], [ 77.221652149448815, 11.517373110295575 ], [ 77.221881230973722, 11.517371360219883 ], [ 77.221884780343004, 11.517823202746131 ], [ 77.221655698452878, 11.517824952892296 ] ] ] } },
{ "type": "Feature", "properties": { "event_name": "August 2019 Bhavani Flood Benchmark", "acquisition_date": "2019-08-10", "satellite": "Sentinel-1B", "orbit_pass": "DESCENDING", "relative_orbit": 165, "classification": "SATELLITE_OBSERVED_WATER_CHANGE", "area_m2": 10000.0, "area_ha": 1.0 }, "geometry": { "type": "Polygon", "coordinates": [ [ [ 77.228902663680671, 11.507150606951964 ], [ 77.228900885069237, 11.506924686607579 ], [ 77.227755524820353, 11.506933454971598 ], [ 77.227753747158317, 11.506707534446756 ], [ 77.22752467517914, 11.506709287544457 ], [ 77.227521120331687, 11.506257446412816 ], [ 77.228208335062902, 11.506252186791929 ], [ 77.228210113015237, 11.506478107253646 ], [ 77.228439184700179, 11.506476353651518 ], [ 77.228440962872213, 11.506702274074124 ], [ 77.229357249968828, 11.506695257725053 ], [ 77.229360807884106, 11.507147098276183 ], [ 77.228902663680671, 11.507150606951964 ] ] ] } },
{ "type": "Feature", "properties": { "event_name": "August 2019 Bhavani Flood Benchmark", "acquisition_date": "2019-08-10", "satellite": "Sentinel-1B", "orbit_pass": "DESCENDING", "relative_orbit": 165, "classification": "SATELLITE_OBSERVED_WATER_CHANGE", "area_m2": 2500.0, "area_ha": 0.25 }, "geometry": { "type": "Polygon", "coordinates": [ [ [ 77.29807156367643, 11.505483099243889 ], [ 77.298067896704822, 11.505031280193698 ], [ 77.298526015483162, 11.505027663364361 ], [ 77.298529683184199, 11.50547948226877 ], [ 77.29807156367643, 11.505483099243889 ] ] ] } },
{ "type": "Feature", "properties": { "event_name": "August 2019 Bhavani Flood Benchmark", "acquisition_date": "2019-08-10", "satellite": "Sentinel-1B", "orbit_pass": "DESCENDING", "relative_orbit": 165, "classification": "SATELLITE_OBSERVED_WATER_CHANGE", "area_m2": 5625.0, "area_ha": 0.562 }, "geometry": { "type": "Polygon", "coordinates": [ [ [ 77.226375761701121, 11.506266208849333 ], [ 77.22637398524536, 11.50604028810128 ], [ 77.226144913589906, 11.506042040013531 ], [ 77.226139584993263, 11.505364277640842 ], [ 77.226597727172489, 11.505360773848262 ], [ 77.226601280262614, 11.5058126152926 ], [ 77.226830351661178, 11.505810863055833 ], [ 77.22683390526511, 11.506262704414471 ], [ 77.226375761701121, 11.506266208849333 ] ] ] } },
{ "type": "Feature", "properties": { "event_name": "August 2019 Bhavani Flood Benchmark", "acquisition_date": "2019-08-10", "satellite": "Sentinel-1B", "orbit_pass": "DESCENDING", "relative_orbit": 165, "classification": "SATELLITE_OBSERVED_WATER_CHANGE", "area_m2": 2500.0, "area_ha": 0.25 }, "geometry": { "type": "Polygon", "coordinates": [ [ [ 77.22545237144513, 11.505369531980449 ], [ 77.225448820327941, 11.504917690168032 ], [ 77.225219749435553, 11.504919441184185 ], [ 77.225217974115168, 11.504693520237035 ], [ 77.225676115497933, 11.504690018095419 ], [ 77.225681442665078, 11.505367780713815 ], [ 77.22545237144513, 11.505369531980449 ] ] ] } },
{ "type": "Feature", "properties": { "event_name": "August 2019 Bhavani Flood Benchmark", "acquisition_date": "2019-08-10", "satellite": "Sentinel-1B", "orbit_pass": "DESCENDING", "relative_orbit": 165, "classification": "SATELLITE_OBSERVED_WATER_CHANGE", "area_m2": 2500.0, "area_ha": 0.25 }, "geometry": { "type": "Polygon", "coordinates": [ [ [ 77.232551780701982, 11.505089239252852 ], [ 77.232549999507881, 11.50486331944056 ], [ 77.232320929771333, 11.504865076033358 ], [ 77.232319148796975, 11.504639156181897 ], [ 77.232777287867947, 11.504635642887214 ], [ 77.232779069207083, 11.504861562667866 ], [ 77.233008138868939, 11.504859805715286 ], [ 77.233009920427818, 11.505085725456764 ], [ 77.232551780701982, 11.505089239252852 ] ] ] } },
{ "type": "Feature", "properties": { "event_name": "August 2019 Bhavani Flood Benchmark", "acquisition_date": "2019-08-10", "satellite": "Sentinel-1B", "orbit_pass": "DESCENDING", "relative_orbit": 165, "classification": "SATELLITE_OBSERVED_WATER_CHANGE", "area_m2": 4375.0, "area_ha": 0.438 }, "geometry": { "type": "Polygon", "coordinates": [ [ [ 77.278815861460544, 11.503827061824937 ], [ 77.278810407931473, 11.503149324008374 ], [ 77.279268529859038, 11.503145738047092 ], [ 77.279270348028618, 11.503371650584116 ], [ 77.279499409117534, 11.503369857297567 ], [ 77.279501227507595, 11.503595769794662 ], [ 77.279272166236325, 11.503597563117355 ], [ 77.27927398448216, 11.503823475646813 ], [ 77.278815861460544, 11.503827061824937 ] ] ] } },
{ "type": "Feature", "properties": { "event_name": "August 2019 Bhavani Flood Benchmark", "acquisition_date": "2019-08-10", "satellite": "Sentinel-1B", "orbit_pass": "DESCENDING", "relative_orbit": 165, "classification": "SATELLITE_OBSERVED_WATER_CHANGE", "area_m2": 1250.0, "area_ha": 0.125 }, "geometry": { "type": "Polygon", "coordinates": [ [ [ 77.244678107035867, 11.503188536982416 ], [ 77.244676316475775, 11.502962619021478 ], [ 77.245134448949187, 11.502959086797906 ], [ 77.245136239873986, 11.503185004687644 ], [ 77.244678107035867, 11.503188536982416 ] ] ] } },
{ "type": "Feature", "properties": { "event_name": "August 2019 Bhavani Flood Benchmark", "acquisition_date": "2019-08-10", "satellite": "Sentinel-1B", "orbit_pass": "DESCENDING", "relative_orbit": 165, "classification": "SATELLITE_OBSERVED_WATER_CHANGE", "area_m2": 2500.0, "area_ha": 0.25 }, "geometry": { "type": "Polygon", "coordinates": [ [ [ 77.240771460417307, 11.501637102402928 ], [ 77.240767886059288, 11.501185265215263 ], [ 77.241226016890977, 11.501181739675348 ], [ 77.241229591978282, 11.501633576720863 ], [ 77.240771460417307, 11.501637102402928 ] ] ] } },
{ "type": "Feature", "properties": { "event_name": "August 2019 Bhavani Flood Benchmark", "acquisition_date": "2019-08-10", "satellite": "Sentinel-1B", "orbit_pass": "DESCENDING", "relative_orbit": 165, "classification": "SATELLITE_OBSERVED_WATER_CHANGE", "area_m2": 16875.0, "area_ha": 1.688 }, "geometry": { "type": "Polygon", "coordinates": [ [ [ 77.224988903367972, 11.504695271038008 ], [ 77.22497825332168, 11.503339745064256 ], [ 77.224749183631502, 11.503341495473641 ], [ 77.224745634278563, 11.502889653381686 ], [ 77.224974703604005, 11.502887903042868 ], [ 77.22496405534423, 11.501532376888289 ], [ 77.225193123538403, 11.501530626581326 ], [ 77.225189574051555, 11.501078784570234 ], [ 77.225418641843845, 11.501077034154012 ], [ 77.225420416750964, 11.501302955126148 ], [ 77.225649484688361, 11.501301204494798 ], [ 77.225653034978976, 11.501753046357187 ], [ 77.225423966676928, 11.501754797059123 ], [ 77.225434617348213, 11.503110322767645 ], [ 77.225205547914825, 11.503112073501478 ], [ 77.225217974115168, 11.504693520237035 ], [ 77.224988903367972, 11.504695271038008 ] ] ] } },
{ "type": "Feature", "properties": { "event_name": "August 2019 Bhavani Flood Benchmark", "acquisition_date": "2019-08-10", "satellite": "Sentinel-1B", "orbit_pass": "DESCENDING", "relative_orbit": 165, "classification": "SATELLITE_OBSERVED_WATER_CHANGE", "area_m2": 1875.0, "area_ha": 0.188 }, "geometry": { "type": "Polygon", "coordinates": [ [ [ 77.225640609613322, 11.500171599772907 ], [ 77.225637059843891, 11.499719757857784 ], [ 77.226095193054547, 11.499716256549751 ], [ 77.226096968285262, 11.499942177438601 ], [ 77.225867901516239, 11.499943928217821 ], [ 77.225869676601874, 11.500169849138205 ], [ 77.225640609613322, 11.500171599772907 ] ] ] } },
{ "type": "Feature", "properties": { "event_name": "August 2019 Bhavani Flood Benchmark", "acquisition_date": "2019-08-10", "satellite": "Sentinel-1B", "orbit_pass": "DESCENDING", "relative_orbit": 165, "classification": "SATELLITE_OBSERVED_WATER_CHANGE", "area_m2": 1250.0, "area_ha": 0.125 }, "geometry": { "type": "Polygon", "coordinates": [ [ [ 77.416440142192059, 11.498651022753839 ], [ 77.416436288801748, 11.498199242154318 ], [ 77.416665323087074, 11.49819734185732 ], [ 77.416669176841751, 11.498649122380208 ], [ 77.416440142192059, 11.498651022753839 ] ] ] } },
{ "type": "Feature", "properties": { "event_name": "August 2019 Bhavani Flood Benchmark", "acquisition_date": "2019-08-10", "satellite": "Sentinel-1B", "orbit_pass": "DESCENDING", "relative_orbit": 165, "classification": "SATELLITE_OBSERVED_WATER_CHANGE", "area_m2": 1250.0, "area_ha": 0.125 }, "geometry": { "type": "Polygon", "coordinates": [ [ [ 77.410248504443715, 11.497798699568639 ], [ 77.410246582808611, 11.497572808222401 ], [ 77.410704652425437, 11.497569017381432 ], [ 77.410706574424893, 11.49779490865123 ], [ 77.410248504443715, 11.497798699568639 ] ] ] } },
{ "type": "Feature", "properties": { "event_name": "August 2019 Bhavani Flood Benchmark", "acquisition_date": "2019-08-10", "satellite": "Sentinel-1B", "orbit_pass": "DESCENDING", "relative_orbit": 165, "classification": "SATELLITE_OBSERVED_WATER_CHANGE", "area_m2": 1875.0, "area_ha": 0.188 }, "geometry": { "type": "Polygon", "coordinates": [ [ [ 77.41139367909426, 11.497789220927464 ], [ 77.411391756548298, 11.497563329772348 ], [ 77.412078860308213, 11.497557640546113 ], [ 77.412080783400697, 11.497783531586515 ], [ 77.41139367909426, 11.497789220927464 ] ] ] } },
{ "type": "Feature", "properties": { "event_name": "August 2019 Bhavani Flood Benchmark", "acquisition_date": "2019-08-10", "satellite": "Sentinel-1B", "orbit_pass": "DESCENDING", "relative_orbit": 165, "classification": "SATELLITE_OBSERVED_WATER_CHANGE", "area_m2": 1250.0, "area_ha": 0.125 }, "geometry": { "type": "Polygon", "coordinates": [ [ [ 77.22654977503737, 11.499260912874705 ], [ 77.226546224107437, 11.498809071211866 ], [ 77.226775289853265, 11.49880732006976 ], [ 77.226778841147762, 11.499259161661975 ], [ 77.22654977503737, 11.499260912874705 ] ] ] } },
{ "type": "Feature", "properties": { "event_name": "August 2019 Bhavani Flood Benchmark", "acquisition_date": "2019-08-10", "satellite": "Sentinel-1B", "orbit_pass": "DESCENDING", "relative_orbit": 165, "classification": "SATELLITE_OBSERVED_WATER_CHANGE", "area_m2": 2500.0, "area_ha": 0.25 }, "geometry": { "type": "Polygon", "coordinates": [ [ [ 77.412765963705084, 11.497551949702739 ], [ 77.412764040106438, 11.497326058773274 ], [ 77.412993074309185, 11.497324161504375 ], [ 77.412991150568729, 11.497098270609357 ], [ 77.413220184548976, 11.497096373199037 ], [ 77.413222108471601, 11.497322264055793 ], [ 77.413451142593658, 11.497320366427536 ], [ 77.413453066738796, 11.497546257242218 ], [ 77.412765963705084, 11.497551949702739 ] ] ] } },
{ "type": "Feature", "properties": { "event_name": "August 2019 Bhavani Flood Benchmark", "acquisition_date": "2019-08-10", "satellite": "Sentinel-1B", "orbit_pass": "DESCENDING", "relative_orbit": 165, "classification": "SATELLITE_OBSERVED_WATER_CHANGE", "area_m2": 1250.0, "area_ha": 0.125 }, "geometry": { "type": "Polygon", "coordinates": [ [ [ 77.413909210716668, 11.497316570631988 ], [ 77.413905361818806, 11.496864789144269 ], [ 77.414134395455434, 11.496862891053526 ], [ 77.41413824471762, 11.497314672464695 ], [ 77.413909210716668, 11.497316570631988 ] ] ] } },
{ "type": "Feature", "properties": { "event_name": "August 2019 Bhavani Flood Benchmark", "acquisition_date": "2019-08-10", "satellite": "Sentinel-1B", "orbit_pass": "DESCENDING", "relative_orbit": 165, "classification": "SATELLITE_OBSERVED_WATER_CHANGE", "area_m2": 1875.0, "area_ha": 0.188 }, "geometry": { "type": "Polygon", "coordinates": [ [ [ 77.403369770957312, 11.496951907091942 ], [ 77.403365938979405, 11.496500122075529 ], [ 77.403594974104706, 11.49649823232601 ], [ 77.403596890255727, 11.496724124798014 ], [ 77.403825925522995, 11.496722234830715 ], [ 77.403827841896387, 11.496948127260792 ], [ 77.403369770957312, 11.496951907091942 ] ] ] } },
{ "type": "Feature", "properties": { "event_name": "August 2019 Bhavani Flood Benchmark", "acquisition_date": "2019-08-10", "satellite": "Sentinel-1B", "orbit_pass": "DESCENDING", "relative_orbit": 165, "classification": "SATELLITE_OBSERVED_WATER_CHANGE", "area_m2": 1875.0, "area_ha": 0.188 }, "geometry": { "type": "Polygon", "coordinates": [ [ [ 77.274640139486934, 11.497307819223918 ], [ 77.274636512533831, 11.496855992497771 ], [ 77.274865569098267, 11.496854203854209 ], [ 77.274867382738023, 11.497080117183099 ], [ 77.275096439446642, 11.49707832832372 ], [ 77.27509825330668, 11.497304241612758 ], [ 77.274640139486934, 11.497307819223918 ] ] ] } },
{ "type": "Feature", "properties": { "event_name": "August 2019 Bhavani Flood Benchmark", "acquisition_date": "2019-08-10", "satellite": "Sentinel-1B", "orbit_pass": "DESCENDING", "relative_orbit": 165, "classification": "SATELLITE_OBSERVED_WATER_CHANGE", "area_m2": 1875.0, "area_ha": 0.188 }, "geometry": { "type": "Polygon", "coordinates": [ [ [ 77.403587309902562, 11.495594662399906 ], [ 77.403581562173017, 11.494916984915337 ], [ 77.403810595983131, 11.49491509525293 ], [ 77.403816344259084, 11.495592772623166 ], [ 77.403587309902562, 11.495594662399906 ] ] ] } },
{ "type": "Feature", "properties": { "event_name": "August 2019 Bhavani Flood Benchmark", "acquisition_date": "2019-08-10", "satellite": "Sentinel-1B", "orbit_pass": "DESCENDING", "relative_orbit": 165, "classification": "SATELLITE_OBSERVED_WATER_CHANGE", "area_m2": 2500.0, "area_ha": 0.25 }, "geometry": { "type": "Polygon", "coordinates": [ [ [ 77.254248529179193, 11.496788545332063 ], [ 77.254241340753779, 11.495884879036034 ], [ 77.254470399778043, 11.495883106568691 ], [ 77.254477588932374, 11.496786772721727 ], [ 77.254248529179193, 11.496788545332063 ] ] ] } },
{ "type": "Feature", "properties": { "event_name": "August 2019 Bhavani Flood Benchmark", "acquisition_date": "2019-08-10", "satellite": "Sentinel-1B", "orbit_pass": "DESCENDING", "relative_orbit": 165, "classification": "SATELLITE_OBSERVED_WATER_CHANGE", "area_m2": 3125.0, "area_ha": 0.312 }, "geometry": { "type": "Polygon", "coordinates": [ [ [ 77.208197956246991, 11.496011572286134 ], [ 77.208194435592588, 11.495559724884229 ], [ 77.208423501571701, 11.495557988651489 ], [ 77.208425262062661, 11.495783912319302 ], [ 77.208654328187095, 11.495782175871787 ], [ 77.208652567513866, 11.495556252238998 ], [ 77.208881633419097, 11.495554515646754 ], [ 77.208885155166953, 11.496006362838514 ], [ 77.208197956246991, 11.496011572286134 ] ] ] } },
{ "type": "Feature", "properties": { "event_name": "August 2019 Bhavani Flood Benchmark", "acquisition_date": "2019-08-10", "satellite": "Sentinel-1B", "orbit_pass": "DESCENDING", "relative_orbit": 165, "classification": "SATELLITE_OBSERVED_WATER_CHANGE", "area_m2": 6250.0, "area_ha": 0.625 }, "geometry": { "type": "Polygon", "coordinates": [ [ [ 77.274627445816861, 11.495726425616313 ], [ 77.274622006243206, 11.495048685442114 ], [ 77.274851061349921, 11.49504689708712 ], [ 77.27484924805259, 11.494820983724237 ], [ 77.275078302939079, 11.494819195225608 ], [ 77.275080116418593, 11.495045108552416 ], [ 77.275309171449209, 11.495043319837999 ], [ 77.275314612662712, 11.495721059687526 ], [ 77.274627445816861, 11.495726425616313 ] ] ] } },
{ "type": "Feature", "properties": { "event_name": "August 2019 Bhavani Flood Benchmark", "acquisition_date": "2019-08-10", "satellite": "Sentinel-1B", "orbit_pass": "DESCENDING", "relative_orbit": 165, "classification": "SATELLITE_OBSERVED_WATER_CHANGE", "area_m2": 3750.0, "area_ha": 0.375 }, "geometry": { "type": "Polygon", "coordinates": [ [ [ 77.404260998220622, 11.4940077458138 ], [ 77.404257165830799, 11.49355596100326 ], [ 77.404486198427591, 11.493554071030651 ], [ 77.404482365834383, 11.493102286281118 ], [ 77.404940430178911, 11.493098505949538 ], [ 77.404942346819624, 11.493324398249953 ], [ 77.404713314485349, 11.493326288543681 ], [ 77.404717147523186, 11.493778073209343 ], [ 77.404488114784513, 11.493779963399701 ], [ 77.404490031181638, 11.494005855764948 ], [ 77.404260998220622, 11.4940077458138 ] ] ] } },
{ "type": "Feature", "properties": { "event_name": "August 2019 Bhavani Flood Benchmark", "acquisition_date": "2019-08-10", "satellite": "Sentinel-1B", "orbit_pass": "DESCENDING", "relative_orbit": 165, "classification": "SATELLITE_OBSERVED_WATER_CHANGE", "area_m2": 2500.0, "area_ha": 0.25 }, "geometry": { "type": "Polygon", "coordinates": [ [ [ 77.189636477979278, 11.495247909701716 ], [ 77.189632987142488, 11.494796056620622 ], [ 77.190091123564784, 11.494792613373907 ], [ 77.190094615130533, 11.495244466316089 ], [ 77.189636477979278, 11.495247909701716 ] ] ] } },
{ "type": "Feature", "properties": { "event_name": "August 2019 Bhavani Flood Benchmark", "acquisition_date": "2019-08-10", "satellite": "Sentinel-1B", "orbit_pass": "DESCENDING", "relative_orbit": 165, "classification": "SATELLITE_OBSERVED_WATER_CHANGE", "area_m2": 1250.0, "area_ha": 0.125 }, "geometry": { "type": "Polygon", "coordinates": [ [ [ 77.213230350069324, 11.495069640367078 ], [ 77.213226821692373, 11.494617794477628 ], [ 77.213455886129026, 11.494616054430775 ], [ 77.213459414870428, 11.495067900250026 ], [ 77.213230350069324, 11.495069640367078 ] ] ] } },
{ "type": "Feature", "properties": { "event_name": "August 2019 Bhavani Flood Benchmark", "acquisition_date": "2019-08-10", "satellite": "Sentinel-1B", "orbit_pass": "DESCENDING", "relative_orbit": 165, "classification": "SATELLITE_OBSERVED_WATER_CHANGE", "area_m2": 5000.0, "area_ha": 0.5 }, "geometry": { "type": "Polygon", "coordinates": [ [ [ 77.254230559246764, 11.494529379478831 ], [ 77.254228762460897, 11.494303462872759 ], [ 77.25445782020968, 11.494301690655659 ], [ 77.254452429531696, 11.493623940922072 ], [ 77.254681486696199, 11.493622168632513 ], [ 77.254683283733343, 11.493848085178394 ], [ 77.254912341042328, 11.493846312673382 ], [ 77.2549177329266, 11.494524062181135 ], [ 77.254230559246764, 11.494529379478831 ] ] ] } },
{ "type": "Feature", "properties": { "event_name": "August 2019 Bhavani Flood Benchmark", "acquisition_date": "2019-08-10", "satellite": "Sentinel-1B", "orbit_pass": "DESCENDING", "relative_orbit": 165, "classification": "SATELLITE_OBSERVED_WATER_CHANGE", "area_m2": 2500.0, "area_ha": 0.25 }, "geometry": { "type": "Polygon", "coordinates": [ [ [ 77.198788677322838, 11.493823354439062 ], [ 77.198786924817185, 11.493597429269713 ], [ 77.198557858930172, 11.493599157638949 ], [ 77.198556106643508, 11.493373232430974 ], [ 77.199243303647577, 11.493368046888712 ], [ 77.199245056480891, 11.49359397199207 ], [ 77.199015990667419, 11.493595700720757 ], [ 77.199017743355284, 11.493821625855235 ], [ 77.198788677322838, 11.493823354439062 ] ] ] } },
{ "type": "Feature", "properties": { "event_name": "August 2019 Bhavani Flood Benchmark", "acquisition_date": "2019-08-10", "satellite": "Sentinel-1B", "orbit_pass": "DESCENDING", "relative_orbit": 165, "classification": "SATELLITE_OBSERVED_WATER_CHANGE", "area_m2": 18750.0, "area_ha": 1.875 }, "geometry": { "type": "Polygon", "coordinates": [ [ [ 77.20751075699458, 11.496016780115914 ], [ 77.20750723743366, 11.495564932503939 ], [ 77.207049105143085, 11.495568403351649 ], [ 77.207045586458804, 11.495116555584614 ], [ 77.20681652062261, 11.495118290668843 ], [ 77.20681300245046, 11.49466644281677 ], [ 77.206583936941826, 11.49466817765127 ], [ 77.206582178093342, 11.494442253684598 ], [ 77.206353112730014, 11.494443988304363 ], [ 77.206349595508215, 11.493992140289764 ], [ 77.206120530472418, 11.493993874659823 ], [ 77.206118772099089, 11.493767950611895 ], [ 77.205889707208627, 11.493769684767242 ], [ 77.205887949054386, 11.49354376068057 ], [ 77.20565888430923, 11.493545494621214 ], [ 77.205653610614533, 11.492867722233706 ], [ 77.205882674813083, 11.492865988398 ], [ 77.205886190937051, 11.493317836590139 ], [ 77.206115255463104, 11.493316102504757 ], [ 77.20611701376265, 11.493542026560203 ], [ 77.206346078434009, 11.493540292260121 ], [ 77.206347836952659, 11.493766216276821 ], [ 77.206576901769324, 11.493764481762028 ], [ 77.206578660507091, 11.493990405739979 ], [ 77.206807725469062, 11.493988671010465 ], [ 77.20680948442596, 11.494214594949662 ], [ 77.207038549533237, 11.494212860005423 ], [ 77.207042067922188, 11.49466470780254 ], [ 77.207271133356997, 11.494662972608564 ], [ 77.207274652258079, 11.495114820320643 ], [ 77.207961849434355, 11.495109613450241 ], [ 77.207965369576542, 11.495561460937219 ], [ 77.207736303523561, 11.495563196810457 ], [ 77.207738063467815, 11.495789120583316 ], [ 77.207967129703022, 11.495787384675067 ], [ 77.207968889866436, 11.496013308409152 ], [ 77.20751075699458, 11.496016780115914 ] ] ] } },
{ "type": "Feature", "properties": { "event_name": "August 2019 Bhavani Flood Benchmark", "acquisition_date": "2019-08-10", "satellite": "Sentinel-1B", "orbit_pass": "DESCENDING", "relative_orbit": 165, "classification": "SATELLITE_OBSERVED_WATER_CHANGE", "area_m2": 2500.0, "area_ha": 0.25 }, "geometry": { "type": "Polygon", "coordinates": [ [ [ 77.199472369242045, 11.49336631801518 ], [ 77.199468863321414, 11.492914467866935 ], [ 77.199926993671156, 11.492911009720247 ], [ 77.199930500320619, 11.493362859728952 ], [ 77.199472369242045, 11.49336631801518 ] ] ] } },
{ "type": "Feature", "properties": { "event_name": "August 2019 Bhavani Flood Benchmark", "acquisition_date": "2019-08-10", "satellite": "Sentinel-1B", "orbit_pass": "DESCENDING", "relative_orbit": 165, "classification": "SATELLITE_OBSERVED_WATER_CHANGE", "area_m2": 3125.0, "area_ha": 0.312 }, "geometry": { "type": "Polygon", "coordinates": [ [ [ 77.204506532155008, 11.492650464405052 ], [ 77.204504775278409, 11.492424540089765 ], [ 77.204962903278698, 11.492421074175596 ], [ 77.204961146074581, 11.492195149926472 ], [ 77.205190209837227, 11.492193416734803 ], [ 77.205191967223527, 11.492419340948958 ], [ 77.205421031131465, 11.492417607542615 ], [ 77.20542278873684, 11.492643531718038 ], [ 77.204506532155008, 11.492650464405052 ] ] ] } },
{ "type": "Feature", "properties": { "event_name": "August 2019 Bhavani Flood Benchmark", "acquisition_date": "2019-08-10", "satellite": "Sentinel-1B", "orbit_pass": "DESCENDING", "relative_orbit": 165, "classification": "SATELLITE_OBSERVED_WATER_CHANGE", "area_m2": 3750.0, "area_ha": 0.375 }, "geometry": { "type": "Polygon", "coordinates": [ [ [ 77.201754249527099, 11.492219395741342 ], [ 77.201752494910465, 11.491993470999287 ], [ 77.203126878936416, 11.491983084458141 ], [ 77.203128634646177, 11.492209008990638 ], [ 77.201754249527099, 11.492219395741342 ] ] ] } },
{ "type": "Feature", "properties": { "event_name": "August 2019 Bhavani Flood Benchmark", "acquisition_date": "2019-08-10", "satellite": "Sentinel-1B", "orbit_pass": "DESCENDING", "relative_orbit": 165, "classification": "SATELLITE_OBSERVED_WATER_CHANGE", "area_m2": 1250.0, "area_ha": 0.125 }, "geometry": { "type": "Polygon", "coordinates": [ [ [ 77.204044890655283, 11.492202080896154 ], [ 77.204043134216803, 11.491976156503435 ], [ 77.204501261635812, 11.491972691447904 ], [ 77.204503018438686, 11.492198615770713 ], [ 77.204044890655283, 11.492202080896154 ] ] ] } },
{ "type": "Feature", "properties": { "event_name": "August 2019 Bhavani Flood Benchmark", "acquisition_date": "2019-08-10", "satellite": "Sentinel-1B", "orbit_pass": "DESCENDING", "relative_orbit": 165, "classification": "SATELLITE_OBSERVED_WATER_CHANGE", "area_m2": 1250.0, "area_ha": 0.125 }, "geometry": { "type": "Polygon", "coordinates": [ [ [ 77.258528662486796, 11.487718196516118 ], [ 77.258526863372353, 11.48749228047674 ], [ 77.258984966469811, 11.487488731182992 ], [ 77.258986765948407, 11.487714647150737 ], [ 77.258528662486796, 11.487718196516118 ] ] ] } },
{ "type": "Feature", "properties": { "event_name": "August 2019 Bhavani Flood Benchmark", "acquisition_date": "2019-08-10", "satellite": "Sentinel-1B", "orbit_pass": "DESCENDING", "relative_orbit": 165, "classification": "SATELLITE_OBSERVED_WATER_CHANGE", "area_m2": 3750.0, "area_ha": 0.375 }, "geometry": { "type": "Polygon", "coordinates": [ [ [ 77.172402561406955, 11.488372712747546 ], [ 77.172400830765284, 11.488146783498467 ], [ 77.172171765228953, 11.488148490337188 ], [ 77.172168304418875, 11.487696631758885 ], [ 77.172397369590939, 11.487694924989057 ], [ 77.17239910015995, 11.487920854245637 ], [ 77.172628165477803, 11.487919147261715 ], [ 77.172629896265263, 11.488145076480091 ], [ 77.173088027156226, 11.488141661904395 ], [ 77.173089758344304, 11.488367591050107 ], [ 77.172402561406955, 11.488372712747546 ] ] ] } },
{ "type": "Feature", "properties": { "event_name": "August 2019 Bhavani Flood Benchmark", "acquisition_date": "2019-08-10", "satellite": "Sentinel-1B", "orbit_pass": "DESCENDING", "relative_orbit": 165, "classification": "SATELLITE_OBSERVED_WATER_CHANGE", "area_m2": 12500.0, "area_ha": 1.25 }, "geometry": { "type": "Polygon", "coordinates": [ [ [ 77.359531126859025, 11.486240478394382 ], [ 77.359529247579331, 11.486014578489828 ], [ 77.359300213547641, 11.486016431944206 ], [ 77.359298334489409, 11.485790531998443 ], [ 77.359069300600297, 11.485792385235889 ], [ 77.359067421763513, 11.485566485248926 ], [ 77.358838388016935, 11.485568338269449 ], [ 77.358836509401584, 11.485342438241291 ], [ 77.358378442154091, 11.485346143668988 ], [ 77.358374685769675, 11.484894343451707 ], [ 77.358832752289217, 11.484890638173594 ], [ 77.358834630825669, 11.48511653820934 ], [ 77.35929269755141, 11.485112832138395 ], [ 77.359294576491294, 11.485338732095538 ], [ 77.359752643423207, 11.485335025231729 ], [ 77.359754522766522, 11.485560925110256 ], [ 77.360212589904577, 11.485557217453554 ], [ 77.360216349437593, 11.486009017049552 ], [ 77.35975828157153, 11.486012724855925 ], [ 77.359760161033236, 11.486238624723068 ], [ 77.359531126859025, 11.486240478394382 ] ] ] } },
{ "type": "Feature", "properties": { "event_name": "August 2019 Bhavani Flood Benchmark", "acquisition_date": "2019-08-10", "satellite": "Sentinel-1B", "orbit_pass": "DESCENDING", "relative_orbit": 165, "classification": "SATELLITE_OBSERVED_WATER_CHANGE", "area_m2": 1875.0, "area_ha": 0.188 }, "geometry": { "type": "Polygon", "coordinates": [ [ [ 77.363188140379393, 11.485307200865263 ], [ 77.363184376351541, 11.484855402220088 ], [ 77.363642441212946, 11.484851689402745 ], [ 77.36364432357108, 11.485077588652286 ], [ 77.363415290978153, 11.485079445188182 ], [ 77.363417173193824, 11.485305344471401 ], [ 77.363188140379393, 11.485307200865263 ] ] ] } },
{ "type": "Feature", "properties": { "event_name": "August 2019 Bhavani Flood Benchmark", "acquisition_date": "2019-08-10", "satellite": "Sentinel-1B", "orbit_pass": "DESCENDING", "relative_orbit": 165, "classification": "SATELLITE_OBSERVED_WATER_CHANGE", "area_m2": 1250.0, "area_ha": 0.125 }, "geometry": { "type": "Polygon", "coordinates": [ [ [ 77.259428672034346, 11.485677853866379 ], [ 77.259426872531648, 11.485451937936354 ], [ 77.259884972049733, 11.485448387850788 ], [ 77.259886771916513, 11.485674303709153 ], [ 77.259428672034346, 11.485677853866379 ] ] ] } },
{ "type": "Feature", "properties": { "event_name": "August 2019 Bhavani Flood Benchmark", "acquisition_date": "2019-08-10", "satellite": "Sentinel-1B", "orbit_pass": "DESCENDING", "relative_orbit": 165, "classification": "SATELLITE_OBSERVED_WATER_CHANGE", "area_m2": 3750.0, "area_ha": 0.375 }, "geometry": { "type": "Polygon", "coordinates": [ [ [ 77.136197817467789, 11.487058627771018 ], [ 77.136194414278492, 11.486606758420834 ], [ 77.136423484014657, 11.48660508005983 ], [ 77.136421782291492, 11.486379145413 ], [ 77.136650851809819, 11.486377466906239 ], [ 77.13664914994024, 11.486151532289554 ], [ 77.1368782192407, 11.486149853637039 ], [ 77.136881623379807, 11.486601722798893 ], [ 77.136652553715109, 11.486603401519185 ], [ 77.13665425565614, 11.486829336128384 ], [ 77.136425185773575, 11.486831014702915 ], [ 77.136426887568206, 11.487056949342257 ], [ 77.136197817467789, 11.487058627771018 ] ] ] } },
{ "type": "Feature", "properties": { "event_name": "August 2019 Bhavani Flood Benchmark", "acquisition_date": "2019-08-10", "satellite": "Sentinel-1B", "orbit_pass": "DESCENDING", "relative_orbit": 165, "classification": "SATELLITE_OBSERVED_WATER_CHANGE", "area_m2": 3125.0, "area_ha": 0.312 }, "geometry": { "type": "Polygon", "coordinates": [ [ [ 77.358145652450759, 11.484896195821499 ], [ 77.358143774499695, 11.484670295669773 ], [ 77.357914741323327, 11.484672147822673 ], [ 77.35791098590343, 11.484220347433062 ], [ 77.358369051488822, 11.484216643097316 ], [ 77.358374685769675, 11.484894343451707 ], [ 77.358145652450759, 11.484896195821499 ] ] ] } },
{ "type": "Feature", "properties": { "event_name": "August 2019 Bhavani Flood Benchmark", "acquisition_date": "2019-08-10", "satellite": "Sentinel-1B", "orbit_pass": "DESCENDING", "relative_orbit": 165, "classification": "SATELLITE_OBSERVED_WATER_CHANGE", "area_m2": 1250.0, "area_ha": 0.125 }, "geometry": { "type": "Polygon", "coordinates": [ [ [ 77.36569431174587, 11.483705478221824 ], [ 77.365692427987227, 11.483479579286943 ], [ 77.366150489795118, 11.483475862970684 ], [ 77.366152373917657, 11.483701761830538 ], [ 77.36569431174587, 11.483705478221824 ] ] ] } },
{ "type": "Feature", "properties": { "event_name": "August 2019 Bhavani Flood Benchmark", "acquisition_date": "2019-08-10", "satellite": "Sentinel-1B", "orbit_pass": "DESCENDING", "relative_orbit": 165, "classification": "SATELLITE_OBSERVED_WATER_CHANGE", "area_m2": 11875.0, "area_ha": 1.188 }, "geometry": { "type": "Polygon", "coordinates": [ [ [ 77.357454797486596, 11.484449951322288 ], [ 77.357452920160313, 11.484224051050823 ], [ 77.356765821250008, 11.484229605131235 ], [ 77.356763944509069, 11.484003704743859 ], [ 77.3565349116421, 11.484005555707634 ], [ 77.356533035122538, 11.4837796552791 ], [ 77.356074969634363, 11.483783356593451 ], [ 77.356071217441283, 11.483331555575557 ], [ 77.355842185002018, 11.483333405888786 ], [ 77.355840309146544, 11.483107505336799 ], [ 77.356527405800264, 11.48310195397073 ], [ 77.356531158642369, 11.483553754846769 ], [ 77.356760191145398, 11.48355190395772 ], [ 77.356762067807523, 11.483777804352687 ], [ 77.357678198153337, 11.48377039885214 ], [ 77.357680075582749, 11.483996299093812 ], [ 77.357909108252613, 11.48399444723257 ], [ 77.35791098590343, 11.484220347433062 ], [ 77.357681953051582, 11.484222199331693 ], [ 77.357683830559836, 11.484448099565778 ], [ 77.357454797486596, 11.484449951322288 ] ] ] } },
{ "type": "Feature", "properties": { "event_name": "August 2019 Bhavani Flood Benchmark", "acquisition_date": "2019-08-10", "satellite": "Sentinel-1B", "orbit_pass": "DESCENDING", "relative_orbit": 165, "classification": "SATELLITE_OBSERVED_WATER_CHANGE", "area_m2": 2500.0, "area_ha": 0.25 }, "geometry": { "type": "Polygon", "coordinates": [ [ [ 77.401647883849776, 11.482959771717809 ], [ 77.401644059402088, 11.482507985696051 ], [ 77.401415035241811, 11.482509871647416 ], [ 77.401413123260113, 11.482283978592754 ], [ 77.401871171176694, 11.482280206586738 ], [ 77.401876908333747, 11.482957885510841 ], [ 77.401647883849776, 11.482959771717809 ] ] ] } },
{ "type": "Feature", "properties": { "event_name": "August 2019 Bhavani Flood Benchmark", "acquisition_date": "2019-08-10", "satellite": "Sentinel-1B", "orbit_pass": "DESCENDING", "relative_orbit": 165, "classification": "SATELLITE_OBSERVED_WATER_CHANGE", "area_m2": 4375.0, "area_ha": 0.438 }, "geometry": { "type": "Polygon", "coordinates": [ [ [ 77.35377152058075, 11.482220546153071 ], [ 77.35376964655967, 11.481994645246088 ], [ 77.353540614818357, 11.481996493540571 ], [ 77.353538741018568, 11.481770592592481 ], [ 77.354225835578646, 11.481765047282613 ], [ 77.354227709924245, 11.481990948118739 ], [ 77.354685773131337, 11.481987250273537 ], [ 77.354687647880169, 11.482213151031209 ], [ 77.35377152058075, 11.482220546153071 ] ] ] } },
{ "type": "Feature", "properties": { "event_name": "August 2019 Bhavani Flood Benchmark", "acquisition_date": "2019-08-10", "satellite": "Sentinel-1B", "orbit_pass": "DESCENDING", "relative_orbit": 165, "classification": "SATELLITE_OBSERVED_WATER_CHANGE", "area_m2": 3750.0, "area_ha": 0.375 }, "geometry": { "type": "Polygon", "coordinates": [ [ [ 77.167328581408384, 11.483891621622586 ], [ 77.167326855498686, 11.483665691541505 ], [ 77.167097792805961, 11.483667393740527 ], [ 77.167096067114556, 11.483441463621329 ], [ 77.166867004567635, 11.483443165606406 ], [ 77.166863553657663, 11.482991305288033 ], [ 77.167092615840474, 11.482989603371683 ], [ 77.167094341459389, 11.483215533498377 ], [ 77.167323403788018, 11.483213831368094 ], [ 77.167325129625226, 11.483439761456674 ], [ 77.167554192099658, 11.483438059112443 ], [ 77.167557644246941, 11.483889919209613 ], [ 77.167328581408384, 11.483891621622586 ] ] ] } },
{ "type": "Feature", "properties": { "event_name": "August 2019 Bhavani Flood Benchmark", "acquisition_date": "2019-08-10", "satellite": "Sentinel-1B", "orbit_pass": "DESCENDING", "relative_orbit": 165, "classification": "SATELLITE_OBSERVED_WATER_CHANGE", "area_m2": 9375.0, "area_ha": 0.938 }, "geometry": { "type": "Polygon", "coordinates": [ [ [ 77.128618139256773, 11.484402685418981 ], [ 77.128616444081857, 11.484176749584908 ], [ 77.128387375136242, 11.4841784214667 ], [ 77.128383985257372, 11.483726549719819 ], [ 77.128154916640327, 11.483728221354506 ], [ 77.128153221936373, 11.483502285441704 ], [ 77.127695084959669, 11.483505628104782 ], [ 77.127693390655438, 11.48327969212075 ], [ 77.127464322295793, 11.483281363149153 ], [ 77.12746262820923, 11.483055427127644 ], [ 77.127691696386819, 11.483053756132977 ], [ 77.127690002153756, 11.482827820141473 ], [ 77.127919070113691, 11.482826149000964 ], [ 77.127922458979512, 11.483278020912751 ], [ 77.128380595520881, 11.483274677957983 ], [ 77.12838229037132, 11.483500613840773 ], [ 77.128611358770698, 11.48349894206024 ], [ 77.128613053838805, 11.483724877905534 ], [ 77.128842122384654, 11.48372320591165 ], [ 77.128843817670443, 11.483949141719448 ], [ 77.129072886362778, 11.483947469512202 ], [ 77.12907627740536, 11.484399341049054 ], [ 77.128618139256773, 11.484402685418981 ] ] ] } },
{ "type": "Feature", "properties": { "event_name": "August 2019 Bhavani Flood Benchmark", "acquisition_date": "2019-08-10", "satellite": "Sentinel-1B", "orbit_pass": "DESCENDING", "relative_orbit": 165, "classification": "SATELLITE_OBSERVED_WATER_CHANGE", "area_m2": 1250.0, "area_ha": 0.125 }, "geometry": { "type": "Polygon", "coordinates": [ [ [ 77.1666344914386, 11.482993007024815 ], [ 77.166631041037675, 11.482541146622731 ], [ 77.166860102892642, 11.482539444954673 ], [ 77.166863553657663, 11.482991305288033 ], [ 77.1666344914386, 11.482993007024815 ] ] ] } },
{ "type": "Feature", "properties": { "event_name": "August 2019 Bhavani Flood Benchmark", "acquisition_date": "2019-08-10", "satellite": "Sentinel-1B", "orbit_pass": "DESCENDING", "relative_orbit": 165, "classification": "SATELLITE_OBSERVED_WATER_CHANGE", "area_m2": 2500.0, "area_ha": 0.25 }, "geometry": { "type": "Polygon", "coordinates": [ [ [ 77.26009062455671, 11.482509706502762 ], [ 77.260088825037016, 11.482283790627459 ], [ 77.259859777882909, 11.482285565437881 ], [ 77.259856179320877, 11.481833733604301 ], [ 77.260085226111016, 11.48183195886555 ], [ 77.260087025555109, 11.482057874748389 ], [ 77.260316072489445, 11.482056099794296 ], [ 77.260319671855015, 11.482507931476986 ], [ 77.26009062455671, 11.482509706502762 ] ] ] } },
{ "type": "Feature", "properties": { "event_name": "August 2019 Bhavani Flood Benchmark", "acquisition_date": "2019-08-10", "satellite": "Sentinel-1B", "orbit_pass": "DESCENDING", "relative_orbit": 165, "classification": "SATELLITE_OBSERVED_WATER_CHANGE", "area_m2": 1875.0, "area_ha": 0.188 }, "geometry": { "type": "Polygon", "coordinates": [ [ [ 77.11394754288429, 11.483153697936002 ], [ 77.113945859575466, 11.482927759926479 ], [ 77.114174929663704, 11.482926099561311 ], [ 77.114173246208168, 11.48270016158158 ], [ 77.11440231607898, 11.482698501070349 ], [ 77.114405683389577, 11.483150376959015 ], [ 77.11394754288429, 11.483153697936002 ] ] ] } },
{ "type": "Feature", "properties": { "event_name": "August 2019 Bhavani Flood Benchmark", "acquisition_date": "2019-08-10", "satellite": "Sentinel-1B", "orbit_pass": "DESCENDING", "relative_orbit": 165, "classification": "SATELLITE_OBSERVED_WATER_CHANGE", "area_m2": 1250.0, "area_ha": 0.125 }, "geometry": { "type": "Polygon", "coordinates": [ [ [ 77.113715106360459, 11.482703482065274 ], [ 77.113711740283705, 11.482251605960505 ], [ 77.113940809861106, 11.4822499458755 ], [ 77.113944176301999, 11.482701821913221 ], [ 77.113715106360459, 11.482703482065274 ] ] ] } },
{ "type": "Feature", "properties": { "event_name": "August 2019 Bhavani Flood Benchmark", "acquisition_date": "2019-08-10", "satellite": "Sentinel-1B", "orbit_pass": "DESCENDING", "relative_orbit": 165, "classification": "SATELLITE_OBSERVED_WATER_CHANGE", "area_m2": 1875.0, "area_ha": 0.188 }, "geometry": { "type": "Polygon", "coordinates": [ [ [ 77.342079654534089, 11.480959165361352 ], [ 77.342077790027119, 11.480733262533031 ], [ 77.342306822639813, 11.480731423434705 ], [ 77.342304957990081, 11.480505520639733 ], [ 77.342533990381696, 11.480503681399098 ], [ 77.342537720084181, 11.48095548691097 ], [ 77.342079654534089, 11.480959165361352 ] ] ] } },
{ "type": "Feature", "properties": { "event_name": "August 2019 Bhavani Flood Benchmark", "acquisition_date": "2019-08-10", "satellite": "Sentinel-1B", "orbit_pass": "DESCENDING", "relative_orbit": 165, "classification": "SATELLITE_OBSERVED_WATER_CHANGE", "area_m2": 1875.0, "area_ha": 0.188 }, "geometry": { "type": "Polygon", "coordinates": [ [ [ 77.145326422440959, 11.482472683479889 ], [ 77.145321298008611, 11.48179488329842 ], [ 77.145550362488848, 11.481793198466342 ], [ 77.145555487467334, 11.482470998545747 ], [ 77.145326422440959, 11.482472683479889 ] ] ] } },
{ "type": "Feature", "properties": { "event_name": "August 2019 Bhavani Flood Benchmark", "acquisition_date": "2019-08-10", "satellite": "Sentinel-1B", "orbit_pass": "DESCENDING", "relative_orbit": 165, "classification": "SATELLITE_OBSERVED_WATER_CHANGE", "area_m2": 1250.0, "area_ha": 0.125 }, "geometry": { "type": "Polygon", "coordinates": [ [ [ 77.153565882038663, 11.481508184047469 ], [ 77.153564167449076, 11.481282251869532 ], [ 77.154022293057082, 11.481278869234272 ], [ 77.154024008010722, 11.481504801343897 ], [ 77.153565882038663, 11.481508184047469 ] ] ] } },
{ "type": "Feature", "properties": { "event_name": "August 2019 Bhavani Flood Benchmark", "acquisition_date": "2019-08-10", "satellite": "Sentinel-1B", "orbit_pass": "DESCENDING", "relative_orbit": 165, "classification": "SATELLITE_OBSERVED_WATER_CHANGE", "area_m2": 1250.0, "area_ha": 0.125 }, "geometry": { "type": "Polygon", "coordinates": [ [ [ 77.317107467496996, 11.480254927838759 ], [ 77.317105622975646, 11.480029020969139 ], [ 77.317563695199098, 11.480025382008471 ], [ 77.317565540084289, 11.480251288804604 ], [ 77.317107467496996, 11.480254927838759 ] ] ] } },
{ "type": "Feature", "properties": { "event_name": "August 2019 Bhavani Flood Benchmark", "acquisition_date": "2019-08-10", "satellite": "Sentinel-1B", "orbit_pass": "DESCENDING", "relative_orbit": 165, "classification": "SATELLITE_OBSERVED_WATER_CHANGE", "area_m2": 3125.0, "area_ha": 0.312 }, "geometry": { "type": "Polygon", "coordinates": [ [ [ 77.11325191840163, 11.482028987466752 ], [ 77.113250235815741, 11.481803049337994 ], [ 77.113021166496409, 11.481804708817231 ], [ 77.113017801794769, 11.481352832481489 ], [ 77.113475939669883, 11.481349513477497 ], [ 77.113480987867675, 11.482027327774423 ], [ 77.11325191840163, 11.482028987466752 ] ] ] } },
{ "type": "Feature", "properties": { "event_name": "August 2019 Bhavani Flood Benchmark", "acquisition_date": "2019-08-10", "satellite": "Sentinel-1B", "orbit_pass": "DESCENDING", "relative_orbit": 165, "classification": "SATELLITE_OBSERVED_WATER_CHANGE", "area_m2": 1250.0, "area_ha": 0.125 }, "geometry": { "type": "Polygon", "coordinates": [ [ [ 77.165248049239835, 11.481421700759057 ], [ 77.165244601530418, 11.480969839892348 ], [ 77.165473662328523, 11.480968139542037 ], [ 77.165477110401994, 11.481420000340071 ], [ 77.165248049239835, 11.481421700759057 ] ] ] } },
{ "type": "Feature", "properties": { "event_name": "August 2019 Bhavani Flood Benchmark", "acquisition_date": "2019-08-10", "satellite": "Sentinel-1B", "orbit_pass": "DESCENDING", "relative_orbit": 165, "classification": "SATELLITE_OBSERVED_WATER_CHANGE", "area_m2": 1250.0, "area_ha": 0.125 }, "geometry": { "type": "Polygon", "coordinates": [ [ [ 77.345507673631417, 11.480027950380698 ], [ 77.34550393951271, 11.479576145804813 ], [ 77.345732970627978, 11.479574304200728 ], [ 77.345736705110482, 11.480026108702234 ], [ 77.345507673631417, 11.480027950380698 ] ] ] } },
{ "type": "Feature", "properties": { "event_name": "August 2019 Bhavani Flood Benchmark", "acquisition_date": "2019-08-10", "satellite": "Sentinel-1B", "orbit_pass": "DESCENDING", "relative_orbit": 165, "classification": "SATELLITE_OBSERVED_WATER_CHANGE", "area_m2": 1250.0, "area_ha": 0.125 }, "geometry": { "type": "Polygon", "coordinates": [ [ [ 77.317563695199098, 11.480025382008471 ], [ 77.317561850352647, 11.479799475208555 ], [ 77.318019922057246, 11.479795835603589 ], [ 77.318021767267538, 11.480021742330001 ], [ 77.317563695199098, 11.480025382008471 ] ] ] } },
{ "type": "Feature", "properties": { "event_name": "August 2019 Bhavani Flood Benchmark", "acquisition_date": "2019-08-10", "satellite": "Sentinel-1B", "orbit_pass": "DESCENDING", "relative_orbit": 165, "classification": "SATELLITE_OBSERVED_WATER_CHANGE", "area_m2": 6875.0, "area_ha": 0.688 }, "geometry": { "type": "Polygon", "coordinates": [ [ [ 77.376426567010967, 11.479777700852406 ], [ 77.376424675375958, 11.479551803619877 ], [ 77.37596662332146, 11.479555534808151 ], [ 77.37596473208994, 11.479329637496473 ], [ 77.375735706184983, 11.479331502783824 ], [ 77.375731924204885, 11.478879708073743 ], [ 77.37618997524757, 11.478875977470315 ], [ 77.376191866581507, 11.479101874751915 ], [ 77.376649917829013, 11.479098143355527 ], [ 77.37665180956644, 11.479324040557971 ], [ 77.376880835312477, 11.479322174552987 ], [ 77.376882727271521, 11.479548071713953 ], [ 77.376653701343599, 11.479549937756619 ], [ 77.376655593160493, 11.47977583495147 ], [ 77.376426567010967, 11.479777700852406 ] ] ] } },
{ "type": "Feature", "properties": { "event_name": "August 2019 Bhavani Flood Benchmark", "acquisition_date": "2019-08-10", "satellite": "Sentinel-1B", "orbit_pass": "DESCENDING", "relative_orbit": 165, "classification": "SATELLITE_OBSERVED_WATER_CHANGE", "area_m2": 3125.0, "area_ha": 0.312 }, "geometry": { "type": "Polygon", "coordinates": [ [ [ 77.320306584311453, 11.479325814083298 ], [ 77.320304737398345, 11.479099907713257 ], [ 77.320762807080783, 11.47909626402237 ], [ 77.320760959842673, 11.478870357722137 ], [ 77.321219029006087, 11.478866713387122 ], [ 77.32122087660801, 11.479092619613755 ], [ 77.320991841863801, 11.479094441907781 ], [ 77.320993689322634, 11.479320348167438 ], [ 77.320306584311453, 11.479325814083298 ] ] ] } },
{ "type": "Feature", "properties": { "event_name": "August 2019 Bhavani Flood Benchmark", "acquisition_date": "2019-08-10", "satellite": "Sentinel-1B", "orbit_pass": "DESCENDING", "relative_orbit": 165, "classification": "SATELLITE_OBSERVED_WATER_CHANGE", "area_m2": 3125.0, "area_ha": 0.312 }, "geometry": { "type": "Polygon", "coordinates": [ [ [ 77.164324911867382, 11.480524778341882 ], [ 77.164323188867428, 11.4802988477581 ], [ 77.164094128434328, 11.480300547107756 ], [ 77.164092405652568, 11.48007461648591 ], [ 77.164779586297286, 11.48006951800132 ], [ 77.164783032989007, 11.480521379035331 ], [ 77.164324911867382, 11.480524778341882 ] ] ] } },
{ "type": "Feature", "properties": { "event_name": "August 2019 Bhavani Flood Benchmark", "acquisition_date": "2019-08-10", "satellite": "Sentinel-1B", "orbit_pass": "DESCENDING", "relative_orbit": 165, "classification": "SATELLITE_OBSERVED_WATER_CHANGE", "area_m2": 2500.0, "area_ha": 0.25 }, "geometry": { "type": "Polygon", "coordinates": [ [ [ 77.373668803253437, 11.478670589209159 ], [ 77.373665024785268, 11.478218793798586 ], [ 77.374123075451493, 11.478215066650233 ], [ 77.374126854647116, 11.478666861910252 ], [ 77.373668803253437, 11.478670589209159 ] ] ] } },
{ "type": "Feature", "properties": { "event_name": "August 2019 Bhavani Flood Benchmark", "acquisition_date": "2019-08-10", "satellite": "Sentinel-1B", "orbit_pass": "DESCENDING", "relative_orbit": 165, "classification": "SATELLITE_OBSERVED_WATER_CHANGE", "area_m2": 5000.0, "area_ha": 0.5 }, "geometry": { "type": "Polygon", "coordinates": [ [ [ 77.3219061324601, 11.478861245538884 ], [ 77.32190243628132, 11.478409433295127 ], [ 77.323047606109157, 11.478400316994399 ], [ 77.323049455088622, 11.478626222934048 ], [ 77.32259138691019, 11.478629870066262 ], [ 77.322593235564696, 11.478855776075784 ], [ 77.3219061324601, 11.478861245538884 ] ] ] } },
{ "type": "Feature", "properties": { "event_name": "August 2019 Bhavani Flood Benchmark", "acquisition_date": "2019-08-10", "satellite": "Sentinel-1B", "orbit_pass": "DESCENDING", "relative_orbit": 165, "classification": "SATELLITE_OBSERVED_WATER_CHANGE", "area_m2": 2500.0, "area_ha": 0.25 }, "geometry": { "type": "Polygon", "coordinates": [ [ [ 77.162707714007183, 11.478729223563116 ], [ 77.162704271170227, 11.478277361851555 ], [ 77.163162389158657, 11.478273965744442 ], [ 77.163165832723521, 11.478725827318808 ], [ 77.162707714007183, 11.478729223563116 ] ] ] } },
{ "type": "Feature", "properties": { "event_name": "August 2019 Bhavani Flood Benchmark", "acquisition_date": "2019-08-10", "satellite": "Sentinel-1B", "orbit_pass": "DESCENDING", "relative_orbit": 165, "classification": "SATELLITE_OBSERVED_WATER_CHANGE", "area_m2": 3750.0, "area_ha": 0.375 }, "geometry": { "type": "Polygon", "coordinates": [ [ [ 77.113915566062161, 11.478860875116402 ], [ 77.11391051825693, 11.47818306086376 ], [ 77.114368650752695, 11.478179741361998 ], [ 77.114373699649931, 11.478857555413477 ], [ 77.113915566062161, 11.478860875116402 ] ] ] } },
{ "type": "Feature", "properties": { "event_name": "August 2019 Bhavani Flood Benchmark", "acquisition_date": "2019-08-10", "satellite": "Sentinel-1B", "orbit_pass": "DESCENDING", "relative_orbit": 165, "classification": "SATELLITE_OBSERVED_WATER_CHANGE", "area_m2": 5000.0, "area_ha": 0.5 }, "geometry": { "type": "Polygon", "coordinates": [ [ [ 77.161782872958781, 11.477606358904923 ], [ 77.161781152430891, 11.477380427895135 ], [ 77.16132303546425, 11.477383821574065 ], [ 77.161321315336409, 11.477157890491977 ], [ 77.160863198589098, 11.477161283384438 ], [ 77.160861478861321, 11.476935352230067 ], [ 77.161777711483538, 11.476928565864325 ], [ 77.161779431939124, 11.477154496881603 ], [ 77.162008490186267, 11.477152799807195 ], [ 77.162011931569836, 11.47760466176195 ], [ 77.161782872958781, 11.477606358904923 ] ] ] } },
{ "type": "Feature", "properties": { "event_name": "August 2019 Bhavani Flood Benchmark", "acquisition_date": "2019-08-10", "satellite": "Sentinel-1B", "orbit_pass": "DESCENDING", "relative_orbit": 165, "classification": "SATELLITE_OBSERVED_WATER_CHANGE", "area_m2": 3750.0, "area_ha": 0.375 }, "geometry": { "type": "Polygon", "coordinates": [ [ [ 77.115042382693588, 11.476367257266295 ], [ 77.115037333325617, 11.475689443393435 ], [ 77.115495461464391, 11.475686122834505 ], [ 77.115500511924083, 11.476363936506097 ], [ 77.115042382693588, 11.476367257266295 ] ] ] } },
{ "type": "Feature", "properties": { "event_name": "August 2019 Bhavani Flood Benchmark", "acquisition_date": "2019-08-10", "satellite": "Sentinel-1B", "orbit_pass": "DESCENDING", "relative_orbit": 165, "classification": "SATELLITE_OBSERVED_WATER_CHANGE", "area_m2": 3125.0, "area_ha": 0.312 }, "geometry": { "type": "Polygon", "coordinates": [ [ [ 77.334458383147066, 11.473339016272984 ], [ 77.334452811735332, 11.472661303720104 ], [ 77.334681839091445, 11.472659471876232 ], [ 77.334683696371442, 11.472885376027296 ], [ 77.334912723870303, 11.472883543967086 ], [ 77.334916438911023, 11.473335352183824 ], [ 77.334458383147066, 11.473339016272984 ] ] ] } },
{ "type": "Feature", "properties": { "event_name": "August 2019 Bhavani Flood Benchmark", "acquisition_date": "2019-08-10", "satellite": "Sentinel-1B", "orbit_pass": "DESCENDING", "relative_orbit": 165, "classification": "SATELLITE_OBSERVED_WATER_CHANGE", "area_m2": 1250.0, "area_ha": 0.125 }, "geometry": { "type": "Polygon", "coordinates": [ [ [ 77.295973838340728, 11.472740597348938 ], [ 77.295970185422505, 11.472288776619733 ], [ 77.296199218736646, 11.47228697501335 ], [ 77.296202872018483, 11.472738795669745 ], [ 77.295973838340728, 11.472740597348938 ] ] ] } },
{ "type": "Feature", "properties": { "event_name": "August 2019 Bhavani Flood Benchmark", "acquisition_date": "2019-08-10", "satellite": "Sentinel-1B", "orbit_pass": "DESCENDING", "relative_orbit": 165, "classification": "SATELLITE_OBSERVED_WATER_CHANGE", "area_m2": 1250.0, "area_ha": 0.125 }, "geometry": { "type": "Polygon", "coordinates": [ [ [ 77.392622592451943, 11.471964359273265 ], [ 77.39261878611498, 11.471512569914543 ], [ 77.392847802888525, 11.471510692641148 ], [ 77.392851609588973, 11.471962481924002 ], [ 77.392622592451943, 11.471964359273265 ] ] ] } },
{ "type": "Feature", "properties": { "event_name": "August 2019 Bhavani Flood Benchmark", "acquisition_date": "2019-08-10", "satellite": "Sentinel-1B", "orbit_pass": "DESCENDING", "relative_orbit": 165, "classification": "SATELLITE_OBSERVED_WATER_CHANGE", "area_m2": 1250.0, "area_ha": 0.125 }, "geometry": { "type": "Polygon", "coordinates": [ [ [ 77.115252932532243, 11.473880279646828 ], [ 77.115249566665852, 11.473428403720279 ], [ 77.115478628898245, 11.473426743686542 ], [ 77.115481995128462, 11.473878619545999 ], [ 77.115252932532243, 11.473880279646828 ] ] ] } },
{ "type": "Feature", "properties": { "event_name": "August 2019 Bhavani Flood Benchmark", "acquisition_date": "2019-08-10", "satellite": "Sentinel-1B", "orbit_pass": "DESCENDING", "relative_orbit": 165, "classification": "SATELLITE_OBSERVED_WATER_CHANGE", "area_m2": 1250.0, "area_ha": 0.125 }, "geometry": { "type": "Polygon", "coordinates": [ [ [ 77.295739325850249, 11.47206466764011 ], [ 77.29573567352594, 11.471612846815448 ], [ 77.295964706333095, 11.471611045497614 ], [ 77.295968359020975, 11.472062866249464 ], [ 77.295739325850249, 11.47206466764011 ] ] ] } },
{ "type": "Feature", "properties": { "event_name": "August 2019 Bhavani Flood Benchmark", "acquisition_date": "2019-08-10", "satellite": "Sentinel-1B", "orbit_pass": "DESCENDING", "relative_orbit": 165, "classification": "SATELLITE_OBSERVED_WATER_CHANGE", "area_m2": 1250.0, "area_ha": 0.125 }, "geometry": { "type": "Polygon", "coordinates": [ [ [ 77.296193739101838, 11.471609244000447 ], [ 77.296190086203922, 11.471157423306307 ], [ 77.296419118570697, 11.471155621702637 ], [ 77.296422771832184, 11.471607442323959 ], [ 77.296193739101838, 11.471609244000447 ] ] ] } },
{ "type": "Feature", "properties": { "event_name": "August 2019 Bhavani Flood Benchmark", "acquisition_date": "2019-08-10", "satellite": "Sentinel-1B", "orbit_pass": "DESCENDING", "relative_orbit": 165, "classification": "SATELLITE_OBSERVED_WATER_CHANGE", "area_m2": 1250.0, "area_ha": 0.125 }, "geometry": { "type": "Polygon", "coordinates": [ [ [ 77.193581526907522, 11.472172430874016 ], [ 77.193578036994126, 11.47172057827841 ], [ 77.193807085995644, 11.471718857057899 ], [ 77.193810576272739, 11.472170709583935 ], [ 77.193581526907522, 11.472172430874016 ] ] ] } },
{ "type": "Feature", "properties": { "event_name": "August 2019 Bhavani Flood Benchmark", "acquisition_date": "2019-08-10", "satellite": "Sentinel-1B", "orbit_pass": "DESCENDING", "relative_orbit": 165, "classification": "SATELLITE_OBSERVED_WATER_CHANGE", "area_m2": 1250.0, "area_ha": 0.125 }, "geometry": { "type": "Polygon", "coordinates": [ [ [ 77.129212134641591, 11.471971197740586 ], [ 77.129210440878879, 11.471745261802253 ], [ 77.129668558431703, 11.471741920136937 ], [ 77.129670252558171, 11.471967856007733 ], [ 77.129212134641591, 11.471971197740586 ] ] ] } },
{ "type": "Feature", "properties": { "event_name": "August 2019 Bhavani Flood Benchmark", "acquisition_date": "2019-08-10", "satellite": "Sentinel-1B", "orbit_pass": "DESCENDING", "relative_orbit": 165, "classification": "SATELLITE_OBSERVED_WATER_CHANGE", "area_m2": 1250.0, "area_ha": 0.125 }, "geometry": { "type": "Polygon", "coordinates": [ [ [ 77.330997001199933, 11.470203807438045 ], [ 77.330995147296278, 11.469977902649781 ], [ 77.331453198777155, 11.469974245049528 ], [ 77.331455053044294, 11.470200149763869 ], [ 77.330997001199933, 11.470203807438045 ] ] ] } },
{ "type": "Feature", "properties": { "event_name": "August 2019 Bhavani Flood Benchmark", "acquisition_date": "2019-08-10", "satellite": "Sentinel-1B", "orbit_pass": "DESCENDING", "relative_orbit": 165, "classification": "SATELLITE_OBSERVED_WATER_CHANGE", "area_m2": 1250.0, "area_ha": 0.125 }, "geometry": { "type": "Polygon", "coordinates": [ [ [ 77.295726543386905, 11.47048329468775 ], [ 77.295722891599979, 11.47003147381025 ], [ 77.295951923134652, 11.470029672747227 ], [ 77.295955575285134, 11.470481493551921 ], [ 77.295726543386905, 11.47048329468775 ] ] ] } },
{ "type": "Feature", "properties": { "event_name": "August 2019 Bhavani Flood Benchmark", "acquisition_date": "2019-08-10", "satellite": "Sentinel-1B", "orbit_pass": "DESCENDING", "relative_orbit": 165, "classification": "SATELLITE_OBSERVED_WATER_CHANGE", "area_m2": 1875.0, "area_ha": 0.188 }, "geometry": { "type": "Polygon", "coordinates": [ [ [ 77.412752919441274, 11.469087770107473 ], [ 77.412751000743782, 11.468861878736519 ], [ 77.412980011983649, 11.468859986108287 ], [ 77.412978093144815, 11.468634094771785 ], [ 77.413207104162666, 11.468632202002588 ], [ 77.413210942244035, 11.469083984595279 ], [ 77.412752919441274, 11.469087770107473 ] ] ] } },
{ "type": "Feature", "properties": { "event_name": "August 2019 Bhavani Flood Benchmark", "acquisition_date": "2019-08-10", "satellite": "Sentinel-1B", "orbit_pass": "DESCENDING", "relative_orbit": 165, "classification": "SATELLITE_OBSERVED_WATER_CHANGE", "area_m2": 3750.0, "area_ha": 0.375 }, "geometry": { "type": "Polygon", "coordinates": [ [ [ 77.295493860026909, 11.470033274693973 ], [ 77.295490208757016, 11.46958145372858 ], [ 77.295719239966573, 11.469579652917654 ], [ 77.295717414207445, 11.469353742465694 ], [ 77.296175476147866, 11.469350140378769 ], [ 77.296179128431547, 11.469801961133298 ], [ 77.29572106576407, 11.469805563365837 ], [ 77.295722891599979, 11.47003147381025 ], [ 77.295493860026909, 11.470033274693973 ] ] ] } },
{ "type": "Feature", "properties": { "event_name": "August 2019 Bhavani Flood Benchmark", "acquisition_date": "2019-08-10", "satellite": "Sentinel-1B", "orbit_pass": "DESCENDING", "relative_orbit": 165, "classification": "SATELLITE_OBSERVED_WATER_CHANGE", "area_m2": 1250.0, "area_ha": 0.125 }, "geometry": { "type": "Polygon", "coordinates": [ [ [ 77.200895332557849, 11.470083933854102 ], [ 77.200891831668699, 11.469632083420862 ], [ 77.20112087785806, 11.4696303567745 ], [ 77.201124379110837, 11.470082207137935 ], [ 77.200895332557849, 11.470083933854102 ] ] ] } },
{ "type": "Feature", "properties": { "event_name": "August 2019 Bhavani Flood Benchmark", "acquisition_date": "2019-08-10", "satellite": "Sentinel-1B", "orbit_pass": "DESCENDING", "relative_orbit": 165, "classification": "SATELLITE_OBSERVED_WATER_CHANGE", "area_m2": 2500.0, "area_ha": 0.25 }, "geometry": { "type": "Polygon", "coordinates": [ [ [ 77.114995267638392, 11.470040993146469 ], [ 77.114991903338336, 11.469589117025947 ], [ 77.11545002165461, 11.469585798278407 ], [ 77.115453386682063, 11.470037674264754 ], [ 77.114995267638392, 11.470040993146469 ] ] ] } },
{ "type": "Feature", "properties": { "event_name": "August 2019 Bhavani Flood Benchmark", "acquisition_date": "2019-08-10", "satellite": "Sentinel-1B", "orbit_pass": "DESCENDING", "relative_orbit": 165, "classification": "SATELLITE_OBSERVED_WATER_CHANGE", "area_m2": 1250.0, "area_ha": 0.125 }, "geometry": { "type": "Polygon", "coordinates": [ [ [ 77.311284081766217, 11.468327237281537 ], [ 77.311282243841248, 11.468101329294266 ], [ 77.311740298726193, 11.468097703191193 ], [ 77.311742137014619, 11.468323611105163 ], [ 77.311284081766217, 11.468327237281537 ] ] ] } },
{ "type": "Feature", "properties": { "event_name": "August 2019 Bhavani Flood Benchmark", "acquisition_date": "2019-08-10", "satellite": "Sentinel-1B", "orbit_pass": "DESCENDING", "relative_orbit": 165, "classification": "SATELLITE_OBSERVED_WATER_CHANGE", "area_m2": 2500.0, "area_ha": 0.25 }, "geometry": { "type": "Polygon", "coordinates": [ [ [ 77.166069494413819, 11.468988726268202 ], [ 77.166067771805146, 11.468762795768139 ], [ 77.166983974907907, 11.468755997838164 ], [ 77.16698569824382, 11.468981928200806 ], [ 77.166069494413819, 11.468988726268202 ] ] ] } },
{ "type": "Feature", "properties": { "event_name": "August 2019 Bhavani Flood Benchmark", "acquisition_date": "2019-08-10", "satellite": "Sentinel-1B", "orbit_pass": "DESCENDING", "relative_orbit": 165, "classification": "SATELLITE_OBSERVED_WATER_CHANGE", "area_m2": 2500.0, "area_ha": 0.25 }, "geometry": { "type": "Polygon", "coordinates": [ [ [ 77.122547461284256, 11.469082392022365 ], [ 77.122545773257471, 11.46885645505783 ], [ 77.123462002888814, 11.468849793571604 ], [ 77.123463691642925, 11.469075730401473 ], [ 77.122547461284256, 11.469082392022365 ] ] ] } },
{ "type": "Feature", "properties": { "event_name": "August 2019 Bhavani Flood Benchmark", "acquisition_date": "2019-08-10", "satellite": "Sentinel-1B", "orbit_pass": "DESCENDING", "relative_orbit": 165, "classification": "SATELLITE_OBSERVED_WATER_CHANGE", "area_m2": 1250.0, "area_ha": 0.125 }, "geometry": { "type": "Polygon", "coordinates": [ [ [ 77.125062023429223, 11.468386255865926 ], [ 77.125060333508898, 11.468160319260663 ], [ 77.125518446523259, 11.468156985132522 ], [ 77.125520136807225, 11.468382921670379 ], [ 77.125062023429223, 11.468386255865926 ] ] ] } },
{ "type": "Feature", "properties": { "event_name": "August 2019 Bhavani Flood Benchmark", "acquisition_date": "2019-08-10", "satellite": "Sentinel-1B", "orbit_pass": "DESCENDING", "relative_orbit": 165, "classification": "SATELLITE_OBSERVED_WATER_CHANGE", "area_m2": 1250.0, "area_ha": 0.125 }, "geometry": { "type": "Polygon", "coordinates": [ [ [ 77.282640802674521, 11.466745149919458 ], [ 77.282638987771847, 11.466519237349576 ], [ 77.283097049350687, 11.466515656643166 ], [ 77.28309886461679, 11.466741569140657 ], [ 77.282640802674521, 11.466745149919458 ] ] ] } },
{ "type": "Feature", "properties": { "event_name": "August 2019 Bhavani Flood Benchmark", "acquisition_date": "2019-08-10", "satellite": "Sentinel-1B", "orbit_pass": "DESCENDING", "relative_orbit": 165, "classification": "SATELLITE_OBSERVED_WATER_CHANGE", "area_m2": 1250.0, "area_ha": 0.125 }, "geometry": { "type": "Polygon", "coordinates": [ [ [ 77.255840327157486, 11.466501544003922 ], [ 77.255838533591827, 11.466275627216765 ], [ 77.256296603322383, 11.466272088599858 ], [ 77.256298397251498, 11.466498005315469 ], [ 77.255840327157486, 11.466501544003922 ] ] ] } },
{ "type": "Feature", "properties": { "event_name": "August 2019 Bhavani Flood Benchmark", "acquisition_date": "2019-08-10", "satellite": "Sentinel-1B", "orbit_pass": "DESCENDING", "relative_orbit": 165, "classification": "SATELLITE_OBSERVED_WATER_CHANGE", "area_m2": 1875.0, "area_ha": 0.188 }, "geometry": { "type": "Polygon", "coordinates": [ [ [ 77.173147594573209, 11.465998883262646 ], [ 77.173145866800851, 11.46577295378045 ], [ 77.173833008718546, 11.465767840267574 ], [ 77.173834737036159, 11.465993769646373 ], [ 77.173147594573209, 11.465998883262646 ] ] ] } },
{ "type": "Feature", "properties": { "event_name": "August 2019 Bhavani Flood Benchmark", "acquisition_date": "2019-08-10", "satellite": "Sentinel-1B", "orbit_pass": "DESCENDING", "relative_orbit": 165, "classification": "SATELLITE_OBSERVED_WATER_CHANGE", "area_m2": 13125.0, "area_ha": 1.312 }, "geometry": { "type": "Polygon", "coordinates": [ [ [ 77.125976559395454, 11.468153650286977 ], [ 77.125974868783388, 11.467927713812809 ], [ 77.126203924984353, 11.467926046154728 ], [ 77.126202234226042, 11.467700109710542 ], [ 77.125744122152199, 11.467703444779932 ], [ 77.125742431793043, 11.46747750826459 ], [ 77.126658655071296, 11.467470837543301 ], [ 77.126656964020469, 11.467244901159088 ], [ 77.126427908436042, 11.467246569074696 ], [ 77.126426217602585, 11.467020632653028 ], [ 77.126884328372284, 11.467017296709926 ], [ 77.126882637210798, 11.466791360351975 ], [ 77.126653582025511, 11.466793028379465 ], [ 77.126648509299784, 11.466115219182035 ], [ 77.126419454624298, 11.466116886929033 ], [ 77.126417763968618, 11.465890950488701 ], [ 77.126875872920436, 11.46588761488284 ], [ 77.126880946084853, 11.466565423990289 ], [ 77.127110001052785, 11.4665637558172 ], [ 77.127111692360515, 11.466789692145152 ], [ 77.127340747474648, 11.466788023759005 ], [ 77.127342438999733, 11.467013960049494 ], [ 77.127113383703787, 11.467015628469376 ], [ 77.127116766497068, 11.46746750110662 ], [ 77.126887710801967, 11.467469169414629 ], [ 77.126889402070148, 11.467695105761379 ], [ 77.126431290209638, 11.46769844190683 ], [ 77.126434672125441, 11.468150314724031 ], [ 77.125976559395454, 11.468153650286977 ] ] ] } },
{ "type": "Feature", "properties": { "event_name": "August 2019 Bhavani Flood Benchmark", "acquisition_date": "2019-08-10", "satellite": "Sentinel-1B", "orbit_pass": "DESCENDING", "relative_orbit": 165, "classification": "SATELLITE_OBSERVED_WATER_CHANGE", "area_m2": 8125.0, "area_ha": 0.812 }, "geometry": { "type": "Polygon", "coordinates": [ [ [ 77.295688207281245, 11.465739174721177 ], [ 77.295686382174594, 11.465513264205073 ], [ 77.295457354236078, 11.465515064360842 ], [ 77.295455529349482, 11.465289153804569 ], [ 77.294997473720684, 11.465292753505642 ], [ 77.294995649235844, 11.465066842872812 ], [ 77.295224676887742, 11.465065043148281 ], [ 77.295222852259585, 11.464839132548072 ], [ 77.294993824789358, 11.464840932236216 ], [ 77.29499017601151, 11.464389110951702 ], [ 77.295448230186892, 11.464385511541764 ], [ 77.295451879691441, 11.464837332680712 ], [ 77.295680907084915, 11.464835532634135 ], [ 77.295682732076429, 11.465061443161554 ], [ 77.295911759613205, 11.465059642899359 ], [ 77.295917235363078, 11.465737374349782 ], [ 77.295688207281245, 11.465739174721177 ] ] ] } },
{ "type": "Feature", "properties": { "event_name": "August 2019 Bhavani Flood Benchmark", "acquisition_date": "2019-08-10", "satellite": "Sentinel-1B", "orbit_pass": "DESCENDING", "relative_orbit": 165, "classification": "SATELLITE_OBSERVED_WATER_CHANGE", "area_m2": 2500.0, "area_ha": 0.25 }, "geometry": { "type": "Polygon", "coordinates": [ [ [ 77.294526649893655, 11.463714977471422 ], [ 77.294519354711966, 11.462811334520795 ], [ 77.294748380623972, 11.462809535518527 ], [ 77.294755676532262, 11.46371317832363 ], [ 77.294526649893655, 11.463714977471422 ] ] ] } },
{ "type": "Feature", "properties": { "event_name": "August 2019 Bhavani Flood Benchmark", "acquisition_date": "2019-08-10", "satellite": "Sentinel-1B", "orbit_pass": "DESCENDING", "relative_orbit": 165, "classification": "SATELLITE_OBSERVED_WATER_CHANGE", "area_m2": 1250.0, "area_ha": 0.125 }, "geometry": { "type": "Polygon", "coordinates": [ [ [ 77.115172190788144, 11.463035253290057 ], [ 77.115168828317223, 11.462583377005336 ], [ 77.11539788182229, 11.462581718581758 ], [ 77.115401244656667, 11.46303359479939 ], [ 77.115172190788144, 11.463035253290057 ] ] ] } },
{ "type": "Feature", "properties": { "event_name": "August 2019 Bhavani Flood Benchmark", "acquisition_date": "2019-08-10", "satellite": "Sentinel-1B", "orbit_pass": "DESCENDING", "relative_orbit": 165, "classification": "SATELLITE_OBSERVED_WATER_CHANGE", "area_m2": 41250.0, "area_ha": 4.125 }, "geometry": { "type": "Polygon", "coordinates": [ [ [ 77.126188709439376, 11.465892618022661 ], [ 77.12618363823097, 11.465214808578114 ], [ 77.125954584211499, 11.465216475831618 ], [ 77.125949513868349, 11.464538666252334 ], [ 77.125491406813325, 11.464542000019172 ], [ 77.125486337880588, 11.463864190204045 ], [ 77.12525728484502, 11.463865856717412 ], [ 77.125253906097711, 11.46341398342126 ], [ 77.125024853390087, 11.463415649687951 ], [ 77.125023164251459, 11.463189713000576 ], [ 77.124794111690051, 11.463191379054294 ], [ 77.124792422768692, 11.462965442329494 ], [ 77.125021475148387, 11.462963776309472 ], [ 77.125018097048809, 11.462511902916066 ], [ 77.125247149029519, 11.462510236784174 ], [ 77.125243770708622, 11.46205836344325 ], [ 77.125472822290348, 11.462056697199507 ], [ 77.125469443748173, 11.461604823911058 ], [ 77.125927546078202, 11.46160149102065 ], [ 77.125925856496991, 11.461375554438238 ], [ 77.126154907426994, 11.461373887757881 ], [ 77.126153217699652, 11.46114795120546 ], [ 77.126382268412385, 11.461146284379575 ], [ 77.12638733824619, 11.4618240939245 ], [ 77.125700184365982, 11.461829094167857 ], [ 77.125703563342668, 11.462280967381433 ], [ 77.126161666691871, 11.46227763393026 ], [ 77.126165046537608, 11.462729506994055 ], [ 77.125935994517334, 11.462731173876698 ], [ 77.125941064007364, 11.463408983545552 ], [ 77.126170116572837, 11.463407316561767 ], [ 77.126173496774058, 11.463859189588247 ], [ 77.126402549667461, 11.463857522357749 ], [ 77.126407620781194, 11.464535331768326 ], [ 77.126636674184283, 11.464533664257385 ], [ 77.126640055468059, 11.46498553711166 ], [ 77.126869109199106, 11.464983869353977 ], [ 77.126872490988646, 11.465435742125873 ], [ 77.126414382763926, 11.465439077596841 ], [ 77.126417763968618, 11.465890950488701 ], [ 77.126188709439376, 11.465892618022661 ] ], [ [ 77.126181947899283, 11.464988872089133 ], [ 77.126411001701456, 11.464987204690047 ], [ 77.12640931122354, 11.464761268231056 ], [ 77.126180257603139, 11.46476293559642 ], [ 77.126181947899283, 11.464988872089133 ] ] ] } },
{ "type": "Feature", "properties": { "event_name": "August 2019 Bhavani Flood Benchmark", "acquisition_date": "2019-08-10", "satellite": "Sentinel-1B", "orbit_pass": "DESCENDING", "relative_orbit": 165, "classification": "SATELLITE_OBSERVED_WATER_CHANGE", "area_m2": 16875.0, "area_ha": 1.688 }, "geometry": { "type": "Polygon", "coordinates": [ [ [ 77.293826807397082, 11.462138997872547 ], [ 77.293824984357528, 11.461913087005021 ], [ 77.29359595901866, 11.461914885145081 ], [ 77.293594136199076, 11.461688974237418 ], [ 77.293365111003496, 11.461690772161944 ], [ 77.293363288403881, 11.461464861214148 ], [ 77.29313426335159, 11.461466658923145 ], [ 77.293126974062972, 11.460563014948814 ], [ 77.293355998388805, 11.460561217385258 ], [ 77.293350531280055, 11.459883484473998 ], [ 77.293121507499023, 11.459885281928475 ], [ 77.293119685387708, 11.459659370914155 ], [ 77.293348708987153, 11.459657573496035 ], [ 77.293346886732593, 11.459431662514309 ], [ 77.293575910112096, 11.459429864953416 ], [ 77.293585022676311, 11.460559419642552 ], [ 77.293814046925476, 11.460557621720694 ], [ 77.293815869734956, 11.460783532610844 ], [ 77.294044894127381, 11.460781734473469 ], [ 77.294055832879238, 11.462137199516945 ], [ 77.293826807397082, 11.462138997872547 ] ] ] } },
{ "type": "Feature", "properties": { "event_name": "August 2019 Bhavani Flood Benchmark", "acquisition_date": "2019-08-10", "satellite": "Sentinel-1B", "orbit_pass": "DESCENDING", "relative_orbit": 165, "classification": "SATELLITE_OBSERVED_WATER_CHANGE", "area_m2": 3125.0, "area_ha": 0.312 }, "geometry": { "type": "Polygon", "coordinates": [ [ [ 77.311668635622027, 11.45928729160077 ], [ 77.31166496217547, 11.458835475466987 ], [ 77.312352021870552, 11.458830039476801 ], [ 77.312353859119213, 11.459055947435612 ], [ 77.312124839077939, 11.459057759648113 ], [ 77.312126676183667, 11.459283667639809 ], [ 77.311668635622027, 11.45928729160077 ] ] ] } },
{ "type": "Feature", "properties": { "event_name": "August 2019 Bhavani Flood Benchmark", "acquisition_date": "2019-08-10", "satellite": "Sentinel-1B", "orbit_pass": "DESCENDING", "relative_orbit": 165, "classification": "SATELLITE_OBSERVED_WATER_CHANGE", "area_m2": 3750.0, "area_ha": 0.375 }, "geometry": { "type": "Polygon", "coordinates": [ [ [ 77.293575910112096, 11.459429864953416 ], [ 77.293572265354811, 11.458978043051374 ], [ 77.293801288332816, 11.458976245384084 ], [ 77.293795820939721, 11.458298512611842 ], [ 77.294024843334668, 11.458296714874541 ], [ 77.294032133995131, 11.459200358417844 ], [ 77.293803110873881, 11.459202156300625 ], [ 77.293804933453288, 11.459428067213397 ], [ 77.293575910112096, 11.459429864953416 ] ] ] } },
{ "type": "Feature", "properties": { "event_name": "August 2019 Bhavani Flood Benchmark", "acquisition_date": "2019-08-10", "satellite": "Sentinel-1B", "orbit_pass": "DESCENDING", "relative_orbit": 165, "classification": "SATELLITE_OBSERVED_WATER_CHANGE", "area_m2": 4375.0, "area_ha": 0.438 }, "geometry": { "type": "Polygon", "coordinates": [ [ [ 77.268370493194595, 11.458045118159285 ], [ 77.26836869103748, 11.457819203205588 ], [ 77.268597717120613, 11.457817425458561 ], [ 77.268595914819841, 11.457591510537068 ], [ 77.268366888918294, 11.457593288248123 ], [ 77.268363284793679, 11.457141458321912 ], [ 77.268592310332096, 11.457139680682792 ], [ 77.268594112557011, 11.457365595611808 ], [ 77.268823138239057, 11.457363817757612 ], [ 77.268826743165803, 11.457815647532421 ], [ 77.269055769173065, 11.457813869427163 ], [ 77.26905757187491, 11.458039784272946 ], [ 77.268370493194595, 11.458045118159285 ] ] ] } },
{ "type": "Feature", "properties": { "event_name": "August 2019 Bhavani Flood Benchmark", "acquisition_date": "2019-08-10", "satellite": "Sentinel-1B", "orbit_pass": "DESCENDING", "relative_orbit": 165, "classification": "SATELLITE_OBSERVED_WATER_CHANGE", "area_m2": 1250.0, "area_ha": 0.125 }, "geometry": { "type": "Polygon", "coordinates": [ [ [ 77.293328666295423, 11.457172552489663 ], [ 77.293325022668029, 11.456720730439502 ], [ 77.293554043868781, 11.456718933314965 ], [ 77.293557687859263, 11.457170755292401 ], [ 77.293328666295423, 11.457172552489663 ] ] ] } },
{ "type": "Feature", "properties": { "event_name": "August 2019 Bhavani Flood Benchmark", "acquisition_date": "2019-08-10", "satellite": "Sentinel-1B", "orbit_pass": "DESCENDING", "relative_orbit": 165, "classification": "SATELLITE_OBSERVED_WATER_CHANGE", "area_m2": 1250.0, "area_ha": 0.125 }, "geometry": { "type": "Polygon", "coordinates": [ [ [ 77.267447182260838, 11.45714856708733 ], [ 77.267445380981655, 11.456922651974743 ], [ 77.267903431960761, 11.456919098022158 ], [ 77.267905233603088, 11.457145013062833 ], [ 77.267447182260838, 11.45714856708733 ] ] ] } },
{ "type": "Feature", "properties": { "event_name": "August 2019 Bhavani Flood Benchmark", "acquisition_date": "2019-08-10", "satellite": "Sentinel-1B", "orbit_pass": "DESCENDING", "relative_orbit": 165, "classification": "SATELLITE_OBSERVED_WATER_CHANGE", "area_m2": 43750.0, "area_ha": 4.375 }, "geometry": { "type": "Polygon", "coordinates": [ [ [ 77.126382268412385, 11.461146284379575 ], [ 77.126375509131719, 11.460242538267446 ], [ 77.126146459145744, 11.460244204958462 ], [ 77.126143080082073, 11.459792331812574 ], [ 77.126372129704691, 11.459790665188995 ], [ 77.126368750419886, 11.459338792095618 ], [ 77.126597799643605, 11.459337125360268 ], [ 77.126596109872864, 11.459111188841703 ], [ 77.12682515887937, 11.459109521960865 ], [ 77.126821779081212, 11.458657648979992 ], [ 77.127508924797411, 11.458652647464644 ], [ 77.127507234406721, 11.458426711069809 ], [ 77.127736282725991, 11.458425043573365 ], [ 77.127734592189213, 11.458199107208539 ], [ 77.12796364029127, 11.458197439566645 ], [ 77.127961949608419, 11.45797150323183 ], [ 77.128190997493249, 11.457969835444493 ], [ 77.128189306664339, 11.457743899139695 ], [ 77.128418354331941, 11.45774223120692 ], [ 77.128414972417588, 11.457290358653623 ], [ 77.128644019686348, 11.457288690609174 ], [ 77.128649093156156, 11.457966499332269 ], [ 77.129107188676713, 11.457963162503296 ], [ 77.129108880267793, 11.458189098669349 ], [ 77.12865078438395, 11.458192435565836 ], [ 77.128654166946276, 11.45864430802178 ], [ 77.128425118587671, 11.458645976268745 ], [ 77.128426809740574, 11.458871912524875 ], [ 77.128197761164699, 11.458873580626395 ], [ 77.128196070193468, 11.458647644336516 ], [ 77.127967021763695, 11.458649312225088 ], [ 77.127970403378441, 11.459101184868608 ], [ 77.127741354549755, 11.45910285264547 ], [ 77.12774473594348, 11.459554725341549 ], [ 77.127515686715896, 11.459556393006681 ], [ 77.127519067888571, 11.460008265755313 ], [ 77.127290018262073, 11.460009933308708 ], [ 77.127296780307503, 11.460913678896143 ], [ 77.127067729918693, 11.460915346405244 ], [ 77.127069420337278, 11.461141282826503 ], [ 77.126382268412385, 11.461146284379575 ] ], [ [ 77.126830228843275, 11.45978733140419 ], [ 77.127059278359226, 11.459785664242961 ], [ 77.127057588154031, 11.459559727799315 ], [ 77.126828538819751, 11.459561394926814 ], [ 77.126830228843275, 11.45978733140419 ] ] ] } },
{ "type": "Feature", "properties": { "event_name": "August 2019 Bhavani Flood Benchmark", "acquisition_date": "2019-08-10", "satellite": "Sentinel-1B", "orbit_pass": "DESCENDING", "relative_orbit": 165, "classification": "SATELLITE_OBSERVED_WATER_CHANGE", "area_m2": 1250.0, "area_ha": 0.125 }, "geometry": { "type": "Polygon", "coordinates": [ [ [ 77.293323200911829, 11.456494819408768 ], [ 77.293319557514437, 11.456042997335986 ], [ 77.293548578170586, 11.456041200320536 ], [ 77.293552221931037, 11.45649302232059 ], [ 77.293323200911829, 11.456494819408768 ] ] ] } },
{ "type": "Feature", "properties": { "event_name": "August 2019 Bhavani Flood Benchmark", "acquisition_date": "2019-08-10", "satellite": "Sentinel-1B", "orbit_pass": "DESCENDING", "relative_orbit": 165, "classification": "SATELLITE_OBSERVED_WATER_CHANGE", "area_m2": 1250.0, "area_ha": 0.125 }, "geometry": { "type": "Polygon", "coordinates": [ [ [ 77.293781242911905, 11.456491225053332 ], [ 77.293777598788381, 11.45603940312601 ], [ 77.294006619367849, 11.456037605752405 ], [ 77.294010263854432, 11.456489427606989 ], [ 77.293781242911905, 11.456491225053332 ] ] ] } },
{ "type": "Feature", "properties": { "event_name": "August 2019 Bhavani Flood Benchmark", "acquisition_date": "2019-08-10", "satellite": "Sentinel-1B", "orbit_pass": "DESCENDING", "relative_orbit": 165, "classification": "SATELLITE_OBSERVED_WATER_CHANGE", "area_m2": 1250.0, "area_ha": 0.125 }, "geometry": { "type": "Polygon", "coordinates": [ [ [ 77.128644019686348, 11.457288690609174 ], [ 77.128642328600918, 11.457062754360683 ], [ 77.129100422668373, 11.457059417801778 ], [ 77.12910211411706, 11.457285353982753 ], [ 77.128644019686348, 11.457288690609174 ] ] ] } },
{ "type": "Feature", "properties": { "event_name": "August 2019 Bhavani Flood Benchmark", "acquisition_date": "2019-08-10", "satellite": "Sentinel-1B", "orbit_pass": "DESCENDING", "relative_orbit": 165, "classification": "SATELLITE_OBSERVED_WATER_CHANGE", "area_m2": 1875.0, "area_ha": 0.188 }, "geometry": { "type": "Polygon", "coordinates": [ [ [ 77.276371922837541, 11.456175479531707 ], [ 77.276370114629842, 11.455949565808915 ], [ 77.27705718441895, 11.455944214089783 ], [ 77.277058993171281, 11.456170127704283 ], [ 77.276371922837541, 11.456175479531707 ] ] ] } },
{ "type": "Feature", "properties": { "event_name": "August 2019 Bhavani Flood Benchmark", "acquisition_date": "2019-08-10", "satellite": "Sentinel-1B", "orbit_pass": "DESCENDING", "relative_orbit": 165, "classification": "SATELLITE_OBSERVED_WATER_CHANGE", "area_m2": 6250.0, "area_ha": 0.625 }, "geometry": { "type": "Polygon", "coordinates": [ [ [ 77.289657040580167, 11.456297636848234 ], [ 77.289651584370006, 11.455619901978197 ], [ 77.290109626143717, 11.455616313643931 ], [ 77.290107807120492, 11.45539040208566 ], [ 77.290794868949362, 11.455385018350174 ], [ 77.290796688517162, 11.455610929799498 ], [ 77.290338646973154, 11.45561451920819 ], [ 77.290342285497488, 11.456066342240804 ], [ 77.289884243074226, 11.456069931078449 ], [ 77.28988606203076, 11.456295842661723 ], [ 77.289657040580167, 11.456297636848234 ] ] ] } },
{ "type": "Feature", "properties": { "event_name": "August 2019 Bhavani Flood Benchmark", "acquisition_date": "2019-08-10", "satellite": "Sentinel-1B", "orbit_pass": "DESCENDING", "relative_orbit": 165, "classification": "SATELLITE_OBSERVED_WATER_CHANGE", "area_m2": 11250.0, "area_ha": 1.125 }, "geometry": { "type": "Polygon", "coordinates": [ [ [ 77.273623638078917, 11.456196870723513 ], [ 77.273620026058467, 11.45574504240847 ], [ 77.273849049634407, 11.455743260866237 ], [ 77.273847243499645, 11.455517346739121 ], [ 77.27476333669712, 11.455510218923624 ], [ 77.274761529874283, 11.455284304936979 ], [ 77.27521957588182, 11.455280740026911 ], [ 77.275221383067716, 11.455506653941415 ], [ 77.276137475352485, 11.455499521828063 ], [ 77.276141091290683, 11.455951349357125 ], [ 77.275683044498237, 11.455954915916292 ], [ 77.275681236873197, 11.455729002081473 ], [ 77.274307096672246, 11.455739697244534 ], [ 77.274308903208066, 11.455965611295776 ], [ 77.273850855807169, 11.455969174989592 ], [ 77.27385266201793, 11.456195089109183 ], [ 77.273623638078917, 11.456196870723513 ] ] ] } },
{ "type": "Feature", "properties": { "event_name": "August 2019 Bhavani Flood Benchmark", "acquisition_date": "2019-08-10", "satellite": "Sentinel-1B", "orbit_pass": "DESCENDING", "relative_orbit": 165, "classification": "SATELLITE_OBSERVED_WATER_CHANGE", "area_m2": 4375.0, "area_ha": 0.438 }, "geometry": { "type": "Polygon", "coordinates": [ [ [ 77.328359269862233, 11.455765971751905 ], [ 77.328353721739191, 11.455088255431091 ], [ 77.328582735940529, 11.455086431129319 ], [ 77.328580886462547, 11.454860525718408 ], [ 77.328809900443474, 11.454858701274508 ], [ 77.328817299315006, 11.455762322747798 ], [ 77.328359269862233, 11.455765971751905 ] ] ] } },
{ "type": "Feature", "properties": { "event_name": "August 2019 Bhavani Flood Benchmark", "acquisition_date": "2019-08-10", "satellite": "Sentinel-1B", "orbit_pass": "DESCENDING", "relative_orbit": 165, "classification": "SATELLITE_OBSERVED_WATER_CHANGE", "area_m2": 3125.0, "area_ha": 0.312 }, "geometry": { "type": "Polygon", "coordinates": [ [ [ 77.291939971231585, 11.455376041876347 ], [ 77.291936330395728, 11.454924219329689 ], [ 77.292394370314383, 11.454920627632058 ], [ 77.292396191076179, 11.455146538834587 ], [ 77.29262521115956, 11.455144742680837 ], [ 77.292627032141183, 11.455370653843248 ], [ 77.291939971231585, 11.455376041876347 ] ] ] } },
{ "type": "Feature", "properties": { "event_name": "August 2019 Bhavani Flood Benchmark", "acquisition_date": "2019-08-10", "satellite": "Sentinel-1B", "orbit_pass": "DESCENDING", "relative_orbit": 165, "classification": "SATELLITE_OBSERVED_WATER_CHANGE", "area_m2": 3125.0, "area_ha": 0.312 }, "geometry": { "type": "Polygon", "coordinates": [ [ [ 77.122180118164493, 11.450557210737289 ], [ 77.122178433229138, 11.450331273433248 ], [ 77.122865560920673, 11.450326286405845 ], [ 77.122863875476227, 11.450100349199049 ], [ 77.123092917787602, 11.450098686532115 ], [ 77.123096289074979, 11.450550560874655 ], [ 77.122180118164493, 11.450557210737289 ] ] ] } },
{ "type": "Feature", "properties": { "event_name": "August 2019 Bhavani Flood Benchmark", "acquisition_date": "2019-08-10", "satellite": "Sentinel-1B", "orbit_pass": "DESCENDING", "relative_orbit": 165, "classification": "SATELLITE_OBSERVED_WATER_CHANGE", "area_m2": 3750.0, "area_ha": 0.375 }, "geometry": { "type": "Polygon", "coordinates": [ [ [ 77.404786905960918, 11.4479180865992 ], [ 77.40478308851803, 11.447466300542644 ], [ 77.405470074494801, 11.447460651268452 ], [ 77.405473893025686, 11.447912437096241 ], [ 77.404786905960918, 11.4479180865992 ] ] ] } },
{ "type": "Feature", "properties": { "event_name": "August 2019 Bhavani Flood Benchmark", "acquisition_date": "2019-08-10", "satellite": "Sentinel-1B", "orbit_pass": "DESCENDING", "relative_orbit": 165, "classification": "SATELLITE_OBSERVED_WATER_CHANGE", "area_m2": 645000.0, "area_ha": 64.5 }, "geometry": { "type": "Polygon", "coordinates": [ [ [ 77.116976019540544, 11.459181036013172 ], [ 77.116974337435266, 11.458955098077734 ], [ 77.116058135821902, 11.458961733567842 ], [ 77.116056454478681, 11.458735795494423 ], [ 77.115598353823046, 11.458739112097129 ], [ 77.115594991969346, 11.458287235804903 ], [ 77.115365941951794, 11.458288893770355 ], [ 77.115362580602891, 11.457837017396125 ], [ 77.115133530913269, 11.457838675115296 ], [ 77.115125129068133, 11.456708983946768 ], [ 77.115354177849554, 11.456707326395309 ], [ 77.1153508169958, 11.456255449968891 ], [ 77.115579865378606, 11.456253792305356 ], [ 77.115578184823164, 11.456027854120098 ], [ 77.115807232988985, 11.456026196310946 ], [ 77.115802190990024, 11.45534838183347 ], [ 77.116260286125893, 11.455345065879012 ], [ 77.116258605167104, 11.455119127779508 ], [ 77.115800510394436, 11.455122443666857 ], [ 77.115793788365849, 11.454218690963135 ], [ 77.115564741652818, 11.454220348503895 ], [ 77.115563061415699, 11.453994410285098 ], [ 77.115104968246726, 11.453997724762134 ], [ 77.115103288408122, 11.453771786472522 ], [ 77.114416148934197, 11.453776756744009 ], [ 77.114414469675694, 11.453550818350068 ], [ 77.114185423295254, 11.453552474715453 ], [ 77.114180386276516, 11.452874659410696 ], [ 77.113493248557305, 11.452879627130441 ], [ 77.113496605445022, 11.453331504205126 ], [ 77.111893280321709, 11.453343089751344 ], [ 77.111883217708083, 11.451987457075509 ], [ 77.112112263170843, 11.451985802735781 ], [ 77.112113940366413, 11.45221174149091 ], [ 77.112801077087511, 11.452206777296643 ], [ 77.11280275486304, 11.452432715947552 ], [ 77.113031800547645, 11.452431060824424 ], [ 77.113033478540075, 11.452656999438101 ], [ 77.11326252437091, 11.452655344102359 ], [ 77.113260846196937, 11.45242940552219 ], [ 77.113718937389535, 11.452426094380414 ], [ 77.113717258887775, 11.452200155863549 ], [ 77.114633440122645, 11.452193531564856 ], [ 77.114636798613944, 11.45264540832666 ], [ 77.114865844197411, 11.452643751737169 ], [ 77.114867523677646, 11.452869690078948 ], [ 77.114638477912621, 11.452871346701976 ], [ 77.11464183661603, 11.453323223441425 ], [ 77.114870882744199, 11.453321566751329 ], [ 77.114869203193237, 11.453095628417003 ], [ 77.116014432395758, 11.453087342447505 ], [ 77.116016112854567, 11.453313280614104 ], [ 77.116245158770511, 11.453311622849311 ], [ 77.116248520157384, 11.453763499104221 ], [ 77.116477566401116, 11.453761841093188 ], [ 77.116480928292674, 11.454213717266072 ], [ 77.116709974864165, 11.454212059008787 ], [ 77.116711656044615, 11.454437997056077 ], [ 77.117169749444628, 11.454434679936981 ], [ 77.11717143102365, 11.454660617913403 ], [ 77.118087618125287, 11.454653981391282 ], [ 77.118084253549952, 11.454202105703349 ], [ 77.117855207190829, 11.454203765035416 ], [ 77.117853525137875, 11.453977827152274 ], [ 77.11762447892491, 11.453979486271624 ], [ 77.117622797088927, 11.453753548351175 ], [ 77.117164704919986, 11.453756865985353 ], [ 77.117157979382654, 11.452853113997666 ], [ 77.116928933971366, 11.452854772411786 ], [ 77.116925571778182, 11.452402896328444 ], [ 77.116696526694611, 11.452404554496319 ], [ 77.116694845832669, 11.452178616415493 ], [ 77.11646580089527, 11.452180274370704 ], [ 77.116464120250257, 11.451954336252586 ], [ 77.116235075459031, 11.45195599399514 ], [ 77.116228353958945, 11.451052241351171 ], [ 77.115999309858495, 11.45105389878041 ], [ 77.115997629753451, 11.450827960576547 ], [ 77.116226673672372, 11.450826303180866 ], [ 77.11622499342117, 11.450600365006833 ], [ 77.116454037123177, 11.450598707465634 ], [ 77.116452356725844, 11.450372769321437 ], [ 77.116223313205353, 11.450374426829075 ], [ 77.116221633024907, 11.45014848864759 ], [ 77.11690876293568, 11.450143515688152 ], [ 77.116912124421063, 11.450595391846017 ], [ 77.117141168016914, 11.450593733767597 ], [ 77.117139487075008, 11.450367795724102 ], [ 77.117368530453959, 11.450366137500186 ], [ 77.117366849365908, 11.45014019948653 ], [ 77.11759589252793, 11.450138541117122 ], [ 77.117594211293792, 11.449912603133324 ], [ 77.1178232542389, 11.449910944618431 ], [ 77.117819891513776, 11.449459068706815 ], [ 77.118048934060468, 11.449457410080027 ], [ 77.118037164367351, 11.447875844507093 ], [ 77.118266205608194, 11.447874185936369 ], [ 77.118261161440685, 11.447196372164278 ], [ 77.11803212074426, 11.447198030634244 ], [ 77.11802707743982, 11.446520216727865 ], [ 77.118256117591869, 11.446518558358665 ], [ 77.118254436379758, 11.446292620416012 ], [ 77.118483476314935, 11.446290961901394 ], [ 77.118478432346706, 11.445613148151855 ], [ 77.11893651102217, 11.445609830787189 ], [ 77.11893987435802, 11.446061706489559 ], [ 77.119168914005513, 11.446060047471535 ], [ 77.119170595908017, 11.446285985283529 ], [ 77.118941556079065, 11.446287644335154 ], [ 77.118946601454766, 11.446965457849593 ], [ 77.119175641828065, 11.446963798697164 ], [ 77.119177323872279, 11.447189736494257 ], [ 77.119406364391608, 11.44718807712921 ], [ 77.119408046652708, 11.447414014888974 ], [ 77.120324209101611, 11.447407375504154 ], [ 77.120327575181875, 11.447859250743583 ], [ 77.120556616068441, 11.447857590382581 ], [ 77.120558299343216, 11.448083527963089 ], [ 77.120787340375813, 11.448081867389428 ], [ 77.120789023867516, 11.448307804932583 ], [ 77.121476147297017, 11.448302822036521 ], [ 77.121477831368637, 11.448528759475039 ], [ 77.121248790079449, 11.448530420653064 ], [ 77.121253841962613, 11.449208233047186 ], [ 77.12148288379629, 11.449206571768242 ], [ 77.121486252258691, 11.449658446611744 ], [ 77.122173378635921, 11.449653461498757 ], [ 77.122170009084485, 11.449201586857129 ], [ 77.122628092432592, 11.449198262687814 ], [ 77.122624722297076, 11.448746388165899 ], [ 77.123540887115496, 11.448739737948022 ], [ 77.12353920137501, 11.448513800816141 ], [ 77.125142487169938, 11.448502156277621 ], [ 77.125140800194586, 11.44827621937781 ], [ 77.12536984069888, 11.448274555189865 ], [ 77.125364779441512, 11.447596744569166 ], [ 77.125593819365861, 11.4475950803033 ], [ 77.125592132169672, 11.447369143455983 ], [ 77.126050211548801, 11.447365814454608 ], [ 77.126051899107935, 11.447591751234508 ], [ 77.12628093892566, 11.44759008643158 ], [ 77.126277563480016, 11.447138212935487 ], [ 77.126506602899269, 11.447136548020975 ], [ 77.126504915048301, 11.446910611301053 ], [ 77.125817797228294, 11.446915605406407 ], [ 77.125816109957242, 11.446689668581618 ], [ 77.125587070794282, 11.446691332891676 ], [ 77.125585383740216, 11.446465396029453 ], [ 77.125356344723173, 11.4464670601268 ], [ 77.125347910893041, 11.445337375591274 ], [ 77.125118872747677, 11.445339039341121 ], [ 77.125117186269662, 11.445113102389136 ], [ 77.124888148270216, 11.445114765926304 ], [ 77.124883089593567, 11.444436954946912 ], [ 77.125341164468423, 11.444433627895778 ], [ 77.125342851021287, 11.44465956482524 ], [ 77.126717075881601, 11.444649579174294 ], [ 77.126718763558515, 11.44487551589776 ], [ 77.127176838590429, 11.444872185848205 ], [ 77.12717515055067, 11.444646249192195 ], [ 77.127633225077517, 11.444642918494205 ], [ 77.127634913480122, 11.444868855082747 ], [ 77.12809298822755, 11.44486552360139 ], [ 77.128094677028557, 11.445091460118723 ], [ 77.127407564309806, 11.445096457173518 ], [ 77.127409252602106, 11.445322393788347 ], [ 77.127180214776615, 11.445324059149051 ], [ 77.127181902923056, 11.445549995793884 ], [ 77.126723826802575, 11.445553326045797 ], [ 77.12672720247636, 11.446005199459186 ], [ 77.127185279322603, 11.44600186907237 ], [ 77.127188655864373, 11.446453742335949 ], [ 77.127875771955701, 11.44644874521085 ], [ 77.127879149728429, 11.446900618257104 ], [ 77.128108188717306, 11.446898952123249 ], [ 77.128109877838469, 11.447124888607043 ], [ 77.12856795607243, 11.447121555734808 ], [ 77.128574714364632, 11.448025301362717 ], [ 77.128116634678946, 11.448028634504944 ], [ 77.128118323977986, 11.4482545709701 ], [ 77.128805443997578, 11.44824957088697 ], [ 77.128807133876649, 11.448475507247148 ], [ 77.129036173993498, 11.448473840160954 ], [ 77.129039554221379, 11.448925712802605 ], [ 77.128810513741556, 11.448927379956316 ], [ 77.128813893748799, 11.449379252650573 ], [ 77.128584852870418, 11.449380919692752 ], [ 77.128586542745907, 11.449606856068042 ], [ 77.128357501650441, 11.449608522964922 ], [ 77.128359191380028, 11.449834459370233 ], [ 77.128130150067477, 11.449836126121813 ], [ 77.128138598341522, 11.450965808261191 ], [ 77.128367640561663, 11.450964141340876 ], [ 77.128374400547429, 11.451867886850277 ], [ 77.128145357601156, 11.451869553905585 ], [ 77.128148737444434, 11.452321426705408 ], [ 77.127919694099504, 11.452323093649115 ], [ 77.127929833393836, 11.453678712161555 ], [ 77.127700788923988, 11.453680379128615 ], [ 77.127704168610208, 11.454132252003742 ], [ 77.127475123741618, 11.454133918859158 ], [ 77.127476813456511, 11.454359855324867 ], [ 77.127705858506673, 11.454358188435711 ], [ 77.127707548438721, 11.454584124863953 ], [ 77.128165638795508, 11.454580790480772 ], [ 77.128167329126299, 11.454806726837798 ], [ 77.128625419703937, 11.454803391670595 ], [ 77.128627110433499, 11.455029327956389 ], [ 77.128856155850528, 11.455027660070327 ], [ 77.128862919851016, 11.455931405041181 ], [ 77.129091965958878, 11.455929736840941 ], [ 77.129090274723751, 11.455703800637584 ], [ 77.1293193206144, 11.455702132291956 ], [ 77.129321012031127, 11.455928068461549 ], [ 77.129550058067778, 11.455926399903008 ], [ 77.129553441371243, 11.456378272163473 ], [ 77.129782487735511, 11.456376603358235 ], [ 77.129784179622277, 11.456602539449101 ], [ 77.129097039877792, 11.456607545428636 ], [ 77.129098731255297, 11.456833481617073 ], [ 77.128640637551072, 11.45683681810846 ], [ 77.128635564615067, 11.456159009329413 ], [ 77.128177471858208, 11.456162344901623 ], [ 77.128174090805246, 11.455710472228599 ], [ 77.127945044736663, 11.45571213967848 ], [ 77.127943354445165, 11.455486203302629 ], [ 77.127485262564477, 11.455489537597462 ], [ 77.127481882814592, 11.455037664699613 ], [ 77.127252837184088, 11.455039331510839 ], [ 77.127251147544087, 11.454813395022589 ], [ 77.127022102059613, 11.454815061620945 ], [ 77.127020412636767, 11.454589125095229 ], [ 77.126562321924325, 11.454592457687088 ], [ 77.126550499502088, 11.453010901430527 ], [ 77.127008587672506, 11.453007569310817 ], [ 77.127001831332365, 11.452103823066258 ], [ 77.126543744614381, 11.452107154916169 ], [ 77.126542055981332, 11.451881218278258 ], [ 77.126313012750558, 11.451882883900858 ], [ 77.126311324334594, 11.4516569472255 ], [ 77.125624194973597, 11.451661942917625 ], [ 77.125619131572776, 11.450984132565777 ], [ 77.126077216759796, 11.450980802485706 ], [ 77.126078904887592, 11.451206739205965 ], [ 77.126995075561169, 11.451200076762039 ], [ 77.126991697888926, 11.45074820358756 ], [ 77.127220740105372, 11.450746537596341 ], [ 77.127215673319128, 11.450068727907853 ], [ 77.126986631647227, 11.450070393797882 ], [ 77.126984942971106, 11.449844457193864 ], [ 77.127213984461505, 11.449842791337566 ], [ 77.127210606852941, 11.449390918185809 ], [ 77.126981565725544, 11.449392583974648 ], [ 77.126978188622203, 11.448940710740521 ], [ 77.12629106611567, 11.448945706830413 ], [ 77.126292754105066, 11.44917164355051 ], [ 77.126063713016975, 11.449173308589437 ], [ 77.126065400860426, 11.449399245339517 ], [ 77.125836359555279, 11.449400910233114 ], [ 77.125839734985817, 11.449852783789513 ], [ 77.124923567957865, 11.449859441843014 ], [ 77.124921880950865, 11.449633504931869 ], [ 77.124692839286567, 11.449635168963905 ], [ 77.124691152496581, 11.449409232015343 ], [ 77.124920193979378, 11.449407568016996 ], [ 77.124916820142971, 11.448955694176068 ], [ 77.124229696677006, 11.448960685431819 ], [ 77.124233069424449, 11.449412559474885 ], [ 77.124004027835099, 11.449414222936078 ], [ 77.124005714080596, 11.449640159985702 ], [ 77.123318588555037, 11.449645149396007 ], [ 77.123321960063464, 11.450097023686119 ], [ 77.123092917787602, 11.450098686532115 ], [ 77.123089546642191, 11.449646812174667 ], [ 77.122860504693847, 11.449648474774271 ], [ 77.122862190067295, 11.449874411988523 ], [ 77.122633147901965, 11.449876074442734 ], [ 77.122634833129396, 11.450102011686919 ], [ 77.122176748329252, 11.450105336125477 ], [ 77.122178433229138, 11.450331273433248 ], [ 77.121491305218314, 11.450336258849049 ], [ 77.121489620862974, 11.450110321440341 ], [ 77.121031535708113, 11.450113644088272 ], [ 77.12102648394395, 11.449435831637965 ], [ 77.12079744185786, 11.449437492592441 ], [ 77.120795758188876, 11.449211555067921 ], [ 77.120566716248845, 11.449213215809717 ], [ 77.120563349380248, 11.448761340682244 ], [ 77.120105266119793, 11.448764661494199 ], [ 77.120101900118939, 11.448312786217334 ], [ 77.119643817442679, 11.448316106178659 ], [ 77.119642134858381, 11.448090168467409 ], [ 77.119184052403341, 11.448093487645382 ], [ 77.119190781501231, 11.448997238736895 ], [ 77.118961739494608, 11.448998898191743 ], [ 77.118963421676156, 11.449224835988908 ], [ 77.118734379452619, 11.449226495298312 ], [ 77.118744472196681, 11.450582122204654 ], [ 77.118515428848653, 11.450583781536576 ], [ 77.118517110915121, 11.450809719374854 ], [ 77.11828806735015, 11.450811378561298 ], [ 77.118289749270488, 11.45103731642944 ], [ 77.117144530006911, 11.451045609843421 ], [ 77.117149573257365, 11.451723423929211 ], [ 77.117378617725493, 11.451721765503851 ], [ 77.11738029906131, 11.451947703491422 ], [ 77.117838388254455, 11.451944386036272 ], [ 77.117843433563607, 11.452622199775149 ], [ 77.11807247865174, 11.452620540678177 ], [ 77.118075842731315, 11.453072416418291 ], [ 77.118533933527587, 11.453069097552673 ], [ 77.11853729847509, 11.453520973143515 ], [ 77.118766344183229, 11.45351931337485 ], [ 77.118773075229569, 11.454423064377423 ], [ 77.119002121628625, 11.454421404295237 ], [ 77.119005487727492, 11.454873279706959 ], [ 77.118776440965277, 11.454874939856346 ], [ 77.118779806842653, 11.455326815320356 ], [ 77.11855075968181, 11.455328475357794 ], [ 77.118555808218744, 11.456006288626641 ], [ 77.118784855924432, 11.456004628488412 ], [ 77.118789905325002, 11.45668244162292 ], [ 77.119018953540106, 11.456680781204737 ], [ 77.119024003804398, 11.457358594204885 ], [ 77.118794955044379, 11.457360254723875 ], [ 77.118805055439594, 11.45871588082511 ], [ 77.118576005554274, 11.458717541366502 ], [ 77.118577688895797, 11.458943479070593 ], [ 77.118348638793378, 11.458945139466373 ], [ 77.118350321988657, 11.459171077200322 ], [ 77.116976019540544, 11.459181036013172 ] ], [ [ 77.116056454478681, 11.458735795494423 ], [ 77.116514554992804, 11.4587324781749 ], [ 77.116512873321639, 11.458506540164873 ], [ 77.116741923343952, 11.458504881269874 ], [ 77.116740241526514, 11.458278943289683 ], [ 77.117198341101684, 11.458275625029222 ], [ 77.117200023282436, 11.458501562942274 ], [ 77.117429073198565, 11.458499903509672 ], [ 77.117427390836156, 11.4582739656302 ], [ 77.117885490198915, 11.458270646294563 ], [ 77.117880442234224, 11.45759283283525 ], [ 77.11810949131754, 11.457591172999399 ], [ 77.118107808551812, 11.457365235205758 ], [ 77.117878759650139, 11.457366895008024 ], [ 77.117875394588197, 11.456915019342382 ], [ 77.117646346014368, 11.456916678898304 ], [ 77.117642981457323, 11.45646480315059 ], [ 77.117184884929969, 11.4564681215906 ], [ 77.117186566827527, 11.456694059533476 ], [ 77.116499421226166, 11.456699035950447 ], [ 77.116502784037721, 11.457150912026423 ], [ 77.116273735069896, 11.457152570540856 ], [ 77.116275416347108, 11.457378508606812 ], [ 77.116046367162255, 11.457380166975627 ], [ 77.116048048293223, 11.457606105071415 ], [ 77.116277097659705, 11.457604446669043 ], [ 77.116283823263927, 11.458508198880672 ], [ 77.116054773170831, 11.458509857417276 ], [ 77.116056454478681, 11.458735795494423 ] ], [ [ 77.116743605196788, 11.458730819246334 ], [ 77.116972655365373, 11.458729160138565 ], [ 77.116970973330893, 11.45850322219567 ], [ 77.116741923343952, 11.458504881269874 ], [ 77.116743605196788, 11.458730819246334 ] ], [ [ 77.115355858329494, 11.456933264602927 ], [ 77.115813956149523, 11.4569299488954 ], [ 77.115812275306325, 11.456704010754878 ], [ 77.115354177849554, 11.456707326395309 ], [ 77.115355858329494, 11.456933264602927 ] ], [ [ 77.116255243355681, 11.454667251569319 ], [ 77.116484290325758, 11.454665593424048 ], [ 77.116480928292674, 11.454213717266072 ], [ 77.11625188168577, 11.454215375344225 ], [ 77.116255243355681, 11.454667251569319 ] ], [ [ 77.124916820142971, 11.448955694176068 ], [ 77.125145861227239, 11.448954030066066 ], [ 77.125144174180832, 11.448728093173708 ], [ 77.124915133278051, 11.448729757250012 ], [ 77.124916820142971, 11.448955694176068 ] ], [ [ 77.12673395425054, 11.446908946241249 ], [ 77.127192032548379, 11.446905615584619 ], [ 77.127188655864373, 11.446453742335949 ], [ 77.126730578292353, 11.446457072857672 ], [ 77.12673395425054, 11.446908946241249 ] ], [ [ 77.126501539453002, 11.446458737850033 ], [ 77.126730578292353, 11.446457072857672 ], [ 77.126728890366579, 11.446231136160293 ], [ 77.126499851708687, 11.446232801118933 ], [ 77.126501539453002, 11.446458737850033 ] ] ] } },
{ "type": "Feature", "properties": { "event_name": "August 2019 Bhavani Flood Benchmark", "acquisition_date": "2019-08-10", "satellite": "Sentinel-1B", "orbit_pass": "DESCENDING", "relative_orbit": 165, "classification": "SATELLITE_OBSERVED_WATER_CHANGE", "area_m2": 1250.0, "area_ha": 0.125 }, "geometry": { "type": "Polygon", "coordinates": [ [ [ 77.384773306793946, 11.437238193731247 ], [ 77.384771415741938, 11.437012297220097 ], [ 77.385229396360529, 11.437008565897063 ], [ 77.385231287774872, 11.437234462332597 ], [ 77.384773306793946, 11.437238193731247 ] ] ] } },
{ "type": "Feature", "properties": { "event_name": "August 2019 Bhavani Flood Benchmark", "acquisition_date": "2019-08-10", "satellite": "Sentinel-1B", "orbit_pass": "DESCENDING", "relative_orbit": 165, "classification": "SATELLITE_OBSERVED_WATER_CHANGE", "area_m2": 7500.0, "area_ha": 0.75 }, "geometry": { "type": "Polygon", "coordinates": [ [ [ 77.262908915280263, 11.433687031771472 ], [ 77.262901739923862, 11.432783367005475 ], [ 77.26358876027912, 11.432778057535943 ], [ 77.263595937809441, 11.433681721871352 ], [ 77.262908915280263, 11.433687031771472 ] ] ] } }
]
}
