{
"type": "FeatureCollection",
"name": "road_exposure",
"crs": { "type": "name", "properties": { "name": "urn:ogc:def:crs:OGC:1.3:CRS84" } },
"features": [
{ "type": "Feature", "properties": { "osm_id": 312588996, "highway": "primary", "name": "Puliyampatti - Bhavanisagar - Bannari Road", "bridge": "no", "surface": "unknown", "lanes": "unknown", "maxspeed": "unknown", "length_m": 4439.6128243063376, "exposed_length_m": 1562.5729791473709, "hazard_code": 6, "hazard_class": "H6", "road_exposure_status": "HYDRAULICALLY_EXPOSED_ROAD_SEGMENT" }, "geometry": { "type": "MultiLineString", "coordinates": [ [ [ 77.1158747, 11.4731455 ], [ 77.119329300000018, 11.4723412 ], [ 77.119364689109318, 11.472327516891227 ] ], [ [ 77.137719329101998, 11.476164824138174 ], [ 77.137784483050339, 11.476201542614067 ] ], [ [ 77.139558223099769, 11.477001460413566 ], [ 77.1398946, 11.4767961 ], [ 77.1408116, 11.4762953 ], [ 77.1417558, 11.4757454 ], [ 77.1424008, 11.4754067 ], [ 77.1426878, 11.475193 ], [ 77.1431262, 11.4747714 ], [ 77.1433634, 11.4744392 ], [ 77.1434439, 11.4741185 ], [ 77.1435198, 11.47164 ], [ 77.1436673, 11.4699789 ], [ 77.1439755, 11.4688418 ], [ 77.144076253372774, 11.468597710506224 ] ] ] } },
{ "type": "Feature", "properties": { "osm_id": 1342372343, "highway": "unclassified", "name": "Unnamed Road", "bridge": "no", "surface": "unknown", "lanes": "unknown", "maxspeed": "unknown", "length_m": 2327.1291587229562, "exposed_length_m": 280.30349836659531, "hazard_code": 3, "hazard_class": "H3", "road_exposure_status": "HYDRAULICALLY_EXPOSED_ROAD_SEGMENT" }, "geometry": { "type": "MultiLineString", "coordinates": [ [ [ 77.183463934915423, 11.467124195724107 ], [ 77.1831854, 11.4668719 ], [ 77.183139554977487, 11.466828129175436 ] ], [ [ 77.182541089696002, 11.466264308937159 ], [ 77.1824459, 11.4661762 ], [ 77.182105337064726, 11.465932094233031 ] ], [ [ 77.173064852682174, 11.465999498906987 ], [ 77.1717781, 11.4661085 ], [ 77.17154623326627, 11.466268908265373 ] ] ] } },
{ "type": "Feature", "properties": { "osm_id": 1343628273, "highway": "unclassified", "name": "Unnamed Road", "bridge": "no", "surface": "unknown", "lanes": "unknown", "maxspeed": "unknown", "length_m": 1147.6231157537379, "exposed_length_m": 784.54519831721041, "hazard_code": 6, "hazard_class": "H6", "road_exposure_status": "HYDRAULICALLY_EXPOSED_ROAD_SEGMENT" }, "geometry": { "type": "MultiLineString", "coordinates": [ [ [ 77.144967074523166, 11.468918560872124 ], [ 77.1455975, 11.4694503 ], [ 77.147062, 11.4708856 ], [ 77.1483547, 11.4717057 ], [ 77.149599260672687, 11.471956173261407 ] ], [ [ 77.150515372194874, 11.471934651526295 ], [ 77.1511193, 11.4718009 ], [ 77.151461865429766, 11.471582122065151 ] ], [ [ 77.152340567504297, 11.47096446411258 ], [ 77.1524867, 11.4708563 ], [ 77.152689221819642, 11.47066929380196 ] ] ] } },
{ "type": "Feature", "properties": { "osm_id": 1343296961, "highway": "unclassified", "name": "Unnamed Road", "bridge": "no", "surface": "unknown", "lanes": "unknown", "maxspeed": "unknown", "length_m": 701.10604675186892, "exposed_length_m": 417.49977611114525, "hazard_code": 5, "hazard_class": "H5", "road_exposure_status": "HYDRAULICALLY_EXPOSED_ROAD_SEGMENT" }, "geometry": { "type": "MultiLineString", "coordinates": [ [ [ 77.166082011243475, 11.470630241101169 ], [ 77.1657151, 11.4706881 ], [ 77.1657599, 11.4716254 ], [ 77.1655432, 11.4715522 ], [ 77.1654012, 11.471435 ], [ 77.1646466, 11.4715595 ], [ 77.163324, 11.4715229 ] ] ] } },
{ "type": "Feature", "properties": { "osm_id": 1343296960, "highway": "unclassified", "name": "Unnamed Road", "bridge": "no", "surface": "unknown", "lanes": "unknown", "maxspeed": "unknown", "length_m": 2221.2264272377161, "exposed_length_m": 1509.8021480068369, "hazard_code": 3, "hazard_class": "H3", "road_exposure_status": "HYDRAULICALLY_EXPOSED_ROAD_SEGMENT" }, "geometry": { "type": "MultiLineString", "coordinates": [ [ [ 77.1539853, 11.4741634 ], [ 77.1536777, 11.4722332 ], [ 77.1532891, 11.4709371 ], [ 77.153091182476416, 11.47066632970675 ] ], [ [ 77.153249383305834, 11.469981150802099 ], [ 77.1539542, 11.4689526 ], [ 77.154537, 11.4684107 ], [ 77.1552842, 11.4680446 ], [ 77.156066548125693, 11.467933036044267 ] ], [ [ 77.156936904535527, 11.467926608629291 ], [ 77.1579068, 11.4680958 ], [ 77.158527, 11.4680812 ], [ 77.1598645, 11.4676638 ], [ 77.160561827543589, 11.467657717610608 ] ], [ [ 77.161512526030364, 11.46789277589172 ], [ 77.162398088246036, 11.46815073139461 ] ], [ [ 77.164314607718197, 11.468775795666595 ], [ 77.1655208, 11.4691943 ], [ 77.166071351461071, 11.469232283873374 ] ] ] } },
{ "type": "Feature", "properties": { "osm_id": 1342372373, "highway": "unclassified", "name": "Unnamed Road", "bridge": "no", "surface": "unknown", "lanes": "unknown", "maxspeed": "unknown", "length_m": 597.84298941772352, "exposed_length_m": 597.84298941772352, "hazard_code": 6, "hazard_class": "H6", "road_exposure_status": "HYDRAULICALLY_EXPOSED_ROAD_SEGMENT" }, "geometry": { "type": "MultiLineString", "coordinates": [ [ [ 77.177593, 11.4738532 ], [ 77.1773208, 11.4732347 ], [ 77.1767454, 11.4726123 ], [ 77.176469, 11.4722022 ], [ 77.1764092, 11.4710819 ], [ 77.1762149, 11.4707011 ], [ 77.1762523, 11.4699468 ], [ 77.1751539, 11.4698223 ] ] ] } },
{ "type": "Feature", "properties": { "osm_id": 679973083, "highway": "secondary", "name": "Arasur - Nambiyur - Palangarai Road", "bridge": "no", "surface": "unknown", "lanes": "unknown", "maxspeed": "unknown", "length_m": 8132.3232591513033, "exposed_length_m": 1086.4584138179036, "hazard_code": 0, "hazard_class": "DRY", "road_exposure_status": "HYDRAULICALLY_EXPOSED_ROAD_SEGMENT" }, "geometry": { "type": "MultiLineString", "coordinates": [ [ [ 77.27576117553815, 11.437080360351239 ], [ 77.2757184, 11.4371545 ], [ 77.2747238, 11.4385872 ], [ 77.2746454, 11.4387001 ], [ 77.2736178, 11.4401804 ], [ 77.2735619, 11.4402609 ], [ 77.2733635, 11.4406883 ], [ 77.273329346123845, 11.44083603234629 ] ], [ [ 77.273991010485503, 11.444847222451353 ], [ 77.2741306, 11.4452516 ], [ 77.274169599897974, 11.445348070001586 ] ], [ [ 77.274931723295282, 11.447924971267529 ], [ 77.2751069, 11.44828 ], [ 77.2756755, 11.4493883 ], [ 77.276155, 11.450072 ], [ 77.2767299, 11.4508919 ], [ 77.276845, 11.451056 ], [ 77.2770169, 11.4514386 ], [ 77.2773175, 11.4521077 ] ] ] } },
{ "type": "Feature", "properties": { "osm_id": 1343335847, "highway": "unclassified", "name": "Unnamed Road", "bridge": "no", "surface": "unknown", "lanes": "unknown", "maxspeed": "unknown", "length_m": 332.27057486463207, "exposed_length_m": 13.443649187842457, "hazard_code": 5, "hazard_class": "H5", "road_exposure_status": "HYDRAULICALLY_EXPOSED_ROAD_SEGMENT" }, "geometry": { "type": "MultiLineString", "coordinates": [ [ [ 77.271272700000011, 11.4337414 ], [ 77.27124753528318, 11.433622474854332 ] ] ] } },
{ "type": "Feature", "properties": { "osm_id": 211516709, "highway": "tertiary", "name": "Unnamed Road", "bridge": "no", "surface": "unknown", "lanes": "unknown", "maxspeed": "unknown", "length_m": 6313.2567081428224, "exposed_length_m": 138.98845671245073, "hazard_code": 1, "hazard_class": "H1", "road_exposure_status": "HYDRAULICALLY_EXPOSED_ROAD_SEGMENT" }, "geometry": { "type": "MultiLineString", "coordinates": [ [ [ 77.26481789996825, 11.434575992577347 ], [ 77.2648179, 11.4337846 ], [ 77.2648179, 11.4335693 ], [ 77.264738271022097, 11.433332663782551 ] ] ] } },
{ "type": "Feature", "properties": { "osm_id": 1342068594, "highway": "unclassified", "name": "Unnamed Road", "bridge": "no", "surface": "unknown", "lanes": "unknown", "maxspeed": "unknown", "length_m": 568.59329789762853, "exposed_length_m": 342.01896690170935, "hazard_code": 1, "hazard_class": "H1", "road_exposure_status": "HYDRAULICALLY_EXPOSED_ROAD_SEGMENT" }, "geometry": { "type": "MultiLineString", "coordinates": [ [ [ 77.2648179, 11.4337846 ], [ 77.2662761, 11.433456 ], [ 77.2668874, 11.4331468 ], [ 77.2673114, 11.4331854 ], [ 77.2674987, 11.4330115 ], [ 77.267491197956502, 11.432747867929818 ] ] ] } },
{ "type": "Feature", "properties": { "osm_id": 211516712, "highway": "tertiary", "name": "Unnamed Road", "bridge": "no", "surface": "unknown", "lanes": "unknown", "maxspeed": "unknown", "length_m": 5049.6890565980884, "exposed_length_m": 108.93115221393631, "hazard_code": 6, "hazard_class": "H6", "road_exposure_status": "HYDRAULICALLY_EXPOSED_ROAD_SEGMENT" }, "geometry": { "type": "MultiLineString", "coordinates": [ [ [ 77.255736860524351, 11.453461147137537 ], [ 77.2562094, 11.4543282 ] ] ] } },
{ "type": "Feature", "properties": { "osm_id": 1342068595, "highway": "unclassified", "name": "Unnamed Road", "bridge": "no", "surface": "unknown", "lanes": "unknown", "maxspeed": "unknown", "length_m": 976.43540108320258, "exposed_length_m": 444.37931532615204, "hazard_code": 0, "hazard_class": "DRY", "road_exposure_status": "HYDRAULICALLY_EXPOSED_ROAD_SEGMENT" }, "geometry": { "type": "MultiLineString", "coordinates": [ [ [ 77.265618551441008, 11.434569798619412 ], [ 77.2658226, 11.4345384 ], [ 77.2659508, 11.4342485 ], [ 77.2666114, 11.4343644 ], [ 77.2670747, 11.4346253 ], [ 77.267479, 11.434606 ], [ 77.2682184, 11.4362198 ], [ 77.268222233160031, 11.436357075064157 ] ] ] } },
{ "type": "Feature", "properties": { "osm_id": 1341743488, "highway": "unclassified", "name": "Unnamed Road", "bridge": "no", "surface": "unknown", "lanes": "unknown", "maxspeed": "unknown", "length_m": 855.19688433197405, "exposed_length_m": 557.39752396941117, "hazard_code": 5, "hazard_class": "H5", "road_exposure_status": "HYDRAULICALLY_EXPOSED_ROAD_SEGMENT" }, "geometry": { "type": "MultiLineString", "coordinates": [ [ [ 77.2746454, 11.4387001 ], [ 77.27443, 11.4385148 ], [ 77.2742771, 11.4385204 ], [ 77.2741979, 11.4384538 ], [ 77.274192200000016, 11.4383483 ], [ 77.2742205, 11.4382318 ], [ 77.2742375, 11.4381541 ], [ 77.2742262, 11.4380542 ], [ 77.2743111, 11.4379654 ], [ 77.2739374, 11.4371217 ], [ 77.2739487, 11.4370163 ], [ 77.2741073, 11.4369719 ], [ 77.2739317, 11.4367609 ], [ 77.2738411, 11.4368053 ], [ 77.2737618, 11.436711 ], [ 77.2736656, 11.4365722 ], [ 77.273592, 11.4361782 ], [ 77.2735127, 11.4360117 ], [ 77.2734164, 11.4358063 ], [ 77.2733994, 11.4356897 ], [ 77.273507, 11.4348294 ], [ 77.273562037885767, 11.434508228074549 ] ] ] } },
{ "type": "Feature", "properties": { "osm_id": 1341743484, "highway": "unclassified", "name": "Unnamed Road", "bridge": "no", "surface": "unknown", "lanes": "unknown", "maxspeed": "unknown", "length_m": 1283.1390626648019, "exposed_length_m": 803.81871985463613, "hazard_code": 6, "hazard_class": "H6", "road_exposure_status": "HYDRAULICALLY_EXPOSED_ROAD_SEGMENT" }, "geometry": { "type": "MultiLineString", "coordinates": [ [ [ 77.2747238, 11.4385872 ], [ 77.2750446, 11.4388585 ], [ 77.2774121, 11.4393253 ], [ 77.2781148, 11.4393387 ], [ 77.2783413, 11.4393165 ], [ 77.278545100000017, 11.4391833 ], [ 77.2799382, 11.4389224 ], [ 77.2798352, 11.4374063 ], [ 77.279690046548509, 11.437171713261607 ] ], [ [ 77.280328266795834, 11.435412215272201 ], [ 77.280429364953847, 11.43535853526341 ] ] ] } },
{ "type": "Feature", "properties": { "osm_id": 1341743485, "highway": "unclassified", "name": "Unnamed Road", "bridge": "no", "surface": "unknown", "lanes": "unknown", "maxspeed": "unknown", "length_m": 613.85079922541206, "exposed_length_m": 613.85079922541206, "hazard_code": 6, "hazard_class": "H6", "road_exposure_status": "HYDRAULICALLY_EXPOSED_ROAD_SEGMENT" }, "geometry": { "type": "MultiLineString", "coordinates": [ [ [ 77.2799382, 11.4389224 ], [ 77.2800502, 11.4390753 ], [ 77.2802427, 11.4392363 ], [ 77.2802597, 11.4393639 ], [ 77.2807014, 11.4394694 ], [ 77.2809845, 11.4394472 ], [ 77.2812563, 11.4395027 ], [ 77.2814432, 11.4395193 ], [ 77.2820265, 11.4393917 ], [ 77.2822586, 11.4394194 ], [ 77.2824229, 11.4393695 ], [ 77.2824738, 11.4391475 ], [ 77.2818453, 11.4370606 ], [ 77.281698, 11.4366887 ] ] ] } },
{ "type": "Feature", "properties": { "osm_id": 212499243, "highway": "tertiary", "name": "Unnamed Road", "bridge": "no", "surface": "unknown", "lanes": "unknown", "maxspeed": "unknown", "length_m": 3256.2889685416699, "exposed_length_m": 1290.5543305248204, "hazard_code": 6, "hazard_class": "H6", "road_exposure_status": "HYDRAULICALLY_EXPOSED_ROAD_SEGMENT" }, "geometry": { "type": "MultiLineString", "coordinates": [ [ [ 77.243855641699852, 11.457116170896239 ], [ 77.2438105, 11.457608 ], [ 77.2439929, 11.4580496 ], [ 77.2440037, 11.4584807 ], [ 77.2443899, 11.4595427 ], [ 77.2451624, 11.4607099 ], [ 77.2462353, 11.4615195 ], [ 77.2462567, 11.4617403 ], [ 77.2469219, 11.4621084 ], [ 77.2482308, 11.4630021 ], [ 77.250044, 11.4636961 ], [ 77.2502908, 11.4639274 ], [ 77.2506234, 11.4640957 ], [ 77.2518754, 11.4639983 ] ] ] } },
{ "type": "Feature", "properties": { "osm_id": 211516721, "highway": "tertiary", "name": "Unnamed Road", "bridge": "no", "surface": "unknown", "lanes": "unknown", "maxspeed": "unknown", "length_m": 2237.6177437358942, "exposed_length_m": 865.93915146527092, "hazard_code": 5, "hazard_class": "H5", "road_exposure_status": "HYDRAULICALLY_EXPOSED_ROAD_SEGMENT" }, "geometry": { "type": "MultiLineString", "coordinates": [ [ [ 77.249318583643614, 11.452805676502358 ], [ 77.2512244, 11.4527281 ], [ 77.2515677, 11.4526966 ], [ 77.2517609, 11.4528543 ], [ 77.2517737, 11.4530336 ], [ 77.2516536, 11.4531803 ], [ 77.2514819, 11.453338 ], [ 77.2514068, 11.4534957 ], [ 77.2514497, 11.4537796 ], [ 77.251763, 11.4538327 ], [ 77.2521042, 11.4538638 ], [ 77.2521814, 11.4539799 ], [ 77.2524282, 11.4547581 ], [ 77.2523939, 11.4553464 ], [ 77.2526964, 11.4562407 ], [ 77.2528445, 11.4563033 ], [ 77.2536277, 11.4561245 ], [ 77.253836, 11.4561334 ] ] ] } },
{ "type": "Feature", "properties": { "osm_id": 1341743479, "highway": "unclassified", "name": "Unnamed Road", "bridge": "no", "surface": "unknown", "lanes": "unknown", "maxspeed": "unknown", "length_m": 1729.0071893496049, "exposed_length_m": 83.82607522085766, "hazard_code": 4, "hazard_class": "H4", "road_exposure_status": "HYDRAULICALLY_EXPOSED_ROAD_SEGMENT" }, "geometry": { "type": "MultiLineString", "coordinates": [ [ [ 77.285855506660866, 11.439245670693561 ], [ 77.2854052, 11.4393087 ], [ 77.2851696, 11.4395121 ] ] ] } },
{ "type": "Feature", "properties": { "osm_id": 1341743486, "highway": "unclassified", "name": "Unnamed Road", "bridge": "no", "surface": "unknown", "lanes": "unknown", "maxspeed": "unknown", "length_m": 599.5003852632924, "exposed_length_m": 599.5003852632924, "hazard_code": 5, "hazard_class": "H5", "road_exposure_status": "HYDRAULICALLY_EXPOSED_ROAD_SEGMENT" }, "geometry": { "type": "MultiLineString", "coordinates": [ [ [ 77.2824229, 11.4393695 ], [ 77.2824232, 11.4398012 ], [ 77.2825612, 11.4398978 ], [ 77.2826993, 11.4400621 ], [ 77.2827387, 11.4404969 ], [ 77.2828274, 11.4407772 ], [ 77.2830148, 11.4408931 ], [ 77.2835176, 11.4409125 ], [ 77.28385280000002, 11.4409414 ], [ 77.283843, 11.4417435 ], [ 77.284000700000021, 11.4419658 ], [ 77.2848388, 11.4419851 ], [ 77.285736, 11.4417049 ] ] ] } },
{ "type": "Feature", "properties": { "osm_id": 1343335833, "highway": "unclassified", "name": "Unnamed Road", "bridge": "no", "surface": "unknown", "lanes": "unknown", "maxspeed": "unknown", "length_m": 633.16865432644681, "exposed_length_m": 563.54578944607545, "hazard_code": 5, "hazard_class": "H5", "road_exposure_status": "HYDRAULICALLY_EXPOSED_ROAD_SEGMENT" }, "geometry": { "type": "MultiLineString", "coordinates": [ [ [ 77.2774309, 11.4441674 ], [ 77.2767219, 11.4427456 ], [ 77.2758763, 11.4428094 ], [ 77.2757852, 11.441936 ], [ 77.273967456849505, 11.441898024382375 ] ] ] } },
{ "type": "Feature", "properties": { "osm_id": 1343335834, "highway": "unclassified", "name": "Unnamed Road", "bridge": "no", "surface": "unknown", "lanes": "unknown", "maxspeed": "unknown", "length_m": 306.33468847052723, "exposed_length_m": 179.30595323310871, "hazard_code": 0, "hazard_class": "DRY", "road_exposure_status": "HYDRAULICALLY_EXPOSED_ROAD_SEGMENT" }, "geometry": { "type": "MultiLineString", "coordinates": [ [ [ 77.273976566398076, 11.443038745508114 ], [ 77.2745038, 11.4429369 ], [ 77.2746729, 11.4432748 ], [ 77.273980089770589, 11.443479918720561 ] ] ] } },
{ "type": "Feature", "properties": { "osm_id": 1341743487, "highway": "unclassified", "name": "Unnamed Road", "bridge": "no", "surface": "unknown", "lanes": "unknown", "maxspeed": "unknown", "length_m": 1251.7458875013392, "exposed_length_m": 1251.7458875013392, "hazard_code": 6, "hazard_class": "H6", "road_exposure_status": "HYDRAULICALLY_EXPOSED_ROAD_SEGMENT" }, "geometry": { "type": "MultiLineString", "coordinates": [ [ [ 77.2862887, 11.4505725 ], [ 77.2863177, 11.4490586 ], [ 77.286348300000014, 11.4489285 ], [ 77.286436, 11.4485561 ], [ 77.2864427, 11.4484531 ], [ 77.2864951, 11.4476478 ], [ 77.2863768, 11.4466042 ], [ 77.2862881, 11.4461597 ], [ 77.2861895, 11.4455026 ], [ 77.286012, 11.4450677 ], [ 77.2856867, 11.4442173 ], [ 77.2856472, 11.4439468 ], [ 77.2857655, 11.4433476 ], [ 77.285874, 11.4427388 ], [ 77.285736, 11.4417049 ], [ 77.2856472, 11.4407868 ], [ 77.2853219, 11.4399654 ], [ 77.2851696, 11.4395121 ] ] ] } },
{ "type": "Feature", "properties": { "osm_id": 211516713, "highway": "tertiary", "name": "Unnamed Road", "bridge": "no", "surface": "unknown", "lanes": "unknown", "maxspeed": "unknown", "length_m": 2275.1721051632881, "exposed_length_m": 1200.0953486112091, "hazard_code": 5, "hazard_class": "H5", "road_exposure_status": "HYDRAULICALLY_EXPOSED_ROAD_SEGMENT" }, "geometry": { "type": "MultiLineString", "coordinates": [ [ [ 77.2736178, 11.4401804 ], [ 77.2733923, 11.4397631 ], [ 77.2731864, 11.4396684 ], [ 77.2725662, 11.4397946 ], [ 77.2716114, 11.4398682 ], [ 77.2710513, 11.4397421 ], [ 77.2697531, 11.4399313 ], [ 77.269371423062083, 11.439953526198819 ] ], [ [ 77.264404283410457, 11.445423819452685 ], [ 77.2647213, 11.4463879 ], [ 77.2650646, 11.4468716 ], [ 77.2655689, 11.447492 ], [ 77.2657963, 11.4479968 ], [ 77.2660109, 11.4486066 ], [ 77.2662448, 11.4489957 ], [ 77.266322, 11.4494689 ], [ 77.2667727, 11.4503417 ], [ 77.2671374, 11.4507728 ], [ 77.2672085, 11.451034 ] ] ] } },
{ "type": "Feature", "properties": { "osm_id": 1343335832, "highway": "unclassified", "name": "Unnamed Road", "bridge": "no", "surface": "unknown", "lanes": "unknown", "maxspeed": "unknown", "length_m": 907.89033079225419, "exposed_length_m": 907.89033079225419, "hazard_code": 6, "hazard_class": "H6", "road_exposure_status": "HYDRAULICALLY_EXPOSED_ROAD_SEGMENT" }, "geometry": { "type": "MultiLineString", "coordinates": [ [ [ 77.2786928, 11.45002 ], [ 77.2791482, 11.4491975 ], [ 77.2793563, 11.4482412 ], [ 77.279584, 11.4471574 ], [ 77.2794864, 11.4465964 ], [ 77.2794474, 11.4462649 ], [ 77.2795059, 11.4457102 ], [ 77.279558, 11.4453022 ], [ 77.2794994, 11.4445435 ], [ 77.2794409, 11.4442439 ], [ 77.2793758, 11.4434214 ], [ 77.2793563, 11.4426691 ], [ 77.2793563, 11.4424077 ], [ 77.2794929, 11.4420252 ] ] ] } },
{ "type": "Feature", "properties": { "osm_id": 211516703, "highway": "unclassified", "name": "Unnamed Road", "bridge": "no", "surface": "unknown", "lanes": "unknown", "maxspeed": "unknown", "length_m": 1137.2097893057469, "exposed_length_m": 323.13715619329935, "hazard_code": 4, "hazard_class": "H4", "road_exposure_status": "HYDRAULICALLY_EXPOSED_ROAD_SEGMENT" }, "geometry": { "type": "MultiLineString", "coordinates": [ [ [ 77.2667727, 11.4503417 ], [ 77.267116, 11.4499736 ], [ 77.2679153, 11.4491797 ], [ 77.2682264, 11.448696 ], [ 77.268471, 11.4484279 ], [ 77.268643503917772, 11.448102124459194 ] ] ] } },
{ "type": "Feature", "properties": { "osm_id": 1343335848, "highway": "unclassified", "name": "Unnamed Road", "bridge": "no", "surface": "unknown", "lanes": "unknown", "maxspeed": "unknown", "length_m": 599.46398397109431, "exposed_length_m": 305.6350668049231, "hazard_code": 4, "hazard_class": "H4", "road_exposure_status": "HYDRAULICALLY_EXPOSED_ROAD_SEGMENT" }, "geometry": { "type": "MultiLineString", "coordinates": [ [ [ 77.262096555429395, 11.446747182156569 ], [ 77.2621435, 11.4467683 ], [ 77.2630608, 11.4468238 ], [ 77.264284, 11.4468016 ], [ 77.2647213, 11.4463879 ] ] ] } },
{ "type": "Feature", "properties": { "osm_id": 1343424768, "highway": "unclassified", "name": "Unnamed Road", "bridge": "no", "surface": "unknown", "lanes": "unknown", "maxspeed": "unknown", "length_m": 147.08124565876486, "exposed_length_m": 147.08124565876486, "hazard_code": 6, "hazard_class": "H6", "road_exposure_status": "HYDRAULICALLY_EXPOSED_ROAD_SEGMENT" }, "geometry": { "type": "MultiLineString", "coordinates": [ [ [ 77.2692097, 11.4517431 ], [ 77.2689657, 11.4517209 ], [ 77.2687094, 11.4517016 ], [ 77.2684866, 11.4508972 ] ] ] } },
{ "type": "Feature", "properties": { "osm_id": 1343335850, "highway": "unclassified", "name": "Unnamed Road", "bridge": "no", "surface": "unknown", "lanes": "unknown", "maxspeed": "unknown", "length_m": 450.14898842318934, "exposed_length_m": 51.703488056392864, "hazard_code": 6, "hazard_class": "H6", "road_exposure_status": "HYDRAULICALLY_EXPOSED_ROAD_SEGMENT" }, "geometry": { "type": "MultiLineString", "coordinates": [ [ [ 77.257919676015945, 11.452703718589783 ], [ 77.2580934, 11.4531384 ] ] ] } },
{ "type": "Feature", "properties": { "osm_id": 1343396169, "highway": "unclassified", "name": "Unnamed Road", "bridge": "no", "surface": "unknown", "lanes": "unknown", "maxspeed": "unknown", "length_m": 275.4533566221607, "exposed_length_m": 192.98022894207682, "hazard_code": 4, "hazard_class": "H4", "road_exposure_status": "HYDRAULICALLY_EXPOSED_ROAD_SEGMENT" }, "geometry": { "type": "MultiLineString", "coordinates": [ [ [ 77.286935621811196, 11.449767080241196 ], [ 77.2869474, 11.4489249 ], [ 77.2869623, 11.4485441 ], [ 77.2864427, 11.4484531 ] ] ] } },
{ "type": "Feature", "properties": { "osm_id": 1343396168, "highway": "unclassified", "name": "Unnamed Road", "bridge": "no", "surface": "unknown", "lanes": "unknown", "maxspeed": "unknown", "length_m": 322.63637926527542, "exposed_length_m": 233.73061294038217, "hazard_code": 4, "hazard_class": "H4", "road_exposure_status": "HYDRAULICALLY_EXPOSED_ROAD_SEGMENT" }, "geometry": { "type": "MultiLineString", "coordinates": [ [ [ 77.286348300000014, 11.4489285 ], [ 77.2869474, 11.4489249 ], [ 77.28776631554436, 11.449030966944736 ] ], [ [ 77.287826550672804, 11.449760111632656 ], [ 77.2878216, 11.450287 ], [ 77.2878488, 11.4504645 ] ] ] } },
{ "type": "Feature", "properties": { "osm_id": 1343335830, "highway": "unclassified", "name": "Unnamed Road", "bridge": "no", "surface": "unknown", "lanes": "unknown", "maxspeed": "unknown", "length_m": 111.8135778363591, "exposed_length_m": 111.8135778363591, "hazard_code": 6, "hazard_class": "H6", "road_exposure_status": "HYDRAULICALLY_EXPOSED_ROAD_SEGMENT" }, "geometry": { "type": "MultiLineString", "coordinates": [ [ [ 77.2767299, 11.4508919 ], [ 77.2771625, 11.4506617 ], [ 77.27747, 11.4504981 ], [ 77.2776391, 11.450428 ] ] ] } },
{ "type": "Feature", "properties": { "osm_id": 1343335831, "highway": "unclassified", "name": "Unnamed Road", "bridge": "no", "surface": "unknown", "lanes": "unknown", "maxspeed": "unknown", "length_m": 139.29874488521898, "exposed_length_m": 139.29874488521898, "hazard_code": 6, "hazard_class": "H6", "road_exposure_status": "HYDRAULICALLY_EXPOSED_ROAD_SEGMENT" }, "geometry": { "type": "MultiLineString", "coordinates": [ [ [ 77.2766764, 11.4504152 ], [ 77.2769756, 11.4503897 ], [ 77.2771625, 11.4506617 ], [ 77.2773742, 11.4512603 ] ] ] } },
{ "type": "Feature", "properties": { "osm_id": 1343335828, "highway": "unclassified", "name": "Unnamed Road", "bridge": "no", "surface": "unknown", "lanes": "unknown", "maxspeed": "unknown", "length_m": 555.0859326300415, "exposed_length_m": 555.0859326300415, "hazard_code": 6, "hazard_class": "H6", "road_exposure_status": "HYDRAULICALLY_EXPOSED_ROAD_SEGMENT" }, "geometry": { "type": "MultiLineString", "coordinates": [ [ [ 77.276155, 11.450072 ], [ 77.2770341, 11.4497649 ], [ 77.2772098, 11.4497968 ], [ 77.2773464, 11.4502622 ], [ 77.2781465, 11.4500136 ], [ 77.2786928, 11.45002 ], [ 77.2785107, 11.450581 ], [ 77.2784262, 11.450785 ], [ 77.278419700000015, 11.4511484 ], [ 77.2783477, 11.4520418 ] ] ] } },
{ "type": "Feature", "properties": { "osm_id": 1343424770, "highway": "unclassified", "name": "Unnamed Road", "bridge": "no", "surface": "unknown", "lanes": "unknown", "maxspeed": "unknown", "length_m": 52.563966300349037, "exposed_length_m": 52.563966300349037, "hazard_code": 6, "hazard_class": "H6", "road_exposure_status": "HYDRAULICALLY_EXPOSED_ROAD_SEGMENT" }, "geometry": { "type": "MultiLineString", "coordinates": [ [ [ 77.269503, 11.4513489 ], [ 77.2695231, 11.4508743 ] ] ] } },
{ "type": "Feature", "properties": { "osm_id": 1343335829, "highway": "unclassified", "name": "Unnamed Road", "bridge": "no", "surface": "unknown", "lanes": "unknown", "maxspeed": "unknown", "length_m": 174.96666953766493, "exposed_length_m": 174.96666953766493, "hazard_code": 5, "hazard_class": "H5", "road_exposure_status": "HYDRAULICALLY_EXPOSED_ROAD_SEGMENT" }, "geometry": { "type": "MultiLineString", "coordinates": [ [ [ 77.2770169, 11.4514386 ], [ 77.2773742, 11.4512603 ], [ 77.277509, 11.451193 ], [ 77.277561, 11.4510655 ], [ 77.2783156, 11.4508041 ], [ 77.2784262, 11.450785 ] ] ] } },
{ "type": "Feature", "properties": { "osm_id": 1343424769, "highway": "unclassified", "name": "Unnamed Road", "bridge": "no", "surface": "unknown", "lanes": "unknown", "maxspeed": "unknown", "length_m": 250.89232311868577, "exposed_length_m": 250.89232311868574, "hazard_code": 6, "hazard_class": "H6", "road_exposure_status": "HYDRAULICALLY_EXPOSED_ROAD_SEGMENT" }, "geometry": { "type": "MultiLineString", "coordinates": [ [ [ 77.2692516, 11.4513875 ], [ 77.269503, 11.4513489 ], [ 77.2697397, 11.4514841 ], [ 77.26990880000001, 11.4514408 ] ], [ [ 77.26990880000001, 11.4514408 ], [ 77.2704002, 11.451315 ], [ 77.2703707, 11.4510638 ], [ 77.2698974, 11.451088 ], [ 77.26990880000001, 11.4514408 ] ] ] } },
{ "type": "Feature", "properties": { "osm_id": 1343424766, "highway": "unclassified", "name": "Unnamed Road", "bridge": "no", "surface": "unknown", "lanes": "unknown", "maxspeed": "unknown", "length_m": 227.77284633282477, "exposed_length_m": 227.77284633282477, "hazard_code": 6, "hazard_class": "H6", "road_exposure_status": "HYDRAULICALLY_EXPOSED_ROAD_SEGMENT" }, "geometry": { "type": "MultiLineString", "coordinates": [ [ [ 77.2688762, 11.4525751 ], [ 77.2689065, 11.4523731 ], [ 77.2692812, 11.4523103 ], [ 77.2692713, 11.4520349 ], [ 77.2691826, 11.4519721 ], [ 77.2692097, 11.4517431 ], [ 77.2692516, 11.4513875 ], [ 77.2692224, 11.4508809 ] ] ] } },
{ "type": "Feature", "properties": { "osm_id": 1343335824, "highway": "unclassified", "name": "Unnamed Road", "bridge": "no", "surface": "unknown", "lanes": "unknown", "maxspeed": "unknown", "length_m": 180.48770224170067, "exposed_length_m": 180.48770224170067, "hazard_code": 6, "hazard_class": "H6", "road_exposure_status": "HYDRAULICALLY_EXPOSED_ROAD_SEGMENT" }, "geometry": { "type": "MultiLineString", "coordinates": [ [ [ 77.2886972, 11.4526482 ], [ 77.2886451, 11.4524505 ], [ 77.2886061, 11.4518449 ], [ 77.2885671, 11.4514624 ], [ 77.2882809, 11.4511308 ] ] ] } },
{ "type": "Feature", "properties": { "osm_id": 1343424767, "highway": "unclassified", "name": "Unnamed Road", "bridge": "no", "surface": "unknown", "lanes": "unknown", "maxspeed": "unknown", "length_m": 79.48777121977183, "exposed_length_m": 79.48777121977183, "hazard_code": 6, "hazard_class": "H6", "road_exposure_status": "HYDRAULICALLY_EXPOSED_ROAD_SEGMENT" }, "geometry": { "type": "MultiLineString", "coordinates": [ [ [ 77.2689065, 11.4523731 ], [ 77.268877, 11.4519576 ], [ 77.2691826, 11.4519721 ] ] ] } },
{ "type": "Feature", "properties": { "osm_id": 1343396162, "highway": "unclassified", "name": "Unnamed Road", "bridge": "no", "surface": "unknown", "lanes": "unknown", "maxspeed": "unknown", "length_m": 1271.2490123358527, "exposed_length_m": 1271.2490123358527, "hazard_code": 6, "hazard_class": "H6", "road_exposure_status": "HYDRAULICALLY_EXPOSED_ROAD_SEGMENT" }, "geometry": { "type": "MultiLineString", "coordinates": [ [ [ 77.2673757, 11.4509981 ], [ 77.2675362, 11.4517719 ], [ 77.2683298, 11.4524221 ], [ 77.2687727, 11.4525461 ], [ 77.2688762, 11.4525751 ], [ 77.2691494, 11.4529321 ], [ 77.2693966, 11.4531107 ], [ 77.2702552, 11.4531107 ], [ 77.2705935, 11.4530596 ], [ 77.2721676, 11.4530086 ], [ 77.273494600000021, 11.4529959 ], [ 77.274021, 11.4531094 ], [ 77.2741451, 11.4531362 ], [ 77.2744963, 11.4531744 ], [ 77.2750084, 11.4532955 ], [ 77.2756282, 11.4534422 ], [ 77.2759521, 11.4534999 ], [ 77.2763437, 11.4535697 ], [ 77.2769161, 11.4535697 ], [ 77.2778163, 11.453588 ] ] ] } },
{ "type": "Feature", "properties": { "osm_id": 1343396163, "highway": "unclassified", "name": "Unnamed Road", "bridge": "no", "surface": "unknown", "lanes": "unknown", "maxspeed": "unknown", "length_m": 173.37326906872767, "exposed_length_m": 173.37326906872767, "hazard_code": 6, "hazard_class": "H6", "road_exposure_status": "HYDRAULICALLY_EXPOSED_ROAD_SEGMENT" }, "geometry": { "type": "MultiLineString", "coordinates": [ [ [ 77.274021, 11.4531094 ], [ 77.2738432, 11.4515525 ] ] ] } },
{ "type": "Feature", "properties": { "osm_id": 1343335820, "highway": "unclassified", "name": "Unnamed Road", "bridge": "no", "surface": "unknown", "lanes": "unknown", "maxspeed": "unknown", "length_m": 1021.6956192044627, "exposed_length_m": 1021.6956192044627, "hazard_code": 6, "hazard_class": "H6", "road_exposure_status": "HYDRAULICALLY_EXPOSED_ROAD_SEGMENT" }, "geometry": { "type": "MultiLineString", "coordinates": [ [ [ 77.2940765, 11.4534524 ], [ 77.2932635, 11.4533813 ], [ 77.2928992, 11.4533686 ], [ 77.291234, 11.4534961 ], [ 77.289809500000018, 11.4538786 ], [ 77.2891005, 11.4539423 ], [ 77.2888988, 11.4539997 ], [ 77.2887947, 11.4533941 ], [ 77.2887947, 11.4531072 ], [ 77.2887427, 11.4528713 ], [ 77.2886972, 11.4526482 ], [ 77.2884175, 11.4526354 ], [ 77.2882678, 11.4526227 ], [ 77.2881508, 11.4525207 ], [ 77.2881117, 11.4519788 ], [ 77.2881052, 11.451711 ], [ 77.2882028, 11.451456 ], [ 77.2882353, 11.4513094 ], [ 77.2882809, 11.4511308 ], [ 77.2882149, 11.4504455 ] ] ] } },
{ "type": "Feature", "properties": { "osm_id": 1343335827, "highway": "unclassified", "name": "Unnamed Road", "bridge": "no", "surface": "unknown", "lanes": "unknown", "maxspeed": "unknown", "length_m": 182.69060713699378, "exposed_length_m": 182.69060713699378, "hazard_code": 6, "hazard_class": "H6", "road_exposure_status": "HYDRAULICALLY_EXPOSED_ROAD_SEGMENT" }, "geometry": { "type": "MultiLineString", "coordinates": [ [ [ 77.280754900000019, 11.4533542 ], [ 77.2806485, 11.4517066 ] ] ] } },
{ "type": "Feature", "properties": { "osm_id": 1343396164, "highway": "unclassified", "name": "Unnamed Road", "bridge": "no", "surface": "unknown", "lanes": "unknown", "maxspeed": "unknown", "length_m": 148.36513173863352, "exposed_length_m": 148.36513173863352, "hazard_code": 5, "hazard_class": "H5", "road_exposure_status": "HYDRAULICALLY_EXPOSED_ROAD_SEGMENT" }, "geometry": { "type": "MultiLineString", "coordinates": [ [ [ 77.2750084, 11.4532955 ], [ 77.2750465, 11.4529776 ], [ 77.2751007, 11.4525248 ], [ 77.2751678, 11.451964 ] ] ] } },
{ "type": "Feature", "properties": { "osm_id": 1343396166, "highway": "unclassified", "name": "Unnamed Road", "bridge": "no", "surface": "unknown", "lanes": "unknown", "maxspeed": "unknown", "length_m": 196.93408452847672, "exposed_length_m": 196.93408452847672, "hazard_code": 6, "hazard_class": "H6", "road_exposure_status": "HYDRAULICALLY_EXPOSED_ROAD_SEGMENT" }, "geometry": { "type": "MultiLineString", "coordinates": [ [ [ 77.2750465, 11.4529776 ], [ 77.2759543, 11.4530094 ], [ 77.2768495, 11.4530408 ] ] ] } },
{ "type": "Feature", "properties": { "osm_id": 1343396165, "highway": "unclassified", "name": "Unnamed Road", "bridge": "no", "surface": "unknown", "lanes": "unknown", "maxspeed": "unknown", "length_m": 299.13409662487851, "exposed_length_m": 299.13409662487851, "hazard_code": 5, "hazard_class": "H5", "road_exposure_status": "HYDRAULICALLY_EXPOSED_ROAD_SEGMENT" }, "geometry": { "type": "MultiLineString", "coordinates": [ [ [ 77.2751007, 11.4525248 ], [ 77.276786, 11.4525369 ], [ 77.2768495, 11.4530408 ], [ 77.2769161, 11.4535697 ] ] ] } },
{ "type": "Feature", "properties": { "osm_id": 1343396167, "highway": "unclassified", "name": "Unnamed Road", "bridge": "no", "surface": "unknown", "lanes": "unknown", "maxspeed": "unknown", "length_m": 54.278385956514562, "exposed_length_m": 54.278385956514562, "hazard_code": 6, "hazard_class": "H6", "road_exposure_status": "HYDRAULICALLY_EXPOSED_ROAD_SEGMENT" }, "geometry": { "type": "MultiLineString", "coordinates": [ [ [ 77.2759521, 11.4534999 ], [ 77.2759543, 11.4530094 ] ] ] } },
{ "type": "Feature", "properties": { "osm_id": 1369906523, "highway": "primary", "name": "Perundurai - Maccanamcombai Road", "bridge": "no", "surface": "unknown", "lanes": "unknown", "maxspeed": "unknown", "length_m": 68.046035616957639, "exposed_length_m": 68.046035616957639, "hazard_code": 6, "hazard_class": "H6", "road_exposure_status": "HYDRAULICALLY_EXPOSED_ROAD_SEGMENT" }, "geometry": { "type": "MultiLineString", "coordinates": [ [ [ 77.2961593, 11.4533548 ], [ 77.2960855, 11.4533793 ], [ 77.2958577, 11.453507 ], [ 77.295729, 11.4535885 ], [ 77.2956966, 11.453628 ], [ 77.2956711, 11.4537018 ] ] ] } },
{ "type": "Feature", "properties": { "osm_id": 1369906524, "highway": "primary", "name": "Perundurai - Maccanamcombai Road", "bridge": "no", "surface": "unknown", "lanes": "unknown", "maxspeed": "unknown", "length_m": 60.493718000155127, "exposed_length_m": 60.493718000155127, "hazard_code": 6, "hazard_class": "H6", "road_exposure_status": "HYDRAULICALLY_EXPOSED_ROAD_SEGMENT" }, "geometry": { "type": "MultiLineString", "coordinates": [ [ [ 77.2957756, 11.4537297 ], [ 77.295808800000017, 11.4536702 ], [ 77.2958424, 11.4536182 ], [ 77.2959517, 11.4535466 ], [ 77.2960028, 11.4535134 ], [ 77.2961211, 11.4534292 ], [ 77.2961593, 11.4533548 ] ] ] } },
{ "type": "Feature", "properties": { "osm_id": 966262670, "highway": "tertiary", "name": "Unnamed Road", "bridge": "no", "surface": "unknown", "lanes": "unknown", "maxspeed": "unknown", "length_m": 447.9776167336239, "exposed_length_m": 447.9776167336239, "hazard_code": 6, "hazard_class": "H6", "road_exposure_status": "HYDRAULICALLY_EXPOSED_ROAD_SEGMENT" }, "geometry": { "type": "MultiLineString", "coordinates": [ [ [ 77.2773175, 11.4521077 ], [ 77.2777998, 11.4533799 ], [ 77.2778163, 11.453588 ], [ 77.2778535, 11.4540571 ], [ 77.2781431, 11.4543578 ], [ 77.278744, 11.4544882 ], [ 77.2790444, 11.4547153 ], [ 77.2789585, 11.4553252 ] ] ] } },
{ "type": "Feature", "properties": { "osm_id": 1369906521, "highway": "primary", "name": "Udhagamandalam - Kotagiri - Mettupalayam - Sathy - Gobi - Erode Road", "bridge": "no", "surface": "unknown", "lanes": "unknown", "maxspeed": "unknown", "length_m": 173.22779981835384, "exposed_length_m": 173.22779981835384, "hazard_code": 6, "hazard_class": "H6", "road_exposure_status": "HYDRAULICALLY_EXPOSED_ROAD_SEGMENT" }, "geometry": { "type": "MultiLineString", "coordinates": [ [ [ 77.2964403, 11.4539386 ], [ 77.2963745, 11.4538829 ], [ 77.295808800000017, 11.4536702 ], [ 77.2956966, 11.453628 ], [ 77.2950733, 11.4535313 ], [ 77.2949304, 11.4535471 ] ] ] } },
{ "type": "Feature", "properties": { "osm_id": 1369906522, "highway": "primary", "name": "Udhagamandalam - Kotagiri - Mettupalayam - Sathy - Gobi - Erode Road", "bridge": "no", "surface": "unknown", "lanes": "unknown", "maxspeed": "unknown", "length_m": 171.35203236392792, "exposed_length_m": 171.35203236392792, "hazard_code": 6, "hazard_class": "H6", "road_exposure_status": "HYDRAULICALLY_EXPOSED_ROAD_SEGMENT" }, "geometry": { "type": "MultiLineString", "coordinates": [ [ [ 77.2949304, 11.4535471 ], [ 77.2950917, 11.4536052 ], [ 77.2956711, 11.4537018 ], [ 77.2957223, 11.4537103 ], [ 77.2957756, 11.4537297 ], [ 77.2963371, 11.4539337 ], [ 77.2964403, 11.4539386 ] ] ] } },
{ "type": "Feature", "properties": { "osm_id": 1343335822, "highway": "unclassified", "name": "Unnamed Road", "bridge": "no", "surface": "unknown", "lanes": "unknown", "maxspeed": "unknown", "length_m": 53.262623469366083, "exposed_length_m": 53.262623469366083, "hazard_code": 6, "hazard_class": "H6", "road_exposure_status": "HYDRAULICALLY_EXPOSED_ROAD_SEGMENT" }, "geometry": { "type": "MultiLineString", "coordinates": [ [ [ 77.2884109, 11.4539933 ], [ 77.2888988, 11.4539997 ] ] ] } },
{ "type": "Feature", "properties": { "osm_id": 1343335821, "highway": "unclassified", "name": "Unnamed Road", "bridge": "no", "surface": "unknown", "lanes": "unknown", "maxspeed": "unknown", "length_m": 488.87234675499536, "exposed_length_m": 488.87234675499536, "hazard_code": 6, "hazard_class": "H6", "road_exposure_status": "HYDRAULICALLY_EXPOSED_ROAD_SEGMENT" }, "geometry": { "type": "MultiLineString", "coordinates": [ [ [ 77.2881508, 11.4525207 ], [ 77.2882613, 11.4536172 ], [ 77.2884109, 11.4539933 ], [ 77.2884955, 11.454242 ], [ 77.2885801, 11.4545225 ], [ 77.2883654, 11.4545607 ], [ 77.288248300000021, 11.4551855 ], [ 77.2879101, 11.4555425 ], [ 77.287929600000012, 11.4558676 ], [ 77.2874417, 11.4563649 ] ] ] } },
{ "type": "Feature", "properties": { "osm_id": 1343424765, "highway": "unclassified", "name": "Unnamed Road", "bridge": "no", "surface": "unknown", "lanes": "unknown", "maxspeed": "unknown", "length_m": 358.20157591685881, "exposed_length_m": 358.20157591685881, "hazard_code": 6, "hazard_class": "H6", "road_exposure_status": "HYDRAULICALLY_EXPOSED_ROAD_SEGMENT" }, "geometry": { "type": "MultiLineString", "coordinates": [ [ [ 77.2692553, 11.4563349 ], [ 77.269244, 11.4555579 ], [ 77.2692213, 11.4543259 ], [ 77.2693119, 11.4537931 ], [ 77.2693966, 11.4531107 ] ] ] } },
{ "type": "Feature", "properties": { "osm_id": 1343335825, "highway": "unclassified", "name": "Unnamed Road", "bridge": "no", "surface": "unknown", "lanes": "unknown", "maxspeed": "unknown", "length_m": 760.78674084695035, "exposed_length_m": 760.78674084695035, "hazard_code": 6, "hazard_class": "H6", "road_exposure_status": "HYDRAULICALLY_EXPOSED_ROAD_SEGMENT" }, "geometry": { "type": "MultiLineString", "coordinates": [ [ [ 77.2849439, 11.4570152 ], [ 77.2849439, 11.4548986 ], [ 77.2846772, 11.4537383 ], [ 77.2853147, 11.4537319 ], [ 77.2866026, 11.4537702 ], [ 77.2873116, 11.4538084 ], [ 77.2877279, 11.4538021 ], [ 77.2882613, 11.4536172 ] ] ] } },
{ "type": "Feature", "properties": { "osm_id": 1343335826, "highway": "unclassified", "name": "Unnamed Road", "bridge": "no", "surface": "unknown", "lanes": "unknown", "maxspeed": "unknown", "length_m": 1155.9306947082589, "exposed_length_m": 1155.9306947082589, "hazard_code": 6, "hazard_class": "H6", "road_exposure_status": "HYDRAULICALLY_EXPOSED_ROAD_SEGMENT" }, "geometry": { "type": "MultiLineString", "coordinates": [ [ [ 77.2778163, 11.453588 ], [ 77.2786148, 11.453418 ], [ 77.2790896, 11.4535837 ], [ 77.280754900000019, 11.4533542 ], [ 77.2809045, 11.4534052 ], [ 77.2809565, 11.4558342 ], [ 77.28095, 11.4568287 ], [ 77.281002, 11.4570454 ], [ 77.2823225, 11.4572303 ], [ 77.2846447, 11.4578232 ] ] ] } },
{ "type": "Feature", "properties": { "osm_id": 1343335823, "highway": "unclassified", "name": "Unnamed Road", "bridge": "no", "surface": "unknown", "lanes": "unknown", "maxspeed": "unknown", "length_m": 436.40852772473033, "exposed_length_m": 436.40852772473033, "hazard_code": 6, "hazard_class": "H6", "road_exposure_status": "HYDRAULICALLY_EXPOSED_ROAD_SEGMENT" }, "geometry": { "type": "MultiLineString", "coordinates": [ [ [ 77.2888988, 11.4539997 ], [ 77.2889508, 11.4548795 ], [ 77.2891135, 11.4552556 ], [ 77.2891655, 11.4554277 ], [ 77.2891655, 11.4555361 ], [ 77.2888923, 11.4558294 ], [ 77.2887492, 11.4559696 ], [ 77.2886061, 11.4561545 ], [ 77.288489, 11.4563011 ], [ 77.2883654, 11.4564924 ], [ 77.2882288, 11.456639 ], [ 77.2880597, 11.4568048 ], [ 77.287832, 11.4570279 ], [ 77.287741, 11.457098 ], [ 77.2874808, 11.4571172 ] ] ] } },
{ "type": "Feature", "properties": { "osm_id": 1343335852, "highway": "unclassified", "name": "Unnamed Road", "bridge": "no", "surface": "unknown", "lanes": "unknown", "maxspeed": "unknown", "length_m": 129.7035790010672, "exposed_length_m": 37.964475348748493, "hazard_code": 6, "hazard_class": "H6", "road_exposure_status": "HYDRAULICALLY_EXPOSED_ROAD_SEGMENT" }, "geometry": { "type": "MultiLineString", "coordinates": [ [ [ 77.2575963, 11.4530288 ], [ 77.257475296657574, 11.452707150086457 ] ] ] } },
{ "type": "Feature", "properties": { "osm_id": 1343335851, "highway": "unclassified", "name": "Unnamed Road", "bridge": "no", "surface": "unknown", "lanes": "unknown", "maxspeed": "unknown", "length_m": 227.47198607190376, "exposed_length_m": 154.31527505601809, "hazard_code": 6, "hazard_class": "H6", "road_exposure_status": "HYDRAULICALLY_EXPOSED_ROAD_SEGMENT" }, "geometry": { "type": "MultiLineString", "coordinates": [ [ [ 77.2566765, 11.4540332 ], [ 77.256539, 11.4536896 ], [ 77.2563279, 11.453162 ], [ 77.2562335, 11.4527761 ], [ 77.256218997079671, 11.4527168475773 ] ] ] } },
{ "type": "Feature", "properties": { "osm_id": 1343335853, "highway": "unclassified", "name": "Unnamed Road", "bridge": "no", "surface": "unknown", "lanes": "unknown", "maxspeed": "unknown", "length_m": 268.04957833651974, "exposed_length_m": 222.82707212930376, "hazard_code": 6, "hazard_class": "H6", "road_exposure_status": "HYDRAULICALLY_EXPOSED_ROAD_SEGMENT" }, "geometry": { "type": "MultiLineString", "coordinates": [ [ [ 77.255731069094651, 11.452730756752331 ], [ 77.2562335, 11.4527761 ], [ 77.2565317, 11.4528345 ], [ 77.2566903, 11.4529289 ], [ 77.2569224, 11.4534894 ], [ 77.256539, 11.4536896 ] ] ] } },
{ "type": "Feature", "properties": { "osm_id": 1343424764, "highway": "unclassified", "name": "Unnamed Road", "bridge": "no", "surface": "unknown", "lanes": "unknown", "maxspeed": "unknown", "length_m": 976.06269190551234, "exposed_length_m": 976.06269190551234, "hazard_code": 6, "hazard_class": "H6", "road_exposure_status": "HYDRAULICALLY_EXPOSED_ROAD_SEGMENT" }, "geometry": { "type": "MultiLineString", "coordinates": [ [ [ 77.263426, 11.4523287 ], [ 77.2636379, 11.4537265 ], [ 77.264023, 11.454892 ], [ 77.2646006, 11.4547699 ], [ 77.2648044, 11.4547144 ], [ 77.2654839, 11.4546589 ], [ 77.2656425, 11.4544258 ], [ 77.2663107, 11.4542926 ], [ 77.2665825, 11.4543481 ], [ 77.2667977, 11.4546589 ], [ 77.2674546, 11.4540262 ], [ 77.2685418, 11.45356 ], [ 77.2687727, 11.4525461 ] ] ] } },
{ "type": "Feature", "properties": { "osm_id": 1343335855, "highway": "unclassified", "name": "Unnamed Road", "bridge": "no", "surface": "unknown", "lanes": "unknown", "maxspeed": "unknown", "length_m": 952.83258754657356, "exposed_length_m": 299.89602426516404, "hazard_code": 3, "hazard_class": "H3", "road_exposure_status": "HYDRAULICALLY_EXPOSED_ROAD_SEGMENT" }, "geometry": { "type": "MultiLineString", "coordinates": [ [ [ 77.250951889795132, 11.45817980180205 ], [ 77.2511278, 11.4586012 ], [ 77.2515517, 11.4590844 ], [ 77.2521433, 11.4595772 ], [ 77.2523701, 11.4599057 ], [ 77.2525475, 11.459983 ], [ 77.2527993, 11.4600691 ] ] ] } },
{ "type": "Feature", "properties": { "osm_id": 1343424771, "highway": "unclassified", "name": "Unnamed Road", "bridge": "no", "surface": "unknown", "lanes": "unknown", "maxspeed": "unknown", "length_m": 1108.7621344146705, "exposed_length_m": 1108.7621344146705, "hazard_code": 6, "hazard_class": "H6", "road_exposure_status": "HYDRAULICALLY_EXPOSED_ROAD_SEGMENT" }, "geometry": { "type": "MultiLineString", "coordinates": [ [ [ 77.2562094, 11.4543282 ], [ 77.2566598, 11.4551335 ], [ 77.2569886, 11.4557999 ], [ 77.2572053, 11.4561441 ], [ 77.2573173, 11.4569057 ], [ 77.2570633, 11.4569862 ], [ 77.2566972, 11.4569862 ], [ 77.2554867, 11.4571913 ], [ 77.2553522, 11.4589122 ], [ 77.2553597, 11.4591246 ], [ 77.2554867, 11.4593296 ], [ 77.2556287, 11.4595859 ], [ 77.2553447, 11.4596152 ], [ 77.2550234, 11.4596079 ], [ 77.2549338, 11.4593589 ], [ 77.2548441, 11.4591465 ], [ 77.2547021, 11.4589635 ], [ 77.2544855, 11.458817 ], [ 77.2532172, 11.4584825 ] ] ] } },
{ "type": "Feature", "properties": { "osm_id": 1343424772, "highway": "unclassified", "name": "Unnamed Road", "bridge": "no", "surface": "unknown", "lanes": "unknown", "maxspeed": "unknown", "length_m": 477.13752355384912, "exposed_length_m": 477.13752355384912, "hazard_code": 6, "hazard_class": "H6", "road_exposure_status": "HYDRAULICALLY_EXPOSED_ROAD_SEGMENT" }, "geometry": { "type": "MultiLineString", "coordinates": [ [ [ 77.2556287, 11.4595859 ], [ 77.2560023, 11.4598056 ], [ 77.2561667, 11.4598569 ], [ 77.2563236, 11.4598422 ], [ 77.2564058, 11.4596738 ], [ 77.2565328, 11.4595273 ], [ 77.2566449, 11.4593809 ], [ 77.2568018, 11.459271 ], [ 77.256996, 11.4592125 ], [ 77.2573696, 11.4591319 ], [ 77.2573173, 11.4569057 ] ] ] } },
{ "type": "Feature", "properties": { "osm_id": 1343296929, "highway": "unclassified", "name": "Unnamed Road", "bridge": "no", "surface": "unknown", "lanes": "unknown", "maxspeed": "unknown", "length_m": 818.35000231915433, "exposed_length_m": 811.18064923659688, "hazard_code": 6, "hazard_class": "H6", "road_exposure_status": "HYDRAULICALLY_EXPOSED_ROAD_SEGMENT" }, "geometry": { "type": "MultiLineString", "coordinates": [ [ [ 77.244883880514166, 11.471304030855126 ], [ 77.2459476, 11.4711607 ], [ 77.2471581, 11.4710948 ], [ 77.2479576, 11.4710216 ], [ 77.2486151, 11.4710216 ], [ 77.2491232, 11.4710582 ], [ 77.249437, 11.471007 ], [ 77.249691100000021, 11.4708825 ], [ 77.2504532, 11.4703479 ], [ 77.2516371, 11.4692297 ] ] ] } },
{ "type": "Feature", "properties": { "osm_id": 1343296928, "highway": "unclassified", "name": "Unnamed Road", "bridge": "no", "surface": "unknown", "lanes": "unknown", "maxspeed": "unknown", "length_m": 312.88688154870079, "exposed_length_m": 312.88688154870079, "hazard_code": 6, "hazard_class": "H6", "road_exposure_status": "HYDRAULICALLY_EXPOSED_ROAD_SEGMENT" }, "geometry": { "type": "MultiLineString", "coordinates": [ [ [ 77.2517581, 11.474966 ], [ 77.2516938, 11.4746758 ], [ 77.2530628, 11.4742469 ], [ 77.2535692, 11.4740155 ], [ 77.2541237, 11.4738811 ] ] ] } },
{ "type": "Feature", "properties": { "osm_id": 211618553, "highway": "tertiary", "name": "Unnamed Road", "bridge": "no", "surface": "unknown", "lanes": "unknown", "maxspeed": "unknown", "length_m": 447.60113968161727, "exposed_length_m": 447.60113968161727, "hazard_code": 6, "hazard_class": "H6", "road_exposure_status": "HYDRAULICALLY_EXPOSED_ROAD_SEGMENT" }, "geometry": { "type": "MultiLineString", "coordinates": [ [ [ 77.2539534, 11.4760643 ], [ 77.2537511, 11.4761608 ], [ 77.2526567, 11.4765288 ], [ 77.2515423, 11.4770487 ], [ 77.2509777, 11.4773121 ], [ 77.2508467, 11.4773663 ], [ 77.2501822, 11.4776412 ] ] ] } },
{ "type": "Feature", "properties": { "osm_id": 134819674, "highway": "secondary", "name": "Sathy - Ukkaram - Puliyampatty Road", "bridge": "no", "surface": "unknown", "lanes": "unknown", "maxspeed": "unknown", "length_m": 5011.1147759653422, "exposed_length_m": 2502.900070576803, "hazard_code": 0, "hazard_class": "DRY", "road_exposure_status": "HYDRAULICALLY_EXPOSED_ROAD_SEGMENT" }, "geometry": { "type": "MultiLineString", "coordinates": [ [ [ 77.238986370015752, 11.459175452578044 ], [ 77.2389722, 11.4599413 ], [ 77.2387576, 11.4607026 ], [ 77.2389507, 11.4621284 ], [ 77.238898670038509, 11.462791054800991 ] ], [ [ 77.240242688359388, 11.463682801007295 ], [ 77.240247307445344, 11.463684447398661 ] ], [ [ 77.241376099522569, 11.46457951927777 ], [ 77.2416503, 11.4652322 ], [ 77.2419119, 11.4658549 ], [ 77.2422981, 11.4674279 ], [ 77.2436929, 11.4701196 ], [ 77.244412585399914, 11.470882306054143 ] ], [ [ 77.244884500254585, 11.471382439633492 ], [ 77.2454576, 11.4719899 ], [ 77.2455382, 11.4720753 ], [ 77.2459888, 11.4730258 ], [ 77.2460317, 11.4735894 ], [ 77.2458761, 11.4740927 ], [ 77.2458172, 11.4742833 ], [ 77.2468798, 11.4775951 ], [ 77.2471261, 11.4783629 ], [ 77.2472067, 11.4787578 ], [ 77.2477653, 11.4814948 ], [ 77.247991477437751, 11.482603214480189 ] ] ] } },
{ "type": "Feature", "properties": { "osm_id": 1343296944, "highway": "unclassified", "name": "Unnamed Road", "bridge": "no", "surface": "unknown", "lanes": "unknown", "maxspeed": "unknown", "length_m": 1624.9800126761133, "exposed_length_m": 445.30008443922117, "hazard_code": 5, "hazard_class": "H5", "road_exposure_status": "HYDRAULICALLY_EXPOSED_ROAD_SEGMENT" }, "geometry": { "type": "MultiLineString", "coordinates": [ [ [ 77.241252167543394, 11.475506087972802 ], [ 77.241448955992269, 11.475423727863424 ] ], [ [ 77.242165383088434, 11.475123886615766 ], [ 77.2428401, 11.4748415 ], [ 77.243963592508948, 11.47450067381445 ] ], [ [ 77.243992851174511, 11.474491797749383 ], [ 77.2442671, 11.4744086 ], [ 77.2455469, 11.4740313 ], [ 77.2458761, 11.4740927 ] ] ] } },
{ "type": "Feature", "properties": { "osm_id": 1343296920, "highway": "unclassified", "name": "Unnamed Road", "bridge": "no", "surface": "unknown", "lanes": "unknown", "maxspeed": "unknown", "length_m": 1054.8750798796177, "exposed_length_m": 558.88179247948369, "hazard_code": 0, "hazard_class": "DRY", "road_exposure_status": "HYDRAULICALLY_EXPOSED_ROAD_SEGMENT" }, "geometry": { "type": "MultiLineString", "coordinates": [ [ [ 77.242383599865803, 11.479935196121296 ], [ 77.2423523, 11.4798465 ], [ 77.2446298, 11.4794117 ], [ 77.2447777, 11.4793248 ], [ 77.2448763, 11.4792088 ], [ 77.2459904, 11.4789383 ], [ 77.2461876, 11.4789383 ], [ 77.2472067, 11.4787578 ] ] ] } },
{ "type": "Feature", "properties": { "osm_id": 1343296919, "highway": "unclassified", "name": "Unnamed Road", "bridge": "no", "surface": "unknown", "lanes": "unknown", "maxspeed": "unknown", "length_m": 455.31096968141736, "exposed_length_m": 52.55809934093412, "hazard_code": 0, "hazard_class": "DRY", "road_exposure_status": "HYDRAULICALLY_EXPOSED_ROAD_SEGMENT" }, "geometry": { "type": "MultiLineString", "coordinates": [ [ [ 77.247333255974723, 11.48170456050727 ], [ 77.2477653, 11.4814948 ] ] ] } },
{ "type": "Feature", "properties": { "osm_id": 1343296941, "highway": "unclassified", "name": "Unnamed Road", "bridge": "no", "surface": "unknown", "lanes": "unknown", "maxspeed": "unknown", "length_m": 687.31521619646082, "exposed_length_m": 239.38323488793111, "hazard_code": 4, "hazard_class": "H4", "road_exposure_status": "HYDRAULICALLY_EXPOSED_ROAD_SEGMENT" }, "geometry": { "type": "MultiLineString", "coordinates": [ [ [ 77.234358444418405, 11.45830713994747 ], [ 77.2342925, 11.4585952 ], [ 77.2343448, 11.4604625 ] ] ] } },
{ "type": "Feature", "properties": { "osm_id": 1343296932, "highway": "unclassified", "name": "Unnamed Road", "bridge": "no", "surface": "unknown", "lanes": "unknown", "maxspeed": "unknown", "length_m": 1396.5444600307999, "exposed_length_m": 292.58757108964215, "hazard_code": 4, "hazard_class": "H4", "road_exposure_status": "HYDRAULICALLY_EXPOSED_ROAD_SEGMENT" }, "geometry": { "type": "MultiLineString", "coordinates": [ [ [ 77.239348089930886, 11.466423714290125 ], [ 77.2397467, 11.4663359 ], [ 77.2403146, 11.4661748 ], [ 77.2409721, 11.4659259 ], [ 77.2416503, 11.4652322 ] ] ] } },
{ "type": "Feature", "properties": { "osm_id": 1343296930, "highway": "unclassified", "name": "Unnamed Road", "bridge": "no", "surface": "unknown", "lanes": "unknown", "maxspeed": "unknown", "length_m": 1752.6284760723838, "exposed_length_m": 79.951212935612517, "hazard_code": 3, "hazard_class": "H3", "road_exposure_status": "HYDRAULICALLY_EXPOSED_ROAD_SEGMENT" }, "geometry": { "type": "MultiLineString", "coordinates": [ [ [ 77.2454576, 11.4719899 ], [ 77.2450211, 11.4722811 ], [ 77.244909, 11.4721566 ], [ 77.244890372616766, 11.472125375088975 ] ] ] } },
{ "type": "Feature", "properties": { "osm_id": 212497335, "highway": "tertiary", "name": "Unnamed Road", "bridge": "no", "surface": "unknown", "lanes": "unknown", "maxspeed": "unknown", "length_m": 6133.2121161183104, "exposed_length_m": 614.49069306340675, "hazard_code": 5, "hazard_class": "H5", "road_exposure_status": "HYDRAULICALLY_EXPOSED_ROAD_SEGMENT" }, "geometry": { "type": "MultiLineString", "coordinates": [ [ [ 77.248652270330297, 11.484372022406367 ], [ 77.2486549, 11.4843724 ], [ 77.2493523, 11.484241 ], [ 77.2501098, 11.4839007 ], [ 77.2502535, 11.4838362 ], [ 77.251777, 11.4829005 ], [ 77.2533273, 11.4819595 ], [ 77.2535955, 11.481802 ] ] ] } },
{ "type": "Feature", "properties": { "osm_id": 1343296957, "highway": "unclassified", "name": "Unnamed Road", "bridge": "no", "surface": "unknown", "lanes": "unknown", "maxspeed": "unknown", "length_m": 955.52285916725111, "exposed_length_m": 7.1505447670144049, "hazard_code": 4, "hazard_class": "H4", "road_exposure_status": "HYDRAULICALLY_EXPOSED_ROAD_SEGMENT" }, "geometry": { "type": "MultiLineString", "coordinates": [ [ [ 77.189429300000015, 11.4822026 ], [ 77.189458479325864, 11.482144740945204 ] ] ] } },
{ "type": "Feature", "properties": { "osm_id": 211618547, "highway": "tertiary", "name": "Unnamed Road", "bridge": "no", "surface": "unknown", "lanes": "unknown", "maxspeed": "unknown", "length_m": 6381.2123340847584, "exposed_length_m": 2983.683379383328, "hazard_code": 6, "hazard_class": "H6", "road_exposure_status": "HYDRAULICALLY_EXPOSED_ROAD_SEGMENT" }, "geometry": { "type": "MultiLineString", "coordinates": [ [ [ 77.214466371506731, 11.482859691254189 ], [ 77.2144352, 11.4833686 ], [ 77.2145334, 11.4851754 ], [ 77.2145549, 11.4854908 ], [ 77.2140168, 11.4871115 ], [ 77.21399907724971, 11.487381966261109 ] ], [ [ 77.213934624978862, 11.488286201060623 ], [ 77.2135984, 11.4896454 ], [ 77.2133731, 11.4902867 ], [ 77.2131038, 11.49156 ], [ 77.2130043, 11.4918838 ], [ 77.213056, 11.4920762 ], [ 77.2137057, 11.4930519 ], [ 77.2137271, 11.4932096 ], [ 77.2134804, 11.4934198 ], [ 77.2125148, 11.4939455 ], [ 77.2117332, 11.4940386 ], [ 77.2115723, 11.4938809 ], [ 77.2114312, 11.4938614 ], [ 77.2107338, 11.4940927 ], [ 77.210572900000017, 11.4942084 ], [ 77.2104441, 11.494345 ], [ 77.2095536, 11.4946815 ], [ 77.2087168, 11.494713 ], [ 77.2085666, 11.4947656 ], [ 77.208234, 11.4947025 ], [ 77.2075919, 11.4942173 ], [ 77.2073665, 11.4937968 ], [ 77.206991, 11.4934183 ], [ 77.2059165, 11.4922002 ], [ 77.2050706, 11.4916204 ], [ 77.2042428, 11.4908545 ], [ 77.2037493, 11.4902867 ], [ 77.2033845, 11.4894351 ], [ 77.2028588, 11.4882365 ], [ 77.2026674, 11.4877414 ], [ 77.2025493, 11.4874359 ], [ 77.2023868, 11.4866174 ], [ 77.202198457082901, 11.48566383806395 ] ] ] } },
{ "type": "Feature", "properties": { "osm_id": 1343296953, "highway": "unclassified", "name": "Unnamed Road", "bridge": "no", "surface": "unknown", "lanes": "unknown", "maxspeed": "unknown", "length_m": 1563.2979403923268, "exposed_length_m": 882.50038978108432, "hazard_code": 6, "hazard_class": "H6", "road_exposure_status": "HYDRAULICALLY_EXPOSED_ROAD_SEGMENT" }, "geometry": { "type": "MultiLineString", "coordinates": [ [ [ 77.194563627505346, 11.480691183087613 ], [ 77.1938602, 11.480782 ], [ 77.1936286, 11.4808992 ], [ 77.1934418, 11.4822319 ], [ 77.1933372, 11.482576 ], [ 77.1934194, 11.4829129 ], [ 77.193553, 11.4833755 ], [ 77.1938826, 11.4845165 ], [ 77.1939648, 11.4847069 ], [ 77.1944729, 11.4852121 ], [ 77.1945925, 11.4854318 ], [ 77.1952052, 11.4869841 ], [ 77.1952892, 11.4874434 ] ] ] } },
{ "type": "Feature", "properties": { "osm_id": 1343296955, "highway": "unclassified", "name": "Unnamed Road", "bridge": "no", "surface": "unknown", "lanes": "unknown", "maxspeed": "unknown", "length_m": 498.69272482530982, "exposed_length_m": 194.55731470202784, "hazard_code": 5, "hazard_class": "H5", "road_exposure_status": "HYDRAULICALLY_EXPOSED_ROAD_SEGMENT" }, "geometry": { "type": "MultiLineString", "coordinates": [ [ [ 77.193553, 11.4833755 ], [ 77.194582689463331, 11.483155887194764 ] ], [ [ 77.195291775073613, 11.483004650751084 ], [ 77.195497465137677, 11.482960780061475 ] ], [ [ 77.195487580106487, 11.481683230511246 ], [ 77.1954592, 11.4814704 ], [ 77.195342249578445, 11.481196758583602 ] ] ] } },
{ "type": "Feature", "properties": { "osm_id": 75001395, "highway": "primary", "name": "Udhagamandalam - Kotagiri - Mettupalayam - Sathy - Gobi - Erode Road", "bridge": "no", "surface": "unknown", "lanes": "unknown", "maxspeed": "50", "length_m": 8567.3329586697946, "exposed_length_m": 2822.7277616402644, "hazard_code": 6, "hazard_class": "H6", "road_exposure_status": "HYDRAULICALLY_EXPOSED_ROAD_SEGMENT" }, "geometry": { "type": "MultiLineString", "coordinates": [ [ [ 77.22946921048009, 11.491811800717111 ], [ 77.229410206153972, 11.491783208505764 ] ], [ [ 77.228549228153838, 11.491342585694371 ], [ 77.227691301883468, 11.490892615245318 ] ], [ [ 77.223944408537449, 11.488365574644217 ], [ 77.223711651796762, 11.488211786491103 ] ], [ [ 77.223023352170571, 11.487757007579072 ], [ 77.2227211, 11.4875573 ], [ 77.222309231445479, 11.48731874006701 ] ], [ [ 77.221182066050602, 11.486644019100718 ], [ 77.220821867802783, 11.486426332277613 ] ], [ [ 77.220260789788497, 11.486005998109279 ], [ 77.219662616076164, 11.485531417654148 ] ], [ [ 77.215656092619824, 11.483024075401465 ], [ 77.215325518745814, 11.48285316662446 ] ], [ [ 77.213814829527806, 11.481907013445486 ], [ 77.2128872, 11.4812974 ], [ 77.2120201, 11.4807148 ], [ 77.211972832333402, 11.48069407002313 ] ], [ [ 77.211053422713803, 11.480290846222648 ], [ 77.210792293395542, 11.480176322421025 ] ], [ [ 77.190866302827743, 11.476518222112913 ], [ 77.189830905406438, 11.47671938900579 ] ], [ [ 77.189036653914229, 11.476892337281777 ], [ 77.1858213, 11.4776074 ], [ 77.1841119, 11.4777629 ], [ 77.1827309, 11.4779784 ], [ 77.1816914, 11.4782992 ], [ 77.1814023, 11.4783566 ], [ 77.181068, 11.4783441 ], [ 77.1805965, 11.4783231 ], [ 77.1795172, 11.4783265 ], [ 77.1792415, 11.4782291 ], [ 77.178341, 11.4775672 ], [ 77.176259, 11.4759228 ], [ 77.175763, 11.4755311 ], [ 77.1738589, 11.4740272 ], [ 77.1737541, 11.4739398 ], [ 77.1736478, 11.4738512 ], [ 77.17251342212333, 11.47293046220358 ] ] ] } },
{ "type": "Feature", "properties": { "osm_id": 1343296956, "highway": "unclassified", "name": "Unnamed Road", "bridge": "no", "surface": "unknown", "lanes": "unknown", "maxspeed": "unknown", "length_m": 564.06547519246089, "exposed_length_m": 564.06547519246089, "hazard_code": 4, "hazard_class": "H4", "road_exposure_status": "HYDRAULICALLY_EXPOSED_ROAD_SEGMENT" }, "geometry": { "type": "MultiLineString", "coordinates": [ [ [ 77.1868879, 11.4823067 ], [ 77.1874642, 11.4823417 ], [ 77.1889063, 11.4821806 ], [ 77.189429300000015, 11.4822026 ], [ 77.1885925, 11.4835499 ], [ 77.1889661, 11.4844799 ] ] ] } },
{ "type": "Feature", "properties": { "osm_id": 211614701, "highway": "unclassified", "name": "Unnamed Road", "bridge": "no", "surface": "unknown", "lanes": "unknown", "maxspeed": "unknown", "length_m": 3309.4658346864812, "exposed_length_m": 2732.1931015132309, "hazard_code": 6, "hazard_class": "H6", "road_exposure_status": "HYDRAULICALLY_EXPOSED_ROAD_SEGMENT" }, "geometry": { "type": "MultiLineString", "coordinates": [ [ [ 77.2028588, 11.4882365 ], [ 77.2017232, 11.4888448 ], [ 77.2011529, 11.4888253 ], [ 77.2004025, 11.4886886 ], [ 77.1998993, 11.488624 ], [ 77.1991579, 11.4886255 ], [ 77.1974732, 11.4884429 ], [ 77.1967332, 11.4883627 ], [ 77.1963255, 11.4881419 ], [ 77.1954146, 11.4874674 ], [ 77.1952892, 11.4874434 ], [ 77.1949747, 11.4873833 ], [ 77.19278600443856, 11.487798457950772 ] ], [ [ 77.188215484113357, 11.489223381951627 ], [ 77.1869388, 11.4895176 ], [ 77.1867565, 11.4894651 ], [ 77.1861331, 11.4888779 ], [ 77.1859518, 11.4885504 ], [ 77.1859722, 11.4883206 ], [ 77.1860913, 11.4879721 ], [ 77.1862093, 11.4875095 ], [ 77.186284400000019, 11.4866158 ], [ 77.1863702, 11.4862794 ], [ 77.1867672, 11.4857116 ], [ 77.1868141, 11.4851084 ], [ 77.1868463, 11.4845511 ], [ 77.1866478, 11.4835576 ], [ 77.1868879, 11.4823067 ], [ 77.1869858, 11.4817964 ], [ 77.1869858, 11.481623 ], [ 77.1864762, 11.4801142 ], [ 77.1864708, 11.479988 ], [ 77.18653110000001, 11.4798921 ], [ 77.1866103, 11.4797777 ], [ 77.1865995, 11.4796463 ], [ 77.186503, 11.4792152 ], [ 77.1864614, 11.4788091 ], [ 77.1864185, 11.4786356 ], [ 77.1862629, 11.4785515 ], [ 77.1861235, 11.4784937 ], [ 77.1858213, 11.4776074 ] ] ] } },
{ "type": "Feature", "properties": { "osm_id": 1343296954, "highway": "unclassified", "name": "Unnamed Road", "bridge": "no", "surface": "unknown", "lanes": "unknown", "maxspeed": "unknown", "length_m": 1220.1958623449216, "exposed_length_m": 922.53494320066159, "hazard_code": 5, "hazard_class": "H5", "road_exposure_status": "HYDRAULICALLY_EXPOSED_ROAD_SEGMENT" }, "geometry": { "type": "MultiLineString", "coordinates": [ [ [ 77.1974732, 11.4884429 ], [ 77.1976112, 11.4875992 ], [ 77.1973795, 11.4864569 ], [ 77.1972824, 11.4862885 ], [ 77.1974468, 11.486208 ], [ 77.1991205, 11.4858931 ], [ 77.1986273, 11.4844579 ], [ 77.198440500000018, 11.4836598 ], [ 77.1982986, 11.4826566 ], [ 77.198463, 11.4825175 ], [ 77.1987618, 11.4825468 ], [ 77.199158578778707, 11.482442078460993 ] ] ] } },
{ "type": "Feature", "properties": { "osm_id": 1342372342, "highway": "unclassified", "name": "Unnamed Road", "bridge": "no", "surface": "unknown", "lanes": "unknown", "maxspeed": "unknown", "length_m": 2673.0747313111146, "exposed_length_m": 99.74999647732335, "hazard_code": 5, "hazard_class": "H5", "road_exposure_status": "HYDRAULICALLY_EXPOSED_ROAD_SEGMENT" }, "geometry": { "type": "MultiLineString", "coordinates": [ [ [ 77.188059849744576, 11.469035623172603 ], [ 77.1875038, 11.4686788 ], [ 77.187264740406945, 11.468604785275284 ] ] ] } },
{ "type": "Feature", "properties": { "osm_id": 1342372369, "highway": "unclassified", "name": "Unnamed Road", "bridge": "no", "surface": "unknown", "lanes": "unknown", "maxspeed": "unknown", "length_m": 1058.202954719693, "exposed_length_m": 1058.202954719693, "hazard_code": 5, "hazard_class": "H5", "road_exposure_status": "HYDRAULICALLY_EXPOSED_ROAD_SEGMENT" }, "geometry": { "type": "MultiLineString", "coordinates": [ [ [ 77.1809201, 11.4738524 ], [ 77.1808533, 11.4734315 ], [ 77.1807503, 11.4730951 ], [ 77.1805615, 11.4728091 ], [ 77.1804413, 11.4722707 ], [ 77.1803383, 11.471867 ], [ 77.1802181, 11.4715642 ], [ 77.1802868, 11.471295 ], [ 77.1805443, 11.4710595 ], [ 77.1806645, 11.4707903 ], [ 77.1805958, 11.470538 ], [ 77.180304, 11.4701342 ], [ 77.1801495, 11.4696968 ], [ 77.1802353, 11.4691248 ], [ 77.1801151, 11.4686706 ], [ 77.1802353, 11.4683341 ], [ 77.1805271, 11.468149 ], [ 77.1806816, 11.4678294 ], [ 77.1807846, 11.4666181 ], [ 77.1824459, 11.4661762 ] ] ] } },
{ "type": "Feature", "properties": { "osm_id": 1343296959, "highway": "unclassified", "name": "Unnamed Road", "bridge": "no", "surface": "unknown", "lanes": "unknown", "maxspeed": "unknown", "length_m": 472.71015137935603, "exposed_length_m": 450.06651361994733, "hazard_code": 6, "hazard_class": "H6", "road_exposure_status": "HYDRAULICALLY_EXPOSED_ROAD_SEGMENT" }, "geometry": { "type": "MultiLineString", "coordinates": [ [ [ 77.186043, 11.4726319 ], [ 77.186151, 11.4710158 ], [ 77.186240600000019, 11.4697563 ], [ 77.186405, 11.4689654 ], [ 77.18653577502252, 11.46861024480809 ] ] ] } },
{ "type": "Feature", "properties": { "osm_id": 1343628274, "highway": "unclassified", "name": "Unnamed Road", "bridge": "no", "surface": "unknown", "lanes": "unknown", "maxspeed": "unknown", "length_m": 262.36095333291235, "exposed_length_m": 206.21381764380865, "hazard_code": 5, "hazard_class": "H5", "road_exposure_status": "HYDRAULICALLY_EXPOSED_ROAD_SEGMENT" }, "geometry": { "type": "MultiLineString", "coordinates": [ [ [ 77.149723858775786, 11.472498707522476 ], [ 77.1497146, 11.4725551 ], [ 77.1497447, 11.4743614 ] ] ] } },
{ "type": "Feature", "properties": { "osm_id": 211618555, "highway": "unclassified", "name": "Unnamed Road", "bridge": "no", "surface": "unknown", "lanes": "unknown", "maxspeed": "unknown", "length_m": 1654.9954801300487, "exposed_length_m": 1654.9954801300487, "hazard_code": 6, "hazard_class": "H6", "road_exposure_status": "HYDRAULICALLY_EXPOSED_ROAD_SEGMENT" }, "geometry": { "type": "MultiLineString", "coordinates": [ [ [ 77.1880426, 11.4725912 ], [ 77.18749, 11.4726858 ], [ 77.1867176, 11.4728645 ], [ 77.1862026, 11.47267 ], [ 77.186043, 11.4726319 ], [ 77.1850492, 11.4731011 ], [ 77.1842448, 11.4733169 ], [ 77.1841064, 11.4736203 ], [ 77.1838693, 11.473727 ], [ 77.1832696, 11.4736939 ], [ 77.1831301, 11.4735256 ], [ 77.1816806, 11.4737585 ], [ 77.1809201, 11.4738524 ], [ 77.1803181, 11.4739268 ], [ 77.1800284, 11.4740845 ], [ 77.1791594, 11.4742107 ], [ 77.1783332, 11.4743368 ], [ 77.1781412, 11.4742827 ], [ 77.1777228, 11.4739042 ], [ 77.177593, 11.4738532 ], [ 77.1755652, 11.4738637 ], [ 77.1736478, 11.4738512 ] ] ] } },
{ "type": "Feature", "properties": { "osm_id": 594378592, "highway": "unclassified", "name": "Unnamed Road", "bridge": "no", "surface": "unknown", "lanes": "unknown", "maxspeed": "unknown", "length_m": 1430.7996891931282, "exposed_length_m": 1430.7996891931282, "hazard_code": 6, "hazard_class": "H6", "road_exposure_status": "HYDRAULICALLY_EXPOSED_ROAD_SEGMENT" }, "geometry": { "type": "MultiLineString", "coordinates": [ [ [ 77.1457046, 11.4749853 ], [ 77.1470343, 11.4747517 ], [ 77.1495894, 11.4743688 ], [ 77.1497447, 11.4743614 ], [ 77.1504111, 11.4743294 ], [ 77.1535337, 11.4741798 ], [ 77.1539853, 11.4741634 ], [ 77.1551898, 11.4741196 ], [ 77.1569826, 11.4743961 ], [ 77.1579959, 11.4744523 ], [ 77.1587346, 11.4744291 ] ] ] } },
{ "type": "Feature", "properties": { "osm_id": 1342372374, "highway": "unclassified", "name": "Unnamed Road", "bridge": "no", "surface": "unknown", "lanes": "unknown", "maxspeed": "unknown", "length_m": 509.75312656427519, "exposed_length_m": 509.75312656427519, "hazard_code": 6, "hazard_class": "H6", "road_exposure_status": "HYDRAULICALLY_EXPOSED_ROAD_SEGMENT" }, "geometry": { "type": "MultiLineString", "coordinates": [ [ [ 77.169167, 11.4743782 ], [ 77.1692973, 11.4745078 ], [ 77.1710146, 11.4748011 ], [ 77.171691, 11.4746034 ], [ 77.1726342, 11.4744696 ], [ 77.1737178, 11.4744309 ] ] ] } },
{ "type": "Feature", "properties": { "osm_id": 91011252, "highway": "tertiary", "name": "Unnamed Road", "bridge": "no", "surface": "unknown", "lanes": "unknown", "maxspeed": "unknown", "length_m": 3965.9134637231255, "exposed_length_m": 3871.5069428011197, "hazard_code": 6, "hazard_class": "H6", "road_exposure_status": "HYDRAULICALLY_EXPOSED_ROAD_SEGMENT" }, "geometry": { "type": "MultiLineString", "coordinates": [ [ [ 77.1431262, 11.4747714 ], [ 77.1438148, 11.4750635 ], [ 77.1449231, 11.4754299 ], [ 77.1452206, 11.4752131 ], [ 77.1457046, 11.4749853 ], [ 77.1458002, 11.4757856 ], [ 77.1459614, 11.4763018 ], [ 77.146231, 11.4765883 ], [ 77.1464439, 11.4766525 ], [ 77.1469484, 11.4765947 ], [ 77.1473787, 11.4766023 ], [ 77.1475389, 11.4766505 ], [ 77.1476402, 11.4767235 ], [ 77.1478009, 11.4778855 ], [ 77.1478628, 11.4780879 ], [ 77.1483595, 11.4785795 ], [ 77.1485556, 11.4787044 ], [ 77.148615300000017, 11.4787095 ], [ 77.1487686, 11.4787772 ], [ 77.1490875, 11.4788387 ], [ 77.1492817, 11.4789007 ], [ 77.149507, 11.4789559 ], [ 77.1496862, 11.4790111 ], [ 77.1498442, 11.4790805 ], [ 77.1500547, 11.4791875 ], [ 77.1501727, 11.4793541 ], [ 77.1503219, 11.4795639 ], [ 77.1505077, 11.4797174 ], [ 77.1508559, 11.4798901 ], [ 77.1511617, 11.4800207 ], [ 77.1515959, 11.4801702 ], [ 77.151939, 11.4801351 ], [ 77.1523219, 11.4799504 ], [ 77.1527136, 11.4799294 ], [ 77.1528316, 11.4799715 ], [ 77.1532206, 11.4798269 ], [ 77.1535371, 11.4796613 ], [ 77.1536495, 11.4796157 ], [ 77.1536809, 11.4795894 ], [ 77.1540575, 11.4792959 ], [ 77.1542775, 11.4790435 ], [ 77.1543998, 11.4789065 ], [ 77.1545779, 11.478707 ], [ 77.1546331, 11.4786621 ], [ 77.1549562, 11.4783994 ], [ 77.1552888, 11.4781838 ], [ 77.1555409, 11.4780366 ], [ 77.1559272, 11.4778842 ], [ 77.156276, 11.4777948 ], [ 77.1564271, 11.4776975 ], [ 77.1566435, 11.4775161 ], [ 77.1569144, 11.4773926 ], [ 77.1571789, 11.4773298 ], [ 77.1574227, 11.4771329 ], [ 77.1576316, 11.4769097 ], [ 77.1578505, 11.4766306 ], [ 77.1581564, 11.4759519 ], [ 77.1587067, 11.4752535 ], [ 77.1587251, 11.4750108 ], [ 77.1587241, 11.47481 ], [ 77.1587258, 11.4747482 ], [ 77.1587346, 11.4744291 ], [ 77.1592053, 11.4743682 ], [ 77.1602198, 11.474591 ], [ 77.1608631, 11.4747994 ], [ 77.1615078, 11.4749097 ], [ 77.162157400000012, 11.4750048 ], [ 77.1625407, 11.4750812 ], [ 77.1628567, 11.4751439 ], [ 77.1632616, 11.4752182 ], [ 77.1639637, 11.4752106 ], [ 77.1646186, 11.4751504 ], [ 77.1655775, 11.4748819 ], [ 77.1658363, 11.4748094 ], [ 77.1670336, 11.4746189 ], [ 77.1676915, 11.4744585 ], [ 77.168252, 11.474421 ], [ 77.169167, 11.4743782 ], [ 77.1692541, 11.474298 ], [ 77.169465, 11.4731194 ], [ 77.169641421270939, 11.471447577409972 ] ] ] } },
{ "type": "Feature", "properties": { "osm_id": 1342372372, "highway": "unclassified", "name": "Unnamed Road", "bridge": "no", "surface": "unknown", "lanes": "unknown", "maxspeed": "unknown", "length_m": 216.9394869619023, "exposed_length_m": 216.9394869619023, "hazard_code": 6, "hazard_class": "H6", "road_exposure_status": "HYDRAULICALLY_EXPOSED_ROAD_SEGMENT" }, "geometry": { "type": "MultiLineString", "coordinates": [ [ [ 77.176820300000017, 11.4755225 ], [ 77.1768127, 11.4752045 ], [ 77.1781128, 11.4751533 ], [ 77.1780979, 11.4755121 ] ] ] } },
{ "type": "Feature", "properties": { "osm_id": 1343628266, "highway": "unclassified", "name": "Unnamed Road", "bridge": "no", "surface": "unknown", "lanes": "unknown", "maxspeed": "unknown", "length_m": 421.53032321051472, "exposed_length_m": 421.53032321051472, "hazard_code": 6, "hazard_class": "H6", "road_exposure_status": "HYDRAULICALLY_EXPOSED_ROAD_SEGMENT" }, "geometry": { "type": "MultiLineString", "coordinates": [ [ [ 77.1627414, 11.4759646 ], [ 77.1653897, 11.4760572 ], [ 77.1655167, 11.4756324 ], [ 77.1655775, 11.4748819 ] ] ] } },
{ "type": "Feature", "properties": { "osm_id": 1342372371, "highway": "unclassified", "name": "Unnamed Road", "bridge": "no", "surface": "unknown", "lanes": "unknown", "maxspeed": "unknown", "length_m": 291.51359696676582, "exposed_length_m": 291.51359696676582, "hazard_code": 5, "hazard_class": "H5", "road_exposure_status": "HYDRAULICALLY_EXPOSED_ROAD_SEGMENT" }, "geometry": { "type": "MultiLineString", "coordinates": [ [ [ 77.175763, 11.4755311 ], [ 77.176820300000017, 11.4755225 ], [ 77.1780979, 11.4755121 ], [ 77.178083300000011, 11.4758432 ] ] ] } },
{ "type": "Feature", "properties": { "osm_id": 1342372370, "highway": "unclassified", "name": "Unnamed Road", "bridge": "no", "surface": "unknown", "lanes": "unknown", "maxspeed": "unknown", "length_m": 325.68458957566952, "exposed_length_m": 325.68458957566952, "hazard_code": 6, "hazard_class": "H6", "road_exposure_status": "HYDRAULICALLY_EXPOSED_ROAD_SEGMENT" }, "geometry": { "type": "MultiLineString", "coordinates": [ [ [ 77.176259, 11.4759228 ], [ 77.178083300000011, 11.4758432 ], [ 77.1784565, 11.475827 ], [ 77.1784939, 11.4754828 ], [ 77.1789273, 11.4754901 ] ] ] } },
{ "type": "Feature", "properties": { "osm_id": 211618543, "highway": "unclassified", "name": "Unnamed Road", "bridge": "no", "surface": "unknown", "lanes": "unknown", "maxspeed": "unknown", "length_m": 527.70820971421449, "exposed_length_m": 527.70820971421449, "hazard_code": 6, "hazard_class": "H6", "road_exposure_status": "HYDRAULICALLY_EXPOSED_ROAD_SEGMENT" }, "geometry": { "type": "MultiLineString", "coordinates": [ [ [ 77.1814023, 11.4783566 ], [ 77.1811882, 11.4773634 ], [ 77.181156, 11.476333 ], [ 77.1809937, 11.4758927 ], [ 77.1810259, 11.4756561 ], [ 77.1811868, 11.4753091 ], [ 77.181333, 11.475087 ], [ 77.1813639, 11.4747519 ], [ 77.1813317, 11.4744785 ], [ 77.181219, 11.4742945 ], [ 77.1810165, 11.4740934 ], [ 77.1809201, 11.4738524 ] ] ] } },
{ "type": "Feature", "properties": { "osm_id": 966247490, "highway": "primary", "name": "Puliyampatti - Bhavanisagar - Bannari Road", "bridge": "yes", "surface": "unknown", "lanes": "unknown", "maxspeed": "unknown", "length_m": 139.58754882847197, "exposed_length_m": 139.58754882847197, "hazard_code": 6, "hazard_class": "H6", "road_exposure_status": "HYDRAULICALLY_EXPOSED_ROAD_SEGMENT" }, "geometry": { "type": "MultiLineString", "coordinates": [ [ [ 77.1146299, 11.4734353 ], [ 77.1148753, 11.4733782 ], [ 77.1158747, 11.4731455 ] ] ] } },
{ "type": "Feature", "properties": { "osm_id": 211614711, "highway": "tertiary", "name": "Unnamed Road", "bridge": "no", "surface": "unknown", "lanes": "unknown", "maxspeed": "unknown", "length_m": 3242.1211592242598, "exposed_length_m": 1848.2961105955567, "hazard_code": 6, "hazard_class": "H6", "road_exposure_status": "HYDRAULICALLY_EXPOSED_ROAD_SEGMENT" }, "geometry": { "type": "MultiLineString", "coordinates": [ [ [ 77.134955528627586, 11.474181438533261 ], [ 77.135494116282473, 11.47441073291181 ] ], [ [ 77.135874762068767, 11.474572785390505 ], [ 77.1367493, 11.4749451 ], [ 77.137584878182977, 11.475299216380048 ] ], [ [ 77.13771322124677, 11.475353607605729 ], [ 77.1379402, 11.4754498 ], [ 77.1379872, 11.4755983 ], [ 77.137718975935599, 11.476117919910726 ] ], [ [ 77.135326816080649, 11.481642273034359 ], [ 77.135301, 11.4816637 ], [ 77.1300428, 11.4820543 ], [ 77.1294956, 11.4820228 ], [ 77.1284707, 11.4817491 ], [ 77.1277479, 11.481527 ], [ 77.1276714, 11.48146 ], [ 77.1269901, 11.4797304 ], [ 77.128413, 11.4765748 ], [ 77.12853304136803, 11.476269168778796 ] ] ] } },
{ "type": "Feature", "properties": { "osm_id": 194877907, "highway": "unclassified", "name": "Unnamed Road", "bridge": "no", "surface": "unknown", "lanes": "unknown", "maxspeed": "unknown", "length_m": 598.79942529330663, "exposed_length_m": 598.79942529330663, "hazard_code": 6, "hazard_class": "H6", "road_exposure_status": "HYDRAULICALLY_EXPOSED_ROAD_SEGMENT" }, "geometry": { "type": "MultiLineString", "coordinates": [ [ [ 77.1504111, 11.4743294 ], [ 77.1505452, 11.4755287 ], [ 77.1506362, 11.4761661 ], [ 77.1506203, 11.4766169 ], [ 77.150443, 11.478474 ], [ 77.1505077, 11.4797174 ] ] ] } },
{ "type": "Feature", "properties": { "osm_id": 1343628268, "highway": "unclassified", "name": "Unnamed Road", "bridge": "no", "surface": "unknown", "lanes": "unknown", "maxspeed": "unknown", "length_m": 239.98735872225248, "exposed_length_m": 239.98735872225248, "hazard_code": 6, "hazard_class": "H6", "road_exposure_status": "HYDRAULICALLY_EXPOSED_ROAD_SEGMENT" }, "geometry": { "type": "MultiLineString", "coordinates": [ [ [ 77.1548915, 11.478069 ], [ 77.1552203, 11.4779592 ], [ 77.1551369, 11.4774211 ], [ 77.155082, 11.4769267 ], [ 77.1550185, 11.4765569 ], [ 77.1554258, 11.4764764 ] ] ] } },
{ "type": "Feature", "properties": { "osm_id": 1343628267, "highway": "unclassified", "name": "Unnamed Road", "bridge": "no", "surface": "unknown", "lanes": "unknown", "maxspeed": "unknown", "length_m": 473.871201212806, "exposed_length_m": 473.87120121280606, "hazard_code": 6, "hazard_class": "H6", "road_exposure_status": "HYDRAULICALLY_EXPOSED_ROAD_SEGMENT" }, "geometry": { "type": "MultiLineString", "coordinates": [ [ [ 77.1546331, 11.4786621 ], [ 77.1544731, 11.4775015 ] ], [ [ 77.1544731, 11.4775015 ], [ 77.1544096, 11.4770036 ], [ 77.155082, 11.4769267 ], [ 77.1555827, 11.4769523 ], [ 77.1555901, 11.4771354 ], [ 77.1555304, 11.4773331 ], [ 77.1551369, 11.4774211 ], [ 77.1551045, 11.4774283 ], [ 77.1544731, 11.4775015 ] ] ] } },
{ "type": "Feature", "properties": { "osm_id": 1343628269, "highway": "unclassified", "name": "Unnamed Road", "bridge": "no", "surface": "unknown", "lanes": "unknown", "maxspeed": "unknown", "length_m": 239.76515983160419, "exposed_length_m": 239.76515983160419, "hazard_code": 6, "hazard_class": "H6", "road_exposure_status": "HYDRAULICALLY_EXPOSED_ROAD_SEGMENT" }, "geometry": { "type": "MultiLineString", "coordinates": [ [ [ 77.1544731, 11.4775015 ], [ 77.1539612, 11.4775162 ], [ 77.1539841, 11.4781058 ], [ 77.1540098, 11.4787683 ], [ 77.1543998, 11.4789065 ] ] ] } },
{ "type": "Feature", "properties": { "osm_id": 1343628272, "highway": "unclassified", "name": "Unnamed Road", "bridge": "no", "surface": "unknown", "lanes": "unknown", "maxspeed": "unknown", "length_m": 107.27233020773244, "exposed_length_m": 107.27233020773244, "hazard_code": 6, "hazard_class": "H6", "road_exposure_status": "HYDRAULICALLY_EXPOSED_ROAD_SEGMENT" }, "geometry": { "type": "MultiLineString", "coordinates": [ [ [ 77.1537178, 11.4787561 ], [ 77.1536923, 11.4780764 ], [ 77.1539841, 11.4781058 ] ] ] } },
{ "type": "Feature", "properties": { "osm_id": 1343628271, "highway": "unclassified", "name": "Unnamed Road", "bridge": "no", "surface": "unknown", "lanes": "unknown", "maxspeed": "unknown", "length_m": 263.5916106372884, "exposed_length_m": 263.5916106372884, "hazard_code": 6, "hazard_class": "H6", "road_exposure_status": "HYDRAULICALLY_EXPOSED_ROAD_SEGMENT" }, "geometry": { "type": "MultiLineString", "coordinates": [ [ [ 77.1535371, 11.4796613 ], [ 77.1534158, 11.4792809 ], [ 77.1533746, 11.4787504 ], [ 77.1533149, 11.4773002 ] ] ] } },
{ "type": "Feature", "properties": { "osm_id": 1343628270, "highway": "unclassified", "name": "Unnamed Road", "bridge": "no", "surface": "unknown", "lanes": "unknown", "maxspeed": "unknown", "length_m": 306.28348151911689, "exposed_length_m": 306.28348151911689, "hazard_code": 6, "hazard_class": "H6", "road_exposure_status": "HYDRAULICALLY_EXPOSED_ROAD_SEGMENT" }, "geometry": { "type": "MultiLineString", "coordinates": [ [ [ 77.1540098, 11.4787683 ], [ 77.1537178, 11.4787561 ], [ 77.1534868, 11.4787464 ], [ 77.1533746, 11.4787504 ], [ 77.153285, 11.4787537 ], [ 77.1530833, 11.478805 ], [ 77.1529749, 11.4788269 ], [ 77.1527433, 11.4789221 ], [ 77.1527022, 11.4789697 ], [ 77.1526163, 11.4790136 ], [ 77.1522203, 11.4790136 ], [ 77.1521754, 11.4780727 ] ] ] } },
{ "type": "Feature", "properties": { "osm_id": 1342372375, "highway": "unclassified", "name": "Unnamed Road", "bridge": "no", "surface": "unknown", "lanes": "unknown", "maxspeed": "unknown", "length_m": 997.96954534254269, "exposed_length_m": 997.96954534254269, "hazard_code": 6, "hazard_class": "H6", "road_exposure_status": "HYDRAULICALLY_EXPOSED_ROAD_SEGMENT" }, "geometry": { "type": "MultiLineString", "coordinates": [ [ [ 77.1692973, 11.4745078 ], [ 77.1687184, 11.4775549 ], [ 77.1685232, 11.4796522 ], [ 77.1691087, 11.48101 ], [ 77.1692648, 11.4823359 ], [ 77.1690799, 11.4833217 ] ] ] } },
{ "type": "Feature", "properties": { "osm_id": 211618544, "highway": "unclassified", "name": "Unnamed Road", "bridge": "no", "surface": "unknown", "lanes": "unknown", "maxspeed": "unknown", "length_m": 1202.1176265112604, "exposed_length_m": 1202.1176265112604, "hazard_code": 6, "hazard_class": "H6", "road_exposure_status": "HYDRAULICALLY_EXPOSED_ROAD_SEGMENT" }, "geometry": { "type": "MultiLineString", "coordinates": [ [ [ 77.170883, 11.4841681 ], [ 77.1711125, 11.4839991 ], [ 77.1711554, 11.4836679 ], [ 77.1714786, 11.4821736 ], [ 77.1715738, 11.4815651 ], [ 77.1716972, 11.4813969 ], [ 77.1718796, 11.4812655 ], [ 77.1719399, 11.4811695 ], [ 77.1719976, 11.4810815 ], [ 77.1721049, 11.4805137 ], [ 77.1723731, 11.4795464 ], [ 77.1728559, 11.478495 ], [ 77.1731577, 11.4775421 ], [ 77.1735747, 11.4767549 ], [ 77.1737196, 11.4760662 ], [ 77.1737679, 11.4754826 ], [ 77.1737303, 11.4746888 ], [ 77.1737178, 11.4744309 ], [ 77.1737142, 11.4743576 ], [ 77.1737541, 11.4739398 ] ] ] } },
{ "type": "Feature", "properties": { "osm_id": 211618546, "highway": "unclassified", "name": "Unnamed Road", "bridge": "no", "surface": "unknown", "lanes": "unknown", "maxspeed": "unknown", "length_m": 1093.9292909581302, "exposed_length_m": 1093.9292909581302, "hazard_code": 1, "hazard_class": "H1", "road_exposure_status": "HYDRAULICALLY_EXPOSED_ROAD_SEGMENT" }, "geometry": { "type": "MultiLineString", "coordinates": [ [ [ 77.1719976, 11.4810815 ], [ 77.1721371, 11.4811078 ], [ 77.1723637, 11.4811117 ], [ 77.1728935, 11.4810342 ], [ 77.1733119, 11.4809763 ], [ 77.1735801, 11.4809974 ], [ 77.1738389, 11.4809961 ], [ 77.1742024, 11.4809238 ], [ 77.1749105, 11.4808344 ], [ 77.1756508, 11.4807766 ], [ 77.1757648, 11.4807437 ], [ 77.1765265, 11.4803494 ], [ 77.1771153, 11.4801352 ], [ 77.1775028, 11.480034 ], [ 77.178168, 11.4799446 ], [ 77.1794112, 11.4796989 ], [ 77.1803983, 11.4793572 ], [ 77.1807108, 11.4793085 ], [ 77.1807684, 11.4792205 ], [ 77.1805965, 11.4783231 ] ] ] } },
{ "type": "Feature", "properties": { "osm_id": 583603495, "highway": "tertiary", "name": "Unnamed Road", "bridge": "yes", "surface": "unknown", "lanes": "unknown", "maxspeed": "unknown", "length_m": 229.66933782652092, "exposed_length_m": 229.66933782652092, "hazard_code": 6, "hazard_class": "H6", "road_exposure_status": "HYDRAULICALLY_EXPOSED_ROAD_SEGMENT" }, "geometry": { "type": "MultiLineString", "coordinates": [ [ [ 77.1536495, 11.4796157 ], [ 77.1538687, 11.479701 ], [ 77.1540111, 11.4798121 ], [ 77.154282, 11.4800376 ], [ 77.155009, 11.4805891 ], [ 77.1553236, 11.4808569 ] ] ] } },
{ "type": "Feature", "properties": { "osm_id": 211614705, "highway": "tertiary", "name": "Unnamed Road", "bridge": "no", "surface": "unknown", "lanes": "unknown", "maxspeed": "unknown", "length_m": 1660.7983420602013, "exposed_length_m": 1660.7983420602013, "hazard_code": 6, "hazard_class": "H6", "road_exposure_status": "HYDRAULICALLY_EXPOSED_ROAD_SEGMENT" }, "geometry": { "type": "MultiLineString", "coordinates": [ [ [ 77.1652548, 11.4841571 ], [ 77.1659358, 11.4837153 ], [ 77.1663006, 11.4834156 ], [ 77.1663019, 11.4832881 ], [ 77.1661289, 11.4830949 ], [ 77.165803, 11.4827046 ], [ 77.1655925, 11.4825797 ], [ 77.1654061, 11.4823471 ], [ 77.1652763, 11.4818545 ], [ 77.16499730000001, 11.4815917 ], [ 77.1643332, 11.4808331 ], [ 77.1637109, 11.4805282 ], [ 77.1635071, 11.4801286 ], [ 77.163216300000016, 11.4799935 ], [ 77.1617357, 11.4800671 ], [ 77.16136130000001, 11.4800025 ], [ 77.1606736, 11.4800251 ], [ 77.1594073, 11.4801299 ], [ 77.1583572, 11.4802653 ], [ 77.1576491, 11.4803074 ], [ 77.1574868, 11.4803507 ], [ 77.1573903, 11.4803139 ], [ 77.1571703, 11.4798303 ], [ 77.157154300000016, 11.4797146 ], [ 77.1570644, 11.4796923 ], [ 77.156367, 11.4798447 ], [ 77.156017, 11.4801142 ], [ 77.1559848, 11.4802141 ], [ 77.1560706, 11.4806189 ], [ 77.1559637, 11.4806388 ], [ 77.155852, 11.4806596 ], [ 77.1553236, 11.4808569 ], [ 77.1553152, 11.4808602 ] ] ] } },
{ "type": "Feature", "properties": { "osm_id": 211614703, "highway": "unclassified", "name": "Unnamed Road", "bridge": "no", "surface": "unknown", "lanes": "unknown", "maxspeed": "unknown", "length_m": 3776.8854114160094, "exposed_length_m": 3776.8854114160094, "hazard_code": 6, "hazard_class": "H6", "road_exposure_status": "HYDRAULICALLY_EXPOSED_ROAD_SEGMENT" }, "geometry": { "type": "MultiLineString", "coordinates": [ [ [ 77.1868463, 11.4845511 ], [ 77.1866156, 11.4845669 ], [ 77.1863421, 11.4845248 ], [ 77.1861235, 11.4844079 ], [ 77.1859451, 11.4842199 ], [ 77.1857198, 11.484241 ], [ 77.1852584, 11.4844197 ], [ 77.1846321, 11.484655 ], [ 77.1843626, 11.4848771 ], [ 77.1842875, 11.4850453 ], [ 77.1842928, 11.4852293 ], [ 77.184228500000017, 11.4855026 ], [ 77.1841118, 11.4856222 ], [ 77.183906600000014, 11.4857129 ], [ 77.182705, 11.4858338 ], [ 77.182324100000017, 11.4858496 ], [ 77.1814457, 11.4860007 ], [ 77.1811332, 11.4861598 ], [ 77.1808784, 11.4863606 ], [ 77.1806426, 11.4863711 ], [ 77.1804479, 11.4864266 ], [ 77.1798404, 11.4871639 ], [ 77.1798417, 11.4872887 ], [ 77.1799316, 11.4877316 ], [ 77.1798672, 11.4878105 ], [ 77.1786173, 11.4881154 ], [ 77.1779682, 11.4883151 ], [ 77.1774318, 11.4885569 ], [ 77.1772614, 11.4886555 ], [ 77.1757151, 11.4888145 ], [ 77.1755327, 11.488762 ], [ 77.1751787, 11.488436 ], [ 77.1747241, 11.4883086 ], [ 77.1745417, 11.4882244 ], [ 77.1745081, 11.4880733 ], [ 77.1744438, 11.4879419 ], [ 77.1736928, 11.4878578 ], [ 77.1735426, 11.4878367 ], [ 77.1732488, 11.4875305 ], [ 77.1730343, 11.4873465 ], [ 77.1726038, 11.4871323 ], [ 77.1723584, 11.4870153 ], [ 77.1719882, 11.4865632 ], [ 77.1716985, 11.4864634 ], [ 77.171382, 11.4861953 ], [ 77.1710374, 11.4860494 ], [ 77.1704486, 11.485249 ], [ 77.1704647, 11.4851386 ], [ 77.1706632, 11.4850335 ], [ 77.1708121, 11.4849296 ], [ 77.1708778, 11.4844342 ], [ 77.1709194, 11.4842252 ], [ 77.170883, 11.4841681 ], [ 77.1708389, 11.484099 ], [ 77.1706578, 11.4839558 ], [ 77.1704795, 11.4839203 ], [ 77.170002, 11.4839886 ], [ 77.1698478, 11.4839926 ], [ 77.1697231, 11.4839466 ], [ 77.1695246, 11.483731 ], [ 77.1690799, 11.4833217 ], [ 77.1689935, 11.4832421 ], [ 77.1686569, 11.4830568 ], [ 77.1678455, 11.4824904 ], [ 77.1674231, 11.4822052 ], [ 77.1669027, 11.4816952 ], [ 77.1666493, 11.4813496 ], [ 77.1664253, 11.4810223 ], [ 77.1661718, 11.4808449 ], [ 77.1660122, 11.4806543 ], [ 77.1652813, 11.4796568 ], [ 77.1650346, 11.4794045 ], [ 77.164584, 11.4789524 ], [ 77.1638182, 11.4780994 ], [ 77.1637163, 11.4778996 ], [ 77.1636023, 11.4777169 ], [ 77.1631195, 11.4773121 ], [ 77.1629156, 11.4769967 ], [ 77.1628459, 11.476839 ], [ 77.1629156, 11.4763764 ], [ 77.1628741, 11.4762909 ], [ 77.1627332, 11.476266 ], [ 77.1627064, 11.4762134 ], [ 77.1627414, 11.4759646 ], [ 77.1628567, 11.4751439 ] ] ] } },
{ "type": "Feature", "properties": { "osm_id": 211614707, "highway": "tertiary", "name": "Unnamed Road", "bridge": "no", "surface": "unknown", "lanes": "unknown", "maxspeed": "unknown", "length_m": 741.09373532144969, "exposed_length_m": 741.09373532144969, "hazard_code": 6, "hazard_class": "H6", "road_exposure_status": "HYDRAULICALLY_EXPOSED_ROAD_SEGMENT" }, "geometry": { "type": "MultiLineString", "coordinates": [ [ [ 77.1568991, 11.4872594 ], [ 77.1568219, 11.4870379 ], [ 77.1564797, 11.4853647 ], [ 77.1562104, 11.4835999 ], [ 77.1560173, 11.4816758 ], [ 77.1559637, 11.4806388 ] ] ] } },
{ "type": "Feature", "properties": { "osm_id": 594378150, "highway": "tertiary", "name": "Unnamed Road", "bridge": "no", "surface": "unknown", "lanes": "unknown", "maxspeed": "unknown", "length_m": 1136.9860222931231, "exposed_length_m": 1136.9860222931231, "hazard_code": 6, "hazard_class": "H6", "road_exposure_status": "HYDRAULICALLY_EXPOSED_ROAD_SEGMENT" }, "geometry": { "type": "MultiLineString", "coordinates": [ [ [ 77.1553152, 11.4808602 ], [ 77.1549495, 11.4810026 ], [ 77.1547631, 11.4811275 ], [ 77.1547027, 11.4813075 ], [ 77.1545686, 11.4819647 ], [ 77.1544291, 11.4821749 ], [ 77.1537009, 11.4830989 ], [ 77.1535333, 11.4834577 ], [ 77.15343270000001, 11.4835142 ], [ 77.1532127, 11.4835142 ], [ 77.153035700000018, 11.4834984 ], [ 77.152912300000011, 11.483551 ], [ 77.1526535, 11.4840097 ], [ 77.1521332, 11.4844092 ], [ 77.1517576, 11.4846037 ], [ 77.1514411, 11.4851504 ], [ 77.1513781, 11.4854172 ], [ 77.1514425, 11.4859009 ], [ 77.1516356, 11.4877303 ], [ 77.1517858, 11.4883927 ], [ 77.1520645, 11.4891936 ] ] ] } },
{ "type": "Feature", "properties": { "osm_id": 211614702, "highway": "tertiary", "name": "Unnamed Road", "bridge": "no", "surface": "unknown", "lanes": "unknown", "maxspeed": "unknown", "length_m": 1909.793576669435, "exposed_length_m": 1845.3655335261785, "hazard_code": 6, "hazard_class": "H6", "road_exposure_status": "HYDRAULICALLY_EXPOSED_ROAD_SEGMENT" }, "geometry": { "type": "MultiLineString", "coordinates": [ [ [ 77.156825750278543, 11.488714317079616 ], [ 77.156823, 11.4886871 ], [ 77.1566192, 11.4877618 ], [ 77.1566181, 11.4875742 ], [ 77.1568991, 11.4872594 ], [ 77.1569936, 11.4871536 ], [ 77.157044674479877, 11.487118784557229 ] ], [ [ 77.157361526501191, 11.486902798773173 ], [ 77.1574871, 11.4868172 ], [ 77.158518200000017, 11.4864371 ], [ 77.1607068, 11.4857852 ], [ 77.1622829, 11.4853137 ], [ 77.1631949, 11.4851559 ], [ 77.1639459, 11.4846408 ], [ 77.1650939, 11.4841571 ], [ 77.1652548, 11.4841571 ], [ 77.1654479, 11.4843464 ], [ 77.1659093, 11.4851559 ], [ 77.1659844, 11.4857973 ], [ 77.166038, 11.4862809 ], [ 77.1659844, 11.4870695 ], [ 77.1660165, 11.4874375 ], [ 77.1659318, 11.4876041 ], [ 77.165169, 11.4882891 ], [ 77.1651368, 11.4885835 ], [ 77.1652988, 11.4891602 ], [ 77.1652784, 11.4901454 ] ] ] } },
{ "type": "Feature", "properties": { "osm_id": 1375842142, "highway": "residential", "name": "Unnamed Road", "bridge": "no", "surface": "unknown", "lanes": "unknown", "maxspeed": "unknown", "length_m": 293.51407427463226, "exposed_length_m": 293.51407427463226, "hazard_code": 6, "hazard_class": "H6", "road_exposure_status": "HYDRAULICALLY_EXPOSED_ROAD_SEGMENT" }, "geometry": { "type": "MultiLineString", "coordinates": [ [ [ 77.1695537, 11.4876564 ], [ 77.1697425, 11.4875723 ], [ 77.169837, 11.4875471 ], [ 77.1699829, 11.487606 ], [ 77.1704893, 11.4877111 ], [ 77.1708712, 11.4877868 ], [ 77.1711158, 11.4878793 ], [ 77.1712931, 11.4879746 ], [ 77.1713544, 11.4880647 ], [ 77.171368, 11.4881449 ], [ 77.1712727, 11.4887924 ] ] ] } },
{ "type": "Feature", "properties": { "osm_id": 1375842141, "highway": "residential", "name": "Unnamed Road", "bridge": "no", "surface": "unknown", "lanes": "unknown", "maxspeed": "unknown", "length_m": 466.27916556033438, "exposed_length_m": 466.27916556033438, "hazard_code": 6, "hazard_class": "H6", "road_exposure_status": "HYDRAULICALLY_EXPOSED_ROAD_SEGMENT" }, "geometry": { "type": "MultiLineString", "coordinates": [ [ [ 77.1686621, 11.4903251 ], [ 77.1689787, 11.4891578 ], [ 77.1690688, 11.4886279 ], [ 77.1691374, 11.4884723 ], [ 77.1695537, 11.4876564 ], [ 77.169794, 11.4870424 ], [ 77.1701374, 11.486399 ] ] ] } },
{ "type": "Feature", "properties": { "osm_id": 1375842135, "highway": "residential", "name": "Unnamed Road", "bridge": "no", "surface": "unknown", "lanes": "unknown", "maxspeed": "unknown", "length_m": 80.978420340606604, "exposed_length_m": 80.978420340606604, "hazard_code": 6, "hazard_class": "H6", "road_exposure_status": "HYDRAULICALLY_EXPOSED_ROAD_SEGMENT" }, "geometry": { "type": "MultiLineString", "coordinates": [ [ [ 77.1806159, 11.4905148 ], [ 77.1800812, 11.4900074 ] ] ] } },
{ "type": "Feature", "properties": { "osm_id": 1375842139, "highway": "residential", "name": "Unnamed Road", "bridge": "no", "surface": "unknown", "lanes": "unknown", "maxspeed": "unknown", "length_m": 74.446589640521665, "exposed_length_m": 74.446589640521665, "hazard_code": 4, "hazard_class": "H4", "road_exposure_status": "HYDRAULICALLY_EXPOSED_ROAD_SEGMENT" }, "geometry": { "type": "MultiLineString", "coordinates": [ [ [ 77.1671125, 11.4906843 ], [ 77.1675396, 11.490694 ], [ 77.1677937, 11.4907144 ] ] ] } },
{ "type": "Feature", "properties": { "osm_id": 1375826310, "highway": "unclassified", "name": "Unnamed Road", "bridge": "no", "surface": "unknown", "lanes": "unknown", "maxspeed": "unknown", "length_m": 1393.7373049235853, "exposed_length_m": 960.98617932730531, "hazard_code": 6, "hazard_class": "H6", "road_exposure_status": "HYDRAULICALLY_EXPOSED_ROAD_SEGMENT" }, "geometry": { "type": "MultiLineString", "coordinates": [ [ [ 77.2144352, 11.4833686 ], [ 77.2133901, 11.4836182 ], [ 77.2128062, 11.4838646 ], [ 77.2121357, 11.4842223 ], [ 77.2118485, 11.4842911 ], [ 77.2116203, 11.4842911 ], [ 77.2111264, 11.4843312 ], [ 77.2108777, 11.4844046 ], [ 77.2102271, 11.4846416 ], [ 77.209907, 11.4848319 ], [ 77.2095697, 11.4851089 ], [ 77.2093449, 11.4851924 ], [ 77.2085138, 11.4854995 ], [ 77.2082005, 11.4857198 ], [ 77.2079109, 11.4859 ], [ 77.2074647, 11.4860336 ], [ 77.207433075302987, 11.486039447258658 ] ], [ [ 77.203777794297935, 11.487310270473625 ], [ 77.2034624, 11.4874155 ], [ 77.2026674, 11.4877414 ] ] ] } },
{ "type": "Feature", "properties": { "osm_id": 1418699952, "highway": "residential", "name": "Unnamed Road", "bridge": "no", "surface": "unknown", "lanes": "unknown", "maxspeed": "unknown", "length_m": 57.082691852239407, "exposed_length_m": 57.082691852239407, "hazard_code": 6, "hazard_class": "H6", "road_exposure_status": "HYDRAULICALLY_EXPOSED_ROAD_SEGMENT" }, "geometry": { "type": "MultiLineString", "coordinates": [ [ [ 77.1813852, 11.4916893 ], [ 77.181412, 11.4911741 ] ] ] } },
{ "type": "Feature", "properties": { "osm_id": 1375842131, "highway": "residential", "name": "Unnamed Road", "bridge": "no", "surface": "unknown", "lanes": "unknown", "maxspeed": "unknown", "length_m": 221.80211425671177, "exposed_length_m": 221.80211425671177, "hazard_code": 6, "hazard_class": "H6", "road_exposure_status": "HYDRAULICALLY_EXPOSED_ROAD_SEGMENT" }, "geometry": { "type": "MultiLineString", "coordinates": [ [ [ 77.1805524, 11.4922062 ], [ 77.1809941, 11.4922079 ], [ 77.1811371, 11.4922084 ], [ 77.1814062, 11.4922094 ], [ 77.1816616, 11.4922104 ], [ 77.1825847, 11.4922204 ] ] ] } },
{ "type": "Feature", "properties": { "osm_id": 1375842133, "highway": "residential", "name": "Unnamed Road", "bridge": "no", "surface": "unknown", "lanes": "unknown", "maxspeed": "unknown", "length_m": 123.74657809287571, "exposed_length_m": 123.74657809287571, "hazard_code": 5, "hazard_class": "H5", "road_exposure_status": "HYDRAULICALLY_EXPOSED_ROAD_SEGMENT" }, "geometry": { "type": "MultiLineString", "coordinates": [ [ [ 77.1813429, 11.493326 ], [ 77.1814062, 11.4922094 ] ] ] } },
{ "type": "Feature", "properties": { "osm_id": 1375842143, "highway": "residential", "name": "Unnamed Road", "bridge": "no", "surface": "unknown", "lanes": "unknown", "maxspeed": "unknown", "length_m": 826.57956660413254, "exposed_length_m": 826.57956660413254, "hazard_code": 6, "hazard_class": "H6", "road_exposure_status": "HYDRAULICALLY_EXPOSED_ROAD_SEGMENT" }, "geometry": { "type": "MultiLineString", "coordinates": [ [ [ 77.2001648, 11.4987645 ], [ 77.199994, 11.4978377 ], [ 77.1999375, 11.4975312 ], [ 77.1998045, 11.4964294 ], [ 77.199753, 11.4955883 ], [ 77.1996113, 11.4952392 ], [ 77.1996028, 11.4949575 ], [ 77.1995727, 11.4943729 ], [ 77.1995861, 11.4942466 ], [ 77.1996508, 11.4941632 ], [ 77.1997122, 11.4940797 ], [ 77.1997735, 11.4939696 ], [ 77.1998212, 11.4938761 ], [ 77.1999063, 11.4938127 ], [ 77.200281, 11.4936725 ], [ 77.2005262, 11.493519 ], [ 77.2007749, 11.4934355 ], [ 77.2010406, 11.4934555 ], [ 77.2013267, 11.4934789 ], [ 77.2014187, 11.4934789 ], [ 77.2015208, 11.4934288 ], [ 77.2016128, 11.4932953 ], [ 77.201623, 11.4932219 ], [ 77.2016673, 11.4931284 ], [ 77.2017286, 11.493045 ], [ 77.2019398, 11.4929782 ] ] ] } },
{ "type": "Feature", "properties": { "osm_id": 1418699948, "highway": "track", "name": "Unnamed Road", "bridge": "no", "surface": "unknown", "lanes": "unknown", "maxspeed": "unknown", "length_m": 482.02396916511452, "exposed_length_m": 482.02396916511452, "hazard_code": 6, "hazard_class": "H6", "road_exposure_status": "HYDRAULICALLY_EXPOSED_ROAD_SEGMENT" }, "geometry": { "type": "MultiLineString", "coordinates": [ [ [ 77.1883194, 11.4963309 ], [ 77.1884445, 11.4959787 ], [ 77.1885035, 11.4959366 ], [ 77.1889059, 11.4958735 ], [ 77.1891151, 11.4957947 ], [ 77.1895819, 11.4957579 ], [ 77.1896677, 11.4960313 ], [ 77.1896999, 11.4961522 ], [ 77.1896945, 11.4962152 ], [ 77.1897267, 11.4965306 ], [ 77.1897428, 11.4967777 ], [ 77.1897214, 11.4970721 ], [ 77.1898072, 11.4974506 ], [ 77.1899413, 11.4977555 ], [ 77.1892391, 11.4980971 ] ] ] } },
{ "type": "Feature", "properties": { "osm_id": 1375842144, "highway": "residential", "name": "Unnamed Road", "bridge": "no", "surface": "unknown", "lanes": "unknown", "maxspeed": "unknown", "length_m": 268.15525198876958, "exposed_length_m": 268.15525198876958, "hazard_code": 6, "hazard_class": "H6", "road_exposure_status": "HYDRAULICALLY_EXPOSED_ROAD_SEGMENT" }, "geometry": { "type": "MultiLineString", "coordinates": [ [ [ 77.1980853, 11.4983361 ], [ 77.1980089, 11.4980243 ], [ 77.1979147, 11.4976983 ], [ 77.1978488, 11.4974702 ], [ 77.1977568, 11.4970997 ], [ 77.1976069, 11.4965256 ], [ 77.1974026, 11.4960115 ] ] ] } },
{ "type": "Feature", "properties": { "osm_id": 1375842145, "highway": "residential", "name": "Unnamed Road", "bridge": "no", "surface": "unknown", "lanes": "unknown", "maxspeed": "unknown", "length_m": 450.94307858002082, "exposed_length_m": 450.94307858002082, "hazard_code": 6, "hazard_class": "H6", "road_exposure_status": "HYDRAULICALLY_EXPOSED_ROAD_SEGMENT" }, "geometry": { "type": "MultiLineString", "coordinates": [ [ [ 77.1979147, 11.4976983 ], [ 77.1993066, 11.4977572 ], [ 77.199994, 11.4978377 ], [ 77.2008224, 11.4980109 ], [ 77.2012992, 11.4980343 ], [ 77.2020214, 11.4980176 ] ] ] } },
{ "type": "Feature", "properties": { "osm_id": 1375842124, "highway": "residential", "name": "Unnamed Road", "bridge": "no", "surface": "unknown", "lanes": "unknown", "maxspeed": "unknown", "length_m": 53.846278239340442, "exposed_length_m": 53.846278239340442, "hazard_code": 6, "hazard_class": "H6", "road_exposure_status": "HYDRAULICALLY_EXPOSED_ROAD_SEGMENT" }, "geometry": { "type": "MultiLineString", "coordinates": [ [ [ 77.1857241, 11.4980211 ], [ 77.1862175, 11.498021 ] ] ] } },
{ "type": "Feature", "properties": { "osm_id": 1375842137, "highway": "residential", "name": "Unnamed Road", "bridge": "no", "surface": "unknown", "lanes": "unknown", "maxspeed": "unknown", "length_m": 159.50629791278226, "exposed_length_m": 159.50629791278226, "hazard_code": 0, "hazard_class": "DRY", "road_exposure_status": "HYDRAULICALLY_EXPOSED_ROAD_SEGMENT" }, "geometry": { "type": "MultiLineString", "coordinates": [ [ [ 77.1675761, 11.4901649 ], [ 77.1675396, 11.490694 ], [ 77.1675158, 11.4910387 ], [ 77.1674768, 11.4916031 ] ] ] } },
{ "type": "Feature", "properties": { "osm_id": 1375842138, "highway": "residential", "name": "Unnamed Road", "bridge": "no", "surface": "unknown", "lanes": "unknown", "maxspeed": "unknown", "length_m": 108.6883427331457, "exposed_length_m": 108.6883427331457, "hazard_code": 0, "hazard_class": "DRY", "road_exposure_status": "HYDRAULICALLY_EXPOSED_ROAD_SEGMENT" }, "geometry": { "type": "MultiLineString", "coordinates": [ [ [ 77.1670103, 11.4910081 ], [ 77.1671608, 11.4910172 ], [ 77.1675158, 11.4910387 ], [ 77.1680025, 11.4910899 ] ] ] } },
{ "type": "Feature", "properties": { "osm_id": 1418699953, "highway": "residential", "name": "Unnamed Road", "bridge": "no", "surface": "unknown", "lanes": "unknown", "maxspeed": "unknown", "length_m": 116.07691998708901, "exposed_length_m": 110.6276876895008, "hazard_code": 2, "hazard_class": "H2", "road_exposure_status": "HYDRAULICALLY_EXPOSED_ROAD_SEGMENT" }, "geometry": { "type": "MultiLineString", "coordinates": [ [ [ 77.1782688, 11.4908168 ], [ 77.1778718, 11.4908115 ], [ 77.1777162, 11.4909009 ], [ 77.177494730215756, 11.491271960652814 ] ] ] } },
{ "type": "Feature", "properties": { "osm_id": 1375842140, "highway": "residential", "name": "Unnamed Road", "bridge": "no", "surface": "unknown", "lanes": "unknown", "maxspeed": "unknown", "length_m": 48.231994898879435, "exposed_length_m": 36.82417283920347, "hazard_code": 0, "hazard_class": "DRY", "road_exposure_status": "HYDRAULICALLY_EXPOSED_ROAD_SEGMENT" }, "geometry": { "type": "MultiLineString", "coordinates": [ [ [ 77.167136903067458, 11.491349161188321 ], [ 77.1671608, 11.4910172 ] ] ] } },
{ "type": "Feature", "properties": { "osm_id": 1418699951, "highway": "residential", "name": "Unnamed Road", "bridge": "no", "surface": "unknown", "lanes": "unknown", "maxspeed": "unknown", "length_m": 84.03165620151772, "exposed_length_m": 84.03165620151772, "hazard_code": 6, "hazard_class": "H6", "road_exposure_status": "HYDRAULICALLY_EXPOSED_ROAD_SEGMENT" }, "geometry": { "type": "MultiLineString", "coordinates": [ [ [ 77.1806219, 11.4917891 ], [ 77.1813852, 11.4916893 ] ] ] } },
{ "type": "Feature", "properties": { "osm_id": 1375842130, "highway": "residential", "name": "Unnamed Road", "bridge": "no", "surface": "unknown", "lanes": "unknown", "maxspeed": "unknown", "length_m": 350.76312953599762, "exposed_length_m": 350.76312953599762, "hazard_code": 5, "hazard_class": "H5", "road_exposure_status": "HYDRAULICALLY_EXPOSED_ROAD_SEGMENT" }, "geometry": { "type": "MultiLineString", "coordinates": [ [ [ 77.180399200000011, 11.4930486 ], [ 77.1805444, 11.4922538 ], [ 77.1805524, 11.4922062 ], [ 77.1806219, 11.4917891 ], [ 77.1806568, 11.4915796 ], [ 77.1806704, 11.4913292 ], [ 77.1806159, 11.4905148 ], [ 77.1811882, 11.4907518 ] ] ] } },
{ "type": "Feature", "properties": { "osm_id": 1418699954, "highway": "residential", "name": "Unnamed Road", "bridge": "no", "surface": "unknown", "lanes": "unknown", "maxspeed": "unknown", "length_m": 338.12671188448877, "exposed_length_m": 69.92278716695057, "hazard_code": 0, "hazard_class": "DRY", "road_exposure_status": "HYDRAULICALLY_EXPOSED_ROAD_SEGMENT" }, "geometry": { "type": "MultiLineString", "coordinates": [ [ [ 77.1761602, 11.4915793 ], [ 77.1762943, 11.4920626 ], [ 77.176321200000018, 11.4921099 ], [ 77.176339520681751, 11.492184355280127 ] ] ] } },
{ "type": "Feature", "properties": { "osm_id": 1375842134, "highway": "residential", "name": "Unnamed Road", "bridge": "no", "surface": "unknown", "lanes": "unknown", "maxspeed": "unknown", "length_m": 111.2256479683312, "exposed_length_m": 111.2256479683312, "hazard_code": 5, "hazard_class": "H5", "road_exposure_status": "HYDRAULICALLY_EXPOSED_ROAD_SEGMENT" }, "geometry": { "type": "MultiLineString", "coordinates": [ [ [ 77.1809564, 11.4932124 ], [ 77.1809941, 11.4922079 ] ] ] } },
{ "type": "Feature", "properties": { "osm_id": 1375842132, "highway": "residential", "name": "Unnamed Road", "bridge": "no", "surface": "unknown", "lanes": "unknown", "maxspeed": "unknown", "length_m": 115.92339465386914, "exposed_length_m": 115.92339465386914, "hazard_code": 5, "hazard_class": "H5", "road_exposure_status": "HYDRAULICALLY_EXPOSED_ROAD_SEGMENT" }, "geometry": { "type": "MultiLineString", "coordinates": [ [ [ 77.1811029, 11.4932555 ], [ 77.1811371, 11.4922084 ] ] ] } },
{ "type": "Feature", "properties": { "osm_id": 1418699957, "highway": "residential", "name": "Unnamed Road", "bridge": "no", "surface": "unknown", "lanes": "unknown", "maxspeed": "unknown", "length_m": 59.243401884741317, "exposed_length_m": 11.786896795962143, "hazard_code": 3, "hazard_class": "H3", "road_exposure_status": "HYDRAULICALLY_EXPOSED_ROAD_SEGMENT" }, "geometry": { "type": "MultiLineString", "coordinates": [ [ [ 77.178906, 11.4930914 ], [ 77.178800254270371, 11.493069733652602 ] ] ] } },
{ "type": "Feature", "properties": { "osm_id": 1418699956, "highway": "residential", "name": "Unnamed Road", "bridge": "no", "surface": "unknown", "lanes": "unknown", "maxspeed": "unknown", "length_m": 69.867605699867553, "exposed_length_m": 69.867605699867553, "hazard_code": 3, "hazard_class": "H3", "road_exposure_status": "HYDRAULICALLY_EXPOSED_ROAD_SEGMENT" }, "geometry": { "type": "MultiLineString", "coordinates": [ [ [ 77.1788832, 11.493395 ], [ 77.1782543, 11.4932769 ] ] ] } },
{ "type": "Feature", "properties": { "osm_id": 1418699955, "highway": "residential", "name": "Unnamed Road", "bridge": "no", "surface": "unknown", "lanes": "unknown", "maxspeed": "unknown", "length_m": 185.44687979084401, "exposed_length_m": 135.63677947506767, "hazard_code": 0, "hazard_class": "DRY", "road_exposure_status": "HYDRAULICALLY_EXPOSED_ROAD_SEGMENT" }, "geometry": { "type": "MultiLineString", "coordinates": [ [ [ 77.178907682596019, 11.493068930422968 ], [ 77.178906, 11.4930914 ], [ 77.1788832, 11.493395 ], [ 77.1788161, 11.4942914 ] ] ] } },
{ "type": "Feature", "properties": { "osm_id": 594378148, "highway": "secondary", "name": "Sathy - Kothamangalam Road", "bridge": "no", "surface": "unknown", "lanes": "unknown", "maxspeed": "unknown", "length_m": 8302.7907581667405, "exposed_length_m": 7401.728015872106, "hazard_code": 6, "hazard_class": "H6", "road_exposure_status": "HYDRAULICALLY_EXPOSED_ROAD_SEGMENT" }, "geometry": { "type": "MultiLineString", "coordinates": [ [ [ 77.2049993, 11.4994385 ], [ 77.2042023, 11.4992612 ], [ 77.20191, 11.4990078 ], [ 77.2001648, 11.4987645 ], [ 77.1997086, 11.4987009 ], [ 77.1980853, 11.4983361 ], [ 77.1978584, 11.4982851 ], [ 77.1960172, 11.4987979 ], [ 77.1939491, 11.4993739 ], [ 77.19287786026328, 11.499672267190066 ] ], [ [ 77.189393055842302, 11.498412894328206 ], [ 77.1892391, 11.4980971 ], [ 77.1888518, 11.4973028 ], [ 77.1884739, 11.4965277 ], [ 77.1883194, 11.4963309 ], [ 77.188049, 11.4959863 ], [ 77.1865856, 11.495179 ], [ 77.185863, 11.4950437 ], [ 77.1852719, 11.4946926 ], [ 77.1839088, 11.4940803 ], [ 77.1820493, 11.4935337 ], [ 77.1813429, 11.493326 ], [ 77.1811029, 11.4932555 ], [ 77.1809564, 11.4932124 ], [ 77.180399200000011, 11.4930486 ], [ 77.179078784082705, 11.492660418575376 ] ], [ [ 77.177379965765496, 11.491272818048659 ], [ 77.1773068, 11.4912388 ], [ 77.1761602, 11.4915793 ], [ 77.1751105, 11.491891 ], [ 77.1713018, 11.4910937 ], [ 77.169331, 11.490435 ], [ 77.1686621, 11.4903251 ], [ 77.1684045, 11.4902828 ], [ 77.16833, 11.4902722 ], [ 77.1675761, 11.4901649 ], [ 77.1672096, 11.4901127 ], [ 77.1652784, 11.4901454 ], [ 77.163632600000014, 11.4901727 ], [ 77.1629068, 11.4900313 ], [ 77.1596798, 11.4892939 ], [ 77.1593301, 11.4892209 ], [ 77.157975722780776, 11.489054495391315 ] ], [ [ 77.156141471314385, 11.488844103221155 ], [ 77.1559963, 11.4888437 ], [ 77.1532747, 11.4890769 ], [ 77.1522341, 11.4891772 ], [ 77.1520645, 11.4891936 ], [ 77.1520433, 11.4891975 ], [ 77.1495574, 11.4896533 ], [ 77.1474862, 11.4897409 ], [ 77.1469085, 11.4898453 ], [ 77.1442768, 11.490441 ], [ 77.1424257, 11.4906413 ], [ 77.1331923, 11.4905519 ] ] ] } },
{ "type": "Feature", "properties": { "osm_id": 594376145, "highway": "tertiary", "name": "Unnamed Road", "bridge": "no", "surface": "unknown", "lanes": "1", "maxspeed": "unknown", "length_m": 1104.8362819614313, "exposed_length_m": 433.18259316078263, "hazard_code": 3, "hazard_class": "H3", "road_exposure_status": "HYDRAULICALLY_EXPOSED_ROAD_SEGMENT" }, "geometry": { "type": "MultiLineString", "coordinates": [ [ [ 77.144641103566784, 11.494226913755726 ], [ 77.1446592, 11.4941447 ], [ 77.144589, 11.4939811 ], [ 77.1444333, 11.4938962 ], [ 77.144474, 11.4927292 ], [ 77.1445123, 11.4917097 ], [ 77.1442768, 11.490441 ] ] ] } },
{ "type": "Feature", "properties": { "osm_id": 211614710, "highway": "unclassified", "name": "Unnamed Road", "bridge": "no", "surface": "unknown", "lanes": "unknown", "maxspeed": "unknown", "length_m": 1353.4202926602625, "exposed_length_m": 443.32604247664796, "hazard_code": 2, "hazard_class": "H2", "road_exposure_status": "HYDRAULICALLY_EXPOSED_ROAD_SEGMENT" }, "geometry": { "type": "MultiLineString", "coordinates": [ [ [ 77.158946042943768, 11.493217501617421 ], [ 77.1589999, 11.4920741 ], [ 77.1593647, 11.4903603 ], [ 77.1596798, 11.4892939 ] ] ] } },
{ "type": "Feature", "properties": { "osm_id": 594378147, "highway": "tertiary", "name": "Unnamed Road", "bridge": "no", "surface": "unknown", "lanes": "unknown", "maxspeed": "unknown", "length_m": 2468.7846019278136, "exposed_length_m": 575.61724974369497, "hazard_code": 2, "hazard_class": "H2", "road_exposure_status": "HYDRAULICALLY_EXPOSED_ROAD_SEGMENT" }, "geometry": { "type": "MultiLineString", "coordinates": [ [ [ 77.1522341, 11.4891772 ], [ 77.1522673, 11.4894349 ], [ 77.152343700000017, 11.4910422 ], [ 77.1524403, 11.4917098 ], [ 77.1525838, 11.4919214 ], [ 77.1526817, 11.4921198 ], [ 77.1526106, 11.4922946 ], [ 77.151928539656538, 11.494173186599882 ] ] ] } },
{ "type": "Feature", "properties": { "osm_id": 1342372376, "highway": "unclassified", "name": "Unnamed Road", "bridge": "no", "surface": "unknown", "lanes": "unknown", "maxspeed": "unknown", "length_m": 1435.8600929700419, "exposed_length_m": 236.25695102286082, "hazard_code": 0, "hazard_class": "DRY", "road_exposure_status": "HYDRAULICALLY_EXPOSED_ROAD_SEGMENT" }, "geometry": { "type": "MultiLineString", "coordinates": [ [ [ 77.16833, 11.4902722 ], [ 77.1680025, 11.4910899 ], [ 77.1678651, 11.4914328 ], [ 77.1675399, 11.492134 ], [ 77.167532943438331, 11.492249987216917 ] ] ] } },
{ "type": "Feature", "properties": { "osm_id": 1418699958, "highway": "track", "name": "Unnamed Road", "bridge": "no", "surface": "unknown", "lanes": "unknown", "maxspeed": "unknown", "length_m": 493.62532514728366, "exposed_length_m": 493.62532514728366, "hazard_code": 6, "hazard_class": "H6", "road_exposure_status": "HYDRAULICALLY_EXPOSED_ROAD_SEGMENT" }, "geometry": { "type": "MultiLineString", "coordinates": [ [ [ 77.1792126, 11.4975663 ], [ 77.1792555, 11.4975768 ], [ 77.179454, 11.4975505 ], [ 77.179985, 11.4973665 ], [ 77.1804571, 11.4973928 ], [ 77.1807468, 11.4973823 ], [ 77.1814683, 11.4972246 ], [ 77.1817231, 11.4973034 ], [ 77.1820664, 11.4972614 ], [ 77.1822166, 11.4971773 ], [ 77.182345400000017, 11.496967 ], [ 77.1824205, 11.4969197 ], [ 77.182576, 11.4968566 ], [ 77.1828282, 11.4968251 ], [ 77.1834451, 11.4965728 ] ] ] } },
{ "type": "Feature", "properties": { "osm_id": 1375842136, "highway": "residential", "name": "Unnamed Road", "bridge": "no", "surface": "unknown", "lanes": "unknown", "maxspeed": "unknown", "length_m": 1935.9385790124443, "exposed_length_m": 172.07998757577099, "hazard_code": 0, "hazard_class": "DRY", "road_exposure_status": "HYDRAULICALLY_EXPOSED_ROAD_SEGMENT" }, "geometry": { "type": "MultiLineString", "coordinates": [ [ [ 77.177270978367602, 11.495894965212871 ], [ 77.17733, 11.4958212 ], [ 77.1774888, 11.4954848 ], [ 77.177713122136012, 11.494885390451293 ] ], [ [ 77.178168858937738, 11.493493389323026 ], [ 77.1782543, 11.4932769 ], [ 77.1783256, 11.4930961 ], [ 77.178335453844468, 11.493073208457471 ] ] ] } },
{ "type": "Feature", "properties": { "osm_id": 966250310, "highway": "secondary", "name": "Sathy - Kothamangalam Road", "bridge": "yes", "surface": "unknown", "lanes": "unknown", "maxspeed": "unknown", "length_m": 44.420511867903812, "exposed_length_m": 44.420511867903812, "hazard_code": 6, "hazard_class": "H6", "road_exposure_status": "HYDRAULICALLY_EXPOSED_ROAD_SEGMENT" }, "geometry": { "type": "MultiLineString", "coordinates": [ [ [ 77.2053969, 11.4995244 ], [ 77.2049993, 11.4994385 ] ] ] } },
{ "type": "Feature", "properties": { "osm_id": 1418699950, "highway": "track", "name": "Unnamed Road", "bridge": "no", "surface": "unknown", "lanes": "unknown", "maxspeed": "unknown", "length_m": 343.53664657806166, "exposed_length_m": 343.53664657806166, "hazard_code": 6, "hazard_class": "H6", "road_exposure_status": "HYDRAULICALLY_EXPOSED_ROAD_SEGMENT" }, "geometry": { "type": "MultiLineString", "coordinates": [ [ [ 77.1950859, 11.5016196 ], [ 77.1954829, 11.5011254 ], [ 77.195499, 11.5010834 ], [ 77.1955794, 11.500994 ], [ 77.1960461, 11.499811 ], [ 77.1960998, 11.4994693 ], [ 77.1961051, 11.4989488 ], [ 77.1960172, 11.4987979 ] ] ] } },
{ "type": "Feature", "properties": { "osm_id": 1375827456, "highway": "unclassified", "name": "Unnamed Road", "bridge": "no", "surface": "unknown", "lanes": "unknown", "maxspeed": "unknown", "length_m": 1197.8547757474373, "exposed_length_m": 83.942616370525457, "hazard_code": 0, "hazard_class": "DRY", "road_exposure_status": "HYDRAULICALLY_EXPOSED_ROAD_SEGMENT" }, "geometry": { "type": "MultiLineString", "coordinates": [ [ [ 77.188281334672141, 11.497753637609287 ], [ 77.1885105, 11.4974349 ], [ 77.1885718, 11.4973815 ], [ 77.1886569, 11.4973548 ], [ 77.1888518, 11.4973028 ] ] ] } },
{ "type": "Feature", "properties": { "osm_id": 1418699944, "highway": "track", "name": "Unnamed Road", "bridge": "no", "surface": "unknown", "lanes": "unknown", "maxspeed": "unknown", "length_m": 489.49246782937001, "exposed_length_m": 87.46522618418787, "hazard_code": 0, "hazard_class": "DRY", "road_exposure_status": "HYDRAULICALLY_EXPOSED_ROAD_SEGMENT" }, "geometry": { "type": "MultiLineString", "coordinates": [ [ [ 77.184198455682662, 11.501163176911392 ], [ 77.1841586, 11.5009678 ], [ 77.1840727, 11.5007943 ], [ 77.1839869, 11.5006366 ], [ 77.1838957, 11.5004368 ] ] ] } },
{ "type": "Feature", "properties": { "osm_id": 1375842146, "highway": "unclassified", "name": "Unnamed Road", "bridge": "no", "surface": "unknown", "lanes": "unknown", "maxspeed": "unknown", "length_m": 1048.6252634575228, "exposed_length_m": 830.83082078109874, "hazard_code": 6, "hazard_class": "H6", "road_exposure_status": "HYDRAULICALLY_EXPOSED_ROAD_SEGMENT" }, "geometry": { "type": "MultiLineString", "coordinates": [ [ [ 77.200251968656758, 11.505259648001115 ], [ 77.2004573, 11.5051869 ], [ 77.201071, 11.5049725 ], [ 77.2012341, 11.504901 ], [ 77.2012985, 11.5048337 ], [ 77.2013328, 11.5046697 ], [ 77.2014143, 11.5042239 ], [ 77.2014153, 11.5039557 ], [ 77.2013855, 11.5037888 ], [ 77.2013882, 11.5036696 ], [ 77.201418, 11.5035716 ], [ 77.2014883, 11.5035001 ], [ 77.2016451, 11.5034285 ], [ 77.2018532, 11.5033623 ], [ 77.201926200000017, 11.5032802 ], [ 77.201956, 11.503055 ], [ 77.2019398, 11.5027477 ], [ 77.2019019, 11.5024192 ], [ 77.2018532, 11.5023609 ], [ 77.2017586, 11.5023477 ], [ 77.2013801, 11.5023079 ], [ 77.2013369, 11.5022788 ], [ 77.201301700000016, 11.5022046 ], [ 77.2012801, 11.5019238 ], [ 77.201301700000016, 11.5013939 ], [ 77.2012531, 11.5009833 ], [ 77.2012017, 11.5007502 ], [ 77.2011638, 11.500721 ], [ 77.201132971001016, 11.500710964422998 ] ], [ [ 77.200538228670965, 11.500136414297517 ], [ 77.2004123, 11.4996428 ], [ 77.2001648, 11.4987645 ] ] ] } },
{ "type": "Feature", "properties": { "osm_id": 1375826291, "highway": "residential", "name": "Unnamed Road", "bridge": "no", "surface": "unknown", "lanes": "unknown", "maxspeed": "unknown", "length_m": 688.30364457625785, "exposed_length_m": 33.468569500890681, "hazard_code": 5, "hazard_class": "H5", "road_exposure_status": "HYDRAULICALLY_EXPOSED_ROAD_SEGMENT" }, "geometry": { "type": "MultiLineString", "coordinates": [ [ [ 77.223021302926298, 11.487495568832896 ], [ 77.2227211, 11.4875573 ] ] ] } },
{ "type": "Feature", "properties": { "osm_id": 211618554, "highway": "tertiary", "name": "Unnamed Road", "bridge": "no", "surface": "unknown", "lanes": "unknown", "maxspeed": "unknown", "length_m": 1167.4949198563099, "exposed_length_m": 1167.4949198563099, "hazard_code": 5, "hazard_class": "H5", "road_exposure_status": "HYDRAULICALLY_EXPOSED_ROAD_SEGMENT" }, "geometry": { "type": "MultiLineString", "coordinates": [ [ [ 77.2227211, 11.4875573 ], [ 77.2225033, 11.4876528 ], [ 77.2219454, 11.4877999 ], [ 77.2213017, 11.4880628 ], [ 77.2204756, 11.4885412 ], [ 77.219982, 11.4888303 ], [ 77.2194241, 11.4889722 ], [ 77.2188984, 11.4892614 ], [ 77.2185444, 11.4893665 ], [ 77.2182493, 11.4894243 ], [ 77.2179221, 11.4894454 ], [ 77.2176271, 11.4895663 ], [ 77.2174248, 11.4897227 ], [ 77.2171926, 11.4900657 ], [ 77.217108300000021, 11.4901485 ], [ 77.2167473, 11.4903128 ], [ 77.2163305, 11.4906006 ], [ 77.2159212, 11.4907596 ], [ 77.2153381, 11.4910579 ], [ 77.2145694, 11.4912905 ], [ 77.2141311, 11.4915416 ], [ 77.213754, 11.491648 ], [ 77.2131038, 11.49156 ] ] ] } },
{ "type": "Feature", "properties": { "osm_id": 1301482432, "highway": "residential", "name": "Unnamed Road", "bridge": "no", "surface": "unknown", "lanes": "unknown", "maxspeed": "unknown", "length_m": 458.20039371101024, "exposed_length_m": 361.72720412233951, "hazard_code": 0, "hazard_class": "DRY", "road_exposure_status": "HYDRAULICALLY_EXPOSED_ROAD_SEGMENT" }, "geometry": { "type": "MultiLineString", "coordinates": [ [ [ 77.2387532, 11.496368 ], [ 77.2387433, 11.495955 ], [ 77.238728, 11.4957221 ], [ 77.2386792, 11.4953748 ], [ 77.2386533, 11.4951801 ], [ 77.2385562, 11.4947823 ], [ 77.2382528, 11.4940046 ], [ 77.238195600000012, 11.4939106 ], [ 77.2379388, 11.4935575 ], [ 77.2378061, 11.4933956 ], [ 77.2377633, 11.4933966 ], [ 77.237728478530769, 11.493413810337273 ] ] ] } },
{ "type": "Feature", "properties": { "osm_id": 211618548, "highway": "unclassified", "name": "Unnamed Road", "bridge": "no", "surface": "unknown", "lanes": "unknown", "maxspeed": "unknown", "length_m": 1561.9133681585968, "exposed_length_m": 500.50856176798868, "hazard_code": 6, "hazard_class": "H6", "road_exposure_status": "HYDRAULICALLY_EXPOSED_ROAD_SEGMENT" }, "geometry": { "type": "MultiLineString", "coordinates": [ [ [ 77.240199714454661, 11.49350793223115 ], [ 77.2401818, 11.4936098 ], [ 77.2401345, 11.4938795 ], [ 77.2400788, 11.4941963 ], [ 77.2398812, 11.4953604 ], [ 77.2398626, 11.49547 ], [ 77.2399393, 11.4960677 ], [ 77.2397088, 11.496607 ], [ 77.2397462, 11.4967774 ], [ 77.2397354, 11.4969771 ], [ 77.2399857, 11.4979162 ] ] ] } },
{ "type": "Feature", "properties": { "osm_id": 1369818839, "highway": "primary", "name": "Udhagamandalam - Kotagiri - Mettupalayam - Sathy - Gobi - Erode Road", "bridge": "no", "surface": "asphalt", "lanes": "2", "maxspeed": "unknown", "length_m": 1401.133217789921, "exposed_length_m": 580.30303458831793, "hazard_code": 5, "hazard_class": "H5", "road_exposure_status": "HYDRAULICALLY_EXPOSED_ROAD_SEGMENT" }, "geometry": { "type": "MultiLineString", "coordinates": [ [ [ 77.244411289949056, 11.494379251352786 ], [ 77.2444098, 11.4944445 ], [ 77.2443847, 11.4955546 ], [ 77.2443731, 11.4962312 ], [ 77.244364, 11.4968055 ], [ 77.2443763, 11.497093 ], [ 77.2443889, 11.4972574 ], [ 77.2444125, 11.4974313 ], [ 77.2445083, 11.4977927 ], [ 77.2446452, 11.498272 ], [ 77.2447168, 11.4985226 ], [ 77.2447385, 11.4985885 ], [ 77.2448432, 11.498906 ], [ 77.2449455, 11.4992147 ], [ 77.2449606, 11.4992574 ], [ 77.2449709, 11.4992844 ], [ 77.244989, 11.4993314 ], [ 77.2450306, 11.49944 ], [ 77.244968900000018, 11.4995052 ] ] ] } },
{ "type": "Feature", "properties": { "osm_id": 1409506411, "highway": "residential", "name": "Unnamed Road", "bridge": "no", "surface": "unknown", "lanes": "unknown", "maxspeed": "unknown", "length_m": 139.65959252843905, "exposed_length_m": 139.65959252843905, "hazard_code": 5, "hazard_class": "H5", "road_exposure_status": "HYDRAULICALLY_EXPOSED_ROAD_SEGMENT" }, "geometry": { "type": "MultiLineString", "coordinates": [ [ [ 77.2401818, 11.4936098 ], [ 77.2414532, 11.4934667 ] ] ] } },
{ "type": "Feature", "properties": { "osm_id": 1409506419, "highway": "residential", "name": "Unnamed Road", "bridge": "no", "surface": "unknown", "lanes": "unknown", "maxspeed": "unknown", "length_m": 199.83752541578528, "exposed_length_m": 153.10759870144199, "hazard_code": 3, "hazard_class": "H3", "road_exposure_status": "HYDRAULICALLY_EXPOSED_ROAD_SEGMENT" }, "geometry": { "type": "MultiLineString", "coordinates": [ [ [ 77.2432023, 11.4944906 ], [ 77.2431913, 11.4936665 ], [ 77.243214, 11.4932765 ], [ 77.243223813485329, 11.49310795651691 ] ] ] } },
{ "type": "Feature", "properties": { "osm_id": 1369818837, "highway": "primary", "name": "Udhagamandalam - Kotagiri - Mettupalayam - Sathy - Gobi - Erode Road", "bridge": "no", "surface": "asphalt", "lanes": "2", "maxspeed": "unknown", "length_m": 1388.0174952800878, "exposed_length_m": 588.11862091503292, "hazard_code": 5, "hazard_class": "H5", "road_exposure_status": "HYDRAULICALLY_EXPOSED_ROAD_SEGMENT" }, "geometry": { "type": "MultiLineString", "coordinates": [ [ [ 77.2450333, 11.4995737 ], [ 77.2450994, 11.4995166 ], [ 77.2451086, 11.4994647 ], [ 77.2450575, 11.4992984 ], [ 77.2450415, 11.499253 ], [ 77.2450138, 11.4991743 ], [ 77.2449306, 11.4988918 ], [ 77.2448181, 11.4985672 ], [ 77.2447797, 11.4984565 ], [ 77.2447234, 11.4982501 ], [ 77.2445353, 11.4975607 ], [ 77.2444797, 11.4973086 ], [ 77.2444733, 11.4971303 ], [ 77.2444667, 11.4969462 ], [ 77.2444715, 11.4962292 ], [ 77.2444796, 11.4950676 ], [ 77.2444945, 11.4944434 ], [ 77.244496039574116, 11.494378598521381 ] ] ] } },
{ "type": "Feature", "properties": { "osm_id": 1409506418, "highway": "residential", "name": "Unnamed Road", "bridge": "no", "surface": "unknown", "lanes": "unknown", "maxspeed": "unknown", "length_m": 96.685066676597771, "exposed_length_m": 43.914621071575162, "hazard_code": 5, "hazard_class": "H5", "road_exposure_status": "HYDRAULICALLY_EXPOSED_ROAD_SEGMENT" }, "geometry": { "type": "MultiLineString", "coordinates": [ [ [ 77.2428265, 11.4936875 ], [ 77.2431913, 11.4936665 ], [ 77.243228241004701, 11.49366743012342 ] ] ] } },
{ "type": "Feature", "properties": { "osm_id": 1409506410, "highway": "residential", "name": "Unnamed Road", "bridge": "no", "surface": "unknown", "lanes": "unknown", "maxspeed": "unknown", "length_m": 145.53441990242951, "exposed_length_m": 145.53441990242951, "hazard_code": 5, "hazard_class": "H5", "road_exposure_status": "HYDRAULICALLY_EXPOSED_ROAD_SEGMENT" }, "geometry": { "type": "MultiLineString", "coordinates": [ [ [ 77.2401345, 11.4938795 ], [ 77.2414613, 11.493748 ] ] ] } },
{ "type": "Feature", "properties": { "osm_id": 1375826262, "highway": "residential", "name": "Unnamed Road", "bridge": "no", "surface": "unknown", "lanes": "unknown", "maxspeed": "unknown", "length_m": 512.04790106523308, "exposed_length_m": 204.71720167938057, "hazard_code": 6, "hazard_class": "H6", "road_exposure_status": "HYDRAULICALLY_EXPOSED_ROAD_SEGMENT" }, "geometry": { "type": "MultiLineString", "coordinates": [ [ [ 77.2311353, 11.4968095 ], [ 77.2310467, 11.4952407 ], [ 77.231328627057835, 11.495220211311047 ] ] ] } },
{ "type": "Feature", "properties": { "osm_id": 1301482433, "highway": "residential", "name": "Unnamed Road", "bridge": "no", "surface": "unknown", "lanes": "unknown", "maxspeed": "unknown", "length_m": 119.77611549529298, "exposed_length_m": 102.66426446418197, "hazard_code": 0, "hazard_class": "DRY", "road_exposure_status": "HYDRAULICALLY_EXPOSED_ROAD_SEGMENT" }, "geometry": { "type": "MultiLineString", "coordinates": [ [ [ 77.237744308823778, 11.495418897939622 ], [ 77.2386533, 11.4951801 ] ] ] } },
{ "type": "Feature", "properties": { "osm_id": 1375826268, "highway": "residential", "name": "Unnamed Road", "bridge": "no", "surface": "unknown", "lanes": "unknown", "maxspeed": "unknown", "length_m": 270.21851689364627, "exposed_length_m": 44.634749548180523, "hazard_code": 4, "hazard_class": "H4", "road_exposure_status": "HYDRAULICALLY_EXPOSED_ROAD_SEGMENT" }, "geometry": { "type": "MultiLineString", "coordinates": [ [ [ 77.230774700961746, 11.494483973842048 ], [ 77.2307708, 11.4945031 ], [ 77.2307776, 11.4948869 ] ] ] } },
{ "type": "Feature", "properties": { "osm_id": 1375826271, "highway": "residential", "name": "Unnamed Road", "bridge": "no", "surface": "unknown", "lanes": "unknown", "maxspeed": "unknown", "length_m": 342.77448637022292, "exposed_length_m": 82.403165635609895, "hazard_code": 6, "hazard_class": "H6", "road_exposure_status": "HYDRAULICALLY_EXPOSED_ROAD_SEGMENT" }, "geometry": { "type": "MultiLineString", "coordinates": [ [ [ 77.2303212, 11.4952307 ], [ 77.230268220710002, 11.494487851080859 ] ] ] } },
{ "type": "Feature", "properties": { "osm_id": 1375826269, "highway": "residential", "name": "Unnamed Road", "bridge": "no", "surface": "unknown", "lanes": "unknown", "maxspeed": "unknown", "length_m": 138.22654058939239, "exposed_length_m": 84.006417249814405, "hazard_code": 4, "hazard_class": "H4", "road_exposure_status": "HYDRAULICALLY_EXPOSED_ROAD_SEGMENT" }, "geometry": { "type": "MultiLineString", "coordinates": [ [ [ 77.2310467, 11.4952407 ], [ 77.231065296723912, 11.494481748858146 ] ] ] } },
{ "type": "Feature", "properties": { "osm_id": 1375826270, "highway": "residential", "name": "Unnamed Road", "bridge": "no", "surface": "unknown", "lanes": "unknown", "maxspeed": "unknown", "length_m": 232.4230462437182, "exposed_length_m": 232.4230462437182, "hazard_code": 6, "hazard_class": "H6", "road_exposure_status": "HYDRAULICALLY_EXPOSED_ROAD_SEGMENT" }, "geometry": { "type": "MultiLineString", "coordinates": [ [ [ 77.230454, 11.4966093 ], [ 77.2303212, 11.4952307 ], [ 77.2310467, 11.4952407 ] ] ] } },
{ "type": "Feature", "properties": { "osm_id": 1375826239, "highway": "residential", "name": "Unnamed Road", "bridge": "no", "surface": "unknown", "lanes": "unknown", "maxspeed": "unknown", "length_m": 104.21506883155399, "exposed_length_m": 104.21506883155399, "hazard_code": 6, "hazard_class": "H6", "road_exposure_status": "HYDRAULICALLY_EXPOSED_ROAD_SEGMENT" }, "geometry": { "type": "MultiLineString", "coordinates": [ [ [ 77.2307939, 11.5014039 ], [ 77.2314553, 11.5011707 ], [ 77.2316931, 11.5010869 ] ] ] } },
{ "type": "Feature", "properties": { "osm_id": 1375826238, "highway": "residential", "name": "Unnamed Road", "bridge": "no", "surface": "unknown", "lanes": "unknown", "maxspeed": "unknown", "length_m": 97.883850469857634, "exposed_length_m": 97.883850469857634, "hazard_code": 6, "hazard_class": "H6", "road_exposure_status": "HYDRAULICALLY_EXPOSED_ROAD_SEGMENT" }, "geometry": { "type": "MultiLineString", "coordinates": [ [ [ 77.2309608, 11.501721 ], [ 77.2315857, 11.5014942 ], [ 77.2318055, 11.501424 ] ] ] } },
{ "type": "Feature", "properties": { "osm_id": 1375826237, "highway": "residential", "name": "Unnamed Road", "bridge": "no", "surface": "unknown", "lanes": "unknown", "maxspeed": "unknown", "length_m": 97.039845360321493, "exposed_length_m": 97.039845360321493, "hazard_code": 6, "hazard_class": "H6", "road_exposure_status": "HYDRAULICALLY_EXPOSED_ROAD_SEGMENT" }, "geometry": { "type": "MultiLineString", "coordinates": [ [ [ 77.2310698, 11.5020448 ], [ 77.2317076, 11.5017968 ], [ 77.2318975, 11.5017244 ] ] ] } },
{ "type": "Feature", "properties": { "osm_id": 1409506420, "highway": "residential", "name": "Unnamed Road", "bridge": "no", "surface": "unknown", "lanes": "unknown", "maxspeed": "unknown", "length_m": 185.98264070211621, "exposed_length_m": 85.926558176773199, "hazard_code": 3, "hazard_class": "H3", "road_exposure_status": "HYDRAULICALLY_EXPOSED_ROAD_SEGMENT" }, "geometry": { "type": "MultiLineString", "coordinates": [ [ [ 77.2444945, 11.4944434 ], [ 77.2444098, 11.4944445 ], [ 77.2443366, 11.4944458 ], [ 77.244150744303937, 11.494451997698935 ] ], [ [ 77.243234745211737, 11.494489266966443 ], [ 77.2432023, 11.4944906 ], [ 77.2427917, 11.4945076 ] ] ] } },
{ "type": "Feature", "properties": { "osm_id": 1409506432, "highway": "residential", "name": "Unnamed Road", "bridge": "no", "surface": "unknown", "lanes": "unknown", "maxspeed": "unknown", "length_m": 515.88296832358049, "exposed_length_m": 515.88296832358049, "hazard_code": 5, "hazard_class": "H5", "road_exposure_status": "HYDRAULICALLY_EXPOSED_ROAD_SEGMENT" }, "geometry": { "type": "MultiLineString", "coordinates": [ [ [ 77.240805, 11.4969779 ], [ 77.2410455, 11.4960137 ], [ 77.2412628, 11.4960636 ], [ 77.2417322, 11.4961057 ], [ 77.2418851, 11.4955879 ], [ 77.2416517, 11.4931539 ] ] ] } },
{ "type": "Feature", "properties": { "osm_id": 1301482434, "highway": "residential", "name": "Unnamed Road", "bridge": "no", "surface": "unknown", "lanes": "unknown", "maxspeed": "unknown", "length_m": 133.39067245949906, "exposed_length_m": 133.39067245949906, "hazard_code": 3, "hazard_class": "H3", "road_exposure_status": "HYDRAULICALLY_EXPOSED_ROAD_SEGMENT" }, "geometry": { "type": "MultiLineString", "coordinates": [ [ [ 77.2386792, 11.4953748 ], [ 77.2389982, 11.4953263 ], [ 77.2393027, 11.4952704 ], [ 77.2393808, 11.4952598 ], [ 77.239415, 11.4952631 ], [ 77.2398812, 11.4953604 ] ] ] } },
{ "type": "Feature", "properties": { "osm_id": 1409506421, "highway": "residential", "name": "Unnamed Road", "bridge": "no", "surface": "unknown", "lanes": "unknown", "maxspeed": "unknown", "length_m": 237.41358917066393, "exposed_length_m": 237.41358917066393, "hazard_code": 5, "hazard_class": "H5", "road_exposure_status": "HYDRAULICALLY_EXPOSED_ROAD_SEGMENT" }, "geometry": { "type": "MultiLineString", "coordinates": [ [ [ 77.2443731, 11.4962312 ], [ 77.2439906, 11.4962266 ], [ 77.2436044, 11.4962029 ], [ 77.2431886, 11.4961871 ], [ 77.2429284, 11.4961241 ], [ 77.2424135, 11.4959532 ], [ 77.2422552, 11.4958717 ] ] ] } },
{ "type": "Feature", "properties": { "osm_id": 1409506428, "highway": "residential", "name": "Unnamed Road", "bridge": "no", "surface": "unknown", "lanes": "unknown", "maxspeed": "unknown", "length_m": 208.65327638996462, "exposed_length_m": 208.65327638996462, "hazard_code": 5, "hazard_class": "H5", "road_exposure_status": "HYDRAULICALLY_EXPOSED_ROAD_SEGMENT" }, "geometry": { "type": "MultiLineString", "coordinates": [ [ [ 77.2422552, 11.4958717 ], [ 77.2422123, 11.4960951 ], [ 77.242223, 11.496245 ], [ 77.2422633, 11.4963606 ], [ 77.2424671, 11.4963948 ], [ 77.2425866, 11.496388 ], [ 77.2427005, 11.4963816 ], [ 77.2429794, 11.4963527 ], [ 77.2436634, 11.4963448 ] ] ] } },
{ "type": "Feature", "properties": { "osm_id": 1369818844, "highway": "primary_link", "name": "Unnamed Road", "bridge": "no", "surface": "unknown", "lanes": "unknown", "maxspeed": "unknown", "length_m": 10.741455794305171, "exposed_length_m": 10.741455794305171, "hazard_code": 5, "hazard_class": "H5", "road_exposure_status": "HYDRAULICALLY_EXPOSED_ROAD_SEGMENT" }, "geometry": { "type": "MultiLineString", "coordinates": [ [ [ 77.2444715, 11.4962292 ], [ 77.2443731, 11.4962312 ] ] ] } },
{ "type": "Feature", "properties": { "osm_id": 1409506431, "highway": "residential", "name": "Unnamed Road", "bridge": "no", "surface": "unknown", "lanes": "unknown", "maxspeed": "unknown", "length_m": 127.20869404146589, "exposed_length_m": 127.20869404146589, "hazard_code": 2, "hazard_class": "H2", "road_exposure_status": "HYDRAULICALLY_EXPOSED_ROAD_SEGMENT" }, "geometry": { "type": "MultiLineString", "coordinates": [ [ [ 77.2417322, 11.4961057 ], [ 77.2413576, 11.4971943 ] ] ] } },
{ "type": "Feature", "properties": { "osm_id": 1409506427, "highway": "residential", "name": "Unnamed Road", "bridge": "no", "surface": "unknown", "lanes": "unknown", "maxspeed": "unknown", "length_m": 94.222273274731208, "exposed_length_m": 94.222273274731208, "hazard_code": 2, "hazard_class": "H2", "road_exposure_status": "HYDRAULICALLY_EXPOSED_ROAD_SEGMENT" }, "geometry": { "type": "MultiLineString", "coordinates": [ [ [ 77.2413835, 11.4962818 ], [ 77.2410837, 11.4970803 ] ] ] } },
{ "type": "Feature", "properties": { "osm_id": 1409506430, "highway": "residential", "name": "Unnamed Road", "bridge": "no", "surface": "unknown", "lanes": "unknown", "maxspeed": "unknown", "length_m": 106.13970239112551, "exposed_length_m": 84.091296357405028, "hazard_code": 2, "hazard_class": "H2", "road_exposure_status": "HYDRAULICALLY_EXPOSED_ROAD_SEGMENT" }, "geometry": { "type": "MultiLineString", "coordinates": [ [ [ 77.241677080029277, 11.497111487395831 ], [ 77.2419333, 11.4963948 ] ] ] } },
{ "type": "Feature", "properties": { "osm_id": 1409506429, "highway": "residential", "name": "Unnamed Road", "bridge": "no", "surface": "unknown", "lanes": "unknown", "maxspeed": "unknown", "length_m": 125.93726527002161, "exposed_length_m": 88.767325325293243, "hazard_code": 2, "hazard_class": "H2", "road_exposure_status": "HYDRAULICALLY_EXPOSED_ROAD_SEGMENT" }, "geometry": { "type": "MultiLineString", "coordinates": [ [ [ 77.24197106798438, 11.497109224937009 ], [ 77.2422633, 11.4963606 ] ] ] } },
{ "type": "Feature", "properties": { "osm_id": 1369831838, "highway": "trunk", "name": "Unnamed Road", "bridge": "no", "surface": "unknown", "lanes": "2", "maxspeed": "50", "length_m": 57.551420775778013, "exposed_length_m": 22.709878293308314, "hazard_code": 0, "hazard_class": "DRY", "road_exposure_status": "HYDRAULICALLY_EXPOSED_ROAD_SEGMENT" }, "geometry": { "type": "MultiLineString", "coordinates": [ [ [ 77.237750188384808, 11.496163516404293 ], [ 77.237764, 11.4961583 ], [ 77.2377837, 11.4961432 ], [ 77.2377981, 11.4961231 ], [ 77.2378058, 11.4960998 ], [ 77.2378062, 11.4960753 ], [ 77.2377995, 11.4960523 ], [ 77.2377864, 11.4960321 ], [ 77.2377679, 11.4960165 ], [ 77.237748960810009, 11.496008054145161 ] ] ] } },
{ "type": "Feature", "properties": { "osm_id": 211618545, "highway": "unclassified", "name": "Unnamed Road", "bridge": "no", "surface": "unknown", "lanes": "unknown", "maxspeed": "unknown", "length_m": 2932.4222156138776, "exposed_length_m": 2910.76756007628, "hazard_code": 6, "hazard_class": "H6", "road_exposure_status": "HYDRAULICALLY_EXPOSED_ROAD_SEGMENT" }, "geometry": { "type": "MultiLineString", "coordinates": [ [ [ 77.2410175, 11.4975081 ], [ 77.2404382, 11.4977372 ], [ 77.2399857, 11.4979162 ], [ 77.2399377, 11.4979352 ], [ 77.2395622, 11.4981402 ], [ 77.2385285, 11.4984122 ], [ 77.2383599, 11.4985169 ], [ 77.238264, 11.4985765 ], [ 77.2380387, 11.4985765 ], [ 77.2377061, 11.4985712 ], [ 77.2374432, 11.4986028 ], [ 77.2370728, 11.4987516 ], [ 77.2363703, 11.4990338 ], [ 77.2359259, 11.4991633 ], [ 77.2354956, 11.4992887 ], [ 77.2351794, 11.4993808 ], [ 77.234886, 11.4995372 ], [ 77.2342316, 11.4998789 ], [ 77.2339472, 11.5001154 ], [ 77.2339188, 11.5002271 ], [ 77.2338973, 11.5005951 ], [ 77.233833, 11.5006476 ], [ 77.2331785, 11.5006476 ], [ 77.2327993, 11.5006043 ], [ 77.2323578, 11.5004952 ], [ 77.23217, 11.5004689 ], [ 77.2319823, 11.5005267 ], [ 77.2317317, 11.5005885 ], [ 77.2313032, 11.5007932 ], [ 77.2302764, 11.5012837 ], [ 77.2294878, 11.5015571 ], [ 77.2291928, 11.5016201 ], [ 77.2287314, 11.5016149 ], [ 77.2284042, 11.5016044 ], [ 77.2275153, 11.5014664 ], [ 77.227338300000014, 11.5014138 ], [ 77.2272685, 11.5012509 ], [ 77.2270969, 11.5011089 ], [ 77.2268447, 11.5009828 ], [ 77.2265175, 11.5009355 ], [ 77.2263711, 11.5008737 ], [ 77.2264746, 11.5005517 ], [ 77.227016400000011, 11.4996423 ], [ 77.227402600000019, 11.4989484 ], [ 77.2274348, 11.4987119 ], [ 77.2274724, 11.4983491 ], [ 77.227467, 11.4980442 ], [ 77.2272991, 11.4975409 ], [ 77.2272793, 11.4972294 ], [ 77.2271918, 11.4968996 ], [ 77.2268861, 11.496232 ], [ 77.2268914, 11.4958587 ], [ 77.2269199, 11.4956314 ], [ 77.2269397, 11.4948074 ], [ 77.227139800000018, 11.4935392 ], [ 77.2271596, 11.4924786 ], [ 77.2272401, 11.4913326 ], [ 77.227300499800961, 11.490895601992811 ] ] ] } },
{ "type": "Feature", "properties": { "osm_id": 1369831837, "highway": "trunk", "name": "Unnamed Road", "bridge": "no", "surface": "asphalt", "lanes": "2", "maxspeed": "50", "length_m": 44.778128570215003, "exposed_length_m": 44.778128570215003, "hazard_code": 0, "hazard_class": "DRY", "road_exposure_status": "HYDRAULICALLY_EXPOSED_ROAD_SEGMENT" }, "geometry": { "type": "MultiLineString", "coordinates": [ [ [ 77.2381781, 11.4962449 ], [ 77.2380817, 11.4961906 ], [ 77.2378062, 11.4960753 ] ] ] } },
{ "type": "Feature", "properties": { "osm_id": 1369831839, "highway": "trunk", "name": "Unnamed Road", "bridge": "no", "surface": "asphalt", "lanes": "2", "maxspeed": "50", "length_m": 46.433822068235663, "exposed_length_m": 46.433822068235663, "hazard_code": 0, "hazard_class": "DRY", "road_exposure_status": "HYDRAULICALLY_EXPOSED_ROAD_SEGMENT" }, "geometry": { "type": "MultiLineString", "coordinates": [ [ [ 77.237764, 11.4961583 ], [ 77.2379932, 11.4962272 ], [ 77.2380664, 11.4962369 ], [ 77.2381781, 11.4962449 ] ] ] } },
{ "type": "Feature", "properties": { "osm_id": 1369831846, "highway": "residential", "name": "Unnamed Road", "bridge": "no", "surface": "unknown", "lanes": "unknown", "maxspeed": "unknown", "length_m": 11.111979126082581, "exposed_length_m": 6.3476325902032888, "hazard_code": 0, "hazard_class": "DRY", "road_exposure_status": "HYDRAULICALLY_EXPOSED_ROAD_SEGMENT" }, "geometry": { "type": "MultiLineString", "coordinates": [ [ [ 77.237750587951751, 11.496214117789052 ], [ 77.237764, 11.4961583 ] ] ] } },
{ "type": "Feature", "properties": { "osm_id": 1369831844, "highway": "residential", "name": "Unnamed Road", "bridge": "no", "surface": "unknown", "lanes": "unknown", "maxspeed": "unknown", "length_m": 40.414707913454791, "exposed_length_m": 4.3573771021210188, "hazard_code": 4, "hazard_class": "H4", "road_exposure_status": "HYDRAULICALLY_EXPOSED_ROAD_SEGMENT" }, "geometry": { "type": "MultiLineString", "coordinates": [ [ [ 77.2377563, 11.4966163 ], [ 77.237753453633729, 11.496577022407388 ] ] ] } },
{ "type": "Feature", "properties": { "osm_id": 211618551, "highway": "unclassified", "name": "Unnamed Road", "bridge": "no", "surface": "unknown", "lanes": "unknown", "maxspeed": "unknown", "length_m": 753.98597715117739, "exposed_length_m": 397.22195133746197, "hazard_code": 6, "hazard_class": "H6", "road_exposure_status": "HYDRAULICALLY_EXPOSED_ROAD_SEGMENT" }, "geometry": { "type": "MultiLineString", "coordinates": [ [ [ 77.233833, 11.5006476 ], [ 77.2336737, 11.5004413 ], [ 77.2336613, 11.5003062 ], [ 77.2335111, 11.5001065 ], [ 77.233467800000014, 11.4999866 ], [ 77.2334269, 11.4998736 ], [ 77.233428, 11.4996902 ], [ 77.2334301, 11.4993296 ], [ 77.2334312, 11.4991293 ], [ 77.2334358, 11.4983417 ], [ 77.233436, 11.4983087 ], [ 77.2334364, 11.4978242 ], [ 77.233436950653754, 11.497174780743938 ] ] ] } },
{ "type": "Feature", "properties": { "osm_id": 1375826249, "highway": "residential", "name": "Unnamed Road", "bridge": "no", "surface": "unknown", "lanes": "unknown", "maxspeed": "unknown", "length_m": 305.50040817373088, "exposed_length_m": 184.58731652727053, "hazard_code": 5, "hazard_class": "H5", "road_exposure_status": "HYDRAULICALLY_EXPOSED_ROAD_SEGMENT" }, "geometry": { "type": "MultiLineString", "coordinates": [ [ [ 77.2334364, 11.4978242 ], [ 77.2336831, 11.4978409 ], [ 77.234487, 11.4977942 ], [ 77.234424666263337, 11.497167206281281 ] ] ] } },
{ "type": "Feature", "properties": { "osm_id": 1375826253, "highway": "residential", "name": "Unnamed Road", "bridge": "no", "surface": "unknown", "lanes": "unknown", "maxspeed": "unknown", "length_m": 325.9964604107285, "exposed_length_m": 212.03599491216823, "hazard_code": 5, "hazard_class": "H5", "road_exposure_status": "HYDRAULICALLY_EXPOSED_ROAD_SEGMENT" }, "geometry": { "type": "MultiLineString", "coordinates": [ [ [ 77.235991114587904, 11.497155186845125 ], [ 77.2362616, 11.4983683 ], [ 77.2363703, 11.4990338 ] ] ] } },
{ "type": "Feature", "properties": { "osm_id": 1375826252, "highway": "residential", "name": "Unnamed Road", "bridge": "no", "surface": "unknown", "lanes": "unknown", "maxspeed": "unknown", "length_m": 347.15963413859413, "exposed_length_m": 225.00531438041347, "hazard_code": 5, "hazard_class": "H5", "road_exposure_status": "HYDRAULICALLY_EXPOSED_ROAD_SEGMENT" }, "geometry": { "type": "MultiLineString", "coordinates": [ [ [ 77.2359259, 11.4991633 ], [ 77.2358051, 11.4983783 ], [ 77.2356485, 11.4975839 ], [ 77.23558544340743, 11.497158300388277 ] ] ] } },
{ "type": "Feature", "properties": { "osm_id": 1375826251, "highway": "residential", "name": "Unnamed Road", "bridge": "no", "surface": "unknown", "lanes": "unknown", "maxspeed": "unknown", "length_m": 258.33869719876395, "exposed_length_m": 239.42415490486528, "hazard_code": 5, "hazard_class": "H5", "road_exposure_status": "HYDRAULICALLY_EXPOSED_ROAD_SEGMENT" }, "geometry": { "type": "MultiLineString", "coordinates": [ [ [ 77.235095656274538, 11.497162058772348 ], [ 77.2352193, 11.4979577 ], [ 77.2353964, 11.4987622 ], [ 77.2354956, 11.4992887 ] ] ] } },
{ "type": "Feature", "properties": { "osm_id": 1375826254, "highway": "residential", "name": "Unnamed Road", "bridge": "no", "surface": "unknown", "lanes": "unknown", "maxspeed": "unknown", "length_m": 191.736312733082, "exposed_length_m": 191.736312733082, "hazard_code": 5, "hazard_class": "H5", "road_exposure_status": "HYDRAULICALLY_EXPOSED_ROAD_SEGMENT" }, "geometry": { "type": "MultiLineString", "coordinates": [ [ [ 77.2370728, 11.4987516 ], [ 77.2368406, 11.4977942 ], [ 77.237583200000017, 11.4976407 ] ] ] } },
{ "type": "Feature", "properties": { "osm_id": 211618550, "highway": "residential", "name": "Unnamed Road", "bridge": "no", "surface": "unknown", "lanes": "unknown", "maxspeed": "unknown", "length_m": 405.9298366371367, "exposed_length_m": 405.9298366371367, "hazard_code": 6, "hazard_class": "H6", "road_exposure_status": "HYDRAULICALLY_EXPOSED_ROAD_SEGMENT" }, "geometry": { "type": "MultiLineString", "coordinates": [ [ [ 77.2388771, 11.5000996 ], [ 77.238736100000011, 11.4996752 ], [ 77.2383599, 11.4985169 ], [ 77.2382211, 11.4979457 ], [ 77.2380081, 11.4974555 ], [ 77.2377758, 11.4968943 ], [ 77.2377563, 11.4966163 ] ] ] } },
{ "type": "Feature", "properties": { "osm_id": 1375826248, "highway": "residential", "name": "Unnamed Road", "bridge": "no", "surface": "unknown", "lanes": "unknown", "maxspeed": "unknown", "length_m": 216.76802618560092, "exposed_length_m": 216.76802618560092, "hazard_code": 6, "hazard_class": "H6", "road_exposure_status": "HYDRAULICALLY_EXPOSED_ROAD_SEGMENT" }, "geometry": { "type": "MultiLineString", "coordinates": [ [ [ 77.2318205, 11.4995482 ], [ 77.2317143, 11.498869 ], [ 77.231653, 11.4981213 ], [ 77.2316223, 11.4976006 ] ] ] } },
{ "type": "Feature", "properties": { "osm_id": 1375826247, "highway": "residential", "name": "Unnamed Road", "bridge": "no", "surface": "unknown", "lanes": "unknown", "maxspeed": "unknown", "length_m": 152.71933807147019, "exposed_length_m": 152.71933807147019, "hazard_code": 6, "hazard_class": "H6", "road_exposure_status": "HYDRAULICALLY_EXPOSED_ROAD_SEGMENT" }, "geometry": { "type": "MultiLineString", "coordinates": [ [ [ 77.2330151, 11.4993868 ], [ 77.2330257, 11.4984184 ], [ 77.2334358, 11.4983417 ] ] ] } },
{ "type": "Feature", "properties": { "osm_id": 1375842126, "highway": "residential", "name": "Unnamed Road", "bridge": "no", "surface": "unknown", "lanes": "unknown", "maxspeed": "unknown", "length_m": 194.39245921775191, "exposed_length_m": 25.395594411488418, "hazard_code": 6, "hazard_class": "H6", "road_exposure_status": "HYDRAULICALLY_EXPOSED_ROAD_SEGMENT" }, "geometry": { "type": "MultiLineString", "coordinates": [ [ [ 77.1862207, 11.4983324 ], [ 77.186453025719516, 11.49831933409445 ] ] ] } },
{ "type": "Feature", "properties": { "osm_id": 1375842123, "highway": "residential", "name": "Unnamed Road", "bridge": "no", "surface": "unknown", "lanes": "unknown", "maxspeed": "unknown", "length_m": 104.61576193837803, "exposed_length_m": 67.635482659341335, "hazard_code": 6, "hazard_class": "H6", "road_exposure_status": "HYDRAULICALLY_EXPOSED_ROAD_SEGMENT" }, "geometry": { "type": "MultiLineString", "coordinates": [ [ [ 77.186221770481211, 11.498436713694398 ], [ 77.1862207, 11.4983324 ], [ 77.1862186, 11.4981241 ], [ 77.1862175, 11.498021 ], [ 77.1862155, 11.4978255 ] ] ] } },
{ "type": "Feature", "properties": { "osm_id": 1375842125, "highway": "residential", "name": "Unnamed Road", "bridge": "no", "surface": "unknown", "lanes": "unknown", "maxspeed": "unknown", "length_m": 170.25816094020928, "exposed_length_m": 25.462849479067362, "hazard_code": 6, "hazard_class": "H6", "road_exposure_status": "HYDRAULICALLY_EXPOSED_ROAD_SEGMENT" }, "geometry": { "type": "MultiLineString", "coordinates": [ [ [ 77.1862186, 11.4981241 ], [ 77.186451400886298, 11.498108769736115 ] ] ] } },
{ "type": "Feature", "properties": { "osm_id": 1375842122, "highway": "residential", "name": "Unnamed Road", "bridge": "no", "surface": "unknown", "lanes": "unknown", "maxspeed": "unknown", "length_m": 87.623038710310411, "exposed_length_m": 46.419792110939056, "hazard_code": 6, "hazard_class": "H6", "road_exposure_status": "HYDRAULICALLY_EXPOSED_ROAD_SEGMENT" }, "geometry": { "type": "MultiLineString", "coordinates": [ [ [ 77.185715040945013, 11.49844051651659 ], [ 77.1857241, 11.4980211 ] ] ] } },
{ "type": "Feature", "properties": { "osm_id": 1418699949, "highway": "track", "name": "Unnamed Road", "bridge": "no", "surface": "unknown", "lanes": "unknown", "maxspeed": "unknown", "length_m": 284.2729977177309, "exposed_length_m": 284.2729977177309, "hazard_code": 6, "hazard_class": "H6", "road_exposure_status": "HYDRAULICALLY_EXPOSED_ROAD_SEGMENT" }, "geometry": { "type": "MultiLineString", "coordinates": [ [ [ 77.1952581, 11.4973299 ], [ 77.1950059, 11.4976453 ], [ 77.194448, 11.4981762 ], [ 77.1941207, 11.4984232 ], [ 77.1940617, 11.4984968 ], [ 77.1940081, 11.4986493 ], [ 77.194051, 11.4990225 ], [ 77.1939491, 11.4993739 ] ] ] } },
{ "type": "Feature", "properties": { "osm_id": 1375842121, "highway": "unclassified", "name": "Unnamed Road", "bridge": "no", "surface": "unknown", "lanes": "unknown", "maxspeed": "unknown", "length_m": 251.8387687272683, "exposed_length_m": 4.3431608692287451, "hazard_code": 6, "hazard_class": "H6", "road_exposure_status": "HYDRAULICALLY_EXPOSED_ROAD_SEGMENT" }, "geometry": { "type": "MultiLineString", "coordinates": [ [ [ 77.1855007, 11.4988135 ], [ 77.18554049679986, 11.49881336497619 ] ] ] } },
{ "type": "Feature", "properties": { "osm_id": 823591859, "highway": "unclassified", "name": "Unnamed Road", "bridge": "no", "surface": "unknown", "lanes": "unknown", "maxspeed": "unknown", "length_m": 1763.8934231863341, "exposed_length_m": 1763.8934231863341, "hazard_code": 6, "hazard_class": "H6", "road_exposure_status": "HYDRAULICALLY_EXPOSED_ROAD_SEGMENT" }, "geometry": { "type": "MultiLineString", "coordinates": [ [ [ 77.2151497, 11.5027966 ], [ 77.2153432, 11.5013765 ], [ 77.2152504, 11.5004535 ], [ 77.2154505, 11.5003357 ], [ 77.2153432, 11.4991477 ], [ 77.2151608, 11.4977073 ], [ 77.2148497, 11.4968768 ], [ 77.2147569, 11.4967527 ], [ 77.2142918, 11.4967506 ], [ 77.2142311, 11.4966896 ], [ 77.2142311, 11.4962691 ], [ 77.2139629, 11.4953439 ], [ 77.2131153, 11.4955016 ], [ 77.2113665, 11.4965845 ], [ 77.2112163, 11.4967212 ], [ 77.2110018, 11.4978671 ], [ 77.2110983, 11.4983297 ], [ 77.2110661, 11.4995703 ], [ 77.21154, 11.5012797 ] ] ] } },
{ "type": "Feature", "properties": { "osm_id": 1343296907, "highway": "residential", "name": "Unnamed Road", "bridge": "no", "surface": "unknown", "lanes": "unknown", "maxspeed": "unknown", "length_m": 160.0845756038581, "exposed_length_m": 160.0845756038581, "hazard_code": 6, "hazard_class": "H6", "road_exposure_status": "HYDRAULICALLY_EXPOSED_ROAD_SEGMENT" }, "geometry": { "type": "MultiLineString", "coordinates": [ [ [ 77.2481798, 11.4950802 ], [ 77.2485162, 11.495002 ], [ 77.2492377, 11.4948344 ], [ 77.2493483, 11.4951929 ] ] ] } },
{ "type": "Feature", "properties": { "osm_id": 1343296906, "highway": "residential", "name": "Unnamed Road", "bridge": "no", "surface": "unknown", "lanes": "unknown", "maxspeed": "unknown", "length_m": 179.98575046627366, "exposed_length_m": 179.98575046627366, "hazard_code": 6, "hazard_class": "H6", "road_exposure_status": "HYDRAULICALLY_EXPOSED_ROAD_SEGMENT" }, "geometry": { "type": "MultiLineString", "coordinates": [ [ [ 77.2482425, 11.4954018 ], [ 77.2485924, 11.4953357 ], [ 77.2493483, 11.4951929 ], [ 77.2495116, 11.495162 ], [ 77.2498622, 11.4950958 ] ] ] } },
{ "type": "Feature", "properties": { "osm_id": 1343296905, "highway": "residential", "name": "Unnamed Road", "bridge": "no", "surface": "unknown", "lanes": "unknown", "maxspeed": "unknown", "length_m": 397.05193559595301, "exposed_length_m": 397.05193559595301, "hazard_code": 6, "hazard_class": "H6", "road_exposure_status": "HYDRAULICALLY_EXPOSED_ROAD_SEGMENT" }, "geometry": { "type": "MultiLineString", "coordinates": [ [ [ 77.2485438, 11.4961203 ], [ 77.2483921, 11.4960583 ], [ 77.2482425, 11.4954018 ], [ 77.2481798, 11.4950802 ], [ 77.248158, 11.4949683 ], [ 77.2481515, 11.4948663 ], [ 77.2484766, 11.4947962 ], [ 77.2491272, 11.494656 ], [ 77.2491987, 11.4947133 ], [ 77.2492377, 11.4948344 ], [ 77.2494654, 11.4948026 ], [ 77.249589, 11.4947643 ], [ 77.2498232, 11.4949811 ], [ 77.2498622, 11.4950958 ], [ 77.250036, 11.4952245 ] ] ] } },
{ "type": "Feature", "properties": { "osm_id": 1455087076, "highway": "residential", "name": "Unnamed Road", "bridge": "no", "surface": "unknown", "lanes": "unknown", "maxspeed": "unknown", "length_m": 50.974107506957061, "exposed_length_m": 50.974107506957061, "hazard_code": 6, "hazard_class": "H6", "road_exposure_status": "HYDRAULICALLY_EXPOSED_ROAD_SEGMENT" }, "geometry": { "type": "MultiLineString", "coordinates": [ [ [ 77.2495116, 11.495162 ], [ 77.2496173, 11.4956107 ] ] ] } },
{ "type": "Feature", "properties": { "osm_id": 1455087075, "highway": "residential", "name": "Unnamed Road", "bridge": "no", "surface": "unknown", "lanes": "unknown", "maxspeed": "unknown", "length_m": 143.02909914018642, "exposed_length_m": 143.02909914018642, "hazard_code": 6, "hazard_class": "H6", "road_exposure_status": "HYDRAULICALLY_EXPOSED_ROAD_SEGMENT" }, "geometry": { "type": "MultiLineString", "coordinates": [ [ [ 77.2486287, 11.4960744 ], [ 77.248624, 11.495879 ], [ 77.2486244, 11.4955546 ], [ 77.2485924, 11.4953357 ], [ 77.2485162, 11.495002 ], [ 77.2484766, 11.4947962 ] ] ] } },
{ "type": "Feature", "properties": { "osm_id": 211623133, "highway": "unclassified", "name": "Unnamed Road", "bridge": "no", "surface": "unknown", "lanes": "unknown", "maxspeed": "unknown", "length_m": 579.55231368127625, "exposed_length_m": 46.106367850246563, "hazard_code": 5, "hazard_class": "H5", "road_exposure_status": "HYDRAULICALLY_EXPOSED_ROAD_SEGMENT" }, "geometry": { "type": "MultiLineString", "coordinates": [ [ [ 77.258198544315604, 11.495176442971628 ], [ 77.2580116, 11.4948028 ] ] ] } },
{ "type": "Feature", "properties": { "osm_id": 1343296904, "highway": "unclassified", "name": "Unnamed Road", "bridge": "no", "surface": "unknown", "lanes": "unknown", "maxspeed": "unknown", "length_m": 58.361701071338558, "exposed_length_m": 58.361701071338558, "hazard_code": 6, "hazard_class": "H6", "road_exposure_status": "HYDRAULICALLY_EXPOSED_ROAD_SEGMENT" }, "geometry": { "type": "MultiLineString", "coordinates": [ [ [ 77.247393700000018, 11.4977514 ], [ 77.2478978, 11.4975754 ] ] ] } },
{ "type": "Feature", "properties": { "osm_id": 1343296902, "highway": "unclassified", "name": "Unnamed Road", "bridge": "no", "surface": "unknown", "lanes": "unknown", "maxspeed": "unknown", "length_m": 341.82596349518201, "exposed_length_m": 341.82596349518201, "hazard_code": 6, "hazard_class": "H6", "road_exposure_status": "HYDRAULICALLY_EXPOSED_ROAD_SEGMENT" }, "geometry": { "type": "MultiLineString", "coordinates": [ [ [ 77.2475122, 11.4988449 ], [ 77.2474928, 11.4984413 ], [ 77.2474595, 11.4982259 ], [ 77.247393700000018, 11.4977514 ], [ 77.2473384, 11.4973523 ], [ 77.2473904, 11.497212 ], [ 77.2474359, 11.4970782 ], [ 77.2473904, 11.4969252 ], [ 77.2474945, 11.4968423 ], [ 77.2483076, 11.4966511 ], [ 77.2484886, 11.496637 ] ] ] } },
{ "type": "Feature", "properties": { "osm_id": 1343296892, "highway": "unclassified", "name": "Unnamed Road", "bridge": "no", "surface": "unknown", "lanes": "unknown", "maxspeed": "unknown", "length_m": 657.90612758257521, "exposed_length_m": 214.67189543398774, "hazard_code": 6, "hazard_class": "H6", "road_exposure_status": "HYDRAULICALLY_EXPOSED_ROAD_SEGMENT" }, "geometry": { "type": "MultiLineString", "coordinates": [ [ [ 77.2579302705511, 11.498867116598094 ], [ 77.257773858066486, 11.498794613731235 ] ], [ [ 77.25700994349306, 11.498361637696588 ], [ 77.2563346, 11.4975134 ], [ 77.2556366, 11.4974535 ] ] ] } },
{ "type": "Feature", "properties": { "osm_id": 1343296903, "highway": "unclassified", "name": "Unnamed Road", "bridge": "no", "surface": "unknown", "lanes": "unknown", "maxspeed": "unknown", "length_m": 57.937918262181547, "exposed_length_m": 57.937918262181547, "hazard_code": 6, "hazard_class": "H6", "road_exposure_status": "HYDRAULICALLY_EXPOSED_ROAD_SEGMENT" }, "geometry": { "type": "MultiLineString", "coordinates": [ [ [ 77.2474595, 11.4982259 ], [ 77.2479802, 11.4981239 ] ] ] } },
{ "type": "Feature", "properties": { "osm_id": 1409506422, "highway": "residential", "name": "Unnamed Road", "bridge": "no", "surface": "unknown", "lanes": "unknown", "maxspeed": "unknown", "length_m": 139.10635030686944, "exposed_length_m": 86.936543783047085, "hazard_code": 0, "hazard_class": "DRY", "road_exposure_status": "HYDRAULICALLY_EXPOSED_ROAD_SEGMENT" }, "geometry": { "type": "MultiLineString", "coordinates": [ [ [ 77.2425866, 11.496388 ], [ 77.242265431099611, 11.497106959293902 ] ] ] } },
{ "type": "Feature", "properties": { "osm_id": 1409506426, "highway": "residential", "name": "Unnamed Road", "bridge": "no", "surface": "unknown", "lanes": "unknown", "maxspeed": "unknown", "length_m": 155.15503550178946, "exposed_length_m": 155.15503550178946, "hazard_code": 0, "hazard_class": "DRY", "road_exposure_status": "HYDRAULICALLY_EXPOSED_ROAD_SEGMENT" }, "geometry": { "type": "MultiLineString", "coordinates": [ [ [ 77.2428104, 11.4979192 ], [ 77.2435212, 11.4967049 ] ] ] } },
{ "type": "Feature", "properties": { "osm_id": 22837509, "highway": "trunk", "name": "Unnamed Road", "bridge": "no", "surface": "asphalt", "lanes": "2", "maxspeed": "50", "length_m": 713.88468250230164, "exposed_length_m": 601.43811429633752, "hazard_code": 2, "hazard_class": "H2", "road_exposure_status": "HYDRAULICALLY_EXPOSED_ROAD_SEGMENT" }, "geometry": { "type": "MultiLineString", "coordinates": [ [ [ 77.2381781, 11.4962449 ], [ 77.2387532, 11.496368 ], [ 77.2395987, 11.4965671 ], [ 77.2397088, 11.496607 ], [ 77.240805, 11.4969779 ], [ 77.2409146, 11.4970099 ], [ 77.2410837, 11.4970803 ], [ 77.2413576, 11.4971943 ], [ 77.241423767537768, 11.497221863281737 ] ], [ [ 77.242343683639177, 11.4976783014723 ], [ 77.2428104, 11.4979192 ], [ 77.2436773, 11.4984164 ], [ 77.2438197, 11.4985271 ], [ 77.2441363, 11.4987666 ] ] ] } },
{ "type": "Feature", "properties": { "osm_id": 1375826273, "highway": "residential", "name": "Unnamed Road", "bridge": "no", "surface": "unknown", "lanes": "unknown", "maxspeed": "unknown", "length_m": 49.646452135242399, "exposed_length_m": 49.646452135242399, "hazard_code": 4, "hazard_class": "H4", "road_exposure_status": "HYDRAULICALLY_EXPOSED_ROAD_SEGMENT" }, "geometry": { "type": "MultiLineString", "coordinates": [ [ [ 77.2404382, 11.4977372 ], [ 77.2405921, 11.4981594 ] ] ] } },
{ "type": "Feature", "properties": { "osm_id": 337239293, "highway": "residential", "name": "Unnamed Road", "bridge": "no", "surface": "unknown", "lanes": "unknown", "maxspeed": "unknown", "length_m": 524.23062103685379, "exposed_length_m": 280.86443744156861, "hazard_code": 4, "hazard_class": "H4", "road_exposure_status": "HYDRAULICALLY_EXPOSED_ROAD_SEGMENT" }, "geometry": { "type": "MultiLineString", "coordinates": [ [ [ 77.2409146, 11.4970099 ], [ 77.2409214, 11.4972395 ], [ 77.2410175, 11.4975081 ], [ 77.2411696, 11.4979373 ], [ 77.241435359957563, 11.498687290297298 ] ], [ [ 77.243271069434769, 11.499077847750808 ], [ 77.2434882, 11.4989018 ], [ 77.2438197, 11.4985271 ] ] ] } },
{ "type": "Feature", "properties": { "osm_id": 1343296901, "highway": "unclassified", "name": "Unnamed Road", "bridge": "no", "surface": "unknown", "lanes": "unknown", "maxspeed": "unknown", "length_m": 370.775164129774, "exposed_length_m": 370.775164129774, "hazard_code": 6, "hazard_class": "H6", "road_exposure_status": "HYDRAULICALLY_EXPOSED_ROAD_SEGMENT" }, "geometry": { "type": "MultiLineString", "coordinates": [ [ [ 77.2462481, 11.4986639 ], [ 77.2474928, 11.4984413 ], [ 77.2480065, 11.4983552 ], [ 77.2479802, 11.4981239 ], [ 77.2478978, 11.4975754 ], [ 77.2484637, 11.4974989 ], [ 77.2485712, 11.4977126 ] ] ] } },
{ "type": "Feature", "properties": { "osm_id": 1375826272, "highway": "residential", "name": "Unnamed Road", "bridge": "no", "surface": "unknown", "lanes": "unknown", "maxspeed": "unknown", "length_m": 143.12303145625441, "exposed_length_m": 143.12303145625441, "hazard_code": 4, "hazard_class": "H4", "road_exposure_status": "HYDRAULICALLY_EXPOSED_ROAD_SEGMENT" }, "geometry": { "type": "MultiLineString", "coordinates": [ [ [ 77.2399478, 11.4984072 ], [ 77.2405921, 11.4981594 ], [ 77.2411696, 11.4979373 ] ] ] } },
{ "type": "Feature", "properties": { "osm_id": 1369820473, "highway": "service", "name": "Unnamed Road", "bridge": "no", "surface": "unknown", "lanes": "unknown", "maxspeed": "unknown", "length_m": 167.45823595365789, "exposed_length_m": 167.45823595365789, "hazard_code": 6, "hazard_class": "H6", "road_exposure_status": "HYDRAULICALLY_EXPOSED_ROAD_SEGMENT" }, "geometry": { "type": "MultiLineString", "coordinates": [ [ [ 77.2457293, 11.4986841 ], [ 77.2457124, 11.4985632 ], [ 77.2456491, 11.498312 ], [ 77.2455765, 11.4981805 ], [ 77.2454975, 11.4980876 ], [ 77.245261, 11.4981217 ], [ 77.2447234, 11.4982501 ], [ 77.2446452, 11.498272 ] ] ] } },
{ "type": "Feature", "properties": { "osm_id": 1343296885, "highway": "unclassified", "name": "Unnamed Road", "bridge": "no", "surface": "unknown", "lanes": "unknown", "maxspeed": "unknown", "length_m": 1439.3281797824777, "exposed_length_m": 26.519672603940531, "hazard_code": 5, "hazard_class": "H5", "road_exposure_status": "HYDRAULICALLY_EXPOSED_ROAD_SEGMENT" }, "geometry": { "type": "MultiLineString", "coordinates": [ [ [ 77.2622148, 11.4922241 ], [ 77.26233350310811, 11.492433212269551 ] ] ] } },
{ "type": "Feature", "properties": { "osm_id": 1409506401, "highway": "residential", "name": "Unnamed Road", "bridge": "no", "surface": "unknown", "lanes": "unknown", "maxspeed": "unknown", "length_m": 123.7272396074666, "exposed_length_m": 123.7272396074666, "hazard_code": 6, "hazard_class": "H6", "road_exposure_status": "HYDRAULICALLY_EXPOSED_ROAD_SEGMENT" }, "geometry": { "type": "MultiLineString", "coordinates": [ [ [ 77.2481253, 11.5004128 ], [ 77.2491914, 11.5000325 ] ] ] } },
{ "type": "Feature", "properties": { "osm_id": 1409506402, "highway": "residential", "name": "Unnamed Road", "bridge": "no", "surface": "unknown", "lanes": "unknown", "maxspeed": "unknown", "length_m": 53.853111082684052, "exposed_length_m": 53.853111082684052, "hazard_code": 6, "hazard_class": "H6", "road_exposure_status": "HYDRAULICALLY_EXPOSED_ROAD_SEGMENT" }, "geometry": { "type": "MultiLineString", "coordinates": [ [ [ 77.2482182, 11.5007226 ], [ 77.2481253, 11.5004128 ], [ 77.2480783, 11.5002559 ] ] ] } },
{ "type": "Feature", "properties": { "osm_id": 1409506404, "highway": "residential", "name": "Unnamed Road", "bridge": "no", "surface": "unknown", "lanes": "unknown", "maxspeed": "unknown", "length_m": 357.4888044206395, "exposed_length_m": 357.4888044206395, "hazard_code": 6, "hazard_class": "H6", "road_exposure_status": "HYDRAULICALLY_EXPOSED_ROAD_SEGMENT" }, "geometry": { "type": "MultiLineString", "coordinates": [ [ [ 77.2492826, 11.5003847 ], [ 77.2486331, 11.5005908 ], [ 77.2482182, 11.5007226 ], [ 77.24814, 11.5007474 ], [ 77.2476957, 11.5009063 ], [ 77.2474641, 11.5009892 ], [ 77.2467506, 11.5011311 ], [ 77.2467184, 11.5011365 ], [ 77.2461309, 11.5012341 ] ] ] } },
{ "type": "Feature", "properties": { "osm_id": 1343296896, "highway": "residential", "name": "Unnamed Road", "bridge": "no", "surface": "unknown", "lanes": "unknown", "maxspeed": "unknown", "length_m": 209.4849421015229, "exposed_length_m": 209.4849421015229, "hazard_code": 6, "hazard_class": "H6", "road_exposure_status": "HYDRAULICALLY_EXPOSED_ROAD_SEGMENT" }, "geometry": { "type": "MultiLineString", "coordinates": [ [ [ 77.2545466, 11.5004213 ], [ 77.255502, 11.5003372 ], [ 77.255515, 11.5005411 ], [ 77.2553915, 11.500675 ], [ 77.2555281, 11.5009363 ], [ 77.2555216, 11.501204 ] ] ] } },
{ "type": "Feature", "properties": { "osm_id": 1343296898, "highway": "residential", "name": "Unnamed Road", "bridge": "no", "surface": "unknown", "lanes": "unknown", "maxspeed": "unknown", "length_m": 177.73432777363837, "exposed_length_m": 177.73432777363837, "hazard_code": 5, "hazard_class": "H5", "road_exposure_status": "HYDRAULICALLY_EXPOSED_ROAD_SEGMENT" }, "geometry": { "type": "MultiLineString", "coordinates": [ [ [ 77.2566832, 11.5016777 ], [ 77.2567433, 11.5015499 ], [ 77.2566723, 11.5010886 ], [ 77.2565789, 11.5008836 ], [ 77.2564743, 11.500792 ], [ 77.25632490000001, 11.5001733 ] ] ] } },
{ "type": "Feature", "properties": { "osm_id": 1409506399, "highway": "residential", "name": "Unnamed Road", "bridge": "no", "surface": "unknown", "lanes": "unknown", "maxspeed": "unknown", "length_m": 97.18023297696007, "exposed_length_m": 97.18023297696007, "hazard_code": 6, "hazard_class": "H6", "road_exposure_status": "HYDRAULICALLY_EXPOSED_ROAD_SEGMENT" }, "geometry": { "type": "MultiLineString", "coordinates": [ [ [ 77.2486331, 11.5005908 ], [ 77.248773, 11.5012993 ], [ 77.2488266, 11.5014465 ] ] ] } },
{ "type": "Feature", "properties": { "osm_id": 1409506400, "highway": "residential", "name": "Unnamed Road", "bridge": "no", "surface": "unknown", "lanes": "unknown", "maxspeed": "unknown", "length_m": 90.430761593061021, "exposed_length_m": 90.430761593061021, "hazard_code": 6, "hazard_class": "H6", "road_exposure_status": "HYDRAULICALLY_EXPOSED_ROAD_SEGMENT" }, "geometry": { "type": "MultiLineString", "coordinates": [ [ [ 77.2476957, 11.5009063 ], [ 77.2479764, 11.5016752 ] ] ] } },
{ "type": "Feature", "properties": { "osm_id": 1369820474, "highway": "primary_link", "name": "Unnamed Road", "bridge": "no", "surface": "unknown", "lanes": "unknown", "maxspeed": "unknown", "length_m": 9.0013739331559393, "exposed_length_m": 9.0013739331559393, "hazard_code": 5, "hazard_class": "H5", "road_exposure_status": "HYDRAULICALLY_EXPOSED_ROAD_SEGMENT" }, "geometry": { "type": "MultiLineString", "coordinates": [ [ [ 77.2448181, 11.4985672 ], [ 77.2447385, 11.4985885 ] ] ] } },
{ "type": "Feature", "properties": { "osm_id": 1409506423, "highway": "residential", "name": "Unnamed Road", "bridge": "no", "surface": "unknown", "lanes": "unknown", "maxspeed": "unknown", "length_m": 129.47181997556285, "exposed_length_m": 32.902994241743613, "hazard_code": 0, "hazard_class": "DRY", "road_exposure_status": "HYDRAULICALLY_EXPOSED_ROAD_SEGMENT" }, "geometry": { "type": "MultiLineString", "coordinates": [ [ [ 77.242351709345158, 11.498692414435782 ], [ 77.2426522, 11.4986683 ] ] ] } },
{ "type": "Feature", "properties": { "osm_id": 1119796340, "highway": "service", "name": "Unnamed Road", "bridge": "no", "surface": "unknown", "lanes": "unknown", "maxspeed": "unknown", "length_m": 216.27246282375492, "exposed_length_m": 216.27246282375492, "hazard_code": 6, "hazard_class": "H6", "road_exposure_status": "HYDRAULICALLY_EXPOSED_ROAD_SEGMENT" }, "geometry": { "type": "MultiLineString", "coordinates": [ [ [ 77.246449, 11.4991422 ], [ 77.2462481, 11.4986639 ], [ 77.2461786, 11.4986124 ], [ 77.2457293, 11.4986841 ], [ 77.24565, 11.4987013 ], [ 77.2455612, 11.4987261 ], [ 77.2449306, 11.4988918 ], [ 77.2448432, 11.498906 ] ] ] } },
{ "type": "Feature", "properties": { "osm_id": 1375826274, "highway": "residential", "name": "Unnamed Road", "bridge": "no", "surface": "unknown", "lanes": "unknown", "maxspeed": "unknown", "length_m": 197.63909404550452, "exposed_length_m": 177.4155130744499, "hazard_code": 6, "hazard_class": "H6", "road_exposure_status": "HYDRAULICALLY_EXPOSED_ROAD_SEGMENT" }, "geometry": { "type": "MultiLineString", "coordinates": [ [ [ 77.241439369160062, 11.499194057255039 ], [ 77.2406707, 11.4993657 ], [ 77.2404626, 11.4985656 ] ] ] } },
{ "type": "Feature", "properties": { "osm_id": 1369830105, "highway": "trunk_link", "name": "Unnamed Road", "bridge": "no", "surface": "unknown", "lanes": "unknown", "maxspeed": "unknown", "length_m": 29.704024901925298, "exposed_length_m": 29.704024901925298, "hazard_code": 6, "hazard_class": "H6", "road_exposure_status": "HYDRAULICALLY_EXPOSED_ROAD_SEGMENT" }, "geometry": { "type": "MultiLineString", "coordinates": [ [ [ 77.2450415, 11.499253 ], [ 77.2449709, 11.4992844 ], [ 77.2448912, 11.4993223 ], [ 77.244793, 11.4993623 ] ] ] } },
{ "type": "Feature", "properties": { "osm_id": 1369830104, "highway": "residential", "name": "Unnamed Road", "bridge": "no", "surface": "unknown", "lanes": "unknown", "maxspeed": "unknown", "length_m": 26.668404197596246, "exposed_length_m": 26.668404197596246, "hazard_code": 6, "hazard_class": "H6", "road_exposure_status": "HYDRAULICALLY_EXPOSED_ROAD_SEGMENT" }, "geometry": { "type": "MultiLineString", "coordinates": [ [ [ 77.244834, 11.4993956 ], [ 77.244932, 11.4993559 ], [ 77.244989, 11.4993314 ], [ 77.2450575, 11.4992984 ] ] ] } },
{ "type": "Feature", "properties": { "osm_id": 1119796565, "highway": "unclassified", "name": "Unnamed Road", "bridge": "no", "surface": "unknown", "lanes": "unknown", "maxspeed": "unknown", "length_m": 110.25475361369169, "exposed_length_m": 110.25475361369169, "hazard_code": 6, "hazard_class": "H6", "road_exposure_status": "HYDRAULICALLY_EXPOSED_ROAD_SEGMENT" }, "geometry": { "type": "MultiLineString", "coordinates": [ [ [ 77.2452246, 11.4996558 ], [ 77.2461299, 11.4992136 ] ] ] } },
{ "type": "Feature", "properties": { "osm_id": 991402076, "highway": "residential", "name": "Unnamed Road", "bridge": "no", "surface": "unknown", "lanes": "unknown", "maxspeed": "unknown", "length_m": 623.29602843542693, "exposed_length_m": 591.52273894236714, "hazard_code": 6, "hazard_class": "H6", "road_exposure_status": "HYDRAULICALLY_EXPOSED_ROAD_SEGMENT" }, "geometry": { "type": "MultiLineString", "coordinates": [ [ [ 77.2459004, 11.5007205 ], [ 77.2458009, 11.5007526 ], [ 77.245398, 11.5008201 ], [ 77.2443641, 11.5008654 ], [ 77.243736400000017, 11.5008771 ], [ 77.2434135, 11.5008741 ], [ 77.2431602, 11.5008638 ], [ 77.2431905, 11.5006901 ], [ 77.2432026, 11.5006152 ], [ 77.2432067, 11.5005111 ], [ 77.2431536, 11.500118 ], [ 77.243094543447413, 11.499811760839147 ] ], [ [ 77.243275959346377, 11.49969540610625 ], [ 77.2436192, 11.4996461 ], [ 77.2440909, 11.4995552 ], [ 77.24471410000001, 11.4994165 ], [ 77.244834, 11.4993956 ] ] ] } },
{ "type": "Feature", "properties": { "osm_id": 1369830100, "highway": "trunk", "name": "Unnamed Road", "bridge": "no", "surface": "asphalt", "lanes": "2", "maxspeed": "50", "length_m": 528.53951928845891, "exposed_length_m": 528.53951928845891, "hazard_code": 6, "hazard_class": "H6", "road_exposure_status": "HYDRAULICALLY_EXPOSED_ROAD_SEGMENT" }, "geometry": { "type": "MultiLineString", "coordinates": [ [ [ 77.2441363, 11.4987666 ], [ 77.244247, 11.4989114 ], [ 77.2443978, 11.4990296 ], [ 77.2444352, 11.4990589 ], [ 77.244690800000015, 11.4992793 ], [ 77.244793, 11.4993623 ], [ 77.244834, 11.4993956 ], [ 77.244968900000018, 11.4995052 ], [ 77.2450333, 11.4995737 ], [ 77.245179, 11.4997288 ], [ 77.2453616, 11.499949 ], [ 77.2455335, 11.5002155 ], [ 77.2455512, 11.5002497 ], [ 77.245710300000013, 11.5005566 ], [ 77.2458009, 11.5007526 ], [ 77.2458561, 11.5008718 ], [ 77.2459847, 11.5011279 ], [ 77.2460399, 11.5012708 ], [ 77.246068, 11.5013436 ], [ 77.2461207, 11.5015053 ], [ 77.2461241, 11.5016441 ], [ 77.2461173, 11.5017317 ], [ 77.2460409, 11.5020799 ], [ 77.2459771, 11.5022737 ], [ 77.2458991, 11.502506 ], [ 77.2457758, 11.5027968 ] ] ] } },
{ "type": "Feature", "properties": { "osm_id": 1369830103, "highway": "trunk", "name": "Unnamed Road", "bridge": "no", "surface": "asphalt", "lanes": "2", "maxspeed": "50", "length_m": 542.5679419586379, "exposed_length_m": 542.5679419586379, "hazard_code": 6, "hazard_class": "H6", "road_exposure_status": "HYDRAULICALLY_EXPOSED_ROAD_SEGMENT" }, "geometry": { "type": "MultiLineString", "coordinates": [ [ [ 77.2458727, 11.5028414 ], [ 77.246012900000011, 11.5025178 ], [ 77.2460875, 11.5022945 ], [ 77.2461256, 11.5021246 ], [ 77.2461749, 11.5019232 ], [ 77.2462118, 11.5017114 ], [ 77.2462143, 11.5016443 ], [ 77.2462162, 11.5015934 ], [ 77.2462005, 11.5014867 ], [ 77.2461634, 11.5013105 ], [ 77.2461309, 11.5012341 ], [ 77.2460935, 11.5011464 ], [ 77.2459004, 11.5007205 ], [ 77.245643, 11.5002026 ], [ 77.2452246, 11.4996558 ], [ 77.2450994, 11.4995166 ], [ 77.2450306, 11.49944 ], [ 77.2450202, 11.4994285 ], [ 77.244932, 11.4993559 ], [ 77.2448912, 11.4993223 ], [ 77.2448746, 11.4993087 ], [ 77.2443234, 11.4988377 ], [ 77.2441363, 11.4987666 ] ] ] } },
{ "type": "Feature", "properties": { "osm_id": 634000781, "highway": "primary", "name": "Sathy - Athani - Bhavani Road", "bridge": "no", "surface": "unknown", "lanes": "unknown", "maxspeed": "unknown", "length_m": 5860.2143311250838, "exposed_length_m": 1626.7856740439493, "hazard_code": 6, "hazard_class": "H6", "road_exposure_status": "HYDRAULICALLY_EXPOSED_ROAD_SEGMENT" }, "geometry": { "type": "MultiLineString", "coordinates": [ [ [ 77.2455465, 11.5042496 ], [ 77.245719, 11.5043727 ], [ 77.2458391, 11.504438 ], [ 77.2460017, 11.5045566 ], [ 77.246045, 11.504705 ], [ 77.2460859, 11.5049216 ], [ 77.2462468, 11.5054262 ], [ 77.2462699, 11.5054945 ], [ 77.246794, 11.5070453 ], [ 77.2471233, 11.5076502 ], [ 77.2479438, 11.5077246 ], [ 77.2493371, 11.5075432 ], [ 77.2501304, 11.5074399 ], [ 77.2540807, 11.5069256 ], [ 77.2564008, 11.5064324 ], [ 77.257987893140552, 11.506095028346145 ] ] ] } },
{ "type": "Feature", "properties": { "osm_id": 1343296897, "highway": "residential", "name": "Unnamed Road", "bridge": "no", "surface": "unknown", "lanes": "unknown", "maxspeed": "unknown", "length_m": 102.12643856507191, "exposed_length_m": 76.204319007216668, "hazard_code": 5, "hazard_class": "H5", "road_exposure_status": "HYDRAULICALLY_EXPOSED_ROAD_SEGMENT" }, "geometry": { "type": "MultiLineString", "coordinates": [ [ [ 77.2563671, 11.5017449 ], [ 77.2565341, 11.5016634 ], [ 77.2566832, 11.5016777 ], [ 77.2567246, 11.5016817 ], [ 77.257035791785839, 11.501605998623706 ] ] ] } },
{ "type": "Feature", "properties": { "osm_id": 1343296893, "highway": "residential", "name": "Unnamed Road", "bridge": "no", "surface": "unknown", "lanes": "unknown", "maxspeed": "unknown", "length_m": 389.51702391155555, "exposed_length_m": 364.87720098708587, "hazard_code": 5, "hazard_class": "H5", "road_exposure_status": "HYDRAULICALLY_EXPOSED_ROAD_SEGMENT" }, "geometry": { "type": "MultiLineString", "coordinates": [ [ [ 77.2542662, 11.50104 ], [ 77.2544465, 11.5011067 ], [ 77.2549686, 11.5012997 ], [ 77.2550774, 11.5012738 ], [ 77.2551833, 11.5012487 ], [ 77.255385, 11.5012295 ], [ 77.2555216, 11.501204 ], [ 77.2555931, 11.5012487 ], [ 77.2557232, 11.5014335 ], [ 77.2557882, 11.5015546 ], [ 77.2558598, 11.5017203 ], [ 77.2560354, 11.5017522 ], [ 77.2562696, 11.5016885 ], [ 77.2563671, 11.5017449 ], [ 77.2564127, 11.5017713 ], [ 77.257041112317353, 11.502273686350218 ] ] ] } },
{ "type": "Feature", "properties": { "osm_id": 1343296895, "highway": "residential", "name": "Unnamed Road", "bridge": "no", "surface": "unknown", "lanes": "unknown", "maxspeed": "unknown", "length_m": 230.62848893413113, "exposed_length_m": 212.46393692180681, "hazard_code": 3, "hazard_class": "H3", "road_exposure_status": "HYDRAULICALLY_EXPOSED_ROAD_SEGMENT" }, "geometry": { "type": "MultiLineString", "coordinates": [ [ [ 77.2550774, 11.5012738 ], [ 77.2552549, 11.5021092 ], [ 77.255632100000014, 11.5021219 ], [ 77.2558273, 11.5021729 ], [ 77.2559379, 11.5022749 ], [ 77.256107, 11.5023514 ], [ 77.256255490483198, 11.50242126176436 ] ] ] } },
{ "type": "Feature", "properties": { "osm_id": 1343296899, "highway": "residential", "name": "Unnamed Road", "bridge": "no", "surface": "unknown", "lanes": "unknown", "maxspeed": "unknown", "length_m": 54.117251866650342, "exposed_length_m": 54.117251866650342, "hazard_code": 3, "hazard_class": "H3", "road_exposure_status": "HYDRAULICALLY_EXPOSED_ROAD_SEGMENT" }, "geometry": { "type": "MultiLineString", "coordinates": [ [ [ 77.2558273, 11.5021729 ], [ 77.2557906, 11.5019745 ], [ 77.2557757, 11.5018098 ], [ 77.2558598, 11.5017203 ] ] ] } },
{ "type": "Feature", "properties": { "osm_id": 1343296894, "highway": "residential", "name": "Unnamed Road", "bridge": "no", "surface": "unknown", "lanes": "unknown", "maxspeed": "unknown", "length_m": 211.17317583336398, "exposed_length_m": 211.17317583336398, "hazard_code": 6, "hazard_class": "H6", "road_exposure_status": "HYDRAULICALLY_EXPOSED_ROAD_SEGMENT" }, "geometry": { "type": "MultiLineString", "coordinates": [ [ [ 77.2549795, 11.5029238 ], [ 77.2547085, 11.5022048 ], [ 77.2546434, 11.5019817 ], [ 77.2546434, 11.5018096 ], [ 77.2544678, 11.5013761 ], [ 77.2544465, 11.5011067 ] ] ] } },
{ "type": "Feature", "properties": { "osm_id": 1343268260, "highway": "residential", "name": "Unnamed Road", "bridge": "no", "surface": "unknown", "lanes": "unknown", "maxspeed": "unknown", "length_m": 338.39797843058233, "exposed_length_m": 338.39797843058233, "hazard_code": 6, "hazard_class": "H6", "road_exposure_status": "HYDRAULICALLY_EXPOSED_ROAD_SEGMENT" }, "geometry": { "type": "MultiLineString", "coordinates": [ [ [ 77.2496555, 11.5047076 ], [ 77.2501304, 11.5045929 ], [ 77.2500068, 11.5041722 ], [ 77.2499808, 11.503981 ], [ 77.2499808, 11.5037897 ], [ 77.2501304, 11.5036941 ], [ 77.2500914, 11.5034328 ], [ 77.2501564, 11.5030567 ], [ 77.2504881, 11.5030695 ], [ 77.2510606, 11.5028527 ] ] ] } },
{ "type": "Feature", "properties": { "osm_id": 1375826244, "highway": "residential", "name": "Unnamed Road", "bridge": "no", "surface": "unknown", "lanes": "unknown", "maxspeed": "unknown", "length_m": 82.652661075900795, "exposed_length_m": 82.652661075900795, "hazard_code": 6, "hazard_class": "H6", "road_exposure_status": "HYDRAULICALLY_EXPOSED_ROAD_SEGMENT" }, "geometry": { "type": "MultiLineString", "coordinates": [ [ [ 77.2334312, 11.4991293 ], [ 77.2341838, 11.4990459 ] ] ] } },
{ "type": "Feature", "properties": { "osm_id": 1375826243, "highway": "residential", "name": "Unnamed Road", "bridge": "no", "surface": "unknown", "lanes": "unknown", "maxspeed": "unknown", "length_m": 121.09241571822038, "exposed_length_m": 121.09241571822038, "hazard_code": 6, "hazard_class": "H6", "road_exposure_status": "HYDRAULICALLY_EXPOSED_ROAD_SEGMENT" }, "geometry": { "type": "MultiLineString", "coordinates": [ [ [ 77.2323312, 11.4994809 ], [ 77.2330151, 11.4993868 ], [ 77.2334301, 11.4993296 ] ] ] } },
{ "type": "Feature", "properties": { "osm_id": 1375826245, "highway": "residential", "name": "Unnamed Road", "bridge": "no", "surface": "unknown", "lanes": "unknown", "maxspeed": "unknown", "length_m": 65.70927793220774, "exposed_length_m": 65.70927793220774, "hazard_code": 6, "hazard_class": "H6", "road_exposure_status": "HYDRAULICALLY_EXPOSED_ROAD_SEGMENT" }, "geometry": { "type": "MultiLineString", "coordinates": [ [ [ 77.233428, 11.4996902 ], [ 77.2340169, 11.4995666 ] ] ] } },
{ "type": "Feature", "properties": { "osm_id": 1375826246, "highway": "residential", "name": "Unnamed Road", "bridge": "no", "surface": "unknown", "lanes": "unknown", "maxspeed": "unknown", "length_m": 70.19764851200226, "exposed_length_m": 70.19764851200226, "hazard_code": 6, "hazard_class": "H6", "road_exposure_status": "HYDRAULICALLY_EXPOSED_ROAD_SEGMENT" }, "geometry": { "type": "MultiLineString", "coordinates": [ [ [ 77.2334269, 11.4998736 ], [ 77.234051, 11.4997201 ] ] ] } },
{ "type": "Feature", "properties": { "osm_id": 1375826242, "highway": "residential", "name": "Unnamed Road", "bridge": "no", "surface": "unknown", "lanes": "unknown", "maxspeed": "unknown", "length_m": 172.40901851105554, "exposed_length_m": 172.40901851105554, "hazard_code": 6, "hazard_class": "H6", "road_exposure_status": "HYDRAULICALLY_EXPOSED_ROAD_SEGMENT" }, "geometry": { "type": "MultiLineString", "coordinates": [ [ [ 77.231867200000011, 11.4999304 ], [ 77.2323409, 11.4998502 ], [ 77.233428, 11.4996902 ] ] ] } },
{ "type": "Feature", "properties": { "osm_id": 1375826240, "highway": "residential", "name": "Unnamed Road", "bridge": "no", "surface": "unknown", "lanes": "unknown", "maxspeed": "unknown", "length_m": 235.05708904180008, "exposed_length_m": 235.05708904180008, "hazard_code": 6, "hazard_class": "H6", "road_exposure_status": "HYDRAULICALLY_EXPOSED_ROAD_SEGMENT" }, "geometry": { "type": "MultiLineString", "coordinates": [ [ [ 77.2323578, 11.5004952 ], [ 77.232348, 11.500121 ], [ 77.2323409, 11.4998502 ], [ 77.2323312, 11.4994809 ], [ 77.2318205, 11.4995482 ], [ 77.231867200000011, 11.4999304 ], [ 77.2318935, 11.5001453 ] ] ] } },
{ "type": "Feature", "properties": { "osm_id": 1375826241, "highway": "residential", "name": "Unnamed Road", "bridge": "no", "surface": "unknown", "lanes": "unknown", "maxspeed": "unknown", "length_m": 123.11169974818, "exposed_length_m": 123.11169974818, "hazard_code": 6, "hazard_class": "H6", "road_exposure_status": "HYDRAULICALLY_EXPOSED_ROAD_SEGMENT" }, "geometry": { "type": "MultiLineString", "coordinates": [ [ [ 77.232348, 11.500121 ], [ 77.233467800000014, 11.4999866 ] ] ] } },
{ "type": "Feature", "properties": { "osm_id": 1375826234, "highway": "residential", "name": "Unnamed Road", "bridge": "no", "surface": "unknown", "lanes": "unknown", "maxspeed": "unknown", "length_m": 211.83369383544832, "exposed_length_m": 211.83369383544832, "hazard_code": 6, "hazard_class": "H6", "road_exposure_status": "HYDRAULICALLY_EXPOSED_ROAD_SEGMENT" }, "geometry": { "type": "MultiLineString", "coordinates": [ [ [ 77.2313032, 11.5007932 ], [ 77.2314553, 11.5011707 ], [ 77.2315857, 11.5014942 ], [ 77.2317076, 11.5017968 ], [ 77.2318333, 11.5021086 ], [ 77.2319585, 11.5024194 ], [ 77.2320201, 11.5025722 ] ] ] } },
{ "type": "Feature", "properties": { "osm_id": 1375826236, "highway": "residential", "name": "Unnamed Road", "bridge": "no", "surface": "unknown", "lanes": "unknown", "maxspeed": "unknown", "length_m": 94.481910235152156, "exposed_length_m": 94.481910235152156, "hazard_code": 6, "hazard_class": "H6", "road_exposure_status": "HYDRAULICALLY_EXPOSED_ROAD_SEGMENT" }, "geometry": { "type": "MultiLineString", "coordinates": [ [ [ 77.2311992, 11.5023519 ], [ 77.2318333, 11.5021086 ], [ 77.2319997, 11.5020281 ] ] ] } },
{ "type": "Feature", "properties": { "osm_id": 1375826235, "highway": "residential", "name": "Unnamed Road", "bridge": "no", "surface": "unknown", "lanes": "unknown", "maxspeed": "unknown", "length_m": 94.123175638231316, "exposed_length_m": 94.123175638231316, "hazard_code": 6, "hazard_class": "H6", "road_exposure_status": "HYDRAULICALLY_EXPOSED_ROAD_SEGMENT" }, "geometry": { "type": "MultiLineString", "coordinates": [ [ [ 77.2313423, 11.5026423 ], [ 77.2319585, 11.5024194 ], [ 77.2321393, 11.5023218 ] ] ] } },
{ "type": "Feature", "properties": { "osm_id": 1409506405, "highway": "residential", "name": "Unnamed Road", "bridge": "no", "surface": "unknown", "lanes": "unknown", "maxspeed": "unknown", "length_m": 87.871698700549587, "exposed_length_m": 87.871698700549587, "hazard_code": 6, "hazard_class": "H6", "road_exposure_status": "HYDRAULICALLY_EXPOSED_ROAD_SEGMENT" }, "geometry": { "type": "MultiLineString", "coordinates": [ [ [ 77.2431602, 11.5008638 ], [ 77.2430652, 11.5010891 ], [ 77.2429794, 11.5013677 ], [ 77.2429204, 11.50162 ] ] ] } },
{ "type": "Feature", "properties": { "osm_id": 1369830102, "highway": "trunk_link", "name": "Unnamed Road", "bridge": "no", "surface": "unknown", "lanes": "unknown", "maxspeed": "unknown", "length_m": 10.729628667592376, "exposed_length_m": 10.729628667592376, "hazard_code": 6, "hazard_class": "H6", "road_exposure_status": "HYDRAULICALLY_EXPOSED_ROAD_SEGMENT" }, "geometry": { "type": "MultiLineString", "coordinates": [ [ [ 77.2461309, 11.5012341 ], [ 77.2460399, 11.5012708 ] ] ] } },
{ "type": "Feature", "properties": { "osm_id": 1369830101, "highway": "trunk_link", "name": "Unnamed Road", "bridge": "no", "surface": "unknown", "lanes": "unknown", "maxspeed": "unknown", "length_m": 9.8440922872833667, "exposed_length_m": 9.8440922872833667, "hazard_code": 6, "hazard_class": "H6", "road_exposure_status": "HYDRAULICALLY_EXPOSED_ROAD_SEGMENT" }, "geometry": { "type": "MultiLineString", "coordinates": [ [ [ 77.2462143, 11.5016443 ], [ 77.2461241, 11.5016441 ] ] ] } },
{ "type": "Feature", "properties": { "osm_id": 1409506403, "highway": "residential", "name": "Unnamed Road", "bridge": "no", "surface": "unknown", "lanes": "unknown", "maxspeed": "unknown", "length_m": 120.33748866746016, "exposed_length_m": 120.33748866746016, "hazard_code": 6, "hazard_class": "H6", "road_exposure_status": "HYDRAULICALLY_EXPOSED_ROAD_SEGMENT" }, "geometry": { "type": "MultiLineString", "coordinates": [ [ [ 77.2467184, 11.5011365 ], [ 77.2469571, 11.5021982 ] ] ] } },
{ "type": "Feature", "properties": { "osm_id": 1343268236, "highway": "unclassified", "name": "Unnamed Road", "bridge": "no", "surface": "unknown", "lanes": "unknown", "maxspeed": "unknown", "length_m": 169.08718288851011, "exposed_length_m": 169.08718288851011, "hazard_code": 6, "hazard_class": "H6", "road_exposure_status": "HYDRAULICALLY_EXPOSED_ROAD_SEGMENT" }, "geometry": { "type": "MultiLineString", "coordinates": [ [ [ 77.239498, 11.503021 ], [ 77.2394606, 11.5014934 ] ] ] } },
{ "type": "Feature", "properties": { "osm_id": 1343268231, "highway": "unclassified", "name": "Unnamed Road", "bridge": "no", "surface": "unknown", "lanes": "unknown", "maxspeed": "unknown", "length_m": 187.43041716352582, "exposed_length_m": 187.43041716352582, "hazard_code": 6, "hazard_class": "H6", "road_exposure_status": "HYDRAULICALLY_EXPOSED_ROAD_SEGMENT" }, "geometry": { "type": "MultiLineString", "coordinates": [ [ [ 77.2390982, 11.5032104 ], [ 77.2390683, 11.5030384 ], [ 77.2390684, 11.5030055 ], [ 77.2390694, 11.5025807 ], [ 77.239072, 11.5015191 ] ] ] } },
{ "type": "Feature", "properties": { "osm_id": 1343268232, "highway": "unclassified", "name": "Unnamed Road", "bridge": "no", "surface": "unknown", "lanes": "unknown", "maxspeed": "unknown", "length_m": 255.42237548768475, "exposed_length_m": 255.42237548768475, "hazard_code": 6, "hazard_class": "H6", "road_exposure_status": "HYDRAULICALLY_EXPOSED_ROAD_SEGMENT" }, "geometry": { "type": "MultiLineString", "coordinates": [ [ [ 77.239034700000019, 11.5016582 ], [ 77.2385639, 11.5017241 ], [ 77.2384593, 11.5017936 ], [ 77.2381978, 11.5018705 ], [ 77.2384668, 11.5023391 ], [ 77.2385122, 11.502618 ], [ 77.2386126, 11.5032349 ] ] ] } },
{ "type": "Feature", "properties": { "osm_id": 1343268235, "highway": "unclassified", "name": "Unnamed Road", "bridge": "no", "surface": "unknown", "lanes": "unknown", "maxspeed": "unknown", "length_m": 120.88021373733775, "exposed_length_m": 120.88021373733775, "hazard_code": 6, "hazard_class": "H6", "road_exposure_status": "HYDRAULICALLY_EXPOSED_ROAD_SEGMENT" }, "geometry": { "type": "MultiLineString", "coordinates": [ [ [ 77.2401854, 11.5030457 ], [ 77.2402414, 11.5019547 ] ] ] } },
{ "type": "Feature", "properties": { "osm_id": 1343268234, "highway": "unclassified", "name": "Unnamed Road", "bridge": "no", "surface": "unknown", "lanes": "unknown", "maxspeed": "unknown", "length_m": 154.31348742608901, "exposed_length_m": 154.31348742608901, "hazard_code": 6, "hazard_class": "H6", "road_exposure_status": "HYDRAULICALLY_EXPOSED_ROAD_SEGMENT" }, "geometry": { "type": "MultiLineString", "coordinates": [ [ [ 77.2390684, 11.5030055 ], [ 77.239498, 11.503021 ], [ 77.2401854, 11.5030457 ], [ 77.240251, 11.5033306 ] ] ] } },
{ "type": "Feature", "properties": { "osm_id": 1369830099, "highway": "trunk", "name": "Unnamed Road", "bridge": "yes", "surface": "unknown", "lanes": "2", "maxspeed": "50", "length_m": 109.27996791077952, "exposed_length_m": 109.27996791077952, "hazard_code": 6, "hazard_class": "H6", "road_exposure_status": "HYDRAULICALLY_EXPOSED_ROAD_SEGMENT" }, "geometry": { "type": "MultiLineString", "coordinates": [ [ [ 77.2457758, 11.5027968 ], [ 77.2453672, 11.5036984 ] ] ] } },
{ "type": "Feature", "properties": { "osm_id": 1343268233, "highway": "unclassified", "name": "Unnamed Road", "bridge": "no", "surface": "unknown", "lanes": "unknown", "maxspeed": "unknown", "length_m": 173.0153734461519, "exposed_length_m": 173.0153734461519, "hazard_code": 6, "hazard_class": "H6", "road_exposure_status": "HYDRAULICALLY_EXPOSED_ROAD_SEGMENT" }, "geometry": { "type": "MultiLineString", "coordinates": [ [ [ 77.2374974, 11.5027727 ], [ 77.2385122, 11.502618 ], [ 77.2390694, 11.5025807 ] ] ] } },
{ "type": "Feature", "properties": { "osm_id": 1343268229, "highway": "unclassified", "name": "Unnamed Road", "bridge": "no", "surface": "unknown", "lanes": "unknown", "maxspeed": "unknown", "length_m": 145.67231903604963, "exposed_length_m": 145.67231903604963, "hazard_code": 6, "hazard_class": "H6", "road_exposure_status": "HYDRAULICALLY_EXPOSED_ROAD_SEGMENT" }, "geometry": { "type": "MultiLineString", "coordinates": [ [ [ 77.237689, 11.5034645 ], [ 77.2376449, 11.5032837 ], [ 77.2374974, 11.5027727 ], [ 77.2373311, 11.5021964 ] ] ] } },
{ "type": "Feature", "properties": { "osm_id": 1343268228, "highway": "unclassified", "name": "Unnamed Road", "bridge": "no", "surface": "unknown", "lanes": "unknown", "maxspeed": "unknown", "length_m": 224.99108617120186, "exposed_length_m": 224.99108617120186, "hazard_code": 6, "hazard_class": "H6", "road_exposure_status": "HYDRAULICALLY_EXPOSED_ROAD_SEGMENT" }, "geometry": { "type": "MultiLineString", "coordinates": [ [ [ 77.236935, 11.5035802 ], [ 77.236695900000015, 11.5031189 ], [ 77.236539, 11.5028993 ], [ 77.2365278, 11.5027748 ], [ 77.2365614, 11.5026613 ], [ 77.2366474, 11.5025588 ], [ 77.2367931, 11.5025112 ], [ 77.2369836, 11.5025405 ], [ 77.2370509, 11.5026576 ], [ 77.2371629, 11.5027821 ], [ 77.237219, 11.5028627 ], [ 77.2372675, 11.5029835 ] ] ] } },
{ "type": "Feature", "properties": { "osm_id": 1343268230, "highway": "unclassified", "name": "Unnamed Road", "bridge": "no", "surface": "unknown", "lanes": "unknown", "maxspeed": "unknown", "length_m": 191.00017940776388, "exposed_length_m": 191.00017940776388, "hazard_code": 6, "hazard_class": "H6", "road_exposure_status": "HYDRAULICALLY_EXPOSED_ROAD_SEGMENT" }, "geometry": { "type": "MultiLineString", "coordinates": [ [ [ 77.2376449, 11.5032837 ], [ 77.2386126, 11.5032349 ], [ 77.2390982, 11.5032104 ], [ 77.239105, 11.5035012 ] ] ] } },
{ "type": "Feature", "properties": { "osm_id": 1343268224, "highway": "unclassified", "name": "Unnamed Road", "bridge": "no", "surface": "unknown", "lanes": "unknown", "maxspeed": "unknown", "length_m": 232.07799528770852, "exposed_length_m": 232.07799528770852, "hazard_code": 6, "hazard_class": "H6", "road_exposure_status": "HYDRAULICALLY_EXPOSED_ROAD_SEGMENT" }, "geometry": { "type": "MultiLineString", "coordinates": [ [ [ 77.2363149, 11.5037852 ], [ 77.2366399, 11.5036827 ], [ 77.2367903, 11.5036305 ], [ 77.236935, 11.5035802 ], [ 77.2371438, 11.5035332 ], [ 77.2372115, 11.503518 ], [ 77.2375155, 11.5034484 ], [ 77.2376113, 11.5034264 ], [ 77.237689, 11.5034645 ], [ 77.2377233, 11.5034814 ], [ 77.2378392, 11.5035985 ], [ 77.2378915, 11.5036973 ], [ 77.2379728, 11.5040577 ] ] ] } },
{ "type": "Feature", "properties": { "osm_id": 1343268223, "highway": "unclassified", "name": "Unnamed Road", "bridge": "no", "surface": "unknown", "lanes": "unknown", "maxspeed": "unknown", "length_m": 271.37589191124238, "exposed_length_m": 271.37589191124238, "hazard_code": 6, "hazard_class": "H6", "road_exposure_status": "HYDRAULICALLY_EXPOSED_ROAD_SEGMENT" }, "geometry": { "type": "MultiLineString", "coordinates": [ [ [ 77.236067, 11.5042432 ], [ 77.2357545, 11.5035326 ], [ 77.2364157, 11.50328 ], [ 77.2366399, 11.5036827 ], [ 77.2366986, 11.5041986 ] ] ] } },
{ "type": "Feature", "properties": { "osm_id": 1343268227, "highway": "unclassified", "name": "Unnamed Road", "bridge": "no", "surface": "unknown", "lanes": "unknown", "maxspeed": "unknown", "length_m": 76.408125123645689, "exposed_length_m": 76.408125123645689, "hazard_code": 6, "hazard_class": "H6", "road_exposure_status": "HYDRAULICALLY_EXPOSED_ROAD_SEGMENT" }, "geometry": { "type": "MultiLineString", "coordinates": [ [ [ 77.2370583, 11.5040817 ], [ 77.2372489, 11.5040122 ], [ 77.2371438, 11.5035332 ] ] ] } },
{ "type": "Feature", "properties": { "osm_id": 1343268225, "highway": "unclassified", "name": "Unnamed Road", "bridge": "no", "surface": "unknown", "lanes": "unknown", "maxspeed": "unknown", "length_m": 87.315908815488868, "exposed_length_m": 87.315908815488868, "hazard_code": 6, "hazard_class": "H6", "road_exposure_status": "HYDRAULICALLY_EXPOSED_ROAD_SEGMENT" }, "geometry": { "type": "MultiLineString", "coordinates": [ [ [ 77.2376113, 11.5042318 ], [ 77.2375155, 11.5034484 ] ] ] } },
{ "type": "Feature", "properties": { "osm_id": 1343268226, "highway": "unclassified", "name": "Unnamed Road", "bridge": "no", "surface": "unknown", "lanes": "unknown", "maxspeed": "unknown", "length_m": 80.263982799104767, "exposed_length_m": 80.263982799104767, "hazard_code": 6, "hazard_class": "H6", "road_exposure_status": "HYDRAULICALLY_EXPOSED_ROAD_SEGMENT" }, "geometry": { "type": "MultiLineString", "coordinates": [ [ [ 77.2367903, 11.5036305 ], [ 77.2369089, 11.5039573 ], [ 77.2370583, 11.5040817 ], [ 77.2370806, 11.5042658 ] ] ] } },
{ "type": "Feature", "properties": { "osm_id": 1343268214, "highway": "unclassified", "name": "Unnamed Road", "bridge": "no", "surface": "unknown", "lanes": "unknown", "maxspeed": "unknown", "length_m": 164.65499969051012, "exposed_length_m": 164.65499969051012, "hazard_code": 6, "hazard_class": "H6", "road_exposure_status": "HYDRAULICALLY_EXPOSED_ROAD_SEGMENT" }, "geometry": { "type": "MultiLineString", "coordinates": [ [ [ 77.2353323, 11.5045577 ], [ 77.2354138, 11.5045409 ], [ 77.2356057, 11.5045013 ], [ 77.235796, 11.504462 ], [ 77.2358292, 11.5044552 ], [ 77.2358815, 11.5043344 ], [ 77.2357582, 11.5042611 ], [ 77.2354033, 11.5036388 ] ] ] } },
{ "type": "Feature", "properties": { "osm_id": 240303459, "highway": "trunk", "name": "Unnamed Road", "bridge": "yes", "surface": "unknown", "lanes": "2", "maxspeed": "50", "length_m": 111.89229917362043, "exposed_length_m": 111.89229917362043, "hazard_code": 6, "hazard_class": "H6", "road_exposure_status": "HYDRAULICALLY_EXPOSED_ROAD_SEGMENT" }, "geometry": { "type": "MultiLineString", "coordinates": [ [ [ 77.2454457, 11.5037607 ], [ 77.2458727, 11.5028414 ] ] ] } },
{ "type": "Feature", "properties": { "osm_id": 1369830098, "highway": "trunk", "name": "Unnamed Road", "bridge": "no", "surface": "unknown", "lanes": "2", "maxspeed": "50", "length_m": 33.503075404250119, "exposed_length_m": 33.503075404250119, "hazard_code": 6, "hazard_class": "H6", "road_exposure_status": "HYDRAULICALLY_EXPOSED_ROAD_SEGMENT" }, "geometry": { "type": "MultiLineString", "coordinates": [ [ [ 77.2453672, 11.5036984 ], [ 77.2452608, 11.5039824 ] ] ] } },
{ "type": "Feature", "properties": { "osm_id": 1369816153, "highway": "trunk", "name": "Unnamed Road", "bridge": "no", "surface": "unknown", "lanes": "2", "maxspeed": "50", "length_m": 27.580974899307883, "exposed_length_m": 27.580974899307883, "hazard_code": 6, "hazard_class": "H6", "road_exposure_status": "HYDRAULICALLY_EXPOSED_ROAD_SEGMENT" }, "geometry": { "type": "MultiLineString", "coordinates": [ [ [ 77.24536470000001, 11.5039968 ], [ 77.2454457, 11.5037607 ] ] ] } },
{ "type": "Feature", "properties": { "osm_id": 1369816156, "highway": "trunk", "name": "Unnamed Road", "bridge": "no", "surface": "unknown", "lanes": "2", "maxspeed": "50", "length_m": 41.831492550712241, "exposed_length_m": 41.831492550712241, "hazard_code": 6, "hazard_class": "H6", "road_exposure_status": "HYDRAULICALLY_EXPOSED_ROAD_SEGMENT" }, "geometry": { "type": "MultiLineString", "coordinates": [ [ [ 77.2452248, 11.5040126 ], [ 77.2451379, 11.5040187 ], [ 77.2450344, 11.504021 ], [ 77.2449542, 11.5040289 ], [ 77.244843100000011, 11.5040433 ] ] ] } },
{ "type": "Feature", "properties": { "osm_id": 1369816155, "highway": "trunk", "name": "Unnamed Road", "bridge": "no", "surface": "unknown", "lanes": "unknown", "maxspeed": "50", "length_m": 63.857253400159394, "exposed_length_m": 63.857253400159394, "hazard_code": 6, "hazard_class": "H6", "road_exposure_status": "HYDRAULICALLY_EXPOSED_ROAD_SEGMENT" }, "geometry": { "type": "MultiLineString", "coordinates": [ [ [ 77.2453044, 11.5041568 ], [ 77.2453315, 11.5041521 ], [ 77.2453521, 11.5041425 ], [ 77.2453698, 11.5041283 ], [ 77.2453834, 11.5041104 ], [ 77.2453922, 11.5040897 ], [ 77.2453956, 11.5040676 ], [ 77.2453925, 11.5040414 ], [ 77.2453819, 11.5040171 ], [ 77.24536470000001, 11.5039968 ], [ 77.2453416, 11.5039818 ], [ 77.245315, 11.503974 ], [ 77.2452873, 11.5039742 ], [ 77.2452608, 11.5039824 ], [ 77.2452408, 11.5039953 ], [ 77.2452248, 11.5040126 ], [ 77.2452114, 11.504041 ], [ 77.2452084, 11.5040721 ], [ 77.2452162, 11.5041024 ], [ 77.245231, 11.5041251 ], [ 77.2452519, 11.5041427 ], [ 77.24527710000001, 11.5041536 ], [ 77.2453044, 11.5041568 ] ] ] } },
{ "type": "Feature", "properties": { "osm_id": 1369816154, "highway": "trunk", "name": "Unnamed Road", "bridge": "no", "surface": "unknown", "lanes": "2", "maxspeed": "50", "length_m": 41.647605666962775, "exposed_length_m": 41.647605666962775, "hazard_code": 6, "hazard_class": "H6", "road_exposure_status": "HYDRAULICALLY_EXPOSED_ROAD_SEGMENT" }, "geometry": { "type": "MultiLineString", "coordinates": [ [ [ 77.244843100000011, 11.5040433 ], [ 77.2449063, 11.504072 ], [ 77.245024, 11.5040921 ], [ 77.245119, 11.5041003 ], [ 77.2452162, 11.5041024 ] ] ] } },
{ "type": "Feature", "properties": { "osm_id": 1343268238, "highway": "unclassified", "name": "Unnamed Road", "bridge": "no", "surface": "unknown", "lanes": "unknown", "maxspeed": "unknown", "length_m": 243.48441097636064, "exposed_length_m": 243.48441097636064, "hazard_code": 6, "hazard_class": "H6", "road_exposure_status": "HYDRAULICALLY_EXPOSED_ROAD_SEGMENT" }, "geometry": { "type": "MultiLineString", "coordinates": [ [ [ 77.2382208, 11.5044529 ], [ 77.2390802, 11.5042639 ], [ 77.2390802, 11.5039779 ], [ 77.2391961, 11.5039064 ], [ 77.2395051, 11.5038812 ], [ 77.2395823, 11.5041335 ], [ 77.239681, 11.5041798 ], [ 77.2397399, 11.5044065 ] ] ] } },
{ "type": "Feature", "properties": { "osm_id": 1369816158, "highway": "primary", "name": "Sathy - Athani - Bhavani Road", "bridge": "no", "surface": "unknown", "lanes": "unknown", "maxspeed": "unknown", "length_m": 26.261428667206399, "exposed_length_m": 26.261428667206399, "hazard_code": 6, "hazard_class": "H6", "road_exposure_status": "HYDRAULICALLY_EXPOSED_ROAD_SEGMENT" }, "geometry": { "type": "MultiLineString", "coordinates": [ [ [ 77.2455465, 11.5042496 ], [ 77.2454966, 11.5041668 ], [ 77.2454448, 11.5041236 ], [ 77.2453956, 11.5040676 ] ] ] } },
{ "type": "Feature", "properties": { "osm_id": 1369816157, "highway": "primary", "name": "Sathy - Athani - Bhavani Road", "bridge": "no", "surface": "unknown", "lanes": "unknown", "maxspeed": "unknown", "length_m": 26.494320024465154, "exposed_length_m": 26.494320024465154, "hazard_code": 6, "hazard_class": "H6", "road_exposure_status": "HYDRAULICALLY_EXPOSED_ROAD_SEGMENT" }, "geometry": { "type": "MultiLineString", "coordinates": [ [ [ 77.2453315, 11.5041521 ], [ 77.2453676, 11.5041872 ], [ 77.2454217, 11.5042207 ], [ 77.2455465, 11.5042496 ] ] ] } },
{ "type": "Feature", "properties": { "osm_id": 337239278, "highway": "residential", "name": "Unnamed Road", "bridge": "no", "surface": "unknown", "lanes": "unknown", "maxspeed": "unknown", "length_m": 40.02303216294812, "exposed_length_m": 40.02303216294812, "hazard_code": 6, "hazard_class": "H6", "road_exposure_status": "HYDRAULICALLY_EXPOSED_ROAD_SEGMENT" }, "geometry": { "type": "MultiLineString", "coordinates": [ [ [ 77.2432367, 11.5041591 ], [ 77.2435535, 11.5043413 ] ] ] } },
{ "type": "Feature", "properties": { "osm_id": 1343268222, "highway": "unclassified", "name": "Unnamed Road", "bridge": "no", "surface": "unknown", "lanes": "unknown", "maxspeed": "unknown", "length_m": 176.15579196993048, "exposed_length_m": 176.15579196993048, "hazard_code": 6, "hazard_class": "H6", "road_exposure_status": "HYDRAULICALLY_EXPOSED_ROAD_SEGMENT" }, "geometry": { "type": "MultiLineString", "coordinates": [ [ [ 77.2361729, 11.5042026 ], [ 77.2363634, 11.504133 ], [ 77.236539, 11.5041476 ], [ 77.2366986, 11.5041986 ], [ 77.2368715, 11.5042538 ], [ 77.2370397, 11.5042685 ], [ 77.2370806, 11.5042658 ], [ 77.2376113, 11.5042318 ], [ 77.237754, 11.5042474 ] ] ] } },
{ "type": "Feature", "properties": { "osm_id": 1343268237, "highway": "unclassified", "name": "Unnamed Road", "bridge": "no", "surface": "unknown", "lanes": "unknown", "maxspeed": "unknown", "length_m": 89.935140477838956, "exposed_length_m": 89.935140477838956, "hazard_code": 6, "hazard_class": "H6", "road_exposure_status": "HYDRAULICALLY_EXPOSED_ROAD_SEGMENT" }, "geometry": { "type": "MultiLineString", "coordinates": [ [ [ 77.238343, 11.5047676 ], [ 77.2382208, 11.5044529 ], [ 77.2380483, 11.5040086 ] ] ] } },
{ "type": "Feature", "properties": { "osm_id": 1343268220, "highway": "unclassified", "name": "Unnamed Road", "bridge": "no", "surface": "unknown", "lanes": "unknown", "maxspeed": "unknown", "length_m": 44.995674152154606, "exposed_length_m": 44.995674152154606, "hazard_code": 6, "hazard_class": "H6", "road_exposure_status": "HYDRAULICALLY_EXPOSED_ROAD_SEGMENT" }, "geometry": { "type": "MultiLineString", "coordinates": [ [ [ 77.2358172, 11.5045725 ], [ 77.2362095, 11.5044474 ] ] ] } },
{ "type": "Feature", "properties": { "osm_id": 1343268221, "highway": "unclassified", "name": "Unnamed Road", "bridge": "no", "surface": "unknown", "lanes": "unknown", "maxspeed": "unknown", "length_m": 125.41567865251096, "exposed_length_m": 125.41567865251096, "hazard_code": 6, "hazard_class": "H6", "road_exposure_status": "HYDRAULICALLY_EXPOSED_ROAD_SEGMENT" }, "geometry": { "type": "MultiLineString", "coordinates": [ [ [ 77.2362219, 11.5045305 ], [ 77.2363448, 11.5044625 ], [ 77.237219, 11.5044954 ], [ 77.2373001, 11.5045999 ] ] ] } },
{ "type": "Feature", "properties": { "osm_id": 1343268215, "highway": "unclassified", "name": "Unnamed Road", "bridge": "no", "surface": "unknown", "lanes": "unknown", "maxspeed": "unknown", "length_m": 59.838644590980437, "exposed_length_m": 59.838644590980437, "hazard_code": 6, "hazard_class": "H6", "road_exposure_status": "HYDRAULICALLY_EXPOSED_ROAD_SEGMENT" }, "geometry": { "type": "MultiLineString", "coordinates": [ [ [ 77.235201, 11.5048566 ], [ 77.2354743, 11.5047993 ], [ 77.2354138, 11.5045409 ] ] ] } },
{ "type": "Feature", "properties": { "osm_id": 1343268219, "highway": "unclassified", "name": "Unnamed Road", "bridge": "no", "surface": "unknown", "lanes": "unknown", "maxspeed": "unknown", "length_m": 172.12810069640673, "exposed_length_m": 172.12810069640673, "hazard_code": 6, "hazard_class": "H6", "road_exposure_status": "HYDRAULICALLY_EXPOSED_ROAD_SEGMENT" }, "geometry": { "type": "MultiLineString", "coordinates": [ [ [ 77.2359494, 11.50521 ], [ 77.2362999, 11.5050519 ], [ 77.2362219, 11.5045305 ], [ 77.2362095, 11.5044474 ], [ 77.2361729, 11.5042026 ], [ 77.236067, 11.5042432 ], [ 77.236001, 11.5042685 ], [ 77.2358815, 11.5043344 ] ] ] } },
{ "type": "Feature", "properties": { "osm_id": 1343268217, "highway": "unclassified", "name": "Unnamed Road", "bridge": "no", "surface": "unknown", "lanes": "unknown", "maxspeed": "unknown", "length_m": 59.009736675296871, "exposed_length_m": 59.009736675296871, "hazard_code": 6, "hazard_class": "H6", "road_exposure_status": "HYDRAULICALLY_EXPOSED_ROAD_SEGMENT" }, "geometry": { "type": "MultiLineString", "coordinates": [ [ [ 77.2358964, 11.504986 ], [ 77.2358172, 11.5045725 ], [ 77.235796, 11.504462 ] ] ] } },
{ "type": "Feature", "properties": { "osm_id": 1343268218, "highway": "unclassified", "name": "Unnamed Road", "bridge": "no", "surface": "unknown", "lanes": "unknown", "maxspeed": "unknown", "length_m": 55.782029352960301, "exposed_length_m": 55.782029352960301, "hazard_code": 6, "hazard_class": "H6", "road_exposure_status": "HYDRAULICALLY_EXPOSED_ROAD_SEGMENT" }, "geometry": { "type": "MultiLineString", "coordinates": [ [ [ 77.2357653, 11.5049802 ], [ 77.2356057, 11.5045013 ] ] ] } },
{ "type": "Feature", "properties": { "osm_id": 1343268213, "highway": "unclassified", "name": "Unnamed Road", "bridge": "no", "surface": "unknown", "lanes": "unknown", "maxspeed": "unknown", "length_m": 450.97997987235573, "exposed_length_m": 450.97997987235573, "hazard_code": 6, "hazard_class": "H6", "road_exposure_status": "HYDRAULICALLY_EXPOSED_ROAD_SEGMENT" }, "geometry": { "type": "MultiLineString", "coordinates": [ [ [ 77.2347644, 11.5055937 ], [ 77.234488, 11.5050775 ], [ 77.2343946, 11.5045833 ], [ 77.2343161, 11.5044332 ], [ 77.2351119, 11.5039683 ], [ 77.2352875, 11.5042758 ], [ 77.2353323, 11.5045577 ], [ 77.2352464, 11.5046199 ], [ 77.2351866, 11.5047004 ], [ 77.235201, 11.5048566 ], [ 77.2352847, 11.5057608 ] ] ] } },
{ "type": "Feature", "properties": { "osm_id": 1343268216, "highway": "unclassified", "name": "Unnamed Road", "bridge": "no", "surface": "unknown", "lanes": "unknown", "maxspeed": "unknown", "length_m": 105.93756766874158, "exposed_length_m": 105.93756766874158, "hazard_code": 6, "hazard_class": "H6", "road_exposure_status": "HYDRAULICALLY_EXPOSED_ROAD_SEGMENT" }, "geometry": { "type": "MultiLineString", "coordinates": [ [ [ 77.2354743, 11.5047993 ], [ 77.2356461, 11.504975 ], [ 77.2357653, 11.5049802 ], [ 77.2358964, 11.504986 ], [ 77.2359494, 11.50521 ], [ 77.2360037, 11.50544 ] ] ] } },
{ "type": "Feature", "properties": { "osm_id": 232505224, "highway": "tertiary", "name": "Unnamed Road", "bridge": "no", "surface": "unknown", "lanes": "unknown", "maxspeed": "unknown", "length_m": 927.93430966696928, "exposed_length_m": 927.93430966696928, "hazard_code": 6, "hazard_class": "H6", "road_exposure_status": "HYDRAULICALLY_EXPOSED_ROAD_SEGMENT" }, "geometry": { "type": "MultiLineString", "coordinates": [ [ [ 77.2362899, 11.5053578 ], [ 77.2373001, 11.5045999 ], [ 77.2376523, 11.5043356 ], [ 77.237754, 11.5042474 ], [ 77.2379728, 11.5040577 ], [ 77.2380483, 11.5040086 ], [ 77.2385604, 11.5036752 ], [ 77.239105, 11.5035012 ], [ 77.2395054, 11.5033732 ], [ 77.240251, 11.5033306 ], [ 77.2404217, 11.5033209 ], [ 77.2408014, 11.5033286 ], [ 77.241712, 11.5032967 ], [ 77.2424064, 11.5033612 ], [ 77.2431131, 11.5033934 ], [ 77.2433062, 11.50349 ], [ 77.2434583, 11.5036994 ], [ 77.2436843, 11.5038645 ], [ 77.2439423, 11.5040035 ] ] ] } },
{ "type": "Feature", "properties": { "osm_id": 337239288, "highway": "residential", "name": "Unnamed Road", "bridge": "no", "surface": "unknown", "lanes": "unknown", "maxspeed": "unknown", "length_m": 237.12667965340719, "exposed_length_m": 237.12667965340719, "hazard_code": 6, "hazard_class": "H6", "road_exposure_status": "HYDRAULICALLY_EXPOSED_ROAD_SEGMENT" }, "geometry": { "type": "MultiLineString", "coordinates": [ [ [ 77.243556, 11.5044106 ], [ 77.2448156, 11.5043984 ], [ 77.2451907, 11.5044186 ], [ 77.2454141, 11.5044294 ], [ 77.2455853, 11.504421 ], [ 77.245719, 11.5043727 ] ] ] } },
{ "type": "Feature", "properties": { "osm_id": 337239271, "highway": "residential", "name": "Unnamed Road", "bridge": "no", "surface": "unknown", "lanes": "unknown", "maxspeed": "unknown", "length_m": 274.35834516001972, "exposed_length_m": 274.35834516001972, "hazard_code": 6, "hazard_class": "H6", "road_exposure_status": "HYDRAULICALLY_EXPOSED_ROAD_SEGMENT" }, "geometry": { "type": "MultiLineString", "coordinates": [ [ [ 77.2437788, 11.5054886 ], [ 77.2443336, 11.5053573 ], [ 77.2445473, 11.5052692 ], [ 77.2446129, 11.50523 ], [ 77.2445971, 11.50513 ], [ 77.2446262, 11.5050753 ], [ 77.2447088, 11.5050444 ], [ 77.2454105, 11.5048838 ], [ 77.2456581, 11.5048326 ], [ 77.2458766, 11.5047541 ], [ 77.246045, 11.504705 ] ] ] } },
{ "type": "Feature", "properties": { "osm_id": 475981202, "highway": "residential", "name": "Unnamed Road", "bridge": "no", "surface": "unknown", "lanes": "unknown", "maxspeed": "unknown", "length_m": 419.18595767681245, "exposed_length_m": 419.18595767681245, "hazard_code": 6, "hazard_class": "H6", "road_exposure_status": "HYDRAULICALLY_EXPOSED_ROAD_SEGMENT" }, "geometry": { "type": "MultiLineString", "coordinates": [ [ [ 77.2374959, 11.5050111 ], [ 77.2376, 11.5053023 ], [ 77.237631400000012, 11.5053928 ], [ 77.2376777, 11.5055266 ], [ 77.2378079, 11.5055101 ], [ 77.2379129, 11.5054669 ], [ 77.2380767, 11.5053928 ], [ 77.2381276, 11.5053736 ], [ 77.2381963, 11.5053476 ], [ 77.2384399, 11.5052961 ], [ 77.2386751, 11.5052653 ], [ 77.2390803, 11.505222 ], [ 77.2395129, 11.5051912 ], [ 77.2398089, 11.5051603 ], [ 77.2401659, 11.5051521 ], [ 77.240438800000021, 11.5051459 ], [ 77.2406761, 11.5051562 ], [ 77.2408378, 11.5051686 ], [ 77.2409167, 11.5051747 ] ] ] } },
{ "type": "Feature", "properties": { "osm_id": 337239273, "highway": "residential", "name": "Unnamed Road", "bridge": "no", "surface": "unknown", "lanes": "unknown", "maxspeed": "unknown", "length_m": 311.74062009886109, "exposed_length_m": 311.74062009886109, "hazard_code": 6, "hazard_class": "H6", "road_exposure_status": "HYDRAULICALLY_EXPOSED_ROAD_SEGMENT" }, "geometry": { "type": "MultiLineString", "coordinates": [ [ [ 77.2409171, 11.5052184 ], [ 77.2413063, 11.5052908 ], [ 77.2415678, 11.5053394 ], [ 77.241811500000011, 11.505368 ], [ 77.241839, 11.5053682 ], [ 77.2420862, 11.5053697 ], [ 77.242282, 11.5053462 ], [ 77.2426202, 11.5053579 ], [ 77.2428794, 11.5053529 ], [ 77.243040800000017, 11.5053849 ], [ 77.2432108, 11.5054471 ], [ 77.2433602, 11.5054959 ], [ 77.2437295, 11.5054264 ] ] ] } },
{ "type": "Feature", "properties": { "osm_id": 337239295, "highway": "tertiary", "name": "Unnamed Road", "bridge": "no", "surface": "unknown", "lanes": "unknown", "maxspeed": "unknown", "length_m": 460.31290281422577, "exposed_length_m": 460.31290281422577, "hazard_code": 6, "hazard_class": "H6", "road_exposure_status": "HYDRAULICALLY_EXPOSED_ROAD_SEGMENT" }, "geometry": { "type": "MultiLineString", "coordinates": [ [ [ 77.2407179, 11.507471 ], [ 77.2407155, 11.5070788 ], [ 77.240793200000013, 11.5066001 ], [ 77.2408385, 11.5062031 ], [ 77.2409194, 11.5054943 ], [ 77.2409171, 11.5052184 ], [ 77.2409167, 11.5051747 ], [ 77.240914, 11.5048425 ], [ 77.2408522, 11.5042087 ], [ 77.2408014, 11.5033286 ] ] ] } },
{ "type": "Feature", "properties": { "osm_id": 337239279, "highway": "residential", "name": "Unnamed Road", "bridge": "no", "surface": "unknown", "lanes": "unknown", "maxspeed": "unknown", "length_m": 169.19170146778197, "exposed_length_m": 169.19170146778197, "hazard_code": 6, "hazard_class": "H6", "road_exposure_status": "HYDRAULICALLY_EXPOSED_ROAD_SEGMENT" }, "geometry": { "type": "MultiLineString", "coordinates": [ [ [ 77.244734600000015, 11.5057048 ], [ 77.2455735, 11.5056042 ], [ 77.2462699, 11.5054945 ] ] ] } },
{ "type": "Feature", "properties": { "osm_id": 337239283, "highway": "residential", "name": "Unnamed Road", "bridge": "no", "surface": "unknown", "lanes": "unknown", "maxspeed": "unknown", "length_m": 101.22894981316614, "exposed_length_m": 101.22894981316614, "hazard_code": 6, "hazard_class": "H6", "road_exposure_status": "HYDRAULICALLY_EXPOSED_ROAD_SEGMENT" }, "geometry": { "type": "MultiLineString", "coordinates": [ [ [ 77.2446129, 11.50523 ], [ 77.2446777, 11.5053242 ], [ 77.244734600000015, 11.5057048 ], [ 77.2447962, 11.5061166 ] ] ] } },
{ "type": "Feature", "properties": { "osm_id": 337239286, "highway": "residential", "name": "Unnamed Road", "bridge": "no", "surface": "unknown", "lanes": "unknown", "maxspeed": "unknown", "length_m": 104.92234142600905, "exposed_length_m": 104.92234142600905, "hazard_code": 6, "hazard_class": "H6", "road_exposure_status": "HYDRAULICALLY_EXPOSED_ROAD_SEGMENT" }, "geometry": { "type": "MultiLineString", "coordinates": [ [ [ 77.2411078, 11.506214 ], [ 77.2411161, 11.5060367 ], [ 77.2411367, 11.5058796 ], [ 77.2411853, 11.5056964 ], [ 77.2412508, 11.5054954 ], [ 77.2413063, 11.5052908 ] ] ] } },
{ "type": "Feature", "properties": { "osm_id": 1343268257, "highway": "residential", "name": "Unnamed Road", "bridge": "no", "surface": "unknown", "lanes": "unknown", "maxspeed": "unknown", "length_m": 282.93983358146841, "exposed_length_m": 282.93983358146841, "hazard_code": 6, "hazard_class": "H6", "road_exposure_status": "HYDRAULICALLY_EXPOSED_ROAD_SEGMENT" }, "geometry": { "type": "MultiLineString", "coordinates": [ [ [ 77.2378079, 11.5055101 ], [ 77.2379301, 11.5060932 ], [ 77.2382435, 11.506068 ], [ 77.2385438, 11.5060007 ], [ 77.2399054, 11.505887 ] ] ] } },
{ "type": "Feature", "properties": { "osm_id": 337239282, "highway": "residential", "name": "Unnamed Road", "bridge": "no", "surface": "unknown", "lanes": "unknown", "maxspeed": "unknown", "length_m": 226.70527015114038, "exposed_length_m": 226.70527015114038, "hazard_code": 6, "hazard_class": "H6", "road_exposure_status": "HYDRAULICALLY_EXPOSED_ROAD_SEGMENT" }, "geometry": { "type": "MultiLineString", "coordinates": [ [ [ 77.2418291, 11.5059517 ], [ 77.2434494, 11.5057752 ], [ 77.2438488, 11.5055769 ] ] ] } },
{ "type": "Feature", "properties": { "osm_id": 337239284, "highway": "residential", "name": "Unnamed Road", "bridge": "no", "surface": "unknown", "lanes": "unknown", "maxspeed": "unknown", "length_m": 96.284348465818965, "exposed_length_m": 96.284348465818965, "hazard_code": 6, "hazard_class": "H6", "road_exposure_status": "HYDRAULICALLY_EXPOSED_ROAD_SEGMENT" }, "geometry": { "type": "MultiLineString", "coordinates": [ [ [ 77.2418373, 11.5062371 ], [ 77.2418291, 11.5059517 ], [ 77.2418184, 11.5055834 ], [ 77.241839, 11.5053682 ] ] ] } },
{ "type": "Feature", "properties": { "osm_id": 337239272, "highway": "residential", "name": "Unnamed Road", "bridge": "no", "surface": "unknown", "lanes": "unknown", "maxspeed": "unknown", "length_m": 409.06333245076144, "exposed_length_m": 409.06333245076144, "hazard_code": 6, "hazard_class": "H6", "road_exposure_status": "HYDRAULICALLY_EXPOSED_ROAD_SEGMENT" }, "geometry": { "type": "MultiLineString", "coordinates": [ [ [ 77.243544300000011, 11.5040913 ], [ 77.2435535, 11.5043413 ], [ 77.243556, 11.5044106 ], [ 77.2435778, 11.5050051 ], [ 77.2436483, 11.505324 ], [ 77.2437295, 11.5054264 ], [ 77.2437788, 11.5054886 ], [ 77.2438488, 11.5055769 ], [ 77.2438935, 11.5056333 ], [ 77.2441559, 11.5061338 ], [ 77.2443499, 11.506504 ], [ 77.2447968, 11.5074934 ] ] ] } },
{ "type": "Feature", "properties": { "osm_id": 1343268258, "highway": "residential", "name": "Unnamed Road", "bridge": "no", "surface": "unknown", "lanes": "unknown", "maxspeed": "unknown", "length_m": 135.77107783086711, "exposed_length_m": 135.77107783086711, "hazard_code": 6, "hazard_class": "H6", "road_exposure_status": "HYDRAULICALLY_EXPOSED_ROAD_SEGMENT" }, "geometry": { "type": "MultiLineString", "coordinates": [ [ [ 77.2385904, 11.5065136 ], [ 77.2385438, 11.5060007 ], [ 77.2384399, 11.5052961 ] ] ] } },
{ "type": "Feature", "properties": { "osm_id": 337239281, "highway": "residential", "name": "Unnamed Road", "bridge": "no", "surface": "unknown", "lanes": "unknown", "maxspeed": "unknown", "length_m": 200.1418915587108, "exposed_length_m": 200.1418915587108, "hazard_code": 6, "hazard_class": "H6", "road_exposure_status": "HYDRAULICALLY_EXPOSED_ROAD_SEGMENT" }, "geometry": { "type": "MultiLineString", "coordinates": [ [ [ 77.2455035, 11.5051038 ], [ 77.2455735, 11.5056042 ], [ 77.2457542, 11.5068955 ] ] ] } },
{ "type": "Feature", "properties": { "osm_id": 1343268239, "highway": "residential", "name": "Unnamed Road", "bridge": "no", "surface": "unknown", "lanes": "unknown", "maxspeed": "unknown", "length_m": 252.82808506239465, "exposed_length_m": 252.82808506239465, "hazard_code": 6, "hazard_class": "H6", "road_exposure_status": "HYDRAULICALLY_EXPOSED_ROAD_SEGMENT" }, "geometry": { "type": "MultiLineString", "coordinates": [ [ [ 77.2401659, 11.5051521 ], [ 77.2402477, 11.5066613 ], [ 77.2402604, 11.5068964 ], [ 77.2403291, 11.5070352 ], [ 77.2407155, 11.5070788 ] ] ] } },
{ "type": "Feature", "properties": { "osm_id": 337239289, "highway": "residential", "name": "Unnamed Road", "bridge": "no", "surface": "unknown", "lanes": "unknown", "maxspeed": "unknown", "length_m": 362.54956555381921, "exposed_length_m": 362.54956555381921, "hazard_code": 6, "hazard_class": "H6", "road_exposure_status": "HYDRAULICALLY_EXPOSED_ROAD_SEGMENT" }, "geometry": { "type": "MultiLineString", "coordinates": [ [ [ 77.2408385, 11.5062031 ], [ 77.2411078, 11.506214 ], [ 77.2416158, 11.5062344 ], [ 77.2418373, 11.5062371 ], [ 77.2424519, 11.5062445 ], [ 77.2431816, 11.5062109 ], [ 77.243519800000016, 11.5061873 ], [ 77.2441559, 11.5061338 ] ] ] } },
{ "type": "Feature", "properties": { "osm_id": 1343268240, "highway": "residential", "name": "Unnamed Road", "bridge": "no", "surface": "unknown", "lanes": "unknown", "maxspeed": "unknown", "length_m": 220.41197870223854, "exposed_length_m": 220.41197870223854, "hazard_code": 6, "hazard_class": "H6", "road_exposure_status": "HYDRAULICALLY_EXPOSED_ROAD_SEGMENT" }, "geometry": { "type": "MultiLineString", "coordinates": [ [ [ 77.2399837, 11.5074989 ], [ 77.2399217, 11.5070315 ], [ 77.2398741, 11.5066735 ], [ 77.239792600000015, 11.506438 ], [ 77.2398269, 11.5063287 ], [ 77.2398312, 11.5061605 ], [ 77.2399299, 11.5061142 ], [ 77.2399054, 11.505887 ], [ 77.2398741, 11.505597 ] ] ] } },
{ "type": "Feature", "properties": { "osm_id": 337239285, "highway": "residential", "name": "Unnamed Road", "bridge": "no", "surface": "unknown", "lanes": "unknown", "maxspeed": "unknown", "length_m": 320.95813154524569, "exposed_length_m": 320.95813154524569, "hazard_code": 6, "hazard_class": "H6", "road_exposure_status": "HYDRAULICALLY_EXPOSED_ROAD_SEGMENT" }, "geometry": { "type": "MultiLineString", "coordinates": [ [ [ 77.240793200000013, 11.5066001 ], [ 77.2416327, 11.5066111 ], [ 77.2423198, 11.5066111 ], [ 77.2437329, 11.506554 ] ] ] } },
{ "type": "Feature", "properties": { "osm_id": 1343268243, "highway": "residential", "name": "Unnamed Road", "bridge": "no", "surface": "unknown", "lanes": "unknown", "maxspeed": "unknown", "length_m": 207.62779544248662, "exposed_length_m": 207.62779544248662, "hazard_code": 6, "hazard_class": "H6", "road_exposure_status": "HYDRAULICALLY_EXPOSED_ROAD_SEGMENT" }, "geometry": { "type": "MultiLineString", "coordinates": [ [ [ 77.2402477, 11.5066613 ], [ 77.2398741, 11.5066735 ], [ 77.2391328, 11.5067728 ], [ 77.2390888, 11.5067787 ], [ 77.2383593, 11.5068764 ] ] ] } },
{ "type": "Feature", "properties": { "osm_id": 475981205, "highway": "residential", "name": "Unnamed Road", "bridge": "no", "surface": "unknown", "lanes": "unknown", "maxspeed": "unknown", "length_m": 97.330999264727524, "exposed_length_m": 97.330999264727524, "hazard_code": 6, "hazard_class": "H6", "road_exposure_status": "HYDRAULICALLY_EXPOSED_ROAD_SEGMENT" }, "geometry": { "type": "MultiLineString", "coordinates": [ [ [ 77.237631400000012, 11.5053928 ], [ 77.2374549, 11.505434 ], [ 77.2372966, 11.5054567 ], [ 77.2371797, 11.5054735 ], [ 77.2367551, 11.505554 ] ] ] } },
{ "type": "Feature", "properties": { "osm_id": 1343268212, "highway": "unclassified", "name": "Unnamed Road", "bridge": "no", "surface": "unknown", "lanes": "unknown", "maxspeed": "unknown", "length_m": 97.979286680525846, "exposed_length_m": 97.979286680525846, "hazard_code": 6, "hazard_class": "H6", "road_exposure_status": "HYDRAULICALLY_EXPOSED_ROAD_SEGMENT" }, "geometry": { "type": "MultiLineString", "coordinates": [ [ [ 77.2345216, 11.5056816 ], [ 77.2347644, 11.5055937 ], [ 77.2349251, 11.5055425 ], [ 77.2350297, 11.5055205 ], [ 77.2351618, 11.5058543 ] ] ] } },
{ "type": "Feature", "properties": { "osm_id": 1343268255, "highway": "residential", "name": "Unnamed Road", "bridge": "no", "surface": "unknown", "lanes": "unknown", "maxspeed": "unknown", "length_m": 85.913583398263341, "exposed_length_m": 85.913583398263341, "hazard_code": 6, "hazard_class": "H6", "road_exposure_status": "HYDRAULICALLY_EXPOSED_ROAD_SEGMENT" }, "geometry": { "type": "MultiLineString", "coordinates": [ [ [ 77.2374194, 11.5062236 ], [ 77.2372966, 11.5054567 ] ] ] } },
{ "type": "Feature", "properties": { "osm_id": 1343268211, "highway": "unclassified", "name": "Unnamed Road", "bridge": "no", "surface": "unknown", "lanes": "unknown", "maxspeed": "unknown", "length_m": 315.71861802766608, "exposed_length_m": 315.71861802766608, "hazard_code": 6, "hazard_class": "H6", "road_exposure_status": "HYDRAULICALLY_EXPOSED_ROAD_SEGMENT" }, "geometry": { "type": "MultiLineString", "coordinates": [ [ [ 77.233296200000012, 11.5054583 ], [ 77.232874, 11.5059012 ], [ 77.2329188, 11.5060001 ], [ 77.2330122, 11.5061062 ], [ 77.2331094, 11.5061429 ], [ 77.2333186, 11.5059854 ], [ 77.233423200000018, 11.5058866 ], [ 77.2337071, 11.505623 ], [ 77.233837900000012, 11.5056376 ], [ 77.2339724, 11.5057511 ], [ 77.234077, 11.5058427 ], [ 77.2345252, 11.5063388 ] ] ] } },
{ "type": "Feature", "properties": { "osm_id": 1343268248, "highway": "residential", "name": "Unnamed Road", "bridge": "no", "surface": "unknown", "lanes": "unknown", "maxspeed": "unknown", "length_m": 125.35326007948498, "exposed_length_m": 125.35326007948498, "hazard_code": 6, "hazard_class": "H6", "road_exposure_status": "HYDRAULICALLY_EXPOSED_ROAD_SEGMENT" }, "geometry": { "type": "MultiLineString", "coordinates": [ [ [ 77.2351865, 11.5060984 ], [ 77.235544, 11.5059586 ], [ 77.2358241, 11.5058659 ], [ 77.236286400000012, 11.5057904 ] ] ] } },
{ "type": "Feature", "properties": { "osm_id": 1343268256, "highway": "residential", "name": "Unnamed Road", "bridge": "no", "surface": "unknown", "lanes": "unknown", "maxspeed": "unknown", "length_m": 129.73887146247839, "exposed_length_m": 129.73887146247839, "hazard_code": 6, "hazard_class": "H6", "road_exposure_status": "HYDRAULICALLY_EXPOSED_ROAD_SEGMENT" }, "geometry": { "type": "MultiLineString", "coordinates": [ [ [ 77.2383206, 11.5065305 ], [ 77.2382435, 11.506068 ], [ 77.2381276, 11.5053736 ] ] ] } },
{ "type": "Feature", "properties": { "osm_id": 1343268247, "highway": "residential", "name": "Unnamed Road", "bridge": "no", "surface": "unknown", "lanes": "unknown", "maxspeed": "unknown", "length_m": 218.80059434336397, "exposed_length_m": 218.80059434336397, "hazard_code": 6, "hazard_class": "H6", "road_exposure_status": "HYDRAULICALLY_EXPOSED_ROAD_SEGMENT" }, "geometry": { "type": "MultiLineString", "coordinates": [ [ [ 77.2364445, 11.5066216 ], [ 77.2360305, 11.5067024 ], [ 77.2358187, 11.506724 ], [ 77.2357472, 11.5067436 ], [ 77.2354667, 11.5068207 ], [ 77.2353423, 11.5065011 ], [ 77.2351865, 11.5060984 ], [ 77.235108, 11.5058953 ] ] ] } },
{ "type": "Feature", "properties": { "osm_id": 1343268254, "highway": "residential", "name": "Unnamed Road", "bridge": "no", "surface": "unknown", "lanes": "unknown", "maxspeed": "unknown", "length_m": 118.81500913975708, "exposed_length_m": 118.81500913975708, "hazard_code": 6, "hazard_class": "H6", "road_exposure_status": "HYDRAULICALLY_EXPOSED_ROAD_SEGMENT" }, "geometry": { "type": "MultiLineString", "coordinates": [ [ [ 77.2368804, 11.5063244 ], [ 77.2374194, 11.5062236 ], [ 77.2375953, 11.5064044 ], [ 77.2376468, 11.5066819 ] ] ] } },
{ "type": "Feature", "properties": { "osm_id": 240303464, "highway": "trunk", "name": "Unnamed Road", "bridge": "no", "surface": "asphalt", "lanes": "2", "maxspeed": "50", "length_m": 1666.8296425079561, "exposed_length_m": 1666.8296425079561, "hazard_code": 6, "hazard_class": "H6", "road_exposure_status": "HYDRAULICALLY_EXPOSED_ROAD_SEGMENT" }, "geometry": { "type": "MultiLineString", "coordinates": [ [ [ 77.244843100000011, 11.5040433 ], [ 77.2446697, 11.504028 ], [ 77.2439884, 11.5039933 ], [ 77.2439423, 11.5040035 ], [ 77.243544300000011, 11.5040913 ], [ 77.2432367, 11.5041591 ], [ 77.2431403, 11.5041804 ], [ 77.2408974, 11.5041972 ], [ 77.2408522, 11.5042087 ], [ 77.2402837, 11.5042737 ], [ 77.2397399, 11.5044065 ], [ 77.2388055, 11.5046346 ], [ 77.238343, 11.5047676 ], [ 77.2374959, 11.5050111 ], [ 77.2362899, 11.5053578 ], [ 77.236189, 11.5053868 ], [ 77.2360037, 11.50544 ], [ 77.2359144, 11.5054657 ], [ 77.2357397, 11.5055379 ], [ 77.2353855, 11.5056841 ], [ 77.2352847, 11.5057608 ], [ 77.2351618, 11.5058543 ], [ 77.235108, 11.5058953 ], [ 77.2345252, 11.5063388 ], [ 77.23391, 11.5068069 ], [ 77.233857200000017, 11.5068471 ], [ 77.2337431, 11.5069494 ], [ 77.2318151, 11.5086793 ], [ 77.2317082, 11.5087752 ], [ 77.2312903, 11.5088872 ], [ 77.2309832, 11.5089268 ] ] ] } },
{ "type": "Feature", "properties": { "osm_id": 1343268253, "highway": "residential", "name": "Unnamed Road", "bridge": "no", "surface": "unknown", "lanes": "unknown", "maxspeed": "unknown", "length_m": 75.418459405043336, "exposed_length_m": 75.418459405043336, "hazard_code": 6, "hazard_class": "H6", "road_exposure_status": "HYDRAULICALLY_EXPOSED_ROAD_SEGMENT" }, "geometry": { "type": "MultiLineString", "coordinates": [ [ [ 77.2376468, 11.5066819 ], [ 77.2383206, 11.5065305 ] ] ] } },
{ "type": "Feature", "properties": { "osm_id": 1343268210, "highway": "unclassified", "name": "Unnamed Road", "bridge": "no", "surface": "unknown", "lanes": "unknown", "maxspeed": "unknown", "length_m": 246.35306739701366, "exposed_length_m": 246.35306739701366, "hazard_code": 6, "hazard_class": "H6", "road_exposure_status": "HYDRAULICALLY_EXPOSED_ROAD_SEGMENT" }, "geometry": { "type": "MultiLineString", "coordinates": [ [ [ 77.2337431, 11.5069494 ], [ 77.2331281, 11.5063735 ], [ 77.2327022, 11.506487 ], [ 77.232534, 11.5066041 ], [ 77.2317794, 11.5067103 ] ] ] } },
{ "type": "Feature", "properties": { "osm_id": 1343268246, "highway": "residential", "name": "Unnamed Road", "bridge": "no", "surface": "unknown", "lanes": "unknown", "maxspeed": "unknown", "length_m": 285.63067352052883, "exposed_length_m": 285.63067352052883, "hazard_code": 6, "hazard_class": "H6", "road_exposure_status": "HYDRAULICALLY_EXPOSED_ROAD_SEGMENT" }, "geometry": { "type": "MultiLineString", "coordinates": [ [ [ 77.2368129, 11.5078897 ], [ 77.2364967, 11.5068964 ], [ 77.2364445, 11.5066216 ], [ 77.236286400000012, 11.5057904 ], [ 77.236189, 11.5053868 ] ] ] } },
{ "type": "Feature", "properties": { "osm_id": 1343268250, "highway": "residential", "name": "Unnamed Road", "bridge": "no", "surface": "unknown", "lanes": "unknown", "maxspeed": "unknown", "length_m": 256.03204706029504, "exposed_length_m": 256.03204706029504, "hazard_code": 6, "hazard_class": "H6", "road_exposure_status": "HYDRAULICALLY_EXPOSED_ROAD_SEGMENT" }, "geometry": { "type": "MultiLineString", "coordinates": [ [ [ 77.2371777, 11.5078447 ], [ 77.2370591, 11.5071738 ], [ 77.237016, 11.50693 ], [ 77.2369658, 11.5067824 ], [ 77.236883, 11.506539 ], [ 77.2368804, 11.5063244 ], [ 77.2368787, 11.5061731 ], [ 77.2366984, 11.5055928 ] ] ] } },
{ "type": "Feature", "properties": { "osm_id": 475981206, "highway": "unclassified", "name": "Unnamed Road", "bridge": "no", "surface": "unknown", "lanes": "unknown", "maxspeed": "unknown", "length_m": 272.06662981134434, "exposed_length_m": 272.06662981134434, "hazard_code": 6, "hazard_class": "H6", "road_exposure_status": "HYDRAULICALLY_EXPOSED_ROAD_SEGMENT" }, "geometry": { "type": "MultiLineString", "coordinates": [ [ [ 77.2357397, 11.5055379 ], [ 77.2358241, 11.5058659 ], [ 77.235842, 11.5059356 ], [ 77.2360305, 11.5067024 ], [ 77.2361205, 11.5070684 ], [ 77.2363339, 11.5079257 ] ] ] } },
{ "type": "Feature", "properties": { "osm_id": 1343268252, "highway": "residential", "name": "Unnamed Road", "bridge": "no", "surface": "unknown", "lanes": "unknown", "maxspeed": "unknown", "length_m": 121.29875368375687, "exposed_length_m": 121.29875368375687, "hazard_code": 6, "hazard_class": "H6", "road_exposure_status": "HYDRAULICALLY_EXPOSED_ROAD_SEGMENT" }, "geometry": { "type": "MultiLineString", "coordinates": [ [ [ 77.2377198, 11.5070898 ], [ 77.2376683, 11.5069385 ], [ 77.2376468, 11.5066819 ], [ 77.2369658, 11.5067824 ] ] ] } },
{ "type": "Feature", "properties": { "osm_id": 1343268249, "highway": "residential", "name": "Unnamed Road", "bridge": "no", "surface": "unknown", "lanes": "unknown", "maxspeed": "unknown", "length_m": 228.35464311576939, "exposed_length_m": 228.35464311576939, "hazard_code": 6, "hazard_class": "H6", "road_exposure_status": "HYDRAULICALLY_EXPOSED_ROAD_SEGMENT" }, "geometry": { "type": "MultiLineString", "coordinates": [ [ [ 77.235544, 11.5059586 ], [ 77.235677, 11.5064549 ], [ 77.2357472, 11.5067436 ], [ 77.2357886, 11.5068796 ], [ 77.2358616, 11.5069931 ], [ 77.2360887, 11.5079441 ] ] ] } },
{ "type": "Feature", "properties": { "osm_id": 1343268251, "highway": "residential", "name": "Unnamed Road", "bridge": "no", "surface": "unknown", "lanes": "unknown", "maxspeed": "unknown", "length_m": 72.700993362628083, "exposed_length_m": 72.700993362628083, "hazard_code": 6, "hazard_class": "H6", "road_exposure_status": "HYDRAULICALLY_EXPOSED_ROAD_SEGMENT" }, "geometry": { "type": "MultiLineString", "coordinates": [ [ [ 77.2370591, 11.5071738 ], [ 77.2377198, 11.5070898 ] ] ] } },
{ "type": "Feature", "properties": { "osm_id": 1343268245, "highway": "residential", "name": "Unnamed Road", "bridge": "no", "surface": "unknown", "lanes": "unknown", "maxspeed": "unknown", "length_m": 157.08565162484973, "exposed_length_m": 157.08565162484973, "hazard_code": 6, "hazard_class": "H6", "road_exposure_status": "HYDRAULICALLY_EXPOSED_ROAD_SEGMENT" }, "geometry": { "type": "MultiLineString", "coordinates": [ [ [ 77.2383931, 11.5071787 ], [ 77.2381017, 11.5072118 ], [ 77.2379301, 11.507052 ], [ 77.2377198, 11.5070898 ], [ 77.2378791, 11.5077583 ] ] ] } },
{ "type": "Feature", "properties": { "osm_id": 1343268209, "highway": "unclassified", "name": "Unnamed Road", "bridge": "no", "surface": "unknown", "lanes": "unknown", "maxspeed": "unknown", "length_m": 162.26156838285058, "exposed_length_m": 162.26156838285058, "hazard_code": 6, "hazard_class": "H6", "road_exposure_status": "HYDRAULICALLY_EXPOSED_ROAD_SEGMENT" }, "geometry": { "type": "MultiLineString", "coordinates": [ [ [ 77.23391, 11.5068069 ], [ 77.2342302, 11.5071606 ], [ 77.2345965, 11.5080847 ] ] ] } },
{ "type": "Feature", "properties": { "osm_id": 1343268208, "highway": "unclassified", "name": "Unnamed Road", "bridge": "no", "surface": "unknown", "lanes": "unknown", "maxspeed": "unknown", "length_m": 149.05094058288435, "exposed_length_m": 149.05094058288435, "hazard_code": 6, "hazard_class": "H6", "road_exposure_status": "HYDRAULICALLY_EXPOSED_ROAD_SEGMENT" }, "geometry": { "type": "MultiLineString", "coordinates": [ [ [ 77.2337431, 11.5069494 ], [ 77.2339575, 11.5071935 ], [ 77.2340583, 11.5074168 ], [ 77.2343479, 11.5081422 ] ] ] } },
{ "type": "Feature", "properties": { "osm_id": 1343268242, "highway": "residential", "name": "Unnamed Road", "bridge": "no", "surface": "unknown", "lanes": "unknown", "maxspeed": "unknown", "length_m": 123.66763015585036, "exposed_length_m": 123.66763015585036, "hazard_code": 6, "hazard_class": "H6", "road_exposure_status": "HYDRAULICALLY_EXPOSED_ROAD_SEGMENT" }, "geometry": { "type": "MultiLineString", "coordinates": [ [ [ 77.2392248, 11.5075924 ], [ 77.23917, 11.5071039 ], [ 77.2391328, 11.5067728 ], [ 77.2391001, 11.5064816 ] ] ] } },
{ "type": "Feature", "properties": { "osm_id": 1343268241, "highway": "residential", "name": "Unnamed Road", "bridge": "no", "surface": "unknown", "lanes": "unknown", "maxspeed": "unknown", "length_m": 289.81972072378261, "exposed_length_m": 289.81972072378261, "hazard_code": 6, "hazard_class": "H6", "road_exposure_status": "HYDRAULICALLY_EXPOSED_ROAD_SEGMENT" }, "geometry": { "type": "MultiLineString", "coordinates": [ [ [ 77.23845, 11.5076879 ], [ 77.2383931, 11.5071787 ], [ 77.2383593, 11.5068764 ], [ 77.2383206, 11.5065305 ], [ 77.2385904, 11.5065136 ], [ 77.2391001, 11.5064816 ], [ 77.239792600000015, 11.506438 ] ] ] } },
{ "type": "Feature", "properties": { "osm_id": 1343268244, "highway": "residential", "name": "Unnamed Road", "bridge": "no", "surface": "unknown", "lanes": "unknown", "maxspeed": "unknown", "length_m": 167.61462641134648, "exposed_length_m": 167.61462641134648, "hazard_code": 6, "hazard_class": "H6", "road_exposure_status": "HYDRAULICALLY_EXPOSED_ROAD_SEGMENT" }, "geometry": { "type": "MultiLineString", "coordinates": [ [ [ 77.2399217, 11.5070315 ], [ 77.23917, 11.5071039 ], [ 77.2383931, 11.5071787 ] ] ] } },
{ "type": "Feature", "properties": { "osm_id": 337239276, "highway": "residential", "name": "Unnamed Road", "bridge": "no", "surface": "unknown", "lanes": "unknown", "maxspeed": "unknown", "length_m": 62.122370211265476, "exposed_length_m": 62.122370211265476, "hazard_code": 6, "hazard_class": "H6", "road_exposure_status": "HYDRAULICALLY_EXPOSED_ROAD_SEGMENT" }, "geometry": { "type": "MultiLineString", "coordinates": [ [ [ 77.2407155, 11.5070788 ], [ 77.2402978, 11.5074602 ] ] ] } },
{ "type": "Feature", "properties": { "osm_id": 823591857, "highway": "secondary", "name": "Unnamed Road", "bridge": "no", "surface": "unknown", "lanes": "unknown", "maxspeed": "unknown", "length_m": 1698.5133630940336, "exposed_length_m": 1698.5133630940336, "hazard_code": 6, "hazard_class": "H6", "road_exposure_status": "HYDRAULICALLY_EXPOSED_ROAD_SEGMENT" }, "geometry": { "type": "MultiLineString", "coordinates": [ [ [ 77.2317082, 11.5087752 ], [ 77.2319182, 11.5087335 ], [ 77.2325252, 11.5086128 ], [ 77.2339087, 11.5082438 ], [ 77.2343479, 11.5081422 ], [ 77.2345965, 11.5080847 ], [ 77.2347675, 11.5080451 ], [ 77.2355456, 11.5079849 ], [ 77.2360887, 11.5079441 ], [ 77.2363339, 11.5079257 ], [ 77.2368129, 11.5078897 ], [ 77.2371777, 11.5078447 ], [ 77.2378791, 11.5077583 ], [ 77.23845, 11.5076879 ], [ 77.2392248, 11.5075924 ], [ 77.2399837, 11.5074989 ], [ 77.2402978, 11.5074602 ], [ 77.2405512, 11.5074757 ], [ 77.2407179, 11.507471 ], [ 77.2413374, 11.507448 ], [ 77.2420234, 11.5075257 ], [ 77.2436461, 11.5075068 ], [ 77.2438627, 11.5075043 ], [ 77.24434, 11.5074987 ], [ 77.2447968, 11.5074934 ], [ 77.2449996, 11.507491 ], [ 77.2450976, 11.5075002 ], [ 77.2459089, 11.5075765 ], [ 77.2463437, 11.5076175 ], [ 77.2470691, 11.5076857 ], [ 77.2471233, 11.5076502 ] ] ] } },
{ "type": "Feature", "properties": { "osm_id": 475981190, "highway": "residential", "name": "Unnamed Road", "bridge": "no", "surface": "unknown", "lanes": "unknown", "maxspeed": "unknown", "length_m": 132.70203200599622, "exposed_length_m": 132.70203200599622, "hazard_code": 6, "hazard_class": "H6", "road_exposure_status": "HYDRAULICALLY_EXPOSED_ROAD_SEGMENT" }, "geometry": { "type": "MultiLineString", "coordinates": [ [ [ 77.2459964, 11.5087709 ], [ 77.2459906, 11.5086258 ], [ 77.2459839, 11.5084663 ], [ 77.2459822, 11.5082937 ], [ 77.2459604, 11.5081144 ], [ 77.245926900000015, 11.5079105 ], [ 77.2459117, 11.5077231 ], [ 77.2459089, 11.5075765 ] ] ] } },
{ "type": "Feature", "properties": { "osm_id": 475981194, "highway": "residential", "name": "Unnamed Road", "bridge": "no", "surface": "unknown", "lanes": "unknown", "maxspeed": "unknown", "length_m": 80.368859947153808, "exposed_length_m": 80.368859947153808, "hazard_code": 6, "hazard_class": "H6", "road_exposure_status": "HYDRAULICALLY_EXPOSED_ROAD_SEGMENT" }, "geometry": { "type": "MultiLineString", "coordinates": [ [ [ 77.2445005, 11.5083123 ], [ 77.244628, 11.508269 ], [ 77.244863, 11.5081621 ], [ 77.2450459, 11.5081029 ], [ 77.2451926, 11.5080707 ] ] ] } },
{ "type": "Feature", "properties": { "osm_id": 475981192, "highway": "residential", "name": "Unnamed Road", "bridge": "no", "surface": "unknown", "lanes": "unknown", "maxspeed": "unknown", "length_m": 157.49366121108307, "exposed_length_m": 157.49366121108307, "hazard_code": 6, "hazard_class": "H6", "road_exposure_status": "HYDRAULICALLY_EXPOSED_ROAD_SEGMENT" }, "geometry": { "type": "MultiLineString", "coordinates": [ [ [ 77.2451214, 11.5088976 ], [ 77.2450928, 11.5087524 ], [ 77.2450962, 11.5086373 ], [ 77.2451281, 11.5084943 ], [ 77.2451751, 11.508343 ], [ 77.2452036, 11.5082493 ], [ 77.2451986, 11.5081227 ], [ 77.2451926, 11.5080707 ], [ 77.2451734, 11.5079023 ], [ 77.2451398, 11.5077181 ], [ 77.2451063, 11.5075702 ], [ 77.2450976, 11.5075002 ] ] ] } },
{ "type": "Feature", "properties": { "osm_id": 475981196, "highway": "residential", "name": "Unnamed Road", "bridge": "no", "surface": "unknown", "lanes": "unknown", "maxspeed": "unknown", "length_m": 191.88697630629821, "exposed_length_m": 191.88697630629821, "hazard_code": 6, "hazard_class": "H6", "road_exposure_status": "HYDRAULICALLY_EXPOSED_ROAD_SEGMENT" }, "geometry": { "type": "MultiLineString", "coordinates": [ [ [ 77.2438627, 11.5075043 ], [ 77.2439247, 11.5077535 ], [ 77.244012, 11.5080429 ], [ 77.2440673, 11.5082566 ], [ 77.2441177, 11.5084293 ], [ 77.2441647, 11.5085674 ], [ 77.2441831, 11.5086727 ], [ 77.2441781, 11.5088272 ], [ 77.2441714, 11.5089407 ], [ 77.2441361, 11.5090673 ], [ 77.2441219, 11.5091897 ] ] ] } },
{ "type": "Feature", "properties": { "osm_id": 475981183, "highway": "residential", "name": "Unnamed Road", "bridge": "no", "surface": "unknown", "lanes": "unknown", "maxspeed": "unknown", "length_m": 280.72038920251725, "exposed_length_m": 280.72038920251725, "hazard_code": 6, "hazard_class": "H6", "road_exposure_status": "HYDRAULICALLY_EXPOSED_ROAD_SEGMENT" }, "geometry": { "type": "MultiLineString", "coordinates": [ [ [ 77.2447411, 11.5089722 ], [ 77.2448022, 11.5089738 ], [ 77.2449215, 11.5089659 ], [ 77.2450248, 11.5089357 ], [ 77.2451214, 11.5088976 ], [ 77.2452032, 11.5088792 ], [ 77.2453199, 11.5088595 ], [ 77.2454379, 11.5088345 ], [ 77.2455572, 11.508824 ], [ 77.245694, 11.5088319 ], [ 77.2458147, 11.5088148 ], [ 77.2459797, 11.5087741 ], [ 77.2459964, 11.5087709 ], [ 77.2461125, 11.5087491 ], [ 77.2462439, 11.5087268 ], [ 77.2463726, 11.5086992 ], [ 77.2464792, 11.5086722 ], [ 77.2465336, 11.5086584 ], [ 77.2467079, 11.5086137 ], [ 77.2469265, 11.5085533 ], [ 77.2472535, 11.5084843 ] ] ] } },
{ "type": "Feature", "properties": { "osm_id": 1357862472, "highway": "tertiary", "name": "Unnamed Road", "bridge": "no", "surface": "unknown", "lanes": "unknown", "maxspeed": "unknown", "length_m": 975.46757180214138, "exposed_length_m": 920.16863234517655, "hazard_code": 4, "hazard_class": "H4", "road_exposure_status": "HYDRAULICALLY_EXPOSED_ROAD_SEGMENT" }, "geometry": { "type": "MultiLineString", "coordinates": [ [ [ 77.196198732684621, 11.506495451806392 ], [ 77.1962603, 11.5059835 ], [ 77.196582733706947, 11.504767908476211 ] ], [ [ 77.196604756859443, 11.504684879814658 ], [ 77.1967539, 11.5041226 ], [ 77.1974083, 11.5019884 ], [ 77.1975585, 11.501263 ], [ 77.1978584, 11.4982851 ] ] ] } },
{ "type": "Feature", "properties": { "osm_id": 1375827455, "highway": "unclassified", "name": "Unnamed Road", "bridge": "no", "surface": "unknown", "lanes": "unknown", "maxspeed": "unknown", "length_m": 2302.6560206469399, "exposed_length_m": 885.52017082656653, "hazard_code": 6, "hazard_class": "H6", "road_exposure_status": "HYDRAULICALLY_EXPOSED_ROAD_SEGMENT" }, "geometry": { "type": "MultiLineString", "coordinates": [ [ [ 77.181312238521812, 11.501184809923508 ], [ 77.1813057, 11.5009824 ], [ 77.1813432, 11.5008388 ], [ 77.1815101, 11.5003916 ], [ 77.1816459, 11.5000378 ], [ 77.1816675, 11.4999397 ], [ 77.1816675, 11.4998338 ], [ 77.1816243, 11.4997331 ], [ 77.181508, 11.4995689 ], [ 77.1812539, 11.4992933 ], [ 77.1811728, 11.4991158 ], [ 77.1811457, 11.4988933 ], [ 77.1811593, 11.498631 ], [ 77.1813323, 11.4979104 ], [ 77.1814648, 11.4973647 ], [ 77.1814683, 11.4972246 ], [ 77.1814756, 11.4969355 ], [ 77.1815026, 11.4959765 ], [ 77.1814756, 11.4952744 ], [ 77.1815269, 11.4949751 ], [ 77.1816729, 11.4945883 ], [ 77.1820493, 11.4935337 ] ] ] } },
{ "type": "Feature", "properties": { "osm_id": 1375866073, "highway": "unclassified", "name": "Unnamed Road", "bridge": "no", "surface": "unknown", "lanes": "unknown", "maxspeed": "unknown", "length_m": 1659.7990408671017, "exposed_length_m": 306.75154586001014, "hazard_code": 4, "hazard_class": "H4", "road_exposure_status": "HYDRAULICALLY_EXPOSED_ROAD_SEGMENT" }, "geometry": { "type": "MultiLineString", "coordinates": [ [ [ 77.127037, 11.4897999 ], [ 77.1268192, 11.4918952 ], [ 77.126700214713054, 11.4925508211173 ] ] ] } },
{ "type": "Feature", "properties": { "osm_id": 211614706, "highway": "tertiary", "name": "Unnamed Road", "bridge": "no", "surface": "unknown", "lanes": "unknown", "maxspeed": "unknown", "length_m": 6769.6202954590672, "exposed_length_m": 441.11775169839262, "hazard_code": 6, "hazard_class": "H6", "road_exposure_status": "HYDRAULICALLY_EXPOSED_ROAD_SEGMENT" }, "geometry": { "type": "MultiLineString", "coordinates": [ [ [ 77.1142061, 11.4886648 ], [ 77.11452035509906, 11.492639448463478 ] ] ] } },
{ "type": "Feature", "properties": { "osm_id": 1418699959, "highway": "track", "name": "Unnamed Road", "bridge": "no", "surface": "unknown", "lanes": "unknown", "maxspeed": "unknown", "length_m": 452.17639170557237, "exposed_length_m": 452.17639170557237, "hazard_code": 4, "hazard_class": "H4", "road_exposure_status": "HYDRAULICALLY_EXPOSED_ROAD_SEGMENT" }, "geometry": { "type": "MultiLineString", "coordinates": [ [ [ 77.1782362, 11.5003628 ], [ 77.1787619, 11.5003365 ], [ 77.1793467, 11.5004259 ], [ 77.1794379, 11.5003471 ], [ 77.1795398, 11.4997741 ], [ 77.1795666, 11.4997057 ], [ 77.1795612, 11.4995901 ], [ 77.1795076, 11.4995007 ], [ 77.1794271, 11.4994324 ], [ 77.1794915, 11.4980551 ], [ 77.179454, 11.4975505 ] ] ] } },
{ "type": "Feature", "properties": { "osm_id": 212497349, "highway": "tertiary", "name": "Unnamed Road", "bridge": "no", "surface": "unknown", "lanes": "unknown", "maxspeed": "unknown", "length_m": 3289.5167366706896, "exposed_length_m": 298.65946680314499, "hazard_code": 0, "hazard_class": "DRY", "road_exposure_status": "HYDRAULICALLY_EXPOSED_ROAD_SEGMENT" }, "geometry": { "type": "MultiLineString", "coordinates": [ [ [ 77.191094492637347, 11.50604677054714 ], [ 77.1914538, 11.5063725 ], [ 77.191597120318733, 11.506530133641006 ] ], [ [ 77.19201855886449, 11.507041949449889 ], [ 77.192119, 11.5072766 ], [ 77.1922213, 11.5073351 ], [ 77.1923765, 11.5074238 ], [ 77.1938464, 11.5074133 ], [ 77.193854144159388, 11.507410677495413 ] ] ] } },
{ "type": "Feature", "properties": { "osm_id": 131297900, "highway": "primary", "name": "Puliyampatti - Bhavanisagar - Bannari Road", "bridge": "no", "surface": "unknown", "lanes": "unknown", "maxspeed": "unknown", "length_m": 12073.815074177115, "exposed_length_m": 3419.1061329924751, "hazard_code": 6, "hazard_class": "H6", "road_exposure_status": "HYDRAULICALLY_EXPOSED_ROAD_SEGMENT" }, "geometry": { "type": "MultiLineString", "coordinates": [ [ [ 77.137173460255042, 11.494281780497902 ], [ 77.136966300000012, 11.494055 ], [ 77.1359263, 11.4929931 ], [ 77.1342012, 11.4913636 ], [ 77.133566, 11.4907411 ], [ 77.1332709, 11.4905917 ], [ 77.1331923, 11.4905519 ], [ 77.127037, 11.4897999 ], [ 77.1258947, 11.4896604 ], [ 77.121741, 11.4886144 ], [ 77.1212806, 11.4883909 ], [ 77.1209139, 11.4882993 ], [ 77.1206439, 11.488276 ], [ 77.1201113, 11.4883662 ], [ 77.1196164, 11.4884492 ], [ 77.1188803, 11.4884222 ], [ 77.1154534, 11.4885931 ], [ 77.1147177, 11.4886354 ], [ 77.1142061, 11.4886648 ], [ 77.1135008, 11.4887178 ], [ 77.1128019, 11.4887456 ], [ 77.1124154, 11.4886784 ], [ 77.112155395990115, 11.488595063000918 ] ], [ [ 77.112061287689912, 11.475951733861177 ], [ 77.1125081, 11.4756885 ], [ 77.1127354, 11.4755433 ], [ 77.11283090000002, 11.475429 ], [ 77.1128535, 11.4752315 ], [ 77.1127074, 11.4743878 ], [ 77.1126572, 11.4740756 ], [ 77.112714, 11.4739264 ], [ 77.1128304, 11.47384 ], [ 77.1129833, 11.473807 ], [ 77.1146299, 11.4734353 ] ] ] } },
{ "type": "Feature", "properties": { "osm_id": 966250309, "highway": "secondary", "name": "Sathy - Kothamangalam Road", "bridge": "no", "surface": "unknown", "lanes": "unknown", "maxspeed": "unknown", "length_m": 2901.3899944491891, "exposed_length_m": 2901.3899944491891, "hazard_code": 5, "hazard_class": "H5", "road_exposure_status": "HYDRAULICALLY_EXPOSED_ROAD_SEGMENT" }, "geometry": { "type": "MultiLineString", "coordinates": [ [ [ 77.2293403, 11.5098612 ], [ 77.2279316, 11.5098013 ], [ 77.226855, 11.5092883 ], [ 77.2267931, 11.5092269 ], [ 77.2241044, 11.5065598 ], [ 77.2204244, 11.5050133 ], [ 77.2151497, 11.5027966 ], [ 77.21154, 11.5012797 ], [ 77.209444500000018, 11.500399 ], [ 77.2053969, 11.4995244 ] ] ] } },
{ "type": "Feature", "properties": { "osm_id": 1343268175, "highway": "unclassified", "name": "Unnamed Road", "bridge": "no", "surface": "unknown", "lanes": "unknown", "maxspeed": "unknown", "length_m": 515.70506272623049, "exposed_length_m": 212.23823355667508, "hazard_code": 0, "hazard_class": "DRY", "road_exposure_status": "HYDRAULICALLY_EXPOSED_ROAD_SEGMENT" }, "geometry": { "type": "MultiLineString", "coordinates": [ [ [ 77.214918182269543, 11.50584966504888 ], [ 77.2156245, 11.5059971 ], [ 77.216797054924825, 11.506339313281318 ] ] ] } },
{ "type": "Feature", "properties": { "osm_id": 1343268207, "highway": "unclassified", "name": "Unnamed Road", "bridge": "no", "surface": "unknown", "lanes": "unknown", "maxspeed": "unknown", "length_m": 331.37834723494126, "exposed_length_m": 331.37834723494126, "hazard_code": 6, "hazard_class": "H6", "road_exposure_status": "HYDRAULICALLY_EXPOSED_ROAD_SEGMENT" }, "geometry": { "type": "MultiLineString", "coordinates": [ [ [ 77.2303689, 11.5075254 ], [ 77.2302045, 11.5076096 ], [ 77.2303016, 11.5079172 ], [ 77.2300588, 11.5080087 ], [ 77.2299878, 11.50821 ], [ 77.2300252, 11.5083198 ], [ 77.2301186, 11.5083455 ], [ 77.23056320000002, 11.5082906 ], [ 77.2308172, 11.5083308 ], [ 77.2311161, 11.5084883 ], [ 77.231344, 11.5084333 ], [ 77.2315495, 11.5086274 ], [ 77.2318151, 11.5086793 ] ] ] } },
{ "type": "Feature", "properties": { "osm_id": 640592681, "highway": "trunk", "name": "Unnamed Road", "bridge": "yes", "surface": "asphalt", "lanes": "2", "maxspeed": "50", "length_m": 45.997932521946424, "exposed_length_m": 45.997932521946424, "hazard_code": 6, "hazard_class": "H6", "road_exposure_status": "HYDRAULICALLY_EXPOSED_ROAD_SEGMENT" }, "geometry": { "type": "MultiLineString", "coordinates": [ [ [ 77.2309832, 11.5089268 ], [ 77.2305643, 11.5089728 ] ] ] } },
{ "type": "Feature", "properties": { "osm_id": 1343268196, "highway": "unclassified", "name": "Unnamed Road", "bridge": "no", "surface": "unknown", "lanes": "unknown", "maxspeed": "unknown", "length_m": 174.40343758637135, "exposed_length_m": 174.40343758637135, "hazard_code": 6, "hazard_class": "H6", "road_exposure_status": "HYDRAULICALLY_EXPOSED_ROAD_SEGMENT" }, "geometry": { "type": "MultiLineString", "coordinates": [ [ [ 77.2265628, 11.5105847 ], [ 77.226625, 11.5104182 ], [ 77.226862900000015, 11.5103849 ], [ 77.2268742, 11.5102962 ], [ 77.2267931, 11.5092269 ] ] ] } },
{ "type": "Feature", "properties": { "osm_id": 1343268197, "highway": "unclassified", "name": "Unnamed Road", "bridge": "no", "surface": "unknown", "lanes": "unknown", "maxspeed": "unknown", "length_m": 265.69021059614306, "exposed_length_m": 265.69021059614306, "hazard_code": 6, "hazard_class": "H6", "road_exposure_status": "HYDRAULICALLY_EXPOSED_ROAD_SEGMENT" }, "geometry": { "type": "MultiLineString", "coordinates": [ [ [ 77.2293403, 11.5098612 ], [ 77.2299247, 11.5100089 ], [ 77.2306789, 11.5099171 ], [ 77.2311473, 11.5099123 ], [ 77.2315318, 11.5099074 ], [ 77.2317109, 11.5097841 ] ] ] } },
{ "type": "Feature", "properties": { "osm_id": 1343268206, "highway": "unclassified", "name": "Unnamed Road", "bridge": "no", "surface": "unknown", "lanes": "unknown", "maxspeed": "unknown", "length_m": 153.69966963601269, "exposed_length_m": 153.69966963601269, "hazard_code": 5, "hazard_class": "H5", "road_exposure_status": "HYDRAULICALLY_EXPOSED_ROAD_SEGMENT" }, "geometry": { "type": "MultiLineString", "coordinates": [ [ [ 77.2287599, 11.5107812 ], [ 77.22906, 11.5106315 ], [ 77.2295234, 11.510332 ], [ 77.2299247, 11.5100089 ] ] ] } },
{ "type": "Feature", "properties": { "osm_id": 212497333, "highway": "unclassified", "name": "Unnamed Road", "bridge": "no", "surface": "unknown", "lanes": "unknown", "maxspeed": "unknown", "length_m": 1379.8084026071276, "exposed_length_m": 463.38675555828445, "hazard_code": 5, "hazard_class": "H5", "road_exposure_status": "HYDRAULICALLY_EXPOSED_ROAD_SEGMENT" }, "geometry": { "type": "MultiLineString", "coordinates": [ [ [ 77.219583945677655, 11.509029299643986 ], [ 77.2194454, 11.5082438 ], [ 77.2194668, 11.5077707 ], [ 77.2199067, 11.5063304 ], [ 77.2204244, 11.5050133 ] ] ] } },
{ "type": "Feature", "properties": { "osm_id": 1343268176, "highway": "unclassified", "name": "Unnamed Road", "bridge": "no", "surface": "unknown", "lanes": "unknown", "maxspeed": "unknown", "length_m": 2084.2519869700814, "exposed_length_m": 248.82060358530288, "hazard_code": 4, "hazard_class": "H4", "road_exposure_status": "HYDRAULICALLY_EXPOSED_ROAD_SEGMENT" }, "geometry": { "type": "MultiLineString", "coordinates": [ [ [ 77.2199067, 11.5063304 ], [ 77.2189633, 11.5064765 ], [ 77.217674510059908, 11.506780055854597 ] ] ] } },
{ "type": "Feature", "properties": { "osm_id": 1418699925, "highway": "track", "name": "Unnamed Road", "bridge": "no", "surface": "unknown", "lanes": "unknown", "maxspeed": "unknown", "length_m": 311.78131069527967, "exposed_length_m": 22.205278365659531, "hazard_code": 0, "hazard_class": "DRY", "road_exposure_status": "HYDRAULICALLY_EXPOSED_ROAD_SEGMENT" }, "geometry": { "type": "MultiLineString", "coordinates": [ [ [ 77.192021106506999, 11.507370997998787 ], [ 77.1922213, 11.5073351 ] ] ] } },
{ "type": "Feature", "properties": { "osm_id": 1375826311, "highway": "tertiary", "name": "Unnamed Road", "bridge": "no", "surface": "unknown", "lanes": "unknown", "maxspeed": "unknown", "length_m": 2986.8906471523937, "exposed_length_m": 169.65304410776582, "hazard_code": 5, "hazard_class": "H5", "road_exposure_status": "HYDRAULICALLY_EXPOSED_ROAD_SEGMENT" }, "geometry": { "type": "MultiLineString", "coordinates": [ [ [ 77.21154, 11.5012797 ], [ 77.211939935513328, 11.502761279899065 ] ] ] } },
{ "type": "Feature", "properties": { "osm_id": 1343268195, "highway": "unclassified", "name": "Unnamed Road", "bridge": "no", "surface": "unknown", "lanes": "unknown", "maxspeed": "unknown", "length_m": 419.65303097235676, "exposed_length_m": 419.65303097235676, "hazard_code": 5, "hazard_class": "H5", "road_exposure_status": "HYDRAULICALLY_EXPOSED_ROAD_SEGMENT" }, "geometry": { "type": "MultiLineString", "coordinates": [ [ [ 77.226537400000012, 11.5122955 ], [ 77.226155, 11.5115336 ], [ 77.2260758, 11.511245 ], [ 77.2258776, 11.5107734 ], [ 77.2265628, 11.5105847 ], [ 77.2271698, 11.5118847 ] ] ] } },
{ "type": "Feature", "properties": { "osm_id": 1343268205, "highway": "unclassified", "name": "Unnamed Road", "bridge": "no", "surface": "unknown", "lanes": "unknown", "maxspeed": "unknown", "length_m": 283.72340116094955, "exposed_length_m": 283.72340116094955, "hazard_code": 4, "hazard_class": "H4", "road_exposure_status": "HYDRAULICALLY_EXPOSED_ROAD_SEGMENT" }, "geometry": { "type": "MultiLineString", "coordinates": [ [ [ 77.228389, 11.5133034 ], [ 77.2284533, 11.5132404 ], [ 77.2283761, 11.5123194 ], [ 77.2285993, 11.5120124 ], [ 77.2286422, 11.5118442 ], [ 77.2285478, 11.5117139 ], [ 77.2283976, 11.5116045 ], [ 77.2281701, 11.5115372 ], [ 77.227861100000013, 11.511533 ], [ 77.2277457, 11.5115106 ] ] ] } },
{ "type": "Feature", "properties": { "osm_id": 1343268204, "highway": "unclassified", "name": "Unnamed Road", "bridge": "no", "surface": "unknown", "lanes": "unknown", "maxspeed": "unknown", "length_m": 347.62816686084244, "exposed_length_m": 247.25175149041601, "hazard_code": 4, "hazard_class": "H4", "road_exposure_status": "HYDRAULICALLY_EXPOSED_ROAD_SEGMENT" }, "geometry": { "type": "MultiLineString", "coordinates": [ [ [ 77.2275959, 11.5116079 ], [ 77.2280757, 11.5132446 ], [ 77.2281272, 11.5132866 ], [ 77.228316, 11.5132404 ], [ 77.228389, 11.5133034 ], [ 77.228391315834273, 11.51348067405905 ] ] ] } },
{ "type": "Feature", "properties": { "osm_id": 1343268192, "highway": "unclassified", "name": "Unnamed Road", "bridge": "no", "surface": "unknown", "lanes": "unknown", "maxspeed": "unknown", "length_m": 1294.0178656886221, "exposed_length_m": 452.49538190019337, "hazard_code": 3, "hazard_class": "H3", "road_exposure_status": "HYDRAULICALLY_EXPOSED_ROAD_SEGMENT" }, "geometry": { "type": "MultiLineString", "coordinates": [ [ [ 77.227290710101855, 11.516200311582226 ], [ 77.2269566, 11.5151937 ], [ 77.226709400000018, 11.5147731 ], [ 77.2268395, 11.5136513 ], [ 77.22681350000002, 11.5128991 ], [ 77.226537400000012, 11.5122955 ] ] ] } },
{ "type": "Feature", "properties": { "osm_id": 640592682, "highway": "trunk", "name": "Unnamed Road", "bridge": "no", "surface": "asphalt", "lanes": "2", "maxspeed": "50", "length_m": 4047.486727726453, "exposed_length_m": 664.51836516013782, "hazard_code": 5, "hazard_class": "H5", "road_exposure_status": "HYDRAULICALLY_EXPOSED_ROAD_SEGMENT" }, "geometry": { "type": "MultiLineString", "coordinates": [ [ [ 77.2305643, 11.5089728 ], [ 77.2301669, 11.5090643 ], [ 77.2296568, 11.5093708 ], [ 77.2293403, 11.5098612 ], [ 77.2287599, 11.5107812 ], [ 77.2286843, 11.510901 ], [ 77.2277457, 11.5115106 ], [ 77.2275959, 11.5116079 ], [ 77.2271698, 11.5118847 ], [ 77.226537400000012, 11.5122955 ], [ 77.225967913483359, 11.51266539096485 ] ] ] } },
{ "type": "Feature", "properties": { "osm_id": 1343268198, "highway": "unclassified", "name": "Unnamed Road", "bridge": "no", "surface": "unknown", "lanes": "unknown", "maxspeed": "unknown", "length_m": 120.29260530127266, "exposed_length_m": 120.29260530127266, "hazard_code": 6, "hazard_class": "H6", "road_exposure_status": "HYDRAULICALLY_EXPOSED_ROAD_SEGMENT" }, "geometry": { "type": "MultiLineString", "coordinates": [ [ [ 77.2317833, 11.5097343 ], [ 77.2319459, 11.5096224 ], [ 77.2319607, 11.5090911 ], [ 77.2319182, 11.5087335 ] ] ] } },
{ "type": "Feature", "properties": { "osm_id": 1343268199, "highway": "unclassified", "name": "Unnamed Road", "bridge": "yes", "surface": "unknown", "lanes": "unknown", "maxspeed": "unknown", "length_m": 9.6330269837490743, "exposed_length_m": 9.6330269837490743, "hazard_code": 6, "hazard_class": "H6", "road_exposure_status": "HYDRAULICALLY_EXPOSED_ROAD_SEGMENT" }, "geometry": { "type": "MultiLineString", "coordinates": [ [ [ 77.2317109, 11.5097841 ], [ 77.2317833, 11.5097343 ] ] ] } },
{ "type": "Feature", "properties": { "osm_id": 1343268202, "highway": "unclassified", "name": "Unnamed Road", "bridge": "no", "surface": "unknown", "lanes": "unknown", "maxspeed": "unknown", "length_m": 83.7220070166982, "exposed_length_m": 83.7220070166982, "hazard_code": 6, "hazard_class": "H6", "road_exposure_status": "HYDRAULICALLY_EXPOSED_ROAD_SEGMENT" }, "geometry": { "type": "MultiLineString", "coordinates": [ [ [ 77.2317109, 11.5097841 ], [ 77.2317094, 11.5105407 ] ] ] } },
{ "type": "Feature", "properties": { "osm_id": 1343268200, "highway": "unclassified", "name": "Unnamed Road", "bridge": "no", "surface": "unknown", "lanes": "unknown", "maxspeed": "unknown", "length_m": 282.79494281929595, "exposed_length_m": 282.79494281929595, "hazard_code": 6, "hazard_class": "H6", "road_exposure_status": "HYDRAULICALLY_EXPOSED_ROAD_SEGMENT" }, "geometry": { "type": "MultiLineString", "coordinates": [ [ [ 77.2319459, 11.5096224 ], [ 77.2320987, 11.5107818 ], [ 77.2321578, 11.5108784 ], [ 77.2324585, 11.5109943 ], [ 77.23341, 11.5108156 ] ] ] } },
{ "type": "Feature", "properties": { "osm_id": 1343268203, "highway": "unclassified", "name": "Unnamed Road", "bridge": "yes", "surface": "unknown", "lanes": "unknown", "maxspeed": "unknown", "length_m": 10.678265033689312, "exposed_length_m": 10.678265033689312, "hazard_code": 6, "hazard_class": "H6", "road_exposure_status": "HYDRAULICALLY_EXPOSED_ROAD_SEGMENT" }, "geometry": { "type": "MultiLineString", "coordinates": [ [ [ 77.2317094, 11.5105407 ], [ 77.2317092, 11.5106372 ] ] ] } },
{ "type": "Feature", "properties": { "osm_id": 1343268201, "highway": "unclassified", "name": "Unnamed Road", "bridge": "no", "surface": "unknown", "lanes": "unknown", "maxspeed": "unknown", "length_m": 850.3867148106184, "exposed_length_m": 850.3867148106184, "hazard_code": 5, "hazard_class": "H5", "road_exposure_status": "HYDRAULICALLY_EXPOSED_ROAD_SEGMENT" }, "geometry": { "type": "MultiLineString", "coordinates": [ [ [ 77.2317092, 11.5106372 ], [ 77.231709, 11.510705 ], [ 77.2318697, 11.5109173 ], [ 77.2319108, 11.5112907 ], [ 77.2326281, 11.5123963 ], [ 77.2327215, 11.5125391 ], [ 77.2327925, 11.5126196 ], [ 77.2332701, 11.513613 ], [ 77.2333381, 11.5139016 ], [ 77.2332758, 11.5143122 ], [ 77.2333267, 11.5146618 ], [ 77.2353936, 11.514007 ], [ 77.2355409, 11.5138905 ], [ 77.2357277, 11.5139016 ], [ 77.2364237, 11.5137137 ] ] ] } },
{ "type": "Feature", "properties": { "osm_id": 211621064, "highway": "unclassified", "name": "Unnamed Road", "bridge": "no", "surface": "unknown", "lanes": "unknown", "maxspeed": "unknown", "length_m": 711.8985004463716, "exposed_length_m": 287.1447229397462, "hazard_code": 2, "hazard_class": "H2", "road_exposure_status": "HYDRAULICALLY_EXPOSED_ROAD_SEGMENT" }, "geometry": { "type": "MultiLineString", "coordinates": [ [ [ 77.2412103, 11.5163056 ], [ 77.2406136, 11.5161966 ], [ 77.240399, 11.5162229 ], [ 77.239428100000012, 11.5166486 ], [ 77.238782143663187, 11.517015815171337 ] ] ] } },
{ "type": "Feature", "properties": { "osm_id": 211621066, "highway": "tertiary", "name": "Unnamed Road", "bridge": "no", "surface": "unknown", "lanes": "unknown", "maxspeed": "unknown", "length_m": 5384.5318178161733, "exposed_length_m": 1092.0472437618466, "hazard_code": 5, "hazard_class": "H5", "road_exposure_status": "HYDRAULICALLY_EXPOSED_ROAD_SEGMENT" }, "geometry": { "type": "MultiLineString", "coordinates": [ [ [ 77.235979319099229, 11.515229914769149 ], [ 77.2361665, 11.5141886 ], [ 77.2364237, 11.5137137 ], [ 77.2365366, 11.5135053 ], [ 77.2368639, 11.513048 ], [ 77.2371053, 11.5128114 ], [ 77.2372785, 11.5127102 ], [ 77.2375881, 11.5126327 ], [ 77.2380548, 11.5126327 ], [ 77.2384839, 11.512638 ], [ 77.238618, 11.5125696 ], [ 77.2386824, 11.5123962 ], [ 77.2386717, 11.5121123 ], [ 77.2384464, 11.5115078 ], [ 77.2384303, 11.511266 ], [ 77.2385, 11.5109348 ], [ 77.2390579, 11.5097732 ], [ 77.2397124, 11.5085904 ], [ 77.2402978, 11.5074602 ] ] ] } },
{ "type": "Feature", "properties": { "osm_id": 129863426, "highway": "primary", "name": "Perundurai - Maccanamcombai Road", "bridge": "no", "surface": "unknown", "lanes": "unknown", "maxspeed": "unknown", "length_m": 9503.8090958492103, "exposed_length_m": 1033.0185524501537, "hazard_code": 6, "hazard_class": "H6", "road_exposure_status": "HYDRAULICALLY_EXPOSED_ROAD_SEGMENT" }, "geometry": { "type": "MultiLineString", "coordinates": [ [ [ 77.305319740779609, 11.451430124061245 ], [ 77.3043837, 11.4517831 ], [ 77.303608, 11.4519214 ], [ 77.3033552, 11.4519664 ], [ 77.3029806, 11.4520331 ], [ 77.3017171, 11.4524429 ], [ 77.298684, 11.4530786 ], [ 77.2977488, 11.4531409 ], [ 77.297151, 11.4530929 ], [ 77.2967378, 11.453057 ], [ 77.2965866, 11.4531265 ], [ 77.2963812, 11.4532379 ], [ 77.2961593, 11.4533548 ] ] ] } },
{ "type": "Feature", "properties": { "osm_id": 212501314, "highway": "tertiary", "name": "Unnamed Road", "bridge": "no", "surface": "unknown", "lanes": "unknown", "maxspeed": "unknown", "length_m": 5445.9185903771186, "exposed_length_m": 1291.9581269229207, "hazard_code": 5, "hazard_class": "H5", "road_exposure_status": "HYDRAULICALLY_EXPOSED_ROAD_SEGMENT" }, "geometry": { "type": "MultiLineString", "coordinates": [ [ [ 77.298725958466463, 11.444252447943409 ], [ 77.29878, 11.4445109 ], [ 77.2987425, 11.4446424 ], [ 77.2984098, 11.4450343 ], [ 77.2982932, 11.4451716 ], [ 77.2978841, 11.4453311 ], [ 77.2977983, 11.4454468 ], [ 77.2977728, 11.4455817 ], [ 77.2978466, 11.4457202 ], [ 77.2978573, 11.4458359 ], [ 77.2977876, 11.445941 ], [ 77.2974389, 11.4462249 ], [ 77.2969615, 11.4467875 ], [ 77.2965645, 11.4470189 ], [ 77.2958309, 11.4474008 ], [ 77.2954326, 11.4477865 ], [ 77.295277, 11.4480862 ], [ 77.2951268, 11.448491 ], [ 77.2951322, 11.4487329 ], [ 77.2950906, 11.4489361 ], [ 77.2946118, 11.449369 ], [ 77.2944026, 11.4494532 ], [ 77.2937428, 11.4495057 ], [ 77.2934585, 11.4495057 ], [ 77.293378, 11.449653 ], [ 77.2933834, 11.4497949 ], [ 77.2935014, 11.4499579 ], [ 77.2938769, 11.4505468 ], [ 77.2939037, 11.4509043 ], [ 77.293866200000011, 11.4511041 ], [ 77.2937549, 11.4513546 ], [ 77.2931326, 11.4524429 ], [ 77.2930482, 11.4525843 ] ] ] } },
{ "type": "Feature", "properties": { "osm_id": 1343297013, "highway": "unclassified", "name": "Unnamed Road", "bridge": "no", "surface": "unknown", "lanes": "unknown", "maxspeed": "unknown", "length_m": 1469.5345617139114, "exposed_length_m": 423.741703431725, "hazard_code": 2, "hazard_class": "H2", "road_exposure_status": "HYDRAULICALLY_EXPOSED_ROAD_SEGMENT" }, "geometry": { "type": "MultiLineString", "coordinates": [ [ [ 77.301481988475715, 11.445804997341083 ], [ 77.301425900000012, 11.4458914 ], [ 77.3010075, 11.4462722 ], [ 77.3008234, 11.4464527 ], [ 77.3007609, 11.4465139 ], [ 77.2995355, 11.4474146 ], [ 77.2991544, 11.4477076 ], [ 77.2989751, 11.4481763 ], [ 77.29875491070915, 11.448434061016632 ] ] ] } },
{ "type": "Feature", "properties": { "osm_id": 1343335819, "highway": "unclassified", "name": "Unnamed Road", "bridge": "no", "surface": "unknown", "lanes": "unknown", "maxspeed": "unknown", "length_m": 356.99176058605212, "exposed_length_m": 356.99176058605212, "hazard_code": 5, "hazard_class": "H5", "road_exposure_status": "HYDRAULICALLY_EXPOSED_ROAD_SEGMENT" }, "geometry": { "type": "MultiLineString", "coordinates": [ [ [ 77.2984098, 11.4450343 ], [ 77.2986592, 11.4451795 ], [ 77.2990625, 11.4451667 ], [ 77.2993357, 11.445052 ], [ 77.2995503, 11.4450137 ], [ 77.299765, 11.4450392 ], [ 77.2999666, 11.4452368 ], [ 77.3001943, 11.4457086 ], [ 77.3003504, 11.4461294 ], [ 77.3006106, 11.446276 ], [ 77.3008234, 11.4464527 ] ] ] } },
{ "type": "Feature", "properties": { "osm_id": 1343297014, "highway": "unclassified", "name": "Unnamed Road", "bridge": "no", "surface": "unknown", "lanes": "unknown", "maxspeed": "unknown", "length_m": 788.81244622802035, "exposed_length_m": 255.33865690031763, "hazard_code": 2, "hazard_class": "H2", "road_exposure_status": "HYDRAULICALLY_EXPOSED_ROAD_SEGMENT" }, "geometry": { "type": "MultiLineString", "coordinates": [ [ [ 77.303307034649663, 11.449638594260925 ], [ 77.3034539, 11.4502539 ], [ 77.3035183, 11.4512423 ], [ 77.303608, 11.4519214 ] ] ] } },
{ "type": "Feature", "properties": { "osm_id": 1263299349, "highway": "footway", "name": "Unnamed Road", "bridge": "no", "surface": "unknown", "lanes": "unknown", "maxspeed": "unknown", "length_m": 136.3822791142029, "exposed_length_m": 136.3822791142029, "hazard_code": 6, "hazard_class": "H6", "road_exposure_status": "HYDRAULICALLY_EXPOSED_ROAD_SEGMENT" }, "geometry": { "type": "MultiLineString", "coordinates": [ [ [ 77.3027589, 11.4542937 ], [ 77.3027075, 11.4537507 ], [ 77.3026427, 11.4530666 ] ] ] } },
{ "type": "Feature", "properties": { "osm_id": 1263299347, "highway": "service", "name": "Unnamed Road", "bridge": "no", "surface": "gravel", "lanes": "unknown", "maxspeed": "20", "length_m": 459.1981747941806, "exposed_length_m": 459.1981747941806, "hazard_code": 5, "hazard_class": "H5", "road_exposure_status": "HYDRAULICALLY_EXPOSED_ROAD_SEGMENT" }, "geometry": { "type": "MultiLineString", "coordinates": [ [ [ 77.3029867, 11.4553893 ], [ 77.3037105, 11.4553841 ], [ 77.3036471, 11.4547715 ], [ 77.3035897, 11.4542177 ], [ 77.3035319, 11.4536589 ], [ 77.3033789, 11.4521814 ], [ 77.3033552, 11.4519664 ] ] ] } },
{ "type": "Feature", "properties": { "osm_id": 1263299350, "highway": "footway", "name": "Unnamed Road", "bridge": "no", "surface": "unknown", "lanes": "unknown", "maxspeed": "unknown", "length_m": 90.561931082090751, "exposed_length_m": 90.561931082090751, "hazard_code": 6, "hazard_class": "H6", "road_exposure_status": "HYDRAULICALLY_EXPOSED_ROAD_SEGMENT" }, "geometry": { "type": "MultiLineString", "coordinates": [ [ [ 77.3027075, 11.4537507 ], [ 77.3035319, 11.4536589 ] ] ] } },
{ "type": "Feature", "properties": { "osm_id": 1263299348, "highway": "footway", "name": "Unnamed Road", "bridge": "no", "surface": "unknown", "lanes": "unknown", "maxspeed": "unknown", "length_m": 91.077941965601383, "exposed_length_m": 91.077941965601383, "hazard_code": 6, "hazard_class": "H6", "road_exposure_status": "HYDRAULICALLY_EXPOSED_ROAD_SEGMENT" }, "geometry": { "type": "MultiLineString", "coordinates": [ [ [ 77.3027589, 11.4542937 ], [ 77.3027957, 11.4542903 ], [ 77.3034193, 11.4542333 ], [ 77.3035897, 11.4542177 ] ] ] } },
{ "type": "Feature", "properties": { "osm_id": 1263299353, "highway": "footway", "name": "Unnamed Road", "bridge": "no", "surface": "unknown", "lanes": "unknown", "maxspeed": "unknown", "length_m": 49.981671937959497, "exposed_length_m": 49.981671937959497, "hazard_code": 5, "hazard_class": "H5", "road_exposure_status": "HYDRAULICALLY_EXPOSED_ROAD_SEGMENT" }, "geometry": { "type": "MultiLineString", "coordinates": [ [ [ 77.3027957, 11.4542903 ], [ 77.3028435, 11.4547395 ] ] ] } },
{ "type": "Feature", "properties": { "osm_id": 1263299351, "highway": "footway", "name": "Unnamed Road", "bridge": "no", "surface": "unknown", "lanes": "unknown", "maxspeed": "unknown", "length_m": 139.06712457367917, "exposed_length_m": 139.06712457367917, "hazard_code": 5, "hazard_class": "H5", "road_exposure_status": "HYDRAULICALLY_EXPOSED_ROAD_SEGMENT" }, "geometry": { "type": "MultiLineString", "coordinates": [ [ [ 77.3034193, 11.4542333 ], [ 77.3035001, 11.4549777 ], [ 77.30298590000001, 11.4550067 ] ] ] } },
{ "type": "Feature", "properties": { "osm_id": 1263299358, "highway": "footway", "name": "Unnamed Road", "bridge": "no", "surface": "unknown", "lanes": "unknown", "maxspeed": "unknown", "length_m": 32.376946837029053, "exposed_length_m": 32.376946837029053, "hazard_code": 5, "hazard_class": "H5", "road_exposure_status": "HYDRAULICALLY_EXPOSED_ROAD_SEGMENT" }, "geometry": { "type": "MultiLineString", "coordinates": [ [ [ 77.3036471, 11.4547715 ], [ 77.3039416, 11.4547367 ] ] ] } },
{ "type": "Feature", "properties": { "osm_id": 1263299356, "highway": "footway", "name": "Unnamed Road", "bridge": "yes", "surface": "unknown", "lanes": "unknown", "maxspeed": "unknown", "length_m": 6.0014536202204027, "exposed_length_m": 6.0014536202204027, "hazard_code": 5, "hazard_class": "H5", "road_exposure_status": "HYDRAULICALLY_EXPOSED_ROAD_SEGMENT" }, "geometry": { "type": "MultiLineString", "coordinates": [ [ [ 77.3028435, 11.4547395 ], [ 77.3028531, 11.4547929 ] ] ] } },
{ "type": "Feature", "properties": { "osm_id": 1263299354, "highway": "footway", "name": "Unnamed Road", "bridge": "no", "surface": "unknown", "lanes": "unknown", "maxspeed": "unknown", "length_m": 40.909729615584752, "exposed_length_m": 40.909729615584752, "hazard_code": 5, "hazard_class": "H5", "road_exposure_status": "HYDRAULICALLY_EXPOSED_ROAD_SEGMENT" }, "geometry": { "type": "MultiLineString", "coordinates": [ [ [ 77.3025762, 11.454798 ], [ 77.3029476, 11.4547485 ] ] ] } },
{ "type": "Feature", "properties": { "osm_id": 1263299355, "highway": "footway", "name": "Unnamed Road", "bridge": "no", "surface": "unknown", "lanes": "unknown", "maxspeed": "unknown", "length_m": 34.949646334760466, "exposed_length_m": 34.949646334760466, "hazard_code": 5, "hazard_class": "H5", "road_exposure_status": "HYDRAULICALLY_EXPOSED_ROAD_SEGMENT" }, "geometry": { "type": "MultiLineString", "coordinates": [ [ [ 77.3028531, 11.4547929 ], [ 77.3028924, 11.4550129 ], [ 77.30298590000001, 11.4550067 ] ] ] } },
{ "type": "Feature", "properties": { "osm_id": 1263299352, "highway": "footway", "name": "Unnamed Road", "bridge": "no", "surface": "unknown", "lanes": "unknown", "maxspeed": "unknown", "length_m": 10.471024997919461, "exposed_length_m": 10.471024997919461, "hazard_code": 5, "hazard_class": "H5", "road_exposure_status": "HYDRAULICALLY_EXPOSED_ROAD_SEGMENT" }, "geometry": { "type": "MultiLineString", "coordinates": [ [ [ 77.3035001, 11.4549777 ], [ 77.3035956, 11.4549688 ] ] ] } },
{ "type": "Feature", "properties": { "osm_id": 1263299357, "highway": "footway", "name": "Unnamed Road", "bridge": "no", "surface": "unknown", "lanes": "unknown", "maxspeed": "unknown", "length_m": 23.453926040007811, "exposed_length_m": 23.453926040007811, "hazard_code": 5, "hazard_class": "H5", "road_exposure_status": "HYDRAULICALLY_EXPOSED_ROAD_SEGMENT" }, "geometry": { "type": "MultiLineString", "coordinates": [ [ [ 77.3037105, 11.4553841 ], [ 77.303925, 11.4553718 ] ] ] } },
{ "type": "Feature", "properties": { "osm_id": 1369906526, "highway": "primary", "name": "Udhagamandalam - Kotagiri - Mettupalayam - Sathy - Gobi - Erode Road", "bridge": "no", "surface": "unknown", "lanes": "unknown", "maxspeed": "unknown", "length_m": 1224.4988827600935, "exposed_length_m": 1096.030492708411, "hazard_code": 5, "hazard_class": "H5", "road_exposure_status": "HYDRAULICALLY_EXPOSED_ROAD_SEGMENT" }, "geometry": { "type": "MultiLineString", "coordinates": [ [ [ 77.305166749071901, 11.458660885663566 ], [ 77.303019, 11.4577583 ], [ 77.3023296, 11.4574463 ], [ 77.3003786, 11.4565642 ], [ 77.2999586, 11.4561066 ], [ 77.2992624, 11.4554485 ], [ 77.297787500000013, 11.4546142 ], [ 77.2970767, 11.4542495 ], [ 77.2964403, 11.4539386 ] ] ] } },
{ "type": "Feature", "properties": { "osm_id": 1263284143, "highway": "service", "name": "Unnamed Road", "bridge": "no", "surface": "asphalt", "lanes": "unknown", "maxspeed": "20", "length_m": 205.13602311169259, "exposed_length_m": 205.13602311169259, "hazard_code": 5, "hazard_class": "H5", "road_exposure_status": "HYDRAULICALLY_EXPOSED_ROAD_SEGMENT" }, "geometry": { "type": "MultiLineString", "coordinates": [ [ [ 77.3023296, 11.4574463 ], [ 77.3024886, 11.4555992 ] ] ] } },
{ "type": "Feature", "properties": { "osm_id": 1343396183, "highway": "unclassified", "name": "Unnamed Road", "bridge": "no", "surface": "unknown", "lanes": "unknown", "maxspeed": "unknown", "length_m": 546.31740172108516, "exposed_length_m": 27.099679556008955, "hazard_code": 5, "hazard_class": "H5", "road_exposure_status": "HYDRAULICALLY_EXPOSED_ROAD_SEGMENT" }, "geometry": { "type": "MultiLineString", "coordinates": [ [ [ 77.3074281, 11.4661158 ], [ 77.307397112561674, 11.465872825062835 ] ] ] } },
{ "type": "Feature", "properties": { "osm_id": 1343396184, "highway": "unclassified", "name": "Unnamed Road", "bridge": "no", "surface": "unknown", "lanes": "unknown", "maxspeed": "unknown", "length_m": 1372.5337264803165, "exposed_length_m": 890.59299003077501, "hazard_code": 5, "hazard_class": "H5", "road_exposure_status": "HYDRAULICALLY_EXPOSED_ROAD_SEGMENT" }, "geometry": { "type": "MultiLineString", "coordinates": [ [ [ 77.314418410907862, 11.463106201713195 ], [ 77.3137898, 11.4637571 ], [ 77.3136727, 11.4639101 ], [ 77.3136467, 11.465848 ], [ 77.3126449, 11.4658608 ], [ 77.3118643, 11.465899 ], [ 77.3116042, 11.4660265 ], [ 77.3112269, 11.466256 ], [ 77.310814831051729, 11.466954448072771 ] ], [ [ 77.310400657062473, 11.467656460844287 ], [ 77.3101211, 11.4681303 ], [ 77.3097958, 11.468704 ], [ 77.309759600000021, 11.4692254 ] ] ] } },
{ "type": "Feature", "properties": { "osm_id": 1343396174, "highway": "unclassified", "name": "Unnamed Road", "bridge": "no", "surface": "unknown", "lanes": "unknown", "maxspeed": "unknown", "length_m": 126.68158061070304, "exposed_length_m": 126.68158061070304, "hazard_code": 5, "hazard_class": "H5", "road_exposure_status": "HYDRAULICALLY_EXPOSED_ROAD_SEGMENT" }, "geometry": { "type": "MultiLineString", "coordinates": [ [ [ 77.3021756, 11.4649242 ], [ 77.303005, 11.4650048 ], [ 77.3033278, 11.4650573 ] ] ] } },
{ "type": "Feature", "properties": { "osm_id": 1343396173, "highway": "unclassified", "name": "Unnamed Road", "bridge": "no", "surface": "unknown", "lanes": "unknown", "maxspeed": "unknown", "length_m": 73.70524824573647, "exposed_length_m": 73.70524824573647, "hazard_code": 6, "hazard_class": "H6", "road_exposure_status": "HYDRAULICALLY_EXPOSED_ROAD_SEGMENT" }, "geometry": { "type": "MultiLineString", "coordinates": [ [ [ 77.3021756, 11.4653929 ], [ 77.3021756, 11.4649242 ], [ 77.3020125, 11.4648099 ] ] ] } },
{ "type": "Feature", "properties": { "osm_id": 1343396171, "highway": "unclassified", "name": "Unnamed Road", "bridge": "no", "surface": "unknown", "lanes": "unknown", "maxspeed": "unknown", "length_m": 176.30267445239133, "exposed_length_m": 176.30267445239133, "hazard_code": 5, "hazard_class": "H5", "road_exposure_status": "HYDRAULICALLY_EXPOSED_ROAD_SEGMENT" }, "geometry": { "type": "MultiLineString", "coordinates": [ [ [ 77.3013495, 11.4654255 ], [ 77.3018838, 11.4654044 ], [ 77.3021756, 11.4653929 ], [ 77.3029561, 11.4655028 ] ] ] } },
{ "type": "Feature", "properties": { "osm_id": 1343396172, "highway": "unclassified", "name": "Unnamed Road", "bridge": "no", "surface": "unknown", "lanes": "unknown", "maxspeed": "unknown", "length_m": 24.655139198749556, "exposed_length_m": 24.655139198749556, "hazard_code": 5, "hazard_class": "H5", "road_exposure_status": "HYDRAULICALLY_EXPOSED_ROAD_SEGMENT" }, "geometry": { "type": "MultiLineString", "coordinates": [ [ [ 77.3018842, 11.4656272 ], [ 77.3018838, 11.4654044 ] ] ] } },
{ "type": "Feature", "properties": { "osm_id": 1343396175, "highway": "unclassified", "name": "Unnamed Road", "bridge": "no", "surface": "unknown", "lanes": "unknown", "maxspeed": "unknown", "length_m": 297.60160586156468, "exposed_length_m": 297.60160586156468, "hazard_code": 5, "hazard_class": "H5", "road_exposure_status": "HYDRAULICALLY_EXPOSED_ROAD_SEGMENT" }, "geometry": { "type": "MultiLineString", "coordinates": [ [ [ 77.3025911, 11.4660173 ], [ 77.303147, 11.4661618 ], [ 77.3038793, 11.4662424 ], [ 77.3038867, 11.4659055 ], [ 77.3028509, 11.4656289 ] ] ] } },
{ "type": "Feature", "properties": { "osm_id": 211629935, "highway": "secondary", "name": "Kodivery Dam Road", "bridge": "no", "surface": "unknown", "lanes": "unknown", "maxspeed": "unknown", "length_m": 1684.9656647268098, "exposed_length_m": 1195.6649897617183, "hazard_code": 6, "hazard_class": "H6", "road_exposure_status": "HYDRAULICALLY_EXPOSED_ROAD_SEGMENT" }, "geometry": { "type": "MultiLineString", "coordinates": [ [ [ 77.303457468192661, 11.463497586277381 ], [ 77.302980300000016, 11.4639113 ], [ 77.3020125, 11.4648099 ], [ 77.3013495, 11.4654255 ], [ 77.301191, 11.4655725 ], [ 77.3008507, 11.4658881 ], [ 77.300738, 11.4661089 ], [ 77.3005985, 11.4667398 ], [ 77.3005985, 11.4676336 ], [ 77.3002836, 11.4686574 ], [ 77.3000031, 11.4691109 ], [ 77.299023, 11.4702661 ], [ 77.2976856, 11.471729 ], [ 77.2974095, 11.4720613 ] ] ] } },
{ "type": "Feature", "properties": { "osm_id": 1001297626, "highway": "unclassified", "name": "Unnamed Road", "bridge": "no", "surface": "asphalt", "lanes": "unknown", "maxspeed": "unknown", "length_m": 2450.357541178319, "exposed_length_m": 1872.5828827543905, "hazard_code": 6, "hazard_class": "H6", "road_exposure_status": "HYDRAULICALLY_EXPOSED_ROAD_SEGMENT" }, "geometry": { "type": "MultiLineString", "coordinates": [ [ [ 77.314494853209055, 11.468840416772656 ], [ 77.3143859, 11.4688576 ], [ 77.3136485, 11.4688976 ], [ 77.3133463, 11.4689301 ], [ 77.3128053, 11.4688526 ], [ 77.3124473, 11.4687275 ], [ 77.3119242, 11.46874 ], [ 77.3109661, 11.4689826 ], [ 77.3106165, 11.4690301 ], [ 77.3103511, 11.4691026 ], [ 77.3100443, 11.4692152 ], [ 77.309759600000021, 11.4692254 ], [ 77.3094837, 11.4692352 ], [ 77.309130300000021, 11.4692627 ], [ 77.3088649, 11.4692927 ], [ 77.308574, 11.4693577 ], [ 77.3079259, 11.4695703 ], [ 77.3072293, 11.4697478 ], [ 77.3071808, 11.4697578 ], [ 77.306600906739504, 11.46949388632134 ] ], [ [ 77.30625347438847, 11.46935378638209 ], [ 77.3057681, 11.4692177 ], [ 77.3056712, 11.4691652 ], [ 77.3055997, 11.4691126 ], [ 77.3052042, 11.4684975 ], [ 77.3050946, 11.4683949 ], [ 77.3048981, 11.4682799 ], [ 77.3047891, 11.4682374 ], [ 77.3046079, 11.4681899 ], [ 77.3039368, 11.4681474 ], [ 77.3036715, 11.4681474 ], [ 77.3031305, 11.4681824 ], [ 77.3027286, 11.4681874 ], [ 77.3025219, 11.4681349 ], [ 77.3021645, 11.4678848 ], [ 77.3020548, 11.4677785 ], [ 77.3020191, 11.467716 ], [ 77.3019936, 11.4676134 ], [ 77.301968, 11.4675759 ], [ 77.3018507, 11.4675434 ], [ 77.3020038, 11.4669719 ], [ 77.3023176, 11.4664167 ], [ 77.3024962, 11.4661667 ], [ 77.3025911, 11.4660173 ], [ 77.3027233, 11.4658091 ], [ 77.3028509, 11.4656289 ], [ 77.3018842, 11.4656272 ], [ 77.3014067, 11.4656264 ], [ 77.3012944, 11.4656189 ], [ 77.301191, 11.4655725 ] ] ] } },
{ "type": "Feature", "properties": { "osm_id": 1369906520, "highway": "primary", "name": "Udhagamandalam - Kotagiri - Mettupalayam - Sathy - Gobi - Erode Road", "bridge": "no", "surface": "unknown", "lanes": "unknown", "maxspeed": "unknown", "length_m": 8402.1581629359534, "exposed_length_m": 7823.3161532288905, "hazard_code": 5, "hazard_class": "H5", "road_exposure_status": "HYDRAULICALLY_EXPOSED_ROAD_SEGMENT" }, "geometry": { "type": "MultiLineString", "coordinates": [ [ [ 77.2949304, 11.4535471 ], [ 77.2948651, 11.4535402 ], [ 77.2940765, 11.4534524 ], [ 77.2930482, 11.4525843 ], [ 77.2911867, 11.4513625 ], [ 77.2894422, 11.4503819 ], [ 77.2882149, 11.4504455 ], [ 77.2878488, 11.4504645 ], [ 77.287777870018417, 11.45046817101373 ] ], [ [ 77.28686214638887, 11.450518263655573 ], [ 77.2862887, 11.4505725 ], [ 77.285126, 11.4506826 ], [ 77.2813618, 11.4516516 ], [ 77.2806485, 11.4517066 ], [ 77.279849500000012, 11.4517683 ], [ 77.2786206, 11.4520244 ], [ 77.2783477, 11.4520418 ], [ 77.2775329, 11.4520939 ], [ 77.2773175, 11.4521077 ], [ 77.2766792, 11.4521485 ], [ 77.2757597, 11.4521479 ], [ 77.2751678, 11.451964 ], [ 77.2738432, 11.4515525 ], [ 77.2720465, 11.4509944 ], [ 77.2712713, 11.4508356 ], [ 77.2695231, 11.4508743 ], [ 77.2692224, 11.4508809 ], [ 77.2684866, 11.4508972 ], [ 77.2673757, 11.4509981 ], [ 77.2672085, 11.451034 ], [ 77.2665946, 11.4511658 ], [ 77.2651129, 11.4516666 ], [ 77.2636587, 11.4522873 ], [ 77.263426, 11.4523287 ], [ 77.2621529, 11.4525554 ], [ 77.258664900000014, 11.4529008 ], [ 77.2583355, 11.4529855 ], [ 77.2580934, 11.4531384 ], [ 77.2566765, 11.4540332 ], [ 77.2562094, 11.4543282 ], [ 77.2561635, 11.4543572 ], [ 77.2549291, 11.4548761 ], [ 77.2542709, 11.4552131 ], [ 77.2539399, 11.4557389 ], [ 77.253836, 11.4561334 ], [ 77.2532172, 11.4584825 ], [ 77.2527993, 11.4600691 ], [ 77.252680900000016, 11.4605185 ], [ 77.2518677, 11.4638575 ], [ 77.2518754, 11.4639983 ], [ 77.2520088, 11.4664462 ], [ 77.2517829, 11.467535 ], [ 77.2516371, 11.4692297 ], [ 77.2514154, 11.4718065 ], [ 77.2510035, 11.4749388 ], [ 77.2505488, 11.4764281 ], [ 77.2502074, 11.4775464 ], [ 77.2501822, 11.4776412 ], [ 77.2498056, 11.4790609 ], [ 77.2495276, 11.4801089 ], [ 77.2490227, 11.4820122 ], [ 77.2488738, 11.4825737 ], [ 77.2488064, 11.4827315 ], [ 77.248642314167427, 11.483115887077776 ] ], [ [ 77.248064346354226, 11.484410105099947 ], [ 77.247740795160809, 11.48497574988752 ] ] ] } },
{ "type": "Feature", "properties": { "osm_id": 211623124, "highway": "tertiary", "name": "Unnamed Road", "bridge": "no", "surface": "unknown", "lanes": "unknown", "maxspeed": "unknown", "length_m": 4008.7388324925123, "exposed_length_m": 2782.3385522582944, "hazard_code": 6, "hazard_class": "H6", "road_exposure_status": "HYDRAULICALLY_EXPOSED_ROAD_SEGMENT" }, "geometry": { "type": "MultiLineString", "coordinates": [ [ [ 77.2766625, 11.4575238 ], [ 77.2756003, 11.4576289 ], [ 77.2755038, 11.457692 ], [ 77.2752801, 11.4579218 ], [ 77.2747742, 11.4588171 ], [ 77.2744861, 11.4600458 ], [ 77.2743129, 11.4619401 ], [ 77.2743987, 11.4644005 ], [ 77.2743021, 11.4645267 ], [ 77.2724155, 11.4649247 ], [ 77.2722959, 11.4650525 ], [ 77.2721993, 11.4661144 ], [ 77.271974, 11.4662511 ], [ 77.2696029, 11.4673131 ], [ 77.2695385, 11.4675129 ], [ 77.2695385, 11.4679545 ], [ 77.2692489, 11.4686695 ], [ 77.2692703, 11.4690901 ], [ 77.2692703, 11.4692794 ], [ 77.2690681, 11.4693619 ], [ 77.2690144, 11.4694986 ], [ 77.2691325, 11.4702661 ], [ 77.2690665, 11.4703518 ], [ 77.2687124, 11.470499 ], [ 77.268648, 11.4706673 ], [ 77.268691, 11.4709827 ], [ 77.2686588, 11.4713192 ], [ 77.2685515, 11.4720342 ], [ 77.2686373, 11.4723706 ], [ 77.269324, 11.4730015 ], [ 77.2696673, 11.473359 ], [ 77.2700777, 11.4739321 ], [ 77.2707992, 11.4747048 ], [ 77.2709294, 11.4748372 ], [ 77.2711359, 11.4750251 ], [ 77.271347165152548, 11.475192556406025 ] ], [ [ 77.271485974971696, 11.475302581879351 ], [ 77.2715704, 11.4753695 ], [ 77.2716026, 11.4754089 ], [ 77.2716078, 11.4754396 ], [ 77.2716066, 11.4754647 ], [ 77.2715878, 11.4754956 ], [ 77.2715422, 11.4755429 ], [ 77.271488343734404, 11.475598652203701 ] ], [ [ 77.263811520979587, 11.48338456586762 ], [ 77.262972, 11.4839855 ] ] ] } },
{ "type": "Feature", "properties": { "osm_id": 555413880, "highway": "secondary", "name": "Kodivery Dam Road", "bridge": "yes", "surface": "unknown", "lanes": "unknown", "maxspeed": "unknown", "length_m": 36.704728676838585, "exposed_length_m": 36.704728676838585, "hazard_code": 6, "hazard_class": "H6", "road_exposure_status": "HYDRAULICALLY_EXPOSED_ROAD_SEGMENT" }, "geometry": { "type": "MultiLineString", "coordinates": [ [ [ 77.2974095, 11.4720613 ], [ 77.297223300000013, 11.4723375 ] ] ] } },
{ "type": "Feature", "properties": { "osm_id": 555413878, "highway": "secondary", "name": "Kodivery Dam Road", "bridge": "no", "surface": "unknown", "lanes": "unknown", "maxspeed": "unknown", "length_m": 410.92234763657171, "exposed_length_m": 410.92234763657171, "hazard_code": 6, "hazard_class": "H6", "road_exposure_status": "HYDRAULICALLY_EXPOSED_ROAD_SEGMENT" }, "geometry": { "type": "MultiLineString", "coordinates": [ [ [ 77.297223300000013, 11.4723375 ], [ 77.2972298, 11.4723807 ], [ 77.2972565, 11.4724229 ], [ 77.2977239, 11.4726649 ], [ 77.2980237, 11.4728011 ], [ 77.2982976, 11.4728529 ], [ 77.2985172, 11.4728604 ], [ 77.298542, 11.4728703 ], [ 77.2985668, 11.4728861 ], [ 77.2986044, 11.4729301 ], [ 77.2986285, 11.4729827 ], [ 77.298638, 11.4730342 ], [ 77.2986292, 11.4731246 ], [ 77.298601, 11.4731937 ], [ 77.2985145, 11.4732929 ], [ 77.2984149, 11.4733526 ], [ 77.2981832, 11.4734816 ], [ 77.297484, 11.4738366 ], [ 77.296931, 11.4741087 ] ] ] } },
{ "type": "Feature", "properties": { "osm_id": 1000692331, "highway": "secondary", "name": "Kodivery Dam Road", "bridge": "yes", "surface": "unknown", "lanes": "unknown", "maxspeed": "unknown", "length_m": 50.097062814755986, "exposed_length_m": 50.097062814755986, "hazard_code": 6, "hazard_class": "H6", "road_exposure_status": "HYDRAULICALLY_EXPOSED_ROAD_SEGMENT" }, "geometry": { "type": "MultiLineString", "coordinates": [ [ [ 77.296931, 11.4741087 ], [ 77.2965203, 11.4743108 ] ] ] } },
{ "type": "Feature", "properties": { "osm_id": 1000692330, "highway": "secondary", "name": "Kodivery Dam Road", "bridge": "no", "surface": "unknown", "lanes": "unknown", "maxspeed": "unknown", "length_m": 112.35699346836404, "exposed_length_m": 112.35699346836404, "hazard_code": 6, "hazard_class": "H6", "road_exposure_status": "HYDRAULICALLY_EXPOSED_ROAD_SEGMENT" }, "geometry": { "type": "MultiLineString", "coordinates": [ [ [ 77.2965203, 11.4743108 ], [ 77.2963441, 11.4743975 ], [ 77.2959964, 11.4745208 ], [ 77.2958833, 11.4745428 ], [ 77.2957666, 11.4745283 ], [ 77.2955376, 11.4745063 ] ] ] } },
{ "type": "Feature", "properties": { "osm_id": 1000692329, "highway": "secondary", "name": "Kodivery Dam Road", "bridge": "yes", "surface": "unknown", "lanes": "unknown", "maxspeed": "unknown", "length_m": 23.836382109931581, "exposed_length_m": 23.836382109931581, "hazard_code": 6, "hazard_class": "H6", "road_exposure_status": "HYDRAULICALLY_EXPOSED_ROAD_SEGMENT" }, "geometry": { "type": "MultiLineString", "coordinates": [ [ [ 77.2955376, 11.4745063 ], [ 77.2953197, 11.474492 ] ] ] } },
{ "type": "Feature", "properties": { "osm_id": 1000692328, "highway": "secondary", "name": "Kodivery Dam Road", "bridge": "no", "surface": "unknown", "lanes": "unknown", "maxspeed": "unknown", "length_m": 11.721555591626004, "exposed_length_m": 11.721555591626004, "hazard_code": 6, "hazard_class": "H6", "road_exposure_status": "HYDRAULICALLY_EXPOSED_ROAD_SEGMENT" }, "geometry": { "type": "MultiLineString", "coordinates": [ [ [ 77.2953197, 11.474492 ], [ 77.2953146, 11.4744917 ], [ 77.2952174, 11.4745231 ] ] ] } },
{ "type": "Feature", "properties": { "osm_id": 1000692327, "highway": "secondary", "name": "Kodivery Dam Road", "bridge": "no", "surface": "unknown", "lanes": "unknown", "maxspeed": "unknown", "length_m": 50.022677179595426, "exposed_length_m": 50.022677179595426, "hazard_code": 6, "hazard_class": "H6", "road_exposure_status": "HYDRAULICALLY_EXPOSED_ROAD_SEGMENT" }, "geometry": { "type": "MultiLineString", "coordinates": [ [ [ 77.2952174, 11.4745231 ], [ 77.294847, 11.4747893 ] ] ] } },
{ "type": "Feature", "properties": { "osm_id": 211623159, "highway": "tertiary", "name": "Unnamed Road", "bridge": "no", "surface": "unknown", "lanes": "unknown", "maxspeed": "unknown", "length_m": 277.88478499555004, "exposed_length_m": 277.88478499555004, "hazard_code": 6, "hazard_class": "H6", "road_exposure_status": "HYDRAULICALLY_EXPOSED_ROAD_SEGMENT" }, "geometry": { "type": "MultiLineString", "coordinates": [ [ [ 77.2879921, 11.4752936 ], [ 77.2885822, 11.4749572 ], [ 77.289226, 11.4747679 ], [ 77.2895478, 11.4747259 ], [ 77.2898375, 11.4744104 ], [ 77.2902345, 11.4742317 ] ] ] } },
{ "type": "Feature", "properties": { "osm_id": 211623137, "highway": "tertiary", "name": "Unnamed Road", "bridge": "no", "surface": "unknown", "lanes": "unknown", "maxspeed": "unknown", "length_m": 8689.1559360993033, "exposed_length_m": 8689.1559360993033, "hazard_code": 6, "hazard_class": "H6", "road_exposure_status": "HYDRAULICALLY_EXPOSED_ROAD_SEGMENT" }, "geometry": { "type": "MultiLineString", "coordinates": [ [ [ 77.2685897, 11.4903041 ], [ 77.2685368, 11.4902154 ], [ 77.268477800000014, 11.4901273 ], [ 77.2683424, 11.4899551 ], [ 77.2682042, 11.4898014 ], [ 77.2681132, 11.4897122 ], [ 77.2680286, 11.4896515 ], [ 77.2678931, 11.4895858 ], [ 77.267641, 11.4894932 ], [ 77.2675377, 11.489457 ], [ 77.2674343, 11.489397 ], [ 77.2673406, 11.4893309 ], [ 77.267237300000019, 11.4892468 ], [ 77.2668323, 11.4888183 ], [ 77.2667021, 11.4886952 ], [ 77.2662972, 11.4883123 ], [ 77.2661671, 11.4881704 ], [ 77.2660922, 11.4880687 ], [ 77.2660744, 11.4880446 ], [ 77.2659659, 11.4878957 ], [ 77.2658613, 11.4877223 ], [ 77.2653701, 11.4868397 ], [ 77.2652981, 11.4867103 ], [ 77.2652456, 11.4866292 ], [ 77.2651774, 11.4865591 ], [ 77.2650808, 11.4864829 ], [ 77.2649534, 11.4863936 ], [ 77.2647214, 11.4862319 ], [ 77.2645941, 11.4861203 ], [ 77.2639612, 11.4854277 ], [ 77.2638898, 11.4853236 ], [ 77.2629956, 11.4840189 ], [ 77.262972, 11.4839855 ], [ 77.2621142, 11.4827693 ], [ 77.2615992, 11.4823487 ], [ 77.2614705, 11.4821279 ], [ 77.2613433, 11.4815165 ], [ 77.2610215, 11.4805492 ], [ 77.2610949, 11.4802459 ], [ 77.2612682, 11.479645 ], [ 77.2612575, 11.4789195 ], [ 77.2611593, 11.4783743 ], [ 77.260698, 11.4769023 ], [ 77.2595194, 11.4744404 ], [ 77.2585753, 11.4722113 ], [ 77.2586504, 11.4720326 ], [ 77.2592389, 11.4718554 ], [ 77.2602919, 11.4716856 ], [ 77.2603332, 11.471561 ], [ 77.260131, 11.4694355 ], [ 77.2602152, 11.4692794 ], [ 77.2609142, 11.4691621 ], [ 77.2610306, 11.469027 ], [ 77.2611057, 11.4673447 ], [ 77.261631400000013, 11.4652207 ], [ 77.262124900000018, 11.4635383 ], [ 77.2622231, 11.4627902 ], [ 77.2623947, 11.4625694 ], [ 77.2649697, 11.4620647 ], [ 77.2650646, 11.461898 ], [ 77.2649895, 11.4606783 ], [ 77.265118300000012, 11.4605521 ], [ 77.265483, 11.4604364 ], [ 77.2686818, 11.4605821 ], [ 77.269111, 11.4605821 ], [ 77.2701286, 11.4603418 ], [ 77.2712139, 11.4599932 ], [ 77.2717701, 11.4599422 ], [ 77.2722959, 11.4600684 ], [ 77.272909, 11.4602561 ], [ 77.2731665, 11.4602561 ], [ 77.2739604, 11.4600774 ], [ 77.2744325, 11.4600458 ], [ 77.2744861, 11.4600458 ], [ 77.2751621, 11.4600458 ], [ 77.2763621, 11.4599738 ], [ 77.2770396, 11.4598671 ], [ 77.277274, 11.4599843 ], [ 77.2775009, 11.4602771 ], [ 77.2776388, 11.4603103 ], [ 77.278068, 11.4602472 ], [ 77.2789601, 11.460193 ], [ 77.2791409, 11.4601946 ], [ 77.2793249, 11.4602561 ], [ 77.2796129, 11.4605206 ], [ 77.2798919, 11.4610463 ], [ 77.2802368, 11.4619911 ], [ 77.2805265, 11.4636104 ], [ 77.280836, 11.4650735 ], [ 77.2808682, 11.4653889 ], [ 77.2808897, 11.4674498 ], [ 77.2807716, 11.4686169 ], [ 77.2808038, 11.4691952 ], [ 77.2809111, 11.4695527 ], [ 77.2810399, 11.4696368 ], [ 77.2813832, 11.4696263 ], [ 77.2820484, 11.4696894 ], [ 77.2826722, 11.4695617 ], [ 77.2833787, 11.4695632 ], [ 77.2835075, 11.4695948 ], [ 77.2835933, 11.4696999 ], [ 77.2841834, 11.4700259 ], [ 77.284634, 11.470089 ], [ 77.2853437, 11.4702977 ], [ 77.2876381, 11.4701941 ], [ 77.2878757, 11.4703187 ], [ 77.2878634, 11.4705621 ], [ 77.2880565, 11.4706568 ], [ 77.2887217, 11.4706252 ], [ 77.2890988, 11.4720957 ], [ 77.2893456, 11.4725583 ], [ 77.2898375, 11.4728858 ], [ 77.2900843, 11.4731802 ], [ 77.2901824, 11.4735151 ], [ 77.2901379, 11.4740529 ], [ 77.2902345, 11.4742317 ], [ 77.2904383, 11.4742948 ], [ 77.2914254, 11.4741371 ], [ 77.291758, 11.4741265 ], [ 77.2923818, 11.4745876 ], [ 77.2929059, 11.4756301 ], [ 77.2933904, 11.4760176 ], [ 77.2936908, 11.4761122 ], [ 77.2938115, 11.4763956 ] ] ] } },
{ "type": "Feature", "properties": { "osm_id": 1000692326, "highway": "secondary", "name": "Kodivery Dam Road", "bridge": "no", "surface": "unknown", "lanes": "unknown", "maxspeed": "unknown", "length_m": 214.00588950021623, "exposed_length_m": 214.00588950021623, "hazard_code": 6, "hazard_class": "H6", "road_exposure_status": "HYDRAULICALLY_EXPOSED_ROAD_SEGMENT" }, "geometry": { "type": "MultiLineString", "coordinates": [ [ [ 77.294847, 11.4747893 ], [ 77.2946549, 11.4749274 ], [ 77.2945556, 11.4750435 ], [ 77.2944795, 11.4751592 ], [ 77.2944456, 11.4752407 ], [ 77.2944114, 11.4753412 ], [ 77.2944951, 11.475904 ], [ 77.2944993, 11.4759937 ], [ 77.2944926, 11.4760345 ], [ 77.2944723, 11.4760718 ], [ 77.2944175, 11.4761317 ], [ 77.2943459, 11.4761795 ], [ 77.2941984, 11.4762544 ], [ 77.2941533, 11.4763079 ], [ 77.294124, 11.4763761 ] ] ] } },
{ "type": "Feature", "properties": { "osm_id": 211629931, "highway": "track", "name": "Unnamed Road", "bridge": "no", "surface": "unknown", "lanes": "unknown", "maxspeed": "unknown", "length_m": 503.75613981396907, "exposed_length_m": 119.42303714875074, "hazard_code": 0, "hazard_class": "DRY", "road_exposure_status": "HYDRAULICALLY_EXPOSED_ROAD_SEGMENT" }, "geometry": { "type": "MultiLineString", "coordinates": [ [ [ 77.272389386365674, 11.476088155291617 ], [ 77.2721886, 11.4758914 ], [ 77.2719311, 11.4757442 ], [ 77.2717648, 11.4755076 ], [ 77.2716965, 11.4754194 ], [ 77.2716603, 11.4753984 ], [ 77.2716078, 11.4754396 ] ] ] } },
{ "type": "Feature", "properties": { "osm_id": 555413885, "highway": "unclassified", "name": "Unnamed Road", "bridge": "yes", "surface": "unknown", "lanes": "unknown", "maxspeed": "unknown", "length_m": 25.585166913517199, "exposed_length_m": 25.585166913517199, "hazard_code": 6, "hazard_class": "H6", "road_exposure_status": "HYDRAULICALLY_EXPOSED_ROAD_SEGMENT" }, "geometry": { "type": "MultiLineString", "coordinates": [ [ [ 77.2993768, 11.4768653 ], [ 77.2993529, 11.4770953 ] ] ] } },
{ "type": "Feature", "properties": { "osm_id": 555413883, "highway": "unclassified", "name": "Unnamed Road", "bridge": "no", "surface": "unknown", "lanes": "unknown", "maxspeed": "unknown", "length_m": 191.11779237145331, "exposed_length_m": 191.11779237145331, "hazard_code": 2, "hazard_class": "H2", "road_exposure_status": "HYDRAULICALLY_EXPOSED_ROAD_SEGMENT" }, "geometry": { "type": "MultiLineString", "coordinates": [ [ [ 77.2993529, 11.4770953 ], [ 77.2993379, 11.477249 ], [ 77.2989854, 11.4772477 ], [ 77.298662, 11.4771492 ], [ 77.298265, 11.4772228 ], [ 77.2977678, 11.4771755 ] ] ] } },
{ "type": "Feature", "properties": { "osm_id": 211623120, "highway": "tertiary", "name": "Unnamed Road", "bridge": "no", "surface": "unknown", "lanes": "unknown", "maxspeed": "unknown", "length_m": 1736.1359078833627, "exposed_length_m": 557.13659996510705, "hazard_code": 5, "hazard_class": "H5", "road_exposure_status": "HYDRAULICALLY_EXPOSED_ROAD_SEGMENT" }, "geometry": { "type": "MultiLineString", "coordinates": [ [ [ 77.2835933, 11.4696999 ], [ 77.2834324, 11.4700259 ], [ 77.2834324, 11.4702993 ], [ 77.2834324, 11.4718344 ], [ 77.2833787, 11.4723286 ], [ 77.2830998, 11.4732538 ], [ 77.283099206790595, 11.473293439169973 ] ], [ [ 77.282936739209973, 11.47600582928832 ], [ 77.2829281, 11.4760507 ], [ 77.282496553348594, 11.477296026000829 ] ] ] } },
{ "type": "Feature", "properties": { "osm_id": 1415583871, "highway": "residential", "name": "Unnamed Road", "bridge": "no", "surface": "unknown", "lanes": "unknown", "maxspeed": "unknown", "length_m": 68.800175524805923, "exposed_length_m": 68.800175524805923, "hazard_code": 3, "hazard_class": "H3", "road_exposure_status": "HYDRAULICALLY_EXPOSED_ROAD_SEGMENT" }, "geometry": { "type": "MultiLineString", "coordinates": [ [ [ 77.2987545, 11.4822087 ], [ 77.2993492, 11.4820026 ] ] ] } },
{ "type": "Feature", "properties": { "osm_id": 1343296927, "highway": "unclassified", "name": "Unnamed Road", "bridge": "no", "surface": "unknown", "lanes": "unknown", "maxspeed": "unknown", "length_m": 420.7620466245437, "exposed_length_m": 420.7620466245437, "hazard_code": 5, "hazard_class": "H5", "road_exposure_status": "HYDRAULICALLY_EXPOSED_ROAD_SEGMENT" }, "geometry": { "type": "MultiLineString", "coordinates": [ [ [ 77.2468798, 11.4775951 ], [ 77.2505488, 11.4764281 ] ] ] } },
{ "type": "Feature", "properties": { "osm_id": 1343296926, "highway": "unclassified", "name": "Unnamed Road", "bridge": "no", "surface": "unknown", "lanes": "unknown", "maxspeed": "unknown", "length_m": 224.09224962592822, "exposed_length_m": 224.09224962592822, "hazard_code": 6, "hazard_class": "H6", "road_exposure_status": "HYDRAULICALLY_EXPOSED_ROAD_SEGMENT" }, "geometry": { "type": "MultiLineString", "coordinates": [ [ [ 77.2507229, 11.4783199 ], [ 77.251166700000013, 11.4781174 ], [ 77.2518123, 11.4778228 ], [ 77.2525863, 11.4774696 ] ] ] } },
{ "type": "Feature", "properties": { "osm_id": 1343296925, "highway": "unclassified", "name": "Unnamed Road", "bridge": "no", "surface": "unknown", "lanes": "unknown", "maxspeed": "unknown", "length_m": 135.56718178175396, "exposed_length_m": 135.56718178175396, "hazard_code": 6, "hazard_class": "H6", "road_exposure_status": "HYDRAULICALLY_EXPOSED_ROAD_SEGMENT" }, "geometry": { "type": "MultiLineString", "coordinates": [ [ [ 77.251328, 11.4784957 ], [ 77.251166700000013, 11.4781174 ], [ 77.2508467, 11.4773663 ] ] ] } },
{ "type": "Feature", "properties": { "osm_id": 1343296924, "highway": "unclassified", "name": "Unnamed Road", "bridge": "no", "surface": "unknown", "lanes": "unknown", "maxspeed": "unknown", "length_m": 402.55195040138483, "exposed_length_m": 402.55195040138483, "hazard_code": 6, "hazard_class": "H6", "road_exposure_status": "HYDRAULICALLY_EXPOSED_ROAD_SEGMENT" }, "geometry": { "type": "MultiLineString", "coordinates": [ [ [ 77.2498056, 11.4790609 ], [ 77.250644, 11.4789383 ], [ 77.2506637, 11.478774 ], [ 77.251328, 11.4784957 ], [ 77.2519553, 11.4782329 ], [ 77.2518123, 11.4778228 ], [ 77.2515423, 11.4770487 ] ] ] } },
{ "type": "Feature", "properties": { "osm_id": 1343296923, "highway": "unclassified", "name": "Unnamed Road", "bridge": "no", "surface": "unknown", "lanes": "unknown", "maxspeed": "unknown", "length_m": 410.07002680100101, "exposed_length_m": 410.07002680100101, "hazard_code": 6, "hazard_class": "H6", "road_exposure_status": "HYDRAULICALLY_EXPOSED_ROAD_SEGMENT" }, "geometry": { "type": "MultiLineString", "coordinates": [ [ [ 77.2490227, 11.4820122 ], [ 77.2492637, 11.4819915 ], [ 77.2499046, 11.4818176 ], [ 77.249934200000013, 11.4815567 ], [ 77.2504271, 11.4814311 ], [ 77.2502891, 11.4811606 ], [ 77.2502595, 11.481006 ], [ 77.2502595, 11.4808514 ], [ 77.2503285, 11.4806968 ], [ 77.2502694, 11.4805132 ], [ 77.2501806, 11.4803972 ], [ 77.2500722, 11.4800301 ], [ 77.2495276, 11.4801089 ] ] ] } },
{ "type": "Feature", "properties": { "osm_id": 1343296922, "highway": "unclassified", "name": "Unnamed Road", "bridge": "no", "surface": "unknown", "lanes": "unknown", "maxspeed": "unknown", "length_m": 130.27164876250546, "exposed_length_m": 130.27164876250546, "hazard_code": 0, "hazard_class": "DRY", "road_exposure_status": "HYDRAULICALLY_EXPOSED_ROAD_SEGMENT" }, "geometry": { "type": "MultiLineString", "coordinates": [ [ [ 77.2493919, 11.4826002 ], [ 77.2496482, 11.48375 ] ] ] } },
{ "type": "Feature", "properties": { "osm_id": 1343296921, "highway": "unclassified", "name": "Unnamed Road", "bridge": "no", "surface": "unknown", "lanes": "unknown", "maxspeed": "unknown", "length_m": 271.34120680566053, "exposed_length_m": 271.34120680566053, "hazard_code": 5, "hazard_class": "H5", "road_exposure_status": "HYDRAULICALLY_EXPOSED_ROAD_SEGMENT" }, "geometry": { "type": "MultiLineString", "coordinates": [ [ [ 77.2488064, 11.4827315 ], [ 77.2493919, 11.4826002 ], [ 77.2498356, 11.4825229 ], [ 77.2498651, 11.4828901 ], [ 77.2498651, 11.4830736 ], [ 77.250082, 11.483721 ], [ 77.2501098, 11.4839007 ] ] ] } },
{ "type": "Feature", "properties": { "osm_id": 211618552, "highway": "tertiary", "name": "Unnamed Road", "bridge": "no", "surface": "unknown", "lanes": "unknown", "maxspeed": "unknown", "length_m": 4027.3363119004575, "exposed_length_m": 4027.3363119004575, "hazard_code": 6, "hazard_class": "H6", "road_exposure_status": "HYDRAULICALLY_EXPOSED_ROAD_SEGMENT" }, "geometry": { "type": "MultiLineString", "coordinates": [ [ [ 77.2545074, 11.470131 ], [ 77.2541427, 11.4718764 ], [ 77.2540997, 11.4723917 ], [ 77.2541641, 11.4735482 ], [ 77.2541237, 11.4738811 ], [ 77.2541105, 11.4739899 ], [ 77.2539817, 11.4743053 ], [ 77.2539174, 11.4744945 ], [ 77.253971, 11.4759666 ], [ 77.2539534, 11.4760643 ], [ 77.2539388, 11.4761453 ], [ 77.2540032, 11.4769339 ], [ 77.2542285, 11.4780904 ], [ 77.254604, 11.4792996 ], [ 77.2551297, 11.4806664 ], [ 77.2551742, 11.4809382 ], [ 77.2551083, 11.481066 ], [ 77.2547327, 11.4813288 ], [ 77.2537672, 11.4816442 ], [ 77.2535955, 11.481802 ], [ 77.2535633, 11.4820122 ], [ 77.2535435, 11.4824102 ], [ 77.2537135, 11.4835052 ], [ 77.2536813, 11.4844305 ], [ 77.253735, 11.4857342 ], [ 77.2537192, 11.4858271 ], [ 77.2536921, 11.4859866 ], [ 77.2533165, 11.4867961 ], [ 77.253176, 11.4873115 ], [ 77.252941, 11.4881735 ], [ 77.2523509, 11.4899713 ], [ 77.2522455, 11.4904007 ], [ 77.2521471, 11.4908019 ], [ 77.2519647, 11.4923685 ], [ 77.251958, 11.4926481 ], [ 77.2519433, 11.4932621 ], [ 77.2519111, 11.4937668 ], [ 77.2517501, 11.4939035 ], [ 77.2501087, 11.4943095 ], [ 77.2500566, 11.4943224 ], [ 77.2499922, 11.4944486 ], [ 77.2500013, 11.494713 ], [ 77.2500442, 11.4951125 ], [ 77.250036, 11.4952245 ], [ 77.2500244, 11.4953843 ], [ 77.2497117, 11.4955541 ], [ 77.2496173, 11.4956107 ], [ 77.2492412, 11.4958364 ], [ 77.2487353, 11.4960167 ], [ 77.2486287, 11.4960744 ], [ 77.2485438, 11.4961203 ], [ 77.248458, 11.4964252 ], [ 77.2484886, 11.496637 ], [ 77.2486297, 11.4970455 ], [ 77.2488748, 11.4972888 ], [ 77.2489193, 11.4974765 ], [ 77.2488212, 11.4975937 ], [ 77.2486173, 11.4976673 ], [ 77.2485712, 11.4977126 ], [ 77.2485208, 11.497762 ], [ 77.248651100000018, 11.4983597 ], [ 77.2485851, 11.4984874 ], [ 77.2484135, 11.4985505 ], [ 77.2475122, 11.4988449 ], [ 77.2469774, 11.499022 ], [ 77.246449, 11.4991422 ], [ 77.246376600000019, 11.4991587 ], [ 77.2461942, 11.4991902 ], [ 77.2461299, 11.4992136 ], [ 77.2461084, 11.49939 ], [ 77.2460225, 11.4999892 ], [ 77.245643, 11.5002026 ], [ 77.2455512, 11.5002497 ] ] ] } },
{ "type": "Feature", "properties": { "osm_id": 211629932, "highway": "tertiary", "name": "Unnamed Road", "bridge": "no", "surface": "unknown", "lanes": "unknown", "maxspeed": "unknown", "length_m": 2055.9218167605741, "exposed_length_m": 302.63274707071116, "hazard_code": 4, "hazard_class": "H4", "road_exposure_status": "HYDRAULICALLY_EXPOSED_ROAD_SEGMENT" }, "geometry": { "type": "MultiLineString", "coordinates": [ [ [ 77.2867871, 11.4814601 ], [ 77.2868442, 11.4818963 ], [ 77.2870587, 11.4827059 ], [ 77.2873752, 11.4836679 ], [ 77.287475590383607, 11.484103616145799 ] ] ] } },
{ "type": "Feature", "properties": { "osm_id": 940033086, "highway": "service", "name": "Unnamed Road", "bridge": "no", "surface": "unknown", "lanes": "unknown", "maxspeed": "unknown", "length_m": 164.61073024514988, "exposed_length_m": 36.213171342672958, "hazard_code": 5, "hazard_class": "H5", "road_exposure_status": "HYDRAULICALLY_EXPOSED_ROAD_SEGMENT" }, "geometry": { "type": "MultiLineString", "coordinates": [ [ [ 77.2667089, 11.4856155 ], [ 77.266851100000011, 11.4857391 ], [ 77.2669503, 11.485768 ], [ 77.266988432815538, 11.485760833092971 ] ] ] } },
{ "type": "Feature", "properties": { "osm_id": 1343296916, "highway": "unclassified", "name": "Unnamed Road", "bridge": "no", "surface": "unknown", "lanes": "unknown", "maxspeed": "unknown", "length_m": 614.35072963735922, "exposed_length_m": 614.35072963735911, "hazard_code": 6, "hazard_class": "H6", "road_exposure_status": "HYDRAULICALLY_EXPOSED_ROAD_SEGMENT" }, "geometry": { "type": "MultiLineString", "coordinates": [ [ [ 77.2537192, 11.4858271 ], [ 77.2566287, 11.4856147 ] ], [ [ 77.2566287, 11.4856147 ], [ 77.2566287, 11.4860399 ], [ 77.2575653, 11.4860785 ], [ 77.257585, 11.4857017 ], [ 77.2566287, 11.4856147 ] ] ] } },
{ "type": "Feature", "properties": { "osm_id": 1343296914, "highway": "unclassified", "name": "Unnamed Road", "bridge": "no", "surface": "unknown", "lanes": "unknown", "maxspeed": "unknown", "length_m": 255.10353664550519, "exposed_length_m": 255.10353664550519, "hazard_code": 6, "hazard_class": "H6", "road_exposure_status": "HYDRAULICALLY_EXPOSED_ROAD_SEGMENT" }, "geometry": { "type": "MultiLineString", "coordinates": [ [ [ 77.253176, 11.4873115 ], [ 77.2554833, 11.48768 ] ] ] } },
{ "type": "Feature", "properties": { "osm_id": 939745709, "highway": "service", "name": "Unnamed Road", "bridge": "no", "surface": "unknown", "lanes": "unknown", "maxspeed": "unknown", "length_m": 1031.9424966550691, "exposed_length_m": 77.569679098497843, "hazard_code": 6, "hazard_class": "H6", "road_exposure_status": "HYDRAULICALLY_EXPOSED_ROAD_SEGMENT" }, "geometry": { "type": "MultiLineString", "coordinates": [ [ [ 77.2653701, 11.4868397 ], [ 77.266080697979078, 11.486826969934283 ] ] ] } },
{ "type": "Feature", "properties": { "osm_id": 939795029, "highway": "track", "name": "Unnamed Road", "bridge": "no", "surface": "unknown", "lanes": "unknown", "maxspeed": "unknown", "length_m": 71.979067125699174, "exposed_length_m": 71.979067125699174, "hazard_code": 6, "hazard_class": "H6", "road_exposure_status": "HYDRAULICALLY_EXPOSED_ROAD_SEGMENT" }, "geometry": { "type": "MultiLineString", "coordinates": [ [ [ 77.2660922, 11.4880687 ], [ 77.2662503, 11.4879825 ], [ 77.2666848, 11.487784 ] ] ] } },
{ "type": "Feature", "properties": { "osm_id": 1343296915, "highway": "unclassified", "name": "Unnamed Road", "bridge": "no", "surface": "unknown", "lanes": "unknown", "maxspeed": "unknown", "length_m": 463.12065862113928, "exposed_length_m": 463.12065862113928, "hazard_code": 6, "hazard_class": "H6", "road_exposure_status": "HYDRAULICALLY_EXPOSED_ROAD_SEGMENT" }, "geometry": { "type": "MultiLineString", "coordinates": [ [ [ 77.2551935, 11.4887846 ], [ 77.2555441, 11.4888321 ], [ 77.2560667, 11.4887645 ], [ 77.2570625, 11.4889094 ], [ 77.2572005, 11.4884457 ], [ 77.2553573, 11.4881603 ] ] ] } },
{ "type": "Feature", "properties": { "osm_id": 939795028, "highway": "track", "name": "Unnamed Road", "bridge": "no", "surface": "unknown", "lanes": "unknown", "maxspeed": "unknown", "length_m": 69.504580950946405, "exposed_length_m": 69.504580950946405, "hazard_code": 6, "hazard_class": "H6", "road_exposure_status": "HYDRAULICALLY_EXPOSED_ROAD_SEGMENT" }, "geometry": { "type": "MultiLineString", "coordinates": [ [ [ 77.2667021, 11.4886952 ], [ 77.2668149, 11.488608 ], [ 77.2669409, 11.4885607 ], [ 77.2670482, 11.4885213 ], [ 77.2672722, 11.4884254 ] ] ] } },
{ "type": "Feature", "properties": { "osm_id": 1343296913, "highway": "unclassified", "name": "Unnamed Road", "bridge": "no", "surface": "unknown", "lanes": "unknown", "maxspeed": "unknown", "length_m": 875.08077063385883, "exposed_length_m": 875.08077063385883, "hazard_code": 6, "hazard_class": "H6", "road_exposure_status": "HYDRAULICALLY_EXPOSED_ROAD_SEGMENT" }, "geometry": { "type": "MultiLineString", "coordinates": [ [ [ 77.2522455, 11.4904007 ], [ 77.2538582, 11.4905133 ], [ 77.2540159, 11.4907065 ], [ 77.2544004, 11.4908611 ], [ 77.2545089, 11.4908998 ], [ 77.2549427, 11.4897403 ], [ 77.2551935, 11.4887846 ], [ 77.2553573, 11.4881603 ], [ 77.2554833, 11.48768 ], [ 77.2556526, 11.487035 ], [ 77.2559385, 11.4870157 ], [ 77.2571808, 11.4869191 ] ] ] } },
{ "type": "Feature", "properties": { "osm_id": 939795027, "highway": "track", "name": "Unnamed Road", "bridge": "no", "surface": "unknown", "lanes": "unknown", "maxspeed": "unknown", "length_m": 305.88508593864481, "exposed_length_m": 248.78900601625173, "hazard_code": 6, "hazard_class": "H6", "road_exposure_status": "HYDRAULICALLY_EXPOSED_ROAD_SEGMENT" }, "geometry": { "type": "MultiLineString", "coordinates": [ [ [ 77.267641, 11.4894932 ], [ 77.2676598, 11.4894032 ], [ 77.2676799, 11.4893604 ], [ 77.267759, 11.4893164 ], [ 77.2678448, 11.4892796 ], [ 77.2679642, 11.4892428 ], [ 77.2686602, 11.4891075 ], [ 77.2690491, 11.489026 ], [ 77.2695909, 11.4889458 ], [ 77.269762437707527, 11.488915924067689 ] ] ] } },
{ "type": "Feature", "properties": { "osm_id": 939759996, "highway": "track", "name": "Unnamed Road", "bridge": "no", "surface": "unknown", "lanes": "unknown", "maxspeed": "unknown", "length_m": 116.72517135208912, "exposed_length_m": 116.72517135208912, "hazard_code": 6, "hazard_class": "H6", "road_exposure_status": "HYDRAULICALLY_EXPOSED_ROAD_SEGMENT" }, "geometry": { "type": "MultiLineString", "coordinates": [ [ [ 77.2687157, 11.4902673 ], [ 77.2686844, 11.490172 ], [ 77.2686562, 11.490147 ], [ 77.2686441, 11.4899932 ], [ 77.268628, 11.4898842 ], [ 77.2686146, 11.4898119 ], [ 77.2684282, 11.4892625 ] ] ] } },
{ "type": "Feature", "properties": { "osm_id": 211623149, "highway": "tertiary", "name": "Unnamed Road", "bridge": "no", "surface": "unknown", "lanes": "unknown", "maxspeed": "unknown", "length_m": 1396.556518866488, "exposed_length_m": 1396.556518866488, "hazard_code": 6, "hazard_class": "H6", "road_exposure_status": "HYDRAULICALLY_EXPOSED_ROAD_SEGMENT" }, "geometry": { "type": "MultiLineString", "coordinates": [ [ [ 77.2565358, 11.4953649 ], [ 77.2585967, 11.4923038 ], [ 77.259852, 11.4903167 ], [ 77.2601739, 11.4894441 ], [ 77.2605585, 11.4889935 ], [ 77.2626292, 11.4876583 ], [ 77.2628223, 11.4873744 ], [ 77.2638898, 11.4853236 ] ] ] } },
{ "type": "Feature", "properties": { "osm_id": 1343296912, "highway": "residential", "name": "Unnamed Road", "bridge": "no", "surface": "unknown", "lanes": "unknown", "maxspeed": "unknown", "length_m": 482.63900170059446, "exposed_length_m": 380.48526286216304, "hazard_code": 5, "hazard_class": "H5", "road_exposure_status": "HYDRAULICALLY_EXPOSED_ROAD_SEGMENT" }, "geometry": { "type": "MultiLineString", "coordinates": [ [ [ 77.248707572843216, 11.491346682628619 ], [ 77.2491142, 11.4912903 ], [ 77.2496345, 11.4911756 ], [ 77.2512932, 11.4908887 ], [ 77.2521471, 11.4908019 ] ] ] } },
{ "type": "Feature", "properties": { "osm_id": 1343296910, "highway": "residential", "name": "Unnamed Road", "bridge": "no", "surface": "unknown", "lanes": "unknown", "maxspeed": "unknown", "length_m": 111.39268750574587, "exposed_length_m": 111.39268750574587, "hazard_code": 5, "hazard_class": "H5", "road_exposure_status": "HYDRAULICALLY_EXPOSED_ROAD_SEGMENT" }, "geometry": { "type": "MultiLineString", "coordinates": [ [ [ 77.2492052, 11.4917429 ], [ 77.2497061, 11.4916792 ], [ 77.2496345, 11.4911756 ] ] ] } },
{ "type": "Feature", "properties": { "osm_id": 1343296884, "highway": "unclassified", "name": "Unnamed Road", "bridge": "no", "surface": "unknown", "lanes": "unknown", "maxspeed": "unknown", "length_m": 569.70772486273802, "exposed_length_m": 569.70772486273802, "hazard_code": 5, "hazard_class": "H5", "road_exposure_status": "HYDRAULICALLY_EXPOSED_ROAD_SEGMENT" }, "geometry": { "type": "MultiLineString", "coordinates": [ [ [ 77.2668095, 11.490745 ], [ 77.2672691, 11.4916044 ], [ 77.2670675, 11.4925797 ], [ 77.267152, 11.4927901 ], [ 77.2673407, 11.4929048 ], [ 77.2676269, 11.4927837 ], [ 77.2679391, 11.4928347 ], [ 77.2681733, 11.4927454 ], [ 77.269162, 11.4925733 ], [ 77.2700107, 11.492304 ] ] ] } },
{ "type": "Feature", "properties": { "osm_id": 1343296909, "highway": "unclassified", "name": "Unnamed Road", "bridge": "no", "surface": "unknown", "lanes": "unknown", "maxspeed": "unknown", "length_m": 313.6023522329611, "exposed_length_m": 313.6023522329611, "hazard_code": 6, "hazard_class": "H6", "road_exposure_status": "HYDRAULICALLY_EXPOSED_ROAD_SEGMENT" }, "geometry": { "type": "MultiLineString", "coordinates": [ [ [ 77.249101, 11.492903 ], [ 77.249641, 11.4928712 ], [ 77.2498947, 11.4928265 ], [ 77.2507599, 11.4926927 ], [ 77.251958, 11.4926481 ] ] ] } },
{ "type": "Feature", "properties": { "osm_id": 1343296908, "highway": "residential", "name": "Unnamed Road", "bridge": "no", "surface": "unknown", "lanes": "unknown", "maxspeed": "unknown", "length_m": 324.5511161807193, "exposed_length_m": 324.5511161807193, "hazard_code": 4, "hazard_class": "H4", "road_exposure_status": "HYDRAULICALLY_EXPOSED_ROAD_SEGMENT" }, "geometry": { "type": "MultiLineString", "coordinates": [ [ [ 77.2491272, 11.494656 ], [ 77.2490621, 11.4943946 ], [ 77.249045, 11.4943248 ], [ 77.2490231, 11.4942353 ], [ 77.2490556, 11.493413 ], [ 77.249101, 11.492903 ], [ 77.2491374, 11.4924945 ], [ 77.2491532, 11.4923166 ], [ 77.249172700000017, 11.4919851 ], [ 77.2492052, 11.4917429 ] ] ] } },
{ "type": "Feature", "properties": { "osm_id": 1455087074, "highway": "residential", "name": "Unnamed Road", "bridge": "no", "surface": "unknown", "lanes": "unknown", "maxspeed": "unknown", "length_m": 116.10357736633158, "exposed_length_m": 116.10357736633158, "hazard_code": 6, "hazard_class": "H6", "road_exposure_status": "HYDRAULICALLY_EXPOSED_ROAD_SEGMENT" }, "geometry": { "type": "MultiLineString", "coordinates": [ [ [ 77.249045, 11.4943248 ], [ 77.2501087, 11.4943095 ] ] ] } },
{ "type": "Feature", "properties": { "osm_id": 634000779, "highway": "secondary", "name": "Sathy - Periyakodivery - Kadambur Road", "bridge": "no", "surface": "unknown", "lanes": "unknown", "maxspeed": "unknown", "length_m": 8127.0110345579651, "exposed_length_m": 5530.0006217375903, "hazard_code": 6, "hazard_class": "H6", "road_exposure_status": "HYDRAULICALLY_EXPOSED_ROAD_SEGMENT" }, "geometry": { "type": "MultiLineString", "coordinates": [ [ [ 77.2501304, 11.5074399 ], [ 77.2501841, 11.5073764 ], [ 77.250817900000015, 11.5066258 ], [ 77.2516649, 11.5055734 ], [ 77.2522555, 11.504376 ], [ 77.2528992, 11.5031669 ], [ 77.2530066, 11.5029997 ], [ 77.2542662, 11.50104 ], [ 77.2543047, 11.5009802 ], [ 77.2545466, 11.5004213 ], [ 77.2549055, 11.4995924 ], [ 77.2555273, 11.4978987 ], [ 77.2556366, 11.4974535 ], [ 77.2559141, 11.4963227 ], [ 77.2561715, 11.495797 ], [ 77.2565358, 11.4953649 ], [ 77.2572981, 11.4950926 ], [ 77.2580116, 11.4948028 ], [ 77.2587245, 11.4945133 ], [ 77.2602592, 11.4936943 ], [ 77.261547079623057, 11.492803783191508 ] ], [ [ 77.261982003934747, 11.492435940832305 ], [ 77.2622148, 11.4922241 ], [ 77.2624259, 11.492032 ], [ 77.262457042162609, 11.492012461016841 ] ], [ [ 77.263368885434275, 11.491457369811577 ], [ 77.2644649, 11.4910238 ], [ 77.2651691, 11.490784 ], [ 77.2653551, 11.4907476 ], [ 77.2655187, 11.4907299 ], [ 77.265685, 11.4907246 ], [ 77.2658664, 11.4907274 ], [ 77.2665178, 11.4907542 ], [ 77.2666734, 11.4907516 ], [ 77.2668095, 11.490745 ], [ 77.2669744, 11.4907305 ], [ 77.2671406, 11.4907014 ], [ 77.2673231, 11.4906556 ], [ 77.2677421, 11.4905372 ], [ 77.2685897, 11.4903041 ], [ 77.2687157, 11.4902673 ], [ 77.2694196, 11.4900611 ], [ 77.269770781205921, 11.489958258848931 ] ], [ [ 77.28437795905792, 11.483380235802382 ], [ 77.2847032, 11.4832327 ], [ 77.2853725, 11.4829628 ], [ 77.2857485, 11.4827535 ], [ 77.2865663, 11.4817399 ], [ 77.2867871, 11.4814601 ], [ 77.287231, 11.4808978 ], [ 77.2883473, 11.4789747 ], [ 77.2891734, 11.4781861 ], [ 77.2896133, 11.4775237 ], [ 77.2900747, 11.4772714 ], [ 77.2912328, 11.476976 ], [ 77.2919517, 11.4769865 ], [ 77.292928, 11.4768077 ], [ 77.2935615, 11.4764618 ], [ 77.2938115, 11.4763956 ], [ 77.2939585, 11.4763567 ], [ 77.2940497, 11.4763674 ], [ 77.294124, 11.4763761 ], [ 77.2942267, 11.4763882 ], [ 77.2945057, 11.4763882 ], [ 77.2951601, 11.4764933 ], [ 77.2959219, 11.4767457 ], [ 77.2964691, 11.4767667 ], [ 77.2970591, 11.4768088 ], [ 77.2974132, 11.4768719 ], [ 77.2977458, 11.4770927 ], [ 77.2977678, 11.4771755 ], [ 77.298014, 11.478102 ], [ 77.2981213, 11.47847 ], [ 77.2980355, 11.4791324 ], [ 77.2980671, 11.4798358 ], [ 77.2983353, 11.481108 ], [ 77.2987545, 11.4822087 ], [ 77.298904, 11.4826011 ], [ 77.298975204537001, 11.483109487206992 ] ], [ [ 77.300151050351886, 11.488522390270601 ], [ 77.3004065, 11.4890367 ], [ 77.3005327, 11.4892923 ] ] ] } },
{ "type": "Feature", "properties": { "osm_id": 1343296882, "highway": "unclassified", "name": "Unnamed Road", "bridge": "no", "surface": "unknown", "lanes": "unknown", "maxspeed": "unknown", "length_m": 250.37884076087485, "exposed_length_m": 13.669176109363962, "hazard_code": 4, "hazard_class": "H4", "road_exposure_status": "HYDRAULICALLY_EXPOSED_ROAD_SEGMENT" }, "geometry": { "type": "MultiLineString", "coordinates": [ [ [ 77.2705887, 11.4926174 ], [ 77.270708042776377, 11.492579932527693 ] ] ] } },
{ "type": "Feature", "properties": { "osm_id": 1118130661, "highway": "unclassified", "name": "Unnamed Road", "bridge": "no", "surface": "unknown", "lanes": "unknown", "maxspeed": "unknown", "length_m": 530.21361157474746, "exposed_length_m": 471.01522635818401, "hazard_code": 4, "hazard_class": "H4", "road_exposure_status": "HYDRAULICALLY_EXPOSED_ROAD_SEGMENT" }, "geometry": { "type": "MultiLineString", "coordinates": [ [ [ 77.2694196, 11.4900611 ], [ 77.2698987, 11.4919349 ], [ 77.2700107, 11.492304 ], [ 77.2702983, 11.4932521 ], [ 77.270514295364706, 11.494177013350697 ] ] ] } },
{ "type": "Feature", "properties": { "osm_id": 1343296880, "highway": "unclassified", "name": "Unnamed Road", "bridge": "no", "surface": "unknown", "lanes": "unknown", "maxspeed": "unknown", "length_m": 539.4407790941608, "exposed_length_m": 178.72228258712056, "hazard_code": 4, "hazard_class": "H4", "road_exposure_status": "HYDRAULICALLY_EXPOSED_ROAD_SEGMENT" }, "geometry": { "type": "MultiLineString", "coordinates": [ [ [ 77.270713390451704, 11.493247520068216 ], [ 77.2705887, 11.4926174 ], [ 77.27045, 11.4919168 ], [ 77.270702144594907, 11.491843573419784 ] ] ] } },
{ "type": "Feature", "properties": { "osm_id": 1343296911, "highway": "residential", "name": "Unnamed Road", "bridge": "no", "surface": "unknown", "lanes": "unknown", "maxspeed": "unknown", "length_m": 604.0917743940048, "exposed_length_m": 159.25352730668007, "hazard_code": 4, "hazard_class": "H4", "road_exposure_status": "HYDRAULICALLY_EXPOSED_ROAD_SEGMENT" }, "geometry": { "type": "MultiLineString", "coordinates": [ [ [ 77.2491374, 11.4924945 ], [ 77.24779638161111, 11.491988674292669 ] ], [ [ 77.247793805609078, 11.491663780525791 ], [ 77.24780146047803, 11.491641940055935 ] ] ] } },
{ "type": "Feature", "properties": { "osm_id": 1409506414, "highway": "residential", "name": "Unnamed Road", "bridge": "no", "surface": "unknown", "lanes": "unknown", "maxspeed": "unknown", "length_m": 108.65285030301237, "exposed_length_m": 66.713029601057741, "hazard_code": 5, "hazard_class": "H5", "road_exposure_status": "HYDRAULICALLY_EXPOSED_ROAD_SEGMENT" }, "geometry": { "type": "MultiLineString", "coordinates": [ [ [ 77.242817791832366, 11.4925840643226 ], [ 77.2428158, 11.4927097 ], [ 77.2428533, 11.4931855 ] ] ] } },
{ "type": "Feature", "properties": { "osm_id": 1409506413, "highway": "residential", "name": "Unnamed Road", "bridge": "no", "surface": "unknown", "lanes": "unknown", "maxspeed": "unknown", "length_m": 222.70477188811176, "exposed_length_m": 130.94231951124317, "hazard_code": 5, "hazard_class": "H5", "road_exposure_status": "HYDRAULICALLY_EXPOSED_ROAD_SEGMENT" }, "geometry": { "type": "MultiLineString", "coordinates": [ [ [ 77.243220480132507, 11.492686725624351 ], [ 77.2428158, 11.4927097 ], [ 77.2420272, 11.4928044 ] ] ] } },
{ "type": "Feature", "properties": { "osm_id": 1409506412, "highway": "residential", "name": "Unnamed Road", "bridge": "no", "surface": "unknown", "lanes": "unknown", "maxspeed": "unknown", "length_m": 258.99953621822419, "exposed_length_m": 232.64799991022886, "hazard_code": 5, "hazard_class": "H5", "road_exposure_status": "HYDRAULICALLY_EXPOSED_ROAD_SEGMENT" }, "geometry": { "type": "MultiLineString", "coordinates": [ [ [ 77.240476287213241, 11.49327825940335 ], [ 77.2405922, 11.493267 ], [ 77.2416517, 11.4931539 ], [ 77.2425958, 11.4930541 ] ] ] } },
{ "type": "Feature", "properties": { "osm_id": 1409506415, "highway": "residential", "name": "Unnamed Road", "bridge": "no", "surface": "unknown", "lanes": "unknown", "maxspeed": "unknown", "length_m": 97.202140432727987, "exposed_length_m": 1.2174198084261099, "hazard_code": 5, "hazard_class": "H5", "road_exposure_status": "HYDRAULICALLY_EXPOSED_ROAD_SEGMENT" }, "geometry": { "type": "MultiLineString", "coordinates": [ [ [ 77.243225149850986, 11.493276826447822 ], [ 77.243214, 11.4932765 ] ] ] } },
{ "type": "Feature", "properties": { "osm_id": 1343396170, "highway": "residential", "name": "Unnamed Road", "bridge": "no", "surface": "unknown", "lanes": "unknown", "maxspeed": "unknown", "length_m": 775.34291367664889, "exposed_length_m": 220.31459613506917, "hazard_code": 5, "hazard_class": "H5", "road_exposure_status": "HYDRAULICALLY_EXPOSED_ROAD_SEGMENT" }, "geometry": { "type": "MultiLineString", "coordinates": [ [ [ 77.3028509, 11.4656289 ], [ 77.3029561, 11.4655028 ], [ 77.3033278, 11.4650573 ], [ 77.3041109, 11.4641187 ], [ 77.304132938251897, 11.464091207212732 ] ] ] } },
{ "type": "Feature", "properties": { "osm_id": 998643572, "highway": "tertiary", "name": "Unnamed Road", "bridge": "no", "surface": "asphalt", "lanes": "unknown", "maxspeed": "unknown", "length_m": 2215.7048308955964, "exposed_length_m": 652.20613003640403, "hazard_code": 5, "hazard_class": "H5", "road_exposure_status": "HYDRAULICALLY_EXPOSED_ROAD_SEGMENT" }, "geometry": { "type": "MultiLineString", "coordinates": [ [ [ 77.326892184754371, 11.463007105647046 ], [ 77.326911, 11.4634338 ], [ 77.3268588, 11.4635232 ], [ 77.3268023, 11.4635658 ], [ 77.3250729, 11.4640002 ], [ 77.3248731, 11.464047 ], [ 77.3248253, 11.4640939 ], [ 77.3248079, 11.4641791 ], [ 77.3248166, 11.4642983 ], [ 77.3249339, 11.4648184 ], [ 77.324946900000015, 11.4650058 ], [ 77.3249209, 11.4650697 ], [ 77.3248948, 11.465125 ], [ 77.32486, 11.4651761 ], [ 77.3233398, 11.4654104 ], [ 77.3229183, 11.465487 ], [ 77.322713208251301, 11.465519779866574 ] ] ] } },
{ "type": "Feature", "properties": { "osm_id": 130092894, "highway": "track", "name": "Unnamed Road", "bridge": "no", "surface": "unknown", "lanes": "unknown", "maxspeed": "unknown", "length_m": 234.30245083990323, "exposed_length_m": 182.19347542532489, "hazard_code": 5, "hazard_class": "H5", "road_exposure_status": "HYDRAULICALLY_EXPOSED_ROAD_SEGMENT" }, "geometry": { "type": "MultiLineString", "coordinates": [ [ [ 77.387766036804507, 11.466390360397398 ], [ 77.3876905, 11.4663977 ], [ 77.3870895, 11.4664266 ], [ 77.386707, 11.4664925 ], [ 77.3866902, 11.4667726 ], [ 77.3866608, 11.4670856 ] ] ] } },
{ "type": "Feature", "properties": { "osm_id": 1343335790, "highway": "unclassified", "name": "Unnamed Road", "bridge": "no", "surface": "unknown", "lanes": "unknown", "maxspeed": "unknown", "length_m": 3622.7498615371674, "exposed_length_m": 2592.7755147055686, "hazard_code": 5, "hazard_class": "H5", "road_exposure_status": "HYDRAULICALLY_EXPOSED_ROAD_SEGMENT" }, "geometry": { "type": "MultiLineString", "coordinates": [ [ [ 77.36208888265044, 11.466339260005128 ], [ 77.3624225, 11.4669883 ], [ 77.3624375, 11.4677279 ], [ 77.3624524, 11.4682918 ], [ 77.3623926, 11.4685481 ], [ 77.3623403, 11.4688776 ], [ 77.3623254, 11.4691485 ], [ 77.3623777, 11.4692877 ], [ 77.3624076, 11.4696758 ], [ 77.363237, 11.4705399 ], [ 77.3632893, 11.4712136 ], [ 77.3642158, 11.4727367 ], [ 77.3647912, 11.4742525 ], [ 77.3647986, 11.4745381 ], [ 77.3646193, 11.4747065 ], [ 77.3647837, 11.4749262 ], [ 77.3652992, 11.4753289 ], [ 77.3655309, 11.4763028 ], [ 77.365501, 11.4766909 ], [ 77.3658596, 11.4771522 ], [ 77.3663229, 11.4774818 ], [ 77.366846, 11.4788511 ], [ 77.3671672, 11.479144 ], [ 77.3673914, 11.4792685 ], [ 77.3679892, 11.4789609 ], [ 77.3683179, 11.4786753 ], [ 77.3688335, 11.4783605 ], [ 77.3701112, 11.4776648 ], [ 77.3708659, 11.4773792 ], [ 77.3733765, 11.4772841 ], [ 77.3745571, 11.4772694 ], [ 77.3755807, 11.4774305 ] ] ] } },
{ "type": "Feature", "properties": { "osm_id": 1341664194, "highway": "unclassified", "name": "Unnamed Road", "bridge": "no", "surface": "unknown", "lanes": "unknown", "maxspeed": "unknown", "length_m": 830.99076757960188, "exposed_length_m": 715.52198020396509, "hazard_code": 6, "hazard_class": "H6", "road_exposure_status": "HYDRAULICALLY_EXPOSED_ROAD_SEGMENT" }, "geometry": { "type": "MultiLineString", "coordinates": [ [ [ 77.388164939988897, 11.472452686649605 ], [ 77.3874629, 11.4723132 ], [ 77.3870778, 11.472069 ], [ 77.3868853, 11.4717471 ], [ 77.3868739, 11.4713698 ], [ 77.3867607, 11.4710146 ], [ 77.386738, 11.4703708 ], [ 77.3866588, 11.4701045 ], [ 77.3865228, 11.4694385 ], [ 77.3863983, 11.4690611 ], [ 77.386443600000021, 11.468595 ], [ 77.3865455, 11.468373 ], [ 77.3867833, 11.4681288 ], [ 77.38684, 11.4679179 ], [ 77.3869306, 11.4676515 ], [ 77.3868739, 11.4673962 ], [ 77.3866608, 11.4670856 ] ] ] } },
{ "type": "Feature", "properties": { "osm_id": 213195268, "highway": "unclassified", "name": "Unnamed Road", "bridge": "no", "surface": "unknown", "lanes": "unknown", "maxspeed": "unknown", "length_m": 496.83957508135882, "exposed_length_m": 496.83957508135882, "hazard_code": 6, "hazard_class": "H6", "road_exposure_status": "HYDRAULICALLY_EXPOSED_ROAD_SEGMENT" }, "geometry": { "type": "MultiLineString", "coordinates": [ [ [ 77.3654167, 11.4866749 ], [ 77.3657762, 11.486759 ], [ 77.3658352, 11.4868694 ], [ 77.3657976, 11.4870482 ], [ 77.3657713, 11.4872973 ], [ 77.3658727, 11.4883046 ], [ 77.3658303, 11.4890742 ], [ 77.3656748, 11.4904357 ], [ 77.3655353, 11.4905829 ], [ 77.3653363, 11.4906649 ] ] ] } },
{ "type": "Feature", "properties": { "osm_id": 631230370, "highway": "unclassified", "name": "Unnamed Road", "bridge": "yes", "surface": "unknown", "lanes": "unknown", "maxspeed": "unknown", "length_m": 14.014700261456266, "exposed_length_m": 5.1962253854693774, "hazard_code": 0, "hazard_class": "DRY", "road_exposure_status": "HYDRAULICALLY_EXPOSED_ROAD_SEGMENT" }, "geometry": { "type": "MultiLineString", "coordinates": [ [ [ 77.3653363, 11.4906649 ], [ 77.365340267232725, 11.490711691129086 ] ] ] } },
{ "type": "Feature", "properties": { "osm_id": 634003430, "highway": "unclassified", "name": "Unnamed Road", "bridge": "yes", "surface": "unknown", "lanes": "unknown", "maxspeed": "unknown", "length_m": 22.431206243084638, "exposed_length_m": 22.431206243084638, "hazard_code": 3, "hazard_class": "H3", "road_exposure_status": "HYDRAULICALLY_EXPOSED_ROAD_SEGMENT" }, "geometry": { "type": "MultiLineString", "coordinates": [ [ [ 77.3865561, 11.4905608 ], [ 77.3866777, 11.4907242 ] ] ] } },
{ "type": "Feature", "properties": { "osm_id": 998643799, "highway": "unclassified", "name": "Unnamed Road", "bridge": "no", "surface": "asphalt", "lanes": "unknown", "maxspeed": "unknown", "length_m": 975.74880744918312, "exposed_length_m": 387.79210467990339, "hazard_code": 2, "hazard_class": "H2", "road_exposure_status": "HYDRAULICALLY_EXPOSED_ROAD_SEGMENT" }, "geometry": { "type": "MultiLineString", "coordinates": [ [ [ 77.31912020714671, 11.471202081590354 ], [ 77.319168600000012, 11.4722371 ], [ 77.3192069, 11.4728085 ], [ 77.3193625, 11.4734912 ], [ 77.3194084, 11.473844 ], [ 77.319408399998053, 11.473910847265437 ] ], [ [ 77.319121647778104, 11.474468108752689 ], [ 77.319115, 11.4744791 ], [ 77.3190512, 11.4745927 ], [ 77.319018, 11.4747977 ], [ 77.3191125, 11.4752103 ] ] ] } },
{ "type": "Feature", "properties": { "osm_id": 1343396186, "highway": "unclassified", "name": "Unnamed Road", "bridge": "no", "surface": "unknown", "lanes": "unknown", "maxspeed": "unknown", "length_m": 754.70909202211851, "exposed_length_m": 536.54672135462454, "hazard_code": 3, "hazard_class": "H3", "road_exposure_status": "HYDRAULICALLY_EXPOSED_ROAD_SEGMENT" }, "geometry": { "type": "MultiLineString", "coordinates": [ [ [ 77.32011642065909, 11.471194165546622 ], [ 77.3201309, 11.4712213 ], [ 77.3202505, 11.4713751 ], [ 77.3205344, 11.4715801 ], [ 77.3208109, 11.4716387 ], [ 77.3209678, 11.4716314 ], [ 77.3213713, 11.4712652 ], [ 77.321463361814381, 11.471183457171268 ] ], [ [ 77.321841011579266, 11.470898238378656 ], [ 77.3218943, 11.4708625 ], [ 77.3222156, 11.470987 ], [ 77.322253, 11.4715362 ], [ 77.322626600000021, 11.4722904 ], [ 77.3227461, 11.472576 ], [ 77.3230973, 11.4725833 ], [ 77.323583, 11.4726126 ], [ 77.3238371, 11.4726199 ] ] ] } },
{ "type": "Feature", "properties": { "osm_id": 211629942, "highway": "unclassified", "name": "Unnamed Road", "bridge": "no", "surface": "unknown", "lanes": "unknown", "maxspeed": "unknown", "length_m": 3670.5799783819425, "exposed_length_m": 3670.5799783819425, "hazard_code": 6, "hazard_class": "H6", "road_exposure_status": "HYDRAULICALLY_EXPOSED_ROAD_SEGMENT" }, "geometry": { "type": "MultiLineString", "coordinates": [ [ [ 77.3302798, 11.4781743 ], [ 77.3294553, 11.4786041 ], [ 77.3277961, 11.47921 ], [ 77.3274474, 11.4792993 ], [ 77.3262404, 11.479457 ], [ 77.3258542, 11.4795517 ], [ 77.3255447, 11.4797343 ], [ 77.3249063, 11.480218 ], [ 77.3241821, 11.4805545 ], [ 77.3230432, 11.4809658 ], [ 77.3219934, 11.4813272 ], [ 77.3212462, 11.4816755 ], [ 77.3207097, 11.4820488 ], [ 77.3201089, 11.4823642 ], [ 77.319374, 11.482606 ], [ 77.3175501, 11.4828216 ], [ 77.3162626, 11.4829057 ], [ 77.3156886, 11.4830529 ], [ 77.314165100000011, 11.4831475 ], [ 77.3133192, 11.4830358 ], [ 77.3118064, 11.4824628 ], [ 77.3116508, 11.4823839 ], [ 77.3115258, 11.4821119 ], [ 77.3113971, 11.4819174 ], [ 77.3111879, 11.4818122 ], [ 77.3109427, 11.4817899 ], [ 77.31063, 11.4816913 ], [ 77.3097626, 11.4811853 ], [ 77.3091011, 11.4810762 ], [ 77.3085931, 11.4808541 ], [ 77.307359300000016, 11.4802863 ], [ 77.3061738, 11.47944 ], [ 77.3052404, 11.4786882 ], [ 77.3038885, 11.4780363 ], [ 77.3029927, 11.477663 ], [ 77.3014032, 11.4771912 ], [ 77.300105, 11.476839 ], [ 77.2994988, 11.476839 ], [ 77.2993768, 11.4768653 ] ] ] } },
{ "type": "Feature", "properties": { "osm_id": 211629938, "highway": "tertiary", "name": "Unnamed Road", "bridge": "no", "surface": "unknown", "lanes": "unknown", "maxspeed": "unknown", "length_m": 1350.176590893014, "exposed_length_m": 1326.6360652714725, "hazard_code": 0, "hazard_class": "DRY", "road_exposure_status": "HYDRAULICALLY_EXPOSED_ROAD_SEGMENT" }, "geometry": { "type": "MultiLineString", "coordinates": [ [ [ 77.3049427, 11.4857825 ], [ 77.3047828, 11.4854869 ], [ 77.3045414, 11.4845354 ], [ 77.3042785, 11.4836049 ], [ 77.3042479, 11.4832513 ], [ 77.3041444, 11.4823852 ], [ 77.30408, 11.4822275 ], [ 77.3037796, 11.4822117 ], [ 77.3026172, 11.4823208 ], [ 77.3025297, 11.4822538 ], [ 77.3024332, 11.4815862 ], [ 77.3023366, 11.4806714 ], [ 77.3023527, 11.4800826 ], [ 77.3022454, 11.4799039 ], [ 77.30104091457882, 11.479478413773009 ] ], [ [ 77.300837869845495, 11.47940668726975 ], [ 77.3003963, 11.4792507 ], [ 77.3000353, 11.479047 ], [ 77.2998582, 11.4790365 ], [ 77.2991394, 11.4790996 ], [ 77.2986475, 11.4790614 ], [ 77.2984168, 11.4789931 ], [ 77.2983347, 11.4787368 ], [ 77.2982435, 11.4785686 ], [ 77.2981213, 11.47847 ] ] ] } },
{ "type": "Feature", "properties": { "osm_id": 631230375, "highway": "tertiary", "name": "Unnamed Road", "bridge": "yes", "surface": "unknown", "lanes": "unknown", "maxspeed": "unknown", "length_m": 33.017492955371608, "exposed_length_m": 33.017492955371608, "hazard_code": 5, "hazard_class": "H5", "road_exposure_status": "HYDRAULICALLY_EXPOSED_ROAD_SEGMENT" }, "geometry": { "type": "MultiLineString", "coordinates": [ [ [ 77.3051168, 11.4860265 ], [ 77.3049427, 11.4857825 ] ] ] } },
{ "type": "Feature", "properties": { "osm_id": 634000778, "highway": "secondary", "name": "Sathy - Periyakodivery - Kadambur Road", "bridge": "yes", "surface": "unknown", "lanes": "unknown", "maxspeed": "unknown", "length_m": 73.054027528292096, "exposed_length_m": 73.054027528292096, "hazard_code": 5, "hazard_class": "H5", "road_exposure_status": "HYDRAULICALLY_EXPOSED_ROAD_SEGMENT" }, "geometry": { "type": "MultiLineString", "coordinates": [ [ [ 77.3005327, 11.4892923 ], [ 77.3008256, 11.4898859 ] ] ] } },
{ "type": "Feature", "properties": { "osm_id": 631230377, "highway": "tertiary", "name": "Unnamed Road", "bridge": "no", "surface": "unknown", "lanes": "unknown", "maxspeed": "unknown", "length_m": 1185.1407505601251, "exposed_length_m": 497.54000624116702, "hazard_code": 4, "hazard_class": "H4", "road_exposure_status": "HYDRAULICALLY_EXPOSED_ROAD_SEGMENT" }, "geometry": { "type": "MultiLineString", "coordinates": [ [ [ 77.306524100806513, 11.490279417018787 ], [ 77.306324, 11.4896911 ], [ 77.305884100000014, 11.4885661 ], [ 77.3054764, 11.4872256 ], [ 77.305287, 11.4862649 ], [ 77.3051168, 11.4860265 ] ] ] } },
{ "type": "Feature", "properties": { "osm_id": 1343396201, "highway": "unclassified", "name": "Unnamed Road", "bridge": "no", "surface": "unknown", "lanes": "unknown", "maxspeed": "unknown", "length_m": 1443.1124146267521, "exposed_length_m": 613.78534147118933, "hazard_code": 5, "hazard_class": "H5", "road_exposure_status": "HYDRAULICALLY_EXPOSED_ROAD_SEGMENT" }, "geometry": { "type": "MultiLineString", "coordinates": [ [ [ 77.313752583389231, 11.49017164107317 ], [ 77.3139991, 11.4901584 ], [ 77.3140065, 11.489126 ], [ 77.3143577, 11.4877055 ], [ 77.3143951, 11.486878 ], [ 77.3143129, 11.4866437 ], [ 77.3137375, 11.4868048 ], [ 77.3125794, 11.4868121 ] ] ] } },
{ "type": "Feature", "properties": { "osm_id": 1000690731, "highway": "unclassified", "name": "Unnamed Road", "bridge": "no", "surface": "asphalt", "lanes": "unknown", "maxspeed": "unknown", "length_m": 4898.4088817032643, "exposed_length_m": 374.52585623005325, "hazard_code": 5, "hazard_class": "H5", "road_exposure_status": "HYDRAULICALLY_EXPOSED_ROAD_SEGMENT" }, "geometry": { "type": "MultiLineString", "coordinates": [ [ [ 77.340164790064151, 11.470953610802596 ], [ 77.340108, 11.4709402 ], [ 77.3398456, 11.4707511 ], [ 77.3397299, 11.4706677 ], [ 77.3394258, 11.4703781 ], [ 77.3393171, 11.4703526 ], [ 77.3392172, 11.4703355 ], [ 77.3391216, 11.4703653 ], [ 77.3386784, 11.4705399 ], [ 77.3382284, 11.4706975 ], [ 77.3379069, 11.4707742 ], [ 77.33772, 11.470804 ], [ 77.3376766, 11.4707827 ], [ 77.337599410049449, 11.470151015875965 ] ] ] } },
{ "type": "Feature", "properties": { "osm_id": 1343335775, "highway": "unclassified", "name": "Unnamed Road", "bridge": "no", "surface": "unknown", "lanes": "unknown", "maxspeed": "unknown", "length_m": 1457.1625707546714, "exposed_length_m": 71.090684574125078, "hazard_code": 5, "hazard_class": "H5", "road_exposure_status": "HYDRAULICALLY_EXPOSED_ROAD_SEGMENT" }, "geometry": { "type": "MultiLineString", "coordinates": [ [ [ 77.3398456, 11.4707511 ], [ 77.340018109255496, 11.470131639078865 ] ] ] } },
{ "type": "Feature", "properties": { "osm_id": 634005120, "highway": "tertiary", "name": "Unnamed Road", "bridge": "yes", "surface": "unknown", "lanes": "unknown", "maxspeed": "unknown", "length_m": 101.25645629448826, "exposed_length_m": 101.25645629448826, "hazard_code": 0, "hazard_class": "DRY", "road_exposure_status": "HYDRAULICALLY_EXPOSED_ROAD_SEGMENT" }, "geometry": { "type": "MultiLineString", "coordinates": [ [ [ 77.3638401, 11.4952826 ], [ 77.3637591, 11.4954855 ], [ 77.3630796, 11.4956767 ] ] ] } },
{ "type": "Feature", "properties": { "osm_id": 634005122, "highway": "tertiary", "name": "Unnamed Road", "bridge": "no", "surface": "unknown", "lanes": "unknown", "maxspeed": "unknown", "length_m": 44.582762790829058, "exposed_length_m": 44.582762790829058, "hazard_code": 0, "hazard_class": "DRY", "road_exposure_status": "HYDRAULICALLY_EXPOSED_ROAD_SEGMENT" }, "geometry": { "type": "MultiLineString", "coordinates": [ [ [ 77.3630796, 11.4956767 ], [ 77.3626868, 11.4957872 ] ] ] } },
{ "type": "Feature", "properties": { "osm_id": 213192945, "highway": "tertiary", "name": "Unnamed Road", "bridge": "no", "surface": "unknown", "lanes": "unknown", "maxspeed": "unknown", "length_m": 2006.497115506834, "exposed_length_m": 116.56714638219103, "hazard_code": 0, "hazard_class": "DRY", "road_exposure_status": "HYDRAULICALLY_EXPOSED_ROAD_SEGMENT" }, "geometry": { "type": "MultiLineString", "coordinates": [ [ [ 77.349542476517755, 11.497047560623448 ], [ 77.3493557, 11.4970625 ], [ 77.348482336583459, 11.497173689001594 ] ] ] } },
{ "type": "Feature", "properties": { "osm_id": 213192944, "highway": "tertiary", "name": "Unnamed Road", "bridge": "no", "surface": "unknown", "lanes": "unknown", "maxspeed": "unknown", "length_m": 1947.3954293806769, "exposed_length_m": 77.450699521975892, "hazard_code": 0, "hazard_class": "DRY", "road_exposure_status": "HYDRAULICALLY_EXPOSED_ROAD_SEGMENT" }, "geometry": { "type": "MultiLineString", "coordinates": [ [ [ 77.36272967916625, 11.496154815791289 ], [ 77.3627184, 11.495885 ], [ 77.3626868, 11.4957872 ], [ 77.362552100000016, 11.4957588 ], [ 77.362359199912873, 11.49577898115359 ] ] ] } },
{ "type": "Feature", "properties": { "osm_id": 213195274, "highway": "tertiary", "name": "Unnamed Road", "bridge": "no", "surface": "unknown", "lanes": "unknown", "maxspeed": "unknown", "length_m": 153.22710510876493, "exposed_length_m": 38.235381778545175, "hazard_code": 4, "hazard_class": "H4", "road_exposure_status": "HYDRAULICALLY_EXPOSED_ROAD_SEGMENT" }, "geometry": { "type": "MultiLineString", "coordinates": [ [ [ 77.364187118803486, 11.495235348692926 ], [ 77.3638401, 11.4952826 ] ] ] } },
{ "type": "Feature", "properties": { "osm_id": 130075033, "highway": "unclassified", "name": "Unnamed Road", "bridge": "no", "surface": "unknown", "lanes": "unknown", "maxspeed": "unknown", "length_m": 1852.3557090497661, "exposed_length_m": 116.24815904486952, "hazard_code": 0, "hazard_class": "DRY", "road_exposure_status": "HYDRAULICALLY_EXPOSED_ROAD_SEGMENT" }, "geometry": { "type": "MultiLineString", "coordinates": [ [ [ 77.3866777, 11.4907242 ], [ 77.3867992, 11.4909181 ], [ 77.3869451, 11.4909998 ], [ 77.3872159, 11.4911291 ], [ 77.3872958, 11.4911836 ], [ 77.3873375, 11.4912516 ], [ 77.3873505, 11.4913813 ], [ 77.387354100126402, 11.49143583988401 ] ] ] } },
{ "type": "Feature", "properties": { "osm_id": 211627194, "highway": "tertiary", "name": "Unnamed Road", "bridge": "no", "surface": "unknown", "lanes": "unknown", "maxspeed": "unknown", "length_m": 6905.8042267060164, "exposed_length_m": 127.85932235285927, "hazard_code": 0, "hazard_class": "DRY", "road_exposure_status": "HYDRAULICALLY_EXPOSED_ROAD_SEGMENT" }, "geometry": { "type": "MultiLineString", "coordinates": [ [ [ 77.334860392311469, 11.488246446462297 ], [ 77.3348573, 11.4882034 ], [ 77.334737700000019, 11.4879737 ], [ 77.3344909, 11.4879632 ], [ 77.333946672107672, 11.48825376360187 ] ] ] } },
{ "type": "Feature", "properties": { "osm_id": 1341664195, "highway": "track", "name": "Unnamed Road", "bridge": "no", "surface": "unknown", "lanes": "unknown", "maxspeed": "unknown", "length_m": 1127.9463460020827, "exposed_length_m": 460.21054268270251, "hazard_code": 2, "hazard_class": "H2", "road_exposure_status": "HYDRAULICALLY_EXPOSED_ROAD_SEGMENT" }, "geometry": { "type": "MultiLineString", "coordinates": [ [ [ 77.386707, 11.4664925 ], [ 77.3867267, 11.466253 ], [ 77.38684, 11.466031 ], [ 77.3868626, 11.4649766 ], [ 77.3869419, 11.4644771 ], [ 77.3871457, 11.4641885 ], [ 77.387293, 11.4639221 ], [ 77.3872703, 11.4633005 ], [ 77.387191, 11.4630452 ], [ 77.3872703, 11.4628566 ], [ 77.387399872449308, 11.46251885576085 ] ] ] } },
{ "type": "Feature", "properties": { "osm_id": 1341664193, "highway": "unclassified", "name": "Unnamed Road", "bridge": "no", "surface": "unknown", "lanes": "unknown", "maxspeed": "unknown", "length_m": 3289.7091670566242, "exposed_length_m": 2716.3119634013365, "hazard_code": 4, "hazard_class": "H4", "road_exposure_status": "HYDRAULICALLY_EXPOSED_ROAD_SEGMENT" }, "geometry": { "type": "MultiLineString", "coordinates": [ [ [ 77.4040026, 11.47233 ], [ 77.4032505, 11.4723354 ], [ 77.401631, 11.4726462 ], [ 77.4004305, 11.4727128 ], [ 77.3994112, 11.4725241 ], [ 77.3989355, 11.4724131 ], [ 77.3986071, 11.4720912 ], [ 77.3982333, 11.4717915 ], [ 77.3979389, 11.4714031 ], [ 77.3975765, 11.4710257 ], [ 77.397348441687981, 11.47057012574558 ] ], [ [ 77.397359851146504, 11.468762755397304 ], [ 77.3974632, 11.4686172 ], [ 77.3975312, 11.4680844 ], [ 77.3975312, 11.4676182 ], [ 77.3975085, 11.4673518 ], [ 77.397282, 11.4674295 ], [ 77.3969989, 11.4676293 ], [ 77.3965459, 11.4679068 ], [ 77.3957644, 11.4679845 ], [ 77.3954473, 11.4679956 ], [ 77.395109332476608, 11.468095959560614 ] ], [ [ 77.394327245326394, 11.468787640708149 ], [ 77.3941335, 11.4689612 ], [ 77.3937711, 11.4691166 ], [ 77.393510600000013, 11.469272 ], [ 77.3930123, 11.4692942 ], [ 77.3926273, 11.4693497 ], [ 77.392582, 11.4695273 ], [ 77.3926159, 11.4697937 ], [ 77.3927745, 11.4700601 ], [ 77.3927971, 11.4704041 ], [ 77.3925933, 11.4707593 ], [ 77.392548, 11.4711256 ], [ 77.3923554, 11.4715585 ], [ 77.3919817, 11.4718359 ], [ 77.391517400000012, 11.4720912 ], [ 77.3911776, 11.4722799 ], [ 77.390563727041524, 11.472253355601554 ] ], [ [ 77.389294360559177, 11.473347086561258 ], [ 77.3893202, 11.4736229 ], [ 77.3897393, 11.4748216 ], [ 77.390634, 11.4755763 ], [ 77.3912003, 11.4757539 ], [ 77.3913588, 11.476775 ], [ 77.3917439, 11.4774743 ], [ 77.3926046, 11.4782179 ], [ 77.3932388, 11.4780625 ] ] ] } },
{ "type": "Feature", "properties": { "osm_id": 1341664186, "highway": "unclassified", "name": "Unnamed Road", "bridge": "no", "surface": "unknown", "lanes": "unknown", "maxspeed": "unknown", "length_m": 2082.6975692847154, "exposed_length_m": 1097.1607908653266, "hazard_code": 6, "hazard_class": "H6", "road_exposure_status": "HYDRAULICALLY_EXPOSED_ROAD_SEGMENT" }, "geometry": { "type": "MultiLineString", "coordinates": [ [ [ 77.4024919, 11.4821209 ], [ 77.4025263, 11.4815153 ], [ 77.4033503, 11.4764517 ], [ 77.4040026, 11.47233 ], [ 77.404003585705937, 11.472322664257735 ] ] ] } },
{ "type": "Feature", "properties": { "osm_id": 1341664192, "highway": "unclassified", "name": "Unnamed Road", "bridge": "no", "surface": "unknown", "lanes": "unknown", "maxspeed": "unknown", "length_m": 1346.8182437234254, "exposed_length_m": 1248.5650952693361, "hazard_code": 5, "hazard_class": "H5", "road_exposure_status": "HYDRAULICALLY_EXPOSED_ROAD_SEGMENT" }, "geometry": { "type": "MultiLineString", "coordinates": [ [ [ 77.4040026, 11.47233 ], [ 77.4051985, 11.4724908 ], [ 77.4052664, 11.4726573 ], [ 77.4056515, 11.4729569 ], [ 77.4060479, 11.4731345 ], [ 77.407440900000012, 11.473301 ], [ 77.4082337, 11.4733787 ], [ 77.4084715, 11.4735896 ], [ 77.4086867, 11.474078 ], [ 77.408732, 11.4746107 ], [ 77.4083016, 11.4749548 ], [ 77.408237680689624, 11.47499865460469 ] ], [ [ 77.40799525524713, 11.475210992043955 ], [ 77.4074069, 11.4759537 ], [ 77.4070672, 11.4763977 ], [ 77.4068633, 11.4766973 ], [ 77.406818, 11.4769526 ], [ 77.4068067, 11.4773966 ], [ 77.406886, 11.4777073 ], [ 77.4071012, 11.478118 ], [ 77.4074296, 11.4786174 ], [ 77.4075089, 11.4788949 ], [ 77.408029046262357, 11.47919416633802 ] ] ] } },
{ "type": "Feature", "properties": { "osm_id": 130092855, "highway": "secondary", "name": "Karattadipalayam - Bungalowpudur Road", "bridge": "no", "surface": "unknown", "lanes": "unknown", "maxspeed": "unknown", "length_m": 4475.1976336673506, "exposed_length_m": 2015.5387068798655, "hazard_code": 5, "hazard_class": "H5", "road_exposure_status": "HYDRAULICALLY_EXPOSED_ROAD_SEGMENT" }, "geometry": { "type": "MultiLineString", "coordinates": [ [ [ 77.408842095831631, 11.479511820425403 ], [ 77.4089643, 11.4795767 ], [ 77.40942, 11.4798532 ], [ 77.4099192, 11.4801669 ], [ 77.410261, 11.4803105 ], [ 77.41063, 11.4804807 ], [ 77.4107408, 11.4805451 ], [ 77.410789549587761, 11.48061480881266 ] ], [ [ 77.410792893720725, 11.48100842209055 ], [ 77.4106571, 11.4811506 ], [ 77.4102502, 11.4814059 ], [ 77.4099518, 11.4816398 ], [ 77.4098107, 11.4819004 ], [ 77.409604500000015, 11.4825172 ], [ 77.4095557, 11.482884 ], [ 77.4095014, 11.4830436 ], [ 77.4091704, 11.4834743 ], [ 77.4091053, 11.4836444 ], [ 77.4090836, 11.4838624 ], [ 77.4091216, 11.4840751 ], [ 77.4092627, 11.484442 ], [ 77.40942, 11.4845802 ], [ 77.4097836, 11.4848514 ], [ 77.409910535189539, 11.484986490109382 ] ], [ [ 77.410458097577404, 11.486727508164499 ], [ 77.4104998, 11.4869411 ], [ 77.4105757, 11.4873133 ], [ 77.4107222, 11.4877812 ], [ 77.410851960955526, 11.487958416867277 ] ], [ [ 77.41152838046942, 11.488525914264114 ], [ 77.4115415, 11.4885362 ], [ 77.4116338, 11.4887808 ], [ 77.4117043, 11.48927 ], [ 77.41184, 11.4898389 ], [ 77.4119051, 11.4901951 ], [ 77.411914123751075, 11.490329979468235 ] ], [ [ 77.411974545704823, 11.491233107707288 ], [ 77.4119919, 11.4914925 ], [ 77.4121492, 11.4928749 ], [ 77.4122306, 11.4939064 ], [ 77.4123228, 11.4946083 ], [ 77.4123099, 11.49471 ], [ 77.4122686, 11.4947838 ], [ 77.4122027, 11.494823 ], [ 77.4121275, 11.4948369 ], [ 77.4118671, 11.4948529 ], [ 77.411723, 11.4948625 ], [ 77.4112268, 11.4948954 ], [ 77.4108742, 11.4949326 ], [ 77.4108035, 11.494954 ], [ 77.4102786, 11.4951133 ], [ 77.4101905, 11.49514 ], [ 77.4098649, 11.4952676 ], [ 77.4097739, 11.4953513 ], [ 77.4096967, 11.4954643 ], [ 77.4094797, 11.496012 ], [ 77.4093115, 11.4965277 ], [ 77.4092518, 11.4970169 ] ] ] } },
{ "type": "Feature", "properties": { "osm_id": 1341664179, "highway": "unclassified", "name": "Unnamed Road", "bridge": "no", "surface": "unknown", "lanes": "unknown", "maxspeed": "unknown", "length_m": 1829.6553781036846, "exposed_length_m": 286.48619129602662, "hazard_code": 5, "hazard_class": "H5", "road_exposure_status": "HYDRAULICALLY_EXPOSED_ROAD_SEGMENT" }, "geometry": { "type": "MultiLineString", "coordinates": [ [ [ 77.4115415, 11.4885362 ], [ 77.4118268, 11.4885848 ], [ 77.4120883, 11.4887239 ], [ 77.4124694, 11.4888411 ], [ 77.412692291907007, 11.488897175867516 ] ], [ [ 77.419998576262174, 11.493877455928052 ], [ 77.4199862, 11.4941131 ], [ 77.4199638, 11.4943913 ], [ 77.4200012, 11.494589 ], [ 77.4200311, 11.4948673 ], [ 77.420075973679772, 11.495258263075419 ] ] ] } },
{ "type": "Feature", "properties": { "osm_id": 1341664178, "highway": "residential", "name": "Unnamed Road", "bridge": "no", "surface": "unknown", "lanes": "unknown", "maxspeed": "unknown", "length_m": 138.56637630855101, "exposed_length_m": 138.56637630855101, "hazard_code": 6, "hazard_class": "H6", "road_exposure_status": "HYDRAULICALLY_EXPOSED_ROAD_SEGMENT" }, "geometry": { "type": "MultiLineString", "coordinates": [ [ [ 77.4118671, 11.4948529 ], [ 77.4118567, 11.4939762 ], [ 77.4122306, 11.4939064 ] ] ] } },
{ "type": "Feature", "properties": { "osm_id": 1341664177, "highway": "residential", "name": "Unnamed Road", "bridge": "no", "surface": "unknown", "lanes": "unknown", "maxspeed": "unknown", "length_m": 116.30104354696257, "exposed_length_m": 116.30104354696257, "hazard_code": 6, "hazard_class": "H6", "road_exposure_status": "HYDRAULICALLY_EXPOSED_ROAD_SEGMENT" }, "geometry": { "type": "MultiLineString", "coordinates": [ [ [ 77.4117521, 11.495913 ], [ 77.4117412, 11.4955188 ], [ 77.411723, 11.4948625 ] ] ] } },
{ "type": "Feature", "properties": { "osm_id": 1389762837, "highway": "residential", "name": "Unnamed Road", "bridge": "no", "surface": "unknown", "lanes": "unknown", "maxspeed": "unknown", "length_m": 43.036543684004556, "exposed_length_m": 43.036543684004556, "hazard_code": 6, "hazard_class": "H6", "road_exposure_status": "HYDRAULICALLY_EXPOSED_ROAD_SEGMENT" }, "geometry": { "type": "MultiLineString", "coordinates": [ [ [ 77.4117412, 11.4955188 ], [ 77.4115006, 11.495513 ], [ 77.4114992, 11.4953615 ] ] ] } },
{ "type": "Feature", "properties": { "osm_id": 1389762839, "highway": "residential", "name": "Unnamed Road", "bridge": "no", "surface": "unknown", "lanes": "unknown", "maxspeed": "unknown", "length_m": 108.69798210908404, "exposed_length_m": 108.69798210908404, "hazard_code": 6, "hazard_class": "H6", "road_exposure_status": "HYDRAULICALLY_EXPOSED_ROAD_SEGMENT" }, "geometry": { "type": "MultiLineString", "coordinates": [ [ [ 77.4103625, 11.496092 ], [ 77.4102786, 11.4951133 ] ] ] } },
{ "type": "Feature", "properties": { "osm_id": 1341664172, "highway": "residential", "name": "Unnamed Road", "bridge": "no", "surface": "unknown", "lanes": "unknown", "maxspeed": "unknown", "length_m": 639.43657024637923, "exposed_length_m": 639.43657024637923, "hazard_code": 6, "hazard_class": "H6", "road_exposure_status": "HYDRAULICALLY_EXPOSED_ROAD_SEGMENT" }, "geometry": { "type": "MultiLineString", "coordinates": [ [ [ 77.4108035, 11.494954 ], [ 77.4108629, 11.4960338 ], [ 77.410919, 11.4963962 ], [ 77.4108442, 11.496539 ], [ 77.4108442, 11.4970625 ], [ 77.4110684, 11.4970296 ], [ 77.4111543, 11.4970772 ], [ 77.4112926, 11.4970955 ], [ 77.4113897, 11.4970918 ], [ 77.4113897, 11.49696 ], [ 77.4113262, 11.4968246 ], [ 77.411359800000014, 11.4966964 ], [ 77.4114831, 11.4965793 ], [ 77.4114271, 11.4964072 ], [ 77.41164, 11.4963669 ], [ 77.4118567, 11.4963559 ], [ 77.4120248, 11.4962534 ], [ 77.4121817, 11.4961802 ], [ 77.4122975, 11.4960777 ], [ 77.4123611, 11.4959789 ], [ 77.4123889, 11.495923 ], [ 77.4124358, 11.4958287 ], [ 77.4124843, 11.4956677 ], [ 77.412447, 11.4953382 ], [ 77.4123797, 11.4949245 ], [ 77.4122686, 11.4947838 ] ] ] } },
{ "type": "Feature", "properties": { "osm_id": 130075017, "highway": "primary", "name": "Sathy - Athani - Bhavani Road", "bridge": "no", "surface": "unknown", "lanes": "unknown", "maxspeed": "unknown", "length_m": 13382.431860630564, "exposed_length_m": 511.64818819864291, "hazard_code": 0, "hazard_class": "DRY", "road_exposure_status": "HYDRAULICALLY_EXPOSED_ROAD_SEGMENT" }, "geometry": { "type": "MultiLineString", "coordinates": [ [ [ 77.394509151961287, 11.505518199176233 ], [ 77.3945264, 11.5055084 ], [ 77.3949439, 11.5053188 ], [ 77.3952216, 11.5051927 ], [ 77.3957303, 11.5050598 ], [ 77.3962305, 11.5049933 ], [ 77.396337520089787, 11.505032628839496 ] ], [ [ 77.39909836162127, 11.50646459523295 ], [ 77.3992401, 11.5064886 ], [ 77.3998675, 11.5065302 ], [ 77.4005033, 11.5065551 ], [ 77.4009147, 11.5065824 ], [ 77.4013426, 11.5066216 ], [ 77.401848182420451, 11.506594765718065 ] ] ] } },
{ "type": "Feature", "properties": { "osm_id": 1341664171, "highway": "unclassified", "name": "Bhavani River Rd", "bridge": "no", "surface": "unknown", "lanes": "unknown", "maxspeed": "unknown", "length_m": 1667.3925527529414, "exposed_length_m": 1667.3925527529414, "hazard_code": 6, "hazard_class": "H6", "road_exposure_status": "HYDRAULICALLY_EXPOSED_ROAD_SEGMENT" }, "geometry": { "type": "MultiLineString", "coordinates": [ [ [ 77.3977802, 11.4972481 ], [ 77.3979433, 11.4971135 ], [ 77.3981751, 11.4970462 ], [ 77.3990419, 11.4971472 ], [ 77.3998402, 11.4973995 ], [ 77.4007929, 11.4976434 ], [ 77.4010761, 11.4976266 ], [ 77.4013079, 11.497492 ], [ 77.4014366, 11.4973154 ], [ 77.4015225, 11.4971892 ], [ 77.4019859, 11.4971051 ], [ 77.4021748, 11.497021 ], [ 77.4028271, 11.4971472 ], [ 77.4030846, 11.4971892 ], [ 77.4032305, 11.4971219 ], [ 77.4033249, 11.4969873 ], [ 77.4032734, 11.4966173 ], [ 77.4033163, 11.4963397 ], [ 77.4033249, 11.4953136 ], [ 77.4033678, 11.4947416 ], [ 77.4037626, 11.4937323 ], [ 77.4046467, 11.4918819 ], [ 77.4048355, 11.4914277 ], [ 77.4049471, 11.491066 ], [ 77.4050758, 11.4900315 ], [ 77.4049213, 11.4881895 ] ] ] } },
{ "type": "Feature", "properties": { "osm_id": 1341664169, "highway": "unclassified", "name": "Unnamed Road", "bridge": "yes", "surface": "unknown", "lanes": "unknown", "maxspeed": "unknown", "length_m": 29.454512500804395, "exposed_length_m": 29.454512500804395, "hazard_code": 4, "hazard_class": "H4", "road_exposure_status": "HYDRAULICALLY_EXPOSED_ROAD_SEGMENT" }, "geometry": { "type": "MultiLineString", "coordinates": [ [ [ 77.3927131, 11.4954209 ], [ 77.392895, 11.4952243 ] ] ] } },
{ "type": "Feature", "properties": { "osm_id": 1341664167, "highway": "unclassified", "name": "Unnamed Road", "bridge": "no", "surface": "unknown", "lanes": "unknown", "maxspeed": "unknown", "length_m": 908.20589105014608, "exposed_length_m": 908.20589105014608, "hazard_code": 4, "hazard_class": "H4", "road_exposure_status": "HYDRAULICALLY_EXPOSED_ROAD_SEGMENT" }, "geometry": { "type": "MultiLineString", "coordinates": [ [ [ 77.392895, 11.4952243 ], [ 77.3929136, 11.4952042 ], [ 77.3932055, 11.4954818 ], [ 77.3952225, 11.4960622 ], [ 77.3954971, 11.4960033 ], [ 77.3960293, 11.4959108 ], [ 77.3964499, 11.4960117 ], [ 77.396467, 11.4962472 ], [ 77.3966644, 11.4969621 ], [ 77.3968361, 11.4972649 ], [ 77.3976, 11.4971892 ], [ 77.3977802, 11.4972481 ], [ 77.3980206, 11.4973911 ], [ 77.3981493, 11.4976854 ], [ 77.3981579, 11.4978873 ], [ 77.3980806, 11.4981312 ], [ 77.3980978, 11.4983835 ], [ 77.3982266, 11.4986779 ], [ 77.3982781, 11.4990312 ], [ 77.3982266, 11.4992414 ] ] ] } },
{ "type": "Feature", "properties": { "osm_id": 1341664168, "highway": "unclassified", "name": "Unnamed Road", "bridge": "no", "surface": "unknown", "lanes": "unknown", "maxspeed": "unknown", "length_m": 654.22506368610766, "exposed_length_m": 169.35491626091039, "hazard_code": 0, "hazard_class": "DRY", "road_exposure_status": "HYDRAULICALLY_EXPOSED_ROAD_SEGMENT" }, "geometry": { "type": "MultiLineString", "coordinates": [ [ [ 77.392148925662667, 11.496818362459445 ], [ 77.39249310000001, 11.4956584 ], [ 77.3927131, 11.4954209 ] ] ] } },
{ "type": "Feature", "properties": { "osm_id": 1341664170, "highway": "unclassified", "name": "Bhavani River Rd", "bridge": "no", "surface": "unknown", "lanes": "unknown", "maxspeed": "unknown", "length_m": 2032.6196115611863, "exposed_length_m": 1909.7482305207861, "hazard_code": 3, "hazard_class": "H3", "road_exposure_status": "HYDRAULICALLY_EXPOSED_ROAD_SEGMENT" }, "geometry": { "type": "MultiLineString", "coordinates": [ [ [ 77.3982266, 11.4992414 ], [ 77.3979605, 11.4997713 ], [ 77.3977631, 11.5001078 ], [ 77.3978403, 11.5005451 ], [ 77.3980206, 11.5009404 ], [ 77.398115, 11.5013189 ], [ 77.3981236, 11.5017815 ], [ 77.3978832, 11.5023871 ], [ 77.3976, 11.5027319 ], [ 77.3973597, 11.5030095 ], [ 77.3971708, 11.5032113 ], [ 77.3971365, 11.5034384 ], [ 77.397291, 11.503716 ], [ 77.3977116, 11.5038337 ], [ 77.3980806, 11.5039262 ], [ 77.3982695, 11.503901 ], [ 77.3987072, 11.5038505 ], [ 77.3991278, 11.5038926 ], [ 77.4000547, 11.5041028 ], [ 77.4003208, 11.5043888 ], [ 77.4004925, 11.5046243 ], [ 77.4006298, 11.5047168 ], [ 77.4008358, 11.5046495 ], [ 77.4012049, 11.5041028 ], [ 77.40184, 11.5035646 ], [ 77.4022091, 11.5035141 ], [ 77.4028271, 11.503943 ], [ 77.402897612684896, 11.503958960983214 ] ], [ [ 77.403103377996132, 11.503957262529523 ], [ 77.4034451, 11.5037244 ], [ 77.4055651, 11.5027403 ], [ 77.4059341, 11.5024459 ], [ 77.4063032, 11.5020254 ], [ 77.4066294, 11.5019245 ], [ 77.4070843, 11.5018488 ], [ 77.4078739, 11.5019329 ], [ 77.4082258, 11.5020675 ], [ 77.408280284287301, 11.502107222966986 ] ] ] } },
{ "type": "Feature", "properties": { "osm_id": 1341664175, "highway": "residential", "name": "Unnamed Road", "bridge": "no", "surface": "unknown", "lanes": "unknown", "maxspeed": "unknown", "length_m": 164.84468153662539, "exposed_length_m": 164.84468153662539, "hazard_code": 6, "hazard_class": "H6", "road_exposure_status": "HYDRAULICALLY_EXPOSED_ROAD_SEGMENT" }, "geometry": { "type": "MultiLineString", "coordinates": [ [ [ 77.4108629, 11.4960338 ], [ 77.4117521, 11.495913 ], [ 77.4123611, 11.4959789 ] ] ] } },
{ "type": "Feature", "properties": { "osm_id": 1341664174, "highway": "residential", "name": "Unnamed Road", "bridge": "no", "surface": "unknown", "lanes": "unknown", "maxspeed": "unknown", "length_m": 43.234465102885189, "exposed_length_m": 43.234465102885189, "hazard_code": 6, "hazard_class": "H6", "road_exposure_status": "HYDRAULICALLY_EXPOSED_ROAD_SEGMENT" }, "geometry": { "type": "MultiLineString", "coordinates": [ [ [ 77.411031, 11.4964072 ], [ 77.4114271, 11.4964072 ] ] ] } },
{ "type": "Feature", "properties": { "osm_id": 1389762838, "highway": "residential", "name": "Unnamed Road", "bridge": "no", "surface": "unknown", "lanes": "unknown", "maxspeed": "unknown", "length_m": 377.87244806945694, "exposed_length_m": 377.87244806945694, "hazard_code": 6, "hazard_class": "H6", "road_exposure_status": "HYDRAULICALLY_EXPOSED_ROAD_SEGMENT" }, "geometry": { "type": "MultiLineString", "coordinates": [ [ [ 77.4108629, 11.4960338 ], [ 77.4103625, 11.496092 ], [ 77.4102791, 11.4961782 ], [ 77.4100019, 11.4962208 ], [ 77.4100445, 11.4964179 ], [ 77.409762, 11.496516 ], [ 77.4095793, 11.4965903 ], [ 77.4094566, 11.4967245 ], [ 77.4094029, 11.496919 ], [ 77.4094007, 11.4970246 ], [ 77.4094205, 11.4970688 ], [ 77.4094679, 11.4970904 ], [ 77.4098005, 11.4970523 ], [ 77.4100724, 11.4970301 ], [ 77.4101421, 11.4970434 ], [ 77.410185, 11.4970931 ], [ 77.4102085, 11.4972395 ], [ 77.410572, 11.4972165 ] ] ] } },
{ "type": "Feature", "properties": { "osm_id": 1341664176, "highway": "residential", "name": "Unnamed Road", "bridge": "no", "surface": "unknown", "lanes": "unknown", "maxspeed": "unknown", "length_m": 482.72480942932475, "exposed_length_m": 482.72480942932475, "hazard_code": 6, "hazard_class": "H6", "road_exposure_status": "HYDRAULICALLY_EXPOSED_ROAD_SEGMENT" }, "geometry": { "type": "MultiLineString", "coordinates": [ [ [ 77.4123889, 11.495923 ], [ 77.4124806, 11.4961619 ], [ 77.412787, 11.4966452 ], [ 77.4128654, 11.4966708 ], [ 77.4141992, 11.4966781 ], [ 77.4148604, 11.496722 ], [ 77.4152004, 11.4968209 ], [ 77.4153387, 11.4969014 ], [ 77.4162353, 11.4973188 ] ] ] } },
{ "type": "Feature", "properties": { "osm_id": 1389767120, "highway": "residential", "name": "Unnamed Road", "bridge": "no", "surface": "unknown", "lanes": "unknown", "maxspeed": "unknown", "length_m": 105.44153213422793, "exposed_length_m": 105.44153213422793, "hazard_code": 6, "hazard_class": "H6", "road_exposure_status": "HYDRAULICALLY_EXPOSED_ROAD_SEGMENT" }, "geometry": { "type": "MultiLineString", "coordinates": [ [ [ 77.4100724, 11.4970301 ], [ 77.4103324, 11.4968471 ], [ 77.410211, 11.4963912 ], [ 77.4100445, 11.4964179 ] ] ] } },
{ "type": "Feature", "properties": { "osm_id": 1389762840, "highway": "residential", "name": "Unnamed Road", "bridge": "no", "surface": "unknown", "lanes": "unknown", "maxspeed": "unknown", "length_m": 80.667064523626379, "exposed_length_m": 80.667064523626379, "hazard_code": 6, "hazard_class": "H6", "road_exposure_status": "HYDRAULICALLY_EXPOSED_ROAD_SEGMENT" }, "geometry": { "type": "MultiLineString", "coordinates": [ [ [ 77.4118567, 11.4963559 ], [ 77.4118728, 11.4966261 ], [ 77.4119153, 11.4967879 ], [ 77.4119995, 11.4970669 ] ] ] } },
{ "type": "Feature", "properties": { "osm_id": 1341664173, "highway": "residential", "name": "Unnamed Road", "bridge": "no", "surface": "unknown", "lanes": "unknown", "maxspeed": "unknown", "length_m": 87.64489545426062, "exposed_length_m": 87.64489545426062, "hazard_code": 6, "hazard_class": "H6", "road_exposure_status": "HYDRAULICALLY_EXPOSED_ROAD_SEGMENT" }, "geometry": { "type": "MultiLineString", "coordinates": [ [ [ 77.4111543, 11.4970772 ], [ 77.411031, 11.4964072 ], [ 77.410919, 11.4963962 ] ] ] } },
{ "type": "Feature", "properties": { "osm_id": 130075002, "highway": "secondary", "name": "Karattadipalayam - Bungalowpudur Road", "bridge": "yes", "surface": "unknown", "lanes": "unknown", "maxspeed": "unknown", "length_m": 165.98848172215509, "exposed_length_m": 165.98848172215509, "hazard_code": 6, "hazard_class": "H6", "road_exposure_status": "HYDRAULICALLY_EXPOSED_ROAD_SEGMENT" }, "geometry": { "type": "MultiLineString", "coordinates": [ [ [ 77.4092518, 11.4970169 ], [ 77.4092138, 11.4985163 ] ] ] } },
{ "type": "Feature", "properties": { "osm_id": 130075096, "highway": "secondary", "name": "Karattadipalayam - Bungalowpudur Road", "bridge": "no", "surface": "unknown", "lanes": "unknown", "maxspeed": "unknown", "length_m": 462.98981954230271, "exposed_length_m": 422.06512314214717, "hazard_code": 6, "hazard_class": "H6", "road_exposure_status": "HYDRAULICALLY_EXPOSED_ROAD_SEGMENT" }, "geometry": { "type": "MultiLineString", "coordinates": [ [ [ 77.4092138, 11.4985163 ], [ 77.4092084, 11.4995637 ], [ 77.4091976, 11.5001858 ], [ 77.4092247, 11.5010099 ], [ 77.4092518, 11.5016586 ], [ 77.409203, 11.5020095 ], [ 77.409141699497255, 11.502319863231559 ] ] ] } },
{ "type": "Feature", "properties": { "osm_id": 1374921119, "highway": "residential", "name": "Unnamed Road", "bridge": "no", "surface": "unknown", "lanes": "unknown", "maxspeed": "unknown", "length_m": 92.894726530167162, "exposed_length_m": 56.769035078949742, "hazard_code": 0, "hazard_class": "DRY", "road_exposure_status": "HYDRAULICALLY_EXPOSED_ROAD_SEGMENT" }, "geometry": { "type": "MultiLineString", "coordinates": [ [ [ 77.394945253341234, 11.505831766970482 ], [ 77.3949452, 11.5058112 ], [ 77.3949439, 11.5053188 ] ] ] } },
{ "type": "Feature", "properties": { "osm_id": 1374921120, "highway": "residential", "name": "Unnamed Road", "bridge": "no", "surface": "unknown", "lanes": "unknown", "maxspeed": "unknown", "length_m": 29.930624041793308, "exposed_length_m": 29.930624041793308, "hazard_code": 0, "hazard_class": "DRY", "road_exposure_status": "HYDRAULICALLY_EXPOSED_ROAD_SEGMENT" }, "geometry": { "type": "MultiLineString", "coordinates": [ [ [ 77.3949452, 11.5058112 ], [ 77.3952191, 11.505798 ] ] ] } },
{ "type": "Feature", "properties": { "osm_id": 211621070, "highway": "tertiary", "name": "Unnamed Road", "bridge": "no", "surface": "unknown", "lanes": "unknown", "maxspeed": "unknown", "length_m": 996.81975528703356, "exposed_length_m": 346.2702945650957, "hazard_code": 5, "hazard_class": "H5", "road_exposure_status": "HYDRAULICALLY_EXPOSED_ROAD_SEGMENT" }, "geometry": { "type": "MultiLineString", "coordinates": [ [ [ 77.256127535131455, 11.502616997959 ], [ 77.2549795, 11.5029238 ], [ 77.2545198, 11.5028962 ], [ 77.2536116, 11.5030237 ], [ 77.2530066, 11.5029997 ] ] ] } },
{ "type": "Feature", "properties": { "osm_id": 1343296900, "highway": "residential", "name": "Unnamed Road", "bridge": "no", "surface": "unknown", "lanes": "unknown", "maxspeed": "unknown", "length_m": 300.52643246601946, "exposed_length_m": 300.52643246601946, "hazard_code": 5, "hazard_class": "H5", "road_exposure_status": "HYDRAULICALLY_EXPOSED_ROAD_SEGMENT" }, "geometry": { "type": "MultiLineString", "coordinates": [ [ [ 77.2549795, 11.5029238 ], [ 77.2551227, 11.5032225 ], [ 77.255134, 11.5036164 ], [ 77.255134, 11.5042379 ], [ 77.255185, 11.504421 ], [ 77.2554058, 11.5048206 ], [ 77.2555531, 11.5055308 ] ] ] } },
{ "type": "Feature", "properties": { "osm_id": 1343268264, "highway": "residential", "name": "Unnamed Road", "bridge": "no", "surface": "unknown", "lanes": "unknown", "maxspeed": "unknown", "length_m": 49.614903340871891, "exposed_length_m": 49.614903340871891, "hazard_code": 6, "hazard_class": "H6", "road_exposure_status": "HYDRAULICALLY_EXPOSED_ROAD_SEGMENT" }, "geometry": { "type": "MultiLineString", "coordinates": [ [ [ 77.2502276, 11.5050309 ], [ 77.2501304, 11.5045929 ] ] ] } },
{ "type": "Feature", "properties": { "osm_id": 1343268261, "highway": "residential", "name": "Unnamed Road", "bridge": "no", "surface": "unknown", "lanes": "unknown", "maxspeed": "unknown", "length_m": 427.96291125068842, "exposed_length_m": 427.96291125068842, "hazard_code": 6, "hazard_class": "H6", "road_exposure_status": "HYDRAULICALLY_EXPOSED_ROAD_SEGMENT" }, "geometry": { "type": "MultiLineString", "coordinates": [ [ [ 77.2500068, 11.5041722 ], [ 77.2487123, 11.504357 ], [ 77.2486603, 11.5044845 ], [ 77.2488811, 11.5052566 ], [ 77.248992, 11.5056446 ], [ 77.2494929, 11.5055617 ], [ 77.249571, 11.5059314 ], [ 77.249932, 11.5059223 ] ] ] } },
{ "type": "Feature", "properties": { "osm_id": 1343268263, "highway": "residential", "name": "Unnamed Road", "bridge": "no", "surface": "unknown", "lanes": "unknown", "maxspeed": "unknown", "length_m": 170.78584042206126, "exposed_length_m": 170.78584042206126, "hazard_code": 6, "hazard_class": "H6", "road_exposure_status": "HYDRAULICALLY_EXPOSED_ROAD_SEGMENT" }, "geometry": { "type": "MultiLineString", "coordinates": [ [ [ 77.2488811, 11.5052566 ], [ 77.2497663, 11.505117 ], [ 77.2502276, 11.5050309 ], [ 77.2504231, 11.5049944 ] ] ] } },
{ "type": "Feature", "properties": { "osm_id": 1343268262, "highway": "residential", "name": "Unnamed Road", "bridge": "no", "surface": "unknown", "lanes": "unknown", "maxspeed": "unknown", "length_m": 232.43006029824511, "exposed_length_m": 232.43006029824511, "hazard_code": 6, "hazard_class": "H6", "road_exposure_status": "HYDRAULICALLY_EXPOSED_ROAD_SEGMENT" }, "geometry": { "type": "MultiLineString", "coordinates": [ [ [ 77.2479773, 11.5053705 ], [ 77.2481074, 11.5057274 ], [ 77.2484261, 11.505702 ], [ 77.248992, 11.5056446 ], [ 77.2491287, 11.5060207 ], [ 77.249571, 11.5059314 ] ] ] } },
{ "type": "Feature", "properties": { "osm_id": 1343268259, "highway": "residential", "name": "Unnamed Road", "bridge": "no", "surface": "unknown", "lanes": "unknown", "maxspeed": "unknown", "length_m": 301.11865573004746, "exposed_length_m": 301.11865573004746, "hazard_code": 6, "hazard_class": "H6", "road_exposure_status": "HYDRAULICALLY_EXPOSED_ROAD_SEGMENT" }, "geometry": { "type": "MultiLineString", "coordinates": [ [ [ 77.2501841, 11.5073764 ], [ 77.249932, 11.5059223 ], [ 77.2498507, 11.5054534 ], [ 77.2497663, 11.505117 ], [ 77.2497531, 11.5050645 ], [ 77.2496555, 11.5047076 ] ] ] } },
{ "type": "Feature", "properties": { "osm_id": 1343268284, "highway": "residential", "name": "Unnamed Road", "bridge": "no", "surface": "unknown", "lanes": "unknown", "maxspeed": "unknown", "length_m": 297.93801037304621, "exposed_length_m": 297.93801037304621, "hazard_code": 6, "hazard_class": "H6", "road_exposure_status": "HYDRAULICALLY_EXPOSED_ROAD_SEGMENT" }, "geometry": { "type": "MultiLineString", "coordinates": [ [ [ 77.2565496, 11.5070391 ], [ 77.2566783, 11.5070812 ], [ 77.2569959, 11.5069887 ], [ 77.2571332, 11.5071485 ], [ 77.257159, 11.507384 ], [ 77.2575624, 11.5091249 ] ] ] } },
{ "type": "Feature", "properties": { "osm_id": 1343268283, "highway": "residential", "name": "Unnamed Road", "bridge": "no", "surface": "unknown", "lanes": "unknown", "maxspeed": "unknown", "length_m": 444.59917283775286, "exposed_length_m": 444.59917283775286, "hazard_code": 6, "hazard_class": "H6", "road_exposure_status": "HYDRAULICALLY_EXPOSED_ROAD_SEGMENT" }, "geometry": { "type": "MultiLineString", "coordinates": [ [ [ 77.2570302, 11.5103276 ], [ 77.2568242, 11.5093352 ], [ 77.2566612, 11.5081998 ], [ 77.2565667, 11.507754 ], [ 77.2564809, 11.5074681 ], [ 77.256429400000016, 11.5071653 ], [ 77.2565496, 11.5070391 ], [ 77.2564981, 11.5068541 ], [ 77.2564008, 11.5064324 ] ] ] } },
{ "type": "Feature", "properties": { "osm_id": 1343268265, "highway": "residential", "name": "Unnamed Road", "bridge": "no", "surface": "unknown", "lanes": "unknown", "maxspeed": "unknown", "length_m": 254.64606637469063, "exposed_length_m": 254.64606637469063, "hazard_code": 3, "hazard_class": "H3", "road_exposure_status": "HYDRAULICALLY_EXPOSED_ROAD_SEGMENT" }, "geometry": { "type": "MultiLineString", "coordinates": [ [ [ 77.2473905, 11.509078 ], [ 77.2479318, 11.5089973 ], [ 77.248045500000018, 11.5089836 ], [ 77.2484066, 11.5089399 ], [ 77.2488099, 11.508889 ], [ 77.2490246, 11.5089081 ], [ 77.2492652, 11.5089463 ], [ 77.2493888, 11.5089782 ], [ 77.2495124, 11.5089846 ], [ 77.2496744, 11.5088864 ] ] ] } },
{ "type": "Feature", "properties": { "osm_id": 1343268266, "highway": "residential", "name": "Unnamed Road", "bridge": "no", "surface": "unknown", "lanes": "unknown", "maxspeed": "unknown", "length_m": 112.17962676252361, "exposed_length_m": 112.17962676252361, "hazard_code": 0, "hazard_class": "DRY", "road_exposure_status": "HYDRAULICALLY_EXPOSED_ROAD_SEGMENT" }, "geometry": { "type": "MultiLineString", "coordinates": [ [ [ 77.2475097, 11.5094815 ], [ 77.2481204, 11.5093797 ], [ 77.248045500000018, 11.5089836 ] ] ] } },
{ "type": "Feature", "properties": { "osm_id": 1343268267, "highway": "residential", "name": "Unnamed Road", "bridge": "no", "surface": "unknown", "lanes": "unknown", "maxspeed": "unknown", "length_m": 147.39529545358369, "exposed_length_m": 147.39529545358369, "hazard_code": 0, "hazard_class": "DRY", "road_exposure_status": "HYDRAULICALLY_EXPOSED_ROAD_SEGMENT" }, "geometry": { "type": "MultiLineString", "coordinates": [ [ [ 77.2481204, 11.5093797 ], [ 77.2481334, 11.509622 ], [ 77.2481985, 11.5096666 ], [ 77.2484587, 11.5096475 ], [ 77.2485237, 11.5096092 ], [ 77.2484066, 11.5089399 ] ] ] } },
{ "type": "Feature", "properties": { "osm_id": 1343268268, "highway": "residential", "name": "Unnamed Road", "bridge": "no", "surface": "unknown", "lanes": "unknown", "maxspeed": "unknown", "length_m": 223.17064153817336, "exposed_length_m": 146.59580342577433, "hazard_code": 0, "hazard_class": "DRY", "road_exposure_status": "HYDRAULICALLY_EXPOSED_ROAD_SEGMENT" }, "geometry": { "type": "MultiLineString", "coordinates": [ [ [ 77.2492652, 11.5089463 ], [ 77.2492978, 11.5096602 ], [ 77.2492361, 11.5097408 ], [ 77.2491417, 11.5098642 ], [ 77.2489075, 11.5099215 ], [ 77.248855112759898, 11.509932076976629 ] ], [ [ 77.248459842576381, 11.509711361662921 ], [ 77.2484587, 11.5096475 ] ] ] } },
{ "type": "Feature", "properties": { "osm_id": 1343268269, "highway": "residential", "name": "Unnamed Road", "bridge": "no", "surface": "unknown", "lanes": "unknown", "maxspeed": "unknown", "length_m": 118.39739593144257, "exposed_length_m": 16.793551732689199, "hazard_code": 4, "hazard_class": "H4", "road_exposure_status": "HYDRAULICALLY_EXPOSED_ROAD_SEGMENT" }, "geometry": { "type": "MultiLineString", "coordinates": [ [ [ 77.2477948, 11.5104471 ], [ 77.247942524120987, 11.510404597975981 ] ] ] } },
{ "type": "Feature", "properties": { "osm_id": 1343268270, "highway": "residential", "name": "Unnamed Road", "bridge": "no", "surface": "unknown", "lanes": "unknown", "maxspeed": "unknown", "length_m": 280.55695356493499, "exposed_length_m": 280.55695356493499, "hazard_code": 4, "hazard_class": "H4", "road_exposure_status": "HYDRAULICALLY_EXPOSED_ROAD_SEGMENT" }, "geometry": { "type": "MultiLineString", "coordinates": [ [ [ 77.2492361, 11.5097408 ], [ 77.2493108, 11.5098897 ], [ 77.2493133, 11.5102911 ], [ 77.2493173, 11.510935 ], [ 77.2490571, 11.5109414 ], [ 77.2487449, 11.5110306 ], [ 77.2485823, 11.5111007 ], [ 77.2483613, 11.5111462 ], [ 77.2480149, 11.5112176 ] ] ] } },
{ "type": "Feature", "properties": { "osm_id": 1343268279, "highway": "residential", "name": "Unnamed Road", "bridge": "no", "surface": "unknown", "lanes": "unknown", "maxspeed": "unknown", "length_m": 1174.9289798030306, "exposed_length_m": 958.1604820268708, "hazard_code": 6, "hazard_class": "H6", "road_exposure_status": "HYDRAULICALLY_EXPOSED_ROAD_SEGMENT" }, "geometry": { "type": "MultiLineString", "coordinates": [ [ [ 77.2514084, 11.5096615 ], [ 77.2533824, 11.5092259 ], [ 77.2538717, 11.5090661 ], [ 77.2539489, 11.5089483 ], [ 77.2542321, 11.5088306 ], [ 77.2560861, 11.5084773 ], [ 77.256429400000016, 11.5085614 ], [ 77.2564981, 11.508696 ], [ 77.2564723, 11.5093941 ], [ 77.2568242, 11.5093352 ], [ 77.257322, 11.5092763 ], [ 77.2575624, 11.5091249 ], [ 77.257674, 11.509167 ], [ 77.2579585, 11.5104655 ], [ 77.257975137038201, 11.510541404792443 ] ] ] } },
{ "type": "Feature", "properties": { "osm_id": 1343268293, "highway": "residential", "name": "Unnamed Road", "bridge": "no", "surface": "unknown", "lanes": "unknown", "maxspeed": "unknown", "length_m": 538.4694493356667, "exposed_length_m": 325.80688055671658, "hazard_code": 4, "hazard_class": "H4", "road_exposure_status": "HYDRAULICALLY_EXPOSED_ROAD_SEGMENT" }, "geometry": { "type": "MultiLineString", "coordinates": [ [ [ 77.259227668334631, 11.510531682688709 ], [ 77.2592447, 11.5104538 ], [ 77.259442100000015, 11.5103024 ], [ 77.2591932, 11.5096632 ], [ 77.2590902, 11.5093016 ], [ 77.2590644, 11.5090745 ], [ 77.2591417, 11.5089147 ], [ 77.2595966, 11.5087381 ], [ 77.2597682, 11.5086708 ], [ 77.259897, 11.5091418 ] ] ] } },
{ "type": "Feature", "properties": { "osm_id": 1343268272, "highway": "residential", "name": "Unnamed Road", "bridge": "no", "surface": "unknown", "lanes": "unknown", "maxspeed": "unknown", "length_m": 287.37782727787544, "exposed_length_m": 240.70498746690208, "hazard_code": 4, "hazard_class": "H4", "road_exposure_status": "HYDRAULICALLY_EXPOSED_ROAD_SEGMENT" }, "geometry": { "type": "MultiLineString", "coordinates": [ [ [ 77.2487449, 11.5110306 ], [ 77.248647477032492, 11.510613636247486 ] ], [ [ 77.248858372985723, 11.510342400893016 ], [ 77.2493133, 11.5102911 ], [ 77.2496425, 11.5102912 ], [ 77.249636, 11.5109477 ], [ 77.2493173, 11.510935 ] ] ] } },
{ "type": "Feature", "properties": { "osm_id": 1343268271, "highway": "residential", "name": "Unnamed Road", "bridge": "no", "surface": "unknown", "lanes": "unknown", "maxspeed": "unknown", "length_m": 91.655750459773856, "exposed_length_m": 60.342929265459894, "hazard_code": 0, "hazard_class": "DRY", "road_exposure_status": "HYDRAULICALLY_EXPOSED_ROAD_SEGMENT" }, "geometry": { "type": "MultiLineString", "coordinates": [ [ [ 77.2483613, 11.5111462 ], [ 77.24822837595049, 11.510616874662485 ] ] ] } },
{ "type": "Feature", "properties": { "osm_id": 1343268282, "highway": "residential", "name": "Unnamed Road", "bridge": "no", "surface": "unknown", "lanes": "unknown", "maxspeed": "unknown", "length_m": 160.0555064905916, "exposed_length_m": 84.583874288537999, "hazard_code": 0, "hazard_class": "DRY", "road_exposure_status": "HYDRAULICALLY_EXPOSED_ROAD_SEGMENT" }, "geometry": { "type": "MultiLineString", "coordinates": [ [ [ 77.258421558189625, 11.510537940305337 ], [ 77.2584035, 11.510479 ], [ 77.2579585, 11.5104655 ], [ 77.257703060940202, 11.510543515925017 ] ] ] } },
{ "type": "Feature", "properties": { "osm_id": 1343268280, "highway": "residential", "name": "Unnamed Road", "bridge": "no", "surface": "unknown", "lanes": "unknown", "maxspeed": "unknown", "length_m": 358.52305994960631, "exposed_length_m": 143.26040423583871, "hazard_code": 6, "hazard_class": "H6", "road_exposure_status": "HYDRAULICALLY_EXPOSED_ROAD_SEGMENT" }, "geometry": { "type": "MultiLineString", "coordinates": [ [ [ 77.257586289507657, 11.510544421916968 ], [ 77.257322, 11.5092763 ] ] ] } },
{ "type": "Feature", "properties": { "osm_id": 1343268273, "highway": "residential", "name": "Unnamed Road", "bridge": "no", "surface": "unknown", "lanes": "unknown", "maxspeed": "unknown", "length_m": 483.48971601607042, "exposed_length_m": 483.48971601607042, "hazard_code": 4, "hazard_class": "H4", "road_exposure_status": "HYDRAULICALLY_EXPOSED_ROAD_SEGMENT" }, "geometry": { "type": "MultiLineString", "coordinates": [ [ [ 77.2483158, 11.5122802 ], [ 77.2488164, 11.5121014 ], [ 77.2491286, 11.5120887 ], [ 77.2493953, 11.5121333 ] ], [ [ 77.2493953, 11.5121333 ], [ 77.249597, 11.5127834 ], [ 77.2497271, 11.5129173 ], [ 77.250254, 11.5127707 ], [ 77.2499548, 11.5117572 ], [ 77.2493823, 11.5119102 ], [ 77.2493953, 11.5121333 ] ] ] } },
{ "type": "Feature", "properties": { "osm_id": 1343268274, "highway": "residential", "name": "Unnamed Road", "bridge": "no", "surface": "unknown", "lanes": "unknown", "maxspeed": "unknown", "length_m": 153.71546620719459, "exposed_length_m": 153.71546620719459, "hazard_code": 4, "hazard_class": "H4", "road_exposure_status": "HYDRAULICALLY_EXPOSED_ROAD_SEGMENT" }, "geometry": { "type": "MultiLineString", "coordinates": [ [ [ 77.250254, 11.5127707 ], [ 77.2503646, 11.5131977 ], [ 77.2501629, 11.5133188 ], [ 77.2494684, 11.5135258 ] ] ] } },
{ "type": "Feature", "properties": { "osm_id": 1343268276, "highway": "residential", "name": "Unnamed Road", "bridge": "no", "surface": "unknown", "lanes": "unknown", "maxspeed": "unknown", "length_m": 255.85330294031442, "exposed_length_m": 105.62896257052584, "hazard_code": 0, "hazard_class": "DRY", "road_exposure_status": "HYDRAULICALLY_EXPOSED_ROAD_SEGMENT" }, "geometry": { "type": "MultiLineString", "coordinates": [ [ [ 77.2523939, 11.5125013 ], [ 77.2524135, 11.5126432 ], [ 77.2524591, 11.5128025 ], [ 77.2528689, 11.5132742 ], [ 77.252886197003761, 11.513292015189348 ] ] ] } },
{ "type": "Feature", "properties": { "osm_id": 211621062, "highway": "tertiary", "name": "Unnamed Road", "bridge": "no", "surface": "unknown", "lanes": "unknown", "maxspeed": "unknown", "length_m": 11116.900585515783, "exposed_length_m": 1220.3272554282039, "hazard_code": 6, "hazard_class": "H6", "road_exposure_status": "HYDRAULICALLY_EXPOSED_ROAD_SEGMENT" }, "geometry": { "type": "MultiLineString", "coordinates": [ [ [ 77.256093707181677, 11.512363438386199 ], [ 77.2560379, 11.5122897 ], [ 77.2558539, 11.5119388 ], [ 77.2556501, 11.5118337 ], [ 77.2553175, 11.5118968 ], [ 77.2546593, 11.5120427 ], [ 77.254196300000018, 11.512086 ], [ 77.2536668, 11.5122056 ], [ 77.2528836, 11.5124422 ], [ 77.2523939, 11.5125013 ], [ 77.252318800000012, 11.5124645 ], [ 77.2522276, 11.5116392 ], [ 77.252072, 11.5112082 ], [ 77.2517233, 11.5108087 ], [ 77.2514084, 11.5096615 ], [ 77.2513907, 11.5094683 ], [ 77.2514819, 11.5091266 ], [ 77.2514819, 11.5090004 ], [ 77.251428300000015, 11.5089374 ], [ 77.2504804, 11.5089781 ], [ 77.2497546, 11.5089374 ], [ 77.2496744, 11.5088864 ], [ 77.2495561, 11.5088112 ], [ 77.2494434, 11.5085799 ], [ 77.2493371, 11.5075432 ] ] ] } },
{ "type": "Feature", "properties": { "osm_id": 475981178, "highway": "residential", "name": "Unnamed Road", "bridge": "no", "surface": "unknown", "lanes": "unknown", "maxspeed": "unknown", "length_m": 315.37780078652281, "exposed_length_m": 315.37780078652281, "hazard_code": 6, "hazard_class": "H6", "road_exposure_status": "HYDRAULICALLY_EXPOSED_ROAD_SEGMENT" }, "geometry": { "type": "MultiLineString", "coordinates": [ [ [ 77.24434, 11.5074987 ], [ 77.2443696, 11.5077803 ], [ 77.244407100000018, 11.5080024 ], [ 77.2444876, 11.5082718 ], [ 77.2445005, 11.5083123 ], [ 77.2445479, 11.508461 ], [ 77.2445935, 11.5086384 ], [ 77.2446083, 11.5087475 ], [ 77.2446472, 11.5088382 ], [ 77.2447048, 11.5089104 ], [ 77.2447411, 11.5089722 ], [ 77.2447692, 11.5090878 ], [ 77.2447805, 11.5091374 ], [ 77.2448349, 11.5093756 ], [ 77.2448859, 11.5095425 ], [ 77.2449302, 11.5097265 ], [ 77.2449704, 11.5099079 ], [ 77.2450133, 11.5101037 ], [ 77.2450173, 11.5102481 ] ] ] } },
{ "type": "Feature", "properties": { "osm_id": 475981186, "highway": "residential", "name": "Unnamed Road", "bridge": "no", "surface": "unknown", "lanes": "unknown", "maxspeed": "unknown", "length_m": 321.15934097011871, "exposed_length_m": 321.15934097011871, "hazard_code": 6, "hazard_class": "H6", "road_exposure_status": "HYDRAULICALLY_EXPOSED_ROAD_SEGMENT" }, "geometry": { "type": "MultiLineString", "coordinates": [ [ [ 77.2463437, 11.5076175 ], [ 77.2463421, 11.5077943 ], [ 77.2463649, 11.5080493 ], [ 77.2463958, 11.5082477 ], [ 77.2464454, 11.5084751 ], [ 77.2464762, 11.5086104 ], [ 77.2464792, 11.5086722 ], [ 77.2464937, 11.5088049 ], [ 77.2465567, 11.5090375 ], [ 77.2466117, 11.5092346 ], [ 77.2466385, 11.5093306 ], [ 77.2467069, 11.509504 ], [ 77.246715, 11.5095296 ], [ 77.2467444, 11.5096223 ], [ 77.246778, 11.5097261 ], [ 77.2468061, 11.5098562 ], [ 77.2468182, 11.5099903 ], [ 77.2468504, 11.5102032 ], [ 77.246889, 11.5104559 ] ] ] } },
{ "type": "Feature", "properties": { "osm_id": 475981188, "highway": "residential", "name": "Unnamed Road", "bridge": "no", "surface": "unknown", "lanes": "unknown", "maxspeed": "unknown", "length_m": 87.125309152011454, "exposed_length_m": 87.125309152011454, "hazard_code": 4, "hazard_class": "H4", "road_exposure_status": "HYDRAULICALLY_EXPOSED_ROAD_SEGMENT" }, "geometry": { "type": "MultiLineString", "coordinates": [ [ [ 77.2466117, 11.5092346 ], [ 77.246745500000017, 11.5092278 ], [ 77.2469169, 11.5092037 ], [ 77.2471099, 11.5091428 ], [ 77.2473875, 11.509065 ] ] ] } },
{ "type": "Feature", "properties": { "osm_id": 475981182, "highway": "residential", "name": "Unnamed Road", "bridge": "no", "surface": "unknown", "lanes": "unknown", "maxspeed": "unknown", "length_m": 71.926120732559781, "exposed_length_m": 71.926120732559781, "hazard_code": 6, "hazard_class": "H6", "road_exposure_status": "HYDRAULICALLY_EXPOSED_ROAD_SEGMENT" }, "geometry": { "type": "MultiLineString", "coordinates": [ [ [ 77.2441306, 11.5092379 ], [ 77.244238, 11.5092155 ], [ 77.2445515, 11.5091869 ], [ 77.2446843, 11.5091567 ], [ 77.2447805, 11.5091374 ] ] ] } },
{ "type": "Feature", "properties": { "osm_id": 475981198, "highway": "residential", "name": "Unnamed Road", "bridge": "no", "surface": "unknown", "lanes": "unknown", "maxspeed": "unknown", "length_m": 144.00377263916931, "exposed_length_m": 144.00377263916931, "hazard_code": 6, "hazard_class": "H6", "road_exposure_status": "HYDRAULICALLY_EXPOSED_ROAD_SEGMENT" }, "geometry": { "type": "MultiLineString", "coordinates": [ [ [ 77.245932, 11.5102272 ], [ 77.2459136, 11.5100957 ], [ 77.2458649, 11.5098704 ], [ 77.2458632, 11.5098326 ], [ 77.2458918, 11.5098079 ], [ 77.2460747, 11.5097668 ], [ 77.2462039, 11.5097405 ], [ 77.2463432, 11.5097011 ], [ 77.2463917, 11.5096797 ], [ 77.2464774, 11.5096419 ], [ 77.246593200000021, 11.5095843 ], [ 77.246715, 11.5095296 ] ] ] } },
{ "type": "Feature", "properties": { "osm_id": 475981200, "highway": "residential", "name": "Unnamed Road", "bridge": "no", "surface": "unknown", "lanes": "unknown", "maxspeed": "unknown", "length_m": 81.936436306703996, "exposed_length_m": 81.936436306703996, "hazard_code": 4, "hazard_class": "H4", "road_exposure_status": "HYDRAULICALLY_EXPOSED_ROAD_SEGMENT" }, "geometry": { "type": "MultiLineString", "coordinates": [ [ [ 77.2463917, 11.5096797 ], [ 77.246422, 11.5097422 ], [ 77.246464, 11.5098359 ], [ 77.2464992, 11.5099378 ], [ 77.2465227, 11.5100217 ], [ 77.2465311, 11.5101023 ], [ 77.2465428, 11.510219 ], [ 77.2465428, 11.5103193 ], [ 77.2465401, 11.5103947 ] ] ] } },
{ "type": "Feature", "properties": { "osm_id": 475981176, "highway": "tertiary", "name": "Unnamed Road", "bridge": "no", "surface": "unknown", "lanes": "unknown", "maxspeed": "unknown", "length_m": 374.39418492803753, "exposed_length_m": 374.39418492803753, "hazard_code": 4, "hazard_class": "H4", "road_exposure_status": "HYDRAULICALLY_EXPOSED_ROAD_SEGMENT" }, "geometry": { "type": "MultiLineString", "coordinates": [ [ [ 77.2444952, 11.5104196 ], [ 77.2445878, 11.51038 ], [ 77.2449318, 11.5102682 ], [ 77.2450173, 11.5102481 ], [ 77.245057700000018, 11.5102386 ], [ 77.2451617, 11.5102287 ], [ 77.2452959, 11.5102336 ], [ 77.2454721, 11.5102386 ], [ 77.2457138, 11.5102287 ], [ 77.245932, 11.5102272 ], [ 77.2459487, 11.5102271 ], [ 77.2460343, 11.5102369 ], [ 77.2461501, 11.510283 ], [ 77.2462457, 11.5103356 ], [ 77.2463414, 11.5103635 ], [ 77.2465401, 11.5103947 ], [ 77.2465511, 11.5103964 ], [ 77.246889, 11.5104559 ], [ 77.2471955, 11.5105099 ], [ 77.2478452, 11.5106185 ] ] ] } },
{ "type": "Feature", "properties": { "osm_id": 211621067, "highway": "unclassified", "name": "Unnamed Road", "bridge": "no", "surface": "unknown", "lanes": "unknown", "maxspeed": "unknown", "length_m": 1969.3823621957331, "exposed_length_m": 963.07263140250552, "hazard_code": 5, "hazard_class": "H5", "road_exposure_status": "HYDRAULICALLY_EXPOSED_ROAD_SEGMENT" }, "geometry": { "type": "MultiLineString", "coordinates": [ [ [ 77.24105285395278, 11.516998326665979 ], [ 77.2411071, 11.5166854 ], [ 77.2412103, 11.5163056 ], [ 77.241504100000014, 11.5152241 ], [ 77.241502799703227, 11.515187402791124 ] ], [ [ 77.243316266734269, 11.51336596790731 ], [ 77.243499700000015, 11.5132057 ], [ 77.2444384, 11.5125749 ], [ 77.2445849, 11.512358 ], [ 77.2448086, 11.5119546 ], [ 77.2448032, 11.5116655 ], [ 77.2445082, 11.5104565 ], [ 77.2444952, 11.5104196 ], [ 77.2443687, 11.5100623 ], [ 77.2441665, 11.5094354 ], [ 77.2441306, 11.5092379 ], [ 77.2441219, 11.5091897 ], [ 77.2439288, 11.5091897 ], [ 77.2436461, 11.5075068 ] ] ] } },
{ "type": "Feature", "properties": { "osm_id": 211621063, "highway": "tertiary", "name": "Unnamed Road", "bridge": "no", "surface": "unknown", "lanes": "unknown", "maxspeed": "unknown", "length_m": 5216.3160600422825, "exposed_length_m": 867.47449936797943, "hazard_code": 0, "hazard_class": "DRY", "road_exposure_status": "HYDRAULICALLY_EXPOSED_ROAD_SEGMENT" }, "geometry": { "type": "MultiLineString", "coordinates": [ [ [ 77.247117383057358, 11.515144082177109 ], [ 77.2471206, 11.51514 ], [ 77.2472242, 11.5144817 ], [ 77.2473245, 11.5141728 ], [ 77.2485492, 11.5130677 ], [ 77.2485154, 11.5129849 ], [ 77.2483158, 11.5122802 ], [ 77.2480149, 11.5112176 ], [ 77.247947079821856, 11.510978171622682 ] ], [ [ 77.247845577309988, 11.510619832039444 ], [ 77.2478452, 11.5106185 ], [ 77.2478395, 11.5105984 ], [ 77.2477948, 11.5104471 ], [ 77.2475097, 11.5094815 ], [ 77.2473905, 11.509078 ], [ 77.2473875, 11.509065 ], [ 77.2472535, 11.5084843 ], [ 77.2470691, 11.5076857 ] ] ] } },
{ "type": "Feature", "properties": { "osm_id": 1343268275, "highway": "residential", "name": "Unnamed Road", "bridge": "no", "surface": "unknown", "lanes": "unknown", "maxspeed": "unknown", "length_m": 250.34965424727605, "exposed_length_m": 137.63792551385157, "hazard_code": 4, "hazard_class": "H4", "road_exposure_status": "HYDRAULICALLY_EXPOSED_ROAD_SEGMENT" }, "geometry": { "type": "MultiLineString", "coordinates": [ [ [ 77.249536, 11.5137398 ], [ 77.2502345, 11.5134973 ], [ 77.2505272, 11.5134527 ], [ 77.250716738319284, 11.513571394251825 ] ] ] } },
{ "type": "Feature", "properties": { "osm_id": 211627189, "highway": "tertiary", "name": "Unnamed Road", "bridge": "no", "surface": "unknown", "lanes": "unknown", "maxspeed": "unknown", "length_m": 4499.6769517747171, "exposed_length_m": 331.34218827370978, "hazard_code": 4, "hazard_class": "H4", "road_exposure_status": "HYDRAULICALLY_EXPOSED_ROAD_SEGMENT" }, "geometry": { "type": "MultiLineString", "coordinates": [ [ [ 77.249957417060855, 11.515122127980288 ], [ 77.2497454, 11.5144028 ], [ 77.249536, 11.5137398 ], [ 77.2494684, 11.5135258 ], [ 77.2494005, 11.513311 ], [ 77.2492181, 11.5130692 ], [ 77.2490373, 11.512889 ], [ 77.2487782, 11.5130167 ], [ 77.2485154, 11.5129849 ] ] ] } },
{ "type": "Feature", "properties": { "osm_id": 210634700, "highway": "secondary", "name": "Sathy - Periyakodivery - Kadambur Road", "bridge": "no", "surface": "unknown", "lanes": "unknown", "maxspeed": "unknown", "length_m": 20850.545517142724, "exposed_length_m": 185.94839870844663, "hazard_code": 5, "hazard_class": "H5", "road_exposure_status": "HYDRAULICALLY_EXPOSED_ROAD_SEGMENT" }, "geometry": { "type": "MultiLineString", "coordinates": [ [ [ 77.3008256, 11.4898859 ], [ 77.301039, 11.4903183 ], [ 77.3017042, 11.4909491 ], [ 77.30175675427715, 11.49122079974433 ] ], [ [ 77.3018540330158, 11.491723717820079 ], [ 77.3018549, 11.4917282 ], [ 77.301854135233285, 11.491736306841021 ] ] ] } }
]
}
